Match,Player 1,Player 2,Player 3,Player 4,Player 5,Player 6,Player 7,Player 8,Player 9,Player 10,Player 11,Player 12,Player 13,Player 14,Player 15,Player 16,Player 17,Player 18,Player 19,Player 20,Player 21,Player 22,Player 23,Player 24
1,random,random,random,random,random,random,random,random,random,random,random,random,random,random,random,random,random,random,random,random,random,random,random,random
2,random,random,random,random,random,random,random,random,random,random,random,random,random,random,random,random,random,random,random,random,random,random,random,random
3,random,random,random,random,random,random,random,random,random,random,random,random,random,random,random,random,random,random,random,random,random,random,random,random
4,random,random,random,random,random,random,random,random,random,random,random,random,random,random,random,random,random,random,random,random,random,random,random,random
5,random,random,random,random,random,random,random,random,random,random,random,random,random,random,random,random,random,random,random,random,random,random,random,random
6,random,random,random,random,random,random,random,random,random,random,random,random,random,random,random,random,random,random,random,random,random,random,random,random
7,random,random,random,random,random,random,random,random,random,random,random,random,random,random,random,random,random,random,random,random,random,random,random,random
8,random,random,random,random,random,random,random,random,random,random,random,random,random,random,random,random,random,random,random,random,random,random,random,random
9,random,random,random,random,random,random,random,random,random,random,random,random,random,random,random,random,random,random,random,random,random,random,random,random
10,random,random,random,random,random,random,random,random,random,random,random,random,random,random,random,random,random,random,random,random,random,random,random,random
11,random,random,random,random,random,random,random,random,random,random,random,random,random,random,random,random,random,random,random,random,random,random,random,random
12,random,random,random,random,random,random,random,random,random,random,random,random,random,random,random,random,random,random,random,random,random,random,random,random
13,random,random,random,random,random,random,random,random,random,random,random,random,random,random,random,random,random,random,random,random,random,random,random,random
14,random,random,random,random,random,random,random,random,random,random,random,random,random,random,random,random,random,random,random,random,random,random,random,random
15,random,random,random,random,random,random,random,random,random,random,random,random,random,random,random,random,random,random,random,random,random,random,random,random
16,random,random,random,random,random,random,random,random,random,random,random,random,random,random,random,random,random,random,random,random,random,random,random,random
17,random,random,random,random,random,random,random,random,random,random,random,random,random,random,random,random,random,random,random,random,random,random,random,random
18,random,random,random,random,random,random,random,random,random,random,random,random,random,random,random,random,random,random,random,random,random,random,random,random
19,random,random,random,random,random,random,random,random,random,random,random,random,random,random,random,random,random,random,random,random,random,random,random,random
20,random,random,random,random,random,random,random,random,random,random,random,random,random,random,random,random,random,random,random,random,random,random,random,random
21,random,random,random,random,random,random,random,random,random,random,random,random,random,random,random,random,random,random,random,random,random,random,random,random
22,random,random,random,random,random,random,random,random,random,random,random,random,random,random,random,random,random,random,random,random,random,random,random,random
23,random,random,random,random,random,random,random,random,random,random,random,random,random,random,random,random,random,random,random,random,random,random,random,random
24,random,random,random,random,random,random,random,random,random,random,random,random,random,random,random,random,random,random,random,random,random,random,random,random
25,random,random,random,random,random,random,random,random,random,random,random,random,random,random,random,random,random,random,random,random,random,random,random,random
26,random,random,random,random,random,random,random,random,random,random,random,random,random,random,random,random,random,random,random,random,random,random,random,random
27,random,random,random,random,random,random,random,random,random,random,random,random,random,random,random,random,random,random,random,random,random,random,random,random
28,random,random,random,random,random,random,random,random,random,random,random,random,random,random,random,random,random,random,random,random,random,random,random,random
29,random,random,random,random,random,random,random,random,random,random,random,random,random,random,random,random,random,random,random,random,random,random,random,random
30,random,random,random,random,random,random,random,random,random,random,random,random,random,random,random,random,random,random,random,random,random,random,random,random
31,random,random,random,random,random,random,random,random,random,random,random,random,random,random,random,random,random,random,random,random,random,random,random,random
32,random,random,random,random,random,random,random,random,random,random,random,random,random,random,random,random,random,random,random,random,random,random,random,random
33,random,random,random,random,random,random,random,random,random,random,random,random,random,random,random,random,random,random,random,random,random,random,random,random
34,random,random,random,random,random,random,random,random,random,random,random,random,random,random,random,random,random,random,random,random,random,random,random,random
35,random,random,random,random,random,random,random,random,random,random,random,random,random,random,random,random,random,random,random,random,random,random,random,random
36,random,random,random,random,random,random,random,random,random,random,random,random,random,random,random,random,random,random,random,random,random,random,random,random
37,random,random,random,random,random,random,random,random,random,random,random,random,random,random,random,random,random,random,random,random,random,random,random,random
38,random,random,random,random,random,random,random,random,random,random,random,random,random,random,random,random,random,random,random,random,random,random,random,random
39,random,random,random,random,random,random,random,random,random,random,random,random,random,random,random,random,random,random,random,random,random,random,random,random
40,random,random,random,random,random,random,random,random,random,random,random,random,random,random,random,random,random,random,random,random,random,random,random,random
41,rotate,random,rotate,random,rotate,rotate,random,random,random,random,rotate,random,random,random,random,rotate,rotate,random,rotate,rotate,rotate,rotate,rotate,random
42,random,random,random,rotate,rotate,rotate,rotate,random,random,rotate,random,random,rotate,random,random,rotate,rotate,random,rotate,rotate,rotate,random,random,rotate
43,rotate,rotate,rotate,rotate,rotate,rotate,random,rotate,random,rotate,rotate,random,random,random,random,random,random,rotate,rotate,rotate,random,random,random,random
44,random,random,rotate,rotate,rotate,rotate,random,random,rotate,random,random,rotate,rotate,random,random,rotate,random,rotate,rotate,random,random,rotate,random,rotate
45,random,rotate,random,rotate,random,random,rotate,rotate,random,random,rotate,random,random,rotate,random,rotate,rotate,random,random,rotate,rotate,random,rotate,rotate
46,random,random,random,rotate,rotate,rotate,rotate,random,random,rotate,rotate,rotate,random,rotate,random,random,random,rotate,rotate,random,random,random,rotate,rotate
47,rotate,rotate,random,random,random,rotate,rotate,random,rotate,rotate,random,random,random,random,random,rotate,rotate,rotate,rotate,random,rotate,rotate,random,random
48,rotate,random,rotate,rotate,random,rotate,random,rotate,random,rotate,random,random,rotate,rotate,random,random,rotate,rotate,random,random,rotate,rotate,random,random
49,random,rotate,rotate,rotate,random,rotate,random,random,rotate,rotate,random,random,random,rotate,random,rotate,random,rotate,rotate,rotate,random,rotate,random,random
50,random,random,random,rotate,random,random,random,rotate,rotate,random,random,rotate,rotate,rotate,rotate,random,rotate,rotate,random,random,random,rotate,rotate,rotate
51,random,random,random,rotate,rotate,rotate,random,rotate,rotate,rotate,random,random,random,rotate,random,random,random,random,rotate,rotate,rotate,rotate,rotate,random
52,random,rotate,random,rotate,rotate,random,random,random,rotate,rotate,rotate,rotate,rotate,random,rotate,rotate,random,random,random,random,rotate,rotate,random,random
53,random,random,random,random,rotate,rotate,random,random,random,random,rotate,rotate,rotate,rotate,random,random,rotate,rotate,rotate,random,rotate,random,rotate,rotate
54,random,random,random,rotate,random,random,random,random,rotate,random,random,rotate,rotate,random,rotate,rotate,rotate,rotate,rotate,rotate,rotate,rotate,random,random
55,random,rotate,rotate,random,rotate,rotate,rotate,rotate,rotate,rotate,rotate,random,random,rotate,random,random,random,random,random,random,random,rotate,random,rotate
56,rotate,rotate,random,rotate,random,random,rotate,rotate,random,rotate,random,rotate,random,rotate,rotate,random,rotate,random,random,random,rotate,random,random,rotate
57,random,random,rotate,random,rotate,random,random,rotate,random,random,rotate,random,rotate,rotate,rotate,random,random,random,rotate,rotate,rotate,random,rotate,rotate
58,random,random,random,rotate,rotate,random,rotate,rotate,random,rotate,rotate,random,random,rotate,rotate,rotate,random,random,rotate,random,rotate,random,random,rotate
59,random,rotate,rotate,rotate,rotate,rotate,random,random,rotate,random,random,random,rotate,random,rotate,random,rotate,random,rotate,random,rotate,random,random,rotate
60,rotate,rotate,random,rotate,rotate,random,rotate,random,random,random,random,random,rotate,rotate,rotate,random,rotate,random,random,rotate,random,rotate,rotate,random
61,rotate,rotate,rotate,rotate,random,random,random,random,random,random,rotate,rotate,random,random,random,rotate,random,rotate,random,random,rotate,rotate,rotate,rotate
62,random,random,rotate,rotate,rotate,rotate,rotate,random,random,rotate,rotate,rotate,random,random,random,rotate,random,random,random,rotate,random,random,rotate,rotate
63,random,rotate,random,random,random,random,random,rotate,rotate,random,rotate,rotate,random,rotate,rotate,random,random,rotate,rotate,rotate,random,rotate,rotate,random
64,random,random,rotate,rotate,rotate,rotate,random,rotate,random,random,random,random,random,rotate,rotate,random,random,rotate,random,rotate,rotate,rotate,rotate,random
65,random,rotate,random,random,rotate,random,random,rotate,rotate,random,rotate,rotate,random,random,rotate,rotate,rotate,random,rotate,random,random,rotate,random,rotate
66,random,rotate,rotate,rotate,random,random,rotate,random,rotate,random,rotate,random,random,random,random,random,rotate,random,rotate,rotate,rotate,rotate,rotate,random
67,random,rotate,random,rotate,rotate,random,random,random,rotate,random,random,rotate,random,rotate,random,rotate,rotate,random,rotate,random,rotate,rotate,random,rotate
68,random,random,rotate,rotate,random,rotate,rotate,random,random,random,rotate,rotate,rotate,random,rotate,rotate,rotate,random,rotate,random,random,random,random,rotate
69,rotate,random,random,rotate,rotate,rotate,rotate,random,random,random,random,rotate,rotate,random,rotate,rotate,random,random,random,rotate,random,rotate,rotate,random
70,rotate,random,random,random,random,rotate,random,rotate,random,random,rotate,rotate,rotate,rotate,rotate,rotate,rotate,random,rotate,random,random,random,rotate,random
71,rotate,rotate,rotate,rotate,random,random,rotate,random,rotate,rotate,rotate,random,rotate,random,random,random,rotate,random,random,rotate,random,rotate,random,random
72,random,rotate,rotate,random,random,random,rotate,rotate,random,rotate,rotate,random,rotate,rotate,rotate,random,rotate,rotate,rotate,random,random,random,random,random
73,random,rotate,random,rotate,rotate,rotate,random,random,rotate,rotate,random,rotate,random,random,rotate,random,random,rotate,random,rotate,rotate,rotate,random,random
74,random,rotate,random,random,random,random,rotate,rotate,random,rotate,rotate,rotate,random,random,random,rotate,random,rotate,rotate,rotate,random,random,rotate,rotate
75,rotate,rotate,rotate,random,random,rotate,random,random,random,rotate,random,random,random,random,rotate,rotate,rotate,random,random,rotate,rotate,rotate,rotate,random
76,random,rotate,rotate,rotate,random,random,rotate,rotate,rotate,random,random,random,random,random,rotate,rotate,random,rotate,random,random,rotate,rotate,rotate,random
77,random,random,rotate,rotate,random,rotate,random,random,rotate,rotate,random,rotate,random,rotate,rotate,rotate,rotate,random,rotate,random,random,random,rotate,random
78,random,random,random,random,rotate,random,random,rotate,rotate,random,rotate,random,rotate,random,random,random,random,rotate,rotate,rotate,rotate,rotate,rotate,rotate
79,random,random,rotate,random,rotate,random,rotate,random,random,random,rotate,random,rotate,random,rotate,rotate,rotate,rotate,rotate,rotate,random,random,rotate,random
80,random,rotate,random,random,rotate,random,random,rotate,random,random,rotate,rotate,random,random,rotate,random,rotate,rotate,random,rotate,rotate,rotate,random,rotate
81,rotate,rotate,rotate,rotate,rotate,rotate,rotate,rotate,rotate,rotate,rotate,rotate,rotate,rotate,rotate,rotate,rotate,rotate,rotate,rotate,rotate,rotate,rotate,rotate
82,rotate,rotate,rotate,rotate,rotate,rotate,rotate,rotate,rotate,rotate,rotate,rotate,rotate,rotate,rotate,rotate,rotate,rotate,rotate,rotate,rotate,rotate,rotate,rotate
83,rotate,rotate,rotate,rotate,rotate,rotate,rotate,rotate,rotate,rotate,rotate,rotate,rotate,rotate,rotate,rotate,rotate,rotate,rotate,rotate,rotate,rotate,rotate,rotate
84,rotate,rotate,rotate,rotate,rotate,rotate,rotate,rotate,rotate,rotate,rotate,rotate,rotate,rotate,rotate,rotate,rotate,rotate,rotate,rotate,rotate,rotate,rotate,rotate
85,rotate,rotate,rotate,rotate,rotate,rotate,rotate,rotate,rotate,rotate,rotate,rotate,rotate,rotate,rotate,rotate,rotate,rotate,rotate,rotate,rotate,rotate,rotate,rotate
86,rotate,rotate,rotate,rotate,rotate,rotate,rotate,rotate,rotate,rotate,rotate,rotate,rotate,rotate,rotate,rotate,rotate,rotate,rotate,rotate,rotate,rotate,rotate,rotate
87,rotate,rotate,rotate,rotate,rotate,rotate,rotate,rotate,rotate,rotate,rotate,rotate,rotate,rotate,rotate,rotate,rotate,rotate,rotate,rotate,rotate,rotate,rotate,rotate
88,rotate,rotate,rotate,rotate,rotate,rotate,rotate,rotate,rotate,rotate,rotate,rotate,rotate,rotate,rotate,rotate,rotate,rotate,rotate,rotate,rotate,rotate,rotate,rotate
89,rotate,rotate,rotate,rotate,rotate,rotate,rotate,rotate,rotate,rotate,rotate,rotate,rotate,rotate,rotate,rotate,rotate,rotate,rotate,rotate,rotate,rotate,rotate,rotate
90,rotate,rotate,rotate,rotate,rotate,rotate,rotate,rotate,rotate,rotate,rotate,rotate,rotate,rotate,rotate,rotate,rotate,rotate,rotate,rotate,rotate,rotate,rotate,rotate
91,rotate,rotate,rotate,rotate,rotate,rotate,rotate,rotate,rotate,rotate,rotate,rotate,rotate,rotate,rotate,rotate,rotate,rotate,rotate,rotate,rotate,rotate,rotate,rotate
92,rotate,rotate,rotate,rotate,rotate,rotate,rotate,rotate,rotate,rotate,rotate,rotate,rotate,rotate,rotate,rotate,rotate,rotate,rotate,rotate,rotate,rotate,rotate,rotate
93,rotate,rotate,rotate,rotate,rotate,rotate,rotate,rotate,rotate,rotate,rotate,rotate,rotate,rotate,rotate,rotate,rotate,rotate,rotate,rotate,rotate,rotate,rotate,rotate
94,rotate,rotate,rotate,rotate,rotate,rotate,rotate,rotate,rotate,rotate,rotate,rotate,rotate,rotate,rotate,rotate,rotate,rotate,rotate,rotate,rotate,rotate,rotate,rotate
95,rotate,rotate,rotate,rotate,rotate,rotate,rotate,rotate,rotate,rotate,rotate,rotate,rotate,rotate,rotate,rotate,rotate,rotate,rotate,rotate,rotate,rotate,rotate,rotate
96,rotate,rotate,rotate,rotate,rotate,rotate,rotate,rotate,rotate,rotate,rotate,rotate,rotate,rotate,rotate,rotate,rotate,rotate,rotate,rotate,rotate,rotate,rotate,rotate
97,rotate,rotate,rotate,rotate,rotate,rotate,rotate,rotate,rotate,rotate,rotate,rotate,rotate,rotate,rotate,rotate,rotate,rotate,rotate,rotate,rotate,rotate,rotate,rotate
98,rotate,rotate,rotate,rotate,rotate,rotate,rotate,rotate,rotate,rotate,rotate,rotate,rotate,rotate,rotate,rotate,rotate,rotate,rotate,rotate,rotate,rotate,rotate,rotate
99,rotate,rotate,rotate,rotate,rotate,rotate,rotate,rotate,rotate,rotate,rotate,rotate,rotate,rotate,rotate,rotate,rotate,rotate,rotate,rotate,rotate,rotate,rotate,rotate
100,rotate,rotate,rotate,rotate,rotate,rotate,rotate,rotate,rotate,rotate,rotate,rotate,rotate,rotate,rotate,rotate,rotate,rotate,rotate,rotate,rotate,rotate,rotate,rotate
101,rotate,rotate,rotate,rotate,rotate,rotate,rotate,rotate,rotate,rotate,rotate,rotate,rotate,rotate,rotate,rotate,rotate,rotate,rotate,rotate,rotate,rotate,rotate,rotate
102,rotate,rotate,rotate,rotate,rotate,rotate,rotate,rotate,rotate,rotate,rotate,rotate,rotate,rotate,rotate,rotate,rotate,rotate,rotate,rotate,rotate,rotate,rotate,rotate
103,rotate,rotate,rotate,rotate,rotate,rotate,rotate,rotate,rotate,rotate,rotate,rotate,rotate,rotate,rotate,rotate,rotate,rotate,rotate,rotate,rotate,rotate,rotate,rotate
104,rotate,rotate,rotate,rotate,rotate,rotate,rotate,rotate,rotate,rotate,rotate,rotate,rotate,rotate,rotate,rotate,rotate,rotate,rotate,rotate,rotate,rotate,rotate,rotate
105,rotate,rotate,rotate,rotate,rotate,rotate,rotate,rotate,rotate,rotate,rotate,rotate,rotate,rotate,rotate,rotate,rotate,rotate,rotate,rotate,rotate,rotate,rotate,rotate
106,rotate,rotate,rotate,rotate,rotate,rotate,rotate,rotate,rotate,rotate,rotate,rotate,rotate,rotate,rotate,rotate,rotate,rotate,rotate,rotate,rotate,rotate,rotate,rotate
107,rotate,rotate,rotate,rotate,rotate,rotate,rotate,rotate,rotate,rotate,rotate,rotate,rotate,rotate,rotate,rotate,rotate,rotate,rotate,rotate,rotate,rotate,rotate,rotate
108,rotate,rotate,rotate,rotate,rotate,rotate,rotate,rotate,rotate,rotate,rotate,rotate,rotate,rotate,rotate,rotate,rotate,rotate,rotate,rotate,rotate,rotate,rotate,rotate
109,rotate,rotate,rotate,rotate,rotate,rotate,rotate,rotate,rotate,rotate,rotate,rotate,rotate,rotate,rotate,rotate,rotate,rotate,rotate,rotate,rotate,rotate,rotate,rotate
110,rotate,rotate,rotate,rotate,rotate,rotate,rotate,rotate,rotate,rotate,rotate,rotate,rotate,rotate,rotate,rotate,rotate,rotate,rotate,rotate,rotate,rotate,rotate,rotate
111,rotate,rotate,rotate,rotate,rotate,rotate,rotate,rotate,rotate,rotate,rotate,rotate,rotate,rotate,rotate,rotate,rotate,rotate,rotate,rotate,rotate,rotate,rotate,rotate
112,rotate,rotate,rotate,rotate,rotate,rotate,rotate,rotate,rotate,rotate,rotate,rotate,rotate,rotate,rotate,rotate,rotate,rotate,rotate,rotate,rotate,rotate,rotate,rotate
113,rotate,rotate,rotate,rotate,rotate,rotate,rotate,rotate,rotate,rotate,rotate,rotate,rotate,rotate,rotate,rotate,rotate,rotate,rotate,rotate,rotate,rotate,rotate,rotate
114,rotate,rotate,rotate,rotate,rotate,rotate,rotate,rotate,rotate,rotate,rotate,rotate,rotate,rotate,rotate,rotate,rotate,rotate,rotate,rotate,rotate,rotate,rotate,rotate
115,rotate,rotate,rotate,rotate,rotate,rotate,rotate,rotate,rotate,rotate,rotate,rotate,rotate,rotate,rotate,rotate,rotate,rotate,rotate,rotate,rotate,rotate,rotate,rotate
116,rotate,rotate,rotate,rotate,rotate,rotate,rotate,rotate,rotate,rotate,rotate,rotate,rotate,rotate,rotate,rotate,rotate,rotate,rotate,rotate,rotate,rotate,rotate,rotate
117,rotate,rotate,rotate,rotate,rotate,rotate,rotate,rotate,rotate,rotate,rotate,rotate,rotate,rotate,rotate,rotate,rotate,rotate,rotate,rotate,rotate,rotate,rotate,rotate
118,rotate,rotate,rotate,rotate,rotate,rotate,rotate,rotate,rotate,rotate,rotate,rotate,rotate,rotate,rotate,rotate,rotate,rotate,rotate,rotate,rotate,rotate,rotate,rotate
119,rotate,rotate,rotate,rotate,rotate,rotate,rotate,rotate,rotate,rotate,rotate,rotate,rotate,rotate,rotate,rotate,rotate,rotate,rotate,rotate,rotate,rotate,rotate,rotate
120,rotate,rotate,rotate,rotate,rotate,rotate,rotate,rotate,rotate,rotate,rotate,rotate,rotate,rotate,rotate,rotate,rotate,rotate,rotate,rotate,rotate,rotate,rotate,rotate
121,random3,random,random3,random,random3,random3,random,random,random,random,random3,random,random,random,random,random3,random3,random,random3,random3,random3,random3,random3,random
122,random,random,random,random3,random3,random3,random3,random,random,random3,random,random,random3,random,random,random3,random3,random,random3,random3,random3,random,random,random3
123,random3,random3,random3,random3,random3,random3,random,random3,random,random3,random3,random,random,random,random,random,random,random3,random3,random3,random,random,random,random
124,random,random,random3,random3,random3,random3,random,random,random3,random,random,random3,random3,random,random,random3,random,random3,random3,random,random,random3,random,random3
125,random,random3,random,random3,random,random,random3,random3,random,random,random3,random,random,random3,random,random3,random3,random,random,random3,random3,random,random3,random3
126,random,random,random,random3,random3,random3,random3,random,random,random3,random3,random3,random,random3,random,random,random,random3,random3,random,random,random,random3,random3
127,random3,random3,random,random,random,random3,random3,random,random3,random3,random,random,random,random,random,random3,random3,random3,random3,random,random3,random3,random,random
128,random3,random,random3,random3,random,random3,random,random3,random,random3,random,random,random3,random3,random,random,random3,random3,random,random,random3,random3,random,random
129,random,random3,random3,random3,random,random3,random,random,random3,random3,random,random,random,random3,random,random3,random,random3,random3,random3,random,random3,random,random
130,random,random,random,random3,random,random,random,random3,random3,random,random,random3,random3,random3,random3,random,random3,random3,random,random,random,random3,random3,random3
131,random,random,random,random3,random3,random3,random,random3,random3,random3,random,random,random,random3,random,random,random,random,random3,random3,random3,random3,random3,random
132,random,random3,random,random3,random3,random,random,random,random3,random3,random3,random3,random3,random,random3,random3,random,random,random,random,random3,random3,random,random
133,random,random,random,random,random3,random3,random,random,random,random,random3,random3,random3,random3,random,random,random3,random3,random3,random,random3,random,random3,random3
134,random,random,random,random3,random,random,random,random,random3,random,random,random3,random3,random,random3,random3,random3,random3,random3,random3,random3,random3,random,random
135,random,random3,random3,random,random3,random3,random3,random3,random3,random3,random3,random,random,random3,random,random,random,random,random,random,random,random3,random,random3
136,random3,random3,random,random3,random,random,random3,random3,random,random3,random,random3,random,random3,random3,random,random3,random,random,random,random3,random,random,random3
137,random,random,random3,random,random3,random,random,random3,random,random,random3,random,random3,random3,random3,random,random,random,random3,random3,random3,random,random3,random3
138,random,random,random,random3,random3,random,random3,random3,random,random3,random3,random,random,random3,random3,random3,random,random,random3,random,random3,random,random,random3
139,random,random3,random3,random3,random3,random3,random,random,random3,random,random,random,random3,random,random3,random,random3,random,random3,random,random3,random,random,random3
140,random3,random3,random,random3,random3,random,random3,random,random,random,random,random,random3,random3,random3,random,random3,random,random,random3,random,random3,random3,random
141,random3,random3,random3,random3,random,random,random,random,random,random,random3,random3,random,random,random,random3,random,random3,random,random,random3,random3,random3,random3
142,random,random,random3,random3,random3,random3,random3,random,random,random3,random3,random3,random,random,random,random3,random,random,random,random3,random,random,random3,random3
143,random,random3,random,random,random,random,random,random3,random3,random,random3,random3,random,random3,random3,random,random,random3,random3,random3,random,random3,random3,random
144,random,random,random3,random3,random3,random3,random,random3,random,random,random,random,random,random3,random3,random,random,random3,random,random3,random3,random3,random3,random
145,random,random3,random,random,random3,random,random,random3,random3,random,random3,random3,random,random,random3,random3,random3,random,random3,random,random,random3,random,random3
146,random,random3,random3,random3,random,random,random3,random,random3,random,random3,random,random,random,random,random,random3,random,random3,random3,random3,random3,random3,random
147,random,random3,random,random3,random3,random,random,random,random3,random,random,random3,random,random3,random,random3,random3,random,random3,random,random3,random3,random,random3
148,random,random,random3,random3,random,random3,random3,random,random,random,random3,random3,random3,random,random3,random3,random3,random,random3,random,random,random,random,random3
149,random3,random,random,random3,random3,random3,random3,random,random,random,random,random3,random3,random,random3,random3,random,random,random,random3,random,random3,random3,random
150,random3,random,random,random,random,random3,random,random3,random,random,random3,random3,random3,random3,random3,random3,random3,random,random3,random,random,random,random3,random
151,random3,random3,random3,random3,random,random,random3,random,random3,random3,random3,random,random3,random,random,random,random3,random,random,random3,random,random3,random,random
152,random,random3,random3,random,random,random,random3,random3,random,random3,random3,random,random3,random3,random3,random,random3,random3,random3,random,random,random,random,random
153,random,random3,random,random3,random3,random3,random,random,random3,random3,random,random3,random,random,random3,random,random,random3,random,random3,random3,random3,random,random
154,random,random3,random,random,random,random,random3,random3,random,random3,random3,random3,random,random,random,random3,random,random3,random3,random3,random,random,random3,random3
155,random3,random3,random3,random,random,random3,random,random,random,random3,random,random,random,random,random3,random3,random3,random,random,random3,random3,random3,random3,random
156,random,random3,random3,random3,random,random,random3,random3,random3,random,random,random,random,random,random3,random3,random,random3,random,random,random3,random3,random3,random
157,random,random,random3,random3,random,random3,random,random,random3,random3,random,random3,random,random3,random3,random3,random3,random,random3,random,random,random,random3,random
158,random,random,random,random,random3,random,random,random3,random3,random,random3,random,random3,random,random,random,random,random3,random3,random3,random3,random3,random3,random3
159,random,random,random3,random,random3,random,random3,random,random,random,random3,random,random3,random,random3,random3,random3,random3,random3,random3,random,random,random3,random
160,random,random3,random,random,random3,random,random,random3,random,random,random3,random3,random,random,random3,random,random3,random3,random,random3,random3,random3,random,random3
161,random3,rotate,random3,rotate,random3,random3,rotate,rotate,rotate,rotate,random3,rotate,rotate,rotate,rotate,random3,random3,rotate,random3,random3,random3,random3,random3,rotate
162,rotate,rotate,rotate,random3,random3,random3,random3,rotate,rotate,random3,rotate,rotate,random3,rotate,rotate,random3,random3,rotate,random3,random3,random3,rotate,rotate,random3
163,random3,random3,random3,random3,random3,random3,rotate,random3,rotate,random3,random3,rotate,rotate,rotate,rotate,rotate,rotate,random3,random3,random3,rotate,rotate,rotate,rotate
164,rotate,rotate,random3,random3,random3,random3,rotate,rotate,random3,rotate,rotate,random3,random3,rotate,rotate,random3,rotate,random3,random3,rotate,rotate,random3,rotate,random3
165,rotate,random3,rotate,random3,rotate,rotate,random3,random3,rotate,rotate,random3,rotate,rotate,random3,rotate,random3,random3,rotate,rotate,random3,random3,rotate,random3,random3
166,rotate,rotate,rotate,random3,random3,random3,random3,rotate,rotate,random3,random3,random3,rotate,random3,rotate,rotate,rotate,random3,random3,rotate,rotate,rotate,random3,random3
167,random3,random3,rotate,rotate,rotate,random3,random3,rotate,random3,random3,rotate,rotate,rotate,rotate,rotate,random3,random3,random3,random3,rotate,random3,random3,rotate,rotate
168,random3,rotate,random3,random3,rotate,random3,rotate,random3,rotate,random3,rotate,rotate,random3,random3,rotate,rotate,random3,random3,rotate,rotate,random3,random3,rotate,rotate
169,rotate,random3,random3,random3,rotate,random3,rotate,rotate,random3,random3,rotate,rotate,rotate,random3,rotate,random3,rotate,random3,random3,random3,rotate,random3,rotate,rotate
170,rotate,rotate,rotate,random3,rotate,rotate,rotate,random3,random3,rotate,rotate,random3,random3,random3,random3,rotate,random3,random3,rotate,rotate,rotate,random3,random3,random3
171,rotate,rotate,rotate,random3,random3,random3,rotate,random3,random3,random3,rotate,rotate,rotate,random3,rotate,rotate,rotate,rotate,random3,random3,random3,random3,random3,rotate
172,rotate,random3,rotate,random3,random3,rotate,rotate,rotate,random3,random3,random3,random3,random3,rotate,random3,random3,rotate,rotate,rotate,rotate,random3,random3,rotate,rotate
173,rotate,rotate,rotate,rotate,random3,random3,rotate,rotate,rotate,rotate,random3,random3,random3,random3,rotate,rotate,random3,random3,random3,rotate,random3,rotate,random3,random3
174,rotate,rotate,rotate,random3,rotate,rotate,rotate,rotate,random3,rotate,rotate,random3,random3,rotate,random3,random3,random3,random3,random3,random3,random3,random3,rotate,rotate
175,rotate,random3,random3,rotate,random3,random3,random3,random3,random3,random3,random3,rotate,rotate,random3,rotate,rotate,rotate,rotate,rotate,rotate,rotate,random3,rotate,random3
176,random3,random3,rotate,random3,rotate,rotate,random3,random3,rotate,random3,rotate,random3,rotate,random3,random3,rotate,random3,rotate,rotate,rotate,random3,rotate,rotate,random3
177,rotate,rotate,random3,rotate,random3,rotate,rotate,random3,rotate,rotate,random3,rotate,random3,random3,random3,rotate,rotate,rotate,random3,random3,random3,rotate,random3,random3
178,rotate,rotate,rotate,random3,random3,rotate,random3,random3,rotate,random3,random3,rotate,rotate,random3,random3,random3,rotate,rotate,random3,rotate,random3,rotate,rotate,random3
179,rotate,random3,random3,random3,random3,random3,rotate,rotate,random3,rotate,rotate,rotate,random3,rotate,random3,rotate,random3,rotate,random3,rotate,random3,rotate,rotate,random3
180,random3,random3,rotate,random3,random3,rotate,random3,rotate,rotate,rotate,rotate,rotate,random3,random3,random3,rotate,random3,rotate,rotate,random3,rotate,random3,random3,rotate
181,random3,random3,random3,random3,rotate,rotate,rotate,rotate,rotate,rotate,random3,random3,rotate,rotate,rotate,random3,rotate,random3,rotate,rotate,random3,random3,random3,random3
182,rotate,rotate,random3,random3,random3,random3,random3,rotate,rotate,random3,random3,random3,rotate,rotate,rotate,random3,rotate,rotate,rotate,random3,rotate,rotate,random3,random3
183,rotate,random3,rotate,rotate,rotate,rotate,rotate,random3,random3,rotate,random3,random3,rotate,random3,random3,rotate,rotate,random3,random3,random3,rotate,random3,random3,rotate
184,rotate,rotate,random3,random3,random3,random3,rotate,random3,rotate,rotate,rotate,rotate,rotate,random3,random3,rotate,rotate,random3,rotate,random3,random3,random3,random3,rotate
185,rotate,random3,rotate,rotate,random3,rotate,rotate,random3,random3,rotate,random3,random3,rotate,rotate,random3,random3,random3,rotate,random3,rotate,rotate,random3,rotate,random3
186,rotate,random3,random3,random3,rotate,rotate,random3,rotate,random3,rotate,random3,rotate,rotate,rotate,rotate,rotate,random3,rotate,random3,random3,random3,random3,random3,rotate
187,rotate,random3,rotate,random3,random3,rotate,rotate,rotate,random3,rotate,rotate,random3,rotate,random3,rotate,random3,random3,rotate,random3,rotate,random3,random3,rotate,random3
188,rotate,rotate,random3,random3,rotate,random3,random3,rotate,rotate,rotate,random3,random3,random3,rotate,random3,random3,random3,rotate,random3,rotate,rotate,rotate,rotate,random3
189,random3,rotate,rotate,random3,random3,random3,random3,rotate,rotate,rotate,rotate,random3,random3,rotate,random3,random3,rotate,rotate,rotate,random3,rotate,random3,random3,rotate
190,random3,rotate,rotate,rotate,rotate,random3,rotate,random3,rotate,rotate,random3,random3,random3,random3,random3,random3,random3,rotate,random3,rotate,rotate,rotate,random3,rotate
191,random3,random3,random3,random3,rotate,rotate,random3,rotate,random3,random3,random3,rotate,random3,rotate,rotate,rotate,random3,rotate,rotate,random3,rotate,random3,rotate,rotate
192,rotate,random3,random3,rotate,rotate,rotate,random3,random3,rotate,random3,random3,rotate,random3,random3,random3,rotate,random3,random3,random3,rotate,rotate,rotate,rotate,rotate
193,rotate,random3,rotate,random3,random3,random3,rotate,rotate,random3,random3,rotate,random3,rotate,rotate,random3,rotate,rotate,random3,rotate,random3,random3,random3,rotate,rotate
194,rotate,random3,rotate,rotate,rotate,rotate,random3,random3,rotate,random3,random3,random3,rotate,rotate,rotate,random3,rotate,random3,random3,random3,rotate,rotate,random3,random3
195,random3,random3,random3,rotate,rotate,random3,rotate,rotate,rotate,random3,rotate,rotate,rotate,rotate,random3,random3,random3,rotate,rotate,random3,random3,random3,random3,rotate
196,rotate,random3,random3,random3,rotate,rotate,random3,random3,random3,rotate,rotate,rotate,rotate,rotate,random3,random3,rotate,random3,rotate,rotate,random3,random3,random3,rotate
197,rotate,rotate,random3,random3,rotate,random3,rotate,rotate,random3,random3,rotate,random3,rotate,random3,random3,random3,random3,rotate,random3,rotate,rotate,rotate,random3,rotate
198,rotate,rotate,rotate,rotate,random3,rotate,rotate,random3,random3,rotate,random3,rotate,random3,rotate,rotate,rotate,rotate,random3,random3,random3,random3,random3,random3,random3
199,rotate,rotate,random3,rotate,random3,rotate,random3,rotate,rotate,rotate,random3,rotate,random3,rotate,random3,random3,random3,random3,random3,random3,rotate,rotate,random3,rotate
200,rotate,random3,rotate,rotate,random3,rotate,rotate,random3,rotate,rotate,random3,random3,rotate,rotate,random3,rotate,random3,random3,rotate,random3,random3,random3,rotate,random3
201,random3,random3,random3,random3,random3,random3,random3,random3,random3,random3,random3,random3,random3,random3,random3,random3,random3,random3,random3,random3,random3,random3,random3,random3
202,random3,random3,random3,random3,random3,random3,random3,random3,random3,random3,random3,random3,random3,random3,random3,random3,random3,random3,random3,random3,random3,random3,random3,random3
203,random3,random3,random3,random3,random3,random3,random3,random3,random3,random3,random3,random3,random3,random3,random3,random3,random3,random3,random3,random3,random3,random3,random3,random3
204,random3,random3,random3,random3,random3,random3,random3,random3,random3,random3,random3,random3,random3,random3,random3,random3,random3,random3,random3,random3,random3,random3,random3,random3
205,random3,random3,random3,random3,random3,random3,random3,random3,random3,random3,random3,random3,random3,random3,random3,random3,random3,random3,random3,random3,random3,random3,random3,random3
206,random3,random3,random3,random3,random3,random3,random3,random3,random3,random3,random3,random3,random3,random3,random3,random3,random3,random3,random3,random3,random3,random3,random3,random3
207,random3,random3,random3,random3,random3,random3,random3,random3,random3,random3,random3,random3,random3,random3,random3,random3,random3,random3,random3,random3,random3,random3,random3,random3
208,random3,random3,random3,random3,random3,random3,random3,random3,random3,random3,random3,random3,random3,random3,random3,random3,random3,random3,random3,random3,random3,random3,random3,random3
209,random3,random3,random3,random3,random3,random3,random3,random3,random3,random3,random3,random3,random3,random3,random3,random3,random3,random3,random3,random3,random3,random3,random3,random3
210,random3,random3,random3,random3,random3,random3,random3,random3,random3,random3,random3,random3,random3,random3,random3,random3,random3,random3,random3,random3,random3,random3,random3,random3
211,random3,random3,random3,random3,random3,random3,random3,random3,random3,random3,random3,random3,random3,random3,random3,random3,random3,random3,random3,random3,random3,random3,random3,random3
212,random3,random3,random3,random3,random3,random3,random3,random3,random3,random3,random3,random3,random3,random3,random3,random3,random3,random3,random3,random3,random3,random3,random3,random3
213,random3,random3,random3,random3,random3,random3,random3,random3,random3,random3,random3,random3,random3,random3,random3,random3,random3,random3,random3,random3,random3,random3,random3,random3
214,random3,random3,random3,random3,random3,random3,random3,random3,random3,random3,random3,random3,random3,random3,random3,random3,random3,random3,random3,random3,random3,random3,random3,random3
215,random3,random3,random3,random3,random3,random3,random3,random3,random3,random3,random3,random3,random3,random3,random3,random3,random3,random3,random3,random3,random3,random3,random3,random3
216,random3,random3,random3,random3,random3,random3,random3,random3,random3,random3,random3,random3,random3,random3,random3,random3,random3,random3,random3,random3,random3,random3,random3,random3
217,random3,random3,random3,random3,random3,random3,random3,random3,random3,random3,random3,random3,random3,random3,random3,random3,random3,random3,random3,random3,random3,random3,random3,random3
218,random3,random3,random3,random3,random3,random3,random3,random3,random3,random3,random3,random3,random3,random3,random3,random3,random3,random3,random3,random3,random3,random3,random3,random3
219,random3,random3,random3,random3,random3,random3,random3,random3,random3,random3,random3,random3,random3,random3,random3,random3,random3,random3,random3,random3,random3,random3,random3,random3
220,random3,random3,random3,random3,random3,random3,random3,random3,random3,random3,random3,random3,random3,random3,random3,random3,random3,random3,random3,random3,random3,random3,random3,random3
221,random3,random3,random3,random3,random3,random3,random3,random3,random3,random3,random3,random3,random3,random3,random3,random3,random3,random3,random3,random3,random3,random3,random3,random3
222,random3,random3,random3,random3,random3,random3,random3,random3,random3,random3,random3,random3,random3,random3,random3,random3,random3,random3,random3,random3,random3,random3,random3,random3
223,random3,random3,random3,random3,random3,random3,random3,random3,random3,random3,random3,random3,random3,random3,random3,random3,random3,random3,random3,random3,random3,random3,random3,random3
224,random3,random3,random3,random3,random3,random3,random3,random3,random3,random3,random3,random3,random3,random3,random3,random3,random3,random3,random3,random3,random3,random3,random3,random3
225,random3,random3,random3,random3,random3,random3,random3,random3,random3,random3,random3,random3,random3,random3,random3,random3,random3,random3,random3,random3,random3,random3,random3,random3
226,random3,random3,random3,random3,random3,random3,random3,random3,random3,random3,random3,random3,random3,random3,random3,random3,random3,random3,random3,random3,random3,random3,random3,random3
227,random3,random3,random3,random3,random3,random3,random3,random3,random3,random3,random3,random3,random3,random3,random3,random3,random3,random3,random3,random3,random3,random3,random3,random3
228,random3,random3,random3,random3,random3,random3,random3,random3,random3,random3,random3,random3,random3,random3,random3,random3,random3,random3,random3,random3,random3,random3,random3,random3
229,random3,random3,random3,random3,random3,random3,random3,random3,random3,random3,random3,random3,random3,random3,random3,random3,random3,random3,random3,random3,random3,random3,random3,random3
230,random3,random3,random3,random3,random3,random3,random3,random3,random3,random3,random3,random3,random3,random3,random3,random3,random3,random3,random3,random3,random3,random3,random3,random3
231,random3,random3,random3,random3,random3,random3,random3,random3,random3,random3,random3,random3,random3,random3,random3,random3,random3,random3,random3,random3,random3,random3,random3,random3
232,random3,random3,random3,random3,random3,random3,random3,random3,random3,random3,random3,random3,random3,random3,random3,random3,random3,random3,random3,random3,random3,random3,random3,random3
233,random3,random3,random3,random3,random3,random3,random3,random3,random3,random3,random3,random3,random3,random3,random3,random3,random3,random3,random3,random3,random3,random3,random3,random3
234,random3,random3,random3,random3,random3,random3,random3,random3,random3,random3,random3,random3,random3,random3,random3,random3,random3,random3,random3,random3,random3,random3,random3,random3
235,random3,random3,random3,random3,random3,random3,random3,random3,random3,random3,random3,random3,random3,random3,random3,random3,random3,random3,random3,random3,random3,random3,random3,random3
236,random3,random3,random3,random3,random3,random3,random3,random3,random3,random3,random3,random3,random3,random3,random3,random3,random3,random3,random3,random3,random3,random3,random3,random3
237,random3,random3,random3,random3,random3,random3,random3,random3,random3,random3,random3,random3,random3,random3,random3,random3,random3,random3,random3,random3,random3,random3,random3,random3
238,random3,random3,random3,random3,random3,random3,random3,random3,random3,random3,random3,random3,random3,random3,random3,random3,random3,random3,random3,random3,random3,random3,random3,random3
239,random3,random3,random3,random3,random3,random3,random3,random3,random3,random3,random3,random3,random3,random3,random3,random3,random3,random3,random3,random3,random3,random3,random3,random3
240,random3,random3,random3,random3,random3,random3,random3,random3,random3,random3,random3,random3,random3,random3,random3,random3,random3,random3,random3,random3,random3,random3,random3,random3
241,radicaleq,random,radicaleq,random,radicaleq,radicaleq,random,random,random,random,radicaleq,random,random,random,random,radicaleq,radicaleq,random,radicaleq,radicaleq,radicaleq,radicaleq,radicaleq,random
242,random,random,random,radicaleq,radicaleq,radicaleq,radicaleq,random,random,radicaleq,random,random,radicaleq,random,random,radicaleq,radicaleq,random,radicaleq,radicaleq,radicaleq,random,random,radicaleq
243,radicaleq,radicaleq,radicaleq,radicaleq,radicaleq,radicaleq,random,radicaleq,random,radicaleq,radicaleq,random,random,random,random,random,random,radicaleq,radicaleq,radicaleq,random,random,random,random
244,random,random,radicaleq,radicaleq,radicaleq,radicaleq,random,random,radicaleq,random,random,radicaleq,radicaleq,random,random,radicaleq,random,radicaleq,radicaleq,random,random,radicaleq,random,radicaleq
245,random,radicaleq,random,radicaleq,random,random,radicaleq,radicaleq,random,random,radicaleq,random,random,radicaleq,random,radicaleq,radicaleq,random,random,radicaleq,radicaleq,random,radicaleq,radicaleq
246,random,random,random,radicaleq,radicaleq,radicaleq,radicaleq,random,random,radicaleq,radicaleq,radicaleq,random,radicaleq,random,random,random,radicaleq,radicaleq,random,random,random,radicaleq,radicaleq
247,radicaleq,radicaleq,random,random,random,radicaleq,radicaleq,random,radicaleq,radicaleq,random,random,random,random,random,radicaleq,radicaleq,radicaleq,radicaleq,random,radicaleq,radicaleq,random,random
248,radicaleq,random,radicaleq,radicaleq,random,radicaleq,random,radicaleq,random,radicaleq,random,random,radicaleq,radicaleq,random,random,radicaleq,radicaleq,random,random,radicaleq,radicaleq,random,random
249,random,radicaleq,radicaleq,radicaleq,random,radicaleq,random,random,radicaleq,radicaleq,random,random,random,radicaleq,random,radicaleq,random,radicaleq,radicaleq,radicaleq,random,radicaleq,random,random
250,random,random,random,radicaleq,random,random,random,radicaleq,radicaleq,random,random,radicaleq,radicaleq,radicaleq,radicaleq,random,radicaleq,radicaleq,random,random,random,radicaleq,radicaleq,radicaleq
251,random,random,random,radicaleq,radicaleq,radicaleq,random,radicaleq,radicaleq,radicaleq,random,random,random,radicaleq,random,random,random,random,radicaleq,radicaleq,radicaleq,radicaleq,radicaleq,random
252,random,radicaleq,random,radicaleq,radicaleq,random,random,random,radicaleq,radicaleq,radicaleq,radicaleq,radicaleq,random,radicaleq,radicaleq,random,random,random,random,radicaleq,radicaleq,random,random
253,random,random,random,random,radicaleq,radicaleq,random,random,random,random,radicaleq,radicaleq,radicaleq,radicaleq,random,random,radicaleq,radicaleq,radicaleq,random,radicaleq,random,radicaleq,radicaleq
254,random,random,random,radicaleq,random,random,random,random,radicaleq,random,random,radicaleq,radicaleq,random,radicaleq,radicaleq,radicaleq,radicaleq,radicaleq,radicaleq,radicaleq,radicaleq,random,random
255,random,radicaleq,radicaleq,random,radicaleq,radicaleq,radicaleq,radicaleq,radicaleq,radicaleq,radicaleq,random,random,radicaleq,random,random,random,random,random,random,random,radicaleq,random,radicaleq
256,radicaleq,radicaleq,random,radicaleq,random,random,radicaleq,radicaleq,random,radicaleq,random,radicaleq,random,radicaleq,radicaleq,random,radicaleq,random,random,random,radicaleq,random,random,radicaleq
257,random,random,radicaleq,random,radicaleq,random,random,radicaleq,random,random,radicaleq,random,radicaleq,radicaleq,radicaleq,random,random,random,radicaleq,radicaleq,radicaleq,random,radicaleq,radicaleq
258,random,random,random,radicaleq,radicaleq,random,radicaleq,radicaleq,random,radicaleq,radicaleq,random,random,radicaleq,radicaleq,radicaleq,random,random,radicaleq,random,radicaleq,random,random,radicaleq
259,random,radicaleq,radicaleq,radicaleq,radicaleq,radicaleq,random,random,radicaleq,random,random,random,radicaleq,random,radicaleq,random,radicaleq,random,radicaleq,random,radicaleq,random,random,radicaleq
260,radicaleq,radicaleq,random,radicaleq,radicaleq,random,radicaleq,random,random,random,random,random,radicaleq,radicaleq,radicaleq,random,radicaleq,random,random,radicaleq,random,radicaleq,radicaleq,random
261,radicaleq,radicaleq,radicaleq,radicaleq,random,random,random,random,random,random,radicaleq,radicaleq,random,random,random,radicaleq,random,radicaleq,random,random,radicaleq,radicaleq,radicaleq,radicaleq
262,random,random,radicaleq,radicaleq,radicaleq,radicaleq,radicaleq,random,random,radicaleq,radicaleq,radicaleq,random,random,random,radicaleq,random,random,random,radicaleq,random,random,radicaleq,radicaleq
263,random,radicaleq,random,random,random,random,random,radicaleq,radicaleq,random,radicaleq,radicaleq,random,radicaleq,radicaleq,random,random,radicaleq,radicaleq,radicaleq,random,radicaleq,radicaleq,random
264,random,random,radicaleq,radicaleq,radicaleq,radicaleq,random,radicaleq,random,random,random,random,random,radicaleq,radicaleq,random,random,radicaleq,random,radicaleq,radicaleq,radicaleq,radicaleq,random
265,random,radicaleq,random,random,radicaleq,random,random,radicaleq,radicaleq,random,radicaleq,radicaleq,random,random,radicaleq,radicaleq,radicaleq,random,radicaleq,random,random,radicaleq,random,radicaleq
266,random,radicaleq,radicaleq,radicaleq,random,random,radicaleq,random,radicaleq,random,radicaleq,random,random,random,random,random,radicaleq,random,radicaleq,radicaleq,radicaleq,radicaleq,radicaleq,random
267,random,radicaleq,random,radicaleq,radicaleq,random,random,random,radicaleq,random,random,radicaleq,random,radicaleq,random,radicaleq,radicaleq,random,radicaleq,random,radicaleq,radicaleq,random,radicaleq
268,random,random,radicaleq,radicaleq,random,radicaleq,radicaleq,random,random,random,radicaleq,radicaleq,radicaleq,random,radicaleq,radicaleq,radicaleq,random,radicaleq,random,random,random,random,radicaleq
269,radicaleq,random,random,radicaleq,radicaleq,radicaleq,radicaleq,random,random,random,random,radicaleq,radicaleq,random,radicaleq,radicaleq,random,random,random,radicaleq,random,radicaleq,radicaleq,random
270,radicaleq,random,random,random,random,radicaleq,random,radicaleq,random,random,radicaleq,radicaleq,radicaleq,radicaleq,radicaleq,radicaleq,radicaleq,random,radicaleq,random,random,random,radicaleq,random
271,radicaleq,radicaleq,radicaleq,radicaleq,random,random,radicaleq,random,radicaleq,radicaleq,radicaleq,random,radicaleq,random,random,random,radicaleq,random,random,radicaleq,random,radicaleq,random,random
272,random,radicaleq,radicaleq,random,random,random,radicaleq,radicaleq,random,radicaleq,radicaleq,random,radicaleq,radicaleq,radicaleq,random,radicaleq,radicaleq,radicaleq,random,random,random,random,random
273,random,radicaleq,random,radicaleq,radicaleq,radicaleq,random,random,radicaleq,radicaleq,random,radicaleq,random,random,radicaleq,random,random,radicaleq,random,radicaleq,radicaleq,radicaleq,random,random
274,random,radicaleq,random,random,random,random,radicaleq,radicaleq,random,radicaleq,radicaleq,radicaleq,random,random,random,radicaleq,random,radicaleq,radicaleq,radicaleq,random,random,radicaleq,radicaleq
275,radicaleq,radicaleq,radicaleq,random,random,radicaleq,random,random,random,radicaleq,random,random,random,random,radicaleq,radicaleq,radicaleq,random,random,radicaleq,radicaleq,radicaleq,radicaleq,random
276,random,radicaleq,radicaleq,radicaleq,random,random,radicaleq,radicaleq,radicaleq,random,random,random,random,random,radicaleq,radicaleq,random,radicaleq,random,random,radicaleq,radicaleq,radicaleq,random
277,random,random,radicaleq,radicaleq,random,radicaleq,random,random,radicaleq,radicaleq,random,radicaleq,random,radicaleq,radicaleq,radicaleq,radicaleq,random,radicaleq,random,random,random,radicaleq,random
278,random,random,random,random,radicaleq,random,random,radicaleq,radicaleq,random,radicaleq,random,radicaleq,random,random,random,random,radicaleq,radicaleq,radicaleq,radicaleq,radicaleq,radicaleq,radicaleq
279,random,random,radicaleq,random,radicaleq,random,radicaleq,random,random,random,radicaleq,random,radicaleq,random,radicaleq,radicaleq,radicaleq,radicaleq,radicaleq,radicaleq,random,random,radicaleq,random
280,random,radicaleq,random,random,radicaleq,random,random,radicaleq,random,random,radicaleq,radicaleq,random,random,radicaleq,random,radicaleq,radicaleq,random,radicaleq,radicaleq,radicaleq,random,radicaleq
281,radicaleq,rotate,radicaleq,rotate,radicaleq,radicaleq,rotate,rotate,rotate,rotate,radicaleq,rotate,rotate,rotate,rotate,radicaleq,radicaleq,rotate,radicaleq,radicaleq,radicaleq,radicaleq,radicaleq,rotate
282,rotate,rotate,rotate,radicaleq,radicaleq,radicaleq,radicaleq,rotate,rotate,radicaleq,rotate,rotate,radicaleq,rotate,rotate,radicaleq,radicaleq,rotate,radicaleq,radicaleq,radicaleq,rotate,rotate,radicaleq
283,radicaleq,radicaleq,radicaleq,radicaleq,radicaleq,radicaleq,rotate,radicaleq,rotate,radicaleq,radicaleq,rotate,rotate,rotate,rotate,rotate,rotate,radicaleq,radicaleq,radicaleq,rotate,rotate,rotate,rotate
284,rotate,rotate,radicaleq,radicaleq,radicaleq,radicaleq,rotate,rotate,radicaleq,rotate,rotate,radicaleq,radicaleq,rotate,rotate,radicaleq,rotate,radicaleq,radicaleq,rotate,rotate,radicaleq,rotate,radicaleq
285,rotate,radicaleq,rotate,radicaleq,rotate,rotate,radicaleq,radicaleq,rotate,rotate,radicaleq,rotate,rotate,radicaleq,rotate,radicaleq,radicaleq,rotate,rotate,radicaleq,radicaleq,rotate,radicaleq,radicaleq
286,rotate,rotate,rotate,radicaleq,radicaleq,radicaleq,radicaleq,rotate,rotate,radicaleq,radicaleq,radicaleq,rotate,radicaleq,rotate,rotate,rotate,radicaleq,radicaleq,rotate,rotate,rotate,radicaleq,radicaleq
287,radicaleq,radicaleq,rotate,rotate,rotate,radicaleq,radicaleq,rotate,radicaleq,radicaleq,rotate,rotate,rotate,rotate,rotate,radicaleq,radicaleq,radicaleq,radicaleq,rotate,radicaleq,radicaleq,rotate,rotate
288,radicaleq,rotate,radicaleq,radicaleq,rotate,radicaleq,rotate,radicaleq,rotate,radicaleq,rotate,rotate,radicaleq,radicaleq,rotate,rotate,radicaleq,radicaleq,rotate,rotate,radicaleq,radicaleq,rotate,rotate
289,rotate,radicaleq,radicaleq,radicaleq,rotate,radicaleq,rotate,rotate,radicaleq,radicaleq,rotate,rotate,rotate,radicaleq,rotate,radicaleq,rotate,radicaleq,radicaleq,radicaleq,rotate,radicaleq,rotate,rotate
290,rotate,rotate,rotate,radicaleq,rotate,rotate,rotate,radicaleq,radicaleq,rotate,rotate,radicaleq,radicaleq,radicaleq,radicaleq,rotate,radicaleq,radicaleq,rotate,rotate,rotate,radicaleq,radicaleq,radicaleq
291,rotate,rotate,rotate,radicaleq,radicaleq,radicaleq,rotate,radicaleq,radicaleq,radicaleq,rotate,rotate,rotate,radicaleq,rotate,rotate,rotate,rotate,radicaleq,radicaleq,radicaleq,radicaleq,radicaleq,rotate
292,rotate,radicaleq,rotate,radicaleq,radicaleq,rotate,rotate,rotate,radicaleq,radicaleq,radicaleq,radicaleq,radicaleq,rotate,radicaleq,radicaleq,rotate,rotate,rotate,rotate,radicaleq,radicaleq,rotate,rotate
293,rotate,rotate,rotate,rotate,radicaleq,radicaleq,rotate,rotate,rotate,rotate,radicaleq,radicaleq,radicaleq,radicaleq,rotate,rotate,radicaleq,radicaleq,radicaleq,rotate,radicaleq,rotate,radicaleq,radicaleq
294,rotate,rotate,rotate,radicaleq,rotate,rotate,rotate,rotate,radicaleq,rotate,rotate,radicaleq,radicaleq,rotate,radicaleq,radicaleq,radicaleq,radicaleq,radicaleq,radicaleq,radicaleq,radicaleq,rotate,rotate
295,rotate,radicaleq,radicaleq,rotate,radicaleq,radicaleq,radicaleq,radicaleq,radicaleq,radicaleq,radicaleq,rotate,rotate,radicaleq,rotate,rotate,rotate,rotate,rotate,rotate,rotate,radicaleq,rotate,radicaleq
296,radicaleq,radicaleq,rotate,radicaleq,rotate,rotate,radicaleq,radicaleq,rotate,radicaleq,rotate,radicaleq,rotate,radicaleq,radicaleq,rotate,radicaleq,rotate,rotate,rotate,radicaleq,rotate,rotate,radicaleq
297,rotate,rotate,radicaleq,rotate,radicaleq,rotate,rotate,radicaleq,rotate,rotate,radicaleq,rotate,radicaleq,radicaleq,radicaleq,rotate,rotate,rotate,radicaleq,radicaleq,radicaleq,rotate,radicaleq,radicaleq
298,rotate,rotate,rotate,radicaleq,radicaleq,rotate,radicaleq,radicaleq,rotate,radicaleq,radicaleq,rotate,rotate,radicaleq,radicaleq,radicaleq,rotate,rotate,radicaleq,rotate,radicaleq,rotate,rotate,radicaleq
299,rotate,radicaleq,radicaleq,radicaleq,radicaleq,radicaleq,rotate,rotate,radicaleq,rotate,rotate,rotate,radicaleq,rotate,radicaleq,rotate,radicaleq,rotate,radicaleq,rotate,radicaleq,rotate,rotate,radicaleq
300,radicaleq,radicaleq,rotate,radicaleq,radicaleq,rotate,radicaleq,rotate,rotate,rotate,rotate,rotate,radicaleq,radicaleq,radicaleq,rotate,radicaleq,rotate,rotate,radicaleq,rotate,radicaleq,radicaleq,rotate
301,radicaleq,radicaleq,radicaleq,radicaleq,rotate,rotate,rotate,rotate,rotate,rotate,radicaleq,radicaleq,rotate,rotate,rotate,radicaleq,rotate,radicaleq,rotate,rotate,radicaleq,radicaleq,radicaleq,radicaleq
302,rotate,rotate,radicaleq,radicaleq,radicaleq,radicaleq,radicaleq,rotate,rotate,radicaleq,radicaleq,radicaleq,rotate,rotate,rotate,radicaleq,rotate,rotate,rotate,radicaleq,rotate,rotate,radicaleq,radicaleq
303,rotate,radicaleq,rotate,rotate,rotate,rotate,rotate,radicaleq,radicaleq,rotate,radicaleq,radicaleq,rotate,radicaleq,radicaleq,rotate,rotate,radicaleq,radicaleq,radicaleq,rotate,radicaleq,radicaleq,rotate
304,rotate,rotate,radicaleq,radicaleq,radicaleq,radicaleq,rotate,radicaleq,rotate,rotate,rotate,rotate,rotate,radicaleq,radicaleq,rotate,rotate,radicaleq,rotate,radicaleq,radicaleq,radicaleq,radicaleq,rotate
305,rotate,radicaleq,rotate,rotate,radicaleq,rotate,rotate,radicaleq,radicaleq,rotate,radicaleq,radicaleq,rotate,rotate,radicaleq,radicaleq,radicaleq,rotate,radicaleq,rotate,rotate,radicaleq,rotate,radicaleq
306,rotate,radicaleq,radicaleq,radicaleq,rotate,rotate,radicaleq,rotate,radicaleq,rotate,radicaleq,rotate,rotate,rotate,rotate,rotate,radicaleq,rotate,radicaleq,radicaleq,radicaleq,radicaleq,radicaleq,rotate
307,rotate,radicaleq,rotate,radicaleq,radicaleq,rotate,rotate,rotate,radicaleq,rotate,rotate,radicaleq,rotate,radicaleq,rotate,radicaleq,radicaleq,rotate,radicaleq,rotate,radicaleq,radicaleq,rotate,radicaleq
308,rotate,rotate,radicaleq,radicaleq,rotate,radicaleq,radicaleq,rotate,rotate,rotate,radicaleq,radicaleq,radicaleq,rotate,radicaleq,radicaleq,radicaleq,rotate,radicaleq,rotate,rotate,rotate,rotate,radicaleq
309,radicaleq,rotate,rotate,radicaleq,radicaleq,radicaleq,radicaleq,rotate,rotate,rotate,rotate,radicaleq,radicaleq,rotate,radicaleq,radicaleq,rotate,rotate,rotate,radicaleq,rotate,radicaleq,radicaleq,rotate
310,radicaleq,rotate,rotate,rotate,rotate,radicaleq,rotate,radicaleq,rotate,rotate,radicaleq,radicaleq,radicaleq,radicaleq,radicaleq,radicaleq,radicaleq,rotate,radicaleq,rotate,rotate,rotate,radicaleq,rotate
311,radicaleq,radicaleq,radicaleq,radicaleq,rotate,rotate,radicaleq,rotate,radicaleq,radicaleq,radicaleq,rotate,radicaleq,rotate,rotate,rotate,radicaleq,rotate,rotate,radicaleq,rotate,radicaleq,rotate,rotate
312,rotate,radicaleq,radicaleq,rotate,rotate,rotate,radicaleq,radicaleq,rotate,radicaleq,radicaleq,rotate,radicaleq,radicaleq,radicaleq,rotate,radicaleq,radicaleq,radicaleq,rotate,rotate,rotate,rotate,rotate
313,rotate,radicaleq,rotate,radicaleq,radicaleq,radicaleq,rotate,rotate,radicaleq,radicaleq,rotate,radicaleq,rotate,rotate,radicaleq,rotate,rotate,radicaleq,rotate,radicaleq,radicaleq,radicaleq,rotate,rotate
314,rotate,radicaleq,rotate,rotate,rotate,rotate,radicaleq,radicaleq,rotate,radicaleq,radicaleq,radicaleq,rotate,rotate,rotate,radicaleq,rotate,radicaleq,radicaleq,radicaleq,rotate,rotate,radicaleq,radicaleq
315,radicaleq,radicaleq,radicaleq,rotate,rotate,radicaleq,rotate,rotate,rotate,radicaleq,rotate,rotate,rotate,rotate,radicaleq,radicaleq,radicaleq,rotate,rotate,radicaleq,radicaleq,radicaleq,radicaleq,rotate
316,rotate,radicaleq,radicaleq,radicaleq,rotate,rotate,radicaleq,radicaleq,radicaleq,rotate,rotate,rotate,rotate,rotate,radicaleq,radicaleq,rotate,radicaleq,rotate,rotate,radicaleq,radicaleq,radicaleq,rotate
317,rotate,rotate,radicaleq,radicaleq,rotate,radicaleq,rotate,rotate,radicaleq,radicaleq,rotate,radicaleq,rotate,radicaleq,radicaleq,radicaleq,radicaleq,rotate,radicaleq,rotate,rotate,rotate,radicaleq,rotate
318,rotate,rotate,rotate,rotate,radicaleq,rotate,rotate,radicaleq,radicaleq,rotate,radicaleq,rotate,radicaleq,rotate,rotate,rotate,rotate,radicaleq,radicaleq,radicaleq,radicaleq,radicaleq,radicaleq,radicaleq
319,rotate,rotate,radicaleq,rotate,radicaleq,rotate,radicaleq,rotate,rotate,rotate,radicaleq,rotate,radicaleq,rotate,radicaleq,radicaleq,radicaleq,radicaleq,radicaleq,radicaleq,rotate,rotate,radicaleq,rotate
320,rotate,radicaleq,rotate,rotate,radicaleq,rotate,rotate,radicaleq,rotate,rotate,radicaleq,radicaleq,rotate,rotate,radicaleq,rotate,radicaleq,radicaleq,rotate,radicaleq,radicaleq,radicaleq,rotate,radicaleq
321,radicaleq,random3,radicaleq,random3,radicaleq,radicaleq,random3,random3,random3,random3,radicaleq,random3,random3,random3,random3,radicaleq,radicaleq,random3,radicaleq,radicaleq,radicaleq,radicaleq,radicaleq,random3
322,random3,random3,random3,radicaleq,radicaleq,radicaleq,radicaleq,random3,random3,radicaleq,random3,random3,radicaleq,random3,random3,radicaleq,radicaleq,random3,radicaleq,radicaleq,radicaleq,random3,random3,radicaleq
323,radicaleq,radicaleq,radicaleq,radicaleq,radicaleq,radicaleq,random3,radicaleq,random3,radicaleq,radicaleq,random3,random3,random3,random3,random3,random3,radicaleq,radicaleq,radicaleq,random3,random3,random3,random3
324,random3,random3,radicaleq,radicaleq,radicaleq,radicaleq,random3,random3,radicaleq,random3,random3,radicaleq,radicaleq,random3,random3,radicaleq,random3,radicaleq,radicaleq,random3,random3,radicaleq,random3,radicaleq
325,random3,radicaleq,random3,radicaleq,random3,random3,radicaleq,radicaleq,random3,random3,radicaleq,random3,random3,radicaleq,random3,radicaleq,radicaleq,random3,random3,radicaleq,radicaleq,random3,radicaleq,radicaleq
326,random3,random3,random3,radicaleq,radicaleq,radicaleq,radicaleq,random3,random3,radicaleq,radicaleq,radicaleq,random3,radicaleq,random3,random3,random3,radicaleq,radicaleq,random3,random3,random3,radicaleq,radicaleq
327,radicaleq,radicaleq,random3,random3,random3,radicaleq,radicaleq,random3,radicaleq,radicaleq,random3,random3,random3,random3,random3,radicaleq,radicaleq,radicaleq,radicaleq,random3,radicaleq,radicaleq,random3,random3
328,radicaleq,random3,radicaleq,radicaleq,random3,radicaleq,random3,radicaleq,random3,radicaleq,random3,random3,radicaleq,radicaleq,random3,random3,radicaleq,radicaleq,random3,random3,radicaleq,radicaleq,random3,random3
329,random3,radicaleq,radicaleq,radicaleq,random3,radicaleq,random3,random3,radicaleq,radicaleq,random3,random3,random3,radicaleq,random3,radicaleq,random3,radicaleq,radicaleq,radicaleq,random3,radicaleq,random3,random3
330,random3,random3,random3,radicaleq,random3,random3,random3,radicaleq,radicaleq,random3,random3,radicaleq,radicaleq,radicaleq,radicaleq,random3,radicaleq,radicaleq,random3,random3,random3,radicaleq,radicaleq,radicaleq
331,random3,random3,random3,radicaleq,radicaleq,radicaleq,random3,radicaleq,radicaleq,radicaleq,random3,random3,random3,radicaleq,random3,random3,random3,random3,radicaleq,radicaleq,radicaleq,radicaleq,radicaleq,random3
332,random3,radicaleq,random3,radicaleq,radicaleq,random3,random3,random3,radicaleq,radicaleq,radicaleq,radicaleq,radicaleq,random3,radicaleq,radicaleq,random3,random3,random3,random3,radicaleq,radicaleq,random3,random3
333,random3,random3,random3,random3,radicaleq,radicaleq,random3,random3,random3,random3,radicaleq,radicaleq,radicaleq,radicaleq,random3,random3,radicaleq,radicaleq,radicaleq,random3,radicaleq,random3,radicaleq,radicaleq
334,random3,random3,random3,radicaleq,random3,random3,random3,random3,radicaleq,random3,random3,radicaleq,radicaleq,random3,radicaleq,radicaleq,radicaleq,radicaleq,radicaleq,radicaleq,radicaleq,radicaleq,random3,random3
335,random3,radicaleq,radicaleq,random3,radicaleq,radicaleq,radicaleq,radicaleq,radicaleq,radicaleq,radicaleq,random3,random3,radicaleq,random3,random3,random3,random3,random3,random3,random3,radicaleq,random3,radicaleq
336,radicaleq,radicaleq,random3,radicaleq,random3,random3,radicaleq,radicaleq,random3,radicaleq,random3,radicaleq,random3,radicaleq,radicaleq,random3,radicaleq,random3,random3,random3,radicaleq,random3,random3,radicaleq
337,random3,random3,radicaleq,random3,radicaleq,random3,random3,radicaleq,random3,random3,radicaleq,random3,radicaleq,radicaleq,radicaleq,random3,random3,random3,radicaleq,radicaleq,radicaleq,random3,radicaleq,radicaleq
338,random3,random3,random3,radicaleq,radicaleq,random3,radicaleq,radicaleq,random3,radicaleq,radicaleq,random3,random3,radicaleq,radicaleq,radicaleq,random3,random3,radicaleq,random3,radicaleq,random3,random3,radicaleq
339,random3,radicaleq,radicaleq,radicaleq,radicaleq,radicaleq,random3,random3,radicaleq,random3,random3,random3,radicaleq,random3,radicaleq,random3,radicaleq,random3,radicaleq,random3,radicaleq,random3,random3,radicaleq
340,radicaleq,radicaleq,random3,radicaleq,radicaleq,random3,radicaleq,random3,random3,random3,random3,random3,radicaleq,radicaleq,radicaleq,random3,radicaleq,random3,random3,radicaleq,random3,radicaleq,radicaleq,random3
341,radicaleq,radicaleq,radicaleq,radicaleq,random3,random3,random3,random3,random3,random3,radicaleq,radicaleq,random3,random3,random3,radicaleq,random3,radicaleq,random3,random3,radicaleq,radicaleq,radicaleq,radicaleq
342,random3,random3,radicaleq,radicaleq,radicaleq,radicaleq,radicaleq,random3,random3,radicaleq,radicaleq,radicaleq,random3,random3,random3,radicaleq,random3,random3,random3,radicaleq,random3,random3,radicaleq,radicaleq
343,random3,radicaleq,random3,random3,random3,random3,random3,radicaleq,radicaleq,random3,radicaleq,radicaleq,random3,radicaleq,radicaleq,random3,random3,radicaleq,radicaleq,radicaleq,random3,radicaleq,radicaleq,random3
344,random3,random3,radicaleq,radicaleq,radicaleq,radicaleq,random3,radicaleq,random3,random3,random3,random3,random3,radicaleq,radicaleq,random3,random3,radicaleq,random3,radicaleq,radicaleq,radicaleq,radicaleq,random3
345,random3,radicaleq,random3,random3,radicaleq,random3,random3,radicaleq,radicaleq,random3,radicaleq,radicaleq,random3,random3,radicaleq,radicaleq,radicaleq,random3,radicaleq,random3,random3,radicaleq,random3,radicaleq
346,random3,radicaleq,radicaleq,radicaleq,random3,random3,radicaleq,random3,radicaleq,random3,radicaleq,random3,random3,random3,random3,random3,radicaleq,random3,radicaleq,radicaleq,radicaleq,radicaleq,radicaleq,random3
347,random3,radicaleq,random3,radicaleq,radicaleq,random3,random3,random3,radicaleq,random3,random3,radicaleq,random3,radicaleq,random3,radicaleq,radicaleq,random3,radicaleq,random3,radicaleq,radicaleq,random3,radicaleq
348,random3,random3,radicaleq,radicaleq,random3,radicaleq,radicaleq,random3,random3,random3,radicaleq,radicaleq,radicaleq,random3,radicaleq,radicaleq,radicaleq,random3,radicaleq,random3,random3,random3,random3,radicaleq
349,radicaleq,random3,random3,radicaleq,radicaleq,radicaleq,radicaleq,random3,random3,random3,random3,radicaleq,radicaleq,random3,radicaleq,radicaleq,random3,random3,random3,radicaleq,random3,radicaleq,radicaleq,random3
350,radicaleq,random3,random3,random3,random3,radicaleq,random3,radicaleq,random3,random3,radicaleq,radicaleq,radicaleq,radicaleq,radicaleq,radicaleq,radicaleq,random3,radicaleq,random3,random3,random3,radicaleq,random3
351,radicaleq,radicaleq,radicaleq,radicaleq,random3,random3,radicaleq,random3,radicaleq,radicaleq,radicaleq,random3,radicaleq,random3,random3,random3,radicaleq,random3,random3,radicaleq,random3,radicaleq,random3,random3
352,random3,radicaleq,radicaleq,random3,random3,random3,radicaleq,radicaleq,random3,radicaleq,radicaleq,random3,radicaleq,radicaleq,radicaleq,random3,radicaleq,radicaleq,radicaleq,random3,random3,random3,random3,random3
353,random3,radicaleq,random3,radicaleq,radicaleq,radicaleq,random3,random3,radicaleq,radicaleq,random3,radicaleq,random3,random3,radicaleq,random3,random3,radicaleq,random3,radicaleq,radicaleq,radicaleq,random3,random3
354,random3,radicaleq,random3,random3,random3,random3,radicaleq,radicaleq,random3,radicaleq,radicaleq,radicaleq,random3,random3,random3,radicaleq,random3,radicaleq,radicaleq,radicaleq,random3,random3,radicaleq,radicaleq
355,radicaleq,radicaleq,radicaleq,random3,random3,radicaleq,random3,random3,random3,radicaleq,random3,random3,random3,random3,radicaleq,radicaleq,radicaleq,random3,random3,radicaleq,radicaleq,radicaleq,radicaleq,random3
356,random3,radicaleq,radicaleq,radicaleq,random3,random3,radicaleq,radicaleq,radicaleq,random3,random3,random3,random3,random3,radicaleq,radicaleq,random3,radicaleq,random3,random3,radicaleq,radicaleq,radicaleq,random3
357,random3,random3,radicaleq,radicaleq,random3,radicaleq,random3,random3,radicaleq,radicaleq,random3,radicaleq,random3,radicaleq,radicaleq,radicaleq,radicaleq,random3,radicaleq,random3,random3,random3,radicaleq,random3
358,random3,random3,random3,random3,radicaleq,random3,random3,radicaleq,radicaleq,random3,radicaleq,random3,radicaleq,random3,random3,random3,random3,radicaleq,radicaleq,radicaleq,radicaleq,radicaleq,radicaleq,radicaleq
359,random3,random3,radicaleq,random3,radicaleq,random3,radicaleq,random3,random3,random3,radicaleq,random3,radicaleq,random3,radicaleq,radicaleq,radicaleq,radicaleq,radicaleq,radicaleq,random3,random3,radicaleq,random3
360,random3,radicaleq,random3,random3,radicaleq,random3,random3,radicaleq,random3,random3,radicaleq,radicaleq,random3,random3,radicaleq,random3,radicaleq,radicaleq,random3,radicaleq,radicaleq,radicaleq,random3,radicaleq
361,radicaleq,radicaleq,radicaleq,radicaleq,radicaleq,radicaleq,radicaleq,radicaleq,radicaleq,radicaleq,radicaleq,radicaleq,radicaleq,radicaleq,radicaleq,radicaleq,radicaleq,radicaleq,radicaleq,radicaleq,radicaleq,radicaleq,radicaleq,radicaleq
362,radicaleq,radicaleq,radicaleq,radicaleq,radicaleq,radicaleq,radicaleq,radicaleq,radicaleq,radicaleq,radicaleq,radicaleq,radicaleq,radicaleq,radicaleq,radicaleq,radicaleq,radicaleq,radicaleq,radicaleq,radicaleq,radicaleq,radicaleq,radicaleq
363,radicaleq,radicaleq,radicaleq,radicaleq,radicaleq,radicaleq,radicaleq,radicaleq,radicaleq,radicaleq,radicaleq,radicaleq,radicaleq,radicaleq,radicaleq,radicaleq,radicaleq,radicaleq,radicaleq,radicaleq,radicaleq,radicaleq,radicaleq,radicaleq
364,radicaleq,radicaleq,radicaleq,radicaleq,radicaleq,radicaleq,radicaleq,radicaleq,radicaleq,radicaleq,radicaleq,radicaleq,radicaleq,radicaleq,radicaleq,radicaleq,radicaleq,radicaleq,radicaleq,radicaleq,radicaleq,radicaleq,radicaleq,radicaleq
365,radicaleq,radicaleq,radicaleq,radicaleq,radicaleq,radicaleq,radicaleq,radicaleq,radicaleq,radicaleq,radicaleq,radicaleq,radicaleq,radicaleq,radicaleq,radicaleq,radicaleq,radicaleq,radicaleq,radicaleq,radicaleq,radicaleq,radicaleq,radicaleq
366,radicaleq,radicaleq,radicaleq,radicaleq,radicaleq,radicaleq,radicaleq,radicaleq,radicaleq,radicaleq,radicaleq,radicaleq,radicaleq,radicaleq,radicaleq,radicaleq,radicaleq,radicaleq,radicaleq,radicaleq,radicaleq,radicaleq,radicaleq,radicaleq
367,radicaleq,radicaleq,radicaleq,radicaleq,radicaleq,radicaleq,radicaleq,radicaleq,radicaleq,radicaleq,radicaleq,radicaleq,radicaleq,radicaleq,radicaleq,radicaleq,radicaleq,radicaleq,radicaleq,radicaleq,radicaleq,radicaleq,radicaleq,radicaleq
368,radicaleq,radicaleq,radicaleq,radicaleq,radicaleq,radicaleq,radicaleq,radicaleq,radicaleq,radicaleq,radicaleq,radicaleq,radicaleq,radicaleq,radicaleq,radicaleq,radicaleq,radicaleq,radicaleq,radicaleq,radicaleq,radicaleq,radicaleq,radicaleq
369,radicaleq,radicaleq,radicaleq,radicaleq,radicaleq,radicaleq,radicaleq,radicaleq,radicaleq,radicaleq,radicaleq,radicaleq,radicaleq,radicaleq,radicaleq,radicaleq,radicaleq,radicaleq,radicaleq,radicaleq,radicaleq,radicaleq,radicaleq,radicaleq
370,radicaleq,radicaleq,radicaleq,radicaleq,radicaleq,radicaleq,radicaleq,radicaleq,radicaleq,radicaleq,radicaleq,radicaleq,radicaleq,radicaleq,radicaleq,radicaleq,radicaleq,radicaleq,radicaleq,radicaleq,radicaleq,radicaleq,radicaleq,radicaleq
371,radicaleq,radicaleq,radicaleq,radicaleq,radicaleq,radicaleq,radicaleq,radicaleq,radicaleq,radicaleq,radicaleq,radicaleq,radicaleq,radicaleq,radicaleq,radicaleq,radicaleq,radicaleq,radicaleq,radicaleq,radicaleq,radicaleq,radicaleq,radicaleq
372,radicaleq,radicaleq,radicaleq,radicaleq,radicaleq,radicaleq,radicaleq,radicaleq,radicaleq,radicaleq,radicaleq,radicaleq,radicaleq,radicaleq,radicaleq,radicaleq,radicaleq,radicaleq,radicaleq,radicaleq,radicaleq,radicaleq,radicaleq,radicaleq
373,radicaleq,radicaleq,radicaleq,radicaleq,radicaleq,radicaleq,radicaleq,radicaleq,radicaleq,radicaleq,radicaleq,radicaleq,radicaleq,radicaleq,radicaleq,radicaleq,radicaleq,radicaleq,radicaleq,radicaleq,radicaleq,radicaleq,radicaleq,radicaleq
374,radicaleq,radicaleq,radicaleq,radicaleq,radicaleq,radicaleq,radicaleq,radicaleq,radicaleq,radicaleq,radicaleq,radicaleq,radicaleq,radicaleq,radicaleq,radicaleq,radicaleq,radicaleq,radicaleq,radicaleq,radicaleq,radicaleq,radicaleq,radicaleq
375,radicaleq,radicaleq,radicaleq,radicaleq,radicaleq,radicaleq,radicaleq,radicaleq,radicaleq,radicaleq,radicaleq,radicaleq,radicaleq,radicaleq,radicaleq,radicaleq,radicaleq,radicaleq,radicaleq,radicaleq,radicaleq,radicaleq,radicaleq,radicaleq
376,radicaleq,radicaleq,radicaleq,radicaleq,radicaleq,radicaleq,radicaleq,radicaleq,radicaleq,radicaleq,radicaleq,radicaleq,radicaleq,radicaleq,radicaleq,radicaleq,radicaleq,radicaleq,radicaleq,radicaleq,radicaleq,radicaleq,radicaleq,radicaleq
377,radicaleq,radicaleq,radicaleq,radicaleq,radicaleq,radicaleq,radicaleq,radicaleq,radicaleq,radicaleq,radicaleq,radicaleq,radicaleq,radicaleq,radicaleq,radicaleq,radicaleq,radicaleq,radicaleq,radicaleq,radicaleq,radicaleq,radicaleq,radicaleq
378,radicaleq,radicaleq,radicaleq,radicaleq,radicaleq,radicaleq,radicaleq,radicaleq,radicaleq,radicaleq,radicaleq,radicaleq,radicaleq,radicaleq,radicaleq,radicaleq,radicaleq,radicaleq,radicaleq,radicaleq,radicaleq,radicaleq,radicaleq,radicaleq
379,radicaleq,radicaleq,radicaleq,radicaleq,radicaleq,radicaleq,radicaleq,radicaleq,radicaleq,radicaleq,radicaleq,radicaleq,radicaleq,radicaleq,radicaleq,radicaleq,radicaleq,radicaleq,radicaleq,radicaleq,radicaleq,radicaleq,radicaleq,radicaleq
380,radicaleq,radicaleq,radicaleq,radicaleq,radicaleq,radicaleq,radicaleq,radicaleq,radicaleq,radicaleq,radicaleq,radicaleq,radicaleq,radicaleq,radicaleq,radicaleq,radicaleq,radicaleq,radicaleq,radicaleq,radicaleq,radicaleq,radicaleq,radicaleq
381,radicaleq,radicaleq,radicaleq,radicaleq,radicaleq,radicaleq,radicaleq,radicaleq,radicaleq,radicaleq,radicaleq,radicaleq,radicaleq,radicaleq,radicaleq,radicaleq,radicaleq,radicaleq,radicaleq,radicaleq,radicaleq,radicaleq,radicaleq,radicaleq
382,radicaleq,radicaleq,radicaleq,radicaleq,radicaleq,radicaleq,radicaleq,radicaleq,radicaleq,radicaleq,radicaleq,radicaleq,radicaleq,radicaleq,radicaleq,radicaleq,radicaleq,radicaleq,radicaleq,radicaleq,radicaleq,radicaleq,radicaleq,radicaleq
383,radicaleq,radicaleq,radicaleq,radicaleq,radicaleq,radicaleq,radicaleq,radicaleq,radicaleq,radicaleq,radicaleq,radicaleq,radicaleq,radicaleq,radicaleq,radicaleq,radicaleq,radicaleq,radicaleq,radicaleq,radicaleq,radicaleq,radicaleq,radicaleq
384,radicaleq,radicaleq,radicaleq,radicaleq,radicaleq,radicaleq,radicaleq,radicaleq,radicaleq,radicaleq,radicaleq,radicaleq,radicaleq,radicaleq,radicaleq,radicaleq,radicaleq,radicaleq,radicaleq,radicaleq,radicaleq,radicaleq,radicaleq,radicaleq
385,radicaleq,radicaleq,radicaleq,radicaleq,radicaleq,radicaleq,radicaleq,radicaleq,radicaleq,radicaleq,radicaleq,radicaleq,radicaleq,radicaleq,radicaleq,radicaleq,radicaleq,radicaleq,radicaleq,radicaleq,radicaleq,radicaleq,radicaleq,radicaleq
386,radicaleq,radicaleq,radicaleq,radicaleq,radicaleq,radicaleq,radicaleq,radicaleq,radicaleq,radicaleq,radicaleq,radicaleq,radicaleq,radicaleq,radicaleq,radicaleq,radicaleq,radicaleq,radicaleq,radicaleq,radicaleq,radicaleq,radicaleq,radicaleq
387,radicaleq,radicaleq,radicaleq,radicaleq,radicaleq,radicaleq,radicaleq,radicaleq,radicaleq,radicaleq,radicaleq,radicaleq,radicaleq,radicaleq,radicaleq,radicaleq,radicaleq,radicaleq,radicaleq,radicaleq,radicaleq,radicaleq,radicaleq,radicaleq
388,radicaleq,radicaleq,radicaleq,radicaleq,radicaleq,radicaleq,radicaleq,radicaleq,radicaleq,radicaleq,radicaleq,radicaleq,radicaleq,radicaleq,radicaleq,radicaleq,radicaleq,radicaleq,radicaleq,radicaleq,radicaleq,radicaleq,radicaleq,radicaleq
389,radicaleq,radicaleq,radicaleq,radicaleq,radicaleq,radicaleq,radicaleq,radicaleq,radicaleq,radicaleq,radicaleq,radicaleq,radicaleq,radicaleq,radicaleq,radicaleq,radicaleq,radicaleq,radicaleq,radicaleq,radicaleq,radicaleq,radicaleq,radicaleq
390,radicaleq,radicaleq,radicaleq,radicaleq,radicaleq,radicaleq,radicaleq,radicaleq,radicaleq,radicaleq,radicaleq,radicaleq,radicaleq,radicaleq,radicaleq,radicaleq,radicaleq,radicaleq,radicaleq,radicaleq,radicaleq,radicaleq,radicaleq,radicaleq
391,radicaleq,radicaleq,radicaleq,radicaleq,radicaleq,radicaleq,radicaleq,radicaleq,radicaleq,radicaleq,radicaleq,radicaleq,radicaleq,radicaleq,radicaleq,radicaleq,radicaleq,radicaleq,radicaleq,radicaleq,radicaleq,radicaleq,radicaleq,radicaleq
392,radicaleq,radicaleq,radicaleq,radicaleq,radicaleq,radicaleq,radicaleq,radicaleq,radicaleq,radicaleq,radicaleq,radicaleq,radicaleq,radicaleq,radicaleq,radicaleq,radicaleq,radicaleq,radicaleq,radicaleq,radicaleq,radicaleq,radicaleq,radicaleq
393,radicaleq,radicaleq,radicaleq,radicaleq,radicaleq,radicaleq,radicaleq,radicaleq,radicaleq,radicaleq,radicaleq,radicaleq,radicaleq,radicaleq,radicaleq,radicaleq,radicaleq,radicaleq,radicaleq,radicaleq,radicaleq,radicaleq,radicaleq,radicaleq
394,radicaleq,radicaleq,radicaleq,radicaleq,radicaleq,radicaleq,radicaleq,radicaleq,radicaleq,radicaleq,radicaleq,radicaleq,radicaleq,radicaleq,radicaleq,radicaleq,radicaleq,radicaleq,radicaleq,radicaleq,radicaleq,radicaleq,radicaleq,radicaleq
395,radicaleq,radicaleq,radicaleq,radicaleq,radicaleq,radicaleq,radicaleq,radicaleq,radicaleq,radicaleq,radicaleq,radicaleq,radicaleq,radicaleq,radicaleq,radicaleq,radicaleq,radicaleq,radicaleq,radicaleq,radicaleq,radicaleq,radicaleq,radicaleq
396,radicaleq,radicaleq,radicaleq,radicaleq,radicaleq,radicaleq,radicaleq,radicaleq,radicaleq,radicaleq,radicaleq,radicaleq,radicaleq,radicaleq,radicaleq,radicaleq,radicaleq,radicaleq,radicaleq,radicaleq,radicaleq,radicaleq,radicaleq,radicaleq
397,radicaleq,radicaleq,radicaleq,radicaleq,radicaleq,radicaleq,radicaleq,radicaleq,radicaleq,radicaleq,radicaleq,radicaleq,radicaleq,radicaleq,radicaleq,radicaleq,radicaleq,radicaleq,radicaleq,radicaleq,radicaleq,radicaleq,radicaleq,radicaleq
398,radicaleq,radicaleq,radicaleq,radicaleq,radicaleq,radicaleq,radicaleq,radicaleq,radicaleq,radicaleq,radicaleq,radicaleq,radicaleq,radicaleq,radicaleq,radicaleq,radicaleq,radicaleq,radicaleq,radicaleq,radicaleq,radicaleq,radicaleq,radicaleq
399,radicaleq,radicaleq,radicaleq,radicaleq,radicaleq,radicaleq,radicaleq,radicaleq,radicaleq,radicaleq,radicaleq,radicaleq,radicaleq,radicaleq,radicaleq,radicaleq,radicaleq,radicaleq,radicaleq,radicaleq,radicaleq,radicaleq,radicaleq,radicaleq
400,radicaleq,radicaleq,radicaleq,radicaleq,radicaleq,radicaleq,radicaleq,radicaleq,radicaleq,radicaleq,radicaleq,radicaleq,radicaleq,radicaleq,radicaleq,radicaleq,radicaleq,radicaleq,radicaleq,radicaleq,radicaleq,radicaleq,radicaleq,radicaleq
401,rotate0,random,rotate0,random,rotate0,rotate0,random,random,random,random,rotate0,random,random,random,random,rotate0,rotate0,random,rotate0,rotate0,rotate0,rotate0,rotate0,random
402,random,random,random,rotate0,rotate0,rotate0,rotate0,random,random,rotate0,random,random,rotate0,random,random,rotate0,rotate0,random,rotate0,rotate0,rotate0,random,random,rotate0
403,rotate0,rotate0,rotate0,rotate0,rotate0,rotate0,random,rotate0,random,rotate0,rotate0,random,random,random,random,random,random,rotate0,rotate0,rotate0,random,random,random,random
404,random,random,rotate0,rotate0,rotate0,rotate0,random,random,rotate0,random,random,rotate0,rotate0,random,random,rotate0,random,rotate0,rotate0,random,random,rotate0,random,rotate0
405,random,rotate0,random,rotate0,random,random,rotate0,rotate0,random,random,rotate0,random,random,rotate0,random,rotate0,rotate0,random,random,rotate0,rotate0,random,rotate0,rotate0
406,random,random,random,rotate0,rotate0,rotate0,rotate0,random,random,rotate0,rotate0,rotate0,random,rotate0,random,random,random,rotate0,rotate0,random,random,random,rotate0,rotate0
407,rotate0,rotate0,random,random,random,rotate0,rotate0,random,rotate0,rotate0,random,random,random,random,random,rotate0,rotate0,rotate0,rotate0,random,rotate0,rotate0,random,random
408,rotate0,random,rotate0,rotate0,random,rotate0,random,rotate0,random,rotate0,random,random,rotate0,rotate0,random,random,rotate0,rotate0,random,random,rotate0,rotate0,random,random
409,random,rotate0,rotate0,rotate0,random,rotate0,random,random,rotate0,rotate0,random,random,random,rotate0,random,rotate0,random,rotate0,rotate0,rotate0,random,rotate0,random,random
410,random,random,random,rotate0,random,random,random,rotate0,rotate0,random,random,rotate0,rotate0,rotate0,rotate0,random,rotate0,rotate0,random,random,random,rotate0,rotate0,rotate0
411,random,random,random,rotate0,rotate0,rotate0,random,rotate0,rotate0,rotate0,random,random,random,rotate0,random,random,random,random,rotate0,rotate0,rotate0,rotate0,rotate0,random
412,random,rotate0,random,rotate0,rotate0,random,random,random,rotate0,rotate0,rotate0,rotate0,rotate0,random,rotate0,rotate0,random,random,random,random,rotate0,rotate0,random,random
413,random,random,random,random,rotate0,rotate0,random,random,random,random,rotate0,rotate0,rotate0,rotate0,random,random,rotate0,rotate0,rotate0,random,rotate0,random,rotate0,rotate0
414,random,random,random,rotate0,random,random,random,random,rotate0,random,random,rotate0,rotate0,random,rotate0,rotate0,rotate0,rotate0,rotate0,rotate0,rotate0,rotate0,random,random
415,random,rotate0,rotate0,random,rotate0,rotate0,rotate0,rotate0,rotate0,rotate0,rotate0,random,random,rotate0,random,random,random,random,random,random,random,rotate0,random,rotate0
416,rotate0,rotate0,random,rotate0,random,random,rotate0,rotate0,random,rotate0,random,rotate0,random,rotate0,rotate0,random,rotate0,random,random,random,rotate0,random,random,rotate0
417,random,random,rotate0,random,rotate0,random,random,rotate0,random,random,rotate0,random,rotate0,rotate0,rotate0,random,random,random,rotate0,rotate0,rotate0,random,rotate0,rotate0
418,random,random,random,rotate0,rotate0,random,rotate0,rotate0,random,rotate0,rotate0,random,random,rotate0,rotate0,rotate0,random,random,rotate0,random,rotate0,random,random,rotate0
419,random,rotate0,rotate0,rotate0,rotate0,rotate0,random,random,rotate0,random,random,random,rotate0,random,rotate0,random,rotate0,random,rotate0,random,rotate0,random,random,rotate0
420,rotate0,rotate0,random,rotate0,rotate0,random,rotate0,random,random,random,random,random,rotate0,rotate0,rotate0,random,rotate0,random,random,rotate0,random,rotate0,rotate0,random
421,rotate0,rotate0,rotate0,rotate0,random,random,random,random,random,random,rotate0,rotate0,random,random,random,rotate0,random,rotate0,random,random,rotate0,rotate0,rotate0,rotate0
422,random,random,rotate0,rotate0,rotate0,rotate0,rotate0,random,random,rotate0,rotate0,rotate0,random,random,random,rotate0,random,random,random,rotate0,random,random,rotate0,rotate0
423,random,rotate0,random,random,random,random,random,rotate0,rotate0,random,rotate0,rotate0,random,rotate0,rotate0,random,random,rotate0,rotate0,rotate0,random,rotate0,rotate0,random
424,random,random,rotate0,rotate0,rotate0,rotate0,random,rotate0,random,random,random,random,random,rotate0,rotate0,random,random,rotate0,random,rotate0,rotate0,rotate0,rotate0,random
425,random,rotate0,random,random,rotate0,random,random,rotate0,rotate0,random,rotate0,rotate0,random,random,rotate0,rotate0,rotate0,random,rotate0,random,random,rotate0,random,rotate0
426,random,rotate0,rotate0,rotate0,random,random,rotate0,random,rotate0,random,rotate0,random,random,random,random,random,rotate0,random,rotate0,rotate0,rotate0,rotate0,rotate0,random
427,random,rotate0,random,rotate0,rotate0,random,random,random,rotate0,random,random,rotate0,random,rotate0,random,rotate0,rotate0,random,rotate0,random,rotate0,rotate0,random,rotate0
428,random,random,rotate0,rotate0,random,rotate0,rotate0,random,random,random,rotate0,rotate0,rotate0,random,rotate0,rotate0,rotate0,random,rotate0,random,random,random,random,rotate0
429,rotate0,random,random,rotate0,rotate0,rotate0,rotate0,random,random,random,random,rotate0,rotate0,random,rotate0,rotate0,random,random,random,rotate0,random,rotate0,rotate0,random
430,rotate0,random,random,random,random,rotate0,random,rotate0,random,random,rotate0,rotate0,rotate0,rotate0,rotate0,rotate0,rotate0,random,rotate0,random,random,random,rotate0,random
431,rotate0,rotate0,rotate0,rotate0,random,random,rotate0,random,rotate0,rotate0,rotate0,random,rotate0,random,random,random,rotate0,random,random,rotate0,random,rotate0,random,random
432,random,rotate0,rotate0,random,random,random,rotate0,rotate0,random,rotate0,rotate0,random,rotate0,rotate0,rotate0,random,rotate0,rotate0,rotate0,random,random,random,random,random
433,random,rotate0,random,rotate0,rotate0,rotate0,random,random,rotate0,rotate0,random,rotate0,random,random,rotate0,random,random,rotate0,random,rotate0,rotate0,rotate0,random,random
434,random,rotate0,random,random,random,random,rotate0,rotate0,random,rotate0,rotate0,rotate0,random,random,random,rotate0,random,rotate0,rotate0,rotate0,random,random,rotate0,rotate0
435,rotate0,rotate0,rotate0,random,random,rotate0,random,random,random,rotate0,random,random,random,random,rotate0,rotate0,rotate0,random,random,rotate0,rotate0,rotate0,rotate0,random
436,random,rotate0,rotate0,rotate0,random,random,rotate0,rotate0,rotate0,random,random,random,random,random,rotate0,rotate0,random,rotate0,random,random,rotate0,rotate0,rotate0,random
437,random,random,rotate0,rotate0,random,rotate0,random,random,rotate0,rotate0,random,rotate0,random,rotate0,rotate0,rotate0,rotate0,random,rotate0,random,random,random,rotate0,random
438,random,random,random,random,rotate0,random,random,rotate0,rotate0,random,rotate0,random,rotate0,random,random,random,random,rotate0,rotate0,rotate0,rotate0,rotate0,rotate0,rotate0
439,random,random,rotate0,random,rotate0,random,rotate0,random,random,random,rotate0,random,rotate0,random,rotate0,rotate0,rotate0,rotate0,rotate0,rotate0,random,random,rotate0,random
440,random,rotate0,random,random,rotate0,random,random,rotate0,random,random,rotate0,rotate0,random,random,rotate0,random,rotate0,rotate0,random,rotate0,rotate0,rotate0,random,rotate0
441,rotate0,rotate,rotate0,rotate,rotate0,rotate0,rotate,rotate,rotate,rotate,rotate0,rotate,rotate,rotate,rotate,rotate0,rotate0,rotate,rotate0,rotate0,rotate0,rotate0,rotate0,rotate
442,rotate,rotate,rotate,rotate0,rotate0,rotate0,rotate0,rotate,rotate,rotate0,rotate,rotate,rotate0,rotate,rotate,rotate0,rotate0,rotate,rotate0,rotate0,rotate0,rotate,rotate,rotate0
443,rotate0,rotate0,rotate0,rotate0,rotate0,rotate0,rotate,rotate0,rotate,rotate0,rotate0,rotate,rotate,rotate,rotate,rotate,rotate,rotate0,rotate0,rotate0,rotate,rotate,rotate,rotate
444,rotate,rotate,rotate0,rotate0,rotate0,rotate0,rotate,rotate,rotate0,rotate,rotate,rotate0,rotate0,rotate,rotate,rotate0,rotate,rotate0,rotate0,rotate,rotate,rotate0,rotate,rotate0
445,rotate,rotate0,rotate,rotate0,rotate,rotate,rotate0,rotate0,rotate,rotate,rotate0,rotate,rotate,rotate0,rotate,rotate0,rotate0,rotate,rotate,rotate0,rotate0,rotate,rotate0,rotate0
446,rotate,rotate,rotate,rotate0,rotate0,rotate0,rotate0,rotate,rotate,rotate0,rotate0,rotate0,rotate,rotate0,rotate,rotate,rotate,rotate0,rotate0,rotate,rotate,rotate,rotate0,rotate0
447,rotate0,rotate0,rotate,rotate,rotate,rotate0,rotate0,rotate,rotate0,rotate0,rotate,rotate,rotate,rotate,rotate,rotate0,rotate0,rotate0,rotate0,rotate,rotate0,rotate0,rotate,rotate
448,rotate0,rotate,rotate0,rotate0,rotate,rotate0,rotate,rotate0,rotate,rotate0,rotate,rotate,rotate0,rotate0,rotate,rotate,rotate0,rotate0,rotate,rotate,rotate0,rotate0,rotate,rotate
449,rotate,rotate0,rotate0,rotate0,rotate,rotate0,rotate,rotate,rotate0,rotate0,rotate,rotate,rotate,rotate0,rotate,rotate0,rotate,rotate0,rotate0,rotate0,rotate,rotate0,rotate,rotate
450,rotate,rotate,rotate,rotate0,rotate,rotate,rotate,rotate0,rotate0,rotate,rotate,rotate0,rotate0,rotate0,rotate0,rotate,rotate0,rotate0,rotate,rotate,rotate,rotate0,rotate0,rotate0
451,rotate,rotate,rotate,rotate0,rotate0,rotate0,rotate,rotate0,rotate0,rotate0,rotate,rotate,rotate,rotate0,rotate,rotate,rotate,rotate,rotate0,rotate0,rotate0,rotate0,rotate0,rotate
452,rotate,rotate0,rotate,rotate0,rotate0,rotate,rotate,rotate,rotate0,rotate0,rotate0,rotate0,rotate0,rotate,rotate0,rotate0,rotate,rotate,rotate,rotate,rotate0,rotate0,rotate,rotate
453,rotate,rotate,rotate,rotate,rotate0,rotate0,rotate,rotate,rotate,rotate,rotate0,rotate0,rotate0,rotate0,rotate,rotate,rotate0,rotate0,rotate0,rotate,rotate0,rotate,rotate0,rotate0
454,rotate,rotate,rotate,rotate0,rotate,rotate,rotate,rotate,rotate0,rotate,rotate,rotate0,rotate0,rotate,rotate0,rotate0,rotate0,rotate0,rotate0,rotate0,rotate0,rotate0,rotate,rotate
455,rotate,rotate0,rotate0,rotate,rotate0,rotate0,rotate0,rotate0,rotate0,rotate0,rotate0,rotate,rotate,rotate0,rotate,rotate,rotate,rotate,rotate,rotate,rotate,rotate0,rotate,rotate0
456,rotate0,rotate0,rotate,rotate0,rotate,rotate,rotate0,rotate0,rotate,rotate0,rotate,rotate0,rotate,rotate0,rotate0,rotate,rotate0,rotate,rotate,rotate,rotate0,rotate,rotate,rotate0
457,rotate,rotate,rotate0,rotate,rotate0,rotate,rotate,rotate0,rotate,rotate,rotate0,rotate,rotate0,rotate0,rotate0,rotate,rotate,rotate,rotate0,rotate0,rotate0,rotate,rotate0,rotate0
458,rotate,rotate,rotate,rotate0,rotate0,rotate,rotate0,rotate0,rotate,rotate0,rotate0,rotate,rotate,rotate0,rotate0,rotate0,rotate,rotate,rotate0,rotate,rotate0,rotate,rotate,rotate0
459,rotate,rotate0,rotate0,rotate0,rotate0,rotate0,rotate,rotate,rotate0,rotate,rotate,rotate,rotate0,rotate,rotate0,rotate,rotate0,rotate,rotate0,rotate,rotate0,rotate,rotate,rotate0
460,rotate0,rotate0,rotate,rotate0,rotate0,rotate,rotate0,rotate,rotate,rotate,rotate,rotate,rotate0,rotate0,rotate0,rotate,rotate0,rotate,rotate,rotate0,rotate,rotate0,rotate0,rotate
461,rotate0,rotate0,rotate0,rotate0,rotate,rotate,rotate,rotate,rotate,rotate,rotate0,rotate0,rotate,rotate,rotate,rotate0,rotate,rotate0,rotate,rotate,rotate0,rotate0,rotate0,rotate0
462,rotate,rotate,rotate0,rotate0,rotate0,rotate0,rotate0,rotate,rotate,rotate0,rotate0,rotate0,rotate,rotate,rotate,rotate0,rotate,rotate,rotate,rotate0,rotate,rotate,rotate0,rotate0
463,rotate,rotate0,rotate,rotate,rotate,rotate,rotate,rotate0,rotate0,rotate,rotate0,rotate0,rotate,rotate0,rotate0,rotate,rotate,rotate0,rotate0,rotate0,rotate,rotate0,rotate0,rotate
464,rotate,rotate,rotate0,rotate0,rotate0,rotate0,rotate,rotate0,rotate,rotate,rotate,rotate,rotate,rotate0,rotate0,rotate,rotate,rotate0,rotate,rotate0,rotate0,rotate0,rotate0,rotate
465,rotate,rotate0,rotate,rotate,rotate0,rotate,rotate,rotate0,rotate0,rotate,rotate0,rotate0,rotate,rotate,rotate0,rotate0,rotate0,rotate,rotate0,rotate,rotate,rotate0,rotate,rotate0
466,rotate,rotate0,rotate0,rotate0,rotate,rotate,rotate0,rotate,rotate0,rotate,rotate0,rotate,rotate,rotate,rotate,rotate,rotate0,rotate,rotate0,rotate0,rotate0,rotate0,rotate0,rotate
467,rotate,rotate0,rotate,rotate0,rotate0,rotate,rotate,rotate,rotate0,rotate,rotate,rotate0,rotate,rotate0,rotate,rotate0,rotate0,rotate,rotate0,rotate,rotate0,rotate0,rotate,rotate0
468,rotate,rotate,rotate0,rotate0,rotate,rotate0,rotate0,rotate,rotate,rotate,rotate0,rotate0,rotate0,rotate,rotate0,rotate0,rotate0,rotate,rotate0,rotate,rotate,rotate,rotate,rotate0
469,rotate0,rotate,rotate,rotate0,rotate0,rotate0,rotate0,rotate,rotate,rotate,rotate,rotate0,rotate0,rotate,rotate0,rotate0,rotate,rotate,rotate,rotate0,rotate,rotate0,rotate0,rotate
470,rotate0,rotate,rotate,rotate,rotate,rotate0,rotate,rotate0,rotate,rotate,rotate0,rotate0,rotate0,rotate0,rotate0,rotate0,rotate0,rotate,rotate0,rotate,rotate,rotate,rotate0,rotate
471,rotate0,rotate0,rotate0,rotate0,rotate,rotate,rotate0,rotate,rotate0,rotate0,rotate0,rotate,rotate0,rotate,rotate,rotate,rotate0,rotate,rotate,rotate0,rotate,rotate0,rotate,rotate
472,rotate,rotate0,rotate0,rotate,rotate,rotate,rotate0,rotate0,rotate,rotate0,rotate0,rotate,rotate0,rotate0,rotate0,rotate,rotate0,rotate0,rotate0,rotate,rotate,rotate,rotate,rotate
473,rotate,rotate0,rotate,rotate0,rotate0,rotate0,rotate,rotate,rotate0,rotate0,rotate,rotate0,rotate,rotate,rotate0,rotate,rotate,rotate0,rotate,rotate0,rotate0,rotate0,rotate,rotate
474,rotate,rotate0,rotate,rotate,rotate,rotate,rotate0,rotate0,rotate,rotate0,rotate0,rotate0,rotate,rotate,rotate,rotate0,rotate,rotate0,rotate0,rotate0,rotate,rotate,rotate0,rotate0
475,rotate0,rotate0,rotate0,rotate,rotate,rotate0,rotate,rotate,rotate,rotate0,rotate,rotate,rotate,rotate,rotate0,rotate0,rotate0,rotate,rotate,rotate0,rotate0,rotate0,rotate0,rotate
476,rotate,rotate0,rotate0,rotate0,rotate,rotate,rotate0,rotate0,rotate0,rotate,rotate,rotate,rotate,rotate,rotate0,rotate0,rotate,rotate0,rotate,rotate,rotate0,rotate0,rotate0,rotate
477,rotate,rotate,rotate0,rotate0,rotate,rotate0,rotate,rotate,rotate0,rotate0,rotate,rotate0,rotate,rotate0,rotate0,rotate0,rotate0,rotate,rotate0,rotate,rotate,rotate,rotate0,rotate
478,rotate,rotate,rotate,rotate,rotate0,rotate,rotate,rotate0,rotate0,rotate,rotate0,rotate,rotate0,rotate,rotate,rotate,rotate,rotate0,rotate0,rotate0,rotate0,rotate0,rotate0,rotate0
479,rotate,rotate,rotate0,rotate,rotate0,rotate,rotate0,rotate,rotate,rotate,rotate0,rotate,rotate0,rotate,rotate0,rotate0,rotate0,rotate0,rotate0,rotate0,rotate,rotate,rotate0,rotate
480,rotate,rotate0,rotate,rotate,rotate0,rotate,rotate,rotate0,rotate,rotate,rotate0,rotate0,rotate,rotate,rotate0,rotate,rotate0,rotate0,rotate,rotate0,rotate0,rotate0,rotate,rotate0
481,rotate0,random3,rotate0,random3,rotate0,rotate0,random3,random3,random3,random3,rotate0,random3,random3,random3,random3,rotate0,rotate0,random3,rotate0,rotate0,rotate0,rotate0,rotate0,random3
482,random3,random3,random3,rotate0,rotate0,rotate0,rotate0,random3,random3,rotate0,random3,random3,rotate0,random3,random3,rotate0,rotate0,random3,rotate0,rotate0,rotate0,random3,random3,rotate0
483,rotate0,rotate0,rotate0,rotate0,rotate0,rotate0,random3,rotate0,random3,rotate0,rotate0,random3,random3,random3,random3,random3,random3,rotate0,rotate0,rotate0,random3,random3,random3,random3
484,random3,random3,rotate0,rotate0,rotate0,rotate0,random3,random3,rotate0,random3,random3,rotate0,rotate0,random3,random3,rotate0,random3,rotate0,rotate0,random3,random3,rotate0,random3,rotate0
485,random3,rotate0,random3,rotate0,random3,random3,rotate0,rotate0,random3,random3,rotate0,random3,random3,rotate0,random3,rotate0,rotate0,random3,random3,rotate0,rotate0,random3,rotate0,rotate0
486,random3,random3,random3,rotate0,rotate0,rotate0,rotate0,random3,random3,rotate0,rotate0,rotate0,random3,rotate0,random3,random3,random3,rotate0,rotate0,random3,random3,random3,rotate0,rotate0
487,rotate0,rotate0,random3,random3,random3,rotate0,rotate0,random3,rotate0,rotate0,random3,random3,random3,random3,random3,rotate0,rotate0,rotate0,rotate0,random3,rotate0,rotate0,random3,random3
488,rotate0,random3,rotate0,rotate0,random3,rotate0,random3,rotate0,random3,rotate0,random3,random3,rotate0,rotate0,random3,random3,rotate0,rotate0,random3,random3,rotate0,rotate0,random3,random3
489,random3,rotate0,rotate0,rotate0,random3,rotate0,random3,random3,rotate0,rotate0,random3,random3,random3,rotate0,random3,rotate0,random3,rotate0,rotate0,rotate0,random3,rotate0,random3,random3
490,random3,random3,random3,rotate0,random3,random3,random3,rotate0,rotate0,random3,random3,rotate0,rotate0,rotate0,rotate0,random3,rotate0,rotate0,random3,random3,random3,rotate0,rotate0,rotate0
491,random3,random3,random3,rotate0,rotate0,rotate0,random3,rotate0,rotate0,rotate0,random3,random3,random3,rotate0,random3,random3,random3,random3,rotate0,rotate0,rotate0,rotate0,rotate0,random3
492,random3,rotate0,random3,rotate0,rotate0,random3,random3,random3,rotate0,rotate0,rotate0,rotate0,rotate0,random3,rotate0,rotate0,random3,random3,random3,random3,rotate0,rotate0,random3,random3
493,random3,random3,random3,random3,rotate0,rotate0,random3,random3,random3,random3,rotate0,rotate0,rotate0,rotate0,random3,random3,rotate0,rotate0,rotate0,random3,rotate0,random3,rotate0,rotate0
494,random3,random3,random3,rotate0,random3,random3,random3,random3,rotate0,random3,random3,rotate0,rotate0,random3,rotate0,rotate0,rotate0,rotate0,rotate0,rotate0,rotate0,rotate0,random3,random3
495,random3,rotate0,rotate0,random3,rotate0,rotate0,rotate0,rotate0,rotate0,rotate0,rotate0,random3,random3,rotate0,random3,random3,random3,random3,random3,random3,random3,rotate0,random3,rotate0
496,rotate0,rotate0,random3,rotate0,random3,random3,rotate0,rotate0,random3,rotate0,random3,rotate0,random3,rotate0,rotate0,random3,rotate0,random3,random3,random3,rotate0,random3,random3,rotate0
497,random3,random3,rotate0,random3,rotate0,random3,random3,rotate0,random3,random3,rotate0,random3,rotate0,rotate0,rotate0,random3,random3,random3,rotate0,rotate0,rotate0,random3,rotate0,rotate0
498,random3,random3,random3,rotate0,rotate0,random3,rotate0,rotate0,random3,rotate0,rotate0,random3,random3,rotate0,rotate0,rotate0,random3,random3,rotate0,random3,rotate0,random3,random3,rotate0
499,random3,rotate0,rotate0,rotate0,rotate0,rotate0,random3,random3,rotate0,random3,random3,random3,rotate0,random3,rotate0,random3,rotate0,random3,rotate0,random3,rotate0,random3,random3,rotate0
500,rotate0,rotate0,random3,rotate0,rotate0,random3,rotate0,random3,random3,random3,random3,random3,rotate0,rotate0,rotate0,random3,rotate0,random3,random3,rotate0,random3,rotate0,rotate0,random3
501,rotate0,rotate0,rotate0,rotate0,random3,random3,random3,random3,random3,random3,rotate0,rotate0,random3,random3,random3,rotate0,random3,rotate0,random3,random3,rotate0,rotate0,rotate0,rotate0
502,random3,random3,rotate0,rotate0,rotate0,rotate0,rotate0,random3,random3,rotate0,rotate0,rotate0,random3,random3,random3,rotate0,random3,random3,random3,rotate0,random3,random3,rotate0,rotate0
503,random3,rotate0,random3,random3,random3,random3,random3,rotate0,rotate0,random3,rotate0,rotate0,random3,rotate0,rotate0,random3,random3,rotate0,rotate0,rotate0,random3,rotate0,rotate0,random3
504,random3,random3,rotate0,rotate0,rotate0,rotate0,random3,rotate0,random3,random3,random3,random3,random3,rotate0,rotate0,random3,random3,rotate0,random3,rotate0,rotate0,rotate0,rotate0,random3
505,random3,rotate0,random3,random3,rotate0,random3,random3,rotate0,rotate0,random3,rotate0,rotate0,random3,random3,rotate0,rotate0,rotate0,random3,rotate0,random3,random3,rotate0,random3,rotate0
506,random3,rotate0,rotate0,rotate0,random3,random3,rotate0,random3,rotate0,random3,rotate0,random3,random3,random3,random3,random3,rotate0,random3,rotate0,rotate0,rotate0,rotate0,rotate0,random3
507,random3,rotate0,random3,rotate0,rotate0,random3,random3,random3,rotate0,random3,random3,rotate0,random3,rotate0,random3,rotate0,rotate0,random3,rotate0,random3,rotate0,rotate0,random3,rotate0
508,random3,random3,rotate0,rotate0,random3,rotate0,rotate0,random3,random3,random3,rotate0,rotate0,rotate0,random3,rotate0,rotate0,rotate0,random3,rotate0,random3,random3,random3,random3,rotate0
509,rotate0,random3,random3,rotate0,rotate0,rotate0,rotate0,random3,random3,random3,random3,rotate0,rotate0,random3,rotate0,rotate0,random3,random3,random3,rotate0,random3,rotate0,rotate0,random3
510,rotate0,random3,random3,random3,random3,rotate0,random3,rotate0,random3,random3,rotate0,rotate0,rotate0,rotate0,rotate0,rotate0,rotate0,random3,rotate0,random3,random3,random3,rotate0,random3
511,rotate0,rotate0,rotate0,rotate0,random3,random3,rotate0,random3,rotate0,rotate0,rotate0,random3,rotate0,random3,random3,random3,rotate0,random3,random3,rotate0,random3,rotate0,random3,random3
512,random3,rotate0,rotate0,random3,random3,random3,rotate0,rotate0,random3,rotate0,rotate0,random3,rotate0,rotate0,rotate0,random3,rotate0,rotate0,rotate0,random3,random3,random3,random3,random3
513,random3,rotate0,random3,rotate0,rotate0,rotate0,random3,random3,rotate0,rotate0,random3,rotate0,random3,random3,rotate0,random3,random3,rotate0,random3,rotate0,rotate0,rotate0,random3,random3
514,random3,rotate0,random3,random3,random3,random3,rotate0,rotate0,random3,rotate0,rotate0,rotate0,random3,random3,random3,rotate0,random3,rotate0,rotate0,rotate0,random3,random3,rotate0,rotate0
515,rotate0,rotate0,rotate0,random3,random3,rotate0,random3,random3,random3,rotate0,random3,random3,random3,random3,rotate0,rotate0,rotate0,random3,random3,rotate0,rotate0,rotate0,rotate0,random3
516,random3,rotate0,rotate0,rotate0,random3,random3,rotate0,rotate0,rotate0,random3,random3,random3,random3,random3,rotate0,rotate0,random3,rotate0,random3,random3,rotate0,rotate0,rotate0,random3
517,random3,random3,rotate0,rotate0,random3,rotate0,random3,random3,rotate0,rotate0,random3,rotate0,random3,rotate0,rotate0,rotate0,rotate0,random3,rotate0,random3,random3,random3,rotate0,random3
518,random3,random3,random3,random3,rotate0,random3,random3,rotate0,rotate0,random3,rotate0,random3,rotate0,random3,random3,random3,random3,rotate0,rotate0,rotate0,rotate0,rotate0,rotate0,rotate0
519,random3,random3,rotate0,random3,rotate0,random3,rotate0,random3,random3,random3,rotate0,random3,rotate0,random3,rotate0,rotate0,rotate0,rotate0,rotate0,rotate0,random3,random3,rotate0,random3
520,random3,rotate0,random3,random3,rotate0,random3,random3,rotate0,random3,random3,rotate0,rotate0,random3,random3,rotate0,random3,rotate0,rotate0,random3,rotate0,rotate0,rotate0,random3,rotate0
521,rotate0,radicaleq,rotate0,radicaleq,rotate0,rotate0,radicaleq,radicaleq,radicaleq,radicaleq,rotate0,radicaleq,radicaleq,radicaleq,radicaleq,rotate0,rotate0,radicaleq,rotate0,rotate0,rotate0,rotate0,rotate0,radicaleq
522,radicaleq,radicaleq,radicaleq,rotate0,rotate0,rotate0,rotate0,radicaleq,radicaleq,rotate0,radicaleq,radicaleq,rotate0,radicaleq,radicaleq,rotate0,rotate0,radicaleq,rotate0,rotate0,rotate0,radicaleq,radicaleq,rotate0
523,rotate0,rotate0,rotate0,rotate0,rotate0,rotate0,radicaleq,rotate0,radicaleq,rotate0,rotate0,radicaleq,radicaleq,radicaleq,radicaleq,radicaleq,radicaleq,rotate0,rotate0,rotate0,radicaleq,radicaleq,radicaleq,radicaleq
524,radicaleq,radicaleq,rotate0,rotate0,rotate0,rotate0,radicaleq,radicaleq,rotate0,radicaleq,radicaleq,rotate0,rotate0,radicaleq,radicaleq,rotate0,radicaleq,rotate0,rotate0,radicaleq,radicaleq,rotate0,radicaleq,rotate0
525,radicaleq,rotate0,radicaleq,rotate0,radicaleq,radicaleq,rotate0,rotate0,radicaleq,radicaleq,rotate0,radicaleq,radicaleq,rotate0,radicaleq,rotate0,rotate0,radicaleq,radicaleq,rotate0,rotate0,radicaleq,rotate0,rotate0
526,radicaleq,radicaleq,radicaleq,rotate0,rotate0,rotate0,rotate0,radicaleq,radicaleq,rotate0,rotate0,rotate0,radicaleq,rotate0,radicaleq,radicaleq,radicaleq,rotate0,rotate0,radicaleq,radicaleq,radicaleq,rotate0,rotate0
527,rotate0,rotate0,radicaleq,radicaleq,radicaleq,rotate0,rotate0,radicaleq,rotate0,rotate0,radicaleq,radicaleq,radicaleq,radicaleq,radicaleq,rotate0,rotate0,rotate0,rotate0,radicaleq,rotate0,rotate0,radicaleq,radicaleq
528,rotate0,radicaleq,rotate0,rotate0,radicaleq,rotate0,radicaleq,rotate0,radicaleq,rotate0,radicaleq,radicaleq,rotate0,rotate0,radicaleq,radicaleq,rotate0,rotate0,radicaleq,radicaleq,rotate0,rotate0,radicaleq,radicaleq
529,radicaleq,rotate0,rotate0,rotate0,radicaleq,rotate0,radicaleq,radicaleq,rotate0,rotate0,radicaleq,radicaleq,radicaleq,rotate0,radicaleq,rotate0,radicaleq,rotate0,rotate0,rotate0,radicaleq,rotate0,radicaleq,radicaleq
530,radicaleq,radicaleq,radicaleq,rotate0,radicaleq,radicaleq,radicaleq,rotate0,rotate0,radicaleq,radicaleq,rotate0,rotate0,rotate0,rotate0,radicaleq,rotate0,rotate0,radicaleq,radicaleq,radicaleq,rotate0,rotate0,rotate0
531,radicaleq,radicaleq,radicaleq,rotate0,rotate0,rotate0,radicaleq,rotate0,rotate0,rotate0,radicaleq,radicaleq,radicaleq,rotate0,radicaleq,radicaleq,radicaleq,radicaleq,rotate0,rotate0,rotate0,rotate0,rotate0,radicaleq
532,radicaleq,rotate0,radicaleq,rotate0,rotate0,radicaleq,radicaleq,radicaleq,rotate0,rotate0,rotate0,rotate0,rotate0,radicaleq,rotate0,rotate0,radicaleq,radicaleq,radicaleq,radicaleq,rotate0,rotate0,radicaleq,radicaleq
533,radicaleq,radicaleq,radicaleq,radicaleq,rotate0,rotate0,radicaleq,radicaleq,radicaleq,radicaleq,rotate0,rotate0,rotate0,rotate0,radicaleq,radicaleq,rotate0,rotate0,rotate0,radicaleq,rotate0,radicaleq,rotate0,rotate0
534,radicaleq,radicaleq,radicaleq,rotate0,radicaleq,radicaleq,radicaleq,radicaleq,rotate0,radicaleq,radicaleq,rotate0,rotate0,radicaleq,rotate0,rotate0,rotate0,rotate0,rotate0,rotate0,rotate0,rotate0,radicaleq,radicaleq
535,radicaleq,rotate0,rotate0,radicaleq,rotate0,rotate0,rotate0,rotate0,rotate0,rotate0,rotate0,radicaleq,radicaleq,rotate0,radicaleq,radicaleq,radicaleq,radicaleq,radicaleq,radicaleq,radicaleq,rotate0,radicaleq,rotate0
536,rotate0,rotate0,radicaleq,rotate0,radicaleq,radicaleq,rotate0,rotate0,radicaleq,rotate0,radicaleq,rotate0,radicaleq,rotate0,rotate0,radicaleq,rotate0,radicaleq,radicaleq,radicaleq,rotate0,radicaleq,radicaleq,rotate0
537,radicaleq,radicaleq,rotate0,radicaleq,rotate0,radicaleq,radicaleq,rotate0,radicaleq,radicaleq,rotate0,radicaleq,rotate0,rotate0,rotate0,radicaleq,radicaleq,radicaleq,rotate0,rotate0,rotate0,radicaleq,rotate0,rotate0
538,radicaleq,radicaleq,radicaleq,rotate0,rotate0,radicaleq,rotate0,rotate0,radicaleq,rotate0,rotate0,radicaleq,radicaleq,rotate0,rotate0,rotate0,radicaleq,radicaleq,rotate0,radicaleq,rotate0,radicaleq,radicaleq,rotate0
539,radicaleq,rotate0,rotate0,rotate0,rotate0,rotate0,radicaleq,radicaleq,rotate0,radicaleq,radicaleq,radicaleq,rotate0,radicaleq,rotate0,radicaleq,rotate0,radicaleq,rotate0,radicaleq,rotate0,radicaleq,radicaleq,rotate0
540,rotate0,rotate0,radicaleq,rotate0,rotate0,radicaleq,rotate0,radicaleq,radicaleq,radicaleq,radicaleq,radicaleq,rotate0,rotate0,rotate0,radicaleq,rotate0,radicaleq,radicaleq,rotate0,radicaleq,rotate0,rotate0,radicaleq
541,rotate0,rotate0,rotate0,rotate0,radicaleq,radicaleq,radicaleq,radicaleq,radicaleq,radicaleq,rotate0,rotate0,radicaleq,radicaleq,radicaleq,rotate0,radicaleq,rotate0,radicaleq,radicaleq,rotate0,rotate0,rotate0,rotate0
542,radicaleq,radicaleq,rotate0,rotate0,rotate0,rotate0,rotate0,radicaleq,radicaleq,rotate0,rotate0,rotate0,radicaleq,radicaleq,radicaleq,rotate0,radicaleq,radicaleq,radicaleq,rotate0,radicaleq,radicaleq,rotate0,rotate0
543,radicaleq,rotate0,radicaleq,radicaleq,radicaleq,radicaleq,radicaleq,rotate0,rotate0,radicaleq,rotate0,rotate0,radicaleq,rotate0,rotate0,radicaleq,radicaleq,rotate0,rotate0,rotate0,radicaleq,rotate0,rotate0,radicaleq
544,radicaleq,radicaleq,rotate0,rotate0,rotate0,rotate0,radicaleq,rotate0,radicaleq,radicaleq,radicaleq,radicaleq,radicaleq,rotate0,rotate0,radicaleq,radicaleq,rotate0,radicaleq,rotate0,rotate0,rotate0,rotate0,radicaleq
545,radicaleq,rotate0,radicaleq,radicaleq,rotate0,radicaleq,radicaleq,rotate0,rotate0,radicaleq,rotate0,rotate0,radicaleq,radicaleq,rotate0,rotate0,rotate0,radicaleq,rotate0,radicaleq,radicaleq,rotate0,radicaleq,rotate0
546,radicaleq,rotate0,rotate0,rotate0,radicaleq,radicaleq,rotate0,radicaleq,rotate0,radicaleq,rotate0,radicaleq,radicaleq,radicaleq,radicaleq,radicaleq,rotate0,radicaleq,rotate0,rotate0,rotate0,rotate0,rotate0,radicaleq
547,radicaleq,rotate0,radicaleq,rotate0,rotate0,radicaleq,radicaleq,radicaleq,rotate0,radicaleq,radicaleq,rotate0,radicaleq,rotate0,radicaleq,rotate0,rotate0,radicaleq,rotate0,radicaleq,rotate0,rotate0,radicaleq,rotate0
548,radicaleq,radicaleq,rotate0,rotate0,radicaleq,rotate0,rotate0,radicaleq,radicaleq,radicaleq,rotate0,rotate0,rotate0,radicaleq,rotate0,rotate0,rotate0,radicaleq,rotate0,radicaleq,radicaleq,radicaleq,radicaleq,rotate0
549,rotate0,radicaleq,radicaleq,rotate0,rotate0,rotate0,rotate0,radicaleq,radicaleq,radicaleq,radicaleq,rotate0,rotate0,radicaleq,rotate0,rotate0,radicaleq,radicaleq,radicaleq,rotate0,radicaleq,rotate0,rotate0,radicaleq
550,rotate0,radicaleq,radicaleq,radicaleq,radicaleq,rotate0,radicaleq,rotate0,radicaleq,radicaleq,rotate0,rotate0,rotate0,rotate0,rotate0,rotate0,rotate0,radicaleq,rotate0,radicaleq,radicaleq,radicaleq,rotate0,radicaleq
551,rotate0,rotate0,rotate0,rotate0,radicaleq,radicaleq,rotate0,radicaleq,rotate0,rotate0,rotate0,radicaleq,rotate0,radicaleq,radicaleq,radicaleq,rotate0,radicaleq,radicaleq,rotate0,radicaleq,rotate0,radicaleq,radicaleq
552,radicaleq,rotate0,rotate0,radicaleq,radicaleq,radicaleq,rotate0,rotate0,radicaleq,rotate0,rotate0,radicaleq,rotate0,rotate0,rotate0,radicaleq,rotate0,rotate0,rotate0,radicaleq,radicaleq,radicaleq,radicaleq,radicaleq
553,radicaleq,rotate0,radicaleq,rotate0,rotate0,rotate0,radicaleq,radicaleq,rotate0,rotate0,radicaleq,rotate0,radicaleq,radicaleq,rotate0,radicaleq,radicaleq,rotate0,radicaleq,rotate0,rotate0,rotate0,radicaleq,radicaleq
554,radicaleq,rotate0,radicaleq,radicaleq,radicaleq,radicaleq,rotate0,rotate0,radicaleq,rotate0,rotate0,rotate0,radicaleq,radicaleq,radicaleq,rotate0,radicaleq,rotate0,rotate0,rotate0,radicaleq,radicaleq,rotate0,rotate0
555,rotate0,rotate0,rotate0,radicaleq,radicaleq,rotate0,radicaleq,radicaleq,radicaleq,rotate0,radicaleq,radicaleq,radicaleq,radicaleq,rotate0,rotate0,rotate0,radicaleq,radicaleq,rotate0,rotate0,rotate0,rotate0,radicaleq
556,radicaleq,rotate0,rotate0,rotate0,radicaleq,radicaleq,rotate0,rotate0,rotate0,radicaleq,radicaleq,radicaleq,radicaleq,radicaleq,rotate0,rotate0,radicaleq,rotate0,radicaleq,radicaleq,rotate0,rotate0,rotate0,radicaleq
557,radicaleq,radicaleq,rotate0,rotate0,radicaleq,rotate0,radicaleq,radicaleq,rotate0,rotate0,radicaleq,rotate0,radicaleq,rotate0,rotate0,rotate0,rotate0,radicaleq,rotate0,radicaleq,radicaleq,radicaleq,rotate0,radicaleq
558,radicaleq,radicaleq,radicaleq,radicaleq,rotate0,radicaleq,radicaleq,rotate0,rotate0,radicaleq,rotate0,radicaleq,rotate0,radicaleq,radicaleq,radicaleq,radicaleq,rotate0,rotate0,rotate0,rotate0,rotate0,rotate0,rotate0
559,radicaleq,radicaleq,rotate0,radicaleq,rotate0,radicaleq,rotate0,radicaleq,radicaleq,radicaleq,rotate0,radicaleq,rotate0,radicaleq,rotate0,rotate0,rotate0,rotate0,rotate0,rotate0,radicaleq,radicaleq,rotate0,radicaleq
560,radicaleq,rotate0,radicaleq,radicaleq,rotate0,radicaleq,radicaleq,rotate0,radicaleq,radicaleq,rotate0,rotate0,radicaleq,radicaleq,rotate0,radicaleq,rotate0,rotate0,radicaleq,rotate0,rotate0,rotate0,radicaleq,rotate0
561,rotate0,rotate0,rotate0,rotate0,rotate0,rotate0,rotate0,rotate0,rotate0,rotate0,rotate0,rotate0,rotate0,rotate0,rotate0,rotate0,rotate0,rotate0,rotate0,rotate0,rotate0,rotate0,rotate0,rotate0
562,rotate0,rotate0,rotate0,rotate0,rotate0,rotate0,rotate0,rotate0,rotate0,rotate0,rotate0,rotate0,rotate0,rotate0,rotate0,rotate0,rotate0,rotate0,rotate0,rotate0,rotate0,rotate0,rotate0,rotate0
563,rotate0,rotate0,rotate0,rotate0,rotate0,rotate0,rotate0,rotate0,rotate0,rotate0,rotate0,rotate0,rotate0,rotate0,rotate0,rotate0,rotate0,rotate0,rotate0,rotate0,rotate0,rotate0,rotate0,rotate0
564,rotate0,rotate0,rotate0,rotate0,rotate0,rotate0,rotate0,rotate0,rotate0,rotate0,rotate0,rotate0,rotate0,rotate0,rotate0,rotate0,rotate0,rotate0,rotate0,rotate0,rotate0,rotate0,rotate0,rotate0
565,rotate0,rotate0,rotate0,rotate0,rotate0,rotate0,rotate0,rotate0,rotate0,rotate0,rotate0,rotate0,rotate0,rotate0,rotate0,rotate0,rotate0,rotate0,rotate0,rotate0,rotate0,rotate0,rotate0,rotate0
566,rotate0,rotate0,rotate0,rotate0,rotate0,rotate0,rotate0,rotate0,rotate0,rotate0,rotate0,rotate0,rotate0,rotate0,rotate0,rotate0,rotate0,rotate0,rotate0,rotate0,rotate0,rotate0,rotate0,rotate0
567,rotate0,rotate0,rotate0,rotate0,rotate0,rotate0,rotate0,rotate0,rotate0,rotate0,rotate0,rotate0,rotate0,rotate0,rotate0,rotate0,rotate0,rotate0,rotate0,rotate0,rotate0,rotate0,rotate0,rotate0
568,rotate0,rotate0,rotate0,rotate0,rotate0,rotate0,rotate0,rotate0,rotate0,rotate0,rotate0,rotate0,rotate0,rotate0,rotate0,rotate0,rotate0,rotate0,rotate0,rotate0,rotate0,rotate0,rotate0,rotate0
569,rotate0,rotate0,rotate0,rotate0,rotate0,rotate0,rotate0,rotate0,rotate0,rotate0,rotate0,rotate0,rotate0,rotate0,rotate0,rotate0,rotate0,rotate0,rotate0,rotate0,rotate0,rotate0,rotate0,rotate0
570,rotate0,rotate0,rotate0,rotate0,rotate0,rotate0,rotate0,rotate0,rotate0,rotate0,rotate0,rotate0,rotate0,rotate0,rotate0,rotate0,rotate0,rotate0,rotate0,rotate0,rotate0,rotate0,rotate0,rotate0
571,rotate0,rotate0,rotate0,rotate0,rotate0,rotate0,rotate0,rotate0,rotate0,rotate0,rotate0,rotate0,rotate0,rotate0,rotate0,rotate0,rotate0,rotate0,rotate0,rotate0,rotate0,rotate0,rotate0,rotate0
572,rotate0,rotate0,rotate0,rotate0,rotate0,rotate0,rotate0,rotate0,rotate0,rotate0,rotate0,rotate0,rotate0,rotate0,rotate0,rotate0,rotate0,rotate0,rotate0,rotate0,rotate0,rotate0,rotate0,rotate0
573,rotate0,rotate0,rotate0,rotate0,rotate0,rotate0,rotate0,rotate0,rotate0,rotate0,rotate0,rotate0,rotate0,rotate0,rotate0,rotate0,rotate0,rotate0,rotate0,rotate0,rotate0,rotate0,rotate0,rotate0
574,rotate0,rotate0,rotate0,rotate0,rotate0,rotate0,rotate0,rotate0,rotate0,rotate0,rotate0,rotate0,rotate0,rotate0,rotate0,rotate0,rotate0,rotate0,rotate0,rotate0,rotate0,rotate0,rotate0,rotate0
575,rotate0,rotate0,rotate0,rotate0,rotate0,rotate0,rotate0,rotate0,rotate0,rotate0,rotate0,rotate0,rotate0,rotate0,rotate0,rotate0,rotate0,rotate0,rotate0,rotate0,rotate0,rotate0,rotate0,rotate0
576,rotate0,rotate0,rotate0,rotate0,rotate0,rotate0,rotate0,rotate0,rotate0,rotate0,rotate0,rotate0,rotate0,rotate0,rotate0,rotate0,rotate0,rotate0,rotate0,rotate0,rotate0,rotate0,rotate0,rotate0
577,rotate0,rotate0,rotate0,rotate0,rotate0,rotate0,rotate0,rotate0,rotate0,rotate0,rotate0,rotate0,rotate0,rotate0,rotate0,rotate0,rotate0,rotate0,rotate0,rotate0,rotate0,rotate0,rotate0,rotate0
578,rotate0,rotate0,rotate0,rotate0,rotate0,rotate0,rotate0,rotate0,rotate0,rotate0,rotate0,rotate0,rotate0,rotate0,rotate0,rotate0,rotate0,rotate0,rotate0,rotate0,rotate0,rotate0,rotate0,rotate0
579,rotate0,rotate0,rotate0,rotate0,rotate0,rotate0,rotate0,rotate0,rotate0,rotate0,rotate0,rotate0,rotate0,rotate0,rotate0,rotate0,rotate0,rotate0,rotate0,rotate0,rotate0,rotate0,rotate0,rotate0
580,rotate0,rotate0,rotate0,rotate0,rotate0,rotate0,rotate0,rotate0,rotate0,rotate0,rotate0,rotate0,rotate0,rotate0,rotate0,rotate0,rotate0,rotate0,rotate0,rotate0,rotate0,rotate0,rotate0,rotate0
581,rotate0,rotate0,rotate0,rotate0,rotate0,rotate0,rotate0,rotate0,rotate0,rotate0,rotate0,rotate0,rotate0,rotate0,rotate0,rotate0,rotate0,rotate0,rotate0,rotate0,rotate0,rotate0,rotate0,rotate0
582,rotate0,rotate0,rotate0,rotate0,rotate0,rotate0,rotate0,rotate0,rotate0,rotate0,rotate0,rotate0,rotate0,rotate0,rotate0,rotate0,rotate0,rotate0,rotate0,rotate0,rotate0,rotate0,rotate0,rotate0
583,rotate0,rotate0,rotate0,rotate0,rotate0,rotate0,rotate0,rotate0,rotate0,rotate0,rotate0,rotate0,rotate0,rotate0,rotate0,rotate0,rotate0,rotate0,rotate0,rotate0,rotate0,rotate0,rotate0,rotate0
584,rotate0,rotate0,rotate0,rotate0,rotate0,rotate0,rotate0,rotate0,rotate0,rotate0,rotate0,rotate0,rotate0,rotate0,rotate0,rotate0,rotate0,rotate0,rotate0,rotate0,rotate0,rotate0,rotate0,rotate0
585,rotate0,rotate0,rotate0,rotate0,rotate0,rotate0,rotate0,rotate0,rotate0,rotate0,rotate0,rotate0,rotate0,rotate0,rotate0,rotate0,rotate0,rotate0,rotate0,rotate0,rotate0,rotate0,rotate0,rotate0
586,rotate0,rotate0,rotate0,rotate0,rotate0,rotate0,rotate0,rotate0,rotate0,rotate0,rotate0,rotate0,rotate0,rotate0,rotate0,rotate0,rotate0,rotate0,rotate0,rotate0,rotate0,rotate0,rotate0,rotate0
587,rotate0,rotate0,rotate0,rotate0,rotate0,rotate0,rotate0,rotate0,rotate0,rotate0,rotate0,rotate0,rotate0,rotate0,rotate0,rotate0,rotate0,rotate0,rotate0,rotate0,rotate0,rotate0,rotate0,rotate0
588,rotate0,rotate0,rotate0,rotate0,rotate0,rotate0,rotate0,rotate0,rotate0,rotate0,rotate0,rotate0,rotate0,rotate0,rotate0,rotate0,rotate0,rotate0,rotate0,rotate0,rotate0,rotate0,rotate0,rotate0
589,rotate0,rotate0,rotate0,rotate0,rotate0,rotate0,rotate0,rotate0,rotate0,rotate0,rotate0,rotate0,rotate0,rotate0,rotate0,rotate0,rotate0,rotate0,rotate0,rotate0,rotate0,rotate0,rotate0,rotate0
590,rotate0,rotate0,rotate0,rotate0,rotate0,rotate0,rotate0,rotate0,rotate0,rotate0,rotate0,rotate0,rotate0,rotate0,rotate0,rotate0,rotate0,rotate0,rotate0,rotate0,rotate0,rotate0,rotate0,rotate0
591,rotate0,rotate0,rotate0,rotate0,rotate0,rotate0,rotate0,rotate0,rotate0,rotate0,rotate0,rotate0,rotate0,rotate0,rotate0,rotate0,rotate0,rotate0,rotate0,rotate0,rotate0,rotate0,rotate0,rotate0
592,rotate0,rotate0,rotate0,rotate0,rotate0,rotate0,rotate0,rotate0,rotate0,rotate0,rotate0,rotate0,rotate0,rotate0,rotate0,rotate0,rotate0,rotate0,rotate0,rotate0,rotate0,rotate0,rotate0,rotate0
593,rotate0,rotate0,rotate0,rotate0,rotate0,rotate0,rotate0,rotate0,rotate0,rotate0,rotate0,rotate0,rotate0,rotate0,rotate0,rotate0,rotate0,rotate0,rotate0,rotate0,rotate0,rotate0,rotate0,rotate0
594,rotate0,rotate0,rotate0,rotate0,rotate0,rotate0,rotate0,rotate0,rotate0,rotate0,rotate0,rotate0,rotate0,rotate0,rotate0,rotate0,rotate0,rotate0,rotate0,rotate0,rotate0,rotate0,rotate0,rotate0
595,rotate0,rotate0,rotate0,rotate0,rotate0,rotate0,rotate0,rotate0,rotate0,rotate0,rotate0,rotate0,rotate0,rotate0,rotate0,rotate0,rotate0,rotate0,rotate0,rotate0,rotate0,rotate0,rotate0,rotate0
596,rotate0,rotate0,rotate0,rotate0,rotate0,rotate0,rotate0,rotate0,rotate0,rotate0,rotate0,rotate0,rotate0,rotate0,rotate0,rotate0,rotate0,rotate0,rotate0,rotate0,rotate0,rotate0,rotate0,rotate0
597,rotate0,rotate0,rotate0,rotate0,rotate0,rotate0,rotate0,rotate0,rotate0,rotate0,rotate0,rotate0,rotate0,rotate0,rotate0,rotate0,rotate0,rotate0,rotate0,rotate0,rotate0,rotate0,rotate0,rotate0
598,rotate0,rotate0,rotate0,rotate0,rotate0,rotate0,rotate0,rotate0,rotate0,rotate0,rotate0,rotate0,rotate0,rotate0,rotate0,rotate0,rotate0,rotate0,rotate0,rotate0,rotate0,rotate0,rotate0,rotate0
599,rotate0,rotate0,rotate0,rotate0,rotate0,rotate0,rotate0,rotate0,rotate0,rotate0,rotate0,rotate0,rotate0,rotate0,rotate0,rotate0,rotate0,rotate0,rotate0,rotate0,rotate0,rotate0,rotate0,rotate0
600,rotate0,rotate0,rotate0,rotate0,rotate0,rotate0,rotate0,rotate0,rotate0,rotate0,rotate0,rotate0,rotate0,rotate0,rotate0,rotate0,rotate0,rotate0,rotate0,rotate0,rotate0,rotate0,rotate0,rotate0
601,caste,random,caste,random,caste,caste,random,random,random,random,caste,random,random,random,random,caste,caste,random,caste,caste,caste,caste,caste,random
602,random,random,random,caste,caste,caste,caste,random,random,caste,random,random,caste,random,random,caste,caste,random,caste,caste,caste,random,random,caste
603,caste,caste,caste,caste,caste,caste,random,caste,random,caste,caste,random,random,random,random,random,random,caste,caste,caste,random,random,random,random
604,random,random,caste,caste,caste,caste,random,random,caste,random,random,caste,caste,random,random,caste,random,caste,caste,random,random,caste,random,caste
605,random,caste,random,caste,random,random,caste,caste,random,random,caste,random,random,caste,random,caste,caste,random,random,caste,caste,random,caste,caste
606,random,random,random,caste,caste,caste,caste,random,random,caste,caste,caste,random,caste,random,random,random,caste,caste,random,random,random,caste,caste
607,caste,caste,random,random,random,caste,caste,random,caste,caste,random,random,random,random,random,caste,caste,caste,caste,random,caste,caste,random,random
608,caste,random,caste,caste,random,caste,random,caste,random,caste,random,random,caste,caste,random,random,caste,caste,random,random,caste,caste,random,random
609,random,caste,caste,caste,random,caste,random,random,caste,caste,random,random,random,caste,random,caste,random,caste,caste,caste,random,caste,random,random
610,random,random,random,caste,random,random,random,caste,caste,random,random,caste,caste,caste,caste,random,caste,caste,random,random,random,caste,caste,caste
611,random,random,random,caste,caste,caste,random,caste,caste,caste,random,random,random,caste,random,random,random,random,caste,caste,caste,caste,caste,random
612,random,caste,random,caste,caste,random,random,random,caste,caste,caste,caste,caste,random,caste,caste,random,random,random,random,caste,caste,random,random
613,random,random,random,random,caste,caste,random,random,random,random,caste,caste,caste,caste,random,random,caste,caste,caste,random,caste,random,caste,caste
614,random,random,random,caste,random,random,random,random,caste,random,random,caste,caste,random,caste,caste,caste,caste,caste,caste,caste,caste,random,random
615,random,caste,caste,random,caste,caste,caste,caste,caste,caste,caste,random,random,caste,random,random,random,random,random,random,random,caste,random,caste
616,caste,caste,random,caste,random,random,caste,caste,random,caste,random,caste,random,caste,caste,random,caste,random,random,random,caste,random,random,caste
617,random,random,caste,random,caste,random,random,caste,random,random,caste,random,caste,caste,caste,random,random,random,caste,caste,caste,random,caste,caste
618,random,random,random,caste,caste,random,caste,caste,random,caste,caste,random,random,caste,caste,caste,random,random,caste,random,caste,random,random,caste
619,random,caste,caste,caste,caste,caste,random,random,caste,random,random,random,caste,random,caste,random,caste,random,caste,random,caste,random,random,caste
620,caste,caste,random,caste,caste,random,caste,random,random,random,random,random,caste,caste,caste,random,caste,random,random,caste,random,caste,caste,random
621,caste,caste,caste,caste,random,random,random,random,random,random,caste,caste,random,random,random,caste,random,caste,random,random,caste,caste,caste,caste
622,random,random,caste,caste,caste,caste,caste,random,random,caste,caste,caste,random,random,random,caste,random,random,random,caste,random,random,caste,caste
623,random,caste,random,random,random,random,random,caste,caste,random,caste,caste,random,caste,caste,random,random,caste,caste,caste,random,caste,caste,random
624,random,random,caste,caste,caste,caste,random,caste,random,random,random,random,random,caste,caste,random,random,caste,random,caste,caste,caste,caste,random
625,random,caste,random,random,caste,random,random,caste,caste,random,caste,caste,random,random,caste,caste,caste,random,caste,random,random,caste,random,caste
626,random,caste,caste,caste,random,random,caste,random,caste,random,caste,random,random,random,random,random,caste,random,caste,caste,caste,caste,caste,random
627,random,caste,random,caste,caste,random,random,random,caste,random,random,caste,random,caste,random,caste,caste,random,caste,random,caste,caste,random,caste
628,random,random,caste,caste,random,caste,caste,random,random,random,caste,caste,caste,random,caste,caste,caste,random,caste,random,random,random,random,caste
629,caste,random,random,caste,caste,caste,caste,random,random,random,random,caste,caste,random,caste,caste,random,random,random,caste,random,caste,caste,random
630,caste,random,random,random,random,caste,random,caste,random,random,caste,caste,caste,caste,caste,caste,caste,random,caste,random,random,random,caste,random
631,caste,caste,caste,caste,random,random,caste,random,caste,caste,caste,random,caste,random,random,random,caste,random,random,caste,random,caste,random,random
632,random,caste,caste,random,random,random,caste,caste,random,caste,caste,random,caste,caste,caste,random,caste,caste,caste,random,random,random,random,random
633,random,caste,random,caste,caste,caste,random,random,caste,caste,random,caste,random,random,caste,random,random,caste,random,caste,caste,caste,random,random
634,random,caste,random,random,random,random,caste,caste,random,caste,caste,caste,random,random,random,caste,random,caste,caste,caste,random,random,caste,caste
635,caste,caste,caste,random,random,caste,random,random,random,caste,random,random,random,random,caste,caste,caste,random,random,caste,caste,caste,caste,random
636,random,caste,caste,caste,random,random,caste,caste,caste,random,random,random,random,random,caste,caste,random,caste,random,random,caste,caste,caste,random
637,random,random,caste,caste,random,caste,random,random,caste,caste,random,caste,random,caste,caste,caste,caste,random,caste,random,random,random,caste,random
638,random,random,random,random,caste,random,random,caste,caste,random,caste,random,caste,random,random,random,random,caste,caste,caste,caste,caste,caste,caste
639,random,random,caste,random,caste,random,caste,random,random,random,caste,random,caste,random,caste,caste,caste,caste,caste,caste,random,random,caste,random
640,random,caste,random,random,caste,random,random,caste,random,random,caste,caste,random,random,caste,random,caste,caste,random,caste,caste,caste,random,caste
641,caste,rotate,caste,rotate,caste,caste,rotate,rotate,rotate,rotate,caste,rotate,rotate,rotate,rotate,caste,caste,rotate,caste,caste,caste,caste,caste,rotate
642,rotate,rotate,rotate,caste,caste,caste,caste,rotate,rotate,caste,rotate,rotate,caste,rotate,rotate,caste,caste,rotate,caste,caste,caste,rotate,rotate,caste
643,caste,caste,caste,caste,caste,caste,rotate,caste,rotate,caste,caste,rotate,rotate,rotate,rotate,rotate,rotate,caste,caste,caste,rotate,rotate,rotate,rotate
644,rotate,rotate,caste,caste,caste,caste,rotate,rotate,caste,rotate,rotate,caste,caste,rotate,rotate,caste,rotate,caste,caste,rotate,rotate,caste,rotate,caste
645,rotate,caste,rotate,caste,rotate,rotate,caste,caste,rotate,rotate,caste,rotate,rotate,caste,rotate,caste,caste,rotate,rotate,caste,caste,rotate,caste,caste
646,rotate,rotate,rotate,caste,caste,caste,caste,rotate,rotate,caste,caste,caste,rotate,caste,rotate,rotate,rotate,caste,caste,rotate,rotate,rotate,caste,caste
647,caste,caste,rotate,rotate,rotate,caste,caste,rotate,caste,caste,rotate,rotate,rotate,rotate,rotate,caste,caste,caste,caste,rotate,caste,caste,rotate,rotate
648,caste,rotate,caste,caste,rotate,caste,rotate,caste,rotate,caste,rotate,rotate,caste,caste,rotate,rotate,caste,caste,rotate,rotate,caste,caste,rotate,rotate
649,rotate,caste,caste,caste,rotate,caste,rotate,rotate,caste,caste,rotate,rotate,rotate,caste,rotate,caste,rotate,caste,caste,caste,rotate,caste,rotate,rotate
650,rotate,rotate,rotate,caste,rotate,rotate,rotate,caste,caste,rotate,rotate,caste,caste,caste,caste,rotate,caste,caste,rotate,rotate,rotate,caste,caste,caste
651,rotate,rotate,rotate,caste,caste,caste,rotate,caste,caste,caste,rotate,rotate,rotate,caste,rotate,rotate,rotate,rotate,caste,caste,caste,caste,caste,rotate
652,rotate,caste,rotate,caste,caste,rotate,rotate,rotate,caste,caste,caste,caste,caste,rotate,caste,caste,rotate,rotate,rotate,rotate,caste,caste,rotate,rotate
653,rotate,rotate,rotate,rotate,caste,caste,rotate,rotate,rotate,rotate,caste,caste,caste,caste,rotate,rotate,caste,caste,caste,rotate,caste,rotate,caste,caste
654,rotate,rotate,rotate,caste,rotate,rotate,rotate,rotate,caste,rotate,rotate,caste,caste,rotate,caste,caste,caste,caste,caste,caste,caste,caste,rotate,rotate
655,rotate,caste,caste,rotate,caste,caste,caste,caste,caste,caste,caste,rotate,rotate,caste,rotate,rotate,rotate,rotate,rotate,rotate,rotate,caste,rotate,caste
656,caste,caste,rotate,caste,rotate,rotate,caste,caste,rotate,caste,rotate,caste,rotate,caste,caste,rotate,caste,rotate,rotate,rotate,caste,rotate,rotate,caste
657,rotate,rotate,caste,rotate,caste,rotate,rotate,caste,rotate,rotate,caste,rotate,caste,caste,caste,rotate,rotate,rotate,caste,caste,caste,rotate,caste,caste
658,rotate,rotate,rotate,caste,caste,rotate,caste,caste,rotate,caste,caste,rotate,rotate,caste,caste,caste,rotate,rotate,caste,rotate,caste,rotate,rotate,caste
659,rotate,caste,caste,caste,caste,caste,rotate,rotate,caste,rotate,rotate,rotate,caste,rotate,caste,rotate,caste,rotate,caste,rotate,caste,rotate,rotate,caste
660,caste,caste,rotate,caste,caste,rotate,caste,rotate,rotate,rotate,rotate,rotate,caste,caste,caste,rotate,caste,rotate,rotate,caste,rotate,caste,caste,rotate
661,caste,caste,caste,caste,rotate,rotate,rotate,rotate,rotate,rotate,caste,caste,rotate,rotate,rotate,caste,rotate,caste,rotate,rotate,caste,caste,caste,caste
662,rotate,rotate,caste,caste,caste,caste,caste,rotate,rotate,caste,caste,caste,rotate,rotate,rotate,caste,rotate,rotate,rotate,caste,rotate,rotate,caste,caste
663,rotate,caste,rotate,rotate,rotate,rotate,rotate,caste,caste,rotate,caste,caste,rotate,caste,caste,rotate,rotate,caste,caste,caste,rotate,caste,caste,rotate
664,rotate,rotate,caste,caste,caste,caste,rotate,caste,rotate,rotate,rotate,rotate,rotate,caste,caste,rotate,rotate,caste,rotate,caste,caste,caste,caste,rotate
665,rotate,caste,rotate,rotate,caste,rotate,rotate,caste,caste,rotate,caste,caste,rotate,rotate,caste,caste,caste,rotate,caste,rotate,rotate,caste,rotate,caste
666,rotate,caste,caste,caste,rotate,rotate,caste,rotate,caste,rotate,caste,rotate,rotate,rotate,rotate,rotate,caste,rotate,caste,caste,caste,caste,caste,rotate
667,rotate,caste,rotate,caste,caste,rotate,rotate,rotate,caste,rotate,rotate,caste,rotate,caste,rotate,caste,caste,rotate,caste,rotate,caste,caste,rotate,caste
668,rotate,rotate,caste,caste,rotate,caste,caste,rotate,rotate,rotate,caste,caste,caste,rotate,caste,caste,caste,rotate,caste,rotate,rotate,rotate,rotate,caste
669,caste,rotate,rotate,caste,caste,caste,caste,rotate,rotate,rotate,rotate,caste,caste,rotate,caste,caste,rotate,rotate,rotate,caste,rotate,caste,caste,rotate
670,caste,rotate,rotate,rotate,rotate,caste,rotate,caste,rotate,rotate,caste,caste,caste,caste,caste,caste,caste,rotate,caste,rotate,rotate,rotate,caste,rotate
671,caste,caste,caste,caste,rotate,rotate,caste,rotate,caste,caste,caste,rotate,caste,rotate,rotate,rotate,caste,rotate,rotate,caste,rotate,caste,rotate,rotate
672,rotate,caste,caste,rotate,rotate,rotate,caste,caste,rotate,caste,caste,rotate,caste,caste,caste,rotate,caste,caste,caste,rotate,rotate,rotate,rotate,rotate
673,rotate,caste,rotate,caste,caste,caste,rotate,rotate,caste,caste,rotate,caste,rotate,rotate,caste,rotate,rotate,caste,rotate,caste,caste,caste,rotate,rotate
674,rotate,caste,rotate,rotate,rotate,rotate,caste,caste,rotate,caste,caste,caste,rotate,rotate,rotate,caste,rotate,caste,caste,caste,rotate,rotate,caste,caste
675,caste,caste,caste,rotate,rotate,caste,rotate,rotate,rotate,caste,rotate,rotate,rotate,rotate,caste,caste,caste,rotate,rotate,caste,caste,caste,caste,rotate
676,rotate,caste,caste,caste,rotate,rotate,caste,caste,caste,rotate,rotate,rotate,rotate,rotate,caste,caste,rotate,caste,rotate,rotate,caste,caste,caste,rotate
677,rotate,rotate,caste,caste,rotate,caste,rotate,rotate,caste,caste,rotate,caste,rotate,caste,caste,caste,caste,rotate,caste,rotate,rotate,rotate,caste,rotate
678,rotate,rotate,rotate,rotate,caste,rotate,rotate,caste,caste,rotate,caste,rotate,caste,rotate,rotate,rotate,rotate,caste,caste,caste,caste,caste,caste,caste
679,rotate,rotate,caste,rotate,caste,rotate,caste,rotate,rotate,rotate,caste,rotate,caste,rotate,caste,caste,caste,caste,caste,caste,rotate,rotate,caste,rotate
680,rotate,caste,rotate,rotate,caste,rotate,rotate,caste,rotate,rotate,caste,caste,rotate,rotate,caste,rotate,caste,caste,rotate,caste,caste,caste,rotate,caste
681,caste,random3,caste,random3,caste,caste,random3,random3,random3,random3,caste,random3,random3,random3,random3,caste,caste,random3,caste,caste,caste,caste,caste,random3
682,random3,random3,random3,caste,caste,caste,caste,random3,random3,caste,random3,random3,caste,random3,random3,caste,caste,random3,caste,caste,caste,random3,random3,caste
683,caste,caste,caste,caste,caste,caste,random3,caste,random3,caste,caste,random3,random3,random3,random3,random3,random3,caste,caste,caste,random3,random3,random3,random3
684,random3,random3,caste,caste,caste,caste,random3,random3,caste,random3,random3,caste,caste,random3,random3,caste,random3,caste,caste,random3,random3,caste,random3,caste
685,random3,caste,random3,caste,random3,random3,caste,caste,random3,random3,caste,random3,random3,caste,random3,caste,caste,random3,random3,caste,caste,random3,caste,caste
686,random3,random3,random3,caste,caste,caste,caste,random3,random3,caste,caste,caste,random3,caste,random3,random3,random3,caste,caste,random3,random3,random3,caste,caste
687,caste,caste,random3,random3,random3,caste,caste,random3,caste,caste,random3,random3,random3,random3,random3,caste,caste,caste,caste,random3,caste,caste,random3,random3
688,caste,random3,caste,caste,random3,caste,random3,caste,random3,caste,random3,random3,caste,caste,random3,random3,caste,caste,random3,random3,caste,caste,random3,random3
689,random3,caste,caste,caste,random3,caste,random3,random3,caste,caste,random3,random3,random3,caste,random3,caste,random3,caste,caste,caste,random3,caste,random3,random3
690,random3,random3,random3,caste,random3,random3,random3,caste,caste,random3,random3,caste,caste,caste,caste,random3,caste,caste,random3,random3,random3,caste,caste,caste
691,random3,random3,random3,caste,caste,caste,random3,caste,caste,caste,random3,random3,random3,caste,random3,random3,random3,random3,caste,caste,caste,caste,caste,random3
692,random3,caste,random3,caste,caste,random3,random3,random3,caste,caste,caste,caste,caste,random3,caste,caste,random3,random3,random3,random3,caste,caste,random3,random3
693,random3,random3,random3,random3,caste,caste,random3,random3,random3,random3,caste,caste,caste,caste,random3,random3,caste,caste,caste,random3,caste,random3,caste,caste
694,random3,random3,random3,caste,random3,random3,random3,random3,caste,random3,random3,caste,caste,random3,caste,caste,caste,caste,caste,caste,caste,caste,random3,random3
695,random3,caste,caste,random3,caste,caste,caste,caste,caste,caste,caste,random3,random3,caste,random3,random3,random3,random3,random3,random3,random3,caste,random3,caste
696,caste,caste,random3,caste,random3,random3,caste,caste,random3,caste,random3,caste,random3,caste,caste,random3,caste,random3,random3,random3,caste,random3,random3,caste
697,random3,random3,caste,random3,caste,random3,random3,caste,random3,random3,caste,random3,caste,caste,caste,random3,random3,random3,caste,caste,caste,random3,caste,caste
698,random3,random3,random3,caste,caste,random3,caste,caste,random3,caste,caste,random3,random3,caste,caste,caste,random3,random3,caste,random3,caste,random3,random3,caste
699,random3,caste,caste,caste,caste,caste,random3,random3,caste,random3,random3,random3,caste,random3,caste,random3,caste,random3,caste,random3,caste,random3,random3,caste
700,caste,caste,random3,caste,caste,random3,caste,random3,random3,random3,random3,random3,caste,caste,caste,random3,caste,random3,random3,caste,random3,caste,caste,random3
701,caste,caste,caste,caste,random3,random3,random3,random3,random3,random3,caste,caste,random3,random3,random3,caste,random3,caste,random3,random3,caste,caste,caste,caste
702,random3,random3,caste,caste,caste,caste,caste,random3,random3,caste,caste,caste,random3,random3,random3,caste,random3,random3,random3,caste,random3,random3,caste,caste
703,random3,caste,random3,random3,random3,random3,random3,caste,caste,random3,caste,caste,random3,caste,caste,random3,random3,caste,caste,caste,random3,caste,caste,random3
704,random3,random3,caste,caste,caste,caste,random3,caste,random3,random3,random3,random3,random3,caste,caste,random3,random3,caste,random3,caste,caste,caste,caste,random3
705,random3,caste,random3,random3,caste,random3,random3,caste,caste,random3,caste,caste,random3,random3,caste,caste,caste,random3,caste,random3,random3,caste,random3,caste
706,random3,caste,caste,caste,random3,random3,caste,random3,caste,random3,caste,random3,random3,random3,random3,random3,caste,random3,caste,caste,caste,caste,caste,random3
707,random3,caste,random3,caste,caste,random3,random3,random3,caste,random3,random3,caste,random3,caste,random3,caste,caste,random3,caste,random3,caste,caste,random3,caste
708,random3,random3,caste,caste,random3,caste,caste,random3,random3,random3,caste,caste,caste,random3,caste,caste,caste,random3,caste,random3,random3,random3,random3,caste
709,caste,random3,random3,caste,caste,caste,caste,random3,random3,random3,random3,caste,caste,random3,caste,caste,random3,random3,random3,caste,random3,caste,caste,random3
710,caste,random3,random3,random3,random3,caste,random3,caste,random3,random3,caste,caste,caste,caste,caste,caste,caste,random3,caste,random3,random3,random3,caste,random3
711,caste,caste,caste,caste,random3,random3,caste,random3,caste,caste,caste,random3,caste,random3,random3,random3,caste,random3,random3,caste,random3,caste,random3,random3
712,random3,caste,caste,random3,random3,random3,caste,caste,random3,caste,caste,random3,caste,caste,caste,random3,caste,caste,caste,random3,random3,random3,random3,random3
713,random3,caste,random3,caste,caste,caste,random3,random3,caste,caste,random3,caste,random3,random3,caste,random3,random3,caste,random3,caste,caste,caste,random3,random3
714,random3,caste,random3,random3,random3,random3,caste,caste,random3,caste,caste,caste,random3,random3,random3,caste,random3,caste,caste,caste,random3,random3,caste,caste
715,caste,caste,caste,random3,random3,caste,random3,random3,random3,caste,random3,random3,random3,random3,caste,caste,caste,random3,random3,caste,caste,caste,caste,random3
716,random3,caste,caste,caste,random3,random3,caste,caste,caste,random3,random3,random3,random3,random3,caste,caste,random3,caste,random3,random3,caste,caste,caste,random3
717,random3,random3,caste,caste,random3,caste,random3,random3,caste,caste,random3,caste,random3,caste,caste,caste,caste,random3,caste,random3,random3,random3,caste,random3
718,random3,random3,random3,random3,caste,random3,random3,caste,caste,random3,caste,random3,caste,random3,random3,random3,random3,caste,caste,caste,caste,caste,caste,caste
719,random3,random3,caste,random3,caste,random3,caste,random3,random3,random3,caste,random3,caste,random3,caste,caste,caste,caste,caste,caste,random3,random3,caste,random3
720,random3,caste,random3,random3,caste,random3,random3,caste,random3,random3,caste,caste,random3,random3,caste,random3,caste,caste,random3,caste,caste,caste,random3,caste
721,caste,radicaleq,caste,radicaleq,caste,caste,radicaleq,radicaleq,radicaleq,radicaleq,caste,radicaleq,radicaleq,radicaleq,radicaleq,caste,caste,radicaleq,caste,caste,caste,caste,caste,radicaleq
722,radicaleq,radicaleq,radicaleq,caste,caste,caste,caste,radicaleq,radicaleq,caste,radicaleq,radicaleq,caste,radicaleq,radicaleq,caste,caste,radicaleq,caste,caste,caste,radicaleq,radicaleq,caste
723,caste,caste,caste,caste,caste,caste,radicaleq,caste,radicaleq,caste,caste,radicaleq,radicaleq,radicaleq,radicaleq,radicaleq,radicaleq,caste,caste,caste,radicaleq,radicaleq,radicaleq,radicaleq
724,radicaleq,radicaleq,caste,caste,caste,caste,radicaleq,radicaleq,caste,radicaleq,radicaleq,caste,caste,radicaleq,radicaleq,caste,radicaleq,caste,caste,radicaleq,radicaleq,caste,radicaleq,caste
725,radicaleq,caste,radicaleq,caste,radicaleq,radicaleq,caste,caste,radicaleq,radicaleq,caste,radicaleq,radicaleq,caste,radicaleq,caste,caste,radicaleq,radicaleq,caste,caste,radicaleq,caste,caste
726,radicaleq,radicaleq,radicaleq,caste,caste,caste,caste,radicaleq,radicaleq,caste,caste,caste,radicaleq,caste,radicaleq,radicaleq,radicaleq,caste,caste,radicaleq,radicaleq,radicaleq,caste,caste
727,caste,caste,radicaleq,radicaleq,radicaleq,caste,caste,radicaleq,caste,caste,radicaleq,radicaleq,radicaleq,radicaleq,radicaleq,caste,caste,caste,caste,radicaleq,caste,caste,radicaleq,radicaleq
728,caste,radicaleq,caste,caste,radicaleq,caste,radicaleq,caste,radicaleq,caste,radicaleq,radicaleq,caste,caste,radicaleq,radicaleq,caste,caste,radicaleq,radicaleq,caste,caste,radicaleq,radicaleq
729,radicaleq,caste,caste,caste,radicaleq,caste,radicaleq,radicaleq,caste,caste,radicaleq,radicaleq,radicaleq,caste,radicaleq,caste,radicaleq,caste,caste,caste,radicaleq,caste,radicaleq,radicaleq
730,radicaleq,radicaleq,radicaleq,caste,radicaleq,radicaleq,radicaleq,caste,caste,radicaleq,radicaleq,caste,caste,caste,caste,radicaleq,caste,caste,radicaleq,radicaleq,radicaleq,caste,caste,caste
731,radicaleq,radicaleq,radicaleq,caste,caste,caste,radicaleq,caste,caste,caste,radicaleq,radicaleq,radicaleq,caste,radicaleq,radicaleq,radicaleq,radicaleq,caste,caste,caste,caste,caste,radicaleq
732,radicaleq,caste,radicaleq,caste,caste,radicaleq,radicaleq,radicaleq,caste,caste,caste,caste,caste,radicaleq,caste,caste,radicaleq,radicaleq,radicaleq,radicaleq,caste,caste,radicaleq,radicaleq
733,radicaleq,radicaleq,radicaleq,radicaleq,caste,caste,radicaleq,radicaleq,radicaleq,radicaleq,caste,caste,caste,caste,radicaleq,radicaleq,caste,caste,caste,radicaleq,caste,radicaleq,caste,caste
734,radicaleq,radicaleq,radicaleq,caste,radicaleq,radicaleq,radicaleq,radicaleq,caste,radicaleq,radicaleq,caste,caste,radicaleq,caste,caste,caste,caste,caste,caste,caste,caste,radicaleq,radicaleq
735,radicaleq,caste,caste,radicaleq,caste,caste,caste,caste,caste,caste,caste,radicaleq,radicaleq,caste,radicaleq,radicaleq,radicaleq,radicaleq,radicaleq,radicaleq,radicaleq,caste,radicaleq,caste
736,caste,caste,radicaleq,caste,radicaleq,radicaleq,caste,caste,radicaleq,caste,radicaleq,caste,radicaleq,caste,caste,radicaleq,caste,radicaleq,radicaleq,radicaleq,caste,radicaleq,radicaleq,caste
737,radicaleq,radicaleq,caste,radicaleq,caste,radicaleq,radicaleq,caste,radicaleq,radicaleq,caste,radicaleq,caste,caste,caste,radicaleq,radicaleq,radicaleq,caste,caste,caste,radicaleq,caste,caste
738,radicaleq,radicaleq,radicaleq,caste,caste,radicaleq,caste,caste,radicaleq,caste,caste,radicaleq,radicaleq,caste,caste,caste,radicaleq,radicaleq,caste,radicaleq,caste,radicaleq,radicaleq,caste
739,radicaleq,caste,caste,caste,caste,caste,radicaleq,radicaleq,caste,radicaleq,radicaleq,radicaleq,caste,radicaleq,caste,radicaleq,caste,radicaleq,caste,radicaleq,caste,radicaleq,radicaleq,caste
740,caste,caste,radicaleq,caste,caste,radicaleq,caste,radicaleq,radicaleq,radicaleq,radicaleq,radicaleq,caste,caste,caste,radicaleq,caste,radicaleq,radicaleq,caste,radicaleq,caste,caste,radicaleq
741,caste,caste,caste,caste,radicaleq,radicaleq,radicaleq,radicaleq,radicaleq,radicaleq,caste,caste,radicaleq,radicaleq,radicaleq,caste,radicaleq,caste,radicaleq,radicaleq,caste,caste,caste,caste
742,radicaleq,radicaleq,caste,caste,caste,caste,caste,radicaleq,radicaleq,caste,caste,caste,radicaleq,radicaleq,radicaleq,caste,radicaleq,radicaleq,radicaleq,caste,radicaleq,radicaleq,caste,caste
743,radicaleq,caste,radicaleq,radicaleq,radicaleq,radicaleq,radicaleq,caste,caste,radicaleq,caste,caste,radicaleq,caste,caste,radicaleq,radicaleq,caste,caste,caste,radicaleq,caste,caste,radicaleq
744,radicaleq,radicaleq,caste,caste,caste,caste,radicaleq,caste,radicaleq,radicaleq,radicaleq,radicaleq,radicaleq,caste,caste,radicaleq,radicaleq,caste,radicaleq,caste,caste,caste,caste,radicaleq
745,radicaleq,caste,radicaleq,radicaleq,caste,radicaleq,radicaleq,caste,caste,radicaleq,caste,caste,radicaleq,radicaleq,caste,caste,caste,radicaleq,caste,radicaleq,radicaleq,caste,radicaleq,caste
746,radicaleq,caste,caste,caste,radicaleq,radicaleq,caste,radicaleq,caste,radicaleq,caste,radicaleq,radicaleq,radicaleq,radicaleq,radicaleq,caste,radicaleq,caste,caste,caste,caste,caste,radicaleq
747,radicaleq,caste,radicaleq,caste,caste,radicaleq,radicaleq,radicaleq,caste,radicaleq,radicaleq,caste,radicaleq,caste,radicaleq,caste,caste,radicaleq,caste,radicaleq,caste,caste,radicaleq,caste
748,radicaleq,radicaleq,caste,caste,radicaleq,caste,caste,radicaleq,radicaleq,radicaleq,caste,caste,caste,radicaleq,caste,caste,caste,radicaleq,caste,radicaleq,radicaleq,radicaleq,radicaleq,caste
749,caste,radicaleq,radicaleq,caste,caste,caste,caste,radicaleq,radicaleq,radicaleq,radicaleq,caste,caste,radicaleq,caste,caste,radicaleq,radicaleq,radicaleq,caste,radicaleq,caste,caste,radicaleq
750,caste,radicaleq,radicaleq,radicaleq,radicaleq,caste,radicaleq,caste,radicaleq,radicaleq,caste,caste,caste,caste,caste,caste,caste,radicaleq,caste,radicaleq,radicaleq,radicaleq,caste,radicaleq
751,caste,caste,caste,caste,radicaleq,radicaleq,caste,radicaleq,caste,caste,caste,radicaleq,caste,radicaleq,radicaleq,radicaleq,caste,radicaleq,radicaleq,caste,radicaleq,caste,radicaleq,radicaleq
752,radicaleq,caste,caste,radicaleq,radicaleq,radicaleq,caste,caste,radicaleq,caste,caste,radicaleq,caste,caste,caste,radicaleq,caste,caste,caste,radicaleq,radicaleq,radicaleq,radicaleq,radicaleq
753,radicaleq,caste,radicaleq,caste,caste,caste,radicaleq,radicaleq,caste,caste,radicaleq,caste,radicaleq,radicaleq,caste,radicaleq,radicaleq,caste,radicaleq,caste,caste,caste,radicaleq,radicaleq
754,radicaleq,caste,radicaleq,radicaleq,radicaleq,radicaleq,caste,caste,radicaleq,caste,caste,caste,radicaleq,radicaleq,radicaleq,caste,radicaleq,caste,caste,caste,radicaleq,radicaleq,caste,caste
755,caste,caste,caste,radicaleq,radicaleq,caste,radicaleq,radicaleq,radicaleq,caste,radicaleq,radicaleq,radicaleq,radicaleq,caste,caste,caste,radicaleq,radicaleq,caste,caste,caste,caste,radicaleq
756,radicaleq,caste,caste,caste,radicaleq,radicaleq,caste,caste,caste,radicaleq,radicaleq,radicaleq,radicaleq,radicaleq,caste,caste,radicaleq,caste,radicaleq,radicaleq,caste,caste,caste,radicaleq
757,radicaleq,radicaleq,caste,caste,radicaleq,caste,radicaleq,radicaleq,caste,caste,radicaleq,caste,radicaleq,caste,caste,caste,caste,radicaleq,caste,radicaleq,radicaleq,radicaleq,caste,radicaleq
758,radicaleq,radicaleq,radicaleq,radicaleq,caste,radicaleq,radicaleq,caste,caste,radicaleq,caste,radicaleq,caste,radicaleq,radicaleq,radicaleq,radicaleq,caste,caste,caste,caste,caste,caste,caste
759,radicaleq,radicaleq,caste,radicaleq,caste,radicaleq,caste,radicaleq,radicaleq,radicaleq,caste,radicaleq,caste,radicaleq,caste,caste,caste,caste,caste,caste,radicaleq,radicaleq,caste,radicaleq
760,radicaleq,caste,radicaleq,radicaleq,caste,radicaleq,radicaleq,caste,radicaleq,radicaleq,caste,caste,radicaleq,radicaleq,caste,radicaleq,caste,caste,radicaleq,caste,caste,caste,radicaleq,caste
761,caste,rotate0,caste,rotate0,caste,caste,rotate0,rotate0,rotate0,rotate0,caste,rotate0,rotate0,rotate0,rotate0,caste,caste,rotate0,caste,caste,caste,caste,caste,rotate0
762,rotate0,rotate0,rotate0,caste,caste,caste,caste,rotate0,rotate0,caste,rotate0,rotate0,caste,rotate0,rotate0,caste,caste,rotate0,caste,caste,caste,rotate0,rotate0,caste
763,caste,caste,caste,caste,caste,caste,rotate0,caste,rotate0,caste,caste,rotate0,rotate0,rotate0,rotate0,rotate0,rotate0,caste,caste,caste,rotate0,rotate0,rotate0,rotate0
764,rotate0,rotate0,caste,caste,caste,caste,rotate0,rotate0,caste,rotate0,rotate0,caste,caste,rotate0,rotate0,caste,rotate0,caste,caste,rotate0,rotate0,caste,rotate0,caste
765,rotate0,caste,rotate0,caste,rotate0,rotate0,caste,caste,rotate0,rotate0,caste,rotate0,rotate0,caste,rotate0,caste,caste,rotate0,rotate0,caste,caste,rotate0,caste,caste
766,rotate0,rotate0,rotate0,caste,caste,caste,caste,rotate0,rotate0,caste,caste,caste,rotate0,caste,rotate0,rotate0,rotate0,caste,caste,rotate0,rotate0,rotate0,caste,caste
767,caste,caste,rotate0,rotate0,rotate0,caste,caste,rotate0,caste,caste,rotate0,rotate0,rotate0,rotate0,rotate0,caste,caste,caste,caste,rotate0,caste,caste,rotate0,rotate0
768,caste,rotate0,caste,caste,rotate0,caste,rotate0,caste,rotate0,caste,rotate0,rotate0,caste,caste,rotate0,rotate0,caste,caste,rotate0,rotate0,caste,caste,rotate0,rotate0
769,rotate0,caste,caste,caste,rotate0,caste,rotate0,rotate0,caste,caste,rotate0,rotate0,rotate0,caste,rotate0,caste,rotate0,caste,caste,caste,rotate0,caste,rotate0,rotate0
770,rotate0,rotate0,rotate0,caste,rotate0,rotate0,rotate0,caste,caste,rotate0,rotate0,caste,caste,caste,caste,rotate0,caste,caste,rotate0,rotate0,rotate0,caste,caste,caste
771,rotate0,rotate0,rotate0,caste,caste,caste,rotate0,caste,caste,caste,rotate0,rotate0,rotate0,caste,rotate0,rotate0,rotate0,rotate0,caste,caste,caste,caste,caste,rotate0
772,rotate0,caste,rotate0,caste,caste,rotate0,rotate0,rotate0,caste,caste,caste,caste,caste,rotate0,caste,caste,rotate0,rotate0,rotate0,rotate0,caste,caste,rotate0,rotate0
773,rotate0,rotate0,rotate0,rotate0,caste,caste,rotate0,rotate0,rotate0,rotate0,caste,caste,caste,caste,rotate0,rotate0,caste,caste,caste,rotate0,caste,rotate0,caste,caste
774,rotate0,rotate0,rotate0,caste,rotate0,rotate0,rotate0,rotate0,caste,rotate0,rotate0,caste,caste,rotate0,caste,caste,caste,caste,caste,caste,caste,caste,rotate0,rotate0
775,rotate0,caste,caste,rotate0,caste,caste,caste,caste,caste,caste,caste,rotate0,rotate0,caste,rotate0,rotate0,rotate0,rotate0,rotate0,rotate0,rotate0,caste,rotate0,caste
776,caste,caste,rotate0,caste,rotate0,rotate0,caste,caste,rotate0,caste,rotate0,caste,rotate0,caste,caste,rotate0,caste,rotate0,rotate0,rotate0,caste,rotate0,rotate0,caste
777,rotate0,rotate0,caste,rotate0,caste,rotate0,rotate0,caste,rotate0,rotate0,caste,rotate0,caste,caste,caste,rotate0,rotate0,rotate0,caste,caste,caste,rotate0,caste,caste
778,rotate0,rotate0,rotate0,caste,caste,rotate0,caste,caste,rotate0,caste,caste,rotate0,rotate0,caste,caste,caste,rotate0,rotate0,caste,rotate0,caste,rotate0,rotate0,caste
779,rotate0,caste,caste,caste,caste,caste,rotate0,rotate0,caste,rotate0,rotate0,rotate0,caste,rotate0,caste,rotate0,caste,rotate0,caste,rotate0,caste,rotate0,rotate0,caste
780,caste,caste,rotate0,caste,caste,rotate0,caste,rotate0,rotate0,rotate0,rotate0,rotate0,caste,caste,caste,rotate0,caste,rotate0,rotate0,caste,rotate0,caste,caste,rotate0
781,caste,caste,caste,caste,rotate0,rotate0,rotate0,rotate0,rotate0,rotate0,caste,caste,rotate0,rotate0,rotate0,caste,rotate0,caste,rotate0,rotate0,caste,caste,caste,caste
782,rotate0,rotate0,caste,caste,caste,caste,caste,rotate0,rotate0,caste,caste,caste,rotate0,rotate0,rotate0,caste,rotate0,rotate0,rotate0,caste,rotate0,rotate0,caste,caste
783,rotate0,caste,rotate0,rotate0,rotate0,rotate0,rotate0,caste,caste,rotate0,caste,caste,rotate0,caste,caste,rotate0,rotate0,caste,caste,caste,rotate0,caste,caste,rotate0
784,rotate0,rotate0,caste,caste,caste,caste,rotate0,caste,rotate0,rotate0,rotate0,rotate0,rotate0,caste,caste,rotate0,rotate0,caste,rotate0,caste,caste,caste,caste,rotate0
785,rotate0,caste,rotate0,rotate0,caste,rotate0,rotate0,caste,caste,rotate0,caste,caste,rotate0,rotate0,caste,caste,caste,rotate0,caste,rotate0,rotate0,caste,rotate0,caste
786,rotate0,caste,caste,caste,rotate0,rotate0,caste,rotate0,caste,rotate0,caste,rotate0,rotate0,rotate0,rotate0,rotate0,caste,rotate0,caste,caste,caste,caste,caste,rotate0
787,rotate0,caste,rotate0,caste,caste,rotate0,rotate0,rotate0,caste,rotate0,rotate0,caste,rotate0,caste,rotate0,caste,caste,rotate0,caste,rotate0,caste,caste,rotate0,caste
788,rotate0,rotate0,caste,caste,rotate0,caste,caste,rotate0,rotate0,rotate0,caste,caste,caste,rotate0,caste,caste,caste,rotate0,caste,rotate0,rotate0,rotate0,rotate0,caste
789,caste,rotate0,rotate0,caste,caste,caste,caste,rotate0,rotate0,rotate0,rotate0,caste,caste,rotate0,caste,caste,rotate0,rotate0,rotate0,caste,rotate0,caste,caste,rotate0
790,caste,rotate0,rotate0,rotate0,rotate0,caste,rotate0,caste,rotate0,rotate0,caste,caste,caste,caste,caste,caste,caste,rotate0,caste,rotate0,rotate0,rotate0,caste,rotate0
791,caste,caste,caste,caste,rotate0,rotate0,caste,rotate0,caste,caste,caste,rotate0,caste,rotate0,rotate0,rotate0,caste,rotate0,rotate0,caste,rotate0,caste,rotate0,rotate0
792,rotate0,caste,caste,rotate0,rotate0,rotate0,caste,caste,rotate0,caste,caste,rotate0,caste,caste,caste,rotate0,caste,caste,caste,rotate0,rotate0,rotate0,rotate0,rotate0
793,rotate0,caste,rotate0,caste,caste,caste,rotate0,rotate0,caste,caste,rotate0,caste,rotate0,rotate0,caste,rotate0,rotate0,caste,rotate0,caste,caste,caste,rotate0,rotate0
794,rotate0,caste,rotate0,rotate0,rotate0,rotate0,caste,caste,rotate0,caste,caste,caste,rotate0,rotate0,rotate0,caste,rotate0,caste,caste,caste,rotate0,rotate0,caste,caste
795,caste,caste,caste,rotate0,rotate0,caste,rotate0,rotate0,rotate0,caste,rotate0,rotate0,rotate0,rotate0,caste,caste,caste,rotate0,rotate0,caste,caste,caste,caste,rotate0
796,rotate0,caste,caste,caste,rotate0,rotate0,caste,caste,caste,rotate0,rotate0,rotate0,rotate0,rotate0,caste,caste,rotate0,caste,rotate0,rotate0,caste,caste,caste,rotate0
797,rotate0,rotate0,caste,caste,rotate0,caste,rotate0,rotate0,caste,caste,rotate0,caste,rotate0,caste,caste,caste,caste,rotate0,caste,rotate0,rotate0,rotate0,caste,rotate0
798,rotate0,rotate0,rotate0,rotate0,caste,rotate0,rotate0,caste,caste,rotate0,caste,rotate0,caste,rotate0,rotate0,rotate0,rotate0,caste,caste,caste,caste,caste,caste,caste
799,rotate0,rotate0,caste,rotate0,caste,rotate0,caste,rotate0,rotate0,rotate0,caste,rotate0,caste,rotate0,caste,caste,caste,caste,caste,caste,rotate0,rotate0,caste,rotate0
800,rotate0,caste,rotate0,rotate0,caste,rotate0,rotate0,caste,rotate0,rotate0,caste,caste,rotate0,rotate0,caste,rotate0,caste,caste,rotate0,caste,caste,caste,rotate0,caste
801,caste,caste,caste,caste,caste,caste,caste,caste,caste,caste,caste,caste,caste,caste,caste,caste,caste,caste,caste,caste,caste,caste,caste,caste
802,caste,caste,caste,caste,caste,caste,caste,caste,caste,caste,caste,caste,caste,caste,caste,caste,caste,caste,caste,caste,caste,caste,caste,caste
803,caste,caste,caste,caste,caste,caste,caste,caste,caste,caste,caste,caste,caste,caste,caste,caste,caste,caste,caste,caste,caste,caste,caste,caste
804,caste,caste,caste,caste,caste,caste,caste,caste,caste,caste,caste,caste,caste,caste,caste,caste,caste,caste,caste,caste,caste,caste,caste,caste
805,caste,caste,caste,caste,caste,caste,caste,caste,caste,caste,caste,caste,caste,caste,caste,caste,caste,caste,caste,caste,caste,caste,caste,caste
806,caste,caste,caste,caste,caste,caste,caste,caste,caste,caste,caste,caste,caste,caste,caste,caste,caste,caste,caste,caste,caste,caste,caste,caste
807,caste,caste,caste,caste,caste,caste,caste,caste,caste,caste,caste,caste,caste,caste,caste,caste,caste,caste,caste,caste,caste,caste,caste,caste
808,caste,caste,caste,caste,caste,caste,caste,caste,caste,caste,caste,caste,caste,caste,caste,caste,caste,caste,caste,caste,caste,caste,caste,caste
809,caste,caste,caste,caste,caste,caste,caste,caste,caste,caste,caste,caste,caste,caste,caste,caste,caste,caste,caste,caste,caste,caste,caste,caste
810,caste,caste,caste,caste,caste,caste,caste,caste,caste,caste,caste,caste,caste,caste,caste,caste,caste,caste,caste,caste,caste,caste,caste,caste
811,caste,caste,caste,caste,caste,caste,caste,caste,caste,caste,caste,caste,caste,caste,caste,caste,caste,caste,caste,caste,caste,caste,caste,caste
812,caste,caste,caste,caste,caste,caste,caste,caste,caste,caste,caste,caste,caste,caste,caste,caste,caste,caste,caste,caste,caste,caste,caste,caste
813,caste,caste,caste,caste,caste,caste,caste,caste,caste,caste,caste,caste,caste,caste,caste,caste,caste,caste,caste,caste,caste,caste,caste,caste
814,caste,caste,caste,caste,caste,caste,caste,caste,caste,caste,caste,caste,caste,caste,caste,caste,caste,caste,caste,caste,caste,caste,caste,caste
815,caste,caste,caste,caste,caste,caste,caste,caste,caste,caste,caste,caste,caste,caste,caste,caste,caste,caste,caste,caste,caste,caste,caste,caste
816,caste,caste,caste,caste,caste,caste,caste,caste,caste,caste,caste,caste,caste,caste,caste,caste,caste,caste,caste,caste,caste,caste,caste,caste
817,caste,caste,caste,caste,caste,caste,caste,caste,caste,caste,caste,caste,caste,caste,caste,caste,caste,caste,caste,caste,caste,caste,caste,caste
818,caste,caste,caste,caste,caste,caste,caste,caste,caste,caste,caste,caste,caste,caste,caste,caste,caste,caste,caste,caste,caste,caste,caste,caste
819,caste,caste,caste,caste,caste,caste,caste,caste,caste,caste,caste,caste,caste,caste,caste,caste,caste,caste,caste,caste,caste,caste,caste,caste
820,caste,caste,caste,caste,caste,caste,caste,caste,caste,caste,caste,caste,caste,caste,caste,caste,caste,caste,caste,caste,caste,caste,caste,caste
821,caste,caste,caste,caste,caste,caste,caste,caste,caste,caste,caste,caste,caste,caste,caste,caste,caste,caste,caste,caste,caste,caste,caste,caste
822,caste,caste,caste,caste,caste,caste,caste,caste,caste,caste,caste,caste,caste,caste,caste,caste,caste,caste,caste,caste,caste,caste,caste,caste
823,caste,caste,caste,caste,caste,caste,caste,caste,caste,caste,caste,caste,caste,caste,caste,caste,caste,caste,caste,caste,caste,caste,caste,caste
824,caste,caste,caste,caste,caste,caste,caste,caste,caste,caste,caste,caste,caste,caste,caste,caste,caste,caste,caste,caste,caste,caste,caste,caste
825,caste,caste,caste,caste,caste,caste,caste,caste,caste,caste,caste,caste,caste,caste,caste,caste,caste,caste,caste,caste,caste,caste,caste,caste
826,caste,caste,caste,caste,caste,caste,caste,caste,caste,caste,caste,caste,caste,caste,caste,caste,caste,caste,caste,caste,caste,caste,caste,caste
827,caste,caste,caste,caste,caste,caste,caste,caste,caste,caste,caste,caste,caste,caste,caste,caste,caste,caste,caste,caste,caste,caste,caste,caste
828,caste,caste,caste,caste,caste,caste,caste,caste,caste,caste,caste,caste,caste,caste,caste,caste,caste,caste,caste,caste,caste,caste,caste,caste
829,caste,caste,caste,caste,caste,caste,caste,caste,caste,caste,caste,caste,caste,caste,caste,caste,caste,caste,caste,caste,caste,caste,caste,caste
830,caste,caste,caste,caste,caste,caste,caste,caste,caste,caste,caste,caste,caste,caste,caste,caste,caste,caste,caste,caste,caste,caste,caste,caste
831,caste,caste,caste,caste,caste,caste,caste,caste,caste,caste,caste,caste,caste,caste,caste,caste,caste,caste,caste,caste,caste,caste,caste,caste
832,caste,caste,caste,caste,caste,caste,caste,caste,caste,caste,caste,caste,caste,caste,caste,caste,caste,caste,caste,caste,caste,caste,caste,caste
833,caste,caste,caste,caste,caste,caste,caste,caste,caste,caste,caste,caste,caste,caste,caste,caste,caste,caste,caste,caste,caste,caste,caste,caste
834,caste,caste,caste,caste,caste,caste,caste,caste,caste,caste,caste,caste,caste,caste,caste,caste,caste,caste,caste,caste,caste,caste,caste,caste
835,caste,caste,caste,caste,caste,caste,caste,caste,caste,caste,caste,caste,caste,caste,caste,caste,caste,caste,caste,caste,caste,caste,caste,caste
836,caste,caste,caste,caste,caste,caste,caste,caste,caste,caste,caste,caste,caste,caste,caste,caste,caste,caste,caste,caste,caste,caste,caste,caste
837,caste,caste,caste,caste,caste,caste,caste,caste,caste,caste,caste,caste,caste,caste,caste,caste,caste,caste,caste,caste,caste,caste,caste,caste
838,caste,caste,caste,caste,caste,caste,caste,caste,caste,caste,caste,caste,caste,caste,caste,caste,caste,caste,caste,caste,caste,caste,caste,caste
839,caste,caste,caste,caste,caste,caste,caste,caste,caste,caste,caste,caste,caste,caste,caste,caste,caste,caste,caste,caste,caste,caste,caste,caste
840,caste,caste,caste,caste,caste,caste,caste,caste,caste,caste,caste,caste,caste,caste,caste,caste,caste,caste,caste,caste,caste,caste,caste,caste
841,equalize,random,equalize,random,equalize,equalize,random,random,random,random,equalize,random,random,random,random,equalize,equalize,random,equalize,equalize,equalize,equalize,equalize,random
842,random,random,random,equalize,equalize,equalize,equalize,random,random,equalize,random,random,equalize,random,random,equalize,equalize,random,equalize,equalize,equalize,random,random,equalize
843,equalize,equalize,equalize,equalize,equalize,equalize,random,equalize,random,equalize,equalize,random,random,random,random,random,random,equalize,equalize,equalize,random,random,random,random
844,random,random,equalize,equalize,equalize,equalize,random,random,equalize,random,random,equalize,equalize,random,random,equalize,random,equalize,equalize,random,random,equalize,random,equalize
845,random,equalize,random,equalize,random,random,equalize,equalize,random,random,equalize,random,random,equalize,random,equalize,equalize,random,random,equalize,equalize,random,equalize,equalize
846,random,random,random,equalize,equalize,equalize,equalize,random,random,equalize,equalize,equalize,random,equalize,random,random,random,equalize,equalize,random,random,random,equalize,equalize
847,equalize,equalize,random,random,random,equalize,equalize,random,equalize,equalize,random,random,random,random,random,equalize,equalize,equalize,equalize,random,equalize,equalize,random,random
848,equalize,random,equalize,equalize,random,equalize,random,equalize,random,equalize,random,random,equalize,equalize,random,random,equalize,equalize,random,random,equalize,equalize,random,random
849,random,equalize,equalize,equalize,random,equalize,random,random,equalize,equalize,random,random,random,equalize,random,equalize,random,equalize,equalize,equalize,random,equalize,random,random
850,random,random,random,equalize,random,random,random,equalize,equalize,random,random,equalize,equalize,equalize,equalize,random,equalize,equalize,random,random,random,equalize,equalize,equalize
851,random,random,random,equalize,equalize,equalize,random,equalize,equalize,equalize,random,random,random,equalize,random,random,random,random,equalize,equalize,equalize,equalize,equalize,random
852,random,equalize,random,equalize,equalize,random,random,random,equalize,equalize,equalize,equalize,equalize,random,equalize,equalize,random,random,random,random,equalize,equalize,random,random
853,random,random,random,random,equalize,equalize,random,random,random,random,equalize,equalize,equalize,equalize,random,random,equalize,equalize,equalize,random,equalize,random,equalize,equalize
854,random,random,random,equalize,random,random,random,random,equalize,random,random,equalize,equalize,random,equalize,equalize,equalize,equalize,equalize,equalize,equalize,equalize,random,random
855,random,equalize,equalize,random,equalize,equalize,equalize,equalize,equalize,equalize,equalize,random,random,equalize,random,random,random,random,random,random,random,equalize,random,equalize
856,equalize,equalize,random,equalize,random,random,equalize,equalize,random,equalize,random,equalize,random,equalize,equalize,random,equalize,random,random,random,equalize,random,random,equalize
857,random,random,equalize,random,equalize,random,random,equalize,random,random,equalize,random,equalize,equalize,equalize,random,random,random,equalize,equalize,equalize,random,equalize,equalize
858,random,random,random,equalize,equalize,random,equalize,equalize,random,equalize,equalize,random,random,equalize,equalize,equalize,random,random,equalize,random,equalize,random,random,equalize
859,random,equalize,equalize,equalize,equalize,equalize,random,random,equalize,random,random,random,equalize,random,equalize,random,equalize,random,equalize,random,equalize,random,random,equalize
860,equalize,equalize,random,equalize,equalize,random,equalize,random,random,random,random,random,equalize,equalize,equalize,random,equalize,random,random,equalize,random,equalize,equalize,random
861,equalize,equalize,equalize,equalize,random,random,random,random,random,random,equalize,equalize,random,random,random,equalize,random,equalize,random,random,equalize,equalize,equalize,equalize
862,random,random,equalize,equalize,equalize,equalize,equalize,random,random,equalize,equalize,equalize,random,random,random,equalize,random,random,random,equalize,random,random,equalize,equalize
863,random,equalize,random,random,random,random,random,equalize,equalize,random,equalize,equalize,random,equalize,equalize,random,random,equalize,equalize,equalize,random,equalize,equalize,random
864,random,random,equalize,equalize,equalize,equalize,random,equalize,random,random,random,random,random,equalize,equalize,random,random,equalize,random,equalize,equalize,equalize,equalize,random
865,random,equalize,random,random,equalize,random,random,equalize,equalize,random,equalize,equalize,random,random,equalize,equalize,equalize,random,equalize,random,random,equalize,random,equalize
866,random,equalize,equalize,equalize,random,random,equalize,random,equalize,random,equalize,random,random,random,random,random,equalize,random,equalize,equalize,equalize,equalize,equalize,random
867,random,equalize,random,equalize,equalize,random,random,random,equalize,random,random,equalize,random,equalize,random,equalize,equalize,random,equalize,random,equalize,equalize,random,equalize
868,random,random,equalize,equalize,random,equalize,equalize,random,random,random,equalize,equalize,equalize,random,equalize,equalize,equalize,random,equalize,random,random,random,random,equalize
869,equalize,random,random,equalize,equalize,equalize,equalize,random,random,random,random,equalize,equalize,random,equalize,equalize,random,random,random,equalize,random,equalize,equalize,random
870,equalize,random,random,random,random,equalize,random,equalize,random,random,equalize,equalize,equalize,equalize,equalize,equalize,equalize,random,equalize,random,random,random,equalize,random
871,equalize,equalize,equalize,equalize,random,random,equalize,random,equalize,equalize,equalize,random,equalize,random,random,random,equalize,random,random,equalize,random,equalize,random,random
872,random,equalize,equalize,random,random,random,equalize,equalize,random,equalize,equalize,random,equalize,equalize,equalize,random,equalize,equalize,equalize,random,random,random,random,random
873,random,equalize,random,equalize,equalize,equalize,random,random,equalize,equalize,random,equalize,random,random,equalize,random,random,equalize,random,equalize,equalize,equalize,random,random
874,random,equalize,random,random,random,random,equalize,equalize,random,equalize,equalize,equalize,random,random,random,equalize,random,equalize,equalize,equalize,random,random,equalize,equalize
875,equalize,equalize,equalize,random,random,equalize,random,random,random,equalize,random,random,random,random,equalize,equalize,equalize,random,random,equalize,equalize,equalize,equalize,random
876,random,equalize,equalize,equalize,random,random,equalize,equalize,equalize,random,random,random,random,random,equalize,equalize,random,equalize,random,random,equalize,equalize,equalize,random
877,random,random,equalize,equalize,random,equalize,random,random,equalize,equalize,random,equalize,random,equalize,equalize,equalize,equalize,random,equalize,random,random,random,equalize,random
878,random,random,random,random,equalize,random,random,equalize,equalize,random,equalize,random,equalize,random,random,random,random,equalize,equalize,equalize,equalize,equalize,equalize,equalize
879,random,random,equalize,random,equalize,random,equalize,random,random,random,equalize,random,equalize,random,equalize,equalize,equalize,equalize,equalize,equalize,random,random,equalize,random
880,random,equalize,random,random,equalize,random,random,equalize,random,random,equalize,equalize,random,random,equalize,random,equalize,equalize,random,equalize,equalize,equalize,random,equalize
881,equalize,rotate,equalize,rotate,equalize,equalize,rotate,rotate,rotate,rotate,equalize,rotate,rotate,rotate,rotate,equalize,equalize,rotate,equalize,equalize,equalize,equalize,equalize,rotate
882,rotate,rotate,rotate,equalize,equalize,equalize,equalize,rotate,rotate,equalize,rotate,rotate,equalize,rotate,rotate,equalize,equalize,rotate,equalize,equalize,equalize,rotate,rotate,equalize
883,equalize,equalize,equalize,equalize,equalize,equalize,rotate,equalize,rotate,equalize,equalize,rotate,rotate,rotate,rotate,rotate,rotate,equalize,equalize,equalize,rotate,rotate,rotate,rotate
884,rotate,rotate,equalize,equalize,equalize,equalize,rotate,rotate,equalize,rotate,rotate,equalize,equalize,rotate,rotate,equalize,rotate,equalize,equalize,rotate,rotate,equalize,rotate,equalize
885,rotate,equalize,rotate,equalize,rotate,rotate,equalize,equalize,rotate,rotate,equalize,rotate,rotate,equalize,rotate,equalize,equalize,rotate,rotate,equalize,equalize,rotate,equalize,equalize
886,rotate,rotate,rotate,equalize,equalize,equalize,equalize,rotate,rotate,equalize,equalize,equalize,rotate,equalize,rotate,rotate,rotate,equalize,equalize,rotate,rotate,rotate,equalize,equalize
887,equalize,equalize,rotate,rotate,rotate,equalize,equalize,rotate,equalize,equalize,rotate,rotate,rotate,rotate,rotate,equalize,equalize,equalize,equalize,rotate,equalize,equalize,rotate,rotate
888,equalize,rotate,equalize,equalize,rotate,equalize,rotate,equalize,rotate,equalize,rotate,rotate,equalize,equalize,rotate,rotate,equalize,equalize,rotate,rotate,equalize,equalize,rotate,rotate
889,rotate,equalize,equalize,equalize,rotate,equalize,rotate,rotate,equalize,equalize,rotate,rotate,rotate,equalize,rotate,equalize,rotate,equalize,equalize,equalize,rotate,equalize,rotate,rotate
890,rotate,rotate,rotate,equalize,rotate,rotate,rotate,equalize,equalize,rotate,rotate,equalize,equalize,equalize,equalize,rotate,equalize,equalize,rotate,rotate,rotate,equalize,equalize,equalize
891,rotate,rotate,rotate,equalize,equalize,equalize,rotate,equalize,equalize,equalize,rotate,rotate,rotate,equalize,rotate,rotate,rotate,rotate,equalize,equalize,equalize,equalize,equalize,rotate
892,rotate,equalize,rotate,equalize,equalize,rotate,rotate,rotate,equalize,equalize,equalize,equalize,equalize,rotate,equalize,equalize,rotate,rotate,rotate,rotate,equalize,equalize,rotate,rotate
893,rotate,rotate,rotate,rotate,equalize,equalize,rotate,rotate,rotate,rotate,equalize,equalize,equalize,equalize,rotate,rotate,equalize,equalize,equalize,rotate,equalize,rotate,equalize,equalize
894,rotate,rotate,rotate,equalize,rotate,rotate,rotate,rotate,equalize,rotate,rotate,equalize,equalize,rotate,equalize,equalize,equalize,equalize,equalize,equalize,equalize,equalize,rotate,rotate
895,rotate,equalize,equalize,rotate,equalize,equalize,equalize,equalize,equalize,equalize,equalize,rotate,rotate,equalize,rotate,rotate,rotate,rotate,rotate,rotate,rotate,equalize,rotate,equalize
896,equalize,equalize,rotate,equalize,rotate,rotate,equalize,equalize,rotate,equalize,rotate,equalize,rotate,equalize,equalize,rotate,equalize,rotate,rotate,rotate,equalize,rotate,rotate,equalize
897,rotate,rotate,equalize,rotate,equalize,rotate,rotate,equalize,rotate,rotate,equalize,rotate,equalize,equalize,equalize,rotate,rotate,rotate,equalize,equalize,equalize,rotate,equalize,equalize
898,rotate,rotate,rotate,equalize,equalize,rotate,equalize,equalize,rotate,equalize,equalize,rotate,rotate,equalize,equalize,equalize,rotate,rotate,equalize,rotate,equalize,rotate,rotate,equalize
899,rotate,equalize,equalize,equalize,equalize,equalize,rotate,rotate,equalize,rotate,rotate,rotate,equalize,rotate,equalize,rotate,equalize,rotate,equalize,rotate,equalize,rotate,rotate,equalize
900,equalize,equalize,rotate,equalize,equalize,rotate,equalize,rotate,rotate,rotate,rotate,rotate,equalize,equalize,equalize,rotate,equalize,rotate,rotate,equalize,rotate,equalize,equalize,rotate
901,equalize,equalize,equalize,equalize,rotate,rotate,rotate,rotate,rotate,rotate,equalize,equalize,rotate,rotate,rotate,equalize,rotate,equalize,rotate,rotate,equalize,equalize,equalize,equalize
902,rotate,rotate,equalize,equalize,equalize,equalize,equalize,rotate,rotate,equalize,equalize,equalize,rotate,rotate,rotate,equalize,rotate,rotate,rotate,equalize,rotate,rotate,equalize,equalize
903,rotate,equalize,rotate,rotate,rotate,rotate,rotate,equalize,equalize,rotate,equalize,equalize,rotate,equalize,equalize,rotate,rotate,equalize,equalize,equalize,rotate,equalize,equalize,rotate
904,rotate,rotate,equalize,equalize,equalize,equalize,rotate,equalize,rotate,rotate,rotate,rotate,rotate,equalize,equalize,rotate,rotate,equalize,rotate,equalize,equalize,equalize,equalize,rotate
905,rotate,equalize,rotate,rotate,equalize,rotate,rotate,equalize,equalize,rotate,equalize,equalize,rotate,rotate,equalize,equalize,equalize,rotate,equalize,rotate,rotate,equalize,rotate,equalize
906,rotate,equalize,equalize,equalize,rotate,rotate,equalize,rotate,equalize,rotate,equalize,rotate,rotate,rotate,rotate,rotate,equalize,rotate,equalize,equalize,equalize,equalize,equalize,rotate
907,rotate,equalize,rotate,equalize,equalize,rotate,rotate,rotate,equalize,rotate,rotate,equalize,rotate,equalize,rotate,equalize,equalize,rotate,equalize,rotate,equalize,equalize,rotate,equalize
908,rotate,rotate,equalize,equalize,rotate,equalize,equalize,rotate,rotate,rotate,equalize,equalize,equalize,rotate,equalize,equalize,equalize,rotate,equalize,rotate,rotate,rotate,rotate,equalize
909,equalize,rotate,rotate,equalize,equalize,equalize,equalize,rotate,rotate,rotate,rotate,equalize,equalize,rotate,equalize,equalize,rotate,rotate,rotate,equalize,rotate,equalize,equalize,rotate
910,equalize,rotate,rotate,rotate,rotate,equalize,rotate,equalize,rotate,rotate,equalize,equalize,equalize,equalize,equalize,equalize,equalize,rotate,equalize,rotate,rotate,rotate,equalize,rotate
911,equalize,equalize,equalize,equalize,rotate,rotate,equalize,rotate,equalize,equalize,equalize,rotate,equalize,rotate,rotate,rotate,equalize,rotate,rotate,equalize,rotate,equalize,rotate,rotate
912,rotate,equalize,equalize,rotate,rotate,rotate,equalize,equalize,rotate,equalize,equalize,rotate,equalize,equalize,equalize,rotate,equalize,equalize,equalize,rotate,rotate,rotate,rotate,rotate
913,rotate,equalize,rotate,equalize,equalize,equalize,rotate,rotate,equalize,equalize,rotate,equalize,rotate,rotate,equalize,rotate,rotate,equalize,rotate,equalize,equalize,equalize,rotate,rotate
914,rotate,equalize,rotate,rotate,rotate,rotate,equalize,equalize,rotate,equalize,equalize,equalize,rotate,rotate,rotate,equalize,rotate,equalize,equalize,equalize,rotate,rotate,equalize,equalize
915,equalize,equalize,equalize,rotate,rotate,equalize,rotate,rotate,rotate,equalize,rotate,rotate,rotate,rotate,equalize,equalize,equalize,rotate,rotate,equalize,equalize,equalize,equalize,rotate
916,rotate,equalize,equalize,equalize,rotate,rotate,equalize,equalize,equalize,rotate,rotate,rotate,rotate,rotate,equalize,equalize,rotate,equalize,rotate,rotate,equalize,equalize,equalize,rotate
917,rotate,rotate,equalize,equalize,rotate,equalize,rotate,rotate,equalize,equalize,rotate,equalize,rotate,equalize,equalize,equalize,equalize,rotate,equalize,rotate,rotate,rotate,equalize,rotate
918,rotate,rotate,rotate,rotate,equalize,rotate,rotate,equalize,equalize,rotate,equalize,rotate,equalize,rotate,rotate,rotate,rotate,equalize,equalize,equalize,equalize,equalize,equalize,equalize
919,rotate,rotate,equalize,rotate,equalize,rotate,equalize,rotate,rotate,rotate,equalize,rotate,equalize,rotate,equalize,equalize,equalize,equalize,equalize,equalize,rotate,rotate,equalize,rotate
920,rotate,equalize,rotate,rotate,equalize,rotate,rotate,equalize,rotate,rotate,equalize,equalize,rotate,rotate,equalize,rotate,equalize,equalize,rotate,equalize,equalize,equalize,rotate,equalize
921,equalize,random3,equalize,random3,equalize,equalize,random3,random3,random3,random3,equalize,random3,random3,random3,random3,equalize,equalize,random3,equalize,equalize,equalize,equalize,equalize,random3
922,random3,random3,random3,equalize,equalize,equalize,equalize,random3,random3,equalize,random3,random3,equalize,random3,random3,equalize,equalize,random3,equalize,equalize,equalize,random3,random3,equalize
923,equalize,equalize,equalize,equalize,equalize,equalize,random3,equalize,random3,equalize,equalize,random3,random3,random3,random3,random3,random3,equalize,equalize,equalize,random3,random3,random3,random3
924,random3,random3,equalize,equalize,equalize,equalize,random3,random3,equalize,random3,random3,equalize,equalize,random3,random3,equalize,random3,equalize,equalize,random3,random3,equalize,random3,equalize
925,random3,equalize,random3,equalize,random3,random3,equalize,equalize,random3,random3,equalize,random3,random3,equalize,random3,equalize,equalize,random3,random3,equalize,equalize,random3,equalize,equalize
926,random3,random3,random3,equalize,equalize,equalize,equalize,random3,random3,equalize,equalize,equalize,random3,equalize,random3,random3,random3,equalize,equalize,random3,random3,random3,equalize,equalize
927,equalize,equalize,random3,random3,random3,equalize,equalize,random3,equalize,equalize,random3,random3,random3,random3,random3,equalize,equalize,equalize,equalize,random3,equalize,equalize,random3,random3
928,equalize,random3,equalize,equalize,random3,equalize,random3,equalize,random3,equalize,random3,random3,equalize,equalize,random3,random3,equalize,equalize,random3,random3,equalize,equalize,random3,random3
929,random3,equalize,equalize,equalize,random3,equalize,random3,random3,equalize,equalize,random3,random3,random3,equalize,random3,equalize,random3,equalize,equalize,equalize,random3,equalize,random3,random3
930,random3,random3,random3,equalize,random3,random3,random3,equalize,equalize,random3,random3,equalize,equalize,equalize,equalize,random3,equalize,equalize,random3,random3,random3,equalize,equalize,equalize
931,random3,random3,random3,equalize,equalize,equalize,random3,equalize,equalize,equalize,random3,random3,random3,equalize,random3,random3,random3,random3,equalize,equalize,equalize,equalize,equalize,random3
932,random3,equalize,random3,equalize,equalize,random3,random3,random3,equalize,equalize,equalize,equalize,equalize,random3,equalize,equalize,random3,random3,random3,random3,equalize,equalize,random3,random3
933,random3,random3,random3,random3,equalize,equalize,random3,random3,random3,random3,equalize,equalize,equalize,equalize,random3,random3,equalize,equalize,equalize,random3,equalize,random3,equalize,equalize
934,random3,random3,random3,equalize,random3,random3,random3,random3,equalize,random3,random3,equalize,equalize,random3,equalize,equalize,equalize,equalize,equalize,equalize,equalize,equalize,random3,random3
935,random3,equalize,equalize,random3,equalize,equalize,equalize,equalize,equalize,equalize,equalize,random3,random3,equalize,random3,random3,random3,random3,random3,random3,random3,equalize,random3,equalize
936,equalize,equalize,random3,equalize,random3,random3,equalize,equalize,random3,equalize,random3,equalize,random3,equalize,equalize,random3,equalize,random3,random3,random3,equalize,random3,random3,equalize
937,random3,random3,equalize,random3,equalize,random3,random3,equalize,random3,random3,equalize,random3,equalize,equalize,equalize,random3,random3,random3,equalize,equalize,equalize,random3,equalize,equalize
938,random3,random3,random3,equalize,equalize,random3,equalize,equalize,random3,equalize,equalize,random3,random3,equalize,equalize,equalize,random3,random3,equalize,random3,equalize,random3,random3,equalize
939,random3,equalize,equalize,equalize,equalize,equalize,random3,random3,equalize,random3,random3,random3,equalize,random3,equalize,random3,equalize,random3,equalize,random3,equalize,random3,random3,equalize
940,equalize,equalize,random3,equalize,equalize,random3,equalize,random3,random3,random3,random3,random3,equalize,equalize,equalize,random3,equalize,random3,random3,equalize,random3,equalize,equalize,random3
941,equalize,equalize,equalize,equalize,random3,random3,random3,random3,random3,random3,equalize,equalize,random3,random3,random3,equalize,random3,equalize,random3,random3,equalize,equalize,equalize,equalize
942,random3,random3,equalize,equalize,equalize,equalize,equalize,random3,random3,equalize,equalize,equalize,random3,random3,random3,equalize,random3,random3,random3,equalize,random3,random3,equalize,equalize
943,random3,equalize,random3,random3,random3,random3,random3,equalize,equalize,random3,equalize,equalize,random3,equalize,equalize,random3,random3,equalize,equalize,equalize,random3,equalize,equalize,random3
944,random3,random3,equalize,equalize,equalize,equalize,random3,equalize,random3,random3,random3,random3,random3,equalize,equalize,random3,random3,equalize,random3,equalize,equalize,equalize,equalize,random3
945,random3,equalize,random3,random3,equalize,random3,random3,equalize,equalize,random3,equalize,equalize,random3,random3,equalize,equalize,equalize,random3,equalize,random3,random3,equalize,random3,equalize
946,random3,equalize,equalize,equalize,random3,random3,equalize,random3,equalize,random3,equalize,random3,random3,random3,random3,random3,equalize,random3,equalize,equalize,equalize,equalize,equalize,random3
947,random3,equalize,random3,equalize,equalize,random3,random3,random3,equalize,random3,random3,equalize,random3,equalize,random3,equalize,equalize,random3,equalize,random3,equalize,equalize,random3,equalize
948,random3,random3,equalize,equalize,random3,equalize,equalize,random3,random3,random3,equalize,equalize,equalize,random3,equalize,equalize,equalize,random3,equalize,random3,random3,random3,random3,equalize
949,equalize,random3,random3,equalize,equalize,equalize,equalize,random3,random3,random3,random3,equalize,equalize,random3,equalize,equalize,random3,random3,random3,equalize,random3,equalize,equalize,random3
950,equalize,random3,random3,random3,random3,equalize,random3,equalize,random3,random3,equalize,equalize,equalize,equalize,equalize,equalize,equalize,random3,equalize,random3,random3,random3,equalize,random3
951,equalize,equalize,equalize,equalize,random3,random3,equalize,random3,equalize,equalize,equalize,random3,equalize,random3,random3,random3,equalize,random3,random3,equalize,random3,equalize,random3,random3
952,random3,equalize,equalize,random3,random3,random3,equalize,equalize,random3,equalize,equalize,random3,equalize,equalize,equalize,random3,equalize,equalize,equalize,random3,random3,random3,random3,random3
953,random3,equalize,random3,equalize,equalize,equalize,random3,random3,equalize,equalize,random3,equalize,random3,random3,equalize,random3,random3,equalize,random3,equalize,equalize,equalize,random3,random3
954,random3,equalize,random3,random3,random3,random3,equalize,equalize,random3,equalize,equalize,equalize,random3,random3,random3,equalize,random3,equalize,equalize,equalize,random3,random3,equalize,equalize
955,equalize,equalize,equalize,random3,random3,equalize,random3,random3,random3,equalize,random3,random3,random3,random3,equalize,equalize,equalize,random3,random3,equalize,equalize,equalize,equalize,random3
956,random3,equalize,equalize,equalize,random3,random3,equalize,equalize,equalize,random3,random3,random3,random3,random3,equalize,equalize,random3,equalize,random3,random3,equalize,equalize,equalize,random3
957,random3,random3,equalize,equalize,random3,equalize,random3,random3,equalize,equalize,random3,equalize,random3,equalize,equalize,equalize,equalize,random3,equalize,random3,random3,random3,equalize,random3
958,random3,random3,random3,random3,equalize,random3,random3,equalize,equalize,random3,equalize,random3,equalize,random3,random3,random3,random3,equalize,equalize,equalize,equalize,equalize,equalize,equalize
959,random3,random3,equalize,random3,equalize,random3,equalize,random3,random3,random3,equalize,random3,equalize,random3,equalize,equalize,equalize,equalize,equalize,equalize,random3,random3,equalize,random3
960,random3,equalize,random3,random3,equalize,random3,random3,equalize,random3,random3,equalize,equalize,random3,random3,equalize,random3,equalize,equalize,random3,equalize,equalize,equalize,random3,equalize
961,equalize,radicaleq,equalize,radicaleq,equalize,equalize,radicaleq,radicaleq,radicaleq,radicaleq,equalize,radicaleq,radicaleq,radicaleq,radicaleq,equalize,equalize,radicaleq,equalize,equalize,equalize,equalize,equalize,radicaleq
962,radicaleq,radicaleq,radicaleq,equalize,equalize,equalize,equalize,radicaleq,radicaleq,equalize,radicaleq,radicaleq,equalize,radicaleq,radicaleq,equalize,equalize,radicaleq,equalize,equalize,equalize,radicaleq,radicaleq,equalize
963,equalize,equalize,equalize,equalize,equalize,equalize,radicaleq,equalize,radicaleq,equalize,equalize,radicaleq,radicaleq,radicaleq,radicaleq,radicaleq,radicaleq,equalize,equalize,equalize,radicaleq,radicaleq,radicaleq,radicaleq
964,radicaleq,radicaleq,equalize,equalize,equalize,equalize,radicaleq,radicaleq,equalize,radicaleq,radicaleq,equalize,equalize,radicaleq,radicaleq,equalize,radicaleq,equalize,equalize,radicaleq,radicaleq,equalize,radicaleq,equalize
965,radicaleq,equalize,radicaleq,equalize,radicaleq,radicaleq,equalize,equalize,radicaleq,radicaleq,equalize,radicaleq,radicaleq,equalize,radicaleq,equalize,equalize,radicaleq,radicaleq,equalize,equalize,radicaleq,equalize,equalize
966,radicaleq,radicaleq,radicaleq,equalize,equalize,equalize,equalize,radicaleq,radicaleq,equalize,equalize,equalize,radicaleq,equalize,radicaleq,radicaleq,radicaleq,equalize,equalize,radicaleq,radicaleq,radicaleq,equalize,equalize
967,equalize,equalize,radicaleq,radicaleq,radicaleq,equalize,equalize,radicaleq,equalize,equalize,radicaleq,radicaleq,radicaleq,radicaleq,radicaleq,equalize,equalize,equalize,equalize,radicaleq,equalize,equalize,radicaleq,radicaleq
968,equalize,radicaleq,equalize,equalize,radicaleq,equalize,radicaleq,equalize,radicaleq,equalize,radicaleq,radicaleq,equalize,equalize,radicaleq,radicaleq,equalize,equalize,radicaleq,radicaleq,equalize,equalize,radicaleq,radicaleq
969,radicaleq,equalize,equalize,equalize,radicaleq,equalize,radicaleq,radicaleq,equalize,equalize,radicaleq,radicaleq,radicaleq,equalize,radicaleq,equalize,radicaleq,equalize,equalize,equalize,radicaleq,equalize,radicaleq,radicaleq
970,radicaleq,radicaleq,radicaleq,equalize,radicaleq,radicaleq,radicaleq,equalize,equalize,radicaleq,radicaleq,equalize,equalize,equalize,equalize,radicaleq,equalize,equalize,radicaleq,radicaleq,radicaleq,equalize,equalize,equalize
971,radicaleq,radicaleq,radicaleq,equalize,equalize,equalize,radicaleq,equalize,equalize,equalize,radicaleq,radicaleq,radicaleq,equalize,radicaleq,radicaleq,radicaleq,radicaleq,equalize,equalize,equalize,equalize,equalize,radicaleq
972,radicaleq,equalize,radicaleq,equalize,equalize,radicaleq,radicaleq,radicaleq,equalize,equalize,equalize,equalize,equalize,radicaleq,equalize,equalize,radicaleq,radicaleq,radicaleq,radicaleq,equalize,equalize,radicaleq,radicaleq
973,radicaleq,radicaleq,radicaleq,radicaleq,equalize,equalize,radicaleq,radicaleq,radicaleq,radicaleq,equalize,equalize,equalize,equalize,radicaleq,radicaleq,equalize,equalize,equalize,radicaleq,equalize,radicaleq,equalize,equalize
974,radicaleq,radicaleq,radicaleq,equalize,radicaleq,radicaleq,radicaleq,radicaleq,equalize,radicaleq,radicaleq,equalize,equalize,radicaleq,equalize,equalize,equalize,equalize,equalize,equalize,equalize,equalize,radicaleq,radicaleq
975,radicaleq,equalize,equalize,radicaleq,equalize,equalize,equalize,equalize,equalize,equalize,equalize,radicaleq,radicaleq,equalize,radicaleq,radicaleq,radicaleq,radicaleq,radicaleq,radicaleq,radicaleq,equalize,radicaleq,equalize
976,equalize,equalize,radicaleq,equalize,radicaleq,radicaleq,equalize,equalize,radicaleq,equalize,radicaleq,equalize,radicaleq,equalize,equalize,radicaleq,equalize,radicaleq,radicaleq,radicaleq,equalize,radicaleq,radicaleq,equalize
977,radicaleq,radicaleq,equalize,radicaleq,equalize,radicaleq,radicaleq,equalize,radicaleq,radicaleq,equalize,radicaleq,equalize,equalize,equalize,radicaleq,radicaleq,radicaleq,equalize,equalize,equalize,radicaleq,equalize,equalize
978,radicaleq,radicaleq,radicaleq,equalize,equalize,radicaleq,equalize,equalize,radicaleq,equalize,equalize,radicaleq,radicaleq,equalize,equalize,equalize,radicaleq,radicaleq,equalize,radicaleq,equalize,radicaleq,radicaleq,equalize
979,radicaleq,equalize,equalize,equalize,equalize,equalize,radicaleq,radicaleq,equalize,radicaleq,radicaleq,radicaleq,equalize,radicaleq,equalize,radicaleq,equalize,radicaleq,equalize,radicaleq,equalize,radicaleq,radicaleq,equalize
980,equalize,equalize,radicaleq,equalize,equalize,radicaleq,equalize,radicaleq,radicaleq,radicaleq,radicaleq,radicaleq,equalize,equalize,equalize,radicaleq,equalize,radicaleq,radicaleq,equalize,radicaleq,equalize,equalize,radicaleq
981,equalize,equalize,equalize,equalize,radicaleq,radicaleq,radicaleq,radicaleq,radicaleq,radicaleq,equalize,equalize,radicaleq,radicaleq,radicaleq,equalize,radicaleq,equalize,radicaleq,radicaleq,equalize,equalize,equalize,equalize
982,radicaleq,radicaleq,equalize,equalize,equalize,equalize,equalize,radicaleq,radicaleq,equalize,equalize,equalize,radicaleq,radicaleq,radicaleq,equalize,radicaleq,radicaleq,radicaleq,equalize,radicaleq,radicaleq,equalize,equalize
983,radicaleq,equalize,radicaleq,radicaleq,radicaleq,radicaleq,radicaleq,equalize,equalize,radicaleq,equalize,equalize,radicaleq,equalize,equalize,radicaleq,radicaleq,equalize,equalize,equalize,radicaleq,equalize,equalize,radicaleq
984,radicaleq,radicaleq,equalize,equalize,equalize,equalize,radicaleq,equalize,radicaleq,radicaleq,radicaleq,radicaleq,radicaleq,equalize,equalize,radicaleq,radicaleq,equalize,radicaleq,equalize,equalize,equalize,equalize,radicaleq
985,radicaleq,equalize,radicaleq,radicaleq,equalize,radicaleq,radicaleq,equalize,equalize,radicaleq,equalize,equalize,radicaleq,radicaleq,equalize,equalize,equalize,radicaleq,equalize,radicaleq,radicaleq,equalize,radicaleq,equalize
986,radicaleq,equalize,equalize,equalize,radicaleq,radicaleq,equalize,radicaleq,equalize,radicaleq,equalize,radicaleq,radicaleq,radicaleq,radicaleq,radicaleq,equalize,radicaleq,equalize,equalize,equalize,equalize,equalize,radicaleq
987,radicaleq,equalize,radicaleq,equalize,equalize,radicaleq,radicaleq,radicaleq,equalize,radicaleq,radicaleq,equalize,radicaleq,equalize,radicaleq,equalize,equalize,radicaleq,equalize,radicaleq,equalize,equalize,radicaleq,equalize
988,radicaleq,radicaleq,equalize,equalize,radicaleq,equalize,equalize,radicaleq,radicaleq,radicaleq,equalize,equalize,equalize,radicaleq,equalize,equalize,equalize,radicaleq,equalize,radicaleq,radicaleq,radicaleq,radicaleq,equalize
989,equalize,radicaleq,radicaleq,equalize,equalize,equalize,equalize,radicaleq,radicaleq,radicaleq,radicaleq,equalize,equalize,radicaleq,equalize,equalize,radicaleq,radicaleq,radicaleq,equalize,radicaleq,equalize,equalize,radicaleq
990,equalize,radicaleq,radicaleq,radicaleq,radicaleq,equalize,radicaleq,equalize,radicaleq,radicaleq,equalize,equalize,equalize,equalize,equalize,equalize,equalize,radicaleq,equalize,radicaleq,radicaleq,radicaleq,equalize,radicaleq
991,equalize,equalize,equalize,equalize,radicaleq,radicaleq,equalize,radicaleq,equalize,equalize,equalize,radicaleq,equalize,radicaleq,radicaleq,radicaleq,equalize,radicaleq,radicaleq,equalize,radicaleq,equalize,radicaleq,radicaleq
992,radicaleq,equalize,equalize,radicaleq,radicaleq,radicaleq,equalize,equalize,radicaleq,equalize,equalize,radicaleq,equalize,equalize,equalize,radicaleq,equalize,equalize,equalize,radicaleq,radicaleq,radicaleq,radicaleq,radicaleq
993,radicaleq,equalize,radicaleq,equalize,equalize,equalize,radicaleq,radicaleq,equalize,equalize,radicaleq,equalize,radicaleq,radicaleq,equalize,radicaleq,radicaleq,equalize,radicaleq,equalize,equalize,equalize,radicaleq,radicaleq
994,radicaleq,equalize,radicaleq,radicaleq,radicaleq,radicaleq,equalize,equalize,radicaleq,equalize,equalize,equalize,radicaleq,radicaleq,radicaleq,equalize,radicaleq,equalize,equalize,equalize,radicaleq,radicaleq,equalize,equalize
995,equalize,equalize,equalize,radicaleq,radicaleq,equalize,radicaleq,radicaleq,radicaleq,equalize,radicaleq,radicaleq,radicaleq,radicaleq,equalize,equalize,equalize,radicaleq,radicaleq,equalize,equalize,equalize,equalize,radicaleq
996,radicaleq,equalize,equalize,equalize,radicaleq,radicaleq,equalize,equalize,equalize,radicaleq,radicaleq,radicaleq,radicaleq,radicaleq,equalize,equalize,radicaleq,equalize,radicaleq,radicaleq,equalize,equalize,equalize,radicaleq
997,radicaleq,radicaleq,equalize,equalize,radicaleq,equalize,radicaleq,radicaleq,equalize,equalize,radicaleq,equalize,radicaleq,equalize,equalize,equalize,equalize,radicaleq,equalize,radicaleq,radicaleq,radicaleq,equalize,radicaleq
998,radicaleq,radicaleq,radicaleq,radicaleq,equalize,radicaleq,radicaleq,equalize,equalize,radicaleq,equalize,radicaleq,equalize,radicaleq,radicaleq,radicaleq,radicaleq,equalize,equalize,equalize,equalize,equalize,equalize,equalize
999,radicaleq,radicaleq,equalize,radicaleq,equalize,radicaleq,equalize,radicaleq,radicaleq,radicaleq,equalize,radicaleq,equalize,radicaleq,equalize,equalize,equalize,equalize,equalize,equalize,radicaleq,radicaleq,equalize,radicaleq
1000,radicaleq,equalize,radicaleq,radicaleq,equalize,radicaleq,radicaleq,equalize,radicaleq,radicaleq,equalize,equalize,radicaleq,radicaleq,equalize,radicaleq,equalize,equalize,radicaleq,equalize,equalize,equalize,radicaleq,equalize
1001,equalize,rotate0,equalize,rotate0,equalize,equalize,rotate0,rotate0,rotate0,rotate0,equalize,rotate0,rotate0,rotate0,rotate0,equalize,equalize,rotate0,equalize,equalize,equalize,equalize,equalize,rotate0
1002,rotate0,rotate0,rotate0,equalize,equalize,equalize,equalize,rotate0,rotate0,equalize,rotate0,rotate0,equalize,rotate0,rotate0,equalize,equalize,rotate0,equalize,equalize,equalize,rotate0,rotate0,equalize
1003,equalize,equalize,equalize,equalize,equalize,equalize,rotate0,equalize,rotate0,equalize,equalize,rotate0,rotate0,rotate0,rotate0,rotate0,rotate0,equalize,equalize,equalize,rotate0,rotate0,rotate0,rotate0
1004,rotate0,rotate0,equalize,equalize,equalize,equalize,rotate0,rotate0,equalize,rotate0,rotate0,equalize,equalize,rotate0,rotate0,equalize,rotate0,equalize,equalize,rotate0,rotate0,equalize,rotate0,equalize
1005,rotate0,equalize,rotate0,equalize,rotate0,rotate0,equalize,equalize,rotate0,rotate0,equalize,rotate0,rotate0,equalize,rotate0,equalize,equalize,rotate0,rotate0,equalize,equalize,rotate0,equalize,equalize
1006,rotate0,rotate0,rotate0,equalize,equalize,equalize,equalize,rotate0,rotate0,equalize,equalize,equalize,rotate0,equalize,rotate0,rotate0,rotate0,equalize,equalize,rotate0,rotate0,rotate0,equalize,equalize
1007,equalize,equalize,rotate0,rotate0,rotate0,equalize,equalize,rotate0,equalize,equalize,rotate0,rotate0,rotate0,rotate0,rotate0,equalize,equalize,equalize,equalize,rotate0,equalize,equalize,rotate0,rotate0
1008,equalize,rotate0,equalize,equalize,rotate0,equalize,rotate0,equalize,rotate0,equalize,rotate0,rotate0,equalize,equalize,rotate0,rotate0,equalize,equalize,rotate0,rotate0,equalize,equalize,rotate0,rotate0
1009,rotate0,equalize,equalize,equalize,rotate0,equalize,rotate0,rotate0,equalize,equalize,rotate0,rotate0,rotate0,equalize,rotate0,equalize,rotate0,equalize,equalize,equalize,rotate0,equalize,rotate0,rotate0
1010,rotate0,rotate0,rotate0,equalize,rotate0,rotate0,rotate0,equalize,equalize,rotate0,rotate0,equalize,equalize,equalize,equalize,rotate0,equalize,equalize,rotate0,rotate0,rotate0,equalize,equalize,equalize
1011,rotate0,rotate0,rotate0,equalize,equalize,equalize,rotate0,equalize,equalize,equalize,rotate0,rotate0,rotate0,equalize,rotate0,rotate0,rotate0,rotate0,equalize,equalize,equalize,equalize,equalize,rotate0
1012,rotate0,equalize,rotate0,equalize,equalize,rotate0,rotate0,rotate0,equalize,equalize,equalize,equalize,equalize,rotate0,equalize,equalize,rotate0,rotate0,rotate0,rotate0,equalize,equalize,rotate0,rotate0
1013,rotate0,rotate0,rotate0,rotate0,equalize,equalize,rotate0,rotate0,rotate0,rotate0,equalize,equalize,equalize,equalize,rotate0,rotate0,equalize,equalize,equalize,rotate0,equalize,rotate0,equalize,equalize
1014,rotate0,rotate0,rotate0,equalize,rotate0,rotate0,rotate0,rotate0,equalize,rotate0,rotate0,equalize,equalize,rotate0,equalize,equalize,equalize,equalize,equalize,equalize,equalize,equalize,rotate0,rotate0
1015,rotate0,equalize,equalize,rotate0,equalize,equalize,equalize,equalize,equalize,equalize,equalize,rotate0,rotate0,equalize,rotate0,rotate0,rotate0,rotate0,rotate0,rotate0,rotate0,equalize,rotate0,equalize
1016,equalize,equalize,rotate0,equalize,rotate0,rotate0,equalize,equalize,rotate0,equalize,rotate0,equalize,rotate0,equalize,equalize,rotate0,equalize,rotate0,rotate0,rotate0,equalize,rotate0,rotate0,equalize
1017,rotate0,rotate0,equalize,rotate0,equalize,rotate0,rotate0,equalize,rotate0,rotate0,equalize,rotate0,equalize,equalize,equalize,rotate0,rotate0,rotate0,equalize,equalize,equalize,rotate0,equalize,equalize
1018,rotate0,rotate0,rotate0,equalize,equalize,rotate0,equalize,equalize,rotate0,equalize,equalize,rotate0,rotate0,equalize,equalize,equalize,rotate0,rotate0,equalize,rotate0,equalize,rotate0,rotate0,equalize
1019,rotate0,equalize,equalize,equalize,equalize,equalize,rotate0,rotate0,equalize,rotate0,rotate0,rotate0,equalize,rotate0,equalize,rotate0,equalize,rotate0,equalize,rotate0,equalize,rotate0,rotate0,equalize
1020,equalize,equalize,rotate0,equalize,equalize,rotate0,equalize,rotate0,rotate0,rotate0,rotate0,rotate0,equalize,equalize,equalize,rotate0,equalize,rotate0,rotate0,equalize,rotate0,equalize,equalize,rotate0
1021,equalize,equalize,equalize,equalize,rotate0,rotate0,rotate0,rotate0,rotate0,rotate0,equalize,equalize,rotate0,rotate0,rotate0,equalize,rotate0,equalize,rotate0,rotate0,equalize,equalize,equalize,equalize
1022,rotate0,rotate0,equalize,equalize,equalize,equalize,equalize,rotate0,rotate0,equalize,equalize,equalize,rotate0,rotate0,rotate0,equalize,rotate0,rotate0,rotate0,equalize,rotate0,rotate0,equalize,equalize
1023,rotate0,equalize,rotate0,rotate0,rotate0,rotate0,rotate0,equalize,equalize,rotate0,equalize,equalize,rotate0,equalize,equalize,rotate0,rotate0,equalize,equalize,equalize,rotate0,equalize,equalize,rotate0
1024,rotate0,rotate0,equalize,equalize,equalize,equalize,rotate0,equalize,rotate0,rotate0,rotate0,rotate0,rotate0,equalize,equalize,rotate0,rotate0,equalize,rotate0,equalize,equalize,equalize,equalize,rotate0
1025,rotate0,equalize,rotate0,rotate0,equalize,rotate0,rotate0,equalize,equalize,rotate0,equalize,equalize,rotate0,rotate0,equalize,equalize,equalize,rotate0,equalize,rotate0,rotate0,equalize,rotate0,equalize
1026,rotate0,equalize,equalize,equalize,rotate0,rotate0,equalize,rotate0,equalize,rotate0,equalize,rotate0,rotate0,rotate0,rotate0,rotate0,equalize,rotate0,equalize,equalize,equalize,equalize,equalize,rotate0
1027,rotate0,equalize,rotate0,equalize,equalize,rotate0,rotate0,rotate0,equalize,rotate0,rotate0,equalize,rotate0,equalize,rotate0,equalize,equalize,rotate0,equalize,rotate0,equalize,equalize,rotate0,equalize
1028,rotate0,rotate0,equalize,equalize,rotate0,equalize,equalize,rotate0,rotate0,rotate0,equalize,equalize,equalize,rotate0,equalize,equalize,equalize,rotate0,equalize,rotate0,rotate0,rotate0,rotate0,equalize
1029,equalize,rotate0,rotate0,equalize,equalize,equalize,equalize,rotate0,rotate0,rotate0,rotate0,equalize,equalize,rotate0,equalize,equalize,rotate0,rotate0,rotate0,equalize,rotate0,equalize,equalize,rotate0
1030,equalize,rotate0,rotate0,rotate0,rotate0,equalize,rotate0,equalize,rotate0,rotate0,equalize,equalize,equalize,equalize,equalize,equalize,equalize,rotate0,equalize,rotate0,rotate0,rotate0,equalize,rotate0
1031,equalize,equalize,equalize,equalize,rotate0,rotate0,equalize,rotate0,equalize,equalize,equalize,rotate0,equalize,rotate0,rotate0,rotate0,equalize,rotate0,rotate0,equalize,rotate0,equalize,rotate0,rotate0
1032,rotate0,equalize,equalize,rotate0,rotate0,rotate0,equalize,equalize,rotate0,equalize,equalize,rotate0,equalize,equalize,equalize,rotate0,equalize,equalize,equalize,rotate0,rotate0,rotate0,rotate0,rotate0
1033,rotate0,equalize,rotate0,equalize,equalize,equalize,rotate0,rotate0,equalize,equalize,rotate0,equalize,rotate0,rotate0,equalize,rotate0,rotate0,equalize,rotate0,equalize,equalize,equalize,rotate0,rotate0
1034,rotate0,equalize,rotate0,rotate0,rotate0,rotate0,equalize,equalize,rotate0,equalize,equalize,equalize,rotate0,rotate0,rotate0,equalize,rotate0,equalize,equalize,equalize,rotate0,rotate0,equalize,equalize
1035,equalize,equalize,equalize,rotate0,rotate0,equalize,rotate0,rotate0,rotate0,equalize,rotate0,rotate0,rotate0,rotate0,equalize,equalize,equalize,rotate0,rotate0,equalize,equalize,equalize,equalize,rotate0
1036,rotate0,equalize,equalize,equalize,rotate0,rotate0,equalize,equalize,equalize,rotate0,rotate0,rotate0,rotate0,rotate0,equalize,equalize,rotate0,equalize,rotate0,rotate0,equalize,equalize,equalize,rotate0
1037,rotate0,rotate0,equalize,equalize,rotate0,equalize,rotate0,rotate0,equalize,equalize,rotate0,equalize,rotate0,equalize,equalize,equalize,equalize,rotate0,equalize,rotate0,rotate0,rotate0,equalize,rotate0
1038,rotate0,rotate0,rotate0,rotate0,equalize,rotate0,rotate0,equalize,equalize,rotate0,equalize,rotate0,equalize,rotate0,rotate0,rotate0,rotate0,equalize,equalize,equalize,equalize,equalize,equalize,equalize
1039,rotate0,rotate0,equalize,rotate0,equalize,rotate0,equalize,rotate0,rotate0,rotate0,equalize,rotate0,equalize,rotate0,equalize,equalize,equalize,equalize,equalize,equalize,rotate0,rotate0,equalize,rotate0
1040,rotate0,equalize,rotate0,rotate0,equalize,rotate0,rotate0,equalize,rotate0,rotate0,equalize,equalize,rotate0,rotate0,equalize,rotate0,equalize,equalize,rotate0,equalize,equalize,equalize,rotate0,equalize
1041,equalize,caste,equalize,caste,equalize,equalize,caste,caste,caste,caste,equalize,caste,caste,caste,caste,equalize,equalize,caste,equalize,equalize,equalize,equalize,equalize,caste
1042,caste,caste,caste,equalize,equalize,equalize,equalize,caste,caste,equalize,caste,caste,equalize,caste,caste,equalize,equalize,caste,equalize,equalize,equalize,caste,caste,equalize
1043,equalize,equalize,equalize,equalize,equalize,equalize,caste,equalize,caste,equalize,equalize,caste,caste,caste,caste,caste,caste,equalize,equalize,equalize,caste,caste,caste,caste
1044,caste,caste,equalize,equalize,equalize,equalize,caste,caste,equalize,caste,caste,equalize,equalize,caste,caste,equalize,caste,equalize,equalize,caste,caste,equalize,caste,equalize
1045,caste,equalize,caste,equalize,caste,caste,equalize,equalize,caste,caste,equalize,caste,caste,equalize,caste,equalize,equalize,caste,caste,equalize,equalize,caste,equalize,equalize
1046,caste,caste,caste,equalize,equalize,equalize,equalize,caste,caste,equalize,equalize,equalize,caste,equalize,caste,caste,caste,equalize,equalize,caste,caste,caste,equalize,equalize
1047,equalize,equalize,caste,caste,caste,equalize,equalize,caste,equalize,equalize,caste,caste,caste,caste,caste,equalize,equalize,equalize,equalize,caste,equalize,equalize,caste,caste
1048,equalize,caste,equalize,equalize,caste,equalize,caste,equalize,caste,equalize,caste,caste,equalize,equalize,caste,caste,equalize,equalize,caste,caste,equalize,equalize,caste,caste
1049,caste,equalize,equalize,equalize,caste,equalize,caste,caste,equalize,equalize,caste,caste,caste,equalize,caste,equalize,caste,equalize,equalize,equalize,caste,equalize,caste,caste
1050,caste,caste,caste,equalize,caste,caste,caste,equalize,equalize,caste,caste,equalize,equalize,equalize,equalize,caste,equalize,equalize,caste,caste,caste,equalize,equalize,equalize
1051,caste,caste,caste,equalize,equalize,equalize,caste,equalize,equalize,equalize,caste,caste,caste,equalize,caste,caste,caste,caste,equalize,equalize,equalize,equalize,equalize,caste
1052,caste,equalize,caste,equalize,equalize,caste,caste,caste,equalize,equalize,equalize,equalize,equalize,caste,equalize,equalize,caste,caste,caste,caste,equalize,equalize,caste,caste
1053,caste,caste,caste,caste,equalize,equalize,caste,caste,caste,caste,equalize,equalize,equalize,equalize,caste,caste,equalize,equalize,equalize,caste,equalize,caste,equalize,equalize
1054,caste,caste,caste,equalize,caste,caste,caste,caste,equalize,caste,caste,equalize,equalize,caste,equalize,equalize,equalize,equalize,equalize,equalize,equalize,equalize,caste,caste
1055,caste,equalize,equalize,caste,equalize,equalize,equalize,equalize,equalize,equalize,equalize,caste,caste,equalize,caste,caste,caste,caste,caste,caste,caste,equalize,caste,equalize
1056,equalize,equalize,caste,equalize,caste,caste,equalize,equalize,caste,equalize,caste,equalize,caste,equalize,equalize,caste,equalize,caste,caste,caste,equalize,caste,caste,equalize
1057,caste,caste,equalize,caste,equalize,caste,caste,equalize,caste,caste,equalize,caste,equalize,equalize,equalize,caste,caste,caste,equalize,equalize,equalize,caste,equalize,equalize
1058,caste,caste,caste,equalize,equalize,caste,equalize,equalize,caste,equalize,equalize,caste,caste,equalize,equalize,equalize,caste,caste,equalize,caste,equalize,caste,caste,equalize
1059,caste,equalize,equalize,equalize,equalize,equalize,caste,caste,equalize,caste,caste,caste,equalize,caste,equalize,caste,equalize,caste,equalize,caste,equalize,caste,caste,equalize
1060,equalize,equalize,caste,equalize,equalize,caste,equalize,caste,caste,caste,caste,caste,equalize,equalize,equalize,caste,equalize,caste,caste,equalize,caste,equalize,equalize,caste
1061,equalize,equalize,equalize,equalize,caste,caste,caste,caste,caste,caste,equalize,equalize,caste,caste,caste,equalize,caste,equalize,caste,caste,equalize,equalize,equalize,equalize
1062,caste,caste,equalize,equalize,equalize,equalize,equalize,caste,caste,equalize,equalize,equalize,caste,caste,caste,equalize,caste,caste,caste,equalize,caste,caste,equalize,equalize
1063,caste,equalize,caste,caste,caste,caste,caste,equalize,equalize,caste,equalize,equalize,caste,equalize,equalize,caste,caste,equalize,equalize,equalize,caste,equalize,equalize,caste
1064,caste,caste,equalize,equalize,equalize,equalize,caste,equalize,caste,caste,caste,caste,caste,equalize,equalize,caste,caste,equalize,caste,equalize,equalize,equalize,equalize,caste
1065,caste,equalize,caste,caste,equalize,caste,caste,equalize,equalize,caste,equalize,equalize,caste,caste,equalize,equalize,equalize,caste,equalize,caste,caste,equalize,caste,equalize
1066,caste,equalize,equalize,equalize,caste,caste,equalize,caste,equalize,caste,equalize,caste,caste,caste,caste,caste,equalize,caste,equalize,equalize,equalize,equalize,equalize,caste
1067,caste,equalize,caste,equalize,equalize,caste,caste,caste,equalize,caste,caste,equalize,caste,equalize,caste,equalize,equalize,caste,equalize,caste,equalize,equalize,caste,equalize
1068,caste,caste,equalize,equalize,caste,equalize,equalize,caste,caste,caste,equalize,equalize,equalize,caste,equalize,equalize,equalize,caste,equalize,caste,caste,caste,caste,equalize
1069,equalize,caste,caste,equalize,equalize,equalize,equalize,caste,caste,caste,caste,equalize,equalize,caste,equalize,equalize,caste,caste,caste,equalize,caste,equalize,equalize,caste
1070,equalize,caste,caste,caste,caste,equalize,caste,equalize,caste,caste,equalize,equalize,equalize,equalize,equalize,equalize,equalize,caste,equalize,caste,caste,caste,equalize,caste
1071,equalize,equalize,equalize,equalize,caste,caste,equalize,caste,equalize,equalize,equalize,caste,equalize,caste,caste,caste,equalize,caste,caste,equalize,caste,equalize,caste,caste
1072,caste,equalize,equalize,caste,caste,caste,equalize,equalize,caste,equalize,equalize,caste,equalize,equalize,equalize,caste,equalize,equalize,equalize,caste,caste,caste,caste,caste
1073,caste,equalize,caste,equalize,equalize,equalize,caste,caste,equalize,equalize,caste,equalize,caste,caste,equalize,caste,caste,equalize,caste,equalize,equalize,equalize,caste,caste
1074,caste,equalize,caste,caste,caste,caste,equalize,equalize,caste,equalize,equalize,equalize,caste,caste,caste,equalize,caste,equalize,equalize,equalize,caste,caste,equalize,equalize
1075,equalize,equalize,equalize,caste,caste,equalize,caste,caste,caste,equalize,caste,caste,caste,caste,equalize,equalize,equalize,caste,caste,equalize,equalize,equalize,equalize,caste
1076,caste,equalize,equalize,equalize,caste,caste,equalize,equalize,equalize,caste,caste,caste,caste,caste,equalize,equalize,caste,equalize,caste,caste,equalize,equalize,equalize,caste
1077,caste,caste,equalize,equalize,caste,equalize,caste,caste,equalize,equalize,caste,equalize,caste,equalize,equalize,equalize,equalize,caste,equalize,caste,caste,caste,equalize,caste
1078,caste,caste,caste,caste,equalize,caste,caste,equalize,equalize,caste,equalize,caste,equalize,caste,caste,caste,caste,equalize,equalize,equalize,equalize,equalize,equalize,equalize
1079,caste,caste,equalize,caste,equalize,caste,equalize,caste,caste,caste,equalize,caste,equalize,caste,equalize,equalize,equalize,equalize,equalize,equalize,caste,caste,equalize,caste
1080,caste,equalize,caste,caste,equalize,caste,caste,equalize,caste,caste,equalize,equalize,caste,caste,equalize,caste,equalize,equalize,caste,equalize,equalize,equalize,caste,equalize
1081,equalize,equalize,equalize,equalize,equalize,equalize,equalize,equalize,equalize,equalize,equalize,equalize,equalize,equalize,equalize,equalize,equalize,equalize,equalize,equalize,equalize,equalize,equalize,equalize
1082,equalize,equalize,equalize,equalize,equalize,equalize,equalize,equalize,equalize,equalize,equalize,equalize,equalize,equalize,equalize,equalize,equalize,equalize,equalize,equalize,equalize,equalize,equalize,equalize
1083,equalize,equalize,equalize,equalize,equalize,equalize,equalize,equalize,equalize,equalize,equalize,equalize,equalize,equalize,equalize,equalize,equalize,equalize,equalize,equalize,equalize,equalize,equalize,equalize
1084,equalize,equalize,equalize,equalize,equalize,equalize,equalize,equalize,equalize,equalize,equalize,equalize,equalize,equalize,equalize,equalize,equalize,equalize,equalize,equalize,equalize,equalize,equalize,equalize
1085,equalize,equalize,equalize,equalize,equalize,equalize,equalize,equalize,equalize,equalize,equalize,equalize,equalize,equalize,equalize,equalize,equalize,equalize,equalize,equalize,equalize,equalize,equalize,equalize
1086,equalize,equalize,equalize,equalize,equalize,equalize,equalize,equalize,equalize,equalize,equalize,equalize,equalize,equalize,equalize,equalize,equalize,equalize,equalize,equalize,equalize,equalize,equalize,equalize
1087,equalize,equalize,equalize,equalize,equalize,equalize,equalize,equalize,equalize,equalize,equalize,equalize,equalize,equalize,equalize,equalize,equalize,equalize,equalize,equalize,equalize,equalize,equalize,equalize
1088,equalize,equalize,equalize,equalize,equalize,equalize,equalize,equalize,equalize,equalize,equalize,equalize,equalize,equalize,equalize,equalize,equalize,equalize,equalize,equalize,equalize,equalize,equalize,equalize
1089,equalize,equalize,equalize,equalize,equalize,equalize,equalize,equalize,equalize,equalize,equalize,equalize,equalize,equalize,equalize,equalize,equalize,equalize,equalize,equalize,equalize,equalize,equalize,equalize
1090,equalize,equalize,equalize,equalize,equalize,equalize,equalize,equalize,equalize,equalize,equalize,equalize,equalize,equalize,equalize,equalize,equalize,equalize,equalize,equalize,equalize,equalize,equalize,equalize
1091,equalize,equalize,equalize,equalize,equalize,equalize,equalize,equalize,equalize,equalize,equalize,equalize,equalize,equalize,equalize,equalize,equalize,equalize,equalize,equalize,equalize,equalize,equalize,equalize
1092,equalize,equalize,equalize,equalize,equalize,equalize,equalize,equalize,equalize,equalize,equalize,equalize,equalize,equalize,equalize,equalize,equalize,equalize,equalize,equalize,equalize,equalize,equalize,equalize
1093,equalize,equalize,equalize,equalize,equalize,equalize,equalize,equalize,equalize,equalize,equalize,equalize,equalize,equalize,equalize,equalize,equalize,equalize,equalize,equalize,equalize,equalize,equalize,equalize
1094,equalize,equalize,equalize,equalize,equalize,equalize,equalize,equalize,equalize,equalize,equalize,equalize,equalize,equalize,equalize,equalize,equalize,equalize,equalize,equalize,equalize,equalize,equalize,equalize
1095,equalize,equalize,equalize,equalize,equalize,equalize,equalize,equalize,equalize,equalize,equalize,equalize,equalize,equalize,equalize,equalize,equalize,equalize,equalize,equalize,equalize,equalize,equalize,equalize
1096,equalize,equalize,equalize,equalize,equalize,equalize,equalize,equalize,equalize,equalize,equalize,equalize,equalize,equalize,equalize,equalize,equalize,equalize,equalize,equalize,equalize,equalize,equalize,equalize
1097,equalize,equalize,equalize,equalize,equalize,equalize,equalize,equalize,equalize,equalize,equalize,equalize,equalize,equalize,equalize,equalize,equalize,equalize,equalize,equalize,equalize,equalize,equalize,equalize
1098,equalize,equalize,equalize,equalize,equalize,equalize,equalize,equalize,equalize,equalize,equalize,equalize,equalize,equalize,equalize,equalize,equalize,equalize,equalize,equalize,equalize,equalize,equalize,equalize
1099,equalize,equalize,equalize,equalize,equalize,equalize,equalize,equalize,equalize,equalize,equalize,equalize,equalize,equalize,equalize,equalize,equalize,equalize,equalize,equalize,equalize,equalize,equalize,equalize
1100,equalize,equalize,equalize,equalize,equalize,equalize,equalize,equalize,equalize,equalize,equalize,equalize,equalize,equalize,equalize,equalize,equalize,equalize,equalize,equalize,equalize,equalize,equalize,equalize
1101,equalize,equalize,equalize,equalize,equalize,equalize,equalize,equalize,equalize,equalize,equalize,equalize,equalize,equalize,equalize,equalize,equalize,equalize,equalize,equalize,equalize,equalize,equalize,equalize
1102,equalize,equalize,equalize,equalize,equalize,equalize,equalize,equalize,equalize,equalize,equalize,equalize,equalize,equalize,equalize,equalize,equalize,equalize,equalize,equalize,equalize,equalize,equalize,equalize
1103,equalize,equalize,equalize,equalize,equalize,equalize,equalize,equalize,equalize,equalize,equalize,equalize,equalize,equalize,equalize,equalize,equalize,equalize,equalize,equalize,equalize,equalize,equalize,equalize
1104,equalize,equalize,equalize,equalize,equalize,equalize,equalize,equalize,equalize,equalize,equalize,equalize,equalize,equalize,equalize,equalize,equalize,equalize,equalize,equalize,equalize,equalize,equalize,equalize
1105,equalize,equalize,equalize,equalize,equalize,equalize,equalize,equalize,equalize,equalize,equalize,equalize,equalize,equalize,equalize,equalize,equalize,equalize,equalize,equalize,equalize,equalize,equalize,equalize
1106,equalize,equalize,equalize,equalize,equalize,equalize,equalize,equalize,equalize,equalize,equalize,equalize,equalize,equalize,equalize,equalize,equalize,equalize,equalize,equalize,equalize,equalize,equalize,equalize
1107,equalize,equalize,equalize,equalize,equalize,equalize,equalize,equalize,equalize,equalize,equalize,equalize,equalize,equalize,equalize,equalize,equalize,equalize,equalize,equalize,equalize,equalize,equalize,equalize
1108,equalize,equalize,equalize,equalize,equalize,equalize,equalize,equalize,equalize,equalize,equalize,equalize,equalize,equalize,equalize,equalize,equalize,equalize,equalize,equalize,equalize,equalize,equalize,equalize
1109,equalize,equalize,equalize,equalize,equalize,equalize,equalize,equalize,equalize,equalize,equalize,equalize,equalize,equalize,equalize,equalize,equalize,equalize,equalize,equalize,equalize,equalize,equalize,equalize
1110,equalize,equalize,equalize,equalize,equalize,equalize,equalize,equalize,equalize,equalize,equalize,equalize,equalize,equalize,equalize,equalize,equalize,equalize,equalize,equalize,equalize,equalize,equalize,equalize
1111,equalize,equalize,equalize,equalize,equalize,equalize,equalize,equalize,equalize,equalize,equalize,equalize,equalize,equalize,equalize,equalize,equalize,equalize,equalize,equalize,equalize,equalize,equalize,equalize
1112,equalize,equalize,equalize,equalize,equalize,equalize,equalize,equalize,equalize,equalize,equalize,equalize,equalize,equalize,equalize,equalize,equalize,equalize,equalize,equalize,equalize,equalize,equalize,equalize
1113,equalize,equalize,equalize,equalize,equalize,equalize,equalize,equalize,equalize,equalize,equalize,equalize,equalize,equalize,equalize,equalize,equalize,equalize,equalize,equalize,equalize,equalize,equalize,equalize
1114,equalize,equalize,equalize,equalize,equalize,equalize,equalize,equalize,equalize,equalize,equalize,equalize,equalize,equalize,equalize,equalize,equalize,equalize,equalize,equalize,equalize,equalize,equalize,equalize
1115,equalize,equalize,equalize,equalize,equalize,equalize,equalize,equalize,equalize,equalize,equalize,equalize,equalize,equalize,equalize,equalize,equalize,equalize,equalize,equalize,equalize,equalize,equalize,equalize
1116,equalize,equalize,equalize,equalize,equalize,equalize,equalize,equalize,equalize,equalize,equalize,equalize,equalize,equalize,equalize,equalize,equalize,equalize,equalize,equalize,equalize,equalize,equalize,equalize
1117,equalize,equalize,equalize,equalize,equalize,equalize,equalize,equalize,equalize,equalize,equalize,equalize,equalize,equalize,equalize,equalize,equalize,equalize,equalize,equalize,equalize,equalize,equalize,equalize
1118,equalize,equalize,equalize,equalize,equalize,equalize,equalize,equalize,equalize,equalize,equalize,equalize,equalize,equalize,equalize,equalize,equalize,equalize,equalize,equalize,equalize,equalize,equalize,equalize
1119,equalize,equalize,equalize,equalize,equalize,equalize,equalize,equalize,equalize,equalize,equalize,equalize,equalize,equalize,equalize,equalize,equalize,equalize,equalize,equalize,equalize,equalize,equalize,equalize
1120,equalize,equalize,equalize,equalize,equalize,equalize,equalize,equalize,equalize,equalize,equalize,equalize,equalize,equalize,equalize,equalize,equalize,equalize,equalize,equalize,equalize,equalize,equalize,equalize
1121,turntaking,random,turntaking,random,turntaking,turntaking,random,random,random,random,turntaking,random,random,random,random,turntaking,turntaking,random,turntaking,turntaking,turntaking,turntaking,turntaking,random
1122,random,random,random,turntaking,turntaking,turntaking,turntaking,random,random,turntaking,random,random,turntaking,random,random,turntaking,turntaking,random,turntaking,turntaking,turntaking,random,random,turntaking
1123,turntaking,turntaking,turntaking,turntaking,turntaking,turntaking,random,turntaking,random,turntaking,turntaking,random,random,random,random,random,random,turntaking,turntaking,turntaking,random,random,random,random
1124,random,random,turntaking,turntaking,turntaking,turntaking,random,random,turntaking,random,random,turntaking,turntaking,random,random,turntaking,random,turntaking,turntaking,random,random,turntaking,random,turntaking
1125,random,turntaking,random,turntaking,random,random,turntaking,turntaking,random,random,turntaking,random,random,turntaking,random,turntaking,turntaking,random,random,turntaking,turntaking,random,turntaking,turntaking
1126,random,random,random,turntaking,turntaking,turntaking,turntaking,random,random,turntaking,turntaking,turntaking,random,turntaking,random,random,random,turntaking,turntaking,random,random,random,turntaking,turntaking
1127,turntaking,turntaking,random,random,random,turntaking,turntaking,random,turntaking,turntaking,random,random,random,random,random,turntaking,turntaking,turntaking,turntaking,random,turntaking,turntaking,random,random
1128,turntaking,random,turntaking,turntaking,random,turntaking,random,turntaking,random,turntaking,random,random,turntaking,turntaking,random,random,turntaking,turntaking,random,random,turntaking,turntaking,random,random
1129,random,turntaking,turntaking,turntaking,random,turntaking,random,random,turntaking,turntaking,random,random,random,turntaking,random,turntaking,random,turntaking,turntaking,turntaking,random,turntaking,random,random
1130,random,random,random,turntaking,random,random,random,turntaking,turntaking,random,random,turntaking,turntaking,turntaking,turntaking,random,turntaking,turntaking,random,random,random,turntaking,turntaking,turntaking
1131,random,random,random,turntaking,turntaking,turntaking,random,turntaking,turntaking,turntaking,random,random,random,turntaking,random,random,random,random,turntaking,turntaking,turntaking,turntaking,turntaking,random
1132,random,turntaking,random,turntaking,turntaking,random,random,random,turntaking,turntaking,turntaking,turntaking,turntaking,random,turntaking,turntaking,random,random,random,random,turntaking,turntaking,random,random
1133,random,random,random,random,turntaking,turntaking,random,random,random,random,turntaking,turntaking,turntaking,turntaking,random,random,turntaking,turntaking,turntaking,random,turntaking,random,turntaking,turntaking
1134,random,random,random,turntaking,random,random,random,random,turntaking,random,random,turntaking,turntaking,random,turntaking,turntaking,turntaking,turntaking,turntaking,turntaking,turntaking,turntaking,random,random
1135,random,turntaking,turntaking,random,turntaking,turntaking,turntaking,turntaking,turntaking,turntaking,turntaking,random,random,turntaking,random,random,random,random,random,random,random,turntaking,random,turntaking
1136,turntaking,turntaking,random,turntaking,random,random,turntaking,turntaking,random,turntaking,random,turntaking,random,turntaking,turntaking,random,turntaking,random,random,random,turntaking,random,random,turntaking
1137,random,random,turntaking,random,turntaking,random,random,turntaking,random,random,turntaking,random,turntaking,turntaking,turntaking,random,random,random,turntaking,turntaking,turntaking,random,turntaking,turntaking
1138,random,random,random,turntaking,turntaking,random,turntaking,turntaking,random,turntaking,turntaking,random,random,turntaking,turntaking,turntaking,random,random,turntaking,random,turntaking,random,random,turntaking
1139,random,turntaking,turntaking,turntaking,turntaking,turntaking,random,random,turntaking,random,random,random,turntaking,random,turntaking,random,turntaking,random,turntaking,random,turntaking,random,random,turntaking
1140,turntaking,turntaking,random,turntaking,turntaking,random,turntaking,random,random,random,random,random,turntaking,turntaking,turntaking,random,turntaking,random,random,turntaking,random,turntaking,turntaking,random
1141,turntaking,turntaking,turntaking,turntaking,random,random,random,random,random,random,turntaking,turntaking,random,random,random,turntaking,random,turntaking,random,random,turntaking,turntaking,turntaking,turntaking
1142,random,random,turntaking,turntaking,turntaking,turntaking,turntaking,random,random,turntaking,turntaking,turntaking,random,random,random,turntaking,random,random,random,turntaking,random,random,turntaking,turntaking
1143,random,turntaking,random,random,random,random,random,turntaking,turntaking,random,turntaking,turntaking,random,turntaking,turntaking,random,random,turntaking,turntaking,turntaking,random,turntaking,turntaking,random
1144,random,random,turntaking,turntaking,turntaking,turntaking,random,turntaking,random,random,random,random,random,turntaking,turntaking,random,random,turntaking,random,turntaking,turntaking,turntaking,turntaking,random
1145,random,turntaking,random,random,turntaking,random,random,turntaking,turntaking,random,turntaking,turntaking,random,random,turntaking,turntaking,turntaking,random,turntaking,random,random,turntaking,random,turntaking
1146,random,turntaking,turntaking,turntaking,random,random,turntaking,random,turntaking,random,turntaking,random,random,random,random,random,turntaking,random,turntaking,turntaking,turntaking,turntaking,turntaking,random
1147,random,turntaking,random,turntaking,turntaking,random,random,random,turntaking,random,random,turntaking,random,turntaking,random,turntaking,turntaking,random,turntaking,random,turntaking,turntaking,random,turntaking
1148,random,random,turntaking,turntaking,random,turntaking,turntaking,random,random,random,turntaking,turntaking,turntaking,random,turntaking,turntaking,turntaking,random,turntaking,random,random,random,random,turntaking
1149,turntaking,random,random,turntaking,turntaking,turntaking,turntaking,random,random,random,random,turntaking,turntaking,random,turntaking,turntaking,random,random,random,turntaking,random,turntaking,turntaking,random
1150,turntaking,random,random,random,random,turntaking,random,turntaking,random,random,turntaking,turntaking,turntaking,turntaking,turntaking,turntaking,turntaking,random,turntaking,random,random,random,turntaking,random
1151,turntaking,turntaking,turntaking,turntaking,random,random,turntaking,random,turntaking,turntaking,turntaking,random,turntaking,random,random,random,turntaking,random,random,turntaking,random,turntaking,random,random
1152,random,turntaking,turntaking,random,random,random,turntaking,turntaking,random,turntaking,turntaking,random,turntaking,turntaking,turntaking,random,turntaking,turntaking,turntaking,random,random,random,random,random
1153,random,turntaking,random,turntaking,turntaking,turntaking,random,random,turntaking,turntaking,random,turntaking,random,random,turntaking,random,random,turntaking,random,turntaking,turntaking,turntaking,random,random
1154,random,turntaking,random,random,random,random,turntaking,turntaking,random,turntaking,turntaking,turntaking,random,random,random,turntaking,random,turntaking,turntaking,turntaking,random,random,turntaking,turntaking
1155,turntaking,turntaking,turntaking,random,random,turntaking,random,random,random,turntaking,random,random,random,random,turntaking,turntaking,turntaking,random,random,turntaking,turntaking,turntaking,turntaking,random
1156,random,turntaking,turntaking,turntaking,random,random,turntaking,turntaking,turntaking,random,random,random,random,random,turntaking,turntaking,random,turntaking,random,random,turntaking,turntaking,turntaking,random
1157,random,random,turntaking,turntaking,random,turntaking,random,random,turntaking,turntaking,random,turntaking,random,turntaking,turntaking,turntaking,turntaking,random,turntaking,random,random,random,turntaking,random
1158,random,random,random,random,turntaking,random,random,turntaking,turntaking,random,turntaking,random,turntaking,random,random,random,random,turntaking,turntaking,turntaking,turntaking,turntaking,turntaking,turntaking
1159,random,random,turntaking,random,turntaking,random,turntaking,random,random,random,turntaking,random,turntaking,random,turntaking,turntaking,turntaking,turntaking,turntaking,turntaking,random,random,turntaking,random
1160,random,turntaking,random,random,turntaking,random,random,turntaking,random,random,turntaking,turntaking,random,random,turntaking,random,turntaking,turntaking,random,turntaking,turntaking,turntaking,random,turntaking
1161,turntaking,rotate,turntaking,rotate,turntaking,turntaking,rotate,rotate,rotate,rotate,turntaking,rotate,rotate,rotate,rotate,turntaking,turntaking,rotate,turntaking,turntaking,turntaking,turntaking,turntaking,rotate
1162,rotate,rotate,rotate,turntaking,turntaking,turntaking,turntaking,rotate,rotate,turntaking,rotate,rotate,turntaking,rotate,rotate,turntaking,turntaking,rotate,turntaking,turntaking,turntaking,rotate,rotate,turntaking
1163,turntaking,turntaking,turntaking,turntaking,turntaking,turntaking,rotate,turntaking,rotate,turntaking,turntaking,rotate,rotate,rotate,rotate,rotate,rotate,turntaking,turntaking,turntaking,rotate,rotate,rotate,rotate
1164,rotate,rotate,turntaking,turntaking,turntaking,turntaking,rotate,rotate,turntaking,rotate,rotate,turntaking,turntaking,rotate,rotate,turntaking,rotate,turntaking,turntaking,rotate,rotate,turntaking,rotate,turntaking
1165,rotate,turntaking,rotate,turntaking,rotate,rotate,turntaking,turntaking,rotate,rotate,turntaking,rotate,rotate,turntaking,rotate,turntaking,turntaking,rotate,rotate,turntaking,turntaking,rotate,turntaking,turntaking
1166,rotate,rotate,rotate,turntaking,turntaking,turntaking,turntaking,rotate,rotate,turntaking,turntaking,turntaking,rotate,turntaking,rotate,rotate,rotate,turntaking,turntaking,rotate,rotate,rotate,turntaking,turntaking
1167,turntaking,turntaking,rotate,rotate,rotate,turntaking,turntaking,rotate,turntaking,turntaking,rotate,rotate,rotate,rotate,rotate,turntaking,turntaking,turntaking,turntaking,rotate,turntaking,turntaking,rotate,rotate
1168,turntaking,rotate,turntaking,turntaking,rotate,turntaking,rotate,turntaking,rotate,turntaking,rotate,rotate,turntaking,turntaking,rotate,rotate,turntaking,turntaking,rotate,rotate,turntaking,turntaking,rotate,rotate
1169,rotate,turntaking,turntaking,turntaking,rotate,turntaking,rotate,rotate,turntaking,turntaking,rotate,rotate,rotate,turntaking,rotate,turntaking,rotate,turntaking,turntaking,turntaking,rotate,turntaking,rotate,rotate
1170,rotate,rotate,rotate,turntaking,rotate,rotate,rotate,turntaking,turntaking,rotate,rotate,turntaking,turntaking,turntaking,turntaking,rotate,turntaking,turntaking,rotate,rotate,rotate,turntaking,turntaking,turntaking
1171,rotate,rotate,rotate,turntaking,turntaking,turntaking,rotate,turntaking,turntaking,turntaking,rotate,rotate,rotate,turntaking,rotate,rotate,rotate,rotate,turntaking,turntaking,turntaking,turntaking,turntaking,rotate
1172,rotate,turntaking,rotate,turntaking,turntaking,rotate,rotate,rotate,turntaking,turntaking,turntaking,turntaking,turntaking,rotate,turntaking,turntaking,rotate,rotate,rotate,rotate,turntaking,turntaking,rotate,rotate
1173,rotate,rotate,rotate,rotate,turntaking,turntaking,rotate,rotate,rotate,rotate,turntaking,turntaking,turntaking,turntaking,rotate,rotate,turntaking,turntaking,turntaking,rotate,turntaking,rotate,turntaking,turntaking
1174,rotate,rotate,rotate,turntaking,rotate,rotate,rotate,rotate,turntaking,rotate,rotate,turntaking,turntaking,rotate,turntaking,turntaking,turntaking,turntaking,turntaking,turntaking,turntaking,turntaking,rotate,rotate
1175,rotate,turntaking,turntaking,rotate,turntaking,turntaking,turntaking,turntaking,turntaking,turntaking,turntaking,rotate,rotate,turntaking,rotate,rotate,rotate,rotate,rotate,rotate,rotate,turntaking,rotate,turntaking
1176,turntaking,turntaking,rotate,turntaking,rotate,rotate,turntaking,turntaking,rotate,turntaking,rotate,turntaking,rotate,turntaking,turntaking,rotate,turntaking,rotate,rotate,rotate,turntaking,rotate,rotate,turntaking
1177,rotate,rotate,turntaking,rotate,turntaking,rotate,rotate,turntaking,rotate,rotate,turntaking,rotate,turntaking,turntaking,turntaking,rotate,rotate,rotate,turntaking,turntaking,turntaking,rotate,turntaking,turntaking
1178,rotate,rotate,rotate,turntaking,turntaking,rotate,turntaking,turntaking,rotate,turntaking,turntaking,rotate,rotate,turntaking,turntaking,turntaking,rotate,rotate,turntaking,rotate,turntaking,rotate,rotate,turntaking
1179,rotate,turntaking,turntaking,turntaking,turntaking,turntaking,rotate,rotate,turntaking,rotate,rotate,rotate,turntaking,rotate,turntaking,rotate,turntaking,rotate,turntaking,rotate,turntaking,rotate,rotate,turntaking
1180,turntaking,turntaking,rotate,turntaking,turntaking,rotate,turntaking,rotate,rotate,rotate,rotate,rotate,turntaking,turntaking,turntaking,rotate,turntaking,rotate,rotate,turntaking,rotate,turntaking,turntaking,rotate
1181,turntaking,turntaking,turntaking,turntaking,rotate,rotate,rotate,rotate,rotate,rotate,turntaking,turntaking,rotate,rotate,rotate,turntaking,rotate,turntaking,rotate,rotate,turntaking,turntaking,turntaking,turntaking
1182,rotate,rotate,turntaking,turntaking,turntaking,turntaking,turntaking,rotate,rotate,turntaking,turntaking,turntaking,rotate,rotate,rotate,turntaking,rotate,rotate,rotate,turntaking,rotate,rotate,turntaking,turntaking
1183,rotate,turntaking,rotate,rotate,rotate,rotate,rotate,turntaking,turntaking,rotate,turntaking,turntaking,rotate,turntaking,turntaking,rotate,rotate,turntaking,turntaking,turntaking,rotate,turntaking,turntaking,rotate
1184,rotate,rotate,turntaking,turntaking,turntaking,turntaking,rotate,turntaking,rotate,rotate,rotate,rotate,rotate,turntaking,turntaking,rotate,rotate,turntaking,rotate,turntaking,turntaking,turntaking,turntaking,rotate
1185,rotate,turntaking,rotate,rotate,turntaking,rotate,rotate,turntaking,turntaking,rotate,turntaking,turntaking,rotate,rotate,turntaking,turntaking,turntaking,rotate,turntaking,rotate,rotate,turntaking,rotate,turntaking
1186,rotate,turntaking,turntaking,turntaking,rotate,rotate,turntaking,rotate,turntaking,rotate,turntaking,rotate,rotate,rotate,rotate,rotate,turntaking,rotate,turntaking,turntaking,turntaking,turntaking,turntaking,rotate
1187,rotate,turntaking,rotate,turntaking,turntaking,rotate,rotate,rotate,turntaking,rotate,rotate,turntaking,rotate,turntaking,rotate,turntaking,turntaking,rotate,turntaking,rotate,turntaking,turntaking,rotate,turntaking
1188,rotate,rotate,turntaking,turntaking,rotate,turntaking,turntaking,rotate,rotate,rotate,turntaking,turntaking,turntaking,rotate,turntaking,turntaking,turntaking,rotate,turntaking,rotate,rotate,rotate,rotate,turntaking
1189,turntaking,rotate,rotate,turntaking,turntaking,turntaking,turntaking,rotate,rotate,rotate,rotate,turntaking,turntaking,rotate,turntaking,turntaking,rotate,rotate,rotate,turntaking,rotate,turntaking,turntaking,rotate
1190,turntaking,rotate,rotate,rotate,rotate,turntaking,rotate,turntaking,rotate,rotate,turntaking,turntaking,turntaking,turntaking,turntaking,turntaking,turntaking,rotate,turntaking,rotate,rotate,rotate,turntaking,rotate
1191,turntaking,turntaking,turntaking,turntaking,rotate,rotate,turntaking,rotate,turntaking,turntaking,turntaking,rotate,turntaking,rotate,rotate,rotate,turntaking,rotate,rotate,turntaking,rotate,turntaking,rotate,rotate
1192,rotate,turntaking,turntaking,rotate,rotate,rotate,turntaking,turntaking,rotate,turntaking,turntaking,rotate,turntaking,turntaking,turntaking,rotate,turntaking,turntaking,turntaking,rotate,rotate,rotate,rotate,rotate
1193,rotate,turntaking,rotate,turntaking,turntaking,turntaking,rotate,rotate,turntaking,turntaking,rotate,turntaking,rotate,rotate,turntaking,rotate,rotate,turntaking,rotate,turntaking,turntaking,turntaking,rotate,rotate
1194,rotate,turntaking,rotate,rotate,rotate,rotate,turntaking,turntaking,rotate,turntaking,turntaking,turntaking,rotate,rotate,rotate,turntaking,rotate,turntaking,turntaking,turntaking,rotate,rotate,turntaking,turntaking
1195,turntaking,turntaking,turntaking,rotate,rotate,turntaking,rotate,rotate,rotate,turntaking,rotate,rotate,rotate,rotate,turntaking,turntaking,turntaking,rotate,rotate,turntaking,turntaking,turntaking,turntaking,rotate
1196,rotate,turntaking,turntaking,turntaking,rotate,rotate,turntaking,turntaking,turntaking,rotate,rotate,rotate,rotate,rotate,turntaking,turntaking,rotate,turntaking,rotate,rotate,turntaking,turntaking,turntaking,rotate
1197,rotate,rotate,turntaking,turntaking,rotate,turntaking,rotate,rotate,turntaking,turntaking,rotate,turntaking,rotate,turntaking,turntaking,turntaking,turntaking,rotate,turntaking,rotate,rotate,rotate,turntaking,rotate
1198,rotate,rotate,rotate,rotate,turntaking,rotate,rotate,turntaking,turntaking,rotate,turntaking,rotate,turntaking,rotate,rotate,rotate,rotate,turntaking,turntaking,turntaking,turntaking,turntaking,turntaking,turntaking
1199,rotate,rotate,turntaking,rotate,turntaking,rotate,turntaking,rotate,rotate,rotate,turntaking,rotate,turntaking,rotate,turntaking,turntaking,turntaking,turntaking,turntaking,turntaking,rotate,rotate,turntaking,rotate
1200,rotate,turntaking,rotate,rotate,turntaking,rotate,rotate,turntaking,rotate,rotate,turntaking,turntaking,rotate,rotate,turntaking,rotate,turntaking,turntaking,rotate,turntaking,turntaking,turntaking,rotate,turntaking
1201,turntaking,random3,turntaking,random3,turntaking,turntaking,random3,random3,random3,random3,turntaking,random3,random3,random3,random3,turntaking,turntaking,random3,turntaking,turntaking,turntaking,turntaking,turntaking,random3
1202,random3,random3,random3,turntaking,turntaking,turntaking,turntaking,random3,random3,turntaking,random3,random3,turntaking,random3,random3,turntaking,turntaking,random3,turntaking,turntaking,turntaking,random3,random3,turntaking
1203,turntaking,turntaking,turntaking,turntaking,turntaking,turntaking,random3,turntaking,random3,turntaking,turntaking,random3,random3,random3,random3,random3,random3,turntaking,turntaking,turntaking,random3,random3,random3,random3
1204,random3,random3,turntaking,turntaking,turntaking,turntaking,random3,random3,turntaking,random3,random3,turntaking,turntaking,random3,random3,turntaking,random3,turntaking,turntaking,random3,random3,turntaking,random3,turntaking
1205,random3,turntaking,random3,turntaking,random3,random3,turntaking,turntaking,random3,random3,turntaking,random3,random3,turntaking,random3,turntaking,turntaking,random3,random3,turntaking,turntaking,random3,turntaking,turntaking
1206,random3,random3,random3,turntaking,turntaking,turntaking,turntaking,random3,random3,turntaking,turntaking,turntaking,random3,turntaking,random3,random3,random3,turntaking,turntaking,random3,random3,random3,turntaking,turntaking
1207,turntaking,turntaking,random3,random3,random3,turntaking,turntaking,random3,turntaking,turntaking,random3,random3,random3,random3,random3,turntaking,turntaking,turntaking,turntaking,random3,turntaking,turntaking,random3,random3
1208,turntaking,random3,turntaking,turntaking,random3,turntaking,random3,turntaking,random3,turntaking,random3,random3,turntaking,turntaking,random3,random3,turntaking,turntaking,random3,random3,turntaking,turntaking,random3,random3
1209,random3,turntaking,turntaking,turntaking,random3,turntaking,random3,random3,turntaking,turntaking,random3,random3,random3,turntaking,random3,turntaking,random3,turntaking,turntaking,turntaking,random3,turntaking,random3,random3
1210,random3,random3,random3,turntaking,random3,random3,random3,turntaking,turntaking,random3,random3,turntaking,turntaking,turntaking,turntaking,random3,turntaking,turntaking,random3,random3,random3,turntaking,turntaking,turntaking
1211,random3,random3,random3,turntaking,turntaking,turntaking,random3,turntaking,turntaking,turntaking,random3,random3,random3,turntaking,random3,random3,random3,random3,turntaking,turntaking,turntaking,turntaking,turntaking,random3
1212,random3,turntaking,random3,turntaking,turntaking,random3,random3,random3,turntaking,turntaking,turntaking,turntaking,turntaking,random3,turntaking,turntaking,random3,random3,random3,random3,turntaking,turntaking,random3,random3
1213,random3,random3,random3,random3,turntaking,turntaking,random3,random3,random3,random3,turntaking,turntaking,turntaking,turntaking,random3,random3,turntaking,turntaking,turntaking,random3,turntaking,random3,turntaking,turntaking
1214,random3,random3,random3,turntaking,random3,random3,random3,random3,turntaking,random3,random3,turntaking,turntaking,random3,turntaking,turntaking,turntaking,turntaking,turntaking,turntaking,turntaking,turntaking,random3,random3
1215,random3,turntaking,turntaking,random3,turntaking,turntaking,turntaking,turntaking,turntaking,turntaking,turntaking,random3,random3,turntaking,random3,random3,random3,random3,random3,random3,random3,turntaking,random3,turntaking
1216,turntaking,turntaking,random3,turntaking,random3,random3,turntaking,turntaking,random3,turntaking,random3,turntaking,random3,turntaking,turntaking,random3,turntaking,random3,random3,random3,turntaking,random3,random3,turntaking
1217,random3,random3,turntaking,random3,turntaking,random3,random3,turntaking,random3,random3,turntaking,random3,turntaking,turntaking,turntaking,random3,random3,random3,turntaking,turntaking,turntaking,random3,turntaking,turntaking
1218,random3,random3,random3,turntaking,turntaking,random3,turntaking,turntaking,random3,turntaking,turntaking,random3,random3,turntaking,turntaking,turntaking,random3,random3,turntaking,random3,turntaking,random3,random3,turntaking
1219,random3,turntaking,turntaking,turntaking,turntaking,turntaking,random3,random3,turntaking,random3,random3,random3,turntaking,random3,turntaking,random3,turntaking,random3,turntaking,random3,turntaking,random3,random3,turntaking
1220,turntaking,turntaking,random3,turntaking,turntaking,random3,turntaking,random3,random3,random3,random3,random3,turntaking,turntaking,turntaking,random3,turntaking,random3,random3,turntaking,random3,turntaking,turntaking,random3
1221,turntaking,turntaking,turntaking,turntaking,random3,random3,random3,random3,random3,random3,turntaking,turntaking,random3,random3,random3,turntaking,random3,turntaking,random3,random3,turntaking,turntaking,turntaking,turntaking
1222,random3,random3,turntaking,turntaking,turntaking,turntaking,turntaking,random3,random3,turntaking,turntaking,turntaking,random3,random3,random3,turntaking,random3,random3,random3,turntaking,random3,random3,turntaking,turntaking
1223,random3,turntaking,random3,random3,random3,random3,random3,turntaking,turntaking,random3,turntaking,turntaking,random3,turntaking,turntaking,random3,random3,turntaking,turntaking,turntaking,random3,turntaking,turntaking,random3
1224,random3,random3,turntaking,turntaking,turntaking,turntaking,random3,turntaking,random3,random3,random3,random3,random3,turntaking,turntaking,random3,random3,turntaking,random3,turntaking,turntaking,turntaking,turntaking,random3
1225,random3,turntaking,random3,random3,turntaking,random3,random3,turntaking,turntaking,random3,turntaking,turntaking,random3,random3,turntaking,turntaking,turntaking,random3,turntaking,random3,random3,turntaking,random3,turntaking
1226,random3,turntaking,turntaking,turntaking,random3,random3,turntaking,random3,turntaking,random3,turntaking,random3,random3,random3,random3,random3,turntaking,random3,turntaking,turntaking,turntaking,turntaking,turntaking,random3
1227,random3,turntaking,random3,turntaking,turntaking,random3,random3,random3,turntaking,random3,random3,turntaking,random3,turntaking,random3,turntaking,turntaking,random3,turntaking,random3,turntaking,turntaking,random3,turntaking
1228,random3,random3,turntaking,turntaking,random3,turntaking,turntaking,random3,random3,random3,turntaking,turntaking,turntaking,random3,turntaking,turntaking,turntaking,random3,turntaking,random3,random3,random3,random3,turntaking
1229,turntaking,random3,random3,turntaking,turntaking,turntaking,turntaking,random3,random3,random3,random3,turntaking,turntaking,random3,turntaking,turntaking,random3,random3,random3,turntaking,random3,turntaking,turntaking,random3
1230,turntaking,random3,random3,random3,random3,turntaking,random3,turntaking,random3,random3,turntaking,turntaking,turntaking,turntaking,turntaking,turntaking,turntaking,random3,turntaking,random3,random3,random3,turntaking,random3
1231,turntaking,turntaking,turntaking,turntaking,random3,random3,turntaking,random3,turntaking,turntaking,turntaking,random3,turntaking,random3,random3,random3,turntaking,random3,random3,turntaking,random3,turntaking,random3,random3
1232,random3,turntaking,turntaking,random3,random3,random3,turntaking,turntaking,random3,turntaking,turntaking,random3,turntaking,turntaking,turntaking,random3,turntaking,turntaking,turntaking,random3,random3,random3,random3,random3
1233,random3,turntaking,random3,turntaking,turntaking,turntaking,random3,random3,turntaking,turntaking,random3,turntaking,random3,random3,turntaking,random3,random3,turntaking,random3,turntaking,turntaking,turntaking,random3,random3
1234,random3,turntaking,random3,random3,random3,random3,turntaking,turntaking,random3,turntaking,turntaking,turntaking,random3,random3,random3,turntaking,random3,turntaking,turntaking,turntaking,random3,random3,turntaking,turntaking
1235,turntaking,turntaking,turntaking,random3,random3,turntaking,random3,random3,random3,turntaking,random3,random3,random3,random3,turntaking,turntaking,turntaking,random3,random3,turntaking,turntaking,turntaking,turntaking,random3
1236,random3,turntaking,turntaking,turntaking,random3,random3,turntaking,turntaking,turntaking,random3,random3,random3,random3,random3,turntaking,turntaking,random3,turntaking,random3,random3,turntaking,turntaking,turntaking,random3
1237,random3,random3,turntaking,turntaking,random3,turntaking,random3,random3,turntaking,turntaking,random3,turntaking,random3,turntaking,turntaking,turntaking,turntaking,random3,turntaking,random3,random3,random3,turntaking,random3
1238,random3,random3,random3,random3,turntaking,random3,random3,turntaking,turntaking,random3,turntaking,random3,turntaking,random3,random3,random3,random3,turntaking,turntaking,turntaking,turntaking,turntaking,turntaking,turntaking
1239,random3,random3,turntaking,random3,turntaking,random3,turntaking,random3,random3,random3,turntaking,random3,turntaking,random3,turntaking,turntaking,turntaking,turntaking,turntaking,turntaking,random3,random3,turntaking,random3
1240,random3,turntaking,random3,random3,turntaking,random3,random3,turntaking,random3,random3,turntaking,turntaking,random3,random3,turntaking,random3,turntaking,turntaking,random3,turntaking,turntaking,turntaking,random3,turntaking
1241,turntaking,radicaleq,turntaking,radicaleq,turntaking,turntaking,radicaleq,radicaleq,radicaleq,radicaleq,turntaking,radicaleq,radicaleq,radicaleq,radicaleq,turntaking,turntaking,radicaleq,turntaking,turntaking,turntaking,turntaking,turntaking,radicaleq
1242,radicaleq,radicaleq,radicaleq,turntaking,turntaking,turntaking,turntaking,radicaleq,radicaleq,turntaking,radicaleq,radicaleq,turntaking,radicaleq,radicaleq,turntaking,turntaking,radicaleq,turntaking,turntaking,turntaking,radicaleq,radicaleq,turntaking
1243,turntaking,turntaking,turntaking,turntaking,turntaking,turntaking,radicaleq,turntaking,radicaleq,turntaking,turntaking,radicaleq,radicaleq,radicaleq,radicaleq,radicaleq,radicaleq,turntaking,turntaking,turntaking,radicaleq,radicaleq,radicaleq,radicaleq
1244,radicaleq,radicaleq,turntaking,turntaking,turntaking,turntaking,radicaleq,radicaleq,turntaking,radicaleq,radicaleq,turntaking,turntaking,radicaleq,radicaleq,turntaking,radicaleq,turntaking,turntaking,radicaleq,radicaleq,turntaking,radicaleq,turntaking
1245,radicaleq,turntaking,radicaleq,turntaking,radicaleq,radicaleq,turntaking,turntaking,radicaleq,radicaleq,turntaking,radicaleq,radicaleq,turntaking,radicaleq,turntaking,turntaking,radicaleq,radicaleq,turntaking,turntaking,radicaleq,turntaking,turntaking
1246,radicaleq,radicaleq,radicaleq,turntaking,turntaking,turntaking,turntaking,radicaleq,radicaleq,turntaking,turntaking,turntaking,radicaleq,turntaking,radicaleq,radicaleq,radicaleq,turntaking,turntaking,radicaleq,radicaleq,radicaleq,turntaking,turntaking
1247,turntaking,turntaking,radicaleq,radicaleq,radicaleq,turntaking,turntaking,radicaleq,turntaking,turntaking,radicaleq,radicaleq,radicaleq,radicaleq,radicaleq,turntaking,turntaking,turntaking,turntaking,radicaleq,turntaking,turntaking,radicaleq,radicaleq
1248,turntaking,radicaleq,turntaking,turntaking,radicaleq,turntaking,radicaleq,turntaking,radicaleq,turntaking,radicaleq,radicaleq,turntaking,turntaking,radicaleq,radicaleq,turntaking,turntaking,radicaleq,radicaleq,turntaking,turntaking,radicaleq,radicaleq
1249,radicaleq,turntaking,turntaking,turntaking,radicaleq,turntaking,radicaleq,radicaleq,turntaking,turntaking,radicaleq,radicaleq,radicaleq,turntaking,radicaleq,turntaking,radicaleq,turntaking,turntaking,turntaking,radicaleq,turntaking,radicaleq,radicaleq
1250,radicaleq,radicaleq,radicaleq,turntaking,radicaleq,radicaleq,radicaleq,turntaking,turntaking,radicaleq,radicaleq,turntaking,turntaking,turntaking,turntaking,radicaleq,turntaking,turntaking,radicaleq,radicaleq,radicaleq,turntaking,turntaking,turntaking
1251,radicaleq,radicaleq,radicaleq,turntaking,turntaking,turntaking,radicaleq,turntaking,turntaking,turntaking,radicaleq,radicaleq,radicaleq,turntaking,radicaleq,radicaleq,radicaleq,radicaleq,turntaking,turntaking,turntaking,turntaking,turntaking,radicaleq
1252,radicaleq,turntaking,radicaleq,turntaking,turntaking,radicaleq,radicaleq,radicaleq,turntaking,turntaking,turntaking,turntaking,turntaking,radicaleq,turntaking,turntaking,radicaleq,radicaleq,radicaleq,radicaleq,turntaking,turntaking,radicaleq,radicaleq
1253,radicaleq,radicaleq,radicaleq,radicaleq,turntaking,turntaking,radicaleq,radicaleq,radicaleq,radicaleq,turntaking,turntaking,turntaking,turntaking,radicaleq,radicaleq,turntaking,turntaking,turntaking,radicaleq,turntaking,radicaleq,turntaking,turntaking
1254,radicaleq,radicaleq,radicaleq,turntaking,radicaleq,radicaleq,radicaleq,radicaleq,turntaking,radicaleq,radicaleq,turntaking,turntaking,radicaleq,turntaking,turntaking,turntaking,turntaking,turntaking,turntaking,turntaking,turntaking,radicaleq,radicaleq
1255,radicaleq,turntaking,turntaking,radicaleq,turntaking,turntaking,turntaking,turntaking,turntaking,turntaking,turntaking,radicaleq,radicaleq,turntaking,radicaleq,radicaleq,radicaleq,radicaleq,radicaleq,radicaleq,radicaleq,turntaking,radicaleq,turntaking
1256,turntaking,turntaking,radicaleq,turntaking,radicaleq,radicaleq,turntaking,turntaking,radicaleq,turntaking,radicaleq,turntaking,radicaleq,turntaking,turntaking,radicaleq,turntaking,radicaleq,radicaleq,radicaleq,turntaking,radicaleq,radicaleq,turntaking
1257,radicaleq,radicaleq,turntaking,radicaleq,turntaking,radicaleq,radicaleq,turntaking,radicaleq,radicaleq,turntaking,radicaleq,turntaking,turntaking,turntaking,radicaleq,radicaleq,radicaleq,turntaking,turntaking,turntaking,radicaleq,turntaking,turntaking
1258,radicaleq,radicaleq,radicaleq,turntaking,turntaking,radicaleq,turntaking,turntaking,radicaleq,turntaking,turntaking,radicaleq,radicaleq,turntaking,turntaking,turntaking,radicaleq,radicaleq,turntaking,radicaleq,turntaking,radicaleq,radicaleq,turntaking
1259,radicaleq,turntaking,turntaking,turntaking,turntaking,turntaking,radicaleq,radicaleq,turntaking,radicaleq,radicaleq,radicaleq,turntaking,radicaleq,turntaking,radicaleq,turntaking,radicaleq,turntaking,radicaleq,turntaking,radicaleq,radicaleq,turntaking
1260,turntaking,turntaking,radicaleq,turntaking,turntaking,radicaleq,turntaking,radicaleq,radicaleq,radicaleq,radicaleq,radicaleq,turntaking,turntaking,turntaking,radicaleq,turntaking,radicaleq,radicaleq,turntaking,radicaleq,turntaking,turntaking,radicaleq
1261,turntaking,turntaking,turntaking,turntaking,radicaleq,radicaleq,radicaleq,radicaleq,radicaleq,radicaleq,turntaking,turntaking,radicaleq,radicaleq,radicaleq,turntaking,radicaleq,turntaking,radicaleq,radicaleq,turntaking,turntaking,turntaking,turntaking
1262,radicaleq,radicaleq,turntaking,turntaking,turntaking,turntaking,turntaking,radicaleq,radicaleq,turntaking,turntaking,turntaking,radicaleq,radicaleq,radicaleq,turntaking,radicaleq,radicaleq,radicaleq,turntaking,radicaleq,radicaleq,turntaking,turntaking
1263,radicaleq,turntaking,radicaleq,radicaleq,radicaleq,radicaleq,radicaleq,turntaking,turntaking,radicaleq,turntaking,turntaking,radicaleq,turntaking,turntaking,radicaleq,radicaleq,turntaking,turntaking,turntaking,radicaleq,turntaking,turntaking,radicaleq
1264,radicaleq,radicaleq,turntaking,turntaking,turntaking,turntaking,radicaleq,turntaking,radicaleq,radicaleq,radicaleq,radicaleq,radicaleq,turntaking,turntaking,radicaleq,radicaleq,turntaking,radicaleq,turntaking,turntaking,turntaking,turntaking,radicaleq
1265,radicaleq,turntaking,radicaleq,radicaleq,turntaking,radicaleq,radicaleq,turntaking,turntaking,radicaleq,turntaking,turntaking,radicaleq,radicaleq,turntaking,turntaking,turntaking,radicaleq,turntaking,radicaleq,radicaleq,turntaking,radicaleq,turntaking
1266,radicaleq,turntaking,turntaking,turntaking,radicaleq,radicaleq,turntaking,radicaleq,turntaking,radicaleq,turntaking,radicaleq,radicaleq,radicaleq,radicaleq,radicaleq,turntaking,radicaleq,turntaking,turntaking,turntaking,turntaking,turntaking,radicaleq
1267,radicaleq,turntaking,radicaleq,turntaking,turntaking,radicaleq,radicaleq,radicaleq,turntaking,radicaleq,radicaleq,turntaking,radicaleq,turntaking,radicaleq,turntaking,turntaking,radicaleq,turntaking,radicaleq,turntaking,turntaking,radicaleq,turntaking
1268,radicaleq,radicaleq,turntaking,turntaking,radicaleq,turntaking,turntaking,radicaleq,radicaleq,radicaleq,turntaking,turntaking,turntaking,radicaleq,turntaking,turntaking,turntaking,radicaleq,turntaking,radicaleq,radicaleq,radicaleq,radicaleq,turntaking
1269,turntaking,radicaleq,radicaleq,turntaking,turntaking,turntaking,turntaking,radicaleq,radicaleq,radicaleq,radicaleq,turntaking,turntaking,radicaleq,turntaking,turntaking,radicaleq,radicaleq,radicaleq,turntaking,radicaleq,turntaking,turntaking,radicaleq
1270,turntaking,radicaleq,radicaleq,radicaleq,radicaleq,turntaking,radicaleq,turntaking,radicaleq,radicaleq,turntaking,turntaking,turntaking,turntaking,turntaking,turntaking,turntaking,radicaleq,turntaking,radicaleq,radicaleq,radicaleq,turntaking,radicaleq
1271,turntaking,turntaking,turntaking,turntaking,radicaleq,radicaleq,turntaking,radicaleq,turntaking,turntaking,turntaking,radicaleq,turntaking,radicaleq,radicaleq,radicaleq,turntaking,radicaleq,radicaleq,turntaking,radicaleq,turntaking,radicaleq,radicaleq
1272,radicaleq,turntaking,turntaking,radicaleq,radicaleq,radicaleq,turntaking,turntaking,radicaleq,turntaking,turntaking,radicaleq,turntaking,turntaking,turntaking,radicaleq,turntaking,turntaking,turntaking,radicaleq,radicaleq,radicaleq,radicaleq,radicaleq
1273,radicaleq,turntaking,radicaleq,turntaking,turntaking,turntaking,radicaleq,radicaleq,turntaking,turntaking,radicaleq,turntaking,radicaleq,radicaleq,turntaking,radicaleq,radicaleq,turntaking,radicaleq,turntaking,turntaking,turntaking,radicaleq,radicaleq
1274,radicaleq,turntaking,radicaleq,radicaleq,radicaleq,radicaleq,turntaking,turntaking,radicaleq,turntaking,turntaking,turntaking,radicaleq,radicaleq,radicaleq,turntaking,radicaleq,turntaking,turntaking,turntaking,radicaleq,radicaleq,turntaking,turntaking
1275,turntaking,turntaking,turntaking,radicaleq,radicaleq,turntaking,radicaleq,radicaleq,radicaleq,turntaking,radicaleq,radicaleq,radicaleq,radicaleq,turntaking,turntaking,turntaking,radicaleq,radicaleq,turntaking,turntaking,turntaking,turntaking,radicaleq
1276,radicaleq,turntaking,turntaking,turntaking,radicaleq,radicaleq,turntaking,turntaking,turntaking,radicaleq,radicaleq,radicaleq,radicaleq,radicaleq,turntaking,turntaking,radicaleq,turntaking,radicaleq,radicaleq,turntaking,turntaking,turntaking,radicaleq
1277,radicaleq,radicaleq,turntaking,turntaking,radicaleq,turntaking,radicaleq,radicaleq,turntaking,turntaking,radicaleq,turntaking,radicaleq,turntaking,turntaking,turntaking,turntaking,radicaleq,turntaking,radicaleq,radicaleq,radicaleq,turntaking,radicaleq
1278,radicaleq,radicaleq,radicaleq,radicaleq,turntaking,radicaleq,radicaleq,turntaking,turntaking,radicaleq,turntaking,radicaleq,turntaking,radicaleq,radicaleq,radicaleq,radicaleq,turntaking,turntaking,turntaking,turntaking,turntaking,turntaking,turntaking
1279,radicaleq,radicaleq,turntaking,radicaleq,turntaking,radicaleq,turntaking,radicaleq,radicaleq,radicaleq,turntaking,radicaleq,turntaking,radicaleq,turntaking,turntaking,turntaking,turntaking,turntaking,turntaking,radicaleq,radicaleq,turntaking,radicaleq
1280,radicaleq,turntaking,radicaleq,radicaleq,turntaking,radicaleq,radicaleq,turntaking,radicaleq,radicaleq,turntaking,turntaking,radicaleq,radicaleq,turntaking,radicaleq,turntaking,turntaking,radicaleq,turntaking,turntaking,turntaking,radicaleq,turntaking
1281,turntaking,rotate0,turntaking,rotate0,turntaking,turntaking,rotate0,rotate0,rotate0,rotate0,turntaking,rotate0,rotate0,rotate0,rotate0,turntaking,turntaking,rotate0,turntaking,turntaking,turntaking,turntaking,turntaking,rotate0
1282,rotate0,rotate0,rotate0,turntaking,turntaking,turntaking,turntaking,rotate0,rotate0,turntaking,rotate0,rotate0,turntaking,rotate0,rotate0,turntaking,turntaking,rotate0,turntaking,turntaking,turntaking,rotate0,rotate0,turntaking
1283,turntaking,turntaking,turntaking,turntaking,turntaking,turntaking,rotate0,turntaking,rotate0,turntaking,turntaking,rotate0,rotate0,rotate0,rotate0,rotate0,rotate0,turntaking,turntaking,turntaking,rotate0,rotate0,rotate0,rotate0
1284,rotate0,rotate0,turntaking,turntaking,turntaking,turntaking,rotate0,rotate0,turntaking,rotate0,rotate0,turntaking,turntaking,rotate0,rotate0,turntaking,rotate0,turntaking,turntaking,rotate0,rotate0,turntaking,rotate0,turntaking
1285,rotate0,turntaking,rotate0,turntaking,rotate0,rotate0,turntaking,turntaking,rotate0,rotate0,turntaking,rotate0,rotate0,turntaking,rotate0,turntaking,turntaking,rotate0,rotate0,turntaking,turntaking,rotate0,turntaking,turntaking
1286,rotate0,rotate0,rotate0,turntaking,turntaking,turntaking,turntaking,rotate0,rotate0,turntaking,turntaking,turntaking,rotate0,turntaking,rotate0,rotate0,rotate0,turntaking,turntaking,rotate0,rotate0,rotate0,turntaking,turntaking
1287,turntaking,turntaking,rotate0,rotate0,rotate0,turntaking,turntaking,rotate0,turntaking,turntaking,rotate0,rotate0,rotate0,rotate0,rotate0,turntaking,turntaking,turntaking,turntaking,rotate0,turntaking,turntaking,rotate0,rotate0
1288,turntaking,rotate0,turntaking,turntaking,rotate0,turntaking,rotate0,turntaking,rotate0,turntaking,rotate0,rotate0,turntaking,turntaking,rotate0,rotate0,turntaking,turntaking,rotate0,rotate0,turntaking,turntaking,rotate0,rotate0
1289,rotate0,turntaking,turntaking,turntaking,rotate0,turntaking,rotate0,rotate0,turntaking,turntaking,rotate0,rotate0,rotate0,turntaking,rotate0,turntaking,rotate0,turntaking,turntaking,turntaking,rotate0,turntaking,rotate0,rotate0
1290,rotate0,rotate0,rotate0,turntaking,rotate0,rotate0,rotate0,turntaking,turntaking,rotate0,rotate0,turntaking,turntaking,turntaking,turntaking,rotate0,turntaking,turntaking,rotate0,rotate0,rotate0,turntaking,turntaking,turntaking
1291,rotate0,rotate0,rotate0,turntaking,turntaking,turntaking,rotate0,turntaking,turntaking,turntaking,rotate0,rotate0,rotate0,turntaking,rotate0,rotate0,rotate0,rotate0,turntaking,turntaking,turntaking,turntaking,turntaking,rotate0
1292,rotate0,turntaking,rotate0,turntaking,turntaking,rotate0,rotate0,rotate0,turntaking,turntaking,turntaking,turntaking,turntaking,rotate0,turntaking,turntaking,rotate0,rotate0,rotate0,rotate0,turntaking,turntaking,rotate0,rotate0
1293,rotate0,rotate0,rotate0,rotate0,turntaking,turntaking,rotate0,rotate0,rotate0,rotate0,turntaking,turntaking,turntaking,turntaking,rotate0,rotate0,turntaking,turntaking,turntaking,rotate0,turntaking,rotate0,turntaking,turntaking
1294,rotate0,rotate0,rotate0,turntaking,rotate0,rotate0,rotate0,rotate0,turntaking,rotate0,rotate0,turntaking,turntaking,rotate0,turntaking,turntaking,turntaking,turntaking,turntaking,turntaking,turntaking,turntaking,rotate0,rotate0
1295,rotate0,turntaking,turntaking,rotate0,turntaking,turntaking,turntaking,turntaking,turntaking,turntaking,turntaking,rotate0,rotate0,turntaking,rotate0,rotate0,rotate0,rotate0,rotate0,rotate0,rotate0,turntaking,rotate0,turntaking
1296,turntaking,turntaking,rotate0,turntaking,rotate0,rotate0,turntaking,turntaking,rotate0,turntaking,rotate0,turntaking,rotate0,turntaking,turntaking,rotate0,turntaking,rotate0,rotate0,rotate0,turntaking,rotate0,rotate0,turntaking
1297,rotate0,rotate0,turntaking,rotate0,turntaking,rotate0,rotate0,turntaking,rotate0,rotate0,turntaking,rotate0,turntaking,turntaking,turntaking,rotate0,rotate0,rotate0,turntaking,turntaking,turntaking,rotate0,turntaking,turntaking
1298,rotate0,rotate0,rotate0,turntaking,turntaking,rotate0,turntaking,turntaking,rotate0,turntaking,turntaking,rotate0,rotate0,turntaking,turntaking,turntaking,rotate0,rotate0,turntaking,rotate0,turntaking,rotate0,rotate0,turntaking
1299,rotate0,turntaking,turntaking,turntaking,turntaking,turntaking,rotate0,rotate0,turntaking,rotate0,rotate0,rotate0,turntaking,rotate0,turntaking,rotate0,turntaking,rotate0,turntaking,rotate0,turntaking,rotate0,rotate0,turntaking
1300,turntaking,turntaking,rotate0,turntaking,turntaking,rotate0,turntaking,rotate0,rotate0,rotate0,rotate0,rotate0,turntaking,turntaking,turntaking,rotate0,turntaking,rotate0,rotate0,turntaking,rotate0,turntaking,turntaking,rotate0
1301,turntaking,turntaking,turntaking,turntaking,rotate0,rotate0,rotate0,rotate0,rotate0,rotate0,turntaking,turntaking,rotate0,rotate0,rotate0,turntaking,rotate0,turntaking,rotate0,rotate0,turntaking,turntaking,turntaking,turntaking
1302,rotate0,rotate0,turntaking,turntaking,turntaking,turntaking,turntaking,rotate0,rotate0,turntaking,turntaking,turntaking,rotate0,rotate0,rotate0,turntaking,rotate0,rotate0,rotate0,turntaking,rotate0,rotate0,turntaking,turntaking
1303,rotate0,turntaking,rotate0,rotate0,rotate0,rotate0,rotate0,turntaking,turntaking,rotate0,turntaking,turntaking,rotate0,turntaking,turntaking,rotate0,rotate0,turntaking,turntaking,turntaking,rotate0,turntaking,turntaking,rotate0
1304,rotate0,rotate0,turntaking,turntaking,turntaking,turntaking,rotate0,turntaking,rotate0,rotate0,rotate0,rotate0,rotate0,turntaking,turntaking,rotate0,rotate0,turntaking,rotate0,turntaking,turntaking,turntaking,turntaking,rotate0
1305,rotate0,turntaking,rotate0,rotate0,turntaking,rotate0,rotate0,turntaking,turntaking,rotate0,turntaking,turntaking,rotate0,rotate0,turntaking,turntaking,turntaking,rotate0,turntaking,rotate0,rotate0,turntaking,rotate0,turntaking
1306,rotate0,turntaking,turntaking,turntaking,rotate0,rotate0,turntaking,rotate0,turntaking,rotate0,turntaking,rotate0,rotate0,rotate0,rotate0,rotate0,turntaking,rotate0,turntaking,turntaking,turntaking,turntaking,turntaking,rotate0
1307,rotate0,turntaking,rotate0,turntaking,turntaking,rotate0,rotate0,rotate0,turntaking,rotate0,rotate0,turntaking,rotate0,turntaking,rotate0,turntaking,turntaking,rotate0,turntaking,rotate0,turntaking,turntaking,rotate0,turntaking
1308,rotate0,rotate0,turntaking,turntaking,rotate0,turntaking,turntaking,rotate0,rotate0,rotate0,turntaking,turntaking,turntaking,rotate0,turntaking,turntaking,turntaking,rotate0,turntaking,rotate0,rotate0,rotate0,rotate0,turntaking
1309,turntaking,rotate0,rotate0,turntaking,turntaking,turntaking,turntaking,rotate0,rotate0,rotate0,rotate0,turntaking,turntaking,rotate0,turntaking,turntaking,rotate0,rotate0,rotate0,turntaking,rotate0,turntaking,turntaking,rotate0
1310,turntaking,rotate0,rotate0,rotate0,rotate0,turntaking,rotate0,turntaking,rotate0,rotate0,turntaking,turntaking,turntaking,turntaking,turntaking,turntaking,turntaking,rotate0,turntaking,rotate0,rotate0,rotate0,turntaking,rotate0
1311,turntaking,turntaking,turntaking,turntaking,rotate0,rotate0,turntaking,rotate0,turntaking,turntaking,turntaking,rotate0,turntaking,rotate0,rotate0,rotate0,turntaking,rotate0,rotate0,turntaking,rotate0,turntaking,rotate0,rotate0
1312,rotate0,turntaking,turntaking,rotate0,rotate0,rotate0,turntaking,turntaking,rotate0,turntaking,turntaking,rotate0,turntaking,turntaking,turntaking,rotate0,turntaking,turntaking,turntaking,rotate0,rotate0,rotate0,rotate0,rotate0
1313,rotate0,turntaking,rotate0,turntaking,turntaking,turntaking,rotate0,rotate0,turntaking,turntaking,rotate0,turntaking,rotate0,rotate0,turntaking,rotate0,rotate0,turntaking,rotate0,turntaking,turntaking,turntaking,rotate0,rotate0
1314,rotate0,turntaking,rotate0,rotate0,rotate0,rotate0,turntaking,turntaking,rotate0,turntaking,turntaking,turntaking,rotate0,rotate0,rotate0,turntaking,rotate0,turntaking,turntaking,turntaking,rotate0,rotate0,turntaking,turntaking
1315,turntaking,turntaking,turntaking,rotate0,rotate0,turntaking,rotate0,rotate0,rotate0,turntaking,rotate0,rotate0,rotate0,rotate0,turntaking,turntaking,turntaking,rotate0,rotate0,turntaking,turntaking,turntaking,turntaking,rotate0
1316,rotate0,turntaking,turntaking,turntaking,rotate0,rotate0,turntaking,turntaking,turntaking,rotate0,rotate0,rotate0,rotate0,rotate0,turntaking,turntaking,rotate0,turntaking,rotate0,rotate0,turntaking,turntaking,turntaking,rotate0
1317,rotate0,rotate0,turntaking,turntaking,rotate0,turntaking,rotate0,rotate0,turntaking,turntaking,rotate0,turntaking,rotate0,turntaking,turntaking,turntaking,turntaking,rotate0,turntaking,rotate0,rotate0,rotate0,turntaking,rotate0
1318,rotate0,rotate0,rotate0,rotate0,turntaking,rotate0,rotate0,turntaking,turntaking,rotate0,turntaking,rotate0,turntaking,rotate0,rotate0,rotate0,rotate0,turntaking,turntaking,turntaking,turntaking,turntaking,turntaking,turntaking
1319,rotate0,rotate0,turntaking,rotate0,turntaking,rotate0,turntaking,rotate0,rotate0,rotate0,turntaking,rotate0,turntaking,rotate0,turntaking,turntaking,turntaking,turntaking,turntaking,turntaking,rotate0,rotate0,turntaking,rotate0
1320,rotate0,turntaking,rotate0,rotate0,turntaking,rotate0,rotate0,turntaking,rotate0,rotate0,turntaking,turntaking,rotate0,rotate0,turntaking,rotate0,turntaking,turntaking,rotate0,turntaking,turntaking,turntaking,rotate0,turntaking
1321,turntaking,caste,turntaking,caste,turntaking,turntaking,caste,caste,caste,caste,turntaking,caste,caste,caste,caste,turntaking,turntaking,caste,turntaking,turntaking,turntaking,turntaking,turntaking,caste
1322,caste,caste,caste,turntaking,turntaking,turntaking,turntaking,caste,caste,turntaking,caste,caste,turntaking,caste,caste,turntaking,turntaking,caste,turntaking,turntaking,turntaking,caste,caste,turntaking
1323,turntaking,turntaking,turntaking,turntaking,turntaking,turntaking,caste,turntaking,caste,turntaking,turntaking,caste,caste,caste,caste,caste,caste,turntaking,turntaking,turntaking,caste,caste,caste,caste
1324,caste,caste,turntaking,turntaking,turntaking,turntaking,caste,caste,turntaking,caste,caste,turntaking,turntaking,caste,caste,turntaking,caste,turntaking,turntaking,caste,caste,turntaking,caste,turntaking
1325,caste,turntaking,caste,turntaking,caste,caste,turntaking,turntaking,caste,caste,turntaking,caste,caste,turntaking,caste,turntaking,turntaking,caste,caste,turntaking,turntaking,caste,turntaking,turntaking
1326,caste,caste,caste,turntaking,turntaking,turntaking,turntaking,caste,caste,turntaking,turntaking,turntaking,caste,turntaking,caste,caste,caste,turntaking,turntaking,caste,caste,caste,turntaking,turntaking
1327,turntaking,turntaking,caste,caste,caste,turntaking,turntaking,caste,turntaking,turntaking,caste,caste,caste,caste,caste,turntaking,turntaking,turntaking,turntaking,caste,turntaking,turntaking,caste,caste
1328,turntaking,caste,turntaking,turntaking,caste,turntaking,caste,turntaking,caste,turntaking,caste,caste,turntaking,turntaking,caste,caste,turntaking,turntaking,caste,caste,turntaking,turntaking,caste,caste
1329,caste,turntaking,turntaking,turntaking,caste,turntaking,caste,caste,turntaking,turntaking,caste,caste,caste,turntaking,caste,turntaking,caste,turntaking,turntaking,turntaking,caste,turntaking,caste,caste
1330,caste,caste,caste,turntaking,caste,caste,caste,turntaking,turntaking,caste,caste,turntaking,turntaking,turntaking,turntaking,caste,turntaking,turntaking,caste,caste,caste,turntaking,turntaking,turntaking
1331,caste,caste,caste,turntaking,turntaking,turntaking,caste,turntaking,turntaking,turntaking,caste,caste,caste,turntaking,caste,caste,caste,caste,turntaking,turntaking,turntaking,turntaking,turntaking,caste
1332,caste,turntaking,caste,turntaking,turntaking,caste,caste,caste,turntaking,turntaking,turntaking,turntaking,turntaking,caste,turntaking,turntaking,caste,caste,caste,caste,turntaking,turntaking,caste,caste
1333,caste,caste,caste,caste,turntaking,turntaking,caste,caste,caste,caste,turntaking,turntaking,turntaking,turntaking,caste,caste,turntaking,turntaking,turntaking,caste,turntaking,caste,turntaking,turntaking
1334,caste,caste,caste,turntaking,caste,caste,caste,caste,turntaking,caste,caste,turntaking,turntaking,caste,turntaking,turntaking,turntaking,turntaking,turntaking,turntaking,turntaking,turntaking,caste,caste
1335,caste,turntaking,turntaking,caste,turntaking,turntaking,turntaking,turntaking,turntaking,turntaking,turntaking,caste,caste,turntaking,caste,caste,caste,caste,caste,caste,caste,turntaking,caste,turntaking
1336,turntaking,turntaking,caste,turntaking,caste,caste,turntaking,turntaking,caste,turntaking,caste,turntaking,caste,turntaking,turntaking,caste,turntaking,caste,caste,caste,turntaking,caste,caste,turntaking
1337,caste,caste,turntaking,caste,turntaking,caste,caste,turntaking,caste,caste,turntaking,caste,turntaking,turntaking,turntaking,caste,caste,caste,turntaking,turntaking,turntaking,caste,turntaking,turntaking
1338,caste,caste,caste,turntaking,turntaking,caste,turntaking,turntaking,caste,turntaking,turntaking,caste,caste,turntaking,turntaking,turntaking,caste,caste,turntaking,caste,turntaking,caste,caste,turntaking
1339,caste,turntaking,turntaking,turntaking,turntaking,turntaking,caste,caste,turntaking,caste,caste,caste,turntaking,caste,turntaking,caste,turntaking,caste,turntaking,caste,turntaking,caste,caste,turntaking
1340,turntaking,turntaking,caste,turntaking,turntaking,caste,turntaking,caste,caste,caste,caste,caste,turntaking,turntaking,turntaking,caste,turntaking,caste,caste,turntaking,caste,turntaking,turntaking,caste
1341,turntaking,turntaking,turntaking,turntaking,caste,caste,caste,caste,caste,caste,turntaking,turntaking,caste,caste,caste,turntaking,caste,turntaking,caste,caste,turntaking,turntaking,turntaking,turntaking
1342,caste,caste,turntaking,turntaking,turntaking,turntaking,turntaking,caste,caste,turntaking,turntaking,turntaking,caste,caste,caste,turntaking,caste,caste,caste,turntaking,caste,caste,turntaking,turntaking
1343,caste,turntaking,caste,caste,caste,caste,caste,turntaking,turntaking,caste,turntaking,turntaking,caste,turntaking,turntaking,caste,caste,turntaking,turntaking,turntaking,caste,turntaking,turntaking,caste
1344,caste,caste,turntaking,turntaking,turntaking,turntaking,caste,turntaking,caste,caste,caste,caste,caste,turntaking,turntaking,caste,caste,turntaking,caste,turntaking,turntaking,turntaking,turntaking,caste
1345,caste,turntaking,caste,caste,turntaking,caste,caste,turntaking,turntaking,caste,turntaking,turntaking,caste,caste,turntaking,turntaking,turntaking,caste,turntaking,caste,caste,turntaking,caste,turntaking
1346,caste,turntaking,turntaking,turntaking,caste,caste,turntaking,caste,turntaking,caste,turntaking,caste,caste,caste,caste,caste,turntaking,caste,turntaking,turntaking,turntaking,turntaking,turntaking,caste
1347,caste,turntaking,caste,turntaking,turntaking,caste,caste,caste,turntaking,caste,caste,turntaking,caste,turntaking,caste,turntaking,turntaking,caste,turntaking,caste,turntaking,turntaking,caste,turntaking
1348,caste,caste,turntaking,turntaking,caste,turntaking,turntaking,caste,caste,caste,turntaking,turntaking,turntaking,caste,turntaking,turntaking,turntaking,caste,turntaking,caste,caste,caste,caste,turntaking
1349,turntaking,caste,caste,turntaking,turntaking,turntaking,turntaking,caste,caste,caste,caste,turntaking,turntaking,caste,turntaking,turntaking,caste,caste,caste,turntaking,caste,turntaking,turntaking,caste
1350,turntaking,caste,caste,caste,caste,turntaking,caste,turntaking,caste,caste,turntaking,turntaking,turntaking,turntaking,turntaking,turntaking,turntaking,caste,turntaking,caste,caste,caste,turntaking,caste
1351,turntaking,turntaking,turntaking,turntaking,caste,caste,turntaking,caste,turntaking,turntaking,turntaking,caste,turntaking,caste,caste,caste,turntaking,caste,caste,turntaking,caste,turntaking,caste,caste
1352,caste,turntaking,turntaking,caste,caste,caste,turntaking,turntaking,caste,turntaking,turntaking,caste,turntaking,turntaking,turntaking,caste,turntaking,turntaking,turntaking,caste,caste,caste,caste,caste
1353,caste,turntaking,caste,turntaking,turntaking,turntaking,caste,caste,turntaking,turntaking,caste,turntaking,caste,caste,turntaking,caste,caste,turntaking,caste,turntaking,turntaking,turntaking,caste,caste
1354,caste,turntaking,caste,caste,caste,caste,turntaking,turntaking,caste,turntaking,turntaking,turntaking,caste,caste,caste,turntaking,caste,turntaking,turntaking,turntaking,caste,caste,turntaking,turntaking
1355,turntaking,turntaking,turntaking,caste,caste,turntaking,caste,caste,caste,turntaking,caste,caste,caste,caste,turntaking,turntaking,turntaking,caste,caste,turntaking,turntaking,turntaking,turntaking,caste
1356,caste,turntaking,turntaking,turntaking,caste,caste,turntaking,turntaking,turntaking,caste,caste,caste,caste,caste,turntaking,turntaking,caste,turntaking,caste,caste,turntaking,turntaking,turntaking,caste
1357,caste,caste,turntaking,turntaking,caste,turntaking,caste,caste,turntaking,turntaking,caste,turntaking,caste,turntaking,turntaking,turntaking,turntaking,caste,turntaking,caste,caste,caste,turntaking,caste
1358,caste,caste,caste,caste,turntaking,caste,caste,turntaking,turntaking,caste,turntaking,caste,turntaking,caste,caste,caste,caste,turntaking,turntaking,turntaking,turntaking,turntaking,turntaking,turntaking
1359,caste,caste,turntaking,caste,turntaking,caste,turntaking,caste,caste,caste,turntaking,caste,turntaking,caste,turntaking,turntaking,turntaking,turntaking,turntaking,turntaking,caste,caste,turntaking,caste
1360,caste,turntaking,caste,caste,turntaking,caste,caste,turntaking,caste,caste,turntaking,turntaking,caste,caste,turntaking,caste,turntaking,turntaking,caste,turntaking,turntaking,turntaking,caste,turntaking
1361,turntaking,equalize,turntaking,equalize,turntaking,turntaking,equalize,equalize,equalize,equalize,turntaking,equalize,equalize,equalize,equalize,turntaking,turntaking,equalize,turntaking,turntaking,turntaking,turntaking,turntaking,equalize
1362,equalize,equalize,equalize,turntaking,turntaking,turntaking,turntaking,equalize,equalize,turntaking,equalize,equalize,turntaking,equalize,equalize,turntaking,turntaking,equalize,turntaking,turntaking,turntaking,equalize,equalize,turntaking
1363,turntaking,turntaking,turntaking,turntaking,turntaking,turntaking,equalize,turntaking,equalize,turntaking,turntaking,equalize,equalize,equalize,equalize,equalize,equalize,turntaking,turntaking,turntaking,equalize,equalize,equalize,equalize
1364,equalize,equalize,turntaking,turntaking,turntaking,turntaking,equalize,equalize,turntaking,equalize,equalize,turntaking,turntaking,equalize,equalize,turntaking,equalize,turntaking,turntaking,equalize,equalize,turntaking,equalize,turntaking
1365,equalize,turntaking,equalize,turntaking,equalize,equalize,turntaking,turntaking,equalize,equalize,turntaking,equalize,equalize,turntaking,equalize,turntaking,turntaking,equalize,equalize,turntaking,turntaking,equalize,turntaking,turntaking
1366,equalize,equalize,equalize,turntaking,turntaking,turntaking,turntaking,equalize,equalize,turntaking,turntaking,turntaking,equalize,turntaking,equalize,equalize,equalize,turntaking,turntaking,equalize,equalize,equalize,turntaking,turntaking
1367,turntaking,turntaking,equalize,equalize,equalize,turntaking,turntaking,equalize,turntaking,turntaking,equalize,equalize,equalize,equalize,equalize,turntaking,turntaking,turntaking,turntaking,equalize,turntaking,turntaking,equalize,equalize
1368,turntaking,equalize,turntaking,turntaking,equalize,turntaking,equalize,turntaking,equalize,turntaking,equalize,equalize,turntaking,turntaking,equalize,equalize,turntaking,turntaking,equalize,equalize,turntaking,turntaking,equalize,equalize
1369,equalize,turntaking,turntaking,turntaking,equalize,turntaking,equalize,equalize,turntaking,turntaking,equalize,equalize,equalize,turntaking,equalize,turntaking,equalize,turntaking,turntaking,turntaking,equalize,turntaking,equalize,equalize
1370,equalize,equalize,equalize,turntaking,equalize,equalize,equalize,turntaking,turntaking,equalize,equalize,turntaking,turntaking,turntaking,turntaking,equalize,turntaking,turntaking,equalize,equalize,equalize,turntaking,turntaking,turntaking
1371,equalize,equalize,equalize,turntaking,turntaking,turntaking,equalize,turntaking,turntaking,turntaking,equalize,equalize,equalize,turntaking,equalize,equalize,equalize,equalize,turntaking,turntaking,turntaking,turntaking,turntaking,equalize
1372,equalize,turntaking,equalize,turntaking,turntaking,equalize,equalize,equalize,turntaking,turntaking,turntaking,turntaking,turntaking,equalize,turntaking,turntaking,equalize,equalize,equalize,equalize,turntaking,turntaking,equalize,equalize
1373,equalize,equalize,equalize,equalize,turntaking,turntaking,equalize,equalize,equalize,equalize,turntaking,turntaking,turntaking,turntaking,equalize,equalize,turntaking,turntaking,turntaking,equalize,turntaking,equalize,turntaking,turntaking
1374,equalize,equalize,equalize,turntaking,equalize,equalize,equalize,equalize,turntaking,equalize,equalize,turntaking,turntaking,equalize,turntaking,turntaking,turntaking,turntaking,turntaking,turntaking,turntaking,turntaking,equalize,equalize
1375,equalize,turntaking,turntaking,equalize,turntaking,turntaking,turntaking,turntaking,turntaking,turntaking,turntaking,equalize,equalize,turntaking,equalize,equalize,equalize,equalize,equalize,equalize,equalize,turntaking,equalize,turntaking
1376,turntaking,turntaking,equalize,turntaking,equalize,equalize,turntaking,turntaking,equalize,turntaking,equalize,turntaking,equalize,turntaking,turntaking,equalize,turntaking,equalize,equalize,equalize,turntaking,equalize,equalize,turntaking
1377,equalize,equalize,turntaking,equalize,turntaking,equalize,equalize,turntaking,equalize,equalize,turntaking,equalize,turntaking,turntaking,turntaking,equalize,equalize,equalize,turntaking,turntaking,turntaking,equalize,turntaking,turntaking
1378,equalize,equalize,equalize,turntaking,turntaking,equalize,turntaking,turntaking,equalize,turntaking,turntaking,equalize,equalize,turntaking,turntaking,turntaking,equalize,equalize,turntaking,equalize,turntaking,equalize,equalize,turntaking
1379,equalize,turntaking,turntaking,turntaking,turntaking,turntaking,equalize,equalize,turntaking,equalize,equalize,equalize,turntaking,equalize,turntaking,equalize,turntaking,equalize,turntaking,equalize,turntaking,equalize,equalize,turntaking
1380,turntaking,turntaking,equalize,turntaking,turntaking,equalize,turntaking,equalize,equalize,equalize,equalize,equalize,turntaking,turntaking,turntaking,equalize,turntaking,equalize,equalize,turntaking,equalize,turntaking,turntaking,equalize
1381,turntaking,turntaking,turntaking,turntaking,equalize,equalize,equalize,equalize,equalize,equalize,turntaking,turntaking,equalize,equalize,equalize,turntaking,equalize,turntaking,equalize,equalize,turntaking,turntaking,turntaking,turntaking
1382,equalize,equalize,turntaking,turntaking,turntaking,turntaking,turntaking,equalize,equalize,turntaking,turntaking,turntaking,equalize,equalize,equalize,turntaking,equalize,equalize,equalize,turntaking,equalize,equalize,turntaking,turntaking
1383,equalize,turntaking,equalize,equalize,equalize,equalize,equalize,turntaking,turntaking,equalize,turntaking,turntaking,equalize,turntaking,turntaking,equalize,equalize,turntaking,turntaking,turntaking,equalize,turntaking,turntaking,equalize
1384,equalize,equalize,turntaking,turntaking,turntaking,turntaking,equalize,turntaking,equalize,equalize,equalize,equalize,equalize,turntaking,turntaking,equalize,equalize,turntaking,equalize,turntaking,turntaking,turntaking,turntaking,equalize
1385,equalize,turntaking,equalize,equalize,turntaking,equalize,equalize,turntaking,turntaking,equalize,turntaking,turntaking,equalize,equalize,turntaking,turntaking,turntaking,equalize,turntaking,equalize,equalize,turntaking,equalize,turntaking
1386,equalize,turntaking,turntaking,turntaking,equalize,equalize,turntaking,equalize,turntaking,equalize,turntaking,equalize,equalize,equalize,equalize,equalize,turntaking,equalize,turntaking,turntaking,turntaking,turntaking,turntaking,equalize
1387,equalize,turntaking,equalize,turntaking,turntaking,equalize,equalize,equalize,turntaking,equalize,equalize,turntaking,equalize,turntaking,equalize,turntaking,turntaking,equalize,turntaking,equalize,turntaking,turntaking,equalize,turntaking
1388,equalize,equalize,turntaking,turntaking,equalize,turntaking,turntaking,equalize,equalize,equalize,turntaking,turntaking,turntaking,equalize,turntaking,turntaking,turntaking,equalize,turntaking,equalize,equalize,equalize,equalize,turntaking
1389,turntaking,equalize,equalize,turntaking,turntaking,turntaking,turntaking,equalize,equalize,equalize,equalize,turntaking,turntaking,equalize,turntaking,turntaking,equalize,equalize,equalize,turntaking,equalize,turntaking,turntaking,equalize
1390,turntaking,equalize,equalize,equalize,equalize,turntaking,equalize,turntaking,equalize,equalize,turntaking,turntaking,turntaking,turntaking,turntaking,turntaking,turntaking,equalize,turntaking,equalize,equalize,equalize,turntaking,equalize
1391,turntaking,turntaking,turntaking,turntaking,equalize,equalize,turntaking,equalize,turntaking,turntaking,turntaking,equalize,turntaking,equalize,equalize,equalize,turntaking,equalize,equalize,turntaking,equalize,turntaking,equalize,equalize
1392,equalize,turntaking,turntaking,equalize,equalize,equalize,turntaking,turntaking,equalize,turntaking,turntaking,equalize,turntaking,turntaking,turntaking,equalize,turntaking,turntaking,turntaking,equalize,equalize,equalize,equalize,equalize
1393,equalize,turntaking,equalize,turntaking,turntaking,turntaking,equalize,equalize,turntaking,turntaking,equalize,turntaking,equalize,equalize,turntaking,equalize,equalize,turntaking,equalize,turntaking,turntaking,turntaking,equalize,equalize
1394,equalize,turntaking,equalize,equalize,equalize,equalize,turntaking,turntaking,equalize,turntaking,turntaking,turntaking,equalize,equalize,equalize,turntaking,equalize,turntaking,turntaking,turntaking,equalize,equalize,turntaking,turntaking
1395,turntaking,turntaking,turntaking,equalize,equalize,turntaking,equalize,equalize,equalize,turntaking,equalize,equalize,equalize,equalize,turntaking,turntaking,turntaking,equalize,equalize,turntaking,turntaking,turntaking,turntaking,equalize
1396,equalize,turntaking,turntaking,turntaking,equalize,equalize,turntaking,turntaking,turntaking,equalize,equalize,equalize,equalize,equalize,turntaking,turntaking,equalize,turntaking,equalize,equalize,turntaking,turntaking,turntaking,equalize
1397,equalize,equalize,turntaking,turntaking,equalize,turntaking,equalize,equalize,turntaking,turntaking,equalize,turntaking,equalize,turntaking,turntaking,turntaking,turntaking,equalize,turntaking,equalize,equalize,equalize,turntaking,equalize
1398,equalize,equalize,equalize,equalize,turntaking,equalize,equalize,turntaking,turntaking,equalize,turntaking,equalize,turntaking,equalize,equalize,equalize,equalize,turntaking,turntaking,turntaking,turntaking,turntaking,turntaking,turntaking
1399,equalize,equalize,turntaking,equalize,turntaking,equalize,turntaking,equalize,equalize,equalize,turntaking,equalize,turntaking,equalize,turntaking,turntaking,turntaking,turntaking,turntaking,turntaking,equalize,equalize,turntaking,equalize
1400,equalize,turntaking,equalize,equalize,turntaking,equalize,equalize,turntaking,equalize,equalize,turntaking,turntaking,equalize,equalize,turntaking,equalize,turntaking,turntaking,equalize,turntaking,turntaking,turntaking,equalize,turntaking
1401,turntaking,turntaking,turntaking,turntaking,turntaking,turntaking,turntaking,turntaking,turntaking,turntaking,turntaking,turntaking,turntaking,turntaking,turntaking,turntaking,turntaking,turntaking,turntaking,turntaking,turntaking,turntaking,turntaking,turntaking
1402,turntaking,turntaking,turntaking,turntaking,turntaking,turntaking,turntaking,turntaking,turntaking,turntaking,turntaking,turntaking,turntaking,turntaking,turntaking,turntaking,turntaking,turntaking,turntaking,turntaking,turntaking,turntaking,turntaking,turntaking
1403,turntaking,turntaking,turntaking,turntaking,turntaking,turntaking,turntaking,turntaking,turntaking,turntaking,turntaking,turntaking,turntaking,turntaking,turntaking,turntaking,turntaking,turntaking,turntaking,turntaking,turntaking,turntaking,turntaking,turntaking
1404,turntaking,turntaking,turntaking,turntaking,turntaking,turntaking,turntaking,turntaking,turntaking,turntaking,turntaking,turntaking,turntaking,turntaking,turntaking,turntaking,turntaking,turntaking,turntaking,turntaking,turntaking,turntaking,turntaking,turntaking
1405,turntaking,turntaking,turntaking,turntaking,turntaking,turntaking,turntaking,turntaking,turntaking,turntaking,turntaking,turntaking,turntaking,turntaking,turntaking,turntaking,turntaking,turntaking,turntaking,turntaking,turntaking,turntaking,turntaking,turntaking
1406,turntaking,turntaking,turntaking,turntaking,turntaking,turntaking,turntaking,turntaking,turntaking,turntaking,turntaking,turntaking,turntaking,turntaking,turntaking,turntaking,turntaking,turntaking,turntaking,turntaking,turntaking,turntaking,turntaking,turntaking
1407,turntaking,turntaking,turntaking,turntaking,turntaking,turntaking,turntaking,turntaking,turntaking,turntaking,turntaking,turntaking,turntaking,turntaking,turntaking,turntaking,turntaking,turntaking,turntaking,turntaking,turntaking,turntaking,turntaking,turntaking
1408,turntaking,turntaking,turntaking,turntaking,turntaking,turntaking,turntaking,turntaking,turntaking,turntaking,turntaking,turntaking,turntaking,turntaking,turntaking,turntaking,turntaking,turntaking,turntaking,turntaking,turntaking,turntaking,turntaking,turntaking
1409,turntaking,turntaking,turntaking,turntaking,turntaking,turntaking,turntaking,turntaking,turntaking,turntaking,turntaking,turntaking,turntaking,turntaking,turntaking,turntaking,turntaking,turntaking,turntaking,turntaking,turntaking,turntaking,turntaking,turntaking
1410,turntaking,turntaking,turntaking,turntaking,turntaking,turntaking,turntaking,turntaking,turntaking,turntaking,turntaking,turntaking,turntaking,turntaking,turntaking,turntaking,turntaking,turntaking,turntaking,turntaking,turntaking,turntaking,turntaking,turntaking
1411,turntaking,turntaking,turntaking,turntaking,turntaking,turntaking,turntaking,turntaking,turntaking,turntaking,turntaking,turntaking,turntaking,turntaking,turntaking,turntaking,turntaking,turntaking,turntaking,turntaking,turntaking,turntaking,turntaking,turntaking
1412,turntaking,turntaking,turntaking,turntaking,turntaking,turntaking,turntaking,turntaking,turntaking,turntaking,turntaking,turntaking,turntaking,turntaking,turntaking,turntaking,turntaking,turntaking,turntaking,turntaking,turntaking,turntaking,turntaking,turntaking
1413,turntaking,turntaking,turntaking,turntaking,turntaking,turntaking,turntaking,turntaking,turntaking,turntaking,turntaking,turntaking,turntaking,turntaking,turntaking,turntaking,turntaking,turntaking,turntaking,turntaking,turntaking,turntaking,turntaking,turntaking
1414,turntaking,turntaking,turntaking,turntaking,turntaking,turntaking,turntaking,turntaking,turntaking,turntaking,turntaking,turntaking,turntaking,turntaking,turntaking,turntaking,turntaking,turntaking,turntaking,turntaking,turntaking,turntaking,turntaking,turntaking
1415,turntaking,turntaking,turntaking,turntaking,turntaking,turntaking,turntaking,turntaking,turntaking,turntaking,turntaking,turntaking,turntaking,turntaking,turntaking,turntaking,turntaking,turntaking,turntaking,turntaking,turntaking,turntaking,turntaking,turntaking
1416,turntaking,turntaking,turntaking,turntaking,turntaking,turntaking,turntaking,turntaking,turntaking,turntaking,turntaking,turntaking,turntaking,turntaking,turntaking,turntaking,turntaking,turntaking,turntaking,turntaking,turntaking,turntaking,turntaking,turntaking
1417,turntaking,turntaking,turntaking,turntaking,turntaking,turntaking,turntaking,turntaking,turntaking,turntaking,turntaking,turntaking,turntaking,turntaking,turntaking,turntaking,turntaking,turntaking,turntaking,turntaking,turntaking,turntaking,turntaking,turntaking
1418,turntaking,turntaking,turntaking,turntaking,turntaking,turntaking,turntaking,turntaking,turntaking,turntaking,turntaking,turntaking,turntaking,turntaking,turntaking,turntaking,turntaking,turntaking,turntaking,turntaking,turntaking,turntaking,turntaking,turntaking
1419,turntaking,turntaking,turntaking,turntaking,turntaking,turntaking,turntaking,turntaking,turntaking,turntaking,turntaking,turntaking,turntaking,turntaking,turntaking,turntaking,turntaking,turntaking,turntaking,turntaking,turntaking,turntaking,turntaking,turntaking
1420,turntaking,turntaking,turntaking,turntaking,turntaking,turntaking,turntaking,turntaking,turntaking,turntaking,turntaking,turntaking,turntaking,turntaking,turntaking,turntaking,turntaking,turntaking,turntaking,turntaking,turntaking,turntaking,turntaking,turntaking
1421,turntaking,turntaking,turntaking,turntaking,turntaking,turntaking,turntaking,turntaking,turntaking,turntaking,turntaking,turntaking,turntaking,turntaking,turntaking,turntaking,turntaking,turntaking,turntaking,turntaking,turntaking,turntaking,turntaking,turntaking
1422,turntaking,turntaking,turntaking,turntaking,turntaking,turntaking,turntaking,turntaking,turntaking,turntaking,turntaking,turntaking,turntaking,turntaking,turntaking,turntaking,turntaking,turntaking,turntaking,turntaking,turntaking,turntaking,turntaking,turntaking
1423,turntaking,turntaking,turntaking,turntaking,turntaking,turntaking,turntaking,turntaking,turntaking,turntaking,turntaking,turntaking,turntaking,turntaking,turntaking,turntaking,turntaking,turntaking,turntaking,turntaking,turntaking,turntaking,turntaking,turntaking
1424,turntaking,turntaking,turntaking,turntaking,turntaking,turntaking,turntaking,turntaking,turntaking,turntaking,turntaking,turntaking,turntaking,turntaking,turntaking,turntaking,turntaking,turntaking,turntaking,turntaking,turntaking,turntaking,turntaking,turntaking
1425,turntaking,turntaking,turntaking,turntaking,turntaking,turntaking,turntaking,turntaking,turntaking,turntaking,turntaking,turntaking,turntaking,turntaking,turntaking,turntaking,turntaking,turntaking,turntaking,turntaking,turntaking,turntaking,turntaking,turntaking
1426,turntaking,turntaking,turntaking,turntaking,turntaking,turntaking,turntaking,turntaking,turntaking,turntaking,turntaking,turntaking,turntaking,turntaking,turntaking,turntaking,turntaking,turntaking,turntaking,turntaking,turntaking,turntaking,turntaking,turntaking
1427,turntaking,turntaking,turntaking,turntaking,turntaking,turntaking,turntaking,turntaking,turntaking,turntaking,turntaking,turntaking,turntaking,turntaking,turntaking,turntaking,turntaking,turntaking,turntaking,turntaking,turntaking,turntaking,turntaking,turntaking
1428,turntaking,turntaking,turntaking,turntaking,turntaking,turntaking,turntaking,turntaking,turntaking,turntaking,turntaking,turntaking,turntaking,turntaking,turntaking,turntaking,turntaking,turntaking,turntaking,turntaking,turntaking,turntaking,turntaking,turntaking
1429,turntaking,turntaking,turntaking,turntaking,turntaking,turntaking,turntaking,turntaking,turntaking,turntaking,turntaking,turntaking,turntaking,turntaking,turntaking,turntaking,turntaking,turntaking,turntaking,turntaking,turntaking,turntaking,turntaking,turntaking
1430,turntaking,turntaking,turntaking,turntaking,turntaking,turntaking,turntaking,turntaking,turntaking,turntaking,turntaking,turntaking,turntaking,turntaking,turntaking,turntaking,turntaking,turntaking,turntaking,turntaking,turntaking,turntaking,turntaking,turntaking
1431,turntaking,turntaking,turntaking,turntaking,turntaking,turntaking,turntaking,turntaking,turntaking,turntaking,turntaking,turntaking,turntaking,turntaking,turntaking,turntaking,turntaking,turntaking,turntaking,turntaking,turntaking,turntaking,turntaking,turntaking
1432,turntaking,turntaking,turntaking,turntaking,turntaking,turntaking,turntaking,turntaking,turntaking,turntaking,turntaking,turntaking,turntaking,turntaking,turntaking,turntaking,turntaking,turntaking,turntaking,turntaking,turntaking,turntaking,turntaking,turntaking
1433,turntaking,turntaking,turntaking,turntaking,turntaking,turntaking,turntaking,turntaking,turntaking,turntaking,turntaking,turntaking,turntaking,turntaking,turntaking,turntaking,turntaking,turntaking,turntaking,turntaking,turntaking,turntaking,turntaking,turntaking
1434,turntaking,turntaking,turntaking,turntaking,turntaking,turntaking,turntaking,turntaking,turntaking,turntaking,turntaking,turntaking,turntaking,turntaking,turntaking,turntaking,turntaking,turntaking,turntaking,turntaking,turntaking,turntaking,turntaking,turntaking
1435,turntaking,turntaking,turntaking,turntaking,turntaking,turntaking,turntaking,turntaking,turntaking,turntaking,turntaking,turntaking,turntaking,turntaking,turntaking,turntaking,turntaking,turntaking,turntaking,turntaking,turntaking,turntaking,turntaking,turntaking
1436,turntaking,turntaking,turntaking,turntaking,turntaking,turntaking,turntaking,turntaking,turntaking,turntaking,turntaking,turntaking,turntaking,turntaking,turntaking,turntaking,turntaking,turntaking,turntaking,turntaking,turntaking,turntaking,turntaking,turntaking
1437,turntaking,turntaking,turntaking,turntaking,turntaking,turntaking,turntaking,turntaking,turntaking,turntaking,turntaking,turntaking,turntaking,turntaking,turntaking,turntaking,turntaking,turntaking,turntaking,turntaking,turntaking,turntaking,turntaking,turntaking
1438,turntaking,turntaking,turntaking,turntaking,turntaking,turntaking,turntaking,turntaking,turntaking,turntaking,turntaking,turntaking,turntaking,turntaking,turntaking,turntaking,turntaking,turntaking,turntaking,turntaking,turntaking,turntaking,turntaking,turntaking
1439,turntaking,turntaking,turntaking,turntaking,turntaking,turntaking,turntaking,turntaking,turntaking,turntaking,turntaking,turntaking,turntaking,turntaking,turntaking,turntaking,turntaking,turntaking,turntaking,turntaking,turntaking,turntaking,turntaking,turntaking
1440,turntaking,turntaking,turntaking,turntaking,turntaking,turntaking,turntaking,turntaking,turntaking,turntaking,turntaking,turntaking,turntaking,turntaking,turntaking,turntaking,turntaking,turntaking,turntaking,turntaking,turntaking,turntaking,turntaking,turntaking
