Match,Player 1,Player 2,Player 3,Player 4,Player 5,Player 6,Player 7,Player 8,Player 9,Player 10,Player 11,Player 12
1,random,random,random,random,random,random,random,random,random,random,random,random
2,random,random,random,random,random,random,random,random,random,random,random,random
3,random,random,random,random,random,random,random,random,random,random,random,random
4,random,random,random,random,random,random,random,random,random,random,random,random
5,random,random,random,random,random,random,random,random,random,random,random,random
6,random,random,random,random,random,random,random,random,random,random,random,random
7,random,random,random,random,random,random,random,random,random,random,random,random
8,random,random,random,random,random,random,random,random,random,random,random,random
9,random,random,random,random,random,random,random,random,random,random,random,random
10,random,random,random,random,random,random,random,random,random,random,random,random
11,random,random,random,random,random,random,random,random,random,random,random,random
12,random,random,random,random,random,random,random,random,random,random,random,random
13,random,random,random,random,random,random,random,random,random,random,random,random
14,random,random,random,random,random,random,random,random,random,random,random,random
15,random,random,random,random,random,random,random,random,random,random,random,random
16,random,random,random,random,random,random,random,random,random,random,random,random
17,random,random,random,random,random,random,random,random,random,random,random,random
18,random,random,random,random,random,random,random,random,random,random,random,random
19,random,random,random,random,random,random,random,random,random,random,random,random
20,random,random,random,random,random,random,random,random,random,random,random,random
21,random,random,random,random,random,random,random,random,random,random,random,random
22,random,random,random,random,random,random,random,random,random,random,random,random
23,random,random,random,random,random,random,random,random,random,random,random,random
24,random,random,random,random,random,random,random,random,random,random,random,random
25,random,random,random,random,random,random,random,random,random,random,random,random
26,random,random,random,random,random,random,random,random,random,random,random,random
27,random,random,random,random,random,random,random,random,random,random,random,random
28,random,random,random,random,random,random,random,random,random,random,random,random
29,random,random,random,random,random,random,random,random,random,random,random,random
30,random,random,random,random,random,random,random,random,random,random,random,random
31,random,random,random,random,random,random,random,random,random,random,random,random
32,random,random,random,random,random,random,random,random,random,random,random,random
33,random,random,random,random,random,random,random,random,random,random,random,random
34,random,random,random,random,random,random,random,random,random,random,random,random
35,random,random,random,random,random,random,random,random,random,random,random,random
36,random,random,random,random,random,random,random,random,random,random,random,random
37,random,random,random,random,random,random,random,random,random,random,random,random
38,random,random,random,random,random,random,random,random,random,random,random,random
39,random,random,random,random,random,random,random,random,random,random,random,random
40,random,random,random,random,random,random,random,random,random,random,random,random
41,random,random,random,random,rotate,rotate,rotate,rotate,random,rotate,rotate,random
42,random,rotate,rotate,rotate,random,random,rotate,random,rotate,random,random,rotate
43,rotate,random,random,rotate,rotate,random,rotate,rotate,random,rotate,random,random
44,rotate,random,random,random,random,rotate,rotate,rotate,random,random,rotate,rotate
45,random,rotate,random,rotate,random,random,random,rotate,rotate,rotate,random,rotate
46,rotate,random,random,random,random,rotate,random,rotate,rotate,random,rotate,rotate
47,random,random,rotate,rotate,rotate,random,random,random,rotate,random,rotate,rotate
48,random,rotate,random,random,random,rotate,random,rotate,rotate,rotate,rotate,random
49,random,rotate,rotate,random,rotate,random,random,random,random,rotate,rotate,rotate
50,random,rotate,random,rotate,random,random,rotate,rotate,rotate,rotate,random,random
51,rotate,random,rotate,rotate,random,rotate,rotate,random,random,random,rotate,random
52,random,rotate,rotate,random,rotate,random,rotate,rotate,random,random,random,rotate
53,rotate,rotate,random,rotate,random,rotate,random,random,rotate,random,random,rotate
54,rotate,random,rotate,random,random,rotate,rotate,random,random,rotate,rotate,random
55,random,random,random,random,rotate,random,rotate,rotate,random,rotate,rotate,rotate
56,rotate,random,rotate,rotate,random,random,rotate,rotate,rotate,random,random,random
57,random,rotate,rotate,random,rotate,random,random,rotate,rotate,random,rotate,random
58,random,random,rotate,rotate,rotate,rotate,random,random,rotate,random,rotate,random
59,random,rotate,rotate,random,random,random,rotate,rotate,random,rotate,rotate,random
60,rotate,random,random,rotate,random,rotate,rotate,random,rotate,rotate,random,random
61,rotate,rotate,rotate,rotate,rotate,random,random,random,random,random,rotate,random
62,random,random,rotate,rotate,rotate,rotate,rotate,random,rotate,random,random,random
63,random,rotate,rotate,random,random,rotate,random,rotate,random,rotate,random,rotate
64,random,rotate,rotate,random,random,rotate,rotate,rotate,rotate,random,random,random
65,rotate,random,random,random,rotate,rotate,random,rotate,rotate,random,rotate,random
66,random,random,rotate,rotate,rotate,rotate,random,rotate,random,rotate,random,random
67,rotate,rotate,rotate,random,random,rotate,rotate,random,random,rotate,random,random
68,random,rotate,rotate,rotate,random,rotate,random,rotate,random,random,random,rotate
69,rotate,rotate,random,random,rotate,rotate,random,rotate,random,random,rotate,random
70,random,rotate,rotate,random,random,random,rotate,rotate,rotate,random,rotate,random
71,rotate,random,rotate,random,rotate,random,rotate,rotate,random,random,random,rotate
72,rotate,random,rotate,random,rotate,random,rotate,rotate,random,random,rotate,random
73,random,rotate,rotate,random,random,random,rotate,rotate,random,random,rotate,rotate
74,random,rotate,rotate,rotate,random,rotate,rotate,random,random,random,random,rotate
75,rotate,random,rotate,rotate,rotate,rotate,rotate,random,random,random,random,random
76,rotate,random,rotate,rotate,random,random,random,rotate,random,rotate,rotate,random
77,random,random,rotate,random,rotate,rotate,rotate,random,random,random,rotate,rotate
78,random,random,rotate,rotate,rotate,random,rotate,random,rotate,random,rotate,random
79,random,rotate,random,random,rotate,rotate,rotate,random,rotate,random,random,rotate
80,rotate,random,random,random,rotate,random,rotate,rotate,rotate,random,random,rotate
81,rotate,rotate,rotate,rotate,rotate,rotate,rotate,rotate,rotate,rotate,rotate,rotate
82,rotate,rotate,rotate,rotate,rotate,rotate,rotate,rotate,rotate,rotate,rotate,rotate
83,rotate,rotate,rotate,rotate,rotate,rotate,rotate,rotate,rotate,rotate,rotate,rotate
84,rotate,rotate,rotate,rotate,rotate,rotate,rotate,rotate,rotate,rotate,rotate,rotate
85,rotate,rotate,rotate,rotate,rotate,rotate,rotate,rotate,rotate,rotate,rotate,rotate
86,rotate,rotate,rotate,rotate,rotate,rotate,rotate,rotate,rotate,rotate,rotate,rotate
87,rotate,rotate,rotate,rotate,rotate,rotate,rotate,rotate,rotate,rotate,rotate,rotate
88,rotate,rotate,rotate,rotate,rotate,rotate,rotate,rotate,rotate,rotate,rotate,rotate
89,rotate,rotate,rotate,rotate,rotate,rotate,rotate,rotate,rotate,rotate,rotate,rotate
90,rotate,rotate,rotate,rotate,rotate,rotate,rotate,rotate,rotate,rotate,rotate,rotate
91,rotate,rotate,rotate,rotate,rotate,rotate,rotate,rotate,rotate,rotate,rotate,rotate
92,rotate,rotate,rotate,rotate,rotate,rotate,rotate,rotate,rotate,rotate,rotate,rotate
93,rotate,rotate,rotate,rotate,rotate,rotate,rotate,rotate,rotate,rotate,rotate,rotate
94,rotate,rotate,rotate,rotate,rotate,rotate,rotate,rotate,rotate,rotate,rotate,rotate
95,rotate,rotate,rotate,rotate,rotate,rotate,rotate,rotate,rotate,rotate,rotate,rotate
96,rotate,rotate,rotate,rotate,rotate,rotate,rotate,rotate,rotate,rotate,rotate,rotate
97,rotate,rotate,rotate,rotate,rotate,rotate,rotate,rotate,rotate,rotate,rotate,rotate
98,rotate,rotate,rotate,rotate,rotate,rotate,rotate,rotate,rotate,rotate,rotate,rotate
99,rotate,rotate,rotate,rotate,rotate,rotate,rotate,rotate,rotate,rotate,rotate,rotate
100,rotate,rotate,rotate,rotate,rotate,rotate,rotate,rotate,rotate,rotate,rotate,rotate
101,rotate,rotate,rotate,rotate,rotate,rotate,rotate,rotate,rotate,rotate,rotate,rotate
102,rotate,rotate,rotate,rotate,rotate,rotate,rotate,rotate,rotate,rotate,rotate,rotate
103,rotate,rotate,rotate,rotate,rotate,rotate,rotate,rotate,rotate,rotate,rotate,rotate
104,rotate,rotate,rotate,rotate,rotate,rotate,rotate,rotate,rotate,rotate,rotate,rotate
105,rotate,rotate,rotate,rotate,rotate,rotate,rotate,rotate,rotate,rotate,rotate,rotate
106,rotate,rotate,rotate,rotate,rotate,rotate,rotate,rotate,rotate,rotate,rotate,rotate
107,rotate,rotate,rotate,rotate,rotate,rotate,rotate,rotate,rotate,rotate,rotate,rotate
108,rotate,rotate,rotate,rotate,rotate,rotate,rotate,rotate,rotate,rotate,rotate,rotate
109,rotate,rotate,rotate,rotate,rotate,rotate,rotate,rotate,rotate,rotate,rotate,rotate
110,rotate,rotate,rotate,rotate,rotate,rotate,rotate,rotate,rotate,rotate,rotate,rotate
111,rotate,rotate,rotate,rotate,rotate,rotate,rotate,rotate,rotate,rotate,rotate,rotate
112,rotate,rotate,rotate,rotate,rotate,rotate,rotate,rotate,rotate,rotate,rotate,rotate
113,rotate,rotate,rotate,rotate,rotate,rotate,rotate,rotate,rotate,rotate,rotate,rotate
114,rotate,rotate,rotate,rotate,rotate,rotate,rotate,rotate,rotate,rotate,rotate,rotate
115,rotate,rotate,rotate,rotate,rotate,rotate,rotate,rotate,rotate,rotate,rotate,rotate
116,rotate,rotate,rotate,rotate,rotate,rotate,rotate,rotate,rotate,rotate,rotate,rotate
117,rotate,rotate,rotate,rotate,rotate,rotate,rotate,rotate,rotate,rotate,rotate,rotate
118,rotate,rotate,rotate,rotate,rotate,rotate,rotate,rotate,rotate,rotate,rotate,rotate
119,rotate,rotate,rotate,rotate,rotate,rotate,rotate,rotate,rotate,rotate,rotate,rotate
120,rotate,rotate,rotate,rotate,rotate,rotate,rotate,rotate,rotate,rotate,rotate,rotate
121,random,random,random,random,random3,random3,random3,random3,random,random3,random3,random
122,random,random3,random3,random3,random,random,random3,random,random3,random,random,random3
123,random3,random,random,random3,random3,random,random3,random3,random,random3,random,random
124,random3,random,random,random,random,random3,random3,random3,random,random,random3,random3
125,random,random3,random,random3,random,random,random,random3,random3,random3,random,random3
126,random3,random,random,random,random,random3,random,random3,random3,random,random3,random3
127,random,random,random3,random3,random3,random,random,random,random3,random,random3,random3
128,random,random3,random,random,random,random3,random,random3,random3,random3,random3,random
129,random,random3,random3,random,random3,random,random,random,random,random3,random3,random3
130,random,random3,random,random3,random,random,random3,random3,random3,random3,random,random
131,random3,random,random3,random3,random,random3,random3,random,random,random,random3,random
132,random,random3,random3,random,random3,random,random3,random3,random,random,random,random3
133,random3,random3,random,random3,random,random3,random,random,random3,random,random,random3
134,random3,random,random3,random,random,random3,random3,random,random,random3,random3,random
135,random,random,random,random,random3,random,random3,random3,random,random3,random3,random3
136,random3,random,random3,random3,random,random,random3,random3,random3,random,random,random
137,random,random3,random3,random,random3,random,random,random3,random3,random,random3,random
138,random,random,random3,random3,random3,random3,random,random,random3,random,random3,random
139,random,random3,random3,random,random,random,random3,random3,random,random3,random3,random
140,random3,random,random,random3,random,random3,random3,random,random3,random3,random,random
141,random3,random3,random3,random3,random3,random,random,random,random,random,random3,random
142,random,random,random3,random3,random3,random3,random3,random,random3,random,random,random
143,random,random3,random3,random,random,random3,random,random3,random,random3,random,random3
144,random,random3,random3,random,random,random3,random3,random3,random3,random,random,random
145,random3,random,random,random,random3,random3,random,random3,random3,random,random3,random
146,random,random,random3,random3,random3,random3,random,random3,random,random3,random,random
147,random3,random3,random3,random,random,random3,random3,random,random,random3,random,random
148,random,random3,random3,random3,random,random3,random,random3,random,random,random,random3
149,random3,random3,random,random,random3,random3,random,random3,random,random,random3,random
150,random,random3,random3,random,random,random,random3,random3,random3,random,random3,random
151,random3,random,random3,random,random3,random,random3,random3,random,random,random,random3
152,random3,random,random3,random,random3,random,random3,random3,random,random,random3,random
153,random,random3,random3,random,random,random,random3,random3,random,random,random3,random3
154,random,random3,random3,random3,random,random3,random3,random,random,random,random,random3
155,random3,random,random3,random3,random3,random3,random3,random,random,random,random,random
156,random3,random,random3,random3,random,random,random,random3,random,random3,random3,random
157,random,random,random3,random,random3,random3,random3,random,random,random,random3,random3
158,random,random,random3,random3,random3,random,random3,random,random3,random,random3,random
159,random,random3,random,random,random3,random3,random3,random,random3,random,random,random3
160,random3,random,random,random,random3,random,random3,random3,random3,random,random,random3
161,random3,random3,random3,random3,rotate,rotate,rotate,rotate,random3,rotate,rotate,random3
162,random3,rotate,rotate,rotate,random3,random3,rotate,random3,rotate,random3,random3,rotate
163,rotate,random3,random3,rotate,rotate,random3,rotate,rotate,random3,rotate,random3,random3
164,rotate,random3,random3,random3,random3,rotate,rotate,rotate,random3,random3,rotate,rotate
165,random3,rotate,random3,rotate,random3,random3,random3,rotate,rotate,rotate,random3,rotate
166,rotate,random3,random3,random3,random3,rotate,random3,rotate,rotate,random3,rotate,rotate
167,random3,random3,rotate,rotate,rotate,random3,random3,random3,rotate,random3,rotate,rotate
168,random3,rotate,random3,random3,random3,rotate,random3,rotate,rotate,rotate,rotate,random3
169,random3,rotate,rotate,random3,rotate,random3,random3,random3,random3,rotate,rotate,rotate
170,random3,rotate,random3,rotate,random3,random3,rotate,rotate,rotate,rotate,random3,random3
171,rotate,random3,rotate,rotate,random3,rotate,rotate,random3,random3,random3,rotate,random3
172,random3,rotate,rotate,random3,rotate,random3,rotate,rotate,random3,random3,random3,rotate
173,rotate,rotate,random3,rotate,random3,rotate,random3,random3,rotate,random3,random3,rotate
174,rotate,random3,rotate,random3,random3,rotate,rotate,random3,random3,rotate,rotate,random3
175,random3,random3,random3,random3,rotate,random3,rotate,rotate,random3,rotate,rotate,rotate
176,rotate,random3,rotate,rotate,random3,random3,rotate,rotate,rotate,random3,random3,random3
177,random3,rotate,rotate,random3,rotate,random3,random3,rotate,rotate,random3,rotate,random3
178,random3,random3,rotate,rotate,rotate,rotate,random3,random3,rotate,random3,rotate,random3
179,random3,rotate,rotate,random3,random3,random3,rotate,rotate,random3,rotate,rotate,random3
180,rotate,random3,random3,rotate,random3,rotate,rotate,random3,rotate,rotate,random3,random3
181,rotate,rotate,rotate,rotate,rotate,random3,random3,random3,random3,random3,rotate,random3
182,random3,random3,rotate,rotate,rotate,rotate,rotate,random3,rotate,random3,random3,random3
183,random3,rotate,rotate,random3,random3,rotate,random3,rotate,random3,rotate,random3,rotate
184,random3,rotate,rotate,random3,random3,rotate,rotate,rotate,rotate,random3,random3,random3
185,rotate,random3,random3,random3,rotate,rotate,random3,rotate,rotate,random3,rotate,random3
186,random3,random3,rotate,rotate,rotate,rotate,random3,rotate,random3,rotate,random3,random3
187,rotate,rotate,rotate,random3,random3,rotate,rotate,random3,random3,rotate,random3,random3
188,random3,rotate,rotate,rotate,random3,rotate,random3,rotate,random3,random3,random3,rotate
189,rotate,rotate,random3,random3,rotate,rotate,random3,rotate,random3,random3,rotate,random3
190,random3,rotate,rotate,random3,random3,random3,rotate,rotate,rotate,random3,rotate,random3
191,rotate,random3,rotate,random3,rotate,random3,rotate,rotate,random3,random3,random3,rotate
192,rotate,random3,rotate,random3,rotate,random3,rotate,rotate,random3,random3,rotate,random3
193,random3,rotate,rotate,random3,random3,random3,rotate,rotate,random3,random3,rotate,rotate
194,random3,rotate,rotate,rotate,random3,rotate,rotate,random3,random3,random3,random3,rotate
195,rotate,random3,rotate,rotate,rotate,rotate,rotate,random3,random3,random3,random3,random3
196,rotate,random3,rotate,rotate,random3,random3,random3,rotate,random3,rotate,rotate,random3
197,random3,random3,rotate,random3,rotate,rotate,rotate,random3,random3,random3,rotate,rotate
198,random3,random3,rotate,rotate,rotate,random3,rotate,random3,rotate,random3,rotate,random3
199,random3,rotate,random3,random3,rotate,rotate,rotate,random3,rotate,random3,random3,rotate
200,rotate,random3,random3,random3,rotate,random3,rotate,rotate,rotate,random3,random3,rotate
201,random3,random3,random3,random3,random3,random3,random3,random3,random3,random3,random3,random3
202,random3,random3,random3,random3,random3,random3,random3,random3,random3,random3,random3,random3
203,random3,random3,random3,random3,random3,random3,random3,random3,random3,random3,random3,random3
204,random3,random3,random3,random3,random3,random3,random3,random3,random3,random3,random3,random3
205,random3,random3,random3,random3,random3,random3,random3,random3,random3,random3,random3,random3
206,random3,random3,random3,random3,random3,random3,random3,random3,random3,random3,random3,random3
207,random3,random3,random3,random3,random3,random3,random3,random3,random3,random3,random3,random3
208,random3,random3,random3,random3,random3,random3,random3,random3,random3,random3,random3,random3
209,random3,random3,random3,random3,random3,random3,random3,random3,random3,random3,random3,random3
210,random3,random3,random3,random3,random3,random3,random3,random3,random3,random3,random3,random3
211,random3,random3,random3,random3,random3,random3,random3,random3,random3,random3,random3,random3
212,random3,random3,random3,random3,random3,random3,random3,random3,random3,random3,random3,random3
213,random3,random3,random3,random3,random3,random3,random3,random3,random3,random3,random3,random3
214,random3,random3,random3,random3,random3,random3,random3,random3,random3,random3,random3,random3
215,random3,random3,random3,random3,random3,random3,random3,random3,random3,random3,random3,random3
216,random3,random3,random3,random3,random3,random3,random3,random3,random3,random3,random3,random3
217,random3,random3,random3,random3,random3,random3,random3,random3,random3,random3,random3,random3
218,random3,random3,random3,random3,random3,random3,random3,random3,random3,random3,random3,random3
219,random3,random3,random3,random3,random3,random3,random3,random3,random3,random3,random3,random3
220,random3,random3,random3,random3,random3,random3,random3,random3,random3,random3,random3,random3
221,random3,random3,random3,random3,random3,random3,random3,random3,random3,random3,random3,random3
222,random3,random3,random3,random3,random3,random3,random3,random3,random3,random3,random3,random3
223,random3,random3,random3,random3,random3,random3,random3,random3,random3,random3,random3,random3
224,random3,random3,random3,random3,random3,random3,random3,random3,random3,random3,random3,random3
225,random3,random3,random3,random3,random3,random3,random3,random3,random3,random3,random3,random3
226,random3,random3,random3,random3,random3,random3,random3,random3,random3,random3,random3,random3
227,random3,random3,random3,random3,random3,random3,random3,random3,random3,random3,random3,random3
228,random3,random3,random3,random3,random3,random3,random3,random3,random3,random3,random3,random3
229,random3,random3,random3,random3,random3,random3,random3,random3,random3,random3,random3,random3
230,random3,random3,random3,random3,random3,random3,random3,random3,random3,random3,random3,random3
231,random3,random3,random3,random3,random3,random3,random3,random3,random3,random3,random3,random3
232,random3,random3,random3,random3,random3,random3,random3,random3,random3,random3,random3,random3
233,random3,random3,random3,random3,random3,random3,random3,random3,random3,random3,random3,random3
234,random3,random3,random3,random3,random3,random3,random3,random3,random3,random3,random3,random3
235,random3,random3,random3,random3,random3,random3,random3,random3,random3,random3,random3,random3
236,random3,random3,random3,random3,random3,random3,random3,random3,random3,random3,random3,random3
237,random3,random3,random3,random3,random3,random3,random3,random3,random3,random3,random3,random3
238,random3,random3,random3,random3,random3,random3,random3,random3,random3,random3,random3,random3
239,random3,random3,random3,random3,random3,random3,random3,random3,random3,random3,random3,random3
240,random3,random3,random3,random3,random3,random3,random3,random3,random3,random3,random3,random3
241,random,random,random,random,radicaleq,radicaleq,radicaleq,radicaleq,random,radicaleq,radicaleq,random
242,random,radicaleq,radicaleq,radicaleq,random,random,radicaleq,random,radicaleq,random,random,radicaleq
243,radicaleq,random,random,radicaleq,radicaleq,random,radicaleq,radicaleq,random,radicaleq,random,random
244,radicaleq,random,random,random,random,radicaleq,radicaleq,radicaleq,random,random,radicaleq,radicaleq
245,random,radicaleq,random,radicaleq,random,random,random,radicaleq,radicaleq,radicaleq,random,radicaleq
246,radicaleq,random,random,random,random,radicaleq,random,radicaleq,radicaleq,random,radicaleq,radicaleq
247,random,random,radicaleq,radicaleq,radicaleq,random,random,random,radicaleq,random,radicaleq,radicaleq
248,random,radicaleq,random,random,random,radicaleq,random,radicaleq,radicaleq,radicaleq,radicaleq,random
249,random,radicaleq,radicaleq,random,radicaleq,random,random,random,random,radicaleq,radicaleq,radicaleq
250,random,radicaleq,random,radicaleq,random,random,radicaleq,radicaleq,radicaleq,radicaleq,random,random
251,radicaleq,random,radicaleq,radicaleq,random,radicaleq,radicaleq,random,random,random,radicaleq,random
252,random,radicaleq,radicaleq,random,radicaleq,random,radicaleq,radicaleq,random,random,random,radicaleq
253,radicaleq,radicaleq,random,radicaleq,random,radicaleq,random,random,radicaleq,random,random,radicaleq
254,radicaleq,random,radicaleq,random,random,radicaleq,radicaleq,random,random,radicaleq,radicaleq,random
255,random,random,random,random,radicaleq,random,radicaleq,radicaleq,random,radicaleq,radicaleq,radicaleq
256,radicaleq,random,radicaleq,radicaleq,random,random,radicaleq,radicaleq,radicaleq,random,random,random
257,random,radicaleq,radicaleq,random,radicaleq,random,random,radicaleq,radicaleq,random,radicaleq,random
258,random,random,radicaleq,radicaleq,radicaleq,radicaleq,random,random,radicaleq,random,radicaleq,random
259,random,radicaleq,radicaleq,random,random,random,radicaleq,radicaleq,random,radicaleq,radicaleq,random
260,radicaleq,random,random,radicaleq,random,radicaleq,radicaleq,random,radicaleq,radicaleq,random,random
261,radicaleq,radicaleq,radicaleq,radicaleq,radicaleq,random,random,random,random,random,radicaleq,random
262,random,random,radicaleq,radicaleq,radicaleq,radicaleq,radicaleq,random,radicaleq,random,random,random
263,random,radicaleq,radicaleq,random,random,radicaleq,random,radicaleq,random,radicaleq,random,radicaleq
264,random,radicaleq,radicaleq,random,random,radicaleq,radicaleq,radicaleq,radicaleq,random,random,random
265,radicaleq,random,random,random,radicaleq,radicaleq,random,radicaleq,radicaleq,random,radicaleq,random
266,random,random,radicaleq,radicaleq,radicaleq,radicaleq,random,radicaleq,random,radicaleq,random,random
267,radicaleq,radicaleq,radicaleq,random,random,radicaleq,radicaleq,random,random,radicaleq,random,random
268,random,radicaleq,radicaleq,radicaleq,random,radicaleq,random,radicaleq,random,random,random,radicaleq
269,radicaleq,radicaleq,random,random,radicaleq,radicaleq,random,radicaleq,random,random,radicaleq,random
270,random,radicaleq,radicaleq,random,random,random,radicaleq,radicaleq,radicaleq,random,radicaleq,random
271,radicaleq,random,radicaleq,random,radicaleq,random,radicaleq,radicaleq,random,random,random,radicaleq
272,radicaleq,random,radicaleq,random,radicaleq,random,radicaleq,radicaleq,random,random,radicaleq,random
273,random,radicaleq,radicaleq,random,random,random,radicaleq,radicaleq,random,random,radicaleq,radicaleq
274,random,radicaleq,radicaleq,radicaleq,random,radicaleq,radicaleq,random,random,random,random,radicaleq
275,radicaleq,random,radicaleq,radicaleq,radicaleq,radicaleq,radicaleq,random,random,random,random,random
276,radicaleq,random,radicaleq,radicaleq,random,random,random,radicaleq,random,radicaleq,radicaleq,random
277,random,random,radicaleq,random,radicaleq,radicaleq,radicaleq,random,random,random,radicaleq,radicaleq
278,random,random,radicaleq,radicaleq,radicaleq,random,radicaleq,random,radicaleq,random,radicaleq,random
279,random,radicaleq,random,random,radicaleq,radicaleq,radicaleq,random,radicaleq,random,random,radicaleq
280,radicaleq,random,random,random,radicaleq,random,radicaleq,radicaleq,radicaleq,random,random,radicaleq
281,radicaleq,radicaleq,radicaleq,radicaleq,rotate,rotate,rotate,rotate,radicaleq,rotate,rotate,radicaleq
282,radicaleq,rotate,rotate,rotate,radicaleq,radicaleq,rotate,radicaleq,rotate,radicaleq,radicaleq,rotate
283,rotate,radicaleq,radicaleq,rotate,rotate,radicaleq,rotate,rotate,radicaleq,rotate,radicaleq,radicaleq
284,rotate,radicaleq,radicaleq,radicaleq,radicaleq,rotate,rotate,rotate,radicaleq,radicaleq,rotate,rotate
285,radicaleq,rotate,radicaleq,rotate,radicaleq,radicaleq,radicaleq,rotate,rotate,rotate,radicaleq,rotate
286,rotate,radicaleq,radicaleq,radicaleq,radicaleq,rotate,radicaleq,rotate,rotate,radicaleq,rotate,rotate
287,radicaleq,radicaleq,rotate,rotate,rotate,radicaleq,radicaleq,radicaleq,rotate,radicaleq,rotate,rotate
288,radicaleq,rotate,radicaleq,radicaleq,radicaleq,rotate,radicaleq,rotate,rotate,rotate,rotate,radicaleq
289,radicaleq,rotate,rotate,radicaleq,rotate,radicaleq,radicaleq,radicaleq,radicaleq,rotate,rotate,rotate
290,radicaleq,rotate,radicaleq,rotate,radicaleq,radicaleq,rotate,rotate,rotate,rotate,radicaleq,radicaleq
291,rotate,radicaleq,rotate,rotate,radicaleq,rotate,rotate,radicaleq,radicaleq,radicaleq,rotate,radicaleq
292,radicaleq,rotate,rotate,radicaleq,rotate,radicaleq,rotate,rotate,radicaleq,radicaleq,radicaleq,rotate
293,rotate,rotate,radicaleq,rotate,radicaleq,rotate,radicaleq,radicaleq,rotate,radicaleq,radicaleq,rotate
294,rotate,radicaleq,rotate,radicaleq,radicaleq,rotate,rotate,radicaleq,radicaleq,rotate,rotate,radicaleq
295,radicaleq,radicaleq,radicaleq,radicaleq,rotate,radicaleq,rotate,rotate,radicaleq,rotate,rotate,rotate
296,rotate,radicaleq,rotate,rotate,radicaleq,radicaleq,rotate,rotate,rotate,radicaleq,radicaleq,radicaleq
297,radicaleq,rotate,rotate,radicaleq,rotate,radicaleq,radicaleq,rotate,rotate,radicaleq,rotate,radicaleq
298,radicaleq,radicaleq,rotate,rotate,rotate,rotate,radicaleq,radicaleq,rotate,radicaleq,rotate,radicaleq
299,radicaleq,rotate,rotate,radicaleq,radicaleq,radicaleq,rotate,rotate,radicaleq,rotate,rotate,radicaleq
300,rotate,radicaleq,radicaleq,rotate,radicaleq,rotate,rotate,radicaleq,rotate,rotate,radicaleq,radicaleq
301,rotate,rotate,rotate,rotate,rotate,radicaleq,radicaleq,radicaleq,radicaleq,radicaleq,rotate,radicaleq
302,radicaleq,radicaleq,rotate,rotate,rotate,rotate,rotate,radicaleq,rotate,radicaleq,radicaleq,radicaleq
303,radicaleq,rotate,rotate,radicaleq,radicaleq,rotate,radicaleq,rotate,radicaleq,rotate,radicaleq,rotate
304,radicaleq,rotate,rotate,radicaleq,radicaleq,rotate,rotate,rotate,rotate,radicaleq,radicaleq,radicaleq
305,rotate,radicaleq,radicaleq,radicaleq,rotate,rotate,radicaleq,rotate,rotate,radicaleq,rotate,radicaleq
306,radicaleq,radicaleq,rotate,rotate,rotate,rotate,radicaleq,rotate,radicaleq,rotate,radicaleq,radicaleq
307,rotate,rotate,rotate,radicaleq,radicaleq,rotate,rotate,radicaleq,radicaleq,rotate,radicaleq,radicaleq
308,radicaleq,rotate,rotate,rotate,radicaleq,rotate,radicaleq,rotate,radicaleq,radicaleq,radicaleq,rotate
309,rotate,rotate,radicaleq,radicaleq,rotate,rotate,radicaleq,rotate,radicaleq,radicaleq,rotate,radicaleq
310,radicaleq,rotate,rotate,radicaleq,radicaleq,radicaleq,rotate,rotate,rotate,radicaleq,rotate,radicaleq
311,rotate,radicaleq,rotate,radicaleq,rotate,radicaleq,rotate,rotate,radicaleq,radicaleq,radicaleq,rotate
312,rotate,radicaleq,rotate,radicaleq,rotate,radicaleq,rotate,rotate,radicaleq,radicaleq,rotate,radicaleq
313,radicaleq,rotate,rotate,radicaleq,radicaleq,radicaleq,rotate,rotate,radicaleq,radicaleq,rotate,rotate
314,radicaleq,rotate,rotate,rotate,radicaleq,rotate,rotate,radicaleq,radicaleq,radicaleq,radicaleq,rotate
315,rotate,radicaleq,rotate,rotate,rotate,rotate,rotate,radicaleq,radicaleq,radicaleq,radicaleq,radicaleq
316,rotate,radicaleq,rotate,rotate,radicaleq,radicaleq,radicaleq,rotate,radicaleq,rotate,rotate,radicaleq
317,radicaleq,radicaleq,rotate,radicaleq,rotate,rotate,rotate,radicaleq,radicaleq,radicaleq,rotate,rotate
318,radicaleq,radicaleq,rotate,rotate,rotate,radicaleq,rotate,radicaleq,rotate,radicaleq,rotate,radicaleq
319,radicaleq,rotate,radicaleq,radicaleq,rotate,rotate,rotate,radicaleq,rotate,radicaleq,radicaleq,rotate
320,rotate,radicaleq,radicaleq,radicaleq,rotate,radicaleq,rotate,rotate,rotate,radicaleq,radicaleq,rotate
321,random3,random3,random3,random3,radicaleq,radicaleq,radicaleq,radicaleq,random3,radicaleq,radicaleq,random3
322,random3,radicaleq,radicaleq,radicaleq,random3,random3,radicaleq,random3,radicaleq,random3,random3,radicaleq
323,radicaleq,random3,random3,radicaleq,radicaleq,random3,radicaleq,radicaleq,random3,radicaleq,random3,random3
324,radicaleq,random3,random3,random3,random3,radicaleq,radicaleq,radicaleq,random3,random3,radicaleq,radicaleq
325,random3,radicaleq,random3,radicaleq,random3,random3,random3,radicaleq,radicaleq,radicaleq,random3,radicaleq
326,radicaleq,random3,random3,random3,random3,radicaleq,random3,radicaleq,radicaleq,random3,radicaleq,radicaleq
327,random3,random3,radicaleq,radicaleq,radicaleq,random3,random3,random3,radicaleq,random3,radicaleq,radicaleq
328,random3,radicaleq,random3,random3,random3,radicaleq,random3,radicaleq,radicaleq,radicaleq,radicaleq,random3
329,random3,radicaleq,radicaleq,random3,radicaleq,random3,random3,random3,random3,radicaleq,radicaleq,radicaleq
330,random3,radicaleq,random3,radicaleq,random3,random3,radicaleq,radicaleq,radicaleq,radicaleq,random3,random3
331,radicaleq,random3,radicaleq,radicaleq,random3,radicaleq,radicaleq,random3,random3,random3,radicaleq,random3
332,random3,radicaleq,radicaleq,random3,radicaleq,random3,radicaleq,radicaleq,random3,random3,random3,radicaleq
333,radicaleq,radicaleq,random3,radicaleq,random3,radicaleq,random3,random3,radicaleq,random3,random3,radicaleq
334,radicaleq,random3,radicaleq,random3,random3,radicaleq,radicaleq,random3,random3,radicaleq,radicaleq,random3
335,random3,random3,random3,random3,radicaleq,random3,radicaleq,radicaleq,random3,radicaleq,radicaleq,radicaleq
336,radicaleq,random3,radicaleq,radicaleq,random3,random3,radicaleq,radicaleq,radicaleq,random3,random3,random3
337,random3,radicaleq,radicaleq,random3,radicaleq,random3,random3,radicaleq,radicaleq,random3,radicaleq,random3
338,random3,random3,radicaleq,radicaleq,radicaleq,radicaleq,random3,random3,radicaleq,random3,radicaleq,random3
339,random3,radicaleq,radicaleq,random3,random3,random3,radicaleq,radicaleq,random3,radicaleq,radicaleq,random3
340,radicaleq,random3,random3,radicaleq,random3,radicaleq,radicaleq,random3,radicaleq,radicaleq,random3,random3
341,radicaleq,radicaleq,radicaleq,radicaleq,radicaleq,random3,random3,random3,random3,random3,radicaleq,random3
342,random3,random3,radicaleq,radicaleq,radicaleq,radicaleq,radicaleq,random3,radicaleq,random3,random3,random3
343,random3,radicaleq,radicaleq,random3,random3,radicaleq,random3,radicaleq,random3,radicaleq,random3,radicaleq
344,random3,radicaleq,radicaleq,random3,random3,radicaleq,radicaleq,radicaleq,radicaleq,random3,random3,random3
345,radicaleq,random3,random3,random3,radicaleq,radicaleq,random3,radicaleq,radicaleq,random3,radicaleq,random3
346,random3,random3,radicaleq,radicaleq,radicaleq,radicaleq,random3,radicaleq,random3,radicaleq,random3,random3
347,radicaleq,radicaleq,radicaleq,random3,random3,radicaleq,radicaleq,random3,random3,radicaleq,random3,random3
348,random3,radicaleq,radicaleq,radicaleq,random3,radicaleq,random3,radicaleq,random3,random3,random3,radicaleq
349,radicaleq,radicaleq,random3,random3,radicaleq,radicaleq,random3,radicaleq,random3,random3,radicaleq,random3
350,random3,radicaleq,radicaleq,random3,random3,random3,radicaleq,radicaleq,radicaleq,random3,radicaleq,random3
351,radicaleq,random3,radicaleq,random3,radicaleq,random3,radicaleq,radicaleq,random3,random3,random3,radicaleq
352,radicaleq,random3,radicaleq,random3,radicaleq,random3,radicaleq,radicaleq,random3,random3,radicaleq,random3
353,random3,radicaleq,radicaleq,random3,random3,random3,radicaleq,radicaleq,random3,random3,radicaleq,radicaleq
354,random3,radicaleq,radicaleq,radicaleq,random3,radicaleq,radicaleq,random3,random3,random3,random3,radicaleq
355,radicaleq,random3,radicaleq,radicaleq,radicaleq,radicaleq,radicaleq,random3,random3,random3,random3,random3
356,radicaleq,random3,radicaleq,radicaleq,random3,random3,random3,radicaleq,random3,radicaleq,radicaleq,random3
357,random3,random3,radicaleq,random3,radicaleq,radicaleq,radicaleq,random3,random3,random3,radicaleq,radicaleq
358,random3,random3,radicaleq,radicaleq,radicaleq,random3,radicaleq,random3,radicaleq,random3,radicaleq,random3
359,random3,radicaleq,random3,random3,radicaleq,radicaleq,radicaleq,random3,radicaleq,random3,random3,radicaleq
360,radicaleq,random3,random3,random3,radicaleq,random3,radicaleq,radicaleq,radicaleq,random3,random3,radicaleq
361,radicaleq,radicaleq,radicaleq,radicaleq,radicaleq,radicaleq,radicaleq,radicaleq,radicaleq,radicaleq,radicaleq,radicaleq
362,radicaleq,radicaleq,radicaleq,radicaleq,radicaleq,radicaleq,radicaleq,radicaleq,radicaleq,radicaleq,radicaleq,radicaleq
363,radicaleq,radicaleq,radicaleq,radicaleq,radicaleq,radicaleq,radicaleq,radicaleq,radicaleq,radicaleq,radicaleq,radicaleq
364,radicaleq,radicaleq,radicaleq,radicaleq,radicaleq,radicaleq,radicaleq,radicaleq,radicaleq,radicaleq,radicaleq,radicaleq
365,radicaleq,radicaleq,radicaleq,radicaleq,radicaleq,radicaleq,radicaleq,radicaleq,radicaleq,radicaleq,radicaleq,radicaleq
366,radicaleq,radicaleq,radicaleq,radicaleq,radicaleq,radicaleq,radicaleq,radicaleq,radicaleq,radicaleq,radicaleq,radicaleq
367,radicaleq,radicaleq,radicaleq,radicaleq,radicaleq,radicaleq,radicaleq,radicaleq,radicaleq,radicaleq,radicaleq,radicaleq
368,radicaleq,radicaleq,radicaleq,radicaleq,radicaleq,radicaleq,radicaleq,radicaleq,radicaleq,radicaleq,radicaleq,radicaleq
369,radicaleq,radicaleq,radicaleq,radicaleq,radicaleq,radicaleq,radicaleq,radicaleq,radicaleq,radicaleq,radicaleq,radicaleq
370,radicaleq,radicaleq,radicaleq,radicaleq,radicaleq,radicaleq,radicaleq,radicaleq,radicaleq,radicaleq,radicaleq,radicaleq
371,radicaleq,radicaleq,radicaleq,radicaleq,radicaleq,radicaleq,radicaleq,radicaleq,radicaleq,radicaleq,radicaleq,radicaleq
372,radicaleq,radicaleq,radicaleq,radicaleq,radicaleq,radicaleq,radicaleq,radicaleq,radicaleq,radicaleq,radicaleq,radicaleq
373,radicaleq,radicaleq,radicaleq,radicaleq,radicaleq,radicaleq,radicaleq,radicaleq,radicaleq,radicaleq,radicaleq,radicaleq
374,radicaleq,radicaleq,radicaleq,radicaleq,radicaleq,radicaleq,radicaleq,radicaleq,radicaleq,radicaleq,radicaleq,radicaleq
375,radicaleq,radicaleq,radicaleq,radicaleq,radicaleq,radicaleq,radicaleq,radicaleq,radicaleq,radicaleq,radicaleq,radicaleq
376,radicaleq,radicaleq,radicaleq,radicaleq,radicaleq,radicaleq,radicaleq,radicaleq,radicaleq,radicaleq,radicaleq,radicaleq
377,radicaleq,radicaleq,radicaleq,radicaleq,radicaleq,radicaleq,radicaleq,radicaleq,radicaleq,radicaleq,radicaleq,radicaleq
378,radicaleq,radicaleq,radicaleq,radicaleq,radicaleq,radicaleq,radicaleq,radicaleq,radicaleq,radicaleq,radicaleq,radicaleq
379,radicaleq,radicaleq,radicaleq,radicaleq,radicaleq,radicaleq,radicaleq,radicaleq,radicaleq,radicaleq,radicaleq,radicaleq
380,radicaleq,radicaleq,radicaleq,radicaleq,radicaleq,radicaleq,radicaleq,radicaleq,radicaleq,radicaleq,radicaleq,radicaleq
381,radicaleq,radicaleq,radicaleq,radicaleq,radicaleq,radicaleq,radicaleq,radicaleq,radicaleq,radicaleq,radicaleq,radicaleq
382,radicaleq,radicaleq,radicaleq,radicaleq,radicaleq,radicaleq,radicaleq,radicaleq,radicaleq,radicaleq,radicaleq,radicaleq
383,radicaleq,radicaleq,radicaleq,radicaleq,radicaleq,radicaleq,radicaleq,radicaleq,radicaleq,radicaleq,radicaleq,radicaleq
384,radicaleq,radicaleq,radicaleq,radicaleq,radicaleq,radicaleq,radicaleq,radicaleq,radicaleq,radicaleq,radicaleq,radicaleq
385,radicaleq,radicaleq,radicaleq,radicaleq,radicaleq,radicaleq,radicaleq,radicaleq,radicaleq,radicaleq,radicaleq,radicaleq
386,radicaleq,radicaleq,radicaleq,radicaleq,radicaleq,radicaleq,radicaleq,radicaleq,radicaleq,radicaleq,radicaleq,radicaleq
387,radicaleq,radicaleq,radicaleq,radicaleq,radicaleq,radicaleq,radicaleq,radicaleq,radicaleq,radicaleq,radicaleq,radicaleq
388,radicaleq,radicaleq,radicaleq,radicaleq,radicaleq,radicaleq,radicaleq,radicaleq,radicaleq,radicaleq,radicaleq,radicaleq
389,radicaleq,radicaleq,radicaleq,radicaleq,radicaleq,radicaleq,radicaleq,radicaleq,radicaleq,radicaleq,radicaleq,radicaleq
390,radicaleq,radicaleq,radicaleq,radicaleq,radicaleq,radicaleq,radicaleq,radicaleq,radicaleq,radicaleq,radicaleq,radicaleq
391,radicaleq,radicaleq,radicaleq,radicaleq,radicaleq,radicaleq,radicaleq,radicaleq,radicaleq,radicaleq,radicaleq,radicaleq
392,radicaleq,radicaleq,radicaleq,radicaleq,radicaleq,radicaleq,radicaleq,radicaleq,radicaleq,radicaleq,radicaleq,radicaleq
393,radicaleq,radicaleq,radicaleq,radicaleq,radicaleq,radicaleq,radicaleq,radicaleq,radicaleq,radicaleq,radicaleq,radicaleq
394,radicaleq,radicaleq,radicaleq,radicaleq,radicaleq,radicaleq,radicaleq,radicaleq,radicaleq,radicaleq,radicaleq,radicaleq
395,radicaleq,radicaleq,radicaleq,radicaleq,radicaleq,radicaleq,radicaleq,radicaleq,radicaleq,radicaleq,radicaleq,radicaleq
396,radicaleq,radicaleq,radicaleq,radicaleq,radicaleq,radicaleq,radicaleq,radicaleq,radicaleq,radicaleq,radicaleq,radicaleq
397,radicaleq,radicaleq,radicaleq,radicaleq,radicaleq,radicaleq,radicaleq,radicaleq,radicaleq,radicaleq,radicaleq,radicaleq
398,radicaleq,radicaleq,radicaleq,radicaleq,radicaleq,radicaleq,radicaleq,radicaleq,radicaleq,radicaleq,radicaleq,radicaleq
399,radicaleq,radicaleq,radicaleq,radicaleq,radicaleq,radicaleq,radicaleq,radicaleq,radicaleq,radicaleq,radicaleq,radicaleq
400,radicaleq,radicaleq,radicaleq,radicaleq,radicaleq,radicaleq,radicaleq,radicaleq,radicaleq,radicaleq,radicaleq,radicaleq
401,random,random,random,random,rotate0,rotate0,rotate0,rotate0,random,rotate0,rotate0,random
402,random,rotate0,rotate0,rotate0,random,random,rotate0,random,rotate0,random,random,rotate0
403,rotate0,random,random,rotate0,rotate0,random,rotate0,rotate0,random,rotate0,random,random
404,rotate0,random,random,random,random,rotate0,rotate0,rotate0,random,random,rotate0,rotate0
405,random,rotate0,random,rotate0,random,random,random,rotate0,rotate0,rotate0,random,rotate0
406,rotate0,random,random,random,random,rotate0,random,rotate0,rotate0,random,rotate0,rotate0
407,random,random,rotate0,rotate0,rotate0,random,random,random,rotate0,random,rotate0,rotate0
408,random,rotate0,random,random,random,rotate0,random,rotate0,rotate0,rotate0,rotate0,random
409,random,rotate0,rotate0,random,rotate0,random,random,random,random,rotate0,rotate0,rotate0
410,random,rotate0,random,rotate0,random,random,rotate0,rotate0,rotate0,rotate0,random,random
411,rotate0,random,rotate0,rotate0,random,rotate0,rotate0,random,random,random,rotate0,random
412,random,rotate0,rotate0,random,rotate0,random,rotate0,rotate0,random,random,random,rotate0
413,rotate0,rotate0,random,rotate0,random,rotate0,random,random,rotate0,random,random,rotate0
414,rotate0,random,rotate0,random,random,rotate0,rotate0,random,random,rotate0,rotate0,random
415,random,random,random,random,rotate0,random,rotate0,rotate0,random,rotate0,rotate0,rotate0
416,rotate0,random,rotate0,rotate0,random,random,rotate0,rotate0,rotate0,random,random,random
417,random,rotate0,rotate0,random,rotate0,random,random,rotate0,rotate0,random,rotate0,random
418,random,random,rotate0,rotate0,rotate0,rotate0,random,random,rotate0,random,rotate0,random
419,random,rotate0,rotate0,random,random,random,rotate0,rotate0,random,rotate0,rotate0,random
420,rotate0,random,random,rotate0,random,rotate0,rotate0,random,rotate0,rotate0,random,random
421,rotate0,rotate0,rotate0,rotate0,rotate0,random,random,random,random,random,rotate0,random
422,random,random,rotate0,rotate0,rotate0,rotate0,rotate0,random,rotate0,random,random,random
423,random,rotate0,rotate0,random,random,rotate0,random,rotate0,random,rotate0,random,rotate0
424,random,rotate0,rotate0,random,random,rotate0,rotate0,rotate0,rotate0,random,random,random
425,rotate0,random,random,random,rotate0,rotate0,random,rotate0,rotate0,random,rotate0,random
426,random,random,rotate0,rotate0,rotate0,rotate0,random,rotate0,random,rotate0,random,random
427,rotate0,rotate0,rotate0,random,random,rotate0,rotate0,random,random,rotate0,random,random
428,random,rotate0,rotate0,rotate0,random,rotate0,random,rotate0,random,random,random,rotate0
429,rotate0,rotate0,random,random,rotate0,rotate0,random,rotate0,random,random,rotate0,random
430,random,rotate0,rotate0,random,random,random,rotate0,rotate0,rotate0,random,rotate0,random
431,rotate0,random,rotate0,random,rotate0,random,rotate0,rotate0,random,random,random,rotate0
432,rotate0,random,rotate0,random,rotate0,random,rotate0,rotate0,random,random,rotate0,random
433,random,rotate0,rotate0,random,random,random,rotate0,rotate0,random,random,rotate0,rotate0
434,random,rotate0,rotate0,rotate0,random,rotate0,rotate0,random,random,random,random,rotate0
435,rotate0,random,rotate0,rotate0,rotate0,rotate0,rotate0,random,random,random,random,random
436,rotate0,random,rotate0,rotate0,random,random,random,rotate0,random,rotate0,rotate0,random
437,random,random,rotate0,random,rotate0,rotate0,rotate0,random,random,random,rotate0,rotate0
438,random,random,rotate0,rotate0,rotate0,random,rotate0,random,rotate0,random,rotate0,random
439,random,rotate0,random,random,rotate0,rotate0,rotate0,random,rotate0,random,random,rotate0
440,rotate0,random,random,random,rotate0,random,rotate0,rotate0,rotate0,random,random,rotate0
441,rotate0,rotate0,rotate0,rotate0,rotate,rotate,rotate,rotate,rotate0,rotate,rotate,rotate0
442,rotate0,rotate,rotate,rotate,rotate0,rotate0,rotate,rotate0,rotate,rotate0,rotate0,rotate
443,rotate,rotate0,rotate0,rotate,rotate,rotate0,rotate,rotate,rotate0,rotate,rotate0,rotate0
444,rotate,rotate0,rotate0,rotate0,rotate0,rotate,rotate,rotate,rotate0,rotate0,rotate,rotate
445,rotate0,rotate,rotate0,rotate,rotate0,rotate0,rotate0,rotate,rotate,rotate,rotate0,rotate
446,rotate,rotate0,rotate0,rotate0,rotate0,rotate,rotate0,rotate,rotate,rotate0,rotate,rotate
447,rotate0,rotate0,rotate,rotate,rotate,rotate0,rotate0,rotate0,rotate,rotate0,rotate,rotate
448,rotate0,rotate,rotate0,rotate0,rotate0,rotate,rotate0,rotate,rotate,rotate,rotate,rotate0
449,rotate0,rotate,rotate,rotate0,rotate,rotate0,rotate0,rotate0,rotate0,rotate,rotate,rotate
450,rotate0,rotate,rotate0,rotate,rotate0,rotate0,rotate,rotate,rotate,rotate,rotate0,rotate0
451,rotate,rotate0,rotate,rotate,rotate0,rotate,rotate,rotate0,rotate0,rotate0,rotate,rotate0
452,rotate0,rotate,rotate,rotate0,rotate,rotate0,rotate,rotate,rotate0,rotate0,rotate0,rotate
453,rotate,rotate,rotate0,rotate,rotate0,rotate,rotate0,rotate0,rotate,rotate0,rotate0,rotate
454,rotate,rotate0,rotate,rotate0,rotate0,rotate,rotate,rotate0,rotate0,rotate,rotate,rotate0
455,rotate0,rotate0,rotate0,rotate0,rotate,rotate0,rotate,rotate,rotate0,rotate,rotate,rotate
456,rotate,rotate0,rotate,rotate,rotate0,rotate0,rotate,rotate,rotate,rotate0,rotate0,rotate0
457,rotate0,rotate,rotate,rotate0,rotate,rotate0,rotate0,rotate,rotate,rotate0,rotate,rotate0
458,rotate0,rotate0,rotate,rotate,rotate,rotate,rotate0,rotate0,rotate,rotate0,rotate,rotate0
459,rotate0,rotate,rotate,rotate0,rotate0,rotate0,rotate,rotate,rotate0,rotate,rotate,rotate0
460,rotate,rotate0,rotate0,rotate,rotate0,rotate,rotate,rotate0,rotate,rotate,rotate0,rotate0
461,rotate,rotate,rotate,rotate,rotate,rotate0,rotate0,rotate0,rotate0,rotate0,rotate,rotate0
462,rotate0,rotate0,rotate,rotate,rotate,rotate,rotate,rotate0,rotate,rotate0,rotate0,rotate0
463,rotate0,rotate,rotate,rotate0,rotate0,rotate,rotate0,rotate,rotate0,rotate,rotate0,rotate
464,rotate0,rotate,rotate,rotate0,rotate0,rotate,rotate,rotate,rotate,rotate0,rotate0,rotate0
465,rotate,rotate0,rotate0,rotate0,rotate,rotate,rotate0,rotate,rotate,rotate0,rotate,rotate0
466,rotate0,rotate0,rotate,rotate,rotate,rotate,rotate0,rotate,rotate0,rotate,rotate0,rotate0
467,rotate,rotate,rotate,rotate0,rotate0,rotate,rotate,rotate0,rotate0,rotate,rotate0,rotate0
468,rotate0,rotate,rotate,rotate,rotate0,rotate,rotate0,rotate,rotate0,rotate0,rotate0,rotate
469,rotate,rotate,rotate0,rotate0,rotate,rotate,rotate0,rotate,rotate0,rotate0,rotate,rotate0
470,rotate0,rotate,rotate,rotate0,rotate0,rotate0,rotate,rotate,rotate,rotate0,rotate,rotate0
471,rotate,rotate0,rotate,rotate0,rotate,rotate0,rotate,rotate,rotate0,rotate0,rotate0,rotate
472,rotate,rotate0,rotate,rotate0,rotate,rotate0,rotate,rotate,rotate0,rotate0,rotate,rotate0
473,rotate0,rotate,rotate,rotate0,rotate0,rotate0,rotate,rotate,rotate0,rotate0,rotate,rotate
474,rotate0,rotate,rotate,rotate,rotate0,rotate,rotate,rotate0,rotate0,rotate0,rotate0,rotate
475,rotate,rotate0,rotate,rotate,rotate,rotate,rotate,rotate0,rotate0,rotate0,rotate0,rotate0
476,rotate,rotate0,rotate,rotate,rotate0,rotate0,rotate0,rotate,rotate0,rotate,rotate,rotate0
477,rotate0,rotate0,rotate,rotate0,rotate,rotate,rotate,rotate0,rotate0,rotate0,rotate,rotate
478,rotate0,rotate0,rotate,rotate,rotate,rotate0,rotate,rotate0,rotate,rotate0,rotate,rotate0
479,rotate0,rotate,rotate0,rotate0,rotate,rotate,rotate,rotate0,rotate,rotate0,rotate0,rotate
480,rotate,rotate0,rotate0,rotate0,rotate,rotate0,rotate,rotate,rotate,rotate0,rotate0,rotate
481,random3,random3,random3,random3,rotate0,rotate0,rotate0,rotate0,random3,rotate0,rotate0,random3
482,random3,rotate0,rotate0,rotate0,random3,random3,rotate0,random3,rotate0,random3,random3,rotate0
483,rotate0,random3,random3,rotate0,rotate0,random3,rotate0,rotate0,random3,rotate0,random3,random3
484,rotate0,random3,random3,random3,random3,rotate0,rotate0,rotate0,random3,random3,rotate0,rotate0
485,random3,rotate0,random3,rotate0,random3,random3,random3,rotate0,rotate0,rotate0,random3,rotate0
486,rotate0,random3,random3,random3,random3,rotate0,random3,rotate0,rotate0,random3,rotate0,rotate0
487,random3,random3,rotate0,rotate0,rotate0,random3,random3,random3,rotate0,random3,rotate0,rotate0
488,random3,rotate0,random3,random3,random3,rotate0,random3,rotate0,rotate0,rotate0,rotate0,random3
489,random3,rotate0,rotate0,random3,rotate0,random3,random3,random3,random3,rotate0,rotate0,rotate0
490,random3,rotate0,random3,rotate0,random3,random3,rotate0,rotate0,rotate0,rotate0,random3,random3
491,rotate0,random3,rotate0,rotate0,random3,rotate0,rotate0,random3,random3,random3,rotate0,random3
492,random3,rotate0,rotate0,random3,rotate0,random3,rotate0,rotate0,random3,random3,random3,rotate0
493,rotate0,rotate0,random3,rotate0,random3,rotate0,random3,random3,rotate0,random3,random3,rotate0
494,rotate0,random3,rotate0,random3,random3,rotate0,rotate0,random3,random3,rotate0,rotate0,random3
495,random3,random3,random3,random3,rotate0,random3,rotate0,rotate0,random3,rotate0,rotate0,rotate0
496,rotate0,random3,rotate0,rotate0,random3,random3,rotate0,rotate0,rotate0,random3,random3,random3
497,random3,rotate0,rotate0,random3,rotate0,random3,random3,rotate0,rotate0,random3,rotate0,random3
498,random3,random3,rotate0,rotate0,rotate0,rotate0,random3,random3,rotate0,random3,rotate0,random3
499,random3,rotate0,rotate0,random3,random3,random3,rotate0,rotate0,random3,rotate0,rotate0,random3
500,rotate0,random3,random3,rotate0,random3,rotate0,rotate0,random3,rotate0,rotate0,random3,random3
501,rotate0,rotate0,rotate0,rotate0,rotate0,random3,random3,random3,random3,random3,rotate0,random3
502,random3,random3,rotate0,rotate0,rotate0,rotate0,rotate0,random3,rotate0,random3,random3,random3
503,random3,rotate0,rotate0,random3,random3,rotate0,random3,rotate0,random3,rotate0,random3,rotate0
504,random3,rotate0,rotate0,random3,random3,rotate0,rotate0,rotate0,rotate0,random3,random3,random3
505,rotate0,random3,random3,random3,rotate0,rotate0,random3,rotate0,rotate0,random3,rotate0,random3
506,random3,random3,rotate0,rotate0,rotate0,rotate0,random3,rotate0,random3,rotate0,random3,random3
507,rotate0,rotate0,rotate0,random3,random3,rotate0,rotate0,random3,random3,rotate0,random3,random3
508,random3,rotate0,rotate0,rotate0,random3,rotate0,random3,rotate0,random3,random3,random3,rotate0
509,rotate0,rotate0,random3,random3,rotate0,rotate0,random3,rotate0,random3,random3,rotate0,random3
510,random3,rotate0,rotate0,random3,random3,random3,rotate0,rotate0,rotate0,random3,rotate0,random3
511,rotate0,random3,rotate0,random3,rotate0,random3,rotate0,rotate0,random3,random3,random3,rotate0
512,rotate0,random3,rotate0,random3,rotate0,random3,rotate0,rotate0,random3,random3,rotate0,random3
513,random3,rotate0,rotate0,random3,random3,random3,rotate0,rotate0,random3,random3,rotate0,rotate0
514,random3,rotate0,rotate0,rotate0,random3,rotate0,rotate0,random3,random3,random3,random3,rotate0
515,rotate0,random3,rotate0,rotate0,rotate0,rotate0,rotate0,random3,random3,random3,random3,random3
516,rotate0,random3,rotate0,rotate0,random3,random3,random3,rotate0,random3,rotate0,rotate0,random3
517,random3,random3,rotate0,random3,rotate0,rotate0,rotate0,random3,random3,random3,rotate0,rotate0
518,random3,random3,rotate0,rotate0,rotate0,random3,rotate0,random3,rotate0,random3,rotate0,random3
519,random3,rotate0,random3,random3,rotate0,rotate0,rotate0,random3,rotate0,random3,random3,rotate0
520,rotate0,random3,random3,random3,rotate0,random3,rotate0,rotate0,rotate0,random3,random3,rotate0
521,radicaleq,radicaleq,radicaleq,radicaleq,rotate0,rotate0,rotate0,rotate0,radicaleq,rotate0,rotate0,radicaleq
522,radicaleq,rotate0,rotate0,rotate0,radicaleq,radicaleq,rotate0,radicaleq,rotate0,radicaleq,radicaleq,rotate0
523,rotate0,radicaleq,radicaleq,rotate0,rotate0,radicaleq,rotate0,rotate0,radicaleq,rotate0,radicaleq,radicaleq
524,rotate0,radicaleq,radicaleq,radicaleq,radicaleq,rotate0,rotate0,rotate0,radicaleq,radicaleq,rotate0,rotate0
525,radicaleq,rotate0,radicaleq,rotate0,radicaleq,radicaleq,radicaleq,rotate0,rotate0,rotate0,radicaleq,rotate0
526,rotate0,radicaleq,radicaleq,radicaleq,radicaleq,rotate0,radicaleq,rotate0,rotate0,radicaleq,rotate0,rotate0
527,radicaleq,radicaleq,rotate0,rotate0,rotate0,radicaleq,radicaleq,radicaleq,rotate0,radicaleq,rotate0,rotate0
528,radicaleq,rotate0,radicaleq,radicaleq,radicaleq,rotate0,radicaleq,rotate0,rotate0,rotate0,rotate0,radicaleq
529,radicaleq,rotate0,rotate0,radicaleq,rotate0,radicaleq,radicaleq,radicaleq,radicaleq,rotate0,rotate0,rotate0
530,radicaleq,rotate0,radicaleq,rotate0,radicaleq,radicaleq,rotate0,rotate0,rotate0,rotate0,radicaleq,radicaleq
531,rotate0,radicaleq,rotate0,rotate0,radicaleq,rotate0,rotate0,radicaleq,radicaleq,radicaleq,rotate0,radicaleq
532,radicaleq,rotate0,rotate0,radicaleq,rotate0,radicaleq,rotate0,rotate0,radicaleq,radicaleq,radicaleq,rotate0
533,rotate0,rotate0,radicaleq,rotate0,radicaleq,rotate0,radicaleq,radicaleq,rotate0,radicaleq,radicaleq,rotate0
534,rotate0,radicaleq,rotate0,radicaleq,radicaleq,rotate0,rotate0,radicaleq,radicaleq,rotate0,rotate0,radicaleq
535,radicaleq,radicaleq,radicaleq,radicaleq,rotate0,radicaleq,rotate0,rotate0,radicaleq,rotate0,rotate0,rotate0
536,rotate0,radicaleq,rotate0,rotate0,radicaleq,radicaleq,rotate0,rotate0,rotate0,radicaleq,radicaleq,radicaleq
537,radicaleq,rotate0,rotate0,radicaleq,rotate0,radicaleq,radicaleq,rotate0,rotate0,radicaleq,rotate0,radicaleq
538,radicaleq,radicaleq,rotate0,rotate0,rotate0,rotate0,radicaleq,radicaleq,rotate0,radicaleq,rotate0,radicaleq
539,radicaleq,rotate0,rotate0,radicaleq,radicaleq,radicaleq,rotate0,rotate0,radicaleq,rotate0,rotate0,radicaleq
540,rotate0,radicaleq,radicaleq,rotate0,radicaleq,rotate0,rotate0,radicaleq,rotate0,rotate0,radicaleq,radicaleq
541,rotate0,rotate0,rotate0,rotate0,rotate0,radicaleq,radicaleq,radicaleq,radicaleq,radicaleq,rotate0,radicaleq
542,radicaleq,radicaleq,rotate0,rotate0,rotate0,rotate0,rotate0,radicaleq,rotate0,radicaleq,radicaleq,radicaleq
543,radicaleq,rotate0,rotate0,radicaleq,radicaleq,rotate0,radicaleq,rotate0,radicaleq,rotate0,radicaleq,rotate0
544,radicaleq,rotate0,rotate0,radicaleq,radicaleq,rotate0,rotate0,rotate0,rotate0,radicaleq,radicaleq,radicaleq
545,rotate0,radicaleq,radicaleq,radicaleq,rotate0,rotate0,radicaleq,rotate0,rotate0,radicaleq,rotate0,radicaleq
546,radicaleq,radicaleq,rotate0,rotate0,rotate0,rotate0,radicaleq,rotate0,radicaleq,rotate0,radicaleq,radicaleq
547,rotate0,rotate0,rotate0,radicaleq,radicaleq,rotate0,rotate0,radicaleq,radicaleq,rotate0,radicaleq,radicaleq
548,radicaleq,rotate0,rotate0,rotate0,radicaleq,rotate0,radicaleq,rotate0,radicaleq,radicaleq,radicaleq,rotate0
549,rotate0,rotate0,radicaleq,radicaleq,rotate0,rotate0,radicaleq,rotate0,radicaleq,radicaleq,rotate0,radicaleq
550,radicaleq,rotate0,rotate0,radicaleq,radicaleq,radicaleq,rotate0,rotate0,rotate0,radicaleq,rotate0,radicaleq
551,rotate0,radicaleq,rotate0,radicaleq,rotate0,radicaleq,rotate0,rotate0,radicaleq,radicaleq,radicaleq,rotate0
552,rotate0,radicaleq,rotate0,radicaleq,rotate0,radicaleq,rotate0,rotate0,radicaleq,radicaleq,rotate0,radicaleq
553,radicaleq,rotate0,rotate0,radicaleq,radicaleq,radicaleq,rotate0,rotate0,radicaleq,radicaleq,rotate0,rotate0
554,radicaleq,rotate0,rotate0,rotate0,radicaleq,rotate0,rotate0,radicaleq,radicaleq,radicaleq,radicaleq,rotate0
555,rotate0,radicaleq,rotate0,rotate0,rotate0,rotate0,rotate0,radicaleq,radicaleq,radicaleq,radicaleq,radicaleq
556,rotate0,radicaleq,rotate0,rotate0,radicaleq,radicaleq,radicaleq,rotate0,radicaleq,rotate0,rotate0,radicaleq
557,radicaleq,radicaleq,rotate0,radicaleq,rotate0,rotate0,rotate0,radicaleq,radicaleq,radicaleq,rotate0,rotate0
558,radicaleq,radicaleq,rotate0,rotate0,rotate0,radicaleq,rotate0,radicaleq,rotate0,radicaleq,rotate0,radicaleq
559,radicaleq,rotate0,radicaleq,radicaleq,rotate0,rotate0,rotate0,radicaleq,rotate0,radicaleq,radicaleq,rotate0
560,rotate0,radicaleq,radicaleq,radicaleq,rotate0,radicaleq,rotate0,rotate0,rotate0,radicaleq,radicaleq,rotate0
561,rotate0,rotate0,rotate0,rotate0,rotate0,rotate0,rotate0,rotate0,rotate0,rotate0,rotate0,rotate0
562,rotate0,rotate0,rotate0,rotate0,rotate0,rotate0,rotate0,rotate0,rotate0,rotate0,rotate0,rotate0
563,rotate0,rotate0,rotate0,rotate0,rotate0,rotate0,rotate0,rotate0,rotate0,rotate0,rotate0,rotate0
564,rotate0,rotate0,rotate0,rotate0,rotate0,rotate0,rotate0,rotate0,rotate0,rotate0,rotate0,rotate0
565,rotate0,rotate0,rotate0,rotate0,rotate0,rotate0,rotate0,rotate0,rotate0,rotate0,rotate0,rotate0
566,rotate0,rotate0,rotate0,rotate0,rotate0,rotate0,rotate0,rotate0,rotate0,rotate0,rotate0,rotate0
567,rotate0,rotate0,rotate0,rotate0,rotate0,rotate0,rotate0,rotate0,rotate0,rotate0,rotate0,rotate0
568,rotate0,rotate0,rotate0,rotate0,rotate0,rotate0,rotate0,rotate0,rotate0,rotate0,rotate0,rotate0
569,rotate0,rotate0,rotate0,rotate0,rotate0,rotate0,rotate0,rotate0,rotate0,rotate0,rotate0,rotate0
570,rotate0,rotate0,rotate0,rotate0,rotate0,rotate0,rotate0,rotate0,rotate0,rotate0,rotate0,rotate0
571,rotate0,rotate0,rotate0,rotate0,rotate0,rotate0,rotate0,rotate0,rotate0,rotate0,rotate0,rotate0
572,rotate0,rotate0,rotate0,rotate0,rotate0,rotate0,rotate0,rotate0,rotate0,rotate0,rotate0,rotate0
573,rotate0,rotate0,rotate0,rotate0,rotate0,rotate0,rotate0,rotate0,rotate0,rotate0,rotate0,rotate0
574,rotate0,rotate0,rotate0,rotate0,rotate0,rotate0,rotate0,rotate0,rotate0,rotate0,rotate0,rotate0
575,rotate0,rotate0,rotate0,rotate0,rotate0,rotate0,rotate0,rotate0,rotate0,rotate0,rotate0,rotate0
576,rotate0,rotate0,rotate0,rotate0,rotate0,rotate0,rotate0,rotate0,rotate0,rotate0,rotate0,rotate0
577,rotate0,rotate0,rotate0,rotate0,rotate0,rotate0,rotate0,rotate0,rotate0,rotate0,rotate0,rotate0
578,rotate0,rotate0,rotate0,rotate0,rotate0,rotate0,rotate0,rotate0,rotate0,rotate0,rotate0,rotate0
579,rotate0,rotate0,rotate0,rotate0,rotate0,rotate0,rotate0,rotate0,rotate0,rotate0,rotate0,rotate0
580,rotate0,rotate0,rotate0,rotate0,rotate0,rotate0,rotate0,rotate0,rotate0,rotate0,rotate0,rotate0
581,rotate0,rotate0,rotate0,rotate0,rotate0,rotate0,rotate0,rotate0,rotate0,rotate0,rotate0,rotate0
582,rotate0,rotate0,rotate0,rotate0,rotate0,rotate0,rotate0,rotate0,rotate0,rotate0,rotate0,rotate0
583,rotate0,rotate0,rotate0,rotate0,rotate0,rotate0,rotate0,rotate0,rotate0,rotate0,rotate0,rotate0
584,rotate0,rotate0,rotate0,rotate0,rotate0,rotate0,rotate0,rotate0,rotate0,rotate0,rotate0,rotate0
585,rotate0,rotate0,rotate0,rotate0,rotate0,rotate0,rotate0,rotate0,rotate0,rotate0,rotate0,rotate0
586,rotate0,rotate0,rotate0,rotate0,rotate0,rotate0,rotate0,rotate0,rotate0,rotate0,rotate0,rotate0
587,rotate0,rotate0,rotate0,rotate0,rotate0,rotate0,rotate0,rotate0,rotate0,rotate0,rotate0,rotate0
588,rotate0,rotate0,rotate0,rotate0,rotate0,rotate0,rotate0,rotate0,rotate0,rotate0,rotate0,rotate0
589,rotate0,rotate0,rotate0,rotate0,rotate0,rotate0,rotate0,rotate0,rotate0,rotate0,rotate0,rotate0
590,rotate0,rotate0,rotate0,rotate0,rotate0,rotate0,rotate0,rotate0,rotate0,rotate0,rotate0,rotate0
591,rotate0,rotate0,rotate0,rotate0,rotate0,rotate0,rotate0,rotate0,rotate0,rotate0,rotate0,rotate0
592,rotate0,rotate0,rotate0,rotate0,rotate0,rotate0,rotate0,rotate0,rotate0,rotate0,rotate0,rotate0
593,rotate0,rotate0,rotate0,rotate0,rotate0,rotate0,rotate0,rotate0,rotate0,rotate0,rotate0,rotate0
594,rotate0,rotate0,rotate0,rotate0,rotate0,rotate0,rotate0,rotate0,rotate0,rotate0,rotate0,rotate0
595,rotate0,rotate0,rotate0,rotate0,rotate0,rotate0,rotate0,rotate0,rotate0,rotate0,rotate0,rotate0
596,rotate0,rotate0,rotate0,rotate0,rotate0,rotate0,rotate0,rotate0,rotate0,rotate0,rotate0,rotate0
597,rotate0,rotate0,rotate0,rotate0,rotate0,rotate0,rotate0,rotate0,rotate0,rotate0,rotate0,rotate0
598,rotate0,rotate0,rotate0,rotate0,rotate0,rotate0,rotate0,rotate0,rotate0,rotate0,rotate0,rotate0
599,rotate0,rotate0,rotate0,rotate0,rotate0,rotate0,rotate0,rotate0,rotate0,rotate0,rotate0,rotate0
600,rotate0,rotate0,rotate0,rotate0,rotate0,rotate0,rotate0,rotate0,rotate0,rotate0,rotate0,rotate0
601,random,random,random,random,caste,caste,caste,caste,random,caste,caste,random
602,random,caste,caste,caste,random,random,caste,random,caste,random,random,caste
603,caste,random,random,caste,caste,random,caste,caste,random,caste,random,random
604,caste,random,random,random,random,caste,caste,caste,random,random,caste,caste
605,random,caste,random,caste,random,random,random,caste,caste,caste,random,caste
606,caste,random,random,random,random,caste,random,caste,caste,random,caste,caste
607,random,random,caste,caste,caste,random,random,random,caste,random,caste,caste
608,random,caste,random,random,random,caste,random,caste,caste,caste,caste,random
609,random,caste,caste,random,caste,random,random,random,random,caste,caste,caste
610,random,caste,random,caste,random,random,caste,caste,caste,caste,random,random
611,caste,random,caste,caste,random,caste,caste,random,random,random,caste,random
612,random,caste,caste,random,caste,random,caste,caste,random,random,random,caste
613,caste,caste,random,caste,random,caste,random,random,caste,random,random,caste
614,caste,random,caste,random,random,caste,caste,random,random,caste,caste,random
615,random,random,random,random,caste,random,caste,caste,random,caste,caste,caste
616,caste,random,caste,caste,random,random,caste,caste,caste,random,random,random
617,random,caste,caste,random,caste,random,random,caste,caste,random,caste,random
618,random,random,caste,caste,caste,caste,random,random,caste,random,caste,random
619,random,caste,caste,random,random,random,caste,caste,random,caste,caste,random
620,caste,random,random,caste,random,caste,caste,random,caste,caste,random,random
621,caste,caste,caste,caste,caste,random,random,random,random,random,caste,random
622,random,random,caste,caste,caste,caste,caste,random,caste,random,random,random
623,random,caste,caste,random,random,caste,random,caste,random,caste,random,caste
624,random,caste,caste,random,random,caste,caste,caste,caste,random,random,random
625,caste,random,random,random,caste,caste,random,caste,caste,random,caste,random
626,random,random,caste,caste,caste,caste,random,caste,random,caste,random,random
627,caste,caste,caste,random,random,caste,caste,random,random,caste,random,random
628,random,caste,caste,caste,random,caste,random,caste,random,random,random,caste
629,caste,caste,random,random,caste,caste,random,caste,random,random,caste,random
630,random,caste,caste,random,random,random,caste,caste,caste,random,caste,random
631,caste,random,caste,random,caste,random,caste,caste,random,random,random,caste
632,caste,random,caste,random,caste,random,caste,caste,random,random,caste,random
633,random,caste,caste,random,random,random,caste,caste,random,random,caste,caste
634,random,caste,caste,caste,random,caste,caste,random,random,random,random,caste
635,caste,random,caste,caste,caste,caste,caste,random,random,random,random,random
636,caste,random,caste,caste,random,random,random,caste,random,caste,caste,random
637,random,random,caste,random,caste,caste,caste,random,random,random,caste,caste
638,random,random,caste,caste,caste,random,caste,random,caste,random,caste,random
639,random,caste,random,random,caste,caste,caste,random,caste,random,random,caste
640,caste,random,random,random,caste,random,caste,caste,caste,random,random,caste
641,caste,caste,caste,caste,rotate,rotate,rotate,rotate,caste,rotate,rotate,caste
642,caste,rotate,rotate,rotate,caste,caste,rotate,caste,rotate,caste,caste,rotate
643,rotate,caste,caste,rotate,rotate,caste,rotate,rotate,caste,rotate,caste,caste
644,rotate,caste,caste,caste,caste,rotate,rotate,rotate,caste,caste,rotate,rotate
645,caste,rotate,caste,rotate,caste,caste,caste,rotate,rotate,rotate,caste,rotate
646,rotate,caste,caste,caste,caste,rotate,caste,rotate,rotate,caste,rotate,rotate
647,caste,caste,rotate,rotate,rotate,caste,caste,caste,rotate,caste,rotate,rotate
648,caste,rotate,caste,caste,caste,rotate,caste,rotate,rotate,rotate,rotate,caste
649,caste,rotate,rotate,caste,rotate,caste,caste,caste,caste,rotate,rotate,rotate
650,caste,rotate,caste,rotate,caste,caste,rotate,rotate,rotate,rotate,caste,caste
651,rotate,caste,rotate,rotate,caste,rotate,rotate,caste,caste,caste,rotate,caste
652,caste,rotate,rotate,caste,rotate,caste,rotate,rotate,caste,caste,caste,rotate
653,rotate,rotate,caste,rotate,caste,rotate,caste,caste,rotate,caste,caste,rotate
654,rotate,caste,rotate,caste,caste,rotate,rotate,caste,caste,rotate,rotate,caste
655,caste,caste,caste,caste,rotate,caste,rotate,rotate,caste,rotate,rotate,rotate
656,rotate,caste,rotate,rotate,caste,caste,rotate,rotate,rotate,caste,caste,caste
657,caste,rotate,rotate,caste,rotate,caste,caste,rotate,rotate,caste,rotate,caste
658,caste,caste,rotate,rotate,rotate,rotate,caste,caste,rotate,caste,rotate,caste
659,caste,rotate,rotate,caste,caste,caste,rotate,rotate,caste,rotate,rotate,caste
660,rotate,caste,caste,rotate,caste,rotate,rotate,caste,rotate,rotate,caste,caste
661,rotate,rotate,rotate,rotate,rotate,caste,caste,caste,caste,caste,rotate,caste
662,caste,caste,rotate,rotate,rotate,rotate,rotate,caste,rotate,caste,caste,caste
663,caste,rotate,rotate,caste,caste,rotate,caste,rotate,caste,rotate,caste,rotate
664,caste,rotate,rotate,caste,caste,rotate,rotate,rotate,rotate,caste,caste,caste
665,rotate,caste,caste,caste,rotate,rotate,caste,rotate,rotate,caste,rotate,caste
666,caste,caste,rotate,rotate,rotate,rotate,caste,rotate,caste,rotate,caste,caste
667,rotate,rotate,rotate,caste,caste,rotate,rotate,caste,caste,rotate,caste,caste
668,caste,rotate,rotate,rotate,caste,rotate,caste,rotate,caste,caste,caste,rotate
669,rotate,rotate,caste,caste,rotate,rotate,caste,rotate,caste,caste,rotate,caste
670,caste,rotate,rotate,caste,caste,caste,rotate,rotate,rotate,caste,rotate,caste
671,rotate,caste,rotate,caste,rotate,caste,rotate,rotate,caste,caste,caste,rotate
672,rotate,caste,rotate,caste,rotate,caste,rotate,rotate,caste,caste,rotate,caste
673,caste,rotate,rotate,caste,caste,caste,rotate,rotate,caste,caste,rotate,rotate
674,caste,rotate,rotate,rotate,caste,rotate,rotate,caste,caste,caste,caste,rotate
675,rotate,caste,rotate,rotate,rotate,rotate,rotate,caste,caste,caste,caste,caste
676,rotate,caste,rotate,rotate,caste,caste,caste,rotate,caste,rotate,rotate,caste
677,caste,caste,rotate,caste,rotate,rotate,rotate,caste,caste,caste,rotate,rotate
678,caste,caste,rotate,rotate,rotate,caste,rotate,caste,rotate,caste,rotate,caste
679,caste,rotate,caste,caste,rotate,rotate,rotate,caste,rotate,caste,caste,rotate
680,rotate,caste,caste,caste,rotate,caste,rotate,rotate,rotate,caste,caste,rotate
681,random3,random3,random3,random3,caste,caste,caste,caste,random3,caste,caste,random3
682,random3,caste,caste,caste,random3,random3,caste,random3,caste,random3,random3,caste
683,caste,random3,random3,caste,caste,random3,caste,caste,random3,caste,random3,random3
684,caste,random3,random3,random3,random3,caste,caste,caste,random3,random3,caste,caste
685,random3,caste,random3,caste,random3,random3,random3,caste,caste,caste,random3,caste
686,caste,random3,random3,random3,random3,caste,random3,caste,caste,random3,caste,caste
687,random3,random3,caste,caste,caste,random3,random3,random3,caste,random3,caste,caste
688,random3,caste,random3,random3,random3,caste,random3,caste,caste,caste,caste,random3
689,random3,caste,caste,random3,caste,random3,random3,random3,random3,caste,caste,caste
690,random3,caste,random3,caste,random3,random3,caste,caste,caste,caste,random3,random3
691,caste,random3,caste,caste,random3,caste,caste,random3,random3,random3,caste,random3
692,random3,caste,caste,random3,caste,random3,caste,caste,random3,random3,random3,caste
693,caste,caste,random3,caste,random3,caste,random3,random3,caste,random3,random3,caste
694,caste,random3,caste,random3,random3,caste,caste,random3,random3,caste,caste,random3
695,random3,random3,random3,random3,caste,random3,caste,caste,random3,caste,caste,caste
696,caste,random3,caste,caste,random3,random3,caste,caste,caste,random3,random3,random3
697,random3,caste,caste,random3,caste,random3,random3,caste,caste,random3,caste,random3
698,random3,random3,caste,caste,caste,caste,random3,random3,caste,random3,caste,random3
699,random3,caste,caste,random3,random3,random3,caste,caste,random3,caste,caste,random3
700,caste,random3,random3,caste,random3,caste,caste,random3,caste,caste,random3,random3
701,caste,caste,caste,caste,caste,random3,random3,random3,random3,random3,caste,random3
702,random3,random3,caste,caste,caste,caste,caste,random3,caste,random3,random3,random3
703,random3,caste,caste,random3,random3,caste,random3,caste,random3,caste,random3,caste
704,random3,caste,caste,random3,random3,caste,caste,caste,caste,random3,random3,random3
705,caste,random3,random3,random3,caste,caste,random3,caste,caste,random3,caste,random3
706,random3,random3,caste,caste,caste,caste,random3,caste,random3,caste,random3,random3
707,caste,caste,caste,random3,random3,caste,caste,random3,random3,caste,random3,random3
708,random3,caste,caste,caste,random3,caste,random3,caste,random3,random3,random3,caste
709,caste,caste,random3,random3,caste,caste,random3,caste,random3,random3,caste,random3
710,random3,caste,caste,random3,random3,random3,caste,caste,caste,random3,caste,random3
711,caste,random3,caste,random3,caste,random3,caste,caste,random3,random3,random3,caste
712,caste,random3,caste,random3,caste,random3,caste,caste,random3,random3,caste,random3
713,random3,caste,caste,random3,random3,random3,caste,caste,random3,random3,caste,caste
714,random3,caste,caste,caste,random3,caste,caste,random3,random3,random3,random3,caste
715,caste,random3,caste,caste,caste,caste,caste,random3,random3,random3,random3,random3
716,caste,random3,caste,caste,random3,random3,random3,caste,random3,caste,caste,random3
717,random3,random3,caste,random3,caste,caste,caste,random3,random3,random3,caste,caste
718,random3,random3,caste,caste,caste,random3,caste,random3,caste,random3,caste,random3
719,random3,caste,random3,random3,caste,caste,caste,random3,caste,random3,random3,caste
720,caste,random3,random3,random3,caste,random3,caste,caste,caste,random3,random3,caste
721,radicaleq,radicaleq,radicaleq,radicaleq,caste,caste,caste,caste,radicaleq,caste,caste,radicaleq
722,radicaleq,caste,caste,caste,radicaleq,radicaleq,caste,radicaleq,caste,radicaleq,radicaleq,caste
723,caste,radicaleq,radicaleq,caste,caste,radicaleq,caste,caste,radicaleq,caste,radicaleq,radicaleq
724,caste,radicaleq,radicaleq,radicaleq,radicaleq,caste,caste,caste,radicaleq,radicaleq,caste,caste
725,radicaleq,caste,radicaleq,caste,radicaleq,radicaleq,radicaleq,caste,caste,caste,radicaleq,caste
726,caste,radicaleq,radicaleq,radicaleq,radicaleq,caste,radicaleq,caste,caste,radicaleq,caste,caste
727,radicaleq,radicaleq,caste,caste,caste,radicaleq,radicaleq,radicaleq,caste,radicaleq,caste,caste
728,radicaleq,caste,radicaleq,radicaleq,radicaleq,caste,radicaleq,caste,caste,caste,caste,radicaleq
729,radicaleq,caste,caste,radicaleq,caste,radicaleq,radicaleq,radicaleq,radicaleq,caste,caste,caste
730,radicaleq,caste,radicaleq,caste,radicaleq,radicaleq,caste,caste,caste,caste,radicaleq,radicaleq
731,caste,radicaleq,caste,caste,radicaleq,caste,caste,radicaleq,radicaleq,radicaleq,caste,radicaleq
732,radicaleq,caste,caste,radicaleq,caste,radicaleq,caste,caste,radicaleq,radicaleq,radicaleq,caste
733,caste,caste,radicaleq,caste,radicaleq,caste,radicaleq,radicaleq,caste,radicaleq,radicaleq,caste
734,caste,radicaleq,caste,radicaleq,radicaleq,caste,caste,radicaleq,radicaleq,caste,caste,radicaleq
735,radicaleq,radicaleq,radicaleq,radicaleq,caste,radicaleq,caste,caste,radicaleq,caste,caste,caste
736,caste,radicaleq,caste,caste,radicaleq,radicaleq,caste,caste,caste,radicaleq,radicaleq,radicaleq
737,radicaleq,caste,caste,radicaleq,caste,radicaleq,radicaleq,caste,caste,radicaleq,caste,radicaleq
738,radicaleq,radicaleq,caste,caste,caste,caste,radicaleq,radicaleq,caste,radicaleq,caste,radicaleq
739,radicaleq,caste,caste,radicaleq,radicaleq,radicaleq,caste,caste,radicaleq,caste,caste,radicaleq
740,caste,radicaleq,radicaleq,caste,radicaleq,caste,caste,radicaleq,caste,caste,radicaleq,radicaleq
741,caste,caste,caste,caste,caste,radicaleq,radicaleq,radicaleq,radicaleq,radicaleq,caste,radicaleq
742,radicaleq,radicaleq,caste,caste,caste,caste,caste,radicaleq,caste,radicaleq,radicaleq,radicaleq
743,radicaleq,caste,caste,radicaleq,radicaleq,caste,radicaleq,caste,radicaleq,caste,radicaleq,caste
744,radicaleq,caste,caste,radicaleq,radicaleq,caste,caste,caste,caste,radicaleq,radicaleq,radicaleq
745,caste,radicaleq,radicaleq,radicaleq,caste,caste,radicaleq,caste,caste,radicaleq,caste,radicaleq
746,radicaleq,radicaleq,caste,caste,caste,caste,radicaleq,caste,radicaleq,caste,radicaleq,radicaleq
747,caste,caste,caste,radicaleq,radicaleq,caste,caste,radicaleq,radicaleq,caste,radicaleq,radicaleq
748,radicaleq,caste,caste,caste,radicaleq,caste,radicaleq,caste,radicaleq,radicaleq,radicaleq,caste
749,caste,caste,radicaleq,radicaleq,caste,caste,radicaleq,caste,radicaleq,radicaleq,caste,radicaleq
750,radicaleq,caste,caste,radicaleq,radicaleq,radicaleq,caste,caste,caste,radicaleq,caste,radicaleq
751,caste,radicaleq,caste,radicaleq,caste,radicaleq,caste,caste,radicaleq,radicaleq,radicaleq,caste
752,caste,radicaleq,caste,radicaleq,caste,radicaleq,caste,caste,radicaleq,radicaleq,caste,radicaleq
753,radicaleq,caste,caste,radicaleq,radicaleq,radicaleq,caste,caste,radicaleq,radicaleq,caste,caste
754,radicaleq,caste,caste,caste,radicaleq,caste,caste,radicaleq,radicaleq,radicaleq,radicaleq,caste
755,caste,radicaleq,caste,caste,caste,caste,caste,radicaleq,radicaleq,radicaleq,radicaleq,radicaleq
756,caste,radicaleq,caste,caste,radicaleq,radicaleq,radicaleq,caste,radicaleq,caste,caste,radicaleq
757,radicaleq,radicaleq,caste,radicaleq,caste,caste,caste,radicaleq,radicaleq,radicaleq,caste,caste
758,radicaleq,radicaleq,caste,caste,caste,radicaleq,caste,radicaleq,caste,radicaleq,caste,radicaleq
759,radicaleq,caste,radicaleq,radicaleq,caste,caste,caste,radicaleq,caste,radicaleq,radicaleq,caste
760,caste,radicaleq,radicaleq,radicaleq,caste,radicaleq,caste,caste,caste,radicaleq,radicaleq,caste
761,caste,caste,caste,caste,rotate0,rotate0,rotate0,rotate0,caste,rotate0,rotate0,caste
762,caste,rotate0,rotate0,rotate0,caste,caste,rotate0,caste,rotate0,caste,caste,rotate0
763,rotate0,caste,caste,rotate0,rotate0,caste,rotate0,rotate0,caste,rotate0,caste,caste
764,rotate0,caste,caste,caste,caste,rotate0,rotate0,rotate0,caste,caste,rotate0,rotate0
765,caste,rotate0,caste,rotate0,caste,caste,caste,rotate0,rotate0,rotate0,caste,rotate0
766,rotate0,caste,caste,caste,caste,rotate0,caste,rotate0,rotate0,caste,rotate0,rotate0
767,caste,caste,rotate0,rotate0,rotate0,caste,caste,caste,rotate0,caste,rotate0,rotate0
768,caste,rotate0,caste,caste,caste,rotate0,caste,rotate0,rotate0,rotate0,rotate0,caste
769,caste,rotate0,rotate0,caste,rotate0,caste,caste,caste,caste,rotate0,rotate0,rotate0
770,caste,rotate0,caste,rotate0,caste,caste,rotate0,rotate0,rotate0,rotate0,caste,caste
771,rotate0,caste,rotate0,rotate0,caste,rotate0,rotate0,caste,caste,caste,rotate0,caste
772,caste,rotate0,rotate0,caste,rotate0,caste,rotate0,rotate0,caste,caste,caste,rotate0
773,rotate0,rotate0,caste,rotate0,caste,rotate0,caste,caste,rotate0,caste,caste,rotate0
774,rotate0,caste,rotate0,caste,caste,rotate0,rotate0,caste,caste,rotate0,rotate0,caste
775,caste,caste,caste,caste,rotate0,caste,rotate0,rotate0,caste,rotate0,rotate0,rotate0
776,rotate0,caste,rotate0,rotate0,caste,caste,rotate0,rotate0,rotate0,caste,caste,caste
777,caste,rotate0,rotate0,caste,rotate0,caste,caste,rotate0,rotate0,caste,rotate0,caste
778,caste,caste,rotate0,rotate0,rotate0,rotate0,caste,caste,rotate0,caste,rotate0,caste
779,caste,rotate0,rotate0,caste,caste,caste,rotate0,rotate0,caste,rotate0,rotate0,caste
780,rotate0,caste,caste,rotate0,caste,rotate0,rotate0,caste,rotate0,rotate0,caste,caste
781,rotate0,rotate0,rotate0,rotate0,rotate0,caste,caste,caste,caste,caste,rotate0,caste
782,caste,caste,rotate0,rotate0,rotate0,rotate0,rotate0,caste,rotate0,caste,caste,caste
783,caste,rotate0,rotate0,caste,caste,rotate0,caste,rotate0,caste,rotate0,caste,rotate0
784,caste,rotate0,rotate0,caste,caste,rotate0,rotate0,rotate0,rotate0,caste,caste,caste
785,rotate0,caste,caste,caste,rotate0,rotate0,caste,rotate0,rotate0,caste,rotate0,caste
786,caste,caste,rotate0,rotate0,rotate0,rotate0,caste,rotate0,caste,rotate0,caste,caste
787,rotate0,rotate0,rotate0,caste,caste,rotate0,rotate0,caste,caste,rotate0,caste,caste
788,caste,rotate0,rotate0,rotate0,caste,rotate0,caste,rotate0,caste,caste,caste,rotate0
789,rotate0,rotate0,caste,caste,rotate0,rotate0,caste,rotate0,caste,caste,rotate0,caste
790,caste,rotate0,rotate0,caste,caste,caste,rotate0,rotate0,rotate0,caste,rotate0,caste
791,rotate0,caste,rotate0,caste,rotate0,caste,rotate0,rotate0,caste,caste,caste,rotate0
792,rotate0,caste,rotate0,caste,rotate0,caste,rotate0,rotate0,caste,caste,rotate0,caste
793,caste,rotate0,rotate0,caste,caste,caste,rotate0,rotate0,caste,caste,rotate0,rotate0
794,caste,rotate0,rotate0,rotate0,caste,rotate0,rotate0,caste,caste,caste,caste,rotate0
795,rotate0,caste,rotate0,rotate0,rotate0,rotate0,rotate0,caste,caste,caste,caste,caste
796,rotate0,caste,rotate0,rotate0,caste,caste,caste,rotate0,caste,rotate0,rotate0,caste
797,caste,caste,rotate0,caste,rotate0,rotate0,rotate0,caste,caste,caste,rotate0,rotate0
798,caste,caste,rotate0,rotate0,rotate0,caste,rotate0,caste,rotate0,caste,rotate0,caste
799,caste,rotate0,caste,caste,rotate0,rotate0,rotate0,caste,rotate0,caste,caste,rotate0
800,rotate0,caste,caste,caste,rotate0,caste,rotate0,rotate0,rotate0,caste,caste,rotate0
801,caste,caste,caste,caste,caste,caste,caste,caste,caste,caste,caste,caste
802,caste,caste,caste,caste,caste,caste,caste,caste,caste,caste,caste,caste
803,caste,caste,caste,caste,caste,caste,caste,caste,caste,caste,caste,caste
804,caste,caste,caste,caste,caste,caste,caste,caste,caste,caste,caste,caste
805,caste,caste,caste,caste,caste,caste,caste,caste,caste,caste,caste,caste
806,caste,caste,caste,caste,caste,caste,caste,caste,caste,caste,caste,caste
807,caste,caste,caste,caste,caste,caste,caste,caste,caste,caste,caste,caste
808,caste,caste,caste,caste,caste,caste,caste,caste,caste,caste,caste,caste
809,caste,caste,caste,caste,caste,caste,caste,caste,caste,caste,caste,caste
810,caste,caste,caste,caste,caste,caste,caste,caste,caste,caste,caste,caste
811,caste,caste,caste,caste,caste,caste,caste,caste,caste,caste,caste,caste
812,caste,caste,caste,caste,caste,caste,caste,caste,caste,caste,caste,caste
813,caste,caste,caste,caste,caste,caste,caste,caste,caste,caste,caste,caste
814,caste,caste,caste,caste,caste,caste,caste,caste,caste,caste,caste,caste
815,caste,caste,caste,caste,caste,caste,caste,caste,caste,caste,caste,caste
816,caste,caste,caste,caste,caste,caste,caste,caste,caste,caste,caste,caste
817,caste,caste,caste,caste,caste,caste,caste,caste,caste,caste,caste,caste
818,caste,caste,caste,caste,caste,caste,caste,caste,caste,caste,caste,caste
819,caste,caste,caste,caste,caste,caste,caste,caste,caste,caste,caste,caste
820,caste,caste,caste,caste,caste,caste,caste,caste,caste,caste,caste,caste
821,caste,caste,caste,caste,caste,caste,caste,caste,caste,caste,caste,caste
822,caste,caste,caste,caste,caste,caste,caste,caste,caste,caste,caste,caste
823,caste,caste,caste,caste,caste,caste,caste,caste,caste,caste,caste,caste
824,caste,caste,caste,caste,caste,caste,caste,caste,caste,caste,caste,caste
825,caste,caste,caste,caste,caste,caste,caste,caste,caste,caste,caste,caste
826,caste,caste,caste,caste,caste,caste,caste,caste,caste,caste,caste,caste
827,caste,caste,caste,caste,caste,caste,caste,caste,caste,caste,caste,caste
828,caste,caste,caste,caste,caste,caste,caste,caste,caste,caste,caste,caste
829,caste,caste,caste,caste,caste,caste,caste,caste,caste,caste,caste,caste
830,caste,caste,caste,caste,caste,caste,caste,caste,caste,caste,caste,caste
831,caste,caste,caste,caste,caste,caste,caste,caste,caste,caste,caste,caste
832,caste,caste,caste,caste,caste,caste,caste,caste,caste,caste,caste,caste
833,caste,caste,caste,caste,caste,caste,caste,caste,caste,caste,caste,caste
834,caste,caste,caste,caste,caste,caste,caste,caste,caste,caste,caste,caste
835,caste,caste,caste,caste,caste,caste,caste,caste,caste,caste,caste,caste
836,caste,caste,caste,caste,caste,caste,caste,caste,caste,caste,caste,caste
837,caste,caste,caste,caste,caste,caste,caste,caste,caste,caste,caste,caste
838,caste,caste,caste,caste,caste,caste,caste,caste,caste,caste,caste,caste
839,caste,caste,caste,caste,caste,caste,caste,caste,caste,caste,caste,caste
840,caste,caste,caste,caste,caste,caste,caste,caste,caste,caste,caste,caste
841,random,random,random,random,equalize,equalize,equalize,equalize,random,equalize,equalize,random
842,random,equalize,equalize,equalize,random,random,equalize,random,equalize,random,random,equalize
843,equalize,random,random,equalize,equalize,random,equalize,equalize,random,equalize,random,random
844,equalize,random,random,random,random,equalize,equalize,equalize,random,random,equalize,equalize
845,random,equalize,random,equalize,random,random,random,equalize,equalize,equalize,random,equalize
846,equalize,random,random,random,random,equalize,random,equalize,equalize,random,equalize,equalize
847,random,random,equalize,equalize,equalize,random,random,random,equalize,random,equalize,equalize
848,random,equalize,random,random,random,equalize,random,equalize,equalize,equalize,equalize,random
849,random,equalize,equalize,random,equalize,random,random,random,random,equalize,equalize,equalize
850,random,equalize,random,equalize,random,random,equalize,equalize,equalize,equalize,random,random
851,equalize,random,equalize,equalize,random,equalize,equalize,random,random,random,equalize,random
852,random,equalize,equalize,random,equalize,random,equalize,equalize,random,random,random,equalize
853,equalize,equalize,random,equalize,random,equalize,random,random,equalize,random,random,equalize
854,equalize,random,equalize,random,random,equalize,equalize,random,random,equalize,equalize,random
855,random,random,random,random,equalize,random,equalize,equalize,random,equalize,equalize,equalize
856,equalize,random,equalize,equalize,random,random,equalize,equalize,equalize,random,random,random
857,random,equalize,equalize,random,equalize,random,random,equalize,equalize,random,equalize,random
858,random,random,equalize,equalize,equalize,equalize,random,random,equalize,random,equalize,random
859,random,equalize,equalize,random,random,random,equalize,equalize,random,equalize,equalize,random
860,equalize,random,random,equalize,random,equalize,equalize,random,equalize,equalize,random,random
861,equalize,equalize,equalize,equalize,equalize,random,random,random,random,random,equalize,random
862,random,random,equalize,equalize,equalize,equalize,equalize,random,equalize,random,random,random
863,random,equalize,equalize,random,random,equalize,random,equalize,random,equalize,random,equalize
864,random,equalize,equalize,random,random,equalize,equalize,equalize,equalize,random,random,random
865,equalize,random,random,random,equalize,equalize,random,equalize,equalize,random,equalize,random
866,random,random,equalize,equalize,equalize,equalize,random,equalize,random,equalize,random,random
867,equalize,equalize,equalize,random,random,equalize,equalize,random,random,equalize,random,random
868,random,equalize,equalize,equalize,random,equalize,random,equalize,random,random,random,equalize
869,equalize,equalize,random,random,equalize,equalize,random,equalize,random,random,equalize,random
870,random,equalize,equalize,random,random,random,equalize,equalize,equalize,random,equalize,random
871,equalize,random,equalize,random,equalize,random,equalize,equalize,random,random,random,equalize
872,equalize,random,equalize,random,equalize,random,equalize,equalize,random,random,equalize,random
873,random,equalize,equalize,random,random,random,equalize,equalize,random,random,equalize,equalize
874,random,equalize,equalize,equalize,random,equalize,equalize,random,random,random,random,equalize
875,equalize,random,equalize,equalize,equalize,equalize,equalize,random,random,random,random,random
876,equalize,random,equalize,equalize,random,random,random,equalize,random,equalize,equalize,random
877,random,random,equalize,random,equalize,equalize,equalize,random,random,random,equalize,equalize
878,random,random,equalize,equalize,equalize,random,equalize,random,equalize,random,equalize,random
879,random,equalize,random,random,equalize,equalize,equalize,random,equalize,random,random,equalize
880,equalize,random,random,random,equalize,random,equalize,equalize,equalize,random,random,equalize
881,rotate,rotate,rotate,rotate,equalize,equalize,equalize,equalize,rotate,equalize,equalize,rotate
882,equalize,rotate,rotate,rotate,equalize,equalize,rotate,equalize,rotate,equalize,equalize,rotate
883,rotate,equalize,equalize,rotate,rotate,equalize,rotate,rotate,equalize,rotate,equalize,equalize
884,rotate,equalize,equalize,equalize,equalize,rotate,rotate,rotate,equalize,equalize,rotate,rotate
885,equalize,rotate,equalize,rotate,equalize,equalize,equalize,rotate,rotate,rotate,equalize,rotate
886,rotate,equalize,equalize,equalize,equalize,rotate,equalize,rotate,rotate,equalize,rotate,rotate
887,equalize,equalize,rotate,rotate,rotate,equalize,equalize,equalize,rotate,equalize,rotate,rotate
888,equalize,rotate,equalize,equalize,equalize,rotate,equalize,rotate,rotate,rotate,rotate,equalize
889,equalize,rotate,rotate,equalize,rotate,equalize,equalize,equalize,equalize,rotate,rotate,rotate
890,equalize,rotate,equalize,rotate,equalize,equalize,rotate,rotate,rotate,rotate,equalize,equalize
891,rotate,equalize,rotate,rotate,equalize,rotate,rotate,equalize,equalize,equalize,rotate,equalize
892,equalize,rotate,rotate,equalize,rotate,equalize,rotate,rotate,equalize,equalize,equalize,rotate
893,rotate,rotate,equalize,rotate,equalize,rotate,equalize,equalize,rotate,equalize,equalize,rotate
894,rotate,equalize,rotate,equalize,equalize,rotate,rotate,equalize,equalize,rotate,rotate,equalize
895,equalize,equalize,equalize,equalize,rotate,equalize,rotate,rotate,equalize,rotate,rotate,rotate
896,rotate,equalize,rotate,rotate,equalize,equalize,rotate,rotate,rotate,equalize,equalize,equalize
897,equalize,rotate,rotate,equalize,rotate,equalize,equalize,rotate,rotate,equalize,rotate,equalize
898,equalize,equalize,rotate,rotate,rotate,rotate,equalize,equalize,rotate,equalize,rotate,equalize
899,equalize,rotate,rotate,equalize,equalize,equalize,rotate,rotate,equalize,rotate,rotate,equalize
900,rotate,equalize,equalize,rotate,equalize,rotate,rotate,equalize,rotate,rotate,equalize,equalize
901,rotate,rotate,rotate,rotate,rotate,equalize,equalize,equalize,equalize,equalize,rotate,equalize
902,equalize,equalize,rotate,rotate,rotate,rotate,rotate,equalize,rotate,equalize,equalize,equalize
903,equalize,rotate,rotate,equalize,equalize,rotate,equalize,rotate,equalize,rotate,equalize,rotate
904,equalize,rotate,rotate,equalize,equalize,rotate,rotate,rotate,rotate,equalize,equalize,equalize
905,rotate,equalize,equalize,equalize,rotate,rotate,equalize,rotate,rotate,equalize,rotate,equalize
906,equalize,equalize,rotate,rotate,rotate,rotate,equalize,rotate,equalize,rotate,equalize,equalize
907,rotate,rotate,rotate,equalize,equalize,rotate,rotate,equalize,equalize,rotate,equalize,equalize
908,equalize,rotate,rotate,rotate,equalize,rotate,equalize,rotate,equalize,equalize,equalize,rotate
909,rotate,rotate,equalize,equalize,rotate,rotate,equalize,rotate,equalize,equalize,rotate,equalize
910,equalize,rotate,rotate,equalize,equalize,equalize,rotate,rotate,rotate,equalize,rotate,equalize
911,rotate,equalize,rotate,equalize,rotate,equalize,rotate,rotate,equalize,equalize,equalize,rotate
912,rotate,equalize,rotate,equalize,rotate,equalize,rotate,rotate,equalize,equalize,rotate,equalize
913,equalize,rotate,rotate,equalize,equalize,equalize,rotate,rotate,equalize,equalize,rotate,rotate
914,equalize,rotate,rotate,rotate,equalize,rotate,rotate,equalize,equalize,equalize,equalize,rotate
915,rotate,equalize,rotate,rotate,rotate,rotate,rotate,equalize,equalize,equalize,equalize,equalize
916,rotate,equalize,rotate,rotate,equalize,equalize,equalize,rotate,equalize,rotate,rotate,equalize
917,equalize,equalize,rotate,equalize,rotate,rotate,rotate,equalize,equalize,equalize,rotate,rotate
918,equalize,equalize,rotate,rotate,rotate,equalize,rotate,equalize,rotate,equalize,rotate,equalize
919,equalize,rotate,equalize,equalize,rotate,rotate,rotate,equalize,rotate,equalize,equalize,rotate
920,rotate,equalize,equalize,equalize,rotate,equalize,rotate,rotate,rotate,equalize,equalize,rotate
921,random3,random3,random3,random3,equalize,equalize,equalize,equalize,random3,equalize,equalize,random3
922,random3,equalize,equalize,equalize,random3,random3,equalize,random3,equalize,random3,random3,equalize
923,equalize,random3,random3,equalize,equalize,random3,equalize,equalize,random3,equalize,random3,random3
924,equalize,random3,random3,random3,random3,equalize,equalize,equalize,random3,random3,equalize,equalize
925,random3,equalize,random3,equalize,random3,random3,random3,equalize,equalize,equalize,random3,equalize
926,equalize,random3,random3,random3,random3,equalize,random3,equalize,equalize,random3,equalize,equalize
927,random3,random3,equalize,equalize,equalize,random3,random3,random3,equalize,random3,equalize,equalize
928,random3,equalize,random3,random3,random3,equalize,random3,equalize,equalize,equalize,equalize,random3
929,random3,equalize,equalize,random3,equalize,random3,random3,random3,random3,equalize,equalize,equalize
930,random3,equalize,random3,equalize,random3,random3,equalize,equalize,equalize,equalize,random3,random3
931,equalize,random3,equalize,equalize,random3,equalize,equalize,random3,random3,random3,equalize,random3
932,random3,equalize,equalize,random3,equalize,random3,equalize,equalize,random3,random3,random3,equalize
933,equalize,equalize,random3,equalize,random3,equalize,random3,random3,equalize,random3,random3,equalize
934,equalize,random3,equalize,random3,random3,equalize,equalize,random3,random3,equalize,equalize,random3
935,random3,random3,random3,random3,equalize,random3,equalize,equalize,random3,equalize,equalize,equalize
936,equalize,random3,equalize,equalize,random3,random3,equalize,equalize,equalize,random3,random3,random3
937,random3,equalize,equalize,random3,equalize,random3,random3,equalize,equalize,random3,equalize,random3
938,random3,random3,equalize,equalize,equalize,equalize,random3,random3,equalize,random3,equalize,random3
939,random3,equalize,equalize,random3,random3,random3,equalize,equalize,random3,equalize,equalize,random3
940,equalize,random3,random3,equalize,random3,equalize,equalize,random3,equalize,equalize,random3,random3
941,equalize,equalize,equalize,equalize,equalize,random3,random3,random3,random3,random3,equalize,random3
942,random3,random3,equalize,equalize,equalize,equalize,equalize,random3,equalize,random3,random3,random3
943,random3,equalize,equalize,random3,random3,equalize,random3,equalize,random3,equalize,random3,equalize
944,random3,equalize,equalize,random3,random3,equalize,equalize,equalize,equalize,random3,random3,random3
945,equalize,random3,random3,random3,equalize,equalize,random3,equalize,equalize,random3,equalize,random3
946,random3,random3,equalize,equalize,equalize,equalize,random3,equalize,random3,equalize,random3,random3
947,equalize,equalize,equalize,random3,random3,equalize,equalize,random3,random3,equalize,random3,random3
948,random3,equalize,equalize,equalize,random3,equalize,random3,equalize,random3,random3,random3,equalize
949,equalize,equalize,random3,random3,equalize,equalize,random3,equalize,random3,random3,equalize,random3
950,random3,equalize,equalize,random3,random3,random3,equalize,equalize,equalize,random3,equalize,random3
951,equalize,random3,equalize,random3,equalize,random3,equalize,equalize,random3,random3,random3,equalize
952,equalize,random3,equalize,random3,equalize,random3,equalize,equalize,random3,random3,equalize,random3
953,random3,equalize,equalize,random3,random3,random3,equalize,equalize,random3,random3,equalize,equalize
954,random3,equalize,equalize,equalize,random3,equalize,equalize,random3,random3,random3,random3,equalize
955,equalize,random3,equalize,equalize,equalize,equalize,equalize,random3,random3,random3,random3,random3
956,equalize,random3,equalize,equalize,random3,random3,random3,equalize,random3,equalize,equalize,random3
957,random3,random3,equalize,random3,equalize,equalize,equalize,random3,random3,random3,equalize,equalize
958,random3,random3,equalize,equalize,equalize,random3,equalize,random3,equalize,random3,equalize,random3
959,random3,equalize,random3,random3,equalize,equalize,equalize,random3,equalize,random3,random3,equalize
960,equalize,random3,random3,random3,equalize,random3,equalize,equalize,equalize,random3,random3,equalize
961,radicaleq,radicaleq,radicaleq,radicaleq,equalize,equalize,equalize,equalize,radicaleq,equalize,equalize,radicaleq
962,radicaleq,equalize,equalize,equalize,radicaleq,radicaleq,equalize,radicaleq,equalize,radicaleq,radicaleq,equalize
963,equalize,radicaleq,radicaleq,equalize,equalize,radicaleq,equalize,equalize,radicaleq,equalize,radicaleq,radicaleq
964,equalize,radicaleq,radicaleq,radicaleq,radicaleq,equalize,equalize,equalize,radicaleq,radicaleq,equalize,equalize
965,radicaleq,equalize,radicaleq,equalize,radicaleq,radicaleq,radicaleq,equalize,equalize,equalize,radicaleq,equalize
966,equalize,radicaleq,radicaleq,radicaleq,radicaleq,equalize,radicaleq,equalize,equalize,radicaleq,equalize,equalize
967,radicaleq,radicaleq,equalize,equalize,equalize,radicaleq,radicaleq,radicaleq,equalize,radicaleq,equalize,equalize
968,radicaleq,equalize,radicaleq,radicaleq,radicaleq,equalize,radicaleq,equalize,equalize,equalize,equalize,radicaleq
969,radicaleq,equalize,equalize,radicaleq,equalize,radicaleq,radicaleq,radicaleq,radicaleq,equalize,equalize,equalize
970,radicaleq,equalize,radicaleq,equalize,radicaleq,radicaleq,equalize,equalize,equalize,equalize,radicaleq,radicaleq
971,equalize,radicaleq,equalize,equalize,radicaleq,equalize,equalize,radicaleq,radicaleq,radicaleq,equalize,radicaleq
972,radicaleq,equalize,equalize,radicaleq,equalize,radicaleq,equalize,equalize,radicaleq,radicaleq,radicaleq,equalize
973,equalize,equalize,radicaleq,equalize,radicaleq,equalize,radicaleq,radicaleq,equalize,radicaleq,radicaleq,equalize
974,equalize,radicaleq,equalize,radicaleq,radicaleq,equalize,equalize,radicaleq,radicaleq,equalize,equalize,radicaleq
975,radicaleq,radicaleq,radicaleq,radicaleq,equalize,radicaleq,equalize,equalize,radicaleq,equalize,equalize,equalize
976,equalize,radicaleq,equalize,equalize,radicaleq,radicaleq,equalize,equalize,equalize,radicaleq,radicaleq,radicaleq
977,radicaleq,equalize,equalize,radicaleq,equalize,radicaleq,radicaleq,equalize,equalize,radicaleq,equalize,radicaleq
978,radicaleq,radicaleq,equalize,equalize,equalize,equalize,radicaleq,radicaleq,equalize,radicaleq,equalize,radicaleq
979,radicaleq,equalize,equalize,radicaleq,radicaleq,radicaleq,equalize,equalize,radicaleq,equalize,equalize,radicaleq
980,equalize,radicaleq,radicaleq,equalize,radicaleq,equalize,equalize,radicaleq,equalize,equalize,radicaleq,radicaleq
981,equalize,equalize,equalize,equalize,equalize,radicaleq,radicaleq,radicaleq,radicaleq,radicaleq,equalize,radicaleq
982,radicaleq,radicaleq,equalize,equalize,equalize,equalize,equalize,radicaleq,equalize,radicaleq,radicaleq,radicaleq
983,radicaleq,equalize,equalize,radicaleq,radicaleq,equalize,radicaleq,equalize,radicaleq,equalize,radicaleq,equalize
984,radicaleq,equalize,equalize,radicaleq,radicaleq,equalize,equalize,equalize,equalize,radicaleq,radicaleq,radicaleq
985,equalize,radicaleq,radicaleq,radicaleq,equalize,equalize,radicaleq,equalize,equalize,radicaleq,equalize,radicaleq
986,radicaleq,radicaleq,equalize,equalize,equalize,equalize,radicaleq,equalize,radicaleq,equalize,radicaleq,radicaleq
987,equalize,equalize,equalize,radicaleq,radicaleq,equalize,equalize,radicaleq,radicaleq,equalize,radicaleq,radicaleq
988,radicaleq,equalize,equalize,equalize,radicaleq,equalize,radicaleq,equalize,radicaleq,radicaleq,radicaleq,equalize
989,equalize,equalize,radicaleq,radicaleq,equalize,equalize,radicaleq,equalize,radicaleq,radicaleq,equalize,radicaleq
990,radicaleq,equalize,equalize,radicaleq,radicaleq,radicaleq,equalize,equalize,equalize,radicaleq,equalize,radicaleq
991,equalize,radicaleq,equalize,radicaleq,equalize,radicaleq,equalize,equalize,radicaleq,radicaleq,radicaleq,equalize
992,equalize,radicaleq,equalize,radicaleq,equalize,radicaleq,equalize,equalize,radicaleq,radicaleq,equalize,radicaleq
993,radicaleq,equalize,equalize,radicaleq,radicaleq,radicaleq,equalize,equalize,radicaleq,radicaleq,equalize,equalize
994,radicaleq,equalize,equalize,equalize,radicaleq,equalize,equalize,radicaleq,radicaleq,radicaleq,radicaleq,equalize
995,equalize,radicaleq,equalize,equalize,equalize,equalize,equalize,radicaleq,radicaleq,radicaleq,radicaleq,radicaleq
996,equalize,radicaleq,equalize,equalize,radicaleq,radicaleq,radicaleq,equalize,radicaleq,equalize,equalize,radicaleq
997,radicaleq,radicaleq,equalize,radicaleq,equalize,equalize,equalize,radicaleq,radicaleq,radicaleq,equalize,equalize
998,radicaleq,radicaleq,equalize,equalize,equalize,radicaleq,equalize,radicaleq,equalize,radicaleq,equalize,radicaleq
999,radicaleq,equalize,radicaleq,radicaleq,equalize,equalize,equalize,radicaleq,equalize,radicaleq,radicaleq,equalize
1000,equalize,radicaleq,radicaleq,radicaleq,equalize,radicaleq,equalize,equalize,equalize,radicaleq,radicaleq,equalize
1001,equalize,equalize,equalize,equalize,rotate0,rotate0,rotate0,rotate0,equalize,rotate0,rotate0,equalize
1002,equalize,rotate0,rotate0,rotate0,equalize,equalize,rotate0,equalize,rotate0,equalize,equalize,rotate0
1003,rotate0,equalize,equalize,rotate0,rotate0,equalize,rotate0,rotate0,equalize,rotate0,equalize,equalize
1004,rotate0,equalize,equalize,equalize,equalize,rotate0,rotate0,rotate0,equalize,equalize,rotate0,rotate0
1005,equalize,rotate0,equalize,rotate0,equalize,equalize,equalize,rotate0,rotate0,rotate0,equalize,rotate0
1006,rotate0,equalize,equalize,equalize,equalize,rotate0,equalize,rotate0,rotate0,equalize,rotate0,rotate0
1007,equalize,equalize,rotate0,rotate0,rotate0,equalize,equalize,equalize,rotate0,equalize,rotate0,rotate0
1008,equalize,rotate0,equalize,equalize,equalize,rotate0,equalize,rotate0,rotate0,rotate0,rotate0,equalize
1009,equalize,rotate0,rotate0,equalize,rotate0,equalize,equalize,equalize,equalize,rotate0,rotate0,rotate0
1010,equalize,rotate0,equalize,rotate0,equalize,equalize,rotate0,rotate0,rotate0,rotate0,equalize,equalize
1011,rotate0,equalize,rotate0,rotate0,equalize,rotate0,rotate0,equalize,equalize,equalize,rotate0,equalize
1012,equalize,rotate0,rotate0,equalize,rotate0,equalize,rotate0,rotate0,equalize,equalize,equalize,rotate0
1013,rotate0,rotate0,equalize,rotate0,equalize,rotate0,equalize,equalize,rotate0,equalize,equalize,rotate0
1014,rotate0,equalize,rotate0,equalize,equalize,rotate0,rotate0,equalize,equalize,rotate0,rotate0,equalize
1015,equalize,equalize,equalize,equalize,rotate0,equalize,rotate0,rotate0,equalize,rotate0,rotate0,rotate0
1016,rotate0,equalize,rotate0,rotate0,equalize,equalize,rotate0,rotate0,rotate0,equalize,equalize,equalize
1017,equalize,rotate0,rotate0,equalize,rotate0,equalize,equalize,rotate0,rotate0,equalize,rotate0,equalize
1018,equalize,equalize,rotate0,rotate0,rotate0,rotate0,equalize,equalize,rotate0,equalize,rotate0,equalize
1019,equalize,rotate0,rotate0,equalize,equalize,equalize,rotate0,rotate0,equalize,rotate0,rotate0,equalize
1020,rotate0,equalize,equalize,rotate0,equalize,rotate0,rotate0,equalize,rotate0,rotate0,equalize,equalize
1021,rotate0,rotate0,rotate0,rotate0,rotate0,equalize,equalize,equalize,equalize,equalize,rotate0,equalize
1022,equalize,equalize,rotate0,rotate0,rotate0,rotate0,rotate0,equalize,rotate0,equalize,equalize,equalize
1023,equalize,rotate0,rotate0,equalize,equalize,rotate0,equalize,rotate0,equalize,rotate0,equalize,rotate0
1024,equalize,rotate0,rotate0,equalize,equalize,rotate0,rotate0,rotate0,rotate0,equalize,equalize,equalize
1025,rotate0,equalize,equalize,equalize,rotate0,rotate0,equalize,rotate0,rotate0,equalize,rotate0,equalize
1026,equalize,equalize,rotate0,rotate0,rotate0,rotate0,equalize,rotate0,equalize,rotate0,equalize,equalize
1027,rotate0,rotate0,rotate0,equalize,equalize,rotate0,rotate0,equalize,equalize,rotate0,equalize,equalize
1028,equalize,rotate0,rotate0,rotate0,equalize,rotate0,equalize,rotate0,equalize,equalize,equalize,rotate0
1029,rotate0,rotate0,equalize,equalize,rotate0,rotate0,equalize,rotate0,equalize,equalize,rotate0,equalize
1030,equalize,rotate0,rotate0,equalize,equalize,equalize,rotate0,rotate0,rotate0,equalize,rotate0,equalize
1031,rotate0,equalize,rotate0,equalize,rotate0,equalize,rotate0,rotate0,equalize,equalize,equalize,rotate0
1032,rotate0,equalize,rotate0,equalize,rotate0,equalize,rotate0,rotate0,equalize,equalize,rotate0,equalize
1033,equalize,rotate0,rotate0,equalize,equalize,equalize,rotate0,rotate0,equalize,equalize,rotate0,rotate0
1034,equalize,rotate0,rotate0,rotate0,equalize,rotate0,rotate0,equalize,equalize,equalize,equalize,rotate0
1035,rotate0,equalize,rotate0,rotate0,rotate0,rotate0,rotate0,equalize,equalize,equalize,equalize,equalize
1036,rotate0,equalize,rotate0,rotate0,equalize,equalize,equalize,rotate0,equalize,rotate0,rotate0,equalize
1037,equalize,equalize,rotate0,equalize,rotate0,rotate0,rotate0,equalize,equalize,equalize,rotate0,rotate0
1038,equalize,equalize,rotate0,rotate0,rotate0,equalize,rotate0,equalize,rotate0,equalize,rotate0,equalize
1039,equalize,rotate0,equalize,equalize,rotate0,rotate0,rotate0,equalize,rotate0,equalize,equalize,rotate0
1040,rotate0,equalize,equalize,equalize,rotate0,equalize,rotate0,rotate0,rotate0,equalize,equalize,rotate0
1041,equalize,equalize,equalize,equalize,caste,caste,caste,caste,equalize,caste,caste,equalize
1042,equalize,caste,caste,caste,equalize,equalize,caste,equalize,caste,equalize,equalize,caste
1043,caste,equalize,equalize,caste,caste,equalize,caste,caste,equalize,caste,equalize,equalize
1044,caste,equalize,equalize,equalize,equalize,caste,caste,caste,equalize,equalize,caste,caste
1045,equalize,caste,equalize,caste,equalize,equalize,equalize,caste,caste,caste,equalize,caste
1046,caste,equalize,equalize,equalize,equalize,caste,equalize,caste,caste,equalize,caste,caste
1047,equalize,equalize,caste,caste,caste,equalize,equalize,equalize,caste,equalize,caste,caste
1048,equalize,caste,equalize,equalize,equalize,caste,equalize,caste,caste,caste,caste,equalize
1049,equalize,caste,caste,equalize,caste,equalize,equalize,equalize,equalize,caste,caste,caste
1050,equalize,caste,equalize,caste,equalize,equalize,caste,caste,caste,caste,equalize,equalize
1051,caste,equalize,caste,caste,equalize,caste,caste,equalize,equalize,equalize,caste,equalize
1052,equalize,caste,caste,equalize,caste,equalize,caste,caste,equalize,equalize,equalize,caste
1053,caste,caste,equalize,caste,equalize,caste,equalize,equalize,caste,equalize,equalize,caste
1054,caste,equalize,caste,equalize,equalize,caste,caste,equalize,equalize,caste,caste,equalize
1055,equalize,equalize,equalize,equalize,caste,equalize,caste,caste,equalize,caste,caste,caste
1056,caste,equalize,caste,caste,equalize,equalize,caste,caste,caste,equalize,equalize,equalize
1057,equalize,caste,caste,equalize,caste,equalize,equalize,caste,caste,equalize,caste,equalize
1058,equalize,equalize,caste,caste,caste,caste,equalize,equalize,caste,equalize,caste,equalize
1059,equalize,caste,caste,equalize,equalize,equalize,caste,caste,equalize,caste,caste,equalize
1060,caste,equalize,equalize,caste,equalize,caste,caste,equalize,caste,caste,equalize,equalize
1061,caste,caste,caste,caste,caste,equalize,equalize,equalize,equalize,equalize,caste,equalize
1062,equalize,equalize,caste,caste,caste,caste,caste,equalize,caste,equalize,equalize,equalize
1063,equalize,caste,caste,equalize,equalize,caste,equalize,caste,equalize,caste,equalize,caste
1064,equalize,caste,caste,equalize,equalize,caste,caste,caste,caste,equalize,equalize,equalize
1065,caste,equalize,equalize,equalize,caste,caste,equalize,caste,caste,equalize,caste,equalize
1066,equalize,equalize,caste,caste,caste,caste,equalize,caste,equalize,caste,equalize,equalize
1067,caste,caste,caste,equalize,equalize,caste,caste,equalize,equalize,caste,equalize,equalize
1068,equalize,caste,caste,caste,equalize,caste,equalize,caste,equalize,equalize,equalize,caste
1069,caste,caste,equalize,equalize,caste,caste,equalize,caste,equalize,equalize,caste,equalize
1070,equalize,caste,caste,equalize,equalize,equalize,caste,caste,caste,equalize,caste,equalize
1071,caste,equalize,caste,equalize,caste,equalize,caste,caste,equalize,equalize,equalize,caste
1072,caste,equalize,caste,equalize,caste,equalize,caste,caste,equalize,equalize,caste,equalize
1073,equalize,caste,caste,equalize,equalize,equalize,caste,caste,equalize,equalize,caste,caste
1074,equalize,caste,caste,caste,equalize,caste,caste,equalize,equalize,equalize,equalize,caste
1075,caste,equalize,caste,caste,caste,caste,caste,equalize,equalize,equalize,equalize,equalize
1076,caste,equalize,caste,caste,equalize,equalize,equalize,caste,equalize,caste,caste,equalize
1077,equalize,equalize,caste,equalize,caste,caste,caste,equalize,equalize,equalize,caste,caste
1078,equalize,equalize,caste,caste,caste,equalize,caste,equalize,caste,equalize,caste,equalize
1079,equalize,caste,equalize,equalize,caste,caste,caste,equalize,caste,equalize,equalize,caste
1080,caste,equalize,equalize,equalize,caste,equalize,caste,caste,caste,equalize,equalize,caste
1081,equalize,equalize,equalize,equalize,equalize,equalize,equalize,equalize,equalize,equalize,equalize,equalize
1082,equalize,equalize,equalize,equalize,equalize,equalize,equalize,equalize,equalize,equalize,equalize,equalize
1083,equalize,equalize,equalize,equalize,equalize,equalize,equalize,equalize,equalize,equalize,equalize,equalize
1084,equalize,equalize,equalize,equalize,equalize,equalize,equalize,equalize,equalize,equalize,equalize,equalize
1085,equalize,equalize,equalize,equalize,equalize,equalize,equalize,equalize,equalize,equalize,equalize,equalize
1086,equalize,equalize,equalize,equalize,equalize,equalize,equalize,equalize,equalize,equalize,equalize,equalize
1087,equalize,equalize,equalize,equalize,equalize,equalize,equalize,equalize,equalize,equalize,equalize,equalize
1088,equalize,equalize,equalize,equalize,equalize,equalize,equalize,equalize,equalize,equalize,equalize,equalize
1089,equalize,equalize,equalize,equalize,equalize,equalize,equalize,equalize,equalize,equalize,equalize,equalize
1090,equalize,equalize,equalize,equalize,equalize,equalize,equalize,equalize,equalize,equalize,equalize,equalize
1091,equalize,equalize,equalize,equalize,equalize,equalize,equalize,equalize,equalize,equalize,equalize,equalize
1092,equalize,equalize,equalize,equalize,equalize,equalize,equalize,equalize,equalize,equalize,equalize,equalize
1093,equalize,equalize,equalize,equalize,equalize,equalize,equalize,equalize,equalize,equalize,equalize,equalize
1094,equalize,equalize,equalize,equalize,equalize,equalize,equalize,equalize,equalize,equalize,equalize,equalize
1095,equalize,equalize,equalize,equalize,equalize,equalize,equalize,equalize,equalize,equalize,equalize,equalize
1096,equalize,equalize,equalize,equalize,equalize,equalize,equalize,equalize,equalize,equalize,equalize,equalize
1097,equalize,equalize,equalize,equalize,equalize,equalize,equalize,equalize,equalize,equalize,equalize,equalize
1098,equalize,equalize,equalize,equalize,equalize,equalize,equalize,equalize,equalize,equalize,equalize,equalize
1099,equalize,equalize,equalize,equalize,equalize,equalize,equalize,equalize,equalize,equalize,equalize,equalize
1100,equalize,equalize,equalize,equalize,equalize,equalize,equalize,equalize,equalize,equalize,equalize,equalize
1101,equalize,equalize,equalize,equalize,equalize,equalize,equalize,equalize,equalize,equalize,equalize,equalize
1102,equalize,equalize,equalize,equalize,equalize,equalize,equalize,equalize,equalize,equalize,equalize,equalize
1103,equalize,equalize,equalize,equalize,equalize,equalize,equalize,equalize,equalize,equalize,equalize,equalize
1104,equalize,equalize,equalize,equalize,equalize,equalize,equalize,equalize,equalize,equalize,equalize,equalize
1105,equalize,equalize,equalize,equalize,equalize,equalize,equalize,equalize,equalize,equalize,equalize,equalize
1106,equalize,equalize,equalize,equalize,equalize,equalize,equalize,equalize,equalize,equalize,equalize,equalize
1107,equalize,equalize,equalize,equalize,equalize,equalize,equalize,equalize,equalize,equalize,equalize,equalize
1108,equalize,equalize,equalize,equalize,equalize,equalize,equalize,equalize,equalize,equalize,equalize,equalize
1109,equalize,equalize,equalize,equalize,equalize,equalize,equalize,equalize,equalize,equalize,equalize,equalize
1110,equalize,equalize,equalize,equalize,equalize,equalize,equalize,equalize,equalize,equalize,equalize,equalize
1111,equalize,equalize,equalize,equalize,equalize,equalize,equalize,equalize,equalize,equalize,equalize,equalize
1112,equalize,equalize,equalize,equalize,equalize,equalize,equalize,equalize,equalize,equalize,equalize,equalize
1113,equalize,equalize,equalize,equalize,equalize,equalize,equalize,equalize,equalize,equalize,equalize,equalize
1114,equalize,equalize,equalize,equalize,equalize,equalize,equalize,equalize,equalize,equalize,equalize,equalize
1115,equalize,equalize,equalize,equalize,equalize,equalize,equalize,equalize,equalize,equalize,equalize,equalize
1116,equalize,equalize,equalize,equalize,equalize,equalize,equalize,equalize,equalize,equalize,equalize,equalize
1117,equalize,equalize,equalize,equalize,equalize,equalize,equalize,equalize,equalize,equalize,equalize,equalize
1118,equalize,equalize,equalize,equalize,equalize,equalize,equalize,equalize,equalize,equalize,equalize,equalize
1119,equalize,equalize,equalize,equalize,equalize,equalize,equalize,equalize,equalize,equalize,equalize,equalize
1120,equalize,equalize,equalize,equalize,equalize,equalize,equalize,equalize,equalize,equalize,equalize,equalize
1121,random,random,random,random,turntaking,turntaking,turntaking,turntaking,random,turntaking,turntaking,random
1122,random,turntaking,turntaking,turntaking,random,random,turntaking,random,turntaking,random,random,turntaking
1123,turntaking,random,random,turntaking,turntaking,random,turntaking,turntaking,random,turntaking,random,random
1124,turntaking,random,random,random,random,turntaking,turntaking,turntaking,random,random,turntaking,turntaking
1125,random,turntaking,random,turntaking,random,random,random,turntaking,turntaking,turntaking,random,turntaking
1126,turntaking,random,random,random,random,turntaking,random,turntaking,turntaking,random,turntaking,turntaking
1127,random,random,turntaking,turntaking,turntaking,random,random,random,turntaking,random,turntaking,turntaking
1128,random,turntaking,random,random,random,turntaking,random,turntaking,turntaking,turntaking,turntaking,random
1129,random,turntaking,turntaking,random,turntaking,random,random,random,random,turntaking,turntaking,turntaking
1130,random,turntaking,random,turntaking,random,random,turntaking,turntaking,turntaking,turntaking,random,random
1131,turntaking,random,turntaking,turntaking,random,turntaking,turntaking,random,random,random,turntaking,random
1132,random,turntaking,turntaking,random,turntaking,random,turntaking,turntaking,random,random,random,turntaking
1133,turntaking,turntaking,random,turntaking,random,turntaking,random,random,turntaking,random,random,turntaking
1134,turntaking,random,turntaking,random,random,turntaking,turntaking,random,random,turntaking,turntaking,random
1135,random,random,random,random,turntaking,random,turntaking,turntaking,random,turntaking,turntaking,turntaking
1136,turntaking,random,turntaking,turntaking,random,random,turntaking,turntaking,turntaking,random,random,random
1137,random,turntaking,turntaking,random,turntaking,random,random,turntaking,turntaking,random,turntaking,random
1138,random,random,turntaking,turntaking,turntaking,turntaking,random,random,turntaking,random,turntaking,random
1139,random,turntaking,turntaking,random,random,random,turntaking,turntaking,random,turntaking,turntaking,random
1140,turntaking,random,random,turntaking,random,turntaking,turntaking,random,turntaking,turntaking,random,random
1141,turntaking,turntaking,turntaking,turntaking,turntaking,random,random,random,random,random,turntaking,random
1142,random,random,turntaking,turntaking,turntaking,turntaking,turntaking,random,turntaking,random,random,random
1143,random,turntaking,turntaking,random,random,turntaking,random,turntaking,random,turntaking,random,turntaking
1144,random,turntaking,turntaking,random,random,turntaking,turntaking,turntaking,turntaking,random,random,random
1145,turntaking,random,random,random,turntaking,turntaking,random,turntaking,turntaking,random,turntaking,random
1146,random,random,turntaking,turntaking,turntaking,turntaking,random,turntaking,random,turntaking,random,random
1147,turntaking,turntaking,turntaking,random,random,turntaking,turntaking,random,random,turntaking,random,random
1148,random,turntaking,turntaking,turntaking,random,turntaking,random,turntaking,random,random,random,turntaking
1149,turntaking,turntaking,random,random,turntaking,turntaking,random,turntaking,random,random,turntaking,random
1150,random,turntaking,turntaking,random,random,random,turntaking,turntaking,turntaking,random,turntaking,random
1151,turntaking,random,turntaking,random,turntaking,random,turntaking,turntaking,random,random,random,turntaking
1152,turntaking,random,turntaking,random,turntaking,random,turntaking,turntaking,random,random,turntaking,random
1153,random,turntaking,turntaking,random,random,random,turntaking,turntaking,random,random,turntaking,turntaking
1154,random,turntaking,turntaking,turntaking,random,turntaking,turntaking,random,random,random,random,turntaking
1155,turntaking,random,turntaking,turntaking,turntaking,turntaking,turntaking,random,random,random,random,random
1156,turntaking,random,turntaking,turntaking,random,random,random,turntaking,random,turntaking,turntaking,random
1157,random,random,turntaking,random,turntaking,turntaking,turntaking,random,random,random,turntaking,turntaking
1158,random,random,turntaking,turntaking,turntaking,random,turntaking,random,turntaking,random,turntaking,random
1159,random,turntaking,random,random,turntaking,turntaking,turntaking,random,turntaking,random,random,turntaking
1160,turntaking,random,random,random,turntaking,random,turntaking,turntaking,turntaking,random,random,turntaking
1161,turntaking,turntaking,turntaking,turntaking,rotate,rotate,rotate,rotate,turntaking,rotate,rotate,turntaking
1162,turntaking,rotate,rotate,rotate,turntaking,turntaking,rotate,turntaking,rotate,turntaking,turntaking,rotate
1163,rotate,turntaking,turntaking,rotate,rotate,turntaking,rotate,rotate,turntaking,rotate,turntaking,turntaking
1164,rotate,turntaking,turntaking,turntaking,turntaking,rotate,rotate,rotate,turntaking,turntaking,rotate,rotate
1165,turntaking,rotate,turntaking,rotate,turntaking,turntaking,turntaking,rotate,rotate,rotate,turntaking,rotate
1166,rotate,turntaking,turntaking,turntaking,turntaking,rotate,turntaking,rotate,rotate,turntaking,rotate,rotate
1167,turntaking,turntaking,rotate,rotate,rotate,turntaking,turntaking,turntaking,rotate,turntaking,rotate,rotate
1168,turntaking,rotate,turntaking,turntaking,turntaking,rotate,turntaking,rotate,rotate,rotate,rotate,turntaking
1169,turntaking,rotate,rotate,turntaking,rotate,turntaking,turntaking,turntaking,turntaking,rotate,rotate,rotate
1170,turntaking,rotate,turntaking,rotate,turntaking,turntaking,rotate,rotate,rotate,rotate,turntaking,turntaking
1171,rotate,turntaking,rotate,rotate,turntaking,rotate,rotate,turntaking,turntaking,turntaking,rotate,turntaking
1172,turntaking,rotate,rotate,turntaking,rotate,turntaking,rotate,rotate,turntaking,turntaking,turntaking,rotate
1173,rotate,rotate,turntaking,rotate,turntaking,rotate,turntaking,turntaking,rotate,turntaking,turntaking,rotate
1174,rotate,turntaking,rotate,turntaking,turntaking,rotate,rotate,turntaking,turntaking,rotate,rotate,turntaking
1175,turntaking,turntaking,turntaking,turntaking,rotate,turntaking,rotate,rotate,turntaking,rotate,rotate,rotate
1176,rotate,turntaking,rotate,rotate,turntaking,turntaking,rotate,rotate,rotate,turntaking,turntaking,turntaking
1177,turntaking,rotate,rotate,turntaking,rotate,turntaking,turntaking,rotate,rotate,turntaking,rotate,turntaking
1178,turntaking,turntaking,rotate,rotate,rotate,rotate,turntaking,turntaking,rotate,turntaking,rotate,turntaking
1179,turntaking,rotate,rotate,turntaking,turntaking,turntaking,rotate,rotate,turntaking,rotate,rotate,turntaking
1180,rotate,turntaking,turntaking,rotate,turntaking,rotate,rotate,turntaking,rotate,rotate,turntaking,turntaking
1181,rotate,rotate,rotate,rotate,rotate,turntaking,turntaking,turntaking,turntaking,turntaking,rotate,turntaking
1182,turntaking,turntaking,rotate,rotate,rotate,rotate,rotate,turntaking,rotate,turntaking,turntaking,turntaking
1183,turntaking,rotate,rotate,turntaking,turntaking,rotate,turntaking,rotate,turntaking,rotate,turntaking,rotate
1184,turntaking,rotate,rotate,turntaking,turntaking,rotate,rotate,rotate,rotate,turntaking,turntaking,turntaking
1185,rotate,turntaking,turntaking,turntaking,rotate,rotate,turntaking,rotate,rotate,turntaking,rotate,turntaking
1186,turntaking,turntaking,rotate,rotate,rotate,rotate,turntaking,rotate,turntaking,rotate,turntaking,turntaking
1187,rotate,rotate,rotate,turntaking,turntaking,rotate,rotate,turntaking,turntaking,rotate,turntaking,turntaking
1188,turntaking,rotate,rotate,rotate,turntaking,rotate,turntaking,rotate,turntaking,turntaking,turntaking,rotate
1189,rotate,rotate,turntaking,turntaking,rotate,rotate,turntaking,rotate,turntaking,turntaking,rotate,turntaking
1190,turntaking,rotate,rotate,turntaking,turntaking,turntaking,rotate,rotate,rotate,turntaking,rotate,turntaking
1191,rotate,turntaking,rotate,turntaking,rotate,turntaking,rotate,rotate,turntaking,turntaking,turntaking,rotate
1192,rotate,turntaking,rotate,turntaking,rotate,turntaking,rotate,rotate,turntaking,turntaking,rotate,turntaking
1193,turntaking,rotate,rotate,turntaking,turntaking,turntaking,rotate,rotate,turntaking,turntaking,rotate,rotate
1194,turntaking,rotate,rotate,rotate,turntaking,rotate,rotate,turntaking,turntaking,turntaking,turntaking,rotate
1195,rotate,turntaking,rotate,rotate,rotate,rotate,rotate,turntaking,turntaking,turntaking,turntaking,turntaking
1196,rotate,turntaking,rotate,rotate,turntaking,turntaking,turntaking,rotate,turntaking,rotate,rotate,turntaking
1197,turntaking,turntaking,rotate,turntaking,rotate,rotate,rotate,turntaking,turntaking,turntaking,rotate,rotate
1198,turntaking,turntaking,rotate,rotate,rotate,turntaking,rotate,turntaking,rotate,turntaking,rotate,turntaking
1199,turntaking,rotate,turntaking,turntaking,rotate,rotate,rotate,turntaking,rotate,turntaking,turntaking,rotate
1200,rotate,turntaking,turntaking,turntaking,rotate,turntaking,rotate,rotate,rotate,turntaking,turntaking,rotate
1201,random3,random3,random3,random3,turntaking,turntaking,turntaking,turntaking,random3,turntaking,turntaking,random3
1202,random3,turntaking,turntaking,turntaking,random3,random3,turntaking,random3,turntaking,random3,random3,turntaking
1203,turntaking,random3,random3,turntaking,turntaking,random3,turntaking,turntaking,random3,turntaking,random3,random3
1204,turntaking,random3,random3,random3,random3,turntaking,turntaking,turntaking,random3,random3,turntaking,turntaking
1205,random3,turntaking,random3,turntaking,random3,random3,random3,turntaking,turntaking,turntaking,random3,turntaking
1206,turntaking,random3,random3,random3,random3,turntaking,random3,turntaking,turntaking,random3,turntaking,turntaking
1207,random3,random3,turntaking,turntaking,turntaking,random3,random3,random3,turntaking,random3,turntaking,turntaking
1208,random3,turntaking,random3,random3,random3,turntaking,random3,turntaking,turntaking,turntaking,turntaking,random3
1209,random3,turntaking,turntaking,random3,turntaking,random3,random3,random3,random3,turntaking,turntaking,turntaking
1210,random3,turntaking,random3,turntaking,random3,random3,turntaking,turntaking,turntaking,turntaking,random3,random3
1211,turntaking,random3,turntaking,turntaking,random3,turntaking,turntaking,random3,random3,random3,turntaking,random3
1212,random3,turntaking,turntaking,random3,turntaking,random3,turntaking,turntaking,random3,random3,random3,turntaking
1213,turntaking,turntaking,random3,turntaking,random3,turntaking,random3,random3,turntaking,random3,random3,turntaking
1214,turntaking,random3,turntaking,random3,random3,turntaking,turntaking,random3,random3,turntaking,turntaking,random3
1215,random3,random3,random3,random3,turntaking,random3,turntaking,turntaking,random3,turntaking,turntaking,turntaking
1216,turntaking,random3,turntaking,turntaking,random3,random3,turntaking,turntaking,turntaking,random3,random3,random3
1217,random3,turntaking,turntaking,random3,turntaking,random3,random3,turntaking,turntaking,random3,turntaking,random3
1218,random3,random3,turntaking,turntaking,turntaking,turntaking,random3,random3,turntaking,random3,turntaking,random3
1219,random3,turntaking,turntaking,random3,random3,random3,turntaking,turntaking,random3,turntaking,turntaking,random3
1220,turntaking,random3,random3,turntaking,random3,turntaking,turntaking,random3,turntaking,turntaking,random3,random3
1221,turntaking,turntaking,turntaking,turntaking,turntaking,random3,random3,random3,random3,random3,turntaking,random3
1222,random3,random3,turntaking,turntaking,turntaking,turntaking,turntaking,random3,turntaking,random3,random3,random3
1223,random3,turntaking,turntaking,random3,random3,turntaking,random3,turntaking,random3,turntaking,random3,turntaking
1224,random3,turntaking,turntaking,random3,random3,turntaking,turntaking,turntaking,turntaking,random3,random3,random3
1225,turntaking,random3,random3,random3,turntaking,turntaking,random3,turntaking,turntaking,random3,turntaking,random3
1226,random3,random3,turntaking,turntaking,turntaking,turntaking,random3,turntaking,random3,turntaking,random3,random3
1227,turntaking,turntaking,turntaking,random3,random3,turntaking,turntaking,random3,random3,turntaking,random3,random3
1228,random3,turntaking,turntaking,turntaking,random3,turntaking,random3,turntaking,random3,random3,random3,turntaking
1229,turntaking,turntaking,random3,random3,turntaking,turntaking,random3,turntaking,random3,random3,turntaking,random3
1230,random3,turntaking,turntaking,random3,random3,random3,turntaking,turntaking,turntaking,random3,turntaking,random3
1231,turntaking,random3,turntaking,random3,turntaking,random3,turntaking,turntaking,random3,random3,random3,turntaking
1232,turntaking,random3,turntaking,random3,turntaking,random3,turntaking,turntaking,random3,random3,turntaking,random3
1233,random3,turntaking,turntaking,random3,random3,random3,turntaking,turntaking,random3,random3,turntaking,turntaking
1234,random3,turntaking,turntaking,turntaking,random3,turntaking,turntaking,random3,random3,random3,random3,turntaking
1235,turntaking,random3,turntaking,turntaking,turntaking,turntaking,turntaking,random3,random3,random3,random3,random3
1236,turntaking,random3,turntaking,turntaking,random3,random3,random3,turntaking,random3,turntaking,turntaking,random3
1237,random3,random3,turntaking,random3,turntaking,turntaking,turntaking,random3,random3,random3,turntaking,turntaking
1238,random3,random3,turntaking,turntaking,turntaking,random3,turntaking,random3,turntaking,random3,turntaking,random3
1239,random3,turntaking,random3,random3,turntaking,turntaking,turntaking,random3,turntaking,random3,random3,turntaking
1240,turntaking,random3,random3,random3,turntaking,random3,turntaking,turntaking,turntaking,random3,random3,turntaking
1241,radicaleq,radicaleq,radicaleq,radicaleq,turntaking,turntaking,turntaking,turntaking,radicaleq,turntaking,turntaking,radicaleq
1242,radicaleq,turntaking,turntaking,turntaking,radicaleq,radicaleq,turntaking,radicaleq,turntaking,radicaleq,radicaleq,turntaking
1243,turntaking,radicaleq,radicaleq,turntaking,turntaking,radicaleq,turntaking,turntaking,radicaleq,turntaking,radicaleq,radicaleq
1244,turntaking,radicaleq,radicaleq,radicaleq,radicaleq,turntaking,turntaking,turntaking,radicaleq,radicaleq,turntaking,turntaking
1245,radicaleq,turntaking,radicaleq,turntaking,radicaleq,radicaleq,radicaleq,turntaking,turntaking,turntaking,radicaleq,turntaking
1246,turntaking,radicaleq,radicaleq,radicaleq,radicaleq,turntaking,radicaleq,turntaking,turntaking,radicaleq,turntaking,turntaking
1247,radicaleq,radicaleq,turntaking,turntaking,turntaking,radicaleq,radicaleq,radicaleq,turntaking,radicaleq,turntaking,turntaking
1248,radicaleq,turntaking,radicaleq,radicaleq,radicaleq,turntaking,radicaleq,turntaking,turntaking,turntaking,turntaking,radicaleq
1249,radicaleq,turntaking,turntaking,radicaleq,turntaking,radicaleq,radicaleq,radicaleq,radicaleq,turntaking,turntaking,turntaking
1250,radicaleq,turntaking,radicaleq,turntaking,radicaleq,radicaleq,turntaking,turntaking,turntaking,turntaking,radicaleq,radicaleq
1251,turntaking,radicaleq,turntaking,turntaking,radicaleq,turntaking,turntaking,radicaleq,radicaleq,radicaleq,turntaking,radicaleq
1252,radicaleq,turntaking,turntaking,radicaleq,turntaking,radicaleq,turntaking,turntaking,radicaleq,radicaleq,radicaleq,turntaking
1253,turntaking,turntaking,radicaleq,turntaking,radicaleq,turntaking,radicaleq,radicaleq,turntaking,radicaleq,radicaleq,turntaking
1254,turntaking,radicaleq,turntaking,radicaleq,radicaleq,turntaking,turntaking,radicaleq,radicaleq,turntaking,turntaking,radicaleq
1255,radicaleq,radicaleq,radicaleq,radicaleq,turntaking,radicaleq,turntaking,turntaking,radicaleq,turntaking,turntaking,turntaking
1256,turntaking,radicaleq,turntaking,turntaking,radicaleq,radicaleq,turntaking,turntaking,turntaking,radicaleq,radicaleq,radicaleq
1257,radicaleq,turntaking,turntaking,radicaleq,turntaking,radicaleq,radicaleq,turntaking,turntaking,radicaleq,turntaking,radicaleq
1258,radicaleq,radicaleq,turntaking,turntaking,turntaking,turntaking,radicaleq,radicaleq,turntaking,radicaleq,turntaking,radicaleq
1259,radicaleq,turntaking,turntaking,radicaleq,radicaleq,radicaleq,turntaking,turntaking,radicaleq,turntaking,turntaking,radicaleq
1260,turntaking,radicaleq,radicaleq,turntaking,radicaleq,turntaking,turntaking,radicaleq,turntaking,turntaking,radicaleq,radicaleq
1261,turntaking,turntaking,turntaking,turntaking,turntaking,radicaleq,radicaleq,radicaleq,radicaleq,radicaleq,turntaking,radicaleq
1262,radicaleq,radicaleq,turntaking,turntaking,turntaking,turntaking,turntaking,radicaleq,turntaking,radicaleq,radicaleq,radicaleq
1263,radicaleq,turntaking,turntaking,radicaleq,radicaleq,turntaking,radicaleq,turntaking,radicaleq,turntaking,radicaleq,turntaking
1264,radicaleq,turntaking,turntaking,radicaleq,radicaleq,turntaking,turntaking,turntaking,turntaking,radicaleq,radicaleq,radicaleq
1265,turntaking,radicaleq,radicaleq,radicaleq,turntaking,turntaking,radicaleq,turntaking,turntaking,radicaleq,turntaking,radicaleq
1266,radicaleq,radicaleq,turntaking,turntaking,turntaking,turntaking,radicaleq,turntaking,radicaleq,turntaking,radicaleq,radicaleq
1267,turntaking,turntaking,turntaking,radicaleq,radicaleq,turntaking,turntaking,radicaleq,radicaleq,turntaking,radicaleq,radicaleq
1268,radicaleq,turntaking,turntaking,turntaking,radicaleq,turntaking,radicaleq,turntaking,radicaleq,radicaleq,radicaleq,turntaking
1269,turntaking,turntaking,radicaleq,radicaleq,turntaking,turntaking,radicaleq,turntaking,radicaleq,radicaleq,turntaking,radicaleq
1270,radicaleq,turntaking,turntaking,radicaleq,radicaleq,radicaleq,turntaking,turntaking,turntaking,radicaleq,turntaking,radicaleq
1271,turntaking,radicaleq,turntaking,radicaleq,turntaking,radicaleq,turntaking,turntaking,radicaleq,radicaleq,radicaleq,turntaking
1272,turntaking,radicaleq,turntaking,radicaleq,turntaking,radicaleq,turntaking,turntaking,radicaleq,radicaleq,turntaking,radicaleq
1273,radicaleq,turntaking,turntaking,radicaleq,radicaleq,radicaleq,turntaking,turntaking,radicaleq,radicaleq,turntaking,turntaking
1274,radicaleq,turntaking,turntaking,turntaking,radicaleq,turntaking,turntaking,radicaleq,radicaleq,radicaleq,radicaleq,turntaking
1275,turntaking,radicaleq,turntaking,turntaking,turntaking,turntaking,turntaking,radicaleq,radicaleq,radicaleq,radicaleq,radicaleq
1276,turntaking,radicaleq,turntaking,turntaking,radicaleq,radicaleq,radicaleq,turntaking,radicaleq,turntaking,turntaking,radicaleq
1277,radicaleq,radicaleq,turntaking,radicaleq,turntaking,turntaking,turntaking,radicaleq,radicaleq,radicaleq,turntaking,turntaking
1278,radicaleq,radicaleq,turntaking,turntaking,turntaking,radicaleq,turntaking,radicaleq,turntaking,radicaleq,turntaking,radicaleq
1279,radicaleq,turntaking,radicaleq,radicaleq,turntaking,turntaking,turntaking,radicaleq,turntaking,radicaleq,radicaleq,turntaking
1280,turntaking,radicaleq,radicaleq,radicaleq,turntaking,radicaleq,turntaking,turntaking,turntaking,radicaleq,radicaleq,turntaking
1281,turntaking,turntaking,turntaking,turntaking,rotate0,rotate0,rotate0,rotate0,turntaking,rotate0,rotate0,turntaking
1282,turntaking,rotate0,rotate0,rotate0,turntaking,turntaking,rotate0,turntaking,rotate0,turntaking,turntaking,rotate0
1283,rotate0,turntaking,turntaking,rotate0,rotate0,turntaking,rotate0,rotate0,turntaking,rotate0,turntaking,turntaking
1284,rotate0,turntaking,turntaking,turntaking,turntaking,rotate0,rotate0,rotate0,turntaking,turntaking,rotate0,rotate0
1285,turntaking,rotate0,turntaking,rotate0,turntaking,turntaking,turntaking,rotate0,rotate0,rotate0,turntaking,rotate0
1286,rotate0,turntaking,turntaking,turntaking,turntaking,rotate0,turntaking,rotate0,rotate0,turntaking,rotate0,rotate0
1287,turntaking,turntaking,rotate0,rotate0,rotate0,turntaking,turntaking,turntaking,rotate0,turntaking,rotate0,rotate0
1288,turntaking,rotate0,turntaking,turntaking,turntaking,rotate0,turntaking,rotate0,rotate0,rotate0,rotate0,turntaking
1289,turntaking,rotate0,rotate0,turntaking,rotate0,turntaking,turntaking,turntaking,turntaking,rotate0,rotate0,rotate0
1290,turntaking,rotate0,turntaking,rotate0,turntaking,turntaking,rotate0,rotate0,rotate0,rotate0,turntaking,turntaking
1291,rotate0,turntaking,rotate0,rotate0,turntaking,rotate0,rotate0,turntaking,turntaking,turntaking,rotate0,turntaking
1292,turntaking,rotate0,rotate0,turntaking,rotate0,turntaking,rotate0,rotate0,turntaking,turntaking,turntaking,rotate0
1293,rotate0,rotate0,turntaking,rotate0,turntaking,rotate0,turntaking,turntaking,rotate0,turntaking,turntaking,rotate0
1294,rotate0,turntaking,rotate0,turntaking,turntaking,rotate0,rotate0,turntaking,turntaking,rotate0,rotate0,turntaking
1295,turntaking,turntaking,turntaking,turntaking,rotate0,turntaking,rotate0,rotate0,turntaking,rotate0,rotate0,rotate0
1296,rotate0,turntaking,rotate0,rotate0,turntaking,turntaking,rotate0,rotate0,rotate0,turntaking,turntaking,turntaking
1297,turntaking,rotate0,rotate0,turntaking,rotate0,turntaking,turntaking,rotate0,rotate0,turntaking,rotate0,turntaking
1298,turntaking,turntaking,rotate0,rotate0,rotate0,rotate0,turntaking,turntaking,rotate0,turntaking,rotate0,turntaking
1299,turntaking,rotate0,rotate0,turntaking,turntaking,turntaking,rotate0,rotate0,turntaking,rotate0,rotate0,turntaking
1300,rotate0,turntaking,turntaking,rotate0,turntaking,rotate0,rotate0,turntaking,rotate0,rotate0,turntaking,turntaking
1301,rotate0,rotate0,rotate0,rotate0,rotate0,turntaking,turntaking,turntaking,turntaking,turntaking,rotate0,turntaking
1302,turntaking,turntaking,rotate0,rotate0,rotate0,rotate0,rotate0,turntaking,rotate0,turntaking,turntaking,turntaking
1303,turntaking,rotate0,rotate0,turntaking,turntaking,rotate0,turntaking,rotate0,turntaking,rotate0,turntaking,rotate0
1304,turntaking,rotate0,rotate0,turntaking,turntaking,rotate0,rotate0,rotate0,rotate0,turntaking,turntaking,turntaking
1305,rotate0,turntaking,turntaking,turntaking,rotate0,rotate0,turntaking,rotate0,rotate0,turntaking,rotate0,turntaking
1306,turntaking,turntaking,rotate0,rotate0,rotate0,rotate0,turntaking,rotate0,turntaking,rotate0,turntaking,turntaking
1307,rotate0,rotate0,rotate0,turntaking,turntaking,rotate0,rotate0,turntaking,turntaking,rotate0,turntaking,turntaking
1308,turntaking,rotate0,rotate0,rotate0,turntaking,rotate0,turntaking,rotate0,turntaking,turntaking,turntaking,rotate0
1309,rotate0,rotate0,turntaking,turntaking,rotate0,rotate0,turntaking,rotate0,turntaking,turntaking,rotate0,turntaking
1310,turntaking,rotate0,rotate0,turntaking,turntaking,turntaking,rotate0,rotate0,rotate0,turntaking,rotate0,turntaking
1311,rotate0,turntaking,rotate0,turntaking,rotate0,turntaking,rotate0,rotate0,turntaking,turntaking,turntaking,rotate0
1312,rotate0,turntaking,rotate0,turntaking,rotate0,turntaking,rotate0,rotate0,turntaking,turntaking,rotate0,turntaking
1313,turntaking,rotate0,rotate0,turntaking,turntaking,turntaking,rotate0,rotate0,turntaking,turntaking,rotate0,rotate0
1314,turntaking,rotate0,rotate0,rotate0,turntaking,rotate0,rotate0,turntaking,turntaking,turntaking,turntaking,rotate0
1315,rotate0,turntaking,rotate0,rotate0,rotate0,rotate0,rotate0,turntaking,turntaking,turntaking,turntaking,turntaking
1316,rotate0,turntaking,rotate0,rotate0,turntaking,turntaking,turntaking,rotate0,turntaking,rotate0,rotate0,turntaking
1317,turntaking,turntaking,rotate0,turntaking,rotate0,rotate0,rotate0,turntaking,turntaking,turntaking,rotate0,rotate0
1318,turntaking,turntaking,rotate0,rotate0,rotate0,turntaking,rotate0,turntaking,rotate0,turntaking,rotate0,turntaking
1319,turntaking,rotate0,turntaking,turntaking,rotate0,rotate0,rotate0,turntaking,rotate0,turntaking,turntaking,rotate0
1320,rotate0,turntaking,turntaking,turntaking,rotate0,turntaking,rotate0,rotate0,rotate0,turntaking,turntaking,rotate0
1321,turntaking,turntaking,turntaking,turntaking,caste,caste,caste,caste,turntaking,caste,caste,turntaking
1322,turntaking,caste,caste,caste,turntaking,turntaking,caste,turntaking,caste,turntaking,turntaking,caste
1323,caste,turntaking,turntaking,caste,caste,turntaking,caste,caste,turntaking,caste,turntaking,turntaking
1324,caste,turntaking,turntaking,turntaking,turntaking,caste,caste,caste,turntaking,turntaking,caste,caste
1325,turntaking,caste,turntaking,caste,turntaking,turntaking,turntaking,caste,caste,caste,turntaking,caste
1326,caste,turntaking,turntaking,turntaking,turntaking,caste,turntaking,caste,caste,turntaking,caste,caste
1327,turntaking,turntaking,caste,caste,caste,turntaking,turntaking,turntaking,caste,turntaking,caste,caste
1328,turntaking,caste,turntaking,turntaking,turntaking,caste,turntaking,caste,caste,caste,caste,turntaking
1329,turntaking,caste,caste,turntaking,caste,turntaking,turntaking,turntaking,turntaking,caste,caste,caste
1330,turntaking,caste,turntaking,caste,turntaking,turntaking,caste,caste,caste,caste,turntaking,turntaking
1331,caste,turntaking,caste,caste,turntaking,caste,caste,turntaking,turntaking,turntaking,caste,turntaking
1332,turntaking,caste,caste,turntaking,caste,turntaking,caste,caste,turntaking,turntaking,turntaking,caste
1333,caste,caste,turntaking,caste,turntaking,caste,turntaking,turntaking,caste,turntaking,turntaking,caste
1334,caste,turntaking,caste,turntaking,turntaking,caste,caste,turntaking,turntaking,caste,caste,turntaking
1335,turntaking,turntaking,turntaking,turntaking,caste,turntaking,caste,caste,turntaking,caste,caste,caste
1336,caste,turntaking,caste,caste,turntaking,turntaking,caste,caste,caste,turntaking,turntaking,turntaking
1337,turntaking,caste,caste,turntaking,caste,turntaking,turntaking,caste,caste,turntaking,caste,turntaking
1338,turntaking,turntaking,caste,caste,caste,caste,turntaking,turntaking,caste,turntaking,caste,turntaking
1339,turntaking,caste,caste,turntaking,turntaking,turntaking,caste,caste,turntaking,caste,caste,turntaking
1340,caste,turntaking,turntaking,caste,turntaking,caste,caste,turntaking,caste,caste,turntaking,turntaking
1341,caste,caste,caste,caste,caste,turntaking,turntaking,turntaking,turntaking,turntaking,caste,turntaking
1342,turntaking,turntaking,caste,caste,caste,caste,caste,turntaking,caste,turntaking,turntaking,turntaking
1343,turntaking,caste,caste,turntaking,turntaking,caste,turntaking,caste,turntaking,caste,turntaking,caste
1344,turntaking,caste,caste,turntaking,turntaking,caste,caste,caste,caste,turntaking,turntaking,turntaking
1345,caste,turntaking,turntaking,turntaking,caste,caste,turntaking,caste,caste,turntaking,caste,turntaking
1346,turntaking,turntaking,caste,caste,caste,caste,turntaking,caste,turntaking,caste,turntaking,turntaking
1347,caste,caste,caste,turntaking,turntaking,caste,caste,turntaking,turntaking,caste,turntaking,turntaking
1348,turntaking,caste,caste,caste,turntaking,caste,turntaking,caste,turntaking,turntaking,turntaking,caste
1349,caste,caste,turntaking,turntaking,caste,caste,turntaking,caste,turntaking,turntaking,caste,turntaking
1350,turntaking,caste,caste,turntaking,turntaking,turntaking,caste,caste,caste,turntaking,caste,turntaking
1351,caste,turntaking,caste,turntaking,caste,turntaking,caste,caste,turntaking,turntaking,turntaking,caste
1352,caste,turntaking,caste,turntaking,caste,turntaking,caste,caste,turntaking,turntaking,caste,turntaking
1353,turntaking,caste,caste,turntaking,turntaking,turntaking,caste,caste,turntaking,turntaking,caste,caste
1354,turntaking,caste,caste,caste,turntaking,caste,caste,turntaking,turntaking,turntaking,turntaking,caste
1355,caste,turntaking,caste,caste,caste,caste,caste,turntaking,turntaking,turntaking,turntaking,turntaking
1356,caste,turntaking,caste,caste,turntaking,turntaking,turntaking,caste,turntaking,caste,caste,turntaking
1357,turntaking,turntaking,caste,turntaking,caste,caste,caste,turntaking,turntaking,turntaking,caste,caste
1358,turntaking,turntaking,caste,caste,caste,turntaking,caste,turntaking,caste,turntaking,caste,turntaking
1359,turntaking,caste,turntaking,turntaking,caste,caste,caste,turntaking,caste,turntaking,turntaking,caste
1360,caste,turntaking,turntaking,turntaking,caste,turntaking,caste,caste,caste,turntaking,turntaking,caste
1361,turntaking,turntaking,turntaking,turntaking,equalize,equalize,equalize,equalize,turntaking,equalize,equalize,turntaking
1362,turntaking,equalize,equalize,equalize,turntaking,turntaking,equalize,turntaking,equalize,turntaking,turntaking,equalize
1363,equalize,turntaking,turntaking,equalize,equalize,turntaking,equalize,equalize,turntaking,equalize,turntaking,turntaking
1364,equalize,turntaking,turntaking,turntaking,turntaking,equalize,equalize,equalize,turntaking,turntaking,equalize,equalize
1365,turntaking,equalize,turntaking,equalize,turntaking,turntaking,turntaking,equalize,equalize,equalize,turntaking,equalize
1366,equalize,turntaking,turntaking,turntaking,turntaking,equalize,turntaking,equalize,equalize,turntaking,equalize,equalize
1367,turntaking,turntaking,equalize,equalize,equalize,turntaking,turntaking,turntaking,equalize,turntaking,equalize,equalize
1368,turntaking,equalize,turntaking,turntaking,turntaking,equalize,turntaking,equalize,equalize,equalize,equalize,turntaking
1369,turntaking,equalize,equalize,turntaking,equalize,turntaking,turntaking,turntaking,turntaking,equalize,equalize,equalize
1370,turntaking,equalize,turntaking,equalize,turntaking,turntaking,equalize,equalize,equalize,equalize,turntaking,turntaking
1371,equalize,turntaking,equalize,equalize,turntaking,equalize,equalize,turntaking,turntaking,turntaking,equalize,turntaking
1372,turntaking,equalize,equalize,turntaking,equalize,turntaking,equalize,equalize,turntaking,turntaking,turntaking,equalize
1373,equalize,equalize,turntaking,equalize,turntaking,equalize,turntaking,turntaking,equalize,turntaking,turntaking,equalize
1374,equalize,turntaking,equalize,turntaking,turntaking,equalize,equalize,turntaking,turntaking,equalize,equalize,turntaking
1375,turntaking,turntaking,turntaking,turntaking,equalize,turntaking,equalize,equalize,turntaking,equalize,equalize,equalize
1376,equalize,turntaking,equalize,equalize,turntaking,turntaking,equalize,equalize,equalize,turntaking,turntaking,turntaking
1377,turntaking,equalize,equalize,turntaking,equalize,turntaking,turntaking,equalize,equalize,turntaking,equalize,turntaking
1378,turntaking,turntaking,equalize,equalize,equalize,equalize,turntaking,turntaking,equalize,turntaking,equalize,turntaking
1379,turntaking,equalize,equalize,turntaking,turntaking,turntaking,equalize,equalize,turntaking,equalize,equalize,turntaking
1380,equalize,turntaking,turntaking,equalize,turntaking,equalize,equalize,turntaking,equalize,equalize,turntaking,turntaking
1381,equalize,equalize,equalize,equalize,equalize,turntaking,turntaking,turntaking,turntaking,turntaking,equalize,turntaking
1382,turntaking,turntaking,equalize,equalize,equalize,equalize,equalize,turntaking,equalize,turntaking,turntaking,turntaking
1383,turntaking,equalize,equalize,turntaking,turntaking,equalize,turntaking,equalize,turntaking,equalize,turntaking,equalize
1384,turntaking,equalize,equalize,turntaking,turntaking,equalize,equalize,equalize,equalize,turntaking,turntaking,turntaking
1385,equalize,turntaking,turntaking,turntaking,equalize,equalize,turntaking,equalize,equalize,turntaking,equalize,turntaking
1386,turntaking,turntaking,equalize,equalize,equalize,equalize,turntaking,equalize,turntaking,equalize,turntaking,turntaking
1387,equalize,equalize,equalize,turntaking,turntaking,equalize,equalize,turntaking,turntaking,equalize,turntaking,turntaking
1388,turntaking,equalize,equalize,equalize,turntaking,equalize,turntaking,equalize,turntaking,turntaking,turntaking,equalize
1389,equalize,equalize,turntaking,turntaking,equalize,equalize,turntaking,equalize,turntaking,turntaking,equalize,turntaking
1390,turntaking,equalize,equalize,turntaking,turntaking,turntaking,equalize,equalize,equalize,turntaking,equalize,turntaking
1391,equalize,turntaking,equalize,turntaking,equalize,turntaking,equalize,equalize,turntaking,turntaking,turntaking,equalize
1392,equalize,turntaking,equalize,turntaking,equalize,turntaking,equalize,equalize,turntaking,turntaking,equalize,turntaking
1393,turntaking,equalize,equalize,turntaking,turntaking,turntaking,equalize,equalize,turntaking,turntaking,equalize,equalize
1394,turntaking,equalize,equalize,equalize,turntaking,equalize,equalize,turntaking,turntaking,turntaking,turntaking,equalize
1395,equalize,turntaking,equalize,equalize,equalize,equalize,equalize,turntaking,turntaking,turntaking,turntaking,turntaking
1396,equalize,turntaking,equalize,equalize,turntaking,turntaking,turntaking,equalize,turntaking,equalize,equalize,turntaking
1397,turntaking,turntaking,equalize,turntaking,equalize,equalize,equalize,turntaking,turntaking,turntaking,equalize,equalize
1398,turntaking,turntaking,equalize,equalize,equalize,turntaking,equalize,turntaking,equalize,turntaking,equalize,turntaking
1399,turntaking,equalize,turntaking,turntaking,equalize,equalize,equalize,turntaking,equalize,turntaking,turntaking,equalize
1400,equalize,turntaking,turntaking,turntaking,equalize,turntaking,equalize,equalize,equalize,turntaking,turntaking,equalize
1401,turntaking,turntaking,turntaking,turntaking,turntaking,turntaking,turntaking,turntaking,turntaking,turntaking,turntaking,turntaking
1402,turntaking,turntaking,turntaking,turntaking,turntaking,turntaking,turntaking,turntaking,turntaking,turntaking,turntaking,turntaking
1403,turntaking,turntaking,turntaking,turntaking,turntaking,turntaking,turntaking,turntaking,turntaking,turntaking,turntaking,turntaking
1404,turntaking,turntaking,turntaking,turntaking,turntaking,turntaking,turntaking,turntaking,turntaking,turntaking,turntaking,turntaking
1405,turntaking,turntaking,turntaking,turntaking,turntaking,turntaking,turntaking,turntaking,turntaking,turntaking,turntaking,turntaking
1406,turntaking,turntaking,turntaking,turntaking,turntaking,turntaking,turntaking,turntaking,turntaking,turntaking,turntaking,turntaking
1407,turntaking,turntaking,turntaking,turntaking,turntaking,turntaking,turntaking,turntaking,turntaking,turntaking,turntaking,turntaking
1408,turntaking,turntaking,turntaking,turntaking,turntaking,turntaking,turntaking,turntaking,turntaking,turntaking,turntaking,turntaking
1409,turntaking,turntaking,turntaking,turntaking,turntaking,turntaking,turntaking,turntaking,turntaking,turntaking,turntaking,turntaking
1410,turntaking,turntaking,turntaking,turntaking,turntaking,turntaking,turntaking,turntaking,turntaking,turntaking,turntaking,turntaking
1411,turntaking,turntaking,turntaking,turntaking,turntaking,turntaking,turntaking,turntaking,turntaking,turntaking,turntaking,turntaking
1412,turntaking,turntaking,turntaking,turntaking,turntaking,turntaking,turntaking,turntaking,turntaking,turntaking,turntaking,turntaking
1413,turntaking,turntaking,turntaking,turntaking,turntaking,turntaking,turntaking,turntaking,turntaking,turntaking,turntaking,turntaking
1414,turntaking,turntaking,turntaking,turntaking,turntaking,turntaking,turntaking,turntaking,turntaking,turntaking,turntaking,turntaking
1415,turntaking,turntaking,turntaking,turntaking,turntaking,turntaking,turntaking,turntaking,turntaking,turntaking,turntaking,turntaking
1416,turntaking,turntaking,turntaking,turntaking,turntaking,turntaking,turntaking,turntaking,turntaking,turntaking,turntaking,turntaking
1417,turntaking,turntaking,turntaking,turntaking,turntaking,turntaking,turntaking,turntaking,turntaking,turntaking,turntaking,turntaking
1418,turntaking,turntaking,turntaking,turntaking,turntaking,turntaking,turntaking,turntaking,turntaking,turntaking,turntaking,turntaking
1419,turntaking,turntaking,turntaking,turntaking,turntaking,turntaking,turntaking,turntaking,turntaking,turntaking,turntaking,turntaking
1420,turntaking,turntaking,turntaking,turntaking,turntaking,turntaking,turntaking,turntaking,turntaking,turntaking,turntaking,turntaking
1421,turntaking,turntaking,turntaking,turntaking,turntaking,turntaking,turntaking,turntaking,turntaking,turntaking,turntaking,turntaking
1422,turntaking,turntaking,turntaking,turntaking,turntaking,turntaking,turntaking,turntaking,turntaking,turntaking,turntaking,turntaking
1423,turntaking,turntaking,turntaking,turntaking,turntaking,turntaking,turntaking,turntaking,turntaking,turntaking,turntaking,turntaking
1424,turntaking,turntaking,turntaking,turntaking,turntaking,turntaking,turntaking,turntaking,turntaking,turntaking,turntaking,turntaking
1425,turntaking,turntaking,turntaking,turntaking,turntaking,turntaking,turntaking,turntaking,turntaking,turntaking,turntaking,turntaking
1426,turntaking,turntaking,turntaking,turntaking,turntaking,turntaking,turntaking,turntaking,turntaking,turntaking,turntaking,turntaking
1427,turntaking,turntaking,turntaking,turntaking,turntaking,turntaking,turntaking,turntaking,turntaking,turntaking,turntaking,turntaking
1428,turntaking,turntaking,turntaking,turntaking,turntaking,turntaking,turntaking,turntaking,turntaking,turntaking,turntaking,turntaking
1429,turntaking,turntaking,turntaking,turntaking,turntaking,turntaking,turntaking,turntaking,turntaking,turntaking,turntaking,turntaking
1430,turntaking,turntaking,turntaking,turntaking,turntaking,turntaking,turntaking,turntaking,turntaking,turntaking,turntaking,turntaking
1431,turntaking,turntaking,turntaking,turntaking,turntaking,turntaking,turntaking,turntaking,turntaking,turntaking,turntaking,turntaking
1432,turntaking,turntaking,turntaking,turntaking,turntaking,turntaking,turntaking,turntaking,turntaking,turntaking,turntaking,turntaking
1433,turntaking,turntaking,turntaking,turntaking,turntaking,turntaking,turntaking,turntaking,turntaking,turntaking,turntaking,turntaking
1434,turntaking,turntaking,turntaking,turntaking,turntaking,turntaking,turntaking,turntaking,turntaking,turntaking,turntaking,turntaking
1435,turntaking,turntaking,turntaking,turntaking,turntaking,turntaking,turntaking,turntaking,turntaking,turntaking,turntaking,turntaking
1436,turntaking,turntaking,turntaking,turntaking,turntaking,turntaking,turntaking,turntaking,turntaking,turntaking,turntaking,turntaking
1437,turntaking,turntaking,turntaking,turntaking,turntaking,turntaking,turntaking,turntaking,turntaking,turntaking,turntaking,turntaking
1438,turntaking,turntaking,turntaking,turntaking,turntaking,turntaking,turntaking,turntaking,turntaking,turntaking,turntaking,turntaking
1439,turntaking,turntaking,turntaking,turntaking,turntaking,turntaking,turntaking,turntaking,turntaking,turntaking,turntaking,turntaking
1440,turntaking,turntaking,turntaking,turntaking,turntaking,turntaking,turntaking,turntaking,turntaking,turntaking,turntaking,turntaking
