Match,Strategy,Position,Round1,Round2,Round3,Round4,Round5,Round6,Round7,Round8,Round9,Round10,Round11,Round12,Round13,Round14,Round15,Round16,Round17,Round18,Round19,Round20,Win,Winner
1,random,1,skip,skip,skip,skip,A,skip,skip,skip,A,skip,skip,A,A,A,skip,A,A,A,A,skip,0.2,draw
1,random,2,skip,skip,skip,A,A,A,A,A,A,A,A,skip,skip,A,A,A,skip,skip,A,A,0.4,draw
2,random,1,skip,A,A,skip,A,A,skip,A,skip,A,A,A,A,skip,A,A,A,A,skip,A,0.4,draw
2,random,2,A,A,skip,A,A,skip,skip,skip,skip,skip,skip,skip,A,skip,skip,A,A,A,skip,skip,0.1,draw
3,random,1,skip,skip,A,skip,A,A,skip,skip,A,A,skip,skip,skip,A,A,A,skip,A,skip,A,0.2,draw
3,rotate,2,skip,A,skip,A,skip,A,skip,A,skip,A,skip,A,skip,A,skip,A,skip,A,skip,A,0.2,draw
4,rotate,1,A,skip,A,skip,A,skip,A,skip,A,skip,A,skip,A,skip,A,skip,A,skip,A,skip,0.35,random
4,random,2,skip,A,A,A,skip,A,skip,A,skip,A,A,A,skip,skip,skip,A,A,skip,skip,A,0.4,random
5,rotate,1,A,skip,A,skip,A,skip,A,skip,A,skip,A,skip,A,skip,A,skip,A,skip,A,skip,0.5,draw
5,rotate,2,skip,A,skip,A,skip,A,skip,A,skip,A,skip,A,skip,A,skip,A,skip,A,skip,A,0.5,draw
6,rotate,1,A,skip,A,skip,A,skip,A,skip,A,skip,A,skip,A,skip,A,skip,A,skip,A,skip,0.5,draw
6,rotate,2,skip,A,skip,A,skip,A,skip,A,skip,A,skip,A,skip,A,skip,A,skip,A,skip,A,0.5,draw
7,random3,1,A,A,A,A,A,A,A,A,A,A,A,A,A,A,A,A,A,A,A,A,0.55,random3
7,random,2,skip,skip,A,A,skip,skip,A,skip,A,skip,skip,A,skip,A,A,A,skip,skip,skip,A,0.0,random3
8,random,1,skip,A,A,skip,skip,skip,skip,A,skip,skip,skip,A,skip,skip,A,A,A,A,A,skip,0.0,random3
8,random3,2,A,A,A,A,A,A,A,A,A,A,A,A,A,A,A,A,A,A,A,A,0.55,random3
9,rotate,1,A,skip,A,skip,A,skip,A,skip,A,skip,A,skip,A,skip,A,skip,A,skip,A,skip,0.0,random3
9,random3,2,A,A,A,A,A,A,A,A,A,A,A,A,A,A,A,A,A,A,A,A,0.5,random3
10,random3,1,A,A,A,A,A,A,A,A,A,A,A,A,A,A,A,A,A,A,A,A,0.5,random3
10,rotate,2,skip,A,skip,A,skip,A,skip,A,skip,A,skip,A,skip,A,skip,A,skip,A,skip,A,0.0,random3
11,random3,1,A,A,A,A,A,A,A,A,A,A,A,A,A,A,A,A,A,A,A,A,0.0,draw
11,random3,2,A,A,A,A,A,A,A,A,A,A,A,A,A,A,A,A,A,A,A,A,0.0,draw
12,random3,1,A,A,A,A,A,A,A,A,A,A,A,A,A,A,A,A,A,A,A,A,0.0,draw
12,random3,2,A,A,A,A,A,A,A,A,A,A,A,A,A,A,A,A,A,A,A,A,0.0,draw
13,random,1,skip,A,A,skip,A,skip,A,A,skip,skip,A,A,skip,skip,skip,A,A,skip,skip,A,0.3,random
13,radicaleq,2,skip,skip,A,A,skip,A,skip,A,A,skip,skip,A,A,skip,skip,skip,A,A,skip,skip,0.25,random
14,radicaleq,1,A,A,A,skip,A,skip,A,skip,skip,skip,A,A,skip,A,A,A,skip,A,A,A,0.3,radicaleq
14,random,2,A,A,skip,A,skip,A,skip,skip,skip,A,A,skip,A,A,A,skip,A,A,A,skip,0.25,radicaleq
15,radicaleq,1,A,skip,A,skip,A,skip,A,skip,A,skip,A,skip,A,skip,A,skip,A,skip,A,skip,0.5,draw
15,rotate,2,skip,A,skip,A,skip,A,skip,A,skip,A,skip,A,skip,A,skip,A,skip,A,skip,A,0.5,draw
16,rotate,1,A,skip,A,skip,A,skip,A,skip,A,skip,A,skip,A,skip,A,skip,A,skip,A,skip,0.5,draw
16,radicaleq,2,skip,A,skip,A,skip,A,skip,A,skip,A,skip,A,skip,A,skip,A,skip,A,skip,A,0.5,draw
17,random3,1,A,A,A,A,A,A,A,A,A,A,A,A,A,A,A,A,A,A,A,A,0.05,random3
17,radicaleq,2,skip,A,A,A,A,A,A,A,A,A,A,A,A,A,A,A,A,A,A,A,0.0,random3
18,radicaleq,1,A,A,A,A,A,A,A,A,A,A,A,A,A,A,A,A,A,A,A,A,0.0,draw
18,random3,2,A,A,A,A,A,A,A,A,A,A,A,A,A,A,A,A,A,A,A,A,0.0,draw
19,radicaleq,1,A,skip,A,skip,A,skip,A,skip,A,skip,A,skip,A,skip,A,skip,A,skip,A,skip,0.5,draw
19,radicaleq,2,skip,A,skip,A,skip,A,skip,A,skip,A,skip,A,skip,A,skip,A,skip,A,skip,A,0.5,draw
20,radicaleq,1,A,skip,A,skip,A,skip,A,skip,A,skip,A,skip,A,skip,A,skip,A,skip,A,skip,0.5,draw
20,radicaleq,2,skip,A,skip,A,skip,A,skip,A,skip,A,skip,A,skip,A,skip,A,skip,A,skip,A,0.5,draw
21,rotate0,1,A,A,A,A,A,A,A,A,A,A,A,A,A,A,A,A,A,A,A,A,0.35,rotate0
21,random,2,A,A,skip,skip,skip,A,A,A,A,skip,skip,A,A,A,A,A,skip,A,A,skip,0.0,rotate0
22,random,1,A,A,A,A,A,skip,A,A,A,A,skip,skip,A,A,skip,skip,skip,skip,A,A,0.65,random
22,rotate0,2,skip,skip,skip,skip,skip,skip,skip,skip,skip,skip,skip,skip,skip,skip,skip,skip,skip,skip,skip,skip,0.0,random
23,rotate0,1,A,A,A,A,A,A,A,A,A,A,A,A,A,A,A,A,A,A,A,A,0.5,rotate0
23,rotate,2,skip,A,skip,A,skip,A,skip,A,skip,A,skip,A,skip,A,skip,A,skip,A,skip,A,0.0,rotate0
24,rotate,1,A,skip,A,skip,A,skip,A,skip,A,skip,A,skip,A,skip,A,skip,A,skip,A,skip,0.5,rotate
24,rotate0,2,skip,skip,skip,skip,skip,skip,skip,skip,skip,skip,skip,skip,skip,skip,skip,skip,skip,skip,skip,skip,0.0,rotate
25,rotate0,1,A,A,A,A,A,A,A,A,A,A,A,A,A,A,A,A,A,A,A,A,0.0,draw
25,random3,2,A,A,A,A,A,A,A,A,A,A,A,A,A,A,A,A,A,A,A,A,0.0,draw
26,random3,1,A,A,A,A,A,A,A,A,A,A,A,A,A,A,A,A,A,A,A,A,1.0,random3
26,rotate0,2,skip,skip,skip,skip,skip,skip,skip,skip,skip,skip,skip,skip,skip,skip,skip,skip,skip,skip,skip,skip,0.0,random3
27,rotate0,1,A,A,A,A,A,A,A,A,A,A,A,A,A,A,A,A,A,A,A,A,0.05,rotate0
27,radicaleq,2,skip,A,A,A,A,A,A,A,A,A,A,A,A,A,A,A,A,A,A,A,0.0,rotate0
28,radicaleq,1,A,skip,skip,skip,skip,skip,skip,skip,skip,skip,skip,skip,skip,skip,skip,skip,skip,skip,skip,skip,0.05,radicaleq
28,rotate0,2,skip,skip,skip,skip,skip,skip,skip,skip,skip,skip,skip,skip,skip,skip,skip,skip,skip,skip,skip,skip,0.0,radicaleq
29,rotate0,1,A,A,A,A,A,A,A,A,A,A,A,A,A,A,A,A,A,A,A,A,1.0,draw
29,rotate0,2,skip,skip,skip,skip,skip,skip,skip,skip,skip,skip,skip,skip,skip,skip,skip,skip,skip,skip,skip,skip,0.0,draw
30,rotate0,1,A,A,A,A,A,A,A,A,A,A,A,A,A,A,A,A,A,A,A,A,1.0,draw
30,rotate0,2,skip,skip,skip,skip,skip,skip,skip,skip,skip,skip,skip,skip,skip,skip,skip,skip,skip,skip,skip,skip,0.0,draw
31,caste,1,A,A,A,A,A,A,A,A,A,A,A,A,A,A,A,A,A,A,A,A,0.6,caste
31,random,2,A,skip,skip,skip,skip,skip,A,A,skip,A,skip,skip,A,skip,A,A,skip,skip,A,skip,0.0,caste
32,random,1,A,skip,skip,A,skip,A,skip,A,A,A,A,A,A,A,skip,A,A,skip,A,A,0.05,caste
32,caste,2,skip,skip,A,A,A,A,A,A,A,A,A,A,A,A,A,A,A,A,A,A,0.25,caste
33,rotate,1,A,skip,A,skip,A,skip,A,skip,A,skip,A,skip,A,skip,A,skip,A,skip,A,skip,0.05,caste
33,caste,2,skip,skip,A,A,A,A,A,A,A,A,A,A,A,A,A,A,A,A,A,A,0.45,caste
34,caste,1,A,A,A,A,A,A,A,A,A,A,A,A,A,A,A,A,A,A,A,A,0.5,caste
34,rotate,2,skip,A,skip,A,skip,A,skip,A,skip,A,skip,A,skip,A,skip,A,skip,A,skip,A,0.0,caste
35,caste,1,A,A,A,A,A,A,A,A,A,A,A,A,A,A,A,A,A,A,A,A,0.0,draw
35,random3,2,A,A,A,A,A,A,A,A,A,A,A,A,A,A,A,A,A,A,A,A,0.0,draw
36,random3,1,A,A,A,A,A,A,A,A,A,A,A,A,A,A,A,A,A,A,A,A,1.0,random3
36,caste,2,skip,skip,skip,skip,skip,skip,skip,skip,skip,skip,skip,skip,skip,skip,skip,skip,skip,skip,skip,skip,0.0,random3
37,radicaleq,1,A,skip,skip,A,A,A,A,A,A,A,A,A,A,A,A,A,A,A,A,A,0.05,draw
37,caste,2,skip,skip,A,A,A,A,A,A,A,A,A,A,A,A,A,A,A,A,A,A,0.05,draw
38,caste,1,A,A,A,A,A,A,A,A,A,A,A,A,A,A,A,A,A,A,A,A,0.05,caste
38,radicaleq,2,skip,A,A,A,A,A,A,A,A,A,A,A,A,A,A,A,A,A,A,A,0.0,caste
39,caste,1,A,A,A,A,A,A,A,A,A,A,A,A,A,A,A,A,A,A,A,A,1.0,caste
39,rotate0,2,skip,skip,skip,skip,skip,skip,skip,skip,skip,skip,skip,skip,skip,skip,skip,skip,skip,skip,skip,skip,0.0,caste
40,rotate0,1,A,A,A,A,A,A,A,A,A,A,A,A,A,A,A,A,A,A,A,A,1.0,rotate0
40,caste,2,skip,skip,skip,skip,skip,skip,skip,skip,skip,skip,skip,skip,skip,skip,skip,skip,skip,skip,skip,skip,0.0,rotate0
41,caste,1,A,A,A,A,A,A,A,A,A,A,A,A,A,A,A,A,A,A,A,A,1.0,draw
41,caste,2,skip,skip,skip,skip,skip,skip,skip,skip,skip,skip,skip,skip,skip,skip,skip,skip,skip,skip,skip,skip,0.0,draw
42,caste,1,A,A,A,A,A,A,A,A,A,A,A,A,A,A,A,A,A,A,A,A,1.0,draw
42,caste,2,skip,skip,skip,skip,skip,skip,skip,skip,skip,skip,skip,skip,skip,skip,skip,skip,skip,skip,skip,skip,0.0,draw
43,equalize,1,A,A,A,A,skip,A,A,A,A,A,A,A,A,A,skip,skip,skip,skip,skip,skip,0.35,equalize
43,random,2,A,A,skip,skip,skip,skip,A,A,skip,A,A,skip,skip,skip,A,A,A,A,A,skip,0.25,equalize
44,random,1,skip,A,A,skip,skip,A,skip,skip,skip,A,A,skip,A,A,skip,skip,skip,A,A,A,0.15,equalize
44,equalize,2,skip,A,A,A,A,A,A,A,skip,A,A,A,A,A,A,A,A,skip,skip,skip,0.4,equalize
45,rotate,1,A,skip,A,skip,A,skip,A,skip,A,skip,A,skip,A,skip,A,skip,A,skip,A,skip,0.5,draw
45,equalize,2,skip,A,skip,A,skip,A,skip,A,skip,A,skip,A,skip,A,skip,A,skip,A,skip,A,0.5,draw
46,equalize,1,A,skip,A,skip,A,skip,A,skip,A,skip,A,skip,A,skip,A,skip,A,skip,A,skip,0.5,draw
46,rotate,2,skip,A,skip,A,skip,A,skip,A,skip,A,skip,A,skip,A,skip,A,skip,A,skip,A,0.5,draw
47,equalize,1,A,A,A,A,A,A,A,A,A,A,A,A,A,A,A,A,A,A,A,A,0.0,draw
47,random3,2,A,A,A,A,A,A,A,A,A,A,A,A,A,A,A,A,A,A,A,A,0.0,draw
48,random3,1,A,A,A,A,A,A,A,A,A,A,A,A,A,A,A,A,A,A,A,A,0.05,random3
48,equalize,2,skip,A,A,A,A,A,A,A,A,A,A,A,A,A,A,A,A,A,A,A,0.0,random3
49,radicaleq,1,A,skip,A,skip,A,skip,A,skip,A,skip,A,skip,A,skip,A,skip,A,skip,A,skip,0.5,draw
49,equalize,2,skip,A,skip,A,skip,A,skip,A,skip,A,skip,A,skip,A,skip,A,skip,A,skip,A,0.5,draw
50,equalize,1,A,skip,A,skip,A,skip,A,skip,A,skip,A,skip,A,skip,A,skip,A,skip,A,skip,0.5,draw
50,radicaleq,2,skip,A,skip,A,skip,A,skip,A,skip,A,skip,A,skip,A,skip,A,skip,A,skip,A,0.5,draw
51,equalize,1,A,skip,A,skip,A,A,skip,A,A,skip,A,A,skip,A,A,skip,A,A,skip,A,0.65,equalize
51,rotate0,2,skip,skip,skip,skip,skip,skip,skip,skip,skip,skip,skip,skip,skip,skip,skip,skip,skip,skip,skip,skip,0.0,equalize
52,rotate0,1,A,A,A,A,A,A,A,A,A,A,A,A,A,A,A,A,A,A,A,A,0.05,rotate0
52,equalize,2,skip,A,A,A,A,A,A,A,A,A,A,A,A,A,A,A,A,A,A,A,0.0,rotate0
53,caste,1,A,A,A,A,A,A,A,A,A,A,A,A,A,A,A,A,A,A,A,A,0.05,caste
53,equalize,2,skip,A,A,A,A,A,A,A,A,A,A,A,A,A,A,A,A,A,A,A,0.0,caste
54,equalize,1,A,skip,A,A,A,A,A,A,A,A,A,A,A,A,A,A,A,A,A,A,0.05,equalize
54,caste,2,skip,skip,A,A,A,A,A,A,A,A,A,A,A,A,A,A,A,A,A,A,0.0,equalize
55,equalize,1,A,skip,A,skip,A,skip,A,skip,A,skip,A,skip,A,skip,A,skip,A,skip,A,skip,0.5,draw
55,equalize,2,skip,A,skip,A,skip,A,skip,A,skip,A,skip,A,skip,A,skip,A,skip,A,skip,A,0.5,draw
56,equalize,1,A,skip,A,skip,A,skip,A,skip,A,skip,A,skip,A,skip,A,skip,A,skip,A,skip,0.5,draw
56,equalize,2,skip,A,skip,A,skip,A,skip,A,skip,A,skip,A,skip,A,skip,A,skip,A,skip,A,0.5,draw
57,random,1,skip,A,skip,A,A,skip,A,A,skip,skip,A,skip,skip,skip,A,A,skip,A,skip,skip,0.15,turntaking
57,turntaking,2,A,skip,A,skip,A,A,skip,A,A,skip,A,A,A,skip,A,A,A,A,A,A,0.45,turntaking
58,turntaking,1,skip,A,skip,A,A,A,A,skip,skip,A,A,A,A,A,A,A,A,skip,skip,skip,0.35,turntaking
58,random,2,skip,skip,skip,A,A,skip,skip,A,skip,A,skip,A,A,skip,A,skip,skip,A,A,skip,0.15,turntaking
59,turntaking,1,skip,A,A,skip,A,skip,A,skip,A,skip,A,skip,A,skip,A,skip,A,skip,A,skip,0.45,draw
59,rotate,2,skip,A,skip,A,skip,A,skip,A,skip,A,skip,A,skip,A,skip,A,skip,A,skip,A,0.45,draw
60,rotate,1,A,skip,A,skip,A,skip,A,skip,A,skip,A,skip,A,skip,A,skip,A,skip,A,skip,0.45,turntaking
60,turntaking,2,A,A,skip,A,skip,A,skip,A,skip,A,skip,A,skip,A,skip,A,skip,A,skip,A,0.5,turntaking
61,random3,1,A,A,A,A,A,A,A,A,A,A,A,A,A,A,A,A,A,A,A,A,0.0,draw
61,turntaking,2,A,A,A,A,A,A,A,A,A,A,A,A,A,A,A,A,A,A,A,A,0.0,draw
62,turntaking,1,skip,A,A,A,A,A,A,A,A,A,A,A,A,A,A,A,A,A,A,A,0.0,random3
62,random3,2,A,A,A,A,A,A,A,A,A,A,A,A,A,A,A,A,A,A,A,A,0.05,random3
63,turntaking,1,skip,A,skip,A,skip,A,skip,A,skip,A,skip,A,skip,A,skip,A,skip,A,skip,A,0.5,turntaking
63,radicaleq,2,skip,skip,A,skip,A,skip,A,skip,A,skip,A,skip,A,skip,A,skip,A,skip,A,skip,0.45,turntaking
64,radicaleq,1,A,A,A,A,A,A,A,A,A,A,A,A,A,A,A,A,A,A,A,A,0.0,draw
64,turntaking,2,A,A,A,A,A,A,A,A,A,A,A,A,A,A,A,A,A,A,A,A,0.0,draw
65,rotate0,1,A,A,A,A,A,A,A,A,A,A,A,A,A,A,A,A,A,A,A,A,0.0,draw
65,turntaking,2,A,A,A,A,A,A,A,A,A,A,A,A,A,A,A,A,A,A,A,A,0.0,draw
66,turntaking,1,skip,A,skip,A,skip,A,skip,A,skip,A,skip,A,skip,A,skip,A,skip,A,skip,A,0.5,turntaking
66,rotate0,2,skip,skip,skip,skip,skip,skip,skip,skip,skip,skip,skip,skip,skip,skip,skip,skip,skip,skip,skip,skip,0.0,turntaking
67,turntaking,1,skip,A,A,A,A,A,A,A,A,A,A,A,A,A,A,A,A,A,A,A,0.0,draw
67,caste,2,skip,A,A,A,A,A,A,A,A,A,A,A,A,A,A,A,A,A,A,A,0.0,draw
68,caste,1,A,A,A,A,A,A,A,A,A,A,A,A,A,A,A,A,A,A,A,A,0.0,draw
68,turntaking,2,A,A,A,A,A,A,A,A,A,A,A,A,A,A,A,A,A,A,A,A,0.0,draw
69,equalize,1,A,A,A,A,A,A,A,A,A,A,A,A,A,A,A,A,A,A,A,A,0.0,draw
69,turntaking,2,A,A,A,A,A,A,A,A,A,A,A,A,A,A,A,A,A,A,A,A,0.0,draw
70,turntaking,1,skip,A,A,A,A,A,A,A,A,A,A,A,A,A,A,A,A,A,A,A,0.0,draw
70,equalize,2,skip,A,A,A,A,A,A,A,A,A,A,A,A,A,A,A,A,A,A,A,0.0,draw
71,turntaking,1,skip,A,skip,A,skip,A,skip,A,skip,A,skip,A,skip,A,skip,A,skip,A,skip,A,0.5,draw
71,turntaking,2,A,skip,A,skip,A,skip,A,skip,A,skip,A,skip,A,skip,A,skip,A,skip,A,skip,0.5,draw
72,turntaking,1,skip,A,skip,A,skip,A,skip,A,skip,A,skip,A,skip,A,skip,A,skip,A,skip,A,0.5,draw
72,turntaking,2,A,skip,A,skip,A,skip,A,skip,A,skip,A,skip,A,skip,A,skip,A,skip,A,skip,0.5,draw
73,random,1,skip,A,skip,A,skip,A,skip,A,A,A,A,A,skip,skip,skip,skip,skip,A,A,A,0.35,draw
73,random,2,A,A,skip,skip,skip,A,A,A,skip,skip,A,skip,skip,A,A,A,A,skip,skip,skip,0.3,draw
74,random,1,A,A,skip,skip,skip,skip,A,skip,A,skip,skip,skip,skip,skip,skip,A,A,skip,skip,A,0.25,draw
74,random,2,skip,skip,skip,skip,A,A,A,A,skip,skip,A,skip,skip,skip,A,skip,A,skip,A,skip,0.3,draw
75,random,1,A,skip,skip,skip,skip,skip,A,skip,A,A,skip,skip,A,A,A,skip,A,A,skip,A,0.3,draw
75,rotate,2,skip,A,skip,A,skip,A,skip,A,skip,A,skip,A,skip,A,skip,A,skip,A,skip,A,0.3,draw
76,rotate,1,A,skip,A,skip,A,skip,A,skip,A,skip,A,skip,A,skip,A,skip,A,skip,A,skip,0.25,random
76,random,2,A,A,skip,skip,A,A,A,skip,skip,A,A,A,skip,A,skip,A,A,skip,skip,skip,0.3,random
77,rotate,1,A,skip,A,skip,A,skip,A,skip,A,skip,A,skip,A,skip,A,skip,A,skip,A,skip,0.5,draw
77,rotate,2,skip,A,skip,A,skip,A,skip,A,skip,A,skip,A,skip,A,skip,A,skip,A,skip,A,0.5,draw
78,rotate,1,A,skip,A,skip,A,skip,A,skip,A,skip,A,skip,A,skip,A,skip,A,skip,A,skip,0.5,draw
78,rotate,2,skip,A,skip,A,skip,A,skip,A,skip,A,skip,A,skip,A,skip,A,skip,A,skip,A,0.5,draw
79,random3,1,A,A,A,A,A,A,A,A,A,A,A,A,A,A,A,A,A,A,A,A,0.55,random3
79,random,2,A,A,skip,skip,A,skip,skip,A,skip,skip,A,skip,skip,A,A,A,skip,A,skip,skip,0.0,random3
80,random,1,skip,skip,skip,skip,skip,A,A,skip,A,A,A,skip,skip,skip,A,skip,A,skip,A,A,0.0,random3
80,random3,2,A,A,A,A,A,A,A,A,A,A,A,A,A,A,A,A,A,A,A,A,0.55,random3
81,rotate,1,A,skip,A,skip,A,skip,A,skip,A,skip,A,skip,A,skip,A,skip,A,skip,A,skip,0.0,random3
81,random3,2,A,A,A,A,A,A,A,A,A,A,A,A,A,A,A,A,A,A,A,A,0.5,random3
82,random3,1,A,A,A,A,A,A,A,A,A,A,A,A,A,A,A,A,A,A,A,A,0.5,random3
82,rotate,2,skip,A,skip,A,skip,A,skip,A,skip,A,skip,A,skip,A,skip,A,skip,A,skip,A,0.0,random3
83,random3,1,A,A,A,A,A,A,A,A,A,A,A,A,A,A,A,A,A,A,A,A,0.0,draw
83,random3,2,A,A,A,A,A,A,A,A,A,A,A,A,A,A,A,A,A,A,A,A,0.0,draw
84,random3,1,A,A,A,A,A,A,A,A,A,A,A,A,A,A,A,A,A,A,A,A,0.0,draw
84,random3,2,A,A,A,A,A,A,A,A,A,A,A,A,A,A,A,A,A,A,A,A,0.0,draw
85,random,1,skip,A,skip,A,A,skip,skip,A,skip,A,A,A,A,A,A,skip,skip,skip,skip,skip,0.2,draw
85,radicaleq,2,skip,skip,A,skip,A,A,skip,skip,A,skip,A,A,A,A,A,A,skip,skip,skip,skip,0.2,draw
86,radicaleq,1,A,A,A,skip,A,A,skip,skip,A,skip,skip,skip,A,A,skip,skip,A,skip,A,skip,0.3,draw
86,random,2,A,A,skip,A,A,skip,skip,A,skip,skip,skip,A,A,skip,skip,A,skip,A,skip,A,0.3,draw
87,radicaleq,1,A,skip,A,skip,A,skip,A,skip,A,skip,A,skip,A,skip,A,skip,A,skip,A,skip,0.5,draw
87,rotate,2,skip,A,skip,A,skip,A,skip,A,skip,A,skip,A,skip,A,skip,A,skip,A,skip,A,0.5,draw
88,rotate,1,A,skip,A,skip,A,skip,A,skip,A,skip,A,skip,A,skip,A,skip,A,skip,A,skip,0.5,draw
88,radicaleq,2,skip,A,skip,A,skip,A,skip,A,skip,A,skip,A,skip,A,skip,A,skip,A,skip,A,0.5,draw
89,random3,1,A,A,A,A,A,A,A,A,A,A,A,A,A,A,A,A,A,A,A,A,0.05,random3
89,radicaleq,2,skip,A,A,A,A,A,A,A,A,A,A,A,A,A,A,A,A,A,A,A,0.0,random3
90,radicaleq,1,A,A,A,A,A,A,A,A,A,A,A,A,A,A,A,A,A,A,A,A,0.0,draw
90,random3,2,A,A,A,A,A,A,A,A,A,A,A,A,A,A,A,A,A,A,A,A,0.0,draw
91,radicaleq,1,A,skip,A,skip,A,skip,A,skip,A,skip,A,skip,A,skip,A,skip,A,skip,A,skip,0.5,draw
91,radicaleq,2,skip,A,skip,A,skip,A,skip,A,skip,A,skip,A,skip,A,skip,A,skip,A,skip,A,0.5,draw
92,radicaleq,1,A,skip,A,skip,A,skip,A,skip,A,skip,A,skip,A,skip,A,skip,A,skip,A,skip,0.5,draw
92,radicaleq,2,skip,A,skip,A,skip,A,skip,A,skip,A,skip,A,skip,A,skip,A,skip,A,skip,A,0.5,draw
93,rotate0,1,A,A,A,A,A,A,A,A,A,A,A,A,A,A,A,A,A,A,A,A,0.75,rotate0
93,random,2,skip,skip,skip,skip,A,A,A,skip,skip,skip,skip,skip,A,skip,skip,skip,skip,A,skip,skip,0.0,rotate0
94,random,1,skip,A,skip,A,A,skip,A,skip,skip,A,skip,skip,skip,A,skip,A,A,skip,skip,A,0.45,random
94,rotate0,2,skip,skip,skip,skip,skip,skip,skip,skip,skip,skip,skip,skip,skip,skip,skip,skip,skip,skip,skip,skip,0.0,random
95,rotate0,1,A,A,A,A,A,A,A,A,A,A,A,A,A,A,A,A,A,A,A,A,0.5,rotate0
95,rotate,2,skip,A,skip,A,skip,A,skip,A,skip,A,skip,A,skip,A,skip,A,skip,A,skip,A,0.0,rotate0
96,rotate,1,A,skip,A,skip,A,skip,A,skip,A,skip,A,skip,A,skip,A,skip,A,skip,A,skip,0.5,rotate
96,rotate0,2,skip,skip,skip,skip,skip,skip,skip,skip,skip,skip,skip,skip,skip,skip,skip,skip,skip,skip,skip,skip,0.0,rotate
97,rotate0,1,A,A,A,A,A,A,A,A,A,A,A,A,A,A,A,A,A,A,A,A,0.0,draw
97,random3,2,A,A,A,A,A,A,A,A,A,A,A,A,A,A,A,A,A,A,A,A,0.0,draw
98,random3,1,A,A,A,A,A,A,A,A,A,A,A,A,A,A,A,A,A,A,A,A,1.0,random3
98,rotate0,2,skip,skip,skip,skip,skip,skip,skip,skip,skip,skip,skip,skip,skip,skip,skip,skip,skip,skip,skip,skip,0.0,random3
99,rotate0,1,A,A,A,A,A,A,A,A,A,A,A,A,A,A,A,A,A,A,A,A,0.05,rotate0
99,radicaleq,2,skip,A,A,A,A,A,A,A,A,A,A,A,A,A,A,A,A,A,A,A,0.0,rotate0
100,radicaleq,1,A,skip,skip,skip,skip,skip,skip,skip,skip,skip,skip,skip,skip,skip,skip,skip,skip,skip,skip,skip,0.05,radicaleq
100,rotate0,2,skip,skip,skip,skip,skip,skip,skip,skip,skip,skip,skip,skip,skip,skip,skip,skip,skip,skip,skip,skip,0.0,radicaleq
101,rotate0,1,A,A,A,A,A,A,A,A,A,A,A,A,A,A,A,A,A,A,A,A,1.0,draw
101,rotate0,2,skip,skip,skip,skip,skip,skip,skip,skip,skip,skip,skip,skip,skip,skip,skip,skip,skip,skip,skip,skip,0.0,draw
102,rotate0,1,A,A,A,A,A,A,A,A,A,A,A,A,A,A,A,A,A,A,A,A,1.0,draw
102,rotate0,2,skip,skip,skip,skip,skip,skip,skip,skip,skip,skip,skip,skip,skip,skip,skip,skip,skip,skip,skip,skip,0.0,draw
103,caste,1,A,A,A,A,A,A,A,A,A,A,A,A,A,A,A,A,A,A,A,A,0.5,caste
103,random,2,A,skip,skip,A,A,skip,skip,A,skip,skip,skip,A,skip,A,A,skip,A,skip,A,A,0.0,caste
104,random,1,skip,A,A,skip,skip,skip,skip,skip,skip,A,skip,A,skip,A,A,skip,A,skip,A,skip,0.0,caste
104,caste,2,skip,A,A,A,A,A,A,A,A,A,A,A,A,A,A,A,A,A,A,A,0.55,caste
105,rotate,1,A,skip,A,skip,A,skip,A,skip,A,skip,A,skip,A,skip,A,skip,A,skip,A,skip,0.05,caste
105,caste,2,skip,skip,A,A,A,A,A,A,A,A,A,A,A,A,A,A,A,A,A,A,0.45,caste
106,caste,1,A,A,A,A,A,A,A,A,A,A,A,A,A,A,A,A,A,A,A,A,0.5,caste
106,rotate,2,skip,A,skip,A,skip,A,skip,A,skip,A,skip,A,skip,A,skip,A,skip,A,skip,A,0.0,caste
107,caste,1,A,A,A,A,A,A,A,A,A,A,A,A,A,A,A,A,A,A,A,A,0.0,draw
107,random3,2,A,A,A,A,A,A,A,A,A,A,A,A,A,A,A,A,A,A,A,A,0.0,draw
108,random3,1,A,A,A,A,A,A,A,A,A,A,A,A,A,A,A,A,A,A,A,A,1.0,random3
108,caste,2,skip,skip,skip,skip,skip,skip,skip,skip,skip,skip,skip,skip,skip,skip,skip,skip,skip,skip,skip,skip,0.0,random3
109,radicaleq,1,A,skip,skip,A,A,A,A,A,A,A,A,A,A,A,A,A,A,A,A,A,0.05,draw
109,caste,2,skip,skip,A,A,A,A,A,A,A,A,A,A,A,A,A,A,A,A,A,A,0.05,draw
110,caste,1,A,A,A,A,A,A,A,A,A,A,A,A,A,A,A,A,A,A,A,A,0.05,caste
110,radicaleq,2,skip,A,A,A,A,A,A,A,A,A,A,A,A,A,A,A,A,A,A,A,0.0,caste
111,caste,1,A,A,A,A,A,A,A,A,A,A,A,A,A,A,A,A,A,A,A,A,1.0,caste
111,rotate0,2,skip,skip,skip,skip,skip,skip,skip,skip,skip,skip,skip,skip,skip,skip,skip,skip,skip,skip,skip,skip,0.0,caste
112,rotate0,1,A,A,A,A,A,A,A,A,A,A,A,A,A,A,A,A,A,A,A,A,1.0,rotate0
112,caste,2,skip,skip,skip,skip,skip,skip,skip,skip,skip,skip,skip,skip,skip,skip,skip,skip,skip,skip,skip,skip,0.0,rotate0
113,caste,1,A,A,A,A,A,A,A,A,A,A,A,A,A,A,A,A,A,A,A,A,1.0,draw
113,caste,2,skip,skip,skip,skip,skip,skip,skip,skip,skip,skip,skip,skip,skip,skip,skip,skip,skip,skip,skip,skip,0.0,draw
114,caste,1,A,A,A,A,A,A,A,A,A,A,A,A,A,A,A,A,A,A,A,A,1.0,draw
114,caste,2,skip,skip,skip,skip,skip,skip,skip,skip,skip,skip,skip,skip,skip,skip,skip,skip,skip,skip,skip,skip,0.0,draw
115,equalize,1,A,A,skip,A,A,A,A,skip,skip,A,skip,A,A,skip,A,A,skip,A,A,A,0.3,equalize
115,random,2,A,skip,A,A,A,skip,skip,A,A,skip,A,A,skip,A,A,skip,skip,A,A,A,0.25,equalize
116,random,1,skip,skip,A,A,skip,A,A,skip,skip,skip,skip,skip,skip,skip,A,skip,skip,skip,A,skip,0.2,equalize
116,equalize,2,skip,A,skip,skip,A,skip,A,A,skip,A,A,skip,A,A,skip,skip,A,skip,A,A,0.45,equalize
117,rotate,1,A,skip,A,skip,A,skip,A,skip,A,skip,A,skip,A,skip,A,skip,A,skip,A,skip,0.5,draw
117,equalize,2,skip,A,skip,A,skip,A,skip,A,skip,A,skip,A,skip,A,skip,A,skip,A,skip,A,0.5,draw
118,equalize,1,A,skip,A,skip,A,skip,A,skip,A,skip,A,skip,A,skip,A,skip,A,skip,A,skip,0.5,draw
118,rotate,2,skip,A,skip,A,skip,A,skip,A,skip,A,skip,A,skip,A,skip,A,skip,A,skip,A,0.5,draw
119,equalize,1,A,A,A,A,A,A,A,A,A,A,A,A,A,A,A,A,A,A,A,A,0.0,draw
119,random3,2,A,A,A,A,A,A,A,A,A,A,A,A,A,A,A,A,A,A,A,A,0.0,draw
120,random3,1,A,A,A,A,A,A,A,A,A,A,A,A,A,A,A,A,A,A,A,A,0.05,random3
120,equalize,2,skip,A,A,A,A,A,A,A,A,A,A,A,A,A,A,A,A,A,A,A,0.0,random3
121,radicaleq,1,A,skip,A,skip,A,skip,A,skip,A,skip,A,skip,A,skip,A,skip,A,skip,A,skip,0.5,draw
121,equalize,2,skip,A,skip,A,skip,A,skip,A,skip,A,skip,A,skip,A,skip,A,skip,A,skip,A,0.5,draw
122,equalize,1,A,skip,A,skip,A,skip,A,skip,A,skip,A,skip,A,skip,A,skip,A,skip,A,skip,0.5,draw
122,radicaleq,2,skip,A,skip,A,skip,A,skip,A,skip,A,skip,A,skip,A,skip,A,skip,A,skip,A,0.5,draw
123,equalize,1,A,skip,A,skip,A,A,skip,A,A,skip,A,A,skip,A,A,skip,A,A,skip,A,0.65,equalize
123,rotate0,2,skip,skip,skip,skip,skip,skip,skip,skip,skip,skip,skip,skip,skip,skip,skip,skip,skip,skip,skip,skip,0.0,equalize
124,rotate0,1,A,A,A,A,A,A,A,A,A,A,A,A,A,A,A,A,A,A,A,A,0.05,rotate0
124,equalize,2,skip,A,A,A,A,A,A,A,A,A,A,A,A,A,A,A,A,A,A,A,0.0,rotate0
125,caste,1,A,A,A,A,A,A,A,A,A,A,A,A,A,A,A,A,A,A,A,A,0.05,caste
125,equalize,2,skip,A,A,A,A,A,A,A,A,A,A,A,A,A,A,A,A,A,A,A,0.0,caste
126,equalize,1,A,skip,A,A,A,A,A,A,A,A,A,A,A,A,A,A,A,A,A,A,0.05,equalize
126,caste,2,skip,skip,A,A,A,A,A,A,A,A,A,A,A,A,A,A,A,A,A,A,0.0,equalize
127,equalize,1,A,skip,A,skip,A,skip,A,skip,A,skip,A,skip,A,skip,A,skip,A,skip,A,skip,0.5,draw
127,equalize,2,skip,A,skip,A,skip,A,skip,A,skip,A,skip,A,skip,A,skip,A,skip,A,skip,A,0.5,draw
128,equalize,1,A,skip,A,skip,A,skip,A,skip,A,skip,A,skip,A,skip,A,skip,A,skip,A,skip,0.5,draw
128,equalize,2,skip,A,skip,A,skip,A,skip,A,skip,A,skip,A,skip,A,skip,A,skip,A,skip,A,0.5,draw
129,random,1,A,A,skip,skip,skip,A,A,A,skip,A,A,skip,A,A,skip,skip,skip,skip,A,A,0.2,turntaking
129,turntaking,2,A,A,A,skip,A,skip,skip,A,A,skip,A,A,skip,A,A,skip,A,skip,A,A,0.3,turntaking
130,turntaking,1,skip,A,skip,A,skip,A,A,skip,skip,A,skip,A,A,A,A,A,skip,skip,A,skip,0.35,random
130,random,2,A,skip,A,skip,skip,A,skip,A,A,skip,A,A,A,A,skip,skip,A,A,skip,A,0.4,random
131,turntaking,1,skip,A,A,skip,A,skip,A,skip,A,skip,A,skip,A,skip,A,skip,A,skip,A,skip,0.45,draw
131,rotate,2,skip,A,skip,A,skip,A,skip,A,skip,A,skip,A,skip,A,skip,A,skip,A,skip,A,0.45,draw
132,rotate,1,A,skip,A,skip,A,skip,A,skip,A,skip,A,skip,A,skip,A,skip,A,skip,A,skip,0.45,turntaking
132,turntaking,2,A,A,skip,A,skip,A,skip,A,skip,A,skip,A,skip,A,skip,A,skip,A,skip,A,0.5,turntaking
133,random3,1,A,A,A,A,A,A,A,A,A,A,A,A,A,A,A,A,A,A,A,A,0.0,draw
133,turntaking,2,A,A,A,A,A,A,A,A,A,A,A,A,A,A,A,A,A,A,A,A,0.0,draw
134,turntaking,1,skip,A,A,A,A,A,A,A,A,A,A,A,A,A,A,A,A,A,A,A,0.0,random3
134,random3,2,A,A,A,A,A,A,A,A,A,A,A,A,A,A,A,A,A,A,A,A,0.05,random3
135,turntaking,1,skip,A,skip,A,skip,A,skip,A,skip,A,skip,A,skip,A,skip,A,skip,A,skip,A,0.5,turntaking
135,radicaleq,2,skip,skip,A,skip,A,skip,A,skip,A,skip,A,skip,A,skip,A,skip,A,skip,A,skip,0.45,turntaking
136,radicaleq,1,A,A,A,A,A,A,A,A,A,A,A,A,A,A,A,A,A,A,A,A,0.0,draw
136,turntaking,2,A,A,A,A,A,A,A,A,A,A,A,A,A,A,A,A,A,A,A,A,0.0,draw
137,rotate0,1,A,A,A,A,A,A,A,A,A,A,A,A,A,A,A,A,A,A,A,A,0.0,draw
137,turntaking,2,A,A,A,A,A,A,A,A,A,A,A,A,A,A,A,A,A,A,A,A,0.0,draw
138,turntaking,1,skip,A,skip,A,skip,A,skip,A,skip,A,skip,A,skip,A,skip,A,skip,A,skip,A,0.5,turntaking
138,rotate0,2,skip,skip,skip,skip,skip,skip,skip,skip,skip,skip,skip,skip,skip,skip,skip,skip,skip,skip,skip,skip,0.0,turntaking
139,turntaking,1,skip,A,A,A,A,A,A,A,A,A,A,A,A,A,A,A,A,A,A,A,0.0,draw
139,caste,2,skip,A,A,A,A,A,A,A,A,A,A,A,A,A,A,A,A,A,A,A,0.0,draw
140,caste,1,A,A,A,A,A,A,A,A,A,A,A,A,A,A,A,A,A,A,A,A,0.0,draw
140,turntaking,2,A,A,A,A,A,A,A,A,A,A,A,A,A,A,A,A,A,A,A,A,0.0,draw
141,equalize,1,A,A,A,A,A,A,A,A,A,A,A,A,A,A,A,A,A,A,A,A,0.0,draw
141,turntaking,2,A,A,A,A,A,A,A,A,A,A,A,A,A,A,A,A,A,A,A,A,0.0,draw
142,turntaking,1,skip,A,A,A,A,A,A,A,A,A,A,A,A,A,A,A,A,A,A,A,0.0,draw
142,equalize,2,skip,A,A,A,A,A,A,A,A,A,A,A,A,A,A,A,A,A,A,A,0.0,draw
143,turntaking,1,skip,A,skip,A,skip,A,skip,A,skip,A,skip,A,skip,A,skip,A,skip,A,skip,A,0.5,draw
143,turntaking,2,A,skip,A,skip,A,skip,A,skip,A,skip,A,skip,A,skip,A,skip,A,skip,A,skip,0.5,draw
144,turntaking,1,skip,A,skip,A,skip,A,skip,A,skip,A,skip,A,skip,A,skip,A,skip,A,skip,A,0.5,draw
144,turntaking,2,A,skip,A,skip,A,skip,A,skip,A,skip,A,skip,A,skip,A,skip,A,skip,A,skip,0.5,draw
145,random,1,A,skip,skip,skip,skip,A,A,skip,A,skip,skip,A,A,A,A,A,A,skip,skip,A,0.3,draw
145,random,2,A,A,skip,A,A,skip,skip,skip,skip,A,A,skip,A,skip,A,A,skip,A,A,A,0.35,draw
146,random,1,skip,A,skip,A,skip,skip,A,skip,A,A,skip,skip,A,A,A,skip,A,A,skip,A,0.35,draw
146,random,2,skip,skip,skip,A,skip,skip,skip,A,skip,A,A,A,A,skip,skip,skip,skip,A,A,skip,0.2,draw
147,random,1,skip,A,skip,skip,skip,A,skip,A,A,skip,A,A,A,skip,A,skip,skip,skip,skip,A,0.2,rotate
147,rotate,2,skip,A,skip,A,skip,A,skip,A,skip,A,skip,A,skip,A,skip,A,skip,A,skip,A,0.25,rotate
148,rotate,1,A,skip,A,skip,A,skip,A,skip,A,skip,A,skip,A,skip,A,skip,A,skip,A,skip,0.1,random
148,random,2,A,skip,A,A,A,A,A,A,skip,A,A,A,skip,skip,A,A,A,skip,A,skip,0.3,random
149,rotate,1,A,skip,A,skip,A,skip,A,skip,A,skip,A,skip,A,skip,A,skip,A,skip,A,skip,0.5,draw
149,rotate,2,skip,A,skip,A,skip,A,skip,A,skip,A,skip,A,skip,A,skip,A,skip,A,skip,A,0.5,draw
150,rotate,1,A,skip,A,skip,A,skip,A,skip,A,skip,A,skip,A,skip,A,skip,A,skip,A,skip,0.5,draw
150,rotate,2,skip,A,skip,A,skip,A,skip,A,skip,A,skip,A,skip,A,skip,A,skip,A,skip,A,0.5,draw
151,random3,1,A,A,A,A,A,A,A,A,A,A,A,A,A,A,A,A,A,A,A,A,0.6,random3
151,random,2,A,skip,skip,skip,A,skip,A,skip,skip,skip,A,A,A,skip,skip,A,skip,skip,A,skip,0.0,random3
152,random,1,A,skip,A,A,A,skip,A,skip,skip,skip,skip,skip,A,skip,skip,A,skip,skip,A,skip,0.0,random3
152,random3,2,A,A,A,A,A,A,A,A,A,A,A,A,A,A,A,A,A,A,A,A,0.6,random3
153,rotate,1,A,skip,A,skip,A,skip,A,skip,A,skip,A,skip,A,skip,A,skip,A,skip,A,skip,0.0,random3
153,random3,2,A,A,A,A,A,A,A,A,A,A,A,A,A,A,A,A,A,A,A,A,0.5,random3
154,random3,1,A,A,A,A,A,A,A,A,A,A,A,A,A,A,A,A,A,A,A,A,0.5,random3
154,rotate,2,skip,A,skip,A,skip,A,skip,A,skip,A,skip,A,skip,A,skip,A,skip,A,skip,A,0.0,random3
155,random3,1,A,A,A,A,A,A,A,A,A,A,A,A,A,A,A,A,A,A,A,A,0.0,draw
155,random3,2,A,A,A,A,A,A,A,A,A,A,A,A,A,A,A,A,A,A,A,A,0.0,draw
156,random3,1,A,A,A,A,A,A,A,A,A,A,A,A,A,A,A,A,A,A,A,A,0.0,draw
156,random3,2,A,A,A,A,A,A,A,A,A,A,A,A,A,A,A,A,A,A,A,A,0.0,draw
157,random,1,A,skip,A,skip,skip,skip,skip,skip,A,skip,A,A,A,A,A,A,skip,A,A,skip,0.25,draw
157,radicaleq,2,skip,A,skip,A,skip,skip,skip,skip,skip,A,skip,A,A,A,A,A,A,skip,A,A,0.25,draw
158,radicaleq,1,A,skip,A,A,skip,A,A,skip,skip,A,A,skip,skip,skip,A,A,A,A,A,skip,0.25,draw
158,random,2,skip,A,A,skip,A,A,skip,skip,A,A,skip,skip,skip,A,A,A,A,A,skip,A,0.25,draw
159,radicaleq,1,A,skip,A,skip,A,skip,A,skip,A,skip,A,skip,A,skip,A,skip,A,skip,A,skip,0.5,draw
159,rotate,2,skip,A,skip,A,skip,A,skip,A,skip,A,skip,A,skip,A,skip,A,skip,A,skip,A,0.5,draw
160,rotate,1,A,skip,A,skip,A,skip,A,skip,A,skip,A,skip,A,skip,A,skip,A,skip,A,skip,0.5,draw
160,radicaleq,2,skip,A,skip,A,skip,A,skip,A,skip,A,skip,A,skip,A,skip,A,skip,A,skip,A,0.5,draw
161,random3,1,A,A,A,A,A,A,A,A,A,A,A,A,A,A,A,A,A,A,A,A,0.05,random3
161,radicaleq,2,skip,A,A,A,A,A,A,A,A,A,A,A,A,A,A,A,A,A,A,A,0.0,random3
162,radicaleq,1,A,A,A,A,A,A,A,A,A,A,A,A,A,A,A,A,A,A,A,A,0.0,draw
162,random3,2,A,A,A,A,A,A,A,A,A,A,A,A,A,A,A,A,A,A,A,A,0.0,draw
163,radicaleq,1,A,skip,A,skip,A,skip,A,skip,A,skip,A,skip,A,skip,A,skip,A,skip,A,skip,0.5,draw
163,radicaleq,2,skip,A,skip,A,skip,A,skip,A,skip,A,skip,A,skip,A,skip,A,skip,A,skip,A,0.5,draw
164,radicaleq,1,A,skip,A,skip,A,skip,A,skip,A,skip,A,skip,A,skip,A,skip,A,skip,A,skip,0.5,draw
164,radicaleq,2,skip,A,skip,A,skip,A,skip,A,skip,A,skip,A,skip,A,skip,A,skip,A,skip,A,0.5,draw
165,rotate0,1,A,A,A,A,A,A,A,A,A,A,A,A,A,A,A,A,A,A,A,A,0.6,rotate0
165,random,2,A,A,A,skip,skip,skip,skip,A,A,A,skip,skip,skip,skip,skip,skip,A,skip,skip,A,0.0,rotate0
166,random,1,A,A,skip,A,A,skip,A,skip,A,A,skip,A,skip,A,skip,A,A,skip,A,A,0.65,random
166,rotate0,2,skip,skip,skip,skip,skip,skip,skip,skip,skip,skip,skip,skip,skip,skip,skip,skip,skip,skip,skip,skip,0.0,random
167,rotate0,1,A,A,A,A,A,A,A,A,A,A,A,A,A,A,A,A,A,A,A,A,0.5,rotate0
167,rotate,2,skip,A,skip,A,skip,A,skip,A,skip,A,skip,A,skip,A,skip,A,skip,A,skip,A,0.0,rotate0
168,rotate,1,A,skip,A,skip,A,skip,A,skip,A,skip,A,skip,A,skip,A,skip,A,skip,A,skip,0.5,rotate
168,rotate0,2,skip,skip,skip,skip,skip,skip,skip,skip,skip,skip,skip,skip,skip,skip,skip,skip,skip,skip,skip,skip,0.0,rotate
169,rotate0,1,A,A,A,A,A,A,A,A,A,A,A,A,A,A,A,A,A,A,A,A,0.0,draw
169,random3,2,A,A,A,A,A,A,A,A,A,A,A,A,A,A,A,A,A,A,A,A,0.0,draw
170,random3,1,A,A,A,A,A,A,A,A,A,A,A,A,A,A,A,A,A,A,A,A,1.0,random3
170,rotate0,2,skip,skip,skip,skip,skip,skip,skip,skip,skip,skip,skip,skip,skip,skip,skip,skip,skip,skip,skip,skip,0.0,random3
171,rotate0,1,A,A,A,A,A,A,A,A,A,A,A,A,A,A,A,A,A,A,A,A,0.05,rotate0
171,radicaleq,2,skip,A,A,A,A,A,A,A,A,A,A,A,A,A,A,A,A,A,A,A,0.0,rotate0
172,radicaleq,1,A,skip,skip,skip,skip,skip,skip,skip,skip,skip,skip,skip,skip,skip,skip,skip,skip,skip,skip,skip,0.05,radicaleq
172,rotate0,2,skip,skip,skip,skip,skip,skip,skip,skip,skip,skip,skip,skip,skip,skip,skip,skip,skip,skip,skip,skip,0.0,radicaleq
173,rotate0,1,A,A,A,A,A,A,A,A,A,A,A,A,A,A,A,A,A,A,A,A,1.0,draw
173,rotate0,2,skip,skip,skip,skip,skip,skip,skip,skip,skip,skip,skip,skip,skip,skip,skip,skip,skip,skip,skip,skip,0.0,draw
174,rotate0,1,A,A,A,A,A,A,A,A,A,A,A,A,A,A,A,A,A,A,A,A,1.0,draw
174,rotate0,2,skip,skip,skip,skip,skip,skip,skip,skip,skip,skip,skip,skip,skip,skip,skip,skip,skip,skip,skip,skip,0.0,draw
175,caste,1,A,A,A,A,A,A,A,A,A,A,A,A,A,A,A,A,A,A,A,A,0.65,caste
175,random,2,A,skip,skip,A,A,A,A,A,skip,skip,skip,skip,skip,skip,skip,A,skip,skip,skip,skip,0.0,caste
176,random,1,A,A,skip,skip,A,skip,skip,skip,A,A,skip,skip,skip,A,skip,A,A,skip,A,A,0.15,caste
176,caste,2,skip,skip,skip,A,skip,skip,A,skip,A,A,A,A,A,A,A,A,A,A,A,A,0.35,caste
177,rotate,1,A,skip,A,skip,A,skip,A,skip,A,skip,A,skip,A,skip,A,skip,A,skip,A,skip,0.05,caste
177,caste,2,skip,skip,A,A,A,A,A,A,A,A,A,A,A,A,A,A,A,A,A,A,0.45,caste
178,caste,1,A,A,A,A,A,A,A,A,A,A,A,A,A,A,A,A,A,A,A,A,0.5,caste
178,rotate,2,skip,A,skip,A,skip,A,skip,A,skip,A,skip,A,skip,A,skip,A,skip,A,skip,A,0.0,caste
179,caste,1,A,A,A,A,A,A,A,A,A,A,A,A,A,A,A,A,A,A,A,A,0.0,draw
179,random3,2,A,A,A,A,A,A,A,A,A,A,A,A,A,A,A,A,A,A,A,A,0.0,draw
180,random3,1,A,A,A,A,A,A,A,A,A,A,A,A,A,A,A,A,A,A,A,A,1.0,random3
180,caste,2,skip,skip,skip,skip,skip,skip,skip,skip,skip,skip,skip,skip,skip,skip,skip,skip,skip,skip,skip,skip,0.0,random3
181,radicaleq,1,A,skip,skip,A,A,A,A,A,A,A,A,A,A,A,A,A,A,A,A,A,0.05,draw
181,caste,2,skip,skip,A,A,A,A,A,A,A,A,A,A,A,A,A,A,A,A,A,A,0.05,draw
182,caste,1,A,A,A,A,A,A,A,A,A,A,A,A,A,A,A,A,A,A,A,A,0.05,caste
182,radicaleq,2,skip,A,A,A,A,A,A,A,A,A,A,A,A,A,A,A,A,A,A,A,0.0,caste
183,caste,1,A,A,A,A,A,A,A,A,A,A,A,A,A,A,A,A,A,A,A,A,1.0,caste
183,rotate0,2,skip,skip,skip,skip,skip,skip,skip,skip,skip,skip,skip,skip,skip,skip,skip,skip,skip,skip,skip,skip,0.0,caste
184,rotate0,1,A,A,A,A,A,A,A,A,A,A,A,A,A,A,A,A,A,A,A,A,1.0,rotate0
184,caste,2,skip,skip,skip,skip,skip,skip,skip,skip,skip,skip,skip,skip,skip,skip,skip,skip,skip,skip,skip,skip,0.0,rotate0
185,caste,1,A,A,A,A,A,A,A,A,A,A,A,A,A,A,A,A,A,A,A,A,1.0,draw
185,caste,2,skip,skip,skip,skip,skip,skip,skip,skip,skip,skip,skip,skip,skip,skip,skip,skip,skip,skip,skip,skip,0.0,draw
186,caste,1,A,A,A,A,A,A,A,A,A,A,A,A,A,A,A,A,A,A,A,A,1.0,draw
186,caste,2,skip,skip,skip,skip,skip,skip,skip,skip,skip,skip,skip,skip,skip,skip,skip,skip,skip,skip,skip,skip,0.0,draw
187,equalize,1,A,skip,A,A,A,A,skip,A,A,A,A,A,A,A,A,skip,A,A,A,A,0.45,equalize
187,random,2,skip,A,A,A,skip,skip,skip,skip,A,skip,A,skip,A,skip,skip,skip,A,A,skip,A,0.05,equalize
188,random,1,A,skip,A,A,skip,A,skip,skip,skip,skip,A,A,A,A,A,skip,skip,skip,A,skip,0.15,equalize
188,equalize,2,skip,A,skip,A,A,skip,A,skip,A,skip,A,A,A,A,A,A,A,A,A,A,0.4,equalize
189,rotate,1,A,skip,A,skip,A,skip,A,skip,A,skip,A,skip,A,skip,A,skip,A,skip,A,skip,0.5,draw
189,equalize,2,skip,A,skip,A,skip,A,skip,A,skip,A,skip,A,skip,A,skip,A,skip,A,skip,A,0.5,draw
190,equalize,1,A,skip,A,skip,A,skip,A,skip,A,skip,A,skip,A,skip,A,skip,A,skip,A,skip,0.5,draw
190,rotate,2,skip,A,skip,A,skip,A,skip,A,skip,A,skip,A,skip,A,skip,A,skip,A,skip,A,0.5,draw
191,equalize,1,A,A,A,A,A,A,A,A,A,A,A,A,A,A,A,A,A,A,A,A,0.0,draw
191,random3,2,A,A,A,A,A,A,A,A,A,A,A,A,A,A,A,A,A,A,A,A,0.0,draw
192,random3,1,A,A,A,A,A,A,A,A,A,A,A,A,A,A,A,A,A,A,A,A,0.05,random3
192,equalize,2,skip,A,A,A,A,A,A,A,A,A,A,A,A,A,A,A,A,A,A,A,0.0,random3
193,radicaleq,1,A,skip,A,skip,A,skip,A,skip,A,skip,A,skip,A,skip,A,skip,A,skip,A,skip,0.5,draw
193,equalize,2,skip,A,skip,A,skip,A,skip,A,skip,A,skip,A,skip,A,skip,A,skip,A,skip,A,0.5,draw
194,equalize,1,A,skip,A,skip,A,skip,A,skip,A,skip,A,skip,A,skip,A,skip,A,skip,A,skip,0.5,draw
194,radicaleq,2,skip,A,skip,A,skip,A,skip,A,skip,A,skip,A,skip,A,skip,A,skip,A,skip,A,0.5,draw
195,equalize,1,A,skip,A,skip,A,A,skip,A,A,skip,A,A,skip,A,A,skip,A,A,skip,A,0.65,equalize
195,rotate0,2,skip,skip,skip,skip,skip,skip,skip,skip,skip,skip,skip,skip,skip,skip,skip,skip,skip,skip,skip,skip,0.0,equalize
196,rotate0,1,A,A,A,A,A,A,A,A,A,A,A,A,A,A,A,A,A,A,A,A,0.05,rotate0
196,equalize,2,skip,A,A,A,A,A,A,A,A,A,A,A,A,A,A,A,A,A,A,A,0.0,rotate0
197,caste,1,A,A,A,A,A,A,A,A,A,A,A,A,A,A,A,A,A,A,A,A,0.05,caste
197,equalize,2,skip,A,A,A,A,A,A,A,A,A,A,A,A,A,A,A,A,A,A,A,0.0,caste
198,equalize,1,A,skip,A,A,A,A,A,A,A,A,A,A,A,A,A,A,A,A,A,A,0.05,equalize
198,caste,2,skip,skip,A,A,A,A,A,A,A,A,A,A,A,A,A,A,A,A,A,A,0.0,equalize
199,equalize,1,A,skip,A,skip,A,skip,A,skip,A,skip,A,skip,A,skip,A,skip,A,skip,A,skip,0.5,draw
199,equalize,2,skip,A,skip,A,skip,A,skip,A,skip,A,skip,A,skip,A,skip,A,skip,A,skip,A,0.5,draw
200,equalize,1,A,skip,A,skip,A,skip,A,skip,A,skip,A,skip,A,skip,A,skip,A,skip,A,skip,0.5,draw
200,equalize,2,skip,A,skip,A,skip,A,skip,A,skip,A,skip,A,skip,A,skip,A,skip,A,skip,A,0.5,draw
201,random,1,A,A,skip,A,A,A,A,skip,skip,A,skip,A,A,skip,A,A,A,skip,skip,A,0.15,turntaking
201,turntaking,2,A,A,A,skip,A,A,A,A,A,skip,skip,A,A,A,A,A,A,A,A,skip,0.3,turntaking
202,turntaking,1,skip,A,A,skip,A,A,A,A,A,A,A,A,skip,skip,skip,A,skip,skip,A,A,0.25,turntaking
202,random,2,skip,A,skip,skip,A,A,skip,A,A,A,skip,skip,A,A,skip,skip,A,A,A,A,0.2,turntaking
203,turntaking,1,skip,A,A,skip,A,skip,A,skip,A,skip,A,skip,A,skip,A,skip,A,skip,A,skip,0.45,draw
203,rotate,2,skip,A,skip,A,skip,A,skip,A,skip,A,skip,A,skip,A,skip,A,skip,A,skip,A,0.45,draw
204,rotate,1,A,skip,A,skip,A,skip,A,skip,A,skip,A,skip,A,skip,A,skip,A,skip,A,skip,0.45,turntaking
204,turntaking,2,A,A,skip,A,skip,A,skip,A,skip,A,skip,A,skip,A,skip,A,skip,A,skip,A,0.5,turntaking
205,random3,1,A,A,A,A,A,A,A,A,A,A,A,A,A,A,A,A,A,A,A,A,0.0,draw
205,turntaking,2,A,A,A,A,A,A,A,A,A,A,A,A,A,A,A,A,A,A,A,A,0.0,draw
206,turntaking,1,skip,A,A,A,A,A,A,A,A,A,A,A,A,A,A,A,A,A,A,A,0.0,random3
206,random3,2,A,A,A,A,A,A,A,A,A,A,A,A,A,A,A,A,A,A,A,A,0.05,random3
207,turntaking,1,skip,A,skip,A,skip,A,skip,A,skip,A,skip,A,skip,A,skip,A,skip,A,skip,A,0.5,turntaking
207,radicaleq,2,skip,skip,A,skip,A,skip,A,skip,A,skip,A,skip,A,skip,A,skip,A,skip,A,skip,0.45,turntaking
208,radicaleq,1,A,A,A,A,A,A,A,A,A,A,A,A,A,A,A,A,A,A,A,A,0.0,draw
208,turntaking,2,A,A,A,A,A,A,A,A,A,A,A,A,A,A,A,A,A,A,A,A,0.0,draw
209,rotate0,1,A,A,A,A,A,A,A,A,A,A,A,A,A,A,A,A,A,A,A,A,0.0,draw
209,turntaking,2,A,A,A,A,A,A,A,A,A,A,A,A,A,A,A,A,A,A,A,A,0.0,draw
210,turntaking,1,skip,A,skip,A,skip,A,skip,A,skip,A,skip,A,skip,A,skip,A,skip,A,skip,A,0.5,turntaking
210,rotate0,2,skip,skip,skip,skip,skip,skip,skip,skip,skip,skip,skip,skip,skip,skip,skip,skip,skip,skip,skip,skip,0.0,turntaking
211,turntaking,1,skip,A,A,A,A,A,A,A,A,A,A,A,A,A,A,A,A,A,A,A,0.0,draw
211,caste,2,skip,A,A,A,A,A,A,A,A,A,A,A,A,A,A,A,A,A,A,A,0.0,draw
212,caste,1,A,A,A,A,A,A,A,A,A,A,A,A,A,A,A,A,A,A,A,A,0.0,draw
212,turntaking,2,A,A,A,A,A,A,A,A,A,A,A,A,A,A,A,A,A,A,A,A,0.0,draw
213,equalize,1,A,A,A,A,A,A,A,A,A,A,A,A,A,A,A,A,A,A,A,A,0.0,draw
213,turntaking,2,A,A,A,A,A,A,A,A,A,A,A,A,A,A,A,A,A,A,A,A,0.0,draw
214,turntaking,1,skip,A,A,A,A,A,A,A,A,A,A,A,A,A,A,A,A,A,A,A,0.0,draw
214,equalize,2,skip,A,A,A,A,A,A,A,A,A,A,A,A,A,A,A,A,A,A,A,0.0,draw
215,turntaking,1,skip,A,skip,A,skip,A,skip,A,skip,A,skip,A,skip,A,skip,A,skip,A,skip,A,0.5,draw
215,turntaking,2,A,skip,A,skip,A,skip,A,skip,A,skip,A,skip,A,skip,A,skip,A,skip,A,skip,0.5,draw
216,turntaking,1,skip,A,skip,A,skip,A,skip,A,skip,A,skip,A,skip,A,skip,A,skip,A,skip,A,0.5,draw
216,turntaking,2,A,skip,A,skip,A,skip,A,skip,A,skip,A,skip,A,skip,A,skip,A,skip,A,skip,0.5,draw
217,random,1,A,A,skip,A,skip,A,A,skip,A,skip,skip,A,A,A,A,skip,A,A,skip,skip,0.15,draw
217,random,2,A,A,A,A,skip,A,A,skip,skip,skip,A,skip,A,A,A,A,A,skip,A,skip,0.2,draw
218,random,1,A,skip,A,A,A,skip,A,A,skip,skip,A,A,skip,skip,skip,skip,skip,skip,skip,A,0.15,draw
218,random,2,skip,A,A,A,A,A,skip,skip,skip,skip,A,A,A,skip,skip,A,skip,A,A,A,0.3,draw
219,random,1,skip,A,A,skip,skip,skip,A,skip,A,skip,skip,skip,skip,A,A,A,skip,A,skip,skip,0.2,rotate
219,rotate,2,skip,A,skip,A,skip,A,skip,A,skip,A,skip,A,skip,A,skip,A,skip,A,skip,A,0.3,rotate
220,rotate,1,A,skip,A,skip,A,skip,A,skip,A,skip,A,skip,A,skip,A,skip,A,skip,A,skip,0.25,draw
220,random,2,A,skip,A,A,skip,A,A,skip,skip,skip,skip,skip,skip,A,A,A,A,A,skip,skip,0.25,draw
221,rotate,1,A,skip,A,skip,A,skip,A,skip,A,skip,A,skip,A,skip,A,skip,A,skip,A,skip,0.5,draw
221,rotate,2,skip,A,skip,A,skip,A,skip,A,skip,A,skip,A,skip,A,skip,A,skip,A,skip,A,0.5,draw
222,rotate,1,A,skip,A,skip,A,skip,A,skip,A,skip,A,skip,A,skip,A,skip,A,skip,A,skip,0.5,draw
222,rotate,2,skip,A,skip,A,skip,A,skip,A,skip,A,skip,A,skip,A,skip,A,skip,A,skip,A,0.5,draw
223,random3,1,A,A,A,A,A,A,A,A,A,A,A,A,A,A,A,A,A,A,A,A,0.25,random3
223,random,2,A,skip,A,skip,A,A,A,A,A,skip,A,A,A,A,skip,A,skip,A,A,A,0.0,random3
224,random,1,skip,skip,skip,A,skip,skip,A,A,A,A,skip,skip,skip,A,skip,skip,A,skip,A,A,0.0,random3
224,random3,2,A,A,A,A,A,A,A,A,A,A,A,A,A,A,A,A,A,A,A,A,0.55,random3
225,rotate,1,A,skip,A,skip,A,skip,A,skip,A,skip,A,skip,A,skip,A,skip,A,skip,A,skip,0.0,random3
225,random3,2,A,A,A,A,A,A,A,A,A,A,A,A,A,A,A,A,A,A,A,A,0.5,random3
226,random3,1,A,A,A,A,A,A,A,A,A,A,A,A,A,A,A,A,A,A,A,A,0.5,random3
226,rotate,2,skip,A,skip,A,skip,A,skip,A,skip,A,skip,A,skip,A,skip,A,skip,A,skip,A,0.0,random3
227,random3,1,A,A,A,A,A,A,A,A,A,A,A,A,A,A,A,A,A,A,A,A,0.0,draw
227,random3,2,A,A,A,A,A,A,A,A,A,A,A,A,A,A,A,A,A,A,A,A,0.0,draw
228,random3,1,A,A,A,A,A,A,A,A,A,A,A,A,A,A,A,A,A,A,A,A,0.0,draw
228,random3,2,A,A,A,A,A,A,A,A,A,A,A,A,A,A,A,A,A,A,A,A,0.0,draw
229,random,1,skip,skip,A,skip,skip,skip,A,A,skip,skip,skip,skip,skip,skip,A,skip,A,A,skip,A,0.25,random
229,radicaleq,2,skip,skip,skip,A,skip,skip,skip,A,A,skip,skip,skip,skip,skip,skip,A,skip,A,A,skip,0.2,random
230,radicaleq,1,A,skip,A,skip,skip,skip,A,A,skip,skip,skip,skip,skip,skip,A,A,A,skip,A,skip,0.25,draw
230,random,2,skip,A,skip,skip,skip,A,A,skip,skip,skip,skip,skip,skip,A,A,A,skip,A,skip,A,0.25,draw
231,radicaleq,1,A,skip,A,skip,A,skip,A,skip,A,skip,A,skip,A,skip,A,skip,A,skip,A,skip,0.5,draw
231,rotate,2,skip,A,skip,A,skip,A,skip,A,skip,A,skip,A,skip,A,skip,A,skip,A,skip,A,0.5,draw
232,rotate,1,A,skip,A,skip,A,skip,A,skip,A,skip,A,skip,A,skip,A,skip,A,skip,A,skip,0.5,draw
232,radicaleq,2,skip,A,skip,A,skip,A,skip,A,skip,A,skip,A,skip,A,skip,A,skip,A,skip,A,0.5,draw
233,random3,1,A,A,A,A,A,A,A,A,A,A,A,A,A,A,A,A,A,A,A,A,0.05,random3
233,radicaleq,2,skip,A,A,A,A,A,A,A,A,A,A,A,A,A,A,A,A,A,A,A,0.0,random3
234,radicaleq,1,A,A,A,A,A,A,A,A,A,A,A,A,A,A,A,A,A,A,A,A,0.0,draw
234,random3,2,A,A,A,A,A,A,A,A,A,A,A,A,A,A,A,A,A,A,A,A,0.0,draw
235,radicaleq,1,A,skip,A,skip,A,skip,A,skip,A,skip,A,skip,A,skip,A,skip,A,skip,A,skip,0.5,draw
235,radicaleq,2,skip,A,skip,A,skip,A,skip,A,skip,A,skip,A,skip,A,skip,A,skip,A,skip,A,0.5,draw
236,radicaleq,1,A,skip,A,skip,A,skip,A,skip,A,skip,A,skip,A,skip,A,skip,A,skip,A,skip,0.5,draw
236,radicaleq,2,skip,A,skip,A,skip,A,skip,A,skip,A,skip,A,skip,A,skip,A,skip,A,skip,A,0.5,draw
237,rotate0,1,A,A,A,A,A,A,A,A,A,A,A,A,A,A,A,A,A,A,A,A,0.7,rotate0
237,random,2,skip,A,skip,A,A,skip,skip,skip,skip,skip,skip,skip,skip,A,skip,A,skip,skip,A,skip,0.0,rotate0
238,random,1,A,skip,A,skip,A,A,skip,skip,skip,A,skip,A,A,skip,skip,A,A,A,skip,A,0.55,random
238,rotate0,2,skip,skip,skip,skip,skip,skip,skip,skip,skip,skip,skip,skip,skip,skip,skip,skip,skip,skip,skip,skip,0.0,random
239,rotate0,1,A,A,A,A,A,A,A,A,A,A,A,A,A,A,A,A,A,A,A,A,0.5,rotate0
239,rotate,2,skip,A,skip,A,skip,A,skip,A,skip,A,skip,A,skip,A,skip,A,skip,A,skip,A,0.0,rotate0
240,rotate,1,A,skip,A,skip,A,skip,A,skip,A,skip,A,skip,A,skip,A,skip,A,skip,A,skip,0.5,rotate
240,rotate0,2,skip,skip,skip,skip,skip,skip,skip,skip,skip,skip,skip,skip,skip,skip,skip,skip,skip,skip,skip,skip,0.0,rotate
241,rotate0,1,A,A,A,A,A,A,A,A,A,A,A,A,A,A,A,A,A,A,A,A,0.0,draw
241,random3,2,A,A,A,A,A,A,A,A,A,A,A,A,A,A,A,A,A,A,A,A,0.0,draw
242,random3,1,A,A,A,A,A,A,A,A,A,A,A,A,A,A,A,A,A,A,A,A,1.0,random3
242,rotate0,2,skip,skip,skip,skip,skip,skip,skip,skip,skip,skip,skip,skip,skip,skip,skip,skip,skip,skip,skip,skip,0.0,random3
243,rotate0,1,A,A,A,A,A,A,A,A,A,A,A,A,A,A,A,A,A,A,A,A,0.05,rotate0
243,radicaleq,2,skip,A,A,A,A,A,A,A,A,A,A,A,A,A,A,A,A,A,A,A,0.0,rotate0
244,radicaleq,1,A,skip,skip,skip,skip,skip,skip,skip,skip,skip,skip,skip,skip,skip,skip,skip,skip,skip,skip,skip,0.05,radicaleq
244,rotate0,2,skip,skip,skip,skip,skip,skip,skip,skip,skip,skip,skip,skip,skip,skip,skip,skip,skip,skip,skip,skip,0.0,radicaleq
245,rotate0,1,A,A,A,A,A,A,A,A,A,A,A,A,A,A,A,A,A,A,A,A,1.0,draw
245,rotate0,2,skip,skip,skip,skip,skip,skip,skip,skip,skip,skip,skip,skip,skip,skip,skip,skip,skip,skip,skip,skip,0.0,draw
246,rotate0,1,A,A,A,A,A,A,A,A,A,A,A,A,A,A,A,A,A,A,A,A,1.0,draw
246,rotate0,2,skip,skip,skip,skip,skip,skip,skip,skip,skip,skip,skip,skip,skip,skip,skip,skip,skip,skip,skip,skip,0.0,draw
247,caste,1,A,A,A,A,A,A,A,A,A,A,A,A,A,A,A,A,A,A,A,A,0.55,caste
247,random,2,skip,skip,A,skip,skip,A,skip,A,A,A,skip,A,A,A,skip,skip,A,skip,skip,skip,0.0,caste
248,random,1,skip,skip,skip,skip,skip,A,skip,A,skip,skip,skip,skip,A,skip,A,A,A,A,A,skip,0.0,caste
248,caste,2,skip,A,A,A,A,A,A,A,A,A,A,A,A,A,A,A,A,A,A,A,0.55,caste
249,rotate,1,A,skip,A,skip,A,skip,A,skip,A,skip,A,skip,A,skip,A,skip,A,skip,A,skip,0.05,caste
249,caste,2,skip,skip,A,A,A,A,A,A,A,A,A,A,A,A,A,A,A,A,A,A,0.45,caste
250,caste,1,A,A,A,A,A,A,A,A,A,A,A,A,A,A,A,A,A,A,A,A,0.5,caste
250,rotate,2,skip,A,skip,A,skip,A,skip,A,skip,A,skip,A,skip,A,skip,A,skip,A,skip,A,0.0,caste
251,caste,1,A,A,A,A,A,A,A,A,A,A,A,A,A,A,A,A,A,A,A,A,0.0,draw
251,random3,2,A,A,A,A,A,A,A,A,A,A,A,A,A,A,A,A,A,A,A,A,0.0,draw
252,random3,1,A,A,A,A,A,A,A,A,A,A,A,A,A,A,A,A,A,A,A,A,1.0,random3
252,caste,2,skip,skip,skip,skip,skip,skip,skip,skip,skip,skip,skip,skip,skip,skip,skip,skip,skip,skip,skip,skip,0.0,random3
253,radicaleq,1,A,skip,skip,A,A,A,A,A,A,A,A,A,A,A,A,A,A,A,A,A,0.05,draw
253,caste,2,skip,skip,A,A,A,A,A,A,A,A,A,A,A,A,A,A,A,A,A,A,0.05,draw
254,caste,1,A,A,A,A,A,A,A,A,A,A,A,A,A,A,A,A,A,A,A,A,0.05,caste
254,radicaleq,2,skip,A,A,A,A,A,A,A,A,A,A,A,A,A,A,A,A,A,A,A,0.0,caste
255,caste,1,A,A,A,A,A,A,A,A,A,A,A,A,A,A,A,A,A,A,A,A,1.0,caste
255,rotate0,2,skip,skip,skip,skip,skip,skip,skip,skip,skip,skip,skip,skip,skip,skip,skip,skip,skip,skip,skip,skip,0.0,caste
256,rotate0,1,A,A,A,A,A,A,A,A,A,A,A,A,A,A,A,A,A,A,A,A,1.0,rotate0
256,caste,2,skip,skip,skip,skip,skip,skip,skip,skip,skip,skip,skip,skip,skip,skip,skip,skip,skip,skip,skip,skip,0.0,rotate0
257,caste,1,A,A,A,A,A,A,A,A,A,A,A,A,A,A,A,A,A,A,A,A,1.0,draw
257,caste,2,skip,skip,skip,skip,skip,skip,skip,skip,skip,skip,skip,skip,skip,skip,skip,skip,skip,skip,skip,skip,0.0,draw
258,caste,1,A,A,A,A,A,A,A,A,A,A,A,A,A,A,A,A,A,A,A,A,1.0,draw
258,caste,2,skip,skip,skip,skip,skip,skip,skip,skip,skip,skip,skip,skip,skip,skip,skip,skip,skip,skip,skip,skip,0.0,draw
259,equalize,1,A,A,skip,A,skip,A,skip,A,A,A,A,A,A,A,A,A,skip,A,A,A,0.45,equalize
259,random,2,A,skip,A,skip,skip,skip,skip,A,skip,A,A,A,A,skip,skip,skip,skip,skip,A,skip,0.05,equalize
260,random,1,A,A,skip,skip,skip,A,skip,A,skip,A,skip,skip,skip,skip,A,A,skip,skip,skip,A,0.1,equalize
260,equalize,2,skip,A,A,skip,A,A,A,A,A,A,A,A,skip,A,A,A,A,A,A,skip,0.5,equalize
261,rotate,1,A,skip,A,skip,A,skip,A,skip,A,skip,A,skip,A,skip,A,skip,A,skip,A,skip,0.5,draw
261,equalize,2,skip,A,skip,A,skip,A,skip,A,skip,A,skip,A,skip,A,skip,A,skip,A,skip,A,0.5,draw
262,equalize,1,A,skip,A,skip,A,skip,A,skip,A,skip,A,skip,A,skip,A,skip,A,skip,A,skip,0.5,draw
262,rotate,2,skip,A,skip,A,skip,A,skip,A,skip,A,skip,A,skip,A,skip,A,skip,A,skip,A,0.5,draw
263,equalize,1,A,A,A,A,A,A,A,A,A,A,A,A,A,A,A,A,A,A,A,A,0.0,draw
263,random3,2,A,A,A,A,A,A,A,A,A,A,A,A,A,A,A,A,A,A,A,A,0.0,draw
264,random3,1,A,A,A,A,A,A,A,A,A,A,A,A,A,A,A,A,A,A,A,A,0.05,random3
264,equalize,2,skip,A,A,A,A,A,A,A,A,A,A,A,A,A,A,A,A,A,A,A,0.0,random3
265,radicaleq,1,A,skip,A,skip,A,skip,A,skip,A,skip,A,skip,A,skip,A,skip,A,skip,A,skip,0.5,draw
265,equalize,2,skip,A,skip,A,skip,A,skip,A,skip,A,skip,A,skip,A,skip,A,skip,A,skip,A,0.5,draw
266,equalize,1,A,skip,A,skip,A,skip,A,skip,A,skip,A,skip,A,skip,A,skip,A,skip,A,skip,0.5,draw
266,radicaleq,2,skip,A,skip,A,skip,A,skip,A,skip,A,skip,A,skip,A,skip,A,skip,A,skip,A,0.5,draw
267,equalize,1,A,skip,A,skip,A,A,skip,A,A,skip,A,A,skip,A,A,skip,A,A,skip,A,0.65,equalize
267,rotate0,2,skip,skip,skip,skip,skip,skip,skip,skip,skip,skip,skip,skip,skip,skip,skip,skip,skip,skip,skip,skip,0.0,equalize
268,rotate0,1,A,A,A,A,A,A,A,A,A,A,A,A,A,A,A,A,A,A,A,A,0.05,rotate0
268,equalize,2,skip,A,A,A,A,A,A,A,A,A,A,A,A,A,A,A,A,A,A,A,0.0,rotate0
269,caste,1,A,A,A,A,A,A,A,A,A,A,A,A,A,A,A,A,A,A,A,A,0.05,caste
269,equalize,2,skip,A,A,A,A,A,A,A,A,A,A,A,A,A,A,A,A,A,A,A,0.0,caste
270,equalize,1,A,skip,A,A,A,A,A,A,A,A,A,A,A,A,A,A,A,A,A,A,0.05,equalize
270,caste,2,skip,skip,A,A,A,A,A,A,A,A,A,A,A,A,A,A,A,A,A,A,0.0,equalize
271,equalize,1,A,skip,A,skip,A,skip,A,skip,A,skip,A,skip,A,skip,A,skip,A,skip,A,skip,0.5,draw
271,equalize,2,skip,A,skip,A,skip,A,skip,A,skip,A,skip,A,skip,A,skip,A,skip,A,skip,A,0.5,draw
272,equalize,1,A,skip,A,skip,A,skip,A,skip,A,skip,A,skip,A,skip,A,skip,A,skip,A,skip,0.5,draw
272,equalize,2,skip,A,skip,A,skip,A,skip,A,skip,A,skip,A,skip,A,skip,A,skip,A,skip,A,0.5,draw
273,random,1,A,skip,skip,A,skip,skip,skip,A,skip,A,A,A,A,skip,A,skip,A,A,skip,A,0.0,turntaking
273,turntaking,2,A,A,skip,A,A,A,skip,A,A,A,A,A,A,A,A,A,A,A,A,A,0.35,turntaking
274,turntaking,1,skip,A,skip,A,A,A,A,A,skip,skip,A,skip,A,A,skip,A,A,A,A,A,0.3,turntaking
274,random,2,A,skip,skip,A,A,A,skip,skip,A,A,skip,A,A,skip,skip,A,skip,A,A,A,0.2,turntaking
275,turntaking,1,skip,A,A,skip,A,skip,A,skip,A,skip,A,skip,A,skip,A,skip,A,skip,A,skip,0.45,draw
275,rotate,2,skip,A,skip,A,skip,A,skip,A,skip,A,skip,A,skip,A,skip,A,skip,A,skip,A,0.45,draw
276,rotate,1,A,skip,A,skip,A,skip,A,skip,A,skip,A,skip,A,skip,A,skip,A,skip,A,skip,0.45,turntaking
276,turntaking,2,A,A,skip,A,skip,A,skip,A,skip,A,skip,A,skip,A,skip,A,skip,A,skip,A,0.5,turntaking
277,random3,1,A,A,A,A,A,A,A,A,A,A,A,A,A,A,A,A,A,A,A,A,0.0,draw
277,turntaking,2,A,A,A,A,A,A,A,A,A,A,A,A,A,A,A,A,A,A,A,A,0.0,draw
278,turntaking,1,skip,A,A,A,A,A,A,A,A,A,A,A,A,A,A,A,A,A,A,A,0.0,random3
278,random3,2,A,A,A,A,A,A,A,A,A,A,A,A,A,A,A,A,A,A,A,A,0.05,random3
279,turntaking,1,skip,A,skip,A,skip,A,skip,A,skip,A,skip,A,skip,A,skip,A,skip,A,skip,A,0.5,turntaking
279,radicaleq,2,skip,skip,A,skip,A,skip,A,skip,A,skip,A,skip,A,skip,A,skip,A,skip,A,skip,0.45,turntaking
280,radicaleq,1,A,A,A,A,A,A,A,A,A,A,A,A,A,A,A,A,A,A,A,A,0.0,draw
280,turntaking,2,A,A,A,A,A,A,A,A,A,A,A,A,A,A,A,A,A,A,A,A,0.0,draw
281,rotate0,1,A,A,A,A,A,A,A,A,A,A,A,A,A,A,A,A,A,A,A,A,0.0,draw
281,turntaking,2,A,A,A,A,A,A,A,A,A,A,A,A,A,A,A,A,A,A,A,A,0.0,draw
282,turntaking,1,skip,A,skip,A,skip,A,skip,A,skip,A,skip,A,skip,A,skip,A,skip,A,skip,A,0.5,turntaking
282,rotate0,2,skip,skip,skip,skip,skip,skip,skip,skip,skip,skip,skip,skip,skip,skip,skip,skip,skip,skip,skip,skip,0.0,turntaking
283,turntaking,1,skip,A,A,A,A,A,A,A,A,A,A,A,A,A,A,A,A,A,A,A,0.0,draw
283,caste,2,skip,A,A,A,A,A,A,A,A,A,A,A,A,A,A,A,A,A,A,A,0.0,draw
284,caste,1,A,A,A,A,A,A,A,A,A,A,A,A,A,A,A,A,A,A,A,A,0.0,draw
284,turntaking,2,A,A,A,A,A,A,A,A,A,A,A,A,A,A,A,A,A,A,A,A,0.0,draw
285,equalize,1,A,A,A,A,A,A,A,A,A,A,A,A,A,A,A,A,A,A,A,A,0.0,draw
285,turntaking,2,A,A,A,A,A,A,A,A,A,A,A,A,A,A,A,A,A,A,A,A,0.0,draw
286,turntaking,1,skip,A,A,A,A,A,A,A,A,A,A,A,A,A,A,A,A,A,A,A,0.0,draw
286,equalize,2,skip,A,A,A,A,A,A,A,A,A,A,A,A,A,A,A,A,A,A,A,0.0,draw
287,turntaking,1,skip,A,skip,A,skip,A,skip,A,skip,A,skip,A,skip,A,skip,A,skip,A,skip,A,0.5,draw
287,turntaking,2,A,skip,A,skip,A,skip,A,skip,A,skip,A,skip,A,skip,A,skip,A,skip,A,skip,0.5,draw
288,turntaking,1,skip,A,skip,A,skip,A,skip,A,skip,A,skip,A,skip,A,skip,A,skip,A,skip,A,0.5,draw
288,turntaking,2,A,skip,A,skip,A,skip,A,skip,A,skip,A,skip,A,skip,A,skip,A,skip,A,skip,0.5,draw
289,random,1,A,A,skip,skip,A,skip,skip,skip,A,skip,skip,skip,skip,A,A,A,skip,A,A,A,0.25,draw
289,random,2,A,skip,A,A,skip,A,skip,A,skip,skip,skip,skip,skip,A,A,skip,A,skip,A,A,0.25,draw
290,random,1,A,skip,skip,skip,skip,A,skip,skip,skip,A,A,skip,A,skip,A,skip,skip,A,A,skip,0.15,draw
290,random,2,skip,skip,skip,A,A,A,skip,A,skip,skip,A,A,skip,A,A,A,skip,A,A,skip,0.3,draw
291,random,1,skip,skip,A,skip,skip,A,A,A,skip,A,skip,skip,skip,A,skip,skip,A,A,skip,skip,0.15,rotate
291,rotate,2,skip,A,skip,A,skip,A,skip,A,skip,A,skip,A,skip,A,skip,A,skip,A,skip,A,0.25,rotate
292,rotate,1,A,skip,A,skip,A,skip,A,skip,A,skip,A,skip,A,skip,A,skip,A,skip,A,skip,0.15,random
292,random,2,A,A,skip,A,skip,A,A,A,A,A,A,A,skip,A,A,A,A,A,A,A,0.5,random
293,rotate,1,A,skip,A,skip,A,skip,A,skip,A,skip,A,skip,A,skip,A,skip,A,skip,A,skip,0.5,draw
293,rotate,2,skip,A,skip,A,skip,A,skip,A,skip,A,skip,A,skip,A,skip,A,skip,A,skip,A,0.5,draw
294,rotate,1,A,skip,A,skip,A,skip,A,skip,A,skip,A,skip,A,skip,A,skip,A,skip,A,skip,0.5,draw
294,rotate,2,skip,A,skip,A,skip,A,skip,A,skip,A,skip,A,skip,A,skip,A,skip,A,skip,A,0.5,draw
295,random3,1,A,A,A,A,A,A,A,A,A,A,A,A,A,A,A,A,A,A,A,A,0.3,random3
295,random,2,skip,skip,A,A,A,A,A,skip,A,A,A,A,A,skip,skip,A,skip,A,A,A,0.0,random3
296,random,1,skip,skip,skip,A,skip,A,A,skip,A,A,A,A,skip,skip,skip,A,A,A,A,skip,0.0,random3
296,random3,2,A,A,A,A,A,A,A,A,A,A,A,A,A,A,A,A,A,A,A,A,0.45,random3
297,rotate,1,A,skip,A,skip,A,skip,A,skip,A,skip,A,skip,A,skip,A,skip,A,skip,A,skip,0.0,random3
297,random3,2,A,A,A,A,A,A,A,A,A,A,A,A,A,A,A,A,A,A,A,A,0.5,random3
298,random3,1,A,A,A,A,A,A,A,A,A,A,A,A,A,A,A,A,A,A,A,A,0.5,random3
298,rotate,2,skip,A,skip,A,skip,A,skip,A,skip,A,skip,A,skip,A,skip,A,skip,A,skip,A,0.0,random3
299,random3,1,A,A,A,A,A,A,A,A,A,A,A,A,A,A,A,A,A,A,A,A,0.0,draw
299,random3,2,A,A,A,A,A,A,A,A,A,A,A,A,A,A,A,A,A,A,A,A,0.0,draw
300,random3,1,A,A,A,A,A,A,A,A,A,A,A,A,A,A,A,A,A,A,A,A,0.0,draw
300,random3,2,A,A,A,A,A,A,A,A,A,A,A,A,A,A,A,A,A,A,A,A,0.0,draw
301,random,1,skip,A,A,A,A,A,A,skip,A,A,A,A,skip,skip,A,skip,A,skip,skip,skip,0.2,draw
301,radicaleq,2,skip,skip,A,A,A,A,A,A,skip,A,A,A,A,skip,skip,A,skip,A,skip,skip,0.2,draw
302,radicaleq,1,A,A,skip,A,A,skip,skip,A,skip,A,skip,A,skip,A,skip,A,skip,A,skip,skip,0.4,radicaleq
302,random,2,A,skip,A,A,skip,skip,A,skip,A,skip,A,skip,A,skip,A,skip,A,skip,skip,skip,0.35,radicaleq
303,radicaleq,1,A,skip,A,skip,A,skip,A,skip,A,skip,A,skip,A,skip,A,skip,A,skip,A,skip,0.5,draw
303,rotate,2,skip,A,skip,A,skip,A,skip,A,skip,A,skip,A,skip,A,skip,A,skip,A,skip,A,0.5,draw
304,rotate,1,A,skip,A,skip,A,skip,A,skip,A,skip,A,skip,A,skip,A,skip,A,skip,A,skip,0.5,draw
304,radicaleq,2,skip,A,skip,A,skip,A,skip,A,skip,A,skip,A,skip,A,skip,A,skip,A,skip,A,0.5,draw
305,random3,1,A,A,A,A,A,A,A,A,A,A,A,A,A,A,A,A,A,A,A,A,0.05,random3
305,radicaleq,2,skip,A,A,A,A,A,A,A,A,A,A,A,A,A,A,A,A,A,A,A,0.0,random3
306,radicaleq,1,A,A,A,A,A,A,A,A,A,A,A,A,A,A,A,A,A,A,A,A,0.0,draw
306,random3,2,A,A,A,A,A,A,A,A,A,A,A,A,A,A,A,A,A,A,A,A,0.0,draw
307,radicaleq,1,A,skip,A,skip,A,skip,A,skip,A,skip,A,skip,A,skip,A,skip,A,skip,A,skip,0.5,draw
307,radicaleq,2,skip,A,skip,A,skip,A,skip,A,skip,A,skip,A,skip,A,skip,A,skip,A,skip,A,0.5,draw
308,radicaleq,1,A,skip,A,skip,A,skip,A,skip,A,skip,A,skip,A,skip,A,skip,A,skip,A,skip,0.5,draw
308,radicaleq,2,skip,A,skip,A,skip,A,skip,A,skip,A,skip,A,skip,A,skip,A,skip,A,skip,A,0.5,draw
309,rotate0,1,A,A,A,A,A,A,A,A,A,A,A,A,A,A,A,A,A,A,A,A,0.55,rotate0
309,random,2,A,A,A,skip,skip,skip,skip,A,skip,A,A,skip,A,skip,A,skip,skip,skip,skip,A,0.0,rotate0
310,random,1,skip,skip,skip,A,skip,A,A,A,A,A,skip,A,skip,skip,A,skip,A,A,A,A,0.6,random
310,rotate0,2,skip,skip,skip,skip,skip,skip,skip,skip,skip,skip,skip,skip,skip,skip,skip,skip,skip,skip,skip,skip,0.0,random
311,rotate0,1,A,A,A,A,A,A,A,A,A,A,A,A,A,A,A,A,A,A,A,A,0.5,rotate0
311,rotate,2,skip,A,skip,A,skip,A,skip,A,skip,A,skip,A,skip,A,skip,A,skip,A,skip,A,0.0,rotate0
312,rotate,1,A,skip,A,skip,A,skip,A,skip,A,skip,A,skip,A,skip,A,skip,A,skip,A,skip,0.5,rotate
312,rotate0,2,skip,skip,skip,skip,skip,skip,skip,skip,skip,skip,skip,skip,skip,skip,skip,skip,skip,skip,skip,skip,0.0,rotate
313,rotate0,1,A,A,A,A,A,A,A,A,A,A,A,A,A,A,A,A,A,A,A,A,0.0,draw
313,random3,2,A,A,A,A,A,A,A,A,A,A,A,A,A,A,A,A,A,A,A,A,0.0,draw
314,random3,1,A,A,A,A,A,A,A,A,A,A,A,A,A,A,A,A,A,A,A,A,1.0,random3
314,rotate0,2,skip,skip,skip,skip,skip,skip,skip,skip,skip,skip,skip,skip,skip,skip,skip,skip,skip,skip,skip,skip,0.0,random3
315,rotate0,1,A,A,A,A,A,A,A,A,A,A,A,A,A,A,A,A,A,A,A,A,0.05,rotate0
315,radicaleq,2,skip,A,A,A,A,A,A,A,A,A,A,A,A,A,A,A,A,A,A,A,0.0,rotate0
316,radicaleq,1,A,skip,skip,skip,skip,skip,skip,skip,skip,skip,skip,skip,skip,skip,skip,skip,skip,skip,skip,skip,0.05,radicaleq
316,rotate0,2,skip,skip,skip,skip,skip,skip,skip,skip,skip,skip,skip,skip,skip,skip,skip,skip,skip,skip,skip,skip,0.0,radicaleq
317,rotate0,1,A,A,A,A,A,A,A,A,A,A,A,A,A,A,A,A,A,A,A,A,1.0,draw
317,rotate0,2,skip,skip,skip,skip,skip,skip,skip,skip,skip,skip,skip,skip,skip,skip,skip,skip,skip,skip,skip,skip,0.0,draw
318,rotate0,1,A,A,A,A,A,A,A,A,A,A,A,A,A,A,A,A,A,A,A,A,1.0,draw
318,rotate0,2,skip,skip,skip,skip,skip,skip,skip,skip,skip,skip,skip,skip,skip,skip,skip,skip,skip,skip,skip,skip,0.0,draw
319,caste,1,A,A,A,A,A,A,A,A,A,A,A,A,A,A,A,A,A,A,A,A,0.4,caste
319,random,2,skip,A,A,skip,A,skip,skip,skip,skip,A,A,A,A,skip,A,A,skip,A,A,A,0.0,caste
320,random,1,skip,A,A,A,A,A,A,skip,A,A,skip,A,skip,A,skip,A,skip,A,skip,A,0.0,caste
320,caste,2,skip,A,A,A,A,A,A,A,A,A,A,A,A,A,A,A,A,A,A,A,0.3,caste
321,rotate,1,A,skip,A,skip,A,skip,A,skip,A,skip,A,skip,A,skip,A,skip,A,skip,A,skip,0.05,caste
321,caste,2,skip,skip,A,A,A,A,A,A,A,A,A,A,A,A,A,A,A,A,A,A,0.45,caste
322,caste,1,A,A,A,A,A,A,A,A,A,A,A,A,A,A,A,A,A,A,A,A,0.5,caste
322,rotate,2,skip,A,skip,A,skip,A,skip,A,skip,A,skip,A,skip,A,skip,A,skip,A,skip,A,0.0,caste
323,caste,1,A,A,A,A,A,A,A,A,A,A,A,A,A,A,A,A,A,A,A,A,0.0,draw
323,random3,2,A,A,A,A,A,A,A,A,A,A,A,A,A,A,A,A,A,A,A,A,0.0,draw
324,random3,1,A,A,A,A,A,A,A,A,A,A,A,A,A,A,A,A,A,A,A,A,1.0,random3
324,caste,2,skip,skip,skip,skip,skip,skip,skip,skip,skip,skip,skip,skip,skip,skip,skip,skip,skip,skip,skip,skip,0.0,random3
325,radicaleq,1,A,skip,skip,A,A,A,A,A,A,A,A,A,A,A,A,A,A,A,A,A,0.05,draw
325,caste,2,skip,skip,A,A,A,A,A,A,A,A,A,A,A,A,A,A,A,A,A,A,0.05,draw
326,caste,1,A,A,A,A,A,A,A,A,A,A,A,A,A,A,A,A,A,A,A,A,0.05,caste
326,radicaleq,2,skip,A,A,A,A,A,A,A,A,A,A,A,A,A,A,A,A,A,A,A,0.0,caste
327,caste,1,A,A,A,A,A,A,A,A,A,A,A,A,A,A,A,A,A,A,A,A,1.0,caste
327,rotate0,2,skip,skip,skip,skip,skip,skip,skip,skip,skip,skip,skip,skip,skip,skip,skip,skip,skip,skip,skip,skip,0.0,caste
328,rotate0,1,A,A,A,A,A,A,A,A,A,A,A,A,A,A,A,A,A,A,A,A,1.0,rotate0
328,caste,2,skip,skip,skip,skip,skip,skip,skip,skip,skip,skip,skip,skip,skip,skip,skip,skip,skip,skip,skip,skip,0.0,rotate0
329,caste,1,A,A,A,A,A,A,A,A,A,A,A,A,A,A,A,A,A,A,A,A,1.0,draw
329,caste,2,skip,skip,skip,skip,skip,skip,skip,skip,skip,skip,skip,skip,skip,skip,skip,skip,skip,skip,skip,skip,0.0,draw
330,caste,1,A,A,A,A,A,A,A,A,A,A,A,A,A,A,A,A,A,A,A,A,1.0,draw
330,caste,2,skip,skip,skip,skip,skip,skip,skip,skip,skip,skip,skip,skip,skip,skip,skip,skip,skip,skip,skip,skip,0.0,draw
331,equalize,1,A,skip,A,skip,skip,A,skip,skip,A,A,skip,A,A,A,skip,A,A,A,A,skip,0.45,equalize
331,random,2,skip,skip,skip,A,skip,skip,A,A,A,skip,A,A,skip,skip,skip,skip,A,skip,skip,skip,0.2,equalize
332,random,1,skip,skip,skip,skip,skip,skip,A,skip,skip,A,skip,A,A,A,skip,skip,A,skip,A,skip,0.0,equalize
332,equalize,2,skip,A,skip,A,A,skip,A,A,A,A,A,A,A,A,A,A,A,A,A,A,0.5,equalize
333,rotate,1,A,skip,A,skip,A,skip,A,skip,A,skip,A,skip,A,skip,A,skip,A,skip,A,skip,0.5,draw
333,equalize,2,skip,A,skip,A,skip,A,skip,A,skip,A,skip,A,skip,A,skip,A,skip,A,skip,A,0.5,draw
334,equalize,1,A,skip,A,skip,A,skip,A,skip,A,skip,A,skip,A,skip,A,skip,A,skip,A,skip,0.5,draw
334,rotate,2,skip,A,skip,A,skip,A,skip,A,skip,A,skip,A,skip,A,skip,A,skip,A,skip,A,0.5,draw
335,equalize,1,A,A,A,A,A,A,A,A,A,A,A,A,A,A,A,A,A,A,A,A,0.0,draw
335,random3,2,A,A,A,A,A,A,A,A,A,A,A,A,A,A,A,A,A,A,A,A,0.0,draw
336,random3,1,A,A,A,A,A,A,A,A,A,A,A,A,A,A,A,A,A,A,A,A,0.05,random3
336,equalize,2,skip,A,A,A,A,A,A,A,A,A,A,A,A,A,A,A,A,A,A,A,0.0,random3
337,radicaleq,1,A,skip,A,skip,A,skip,A,skip,A,skip,A,skip,A,skip,A,skip,A,skip,A,skip,0.5,draw
337,equalize,2,skip,A,skip,A,skip,A,skip,A,skip,A,skip,A,skip,A,skip,A,skip,A,skip,A,0.5,draw
338,equalize,1,A,skip,A,skip,A,skip,A,skip,A,skip,A,skip,A,skip,A,skip,A,skip,A,skip,0.5,draw
338,radicaleq,2,skip,A,skip,A,skip,A,skip,A,skip,A,skip,A,skip,A,skip,A,skip,A,skip,A,0.5,draw
339,equalize,1,A,skip,A,skip,A,A,skip,A,A,skip,A,A,skip,A,A,skip,A,A,skip,A,0.65,equalize
339,rotate0,2,skip,skip,skip,skip,skip,skip,skip,skip,skip,skip,skip,skip,skip,skip,skip,skip,skip,skip,skip,skip,0.0,equalize
340,rotate0,1,A,A,A,A,A,A,A,A,A,A,A,A,A,A,A,A,A,A,A,A,0.05,rotate0
340,equalize,2,skip,A,A,A,A,A,A,A,A,A,A,A,A,A,A,A,A,A,A,A,0.0,rotate0
341,caste,1,A,A,A,A,A,A,A,A,A,A,A,A,A,A,A,A,A,A,A,A,0.05,caste
341,equalize,2,skip,A,A,A,A,A,A,A,A,A,A,A,A,A,A,A,A,A,A,A,0.0,caste
342,equalize,1,A,skip,A,A,A,A,A,A,A,A,A,A,A,A,A,A,A,A,A,A,0.05,equalize
342,caste,2,skip,skip,A,A,A,A,A,A,A,A,A,A,A,A,A,A,A,A,A,A,0.0,equalize
343,equalize,1,A,skip,A,skip,A,skip,A,skip,A,skip,A,skip,A,skip,A,skip,A,skip,A,skip,0.5,draw
343,equalize,2,skip,A,skip,A,skip,A,skip,A,skip,A,skip,A,skip,A,skip,A,skip,A,skip,A,0.5,draw
344,equalize,1,A,skip,A,skip,A,skip,A,skip,A,skip,A,skip,A,skip,A,skip,A,skip,A,skip,0.5,draw
344,equalize,2,skip,A,skip,A,skip,A,skip,A,skip,A,skip,A,skip,A,skip,A,skip,A,skip,A,0.5,draw
345,random,1,skip,A,skip,skip,skip,skip,skip,skip,A,skip,skip,skip,A,skip,A,skip,skip,A,A,A,0.05,turntaking
345,turntaking,2,A,skip,A,skip,A,skip,A,skip,A,A,A,skip,A,A,A,A,skip,A,A,A,0.4,turntaking
346,turntaking,1,skip,A,A,A,A,A,skip,A,A,A,A,A,A,A,A,A,skip,A,A,A,0.35,turntaking
346,random,2,skip,A,A,A,skip,skip,skip,A,skip,A,A,skip,A,A,skip,skip,skip,A,A,skip,0.0,turntaking
347,turntaking,1,skip,A,A,skip,A,skip,A,skip,A,skip,A,skip,A,skip,A,skip,A,skip,A,skip,0.45,draw
347,rotate,2,skip,A,skip,A,skip,A,skip,A,skip,A,skip,A,skip,A,skip,A,skip,A,skip,A,0.45,draw
348,rotate,1,A,skip,A,skip,A,skip,A,skip,A,skip,A,skip,A,skip,A,skip,A,skip,A,skip,0.45,turntaking
348,turntaking,2,A,A,skip,A,skip,A,skip,A,skip,A,skip,A,skip,A,skip,A,skip,A,skip,A,0.5,turntaking
349,random3,1,A,A,A,A,A,A,A,A,A,A,A,A,A,A,A,A,A,A,A,A,0.0,draw
349,turntaking,2,A,A,A,A,A,A,A,A,A,A,A,A,A,A,A,A,A,A,A,A,0.0,draw
350,turntaking,1,skip,A,A,A,A,A,A,A,A,A,A,A,A,A,A,A,A,A,A,A,0.0,random3
350,random3,2,A,A,A,A,A,A,A,A,A,A,A,A,A,A,A,A,A,A,A,A,0.05,random3
351,turntaking,1,skip,A,skip,A,skip,A,skip,A,skip,A,skip,A,skip,A,skip,A,skip,A,skip,A,0.5,turntaking
351,radicaleq,2,skip,skip,A,skip,A,skip,A,skip,A,skip,A,skip,A,skip,A,skip,A,skip,A,skip,0.45,turntaking
352,radicaleq,1,A,A,A,A,A,A,A,A,A,A,A,A,A,A,A,A,A,A,A,A,0.0,draw
352,turntaking,2,A,A,A,A,A,A,A,A,A,A,A,A,A,A,A,A,A,A,A,A,0.0,draw
353,rotate0,1,A,A,A,A,A,A,A,A,A,A,A,A,A,A,A,A,A,A,A,A,0.0,draw
353,turntaking,2,A,A,A,A,A,A,A,A,A,A,A,A,A,A,A,A,A,A,A,A,0.0,draw
354,turntaking,1,skip,A,skip,A,skip,A,skip,A,skip,A,skip,A,skip,A,skip,A,skip,A,skip,A,0.5,turntaking
354,rotate0,2,skip,skip,skip,skip,skip,skip,skip,skip,skip,skip,skip,skip,skip,skip,skip,skip,skip,skip,skip,skip,0.0,turntaking
355,turntaking,1,skip,A,A,A,A,A,A,A,A,A,A,A,A,A,A,A,A,A,A,A,0.0,draw
355,caste,2,skip,A,A,A,A,A,A,A,A,A,A,A,A,A,A,A,A,A,A,A,0.0,draw
356,caste,1,A,A,A,A,A,A,A,A,A,A,A,A,A,A,A,A,A,A,A,A,0.0,draw
356,turntaking,2,A,A,A,A,A,A,A,A,A,A,A,A,A,A,A,A,A,A,A,A,0.0,draw
357,equalize,1,A,A,A,A,A,A,A,A,A,A,A,A,A,A,A,A,A,A,A,A,0.0,draw
357,turntaking,2,A,A,A,A,A,A,A,A,A,A,A,A,A,A,A,A,A,A,A,A,0.0,draw
358,turntaking,1,skip,A,A,A,A,A,A,A,A,A,A,A,A,A,A,A,A,A,A,A,0.0,draw
358,equalize,2,skip,A,A,A,A,A,A,A,A,A,A,A,A,A,A,A,A,A,A,A,0.0,draw
359,turntaking,1,skip,A,skip,A,skip,A,skip,A,skip,A,skip,A,skip,A,skip,A,skip,A,skip,A,0.5,draw
359,turntaking,2,A,skip,A,skip,A,skip,A,skip,A,skip,A,skip,A,skip,A,skip,A,skip,A,skip,0.5,draw
360,turntaking,1,skip,A,skip,A,skip,A,skip,A,skip,A,skip,A,skip,A,skip,A,skip,A,skip,A,0.5,draw
360,turntaking,2,A,skip,A,skip,A,skip,A,skip,A,skip,A,skip,A,skip,A,skip,A,skip,A,skip,0.5,draw
361,random,1,A,A,A,skip,skip,skip,A,skip,A,skip,skip,A,A,skip,A,skip,A,A,A,skip,0.35,draw
361,random,2,A,skip,A,skip,skip,A,skip,skip,skip,skip,skip,skip,skip,A,A,skip,skip,A,skip,skip,0.1,draw
362,random,1,A,skip,A,A,skip,skip,A,skip,A,A,A,skip,A,skip,A,A,A,skip,skip,skip,0.3,draw
362,random,2,A,skip,skip,skip,skip,A,A,skip,A,A,skip,A,skip,skip,skip,A,skip,skip,A,skip,0.15,draw
363,random,1,skip,skip,A,A,skip,A,A,A,skip,skip,A,A,A,skip,A,A,A,skip,skip,skip,0.3,random
363,rotate,2,skip,A,skip,A,skip,A,skip,A,skip,A,skip,A,skip,A,skip,A,skip,A,skip,A,0.25,random
364,rotate,1,A,skip,A,skip,A,skip,A,skip,A,skip,A,skip,A,skip,A,skip,A,skip,A,skip,0.2,random
364,random,2,A,skip,A,A,A,skip,A,skip,A,A,skip,A,skip,A,skip,skip,A,A,skip,skip,0.25,random
365,rotate,1,A,skip,A,skip,A,skip,A,skip,A,skip,A,skip,A,skip,A,skip,A,skip,A,skip,0.5,draw
365,rotate,2,skip,A,skip,A,skip,A,skip,A,skip,A,skip,A,skip,A,skip,A,skip,A,skip,A,0.5,draw
366,rotate,1,A,skip,A,skip,A,skip,A,skip,A,skip,A,skip,A,skip,A,skip,A,skip,A,skip,0.5,draw
366,rotate,2,skip,A,skip,A,skip,A,skip,A,skip,A,skip,A,skip,A,skip,A,skip,A,skip,A,0.5,draw
367,random3,1,A,A,A,A,A,A,A,A,A,A,A,A,A,A,A,A,A,A,A,A,0.65,random3
367,random,2,skip,skip,skip,skip,A,A,skip,skip,skip,skip,skip,A,A,skip,A,skip,A,A,skip,skip,0.0,random3
368,random,1,A,A,skip,A,skip,skip,skip,A,skip,skip,skip,A,skip,A,A,A,A,skip,skip,A,0.0,random3
368,random3,2,A,A,A,A,A,A,A,A,A,A,A,A,A,A,A,A,A,A,A,A,0.5,random3
369,rotate,1,A,skip,A,skip,A,skip,A,skip,A,skip,A,skip,A,skip,A,skip,A,skip,A,skip,0.0,random3
369,random3,2,A,A,A,A,A,A,A,A,A,A,A,A,A,A,A,A,A,A,A,A,0.5,random3
370,random3,1,A,A,A,A,A,A,A,A,A,A,A,A,A,A,A,A,A,A,A,A,0.5,random3
370,rotate,2,skip,A,skip,A,skip,A,skip,A,skip,A,skip,A,skip,A,skip,A,skip,A,skip,A,0.0,random3
371,random3,1,A,A,A,A,A,A,A,A,A,A,A,A,A,A,A,A,A,A,A,A,0.0,draw
371,random3,2,A,A,A,A,A,A,A,A,A,A,A,A,A,A,A,A,A,A,A,A,0.0,draw
372,random3,1,A,A,A,A,A,A,A,A,A,A,A,A,A,A,A,A,A,A,A,A,0.0,draw
372,random3,2,A,A,A,A,A,A,A,A,A,A,A,A,A,A,A,A,A,A,A,A,0.0,draw
373,random,1,A,skip,A,skip,skip,A,skip,A,A,skip,skip,A,A,A,skip,A,skip,skip,skip,A,0.35,random
373,radicaleq,2,skip,A,skip,A,skip,skip,A,skip,A,A,skip,skip,A,A,A,skip,A,skip,skip,skip,0.3,random
374,radicaleq,1,A,A,skip,skip,A,A,skip,A,A,skip,skip,skip,A,skip,skip,A,skip,A,skip,skip,0.3,radicaleq
374,random,2,A,skip,skip,A,A,skip,A,A,skip,skip,skip,A,skip,skip,A,skip,A,skip,skip,skip,0.25,radicaleq
375,radicaleq,1,A,skip,A,skip,A,skip,A,skip,A,skip,A,skip,A,skip,A,skip,A,skip,A,skip,0.5,draw
375,rotate,2,skip,A,skip,A,skip,A,skip,A,skip,A,skip,A,skip,A,skip,A,skip,A,skip,A,0.5,draw
376,rotate,1,A,skip,A,skip,A,skip,A,skip,A,skip,A,skip,A,skip,A,skip,A,skip,A,skip,0.5,draw
376,radicaleq,2,skip,A,skip,A,skip,A,skip,A,skip,A,skip,A,skip,A,skip,A,skip,A,skip,A,0.5,draw
377,random3,1,A,A,A,A,A,A,A,A,A,A,A,A,A,A,A,A,A,A,A,A,0.05,random3
377,radicaleq,2,skip,A,A,A,A,A,A,A,A,A,A,A,A,A,A,A,A,A,A,A,0.0,random3
378,radicaleq,1,A,A,A,A,A,A,A,A,A,A,A,A,A,A,A,A,A,A,A,A,0.0,draw
378,random3,2,A,A,A,A,A,A,A,A,A,A,A,A,A,A,A,A,A,A,A,A,0.0,draw
379,radicaleq,1,A,skip,A,skip,A,skip,A,skip,A,skip,A,skip,A,skip,A,skip,A,skip,A,skip,0.5,draw
379,radicaleq,2,skip,A,skip,A,skip,A,skip,A,skip,A,skip,A,skip,A,skip,A,skip,A,skip,A,0.5,draw
380,radicaleq,1,A,skip,A,skip,A,skip,A,skip,A,skip,A,skip,A,skip,A,skip,A,skip,A,skip,0.5,draw
380,radicaleq,2,skip,A,skip,A,skip,A,skip,A,skip,A,skip,A,skip,A,skip,A,skip,A,skip,A,0.5,draw
381,rotate0,1,A,A,A,A,A,A,A,A,A,A,A,A,A,A,A,A,A,A,A,A,0.6,rotate0
381,random,2,skip,A,A,skip,A,skip,A,A,A,A,skip,skip,skip,skip,skip,skip,A,skip,skip,skip,0.0,rotate0
382,random,1,skip,A,A,A,skip,A,A,A,A,A,A,skip,A,skip,A,A,A,A,skip,A,0.75,random
382,rotate0,2,skip,skip,skip,skip,skip,skip,skip,skip,skip,skip,skip,skip,skip,skip,skip,skip,skip,skip,skip,skip,0.0,random
383,rotate0,1,A,A,A,A,A,A,A,A,A,A,A,A,A,A,A,A,A,A,A,A,0.5,rotate0
383,rotate,2,skip,A,skip,A,skip,A,skip,A,skip,A,skip,A,skip,A,skip,A,skip,A,skip,A,0.0,rotate0
384,rotate,1,A,skip,A,skip,A,skip,A,skip,A,skip,A,skip,A,skip,A,skip,A,skip,A,skip,0.5,rotate
384,rotate0,2,skip,skip,skip,skip,skip,skip,skip,skip,skip,skip,skip,skip,skip,skip,skip,skip,skip,skip,skip,skip,0.0,rotate
385,rotate0,1,A,A,A,A,A,A,A,A,A,A,A,A,A,A,A,A,A,A,A,A,0.0,draw
385,random3,2,A,A,A,A,A,A,A,A,A,A,A,A,A,A,A,A,A,A,A,A,0.0,draw
386,random3,1,A,A,A,A,A,A,A,A,A,A,A,A,A,A,A,A,A,A,A,A,1.0,random3
386,rotate0,2,skip,skip,skip,skip,skip,skip,skip,skip,skip,skip,skip,skip,skip,skip,skip,skip,skip,skip,skip,skip,0.0,random3
387,rotate0,1,A,A,A,A,A,A,A,A,A,A,A,A,A,A,A,A,A,A,A,A,0.05,rotate0
387,radicaleq,2,skip,A,A,A,A,A,A,A,A,A,A,A,A,A,A,A,A,A,A,A,0.0,rotate0
388,radicaleq,1,A,skip,skip,skip,skip,skip,skip,skip,skip,skip,skip,skip,skip,skip,skip,skip,skip,skip,skip,skip,0.05,radicaleq
388,rotate0,2,skip,skip,skip,skip,skip,skip,skip,skip,skip,skip,skip,skip,skip,skip,skip,skip,skip,skip,skip,skip,0.0,radicaleq
389,rotate0,1,A,A,A,A,A,A,A,A,A,A,A,A,A,A,A,A,A,A,A,A,1.0,draw
389,rotate0,2,skip,skip,skip,skip,skip,skip,skip,skip,skip,skip,skip,skip,skip,skip,skip,skip,skip,skip,skip,skip,0.0,draw
390,rotate0,1,A,A,A,A,A,A,A,A,A,A,A,A,A,A,A,A,A,A,A,A,1.0,draw
390,rotate0,2,skip,skip,skip,skip,skip,skip,skip,skip,skip,skip,skip,skip,skip,skip,skip,skip,skip,skip,skip,skip,0.0,draw
391,caste,1,A,A,A,A,A,A,A,A,A,A,A,A,A,A,A,A,A,A,A,A,0.45,caste
391,random,2,A,A,A,skip,skip,A,A,A,skip,skip,skip,A,A,skip,skip,skip,A,A,skip,A,0.0,caste
392,random,1,skip,A,A,A,A,skip,skip,A,skip,skip,skip,skip,A,A,A,A,A,A,skip,A,0.0,caste
392,caste,2,skip,A,A,A,A,A,A,A,A,A,A,A,A,A,A,A,A,A,A,A,0.35,caste
393,rotate,1,A,skip,A,skip,A,skip,A,skip,A,skip,A,skip,A,skip,A,skip,A,skip,A,skip,0.05,caste
393,caste,2,skip,skip,A,A,A,A,A,A,A,A,A,A,A,A,A,A,A,A,A,A,0.45,caste
394,caste,1,A,A,A,A,A,A,A,A,A,A,A,A,A,A,A,A,A,A,A,A,0.5,caste
394,rotate,2,skip,A,skip,A,skip,A,skip,A,skip,A,skip,A,skip,A,skip,A,skip,A,skip,A,0.0,caste
395,caste,1,A,A,A,A,A,A,A,A,A,A,A,A,A,A,A,A,A,A,A,A,0.0,draw
395,random3,2,A,A,A,A,A,A,A,A,A,A,A,A,A,A,A,A,A,A,A,A,0.0,draw
396,random3,1,A,A,A,A,A,A,A,A,A,A,A,A,A,A,A,A,A,A,A,A,1.0,random3
396,caste,2,skip,skip,skip,skip,skip,skip,skip,skip,skip,skip,skip,skip,skip,skip,skip,skip,skip,skip,skip,skip,0.0,random3
397,radicaleq,1,A,skip,skip,A,A,A,A,A,A,A,A,A,A,A,A,A,A,A,A,A,0.05,draw
397,caste,2,skip,skip,A,A,A,A,A,A,A,A,A,A,A,A,A,A,A,A,A,A,0.05,draw
398,caste,1,A,A,A,A,A,A,A,A,A,A,A,A,A,A,A,A,A,A,A,A,0.05,caste
398,radicaleq,2,skip,A,A,A,A,A,A,A,A,A,A,A,A,A,A,A,A,A,A,A,0.0,caste
399,caste,1,A,A,A,A,A,A,A,A,A,A,A,A,A,A,A,A,A,A,A,A,1.0,caste
399,rotate0,2,skip,skip,skip,skip,skip,skip,skip,skip,skip,skip,skip,skip,skip,skip,skip,skip,skip,skip,skip,skip,0.0,caste
400,rotate0,1,A,A,A,A,A,A,A,A,A,A,A,A,A,A,A,A,A,A,A,A,1.0,rotate0
400,caste,2,skip,skip,skip,skip,skip,skip,skip,skip,skip,skip,skip,skip,skip,skip,skip,skip,skip,skip,skip,skip,0.0,rotate0
401,caste,1,A,A,A,A,A,A,A,A,A,A,A,A,A,A,A,A,A,A,A,A,1.0,draw
401,caste,2,skip,skip,skip,skip,skip,skip,skip,skip,skip,skip,skip,skip,skip,skip,skip,skip,skip,skip,skip,skip,0.0,draw
402,caste,1,A,A,A,A,A,A,A,A,A,A,A,A,A,A,A,A,A,A,A,A,1.0,draw
402,caste,2,skip,skip,skip,skip,skip,skip,skip,skip,skip,skip,skip,skip,skip,skip,skip,skip,skip,skip,skip,skip,0.0,draw
403,equalize,1,A,A,A,A,A,A,A,A,A,A,A,A,A,A,A,A,A,A,A,skip,0.4,equalize
403,random,2,A,A,skip,A,A,A,A,skip,A,A,skip,skip,A,A,skip,A,skip,skip,skip,skip,0.0,equalize
404,random,1,skip,skip,skip,skip,skip,skip,skip,skip,skip,A,A,A,A,A,skip,A,skip,skip,A,skip,0.0,equalize
404,equalize,2,skip,A,skip,A,A,skip,A,A,skip,A,A,A,A,A,A,A,A,A,A,A,0.45,equalize
405,rotate,1,A,skip,A,skip,A,skip,A,skip,A,skip,A,skip,A,skip,A,skip,A,skip,A,skip,0.5,draw
405,equalize,2,skip,A,skip,A,skip,A,skip,A,skip,A,skip,A,skip,A,skip,A,skip,A,skip,A,0.5,draw
406,equalize,1,A,skip,A,skip,A,skip,A,skip,A,skip,A,skip,A,skip,A,skip,A,skip,A,skip,0.5,draw
406,rotate,2,skip,A,skip,A,skip,A,skip,A,skip,A,skip,A,skip,A,skip,A,skip,A,skip,A,0.5,draw
407,equalize,1,A,A,A,A,A,A,A,A,A,A,A,A,A,A,A,A,A,A,A,A,0.0,draw
407,random3,2,A,A,A,A,A,A,A,A,A,A,A,A,A,A,A,A,A,A,A,A,0.0,draw
408,random3,1,A,A,A,A,A,A,A,A,A,A,A,A,A,A,A,A,A,A,A,A,0.05,random3
408,equalize,2,skip,A,A,A,A,A,A,A,A,A,A,A,A,A,A,A,A,A,A,A,0.0,random3
409,radicaleq,1,A,skip,A,skip,A,skip,A,skip,A,skip,A,skip,A,skip,A,skip,A,skip,A,skip,0.5,draw
409,equalize,2,skip,A,skip,A,skip,A,skip,A,skip,A,skip,A,skip,A,skip,A,skip,A,skip,A,0.5,draw
410,equalize,1,A,skip,A,skip,A,skip,A,skip,A,skip,A,skip,A,skip,A,skip,A,skip,A,skip,0.5,draw
410,radicaleq,2,skip,A,skip,A,skip,A,skip,A,skip,A,skip,A,skip,A,skip,A,skip,A,skip,A,0.5,draw
411,equalize,1,A,skip,A,skip,A,A,skip,A,A,skip,A,A,skip,A,A,skip,A,A,skip,A,0.65,equalize
411,rotate0,2,skip,skip,skip,skip,skip,skip,skip,skip,skip,skip,skip,skip,skip,skip,skip,skip,skip,skip,skip,skip,0.0,equalize
412,rotate0,1,A,A,A,A,A,A,A,A,A,A,A,A,A,A,A,A,A,A,A,A,0.05,rotate0
412,equalize,2,skip,A,A,A,A,A,A,A,A,A,A,A,A,A,A,A,A,A,A,A,0.0,rotate0
413,caste,1,A,A,A,A,A,A,A,A,A,A,A,A,A,A,A,A,A,A,A,A,0.05,caste
413,equalize,2,skip,A,A,A,A,A,A,A,A,A,A,A,A,A,A,A,A,A,A,A,0.0,caste
414,equalize,1,A,skip,A,A,A,A,A,A,A,A,A,A,A,A,A,A,A,A,A,A,0.05,equalize
414,caste,2,skip,skip,A,A,A,A,A,A,A,A,A,A,A,A,A,A,A,A,A,A,0.0,equalize
415,equalize,1,A,skip,A,skip,A,skip,A,skip,A,skip,A,skip,A,skip,A,skip,A,skip,A,skip,0.5,draw
415,equalize,2,skip,A,skip,A,skip,A,skip,A,skip,A,skip,A,skip,A,skip,A,skip,A,skip,A,0.5,draw
416,equalize,1,A,skip,A,skip,A,skip,A,skip,A,skip,A,skip,A,skip,A,skip,A,skip,A,skip,0.5,draw
416,equalize,2,skip,A,skip,A,skip,A,skip,A,skip,A,skip,A,skip,A,skip,A,skip,A,skip,A,0.5,draw
417,random,1,skip,skip,skip,A,skip,A,A,A,A,skip,A,skip,A,A,A,skip,skip,skip,skip,A,0.1,turntaking
417,turntaking,2,A,skip,A,skip,skip,A,A,A,A,A,A,A,A,A,A,A,A,skip,A,skip,0.35,turntaking
418,turntaking,1,skip,A,skip,A,skip,A,A,A,skip,A,skip,A,A,A,A,A,A,skip,A,skip,0.4,turntaking
418,random,2,A,skip,A,skip,A,A,A,skip,skip,skip,skip,A,skip,A,skip,A,skip,skip,skip,A,0.2,turntaking
419,turntaking,1,skip,A,A,skip,A,skip,A,skip,A,skip,A,skip,A,skip,A,skip,A,skip,A,skip,0.45,draw
419,rotate,2,skip,A,skip,A,skip,A,skip,A,skip,A,skip,A,skip,A,skip,A,skip,A,skip,A,0.45,draw
420,rotate,1,A,skip,A,skip,A,skip,A,skip,A,skip,A,skip,A,skip,A,skip,A,skip,A,skip,0.45,turntaking
420,turntaking,2,A,A,skip,A,skip,A,skip,A,skip,A,skip,A,skip,A,skip,A,skip,A,skip,A,0.5,turntaking
421,random3,1,A,A,A,A,A,A,A,A,A,A,A,A,A,A,A,A,A,A,A,A,0.0,draw
421,turntaking,2,A,A,A,A,A,A,A,A,A,A,A,A,A,A,A,A,A,A,A,A,0.0,draw
422,turntaking,1,skip,A,A,A,A,A,A,A,A,A,A,A,A,A,A,A,A,A,A,A,0.0,random3
422,random3,2,A,A,A,A,A,A,A,A,A,A,A,A,A,A,A,A,A,A,A,A,0.05,random3
423,turntaking,1,skip,A,skip,A,skip,A,skip,A,skip,A,skip,A,skip,A,skip,A,skip,A,skip,A,0.5,turntaking
423,radicaleq,2,skip,skip,A,skip,A,skip,A,skip,A,skip,A,skip,A,skip,A,skip,A,skip,A,skip,0.45,turntaking
424,radicaleq,1,A,A,A,A,A,A,A,A,A,A,A,A,A,A,A,A,A,A,A,A,0.0,draw
424,turntaking,2,A,A,A,A,A,A,A,A,A,A,A,A,A,A,A,A,A,A,A,A,0.0,draw
425,rotate0,1,A,A,A,A,A,A,A,A,A,A,A,A,A,A,A,A,A,A,A,A,0.0,draw
425,turntaking,2,A,A,A,A,A,A,A,A,A,A,A,A,A,A,A,A,A,A,A,A,0.0,draw
426,turntaking,1,skip,A,skip,A,skip,A,skip,A,skip,A,skip,A,skip,A,skip,A,skip,A,skip,A,0.5,turntaking
426,rotate0,2,skip,skip,skip,skip,skip,skip,skip,skip,skip,skip,skip,skip,skip,skip,skip,skip,skip,skip,skip,skip,0.0,turntaking
427,turntaking,1,skip,A,A,A,A,A,A,A,A,A,A,A,A,A,A,A,A,A,A,A,0.0,draw
427,caste,2,skip,A,A,A,A,A,A,A,A,A,A,A,A,A,A,A,A,A,A,A,0.0,draw
428,caste,1,A,A,A,A,A,A,A,A,A,A,A,A,A,A,A,A,A,A,A,A,0.0,draw
428,turntaking,2,A,A,A,A,A,A,A,A,A,A,A,A,A,A,A,A,A,A,A,A,0.0,draw
429,equalize,1,A,A,A,A,A,A,A,A,A,A,A,A,A,A,A,A,A,A,A,A,0.0,draw
429,turntaking,2,A,A,A,A,A,A,A,A,A,A,A,A,A,A,A,A,A,A,A,A,0.0,draw
430,turntaking,1,skip,A,A,A,A,A,A,A,A,A,A,A,A,A,A,A,A,A,A,A,0.0,draw
430,equalize,2,skip,A,A,A,A,A,A,A,A,A,A,A,A,A,A,A,A,A,A,A,0.0,draw
431,turntaking,1,skip,A,skip,A,skip,A,skip,A,skip,A,skip,A,skip,A,skip,A,skip,A,skip,A,0.5,draw
431,turntaking,2,A,skip,A,skip,A,skip,A,skip,A,skip,A,skip,A,skip,A,skip,A,skip,A,skip,0.5,draw
432,turntaking,1,skip,A,skip,A,skip,A,skip,A,skip,A,skip,A,skip,A,skip,A,skip,A,skip,A,0.5,draw
432,turntaking,2,A,skip,A,skip,A,skip,A,skip,A,skip,A,skip,A,skip,A,skip,A,skip,A,skip,0.5,draw
433,random,1,skip,A,A,A,skip,A,skip,A,A,skip,skip,A,skip,A,skip,skip,A,A,A,skip,0.45,draw
433,random,2,A,skip,skip,skip,skip,skip,skip,skip,A,A,A,A,skip,skip,A,skip,skip,skip,skip,skip,0.2,draw
434,random,1,skip,skip,A,A,A,skip,A,A,A,A,skip,A,skip,A,A,skip,skip,A,A,A,0.5,draw
434,random,2,A,skip,A,skip,skip,skip,skip,A,skip,A,skip,skip,skip,skip,skip,A,skip,skip,skip,skip,0.1,draw
435,random,1,A,skip,skip,skip,skip,A,A,A,A,skip,A,skip,A,skip,A,A,A,skip,A,A,0.4,random
435,rotate,2,skip,A,skip,A,skip,A,skip,A,skip,A,skip,A,skip,A,skip,A,skip,A,skip,A,0.3,random
436,rotate,1,A,skip,A,skip,A,skip,A,skip,A,skip,A,skip,A,skip,A,skip,A,skip,A,skip,0.3,rotate
436,random,2,A,skip,skip,A,A,A,A,skip,skip,skip,A,A,skip,A,skip,skip,skip,skip,skip,skip,0.2,rotate
437,rotate,1,A,skip,A,skip,A,skip,A,skip,A,skip,A,skip,A,skip,A,skip,A,skip,A,skip,0.5,draw
437,rotate,2,skip,A,skip,A,skip,A,skip,A,skip,A,skip,A,skip,A,skip,A,skip,A,skip,A,0.5,draw
438,rotate,1,A,skip,A,skip,A,skip,A,skip,A,skip,A,skip,A,skip,A,skip,A,skip,A,skip,0.5,draw
438,rotate,2,skip,A,skip,A,skip,A,skip,A,skip,A,skip,A,skip,A,skip,A,skip,A,skip,A,0.5,draw
439,random3,1,A,A,A,A,A,A,A,A,A,A,A,A,A,A,A,A,A,A,A,A,0.45,random3
439,random,2,A,skip,skip,skip,skip,skip,A,skip,A,A,A,skip,skip,A,skip,A,A,A,A,A,0.0,random3
440,random,1,skip,A,skip,skip,skip,skip,skip,skip,A,A,skip,A,skip,skip,skip,skip,skip,A,A,A,0.0,random3
440,random3,2,A,A,A,A,A,A,A,A,A,A,A,A,A,A,A,A,A,A,A,A,0.65,random3
441,rotate,1,A,skip,A,skip,A,skip,A,skip,A,skip,A,skip,A,skip,A,skip,A,skip,A,skip,0.0,random3
441,random3,2,A,A,A,A,A,A,A,A,A,A,A,A,A,A,A,A,A,A,A,A,0.5,random3
442,random3,1,A,A,A,A,A,A,A,A,A,A,A,A,A,A,A,A,A,A,A,A,0.5,random3
442,rotate,2,skip,A,skip,A,skip,A,skip,A,skip,A,skip,A,skip,A,skip,A,skip,A,skip,A,0.0,random3
443,random3,1,A,A,A,A,A,A,A,A,A,A,A,A,A,A,A,A,A,A,A,A,0.0,draw
443,random3,2,A,A,A,A,A,A,A,A,A,A,A,A,A,A,A,A,A,A,A,A,0.0,draw
444,random3,1,A,A,A,A,A,A,A,A,A,A,A,A,A,A,A,A,A,A,A,A,0.0,draw
444,random3,2,A,A,A,A,A,A,A,A,A,A,A,A,A,A,A,A,A,A,A,A,0.0,draw
445,random,1,skip,skip,skip,A,skip,A,A,A,A,skip,skip,skip,A,A,skip,A,skip,skip,A,skip,0.25,draw
445,radicaleq,2,skip,skip,skip,skip,A,skip,A,A,A,A,skip,skip,skip,A,A,skip,A,skip,skip,A,0.25,draw
446,radicaleq,1,A,A,skip,skip,A,A,skip,A,skip,A,A,A,skip,A,skip,A,skip,A,A,A,0.3,draw
446,random,2,A,skip,skip,A,A,skip,A,skip,A,A,A,skip,A,skip,A,skip,A,A,A,A,0.3,draw
447,radicaleq,1,A,skip,A,skip,A,skip,A,skip,A,skip,A,skip,A,skip,A,skip,A,skip,A,skip,0.5,draw
447,rotate,2,skip,A,skip,A,skip,A,skip,A,skip,A,skip,A,skip,A,skip,A,skip,A,skip,A,0.5,draw
448,rotate,1,A,skip,A,skip,A,skip,A,skip,A,skip,A,skip,A,skip,A,skip,A,skip,A,skip,0.5,draw
448,radicaleq,2,skip,A,skip,A,skip,A,skip,A,skip,A,skip,A,skip,A,skip,A,skip,A,skip,A,0.5,draw
449,random3,1,A,A,A,A,A,A,A,A,A,A,A,A,A,A,A,A,A,A,A,A,0.05,random3
449,radicaleq,2,skip,A,A,A,A,A,A,A,A,A,A,A,A,A,A,A,A,A,A,A,0.0,random3
450,radicaleq,1,A,A,A,A,A,A,A,A,A,A,A,A,A,A,A,A,A,A,A,A,0.0,draw
450,random3,2,A,A,A,A,A,A,A,A,A,A,A,A,A,A,A,A,A,A,A,A,0.0,draw
451,radicaleq,1,A,skip,A,skip,A,skip,A,skip,A,skip,A,skip,A,skip,A,skip,A,skip,A,skip,0.5,draw
451,radicaleq,2,skip,A,skip,A,skip,A,skip,A,skip,A,skip,A,skip,A,skip,A,skip,A,skip,A,0.5,draw
452,radicaleq,1,A,skip,A,skip,A,skip,A,skip,A,skip,A,skip,A,skip,A,skip,A,skip,A,skip,0.5,draw
452,radicaleq,2,skip,A,skip,A,skip,A,skip,A,skip,A,skip,A,skip,A,skip,A,skip,A,skip,A,0.5,draw
453,rotate0,1,A,A,A,A,A,A,A,A,A,A,A,A,A,A,A,A,A,A,A,A,0.5,rotate0
453,random,2,skip,A,A,skip,skip,skip,A,skip,skip,A,A,A,skip,A,skip,A,A,skip,A,skip,0.0,rotate0
454,random,1,A,A,skip,A,skip,skip,A,skip,A,A,skip,skip,A,skip,A,A,A,skip,A,A,0.6,random
454,rotate0,2,skip,skip,skip,skip,skip,skip,skip,skip,skip,skip,skip,skip,skip,skip,skip,skip,skip,skip,skip,skip,0.0,random
455,rotate0,1,A,A,A,A,A,A,A,A,A,A,A,A,A,A,A,A,A,A,A,A,0.5,rotate0
455,rotate,2,skip,A,skip,A,skip,A,skip,A,skip,A,skip,A,skip,A,skip,A,skip,A,skip,A,0.0,rotate0
456,rotate,1,A,skip,A,skip,A,skip,A,skip,A,skip,A,skip,A,skip,A,skip,A,skip,A,skip,0.5,rotate
456,rotate0,2,skip,skip,skip,skip,skip,skip,skip,skip,skip,skip,skip,skip,skip,skip,skip,skip,skip,skip,skip,skip,0.0,rotate
457,rotate0,1,A,A,A,A,A,A,A,A,A,A,A,A,A,A,A,A,A,A,A,A,0.0,draw
457,random3,2,A,A,A,A,A,A,A,A,A,A,A,A,A,A,A,A,A,A,A,A,0.0,draw
458,random3,1,A,A,A,A,A,A,A,A,A,A,A,A,A,A,A,A,A,A,A,A,1.0,random3
458,rotate0,2,skip,skip,skip,skip,skip,skip,skip,skip,skip,skip,skip,skip,skip,skip,skip,skip,skip,skip,skip,skip,0.0,random3
459,rotate0,1,A,A,A,A,A,A,A,A,A,A,A,A,A,A,A,A,A,A,A,A,0.05,rotate0
459,radicaleq,2,skip,A,A,A,A,A,A,A,A,A,A,A,A,A,A,A,A,A,A,A,0.0,rotate0
460,radicaleq,1,A,skip,skip,skip,skip,skip,skip,skip,skip,skip,skip,skip,skip,skip,skip,skip,skip,skip,skip,skip,0.05,radicaleq
460,rotate0,2,skip,skip,skip,skip,skip,skip,skip,skip,skip,skip,skip,skip,skip,skip,skip,skip,skip,skip,skip,skip,0.0,radicaleq
461,rotate0,1,A,A,A,A,A,A,A,A,A,A,A,A,A,A,A,A,A,A,A,A,1.0,draw
461,rotate0,2,skip,skip,skip,skip,skip,skip,skip,skip,skip,skip,skip,skip,skip,skip,skip,skip,skip,skip,skip,skip,0.0,draw
462,rotate0,1,A,A,A,A,A,A,A,A,A,A,A,A,A,A,A,A,A,A,A,A,1.0,draw
462,rotate0,2,skip,skip,skip,skip,skip,skip,skip,skip,skip,skip,skip,skip,skip,skip,skip,skip,skip,skip,skip,skip,0.0,draw
463,caste,1,A,A,A,A,A,A,A,A,A,A,A,A,A,A,A,A,A,A,A,A,0.7,caste
463,random,2,A,skip,skip,skip,skip,A,skip,A,skip,skip,skip,skip,skip,skip,A,A,A,skip,skip,skip,0.0,caste
464,random,1,skip,A,skip,A,A,skip,A,skip,A,A,A,A,skip,skip,A,A,A,A,A,A,0.0,caste
464,caste,2,skip,A,A,A,A,A,A,A,A,A,A,A,A,A,A,A,A,A,A,A,0.25,caste
465,rotate,1,A,skip,A,skip,A,skip,A,skip,A,skip,A,skip,A,skip,A,skip,A,skip,A,skip,0.05,caste
465,caste,2,skip,skip,A,A,A,A,A,A,A,A,A,A,A,A,A,A,A,A,A,A,0.45,caste
466,caste,1,A,A,A,A,A,A,A,A,A,A,A,A,A,A,A,A,A,A,A,A,0.5,caste
466,rotate,2,skip,A,skip,A,skip,A,skip,A,skip,A,skip,A,skip,A,skip,A,skip,A,skip,A,0.0,caste
467,caste,1,A,A,A,A,A,A,A,A,A,A,A,A,A,A,A,A,A,A,A,A,0.0,draw
467,random3,2,A,A,A,A,A,A,A,A,A,A,A,A,A,A,A,A,A,A,A,A,0.0,draw
468,random3,1,A,A,A,A,A,A,A,A,A,A,A,A,A,A,A,A,A,A,A,A,1.0,random3
468,caste,2,skip,skip,skip,skip,skip,skip,skip,skip,skip,skip,skip,skip,skip,skip,skip,skip,skip,skip,skip,skip,0.0,random3
469,radicaleq,1,A,skip,skip,A,A,A,A,A,A,A,A,A,A,A,A,A,A,A,A,A,0.05,draw
469,caste,2,skip,skip,A,A,A,A,A,A,A,A,A,A,A,A,A,A,A,A,A,A,0.05,draw
470,caste,1,A,A,A,A,A,A,A,A,A,A,A,A,A,A,A,A,A,A,A,A,0.05,caste
470,radicaleq,2,skip,A,A,A,A,A,A,A,A,A,A,A,A,A,A,A,A,A,A,A,0.0,caste
471,caste,1,A,A,A,A,A,A,A,A,A,A,A,A,A,A,A,A,A,A,A,A,1.0,caste
471,rotate0,2,skip,skip,skip,skip,skip,skip,skip,skip,skip,skip,skip,skip,skip,skip,skip,skip,skip,skip,skip,skip,0.0,caste
472,rotate0,1,A,A,A,A,A,A,A,A,A,A,A,A,A,A,A,A,A,A,A,A,1.0,rotate0
472,caste,2,skip,skip,skip,skip,skip,skip,skip,skip,skip,skip,skip,skip,skip,skip,skip,skip,skip,skip,skip,skip,0.0,rotate0
473,caste,1,A,A,A,A,A,A,A,A,A,A,A,A,A,A,A,A,A,A,A,A,1.0,draw
473,caste,2,skip,skip,skip,skip,skip,skip,skip,skip,skip,skip,skip,skip,skip,skip,skip,skip,skip,skip,skip,skip,0.0,draw
474,caste,1,A,A,A,A,A,A,A,A,A,A,A,A,A,A,A,A,A,A,A,A,1.0,draw
474,caste,2,skip,skip,skip,skip,skip,skip,skip,skip,skip,skip,skip,skip,skip,skip,skip,skip,skip,skip,skip,skip,0.0,draw
475,equalize,1,A,A,A,A,A,A,A,A,A,A,A,A,A,A,A,A,A,A,A,skip,0.4,equalize
475,random,2,A,A,A,A,skip,skip,A,A,skip,A,A,A,A,skip,skip,skip,A,skip,skip,A,0.05,equalize
476,random,1,skip,A,A,skip,skip,skip,A,skip,skip,skip,skip,A,A,skip,skip,A,A,A,A,skip,0.05,equalize
476,equalize,2,skip,A,A,A,A,A,skip,skip,A,skip,A,A,A,A,A,A,A,A,A,A,0.4,equalize
477,rotate,1,A,skip,A,skip,A,skip,A,skip,A,skip,A,skip,A,skip,A,skip,A,skip,A,skip,0.5,draw
477,equalize,2,skip,A,skip,A,skip,A,skip,A,skip,A,skip,A,skip,A,skip,A,skip,A,skip,A,0.5,draw
478,equalize,1,A,skip,A,skip,A,skip,A,skip,A,skip,A,skip,A,skip,A,skip,A,skip,A,skip,0.5,draw
478,rotate,2,skip,A,skip,A,skip,A,skip,A,skip,A,skip,A,skip,A,skip,A,skip,A,skip,A,0.5,draw
479,equalize,1,A,A,A,A,A,A,A,A,A,A,A,A,A,A,A,A,A,A,A,A,0.0,draw
479,random3,2,A,A,A,A,A,A,A,A,A,A,A,A,A,A,A,A,A,A,A,A,0.0,draw
480,random3,1,A,A,A,A,A,A,A,A,A,A,A,A,A,A,A,A,A,A,A,A,0.05,random3
480,equalize,2,skip,A,A,A,A,A,A,A,A,A,A,A,A,A,A,A,A,A,A,A,0.0,random3
481,radicaleq,1,A,skip,A,skip,A,skip,A,skip,A,skip,A,skip,A,skip,A,skip,A,skip,A,skip,0.5,draw
481,equalize,2,skip,A,skip,A,skip,A,skip,A,skip,A,skip,A,skip,A,skip,A,skip,A,skip,A,0.5,draw
482,equalize,1,A,skip,A,skip,A,skip,A,skip,A,skip,A,skip,A,skip,A,skip,A,skip,A,skip,0.5,draw
482,radicaleq,2,skip,A,skip,A,skip,A,skip,A,skip,A,skip,A,skip,A,skip,A,skip,A,skip,A,0.5,draw
483,equalize,1,A,skip,A,skip,A,A,skip,A,A,skip,A,A,skip,A,A,skip,A,A,skip,A,0.65,equalize
483,rotate0,2,skip,skip,skip,skip,skip,skip,skip,skip,skip,skip,skip,skip,skip,skip,skip,skip,skip,skip,skip,skip,0.0,equalize
484,rotate0,1,A,A,A,A,A,A,A,A,A,A,A,A,A,A,A,A,A,A,A,A,0.05,rotate0
484,equalize,2,skip,A,A,A,A,A,A,A,A,A,A,A,A,A,A,A,A,A,A,A,0.0,rotate0
485,caste,1,A,A,A,A,A,A,A,A,A,A,A,A,A,A,A,A,A,A,A,A,0.05,caste
485,equalize,2,skip,A,A,A,A,A,A,A,A,A,A,A,A,A,A,A,A,A,A,A,0.0,caste
486,equalize,1,A,skip,A,A,A,A,A,A,A,A,A,A,A,A,A,A,A,A,A,A,0.05,equalize
486,caste,2,skip,skip,A,A,A,A,A,A,A,A,A,A,A,A,A,A,A,A,A,A,0.0,equalize
487,equalize,1,A,skip,A,skip,A,skip,A,skip,A,skip,A,skip,A,skip,A,skip,A,skip,A,skip,0.5,draw
487,equalize,2,skip,A,skip,A,skip,A,skip,A,skip,A,skip,A,skip,A,skip,A,skip,A,skip,A,0.5,draw
488,equalize,1,A,skip,A,skip,A,skip,A,skip,A,skip,A,skip,A,skip,A,skip,A,skip,A,skip,0.5,draw
488,equalize,2,skip,A,skip,A,skip,A,skip,A,skip,A,skip,A,skip,A,skip,A,skip,A,skip,A,0.5,draw
489,random,1,skip,skip,A,skip,A,A,A,A,A,A,skip,A,skip,A,skip,A,skip,skip,skip,A,0.15,turntaking
489,turntaking,2,A,skip,A,A,skip,skip,A,A,A,A,A,A,A,A,A,skip,skip,A,skip,A,0.3,turntaking
490,turntaking,1,skip,A,skip,A,skip,A,skip,skip,A,A,skip,A,skip,skip,A,A,A,A,A,A,0.35,turntaking
490,random,2,A,skip,skip,skip,skip,skip,A,A,A,skip,skip,skip,A,skip,A,skip,A,A,skip,A,0.2,turntaking
491,turntaking,1,skip,A,A,skip,A,skip,A,skip,A,skip,A,skip,A,skip,A,skip,A,skip,A,skip,0.45,draw
491,rotate,2,skip,A,skip,A,skip,A,skip,A,skip,A,skip,A,skip,A,skip,A,skip,A,skip,A,0.45,draw
492,rotate,1,A,skip,A,skip,A,skip,A,skip,A,skip,A,skip,A,skip,A,skip,A,skip,A,skip,0.45,turntaking
492,turntaking,2,A,A,skip,A,skip,A,skip,A,skip,A,skip,A,skip,A,skip,A,skip,A,skip,A,0.5,turntaking
493,random3,1,A,A,A,A,A,A,A,A,A,A,A,A,A,A,A,A,A,A,A,A,0.0,draw
493,turntaking,2,A,A,A,A,A,A,A,A,A,A,A,A,A,A,A,A,A,A,A,A,0.0,draw
494,turntaking,1,skip,A,A,A,A,A,A,A,A,A,A,A,A,A,A,A,A,A,A,A,0.0,random3
494,random3,2,A,A,A,A,A,A,A,A,A,A,A,A,A,A,A,A,A,A,A,A,0.05,random3
495,turntaking,1,skip,A,skip,A,skip,A,skip,A,skip,A,skip,A,skip,A,skip,A,skip,A,skip,A,0.5,turntaking
495,radicaleq,2,skip,skip,A,skip,A,skip,A,skip,A,skip,A,skip,A,skip,A,skip,A,skip,A,skip,0.45,turntaking
496,radicaleq,1,A,A,A,A,A,A,A,A,A,A,A,A,A,A,A,A,A,A,A,A,0.0,draw
496,turntaking,2,A,A,A,A,A,A,A,A,A,A,A,A,A,A,A,A,A,A,A,A,0.0,draw
497,rotate0,1,A,A,A,A,A,A,A,A,A,A,A,A,A,A,A,A,A,A,A,A,0.0,draw
497,turntaking,2,A,A,A,A,A,A,A,A,A,A,A,A,A,A,A,A,A,A,A,A,0.0,draw
498,turntaking,1,skip,A,skip,A,skip,A,skip,A,skip,A,skip,A,skip,A,skip,A,skip,A,skip,A,0.5,turntaking
498,rotate0,2,skip,skip,skip,skip,skip,skip,skip,skip,skip,skip,skip,skip,skip,skip,skip,skip,skip,skip,skip,skip,0.0,turntaking
499,turntaking,1,skip,A,A,A,A,A,A,A,A,A,A,A,A,A,A,A,A,A,A,A,0.0,draw
499,caste,2,skip,A,A,A,A,A,A,A,A,A,A,A,A,A,A,A,A,A,A,A,0.0,draw
500,caste,1,A,A,A,A,A,A,A,A,A,A,A,A,A,A,A,A,A,A,A,A,0.0,draw
500,turntaking,2,A,A,A,A,A,A,A,A,A,A,A,A,A,A,A,A,A,A,A,A,0.0,draw
501,equalize,1,A,A,A,A,A,A,A,A,A,A,A,A,A,A,A,A,A,A,A,A,0.0,draw
501,turntaking,2,A,A,A,A,A,A,A,A,A,A,A,A,A,A,A,A,A,A,A,A,0.0,draw
502,turntaking,1,skip,A,A,A,A,A,A,A,A,A,A,A,A,A,A,A,A,A,A,A,0.0,draw
502,equalize,2,skip,A,A,A,A,A,A,A,A,A,A,A,A,A,A,A,A,A,A,A,0.0,draw
503,turntaking,1,skip,A,skip,A,skip,A,skip,A,skip,A,skip,A,skip,A,skip,A,skip,A,skip,A,0.5,draw
503,turntaking,2,A,skip,A,skip,A,skip,A,skip,A,skip,A,skip,A,skip,A,skip,A,skip,A,skip,0.5,draw
504,turntaking,1,skip,A,skip,A,skip,A,skip,A,skip,A,skip,A,skip,A,skip,A,skip,A,skip,A,0.5,draw
504,turntaking,2,A,skip,A,skip,A,skip,A,skip,A,skip,A,skip,A,skip,A,skip,A,skip,A,skip,0.5,draw
505,random,1,A,A,A,A,skip,skip,skip,skip,A,skip,A,skip,A,skip,A,skip,skip,skip,skip,skip,0.1,draw
505,random,2,A,A,skip,A,skip,skip,skip,A,A,skip,A,A,skip,A,A,A,A,A,A,A,0.4,draw
506,random,1,skip,A,A,A,A,skip,skip,A,A,A,A,A,skip,A,A,skip,A,A,A,A,0.4,draw
506,random,2,skip,skip,skip,skip,skip,A,skip,skip,A,A,A,skip,skip,A,skip,A,A,A,A,skip,0.1,draw
507,random,1,skip,skip,A,A,A,skip,A,A,skip,skip,skip,A,skip,A,A,skip,skip,skip,A,A,0.25,draw
507,rotate,2,skip,A,skip,A,skip,A,skip,A,skip,A,skip,A,skip,A,skip,A,skip,A,skip,A,0.25,draw
508,rotate,1,A,skip,A,skip,A,skip,A,skip,A,skip,A,skip,A,skip,A,skip,A,skip,A,skip,0.25,draw
508,random,2,A,A,skip,A,A,skip,A,A,skip,skip,skip,A,A,skip,skip,skip,skip,A,A,skip,0.25,draw
509,rotate,1,A,skip,A,skip,A,skip,A,skip,A,skip,A,skip,A,skip,A,skip,A,skip,A,skip,0.5,draw
509,rotate,2,skip,A,skip,A,skip,A,skip,A,skip,A,skip,A,skip,A,skip,A,skip,A,skip,A,0.5,draw
510,rotate,1,A,skip,A,skip,A,skip,A,skip,A,skip,A,skip,A,skip,A,skip,A,skip,A,skip,0.5,draw
510,rotate,2,skip,A,skip,A,skip,A,skip,A,skip,A,skip,A,skip,A,skip,A,skip,A,skip,A,0.5,draw
511,random3,1,A,A,A,A,A,A,A,A,A,A,A,A,A,A,A,A,A,A,A,A,0.5,random3
511,random,2,skip,skip,A,skip,skip,A,skip,skip,skip,skip,A,A,A,A,skip,A,A,A,skip,A,0.0,random3
512,random,1,skip,skip,skip,skip,skip,skip,skip,A,A,A,A,A,A,skip,skip,skip,A,A,A,A,0.0,random3
512,random3,2,A,A,A,A,A,A,A,A,A,A,A,A,A,A,A,A,A,A,A,A,0.5,random3
513,rotate,1,A,skip,A,skip,A,skip,A,skip,A,skip,A,skip,A,skip,A,skip,A,skip,A,skip,0.0,random3
513,random3,2,A,A,A,A,A,A,A,A,A,A,A,A,A,A,A,A,A,A,A,A,0.5,random3
514,random3,1,A,A,A,A,A,A,A,A,A,A,A,A,A,A,A,A,A,A,A,A,0.5,random3
514,rotate,2,skip,A,skip,A,skip,A,skip,A,skip,A,skip,A,skip,A,skip,A,skip,A,skip,A,0.0,random3
515,random3,1,A,A,A,A,A,A,A,A,A,A,A,A,A,A,A,A,A,A,A,A,0.0,draw
515,random3,2,A,A,A,A,A,A,A,A,A,A,A,A,A,A,A,A,A,A,A,A,0.0,draw
516,random3,1,A,A,A,A,A,A,A,A,A,A,A,A,A,A,A,A,A,A,A,A,0.0,draw
516,random3,2,A,A,A,A,A,A,A,A,A,A,A,A,A,A,A,A,A,A,A,A,0.0,draw
517,random,1,skip,skip,A,A,skip,skip,skip,skip,A,skip,skip,A,skip,A,A,skip,skip,skip,skip,skip,0.2,draw
517,radicaleq,2,skip,skip,skip,A,A,skip,skip,skip,skip,A,skip,skip,A,skip,A,A,skip,skip,skip,skip,0.2,draw
518,radicaleq,1,A,A,A,skip,A,skip,A,skip,skip,skip,skip,skip,skip,skip,A,A,A,A,A,A,0.15,draw
518,random,2,A,A,skip,A,skip,A,skip,skip,skip,skip,skip,skip,skip,A,A,A,A,A,A,A,0.15,draw
519,radicaleq,1,A,skip,A,skip,A,skip,A,skip,A,skip,A,skip,A,skip,A,skip,A,skip,A,skip,0.5,draw
519,rotate,2,skip,A,skip,A,skip,A,skip,A,skip,A,skip,A,skip,A,skip,A,skip,A,skip,A,0.5,draw
520,rotate,1,A,skip,A,skip,A,skip,A,skip,A,skip,A,skip,A,skip,A,skip,A,skip,A,skip,0.5,draw
520,radicaleq,2,skip,A,skip,A,skip,A,skip,A,skip,A,skip,A,skip,A,skip,A,skip,A,skip,A,0.5,draw
521,random3,1,A,A,A,A,A,A,A,A,A,A,A,A,A,A,A,A,A,A,A,A,0.05,random3
521,radicaleq,2,skip,A,A,A,A,A,A,A,A,A,A,A,A,A,A,A,A,A,A,A,0.0,random3
522,radicaleq,1,A,A,A,A,A,A,A,A,A,A,A,A,A,A,A,A,A,A,A,A,0.0,draw
522,random3,2,A,A,A,A,A,A,A,A,A,A,A,A,A,A,A,A,A,A,A,A,0.0,draw
523,radicaleq,1,A,skip,A,skip,A,skip,A,skip,A,skip,A,skip,A,skip,A,skip,A,skip,A,skip,0.5,draw
523,radicaleq,2,skip,A,skip,A,skip,A,skip,A,skip,A,skip,A,skip,A,skip,A,skip,A,skip,A,0.5,draw
524,radicaleq,1,A,skip,A,skip,A,skip,A,skip,A,skip,A,skip,A,skip,A,skip,A,skip,A,skip,0.5,draw
524,radicaleq,2,skip,A,skip,A,skip,A,skip,A,skip,A,skip,A,skip,A,skip,A,skip,A,skip,A,0.5,draw
525,rotate0,1,A,A,A,A,A,A,A,A,A,A,A,A,A,A,A,A,A,A,A,A,0.65,rotate0
525,random,2,skip,skip,skip,A,skip,A,A,skip,A,skip,A,skip,skip,A,A,skip,skip,skip,skip,skip,0.0,rotate0
526,random,1,A,skip,skip,skip,skip,A,A,A,skip,skip,skip,skip,A,A,A,skip,A,A,A,skip,0.5,random
526,rotate0,2,skip,skip,skip,skip,skip,skip,skip,skip,skip,skip,skip,skip,skip,skip,skip,skip,skip,skip,skip,skip,0.0,random
527,rotate0,1,A,A,A,A,A,A,A,A,A,A,A,A,A,A,A,A,A,A,A,A,0.5,rotate0
527,rotate,2,skip,A,skip,A,skip,A,skip,A,skip,A,skip,A,skip,A,skip,A,skip,A,skip,A,0.0,rotate0
528,rotate,1,A,skip,A,skip,A,skip,A,skip,A,skip,A,skip,A,skip,A,skip,A,skip,A,skip,0.5,rotate
528,rotate0,2,skip,skip,skip,skip,skip,skip,skip,skip,skip,skip,skip,skip,skip,skip,skip,skip,skip,skip,skip,skip,0.0,rotate
529,rotate0,1,A,A,A,A,A,A,A,A,A,A,A,A,A,A,A,A,A,A,A,A,0.0,draw
529,random3,2,A,A,A,A,A,A,A,A,A,A,A,A,A,A,A,A,A,A,A,A,0.0,draw
530,random3,1,A,A,A,A,A,A,A,A,A,A,A,A,A,A,A,A,A,A,A,A,1.0,random3
530,rotate0,2,skip,skip,skip,skip,skip,skip,skip,skip,skip,skip,skip,skip,skip,skip,skip,skip,skip,skip,skip,skip,0.0,random3
531,rotate0,1,A,A,A,A,A,A,A,A,A,A,A,A,A,A,A,A,A,A,A,A,0.05,rotate0
531,radicaleq,2,skip,A,A,A,A,A,A,A,A,A,A,A,A,A,A,A,A,A,A,A,0.0,rotate0
532,radicaleq,1,A,skip,skip,skip,skip,skip,skip,skip,skip,skip,skip,skip,skip,skip,skip,skip,skip,skip,skip,skip,0.05,radicaleq
532,rotate0,2,skip,skip,skip,skip,skip,skip,skip,skip,skip,skip,skip,skip,skip,skip,skip,skip,skip,skip,skip,skip,0.0,radicaleq
533,rotate0,1,A,A,A,A,A,A,A,A,A,A,A,A,A,A,A,A,A,A,A,A,1.0,draw
533,rotate0,2,skip,skip,skip,skip,skip,skip,skip,skip,skip,skip,skip,skip,skip,skip,skip,skip,skip,skip,skip,skip,0.0,draw
534,rotate0,1,A,A,A,A,A,A,A,A,A,A,A,A,A,A,A,A,A,A,A,A,1.0,draw
534,rotate0,2,skip,skip,skip,skip,skip,skip,skip,skip,skip,skip,skip,skip,skip,skip,skip,skip,skip,skip,skip,skip,0.0,draw
535,caste,1,A,A,A,A,A,A,A,A,A,A,A,A,A,A,A,A,A,A,A,A,0.35,caste
535,random,2,A,A,A,skip,skip,skip,A,A,A,A,A,A,A,skip,A,skip,A,skip,skip,A,0.0,caste
536,random,1,A,A,A,skip,skip,skip,skip,A,A,A,A,A,A,A,A,A,skip,A,A,skip,0.15,caste
536,caste,2,skip,skip,skip,skip,A,skip,A,A,A,A,A,A,A,A,A,A,A,A,A,A,0.2,caste
537,rotate,1,A,skip,A,skip,A,skip,A,skip,A,skip,A,skip,A,skip,A,skip,A,skip,A,skip,0.05,caste
537,caste,2,skip,skip,A,A,A,A,A,A,A,A,A,A,A,A,A,A,A,A,A,A,0.45,caste
538,caste,1,A,A,A,A,A,A,A,A,A,A,A,A,A,A,A,A,A,A,A,A,0.5,caste
538,rotate,2,skip,A,skip,A,skip,A,skip,A,skip,A,skip,A,skip,A,skip,A,skip,A,skip,A,0.0,caste
539,caste,1,A,A,A,A,A,A,A,A,A,A,A,A,A,A,A,A,A,A,A,A,0.0,draw
539,random3,2,A,A,A,A,A,A,A,A,A,A,A,A,A,A,A,A,A,A,A,A,0.0,draw
540,random3,1,A,A,A,A,A,A,A,A,A,A,A,A,A,A,A,A,A,A,A,A,1.0,random3
540,caste,2,skip,skip,skip,skip,skip,skip,skip,skip,skip,skip,skip,skip,skip,skip,skip,skip,skip,skip,skip,skip,0.0,random3
541,radicaleq,1,A,skip,skip,A,A,A,A,A,A,A,A,A,A,A,A,A,A,A,A,A,0.05,draw
541,caste,2,skip,skip,A,A,A,A,A,A,A,A,A,A,A,A,A,A,A,A,A,A,0.05,draw
542,caste,1,A,A,A,A,A,A,A,A,A,A,A,A,A,A,A,A,A,A,A,A,0.05,caste
542,radicaleq,2,skip,A,A,A,A,A,A,A,A,A,A,A,A,A,A,A,A,A,A,A,0.0,caste
543,caste,1,A,A,A,A,A,A,A,A,A,A,A,A,A,A,A,A,A,A,A,A,1.0,caste
543,rotate0,2,skip,skip,skip,skip,skip,skip,skip,skip,skip,skip,skip,skip,skip,skip,skip,skip,skip,skip,skip,skip,0.0,caste
544,rotate0,1,A,A,A,A,A,A,A,A,A,A,A,A,A,A,A,A,A,A,A,A,1.0,rotate0
544,caste,2,skip,skip,skip,skip,skip,skip,skip,skip,skip,skip,skip,skip,skip,skip,skip,skip,skip,skip,skip,skip,0.0,rotate0
545,caste,1,A,A,A,A,A,A,A,A,A,A,A,A,A,A,A,A,A,A,A,A,1.0,draw
545,caste,2,skip,skip,skip,skip,skip,skip,skip,skip,skip,skip,skip,skip,skip,skip,skip,skip,skip,skip,skip,skip,0.0,draw
546,caste,1,A,A,A,A,A,A,A,A,A,A,A,A,A,A,A,A,A,A,A,A,1.0,draw
546,caste,2,skip,skip,skip,skip,skip,skip,skip,skip,skip,skip,skip,skip,skip,skip,skip,skip,skip,skip,skip,skip,0.0,draw
547,equalize,1,A,skip,A,skip,A,A,A,skip,A,A,A,A,A,A,A,A,A,A,A,A,0.45,equalize
547,random,2,skip,A,skip,skip,A,skip,skip,skip,A,skip,A,skip,A,skip,A,A,A,A,skip,skip,0.05,equalize
548,random,1,A,skip,A,A,skip,skip,A,skip,skip,skip,skip,skip,skip,skip,skip,A,skip,A,A,A,0.1,equalize
548,equalize,2,skip,A,skip,A,A,skip,A,A,A,A,skip,A,A,skip,A,A,A,A,A,A,0.45,equalize
549,rotate,1,A,skip,A,skip,A,skip,A,skip,A,skip,A,skip,A,skip,A,skip,A,skip,A,skip,0.5,draw
549,equalize,2,skip,A,skip,A,skip,A,skip,A,skip,A,skip,A,skip,A,skip,A,skip,A,skip,A,0.5,draw
550,equalize,1,A,skip,A,skip,A,skip,A,skip,A,skip,A,skip,A,skip,A,skip,A,skip,A,skip,0.5,draw
550,rotate,2,skip,A,skip,A,skip,A,skip,A,skip,A,skip,A,skip,A,skip,A,skip,A,skip,A,0.5,draw
551,equalize,1,A,A,A,A,A,A,A,A,A,A,A,A,A,A,A,A,A,A,A,A,0.0,draw
551,random3,2,A,A,A,A,A,A,A,A,A,A,A,A,A,A,A,A,A,A,A,A,0.0,draw
552,random3,1,A,A,A,A,A,A,A,A,A,A,A,A,A,A,A,A,A,A,A,A,0.05,random3
552,equalize,2,skip,A,A,A,A,A,A,A,A,A,A,A,A,A,A,A,A,A,A,A,0.0,random3
553,radicaleq,1,A,skip,A,skip,A,skip,A,skip,A,skip,A,skip,A,skip,A,skip,A,skip,A,skip,0.5,draw
553,equalize,2,skip,A,skip,A,skip,A,skip,A,skip,A,skip,A,skip,A,skip,A,skip,A,skip,A,0.5,draw
554,equalize,1,A,skip,A,skip,A,skip,A,skip,A,skip,A,skip,A,skip,A,skip,A,skip,A,skip,0.5,draw
554,radicaleq,2,skip,A,skip,A,skip,A,skip,A,skip,A,skip,A,skip,A,skip,A,skip,A,skip,A,0.5,draw
555,equalize,1,A,skip,A,skip,A,A,skip,A,A,skip,A,A,skip,A,A,skip,A,A,skip,A,0.65,equalize
555,rotate0,2,skip,skip,skip,skip,skip,skip,skip,skip,skip,skip,skip,skip,skip,skip,skip,skip,skip,skip,skip,skip,0.0,equalize
556,rotate0,1,A,A,A,A,A,A,A,A,A,A,A,A,A,A,A,A,A,A,A,A,0.05,rotate0
556,equalize,2,skip,A,A,A,A,A,A,A,A,A,A,A,A,A,A,A,A,A,A,A,0.0,rotate0
557,caste,1,A,A,A,A,A,A,A,A,A,A,A,A,A,A,A,A,A,A,A,A,0.05,caste
557,equalize,2,skip,A,A,A,A,A,A,A,A,A,A,A,A,A,A,A,A,A,A,A,0.0,caste
558,equalize,1,A,skip,A,A,A,A,A,A,A,A,A,A,A,A,A,A,A,A,A,A,0.05,equalize
558,caste,2,skip,skip,A,A,A,A,A,A,A,A,A,A,A,A,A,A,A,A,A,A,0.0,equalize
559,equalize,1,A,skip,A,skip,A,skip,A,skip,A,skip,A,skip,A,skip,A,skip,A,skip,A,skip,0.5,draw
559,equalize,2,skip,A,skip,A,skip,A,skip,A,skip,A,skip,A,skip,A,skip,A,skip,A,skip,A,0.5,draw
560,equalize,1,A,skip,A,skip,A,skip,A,skip,A,skip,A,skip,A,skip,A,skip,A,skip,A,skip,0.5,draw
560,equalize,2,skip,A,skip,A,skip,A,skip,A,skip,A,skip,A,skip,A,skip,A,skip,A,skip,A,0.5,draw
561,random,1,A,skip,A,A,skip,skip,skip,A,skip,skip,skip,A,A,A,A,A,skip,skip,A,skip,0.15,turntaking
561,turntaking,2,A,A,skip,A,A,skip,A,skip,skip,A,skip,A,A,A,A,A,A,A,skip,skip,0.3,turntaking
562,turntaking,1,skip,A,skip,A,A,A,A,A,A,A,A,skip,A,skip,A,skip,skip,skip,A,skip,0.35,turntaking
562,random,2,A,skip,skip,A,A,A,skip,A,skip,A,skip,skip,skip,skip,skip,A,A,skip,skip,skip,0.15,turntaking
563,turntaking,1,skip,A,A,skip,A,skip,A,skip,A,skip,A,skip,A,skip,A,skip,A,skip,A,skip,0.45,draw
563,rotate,2,skip,A,skip,A,skip,A,skip,A,skip,A,skip,A,skip,A,skip,A,skip,A,skip,A,0.45,draw
564,rotate,1,A,skip,A,skip,A,skip,A,skip,A,skip,A,skip,A,skip,A,skip,A,skip,A,skip,0.45,turntaking
564,turntaking,2,A,A,skip,A,skip,A,skip,A,skip,A,skip,A,skip,A,skip,A,skip,A,skip,A,0.5,turntaking
565,random3,1,A,A,A,A,A,A,A,A,A,A,A,A,A,A,A,A,A,A,A,A,0.0,draw
565,turntaking,2,A,A,A,A,A,A,A,A,A,A,A,A,A,A,A,A,A,A,A,A,0.0,draw
566,turntaking,1,skip,A,A,A,A,A,A,A,A,A,A,A,A,A,A,A,A,A,A,A,0.0,random3
566,random3,2,A,A,A,A,A,A,A,A,A,A,A,A,A,A,A,A,A,A,A,A,0.05,random3
567,turntaking,1,skip,A,skip,A,skip,A,skip,A,skip,A,skip,A,skip,A,skip,A,skip,A,skip,A,0.5,turntaking
567,radicaleq,2,skip,skip,A,skip,A,skip,A,skip,A,skip,A,skip,A,skip,A,skip,A,skip,A,skip,0.45,turntaking
568,radicaleq,1,A,A,A,A,A,A,A,A,A,A,A,A,A,A,A,A,A,A,A,A,0.0,draw
568,turntaking,2,A,A,A,A,A,A,A,A,A,A,A,A,A,A,A,A,A,A,A,A,0.0,draw
569,rotate0,1,A,A,A,A,A,A,A,A,A,A,A,A,A,A,A,A,A,A,A,A,0.0,draw
569,turntaking,2,A,A,A,A,A,A,A,A,A,A,A,A,A,A,A,A,A,A,A,A,0.0,draw
570,turntaking,1,skip,A,skip,A,skip,A,skip,A,skip,A,skip,A,skip,A,skip,A,skip,A,skip,A,0.5,turntaking
570,rotate0,2,skip,skip,skip,skip,skip,skip,skip,skip,skip,skip,skip,skip,skip,skip,skip,skip,skip,skip,skip,skip,0.0,turntaking
571,turntaking,1,skip,A,A,A,A,A,A,A,A,A,A,A,A,A,A,A,A,A,A,A,0.0,draw
571,caste,2,skip,A,A,A,A,A,A,A,A,A,A,A,A,A,A,A,A,A,A,A,0.0,draw
572,caste,1,A,A,A,A,A,A,A,A,A,A,A,A,A,A,A,A,A,A,A,A,0.0,draw
572,turntaking,2,A,A,A,A,A,A,A,A,A,A,A,A,A,A,A,A,A,A,A,A,0.0,draw
573,equalize,1,A,A,A,A,A,A,A,A,A,A,A,A,A,A,A,A,A,A,A,A,0.0,draw
573,turntaking,2,A,A,A,A,A,A,A,A,A,A,A,A,A,A,A,A,A,A,A,A,0.0,draw
574,turntaking,1,skip,A,A,A,A,A,A,A,A,A,A,A,A,A,A,A,A,A,A,A,0.0,draw
574,equalize,2,skip,A,A,A,A,A,A,A,A,A,A,A,A,A,A,A,A,A,A,A,0.0,draw
575,turntaking,1,skip,A,skip,A,skip,A,skip,A,skip,A,skip,A,skip,A,skip,A,skip,A,skip,A,0.5,draw
575,turntaking,2,A,skip,A,skip,A,skip,A,skip,A,skip,A,skip,A,skip,A,skip,A,skip,A,skip,0.5,draw
576,turntaking,1,skip,A,skip,A,skip,A,skip,A,skip,A,skip,A,skip,A,skip,A,skip,A,skip,A,0.5,draw
576,turntaking,2,A,skip,A,skip,A,skip,A,skip,A,skip,A,skip,A,skip,A,skip,A,skip,A,skip,0.5,draw
577,random,1,skip,A,A,A,A,skip,A,A,skip,A,A,skip,A,skip,A,skip,A,A,skip,skip,0.1,draw
577,random,2,skip,A,A,A,A,A,A,A,A,A,skip,A,A,skip,skip,skip,A,A,skip,A,0.2,draw
578,random,1,A,A,skip,skip,skip,A,skip,A,skip,A,A,A,skip,A,A,A,skip,skip,A,skip,0.25,draw
578,random,2,skip,skip,A,A,A,A,A,A,skip,skip,A,A,skip,skip,A,skip,skip,skip,A,skip,0.2,draw
579,random,1,A,A,skip,A,A,A,skip,skip,skip,skip,skip,skip,skip,skip,skip,skip,A,skip,A,skip,0.2,rotate
579,rotate,2,skip,A,skip,A,skip,A,skip,A,skip,A,skip,A,skip,A,skip,A,skip,A,skip,A,0.35,rotate
580,rotate,1,A,skip,A,skip,A,skip,A,skip,A,skip,A,skip,A,skip,A,skip,A,skip,A,skip,0.4,rotate
580,random,2,skip,A,skip,A,skip,skip,skip,A,skip,skip,A,A,skip,A,skip,skip,A,skip,skip,A,0.3,rotate
581,rotate,1,A,skip,A,skip,A,skip,A,skip,A,skip,A,skip,A,skip,A,skip,A,skip,A,skip,0.5,draw
581,rotate,2,skip,A,skip,A,skip,A,skip,A,skip,A,skip,A,skip,A,skip,A,skip,A,skip,A,0.5,draw
582,rotate,1,A,skip,A,skip,A,skip,A,skip,A,skip,A,skip,A,skip,A,skip,A,skip,A,skip,0.5,draw
582,rotate,2,skip,A,skip,A,skip,A,skip,A,skip,A,skip,A,skip,A,skip,A,skip,A,skip,A,0.5,draw
583,random3,1,A,A,A,A,A,A,A,A,A,A,A,A,A,A,A,A,A,A,A,A,0.55,random3
583,random,2,A,skip,skip,A,skip,A,A,skip,skip,skip,A,skip,skip,A,A,skip,skip,A,A,skip,0.0,random3
584,random,1,skip,A,A,A,skip,A,skip,A,A,skip,skip,skip,skip,A,skip,skip,A,skip,A,skip,0.0,random3
584,random3,2,A,A,A,A,A,A,A,A,A,A,A,A,A,A,A,A,A,A,A,A,0.55,random3
585,rotate,1,A,skip,A,skip,A,skip,A,skip,A,skip,A,skip,A,skip,A,skip,A,skip,A,skip,0.0,random3
585,random3,2,A,A,A,A,A,A,A,A,A,A,A,A,A,A,A,A,A,A,A,A,0.5,random3
586,random3,1,A,A,A,A,A,A,A,A,A,A,A,A,A,A,A,A,A,A,A,A,0.5,random3
586,rotate,2,skip,A,skip,A,skip,A,skip,A,skip,A,skip,A,skip,A,skip,A,skip,A,skip,A,0.0,random3
587,random3,1,A,A,A,A,A,A,A,A,A,A,A,A,A,A,A,A,A,A,A,A,0.0,draw
587,random3,2,A,A,A,A,A,A,A,A,A,A,A,A,A,A,A,A,A,A,A,A,0.0,draw
588,random3,1,A,A,A,A,A,A,A,A,A,A,A,A,A,A,A,A,A,A,A,A,0.0,draw
588,random3,2,A,A,A,A,A,A,A,A,A,A,A,A,A,A,A,A,A,A,A,A,0.0,draw
589,random,1,skip,A,skip,skip,A,A,A,A,A,skip,skip,skip,A,skip,skip,A,skip,A,skip,skip,0.25,draw
589,radicaleq,2,skip,skip,A,skip,skip,A,A,A,A,A,skip,skip,skip,A,skip,skip,A,skip,A,skip,0.25,draw
590,radicaleq,1,A,A,skip,skip,A,skip,A,A,skip,A,skip,A,A,skip,A,skip,A,skip,A,A,0.4,radicaleq
590,random,2,A,skip,skip,A,skip,A,A,skip,A,skip,A,A,skip,A,skip,A,skip,A,A,skip,0.35,radicaleq
591,radicaleq,1,A,skip,A,skip,A,skip,A,skip,A,skip,A,skip,A,skip,A,skip,A,skip,A,skip,0.5,draw
591,rotate,2,skip,A,skip,A,skip,A,skip,A,skip,A,skip,A,skip,A,skip,A,skip,A,skip,A,0.5,draw
592,rotate,1,A,skip,A,skip,A,skip,A,skip,A,skip,A,skip,A,skip,A,skip,A,skip,A,skip,0.5,draw
592,radicaleq,2,skip,A,skip,A,skip,A,skip,A,skip,A,skip,A,skip,A,skip,A,skip,A,skip,A,0.5,draw
593,random3,1,A,A,A,A,A,A,A,A,A,A,A,A,A,A,A,A,A,A,A,A,0.05,random3
593,radicaleq,2,skip,A,A,A,A,A,A,A,A,A,A,A,A,A,A,A,A,A,A,A,0.0,random3
594,radicaleq,1,A,A,A,A,A,A,A,A,A,A,A,A,A,A,A,A,A,A,A,A,0.0,draw
594,random3,2,A,A,A,A,A,A,A,A,A,A,A,A,A,A,A,A,A,A,A,A,0.0,draw
595,radicaleq,1,A,skip,A,skip,A,skip,A,skip,A,skip,A,skip,A,skip,A,skip,A,skip,A,skip,0.5,draw
595,radicaleq,2,skip,A,skip,A,skip,A,skip,A,skip,A,skip,A,skip,A,skip,A,skip,A,skip,A,0.5,draw
596,radicaleq,1,A,skip,A,skip,A,skip,A,skip,A,skip,A,skip,A,skip,A,skip,A,skip,A,skip,0.5,draw
596,radicaleq,2,skip,A,skip,A,skip,A,skip,A,skip,A,skip,A,skip,A,skip,A,skip,A,skip,A,0.5,draw
597,rotate0,1,A,A,A,A,A,A,A,A,A,A,A,A,A,A,A,A,A,A,A,A,0.5,rotate0
597,random,2,skip,skip,skip,skip,skip,skip,A,A,A,A,A,A,A,skip,A,skip,skip,skip,A,A,0.0,rotate0
598,random,1,A,A,A,A,A,A,A,A,A,skip,A,skip,skip,skip,skip,skip,skip,skip,A,skip,0.55,random
598,rotate0,2,skip,skip,skip,skip,skip,skip,skip,skip,skip,skip,skip,skip,skip,skip,skip,skip,skip,skip,skip,skip,0.0,random
599,rotate0,1,A,A,A,A,A,A,A,A,A,A,A,A,A,A,A,A,A,A,A,A,0.5,rotate0
599,rotate,2,skip,A,skip,A,skip,A,skip,A,skip,A,skip,A,skip,A,skip,A,skip,A,skip,A,0.0,rotate0
600,rotate,1,A,skip,A,skip,A,skip,A,skip,A,skip,A,skip,A,skip,A,skip,A,skip,A,skip,0.5,rotate
600,rotate0,2,skip,skip,skip,skip,skip,skip,skip,skip,skip,skip,skip,skip,skip,skip,skip,skip,skip,skip,skip,skip,0.0,rotate
601,rotate0,1,A,A,A,A,A,A,A,A,A,A,A,A,A,A,A,A,A,A,A,A,0.0,draw
601,random3,2,A,A,A,A,A,A,A,A,A,A,A,A,A,A,A,A,A,A,A,A,0.0,draw
602,random3,1,A,A,A,A,A,A,A,A,A,A,A,A,A,A,A,A,A,A,A,A,1.0,random3
602,rotate0,2,skip,skip,skip,skip,skip,skip,skip,skip,skip,skip,skip,skip,skip,skip,skip,skip,skip,skip,skip,skip,0.0,random3
603,rotate0,1,A,A,A,A,A,A,A,A,A,A,A,A,A,A,A,A,A,A,A,A,0.05,rotate0
603,radicaleq,2,skip,A,A,A,A,A,A,A,A,A,A,A,A,A,A,A,A,A,A,A,0.0,rotate0
604,radicaleq,1,A,skip,skip,skip,skip,skip,skip,skip,skip,skip,skip,skip,skip,skip,skip,skip,skip,skip,skip,skip,0.05,radicaleq
604,rotate0,2,skip,skip,skip,skip,skip,skip,skip,skip,skip,skip,skip,skip,skip,skip,skip,skip,skip,skip,skip,skip,0.0,radicaleq
605,rotate0,1,A,A,A,A,A,A,A,A,A,A,A,A,A,A,A,A,A,A,A,A,1.0,draw
605,rotate0,2,skip,skip,skip,skip,skip,skip,skip,skip,skip,skip,skip,skip,skip,skip,skip,skip,skip,skip,skip,skip,0.0,draw
606,rotate0,1,A,A,A,A,A,A,A,A,A,A,A,A,A,A,A,A,A,A,A,A,1.0,draw
606,rotate0,2,skip,skip,skip,skip,skip,skip,skip,skip,skip,skip,skip,skip,skip,skip,skip,skip,skip,skip,skip,skip,0.0,draw
607,caste,1,A,A,A,A,A,A,A,A,A,A,A,A,A,A,A,A,A,A,A,A,0.4,caste
607,random,2,skip,skip,skip,skip,A,A,skip,A,A,A,A,A,skip,skip,A,skip,A,A,A,A,0.0,caste
608,random,1,A,skip,skip,A,skip,A,skip,A,skip,skip,A,skip,A,A,skip,A,A,A,A,skip,0.05,caste
608,caste,2,skip,skip,A,A,A,A,A,A,A,A,A,A,A,A,A,A,A,A,A,A,0.4,caste
609,rotate,1,A,skip,A,skip,A,skip,A,skip,A,skip,A,skip,A,skip,A,skip,A,skip,A,skip,0.05,caste
609,caste,2,skip,skip,A,A,A,A,A,A,A,A,A,A,A,A,A,A,A,A,A,A,0.45,caste
610,caste,1,A,A,A,A,A,A,A,A,A,A,A,A,A,A,A,A,A,A,A,A,0.5,caste
610,rotate,2,skip,A,skip,A,skip,A,skip,A,skip,A,skip,A,skip,A,skip,A,skip,A,skip,A,0.0,caste
611,caste,1,A,A,A,A,A,A,A,A,A,A,A,A,A,A,A,A,A,A,A,A,0.0,draw
611,random3,2,A,A,A,A,A,A,A,A,A,A,A,A,A,A,A,A,A,A,A,A,0.0,draw
612,random3,1,A,A,A,A,A,A,A,A,A,A,A,A,A,A,A,A,A,A,A,A,1.0,random3
612,caste,2,skip,skip,skip,skip,skip,skip,skip,skip,skip,skip,skip,skip,skip,skip,skip,skip,skip,skip,skip,skip,0.0,random3
613,radicaleq,1,A,skip,skip,A,A,A,A,A,A,A,A,A,A,A,A,A,A,A,A,A,0.05,draw
613,caste,2,skip,skip,A,A,A,A,A,A,A,A,A,A,A,A,A,A,A,A,A,A,0.05,draw
614,caste,1,A,A,A,A,A,A,A,A,A,A,A,A,A,A,A,A,A,A,A,A,0.05,caste
614,radicaleq,2,skip,A,A,A,A,A,A,A,A,A,A,A,A,A,A,A,A,A,A,A,0.0,caste
615,caste,1,A,A,A,A,A,A,A,A,A,A,A,A,A,A,A,A,A,A,A,A,1.0,caste
615,rotate0,2,skip,skip,skip,skip,skip,skip,skip,skip,skip,skip,skip,skip,skip,skip,skip,skip,skip,skip,skip,skip,0.0,caste
616,rotate0,1,A,A,A,A,A,A,A,A,A,A,A,A,A,A,A,A,A,A,A,A,1.0,rotate0
616,caste,2,skip,skip,skip,skip,skip,skip,skip,skip,skip,skip,skip,skip,skip,skip,skip,skip,skip,skip,skip,skip,0.0,rotate0
617,caste,1,A,A,A,A,A,A,A,A,A,A,A,A,A,A,A,A,A,A,A,A,1.0,draw
617,caste,2,skip,skip,skip,skip,skip,skip,skip,skip,skip,skip,skip,skip,skip,skip,skip,skip,skip,skip,skip,skip,0.0,draw
618,caste,1,A,A,A,A,A,A,A,A,A,A,A,A,A,A,A,A,A,A,A,A,1.0,draw
618,caste,2,skip,skip,skip,skip,skip,skip,skip,skip,skip,skip,skip,skip,skip,skip,skip,skip,skip,skip,skip,skip,0.0,draw
619,equalize,1,A,A,skip,A,A,A,A,A,A,A,A,A,A,A,A,A,A,A,A,A,0.25,equalize
619,random,2,A,skip,A,A,A,A,A,skip,A,skip,A,A,A,A,A,A,A,A,skip,skip,0.05,equalize
620,random,1,skip,A,skip,skip,A,skip,skip,A,A,skip,skip,A,A,skip,A,skip,A,A,skip,A,0.4,random
620,equalize,2,skip,A,A,A,skip,skip,A,skip,skip,skip,A,skip,skip,A,skip,A,skip,A,A,skip,0.35,random
621,rotate,1,A,skip,A,skip,A,skip,A,skip,A,skip,A,skip,A,skip,A,skip,A,skip,A,skip,0.5,draw
621,equalize,2,skip,A,skip,A,skip,A,skip,A,skip,A,skip,A,skip,A,skip,A,skip,A,skip,A,0.5,draw
622,equalize,1,A,skip,A,skip,A,skip,A,skip,A,skip,A,skip,A,skip,A,skip,A,skip,A,skip,0.5,draw
622,rotate,2,skip,A,skip,A,skip,A,skip,A,skip,A,skip,A,skip,A,skip,A,skip,A,skip,A,0.5,draw
623,equalize,1,A,A,A,A,A,A,A,A,A,A,A,A,A,A,A,A,A,A,A,A,0.0,draw
623,random3,2,A,A,A,A,A,A,A,A,A,A,A,A,A,A,A,A,A,A,A,A,0.0,draw
624,random3,1,A,A,A,A,A,A,A,A,A,A,A,A,A,A,A,A,A,A,A,A,0.05,random3
624,equalize,2,skip,A,A,A,A,A,A,A,A,A,A,A,A,A,A,A,A,A,A,A,0.0,random3
625,radicaleq,1,A,skip,A,skip,A,skip,A,skip,A,skip,A,skip,A,skip,A,skip,A,skip,A,skip,0.5,draw
625,equalize,2,skip,A,skip,A,skip,A,skip,A,skip,A,skip,A,skip,A,skip,A,skip,A,skip,A,0.5,draw
626,equalize,1,A,skip,A,skip,A,skip,A,skip,A,skip,A,skip,A,skip,A,skip,A,skip,A,skip,0.5,draw
626,radicaleq,2,skip,A,skip,A,skip,A,skip,A,skip,A,skip,A,skip,A,skip,A,skip,A,skip,A,0.5,draw
627,equalize,1,A,skip,A,skip,A,A,skip,A,A,skip,A,A,skip,A,A,skip,A,A,skip,A,0.65,equalize
627,rotate0,2,skip,skip,skip,skip,skip,skip,skip,skip,skip,skip,skip,skip,skip,skip,skip,skip,skip,skip,skip,skip,0.0,equalize
628,rotate0,1,A,A,A,A,A,A,A,A,A,A,A,A,A,A,A,A,A,A,A,A,0.05,rotate0
628,equalize,2,skip,A,A,A,A,A,A,A,A,A,A,A,A,A,A,A,A,A,A,A,0.0,rotate0
629,caste,1,A,A,A,A,A,A,A,A,A,A,A,A,A,A,A,A,A,A,A,A,0.05,caste
629,equalize,2,skip,A,A,A,A,A,A,A,A,A,A,A,A,A,A,A,A,A,A,A,0.0,caste
630,equalize,1,A,skip,A,A,A,A,A,A,A,A,A,A,A,A,A,A,A,A,A,A,0.05,equalize
630,caste,2,skip,skip,A,A,A,A,A,A,A,A,A,A,A,A,A,A,A,A,A,A,0.0,equalize
631,equalize,1,A,skip,A,skip,A,skip,A,skip,A,skip,A,skip,A,skip,A,skip,A,skip,A,skip,0.5,draw
631,equalize,2,skip,A,skip,A,skip,A,skip,A,skip,A,skip,A,skip,A,skip,A,skip,A,skip,A,0.5,draw
632,equalize,1,A,skip,A,skip,A,skip,A,skip,A,skip,A,skip,A,skip,A,skip,A,skip,A,skip,0.5,draw
632,equalize,2,skip,A,skip,A,skip,A,skip,A,skip,A,skip,A,skip,A,skip,A,skip,A,skip,A,0.5,draw
633,random,1,A,A,skip,A,skip,A,A,skip,A,A,A,A,skip,skip,A,skip,A,skip,skip,skip,0.2,turntaking
633,turntaking,2,A,A,A,skip,A,skip,A,A,skip,A,A,A,A,A,skip,skip,A,A,A,skip,0.35,turntaking
634,turntaking,1,skip,A,A,A,A,A,skip,A,A,A,A,A,A,skip,skip,skip,A,A,A,A,0.3,turntaking
634,random,2,A,A,A,A,skip,skip,skip,A,skip,A,A,skip,skip,A,A,skip,A,A,skip,A,0.15,turntaking
635,turntaking,1,skip,A,A,skip,A,skip,A,skip,A,skip,A,skip,A,skip,A,skip,A,skip,A,skip,0.45,draw
635,rotate,2,skip,A,skip,A,skip,A,skip,A,skip,A,skip,A,skip,A,skip,A,skip,A,skip,A,0.45,draw
636,rotate,1,A,skip,A,skip,A,skip,A,skip,A,skip,A,skip,A,skip,A,skip,A,skip,A,skip,0.45,turntaking
636,turntaking,2,A,A,skip,A,skip,A,skip,A,skip,A,skip,A,skip,A,skip,A,skip,A,skip,A,0.5,turntaking
637,random3,1,A,A,A,A,A,A,A,A,A,A,A,A,A,A,A,A,A,A,A,A,0.0,draw
637,turntaking,2,A,A,A,A,A,A,A,A,A,A,A,A,A,A,A,A,A,A,A,A,0.0,draw
638,turntaking,1,skip,A,A,A,A,A,A,A,A,A,A,A,A,A,A,A,A,A,A,A,0.0,random3
638,random3,2,A,A,A,A,A,A,A,A,A,A,A,A,A,A,A,A,A,A,A,A,0.05,random3
639,turntaking,1,skip,A,skip,A,skip,A,skip,A,skip,A,skip,A,skip,A,skip,A,skip,A,skip,A,0.5,turntaking
639,radicaleq,2,skip,skip,A,skip,A,skip,A,skip,A,skip,A,skip,A,skip,A,skip,A,skip,A,skip,0.45,turntaking
640,radicaleq,1,A,A,A,A,A,A,A,A,A,A,A,A,A,A,A,A,A,A,A,A,0.0,draw
640,turntaking,2,A,A,A,A,A,A,A,A,A,A,A,A,A,A,A,A,A,A,A,A,0.0,draw
641,rotate0,1,A,A,A,A,A,A,A,A,A,A,A,A,A,A,A,A,A,A,A,A,0.0,draw
641,turntaking,2,A,A,A,A,A,A,A,A,A,A,A,A,A,A,A,A,A,A,A,A,0.0,draw
642,turntaking,1,skip,A,skip,A,skip,A,skip,A,skip,A,skip,A,skip,A,skip,A,skip,A,skip,A,0.5,turntaking
642,rotate0,2,skip,skip,skip,skip,skip,skip,skip,skip,skip,skip,skip,skip,skip,skip,skip,skip,skip,skip,skip,skip,0.0,turntaking
643,turntaking,1,skip,A,A,A,A,A,A,A,A,A,A,A,A,A,A,A,A,A,A,A,0.0,draw
643,caste,2,skip,A,A,A,A,A,A,A,A,A,A,A,A,A,A,A,A,A,A,A,0.0,draw
644,caste,1,A,A,A,A,A,A,A,A,A,A,A,A,A,A,A,A,A,A,A,A,0.0,draw
644,turntaking,2,A,A,A,A,A,A,A,A,A,A,A,A,A,A,A,A,A,A,A,A,0.0,draw
645,equalize,1,A,A,A,A,A,A,A,A,A,A,A,A,A,A,A,A,A,A,A,A,0.0,draw
645,turntaking,2,A,A,A,A,A,A,A,A,A,A,A,A,A,A,A,A,A,A,A,A,0.0,draw
646,turntaking,1,skip,A,A,A,A,A,A,A,A,A,A,A,A,A,A,A,A,A,A,A,0.0,draw
646,equalize,2,skip,A,A,A,A,A,A,A,A,A,A,A,A,A,A,A,A,A,A,A,0.0,draw
647,turntaking,1,skip,A,skip,A,skip,A,skip,A,skip,A,skip,A,skip,A,skip,A,skip,A,skip,A,0.5,draw
647,turntaking,2,A,skip,A,skip,A,skip,A,skip,A,skip,A,skip,A,skip,A,skip,A,skip,A,skip,0.5,draw
648,turntaking,1,skip,A,skip,A,skip,A,skip,A,skip,A,skip,A,skip,A,skip,A,skip,A,skip,A,0.5,draw
648,turntaking,2,A,skip,A,skip,A,skip,A,skip,A,skip,A,skip,A,skip,A,skip,A,skip,A,skip,0.5,draw
649,random,1,A,A,skip,skip,A,A,skip,A,skip,skip,skip,skip,skip,skip,skip,skip,A,A,A,A,0.2,draw
649,random,2,skip,A,A,A,skip,A,skip,A,A,A,A,A,skip,skip,skip,skip,A,A,skip,skip,0.3,draw
650,random,1,skip,A,skip,A,skip,skip,skip,skip,skip,skip,skip,skip,A,skip,skip,A,skip,skip,skip,A,0.15,draw
650,random,2,skip,A,skip,skip,skip,A,skip,A,A,A,skip,A,skip,skip,skip,A,skip,A,A,skip,0.35,draw
651,random,1,skip,skip,A,skip,skip,skip,A,A,skip,A,skip,A,skip,A,skip,A,A,skip,skip,A,0.15,rotate
651,rotate,2,skip,A,skip,A,skip,A,skip,A,skip,A,skip,A,skip,A,skip,A,skip,A,skip,A,0.2,rotate
652,rotate,1,A,skip,A,skip,A,skip,A,skip,A,skip,A,skip,A,skip,A,skip,A,skip,A,skip,0.4,rotate
652,random,2,A,A,skip,A,skip,A,skip,A,skip,A,A,skip,skip,skip,skip,A,skip,skip,skip,skip,0.3,rotate
653,rotate,1,A,skip,A,skip,A,skip,A,skip,A,skip,A,skip,A,skip,A,skip,A,skip,A,skip,0.5,draw
653,rotate,2,skip,A,skip,A,skip,A,skip,A,skip,A,skip,A,skip,A,skip,A,skip,A,skip,A,0.5,draw
654,rotate,1,A,skip,A,skip,A,skip,A,skip,A,skip,A,skip,A,skip,A,skip,A,skip,A,skip,0.5,draw
654,rotate,2,skip,A,skip,A,skip,A,skip,A,skip,A,skip,A,skip,A,skip,A,skip,A,skip,A,0.5,draw
655,random3,1,A,A,A,A,A,A,A,A,A,A,A,A,A,A,A,A,A,A,A,A,0.55,random3
655,random,2,skip,skip,skip,skip,skip,skip,skip,A,A,skip,A,A,A,A,A,skip,skip,A,A,skip,0.0,random3
656,random,1,A,A,skip,A,skip,A,A,skip,A,A,A,skip,A,skip,skip,skip,A,A,skip,A,0.0,random3
656,random3,2,A,A,A,A,A,A,A,A,A,A,A,A,A,A,A,A,A,A,A,A,0.4,random3
657,rotate,1,A,skip,A,skip,A,skip,A,skip,A,skip,A,skip,A,skip,A,skip,A,skip,A,skip,0.0,random3
657,random3,2,A,A,A,A,A,A,A,A,A,A,A,A,A,A,A,A,A,A,A,A,0.5,random3
658,random3,1,A,A,A,A,A,A,A,A,A,A,A,A,A,A,A,A,A,A,A,A,0.5,random3
658,rotate,2,skip,A,skip,A,skip,A,skip,A,skip,A,skip,A,skip,A,skip,A,skip,A,skip,A,0.0,random3
659,random3,1,A,A,A,A,A,A,A,A,A,A,A,A,A,A,A,A,A,A,A,A,0.0,draw
659,random3,2,A,A,A,A,A,A,A,A,A,A,A,A,A,A,A,A,A,A,A,A,0.0,draw
660,random3,1,A,A,A,A,A,A,A,A,A,A,A,A,A,A,A,A,A,A,A,A,0.0,draw
660,random3,2,A,A,A,A,A,A,A,A,A,A,A,A,A,A,A,A,A,A,A,A,0.0,draw
661,random,1,skip,A,skip,A,skip,A,skip,A,A,skip,skip,A,A,skip,A,skip,skip,A,A,skip,0.35,draw
661,radicaleq,2,skip,skip,A,skip,A,skip,A,skip,A,A,skip,skip,A,A,skip,A,skip,skip,A,A,0.35,draw
662,radicaleq,1,A,A,A,skip,skip,A,skip,A,A,skip,skip,A,skip,skip,A,skip,A,A,A,skip,0.3,draw
662,random,2,A,A,skip,skip,A,skip,A,A,skip,skip,A,skip,skip,A,skip,A,A,A,skip,A,0.3,draw
663,radicaleq,1,A,skip,A,skip,A,skip,A,skip,A,skip,A,skip,A,skip,A,skip,A,skip,A,skip,0.5,draw
663,rotate,2,skip,A,skip,A,skip,A,skip,A,skip,A,skip,A,skip,A,skip,A,skip,A,skip,A,0.5,draw
664,rotate,1,A,skip,A,skip,A,skip,A,skip,A,skip,A,skip,A,skip,A,skip,A,skip,A,skip,0.5,draw
664,radicaleq,2,skip,A,skip,A,skip,A,skip,A,skip,A,skip,A,skip,A,skip,A,skip,A,skip,A,0.5,draw
665,random3,1,A,A,A,A,A,A,A,A,A,A,A,A,A,A,A,A,A,A,A,A,0.05,random3
665,radicaleq,2,skip,A,A,A,A,A,A,A,A,A,A,A,A,A,A,A,A,A,A,A,0.0,random3
666,radicaleq,1,A,A,A,A,A,A,A,A,A,A,A,A,A,A,A,A,A,A,A,A,0.0,draw
666,random3,2,A,A,A,A,A,A,A,A,A,A,A,A,A,A,A,A,A,A,A,A,0.0,draw
667,radicaleq,1,A,skip,A,skip,A,skip,A,skip,A,skip,A,skip,A,skip,A,skip,A,skip,A,skip,0.5,draw
667,radicaleq,2,skip,A,skip,A,skip,A,skip,A,skip,A,skip,A,skip,A,skip,A,skip,A,skip,A,0.5,draw
668,radicaleq,1,A,skip,A,skip,A,skip,A,skip,A,skip,A,skip,A,skip,A,skip,A,skip,A,skip,0.5,draw
668,radicaleq,2,skip,A,skip,A,skip,A,skip,A,skip,A,skip,A,skip,A,skip,A,skip,A,skip,A,0.5,draw
669,rotate0,1,A,A,A,A,A,A,A,A,A,A,A,A,A,A,A,A,A,A,A,A,0.5,rotate0
669,random,2,skip,A,A,skip,A,skip,skip,skip,A,A,A,A,skip,A,skip,skip,skip,skip,A,A,0.0,rotate0
670,random,1,skip,A,A,A,skip,skip,skip,A,skip,skip,A,skip,A,skip,A,skip,skip,A,A,A,0.5,random
670,rotate0,2,skip,skip,skip,skip,skip,skip,skip,skip,skip,skip,skip,skip,skip,skip,skip,skip,skip,skip,skip,skip,0.0,random
671,rotate0,1,A,A,A,A,A,A,A,A,A,A,A,A,A,A,A,A,A,A,A,A,0.5,rotate0
671,rotate,2,skip,A,skip,A,skip,A,skip,A,skip,A,skip,A,skip,A,skip,A,skip,A,skip,A,0.0,rotate0
672,rotate,1,A,skip,A,skip,A,skip,A,skip,A,skip,A,skip,A,skip,A,skip,A,skip,A,skip,0.5,rotate
672,rotate0,2,skip,skip,skip,skip,skip,skip,skip,skip,skip,skip,skip,skip,skip,skip,skip,skip,skip,skip,skip,skip,0.0,rotate
673,rotate0,1,A,A,A,A,A,A,A,A,A,A,A,A,A,A,A,A,A,A,A,A,0.0,draw
673,random3,2,A,A,A,A,A,A,A,A,A,A,A,A,A,A,A,A,A,A,A,A,0.0,draw
674,random3,1,A,A,A,A,A,A,A,A,A,A,A,A,A,A,A,A,A,A,A,A,1.0,random3
674,rotate0,2,skip,skip,skip,skip,skip,skip,skip,skip,skip,skip,skip,skip,skip,skip,skip,skip,skip,skip,skip,skip,0.0,random3
675,rotate0,1,A,A,A,A,A,A,A,A,A,A,A,A,A,A,A,A,A,A,A,A,0.05,rotate0
675,radicaleq,2,skip,A,A,A,A,A,A,A,A,A,A,A,A,A,A,A,A,A,A,A,0.0,rotate0
676,radicaleq,1,A,skip,skip,skip,skip,skip,skip,skip,skip,skip,skip,skip,skip,skip,skip,skip,skip,skip,skip,skip,0.05,radicaleq
676,rotate0,2,skip,skip,skip,skip,skip,skip,skip,skip,skip,skip,skip,skip,skip,skip,skip,skip,skip,skip,skip,skip,0.0,radicaleq
677,rotate0,1,A,A,A,A,A,A,A,A,A,A,A,A,A,A,A,A,A,A,A,A,1.0,draw
677,rotate0,2,skip,skip,skip,skip,skip,skip,skip,skip,skip,skip,skip,skip,skip,skip,skip,skip,skip,skip,skip,skip,0.0,draw
678,rotate0,1,A,A,A,A,A,A,A,A,A,A,A,A,A,A,A,A,A,A,A,A,1.0,draw
678,rotate0,2,skip,skip,skip,skip,skip,skip,skip,skip,skip,skip,skip,skip,skip,skip,skip,skip,skip,skip,skip,skip,0.0,draw
679,caste,1,A,A,A,A,A,A,A,A,A,A,A,A,A,A,A,A,A,A,A,A,0.45,caste
679,random,2,A,skip,A,skip,skip,skip,A,skip,A,A,A,skip,A,A,skip,A,A,A,skip,skip,0.0,caste
680,random,1,skip,A,skip,skip,A,skip,A,skip,A,A,skip,skip,A,skip,A,A,A,A,skip,A,0.0,caste
680,caste,2,skip,A,A,A,A,A,A,A,A,A,A,A,A,A,A,A,A,A,A,A,0.4,caste
681,rotate,1,A,skip,A,skip,A,skip,A,skip,A,skip,A,skip,A,skip,A,skip,A,skip,A,skip,0.05,caste
681,caste,2,skip,skip,A,A,A,A,A,A,A,A,A,A,A,A,A,A,A,A,A,A,0.45,caste
682,caste,1,A,A,A,A,A,A,A,A,A,A,A,A,A,A,A,A,A,A,A,A,0.5,caste
682,rotate,2,skip,A,skip,A,skip,A,skip,A,skip,A,skip,A,skip,A,skip,A,skip,A,skip,A,0.0,caste
683,caste,1,A,A,A,A,A,A,A,A,A,A,A,A,A,A,A,A,A,A,A,A,0.0,draw
683,random3,2,A,A,A,A,A,A,A,A,A,A,A,A,A,A,A,A,A,A,A,A,0.0,draw
684,random3,1,A,A,A,A,A,A,A,A,A,A,A,A,A,A,A,A,A,A,A,A,1.0,random3
684,caste,2,skip,skip,skip,skip,skip,skip,skip,skip,skip,skip,skip,skip,skip,skip,skip,skip,skip,skip,skip,skip,0.0,random3
685,radicaleq,1,A,skip,skip,A,A,A,A,A,A,A,A,A,A,A,A,A,A,A,A,A,0.05,draw
685,caste,2,skip,skip,A,A,A,A,A,A,A,A,A,A,A,A,A,A,A,A,A,A,0.05,draw
686,caste,1,A,A,A,A,A,A,A,A,A,A,A,A,A,A,A,A,A,A,A,A,0.05,caste
686,radicaleq,2,skip,A,A,A,A,A,A,A,A,A,A,A,A,A,A,A,A,A,A,A,0.0,caste
687,caste,1,A,A,A,A,A,A,A,A,A,A,A,A,A,A,A,A,A,A,A,A,1.0,caste
687,rotate0,2,skip,skip,skip,skip,skip,skip,skip,skip,skip,skip,skip,skip,skip,skip,skip,skip,skip,skip,skip,skip,0.0,caste
688,rotate0,1,A,A,A,A,A,A,A,A,A,A,A,A,A,A,A,A,A,A,A,A,1.0,rotate0
688,caste,2,skip,skip,skip,skip,skip,skip,skip,skip,skip,skip,skip,skip,skip,skip,skip,skip,skip,skip,skip,skip,0.0,rotate0
689,caste,1,A,A,A,A,A,A,A,A,A,A,A,A,A,A,A,A,A,A,A,A,1.0,draw
689,caste,2,skip,skip,skip,skip,skip,skip,skip,skip,skip,skip,skip,skip,skip,skip,skip,skip,skip,skip,skip,skip,0.0,draw
690,caste,1,A,A,A,A,A,A,A,A,A,A,A,A,A,A,A,A,A,A,A,A,1.0,draw
690,caste,2,skip,skip,skip,skip,skip,skip,skip,skip,skip,skip,skip,skip,skip,skip,skip,skip,skip,skip,skip,skip,0.0,draw
691,equalize,1,A,A,A,A,A,A,skip,A,A,skip,A,A,A,A,skip,skip,skip,A,A,A,0.45,equalize
691,random,2,A,A,A,skip,skip,skip,skip,skip,skip,skip,skip,A,skip,skip,A,A,skip,A,skip,A,0.1,equalize
692,random,1,A,A,skip,skip,skip,A,A,skip,A,skip,skip,skip,skip,skip,skip,A,A,skip,skip,skip,0.15,equalize
692,equalize,2,skip,A,A,skip,A,A,A,A,A,A,A,A,skip,A,A,skip,skip,skip,A,skip,0.45,equalize
693,rotate,1,A,skip,A,skip,A,skip,A,skip,A,skip,A,skip,A,skip,A,skip,A,skip,A,skip,0.5,draw
693,equalize,2,skip,A,skip,A,skip,A,skip,A,skip,A,skip,A,skip,A,skip,A,skip,A,skip,A,0.5,draw
694,equalize,1,A,skip,A,skip,A,skip,A,skip,A,skip,A,skip,A,skip,A,skip,A,skip,A,skip,0.5,draw
694,rotate,2,skip,A,skip,A,skip,A,skip,A,skip,A,skip,A,skip,A,skip,A,skip,A,skip,A,0.5,draw
695,equalize,1,A,A,A,A,A,A,A,A,A,A,A,A,A,A,A,A,A,A,A,A,0.0,draw
695,random3,2,A,A,A,A,A,A,A,A,A,A,A,A,A,A,A,A,A,A,A,A,0.0,draw
696,random3,1,A,A,A,A,A,A,A,A,A,A,A,A,A,A,A,A,A,A,A,A,0.05,random3
696,equalize,2,skip,A,A,A,A,A,A,A,A,A,A,A,A,A,A,A,A,A,A,A,0.0,random3
697,radicaleq,1,A,skip,A,skip,A,skip,A,skip,A,skip,A,skip,A,skip,A,skip,A,skip,A,skip,0.5,draw
697,equalize,2,skip,A,skip,A,skip,A,skip,A,skip,A,skip,A,skip,A,skip,A,skip,A,skip,A,0.5,draw
698,equalize,1,A,skip,A,skip,A,skip,A,skip,A,skip,A,skip,A,skip,A,skip,A,skip,A,skip,0.5,draw
698,radicaleq,2,skip,A,skip,A,skip,A,skip,A,skip,A,skip,A,skip,A,skip,A,skip,A,skip,A,0.5,draw
699,equalize,1,A,skip,A,skip,A,A,skip,A,A,skip,A,A,skip,A,A,skip,A,A,skip,A,0.65,equalize
699,rotate0,2,skip,skip,skip,skip,skip,skip,skip,skip,skip,skip,skip,skip,skip,skip,skip,skip,skip,skip,skip,skip,0.0,equalize
700,rotate0,1,A,A,A,A,A,A,A,A,A,A,A,A,A,A,A,A,A,A,A,A,0.05,rotate0
700,equalize,2,skip,A,A,A,A,A,A,A,A,A,A,A,A,A,A,A,A,A,A,A,0.0,rotate0
701,caste,1,A,A,A,A,A,A,A,A,A,A,A,A,A,A,A,A,A,A,A,A,0.05,caste
701,equalize,2,skip,A,A,A,A,A,A,A,A,A,A,A,A,A,A,A,A,A,A,A,0.0,caste
702,equalize,1,A,skip,A,A,A,A,A,A,A,A,A,A,A,A,A,A,A,A,A,A,0.05,equalize
702,caste,2,skip,skip,A,A,A,A,A,A,A,A,A,A,A,A,A,A,A,A,A,A,0.0,equalize
703,equalize,1,A,skip,A,skip,A,skip,A,skip,A,skip,A,skip,A,skip,A,skip,A,skip,A,skip,0.5,draw
703,equalize,2,skip,A,skip,A,skip,A,skip,A,skip,A,skip,A,skip,A,skip,A,skip,A,skip,A,0.5,draw
704,equalize,1,A,skip,A,skip,A,skip,A,skip,A,skip,A,skip,A,skip,A,skip,A,skip,A,skip,0.5,draw
704,equalize,2,skip,A,skip,A,skip,A,skip,A,skip,A,skip,A,skip,A,skip,A,skip,A,skip,A,0.5,draw
705,random,1,A,skip,skip,skip,A,A,A,skip,A,A,A,skip,skip,A,A,A,skip,A,A,skip,0.3,turntaking
705,turntaking,2,A,A,skip,A,skip,skip,A,A,skip,A,A,A,A,skip,skip,A,A,skip,A,A,0.35,turntaking
706,turntaking,1,skip,A,skip,A,A,A,A,A,A,skip,A,A,A,A,A,A,A,A,skip,skip,0.3,turntaking
706,random,2,A,skip,skip,A,A,A,A,skip,skip,skip,A,A,skip,A,A,A,skip,skip,A,skip,0.1,turntaking
707,turntaking,1,skip,A,A,skip,A,skip,A,skip,A,skip,A,skip,A,skip,A,skip,A,skip,A,skip,0.45,draw
707,rotate,2,skip,A,skip,A,skip,A,skip,A,skip,A,skip,A,skip,A,skip,A,skip,A,skip,A,0.45,draw
708,rotate,1,A,skip,A,skip,A,skip,A,skip,A,skip,A,skip,A,skip,A,skip,A,skip,A,skip,0.45,turntaking
708,turntaking,2,A,A,skip,A,skip,A,skip,A,skip,A,skip,A,skip,A,skip,A,skip,A,skip,A,0.5,turntaking
709,random3,1,A,A,A,A,A,A,A,A,A,A,A,A,A,A,A,A,A,A,A,A,0.0,draw
709,turntaking,2,A,A,A,A,A,A,A,A,A,A,A,A,A,A,A,A,A,A,A,A,0.0,draw
710,turntaking,1,skip,A,A,A,A,A,A,A,A,A,A,A,A,A,A,A,A,A,A,A,0.0,random3
710,random3,2,A,A,A,A,A,A,A,A,A,A,A,A,A,A,A,A,A,A,A,A,0.05,random3
711,turntaking,1,skip,A,skip,A,skip,A,skip,A,skip,A,skip,A,skip,A,skip,A,skip,A,skip,A,0.5,turntaking
711,radicaleq,2,skip,skip,A,skip,A,skip,A,skip,A,skip,A,skip,A,skip,A,skip,A,skip,A,skip,0.45,turntaking
712,radicaleq,1,A,A,A,A,A,A,A,A,A,A,A,A,A,A,A,A,A,A,A,A,0.0,draw
712,turntaking,2,A,A,A,A,A,A,A,A,A,A,A,A,A,A,A,A,A,A,A,A,0.0,draw
713,rotate0,1,A,A,A,A,A,A,A,A,A,A,A,A,A,A,A,A,A,A,A,A,0.0,draw
713,turntaking,2,A,A,A,A,A,A,A,A,A,A,A,A,A,A,A,A,A,A,A,A,0.0,draw
714,turntaking,1,skip,A,skip,A,skip,A,skip,A,skip,A,skip,A,skip,A,skip,A,skip,A,skip,A,0.5,turntaking
714,rotate0,2,skip,skip,skip,skip,skip,skip,skip,skip,skip,skip,skip,skip,skip,skip,skip,skip,skip,skip,skip,skip,0.0,turntaking
715,turntaking,1,skip,A,A,A,A,A,A,A,A,A,A,A,A,A,A,A,A,A,A,A,0.0,draw
715,caste,2,skip,A,A,A,A,A,A,A,A,A,A,A,A,A,A,A,A,A,A,A,0.0,draw
716,caste,1,A,A,A,A,A,A,A,A,A,A,A,A,A,A,A,A,A,A,A,A,0.0,draw
716,turntaking,2,A,A,A,A,A,A,A,A,A,A,A,A,A,A,A,A,A,A,A,A,0.0,draw
717,equalize,1,A,A,A,A,A,A,A,A,A,A,A,A,A,A,A,A,A,A,A,A,0.0,draw
717,turntaking,2,A,A,A,A,A,A,A,A,A,A,A,A,A,A,A,A,A,A,A,A,0.0,draw
718,turntaking,1,skip,A,A,A,A,A,A,A,A,A,A,A,A,A,A,A,A,A,A,A,0.0,draw
718,equalize,2,skip,A,A,A,A,A,A,A,A,A,A,A,A,A,A,A,A,A,A,A,0.0,draw
719,turntaking,1,skip,A,skip,A,skip,A,skip,A,skip,A,skip,A,skip,A,skip,A,skip,A,skip,A,0.5,draw
719,turntaking,2,A,skip,A,skip,A,skip,A,skip,A,skip,A,skip,A,skip,A,skip,A,skip,A,skip,0.5,draw
720,turntaking,1,skip,A,skip,A,skip,A,skip,A,skip,A,skip,A,skip,A,skip,A,skip,A,skip,A,0.5,draw
720,turntaking,2,A,skip,A,skip,A,skip,A,skip,A,skip,A,skip,A,skip,A,skip,A,skip,A,skip,0.5,draw
721,random,1,skip,A,skip,skip,A,skip,skip,skip,skip,A,A,skip,skip,skip,skip,skip,skip,skip,A,skip,0.1,draw
721,random,2,A,A,A,A,A,A,A,skip,A,skip,A,A,A,A,skip,A,A,A,skip,A,0.65,draw
722,random,1,A,skip,skip,skip,A,A,A,A,skip,A,A,skip,A,skip,skip,A,A,skip,skip,A,0.25,draw
722,random,2,A,skip,skip,A,skip,A,A,skip,A,skip,skip,skip,skip,A,skip,A,A,A,skip,A,0.2,draw
723,random,1,A,skip,skip,skip,A,A,skip,A,skip,skip,A,skip,skip,skip,skip,skip,skip,A,skip,A,0.15,rotate
723,rotate,2,skip,A,skip,A,skip,A,skip,A,skip,A,skip,A,skip,A,skip,A,skip,A,skip,A,0.3,rotate
724,rotate,1,A,skip,A,skip,A,skip,A,skip,A,skip,A,skip,A,skip,A,skip,A,skip,A,skip,0.3,draw
724,random,2,skip,A,skip,skip,A,A,skip,skip,skip,skip,skip,skip,A,A,A,A,skip,A,A,A,0.3,draw
725,rotate,1,A,skip,A,skip,A,skip,A,skip,A,skip,A,skip,A,skip,A,skip,A,skip,A,skip,0.5,draw
725,rotate,2,skip,A,skip,A,skip,A,skip,A,skip,A,skip,A,skip,A,skip,A,skip,A,skip,A,0.5,draw
726,rotate,1,A,skip,A,skip,A,skip,A,skip,A,skip,A,skip,A,skip,A,skip,A,skip,A,skip,0.5,draw
726,rotate,2,skip,A,skip,A,skip,A,skip,A,skip,A,skip,A,skip,A,skip,A,skip,A,skip,A,0.5,draw
727,random3,1,A,A,A,A,A,A,A,A,A,A,A,A,A,A,A,A,A,A,A,A,0.5,random3
727,random,2,skip,skip,skip,skip,A,skip,A,skip,A,skip,A,A,A,A,A,A,skip,skip,skip,A,0.0,random3
728,random,1,A,A,skip,skip,A,A,A,A,skip,skip,A,A,skip,A,skip,A,A,A,skip,skip,0.0,random3
728,random3,2,A,A,A,A,A,A,A,A,A,A,A,A,A,A,A,A,A,A,A,A,0.4,random3
729,rotate,1,A,skip,A,skip,A,skip,A,skip,A,skip,A,skip,A,skip,A,skip,A,skip,A,skip,0.0,random3
729,random3,2,A,A,A,A,A,A,A,A,A,A,A,A,A,A,A,A,A,A,A,A,0.5,random3
730,random3,1,A,A,A,A,A,A,A,A,A,A,A,A,A,A,A,A,A,A,A,A,0.5,random3
730,rotate,2,skip,A,skip,A,skip,A,skip,A,skip,A,skip,A,skip,A,skip,A,skip,A,skip,A,0.0,random3
731,random3,1,A,A,A,A,A,A,A,A,A,A,A,A,A,A,A,A,A,A,A,A,0.0,draw
731,random3,2,A,A,A,A,A,A,A,A,A,A,A,A,A,A,A,A,A,A,A,A,0.0,draw
732,random3,1,A,A,A,A,A,A,A,A,A,A,A,A,A,A,A,A,A,A,A,A,0.0,draw
732,random3,2,A,A,A,A,A,A,A,A,A,A,A,A,A,A,A,A,A,A,A,A,0.0,draw
733,random,1,skip,skip,A,A,A,skip,skip,A,A,skip,skip,skip,skip,skip,skip,A,A,skip,A,skip,0.2,draw
733,radicaleq,2,skip,skip,skip,A,A,A,skip,skip,A,A,skip,skip,skip,skip,skip,skip,A,A,skip,A,0.2,draw
734,radicaleq,1,A,skip,A,A,A,skip,A,skip,skip,A,A,A,A,A,skip,A,A,A,skip,A,0.3,radicaleq
734,random,2,skip,A,A,A,skip,A,skip,skip,A,A,A,A,A,skip,A,A,A,skip,A,skip,0.25,radicaleq
735,radicaleq,1,A,skip,A,skip,A,skip,A,skip,A,skip,A,skip,A,skip,A,skip,A,skip,A,skip,0.5,draw
735,rotate,2,skip,A,skip,A,skip,A,skip,A,skip,A,skip,A,skip,A,skip,A,skip,A,skip,A,0.5,draw
736,rotate,1,A,skip,A,skip,A,skip,A,skip,A,skip,A,skip,A,skip,A,skip,A,skip,A,skip,0.5,draw
736,radicaleq,2,skip,A,skip,A,skip,A,skip,A,skip,A,skip,A,skip,A,skip,A,skip,A,skip,A,0.5,draw
737,random3,1,A,A,A,A,A,A,A,A,A,A,A,A,A,A,A,A,A,A,A,A,0.05,random3
737,radicaleq,2,skip,A,A,A,A,A,A,A,A,A,A,A,A,A,A,A,A,A,A,A,0.0,random3
738,radicaleq,1,A,A,A,A,A,A,A,A,A,A,A,A,A,A,A,A,A,A,A,A,0.0,draw
738,random3,2,A,A,A,A,A,A,A,A,A,A,A,A,A,A,A,A,A,A,A,A,0.0,draw
739,radicaleq,1,A,skip,A,skip,A,skip,A,skip,A,skip,A,skip,A,skip,A,skip,A,skip,A,skip,0.5,draw
739,radicaleq,2,skip,A,skip,A,skip,A,skip,A,skip,A,skip,A,skip,A,skip,A,skip,A,skip,A,0.5,draw
740,radicaleq,1,A,skip,A,skip,A,skip,A,skip,A,skip,A,skip,A,skip,A,skip,A,skip,A,skip,0.5,draw
740,radicaleq,2,skip,A,skip,A,skip,A,skip,A,skip,A,skip,A,skip,A,skip,A,skip,A,skip,A,0.5,draw
741,rotate0,1,A,A,A,A,A,A,A,A,A,A,A,A,A,A,A,A,A,A,A,A,0.45,rotate0
741,random,2,skip,A,A,A,A,skip,A,A,skip,A,skip,A,A,A,skip,skip,skip,A,skip,skip,0.0,rotate0
742,random,1,skip,skip,A,A,A,skip,A,skip,skip,skip,skip,A,A,skip,A,skip,skip,skip,A,A,0.45,random
742,rotate0,2,skip,skip,skip,skip,skip,skip,skip,skip,skip,skip,skip,skip,skip,skip,skip,skip,skip,skip,skip,skip,0.0,random
743,rotate0,1,A,A,A,A,A,A,A,A,A,A,A,A,A,A,A,A,A,A,A,A,0.5,rotate0
743,rotate,2,skip,A,skip,A,skip,A,skip,A,skip,A,skip,A,skip,A,skip,A,skip,A,skip,A,0.0,rotate0
744,rotate,1,A,skip,A,skip,A,skip,A,skip,A,skip,A,skip,A,skip,A,skip,A,skip,A,skip,0.5,rotate
744,rotate0,2,skip,skip,skip,skip,skip,skip,skip,skip,skip,skip,skip,skip,skip,skip,skip,skip,skip,skip,skip,skip,0.0,rotate
745,rotate0,1,A,A,A,A,A,A,A,A,A,A,A,A,A,A,A,A,A,A,A,A,0.0,draw
745,random3,2,A,A,A,A,A,A,A,A,A,A,A,A,A,A,A,A,A,A,A,A,0.0,draw
746,random3,1,A,A,A,A,A,A,A,A,A,A,A,A,A,A,A,A,A,A,A,A,1.0,random3
746,rotate0,2,skip,skip,skip,skip,skip,skip,skip,skip,skip,skip,skip,skip,skip,skip,skip,skip,skip,skip,skip,skip,0.0,random3
747,rotate0,1,A,A,A,A,A,A,A,A,A,A,A,A,A,A,A,A,A,A,A,A,0.05,rotate0
747,radicaleq,2,skip,A,A,A,A,A,A,A,A,A,A,A,A,A,A,A,A,A,A,A,0.0,rotate0
748,radicaleq,1,A,skip,skip,skip,skip,skip,skip,skip,skip,skip,skip,skip,skip,skip,skip,skip,skip,skip,skip,skip,0.05,radicaleq
748,rotate0,2,skip,skip,skip,skip,skip,skip,skip,skip,skip,skip,skip,skip,skip,skip,skip,skip,skip,skip,skip,skip,0.0,radicaleq
749,rotate0,1,A,A,A,A,A,A,A,A,A,A,A,A,A,A,A,A,A,A,A,A,1.0,draw
749,rotate0,2,skip,skip,skip,skip,skip,skip,skip,skip,skip,skip,skip,skip,skip,skip,skip,skip,skip,skip,skip,skip,0.0,draw
750,rotate0,1,A,A,A,A,A,A,A,A,A,A,A,A,A,A,A,A,A,A,A,A,1.0,draw
750,rotate0,2,skip,skip,skip,skip,skip,skip,skip,skip,skip,skip,skip,skip,skip,skip,skip,skip,skip,skip,skip,skip,0.0,draw
751,caste,1,A,A,A,A,A,A,A,A,A,A,A,A,A,A,A,A,A,A,A,A,0.5,caste
751,random,2,skip,skip,skip,A,A,A,A,skip,skip,skip,A,A,skip,A,A,skip,A,skip,skip,A,0.0,caste
752,random,1,A,A,A,A,skip,A,A,skip,A,skip,skip,A,A,skip,A,A,A,A,A,A,0.2,draw
752,caste,2,skip,skip,skip,skip,skip,A,A,A,A,A,A,A,A,A,A,A,A,A,A,A,0.2,draw
753,rotate,1,A,skip,A,skip,A,skip,A,skip,A,skip,A,skip,A,skip,A,skip,A,skip,A,skip,0.05,caste
753,caste,2,skip,skip,A,A,A,A,A,A,A,A,A,A,A,A,A,A,A,A,A,A,0.45,caste
754,caste,1,A,A,A,A,A,A,A,A,A,A,A,A,A,A,A,A,A,A,A,A,0.5,caste
754,rotate,2,skip,A,skip,A,skip,A,skip,A,skip,A,skip,A,skip,A,skip,A,skip,A,skip,A,0.0,caste
755,caste,1,A,A,A,A,A,A,A,A,A,A,A,A,A,A,A,A,A,A,A,A,0.0,draw
755,random3,2,A,A,A,A,A,A,A,A,A,A,A,A,A,A,A,A,A,A,A,A,0.0,draw
756,random3,1,A,A,A,A,A,A,A,A,A,A,A,A,A,A,A,A,A,A,A,A,1.0,random3
756,caste,2,skip,skip,skip,skip,skip,skip,skip,skip,skip,skip,skip,skip,skip,skip,skip,skip,skip,skip,skip,skip,0.0,random3
757,radicaleq,1,A,skip,skip,A,A,A,A,A,A,A,A,A,A,A,A,A,A,A,A,A,0.05,draw
757,caste,2,skip,skip,A,A,A,A,A,A,A,A,A,A,A,A,A,A,A,A,A,A,0.05,draw
758,caste,1,A,A,A,A,A,A,A,A,A,A,A,A,A,A,A,A,A,A,A,A,0.05,caste
758,radicaleq,2,skip,A,A,A,A,A,A,A,A,A,A,A,A,A,A,A,A,A,A,A,0.0,caste
759,caste,1,A,A,A,A,A,A,A,A,A,A,A,A,A,A,A,A,A,A,A,A,1.0,caste
759,rotate0,2,skip,skip,skip,skip,skip,skip,skip,skip,skip,skip,skip,skip,skip,skip,skip,skip,skip,skip,skip,skip,0.0,caste
760,rotate0,1,A,A,A,A,A,A,A,A,A,A,A,A,A,A,A,A,A,A,A,A,1.0,rotate0
760,caste,2,skip,skip,skip,skip,skip,skip,skip,skip,skip,skip,skip,skip,skip,skip,skip,skip,skip,skip,skip,skip,0.0,rotate0
761,caste,1,A,A,A,A,A,A,A,A,A,A,A,A,A,A,A,A,A,A,A,A,1.0,draw
761,caste,2,skip,skip,skip,skip,skip,skip,skip,skip,skip,skip,skip,skip,skip,skip,skip,skip,skip,skip,skip,skip,0.0,draw
762,caste,1,A,A,A,A,A,A,A,A,A,A,A,A,A,A,A,A,A,A,A,A,1.0,draw
762,caste,2,skip,skip,skip,skip,skip,skip,skip,skip,skip,skip,skip,skip,skip,skip,skip,skip,skip,skip,skip,skip,0.0,draw
763,equalize,1,A,skip,A,skip,A,A,A,A,A,skip,A,A,skip,skip,A,skip,A,A,A,A,0.55,equalize
763,random,2,skip,skip,skip,skip,A,skip,A,skip,skip,skip,skip,skip,A,skip,skip,skip,A,skip,skip,skip,0.05,equalize
764,random,1,skip,A,A,A,A,skip,skip,skip,A,A,skip,A,skip,A,A,skip,skip,skip,skip,A,0.1,equalize
764,equalize,2,skip,A,A,A,A,A,A,A,skip,skip,skip,A,A,A,A,A,A,A,skip,A,0.35,equalize
765,rotate,1,A,skip,A,skip,A,skip,A,skip,A,skip,A,skip,A,skip,A,skip,A,skip,A,skip,0.5,draw
765,equalize,2,skip,A,skip,A,skip,A,skip,A,skip,A,skip,A,skip,A,skip,A,skip,A,skip,A,0.5,draw
766,equalize,1,A,skip,A,skip,A,skip,A,skip,A,skip,A,skip,A,skip,A,skip,A,skip,A,skip,0.5,draw
766,rotate,2,skip,A,skip,A,skip,A,skip,A,skip,A,skip,A,skip,A,skip,A,skip,A,skip,A,0.5,draw
767,equalize,1,A,A,A,A,A,A,A,A,A,A,A,A,A,A,A,A,A,A,A,A,0.0,draw
767,random3,2,A,A,A,A,A,A,A,A,A,A,A,A,A,A,A,A,A,A,A,A,0.0,draw
768,random3,1,A,A,A,A,A,A,A,A,A,A,A,A,A,A,A,A,A,A,A,A,0.05,random3
768,equalize,2,skip,A,A,A,A,A,A,A,A,A,A,A,A,A,A,A,A,A,A,A,0.0,random3
769,radicaleq,1,A,skip,A,skip,A,skip,A,skip,A,skip,A,skip,A,skip,A,skip,A,skip,A,skip,0.5,draw
769,equalize,2,skip,A,skip,A,skip,A,skip,A,skip,A,skip,A,skip,A,skip,A,skip,A,skip,A,0.5,draw
770,equalize,1,A,skip,A,skip,A,skip,A,skip,A,skip,A,skip,A,skip,A,skip,A,skip,A,skip,0.5,draw
770,radicaleq,2,skip,A,skip,A,skip,A,skip,A,skip,A,skip,A,skip,A,skip,A,skip,A,skip,A,0.5,draw
771,equalize,1,A,skip,A,skip,A,A,skip,A,A,skip,A,A,skip,A,A,skip,A,A,skip,A,0.65,equalize
771,rotate0,2,skip,skip,skip,skip,skip,skip,skip,skip,skip,skip,skip,skip,skip,skip,skip,skip,skip,skip,skip,skip,0.0,equalize
772,rotate0,1,A,A,A,A,A,A,A,A,A,A,A,A,A,A,A,A,A,A,A,A,0.05,rotate0
772,equalize,2,skip,A,A,A,A,A,A,A,A,A,A,A,A,A,A,A,A,A,A,A,0.0,rotate0
773,caste,1,A,A,A,A,A,A,A,A,A,A,A,A,A,A,A,A,A,A,A,A,0.05,caste
773,equalize,2,skip,A,A,A,A,A,A,A,A,A,A,A,A,A,A,A,A,A,A,A,0.0,caste
774,equalize,1,A,skip,A,A,A,A,A,A,A,A,A,A,A,A,A,A,A,A,A,A,0.05,equalize
774,caste,2,skip,skip,A,A,A,A,A,A,A,A,A,A,A,A,A,A,A,A,A,A,0.0,equalize
775,equalize,1,A,skip,A,skip,A,skip,A,skip,A,skip,A,skip,A,skip,A,skip,A,skip,A,skip,0.5,draw
775,equalize,2,skip,A,skip,A,skip,A,skip,A,skip,A,skip,A,skip,A,skip,A,skip,A,skip,A,0.5,draw
776,equalize,1,A,skip,A,skip,A,skip,A,skip,A,skip,A,skip,A,skip,A,skip,A,skip,A,skip,0.5,draw
776,equalize,2,skip,A,skip,A,skip,A,skip,A,skip,A,skip,A,skip,A,skip,A,skip,A,skip,A,0.5,draw
777,random,1,skip,skip,A,skip,A,A,A,A,skip,A,A,skip,skip,A,A,skip,A,skip,A,A,0.2,turntaking
777,turntaking,2,A,skip,A,A,skip,skip,A,A,A,A,A,A,A,skip,skip,skip,A,A,A,A,0.3,turntaking
778,turntaking,1,skip,A,skip,A,skip,A,skip,A,skip,skip,A,A,A,A,skip,A,A,A,skip,A,0.4,turntaking
778,random,2,A,skip,skip,skip,A,skip,skip,skip,A,A,A,A,skip,skip,skip,A,skip,skip,skip,A,0.2,turntaking
779,turntaking,1,skip,A,A,skip,A,skip,A,skip,A,skip,A,skip,A,skip,A,skip,A,skip,A,skip,0.45,draw
779,rotate,2,skip,A,skip,A,skip,A,skip,A,skip,A,skip,A,skip,A,skip,A,skip,A,skip,A,0.45,draw
780,rotate,1,A,skip,A,skip,A,skip,A,skip,A,skip,A,skip,A,skip,A,skip,A,skip,A,skip,0.45,turntaking
780,turntaking,2,A,A,skip,A,skip,A,skip,A,skip,A,skip,A,skip,A,skip,A,skip,A,skip,A,0.5,turntaking
781,random3,1,A,A,A,A,A,A,A,A,A,A,A,A,A,A,A,A,A,A,A,A,0.0,draw
781,turntaking,2,A,A,A,A,A,A,A,A,A,A,A,A,A,A,A,A,A,A,A,A,0.0,draw
782,turntaking,1,skip,A,A,A,A,A,A,A,A,A,A,A,A,A,A,A,A,A,A,A,0.0,random3
782,random3,2,A,A,A,A,A,A,A,A,A,A,A,A,A,A,A,A,A,A,A,A,0.05,random3
783,turntaking,1,skip,A,skip,A,skip,A,skip,A,skip,A,skip,A,skip,A,skip,A,skip,A,skip,A,0.5,turntaking
783,radicaleq,2,skip,skip,A,skip,A,skip,A,skip,A,skip,A,skip,A,skip,A,skip,A,skip,A,skip,0.45,turntaking
784,radicaleq,1,A,A,A,A,A,A,A,A,A,A,A,A,A,A,A,A,A,A,A,A,0.0,draw
784,turntaking,2,A,A,A,A,A,A,A,A,A,A,A,A,A,A,A,A,A,A,A,A,0.0,draw
785,rotate0,1,A,A,A,A,A,A,A,A,A,A,A,A,A,A,A,A,A,A,A,A,0.0,draw
785,turntaking,2,A,A,A,A,A,A,A,A,A,A,A,A,A,A,A,A,A,A,A,A,0.0,draw
786,turntaking,1,skip,A,skip,A,skip,A,skip,A,skip,A,skip,A,skip,A,skip,A,skip,A,skip,A,0.5,turntaking
786,rotate0,2,skip,skip,skip,skip,skip,skip,skip,skip,skip,skip,skip,skip,skip,skip,skip,skip,skip,skip,skip,skip,0.0,turntaking
787,turntaking,1,skip,A,A,A,A,A,A,A,A,A,A,A,A,A,A,A,A,A,A,A,0.0,draw
787,caste,2,skip,A,A,A,A,A,A,A,A,A,A,A,A,A,A,A,A,A,A,A,0.0,draw
788,caste,1,A,A,A,A,A,A,A,A,A,A,A,A,A,A,A,A,A,A,A,A,0.0,draw
788,turntaking,2,A,A,A,A,A,A,A,A,A,A,A,A,A,A,A,A,A,A,A,A,0.0,draw
789,equalize,1,A,A,A,A,A,A,A,A,A,A,A,A,A,A,A,A,A,A,A,A,0.0,draw
789,turntaking,2,A,A,A,A,A,A,A,A,A,A,A,A,A,A,A,A,A,A,A,A,0.0,draw
790,turntaking,1,skip,A,A,A,A,A,A,A,A,A,A,A,A,A,A,A,A,A,A,A,0.0,draw
790,equalize,2,skip,A,A,A,A,A,A,A,A,A,A,A,A,A,A,A,A,A,A,A,0.0,draw
791,turntaking,1,skip,A,skip,A,skip,A,skip,A,skip,A,skip,A,skip,A,skip,A,skip,A,skip,A,0.5,draw
791,turntaking,2,A,skip,A,skip,A,skip,A,skip,A,skip,A,skip,A,skip,A,skip,A,skip,A,skip,0.5,draw
792,turntaking,1,skip,A,skip,A,skip,A,skip,A,skip,A,skip,A,skip,A,skip,A,skip,A,skip,A,0.5,draw
792,turntaking,2,A,skip,A,skip,A,skip,A,skip,A,skip,A,skip,A,skip,A,skip,A,skip,A,skip,0.5,draw
793,random,1,skip,skip,A,A,skip,A,skip,skip,skip,skip,skip,skip,A,A,skip,A,A,A,A,skip,0.25,draw
793,random,2,A,A,skip,A,A,skip,skip,A,A,skip,skip,skip,A,skip,skip,skip,A,skip,A,A,0.3,draw
794,random,1,A,skip,A,skip,A,skip,skip,A,skip,skip,skip,skip,A,skip,A,skip,A,A,A,A,0.15,draw
794,random,2,A,A,A,skip,skip,A,skip,A,skip,skip,skip,skip,A,A,skip,skip,A,A,skip,A,0.15,draw
795,random,1,skip,skip,skip,A,skip,A,A,skip,skip,A,skip,A,skip,skip,A,skip,skip,A,skip,skip,0.1,rotate
795,rotate,2,skip,A,skip,A,skip,A,skip,A,skip,A,skip,A,skip,A,skip,A,skip,A,skip,A,0.25,rotate
796,rotate,1,A,skip,A,skip,A,skip,A,skip,A,skip,A,skip,A,skip,A,skip,A,skip,A,skip,0.25,random
796,random,2,A,A,A,A,A,A,A,A,A,A,skip,A,skip,skip,skip,skip,skip,skip,skip,A,0.35,random
797,rotate,1,A,skip,A,skip,A,skip,A,skip,A,skip,A,skip,A,skip,A,skip,A,skip,A,skip,0.5,draw
797,rotate,2,skip,A,skip,A,skip,A,skip,A,skip,A,skip,A,skip,A,skip,A,skip,A,skip,A,0.5,draw
798,rotate,1,A,skip,A,skip,A,skip,A,skip,A,skip,A,skip,A,skip,A,skip,A,skip,A,skip,0.5,draw
798,rotate,2,skip,A,skip,A,skip,A,skip,A,skip,A,skip,A,skip,A,skip,A,skip,A,skip,A,0.5,draw
799,random3,1,A,A,A,A,A,A,A,A,A,A,A,A,A,A,A,A,A,A,A,A,0.6,random3
799,random,2,skip,A,skip,skip,skip,skip,A,skip,skip,skip,A,A,skip,A,skip,skip,A,A,skip,A,0.0,random3
800,random,1,A,skip,skip,skip,A,A,skip,skip,A,A,A,A,A,A,skip,A,A,skip,A,skip,0.0,random3
800,random3,2,A,A,A,A,A,A,A,A,A,A,A,A,A,A,A,A,A,A,A,A,0.4,random3
801,rotate,1,A,skip,A,skip,A,skip,A,skip,A,skip,A,skip,A,skip,A,skip,A,skip,A,skip,0.0,random3
801,random3,2,A,A,A,A,A,A,A,A,A,A,A,A,A,A,A,A,A,A,A,A,0.5,random3
802,random3,1,A,A,A,A,A,A,A,A,A,A,A,A,A,A,A,A,A,A,A,A,0.5,random3
802,rotate,2,skip,A,skip,A,skip,A,skip,A,skip,A,skip,A,skip,A,skip,A,skip,A,skip,A,0.0,random3
803,random3,1,A,A,A,A,A,A,A,A,A,A,A,A,A,A,A,A,A,A,A,A,0.0,draw
803,random3,2,A,A,A,A,A,A,A,A,A,A,A,A,A,A,A,A,A,A,A,A,0.0,draw
804,random3,1,A,A,A,A,A,A,A,A,A,A,A,A,A,A,A,A,A,A,A,A,0.0,draw
804,random3,2,A,A,A,A,A,A,A,A,A,A,A,A,A,A,A,A,A,A,A,A,0.0,draw
805,random,1,skip,skip,skip,skip,skip,A,skip,A,skip,A,A,A,skip,A,skip,A,A,A,A,skip,0.25,draw
805,radicaleq,2,skip,skip,skip,skip,skip,skip,A,skip,A,skip,A,A,A,skip,A,skip,A,A,A,A,0.25,draw
806,radicaleq,1,A,skip,A,skip,skip,A,A,A,skip,A,A,skip,skip,A,A,A,skip,A,A,A,0.25,draw
806,random,2,skip,A,skip,skip,A,A,A,skip,A,A,skip,skip,A,A,A,skip,A,A,A,A,0.25,draw
807,radicaleq,1,A,skip,A,skip,A,skip,A,skip,A,skip,A,skip,A,skip,A,skip,A,skip,A,skip,0.5,draw
807,rotate,2,skip,A,skip,A,skip,A,skip,A,skip,A,skip,A,skip,A,skip,A,skip,A,skip,A,0.5,draw
808,rotate,1,A,skip,A,skip,A,skip,A,skip,A,skip,A,skip,A,skip,A,skip,A,skip,A,skip,0.5,draw
808,radicaleq,2,skip,A,skip,A,skip,A,skip,A,skip,A,skip,A,skip,A,skip,A,skip,A,skip,A,0.5,draw
809,random3,1,A,A,A,A,A,A,A,A,A,A,A,A,A,A,A,A,A,A,A,A,0.05,random3
809,radicaleq,2,skip,A,A,A,A,A,A,A,A,A,A,A,A,A,A,A,A,A,A,A,0.0,random3
810,radicaleq,1,A,A,A,A,A,A,A,A,A,A,A,A,A,A,A,A,A,A,A,A,0.0,draw
810,random3,2,A,A,A,A,A,A,A,A,A,A,A,A,A,A,A,A,A,A,A,A,0.0,draw
811,radicaleq,1,A,skip,A,skip,A,skip,A,skip,A,skip,A,skip,A,skip,A,skip,A,skip,A,skip,0.5,draw
811,radicaleq,2,skip,A,skip,A,skip,A,skip,A,skip,A,skip,A,skip,A,skip,A,skip,A,skip,A,0.5,draw
812,radicaleq,1,A,skip,A,skip,A,skip,A,skip,A,skip,A,skip,A,skip,A,skip,A,skip,A,skip,0.5,draw
812,radicaleq,2,skip,A,skip,A,skip,A,skip,A,skip,A,skip,A,skip,A,skip,A,skip,A,skip,A,0.5,draw
813,rotate0,1,A,A,A,A,A,A,A,A,A,A,A,A,A,A,A,A,A,A,A,A,0.45,rotate0
813,random,2,skip,A,A,A,skip,skip,A,A,skip,A,A,skip,A,A,skip,skip,A,A,skip,skip,0.0,rotate0
814,random,1,A,skip,A,A,skip,A,skip,A,skip,skip,skip,A,A,A,skip,A,A,skip,skip,skip,0.5,random
814,rotate0,2,skip,skip,skip,skip,skip,skip,skip,skip,skip,skip,skip,skip,skip,skip,skip,skip,skip,skip,skip,skip,0.0,random
815,rotate0,1,A,A,A,A,A,A,A,A,A,A,A,A,A,A,A,A,A,A,A,A,0.5,rotate0
815,rotate,2,skip,A,skip,A,skip,A,skip,A,skip,A,skip,A,skip,A,skip,A,skip,A,skip,A,0.0,rotate0
816,rotate,1,A,skip,A,skip,A,skip,A,skip,A,skip,A,skip,A,skip,A,skip,A,skip,A,skip,0.5,rotate
816,rotate0,2,skip,skip,skip,skip,skip,skip,skip,skip,skip,skip,skip,skip,skip,skip,skip,skip,skip,skip,skip,skip,0.0,rotate
817,rotate0,1,A,A,A,A,A,A,A,A,A,A,A,A,A,A,A,A,A,A,A,A,0.0,draw
817,random3,2,A,A,A,A,A,A,A,A,A,A,A,A,A,A,A,A,A,A,A,A,0.0,draw
818,random3,1,A,A,A,A,A,A,A,A,A,A,A,A,A,A,A,A,A,A,A,A,1.0,random3
818,rotate0,2,skip,skip,skip,skip,skip,skip,skip,skip,skip,skip,skip,skip,skip,skip,skip,skip,skip,skip,skip,skip,0.0,random3
819,rotate0,1,A,A,A,A,A,A,A,A,A,A,A,A,A,A,A,A,A,A,A,A,0.05,rotate0
819,radicaleq,2,skip,A,A,A,A,A,A,A,A,A,A,A,A,A,A,A,A,A,A,A,0.0,rotate0
820,radicaleq,1,A,skip,skip,skip,skip,skip,skip,skip,skip,skip,skip,skip,skip,skip,skip,skip,skip,skip,skip,skip,0.05,radicaleq
820,rotate0,2,skip,skip,skip,skip,skip,skip,skip,skip,skip,skip,skip,skip,skip,skip,skip,skip,skip,skip,skip,skip,0.0,radicaleq
821,rotate0,1,A,A,A,A,A,A,A,A,A,A,A,A,A,A,A,A,A,A,A,A,1.0,draw
821,rotate0,2,skip,skip,skip,skip,skip,skip,skip,skip,skip,skip,skip,skip,skip,skip,skip,skip,skip,skip,skip,skip,0.0,draw
822,rotate0,1,A,A,A,A,A,A,A,A,A,A,A,A,A,A,A,A,A,A,A,A,1.0,draw
822,rotate0,2,skip,skip,skip,skip,skip,skip,skip,skip,skip,skip,skip,skip,skip,skip,skip,skip,skip,skip,skip,skip,0.0,draw
823,caste,1,A,A,A,A,A,A,A,A,A,A,A,A,A,A,A,A,A,A,A,A,0.6,caste
823,random,2,skip,skip,skip,A,A,A,A,skip,skip,skip,skip,skip,skip,skip,A,A,A,skip,skip,A,0.0,caste
824,random,1,A,skip,A,skip,A,skip,A,A,A,A,A,A,skip,A,skip,A,skip,A,A,skip,0.05,caste
824,caste,2,skip,skip,A,A,A,A,A,A,A,A,A,A,A,A,A,A,A,A,A,A,0.3,caste
825,rotate,1,A,skip,A,skip,A,skip,A,skip,A,skip,A,skip,A,skip,A,skip,A,skip,A,skip,0.05,caste
825,caste,2,skip,skip,A,A,A,A,A,A,A,A,A,A,A,A,A,A,A,A,A,A,0.45,caste
826,caste,1,A,A,A,A,A,A,A,A,A,A,A,A,A,A,A,A,A,A,A,A,0.5,caste
826,rotate,2,skip,A,skip,A,skip,A,skip,A,skip,A,skip,A,skip,A,skip,A,skip,A,skip,A,0.0,caste
827,caste,1,A,A,A,A,A,A,A,A,A,A,A,A,A,A,A,A,A,A,A,A,0.0,draw
827,random3,2,A,A,A,A,A,A,A,A,A,A,A,A,A,A,A,A,A,A,A,A,0.0,draw
828,random3,1,A,A,A,A,A,A,A,A,A,A,A,A,A,A,A,A,A,A,A,A,1.0,random3
828,caste,2,skip,skip,skip,skip,skip,skip,skip,skip,skip,skip,skip,skip,skip,skip,skip,skip,skip,skip,skip,skip,0.0,random3
829,radicaleq,1,A,skip,skip,A,A,A,A,A,A,A,A,A,A,A,A,A,A,A,A,A,0.05,draw
829,caste,2,skip,skip,A,A,A,A,A,A,A,A,A,A,A,A,A,A,A,A,A,A,0.05,draw
830,caste,1,A,A,A,A,A,A,A,A,A,A,A,A,A,A,A,A,A,A,A,A,0.05,caste
830,radicaleq,2,skip,A,A,A,A,A,A,A,A,A,A,A,A,A,A,A,A,A,A,A,0.0,caste
831,caste,1,A,A,A,A,A,A,A,A,A,A,A,A,A,A,A,A,A,A,A,A,1.0,caste
831,rotate0,2,skip,skip,skip,skip,skip,skip,skip,skip,skip,skip,skip,skip,skip,skip,skip,skip,skip,skip,skip,skip,0.0,caste
832,rotate0,1,A,A,A,A,A,A,A,A,A,A,A,A,A,A,A,A,A,A,A,A,1.0,rotate0
832,caste,2,skip,skip,skip,skip,skip,skip,skip,skip,skip,skip,skip,skip,skip,skip,skip,skip,skip,skip,skip,skip,0.0,rotate0
833,caste,1,A,A,A,A,A,A,A,A,A,A,A,A,A,A,A,A,A,A,A,A,1.0,draw
833,caste,2,skip,skip,skip,skip,skip,skip,skip,skip,skip,skip,skip,skip,skip,skip,skip,skip,skip,skip,skip,skip,0.0,draw
834,caste,1,A,A,A,A,A,A,A,A,A,A,A,A,A,A,A,A,A,A,A,A,1.0,draw
834,caste,2,skip,skip,skip,skip,skip,skip,skip,skip,skip,skip,skip,skip,skip,skip,skip,skip,skip,skip,skip,skip,0.0,draw
835,equalize,1,A,A,A,A,skip,A,A,A,A,skip,skip,A,A,A,A,A,A,A,A,A,0.45,equalize
835,random,2,A,A,skip,skip,skip,skip,A,skip,skip,A,skip,A,A,skip,A,skip,skip,A,A,skip,0.05,equalize
836,random,1,A,skip,A,skip,skip,A,skip,A,A,A,skip,skip,skip,A,skip,skip,A,A,A,skip,0.15,equalize
836,equalize,2,skip,A,skip,A,skip,A,A,A,A,A,A,A,A,skip,skip,A,A,A,A,A,0.4,equalize
837,rotate,1,A,skip,A,skip,A,skip,A,skip,A,skip,A,skip,A,skip,A,skip,A,skip,A,skip,0.5,draw
837,equalize,2,skip,A,skip,A,skip,A,skip,A,skip,A,skip,A,skip,A,skip,A,skip,A,skip,A,0.5,draw
838,equalize,1,A,skip,A,skip,A,skip,A,skip,A,skip,A,skip,A,skip,A,skip,A,skip,A,skip,0.5,draw
838,rotate,2,skip,A,skip,A,skip,A,skip,A,skip,A,skip,A,skip,A,skip,A,skip,A,skip,A,0.5,draw
839,equalize,1,A,A,A,A,A,A,A,A,A,A,A,A,A,A,A,A,A,A,A,A,0.0,draw
839,random3,2,A,A,A,A,A,A,A,A,A,A,A,A,A,A,A,A,A,A,A,A,0.0,draw
840,random3,1,A,A,A,A,A,A,A,A,A,A,A,A,A,A,A,A,A,A,A,A,0.05,random3
840,equalize,2,skip,A,A,A,A,A,A,A,A,A,A,A,A,A,A,A,A,A,A,A,0.0,random3
841,radicaleq,1,A,skip,A,skip,A,skip,A,skip,A,skip,A,skip,A,skip,A,skip,A,skip,A,skip,0.5,draw
841,equalize,2,skip,A,skip,A,skip,A,skip,A,skip,A,skip,A,skip,A,skip,A,skip,A,skip,A,0.5,draw
842,equalize,1,A,skip,A,skip,A,skip,A,skip,A,skip,A,skip,A,skip,A,skip,A,skip,A,skip,0.5,draw
842,radicaleq,2,skip,A,skip,A,skip,A,skip,A,skip,A,skip,A,skip,A,skip,A,skip,A,skip,A,0.5,draw
843,equalize,1,A,skip,A,skip,A,A,skip,A,A,skip,A,A,skip,A,A,skip,A,A,skip,A,0.65,equalize
843,rotate0,2,skip,skip,skip,skip,skip,skip,skip,skip,skip,skip,skip,skip,skip,skip,skip,skip,skip,skip,skip,skip,0.0,equalize
844,rotate0,1,A,A,A,A,A,A,A,A,A,A,A,A,A,A,A,A,A,A,A,A,0.05,rotate0
844,equalize,2,skip,A,A,A,A,A,A,A,A,A,A,A,A,A,A,A,A,A,A,A,0.0,rotate0
845,caste,1,A,A,A,A,A,A,A,A,A,A,A,A,A,A,A,A,A,A,A,A,0.05,caste
845,equalize,2,skip,A,A,A,A,A,A,A,A,A,A,A,A,A,A,A,A,A,A,A,0.0,caste
846,equalize,1,A,skip,A,A,A,A,A,A,A,A,A,A,A,A,A,A,A,A,A,A,0.05,equalize
846,caste,2,skip,skip,A,A,A,A,A,A,A,A,A,A,A,A,A,A,A,A,A,A,0.0,equalize
847,equalize,1,A,skip,A,skip,A,skip,A,skip,A,skip,A,skip,A,skip,A,skip,A,skip,A,skip,0.5,draw
847,equalize,2,skip,A,skip,A,skip,A,skip,A,skip,A,skip,A,skip,A,skip,A,skip,A,skip,A,0.5,draw
848,equalize,1,A,skip,A,skip,A,skip,A,skip,A,skip,A,skip,A,skip,A,skip,A,skip,A,skip,0.5,draw
848,equalize,2,skip,A,skip,A,skip,A,skip,A,skip,A,skip,A,skip,A,skip,A,skip,A,skip,A,0.5,draw
849,random,1,skip,A,skip,A,A,skip,skip,skip,A,A,A,A,skip,skip,A,skip,A,skip,A,skip,0.25,turntaking
849,turntaking,2,A,skip,A,skip,A,A,skip,A,skip,skip,A,A,A,A,skip,skip,A,A,A,A,0.4,turntaking
850,turntaking,1,skip,A,A,A,A,A,skip,skip,A,A,A,A,A,A,skip,A,skip,skip,A,A,0.25,turntaking
850,random,2,A,A,A,A,skip,skip,A,A,A,A,A,A,skip,skip,skip,skip,A,skip,A,A,0.2,turntaking
851,turntaking,1,skip,A,A,skip,A,skip,A,skip,A,skip,A,skip,A,skip,A,skip,A,skip,A,skip,0.45,draw
851,rotate,2,skip,A,skip,A,skip,A,skip,A,skip,A,skip,A,skip,A,skip,A,skip,A,skip,A,0.45,draw
852,rotate,1,A,skip,A,skip,A,skip,A,skip,A,skip,A,skip,A,skip,A,skip,A,skip,A,skip,0.45,turntaking
852,turntaking,2,A,A,skip,A,skip,A,skip,A,skip,A,skip,A,skip,A,skip,A,skip,A,skip,A,0.5,turntaking
853,random3,1,A,A,A,A,A,A,A,A,A,A,A,A,A,A,A,A,A,A,A,A,0.0,draw
853,turntaking,2,A,A,A,A,A,A,A,A,A,A,A,A,A,A,A,A,A,A,A,A,0.0,draw
854,turntaking,1,skip,A,A,A,A,A,A,A,A,A,A,A,A,A,A,A,A,A,A,A,0.0,random3
854,random3,2,A,A,A,A,A,A,A,A,A,A,A,A,A,A,A,A,A,A,A,A,0.05,random3
855,turntaking,1,skip,A,skip,A,skip,A,skip,A,skip,A,skip,A,skip,A,skip,A,skip,A,skip,A,0.5,turntaking
855,radicaleq,2,skip,skip,A,skip,A,skip,A,skip,A,skip,A,skip,A,skip,A,skip,A,skip,A,skip,0.45,turntaking
856,radicaleq,1,A,A,A,A,A,A,A,A,A,A,A,A,A,A,A,A,A,A,A,A,0.0,draw
856,turntaking,2,A,A,A,A,A,A,A,A,A,A,A,A,A,A,A,A,A,A,A,A,0.0,draw
857,rotate0,1,A,A,A,A,A,A,A,A,A,A,A,A,A,A,A,A,A,A,A,A,0.0,draw
857,turntaking,2,A,A,A,A,A,A,A,A,A,A,A,A,A,A,A,A,A,A,A,A,0.0,draw
858,turntaking,1,skip,A,skip,A,skip,A,skip,A,skip,A,skip,A,skip,A,skip,A,skip,A,skip,A,0.5,turntaking
858,rotate0,2,skip,skip,skip,skip,skip,skip,skip,skip,skip,skip,skip,skip,skip,skip,skip,skip,skip,skip,skip,skip,0.0,turntaking
859,turntaking,1,skip,A,A,A,A,A,A,A,A,A,A,A,A,A,A,A,A,A,A,A,0.0,draw
859,caste,2,skip,A,A,A,A,A,A,A,A,A,A,A,A,A,A,A,A,A,A,A,0.0,draw
860,caste,1,A,A,A,A,A,A,A,A,A,A,A,A,A,A,A,A,A,A,A,A,0.0,draw
860,turntaking,2,A,A,A,A,A,A,A,A,A,A,A,A,A,A,A,A,A,A,A,A,0.0,draw
861,equalize,1,A,A,A,A,A,A,A,A,A,A,A,A,A,A,A,A,A,A,A,A,0.0,draw
861,turntaking,2,A,A,A,A,A,A,A,A,A,A,A,A,A,A,A,A,A,A,A,A,0.0,draw
862,turntaking,1,skip,A,A,A,A,A,A,A,A,A,A,A,A,A,A,A,A,A,A,A,0.0,draw
862,equalize,2,skip,A,A,A,A,A,A,A,A,A,A,A,A,A,A,A,A,A,A,A,0.0,draw
863,turntaking,1,skip,A,skip,A,skip,A,skip,A,skip,A,skip,A,skip,A,skip,A,skip,A,skip,A,0.5,draw
863,turntaking,2,A,skip,A,skip,A,skip,A,skip,A,skip,A,skip,A,skip,A,skip,A,skip,A,skip,0.5,draw
864,turntaking,1,skip,A,skip,A,skip,A,skip,A,skip,A,skip,A,skip,A,skip,A,skip,A,skip,A,0.5,draw
864,turntaking,2,A,skip,A,skip,A,skip,A,skip,A,skip,A,skip,A,skip,A,skip,A,skip,A,skip,0.5,draw
865,random,1,skip,A,A,skip,skip,A,skip,A,skip,A,A,A,A,A,A,A,skip,skip,skip,A,0.4,draw
865,random,2,A,skip,skip,A,A,A,skip,skip,skip,A,A,skip,skip,skip,A,skip,skip,A,skip,skip,0.2,draw
866,random,1,A,skip,skip,A,A,skip,skip,A,A,skip,A,skip,A,A,skip,skip,A,A,A,A,0.25,draw
866,random,2,A,skip,skip,skip,A,skip,skip,skip,A,skip,skip,skip,skip,A,A,A,A,skip,A,A,0.1,draw
867,random,1,skip,skip,skip,skip,A,skip,skip,skip,A,A,skip,skip,A,skip,skip,skip,skip,skip,A,skip,0.2,rotate
867,rotate,2,skip,A,skip,A,skip,A,skip,A,skip,A,skip,A,skip,A,skip,A,skip,A,skip,A,0.45,rotate
868,rotate,1,A,skip,A,skip,A,skip,A,skip,A,skip,A,skip,A,skip,A,skip,A,skip,A,skip,0.15,random
868,random,2,skip,skip,A,skip,A,skip,A,A,A,A,skip,skip,A,skip,skip,skip,A,A,A,A,0.2,random
869,rotate,1,A,skip,A,skip,A,skip,A,skip,A,skip,A,skip,A,skip,A,skip,A,skip,A,skip,0.5,draw
869,rotate,2,skip,A,skip,A,skip,A,skip,A,skip,A,skip,A,skip,A,skip,A,skip,A,skip,A,0.5,draw
870,rotate,1,A,skip,A,skip,A,skip,A,skip,A,skip,A,skip,A,skip,A,skip,A,skip,A,skip,0.5,draw
870,rotate,2,skip,A,skip,A,skip,A,skip,A,skip,A,skip,A,skip,A,skip,A,skip,A,skip,A,0.5,draw
871,random3,1,A,A,A,A,A,A,A,A,A,A,A,A,A,A,A,A,A,A,A,A,0.4,random3
871,random,2,skip,skip,skip,A,A,A,skip,A,A,A,A,A,skip,skip,A,A,skip,A,skip,A,0.0,random3
872,random,1,skip,A,A,skip,A,skip,A,A,skip,skip,A,skip,skip,A,A,skip,skip,skip,skip,A,0.0,random3
872,random3,2,A,A,A,A,A,A,A,A,A,A,A,A,A,A,A,A,A,A,A,A,0.55,random3
873,rotate,1,A,skip,A,skip,A,skip,A,skip,A,skip,A,skip,A,skip,A,skip,A,skip,A,skip,0.0,random3
873,random3,2,A,A,A,A,A,A,A,A,A,A,A,A,A,A,A,A,A,A,A,A,0.5,random3
874,random3,1,A,A,A,A,A,A,A,A,A,A,A,A,A,A,A,A,A,A,A,A,0.5,random3
874,rotate,2,skip,A,skip,A,skip,A,skip,A,skip,A,skip,A,skip,A,skip,A,skip,A,skip,A,0.0,random3
875,random3,1,A,A,A,A,A,A,A,A,A,A,A,A,A,A,A,A,A,A,A,A,0.0,draw
875,random3,2,A,A,A,A,A,A,A,A,A,A,A,A,A,A,A,A,A,A,A,A,0.0,draw
876,random3,1,A,A,A,A,A,A,A,A,A,A,A,A,A,A,A,A,A,A,A,A,0.0,draw
876,random3,2,A,A,A,A,A,A,A,A,A,A,A,A,A,A,A,A,A,A,A,A,0.0,draw
877,random,1,A,skip,skip,skip,A,skip,skip,skip,A,A,A,skip,skip,A,skip,skip,A,skip,skip,skip,0.25,draw
877,radicaleq,2,skip,A,skip,skip,skip,A,skip,skip,skip,A,A,A,skip,skip,A,skip,skip,A,skip,skip,0.25,draw
878,radicaleq,1,A,skip,A,skip,skip,skip,A,skip,skip,skip,A,skip,A,skip,skip,A,skip,skip,A,skip,0.35,draw
878,random,2,skip,A,skip,skip,skip,A,skip,skip,skip,A,skip,A,skip,skip,A,skip,skip,A,skip,A,0.35,draw
879,radicaleq,1,A,skip,A,skip,A,skip,A,skip,A,skip,A,skip,A,skip,A,skip,A,skip,A,skip,0.5,draw
879,rotate,2,skip,A,skip,A,skip,A,skip,A,skip,A,skip,A,skip,A,skip,A,skip,A,skip,A,0.5,draw
880,rotate,1,A,skip,A,skip,A,skip,A,skip,A,skip,A,skip,A,skip,A,skip,A,skip,A,skip,0.5,draw
880,radicaleq,2,skip,A,skip,A,skip,A,skip,A,skip,A,skip,A,skip,A,skip,A,skip,A,skip,A,0.5,draw
881,random3,1,A,A,A,A,A,A,A,A,A,A,A,A,A,A,A,A,A,A,A,A,0.05,random3
881,radicaleq,2,skip,A,A,A,A,A,A,A,A,A,A,A,A,A,A,A,A,A,A,A,0.0,random3
882,radicaleq,1,A,A,A,A,A,A,A,A,A,A,A,A,A,A,A,A,A,A,A,A,0.0,draw
882,random3,2,A,A,A,A,A,A,A,A,A,A,A,A,A,A,A,A,A,A,A,A,0.0,draw
883,radicaleq,1,A,skip,A,skip,A,skip,A,skip,A,skip,A,skip,A,skip,A,skip,A,skip,A,skip,0.5,draw
883,radicaleq,2,skip,A,skip,A,skip,A,skip,A,skip,A,skip,A,skip,A,skip,A,skip,A,skip,A,0.5,draw
884,radicaleq,1,A,skip,A,skip,A,skip,A,skip,A,skip,A,skip,A,skip,A,skip,A,skip,A,skip,0.5,draw
884,radicaleq,2,skip,A,skip,A,skip,A,skip,A,skip,A,skip,A,skip,A,skip,A,skip,A,skip,A,0.5,draw
885,rotate0,1,A,A,A,A,A,A,A,A,A,A,A,A,A,A,A,A,A,A,A,A,0.5,rotate0
885,random,2,skip,A,A,skip,A,skip,A,skip,A,A,A,skip,A,skip,A,skip,skip,A,skip,skip,0.0,rotate0
886,random,1,skip,skip,A,A,skip,A,skip,skip,skip,A,skip,skip,skip,A,skip,skip,skip,skip,A,skip,0.3,random
886,rotate0,2,skip,skip,skip,skip,skip,skip,skip,skip,skip,skip,skip,skip,skip,skip,skip,skip,skip,skip,skip,skip,0.0,random
887,rotate0,1,A,A,A,A,A,A,A,A,A,A,A,A,A,A,A,A,A,A,A,A,0.5,rotate0
887,rotate,2,skip,A,skip,A,skip,A,skip,A,skip,A,skip,A,skip,A,skip,A,skip,A,skip,A,0.0,rotate0
888,rotate,1,A,skip,A,skip,A,skip,A,skip,A,skip,A,skip,A,skip,A,skip,A,skip,A,skip,0.5,rotate
888,rotate0,2,skip,skip,skip,skip,skip,skip,skip,skip,skip,skip,skip,skip,skip,skip,skip,skip,skip,skip,skip,skip,0.0,rotate
889,rotate0,1,A,A,A,A,A,A,A,A,A,A,A,A,A,A,A,A,A,A,A,A,0.0,draw
889,random3,2,A,A,A,A,A,A,A,A,A,A,A,A,A,A,A,A,A,A,A,A,0.0,draw
890,random3,1,A,A,A,A,A,A,A,A,A,A,A,A,A,A,A,A,A,A,A,A,1.0,random3
890,rotate0,2,skip,skip,skip,skip,skip,skip,skip,skip,skip,skip,skip,skip,skip,skip,skip,skip,skip,skip,skip,skip,0.0,random3
891,rotate0,1,A,A,A,A,A,A,A,A,A,A,A,A,A,A,A,A,A,A,A,A,0.05,rotate0
891,radicaleq,2,skip,A,A,A,A,A,A,A,A,A,A,A,A,A,A,A,A,A,A,A,0.0,rotate0
892,radicaleq,1,A,skip,skip,skip,skip,skip,skip,skip,skip,skip,skip,skip,skip,skip,skip,skip,skip,skip,skip,skip,0.05,radicaleq
892,rotate0,2,skip,skip,skip,skip,skip,skip,skip,skip,skip,skip,skip,skip,skip,skip,skip,skip,skip,skip,skip,skip,0.0,radicaleq
893,rotate0,1,A,A,A,A,A,A,A,A,A,A,A,A,A,A,A,A,A,A,A,A,1.0,draw
893,rotate0,2,skip,skip,skip,skip,skip,skip,skip,skip,skip,skip,skip,skip,skip,skip,skip,skip,skip,skip,skip,skip,0.0,draw
894,rotate0,1,A,A,A,A,A,A,A,A,A,A,A,A,A,A,A,A,A,A,A,A,1.0,draw
894,rotate0,2,skip,skip,skip,skip,skip,skip,skip,skip,skip,skip,skip,skip,skip,skip,skip,skip,skip,skip,skip,skip,0.0,draw
895,caste,1,A,A,A,A,A,A,A,A,A,A,A,A,A,A,A,A,A,A,A,A,0.7,caste
895,random,2,skip,A,A,skip,skip,skip,skip,skip,skip,skip,skip,skip,A,skip,A,skip,A,skip,skip,A,0.0,caste
896,random,1,A,skip,skip,skip,A,skip,A,A,skip,A,skip,A,A,skip,skip,skip,A,A,A,skip,0.05,caste
896,caste,2,skip,skip,A,A,A,A,A,A,A,A,A,A,A,A,A,A,A,A,A,A,0.45,caste
897,rotate,1,A,skip,A,skip,A,skip,A,skip,A,skip,A,skip,A,skip,A,skip,A,skip,A,skip,0.05,caste
897,caste,2,skip,skip,A,A,A,A,A,A,A,A,A,A,A,A,A,A,A,A,A,A,0.45,caste
898,caste,1,A,A,A,A,A,A,A,A,A,A,A,A,A,A,A,A,A,A,A,A,0.5,caste
898,rotate,2,skip,A,skip,A,skip,A,skip,A,skip,A,skip,A,skip,A,skip,A,skip,A,skip,A,0.0,caste
899,caste,1,A,A,A,A,A,A,A,A,A,A,A,A,A,A,A,A,A,A,A,A,0.0,draw
899,random3,2,A,A,A,A,A,A,A,A,A,A,A,A,A,A,A,A,A,A,A,A,0.0,draw
900,random3,1,A,A,A,A,A,A,A,A,A,A,A,A,A,A,A,A,A,A,A,A,1.0,random3
900,caste,2,skip,skip,skip,skip,skip,skip,skip,skip,skip,skip,skip,skip,skip,skip,skip,skip,skip,skip,skip,skip,0.0,random3
901,radicaleq,1,A,skip,skip,A,A,A,A,A,A,A,A,A,A,A,A,A,A,A,A,A,0.05,draw
901,caste,2,skip,skip,A,A,A,A,A,A,A,A,A,A,A,A,A,A,A,A,A,A,0.05,draw
902,caste,1,A,A,A,A,A,A,A,A,A,A,A,A,A,A,A,A,A,A,A,A,0.05,caste
902,radicaleq,2,skip,A,A,A,A,A,A,A,A,A,A,A,A,A,A,A,A,A,A,A,0.0,caste
903,caste,1,A,A,A,A,A,A,A,A,A,A,A,A,A,A,A,A,A,A,A,A,1.0,caste
903,rotate0,2,skip,skip,skip,skip,skip,skip,skip,skip,skip,skip,skip,skip,skip,skip,skip,skip,skip,skip,skip,skip,0.0,caste
904,rotate0,1,A,A,A,A,A,A,A,A,A,A,A,A,A,A,A,A,A,A,A,A,1.0,rotate0
904,caste,2,skip,skip,skip,skip,skip,skip,skip,skip,skip,skip,skip,skip,skip,skip,skip,skip,skip,skip,skip,skip,0.0,rotate0
905,caste,1,A,A,A,A,A,A,A,A,A,A,A,A,A,A,A,A,A,A,A,A,1.0,draw
905,caste,2,skip,skip,skip,skip,skip,skip,skip,skip,skip,skip,skip,skip,skip,skip,skip,skip,skip,skip,skip,skip,0.0,draw
906,caste,1,A,A,A,A,A,A,A,A,A,A,A,A,A,A,A,A,A,A,A,A,1.0,draw
906,caste,2,skip,skip,skip,skip,skip,skip,skip,skip,skip,skip,skip,skip,skip,skip,skip,skip,skip,skip,skip,skip,0.0,draw
907,equalize,1,A,skip,A,skip,A,A,A,skip,A,A,A,A,A,A,A,A,A,A,A,A,0.45,equalize
907,random,2,skip,A,skip,skip,A,skip,skip,skip,A,skip,skip,A,A,A,skip,A,skip,A,A,skip,0.05,equalize
908,random,1,A,skip,A,skip,skip,A,A,A,A,skip,skip,A,skip,A,skip,skip,A,skip,A,A,0.15,equalize
908,equalize,2,skip,A,skip,A,skip,A,A,A,A,A,A,A,A,A,A,A,skip,skip,A,A,0.35,equalize
909,rotate,1,A,skip,A,skip,A,skip,A,skip,A,skip,A,skip,A,skip,A,skip,A,skip,A,skip,0.5,draw
909,equalize,2,skip,A,skip,A,skip,A,skip,A,skip,A,skip,A,skip,A,skip,A,skip,A,skip,A,0.5,draw
910,equalize,1,A,skip,A,skip,A,skip,A,skip,A,skip,A,skip,A,skip,A,skip,A,skip,A,skip,0.5,draw
910,rotate,2,skip,A,skip,A,skip,A,skip,A,skip,A,skip,A,skip,A,skip,A,skip,A,skip,A,0.5,draw
911,equalize,1,A,A,A,A,A,A,A,A,A,A,A,A,A,A,A,A,A,A,A,A,0.0,draw
911,random3,2,A,A,A,A,A,A,A,A,A,A,A,A,A,A,A,A,A,A,A,A,0.0,draw
912,random3,1,A,A,A,A,A,A,A,A,A,A,A,A,A,A,A,A,A,A,A,A,0.05,random3
912,equalize,2,skip,A,A,A,A,A,A,A,A,A,A,A,A,A,A,A,A,A,A,A,0.0,random3
913,radicaleq,1,A,skip,A,skip,A,skip,A,skip,A,skip,A,skip,A,skip,A,skip,A,skip,A,skip,0.5,draw
913,equalize,2,skip,A,skip,A,skip,A,skip,A,skip,A,skip,A,skip,A,skip,A,skip,A,skip,A,0.5,draw
914,equalize,1,A,skip,A,skip,A,skip,A,skip,A,skip,A,skip,A,skip,A,skip,A,skip,A,skip,0.5,draw
914,radicaleq,2,skip,A,skip,A,skip,A,skip,A,skip,A,skip,A,skip,A,skip,A,skip,A,skip,A,0.5,draw
915,equalize,1,A,skip,A,skip,A,A,skip,A,A,skip,A,A,skip,A,A,skip,A,A,skip,A,0.65,equalize
915,rotate0,2,skip,skip,skip,skip,skip,skip,skip,skip,skip,skip,skip,skip,skip,skip,skip,skip,skip,skip,skip,skip,0.0,equalize
916,rotate0,1,A,A,A,A,A,A,A,A,A,A,A,A,A,A,A,A,A,A,A,A,0.05,rotate0
916,equalize,2,skip,A,A,A,A,A,A,A,A,A,A,A,A,A,A,A,A,A,A,A,0.0,rotate0
917,caste,1,A,A,A,A,A,A,A,A,A,A,A,A,A,A,A,A,A,A,A,A,0.05,caste
917,equalize,2,skip,A,A,A,A,A,A,A,A,A,A,A,A,A,A,A,A,A,A,A,0.0,caste
918,equalize,1,A,skip,A,A,A,A,A,A,A,A,A,A,A,A,A,A,A,A,A,A,0.05,equalize
918,caste,2,skip,skip,A,A,A,A,A,A,A,A,A,A,A,A,A,A,A,A,A,A,0.0,equalize
919,equalize,1,A,skip,A,skip,A,skip,A,skip,A,skip,A,skip,A,skip,A,skip,A,skip,A,skip,0.5,draw
919,equalize,2,skip,A,skip,A,skip,A,skip,A,skip,A,skip,A,skip,A,skip,A,skip,A,skip,A,0.5,draw
920,equalize,1,A,skip,A,skip,A,skip,A,skip,A,skip,A,skip,A,skip,A,skip,A,skip,A,skip,0.5,draw
920,equalize,2,skip,A,skip,A,skip,A,skip,A,skip,A,skip,A,skip,A,skip,A,skip,A,skip,A,0.5,draw
921,random,1,skip,A,A,A,skip,A,A,A,A,skip,skip,A,A,skip,A,skip,A,A,A,skip,0.3,turntaking
921,turntaking,2,A,skip,A,A,A,skip,A,A,A,A,A,skip,skip,A,skip,A,skip,A,A,A,0.35,turntaking
922,turntaking,1,skip,A,skip,A,A,skip,A,skip,A,skip,A,A,A,skip,A,A,A,A,A,skip,0.35,turntaking
922,random,2,A,skip,A,A,skip,A,skip,A,skip,A,A,A,skip,A,A,A,skip,A,skip,skip,0.3,turntaking
923,turntaking,1,skip,A,A,skip,A,skip,A,skip,A,skip,A,skip,A,skip,A,skip,A,skip,A,skip,0.45,draw
923,rotate,2,skip,A,skip,A,skip,A,skip,A,skip,A,skip,A,skip,A,skip,A,skip,A,skip,A,0.45,draw
924,rotate,1,A,skip,A,skip,A,skip,A,skip,A,skip,A,skip,A,skip,A,skip,A,skip,A,skip,0.45,turntaking
924,turntaking,2,A,A,skip,A,skip,A,skip,A,skip,A,skip,A,skip,A,skip,A,skip,A,skip,A,0.5,turntaking
925,random3,1,A,A,A,A,A,A,A,A,A,A,A,A,A,A,A,A,A,A,A,A,0.0,draw
925,turntaking,2,A,A,A,A,A,A,A,A,A,A,A,A,A,A,A,A,A,A,A,A,0.0,draw
926,turntaking,1,skip,A,A,A,A,A,A,A,A,A,A,A,A,A,A,A,A,A,A,A,0.0,random3
926,random3,2,A,A,A,A,A,A,A,A,A,A,A,A,A,A,A,A,A,A,A,A,0.05,random3
927,turntaking,1,skip,A,skip,A,skip,A,skip,A,skip,A,skip,A,skip,A,skip,A,skip,A,skip,A,0.5,turntaking
927,radicaleq,2,skip,skip,A,skip,A,skip,A,skip,A,skip,A,skip,A,skip,A,skip,A,skip,A,skip,0.45,turntaking
928,radicaleq,1,A,A,A,A,A,A,A,A,A,A,A,A,A,A,A,A,A,A,A,A,0.0,draw
928,turntaking,2,A,A,A,A,A,A,A,A,A,A,A,A,A,A,A,A,A,A,A,A,0.0,draw
929,rotate0,1,A,A,A,A,A,A,A,A,A,A,A,A,A,A,A,A,A,A,A,A,0.0,draw
929,turntaking,2,A,A,A,A,A,A,A,A,A,A,A,A,A,A,A,A,A,A,A,A,0.0,draw
930,turntaking,1,skip,A,skip,A,skip,A,skip,A,skip,A,skip,A,skip,A,skip,A,skip,A,skip,A,0.5,turntaking
930,rotate0,2,skip,skip,skip,skip,skip,skip,skip,skip,skip,skip,skip,skip,skip,skip,skip,skip,skip,skip,skip,skip,0.0,turntaking
931,turntaking,1,skip,A,A,A,A,A,A,A,A,A,A,A,A,A,A,A,A,A,A,A,0.0,draw
931,caste,2,skip,A,A,A,A,A,A,A,A,A,A,A,A,A,A,A,A,A,A,A,0.0,draw
932,caste,1,A,A,A,A,A,A,A,A,A,A,A,A,A,A,A,A,A,A,A,A,0.0,draw
932,turntaking,2,A,A,A,A,A,A,A,A,A,A,A,A,A,A,A,A,A,A,A,A,0.0,draw
933,equalize,1,A,A,A,A,A,A,A,A,A,A,A,A,A,A,A,A,A,A,A,A,0.0,draw
933,turntaking,2,A,A,A,A,A,A,A,A,A,A,A,A,A,A,A,A,A,A,A,A,0.0,draw
934,turntaking,1,skip,A,A,A,A,A,A,A,A,A,A,A,A,A,A,A,A,A,A,A,0.0,draw
934,equalize,2,skip,A,A,A,A,A,A,A,A,A,A,A,A,A,A,A,A,A,A,A,0.0,draw
935,turntaking,1,skip,A,skip,A,skip,A,skip,A,skip,A,skip,A,skip,A,skip,A,skip,A,skip,A,0.5,draw
935,turntaking,2,A,skip,A,skip,A,skip,A,skip,A,skip,A,skip,A,skip,A,skip,A,skip,A,skip,0.5,draw
936,turntaking,1,skip,A,skip,A,skip,A,skip,A,skip,A,skip,A,skip,A,skip,A,skip,A,skip,A,0.5,draw
936,turntaking,2,A,skip,A,skip,A,skip,A,skip,A,skip,A,skip,A,skip,A,skip,A,skip,A,skip,0.5,draw
937,random,1,skip,skip,skip,skip,skip,skip,skip,skip,skip,skip,skip,A,skip,A,skip,skip,skip,A,A,skip,0.1,draw
937,random,2,skip,A,skip,skip,A,A,A,A,A,A,skip,skip,skip,A,skip,skip,skip,skip,A,skip,0.35,draw
938,random,1,skip,skip,A,skip,skip,skip,A,A,A,skip,A,skip,A,A,skip,skip,skip,skip,skip,skip,0.15,draw
938,random,2,skip,skip,A,A,A,skip,A,skip,A,skip,skip,skip,skip,A,skip,skip,skip,A,skip,skip,0.15,draw
939,random,1,A,skip,skip,A,A,A,A,A,A,skip,skip,A,A,skip,skip,skip,skip,skip,A,A,0.3,random
939,rotate,2,skip,A,skip,A,skip,A,skip,A,skip,A,skip,A,skip,A,skip,A,skip,A,skip,A,0.25,random
940,rotate,1,A,skip,A,skip,A,skip,A,skip,A,skip,A,skip,A,skip,A,skip,A,skip,A,skip,0.3,random
940,random,2,skip,skip,A,A,skip,A,A,A,A,A,skip,A,skip,A,skip,A,skip,A,A,A,0.45,random
941,rotate,1,A,skip,A,skip,A,skip,A,skip,A,skip,A,skip,A,skip,A,skip,A,skip,A,skip,0.5,draw
941,rotate,2,skip,A,skip,A,skip,A,skip,A,skip,A,skip,A,skip,A,skip,A,skip,A,skip,A,0.5,draw
942,rotate,1,A,skip,A,skip,A,skip,A,skip,A,skip,A,skip,A,skip,A,skip,A,skip,A,skip,0.5,draw
942,rotate,2,skip,A,skip,A,skip,A,skip,A,skip,A,skip,A,skip,A,skip,A,skip,A,skip,A,0.5,draw
943,random3,1,A,A,A,A,A,A,A,A,A,A,A,A,A,A,A,A,A,A,A,A,0.5,random3
943,random,2,skip,skip,A,A,skip,skip,skip,A,A,skip,A,A,A,skip,skip,A,skip,skip,A,A,0.0,random3
944,random,1,A,A,A,A,skip,A,A,A,A,A,skip,skip,A,A,A,skip,A,A,A,A,0.0,random3
944,random3,2,A,A,A,A,A,A,A,A,A,A,A,A,A,A,A,A,A,A,A,A,0.2,random3
945,rotate,1,A,skip,A,skip,A,skip,A,skip,A,skip,A,skip,A,skip,A,skip,A,skip,A,skip,0.0,random3
945,random3,2,A,A,A,A,A,A,A,A,A,A,A,A,A,A,A,A,A,A,A,A,0.5,random3
946,random3,1,A,A,A,A,A,A,A,A,A,A,A,A,A,A,A,A,A,A,A,A,0.5,random3
946,rotate,2,skip,A,skip,A,skip,A,skip,A,skip,A,skip,A,skip,A,skip,A,skip,A,skip,A,0.0,random3
947,random3,1,A,A,A,A,A,A,A,A,A,A,A,A,A,A,A,A,A,A,A,A,0.0,draw
947,random3,2,A,A,A,A,A,A,A,A,A,A,A,A,A,A,A,A,A,A,A,A,0.0,draw
948,random3,1,A,A,A,A,A,A,A,A,A,A,A,A,A,A,A,A,A,A,A,A,0.0,draw
948,random3,2,A,A,A,A,A,A,A,A,A,A,A,A,A,A,A,A,A,A,A,A,0.0,draw
949,random,1,A,A,A,A,skip,skip,A,skip,skip,A,A,skip,skip,A,skip,skip,skip,skip,A,skip,0.25,draw
949,radicaleq,2,skip,A,A,A,A,skip,skip,A,skip,skip,A,A,skip,skip,A,skip,skip,skip,skip,A,0.25,draw
950,radicaleq,1,A,A,skip,skip,skip,A,skip,skip,A,A,skip,A,A,skip,skip,A,skip,skip,A,A,0.3,radicaleq
950,random,2,A,skip,skip,skip,A,skip,skip,A,A,skip,A,A,skip,skip,A,skip,skip,A,A,skip,0.25,radicaleq
951,radicaleq,1,A,skip,A,skip,A,skip,A,skip,A,skip,A,skip,A,skip,A,skip,A,skip,A,skip,0.5,draw
951,rotate,2,skip,A,skip,A,skip,A,skip,A,skip,A,skip,A,skip,A,skip,A,skip,A,skip,A,0.5,draw
952,rotate,1,A,skip,A,skip,A,skip,A,skip,A,skip,A,skip,A,skip,A,skip,A,skip,A,skip,0.5,draw
952,radicaleq,2,skip,A,skip,A,skip,A,skip,A,skip,A,skip,A,skip,A,skip,A,skip,A,skip,A,0.5,draw
953,random3,1,A,A,A,A,A,A,A,A,A,A,A,A,A,A,A,A,A,A,A,A,0.05,random3
953,radicaleq,2,skip,A,A,A,A,A,A,A,A,A,A,A,A,A,A,A,A,A,A,A,0.0,random3
954,radicaleq,1,A,A,A,A,A,A,A,A,A,A,A,A,A,A,A,A,A,A,A,A,0.0,draw
954,random3,2,A,A,A,A,A,A,A,A,A,A,A,A,A,A,A,A,A,A,A,A,0.0,draw
955,radicaleq,1,A,skip,A,skip,A,skip,A,skip,A,skip,A,skip,A,skip,A,skip,A,skip,A,skip,0.5,draw
955,radicaleq,2,skip,A,skip,A,skip,A,skip,A,skip,A,skip,A,skip,A,skip,A,skip,A,skip,A,0.5,draw
956,radicaleq,1,A,skip,A,skip,A,skip,A,skip,A,skip,A,skip,A,skip,A,skip,A,skip,A,skip,0.5,draw
956,radicaleq,2,skip,A,skip,A,skip,A,skip,A,skip,A,skip,A,skip,A,skip,A,skip,A,skip,A,0.5,draw
957,rotate0,1,A,A,A,A,A,A,A,A,A,A,A,A,A,A,A,A,A,A,A,A,0.6,rotate0
957,random,2,A,A,A,skip,skip,A,A,skip,skip,skip,A,skip,skip,skip,skip,A,A,skip,skip,skip,0.0,rotate0
958,random,1,A,A,skip,skip,A,A,skip,A,skip,skip,skip,skip,A,skip,skip,A,skip,skip,skip,skip,0.35,random
958,rotate0,2,skip,skip,skip,skip,skip,skip,skip,skip,skip,skip,skip,skip,skip,skip,skip,skip,skip,skip,skip,skip,0.0,random
959,rotate0,1,A,A,A,A,A,A,A,A,A,A,A,A,A,A,A,A,A,A,A,A,0.5,rotate0
959,rotate,2,skip,A,skip,A,skip,A,skip,A,skip,A,skip,A,skip,A,skip,A,skip,A,skip,A,0.0,rotate0
960,rotate,1,A,skip,A,skip,A,skip,A,skip,A,skip,A,skip,A,skip,A,skip,A,skip,A,skip,0.5,rotate
960,rotate0,2,skip,skip,skip,skip,skip,skip,skip,skip,skip,skip,skip,skip,skip,skip,skip,skip,skip,skip,skip,skip,0.0,rotate
961,rotate0,1,A,A,A,A,A,A,A,A,A,A,A,A,A,A,A,A,A,A,A,A,0.0,draw
961,random3,2,A,A,A,A,A,A,A,A,A,A,A,A,A,A,A,A,A,A,A,A,0.0,draw
962,random3,1,A,A,A,A,A,A,A,A,A,A,A,A,A,A,A,A,A,A,A,A,1.0,random3
962,rotate0,2,skip,skip,skip,skip,skip,skip,skip,skip,skip,skip,skip,skip,skip,skip,skip,skip,skip,skip,skip,skip,0.0,random3
963,rotate0,1,A,A,A,A,A,A,A,A,A,A,A,A,A,A,A,A,A,A,A,A,0.05,rotate0
963,radicaleq,2,skip,A,A,A,A,A,A,A,A,A,A,A,A,A,A,A,A,A,A,A,0.0,rotate0
964,radicaleq,1,A,skip,skip,skip,skip,skip,skip,skip,skip,skip,skip,skip,skip,skip,skip,skip,skip,skip,skip,skip,0.05,radicaleq
964,rotate0,2,skip,skip,skip,skip,skip,skip,skip,skip,skip,skip,skip,skip,skip,skip,skip,skip,skip,skip,skip,skip,0.0,radicaleq
965,rotate0,1,A,A,A,A,A,A,A,A,A,A,A,A,A,A,A,A,A,A,A,A,1.0,draw
965,rotate0,2,skip,skip,skip,skip,skip,skip,skip,skip,skip,skip,skip,skip,skip,skip,skip,skip,skip,skip,skip,skip,0.0,draw
966,rotate0,1,A,A,A,A,A,A,A,A,A,A,A,A,A,A,A,A,A,A,A,A,1.0,draw
966,rotate0,2,skip,skip,skip,skip,skip,skip,skip,skip,skip,skip,skip,skip,skip,skip,skip,skip,skip,skip,skip,skip,0.0,draw
967,caste,1,A,A,A,A,A,A,A,A,A,A,A,A,A,A,A,A,A,A,A,A,0.6,caste
967,random,2,skip,A,skip,skip,A,skip,A,skip,A,A,skip,skip,skip,skip,skip,skip,A,skip,A,A,0.0,caste
968,random,1,skip,skip,skip,skip,A,A,skip,A,A,A,skip,A,A,A,A,A,skip,skip,A,skip,0.0,caste
968,caste,2,skip,A,A,A,A,A,A,A,A,A,A,A,A,A,A,A,A,A,A,A,0.4,caste
969,rotate,1,A,skip,A,skip,A,skip,A,skip,A,skip,A,skip,A,skip,A,skip,A,skip,A,skip,0.05,caste
969,caste,2,skip,skip,A,A,A,A,A,A,A,A,A,A,A,A,A,A,A,A,A,A,0.45,caste
970,caste,1,A,A,A,A,A,A,A,A,A,A,A,A,A,A,A,A,A,A,A,A,0.5,caste
970,rotate,2,skip,A,skip,A,skip,A,skip,A,skip,A,skip,A,skip,A,skip,A,skip,A,skip,A,0.0,caste
971,caste,1,A,A,A,A,A,A,A,A,A,A,A,A,A,A,A,A,A,A,A,A,0.0,draw
971,random3,2,A,A,A,A,A,A,A,A,A,A,A,A,A,A,A,A,A,A,A,A,0.0,draw
972,random3,1,A,A,A,A,A,A,A,A,A,A,A,A,A,A,A,A,A,A,A,A,1.0,random3
972,caste,2,skip,skip,skip,skip,skip,skip,skip,skip,skip,skip,skip,skip,skip,skip,skip,skip,skip,skip,skip,skip,0.0,random3
973,radicaleq,1,A,skip,skip,A,A,A,A,A,A,A,A,A,A,A,A,A,A,A,A,A,0.05,draw
973,caste,2,skip,skip,A,A,A,A,A,A,A,A,A,A,A,A,A,A,A,A,A,A,0.05,draw
974,caste,1,A,A,A,A,A,A,A,A,A,A,A,A,A,A,A,A,A,A,A,A,0.05,caste
974,radicaleq,2,skip,A,A,A,A,A,A,A,A,A,A,A,A,A,A,A,A,A,A,A,0.0,caste
975,caste,1,A,A,A,A,A,A,A,A,A,A,A,A,A,A,A,A,A,A,A,A,1.0,caste
975,rotate0,2,skip,skip,skip,skip,skip,skip,skip,skip,skip,skip,skip,skip,skip,skip,skip,skip,skip,skip,skip,skip,0.0,caste
976,rotate0,1,A,A,A,A,A,A,A,A,A,A,A,A,A,A,A,A,A,A,A,A,1.0,rotate0
976,caste,2,skip,skip,skip,skip,skip,skip,skip,skip,skip,skip,skip,skip,skip,skip,skip,skip,skip,skip,skip,skip,0.0,rotate0
977,caste,1,A,A,A,A,A,A,A,A,A,A,A,A,A,A,A,A,A,A,A,A,1.0,draw
977,caste,2,skip,skip,skip,skip,skip,skip,skip,skip,skip,skip,skip,skip,skip,skip,skip,skip,skip,skip,skip,skip,0.0,draw
978,caste,1,A,A,A,A,A,A,A,A,A,A,A,A,A,A,A,A,A,A,A,A,1.0,draw
978,caste,2,skip,skip,skip,skip,skip,skip,skip,skip,skip,skip,skip,skip,skip,skip,skip,skip,skip,skip,skip,skip,0.0,draw
979,equalize,1,A,skip,A,A,A,A,A,A,A,A,A,A,A,A,A,A,A,A,A,skip,0.35,equalize
979,random,2,skip,skip,A,A,A,A,A,A,A,skip,skip,A,skip,A,A,A,skip,skip,skip,skip,0.0,equalize
980,random,1,skip,A,skip,A,skip,A,A,A,A,A,skip,A,A,skip,A,skip,A,A,skip,A,0.0,equalize
980,equalize,2,skip,A,A,A,A,A,A,A,A,A,A,A,A,A,A,A,A,A,A,A,0.3,equalize
981,rotate,1,A,skip,A,skip,A,skip,A,skip,A,skip,A,skip,A,skip,A,skip,A,skip,A,skip,0.5,draw
981,equalize,2,skip,A,skip,A,skip,A,skip,A,skip,A,skip,A,skip,A,skip,A,skip,A,skip,A,0.5,draw
982,equalize,1,A,skip,A,skip,A,skip,A,skip,A,skip,A,skip,A,skip,A,skip,A,skip,A,skip,0.5,draw
982,rotate,2,skip,A,skip,A,skip,A,skip,A,skip,A,skip,A,skip,A,skip,A,skip,A,skip,A,0.5,draw
983,equalize,1,A,A,A,A,A,A,A,A,A,A,A,A,A,A,A,A,A,A,A,A,0.0,draw
983,random3,2,A,A,A,A,A,A,A,A,A,A,A,A,A,A,A,A,A,A,A,A,0.0,draw
984,random3,1,A,A,A,A,A,A,A,A,A,A,A,A,A,A,A,A,A,A,A,A,0.05,random3
984,equalize,2,skip,A,A,A,A,A,A,A,A,A,A,A,A,A,A,A,A,A,A,A,0.0,random3
985,radicaleq,1,A,skip,A,skip,A,skip,A,skip,A,skip,A,skip,A,skip,A,skip,A,skip,A,skip,0.5,draw
985,equalize,2,skip,A,skip,A,skip,A,skip,A,skip,A,skip,A,skip,A,skip,A,skip,A,skip,A,0.5,draw
986,equalize,1,A,skip,A,skip,A,skip,A,skip,A,skip,A,skip,A,skip,A,skip,A,skip,A,skip,0.5,draw
986,radicaleq,2,skip,A,skip,A,skip,A,skip,A,skip,A,skip,A,skip,A,skip,A,skip,A,skip,A,0.5,draw
987,equalize,1,A,skip,A,skip,A,A,skip,A,A,skip,A,A,skip,A,A,skip,A,A,skip,A,0.65,equalize
987,rotate0,2,skip,skip,skip,skip,skip,skip,skip,skip,skip,skip,skip,skip,skip,skip,skip,skip,skip,skip,skip,skip,0.0,equalize
988,rotate0,1,A,A,A,A,A,A,A,A,A,A,A,A,A,A,A,A,A,A,A,A,0.05,rotate0
988,equalize,2,skip,A,A,A,A,A,A,A,A,A,A,A,A,A,A,A,A,A,A,A,0.0,rotate0
989,caste,1,A,A,A,A,A,A,A,A,A,A,A,A,A,A,A,A,A,A,A,A,0.05,caste
989,equalize,2,skip,A,A,A,A,A,A,A,A,A,A,A,A,A,A,A,A,A,A,A,0.0,caste
990,equalize,1,A,skip,A,A,A,A,A,A,A,A,A,A,A,A,A,A,A,A,A,A,0.05,equalize
990,caste,2,skip,skip,A,A,A,A,A,A,A,A,A,A,A,A,A,A,A,A,A,A,0.0,equalize
991,equalize,1,A,skip,A,skip,A,skip,A,skip,A,skip,A,skip,A,skip,A,skip,A,skip,A,skip,0.5,draw
991,equalize,2,skip,A,skip,A,skip,A,skip,A,skip,A,skip,A,skip,A,skip,A,skip,A,skip,A,0.5,draw
992,equalize,1,A,skip,A,skip,A,skip,A,skip,A,skip,A,skip,A,skip,A,skip,A,skip,A,skip,0.5,draw
992,equalize,2,skip,A,skip,A,skip,A,skip,A,skip,A,skip,A,skip,A,skip,A,skip,A,skip,A,0.5,draw
993,random,1,skip,skip,A,skip,skip,skip,A,skip,skip,A,A,skip,skip,skip,A,A,A,A,A,skip,0.15,turntaking
993,turntaking,2,A,skip,A,A,skip,A,skip,skip,A,skip,skip,skip,A,skip,A,A,A,A,A,A,0.3,turntaking
994,turntaking,1,skip,A,skip,A,A,A,A,A,A,skip,A,A,A,A,A,A,skip,A,A,A,0.3,turntaking
994,random,2,A,skip,A,A,A,A,A,skip,skip,skip,A,A,skip,A,skip,skip,skip,A,A,A,0.1,turntaking
995,turntaking,1,skip,A,A,skip,A,skip,A,skip,A,skip,A,skip,A,skip,A,skip,A,skip,A,skip,0.45,draw
995,rotate,2,skip,A,skip,A,skip,A,skip,A,skip,A,skip,A,skip,A,skip,A,skip,A,skip,A,0.45,draw
996,rotate,1,A,skip,A,skip,A,skip,A,skip,A,skip,A,skip,A,skip,A,skip,A,skip,A,skip,0.45,turntaking
996,turntaking,2,A,A,skip,A,skip,A,skip,A,skip,A,skip,A,skip,A,skip,A,skip,A,skip,A,0.5,turntaking
997,random3,1,A,A,A,A,A,A,A,A,A,A,A,A,A,A,A,A,A,A,A,A,0.0,draw
997,turntaking,2,A,A,A,A,A,A,A,A,A,A,A,A,A,A,A,A,A,A,A,A,0.0,draw
998,turntaking,1,skip,A,A,A,A,A,A,A,A,A,A,A,A,A,A,A,A,A,A,A,0.0,random3
998,random3,2,A,A,A,A,A,A,A,A,A,A,A,A,A,A,A,A,A,A,A,A,0.05,random3
999,turntaking,1,skip,A,skip,A,skip,A,skip,A,skip,A,skip,A,skip,A,skip,A,skip,A,skip,A,0.5,turntaking
999,radicaleq,2,skip,skip,A,skip,A,skip,A,skip,A,skip,A,skip,A,skip,A,skip,A,skip,A,skip,0.45,turntaking
1000,radicaleq,1,A,A,A,A,A,A,A,A,A,A,A,A,A,A,A,A,A,A,A,A,0.0,draw
1000,turntaking,2,A,A,A,A,A,A,A,A,A,A,A,A,A,A,A,A,A,A,A,A,0.0,draw
1001,rotate0,1,A,A,A,A,A,A,A,A,A,A,A,A,A,A,A,A,A,A,A,A,0.0,draw
1001,turntaking,2,A,A,A,A,A,A,A,A,A,A,A,A,A,A,A,A,A,A,A,A,0.0,draw
1002,turntaking,1,skip,A,skip,A,skip,A,skip,A,skip,A,skip,A,skip,A,skip,A,skip,A,skip,A,0.5,turntaking
1002,rotate0,2,skip,skip,skip,skip,skip,skip,skip,skip,skip,skip,skip,skip,skip,skip,skip,skip,skip,skip,skip,skip,0.0,turntaking
1003,turntaking,1,skip,A,A,A,A,A,A,A,A,A,A,A,A,A,A,A,A,A,A,A,0.0,draw
1003,caste,2,skip,A,A,A,A,A,A,A,A,A,A,A,A,A,A,A,A,A,A,A,0.0,draw
1004,caste,1,A,A,A,A,A,A,A,A,A,A,A,A,A,A,A,A,A,A,A,A,0.0,draw
1004,turntaking,2,A,A,A,A,A,A,A,A,A,A,A,A,A,A,A,A,A,A,A,A,0.0,draw
1005,equalize,1,A,A,A,A,A,A,A,A,A,A,A,A,A,A,A,A,A,A,A,A,0.0,draw
1005,turntaking,2,A,A,A,A,A,A,A,A,A,A,A,A,A,A,A,A,A,A,A,A,0.0,draw
1006,turntaking,1,skip,A,A,A,A,A,A,A,A,A,A,A,A,A,A,A,A,A,A,A,0.0,draw
1006,equalize,2,skip,A,A,A,A,A,A,A,A,A,A,A,A,A,A,A,A,A,A,A,0.0,draw
1007,turntaking,1,skip,A,skip,A,skip,A,skip,A,skip,A,skip,A,skip,A,skip,A,skip,A,skip,A,0.5,draw
1007,turntaking,2,A,skip,A,skip,A,skip,A,skip,A,skip,A,skip,A,skip,A,skip,A,skip,A,skip,0.5,draw
1008,turntaking,1,skip,A,skip,A,skip,A,skip,A,skip,A,skip,A,skip,A,skip,A,skip,A,skip,A,0.5,draw
1008,turntaking,2,A,skip,A,skip,A,skip,A,skip,A,skip,A,skip,A,skip,A,skip,A,skip,A,skip,0.5,draw
1009,random,1,A,skip,A,skip,skip,A,skip,A,A,skip,A,A,skip,skip,skip,A,skip,skip,A,skip,0.25,draw
1009,random,2,A,A,skip,A,A,A,skip,A,skip,A,skip,A,A,A,skip,skip,A,A,skip,A,0.45,draw
1010,random,1,A,skip,skip,skip,A,A,A,skip,A,skip,A,skip,A,skip,A,A,A,skip,A,A,0.5,draw
1010,random,2,skip,skip,skip,A,A,skip,skip,skip,skip,A,skip,A,skip,skip,skip,skip,skip,A,A,skip,0.2,draw
1011,random,1,skip,A,A,A,A,A,skip,A,A,skip,A,A,A,A,skip,A,skip,A,skip,A,0.25,random
1011,rotate,2,skip,A,skip,A,skip,A,skip,A,skip,A,skip,A,skip,A,skip,A,skip,A,skip,A,0.05,random
1012,rotate,1,A,skip,A,skip,A,skip,A,skip,A,skip,A,skip,A,skip,A,skip,A,skip,A,skip,0.2,rotate
1012,random,2,skip,A,A,skip,skip,skip,A,skip,skip,skip,A,A,A,skip,skip,A,A,skip,A,skip,0.15,rotate
1013,rotate,1,A,skip,A,skip,A,skip,A,skip,A,skip,A,skip,A,skip,A,skip,A,skip,A,skip,0.5,draw
1013,rotate,2,skip,A,skip,A,skip,A,skip,A,skip,A,skip,A,skip,A,skip,A,skip,A,skip,A,0.5,draw
1014,rotate,1,A,skip,A,skip,A,skip,A,skip,A,skip,A,skip,A,skip,A,skip,A,skip,A,skip,0.5,draw
1014,rotate,2,skip,A,skip,A,skip,A,skip,A,skip,A,skip,A,skip,A,skip,A,skip,A,skip,A,0.5,draw
1015,random3,1,A,A,A,A,A,A,A,A,A,A,A,A,A,A,A,A,A,A,A,A,0.65,random3
1015,random,2,A,skip,skip,skip,A,A,skip,skip,skip,skip,skip,A,A,skip,A,skip,skip,skip,skip,A,0.0,random3
1016,random,1,A,A,A,A,skip,skip,A,skip,skip,A,A,skip,skip,skip,skip,skip,A,A,A,A,0.0,random3
1016,random3,2,A,A,A,A,A,A,A,A,A,A,A,A,A,A,A,A,A,A,A,A,0.45,random3
1017,rotate,1,A,skip,A,skip,A,skip,A,skip,A,skip,A,skip,A,skip,A,skip,A,skip,A,skip,0.0,random3
1017,random3,2,A,A,A,A,A,A,A,A,A,A,A,A,A,A,A,A,A,A,A,A,0.5,random3
1018,random3,1,A,A,A,A,A,A,A,A,A,A,A,A,A,A,A,A,A,A,A,A,0.5,random3
1018,rotate,2,skip,A,skip,A,skip,A,skip,A,skip,A,skip,A,skip,A,skip,A,skip,A,skip,A,0.0,random3
1019,random3,1,A,A,A,A,A,A,A,A,A,A,A,A,A,A,A,A,A,A,A,A,0.0,draw
1019,random3,2,A,A,A,A,A,A,A,A,A,A,A,A,A,A,A,A,A,A,A,A,0.0,draw
1020,random3,1,A,A,A,A,A,A,A,A,A,A,A,A,A,A,A,A,A,A,A,A,0.0,draw
1020,random3,2,A,A,A,A,A,A,A,A,A,A,A,A,A,A,A,A,A,A,A,A,0.0,draw
1021,random,1,A,skip,A,skip,skip,A,skip,A,A,skip,skip,skip,skip,A,skip,A,skip,skip,skip,skip,0.3,draw
1021,radicaleq,2,skip,A,skip,A,skip,skip,A,skip,A,A,skip,skip,skip,skip,A,skip,A,skip,skip,skip,0.3,draw
1022,radicaleq,1,A,skip,A,A,skip,skip,skip,A,skip,A,skip,skip,A,skip,A,skip,A,A,A,skip,0.35,draw
1022,random,2,skip,A,A,skip,skip,skip,A,skip,A,skip,skip,A,skip,A,skip,A,A,A,skip,A,0.35,draw
1023,radicaleq,1,A,skip,A,skip,A,skip,A,skip,A,skip,A,skip,A,skip,A,skip,A,skip,A,skip,0.5,draw
1023,rotate,2,skip,A,skip,A,skip,A,skip,A,skip,A,skip,A,skip,A,skip,A,skip,A,skip,A,0.5,draw
1024,rotate,1,A,skip,A,skip,A,skip,A,skip,A,skip,A,skip,A,skip,A,skip,A,skip,A,skip,0.5,draw
1024,radicaleq,2,skip,A,skip,A,skip,A,skip,A,skip,A,skip,A,skip,A,skip,A,skip,A,skip,A,0.5,draw
1025,random3,1,A,A,A,A,A,A,A,A,A,A,A,A,A,A,A,A,A,A,A,A,0.05,random3
1025,radicaleq,2,skip,A,A,A,A,A,A,A,A,A,A,A,A,A,A,A,A,A,A,A,0.0,random3
1026,radicaleq,1,A,A,A,A,A,A,A,A,A,A,A,A,A,A,A,A,A,A,A,A,0.0,draw
1026,random3,2,A,A,A,A,A,A,A,A,A,A,A,A,A,A,A,A,A,A,A,A,0.0,draw
1027,radicaleq,1,A,skip,A,skip,A,skip,A,skip,A,skip,A,skip,A,skip,A,skip,A,skip,A,skip,0.5,draw
1027,radicaleq,2,skip,A,skip,A,skip,A,skip,A,skip,A,skip,A,skip,A,skip,A,skip,A,skip,A,0.5,draw
1028,radicaleq,1,A,skip,A,skip,A,skip,A,skip,A,skip,A,skip,A,skip,A,skip,A,skip,A,skip,0.5,draw
1028,radicaleq,2,skip,A,skip,A,skip,A,skip,A,skip,A,skip,A,skip,A,skip,A,skip,A,skip,A,0.5,draw
1029,rotate0,1,A,A,A,A,A,A,A,A,A,A,A,A,A,A,A,A,A,A,A,A,0.45,rotate0
1029,random,2,A,A,skip,skip,skip,skip,A,A,A,A,A,A,skip,A,skip,A,skip,skip,A,skip,0.0,rotate0
1030,random,1,A,skip,A,skip,A,A,A,A,skip,A,A,A,skip,skip,A,skip,A,skip,A,skip,0.6,random
1030,rotate0,2,skip,skip,skip,skip,skip,skip,skip,skip,skip,skip,skip,skip,skip,skip,skip,skip,skip,skip,skip,skip,0.0,random
1031,rotate0,1,A,A,A,A,A,A,A,A,A,A,A,A,A,A,A,A,A,A,A,A,0.5,rotate0
1031,rotate,2,skip,A,skip,A,skip,A,skip,A,skip,A,skip,A,skip,A,skip,A,skip,A,skip,A,0.0,rotate0
1032,rotate,1,A,skip,A,skip,A,skip,A,skip,A,skip,A,skip,A,skip,A,skip,A,skip,A,skip,0.5,rotate
1032,rotate0,2,skip,skip,skip,skip,skip,skip,skip,skip,skip,skip,skip,skip,skip,skip,skip,skip,skip,skip,skip,skip,0.0,rotate
1033,rotate0,1,A,A,A,A,A,A,A,A,A,A,A,A,A,A,A,A,A,A,A,A,0.0,draw
1033,random3,2,A,A,A,A,A,A,A,A,A,A,A,A,A,A,A,A,A,A,A,A,0.0,draw
1034,random3,1,A,A,A,A,A,A,A,A,A,A,A,A,A,A,A,A,A,A,A,A,1.0,random3
1034,rotate0,2,skip,skip,skip,skip,skip,skip,skip,skip,skip,skip,skip,skip,skip,skip,skip,skip,skip,skip,skip,skip,0.0,random3
1035,rotate0,1,A,A,A,A,A,A,A,A,A,A,A,A,A,A,A,A,A,A,A,A,0.05,rotate0
1035,radicaleq,2,skip,A,A,A,A,A,A,A,A,A,A,A,A,A,A,A,A,A,A,A,0.0,rotate0
1036,radicaleq,1,A,skip,skip,skip,skip,skip,skip,skip,skip,skip,skip,skip,skip,skip,skip,skip,skip,skip,skip,skip,0.05,radicaleq
1036,rotate0,2,skip,skip,skip,skip,skip,skip,skip,skip,skip,skip,skip,skip,skip,skip,skip,skip,skip,skip,skip,skip,0.0,radicaleq
1037,rotate0,1,A,A,A,A,A,A,A,A,A,A,A,A,A,A,A,A,A,A,A,A,1.0,draw
1037,rotate0,2,skip,skip,skip,skip,skip,skip,skip,skip,skip,skip,skip,skip,skip,skip,skip,skip,skip,skip,skip,skip,0.0,draw
1038,rotate0,1,A,A,A,A,A,A,A,A,A,A,A,A,A,A,A,A,A,A,A,A,1.0,draw
1038,rotate0,2,skip,skip,skip,skip,skip,skip,skip,skip,skip,skip,skip,skip,skip,skip,skip,skip,skip,skip,skip,skip,0.0,draw
1039,caste,1,A,A,A,A,A,A,A,A,A,A,A,A,A,A,A,A,A,A,A,A,0.65,caste
1039,random,2,skip,A,skip,skip,A,A,skip,skip,skip,A,skip,A,A,skip,skip,skip,skip,A,skip,skip,0.0,caste
1040,random,1,A,skip,A,skip,skip,A,skip,A,A,A,A,A,skip,A,A,A,skip,skip,skip,A,0.05,caste
1040,caste,2,skip,skip,A,A,A,A,A,A,A,A,A,A,A,A,A,A,A,A,A,A,0.35,caste
1041,rotate,1,A,skip,A,skip,A,skip,A,skip,A,skip,A,skip,A,skip,A,skip,A,skip,A,skip,0.05,caste
1041,caste,2,skip,skip,A,A,A,A,A,A,A,A,A,A,A,A,A,A,A,A,A,A,0.45,caste
1042,caste,1,A,A,A,A,A,A,A,A,A,A,A,A,A,A,A,A,A,A,A,A,0.5,caste
1042,rotate,2,skip,A,skip,A,skip,A,skip,A,skip,A,skip,A,skip,A,skip,A,skip,A,skip,A,0.0,caste
1043,caste,1,A,A,A,A,A,A,A,A,A,A,A,A,A,A,A,A,A,A,A,A,0.0,draw
1043,random3,2,A,A,A,A,A,A,A,A,A,A,A,A,A,A,A,A,A,A,A,A,0.0,draw
1044,random3,1,A,A,A,A,A,A,A,A,A,A,A,A,A,A,A,A,A,A,A,A,1.0,random3
1044,caste,2,skip,skip,skip,skip,skip,skip,skip,skip,skip,skip,skip,skip,skip,skip,skip,skip,skip,skip,skip,skip,0.0,random3
1045,radicaleq,1,A,skip,skip,A,A,A,A,A,A,A,A,A,A,A,A,A,A,A,A,A,0.05,draw
1045,caste,2,skip,skip,A,A,A,A,A,A,A,A,A,A,A,A,A,A,A,A,A,A,0.05,draw
1046,caste,1,A,A,A,A,A,A,A,A,A,A,A,A,A,A,A,A,A,A,A,A,0.05,caste
1046,radicaleq,2,skip,A,A,A,A,A,A,A,A,A,A,A,A,A,A,A,A,A,A,A,0.0,caste
1047,caste,1,A,A,A,A,A,A,A,A,A,A,A,A,A,A,A,A,A,A,A,A,1.0,caste
1047,rotate0,2,skip,skip,skip,skip,skip,skip,skip,skip,skip,skip,skip,skip,skip,skip,skip,skip,skip,skip,skip,skip,0.0,caste
1048,rotate0,1,A,A,A,A,A,A,A,A,A,A,A,A,A,A,A,A,A,A,A,A,1.0,rotate0
1048,caste,2,skip,skip,skip,skip,skip,skip,skip,skip,skip,skip,skip,skip,skip,skip,skip,skip,skip,skip,skip,skip,0.0,rotate0
1049,caste,1,A,A,A,A,A,A,A,A,A,A,A,A,A,A,A,A,A,A,A,A,1.0,draw
1049,caste,2,skip,skip,skip,skip,skip,skip,skip,skip,skip,skip,skip,skip,skip,skip,skip,skip,skip,skip,skip,skip,0.0,draw
1050,caste,1,A,A,A,A,A,A,A,A,A,A,A,A,A,A,A,A,A,A,A,A,1.0,draw
1050,caste,2,skip,skip,skip,skip,skip,skip,skip,skip,skip,skip,skip,skip,skip,skip,skip,skip,skip,skip,skip,skip,0.0,draw
1051,equalize,1,A,A,skip,A,A,skip,A,A,A,skip,skip,A,skip,A,A,A,A,A,A,A,0.35,equalize
1051,random,2,A,skip,A,A,skip,A,A,skip,skip,A,skip,skip,skip,A,A,A,A,skip,A,skip,0.15,equalize
1052,random,1,skip,A,A,A,A,skip,A,A,A,A,skip,skip,skip,A,skip,skip,A,A,skip,skip,0.1,equalize
1052,equalize,2,skip,A,A,A,A,A,A,A,A,A,A,A,A,A,A,A,skip,skip,skip,A,0.35,equalize
1053,rotate,1,A,skip,A,skip,A,skip,A,skip,A,skip,A,skip,A,skip,A,skip,A,skip,A,skip,0.5,draw
1053,equalize,2,skip,A,skip,A,skip,A,skip,A,skip,A,skip,A,skip,A,skip,A,skip,A,skip,A,0.5,draw
1054,equalize,1,A,skip,A,skip,A,skip,A,skip,A,skip,A,skip,A,skip,A,skip,A,skip,A,skip,0.5,draw
1054,rotate,2,skip,A,skip,A,skip,A,skip,A,skip,A,skip,A,skip,A,skip,A,skip,A,skip,A,0.5,draw
1055,equalize,1,A,A,A,A,A,A,A,A,A,A,A,A,A,A,A,A,A,A,A,A,0.0,draw
1055,random3,2,A,A,A,A,A,A,A,A,A,A,A,A,A,A,A,A,A,A,A,A,0.0,draw
1056,random3,1,A,A,A,A,A,A,A,A,A,A,A,A,A,A,A,A,A,A,A,A,0.05,random3
1056,equalize,2,skip,A,A,A,A,A,A,A,A,A,A,A,A,A,A,A,A,A,A,A,0.0,random3
1057,radicaleq,1,A,skip,A,skip,A,skip,A,skip,A,skip,A,skip,A,skip,A,skip,A,skip,A,skip,0.5,draw
1057,equalize,2,skip,A,skip,A,skip,A,skip,A,skip,A,skip,A,skip,A,skip,A,skip,A,skip,A,0.5,draw
1058,equalize,1,A,skip,A,skip,A,skip,A,skip,A,skip,A,skip,A,skip,A,skip,A,skip,A,skip,0.5,draw
1058,radicaleq,2,skip,A,skip,A,skip,A,skip,A,skip,A,skip,A,skip,A,skip,A,skip,A,skip,A,0.5,draw
1059,equalize,1,A,skip,A,skip,A,A,skip,A,A,skip,A,A,skip,A,A,skip,A,A,skip,A,0.65,equalize
1059,rotate0,2,skip,skip,skip,skip,skip,skip,skip,skip,skip,skip,skip,skip,skip,skip,skip,skip,skip,skip,skip,skip,0.0,equalize
1060,rotate0,1,A,A,A,A,A,A,A,A,A,A,A,A,A,A,A,A,A,A,A,A,0.05,rotate0
1060,equalize,2,skip,A,A,A,A,A,A,A,A,A,A,A,A,A,A,A,A,A,A,A,0.0,rotate0
1061,caste,1,A,A,A,A,A,A,A,A,A,A,A,A,A,A,A,A,A,A,A,A,0.05,caste
1061,equalize,2,skip,A,A,A,A,A,A,A,A,A,A,A,A,A,A,A,A,A,A,A,0.0,caste
1062,equalize,1,A,skip,A,A,A,A,A,A,A,A,A,A,A,A,A,A,A,A,A,A,0.05,equalize
1062,caste,2,skip,skip,A,A,A,A,A,A,A,A,A,A,A,A,A,A,A,A,A,A,0.0,equalize
1063,equalize,1,A,skip,A,skip,A,skip,A,skip,A,skip,A,skip,A,skip,A,skip,A,skip,A,skip,0.5,draw
1063,equalize,2,skip,A,skip,A,skip,A,skip,A,skip,A,skip,A,skip,A,skip,A,skip,A,skip,A,0.5,draw
1064,equalize,1,A,skip,A,skip,A,skip,A,skip,A,skip,A,skip,A,skip,A,skip,A,skip,A,skip,0.5,draw
1064,equalize,2,skip,A,skip,A,skip,A,skip,A,skip,A,skip,A,skip,A,skip,A,skip,A,skip,A,0.5,draw
1065,random,1,skip,skip,skip,A,A,A,skip,A,A,skip,skip,skip,skip,skip,A,A,A,skip,A,A,0.35,draw
1065,turntaking,2,A,skip,A,skip,skip,A,A,skip,A,A,skip,A,skip,A,skip,skip,skip,A,skip,A,0.35,draw
1066,turntaking,1,skip,A,skip,A,A,A,skip,A,skip,A,skip,skip,A,skip,skip,A,skip,A,A,A,0.4,turntaking
1066,random,2,A,skip,A,A,A,skip,skip,skip,skip,skip,A,skip,skip,A,skip,skip,skip,A,skip,skip,0.2,turntaking
1067,turntaking,1,skip,A,A,skip,A,skip,A,skip,A,skip,A,skip,A,skip,A,skip,A,skip,A,skip,0.45,draw
1067,rotate,2,skip,A,skip,A,skip,A,skip,A,skip,A,skip,A,skip,A,skip,A,skip,A,skip,A,0.45,draw
1068,rotate,1,A,skip,A,skip,A,skip,A,skip,A,skip,A,skip,A,skip,A,skip,A,skip,A,skip,0.45,turntaking
1068,turntaking,2,A,A,skip,A,skip,A,skip,A,skip,A,skip,A,skip,A,skip,A,skip,A,skip,A,0.5,turntaking
1069,random3,1,A,A,A,A,A,A,A,A,A,A,A,A,A,A,A,A,A,A,A,A,0.0,draw
1069,turntaking,2,A,A,A,A,A,A,A,A,A,A,A,A,A,A,A,A,A,A,A,A,0.0,draw
1070,turntaking,1,skip,A,A,A,A,A,A,A,A,A,A,A,A,A,A,A,A,A,A,A,0.0,random3
1070,random3,2,A,A,A,A,A,A,A,A,A,A,A,A,A,A,A,A,A,A,A,A,0.05,random3
1071,turntaking,1,skip,A,skip,A,skip,A,skip,A,skip,A,skip,A,skip,A,skip,A,skip,A,skip,A,0.5,turntaking
1071,radicaleq,2,skip,skip,A,skip,A,skip,A,skip,A,skip,A,skip,A,skip,A,skip,A,skip,A,skip,0.45,turntaking
1072,radicaleq,1,A,A,A,A,A,A,A,A,A,A,A,A,A,A,A,A,A,A,A,A,0.0,draw
1072,turntaking,2,A,A,A,A,A,A,A,A,A,A,A,A,A,A,A,A,A,A,A,A,0.0,draw
1073,rotate0,1,A,A,A,A,A,A,A,A,A,A,A,A,A,A,A,A,A,A,A,A,0.0,draw
1073,turntaking,2,A,A,A,A,A,A,A,A,A,A,A,A,A,A,A,A,A,A,A,A,0.0,draw
1074,turntaking,1,skip,A,skip,A,skip,A,skip,A,skip,A,skip,A,skip,A,skip,A,skip,A,skip,A,0.5,turntaking
1074,rotate0,2,skip,skip,skip,skip,skip,skip,skip,skip,skip,skip,skip,skip,skip,skip,skip,skip,skip,skip,skip,skip,0.0,turntaking
1075,turntaking,1,skip,A,A,A,A,A,A,A,A,A,A,A,A,A,A,A,A,A,A,A,0.0,draw
1075,caste,2,skip,A,A,A,A,A,A,A,A,A,A,A,A,A,A,A,A,A,A,A,0.0,draw
1076,caste,1,A,A,A,A,A,A,A,A,A,A,A,A,A,A,A,A,A,A,A,A,0.0,draw
1076,turntaking,2,A,A,A,A,A,A,A,A,A,A,A,A,A,A,A,A,A,A,A,A,0.0,draw
1077,equalize,1,A,A,A,A,A,A,A,A,A,A,A,A,A,A,A,A,A,A,A,A,0.0,draw
1077,turntaking,2,A,A,A,A,A,A,A,A,A,A,A,A,A,A,A,A,A,A,A,A,0.0,draw
1078,turntaking,1,skip,A,A,A,A,A,A,A,A,A,A,A,A,A,A,A,A,A,A,A,0.0,draw
1078,equalize,2,skip,A,A,A,A,A,A,A,A,A,A,A,A,A,A,A,A,A,A,A,0.0,draw
1079,turntaking,1,skip,A,skip,A,skip,A,skip,A,skip,A,skip,A,skip,A,skip,A,skip,A,skip,A,0.5,draw
1079,turntaking,2,A,skip,A,skip,A,skip,A,skip,A,skip,A,skip,A,skip,A,skip,A,skip,A,skip,0.5,draw
1080,turntaking,1,skip,A,skip,A,skip,A,skip,A,skip,A,skip,A,skip,A,skip,A,skip,A,skip,A,0.5,draw
1080,turntaking,2,A,skip,A,skip,A,skip,A,skip,A,skip,A,skip,A,skip,A,skip,A,skip,A,skip,0.5,draw
1081,random,1,A,skip,A,skip,skip,A,skip,A,A,A,A,A,A,A,A,skip,A,skip,A,skip,0.4,draw
1081,random,2,skip,skip,skip,A,skip,A,A,skip,A,skip,skip,A,skip,A,skip,skip,A,skip,skip,A,0.15,draw
1082,random,1,A,skip,skip,skip,A,A,skip,skip,skip,A,skip,skip,skip,skip,A,A,skip,A,skip,skip,0.15,draw
1082,random,2,skip,skip,A,A,skip,A,A,A,skip,A,skip,A,skip,skip,A,A,skip,skip,A,skip,0.3,draw
1083,random,1,skip,skip,skip,A,A,skip,skip,A,skip,skip,A,skip,A,skip,A,A,skip,A,A,skip,0.25,rotate
1083,rotate,2,skip,A,skip,A,skip,A,skip,A,skip,A,skip,A,skip,A,skip,A,skip,A,skip,A,0.3,rotate
1084,rotate,1,A,skip,A,skip,A,skip,A,skip,A,skip,A,skip,A,skip,A,skip,A,skip,A,skip,0.1,random
1084,random,2,A,A,skip,skip,A,skip,A,A,A,skip,A,A,skip,A,A,A,A,skip,A,A,0.3,random
1085,rotate,1,A,skip,A,skip,A,skip,A,skip,A,skip,A,skip,A,skip,A,skip,A,skip,A,skip,0.5,draw
1085,rotate,2,skip,A,skip,A,skip,A,skip,A,skip,A,skip,A,skip,A,skip,A,skip,A,skip,A,0.5,draw
1086,rotate,1,A,skip,A,skip,A,skip,A,skip,A,skip,A,skip,A,skip,A,skip,A,skip,A,skip,0.5,draw
1086,rotate,2,skip,A,skip,A,skip,A,skip,A,skip,A,skip,A,skip,A,skip,A,skip,A,skip,A,0.5,draw
1087,random3,1,A,A,A,A,A,A,A,A,A,A,A,A,A,A,A,A,A,A,A,A,0.55,random3
1087,random,2,skip,A,skip,skip,A,A,A,A,skip,A,skip,A,skip,skip,skip,skip,skip,A,A,skip,0.0,random3
1088,random,1,A,A,A,A,skip,A,A,skip,skip,A,skip,skip,skip,skip,A,skip,skip,skip,A,A,0.0,random3
1088,random3,2,A,A,A,A,A,A,A,A,A,A,A,A,A,A,A,A,A,A,A,A,0.5,random3
1089,rotate,1,A,skip,A,skip,A,skip,A,skip,A,skip,A,skip,A,skip,A,skip,A,skip,A,skip,0.0,random3
1089,random3,2,A,A,A,A,A,A,A,A,A,A,A,A,A,A,A,A,A,A,A,A,0.5,random3
1090,random3,1,A,A,A,A,A,A,A,A,A,A,A,A,A,A,A,A,A,A,A,A,0.5,random3
1090,rotate,2,skip,A,skip,A,skip,A,skip,A,skip,A,skip,A,skip,A,skip,A,skip,A,skip,A,0.0,random3
1091,random3,1,A,A,A,A,A,A,A,A,A,A,A,A,A,A,A,A,A,A,A,A,0.0,draw
1091,random3,2,A,A,A,A,A,A,A,A,A,A,A,A,A,A,A,A,A,A,A,A,0.0,draw
1092,random3,1,A,A,A,A,A,A,A,A,A,A,A,A,A,A,A,A,A,A,A,A,0.0,draw
1092,random3,2,A,A,A,A,A,A,A,A,A,A,A,A,A,A,A,A,A,A,A,A,0.0,draw
1093,random,1,skip,skip,A,skip,skip,skip,A,A,A,skip,skip,skip,A,skip,A,skip,skip,skip,A,A,0.25,random
1093,radicaleq,2,skip,skip,skip,A,skip,skip,skip,A,A,A,skip,skip,skip,A,skip,A,skip,skip,skip,A,0.2,random
1094,radicaleq,1,A,skip,A,skip,skip,skip,skip,A,A,skip,A,skip,skip,skip,skip,skip,A,A,skip,A,0.25,draw
1094,random,2,skip,A,skip,skip,skip,skip,A,A,skip,A,skip,skip,skip,skip,skip,A,A,skip,A,A,0.25,draw
1095,radicaleq,1,A,skip,A,skip,A,skip,A,skip,A,skip,A,skip,A,skip,A,skip,A,skip,A,skip,0.5,draw
1095,rotate,2,skip,A,skip,A,skip,A,skip,A,skip,A,skip,A,skip,A,skip,A,skip,A,skip,A,0.5,draw
1096,rotate,1,A,skip,A,skip,A,skip,A,skip,A,skip,A,skip,A,skip,A,skip,A,skip,A,skip,0.5,draw
1096,radicaleq,2,skip,A,skip,A,skip,A,skip,A,skip,A,skip,A,skip,A,skip,A,skip,A,skip,A,0.5,draw
1097,random3,1,A,A,A,A,A,A,A,A,A,A,A,A,A,A,A,A,A,A,A,A,0.05,random3
1097,radicaleq,2,skip,A,A,A,A,A,A,A,A,A,A,A,A,A,A,A,A,A,A,A,0.0,random3
1098,radicaleq,1,A,A,A,A,A,A,A,A,A,A,A,A,A,A,A,A,A,A,A,A,0.0,draw
1098,random3,2,A,A,A,A,A,A,A,A,A,A,A,A,A,A,A,A,A,A,A,A,0.0,draw
1099,radicaleq,1,A,skip,A,skip,A,skip,A,skip,A,skip,A,skip,A,skip,A,skip,A,skip,A,skip,0.5,draw
1099,radicaleq,2,skip,A,skip,A,skip,A,skip,A,skip,A,skip,A,skip,A,skip,A,skip,A,skip,A,0.5,draw
1100,radicaleq,1,A,skip,A,skip,A,skip,A,skip,A,skip,A,skip,A,skip,A,skip,A,skip,A,skip,0.5,draw
1100,radicaleq,2,skip,A,skip,A,skip,A,skip,A,skip,A,skip,A,skip,A,skip,A,skip,A,skip,A,0.5,draw
1101,rotate0,1,A,A,A,A,A,A,A,A,A,A,A,A,A,A,A,A,A,A,A,A,0.4,rotate0
1101,random,2,A,skip,A,A,skip,skip,A,skip,A,A,A,A,skip,skip,A,skip,A,A,A,skip,0.0,rotate0
1102,random,1,skip,skip,skip,skip,A,skip,skip,A,A,A,A,skip,A,A,skip,skip,A,skip,skip,A,0.45,random
1102,rotate0,2,skip,skip,skip,skip,skip,skip,skip,skip,skip,skip,skip,skip,skip,skip,skip,skip,skip,skip,skip,skip,0.0,random
1103,rotate0,1,A,A,A,A,A,A,A,A,A,A,A,A,A,A,A,A,A,A,A,A,0.5,rotate0
1103,rotate,2,skip,A,skip,A,skip,A,skip,A,skip,A,skip,A,skip,A,skip,A,skip,A,skip,A,0.0,rotate0
1104,rotate,1,A,skip,A,skip,A,skip,A,skip,A,skip,A,skip,A,skip,A,skip,A,skip,A,skip,0.5,rotate
1104,rotate0,2,skip,skip,skip,skip,skip,skip,skip,skip,skip,skip,skip,skip,skip,skip,skip,skip,skip,skip,skip,skip,0.0,rotate
1105,rotate0,1,A,A,A,A,A,A,A,A,A,A,A,A,A,A,A,A,A,A,A,A,0.0,draw
1105,random3,2,A,A,A,A,A,A,A,A,A,A,A,A,A,A,A,A,A,A,A,A,0.0,draw
1106,random3,1,A,A,A,A,A,A,A,A,A,A,A,A,A,A,A,A,A,A,A,A,1.0,random3
1106,rotate0,2,skip,skip,skip,skip,skip,skip,skip,skip,skip,skip,skip,skip,skip,skip,skip,skip,skip,skip,skip,skip,0.0,random3
1107,rotate0,1,A,A,A,A,A,A,A,A,A,A,A,A,A,A,A,A,A,A,A,A,0.05,rotate0
1107,radicaleq,2,skip,A,A,A,A,A,A,A,A,A,A,A,A,A,A,A,A,A,A,A,0.0,rotate0
1108,radicaleq,1,A,skip,skip,skip,skip,skip,skip,skip,skip,skip,skip,skip,skip,skip,skip,skip,skip,skip,skip,skip,0.05,radicaleq
1108,rotate0,2,skip,skip,skip,skip,skip,skip,skip,skip,skip,skip,skip,skip,skip,skip,skip,skip,skip,skip,skip,skip,0.0,radicaleq
1109,rotate0,1,A,A,A,A,A,A,A,A,A,A,A,A,A,A,A,A,A,A,A,A,1.0,draw
1109,rotate0,2,skip,skip,skip,skip,skip,skip,skip,skip,skip,skip,skip,skip,skip,skip,skip,skip,skip,skip,skip,skip,0.0,draw
1110,rotate0,1,A,A,A,A,A,A,A,A,A,A,A,A,A,A,A,A,A,A,A,A,1.0,draw
1110,rotate0,2,skip,skip,skip,skip,skip,skip,skip,skip,skip,skip,skip,skip,skip,skip,skip,skip,skip,skip,skip,skip,0.0,draw
1111,caste,1,A,A,A,A,A,A,A,A,A,A,A,A,A,A,A,A,A,A,A,A,0.6,caste
1111,random,2,A,skip,skip,A,A,skip,skip,skip,skip,skip,A,A,A,skip,skip,skip,skip,A,skip,A,0.0,caste
1112,random,1,skip,skip,skip,skip,A,A,A,skip,skip,skip,A,A,skip,skip,skip,skip,skip,skip,skip,skip,0.0,caste
1112,caste,2,skip,A,A,A,A,A,A,A,A,A,A,A,A,A,A,A,A,A,A,A,0.7,caste
1113,rotate,1,A,skip,A,skip,A,skip,A,skip,A,skip,A,skip,A,skip,A,skip,A,skip,A,skip,0.05,caste
1113,caste,2,skip,skip,A,A,A,A,A,A,A,A,A,A,A,A,A,A,A,A,A,A,0.45,caste
1114,caste,1,A,A,A,A,A,A,A,A,A,A,A,A,A,A,A,A,A,A,A,A,0.5,caste
1114,rotate,2,skip,A,skip,A,skip,A,skip,A,skip,A,skip,A,skip,A,skip,A,skip,A,skip,A,0.0,caste
1115,caste,1,A,A,A,A,A,A,A,A,A,A,A,A,A,A,A,A,A,A,A,A,0.0,draw
1115,random3,2,A,A,A,A,A,A,A,A,A,A,A,A,A,A,A,A,A,A,A,A,0.0,draw
1116,random3,1,A,A,A,A,A,A,A,A,A,A,A,A,A,A,A,A,A,A,A,A,1.0,random3
1116,caste,2,skip,skip,skip,skip,skip,skip,skip,skip,skip,skip,skip,skip,skip,skip,skip,skip,skip,skip,skip,skip,0.0,random3
1117,radicaleq,1,A,skip,skip,A,A,A,A,A,A,A,A,A,A,A,A,A,A,A,A,A,0.05,draw
1117,caste,2,skip,skip,A,A,A,A,A,A,A,A,A,A,A,A,A,A,A,A,A,A,0.05,draw
1118,caste,1,A,A,A,A,A,A,A,A,A,A,A,A,A,A,A,A,A,A,A,A,0.05,caste
1118,radicaleq,2,skip,A,A,A,A,A,A,A,A,A,A,A,A,A,A,A,A,A,A,A,0.0,caste
1119,caste,1,A,A,A,A,A,A,A,A,A,A,A,A,A,A,A,A,A,A,A,A,1.0,caste
1119,rotate0,2,skip,skip,skip,skip,skip,skip,skip,skip,skip,skip,skip,skip,skip,skip,skip,skip,skip,skip,skip,skip,0.0,caste
1120,rotate0,1,A,A,A,A,A,A,A,A,A,A,A,A,A,A,A,A,A,A,A,A,1.0,rotate0
1120,caste,2,skip,skip,skip,skip,skip,skip,skip,skip,skip,skip,skip,skip,skip,skip,skip,skip,skip,skip,skip,skip,0.0,rotate0
1121,caste,1,A,A,A,A,A,A,A,A,A,A,A,A,A,A,A,A,A,A,A,A,1.0,draw
1121,caste,2,skip,skip,skip,skip,skip,skip,skip,skip,skip,skip,skip,skip,skip,skip,skip,skip,skip,skip,skip,skip,0.0,draw
1122,caste,1,A,A,A,A,A,A,A,A,A,A,A,A,A,A,A,A,A,A,A,A,1.0,draw
1122,caste,2,skip,skip,skip,skip,skip,skip,skip,skip,skip,skip,skip,skip,skip,skip,skip,skip,skip,skip,skip,skip,0.0,draw
1123,equalize,1,A,A,A,A,skip,skip,A,A,A,A,A,A,A,A,A,A,A,A,A,A,0.35,equalize
1123,random,2,A,A,skip,skip,A,skip,A,A,A,skip,A,skip,A,skip,A,A,A,skip,skip,A,0.05,equalize
1124,random,1,A,skip,skip,A,skip,A,A,skip,skip,skip,A,skip,skip,A,skip,A,skip,skip,A,A,0.25,equalize
1124,equalize,2,skip,A,skip,A,A,A,A,A,A,A,skip,skip,A,skip,skip,A,A,A,skip,skip,0.4,equalize
1125,rotate,1,A,skip,A,skip,A,skip,A,skip,A,skip,A,skip,A,skip,A,skip,A,skip,A,skip,0.5,draw
1125,equalize,2,skip,A,skip,A,skip,A,skip,A,skip,A,skip,A,skip,A,skip,A,skip,A,skip,A,0.5,draw
1126,equalize,1,A,skip,A,skip,A,skip,A,skip,A,skip,A,skip,A,skip,A,skip,A,skip,A,skip,0.5,draw
1126,rotate,2,skip,A,skip,A,skip,A,skip,A,skip,A,skip,A,skip,A,skip,A,skip,A,skip,A,0.5,draw
1127,equalize,1,A,A,A,A,A,A,A,A,A,A,A,A,A,A,A,A,A,A,A,A,0.0,draw
1127,random3,2,A,A,A,A,A,A,A,A,A,A,A,A,A,A,A,A,A,A,A,A,0.0,draw
1128,random3,1,A,A,A,A,A,A,A,A,A,A,A,A,A,A,A,A,A,A,A,A,0.05,random3
1128,equalize,2,skip,A,A,A,A,A,A,A,A,A,A,A,A,A,A,A,A,A,A,A,0.0,random3
1129,radicaleq,1,A,skip,A,skip,A,skip,A,skip,A,skip,A,skip,A,skip,A,skip,A,skip,A,skip,0.5,draw
1129,equalize,2,skip,A,skip,A,skip,A,skip,A,skip,A,skip,A,skip,A,skip,A,skip,A,skip,A,0.5,draw
1130,equalize,1,A,skip,A,skip,A,skip,A,skip,A,skip,A,skip,A,skip,A,skip,A,skip,A,skip,0.5,draw
1130,radicaleq,2,skip,A,skip,A,skip,A,skip,A,skip,A,skip,A,skip,A,skip,A,skip,A,skip,A,0.5,draw
1131,equalize,1,A,skip,A,skip,A,A,skip,A,A,skip,A,A,skip,A,A,skip,A,A,skip,A,0.65,equalize
1131,rotate0,2,skip,skip,skip,skip,skip,skip,skip,skip,skip,skip,skip,skip,skip,skip,skip,skip,skip,skip,skip,skip,0.0,equalize
1132,rotate0,1,A,A,A,A,A,A,A,A,A,A,A,A,A,A,A,A,A,A,A,A,0.05,rotate0
1132,equalize,2,skip,A,A,A,A,A,A,A,A,A,A,A,A,A,A,A,A,A,A,A,0.0,rotate0
1133,caste,1,A,A,A,A,A,A,A,A,A,A,A,A,A,A,A,A,A,A,A,A,0.05,caste
1133,equalize,2,skip,A,A,A,A,A,A,A,A,A,A,A,A,A,A,A,A,A,A,A,0.0,caste
1134,equalize,1,A,skip,A,A,A,A,A,A,A,A,A,A,A,A,A,A,A,A,A,A,0.05,equalize
1134,caste,2,skip,skip,A,A,A,A,A,A,A,A,A,A,A,A,A,A,A,A,A,A,0.0,equalize
1135,equalize,1,A,skip,A,skip,A,skip,A,skip,A,skip,A,skip,A,skip,A,skip,A,skip,A,skip,0.5,draw
1135,equalize,2,skip,A,skip,A,skip,A,skip,A,skip,A,skip,A,skip,A,skip,A,skip,A,skip,A,0.5,draw
1136,equalize,1,A,skip,A,skip,A,skip,A,skip,A,skip,A,skip,A,skip,A,skip,A,skip,A,skip,0.5,draw
1136,equalize,2,skip,A,skip,A,skip,A,skip,A,skip,A,skip,A,skip,A,skip,A,skip,A,skip,A,0.5,draw
1137,random,1,A,A,A,A,A,skip,A,skip,skip,A,A,A,skip,skip,skip,skip,A,skip,skip,A,0.2,turntaking
1137,turntaking,2,A,A,A,A,A,A,A,A,A,skip,skip,skip,A,skip,A,skip,A,A,A,skip,0.35,turntaking
1138,turntaking,1,skip,A,A,skip,A,A,A,A,A,A,A,A,A,A,A,A,A,A,skip,skip,0.25,turntaking
1138,random,2,A,A,skip,A,A,A,A,A,A,A,A,skip,A,skip,A,A,skip,skip,A,skip,0.15,turntaking
1139,turntaking,1,skip,A,A,skip,A,skip,A,skip,A,skip,A,skip,A,skip,A,skip,A,skip,A,skip,0.45,draw
1139,rotate,2,skip,A,skip,A,skip,A,skip,A,skip,A,skip,A,skip,A,skip,A,skip,A,skip,A,0.45,draw
1140,rotate,1,A,skip,A,skip,A,skip,A,skip,A,skip,A,skip,A,skip,A,skip,A,skip,A,skip,0.45,turntaking
1140,turntaking,2,A,A,skip,A,skip,A,skip,A,skip,A,skip,A,skip,A,skip,A,skip,A,skip,A,0.5,turntaking
1141,random3,1,A,A,A,A,A,A,A,A,A,A,A,A,A,A,A,A,A,A,A,A,0.0,draw
1141,turntaking,2,A,A,A,A,A,A,A,A,A,A,A,A,A,A,A,A,A,A,A,A,0.0,draw
1142,turntaking,1,skip,A,A,A,A,A,A,A,A,A,A,A,A,A,A,A,A,A,A,A,0.0,random3
1142,random3,2,A,A,A,A,A,A,A,A,A,A,A,A,A,A,A,A,A,A,A,A,0.05,random3
1143,turntaking,1,skip,A,skip,A,skip,A,skip,A,skip,A,skip,A,skip,A,skip,A,skip,A,skip,A,0.5,turntaking
1143,radicaleq,2,skip,skip,A,skip,A,skip,A,skip,A,skip,A,skip,A,skip,A,skip,A,skip,A,skip,0.45,turntaking
1144,radicaleq,1,A,A,A,A,A,A,A,A,A,A,A,A,A,A,A,A,A,A,A,A,0.0,draw
1144,turntaking,2,A,A,A,A,A,A,A,A,A,A,A,A,A,A,A,A,A,A,A,A,0.0,draw
1145,rotate0,1,A,A,A,A,A,A,A,A,A,A,A,A,A,A,A,A,A,A,A,A,0.0,draw
1145,turntaking,2,A,A,A,A,A,A,A,A,A,A,A,A,A,A,A,A,A,A,A,A,0.0,draw
1146,turntaking,1,skip,A,skip,A,skip,A,skip,A,skip,A,skip,A,skip,A,skip,A,skip,A,skip,A,0.5,turntaking
1146,rotate0,2,skip,skip,skip,skip,skip,skip,skip,skip,skip,skip,skip,skip,skip,skip,skip,skip,skip,skip,skip,skip,0.0,turntaking
1147,turntaking,1,skip,A,A,A,A,A,A,A,A,A,A,A,A,A,A,A,A,A,A,A,0.0,draw
1147,caste,2,skip,A,A,A,A,A,A,A,A,A,A,A,A,A,A,A,A,A,A,A,0.0,draw
1148,caste,1,A,A,A,A,A,A,A,A,A,A,A,A,A,A,A,A,A,A,A,A,0.0,draw
1148,turntaking,2,A,A,A,A,A,A,A,A,A,A,A,A,A,A,A,A,A,A,A,A,0.0,draw
1149,equalize,1,A,A,A,A,A,A,A,A,A,A,A,A,A,A,A,A,A,A,A,A,0.0,draw
1149,turntaking,2,A,A,A,A,A,A,A,A,A,A,A,A,A,A,A,A,A,A,A,A,0.0,draw
1150,turntaking,1,skip,A,A,A,A,A,A,A,A,A,A,A,A,A,A,A,A,A,A,A,0.0,draw
1150,equalize,2,skip,A,A,A,A,A,A,A,A,A,A,A,A,A,A,A,A,A,A,A,0.0,draw
1151,turntaking,1,skip,A,skip,A,skip,A,skip,A,skip,A,skip,A,skip,A,skip,A,skip,A,skip,A,0.5,draw
1151,turntaking,2,A,skip,A,skip,A,skip,A,skip,A,skip,A,skip,A,skip,A,skip,A,skip,A,skip,0.5,draw
1152,turntaking,1,skip,A,skip,A,skip,A,skip,A,skip,A,skip,A,skip,A,skip,A,skip,A,skip,A,0.5,draw
1152,turntaking,2,A,skip,A,skip,A,skip,A,skip,A,skip,A,skip,A,skip,A,skip,A,skip,A,skip,0.5,draw
1153,random,1,A,A,skip,A,skip,A,skip,skip,skip,A,A,A,A,skip,A,skip,A,A,A,A,0.35,draw
1153,random,2,A,A,skip,A,A,skip,A,A,A,skip,skip,A,skip,A,skip,skip,skip,skip,A,A,0.25,draw
1154,random,1,skip,skip,skip,A,skip,A,A,skip,A,A,A,A,A,skip,A,A,A,skip,A,skip,0.25,draw
1154,random,2,A,A,skip,A,A,A,A,skip,skip,A,A,A,skip,A,skip,skip,A,skip,skip,A,0.25,draw
1155,random,1,A,skip,A,A,skip,A,skip,A,skip,A,A,skip,A,skip,skip,skip,A,A,skip,skip,0.25,draw
1155,rotate,2,skip,A,skip,A,skip,A,skip,A,skip,A,skip,A,skip,A,skip,A,skip,A,skip,A,0.25,draw
1156,rotate,1,A,skip,A,skip,A,skip,A,skip,A,skip,A,skip,A,skip,A,skip,A,skip,A,skip,0.2,draw
1156,random,2,skip,skip,A,skip,A,A,skip,A,A,skip,A,skip,A,skip,A,skip,skip,A,skip,A,0.2,draw
1157,rotate,1,A,skip,A,skip,A,skip,A,skip,A,skip,A,skip,A,skip,A,skip,A,skip,A,skip,0.5,draw
1157,rotate,2,skip,A,skip,A,skip,A,skip,A,skip,A,skip,A,skip,A,skip,A,skip,A,skip,A,0.5,draw
1158,rotate,1,A,skip,A,skip,A,skip,A,skip,A,skip,A,skip,A,skip,A,skip,A,skip,A,skip,0.5,draw
1158,rotate,2,skip,A,skip,A,skip,A,skip,A,skip,A,skip,A,skip,A,skip,A,skip,A,skip,A,0.5,draw
1159,random3,1,A,A,A,A,A,A,A,A,A,A,A,A,A,A,A,A,A,A,A,A,0.6,random3
1159,random,2,skip,A,skip,skip,A,A,skip,A,A,skip,skip,A,skip,A,skip,A,skip,skip,skip,skip,0.0,random3
1160,random,1,skip,A,A,skip,skip,A,skip,skip,skip,skip,A,skip,A,skip,skip,skip,skip,A,A,A,0.0,random3
1160,random3,2,A,A,A,A,A,A,A,A,A,A,A,A,A,A,A,A,A,A,A,A,0.6,random3
1161,rotate,1,A,skip,A,skip,A,skip,A,skip,A,skip,A,skip,A,skip,A,skip,A,skip,A,skip,0.0,random3
1161,random3,2,A,A,A,A,A,A,A,A,A,A,A,A,A,A,A,A,A,A,A,A,0.5,random3
1162,random3,1,A,A,A,A,A,A,A,A,A,A,A,A,A,A,A,A,A,A,A,A,0.5,random3
1162,rotate,2,skip,A,skip,A,skip,A,skip,A,skip,A,skip,A,skip,A,skip,A,skip,A,skip,A,0.0,random3
1163,random3,1,A,A,A,A,A,A,A,A,A,A,A,A,A,A,A,A,A,A,A,A,0.0,draw
1163,random3,2,A,A,A,A,A,A,A,A,A,A,A,A,A,A,A,A,A,A,A,A,0.0,draw
1164,random3,1,A,A,A,A,A,A,A,A,A,A,A,A,A,A,A,A,A,A,A,A,0.0,draw
1164,random3,2,A,A,A,A,A,A,A,A,A,A,A,A,A,A,A,A,A,A,A,A,0.0,draw
1165,random,1,skip,skip,A,skip,skip,skip,A,skip,skip,skip,A,A,skip,A,A,A,A,A,skip,A,0.25,random
1165,radicaleq,2,skip,skip,skip,A,skip,skip,skip,A,skip,skip,skip,A,A,skip,A,A,A,A,A,skip,0.2,random
1166,radicaleq,1,A,skip,A,skip,skip,A,skip,skip,A,skip,A,skip,skip,skip,skip,skip,skip,A,skip,skip,0.3,radicaleq
1166,random,2,skip,A,skip,skip,A,skip,skip,A,skip,A,skip,skip,skip,skip,skip,skip,A,skip,skip,skip,0.25,radicaleq
1167,radicaleq,1,A,skip,A,skip,A,skip,A,skip,A,skip,A,skip,A,skip,A,skip,A,skip,A,skip,0.5,draw
1167,rotate,2,skip,A,skip,A,skip,A,skip,A,skip,A,skip,A,skip,A,skip,A,skip,A,skip,A,0.5,draw
1168,rotate,1,A,skip,A,skip,A,skip,A,skip,A,skip,A,skip,A,skip,A,skip,A,skip,A,skip,0.5,draw
1168,radicaleq,2,skip,A,skip,A,skip,A,skip,A,skip,A,skip,A,skip,A,skip,A,skip,A,skip,A,0.5,draw
1169,random3,1,A,A,A,A,A,A,A,A,A,A,A,A,A,A,A,A,A,A,A,A,0.05,random3
1169,radicaleq,2,skip,A,A,A,A,A,A,A,A,A,A,A,A,A,A,A,A,A,A,A,0.0,random3
1170,radicaleq,1,A,A,A,A,A,A,A,A,A,A,A,A,A,A,A,A,A,A,A,A,0.0,draw
1170,random3,2,A,A,A,A,A,A,A,A,A,A,A,A,A,A,A,A,A,A,A,A,0.0,draw
1171,radicaleq,1,A,skip,A,skip,A,skip,A,skip,A,skip,A,skip,A,skip,A,skip,A,skip,A,skip,0.5,draw
1171,radicaleq,2,skip,A,skip,A,skip,A,skip,A,skip,A,skip,A,skip,A,skip,A,skip,A,skip,A,0.5,draw
1172,radicaleq,1,A,skip,A,skip,A,skip,A,skip,A,skip,A,skip,A,skip,A,skip,A,skip,A,skip,0.5,draw
1172,radicaleq,2,skip,A,skip,A,skip,A,skip,A,skip,A,skip,A,skip,A,skip,A,skip,A,skip,A,0.5,draw
1173,rotate0,1,A,A,A,A,A,A,A,A,A,A,A,A,A,A,A,A,A,A,A,A,0.45,rotate0
1173,random,2,A,skip,A,A,A,A,A,skip,skip,skip,A,A,skip,skip,A,skip,A,skip,skip,A,0.0,rotate0
1174,random,1,skip,skip,A,A,skip,skip,A,A,A,A,A,skip,skip,skip,skip,A,A,skip,skip,skip,0.45,random
1174,rotate0,2,skip,skip,skip,skip,skip,skip,skip,skip,skip,skip,skip,skip,skip,skip,skip,skip,skip,skip,skip,skip,0.0,random
1175,rotate0,1,A,A,A,A,A,A,A,A,A,A,A,A,A,A,A,A,A,A,A,A,0.5,rotate0
1175,rotate,2,skip,A,skip,A,skip,A,skip,A,skip,A,skip,A,skip,A,skip,A,skip,A,skip,A,0.0,rotate0
1176,rotate,1,A,skip,A,skip,A,skip,A,skip,A,skip,A,skip,A,skip,A,skip,A,skip,A,skip,0.5,rotate
1176,rotate0,2,skip,skip,skip,skip,skip,skip,skip,skip,skip,skip,skip,skip,skip,skip,skip,skip,skip,skip,skip,skip,0.0,rotate
1177,rotate0,1,A,A,A,A,A,A,A,A,A,A,A,A,A,A,A,A,A,A,A,A,0.0,draw
1177,random3,2,A,A,A,A,A,A,A,A,A,A,A,A,A,A,A,A,A,A,A,A,0.0,draw
1178,random3,1,A,A,A,A,A,A,A,A,A,A,A,A,A,A,A,A,A,A,A,A,1.0,random3
1178,rotate0,2,skip,skip,skip,skip,skip,skip,skip,skip,skip,skip,skip,skip,skip,skip,skip,skip,skip,skip,skip,skip,0.0,random3
1179,rotate0,1,A,A,A,A,A,A,A,A,A,A,A,A,A,A,A,A,A,A,A,A,0.05,rotate0
1179,radicaleq,2,skip,A,A,A,A,A,A,A,A,A,A,A,A,A,A,A,A,A,A,A,0.0,rotate0
1180,radicaleq,1,A,skip,skip,skip,skip,skip,skip,skip,skip,skip,skip,skip,skip,skip,skip,skip,skip,skip,skip,skip,0.05,radicaleq
1180,rotate0,2,skip,skip,skip,skip,skip,skip,skip,skip,skip,skip,skip,skip,skip,skip,skip,skip,skip,skip,skip,skip,0.0,radicaleq
1181,rotate0,1,A,A,A,A,A,A,A,A,A,A,A,A,A,A,A,A,A,A,A,A,1.0,draw
1181,rotate0,2,skip,skip,skip,skip,skip,skip,skip,skip,skip,skip,skip,skip,skip,skip,skip,skip,skip,skip,skip,skip,0.0,draw
1182,rotate0,1,A,A,A,A,A,A,A,A,A,A,A,A,A,A,A,A,A,A,A,A,1.0,draw
1182,rotate0,2,skip,skip,skip,skip,skip,skip,skip,skip,skip,skip,skip,skip,skip,skip,skip,skip,skip,skip,skip,skip,0.0,draw
1183,caste,1,A,A,A,A,A,A,A,A,A,A,A,A,A,A,A,A,A,A,A,A,0.65,caste
1183,random,2,skip,A,skip,A,A,A,skip,skip,skip,skip,skip,skip,skip,A,skip,A,A,skip,skip,skip,0.0,caste
1184,random,1,skip,skip,A,skip,skip,A,skip,A,skip,skip,skip,A,A,skip,A,skip,skip,skip,A,A,0.0,caste
1184,caste,2,skip,A,A,A,A,A,A,A,A,A,A,A,A,A,A,A,A,A,A,A,0.55,caste
1185,rotate,1,A,skip,A,skip,A,skip,A,skip,A,skip,A,skip,A,skip,A,skip,A,skip,A,skip,0.05,caste
1185,caste,2,skip,skip,A,A,A,A,A,A,A,A,A,A,A,A,A,A,A,A,A,A,0.45,caste
1186,caste,1,A,A,A,A,A,A,A,A,A,A,A,A,A,A,A,A,A,A,A,A,0.5,caste
1186,rotate,2,skip,A,skip,A,skip,A,skip,A,skip,A,skip,A,skip,A,skip,A,skip,A,skip,A,0.0,caste
1187,caste,1,A,A,A,A,A,A,A,A,A,A,A,A,A,A,A,A,A,A,A,A,0.0,draw
1187,random3,2,A,A,A,A,A,A,A,A,A,A,A,A,A,A,A,A,A,A,A,A,0.0,draw
1188,random3,1,A,A,A,A,A,A,A,A,A,A,A,A,A,A,A,A,A,A,A,A,1.0,random3
1188,caste,2,skip,skip,skip,skip,skip,skip,skip,skip,skip,skip,skip,skip,skip,skip,skip,skip,skip,skip,skip,skip,0.0,random3
1189,radicaleq,1,A,skip,skip,A,A,A,A,A,A,A,A,A,A,A,A,A,A,A,A,A,0.05,draw
1189,caste,2,skip,skip,A,A,A,A,A,A,A,A,A,A,A,A,A,A,A,A,A,A,0.05,draw
1190,caste,1,A,A,A,A,A,A,A,A,A,A,A,A,A,A,A,A,A,A,A,A,0.05,caste
1190,radicaleq,2,skip,A,A,A,A,A,A,A,A,A,A,A,A,A,A,A,A,A,A,A,0.0,caste
1191,caste,1,A,A,A,A,A,A,A,A,A,A,A,A,A,A,A,A,A,A,A,A,1.0,caste
1191,rotate0,2,skip,skip,skip,skip,skip,skip,skip,skip,skip,skip,skip,skip,skip,skip,skip,skip,skip,skip,skip,skip,0.0,caste
1192,rotate0,1,A,A,A,A,A,A,A,A,A,A,A,A,A,A,A,A,A,A,A,A,1.0,rotate0
1192,caste,2,skip,skip,skip,skip,skip,skip,skip,skip,skip,skip,skip,skip,skip,skip,skip,skip,skip,skip,skip,skip,0.0,rotate0
1193,caste,1,A,A,A,A,A,A,A,A,A,A,A,A,A,A,A,A,A,A,A,A,1.0,draw
1193,caste,2,skip,skip,skip,skip,skip,skip,skip,skip,skip,skip,skip,skip,skip,skip,skip,skip,skip,skip,skip,skip,0.0,draw
1194,caste,1,A,A,A,A,A,A,A,A,A,A,A,A,A,A,A,A,A,A,A,A,1.0,draw
1194,caste,2,skip,skip,skip,skip,skip,skip,skip,skip,skip,skip,skip,skip,skip,skip,skip,skip,skip,skip,skip,skip,0.0,draw
1195,equalize,1,A,skip,A,skip,A,A,A,A,A,A,A,skip,skip,skip,skip,skip,A,A,A,A,0.35,equalize
1195,random,2,skip,A,skip,skip,A,skip,A,skip,A,skip,skip,A,A,A,A,skip,A,A,skip,A,0.25,equalize
1196,random,1,skip,skip,skip,skip,skip,skip,skip,A,A,skip,A,skip,A,skip,skip,A,A,skip,skip,skip,0.1,equalize
1196,equalize,2,skip,A,skip,A,A,skip,A,A,A,A,A,A,A,A,A,skip,skip,skip,A,skip,0.45,equalize
1197,rotate,1,A,skip,A,skip,A,skip,A,skip,A,skip,A,skip,A,skip,A,skip,A,skip,A,skip,0.5,draw
1197,equalize,2,skip,A,skip,A,skip,A,skip,A,skip,A,skip,A,skip,A,skip,A,skip,A,skip,A,0.5,draw
1198,equalize,1,A,skip,A,skip,A,skip,A,skip,A,skip,A,skip,A,skip,A,skip,A,skip,A,skip,0.5,draw
1198,rotate,2,skip,A,skip,A,skip,A,skip,A,skip,A,skip,A,skip,A,skip,A,skip,A,skip,A,0.5,draw
1199,equalize,1,A,A,A,A,A,A,A,A,A,A,A,A,A,A,A,A,A,A,A,A,0.0,draw
1199,random3,2,A,A,A,A,A,A,A,A,A,A,A,A,A,A,A,A,A,A,A,A,0.0,draw
1200,random3,1,A,A,A,A,A,A,A,A,A,A,A,A,A,A,A,A,A,A,A,A,0.05,random3
1200,equalize,2,skip,A,A,A,A,A,A,A,A,A,A,A,A,A,A,A,A,A,A,A,0.0,random3
1201,radicaleq,1,A,skip,A,skip,A,skip,A,skip,A,skip,A,skip,A,skip,A,skip,A,skip,A,skip,0.5,draw
1201,equalize,2,skip,A,skip,A,skip,A,skip,A,skip,A,skip,A,skip,A,skip,A,skip,A,skip,A,0.5,draw
1202,equalize,1,A,skip,A,skip,A,skip,A,skip,A,skip,A,skip,A,skip,A,skip,A,skip,A,skip,0.5,draw
1202,radicaleq,2,skip,A,skip,A,skip,A,skip,A,skip,A,skip,A,skip,A,skip,A,skip,A,skip,A,0.5,draw
1203,equalize,1,A,skip,A,skip,A,A,skip,A,A,skip,A,A,skip,A,A,skip,A,A,skip,A,0.65,equalize
1203,rotate0,2,skip,skip,skip,skip,skip,skip,skip,skip,skip,skip,skip,skip,skip,skip,skip,skip,skip,skip,skip,skip,0.0,equalize
1204,rotate0,1,A,A,A,A,A,A,A,A,A,A,A,A,A,A,A,A,A,A,A,A,0.05,rotate0
1204,equalize,2,skip,A,A,A,A,A,A,A,A,A,A,A,A,A,A,A,A,A,A,A,0.0,rotate0
1205,caste,1,A,A,A,A,A,A,A,A,A,A,A,A,A,A,A,A,A,A,A,A,0.05,caste
1205,equalize,2,skip,A,A,A,A,A,A,A,A,A,A,A,A,A,A,A,A,A,A,A,0.0,caste
1206,equalize,1,A,skip,A,A,A,A,A,A,A,A,A,A,A,A,A,A,A,A,A,A,0.05,equalize
1206,caste,2,skip,skip,A,A,A,A,A,A,A,A,A,A,A,A,A,A,A,A,A,A,0.0,equalize
1207,equalize,1,A,skip,A,skip,A,skip,A,skip,A,skip,A,skip,A,skip,A,skip,A,skip,A,skip,0.5,draw
1207,equalize,2,skip,A,skip,A,skip,A,skip,A,skip,A,skip,A,skip,A,skip,A,skip,A,skip,A,0.5,draw
1208,equalize,1,A,skip,A,skip,A,skip,A,skip,A,skip,A,skip,A,skip,A,skip,A,skip,A,skip,0.5,draw
1208,equalize,2,skip,A,skip,A,skip,A,skip,A,skip,A,skip,A,skip,A,skip,A,skip,A,skip,A,0.5,draw
1209,random,1,skip,skip,skip,skip,A,skip,A,A,A,skip,A,A,A,skip,skip,A,A,A,A,A,0.25,turntaking
1209,turntaking,2,A,skip,A,skip,A,A,A,A,A,A,A,A,A,A,A,skip,skip,skip,skip,skip,0.3,turntaking
1210,turntaking,1,skip,A,A,A,skip,A,A,skip,A,skip,A,skip,skip,A,A,skip,A,skip,A,skip,0.35,draw
1210,random,2,A,A,A,skip,A,A,skip,A,skip,skip,skip,A,A,A,skip,A,skip,A,skip,skip,0.35,draw
1211,turntaking,1,skip,A,A,skip,A,skip,A,skip,A,skip,A,skip,A,skip,A,skip,A,skip,A,skip,0.45,draw
1211,rotate,2,skip,A,skip,A,skip,A,skip,A,skip,A,skip,A,skip,A,skip,A,skip,A,skip,A,0.45,draw
1212,rotate,1,A,skip,A,skip,A,skip,A,skip,A,skip,A,skip,A,skip,A,skip,A,skip,A,skip,0.45,turntaking
1212,turntaking,2,A,A,skip,A,skip,A,skip,A,skip,A,skip,A,skip,A,skip,A,skip,A,skip,A,0.5,turntaking
1213,random3,1,A,A,A,A,A,A,A,A,A,A,A,A,A,A,A,A,A,A,A,A,0.0,draw
1213,turntaking,2,A,A,A,A,A,A,A,A,A,A,A,A,A,A,A,A,A,A,A,A,0.0,draw
1214,turntaking,1,skip,A,A,A,A,A,A,A,A,A,A,A,A,A,A,A,A,A,A,A,0.0,random3
1214,random3,2,A,A,A,A,A,A,A,A,A,A,A,A,A,A,A,A,A,A,A,A,0.05,random3
1215,turntaking,1,skip,A,skip,A,skip,A,skip,A,skip,A,skip,A,skip,A,skip,A,skip,A,skip,A,0.5,turntaking
1215,radicaleq,2,skip,skip,A,skip,A,skip,A,skip,A,skip,A,skip,A,skip,A,skip,A,skip,A,skip,0.45,turntaking
1216,radicaleq,1,A,A,A,A,A,A,A,A,A,A,A,A,A,A,A,A,A,A,A,A,0.0,draw
1216,turntaking,2,A,A,A,A,A,A,A,A,A,A,A,A,A,A,A,A,A,A,A,A,0.0,draw
1217,rotate0,1,A,A,A,A,A,A,A,A,A,A,A,A,A,A,A,A,A,A,A,A,0.0,draw
1217,turntaking,2,A,A,A,A,A,A,A,A,A,A,A,A,A,A,A,A,A,A,A,A,0.0,draw
1218,turntaking,1,skip,A,skip,A,skip,A,skip,A,skip,A,skip,A,skip,A,skip,A,skip,A,skip,A,0.5,turntaking
1218,rotate0,2,skip,skip,skip,skip,skip,skip,skip,skip,skip,skip,skip,skip,skip,skip,skip,skip,skip,skip,skip,skip,0.0,turntaking
1219,turntaking,1,skip,A,A,A,A,A,A,A,A,A,A,A,A,A,A,A,A,A,A,A,0.0,draw
1219,caste,2,skip,A,A,A,A,A,A,A,A,A,A,A,A,A,A,A,A,A,A,A,0.0,draw
1220,caste,1,A,A,A,A,A,A,A,A,A,A,A,A,A,A,A,A,A,A,A,A,0.0,draw
1220,turntaking,2,A,A,A,A,A,A,A,A,A,A,A,A,A,A,A,A,A,A,A,A,0.0,draw
1221,equalize,1,A,A,A,A,A,A,A,A,A,A,A,A,A,A,A,A,A,A,A,A,0.0,draw
1221,turntaking,2,A,A,A,A,A,A,A,A,A,A,A,A,A,A,A,A,A,A,A,A,0.0,draw
1222,turntaking,1,skip,A,A,A,A,A,A,A,A,A,A,A,A,A,A,A,A,A,A,A,0.0,draw
1222,equalize,2,skip,A,A,A,A,A,A,A,A,A,A,A,A,A,A,A,A,A,A,A,0.0,draw
1223,turntaking,1,skip,A,skip,A,skip,A,skip,A,skip,A,skip,A,skip,A,skip,A,skip,A,skip,A,0.5,draw
1223,turntaking,2,A,skip,A,skip,A,skip,A,skip,A,skip,A,skip,A,skip,A,skip,A,skip,A,skip,0.5,draw
1224,turntaking,1,skip,A,skip,A,skip,A,skip,A,skip,A,skip,A,skip,A,skip,A,skip,A,skip,A,0.5,draw
1224,turntaking,2,A,skip,A,skip,A,skip,A,skip,A,skip,A,skip,A,skip,A,skip,A,skip,A,skip,0.5,draw
1225,random,1,A,skip,A,A,skip,skip,skip,skip,skip,A,A,A,A,skip,skip,skip,skip,skip,skip,skip,0.25,draw
1225,random,2,skip,A,A,skip,skip,A,skip,A,skip,skip,A,skip,skip,skip,skip,skip,skip,skip,A,skip,0.2,draw
1226,random,1,A,A,skip,A,A,A,skip,A,skip,skip,skip,A,skip,A,A,A,skip,skip,A,A,0.45,draw
1226,random,2,A,skip,skip,skip,skip,skip,skip,skip,A,skip,A,skip,skip,A,skip,A,skip,A,skip,skip,0.15,draw
1227,random,1,A,A,A,skip,skip,A,skip,A,skip,A,skip,A,A,skip,skip,skip,skip,A,A,A,0.2,random
1227,rotate,2,skip,A,skip,A,skip,A,skip,A,skip,A,skip,A,skip,A,skip,A,skip,A,skip,A,0.15,random
1228,rotate,1,A,skip,A,skip,A,skip,A,skip,A,skip,A,skip,A,skip,A,skip,A,skip,A,skip,0.35,rotate
1228,random,2,skip,skip,skip,skip,A,skip,skip,A,skip,skip,skip,skip,A,skip,skip,A,A,A,skip,skip,0.15,rotate
1229,rotate,1,A,skip,A,skip,A,skip,A,skip,A,skip,A,skip,A,skip,A,skip,A,skip,A,skip,0.5,draw
1229,rotate,2,skip,A,skip,A,skip,A,skip,A,skip,A,skip,A,skip,A,skip,A,skip,A,skip,A,0.5,draw
1230,rotate,1,A,skip,A,skip,A,skip,A,skip,A,skip,A,skip,A,skip,A,skip,A,skip,A,skip,0.5,draw
1230,rotate,2,skip,A,skip,A,skip,A,skip,A,skip,A,skip,A,skip,A,skip,A,skip,A,skip,A,0.5,draw
1231,random3,1,A,A,A,A,A,A,A,A,A,A,A,A,A,A,A,A,A,A,A,A,0.5,random3
1231,random,2,A,A,A,skip,A,A,A,skip,A,skip,skip,A,A,A,skip,skip,skip,skip,skip,skip,0.0,random3
1232,random,1,A,A,skip,skip,A,A,skip,skip,A,A,skip,skip,A,skip,A,A,skip,A,skip,A,0.0,random3
1232,random3,2,A,A,A,A,A,A,A,A,A,A,A,A,A,A,A,A,A,A,A,A,0.45,random3
1233,rotate,1,A,skip,A,skip,A,skip,A,skip,A,skip,A,skip,A,skip,A,skip,A,skip,A,skip,0.0,random3
1233,random3,2,A,A,A,A,A,A,A,A,A,A,A,A,A,A,A,A,A,A,A,A,0.5,random3
1234,random3,1,A,A,A,A,A,A,A,A,A,A,A,A,A,A,A,A,A,A,A,A,0.5,random3
1234,rotate,2,skip,A,skip,A,skip,A,skip,A,skip,A,skip,A,skip,A,skip,A,skip,A,skip,A,0.0,random3
1235,random3,1,A,A,A,A,A,A,A,A,A,A,A,A,A,A,A,A,A,A,A,A,0.0,draw
1235,random3,2,A,A,A,A,A,A,A,A,A,A,A,A,A,A,A,A,A,A,A,A,0.0,draw
1236,random3,1,A,A,A,A,A,A,A,A,A,A,A,A,A,A,A,A,A,A,A,A,0.0,draw
1236,random3,2,A,A,A,A,A,A,A,A,A,A,A,A,A,A,A,A,A,A,A,A,0.0,draw
1237,random,1,A,skip,A,skip,skip,skip,A,A,A,skip,A,A,A,A,A,skip,A,skip,A,skip,0.3,draw
1237,radicaleq,2,skip,A,skip,A,skip,skip,skip,A,A,A,skip,A,A,A,A,A,skip,A,skip,A,0.3,draw
1238,radicaleq,1,A,A,A,skip,A,A,A,A,A,A,skip,skip,A,skip,A,skip,skip,skip,A,skip,0.25,draw
1238,random,2,A,A,skip,A,A,A,A,A,A,skip,skip,A,skip,A,skip,skip,skip,A,skip,A,0.25,draw
1239,radicaleq,1,A,skip,A,skip,A,skip,A,skip,A,skip,A,skip,A,skip,A,skip,A,skip,A,skip,0.5,draw
1239,rotate,2,skip,A,skip,A,skip,A,skip,A,skip,A,skip,A,skip,A,skip,A,skip,A,skip,A,0.5,draw
1240,rotate,1,A,skip,A,skip,A,skip,A,skip,A,skip,A,skip,A,skip,A,skip,A,skip,A,skip,0.5,draw
1240,radicaleq,2,skip,A,skip,A,skip,A,skip,A,skip,A,skip,A,skip,A,skip,A,skip,A,skip,A,0.5,draw
1241,random3,1,A,A,A,A,A,A,A,A,A,A,A,A,A,A,A,A,A,A,A,A,0.05,random3
1241,radicaleq,2,skip,A,A,A,A,A,A,A,A,A,A,A,A,A,A,A,A,A,A,A,0.0,random3
1242,radicaleq,1,A,A,A,A,A,A,A,A,A,A,A,A,A,A,A,A,A,A,A,A,0.0,draw
1242,random3,2,A,A,A,A,A,A,A,A,A,A,A,A,A,A,A,A,A,A,A,A,0.0,draw
1243,radicaleq,1,A,skip,A,skip,A,skip,A,skip,A,skip,A,skip,A,skip,A,skip,A,skip,A,skip,0.5,draw
1243,radicaleq,2,skip,A,skip,A,skip,A,skip,A,skip,A,skip,A,skip,A,skip,A,skip,A,skip,A,0.5,draw
1244,radicaleq,1,A,skip,A,skip,A,skip,A,skip,A,skip,A,skip,A,skip,A,skip,A,skip,A,skip,0.5,draw
1244,radicaleq,2,skip,A,skip,A,skip,A,skip,A,skip,A,skip,A,skip,A,skip,A,skip,A,skip,A,0.5,draw
1245,rotate0,1,A,A,A,A,A,A,A,A,A,A,A,A,A,A,A,A,A,A,A,A,0.5,rotate0
1245,random,2,A,A,A,skip,skip,skip,A,skip,skip,A,A,A,A,skip,skip,A,skip,skip,skip,A,0.0,rotate0
1246,random,1,skip,A,A,A,A,skip,skip,A,A,A,A,skip,A,A,A,skip,skip,skip,skip,A,0.6,random
1246,rotate0,2,skip,skip,skip,skip,skip,skip,skip,skip,skip,skip,skip,skip,skip,skip,skip,skip,skip,skip,skip,skip,0.0,random
1247,rotate0,1,A,A,A,A,A,A,A,A,A,A,A,A,A,A,A,A,A,A,A,A,0.5,rotate0
1247,rotate,2,skip,A,skip,A,skip,A,skip,A,skip,A,skip,A,skip,A,skip,A,skip,A,skip,A,0.0,rotate0
1248,rotate,1,A,skip,A,skip,A,skip,A,skip,A,skip,A,skip,A,skip,A,skip,A,skip,A,skip,0.5,rotate
1248,rotate0,2,skip,skip,skip,skip,skip,skip,skip,skip,skip,skip,skip,skip,skip,skip,skip,skip,skip,skip,skip,skip,0.0,rotate
1249,rotate0,1,A,A,A,A,A,A,A,A,A,A,A,A,A,A,A,A,A,A,A,A,0.0,draw
1249,random3,2,A,A,A,A,A,A,A,A,A,A,A,A,A,A,A,A,A,A,A,A,0.0,draw
1250,random3,1,A,A,A,A,A,A,A,A,A,A,A,A,A,A,A,A,A,A,A,A,1.0,random3
1250,rotate0,2,skip,skip,skip,skip,skip,skip,skip,skip,skip,skip,skip,skip,skip,skip,skip,skip,skip,skip,skip,skip,0.0,random3
1251,rotate0,1,A,A,A,A,A,A,A,A,A,A,A,A,A,A,A,A,A,A,A,A,0.05,rotate0
1251,radicaleq,2,skip,A,A,A,A,A,A,A,A,A,A,A,A,A,A,A,A,A,A,A,0.0,rotate0
1252,radicaleq,1,A,skip,skip,skip,skip,skip,skip,skip,skip,skip,skip,skip,skip,skip,skip,skip,skip,skip,skip,skip,0.05,radicaleq
1252,rotate0,2,skip,skip,skip,skip,skip,skip,skip,skip,skip,skip,skip,skip,skip,skip,skip,skip,skip,skip,skip,skip,0.0,radicaleq
1253,rotate0,1,A,A,A,A,A,A,A,A,A,A,A,A,A,A,A,A,A,A,A,A,1.0,draw
1253,rotate0,2,skip,skip,skip,skip,skip,skip,skip,skip,skip,skip,skip,skip,skip,skip,skip,skip,skip,skip,skip,skip,0.0,draw
1254,rotate0,1,A,A,A,A,A,A,A,A,A,A,A,A,A,A,A,A,A,A,A,A,1.0,draw
1254,rotate0,2,skip,skip,skip,skip,skip,skip,skip,skip,skip,skip,skip,skip,skip,skip,skip,skip,skip,skip,skip,skip,0.0,draw
1255,caste,1,A,A,A,A,A,A,A,A,A,A,A,A,A,A,A,A,A,A,A,A,0.4,caste
1255,random,2,skip,A,A,A,skip,A,A,skip,A,A,A,A,skip,skip,A,A,skip,A,skip,skip,0.0,caste
1256,random,1,skip,A,A,skip,skip,skip,skip,A,skip,A,A,skip,skip,A,A,A,skip,A,A,skip,0.0,caste
1256,caste,2,skip,A,A,A,A,A,A,A,A,A,A,A,A,A,A,A,A,A,A,A,0.45,caste
1257,rotate,1,A,skip,A,skip,A,skip,A,skip,A,skip,A,skip,A,skip,A,skip,A,skip,A,skip,0.05,caste
1257,caste,2,skip,skip,A,A,A,A,A,A,A,A,A,A,A,A,A,A,A,A,A,A,0.45,caste
1258,caste,1,A,A,A,A,A,A,A,A,A,A,A,A,A,A,A,A,A,A,A,A,0.5,caste
1258,rotate,2,skip,A,skip,A,skip,A,skip,A,skip,A,skip,A,skip,A,skip,A,skip,A,skip,A,0.0,caste
1259,caste,1,A,A,A,A,A,A,A,A,A,A,A,A,A,A,A,A,A,A,A,A,0.0,draw
1259,random3,2,A,A,A,A,A,A,A,A,A,A,A,A,A,A,A,A,A,A,A,A,0.0,draw
1260,random3,1,A,A,A,A,A,A,A,A,A,A,A,A,A,A,A,A,A,A,A,A,1.0,random3
1260,caste,2,skip,skip,skip,skip,skip,skip,skip,skip,skip,skip,skip,skip,skip,skip,skip,skip,skip,skip,skip,skip,0.0,random3
1261,radicaleq,1,A,skip,skip,A,A,A,A,A,A,A,A,A,A,A,A,A,A,A,A,A,0.05,draw
1261,caste,2,skip,skip,A,A,A,A,A,A,A,A,A,A,A,A,A,A,A,A,A,A,0.05,draw
1262,caste,1,A,A,A,A,A,A,A,A,A,A,A,A,A,A,A,A,A,A,A,A,0.05,caste
1262,radicaleq,2,skip,A,A,A,A,A,A,A,A,A,A,A,A,A,A,A,A,A,A,A,0.0,caste
1263,caste,1,A,A,A,A,A,A,A,A,A,A,A,A,A,A,A,A,A,A,A,A,1.0,caste
1263,rotate0,2,skip,skip,skip,skip,skip,skip,skip,skip,skip,skip,skip,skip,skip,skip,skip,skip,skip,skip,skip,skip,0.0,caste
1264,rotate0,1,A,A,A,A,A,A,A,A,A,A,A,A,A,A,A,A,A,A,A,A,1.0,rotate0
1264,caste,2,skip,skip,skip,skip,skip,skip,skip,skip,skip,skip,skip,skip,skip,skip,skip,skip,skip,skip,skip,skip,0.0,rotate0
1265,caste,1,A,A,A,A,A,A,A,A,A,A,A,A,A,A,A,A,A,A,A,A,1.0,draw
1265,caste,2,skip,skip,skip,skip,skip,skip,skip,skip,skip,skip,skip,skip,skip,skip,skip,skip,skip,skip,skip,skip,0.0,draw
1266,caste,1,A,A,A,A,A,A,A,A,A,A,A,A,A,A,A,A,A,A,A,A,1.0,draw
1266,caste,2,skip,skip,skip,skip,skip,skip,skip,skip,skip,skip,skip,skip,skip,skip,skip,skip,skip,skip,skip,skip,0.0,draw
1267,equalize,1,A,skip,A,A,skip,A,A,A,A,A,A,A,A,A,A,A,A,A,A,A,0.3,equalize
1267,random,2,skip,A,A,skip,skip,skip,A,A,A,A,A,A,A,A,skip,A,A,A,skip,skip,0.05,equalize
1268,random,1,A,skip,skip,A,A,skip,skip,A,A,skip,A,A,skip,A,A,A,skip,A,A,A,0.05,equalize
1268,equalize,2,skip,A,skip,A,A,A,A,A,A,A,A,A,A,A,A,A,A,A,A,A,0.3,equalize
1269,rotate,1,A,skip,A,skip,A,skip,A,skip,A,skip,A,skip,A,skip,A,skip,A,skip,A,skip,0.5,draw
1269,equalize,2,skip,A,skip,A,skip,A,skip,A,skip,A,skip,A,skip,A,skip,A,skip,A,skip,A,0.5,draw
1270,equalize,1,A,skip,A,skip,A,skip,A,skip,A,skip,A,skip,A,skip,A,skip,A,skip,A,skip,0.5,draw
1270,rotate,2,skip,A,skip,A,skip,A,skip,A,skip,A,skip,A,skip,A,skip,A,skip,A,skip,A,0.5,draw
1271,equalize,1,A,A,A,A,A,A,A,A,A,A,A,A,A,A,A,A,A,A,A,A,0.0,draw
1271,random3,2,A,A,A,A,A,A,A,A,A,A,A,A,A,A,A,A,A,A,A,A,0.0,draw
1272,random3,1,A,A,A,A,A,A,A,A,A,A,A,A,A,A,A,A,A,A,A,A,0.05,random3
1272,equalize,2,skip,A,A,A,A,A,A,A,A,A,A,A,A,A,A,A,A,A,A,A,0.0,random3
1273,radicaleq,1,A,skip,A,skip,A,skip,A,skip,A,skip,A,skip,A,skip,A,skip,A,skip,A,skip,0.5,draw
1273,equalize,2,skip,A,skip,A,skip,A,skip,A,skip,A,skip,A,skip,A,skip,A,skip,A,skip,A,0.5,draw
1274,equalize,1,A,skip,A,skip,A,skip,A,skip,A,skip,A,skip,A,skip,A,skip,A,skip,A,skip,0.5,draw
1274,radicaleq,2,skip,A,skip,A,skip,A,skip,A,skip,A,skip,A,skip,A,skip,A,skip,A,skip,A,0.5,draw
1275,equalize,1,A,skip,A,skip,A,A,skip,A,A,skip,A,A,skip,A,A,skip,A,A,skip,A,0.65,equalize
1275,rotate0,2,skip,skip,skip,skip,skip,skip,skip,skip,skip,skip,skip,skip,skip,skip,skip,skip,skip,skip,skip,skip,0.0,equalize
1276,rotate0,1,A,A,A,A,A,A,A,A,A,A,A,A,A,A,A,A,A,A,A,A,0.05,rotate0
1276,equalize,2,skip,A,A,A,A,A,A,A,A,A,A,A,A,A,A,A,A,A,A,A,0.0,rotate0
1277,caste,1,A,A,A,A,A,A,A,A,A,A,A,A,A,A,A,A,A,A,A,A,0.05,caste
1277,equalize,2,skip,A,A,A,A,A,A,A,A,A,A,A,A,A,A,A,A,A,A,A,0.0,caste
1278,equalize,1,A,skip,A,A,A,A,A,A,A,A,A,A,A,A,A,A,A,A,A,A,0.05,equalize
1278,caste,2,skip,skip,A,A,A,A,A,A,A,A,A,A,A,A,A,A,A,A,A,A,0.0,equalize
1279,equalize,1,A,skip,A,skip,A,skip,A,skip,A,skip,A,skip,A,skip,A,skip,A,skip,A,skip,0.5,draw
1279,equalize,2,skip,A,skip,A,skip,A,skip,A,skip,A,skip,A,skip,A,skip,A,skip,A,skip,A,0.5,draw
1280,equalize,1,A,skip,A,skip,A,skip,A,skip,A,skip,A,skip,A,skip,A,skip,A,skip,A,skip,0.5,draw
1280,equalize,2,skip,A,skip,A,skip,A,skip,A,skip,A,skip,A,skip,A,skip,A,skip,A,skip,A,0.5,draw
1281,random,1,A,A,skip,A,skip,skip,A,skip,skip,skip,A,skip,skip,A,A,skip,skip,A,skip,skip,0.2,turntaking
1281,turntaking,2,A,A,A,skip,A,skip,A,A,A,skip,A,A,A,skip,skip,skip,A,skip,skip,A,0.4,turntaking
1282,turntaking,1,skip,A,A,A,A,A,A,A,A,A,A,A,skip,A,A,A,A,A,A,A,0.35,turntaking
1282,random,2,skip,A,A,A,A,skip,A,skip,A,A,skip,skip,skip,A,skip,A,A,A,skip,skip,0.0,turntaking
1283,turntaking,1,skip,A,A,skip,A,skip,A,skip,A,skip,A,skip,A,skip,A,skip,A,skip,A,skip,0.45,draw
1283,rotate,2,skip,A,skip,A,skip,A,skip,A,skip,A,skip,A,skip,A,skip,A,skip,A,skip,A,0.45,draw
1284,rotate,1,A,skip,A,skip,A,skip,A,skip,A,skip,A,skip,A,skip,A,skip,A,skip,A,skip,0.45,turntaking
1284,turntaking,2,A,A,skip,A,skip,A,skip,A,skip,A,skip,A,skip,A,skip,A,skip,A,skip,A,0.5,turntaking
1285,random3,1,A,A,A,A,A,A,A,A,A,A,A,A,A,A,A,A,A,A,A,A,0.0,draw
1285,turntaking,2,A,A,A,A,A,A,A,A,A,A,A,A,A,A,A,A,A,A,A,A,0.0,draw
1286,turntaking,1,skip,A,A,A,A,A,A,A,A,A,A,A,A,A,A,A,A,A,A,A,0.0,random3
1286,random3,2,A,A,A,A,A,A,A,A,A,A,A,A,A,A,A,A,A,A,A,A,0.05,random3
1287,turntaking,1,skip,A,skip,A,skip,A,skip,A,skip,A,skip,A,skip,A,skip,A,skip,A,skip,A,0.5,turntaking
1287,radicaleq,2,skip,skip,A,skip,A,skip,A,skip,A,skip,A,skip,A,skip,A,skip,A,skip,A,skip,0.45,turntaking
1288,radicaleq,1,A,A,A,A,A,A,A,A,A,A,A,A,A,A,A,A,A,A,A,A,0.0,draw
1288,turntaking,2,A,A,A,A,A,A,A,A,A,A,A,A,A,A,A,A,A,A,A,A,0.0,draw
1289,rotate0,1,A,A,A,A,A,A,A,A,A,A,A,A,A,A,A,A,A,A,A,A,0.0,draw
1289,turntaking,2,A,A,A,A,A,A,A,A,A,A,A,A,A,A,A,A,A,A,A,A,0.0,draw
1290,turntaking,1,skip,A,skip,A,skip,A,skip,A,skip,A,skip,A,skip,A,skip,A,skip,A,skip,A,0.5,turntaking
1290,rotate0,2,skip,skip,skip,skip,skip,skip,skip,skip,skip,skip,skip,skip,skip,skip,skip,skip,skip,skip,skip,skip,0.0,turntaking
1291,turntaking,1,skip,A,A,A,A,A,A,A,A,A,A,A,A,A,A,A,A,A,A,A,0.0,draw
1291,caste,2,skip,A,A,A,A,A,A,A,A,A,A,A,A,A,A,A,A,A,A,A,0.0,draw
1292,caste,1,A,A,A,A,A,A,A,A,A,A,A,A,A,A,A,A,A,A,A,A,0.0,draw
1292,turntaking,2,A,A,A,A,A,A,A,A,A,A,A,A,A,A,A,A,A,A,A,A,0.0,draw
1293,equalize,1,A,A,A,A,A,A,A,A,A,A,A,A,A,A,A,A,A,A,A,A,0.0,draw
1293,turntaking,2,A,A,A,A,A,A,A,A,A,A,A,A,A,A,A,A,A,A,A,A,0.0,draw
1294,turntaking,1,skip,A,A,A,A,A,A,A,A,A,A,A,A,A,A,A,A,A,A,A,0.0,draw
1294,equalize,2,skip,A,A,A,A,A,A,A,A,A,A,A,A,A,A,A,A,A,A,A,0.0,draw
1295,turntaking,1,skip,A,skip,A,skip,A,skip,A,skip,A,skip,A,skip,A,skip,A,skip,A,skip,A,0.5,draw
1295,turntaking,2,A,skip,A,skip,A,skip,A,skip,A,skip,A,skip,A,skip,A,skip,A,skip,A,skip,0.5,draw
1296,turntaking,1,skip,A,skip,A,skip,A,skip,A,skip,A,skip,A,skip,A,skip,A,skip,A,skip,A,0.5,draw
1296,turntaking,2,A,skip,A,skip,A,skip,A,skip,A,skip,A,skip,A,skip,A,skip,A,skip,A,skip,0.5,draw
1297,random,1,A,skip,skip,A,skip,skip,A,A,A,A,skip,A,A,A,skip,A,A,skip,skip,skip,0.2,draw
1297,random,2,A,skip,skip,A,skip,A,A,skip,A,skip,skip,A,skip,A,A,skip,A,A,skip,skip,0.15,draw
1298,random,1,A,skip,skip,skip,skip,A,A,A,A,skip,skip,A,skip,skip,A,A,skip,skip,skip,skip,0.25,draw
1298,random,2,A,skip,A,skip,A,skip,skip,A,skip,A,A,skip,A,A,A,skip,A,skip,A,skip,0.4,draw
1299,random,1,A,A,A,A,A,skip,skip,A,A,A,A,skip,skip,A,skip,skip,A,A,A,A,0.35,random
1299,rotate,2,skip,A,skip,A,skip,A,skip,A,skip,A,skip,A,skip,A,skip,A,skip,A,skip,A,0.15,random
1300,rotate,1,A,skip,A,skip,A,skip,A,skip,A,skip,A,skip,A,skip,A,skip,A,skip,A,skip,0.25,rotate
1300,random,2,A,skip,skip,A,A,skip,skip,A,A,skip,skip,skip,skip,A,A,A,A,skip,skip,skip,0.2,rotate
1301,rotate,1,A,skip,A,skip,A,skip,A,skip,A,skip,A,skip,A,skip,A,skip,A,skip,A,skip,0.5,draw
1301,rotate,2,skip,A,skip,A,skip,A,skip,A,skip,A,skip,A,skip,A,skip,A,skip,A,skip,A,0.5,draw
1302,rotate,1,A,skip,A,skip,A,skip,A,skip,A,skip,A,skip,A,skip,A,skip,A,skip,A,skip,0.5,draw
1302,rotate,2,skip,A,skip,A,skip,A,skip,A,skip,A,skip,A,skip,A,skip,A,skip,A,skip,A,0.5,draw
1303,random3,1,A,A,A,A,A,A,A,A,A,A,A,A,A,A,A,A,A,A,A,A,0.5,random3
1303,random,2,A,A,skip,A,A,A,skip,A,skip,A,skip,A,skip,skip,A,A,skip,skip,skip,skip,0.0,random3
1304,random,1,A,skip,A,A,skip,A,A,skip,skip,A,skip,A,A,A,A,A,A,A,A,A,0.0,random3
1304,random3,2,A,A,A,A,A,A,A,A,A,A,A,A,A,A,A,A,A,A,A,A,0.25,random3
1305,rotate,1,A,skip,A,skip,A,skip,A,skip,A,skip,A,skip,A,skip,A,skip,A,skip,A,skip,0.0,random3
1305,random3,2,A,A,A,A,A,A,A,A,A,A,A,A,A,A,A,A,A,A,A,A,0.5,random3
1306,random3,1,A,A,A,A,A,A,A,A,A,A,A,A,A,A,A,A,A,A,A,A,0.5,random3
1306,rotate,2,skip,A,skip,A,skip,A,skip,A,skip,A,skip,A,skip,A,skip,A,skip,A,skip,A,0.0,random3
1307,random3,1,A,A,A,A,A,A,A,A,A,A,A,A,A,A,A,A,A,A,A,A,0.0,draw
1307,random3,2,A,A,A,A,A,A,A,A,A,A,A,A,A,A,A,A,A,A,A,A,0.0,draw
1308,random3,1,A,A,A,A,A,A,A,A,A,A,A,A,A,A,A,A,A,A,A,A,0.0,draw
1308,random3,2,A,A,A,A,A,A,A,A,A,A,A,A,A,A,A,A,A,A,A,A,0.0,draw
1309,random,1,A,A,A,A,A,skip,A,skip,A,A,skip,skip,skip,skip,A,A,A,skip,A,skip,0.25,draw
1309,radicaleq,2,skip,A,A,A,A,A,skip,A,skip,A,A,skip,skip,skip,skip,A,A,A,skip,A,0.25,draw
1310,radicaleq,1,A,skip,skip,skip,skip,skip,skip,A,skip,skip,A,A,A,A,skip,A,skip,skip,A,skip,0.25,draw
1310,random,2,skip,skip,skip,skip,skip,skip,A,skip,skip,A,A,A,A,skip,A,skip,skip,A,skip,A,0.25,draw
1311,radicaleq,1,A,skip,A,skip,A,skip,A,skip,A,skip,A,skip,A,skip,A,skip,A,skip,A,skip,0.5,draw
1311,rotate,2,skip,A,skip,A,skip,A,skip,A,skip,A,skip,A,skip,A,skip,A,skip,A,skip,A,0.5,draw
1312,rotate,1,A,skip,A,skip,A,skip,A,skip,A,skip,A,skip,A,skip,A,skip,A,skip,A,skip,0.5,draw
1312,radicaleq,2,skip,A,skip,A,skip,A,skip,A,skip,A,skip,A,skip,A,skip,A,skip,A,skip,A,0.5,draw
1313,random3,1,A,A,A,A,A,A,A,A,A,A,A,A,A,A,A,A,A,A,A,A,0.05,random3
1313,radicaleq,2,skip,A,A,A,A,A,A,A,A,A,A,A,A,A,A,A,A,A,A,A,0.0,random3
1314,radicaleq,1,A,A,A,A,A,A,A,A,A,A,A,A,A,A,A,A,A,A,A,A,0.0,draw
1314,random3,2,A,A,A,A,A,A,A,A,A,A,A,A,A,A,A,A,A,A,A,A,0.0,draw
1315,radicaleq,1,A,skip,A,skip,A,skip,A,skip,A,skip,A,skip,A,skip,A,skip,A,skip,A,skip,0.5,draw
1315,radicaleq,2,skip,A,skip,A,skip,A,skip,A,skip,A,skip,A,skip,A,skip,A,skip,A,skip,A,0.5,draw
1316,radicaleq,1,A,skip,A,skip,A,skip,A,skip,A,skip,A,skip,A,skip,A,skip,A,skip,A,skip,0.5,draw
1316,radicaleq,2,skip,A,skip,A,skip,A,skip,A,skip,A,skip,A,skip,A,skip,A,skip,A,skip,A,0.5,draw
1317,rotate0,1,A,A,A,A,A,A,A,A,A,A,A,A,A,A,A,A,A,A,A,A,0.7,rotate0
1317,random,2,skip,A,skip,A,A,skip,skip,skip,skip,skip,A,A,skip,skip,A,skip,skip,skip,skip,skip,0.0,rotate0
1318,random,1,skip,skip,A,skip,skip,A,skip,skip,A,A,skip,skip,skip,skip,A,skip,A,A,skip,skip,0.35,random
1318,rotate0,2,skip,skip,skip,skip,skip,skip,skip,skip,skip,skip,skip,skip,skip,skip,skip,skip,skip,skip,skip,skip,0.0,random
1319,rotate0,1,A,A,A,A,A,A,A,A,A,A,A,A,A,A,A,A,A,A,A,A,0.5,rotate0
1319,rotate,2,skip,A,skip,A,skip,A,skip,A,skip,A,skip,A,skip,A,skip,A,skip,A,skip,A,0.0,rotate0
1320,rotate,1,A,skip,A,skip,A,skip,A,skip,A,skip,A,skip,A,skip,A,skip,A,skip,A,skip,0.5,rotate
1320,rotate0,2,skip,skip,skip,skip,skip,skip,skip,skip,skip,skip,skip,skip,skip,skip,skip,skip,skip,skip,skip,skip,0.0,rotate
1321,rotate0,1,A,A,A,A,A,A,A,A,A,A,A,A,A,A,A,A,A,A,A,A,0.0,draw
1321,random3,2,A,A,A,A,A,A,A,A,A,A,A,A,A,A,A,A,A,A,A,A,0.0,draw
1322,random3,1,A,A,A,A,A,A,A,A,A,A,A,A,A,A,A,A,A,A,A,A,1.0,random3
1322,rotate0,2,skip,skip,skip,skip,skip,skip,skip,skip,skip,skip,skip,skip,skip,skip,skip,skip,skip,skip,skip,skip,0.0,random3
1323,rotate0,1,A,A,A,A,A,A,A,A,A,A,A,A,A,A,A,A,A,A,A,A,0.05,rotate0
1323,radicaleq,2,skip,A,A,A,A,A,A,A,A,A,A,A,A,A,A,A,A,A,A,A,0.0,rotate0
1324,radicaleq,1,A,skip,skip,skip,skip,skip,skip,skip,skip,skip,skip,skip,skip,skip,skip,skip,skip,skip,skip,skip,0.05,radicaleq
1324,rotate0,2,skip,skip,skip,skip,skip,skip,skip,skip,skip,skip,skip,skip,skip,skip,skip,skip,skip,skip,skip,skip,0.0,radicaleq
1325,rotate0,1,A,A,A,A,A,A,A,A,A,A,A,A,A,A,A,A,A,A,A,A,1.0,draw
1325,rotate0,2,skip,skip,skip,skip,skip,skip,skip,skip,skip,skip,skip,skip,skip,skip,skip,skip,skip,skip,skip,skip,0.0,draw
1326,rotate0,1,A,A,A,A,A,A,A,A,A,A,A,A,A,A,A,A,A,A,A,A,1.0,draw
1326,rotate0,2,skip,skip,skip,skip,skip,skip,skip,skip,skip,skip,skip,skip,skip,skip,skip,skip,skip,skip,skip,skip,0.0,draw
1327,caste,1,A,A,A,A,A,A,A,A,A,A,A,A,A,A,A,A,A,A,A,A,0.4,caste
1327,random,2,skip,skip,A,A,skip,A,skip,A,A,skip,skip,skip,A,A,skip,A,A,A,A,A,0.0,caste
1328,random,1,skip,A,A,skip,skip,skip,A,A,skip,skip,skip,A,skip,A,skip,skip,A,A,skip,skip,0.0,caste
1328,caste,2,skip,A,A,A,A,A,A,A,A,A,A,A,A,A,A,A,A,A,A,A,0.55,caste
1329,rotate,1,A,skip,A,skip,A,skip,A,skip,A,skip,A,skip,A,skip,A,skip,A,skip,A,skip,0.05,caste
1329,caste,2,skip,skip,A,A,A,A,A,A,A,A,A,A,A,A,A,A,A,A,A,A,0.45,caste
1330,caste,1,A,A,A,A,A,A,A,A,A,A,A,A,A,A,A,A,A,A,A,A,0.5,caste
1330,rotate,2,skip,A,skip,A,skip,A,skip,A,skip,A,skip,A,skip,A,skip,A,skip,A,skip,A,0.0,caste
1331,caste,1,A,A,A,A,A,A,A,A,A,A,A,A,A,A,A,A,A,A,A,A,0.0,draw
1331,random3,2,A,A,A,A,A,A,A,A,A,A,A,A,A,A,A,A,A,A,A,A,0.0,draw
1332,random3,1,A,A,A,A,A,A,A,A,A,A,A,A,A,A,A,A,A,A,A,A,1.0,random3
1332,caste,2,skip,skip,skip,skip,skip,skip,skip,skip,skip,skip,skip,skip,skip,skip,skip,skip,skip,skip,skip,skip,0.0,random3
1333,radicaleq,1,A,skip,skip,A,A,A,A,A,A,A,A,A,A,A,A,A,A,A,A,A,0.05,draw
1333,caste,2,skip,skip,A,A,A,A,A,A,A,A,A,A,A,A,A,A,A,A,A,A,0.05,draw
1334,caste,1,A,A,A,A,A,A,A,A,A,A,A,A,A,A,A,A,A,A,A,A,0.05,caste
1334,radicaleq,2,skip,A,A,A,A,A,A,A,A,A,A,A,A,A,A,A,A,A,A,A,0.0,caste
1335,caste,1,A,A,A,A,A,A,A,A,A,A,A,A,A,A,A,A,A,A,A,A,1.0,caste
1335,rotate0,2,skip,skip,skip,skip,skip,skip,skip,skip,skip,skip,skip,skip,skip,skip,skip,skip,skip,skip,skip,skip,0.0,caste
1336,rotate0,1,A,A,A,A,A,A,A,A,A,A,A,A,A,A,A,A,A,A,A,A,1.0,rotate0
1336,caste,2,skip,skip,skip,skip,skip,skip,skip,skip,skip,skip,skip,skip,skip,skip,skip,skip,skip,skip,skip,skip,0.0,rotate0
1337,caste,1,A,A,A,A,A,A,A,A,A,A,A,A,A,A,A,A,A,A,A,A,1.0,draw
1337,caste,2,skip,skip,skip,skip,skip,skip,skip,skip,skip,skip,skip,skip,skip,skip,skip,skip,skip,skip,skip,skip,0.0,draw
1338,caste,1,A,A,A,A,A,A,A,A,A,A,A,A,A,A,A,A,A,A,A,A,1.0,draw
1338,caste,2,skip,skip,skip,skip,skip,skip,skip,skip,skip,skip,skip,skip,skip,skip,skip,skip,skip,skip,skip,skip,0.0,draw
1339,equalize,1,A,A,skip,A,A,A,A,A,A,A,A,skip,skip,A,A,A,A,A,skip,A,0.45,equalize
1339,random,2,A,skip,skip,skip,A,A,skip,A,skip,skip,skip,A,skip,A,skip,A,skip,skip,skip,A,0.05,equalize
1340,random,1,A,skip,A,skip,skip,skip,A,A,skip,A,skip,skip,skip,skip,A,skip,skip,A,skip,skip,0.25,equalize
1340,equalize,2,skip,A,skip,A,skip,A,skip,skip,A,skip,A,skip,A,skip,A,A,A,A,A,A,0.5,equalize
1341,rotate,1,A,skip,A,skip,A,skip,A,skip,A,skip,A,skip,A,skip,A,skip,A,skip,A,skip,0.5,draw
1341,equalize,2,skip,A,skip,A,skip,A,skip,A,skip,A,skip,A,skip,A,skip,A,skip,A,skip,A,0.5,draw
1342,equalize,1,A,skip,A,skip,A,skip,A,skip,A,skip,A,skip,A,skip,A,skip,A,skip,A,skip,0.5,draw
1342,rotate,2,skip,A,skip,A,skip,A,skip,A,skip,A,skip,A,skip,A,skip,A,skip,A,skip,A,0.5,draw
1343,equalize,1,A,A,A,A,A,A,A,A,A,A,A,A,A,A,A,A,A,A,A,A,0.0,draw
1343,random3,2,A,A,A,A,A,A,A,A,A,A,A,A,A,A,A,A,A,A,A,A,0.0,draw
1344,random3,1,A,A,A,A,A,A,A,A,A,A,A,A,A,A,A,A,A,A,A,A,0.05,random3
1344,equalize,2,skip,A,A,A,A,A,A,A,A,A,A,A,A,A,A,A,A,A,A,A,0.0,random3
1345,radicaleq,1,A,skip,A,skip,A,skip,A,skip,A,skip,A,skip,A,skip,A,skip,A,skip,A,skip,0.5,draw
1345,equalize,2,skip,A,skip,A,skip,A,skip,A,skip,A,skip,A,skip,A,skip,A,skip,A,skip,A,0.5,draw
1346,equalize,1,A,skip,A,skip,A,skip,A,skip,A,skip,A,skip,A,skip,A,skip,A,skip,A,skip,0.5,draw
1346,radicaleq,2,skip,A,skip,A,skip,A,skip,A,skip,A,skip,A,skip,A,skip,A,skip,A,skip,A,0.5,draw
1347,equalize,1,A,skip,A,skip,A,A,skip,A,A,skip,A,A,skip,A,A,skip,A,A,skip,A,0.65,equalize
1347,rotate0,2,skip,skip,skip,skip,skip,skip,skip,skip,skip,skip,skip,skip,skip,skip,skip,skip,skip,skip,skip,skip,0.0,equalize
1348,rotate0,1,A,A,A,A,A,A,A,A,A,A,A,A,A,A,A,A,A,A,A,A,0.05,rotate0
1348,equalize,2,skip,A,A,A,A,A,A,A,A,A,A,A,A,A,A,A,A,A,A,A,0.0,rotate0
1349,caste,1,A,A,A,A,A,A,A,A,A,A,A,A,A,A,A,A,A,A,A,A,0.05,caste
1349,equalize,2,skip,A,A,A,A,A,A,A,A,A,A,A,A,A,A,A,A,A,A,A,0.0,caste
1350,equalize,1,A,skip,A,A,A,A,A,A,A,A,A,A,A,A,A,A,A,A,A,A,0.05,equalize
1350,caste,2,skip,skip,A,A,A,A,A,A,A,A,A,A,A,A,A,A,A,A,A,A,0.0,equalize
1351,equalize,1,A,skip,A,skip,A,skip,A,skip,A,skip,A,skip,A,skip,A,skip,A,skip,A,skip,0.5,draw
1351,equalize,2,skip,A,skip,A,skip,A,skip,A,skip,A,skip,A,skip,A,skip,A,skip,A,skip,A,0.5,draw
1352,equalize,1,A,skip,A,skip,A,skip,A,skip,A,skip,A,skip,A,skip,A,skip,A,skip,A,skip,0.5,draw
1352,equalize,2,skip,A,skip,A,skip,A,skip,A,skip,A,skip,A,skip,A,skip,A,skip,A,skip,A,0.5,draw
1353,random,1,A,A,A,A,A,A,A,skip,skip,A,A,skip,skip,A,skip,skip,skip,A,skip,A,0.1,turntaking
1353,turntaking,2,A,A,A,A,A,A,A,A,A,skip,skip,A,skip,A,A,A,skip,A,A,A,0.3,turntaking
1354,turntaking,1,skip,A,A,skip,A,skip,skip,A,A,A,A,A,skip,A,A,A,A,A,A,A,0.25,turntaking
1354,random,2,skip,A,skip,skip,skip,A,skip,A,A,A,skip,skip,skip,A,A,A,A,A,A,skip,0.05,turntaking
1355,turntaking,1,skip,A,A,skip,A,skip,A,skip,A,skip,A,skip,A,skip,A,skip,A,skip,A,skip,0.45,draw
1355,rotate,2,skip,A,skip,A,skip,A,skip,A,skip,A,skip,A,skip,A,skip,A,skip,A,skip,A,0.45,draw
1356,rotate,1,A,skip,A,skip,A,skip,A,skip,A,skip,A,skip,A,skip,A,skip,A,skip,A,skip,0.45,turntaking
1356,turntaking,2,A,A,skip,A,skip,A,skip,A,skip,A,skip,A,skip,A,skip,A,skip,A,skip,A,0.5,turntaking
1357,random3,1,A,A,A,A,A,A,A,A,A,A,A,A,A,A,A,A,A,A,A,A,0.0,draw
1357,turntaking,2,A,A,A,A,A,A,A,A,A,A,A,A,A,A,A,A,A,A,A,A,0.0,draw
1358,turntaking,1,skip,A,A,A,A,A,A,A,A,A,A,A,A,A,A,A,A,A,A,A,0.0,random3
1358,random3,2,A,A,A,A,A,A,A,A,A,A,A,A,A,A,A,A,A,A,A,A,0.05,random3
1359,turntaking,1,skip,A,skip,A,skip,A,skip,A,skip,A,skip,A,skip,A,skip,A,skip,A,skip,A,0.5,turntaking
1359,radicaleq,2,skip,skip,A,skip,A,skip,A,skip,A,skip,A,skip,A,skip,A,skip,A,skip,A,skip,0.45,turntaking
1360,radicaleq,1,A,A,A,A,A,A,A,A,A,A,A,A,A,A,A,A,A,A,A,A,0.0,draw
1360,turntaking,2,A,A,A,A,A,A,A,A,A,A,A,A,A,A,A,A,A,A,A,A,0.0,draw
1361,rotate0,1,A,A,A,A,A,A,A,A,A,A,A,A,A,A,A,A,A,A,A,A,0.0,draw
1361,turntaking,2,A,A,A,A,A,A,A,A,A,A,A,A,A,A,A,A,A,A,A,A,0.0,draw
1362,turntaking,1,skip,A,skip,A,skip,A,skip,A,skip,A,skip,A,skip,A,skip,A,skip,A,skip,A,0.5,turntaking
1362,rotate0,2,skip,skip,skip,skip,skip,skip,skip,skip,skip,skip,skip,skip,skip,skip,skip,skip,skip,skip,skip,skip,0.0,turntaking
1363,turntaking,1,skip,A,A,A,A,A,A,A,A,A,A,A,A,A,A,A,A,A,A,A,0.0,draw
1363,caste,2,skip,A,A,A,A,A,A,A,A,A,A,A,A,A,A,A,A,A,A,A,0.0,draw
1364,caste,1,A,A,A,A,A,A,A,A,A,A,A,A,A,A,A,A,A,A,A,A,0.0,draw
1364,turntaking,2,A,A,A,A,A,A,A,A,A,A,A,A,A,A,A,A,A,A,A,A,0.0,draw
1365,equalize,1,A,A,A,A,A,A,A,A,A,A,A,A,A,A,A,A,A,A,A,A,0.0,draw
1365,turntaking,2,A,A,A,A,A,A,A,A,A,A,A,A,A,A,A,A,A,A,A,A,0.0,draw
1366,turntaking,1,skip,A,A,A,A,A,A,A,A,A,A,A,A,A,A,A,A,A,A,A,0.0,draw
1366,equalize,2,skip,A,A,A,A,A,A,A,A,A,A,A,A,A,A,A,A,A,A,A,0.0,draw
1367,turntaking,1,skip,A,skip,A,skip,A,skip,A,skip,A,skip,A,skip,A,skip,A,skip,A,skip,A,0.5,draw
1367,turntaking,2,A,skip,A,skip,A,skip,A,skip,A,skip,A,skip,A,skip,A,skip,A,skip,A,skip,0.5,draw
1368,turntaking,1,skip,A,skip,A,skip,A,skip,A,skip,A,skip,A,skip,A,skip,A,skip,A,skip,A,0.5,draw
1368,turntaking,2,A,skip,A,skip,A,skip,A,skip,A,skip,A,skip,A,skip,A,skip,A,skip,A,skip,0.5,draw
1369,random,1,skip,skip,skip,skip,A,A,A,A,skip,skip,skip,skip,skip,A,A,A,skip,A,A,skip,0.1,draw
1369,random,2,skip,skip,skip,skip,skip,A,A,A,skip,skip,A,A,skip,A,skip,A,skip,A,A,skip,0.1,draw
1370,random,1,skip,skip,A,A,A,skip,A,skip,skip,A,A,skip,skip,skip,skip,skip,skip,skip,skip,A,0.2,draw
1370,random,2,A,A,A,skip,skip,skip,skip,A,A,A,A,A,skip,A,A,skip,A,A,A,skip,0.5,draw
1371,random,1,A,skip,A,A,skip,skip,skip,A,skip,A,skip,skip,skip,skip,skip,skip,A,skip,A,A,0.2,rotate
1371,rotate,2,skip,A,skip,A,skip,A,skip,A,skip,A,skip,A,skip,A,skip,A,skip,A,skip,A,0.3,rotate
1372,rotate,1,A,skip,A,skip,A,skip,A,skip,A,skip,A,skip,A,skip,A,skip,A,skip,A,skip,0.15,random
1372,random,2,A,skip,A,skip,skip,skip,A,A,A,A,A,skip,A,A,skip,A,skip,skip,A,skip,0.2,random
1373,rotate,1,A,skip,A,skip,A,skip,A,skip,A,skip,A,skip,A,skip,A,skip,A,skip,A,skip,0.5,draw
1373,rotate,2,skip,A,skip,A,skip,A,skip,A,skip,A,skip,A,skip,A,skip,A,skip,A,skip,A,0.5,draw
1374,rotate,1,A,skip,A,skip,A,skip,A,skip,A,skip,A,skip,A,skip,A,skip,A,skip,A,skip,0.5,draw
1374,rotate,2,skip,A,skip,A,skip,A,skip,A,skip,A,skip,A,skip,A,skip,A,skip,A,skip,A,0.5,draw
1375,random3,1,A,A,A,A,A,A,A,A,A,A,A,A,A,A,A,A,A,A,A,A,0.5,random3
1375,random,2,skip,skip,skip,skip,A,skip,A,skip,A,skip,A,A,A,skip,A,A,A,A,skip,skip,0.0,random3
1376,random,1,A,skip,A,skip,skip,A,skip,A,A,skip,skip,skip,skip,skip,A,skip,A,skip,skip,A,0.0,random3
1376,random3,2,A,A,A,A,A,A,A,A,A,A,A,A,A,A,A,A,A,A,A,A,0.6,random3
1377,rotate,1,A,skip,A,skip,A,skip,A,skip,A,skip,A,skip,A,skip,A,skip,A,skip,A,skip,0.0,random3
1377,random3,2,A,A,A,A,A,A,A,A,A,A,A,A,A,A,A,A,A,A,A,A,0.5,random3
1378,random3,1,A,A,A,A,A,A,A,A,A,A,A,A,A,A,A,A,A,A,A,A,0.5,random3
1378,rotate,2,skip,A,skip,A,skip,A,skip,A,skip,A,skip,A,skip,A,skip,A,skip,A,skip,A,0.0,random3
1379,random3,1,A,A,A,A,A,A,A,A,A,A,A,A,A,A,A,A,A,A,A,A,0.0,draw
1379,random3,2,A,A,A,A,A,A,A,A,A,A,A,A,A,A,A,A,A,A,A,A,0.0,draw
1380,random3,1,A,A,A,A,A,A,A,A,A,A,A,A,A,A,A,A,A,A,A,A,0.0,draw
1380,random3,2,A,A,A,A,A,A,A,A,A,A,A,A,A,A,A,A,A,A,A,A,0.0,draw
1381,random,1,A,skip,A,skip,skip,A,A,skip,skip,A,A,skip,skip,A,skip,skip,skip,A,skip,skip,0.3,draw
1381,radicaleq,2,skip,A,skip,A,skip,skip,A,A,skip,skip,A,A,skip,skip,A,skip,skip,skip,A,skip,0.3,draw
1382,radicaleq,1,A,A,skip,skip,skip,skip,skip,A,skip,skip,skip,A,skip,A,skip,A,A,A,skip,skip,0.25,radicaleq
1382,random,2,A,skip,skip,skip,skip,skip,A,skip,skip,skip,A,skip,A,skip,A,A,A,skip,skip,skip,0.2,radicaleq
1383,radicaleq,1,A,skip,A,skip,A,skip,A,skip,A,skip,A,skip,A,skip,A,skip,A,skip,A,skip,0.5,draw
1383,rotate,2,skip,A,skip,A,skip,A,skip,A,skip,A,skip,A,skip,A,skip,A,skip,A,skip,A,0.5,draw
1384,rotate,1,A,skip,A,skip,A,skip,A,skip,A,skip,A,skip,A,skip,A,skip,A,skip,A,skip,0.5,draw
1384,radicaleq,2,skip,A,skip,A,skip,A,skip,A,skip,A,skip,A,skip,A,skip,A,skip,A,skip,A,0.5,draw
1385,random3,1,A,A,A,A,A,A,A,A,A,A,A,A,A,A,A,A,A,A,A,A,0.05,random3
1385,radicaleq,2,skip,A,A,A,A,A,A,A,A,A,A,A,A,A,A,A,A,A,A,A,0.0,random3
1386,radicaleq,1,A,A,A,A,A,A,A,A,A,A,A,A,A,A,A,A,A,A,A,A,0.0,draw
1386,random3,2,A,A,A,A,A,A,A,A,A,A,A,A,A,A,A,A,A,A,A,A,0.0,draw
1387,radicaleq,1,A,skip,A,skip,A,skip,A,skip,A,skip,A,skip,A,skip,A,skip,A,skip,A,skip,0.5,draw
1387,radicaleq,2,skip,A,skip,A,skip,A,skip,A,skip,A,skip,A,skip,A,skip,A,skip,A,skip,A,0.5,draw
1388,radicaleq,1,A,skip,A,skip,A,skip,A,skip,A,skip,A,skip,A,skip,A,skip,A,skip,A,skip,0.5,draw
1388,radicaleq,2,skip,A,skip,A,skip,A,skip,A,skip,A,skip,A,skip,A,skip,A,skip,A,skip,A,0.5,draw
1389,rotate0,1,A,A,A,A,A,A,A,A,A,A,A,A,A,A,A,A,A,A,A,A,0.4,rotate0
1389,random,2,skip,A,A,skip,A,A,skip,skip,A,A,skip,A,skip,A,A,A,A,skip,skip,A,0.0,rotate0
1390,random,1,skip,A,skip,skip,A,A,A,skip,A,A,A,A,A,A,skip,A,A,A,A,A,0.75,random
1390,rotate0,2,skip,skip,skip,skip,skip,skip,skip,skip,skip,skip,skip,skip,skip,skip,skip,skip,skip,skip,skip,skip,0.0,random
1391,rotate0,1,A,A,A,A,A,A,A,A,A,A,A,A,A,A,A,A,A,A,A,A,0.5,rotate0
1391,rotate,2,skip,A,skip,A,skip,A,skip,A,skip,A,skip,A,skip,A,skip,A,skip,A,skip,A,0.0,rotate0
1392,rotate,1,A,skip,A,skip,A,skip,A,skip,A,skip,A,skip,A,skip,A,skip,A,skip,A,skip,0.5,rotate
1392,rotate0,2,skip,skip,skip,skip,skip,skip,skip,skip,skip,skip,skip,skip,skip,skip,skip,skip,skip,skip,skip,skip,0.0,rotate
1393,rotate0,1,A,A,A,A,A,A,A,A,A,A,A,A,A,A,A,A,A,A,A,A,0.0,draw
1393,random3,2,A,A,A,A,A,A,A,A,A,A,A,A,A,A,A,A,A,A,A,A,0.0,draw
1394,random3,1,A,A,A,A,A,A,A,A,A,A,A,A,A,A,A,A,A,A,A,A,1.0,random3
1394,rotate0,2,skip,skip,skip,skip,skip,skip,skip,skip,skip,skip,skip,skip,skip,skip,skip,skip,skip,skip,skip,skip,0.0,random3
1395,rotate0,1,A,A,A,A,A,A,A,A,A,A,A,A,A,A,A,A,A,A,A,A,0.05,rotate0
1395,radicaleq,2,skip,A,A,A,A,A,A,A,A,A,A,A,A,A,A,A,A,A,A,A,0.0,rotate0
1396,radicaleq,1,A,skip,skip,skip,skip,skip,skip,skip,skip,skip,skip,skip,skip,skip,skip,skip,skip,skip,skip,skip,0.05,radicaleq
1396,rotate0,2,skip,skip,skip,skip,skip,skip,skip,skip,skip,skip,skip,skip,skip,skip,skip,skip,skip,skip,skip,skip,0.0,radicaleq
1397,rotate0,1,A,A,A,A,A,A,A,A,A,A,A,A,A,A,A,A,A,A,A,A,1.0,draw
1397,rotate0,2,skip,skip,skip,skip,skip,skip,skip,skip,skip,skip,skip,skip,skip,skip,skip,skip,skip,skip,skip,skip,0.0,draw
1398,rotate0,1,A,A,A,A,A,A,A,A,A,A,A,A,A,A,A,A,A,A,A,A,1.0,draw
1398,rotate0,2,skip,skip,skip,skip,skip,skip,skip,skip,skip,skip,skip,skip,skip,skip,skip,skip,skip,skip,skip,skip,0.0,draw
1399,caste,1,A,A,A,A,A,A,A,A,A,A,A,A,A,A,A,A,A,A,A,A,0.5,caste
1399,random,2,skip,skip,skip,A,A,A,A,skip,A,A,A,skip,A,A,skip,skip,skip,skip,A,skip,0.0,caste
1400,random,1,skip,A,A,skip,A,A,skip,A,A,A,A,A,A,skip,A,skip,A,skip,A,skip,0.0,caste
1400,caste,2,skip,A,A,A,A,A,A,A,A,A,A,A,A,A,A,A,A,A,A,A,0.3,caste
1401,rotate,1,A,skip,A,skip,A,skip,A,skip,A,skip,A,skip,A,skip,A,skip,A,skip,A,skip,0.05,caste
1401,caste,2,skip,skip,A,A,A,A,A,A,A,A,A,A,A,A,A,A,A,A,A,A,0.45,caste
1402,caste,1,A,A,A,A,A,A,A,A,A,A,A,A,A,A,A,A,A,A,A,A,0.5,caste
1402,rotate,2,skip,A,skip,A,skip,A,skip,A,skip,A,skip,A,skip,A,skip,A,skip,A,skip,A,0.0,caste
1403,caste,1,A,A,A,A,A,A,A,A,A,A,A,A,A,A,A,A,A,A,A,A,0.0,draw
1403,random3,2,A,A,A,A,A,A,A,A,A,A,A,A,A,A,A,A,A,A,A,A,0.0,draw
1404,random3,1,A,A,A,A,A,A,A,A,A,A,A,A,A,A,A,A,A,A,A,A,1.0,random3
1404,caste,2,skip,skip,skip,skip,skip,skip,skip,skip,skip,skip,skip,skip,skip,skip,skip,skip,skip,skip,skip,skip,0.0,random3
1405,radicaleq,1,A,skip,skip,A,A,A,A,A,A,A,A,A,A,A,A,A,A,A,A,A,0.05,draw
1405,caste,2,skip,skip,A,A,A,A,A,A,A,A,A,A,A,A,A,A,A,A,A,A,0.05,draw
1406,caste,1,A,A,A,A,A,A,A,A,A,A,A,A,A,A,A,A,A,A,A,A,0.05,caste
1406,radicaleq,2,skip,A,A,A,A,A,A,A,A,A,A,A,A,A,A,A,A,A,A,A,0.0,caste
1407,caste,1,A,A,A,A,A,A,A,A,A,A,A,A,A,A,A,A,A,A,A,A,1.0,caste
1407,rotate0,2,skip,skip,skip,skip,skip,skip,skip,skip,skip,skip,skip,skip,skip,skip,skip,skip,skip,skip,skip,skip,0.0,caste
1408,rotate0,1,A,A,A,A,A,A,A,A,A,A,A,A,A,A,A,A,A,A,A,A,1.0,rotate0
1408,caste,2,skip,skip,skip,skip,skip,skip,skip,skip,skip,skip,skip,skip,skip,skip,skip,skip,skip,skip,skip,skip,0.0,rotate0
1409,caste,1,A,A,A,A,A,A,A,A,A,A,A,A,A,A,A,A,A,A,A,A,1.0,draw
1409,caste,2,skip,skip,skip,skip,skip,skip,skip,skip,skip,skip,skip,skip,skip,skip,skip,skip,skip,skip,skip,skip,0.0,draw
1410,caste,1,A,A,A,A,A,A,A,A,A,A,A,A,A,A,A,A,A,A,A,A,1.0,draw
1410,caste,2,skip,skip,skip,skip,skip,skip,skip,skip,skip,skip,skip,skip,skip,skip,skip,skip,skip,skip,skip,skip,0.0,draw
1411,equalize,1,A,skip,A,skip,A,A,A,A,skip,skip,A,A,A,A,A,A,A,A,skip,skip,0.45,equalize
1411,random,2,skip,skip,skip,skip,A,skip,skip,skip,A,skip,A,A,A,skip,A,skip,skip,skip,A,skip,0.1,equalize
1412,random,1,A,A,skip,skip,A,A,A,skip,skip,A,skip,A,A,A,skip,A,skip,A,A,A,0.05,equalize
1412,equalize,2,skip,A,A,skip,A,A,A,A,A,A,A,A,A,A,A,A,A,A,A,A,0.3,equalize
1413,rotate,1,A,skip,A,skip,A,skip,A,skip,A,skip,A,skip,A,skip,A,skip,A,skip,A,skip,0.5,draw
1413,equalize,2,skip,A,skip,A,skip,A,skip,A,skip,A,skip,A,skip,A,skip,A,skip,A,skip,A,0.5,draw
1414,equalize,1,A,skip,A,skip,A,skip,A,skip,A,skip,A,skip,A,skip,A,skip,A,skip,A,skip,0.5,draw
1414,rotate,2,skip,A,skip,A,skip,A,skip,A,skip,A,skip,A,skip,A,skip,A,skip,A,skip,A,0.5,draw
1415,equalize,1,A,A,A,A,A,A,A,A,A,A,A,A,A,A,A,A,A,A,A,A,0.0,draw
1415,random3,2,A,A,A,A,A,A,A,A,A,A,A,A,A,A,A,A,A,A,A,A,0.0,draw
1416,random3,1,A,A,A,A,A,A,A,A,A,A,A,A,A,A,A,A,A,A,A,A,0.05,random3
1416,equalize,2,skip,A,A,A,A,A,A,A,A,A,A,A,A,A,A,A,A,A,A,A,0.0,random3
1417,radicaleq,1,A,skip,A,skip,A,skip,A,skip,A,skip,A,skip,A,skip,A,skip,A,skip,A,skip,0.5,draw
1417,equalize,2,skip,A,skip,A,skip,A,skip,A,skip,A,skip,A,skip,A,skip,A,skip,A,skip,A,0.5,draw
1418,equalize,1,A,skip,A,skip,A,skip,A,skip,A,skip,A,skip,A,skip,A,skip,A,skip,A,skip,0.5,draw
1418,radicaleq,2,skip,A,skip,A,skip,A,skip,A,skip,A,skip,A,skip,A,skip,A,skip,A,skip,A,0.5,draw
1419,equalize,1,A,skip,A,skip,A,A,skip,A,A,skip,A,A,skip,A,A,skip,A,A,skip,A,0.65,equalize
1419,rotate0,2,skip,skip,skip,skip,skip,skip,skip,skip,skip,skip,skip,skip,skip,skip,skip,skip,skip,skip,skip,skip,0.0,equalize
1420,rotate0,1,A,A,A,A,A,A,A,A,A,A,A,A,A,A,A,A,A,A,A,A,0.05,rotate0
1420,equalize,2,skip,A,A,A,A,A,A,A,A,A,A,A,A,A,A,A,A,A,A,A,0.0,rotate0
1421,caste,1,A,A,A,A,A,A,A,A,A,A,A,A,A,A,A,A,A,A,A,A,0.05,caste
1421,equalize,2,skip,A,A,A,A,A,A,A,A,A,A,A,A,A,A,A,A,A,A,A,0.0,caste
1422,equalize,1,A,skip,A,A,A,A,A,A,A,A,A,A,A,A,A,A,A,A,A,A,0.05,equalize
1422,caste,2,skip,skip,A,A,A,A,A,A,A,A,A,A,A,A,A,A,A,A,A,A,0.0,equalize
1423,equalize,1,A,skip,A,skip,A,skip,A,skip,A,skip,A,skip,A,skip,A,skip,A,skip,A,skip,0.5,draw
1423,equalize,2,skip,A,skip,A,skip,A,skip,A,skip,A,skip,A,skip,A,skip,A,skip,A,skip,A,0.5,draw
1424,equalize,1,A,skip,A,skip,A,skip,A,skip,A,skip,A,skip,A,skip,A,skip,A,skip,A,skip,0.5,draw
1424,equalize,2,skip,A,skip,A,skip,A,skip,A,skip,A,skip,A,skip,A,skip,A,skip,A,skip,A,0.5,draw
1425,random,1,skip,A,A,skip,A,skip,A,A,A,skip,skip,A,skip,skip,skip,skip,A,skip,A,A,0.2,turntaking
1425,turntaking,2,A,skip,A,A,skip,A,skip,A,A,A,skip,A,A,A,skip,A,skip,skip,A,A,0.35,turntaking
1426,turntaking,1,skip,A,A,skip,A,skip,A,A,A,skip,A,skip,A,A,A,A,A,A,A,A,0.35,turntaking
1426,random,2,A,A,skip,A,skip,A,A,A,skip,skip,skip,skip,A,skip,A,A,skip,A,A,skip,0.15,turntaking
1427,turntaking,1,skip,A,A,skip,A,skip,A,skip,A,skip,A,skip,A,skip,A,skip,A,skip,A,skip,0.45,draw
1427,rotate,2,skip,A,skip,A,skip,A,skip,A,skip,A,skip,A,skip,A,skip,A,skip,A,skip,A,0.45,draw
1428,rotate,1,A,skip,A,skip,A,skip,A,skip,A,skip,A,skip,A,skip,A,skip,A,skip,A,skip,0.45,turntaking
1428,turntaking,2,A,A,skip,A,skip,A,skip,A,skip,A,skip,A,skip,A,skip,A,skip,A,skip,A,0.5,turntaking
1429,random3,1,A,A,A,A,A,A,A,A,A,A,A,A,A,A,A,A,A,A,A,A,0.0,draw
1429,turntaking,2,A,A,A,A,A,A,A,A,A,A,A,A,A,A,A,A,A,A,A,A,0.0,draw
1430,turntaking,1,skip,A,A,A,A,A,A,A,A,A,A,A,A,A,A,A,A,A,A,A,0.0,random3
1430,random3,2,A,A,A,A,A,A,A,A,A,A,A,A,A,A,A,A,A,A,A,A,0.05,random3
1431,turntaking,1,skip,A,skip,A,skip,A,skip,A,skip,A,skip,A,skip,A,skip,A,skip,A,skip,A,0.5,turntaking
1431,radicaleq,2,skip,skip,A,skip,A,skip,A,skip,A,skip,A,skip,A,skip,A,skip,A,skip,A,skip,0.45,turntaking
1432,radicaleq,1,A,A,A,A,A,A,A,A,A,A,A,A,A,A,A,A,A,A,A,A,0.0,draw
1432,turntaking,2,A,A,A,A,A,A,A,A,A,A,A,A,A,A,A,A,A,A,A,A,0.0,draw
1433,rotate0,1,A,A,A,A,A,A,A,A,A,A,A,A,A,A,A,A,A,A,A,A,0.0,draw
1433,turntaking,2,A,A,A,A,A,A,A,A,A,A,A,A,A,A,A,A,A,A,A,A,0.0,draw
1434,turntaking,1,skip,A,skip,A,skip,A,skip,A,skip,A,skip,A,skip,A,skip,A,skip,A,skip,A,0.5,turntaking
1434,rotate0,2,skip,skip,skip,skip,skip,skip,skip,skip,skip,skip,skip,skip,skip,skip,skip,skip,skip,skip,skip,skip,0.0,turntaking
1435,turntaking,1,skip,A,A,A,A,A,A,A,A,A,A,A,A,A,A,A,A,A,A,A,0.0,draw
1435,caste,2,skip,A,A,A,A,A,A,A,A,A,A,A,A,A,A,A,A,A,A,A,0.0,draw
1436,caste,1,A,A,A,A,A,A,A,A,A,A,A,A,A,A,A,A,A,A,A,A,0.0,draw
1436,turntaking,2,A,A,A,A,A,A,A,A,A,A,A,A,A,A,A,A,A,A,A,A,0.0,draw
1437,equalize,1,A,A,A,A,A,A,A,A,A,A,A,A,A,A,A,A,A,A,A,A,0.0,draw
1437,turntaking,2,A,A,A,A,A,A,A,A,A,A,A,A,A,A,A,A,A,A,A,A,0.0,draw
1438,turntaking,1,skip,A,A,A,A,A,A,A,A,A,A,A,A,A,A,A,A,A,A,A,0.0,draw
1438,equalize,2,skip,A,A,A,A,A,A,A,A,A,A,A,A,A,A,A,A,A,A,A,0.0,draw
1439,turntaking,1,skip,A,skip,A,skip,A,skip,A,skip,A,skip,A,skip,A,skip,A,skip,A,skip,A,0.5,draw
1439,turntaking,2,A,skip,A,skip,A,skip,A,skip,A,skip,A,skip,A,skip,A,skip,A,skip,A,skip,0.5,draw
1440,turntaking,1,skip,A,skip,A,skip,A,skip,A,skip,A,skip,A,skip,A,skip,A,skip,A,skip,A,0.5,draw
1440,turntaking,2,A,skip,A,skip,A,skip,A,skip,A,skip,A,skip,A,skip,A,skip,A,skip,A,skip,0.5,draw
