Match,Strategy,Position,Round1,Round2,Round3,Round4,Round5,Round6,Round7,Round8,Round9,Round10,Round11,Round12,Round13,Round14,Round15,Round16,Round17,Round18,Round19,Round20,Win,Winner
1,random,1,A,skip,skip,skip,A,A,skip,A,B,A,A,B,B,skip,A,A,A,B,A,skip,0.45,draw
1,random,2,A,skip,A,A,skip,skip,A,B,A,skip,B,skip,B,A,skip,A,B,B,A,skip,0.4,draw
2,random,1,A,B,skip,B,A,A,A,A,B,A,skip,A,A,B,skip,B,B,skip,skip,B,0.4,draw
2,random,2,A,skip,A,B,B,A,B,B,B,A,skip,A,B,B,skip,A,skip,A,B,skip,0.4,draw
3,random,1,A,skip,skip,B,skip,skip,A,skip,A,A,skip,A,B,A,skip,A,A,skip,skip,A,0.25,rotate
3,rotate,2,B,A,B,A,B,A,B,A,B,A,B,A,B,A,B,A,B,A,B,A,0.7,rotate
4,rotate,1,A,B,A,B,A,B,A,B,A,B,A,B,A,B,A,B,A,B,A,B,0.65,rotate
4,random,2,A,skip,skip,B,B,B,skip,skip,B,skip,B,B,B,A,B,A,A,B,A,A,0.4,rotate
5,rotate,1,A,B,A,B,A,B,A,B,A,B,A,B,A,B,A,B,A,B,A,B,1.0,draw
5,rotate,2,B,A,B,A,B,A,B,A,B,A,B,A,B,A,B,A,B,A,B,A,1.0,draw
6,rotate,1,A,B,A,B,A,B,A,B,A,B,A,B,A,B,A,B,A,B,A,B,1.0,draw
6,rotate,2,B,A,B,A,B,A,B,A,B,A,B,A,B,A,B,A,B,A,B,A,1.0,draw
7,random3,1,B,B,B,B,B,A,A,B,B,A,B,B,B,B,B,A,A,A,A,A,0.45,random3
7,random,2,B,skip,skip,A,B,A,A,A,B,A,skip,B,B,skip,B,A,skip,skip,A,skip,0.1,random3
8,random,1,A,B,skip,skip,skip,B,B,A,skip,A,B,B,A,skip,B,A,skip,A,skip,skip,0.3,random3
8,random3,2,A,A,A,A,A,A,A,A,A,A,B,B,B,B,B,B,B,B,B,B,0.7,random3
9,rotate,1,A,B,A,B,A,B,A,B,A,B,A,B,A,B,A,B,A,B,A,B,0.4,draw
9,random3,2,B,B,B,B,A,A,A,A,A,A,A,B,B,B,B,B,B,B,A,B,0.4,draw
10,random3,1,A,A,B,B,B,B,B,B,B,A,A,A,B,B,B,B,B,B,B,B,0.45,draw
10,rotate,2,B,A,B,A,B,A,B,A,B,A,B,A,B,A,B,A,B,A,B,A,0.45,draw
11,random3,1,A,A,A,A,A,A,A,A,A,A,A,A,A,A,A,A,A,A,A,A,1.0,draw
11,random3,2,B,B,B,B,B,B,B,B,B,B,B,B,B,B,B,B,B,B,B,B,1.0,draw
12,random3,1,A,A,A,A,A,A,A,A,A,A,A,A,A,A,A,A,A,A,A,A,1.0,draw
12,random3,2,B,B,B,B,B,B,B,B,B,B,B,B,B,B,B,B,B,B,B,B,1.0,draw
13,random,1,B,B,skip,skip,A,skip,skip,B,skip,skip,A,B,B,B,B,B,A,B,B,skip,0.15,radicaleq
13,radicaleq,2,B,B,B,B,B,B,B,B,B,B,B,B,B,B,B,B,B,B,B,B,0.5,radicaleq
14,radicaleq,1,A,A,A,A,A,A,A,A,A,A,A,A,A,A,A,A,A,A,A,A,0.75,radicaleq
14,random,2,skip,B,skip,B,skip,A,skip,skip,B,B,B,A,skip,B,skip,B,A,A,skip,A,0.35,radicaleq
15,radicaleq,1,A,A,B,A,B,A,B,A,B,A,B,A,B,A,B,A,B,A,B,A,0.05,draw
15,rotate,2,B,A,B,A,B,A,B,A,B,A,B,A,B,A,B,A,B,A,B,A,0.05,draw
16,rotate,1,A,B,A,B,A,B,A,B,A,B,A,B,A,B,A,B,A,B,A,B,0.5,draw
16,radicaleq,2,B,B,B,B,B,B,B,B,B,B,B,B,B,B,B,B,B,B,B,B,0.5,draw
17,random3,1,B,A,A,A,A,A,A,A,A,A,A,A,A,A,A,A,A,A,A,A,0.95,draw
17,radicaleq,2,B,B,B,B,B,B,B,B,B,B,B,B,B,B,B,B,B,B,B,B,0.95,draw
18,radicaleq,1,A,B,B,B,B,B,B,B,B,B,B,B,B,B,B,B,B,B,B,B,0.95,draw
18,random3,2,A,A,A,A,A,A,A,A,A,A,A,A,A,A,A,A,A,A,A,A,0.95,draw
19,radicaleq,1,A,A,A,A,A,A,A,A,A,A,A,A,A,A,A,A,A,A,A,A,1.0,draw
19,radicaleq,2,B,B,B,B,B,B,B,B,B,B,B,B,B,B,B,B,B,B,B,B,1.0,draw
20,radicaleq,1,A,A,A,A,A,A,A,A,A,A,A,A,A,A,A,A,A,A,A,A,1.0,draw
20,radicaleq,2,B,B,B,B,B,B,B,B,B,B,B,B,B,B,B,B,B,B,B,B,1.0,draw
21,rotate0,1,A,A,A,A,A,A,A,A,A,A,A,A,A,A,A,A,A,A,A,A,0.7,rotate0
21,random,2,A,B,B,B,A,skip,A,B,A,skip,A,B,skip,A,skip,B,B,B,B,B,0.5,rotate0
22,random,1,B,B,B,A,A,A,A,A,B,skip,skip,A,B,B,B,A,skip,B,skip,skip,0.35,rotate0
22,rotate0,2,B,B,B,B,B,B,B,B,B,B,B,B,B,B,B,B,B,B,B,B,0.6,rotate0
23,rotate0,1,A,A,A,A,A,A,A,A,A,A,A,A,A,A,A,A,A,A,A,A,0.5,draw
23,rotate,2,B,A,B,A,B,A,B,A,B,A,B,A,B,A,B,A,B,A,B,A,0.5,draw
24,rotate,1,A,B,A,B,A,B,A,B,A,B,A,B,A,B,A,B,A,B,A,B,0.5,draw
24,rotate0,2,B,B,B,B,B,B,B,B,B,B,B,B,B,B,B,B,B,B,B,B,0.5,draw
25,rotate0,1,A,A,A,A,A,A,A,A,A,A,A,A,A,A,A,A,A,A,A,A,1.0,draw
25,random3,2,B,B,B,B,B,B,B,B,B,B,B,B,B,B,B,B,B,B,B,B,1.0,draw
26,random3,1,A,A,A,A,A,A,A,A,A,A,A,A,A,A,A,A,A,A,A,A,1.0,draw
26,rotate0,2,B,B,B,B,B,B,B,B,B,B,B,B,B,B,B,B,B,B,B,B,1.0,draw
27,rotate0,1,A,A,A,A,A,A,A,A,A,A,A,A,A,A,A,A,A,A,A,A,1.0,draw
27,radicaleq,2,B,B,B,B,B,B,B,B,B,B,B,B,B,B,B,B,B,B,B,B,1.0,draw
28,radicaleq,1,A,A,A,A,A,A,A,A,A,A,A,A,A,A,A,A,A,A,A,A,1.0,draw
28,rotate0,2,B,B,B,B,B,B,B,B,B,B,B,B,B,B,B,B,B,B,B,B,1.0,draw
29,rotate0,1,A,A,A,A,A,A,A,A,A,A,A,A,A,A,A,A,A,A,A,A,1.0,draw
29,rotate0,2,B,B,B,B,B,B,B,B,B,B,B,B,B,B,B,B,B,B,B,B,1.0,draw
30,rotate0,1,A,A,A,A,A,A,A,A,A,A,A,A,A,A,A,A,A,A,A,A,1.0,draw
30,rotate0,2,B,B,B,B,B,B,B,B,B,B,B,B,B,B,B,B,B,B,B,B,1.0,draw
31,caste,1,A,A,A,B,B,A,B,B,A,A,B,B,A,A,A,B,A,A,A,B,0.7,caste
31,random,2,B,B,skip,A,skip,skip,A,B,skip,A,A,B,B,B,skip,B,B,B,A,B,0.45,caste
32,random,1,A,skip,skip,A,A,A,A,skip,skip,skip,skip,skip,skip,B,B,skip,A,A,A,A,0.5,caste
32,caste,2,B,B,A,A,B,B,B,B,B,A,B,A,B,A,A,A,B,B,B,B,0.95,caste
33,rotate,1,A,B,A,B,A,B,A,B,A,B,A,B,A,B,A,B,A,B,A,B,0.1,draw
33,caste,2,B,B,A,A,A,B,A,B,A,B,A,B,A,B,A,B,A,B,A,B,0.1,draw
34,caste,1,A,A,B,A,B,A,B,A,B,A,B,A,B,A,B,A,B,A,B,A,0.05,draw
34,rotate,2,B,A,B,A,B,A,B,A,B,A,B,A,B,A,B,A,B,A,B,A,0.05,draw
35,caste,1,A,A,A,A,A,A,A,A,A,A,A,A,A,A,A,A,A,A,A,A,1.0,draw
35,random3,2,B,B,B,B,B,B,B,B,B,B,B,B,B,B,B,B,B,B,B,B,1.0,draw
36,random3,1,B,B,B,A,A,A,A,A,A,A,A,A,A,A,A,A,A,B,A,A,0.55,draw
36,caste,2,B,A,B,A,A,B,A,B,B,B,A,B,B,A,B,B,A,B,B,B,0.55,draw
37,radicaleq,1,A,A,A,A,A,A,A,A,A,A,A,A,A,A,A,A,A,A,A,A,1.0,draw
37,caste,2,B,B,B,B,B,B,B,B,B,B,B,B,B,B,B,B,B,B,B,B,1.0,draw
38,caste,1,A,A,A,A,A,A,A,A,A,A,A,A,A,A,A,A,A,A,A,A,1.0,draw
38,radicaleq,2,B,B,B,B,B,B,B,B,B,B,B,B,B,B,B,B,B,B,B,B,1.0,draw
39,caste,1,A,A,A,A,A,A,A,A,A,A,A,A,A,A,A,A,A,A,A,A,1.0,draw
39,rotate0,2,B,B,B,B,B,B,B,B,B,B,B,B,B,B,B,B,B,B,B,B,1.0,draw
40,rotate0,1,A,A,A,A,A,A,A,A,A,A,A,A,A,A,A,A,A,A,A,A,1.0,draw
40,caste,2,B,B,B,B,B,B,B,B,B,B,B,B,B,B,B,B,B,B,B,B,1.0,draw
41,caste,1,A,A,A,A,A,A,A,A,A,A,A,A,A,A,A,A,A,A,A,A,1.0,draw
41,caste,2,B,B,B,B,B,B,B,B,B,B,B,B,B,B,B,B,B,B,B,B,1.0,draw
42,caste,1,A,A,A,A,A,A,A,A,A,A,A,A,A,A,A,A,A,A,A,A,1.0,draw
42,caste,2,B,B,B,B,B,B,B,B,B,B,B,B,B,B,B,B,B,B,B,B,1.0,draw
43,equalize,1,A,B,A,A,B,B,A,B,A,A,A,B,B,A,B,A,A,A,B,B,0.6,equalize
43,random,2,skip,skip,B,B,A,B,B,B,A,skip,A,A,B,A,B,B,skip,A,skip,skip,0.3,equalize
44,random,1,A,A,skip,A,A,A,skip,skip,B,A,B,B,skip,B,A,A,B,B,A,skip,0.4,equalize
44,equalize,2,B,B,B,A,B,B,A,B,B,A,B,A,A,A,A,B,B,A,A,B,0.65,equalize
45,rotate,1,A,B,A,B,A,B,A,B,A,B,A,B,A,B,A,B,A,B,A,B,0.1,draw
45,equalize,2,B,B,A,A,A,B,A,B,A,B,A,B,A,B,A,B,A,B,A,B,0.1,draw
46,equalize,1,A,A,B,A,B,A,B,A,B,A,B,A,B,A,B,A,B,A,B,A,0.05,draw
46,rotate,2,B,A,B,A,B,A,B,A,B,A,B,A,B,A,B,A,B,A,B,A,0.05,draw
47,equalize,1,A,B,A,B,B,B,B,B,B,B,B,B,B,B,B,B,B,B,B,B,0.85,draw
47,random3,2,A,B,A,A,A,A,A,A,A,A,A,A,A,A,A,A,A,A,A,A,0.85,draw
48,random3,1,B,A,A,B,A,A,A,A,A,B,B,B,B,B,B,A,B,B,B,B,0.45,draw
48,equalize,2,B,A,A,B,A,B,B,B,A,B,B,A,A,A,B,A,A,B,A,A,0.45,draw
49,radicaleq,1,A,A,A,A,A,A,A,A,A,A,A,A,A,A,A,A,A,A,A,A,1.0,draw
49,equalize,2,B,B,B,B,B,B,B,B,B,B,B,B,B,B,B,B,B,B,B,B,1.0,draw
50,equalize,1,A,A,A,A,A,A,A,A,A,A,A,A,A,A,A,A,A,A,A,A,1.0,draw
50,radicaleq,2,B,B,B,B,B,B,B,B,B,B,B,B,B,B,B,B,B,B,B,B,1.0,draw
51,equalize,1,A,A,A,A,A,A,A,A,A,A,A,A,A,A,A,A,A,A,A,A,1.0,draw
51,rotate0,2,B,B,B,B,B,B,B,B,B,B,B,B,B,B,B,B,B,B,B,B,1.0,draw
52,rotate0,1,A,A,A,A,A,A,A,A,A,A,A,A,A,A,A,A,A,A,A,A,1.0,draw
52,equalize,2,B,B,B,B,B,B,B,B,B,B,B,B,B,B,B,B,B,B,B,B,1.0,draw
53,caste,1,A,A,A,A,A,A,A,A,A,A,A,A,A,A,A,A,A,A,A,A,1.0,draw
53,equalize,2,B,B,B,B,B,B,B,B,B,B,B,B,B,B,B,B,B,B,B,B,1.0,draw
54,equalize,1,A,A,A,A,A,A,A,A,A,A,A,A,A,A,A,A,A,A,A,A,1.0,draw
54,caste,2,B,B,B,B,B,B,B,B,B,B,B,B,B,B,B,B,B,B,B,B,1.0,draw
55,equalize,1,A,A,A,A,A,A,A,A,A,A,A,A,A,A,A,A,A,A,A,A,1.0,draw
55,equalize,2,B,B,B,B,B,B,B,B,B,B,B,B,B,B,B,B,B,B,B,B,1.0,draw
56,equalize,1,A,A,A,A,A,A,A,A,A,A,A,A,A,A,A,A,A,A,A,A,1.0,draw
56,equalize,2,B,B,B,B,B,B,B,B,B,B,B,B,B,B,B,B,B,B,B,B,1.0,draw
57,random,1,skip,A,skip,B,A,A,A,B,B,A,A,skip,A,B,B,B,B,B,B,B,0.65,turntaking
57,turntaking,2,B,B,A,B,B,B,A,B,B,B,B,A,B,A,A,A,A,A,A,A,0.8,turntaking
58,turntaking,1,A,A,B,B,B,B,B,B,A,A,B,A,B,B,B,B,B,B,B,B,0.55,turntaking
58,random,2,A,B,B,skip,skip,B,A,A,B,skip,A,A,skip,B,B,B,skip,A,B,B,0.3,turntaking
59,turntaking,1,A,A,A,B,B,B,A,A,A,B,B,B,A,A,A,B,B,B,A,A,0.65,draw
59,rotate,2,B,A,B,A,B,A,B,A,B,A,B,A,B,A,B,A,B,A,B,A,0.65,draw
60,rotate,1,A,B,A,B,A,B,A,B,A,B,A,B,A,B,A,B,A,B,A,B,0.5,draw
60,turntaking,2,B,B,B,B,B,B,B,B,B,B,B,B,B,B,B,B,B,B,B,B,0.5,draw
61,random3,1,A,A,A,A,A,A,A,A,A,A,A,A,A,A,A,A,A,A,A,A,1.0,draw
61,turntaking,2,B,B,B,B,B,B,B,B,B,B,B,B,B,B,B,B,B,B,B,B,1.0,draw
62,turntaking,1,A,A,B,B,B,B,B,B,B,B,A,B,B,B,A,B,A,B,A,B,0.4,draw
62,random3,2,A,B,B,B,B,B,B,B,A,A,A,B,A,A,A,A,A,A,A,A,0.4,draw
63,turntaking,1,A,A,A,A,A,A,A,A,A,A,A,A,A,A,A,A,A,A,A,A,1.0,draw
63,radicaleq,2,B,B,B,B,B,B,B,B,B,B,B,B,B,B,B,B,B,B,B,B,1.0,draw
64,radicaleq,1,A,A,A,A,A,A,A,A,A,A,A,A,A,A,A,A,A,A,A,A,1.0,draw
64,turntaking,2,B,B,B,B,B,B,B,B,B,B,B,B,B,B,B,B,B,B,B,B,1.0,draw
65,rotate0,1,A,A,A,A,A,A,A,A,A,A,A,A,A,A,A,A,A,A,A,A,1.0,draw
65,turntaking,2,B,B,B,B,B,B,B,B,B,B,B,B,B,B,B,B,B,B,B,B,1.0,draw
66,turntaking,1,A,A,A,A,A,A,A,A,A,A,A,A,A,A,A,A,A,A,A,A,1.0,draw
66,rotate0,2,B,B,B,B,B,B,B,B,B,B,B,B,B,B,B,B,B,B,B,B,1.0,draw
67,turntaking,1,A,A,A,A,A,A,A,A,A,A,A,A,A,A,A,A,A,A,A,A,1.0,draw
67,caste,2,B,B,B,B,B,B,B,B,B,B,B,B,B,B,B,B,B,B,B,B,1.0,draw
68,caste,1,A,A,A,A,A,A,A,A,A,A,A,A,A,A,A,A,A,A,A,A,1.0,draw
68,turntaking,2,B,B,B,B,B,B,B,B,B,B,B,B,B,B,B,B,B,B,B,B,1.0,draw
69,equalize,1,A,A,A,A,A,A,A,A,A,A,A,A,A,A,A,A,A,A,A,A,1.0,draw
69,turntaking,2,B,B,B,B,B,B,B,B,B,B,B,B,B,B,B,B,B,B,B,B,1.0,draw
70,turntaking,1,A,A,A,A,A,A,A,A,A,A,A,A,A,A,A,A,A,A,A,A,1.0,draw
70,equalize,2,B,B,B,B,B,B,B,B,B,B,B,B,B,B,B,B,B,B,B,B,1.0,draw
71,turntaking,1,A,A,A,A,A,A,A,A,A,A,A,A,A,A,A,A,A,A,A,A,1.0,draw
71,turntaking,2,B,B,B,B,B,B,B,B,B,B,B,B,B,B,B,B,B,B,B,B,1.0,draw
72,turntaking,1,A,A,A,A,A,A,A,A,A,A,A,A,A,A,A,A,A,A,A,A,1.0,draw
72,turntaking,2,B,B,B,B,B,B,B,B,B,B,B,B,B,B,B,B,B,B,B,B,1.0,draw
73,random,1,B,A,B,B,A,A,skip,B,skip,A,skip,skip,B,B,B,B,B,B,skip,B,0.6,draw
73,random,2,B,skip,skip,A,skip,B,B,A,skip,B,A,A,A,B,B,skip,skip,skip,skip,skip,0.4,draw
74,random,1,B,skip,A,B,B,B,B,A,A,A,B,A,A,skip,A,A,A,A,A,B,0.6,draw
74,random,2,A,skip,skip,skip,skip,A,B,skip,B,A,B,A,B,A,B,B,A,A,skip,A,0.4,draw
75,random,1,B,A,B,skip,A,B,skip,A,B,A,A,B,skip,skip,skip,B,skip,A,skip,B,0.3,rotate
75,rotate,2,B,A,B,A,B,A,B,A,B,A,B,A,B,A,B,A,B,A,B,A,0.65,rotate
76,rotate,1,A,B,A,B,A,B,A,B,A,B,A,B,A,B,A,B,A,B,A,B,0.7,rotate
76,random,2,skip,skip,B,B,B,B,skip,A,A,skip,skip,skip,B,B,A,skip,A,A,B,skip,0.3,rotate
77,rotate,1,A,B,A,B,A,B,A,B,A,B,A,B,A,B,A,B,A,B,A,B,1.0,draw
77,rotate,2,B,A,B,A,B,A,B,A,B,A,B,A,B,A,B,A,B,A,B,A,1.0,draw
78,rotate,1,A,B,A,B,A,B,A,B,A,B,A,B,A,B,A,B,A,B,A,B,1.0,draw
78,rotate,2,B,A,B,A,B,A,B,A,B,A,B,A,B,A,B,A,B,A,B,A,1.0,draw
79,random3,1,B,B,B,B,B,B,B,B,B,B,B,B,B,B,B,A,A,A,A,A,0.6,random3
79,random,2,B,skip,skip,skip,B,B,B,B,B,A,skip,A,skip,skip,B,B,B,A,B,B,0.3,random3
80,random,1,B,skip,skip,B,A,skip,B,skip,B,A,B,skip,skip,skip,A,skip,skip,A,A,A,0.4,random3
80,random3,2,A,A,A,A,A,A,A,A,A,A,A,A,A,A,A,B,B,B,B,B,0.85,random3
81,rotate,1,A,B,A,B,A,B,A,B,A,B,A,B,A,B,A,B,A,B,A,B,0.4,draw
81,random3,2,A,A,A,A,A,B,B,B,A,A,A,A,A,A,A,A,A,B,A,A,0.4,draw
82,random3,1,B,B,B,B,B,A,B,A,A,A,A,A,B,A,A,A,A,A,B,A,0.3,draw
82,rotate,2,B,A,B,A,B,A,B,A,B,A,B,A,B,A,B,A,B,A,B,A,0.3,draw
83,random3,1,A,A,A,A,A,A,A,A,A,A,A,A,A,A,A,A,A,A,A,A,1.0,draw
83,random3,2,B,B,B,B,B,B,B,B,B,B,B,B,B,B,B,B,B,B,B,B,1.0,draw
84,random3,1,A,A,A,A,A,A,A,A,A,A,A,A,A,A,A,A,A,A,A,A,1.0,draw
84,random3,2,B,B,B,B,B,B,B,B,B,B,B,B,B,B,B,B,B,B,B,B,1.0,draw
85,random,1,A,skip,A,skip,skip,skip,A,skip,skip,A,A,B,B,B,skip,B,skip,A,A,skip,0.35,radicaleq
85,radicaleq,2,B,B,B,B,B,B,B,B,B,B,B,B,B,B,B,B,B,B,B,B,0.8,radicaleq
86,radicaleq,1,A,A,B,A,B,B,A,B,B,A,A,A,A,A,A,A,A,A,A,A,0.55,radicaleq
86,random,2,B,A,B,A,A,B,A,A,skip,skip,skip,skip,A,A,skip,skip,A,B,A,skip,0.2,radicaleq
87,radicaleq,1,A,A,B,A,B,A,B,A,B,A,B,A,B,A,B,A,B,A,B,A,0.05,draw
87,rotate,2,B,A,B,A,B,A,B,A,B,A,B,A,B,A,B,A,B,A,B,A,0.05,draw
88,rotate,1,A,B,A,B,A,B,A,B,A,B,A,B,A,B,A,B,A,B,A,B,0.5,draw
88,radicaleq,2,B,B,B,B,B,B,B,B,B,B,B,B,B,B,B,B,B,B,B,B,0.5,draw
89,random3,1,B,B,B,A,A,A,A,A,A,A,A,A,A,A,A,A,A,A,A,A,0.85,draw
89,radicaleq,2,B,B,B,B,B,B,B,B,B,B,B,B,B,B,B,B,B,B,B,B,0.85,draw
90,radicaleq,1,A,A,A,A,A,A,A,A,A,A,A,A,A,A,A,A,A,A,A,A,1.0,draw
90,random3,2,B,B,B,B,B,B,B,B,B,B,B,B,B,B,B,B,B,B,B,B,1.0,draw
91,radicaleq,1,A,A,A,A,A,A,A,A,A,A,A,A,A,A,A,A,A,A,A,A,1.0,draw
91,radicaleq,2,B,B,B,B,B,B,B,B,B,B,B,B,B,B,B,B,B,B,B,B,1.0,draw
92,radicaleq,1,A,A,A,A,A,A,A,A,A,A,A,A,A,A,A,A,A,A,A,A,1.0,draw
92,radicaleq,2,B,B,B,B,B,B,B,B,B,B,B,B,B,B,B,B,B,B,B,B,1.0,draw
93,rotate0,1,A,A,A,A,A,A,A,A,A,A,A,A,A,A,A,A,A,A,A,A,0.7,rotate0
93,random,2,skip,skip,B,A,A,skip,A,B,skip,skip,B,skip,skip,B,A,A,skip,skip,skip,A,0.2,rotate0
94,random,1,A,B,skip,A,A,A,A,A,B,B,B,A,skip,A,A,skip,B,B,skip,A,0.5,rotate0
94,rotate0,2,B,B,B,B,B,B,B,B,B,B,B,B,B,B,B,B,B,B,B,B,0.7,rotate0
95,rotate0,1,A,A,A,A,A,A,A,A,A,A,A,A,A,A,A,A,A,A,A,A,0.5,draw
95,rotate,2,B,A,B,A,B,A,B,A,B,A,B,A,B,A,B,A,B,A,B,A,0.5,draw
96,rotate,1,A,B,A,B,A,B,A,B,A,B,A,B,A,B,A,B,A,B,A,B,0.5,draw
96,rotate0,2,B,B,B,B,B,B,B,B,B,B,B,B,B,B,B,B,B,B,B,B,0.5,draw
97,rotate0,1,A,A,A,A,A,A,A,A,A,A,A,A,A,A,A,A,A,A,A,A,0.95,draw
97,random3,2,A,B,B,B,B,B,B,B,B,B,B,B,B,B,B,B,B,B,B,B,0.95,draw
98,random3,1,A,A,A,A,A,A,A,A,A,A,A,A,A,A,A,A,A,A,A,A,1.0,draw
98,rotate0,2,B,B,B,B,B,B,B,B,B,B,B,B,B,B,B,B,B,B,B,B,1.0,draw
99,rotate0,1,A,A,A,A,A,A,A,A,A,A,A,A,A,A,A,A,A,A,A,A,1.0,draw
99,radicaleq,2,B,B,B,B,B,B,B,B,B,B,B,B,B,B,B,B,B,B,B,B,1.0,draw
100,radicaleq,1,A,A,A,A,A,A,A,A,A,A,A,A,A,A,A,A,A,A,A,A,1.0,draw
100,rotate0,2,B,B,B,B,B,B,B,B,B,B,B,B,B,B,B,B,B,B,B,B,1.0,draw
101,rotate0,1,A,A,A,A,A,A,A,A,A,A,A,A,A,A,A,A,A,A,A,A,1.0,draw
101,rotate0,2,B,B,B,B,B,B,B,B,B,B,B,B,B,B,B,B,B,B,B,B,1.0,draw
102,rotate0,1,A,A,A,A,A,A,A,A,A,A,A,A,A,A,A,A,A,A,A,A,1.0,draw
102,rotate0,2,B,B,B,B,B,B,B,B,B,B,B,B,B,B,B,B,B,B,B,B,1.0,draw
103,caste,1,A,B,A,B,A,A,A,B,B,A,B,A,A,A,A,A,B,A,A,A,0.8,caste
103,random,2,A,B,skip,skip,B,B,A,skip,skip,skip,B,B,B,B,skip,skip,skip,B,B,B,0.4,caste
104,random,1,skip,B,A,skip,A,skip,skip,skip,A,B,B,skip,B,A,A,B,A,skip,skip,A,0.25,caste
104,caste,2,B,A,A,B,A,B,B,A,B,B,A,A,A,B,A,B,A,B,B,A,0.65,caste
105,rotate,1,A,B,A,B,A,B,A,B,A,B,A,B,A,B,A,B,A,B,A,B,0.1,draw
105,caste,2,B,B,A,A,A,B,A,B,A,B,A,B,A,B,A,B,A,B,A,B,0.1,draw
106,caste,1,A,A,B,A,B,A,B,A,B,A,B,A,B,A,B,A,B,A,B,A,0.05,draw
106,rotate,2,B,A,B,A,B,A,B,A,B,A,B,A,B,A,B,A,B,A,B,A,0.05,draw
107,caste,1,A,A,A,A,A,A,A,A,A,A,A,A,A,A,A,A,A,A,A,A,1.0,draw
107,random3,2,B,B,B,B,B,B,B,B,B,B,B,B,B,B,B,B,B,B,B,B,1.0,draw
108,random3,1,B,B,B,B,B,B,A,A,A,A,A,A,A,A,A,A,A,A,A,A,0.7,draw
108,caste,2,B,A,B,A,A,B,A,A,A,B,B,B,B,B,B,B,B,B,B,B,0.7,draw
109,radicaleq,1,A,A,A,A,A,A,A,A,A,A,A,A,A,A,A,A,A,A,A,A,1.0,draw
109,caste,2,B,B,B,B,B,B,B,B,B,B,B,B,B,B,B,B,B,B,B,B,1.0,draw
110,caste,1,A,A,A,A,A,A,A,A,A,A,A,A,A,A,A,A,A,A,A,A,1.0,draw
110,radicaleq,2,B,B,B,B,B,B,B,B,B,B,B,B,B,B,B,B,B,B,B,B,1.0,draw
111,caste,1,A,A,A,A,A,A,A,A,A,A,A,A,A,A,A,A,A,A,A,A,1.0,draw
111,rotate0,2,B,B,B,B,B,B,B,B,B,B,B,B,B,B,B,B,B,B,B,B,1.0,draw
112,rotate0,1,A,A,A,A,A,A,A,A,A,A,A,A,A,A,A,A,A,A,A,A,1.0,draw
112,caste,2,B,B,B,B,B,B,B,B,B,B,B,B,B,B,B,B,B,B,B,B,1.0,draw
113,caste,1,A,A,A,A,A,A,A,A,A,A,A,A,A,A,A,A,A,A,A,A,1.0,draw
113,caste,2,B,B,B,B,B,B,B,B,B,B,B,B,B,B,B,B,B,B,B,B,1.0,draw
114,caste,1,A,A,A,A,A,A,A,A,A,A,A,A,A,A,A,A,A,A,A,A,1.0,draw
114,caste,2,B,B,B,B,B,B,B,B,B,B,B,B,B,B,B,B,B,B,B,B,1.0,draw
115,equalize,1,A,A,B,A,B,A,B,A,B,B,A,A,A,B,B,A,B,A,B,A,0.7,equalize
115,random,2,B,skip,skip,A,B,skip,skip,skip,A,B,skip,B,A,A,B,skip,skip,skip,B,skip,0.2,equalize
116,random,1,skip,skip,B,A,skip,A,B,B,B,A,A,skip,A,A,skip,skip,B,A,skip,B,0.35,equalize
116,equalize,2,B,A,A,B,B,A,B,A,A,A,B,B,A,B,B,B,A,A,B,B,0.7,equalize
117,rotate,1,A,B,A,B,A,B,A,B,A,B,A,B,A,B,A,B,A,B,A,B,0.1,draw
117,equalize,2,B,B,A,A,A,B,A,B,A,B,A,B,A,B,A,B,A,B,A,B,0.1,draw
118,equalize,1,A,A,B,A,B,A,B,A,B,A,B,A,B,A,B,A,B,A,B,A,0.05,draw
118,rotate,2,B,A,B,A,B,A,B,A,B,A,B,A,B,A,B,A,B,A,B,A,0.05,draw
119,equalize,1,A,B,A,A,A,A,A,A,A,A,A,A,A,A,A,A,A,A,A,A,0.9,draw
119,random3,2,A,B,B,B,B,B,B,B,B,B,B,B,B,B,B,B,B,B,B,B,0.9,draw
120,random3,1,A,A,A,A,A,A,A,A,A,A,A,A,A,A,A,A,A,A,A,A,1.0,draw
120,equalize,2,B,B,B,B,B,B,B,B,B,B,B,B,B,B,B,B,B,B,B,B,1.0,draw
121,radicaleq,1,A,A,A,A,A,A,A,A,A,A,A,A,A,A,A,A,A,A,A,A,1.0,draw
121,equalize,2,B,B,B,B,B,B,B,B,B,B,B,B,B,B,B,B,B,B,B,B,1.0,draw
122,equalize,1,A,A,A,A,A,A,A,A,A,A,A,A,A,A,A,A,A,A,A,A,1.0,draw
122,radicaleq,2,B,B,B,B,B,B,B,B,B,B,B,B,B,B,B,B,B,B,B,B,1.0,draw
123,equalize,1,A,A,A,A,A,A,A,A,A,A,A,A,A,A,A,A,A,A,A,A,1.0,draw
123,rotate0,2,B,B,B,B,B,B,B,B,B,B,B,B,B,B,B,B,B,B,B,B,1.0,draw
124,rotate0,1,A,A,A,A,A,A,A,A,A,A,A,A,A,A,A,A,A,A,A,A,1.0,draw
124,equalize,2,B,B,B,B,B,B,B,B,B,B,B,B,B,B,B,B,B,B,B,B,1.0,draw
125,caste,1,A,A,A,A,A,A,A,A,A,A,A,A,A,A,A,A,A,A,A,A,1.0,draw
125,equalize,2,B,B,B,B,B,B,B,B,B,B,B,B,B,B,B,B,B,B,B,B,1.0,draw
126,equalize,1,A,A,A,A,A,A,A,A,A,A,A,A,A,A,A,A,A,A,A,A,1.0,draw
126,caste,2,B,B,B,B,B,B,B,B,B,B,B,B,B,B,B,B,B,B,B,B,1.0,draw
127,equalize,1,A,A,A,A,A,A,A,A,A,A,A,A,A,A,A,A,A,A,A,A,1.0,draw
127,equalize,2,B,B,B,B,B,B,B,B,B,B,B,B,B,B,B,B,B,B,B,B,1.0,draw
128,equalize,1,A,A,A,A,A,A,A,A,A,A,A,A,A,A,A,A,A,A,A,A,1.0,draw
128,equalize,2,B,B,B,B,B,B,B,B,B,B,B,B,B,B,B,B,B,B,B,B,1.0,draw
129,random,1,A,A,skip,skip,B,A,skip,B,B,A,skip,A,skip,skip,A,skip,B,skip,A,B,0.35,turntaking
129,turntaking,2,B,B,B,B,B,B,B,B,B,B,B,B,B,B,B,B,B,B,B,B,0.75,turntaking
130,turntaking,1,A,A,A,A,A,A,A,B,A,A,A,A,A,A,B,B,A,A,A,B,0.85,turntaking
130,random,2,skip,skip,skip,B,skip,B,B,skip,skip,B,skip,A,B,B,A,B,A,B,B,skip,0.45,turntaking
131,turntaking,1,A,A,A,B,B,B,A,A,A,B,B,B,A,A,A,B,B,B,A,A,0.65,draw
131,rotate,2,B,A,B,A,B,A,B,A,B,A,B,A,B,A,B,A,B,A,B,A,0.65,draw
132,rotate,1,A,B,A,B,A,B,A,B,A,B,A,B,A,B,A,B,A,B,A,B,0.5,draw
132,turntaking,2,B,B,B,B,B,B,B,B,B,B,B,B,B,B,B,B,B,B,B,B,0.5,draw
133,random3,1,B,B,B,B,B,B,B,B,B,B,B,B,A,A,A,A,A,A,A,A,0.6,draw
133,turntaking,2,B,B,B,A,B,A,B,A,B,A,A,B,A,B,B,B,B,B,B,B,0.6,draw
134,turntaking,1,A,A,A,A,A,A,A,A,A,A,A,A,A,A,A,A,A,A,A,A,1.0,draw
134,random3,2,B,B,B,B,B,B,B,B,B,B,B,B,B,B,B,B,B,B,B,B,1.0,draw
135,turntaking,1,A,A,A,A,A,A,A,A,A,A,A,A,A,A,A,A,A,A,A,A,1.0,draw
135,radicaleq,2,B,B,B,B,B,B,B,B,B,B,B,B,B,B,B,B,B,B,B,B,1.0,draw
136,radicaleq,1,A,A,A,A,A,A,A,A,A,A,A,A,A,A,A,A,A,A,A,A,1.0,draw
136,turntaking,2,B,B,B,B,B,B,B,B,B,B,B,B,B,B,B,B,B,B,B,B,1.0,draw
137,rotate0,1,A,A,A,A,A,A,A,A,A,A,A,A,A,A,A,A,A,A,A,A,1.0,draw
137,turntaking,2,B,B,B,B,B,B,B,B,B,B,B,B,B,B,B,B,B,B,B,B,1.0,draw
138,turntaking,1,A,A,A,A,A,A,A,A,A,A,A,A,A,A,A,A,A,A,A,A,1.0,draw
138,rotate0,2,B,B,B,B,B,B,B,B,B,B,B,B,B,B,B,B,B,B,B,B,1.0,draw
139,turntaking,1,A,A,A,A,A,A,A,A,A,A,A,A,A,A,A,A,A,A,A,A,1.0,draw
139,caste,2,B,B,B,B,B,B,B,B,B,B,B,B,B,B,B,B,B,B,B,B,1.0,draw
140,caste,1,A,A,A,A,A,A,A,A,A,A,A,A,A,A,A,A,A,A,A,A,1.0,draw
140,turntaking,2,B,B,B,B,B,B,B,B,B,B,B,B,B,B,B,B,B,B,B,B,1.0,draw
141,equalize,1,A,A,A,A,A,A,A,A,A,A,A,A,A,A,A,A,A,A,A,A,1.0,draw
141,turntaking,2,B,B,B,B,B,B,B,B,B,B,B,B,B,B,B,B,B,B,B,B,1.0,draw
142,turntaking,1,A,A,A,A,A,A,A,A,A,A,A,A,A,A,A,A,A,A,A,A,1.0,draw
142,equalize,2,B,B,B,B,B,B,B,B,B,B,B,B,B,B,B,B,B,B,B,B,1.0,draw
143,turntaking,1,A,A,A,A,A,A,A,A,A,A,A,A,A,A,A,A,A,A,A,A,1.0,draw
143,turntaking,2,B,B,B,B,B,B,B,B,B,B,B,B,B,B,B,B,B,B,B,B,1.0,draw
144,turntaking,1,A,A,A,A,A,A,A,A,A,A,A,A,A,A,A,A,A,A,A,A,1.0,draw
144,turntaking,2,B,B,B,B,B,B,B,B,B,B,B,B,B,B,B,B,B,B,B,B,1.0,draw
145,random,1,skip,A,B,A,B,B,skip,B,B,skip,skip,A,skip,B,skip,skip,skip,A,A,skip,0.35,draw
145,random,2,B,A,skip,A,A,B,A,A,B,skip,B,B,A,A,B,skip,B,skip,skip,B,0.55,draw
146,random,1,B,A,B,B,skip,skip,A,A,skip,B,B,skip,B,B,skip,B,skip,B,skip,skip,0.3,draw
146,random,2,B,A,B,A,B,B,A,skip,B,A,A,A,A,A,A,B,B,B,skip,A,0.6,draw
147,random,1,skip,B,skip,A,skip,skip,skip,A,B,B,A,B,skip,B,skip,A,skip,A,A,skip,0.3,rotate
147,rotate,2,B,A,B,A,B,A,B,A,B,A,B,A,B,A,B,A,B,A,B,A,0.75,rotate
148,rotate,1,A,B,A,B,A,B,A,B,A,B,A,B,A,B,A,B,A,B,A,B,0.75,rotate
148,random,2,A,A,skip,skip,B,B,B,skip,A,B,skip,skip,skip,B,skip,skip,skip,skip,skip,skip,0.15,rotate
149,rotate,1,A,B,A,B,A,B,A,B,A,B,A,B,A,B,A,B,A,B,A,B,1.0,draw
149,rotate,2,B,A,B,A,B,A,B,A,B,A,B,A,B,A,B,A,B,A,B,A,1.0,draw
150,rotate,1,A,B,A,B,A,B,A,B,A,B,A,B,A,B,A,B,A,B,A,B,1.0,draw
150,rotate,2,B,A,B,A,B,A,B,A,B,A,B,A,B,A,B,A,B,A,B,A,1.0,draw
151,random3,1,A,A,A,A,A,A,A,A,A,A,A,A,A,A,A,A,A,B,B,B,0.4,random3
151,random,2,A,skip,skip,B,A,A,A,A,skip,skip,A,A,A,B,skip,A,A,B,A,B,0.15,random3
152,random,1,skip,skip,B,A,B,B,A,A,A,B,skip,skip,B,B,B,A,A,A,A,skip,0.4,random3
152,random3,2,B,B,B,B,B,B,B,B,B,B,B,B,B,B,B,B,B,B,B,B,0.65,random3
153,rotate,1,A,B,A,B,A,B,A,B,A,B,A,B,A,B,A,B,A,B,A,B,0.4,draw
153,random3,2,A,B,B,B,B,B,B,B,A,B,B,B,B,B,B,B,B,B,A,A,0.4,draw
154,random3,1,B,B,B,B,B,B,B,B,B,B,B,B,B,B,B,A,B,A,A,A,0.4,draw
154,rotate,2,B,A,B,A,B,A,B,A,B,A,B,A,B,A,B,A,B,A,B,A,0.4,draw
155,random3,1,A,A,A,A,A,A,A,A,A,A,A,A,A,A,A,A,A,A,A,A,1.0,draw
155,random3,2,B,B,B,B,B,B,B,B,B,B,B,B,B,B,B,B,B,B,B,B,1.0,draw
156,random3,1,A,A,A,A,A,A,A,A,A,A,A,A,A,A,A,A,A,A,A,A,1.0,draw
156,random3,2,B,B,B,B,B,B,B,B,B,B,B,B,B,B,B,B,B,B,B,B,1.0,draw
157,random,1,skip,A,A,A,B,A,A,skip,A,B,skip,A,B,A,A,A,B,skip,B,B,0.5,radicaleq
157,radicaleq,2,B,B,B,B,B,B,B,B,B,B,B,B,B,B,B,B,B,B,B,B,0.7,radicaleq
158,radicaleq,1,A,B,A,B,B,A,A,A,A,A,A,A,A,A,A,A,A,A,A,A,0.75,radicaleq
158,random,2,A,B,A,A,skip,B,B,skip,B,B,B,B,skip,B,skip,B,B,skip,A,A,0.5,radicaleq
159,radicaleq,1,A,A,B,A,B,A,B,A,B,A,B,A,B,A,B,A,B,A,B,A,0.05,draw
159,rotate,2,B,A,B,A,B,A,B,A,B,A,B,A,B,A,B,A,B,A,B,A,0.05,draw
160,rotate,1,A,B,A,B,A,B,A,B,A,B,A,B,A,B,A,B,A,B,A,B,0.5,draw
160,radicaleq,2,B,B,B,B,B,B,B,B,B,B,B,B,B,B,B,B,B,B,B,B,0.5,draw
161,random3,1,B,B,B,B,B,B,B,A,A,A,A,A,A,A,A,A,A,A,A,A,0.65,draw
161,radicaleq,2,B,B,B,B,B,B,B,B,B,B,B,B,B,B,B,B,B,B,B,B,0.65,draw
162,radicaleq,1,A,B,B,B,B,B,B,B,B,B,B,B,B,B,B,B,B,B,B,B,0.95,draw
162,random3,2,A,A,A,A,A,A,A,A,A,A,A,A,A,A,A,A,A,A,A,A,0.95,draw
163,radicaleq,1,A,A,A,A,A,A,A,A,A,A,A,A,A,A,A,A,A,A,A,A,1.0,draw
163,radicaleq,2,B,B,B,B,B,B,B,B,B,B,B,B,B,B,B,B,B,B,B,B,1.0,draw
164,radicaleq,1,A,A,A,A,A,A,A,A,A,A,A,A,A,A,A,A,A,A,A,A,1.0,draw
164,radicaleq,2,B,B,B,B,B,B,B,B,B,B,B,B,B,B,B,B,B,B,B,B,1.0,draw
165,rotate0,1,A,A,A,A,A,A,A,A,A,A,A,A,A,A,A,A,A,A,A,A,0.7,rotate0
165,random,2,A,B,A,B,B,skip,B,B,B,A,A,B,A,B,B,B,B,B,B,A,0.65,rotate0
166,random,1,B,skip,skip,B,skip,skip,A,skip,B,B,A,B,A,skip,B,skip,skip,A,B,A,0.25,rotate0
166,rotate0,2,B,B,B,B,B,B,B,B,B,B,B,B,B,B,B,B,B,B,B,B,0.65,rotate0
167,rotate0,1,A,A,A,A,A,A,A,A,A,A,A,A,A,A,A,A,A,A,A,A,0.5,draw
167,rotate,2,B,A,B,A,B,A,B,A,B,A,B,A,B,A,B,A,B,A,B,A,0.5,draw
168,rotate,1,A,B,A,B,A,B,A,B,A,B,A,B,A,B,A,B,A,B,A,B,0.5,draw
168,rotate0,2,B,B,B,B,B,B,B,B,B,B,B,B,B,B,B,B,B,B,B,B,0.5,draw
169,rotate0,1,A,A,A,A,A,A,A,A,A,A,A,A,A,A,A,A,A,A,A,A,1.0,draw
169,random3,2,B,B,B,B,B,B,B,B,B,B,B,B,B,B,B,B,B,B,B,B,1.0,draw
170,random3,1,B,A,A,A,A,A,A,A,A,A,A,A,A,A,A,A,A,A,A,A,0.95,draw
170,rotate0,2,B,B,B,B,B,B,B,B,B,B,B,B,B,B,B,B,B,B,B,B,0.95,draw
171,rotate0,1,A,A,A,A,A,A,A,A,A,A,A,A,A,A,A,A,A,A,A,A,1.0,draw
171,radicaleq,2,B,B,B,B,B,B,B,B,B,B,B,B,B,B,B,B,B,B,B,B,1.0,draw
172,radicaleq,1,A,A,A,A,A,A,A,A,A,A,A,A,A,A,A,A,A,A,A,A,1.0,draw
172,rotate0,2,B,B,B,B,B,B,B,B,B,B,B,B,B,B,B,B,B,B,B,B,1.0,draw
173,rotate0,1,A,A,A,A,A,A,A,A,A,A,A,A,A,A,A,A,A,A,A,A,1.0,draw
173,rotate0,2,B,B,B,B,B,B,B,B,B,B,B,B,B,B,B,B,B,B,B,B,1.0,draw
174,rotate0,1,A,A,A,A,A,A,A,A,A,A,A,A,A,A,A,A,A,A,A,A,1.0,draw
174,rotate0,2,B,B,B,B,B,B,B,B,B,B,B,B,B,B,B,B,B,B,B,B,1.0,draw
175,caste,1,A,B,B,B,B,A,A,B,B,A,B,A,A,B,B,A,A,A,B,B,0.6,caste
175,random,2,A,A,A,B,skip,B,A,A,B,skip,B,B,A,A,B,skip,B,A,A,skip,0.4,caste
176,random,1,B,A,B,A,skip,skip,B,B,skip,skip,B,B,A,skip,skip,A,B,A,skip,skip,0.25,caste
176,caste,2,B,A,A,B,B,A,A,B,A,A,B,A,A,B,A,B,B,A,B,A,0.65,caste
177,rotate,1,A,B,A,B,A,B,A,B,A,B,A,B,A,B,A,B,A,B,A,B,0.1,draw
177,caste,2,B,B,A,A,A,B,A,B,A,B,A,B,A,B,A,B,A,B,A,B,0.1,draw
178,caste,1,A,A,B,A,B,A,B,A,B,A,B,A,B,A,B,A,B,A,B,A,0.05,draw
178,rotate,2,B,A,B,A,B,A,B,A,B,A,B,A,B,A,B,A,B,A,B,A,0.05,draw
179,caste,1,A,B,B,B,B,B,B,B,B,B,B,B,B,B,B,B,B,B,B,B,0.95,draw
179,random3,2,A,A,A,A,A,A,A,A,A,A,A,A,A,A,A,A,A,A,A,A,0.95,draw
180,random3,1,A,A,A,A,A,A,A,A,A,A,A,A,A,A,A,A,A,A,A,A,1.0,draw
180,caste,2,B,B,B,B,B,B,B,B,B,B,B,B,B,B,B,B,B,B,B,B,1.0,draw
181,radicaleq,1,A,A,A,A,A,A,A,A,A,A,A,A,A,A,A,A,A,A,A,A,1.0,draw
181,caste,2,B,B,B,B,B,B,B,B,B,B,B,B,B,B,B,B,B,B,B,B,1.0,draw
182,caste,1,A,A,A,A,A,A,A,A,A,A,A,A,A,A,A,A,A,A,A,A,1.0,draw
182,radicaleq,2,B,B,B,B,B,B,B,B,B,B,B,B,B,B,B,B,B,B,B,B,1.0,draw
183,caste,1,A,A,A,A,A,A,A,A,A,A,A,A,A,A,A,A,A,A,A,A,1.0,draw
183,rotate0,2,B,B,B,B,B,B,B,B,B,B,B,B,B,B,B,B,B,B,B,B,1.0,draw
184,rotate0,1,A,A,A,A,A,A,A,A,A,A,A,A,A,A,A,A,A,A,A,A,1.0,draw
184,caste,2,B,B,B,B,B,B,B,B,B,B,B,B,B,B,B,B,B,B,B,B,1.0,draw
185,caste,1,A,A,A,A,A,A,A,A,A,A,A,A,A,A,A,A,A,A,A,A,1.0,draw
185,caste,2,B,B,B,B,B,B,B,B,B,B,B,B,B,B,B,B,B,B,B,B,1.0,draw
186,caste,1,A,A,A,A,A,A,A,A,A,A,A,A,A,A,A,A,A,A,A,A,1.0,draw
186,caste,2,B,B,B,B,B,B,B,B,B,B,B,B,B,B,B,B,B,B,B,B,1.0,draw
187,equalize,1,A,A,B,A,B,A,A,B,B,B,A,B,A,B,A,A,B,A,A,B,0.55,equalize
187,random,2,B,A,B,skip,B,skip,A,A,A,B,skip,skip,skip,B,B,A,B,B,A,A,0.3,equalize
188,random,1,B,A,skip,skip,skip,B,A,skip,B,A,A,skip,skip,A,A,A,skip,skip,A,B,0.2,equalize
188,equalize,2,B,A,A,B,A,B,A,B,A,B,A,B,B,A,B,B,B,B,A,B,0.6,equalize
189,rotate,1,A,B,A,B,A,B,A,B,A,B,A,B,A,B,A,B,A,B,A,B,0.1,draw
189,equalize,2,B,B,A,A,A,B,A,B,A,B,A,B,A,B,A,B,A,B,A,B,0.1,draw
190,equalize,1,A,A,B,A,B,A,B,A,B,A,B,A,B,A,B,A,B,A,B,A,0.05,draw
190,rotate,2,B,A,B,A,B,A,B,A,B,A,B,A,B,A,B,A,B,A,B,A,0.05,draw
191,equalize,1,A,B,B,B,B,B,B,B,B,B,B,B,B,B,B,B,B,B,B,B,0.95,draw
191,random3,2,A,A,A,A,A,A,A,A,A,A,A,A,A,A,A,A,A,A,A,A,0.95,draw
192,random3,1,A,A,A,A,A,A,A,A,A,A,A,A,A,A,A,A,A,A,A,A,1.0,draw
192,equalize,2,B,B,B,B,B,B,B,B,B,B,B,B,B,B,B,B,B,B,B,B,1.0,draw
193,radicaleq,1,A,A,A,A,A,A,A,A,A,A,A,A,A,A,A,A,A,A,A,A,1.0,draw
193,equalize,2,B,B,B,B,B,B,B,B,B,B,B,B,B,B,B,B,B,B,B,B,1.0,draw
194,equalize,1,A,A,A,A,A,A,A,A,A,A,A,A,A,A,A,A,A,A,A,A,1.0,draw
194,radicaleq,2,B,B,B,B,B,B,B,B,B,B,B,B,B,B,B,B,B,B,B,B,1.0,draw
195,equalize,1,A,A,A,A,A,A,A,A,A,A,A,A,A,A,A,A,A,A,A,A,1.0,draw
195,rotate0,2,B,B,B,B,B,B,B,B,B,B,B,B,B,B,B,B,B,B,B,B,1.0,draw
196,rotate0,1,A,A,A,A,A,A,A,A,A,A,A,A,A,A,A,A,A,A,A,A,1.0,draw
196,equalize,2,B,B,B,B,B,B,B,B,B,B,B,B,B,B,B,B,B,B,B,B,1.0,draw
197,caste,1,A,A,A,A,A,A,A,A,A,A,A,A,A,A,A,A,A,A,A,A,1.0,draw
197,equalize,2,B,B,B,B,B,B,B,B,B,B,B,B,B,B,B,B,B,B,B,B,1.0,draw
198,equalize,1,A,A,A,A,A,A,A,A,A,A,A,A,A,A,A,A,A,A,A,A,1.0,draw
198,caste,2,B,B,B,B,B,B,B,B,B,B,B,B,B,B,B,B,B,B,B,B,1.0,draw
199,equalize,1,A,A,A,A,A,A,A,A,A,A,A,A,A,A,A,A,A,A,A,A,1.0,draw
199,equalize,2,B,B,B,B,B,B,B,B,B,B,B,B,B,B,B,B,B,B,B,B,1.0,draw
200,equalize,1,A,A,A,A,A,A,A,A,A,A,A,A,A,A,A,A,A,A,A,A,1.0,draw
200,equalize,2,B,B,B,B,B,B,B,B,B,B,B,B,B,B,B,B,B,B,B,B,1.0,draw
201,random,1,A,skip,A,A,skip,skip,A,skip,A,skip,A,A,A,B,A,skip,skip,A,skip,A,0.15,turntaking
201,turntaking,2,B,B,B,A,A,A,A,A,A,A,A,A,A,A,A,A,A,A,A,A,0.55,turntaking
202,turntaking,1,A,A,A,B,A,B,B,B,B,B,B,B,B,B,B,B,B,A,B,B,0.55,turntaking
202,random,2,skip,A,B,B,B,A,B,skip,A,B,skip,B,B,skip,B,A,A,A,B,skip,0.3,turntaking
203,turntaking,1,A,A,A,B,B,B,A,A,A,B,B,B,A,A,A,B,B,B,A,A,0.65,draw
203,rotate,2,B,A,B,A,B,A,B,A,B,A,B,A,B,A,B,A,B,A,B,A,0.65,draw
204,rotate,1,A,B,A,B,A,B,A,B,A,B,A,B,A,B,A,B,A,B,A,B,0.5,draw
204,turntaking,2,B,B,B,B,B,B,B,B,B,B,B,B,B,B,B,B,B,B,B,B,0.5,draw
205,random3,1,B,A,A,A,A,A,A,A,A,A,A,A,A,A,A,A,A,A,A,A,0.95,draw
205,turntaking,2,B,B,B,B,B,B,B,B,B,B,B,B,B,B,B,B,B,B,B,B,0.95,draw
206,turntaking,1,A,A,A,A,A,A,A,A,A,A,A,A,A,A,A,A,A,A,A,A,1.0,draw
206,random3,2,B,B,B,B,B,B,B,B,B,B,B,B,B,B,B,B,B,B,B,B,1.0,draw
207,turntaking,1,A,A,A,A,A,A,A,A,A,A,A,A,A,A,A,A,A,A,A,A,1.0,draw
207,radicaleq,2,B,B,B,B,B,B,B,B,B,B,B,B,B,B,B,B,B,B,B,B,1.0,draw
208,radicaleq,1,A,A,A,A,A,A,A,A,A,A,A,A,A,A,A,A,A,A,A,A,1.0,draw
208,turntaking,2,B,B,B,B,B,B,B,B,B,B,B,B,B,B,B,B,B,B,B,B,1.0,draw
209,rotate0,1,A,A,A,A,A,A,A,A,A,A,A,A,A,A,A,A,A,A,A,A,1.0,draw
209,turntaking,2,B,B,B,B,B,B,B,B,B,B,B,B,B,B,B,B,B,B,B,B,1.0,draw
210,turntaking,1,A,A,A,A,A,A,A,A,A,A,A,A,A,A,A,A,A,A,A,A,1.0,draw
210,rotate0,2,B,B,B,B,B,B,B,B,B,B,B,B,B,B,B,B,B,B,B,B,1.0,draw
211,turntaking,1,A,A,A,A,A,A,A,A,A,A,A,A,A,A,A,A,A,A,A,A,1.0,draw
211,caste,2,B,B,B,B,B,B,B,B,B,B,B,B,B,B,B,B,B,B,B,B,1.0,draw
212,caste,1,A,A,A,A,A,A,A,A,A,A,A,A,A,A,A,A,A,A,A,A,1.0,draw
212,turntaking,2,B,B,B,B,B,B,B,B,B,B,B,B,B,B,B,B,B,B,B,B,1.0,draw
213,equalize,1,A,A,A,A,A,A,A,A,A,A,A,A,A,A,A,A,A,A,A,A,1.0,draw
213,turntaking,2,B,B,B,B,B,B,B,B,B,B,B,B,B,B,B,B,B,B,B,B,1.0,draw
214,turntaking,1,A,A,A,A,A,A,A,A,A,A,A,A,A,A,A,A,A,A,A,A,1.0,draw
214,equalize,2,B,B,B,B,B,B,B,B,B,B,B,B,B,B,B,B,B,B,B,B,1.0,draw
215,turntaking,1,A,A,A,A,A,A,A,A,A,A,A,A,A,A,A,A,A,A,A,A,1.0,draw
215,turntaking,2,B,B,B,B,B,B,B,B,B,B,B,B,B,B,B,B,B,B,B,B,1.0,draw
216,turntaking,1,A,A,A,A,A,A,A,A,A,A,A,A,A,A,A,A,A,A,A,A,1.0,draw
216,turntaking,2,B,B,B,B,B,B,B,B,B,B,B,B,B,B,B,B,B,B,B,B,1.0,draw
217,random,1,A,A,skip,A,A,A,B,B,skip,B,A,A,B,B,A,B,skip,A,A,skip,0.5,draw
217,random,2,A,skip,skip,B,B,B,B,B,A,A,A,B,A,B,skip,A,skip,A,B,skip,0.45,draw
218,random,1,skip,A,A,skip,skip,skip,skip,B,B,skip,B,A,B,skip,skip,skip,skip,A,skip,A,0.25,draw
218,random,2,A,A,A,skip,B,B,skip,skip,B,B,skip,B,skip,B,A,skip,skip,A,B,B,0.45,draw
219,random,1,skip,B,B,A,skip,B,skip,skip,skip,A,skip,B,skip,B,A,B,B,skip,skip,skip,0.3,rotate
219,rotate,2,B,A,B,A,B,A,B,A,B,A,B,A,B,A,B,A,B,A,B,A,0.8,rotate
220,rotate,1,A,B,A,B,A,B,A,B,A,B,A,B,A,B,A,B,A,B,A,B,0.85,rotate
220,random,2,B,B,skip,A,skip,A,skip,B,skip,skip,skip,A,skip,skip,B,A,A,A,skip,A,0.4,rotate
221,rotate,1,A,B,A,B,A,B,A,B,A,B,A,B,A,B,A,B,A,B,A,B,1.0,draw
221,rotate,2,B,A,B,A,B,A,B,A,B,A,B,A,B,A,B,A,B,A,B,A,1.0,draw
222,rotate,1,A,B,A,B,A,B,A,B,A,B,A,B,A,B,A,B,A,B,A,B,1.0,draw
222,rotate,2,B,A,B,A,B,A,B,A,B,A,B,A,B,A,B,A,B,A,B,A,1.0,draw
223,random3,1,B,B,B,B,B,B,B,B,B,B,B,B,A,B,B,B,B,A,A,A,0.65,random3
223,random,2,A,skip,B,skip,skip,A,skip,A,B,skip,A,B,A,B,A,A,B,skip,A,skip,0.3,random3
224,random,1,skip,A,skip,B,B,B,B,skip,B,A,A,skip,A,A,A,skip,B,skip,B,A,0.35,random3
224,random3,2,A,A,A,A,A,A,A,A,A,A,A,A,A,A,A,A,A,A,A,A,0.65,random3
225,rotate,1,A,B,A,B,A,B,A,B,A,B,A,B,A,B,A,B,A,B,A,B,0.3,draw
225,random3,2,A,B,B,B,A,A,A,A,A,A,A,B,A,B,A,A,A,A,A,B,0.3,draw
226,random3,1,A,A,B,B,B,B,B,B,B,A,A,A,A,A,A,A,B,A,A,A,0.4,draw
226,rotate,2,B,A,B,A,B,A,B,A,B,A,B,A,B,A,B,A,B,A,B,A,0.4,draw
227,random3,1,B,B,B,B,B,B,B,B,B,B,B,B,B,B,B,B,B,B,B,B,1.0,draw
227,random3,2,A,A,A,A,A,A,A,A,A,A,A,A,A,A,A,A,A,A,A,A,1.0,draw
228,random3,1,A,A,B,A,A,A,A,A,A,A,A,A,A,A,A,A,A,A,A,A,0.85,draw
228,random3,2,A,A,B,B,B,B,B,B,B,B,B,B,B,B,B,B,B,B,B,B,0.85,draw
229,random,1,A,A,B,skip,A,skip,A,A,skip,skip,B,skip,B,B,skip,A,A,B,B,B,0.35,radicaleq
229,radicaleq,2,B,B,B,B,B,B,B,B,B,B,B,B,B,B,B,B,B,B,B,B,0.65,radicaleq
230,radicaleq,1,A,A,A,A,A,A,A,A,A,A,A,A,A,A,A,A,A,A,A,A,0.6,radicaleq
230,random,2,skip,skip,B,skip,A,skip,skip,A,A,skip,B,A,skip,A,A,skip,A,A,B,skip,0.15,radicaleq
231,radicaleq,1,A,A,B,A,B,A,B,A,B,A,B,A,B,A,B,A,B,A,B,A,0.05,draw
231,rotate,2,B,A,B,A,B,A,B,A,B,A,B,A,B,A,B,A,B,A,B,A,0.05,draw
232,rotate,1,A,B,A,B,A,B,A,B,A,B,A,B,A,B,A,B,A,B,A,B,0.5,draw
232,radicaleq,2,B,B,B,B,B,B,B,B,B,B,B,B,B,B,B,B,B,B,B,B,0.5,draw
233,random3,1,B,B,B,B,B,A,A,A,A,A,A,A,A,A,A,A,A,A,A,A,0.75,draw
233,radicaleq,2,B,B,B,B,B,B,B,B,B,B,B,B,B,B,B,B,B,B,B,B,0.75,draw
234,radicaleq,1,A,A,A,A,A,A,A,A,A,A,A,A,A,A,A,A,A,A,A,A,1.0,draw
234,random3,2,B,B,B,B,B,B,B,B,B,B,B,B,B,B,B,B,B,B,B,B,1.0,draw
235,radicaleq,1,A,A,A,A,A,A,A,A,A,A,A,A,A,A,A,A,A,A,A,A,1.0,draw
235,radicaleq,2,B,B,B,B,B,B,B,B,B,B,B,B,B,B,B,B,B,B,B,B,1.0,draw
236,radicaleq,1,A,A,A,A,A,A,A,A,A,A,A,A,A,A,A,A,A,A,A,A,1.0,draw
236,radicaleq,2,B,B,B,B,B,B,B,B,B,B,B,B,B,B,B,B,B,B,B,B,1.0,draw
237,rotate0,1,A,A,A,A,A,A,A,A,A,A,A,A,A,A,A,A,A,A,A,A,0.7,rotate0
237,random,2,B,A,B,skip,B,A,A,B,A,B,skip,skip,skip,A,B,A,B,B,B,skip,0.45,rotate0
238,random,1,skip,B,skip,A,skip,skip,B,A,skip,skip,B,A,B,A,A,skip,B,skip,A,B,0.3,rotate0
238,rotate0,2,B,B,B,B,B,B,B,B,B,B,B,B,B,B,B,B,B,B,B,B,0.7,rotate0
239,rotate0,1,A,A,A,A,A,A,A,A,A,A,A,A,A,A,A,A,A,A,A,A,0.5,draw
239,rotate,2,B,A,B,A,B,A,B,A,B,A,B,A,B,A,B,A,B,A,B,A,0.5,draw
240,rotate,1,A,B,A,B,A,B,A,B,A,B,A,B,A,B,A,B,A,B,A,B,0.5,draw
240,rotate0,2,B,B,B,B,B,B,B,B,B,B,B,B,B,B,B,B,B,B,B,B,0.5,draw
241,rotate0,1,A,A,A,A,A,A,A,A,A,A,A,A,A,A,A,A,A,A,A,A,1.0,draw
241,random3,2,B,B,B,B,B,B,B,B,B,B,B,B,B,B,B,B,B,B,B,B,1.0,draw
242,random3,1,A,A,A,A,A,A,A,A,A,A,A,A,A,A,A,A,A,A,A,A,1.0,draw
242,rotate0,2,B,B,B,B,B,B,B,B,B,B,B,B,B,B,B,B,B,B,B,B,1.0,draw
243,rotate0,1,A,A,A,A,A,A,A,A,A,A,A,A,A,A,A,A,A,A,A,A,1.0,draw
243,radicaleq,2,B,B,B,B,B,B,B,B,B,B,B,B,B,B,B,B,B,B,B,B,1.0,draw
244,radicaleq,1,A,A,A,A,A,A,A,A,A,A,A,A,A,A,A,A,A,A,A,A,1.0,draw
244,rotate0,2,B,B,B,B,B,B,B,B,B,B,B,B,B,B,B,B,B,B,B,B,1.0,draw
245,rotate0,1,A,A,A,A,A,A,A,A,A,A,A,A,A,A,A,A,A,A,A,A,1.0,draw
245,rotate0,2,B,B,B,B,B,B,B,B,B,B,B,B,B,B,B,B,B,B,B,B,1.0,draw
246,rotate0,1,A,A,A,A,A,A,A,A,A,A,A,A,A,A,A,A,A,A,A,A,1.0,draw
246,rotate0,2,B,B,B,B,B,B,B,B,B,B,B,B,B,B,B,B,B,B,B,B,1.0,draw
247,caste,1,A,B,A,B,B,B,B,A,A,B,A,A,B,B,A,B,A,A,A,B,0.7,caste
247,random,2,skip,B,A,A,A,A,B,B,A,B,B,A,skip,skip,skip,skip,B,skip,skip,skip,0.3,caste
248,random,1,skip,A,skip,A,A,B,skip,B,skip,skip,A,B,A,B,skip,B,A,B,A,B,0.15,caste
248,caste,2,B,A,B,A,B,B,A,B,A,A,B,B,A,B,A,A,A,B,A,B,0.45,caste
249,rotate,1,A,B,A,B,A,B,A,B,A,B,A,B,A,B,A,B,A,B,A,B,0.1,draw
249,caste,2,B,B,A,A,A,B,A,B,A,B,A,B,A,B,A,B,A,B,A,B,0.1,draw
250,caste,1,A,A,B,A,B,A,B,A,B,A,B,A,B,A,B,A,B,A,B,A,0.05,draw
250,rotate,2,B,A,B,A,B,A,B,A,B,A,B,A,B,A,B,A,B,A,B,A,0.05,draw
251,caste,1,A,B,A,A,A,A,A,A,A,A,A,A,A,A,A,A,A,A,A,A,0.9,draw
251,random3,2,A,B,B,B,B,B,B,B,B,B,B,B,B,B,B,B,B,B,B,B,0.9,draw
252,random3,1,A,A,A,A,A,A,A,A,A,A,A,A,A,A,A,A,A,A,A,A,1.0,draw
252,caste,2,B,B,B,B,B,B,B,B,B,B,B,B,B,B,B,B,B,B,B,B,1.0,draw
253,radicaleq,1,A,A,A,A,A,A,A,A,A,A,A,A,A,A,A,A,A,A,A,A,1.0,draw
253,caste,2,B,B,B,B,B,B,B,B,B,B,B,B,B,B,B,B,B,B,B,B,1.0,draw
254,caste,1,A,A,A,A,A,A,A,A,A,A,A,A,A,A,A,A,A,A,A,A,1.0,draw
254,radicaleq,2,B,B,B,B,B,B,B,B,B,B,B,B,B,B,B,B,B,B,B,B,1.0,draw
255,caste,1,A,A,A,A,A,A,A,A,A,A,A,A,A,A,A,A,A,A,A,A,1.0,draw
255,rotate0,2,B,B,B,B,B,B,B,B,B,B,B,B,B,B,B,B,B,B,B,B,1.0,draw
256,rotate0,1,A,A,A,A,A,A,A,A,A,A,A,A,A,A,A,A,A,A,A,A,1.0,draw
256,caste,2,B,B,B,B,B,B,B,B,B,B,B,B,B,B,B,B,B,B,B,B,1.0,draw
257,caste,1,A,A,A,A,A,A,A,A,A,A,A,A,A,A,A,A,A,A,A,A,1.0,draw
257,caste,2,B,B,B,B,B,B,B,B,B,B,B,B,B,B,B,B,B,B,B,B,1.0,draw
258,caste,1,A,A,A,A,A,A,A,A,A,A,A,A,A,A,A,A,A,A,A,A,1.0,draw
258,caste,2,B,B,B,B,B,B,B,B,B,B,B,B,B,B,B,B,B,B,B,B,1.0,draw
259,equalize,1,A,B,A,A,B,B,B,B,B,B,A,B,A,A,B,A,A,B,B,A,0.6,equalize
259,random,2,skip,A,B,A,skip,skip,A,skip,A,B,A,B,skip,skip,B,B,A,A,B,A,0.3,equalize
260,random,1,skip,skip,skip,skip,A,A,skip,skip,A,skip,skip,B,A,skip,A,skip,A,skip,skip,B,0.2,equalize
260,equalize,2,B,A,A,B,A,B,B,B,A,B,B,A,A,B,B,B,A,B,B,A,0.8,equalize
261,rotate,1,A,B,A,B,A,B,A,B,A,B,A,B,A,B,A,B,A,B,A,B,0.1,draw
261,equalize,2,B,B,A,A,A,B,A,B,A,B,A,B,A,B,A,B,A,B,A,B,0.1,draw
262,equalize,1,A,A,B,A,B,A,B,A,B,A,B,A,B,A,B,A,B,A,B,A,0.05,draw
262,rotate,2,B,A,B,A,B,A,B,A,B,A,B,A,B,A,B,A,B,A,B,A,0.05,draw
263,equalize,1,A,A,A,A,A,A,A,A,A,A,A,A,A,A,A,A,A,A,A,A,1.0,draw
263,random3,2,B,B,B,B,B,B,B,B,B,B,B,B,B,B,B,B,B,B,B,B,1.0,draw
264,random3,1,B,B,B,B,B,B,B,B,B,A,A,A,A,B,B,B,B,B,B,B,0.5,draw
264,equalize,2,B,A,B,A,A,B,A,A,B,A,A,A,A,B,A,A,A,A,B,A,0.5,draw
265,radicaleq,1,A,A,A,A,A,A,A,A,A,A,A,A,A,A,A,A,A,A,A,A,1.0,draw
265,equalize,2,B,B,B,B,B,B,B,B,B,B,B,B,B,B,B,B,B,B,B,B,1.0,draw
266,equalize,1,A,A,A,A,A,A,A,A,A,A,A,A,A,A,A,A,A,A,A,A,1.0,draw
266,radicaleq,2,B,B,B,B,B,B,B,B,B,B,B,B,B,B,B,B,B,B,B,B,1.0,draw
267,equalize,1,A,A,A,A,A,A,A,A,A,A,A,A,A,A,A,A,A,A,A,A,1.0,draw
267,rotate0,2,B,B,B,B,B,B,B,B,B,B,B,B,B,B,B,B,B,B,B,B,1.0,draw
268,rotate0,1,A,A,A,A,A,A,A,A,A,A,A,A,A,A,A,A,A,A,A,A,1.0,draw
268,equalize,2,B,B,B,B,B,B,B,B,B,B,B,B,B,B,B,B,B,B,B,B,1.0,draw
269,caste,1,A,A,A,A,A,A,A,A,A,A,A,A,A,A,A,A,A,A,A,A,1.0,draw
269,equalize,2,B,B,B,B,B,B,B,B,B,B,B,B,B,B,B,B,B,B,B,B,1.0,draw
270,equalize,1,A,A,A,A,A,A,A,A,A,A,A,A,A,A,A,A,A,A,A,A,1.0,draw
270,caste,2,B,B,B,B,B,B,B,B,B,B,B,B,B,B,B,B,B,B,B,B,1.0,draw
271,equalize,1,A,A,A,A,A,A,A,A,A,A,A,A,A,A,A,A,A,A,A,A,1.0,draw
271,equalize,2,B,B,B,B,B,B,B,B,B,B,B,B,B,B,B,B,B,B,B,B,1.0,draw
272,equalize,1,A,A,A,A,A,A,A,A,A,A,A,A,A,A,A,A,A,A,A,A,1.0,draw
272,equalize,2,B,B,B,B,B,B,B,B,B,B,B,B,B,B,B,B,B,B,B,B,1.0,draw
273,random,1,B,skip,B,skip,A,B,B,skip,B,B,B,B,A,skip,skip,skip,A,skip,skip,A,0.2,turntaking
273,turntaking,2,B,B,B,B,B,B,B,B,B,B,A,B,A,B,B,B,B,B,B,B,0.6,turntaking
274,turntaking,1,A,A,B,B,A,A,A,A,B,B,A,B,A,A,A,A,A,A,A,A,0.65,turntaking
274,random,2,A,B,A,skip,A,B,A,B,A,B,B,B,skip,B,skip,skip,A,skip,A,B,0.4,turntaking
275,turntaking,1,A,A,A,B,B,B,A,A,A,B,B,B,A,A,A,B,B,B,A,A,0.65,draw
275,rotate,2,B,A,B,A,B,A,B,A,B,A,B,A,B,A,B,A,B,A,B,A,0.65,draw
276,rotate,1,A,B,A,B,A,B,A,B,A,B,A,B,A,B,A,B,A,B,A,B,0.5,draw
276,turntaking,2,B,B,B,B,B,B,B,B,B,B,B,B,B,B,B,B,B,B,B,B,0.5,draw
277,random3,1,B,B,A,A,A,A,A,A,A,A,A,A,A,A,A,A,A,A,A,A,0.9,draw
277,turntaking,2,B,B,B,B,B,B,B,B,B,B,B,B,B,B,B,B,B,B,B,B,0.9,draw
278,turntaking,1,A,A,A,B,A,A,B,A,B,B,B,B,B,B,A,B,A,B,B,B,0.3,draw
278,random3,2,A,A,A,B,B,B,B,B,B,B,B,B,A,A,A,A,A,B,B,B,0.3,draw
279,turntaking,1,A,A,A,A,A,A,A,A,A,A,A,A,A,A,A,A,A,A,A,A,1.0,draw
279,radicaleq,2,B,B,B,B,B,B,B,B,B,B,B,B,B,B,B,B,B,B,B,B,1.0,draw
280,radicaleq,1,A,A,A,A,A,A,A,A,A,A,A,A,A,A,A,A,A,A,A,A,1.0,draw
280,turntaking,2,B,B,B,B,B,B,B,B,B,B,B,B,B,B,B,B,B,B,B,B,1.0,draw
281,rotate0,1,A,A,A,A,A,A,A,A,A,A,A,A,A,A,A,A,A,A,A,A,1.0,draw
281,turntaking,2,B,B,B,B,B,B,B,B,B,B,B,B,B,B,B,B,B,B,B,B,1.0,draw
282,turntaking,1,A,A,A,A,A,A,A,A,A,A,A,A,A,A,A,A,A,A,A,A,1.0,draw
282,rotate0,2,B,B,B,B,B,B,B,B,B,B,B,B,B,B,B,B,B,B,B,B,1.0,draw
283,turntaking,1,A,A,A,A,A,A,A,A,A,A,A,A,A,A,A,A,A,A,A,A,1.0,draw
283,caste,2,B,B,B,B,B,B,B,B,B,B,B,B,B,B,B,B,B,B,B,B,1.0,draw
284,caste,1,A,A,A,A,A,A,A,A,A,A,A,A,A,A,A,A,A,A,A,A,1.0,draw
284,turntaking,2,B,B,B,B,B,B,B,B,B,B,B,B,B,B,B,B,B,B,B,B,1.0,draw
285,equalize,1,A,A,A,A,A,A,A,A,A,A,A,A,A,A,A,A,A,A,A,A,1.0,draw
285,turntaking,2,B,B,B,B,B,B,B,B,B,B,B,B,B,B,B,B,B,B,B,B,1.0,draw
286,turntaking,1,A,A,A,A,A,A,A,A,A,A,A,A,A,A,A,A,A,A,A,A,1.0,draw
286,equalize,2,B,B,B,B,B,B,B,B,B,B,B,B,B,B,B,B,B,B,B,B,1.0,draw
287,turntaking,1,A,A,A,A,A,A,A,A,A,A,A,A,A,A,A,A,A,A,A,A,1.0,draw
287,turntaking,2,B,B,B,B,B,B,B,B,B,B,B,B,B,B,B,B,B,B,B,B,1.0,draw
288,turntaking,1,A,A,A,A,A,A,A,A,A,A,A,A,A,A,A,A,A,A,A,A,1.0,draw
288,turntaking,2,B,B,B,B,B,B,B,B,B,B,B,B,B,B,B,B,B,B,B,B,1.0,draw
289,random,1,A,B,B,skip,skip,A,B,skip,skip,B,B,A,B,skip,A,B,B,A,B,A,0.5,draw
289,random,2,B,B,A,B,B,B,B,skip,B,B,A,A,skip,skip,B,A,skip,skip,A,A,0.5,draw
290,random,1,B,B,skip,B,skip,B,A,skip,skip,A,B,skip,skip,A,B,B,B,skip,skip,skip,0.3,draw
290,random,2,A,skip,B,B,skip,skip,A,B,B,A,A,skip,skip,B,B,skip,B,B,skip,A,0.4,draw
291,random,1,skip,B,skip,A,A,skip,skip,A,A,skip,A,B,B,skip,B,skip,A,B,A,B,0.45,rotate
291,rotate,2,B,A,B,A,B,A,B,A,B,A,B,A,B,A,B,A,B,A,B,A,0.8,rotate
292,rotate,1,A,B,A,B,A,B,A,B,A,B,A,B,A,B,A,B,A,B,A,B,0.75,rotate
292,random,2,A,B,skip,A,A,skip,skip,B,skip,A,B,skip,skip,skip,B,A,skip,B,B,skip,0.3,rotate
293,rotate,1,A,B,A,B,A,B,A,B,A,B,A,B,A,B,A,B,A,B,A,B,1.0,draw
293,rotate,2,B,A,B,A,B,A,B,A,B,A,B,A,B,A,B,A,B,A,B,A,1.0,draw
294,rotate,1,A,B,A,B,A,B,A,B,A,B,A,B,A,B,A,B,A,B,A,B,1.0,draw
294,rotate,2,B,A,B,A,B,A,B,A,B,A,B,A,B,A,B,A,B,A,B,A,1.0,draw
295,random3,1,B,B,B,B,B,B,B,B,A,A,A,A,A,A,A,A,A,A,A,A,0.7,random3
295,random,2,A,A,skip,A,A,A,A,B,A,skip,A,A,A,skip,skip,B,B,B,B,A,0.5,random3
296,random,1,A,B,B,A,skip,skip,A,B,skip,B,B,skip,A,A,B,A,skip,skip,skip,skip,0.3,random3
296,random3,2,A,A,A,A,A,A,A,A,A,A,A,A,A,A,A,A,A,A,A,A,0.7,random3
297,rotate,1,A,B,A,B,A,B,A,B,A,B,A,B,A,B,A,B,A,B,A,B,0.45,draw
297,random3,2,A,A,A,A,A,A,A,B,B,B,B,B,B,B,B,B,B,B,B,B,0.45,draw
298,random3,1,A,A,A,A,A,A,A,A,B,A,B,A,A,A,B,A,B,B,B,B,0.35,draw
298,rotate,2,B,A,B,A,B,A,B,A,B,A,B,A,B,A,B,A,B,A,B,A,0.35,draw
299,random3,1,A,A,A,A,A,A,A,A,A,A,A,A,A,A,A,A,A,A,A,A,1.0,draw
299,random3,2,B,B,B,B,B,B,B,B,B,B,B,B,B,B,B,B,B,B,B,B,1.0,draw
300,random3,1,B,B,B,B,B,B,B,B,B,B,B,B,B,B,B,B,B,B,B,B,0.95,draw
300,random3,2,B,A,A,A,A,A,A,A,A,A,A,A,A,A,A,A,A,A,A,A,0.95,draw
301,random,1,A,skip,B,A,skip,A,A,B,skip,A,B,B,skip,B,A,skip,B,B,B,skip,0.3,radicaleq
301,radicaleq,2,B,B,B,B,B,B,B,B,B,B,B,B,B,B,B,B,B,B,B,B,0.6,radicaleq
302,radicaleq,1,A,A,A,A,A,B,A,A,A,A,A,A,A,A,A,A,A,A,A,A,0.65,radicaleq
302,random,2,B,B,B,B,A,B,skip,A,skip,B,A,B,A,skip,B,B,A,B,A,skip,0.45,radicaleq
303,radicaleq,1,A,A,B,A,B,A,B,A,B,A,B,A,B,A,B,A,B,A,B,A,0.05,draw
303,rotate,2,B,A,B,A,B,A,B,A,B,A,B,A,B,A,B,A,B,A,B,A,0.05,draw
304,rotate,1,A,B,A,B,A,B,A,B,A,B,A,B,A,B,A,B,A,B,A,B,0.5,draw
304,radicaleq,2,B,B,B,B,B,B,B,B,B,B,B,B,B,B,B,B,B,B,B,B,0.5,draw
305,random3,1,A,A,A,A,A,A,A,A,A,A,A,A,A,A,A,A,A,A,A,A,1.0,draw
305,radicaleq,2,B,B,B,B,B,B,B,B,B,B,B,B,B,B,B,B,B,B,B,B,1.0,draw
306,radicaleq,1,A,A,A,A,A,A,A,A,A,A,A,A,A,A,A,A,A,A,A,A,1.0,draw
306,random3,2,B,B,B,B,B,B,B,B,B,B,B,B,B,B,B,B,B,B,B,B,1.0,draw
307,radicaleq,1,A,A,A,A,A,A,A,A,A,A,A,A,A,A,A,A,A,A,A,A,1.0,draw
307,radicaleq,2,B,B,B,B,B,B,B,B,B,B,B,B,B,B,B,B,B,B,B,B,1.0,draw
308,radicaleq,1,A,A,A,A,A,A,A,A,A,A,A,A,A,A,A,A,A,A,A,A,1.0,draw
308,radicaleq,2,B,B,B,B,B,B,B,B,B,B,B,B,B,B,B,B,B,B,B,B,1.0,draw
309,rotate0,1,A,A,A,A,A,A,A,A,A,A,A,A,A,A,A,A,A,A,A,A,0.7,rotate0
309,random,2,B,skip,skip,A,A,skip,skip,B,skip,skip,skip,skip,B,A,skip,A,B,B,A,A,0.25,rotate0
310,random,1,A,B,A,B,skip,skip,A,skip,A,skip,B,B,skip,skip,B,A,A,A,A,skip,0.4,rotate0
310,rotate0,2,B,B,B,B,B,B,B,B,B,B,B,B,B,B,B,B,B,B,B,B,0.75,rotate0
311,rotate0,1,A,A,A,A,A,A,A,A,A,A,A,A,A,A,A,A,A,A,A,A,0.5,draw
311,rotate,2,B,A,B,A,B,A,B,A,B,A,B,A,B,A,B,A,B,A,B,A,0.5,draw
312,rotate,1,A,B,A,B,A,B,A,B,A,B,A,B,A,B,A,B,A,B,A,B,0.5,draw
312,rotate0,2,B,B,B,B,B,B,B,B,B,B,B,B,B,B,B,B,B,B,B,B,0.5,draw
313,rotate0,1,A,A,A,A,A,A,A,A,A,A,A,A,A,A,A,A,A,A,A,A,1.0,draw
313,random3,2,B,B,B,B,B,B,B,B,B,B,B,B,B,B,B,B,B,B,B,B,1.0,draw
314,random3,1,A,A,A,A,A,A,A,A,A,A,A,A,A,A,A,A,A,A,A,A,1.0,draw
314,rotate0,2,B,B,B,B,B,B,B,B,B,B,B,B,B,B,B,B,B,B,B,B,1.0,draw
315,rotate0,1,A,A,A,A,A,A,A,A,A,A,A,A,A,A,A,A,A,A,A,A,1.0,draw
315,radicaleq,2,B,B,B,B,B,B,B,B,B,B,B,B,B,B,B,B,B,B,B,B,1.0,draw
316,radicaleq,1,A,A,A,A,A,A,A,A,A,A,A,A,A,A,A,A,A,A,A,A,1.0,draw
316,rotate0,2,B,B,B,B,B,B,B,B,B,B,B,B,B,B,B,B,B,B,B,B,1.0,draw
317,rotate0,1,A,A,A,A,A,A,A,A,A,A,A,A,A,A,A,A,A,A,A,A,1.0,draw
317,rotate0,2,B,B,B,B,B,B,B,B,B,B,B,B,B,B,B,B,B,B,B,B,1.0,draw
318,rotate0,1,A,A,A,A,A,A,A,A,A,A,A,A,A,A,A,A,A,A,A,A,1.0,draw
318,rotate0,2,B,B,B,B,B,B,B,B,B,B,B,B,B,B,B,B,B,B,B,B,1.0,draw
319,caste,1,A,A,B,B,B,B,B,A,B,B,A,A,B,A,B,A,A,B,A,B,0.55,caste
319,random,2,B,A,A,A,skip,A,B,A,A,B,B,A,B,skip,skip,B,A,B,skip,B,0.35,caste
320,random,1,B,A,A,skip,skip,A,skip,skip,skip,skip,skip,B,skip,A,B,A,skip,skip,skip,A,0.05,caste
320,caste,2,B,A,A,B,B,A,B,B,A,B,A,B,A,A,B,A,B,B,A,B,0.6,caste
321,rotate,1,A,B,A,B,A,B,A,B,A,B,A,B,A,B,A,B,A,B,A,B,0.1,draw
321,caste,2,B,B,A,A,A,B,A,B,A,B,A,B,A,B,A,B,A,B,A,B,0.1,draw
322,caste,1,A,A,B,A,B,A,B,A,B,A,B,A,B,A,B,A,B,A,B,A,0.05,draw
322,rotate,2,B,A,B,A,B,A,B,A,B,A,B,A,B,A,B,A,B,A,B,A,0.05,draw
323,caste,1,A,B,B,B,B,B,B,B,B,B,B,B,B,B,B,B,B,B,B,B,0.95,draw
323,random3,2,A,A,A,A,A,A,A,A,A,A,A,A,A,A,A,A,A,A,A,A,0.95,draw
324,random3,1,B,A,A,A,A,A,A,B,B,B,B,B,B,B,B,B,A,A,A,A,0.5,draw
324,caste,2,B,A,A,B,B,B,A,B,B,A,A,A,B,A,A,B,A,A,B,B,0.5,draw
325,radicaleq,1,A,A,A,A,A,A,A,A,A,A,A,A,A,A,A,A,A,A,A,A,1.0,draw
325,caste,2,B,B,B,B,B,B,B,B,B,B,B,B,B,B,B,B,B,B,B,B,1.0,draw
326,caste,1,A,A,A,A,A,A,A,A,A,A,A,A,A,A,A,A,A,A,A,A,1.0,draw
326,radicaleq,2,B,B,B,B,B,B,B,B,B,B,B,B,B,B,B,B,B,B,B,B,1.0,draw
327,caste,1,A,A,A,A,A,A,A,A,A,A,A,A,A,A,A,A,A,A,A,A,1.0,draw
327,rotate0,2,B,B,B,B,B,B,B,B,B,B,B,B,B,B,B,B,B,B,B,B,1.0,draw
328,rotate0,1,A,A,A,A,A,A,A,A,A,A,A,A,A,A,A,A,A,A,A,A,1.0,draw
328,caste,2,B,B,B,B,B,B,B,B,B,B,B,B,B,B,B,B,B,B,B,B,1.0,draw
329,caste,1,A,A,A,A,A,A,A,A,A,A,A,A,A,A,A,A,A,A,A,A,1.0,draw
329,caste,2,B,B,B,B,B,B,B,B,B,B,B,B,B,B,B,B,B,B,B,B,1.0,draw
330,caste,1,A,A,A,A,A,A,A,A,A,A,A,A,A,A,A,A,A,A,A,A,1.0,draw
330,caste,2,B,B,B,B,B,B,B,B,B,B,B,B,B,B,B,B,B,B,B,B,1.0,draw
331,equalize,1,A,B,B,B,B,B,A,B,A,B,A,A,A,B,B,A,B,B,A,A,0.7,equalize
331,random,2,A,A,A,skip,skip,B,A,skip,skip,skip,B,B,skip,A,B,A,A,B,B,skip,0.35,equalize
332,random,1,B,B,skip,A,B,A,A,skip,B,A,skip,B,skip,skip,skip,B,A,skip,skip,B,0.3,equalize
332,equalize,2,B,A,B,A,A,A,B,B,A,B,B,A,A,B,A,B,A,B,A,B,0.7,equalize
333,rotate,1,A,B,A,B,A,B,A,B,A,B,A,B,A,B,A,B,A,B,A,B,0.1,draw
333,equalize,2,B,B,A,A,A,B,A,B,A,B,A,B,A,B,A,B,A,B,A,B,0.1,draw
334,equalize,1,A,A,B,A,B,A,B,A,B,A,B,A,B,A,B,A,B,A,B,A,0.05,draw
334,rotate,2,B,A,B,A,B,A,B,A,B,A,B,A,B,A,B,A,B,A,B,A,0.05,draw
335,equalize,1,A,A,A,A,A,A,A,A,A,A,A,A,A,A,A,A,A,A,A,A,1.0,draw
335,random3,2,B,B,B,B,B,B,B,B,B,B,B,B,B,B,B,B,B,B,B,B,1.0,draw
336,random3,1,A,A,A,A,A,A,A,A,A,A,A,A,A,A,A,A,A,A,A,A,1.0,draw
336,equalize,2,B,B,B,B,B,B,B,B,B,B,B,B,B,B,B,B,B,B,B,B,1.0,draw
337,radicaleq,1,A,A,A,A,A,A,A,A,A,A,A,A,A,A,A,A,A,A,A,A,1.0,draw
337,equalize,2,B,B,B,B,B,B,B,B,B,B,B,B,B,B,B,B,B,B,B,B,1.0,draw
338,equalize,1,A,A,A,A,A,A,A,A,A,A,A,A,A,A,A,A,A,A,A,A,1.0,draw
338,radicaleq,2,B,B,B,B,B,B,B,B,B,B,B,B,B,B,B,B,B,B,B,B,1.0,draw
339,equalize,1,A,A,A,A,A,A,A,A,A,A,A,A,A,A,A,A,A,A,A,A,1.0,draw
339,rotate0,2,B,B,B,B,B,B,B,B,B,B,B,B,B,B,B,B,B,B,B,B,1.0,draw
340,rotate0,1,A,A,A,A,A,A,A,A,A,A,A,A,A,A,A,A,A,A,A,A,1.0,draw
340,equalize,2,B,B,B,B,B,B,B,B,B,B,B,B,B,B,B,B,B,B,B,B,1.0,draw
341,caste,1,A,A,A,A,A,A,A,A,A,A,A,A,A,A,A,A,A,A,A,A,1.0,draw
341,equalize,2,B,B,B,B,B,B,B,B,B,B,B,B,B,B,B,B,B,B,B,B,1.0,draw
342,equalize,1,A,A,A,A,A,A,A,A,A,A,A,A,A,A,A,A,A,A,A,A,1.0,draw
342,caste,2,B,B,B,B,B,B,B,B,B,B,B,B,B,B,B,B,B,B,B,B,1.0,draw
343,equalize,1,A,A,A,A,A,A,A,A,A,A,A,A,A,A,A,A,A,A,A,A,1.0,draw
343,equalize,2,B,B,B,B,B,B,B,B,B,B,B,B,B,B,B,B,B,B,B,B,1.0,draw
344,equalize,1,A,A,A,A,A,A,A,A,A,A,A,A,A,A,A,A,A,A,A,A,1.0,draw
344,equalize,2,B,B,B,B,B,B,B,B,B,B,B,B,B,B,B,B,B,B,B,B,1.0,draw
345,random,1,B,A,skip,A,skip,B,A,A,A,A,A,B,A,A,A,A,skip,B,A,A,0.55,turntaking
345,turntaking,2,B,B,B,B,A,B,B,B,A,B,A,B,B,B,A,B,A,A,B,B,0.7,turntaking
346,turntaking,1,A,A,A,A,A,A,A,A,A,A,A,A,A,A,A,A,A,A,A,A,0.65,turntaking
346,random,2,B,skip,A,skip,A,A,skip,B,skip,skip,skip,skip,A,A,A,B,A,skip,skip,B,0.2,turntaking
347,turntaking,1,A,A,A,B,B,B,A,A,A,B,B,B,A,A,A,B,B,B,A,A,0.65,draw
347,rotate,2,B,A,B,A,B,A,B,A,B,A,B,A,B,A,B,A,B,A,B,A,0.65,draw
348,rotate,1,A,B,A,B,A,B,A,B,A,B,A,B,A,B,A,B,A,B,A,B,0.5,draw
348,turntaking,2,B,B,B,B,B,B,B,B,B,B,B,B,B,B,B,B,B,B,B,B,0.5,draw
349,random3,1,A,A,A,A,A,A,A,A,A,A,A,A,A,A,A,A,A,A,A,A,1.0,draw
349,turntaking,2,B,B,B,B,B,B,B,B,B,B,B,B,B,B,B,B,B,B,B,B,1.0,draw
350,turntaking,1,A,A,A,A,A,A,A,A,A,A,A,A,A,A,A,A,A,A,A,A,1.0,draw
350,random3,2,B,B,B,B,B,B,B,B,B,B,B,B,B,B,B,B,B,B,B,B,1.0,draw
351,turntaking,1,A,A,A,A,A,A,A,A,A,A,A,A,A,A,A,A,A,A,A,A,1.0,draw
351,radicaleq,2,B,B,B,B,B,B,B,B,B,B,B,B,B,B,B,B,B,B,B,B,1.0,draw
352,radicaleq,1,A,A,A,A,A,A,A,A,A,A,A,A,A,A,A,A,A,A,A,A,1.0,draw
352,turntaking,2,B,B,B,B,B,B,B,B,B,B,B,B,B,B,B,B,B,B,B,B,1.0,draw
353,rotate0,1,A,A,A,A,A,A,A,A,A,A,A,A,A,A,A,A,A,A,A,A,1.0,draw
353,turntaking,2,B,B,B,B,B,B,B,B,B,B,B,B,B,B,B,B,B,B,B,B,1.0,draw
354,turntaking,1,A,A,A,A,A,A,A,A,A,A,A,A,A,A,A,A,A,A,A,A,1.0,draw
354,rotate0,2,B,B,B,B,B,B,B,B,B,B,B,B,B,B,B,B,B,B,B,B,1.0,draw
355,turntaking,1,A,A,A,A,A,A,A,A,A,A,A,A,A,A,A,A,A,A,A,A,1.0,draw
355,caste,2,B,B,B,B,B,B,B,B,B,B,B,B,B,B,B,B,B,B,B,B,1.0,draw
356,caste,1,A,A,A,A,A,A,A,A,A,A,A,A,A,A,A,A,A,A,A,A,1.0,draw
356,turntaking,2,B,B,B,B,B,B,B,B,B,B,B,B,B,B,B,B,B,B,B,B,1.0,draw
357,equalize,1,A,A,A,A,A,A,A,A,A,A,A,A,A,A,A,A,A,A,A,A,1.0,draw
357,turntaking,2,B,B,B,B,B,B,B,B,B,B,B,B,B,B,B,B,B,B,B,B,1.0,draw
358,turntaking,1,A,A,A,A,A,A,A,A,A,A,A,A,A,A,A,A,A,A,A,A,1.0,draw
358,equalize,2,B,B,B,B,B,B,B,B,B,B,B,B,B,B,B,B,B,B,B,B,1.0,draw
359,turntaking,1,A,A,A,A,A,A,A,A,A,A,A,A,A,A,A,A,A,A,A,A,1.0,draw
359,turntaking,2,B,B,B,B,B,B,B,B,B,B,B,B,B,B,B,B,B,B,B,B,1.0,draw
360,turntaking,1,A,A,A,A,A,A,A,A,A,A,A,A,A,A,A,A,A,A,A,A,1.0,draw
360,turntaking,2,B,B,B,B,B,B,B,B,B,B,B,B,B,B,B,B,B,B,B,B,1.0,draw
361,random,1,A,B,skip,skip,skip,A,A,B,A,A,skip,A,B,B,skip,B,A,B,B,A,0.6,draw
361,random,2,B,A,A,B,A,B,skip,skip,A,skip,A,skip,B,A,A,skip,A,A,A,B,0.6,draw
362,random,1,A,B,A,B,B,A,B,A,A,A,B,skip,skip,skip,B,B,skip,A,A,skip,0.5,draw
362,random,2,B,A,A,skip,A,B,A,B,A,A,A,A,B,skip,skip,B,B,B,A,skip,0.55,draw
363,random,1,B,A,A,A,A,skip,A,B,skip,A,B,A,A,B,skip,A,skip,A,A,skip,0.35,rotate
363,rotate,2,B,A,B,A,B,A,B,A,B,A,B,A,B,A,B,A,B,A,B,A,0.6,rotate
364,rotate,1,A,B,A,B,A,B,A,B,A,B,A,B,A,B,A,B,A,B,A,B,0.8,rotate
364,random,2,B,skip,B,A,B,skip,A,B,B,skip,A,A,B,skip,skip,skip,A,A,skip,skip,0.4,rotate
365,rotate,1,A,B,A,B,A,B,A,B,A,B,A,B,A,B,A,B,A,B,A,B,1.0,draw
365,rotate,2,B,A,B,A,B,A,B,A,B,A,B,A,B,A,B,A,B,A,B,A,1.0,draw
366,rotate,1,A,B,A,B,A,B,A,B,A,B,A,B,A,B,A,B,A,B,A,B,1.0,draw
366,rotate,2,B,A,B,A,B,A,B,A,B,A,B,A,B,A,B,A,B,A,B,A,1.0,draw
367,random3,1,A,A,A,A,A,B,B,B,B,B,B,B,A,A,A,A,A,A,A,A,0.65,random3
367,random,2,B,B,B,skip,A,A,B,skip,A,A,skip,B,skip,A,skip,A,B,A,skip,A,0.35,random3
368,random,1,A,B,A,A,A,B,A,B,A,skip,B,B,A,A,skip,skip,B,B,A,skip,0.25,random3
368,random3,2,A,B,A,B,B,B,B,B,A,B,B,B,A,A,A,A,A,A,A,A,0.45,random3
369,rotate,1,A,B,A,B,A,B,A,B,A,B,A,B,A,B,A,B,A,B,A,B,0.3,draw
369,random3,2,B,B,B,B,A,A,A,B,A,A,A,A,A,A,A,B,A,B,A,B,0.3,draw
370,random3,1,B,A,A,A,B,A,B,B,B,B,B,B,B,B,B,A,A,A,A,A,0.35,draw
370,rotate,2,B,A,B,A,B,A,B,A,B,A,B,A,B,A,B,A,B,A,B,A,0.35,draw
371,random3,1,B,B,A,A,A,A,A,A,A,A,A,A,A,A,A,A,A,A,A,A,0.9,draw
371,random3,2,B,B,B,B,B,B,B,B,B,B,B,B,B,B,B,B,B,B,B,B,0.9,draw
372,random3,1,B,B,B,B,B,B,B,B,B,B,B,B,B,B,B,B,B,B,B,B,1.0,draw
372,random3,2,A,A,A,A,A,A,A,A,A,A,A,A,A,A,A,A,A,A,A,A,1.0,draw
373,random,1,A,B,skip,A,B,A,skip,A,B,A,A,B,skip,A,skip,A,skip,A,A,A,0.55,radicaleq
373,radicaleq,2,B,B,B,B,B,B,B,B,B,B,B,B,B,B,B,B,B,B,B,B,0.8,radicaleq
374,radicaleq,1,A,B,A,A,A,B,A,A,A,A,A,A,A,A,A,A,A,A,A,A,0.6,radicaleq
374,random,2,A,B,B,B,A,skip,skip,skip,B,B,A,A,A,skip,skip,skip,skip,A,B,A,0.25,radicaleq
375,radicaleq,1,A,A,B,A,B,A,B,A,B,A,B,A,B,A,B,A,B,A,B,A,0.05,draw
375,rotate,2,B,A,B,A,B,A,B,A,B,A,B,A,B,A,B,A,B,A,B,A,0.05,draw
376,rotate,1,A,B,A,B,A,B,A,B,A,B,A,B,A,B,A,B,A,B,A,B,0.5,draw
376,radicaleq,2,B,B,B,B,B,B,B,B,B,B,B,B,B,B,B,B,B,B,B,B,0.5,draw
377,random3,1,A,A,A,A,A,A,A,A,A,A,A,A,A,A,A,A,A,A,A,A,1.0,draw
377,radicaleq,2,B,B,B,B,B,B,B,B,B,B,B,B,B,B,B,B,B,B,B,B,1.0,draw
378,radicaleq,1,A,A,A,A,A,A,A,A,A,A,A,A,A,A,A,A,A,A,A,A,1.0,draw
378,random3,2,B,B,B,B,B,B,B,B,B,B,B,B,B,B,B,B,B,B,B,B,1.0,draw
379,radicaleq,1,A,A,A,A,A,A,A,A,A,A,A,A,A,A,A,A,A,A,A,A,1.0,draw
379,radicaleq,2,B,B,B,B,B,B,B,B,B,B,B,B,B,B,B,B,B,B,B,B,1.0,draw
380,radicaleq,1,A,A,A,A,A,A,A,A,A,A,A,A,A,A,A,A,A,A,A,A,1.0,draw
380,radicaleq,2,B,B,B,B,B,B,B,B,B,B,B,B,B,B,B,B,B,B,B,B,1.0,draw
381,rotate0,1,A,A,A,A,A,A,A,A,A,A,A,A,A,A,A,A,A,A,A,A,0.8,rotate0
381,random,2,B,skip,B,A,skip,B,B,B,A,A,skip,B,B,B,B,B,skip,B,A,B,0.6,rotate0
382,random,1,A,skip,B,A,skip,skip,B,A,A,A,A,skip,skip,skip,skip,skip,B,skip,B,skip,0.3,rotate0
382,rotate0,2,B,B,B,B,B,B,B,B,B,B,B,B,B,B,B,B,B,B,B,B,0.8,rotate0
383,rotate0,1,A,A,A,A,A,A,A,A,A,A,A,A,A,A,A,A,A,A,A,A,0.5,draw
383,rotate,2,B,A,B,A,B,A,B,A,B,A,B,A,B,A,B,A,B,A,B,A,0.5,draw
384,rotate,1,A,B,A,B,A,B,A,B,A,B,A,B,A,B,A,B,A,B,A,B,0.5,draw
384,rotate0,2,B,B,B,B,B,B,B,B,B,B,B,B,B,B,B,B,B,B,B,B,0.5,draw
385,rotate0,1,A,A,A,A,A,A,A,A,A,A,A,A,A,A,A,A,A,A,A,A,1.0,draw
385,random3,2,B,B,B,B,B,B,B,B,B,B,B,B,B,B,B,B,B,B,B,B,1.0,draw
386,random3,1,A,A,A,A,A,A,A,A,A,A,A,A,A,A,A,A,A,A,A,A,1.0,draw
386,rotate0,2,B,B,B,B,B,B,B,B,B,B,B,B,B,B,B,B,B,B,B,B,1.0,draw
387,rotate0,1,A,A,A,A,A,A,A,A,A,A,A,A,A,A,A,A,A,A,A,A,1.0,draw
387,radicaleq,2,B,B,B,B,B,B,B,B,B,B,B,B,B,B,B,B,B,B,B,B,1.0,draw
388,radicaleq,1,A,A,A,A,A,A,A,A,A,A,A,A,A,A,A,A,A,A,A,A,1.0,draw
388,rotate0,2,B,B,B,B,B,B,B,B,B,B,B,B,B,B,B,B,B,B,B,B,1.0,draw
389,rotate0,1,A,A,A,A,A,A,A,A,A,A,A,A,A,A,A,A,A,A,A,A,1.0,draw
389,rotate0,2,B,B,B,B,B,B,B,B,B,B,B,B,B,B,B,B,B,B,B,B,1.0,draw
390,rotate0,1,A,A,A,A,A,A,A,A,A,A,A,A,A,A,A,A,A,A,A,A,1.0,draw
390,rotate0,2,B,B,B,B,B,B,B,B,B,B,B,B,B,B,B,B,B,B,B,B,1.0,draw
391,caste,1,A,A,A,B,B,B,A,A,A,A,A,B,B,A,A,B,A,B,A,B,0.65,caste
391,random,2,B,B,A,A,A,B,B,B,B,B,A,skip,B,skip,skip,skip,skip,B,A,B,0.4,caste
392,random,1,B,skip,A,B,skip,A,B,skip,A,skip,A,A,A,B,B,B,A,B,A,skip,0.3,caste
392,caste,2,B,A,A,B,A,B,A,B,A,B,A,B,B,B,A,A,A,B,A,B,0.55,caste
393,rotate,1,A,B,A,B,A,B,A,B,A,B,A,B,A,B,A,B,A,B,A,B,0.1,draw
393,caste,2,B,B,A,A,A,B,A,B,A,B,A,B,A,B,A,B,A,B,A,B,0.1,draw
394,caste,1,A,A,B,A,B,A,B,A,B,A,B,A,B,A,B,A,B,A,B,A,0.05,draw
394,rotate,2,B,A,B,A,B,A,B,A,B,A,B,A,B,A,B,A,B,A,B,A,0.05,draw
395,caste,1,A,B,B,B,B,B,B,B,B,B,B,B,B,B,B,B,B,B,B,B,0.95,draw
395,random3,2,A,A,A,A,A,A,A,A,A,A,A,A,A,A,A,A,A,A,A,A,0.95,draw
396,random3,1,B,B,B,A,B,B,B,B,A,A,B,B,B,B,B,B,B,B,B,B,0.55,draw
396,caste,2,B,A,B,A,A,A,A,B,A,A,B,A,A,A,B,A,A,B,A,A,0.55,draw
397,radicaleq,1,A,A,A,A,A,A,A,A,A,A,A,A,A,A,A,A,A,A,A,A,1.0,draw
397,caste,2,B,B,B,B,B,B,B,B,B,B,B,B,B,B,B,B,B,B,B,B,1.0,draw
398,caste,1,A,A,A,A,A,A,A,A,A,A,A,A,A,A,A,A,A,A,A,A,1.0,draw
398,radicaleq,2,B,B,B,B,B,B,B,B,B,B,B,B,B,B,B,B,B,B,B,B,1.0,draw
399,caste,1,A,A,A,A,A,A,A,A,A,A,A,A,A,A,A,A,A,A,A,A,1.0,draw
399,rotate0,2,B,B,B,B,B,B,B,B,B,B,B,B,B,B,B,B,B,B,B,B,1.0,draw
400,rotate0,1,A,A,A,A,A,A,A,A,A,A,A,A,A,A,A,A,A,A,A,A,1.0,draw
400,caste,2,B,B,B,B,B,B,B,B,B,B,B,B,B,B,B,B,B,B,B,B,1.0,draw
401,caste,1,A,A,A,A,A,A,A,A,A,A,A,A,A,A,A,A,A,A,A,A,1.0,draw
401,caste,2,B,B,B,B,B,B,B,B,B,B,B,B,B,B,B,B,B,B,B,B,1.0,draw
402,caste,1,A,A,A,A,A,A,A,A,A,A,A,A,A,A,A,A,A,A,A,A,1.0,draw
402,caste,2,B,B,B,B,B,B,B,B,B,B,B,B,B,B,B,B,B,B,B,B,1.0,draw
403,equalize,1,A,A,B,A,A,B,B,A,A,A,A,B,A,B,B,A,B,A,B,A,0.5,equalize
403,random,2,B,skip,B,skip,A,skip,B,B,skip,B,A,B,A,A,B,A,B,skip,B,B,0.25,equalize
404,random,1,A,skip,B,B,skip,B,skip,A,A,skip,B,A,B,A,A,B,A,skip,B,A,0.4,equalize
404,equalize,2,B,B,A,B,A,A,A,A,B,B,A,B,A,A,B,B,A,B,B,A,0.65,equalize
405,rotate,1,A,B,A,B,A,B,A,B,A,B,A,B,A,B,A,B,A,B,A,B,0.1,draw
405,equalize,2,B,B,A,A,A,B,A,B,A,B,A,B,A,B,A,B,A,B,A,B,0.1,draw
406,equalize,1,A,A,B,A,B,A,B,A,B,A,B,A,B,A,B,A,B,A,B,A,0.05,draw
406,rotate,2,B,A,B,A,B,A,B,A,B,A,B,A,B,A,B,A,B,A,B,A,0.05,draw
407,equalize,1,A,B,B,B,B,B,B,B,B,B,B,B,B,B,B,B,B,B,B,B,0.95,draw
407,random3,2,A,A,A,A,A,A,A,A,A,A,A,A,A,A,A,A,A,A,A,A,0.95,draw
408,random3,1,B,A,A,B,B,B,B,B,B,B,B,B,B,A,A,A,B,B,B,B,0.45,draw
408,equalize,2,B,A,A,B,A,B,A,A,A,B,A,A,B,A,A,A,B,A,A,A,0.45,draw
409,radicaleq,1,A,A,A,A,A,A,A,A,A,A,A,A,A,A,A,A,A,A,A,A,1.0,draw
409,equalize,2,B,B,B,B,B,B,B,B,B,B,B,B,B,B,B,B,B,B,B,B,1.0,draw
410,equalize,1,A,A,A,A,A,A,A,A,A,A,A,A,A,A,A,A,A,A,A,A,1.0,draw
410,radicaleq,2,B,B,B,B,B,B,B,B,B,B,B,B,B,B,B,B,B,B,B,B,1.0,draw
411,equalize,1,A,A,A,A,A,A,A,A,A,A,A,A,A,A,A,A,A,A,A,A,1.0,draw
411,rotate0,2,B,B,B,B,B,B,B,B,B,B,B,B,B,B,B,B,B,B,B,B,1.0,draw
412,rotate0,1,A,A,A,A,A,A,A,A,A,A,A,A,A,A,A,A,A,A,A,A,1.0,draw
412,equalize,2,B,B,B,B,B,B,B,B,B,B,B,B,B,B,B,B,B,B,B,B,1.0,draw
413,caste,1,A,A,A,A,A,A,A,A,A,A,A,A,A,A,A,A,A,A,A,A,1.0,draw
413,equalize,2,B,B,B,B,B,B,B,B,B,B,B,B,B,B,B,B,B,B,B,B,1.0,draw
414,equalize,1,A,A,A,A,A,A,A,A,A,A,A,A,A,A,A,A,A,A,A,A,1.0,draw
414,caste,2,B,B,B,B,B,B,B,B,B,B,B,B,B,B,B,B,B,B,B,B,1.0,draw
415,equalize,1,A,A,A,A,A,A,A,A,A,A,A,A,A,A,A,A,A,A,A,A,1.0,draw
415,equalize,2,B,B,B,B,B,B,B,B,B,B,B,B,B,B,B,B,B,B,B,B,1.0,draw
416,equalize,1,A,A,A,A,A,A,A,A,A,A,A,A,A,A,A,A,A,A,A,A,1.0,draw
416,equalize,2,B,B,B,B,B,B,B,B,B,B,B,B,B,B,B,B,B,B,B,B,1.0,draw
417,random,1,A,skip,skip,A,B,skip,A,B,B,B,B,A,B,skip,skip,B,B,skip,A,B,0.6,turntaking
417,turntaking,2,B,B,B,B,A,A,B,A,A,A,A,A,A,B,A,A,A,B,A,A,0.9,turntaking
418,turntaking,1,A,A,A,B,B,A,A,A,A,A,A,A,A,B,A,A,A,A,A,B,0.65,turntaking
418,random,2,B,A,B,A,skip,skip,A,A,A,B,A,B,B,B,A,skip,skip,B,B,skip,0.4,turntaking
419,turntaking,1,A,A,A,B,B,B,A,A,A,B,B,B,A,A,A,B,B,B,A,A,0.65,draw
419,rotate,2,B,A,B,A,B,A,B,A,B,A,B,A,B,A,B,A,B,A,B,A,0.65,draw
420,rotate,1,A,B,A,B,A,B,A,B,A,B,A,B,A,B,A,B,A,B,A,B,0.5,draw
420,turntaking,2,B,B,B,B,B,B,B,B,B,B,B,B,B,B,B,B,B,B,B,B,0.5,draw
421,random3,1,B,B,B,A,A,A,A,A,A,A,A,A,A,A,A,A,A,A,A,A,0.8,draw
421,turntaking,2,B,B,B,A,B,B,B,B,B,B,B,B,B,B,B,B,B,B,B,B,0.8,draw
422,turntaking,1,A,A,B,B,A,A,A,A,A,A,B,A,A,B,A,B,A,B,A,B,0.35,draw
422,random3,2,A,B,B,A,A,A,A,A,A,A,B,B,B,B,B,B,B,B,B,B,0.35,draw
423,turntaking,1,A,A,A,A,A,A,A,A,A,A,A,A,A,A,A,A,A,A,A,A,1.0,draw
423,radicaleq,2,B,B,B,B,B,B,B,B,B,B,B,B,B,B,B,B,B,B,B,B,1.0,draw
424,radicaleq,1,A,A,A,A,A,A,A,A,A,A,A,A,A,A,A,A,A,A,A,A,1.0,draw
424,turntaking,2,B,B,B,B,B,B,B,B,B,B,B,B,B,B,B,B,B,B,B,B,1.0,draw
425,rotate0,1,A,A,A,A,A,A,A,A,A,A,A,A,A,A,A,A,A,A,A,A,1.0,draw
425,turntaking,2,B,B,B,B,B,B,B,B,B,B,B,B,B,B,B,B,B,B,B,B,1.0,draw
426,turntaking,1,A,A,A,A,A,A,A,A,A,A,A,A,A,A,A,A,A,A,A,A,1.0,draw
426,rotate0,2,B,B,B,B,B,B,B,B,B,B,B,B,B,B,B,B,B,B,B,B,1.0,draw
427,turntaking,1,A,A,A,A,A,A,A,A,A,A,A,A,A,A,A,A,A,A,A,A,1.0,draw
427,caste,2,B,B,B,B,B,B,B,B,B,B,B,B,B,B,B,B,B,B,B,B,1.0,draw
428,caste,1,A,A,A,A,A,A,A,A,A,A,A,A,A,A,A,A,A,A,A,A,1.0,draw
428,turntaking,2,B,B,B,B,B,B,B,B,B,B,B,B,B,B,B,B,B,B,B,B,1.0,draw
429,equalize,1,A,A,A,A,A,A,A,A,A,A,A,A,A,A,A,A,A,A,A,A,1.0,draw
429,turntaking,2,B,B,B,B,B,B,B,B,B,B,B,B,B,B,B,B,B,B,B,B,1.0,draw
430,turntaking,1,A,A,A,A,A,A,A,A,A,A,A,A,A,A,A,A,A,A,A,A,1.0,draw
430,equalize,2,B,B,B,B,B,B,B,B,B,B,B,B,B,B,B,B,B,B,B,B,1.0,draw
431,turntaking,1,A,A,A,A,A,A,A,A,A,A,A,A,A,A,A,A,A,A,A,A,1.0,draw
431,turntaking,2,B,B,B,B,B,B,B,B,B,B,B,B,B,B,B,B,B,B,B,B,1.0,draw
432,turntaking,1,A,A,A,A,A,A,A,A,A,A,A,A,A,A,A,A,A,A,A,A,1.0,draw
432,turntaking,2,B,B,B,B,B,B,B,B,B,B,B,B,B,B,B,B,B,B,B,B,1.0,draw
433,random,1,B,skip,B,B,skip,A,A,skip,skip,B,A,skip,skip,skip,B,A,A,A,skip,A,0.3,draw
433,random,2,A,A,skip,A,B,A,A,B,A,B,A,skip,B,skip,B,B,A,skip,B,skip,0.45,draw
434,random,1,skip,B,B,A,B,A,skip,skip,B,B,A,skip,A,A,skip,B,A,B,A,A,0.6,draw
434,random,2,A,skip,skip,skip,A,skip,A,A,A,B,B,skip,A,skip,A,A,A,A,B,B,0.55,draw
435,random,1,B,A,A,skip,A,A,skip,skip,skip,B,A,A,B,A,A,B,skip,B,B,skip,0.35,rotate
435,rotate,2,B,A,B,A,B,A,B,A,B,A,B,A,B,A,B,A,B,A,B,A,0.65,rotate
436,rotate,1,A,B,A,B,A,B,A,B,A,B,A,B,A,B,A,B,A,B,A,B,0.6,rotate
436,random,2,A,A,skip,A,A,B,skip,A,A,A,skip,B,B,skip,A,B,B,A,skip,B,0.35,rotate
437,rotate,1,A,B,A,B,A,B,A,B,A,B,A,B,A,B,A,B,A,B,A,B,1.0,draw
437,rotate,2,B,A,B,A,B,A,B,A,B,A,B,A,B,A,B,A,B,A,B,A,1.0,draw
438,rotate,1,A,B,A,B,A,B,A,B,A,B,A,B,A,B,A,B,A,B,A,B,1.0,draw
438,rotate,2,B,A,B,A,B,A,B,A,B,A,B,A,B,A,B,A,B,A,B,A,1.0,draw
439,random3,1,B,B,B,B,B,B,B,B,A,A,A,A,A,A,A,A,A,A,A,A,0.65,random3
439,random,2,skip,skip,skip,B,skip,A,B,B,A,A,B,B,B,A,skip,B,B,A,B,B,0.4,random3
440,random,1,skip,skip,skip,A,B,B,A,A,skip,B,B,skip,A,A,A,A,B,B,skip,skip,0.25,random3
440,random3,2,A,A,A,A,A,A,A,B,B,B,B,A,A,A,A,A,A,A,A,A,0.6,random3
441,rotate,1,A,B,A,B,A,B,A,B,A,B,A,B,A,B,A,B,A,B,A,B,0.4,draw
441,random3,2,B,B,B,B,B,B,B,B,A,B,A,A,A,B,A,A,A,A,A,A,0.4,draw
442,random3,1,B,A,A,A,A,A,A,A,A,A,A,A,A,A,A,A,A,A,B,A,0.4,draw
442,rotate,2,B,A,B,A,B,A,B,A,B,A,B,A,B,A,B,A,B,A,B,A,0.4,draw
443,random3,1,A,A,A,A,A,A,A,A,A,A,A,A,A,A,A,A,A,A,A,A,1.0,draw
443,random3,2,B,B,B,B,B,B,B,B,B,B,B,B,B,B,B,B,B,B,B,B,1.0,draw
444,random3,1,A,A,A,A,A,A,A,A,A,A,A,A,A,A,A,A,A,A,A,A,0.95,draw
444,random3,2,A,B,B,B,B,B,B,B,B,B,B,B,B,B,B,B,B,B,B,B,0.95,draw
445,random,1,A,skip,A,skip,B,skip,B,skip,B,B,skip,B,skip,A,A,skip,skip,skip,A,skip,0.25,radicaleq
445,radicaleq,2,B,B,B,B,B,B,B,B,B,B,B,B,B,B,B,B,B,B,B,B,0.75,radicaleq
446,radicaleq,1,A,A,A,A,A,A,A,A,A,A,A,A,A,A,A,A,A,A,A,A,0.6,radicaleq
446,random,2,B,skip,skip,A,A,skip,skip,A,A,A,A,A,B,skip,A,B,B,B,B,skip,0.3,radicaleq
447,radicaleq,1,A,A,B,A,B,A,B,A,B,A,B,A,B,A,B,A,B,A,B,A,0.05,draw
447,rotate,2,B,A,B,A,B,A,B,A,B,A,B,A,B,A,B,A,B,A,B,A,0.05,draw
448,rotate,1,A,B,A,B,A,B,A,B,A,B,A,B,A,B,A,B,A,B,A,B,0.5,draw
448,radicaleq,2,B,B,B,B,B,B,B,B,B,B,B,B,B,B,B,B,B,B,B,B,0.5,draw
449,random3,1,B,B,A,A,A,A,A,A,A,A,A,A,A,A,A,A,A,A,A,A,0.9,draw
449,radicaleq,2,B,B,B,B,B,B,B,B,B,B,B,B,B,B,B,B,B,B,B,B,0.9,draw
450,radicaleq,1,A,A,A,A,A,A,A,A,A,A,A,A,A,A,A,A,A,A,A,A,1.0,draw
450,random3,2,B,B,B,B,B,B,B,B,B,B,B,B,B,B,B,B,B,B,B,B,1.0,draw
451,radicaleq,1,A,A,A,A,A,A,A,A,A,A,A,A,A,A,A,A,A,A,A,A,1.0,draw
451,radicaleq,2,B,B,B,B,B,B,B,B,B,B,B,B,B,B,B,B,B,B,B,B,1.0,draw
452,radicaleq,1,A,A,A,A,A,A,A,A,A,A,A,A,A,A,A,A,A,A,A,A,1.0,draw
452,radicaleq,2,B,B,B,B,B,B,B,B,B,B,B,B,B,B,B,B,B,B,B,B,1.0,draw
453,rotate0,1,A,A,A,A,A,A,A,A,A,A,A,A,A,A,A,A,A,A,A,A,0.5,rotate0
453,random,2,skip,B,B,A,B,A,A,skip,A,skip,B,A,A,A,A,A,A,skip,B,B,0.3,rotate0
454,random,1,skip,skip,A,A,skip,A,B,A,B,A,B,skip,B,A,A,A,A,A,skip,skip,0.5,rotate0
454,rotate0,2,B,B,B,B,B,B,B,B,B,B,B,B,B,B,B,B,B,B,B,B,0.8,rotate0
455,rotate0,1,A,A,A,A,A,A,A,A,A,A,A,A,A,A,A,A,A,A,A,A,0.5,draw
455,rotate,2,B,A,B,A,B,A,B,A,B,A,B,A,B,A,B,A,B,A,B,A,0.5,draw
456,rotate,1,A,B,A,B,A,B,A,B,A,B,A,B,A,B,A,B,A,B,A,B,0.5,draw
456,rotate0,2,B,B,B,B,B,B,B,B,B,B,B,B,B,B,B,B,B,B,B,B,0.5,draw
457,rotate0,1,A,A,A,A,A,A,A,A,A,A,A,A,A,A,A,A,A,A,A,A,0.95,draw
457,random3,2,A,B,B,B,B,B,B,B,B,B,B,B,B,B,B,B,B,B,B,B,0.95,draw
458,random3,1,B,B,B,B,B,B,A,A,A,A,A,A,A,A,A,A,A,A,A,A,0.7,draw
458,rotate0,2,B,B,B,B,B,B,B,B,B,B,B,B,B,B,B,B,B,B,B,B,0.7,draw
459,rotate0,1,A,A,A,A,A,A,A,A,A,A,A,A,A,A,A,A,A,A,A,A,1.0,draw
459,radicaleq,2,B,B,B,B,B,B,B,B,B,B,B,B,B,B,B,B,B,B,B,B,1.0,draw
460,radicaleq,1,A,A,A,A,A,A,A,A,A,A,A,A,A,A,A,A,A,A,A,A,1.0,draw
460,rotate0,2,B,B,B,B,B,B,B,B,B,B,B,B,B,B,B,B,B,B,B,B,1.0,draw
461,rotate0,1,A,A,A,A,A,A,A,A,A,A,A,A,A,A,A,A,A,A,A,A,1.0,draw
461,rotate0,2,B,B,B,B,B,B,B,B,B,B,B,B,B,B,B,B,B,B,B,B,1.0,draw
462,rotate0,1,A,A,A,A,A,A,A,A,A,A,A,A,A,A,A,A,A,A,A,A,1.0,draw
462,rotate0,2,B,B,B,B,B,B,B,B,B,B,B,B,B,B,B,B,B,B,B,B,1.0,draw
463,caste,1,A,B,A,B,A,A,A,B,A,B,A,B,A,A,A,A,A,A,A,B,0.65,caste
463,random,2,A,B,skip,skip,B,B,skip,B,A,skip,A,B,B,B,B,B,B,B,A,A,0.45,caste
464,random,1,B,skip,A,B,A,B,A,skip,B,skip,B,A,A,A,B,B,skip,skip,A,A,0.3,caste
464,caste,2,B,A,A,B,A,B,A,B,A,B,A,A,B,B,B,A,A,B,A,B,0.55,caste
465,rotate,1,A,B,A,B,A,B,A,B,A,B,A,B,A,B,A,B,A,B,A,B,0.1,draw
465,caste,2,B,B,A,A,A,B,A,B,A,B,A,B,A,B,A,B,A,B,A,B,0.1,draw
466,caste,1,A,A,B,A,B,A,B,A,B,A,B,A,B,A,B,A,B,A,B,A,0.05,draw
466,rotate,2,B,A,B,A,B,A,B,A,B,A,B,A,B,A,B,A,B,A,B,A,0.05,draw
467,caste,1,A,A,A,A,A,A,A,A,A,A,A,A,A,A,A,A,A,A,A,A,1.0,draw
467,random3,2,B,B,B,B,B,B,B,B,B,B,B,B,B,B,B,B,B,B,B,B,1.0,draw
468,random3,1,B,B,B,B,B,B,B,B,B,B,B,B,B,B,B,B,B,B,B,B,0.65,draw
468,caste,2,B,A,B,A,A,B,A,A,B,A,A,B,A,A,B,A,A,B,A,A,0.65,draw
469,radicaleq,1,A,A,A,A,A,A,A,A,A,A,A,A,A,A,A,A,A,A,A,A,1.0,draw
469,caste,2,B,B,B,B,B,B,B,B,B,B,B,B,B,B,B,B,B,B,B,B,1.0,draw
470,caste,1,A,A,A,A,A,A,A,A,A,A,A,A,A,A,A,A,A,A,A,A,1.0,draw
470,radicaleq,2,B,B,B,B,B,B,B,B,B,B,B,B,B,B,B,B,B,B,B,B,1.0,draw
471,caste,1,A,A,A,A,A,A,A,A,A,A,A,A,A,A,A,A,A,A,A,A,1.0,draw
471,rotate0,2,B,B,B,B,B,B,B,B,B,B,B,B,B,B,B,B,B,B,B,B,1.0,draw
472,rotate0,1,A,A,A,A,A,A,A,A,A,A,A,A,A,A,A,A,A,A,A,A,1.0,draw
472,caste,2,B,B,B,B,B,B,B,B,B,B,B,B,B,B,B,B,B,B,B,B,1.0,draw
473,caste,1,A,A,A,A,A,A,A,A,A,A,A,A,A,A,A,A,A,A,A,A,1.0,draw
473,caste,2,B,B,B,B,B,B,B,B,B,B,B,B,B,B,B,B,B,B,B,B,1.0,draw
474,caste,1,A,A,A,A,A,A,A,A,A,A,A,A,A,A,A,A,A,A,A,A,1.0,draw
474,caste,2,B,B,B,B,B,B,B,B,B,B,B,B,B,B,B,B,B,B,B,B,1.0,draw
475,equalize,1,A,B,A,B,A,B,A,A,A,B,B,A,B,B,A,B,A,A,A,B,0.55,equalize
475,random,2,A,B,A,B,A,B,B,B,skip,A,skip,A,skip,skip,skip,B,skip,B,skip,B,0.2,equalize
476,random,1,skip,B,B,A,B,B,skip,A,skip,A,A,A,A,A,skip,A,B,skip,B,A,0.4,equalize
476,equalize,2,B,A,B,A,A,A,A,B,B,A,B,B,B,A,B,B,B,A,B,A,0.65,equalize
477,rotate,1,A,B,A,B,A,B,A,B,A,B,A,B,A,B,A,B,A,B,A,B,0.1,draw
477,equalize,2,B,B,A,A,A,B,A,B,A,B,A,B,A,B,A,B,A,B,A,B,0.1,draw
478,equalize,1,A,A,B,A,B,A,B,A,B,A,B,A,B,A,B,A,B,A,B,A,0.05,draw
478,rotate,2,B,A,B,A,B,A,B,A,B,A,B,A,B,A,B,A,B,A,B,A,0.05,draw
479,equalize,1,A,A,A,A,A,A,A,A,A,A,A,A,A,A,A,A,A,A,A,A,1.0,draw
479,random3,2,B,B,B,B,B,B,B,B,B,B,B,B,B,B,B,B,B,B,B,B,1.0,draw
480,random3,1,A,A,A,A,A,A,A,A,A,A,A,A,A,A,A,A,A,A,A,A,1.0,draw
480,equalize,2,B,B,B,B,B,B,B,B,B,B,B,B,B,B,B,B,B,B,B,B,1.0,draw
481,radicaleq,1,A,A,A,A,A,A,A,A,A,A,A,A,A,A,A,A,A,A,A,A,1.0,draw
481,equalize,2,B,B,B,B,B,B,B,B,B,B,B,B,B,B,B,B,B,B,B,B,1.0,draw
482,equalize,1,A,A,A,A,A,A,A,A,A,A,A,A,A,A,A,A,A,A,A,A,1.0,draw
482,radicaleq,2,B,B,B,B,B,B,B,B,B,B,B,B,B,B,B,B,B,B,B,B,1.0,draw
483,equalize,1,A,A,A,A,A,A,A,A,A,A,A,A,A,A,A,A,A,A,A,A,1.0,draw
483,rotate0,2,B,B,B,B,B,B,B,B,B,B,B,B,B,B,B,B,B,B,B,B,1.0,draw
484,rotate0,1,A,A,A,A,A,A,A,A,A,A,A,A,A,A,A,A,A,A,A,A,1.0,draw
484,equalize,2,B,B,B,B,B,B,B,B,B,B,B,B,B,B,B,B,B,B,B,B,1.0,draw
485,caste,1,A,A,A,A,A,A,A,A,A,A,A,A,A,A,A,A,A,A,A,A,1.0,draw
485,equalize,2,B,B,B,B,B,B,B,B,B,B,B,B,B,B,B,B,B,B,B,B,1.0,draw
486,equalize,1,A,A,A,A,A,A,A,A,A,A,A,A,A,A,A,A,A,A,A,A,1.0,draw
486,caste,2,B,B,B,B,B,B,B,B,B,B,B,B,B,B,B,B,B,B,B,B,1.0,draw
487,equalize,1,A,A,A,A,A,A,A,A,A,A,A,A,A,A,A,A,A,A,A,A,1.0,draw
487,equalize,2,B,B,B,B,B,B,B,B,B,B,B,B,B,B,B,B,B,B,B,B,1.0,draw
488,equalize,1,A,A,A,A,A,A,A,A,A,A,A,A,A,A,A,A,A,A,A,A,1.0,draw
488,equalize,2,B,B,B,B,B,B,B,B,B,B,B,B,B,B,B,B,B,B,B,B,1.0,draw
489,random,1,skip,A,A,A,A,skip,skip,skip,skip,A,skip,A,B,A,skip,skip,A,A,A,A,0.1,turntaking
489,turntaking,2,B,B,A,A,A,A,A,A,A,A,A,A,A,A,A,A,A,A,A,A,0.5,turntaking
490,turntaking,1,A,A,A,A,B,A,B,B,A,A,A,A,A,A,A,A,A,B,A,A,0.7,turntaking
490,random,2,B,A,skip,B,skip,B,B,A,B,B,A,A,skip,A,A,B,B,skip,skip,B,0.45,turntaking
491,turntaking,1,A,A,A,B,B,B,A,A,A,B,B,B,A,A,A,B,B,B,A,A,0.65,draw
491,rotate,2,B,A,B,A,B,A,B,A,B,A,B,A,B,A,B,A,B,A,B,A,0.65,draw
492,rotate,1,A,B,A,B,A,B,A,B,A,B,A,B,A,B,A,B,A,B,A,B,0.5,draw
492,turntaking,2,B,B,B,B,B,B,B,B,B,B,B,B,B,B,B,B,B,B,B,B,0.5,draw
493,random3,1,B,B,B,B,B,B,B,B,B,B,B,B,B,B,A,B,B,A,A,A,0.45,draw
493,turntaking,2,B,B,B,A,B,A,B,A,B,A,A,B,A,B,A,B,B,B,B,B,0.45,draw
494,turntaking,1,A,A,B,B,B,B,B,B,B,A,B,A,B,B,B,B,B,B,A,B,0.35,draw
494,random3,2,A,B,B,B,B,B,B,A,A,A,A,A,B,B,B,B,A,A,A,A,0.35,draw
495,turntaking,1,A,A,A,A,A,A,A,A,A,A,A,A,A,A,A,A,A,A,A,A,1.0,draw
495,radicaleq,2,B,B,B,B,B,B,B,B,B,B,B,B,B,B,B,B,B,B,B,B,1.0,draw
496,radicaleq,1,A,A,A,A,A,A,A,A,A,A,A,A,A,A,A,A,A,A,A,A,1.0,draw
496,turntaking,2,B,B,B,B,B,B,B,B,B,B,B,B,B,B,B,B,B,B,B,B,1.0,draw
497,rotate0,1,A,A,A,A,A,A,A,A,A,A,A,A,A,A,A,A,A,A,A,A,1.0,draw
497,turntaking,2,B,B,B,B,B,B,B,B,B,B,B,B,B,B,B,B,B,B,B,B,1.0,draw
498,turntaking,1,A,A,A,A,A,A,A,A,A,A,A,A,A,A,A,A,A,A,A,A,1.0,draw
498,rotate0,2,B,B,B,B,B,B,B,B,B,B,B,B,B,B,B,B,B,B,B,B,1.0,draw
499,turntaking,1,A,A,A,A,A,A,A,A,A,A,A,A,A,A,A,A,A,A,A,A,1.0,draw
499,caste,2,B,B,B,B,B,B,B,B,B,B,B,B,B,B,B,B,B,B,B,B,1.0,draw
500,caste,1,A,A,A,A,A,A,A,A,A,A,A,A,A,A,A,A,A,A,A,A,1.0,draw
500,turntaking,2,B,B,B,B,B,B,B,B,B,B,B,B,B,B,B,B,B,B,B,B,1.0,draw
501,equalize,1,A,A,A,A,A,A,A,A,A,A,A,A,A,A,A,A,A,A,A,A,1.0,draw
501,turntaking,2,B,B,B,B,B,B,B,B,B,B,B,B,B,B,B,B,B,B,B,B,1.0,draw
502,turntaking,1,A,A,A,A,A,A,A,A,A,A,A,A,A,A,A,A,A,A,A,A,1.0,draw
502,equalize,2,B,B,B,B,B,B,B,B,B,B,B,B,B,B,B,B,B,B,B,B,1.0,draw
503,turntaking,1,A,A,A,A,A,A,A,A,A,A,A,A,A,A,A,A,A,A,A,A,1.0,draw
503,turntaking,2,B,B,B,B,B,B,B,B,B,B,B,B,B,B,B,B,B,B,B,B,1.0,draw
504,turntaking,1,A,A,A,A,A,A,A,A,A,A,A,A,A,A,A,A,A,A,A,A,1.0,draw
504,turntaking,2,B,B,B,B,B,B,B,B,B,B,B,B,B,B,B,B,B,B,B,B,1.0,draw
505,random,1,A,A,A,B,skip,B,A,skip,skip,B,B,B,skip,A,skip,B,A,B,skip,skip,0.35,draw
505,random,2,B,A,A,B,skip,A,A,skip,A,B,A,skip,B,B,B,skip,A,A,B,skip,0.45,draw
506,random,1,B,B,B,A,B,B,A,A,A,skip,B,A,A,A,A,skip,B,B,A,B,0.45,draw
506,random,2,A,A,A,skip,B,B,A,skip,A,skip,A,A,A,A,A,skip,A,skip,A,skip,0.25,draw
507,random,1,B,B,skip,B,A,skip,A,B,skip,A,A,A,skip,A,B,skip,B,A,skip,B,0.35,rotate
507,rotate,2,B,A,B,A,B,A,B,A,B,A,B,A,B,A,B,A,B,A,B,A,0.65,rotate
508,rotate,1,A,B,A,B,A,B,A,B,A,B,A,B,A,B,A,B,A,B,A,B,0.65,rotate
508,random,2,A,A,skip,B,A,skip,B,A,A,skip,skip,A,A,B,skip,A,A,skip,skip,A,0.3,rotate
509,rotate,1,A,B,A,B,A,B,A,B,A,B,A,B,A,B,A,B,A,B,A,B,1.0,draw
509,rotate,2,B,A,B,A,B,A,B,A,B,A,B,A,B,A,B,A,B,A,B,A,1.0,draw
510,rotate,1,A,B,A,B,A,B,A,B,A,B,A,B,A,B,A,B,A,B,A,B,1.0,draw
510,rotate,2,B,A,B,A,B,A,B,A,B,A,B,A,B,A,B,A,B,A,B,A,1.0,draw
511,random3,1,A,A,A,A,A,A,B,B,B,B,B,B,B,B,B,B,B,B,B,B,0.75,random3
511,random,2,skip,skip,B,B,B,A,A,A,B,B,skip,skip,B,A,A,B,A,skip,skip,skip,0.4,random3
512,random,1,skip,B,B,A,skip,B,skip,B,skip,A,B,skip,A,A,B,skip,skip,B,A,skip,0.3,random3
512,random3,2,A,A,A,A,A,A,A,A,A,A,B,B,B,B,B,B,B,B,A,A,0.7,random3
513,rotate,1,A,B,A,B,A,B,A,B,A,B,A,B,A,B,A,B,A,B,A,B,0.35,draw
513,random3,2,A,A,A,A,A,B,B,B,B,B,A,B,A,B,A,A,A,A,A,A,0.35,draw
514,random3,1,B,A,B,A,A,A,B,A,A,A,B,B,B,A,B,B,B,B,B,A,0.25,draw
514,rotate,2,B,A,B,A,B,A,B,A,B,A,B,A,B,A,B,A,B,A,B,A,0.25,draw
515,random3,1,A,B,B,B,B,B,B,B,B,B,B,B,B,B,B,B,B,B,B,B,0.95,draw
515,random3,2,A,A,A,A,A,A,A,A,A,A,A,A,A,A,A,A,A,A,A,A,0.95,draw
516,random3,1,B,B,A,A,A,A,A,A,A,A,A,A,A,A,A,A,A,A,A,A,0.9,draw
516,random3,2,B,B,B,B,B,B,B,B,B,B,B,B,B,B,B,B,B,B,B,B,0.9,draw
517,random,1,A,A,skip,A,A,skip,A,B,A,A,B,skip,B,A,skip,skip,A,skip,A,B,0.5,radicaleq
517,radicaleq,2,B,B,B,B,B,B,B,B,B,B,B,B,B,B,B,B,B,B,B,B,0.8,radicaleq
518,radicaleq,1,A,A,A,A,A,A,A,A,A,A,A,A,A,A,A,A,A,A,A,A,0.7,radicaleq
518,random,2,skip,A,skip,A,skip,B,B,skip,A,skip,A,B,A,A,skip,skip,B,B,skip,skip,0.25,radicaleq
519,radicaleq,1,A,A,B,A,B,A,B,A,B,A,B,A,B,A,B,A,B,A,B,A,0.05,draw
519,rotate,2,B,A,B,A,B,A,B,A,B,A,B,A,B,A,B,A,B,A,B,A,0.05,draw
520,rotate,1,A,B,A,B,A,B,A,B,A,B,A,B,A,B,A,B,A,B,A,B,0.5,draw
520,radicaleq,2,B,B,B,B,B,B,B,B,B,B,B,B,B,B,B,B,B,B,B,B,0.5,draw
521,random3,1,A,A,A,A,A,A,A,A,A,A,A,A,A,A,A,A,A,A,A,A,1.0,draw
521,radicaleq,2,B,B,B,B,B,B,B,B,B,B,B,B,B,B,B,B,B,B,B,B,1.0,draw
522,radicaleq,1,A,A,A,A,A,A,A,A,A,A,A,A,A,A,A,A,A,A,A,A,1.0,draw
522,random3,2,B,B,B,B,B,B,B,B,B,B,B,B,B,B,B,B,B,B,B,B,1.0,draw
523,radicaleq,1,A,A,A,A,A,A,A,A,A,A,A,A,A,A,A,A,A,A,A,A,1.0,draw
523,radicaleq,2,B,B,B,B,B,B,B,B,B,B,B,B,B,B,B,B,B,B,B,B,1.0,draw
524,radicaleq,1,A,A,A,A,A,A,A,A,A,A,A,A,A,A,A,A,A,A,A,A,1.0,draw
524,radicaleq,2,B,B,B,B,B,B,B,B,B,B,B,B,B,B,B,B,B,B,B,B,1.0,draw
525,rotate0,1,A,A,A,A,A,A,A,A,A,A,A,A,A,A,A,A,A,A,A,A,0.65,rotate0
525,random,2,B,skip,A,A,B,B,A,A,A,A,skip,B,A,skip,skip,B,skip,skip,skip,B,0.3,rotate0
526,random,1,A,B,B,B,skip,B,A,skip,skip,A,A,A,skip,A,skip,skip,skip,A,A,B,0.4,rotate0
526,rotate0,2,B,B,B,B,B,B,B,B,B,B,B,B,B,B,B,B,B,B,B,B,0.75,rotate0
527,rotate0,1,A,A,A,A,A,A,A,A,A,A,A,A,A,A,A,A,A,A,A,A,0.5,draw
527,rotate,2,B,A,B,A,B,A,B,A,B,A,B,A,B,A,B,A,B,A,B,A,0.5,draw
528,rotate,1,A,B,A,B,A,B,A,B,A,B,A,B,A,B,A,B,A,B,A,B,0.5,draw
528,rotate0,2,B,B,B,B,B,B,B,B,B,B,B,B,B,B,B,B,B,B,B,B,0.5,draw
529,rotate0,1,A,A,A,A,A,A,A,A,A,A,A,A,A,A,A,A,A,A,A,A,0.9,draw
529,random3,2,A,A,B,B,B,B,B,B,B,B,B,B,B,B,B,B,B,B,B,B,0.9,draw
530,random3,1,B,B,B,B,B,B,B,B,B,A,A,A,A,A,A,A,A,A,A,A,0.55,draw
530,rotate0,2,B,B,B,B,B,B,B,B,B,B,B,B,B,B,B,B,B,B,B,B,0.55,draw
531,rotate0,1,A,A,A,A,A,A,A,A,A,A,A,A,A,A,A,A,A,A,A,A,1.0,draw
531,radicaleq,2,B,B,B,B,B,B,B,B,B,B,B,B,B,B,B,B,B,B,B,B,1.0,draw
532,radicaleq,1,A,A,A,A,A,A,A,A,A,A,A,A,A,A,A,A,A,A,A,A,1.0,draw
532,rotate0,2,B,B,B,B,B,B,B,B,B,B,B,B,B,B,B,B,B,B,B,B,1.0,draw
533,rotate0,1,A,A,A,A,A,A,A,A,A,A,A,A,A,A,A,A,A,A,A,A,1.0,draw
533,rotate0,2,B,B,B,B,B,B,B,B,B,B,B,B,B,B,B,B,B,B,B,B,1.0,draw
534,rotate0,1,A,A,A,A,A,A,A,A,A,A,A,A,A,A,A,A,A,A,A,A,1.0,draw
534,rotate0,2,B,B,B,B,B,B,B,B,B,B,B,B,B,B,B,B,B,B,B,B,1.0,draw
535,caste,1,A,A,B,A,B,B,B,A,A,B,A,A,A,B,A,B,B,A,A,A,0.65,caste
535,random,2,B,A,B,A,A,skip,B,B,A,B,B,skip,skip,skip,skip,A,B,B,skip,skip,0.3,caste
536,random,1,B,A,B,B,A,A,B,B,B,A,B,B,B,A,skip,A,A,skip,A,B,0.4,caste
536,caste,2,B,A,A,B,A,B,A,B,A,A,B,A,A,A,B,A,B,B,B,B,0.5,caste
537,rotate,1,A,B,A,B,A,B,A,B,A,B,A,B,A,B,A,B,A,B,A,B,0.1,draw
537,caste,2,B,B,A,A,A,B,A,B,A,B,A,B,A,B,A,B,A,B,A,B,0.1,draw
538,caste,1,A,A,B,A,B,A,B,A,B,A,B,A,B,A,B,A,B,A,B,A,0.05,draw
538,rotate,2,B,A,B,A,B,A,B,A,B,A,B,A,B,A,B,A,B,A,B,A,0.05,draw
539,caste,1,A,B,B,B,B,B,B,B,B,B,B,B,B,B,B,B,B,B,B,B,0.95,draw
539,random3,2,A,A,A,A,A,A,A,A,A,A,A,A,A,A,A,A,A,A,A,A,0.95,draw
540,random3,1,B,B,B,B,B,B,B,B,B,B,B,B,A,A,B,B,B,B,A,A,0.5,draw
540,caste,2,B,A,B,A,A,B,A,A,B,A,A,B,A,A,A,A,A,B,A,A,0.5,draw
541,radicaleq,1,A,A,A,A,A,A,A,A,A,A,A,A,A,A,A,A,A,A,A,A,1.0,draw
541,caste,2,B,B,B,B,B,B,B,B,B,B,B,B,B,B,B,B,B,B,B,B,1.0,draw
542,caste,1,A,A,A,A,A,A,A,A,A,A,A,A,A,A,A,A,A,A,A,A,1.0,draw
542,radicaleq,2,B,B,B,B,B,B,B,B,B,B,B,B,B,B,B,B,B,B,B,B,1.0,draw
543,caste,1,A,A,A,A,A,A,A,A,A,A,A,A,A,A,A,A,A,A,A,A,1.0,draw
543,rotate0,2,B,B,B,B,B,B,B,B,B,B,B,B,B,B,B,B,B,B,B,B,1.0,draw
544,rotate0,1,A,A,A,A,A,A,A,A,A,A,A,A,A,A,A,A,A,A,A,A,1.0,draw
544,caste,2,B,B,B,B,B,B,B,B,B,B,B,B,B,B,B,B,B,B,B,B,1.0,draw
545,caste,1,A,A,A,A,A,A,A,A,A,A,A,A,A,A,A,A,A,A,A,A,1.0,draw
545,caste,2,B,B,B,B,B,B,B,B,B,B,B,B,B,B,B,B,B,B,B,B,1.0,draw
546,caste,1,A,A,A,A,A,A,A,A,A,A,A,A,A,A,A,A,A,A,A,A,1.0,draw
546,caste,2,B,B,B,B,B,B,B,B,B,B,B,B,B,B,B,B,B,B,B,B,1.0,draw
547,equalize,1,A,B,A,B,A,B,B,B,A,A,A,B,B,B,A,B,B,A,A,B,0.55,equalize
547,random,2,A,B,skip,B,A,A,skip,B,B,A,skip,A,skip,B,A,A,B,skip,skip,A,0.25,equalize
548,random,1,A,B,B,B,A,B,B,A,skip,A,B,A,skip,B,A,A,A,B,B,A,0.35,equalize
548,equalize,2,B,B,A,B,A,A,A,A,B,A,B,A,B,B,A,B,A,B,A,B,0.45,equalize
549,rotate,1,A,B,A,B,A,B,A,B,A,B,A,B,A,B,A,B,A,B,A,B,0.1,draw
549,equalize,2,B,B,A,A,A,B,A,B,A,B,A,B,A,B,A,B,A,B,A,B,0.1,draw
550,equalize,1,A,A,B,A,B,A,B,A,B,A,B,A,B,A,B,A,B,A,B,A,0.05,draw
550,rotate,2,B,A,B,A,B,A,B,A,B,A,B,A,B,A,B,A,B,A,B,A,0.05,draw
551,equalize,1,A,B,A,A,A,A,A,A,A,A,A,A,A,A,A,A,A,A,A,A,0.9,draw
551,random3,2,A,B,B,B,B,B,B,B,B,B,B,B,B,B,B,B,B,B,B,B,0.9,draw
552,random3,1,A,A,A,A,A,A,A,A,A,A,A,A,A,A,A,A,A,A,A,A,1.0,draw
552,equalize,2,B,B,B,B,B,B,B,B,B,B,B,B,B,B,B,B,B,B,B,B,1.0,draw
553,radicaleq,1,A,A,A,A,A,A,A,A,A,A,A,A,A,A,A,A,A,A,A,A,1.0,draw
553,equalize,2,B,B,B,B,B,B,B,B,B,B,B,B,B,B,B,B,B,B,B,B,1.0,draw
554,equalize,1,A,A,A,A,A,A,A,A,A,A,A,A,A,A,A,A,A,A,A,A,1.0,draw
554,radicaleq,2,B,B,B,B,B,B,B,B,B,B,B,B,B,B,B,B,B,B,B,B,1.0,draw
555,equalize,1,A,A,A,A,A,A,A,A,A,A,A,A,A,A,A,A,A,A,A,A,1.0,draw
555,rotate0,2,B,B,B,B,B,B,B,B,B,B,B,B,B,B,B,B,B,B,B,B,1.0,draw
556,rotate0,1,A,A,A,A,A,A,A,A,A,A,A,A,A,A,A,A,A,A,A,A,1.0,draw
556,equalize,2,B,B,B,B,B,B,B,B,B,B,B,B,B,B,B,B,B,B,B,B,1.0,draw
557,caste,1,A,A,A,A,A,A,A,A,A,A,A,A,A,A,A,A,A,A,A,A,1.0,draw
557,equalize,2,B,B,B,B,B,B,B,B,B,B,B,B,B,B,B,B,B,B,B,B,1.0,draw
558,equalize,1,A,A,A,A,A,A,A,A,A,A,A,A,A,A,A,A,A,A,A,A,1.0,draw
558,caste,2,B,B,B,B,B,B,B,B,B,B,B,B,B,B,B,B,B,B,B,B,1.0,draw
559,equalize,1,A,A,A,A,A,A,A,A,A,A,A,A,A,A,A,A,A,A,A,A,1.0,draw
559,equalize,2,B,B,B,B,B,B,B,B,B,B,B,B,B,B,B,B,B,B,B,B,1.0,draw
560,equalize,1,A,A,A,A,A,A,A,A,A,A,A,A,A,A,A,A,A,A,A,A,1.0,draw
560,equalize,2,B,B,B,B,B,B,B,B,B,B,B,B,B,B,B,B,B,B,B,B,1.0,draw
561,random,1,skip,B,B,B,B,A,B,A,A,B,A,A,A,B,A,skip,skip,B,B,A,0.3,turntaking
561,turntaking,2,B,B,B,B,B,A,B,B,B,A,A,B,A,B,B,B,B,B,B,B,0.45,turntaking
562,turntaking,1,A,A,B,B,B,B,B,A,B,A,A,B,B,B,B,B,B,B,B,B,0.55,turntaking
562,random,2,A,B,B,B,B,A,A,skip,A,B,A,B,A,B,B,B,skip,skip,skip,skip,0.3,turntaking
563,turntaking,1,A,A,A,B,B,B,A,A,A,B,B,B,A,A,A,B,B,B,A,A,0.65,draw
563,rotate,2,B,A,B,A,B,A,B,A,B,A,B,A,B,A,B,A,B,A,B,A,0.65,draw
564,rotate,1,A,B,A,B,A,B,A,B,A,B,A,B,A,B,A,B,A,B,A,B,0.5,draw
564,turntaking,2,B,B,B,B,B,B,B,B,B,B,B,B,B,B,B,B,B,B,B,B,0.5,draw
565,random3,1,A,A,A,A,A,A,A,A,A,A,A,A,A,A,A,A,A,A,A,A,1.0,draw
565,turntaking,2,B,B,B,B,B,B,B,B,B,B,B,B,B,B,B,B,B,B,B,B,1.0,draw
566,turntaking,1,A,A,A,A,A,A,A,A,A,A,A,A,A,A,A,A,A,A,A,A,1.0,draw
566,random3,2,B,B,B,B,B,B,B,B,B,B,B,B,B,B,B,B,B,B,B,B,1.0,draw
567,turntaking,1,A,A,A,A,A,A,A,A,A,A,A,A,A,A,A,A,A,A,A,A,1.0,draw
567,radicaleq,2,B,B,B,B,B,B,B,B,B,B,B,B,B,B,B,B,B,B,B,B,1.0,draw
568,radicaleq,1,A,A,A,A,A,A,A,A,A,A,A,A,A,A,A,A,A,A,A,A,1.0,draw
568,turntaking,2,B,B,B,B,B,B,B,B,B,B,B,B,B,B,B,B,B,B,B,B,1.0,draw
569,rotate0,1,A,A,A,A,A,A,A,A,A,A,A,A,A,A,A,A,A,A,A,A,1.0,draw
569,turntaking,2,B,B,B,B,B,B,B,B,B,B,B,B,B,B,B,B,B,B,B,B,1.0,draw
570,turntaking,1,A,A,A,A,A,A,A,A,A,A,A,A,A,A,A,A,A,A,A,A,1.0,draw
570,rotate0,2,B,B,B,B,B,B,B,B,B,B,B,B,B,B,B,B,B,B,B,B,1.0,draw
571,turntaking,1,A,A,A,A,A,A,A,A,A,A,A,A,A,A,A,A,A,A,A,A,1.0,draw
571,caste,2,B,B,B,B,B,B,B,B,B,B,B,B,B,B,B,B,B,B,B,B,1.0,draw
572,caste,1,A,A,A,A,A,A,A,A,A,A,A,A,A,A,A,A,A,A,A,A,1.0,draw
572,turntaking,2,B,B,B,B,B,B,B,B,B,B,B,B,B,B,B,B,B,B,B,B,1.0,draw
573,equalize,1,A,A,A,A,A,A,A,A,A,A,A,A,A,A,A,A,A,A,A,A,1.0,draw
573,turntaking,2,B,B,B,B,B,B,B,B,B,B,B,B,B,B,B,B,B,B,B,B,1.0,draw
574,turntaking,1,A,A,A,A,A,A,A,A,A,A,A,A,A,A,A,A,A,A,A,A,1.0,draw
574,equalize,2,B,B,B,B,B,B,B,B,B,B,B,B,B,B,B,B,B,B,B,B,1.0,draw
575,turntaking,1,A,A,A,A,A,A,A,A,A,A,A,A,A,A,A,A,A,A,A,A,1.0,draw
575,turntaking,2,B,B,B,B,B,B,B,B,B,B,B,B,B,B,B,B,B,B,B,B,1.0,draw
576,turntaking,1,A,A,A,A,A,A,A,A,A,A,A,A,A,A,A,A,A,A,A,A,1.0,draw
576,turntaking,2,B,B,B,B,B,B,B,B,B,B,B,B,B,B,B,B,B,B,B,B,1.0,draw
577,random,1,B,A,B,skip,A,skip,A,A,B,A,A,A,skip,skip,B,A,skip,skip,B,skip,0.5,draw
577,random,2,A,B,A,skip,skip,A,B,B,B,skip,A,A,B,skip,A,skip,B,skip,skip,A,0.5,draw
578,random,1,A,skip,A,skip,skip,skip,A,A,B,skip,A,B,skip,A,B,B,A,skip,B,skip,0.25,draw
578,random,2,B,B,A,skip,B,skip,skip,A,skip,A,A,B,B,A,B,A,B,B,B,A,0.45,draw
579,random,1,skip,A,B,skip,A,A,skip,skip,skip,skip,B,A,B,B,B,A,A,B,A,A,0.25,rotate
579,rotate,2,B,A,B,A,B,A,B,A,B,A,B,A,B,A,B,A,B,A,B,A,0.55,rotate
580,rotate,1,A,B,A,B,A,B,A,B,A,B,A,B,A,B,A,B,A,B,A,B,0.45,rotate
580,random,2,A,A,A,B,A,B,skip,B,A,B,B,A,B,B,A,A,B,B,skip,skip,0.3,rotate
581,rotate,1,A,B,A,B,A,B,A,B,A,B,A,B,A,B,A,B,A,B,A,B,1.0,draw
581,rotate,2,B,A,B,A,B,A,B,A,B,A,B,A,B,A,B,A,B,A,B,A,1.0,draw
582,rotate,1,A,B,A,B,A,B,A,B,A,B,A,B,A,B,A,B,A,B,A,B,1.0,draw
582,rotate,2,B,A,B,A,B,A,B,A,B,A,B,A,B,A,B,A,B,A,B,A,1.0,draw
583,random3,1,A,A,A,A,A,B,A,A,A,B,B,B,B,B,B,B,B,B,B,B,0.6,random3
583,random,2,B,A,skip,skip,A,B,B,A,A,B,skip,A,A,skip,skip,B,skip,A,B,A,0.3,random3
584,random,1,A,skip,B,B,skip,A,skip,A,A,skip,skip,B,B,A,A,skip,B,B,B,skip,0.4,random3
584,random3,2,B,B,B,B,B,B,B,B,B,B,B,B,A,A,A,A,A,A,A,A,0.75,random3
585,rotate,1,A,B,A,B,A,B,A,B,A,B,A,B,A,B,A,B,A,B,A,B,0.4,draw
585,random3,2,A,A,A,B,B,B,A,B,A,A,A,A,A,A,A,A,A,A,A,A,0.4,draw
586,random3,1,B,B,B,A,B,B,B,B,B,B,B,B,B,A,A,A,B,B,B,A,0.35,draw
586,rotate,2,B,A,B,A,B,A,B,A,B,A,B,A,B,A,B,A,B,A,B,A,0.35,draw
587,random3,1,B,B,B,B,B,B,B,B,B,B,B,B,B,B,B,B,B,B,B,B,0.95,draw
587,random3,2,B,A,A,A,A,A,A,A,A,A,A,A,A,A,A,A,A,A,A,A,0.95,draw
588,random3,1,A,B,B,B,B,B,B,B,B,B,B,B,B,B,B,B,B,B,B,B,0.95,draw
588,random3,2,A,A,A,A,A,A,A,A,A,A,A,A,A,A,A,A,A,A,A,A,0.95,draw
589,random,1,B,A,A,skip,B,skip,skip,A,B,B,skip,A,B,B,skip,skip,A,B,skip,B,0.25,radicaleq
589,radicaleq,2,B,B,B,B,B,B,B,B,B,B,B,B,B,B,B,B,B,B,B,B,0.6,radicaleq
590,radicaleq,1,A,A,A,A,A,A,A,A,A,A,A,A,A,A,A,A,A,A,A,A,0.85,radicaleq
590,random,2,skip,skip,skip,skip,A,skip,B,B,B,B,B,skip,skip,B,B,skip,B,A,A,B,0.45,radicaleq
591,radicaleq,1,A,A,B,A,B,A,B,A,B,A,B,A,B,A,B,A,B,A,B,A,0.05,draw
591,rotate,2,B,A,B,A,B,A,B,A,B,A,B,A,B,A,B,A,B,A,B,A,0.05,draw
592,rotate,1,A,B,A,B,A,B,A,B,A,B,A,B,A,B,A,B,A,B,A,B,0.5,draw
592,radicaleq,2,B,B,B,B,B,B,B,B,B,B,B,B,B,B,B,B,B,B,B,B,0.5,draw
593,random3,1,A,A,A,A,A,A,A,A,A,A,A,A,A,A,A,A,A,A,A,A,1.0,draw
593,radicaleq,2,B,B,B,B,B,B,B,B,B,B,B,B,B,B,B,B,B,B,B,B,1.0,draw
594,radicaleq,1,A,A,A,A,A,A,A,A,A,A,A,A,A,A,A,A,A,A,A,A,1.0,draw
594,random3,2,B,B,B,B,B,B,B,B,B,B,B,B,B,B,B,B,B,B,B,B,1.0,draw
595,radicaleq,1,A,A,A,A,A,A,A,A,A,A,A,A,A,A,A,A,A,A,A,A,1.0,draw
595,radicaleq,2,B,B,B,B,B,B,B,B,B,B,B,B,B,B,B,B,B,B,B,B,1.0,draw
596,radicaleq,1,A,A,A,A,A,A,A,A,A,A,A,A,A,A,A,A,A,A,A,A,1.0,draw
596,radicaleq,2,B,B,B,B,B,B,B,B,B,B,B,B,B,B,B,B,B,B,B,B,1.0,draw
597,rotate0,1,A,A,A,A,A,A,A,A,A,A,A,A,A,A,A,A,A,A,A,A,0.55,rotate0
597,random,2,A,skip,A,skip,A,A,skip,B,skip,B,skip,A,B,A,A,skip,A,A,B,skip,0.2,rotate0
598,random,1,A,A,skip,B,B,A,B,A,skip,B,skip,A,A,A,A,B,skip,B,skip,B,0.4,rotate0
598,rotate0,2,B,B,B,B,B,B,B,B,B,B,B,B,B,B,B,B,B,B,B,B,0.65,rotate0
599,rotate0,1,A,A,A,A,A,A,A,A,A,A,A,A,A,A,A,A,A,A,A,A,0.5,draw
599,rotate,2,B,A,B,A,B,A,B,A,B,A,B,A,B,A,B,A,B,A,B,A,0.5,draw
600,rotate,1,A,B,A,B,A,B,A,B,A,B,A,B,A,B,A,B,A,B,A,B,0.5,draw
600,rotate0,2,B,B,B,B,B,B,B,B,B,B,B,B,B,B,B,B,B,B,B,B,0.5,draw
601,rotate0,1,A,A,A,A,A,A,A,A,A,A,A,A,A,A,A,A,A,A,A,A,1.0,draw
601,random3,2,B,B,B,B,B,B,B,B,B,B,B,B,B,B,B,B,B,B,B,B,1.0,draw
602,random3,1,A,A,A,A,A,A,A,A,A,A,A,A,A,A,A,A,A,A,A,A,1.0,draw
602,rotate0,2,B,B,B,B,B,B,B,B,B,B,B,B,B,B,B,B,B,B,B,B,1.0,draw
603,rotate0,1,A,A,A,A,A,A,A,A,A,A,A,A,A,A,A,A,A,A,A,A,1.0,draw
603,radicaleq,2,B,B,B,B,B,B,B,B,B,B,B,B,B,B,B,B,B,B,B,B,1.0,draw
604,radicaleq,1,A,A,A,A,A,A,A,A,A,A,A,A,A,A,A,A,A,A,A,A,1.0,draw
604,rotate0,2,B,B,B,B,B,B,B,B,B,B,B,B,B,B,B,B,B,B,B,B,1.0,draw
605,rotate0,1,A,A,A,A,A,A,A,A,A,A,A,A,A,A,A,A,A,A,A,A,1.0,draw
605,rotate0,2,B,B,B,B,B,B,B,B,B,B,B,B,B,B,B,B,B,B,B,B,1.0,draw
606,rotate0,1,A,A,A,A,A,A,A,A,A,A,A,A,A,A,A,A,A,A,A,A,1.0,draw
606,rotate0,2,B,B,B,B,B,B,B,B,B,B,B,B,B,B,B,B,B,B,B,B,1.0,draw
607,caste,1,A,B,B,A,A,B,B,A,B,A,B,B,A,B,A,B,B,A,A,B,0.55,caste
607,random,2,A,skip,B,B,A,A,B,A,B,A,skip,skip,skip,skip,skip,A,B,B,A,skip,0.2,caste
608,random,1,A,skip,B,B,B,B,A,B,skip,B,B,skip,skip,skip,B,skip,A,A,A,B,0.5,caste
608,caste,2,B,B,A,A,A,A,A,B,A,B,A,A,A,B,A,A,B,B,B,B,0.8,caste
609,rotate,1,A,B,A,B,A,B,A,B,A,B,A,B,A,B,A,B,A,B,A,B,0.1,draw
609,caste,2,B,B,A,A,A,B,A,B,A,B,A,B,A,B,A,B,A,B,A,B,0.1,draw
610,caste,1,A,A,B,A,B,A,B,A,B,A,B,A,B,A,B,A,B,A,B,A,0.05,draw
610,rotate,2,B,A,B,A,B,A,B,A,B,A,B,A,B,A,B,A,B,A,B,A,0.05,draw
611,caste,1,A,A,A,A,A,A,A,A,A,A,A,A,A,A,A,A,A,A,A,A,1.0,draw
611,random3,2,B,B,B,B,B,B,B,B,B,B,B,B,B,B,B,B,B,B,B,B,1.0,draw
612,random3,1,B,B,B,A,A,A,A,B,A,B,B,B,B,B,B,B,A,A,A,A,0.4,draw
612,caste,2,B,A,B,A,A,B,A,B,A,B,A,B,A,A,A,B,A,A,B,B,0.4,draw
613,radicaleq,1,A,A,A,A,A,A,A,A,A,A,A,A,A,A,A,A,A,A,A,A,1.0,draw
613,caste,2,B,B,B,B,B,B,B,B,B,B,B,B,B,B,B,B,B,B,B,B,1.0,draw
614,caste,1,A,A,A,A,A,A,A,A,A,A,A,A,A,A,A,A,A,A,A,A,1.0,draw
614,radicaleq,2,B,B,B,B,B,B,B,B,B,B,B,B,B,B,B,B,B,B,B,B,1.0,draw
615,caste,1,A,A,A,A,A,A,A,A,A,A,A,A,A,A,A,A,A,A,A,A,1.0,draw
615,rotate0,2,B,B,B,B,B,B,B,B,B,B,B,B,B,B,B,B,B,B,B,B,1.0,draw
616,rotate0,1,A,A,A,A,A,A,A,A,A,A,A,A,A,A,A,A,A,A,A,A,1.0,draw
616,caste,2,B,B,B,B,B,B,B,B,B,B,B,B,B,B,B,B,B,B,B,B,1.0,draw
617,caste,1,A,A,A,A,A,A,A,A,A,A,A,A,A,A,A,A,A,A,A,A,1.0,draw
617,caste,2,B,B,B,B,B,B,B,B,B,B,B,B,B,B,B,B,B,B,B,B,1.0,draw
618,caste,1,A,A,A,A,A,A,A,A,A,A,A,A,A,A,A,A,A,A,A,A,1.0,draw
618,caste,2,B,B,B,B,B,B,B,B,B,B,B,B,B,B,B,B,B,B,B,B,1.0,draw
619,equalize,1,A,A,A,A,A,A,B,A,B,A,A,B,B,B,A,A,B,B,A,B,0.65,equalize
619,random,2,B,B,B,B,B,A,B,A,B,B,A,skip,A,B,B,A,A,skip,skip,A,0.5,equalize
620,random,1,B,skip,A,A,skip,B,A,skip,skip,skip,skip,B,B,B,skip,skip,B,B,skip,B,0.3,equalize
620,equalize,2,B,A,A,B,B,A,A,B,B,A,B,A,A,B,A,A,B,A,A,A,0.75,equalize
621,rotate,1,A,B,A,B,A,B,A,B,A,B,A,B,A,B,A,B,A,B,A,B,0.1,draw
621,equalize,2,B,B,A,A,A,B,A,B,A,B,A,B,A,B,A,B,A,B,A,B,0.1,draw
622,equalize,1,A,A,B,A,B,A,B,A,B,A,B,A,B,A,B,A,B,A,B,A,0.05,draw
622,rotate,2,B,A,B,A,B,A,B,A,B,A,B,A,B,A,B,A,B,A,B,A,0.05,draw
623,equalize,1,A,B,B,B,B,B,B,B,B,B,B,B,B,B,B,B,B,B,B,B,0.95,draw
623,random3,2,A,A,A,A,A,A,A,A,A,A,A,A,A,A,A,A,A,A,A,A,0.95,draw
624,random3,1,B,B,B,B,B,B,B,B,B,A,B,B,B,B,B,B,B,A,A,A,0.5,draw
624,equalize,2,B,A,B,A,A,B,A,A,B,A,A,A,A,B,A,A,B,A,A,A,0.5,draw
625,radicaleq,1,A,A,A,A,A,A,A,A,A,A,A,A,A,A,A,A,A,A,A,A,1.0,draw
625,equalize,2,B,B,B,B,B,B,B,B,B,B,B,B,B,B,B,B,B,B,B,B,1.0,draw
626,equalize,1,A,A,A,A,A,A,A,A,A,A,A,A,A,A,A,A,A,A,A,A,1.0,draw
626,radicaleq,2,B,B,B,B,B,B,B,B,B,B,B,B,B,B,B,B,B,B,B,B,1.0,draw
627,equalize,1,A,A,A,A,A,A,A,A,A,A,A,A,A,A,A,A,A,A,A,A,1.0,draw
627,rotate0,2,B,B,B,B,B,B,B,B,B,B,B,B,B,B,B,B,B,B,B,B,1.0,draw
628,rotate0,1,A,A,A,A,A,A,A,A,A,A,A,A,A,A,A,A,A,A,A,A,1.0,draw
628,equalize,2,B,B,B,B,B,B,B,B,B,B,B,B,B,B,B,B,B,B,B,B,1.0,draw
629,caste,1,A,A,A,A,A,A,A,A,A,A,A,A,A,A,A,A,A,A,A,A,1.0,draw
629,equalize,2,B,B,B,B,B,B,B,B,B,B,B,B,B,B,B,B,B,B,B,B,1.0,draw
630,equalize,1,A,A,A,A,A,A,A,A,A,A,A,A,A,A,A,A,A,A,A,A,1.0,draw
630,caste,2,B,B,B,B,B,B,B,B,B,B,B,B,B,B,B,B,B,B,B,B,1.0,draw
631,equalize,1,A,A,A,A,A,A,A,A,A,A,A,A,A,A,A,A,A,A,A,A,1.0,draw
631,equalize,2,B,B,B,B,B,B,B,B,B,B,B,B,B,B,B,B,B,B,B,B,1.0,draw
632,equalize,1,A,A,A,A,A,A,A,A,A,A,A,A,A,A,A,A,A,A,A,A,1.0,draw
632,equalize,2,B,B,B,B,B,B,B,B,B,B,B,B,B,B,B,B,B,B,B,B,1.0,draw
633,random,1,B,skip,A,B,skip,skip,skip,B,B,skip,B,A,B,A,B,A,B,B,A,A,0.35,turntaking
633,turntaking,2,B,B,B,A,A,B,B,B,B,B,B,B,B,B,B,B,B,B,B,B,0.6,turntaking
634,turntaking,1,A,A,A,A,A,A,A,A,A,A,A,A,A,A,A,B,A,A,A,A,0.65,turntaking
634,random,2,B,B,skip,skip,A,A,A,B,skip,skip,A,skip,skip,B,B,B,A,A,B,B,0.35,turntaking
635,turntaking,1,A,A,A,B,B,B,A,A,A,B,B,B,A,A,A,B,B,B,A,A,0.65,draw
635,rotate,2,B,A,B,A,B,A,B,A,B,A,B,A,B,A,B,A,B,A,B,A,0.65,draw
636,rotate,1,A,B,A,B,A,B,A,B,A,B,A,B,A,B,A,B,A,B,A,B,0.5,draw
636,turntaking,2,B,B,B,B,B,B,B,B,B,B,B,B,B,B,B,B,B,B,B,B,0.5,draw
637,random3,1,B,B,B,B,B,B,B,B,B,B,B,B,B,B,B,B,B,B,B,B,0.5,draw
637,turntaking,2,B,B,B,A,B,A,B,A,B,A,A,B,A,B,A,B,A,B,A,A,0.5,draw
638,turntaking,1,A,A,A,A,A,A,A,A,A,A,A,A,A,A,A,A,A,A,A,A,1.0,draw
638,random3,2,B,B,B,B,B,B,B,B,B,B,B,B,B,B,B,B,B,B,B,B,1.0,draw
639,turntaking,1,A,A,A,A,A,A,A,A,A,A,A,A,A,A,A,A,A,A,A,A,1.0,draw
639,radicaleq,2,B,B,B,B,B,B,B,B,B,B,B,B,B,B,B,B,B,B,B,B,1.0,draw
640,radicaleq,1,A,A,A,A,A,A,A,A,A,A,A,A,A,A,A,A,A,A,A,A,1.0,draw
640,turntaking,2,B,B,B,B,B,B,B,B,B,B,B,B,B,B,B,B,B,B,B,B,1.0,draw
641,rotate0,1,A,A,A,A,A,A,A,A,A,A,A,A,A,A,A,A,A,A,A,A,1.0,draw
641,turntaking,2,B,B,B,B,B,B,B,B,B,B,B,B,B,B,B,B,B,B,B,B,1.0,draw
642,turntaking,1,A,A,A,A,A,A,A,A,A,A,A,A,A,A,A,A,A,A,A,A,1.0,draw
642,rotate0,2,B,B,B,B,B,B,B,B,B,B,B,B,B,B,B,B,B,B,B,B,1.0,draw
643,turntaking,1,A,A,A,A,A,A,A,A,A,A,A,A,A,A,A,A,A,A,A,A,1.0,draw
643,caste,2,B,B,B,B,B,B,B,B,B,B,B,B,B,B,B,B,B,B,B,B,1.0,draw
644,caste,1,A,A,A,A,A,A,A,A,A,A,A,A,A,A,A,A,A,A,A,A,1.0,draw
644,turntaking,2,B,B,B,B,B,B,B,B,B,B,B,B,B,B,B,B,B,B,B,B,1.0,draw
645,equalize,1,A,A,A,A,A,A,A,A,A,A,A,A,A,A,A,A,A,A,A,A,1.0,draw
645,turntaking,2,B,B,B,B,B,B,B,B,B,B,B,B,B,B,B,B,B,B,B,B,1.0,draw
646,turntaking,1,A,A,A,A,A,A,A,A,A,A,A,A,A,A,A,A,A,A,A,A,1.0,draw
646,equalize,2,B,B,B,B,B,B,B,B,B,B,B,B,B,B,B,B,B,B,B,B,1.0,draw
647,turntaking,1,A,A,A,A,A,A,A,A,A,A,A,A,A,A,A,A,A,A,A,A,1.0,draw
647,turntaking,2,B,B,B,B,B,B,B,B,B,B,B,B,B,B,B,B,B,B,B,B,1.0,draw
648,turntaking,1,A,A,A,A,A,A,A,A,A,A,A,A,A,A,A,A,A,A,A,A,1.0,draw
648,turntaking,2,B,B,B,B,B,B,B,B,B,B,B,B,B,B,B,B,B,B,B,B,1.0,draw
649,random,1,skip,A,skip,B,B,B,A,B,A,skip,A,B,B,B,B,A,A,A,A,B,0.5,draw
649,random,2,A,A,A,skip,A,B,skip,skip,B,skip,skip,B,A,B,skip,skip,A,A,A,skip,0.25,draw
650,random,1,skip,B,A,B,B,skip,skip,skip,skip,skip,A,B,A,B,A,A,B,skip,skip,A,0.5,draw
650,random,2,B,skip,B,skip,B,B,A,A,B,B,skip,B,B,skip,skip,B,A,B,skip,skip,0.55,draw
651,random,1,skip,A,A,skip,B,A,A,B,B,A,skip,B,B,skip,B,B,A,skip,A,skip,0.35,rotate
651,rotate,2,B,A,B,A,B,A,B,A,B,A,B,A,B,A,B,A,B,A,B,A,0.65,rotate
652,rotate,1,A,B,A,B,A,B,A,B,A,B,A,B,A,B,A,B,A,B,A,B,0.75,rotate
652,random,2,A,A,skip,A,A,A,A,A,A,skip,B,skip,skip,skip,skip,A,skip,B,skip,skip,0.3,rotate
653,rotate,1,A,B,A,B,A,B,A,B,A,B,A,B,A,B,A,B,A,B,A,B,1.0,draw
653,rotate,2,B,A,B,A,B,A,B,A,B,A,B,A,B,A,B,A,B,A,B,A,1.0,draw
654,rotate,1,A,B,A,B,A,B,A,B,A,B,A,B,A,B,A,B,A,B,A,B,1.0,draw
654,rotate,2,B,A,B,A,B,A,B,A,B,A,B,A,B,A,B,A,B,A,B,A,1.0,draw
655,random3,1,A,A,B,A,A,A,A,A,A,A,A,A,A,A,A,A,A,A,A,A,0.55,random3
655,random,2,skip,A,B,skip,A,A,A,A,B,A,B,skip,B,skip,B,skip,skip,skip,A,A,0.2,random3
656,random,1,B,skip,B,A,A,skip,B,A,B,B,B,B,A,A,skip,A,A,A,skip,skip,0.55,random3
656,random3,2,A,A,A,A,A,A,A,A,A,A,A,A,A,B,B,B,B,B,B,B,0.8,random3
657,rotate,1,A,B,A,B,A,B,A,B,A,B,A,B,A,B,A,B,A,B,A,B,0.35,draw
657,random3,2,A,A,A,B,B,B,A,A,A,B,A,A,A,A,A,A,A,A,A,B,0.35,draw
658,random3,1,B,B,B,B,B,A,B,B,B,A,A,A,B,B,B,B,B,A,B,B,0.35,draw
658,rotate,2,B,A,B,A,B,A,B,A,B,A,B,A,B,A,B,A,B,A,B,A,0.35,draw
659,random3,1,A,A,A,A,B,B,B,B,B,B,B,B,B,B,B,B,B,B,B,B,0.8,draw
659,random3,2,A,A,A,A,A,A,A,A,A,A,A,A,A,A,A,A,A,A,A,A,0.8,draw
660,random3,1,A,A,A,A,A,A,A,A,A,A,A,A,A,A,A,A,A,A,A,A,0.9,draw
660,random3,2,A,A,B,B,B,B,B,B,B,B,B,B,B,B,B,B,B,B,B,B,0.9,draw
661,random,1,A,skip,B,B,A,A,skip,B,A,skip,skip,A,skip,B,A,B,A,skip,A,A,0.45,radicaleq
661,radicaleq,2,B,B,B,B,B,B,B,B,B,B,B,B,B,B,B,B,B,B,B,B,0.75,radicaleq
662,radicaleq,1,A,A,A,A,A,B,B,B,A,A,A,A,A,A,A,A,A,A,A,A,0.85,radicaleq
662,random,2,B,B,B,B,A,A,A,skip,A,skip,B,skip,A,B,B,skip,B,B,B,skip,0.6,radicaleq
663,radicaleq,1,A,A,B,A,B,A,B,A,B,A,B,A,B,A,B,A,B,A,B,A,0.05,draw
663,rotate,2,B,A,B,A,B,A,B,A,B,A,B,A,B,A,B,A,B,A,B,A,0.05,draw
664,rotate,1,A,B,A,B,A,B,A,B,A,B,A,B,A,B,A,B,A,B,A,B,0.5,draw
664,radicaleq,2,B,B,B,B,B,B,B,B,B,B,B,B,B,B,B,B,B,B,B,B,0.5,draw
665,random3,1,A,A,A,A,A,A,A,A,A,A,A,A,A,A,A,A,A,A,A,A,1.0,draw
665,radicaleq,2,B,B,B,B,B,B,B,B,B,B,B,B,B,B,B,B,B,B,B,B,1.0,draw
666,radicaleq,1,A,B,B,B,B,B,B,B,B,B,B,B,B,B,B,B,B,B,B,B,0.95,draw
666,random3,2,A,A,A,A,A,A,A,A,A,A,A,A,A,A,A,A,A,A,A,A,0.95,draw
667,radicaleq,1,A,A,A,A,A,A,A,A,A,A,A,A,A,A,A,A,A,A,A,A,1.0,draw
667,radicaleq,2,B,B,B,B,B,B,B,B,B,B,B,B,B,B,B,B,B,B,B,B,1.0,draw
668,radicaleq,1,A,A,A,A,A,A,A,A,A,A,A,A,A,A,A,A,A,A,A,A,1.0,draw
668,radicaleq,2,B,B,B,B,B,B,B,B,B,B,B,B,B,B,B,B,B,B,B,B,1.0,draw
669,rotate0,1,A,A,A,A,A,A,A,A,A,A,A,A,A,A,A,A,A,A,A,A,0.7,rotate0
669,random,2,skip,A,A,skip,B,A,skip,A,B,skip,skip,skip,skip,skip,A,B,skip,skip,B,A,0.2,rotate0
670,random,1,A,A,skip,B,A,B,B,skip,B,B,skip,B,A,B,A,B,B,B,B,skip,0.25,rotate0
670,rotate0,2,B,B,B,B,B,B,B,B,B,B,B,B,B,B,B,B,B,B,B,B,0.45,rotate0
671,rotate0,1,A,A,A,A,A,A,A,A,A,A,A,A,A,A,A,A,A,A,A,A,0.5,draw
671,rotate,2,B,A,B,A,B,A,B,A,B,A,B,A,B,A,B,A,B,A,B,A,0.5,draw
672,rotate,1,A,B,A,B,A,B,A,B,A,B,A,B,A,B,A,B,A,B,A,B,0.5,draw
672,rotate0,2,B,B,B,B,B,B,B,B,B,B,B,B,B,B,B,B,B,B,B,B,0.5,draw
673,rotate0,1,A,A,A,A,A,A,A,A,A,A,A,A,A,A,A,A,A,A,A,A,0.95,draw
673,random3,2,A,B,B,B,B,B,B,B,B,B,B,B,B,B,B,B,B,B,B,B,0.95,draw
674,random3,1,A,A,A,A,A,A,A,A,A,A,A,A,A,A,A,A,A,A,A,A,1.0,draw
674,rotate0,2,B,B,B,B,B,B,B,B,B,B,B,B,B,B,B,B,B,B,B,B,1.0,draw
675,rotate0,1,A,A,A,A,A,A,A,A,A,A,A,A,A,A,A,A,A,A,A,A,1.0,draw
675,radicaleq,2,B,B,B,B,B,B,B,B,B,B,B,B,B,B,B,B,B,B,B,B,1.0,draw
676,radicaleq,1,A,A,A,A,A,A,A,A,A,A,A,A,A,A,A,A,A,A,A,A,1.0,draw
676,rotate0,2,B,B,B,B,B,B,B,B,B,B,B,B,B,B,B,B,B,B,B,B,1.0,draw
677,rotate0,1,A,A,A,A,A,A,A,A,A,A,A,A,A,A,A,A,A,A,A,A,1.0,draw
677,rotate0,2,B,B,B,B,B,B,B,B,B,B,B,B,B,B,B,B,B,B,B,B,1.0,draw
678,rotate0,1,A,A,A,A,A,A,A,A,A,A,A,A,A,A,A,A,A,A,A,A,1.0,draw
678,rotate0,2,B,B,B,B,B,B,B,B,B,B,B,B,B,B,B,B,B,B,B,B,1.0,draw
679,caste,1,A,B,B,B,A,B,B,A,A,A,A,B,B,B,B,A,B,A,B,B,0.7,caste
679,random,2,A,skip,skip,skip,skip,A,skip,B,B,skip,A,A,skip,A,B,A,B,A,skip,A,0.3,caste
680,random,1,skip,A,skip,skip,skip,A,skip,B,A,B,A,B,A,B,B,skip,A,A,skip,skip,0.1,caste
680,caste,2,B,A,B,A,B,A,B,B,A,B,A,B,A,B,A,A,A,B,B,B,0.5,caste
681,rotate,1,A,B,A,B,A,B,A,B,A,B,A,B,A,B,A,B,A,B,A,B,0.1,draw
681,caste,2,B,B,A,A,A,B,A,B,A,B,A,B,A,B,A,B,A,B,A,B,0.1,draw
682,caste,1,A,A,B,A,B,A,B,A,B,A,B,A,B,A,B,A,B,A,B,A,0.05,draw
682,rotate,2,B,A,B,A,B,A,B,A,B,A,B,A,B,A,B,A,B,A,B,A,0.05,draw
683,caste,1,A,A,A,A,A,A,A,A,A,A,A,A,A,A,A,A,A,A,A,A,1.0,draw
683,random3,2,B,B,B,B,B,B,B,B,B,B,B,B,B,B,B,B,B,B,B,B,1.0,draw
684,random3,1,B,A,B,B,A,A,A,A,A,A,A,A,A,A,A,A,A,A,A,A,0.55,draw
684,caste,2,B,A,A,B,A,B,A,B,B,B,A,B,B,A,B,B,A,B,B,A,0.55,draw
685,radicaleq,1,A,A,A,A,A,A,A,A,A,A,A,A,A,A,A,A,A,A,A,A,1.0,draw
685,caste,2,B,B,B,B,B,B,B,B,B,B,B,B,B,B,B,B,B,B,B,B,1.0,draw
686,caste,1,A,A,A,A,A,A,A,A,A,A,A,A,A,A,A,A,A,A,A,A,1.0,draw
686,radicaleq,2,B,B,B,B,B,B,B,B,B,B,B,B,B,B,B,B,B,B,B,B,1.0,draw
687,caste,1,A,A,A,A,A,A,A,A,A,A,A,A,A,A,A,A,A,A,A,A,1.0,draw
687,rotate0,2,B,B,B,B,B,B,B,B,B,B,B,B,B,B,B,B,B,B,B,B,1.0,draw
688,rotate0,1,A,A,A,A,A,A,A,A,A,A,A,A,A,A,A,A,A,A,A,A,1.0,draw
688,caste,2,B,B,B,B,B,B,B,B,B,B,B,B,B,B,B,B,B,B,B,B,1.0,draw
689,caste,1,A,A,A,A,A,A,A,A,A,A,A,A,A,A,A,A,A,A,A,A,1.0,draw
689,caste,2,B,B,B,B,B,B,B,B,B,B,B,B,B,B,B,B,B,B,B,B,1.0,draw
690,caste,1,A,A,A,A,A,A,A,A,A,A,A,A,A,A,A,A,A,A,A,A,1.0,draw
690,caste,2,B,B,B,B,B,B,B,B,B,B,B,B,B,B,B,B,B,B,B,B,1.0,draw
691,equalize,1,A,B,A,B,A,A,A,B,A,B,A,B,B,A,B,A,B,A,A,A,0.4,equalize
691,random,2,A,B,skip,B,B,skip,A,B,A,B,A,A,B,skip,B,A,skip,B,B,A,0.2,equalize
692,random,1,skip,A,skip,skip,A,skip,A,B,A,skip,A,skip,A,skip,skip,A,skip,skip,B,B,0.2,equalize
692,equalize,2,B,A,B,A,B,B,A,B,A,B,B,B,A,B,B,A,B,B,A,A,0.7,equalize
693,rotate,1,A,B,A,B,A,B,A,B,A,B,A,B,A,B,A,B,A,B,A,B,0.1,draw
693,equalize,2,B,B,A,A,A,B,A,B,A,B,A,B,A,B,A,B,A,B,A,B,0.1,draw
694,equalize,1,A,A,B,A,B,A,B,A,B,A,B,A,B,A,B,A,B,A,B,A,0.05,draw
694,rotate,2,B,A,B,A,B,A,B,A,B,A,B,A,B,A,B,A,B,A,B,A,0.05,draw
695,equalize,1,A,A,A,A,A,A,A,A,A,A,A,A,A,A,A,A,A,A,A,A,1.0,draw
695,random3,2,B,B,B,B,B,B,B,B,B,B,B,B,B,B,B,B,B,B,B,B,1.0,draw
696,random3,1,B,B,B,A,A,A,A,A,A,A,A,B,A,A,A,A,A,A,A,A,0.55,draw
696,equalize,2,B,A,B,A,A,B,A,B,B,B,A,B,B,B,B,A,B,B,A,B,0.55,draw
697,radicaleq,1,A,A,A,A,A,A,A,A,A,A,A,A,A,A,A,A,A,A,A,A,1.0,draw
697,equalize,2,B,B,B,B,B,B,B,B,B,B,B,B,B,B,B,B,B,B,B,B,1.0,draw
698,equalize,1,A,A,A,A,A,A,A,A,A,A,A,A,A,A,A,A,A,A,A,A,1.0,draw
698,radicaleq,2,B,B,B,B,B,B,B,B,B,B,B,B,B,B,B,B,B,B,B,B,1.0,draw
699,equalize,1,A,A,A,A,A,A,A,A,A,A,A,A,A,A,A,A,A,A,A,A,1.0,draw
699,rotate0,2,B,B,B,B,B,B,B,B,B,B,B,B,B,B,B,B,B,B,B,B,1.0,draw
700,rotate0,1,A,A,A,A,A,A,A,A,A,A,A,A,A,A,A,A,A,A,A,A,1.0,draw
700,equalize,2,B,B,B,B,B,B,B,B,B,B,B,B,B,B,B,B,B,B,B,B,1.0,draw
701,caste,1,A,A,A,A,A,A,A,A,A,A,A,A,A,A,A,A,A,A,A,A,1.0,draw
701,equalize,2,B,B,B,B,B,B,B,B,B,B,B,B,B,B,B,B,B,B,B,B,1.0,draw
702,equalize,1,A,A,A,A,A,A,A,A,A,A,A,A,A,A,A,A,A,A,A,A,1.0,draw
702,caste,2,B,B,B,B,B,B,B,B,B,B,B,B,B,B,B,B,B,B,B,B,1.0,draw
703,equalize,1,A,A,A,A,A,A,A,A,A,A,A,A,A,A,A,A,A,A,A,A,1.0,draw
703,equalize,2,B,B,B,B,B,B,B,B,B,B,B,B,B,B,B,B,B,B,B,B,1.0,draw
704,equalize,1,A,A,A,A,A,A,A,A,A,A,A,A,A,A,A,A,A,A,A,A,1.0,draw
704,equalize,2,B,B,B,B,B,B,B,B,B,B,B,B,B,B,B,B,B,B,B,B,1.0,draw
705,random,1,A,B,skip,A,B,skip,skip,A,B,A,skip,skip,skip,B,A,A,B,B,B,A,0.5,turntaking
705,turntaking,2,B,B,B,B,A,A,B,B,B,B,A,B,B,B,B,B,A,A,A,A,0.8,turntaking
706,turntaking,1,A,A,A,A,A,A,A,A,A,A,A,A,A,B,A,A,A,A,A,A,0.65,turntaking
706,random,2,skip,A,skip,skip,skip,A,B,A,B,skip,A,B,B,B,skip,A,B,skip,B,A,0.3,turntaking
707,turntaking,1,A,A,A,B,B,B,A,A,A,B,B,B,A,A,A,B,B,B,A,A,0.65,draw
707,rotate,2,B,A,B,A,B,A,B,A,B,A,B,A,B,A,B,A,B,A,B,A,0.65,draw
708,rotate,1,A,B,A,B,A,B,A,B,A,B,A,B,A,B,A,B,A,B,A,B,0.5,draw
708,turntaking,2,B,B,B,B,B,B,B,B,B,B,B,B,B,B,B,B,B,B,B,B,0.5,draw
709,random3,1,A,A,A,A,A,A,A,A,A,A,A,A,A,A,A,A,A,A,A,A,1.0,draw
709,turntaking,2,B,B,B,B,B,B,B,B,B,B,B,B,B,B,B,B,B,B,B,B,1.0,draw
710,turntaking,1,A,A,A,A,A,A,A,A,A,A,A,A,A,A,A,A,A,A,A,A,1.0,draw
710,random3,2,B,B,B,B,B,B,B,B,B,B,B,B,B,B,B,B,B,B,B,B,1.0,draw
711,turntaking,1,A,A,A,A,A,A,A,A,A,A,A,A,A,A,A,A,A,A,A,A,1.0,draw
711,radicaleq,2,B,B,B,B,B,B,B,B,B,B,B,B,B,B,B,B,B,B,B,B,1.0,draw
712,radicaleq,1,A,A,A,A,A,A,A,A,A,A,A,A,A,A,A,A,A,A,A,A,1.0,draw
712,turntaking,2,B,B,B,B,B,B,B,B,B,B,B,B,B,B,B,B,B,B,B,B,1.0,draw
713,rotate0,1,A,A,A,A,A,A,A,A,A,A,A,A,A,A,A,A,A,A,A,A,1.0,draw
713,turntaking,2,B,B,B,B,B,B,B,B,B,B,B,B,B,B,B,B,B,B,B,B,1.0,draw
714,turntaking,1,A,A,A,A,A,A,A,A,A,A,A,A,A,A,A,A,A,A,A,A,1.0,draw
714,rotate0,2,B,B,B,B,B,B,B,B,B,B,B,B,B,B,B,B,B,B,B,B,1.0,draw
715,turntaking,1,A,A,A,A,A,A,A,A,A,A,A,A,A,A,A,A,A,A,A,A,1.0,draw
715,caste,2,B,B,B,B,B,B,B,B,B,B,B,B,B,B,B,B,B,B,B,B,1.0,draw
716,caste,1,A,A,A,A,A,A,A,A,A,A,A,A,A,A,A,A,A,A,A,A,1.0,draw
716,turntaking,2,B,B,B,B,B,B,B,B,B,B,B,B,B,B,B,B,B,B,B,B,1.0,draw
717,equalize,1,A,A,A,A,A,A,A,A,A,A,A,A,A,A,A,A,A,A,A,A,1.0,draw
717,turntaking,2,B,B,B,B,B,B,B,B,B,B,B,B,B,B,B,B,B,B,B,B,1.0,draw
718,turntaking,1,A,A,A,A,A,A,A,A,A,A,A,A,A,A,A,A,A,A,A,A,1.0,draw
718,equalize,2,B,B,B,B,B,B,B,B,B,B,B,B,B,B,B,B,B,B,B,B,1.0,draw
719,turntaking,1,A,A,A,A,A,A,A,A,A,A,A,A,A,A,A,A,A,A,A,A,1.0,draw
719,turntaking,2,B,B,B,B,B,B,B,B,B,B,B,B,B,B,B,B,B,B,B,B,1.0,draw
720,turntaking,1,A,A,A,A,A,A,A,A,A,A,A,A,A,A,A,A,A,A,A,A,1.0,draw
720,turntaking,2,B,B,B,B,B,B,B,B,B,B,B,B,B,B,B,B,B,B,B,B,1.0,draw
721,random,1,A,A,skip,skip,A,A,A,A,A,skip,B,skip,A,skip,A,B,B,B,B,B,0.55,draw
721,random,2,B,skip,A,A,skip,B,skip,A,A,skip,B,B,B,A,skip,A,B,skip,A,skip,0.45,draw
722,random,1,A,A,skip,skip,A,A,B,A,B,A,B,B,B,skip,A,skip,B,skip,A,A,0.4,draw
722,random,2,A,A,skip,B,A,B,skip,B,skip,skip,B,skip,B,B,A,skip,A,B,A,skip,0.3,draw
723,random,1,B,skip,A,A,A,B,skip,B,B,A,B,B,skip,skip,A,skip,A,A,A,A,0.4,rotate
723,rotate,2,B,A,B,A,B,A,B,A,B,A,B,A,B,A,B,A,B,A,B,A,0.65,rotate
724,rotate,1,A,B,A,B,A,B,A,B,A,B,A,B,A,B,A,B,A,B,A,B,0.7,rotate
724,random,2,skip,B,skip,B,B,skip,B,A,A,A,B,skip,A,A,B,skip,A,skip,A,A,0.4,rotate
725,rotate,1,A,B,A,B,A,B,A,B,A,B,A,B,A,B,A,B,A,B,A,B,1.0,draw
725,rotate,2,B,A,B,A,B,A,B,A,B,A,B,A,B,A,B,A,B,A,B,A,1.0,draw
726,rotate,1,A,B,A,B,A,B,A,B,A,B,A,B,A,B,A,B,A,B,A,B,1.0,draw
726,rotate,2,B,A,B,A,B,A,B,A,B,A,B,A,B,A,B,A,B,A,B,A,1.0,draw
727,random3,1,B,B,B,B,B,B,B,B,B,B,B,B,B,B,B,B,B,B,A,A,0.65,random3
727,random,2,skip,A,B,skip,B,B,skip,skip,A,B,skip,A,skip,B,A,B,skip,B,skip,B,0.25,random3
728,random,1,A,B,A,A,B,A,A,B,skip,A,B,A,skip,skip,A,A,B,B,skip,skip,0.45,random3
728,random3,2,B,B,B,B,B,B,B,B,A,A,B,B,B,B,B,B,B,A,A,A,0.7,random3
729,rotate,1,A,B,A,B,A,B,A,B,A,B,A,B,A,B,A,B,A,B,A,B,0.5,draw
729,random3,2,B,B,B,B,B,B,B,B,B,B,B,B,B,B,A,A,A,A,A,A,0.5,draw
730,random3,1,B,A,B,B,B,B,B,A,B,B,B,A,B,A,B,B,B,A,A,A,0.25,draw
730,rotate,2,B,A,B,A,B,A,B,A,B,A,B,A,B,A,B,A,B,A,B,A,0.25,draw
731,random3,1,B,B,B,B,B,B,B,B,B,B,B,B,B,B,B,B,B,B,B,B,1.0,draw
731,random3,2,A,A,A,A,A,A,A,A,A,A,A,A,A,A,A,A,A,A,A,A,1.0,draw
732,random3,1,B,A,A,A,A,A,A,A,A,A,A,A,A,A,A,A,A,A,A,A,0.95,draw
732,random3,2,B,B,B,B,B,B,B,B,B,B,B,B,B,B,B,B,B,B,B,B,0.95,draw
733,random,1,skip,A,B,A,B,B,A,skip,A,A,B,skip,A,A,B,B,A,B,B,B,0.4,radicaleq
733,radicaleq,2,B,B,B,B,B,B,B,B,B,B,B,B,B,B,B,B,B,B,B,B,0.55,radicaleq
734,radicaleq,1,A,B,A,A,A,A,A,A,A,A,A,A,A,A,A,A,A,A,A,A,0.7,radicaleq
734,random,2,A,skip,skip,A,A,A,B,B,skip,skip,skip,B,skip,B,A,B,B,B,skip,A,0.35,radicaleq
735,radicaleq,1,A,A,B,A,B,A,B,A,B,A,B,A,B,A,B,A,B,A,B,A,0.05,draw
735,rotate,2,B,A,B,A,B,A,B,A,B,A,B,A,B,A,B,A,B,A,B,A,0.05,draw
736,rotate,1,A,B,A,B,A,B,A,B,A,B,A,B,A,B,A,B,A,B,A,B,0.5,draw
736,radicaleq,2,B,B,B,B,B,B,B,B,B,B,B,B,B,B,B,B,B,B,B,B,0.5,draw
737,random3,1,B,B,A,A,A,A,A,A,A,A,A,A,A,A,A,A,A,A,A,A,0.9,draw
737,radicaleq,2,B,B,B,B,B,B,B,B,B,B,B,B,B,B,B,B,B,B,B,B,0.9,draw
738,radicaleq,1,A,A,A,A,A,A,A,A,A,A,A,A,A,A,A,A,A,A,A,A,1.0,draw
738,random3,2,B,B,B,B,B,B,B,B,B,B,B,B,B,B,B,B,B,B,B,B,1.0,draw
739,radicaleq,1,A,A,A,A,A,A,A,A,A,A,A,A,A,A,A,A,A,A,A,A,1.0,draw
739,radicaleq,2,B,B,B,B,B,B,B,B,B,B,B,B,B,B,B,B,B,B,B,B,1.0,draw
740,radicaleq,1,A,A,A,A,A,A,A,A,A,A,A,A,A,A,A,A,A,A,A,A,1.0,draw
740,radicaleq,2,B,B,B,B,B,B,B,B,B,B,B,B,B,B,B,B,B,B,B,B,1.0,draw
741,rotate0,1,A,A,A,A,A,A,A,A,A,A,A,A,A,A,A,A,A,A,A,A,0.5,rotate0
741,random,2,A,A,A,B,B,skip,B,A,A,skip,B,skip,A,skip,skip,A,A,skip,A,A,0.2,rotate0
742,random,1,B,skip,B,A,A,skip,A,B,skip,B,A,A,skip,A,B,skip,B,A,B,B,0.35,rotate0
742,rotate0,2,B,B,B,B,B,B,B,B,B,B,B,B,B,B,B,B,B,B,B,B,0.6,rotate0
743,rotate0,1,A,A,A,A,A,A,A,A,A,A,A,A,A,A,A,A,A,A,A,A,0.5,draw
743,rotate,2,B,A,B,A,B,A,B,A,B,A,B,A,B,A,B,A,B,A,B,A,0.5,draw
744,rotate,1,A,B,A,B,A,B,A,B,A,B,A,B,A,B,A,B,A,B,A,B,0.5,draw
744,rotate0,2,B,B,B,B,B,B,B,B,B,B,B,B,B,B,B,B,B,B,B,B,0.5,draw
745,rotate0,1,A,A,A,A,A,A,A,A,A,A,A,A,A,A,A,A,A,A,A,A,0.85,draw
745,random3,2,A,A,A,B,B,B,B,B,B,B,B,B,B,B,B,B,B,B,B,B,0.85,draw
746,random3,1,B,B,B,A,A,A,A,A,A,A,A,A,A,A,A,A,A,A,A,A,0.85,draw
746,rotate0,2,B,B,B,B,B,B,B,B,B,B,B,B,B,B,B,B,B,B,B,B,0.85,draw
747,rotate0,1,A,A,A,A,A,A,A,A,A,A,A,A,A,A,A,A,A,A,A,A,1.0,draw
747,radicaleq,2,B,B,B,B,B,B,B,B,B,B,B,B,B,B,B,B,B,B,B,B,1.0,draw
748,radicaleq,1,A,A,A,A,A,A,A,A,A,A,A,A,A,A,A,A,A,A,A,A,1.0,draw
748,rotate0,2,B,B,B,B,B,B,B,B,B,B,B,B,B,B,B,B,B,B,B,B,1.0,draw
749,rotate0,1,A,A,A,A,A,A,A,A,A,A,A,A,A,A,A,A,A,A,A,A,1.0,draw
749,rotate0,2,B,B,B,B,B,B,B,B,B,B,B,B,B,B,B,B,B,B,B,B,1.0,draw
750,rotate0,1,A,A,A,A,A,A,A,A,A,A,A,A,A,A,A,A,A,A,A,A,1.0,draw
750,rotate0,2,B,B,B,B,B,B,B,B,B,B,B,B,B,B,B,B,B,B,B,B,1.0,draw
751,caste,1,A,B,A,B,B,B,B,A,B,A,B,A,A,B,A,A,B,B,B,B,0.9,caste
751,random,2,skip,skip,skip,A,A,skip,skip,skip,skip,skip,B,skip,skip,skip,B,A,A,A,A,skip,0.3,caste
752,random,1,B,A,B,skip,B,skip,A,B,A,A,A,skip,skip,skip,A,skip,B,B,B,skip,0.4,caste
752,caste,2,B,A,A,B,A,A,B,B,A,B,A,B,B,A,B,B,A,A,A,B,0.75,caste
753,rotate,1,A,B,A,B,A,B,A,B,A,B,A,B,A,B,A,B,A,B,A,B,0.1,draw
753,caste,2,B,B,A,A,A,B,A,B,A,B,A,B,A,B,A,B,A,B,A,B,0.1,draw
754,caste,1,A,A,B,A,B,A,B,A,B,A,B,A,B,A,B,A,B,A,B,A,0.05,draw
754,rotate,2,B,A,B,A,B,A,B,A,B,A,B,A,B,A,B,A,B,A,B,A,0.05,draw
755,caste,1,A,A,A,A,A,A,A,A,A,A,A,A,A,A,A,A,A,A,A,A,1.0,draw
755,random3,2,B,B,B,B,B,B,B,B,B,B,B,B,B,B,B,B,B,B,B,B,1.0,draw
756,random3,1,B,B,B,B,B,B,B,B,B,A,A,A,A,B,B,B,B,B,B,A,0.45,draw
756,caste,2,B,A,B,A,A,B,A,A,B,A,A,A,A,B,A,A,A,A,B,A,0.45,draw
757,radicaleq,1,A,A,A,A,A,A,A,A,A,A,A,A,A,A,A,A,A,A,A,A,1.0,draw
757,caste,2,B,B,B,B,B,B,B,B,B,B,B,B,B,B,B,B,B,B,B,B,1.0,draw
758,caste,1,A,A,A,A,A,A,A,A,A,A,A,A,A,A,A,A,A,A,A,A,1.0,draw
758,radicaleq,2,B,B,B,B,B,B,B,B,B,B,B,B,B,B,B,B,B,B,B,B,1.0,draw
759,caste,1,A,A,A,A,A,A,A,A,A,A,A,A,A,A,A,A,A,A,A,A,1.0,draw
759,rotate0,2,B,B,B,B,B,B,B,B,B,B,B,B,B,B,B,B,B,B,B,B,1.0,draw
760,rotate0,1,A,A,A,A,A,A,A,A,A,A,A,A,A,A,A,A,A,A,A,A,1.0,draw
760,caste,2,B,B,B,B,B,B,B,B,B,B,B,B,B,B,B,B,B,B,B,B,1.0,draw
761,caste,1,A,A,A,A,A,A,A,A,A,A,A,A,A,A,A,A,A,A,A,A,1.0,draw
761,caste,2,B,B,B,B,B,B,B,B,B,B,B,B,B,B,B,B,B,B,B,B,1.0,draw
762,caste,1,A,A,A,A,A,A,A,A,A,A,A,A,A,A,A,A,A,A,A,A,1.0,draw
762,caste,2,B,B,B,B,B,B,B,B,B,B,B,B,B,B,B,B,B,B,B,B,1.0,draw
763,equalize,1,A,A,B,A,B,A,B,A,B,A,B,B,B,A,A,B,A,A,A,A,0.65,equalize
763,random,2,B,skip,B,A,skip,skip,skip,A,B,A,skip,A,B,skip,skip,B,B,skip,B,skip,0.2,equalize
764,random,1,B,A,B,A,B,B,A,A,A,A,A,B,skip,B,A,B,A,skip,skip,A,0.45,equalize
764,equalize,2,B,A,A,B,B,A,A,B,A,B,B,A,A,B,B,B,A,B,A,B,0.6,equalize
765,rotate,1,A,B,A,B,A,B,A,B,A,B,A,B,A,B,A,B,A,B,A,B,0.1,draw
765,equalize,2,B,B,A,A,A,B,A,B,A,B,A,B,A,B,A,B,A,B,A,B,0.1,draw
766,equalize,1,A,A,B,A,B,A,B,A,B,A,B,A,B,A,B,A,B,A,B,A,0.05,draw
766,rotate,2,B,A,B,A,B,A,B,A,B,A,B,A,B,A,B,A,B,A,B,A,0.05,draw
767,equalize,1,A,A,A,A,A,A,A,A,A,A,A,A,A,A,A,A,A,A,A,A,1.0,draw
767,random3,2,B,B,B,B,B,B,B,B,B,B,B,B,B,B,B,B,B,B,B,B,1.0,draw
768,random3,1,A,A,A,A,A,A,A,A,A,A,A,A,A,A,A,A,A,A,A,A,1.0,draw
768,equalize,2,B,B,B,B,B,B,B,B,B,B,B,B,B,B,B,B,B,B,B,B,1.0,draw
769,radicaleq,1,A,A,A,A,A,A,A,A,A,A,A,A,A,A,A,A,A,A,A,A,1.0,draw
769,equalize,2,B,B,B,B,B,B,B,B,B,B,B,B,B,B,B,B,B,B,B,B,1.0,draw
770,equalize,1,A,A,A,A,A,A,A,A,A,A,A,A,A,A,A,A,A,A,A,A,1.0,draw
770,radicaleq,2,B,B,B,B,B,B,B,B,B,B,B,B,B,B,B,B,B,B,B,B,1.0,draw
771,equalize,1,A,A,A,A,A,A,A,A,A,A,A,A,A,A,A,A,A,A,A,A,1.0,draw
771,rotate0,2,B,B,B,B,B,B,B,B,B,B,B,B,B,B,B,B,B,B,B,B,1.0,draw
772,rotate0,1,A,A,A,A,A,A,A,A,A,A,A,A,A,A,A,A,A,A,A,A,1.0,draw
772,equalize,2,B,B,B,B,B,B,B,B,B,B,B,B,B,B,B,B,B,B,B,B,1.0,draw
773,caste,1,A,A,A,A,A,A,A,A,A,A,A,A,A,A,A,A,A,A,A,A,1.0,draw
773,equalize,2,B,B,B,B,B,B,B,B,B,B,B,B,B,B,B,B,B,B,B,B,1.0,draw
774,equalize,1,A,A,A,A,A,A,A,A,A,A,A,A,A,A,A,A,A,A,A,A,1.0,draw
774,caste,2,B,B,B,B,B,B,B,B,B,B,B,B,B,B,B,B,B,B,B,B,1.0,draw
775,equalize,1,A,A,A,A,A,A,A,A,A,A,A,A,A,A,A,A,A,A,A,A,1.0,draw
775,equalize,2,B,B,B,B,B,B,B,B,B,B,B,B,B,B,B,B,B,B,B,B,1.0,draw
776,equalize,1,A,A,A,A,A,A,A,A,A,A,A,A,A,A,A,A,A,A,A,A,1.0,draw
776,equalize,2,B,B,B,B,B,B,B,B,B,B,B,B,B,B,B,B,B,B,B,B,1.0,draw
777,random,1,A,skip,skip,B,B,A,A,A,A,A,B,B,B,B,B,B,B,skip,A,A,0.3,turntaking
777,turntaking,2,B,B,B,B,B,B,B,A,B,A,B,B,B,B,B,B,B,B,B,B,0.45,turntaking
778,turntaking,1,A,A,A,A,A,A,B,A,B,A,B,A,B,B,B,B,B,B,B,B,0.8,turntaking
778,random,2,B,A,A,skip,B,B,B,B,skip,B,skip,B,skip,B,skip,A,skip,skip,A,skip,0.4,turntaking
779,turntaking,1,A,A,A,B,B,B,A,A,A,B,B,B,A,A,A,B,B,B,A,A,0.65,draw
779,rotate,2,B,A,B,A,B,A,B,A,B,A,B,A,B,A,B,A,B,A,B,A,0.65,draw
780,rotate,1,A,B,A,B,A,B,A,B,A,B,A,B,A,B,A,B,A,B,A,B,0.5,draw
780,turntaking,2,B,B,B,B,B,B,B,B,B,B,B,B,B,B,B,B,B,B,B,B,0.5,draw
781,random3,1,B,B,A,A,A,A,A,A,A,A,A,A,A,A,A,A,A,A,A,A,0.9,draw
781,turntaking,2,B,B,B,B,B,B,B,B,B,B,B,B,B,B,B,B,B,B,B,B,0.9,draw
782,turntaking,1,A,A,B,B,B,B,B,B,B,A,B,A,B,A,B,A,A,A,A,A,0.4,draw
782,random3,2,A,B,B,B,B,B,B,A,A,A,A,A,A,A,A,A,A,A,B,B,0.4,draw
783,turntaking,1,A,A,A,A,A,A,A,A,A,A,A,A,A,A,A,A,A,A,A,A,1.0,draw
783,radicaleq,2,B,B,B,B,B,B,B,B,B,B,B,B,B,B,B,B,B,B,B,B,1.0,draw
784,radicaleq,1,A,A,A,A,A,A,A,A,A,A,A,A,A,A,A,A,A,A,A,A,1.0,draw
784,turntaking,2,B,B,B,B,B,B,B,B,B,B,B,B,B,B,B,B,B,B,B,B,1.0,draw
785,rotate0,1,A,A,A,A,A,A,A,A,A,A,A,A,A,A,A,A,A,A,A,A,1.0,draw
785,turntaking,2,B,B,B,B,B,B,B,B,B,B,B,B,B,B,B,B,B,B,B,B,1.0,draw
786,turntaking,1,A,A,A,A,A,A,A,A,A,A,A,A,A,A,A,A,A,A,A,A,1.0,draw
786,rotate0,2,B,B,B,B,B,B,B,B,B,B,B,B,B,B,B,B,B,B,B,B,1.0,draw
787,turntaking,1,A,A,A,A,A,A,A,A,A,A,A,A,A,A,A,A,A,A,A,A,1.0,draw
787,caste,2,B,B,B,B,B,B,B,B,B,B,B,B,B,B,B,B,B,B,B,B,1.0,draw
788,caste,1,A,A,A,A,A,A,A,A,A,A,A,A,A,A,A,A,A,A,A,A,1.0,draw
788,turntaking,2,B,B,B,B,B,B,B,B,B,B,B,B,B,B,B,B,B,B,B,B,1.0,draw
789,equalize,1,A,A,A,A,A,A,A,A,A,A,A,A,A,A,A,A,A,A,A,A,1.0,draw
789,turntaking,2,B,B,B,B,B,B,B,B,B,B,B,B,B,B,B,B,B,B,B,B,1.0,draw
790,turntaking,1,A,A,A,A,A,A,A,A,A,A,A,A,A,A,A,A,A,A,A,A,1.0,draw
790,equalize,2,B,B,B,B,B,B,B,B,B,B,B,B,B,B,B,B,B,B,B,B,1.0,draw
791,turntaking,1,A,A,A,A,A,A,A,A,A,A,A,A,A,A,A,A,A,A,A,A,1.0,draw
791,turntaking,2,B,B,B,B,B,B,B,B,B,B,B,B,B,B,B,B,B,B,B,B,1.0,draw
792,turntaking,1,A,A,A,A,A,A,A,A,A,A,A,A,A,A,A,A,A,A,A,A,1.0,draw
792,turntaking,2,B,B,B,B,B,B,B,B,B,B,B,B,B,B,B,B,B,B,B,B,1.0,draw
793,random,1,A,skip,B,A,A,A,B,skip,B,B,skip,B,A,B,skip,A,skip,B,A,A,0.55,draw
793,random,2,B,B,B,skip,B,skip,A,skip,skip,A,B,B,skip,B,B,skip,B,B,skip,skip,0.4,draw
794,random,1,B,B,A,skip,skip,A,A,skip,A,A,A,B,skip,skip,skip,A,B,skip,B,skip,0.35,draw
794,random,2,A,B,skip,skip,A,skip,B,A,A,skip,skip,B,A,B,A,A,B,A,skip,A,0.45,draw
795,random,1,B,skip,A,B,A,skip,skip,A,A,skip,B,skip,skip,A,A,skip,skip,skip,A,skip,0.3,rotate
795,rotate,2,B,A,B,A,B,A,B,A,B,A,B,A,B,A,B,A,B,A,B,A,0.8,rotate
796,rotate,1,A,B,A,B,A,B,A,B,A,B,A,B,A,B,A,B,A,B,A,B,0.75,rotate
796,random,2,B,B,B,skip,B,A,B,B,skip,A,B,skip,A,A,B,B,A,skip,B,A,0.55,rotate
797,rotate,1,A,B,A,B,A,B,A,B,A,B,A,B,A,B,A,B,A,B,A,B,1.0,draw
797,rotate,2,B,A,B,A,B,A,B,A,B,A,B,A,B,A,B,A,B,A,B,A,1.0,draw
798,rotate,1,A,B,A,B,A,B,A,B,A,B,A,B,A,B,A,B,A,B,A,B,1.0,draw
798,rotate,2,B,A,B,A,B,A,B,A,B,A,B,A,B,A,B,A,B,A,B,A,1.0,draw
799,random3,1,B,B,B,B,A,B,B,B,B,B,B,A,A,A,A,A,A,A,B,B,0.65,random3
799,random,2,A,B,skip,B,A,skip,B,A,A,A,B,B,skip,skip,B,skip,A,A,A,A,0.4,random3
800,random,1,skip,skip,skip,A,B,skip,B,B,skip,B,skip,A,skip,B,skip,skip,A,skip,A,skip,0.2,random3
800,random3,2,A,A,A,A,B,A,A,A,A,A,A,A,A,A,A,A,A,A,A,A,0.75,random3
801,rotate,1,A,B,A,B,A,B,A,B,A,B,A,B,A,B,A,B,A,B,A,B,0.35,draw
801,random3,2,A,A,A,B,B,B,B,B,B,B,A,A,A,B,A,A,A,B,B,B,0.35,draw
802,random3,1,B,A,A,A,A,A,B,A,A,A,B,B,B,A,B,B,B,A,B,B,0.3,draw
802,rotate,2,B,A,B,A,B,A,B,A,B,A,B,A,B,A,B,A,B,A,B,A,0.3,draw
803,random3,1,A,A,A,B,B,B,B,B,B,B,B,B,B,B,B,B,B,B,B,B,0.85,draw
803,random3,2,A,A,A,A,A,A,A,A,A,A,A,A,A,A,A,A,A,A,A,A,0.85,draw
804,random3,1,A,B,B,B,B,B,B,B,B,B,B,B,B,B,B,B,B,B,B,B,0.95,draw
804,random3,2,A,A,A,A,A,A,A,A,A,A,A,A,A,A,A,A,A,A,A,A,0.95,draw
805,random,1,B,A,B,B,A,A,skip,B,A,skip,B,B,skip,skip,A,skip,A,skip,skip,skip,0.3,radicaleq
805,radicaleq,2,B,B,B,B,B,B,B,B,B,B,B,B,B,B,B,B,B,B,B,B,0.7,radicaleq
806,radicaleq,1,A,A,A,A,A,A,A,A,A,A,A,A,A,A,A,A,A,A,A,A,0.6,radicaleq
806,random,2,skip,skip,skip,B,A,A,A,skip,B,B,A,A,B,A,skip,skip,B,skip,A,A,0.25,radicaleq
807,radicaleq,1,A,A,B,A,B,A,B,A,B,A,B,A,B,A,B,A,B,A,B,A,0.05,draw
807,rotate,2,B,A,B,A,B,A,B,A,B,A,B,A,B,A,B,A,B,A,B,A,0.05,draw
808,rotate,1,A,B,A,B,A,B,A,B,A,B,A,B,A,B,A,B,A,B,A,B,0.5,draw
808,radicaleq,2,B,B,B,B,B,B,B,B,B,B,B,B,B,B,B,B,B,B,B,B,0.5,draw
809,random3,1,B,B,B,A,A,A,A,A,A,A,A,A,A,A,A,A,A,A,A,A,0.85,draw
809,radicaleq,2,B,B,B,B,B,B,B,B,B,B,B,B,B,B,B,B,B,B,B,B,0.85,draw
810,radicaleq,1,A,B,B,B,B,B,B,B,B,B,B,B,B,B,B,B,B,B,B,B,0.95,draw
810,random3,2,A,A,A,A,A,A,A,A,A,A,A,A,A,A,A,A,A,A,A,A,0.95,draw
811,radicaleq,1,A,A,A,A,A,A,A,A,A,A,A,A,A,A,A,A,A,A,A,A,1.0,draw
811,radicaleq,2,B,B,B,B,B,B,B,B,B,B,B,B,B,B,B,B,B,B,B,B,1.0,draw
812,radicaleq,1,A,A,A,A,A,A,A,A,A,A,A,A,A,A,A,A,A,A,A,A,1.0,draw
812,radicaleq,2,B,B,B,B,B,B,B,B,B,B,B,B,B,B,B,B,B,B,B,B,1.0,draw
813,rotate0,1,A,A,A,A,A,A,A,A,A,A,A,A,A,A,A,A,A,A,A,A,0.6,rotate0
813,random,2,A,A,B,B,A,skip,A,A,skip,skip,skip,A,A,skip,B,skip,skip,A,skip,skip,0.15,rotate0
814,random,1,B,skip,B,A,B,skip,A,B,skip,B,B,B,skip,B,skip,A,skip,skip,B,A,0.2,rotate0
814,rotate0,2,B,B,B,B,B,B,B,B,B,B,B,B,B,B,B,B,B,B,B,B,0.55,rotate0
815,rotate0,1,A,A,A,A,A,A,A,A,A,A,A,A,A,A,A,A,A,A,A,A,0.5,draw
815,rotate,2,B,A,B,A,B,A,B,A,B,A,B,A,B,A,B,A,B,A,B,A,0.5,draw
816,rotate,1,A,B,A,B,A,B,A,B,A,B,A,B,A,B,A,B,A,B,A,B,0.5,draw
816,rotate0,2,B,B,B,B,B,B,B,B,B,B,B,B,B,B,B,B,B,B,B,B,0.5,draw
817,rotate0,1,A,A,A,A,A,A,A,A,A,A,A,A,A,A,A,A,A,A,A,A,1.0,draw
817,random3,2,B,B,B,B,B,B,B,B,B,B,B,B,B,B,B,B,B,B,B,B,1.0,draw
818,random3,1,A,A,A,A,A,A,A,A,A,A,A,A,A,A,A,A,A,A,A,A,1.0,draw
818,rotate0,2,B,B,B,B,B,B,B,B,B,B,B,B,B,B,B,B,B,B,B,B,1.0,draw
819,rotate0,1,A,A,A,A,A,A,A,A,A,A,A,A,A,A,A,A,A,A,A,A,1.0,draw
819,radicaleq,2,B,B,B,B,B,B,B,B,B,B,B,B,B,B,B,B,B,B,B,B,1.0,draw
820,radicaleq,1,A,A,A,A,A,A,A,A,A,A,A,A,A,A,A,A,A,A,A,A,1.0,draw
820,rotate0,2,B,B,B,B,B,B,B,B,B,B,B,B,B,B,B,B,B,B,B,B,1.0,draw
821,rotate0,1,A,A,A,A,A,A,A,A,A,A,A,A,A,A,A,A,A,A,A,A,1.0,draw
821,rotate0,2,B,B,B,B,B,B,B,B,B,B,B,B,B,B,B,B,B,B,B,B,1.0,draw
822,rotate0,1,A,A,A,A,A,A,A,A,A,A,A,A,A,A,A,A,A,A,A,A,1.0,draw
822,rotate0,2,B,B,B,B,B,B,B,B,B,B,B,B,B,B,B,B,B,B,B,B,1.0,draw
823,caste,1,A,B,B,B,A,A,A,A,A,B,B,A,B,B,A,B,A,B,A,A,0.45,caste
823,random,2,A,skip,skip,B,B,B,B,A,A,A,B,A,skip,B,A,B,A,B,skip,B,0.25,caste
824,random,1,A,skip,B,B,A,B,skip,skip,skip,B,B,skip,skip,B,skip,A,B,A,B,B,0.25,caste
824,caste,2,B,B,A,A,A,B,A,B,A,B,A,A,A,B,A,A,B,A,B,A,0.6,caste
825,rotate,1,A,B,A,B,A,B,A,B,A,B,A,B,A,B,A,B,A,B,A,B,0.1,draw
825,caste,2,B,B,A,A,A,B,A,B,A,B,A,B,A,B,A,B,A,B,A,B,0.1,draw
826,caste,1,A,A,B,A,B,A,B,A,B,A,B,A,B,A,B,A,B,A,B,A,0.05,draw
826,rotate,2,B,A,B,A,B,A,B,A,B,A,B,A,B,A,B,A,B,A,B,A,0.05,draw
827,caste,1,A,B,B,B,B,B,B,B,B,B,B,B,B,B,B,B,B,B,B,B,0.95,draw
827,random3,2,A,A,A,A,A,A,A,A,A,A,A,A,A,A,A,A,A,A,A,A,0.95,draw
828,random3,1,A,A,A,A,A,A,A,A,A,A,A,A,A,A,A,A,A,A,A,A,1.0,draw
828,caste,2,B,B,B,B,B,B,B,B,B,B,B,B,B,B,B,B,B,B,B,B,1.0,draw
829,radicaleq,1,A,A,A,A,A,A,A,A,A,A,A,A,A,A,A,A,A,A,A,A,1.0,draw
829,caste,2,B,B,B,B,B,B,B,B,B,B,B,B,B,B,B,B,B,B,B,B,1.0,draw
830,caste,1,A,A,A,A,A,A,A,A,A,A,A,A,A,A,A,A,A,A,A,A,1.0,draw
830,radicaleq,2,B,B,B,B,B,B,B,B,B,B,B,B,B,B,B,B,B,B,B,B,1.0,draw
831,caste,1,A,A,A,A,A,A,A,A,A,A,A,A,A,A,A,A,A,A,A,A,1.0,draw
831,rotate0,2,B,B,B,B,B,B,B,B,B,B,B,B,B,B,B,B,B,B,B,B,1.0,draw
832,rotate0,1,A,A,A,A,A,A,A,A,A,A,A,A,A,A,A,A,A,A,A,A,1.0,draw
832,caste,2,B,B,B,B,B,B,B,B,B,B,B,B,B,B,B,B,B,B,B,B,1.0,draw
833,caste,1,A,A,A,A,A,A,A,A,A,A,A,A,A,A,A,A,A,A,A,A,1.0,draw
833,caste,2,B,B,B,B,B,B,B,B,B,B,B,B,B,B,B,B,B,B,B,B,1.0,draw
834,caste,1,A,A,A,A,A,A,A,A,A,A,A,A,A,A,A,A,A,A,A,A,1.0,draw
834,caste,2,B,B,B,B,B,B,B,B,B,B,B,B,B,B,B,B,B,B,B,B,1.0,draw
835,equalize,1,A,A,B,A,A,B,A,B,A,A,B,B,B,B,B,A,B,B,B,B,0.65,equalize
835,random,2,B,A,B,B,A,B,skip,skip,B,A,A,A,skip,A,A,A,A,skip,B,A,0.45,equalize
836,random,1,B,B,B,skip,skip,skip,skip,A,skip,A,B,B,A,A,A,B,A,A,A,B,0.35,equalize
836,equalize,2,B,A,B,A,A,A,A,B,B,A,B,A,A,B,B,B,A,B,B,B,0.6,equalize
837,rotate,1,A,B,A,B,A,B,A,B,A,B,A,B,A,B,A,B,A,B,A,B,0.1,draw
837,equalize,2,B,B,A,A,A,B,A,B,A,B,A,B,A,B,A,B,A,B,A,B,0.1,draw
838,equalize,1,A,A,B,A,B,A,B,A,B,A,B,A,B,A,B,A,B,A,B,A,0.05,draw
838,rotate,2,B,A,B,A,B,A,B,A,B,A,B,A,B,A,B,A,B,A,B,A,0.05,draw
839,equalize,1,A,B,B,B,B,B,B,B,B,B,B,B,B,B,B,B,B,B,B,B,0.95,draw
839,random3,2,A,A,A,A,A,A,A,A,A,A,A,A,A,A,A,A,A,A,A,A,0.95,draw
840,random3,1,B,B,B,A,A,B,B,B,B,B,B,B,B,A,B,B,B,B,B,B,0.55,draw
840,equalize,2,B,A,B,A,A,B,A,A,A,B,A,A,B,A,A,A,A,B,A,A,0.55,draw
841,radicaleq,1,A,A,A,A,A,A,A,A,A,A,A,A,A,A,A,A,A,A,A,A,1.0,draw
841,equalize,2,B,B,B,B,B,B,B,B,B,B,B,B,B,B,B,B,B,B,B,B,1.0,draw
842,equalize,1,A,A,A,A,A,A,A,A,A,A,A,A,A,A,A,A,A,A,A,A,1.0,draw
842,radicaleq,2,B,B,B,B,B,B,B,B,B,B,B,B,B,B,B,B,B,B,B,B,1.0,draw
843,equalize,1,A,A,A,A,A,A,A,A,A,A,A,A,A,A,A,A,A,A,A,A,1.0,draw
843,rotate0,2,B,B,B,B,B,B,B,B,B,B,B,B,B,B,B,B,B,B,B,B,1.0,draw
844,rotate0,1,A,A,A,A,A,A,A,A,A,A,A,A,A,A,A,A,A,A,A,A,1.0,draw
844,equalize,2,B,B,B,B,B,B,B,B,B,B,B,B,B,B,B,B,B,B,B,B,1.0,draw
845,caste,1,A,A,A,A,A,A,A,A,A,A,A,A,A,A,A,A,A,A,A,A,1.0,draw
845,equalize,2,B,B,B,B,B,B,B,B,B,B,B,B,B,B,B,B,B,B,B,B,1.0,draw
846,equalize,1,A,A,A,A,A,A,A,A,A,A,A,A,A,A,A,A,A,A,A,A,1.0,draw
846,caste,2,B,B,B,B,B,B,B,B,B,B,B,B,B,B,B,B,B,B,B,B,1.0,draw
847,equalize,1,A,A,A,A,A,A,A,A,A,A,A,A,A,A,A,A,A,A,A,A,1.0,draw
847,equalize,2,B,B,B,B,B,B,B,B,B,B,B,B,B,B,B,B,B,B,B,B,1.0,draw
848,equalize,1,A,A,A,A,A,A,A,A,A,A,A,A,A,A,A,A,A,A,A,A,1.0,draw
848,equalize,2,B,B,B,B,B,B,B,B,B,B,B,B,B,B,B,B,B,B,B,B,1.0,draw
849,random,1,skip,skip,B,skip,B,skip,skip,A,B,A,skip,B,B,A,skip,B,A,skip,B,B,0.2,turntaking
849,turntaking,2,B,B,B,B,B,B,B,B,B,B,B,B,B,B,B,B,B,B,B,B,0.6,turntaking
850,turntaking,1,A,A,B,B,A,A,A,A,A,A,B,B,B,A,A,A,A,A,A,A,0.6,turntaking
850,random,2,A,B,B,A,A,A,B,A,B,B,A,A,B,skip,skip,skip,A,skip,A,skip,0.35,turntaking
851,turntaking,1,A,A,A,B,B,B,A,A,A,B,B,B,A,A,A,B,B,B,A,A,0.65,draw
851,rotate,2,B,A,B,A,B,A,B,A,B,A,B,A,B,A,B,A,B,A,B,A,0.65,draw
852,rotate,1,A,B,A,B,A,B,A,B,A,B,A,B,A,B,A,B,A,B,A,B,0.5,draw
852,turntaking,2,B,B,B,B,B,B,B,B,B,B,B,B,B,B,B,B,B,B,B,B,0.5,draw
853,random3,1,A,A,A,A,A,A,A,A,A,A,A,A,A,A,A,A,A,A,A,A,1.0,draw
853,turntaking,2,B,B,B,B,B,B,B,B,B,B,B,B,B,B,B,B,B,B,B,B,1.0,draw
854,turntaking,1,A,A,B,B,B,B,A,A,A,A,A,A,A,A,A,A,A,A,A,A,0.8,draw
854,random3,2,A,B,B,B,A,A,A,B,B,B,B,B,B,B,B,B,B,B,B,B,0.8,draw
855,turntaking,1,A,A,A,A,A,A,A,A,A,A,A,A,A,A,A,A,A,A,A,A,1.0,draw
855,radicaleq,2,B,B,B,B,B,B,B,B,B,B,B,B,B,B,B,B,B,B,B,B,1.0,draw
856,radicaleq,1,A,A,A,A,A,A,A,A,A,A,A,A,A,A,A,A,A,A,A,A,1.0,draw
856,turntaking,2,B,B,B,B,B,B,B,B,B,B,B,B,B,B,B,B,B,B,B,B,1.0,draw
857,rotate0,1,A,A,A,A,A,A,A,A,A,A,A,A,A,A,A,A,A,A,A,A,1.0,draw
857,turntaking,2,B,B,B,B,B,B,B,B,B,B,B,B,B,B,B,B,B,B,B,B,1.0,draw
858,turntaking,1,A,A,A,A,A,A,A,A,A,A,A,A,A,A,A,A,A,A,A,A,1.0,draw
858,rotate0,2,B,B,B,B,B,B,B,B,B,B,B,B,B,B,B,B,B,B,B,B,1.0,draw
859,turntaking,1,A,A,A,A,A,A,A,A,A,A,A,A,A,A,A,A,A,A,A,A,1.0,draw
859,caste,2,B,B,B,B,B,B,B,B,B,B,B,B,B,B,B,B,B,B,B,B,1.0,draw
860,caste,1,A,A,A,A,A,A,A,A,A,A,A,A,A,A,A,A,A,A,A,A,1.0,draw
860,turntaking,2,B,B,B,B,B,B,B,B,B,B,B,B,B,B,B,B,B,B,B,B,1.0,draw
861,equalize,1,A,A,A,A,A,A,A,A,A,A,A,A,A,A,A,A,A,A,A,A,1.0,draw
861,turntaking,2,B,B,B,B,B,B,B,B,B,B,B,B,B,B,B,B,B,B,B,B,1.0,draw
862,turntaking,1,A,A,A,A,A,A,A,A,A,A,A,A,A,A,A,A,A,A,A,A,1.0,draw
862,equalize,2,B,B,B,B,B,B,B,B,B,B,B,B,B,B,B,B,B,B,B,B,1.0,draw
863,turntaking,1,A,A,A,A,A,A,A,A,A,A,A,A,A,A,A,A,A,A,A,A,1.0,draw
863,turntaking,2,B,B,B,B,B,B,B,B,B,B,B,B,B,B,B,B,B,B,B,B,1.0,draw
864,turntaking,1,A,A,A,A,A,A,A,A,A,A,A,A,A,A,A,A,A,A,A,A,1.0,draw
864,turntaking,2,B,B,B,B,B,B,B,B,B,B,B,B,B,B,B,B,B,B,B,B,1.0,draw
865,random,1,B,B,B,skip,B,A,A,skip,B,skip,B,B,B,skip,skip,A,A,B,B,A,0.45,draw
865,random,2,B,A,skip,skip,B,B,B,skip,skip,A,skip,A,B,skip,skip,B,B,B,B,A,0.35,draw
866,random,1,skip,A,B,A,A,skip,B,skip,A,A,skip,A,skip,B,B,B,skip,skip,A,B,0.3,draw
866,random,2,A,A,B,A,A,A,A,skip,skip,A,B,A,A,skip,skip,B,B,B,skip,A,0.4,draw
867,random,1,A,skip,skip,A,skip,skip,B,A,A,B,B,A,A,skip,B,A,skip,skip,skip,A,0.2,rotate
867,rotate,2,B,A,B,A,B,A,B,A,B,A,B,A,B,A,B,A,B,A,B,A,0.6,rotate
868,rotate,1,A,B,A,B,A,B,A,B,A,B,A,B,A,B,A,B,A,B,A,B,0.65,rotate
868,random,2,B,A,A,skip,B,B,A,skip,A,B,skip,A,B,skip,skip,B,skip,skip,skip,B,0.25,rotate
869,rotate,1,A,B,A,B,A,B,A,B,A,B,A,B,A,B,A,B,A,B,A,B,1.0,draw
869,rotate,2,B,A,B,A,B,A,B,A,B,A,B,A,B,A,B,A,B,A,B,A,1.0,draw
870,rotate,1,A,B,A,B,A,B,A,B,A,B,A,B,A,B,A,B,A,B,A,B,1.0,draw
870,rotate,2,B,A,B,A,B,A,B,A,B,A,B,A,B,A,B,A,B,A,B,A,1.0,draw
871,random3,1,A,A,B,B,A,A,A,A,A,A,A,A,A,A,A,A,B,B,B,B,0.5,random3
871,random,2,A,A,B,B,skip,B,B,B,A,skip,B,B,skip,B,A,A,A,B,B,B,0.35,random3
872,random,1,skip,skip,B,skip,A,skip,skip,skip,skip,skip,skip,B,A,B,skip,A,A,skip,skip,A,0.25,random3
872,random3,2,B,B,B,B,B,B,B,B,B,B,B,B,B,B,B,B,B,B,B,B,0.85,random3
873,rotate,1,A,B,A,B,A,B,A,B,A,B,A,B,A,B,A,B,A,B,A,B,0.4,draw
873,random3,2,B,B,B,B,B,B,A,A,A,B,B,B,B,B,B,B,A,A,A,B,0.4,draw
874,random3,1,B,B,B,B,B,B,B,B,B,A,A,A,B,B,B,B,B,B,B,B,0.45,draw
874,rotate,2,B,A,B,A,B,A,B,A,B,A,B,A,B,A,B,A,B,A,B,A,0.45,draw
875,random3,1,A,A,A,A,A,A,A,A,A,A,A,A,A,A,A,A,A,A,A,A,0.95,draw
875,random3,2,A,B,B,B,B,B,B,B,B,B,B,B,B,B,B,B,B,B,B,B,0.95,draw
876,random3,1,A,A,B,A,A,A,A,A,A,A,A,A,A,A,A,A,A,A,A,A,0.85,draw
876,random3,2,A,A,B,B,B,B,B,B,B,B,B,B,B,B,B,B,B,B,B,B,0.85,draw
877,random,1,A,skip,B,A,skip,A,skip,A,B,A,skip,A,B,B,skip,skip,B,A,skip,skip,0.35,radicaleq
877,radicaleq,2,B,B,B,B,B,B,B,B,B,B,B,B,B,B,B,B,B,B,B,B,0.75,radicaleq
878,radicaleq,1,A,B,B,B,A,B,B,B,B,B,B,B,B,B,B,B,B,B,B,B,0.4,radicaleq
878,random,2,A,A,B,B,A,skip,skip,B,skip,B,skip,skip,B,B,B,B,A,skip,B,B,0.1,radicaleq
879,radicaleq,1,A,A,B,A,B,A,B,A,B,A,B,A,B,A,B,A,B,A,B,A,0.05,draw
879,rotate,2,B,A,B,A,B,A,B,A,B,A,B,A,B,A,B,A,B,A,B,A,0.05,draw
880,rotate,1,A,B,A,B,A,B,A,B,A,B,A,B,A,B,A,B,A,B,A,B,0.5,draw
880,radicaleq,2,B,B,B,B,B,B,B,B,B,B,B,B,B,B,B,B,B,B,B,B,0.5,draw
881,random3,1,A,A,A,A,A,A,A,A,A,A,A,A,A,A,A,A,A,A,A,A,1.0,draw
881,radicaleq,2,B,B,B,B,B,B,B,B,B,B,B,B,B,B,B,B,B,B,B,B,1.0,draw
882,radicaleq,1,A,A,A,A,A,A,A,A,A,A,A,A,A,A,A,A,A,A,A,A,1.0,draw
882,random3,2,B,B,B,B,B,B,B,B,B,B,B,B,B,B,B,B,B,B,B,B,1.0,draw
883,radicaleq,1,A,A,A,A,A,A,A,A,A,A,A,A,A,A,A,A,A,A,A,A,1.0,draw
883,radicaleq,2,B,B,B,B,B,B,B,B,B,B,B,B,B,B,B,B,B,B,B,B,1.0,draw
884,radicaleq,1,A,A,A,A,A,A,A,A,A,A,A,A,A,A,A,A,A,A,A,A,1.0,draw
884,radicaleq,2,B,B,B,B,B,B,B,B,B,B,B,B,B,B,B,B,B,B,B,B,1.0,draw
885,rotate0,1,A,A,A,A,A,A,A,A,A,A,A,A,A,A,A,A,A,A,A,A,0.65,rotate0
885,random,2,skip,A,A,skip,skip,B,skip,A,skip,skip,skip,skip,skip,B,A,skip,A,skip,A,A,0.1,rotate0
886,random,1,B,skip,B,skip,A,skip,B,A,B,skip,skip,B,skip,A,B,A,B,skip,A,skip,0.25,rotate0
886,rotate0,2,B,B,B,B,B,B,B,B,B,B,B,B,B,B,B,B,B,B,B,B,0.65,rotate0
887,rotate0,1,A,A,A,A,A,A,A,A,A,A,A,A,A,A,A,A,A,A,A,A,0.5,draw
887,rotate,2,B,A,B,A,B,A,B,A,B,A,B,A,B,A,B,A,B,A,B,A,0.5,draw
888,rotate,1,A,B,A,B,A,B,A,B,A,B,A,B,A,B,A,B,A,B,A,B,0.5,draw
888,rotate0,2,B,B,B,B,B,B,B,B,B,B,B,B,B,B,B,B,B,B,B,B,0.5,draw
889,rotate0,1,A,A,A,A,A,A,A,A,A,A,A,A,A,A,A,A,A,A,A,A,0.8,draw
889,random3,2,A,A,A,A,B,B,B,B,B,B,B,B,B,B,B,B,B,B,B,B,0.8,draw
890,random3,1,A,A,A,A,A,A,A,A,A,A,A,A,A,A,A,A,A,A,A,A,1.0,draw
890,rotate0,2,B,B,B,B,B,B,B,B,B,B,B,B,B,B,B,B,B,B,B,B,1.0,draw
891,rotate0,1,A,A,A,A,A,A,A,A,A,A,A,A,A,A,A,A,A,A,A,A,1.0,draw
891,radicaleq,2,B,B,B,B,B,B,B,B,B,B,B,B,B,B,B,B,B,B,B,B,1.0,draw
892,radicaleq,1,A,A,A,A,A,A,A,A,A,A,A,A,A,A,A,A,A,A,A,A,1.0,draw
892,rotate0,2,B,B,B,B,B,B,B,B,B,B,B,B,B,B,B,B,B,B,B,B,1.0,draw
893,rotate0,1,A,A,A,A,A,A,A,A,A,A,A,A,A,A,A,A,A,A,A,A,1.0,draw
893,rotate0,2,B,B,B,B,B,B,B,B,B,B,B,B,B,B,B,B,B,B,B,B,1.0,draw
894,rotate0,1,A,A,A,A,A,A,A,A,A,A,A,A,A,A,A,A,A,A,A,A,1.0,draw
894,rotate0,2,B,B,B,B,B,B,B,B,B,B,B,B,B,B,B,B,B,B,B,B,1.0,draw
895,caste,1,A,B,B,B,B,B,B,A,A,A,A,A,B,A,A,B,A,B,B,B,0.6,caste
895,random,2,skip,A,A,A,skip,A,B,B,B,B,skip,A,B,skip,A,B,A,A,B,B,0.4,caste
896,random,1,A,A,B,B,skip,skip,A,A,A,A,B,B,A,skip,B,skip,A,B,skip,B,0.3,caste
896,caste,2,B,B,B,A,B,A,A,A,B,B,B,A,A,B,B,A,A,B,A,B,0.55,caste
897,rotate,1,A,B,A,B,A,B,A,B,A,B,A,B,A,B,A,B,A,B,A,B,0.1,draw
897,caste,2,B,B,A,A,A,B,A,B,A,B,A,B,A,B,A,B,A,B,A,B,0.1,draw
898,caste,1,A,A,B,A,B,A,B,A,B,A,B,A,B,A,B,A,B,A,B,A,0.05,draw
898,rotate,2,B,A,B,A,B,A,B,A,B,A,B,A,B,A,B,A,B,A,B,A,0.05,draw
899,caste,1,A,B,B,B,B,B,B,B,B,B,B,B,B,B,B,B,B,B,B,B,0.95,draw
899,random3,2,A,A,A,A,A,A,A,A,A,A,A,A,A,A,A,A,A,A,A,A,0.95,draw
900,random3,1,A,A,A,A,A,A,A,A,A,A,A,A,A,A,A,A,A,A,A,A,1.0,draw
900,caste,2,B,B,B,B,B,B,B,B,B,B,B,B,B,B,B,B,B,B,B,B,1.0,draw
901,radicaleq,1,A,A,A,A,A,A,A,A,A,A,A,A,A,A,A,A,A,A,A,A,1.0,draw
901,caste,2,B,B,B,B,B,B,B,B,B,B,B,B,B,B,B,B,B,B,B,B,1.0,draw
902,caste,1,A,A,A,A,A,A,A,A,A,A,A,A,A,A,A,A,A,A,A,A,1.0,draw
902,radicaleq,2,B,B,B,B,B,B,B,B,B,B,B,B,B,B,B,B,B,B,B,B,1.0,draw
903,caste,1,A,A,A,A,A,A,A,A,A,A,A,A,A,A,A,A,A,A,A,A,1.0,draw
903,rotate0,2,B,B,B,B,B,B,B,B,B,B,B,B,B,B,B,B,B,B,B,B,1.0,draw
904,rotate0,1,A,A,A,A,A,A,A,A,A,A,A,A,A,A,A,A,A,A,A,A,1.0,draw
904,caste,2,B,B,B,B,B,B,B,B,B,B,B,B,B,B,B,B,B,B,B,B,1.0,draw
905,caste,1,A,A,A,A,A,A,A,A,A,A,A,A,A,A,A,A,A,A,A,A,1.0,draw
905,caste,2,B,B,B,B,B,B,B,B,B,B,B,B,B,B,B,B,B,B,B,B,1.0,draw
906,caste,1,A,A,A,A,A,A,A,A,A,A,A,A,A,A,A,A,A,A,A,A,1.0,draw
906,caste,2,B,B,B,B,B,B,B,B,B,B,B,B,B,B,B,B,B,B,B,B,1.0,draw
907,equalize,1,A,B,B,B,B,A,A,B,B,A,A,B,A,B,A,A,B,B,A,B,0.45,equalize
907,random,2,A,A,B,A,B,skip,skip,A,B,skip,A,B,A,B,B,A,A,B,A,skip,0.25,equalize
908,random,1,skip,A,B,B,A,A,skip,A,A,A,A,B,skip,B,skip,B,A,skip,skip,skip,0.35,equalize
908,equalize,2,B,A,B,A,A,B,B,A,B,B,B,A,A,B,B,A,A,B,B,A,0.7,equalize
909,rotate,1,A,B,A,B,A,B,A,B,A,B,A,B,A,B,A,B,A,B,A,B,0.1,draw
909,equalize,2,B,B,A,A,A,B,A,B,A,B,A,B,A,B,A,B,A,B,A,B,0.1,draw
910,equalize,1,A,A,B,A,B,A,B,A,B,A,B,A,B,A,B,A,B,A,B,A,0.05,draw
910,rotate,2,B,A,B,A,B,A,B,A,B,A,B,A,B,A,B,A,B,A,B,A,0.05,draw
911,equalize,1,A,A,A,A,A,A,A,A,A,A,A,A,A,A,A,A,A,A,A,A,1.0,draw
911,random3,2,B,B,B,B,B,B,B,B,B,B,B,B,B,B,B,B,B,B,B,B,1.0,draw
912,random3,1,A,A,A,A,A,A,A,A,A,A,A,A,A,A,A,A,A,A,A,A,1.0,draw
912,equalize,2,B,B,B,B,B,B,B,B,B,B,B,B,B,B,B,B,B,B,B,B,1.0,draw
913,radicaleq,1,A,A,A,A,A,A,A,A,A,A,A,A,A,A,A,A,A,A,A,A,1.0,draw
913,equalize,2,B,B,B,B,B,B,B,B,B,B,B,B,B,B,B,B,B,B,B,B,1.0,draw
914,equalize,1,A,A,A,A,A,A,A,A,A,A,A,A,A,A,A,A,A,A,A,A,1.0,draw
914,radicaleq,2,B,B,B,B,B,B,B,B,B,B,B,B,B,B,B,B,B,B,B,B,1.0,draw
915,equalize,1,A,A,A,A,A,A,A,A,A,A,A,A,A,A,A,A,A,A,A,A,1.0,draw
915,rotate0,2,B,B,B,B,B,B,B,B,B,B,B,B,B,B,B,B,B,B,B,B,1.0,draw
916,rotate0,1,A,A,A,A,A,A,A,A,A,A,A,A,A,A,A,A,A,A,A,A,1.0,draw
916,equalize,2,B,B,B,B,B,B,B,B,B,B,B,B,B,B,B,B,B,B,B,B,1.0,draw
917,caste,1,A,A,A,A,A,A,A,A,A,A,A,A,A,A,A,A,A,A,A,A,1.0,draw
917,equalize,2,B,B,B,B,B,B,B,B,B,B,B,B,B,B,B,B,B,B,B,B,1.0,draw
918,equalize,1,A,A,A,A,A,A,A,A,A,A,A,A,A,A,A,A,A,A,A,A,1.0,draw
918,caste,2,B,B,B,B,B,B,B,B,B,B,B,B,B,B,B,B,B,B,B,B,1.0,draw
919,equalize,1,A,A,A,A,A,A,A,A,A,A,A,A,A,A,A,A,A,A,A,A,1.0,draw
919,equalize,2,B,B,B,B,B,B,B,B,B,B,B,B,B,B,B,B,B,B,B,B,1.0,draw
920,equalize,1,A,A,A,A,A,A,A,A,A,A,A,A,A,A,A,A,A,A,A,A,1.0,draw
920,equalize,2,B,B,B,B,B,B,B,B,B,B,B,B,B,B,B,B,B,B,B,B,1.0,draw
921,random,1,B,A,skip,A,B,B,A,B,B,B,A,B,A,A,A,B,A,skip,A,A,0.45,turntaking
921,turntaking,2,B,B,B,B,A,A,A,B,B,B,B,B,B,B,A,B,B,B,B,A,0.55,turntaking
922,turntaking,1,A,A,A,A,A,A,A,A,A,A,B,A,B,A,A,A,A,A,A,A,0.75,turntaking
922,random,2,B,skip,skip,skip,skip,skip,A,A,B,B,skip,B,skip,skip,A,skip,A,B,skip,A,0.25,turntaking
923,turntaking,1,A,A,A,B,B,B,A,A,A,B,B,B,A,A,A,B,B,B,A,A,0.65,draw
923,rotate,2,B,A,B,A,B,A,B,A,B,A,B,A,B,A,B,A,B,A,B,A,0.65,draw
924,rotate,1,A,B,A,B,A,B,A,B,A,B,A,B,A,B,A,B,A,B,A,B,0.5,draw
924,turntaking,2,B,B,B,B,B,B,B,B,B,B,B,B,B,B,B,B,B,B,B,B,0.5,draw
925,random3,1,B,B,B,A,A,A,A,A,A,A,A,A,A,A,A,A,A,A,A,A,0.8,draw
925,turntaking,2,B,B,B,A,B,B,B,B,B,B,B,B,B,B,B,B,B,B,B,B,0.8,draw
926,turntaking,1,A,A,A,B,A,B,B,B,B,B,B,B,B,A,B,B,B,B,A,B,0.35,draw
926,random3,2,A,A,B,B,B,B,B,B,B,B,B,A,A,A,B,B,A,A,A,A,0.35,draw
927,turntaking,1,A,A,A,A,A,A,A,A,A,A,A,A,A,A,A,A,A,A,A,A,1.0,draw
927,radicaleq,2,B,B,B,B,B,B,B,B,B,B,B,B,B,B,B,B,B,B,B,B,1.0,draw
928,radicaleq,1,A,A,A,A,A,A,A,A,A,A,A,A,A,A,A,A,A,A,A,A,1.0,draw
928,turntaking,2,B,B,B,B,B,B,B,B,B,B,B,B,B,B,B,B,B,B,B,B,1.0,draw
929,rotate0,1,A,A,A,A,A,A,A,A,A,A,A,A,A,A,A,A,A,A,A,A,1.0,draw
929,turntaking,2,B,B,B,B,B,B,B,B,B,B,B,B,B,B,B,B,B,B,B,B,1.0,draw
930,turntaking,1,A,A,A,A,A,A,A,A,A,A,A,A,A,A,A,A,A,A,A,A,1.0,draw
930,rotate0,2,B,B,B,B,B,B,B,B,B,B,B,B,B,B,B,B,B,B,B,B,1.0,draw
931,turntaking,1,A,A,A,A,A,A,A,A,A,A,A,A,A,A,A,A,A,A,A,A,1.0,draw
931,caste,2,B,B,B,B,B,B,B,B,B,B,B,B,B,B,B,B,B,B,B,B,1.0,draw
932,caste,1,A,A,A,A,A,A,A,A,A,A,A,A,A,A,A,A,A,A,A,A,1.0,draw
932,turntaking,2,B,B,B,B,B,B,B,B,B,B,B,B,B,B,B,B,B,B,B,B,1.0,draw
933,equalize,1,A,A,A,A,A,A,A,A,A,A,A,A,A,A,A,A,A,A,A,A,1.0,draw
933,turntaking,2,B,B,B,B,B,B,B,B,B,B,B,B,B,B,B,B,B,B,B,B,1.0,draw
934,turntaking,1,A,A,A,A,A,A,A,A,A,A,A,A,A,A,A,A,A,A,A,A,1.0,draw
934,equalize,2,B,B,B,B,B,B,B,B,B,B,B,B,B,B,B,B,B,B,B,B,1.0,draw
935,turntaking,1,A,A,A,A,A,A,A,A,A,A,A,A,A,A,A,A,A,A,A,A,1.0,draw
935,turntaking,2,B,B,B,B,B,B,B,B,B,B,B,B,B,B,B,B,B,B,B,B,1.0,draw
936,turntaking,1,A,A,A,A,A,A,A,A,A,A,A,A,A,A,A,A,A,A,A,A,1.0,draw
936,turntaking,2,B,B,B,B,B,B,B,B,B,B,B,B,B,B,B,B,B,B,B,B,1.0,draw
937,random,1,B,A,B,B,A,B,skip,B,skip,B,skip,skip,skip,skip,B,B,skip,A,A,skip,0.35,draw
937,random,2,B,B,B,skip,B,skip,B,B,B,A,A,skip,B,skip,skip,B,B,B,A,skip,0.45,draw
938,random,1,A,A,B,A,skip,B,B,B,A,skip,A,B,skip,B,B,A,B,A,A,skip,0.6,draw
938,random,2,B,A,B,skip,A,A,B,A,B,skip,skip,A,A,A,A,skip,A,B,A,B,0.6,draw
939,random,1,skip,A,skip,A,A,A,A,skip,A,skip,skip,skip,A,B,B,A,B,A,B,A,0.25,rotate
939,rotate,2,B,A,B,A,B,A,B,A,B,A,B,A,B,A,B,A,B,A,B,A,0.55,rotate
940,rotate,1,A,B,A,B,A,B,A,B,A,B,A,B,A,B,A,B,A,B,A,B,0.5,rotate
940,random,2,A,B,B,B,A,A,skip,skip,B,B,skip,A,A,B,B,skip,skip,B,A,B,0.25,rotate
941,rotate,1,A,B,A,B,A,B,A,B,A,B,A,B,A,B,A,B,A,B,A,B,1.0,draw
941,rotate,2,B,A,B,A,B,A,B,A,B,A,B,A,B,A,B,A,B,A,B,A,1.0,draw
942,rotate,1,A,B,A,B,A,B,A,B,A,B,A,B,A,B,A,B,A,B,A,B,1.0,draw
942,rotate,2,B,A,B,A,B,A,B,A,B,A,B,A,B,A,B,A,B,A,B,A,1.0,draw
943,random3,1,B,B,B,B,B,B,B,B,B,B,A,A,A,A,A,A,B,B,B,B,0.55,random3
943,random,2,skip,A,B,A,B,B,A,skip,skip,B,A,A,A,B,B,A,skip,A,skip,B,0.3,random3
944,random,1,A,A,B,A,B,B,A,skip,skip,skip,skip,B,B,skip,B,skip,A,A,A,skip,0.25,random3
944,random3,2,A,B,B,A,B,A,A,A,A,A,A,A,A,A,A,A,A,A,A,B,0.6,random3
945,rotate,1,A,B,A,B,A,B,A,B,A,B,A,B,A,B,A,B,A,B,A,B,0.45,draw
945,random3,2,A,A,A,A,A,B,B,B,B,B,B,B,B,B,B,B,B,B,B,B,0.45,draw
946,random3,1,A,A,A,A,A,A,A,A,B,B,B,B,B,B,B,B,B,B,B,B,0.5,draw
946,rotate,2,B,A,B,A,B,A,B,A,B,A,B,A,B,A,B,A,B,A,B,A,0.5,draw
947,random3,1,A,A,A,A,A,A,A,A,A,A,A,A,A,A,A,A,A,A,A,A,1.0,draw
947,random3,2,B,B,B,B,B,B,B,B,B,B,B,B,B,B,B,B,B,B,B,B,1.0,draw
948,random3,1,A,A,A,A,A,A,A,A,A,A,A,A,A,A,A,A,A,A,A,A,1.0,draw
948,random3,2,B,B,B,B,B,B,B,B,B,B,B,B,B,B,B,B,B,B,B,B,1.0,draw
949,random,1,skip,B,B,B,A,skip,B,skip,A,B,skip,skip,A,A,A,skip,B,A,A,B,0.35,radicaleq
949,radicaleq,2,B,B,B,B,B,B,B,B,B,B,B,B,B,B,B,B,B,B,B,B,0.65,radicaleq
950,radicaleq,1,A,A,A,A,B,A,A,A,A,A,A,A,A,A,A,A,A,A,A,A,0.65,radicaleq
950,random,2,B,B,B,A,B,skip,A,B,A,skip,A,B,skip,skip,B,skip,skip,A,A,B,0.35,radicaleq
951,radicaleq,1,A,A,B,A,B,A,B,A,B,A,B,A,B,A,B,A,B,A,B,A,0.05,draw
951,rotate,2,B,A,B,A,B,A,B,A,B,A,B,A,B,A,B,A,B,A,B,A,0.05,draw
952,rotate,1,A,B,A,B,A,B,A,B,A,B,A,B,A,B,A,B,A,B,A,B,0.5,draw
952,radicaleq,2,B,B,B,B,B,B,B,B,B,B,B,B,B,B,B,B,B,B,B,B,0.5,draw
953,random3,1,B,B,B,B,A,A,A,A,A,A,A,A,A,A,A,A,A,A,A,A,0.8,draw
953,radicaleq,2,B,B,B,B,B,B,B,B,B,B,B,B,B,B,B,B,B,B,B,B,0.8,draw
954,radicaleq,1,A,B,A,A,A,A,A,A,A,A,A,A,A,A,A,A,A,A,A,A,0.9,draw
954,random3,2,A,B,B,B,B,B,B,B,B,B,B,B,B,B,B,B,B,B,B,B,0.9,draw
955,radicaleq,1,A,A,A,A,A,A,A,A,A,A,A,A,A,A,A,A,A,A,A,A,1.0,draw
955,radicaleq,2,B,B,B,B,B,B,B,B,B,B,B,B,B,B,B,B,B,B,B,B,1.0,draw
956,radicaleq,1,A,A,A,A,A,A,A,A,A,A,A,A,A,A,A,A,A,A,A,A,1.0,draw
956,radicaleq,2,B,B,B,B,B,B,B,B,B,B,B,B,B,B,B,B,B,B,B,B,1.0,draw
957,rotate0,1,A,A,A,A,A,A,A,A,A,A,A,A,A,A,A,A,A,A,A,A,0.75,rotate0
957,random,2,B,skip,B,skip,B,A,A,skip,B,A,B,skip,skip,A,B,skip,A,skip,B,skip,0.35,rotate0
958,random,1,skip,B,B,A,skip,B,skip,skip,B,skip,A,A,B,A,skip,B,skip,A,skip,A,0.3,rotate0
958,rotate0,2,B,B,B,B,B,B,B,B,B,B,B,B,B,B,B,B,B,B,B,B,0.7,rotate0
959,rotate0,1,A,A,A,A,A,A,A,A,A,A,A,A,A,A,A,A,A,A,A,A,0.5,draw
959,rotate,2,B,A,B,A,B,A,B,A,B,A,B,A,B,A,B,A,B,A,B,A,0.5,draw
960,rotate,1,A,B,A,B,A,B,A,B,A,B,A,B,A,B,A,B,A,B,A,B,0.5,draw
960,rotate0,2,B,B,B,B,B,B,B,B,B,B,B,B,B,B,B,B,B,B,B,B,0.5,draw
961,rotate0,1,A,A,A,A,A,A,A,A,A,A,A,A,A,A,A,A,A,A,A,A,1.0,draw
961,random3,2,B,B,B,B,B,B,B,B,B,B,B,B,B,B,B,B,B,B,B,B,1.0,draw
962,random3,1,A,A,A,A,A,A,A,A,A,A,A,A,A,A,A,A,A,A,A,A,1.0,draw
962,rotate0,2,B,B,B,B,B,B,B,B,B,B,B,B,B,B,B,B,B,B,B,B,1.0,draw
963,rotate0,1,A,A,A,A,A,A,A,A,A,A,A,A,A,A,A,A,A,A,A,A,1.0,draw
963,radicaleq,2,B,B,B,B,B,B,B,B,B,B,B,B,B,B,B,B,B,B,B,B,1.0,draw
964,radicaleq,1,A,A,A,A,A,A,A,A,A,A,A,A,A,A,A,A,A,A,A,A,1.0,draw
964,rotate0,2,B,B,B,B,B,B,B,B,B,B,B,B,B,B,B,B,B,B,B,B,1.0,draw
965,rotate0,1,A,A,A,A,A,A,A,A,A,A,A,A,A,A,A,A,A,A,A,A,1.0,draw
965,rotate0,2,B,B,B,B,B,B,B,B,B,B,B,B,B,B,B,B,B,B,B,B,1.0,draw
966,rotate0,1,A,A,A,A,A,A,A,A,A,A,A,A,A,A,A,A,A,A,A,A,1.0,draw
966,rotate0,2,B,B,B,B,B,B,B,B,B,B,B,B,B,B,B,B,B,B,B,B,1.0,draw
967,caste,1,A,A,B,A,A,A,A,B,B,A,B,A,A,A,A,B,B,A,B,B,0.75,caste
967,random,2,B,skip,B,skip,B,B,A,A,B,skip,B,skip,B,B,skip,A,skip,A,A,skip,0.4,caste
968,random,1,B,A,B,A,B,B,B,B,A,skip,skip,skip,B,B,B,A,A,A,A,A,0.55,caste
968,caste,2,B,A,A,B,B,A,A,B,A,A,A,B,A,A,A,A,B,B,B,B,0.7,caste
969,rotate,1,A,B,A,B,A,B,A,B,A,B,A,B,A,B,A,B,A,B,A,B,0.1,draw
969,caste,2,B,B,A,A,A,B,A,B,A,B,A,B,A,B,A,B,A,B,A,B,0.1,draw
970,caste,1,A,A,B,A,B,A,B,A,B,A,B,A,B,A,B,A,B,A,B,A,0.05,draw
970,rotate,2,B,A,B,A,B,A,B,A,B,A,B,A,B,A,B,A,B,A,B,A,0.05,draw
971,caste,1,A,A,A,A,A,A,A,A,A,A,A,A,A,A,A,A,A,A,A,A,1.0,draw
971,random3,2,B,B,B,B,B,B,B,B,B,B,B,B,B,B,B,B,B,B,B,B,1.0,draw
972,random3,1,B,B,B,A,A,B,A,B,B,B,B,B,B,B,B,B,B,B,B,A,0.45,draw
972,caste,2,B,A,B,A,A,B,A,B,A,A,A,A,B,A,A,B,A,A,B,A,0.45,draw
973,radicaleq,1,A,A,A,A,A,A,A,A,A,A,A,A,A,A,A,A,A,A,A,A,1.0,draw
973,caste,2,B,B,B,B,B,B,B,B,B,B,B,B,B,B,B,B,B,B,B,B,1.0,draw
974,caste,1,A,A,A,A,A,A,A,A,A,A,A,A,A,A,A,A,A,A,A,A,1.0,draw
974,radicaleq,2,B,B,B,B,B,B,B,B,B,B,B,B,B,B,B,B,B,B,B,B,1.0,draw
975,caste,1,A,A,A,A,A,A,A,A,A,A,A,A,A,A,A,A,A,A,A,A,1.0,draw
975,rotate0,2,B,B,B,B,B,B,B,B,B,B,B,B,B,B,B,B,B,B,B,B,1.0,draw
976,rotate0,1,A,A,A,A,A,A,A,A,A,A,A,A,A,A,A,A,A,A,A,A,1.0,draw
976,caste,2,B,B,B,B,B,B,B,B,B,B,B,B,B,B,B,B,B,B,B,B,1.0,draw
977,caste,1,A,A,A,A,A,A,A,A,A,A,A,A,A,A,A,A,A,A,A,A,1.0,draw
977,caste,2,B,B,B,B,B,B,B,B,B,B,B,B,B,B,B,B,B,B,B,B,1.0,draw
978,caste,1,A,A,A,A,A,A,A,A,A,A,A,A,A,A,A,A,A,A,A,A,1.0,draw
978,caste,2,B,B,B,B,B,B,B,B,B,B,B,B,B,B,B,B,B,B,B,B,1.0,draw
979,equalize,1,A,B,A,A,B,B,B,A,A,B,B,B,A,A,A,A,A,B,B,A,0.65,equalize
979,random,2,skip,B,skip,A,A,skip,B,B,A,A,A,A,B,B,B,B,A,B,skip,A,0.45,equalize
980,random,1,skip,A,skip,B,A,A,A,A,skip,skip,B,skip,A,B,skip,skip,skip,B,skip,skip,0.3,equalize
980,equalize,2,B,A,B,A,B,A,B,B,A,B,B,A,B,B,A,A,B,A,A,B,0.8,equalize
981,rotate,1,A,B,A,B,A,B,A,B,A,B,A,B,A,B,A,B,A,B,A,B,0.1,draw
981,equalize,2,B,B,A,A,A,B,A,B,A,B,A,B,A,B,A,B,A,B,A,B,0.1,draw
982,equalize,1,A,A,B,A,B,A,B,A,B,A,B,A,B,A,B,A,B,A,B,A,0.05,draw
982,rotate,2,B,A,B,A,B,A,B,A,B,A,B,A,B,A,B,A,B,A,B,A,0.05,draw
983,equalize,1,A,A,A,A,A,A,A,A,A,A,A,A,A,A,A,A,A,A,A,A,1.0,draw
983,random3,2,B,B,B,B,B,B,B,B,B,B,B,B,B,B,B,B,B,B,B,B,1.0,draw
984,random3,1,B,A,B,B,A,A,A,A,A,A,A,A,A,A,B,B,B,A,A,A,0.45,draw
984,equalize,2,B,A,A,B,A,B,A,B,B,B,A,B,B,A,B,B,B,A,B,B,0.45,draw
985,radicaleq,1,A,A,A,A,A,A,A,A,A,A,A,A,A,A,A,A,A,A,A,A,1.0,draw
985,equalize,2,B,B,B,B,B,B,B,B,B,B,B,B,B,B,B,B,B,B,B,B,1.0,draw
986,equalize,1,A,A,A,A,A,A,A,A,A,A,A,A,A,A,A,A,A,A,A,A,1.0,draw
986,radicaleq,2,B,B,B,B,B,B,B,B,B,B,B,B,B,B,B,B,B,B,B,B,1.0,draw
987,equalize,1,A,A,A,A,A,A,A,A,A,A,A,A,A,A,A,A,A,A,A,A,1.0,draw
987,rotate0,2,B,B,B,B,B,B,B,B,B,B,B,B,B,B,B,B,B,B,B,B,1.0,draw
988,rotate0,1,A,A,A,A,A,A,A,A,A,A,A,A,A,A,A,A,A,A,A,A,1.0,draw
988,equalize,2,B,B,B,B,B,B,B,B,B,B,B,B,B,B,B,B,B,B,B,B,1.0,draw
989,caste,1,A,A,A,A,A,A,A,A,A,A,A,A,A,A,A,A,A,A,A,A,1.0,draw
989,equalize,2,B,B,B,B,B,B,B,B,B,B,B,B,B,B,B,B,B,B,B,B,1.0,draw
990,equalize,1,A,A,A,A,A,A,A,A,A,A,A,A,A,A,A,A,A,A,A,A,1.0,draw
990,caste,2,B,B,B,B,B,B,B,B,B,B,B,B,B,B,B,B,B,B,B,B,1.0,draw
991,equalize,1,A,A,A,A,A,A,A,A,A,A,A,A,A,A,A,A,A,A,A,A,1.0,draw
991,equalize,2,B,B,B,B,B,B,B,B,B,B,B,B,B,B,B,B,B,B,B,B,1.0,draw
992,equalize,1,A,A,A,A,A,A,A,A,A,A,A,A,A,A,A,A,A,A,A,A,1.0,draw
992,equalize,2,B,B,B,B,B,B,B,B,B,B,B,B,B,B,B,B,B,B,B,B,1.0,draw
993,random,1,A,B,skip,B,A,A,skip,skip,B,A,skip,A,B,B,A,skip,A,skip,skip,A,0.4,turntaking
993,turntaking,2,B,B,B,B,B,B,A,B,B,B,B,B,B,B,B,B,B,B,B,B,0.75,turntaking
994,turntaking,1,A,A,B,A,A,A,A,A,A,A,A,A,A,A,A,A,A,A,A,A,0.65,turntaking
994,random,2,A,B,skip,skip,B,A,A,skip,B,A,B,A,skip,skip,A,skip,B,skip,B,A,0.3,turntaking
995,turntaking,1,A,A,A,B,B,B,A,A,A,B,B,B,A,A,A,B,B,B,A,A,0.65,draw
995,rotate,2,B,A,B,A,B,A,B,A,B,A,B,A,B,A,B,A,B,A,B,A,0.65,draw
996,rotate,1,A,B,A,B,A,B,A,B,A,B,A,B,A,B,A,B,A,B,A,B,0.5,draw
996,turntaking,2,B,B,B,B,B,B,B,B,B,B,B,B,B,B,B,B,B,B,B,B,0.5,draw
997,random3,1,B,B,B,B,B,B,B,B,B,B,B,B,A,A,A,A,A,A,A,A,0.6,draw
997,turntaking,2,B,B,B,A,B,A,B,A,B,A,A,B,A,B,B,B,B,B,B,B,0.6,draw
998,turntaking,1,A,A,A,A,A,A,A,A,A,A,A,A,A,A,A,A,A,A,A,A,1.0,draw
998,random3,2,B,B,B,B,B,B,B,B,B,B,B,B,B,B,B,B,B,B,B,B,1.0,draw
999,turntaking,1,A,A,A,A,A,A,A,A,A,A,A,A,A,A,A,A,A,A,A,A,1.0,draw
999,radicaleq,2,B,B,B,B,B,B,B,B,B,B,B,B,B,B,B,B,B,B,B,B,1.0,draw
1000,radicaleq,1,A,A,A,A,A,A,A,A,A,A,A,A,A,A,A,A,A,A,A,A,1.0,draw
1000,turntaking,2,B,B,B,B,B,B,B,B,B,B,B,B,B,B,B,B,B,B,B,B,1.0,draw
1001,rotate0,1,A,A,A,A,A,A,A,A,A,A,A,A,A,A,A,A,A,A,A,A,1.0,draw
1001,turntaking,2,B,B,B,B,B,B,B,B,B,B,B,B,B,B,B,B,B,B,B,B,1.0,draw
1002,turntaking,1,A,A,A,A,A,A,A,A,A,A,A,A,A,A,A,A,A,A,A,A,1.0,draw
1002,rotate0,2,B,B,B,B,B,B,B,B,B,B,B,B,B,B,B,B,B,B,B,B,1.0,draw
1003,turntaking,1,A,A,A,A,A,A,A,A,A,A,A,A,A,A,A,A,A,A,A,A,1.0,draw
1003,caste,2,B,B,B,B,B,B,B,B,B,B,B,B,B,B,B,B,B,B,B,B,1.0,draw
1004,caste,1,A,A,A,A,A,A,A,A,A,A,A,A,A,A,A,A,A,A,A,A,1.0,draw
1004,turntaking,2,B,B,B,B,B,B,B,B,B,B,B,B,B,B,B,B,B,B,B,B,1.0,draw
1005,equalize,1,A,A,A,A,A,A,A,A,A,A,A,A,A,A,A,A,A,A,A,A,1.0,draw
1005,turntaking,2,B,B,B,B,B,B,B,B,B,B,B,B,B,B,B,B,B,B,B,B,1.0,draw
1006,turntaking,1,A,A,A,A,A,A,A,A,A,A,A,A,A,A,A,A,A,A,A,A,1.0,draw
1006,equalize,2,B,B,B,B,B,B,B,B,B,B,B,B,B,B,B,B,B,B,B,B,1.0,draw
1007,turntaking,1,A,A,A,A,A,A,A,A,A,A,A,A,A,A,A,A,A,A,A,A,1.0,draw
1007,turntaking,2,B,B,B,B,B,B,B,B,B,B,B,B,B,B,B,B,B,B,B,B,1.0,draw
1008,turntaking,1,A,A,A,A,A,A,A,A,A,A,A,A,A,A,A,A,A,A,A,A,1.0,draw
1008,turntaking,2,B,B,B,B,B,B,B,B,B,B,B,B,B,B,B,B,B,B,B,B,1.0,draw
1009,random,1,B,B,A,skip,A,skip,skip,B,skip,A,skip,skip,B,A,skip,A,skip,skip,A,B,0.4,draw
1009,random,2,B,A,A,B,A,A,A,A,B,B,B,skip,A,B,A,B,skip,B,B,skip,0.7,draw
1010,random,1,B,A,skip,B,B,skip,B,A,A,skip,A,B,B,skip,B,A,B,B,skip,A,0.65,draw
1010,random,2,A,skip,skip,B,A,B,A,skip,skip,A,skip,A,A,A,A,A,skip,skip,skip,skip,0.45,draw
1011,random,1,A,B,B,A,B,B,skip,skip,A,B,B,skip,B,B,B,A,B,skip,B,B,0.35,rotate
1011,rotate,2,B,A,B,A,B,A,B,A,B,A,B,A,B,A,B,A,B,A,B,A,0.55,rotate
1012,rotate,1,A,B,A,B,A,B,A,B,A,B,A,B,A,B,A,B,A,B,A,B,0.65,rotate
1012,random,2,A,skip,A,A,A,B,B,A,B,skip,A,A,skip,skip,B,B,A,skip,B,A,0.4,rotate
1013,rotate,1,A,B,A,B,A,B,A,B,A,B,A,B,A,B,A,B,A,B,A,B,1.0,draw
1013,rotate,2,B,A,B,A,B,A,B,A,B,A,B,A,B,A,B,A,B,A,B,A,1.0,draw
1014,rotate,1,A,B,A,B,A,B,A,B,A,B,A,B,A,B,A,B,A,B,A,B,1.0,draw
1014,rotate,2,B,A,B,A,B,A,B,A,B,A,B,A,B,A,B,A,B,A,B,A,1.0,draw
1015,random3,1,B,B,A,A,A,A,A,A,A,A,B,B,B,B,B,A,A,A,A,A,0.6,random3
1015,random,2,A,B,skip,A,B,A,skip,B,B,A,skip,A,B,skip,B,A,A,skip,B,skip,0.3,random3
1016,random,1,A,A,B,B,B,skip,skip,B,B,skip,A,B,A,A,A,A,A,B,B,B,0.5,random3
1016,random3,2,A,A,A,A,A,A,A,A,A,A,A,A,A,B,B,B,B,B,B,B,0.65,random3
1017,rotate,1,A,B,A,B,A,B,A,B,A,B,A,B,A,B,A,B,A,B,A,B,0.45,draw
1017,random3,2,A,A,A,B,B,B,B,B,A,A,A,A,A,A,A,A,A,A,A,A,0.45,draw
1018,random3,1,B,A,A,A,A,A,A,A,B,B,B,A,B,A,A,A,A,A,A,A,0.35,draw
1018,rotate,2,B,A,B,A,B,A,B,A,B,A,B,A,B,A,B,A,B,A,B,A,0.35,draw
1019,random3,1,A,A,A,B,B,B,B,B,B,B,B,B,B,B,B,B,B,B,B,B,0.85,draw
1019,random3,2,A,A,A,A,A,A,A,A,A,A,A,A,A,A,A,A,A,A,A,A,0.85,draw
1020,random3,1,B,B,B,B,B,B,B,B,B,B,B,B,B,B,B,B,B,B,B,B,1.0,draw
1020,random3,2,A,A,A,A,A,A,A,A,A,A,A,A,A,A,A,A,A,A,A,A,1.0,draw
1021,random,1,B,B,A,B,B,B,A,skip,skip,A,A,B,B,A,A,A,skip,A,skip,skip,0.4,radicaleq
1021,radicaleq,2,B,B,B,B,B,B,B,B,B,B,B,B,B,B,B,B,B,B,B,B,0.65,radicaleq
1022,radicaleq,1,A,A,A,A,A,A,A,A,A,A,A,A,A,A,A,A,A,A,A,A,0.55,radicaleq
1022,random,2,skip,skip,A,A,A,B,A,A,skip,skip,B,A,B,skip,B,skip,A,skip,A,A,0.2,radicaleq
1023,radicaleq,1,A,A,B,A,B,A,B,A,B,A,B,A,B,A,B,A,B,A,B,A,0.05,draw
1023,rotate,2,B,A,B,A,B,A,B,A,B,A,B,A,B,A,B,A,B,A,B,A,0.05,draw
1024,rotate,1,A,B,A,B,A,B,A,B,A,B,A,B,A,B,A,B,A,B,A,B,0.5,draw
1024,radicaleq,2,B,B,B,B,B,B,B,B,B,B,B,B,B,B,B,B,B,B,B,B,0.5,draw
1025,random3,1,B,B,A,A,A,A,A,A,A,A,A,A,A,A,A,A,A,A,A,A,0.9,draw
1025,radicaleq,2,B,B,B,B,B,B,B,B,B,B,B,B,B,B,B,B,B,B,B,B,0.9,draw
1026,radicaleq,1,A,B,B,B,B,B,B,B,B,B,B,B,B,B,B,B,B,B,B,B,0.95,draw
1026,random3,2,A,A,A,A,A,A,A,A,A,A,A,A,A,A,A,A,A,A,A,A,0.95,draw
1027,radicaleq,1,A,A,A,A,A,A,A,A,A,A,A,A,A,A,A,A,A,A,A,A,1.0,draw
1027,radicaleq,2,B,B,B,B,B,B,B,B,B,B,B,B,B,B,B,B,B,B,B,B,1.0,draw
1028,radicaleq,1,A,A,A,A,A,A,A,A,A,A,A,A,A,A,A,A,A,A,A,A,1.0,draw
1028,radicaleq,2,B,B,B,B,B,B,B,B,B,B,B,B,B,B,B,B,B,B,B,B,1.0,draw
1029,rotate0,1,A,A,A,A,A,A,A,A,A,A,A,A,A,A,A,A,A,A,A,A,0.75,rotate0
1029,random,2,A,skip,skip,skip,B,skip,skip,B,B,A,B,A,B,A,B,B,skip,A,B,B,0.45,rotate0
1030,random,1,skip,B,A,B,B,A,skip,B,skip,A,A,B,A,skip,skip,A,B,A,skip,B,0.35,rotate0
1030,rotate0,2,B,B,B,B,B,B,B,B,B,B,B,B,B,B,B,B,B,B,B,B,0.65,rotate0
1031,rotate0,1,A,A,A,A,A,A,A,A,A,A,A,A,A,A,A,A,A,A,A,A,0.5,draw
1031,rotate,2,B,A,B,A,B,A,B,A,B,A,B,A,B,A,B,A,B,A,B,A,0.5,draw
1032,rotate,1,A,B,A,B,A,B,A,B,A,B,A,B,A,B,A,B,A,B,A,B,0.5,draw
1032,rotate0,2,B,B,B,B,B,B,B,B,B,B,B,B,B,B,B,B,B,B,B,B,0.5,draw
1033,rotate0,1,A,A,A,A,A,A,A,A,A,A,A,A,A,A,A,A,A,A,A,A,1.0,draw
1033,random3,2,B,B,B,B,B,B,B,B,B,B,B,B,B,B,B,B,B,B,B,B,1.0,draw
1034,random3,1,A,A,A,A,A,A,A,A,A,A,A,A,A,A,A,A,A,A,A,A,1.0,draw
1034,rotate0,2,B,B,B,B,B,B,B,B,B,B,B,B,B,B,B,B,B,B,B,B,1.0,draw
1035,rotate0,1,A,A,A,A,A,A,A,A,A,A,A,A,A,A,A,A,A,A,A,A,1.0,draw
1035,radicaleq,2,B,B,B,B,B,B,B,B,B,B,B,B,B,B,B,B,B,B,B,B,1.0,draw
1036,radicaleq,1,A,A,A,A,A,A,A,A,A,A,A,A,A,A,A,A,A,A,A,A,1.0,draw
1036,rotate0,2,B,B,B,B,B,B,B,B,B,B,B,B,B,B,B,B,B,B,B,B,1.0,draw
1037,rotate0,1,A,A,A,A,A,A,A,A,A,A,A,A,A,A,A,A,A,A,A,A,1.0,draw
1037,rotate0,2,B,B,B,B,B,B,B,B,B,B,B,B,B,B,B,B,B,B,B,B,1.0,draw
1038,rotate0,1,A,A,A,A,A,A,A,A,A,A,A,A,A,A,A,A,A,A,A,A,1.0,draw
1038,rotate0,2,B,B,B,B,B,B,B,B,B,B,B,B,B,B,B,B,B,B,B,B,1.0,draw
1039,caste,1,A,B,B,B,A,A,A,A,A,B,B,A,A,A,A,B,B,A,B,A,0.7,caste
1039,random,2,A,A,B,skip,B,B,B,skip,A,skip,skip,B,B,B,A,A,B,skip,B,skip,0.4,caste
1040,random,1,A,skip,B,skip,A,B,B,A,skip,B,B,A,skip,B,B,B,B,skip,A,A,0.55,caste
1040,caste,2,B,B,A,A,B,A,A,B,A,B,A,A,B,B,A,A,A,A,A,B,0.8,caste
1041,rotate,1,A,B,A,B,A,B,A,B,A,B,A,B,A,B,A,B,A,B,A,B,0.1,draw
1041,caste,2,B,B,A,A,A,B,A,B,A,B,A,B,A,B,A,B,A,B,A,B,0.1,draw
1042,caste,1,A,A,B,A,B,A,B,A,B,A,B,A,B,A,B,A,B,A,B,A,0.05,draw
1042,rotate,2,B,A,B,A,B,A,B,A,B,A,B,A,B,A,B,A,B,A,B,A,0.05,draw
1043,caste,1,A,A,A,A,A,A,A,A,A,A,A,A,A,A,A,A,A,A,A,A,1.0,draw
1043,random3,2,B,B,B,B,B,B,B,B,B,B,B,B,B,B,B,B,B,B,B,B,1.0,draw
1044,random3,1,A,A,A,A,A,A,A,A,A,A,A,A,A,A,A,A,A,A,A,A,1.0,draw
1044,caste,2,B,B,B,B,B,B,B,B,B,B,B,B,B,B,B,B,B,B,B,B,1.0,draw
1045,radicaleq,1,A,A,A,A,A,A,A,A,A,A,A,A,A,A,A,A,A,A,A,A,1.0,draw
1045,caste,2,B,B,B,B,B,B,B,B,B,B,B,B,B,B,B,B,B,B,B,B,1.0,draw
1046,caste,1,A,A,A,A,A,A,A,A,A,A,A,A,A,A,A,A,A,A,A,A,1.0,draw
1046,radicaleq,2,B,B,B,B,B,B,B,B,B,B,B,B,B,B,B,B,B,B,B,B,1.0,draw
1047,caste,1,A,A,A,A,A,A,A,A,A,A,A,A,A,A,A,A,A,A,A,A,1.0,draw
1047,rotate0,2,B,B,B,B,B,B,B,B,B,B,B,B,B,B,B,B,B,B,B,B,1.0,draw
1048,rotate0,1,A,A,A,A,A,A,A,A,A,A,A,A,A,A,A,A,A,A,A,A,1.0,draw
1048,caste,2,B,B,B,B,B,B,B,B,B,B,B,B,B,B,B,B,B,B,B,B,1.0,draw
1049,caste,1,A,A,A,A,A,A,A,A,A,A,A,A,A,A,A,A,A,A,A,A,1.0,draw
1049,caste,2,B,B,B,B,B,B,B,B,B,B,B,B,B,B,B,B,B,B,B,B,1.0,draw
1050,caste,1,A,A,A,A,A,A,A,A,A,A,A,A,A,A,A,A,A,A,A,A,1.0,draw
1050,caste,2,B,B,B,B,B,B,B,B,B,B,B,B,B,B,B,B,B,B,B,B,1.0,draw
1051,equalize,1,A,B,A,B,B,B,B,B,A,B,A,B,B,A,B,A,A,B,B,B,0.7,equalize
1051,random,2,skip,B,A,A,skip,A,A,skip,skip,skip,skip,A,B,A,B,skip,A,skip,A,skip,0.25,equalize
1052,random,1,skip,B,A,B,skip,A,A,A,skip,A,skip,B,B,skip,A,B,A,A,A,skip,0.45,equalize
1052,equalize,2,B,A,B,B,A,A,A,B,B,B,B,A,A,A,B,B,A,B,B,B,0.75,equalize
1053,rotate,1,A,B,A,B,A,B,A,B,A,B,A,B,A,B,A,B,A,B,A,B,0.1,draw
1053,equalize,2,B,B,A,A,A,B,A,B,A,B,A,B,A,B,A,B,A,B,A,B,0.1,draw
1054,equalize,1,A,A,B,A,B,A,B,A,B,A,B,A,B,A,B,A,B,A,B,A,0.05,draw
1054,rotate,2,B,A,B,A,B,A,B,A,B,A,B,A,B,A,B,A,B,A,B,A,0.05,draw
1055,equalize,1,A,A,A,A,A,A,A,A,A,A,A,A,A,A,A,A,A,A,A,A,1.0,draw
1055,random3,2,B,B,B,B,B,B,B,B,B,B,B,B,B,B,B,B,B,B,B,B,1.0,draw
1056,random3,1,B,B,B,B,B,B,B,B,B,B,B,B,B,B,B,B,B,B,B,B,0.65,draw
1056,equalize,2,B,A,B,A,A,B,A,A,B,A,A,B,A,A,B,A,A,B,A,A,0.65,draw
1057,radicaleq,1,A,A,A,A,A,A,A,A,A,A,A,A,A,A,A,A,A,A,A,A,1.0,draw
1057,equalize,2,B,B,B,B,B,B,B,B,B,B,B,B,B,B,B,B,B,B,B,B,1.0,draw
1058,equalize,1,A,A,A,A,A,A,A,A,A,A,A,A,A,A,A,A,A,A,A,A,1.0,draw
1058,radicaleq,2,B,B,B,B,B,B,B,B,B,B,B,B,B,B,B,B,B,B,B,B,1.0,draw
1059,equalize,1,A,A,A,A,A,A,A,A,A,A,A,A,A,A,A,A,A,A,A,A,1.0,draw
1059,rotate0,2,B,B,B,B,B,B,B,B,B,B,B,B,B,B,B,B,B,B,B,B,1.0,draw
1060,rotate0,1,A,A,A,A,A,A,A,A,A,A,A,A,A,A,A,A,A,A,A,A,1.0,draw
1060,equalize,2,B,B,B,B,B,B,B,B,B,B,B,B,B,B,B,B,B,B,B,B,1.0,draw
1061,caste,1,A,A,A,A,A,A,A,A,A,A,A,A,A,A,A,A,A,A,A,A,1.0,draw
1061,equalize,2,B,B,B,B,B,B,B,B,B,B,B,B,B,B,B,B,B,B,B,B,1.0,draw
1062,equalize,1,A,A,A,A,A,A,A,A,A,A,A,A,A,A,A,A,A,A,A,A,1.0,draw
1062,caste,2,B,B,B,B,B,B,B,B,B,B,B,B,B,B,B,B,B,B,B,B,1.0,draw
1063,equalize,1,A,A,A,A,A,A,A,A,A,A,A,A,A,A,A,A,A,A,A,A,1.0,draw
1063,equalize,2,B,B,B,B,B,B,B,B,B,B,B,B,B,B,B,B,B,B,B,B,1.0,draw
1064,equalize,1,A,A,A,A,A,A,A,A,A,A,A,A,A,A,A,A,A,A,A,A,1.0,draw
1064,equalize,2,B,B,B,B,B,B,B,B,B,B,B,B,B,B,B,B,B,B,B,B,1.0,draw
1065,random,1,A,B,skip,B,B,B,A,skip,B,skip,A,A,skip,A,B,skip,A,A,B,B,0.35,turntaking
1065,turntaking,2,B,B,B,B,B,B,B,B,B,B,B,B,A,B,A,A,B,A,B,B,0.6,turntaking
1066,turntaking,1,A,A,A,B,A,A,A,A,A,A,A,A,A,A,A,A,B,A,B,A,0.7,turntaking
1066,random,2,skip,A,B,skip,skip,B,A,A,A,skip,skip,skip,skip,A,B,B,skip,B,B,B,0.3,turntaking
1067,turntaking,1,A,A,A,B,B,B,A,A,A,B,B,B,A,A,A,B,B,B,A,A,0.65,draw
1067,rotate,2,B,A,B,A,B,A,B,A,B,A,B,A,B,A,B,A,B,A,B,A,0.65,draw
1068,rotate,1,A,B,A,B,A,B,A,B,A,B,A,B,A,B,A,B,A,B,A,B,0.5,draw
1068,turntaking,2,B,B,B,B,B,B,B,B,B,B,B,B,B,B,B,B,B,B,B,B,0.5,draw
1069,random3,1,A,A,A,A,A,A,A,A,A,A,A,A,A,A,A,A,A,A,A,A,1.0,draw
1069,turntaking,2,B,B,B,B,B,B,B,B,B,B,B,B,B,B,B,B,B,B,B,B,1.0,draw
1070,turntaking,1,A,A,A,B,A,A,A,B,A,A,A,B,A,B,A,B,A,A,A,B,0.3,draw
1070,random3,2,A,A,A,B,A,A,A,B,A,B,B,B,B,B,B,B,A,B,B,B,0.3,draw
1071,turntaking,1,A,A,A,A,A,A,A,A,A,A,A,A,A,A,A,A,A,A,A,A,1.0,draw
1071,radicaleq,2,B,B,B,B,B,B,B,B,B,B,B,B,B,B,B,B,B,B,B,B,1.0,draw
1072,radicaleq,1,A,A,A,A,A,A,A,A,A,A,A,A,A,A,A,A,A,A,A,A,1.0,draw
1072,turntaking,2,B,B,B,B,B,B,B,B,B,B,B,B,B,B,B,B,B,B,B,B,1.0,draw
1073,rotate0,1,A,A,A,A,A,A,A,A,A,A,A,A,A,A,A,A,A,A,A,A,1.0,draw
1073,turntaking,2,B,B,B,B,B,B,B,B,B,B,B,B,B,B,B,B,B,B,B,B,1.0,draw
1074,turntaking,1,A,A,A,A,A,A,A,A,A,A,A,A,A,A,A,A,A,A,A,A,1.0,draw
1074,rotate0,2,B,B,B,B,B,B,B,B,B,B,B,B,B,B,B,B,B,B,B,B,1.0,draw
1075,turntaking,1,A,A,A,A,A,A,A,A,A,A,A,A,A,A,A,A,A,A,A,A,1.0,draw
1075,caste,2,B,B,B,B,B,B,B,B,B,B,B,B,B,B,B,B,B,B,B,B,1.0,draw
1076,caste,1,A,A,A,A,A,A,A,A,A,A,A,A,A,A,A,A,A,A,A,A,1.0,draw
1076,turntaking,2,B,B,B,B,B,B,B,B,B,B,B,B,B,B,B,B,B,B,B,B,1.0,draw
1077,equalize,1,A,A,A,A,A,A,A,A,A,A,A,A,A,A,A,A,A,A,A,A,1.0,draw
1077,turntaking,2,B,B,B,B,B,B,B,B,B,B,B,B,B,B,B,B,B,B,B,B,1.0,draw
1078,turntaking,1,A,A,A,A,A,A,A,A,A,A,A,A,A,A,A,A,A,A,A,A,1.0,draw
1078,equalize,2,B,B,B,B,B,B,B,B,B,B,B,B,B,B,B,B,B,B,B,B,1.0,draw
1079,turntaking,1,A,A,A,A,A,A,A,A,A,A,A,A,A,A,A,A,A,A,A,A,1.0,draw
1079,turntaking,2,B,B,B,B,B,B,B,B,B,B,B,B,B,B,B,B,B,B,B,B,1.0,draw
1080,turntaking,1,A,A,A,A,A,A,A,A,A,A,A,A,A,A,A,A,A,A,A,A,1.0,draw
1080,turntaking,2,B,B,B,B,B,B,B,B,B,B,B,B,B,B,B,B,B,B,B,B,1.0,draw
1081,random,1,B,B,skip,A,skip,skip,skip,B,skip,skip,A,skip,B,skip,B,A,skip,B,skip,skip,0.35,draw
1081,random,2,A,A,A,skip,A,skip,B,skip,B,skip,B,B,skip,A,B,B,skip,B,skip,A,0.55,draw
1082,random,1,B,A,skip,skip,A,B,B,skip,skip,skip,B,A,B,skip,A,skip,B,B,skip,A,0.4,draw
1082,random,2,A,A,B,B,skip,B,B,A,A,A,skip,B,A,A,A,skip,skip,A,B,skip,0.55,draw
1083,random,1,B,B,A,skip,B,skip,A,B,skip,A,skip,skip,A,B,B,B,A,skip,A,skip,0.45,rotate
1083,rotate,2,B,A,B,A,B,A,B,A,B,A,B,A,B,A,B,A,B,A,B,A,0.8,rotate
1084,rotate,1,A,B,A,B,A,B,A,B,A,B,A,B,A,B,A,B,A,B,A,B,0.85,rotate
1084,random,2,B,skip,B,A,skip,skip,skip,skip,skip,skip,skip,A,A,skip,B,A,skip,B,B,B,0.35,rotate
1085,rotate,1,A,B,A,B,A,B,A,B,A,B,A,B,A,B,A,B,A,B,A,B,1.0,draw
1085,rotate,2,B,A,B,A,B,A,B,A,B,A,B,A,B,A,B,A,B,A,B,A,1.0,draw
1086,rotate,1,A,B,A,B,A,B,A,B,A,B,A,B,A,B,A,B,A,B,A,B,1.0,draw
1086,rotate,2,B,A,B,A,B,A,B,A,B,A,B,A,B,A,B,A,B,A,B,A,1.0,draw
1087,random3,1,B,A,A,A,A,A,A,A,A,A,A,A,A,A,A,A,A,A,A,B,0.7,random3
1087,random,2,B,skip,skip,B,B,B,skip,B,A,A,skip,skip,A,B,A,skip,B,B,A,skip,0.35,random3
1088,random,1,B,A,skip,B,B,A,A,A,A,skip,skip,B,B,B,B,A,skip,skip,skip,skip,0.4,random3
1088,random3,2,B,B,B,B,B,B,B,B,B,B,B,B,A,A,A,A,B,B,B,B,0.75,random3
1089,rotate,1,A,B,A,B,A,B,A,B,A,B,A,B,A,B,A,B,A,B,A,B,0.4,draw
1089,random3,2,B,B,B,B,B,B,B,B,A,B,B,B,B,B,B,B,A,A,A,B,0.4,draw
1090,random3,1,A,A,A,A,B,B,B,A,B,B,B,B,B,A,A,A,A,A,A,A,0.4,draw
1090,rotate,2,B,A,B,A,B,A,B,A,B,A,B,A,B,A,B,A,B,A,B,A,0.4,draw
1091,random3,1,A,A,A,A,A,A,A,A,A,A,A,A,A,A,A,A,A,A,A,A,0.95,draw
1091,random3,2,A,B,B,B,B,B,B,B,B,B,B,B,B,B,B,B,B,B,B,B,0.95,draw
1092,random3,1,B,B,B,B,B,B,B,B,B,B,B,B,B,B,B,B,B,B,B,B,0.9,draw
1092,random3,2,B,B,A,A,A,A,A,A,A,A,A,A,A,A,A,A,A,A,A,A,0.9,draw
1093,random,1,A,A,A,skip,skip,skip,B,B,skip,B,skip,A,B,A,B,A,B,B,B,A,0.35,radicaleq
1093,radicaleq,2,B,B,B,B,B,B,B,B,B,B,B,B,B,B,B,B,B,B,B,B,0.6,radicaleq
1094,radicaleq,1,A,A,B,A,A,A,A,A,A,A,A,A,A,A,A,A,A,A,A,A,0.75,radicaleq
1094,random,2,B,A,skip,B,A,B,skip,skip,B,B,A,B,B,B,skip,skip,A,B,skip,A,0.45,radicaleq
1095,radicaleq,1,A,A,B,A,B,A,B,A,B,A,B,A,B,A,B,A,B,A,B,A,0.05,draw
1095,rotate,2,B,A,B,A,B,A,B,A,B,A,B,A,B,A,B,A,B,A,B,A,0.05,draw
1096,rotate,1,A,B,A,B,A,B,A,B,A,B,A,B,A,B,A,B,A,B,A,B,0.5,draw
1096,radicaleq,2,B,B,B,B,B,B,B,B,B,B,B,B,B,B,B,B,B,B,B,B,0.5,draw
1097,random3,1,A,A,A,A,A,A,A,A,A,A,A,A,A,A,A,A,A,A,A,A,1.0,draw
1097,radicaleq,2,B,B,B,B,B,B,B,B,B,B,B,B,B,B,B,B,B,B,B,B,1.0,draw
1098,radicaleq,1,A,B,A,A,A,A,A,A,A,A,A,A,A,A,A,A,A,A,A,A,0.9,draw
1098,random3,2,A,B,B,B,B,B,B,B,B,B,B,B,B,B,B,B,B,B,B,B,0.9,draw
1099,radicaleq,1,A,A,A,A,A,A,A,A,A,A,A,A,A,A,A,A,A,A,A,A,1.0,draw
1099,radicaleq,2,B,B,B,B,B,B,B,B,B,B,B,B,B,B,B,B,B,B,B,B,1.0,draw
1100,radicaleq,1,A,A,A,A,A,A,A,A,A,A,A,A,A,A,A,A,A,A,A,A,1.0,draw
1100,radicaleq,2,B,B,B,B,B,B,B,B,B,B,B,B,B,B,B,B,B,B,B,B,1.0,draw
1101,rotate0,1,A,A,A,A,A,A,A,A,A,A,A,A,A,A,A,A,A,A,A,A,0.85,rotate0
1101,random,2,skip,B,skip,skip,skip,B,skip,A,B,A,skip,B,B,skip,skip,B,skip,A,skip,B,0.35,rotate0
1102,random,1,A,A,B,A,B,A,skip,A,B,A,A,skip,A,A,skip,skip,B,skip,A,skip,0.5,rotate0
1102,rotate0,2,B,B,B,B,B,B,B,B,B,B,B,B,B,B,B,B,B,B,B,B,0.8,rotate0
1103,rotate0,1,A,A,A,A,A,A,A,A,A,A,A,A,A,A,A,A,A,A,A,A,0.5,draw
1103,rotate,2,B,A,B,A,B,A,B,A,B,A,B,A,B,A,B,A,B,A,B,A,0.5,draw
1104,rotate,1,A,B,A,B,A,B,A,B,A,B,A,B,A,B,A,B,A,B,A,B,0.5,draw
1104,rotate0,2,B,B,B,B,B,B,B,B,B,B,B,B,B,B,B,B,B,B,B,B,0.5,draw
1105,rotate0,1,A,A,A,A,A,A,A,A,A,A,A,A,A,A,A,A,A,A,A,A,1.0,draw
1105,random3,2,B,B,B,B,B,B,B,B,B,B,B,B,B,B,B,B,B,B,B,B,1.0,draw
1106,random3,1,B,B,B,B,A,A,A,A,A,A,A,A,A,A,A,A,A,A,A,A,0.8,draw
1106,rotate0,2,B,B,B,B,B,B,B,B,B,B,B,B,B,B,B,B,B,B,B,B,0.8,draw
1107,rotate0,1,A,A,A,A,A,A,A,A,A,A,A,A,A,A,A,A,A,A,A,A,1.0,draw
1107,radicaleq,2,B,B,B,B,B,B,B,B,B,B,B,B,B,B,B,B,B,B,B,B,1.0,draw
1108,radicaleq,1,A,A,A,A,A,A,A,A,A,A,A,A,A,A,A,A,A,A,A,A,1.0,draw
1108,rotate0,2,B,B,B,B,B,B,B,B,B,B,B,B,B,B,B,B,B,B,B,B,1.0,draw
1109,rotate0,1,A,A,A,A,A,A,A,A,A,A,A,A,A,A,A,A,A,A,A,A,1.0,draw
1109,rotate0,2,B,B,B,B,B,B,B,B,B,B,B,B,B,B,B,B,B,B,B,B,1.0,draw
1110,rotate0,1,A,A,A,A,A,A,A,A,A,A,A,A,A,A,A,A,A,A,A,A,1.0,draw
1110,rotate0,2,B,B,B,B,B,B,B,B,B,B,B,B,B,B,B,B,B,B,B,B,1.0,draw
1111,caste,1,A,B,B,A,A,B,A,B,B,A,A,A,B,B,B,B,B,B,A,B,0.75,caste
1111,random,2,skip,A,B,skip,skip,skip,A,skip,B,B,skip,A,A,A,A,A,B,skip,skip,skip,0.3,caste
1112,random,1,A,skip,A,skip,skip,skip,A,B,A,A,skip,B,skip,skip,A,A,B,B,A,A,0.3,caste
1112,caste,2,B,B,A,B,A,B,A,B,A,B,B,B,A,A,B,B,B,A,A,B,0.65,caste
1113,rotate,1,A,B,A,B,A,B,A,B,A,B,A,B,A,B,A,B,A,B,A,B,0.1,draw
1113,caste,2,B,B,A,A,A,B,A,B,A,B,A,B,A,B,A,B,A,B,A,B,0.1,draw
1114,caste,1,A,A,B,A,B,A,B,A,B,A,B,A,B,A,B,A,B,A,B,A,0.05,draw
1114,rotate,2,B,A,B,A,B,A,B,A,B,A,B,A,B,A,B,A,B,A,B,A,0.05,draw
1115,caste,1,A,A,A,A,A,A,A,A,A,A,A,A,A,A,A,A,A,A,A,A,1.0,draw
1115,random3,2,B,B,B,B,B,B,B,B,B,B,B,B,B,B,B,B,B,B,B,B,1.0,draw
1116,random3,1,B,A,B,B,B,B,B,B,B,B,A,B,B,B,B,B,B,B,A,A,0.5,draw
1116,caste,2,B,A,A,B,A,A,B,A,A,B,A,A,A,A,B,A,A,B,A,A,0.5,draw
1117,radicaleq,1,A,A,A,A,A,A,A,A,A,A,A,A,A,A,A,A,A,A,A,A,1.0,draw
1117,caste,2,B,B,B,B,B,B,B,B,B,B,B,B,B,B,B,B,B,B,B,B,1.0,draw
1118,caste,1,A,A,A,A,A,A,A,A,A,A,A,A,A,A,A,A,A,A,A,A,1.0,draw
1118,radicaleq,2,B,B,B,B,B,B,B,B,B,B,B,B,B,B,B,B,B,B,B,B,1.0,draw
1119,caste,1,A,A,A,A,A,A,A,A,A,A,A,A,A,A,A,A,A,A,A,A,1.0,draw
1119,rotate0,2,B,B,B,B,B,B,B,B,B,B,B,B,B,B,B,B,B,B,B,B,1.0,draw
1120,rotate0,1,A,A,A,A,A,A,A,A,A,A,A,A,A,A,A,A,A,A,A,A,1.0,draw
1120,caste,2,B,B,B,B,B,B,B,B,B,B,B,B,B,B,B,B,B,B,B,B,1.0,draw
1121,caste,1,A,A,A,A,A,A,A,A,A,A,A,A,A,A,A,A,A,A,A,A,1.0,draw
1121,caste,2,B,B,B,B,B,B,B,B,B,B,B,B,B,B,B,B,B,B,B,B,1.0,draw
1122,caste,1,A,A,A,A,A,A,A,A,A,A,A,A,A,A,A,A,A,A,A,A,1.0,draw
1122,caste,2,B,B,B,B,B,B,B,B,B,B,B,B,B,B,B,B,B,B,B,B,1.0,draw
1123,equalize,1,A,B,A,B,B,B,A,A,A,B,A,A,B,B,A,A,B,A,A,A,0.65,equalize
1123,random,2,skip,A,A,skip,B,B,B,A,skip,B,skip,skip,A,B,B,A,skip,B,B,skip,0.3,equalize
1124,random,1,B,B,B,skip,skip,skip,skip,B,A,A,B,skip,A,skip,skip,A,A,B,B,A,0.2,equalize
1124,equalize,2,B,A,B,A,A,A,A,B,A,B,B,A,A,B,B,A,B,B,A,A,0.55,equalize
1125,rotate,1,A,B,A,B,A,B,A,B,A,B,A,B,A,B,A,B,A,B,A,B,0.1,draw
1125,equalize,2,B,B,A,A,A,B,A,B,A,B,A,B,A,B,A,B,A,B,A,B,0.1,draw
1126,equalize,1,A,A,B,A,B,A,B,A,B,A,B,A,B,A,B,A,B,A,B,A,0.05,draw
1126,rotate,2,B,A,B,A,B,A,B,A,B,A,B,A,B,A,B,A,B,A,B,A,0.05,draw
1127,equalize,1,A,B,B,B,B,B,B,B,B,B,B,B,B,B,B,B,B,B,B,B,0.95,draw
1127,random3,2,A,A,A,A,A,A,A,A,A,A,A,A,A,A,A,A,A,A,A,A,0.95,draw
1128,random3,1,B,B,B,B,B,B,B,B,B,A,A,A,A,A,A,A,A,B,B,A,0.4,draw
1128,equalize,2,B,A,B,A,A,B,A,A,B,A,A,A,A,B,B,B,A,B,B,A,0.4,draw
1129,radicaleq,1,A,A,A,A,A,A,A,A,A,A,A,A,A,A,A,A,A,A,A,A,1.0,draw
1129,equalize,2,B,B,B,B,B,B,B,B,B,B,B,B,B,B,B,B,B,B,B,B,1.0,draw
1130,equalize,1,A,A,A,A,A,A,A,A,A,A,A,A,A,A,A,A,A,A,A,A,1.0,draw
1130,radicaleq,2,B,B,B,B,B,B,B,B,B,B,B,B,B,B,B,B,B,B,B,B,1.0,draw
1131,equalize,1,A,A,A,A,A,A,A,A,A,A,A,A,A,A,A,A,A,A,A,A,1.0,draw
1131,rotate0,2,B,B,B,B,B,B,B,B,B,B,B,B,B,B,B,B,B,B,B,B,1.0,draw
1132,rotate0,1,A,A,A,A,A,A,A,A,A,A,A,A,A,A,A,A,A,A,A,A,1.0,draw
1132,equalize,2,B,B,B,B,B,B,B,B,B,B,B,B,B,B,B,B,B,B,B,B,1.0,draw
1133,caste,1,A,A,A,A,A,A,A,A,A,A,A,A,A,A,A,A,A,A,A,A,1.0,draw
1133,equalize,2,B,B,B,B,B,B,B,B,B,B,B,B,B,B,B,B,B,B,B,B,1.0,draw
1134,equalize,1,A,A,A,A,A,A,A,A,A,A,A,A,A,A,A,A,A,A,A,A,1.0,draw
1134,caste,2,B,B,B,B,B,B,B,B,B,B,B,B,B,B,B,B,B,B,B,B,1.0,draw
1135,equalize,1,A,A,A,A,A,A,A,A,A,A,A,A,A,A,A,A,A,A,A,A,1.0,draw
1135,equalize,2,B,B,B,B,B,B,B,B,B,B,B,B,B,B,B,B,B,B,B,B,1.0,draw
1136,equalize,1,A,A,A,A,A,A,A,A,A,A,A,A,A,A,A,A,A,A,A,A,1.0,draw
1136,equalize,2,B,B,B,B,B,B,B,B,B,B,B,B,B,B,B,B,B,B,B,B,1.0,draw
1137,random,1,skip,A,A,B,A,skip,skip,skip,B,A,A,A,A,A,A,A,A,B,B,skip,0.45,turntaking
1137,turntaking,2,B,B,A,A,B,B,B,B,B,B,B,A,B,A,B,A,A,A,A,B,0.7,turntaking
1138,turntaking,1,A,A,A,A,A,A,A,B,A,A,A,A,A,A,B,B,B,B,B,A,0.75,turntaking
1138,random,2,A,A,skip,skip,A,B,B,skip,skip,skip,B,A,B,B,A,A,A,A,B,B,0.5,turntaking
1139,turntaking,1,A,A,A,B,B,B,A,A,A,B,B,B,A,A,A,B,B,B,A,A,0.65,draw
1139,rotate,2,B,A,B,A,B,A,B,A,B,A,B,A,B,A,B,A,B,A,B,A,0.65,draw
1140,rotate,1,A,B,A,B,A,B,A,B,A,B,A,B,A,B,A,B,A,B,A,B,0.5,draw
1140,turntaking,2,B,B,B,B,B,B,B,B,B,B,B,B,B,B,B,B,B,B,B,B,0.5,draw
1141,random3,1,A,A,A,A,A,A,A,A,A,A,A,A,A,A,A,A,A,A,A,A,1.0,draw
1141,turntaking,2,B,B,B,B,B,B,B,B,B,B,B,B,B,B,B,B,B,B,B,B,1.0,draw
1142,turntaking,1,A,A,A,A,A,A,A,A,A,A,A,A,A,A,A,A,A,A,A,A,1.0,draw
1142,random3,2,B,B,B,B,B,B,B,B,B,B,B,B,B,B,B,B,B,B,B,B,1.0,draw
1143,turntaking,1,A,A,A,A,A,A,A,A,A,A,A,A,A,A,A,A,A,A,A,A,1.0,draw
1143,radicaleq,2,B,B,B,B,B,B,B,B,B,B,B,B,B,B,B,B,B,B,B,B,1.0,draw
1144,radicaleq,1,A,A,A,A,A,A,A,A,A,A,A,A,A,A,A,A,A,A,A,A,1.0,draw
1144,turntaking,2,B,B,B,B,B,B,B,B,B,B,B,B,B,B,B,B,B,B,B,B,1.0,draw
1145,rotate0,1,A,A,A,A,A,A,A,A,A,A,A,A,A,A,A,A,A,A,A,A,1.0,draw
1145,turntaking,2,B,B,B,B,B,B,B,B,B,B,B,B,B,B,B,B,B,B,B,B,1.0,draw
1146,turntaking,1,A,A,A,A,A,A,A,A,A,A,A,A,A,A,A,A,A,A,A,A,1.0,draw
1146,rotate0,2,B,B,B,B,B,B,B,B,B,B,B,B,B,B,B,B,B,B,B,B,1.0,draw
1147,turntaking,1,A,A,A,A,A,A,A,A,A,A,A,A,A,A,A,A,A,A,A,A,1.0,draw
1147,caste,2,B,B,B,B,B,B,B,B,B,B,B,B,B,B,B,B,B,B,B,B,1.0,draw
1148,caste,1,A,A,A,A,A,A,A,A,A,A,A,A,A,A,A,A,A,A,A,A,1.0,draw
1148,turntaking,2,B,B,B,B,B,B,B,B,B,B,B,B,B,B,B,B,B,B,B,B,1.0,draw
1149,equalize,1,A,A,A,A,A,A,A,A,A,A,A,A,A,A,A,A,A,A,A,A,1.0,draw
1149,turntaking,2,B,B,B,B,B,B,B,B,B,B,B,B,B,B,B,B,B,B,B,B,1.0,draw
1150,turntaking,1,A,A,A,A,A,A,A,A,A,A,A,A,A,A,A,A,A,A,A,A,1.0,draw
1150,equalize,2,B,B,B,B,B,B,B,B,B,B,B,B,B,B,B,B,B,B,B,B,1.0,draw
1151,turntaking,1,A,A,A,A,A,A,A,A,A,A,A,A,A,A,A,A,A,A,A,A,1.0,draw
1151,turntaking,2,B,B,B,B,B,B,B,B,B,B,B,B,B,B,B,B,B,B,B,B,1.0,draw
1152,turntaking,1,A,A,A,A,A,A,A,A,A,A,A,A,A,A,A,A,A,A,A,A,1.0,draw
1152,turntaking,2,B,B,B,B,B,B,B,B,B,B,B,B,B,B,B,B,B,B,B,B,1.0,draw
1153,random,1,B,skip,B,B,skip,B,B,skip,A,A,A,skip,B,B,skip,A,B,B,A,A,0.35,draw
1153,random,2,B,A,B,B,A,skip,A,A,A,skip,skip,B,A,B,skip,skip,B,B,skip,A,0.3,draw
1154,random,1,skip,A,skip,B,skip,A,B,A,B,skip,A,B,B,B,B,B,A,B,skip,A,0.45,draw
1154,random,2,B,A,B,B,A,B,B,B,skip,A,B,A,B,A,A,A,A,A,A,A,0.65,draw
1155,random,1,B,skip,skip,A,B,skip,A,B,B,skip,skip,B,A,B,B,skip,B,skip,skip,B,0.3,rotate
1155,rotate,2,B,A,B,A,B,A,B,A,B,A,B,A,B,A,B,A,B,A,B,A,0.7,rotate
1156,rotate,1,A,B,A,B,A,B,A,B,A,B,A,B,A,B,A,B,A,B,A,B,0.7,rotate
1156,random,2,B,B,skip,skip,B,B,B,B,A,skip,skip,B,skip,A,B,skip,skip,A,B,B,0.35,rotate
1157,rotate,1,A,B,A,B,A,B,A,B,A,B,A,B,A,B,A,B,A,B,A,B,1.0,draw
1157,rotate,2,B,A,B,A,B,A,B,A,B,A,B,A,B,A,B,A,B,A,B,A,1.0,draw
1158,rotate,1,A,B,A,B,A,B,A,B,A,B,A,B,A,B,A,B,A,B,A,B,1.0,draw
1158,rotate,2,B,A,B,A,B,A,B,A,B,A,B,A,B,A,B,A,B,A,B,A,1.0,draw
1159,random3,1,A,A,A,A,A,B,B,B,B,B,B,B,B,B,B,B,B,B,B,B,0.7,random3
1159,random,2,B,B,A,A,A,B,A,A,A,skip,B,skip,skip,skip,skip,A,B,A,skip,A,0.4,random3
1160,random,1,B,A,A,A,skip,skip,B,A,skip,A,B,A,A,skip,skip,B,A,B,B,A,0.4,random3
1160,random3,2,A,A,A,B,B,B,B,B,B,B,B,B,B,B,B,B,B,B,A,A,0.65,random3
1161,rotate,1,A,B,A,B,A,B,A,B,A,B,A,B,A,B,A,B,A,B,A,B,0.4,draw
1161,random3,2,A,B,B,B,B,B,B,B,B,B,B,B,B,B,A,B,B,B,A,A,0.4,draw
1162,random3,1,B,B,B,B,B,B,B,B,B,B,B,B,B,A,B,A,B,B,B,B,0.4,draw
1162,rotate,2,B,A,B,A,B,A,B,A,B,A,B,A,B,A,B,A,B,A,B,A,0.4,draw
1163,random3,1,A,A,A,A,A,A,A,A,A,A,A,A,A,A,A,A,A,A,A,A,0.95,draw
1163,random3,2,A,B,B,B,B,B,B,B,B,B,B,B,B,B,B,B,B,B,B,B,0.95,draw
1164,random3,1,B,B,B,B,B,B,B,B,B,B,B,B,B,B,B,B,B,B,B,B,1.0,draw
1164,random3,2,A,A,A,A,A,A,A,A,A,A,A,A,A,A,A,A,A,A,A,A,1.0,draw
1165,random,1,B,B,skip,skip,B,skip,B,B,skip,A,A,A,B,B,skip,A,skip,skip,A,A,0.3,radicaleq
1165,radicaleq,2,B,B,B,B,B,B,B,B,B,B,B,B,B,B,B,B,B,B,B,B,0.65,radicaleq
1166,radicaleq,1,A,A,B,A,A,A,A,A,A,A,A,A,A,A,A,A,A,A,A,A,0.65,radicaleq
1166,random,2,B,A,skip,A,skip,B,B,A,skip,A,skip,B,B,B,A,A,skip,B,A,B,0.4,radicaleq
1167,radicaleq,1,A,A,B,A,B,A,B,A,B,A,B,A,B,A,B,A,B,A,B,A,0.05,draw
1167,rotate,2,B,A,B,A,B,A,B,A,B,A,B,A,B,A,B,A,B,A,B,A,0.05,draw
1168,rotate,1,A,B,A,B,A,B,A,B,A,B,A,B,A,B,A,B,A,B,A,B,0.5,draw
1168,radicaleq,2,B,B,B,B,B,B,B,B,B,B,B,B,B,B,B,B,B,B,B,B,0.5,draw
1169,random3,1,A,A,A,A,A,A,A,A,A,A,A,A,A,A,A,A,A,A,A,A,1.0,draw
1169,radicaleq,2,B,B,B,B,B,B,B,B,B,B,B,B,B,B,B,B,B,B,B,B,1.0,draw
1170,radicaleq,1,A,A,A,A,A,A,A,A,A,A,A,A,A,A,A,A,A,A,A,A,1.0,draw
1170,random3,2,B,B,B,B,B,B,B,B,B,B,B,B,B,B,B,B,B,B,B,B,1.0,draw
1171,radicaleq,1,A,A,A,A,A,A,A,A,A,A,A,A,A,A,A,A,A,A,A,A,1.0,draw
1171,radicaleq,2,B,B,B,B,B,B,B,B,B,B,B,B,B,B,B,B,B,B,B,B,1.0,draw
1172,radicaleq,1,A,A,A,A,A,A,A,A,A,A,A,A,A,A,A,A,A,A,A,A,1.0,draw
1172,radicaleq,2,B,B,B,B,B,B,B,B,B,B,B,B,B,B,B,B,B,B,B,B,1.0,draw
1173,rotate0,1,A,A,A,A,A,A,A,A,A,A,A,A,A,A,A,A,A,A,A,A,0.7,rotate0
1173,random,2,A,B,A,A,A,B,skip,B,skip,A,skip,B,A,B,B,skip,B,skip,B,skip,0.4,rotate0
1174,random,1,skip,B,A,B,A,B,skip,B,B,A,skip,A,A,A,A,skip,skip,A,skip,A,0.45,rotate0
1174,rotate0,2,B,B,B,B,B,B,B,B,B,B,B,B,B,B,B,B,B,B,B,B,0.75,rotate0
1175,rotate0,1,A,A,A,A,A,A,A,A,A,A,A,A,A,A,A,A,A,A,A,A,0.5,draw
1175,rotate,2,B,A,B,A,B,A,B,A,B,A,B,A,B,A,B,A,B,A,B,A,0.5,draw
1176,rotate,1,A,B,A,B,A,B,A,B,A,B,A,B,A,B,A,B,A,B,A,B,0.5,draw
1176,rotate0,2,B,B,B,B,B,B,B,B,B,B,B,B,B,B,B,B,B,B,B,B,0.5,draw
1177,rotate0,1,A,A,A,A,A,A,A,A,A,A,A,A,A,A,A,A,A,A,A,A,1.0,draw
1177,random3,2,B,B,B,B,B,B,B,B,B,B,B,B,B,B,B,B,B,B,B,B,1.0,draw
1178,random3,1,B,A,A,A,A,A,A,A,A,A,A,A,A,A,A,A,A,A,A,A,0.95,draw
1178,rotate0,2,B,B,B,B,B,B,B,B,B,B,B,B,B,B,B,B,B,B,B,B,0.95,draw
1179,rotate0,1,A,A,A,A,A,A,A,A,A,A,A,A,A,A,A,A,A,A,A,A,1.0,draw
1179,radicaleq,2,B,B,B,B,B,B,B,B,B,B,B,B,B,B,B,B,B,B,B,B,1.0,draw
1180,radicaleq,1,A,A,A,A,A,A,A,A,A,A,A,A,A,A,A,A,A,A,A,A,1.0,draw
1180,rotate0,2,B,B,B,B,B,B,B,B,B,B,B,B,B,B,B,B,B,B,B,B,1.0,draw
1181,rotate0,1,A,A,A,A,A,A,A,A,A,A,A,A,A,A,A,A,A,A,A,A,1.0,draw
1181,rotate0,2,B,B,B,B,B,B,B,B,B,B,B,B,B,B,B,B,B,B,B,B,1.0,draw
1182,rotate0,1,A,A,A,A,A,A,A,A,A,A,A,A,A,A,A,A,A,A,A,A,1.0,draw
1182,rotate0,2,B,B,B,B,B,B,B,B,B,B,B,B,B,B,B,B,B,B,B,B,1.0,draw
1183,caste,1,A,A,B,B,A,A,B,B,A,A,A,A,A,A,A,B,B,B,A,A,0.75,caste
1183,random,2,B,skip,A,B,B,A,A,B,skip,B,B,B,B,B,A,A,skip,B,skip,B,0.55,caste
1184,random,1,B,A,A,A,B,skip,skip,B,B,A,B,A,A,A,B,B,B,skip,A,skip,0.45,caste
1184,caste,2,B,A,A,B,B,A,B,A,A,B,A,B,A,B,B,A,A,B,A,B,0.65,caste
1185,rotate,1,A,B,A,B,A,B,A,B,A,B,A,B,A,B,A,B,A,B,A,B,0.1,draw
1185,caste,2,B,B,A,A,A,B,A,B,A,B,A,B,A,B,A,B,A,B,A,B,0.1,draw
1186,caste,1,A,A,B,A,B,A,B,A,B,A,B,A,B,A,B,A,B,A,B,A,0.05,draw
1186,rotate,2,B,A,B,A,B,A,B,A,B,A,B,A,B,A,B,A,B,A,B,A,0.05,draw
1187,caste,1,A,A,A,A,A,A,A,A,A,A,A,A,A,A,A,A,A,A,A,A,1.0,draw
1187,random3,2,B,B,B,B,B,B,B,B,B,B,B,B,B,B,B,B,B,B,B,B,1.0,draw
1188,random3,1,B,B,B,B,B,B,B,B,B,B,B,B,A,B,B,B,B,B,B,B,0.6,draw
1188,caste,2,B,A,B,A,A,B,A,A,B,A,A,B,A,A,A,A,B,A,A,B,0.6,draw
1189,radicaleq,1,A,A,A,A,A,A,A,A,A,A,A,A,A,A,A,A,A,A,A,A,1.0,draw
1189,caste,2,B,B,B,B,B,B,B,B,B,B,B,B,B,B,B,B,B,B,B,B,1.0,draw
1190,caste,1,A,A,A,A,A,A,A,A,A,A,A,A,A,A,A,A,A,A,A,A,1.0,draw
1190,radicaleq,2,B,B,B,B,B,B,B,B,B,B,B,B,B,B,B,B,B,B,B,B,1.0,draw
1191,caste,1,A,A,A,A,A,A,A,A,A,A,A,A,A,A,A,A,A,A,A,A,1.0,draw
1191,rotate0,2,B,B,B,B,B,B,B,B,B,B,B,B,B,B,B,B,B,B,B,B,1.0,draw
1192,rotate0,1,A,A,A,A,A,A,A,A,A,A,A,A,A,A,A,A,A,A,A,A,1.0,draw
1192,caste,2,B,B,B,B,B,B,B,B,B,B,B,B,B,B,B,B,B,B,B,B,1.0,draw
1193,caste,1,A,A,A,A,A,A,A,A,A,A,A,A,A,A,A,A,A,A,A,A,1.0,draw
1193,caste,2,B,B,B,B,B,B,B,B,B,B,B,B,B,B,B,B,B,B,B,B,1.0,draw
1194,caste,1,A,A,A,A,A,A,A,A,A,A,A,A,A,A,A,A,A,A,A,A,1.0,draw
1194,caste,2,B,B,B,B,B,B,B,B,B,B,B,B,B,B,B,B,B,B,B,B,1.0,draw
1195,equalize,1,A,B,B,B,A,B,A,A,A,B,A,B,B,B,B,B,B,A,A,B,0.7,equalize
1195,random,2,A,A,skip,B,skip,B,B,A,skip,skip,A,A,skip,A,skip,A,skip,B,A,skip,0.3,equalize
1196,random,1,skip,B,A,A,A,B,A,B,skip,B,skip,B,B,A,B,A,skip,A,B,skip,0.45,equalize
1196,equalize,2,B,A,B,B,B,B,A,A,A,A,A,B,A,A,B,A,B,B,A,B,0.7,equalize
1197,rotate,1,A,B,A,B,A,B,A,B,A,B,A,B,A,B,A,B,A,B,A,B,0.1,draw
1197,equalize,2,B,B,A,A,A,B,A,B,A,B,A,B,A,B,A,B,A,B,A,B,0.1,draw
1198,equalize,1,A,A,B,A,B,A,B,A,B,A,B,A,B,A,B,A,B,A,B,A,0.05,draw
1198,rotate,2,B,A,B,A,B,A,B,A,B,A,B,A,B,A,B,A,B,A,B,A,0.05,draw
1199,equalize,1,A,A,A,A,A,A,A,A,A,A,A,A,A,A,A,A,A,A,A,A,1.0,draw
1199,random3,2,B,B,B,B,B,B,B,B,B,B,B,B,B,B,B,B,B,B,B,B,1.0,draw
1200,random3,1,B,B,B,B,B,B,A,A,A,A,A,A,A,A,A,A,A,A,A,A,0.7,draw
1200,equalize,2,B,A,B,A,A,B,A,A,A,B,B,B,B,B,B,B,B,B,B,B,0.7,draw
1201,radicaleq,1,A,A,A,A,A,A,A,A,A,A,A,A,A,A,A,A,A,A,A,A,1.0,draw
1201,equalize,2,B,B,B,B,B,B,B,B,B,B,B,B,B,B,B,B,B,B,B,B,1.0,draw
1202,equalize,1,A,A,A,A,A,A,A,A,A,A,A,A,A,A,A,A,A,A,A,A,1.0,draw
1202,radicaleq,2,B,B,B,B,B,B,B,B,B,B,B,B,B,B,B,B,B,B,B,B,1.0,draw
1203,equalize,1,A,A,A,A,A,A,A,A,A,A,A,A,A,A,A,A,A,A,A,A,1.0,draw
1203,rotate0,2,B,B,B,B,B,B,B,B,B,B,B,B,B,B,B,B,B,B,B,B,1.0,draw
1204,rotate0,1,A,A,A,A,A,A,A,A,A,A,A,A,A,A,A,A,A,A,A,A,1.0,draw
1204,equalize,2,B,B,B,B,B,B,B,B,B,B,B,B,B,B,B,B,B,B,B,B,1.0,draw
1205,caste,1,A,A,A,A,A,A,A,A,A,A,A,A,A,A,A,A,A,A,A,A,1.0,draw
1205,equalize,2,B,B,B,B,B,B,B,B,B,B,B,B,B,B,B,B,B,B,B,B,1.0,draw
1206,equalize,1,A,A,A,A,A,A,A,A,A,A,A,A,A,A,A,A,A,A,A,A,1.0,draw
1206,caste,2,B,B,B,B,B,B,B,B,B,B,B,B,B,B,B,B,B,B,B,B,1.0,draw
1207,equalize,1,A,A,A,A,A,A,A,A,A,A,A,A,A,A,A,A,A,A,A,A,1.0,draw
1207,equalize,2,B,B,B,B,B,B,B,B,B,B,B,B,B,B,B,B,B,B,B,B,1.0,draw
1208,equalize,1,A,A,A,A,A,A,A,A,A,A,A,A,A,A,A,A,A,A,A,A,1.0,draw
1208,equalize,2,B,B,B,B,B,B,B,B,B,B,B,B,B,B,B,B,B,B,B,B,1.0,draw
1209,random,1,A,B,A,B,B,skip,B,A,B,A,skip,A,A,skip,skip,skip,B,skip,A,skip,0.3,turntaking
1209,turntaking,2,B,B,B,B,B,B,B,B,B,B,B,B,A,B,B,B,B,B,B,B,0.65,turntaking
1210,turntaking,1,A,A,B,B,B,B,B,A,A,A,A,A,A,B,B,A,A,A,A,A,0.75,turntaking
1210,random,2,A,B,A,A,A,A,skip,skip,A,B,A,B,B,A,skip,skip,skip,A,A,skip,0.45,turntaking
1211,turntaking,1,A,A,A,B,B,B,A,A,A,B,B,B,A,A,A,B,B,B,A,A,0.65,draw
1211,rotate,2,B,A,B,A,B,A,B,A,B,A,B,A,B,A,B,A,B,A,B,A,0.65,draw
1212,rotate,1,A,B,A,B,A,B,A,B,A,B,A,B,A,B,A,B,A,B,A,B,0.5,draw
1212,turntaking,2,B,B,B,B,B,B,B,B,B,B,B,B,B,B,B,B,B,B,B,B,0.5,draw
1213,random3,1,B,A,A,A,A,A,A,A,A,A,A,A,A,A,A,A,A,A,A,A,0.95,draw
1213,turntaking,2,B,B,B,B,B,B,B,B,B,B,B,B,B,B,B,B,B,B,B,B,0.95,draw
1214,turntaking,1,A,A,A,A,A,A,A,A,A,A,A,A,A,A,A,A,A,A,A,A,1.0,draw
1214,random3,2,B,B,B,B,B,B,B,B,B,B,B,B,B,B,B,B,B,B,B,B,1.0,draw
1215,turntaking,1,A,A,A,A,A,A,A,A,A,A,A,A,A,A,A,A,A,A,A,A,1.0,draw
1215,radicaleq,2,B,B,B,B,B,B,B,B,B,B,B,B,B,B,B,B,B,B,B,B,1.0,draw
1216,radicaleq,1,A,A,A,A,A,A,A,A,A,A,A,A,A,A,A,A,A,A,A,A,1.0,draw
1216,turntaking,2,B,B,B,B,B,B,B,B,B,B,B,B,B,B,B,B,B,B,B,B,1.0,draw
1217,rotate0,1,A,A,A,A,A,A,A,A,A,A,A,A,A,A,A,A,A,A,A,A,1.0,draw
1217,turntaking,2,B,B,B,B,B,B,B,B,B,B,B,B,B,B,B,B,B,B,B,B,1.0,draw
1218,turntaking,1,A,A,A,A,A,A,A,A,A,A,A,A,A,A,A,A,A,A,A,A,1.0,draw
1218,rotate0,2,B,B,B,B,B,B,B,B,B,B,B,B,B,B,B,B,B,B,B,B,1.0,draw
1219,turntaking,1,A,A,A,A,A,A,A,A,A,A,A,A,A,A,A,A,A,A,A,A,1.0,draw
1219,caste,2,B,B,B,B,B,B,B,B,B,B,B,B,B,B,B,B,B,B,B,B,1.0,draw
1220,caste,1,A,A,A,A,A,A,A,A,A,A,A,A,A,A,A,A,A,A,A,A,1.0,draw
1220,turntaking,2,B,B,B,B,B,B,B,B,B,B,B,B,B,B,B,B,B,B,B,B,1.0,draw
1221,equalize,1,A,A,A,A,A,A,A,A,A,A,A,A,A,A,A,A,A,A,A,A,1.0,draw
1221,turntaking,2,B,B,B,B,B,B,B,B,B,B,B,B,B,B,B,B,B,B,B,B,1.0,draw
1222,turntaking,1,A,A,A,A,A,A,A,A,A,A,A,A,A,A,A,A,A,A,A,A,1.0,draw
1222,equalize,2,B,B,B,B,B,B,B,B,B,B,B,B,B,B,B,B,B,B,B,B,1.0,draw
1223,turntaking,1,A,A,A,A,A,A,A,A,A,A,A,A,A,A,A,A,A,A,A,A,1.0,draw
1223,turntaking,2,B,B,B,B,B,B,B,B,B,B,B,B,B,B,B,B,B,B,B,B,1.0,draw
1224,turntaking,1,A,A,A,A,A,A,A,A,A,A,A,A,A,A,A,A,A,A,A,A,1.0,draw
1224,turntaking,2,B,B,B,B,B,B,B,B,B,B,B,B,B,B,B,B,B,B,B,B,1.0,draw
1225,random,1,A,skip,A,A,skip,A,A,skip,B,A,skip,skip,A,skip,A,skip,B,B,skip,skip,0.45,draw
1225,random,2,B,A,B,A,A,B,skip,A,skip,skip,A,skip,B,skip,A,A,A,A,B,B,0.65,draw
1226,random,1,skip,A,B,B,B,skip,B,A,B,A,A,A,A,skip,skip,skip,B,B,B,B,0.5,draw
1226,random,2,skip,B,A,B,skip,B,A,B,A,B,B,skip,A,B,A,A,B,B,A,B,0.6,draw
1227,random,1,A,skip,A,skip,skip,B,A,skip,B,B,skip,skip,B,A,skip,B,A,B,A,A,0.45,rotate
1227,rotate,2,B,A,B,A,B,A,B,A,B,A,B,A,B,A,B,A,B,A,B,A,0.8,rotate
1228,rotate,1,A,B,A,B,A,B,A,B,A,B,A,B,A,B,A,B,A,B,A,B,0.55,rotate
1228,random,2,A,B,A,A,B,A,A,A,skip,skip,A,B,B,B,B,skip,A,skip,skip,B,0.3,rotate
1229,rotate,1,A,B,A,B,A,B,A,B,A,B,A,B,A,B,A,B,A,B,A,B,1.0,draw
1229,rotate,2,B,A,B,A,B,A,B,A,B,A,B,A,B,A,B,A,B,A,B,A,1.0,draw
1230,rotate,1,A,B,A,B,A,B,A,B,A,B,A,B,A,B,A,B,A,B,A,B,1.0,draw
1230,rotate,2,B,A,B,A,B,A,B,A,B,A,B,A,B,A,B,A,B,A,B,A,1.0,draw
1231,random3,1,B,B,B,B,A,A,A,A,A,A,A,A,A,A,A,A,A,A,A,A,0.85,random3
1231,random,2,B,skip,A,B,B,A,skip,skip,skip,B,B,B,B,skip,B,skip,B,skip,B,B,0.5,random3
1232,random,1,A,skip,skip,A,skip,skip,skip,B,A,B,A,skip,A,A,A,B,B,B,skip,A,0.25,random3
1232,random3,2,A,A,A,A,A,A,A,A,A,A,A,A,A,B,B,B,B,B,B,B,0.6,random3
1233,rotate,1,A,B,A,B,A,B,A,B,A,B,A,B,A,B,A,B,A,B,A,B,0.4,draw
1233,random3,2,A,A,A,A,A,B,B,B,B,B,B,B,A,A,A,B,B,B,B,B,0.4,draw
1234,random3,1,A,A,B,A,A,A,B,B,B,B,B,B,B,A,B,B,B,A,B,A,0.3,draw
1234,rotate,2,B,A,B,A,B,A,B,A,B,A,B,A,B,A,B,A,B,A,B,A,0.3,draw
1235,random3,1,A,A,A,A,A,A,A,A,A,A,A,A,A,A,A,A,A,A,A,A,1.0,draw
1235,random3,2,B,B,B,B,B,B,B,B,B,B,B,B,B,B,B,B,B,B,B,B,1.0,draw
1236,random3,1,A,A,A,A,A,A,A,A,A,A,A,A,A,A,A,A,A,A,A,A,1.0,draw
1236,random3,2,B,B,B,B,B,B,B,B,B,B,B,B,B,B,B,B,B,B,B,B,1.0,draw
1237,random,1,B,skip,B,skip,B,B,skip,A,A,skip,A,B,B,B,A,B,B,skip,B,skip,0.2,radicaleq
1237,radicaleq,2,B,B,B,B,B,B,B,B,B,B,B,B,B,B,B,B,B,B,B,B,0.5,radicaleq
1238,radicaleq,1,A,B,A,A,A,A,A,A,A,A,A,A,A,A,A,A,A,A,A,A,0.65,radicaleq
1238,random,2,A,skip,B,skip,A,skip,skip,A,B,B,skip,B,B,A,skip,A,A,B,skip,A,0.3,radicaleq
1239,radicaleq,1,A,A,B,A,B,A,B,A,B,A,B,A,B,A,B,A,B,A,B,A,0.05,draw
1239,rotate,2,B,A,B,A,B,A,B,A,B,A,B,A,B,A,B,A,B,A,B,A,0.05,draw
1240,rotate,1,A,B,A,B,A,B,A,B,A,B,A,B,A,B,A,B,A,B,A,B,0.5,draw
1240,radicaleq,2,B,B,B,B,B,B,B,B,B,B,B,B,B,B,B,B,B,B,B,B,0.5,draw
1241,random3,1,B,A,A,A,A,A,A,A,A,A,A,A,A,A,A,A,A,A,A,A,0.95,draw
1241,radicaleq,2,B,B,B,B,B,B,B,B,B,B,B,B,B,B,B,B,B,B,B,B,0.95,draw
1242,radicaleq,1,A,A,A,A,A,A,A,A,A,A,A,A,A,A,A,A,A,A,A,A,1.0,draw
1242,random3,2,B,B,B,B,B,B,B,B,B,B,B,B,B,B,B,B,B,B,B,B,1.0,draw
1243,radicaleq,1,A,A,A,A,A,A,A,A,A,A,A,A,A,A,A,A,A,A,A,A,1.0,draw
1243,radicaleq,2,B,B,B,B,B,B,B,B,B,B,B,B,B,B,B,B,B,B,B,B,1.0,draw
1244,radicaleq,1,A,A,A,A,A,A,A,A,A,A,A,A,A,A,A,A,A,A,A,A,1.0,draw
1244,radicaleq,2,B,B,B,B,B,B,B,B,B,B,B,B,B,B,B,B,B,B,B,B,1.0,draw
1245,rotate0,1,A,A,A,A,A,A,A,A,A,A,A,A,A,A,A,A,A,A,A,A,0.75,rotate0
1245,random,2,A,B,B,skip,B,B,skip,B,B,B,skip,B,A,skip,skip,A,A,A,B,skip,0.45,rotate0
1246,random,1,B,skip,A,B,A,B,skip,skip,skip,B,B,A,B,A,B,A,B,skip,skip,B,0.25,rotate0
1246,rotate0,2,B,B,B,B,B,B,B,B,B,B,B,B,B,B,B,B,B,B,B,B,0.55,rotate0
1247,rotate0,1,A,A,A,A,A,A,A,A,A,A,A,A,A,A,A,A,A,A,A,A,0.5,draw
1247,rotate,2,B,A,B,A,B,A,B,A,B,A,B,A,B,A,B,A,B,A,B,A,0.5,draw
1248,rotate,1,A,B,A,B,A,B,A,B,A,B,A,B,A,B,A,B,A,B,A,B,0.5,draw
1248,rotate0,2,B,B,B,B,B,B,B,B,B,B,B,B,B,B,B,B,B,B,B,B,0.5,draw
1249,rotate0,1,A,A,A,A,A,A,A,A,A,A,A,A,A,A,A,A,A,A,A,A,1.0,draw
1249,random3,2,B,B,B,B,B,B,B,B,B,B,B,B,B,B,B,B,B,B,B,B,1.0,draw
1250,random3,1,B,B,A,A,A,A,A,A,A,A,A,A,A,A,A,A,A,A,A,A,0.9,draw
1250,rotate0,2,B,B,B,B,B,B,B,B,B,B,B,B,B,B,B,B,B,B,B,B,0.9,draw
1251,rotate0,1,A,A,A,A,A,A,A,A,A,A,A,A,A,A,A,A,A,A,A,A,1.0,draw
1251,radicaleq,2,B,B,B,B,B,B,B,B,B,B,B,B,B,B,B,B,B,B,B,B,1.0,draw
1252,radicaleq,1,A,A,A,A,A,A,A,A,A,A,A,A,A,A,A,A,A,A,A,A,1.0,draw
1252,rotate0,2,B,B,B,B,B,B,B,B,B,B,B,B,B,B,B,B,B,B,B,B,1.0,draw
1253,rotate0,1,A,A,A,A,A,A,A,A,A,A,A,A,A,A,A,A,A,A,A,A,1.0,draw
1253,rotate0,2,B,B,B,B,B,B,B,B,B,B,B,B,B,B,B,B,B,B,B,B,1.0,draw
1254,rotate0,1,A,A,A,A,A,A,A,A,A,A,A,A,A,A,A,A,A,A,A,A,1.0,draw
1254,rotate0,2,B,B,B,B,B,B,B,B,B,B,B,B,B,B,B,B,B,B,B,B,1.0,draw
1255,caste,1,A,B,A,A,B,B,A,B,A,B,B,A,B,A,A,B,B,B,A,B,0.5,caste
1255,random,2,skip,skip,B,skip,A,B,A,B,A,A,B,A,B,skip,A,A,skip,B,A,skip,0.2,caste
1256,random,1,skip,B,skip,skip,B,B,A,skip,skip,skip,B,skip,skip,skip,A,B,skip,A,skip,B,0.25,caste
1256,caste,2,B,A,A,B,A,A,A,B,B,A,B,A,A,B,A,B,A,B,B,A,0.8,caste
1257,rotate,1,A,B,A,B,A,B,A,B,A,B,A,B,A,B,A,B,A,B,A,B,0.1,draw
1257,caste,2,B,B,A,A,A,B,A,B,A,B,A,B,A,B,A,B,A,B,A,B,0.1,draw
1258,caste,1,A,A,B,A,B,A,B,A,B,A,B,A,B,A,B,A,B,A,B,A,0.05,draw
1258,rotate,2,B,A,B,A,B,A,B,A,B,A,B,A,B,A,B,A,B,A,B,A,0.05,draw
1259,caste,1,A,A,A,A,A,A,A,A,A,A,A,A,A,A,A,A,A,A,A,A,1.0,draw
1259,random3,2,B,B,B,B,B,B,B,B,B,B,B,B,B,B,B,B,B,B,B,B,1.0,draw
1260,random3,1,A,A,A,A,A,A,A,A,A,A,A,A,A,A,A,A,A,A,A,A,1.0,draw
1260,caste,2,B,B,B,B,B,B,B,B,B,B,B,B,B,B,B,B,B,B,B,B,1.0,draw
1261,radicaleq,1,A,A,A,A,A,A,A,A,A,A,A,A,A,A,A,A,A,A,A,A,1.0,draw
1261,caste,2,B,B,B,B,B,B,B,B,B,B,B,B,B,B,B,B,B,B,B,B,1.0,draw
1262,caste,1,A,A,A,A,A,A,A,A,A,A,A,A,A,A,A,A,A,A,A,A,1.0,draw
1262,radicaleq,2,B,B,B,B,B,B,B,B,B,B,B,B,B,B,B,B,B,B,B,B,1.0,draw
1263,caste,1,A,A,A,A,A,A,A,A,A,A,A,A,A,A,A,A,A,A,A,A,1.0,draw
1263,rotate0,2,B,B,B,B,B,B,B,B,B,B,B,B,B,B,B,B,B,B,B,B,1.0,draw
1264,rotate0,1,A,A,A,A,A,A,A,A,A,A,A,A,A,A,A,A,A,A,A,A,1.0,draw
1264,caste,2,B,B,B,B,B,B,B,B,B,B,B,B,B,B,B,B,B,B,B,B,1.0,draw
1265,caste,1,A,A,A,A,A,A,A,A,A,A,A,A,A,A,A,A,A,A,A,A,1.0,draw
1265,caste,2,B,B,B,B,B,B,B,B,B,B,B,B,B,B,B,B,B,B,B,B,1.0,draw
1266,caste,1,A,A,A,A,A,A,A,A,A,A,A,A,A,A,A,A,A,A,A,A,1.0,draw
1266,caste,2,B,B,B,B,B,B,B,B,B,B,B,B,B,B,B,B,B,B,B,B,1.0,draw
1267,equalize,1,A,B,A,B,B,B,A,B,B,A,B,B,B,B,A,A,B,B,A,B,0.55,equalize
1267,random,2,skip,A,A,skip,B,B,A,A,skip,A,A,skip,A,B,skip,A,skip,skip,A,B,0.2,equalize
1268,random,1,A,B,B,B,B,A,A,A,B,skip,B,skip,skip,A,skip,B,skip,B,B,A,0.4,equalize
1268,equalize,2,B,B,A,B,A,A,A,B,A,B,A,A,B,A,B,B,A,A,A,A,0.65,equalize
1269,rotate,1,A,B,A,B,A,B,A,B,A,B,A,B,A,B,A,B,A,B,A,B,0.1,draw
1269,equalize,2,B,B,A,A,A,B,A,B,A,B,A,B,A,B,A,B,A,B,A,B,0.1,draw
1270,equalize,1,A,A,B,A,B,A,B,A,B,A,B,A,B,A,B,A,B,A,B,A,0.05,draw
1270,rotate,2,B,A,B,A,B,A,B,A,B,A,B,A,B,A,B,A,B,A,B,A,0.05,draw
1271,equalize,1,A,A,A,A,A,A,A,A,A,A,A,A,A,A,A,A,A,A,A,A,1.0,draw
1271,random3,2,B,B,B,B,B,B,B,B,B,B,B,B,B,B,B,B,B,B,B,B,1.0,draw
1272,random3,1,A,A,A,A,A,A,A,A,A,A,A,A,A,A,A,A,A,A,A,A,1.0,draw
1272,equalize,2,B,B,B,B,B,B,B,B,B,B,B,B,B,B,B,B,B,B,B,B,1.0,draw
1273,radicaleq,1,A,A,A,A,A,A,A,A,A,A,A,A,A,A,A,A,A,A,A,A,1.0,draw
1273,equalize,2,B,B,B,B,B,B,B,B,B,B,B,B,B,B,B,B,B,B,B,B,1.0,draw
1274,equalize,1,A,A,A,A,A,A,A,A,A,A,A,A,A,A,A,A,A,A,A,A,1.0,draw
1274,radicaleq,2,B,B,B,B,B,B,B,B,B,B,B,B,B,B,B,B,B,B,B,B,1.0,draw
1275,equalize,1,A,A,A,A,A,A,A,A,A,A,A,A,A,A,A,A,A,A,A,A,1.0,draw
1275,rotate0,2,B,B,B,B,B,B,B,B,B,B,B,B,B,B,B,B,B,B,B,B,1.0,draw
1276,rotate0,1,A,A,A,A,A,A,A,A,A,A,A,A,A,A,A,A,A,A,A,A,1.0,draw
1276,equalize,2,B,B,B,B,B,B,B,B,B,B,B,B,B,B,B,B,B,B,B,B,1.0,draw
1277,caste,1,A,A,A,A,A,A,A,A,A,A,A,A,A,A,A,A,A,A,A,A,1.0,draw
1277,equalize,2,B,B,B,B,B,B,B,B,B,B,B,B,B,B,B,B,B,B,B,B,1.0,draw
1278,equalize,1,A,A,A,A,A,A,A,A,A,A,A,A,A,A,A,A,A,A,A,A,1.0,draw
1278,caste,2,B,B,B,B,B,B,B,B,B,B,B,B,B,B,B,B,B,B,B,B,1.0,draw
1279,equalize,1,A,A,A,A,A,A,A,A,A,A,A,A,A,A,A,A,A,A,A,A,1.0,draw
1279,equalize,2,B,B,B,B,B,B,B,B,B,B,B,B,B,B,B,B,B,B,B,B,1.0,draw
1280,equalize,1,A,A,A,A,A,A,A,A,A,A,A,A,A,A,A,A,A,A,A,A,1.0,draw
1280,equalize,2,B,B,B,B,B,B,B,B,B,B,B,B,B,B,B,B,B,B,B,B,1.0,draw
1281,random,1,skip,B,A,skip,skip,A,A,B,B,skip,A,B,B,A,B,A,B,skip,B,skip,0.45,turntaking
1281,turntaking,2,B,B,B,A,B,B,B,A,A,A,B,A,A,A,B,B,B,B,B,B,0.75,turntaking
1282,turntaking,1,A,A,A,A,A,A,A,A,A,B,A,A,A,A,A,B,A,B,A,A,0.6,turntaking
1282,random,2,B,skip,A,skip,A,A,A,A,A,B,skip,A,skip,B,B,skip,B,skip,skip,B,0.25,turntaking
1283,turntaking,1,A,A,A,B,B,B,A,A,A,B,B,B,A,A,A,B,B,B,A,A,0.65,draw
1283,rotate,2,B,A,B,A,B,A,B,A,B,A,B,A,B,A,B,A,B,A,B,A,0.65,draw
1284,rotate,1,A,B,A,B,A,B,A,B,A,B,A,B,A,B,A,B,A,B,A,B,0.5,draw
1284,turntaking,2,B,B,B,B,B,B,B,B,B,B,B,B,B,B,B,B,B,B,B,B,0.5,draw
1285,random3,1,A,A,A,A,A,A,A,A,A,A,A,A,A,A,A,A,A,A,A,A,1.0,draw
1285,turntaking,2,B,B,B,B,B,B,B,B,B,B,B,B,B,B,B,B,B,B,B,B,1.0,draw
1286,turntaking,1,A,A,A,A,A,A,A,A,A,A,A,A,A,A,A,A,A,A,A,A,1.0,draw
1286,random3,2,B,B,B,B,B,B,B,B,B,B,B,B,B,B,B,B,B,B,B,B,1.0,draw
1287,turntaking,1,A,A,A,A,A,A,A,A,A,A,A,A,A,A,A,A,A,A,A,A,1.0,draw
1287,radicaleq,2,B,B,B,B,B,B,B,B,B,B,B,B,B,B,B,B,B,B,B,B,1.0,draw
1288,radicaleq,1,A,A,A,A,A,A,A,A,A,A,A,A,A,A,A,A,A,A,A,A,1.0,draw
1288,turntaking,2,B,B,B,B,B,B,B,B,B,B,B,B,B,B,B,B,B,B,B,B,1.0,draw
1289,rotate0,1,A,A,A,A,A,A,A,A,A,A,A,A,A,A,A,A,A,A,A,A,1.0,draw
1289,turntaking,2,B,B,B,B,B,B,B,B,B,B,B,B,B,B,B,B,B,B,B,B,1.0,draw
1290,turntaking,1,A,A,A,A,A,A,A,A,A,A,A,A,A,A,A,A,A,A,A,A,1.0,draw
1290,rotate0,2,B,B,B,B,B,B,B,B,B,B,B,B,B,B,B,B,B,B,B,B,1.0,draw
1291,turntaking,1,A,A,A,A,A,A,A,A,A,A,A,A,A,A,A,A,A,A,A,A,1.0,draw
1291,caste,2,B,B,B,B,B,B,B,B,B,B,B,B,B,B,B,B,B,B,B,B,1.0,draw
1292,caste,1,A,A,A,A,A,A,A,A,A,A,A,A,A,A,A,A,A,A,A,A,1.0,draw
1292,turntaking,2,B,B,B,B,B,B,B,B,B,B,B,B,B,B,B,B,B,B,B,B,1.0,draw
1293,equalize,1,A,A,A,A,A,A,A,A,A,A,A,A,A,A,A,A,A,A,A,A,1.0,draw
1293,turntaking,2,B,B,B,B,B,B,B,B,B,B,B,B,B,B,B,B,B,B,B,B,1.0,draw
1294,turntaking,1,A,A,A,A,A,A,A,A,A,A,A,A,A,A,A,A,A,A,A,A,1.0,draw
1294,equalize,2,B,B,B,B,B,B,B,B,B,B,B,B,B,B,B,B,B,B,B,B,1.0,draw
1295,turntaking,1,A,A,A,A,A,A,A,A,A,A,A,A,A,A,A,A,A,A,A,A,1.0,draw
1295,turntaking,2,B,B,B,B,B,B,B,B,B,B,B,B,B,B,B,B,B,B,B,B,1.0,draw
1296,turntaking,1,A,A,A,A,A,A,A,A,A,A,A,A,A,A,A,A,A,A,A,A,1.0,draw
1296,turntaking,2,B,B,B,B,B,B,B,B,B,B,B,B,B,B,B,B,B,B,B,B,1.0,draw
1297,random,1,B,skip,A,A,A,skip,A,A,A,A,skip,B,A,skip,A,skip,A,B,A,A,0.5,draw
1297,random,2,B,skip,B,B,skip,A,A,B,B,skip,A,A,B,skip,A,A,A,skip,A,B,0.5,draw
1298,random,1,A,B,B,B,A,A,B,B,A,A,skip,B,B,A,A,B,skip,A,skip,A,0.7,draw
1298,random,2,skip,skip,skip,skip,A,B,B,B,B,B,A,skip,A,B,B,skip,B,B,A,skip,0.5,draw
1299,random,1,A,A,B,B,B,A,skip,B,B,skip,B,B,B,A,skip,B,skip,skip,skip,skip,0.25,rotate
1299,rotate,2,B,A,B,A,B,A,B,A,B,A,B,A,B,A,B,A,B,A,B,A,0.6,rotate
1300,rotate,1,A,B,A,B,A,B,A,B,A,B,A,B,A,B,A,B,A,B,A,B,0.8,rotate
1300,random,2,A,B,A,skip,B,skip,skip,A,skip,A,B,skip,skip,skip,B,A,A,A,B,A,0.45,rotate
1301,rotate,1,A,B,A,B,A,B,A,B,A,B,A,B,A,B,A,B,A,B,A,B,1.0,draw
1301,rotate,2,B,A,B,A,B,A,B,A,B,A,B,A,B,A,B,A,B,A,B,A,1.0,draw
1302,rotate,1,A,B,A,B,A,B,A,B,A,B,A,B,A,B,A,B,A,B,A,B,1.0,draw
1302,rotate,2,B,A,B,A,B,A,B,A,B,A,B,A,B,A,B,A,B,A,B,A,1.0,draw
1303,random3,1,A,A,A,A,A,A,A,A,A,A,A,B,B,B,A,B,B,B,B,B,0.75,random3
1303,random,2,B,A,skip,B,B,skip,skip,B,skip,A,A,A,A,B,A,A,skip,skip,A,skip,0.4,random3
1304,random,1,skip,skip,B,A,skip,A,A,skip,B,A,A,A,A,A,A,skip,A,B,skip,A,0.4,random3
1304,random3,2,B,B,B,B,B,B,B,B,B,A,A,A,B,B,B,B,B,B,B,B,0.7,random3
1305,rotate,1,A,B,A,B,A,B,A,B,A,B,A,B,A,B,A,B,A,B,A,B,0.4,draw
1305,random3,2,B,B,B,B,A,B,B,B,B,B,B,B,B,B,A,B,B,B,B,B,0.4,draw
1306,random3,1,A,A,B,B,B,B,B,B,B,B,B,B,B,B,B,A,B,A,B,B,0.4,draw
1306,rotate,2,B,A,B,A,B,A,B,A,B,A,B,A,B,A,B,A,B,A,B,A,0.4,draw
1307,random3,1,A,A,A,A,A,A,A,A,A,A,A,A,A,A,A,A,A,A,A,A,1.0,draw
1307,random3,2,B,B,B,B,B,B,B,B,B,B,B,B,B,B,B,B,B,B,B,B,1.0,draw
1308,random3,1,B,B,B,B,B,B,B,B,B,B,B,B,B,B,B,B,B,B,B,B,1.0,draw
1308,random3,2,A,A,A,A,A,A,A,A,A,A,A,A,A,A,A,A,A,A,A,A,1.0,draw
1309,random,1,skip,A,B,B,skip,skip,skip,A,A,B,skip,skip,B,skip,A,B,B,B,A,B,0.25,radicaleq
1309,radicaleq,2,B,B,B,B,B,B,B,B,B,B,B,B,B,B,B,B,B,B,B,B,0.6,radicaleq
1310,radicaleq,1,A,A,B,B,B,B,A,A,A,A,A,A,A,A,A,A,A,A,A,A,0.75,radicaleq
1310,random,2,B,A,A,A,A,skip,B,A,A,skip,B,B,B,skip,skip,B,A,skip,A,skip,0.45,radicaleq
1311,radicaleq,1,A,A,B,A,B,A,B,A,B,A,B,A,B,A,B,A,B,A,B,A,0.05,draw
1311,rotate,2,B,A,B,A,B,A,B,A,B,A,B,A,B,A,B,A,B,A,B,A,0.05,draw
1312,rotate,1,A,B,A,B,A,B,A,B,A,B,A,B,A,B,A,B,A,B,A,B,0.5,draw
1312,radicaleq,2,B,B,B,B,B,B,B,B,B,B,B,B,B,B,B,B,B,B,B,B,0.5,draw
1313,random3,1,B,B,A,A,A,A,A,A,A,A,A,A,A,A,A,A,A,A,A,A,0.9,draw
1313,radicaleq,2,B,B,B,B,B,B,B,B,B,B,B,B,B,B,B,B,B,B,B,B,0.9,draw
1314,radicaleq,1,A,B,A,A,A,A,A,A,A,A,A,A,A,A,A,A,A,A,A,A,0.9,draw
1314,random3,2,A,B,B,B,B,B,B,B,B,B,B,B,B,B,B,B,B,B,B,B,0.9,draw
1315,radicaleq,1,A,A,A,A,A,A,A,A,A,A,A,A,A,A,A,A,A,A,A,A,1.0,draw
1315,radicaleq,2,B,B,B,B,B,B,B,B,B,B,B,B,B,B,B,B,B,B,B,B,1.0,draw
1316,radicaleq,1,A,A,A,A,A,A,A,A,A,A,A,A,A,A,A,A,A,A,A,A,1.0,draw
1316,radicaleq,2,B,B,B,B,B,B,B,B,B,B,B,B,B,B,B,B,B,B,B,B,1.0,draw
1317,rotate0,1,A,A,A,A,A,A,A,A,A,A,A,A,A,A,A,A,A,A,A,A,0.75,rotate0
1317,random,2,B,skip,B,skip,B,skip,skip,A,B,skip,skip,skip,A,skip,skip,A,B,skip,A,A,0.25,rotate0
1318,random,1,B,A,skip,B,A,B,A,A,A,B,A,B,B,skip,skip,B,skip,B,A,B,0.35,rotate0
1318,rotate0,2,B,B,B,B,B,B,B,B,B,B,B,B,B,B,B,B,B,B,B,B,0.55,rotate0
1319,rotate0,1,A,A,A,A,A,A,A,A,A,A,A,A,A,A,A,A,A,A,A,A,0.5,draw
1319,rotate,2,B,A,B,A,B,A,B,A,B,A,B,A,B,A,B,A,B,A,B,A,0.5,draw
1320,rotate,1,A,B,A,B,A,B,A,B,A,B,A,B,A,B,A,B,A,B,A,B,0.5,draw
1320,rotate0,2,B,B,B,B,B,B,B,B,B,B,B,B,B,B,B,B,B,B,B,B,0.5,draw
1321,rotate0,1,A,A,A,A,A,A,A,A,A,A,A,A,A,A,A,A,A,A,A,A,1.0,draw
1321,random3,2,B,B,B,B,B,B,B,B,B,B,B,B,B,B,B,B,B,B,B,B,1.0,draw
1322,random3,1,B,B,A,A,A,A,A,A,A,A,A,A,A,A,A,A,A,A,A,A,0.9,draw
1322,rotate0,2,B,B,B,B,B,B,B,B,B,B,B,B,B,B,B,B,B,B,B,B,0.9,draw
1323,rotate0,1,A,A,A,A,A,A,A,A,A,A,A,A,A,A,A,A,A,A,A,A,1.0,draw
1323,radicaleq,2,B,B,B,B,B,B,B,B,B,B,B,B,B,B,B,B,B,B,B,B,1.0,draw
1324,radicaleq,1,A,A,A,A,A,A,A,A,A,A,A,A,A,A,A,A,A,A,A,A,1.0,draw
1324,rotate0,2,B,B,B,B,B,B,B,B,B,B,B,B,B,B,B,B,B,B,B,B,1.0,draw
1325,rotate0,1,A,A,A,A,A,A,A,A,A,A,A,A,A,A,A,A,A,A,A,A,1.0,draw
1325,rotate0,2,B,B,B,B,B,B,B,B,B,B,B,B,B,B,B,B,B,B,B,B,1.0,draw
1326,rotate0,1,A,A,A,A,A,A,A,A,A,A,A,A,A,A,A,A,A,A,A,A,1.0,draw
1326,rotate0,2,B,B,B,B,B,B,B,B,B,B,B,B,B,B,B,B,B,B,B,B,1.0,draw
1327,caste,1,A,B,A,A,A,B,A,B,B,A,B,A,B,B,B,A,A,A,B,A,0.55,caste
1327,random,2,skip,B,B,B,A,B,A,A,skip,skip,B,A,A,A,B,skip,B,A,B,skip,0.3,caste
1328,random,1,A,skip,A,skip,A,A,skip,skip,A,skip,A,B,skip,A,skip,skip,B,skip,A,skip,0.25,caste
1328,caste,2,B,B,A,B,A,B,B,B,A,B,B,B,A,A,B,B,A,A,B,B,0.75,caste
1329,rotate,1,A,B,A,B,A,B,A,B,A,B,A,B,A,B,A,B,A,B,A,B,0.1,draw
1329,caste,2,B,B,A,A,A,B,A,B,A,B,A,B,A,B,A,B,A,B,A,B,0.1,draw
1330,caste,1,A,A,B,A,B,A,B,A,B,A,B,A,B,A,B,A,B,A,B,A,0.05,draw
1330,rotate,2,B,A,B,A,B,A,B,A,B,A,B,A,B,A,B,A,B,A,B,A,0.05,draw
1331,caste,1,A,A,A,A,A,A,A,A,A,A,A,A,A,A,A,A,A,A,A,A,1.0,draw
1331,random3,2,B,B,B,B,B,B,B,B,B,B,B,B,B,B,B,B,B,B,B,B,1.0,draw
1332,random3,1,B,A,B,B,A,A,A,A,A,A,A,A,A,A,A,A,A,A,A,A,0.55,draw
1332,caste,2,B,A,A,B,A,B,A,B,B,B,A,B,B,A,B,B,A,B,B,A,0.55,draw
1333,radicaleq,1,A,A,A,A,A,A,A,A,A,A,A,A,A,A,A,A,A,A,A,A,1.0,draw
1333,caste,2,B,B,B,B,B,B,B,B,B,B,B,B,B,B,B,B,B,B,B,B,1.0,draw
1334,caste,1,A,A,A,A,A,A,A,A,A,A,A,A,A,A,A,A,A,A,A,A,1.0,draw
1334,radicaleq,2,B,B,B,B,B,B,B,B,B,B,B,B,B,B,B,B,B,B,B,B,1.0,draw
1335,caste,1,A,A,A,A,A,A,A,A,A,A,A,A,A,A,A,A,A,A,A,A,1.0,draw
1335,rotate0,2,B,B,B,B,B,B,B,B,B,B,B,B,B,B,B,B,B,B,B,B,1.0,draw
1336,rotate0,1,A,A,A,A,A,A,A,A,A,A,A,A,A,A,A,A,A,A,A,A,1.0,draw
1336,caste,2,B,B,B,B,B,B,B,B,B,B,B,B,B,B,B,B,B,B,B,B,1.0,draw
1337,caste,1,A,A,A,A,A,A,A,A,A,A,A,A,A,A,A,A,A,A,A,A,1.0,draw
1337,caste,2,B,B,B,B,B,B,B,B,B,B,B,B,B,B,B,B,B,B,B,B,1.0,draw
1338,caste,1,A,A,A,A,A,A,A,A,A,A,A,A,A,A,A,A,A,A,A,A,1.0,draw
1338,caste,2,B,B,B,B,B,B,B,B,B,B,B,B,B,B,B,B,B,B,B,B,1.0,draw
1339,equalize,1,A,A,B,A,B,A,A,B,B,A,A,B,B,A,A,B,B,A,B,A,0.6,equalize
1339,random,2,B,A,B,skip,skip,B,A,skip,skip,B,skip,A,skip,B,A,skip,B,A,B,A,0.25,equalize
1340,random,1,B,skip,B,B,skip,B,B,B,skip,A,B,B,B,B,A,A,skip,B,A,B,0.35,equalize
1340,equalize,2,B,A,A,A,B,A,A,B,A,A,A,A,A,B,A,A,B,B,A,B,0.55,equalize
1341,rotate,1,A,B,A,B,A,B,A,B,A,B,A,B,A,B,A,B,A,B,A,B,0.1,draw
1341,equalize,2,B,B,A,A,A,B,A,B,A,B,A,B,A,B,A,B,A,B,A,B,0.1,draw
1342,equalize,1,A,A,B,A,B,A,B,A,B,A,B,A,B,A,B,A,B,A,B,A,0.05,draw
1342,rotate,2,B,A,B,A,B,A,B,A,B,A,B,A,B,A,B,A,B,A,B,A,0.05,draw
1343,equalize,1,A,A,A,A,A,A,A,A,A,A,A,A,A,A,A,A,A,A,A,A,1.0,draw
1343,random3,2,B,B,B,B,B,B,B,B,B,B,B,B,B,B,B,B,B,B,B,B,1.0,draw
1344,random3,1,B,B,B,A,A,A,A,A,A,A,A,A,A,A,A,A,A,A,A,A,0.55,draw
1344,equalize,2,B,A,B,A,A,B,A,B,B,B,A,B,B,A,B,B,A,B,B,A,0.55,draw
1345,radicaleq,1,A,A,A,A,A,A,A,A,A,A,A,A,A,A,A,A,A,A,A,A,1.0,draw
1345,equalize,2,B,B,B,B,B,B,B,B,B,B,B,B,B,B,B,B,B,B,B,B,1.0,draw
1346,equalize,1,A,A,A,A,A,A,A,A,A,A,A,A,A,A,A,A,A,A,A,A,1.0,draw
1346,radicaleq,2,B,B,B,B,B,B,B,B,B,B,B,B,B,B,B,B,B,B,B,B,1.0,draw
1347,equalize,1,A,A,A,A,A,A,A,A,A,A,A,A,A,A,A,A,A,A,A,A,1.0,draw
1347,rotate0,2,B,B,B,B,B,B,B,B,B,B,B,B,B,B,B,B,B,B,B,B,1.0,draw
1348,rotate0,1,A,A,A,A,A,A,A,A,A,A,A,A,A,A,A,A,A,A,A,A,1.0,draw
1348,equalize,2,B,B,B,B,B,B,B,B,B,B,B,B,B,B,B,B,B,B,B,B,1.0,draw
1349,caste,1,A,A,A,A,A,A,A,A,A,A,A,A,A,A,A,A,A,A,A,A,1.0,draw
1349,equalize,2,B,B,B,B,B,B,B,B,B,B,B,B,B,B,B,B,B,B,B,B,1.0,draw
1350,equalize,1,A,A,A,A,A,A,A,A,A,A,A,A,A,A,A,A,A,A,A,A,1.0,draw
1350,caste,2,B,B,B,B,B,B,B,B,B,B,B,B,B,B,B,B,B,B,B,B,1.0,draw
1351,equalize,1,A,A,A,A,A,A,A,A,A,A,A,A,A,A,A,A,A,A,A,A,1.0,draw
1351,equalize,2,B,B,B,B,B,B,B,B,B,B,B,B,B,B,B,B,B,B,B,B,1.0,draw
1352,equalize,1,A,A,A,A,A,A,A,A,A,A,A,A,A,A,A,A,A,A,A,A,1.0,draw
1352,equalize,2,B,B,B,B,B,B,B,B,B,B,B,B,B,B,B,B,B,B,B,B,1.0,draw
1353,random,1,skip,B,skip,skip,B,B,skip,B,skip,B,A,A,A,B,B,A,A,B,B,skip,0.3,turntaking
1353,turntaking,2,B,B,B,B,B,B,B,B,B,B,B,B,A,B,B,B,B,A,A,A,0.6,turntaking
1354,turntaking,1,A,A,A,B,A,B,B,A,A,A,A,A,A,A,A,A,A,A,A,A,0.7,turntaking
1354,random,2,A,A,B,skip,B,A,skip,skip,A,B,A,A,skip,B,skip,skip,skip,A,B,skip,0.3,turntaking
1355,turntaking,1,A,A,A,B,B,B,A,A,A,B,B,B,A,A,A,B,B,B,A,A,0.65,draw
1355,rotate,2,B,A,B,A,B,A,B,A,B,A,B,A,B,A,B,A,B,A,B,A,0.65,draw
1356,rotate,1,A,B,A,B,A,B,A,B,A,B,A,B,A,B,A,B,A,B,A,B,0.5,draw
1356,turntaking,2,B,B,B,B,B,B,B,B,B,B,B,B,B,B,B,B,B,B,B,B,0.5,draw
1357,random3,1,A,A,A,A,A,A,A,A,A,A,A,A,A,A,A,A,A,A,A,A,1.0,draw
1357,turntaking,2,B,B,B,B,B,B,B,B,B,B,B,B,B,B,B,B,B,B,B,B,1.0,draw
1358,turntaking,1,A,A,A,A,A,A,A,A,A,A,A,A,A,A,A,A,A,A,A,A,1.0,draw
1358,random3,2,B,B,B,B,B,B,B,B,B,B,B,B,B,B,B,B,B,B,B,B,1.0,draw
1359,turntaking,1,A,A,A,A,A,A,A,A,A,A,A,A,A,A,A,A,A,A,A,A,1.0,draw
1359,radicaleq,2,B,B,B,B,B,B,B,B,B,B,B,B,B,B,B,B,B,B,B,B,1.0,draw
1360,radicaleq,1,A,A,A,A,A,A,A,A,A,A,A,A,A,A,A,A,A,A,A,A,1.0,draw
1360,turntaking,2,B,B,B,B,B,B,B,B,B,B,B,B,B,B,B,B,B,B,B,B,1.0,draw
1361,rotate0,1,A,A,A,A,A,A,A,A,A,A,A,A,A,A,A,A,A,A,A,A,1.0,draw
1361,turntaking,2,B,B,B,B,B,B,B,B,B,B,B,B,B,B,B,B,B,B,B,B,1.0,draw
1362,turntaking,1,A,A,A,A,A,A,A,A,A,A,A,A,A,A,A,A,A,A,A,A,1.0,draw
1362,rotate0,2,B,B,B,B,B,B,B,B,B,B,B,B,B,B,B,B,B,B,B,B,1.0,draw
1363,turntaking,1,A,A,A,A,A,A,A,A,A,A,A,A,A,A,A,A,A,A,A,A,1.0,draw
1363,caste,2,B,B,B,B,B,B,B,B,B,B,B,B,B,B,B,B,B,B,B,B,1.0,draw
1364,caste,1,A,A,A,A,A,A,A,A,A,A,A,A,A,A,A,A,A,A,A,A,1.0,draw
1364,turntaking,2,B,B,B,B,B,B,B,B,B,B,B,B,B,B,B,B,B,B,B,B,1.0,draw
1365,equalize,1,A,A,A,A,A,A,A,A,A,A,A,A,A,A,A,A,A,A,A,A,1.0,draw
1365,turntaking,2,B,B,B,B,B,B,B,B,B,B,B,B,B,B,B,B,B,B,B,B,1.0,draw
1366,turntaking,1,A,A,A,A,A,A,A,A,A,A,A,A,A,A,A,A,A,A,A,A,1.0,draw
1366,equalize,2,B,B,B,B,B,B,B,B,B,B,B,B,B,B,B,B,B,B,B,B,1.0,draw
1367,turntaking,1,A,A,A,A,A,A,A,A,A,A,A,A,A,A,A,A,A,A,A,A,1.0,draw
1367,turntaking,2,B,B,B,B,B,B,B,B,B,B,B,B,B,B,B,B,B,B,B,B,1.0,draw
1368,turntaking,1,A,A,A,A,A,A,A,A,A,A,A,A,A,A,A,A,A,A,A,A,1.0,draw
1368,turntaking,2,B,B,B,B,B,B,B,B,B,B,B,B,B,B,B,B,B,B,B,B,1.0,draw
1369,random,1,A,skip,skip,B,B,skip,B,A,A,B,A,A,A,B,A,A,skip,skip,skip,skip,0.25,draw
1369,random,2,skip,B,B,B,skip,skip,B,A,A,A,A,A,A,skip,skip,A,A,B,A,A,0.35,draw
1370,random,1,A,B,B,A,B,A,skip,B,skip,B,B,A,B,B,skip,B,A,A,A,skip,0.4,draw
1370,random,2,B,B,B,skip,B,A,A,B,skip,A,B,B,A,B,A,B,skip,skip,skip,A,0.35,draw
1371,random,1,skip,skip,B,B,A,A,A,B,B,A,skip,A,A,A,skip,skip,skip,A,skip,skip,0.25,rotate
1371,rotate,2,B,A,B,A,B,A,B,A,B,A,B,A,B,A,B,A,B,A,B,A,0.65,rotate
1372,rotate,1,A,B,A,B,A,B,A,B,A,B,A,B,A,B,A,B,A,B,A,B,0.55,rotate
1372,random,2,A,skip,A,A,B,skip,A,B,A,B,skip,A,A,skip,A,A,skip,B,B,A,0.3,rotate
1373,rotate,1,A,B,A,B,A,B,A,B,A,B,A,B,A,B,A,B,A,B,A,B,1.0,draw
1373,rotate,2,B,A,B,A,B,A,B,A,B,A,B,A,B,A,B,A,B,A,B,A,1.0,draw
1374,rotate,1,A,B,A,B,A,B,A,B,A,B,A,B,A,B,A,B,A,B,A,B,1.0,draw
1374,rotate,2,B,A,B,A,B,A,B,A,B,A,B,A,B,A,B,A,B,A,B,A,1.0,draw
1375,random3,1,B,B,B,A,A,B,B,B,B,A,A,A,A,A,A,A,A,A,B,B,0.7,random3
1375,random,2,B,A,B,skip,A,A,A,skip,B,B,skip,B,skip,skip,B,B,B,A,B,A,0.45,random3
1376,random,1,skip,B,B,skip,A,skip,skip,B,A,B,skip,A,A,A,skip,B,skip,A,skip,B,0.3,random3
1376,random3,2,B,B,B,B,B,B,B,B,B,B,B,B,B,B,B,B,B,B,B,B,0.7,random3
1377,rotate,1,A,B,A,B,A,B,A,B,A,B,A,B,A,B,A,B,A,B,A,B,0.4,draw
1377,random3,2,B,B,A,A,A,A,A,B,B,B,B,B,B,B,A,A,A,B,B,B,0.4,draw
1378,random3,1,A,A,A,A,B,B,B,B,B,B,B,A,B,B,B,A,A,A,A,A,0.4,draw
1378,rotate,2,B,A,B,A,B,A,B,A,B,A,B,A,B,A,B,A,B,A,B,A,0.4,draw
1379,random3,1,B,B,B,B,B,B,B,B,B,B,B,B,B,B,B,B,B,B,B,B,1.0,draw
1379,random3,2,A,A,A,A,A,A,A,A,A,A,A,A,A,A,A,A,A,A,A,A,1.0,draw
1380,random3,1,B,B,B,B,B,B,B,B,B,B,B,B,B,B,B,B,B,B,B,B,1.0,draw
1380,random3,2,A,A,A,A,A,A,A,A,A,A,A,A,A,A,A,A,A,A,A,A,1.0,draw
1381,random,1,A,B,skip,skip,skip,skip,B,skip,skip,skip,B,B,B,B,B,skip,A,skip,skip,skip,0.1,radicaleq
1381,radicaleq,2,B,B,B,B,B,B,B,B,B,B,B,B,B,B,B,B,B,B,B,B,0.65,radicaleq
1382,radicaleq,1,A,B,B,B,B,B,B,B,B,B,B,B,B,B,B,B,B,B,B,B,0.65,radicaleq
1382,random,2,A,A,B,A,skip,skip,skip,B,skip,skip,A,B,B,B,B,A,skip,A,skip,skip,0.25,radicaleq
1383,radicaleq,1,A,A,B,A,B,A,B,A,B,A,B,A,B,A,B,A,B,A,B,A,0.05,draw
1383,rotate,2,B,A,B,A,B,A,B,A,B,A,B,A,B,A,B,A,B,A,B,A,0.05,draw
1384,rotate,1,A,B,A,B,A,B,A,B,A,B,A,B,A,B,A,B,A,B,A,B,0.5,draw
1384,radicaleq,2,B,B,B,B,B,B,B,B,B,B,B,B,B,B,B,B,B,B,B,B,0.5,draw
1385,random3,1,A,A,A,A,A,A,A,A,A,A,A,A,A,A,A,A,A,A,A,A,1.0,draw
1385,radicaleq,2,B,B,B,B,B,B,B,B,B,B,B,B,B,B,B,B,B,B,B,B,1.0,draw
1386,radicaleq,1,A,A,A,A,A,A,A,A,A,A,A,A,A,A,A,A,A,A,A,A,1.0,draw
1386,random3,2,B,B,B,B,B,B,B,B,B,B,B,B,B,B,B,B,B,B,B,B,1.0,draw
1387,radicaleq,1,A,A,A,A,A,A,A,A,A,A,A,A,A,A,A,A,A,A,A,A,1.0,draw
1387,radicaleq,2,B,B,B,B,B,B,B,B,B,B,B,B,B,B,B,B,B,B,B,B,1.0,draw
1388,radicaleq,1,A,A,A,A,A,A,A,A,A,A,A,A,A,A,A,A,A,A,A,A,1.0,draw
1388,radicaleq,2,B,B,B,B,B,B,B,B,B,B,B,B,B,B,B,B,B,B,B,B,1.0,draw
1389,rotate0,1,A,A,A,A,A,A,A,A,A,A,A,A,A,A,A,A,A,A,A,A,0.7,rotate0
1389,random,2,B,A,skip,skip,A,skip,B,skip,A,B,skip,A,A,B,B,B,skip,A,B,skip,0.35,rotate0
1390,random,1,B,A,A,skip,skip,B,B,skip,A,skip,B,skip,A,skip,B,A,A,skip,B,skip,0.3,rotate0
1390,rotate0,2,B,B,B,B,B,B,B,B,B,B,B,B,B,B,B,B,B,B,B,B,0.7,rotate0
1391,rotate0,1,A,A,A,A,A,A,A,A,A,A,A,A,A,A,A,A,A,A,A,A,0.5,draw
1391,rotate,2,B,A,B,A,B,A,B,A,B,A,B,A,B,A,B,A,B,A,B,A,0.5,draw
1392,rotate,1,A,B,A,B,A,B,A,B,A,B,A,B,A,B,A,B,A,B,A,B,0.5,draw
1392,rotate0,2,B,B,B,B,B,B,B,B,B,B,B,B,B,B,B,B,B,B,B,B,0.5,draw
1393,rotate0,1,A,A,A,A,A,A,A,A,A,A,A,A,A,A,A,A,A,A,A,A,1.0,draw
1393,random3,2,B,B,B,B,B,B,B,B,B,B,B,B,B,B,B,B,B,B,B,B,1.0,draw
1394,random3,1,A,A,A,A,A,A,A,A,A,A,A,A,A,A,A,A,A,A,A,A,1.0,draw
1394,rotate0,2,B,B,B,B,B,B,B,B,B,B,B,B,B,B,B,B,B,B,B,B,1.0,draw
1395,rotate0,1,A,A,A,A,A,A,A,A,A,A,A,A,A,A,A,A,A,A,A,A,1.0,draw
1395,radicaleq,2,B,B,B,B,B,B,B,B,B,B,B,B,B,B,B,B,B,B,B,B,1.0,draw
1396,radicaleq,1,A,A,A,A,A,A,A,A,A,A,A,A,A,A,A,A,A,A,A,A,1.0,draw
1396,rotate0,2,B,B,B,B,B,B,B,B,B,B,B,B,B,B,B,B,B,B,B,B,1.0,draw
1397,rotate0,1,A,A,A,A,A,A,A,A,A,A,A,A,A,A,A,A,A,A,A,A,1.0,draw
1397,rotate0,2,B,B,B,B,B,B,B,B,B,B,B,B,B,B,B,B,B,B,B,B,1.0,draw
1398,rotate0,1,A,A,A,A,A,A,A,A,A,A,A,A,A,A,A,A,A,A,A,A,1.0,draw
1398,rotate0,2,B,B,B,B,B,B,B,B,B,B,B,B,B,B,B,B,B,B,B,B,1.0,draw
1399,caste,1,A,A,B,B,B,A,B,B,A,A,A,B,A,B,B,B,B,B,B,A,0.8,caste
1399,random,2,B,skip,A,A,B,A,A,B,B,skip,skip,skip,A,A,skip,skip,A,A,skip,skip,0.4,caste
1400,random,1,A,A,skip,A,A,B,skip,B,A,skip,skip,A,skip,skip,B,B,skip,skip,skip,skip,0.3,caste
1400,caste,2,B,B,B,A,B,B,A,A,A,B,B,A,B,B,A,A,A,B,A,B,0.8,caste
1401,rotate,1,A,B,A,B,A,B,A,B,A,B,A,B,A,B,A,B,A,B,A,B,0.1,draw
1401,caste,2,B,B,A,A,A,B,A,B,A,B,A,B,A,B,A,B,A,B,A,B,0.1,draw
1402,caste,1,A,A,B,A,B,A,B,A,B,A,B,A,B,A,B,A,B,A,B,A,0.05,draw
1402,rotate,2,B,A,B,A,B,A,B,A,B,A,B,A,B,A,B,A,B,A,B,A,0.05,draw
1403,caste,1,A,B,B,B,B,B,B,B,B,B,B,B,B,B,B,B,B,B,B,B,0.95,draw
1403,random3,2,A,A,A,A,A,A,A,A,A,A,A,A,A,A,A,A,A,A,A,A,0.95,draw
1404,random3,1,B,B,B,B,B,B,B,B,B,B,B,B,B,B,B,B,B,B,B,B,0.65,draw
1404,caste,2,B,A,B,A,A,B,A,A,B,A,A,B,A,A,B,A,A,B,A,A,0.65,draw
1405,radicaleq,1,A,A,A,A,A,A,A,A,A,A,A,A,A,A,A,A,A,A,A,A,1.0,draw
1405,caste,2,B,B,B,B,B,B,B,B,B,B,B,B,B,B,B,B,B,B,B,B,1.0,draw
1406,caste,1,A,A,A,A,A,A,A,A,A,A,A,A,A,A,A,A,A,A,A,A,1.0,draw
1406,radicaleq,2,B,B,B,B,B,B,B,B,B,B,B,B,B,B,B,B,B,B,B,B,1.0,draw
1407,caste,1,A,A,A,A,A,A,A,A,A,A,A,A,A,A,A,A,A,A,A,A,1.0,draw
1407,rotate0,2,B,B,B,B,B,B,B,B,B,B,B,B,B,B,B,B,B,B,B,B,1.0,draw
1408,rotate0,1,A,A,A,A,A,A,A,A,A,A,A,A,A,A,A,A,A,A,A,A,1.0,draw
1408,caste,2,B,B,B,B,B,B,B,B,B,B,B,B,B,B,B,B,B,B,B,B,1.0,draw
1409,caste,1,A,A,A,A,A,A,A,A,A,A,A,A,A,A,A,A,A,A,A,A,1.0,draw
1409,caste,2,B,B,B,B,B,B,B,B,B,B,B,B,B,B,B,B,B,B,B,B,1.0,draw
1410,caste,1,A,A,A,A,A,A,A,A,A,A,A,A,A,A,A,A,A,A,A,A,1.0,draw
1410,caste,2,B,B,B,B,B,B,B,B,B,B,B,B,B,B,B,B,B,B,B,B,1.0,draw
1411,equalize,1,A,B,B,B,B,B,A,B,A,B,A,A,B,A,A,A,A,B,A,A,0.65,equalize
1411,random,2,A,A,skip,skip,A,skip,skip,skip,A,B,B,skip,B,B,B,A,A,B,B,B,0.35,equalize
1412,random,1,A,skip,skip,A,A,B,A,B,B,B,skip,skip,A,A,A,skip,A,B,B,B,0.45,equalize
1412,equalize,2,B,B,A,A,B,B,A,B,A,A,A,B,A,B,B,B,B,B,A,A,0.7,equalize
1413,rotate,1,A,B,A,B,A,B,A,B,A,B,A,B,A,B,A,B,A,B,A,B,0.1,draw
1413,equalize,2,B,B,A,A,A,B,A,B,A,B,A,B,A,B,A,B,A,B,A,B,0.1,draw
1414,equalize,1,A,A,B,A,B,A,B,A,B,A,B,A,B,A,B,A,B,A,B,A,0.05,draw
1414,rotate,2,B,A,B,A,B,A,B,A,B,A,B,A,B,A,B,A,B,A,B,A,0.05,draw
1415,equalize,1,A,B,A,A,A,A,A,A,A,A,A,A,A,A,A,A,A,A,A,A,0.9,draw
1415,random3,2,A,B,B,B,B,B,B,B,B,B,B,B,B,B,B,B,B,B,B,B,0.9,draw
1416,random3,1,B,B,B,B,B,B,A,A,A,A,A,A,A,A,A,A,A,A,A,A,0.7,draw
1416,equalize,2,B,A,B,A,A,B,A,A,A,B,B,B,B,B,B,B,B,B,B,B,0.7,draw
1417,radicaleq,1,A,A,A,A,A,A,A,A,A,A,A,A,A,A,A,A,A,A,A,A,1.0,draw
1417,equalize,2,B,B,B,B,B,B,B,B,B,B,B,B,B,B,B,B,B,B,B,B,1.0,draw
1418,equalize,1,A,A,A,A,A,A,A,A,A,A,A,A,A,A,A,A,A,A,A,A,1.0,draw
1418,radicaleq,2,B,B,B,B,B,B,B,B,B,B,B,B,B,B,B,B,B,B,B,B,1.0,draw
1419,equalize,1,A,A,A,A,A,A,A,A,A,A,A,A,A,A,A,A,A,A,A,A,1.0,draw
1419,rotate0,2,B,B,B,B,B,B,B,B,B,B,B,B,B,B,B,B,B,B,B,B,1.0,draw
1420,rotate0,1,A,A,A,A,A,A,A,A,A,A,A,A,A,A,A,A,A,A,A,A,1.0,draw
1420,equalize,2,B,B,B,B,B,B,B,B,B,B,B,B,B,B,B,B,B,B,B,B,1.0,draw
1421,caste,1,A,A,A,A,A,A,A,A,A,A,A,A,A,A,A,A,A,A,A,A,1.0,draw
1421,equalize,2,B,B,B,B,B,B,B,B,B,B,B,B,B,B,B,B,B,B,B,B,1.0,draw
1422,equalize,1,A,A,A,A,A,A,A,A,A,A,A,A,A,A,A,A,A,A,A,A,1.0,draw
1422,caste,2,B,B,B,B,B,B,B,B,B,B,B,B,B,B,B,B,B,B,B,B,1.0,draw
1423,equalize,1,A,A,A,A,A,A,A,A,A,A,A,A,A,A,A,A,A,A,A,A,1.0,draw
1423,equalize,2,B,B,B,B,B,B,B,B,B,B,B,B,B,B,B,B,B,B,B,B,1.0,draw
1424,equalize,1,A,A,A,A,A,A,A,A,A,A,A,A,A,A,A,A,A,A,A,A,1.0,draw
1424,equalize,2,B,B,B,B,B,B,B,B,B,B,B,B,B,B,B,B,B,B,B,B,1.0,draw
1425,random,1,A,A,skip,B,B,B,skip,B,A,skip,B,B,skip,B,B,skip,A,skip,skip,A,0.25,turntaking
1425,turntaking,2,B,B,B,B,B,B,B,B,B,B,B,B,B,B,B,B,B,B,B,B,0.6,turntaking
1426,turntaking,1,A,A,A,A,A,A,A,B,A,A,A,A,A,A,A,A,A,A,A,A,0.8,turntaking
1426,random,2,A,skip,skip,B,skip,B,B,B,skip,skip,skip,A,B,skip,B,skip,skip,B,skip,A,0.3,turntaking
1427,turntaking,1,A,A,A,B,B,B,A,A,A,B,B,B,A,A,A,B,B,B,A,A,0.65,draw
1427,rotate,2,B,A,B,A,B,A,B,A,B,A,B,A,B,A,B,A,B,A,B,A,0.65,draw
1428,rotate,1,A,B,A,B,A,B,A,B,A,B,A,B,A,B,A,B,A,B,A,B,0.5,draw
1428,turntaking,2,B,B,B,B,B,B,B,B,B,B,B,B,B,B,B,B,B,B,B,B,0.5,draw
1429,random3,1,B,B,A,A,A,A,A,A,A,A,A,A,A,A,A,A,A,A,A,A,0.9,draw
1429,turntaking,2,B,B,B,B,B,B,B,B,B,B,B,B,B,B,B,B,B,B,B,B,0.9,draw
1430,turntaking,1,A,A,A,B,A,A,A,B,A,B,B,A,A,B,B,B,B,B,B,B,0.35,draw
1430,random3,2,A,A,B,B,A,B,B,B,B,B,A,A,B,B,B,B,B,B,B,A,0.35,draw
1431,turntaking,1,A,A,A,A,A,A,A,A,A,A,A,A,A,A,A,A,A,A,A,A,1.0,draw
1431,radicaleq,2,B,B,B,B,B,B,B,B,B,B,B,B,B,B,B,B,B,B,B,B,1.0,draw
1432,radicaleq,1,A,A,A,A,A,A,A,A,A,A,A,A,A,A,A,A,A,A,A,A,1.0,draw
1432,turntaking,2,B,B,B,B,B,B,B,B,B,B,B,B,B,B,B,B,B,B,B,B,1.0,draw
1433,rotate0,1,A,A,A,A,A,A,A,A,A,A,A,A,A,A,A,A,A,A,A,A,1.0,draw
1433,turntaking,2,B,B,B,B,B,B,B,B,B,B,B,B,B,B,B,B,B,B,B,B,1.0,draw
1434,turntaking,1,A,A,A,A,A,A,A,A,A,A,A,A,A,A,A,A,A,A,A,A,1.0,draw
1434,rotate0,2,B,B,B,B,B,B,B,B,B,B,B,B,B,B,B,B,B,B,B,B,1.0,draw
1435,turntaking,1,A,A,A,A,A,A,A,A,A,A,A,A,A,A,A,A,A,A,A,A,1.0,draw
1435,caste,2,B,B,B,B,B,B,B,B,B,B,B,B,B,B,B,B,B,B,B,B,1.0,draw
1436,caste,1,A,A,A,A,A,A,A,A,A,A,A,A,A,A,A,A,A,A,A,A,1.0,draw
1436,turntaking,2,B,B,B,B,B,B,B,B,B,B,B,B,B,B,B,B,B,B,B,B,1.0,draw
1437,equalize,1,A,A,A,A,A,A,A,A,A,A,A,A,A,A,A,A,A,A,A,A,1.0,draw
1437,turntaking,2,B,B,B,B,B,B,B,B,B,B,B,B,B,B,B,B,B,B,B,B,1.0,draw
1438,turntaking,1,A,A,A,A,A,A,A,A,A,A,A,A,A,A,A,A,A,A,A,A,1.0,draw
1438,equalize,2,B,B,B,B,B,B,B,B,B,B,B,B,B,B,B,B,B,B,B,B,1.0,draw
1439,turntaking,1,A,A,A,A,A,A,A,A,A,A,A,A,A,A,A,A,A,A,A,A,1.0,draw
1439,turntaking,2,B,B,B,B,B,B,B,B,B,B,B,B,B,B,B,B,B,B,B,B,1.0,draw
1440,turntaking,1,A,A,A,A,A,A,A,A,A,A,A,A,A,A,A,A,A,A,A,A,1.0,draw
1440,turntaking,2,B,B,B,B,B,B,B,B,B,B,B,B,B,B,B,B,B,B,B,B,1.0,draw
