Match,Strategy,Position,Round1,Round2,Round3,Round4,Round5,Round6,Round7,Round8,Round9,Round10,Round11,Round12,Round13,Round14,Round15,Round16,Round17,Round18,Round19,Round20,Win,Winner
1,random,1,A,D,B,skip,D,D,E,B,E,B,B,C,B,B,A,B,B,D,skip,skip,0.4,draw
1,random,2,skip,A,A,skip,B,C,A,skip,D,skip,D,A,skip,skip,A,C,E,skip,A,B,0.4,draw
1,random,3,D,A,B,skip,skip,E,skip,C,skip,C,A,skip,A,E,B,A,D,A,C,E,0.35,draw
1,random,4,E,B,C,A,skip,B,D,E,B,E,A,E,E,A,B,skip,D,C,E,A,0.6,draw
1,random,5,E,D,D,B,E,skip,A,E,E,C,A,C,A,E,skip,D,D,skip,B,D,0.2,draw
1,random,6,B,A,A,D,D,D,E,A,skip,A,skip,B,C,A,A,D,skip,D,B,B,0.3,draw
2,random,1,E,C,D,C,E,B,C,E,A,B,skip,C,B,E,skip,B,D,skip,A,C,0.3,draw
2,random,2,E,D,D,B,A,D,B,D,A,C,C,A,D,E,A,A,D,skip,E,C,0.4,draw
2,random,3,C,B,E,E,B,B,E,skip,B,skip,E,A,B,skip,skip,A,A,A,D,C,0.25,draw
2,random,4,B,A,E,skip,E,B,skip,B,A,skip,D,C,A,A,B,A,C,B,E,skip,0.4,draw
2,random,5,C,B,B,C,E,B,D,C,A,A,A,E,B,E,skip,A,skip,D,C,skip,0.35,draw
2,random,6,C,A,skip,E,skip,C,B,D,A,A,B,C,E,B,skip,E,E,A,D,B,0.35,draw
3,random,1,A,skip,A,A,A,E,D,C,A,C,E,A,D,skip,B,C,C,E,D,E,0.15,draw
3,random,2,skip,C,B,A,B,C,E,skip,D,E,D,A,E,A,skip,B,D,A,A,C,0.3,draw
3,random,3,C,D,B,skip,A,A,D,skip,A,B,B,A,B,E,E,C,C,skip,B,E,0.3,draw
3,random,4,B,skip,E,C,skip,D,E,skip,D,skip,D,C,skip,skip,B,skip,A,B,D,skip,0.2,draw
3,random,5,A,A,A,skip,skip,skip,skip,E,D,C,B,A,E,skip,E,A,D,E,C,B,0.2,draw
3,random,6,skip,C,D,C,B,D,C,E,E,C,E,A,skip,D,C,D,D,B,B,C,0.3,draw
4,random,1,A,skip,A,D,B,skip,A,C,skip,E,B,A,B,skip,A,C,A,skip,B,A,0.25,draw
4,random,2,D,B,D,B,A,D,B,C,B,E,B,B,A,skip,E,A,skip,C,A,D,0.3,draw
4,random,3,D,skip,E,B,skip,A,E,C,E,B,D,E,B,skip,skip,D,B,C,C,E,0.4,draw
4,random,4,skip,skip,D,skip,E,E,E,D,B,skip,A,D,E,C,E,A,A,D,B,C,0.35,draw
4,random,5,D,A,A,A,E,B,A,E,D,D,C,E,B,A,skip,A,C,A,A,A,0.4,draw
4,random,6,D,A,A,A,D,E,skip,C,skip,C,skip,A,C,D,B,D,A,B,E,D,0.35,draw
5,random,1,E,A,D,A,C,E,skip,D,B,C,D,D,A,A,C,skip,E,skip,A,skip,0.5,draw
5,random,2,D,C,C,C,E,B,E,C,C,skip,D,B,D,A,E,E,D,E,skip,C,0.45,draw
5,random,3,B,B,E,E,E,E,C,A,E,D,E,D,C,E,A,E,D,D,D,E,0.35,draw
5,random,4,C,B,A,C,B,B,skip,skip,skip,D,E,E,D,E,skip,D,skip,skip,B,E,0.15,draw
5,random,5,A,B,B,D,C,skip,C,B,D,A,D,E,B,E,B,D,A,B,E,skip,0.5,draw
5,random,6,B,B,A,B,skip,D,B,B,C,D,B,D,skip,C,C,B,D,skip,D,E,0.3,draw
6,random,1,B,A,B,C,D,A,B,A,E,E,A,A,E,B,B,A,D,skip,skip,E,0.3,draw
6,random,2,A,B,A,B,D,D,B,skip,B,D,C,A,skip,B,E,E,E,D,C,B,0.35,draw
6,random,3,B,B,C,A,E,D,E,A,A,B,A,E,skip,E,skip,A,B,B,C,A,0.3,draw
6,random,4,B,A,D,A,D,A,B,C,E,A,C,A,A,E,A,A,E,B,A,A,0.3,draw
6,random,5,B,skip,skip,B,D,C,D,B,skip,C,B,D,D,A,B,A,C,A,D,D,0.55,draw
6,random,6,skip,C,C,A,D,C,A,skip,skip,D,C,skip,skip,D,skip,D,A,B,E,skip,0.3,draw
7,random,1,D,skip,E,D,skip,D,B,D,C,E,skip,C,D,B,E,skip,B,E,D,B,0.2,draw
7,random,2,C,B,A,A,D,skip,A,E,A,E,skip,C,E,C,skip,E,A,E,skip,B,0.35,draw
7,random,3,D,B,C,D,C,B,A,C,skip,C,E,B,skip,B,B,A,E,C,E,D,0.35,draw
7,random,4,A,A,D,A,E,D,C,B,E,B,D,B,D,skip,B,D,D,A,B,skip,0.35,draw
7,random,5,skip,A,E,C,E,B,E,B,skip,B,skip,E,A,B,D,B,B,skip,E,B,0.25,draw
7,random,6,skip,B,D,C,E,A,B,C,A,D,B,skip,B,B,A,A,A,A,C,A,0.35,draw
8,random,1,A,E,C,B,D,C,skip,skip,D,B,B,B,B,A,B,B,E,skip,C,A,0.6,draw
8,random,2,E,E,A,E,A,D,A,C,C,B,C,E,skip,E,A,A,C,A,skip,E,0.35,draw
8,random,3,C,A,E,skip,C,B,A,E,A,E,skip,skip,A,skip,E,A,B,A,E,skip,0.3,draw
8,random,4,D,A,skip,D,B,B,C,B,skip,B,E,E,D,skip,E,A,B,A,E,A,0.3,draw
8,random,5,skip,E,B,A,skip,C,B,D,E,E,C,A,C,B,E,E,D,C,D,A,0.55,draw
8,random,6,E,D,A,C,B,C,skip,D,D,A,D,C,E,skip,A,C,C,E,skip,C,0.45,draw
9,random,1,B,A,B,C,E,skip,C,A,A,A,C,A,B,C,B,C,D,E,D,D,0.4,draw
9,random,2,D,skip,E,E,E,B,A,A,A,C,D,C,D,skip,D,skip,A,C,A,A,0.3,draw
9,random,3,A,D,D,C,C,A,E,C,E,skip,B,C,D,D,skip,C,A,A,D,B,0.5,draw
9,random,4,A,A,B,B,A,E,A,E,A,B,skip,E,C,E,D,skip,A,B,C,A,0.35,draw
9,random,5,C,E,skip,D,skip,skip,B,D,C,D,E,E,B,D,C,A,skip,D,B,D,0.5,draw
9,random,6,C,A,A,A,E,skip,C,E,A,B,E,B,E,A,E,C,B,C,A,skip,0.35,draw
10,random,1,B,A,C,C,D,A,C,E,A,A,C,C,D,E,C,D,C,C,skip,A,0.55,draw
10,random,2,E,E,A,skip,B,A,C,A,E,E,D,B,E,A,E,B,D,C,C,C,0.3,draw
10,random,3,B,D,skip,D,E,C,D,A,A,D,B,B,A,C,skip,D,A,skip,skip,D,0.5,draw
10,random,4,E,skip,skip,skip,skip,C,C,D,A,C,D,skip,D,E,D,skip,D,D,A,E,0.2,draw
10,random,5,skip,C,B,B,C,B,C,C,D,B,D,B,C,B,skip,B,skip,D,A,skip,0.45,draw
10,random,6,B,E,D,A,A,A,E,C,E,E,A,B,D,skip,E,C,skip,D,B,B,0.4,draw
11,random,1,D,C,A,D,skip,skip,B,B,C,D,B,B,A,skip,D,skip,B,B,A,B,0.45,draw
11,random,2,C,E,D,A,D,B,skip,B,A,B,E,A,D,A,B,D,A,D,C,C,0.3,draw
11,random,3,E,A,A,skip,E,B,D,E,A,C,D,D,D,C,A,D,A,A,skip,skip,0.35,draw
11,random,4,E,skip,C,E,E,C,skip,C,D,skip,B,C,E,A,E,skip,skip,D,C,C,0.2,draw
11,random,5,E,D,A,E,A,skip,A,E,A,B,skip,A,A,C,skip,skip,A,E,D,C,0.2,draw
11,random,6,A,skip,A,A,C,C,B,D,C,B,A,B,E,A,E,A,skip,E,B,C,0.3,draw
12,random,1,B,E,D,C,C,A,D,E,B,E,skip,D,skip,C,B,A,skip,E,B,D,0.35,draw
12,random,2,skip,E,C,E,C,B,B,skip,A,skip,B,skip,skip,D,B,B,C,skip,skip,D,0.15,draw
12,random,3,D,C,C,E,A,skip,D,A,B,skip,A,E,E,skip,D,B,B,E,skip,D,0.15,draw
12,random,4,E,skip,A,skip,B,B,B,skip,D,A,skip,A,D,A,E,C,B,C,C,B,0.45,draw
12,random,5,D,C,E,skip,C,D,B,C,skip,E,D,D,A,A,skip,skip,B,B,C,B,0.3,draw
12,random,6,A,E,C,D,A,A,D,A,skip,skip,B,E,B,A,E,E,E,A,E,C,0.4,draw
13,random,1,D,A,A,A,C,A,D,B,skip,skip,D,skip,E,skip,E,B,B,skip,skip,skip,0.15,draw
13,random,2,C,D,A,A,D,A,B,B,D,C,A,B,E,skip,B,B,E,E,B,C,0.25,draw
13,random,3,C,D,D,E,A,A,E,C,B,B,D,E,D,D,B,D,E,skip,D,D,0.4,draw
13,random,4,C,C,B,C,skip,C,C,E,E,D,D,D,skip,D,A,E,A,C,skip,D,0.5,draw
13,random,5,E,A,B,A,B,D,D,D,B,D,A,A,skip,skip,D,D,E,B,E,B,0.45,draw
13,random,6,C,B,skip,A,A,skip,skip,skip,B,C,C,B,A,B,A,skip,B,A,B,A,0.3,draw
14,random,1,D,C,A,C,E,D,D,skip,D,D,skip,B,D,A,C,B,D,B,skip,C,0.2,draw
14,random,2,A,skip,skip,C,A,C,skip,skip,A,skip,C,skip,B,E,C,B,skip,C,C,B,0.2,draw
14,random,3,E,skip,A,E,E,B,D,skip,D,B,skip,D,D,A,D,E,skip,E,A,E,0.3,draw
14,random,4,B,skip,D,E,B,B,B,B,skip,D,C,B,skip,B,skip,B,E,skip,B,E,0.3,draw
14,random,5,D,E,E,A,A,A,A,C,A,C,B,B,A,E,A,D,C,B,skip,A,0.55,draw
14,random,6,A,E,A,B,B,C,B,A,D,E,A,C,A,skip,skip,A,skip,E,D,skip,0.35,draw
15,random,1,B,D,skip,B,skip,B,E,D,D,C,skip,skip,D,E,A,E,C,E,E,A,0.35,draw
15,random,2,E,C,D,skip,E,E,A,B,E,skip,A,C,D,A,B,D,E,B,skip,skip,0.4,draw
15,random,3,C,D,A,C,D,A,skip,B,E,B,B,C,skip,D,D,skip,skip,B,D,C,0.3,draw
15,random,4,skip,skip,C,E,D,A,B,E,A,B,skip,C,E,C,E,D,D,D,A,C,0.2,draw
15,random,5,B,C,E,B,A,B,A,E,B,B,C,B,skip,E,A,C,D,D,A,A,0.3,draw
15,random,6,A,skip,skip,E,B,B,skip,B,skip,C,E,C,E,C,C,skip,skip,A,D,B,0.3,draw
16,random,1,B,skip,E,D,B,B,A,skip,D,B,A,A,B,C,B,E,D,A,E,D,0.25,rotate
16,rotate,2,B,C,D,E,skip,A,B,C,D,E,skip,A,B,C,D,E,skip,A,B,C,0.3,rotate
16,rotate,3,C,D,E,skip,A,B,C,D,E,skip,A,B,C,D,E,skip,A,B,C,D,0.3,rotate
16,random,4,C,B,E,C,skip,B,A,skip,E,skip,B,C,A,C,C,D,skip,skip,B,C,0.2,rotate
16,random,5,A,A,B,D,skip,skip,A,skip,E,C,C,D,A,C,E,C,B,B,C,skip,0.3,rotate
16,random,6,B,A,A,A,D,D,skip,C,A,E,C,C,A,D,E,D,A,B,D,skip,0.3,rotate
17,random,1,E,A,C,D,skip,D,A,D,B,skip,A,E,skip,D,skip,B,A,D,B,D,0.1,rotate
17,random,2,B,D,E,C,C,skip,B,D,D,A,A,A,C,A,A,D,skip,D,C,skip,0.35,rotate
17,rotate,3,C,D,E,skip,A,B,C,D,E,skip,A,B,C,D,E,skip,A,B,C,D,0.3,rotate
17,random,4,C,C,C,E,A,skip,A,B,A,skip,A,E,E,C,skip,B,skip,A,D,D,0.35,rotate
17,random,5,C,D,E,skip,E,D,A,B,skip,D,skip,A,D,D,B,B,skip,D,B,skip,0.15,rotate
17,rotate,6,skip,A,B,C,D,E,skip,A,B,C,D,E,skip,A,B,C,D,E,skip,A,0.5,rotate
18,random,1,B,A,E,skip,B,E,C,A,skip,C,skip,C,A,B,C,C,A,skip,A,C,0.25,rotate
18,random,2,B,D,B,D,B,B,B,C,D,A,C,E,E,skip,A,D,C,C,A,C,0.45,rotate
18,rotate,3,C,D,E,skip,A,B,C,D,E,skip,A,B,C,D,E,skip,A,B,C,D,0.35,rotate
18,rotate,4,D,E,skip,A,B,C,D,E,skip,A,B,C,D,E,skip,A,B,C,D,E,0.45,rotate
18,random,5,D,D,E,B,E,E,B,D,skip,D,skip,B,A,B,A,A,E,skip,B,E,0.15,rotate
18,random,6,skip,C,C,B,A,D,A,D,E,E,E,D,skip,A,E,E,E,skip,D,A,0.5,rotate
19,random,1,D,skip,E,D,D,skip,A,E,A,B,C,D,D,B,E,D,D,B,B,B,0.4,rotate
19,rotate,2,B,C,D,E,skip,A,B,C,D,E,skip,A,B,C,D,E,skip,A,B,C,0.55,rotate
19,random,3,E,D,B,D,D,skip,D,C,B,B,skip,A,A,D,D,skip,A,E,skip,D,0.35,rotate
19,random,4,A,skip,C,skip,D,D,A,skip,B,C,C,A,E,C,C,C,C,B,D,A,0.25,rotate
19,rotate,5,E,skip,A,B,C,D,E,skip,A,B,C,D,E,skip,A,B,C,D,E,skip,0.35,rotate
19,random,6,C,skip,C,A,skip,A,D,C,B,A,D,C,E,C,E,C,E,skip,E,E,0.35,rotate
20,random,1,A,E,skip,D,E,A,D,C,D,C,B,D,B,skip,C,C,D,B,skip,E,0.5,rotate
20,random,2,E,B,A,B,A,C,E,E,B,A,C,skip,D,D,E,A,E,skip,B,skip,0.35,rotate
20,rotate,3,C,D,E,skip,A,B,C,D,E,skip,A,B,C,D,E,skip,A,B,C,D,0.5,rotate
20,random,4,B,skip,C,skip,D,D,A,C,A,E,B,E,D,B,E,B,A,E,C,A,0.2,rotate
20,rotate,5,E,skip,A,B,C,D,E,skip,A,B,C,D,E,skip,A,B,C,D,E,skip,0.3,rotate
20,random,6,B,skip,C,A,E,E,skip,A,E,E,B,E,B,D,D,A,D,E,E,B,0.25,rotate
21,random,1,D,A,D,skip,B,E,A,A,A,C,D,C,skip,B,E,D,A,A,skip,E,0.35,rotate
21,random,2,skip,E,skip,A,B,skip,C,C,skip,E,B,A,B,D,C,C,E,B,E,B,0.55,rotate
21,random,3,skip,B,C,A,E,A,skip,D,A,C,E,E,skip,E,D,E,B,C,C,C,0.6,rotate
21,random,4,skip,C,skip,skip,C,B,E,E,A,D,B,C,D,B,A,skip,B,D,B,E,0.3,rotate
21,rotate,5,E,skip,A,B,C,D,E,skip,A,B,C,D,E,skip,A,B,C,D,E,skip,0.5,rotate
21,rotate,6,skip,A,B,C,D,E,skip,A,B,C,D,E,skip,A,B,C,D,E,skip,A,0.45,rotate
22,rotate,1,A,B,C,D,E,skip,A,B,C,D,E,skip,A,B,C,D,E,skip,A,B,0.3,rotate
22,rotate,2,B,C,D,E,skip,A,B,C,D,E,skip,A,B,C,D,E,skip,A,B,C,0.45,rotate
22,random,3,E,B,C,E,D,E,A,skip,E,D,E,D,A,B,B,skip,E,C,skip,C,0.2,rotate
22,random,4,B,D,E,skip,skip,skip,B,D,skip,B,skip,A,skip,D,E,B,C,skip,C,E,0.4,rotate
22,random,5,E,A,E,B,D,D,E,A,A,C,E,skip,B,skip,C,skip,E,A,skip,B,0.25,rotate
22,random,6,C,A,B,A,D,C,C,skip,A,skip,skip,C,A,C,B,B,A,A,A,D,0.4,rotate
23,rotate,1,A,B,C,D,E,skip,A,B,C,D,E,skip,A,B,C,D,E,skip,A,B,0.3,rotate
23,random,2,B,D,E,B,skip,skip,B,B,skip,A,A,A,B,C,C,B,C,skip,C,C,0.35,rotate
23,rotate,3,C,D,E,skip,A,B,C,D,E,skip,A,B,C,D,E,skip,A,B,C,D,0.5,rotate
23,random,4,B,E,skip,D,skip,skip,D,D,C,A,E,C,E,C,A,skip,B,C,E,B,0.25,rotate
23,random,5,A,A,C,E,skip,skip,E,B,D,B,B,skip,E,A,D,A,A,skip,D,A,0.5,rotate
23,random,6,skip,E,B,D,E,E,D,C,D,D,A,E,C,E,C,D,A,skip,B,skip,0.3,rotate
24,rotate,1,A,B,C,D,E,skip,A,B,C,D,E,skip,A,B,C,D,E,skip,A,B,0.5,rotate
24,random,2,A,C,E,E,A,B,E,C,A,B,B,A,B,D,A,D,D,skip,E,C,0.55,rotate
24,random,3,E,A,B,E,B,skip,E,E,E,B,A,B,D,A,D,skip,E,A,B,D,0.35,rotate
24,random,4,skip,C,A,A,B,D,E,E,C,E,C,B,A,E,C,skip,D,E,D,E,0.35,rotate
24,random,5,C,A,A,E,B,C,C,B,B,C,A,D,C,skip,C,A,skip,E,skip,C,0.3,rotate
24,rotate,6,skip,A,B,C,D,E,skip,A,B,C,D,E,skip,A,B,C,D,E,skip,A,0.45,rotate
25,random,1,A,E,D,C,E,B,E,B,A,B,B,A,C,D,A,B,A,A,E,E,0.35,rotate
25,rotate,2,B,C,D,E,skip,A,B,C,D,E,skip,A,B,C,D,E,skip,A,B,C,0.35,rotate
25,random,3,skip,D,B,C,C,B,D,skip,D,E,B,C,B,B,skip,D,skip,E,skip,C,0.15,rotate
25,rotate,4,D,E,skip,A,B,C,D,E,skip,A,B,C,D,E,skip,A,B,C,D,E,0.45,rotate
25,random,5,B,E,A,B,A,skip,C,B,E,B,C,skip,B,C,D,A,B,D,C,A,0.35,rotate
25,random,6,C,D,B,A,C,E,E,D,D,D,B,C,E,D,A,C,C,D,C,C,0.35,rotate
26,random,1,B,D,D,E,D,C,D,B,E,D,C,D,B,E,E,skip,C,B,B,E,0.3,rotate
26,random,2,A,A,D,D,E,C,E,A,C,skip,B,A,skip,A,E,E,B,E,A,D,0.4,rotate
26,random,3,A,E,skip,B,skip,E,D,skip,B,D,D,skip,A,A,E,D,C,skip,B,skip,0.25,rotate
26,rotate,4,D,E,skip,A,B,C,D,E,skip,A,B,C,D,E,skip,A,B,C,D,E,0.4,rotate
26,rotate,5,E,skip,A,B,C,D,E,skip,A,B,C,D,E,skip,A,B,C,D,E,skip,0.4,rotate
26,random,6,D,skip,B,E,C,D,E,D,E,E,C,A,D,skip,D,B,D,skip,A,A,0.3,rotate
27,random,1,B,E,E,E,B,skip,E,D,E,A,C,A,D,D,C,A,E,B,E,D,0.45,rotate
27,random,2,skip,A,E,C,E,E,skip,skip,skip,B,A,E,A,A,skip,E,E,C,B,A,0.15,rotate
27,random,3,B,A,B,A,B,A,C,E,C,E,B,C,D,C,C,E,B,skip,B,C,0.25,rotate
27,rotate,4,D,E,skip,A,B,C,D,E,skip,A,B,C,D,E,skip,A,B,C,D,E,0.3,rotate
27,random,5,B,D,A,A,A,D,C,A,skip,B,skip,D,D,B,A,E,B,B,skip,skip,0.35,rotate
27,rotate,6,skip,A,B,C,D,E,skip,A,B,C,D,E,skip,A,B,C,D,E,skip,A,0.4,rotate
28,rotate,1,A,B,C,D,E,skip,A,B,C,D,E,skip,A,B,C,D,E,skip,A,B,0.25,rotate
28,random,2,E,C,D,skip,B,D,E,C,E,D,C,B,E,A,D,skip,C,E,E,C,0.5,rotate
28,random,3,A,C,B,A,skip,skip,D,skip,B,B,skip,A,A,B,E,D,skip,E,A,A,0.2,rotate
28,rotate,4,D,E,skip,A,B,C,D,E,skip,A,B,C,D,E,skip,A,B,C,D,E,0.55,rotate
28,random,5,C,B,C,skip,B,D,A,B,skip,B,A,C,E,A,D,B,B,E,C,D,0.2,rotate
28,random,6,C,C,skip,B,E,A,B,A,D,A,E,A,A,C,A,D,A,B,B,skip,0.5,rotate
29,random,1,C,D,E,D,E,D,B,E,B,D,E,A,B,C,skip,E,B,skip,A,D,0.3,random
29,rotate,2,B,C,D,E,skip,A,B,C,D,E,skip,A,B,C,D,E,skip,A,B,C,0.15,random
29,random,3,B,D,A,C,skip,E,C,E,D,A,D,A,A,E,E,C,D,A,C,skip,0.15,random
29,random,4,C,B,D,skip,E,D,C,B,C,E,C,A,A,E,E,B,C,C,skip,D,0.3,random
29,random,5,skip,C,B,E,A,A,E,E,E,skip,skip,D,skip,C,D,C,C,A,E,E,0.3,random
29,rotate,6,skip,A,B,C,D,E,skip,A,B,C,D,E,skip,A,B,C,D,E,skip,A,0.45,random
30,rotate,1,A,B,C,D,E,skip,A,B,C,D,E,skip,A,B,C,D,E,skip,A,B,0.55,rotate
30,random,2,B,A,A,E,E,D,D,skip,E,C,C,A,A,skip,B,C,D,skip,B,C,0.25,rotate
30,random,3,skip,skip,A,E,B,D,E,C,B,A,D,B,A,E,C,A,B,E,E,A,0.4,rotate
30,random,4,D,skip,E,skip,D,C,D,B,E,C,C,B,skip,C,A,B,A,B,B,skip,0.35,rotate
30,rotate,5,E,skip,A,B,C,D,E,skip,A,B,C,D,E,skip,A,B,C,D,E,skip,0.3,rotate
30,random,6,skip,skip,A,E,E,D,A,D,A,D,D,A,D,D,D,C,C,D,E,A,0.2,rotate
31,rotate,1,A,B,C,D,E,skip,A,B,C,D,E,skip,A,B,C,D,E,skip,A,B,0.85,draw
31,rotate,2,B,C,D,E,skip,A,B,C,D,E,skip,A,B,C,D,E,skip,A,B,C,0.85,draw
31,rotate,3,C,D,E,skip,A,B,C,D,E,skip,A,B,C,D,E,skip,A,B,C,D,0.85,draw
31,rotate,4,D,E,skip,A,B,C,D,E,skip,A,B,C,D,E,skip,A,B,C,D,E,0.85,draw
31,rotate,5,E,skip,A,B,C,D,E,skip,A,B,C,D,E,skip,A,B,C,D,E,skip,0.8,draw
31,rotate,6,skip,A,B,C,D,E,skip,A,B,C,D,E,skip,A,B,C,D,E,skip,A,0.8,draw
32,rotate,1,A,B,C,D,E,skip,A,B,C,D,E,skip,A,B,C,D,E,skip,A,B,0.85,draw
32,rotate,2,B,C,D,E,skip,A,B,C,D,E,skip,A,B,C,D,E,skip,A,B,C,0.85,draw
32,rotate,3,C,D,E,skip,A,B,C,D,E,skip,A,B,C,D,E,skip,A,B,C,D,0.85,draw
32,rotate,4,D,E,skip,A,B,C,D,E,skip,A,B,C,D,E,skip,A,B,C,D,E,0.85,draw
32,rotate,5,E,skip,A,B,C,D,E,skip,A,B,C,D,E,skip,A,B,C,D,E,skip,0.8,draw
32,rotate,6,skip,A,B,C,D,E,skip,A,B,C,D,E,skip,A,B,C,D,E,skip,A,0.8,draw
33,rotate,1,A,B,C,D,E,skip,A,B,C,D,E,skip,A,B,C,D,E,skip,A,B,0.85,draw
33,rotate,2,B,C,D,E,skip,A,B,C,D,E,skip,A,B,C,D,E,skip,A,B,C,0.85,draw
33,rotate,3,C,D,E,skip,A,B,C,D,E,skip,A,B,C,D,E,skip,A,B,C,D,0.85,draw
33,rotate,4,D,E,skip,A,B,C,D,E,skip,A,B,C,D,E,skip,A,B,C,D,E,0.85,draw
33,rotate,5,E,skip,A,B,C,D,E,skip,A,B,C,D,E,skip,A,B,C,D,E,skip,0.8,draw
33,rotate,6,skip,A,B,C,D,E,skip,A,B,C,D,E,skip,A,B,C,D,E,skip,A,0.8,draw
34,rotate,1,A,B,C,D,E,skip,A,B,C,D,E,skip,A,B,C,D,E,skip,A,B,0.85,draw
34,rotate,2,B,C,D,E,skip,A,B,C,D,E,skip,A,B,C,D,E,skip,A,B,C,0.85,draw
34,rotate,3,C,D,E,skip,A,B,C,D,E,skip,A,B,C,D,E,skip,A,B,C,D,0.85,draw
34,rotate,4,D,E,skip,A,B,C,D,E,skip,A,B,C,D,E,skip,A,B,C,D,E,0.85,draw
34,rotate,5,E,skip,A,B,C,D,E,skip,A,B,C,D,E,skip,A,B,C,D,E,skip,0.8,draw
34,rotate,6,skip,A,B,C,D,E,skip,A,B,C,D,E,skip,A,B,C,D,E,skip,A,0.8,draw
35,rotate,1,A,B,C,D,E,skip,A,B,C,D,E,skip,A,B,C,D,E,skip,A,B,0.85,draw
35,rotate,2,B,C,D,E,skip,A,B,C,D,E,skip,A,B,C,D,E,skip,A,B,C,0.85,draw
35,rotate,3,C,D,E,skip,A,B,C,D,E,skip,A,B,C,D,E,skip,A,B,C,D,0.85,draw
35,rotate,4,D,E,skip,A,B,C,D,E,skip,A,B,C,D,E,skip,A,B,C,D,E,0.85,draw
35,rotate,5,E,skip,A,B,C,D,E,skip,A,B,C,D,E,skip,A,B,C,D,E,skip,0.8,draw
35,rotate,6,skip,A,B,C,D,E,skip,A,B,C,D,E,skip,A,B,C,D,E,skip,A,0.8,draw
36,rotate,1,A,B,C,D,E,skip,A,B,C,D,E,skip,A,B,C,D,E,skip,A,B,0.85,draw
36,rotate,2,B,C,D,E,skip,A,B,C,D,E,skip,A,B,C,D,E,skip,A,B,C,0.85,draw
36,rotate,3,C,D,E,skip,A,B,C,D,E,skip,A,B,C,D,E,skip,A,B,C,D,0.85,draw
36,rotate,4,D,E,skip,A,B,C,D,E,skip,A,B,C,D,E,skip,A,B,C,D,E,0.85,draw
36,rotate,5,E,skip,A,B,C,D,E,skip,A,B,C,D,E,skip,A,B,C,D,E,skip,0.8,draw
36,rotate,6,skip,A,B,C,D,E,skip,A,B,C,D,E,skip,A,B,C,D,E,skip,A,0.8,draw
37,rotate,1,A,B,C,D,E,skip,A,B,C,D,E,skip,A,B,C,D,E,skip,A,B,0.85,draw
37,rotate,2,B,C,D,E,skip,A,B,C,D,E,skip,A,B,C,D,E,skip,A,B,C,0.85,draw
37,rotate,3,C,D,E,skip,A,B,C,D,E,skip,A,B,C,D,E,skip,A,B,C,D,0.85,draw
37,rotate,4,D,E,skip,A,B,C,D,E,skip,A,B,C,D,E,skip,A,B,C,D,E,0.85,draw
37,rotate,5,E,skip,A,B,C,D,E,skip,A,B,C,D,E,skip,A,B,C,D,E,skip,0.8,draw
37,rotate,6,skip,A,B,C,D,E,skip,A,B,C,D,E,skip,A,B,C,D,E,skip,A,0.8,draw
38,rotate,1,A,B,C,D,E,skip,A,B,C,D,E,skip,A,B,C,D,E,skip,A,B,0.85,draw
38,rotate,2,B,C,D,E,skip,A,B,C,D,E,skip,A,B,C,D,E,skip,A,B,C,0.85,draw
38,rotate,3,C,D,E,skip,A,B,C,D,E,skip,A,B,C,D,E,skip,A,B,C,D,0.85,draw
38,rotate,4,D,E,skip,A,B,C,D,E,skip,A,B,C,D,E,skip,A,B,C,D,E,0.85,draw
38,rotate,5,E,skip,A,B,C,D,E,skip,A,B,C,D,E,skip,A,B,C,D,E,skip,0.8,draw
38,rotate,6,skip,A,B,C,D,E,skip,A,B,C,D,E,skip,A,B,C,D,E,skip,A,0.8,draw
39,rotate,1,A,B,C,D,E,skip,A,B,C,D,E,skip,A,B,C,D,E,skip,A,B,0.85,draw
39,rotate,2,B,C,D,E,skip,A,B,C,D,E,skip,A,B,C,D,E,skip,A,B,C,0.85,draw
39,rotate,3,C,D,E,skip,A,B,C,D,E,skip,A,B,C,D,E,skip,A,B,C,D,0.85,draw
39,rotate,4,D,E,skip,A,B,C,D,E,skip,A,B,C,D,E,skip,A,B,C,D,E,0.85,draw
39,rotate,5,E,skip,A,B,C,D,E,skip,A,B,C,D,E,skip,A,B,C,D,E,skip,0.8,draw
39,rotate,6,skip,A,B,C,D,E,skip,A,B,C,D,E,skip,A,B,C,D,E,skip,A,0.8,draw
40,rotate,1,A,B,C,D,E,skip,A,B,C,D,E,skip,A,B,C,D,E,skip,A,B,0.85,draw
40,rotate,2,B,C,D,E,skip,A,B,C,D,E,skip,A,B,C,D,E,skip,A,B,C,0.85,draw
40,rotate,3,C,D,E,skip,A,B,C,D,E,skip,A,B,C,D,E,skip,A,B,C,D,0.85,draw
40,rotate,4,D,E,skip,A,B,C,D,E,skip,A,B,C,D,E,skip,A,B,C,D,E,0.85,draw
40,rotate,5,E,skip,A,B,C,D,E,skip,A,B,C,D,E,skip,A,B,C,D,E,skip,0.8,draw
40,rotate,6,skip,A,B,C,D,E,skip,A,B,C,D,E,skip,A,B,C,D,E,skip,A,0.8,draw
41,rotate,1,A,B,C,D,E,skip,A,B,C,D,E,skip,A,B,C,D,E,skip,A,B,0.85,draw
41,rotate,2,B,C,D,E,skip,A,B,C,D,E,skip,A,B,C,D,E,skip,A,B,C,0.85,draw
41,rotate,3,C,D,E,skip,A,B,C,D,E,skip,A,B,C,D,E,skip,A,B,C,D,0.85,draw
41,rotate,4,D,E,skip,A,B,C,D,E,skip,A,B,C,D,E,skip,A,B,C,D,E,0.85,draw
41,rotate,5,E,skip,A,B,C,D,E,skip,A,B,C,D,E,skip,A,B,C,D,E,skip,0.8,draw
41,rotate,6,skip,A,B,C,D,E,skip,A,B,C,D,E,skip,A,B,C,D,E,skip,A,0.8,draw
42,rotate,1,A,B,C,D,E,skip,A,B,C,D,E,skip,A,B,C,D,E,skip,A,B,0.85,draw
42,rotate,2,B,C,D,E,skip,A,B,C,D,E,skip,A,B,C,D,E,skip,A,B,C,0.85,draw
42,rotate,3,C,D,E,skip,A,B,C,D,E,skip,A,B,C,D,E,skip,A,B,C,D,0.85,draw
42,rotate,4,D,E,skip,A,B,C,D,E,skip,A,B,C,D,E,skip,A,B,C,D,E,0.85,draw
42,rotate,5,E,skip,A,B,C,D,E,skip,A,B,C,D,E,skip,A,B,C,D,E,skip,0.8,draw
42,rotate,6,skip,A,B,C,D,E,skip,A,B,C,D,E,skip,A,B,C,D,E,skip,A,0.8,draw
43,rotate,1,A,B,C,D,E,skip,A,B,C,D,E,skip,A,B,C,D,E,skip,A,B,0.85,draw
43,rotate,2,B,C,D,E,skip,A,B,C,D,E,skip,A,B,C,D,E,skip,A,B,C,0.85,draw
43,rotate,3,C,D,E,skip,A,B,C,D,E,skip,A,B,C,D,E,skip,A,B,C,D,0.85,draw
43,rotate,4,D,E,skip,A,B,C,D,E,skip,A,B,C,D,E,skip,A,B,C,D,E,0.85,draw
43,rotate,5,E,skip,A,B,C,D,E,skip,A,B,C,D,E,skip,A,B,C,D,E,skip,0.8,draw
43,rotate,6,skip,A,B,C,D,E,skip,A,B,C,D,E,skip,A,B,C,D,E,skip,A,0.8,draw
44,rotate,1,A,B,C,D,E,skip,A,B,C,D,E,skip,A,B,C,D,E,skip,A,B,0.85,draw
44,rotate,2,B,C,D,E,skip,A,B,C,D,E,skip,A,B,C,D,E,skip,A,B,C,0.85,draw
44,rotate,3,C,D,E,skip,A,B,C,D,E,skip,A,B,C,D,E,skip,A,B,C,D,0.85,draw
44,rotate,4,D,E,skip,A,B,C,D,E,skip,A,B,C,D,E,skip,A,B,C,D,E,0.85,draw
44,rotate,5,E,skip,A,B,C,D,E,skip,A,B,C,D,E,skip,A,B,C,D,E,skip,0.8,draw
44,rotate,6,skip,A,B,C,D,E,skip,A,B,C,D,E,skip,A,B,C,D,E,skip,A,0.8,draw
45,rotate,1,A,B,C,D,E,skip,A,B,C,D,E,skip,A,B,C,D,E,skip,A,B,0.85,draw
45,rotate,2,B,C,D,E,skip,A,B,C,D,E,skip,A,B,C,D,E,skip,A,B,C,0.85,draw
45,rotate,3,C,D,E,skip,A,B,C,D,E,skip,A,B,C,D,E,skip,A,B,C,D,0.85,draw
45,rotate,4,D,E,skip,A,B,C,D,E,skip,A,B,C,D,E,skip,A,B,C,D,E,0.85,draw
45,rotate,5,E,skip,A,B,C,D,E,skip,A,B,C,D,E,skip,A,B,C,D,E,skip,0.8,draw
45,rotate,6,skip,A,B,C,D,E,skip,A,B,C,D,E,skip,A,B,C,D,E,skip,A,0.8,draw
46,random,1,D,B,skip,E,E,D,skip,B,E,C,E,skip,B,E,D,D,E,D,E,A,0.25,random3
46,random3,2,B,B,B,B,B,B,B,B,D,A,A,A,A,A,D,D,D,D,A,A,0.4,random3
46,random3,3,D,D,D,C,C,A,A,C,C,C,C,C,C,C,C,C,C,C,C,D,0.5,random3
46,random,4,D,B,E,E,C,B,E,E,D,E,A,E,skip,A,C,skip,A,B,E,C,0.3,random3
46,random,5,E,C,D,skip,skip,E,D,B,D,E,B,C,D,B,D,A,E,skip,B,C,0.4,random3
46,random,6,B,skip,B,D,D,D,A,skip,skip,skip,D,D,C,B,C,B,E,C,C,skip,0.25,random3
47,random,1,D,D,D,E,C,E,B,skip,A,D,C,C,C,B,B,E,skip,C,A,B,0.55,random3
47,random,2,C,B,C,A,E,skip,A,skip,skip,C,skip,D,B,C,skip,B,A,E,B,C,0.5,random3
47,random3,3,E,E,E,E,D,D,D,D,D,D,A,B,A,A,A,A,A,A,A,A,0.45,random3
47,random,4,E,A,C,C,skip,B,C,E,skip,B,A,E,C,A,A,C,D,D,skip,A,0.2,random3
47,random,5,A,B,skip,C,B,skip,C,skip,B,D,C,B,B,D,A,A,skip,D,C,A,0.2,random3
47,random3,6,B,B,B,B,B,B,B,E,E,E,E,E,E,E,E,E,E,E,E,E,0.6,random3
48,random,1,skip,C,D,A,C,E,B,C,B,B,A,C,D,B,E,B,E,C,D,C,0.3,random3
48,random,2,C,B,C,A,D,B,B,C,A,D,E,B,skip,E,A,C,E,B,A,A,0.35,random3
48,random3,3,A,A,A,A,A,A,A,A,A,D,D,D,D,D,D,D,D,D,D,D,0.55,random3
48,random3,4,C,E,D,D,C,E,C,C,E,E,E,E,E,E,E,C,E,E,E,E,0.4,random3
48,random,5,D,C,E,B,C,E,D,C,C,D,B,D,D,skip,A,C,skip,A,skip,C,0.3,random3
48,random,6,C,E,D,D,skip,skip,A,B,skip,B,E,D,D,D,skip,D,B,A,B,A,0.15,random3
49,random,1,C,D,A,B,A,A,C,skip,E,D,B,C,E,A,B,A,D,B,B,E,0.1,random3
49,random3,2,D,D,E,E,E,E,E,E,E,D,A,A,A,A,A,A,A,A,A,A,0.45,random3
49,random,3,skip,C,C,skip,skip,B,skip,B,C,C,skip,skip,C,C,skip,A,D,B,A,A,0.2,random3
49,random,4,E,skip,C,C,D,D,B,D,C,D,B,E,E,C,E,D,B,A,B,B,0.5,random3
49,random3,5,C,C,E,E,A,A,A,A,C,B,B,B,B,B,B,C,C,C,D,D,0.45,random3
49,random,6,A,C,A,B,A,skip,C,A,A,E,C,A,D,A,B,skip,E,C,A,B,0.3,random3
50,random,1,skip,C,D,B,C,B,C,B,D,skip,A,D,D,skip,skip,D,D,skip,skip,C,0.3,random3
50,random,2,skip,D,B,C,A,skip,B,skip,E,B,skip,D,B,A,C,E,B,E,skip,skip,0.1,random3
50,random3,3,E,E,E,C,C,C,D,D,D,B,B,B,B,B,B,B,B,B,B,B,0.55,random3
50,random,4,B,skip,B,skip,skip,C,skip,E,C,C,E,D,skip,skip,D,D,B,A,E,D,0.35,random3
50,random3,5,A,A,A,A,A,A,A,A,A,A,A,C,C,C,C,E,E,E,E,E,0.4,random3
50,random,6,E,C,E,A,E,B,A,A,E,D,E,C,C,A,A,skip,D,E,D,E,0.2,random3
51,random,1,C,skip,A,C,C,D,C,C,skip,D,skip,D,D,skip,A,B,skip,B,A,E,0.3,random3
51,random,2,skip,skip,B,C,E,C,A,skip,E,E,A,B,D,E,D,C,D,A,D,E,0.3,random3
51,random,3,B,A,skip,D,D,B,A,A,B,E,B,A,B,A,E,A,C,B,C,C,0.3,random3
51,random,4,E,skip,skip,B,D,C,A,B,B,C,skip,D,C,A,E,C,B,D,D,skip,0.25,random3
51,random3,5,D,D,D,D,A,A,A,A,A,A,A,A,E,E,E,E,E,E,E,E,0.6,random3
51,random3,6,C,C,C,C,C,B,B,B,B,B,B,C,C,A,A,A,A,A,A,A,0.35,random3
52,random3,1,C,B,B,B,D,D,D,C,C,C,D,D,A,B,B,B,B,B,B,B,0.45,random3
52,random3,2,E,E,E,E,E,E,E,E,E,E,E,E,E,E,E,E,E,C,C,C,0.55,random3
52,random,3,A,E,B,C,A,A,D,E,D,C,A,C,C,skip,A,C,E,A,B,A,0.3,random3
52,random,4,A,skip,B,C,B,B,D,B,skip,skip,E,B,skip,A,D,skip,D,A,C,B,0.25,random3
52,random,5,D,A,D,A,A,E,B,skip,E,B,D,B,D,C,B,E,A,D,C,D,0.4,random3
52,random,6,C,A,C,B,B,A,E,skip,B,B,skip,D,A,skip,B,C,A,A,B,B,0.1,random3
53,random3,1,E,E,E,E,E,E,E,E,E,E,E,E,C,C,C,C,B,B,B,B,0.7,random3
53,random,2,skip,D,skip,B,skip,B,C,C,D,skip,E,E,E,B,B,E,A,D,A,B,0.2,random3
53,random3,3,D,D,D,B,B,B,B,B,B,A,A,A,A,A,A,D,D,D,D,D,0.4,random3
53,random,4,B,skip,C,A,A,A,A,D,skip,skip,E,skip,A,B,B,D,A,C,skip,E,0.35,random3
53,random,5,skip,B,D,E,D,skip,skip,C,skip,E,B,skip,D,E,A,C,E,D,A,D,0.2,random3
53,random,6,skip,B,C,B,skip,B,A,B,B,A,E,skip,B,skip,A,A,E,D,skip,A,0.15,random3
54,random3,1,C,C,C,B,B,B,B,B,B,B,B,B,B,B,B,B,C,C,C,C,0.5,random3
54,random,2,D,B,skip,E,E,C,B,B,D,E,E,D,A,skip,B,B,A,C,B,E,0.15,random3
54,random,3,E,skip,C,D,C,A,A,skip,D,C,D,skip,E,E,C,A,D,E,B,A,0.25,random3
54,random,4,B,E,skip,E,D,D,B,E,A,B,B,C,E,E,D,D,C,skip,skip,D,0.3,random3
54,random,5,E,skip,A,skip,C,C,C,A,A,E,E,B,skip,C,D,E,A,E,A,D,0.1,random3
54,random3,6,D,A,A,D,D,A,A,A,A,A,A,A,A,C,D,A,A,A,A,E,0.25,random3
55,random,1,B,skip,skip,C,E,C,skip,E,C,D,C,E,skip,E,B,C,skip,A,C,A,0.1,random3
55,random3,2,D,D,D,D,D,D,A,E,D,D,B,E,E,E,C,C,C,C,C,C,0.3,random3
55,random,3,A,C,C,D,E,skip,B,B,C,E,B,C,E,A,B,E,A,B,B,D,0.35,random3
55,random3,4,B,B,B,B,B,C,C,C,C,C,C,C,D,D,D,D,D,D,D,D,0.6,random3
55,random,5,D,C,A,E,B,B,D,E,A,A,D,A,skip,B,B,D,A,C,B,E,0.45,random3
55,random,6,D,D,E,E,A,D,A,A,skip,D,A,B,A,E,skip,E,B,A,B,B,0.4,random3
56,random,1,skip,B,E,D,B,A,C,C,A,skip,D,E,C,C,D,C,E,A,A,B,0.3,random3
56,random,2,skip,C,B,E,B,B,A,A,skip,B,D,C,skip,B,A,C,skip,skip,A,A,0.25,random3
56,random,3,skip,B,D,E,A,B,E,B,C,E,E,skip,skip,B,skip,D,B,C,D,C,0.2,random3
56,random3,4,A,A,A,A,A,D,D,D,D,D,D,A,A,A,A,A,A,A,D,D,0.7,random3
56,random3,5,D,D,D,D,C,C,C,B,B,B,B,B,B,B,B,B,B,B,B,B,0.45,random3
56,random,6,B,D,skip,B,B,C,E,skip,E,B,E,C,C,A,D,D,E,B,D,E,0.2,random3
57,random,1,E,D,A,C,skip,D,C,D,D,B,A,D,skip,B,B,A,D,A,skip,E,0.3,random3
57,random,2,C,B,skip,A,E,A,A,E,C,A,C,A,A,A,E,D,skip,E,skip,B,0.2,random3
57,random,3,skip,skip,A,C,B,B,skip,D,D,B,B,A,C,B,B,D,skip,B,E,C,0.15,random3
57,random3,4,C,C,C,C,C,C,C,C,C,C,C,C,C,C,C,C,B,B,B,B,0.5,random3
57,random,5,D,B,E,D,skip,B,A,C,E,skip,E,B,D,skip,E,C,D,E,A,A,0.25,random3
57,random3,6,D,D,D,D,E,A,A,E,E,E,E,E,E,E,E,E,E,E,E,E,0.35,random3
58,random3,1,B,B,B,D,A,A,A,A,A,A,B,D,D,D,D,D,D,D,D,D,0.4,random3
58,random,2,A,C,E,D,B,C,B,skip,D,D,A,C,D,E,E,D,B,B,B,C,0.45,random3
58,random,3,skip,A,E,C,skip,C,A,A,D,A,E,A,B,D,D,D,C,B,skip,D,0.15,random3
58,random3,4,E,E,E,E,B,B,E,E,E,E,B,B,E,E,E,A,A,A,A,A,0.35,random3
58,random,5,E,A,C,E,C,B,D,A,E,C,B,D,D,C,B,A,C,A,skip,B,0.35,random3
58,random,6,skip,skip,B,D,skip,D,skip,A,D,E,E,B,C,D,E,C,skip,B,E,E,0.25,random3
59,random,1,A,E,D,D,A,E,A,skip,A,A,A,A,C,B,C,B,skip,E,E,skip,0.15,random3
59,random3,2,A,A,A,A,A,A,A,A,A,A,A,A,B,B,E,E,C,C,C,C,0.35,random3
59,random,3,D,B,B,B,A,skip,D,skip,A,B,D,D,skip,skip,A,skip,E,E,C,E,0.3,random3
59,random,4,D,B,D,B,C,D,A,C,C,A,A,E,D,C,B,E,E,B,B,skip,0.35,random3
59,random,5,E,A,C,D,D,C,D,D,D,A,E,skip,B,A,C,A,skip,E,B,skip,0.4,random3
59,random3,6,D,B,D,D,C,E,E,E,E,E,E,C,C,C,E,D,D,D,D,D,0.5,random3
60,random3,1,B,B,B,B,B,B,B,B,A,A,A,A,A,A,A,E,E,E,A,A,0.45,random3
60,random,2,C,A,A,skip,E,A,skip,D,skip,skip,A,skip,B,skip,A,E,skip,D,D,A,0.15,random3
60,random,3,D,D,C,skip,E,B,B,B,E,A,B,B,E,D,D,skip,E,D,B,E,0.5,random3
60,random,4,skip,A,D,D,D,E,A,D,skip,B,E,E,skip,E,C,D,A,E,C,skip,0.4,random3
60,random3,5,E,E,E,D,D,D,D,D,D,D,D,C,C,C,C,C,C,C,C,C,0.65,random3
60,random,6,C,skip,E,E,A,C,skip,E,skip,C,D,B,B,E,A,skip,E,B,A,A,0.3,random3
61,rotate,1,A,B,C,D,E,skip,A,B,C,D,E,skip,A,B,C,D,E,skip,A,B,0.3,rotate
61,random3,2,E,C,C,E,E,E,B,B,B,B,D,A,A,C,C,C,C,C,C,C,0.35,rotate
61,random3,3,A,A,A,A,A,A,A,C,C,E,E,E,B,B,B,B,E,E,E,E,0.25,rotate
61,rotate,4,D,E,skip,A,B,C,D,E,skip,A,B,C,D,E,skip,A,B,C,D,E,0.7,rotate
61,rotate,5,E,skip,A,B,C,D,E,skip,A,B,C,D,E,skip,A,B,C,D,E,skip,0.5,rotate
61,rotate,6,skip,A,B,C,D,E,skip,A,B,C,D,E,skip,A,B,C,D,E,skip,A,0.4,rotate
62,rotate,1,A,B,C,D,E,skip,A,B,C,D,E,skip,A,B,C,D,E,skip,A,B,0.55,rotate
62,rotate,2,B,C,D,E,skip,A,B,C,D,E,skip,A,B,C,D,E,skip,A,B,C,0.55,rotate
62,random3,3,D,B,B,B,E,E,E,E,E,E,E,E,E,E,E,E,C,C,C,C,0.3,rotate
62,rotate,4,D,E,skip,A,B,C,D,E,skip,A,B,C,D,E,skip,A,B,C,D,E,0.5,rotate
62,rotate,5,E,skip,A,B,C,D,E,skip,A,B,C,D,E,skip,A,B,C,D,E,skip,0.4,rotate
62,random3,6,C,C,C,C,C,C,C,C,C,B,B,B,B,B,B,B,C,D,D,D,0.3,rotate
63,rotate,1,A,B,C,D,E,skip,A,B,C,D,E,skip,A,B,C,D,E,skip,A,B,0.4,rotate
63,rotate,2,B,C,D,E,skip,A,B,C,D,E,skip,A,B,C,D,E,skip,A,B,C,0.2,rotate
63,random3,3,B,C,C,E,A,A,A,D,D,E,E,E,C,C,C,C,A,A,A,A,0.2,rotate
63,random3,4,D,D,D,E,E,E,B,B,B,B,B,B,B,B,E,E,E,E,C,C,0.3,rotate
63,rotate,5,E,skip,A,B,C,D,E,skip,A,B,C,D,E,skip,A,B,C,D,E,skip,0.75,rotate
63,rotate,6,skip,A,B,C,D,E,skip,A,B,C,D,E,skip,A,B,C,D,E,skip,A,0.5,rotate
64,rotate,1,A,B,C,D,E,skip,A,B,C,D,E,skip,A,B,C,D,E,skip,A,B,0.5,rotate
64,random3,2,C,C,C,C,B,C,D,D,C,C,C,C,A,A,C,C,C,C,C,C,0.2,rotate
64,rotate,3,C,D,E,skip,A,B,C,D,E,skip,A,B,C,D,E,skip,A,B,C,D,0.6,rotate
64,rotate,4,D,E,skip,A,B,C,D,E,skip,A,B,C,D,E,skip,A,B,C,D,E,0.4,rotate
64,random3,5,E,E,A,A,A,A,A,A,C,C,E,E,E,E,E,E,E,E,E,E,0.3,rotate
64,rotate,6,skip,A,B,C,D,E,skip,A,B,C,D,E,skip,A,B,C,D,E,skip,A,0.45,rotate
65,rotate,1,A,B,C,D,E,skip,A,B,C,D,E,skip,A,B,C,D,E,skip,A,B,0.45,rotate
65,rotate,2,B,C,D,E,skip,A,B,C,D,E,skip,A,B,C,D,E,skip,A,B,C,0.3,rotate
65,random3,3,D,E,E,E,B,B,B,B,B,B,B,A,A,A,A,A,A,A,A,A,0.25,rotate
65,rotate,4,D,E,skip,A,B,C,D,E,skip,A,B,C,D,E,skip,A,B,C,D,E,0.5,rotate
65,random3,5,D,E,D,D,D,D,D,C,D,D,E,A,B,B,D,D,B,B,B,C,0.1,rotate
65,rotate,6,skip,A,B,C,D,E,skip,A,B,C,D,E,skip,A,B,C,D,E,skip,A,0.6,rotate
66,rotate,1,A,B,C,D,E,skip,A,B,C,D,E,skip,A,B,C,D,E,skip,A,B,0.65,rotate
66,rotate,2,B,C,D,E,skip,A,B,C,D,E,skip,A,B,C,D,E,skip,A,B,C,0.6,rotate
66,rotate,3,C,D,E,skip,A,B,C,D,E,skip,A,B,C,D,E,skip,A,B,C,D,0.5,rotate
66,rotate,4,D,E,skip,A,B,C,D,E,skip,A,B,C,D,E,skip,A,B,C,D,E,0.25,rotate
66,random3,5,E,E,E,E,B,C,E,E,E,E,E,E,E,E,E,E,E,E,E,E,0.3,rotate
66,random3,6,A,A,A,A,A,C,D,D,D,D,D,D,D,D,D,B,B,C,D,D,0.25,rotate
67,random3,1,E,A,A,C,C,E,E,E,E,E,E,E,A,A,C,C,C,C,A,A,0.25,random3
67,random3,2,D,D,D,D,D,E,E,E,B,C,D,D,D,B,B,B,B,B,B,B,0.25,random3
67,rotate,3,C,D,E,skip,A,B,C,D,E,skip,A,B,C,D,E,skip,A,B,C,D,0.7,random3
67,rotate,4,D,E,skip,A,B,C,D,E,skip,A,B,C,D,E,skip,A,B,C,D,E,0.6,random3
67,rotate,5,E,skip,A,B,C,D,E,skip,A,B,C,D,E,skip,A,B,C,D,E,skip,0.45,random3
67,rotate,6,skip,A,B,C,D,E,skip,A,B,C,D,E,skip,A,B,C,D,E,skip,A,0.2,random3
68,random3,1,C,C,C,C,D,D,B,B,B,B,B,A,A,A,A,A,A,A,A,A,0.3,random3
68,rotate,2,B,C,D,E,skip,A,B,C,D,E,skip,A,B,C,D,E,skip,A,B,C,0.45,random3
68,random3,3,D,A,A,A,A,A,A,A,A,E,E,E,B,B,B,C,D,E,B,B,0.25,random3
68,rotate,4,D,E,skip,A,B,C,D,E,skip,A,B,C,D,E,skip,A,B,C,D,E,0.65,random3
68,rotate,5,E,skip,A,B,C,D,E,skip,A,B,C,D,E,skip,A,B,C,D,E,skip,0.55,random3
68,rotate,6,skip,A,B,C,D,E,skip,A,B,C,D,E,skip,A,B,C,D,E,skip,A,0.2,random3
69,random3,1,C,A,A,A,C,C,E,E,B,B,B,B,B,B,B,B,B,B,B,A,0.2,rotate
69,rotate,2,B,C,D,E,skip,A,B,C,D,E,skip,A,B,C,D,E,skip,A,B,C,0.7,rotate
69,rotate,3,C,D,E,skip,A,B,C,D,E,skip,A,B,C,D,E,skip,A,B,C,D,0.6,rotate
69,rotate,4,D,E,skip,A,B,C,D,E,skip,A,B,C,D,E,skip,A,B,C,D,E,0.35,rotate
69,rotate,5,E,skip,A,B,C,D,E,skip,A,B,C,D,E,skip,A,B,C,D,E,skip,0.25,rotate
69,random3,6,D,A,B,B,B,B,B,A,A,C,C,C,C,A,A,C,C,C,E,E,0.25,rotate
70,rotate,1,A,B,C,D,E,skip,A,B,C,D,E,skip,A,B,C,D,E,skip,A,B,0.45,rotate
70,random3,2,C,B,B,B,B,B,B,B,B,B,B,B,C,B,B,B,A,D,D,D,0.2,rotate
70,rotate,3,C,D,E,skip,A,B,C,D,E,skip,A,B,C,D,E,skip,A,B,C,D,0.4,rotate
70,random3,4,A,D,D,D,D,A,A,A,A,A,A,A,A,B,B,B,B,B,B,B,0.3,rotate
70,rotate,5,E,skip,A,B,C,D,E,skip,A,B,C,D,E,skip,A,B,C,D,E,skip,0.55,rotate
70,rotate,6,skip,A,B,C,D,E,skip,A,B,C,D,E,skip,A,B,C,D,E,skip,A,0.55,rotate
71,rotate,1,A,B,C,D,E,skip,A,B,C,D,E,skip,A,B,C,D,E,skip,A,B,0.6,rotate
71,rotate,2,B,C,D,E,skip,A,B,C,D,E,skip,A,B,C,D,E,skip,A,B,C,0.45,rotate
71,rotate,3,C,D,E,skip,A,B,C,D,E,skip,A,B,C,D,E,skip,A,B,C,D,0.3,rotate
71,random3,4,E,E,E,A,B,B,B,D,D,A,A,A,A,A,A,A,A,A,A,A,0.3,rotate
71,random3,5,B,D,E,A,A,C,C,C,C,C,C,C,C,D,D,D,B,B,B,B,0.2,rotate
71,rotate,6,skip,A,B,C,D,E,skip,A,B,C,D,E,skip,A,B,C,D,E,skip,A,0.65,rotate
72,rotate,1,A,B,C,D,E,skip,A,B,C,D,E,skip,A,B,C,D,E,skip,A,B,0.55,rotate
72,rotate,2,B,C,D,E,skip,A,B,C,D,E,skip,A,B,C,D,E,skip,A,B,C,0.55,rotate
72,rotate,3,C,D,E,skip,A,B,C,D,E,skip,A,B,C,D,E,skip,A,B,C,D,0.3,rotate
72,random3,4,C,C,C,C,C,C,C,D,D,D,C,C,C,C,C,C,C,B,C,D,0.2,rotate
72,rotate,5,E,skip,A,B,C,D,E,skip,A,B,C,D,E,skip,A,B,C,D,E,skip,0.45,rotate
72,random3,6,C,D,A,A,A,A,A,A,A,B,B,B,E,E,E,E,E,B,B,B,0.2,rotate
73,random3,1,D,D,E,E,E,E,E,D,D,C,C,B,B,B,B,B,B,B,B,B,0.25,rotate
73,rotate,2,B,C,D,E,skip,A,B,C,D,E,skip,A,B,C,D,E,skip,A,B,C,0.5,rotate
73,rotate,3,C,D,E,skip,A,B,C,D,E,skip,A,B,C,D,E,skip,A,B,C,D,0.45,rotate
73,random3,4,B,B,B,B,B,B,B,A,A,A,A,E,E,E,E,E,E,E,E,A,0.25,rotate
73,rotate,5,E,skip,A,B,C,D,E,skip,A,B,C,D,E,skip,A,B,C,D,E,skip,0.45,rotate
73,rotate,6,skip,A,B,C,D,E,skip,A,B,C,D,E,skip,A,B,C,D,E,skip,A,0.4,rotate
74,rotate,1,A,B,C,D,E,skip,A,B,C,D,E,skip,A,B,C,D,E,skip,A,B,0.45,rotate
74,random3,2,C,B,C,D,C,C,E,B,B,B,E,E,E,E,E,E,E,E,E,B,0.15,rotate
74,rotate,3,C,D,E,skip,A,B,C,D,E,skip,A,B,C,D,E,skip,A,B,C,D,0.65,rotate
74,rotate,4,D,E,skip,A,B,C,D,E,skip,A,B,C,D,E,skip,A,B,C,D,E,0.5,rotate
74,rotate,5,E,skip,A,B,C,D,E,skip,A,B,C,D,E,skip,A,B,C,D,E,skip,0.3,rotate
74,random3,6,E,E,A,D,D,D,D,B,B,B,B,D,D,D,C,C,C,C,C,C,0.15,rotate
75,random3,1,C,C,C,C,C,C,C,C,C,C,C,C,C,C,B,B,B,B,B,B,0.3,rotate
75,rotate,2,B,C,D,E,skip,A,B,C,D,E,skip,A,B,C,D,E,skip,A,B,C,0.55,rotate
75,rotate,3,C,D,E,skip,A,B,C,D,E,skip,A,B,C,D,E,skip,A,B,C,D,0.55,rotate
75,rotate,4,D,E,skip,A,B,C,D,E,skip,A,B,C,D,E,skip,A,B,C,D,E,0.4,rotate
75,random3,5,A,A,A,A,B,B,B,E,E,E,E,E,E,E,B,C,D,D,D,E,0.25,rotate
75,rotate,6,skip,A,B,C,D,E,skip,A,B,C,D,E,skip,A,B,C,D,E,skip,A,0.45,rotate
76,random3,1,B,B,B,B,B,B,B,B,B,B,A,A,A,A,A,A,A,A,A,A,0.75,draw
76,random3,2,D,D,D,C,C,A,C,C,C,C,C,C,C,C,C,C,C,C,C,C,0.5,draw
76,random3,3,A,A,A,A,A,A,A,A,B,B,C,B,B,B,B,B,B,B,B,C,0.5,draw
76,random3,4,D,D,D,C,D,D,D,D,D,D,D,D,D,D,C,B,B,B,B,B,0.45,draw
76,random3,5,B,E,E,E,E,E,E,E,E,E,E,E,E,E,E,E,E,E,E,E,0.85,draw
76,random3,6,D,E,E,C,C,C,C,A,A,A,A,A,D,D,D,D,D,D,D,D,0.45,draw
77,random3,1,B,C,C,C,C,B,B,B,B,B,B,B,B,A,A,C,C,C,A,A,0.05,draw
77,random3,2,C,C,C,C,C,C,C,C,C,C,C,C,C,C,C,C,C,C,D,D,0.6,draw
77,random3,3,D,D,D,D,D,D,D,D,D,D,D,D,D,D,D,D,D,D,D,C,0.95,draw
77,random3,4,B,B,B,B,B,B,B,B,B,B,B,E,E,E,E,E,E,E,E,E,0.6,draw
77,random3,5,A,A,A,A,A,A,A,A,A,A,A,A,A,A,A,A,A,A,A,A,0.8,draw
77,random3,6,E,E,E,E,E,E,E,E,E,E,E,E,B,B,B,B,B,B,B,B,0.9,draw
78,random3,1,D,D,D,D,D,D,D,D,D,D,D,D,D,D,D,D,B,B,B,B,0.85,draw
78,random3,2,B,B,B,B,B,B,B,B,B,B,B,B,B,B,B,D,D,D,D,D,0.6,draw
78,random3,3,C,C,C,C,C,C,C,C,C,C,C,C,C,C,C,C,C,A,A,A,0.65,draw
78,random3,4,E,E,E,E,E,E,E,E,C,E,E,E,E,E,E,E,E,E,E,E,0.75,draw
78,random3,5,E,E,E,A,C,A,A,A,A,A,A,A,A,A,A,A,A,A,B,B,0.6,draw
78,random3,6,E,E,A,A,C,C,C,E,B,B,B,B,B,B,B,C,C,C,C,C,0.2,draw
79,random3,1,C,C,C,C,C,C,C,C,C,C,C,C,C,C,C,C,C,C,C,B,0.55,draw
79,random3,2,E,E,E,E,E,E,E,E,E,E,E,E,E,E,B,B,A,B,E,B,0.55,draw
79,random3,3,E,D,D,D,D,D,D,D,D,D,A,D,D,D,D,D,D,D,D,D,0.8,draw
79,random3,4,A,A,A,A,A,A,A,A,A,D,D,D,A,E,C,E,E,E,E,E,0.6,draw
79,random3,5,E,B,B,B,B,B,B,B,B,B,B,B,B,B,B,B,B,B,C,B,0.7,draw
79,random3,6,C,C,C,C,C,C,E,A,A,A,A,A,A,A,A,A,A,A,A,A,0.4,draw
80,random3,1,D,D,D,D,D,D,D,D,D,D,D,D,C,C,E,E,C,E,E,E,0.3,draw
80,random3,2,D,D,D,D,D,A,A,A,A,A,A,A,A,A,A,A,A,E,E,E,0.5,draw
80,random3,3,C,C,C,C,C,C,C,B,B,B,B,D,D,D,D,D,D,D,D,D,0.7,draw
80,random3,4,D,E,E,E,E,E,E,E,E,E,E,E,E,E,E,E,A,A,A,A,0.8,draw
80,random3,5,D,B,B,B,B,B,B,B,B,B,B,B,B,B,B,B,B,B,B,B,0.75,draw
80,random3,6,D,D,D,D,D,A,C,C,C,C,C,C,C,C,C,C,C,E,E,E,0.35,draw
81,random3,1,E,B,B,B,B,B,B,D,C,D,D,D,D,D,D,D,D,C,D,C,0.45,draw
81,random3,2,D,B,B,B,A,A,A,A,A,A,A,A,E,A,A,A,D,C,C,C,0.3,draw
81,random3,3,E,E,E,E,E,E,E,E,E,E,E,E,E,A,E,E,E,E,E,E,0.85,draw
81,random3,4,A,A,A,A,A,A,B,B,B,B,B,B,B,B,B,B,B,B,B,B,0.85,draw
81,random3,5,E,C,C,D,D,D,D,D,C,C,C,C,C,A,A,A,A,A,A,A,0.45,draw
81,random3,6,D,C,C,C,C,C,C,C,C,C,C,A,C,C,C,C,C,C,D,D,0.5,draw
82,random3,1,C,C,C,C,C,C,C,C,C,C,C,C,C,C,C,C,C,C,C,C,0.8,draw
82,random3,2,A,A,A,A,A,A,A,A,A,A,A,E,A,A,A,A,A,A,A,A,0.8,draw
82,random3,3,E,E,E,E,E,E,E,E,E,E,E,E,A,E,E,E,E,E,E,E,0.65,draw
82,random3,4,D,D,D,D,D,D,D,D,D,D,D,D,D,E,E,B,B,B,B,B,0.65,draw
82,random3,5,D,B,B,B,B,B,E,E,E,A,A,D,D,D,D,D,D,D,D,D,0.35,draw
82,random3,6,C,B,B,B,B,B,B,B,B,B,B,B,B,B,B,B,B,C,C,C,0.45,draw
83,random3,1,A,A,A,A,B,B,B,B,B,B,B,B,B,B,B,B,B,B,B,B,0.75,draw
83,random3,2,C,C,C,C,C,A,A,A,A,A,A,A,A,A,A,A,A,A,A,A,0.65,draw
83,random3,3,E,E,E,E,E,E,E,E,E,C,C,C,C,C,C,C,C,C,C,C,0.7,draw
83,random3,4,D,D,D,D,D,D,D,D,D,D,D,D,D,D,D,D,D,D,D,D,0.9,draw
83,random3,5,E,E,B,B,B,A,A,C,E,E,E,E,E,E,E,E,E,E,E,E,0.55,draw
83,random3,6,A,A,A,A,C,A,A,C,C,C,C,C,D,D,A,A,E,A,A,E,0.05,draw
84,random3,1,B,C,C,C,C,C,C,C,C,C,C,C,C,C,C,C,C,C,C,C,0.7,draw
84,random3,2,B,D,E,E,E,A,A,E,A,B,B,B,B,B,B,B,B,B,B,E,0.35,draw
84,random3,3,B,D,D,D,D,D,D,D,D,D,D,D,D,D,D,D,D,D,D,D,0.8,draw
84,random3,4,E,C,C,B,B,B,B,B,B,B,B,B,B,E,E,C,E,E,E,E,0.45,draw
84,random3,5,A,A,A,A,A,A,A,A,A,A,A,A,A,A,A,A,A,A,A,A,0.85,draw
84,random3,6,E,C,C,C,E,D,E,E,E,E,E,E,E,E,E,C,C,D,B,B,0.35,draw
85,random3,1,D,D,D,D,D,D,D,D,E,E,E,E,E,E,E,E,E,E,E,E,0.7,draw
85,random3,2,A,A,E,E,E,D,B,B,B,B,B,B,B,B,B,B,B,B,B,B,0.6,draw
85,random3,3,D,E,E,E,E,E,E,E,E,C,C,C,C,D,D,C,C,C,C,C,0.4,draw
85,random3,4,D,B,B,B,B,B,B,D,D,D,D,C,C,D,D,D,D,D,D,D,0.5,draw
85,random3,5,C,C,C,C,C,C,C,C,C,C,D,E,E,D,C,C,C,B,D,D,0.5,draw
85,random3,6,A,A,A,A,A,A,A,A,A,A,A,A,A,A,A,A,A,A,A,A,0.9,draw
86,random3,1,D,D,D,D,D,D,D,D,D,D,D,D,D,D,D,D,D,D,D,D,1.0,draw
86,random3,2,E,E,E,C,C,E,E,E,E,E,E,E,E,E,E,E,E,E,B,B,0.55,draw
86,random3,3,C,C,E,C,C,C,C,C,C,C,C,A,A,C,E,E,E,E,E,E,0.1,draw
86,random3,4,B,B,B,B,B,B,B,B,B,B,B,B,B,B,B,B,B,B,B,B,0.9,draw
86,random3,5,C,C,C,C,C,C,C,C,C,C,C,C,C,C,C,C,C,C,C,C,0.45,draw
86,random3,6,A,A,A,A,A,A,A,A,A,A,A,A,A,A,A,A,A,A,A,A,0.9,draw
87,random3,1,B,A,A,A,A,A,A,A,A,E,E,E,E,E,E,E,E,E,E,E,0.55,draw
87,random3,2,E,E,E,E,E,E,E,E,E,E,E,E,E,A,B,A,A,A,A,A,0.4,draw
87,random3,3,D,D,D,D,D,D,D,D,D,D,D,D,D,D,D,D,D,D,D,D,0.8,draw
87,random3,4,C,C,C,C,C,C,A,A,A,A,A,A,A,A,D,D,D,B,B,B,0.55,draw
87,random3,5,B,B,B,B,B,B,B,B,B,B,B,B,B,B,B,A,A,A,A,A,0.65,draw
87,random3,6,B,A,E,D,C,C,C,C,C,C,C,C,C,C,C,C,C,C,C,C,0.7,draw
88,random3,1,C,C,C,C,C,C,C,C,C,A,A,A,A,A,A,A,A,A,A,A,0.95,draw
88,random3,2,E,A,A,A,A,A,A,A,C,C,C,C,C,C,C,C,C,C,C,C,0.45,draw
88,random3,3,E,E,E,E,E,E,E,E,E,E,E,E,E,E,E,E,E,E,E,E,0.8,draw
88,random3,4,E,E,E,A,A,B,B,B,B,B,B,B,B,B,B,B,B,B,B,B,0.7,draw
88,random3,5,B,B,B,B,B,B,A,A,C,C,C,C,D,D,D,D,D,D,D,D,0.4,draw
88,random3,6,E,E,D,D,D,D,D,D,D,D,D,D,D,D,D,D,D,C,C,E,0.5,draw
89,random3,1,D,D,D,D,D,D,D,D,D,D,D,D,D,D,D,D,D,D,D,D,0.75,draw
89,random3,2,A,C,C,C,C,C,C,A,A,A,A,A,A,A,A,B,B,A,D,D,0.35,draw
89,random3,3,E,E,E,E,E,E,E,A,B,B,B,B,B,D,A,A,A,A,A,A,0.4,draw
89,random3,4,A,C,A,C,C,C,C,C,C,C,C,C,C,C,C,C,C,C,C,C,0.65,draw
89,random3,5,B,B,B,B,B,B,B,B,B,E,E,E,E,E,E,E,E,E,E,E,0.9,draw
89,random3,6,D,D,A,E,E,E,E,E,E,E,B,B,B,B,B,B,B,B,B,B,0.35,draw
90,random3,1,E,E,E,E,E,E,E,E,E,E,E,E,E,E,E,D,D,D,D,D,0.65,draw
90,random3,2,C,C,B,B,B,A,A,C,D,D,D,D,D,E,E,E,E,E,E,E,0.35,draw
90,random3,3,E,E,E,A,A,A,A,A,A,A,A,A,A,A,A,A,A,A,A,A,0.7,draw
90,random3,4,C,C,D,D,D,D,D,D,D,D,D,D,D,D,D,D,D,B,B,B,0.4,draw
90,random3,5,E,E,E,A,B,B,B,B,B,B,B,B,B,B,B,B,B,B,B,B,0.6,draw
90,random3,6,C,C,C,C,C,C,C,C,C,C,C,C,C,C,C,C,C,C,C,C,0.85,draw
91,random,1,skip,D,D,C,A,D,C,A,E,E,A,D,B,C,B,A,D,A,C,A,0.4,radicaleq
91,radicaleq,2,B,E,B,D,D,skip,skip,D,D,A,B,B,D,A,C,C,D,A,A,A,0.35,radicaleq
91,radicaleq,3,C,B,skip,skip,A,D,E,C,E,C,E,E,E,D,D,D,skip,D,skip,skip,0.45,radicaleq
91,random,4,A,skip,B,A,skip,B,E,C,D,E,C,B,skip,A,B,E,E,skip,skip,B,0.25,radicaleq
91,random,5,B,A,E,B,skip,D,B,D,B,B,D,B,C,A,A,A,B,C,C,B,0.4,radicaleq
91,random,6,skip,A,B,A,B,C,A,A,skip,C,D,A,D,B,C,skip,D,C,B,E,0.35,radicaleq
92,random,1,E,A,A,skip,E,C,D,C,E,E,skip,B,E,D,D,D,D,B,D,skip,0.2,radicaleq
92,random,2,D,A,E,A,B,A,A,A,E,C,C,B,C,D,D,D,A,D,C,B,0.4,radicaleq
92,radicaleq,3,C,skip,C,skip,E,D,E,skip,skip,E,B,C,B,E,E,E,skip,D,D,D,0.4,radicaleq
92,random,4,skip,E,E,D,A,skip,B,D,C,skip,B,D,E,E,A,D,D,D,A,D,0.25,radicaleq
92,random,5,D,C,B,E,D,skip,D,C,B,B,D,E,D,E,C,skip,C,E,A,skip,0.45,radicaleq
92,radicaleq,6,skip,C,E,D,B,B,B,C,B,A,A,D,C,D,C,B,B,C,C,C,0.35,radicaleq
93,random,1,C,B,E,E,A,skip,A,B,D,C,D,E,B,B,skip,skip,A,D,D,skip,0.4,radicaleq
93,random,2,skip,C,B,A,A,C,A,D,C,D,C,A,skip,C,skip,E,D,E,A,B,0.5,radicaleq
93,radicaleq,3,C,D,D,B,A,E,D,A,A,A,skip,C,A,skip,A,skip,A,A,A,D,0.4,radicaleq
93,radicaleq,4,D,C,C,C,skip,C,C,C,C,C,A,skip,C,A,C,A,C,C,C,C,0.45,radicaleq
93,random,5,B,E,D,B,C,A,A,B,D,E,D,C,skip,D,C,C,C,A,C,E,0.3,radicaleq
93,random,6,C,C,skip,D,A,skip,C,A,E,E,B,skip,C,D,E,B,A,skip,E,B,0.3,radicaleq
94,random,1,D,B,B,D,A,skip,B,A,A,B,E,B,C,D,skip,skip,E,A,C,C,0.2,radicaleq
94,radicaleq,2,B,D,D,A,B,B,skip,B,B,skip,skip,skip,skip,D,A,A,D,A,D,D,0.45,radicaleq
94,random,3,C,B,B,D,skip,A,C,B,C,C,E,D,C,skip,A,C,D,D,skip,B,0.3,radicaleq
94,random,4,A,C,E,B,E,A,E,A,D,skip,E,skip,D,D,skip,E,A,B,B,E,0.4,radicaleq
94,radicaleq,5,E,skip,A,skip,D,D,B,A,D,D,B,B,A,B,skip,B,skip,B,B,B,0.4,radicaleq
94,random,6,B,A,E,skip,C,C,B,C,A,B,B,A,E,D,D,C,C,A,C,E,0.4,radicaleq
95,random,1,A,A,skip,D,B,B,C,D,B,A,D,E,skip,B,E,C,C,B,B,E,0.3,radicaleq
95,random,2,C,A,B,E,E,A,E,E,skip,A,skip,B,skip,D,A,A,C,D,D,E,0.4,radicaleq
95,radicaleq,3,C,B,B,C,A,E,C,C,D,E,B,skip,B,C,skip,C,E,E,A,E,0.35,radicaleq
95,random,4,B,A,E,skip,B,E,C,C,B,B,C,B,D,skip,C,D,E,E,D,C,0.35,radicaleq
95,radicaleq,5,E,C,skip,skip,B,B,A,B,skip,skip,skip,C,skip,skip,B,skip,C,C,B,B,0.4,radicaleq
95,random,6,D,skip,B,B,A,D,E,C,B,skip,A,E,B,skip,E,B,C,A,B,C,0.3,radicaleq
96,random,1,E,B,B,E,E,skip,C,A,E,skip,D,B,D,skip,D,C,E,A,A,B,0.3,radicaleq
96,random,2,B,skip,A,A,E,D,skip,B,A,D,E,skip,D,E,A,skip,B,B,E,E,0.4,radicaleq
96,random,3,A,E,A,skip,D,A,A,D,C,C,skip,B,skip,D,B,C,D,E,A,skip,0.3,radicaleq
96,random,4,E,C,skip,C,B,E,A,D,C,D,A,skip,C,D,D,C,E,A,D,D,0.4,radicaleq
96,radicaleq,5,E,B,C,A,C,B,E,skip,E,E,skip,skip,E,skip,E,skip,E,E,A,A,0.4,radicaleq
96,radicaleq,6,skip,A,E,skip,skip,A,B,E,skip,skip,E,C,skip,A,skip,E,skip,skip,E,E,0.35,radicaleq
97,radicaleq,1,A,E,D,B,C,E,B,C,A,C,C,C,C,C,skip,skip,skip,skip,C,A,0.45,radicaleq
97,radicaleq,2,B,D,A,D,A,B,E,A,B,E,E,E,A,A,A,A,B,A,A,E,0.4,radicaleq
97,random,3,B,C,E,B,C,skip,E,C,B,skip,D,E,skip,B,E,C,D,D,C,skip,0.3,radicaleq
97,random,4,C,E,C,C,C,D,C,D,C,E,B,skip,C,A,A,D,skip,skip,D,D,0.45,radicaleq
97,random,5,B,A,E,A,A,B,skip,D,D,skip,A,E,D,E,E,A,skip,E,B,C,0.4,radicaleq
97,random,6,E,B,A,skip,skip,C,B,C,skip,A,skip,B,skip,E,B,D,E,C,skip,E,0.4,radicaleq
98,radicaleq,1,A,D,C,A,C,E,C,C,A,A,A,E,C,A,C,A,C,A,B,A,0.3,radicaleq
98,random,2,B,E,E,skip,D,B,skip,C,A,E,D,D,skip,D,B,E,D,skip,E,C,0.3,radicaleq
98,radicaleq,3,C,B,B,B,skip,skip,skip,D,D,D,skip,skip,skip,D,D,D,D,D,D,D,0.3,radicaleq
98,random,4,A,D,E,A,D,C,A,D,B,A,C,A,C,A,B,B,C,C,D,D,0.25,radicaleq
98,random,5,B,B,C,D,D,E,C,E,B,skip,B,A,skip,A,C,D,B,skip,B,B,0.2,radicaleq
98,random,6,E,skip,D,D,skip,E,B,D,C,skip,skip,D,B,B,skip,skip,A,D,E,skip,0.35,radicaleq
99,radicaleq,1,A,D,C,C,B,B,A,C,skip,B,skip,C,C,C,E,skip,C,skip,skip,C,0.4,radicaleq
99,random,2,A,A,C,E,skip,E,C,B,A,D,skip,B,E,D,D,B,D,A,C,skip,0.25,radicaleq
99,random,3,A,A,skip,C,C,C,B,D,D,E,A,C,C,skip,D,B,skip,A,skip,E,0.3,radicaleq
99,random,4,C,A,D,B,C,skip,E,skip,B,D,C,E,B,C,C,A,E,C,B,A,0.35,radicaleq
99,random,5,B,skip,D,E,B,C,skip,B,E,skip,E,E,C,E,C,E,D,E,skip,A,0.3,radicaleq
99,radicaleq,6,skip,B,skip,skip,A,skip,skip,A,C,skip,C,B,B,B,skip,C,skip,C,C,B,0.35,radicaleq
100,random,1,B,E,D,D,D,skip,B,C,skip,C,C,E,D,E,skip,skip,skip,skip,skip,D,0.25,radicaleq
100,radicaleq,2,B,A,C,C,C,E,A,A,A,B,B,B,D,D,B,B,B,D,B,B,0.45,radicaleq
100,random,3,A,B,A,A,D,A,skip,C,B,D,E,skip,E,D,D,E,D,A,skip,A,0.5,radicaleq
100,radicaleq,4,D,B,B,B,skip,skip,B,D,D,A,D,D,skip,B,skip,skip,skip,B,D,D,0.4,radicaleq
100,random,5,B,A,C,E,C,B,skip,A,D,E,A,B,skip,D,D,B,skip,skip,D,C,0.2,radicaleq
100,random,6,E,D,skip,D,skip,B,C,D,skip,C,E,C,B,skip,E,E,B,D,D,skip,0.3,radicaleq
101,random,1,D,skip,E,D,skip,skip,C,E,B,skip,A,A,skip,A,skip,E,A,A,skip,E,0.1,radicaleq
101,random,2,skip,A,skip,D,D,C,skip,A,D,A,E,D,D,A,D,E,C,skip,A,skip,0.25,radicaleq
101,random,3,B,C,D,A,C,B,skip,C,skip,E,C,A,B,D,skip,A,C,skip,A,A,0.5,radicaleq
101,radicaleq,4,D,D,E,E,D,A,A,E,A,A,A,C,E,E,E,D,skip,skip,skip,skip,0.45,radicaleq
101,radicaleq,5,E,skip,D,D,A,E,E,D,E,D,skip,D,A,D,A,skip,A,A,E,E,0.4,radicaleq
101,random,6,B,E,A,D,E,D,D,D,A,skip,skip,E,D,C,D,skip,A,B,E,skip,0.4,radicaleq
102,random,1,D,C,C,C,E,skip,E,A,D,C,C,E,B,D,E,B,A,C,E,D,0.25,random
102,random,2,B,D,B,B,B,skip,C,A,D,B,D,B,B,B,E,A,E,skip,D,E,0.4,random
102,random,3,C,E,D,A,D,B,E,E,B,skip,D,B,C,D,skip,B,C,D,E,D,0.25,random
102,radicaleq,4,D,E,A,B,E,A,E,A,B,B,A,A,C,E,E,A,C,D,E,A,0.2,random
102,random,5,skip,A,A,skip,D,skip,C,skip,skip,D,C,A,B,A,B,C,A,D,skip,D,0.25,random
102,radicaleq,6,skip,C,E,D,C,D,skip,skip,E,skip,skip,skip,skip,skip,skip,skip,skip,B,skip,B,0.35,random
103,radicaleq,1,A,B,A,D,B,E,D,A,B,D,D,D,A,A,D,A,A,A,B,skip,0.4,radicaleq
103,random,2,D,A,D,D,skip,B,B,A,B,B,A,D,C,B,E,skip,skip,D,A,B,0.35,radicaleq
103,random,3,C,skip,E,B,skip,B,A,D,skip,B,B,skip,E,E,D,B,C,skip,skip,A,0.2,radicaleq
103,radicaleq,4,D,C,E,B,E,B,A,D,C,A,B,A,B,B,B,B,B,B,skip,D,0.35,radicaleq
103,random,5,A,C,C,B,B,B,A,D,skip,E,D,E,E,A,skip,E,D,C,A,skip,0.2,radicaleq
103,random,6,skip,C,A,A,C,E,skip,E,D,E,C,D,E,C,D,E,B,D,E,D,0.35,radicaleq
104,random,1,C,E,B,B,skip,skip,A,skip,skip,D,E,C,E,B,E,E,C,D,E,B,0.15,radicaleq
104,radicaleq,2,B,skip,C,C,C,E,C,skip,C,B,E,E,E,B,E,B,B,E,B,E,0.35,radicaleq
104,random,3,C,C,E,C,C,C,skip,D,A,A,D,C,E,A,skip,skip,B,A,skip,B,0.4,radicaleq
104,random,4,C,C,A,E,E,skip,D,B,C,D,skip,B,B,C,E,E,B,E,skip,skip,0.2,radicaleq
104,random,5,C,A,D,E,E,B,A,B,D,B,A,B,E,B,B,C,C,D,B,C,0.4,radicaleq
104,radicaleq,6,skip,C,B,D,B,skip,E,C,skip,skip,C,C,C,skip,C,skip,skip,skip,C,skip,0.4,radicaleq
105,radicaleq,1,A,B,A,C,C,E,C,E,E,skip,skip,C,C,C,C,E,C,C,C,E,0.45,radicaleq
105,random,2,A,skip,skip,B,E,B,B,D,D,B,skip,A,D,E,E,E,C,B,D,B,0.35,radicaleq
105,random,3,C,C,C,B,D,E,D,A,D,E,skip,C,A,skip,E,B,E,E,E,A,0.35,radicaleq
105,random,4,skip,E,A,D,D,A,E,B,C,E,B,B,C,E,D,E,B,C,B,C,0.5,radicaleq
105,radicaleq,5,E,skip,E,E,E,C,skip,C,C,C,E,skip,E,skip,skip,C,skip,E,E,C,0.4,radicaleq
105,random,6,skip,skip,E,A,B,skip,D,D,skip,D,A,A,C,A,E,B,C,E,skip,E,0.25,radicaleq
106,rotate,1,A,B,C,D,E,skip,A,B,C,D,E,skip,A,B,C,D,E,skip,A,B,0.4,rotate
106,radicaleq,2,B,C,D,E,skip,C,B,E,D,E,C,D,E,B,C,E,D,C,E,C,0.45,rotate
106,radicaleq,3,C,D,E,skip,D,A,A,B,C,C,D,A,B,A,B,D,E,A,A,B,0.35,rotate
106,rotate,4,D,E,skip,A,B,C,D,E,skip,A,B,C,D,E,skip,A,B,C,D,E,0.7,rotate
106,rotate,5,E,skip,A,B,C,D,E,skip,A,B,C,D,E,skip,A,B,C,D,E,skip,0.6,rotate
106,rotate,6,skip,A,B,C,D,E,skip,A,B,C,D,E,skip,A,B,C,D,E,skip,A,0.5,rotate
107,rotate,1,A,B,C,D,E,skip,A,B,C,D,E,skip,A,B,C,D,E,skip,A,B,0.6,rotate
107,rotate,2,B,C,D,E,skip,A,B,C,D,E,skip,A,B,C,D,E,skip,A,B,C,0.4,rotate
107,radicaleq,3,C,D,E,skip,E,C,D,C,B,D,E,D,B,A,A,E,D,C,D,E,0.3,rotate
107,rotate,4,D,E,skip,A,B,C,D,E,skip,A,B,C,D,E,skip,A,B,C,D,E,0.55,rotate
107,rotate,5,E,skip,A,B,C,D,E,skip,A,B,C,D,E,skip,A,B,C,D,E,skip,0.3,rotate
107,radicaleq,6,skip,A,C,B,D,A,B,E,A,B,C,A,E,C,D,B,C,A,E,B,0.1,rotate
108,rotate,1,A,B,C,D,E,skip,A,B,C,D,E,skip,A,B,C,D,E,skip,A,B,0.65,rotate
108,rotate,2,B,C,D,E,skip,A,B,C,D,E,skip,A,B,C,D,E,skip,A,B,C,0.25,rotate
108,radicaleq,3,C,D,E,skip,B,B,A,B,A,C,C,A,D,E,B,C,E,B,C,C,0.45,rotate
108,radicaleq,4,D,E,skip,C,A,A,B,C,D,E,D,E,B,C,D,E,D,A,A,D,0.2,rotate
108,rotate,5,E,skip,A,B,C,D,E,skip,A,B,C,D,E,skip,A,B,C,D,E,skip,0.7,rotate
108,rotate,6,skip,A,B,C,D,E,skip,A,B,C,D,E,skip,A,B,C,D,E,skip,A,0.45,rotate
109,rotate,1,A,B,C,D,E,skip,A,B,C,D,E,skip,A,B,C,D,E,skip,A,B,0.45,rotate
109,radicaleq,2,B,C,D,B,skip,B,E,B,B,B,B,D,C,C,B,B,B,E,C,E,0.45,rotate
109,rotate,3,C,D,E,skip,A,B,C,D,E,skip,A,B,C,D,E,skip,A,B,C,D,0.65,rotate
109,rotate,4,D,E,skip,A,B,C,D,E,skip,A,B,C,D,E,skip,A,B,C,D,E,0.45,rotate
109,radicaleq,5,E,skip,B,A,E,C,D,A,C,D,E,C,A,A,E,D,E,A,D,A,0.1,rotate
109,rotate,6,skip,A,B,C,D,E,skip,A,B,C,D,E,skip,A,B,C,D,E,skip,A,0.45,rotate
110,rotate,1,A,B,C,D,E,skip,A,B,C,D,E,skip,A,B,C,D,E,skip,A,B,0.75,rotate
110,rotate,2,B,C,D,E,skip,A,B,C,D,E,skip,A,B,C,D,E,skip,A,B,C,0.45,rotate
110,radicaleq,3,C,D,E,skip,E,B,E,E,E,skip,C,D,E,skip,A,A,C,E,C,C,0.6,rotate
110,rotate,4,D,E,skip,A,B,C,D,E,skip,A,B,C,D,E,skip,A,B,C,D,E,0.5,rotate
110,radicaleq,5,E,skip,B,A,D,C,A,C,D,A,B,A,B,C,D,C,B,D,B,A,0.1,rotate
110,rotate,6,skip,A,B,C,D,E,skip,A,B,C,D,E,skip,A,B,C,D,E,skip,A,0.55,rotate
111,rotate,1,A,B,C,D,E,skip,A,B,C,D,E,skip,A,B,C,D,E,skip,A,B,0.55,rotate
111,rotate,2,B,C,D,E,skip,A,B,C,D,E,skip,A,B,C,D,E,skip,A,B,C,0.5,rotate
111,rotate,3,C,D,E,skip,A,B,C,D,E,skip,A,B,C,D,E,skip,A,B,C,D,0.8,rotate
111,rotate,4,D,E,skip,A,B,C,D,E,skip,A,B,C,D,E,skip,A,B,C,D,E,0.3,rotate
111,radicaleq,5,E,skip,B,E,C,A,B,A,B,C,C,B,B,C,C,E,B,C,A,B,0.35,rotate
111,radicaleq,6,skip,A,C,A,B,D,D,E,C,D,B,E,D,E,A,A,D,A,E,E,0.3,rotate
112,radicaleq,1,A,B,A,B,C,D,C,E,E,D,E,E,E,A,A,C,D,E,E,B,0.25,rotate
112,radicaleq,2,B,C,D,A,B,B,D,C,C,C,B,A,D,B,E,A,C,D,A,D,0.4,rotate
112,rotate,3,C,D,E,skip,A,B,C,D,E,skip,A,B,C,D,E,skip,A,B,C,D,0.6,rotate
112,rotate,4,D,E,skip,A,B,C,D,E,skip,A,B,C,D,E,skip,A,B,C,D,E,0.5,rotate
112,rotate,5,E,skip,A,B,C,D,E,skip,A,B,C,D,E,skip,A,B,C,D,E,skip,0.35,rotate
112,rotate,6,skip,A,B,C,D,E,skip,A,B,C,D,E,skip,A,B,C,D,E,skip,A,0.5,rotate
113,radicaleq,1,A,B,A,B,C,A,D,C,B,C,D,D,D,C,C,C,D,D,B,B,0.2,rotate
113,rotate,2,B,C,D,E,skip,A,B,C,D,E,skip,A,B,C,D,E,skip,A,B,C,0.5,rotate
113,radicaleq,3,C,D,E,skip,E,E,A,E,A,B,B,E,A,A,E,E,C,A,D,C,0.35,rotate
113,rotate,4,D,E,skip,A,B,C,D,E,skip,A,B,C,D,E,skip,A,B,C,D,E,0.6,rotate
113,rotate,5,E,skip,A,B,C,D,E,skip,A,B,C,D,E,skip,A,B,C,D,E,skip,0.4,rotate
113,rotate,6,skip,A,B,C,D,E,skip,A,B,C,D,E,skip,A,B,C,D,E,skip,A,0.4,rotate
114,radicaleq,1,A,B,A,D,D,C,A,A,C,E,A,C,D,A,D,A,E,E,E,D,0.5,rotate
114,rotate,2,B,C,D,E,skip,A,B,C,D,E,skip,A,B,C,D,E,skip,A,B,C,0.65,rotate
114,rotate,3,C,D,E,skip,A,B,C,D,E,skip,A,B,C,D,E,skip,A,B,C,D,0.75,rotate
114,rotate,4,D,E,skip,A,B,C,D,E,skip,A,B,C,D,E,skip,A,B,C,D,E,0.5,rotate
114,rotate,5,E,skip,A,B,C,D,E,skip,A,B,C,D,E,skip,A,B,C,D,E,skip,0.2,rotate
114,radicaleq,6,skip,A,C,E,C,D,E,E,A,D,C,D,E,E,A,C,C,D,D,C,0.2,rotate
115,rotate,1,A,B,C,D,E,skip,A,B,C,D,E,skip,A,B,C,D,E,skip,A,B,0.4,rotate
115,radicaleq,2,B,C,D,E,skip,A,E,C,C,A,C,D,D,D,C,D,D,C,C,D,0.45,rotate
115,rotate,3,C,D,E,skip,A,B,C,D,E,skip,A,B,C,D,E,skip,A,B,C,D,0.3,rotate
115,radicaleq,4,D,E,skip,C,A,B,C,D,B,D,E,B,A,B,E,E,A,B,A,B,0.15,rotate
115,rotate,5,E,skip,A,B,C,D,E,skip,A,B,C,D,E,skip,A,B,C,D,E,skip,0.65,rotate
115,rotate,6,skip,A,B,C,D,E,skip,A,B,C,D,E,skip,A,B,C,D,E,skip,A,0.65,rotate
116,rotate,1,A,B,C,D,E,skip,A,B,C,D,E,skip,A,B,C,D,E,skip,A,B,0.7,rotate
116,rotate,2,B,C,D,E,skip,A,B,C,D,E,skip,A,B,C,D,E,skip,A,B,C,0.75,rotate
116,rotate,3,C,D,E,skip,A,B,C,D,E,skip,A,B,C,D,E,skip,A,B,C,D,0.4,rotate
116,radicaleq,4,D,E,skip,D,A,B,D,A,B,C,D,B,C,E,E,C,B,B,C,E,0.3,rotate
116,radicaleq,5,E,skip,B,A,C,C,E,E,A,A,A,D,A,A,D,D,D,A,D,D,0.5,rotate
116,rotate,6,skip,A,B,C,D,E,skip,A,B,C,D,E,skip,A,B,C,D,E,skip,A,0.4,rotate
117,rotate,1,A,B,C,D,E,skip,A,B,C,D,E,skip,A,B,C,D,E,skip,A,B,0.6,rotate
117,rotate,2,B,C,D,E,skip,A,B,C,D,E,skip,A,B,C,D,E,skip,A,B,C,0.6,rotate
117,rotate,3,C,D,E,skip,A,B,C,D,E,skip,A,B,C,D,E,skip,A,B,C,D,0.5,rotate
117,radicaleq,4,D,E,skip,A,A,D,B,D,A,B,C,D,A,D,C,E,A,D,B,E,0.2,rotate
117,rotate,5,E,skip,A,B,C,D,E,skip,A,B,C,D,E,skip,A,B,C,D,E,skip,0.3,rotate
117,radicaleq,6,skip,A,C,B,D,B,E,C,E,C,E,B,E,A,B,C,C,A,D,B,0.35,rotate
118,radicaleq,1,A,B,A,B,A,C,C,D,B,C,E,E,B,C,E,D,D,E,B,A,0.25,rotate
118,rotate,2,B,C,D,E,skip,A,B,C,D,E,skip,A,B,C,D,E,skip,A,B,C,0.55,rotate
118,rotate,3,C,D,E,skip,A,B,C,D,E,skip,A,B,C,D,E,skip,A,B,C,D,0.6,rotate
118,radicaleq,4,D,E,skip,D,E,A,A,A,D,B,D,C,E,B,C,B,A,C,E,C,0.45,rotate
118,rotate,5,E,skip,A,B,C,D,E,skip,A,B,C,D,E,skip,A,B,C,D,E,skip,0.5,rotate
118,rotate,6,skip,A,B,C,D,E,skip,A,B,C,D,E,skip,A,B,C,D,E,skip,A,0.4,rotate
119,rotate,1,A,B,C,D,E,skip,A,B,C,D,E,skip,A,B,C,D,E,skip,A,B,0.5,rotate
119,radicaleq,2,B,C,D,C,skip,A,D,C,C,E,B,C,D,C,C,D,C,D,D,E,0.4,rotate
119,rotate,3,C,D,E,skip,A,B,C,D,E,skip,A,B,C,D,E,skip,A,B,C,D,0.8,rotate
119,rotate,4,D,E,skip,A,B,C,D,E,skip,A,B,C,D,E,skip,A,B,C,D,E,0.55,rotate
119,rotate,5,E,skip,A,B,C,D,E,skip,A,B,C,D,E,skip,A,B,C,D,E,skip,0.2,rotate
119,radicaleq,6,skip,A,C,B,E,D,E,B,A,B,D,D,E,A,A,B,E,B,E,A,0.2,rotate
120,radicaleq,1,A,B,A,E,B,E,C,D,A,C,B,D,A,A,C,C,A,C,E,B,0.45,rotate
120,rotate,2,B,C,D,E,skip,A,B,C,D,E,skip,A,B,C,D,E,skip,A,B,C,0.75,rotate
120,rotate,3,C,D,E,skip,A,B,C,D,E,skip,A,B,C,D,E,skip,A,B,C,D,0.55,rotate
120,rotate,4,D,E,skip,A,B,C,D,E,skip,A,B,C,D,E,skip,A,B,C,D,E,0.45,rotate
120,radicaleq,5,E,skip,B,C,D,C,D,A,B,A,E,E,C,D,B,E,B,E,D,D,0.1,rotate
120,rotate,6,skip,A,B,C,D,E,skip,A,B,C,D,E,skip,A,B,C,D,E,skip,A,0.2,rotate
121,random3,1,B,E,E,E,E,E,E,E,E,E,E,E,D,E,E,E,D,D,D,D,0.5,random3
121,radicaleq,2,B,C,D,E,C,C,D,C,B,D,D,A,D,A,E,D,D,D,B,E,0.15,random3
121,radicaleq,3,C,A,A,A,A,A,A,A,skip,skip,C,E,B,D,A,E,A,E,C,B,0.45,random3
121,random3,4,D,D,D,D,D,D,D,C,C,C,C,C,C,C,C,C,C,C,C,C,0.7,random3
121,random3,5,A,A,A,B,B,B,B,B,B,B,B,B,B,B,B,B,B,B,B,E,0.6,random3
121,random3,6,A,E,E,C,C,B,C,C,C,D,D,A,A,A,A,A,A,A,A,A,0.35,random3
122,random3,1,C,D,D,D,D,D,D,D,D,D,D,D,D,D,A,D,D,D,D,D,0.55,random3
122,random3,2,A,A,C,C,C,C,C,C,C,C,C,C,C,C,C,C,C,C,C,C,0.7,random3
122,radicaleq,3,C,A,D,D,A,E,A,A,B,A,C,A,E,A,C,D,A,E,A,C,0.35,random3
122,random3,4,B,B,B,B,B,B,B,E,B,B,B,B,B,B,B,B,B,B,B,B,0.7,random3
122,random3,5,E,E,E,E,E,E,A,E,E,E,E,E,E,E,E,E,E,E,E,E,0.75,random3
122,radicaleq,6,skip,B,C,A,D,C,B,E,A,D,A,B,A,D,A,A,B,A,D,A,0.35,random3
123,random3,1,D,A,A,C,A,A,E,C,C,C,C,C,C,C,C,C,C,C,C,C,0.3,radicaleq
123,random3,2,B,B,B,B,A,A,A,A,A,A,A,A,A,C,C,C,C,C,C,A,0.25,radicaleq
123,radicaleq,3,C,D,D,B,E,B,A,E,E,B,D,B,A,C,B,E,C,E,D,D,0.4,radicaleq
123,radicaleq,4,D,B,A,C,A,C,B,A,A,E,C,C,B,B,C,B,D,C,E,E,0.35,radicaleq
123,random3,5,E,E,E,E,E,E,E,E,E,E,E,E,E,E,E,E,A,A,A,A,0.65,radicaleq
123,random3,6,D,D,D,D,D,D,D,D,D,D,D,D,D,D,D,D,D,B,B,B,0.75,radicaleq
124,random3,1,D,D,D,D,C,C,C,C,C,C,C,C,C,C,C,C,C,C,C,C,0.65,radicaleq
124,radicaleq,2,B,E,D,A,E,A,A,D,A,D,A,D,A,B,B,A,A,A,C,C,0.35,radicaleq
124,random3,3,D,D,D,D,D,D,D,D,D,D,D,D,D,D,D,D,D,D,D,B,0.3,radicaleq
124,random3,4,E,E,B,B,B,B,B,B,B,B,B,B,B,B,B,A,A,A,A,A,0.5,radicaleq
124,radicaleq,5,E,D,E,D,A,E,E,E,D,A,D,B,B,A,A,B,B,D,D,A,0.45,radicaleq
124,random3,6,A,A,A,A,A,C,D,D,D,D,D,D,D,D,E,E,E,E,E,E,0.45,radicaleq
125,random3,1,A,A,A,A,A,A,E,E,E,A,A,A,A,A,A,A,A,A,A,A,0.5,random3
125,random3,2,C,C,C,C,D,C,C,C,C,C,C,C,C,C,B,C,C,C,C,C,0.5,random3
125,radicaleq,3,C,D,A,E,B,B,E,E,E,E,E,E,B,C,E,B,B,C,B,E,0.45,random3
125,random3,4,D,D,D,D,D,D,D,D,D,D,D,D,D,D,D,D,A,A,B,B,0.45,random3
125,radicaleq,5,E,C,D,C,A,A,C,A,A,B,A,B,C,E,B,E,E,E,C,B,0.4,random3
125,random3,6,B,B,B,B,B,B,B,B,B,B,A,A,D,D,D,D,D,D,D,D,0.55,random3
126,random3,1,D,B,B,B,B,B,B,B,D,D,D,D,D,D,D,D,D,D,D,D,0.6,random3
126,random3,2,C,C,C,C,D,D,D,C,C,C,C,C,C,A,A,A,A,A,A,A,0.55,random3
126,random3,3,E,E,E,E,E,E,E,E,E,E,E,E,E,E,E,E,E,E,E,C,0.75,random3
126,random3,4,D,A,A,A,A,A,A,A,A,A,A,A,A,A,A,B,B,C,B,B,0.45,random3
126,radicaleq,5,E,D,E,A,A,C,D,B,C,D,C,B,C,B,C,C,B,D,E,B,0.3,random3
126,radicaleq,6,skip,E,A,C,B,D,B,C,D,B,B,D,B,A,B,B,C,C,B,C,0.25,random3
127,radicaleq,1,A,C,E,A,E,E,E,A,E,A,D,D,E,E,E,A,E,C,E,B,0.3,random3
127,radicaleq,2,B,E,C,D,A,D,C,D,D,E,B,A,A,C,D,B,D,E,A,E,0.3,random3
127,random3,3,B,C,A,A,E,E,E,E,E,E,D,D,D,D,D,D,D,D,D,D,0.35,random3
127,random3,4,A,C,C,C,C,C,C,C,C,C,C,C,C,C,C,C,C,C,C,C,0.7,random3
127,random3,5,D,D,D,D,D,D,A,A,A,A,A,A,A,D,A,A,A,A,A,A,0.55,random3
127,random3,6,B,B,B,B,B,B,B,B,B,B,B,B,B,B,B,B,B,B,B,B,0.8,random3
128,radicaleq,1,A,B,A,E,B,C,C,B,B,D,D,D,E,C,C,E,E,C,C,C,0.45,radicaleq
128,random3,2,A,A,A,C,C,C,D,D,D,D,D,C,C,C,C,D,E,E,E,E,0.2,radicaleq
128,radicaleq,3,C,skip,skip,D,E,B,B,C,D,C,B,B,D,E,E,C,C,E,E,E,0.45,radicaleq
128,random3,4,D,E,E,E,E,E,E,E,E,E,E,E,E,B,B,D,D,D,D,D,0.6,radicaleq
128,random3,5,A,A,A,A,A,A,A,A,A,A,A,A,A,A,A,A,A,A,A,A,0.8,radicaleq
128,random3,6,D,E,D,D,B,B,B,A,C,C,C,C,C,B,B,B,B,B,B,B,0.4,radicaleq
129,radicaleq,1,A,D,E,D,B,A,D,C,B,B,A,B,A,C,B,A,E,A,B,A,0.35,random3
129,random3,2,E,E,E,E,E,E,E,E,E,E,E,E,E,B,B,B,B,B,B,B,0.55,random3
129,random3,3,C,C,C,B,B,D,D,D,D,D,D,D,D,B,B,E,E,E,B,B,0.3,random3
129,random3,4,D,D,D,D,A,D,B,B,B,B,B,B,D,D,D,D,D,D,D,D,0.45,random3
129,random3,5,C,C,C,C,C,C,C,C,A,C,C,C,C,C,C,C,C,C,C,C,0.65,random3
129,radicaleq,6,skip,E,D,E,A,B,E,B,A,A,C,A,E,B,A,E,A,E,A,D,0.3,random3
130,random3,1,E,C,C,C,C,C,C,D,D,D,D,A,B,B,B,B,B,B,D,C,0.55,random3
130,radicaleq,2,B,A,A,E,A,D,B,A,C,A,C,A,C,C,C,B,D,C,E,B,0.35,random3
130,random3,3,E,E,B,B,B,B,B,B,B,B,B,A,A,A,D,D,D,E,E,E,0.35,random3
130,radicaleq,4,D,E,E,D,B,B,C,C,D,C,D,C,D,A,E,D,C,E,D,D,0.35,random3
130,random3,5,E,E,E,E,A,E,E,E,E,E,E,E,E,E,E,B,B,B,B,B,0.5,random3
130,random3,6,A,A,D,D,D,D,A,A,C,A,B,A,A,A,A,A,A,A,A,A,0.5,random3
131,random3,1,C,C,C,C,C,D,D,D,D,D,D,D,D,D,D,D,D,D,D,D,0.65,random3
131,random3,2,B,B,D,B,B,B,C,C,C,C,C,C,C,C,C,C,C,C,C,C,0.6,random3
131,random3,3,E,E,E,E,E,E,E,E,E,E,E,E,D,E,D,E,E,A,A,C,0.45,random3
131,radicaleq,4,D,C,A,B,D,B,E,D,B,C,B,E,B,E,B,E,B,A,B,B,0.4,random3
131,radicaleq,5,E,B,D,A,C,D,C,B,A,B,D,B,A,B,C,B,E,B,E,E,0.35,random3
131,random3,6,D,A,A,A,A,A,A,A,A,A,A,A,A,A,A,A,A,A,A,E,0.6,random3
132,random3,1,B,E,E,E,E,E,E,E,E,E,E,E,E,E,E,E,E,E,E,A,0.8,radicaleq
132,random3,2,A,A,A,A,C,C,C,B,B,B,B,B,B,B,B,B,B,B,B,B,0.6,radicaleq
132,random3,3,A,A,A,A,C,C,C,C,C,C,C,C,C,C,B,A,E,A,A,A,0.05,radicaleq
132,radicaleq,4,D,skip,skip,B,A,A,A,A,A,C,C,C,C,A,C,C,C,C,C,C,0.7,radicaleq
132,random3,5,B,B,D,D,C,C,C,C,C,C,C,D,D,D,D,D,D,D,D,D,0.5,radicaleq
132,radicaleq,6,skip,B,A,D,D,D,D,C,C,A,A,A,A,C,A,A,A,A,E,E,0.5,radicaleq
133,radicaleq,1,A,C,A,D,C,C,C,D,C,E,C,E,D,B,B,B,B,B,B,D,0.55,radicaleq
133,random3,2,C,C,A,E,E,E,E,C,C,A,C,C,C,C,C,C,A,A,A,A,0.3,radicaleq
133,random3,3,A,D,D,D,D,D,D,D,D,D,D,D,D,E,E,E,E,E,E,E,0.75,radicaleq
133,radicaleq,4,D,E,C,A,A,B,E,C,E,B,E,D,B,D,D,D,D,D,D,B,0.55,radicaleq
133,random3,5,B,B,B,B,B,B,B,B,B,B,C,C,C,C,C,C,C,C,C,C,0.6,radicaleq
133,random3,6,E,E,A,A,A,A,A,A,A,A,A,A,A,A,A,A,A,A,D,D,0.55,radicaleq
134,random3,1,D,D,D,D,A,D,D,C,D,D,D,D,D,D,D,D,D,D,D,D,0.6,random3
134,radicaleq,2,B,A,C,D,A,D,A,A,D,A,D,A,D,A,B,C,B,B,B,A,0.4,random3
134,random3,3,B,C,C,C,C,C,C,C,C,C,C,C,C,C,A,A,A,C,C,C,0.55,random3
134,random3,4,E,A,B,B,B,B,B,B,B,B,B,B,B,B,B,C,C,C,A,A,0.5,random3
134,random3,5,E,E,E,E,E,E,E,E,E,E,E,E,E,E,E,E,E,E,E,E,0.85,random3
134,radicaleq,6,skip,E,A,E,B,C,D,C,A,B,A,B,A,C,A,A,A,A,A,B,0.3,random3
135,radicaleq,1,A,D,C,C,B,E,C,D,D,D,B,B,B,D,D,D,E,D,E,E,0.15,random3
135,random3,2,C,C,C,E,E,E,C,C,C,C,C,C,D,D,D,D,B,B,B,B,0.35,random3
135,random3,3,A,A,A,E,E,D,D,D,D,E,E,E,E,E,E,E,E,D,E,E,0.45,random3
135,random3,4,A,A,A,A,A,A,C,C,C,C,C,C,C,C,C,C,C,C,C,C,0.3,random3
135,radicaleq,5,E,A,B,B,C,A,A,A,A,A,A,A,skip,skip,C,C,A,A,C,C,0.45,random3
135,random3,6,B,B,B,B,B,B,B,B,B,B,B,B,B,A,A,A,A,D,D,D,0.6,random3
136,radicaleq,1,A,B,A,C,D,skip,A,C,D,B,E,skip,D,C,B,E,A,skip,D,B,0.85,draw
136,radicaleq,2,B,C,D,E,skip,A,C,D,B,E,skip,D,C,B,E,A,skip,D,B,C,0.85,draw
136,radicaleq,3,C,D,E,skip,A,C,D,B,E,skip,D,C,B,E,A,skip,D,B,C,E,0.85,draw
136,radicaleq,4,D,E,skip,A,C,D,B,E,skip,D,C,B,E,A,skip,D,B,C,E,A,0.85,draw
136,radicaleq,5,E,skip,B,B,B,B,E,skip,C,C,B,E,A,skip,D,B,C,E,A,skip,0.8,draw
136,radicaleq,6,skip,A,C,D,E,E,skip,A,A,A,A,A,skip,D,C,C,E,A,skip,D,0.8,draw
137,radicaleq,1,A,B,A,C,D,skip,A,C,D,B,E,skip,D,C,B,E,A,skip,D,B,0.85,draw
137,radicaleq,2,B,C,D,E,skip,A,C,D,B,E,skip,D,C,B,E,A,skip,D,B,C,0.85,draw
137,radicaleq,3,C,D,E,skip,A,C,D,B,E,skip,D,C,B,E,A,skip,D,B,C,E,0.85,draw
137,radicaleq,4,D,E,skip,A,C,D,B,E,skip,D,C,B,E,A,skip,D,B,C,E,A,0.85,draw
137,radicaleq,5,E,skip,B,B,B,B,E,skip,C,C,B,E,A,skip,D,B,C,E,A,skip,0.8,draw
137,radicaleq,6,skip,A,C,D,E,E,skip,A,A,A,A,A,skip,D,C,C,E,A,skip,D,0.8,draw
138,radicaleq,1,A,B,A,C,D,skip,A,C,D,B,E,skip,D,C,B,E,A,skip,D,B,0.85,draw
138,radicaleq,2,B,C,D,E,skip,A,C,D,B,E,skip,D,C,B,E,A,skip,D,B,C,0.85,draw
138,radicaleq,3,C,D,E,skip,A,C,D,B,E,skip,D,C,B,E,A,skip,D,B,C,E,0.85,draw
138,radicaleq,4,D,E,skip,A,C,D,B,E,skip,D,C,B,E,A,skip,D,B,C,E,A,0.85,draw
138,radicaleq,5,E,skip,B,B,B,B,E,skip,C,C,B,E,A,skip,D,B,C,E,A,skip,0.8,draw
138,radicaleq,6,skip,A,C,D,E,E,skip,A,A,A,A,A,skip,D,C,C,E,A,skip,D,0.8,draw
139,radicaleq,1,A,B,A,C,D,skip,A,C,D,B,E,skip,D,C,B,E,A,skip,D,B,0.85,draw
139,radicaleq,2,B,C,D,E,skip,A,C,D,B,E,skip,D,C,B,E,A,skip,D,B,C,0.85,draw
139,radicaleq,3,C,D,E,skip,A,C,D,B,E,skip,D,C,B,E,A,skip,D,B,C,E,0.85,draw
139,radicaleq,4,D,E,skip,A,C,D,B,E,skip,D,C,B,E,A,skip,D,B,C,E,A,0.85,draw
139,radicaleq,5,E,skip,B,B,B,B,E,skip,C,C,B,E,A,skip,D,B,C,E,A,skip,0.8,draw
139,radicaleq,6,skip,A,C,D,E,E,skip,A,A,A,A,A,skip,D,C,C,E,A,skip,D,0.8,draw
140,radicaleq,1,A,B,A,C,D,skip,A,C,D,B,E,skip,D,C,B,E,A,skip,D,B,0.85,draw
140,radicaleq,2,B,C,D,E,skip,A,C,D,B,E,skip,D,C,B,E,A,skip,D,B,C,0.85,draw
140,radicaleq,3,C,D,E,skip,A,C,D,B,E,skip,D,C,B,E,A,skip,D,B,C,E,0.85,draw
140,radicaleq,4,D,E,skip,A,C,D,B,E,skip,D,C,B,E,A,skip,D,B,C,E,A,0.85,draw
140,radicaleq,5,E,skip,B,B,B,B,E,skip,C,C,B,E,A,skip,D,B,C,E,A,skip,0.8,draw
140,radicaleq,6,skip,A,C,D,E,E,skip,A,A,A,A,A,skip,D,C,C,E,A,skip,D,0.8,draw
141,radicaleq,1,A,B,A,C,D,skip,A,C,D,B,E,skip,D,C,B,E,A,skip,D,B,0.85,draw
141,radicaleq,2,B,C,D,E,skip,A,C,D,B,E,skip,D,C,B,E,A,skip,D,B,C,0.85,draw
141,radicaleq,3,C,D,E,skip,A,C,D,B,E,skip,D,C,B,E,A,skip,D,B,C,E,0.85,draw
141,radicaleq,4,D,E,skip,A,C,D,B,E,skip,D,C,B,E,A,skip,D,B,C,E,A,0.85,draw
141,radicaleq,5,E,skip,B,B,B,B,E,skip,C,C,B,E,A,skip,D,B,C,E,A,skip,0.8,draw
141,radicaleq,6,skip,A,C,D,E,E,skip,A,A,A,A,A,skip,D,C,C,E,A,skip,D,0.8,draw
142,radicaleq,1,A,B,A,C,D,skip,A,C,D,B,E,skip,D,C,B,E,A,skip,D,B,0.85,draw
142,radicaleq,2,B,C,D,E,skip,A,C,D,B,E,skip,D,C,B,E,A,skip,D,B,C,0.85,draw
142,radicaleq,3,C,D,E,skip,A,C,D,B,E,skip,D,C,B,E,A,skip,D,B,C,E,0.85,draw
142,radicaleq,4,D,E,skip,A,C,D,B,E,skip,D,C,B,E,A,skip,D,B,C,E,A,0.85,draw
142,radicaleq,5,E,skip,B,B,B,B,E,skip,C,C,B,E,A,skip,D,B,C,E,A,skip,0.8,draw
142,radicaleq,6,skip,A,C,D,E,E,skip,A,A,A,A,A,skip,D,C,C,E,A,skip,D,0.8,draw
143,radicaleq,1,A,B,A,C,D,skip,A,C,D,B,E,skip,D,C,B,E,A,skip,D,B,0.85,draw
143,radicaleq,2,B,C,D,E,skip,A,C,D,B,E,skip,D,C,B,E,A,skip,D,B,C,0.85,draw
143,radicaleq,3,C,D,E,skip,A,C,D,B,E,skip,D,C,B,E,A,skip,D,B,C,E,0.85,draw
143,radicaleq,4,D,E,skip,A,C,D,B,E,skip,D,C,B,E,A,skip,D,B,C,E,A,0.85,draw
143,radicaleq,5,E,skip,B,B,B,B,E,skip,C,C,B,E,A,skip,D,B,C,E,A,skip,0.8,draw
143,radicaleq,6,skip,A,C,D,E,E,skip,A,A,A,A,A,skip,D,C,C,E,A,skip,D,0.8,draw
144,radicaleq,1,A,B,A,C,D,skip,A,C,D,B,E,skip,D,C,B,E,A,skip,D,B,0.85,draw
144,radicaleq,2,B,C,D,E,skip,A,C,D,B,E,skip,D,C,B,E,A,skip,D,B,C,0.85,draw
144,radicaleq,3,C,D,E,skip,A,C,D,B,E,skip,D,C,B,E,A,skip,D,B,C,E,0.85,draw
144,radicaleq,4,D,E,skip,A,C,D,B,E,skip,D,C,B,E,A,skip,D,B,C,E,A,0.85,draw
144,radicaleq,5,E,skip,B,B,B,B,E,skip,C,C,B,E,A,skip,D,B,C,E,A,skip,0.8,draw
144,radicaleq,6,skip,A,C,D,E,E,skip,A,A,A,A,A,skip,D,C,C,E,A,skip,D,0.8,draw
145,radicaleq,1,A,B,A,C,D,skip,A,C,D,B,E,skip,D,C,B,E,A,skip,D,B,0.85,draw
145,radicaleq,2,B,C,D,E,skip,A,C,D,B,E,skip,D,C,B,E,A,skip,D,B,C,0.85,draw
145,radicaleq,3,C,D,E,skip,A,C,D,B,E,skip,D,C,B,E,A,skip,D,B,C,E,0.85,draw
145,radicaleq,4,D,E,skip,A,C,D,B,E,skip,D,C,B,E,A,skip,D,B,C,E,A,0.85,draw
145,radicaleq,5,E,skip,B,B,B,B,E,skip,C,C,B,E,A,skip,D,B,C,E,A,skip,0.8,draw
145,radicaleq,6,skip,A,C,D,E,E,skip,A,A,A,A,A,skip,D,C,C,E,A,skip,D,0.8,draw
146,radicaleq,1,A,B,A,C,D,skip,A,C,D,B,E,skip,D,C,B,E,A,skip,D,B,0.85,draw
146,radicaleq,2,B,C,D,E,skip,A,C,D,B,E,skip,D,C,B,E,A,skip,D,B,C,0.85,draw
146,radicaleq,3,C,D,E,skip,A,C,D,B,E,skip,D,C,B,E,A,skip,D,B,C,E,0.85,draw
146,radicaleq,4,D,E,skip,A,C,D,B,E,skip,D,C,B,E,A,skip,D,B,C,E,A,0.85,draw
146,radicaleq,5,E,skip,B,B,B,B,E,skip,C,C,B,E,A,skip,D,B,C,E,A,skip,0.8,draw
146,radicaleq,6,skip,A,C,D,E,E,skip,A,A,A,A,A,skip,D,C,C,E,A,skip,D,0.8,draw
147,radicaleq,1,A,B,A,C,D,skip,A,C,D,B,E,skip,D,C,B,E,A,skip,D,B,0.85,draw
147,radicaleq,2,B,C,D,E,skip,A,C,D,B,E,skip,D,C,B,E,A,skip,D,B,C,0.85,draw
147,radicaleq,3,C,D,E,skip,A,C,D,B,E,skip,D,C,B,E,A,skip,D,B,C,E,0.85,draw
147,radicaleq,4,D,E,skip,A,C,D,B,E,skip,D,C,B,E,A,skip,D,B,C,E,A,0.85,draw
147,radicaleq,5,E,skip,B,B,B,B,E,skip,C,C,B,E,A,skip,D,B,C,E,A,skip,0.8,draw
147,radicaleq,6,skip,A,C,D,E,E,skip,A,A,A,A,A,skip,D,C,C,E,A,skip,D,0.8,draw
148,radicaleq,1,A,B,A,C,D,skip,A,C,D,B,E,skip,D,C,B,E,A,skip,D,B,0.85,draw
148,radicaleq,2,B,C,D,E,skip,A,C,D,B,E,skip,D,C,B,E,A,skip,D,B,C,0.85,draw
148,radicaleq,3,C,D,E,skip,A,C,D,B,E,skip,D,C,B,E,A,skip,D,B,C,E,0.85,draw
148,radicaleq,4,D,E,skip,A,C,D,B,E,skip,D,C,B,E,A,skip,D,B,C,E,A,0.85,draw
148,radicaleq,5,E,skip,B,B,B,B,E,skip,C,C,B,E,A,skip,D,B,C,E,A,skip,0.8,draw
148,radicaleq,6,skip,A,C,D,E,E,skip,A,A,A,A,A,skip,D,C,C,E,A,skip,D,0.8,draw
149,radicaleq,1,A,B,A,C,D,skip,A,C,D,B,E,skip,D,C,B,E,A,skip,D,B,0.85,draw
149,radicaleq,2,B,C,D,E,skip,A,C,D,B,E,skip,D,C,B,E,A,skip,D,B,C,0.85,draw
149,radicaleq,3,C,D,E,skip,A,C,D,B,E,skip,D,C,B,E,A,skip,D,B,C,E,0.85,draw
149,radicaleq,4,D,E,skip,A,C,D,B,E,skip,D,C,B,E,A,skip,D,B,C,E,A,0.85,draw
149,radicaleq,5,E,skip,B,B,B,B,E,skip,C,C,B,E,A,skip,D,B,C,E,A,skip,0.8,draw
149,radicaleq,6,skip,A,C,D,E,E,skip,A,A,A,A,A,skip,D,C,C,E,A,skip,D,0.8,draw
150,radicaleq,1,A,B,A,C,D,skip,A,C,D,B,E,skip,D,C,B,E,A,skip,D,B,0.85,draw
150,radicaleq,2,B,C,D,E,skip,A,C,D,B,E,skip,D,C,B,E,A,skip,D,B,C,0.85,draw
150,radicaleq,3,C,D,E,skip,A,C,D,B,E,skip,D,C,B,E,A,skip,D,B,C,E,0.85,draw
150,radicaleq,4,D,E,skip,A,C,D,B,E,skip,D,C,B,E,A,skip,D,B,C,E,A,0.85,draw
150,radicaleq,5,E,skip,B,B,B,B,E,skip,C,C,B,E,A,skip,D,B,C,E,A,skip,0.8,draw
150,radicaleq,6,skip,A,C,D,E,E,skip,A,A,A,A,A,skip,D,C,C,E,A,skip,D,0.8,draw
151,random,1,A,E,B,A,B,skip,E,C,C,A,B,D,D,skip,A,D,D,E,C,E,0.4,rotate0
151,rotate0,2,B,B,B,B,B,B,B,B,B,B,B,B,B,B,B,B,B,B,B,B,0.5,rotate0
151,rotate0,3,C,C,C,C,C,C,C,C,C,C,C,C,C,C,C,C,C,C,C,C,0.5,rotate0
151,random,4,skip,D,D,A,B,E,A,E,E,D,C,E,skip,D,E,A,A,C,skip,D,0.5,rotate0
151,random,5,E,A,D,skip,A,A,E,C,D,A,D,C,A,C,D,skip,B,C,skip,D,0.35,rotate0
151,random,6,B,skip,A,B,E,E,C,B,C,B,C,A,C,B,D,D,E,skip,B,C,0.2,rotate0
152,random,1,C,E,skip,A,skip,C,A,E,D,D,E,C,E,B,D,C,A,C,A,D,0.45,random
152,random,2,B,B,A,C,E,C,skip,D,skip,skip,skip,A,C,skip,C,C,C,E,A,skip,0.15,random
152,rotate0,3,C,C,C,C,C,C,C,C,C,C,C,C,C,C,C,C,C,C,C,C,0.35,random
152,random,4,C,A,C,B,E,A,E,D,C,C,A,skip,D,E,B,skip,A,C,D,E,0.45,random
152,random,5,E,B,B,A,D,skip,skip,B,E,A,C,A,C,D,A,B,skip,D,D,D,0.5,random
152,rotate0,6,skip,skip,skip,skip,skip,skip,skip,skip,skip,skip,skip,skip,skip,skip,skip,skip,skip,skip,skip,skip,0.0,random
153,random,1,A,E,D,skip,skip,skip,C,E,D,B,A,skip,B,C,skip,D,B,C,C,E,0.25,rotate0
153,random,2,E,B,D,skip,A,D,C,A,skip,E,skip,C,A,D,E,A,B,skip,C,skip,0.4,rotate0
153,rotate0,3,C,C,C,C,C,C,C,C,C,C,C,C,C,C,C,C,C,C,C,C,0.55,rotate0
153,rotate0,4,D,D,D,D,D,D,D,D,D,D,D,D,D,D,D,D,D,D,D,D,0.4,rotate0
153,random,5,A,skip,B,C,E,B,A,D,skip,D,D,C,B,C,D,D,D,E,B,D,0.25,rotate0
153,random,6,D,A,skip,C,E,C,B,B,D,D,skip,A,E,C,D,C,D,B,skip,C,0.3,rotate0
154,random,1,E,E,skip,skip,C,C,skip,skip,skip,C,B,A,B,A,E,E,D,C,C,C,0.3,rotate0
154,rotate0,2,B,B,B,B,B,B,B,B,B,B,B,B,B,B,B,B,B,B,B,B,0.6,rotate0
154,random,3,D,C,C,B,E,skip,skip,skip,A,A,D,E,D,D,E,B,A,B,A,B,0.5,rotate0
154,random,4,C,D,D,D,D,A,D,skip,C,D,C,C,C,skip,D,D,E,E,skip,B,0.55,rotate0
154,rotate0,5,E,E,E,E,E,E,E,E,E,E,E,E,E,E,E,E,E,E,E,E,0.4,rotate0
154,random,6,C,skip,A,D,E,D,E,E,E,C,B,B,E,B,C,D,C,skip,C,C,0.2,rotate0
155,random,1,A,B,C,B,C,A,B,skip,skip,B,skip,D,A,D,A,C,B,A,skip,B,0.3,rotate0
155,random,2,A,B,skip,C,B,C,skip,A,A,C,C,D,A,C,E,D,B,D,C,E,0.15,rotate0
155,rotate0,3,C,C,C,C,C,C,C,C,C,C,C,C,C,C,C,C,C,C,C,C,0.5,rotate0
155,random,4,D,B,C,skip,skip,skip,skip,A,B,A,C,E,D,E,E,B,C,E,A,E,0.3,rotate0
155,rotate0,5,E,E,E,E,E,E,E,E,E,E,E,E,E,E,E,E,E,E,E,E,0.65,rotate0
155,random,6,B,B,B,B,skip,A,A,A,D,D,E,A,A,skip,skip,skip,D,D,E,D,0.4,rotate0
156,random,1,B,E,C,E,C,C,C,B,E,skip,B,B,E,B,D,B,A,B,D,B,0.45,random
156,random,2,B,B,D,C,B,C,skip,D,B,C,D,skip,C,A,skip,B,E,C,skip,D,0.5,random
156,random,3,E,C,A,D,E,skip,C,A,skip,D,C,D,skip,C,A,B,B,B,A,C,0.55,random
156,random,4,C,B,E,A,A,B,A,E,E,A,E,skip,skip,E,D,A,B,E,skip,D,0.35,random
156,rotate0,5,E,E,E,E,E,E,E,E,E,E,E,E,E,E,E,E,E,E,E,E,0.4,random
156,rotate0,6,skip,skip,skip,skip,skip,skip,skip,skip,skip,skip,skip,skip,skip,skip,skip,skip,skip,skip,skip,skip,0.0,random
157,rotate0,1,A,A,A,A,A,A,A,A,A,A,A,A,A,A,A,A,A,A,A,A,0.3,rotate0
157,rotate0,2,B,B,B,B,B,B,B,B,B,B,B,B,B,B,B,B,B,B,B,B,0.45,rotate0
157,random,3,skip,A,C,E,A,B,D,D,A,D,skip,A,D,B,D,D,A,B,B,C,0.35,rotate0
157,random,4,C,A,A,C,E,D,E,A,B,C,B,skip,B,C,E,C,skip,skip,skip,D,0.25,rotate0
157,random,5,D,E,B,B,D,skip,E,E,skip,A,A,A,B,D,D,B,B,A,A,skip,0.2,rotate0
157,random,6,A,A,B,E,E,skip,skip,E,B,C,B,D,A,C,A,E,C,skip,D,D,0.2,rotate0
158,rotate0,1,A,A,A,A,A,A,A,A,A,A,A,A,A,A,A,A,A,A,A,A,0.35,rotate0
158,random,2,B,A,B,A,C,A,skip,D,D,skip,skip,skip,E,A,A,D,C,skip,C,skip,0.3,rotate0
158,rotate0,3,C,C,C,C,C,C,C,C,C,C,C,C,C,C,C,C,C,C,C,C,0.55,rotate0
158,random,4,E,C,A,E,B,B,E,skip,E,skip,B,skip,D,C,B,E,C,A,A,B,0.45,rotate0
158,random,5,D,E,E,A,C,skip,A,B,C,E,E,A,skip,skip,B,B,B,B,C,skip,0.4,rotate0
158,random,6,D,skip,D,C,A,D,A,E,C,C,A,C,D,D,B,A,C,skip,D,E,0.3,rotate0
159,rotate0,1,A,A,A,A,A,A,A,A,A,A,A,A,A,A,A,A,A,A,A,A,0.45,random
159,random,2,D,A,skip,C,A,skip,skip,A,B,D,D,E,E,skip,E,A,B,skip,skip,C,0.25,random
159,random,3,D,A,B,skip,B,E,E,D,E,skip,C,E,A,C,E,B,A,B,A,E,0.45,random
159,random,4,D,B,D,A,C,D,E,skip,D,B,D,skip,C,E,D,A,E,A,E,A,0.5,random
159,random,5,E,E,B,B,E,D,E,A,A,C,D,B,skip,skip,E,D,B,A,skip,D,0.4,random
159,rotate0,6,skip,skip,skip,skip,skip,skip,skip,skip,skip,skip,skip,skip,skip,skip,skip,skip,skip,skip,skip,skip,0.0,random
160,random,1,A,E,A,A,B,B,D,skip,skip,A,E,E,E,B,E,skip,A,skip,C,C,0.35,rotate0
160,rotate0,2,B,B,B,B,B,B,B,B,B,B,B,B,B,B,B,B,B,B,B,B,0.5,rotate0
160,random,3,skip,D,A,A,A,E,D,E,A,skip,E,B,C,C,A,C,C,C,skip,E,0.4,rotate0
160,rotate0,4,D,D,D,D,D,D,D,D,D,D,D,D,D,D,D,D,D,D,D,D,0.8,rotate0
160,random,5,A,skip,B,E,A,C,B,A,E,skip,E,A,A,A,B,B,skip,skip,E,C,0.4,rotate0
160,random,6,C,A,E,A,A,skip,B,skip,D,B,C,skip,B,C,D,skip,skip,C,skip,A,0.25,rotate0
161,random,1,skip,E,C,A,D,B,A,skip,A,B,D,B,B,skip,D,D,skip,skip,B,C,0.2,rotate0
161,random,2,C,E,D,A,E,A,B,skip,E,A,C,E,D,D,D,E,D,D,A,E,0.25,rotate0
161,random,3,A,C,A,B,D,E,A,C,B,E,B,B,skip,skip,D,skip,E,skip,B,C,0.3,rotate0
161,rotate0,4,D,D,D,D,D,D,D,D,D,D,D,D,D,D,D,D,D,D,D,D,0.5,rotate0
161,rotate0,5,E,E,E,E,E,E,E,E,E,E,E,E,E,E,E,E,E,E,E,E,0.5,rotate0
161,random,6,B,E,E,B,B,C,B,skip,skip,D,skip,E,B,C,D,C,skip,D,B,C,0.25,rotate0
162,random,1,skip,A,B,E,E,A,C,C,skip,D,D,D,C,E,A,skip,B,D,D,E,0.3,random
162,random,2,D,D,C,B,E,E,B,E,C,E,B,D,D,A,A,E,B,E,A,D,0.35,random
162,random,3,A,B,E,B,skip,skip,D,E,B,D,D,E,B,A,skip,B,D,C,D,skip,0.3,random
162,rotate0,4,D,D,D,D,D,D,D,D,D,D,D,D,D,D,D,D,D,D,D,D,0.4,random
162,random,5,B,C,A,E,skip,A,B,A,skip,skip,C,skip,B,skip,D,B,D,A,A,E,0.3,random
162,rotate0,6,skip,skip,skip,skip,skip,skip,skip,skip,skip,skip,skip,skip,skip,skip,skip,skip,skip,skip,skip,skip,0.0,random
163,rotate0,1,A,A,A,A,A,A,A,A,A,A,A,A,A,A,A,A,A,A,A,A,0.4,rotate0
163,random,2,E,skip,C,C,B,A,A,D,D,A,skip,C,D,C,A,A,D,skip,D,C,0.15,rotate0
163,random,3,C,A,A,B,D,D,D,D,B,A,B,A,A,C,C,D,D,C,skip,skip,0.25,rotate0
163,rotate0,4,D,D,D,D,D,D,D,D,D,D,D,D,D,D,D,D,D,D,D,D,0.35,rotate0
163,random,5,D,B,C,C,E,C,C,D,A,C,B,C,E,C,A,D,B,E,B,A,0.35,rotate0
163,random,6,D,B,B,D,D,A,D,C,D,D,skip,skip,skip,A,A,B,skip,D,B,B,0.2,rotate0
164,random,1,A,B,skip,E,D,D,C,B,C,B,E,E,B,A,A,skip,A,skip,B,C,0.3,random
164,rotate0,2,B,B,B,B,B,B,B,B,B,B,B,B,B,B,B,B,B,B,B,B,0.4,random
164,random,3,C,C,skip,E,A,E,A,A,B,B,A,E,A,D,skip,B,E,B,E,E,0.3,random
164,random,4,C,skip,B,C,A,B,A,C,C,C,E,C,A,C,skip,A,B,B,skip,D,0.35,random
164,random,5,D,E,B,B,D,D,A,skip,D,D,D,A,B,E,skip,skip,skip,B,E,E,0.35,random
164,rotate0,6,skip,skip,skip,skip,skip,skip,skip,skip,skip,skip,skip,skip,skip,skip,skip,skip,skip,skip,skip,skip,0.0,random
165,rotate0,1,A,A,A,A,A,A,A,A,A,A,A,A,A,A,A,A,A,A,A,A,0.55,rotate0
165,random,2,E,C,D,D,C,skip,E,A,skip,E,C,B,D,C,A,E,A,B,B,C,0.35,rotate0
165,random,3,A,C,E,skip,B,E,E,C,C,B,A,B,skip,A,D,B,A,C,C,A,0.25,rotate0
165,random,4,skip,E,C,C,A,E,B,B,E,D,E,D,E,D,E,C,D,C,B,D,0.4,rotate0
165,rotate0,5,E,E,E,E,E,E,E,E,E,E,E,E,E,E,E,E,E,E,E,E,0.4,rotate0
165,random,6,E,B,E,C,D,C,E,C,B,E,skip,A,D,D,E,D,E,D,C,skip,0.3,rotate0
166,rotate,1,A,B,C,D,E,skip,A,B,C,D,E,skip,A,B,C,D,E,skip,A,B,0.5,rotate
166,rotate0,2,B,B,B,B,B,B,B,B,B,B,B,B,B,B,B,B,B,B,B,B,0.35,rotate
166,rotate0,3,C,C,C,C,C,C,C,C,C,C,C,C,C,C,C,C,C,C,C,C,0.4,rotate
166,rotate,4,D,E,skip,A,B,C,D,E,skip,A,B,C,D,E,skip,A,B,C,D,E,0.55,rotate
166,rotate,5,E,skip,A,B,C,D,E,skip,A,B,C,D,E,skip,A,B,C,D,E,skip,0.5,rotate
166,rotate,6,skip,A,B,C,D,E,skip,A,B,C,D,E,skip,A,B,C,D,E,skip,A,0.5,rotate
167,rotate,1,A,B,C,D,E,skip,A,B,C,D,E,skip,A,B,C,D,E,skip,A,B,0.7,rotate
167,rotate,2,B,C,D,E,skip,A,B,C,D,E,skip,A,B,C,D,E,skip,A,B,C,0.65,rotate
167,rotate0,3,C,C,C,C,C,C,C,C,C,C,C,C,C,C,C,C,C,C,C,C,0.35,rotate
167,rotate,4,D,E,skip,A,B,C,D,E,skip,A,B,C,D,E,skip,A,B,C,D,E,0.7,rotate
167,rotate,5,E,skip,A,B,C,D,E,skip,A,B,C,D,E,skip,A,B,C,D,E,skip,0.65,rotate
167,rotate0,6,skip,skip,skip,skip,skip,skip,skip,skip,skip,skip,skip,skip,skip,skip,skip,skip,skip,skip,skip,skip,0.0,rotate
168,rotate,1,A,B,C,D,E,skip,A,B,C,D,E,skip,A,B,C,D,E,skip,A,B,0.55,rotate
168,rotate,2,B,C,D,E,skip,A,B,C,D,E,skip,A,B,C,D,E,skip,A,B,C,0.5,rotate
168,rotate0,3,C,C,C,C,C,C,C,C,C,C,C,C,C,C,C,C,C,C,C,C,0.35,rotate
168,rotate0,4,D,D,D,D,D,D,D,D,D,D,D,D,D,D,D,D,D,D,D,D,0.4,rotate
168,rotate,5,E,skip,A,B,C,D,E,skip,A,B,C,D,E,skip,A,B,C,D,E,skip,0.5,rotate
168,rotate,6,skip,A,B,C,D,E,skip,A,B,C,D,E,skip,A,B,C,D,E,skip,A,0.5,rotate
169,rotate,1,A,B,C,D,E,skip,A,B,C,D,E,skip,A,B,C,D,E,skip,A,B,0.5,rotate
169,rotate0,2,B,B,B,B,B,B,B,B,B,B,B,B,B,B,B,B,B,B,B,B,0.35,rotate
169,rotate,3,C,D,E,skip,A,B,C,D,E,skip,A,B,C,D,E,skip,A,B,C,D,0.55,rotate
169,rotate,4,D,E,skip,A,B,C,D,E,skip,A,B,C,D,E,skip,A,B,C,D,E,0.5,rotate
169,rotate0,5,E,E,E,E,E,E,E,E,E,E,E,E,E,E,E,E,E,E,E,E,0.35,rotate
169,rotate,6,skip,A,B,C,D,E,skip,A,B,C,D,E,skip,A,B,C,D,E,skip,A,0.5,rotate
170,rotate,1,A,B,C,D,E,skip,A,B,C,D,E,skip,A,B,C,D,E,skip,A,B,0.55,rotate
170,rotate,2,B,C,D,E,skip,A,B,C,D,E,skip,A,B,C,D,E,skip,A,B,C,0.5,rotate
170,rotate0,3,C,C,C,C,C,C,C,C,C,C,C,C,C,C,C,C,C,C,C,C,0.35,rotate
170,rotate,4,D,E,skip,A,B,C,D,E,skip,A,B,C,D,E,skip,A,B,C,D,E,0.5,rotate
170,rotate0,5,E,E,E,E,E,E,E,E,E,E,E,E,E,E,E,E,E,E,E,E,0.35,rotate
170,rotate,6,skip,A,B,C,D,E,skip,A,B,C,D,E,skip,A,B,C,D,E,skip,A,0.5,rotate
171,rotate,1,A,B,C,D,E,skip,A,B,C,D,E,skip,A,B,C,D,E,skip,A,B,0.7,rotate
171,rotate,2,B,C,D,E,skip,A,B,C,D,E,skip,A,B,C,D,E,skip,A,B,C,0.7,rotate
171,rotate,3,C,D,E,skip,A,B,C,D,E,skip,A,B,C,D,E,skip,A,B,C,D,0.7,rotate
171,rotate,4,D,E,skip,A,B,C,D,E,skip,A,B,C,D,E,skip,A,B,C,D,E,0.65,rotate
171,rotate0,5,E,E,E,E,E,E,E,E,E,E,E,E,E,E,E,E,E,E,E,E,0.35,rotate
171,rotate0,6,skip,skip,skip,skip,skip,skip,skip,skip,skip,skip,skip,skip,skip,skip,skip,skip,skip,skip,skip,skip,0.0,rotate
172,rotate0,1,A,A,A,A,A,A,A,A,A,A,A,A,A,A,A,A,A,A,A,A,0.35,rotate
172,rotate0,2,B,B,B,B,B,B,B,B,B,B,B,B,B,B,B,B,B,B,B,B,0.4,rotate
172,rotate,3,C,D,E,skip,A,B,C,D,E,skip,A,B,C,D,E,skip,A,B,C,D,0.55,rotate
172,rotate,4,D,E,skip,A,B,C,D,E,skip,A,B,C,D,E,skip,A,B,C,D,E,0.55,rotate
172,rotate,5,E,skip,A,B,C,D,E,skip,A,B,C,D,E,skip,A,B,C,D,E,skip,0.5,rotate
172,rotate,6,skip,A,B,C,D,E,skip,A,B,C,D,E,skip,A,B,C,D,E,skip,A,0.45,rotate
173,rotate0,1,A,A,A,A,A,A,A,A,A,A,A,A,A,A,A,A,A,A,A,A,0.35,rotate
173,rotate,2,B,C,D,E,skip,A,B,C,D,E,skip,A,B,C,D,E,skip,A,B,C,0.5,rotate
173,rotate0,3,C,C,C,C,C,C,C,C,C,C,C,C,C,C,C,C,C,C,C,C,0.35,rotate
173,rotate,4,D,E,skip,A,B,C,D,E,skip,A,B,C,D,E,skip,A,B,C,D,E,0.55,rotate
173,rotate,5,E,skip,A,B,C,D,E,skip,A,B,C,D,E,skip,A,B,C,D,E,skip,0.5,rotate
173,rotate,6,skip,A,B,C,D,E,skip,A,B,C,D,E,skip,A,B,C,D,E,skip,A,0.45,rotate
174,rotate0,1,A,A,A,A,A,A,A,A,A,A,A,A,A,A,A,A,A,A,A,A,0.4,rotate
174,rotate,2,B,C,D,E,skip,A,B,C,D,E,skip,A,B,C,D,E,skip,A,B,C,0.7,rotate
174,rotate,3,C,D,E,skip,A,B,C,D,E,skip,A,B,C,D,E,skip,A,B,C,D,0.7,rotate
174,rotate,4,D,E,skip,A,B,C,D,E,skip,A,B,C,D,E,skip,A,B,C,D,E,0.7,rotate
174,rotate,5,E,skip,A,B,C,D,E,skip,A,B,C,D,E,skip,A,B,C,D,E,skip,0.65,rotate
174,rotate0,6,skip,skip,skip,skip,skip,skip,skip,skip,skip,skip,skip,skip,skip,skip,skip,skip,skip,skip,skip,skip,0.0,rotate
175,rotate,1,A,B,C,D,E,skip,A,B,C,D,E,skip,A,B,C,D,E,skip,A,B,0.5,rotate
175,rotate0,2,B,B,B,B,B,B,B,B,B,B,B,B,B,B,B,B,B,B,B,B,0.35,rotate
175,rotate,3,C,D,E,skip,A,B,C,D,E,skip,A,B,C,D,E,skip,A,B,C,D,0.5,rotate
175,rotate0,4,D,D,D,D,D,D,D,D,D,D,D,D,D,D,D,D,D,D,D,D,0.35,rotate
175,rotate,5,E,skip,A,B,C,D,E,skip,A,B,C,D,E,skip,A,B,C,D,E,skip,0.5,rotate
175,rotate,6,skip,A,B,C,D,E,skip,A,B,C,D,E,skip,A,B,C,D,E,skip,A,0.5,rotate
176,rotate,1,A,B,C,D,E,skip,A,B,C,D,E,skip,A,B,C,D,E,skip,A,B,0.55,rotate
176,rotate,2,B,C,D,E,skip,A,B,C,D,E,skip,A,B,C,D,E,skip,A,B,C,0.55,rotate
176,rotate,3,C,D,E,skip,A,B,C,D,E,skip,A,B,C,D,E,skip,A,B,C,D,0.5,rotate
176,rotate0,4,D,D,D,D,D,D,D,D,D,D,D,D,D,D,D,D,D,D,D,D,0.35,rotate
176,rotate0,5,E,E,E,E,E,E,E,E,E,E,E,E,E,E,E,E,E,E,E,E,0.4,rotate
176,rotate,6,skip,A,B,C,D,E,skip,A,B,C,D,E,skip,A,B,C,D,E,skip,A,0.5,rotate
177,rotate,1,A,B,C,D,E,skip,A,B,C,D,E,skip,A,B,C,D,E,skip,A,B,0.7,rotate
177,rotate,2,B,C,D,E,skip,A,B,C,D,E,skip,A,B,C,D,E,skip,A,B,C,0.7,rotate
177,rotate,3,C,D,E,skip,A,B,C,D,E,skip,A,B,C,D,E,skip,A,B,C,D,0.65,rotate
177,rotate0,4,D,D,D,D,D,D,D,D,D,D,D,D,D,D,D,D,D,D,D,D,0.35,rotate
177,rotate,5,E,skip,A,B,C,D,E,skip,A,B,C,D,E,skip,A,B,C,D,E,skip,0.65,rotate
177,rotate0,6,skip,skip,skip,skip,skip,skip,skip,skip,skip,skip,skip,skip,skip,skip,skip,skip,skip,skip,skip,skip,0.0,rotate
178,rotate0,1,A,A,A,A,A,A,A,A,A,A,A,A,A,A,A,A,A,A,A,A,0.35,rotate
178,rotate,2,B,C,D,E,skip,A,B,C,D,E,skip,A,B,C,D,E,skip,A,B,C,0.55,rotate
178,rotate,3,C,D,E,skip,A,B,C,D,E,skip,A,B,C,D,E,skip,A,B,C,D,0.5,rotate
178,rotate0,4,D,D,D,D,D,D,D,D,D,D,D,D,D,D,D,D,D,D,D,D,0.35,rotate
178,rotate,5,E,skip,A,B,C,D,E,skip,A,B,C,D,E,skip,A,B,C,D,E,skip,0.5,rotate
178,rotate,6,skip,A,B,C,D,E,skip,A,B,C,D,E,skip,A,B,C,D,E,skip,A,0.45,rotate
179,rotate,1,A,B,C,D,E,skip,A,B,C,D,E,skip,A,B,C,D,E,skip,A,B,0.65,rotate
179,rotate0,2,B,B,B,B,B,B,B,B,B,B,B,B,B,B,B,B,B,B,B,B,0.35,rotate
179,rotate,3,C,D,E,skip,A,B,C,D,E,skip,A,B,C,D,E,skip,A,B,C,D,0.7,rotate
179,rotate,4,D,E,skip,A,B,C,D,E,skip,A,B,C,D,E,skip,A,B,C,D,E,0.7,rotate
179,rotate,5,E,skip,A,B,C,D,E,skip,A,B,C,D,E,skip,A,B,C,D,E,skip,0.65,rotate
179,rotate0,6,skip,skip,skip,skip,skip,skip,skip,skip,skip,skip,skip,skip,skip,skip,skip,skip,skip,skip,skip,skip,0.0,rotate
180,rotate0,1,A,A,A,A,A,A,A,A,A,A,A,A,A,A,A,A,A,A,A,A,0.35,rotate
180,rotate,2,B,C,D,E,skip,A,B,C,D,E,skip,A,B,C,D,E,skip,A,B,C,0.55,rotate
180,rotate,3,C,D,E,skip,A,B,C,D,E,skip,A,B,C,D,E,skip,A,B,C,D,0.55,rotate
180,rotate,4,D,E,skip,A,B,C,D,E,skip,A,B,C,D,E,skip,A,B,C,D,E,0.5,rotate
180,rotate0,5,E,E,E,E,E,E,E,E,E,E,E,E,E,E,E,E,E,E,E,E,0.35,rotate
180,rotate,6,skip,A,B,C,D,E,skip,A,B,C,D,E,skip,A,B,C,D,E,skip,A,0.45,rotate
181,rotate0,1,A,A,A,A,A,A,A,A,A,A,A,A,A,A,A,A,A,A,A,A,0.8,rotate0
181,random3,2,B,B,B,B,B,B,B,B,B,B,B,B,B,B,B,B,A,B,C,C,0.7,rotate0
181,random3,3,C,C,C,C,C,C,D,A,D,D,D,D,D,D,D,D,D,D,D,B,0.4,rotate0
181,random3,4,D,D,D,D,D,D,D,B,D,D,D,E,A,A,B,B,E,B,D,D,0.3,rotate0
181,rotate0,5,E,E,E,E,E,E,E,E,E,E,E,E,E,E,E,E,E,E,E,E,0.9,rotate0
181,random3,6,D,C,C,C,C,C,C,C,C,C,C,C,C,C,C,C,C,C,C,B,0.6,rotate0
182,random3,1,C,C,C,E,A,A,B,B,D,D,D,B,B,B,D,D,D,D,D,D,0.15,rotate0
182,rotate0,2,B,B,B,B,B,B,B,B,B,B,B,B,B,B,B,B,B,B,B,B,0.75,rotate0
182,rotate0,3,C,C,C,C,C,C,C,C,C,C,C,C,C,C,C,C,C,C,C,C,0.8,rotate0
182,random3,4,A,A,A,E,E,A,D,D,D,D,D,D,D,D,D,C,E,D,D,D,0.2,rotate0
182,random3,5,A,A,A,E,E,E,E,E,E,E,E,E,E,E,E,E,E,E,E,E,0.7,rotate0
182,random3,6,D,D,D,D,D,D,D,A,A,A,A,A,A,A,A,A,A,A,A,A,0.95,rotate0
183,random3,1,A,A,A,A,A,A,A,A,A,A,A,A,A,A,A,A,A,A,A,A,0.85,random3
183,random3,2,A,A,A,D,D,D,D,D,D,D,D,D,D,D,D,D,D,D,D,D,0.85,random3
183,rotate0,3,C,C,C,C,C,C,C,C,C,C,C,C,C,C,C,C,C,C,C,C,1.0,random3
183,random3,4,B,B,B,B,B,B,B,B,B,B,B,B,B,B,B,B,B,B,B,B,1.0,random3
183,random3,5,E,E,E,E,E,E,E,E,E,E,E,E,E,E,E,E,E,E,E,E,1.0,random3
183,rotate0,6,skip,skip,skip,skip,skip,skip,skip,skip,skip,skip,skip,skip,skip,skip,skip,skip,skip,skip,skip,skip,0.0,random3
184,random3,1,B,B,B,B,B,B,B,B,B,B,B,B,B,B,C,A,B,B,E,E,0.15,rotate0
184,random3,2,D,E,E,E,E,E,E,E,E,E,E,E,B,B,B,B,B,B,E,E,0.55,rotate0
184,rotate0,3,C,C,C,C,C,C,C,C,C,C,C,C,C,C,C,C,C,C,C,C,0.95,rotate0
184,rotate0,4,D,D,D,D,D,D,D,D,D,D,D,D,D,D,D,D,D,D,D,D,0.85,rotate0
184,random3,5,B,E,B,B,B,B,B,B,B,B,D,E,D,E,E,E,E,E,E,B,0.3,rotate0
184,random3,6,A,A,A,A,A,A,A,A,A,A,A,A,A,A,A,A,A,A,A,A,0.95,rotate0
185,random3,1,C,C,C,C,C,C,C,C,C,C,C,C,C,C,C,C,C,C,C,C,0.65,rotate0
185,rotate0,2,B,B,B,B,B,B,B,B,B,B,B,B,B,B,B,B,B,B,B,B,0.95,rotate0
185,random3,3,C,A,A,A,A,A,D,D,D,D,D,D,D,A,A,A,A,A,A,A,0.3,rotate0
185,random3,4,C,C,C,C,C,D,D,D,D,D,D,C,D,D,D,D,D,D,D,D,0.35,rotate0
185,rotate0,5,E,E,E,E,E,E,E,E,E,E,E,E,E,E,E,E,E,E,E,E,0.85,rotate0
185,random3,6,E,A,A,A,A,A,A,A,A,A,A,A,A,A,A,E,E,C,B,D,0.35,rotate0
186,random3,1,E,E,A,D,A,A,A,A,A,A,A,A,A,A,A,A,A,A,A,A,0.6,rotate0
186,random3,2,E,D,D,D,C,D,D,D,D,D,D,D,D,D,D,D,D,D,D,D,0.85,rotate0
186,rotate0,3,C,C,C,C,C,C,C,C,C,C,C,C,C,C,C,C,C,C,C,C,0.5,rotate0
186,random3,4,B,B,B,B,B,B,B,B,B,B,B,B,B,B,B,B,B,B,B,B,0.85,rotate0
186,rotate0,5,E,E,E,E,E,E,E,E,E,E,E,E,E,E,E,E,E,E,E,E,0.9,rotate0
186,random3,6,A,A,A,A,A,A,A,A,C,C,C,C,B,B,C,C,C,C,C,B,0.15,rotate0
187,random3,1,D,D,D,D,D,D,D,D,D,D,D,D,D,D,D,D,D,D,D,D,1.0,random3
187,random3,2,B,B,C,C,C,C,C,C,C,C,C,C,C,C,C,C,C,C,C,C,0.8,random3
187,random3,3,B,B,C,C,B,B,B,B,B,B,B,B,B,B,B,B,B,B,B,B,0.8,random3
187,random3,4,A,A,A,A,A,A,A,A,A,A,A,A,A,A,A,A,A,A,A,A,1.0,random3
187,rotate0,5,E,E,E,E,E,E,E,E,E,E,E,E,E,E,E,E,E,E,E,E,1.0,random3
187,rotate0,6,skip,skip,skip,skip,skip,skip,skip,skip,skip,skip,skip,skip,skip,skip,skip,skip,skip,skip,skip,skip,0.0,random3
188,rotate0,1,A,A,A,A,A,A,A,A,A,A,A,A,A,A,A,A,A,A,A,A,0.55,rotate0
188,rotate0,2,B,B,B,B,B,B,B,B,B,B,B,B,B,B,B,B,B,B,B,B,0.8,rotate0
188,random3,3,C,C,C,C,C,C,C,C,C,C,B,B,B,D,D,D,D,D,D,D,0.5,rotate0
188,random3,4,B,D,D,D,A,E,C,A,C,C,A,A,C,C,C,C,C,C,C,C,0.5,rotate0
188,random3,5,C,C,C,D,D,D,D,D,D,D,D,D,D,D,A,A,E,E,E,E,0.6,rotate0
188,random3,6,E,E,E,E,E,E,E,E,E,E,E,E,E,E,E,E,E,A,A,A,0.75,rotate0
189,rotate0,1,A,A,A,A,A,A,A,A,A,A,A,A,A,A,A,A,A,A,A,A,0.55,rotate0
189,random3,2,A,A,A,A,E,C,C,E,E,B,B,B,B,B,B,B,A,A,D,D,0.25,rotate0
189,rotate0,3,C,C,C,C,C,C,C,C,C,C,C,C,C,C,C,C,C,C,C,C,0.9,rotate0
189,random3,4,D,D,D,D,D,D,D,D,D,D,D,D,D,A,A,B,B,B,B,B,0.6,rotate0
189,random3,5,D,B,B,B,B,B,E,E,E,D,D,D,D,D,D,D,D,D,D,A,0.5,rotate0
189,random3,6,E,E,E,E,E,B,B,B,B,B,B,E,E,E,E,E,E,E,E,E,0.8,rotate0
190,rotate0,1,A,A,A,A,A,A,A,A,A,A,A,A,A,A,A,A,A,A,A,A,1.0,random3
190,random3,2,C,C,C,C,C,C,C,C,C,C,C,C,C,C,C,C,C,C,C,C,0.85,random3
190,random3,3,C,C,C,D,D,D,D,D,D,D,D,D,D,D,D,D,D,D,D,D,0.85,random3
190,random3,4,B,B,B,B,B,B,B,B,B,B,B,B,B,B,B,B,B,B,B,B,1.0,random3
190,random3,5,E,E,E,E,E,E,E,E,E,E,E,E,E,E,E,E,E,E,E,E,1.0,random3
190,rotate0,6,skip,skip,skip,skip,skip,skip,skip,skip,skip,skip,skip,skip,skip,skip,skip,skip,skip,skip,skip,skip,0.0,random3
191,random3,1,A,A,A,A,A,A,A,A,A,A,A,A,A,A,A,B,B,B,D,D,0.7,rotate0
191,rotate0,2,B,B,B,B,B,B,B,B,B,B,B,B,B,B,B,B,B,B,B,B,0.55,rotate0
191,random3,3,B,E,E,C,D,D,D,D,D,B,B,B,B,B,A,A,A,A,A,A,0.25,rotate0
191,rotate0,4,D,D,D,D,D,D,D,D,D,D,D,D,D,D,D,D,D,D,D,D,0.65,rotate0
191,random3,5,C,E,E,E,E,E,E,E,E,E,E,E,E,E,E,E,E,E,E,E,0.85,rotate0
191,random3,6,C,C,C,C,C,C,C,C,C,C,C,C,C,C,C,C,C,C,C,C,0.9,rotate0
192,random3,1,E,B,B,B,A,A,A,A,A,A,A,A,A,A,A,A,A,A,A,A,0.65,rotate0
192,random3,2,C,C,C,C,C,C,C,C,C,C,C,C,C,A,A,E,E,E,B,B,0.6,rotate0
192,random3,3,B,B,B,B,B,B,B,B,B,B,B,B,B,B,B,B,B,B,B,B,0.7,rotate0
192,rotate0,4,D,D,D,D,D,D,D,D,D,D,D,D,D,D,D,D,D,D,D,D,0.9,rotate0
192,rotate0,5,E,E,E,E,E,E,E,E,E,E,E,E,E,E,E,E,E,E,E,E,0.6,rotate0
192,random3,6,A,A,A,A,A,D,E,B,E,E,E,D,C,C,C,C,C,C,C,C,0.55,rotate0
193,random3,1,D,D,D,D,D,D,C,C,C,C,C,C,C,C,C,C,C,C,C,C,0.7,random3
193,random3,2,B,B,B,B,B,B,B,B,B,B,B,B,B,B,B,B,B,B,B,B,1.0,random3
193,random3,3,E,E,E,E,E,E,E,E,E,E,E,E,E,E,E,E,E,E,E,E,1.0,random3
193,rotate0,4,D,D,D,D,D,D,D,D,D,D,D,D,D,D,D,D,D,D,D,D,0.7,random3
193,random3,5,D,D,D,A,A,A,A,A,A,A,A,A,A,A,A,A,A,A,A,A,0.85,random3
193,rotate0,6,skip,skip,skip,skip,skip,skip,skip,skip,skip,skip,skip,skip,skip,skip,skip,skip,skip,skip,skip,skip,0.0,random3
194,rotate0,1,A,A,A,A,A,A,A,A,A,A,A,A,A,A,A,A,A,A,A,A,0.2,random3
194,random3,2,A,A,A,A,A,A,A,A,A,C,C,C,C,C,C,C,C,C,C,C,0.45,random3
194,random3,3,A,A,A,A,A,B,B,B,B,B,B,B,E,A,A,A,A,A,A,A,0.3,random3
194,rotate0,4,D,D,D,D,D,D,D,D,D,D,D,D,D,D,D,D,D,D,D,D,1.0,random3
194,random3,5,C,C,C,C,C,C,C,C,C,C,C,B,B,B,E,E,E,E,E,E,0.8,random3
194,random3,6,E,E,E,E,E,E,E,E,E,E,E,E,E,B,B,B,B,B,B,B,0.9,random3
195,random3,1,D,D,D,D,D,D,D,D,D,D,D,D,D,D,D,D,D,D,D,D,1.0,random3
195,rotate0,2,B,B,B,B,B,B,B,B,B,B,B,B,B,B,B,B,B,B,B,B,0.9,random3
195,random3,3,B,B,E,E,E,E,E,E,E,E,E,E,E,E,E,E,E,E,E,E,0.9,random3
195,random3,4,A,A,A,A,A,A,A,A,A,A,A,A,A,A,A,A,A,A,A,A,0.85,random3
195,random3,5,A,A,A,C,C,C,C,C,C,C,C,C,C,C,C,C,C,C,C,C,0.85,random3
195,rotate0,6,skip,skip,skip,skip,skip,skip,skip,skip,skip,skip,skip,skip,skip,skip,skip,skip,skip,skip,skip,skip,0.0,random3
196,rotate0,1,A,A,A,A,A,A,A,A,A,A,A,A,A,A,A,A,A,A,A,A,0.1,radicaleq
196,radicaleq,2,B,C,E,A,B,skip,E,A,B,skip,E,A,B,skip,E,A,B,skip,E,A,0.3,radicaleq
196,radicaleq,3,C,D,skip,E,A,B,skip,E,A,B,skip,E,A,B,skip,E,A,B,skip,E,0.3,radicaleq
196,radicaleq,4,D,E,D,skip,E,A,B,skip,E,A,B,skip,E,A,B,skip,E,A,B,skip,0.3,radicaleq
196,rotate0,5,E,E,E,E,E,E,E,E,E,E,E,E,E,E,E,E,E,E,E,E,0.05,radicaleq
196,radicaleq,6,skip,A,B,B,skip,E,A,B,skip,E,A,B,skip,E,A,B,skip,E,A,B,0.3,radicaleq
197,radicaleq,1,A,B,D,D,A,C,E,B,E,B,A,B,E,B,A,B,E,B,A,B,0.55,radicaleq
197,rotate0,2,B,B,B,B,B,B,B,B,B,B,B,B,B,B,B,B,B,B,B,B,0.15,radicaleq
197,rotate0,3,C,C,C,C,C,C,C,C,C,C,C,C,C,C,C,C,C,C,C,C,0.55,radicaleq
197,radicaleq,4,D,E,skip,A,E,skip,B,A,B,E,B,A,B,E,B,A,B,E,B,A,0.55,radicaleq
197,radicaleq,5,E,skip,A,E,B,E,skip,E,skip,A,skip,E,skip,A,skip,E,skip,A,skip,E,0.55,radicaleq
197,radicaleq,6,skip,A,E,B,C,A,A,C,A,C,E,C,A,C,E,C,A,C,E,C,0.5,radicaleq
198,radicaleq,1,A,B,C,D,C,D,C,D,C,D,C,D,C,D,C,D,C,D,C,D,0.55,radicaleq
198,radicaleq,2,B,C,D,E,skip,E,skip,E,skip,E,skip,E,skip,E,skip,E,skip,E,skip,E,0.55,radicaleq
198,rotate0,3,C,C,C,C,C,C,C,C,C,C,C,C,C,C,C,C,C,C,C,C,0.05,radicaleq
198,radicaleq,4,D,E,skip,C,D,C,D,C,D,C,D,C,D,C,D,C,D,C,D,C,0.5,radicaleq
198,radicaleq,5,E,skip,E,skip,E,skip,E,skip,E,skip,E,skip,E,skip,E,skip,E,skip,E,skip,0.5,radicaleq
198,rotate0,6,skip,skip,skip,skip,skip,skip,skip,skip,skip,skip,skip,skip,skip,skip,skip,skip,skip,skip,skip,skip,0.0,radicaleq
199,radicaleq,1,A,B,C,A,skip,D,C,A,skip,D,C,A,skip,D,C,A,skip,D,C,A,0.35,radicaleq
199,radicaleq,2,B,C,E,D,B,skip,D,C,A,skip,D,C,A,skip,D,C,A,skip,D,C,0.3,radicaleq
199,rotate0,3,C,C,C,C,C,C,C,C,C,C,C,C,C,C,C,C,C,C,C,C,0.1,radicaleq
199,rotate0,4,D,D,D,D,D,D,D,D,D,D,D,D,D,D,D,D,D,D,D,D,0.1,radicaleq
199,radicaleq,5,E,skip,A,skip,C,A,skip,D,C,A,skip,D,C,A,skip,D,C,A,skip,D,0.3,radicaleq
199,radicaleq,6,skip,A,D,E,D,C,A,skip,D,C,A,skip,D,C,A,skip,D,C,A,skip,0.3,radicaleq
200,radicaleq,1,A,B,C,D,E,D,E,D,E,D,E,D,E,D,E,D,E,D,E,D,0.55,radicaleq
200,rotate0,2,B,B,B,B,B,B,B,B,B,B,B,B,B,B,B,B,B,B,B,B,0.55,radicaleq
200,radicaleq,3,C,D,skip,E,A,E,A,E,A,E,A,E,A,E,A,E,A,E,A,E,0.5,radicaleq
200,radicaleq,4,D,E,D,skip,D,skip,D,skip,D,skip,D,skip,D,skip,D,skip,D,skip,D,skip,0.5,radicaleq
200,rotate0,5,E,E,E,E,E,E,E,E,E,E,E,E,E,E,E,E,E,E,E,E,0.05,radicaleq
200,radicaleq,6,skip,A,E,A,B,A,B,A,B,A,B,A,B,A,B,A,B,A,B,A,0.5,radicaleq
201,radicaleq,1,A,B,skip,A,skip,A,skip,A,skip,A,skip,A,skip,A,skip,A,skip,A,skip,A,0.55,radicaleq
201,radicaleq,2,B,C,D,C,B,C,B,C,B,C,B,C,B,C,B,C,B,C,B,C,0.5,radicaleq
201,rotate0,3,C,C,C,C,C,C,C,C,C,C,C,C,C,C,C,C,C,C,C,C,0.5,radicaleq
201,radicaleq,4,D,E,A,skip,A,skip,A,skip,A,skip,A,skip,A,skip,A,skip,A,skip,A,skip,0.5,radicaleq
201,rotate0,5,E,E,E,E,E,E,E,E,E,E,E,E,E,E,E,E,E,E,E,E,0.5,radicaleq
201,radicaleq,6,skip,A,E,D,E,D,E,D,E,D,E,D,E,D,E,D,E,D,E,D,0.5,radicaleq
202,radicaleq,1,A,B,D,skip,D,skip,B,skip,D,skip,B,skip,D,skip,B,skip,D,skip,B,skip,0.55,radicaleq
202,radicaleq,2,B,C,E,B,E,D,E,B,E,D,E,B,E,D,E,B,E,D,E,B,0.55,radicaleq
202,radicaleq,3,C,D,skip,D,skip,B,skip,D,skip,B,skip,D,skip,B,skip,D,skip,B,skip,D,0.55,radicaleq
202,radicaleq,4,D,E,B,E,B,E,D,E,B,E,D,E,B,E,D,E,B,E,D,E,0.5,radicaleq
202,rotate0,5,E,E,E,E,E,E,E,E,E,E,E,E,E,E,E,E,E,E,E,E,0.05,radicaleq
202,rotate0,6,skip,skip,skip,skip,skip,skip,skip,skip,skip,skip,skip,skip,skip,skip,skip,skip,skip,skip,skip,skip,0.0,radicaleq
203,rotate0,1,A,A,A,A,A,A,A,A,A,A,A,A,A,A,A,A,A,A,A,A,0.1,radicaleq
203,rotate0,2,B,B,B,B,B,B,B,B,B,B,B,B,B,B,B,B,B,B,B,B,0.15,radicaleq
203,radicaleq,3,C,D,A,B,E,B,E,skip,A,B,E,skip,A,B,E,skip,A,B,E,skip,0.35,radicaleq
203,radicaleq,4,D,E,skip,D,skip,A,B,E,skip,A,B,E,skip,A,B,E,skip,A,B,E,0.35,radicaleq
203,radicaleq,5,E,skip,D,A,D,skip,A,B,E,skip,A,B,E,skip,A,B,E,skip,A,B,0.3,radicaleq
203,radicaleq,6,skip,A,C,E,B,E,skip,A,B,E,skip,A,B,E,skip,A,B,E,skip,A,0.3,radicaleq
204,rotate0,1,A,A,A,A,A,A,A,A,A,A,A,A,A,A,A,A,A,A,A,A,0.55,radicaleq
204,radicaleq,2,B,C,E,C,B,C,B,C,B,C,B,C,B,C,B,C,B,C,B,C,0.5,radicaleq
204,rotate0,3,C,C,C,C,C,C,C,C,C,C,C,C,C,C,C,C,C,C,C,C,0.05,radicaleq
204,radicaleq,4,D,E,skip,skip,E,skip,E,skip,E,skip,E,skip,E,skip,E,skip,E,skip,E,skip,0.5,radicaleq
204,radicaleq,5,E,skip,C,B,A,B,A,B,A,B,A,B,A,B,A,B,A,B,A,B,0.5,radicaleq
204,radicaleq,6,skip,A,B,E,C,E,C,E,C,E,C,E,C,E,C,E,C,E,C,E,0.5,radicaleq
205,rotate0,1,A,A,A,A,A,A,A,A,A,A,A,A,A,A,A,A,A,A,A,A,0.1,radicaleq
205,radicaleq,2,B,C,D,A,E,skip,E,skip,E,skip,E,skip,E,skip,E,skip,E,skip,E,skip,0.55,radicaleq
205,radicaleq,3,C,D,E,skip,A,C,A,C,A,C,A,C,A,C,A,C,A,C,A,C,0.55,radicaleq
205,radicaleq,4,D,E,skip,E,skip,E,skip,E,skip,E,skip,E,skip,E,skip,E,skip,E,skip,E,0.55,radicaleq
205,radicaleq,5,E,skip,A,C,C,A,C,A,C,A,C,A,C,A,C,A,C,A,C,A,0.5,radicaleq
205,rotate0,6,skip,skip,skip,skip,skip,skip,skip,skip,skip,skip,skip,skip,skip,skip,skip,skip,skip,skip,skip,skip,0.0,radicaleq
206,radicaleq,1,A,B,C,B,E,B,E,B,E,B,E,B,E,B,E,B,E,B,E,B,0.5,radicaleq
206,rotate0,2,B,B,B,B,B,B,B,B,B,B,B,B,B,B,B,B,B,B,B,B,0.5,radicaleq
206,radicaleq,3,C,D,A,skip,A,skip,A,skip,A,skip,A,skip,A,skip,A,skip,A,skip,A,skip,0.5,radicaleq
206,rotate0,4,D,D,D,D,D,D,D,D,D,D,D,D,D,D,D,D,D,D,D,D,0.5,radicaleq
206,radicaleq,5,E,skip,D,C,D,C,D,C,D,C,D,C,D,C,D,C,D,C,D,C,0.5,radicaleq
206,radicaleq,6,skip,A,skip,A,skip,A,skip,A,skip,A,skip,A,skip,A,skip,A,skip,A,skip,A,0.5,radicaleq
207,radicaleq,1,A,B,E,B,E,E,A,skip,D,D,A,skip,E,D,A,skip,E,D,A,skip,0.35,radicaleq
207,radicaleq,2,B,C,D,A,skip,D,E,A,skip,E,D,A,skip,E,D,A,skip,E,D,A,0.35,radicaleq
207,radicaleq,3,C,D,B,E,C,skip,D,E,A,skip,E,D,A,skip,E,D,A,skip,E,D,0.3,radicaleq
207,rotate0,4,D,D,D,D,D,D,D,D,D,D,D,D,D,D,D,D,D,D,D,D,0.1,radicaleq
207,rotate0,5,E,E,E,E,E,E,E,E,E,E,E,E,E,E,E,E,E,E,E,E,0.1,radicaleq
207,radicaleq,6,skip,A,A,skip,D,A,skip,D,E,A,skip,E,D,A,skip,E,D,A,skip,E,0.3,radicaleq
208,radicaleq,1,A,B,D,E,D,E,D,E,D,E,D,E,D,E,D,E,D,E,D,E,0.55,radicaleq
208,radicaleq,2,B,C,skip,C,skip,C,skip,C,skip,C,skip,C,skip,C,skip,C,skip,C,skip,C,0.55,radicaleq
208,radicaleq,3,C,D,E,D,E,D,E,D,E,D,E,D,E,D,E,D,E,D,E,D,0.5,radicaleq
208,rotate0,4,D,D,D,D,D,D,D,D,D,D,D,D,D,D,D,D,D,D,D,D,0.05,radicaleq
208,radicaleq,5,E,skip,C,skip,C,skip,C,skip,C,skip,C,skip,C,skip,C,skip,C,skip,C,skip,0.5,radicaleq
208,rotate0,6,skip,skip,skip,skip,skip,skip,skip,skip,skip,skip,skip,skip,skip,skip,skip,skip,skip,skip,skip,skip,0.0,radicaleq
209,rotate0,1,A,A,A,A,A,A,A,A,A,A,A,A,A,A,A,A,A,A,A,A,0.55,radicaleq
209,radicaleq,2,B,C,skip,D,B,D,B,D,B,D,B,D,B,D,B,D,B,D,B,D,0.5,radicaleq
209,radicaleq,3,C,D,C,skip,C,skip,C,skip,C,skip,C,skip,C,skip,C,skip,C,skip,C,skip,0.5,radicaleq
209,rotate0,4,D,D,D,D,D,D,D,D,D,D,D,D,D,D,D,D,D,D,D,D,0.05,radicaleq
209,radicaleq,5,E,skip,D,B,A,B,A,B,A,B,A,B,A,B,A,B,A,B,A,B,0.5,radicaleq
209,radicaleq,6,skip,A,B,C,D,C,D,C,D,C,D,C,D,C,D,C,D,C,D,C,0.5,radicaleq
210,radicaleq,1,A,B,C,D,B,D,B,D,B,D,B,D,B,D,B,D,B,D,B,D,0.55,radicaleq
210,rotate0,2,B,B,B,B,B,B,B,B,B,B,B,B,B,B,B,B,B,B,B,B,0.05,radicaleq
210,radicaleq,3,C,D,B,E,skip,E,skip,E,skip,E,skip,E,skip,E,skip,E,skip,E,skip,E,0.55,radicaleq
210,radicaleq,4,D,E,skip,B,D,B,D,B,D,B,D,B,D,B,D,B,D,B,D,B,0.5,radicaleq
210,radicaleq,5,E,skip,E,skip,E,skip,E,skip,E,skip,E,skip,E,skip,E,skip,E,skip,E,skip,0.5,radicaleq
210,rotate0,6,skip,skip,skip,skip,skip,skip,skip,skip,skip,skip,skip,skip,skip,skip,skip,skip,skip,skip,skip,skip,0.0,radicaleq
211,rotate0,1,A,A,A,A,A,A,A,A,A,A,A,A,A,A,A,A,A,A,A,A,1.0,draw
211,rotate0,2,B,B,B,B,B,B,B,B,B,B,B,B,B,B,B,B,B,B,B,B,1.0,draw
211,rotate0,3,C,C,C,C,C,C,C,C,C,C,C,C,C,C,C,C,C,C,C,C,1.0,draw
211,rotate0,4,D,D,D,D,D,D,D,D,D,D,D,D,D,D,D,D,D,D,D,D,1.0,draw
211,rotate0,5,E,E,E,E,E,E,E,E,E,E,E,E,E,E,E,E,E,E,E,E,1.0,draw
211,rotate0,6,skip,skip,skip,skip,skip,skip,skip,skip,skip,skip,skip,skip,skip,skip,skip,skip,skip,skip,skip,skip,0.0,draw
212,rotate0,1,A,A,A,A,A,A,A,A,A,A,A,A,A,A,A,A,A,A,A,A,1.0,draw
212,rotate0,2,B,B,B,B,B,B,B,B,B,B,B,B,B,B,B,B,B,B,B,B,1.0,draw
212,rotate0,3,C,C,C,C,C,C,C,C,C,C,C,C,C,C,C,C,C,C,C,C,1.0,draw
212,rotate0,4,D,D,D,D,D,D,D,D,D,D,D,D,D,D,D,D,D,D,D,D,1.0,draw
212,rotate0,5,E,E,E,E,E,E,E,E,E,E,E,E,E,E,E,E,E,E,E,E,1.0,draw
212,rotate0,6,skip,skip,skip,skip,skip,skip,skip,skip,skip,skip,skip,skip,skip,skip,skip,skip,skip,skip,skip,skip,0.0,draw
213,rotate0,1,A,A,A,A,A,A,A,A,A,A,A,A,A,A,A,A,A,A,A,A,1.0,draw
213,rotate0,2,B,B,B,B,B,B,B,B,B,B,B,B,B,B,B,B,B,B,B,B,1.0,draw
213,rotate0,3,C,C,C,C,C,C,C,C,C,C,C,C,C,C,C,C,C,C,C,C,1.0,draw
213,rotate0,4,D,D,D,D,D,D,D,D,D,D,D,D,D,D,D,D,D,D,D,D,1.0,draw
213,rotate0,5,E,E,E,E,E,E,E,E,E,E,E,E,E,E,E,E,E,E,E,E,1.0,draw
213,rotate0,6,skip,skip,skip,skip,skip,skip,skip,skip,skip,skip,skip,skip,skip,skip,skip,skip,skip,skip,skip,skip,0.0,draw
214,rotate0,1,A,A,A,A,A,A,A,A,A,A,A,A,A,A,A,A,A,A,A,A,1.0,draw
214,rotate0,2,B,B,B,B,B,B,B,B,B,B,B,B,B,B,B,B,B,B,B,B,1.0,draw
214,rotate0,3,C,C,C,C,C,C,C,C,C,C,C,C,C,C,C,C,C,C,C,C,1.0,draw
214,rotate0,4,D,D,D,D,D,D,D,D,D,D,D,D,D,D,D,D,D,D,D,D,1.0,draw
214,rotate0,5,E,E,E,E,E,E,E,E,E,E,E,E,E,E,E,E,E,E,E,E,1.0,draw
214,rotate0,6,skip,skip,skip,skip,skip,skip,skip,skip,skip,skip,skip,skip,skip,skip,skip,skip,skip,skip,skip,skip,0.0,draw
215,rotate0,1,A,A,A,A,A,A,A,A,A,A,A,A,A,A,A,A,A,A,A,A,1.0,draw
215,rotate0,2,B,B,B,B,B,B,B,B,B,B,B,B,B,B,B,B,B,B,B,B,1.0,draw
215,rotate0,3,C,C,C,C,C,C,C,C,C,C,C,C,C,C,C,C,C,C,C,C,1.0,draw
215,rotate0,4,D,D,D,D,D,D,D,D,D,D,D,D,D,D,D,D,D,D,D,D,1.0,draw
215,rotate0,5,E,E,E,E,E,E,E,E,E,E,E,E,E,E,E,E,E,E,E,E,1.0,draw
215,rotate0,6,skip,skip,skip,skip,skip,skip,skip,skip,skip,skip,skip,skip,skip,skip,skip,skip,skip,skip,skip,skip,0.0,draw
216,rotate0,1,A,A,A,A,A,A,A,A,A,A,A,A,A,A,A,A,A,A,A,A,1.0,draw
216,rotate0,2,B,B,B,B,B,B,B,B,B,B,B,B,B,B,B,B,B,B,B,B,1.0,draw
216,rotate0,3,C,C,C,C,C,C,C,C,C,C,C,C,C,C,C,C,C,C,C,C,1.0,draw
216,rotate0,4,D,D,D,D,D,D,D,D,D,D,D,D,D,D,D,D,D,D,D,D,1.0,draw
216,rotate0,5,E,E,E,E,E,E,E,E,E,E,E,E,E,E,E,E,E,E,E,E,1.0,draw
216,rotate0,6,skip,skip,skip,skip,skip,skip,skip,skip,skip,skip,skip,skip,skip,skip,skip,skip,skip,skip,skip,skip,0.0,draw
217,rotate0,1,A,A,A,A,A,A,A,A,A,A,A,A,A,A,A,A,A,A,A,A,1.0,draw
217,rotate0,2,B,B,B,B,B,B,B,B,B,B,B,B,B,B,B,B,B,B,B,B,1.0,draw
217,rotate0,3,C,C,C,C,C,C,C,C,C,C,C,C,C,C,C,C,C,C,C,C,1.0,draw
217,rotate0,4,D,D,D,D,D,D,D,D,D,D,D,D,D,D,D,D,D,D,D,D,1.0,draw
217,rotate0,5,E,E,E,E,E,E,E,E,E,E,E,E,E,E,E,E,E,E,E,E,1.0,draw
217,rotate0,6,skip,skip,skip,skip,skip,skip,skip,skip,skip,skip,skip,skip,skip,skip,skip,skip,skip,skip,skip,skip,0.0,draw
218,rotate0,1,A,A,A,A,A,A,A,A,A,A,A,A,A,A,A,A,A,A,A,A,1.0,draw
218,rotate0,2,B,B,B,B,B,B,B,B,B,B,B,B,B,B,B,B,B,B,B,B,1.0,draw
218,rotate0,3,C,C,C,C,C,C,C,C,C,C,C,C,C,C,C,C,C,C,C,C,1.0,draw
218,rotate0,4,D,D,D,D,D,D,D,D,D,D,D,D,D,D,D,D,D,D,D,D,1.0,draw
218,rotate0,5,E,E,E,E,E,E,E,E,E,E,E,E,E,E,E,E,E,E,E,E,1.0,draw
218,rotate0,6,skip,skip,skip,skip,skip,skip,skip,skip,skip,skip,skip,skip,skip,skip,skip,skip,skip,skip,skip,skip,0.0,draw
219,rotate0,1,A,A,A,A,A,A,A,A,A,A,A,A,A,A,A,A,A,A,A,A,1.0,draw
219,rotate0,2,B,B,B,B,B,B,B,B,B,B,B,B,B,B,B,B,B,B,B,B,1.0,draw
219,rotate0,3,C,C,C,C,C,C,C,C,C,C,C,C,C,C,C,C,C,C,C,C,1.0,draw
219,rotate0,4,D,D,D,D,D,D,D,D,D,D,D,D,D,D,D,D,D,D,D,D,1.0,draw
219,rotate0,5,E,E,E,E,E,E,E,E,E,E,E,E,E,E,E,E,E,E,E,E,1.0,draw
219,rotate0,6,skip,skip,skip,skip,skip,skip,skip,skip,skip,skip,skip,skip,skip,skip,skip,skip,skip,skip,skip,skip,0.0,draw
220,rotate0,1,A,A,A,A,A,A,A,A,A,A,A,A,A,A,A,A,A,A,A,A,1.0,draw
220,rotate0,2,B,B,B,B,B,B,B,B,B,B,B,B,B,B,B,B,B,B,B,B,1.0,draw
220,rotate0,3,C,C,C,C,C,C,C,C,C,C,C,C,C,C,C,C,C,C,C,C,1.0,draw
220,rotate0,4,D,D,D,D,D,D,D,D,D,D,D,D,D,D,D,D,D,D,D,D,1.0,draw
220,rotate0,5,E,E,E,E,E,E,E,E,E,E,E,E,E,E,E,E,E,E,E,E,1.0,draw
220,rotate0,6,skip,skip,skip,skip,skip,skip,skip,skip,skip,skip,skip,skip,skip,skip,skip,skip,skip,skip,skip,skip,0.0,draw
221,rotate0,1,A,A,A,A,A,A,A,A,A,A,A,A,A,A,A,A,A,A,A,A,1.0,draw
221,rotate0,2,B,B,B,B,B,B,B,B,B,B,B,B,B,B,B,B,B,B,B,B,1.0,draw
221,rotate0,3,C,C,C,C,C,C,C,C,C,C,C,C,C,C,C,C,C,C,C,C,1.0,draw
221,rotate0,4,D,D,D,D,D,D,D,D,D,D,D,D,D,D,D,D,D,D,D,D,1.0,draw
221,rotate0,5,E,E,E,E,E,E,E,E,E,E,E,E,E,E,E,E,E,E,E,E,1.0,draw
221,rotate0,6,skip,skip,skip,skip,skip,skip,skip,skip,skip,skip,skip,skip,skip,skip,skip,skip,skip,skip,skip,skip,0.0,draw
222,rotate0,1,A,A,A,A,A,A,A,A,A,A,A,A,A,A,A,A,A,A,A,A,1.0,draw
222,rotate0,2,B,B,B,B,B,B,B,B,B,B,B,B,B,B,B,B,B,B,B,B,1.0,draw
222,rotate0,3,C,C,C,C,C,C,C,C,C,C,C,C,C,C,C,C,C,C,C,C,1.0,draw
222,rotate0,4,D,D,D,D,D,D,D,D,D,D,D,D,D,D,D,D,D,D,D,D,1.0,draw
222,rotate0,5,E,E,E,E,E,E,E,E,E,E,E,E,E,E,E,E,E,E,E,E,1.0,draw
222,rotate0,6,skip,skip,skip,skip,skip,skip,skip,skip,skip,skip,skip,skip,skip,skip,skip,skip,skip,skip,skip,skip,0.0,draw
223,rotate0,1,A,A,A,A,A,A,A,A,A,A,A,A,A,A,A,A,A,A,A,A,1.0,draw
223,rotate0,2,B,B,B,B,B,B,B,B,B,B,B,B,B,B,B,B,B,B,B,B,1.0,draw
223,rotate0,3,C,C,C,C,C,C,C,C,C,C,C,C,C,C,C,C,C,C,C,C,1.0,draw
223,rotate0,4,D,D,D,D,D,D,D,D,D,D,D,D,D,D,D,D,D,D,D,D,1.0,draw
223,rotate0,5,E,E,E,E,E,E,E,E,E,E,E,E,E,E,E,E,E,E,E,E,1.0,draw
223,rotate0,6,skip,skip,skip,skip,skip,skip,skip,skip,skip,skip,skip,skip,skip,skip,skip,skip,skip,skip,skip,skip,0.0,draw
224,rotate0,1,A,A,A,A,A,A,A,A,A,A,A,A,A,A,A,A,A,A,A,A,1.0,draw
224,rotate0,2,B,B,B,B,B,B,B,B,B,B,B,B,B,B,B,B,B,B,B,B,1.0,draw
224,rotate0,3,C,C,C,C,C,C,C,C,C,C,C,C,C,C,C,C,C,C,C,C,1.0,draw
224,rotate0,4,D,D,D,D,D,D,D,D,D,D,D,D,D,D,D,D,D,D,D,D,1.0,draw
224,rotate0,5,E,E,E,E,E,E,E,E,E,E,E,E,E,E,E,E,E,E,E,E,1.0,draw
224,rotate0,6,skip,skip,skip,skip,skip,skip,skip,skip,skip,skip,skip,skip,skip,skip,skip,skip,skip,skip,skip,skip,0.0,draw
225,rotate0,1,A,A,A,A,A,A,A,A,A,A,A,A,A,A,A,A,A,A,A,A,1.0,draw
225,rotate0,2,B,B,B,B,B,B,B,B,B,B,B,B,B,B,B,B,B,B,B,B,1.0,draw
225,rotate0,3,C,C,C,C,C,C,C,C,C,C,C,C,C,C,C,C,C,C,C,C,1.0,draw
225,rotate0,4,D,D,D,D,D,D,D,D,D,D,D,D,D,D,D,D,D,D,D,D,1.0,draw
225,rotate0,5,E,E,E,E,E,E,E,E,E,E,E,E,E,E,E,E,E,E,E,E,1.0,draw
225,rotate0,6,skip,skip,skip,skip,skip,skip,skip,skip,skip,skip,skip,skip,skip,skip,skip,skip,skip,skip,skip,skip,0.0,draw
226,random,1,skip,A,B,C,C,skip,D,A,skip,B,A,C,D,C,E,E,skip,skip,D,B,0.35,caste
226,caste,2,B,A,B,A,A,A,B,A,B,D,C,C,A,A,C,A,E,E,C,E,0.4,caste
226,caste,3,C,D,E,C,E,D,A,D,D,A,E,E,E,E,E,E,D,C,A,A,0.5,caste
226,random,4,C,D,E,C,C,A,B,C,E,A,B,B,skip,B,D,C,A,B,B,skip,0.35,caste
226,random,5,C,skip,B,E,skip,D,B,E,B,D,D,skip,B,skip,C,A,D,B,E,D,0.15,caste
226,random,6,E,D,D,B,E,C,E,skip,B,D,D,B,B,A,A,C,B,D,C,D,0.4,caste
227,random,1,skip,skip,B,C,A,E,B,A,E,skip,D,skip,A,C,B,A,D,B,A,B,0.2,caste
227,random,2,A,B,D,E,A,C,A,B,B,A,E,A,D,B,A,A,skip,B,E,C,0.3,caste
227,caste,3,C,D,D,B,A,E,D,D,C,D,D,C,C,C,E,C,C,B,C,D,0.45,caste
227,random,4,C,C,A,D,C,B,B,E,E,A,D,B,A,B,skip,D,D,D,A,E,0.35,caste
227,random,5,B,A,skip,D,B,skip,E,D,C,A,A,E,D,B,skip,C,C,E,A,B,0.25,caste
227,caste,6,skip,E,E,E,B,C,A,C,D,A,E,B,B,E,C,D,E,E,E,C,0.4,caste
228,random,1,D,E,C,C,E,C,A,E,skip,skip,A,skip,E,C,C,B,E,B,C,D,0.2,caste
228,random,2,C,A,C,E,skip,B,skip,D,E,B,E,B,C,C,E,C,B,skip,A,skip,0.1,caste
228,caste,3,C,A,A,B,D,E,E,D,A,A,A,B,D,D,D,D,A,A,E,D,0.5,caste
228,caste,4,D,B,D,E,B,B,D,B,B,B,C,D,C,B,B,B,D,D,A,E,0.5,caste
228,random,5,C,E,A,A,D,D,A,C,D,E,E,skip,A,A,C,C,skip,B,A,E,0.3,caste
228,random,6,skip,B,A,C,skip,C,E,E,skip,E,A,A,C,D,E,B,C,D,A,skip,0.1,caste
229,random,1,C,skip,E,D,D,E,C,B,E,E,E,C,A,A,C,skip,C,C,A,E,0.2,caste
229,caste,2,B,D,A,A,C,C,A,B,D,B,A,A,A,A,D,E,D,B,A,A,0.5,caste
229,random,3,E,B,skip,skip,E,skip,A,B,E,E,skip,C,D,E,D,A,skip,B,B,C,0.15,caste
229,random,4,C,E,B,skip,D,skip,skip,skip,C,C,skip,B,B,B,B,C,D,E,B,skip,0.35,caste
229,caste,5,E,B,C,D,A,B,C,D,A,D,B,B,D,D,E,A,E,E,D,D,0.55,caste
229,random,6,A,D,E,skip,skip,E,C,A,C,D,C,B,skip,skip,A,skip,C,skip,E,A,0.25,caste
230,random,1,B,E,D,D,skip,A,C,D,B,E,skip,E,D,D,C,E,E,E,E,E,0.35,caste
230,random,2,C,D,B,B,skip,E,A,C,skip,D,skip,A,B,C,skip,C,D,D,skip,C,0.3,caste
230,caste,3,C,E,C,A,A,A,A,B,A,B,A,B,C,A,B,B,B,A,C,A,0.5,caste
230,random,4,D,B,D,D,skip,C,D,C,A,D,C,D,C,skip,C,A,E,A,D,D,0.35,caste
230,caste,5,E,D,B,C,E,E,B,E,E,E,B,E,B,E,E,A,E,C,B,B,0.5,caste
230,random,6,A,skip,B,C,C,D,A,skip,skip,D,A,D,D,A,E,C,B,E,E,skip,0.15,caste
231,random,1,A,B,B,D,D,C,B,C,A,D,D,E,A,C,B,E,B,D,B,A,0.4,caste
231,random,2,A,A,skip,A,skip,E,A,A,A,B,E,A,skip,C,C,B,B,A,B,B,0.3,caste
231,random,3,E,C,D,B,skip,C,E,B,D,D,B,B,E,B,A,B,B,E,E,A,0.2,caste
231,random,4,skip,skip,A,D,C,A,C,B,D,B,B,A,skip,B,A,A,C,skip,skip,B,0.15,caste
231,caste,5,E,C,A,D,C,B,E,B,E,C,C,C,E,C,E,E,C,E,C,A,0.35,caste
231,caste,6,skip,D,C,E,B,E,B,D,D,E,E,A,C,D,D,D,D,D,A,D,0.65,caste
232,caste,1,A,D,B,B,E,D,B,E,A,B,E,E,B,A,D,A,A,E,E,E,0.3,caste
232,caste,2,B,C,C,C,D,C,C,C,C,C,A,B,D,E,E,E,E,C,C,A,0.55,caste
232,random,3,A,B,A,B,D,B,D,E,E,D,A,A,B,A,D,C,E,D,C,A,0.2,caste
232,random,4,E,D,A,A,E,A,B,C,skip,skip,C,E,skip,B,B,D,D,A,skip,C,0.25,caste
232,random,5,E,A,skip,C,E,D,D,B,C,skip,C,C,skip,D,B,C,A,D,C,E,0.2,caste
232,random,6,skip,E,D,A,B,E,skip,D,A,D,skip,B,C,B,skip,B,skip,skip,skip,skip,0.35,caste
233,caste,1,A,A,B,D,B,D,D,B,D,C,D,C,A,A,A,A,A,A,A,B,0.6,caste
233,random,2,B,A,C,skip,D,skip,skip,C,E,C,A,B,C,skip,E,skip,skip,C,A,B,0.2,caste
233,caste,3,C,C,E,E,A,E,E,E,B,D,A,B,C,C,B,B,E,B,B,D,0.45,caste
233,random,4,D,D,A,C,A,A,B,E,E,E,A,D,D,skip,C,C,E,E,A,D,0.35,caste
233,random,5,E,B,C,E,B,A,C,E,B,E,C,B,skip,C,B,C,skip,C,C,A,0.3,caste
233,random,6,D,skip,B,skip,C,A,D,skip,E,E,D,B,D,D,D,D,skip,skip,D,E,0.3,caste
234,caste,1,A,B,B,B,B,E,C,C,D,E,A,A,A,A,A,A,B,A,D,A,0.6,caste
234,random,2,A,E,E,B,D,skip,A,B,A,D,E,D,skip,A,skip,C,D,B,E,B,0.2,caste
234,random,3,C,skip,A,D,A,A,E,C,C,C,C,skip,C,E,skip,C,E,C,D,E,0.3,caste
234,random,4,C,A,E,C,skip,B,A,C,D,C,B,C,D,E,E,E,B,C,C,E,0.35,caste
234,random,5,D,D,C,E,B,D,E,D,C,D,B,E,E,B,skip,D,skip,skip,E,E,0.35,caste
234,caste,6,skip,D,E,C,A,D,E,B,B,B,E,D,B,B,D,C,A,B,A,B,0.3,caste
235,random,1,C,B,C,B,skip,A,D,skip,B,skip,E,B,skip,D,D,E,C,A,B,skip,0.4,caste
235,caste,2,B,E,D,A,A,B,B,E,C,D,D,B,C,C,C,C,B,E,E,A,0.45,caste
235,random,3,skip,E,D,E,A,A,D,D,E,A,D,D,E,A,B,A,C,D,E,D,0.3,caste
235,caste,4,D,A,A,E,C,C,C,C,B,A,B,A,E,D,B,E,C,B,D,E,0.35,caste
235,random,5,B,C,B,D,E,E,B,E,C,E,skip,A,E,A,skip,D,B,B,C,B,0.45,caste
235,random,6,skip,skip,D,E,D,A,A,C,C,C,B,A,A,skip,skip,skip,D,B,D,skip,0.25,caste
236,random,1,A,B,D,A,D,skip,B,B,A,skip,E,skip,C,E,E,skip,C,D,C,C,0.35,caste
236,random,2,skip,B,skip,skip,B,A,C,A,B,skip,E,C,B,skip,C,D,D,B,skip,D,0.15,caste
236,random,3,D,A,A,A,D,B,skip,D,skip,D,E,A,D,C,skip,E,E,C,skip,D,0.3,caste
236,caste,4,D,C,D,E,C,E,E,E,E,E,E,C,D,E,A,E,B,A,D,D,0.5,caste
236,caste,5,E,A,C,B,B,C,C,B,C,D,C,B,B,A,D,D,A,B,E,B,0.55,caste
236,random,6,E,C,skip,D,A,A,C,D,B,A,skip,C,C,B,skip,C,C,A,A,A,0.35,caste
237,random,1,B,E,B,D,D,D,B,B,skip,skip,A,A,skip,E,skip,skip,B,D,skip,D,0.15,caste
237,random,2,D,E,A,B,B,A,B,B,E,C,C,B,skip,A,E,B,B,A,D,C,0.35,caste
237,random,3,D,B,skip,E,B,skip,C,D,E,B,skip,A,B,D,D,C,E,A,skip,skip,0.3,caste
237,caste,4,D,A,A,C,A,E,E,E,A,D,A,E,D,C,C,C,A,D,C,C,0.6,caste
237,random,5,B,skip,skip,D,B,C,C,E,A,E,skip,skip,skip,B,B,skip,B,skip,E,skip,0.2,caste
237,caste,6,skip,C,C,E,C,A,C,A,D,C,D,D,C,E,A,D,E,A,E,D,0.5,caste
238,caste,1,A,B,C,B,D,C,E,D,C,D,D,A,B,B,A,C,A,A,B,A,0.4,caste
238,random,2,B,B,E,skip,skip,B,skip,E,A,C,D,E,B,skip,B,skip,D,B,E,E,0.35,caste
238,random,3,A,E,C,B,skip,A,E,E,E,B,skip,E,skip,D,E,A,skip,A,B,C,0.25,caste
238,caste,4,D,E,D,D,E,E,C,C,D,C,A,C,D,A,C,D,D,C,D,D,0.6,caste
238,random,5,A,C,skip,skip,D,D,B,E,B,E,E,C,D,E,B,E,B,A,skip,A,0.35,caste
238,random,6,skip,A,A,C,skip,A,B,B,skip,E,A,C,A,skip,E,C,E,C,C,D,0.35,caste
239,random,1,skip,B,D,B,A,E,skip,E,B,C,A,D,A,C,E,B,E,A,skip,E,0.3,caste
239,caste,2,B,D,D,E,E,D,B,D,B,C,E,B,B,C,B,E,D,D,B,B,0.45,caste
239,random,3,C,C,A,B,E,E,skip,C,skip,A,D,skip,E,skip,B,E,A,skip,skip,A,0.35,caste
239,random,4,E,A,C,skip,A,C,skip,skip,A,skip,E,skip,B,D,A,B,D,A,A,skip,0.2,caste
239,random,5,A,E,C,A,B,C,B,skip,E,D,skip,C,skip,A,C,A,A,E,D,C,0.5,caste
239,caste,6,skip,C,B,D,D,E,D,A,A,D,B,C,A,D,E,D,C,C,C,C,0.5,caste
240,caste,1,A,C,A,B,C,C,C,C,C,C,C,C,A,C,C,D,E,D,C,C,0.55,caste
240,random,2,E,D,E,B,E,E,E,A,C,D,D,E,skip,A,A,C,A,D,B,A,0.45,caste
240,random,3,B,C,D,E,B,E,E,skip,A,E,B,C,A,skip,skip,A,skip,skip,A,E,0.15,caste
240,random,4,skip,A,D,A,A,A,B,D,skip,D,skip,D,D,B,C,B,E,A,B,skip,0.4,caste
240,caste,5,E,D,D,A,B,E,A,D,B,B,A,A,B,E,A,B,D,B,B,E,0.35,caste
240,random,6,B,C,skip,D,D,B,skip,D,skip,E,E,B,B,E,C,A,E,skip,A,C,0.25,caste
241,rotate,1,A,B,C,D,E,skip,A,B,C,D,E,skip,A,B,C,D,E,skip,A,B,0.15,caste
241,caste,2,B,B,C,E,D,E,B,C,B,D,E,E,C,C,B,C,D,E,A,C,0.35,caste
241,caste,3,C,C,D,D,E,A,A,A,C,E,D,A,A,B,D,D,E,A,B,B,0.45,caste
241,rotate,4,D,E,skip,A,B,C,D,E,skip,A,B,C,D,E,skip,A,B,C,D,E,0.85,caste
241,rotate,5,E,skip,A,B,C,D,E,skip,A,B,C,D,E,skip,A,B,C,D,E,skip,0.8,caste
241,rotate,6,skip,A,B,C,D,E,skip,A,B,C,D,E,skip,A,B,C,D,E,skip,A,0.3,caste
242,rotate,1,A,B,C,D,E,skip,A,B,C,D,E,skip,A,B,C,D,E,skip,A,B,0.7,rotate
242,rotate,2,B,C,D,E,skip,A,B,C,D,E,skip,A,B,C,D,E,skip,A,B,C,0.2,rotate
242,caste,3,C,C,A,B,C,A,E,C,A,B,D,A,D,E,D,E,A,D,E,C,0.15,rotate
242,rotate,4,D,E,skip,A,B,C,D,E,skip,A,B,C,D,E,skip,A,B,C,D,E,0.7,rotate
242,rotate,5,E,skip,A,B,C,D,E,skip,A,B,C,D,E,skip,A,B,C,D,E,skip,0.15,rotate
242,caste,6,skip,skip,D,E,B,D,A,B,E,D,C,E,B,C,A,B,C,A,B,D,0.15,rotate
243,rotate,1,A,B,C,D,E,skip,A,B,C,D,E,skip,A,B,C,D,E,skip,A,B,0.65,caste
243,rotate,2,B,C,D,E,skip,A,B,C,D,E,skip,A,B,C,D,E,skip,A,B,C,0.1,caste
243,caste,3,C,C,B,D,E,B,B,C,E,E,C,A,C,C,D,B,D,E,C,B,0.25,caste
243,caste,4,D,D,E,E,A,A,C,A,D,D,A,B,B,D,E,E,A,A,B,C,0.5,caste
243,rotate,5,E,skip,A,B,C,D,E,skip,A,B,C,D,E,skip,A,B,C,D,E,skip,0.7,caste
243,rotate,6,skip,A,B,C,D,E,skip,A,B,C,D,E,skip,A,B,C,D,E,skip,A,0.6,caste
244,rotate,1,A,B,C,D,E,skip,A,B,C,D,E,skip,A,B,C,D,E,skip,A,B,0.25,caste
244,caste,2,B,B,C,A,B,E,A,E,D,A,B,C,A,E,C,D,E,C,D,C,0.15,caste
244,rotate,3,C,D,E,skip,A,B,C,D,E,skip,A,B,C,D,E,skip,A,B,C,D,0.8,caste
244,rotate,4,D,E,skip,A,B,C,D,E,skip,A,B,C,D,E,skip,A,B,C,D,E,0.05,caste
244,caste,5,E,E,A,C,D,C,D,B,C,D,E,B,D,A,B,A,B,E,A,E,0.1,caste
244,rotate,6,skip,A,B,C,D,E,skip,A,B,C,D,E,skip,A,B,C,D,E,skip,A,0.5,caste
245,rotate,1,A,B,C,D,E,skip,A,B,C,D,E,skip,A,B,C,D,E,skip,A,B,0.7,rotate
245,rotate,2,B,C,D,E,skip,A,B,C,D,E,skip,A,B,C,D,E,skip,A,B,C,0.15,rotate
245,caste,3,C,C,D,A,D,B,D,B,D,E,D,A,D,E,B,E,E,A,B,A,0.1,rotate
245,rotate,4,D,E,skip,A,B,C,D,E,skip,A,B,C,D,E,skip,A,B,C,D,E,0.2,rotate
245,caste,5,E,E,B,E,A,C,A,C,E,A,B,C,B,C,D,A,B,C,D,C,0.15,rotate
245,rotate,6,skip,A,B,C,D,E,skip,A,B,C,D,E,skip,A,B,C,D,E,skip,A,0.55,rotate
246,rotate,1,A,B,C,D,E,skip,A,B,C,D,E,skip,A,B,C,D,E,skip,A,B,0.75,caste
246,rotate,2,B,C,D,E,skip,A,B,C,D,E,skip,A,B,C,D,E,skip,A,B,C,0.65,caste
246,rotate,3,C,D,E,skip,A,B,C,D,E,skip,A,B,C,D,E,skip,A,B,C,D,0.75,caste
246,rotate,4,D,E,skip,A,B,C,D,E,skip,A,B,C,D,E,skip,A,B,C,D,E,0.25,caste
246,caste,5,E,E,A,D,C,C,D,A,B,B,C,D,D,A,A,A,B,C,E,E,0.55,caste
246,caste,6,skip,skip,B,E,B,A,C,D,A,E,B,C,E,E,B,C,D,D,A,C,0.35,caste
247,caste,1,A,A,B,E,C,C,A,A,D,C,D,C,E,B,C,C,E,D,E,B,0.4,caste
247,caste,2,B,B,C,C,D,D,E,B,B,D,E,E,A,A,B,D,D,E,A,A,0.45,caste
247,rotate,3,C,D,E,skip,A,B,C,D,E,skip,A,B,C,D,E,skip,A,B,C,D,0.85,caste
247,rotate,4,D,E,skip,A,B,C,D,E,skip,A,B,C,D,E,skip,A,B,C,D,E,0.75,caste
247,rotate,5,E,skip,A,B,C,D,E,skip,A,B,C,D,E,skip,A,B,C,D,E,skip,0.5,caste
247,rotate,6,skip,A,B,C,D,E,skip,A,B,C,D,E,skip,A,B,C,D,E,skip,A,0.05,caste
248,caste,1,A,A,B,E,D,D,A,A,B,E,C,E,A,C,B,C,D,E,B,A,0.15,caste
248,rotate,2,B,C,D,E,skip,A,B,C,D,E,skip,A,B,C,D,E,skip,A,B,C,0.2,caste
248,caste,3,C,C,D,C,E,E,B,B,D,C,D,A,B,A,D,E,C,A,E,B,0.2,caste
248,rotate,4,D,E,skip,A,B,C,D,E,skip,A,B,C,D,E,skip,A,B,C,D,E,0.85,caste
248,rotate,5,E,skip,A,B,C,D,E,skip,A,B,C,D,E,skip,A,B,C,D,E,skip,0.6,caste
248,rotate,6,skip,A,B,C,D,E,skip,A,B,C,D,E,skip,A,B,C,D,E,skip,A,0.0,caste
249,caste,1,A,A,B,B,D,D,E,D,B,C,C,D,E,E,B,B,C,D,B,D,0.35,caste
249,rotate,2,B,C,D,E,skip,A,B,C,D,E,skip,A,B,C,D,E,skip,A,B,C,0.75,caste
249,rotate,3,C,D,E,skip,A,B,C,D,E,skip,A,B,C,D,E,skip,A,B,C,D,0.65,caste
249,rotate,4,D,E,skip,A,B,C,D,E,skip,A,B,C,D,E,skip,A,B,C,D,E,0.7,caste
249,rotate,5,E,skip,A,B,C,D,E,skip,A,B,C,D,E,skip,A,B,C,D,E,skip,0.1,caste
249,caste,6,skip,skip,A,C,C,E,B,A,A,B,D,C,D,A,E,C,A,E,E,A,0.4,caste
250,rotate,1,A,B,C,D,E,skip,A,B,C,D,E,skip,A,B,C,D,E,skip,A,B,0.05,caste
250,caste,2,B,B,C,C,A,B,A,A,C,E,A,B,A,D,E,C,A,E,B,D,0.15,caste
250,rotate,3,C,D,E,skip,A,B,C,D,E,skip,A,B,C,D,E,skip,A,B,C,D,0.2,caste
250,caste,4,D,D,E,D,E,E,C,B,D,D,E,A,C,B,C,D,E,B,A,B,0.15,caste
250,rotate,5,E,skip,A,B,C,D,E,skip,A,B,C,D,E,skip,A,B,C,D,E,skip,0.8,caste
250,rotate,6,skip,A,B,C,D,E,skip,A,B,C,D,E,skip,A,B,C,D,E,skip,A,0.55,caste
251,rotate,1,A,B,C,D,E,skip,A,B,C,D,E,skip,A,B,C,D,E,skip,A,B,0.75,caste
251,rotate,2,B,C,D,E,skip,A,B,C,D,E,skip,A,B,C,D,E,skip,A,B,C,0.7,caste
251,rotate,3,C,D,E,skip,A,B,C,D,E,skip,A,B,C,D,E,skip,A,B,C,D,0.15,caste
251,caste,4,D,D,C,E,B,B,C,D,B,A,D,B,D,B,D,C,B,C,C,D,0.3,caste
251,caste,5,E,E,B,A,A,C,D,A,E,E,A,C,C,E,E,A,A,B,D,E,0.5,caste
251,rotate,6,skip,A,B,C,D,E,skip,A,B,C,D,E,skip,A,B,C,D,E,skip,A,0.55,caste
252,rotate,1,A,B,C,D,E,skip,A,B,C,D,E,skip,A,B,C,D,E,skip,A,B,0.7,caste
252,rotate,2,B,C,D,E,skip,A,B,C,D,E,skip,A,B,C,D,E,skip,A,B,C,0.85,caste
252,rotate,3,C,D,E,skip,A,B,C,D,E,skip,A,B,C,D,E,skip,A,B,C,D,0.2,caste
252,caste,4,D,D,A,B,C,D,A,D,A,B,A,B,C,E,A,B,D,B,C,A,0.2,caste
252,rotate,5,E,skip,A,B,C,D,E,skip,A,B,C,D,E,skip,A,B,C,D,E,skip,0.05,caste
252,caste,6,skip,skip,E,C,A,B,E,B,E,C,C,D,E,D,E,A,C,D,E,B,0.15,caste
253,caste,1,A,A,B,C,C,E,C,D,B,C,D,E,C,A,B,B,A,B,A,A,0.1,caste
253,rotate,2,B,C,D,E,skip,A,B,C,D,E,skip,A,B,C,D,E,skip,A,B,C,0.75,caste
253,rotate,3,C,D,E,skip,A,B,C,D,E,skip,A,B,C,D,E,skip,A,B,C,D,0.2,caste
253,caste,4,D,D,E,B,A,B,E,A,D,E,A,B,E,D,C,C,D,E,C,E,0.15,caste
253,rotate,5,E,skip,A,B,C,D,E,skip,A,B,C,D,E,skip,A,B,C,D,E,skip,0.55,caste
253,rotate,6,skip,A,B,C,D,E,skip,A,B,C,D,E,skip,A,B,C,D,E,skip,A,0.05,caste
254,rotate,1,A,B,C,D,E,skip,A,B,C,D,E,skip,A,B,C,D,E,skip,A,B,0.1,caste
254,caste,2,B,B,A,D,C,D,D,B,A,B,E,E,A,C,A,B,C,D,A,A,0.2,caste
254,rotate,3,C,D,E,skip,A,B,C,D,E,skip,A,B,C,D,E,skip,A,B,C,D,0.8,caste
254,rotate,4,D,E,skip,A,B,C,D,E,skip,A,B,C,D,E,skip,A,B,C,D,E,0.8,caste
254,rotate,5,E,skip,A,B,C,D,E,skip,A,B,C,D,E,skip,A,B,C,D,E,skip,0.05,caste
254,caste,6,skip,skip,C,B,E,A,E,A,C,D,C,D,E,B,C,D,E,B,E,B,0.1,caste
255,caste,1,A,A,B,D,A,B,C,A,E,C,B,E,A,E,B,B,D,E,D,E,0.2,caste
255,rotate,2,B,C,D,E,skip,A,B,C,D,E,skip,A,B,C,D,E,skip,A,B,C,0.85,caste
255,rotate,3,C,D,E,skip,A,B,C,D,E,skip,A,B,C,D,E,skip,A,B,C,D,0.65,caste
255,rotate,4,D,E,skip,A,B,C,D,E,skip,A,B,C,D,E,skip,A,B,C,D,E,0.15,caste
255,caste,5,E,E,C,B,D,C,D,E,B,A,D,C,D,A,C,A,B,C,E,A,0.25,caste
255,rotate,6,skip,A,B,C,D,E,skip,A,B,C,D,E,skip,A,B,C,D,E,skip,A,0.15,caste
256,random3,1,E,E,E,E,E,C,E,E,E,E,E,B,B,B,B,B,B,B,B,B,0.65,caste
256,caste,2,B,A,A,D,D,D,D,D,D,D,D,D,D,D,A,A,A,A,A,A,0.9,caste
256,caste,3,C,D,B,A,A,A,A,A,A,A,A,A,A,A,D,D,D,D,D,D,0.85,caste
256,random3,4,E,E,B,B,B,B,B,B,C,C,C,C,C,C,C,C,C,C,C,C,0.5,caste
256,random3,5,E,E,C,C,C,C,C,C,C,B,E,E,E,E,E,E,E,E,E,E,0.55,caste
256,random3,6,E,E,E,E,E,B,B,B,B,B,C,C,C,D,E,E,E,A,D,D,0.05,caste
257,random3,1,E,E,E,E,A,A,A,A,A,A,A,A,A,A,A,A,A,A,A,A,0.7,caste
257,random3,2,B,B,B,B,B,B,B,E,E,B,B,B,E,D,D,D,D,B,B,D,0.3,caste
257,caste,3,C,E,D,D,D,D,D,D,D,D,D,D,C,D,D,D,E,E,E,A,0.5,caste
257,random3,4,C,C,C,C,C,C,C,C,C,C,C,C,C,C,C,C,C,C,C,C,0.85,caste
257,random3,5,A,A,A,D,A,A,A,E,E,E,E,E,E,D,D,D,D,E,E,E,0.25,caste
257,caste,6,skip,B,A,E,A,E,B,E,C,B,B,B,B,B,E,B,B,B,B,E,0.3,caste
258,random3,1,D,D,D,D,D,D,D,D,D,D,D,D,D,D,D,D,D,D,D,D,0.75,random3
258,random3,2,C,C,C,C,C,C,C,C,C,C,C,D,C,A,A,A,C,C,A,C,0.4,random3
258,caste,3,C,A,D,A,A,A,A,D,A,A,A,A,A,A,A,A,A,A,A,A,0.65,random3
258,caste,4,D,E,C,E,B,E,B,E,B,D,C,E,C,B,C,C,C,C,E,C,0.1,random3
258,random3,5,C,E,E,E,E,E,E,E,E,E,E,E,E,E,E,E,E,E,E,C,0.6,random3
258,random3,6,B,B,B,B,B,B,B,B,B,B,B,B,B,B,B,B,B,B,B,B,0.8,random3
259,random3,1,C,A,A,A,A,A,A,A,C,C,C,C,C,C,C,C,C,C,E,E,0.55,random3
259,caste,2,B,A,D,E,B,B,D,A,C,A,A,A,B,D,B,B,E,E,A,D,0.4,random3
259,random3,3,C,C,C,C,C,C,C,C,C,C,C,A,A,A,A,A,A,A,A,D,0.65,random3
259,random3,4,C,A,A,B,B,B,B,B,B,B,B,B,B,E,E,E,C,C,C,C,0.4,random3
259,caste,5,E,B,E,B,E,E,E,E,E,E,E,E,E,E,E,E,B,B,B,B,0.8,random3
259,random3,6,D,D,D,D,D,D,D,D,D,D,D,D,D,D,D,D,D,D,D,D,0.8,random3
260,random3,1,E,E,E,E,E,E,C,C,C,C,C,B,C,B,C,C,C,C,B,C,0.3,random3
260,random3,2,C,C,C,C,C,E,E,E,E,E,E,E,E,E,E,E,E,E,E,C,0.75,random3
260,caste,3,C,B,D,B,C,D,D,D,D,D,D,D,D,D,D,D,D,D,D,D,0.85,random3
260,random3,4,E,E,E,B,B,B,B,B,B,B,B,B,B,B,B,B,B,B,B,B,0.5,random3
260,caste,5,E,D,A,D,D,B,B,C,B,A,C,B,C,A,C,C,A,C,E,C,0.15,random3
260,random3,6,A,A,A,A,A,A,A,A,A,A,A,A,A,A,A,A,A,A,A,A,0.8,random3
261,random3,1,C,C,C,C,C,D,D,D,A,D,D,A,B,B,B,E,E,E,A,A,0.05,caste
261,random3,2,C,C,C,C,C,C,C,C,C,C,C,C,C,C,C,C,C,C,C,C,0.75,caste
261,random3,3,C,C,C,A,A,A,A,B,B,B,B,B,B,B,B,A,A,B,B,B,0.4,caste
261,random3,4,B,B,B,B,B,B,B,B,B,D,D,D,D,D,D,D,D,D,A,A,0.6,caste
261,caste,5,E,A,D,A,D,D,A,D,A,D,A,A,A,A,A,A,A,D,E,D,0.5,caste
261,caste,6,skip,B,E,D,E,E,E,E,E,E,E,E,E,E,E,E,E,E,A,E,0.7,caste
262,caste,1,A,E,E,B,E,E,E,D,A,E,A,A,A,A,A,A,A,A,A,A,0.4,caste
262,caste,2,B,C,B,C,B,C,C,C,C,C,C,C,C,C,C,C,C,C,C,C,0.8,caste
262,random3,3,A,A,A,A,A,A,A,A,A,D,D,D,D,D,D,D,D,D,D,D,0.8,caste
262,random3,4,D,D,D,D,D,D,D,D,D,D,D,B,B,B,B,B,B,E,E,E,0.35,caste
262,random3,5,D,E,B,B,B,B,B,B,B,B,B,B,B,B,B,B,B,A,A,A,0.3,caste
262,random3,6,A,C,C,C,E,E,E,E,E,E,E,E,E,E,E,E,E,E,E,E,0.5,caste
263,caste,1,A,D,A,A,C,A,A,A,E,A,A,E,A,A,A,A,A,A,A,A,0.55,random3
263,random3,2,C,C,C,C,C,C,C,C,C,C,C,C,C,C,C,C,C,C,C,C,0.75,random3
263,caste,3,C,B,D,E,D,B,D,B,C,D,E,A,B,E,C,D,B,E,B,C,0.1,random3
263,random3,4,B,B,B,B,B,B,D,D,D,D,D,D,D,D,D,D,D,D,B,B,0.6,random3
263,random3,5,A,D,D,D,D,A,A,B,B,B,B,B,B,B,B,B,B,D,B,B,0.4,random3
263,random3,6,E,E,E,E,E,E,E,E,E,A,A,E,E,E,E,E,E,E,E,E,0.65,random3
264,caste,1,A,C,C,C,C,C,C,C,C,C,C,C,C,C,E,C,C,C,C,C,0.95,random3
264,random3,2,D,D,D,D,D,D,D,D,D,D,D,D,D,D,D,D,B,B,B,B,0.55,random3
264,random3,3,E,E,E,E,E,E,E,E,E,E,E,E,E,E,E,E,E,D,D,D,0.85,random3
264,random3,4,B,B,B,B,B,B,B,B,D,B,B,B,B,B,D,D,B,B,A,A,0.35,random3
264,random3,5,D,D,A,A,A,A,A,A,A,A,A,A,A,A,A,A,A,A,A,A,0.55,random3
264,caste,6,skip,A,B,B,A,D,A,B,A,B,B,A,D,B,A,E,E,E,E,E,0.2,random3
265,random3,1,B,B,B,B,B,B,B,B,B,B,C,B,B,B,B,B,B,A,A,A,0.45,random3
265,caste,2,B,A,E,E,C,C,E,C,C,B,C,C,D,C,A,A,B,C,A,D,0.4,random3
265,random3,3,C,C,E,E,E,E,E,E,E,A,A,A,A,A,D,D,D,D,D,D,0.45,random3
265,caste,4,D,B,A,A,A,A,B,A,A,D,A,A,C,A,C,C,C,A,C,C,0.6,random3
265,random3,5,C,C,E,E,C,C,E,E,E,E,E,E,E,E,E,E,E,E,E,E,0.55,random3
265,random3,6,D,D,D,D,D,D,D,D,D,D,D,D,D,B,B,B,B,B,B,B,0.65,random3
266,random3,1,E,E,D,D,A,A,D,D,D,D,D,D,D,D,D,D,D,D,D,D,0.5,random3
266,random3,2,D,B,B,B,B,B,B,B,B,B,B,B,B,B,B,B,B,B,B,B,0.7,random3
266,random3,3,A,A,A,C,A,A,A,A,A,A,A,A,A,A,C,C,C,C,C,C,0.5,random3
266,caste,4,D,B,B,D,A,D,D,B,D,D,B,D,B,A,E,A,E,E,D,E,0.2,random3
266,caste,5,E,C,A,C,C,C,C,C,C,C,C,C,C,C,C,C,C,C,E,C,0.6,random3
266,random3,6,E,E,E,E,E,E,E,E,E,E,E,E,E,E,E,A,A,A,A,A,0.8,random3
267,random3,1,E,E,E,E,E,E,E,E,E,E,E,C,C,C,C,C,D,D,A,A,0.6,random3
267,random3,2,B,B,B,D,B,A,A,A,A,A,A,A,A,A,A,A,A,C,A,C,0.5,random3
267,random3,3,C,C,C,C,C,C,C,C,D,C,A,C,E,B,B,B,B,B,B,B,0.6,random3
267,caste,4,D,E,B,A,D,D,D,D,D,C,D,C,D,D,D,E,D,D,D,D,0.55,random3
267,random3,5,C,A,A,A,B,B,B,B,B,B,B,B,B,B,E,E,E,E,E,E,0.65,random3
267,caste,6,skip,D,A,D,B,A,E,C,A,D,E,D,E,B,E,C,A,C,A,C,0.15,random3
268,caste,1,A,C,B,C,A,C,A,B,C,B,B,B,B,B,B,B,B,C,C,C,0.6,caste
268,random3,2,A,A,A,A,A,E,E,E,E,E,E,D,D,D,D,D,D,D,D,D,0.65,caste
268,random3,3,C,C,D,C,D,D,A,A,A,A,A,D,D,D,C,A,A,A,A,A,0.4,caste
268,caste,4,D,E,D,B,C,D,C,C,D,C,C,C,C,C,C,C,C,B,B,B,0.55,caste
268,random3,5,D,B,B,B,B,B,B,B,D,D,E,E,E,E,E,E,E,E,E,E,0.65,caste
268,random3,6,E,E,E,E,E,E,A,D,D,D,A,A,A,A,A,A,B,A,B,B,0.45,caste
269,random3,1,B,B,B,B,B,B,B,B,B,A,A,B,B,B,E,E,E,E,E,C,0.4,random3
269,caste,2,B,C,B,C,A,B,C,A,B,C,A,B,A,B,A,B,B,C,E,C,0.15,random3
269,random3,3,A,C,C,C,C,E,E,C,C,C,C,C,C,C,C,C,C,C,A,A,0.5,random3
269,random3,4,A,A,A,A,A,A,A,A,E,E,E,E,A,A,A,A,A,A,A,A,0.5,random3
269,random3,5,D,D,D,D,D,D,D,D,D,D,D,D,D,D,D,D,D,D,D,D,0.85,random3
269,caste,6,skip,E,D,E,C,D,E,C,D,E,E,E,E,E,E,E,E,B,B,B,0.35,random3
270,caste,1,A,B,C,C,D,D,C,D,D,D,D,D,D,D,D,D,D,D,D,D,0.75,random3
270,random3,2,A,A,A,A,A,A,A,A,A,A,A,A,A,A,A,A,A,A,A,A,0.7,random3
270,random3,3,B,B,B,B,B,B,E,E,E,E,E,E,E,E,E,E,B,B,C,C,0.65,random3
270,random3,4,D,D,C,C,C,C,C,C,C,C,C,C,C,A,C,C,C,C,C,A,0.4,random3
270,caste,5,E,D,A,D,C,B,E,B,A,C,B,A,C,B,C,E,B,E,E,E,0.2,random3
270,random3,6,E,E,E,E,E,E,E,B,B,B,B,B,B,B,C,C,B,B,B,B,0.55,random3
271,radicaleq,1,A,B,D,B,B,D,E,D,E,B,E,D,E,B,E,D,E,B,E,D,0.1,caste
271,caste,2,B,B,C,C,B,D,E,D,E,B,E,D,E,B,E,D,E,B,E,D,0.15,caste
271,caste,3,C,C,D,D,C,A,B,A,D,A,B,A,D,A,B,A,D,A,B,A,0.15,caste
271,radicaleq,4,D,E,skip,A,E,skip,C,skip,C,skip,C,skip,C,skip,C,skip,C,skip,C,skip,0.55,caste
271,radicaleq,5,E,skip,A,E,skip,C,skip,C,skip,C,skip,C,skip,C,skip,C,skip,C,skip,C,0.55,caste
271,radicaleq,6,skip,A,E,skip,C,A,B,A,D,A,B,A,D,A,B,A,D,A,B,A,0.1,caste
272,radicaleq,1,A,B,C,skip,A,D,E,A,C,D,C,C,A,E,E,C,D,D,E,A,0.95,radicaleq
272,radicaleq,2,B,C,D,A,D,E,A,C,D,E,E,A,D,D,C,A,A,E,C,C,0.25,radicaleq
272,caste,3,C,C,A,B,B,B,B,B,B,B,B,B,B,B,B,B,B,B,B,B,0.95,radicaleq
272,radicaleq,4,D,E,skip,E,C,skip,C,D,E,C,A,D,E,C,A,D,E,C,A,D,0.7,radicaleq
272,radicaleq,5,E,skip,E,C,skip,A,D,E,A,A,D,E,C,A,D,E,C,A,D,E,0.9,radicaleq
272,caste,6,skip,skip,D,A,D,E,A,C,D,C,E,A,E,D,C,D,A,E,A,C,0.0,radicaleq
273,radicaleq,1,A,B,C,skip,E,D,E,D,E,D,E,D,E,D,E,D,E,D,E,D,0.15,caste
273,radicaleq,2,B,C,E,B,B,A,B,A,B,A,B,A,B,A,B,A,B,A,B,A,0.1,caste
273,caste,3,C,C,B,E,B,A,B,A,B,A,B,A,B,A,B,A,B,A,B,A,0.15,caste
273,caste,4,D,D,E,A,E,D,E,D,E,D,E,D,E,D,E,D,E,D,E,D,0.15,caste
273,radicaleq,5,E,skip,A,D,C,skip,C,skip,C,skip,C,skip,C,skip,C,skip,C,skip,C,skip,0.55,caste
273,radicaleq,6,skip,A,D,C,skip,C,skip,C,skip,C,skip,C,skip,C,skip,C,skip,C,skip,C,0.55,caste
274,radicaleq,1,A,B,C,B,C,A,C,A,E,D,E,A,D,A,E,A,D,A,E,A,0.05,caste
274,caste,2,B,B,C,C,C,D,C,D,E,A,E,E,D,D,E,E,D,D,E,E,0.5,caste
274,radicaleq,3,C,D,skip,D,B,skip,E,B,skip,C,B,skip,C,B,skip,C,B,skip,C,B,0.7,caste
274,radicaleq,4,D,E,D,A,skip,E,B,skip,C,B,skip,C,B,skip,C,B,skip,C,B,skip,0.65,caste
274,caste,5,E,E,A,B,D,A,D,A,A,D,D,A,E,A,D,A,E,A,D,A,0.5,caste
274,radicaleq,6,skip,A,E,skip,E,B,skip,C,B,skip,C,B,skip,C,B,skip,C,B,skip,C,0.65,caste
275,radicaleq,1,A,B,skip,D,B,skip,E,B,skip,D,B,skip,D,B,skip,D,B,skip,D,B,0.7,caste
275,radicaleq,2,B,C,D,B,D,A,D,A,E,A,E,A,E,A,C,A,E,A,C,A,0.05,caste
275,caste,3,C,C,D,C,D,C,D,C,E,C,E,C,E,E,C,C,E,E,C,C,0.5,caste
275,radicaleq,4,D,E,A,A,skip,E,B,skip,D,B,skip,D,B,skip,D,B,skip,D,B,skip,0.65,caste
275,caste,5,E,E,B,B,C,A,C,A,C,A,C,A,C,A,E,A,C,A,E,A,0.5,caste
275,radicaleq,6,skip,A,E,skip,E,B,skip,D,B,skip,D,B,skip,D,B,skip,D,B,skip,D,0.65,caste
276,radicaleq,1,A,B,D,E,skip,E,A,D,B,E,A,B,D,E,A,B,D,E,A,B,0.75,radicaleq
276,radicaleq,2,B,C,E,skip,B,A,D,B,E,A,B,D,E,A,B,D,E,A,B,E,0.95,radicaleq
276,radicaleq,3,C,D,skip,D,A,D,B,E,A,B,D,E,B,B,D,A,A,B,E,D,0.95,radicaleq
276,radicaleq,4,D,E,B,A,D,B,E,A,D,D,E,A,A,D,E,E,B,D,D,A,0.25,radicaleq
276,caste,5,E,E,A,C,C,C,C,C,C,C,C,C,C,C,C,C,C,C,C,C,0.95,radicaleq
276,caste,6,skip,skip,B,A,D,B,E,A,B,D,E,B,A,D,A,E,B,E,D,A,0.0,radicaleq
277,caste,1,A,A,B,E,B,D,B,D,B,D,B,D,B,D,B,D,B,D,B,D,0.5,caste
277,caste,2,B,B,C,B,C,B,C,B,C,B,C,B,C,B,C,B,C,B,C,B,0.55,caste
277,radicaleq,3,C,D,A,skip,E,A,skip,E,A,skip,E,A,skip,E,A,skip,E,A,skip,E,0.7,caste
277,radicaleq,4,D,E,skip,D,A,skip,E,A,skip,E,A,skip,E,A,skip,E,A,skip,E,A,0.7,caste
277,radicaleq,5,E,skip,D,A,skip,E,A,skip,E,A,skip,E,A,skip,E,A,skip,E,A,skip,0.65,caste
277,radicaleq,6,skip,A,C,E,C,D,C,D,C,D,C,D,C,D,C,D,C,D,C,D,0.0,caste
278,caste,1,A,A,B,B,E,E,B,E,B,E,B,E,B,E,B,E,B,E,B,E,0.45,caste
278,radicaleq,2,B,C,E,B,D,D,C,skip,A,C,skip,D,C,skip,D,C,skip,A,C,skip,0.65,caste
278,caste,3,C,C,D,D,A,B,A,B,D,B,A,B,A,B,A,B,D,B,D,B,0.5,caste
278,radicaleq,4,D,E,skip,C,skip,C,skip,A,C,skip,D,C,skip,D,C,skip,A,C,skip,A,0.65,caste
278,radicaleq,5,E,skip,C,skip,C,skip,D,C,skip,D,C,skip,D,C,skip,A,C,skip,A,C,0.65,caste
278,radicaleq,6,skip,A,B,D,A,E,A,E,D,E,A,E,A,E,A,E,D,E,D,E,0.0,caste
279,caste,1,A,A,B,B,B,B,B,B,B,B,B,B,B,B,B,B,B,B,B,B,1.0,radicaleq
279,radicaleq,2,B,C,D,A,skip,D,C,E,D,A,C,E,D,A,C,E,D,A,C,E,0.75,radicaleq
279,radicaleq,3,C,D,E,skip,D,C,E,D,A,C,E,D,A,C,E,D,A,C,E,D,0.95,radicaleq
279,radicaleq,4,D,E,skip,D,C,E,A,A,C,D,D,A,E,E,D,C,C,E,A,A,0.95,radicaleq
279,radicaleq,5,E,skip,A,C,E,A,D,C,E,E,A,C,C,D,A,A,E,D,D,C,0.25,radicaleq
279,caste,6,skip,skip,A,C,E,A,D,C,D,E,A,E,C,D,C,A,E,A,D,C,0.0,radicaleq
280,radicaleq,1,A,B,C,E,B,A,D,A,D,C,D,C,A,C,D,C,A,C,D,C,0.05,caste
280,caste,2,B,B,C,B,B,C,D,C,D,A,D,D,A,A,D,D,A,A,D,D,0.5,caste
280,radicaleq,3,C,D,A,A,skip,E,B,skip,E,B,skip,E,B,skip,E,B,skip,E,B,skip,0.65,caste
280,caste,4,D,D,E,E,C,A,C,A,A,C,A,C,D,C,A,C,D,C,A,C,0.5,caste
280,radicaleq,5,E,skip,D,skip,E,B,skip,E,B,skip,E,B,skip,E,B,skip,E,B,skip,E,0.65,caste
280,radicaleq,6,skip,A,skip,C,D,skip,E,B,skip,E,B,skip,E,B,skip,E,B,skip,E,B,0.65,caste
281,radicaleq,1,A,B,E,D,skip,D,B,skip,B,C,skip,B,C,skip,B,C,skip,B,C,skip,0.7,caste
281,radicaleq,2,B,C,D,skip,D,B,skip,B,C,skip,B,C,skip,B,C,skip,B,C,skip,D,0.7,caste
281,radicaleq,3,C,D,B,C,A,C,A,D,E,D,A,D,E,D,A,D,E,D,A,B,0.05,caste
281,caste,4,D,D,C,C,E,C,E,D,A,D,E,D,A,D,E,D,A,D,E,B,0.5,caste
281,caste,5,E,E,B,E,A,E,A,A,E,E,A,A,E,E,A,A,E,E,A,A,0.55,caste
281,radicaleq,6,skip,A,A,B,B,skip,C,C,skip,B,C,skip,B,C,skip,B,C,skip,D,C,0.7,caste
282,radicaleq,1,A,B,D,skip,C,D,E,C,D,A,E,C,D,A,E,C,D,A,E,C,0.95,radicaleq
282,radicaleq,2,B,C,skip,C,A,E,C,D,A,C,C,D,E,E,C,A,A,E,D,D,0.95,radicaleq
282,radicaleq,3,C,D,E,A,E,C,D,A,E,E,D,A,A,C,D,D,E,C,C,A,0.25,radicaleq
282,caste,4,D,D,A,B,B,B,B,B,B,B,B,B,B,B,B,B,B,B,B,B,0.95,radicaleq
282,radicaleq,5,E,skip,C,D,skip,A,A,E,C,D,A,E,C,D,A,E,C,D,A,E,0.7,radicaleq
282,caste,6,skip,skip,E,A,E,C,D,A,C,E,D,E,A,C,A,D,E,D,C,A,0.0,radicaleq
283,caste,1,A,A,B,C,B,E,B,D,B,D,B,D,B,D,B,D,B,D,B,D,0.45,caste
283,radicaleq,2,B,C,skip,C,D,D,C,skip,E,C,skip,A,C,skip,E,C,skip,A,C,skip,0.65,caste
283,radicaleq,3,C,D,C,B,skip,C,skip,E,C,skip,A,C,skip,E,C,skip,A,C,skip,E,0.65,caste
283,caste,4,D,D,E,E,A,B,A,B,A,B,E,B,E,B,A,B,E,B,E,B,0.5,caste
283,radicaleq,5,E,skip,D,skip,C,skip,E,C,skip,A,C,skip,A,C,skip,A,C,skip,A,C,0.65,caste
283,radicaleq,6,skip,A,B,E,A,E,A,D,A,D,E,D,E,D,A,D,E,D,E,D,0.0,caste
284,radicaleq,1,A,B,C,D,C,D,E,B,D,C,E,B,B,C,E,E,C,E,E,B,0.2,radicaleq
284,caste,2,B,B,A,A,A,A,A,A,A,A,A,A,A,A,A,A,A,A,A,A,0.95,radicaleq
284,radicaleq,3,C,D,B,skip,E,B,skip,D,C,E,B,D,C,E,B,C,E,D,B,E,0.75,radicaleq
284,radicaleq,4,D,E,skip,E,B,skip,D,C,E,B,D,C,E,B,C,D,D,B,C,C,0.9,radicaleq
284,radicaleq,5,E,skip,E,B,skip,C,C,E,B,D,C,E,D,D,D,B,B,C,D,D,0.9,radicaleq
284,caste,6,skip,skip,C,D,C,D,E,B,D,C,E,D,B,C,B,E,C,D,E,B,0.0,radicaleq
285,caste,1,A,A,B,B,B,C,B,C,D,C,D,C,D,C,D,C,D,C,D,C,0.5,caste
285,radicaleq,2,B,C,E,skip,E,A,skip,B,A,skip,B,A,skip,B,A,skip,B,A,skip,B,0.7,caste
285,radicaleq,3,C,D,skip,C,A,skip,D,A,skip,B,A,skip,B,A,skip,B,A,skip,B,A,0.7,caste
285,radicaleq,4,D,E,D,D,skip,E,A,skip,B,A,skip,B,A,skip,B,A,skip,B,A,skip,0.65,caste
285,caste,5,E,E,C,A,C,D,C,E,C,E,C,E,C,E,C,E,C,E,C,E,0.5,caste
285,radicaleq,6,skip,A,B,A,B,D,B,E,D,E,D,E,D,E,D,E,D,E,D,E,0.0,caste
286,rotate0,1,A,A,A,A,A,A,A,A,A,A,A,A,A,A,A,A,A,A,A,A,0.95,caste
286,caste,2,B,B,B,B,B,B,B,B,B,B,B,B,B,C,C,B,B,B,B,B,1.0,caste
286,caste,3,C,C,C,C,C,C,C,C,C,C,C,C,C,E,D,A,C,C,C,C,0.85,caste
286,rotate0,4,D,D,D,D,D,D,D,D,D,D,D,D,D,D,D,D,D,D,D,D,0.95,caste
286,rotate0,5,E,E,E,E,E,E,E,E,E,E,E,E,E,E,E,E,E,E,E,E,0.95,caste
286,rotate0,6,skip,skip,skip,skip,skip,skip,skip,skip,skip,skip,skip,skip,skip,skip,skip,skip,skip,skip,skip,skip,0.0,caste
287,rotate0,1,A,A,A,A,A,A,A,A,A,A,A,A,A,A,A,A,A,A,A,A,0.9,rotate0
287,rotate0,2,B,B,B,B,B,B,B,B,B,B,B,B,B,B,B,B,B,B,B,B,0.9,rotate0
287,caste,3,C,C,C,C,C,C,C,C,C,C,C,C,C,E,B,C,C,C,C,C,0.9,rotate0
287,rotate0,4,D,D,D,D,D,D,D,D,D,D,D,D,D,D,D,D,D,D,D,D,0.9,rotate0
287,rotate0,5,E,E,E,E,E,E,E,E,E,E,E,E,E,E,E,E,E,E,E,E,0.9,rotate0
287,caste,6,skip,skip,skip,skip,skip,skip,skip,skip,skip,skip,skip,skip,skip,skip,D,A,A,B,D,E,0.0,rotate0
288,rotate0,1,A,A,A,A,A,A,A,A,A,A,A,A,A,A,A,A,A,A,A,A,0.95,caste
288,rotate0,2,B,B,B,B,B,B,B,B,B,B,B,B,B,B,B,B,B,B,B,B,0.95,caste
288,caste,3,C,C,C,C,C,C,C,C,C,C,C,C,C,E,B,D,D,D,D,D,0.9,caste
288,caste,4,D,D,D,D,D,D,D,D,D,D,D,D,D,D,A,C,C,C,C,C,0.95,caste
288,rotate0,5,E,E,E,E,E,E,E,E,E,E,E,E,E,E,E,E,E,E,E,E,0.95,caste
288,rotate0,6,skip,skip,skip,skip,skip,skip,skip,skip,skip,skip,skip,skip,skip,skip,skip,skip,skip,skip,skip,skip,0.0,caste
289,rotate0,1,A,A,A,A,A,A,A,A,A,A,A,A,A,A,A,A,A,A,A,A,0.85,caste
289,caste,2,B,B,B,B,B,B,B,B,B,B,B,B,B,C,D,A,A,E,E,A,0.75,caste
289,rotate0,3,C,C,C,C,C,C,C,C,C,C,C,C,C,C,C,C,C,C,C,C,0.95,caste
289,rotate0,4,D,D,D,D,D,D,D,D,D,D,D,D,D,D,D,D,D,D,D,D,0.95,caste
289,caste,5,E,E,E,E,E,E,E,E,E,E,E,E,E,B,E,B,E,B,B,B,1.0,caste
289,rotate0,6,skip,skip,skip,skip,skip,skip,skip,skip,skip,skip,skip,skip,skip,skip,skip,skip,skip,skip,skip,skip,0.0,caste
290,rotate0,1,A,A,A,A,A,A,A,A,A,A,A,A,A,A,A,A,A,A,A,A,0.9,caste
290,rotate0,2,B,B,B,B,B,B,B,B,B,B,B,B,B,B,B,B,B,B,B,B,0.95,caste
290,caste,3,C,C,C,C,C,C,C,C,C,C,C,C,C,E,D,A,A,E,E,D,0.8,caste
290,rotate0,4,D,D,D,D,D,D,D,D,D,D,D,D,D,D,D,D,D,D,D,D,0.9,caste
290,caste,5,E,E,E,E,E,E,E,E,E,E,E,E,E,B,E,C,C,C,C,C,0.95,caste
290,rotate0,6,skip,skip,skip,skip,skip,skip,skip,skip,skip,skip,skip,skip,skip,skip,skip,skip,skip,skip,skip,skip,0.0,caste
291,rotate0,1,A,A,A,A,A,A,A,A,A,A,A,A,A,A,A,A,A,A,A,A,0.85,rotate0
291,rotate0,2,B,B,B,B,B,B,B,B,B,B,B,B,B,B,B,B,B,B,B,B,0.9,rotate0
291,rotate0,3,C,C,C,C,C,C,C,C,C,C,C,C,C,C,C,C,C,C,C,C,0.9,rotate0
291,rotate0,4,D,D,D,D,D,D,D,D,D,D,D,D,D,D,D,D,D,D,D,D,0.9,rotate0
291,caste,5,E,E,E,E,E,E,E,E,E,E,E,E,E,B,C,E,E,E,C,E,0.85,rotate0
291,caste,6,skip,skip,skip,skip,skip,skip,skip,skip,skip,skip,skip,skip,skip,skip,D,A,A,B,D,A,0.0,rotate0
292,caste,1,A,A,A,A,A,A,A,A,A,A,A,A,A,A,B,A,A,B,B,B,1.0,caste
292,caste,2,B,B,B,B,B,B,B,B,B,B,B,B,B,C,D,B,E,A,A,E,0.8,caste
292,rotate0,3,C,C,C,C,C,C,C,C,C,C,C,C,C,C,C,C,C,C,C,C,0.95,caste
292,rotate0,4,D,D,D,D,D,D,D,D,D,D,D,D,D,D,D,D,D,D,D,D,0.95,caste
292,rotate0,5,E,E,E,E,E,E,E,E,E,E,E,E,E,E,E,E,E,E,E,E,0.9,caste
292,rotate0,6,skip,skip,skip,skip,skip,skip,skip,skip,skip,skip,skip,skip,skip,skip,skip,skip,skip,skip,skip,skip,0.0,caste
293,caste,1,A,A,A,A,A,A,A,A,A,A,A,A,A,A,C,A,C,A,A,A,1.0,caste
293,rotate0,2,B,B,B,B,B,B,B,B,B,B,B,B,B,B,B,B,B,B,B,B,0.95,caste
293,caste,3,C,C,C,C,C,C,C,C,C,C,C,C,C,E,B,C,D,C,C,C,0.85,caste
293,rotate0,4,D,D,D,D,D,D,D,D,D,D,D,D,D,D,D,D,D,D,D,D,0.95,caste
293,rotate0,5,E,E,E,E,E,E,E,E,E,E,E,E,E,E,E,E,E,E,E,E,0.95,caste
293,rotate0,6,skip,skip,skip,skip,skip,skip,skip,skip,skip,skip,skip,skip,skip,skip,skip,skip,skip,skip,skip,skip,0.0,caste
294,caste,1,A,A,A,A,A,A,A,A,A,A,A,A,A,A,A,A,A,A,A,A,1.0,rotate0
294,rotate0,2,B,B,B,B,B,B,B,B,B,B,B,B,B,B,B,B,B,B,B,B,0.9,rotate0
294,rotate0,3,C,C,C,C,C,C,C,C,C,C,C,C,C,C,C,C,C,C,C,C,0.95,rotate0
294,rotate0,4,D,D,D,D,D,D,D,D,D,D,D,D,D,D,D,D,D,D,D,D,0.9,rotate0
294,rotate0,5,E,E,E,E,E,E,E,E,E,E,E,E,E,E,E,E,E,E,E,E,0.95,rotate0
294,caste,6,skip,skip,skip,skip,skip,skip,skip,skip,skip,skip,skip,skip,skip,skip,C,B,D,E,B,D,0.0,rotate0
295,rotate0,1,A,A,A,A,A,A,A,A,A,A,A,A,A,A,A,A,A,A,A,A,0.95,caste
295,caste,2,B,B,B,B,B,B,B,B,B,B,B,B,B,C,D,B,B,B,B,D,0.95,caste
295,rotate0,3,C,C,C,C,C,C,C,C,C,C,C,C,C,C,C,C,C,C,C,C,0.95,caste
295,caste,4,D,D,D,D,D,D,D,D,D,D,D,D,D,D,A,D,D,D,D,E,0.9,caste
295,rotate0,5,E,E,E,E,E,E,E,E,E,E,E,E,E,E,E,E,E,E,E,E,0.95,caste
295,rotate0,6,skip,skip,skip,skip,skip,skip,skip,skip,skip,skip,skip,skip,skip,skip,skip,skip,skip,skip,skip,skip,0.0,caste
296,rotate0,1,A,A,A,A,A,A,A,A,A,A,A,A,A,A,A,A,A,A,A,A,0.9,caste
296,rotate0,2,B,B,B,B,B,B,B,B,B,B,B,B,B,B,B,B,B,B,B,B,0.95,caste
296,rotate0,3,C,C,C,C,C,C,C,C,C,C,C,C,C,C,C,C,C,C,C,C,0.95,caste
296,caste,4,D,D,D,D,D,D,D,D,D,D,D,D,D,D,A,E,E,E,E,E,0.95,caste
296,caste,5,E,E,E,E,E,E,E,E,E,E,E,E,E,B,C,D,D,D,D,A,0.85,caste
296,rotate0,6,skip,skip,skip,skip,skip,skip,skip,skip,skip,skip,skip,skip,skip,skip,skip,skip,skip,skip,skip,skip,0.0,caste
297,rotate0,1,A,A,A,A,A,A,A,A,A,A,A,A,A,A,A,A,A,A,A,A,0.9,rotate0
297,rotate0,2,B,B,B,B,B,B,B,B,B,B,B,B,B,B,B,B,B,B,B,B,0.9,rotate0
297,rotate0,3,C,C,C,C,C,C,C,C,C,C,C,C,C,C,C,C,C,C,C,C,0.9,rotate0
297,caste,4,D,D,D,D,D,D,D,D,D,D,D,D,D,D,B,A,D,D,D,D,0.9,rotate0
297,rotate0,5,E,E,E,E,E,E,E,E,E,E,E,E,E,E,E,E,E,E,E,E,0.9,rotate0
297,caste,6,skip,skip,skip,skip,skip,skip,skip,skip,skip,skip,skip,skip,skip,skip,C,E,A,B,C,E,0.0,rotate0
298,caste,1,A,A,A,A,A,A,A,A,A,A,A,A,A,A,A,D,D,D,D,D,1.0,caste
298,rotate0,2,B,B,B,B,B,B,B,B,B,B,B,B,B,B,B,B,B,B,B,B,0.95,caste
298,rotate0,3,C,C,C,C,C,C,C,C,C,C,C,C,C,C,C,C,C,C,C,C,1.0,caste
298,caste,4,D,D,D,D,D,D,D,D,D,D,D,D,D,D,B,A,A,A,A,A,0.95,caste
298,rotate0,5,E,E,E,E,E,E,E,E,E,E,E,E,E,E,E,E,E,E,E,E,1.0,caste
298,rotate0,6,skip,skip,skip,skip,skip,skip,skip,skip,skip,skip,skip,skip,skip,skip,skip,skip,skip,skip,skip,skip,0.0,caste
299,rotate0,1,A,A,A,A,A,A,A,A,A,A,A,A,A,A,A,A,A,A,A,A,0.85,rotate0
299,caste,2,B,B,B,B,B,B,B,B,B,B,B,B,B,C,D,B,B,B,B,E,0.85,rotate0
299,rotate0,3,C,C,C,C,C,C,C,C,C,C,C,C,C,C,C,C,C,C,C,C,0.9,rotate0
299,rotate0,4,D,D,D,D,D,D,D,D,D,D,D,D,D,D,D,D,D,D,D,D,0.9,rotate0
299,rotate0,5,E,E,E,E,E,E,E,E,E,E,E,E,E,E,E,E,E,E,E,E,0.9,rotate0
299,caste,6,skip,skip,skip,skip,skip,skip,skip,skip,skip,skip,skip,skip,skip,skip,E,A,A,C,D,A,0.0,rotate0
300,caste,1,A,A,A,A,A,A,A,A,A,A,A,A,A,A,E,A,E,A,A,A,1.0,caste
300,rotate0,2,B,B,B,B,B,B,B,B,B,B,B,B,B,B,B,B,B,B,B,B,0.95,caste
300,rotate0,3,C,C,C,C,C,C,C,C,C,C,C,C,C,C,C,C,C,C,C,C,0.95,caste
300,rotate0,4,D,D,D,D,D,D,D,D,D,D,D,D,D,D,D,D,D,D,D,D,0.9,caste
300,caste,5,E,E,E,E,E,E,E,E,E,E,E,E,E,B,C,E,D,E,E,D,0.8,caste
300,rotate0,6,skip,skip,skip,skip,skip,skip,skip,skip,skip,skip,skip,skip,skip,skip,skip,skip,skip,skip,skip,skip,0.0,caste
301,caste,1,A,A,A,A,A,A,A,A,A,A,A,A,A,A,B,C,D,D,D,E,1.0,draw
301,caste,2,B,B,B,B,B,B,B,B,B,B,B,B,B,C,D,E,E,E,E,D,1.0,draw
301,caste,3,C,C,C,C,C,C,C,C,C,C,C,C,C,E,E,D,C,C,C,C,1.0,draw
301,caste,4,D,D,D,D,D,D,D,D,D,D,D,D,D,D,C,B,B,B,B,B,1.0,draw
301,caste,5,E,E,E,E,E,E,E,E,E,E,E,E,E,B,A,A,A,A,A,A,1.0,draw
301,caste,6,skip,skip,skip,skip,skip,skip,skip,skip,skip,skip,skip,skip,skip,skip,skip,skip,skip,skip,skip,skip,0.0,draw
302,caste,1,A,A,A,A,A,A,A,A,A,A,A,A,A,A,B,C,D,D,D,E,1.0,draw
302,caste,2,B,B,B,B,B,B,B,B,B,B,B,B,B,C,D,E,E,E,E,D,1.0,draw
302,caste,3,C,C,C,C,C,C,C,C,C,C,C,C,C,E,E,D,C,C,C,C,1.0,draw
302,caste,4,D,D,D,D,D,D,D,D,D,D,D,D,D,D,C,B,B,B,B,B,1.0,draw
302,caste,5,E,E,E,E,E,E,E,E,E,E,E,E,E,B,A,A,A,A,A,A,1.0,draw
302,caste,6,skip,skip,skip,skip,skip,skip,skip,skip,skip,skip,skip,skip,skip,skip,skip,skip,skip,skip,skip,skip,0.0,draw
303,caste,1,A,A,A,A,A,A,A,A,A,A,A,A,A,A,B,C,D,D,D,E,1.0,draw
303,caste,2,B,B,B,B,B,B,B,B,B,B,B,B,B,C,D,E,E,E,E,D,1.0,draw
303,caste,3,C,C,C,C,C,C,C,C,C,C,C,C,C,E,E,D,C,C,C,C,1.0,draw
303,caste,4,D,D,D,D,D,D,D,D,D,D,D,D,D,D,C,B,B,B,B,B,1.0,draw
303,caste,5,E,E,E,E,E,E,E,E,E,E,E,E,E,B,A,A,A,A,A,A,1.0,draw
303,caste,6,skip,skip,skip,skip,skip,skip,skip,skip,skip,skip,skip,skip,skip,skip,skip,skip,skip,skip,skip,skip,0.0,draw
304,caste,1,A,A,A,A,A,A,A,A,A,A,A,A,A,A,B,C,D,D,D,E,1.0,draw
304,caste,2,B,B,B,B,B,B,B,B,B,B,B,B,B,C,D,E,E,E,E,D,1.0,draw
304,caste,3,C,C,C,C,C,C,C,C,C,C,C,C,C,E,E,D,C,C,C,C,1.0,draw
304,caste,4,D,D,D,D,D,D,D,D,D,D,D,D,D,D,C,B,B,B,B,B,1.0,draw
304,caste,5,E,E,E,E,E,E,E,E,E,E,E,E,E,B,A,A,A,A,A,A,1.0,draw
304,caste,6,skip,skip,skip,skip,skip,skip,skip,skip,skip,skip,skip,skip,skip,skip,skip,skip,skip,skip,skip,skip,0.0,draw
305,caste,1,A,A,A,A,A,A,A,A,A,A,A,A,A,A,B,C,D,D,D,E,1.0,draw
305,caste,2,B,B,B,B,B,B,B,B,B,B,B,B,B,C,D,E,E,E,E,D,1.0,draw
305,caste,3,C,C,C,C,C,C,C,C,C,C,C,C,C,E,E,D,C,C,C,C,1.0,draw
305,caste,4,D,D,D,D,D,D,D,D,D,D,D,D,D,D,C,B,B,B,B,B,1.0,draw
305,caste,5,E,E,E,E,E,E,E,E,E,E,E,E,E,B,A,A,A,A,A,A,1.0,draw
305,caste,6,skip,skip,skip,skip,skip,skip,skip,skip,skip,skip,skip,skip,skip,skip,skip,skip,skip,skip,skip,skip,0.0,draw
306,caste,1,A,A,A,A,A,A,A,A,A,A,A,A,A,A,B,C,D,D,D,E,1.0,draw
306,caste,2,B,B,B,B,B,B,B,B,B,B,B,B,B,C,D,E,E,E,E,D,1.0,draw
306,caste,3,C,C,C,C,C,C,C,C,C,C,C,C,C,E,E,D,C,C,C,C,1.0,draw
306,caste,4,D,D,D,D,D,D,D,D,D,D,D,D,D,D,C,B,B,B,B,B,1.0,draw
306,caste,5,E,E,E,E,E,E,E,E,E,E,E,E,E,B,A,A,A,A,A,A,1.0,draw
306,caste,6,skip,skip,skip,skip,skip,skip,skip,skip,skip,skip,skip,skip,skip,skip,skip,skip,skip,skip,skip,skip,0.0,draw
307,caste,1,A,A,A,A,A,A,A,A,A,A,A,A,A,A,B,C,D,D,D,E,1.0,draw
307,caste,2,B,B,B,B,B,B,B,B,B,B,B,B,B,C,D,E,E,E,E,D,1.0,draw
307,caste,3,C,C,C,C,C,C,C,C,C,C,C,C,C,E,E,D,C,C,C,C,1.0,draw
307,caste,4,D,D,D,D,D,D,D,D,D,D,D,D,D,D,C,B,B,B,B,B,1.0,draw
307,caste,5,E,E,E,E,E,E,E,E,E,E,E,E,E,B,A,A,A,A,A,A,1.0,draw
307,caste,6,skip,skip,skip,skip,skip,skip,skip,skip,skip,skip,skip,skip,skip,skip,skip,skip,skip,skip,skip,skip,0.0,draw
308,caste,1,A,A,A,A,A,A,A,A,A,A,A,A,A,A,B,C,D,D,D,E,1.0,draw
308,caste,2,B,B,B,B,B,B,B,B,B,B,B,B,B,C,D,E,E,E,E,D,1.0,draw
308,caste,3,C,C,C,C,C,C,C,C,C,C,C,C,C,E,E,D,C,C,C,C,1.0,draw
308,caste,4,D,D,D,D,D,D,D,D,D,D,D,D,D,D,C,B,B,B,B,B,1.0,draw
308,caste,5,E,E,E,E,E,E,E,E,E,E,E,E,E,B,A,A,A,A,A,A,1.0,draw
308,caste,6,skip,skip,skip,skip,skip,skip,skip,skip,skip,skip,skip,skip,skip,skip,skip,skip,skip,skip,skip,skip,0.0,draw
309,caste,1,A,A,A,A,A,A,A,A,A,A,A,A,A,A,B,C,D,D,D,E,1.0,draw
309,caste,2,B,B,B,B,B,B,B,B,B,B,B,B,B,C,D,E,E,E,E,D,1.0,draw
309,caste,3,C,C,C,C,C,C,C,C,C,C,C,C,C,E,E,D,C,C,C,C,1.0,draw
309,caste,4,D,D,D,D,D,D,D,D,D,D,D,D,D,D,C,B,B,B,B,B,1.0,draw
309,caste,5,E,E,E,E,E,E,E,E,E,E,E,E,E,B,A,A,A,A,A,A,1.0,draw
309,caste,6,skip,skip,skip,skip,skip,skip,skip,skip,skip,skip,skip,skip,skip,skip,skip,skip,skip,skip,skip,skip,0.0,draw
310,caste,1,A,A,A,A,A,A,A,A,A,A,A,A,A,A,B,C,D,D,D,E,1.0,draw
310,caste,2,B,B,B,B,B,B,B,B,B,B,B,B,B,C,D,E,E,E,E,D,1.0,draw
310,caste,3,C,C,C,C,C,C,C,C,C,C,C,C,C,E,E,D,C,C,C,C,1.0,draw
310,caste,4,D,D,D,D,D,D,D,D,D,D,D,D,D,D,C,B,B,B,B,B,1.0,draw
310,caste,5,E,E,E,E,E,E,E,E,E,E,E,E,E,B,A,A,A,A,A,A,1.0,draw
310,caste,6,skip,skip,skip,skip,skip,skip,skip,skip,skip,skip,skip,skip,skip,skip,skip,skip,skip,skip,skip,skip,0.0,draw
311,caste,1,A,A,A,A,A,A,A,A,A,A,A,A,A,A,B,C,D,D,D,E,1.0,draw
311,caste,2,B,B,B,B,B,B,B,B,B,B,B,B,B,C,D,E,E,E,E,D,1.0,draw
311,caste,3,C,C,C,C,C,C,C,C,C,C,C,C,C,E,E,D,C,C,C,C,1.0,draw
311,caste,4,D,D,D,D,D,D,D,D,D,D,D,D,D,D,C,B,B,B,B,B,1.0,draw
311,caste,5,E,E,E,E,E,E,E,E,E,E,E,E,E,B,A,A,A,A,A,A,1.0,draw
311,caste,6,skip,skip,skip,skip,skip,skip,skip,skip,skip,skip,skip,skip,skip,skip,skip,skip,skip,skip,skip,skip,0.0,draw
312,caste,1,A,A,A,A,A,A,A,A,A,A,A,A,A,A,B,C,D,D,D,E,1.0,draw
312,caste,2,B,B,B,B,B,B,B,B,B,B,B,B,B,C,D,E,E,E,E,D,1.0,draw
312,caste,3,C,C,C,C,C,C,C,C,C,C,C,C,C,E,E,D,C,C,C,C,1.0,draw
312,caste,4,D,D,D,D,D,D,D,D,D,D,D,D,D,D,C,B,B,B,B,B,1.0,draw
312,caste,5,E,E,E,E,E,E,E,E,E,E,E,E,E,B,A,A,A,A,A,A,1.0,draw
312,caste,6,skip,skip,skip,skip,skip,skip,skip,skip,skip,skip,skip,skip,skip,skip,skip,skip,skip,skip,skip,skip,0.0,draw
313,caste,1,A,A,A,A,A,A,A,A,A,A,A,A,A,A,B,C,D,D,D,E,1.0,draw
313,caste,2,B,B,B,B,B,B,B,B,B,B,B,B,B,C,D,E,E,E,E,D,1.0,draw
313,caste,3,C,C,C,C,C,C,C,C,C,C,C,C,C,E,E,D,C,C,C,C,1.0,draw
313,caste,4,D,D,D,D,D,D,D,D,D,D,D,D,D,D,C,B,B,B,B,B,1.0,draw
313,caste,5,E,E,E,E,E,E,E,E,E,E,E,E,E,B,A,A,A,A,A,A,1.0,draw
313,caste,6,skip,skip,skip,skip,skip,skip,skip,skip,skip,skip,skip,skip,skip,skip,skip,skip,skip,skip,skip,skip,0.0,draw
314,caste,1,A,A,A,A,A,A,A,A,A,A,A,A,A,A,B,C,D,D,D,E,1.0,draw
314,caste,2,B,B,B,B,B,B,B,B,B,B,B,B,B,C,D,E,E,E,E,D,1.0,draw
314,caste,3,C,C,C,C,C,C,C,C,C,C,C,C,C,E,E,D,C,C,C,C,1.0,draw
314,caste,4,D,D,D,D,D,D,D,D,D,D,D,D,D,D,C,B,B,B,B,B,1.0,draw
314,caste,5,E,E,E,E,E,E,E,E,E,E,E,E,E,B,A,A,A,A,A,A,1.0,draw
314,caste,6,skip,skip,skip,skip,skip,skip,skip,skip,skip,skip,skip,skip,skip,skip,skip,skip,skip,skip,skip,skip,0.0,draw
315,caste,1,A,A,A,A,A,A,A,A,A,A,A,A,A,A,B,C,D,D,D,E,1.0,draw
315,caste,2,B,B,B,B,B,B,B,B,B,B,B,B,B,C,D,E,E,E,E,D,1.0,draw
315,caste,3,C,C,C,C,C,C,C,C,C,C,C,C,C,E,E,D,C,C,C,C,1.0,draw
315,caste,4,D,D,D,D,D,D,D,D,D,D,D,D,D,D,C,B,B,B,B,B,1.0,draw
315,caste,5,E,E,E,E,E,E,E,E,E,E,E,E,E,B,A,A,A,A,A,A,1.0,draw
315,caste,6,skip,skip,skip,skip,skip,skip,skip,skip,skip,skip,skip,skip,skip,skip,skip,skip,skip,skip,skip,skip,0.0,draw
316,random,1,C,skip,A,A,A,D,D,E,A,B,D,A,A,B,skip,skip,D,A,D,skip,0.15,equalize
316,equalize,2,B,E,D,A,B,D,B,B,A,C,E,A,E,E,D,C,C,E,B,E,0.2,equalize
316,equalize,3,C,D,A,B,D,E,D,E,B,B,C,C,C,C,E,A,A,A,D,A,0.5,equalize
316,random,4,E,B,C,D,B,E,D,D,D,C,E,D,A,A,B,D,D,E,C,E,0.5,equalize
316,random,5,A,C,C,A,E,C,D,A,E,B,B,B,B,C,E,E,C,C,B,skip,0.5,equalize
316,random,6,skip,E,C,skip,C,skip,D,B,A,skip,E,A,B,E,D,C,B,skip,skip,C,0.15,equalize
317,random,1,E,skip,C,C,B,A,C,C,A,A,skip,B,D,D,D,E,D,E,A,A,0.25,equalize
317,random,2,C,B,E,skip,skip,skip,E,C,E,C,B,C,C,E,B,E,B,E,B,A,0.25,equalize
317,equalize,3,C,B,E,B,E,A,B,B,B,D,E,E,D,E,A,A,C,C,D,D,0.45,equalize
317,random,4,A,skip,D,C,D,skip,C,A,B,D,D,A,B,B,B,skip,A,B,B,C,0.25,equalize
317,random,5,C,D,C,skip,E,E,D,D,skip,B,skip,C,skip,D,C,A,A,C,skip,E,0.25,equalize
317,equalize,6,skip,D,A,A,B,D,A,A,E,B,D,A,E,A,E,E,D,B,A,C,0.35,equalize
318,random,1,C,D,E,D,E,skip,A,B,D,B,D,E,skip,skip,C,E,skip,skip,skip,A,0.25,equalize
318,random,2,B,skip,A,E,skip,D,D,A,B,E,B,A,A,skip,C,D,E,E,B,C,0.35,equalize
318,equalize,3,C,A,E,C,B,B,B,C,C,D,D,A,A,D,D,D,B,B,B,B,0.45,equalize
318,equalize,4,D,E,C,E,A,A,A,B,A,A,B,C,C,B,B,A,A,A,C,E,0.6,equalize
318,random,5,skip,D,D,C,E,E,skip,E,C,C,skip,B,C,C,skip,D,D,A,C,C,0.25,equalize
318,random,6,D,skip,A,C,skip,B,B,E,E,E,C,D,A,skip,E,E,D,A,C,C,0.2,equalize
319,random,1,A,A,A,A,C,B,A,A,A,C,C,C,skip,skip,D,skip,E,E,B,skip,0.25,equalize
319,equalize,2,B,D,B,E,C,C,D,C,E,E,E,E,D,B,B,E,A,C,D,A,0.7,equalize
319,random,3,A,E,B,E,D,B,B,D,A,A,skip,C,B,D,D,skip,skip,A,E,B,0.25,equalize
319,random,4,D,A,skip,skip,C,E,D,E,A,A,C,C,C,A,D,B,B,skip,B,A,0.25,equalize
319,equalize,5,E,A,C,B,D,E,C,D,C,C,C,D,B,E,E,B,E,A,B,D,0.35,equalize
319,random,6,skip,skip,D,B,B,B,E,D,B,A,skip,C,D,skip,E,A,D,skip,C,A,0.35,equalize
320,random,1,D,B,B,A,A,E,D,B,E,C,E,D,D,B,E,E,C,A,skip,B,0.3,equalize
320,random,2,skip,B,B,skip,A,E,D,E,A,skip,D,B,E,A,A,skip,B,E,skip,skip,0.3,equalize
320,equalize,3,C,C,D,A,A,C,D,A,D,B,A,A,C,A,C,B,C,A,A,C,0.3,equalize
320,random,4,D,skip,skip,D,skip,B,C,A,D,D,skip,skip,C,skip,C,B,C,B,E,C,0.1,equalize
320,equalize,5,E,E,E,D,E,E,C,E,C,C,E,B,A,C,D,D,D,D,B,A,0.6,equalize
320,random,6,B,C,C,B,A,B,C,A,skip,B,E,D,B,E,E,A,skip,D,E,skip,0.3,equalize
321,random,1,B,D,E,A,E,B,A,E,skip,B,skip,D,E,A,A,B,D,C,skip,A,0.3,equalize
321,random,2,skip,E,skip,E,skip,A,C,D,B,D,A,D,C,skip,C,A,A,A,E,C,0.4,equalize
321,random,3,skip,skip,D,A,C,D,skip,D,D,C,C,C,B,C,C,C,E,skip,B,C,0.2,equalize
321,random,4,C,D,B,skip,C,B,C,D,B,A,B,C,E,C,E,A,E,C,C,E,0.2,equalize
321,equalize,5,E,D,B,A,B,D,E,E,A,A,E,A,B,D,B,A,B,D,B,A,0.5,equalize
321,equalize,6,skip,A,C,C,C,B,A,D,B,E,C,E,E,A,E,D,D,B,E,D,0.4,equalize
322,equalize,1,A,B,B,B,B,B,B,A,C,C,B,D,D,C,C,E,E,B,C,B,0.6,equalize
322,equalize,2,B,C,A,E,E,E,C,B,E,E,E,E,E,E,E,D,D,C,D,C,0.65,equalize
322,random,3,C,skip,A,skip,C,A,C,B,B,D,C,A,D,B,C,E,E,E,D,D,0.35,equalize
322,random,4,E,D,A,D,A,E,C,A,D,A,B,C,D,A,A,A,A,E,A,A,0.2,equalize
322,random,5,E,C,D,skip,C,A,skip,D,D,A,skip,B,A,A,C,skip,D,B,A,skip,0.2,equalize
322,random,6,D,D,skip,skip,D,D,E,B,A,C,B,skip,skip,skip,B,A,A,E,skip,A,0.3,equalize
323,equalize,1,A,D,E,B,E,C,B,E,D,B,B,B,B,C,B,C,D,A,A,C,0.35,equalize
323,random,2,A,skip,skip,B,D,A,skip,E,E,D,A,D,skip,D,D,B,B,E,A,E,0.3,equalize
323,equalize,3,C,E,B,D,C,B,E,D,C,C,A,E,A,B,D,E,C,D,D,D,0.55,equalize
323,random,4,A,D,D,B,E,C,B,C,D,A,D,E,skip,C,A,E,E,B,E,skip,0.3,equalize
323,random,5,C,skip,E,D,E,A,C,E,A,D,E,E,A,C,B,C,C,E,B,A,0.25,equalize
323,random,6,B,A,C,A,D,skip,A,B,skip,C,C,E,A,skip,B,A,E,B,skip,B,0.45,equalize
324,equalize,1,A,B,B,D,E,D,C,C,D,D,D,D,C,D,B,C,C,C,B,E,0.45,equalize
324,random,2,C,A,skip,A,C,skip,A,C,skip,B,D,B,C,E,B,skip,A,D,A,D,0.25,equalize
324,random,3,C,E,C,skip,A,B,E,E,C,A,A,E,B,skip,A,A,E,C,skip,skip,0.5,equalize
324,random,4,skip,C,B,skip,E,skip,skip,A,E,D,B,E,skip,C,B,E,B,D,B,B,0.3,equalize
324,random,5,A,E,B,skip,E,A,B,C,E,E,C,D,E,E,A,D,skip,D,D,D,0.25,equalize
324,equalize,6,skip,E,D,A,D,B,D,D,B,B,C,A,A,A,D,D,B,D,A,C,0.5,equalize
325,random,1,A,C,skip,E,skip,D,C,skip,B,A,E,A,B,C,C,A,E,E,skip,E,0.25,equalize
325,equalize,2,B,A,D,C,D,C,C,A,B,B,B,D,D,D,D,A,E,A,C,C,0.5,equalize
325,random,3,skip,E,E,B,D,E,D,A,C,C,B,skip,B,C,D,B,D,skip,E,B,0.2,equalize
325,equalize,4,D,B,A,D,B,D,B,C,A,C,D,C,A,A,E,E,D,E,B,A,0.65,equalize
325,random,5,skip,E,B,skip,C,E,skip,skip,A,E,E,C,C,skip,skip,A,B,skip,D,E,0.25,equalize
325,random,6,E,A,skip,A,E,E,D,C,E,A,B,B,C,B,D,D,skip,A,E,B,0.35,equalize
326,random,1,D,C,A,B,C,D,E,E,skip,C,C,skip,D,C,E,B,skip,skip,skip,B,0.15,equalize
326,random,2,B,skip,A,skip,skip,D,A,C,E,E,A,E,D,E,D,B,D,E,B,D,0.3,equalize
326,random,3,D,E,skip,D,A,A,D,A,D,D,C,D,A,E,E,A,C,skip,A,E,0.35,equalize
326,equalize,4,D,A,A,B,B,B,C,C,B,B,A,B,C,E,B,B,C,B,D,E,0.4,equalize
326,equalize,5,E,E,D,E,C,D,E,B,D,C,B,E,B,B,C,A,A,C,C,C,0.55,equalize
326,random,6,C,C,A,skip,E,E,A,C,B,D,A,skip,A,skip,D,E,A,B,D,D,0.2,equalize
327,random,1,B,B,D,skip,skip,A,A,E,skip,B,D,B,skip,A,C,C,C,A,skip,A,0.3,equalize
327,random,2,skip,E,C,A,A,D,B,A,skip,A,C,C,E,skip,skip,C,B,C,B,C,0.35,equalize
327,random,3,B,skip,A,A,D,B,B,B,A,D,skip,A,D,A,B,skip,D,A,A,B,0.25,equalize
327,equalize,4,D,A,A,E,D,C,E,C,C,B,C,B,D,B,C,D,D,E,D,D,0.5,equalize
327,random,5,D,E,A,A,E,D,C,E,C,skip,C,A,A,A,A,B,A,B,B,A,0.2,equalize
327,equalize,6,skip,C,C,B,E,B,C,E,D,D,E,E,E,D,E,E,E,B,E,E,0.55,equalize
328,equalize,1,A,A,E,B,B,E,D,A,A,D,A,E,A,B,B,A,A,D,D,A,0.4,equalize
328,random,2,E,skip,E,C,skip,skip,B,B,C,D,B,skip,A,skip,C,B,E,E,C,C,0.4,equalize
328,random,3,C,C,C,skip,A,E,C,E,A,B,A,D,A,C,skip,E,E,B,E,skip,0.4,equalize
328,equalize,4,D,C,D,D,E,A,A,D,D,A,C,C,B,D,E,D,B,A,C,D,0.6,equalize
328,random,5,skip,A,skip,C,B,B,D,C,E,E,D,E,C,C,E,D,C,skip,C,D,0.25,equalize
328,random,6,B,skip,C,D,B,B,E,skip,E,D,B,C,E,D,B,A,E,B,skip,E,0.2,equalize
329,random,1,D,skip,skip,E,C,skip,D,A,A,skip,C,C,D,E,B,C,B,C,C,C,0.25,equalize
329,equalize,2,B,C,C,A,B,C,A,C,C,C,C,A,E,C,E,E,B,D,C,E,0.5,equalize
329,random,3,skip,skip,skip,D,skip,E,E,B,E,A,E,D,skip,D,D,E,A,B,A,A,0.35,equalize
329,random,4,E,D,skip,A,A,B,skip,E,B,A,B,A,skip,A,A,B,B,D,D,B,0.5,equalize
329,random,5,skip,skip,D,E,E,C,A,B,E,skip,skip,A,D,C,A,E,A,B,C,C,0.1,equalize
329,equalize,6,skip,A,B,E,C,B,D,B,D,D,D,D,B,B,B,C,D,C,E,A,0.45,equalize
330,equalize,1,A,C,D,B,B,C,D,E,D,D,B,C,C,D,A,E,C,C,C,A,0.4,equalize
330,random,2,skip,A,E,B,B,C,A,E,E,A,B,C,skip,B,D,B,B,skip,D,skip,0.25,equalize
330,random,3,skip,A,A,C,D,C,D,A,skip,skip,E,B,E,B,C,A,skip,D,B,skip,0.25,equalize
330,random,4,D,B,D,skip,E,C,D,B,skip,A,A,B,C,D,A,B,A,E,B,C,0.3,equalize
330,equalize,5,E,B,C,C,A,A,A,C,A,C,D,D,E,C,C,D,D,D,B,E,0.55,equalize
330,random,6,E,E,skip,D,E,B,B,E,skip,E,B,D,A,E,skip,E,E,A,B,D,0.5,equalize
331,rotate,1,A,B,C,D,E,skip,A,B,C,D,E,skip,A,B,C,D,E,skip,A,B,0.15,equalize
331,equalize,2,B,C,D,B,E,A,B,B,D,D,D,A,A,C,B,E,D,E,B,B,0.5,equalize
331,equalize,3,C,D,E,D,C,E,A,A,C,C,E,E,B,B,C,D,E,A,A,C,0.3,equalize
331,rotate,4,D,E,skip,A,B,C,D,E,skip,A,B,C,D,E,skip,A,B,C,D,E,0.85,equalize
331,rotate,5,E,skip,A,B,C,D,E,skip,A,B,C,D,E,skip,A,B,C,D,E,skip,0.7,equalize
331,rotate,6,skip,A,B,C,D,E,skip,A,B,C,D,E,skip,A,B,C,D,E,skip,A,0.4,equalize
332,rotate,1,A,B,C,D,E,skip,A,B,C,D,E,skip,A,B,C,D,E,skip,A,B,0.65,rotate
332,rotate,2,B,C,D,E,skip,A,B,C,D,E,skip,A,B,C,D,E,skip,A,B,C,0.2,rotate
332,equalize,3,C,D,E,E,C,D,E,A,A,E,B,A,B,A,A,E,E,A,E,B,0.25,rotate
332,rotate,4,D,E,skip,A,B,C,D,E,skip,A,B,C,D,E,skip,A,B,C,D,E,0.8,rotate
332,rotate,5,E,skip,A,B,C,D,E,skip,A,B,C,D,E,skip,A,B,C,D,E,skip,0.15,rotate
332,equalize,6,skip,A,C,B,D,A,B,C,B,D,C,D,E,C,D,B,C,D,B,C,0.15,rotate
333,rotate,1,A,B,C,D,E,skip,A,B,C,D,E,skip,A,B,C,D,E,skip,A,B,0.65,equalize
333,rotate,2,B,C,D,E,skip,A,B,C,D,E,skip,A,B,C,D,E,skip,A,B,C,0.25,equalize
333,equalize,3,C,D,E,D,B,B,C,C,E,D,A,A,B,D,E,C,D,A,C,B,0.55,equalize
333,equalize,4,D,E,skip,C,A,A,B,A,D,E,E,B,C,C,D,E,A,B,B,A,0.35,equalize
333,rotate,5,E,skip,A,B,C,D,E,skip,A,B,C,D,E,skip,A,B,C,D,E,skip,0.8,equalize
333,rotate,6,skip,A,B,C,D,E,skip,A,B,C,D,E,skip,A,B,C,D,E,skip,A,0.55,equalize
334,rotate,1,A,B,C,D,E,skip,A,B,C,D,E,skip,A,B,C,D,E,skip,A,B,0.15,rotate
334,equalize,2,B,C,D,D,C,B,D,B,A,A,B,E,A,E,B,D,D,B,D,B,0.25,rotate
334,rotate,3,C,D,E,skip,A,B,C,D,E,skip,A,B,C,D,E,skip,A,B,C,D,0.75,rotate
334,rotate,4,D,E,skip,A,B,C,D,E,skip,A,B,C,D,E,skip,A,B,C,D,E,0.2,rotate
334,equalize,5,E,skip,B,A,E,C,A,E,C,D,E,C,D,B,C,A,E,C,A,E,0.05,rotate
334,rotate,6,skip,A,B,C,D,E,skip,A,B,C,D,E,skip,A,B,C,D,E,skip,A,0.6,rotate
335,rotate,1,A,B,C,D,E,skip,A,B,C,D,E,skip,A,B,C,D,E,skip,A,B,0.65,rotate
335,rotate,2,B,C,D,E,skip,A,B,C,D,E,skip,A,B,C,D,E,skip,A,B,C,0.25,rotate
335,equalize,3,C,D,E,E,C,B,D,A,D,A,E,A,B,C,B,E,B,A,B,C,0.25,rotate
335,rotate,4,D,E,skip,A,B,C,D,E,skip,A,B,C,D,E,skip,A,B,C,D,E,0.3,rotate
335,equalize,5,E,skip,B,A,D,A,C,B,C,E,B,C,D,E,D,A,D,C,A,E,0.1,rotate
335,rotate,6,skip,A,B,C,D,E,skip,A,B,C,D,E,skip,A,B,C,D,E,skip,A,0.55,rotate
336,rotate,1,A,B,C,D,E,skip,A,B,C,D,E,skip,A,B,C,D,E,skip,A,B,0.65,equalize
336,rotate,2,B,C,D,E,skip,A,B,C,D,E,skip,A,B,C,D,E,skip,A,B,C,0.75,equalize
336,rotate,3,C,D,E,skip,A,B,C,D,E,skip,A,B,C,D,E,skip,A,B,C,D,0.75,equalize
336,rotate,4,D,E,skip,A,B,C,D,E,skip,A,B,C,D,E,skip,A,B,C,D,E,0.35,equalize
336,equalize,5,E,skip,B,D,C,E,C,B,D,B,C,C,E,E,A,A,B,D,D,E,0.45,equalize
336,equalize,6,skip,A,C,A,B,D,E,A,A,E,B,D,D,A,B,C,C,E,C,B,0.55,equalize
337,equalize,1,A,B,A,C,E,E,E,B,B,C,D,E,A,A,B,C,D,E,A,A,0.3,equalize
337,equalize,2,B,C,D,D,D,C,A,A,C,B,E,D,E,B,C,D,C,B,E,B,0.55,equalize
337,rotate,3,C,D,E,skip,A,B,C,D,E,skip,A,B,C,D,E,skip,A,B,C,D,0.8,equalize
337,rotate,4,D,E,skip,A,B,C,D,E,skip,A,B,C,D,E,skip,A,B,C,D,E,0.8,equalize
337,rotate,5,E,skip,A,B,C,D,E,skip,A,B,C,D,E,skip,A,B,C,D,E,skip,0.45,equalize
337,rotate,6,skip,A,B,C,D,E,skip,A,B,C,D,E,skip,A,B,C,D,E,skip,A,0.1,equalize
338,equalize,1,A,B,A,C,D,D,B,B,B,D,D,E,B,A,B,C,B,E,B,C,0.2,equalize
338,rotate,2,B,C,D,E,skip,A,B,C,D,E,skip,A,B,C,D,E,skip,A,B,C,0.3,equalize
338,equalize,3,C,D,E,E,C,A,E,A,C,C,E,A,D,C,D,E,D,A,A,A,0.3,equalize
338,rotate,4,D,E,skip,A,B,C,D,E,skip,A,B,C,D,E,skip,A,B,C,D,E,0.75,equalize
338,rotate,5,E,skip,A,B,C,D,E,skip,A,B,C,D,E,skip,A,B,C,D,E,skip,0.6,equalize
338,rotate,6,skip,A,B,C,D,E,skip,A,B,C,D,E,skip,A,B,C,D,E,skip,A,0.15,equalize
339,equalize,1,A,B,A,B,D,D,E,A,A,C,C,D,E,E,B,B,D,D,E,B,0.4,equalize
339,rotate,2,B,C,D,E,skip,A,B,C,D,E,skip,A,B,C,D,E,skip,A,B,C,0.85,equalize
339,rotate,3,C,D,E,skip,A,B,C,D,E,skip,A,B,C,D,E,skip,A,B,C,D,0.85,equalize
339,rotate,4,D,E,skip,A,B,C,D,E,skip,A,B,C,D,E,skip,A,B,C,D,E,0.5,equalize
339,rotate,5,E,skip,A,B,C,D,E,skip,A,B,C,D,E,skip,A,B,C,D,E,skip,0.1,equalize
339,equalize,6,skip,A,C,C,B,E,D,E,B,B,D,C,A,A,A,C,C,E,D,E,0.5,equalize
340,rotate,1,A,B,C,D,E,skip,A,B,C,D,E,skip,A,B,C,D,E,skip,A,B,0.2,rotate
340,equalize,2,B,C,D,B,E,B,C,B,D,E,E,A,A,D,E,B,A,B,C,B,0.3,rotate
340,rotate,3,C,D,E,skip,A,B,C,D,E,skip,A,B,C,D,E,skip,A,B,C,D,0.2,rotate
340,equalize,4,D,E,skip,C,A,E,A,D,C,D,A,B,C,B,C,D,E,E,A,D,0.1,rotate
340,rotate,5,E,skip,A,B,C,D,E,skip,A,B,C,D,E,skip,A,B,C,D,E,skip,0.7,rotate
340,rotate,6,skip,A,B,C,D,E,skip,A,B,C,D,E,skip,A,B,C,D,E,skip,A,0.65,rotate
341,rotate,1,A,B,C,D,E,skip,A,B,C,D,E,skip,A,B,C,D,E,skip,A,B,0.6,rotate
341,rotate,2,B,C,D,E,skip,A,B,C,D,E,skip,A,B,C,D,E,skip,A,B,C,0.7,rotate
341,rotate,3,C,D,E,skip,A,B,C,D,E,skip,A,B,C,D,E,skip,A,B,C,D,0.25,rotate
341,equalize,4,D,E,skip,C,A,B,C,D,E,D,A,C,D,D,B,E,A,C,D,A,0.3,rotate
341,equalize,5,E,skip,B,A,D,E,A,B,C,E,B,A,C,B,E,A,D,B,C,E,0.25,rotate
341,rotate,6,skip,A,B,C,D,E,skip,A,B,C,D,E,skip,A,B,C,D,E,skip,A,0.45,rotate
342,rotate,1,A,B,C,D,E,skip,A,B,C,D,E,skip,A,B,C,D,E,skip,A,B,0.65,rotate
342,rotate,2,B,C,D,E,skip,A,B,C,D,E,skip,A,B,C,D,E,skip,A,B,C,0.8,rotate
342,rotate,3,C,D,E,skip,A,B,C,D,E,skip,A,B,C,D,E,skip,A,B,C,D,0.25,rotate
342,equalize,4,D,E,skip,D,C,D,C,A,B,A,E,A,C,D,E,C,C,B,C,A,0.35,rotate
342,rotate,5,E,skip,A,B,C,D,E,skip,A,B,C,D,E,skip,A,B,C,D,E,skip,0.15,rotate
342,equalize,6,skip,A,C,B,A,B,E,D,E,B,C,D,E,B,A,B,A,D,E,D,0.05,rotate
343,equalize,1,A,B,A,C,D,E,C,A,E,C,E,E,C,A,E,C,A,B,C,D,0.15,rotate
343,rotate,2,B,C,D,E,skip,A,B,C,D,E,skip,A,B,C,D,E,skip,A,B,C,0.6,rotate
343,rotate,3,C,D,E,skip,A,B,C,D,E,skip,A,B,C,D,E,skip,A,B,C,D,0.4,rotate
343,equalize,4,D,E,skip,B,C,A,D,B,B,D,D,A,B,D,B,E,D,E,A,C,0.3,rotate
343,rotate,5,E,skip,A,B,C,D,E,skip,A,B,C,D,E,skip,A,B,C,D,E,skip,0.65,rotate
343,rotate,6,skip,A,B,C,D,E,skip,A,B,C,D,E,skip,A,B,C,D,E,skip,A,0.15,rotate
344,rotate,1,A,B,C,D,E,skip,A,B,C,D,E,skip,A,B,C,D,E,skip,A,B,0.15,rotate
344,equalize,2,B,C,D,A,D,C,A,E,C,D,E,B,A,A,A,B,E,E,E,C,0.35,rotate
344,rotate,3,C,D,E,skip,A,B,C,D,E,skip,A,B,C,D,E,skip,A,B,C,D,0.8,rotate
344,rotate,4,D,E,skip,A,B,C,D,E,skip,A,B,C,D,E,skip,A,B,C,D,E,0.7,rotate
344,rotate,5,E,skip,A,B,C,D,E,skip,A,B,C,D,E,skip,A,B,C,D,E,skip,0.15,rotate
344,equalize,6,skip,A,C,B,E,D,E,B,A,B,C,D,E,B,C,D,C,D,A,B,0.05,rotate
345,equalize,1,A,B,A,D,B,C,C,A,D,A,B,C,E,E,C,C,D,C,A,A,0.35,equalize
345,rotate,2,B,C,D,E,skip,A,B,C,D,E,skip,A,B,C,D,E,skip,A,B,C,0.8,equalize
345,rotate,3,C,D,E,skip,A,B,C,D,E,skip,A,B,C,D,E,skip,A,B,C,D,0.8,equalize
345,rotate,4,D,E,skip,A,B,C,D,E,skip,A,B,C,D,E,skip,A,B,C,D,E,0.2,equalize
345,equalize,5,E,skip,B,C,D,E,A,E,B,C,D,E,D,A,B,A,B,E,D,E,0.1,equalize
345,rotate,6,skip,A,B,C,D,E,skip,A,B,C,D,E,skip,A,B,C,D,E,skip,A,0.05,equalize
346,random3,1,D,D,A,A,D,D,D,C,C,C,B,B,B,B,B,B,B,E,E,E,0.1,equalize
346,equalize,2,B,B,B,A,E,A,A,A,B,A,B,A,C,A,A,A,A,A,A,C,0.65,equalize
346,equalize,3,C,A,A,B,B,B,B,B,A,E,A,E,A,E,E,E,E,E,E,A,0.65,equalize
346,random3,4,E,E,E,E,E,E,E,E,E,E,E,E,C,C,C,C,C,C,C,C,0.75,equalize
346,random3,5,C,C,C,C,C,C,C,C,C,C,B,B,B,B,A,B,B,B,B,B,0.45,equalize
346,random3,6,D,D,D,D,D,D,D,B,B,D,D,D,D,D,D,D,D,D,D,D,0.65,equalize
347,random3,1,D,D,C,C,C,C,C,C,C,C,A,A,A,A,A,A,A,D,C,B,0.5,random3
347,random3,2,C,E,E,E,E,E,E,E,E,E,E,C,C,C,C,C,C,D,D,D,0.6,random3
347,equalize,3,C,E,C,D,A,D,E,D,A,D,E,D,E,D,D,E,E,D,E,B,0.4,random3
347,random3,4,B,B,B,B,C,B,B,B,B,B,B,B,B,B,B,B,B,B,B,B,0.7,random3
347,random3,5,A,A,A,A,A,A,A,A,A,A,A,A,E,D,D,D,A,A,A,A,0.55,random3
347,equalize,6,skip,D,E,B,D,B,D,B,D,C,D,C,D,B,E,D,C,E,C,E,0.4,random3
348,random3,1,B,B,B,B,B,B,B,B,B,B,B,B,B,B,B,B,B,B,B,B,0.75,equalize
348,random3,2,E,E,E,C,C,C,E,E,E,E,E,E,E,E,E,A,A,E,E,E,0.35,equalize
348,equalize,3,C,C,D,B,B,C,A,A,C,C,E,C,C,C,B,A,C,C,B,C,0.55,equalize
348,equalize,4,D,A,B,C,A,A,E,C,A,A,A,A,A,A,C,C,A,A,C,E,0.5,equalize
348,random3,5,E,E,E,A,A,A,E,C,C,D,D,D,E,E,E,A,A,A,A,A,0.15,equalize
348,random3,6,D,D,D,D,D,D,D,D,D,D,D,D,D,D,D,D,D,D,D,D,0.75,equalize
349,random3,1,D,D,D,D,D,D,D,D,D,D,D,D,D,D,D,D,D,D,D,D,0.65,equalize
349,equalize,2,B,C,E,B,E,E,E,E,E,E,E,E,E,E,C,E,E,E,E,B,0.7,equalize
349,random3,3,A,A,A,A,A,A,A,A,A,B,B,B,B,B,B,B,B,B,B,B,0.65,equalize
349,random3,4,B,C,C,B,B,B,B,B,B,B,D,D,D,D,D,D,E,E,A,A,0.1,equalize
349,equalize,5,E,D,C,E,C,C,C,C,C,C,C,C,C,C,D,C,C,C,C,A,0.8,equalize
349,random3,6,A,A,A,B,B,B,B,A,A,A,A,A,A,A,A,A,A,A,A,B,0.45,equalize
350,random3,1,A,A,E,E,E,E,E,E,E,E,E,E,E,E,E,E,B,B,B,B,0.55,equalize
350,random3,2,A,B,B,B,B,B,B,B,B,B,C,C,A,B,B,E,E,E,E,E,0.5,equalize
350,equalize,3,C,D,D,D,D,D,C,B,D,D,B,B,D,B,B,E,C,B,C,B,0.55,equalize
350,random3,4,A,A,A,A,A,A,A,A,A,A,A,A,A,A,A,A,A,A,A,A,0.85,equalize
350,equalize,5,E,C,E,B,C,C,D,C,C,B,C,C,C,C,C,C,B,C,D,C,0.55,equalize
350,random3,6,A,A,E,E,E,C,D,D,D,D,D,D,D,D,D,D,D,D,D,D,0.45,equalize
351,random3,1,E,E,E,E,E,E,E,E,E,E,E,E,E,E,E,E,E,E,E,E,0.75,equalize
351,random3,2,A,C,A,D,D,D,D,D,D,D,D,D,D,D,D,E,E,D,D,A,0.4,equalize
351,random3,3,A,A,A,A,A,A,A,A,A,A,A,A,D,D,D,D,D,D,D,D,0.6,equalize
351,random3,4,D,D,D,D,C,B,C,B,B,B,B,B,B,B,B,B,B,B,B,B,0.65,equalize
351,equalize,5,E,B,C,D,C,B,C,B,B,C,C,C,C,C,C,C,C,C,C,C,0.65,equalize
351,equalize,6,skip,C,B,B,B,C,E,C,C,B,E,A,D,A,A,A,A,A,A,A,0.6,equalize
352,equalize,1,A,C,E,A,C,E,C,C,C,C,C,C,C,C,C,E,E,E,E,B,0.8,equalize
352,equalize,2,B,E,C,C,E,C,E,E,E,E,E,E,E,E,E,C,C,C,C,E,0.8,equalize
352,random3,3,A,A,A,A,A,A,A,A,A,A,A,A,D,B,E,B,B,B,B,B,0.55,equalize
352,random3,4,D,D,D,D,D,D,D,D,D,D,D,D,D,D,D,D,D,D,D,D,0.65,equalize
352,random3,5,B,B,B,B,B,B,B,B,B,B,B,B,B,B,B,B,A,A,A,C,0.65,equalize
352,random3,6,D,E,D,D,E,E,D,D,D,B,A,A,A,A,A,A,A,A,A,A,0.25,equalize
353,equalize,1,A,D,E,D,E,B,E,C,E,B,A,E,A,A,A,A,A,E,C,B,0.5,random3
353,random3,2,B,D,D,D,D,D,D,D,D,D,D,D,D,E,E,E,E,E,E,E,0.4,random3
353,equalize,3,C,A,D,E,C,E,D,E,A,E,E,D,E,E,E,E,E,A,A,A,0.35,random3
353,random3,4,C,C,C,C,C,C,C,C,C,C,C,C,C,C,C,C,C,C,C,A,0.75,random3
353,random3,5,A,A,A,A,A,A,A,A,A,E,A,D,D,D,D,D,D,D,D,D,0.65,random3
353,random3,6,B,B,B,B,B,B,B,B,B,B,B,B,B,B,B,B,B,B,B,B,0.8,random3
354,equalize,1,A,C,E,E,E,C,E,E,E,E,E,E,E,C,C,E,E,E,E,D,0.55,equalize
354,random3,2,A,A,A,A,A,A,A,A,A,A,B,E,E,C,B,B,B,C,C,E,0.45,equalize
354,random3,3,A,C,C,E,E,D,D,B,B,B,B,B,B,C,C,C,B,B,B,B,0.3,equalize
354,random3,4,B,B,B,B,B,B,B,B,A,A,A,A,A,A,A,A,A,A,A,A,0.8,equalize
354,random3,5,D,D,D,D,D,D,D,D,D,D,D,D,D,D,D,D,D,D,D,D,0.85,equalize
354,equalize,6,skip,E,C,B,C,D,C,C,C,C,C,C,B,E,E,C,B,C,C,E,0.5,equalize
355,random3,1,D,D,D,D,D,D,D,D,D,D,D,D,D,D,A,A,A,A,E,E,0.6,random3
355,equalize,2,B,A,A,E,C,A,A,A,E,A,C,A,C,A,C,D,D,A,A,A,0.55,random3
355,random3,3,B,B,B,B,B,B,B,B,B,B,B,B,B,B,B,B,B,B,B,B,0.8,random3
355,equalize,4,D,C,C,A,A,C,E,C,A,D,A,E,A,D,A,A,A,D,D,D,0.5,random3
355,random3,5,B,B,B,B,C,C,C,C,C,C,C,E,E,E,E,E,E,E,E,A,0.45,random3
355,random3,6,B,B,E,E,E,E,E,E,E,E,E,E,C,C,C,C,C,C,C,C,0.6,random3
356,random3,1,D,D,D,D,D,D,D,A,A,A,A,A,C,C,C,C,C,C,C,C,0.45,equalize
356,random3,2,C,C,C,C,C,C,C,C,C,C,C,A,A,A,A,A,A,A,A,A,0.7,equalize
356,random3,3,A,A,A,A,A,A,D,A,D,D,D,D,D,D,D,D,D,D,D,D,0.85,equalize
356,equalize,4,D,B,B,B,B,E,E,A,E,B,E,A,E,B,E,B,E,C,E,C,0.55,equalize
356,equalize,5,E,C,E,E,E,A,B,E,C,E,C,E,C,E,C,E,A,E,B,E,0.55,equalize
356,random3,6,D,D,D,D,B,B,B,B,B,B,B,B,B,B,B,B,B,B,B,A,0.45,equalize
357,random3,1,D,E,E,E,E,E,E,E,E,E,E,E,E,E,D,D,D,D,D,D,0.65,random3
357,random3,2,C,C,C,C,C,C,C,C,C,C,C,C,C,C,C,C,C,C,C,B,0.7,random3
357,random3,3,B,B,B,B,B,B,B,B,B,B,B,B,B,B,B,B,B,B,A,A,0.7,random3
357,equalize,4,D,E,D,D,A,E,C,A,D,A,C,A,D,A,A,E,A,B,A,A,0.35,random3
357,random3,5,A,A,A,A,A,D,D,D,D,D,D,D,D,A,D,E,E,E,E,E,0.65,random3
357,equalize,6,skip,C,E,B,D,D,A,B,A,E,A,B,A,E,D,A,C,A,C,B,0.35,random3
358,equalize,1,A,C,D,E,E,E,C,E,E,E,E,E,E,E,E,E,E,C,C,C,0.55,equalize
358,random3,2,A,A,D,D,D,D,D,D,E,E,B,B,B,C,E,E,E,E,D,D,0.2,equalize
358,random3,3,B,B,B,B,B,B,C,D,D,D,D,D,D,D,D,D,D,D,D,E,0.7,equalize
358,equalize,4,D,E,B,C,C,D,E,C,C,C,C,C,C,C,C,C,C,E,D,E,0.6,equalize
358,random3,5,A,C,D,C,C,B,B,B,B,B,B,B,B,B,B,B,B,B,B,B,0.55,equalize
358,random3,6,A,A,A,A,A,A,A,A,A,A,A,A,A,A,A,A,A,A,A,A,0.9,equalize
359,random3,1,A,A,A,E,E,E,E,C,C,C,C,D,D,D,D,D,D,D,D,D,0.45,equalize
359,equalize,2,B,E,D,D,B,B,E,B,E,B,C,B,D,B,B,B,B,B,C,B,0.55,equalize
359,random3,3,A,A,A,A,A,A,A,A,E,E,E,E,E,E,E,E,E,E,C,E,0.45,equalize
359,random3,4,E,E,D,D,D,D,D,D,D,D,E,E,E,B,C,D,D,E,A,A,0.25,equalize
359,random3,5,C,C,C,C,C,C,A,A,E,A,A,A,A,A,A,A,A,A,A,A,0.7,equalize
359,equalize,6,skip,B,B,E,D,C,B,C,B,D,B,D,C,C,C,C,C,C,A,C,0.55,equalize
360,equalize,1,A,B,C,D,B,B,B,D,B,D,B,C,B,C,C,C,C,C,C,B,0.65,equalize
360,random3,2,E,E,E,E,E,E,E,E,E,E,C,C,E,E,E,E,A,E,D,E,0.35,equalize
360,random3,3,A,A,D,D,B,C,C,C,C,E,E,E,E,E,E,E,D,E,C,C,0.15,equalize
360,random3,4,E,E,D,D,D,D,D,D,D,D,D,D,D,D,D,D,D,D,D,D,0.55,equalize
360,equalize,5,E,C,E,C,C,C,C,B,C,B,C,B,D,B,B,B,B,B,B,C,0.6,equalize
360,random3,6,A,A,A,A,A,A,A,A,A,A,A,A,A,A,A,A,A,A,A,A,0.85,equalize
361,radicaleq,1,A,B,A,C,D,skip,A,C,D,B,E,skip,D,C,B,E,A,skip,D,B,0.85,radicaleq
361,equalize,2,B,C,D,E,skip,A,C,D,B,E,skip,D,C,B,E,A,skip,D,B,C,0.85,radicaleq
361,equalize,3,C,D,E,skip,A,C,D,B,E,skip,D,C,B,E,A,skip,D,B,C,E,0.85,radicaleq
361,radicaleq,4,D,E,skip,A,C,D,B,E,skip,D,C,B,E,A,skip,D,B,C,E,A,0.85,radicaleq
361,radicaleq,5,E,skip,B,B,B,B,E,skip,C,C,B,E,A,skip,D,B,C,E,A,skip,0.8,radicaleq
361,radicaleq,6,skip,A,C,D,E,E,skip,A,A,A,A,A,skip,D,C,C,E,A,skip,D,0.8,radicaleq
362,radicaleq,1,A,B,A,C,D,skip,A,C,D,B,E,skip,D,C,B,E,A,skip,D,B,0.85,radicaleq
362,radicaleq,2,B,C,D,E,skip,A,C,D,B,E,skip,D,C,B,E,A,skip,D,B,C,0.85,radicaleq
362,equalize,3,C,D,E,skip,A,C,D,B,E,skip,D,C,B,E,A,skip,D,B,C,E,0.85,radicaleq
362,radicaleq,4,D,E,skip,A,C,D,B,E,skip,D,C,B,E,A,skip,D,B,C,E,A,0.85,radicaleq
362,radicaleq,5,E,skip,B,B,B,B,E,skip,C,C,B,E,A,skip,D,B,C,E,A,skip,0.8,radicaleq
362,equalize,6,skip,A,C,D,E,E,skip,A,A,A,A,A,skip,D,C,C,E,A,skip,D,0.8,radicaleq
363,radicaleq,1,A,B,A,C,D,skip,A,C,D,B,E,skip,D,C,B,E,A,skip,D,B,0.85,radicaleq
363,radicaleq,2,B,C,D,E,skip,A,C,D,B,E,skip,D,C,B,E,A,skip,D,B,C,0.85,radicaleq
363,equalize,3,C,D,E,skip,A,C,D,B,E,skip,D,C,B,E,A,skip,D,B,C,E,0.85,radicaleq
363,equalize,4,D,E,skip,A,C,D,B,E,skip,D,C,B,E,A,skip,D,B,C,E,A,0.85,radicaleq
363,radicaleq,5,E,skip,B,B,B,B,E,skip,C,C,B,E,A,skip,D,B,C,E,A,skip,0.8,radicaleq
363,radicaleq,6,skip,A,C,D,E,E,skip,A,A,A,A,A,skip,D,C,C,E,A,skip,D,0.8,radicaleq
364,radicaleq,1,A,B,A,C,D,skip,A,C,D,B,E,skip,D,C,B,E,A,skip,D,B,0.85,radicaleq
364,equalize,2,B,C,D,E,skip,A,C,D,B,E,skip,D,C,B,E,A,skip,D,B,C,0.85,radicaleq
364,radicaleq,3,C,D,E,skip,A,C,D,B,E,skip,D,C,B,E,A,skip,D,B,C,E,0.85,radicaleq
364,radicaleq,4,D,E,skip,A,C,D,B,E,skip,D,C,B,E,A,skip,D,B,C,E,A,0.85,radicaleq
364,equalize,5,E,skip,B,B,B,B,E,skip,C,C,B,E,A,skip,D,B,C,E,A,skip,0.8,radicaleq
364,radicaleq,6,skip,A,C,D,E,E,skip,A,A,A,A,A,skip,D,C,C,E,A,skip,D,0.8,radicaleq
365,radicaleq,1,A,B,A,C,D,skip,A,C,D,B,E,skip,D,C,B,E,A,skip,D,B,0.85,radicaleq
365,radicaleq,2,B,C,D,E,skip,A,C,D,B,E,skip,D,C,B,E,A,skip,D,B,C,0.85,radicaleq
365,equalize,3,C,D,E,skip,A,C,D,B,E,skip,D,C,B,E,A,skip,D,B,C,E,0.85,radicaleq
365,radicaleq,4,D,E,skip,A,C,D,B,E,skip,D,C,B,E,A,skip,D,B,C,E,A,0.85,radicaleq
365,equalize,5,E,skip,B,B,B,B,E,skip,C,C,B,E,A,skip,D,B,C,E,A,skip,0.8,radicaleq
365,radicaleq,6,skip,A,C,D,E,E,skip,A,A,A,A,A,skip,D,C,C,E,A,skip,D,0.8,radicaleq
366,radicaleq,1,A,B,A,C,D,skip,A,C,D,B,E,skip,D,C,B,E,A,skip,D,B,0.85,radicaleq
366,radicaleq,2,B,C,D,E,skip,A,C,D,B,E,skip,D,C,B,E,A,skip,D,B,C,0.85,radicaleq
366,radicaleq,3,C,D,E,skip,A,C,D,B,E,skip,D,C,B,E,A,skip,D,B,C,E,0.85,radicaleq
366,radicaleq,4,D,E,skip,A,C,D,B,E,skip,D,C,B,E,A,skip,D,B,C,E,A,0.85,radicaleq
366,equalize,5,E,skip,B,B,B,B,E,skip,C,C,B,E,A,skip,D,B,C,E,A,skip,0.8,radicaleq
366,equalize,6,skip,A,C,D,E,E,skip,A,A,A,A,A,skip,D,C,C,E,A,skip,D,0.8,radicaleq
367,equalize,1,A,B,A,C,D,skip,A,C,D,B,E,skip,D,C,B,E,A,skip,D,B,0.85,radicaleq
367,equalize,2,B,C,D,E,skip,A,C,D,B,E,skip,D,C,B,E,A,skip,D,B,C,0.85,radicaleq
367,radicaleq,3,C,D,E,skip,A,C,D,B,E,skip,D,C,B,E,A,skip,D,B,C,E,0.85,radicaleq
367,radicaleq,4,D,E,skip,A,C,D,B,E,skip,D,C,B,E,A,skip,D,B,C,E,A,0.85,radicaleq
367,radicaleq,5,E,skip,B,B,B,B,E,skip,C,C,B,E,A,skip,D,B,C,E,A,skip,0.8,radicaleq
367,radicaleq,6,skip,A,C,D,E,E,skip,A,A,A,A,A,skip,D,C,C,E,A,skip,D,0.8,radicaleq
368,equalize,1,A,B,A,C,D,skip,A,C,D,B,E,skip,D,C,B,E,A,skip,D,B,0.85,radicaleq
368,radicaleq,2,B,C,D,E,skip,A,C,D,B,E,skip,D,C,B,E,A,skip,D,B,C,0.85,radicaleq
368,equalize,3,C,D,E,skip,A,C,D,B,E,skip,D,C,B,E,A,skip,D,B,C,E,0.85,radicaleq
368,radicaleq,4,D,E,skip,A,C,D,B,E,skip,D,C,B,E,A,skip,D,B,C,E,A,0.85,radicaleq
368,radicaleq,5,E,skip,B,B,B,B,E,skip,C,C,B,E,A,skip,D,B,C,E,A,skip,0.8,radicaleq
368,radicaleq,6,skip,A,C,D,E,E,skip,A,A,A,A,A,skip,D,C,C,E,A,skip,D,0.8,radicaleq
369,equalize,1,A,B,A,C,D,skip,A,C,D,B,E,skip,D,C,B,E,A,skip,D,B,0.85,radicaleq
369,radicaleq,2,B,C,D,E,skip,A,C,D,B,E,skip,D,C,B,E,A,skip,D,B,C,0.85,radicaleq
369,radicaleq,3,C,D,E,skip,A,C,D,B,E,skip,D,C,B,E,A,skip,D,B,C,E,0.85,radicaleq
369,radicaleq,4,D,E,skip,A,C,D,B,E,skip,D,C,B,E,A,skip,D,B,C,E,A,0.85,radicaleq
369,radicaleq,5,E,skip,B,B,B,B,E,skip,C,C,B,E,A,skip,D,B,C,E,A,skip,0.8,radicaleq
369,equalize,6,skip,A,C,D,E,E,skip,A,A,A,A,A,skip,D,C,C,E,A,skip,D,0.8,radicaleq
370,radicaleq,1,A,B,A,C,D,skip,A,C,D,B,E,skip,D,C,B,E,A,skip,D,B,0.85,radicaleq
370,equalize,2,B,C,D,E,skip,A,C,D,B,E,skip,D,C,B,E,A,skip,D,B,C,0.85,radicaleq
370,radicaleq,3,C,D,E,skip,A,C,D,B,E,skip,D,C,B,E,A,skip,D,B,C,E,0.85,radicaleq
370,equalize,4,D,E,skip,A,C,D,B,E,skip,D,C,B,E,A,skip,D,B,C,E,A,0.85,radicaleq
370,radicaleq,5,E,skip,B,B,B,B,E,skip,C,C,B,E,A,skip,D,B,C,E,A,skip,0.8,radicaleq
370,radicaleq,6,skip,A,C,D,E,E,skip,A,A,A,A,A,skip,D,C,C,E,A,skip,D,0.8,radicaleq
371,radicaleq,1,A,B,A,C,D,skip,A,C,D,B,E,skip,D,C,B,E,A,skip,D,B,0.85,radicaleq
371,radicaleq,2,B,C,D,E,skip,A,C,D,B,E,skip,D,C,B,E,A,skip,D,B,C,0.85,radicaleq
371,radicaleq,3,C,D,E,skip,A,C,D,B,E,skip,D,C,B,E,A,skip,D,B,C,E,0.85,radicaleq
371,equalize,4,D,E,skip,A,C,D,B,E,skip,D,C,B,E,A,skip,D,B,C,E,A,0.85,radicaleq
371,equalize,5,E,skip,B,B,B,B,E,skip,C,C,B,E,A,skip,D,B,C,E,A,skip,0.8,radicaleq
371,radicaleq,6,skip,A,C,D,E,E,skip,A,A,A,A,A,skip,D,C,C,E,A,skip,D,0.8,radicaleq
372,radicaleq,1,A,B,A,C,D,skip,A,C,D,B,E,skip,D,C,B,E,A,skip,D,B,0.85,radicaleq
372,radicaleq,2,B,C,D,E,skip,A,C,D,B,E,skip,D,C,B,E,A,skip,D,B,C,0.85,radicaleq
372,radicaleq,3,C,D,E,skip,A,C,D,B,E,skip,D,C,B,E,A,skip,D,B,C,E,0.85,radicaleq
372,equalize,4,D,E,skip,A,C,D,B,E,skip,D,C,B,E,A,skip,D,B,C,E,A,0.85,radicaleq
372,radicaleq,5,E,skip,B,B,B,B,E,skip,C,C,B,E,A,skip,D,B,C,E,A,skip,0.8,radicaleq
372,equalize,6,skip,A,C,D,E,E,skip,A,A,A,A,A,skip,D,C,C,E,A,skip,D,0.8,radicaleq
373,equalize,1,A,B,A,C,D,skip,A,C,D,B,E,skip,D,C,B,E,A,skip,D,B,0.85,radicaleq
373,radicaleq,2,B,C,D,E,skip,A,C,D,B,E,skip,D,C,B,E,A,skip,D,B,C,0.85,radicaleq
373,radicaleq,3,C,D,E,skip,A,C,D,B,E,skip,D,C,B,E,A,skip,D,B,C,E,0.85,radicaleq
373,equalize,4,D,E,skip,A,C,D,B,E,skip,D,C,B,E,A,skip,D,B,C,E,A,0.85,radicaleq
373,radicaleq,5,E,skip,B,B,B,B,E,skip,C,C,B,E,A,skip,D,B,C,E,A,skip,0.8,radicaleq
373,radicaleq,6,skip,A,C,D,E,E,skip,A,A,A,A,A,skip,D,C,C,E,A,skip,D,0.8,radicaleq
374,radicaleq,1,A,B,A,C,D,skip,A,C,D,B,E,skip,D,C,B,E,A,skip,D,B,0.85,radicaleq
374,equalize,2,B,C,D,E,skip,A,C,D,B,E,skip,D,C,B,E,A,skip,D,B,C,0.85,radicaleq
374,radicaleq,3,C,D,E,skip,A,C,D,B,E,skip,D,C,B,E,A,skip,D,B,C,E,0.85,radicaleq
374,radicaleq,4,D,E,skip,A,C,D,B,E,skip,D,C,B,E,A,skip,D,B,C,E,A,0.85,radicaleq
374,radicaleq,5,E,skip,B,B,B,B,E,skip,C,C,B,E,A,skip,D,B,C,E,A,skip,0.8,radicaleq
374,equalize,6,skip,A,C,D,E,E,skip,A,A,A,A,A,skip,D,C,C,E,A,skip,D,0.8,radicaleq
375,equalize,1,A,B,A,C,D,skip,A,C,D,B,E,skip,D,C,B,E,A,skip,D,B,0.85,radicaleq
375,radicaleq,2,B,C,D,E,skip,A,C,D,B,E,skip,D,C,B,E,A,skip,D,B,C,0.85,radicaleq
375,radicaleq,3,C,D,E,skip,A,C,D,B,E,skip,D,C,B,E,A,skip,D,B,C,E,0.85,radicaleq
375,radicaleq,4,D,E,skip,A,C,D,B,E,skip,D,C,B,E,A,skip,D,B,C,E,A,0.85,radicaleq
375,equalize,5,E,skip,B,B,B,B,E,skip,C,C,B,E,A,skip,D,B,C,E,A,skip,0.8,radicaleq
375,radicaleq,6,skip,A,C,D,E,E,skip,A,A,A,A,A,skip,D,C,C,E,A,skip,D,0.8,radicaleq
376,rotate0,1,A,A,A,A,A,A,A,A,A,A,A,A,A,A,A,A,A,A,A,A,0.95,equalize
376,equalize,2,B,C,A,B,B,C,C,C,C,C,C,C,C,C,C,C,C,C,C,C,0.95,equalize
376,equalize,3,C,D,B,C,C,E,B,B,B,B,B,B,B,B,B,B,B,B,B,B,0.9,equalize
376,rotate0,4,D,D,D,D,D,D,D,D,D,D,D,D,D,D,D,D,D,D,D,D,0.95,equalize
376,rotate0,5,E,E,E,E,E,E,E,E,E,E,E,E,E,E,E,E,E,E,E,E,0.95,equalize
376,rotate0,6,skip,skip,skip,skip,skip,skip,skip,skip,skip,skip,skip,skip,skip,skip,skip,skip,skip,skip,skip,skip,0.0,equalize
377,rotate0,1,A,A,A,A,A,A,A,A,A,A,A,A,A,A,A,A,A,A,A,A,0.75,rotate0
377,rotate0,2,B,B,B,B,B,B,B,B,B,B,B,B,B,B,B,B,B,B,B,B,0.75,rotate0
377,equalize,3,C,D,B,C,A,C,D,C,A,C,D,C,A,C,D,C,A,C,D,C,0.5,rotate0
377,rotate0,4,D,D,D,D,D,D,D,D,D,D,D,D,D,D,D,D,D,D,D,D,0.75,rotate0
377,rotate0,5,E,E,E,E,E,E,E,E,E,E,E,E,E,E,E,E,E,E,E,E,0.75,rotate0
377,equalize,6,skip,A,C,E,C,B,C,E,C,B,C,E,C,B,C,E,C,B,C,E,0.45,rotate0
378,rotate0,1,A,A,A,A,A,A,A,A,A,A,A,A,A,A,A,A,A,A,A,A,0.95,equalize
378,rotate0,2,B,B,B,B,B,B,B,B,B,B,B,B,B,B,B,B,B,B,B,B,0.95,equalize
378,equalize,3,C,D,A,C,C,D,D,D,D,D,D,D,D,D,D,D,D,D,D,D,0.95,equalize
378,equalize,4,D,E,C,D,D,B,C,C,C,C,C,C,C,C,C,C,C,C,C,C,0.9,equalize
378,rotate0,5,E,E,E,E,E,E,E,E,E,E,E,E,E,E,E,E,E,E,E,E,0.95,equalize
378,rotate0,6,skip,skip,skip,skip,skip,skip,skip,skip,skip,skip,skip,skip,skip,skip,skip,skip,skip,skip,skip,skip,0.0,equalize
379,rotate0,1,A,A,A,A,A,A,A,A,A,A,A,A,A,A,A,A,A,A,A,A,1.0,equalize
379,equalize,2,B,C,B,B,B,B,B,B,B,B,B,B,B,B,B,B,B,B,B,B,0.95,equalize
379,rotate0,3,C,C,C,C,C,C,C,C,C,C,C,C,C,C,C,C,C,C,C,C,0.95,equalize
379,rotate0,4,D,D,D,D,D,D,D,D,D,D,D,D,D,D,D,D,D,D,D,D,1.0,equalize
379,equalize,5,E,skip,E,E,E,E,E,E,E,E,E,E,E,E,E,E,E,E,E,E,0.95,equalize
379,rotate0,6,skip,skip,skip,skip,skip,skip,skip,skip,skip,skip,skip,skip,skip,skip,skip,skip,skip,skip,skip,skip,0.0,equalize
380,rotate0,1,A,A,A,A,A,A,A,A,A,A,A,A,A,A,A,A,A,A,A,A,1.0,equalize
380,rotate0,2,B,B,B,B,B,B,B,B,B,B,B,B,B,B,B,B,B,B,B,B,1.0,equalize
380,equalize,3,C,D,C,C,C,C,C,C,C,C,C,C,C,C,C,C,C,C,C,C,0.95,equalize
380,rotate0,4,D,D,D,D,D,D,D,D,D,D,D,D,D,D,D,D,D,D,D,D,0.95,equalize
380,equalize,5,E,skip,E,E,E,E,E,E,E,E,E,E,E,E,E,E,E,E,E,E,0.95,equalize
380,rotate0,6,skip,skip,skip,skip,skip,skip,skip,skip,skip,skip,skip,skip,skip,skip,skip,skip,skip,skip,skip,skip,0.0,equalize
381,rotate0,1,A,A,A,A,A,A,A,A,A,A,A,A,A,A,A,A,A,A,A,A,0.75,rotate0
381,rotate0,2,B,B,B,B,B,B,B,B,B,B,B,B,B,B,B,B,B,B,B,B,0.75,rotate0
381,rotate0,3,C,C,C,C,C,C,C,C,C,C,C,C,C,C,C,C,C,C,C,C,0.75,rotate0
381,rotate0,4,D,D,D,D,D,D,D,D,D,D,D,D,D,D,D,D,D,D,D,D,0.8,rotate0
381,equalize,5,E,skip,B,E,D,E,B,E,D,E,B,E,D,E,B,E,D,E,B,E,0.5,rotate0
381,equalize,6,skip,A,E,C,E,A,E,C,E,A,E,C,E,A,E,C,E,A,E,C,0.45,rotate0
382,equalize,1,A,B,B,B,B,B,B,B,B,B,B,B,B,B,B,B,B,B,B,B,1.0,equalize
382,equalize,2,B,C,A,A,A,A,A,A,A,A,A,A,A,A,A,A,A,A,A,A,0.95,equalize
382,rotate0,3,C,C,C,C,C,C,C,C,C,C,C,C,C,C,C,C,C,C,C,C,0.95,equalize
382,rotate0,4,D,D,D,D,D,D,D,D,D,D,D,D,D,D,D,D,D,D,D,D,1.0,equalize
382,rotate0,5,E,E,E,E,E,E,E,E,E,E,E,E,E,E,E,E,E,E,E,E,1.0,equalize
382,rotate0,6,skip,skip,skip,skip,skip,skip,skip,skip,skip,skip,skip,skip,skip,skip,skip,skip,skip,skip,skip,skip,0.0,equalize
383,equalize,1,A,B,A,A,A,A,A,A,A,A,A,A,A,A,A,A,A,A,A,A,0.95,equalize
383,rotate0,2,B,B,B,B,B,B,B,B,B,B,B,B,B,B,B,B,B,B,B,B,0.95,equalize
383,equalize,3,C,D,C,E,C,C,C,C,C,C,C,C,C,C,C,C,C,C,C,C,0.9,equalize
383,rotate0,4,D,D,D,D,D,D,D,D,D,D,D,D,D,D,D,D,D,D,D,D,0.95,equalize
383,rotate0,5,E,E,E,E,E,E,E,E,E,E,E,E,E,E,E,E,E,E,E,E,0.95,equalize
383,rotate0,6,skip,skip,skip,skip,skip,skip,skip,skip,skip,skip,skip,skip,skip,skip,skip,skip,skip,skip,skip,skip,0.0,equalize
384,equalize,1,A,B,C,D,A,A,A,D,A,B,A,D,A,B,A,D,A,B,A,D,0.5,rotate0
384,rotate0,2,B,B,B,B,B,B,B,B,B,B,B,B,B,B,B,B,B,B,B,B,0.75,rotate0
384,rotate0,3,C,C,C,C,C,C,C,C,C,C,C,C,C,C,C,C,C,C,C,C,0.75,rotate0
384,rotate0,4,D,D,D,D,D,D,D,D,D,D,D,D,D,D,D,D,D,D,D,D,0.75,rotate0
384,rotate0,5,E,E,E,E,E,E,E,E,E,E,E,E,E,E,E,E,E,E,E,E,0.8,rotate0
384,equalize,6,skip,A,A,A,E,B,C,A,E,A,C,A,E,A,C,A,E,A,C,A,0.5,rotate0
385,rotate0,1,A,A,A,A,A,A,A,A,A,A,A,A,A,A,A,A,A,A,A,A,0.95,equalize
385,equalize,2,B,C,B,B,B,B,B,B,B,B,B,B,B,B,B,B,B,B,B,B,0.95,equalize
385,rotate0,3,C,C,C,C,C,C,C,C,C,C,C,C,C,C,C,C,C,C,C,C,0.95,equalize
385,equalize,4,D,E,D,A,D,D,D,D,D,D,D,D,D,D,D,D,D,D,D,D,0.9,equalize
385,rotate0,5,E,E,E,E,E,E,E,E,E,E,E,E,E,E,E,E,E,E,E,E,0.95,equalize
385,rotate0,6,skip,skip,skip,skip,skip,skip,skip,skip,skip,skip,skip,skip,skip,skip,skip,skip,skip,skip,skip,skip,0.0,equalize
386,rotate0,1,A,A,A,A,A,A,A,A,A,A,A,A,A,A,A,A,A,A,A,A,0.95,equalize
386,rotate0,2,B,B,B,B,B,B,B,B,B,B,B,B,B,B,B,B,B,B,B,B,1.0,equalize
386,rotate0,3,C,C,C,C,C,C,C,C,C,C,C,C,C,C,C,C,C,C,C,C,1.0,equalize
386,equalize,4,D,E,A,D,D,D,D,D,D,D,D,D,D,D,D,D,D,D,D,D,0.95,equalize
386,equalize,5,E,skip,D,E,E,E,E,E,E,E,E,E,E,E,E,E,E,E,E,E,0.95,equalize
386,rotate0,6,skip,skip,skip,skip,skip,skip,skip,skip,skip,skip,skip,skip,skip,skip,skip,skip,skip,skip,skip,skip,0.0,equalize
387,rotate0,1,A,A,A,A,A,A,A,A,A,A,A,A,A,A,A,A,A,A,A,A,0.75,rotate0
387,rotate0,2,B,B,B,B,B,B,B,B,B,B,B,B,B,B,B,B,B,B,B,B,0.75,rotate0
387,rotate0,3,C,C,C,C,C,C,C,C,C,C,C,C,C,C,C,C,C,C,C,C,0.75,rotate0
387,equalize,4,D,E,B,D,A,D,C,D,A,D,C,D,A,D,C,D,A,D,C,D,0.5,rotate0
387,rotate0,5,E,E,E,E,E,E,E,E,E,E,E,E,E,E,E,E,E,E,E,E,0.75,rotate0
387,equalize,6,skip,A,D,C,D,B,D,E,D,B,D,E,D,B,D,E,D,B,D,E,0.45,rotate0
388,equalize,1,A,B,A,A,A,A,A,A,A,A,A,A,A,A,A,A,A,A,A,A,0.95,equalize
388,rotate0,2,B,B,B,B,B,B,B,B,B,B,B,B,B,B,B,B,B,B,B,B,0.95,equalize
388,rotate0,3,C,C,C,C,C,C,C,C,C,C,C,C,C,C,C,C,C,C,C,C,0.95,equalize
388,equalize,4,D,E,D,C,D,D,D,D,D,D,D,D,D,D,D,D,D,D,D,D,0.9,equalize
388,rotate0,5,E,E,E,E,E,E,E,E,E,E,E,E,E,E,E,E,E,E,E,E,0.95,equalize
388,rotate0,6,skip,skip,skip,skip,skip,skip,skip,skip,skip,skip,skip,skip,skip,skip,skip,skip,skip,skip,skip,skip,0.0,equalize
389,rotate0,1,A,A,A,A,A,A,A,A,A,A,A,A,A,A,A,A,A,A,A,A,0.75,rotate0
389,equalize,2,B,C,D,B,A,B,D,B,A,B,D,B,A,B,D,B,A,B,D,B,0.5,rotate0
389,rotate0,3,C,C,C,C,C,C,C,C,C,C,C,C,C,C,C,C,C,C,C,C,0.75,rotate0
389,rotate0,4,D,D,D,D,D,D,D,D,D,D,D,D,D,D,D,D,D,D,D,D,0.75,rotate0
389,rotate0,5,E,E,E,E,E,E,E,E,E,E,E,E,E,E,E,E,E,E,E,E,0.75,rotate0
389,equalize,6,skip,A,B,E,B,C,B,E,B,C,B,E,B,C,B,E,B,C,B,E,0.45,rotate0
390,equalize,1,A,B,A,A,A,A,A,A,A,A,A,A,A,A,A,A,A,A,A,A,0.95,equalize
390,rotate0,2,B,B,B,B,B,B,B,B,B,B,B,B,B,B,B,B,B,B,B,B,0.95,equalize
390,rotate0,3,C,C,C,C,C,C,C,C,C,C,C,C,C,C,C,C,C,C,C,C,1.0,equalize
390,rotate0,4,D,D,D,D,D,D,D,D,D,D,D,D,D,D,D,D,D,D,D,D,1.0,equalize
390,equalize,5,E,skip,E,E,E,E,E,E,E,E,E,E,E,E,E,E,E,E,E,E,0.95,equalize
390,rotate0,6,skip,skip,skip,skip,skip,skip,skip,skip,skip,skip,skip,skip,skip,skip,skip,skip,skip,skip,skip,skip,0.0,equalize
391,caste,1,A,A,B,C,C,E,A,A,D,D,C,A,B,B,A,E,C,B,E,E,0.5,caste
391,equalize,2,B,C,A,C,D,E,C,A,B,D,E,A,C,B,D,E,A,B,C,E,0.1,caste
391,equalize,3,C,D,B,B,A,B,D,E,C,A,B,D,E,A,C,B,D,E,A,B,0.05,caste
391,caste,4,D,D,C,B,E,B,B,E,E,A,A,D,D,A,E,B,B,E,D,B,0.5,caste
391,caste,5,E,E,A,D,A,C,D,B,C,E,B,C,E,D,C,A,D,C,A,D,0.55,caste
391,caste,6,skip,skip,E,E,D,A,C,D,B,C,E,B,C,E,D,C,A,D,C,A,0.5,caste
392,caste,1,A,A,E,C,A,D,D,A,E,D,D,E,E,D,D,A,A,D,C,A,0.5,caste
392,caste,2,B,B,C,E,B,B,C,C,B,A,C,B,A,C,B,E,C,B,E,D,0.55,caste
392,equalize,3,C,D,B,D,E,A,B,D,C,E,A,D,B,E,C,D,E,A,B,C,0.05,caste
392,caste,4,D,D,A,D,C,A,E,D,A,E,B,D,C,E,E,D,B,A,D,C,0.5,caste
392,caste,5,E,E,B,A,E,E,B,E,C,B,A,C,B,A,C,B,E,C,B,E,0.55,caste
392,equalize,6,skip,A,C,C,B,D,C,A,B,D,C,E,A,D,B,A,C,D,E,A,0.0,caste
393,caste,1,A,A,C,B,B,E,C,B,E,E,B,B,E,E,B,D,E,E,C,C,0.5,caste
393,caste,2,B,B,A,D,A,A,D,C,A,D,C,A,D,C,A,B,C,A,B,D,0.55,caste
393,equalize,3,C,D,A,B,D,E,A,B,C,E,D,B,A,E,C,D,B,E,A,C,0.1,caste
393,equalize,4,D,E,C,C,A,C,D,E,A,B,C,E,D,B,A,E,C,D,B,E,0.05,caste
393,caste,5,E,E,B,C,E,C,B,E,D,B,A,E,C,B,D,E,A,D,D,E,0.5,caste
393,caste,6,skip,skip,D,E,D,B,A,D,C,A,D,C,A,D,C,A,B,C,A,B,0.5,caste
394,caste,1,A,A,B,B,A,D,A,A,C,D,A,E,B,B,E,E,B,B,E,E,0.5,caste
394,equalize,2,B,C,B,A,D,B,C,D,E,A,B,D,C,E,A,B,D,E,C,B,0.05,caste
394,caste,3,C,C,A,A,E,B,B,D,D,A,E,D,D,E,C,B,A,E,D,B,0.5,caste
394,caste,4,D,D,E,C,D,E,C,B,E,C,B,A,C,D,A,C,D,A,C,D,0.55,caste
394,equalize,5,E,skip,E,B,C,D,E,A,B,D,C,E,A,B,D,E,C,B,A,E,0.05,caste
394,caste,6,skip,skip,D,E,C,A,E,C,B,E,C,B,A,C,D,A,C,D,A,C,0.5,caste
395,caste,1,A,A,C,C,A,E,C,C,B,E,C,D,A,A,D,B,A,A,B,B,0.5,caste
395,caste,2,B,B,E,B,E,D,B,A,D,B,A,C,B,E,C,D,E,C,D,E,0.55,caste
395,equalize,3,C,D,C,A,E,C,B,E,D,C,A,E,B,D,C,A,E,B,D,A,0.05,caste
395,caste,4,D,D,A,A,D,C,A,E,E,C,D,E,E,D,B,A,C,B,E,A,0.5,caste
395,equalize,5,E,skip,E,C,B,E,D,C,A,E,B,D,C,A,E,B,D,A,C,B,0.05,caste
395,caste,6,skip,skip,B,D,B,A,D,B,A,D,B,A,C,B,E,C,D,E,C,D,0.5,caste
396,caste,1,A,A,D,D,D,E,E,E,A,B,B,D,E,C,D,A,C,B,A,E,0.5,caste
396,caste,2,B,B,E,C,B,D,B,C,D,A,C,B,A,E,B,D,E,C,D,A,0.55,caste
396,caste,3,C,C,B,E,C,C,D,B,C,D,A,C,B,A,E,B,D,E,C,D,0.55,caste
396,caste,4,D,D,C,A,E,A,C,A,B,E,D,E,C,D,A,C,B,A,E,B,0.55,caste
396,equalize,5,E,skip,B,D,C,E,D,E,C,B,A,D,B,C,E,A,D,B,C,E,0.05,caste
396,equalize,6,skip,A,E,A,B,A,B,A,D,E,C,E,A,D,B,C,E,A,D,B,0.0,caste
397,equalize,1,A,B,B,C,D,E,C,B,A,E,D,B,C,E,A,D,B,E,C,D,0.1,caste
397,equalize,2,B,C,A,A,B,C,D,E,C,B,A,E,D,B,C,E,A,D,B,E,0.05,caste
397,caste,3,C,C,D,A,E,C,B,E,E,B,B,E,E,B,D,E,E,D,D,E,0.5,caste
397,caste,4,D,D,A,C,A,E,A,B,D,E,C,B,A,E,B,D,C,E,A,D,0.5,caste
397,caste,5,E,E,B,D,B,B,D,A,C,D,A,C,D,A,C,B,A,C,B,A,0.55,caste
397,caste,6,skip,skip,E,E,D,A,C,D,A,C,D,A,C,D,A,C,B,A,C,B,0.5,caste
398,equalize,1,A,B,A,A,B,C,E,D,B,C,A,D,E,B,C,A,E,D,C,B,0.05,caste
398,caste,2,B,B,C,E,E,B,B,A,A,B,E,C,C,E,E,C,C,E,E,C,0.5,caste
398,equalize,3,C,D,C,C,E,D,B,C,A,D,E,B,C,A,E,D,C,B,E,A,0.05,caste
398,caste,4,D,D,E,A,D,C,C,D,D,C,B,D,A,B,D,A,B,D,A,B,0.5,caste
398,caste,5,E,E,A,C,A,D,A,C,E,D,C,B,D,A,B,D,A,B,D,A,0.5,caste
398,caste,6,skip,skip,B,D,B,A,E,E,B,E,A,A,E,D,C,B,E,A,C,D,0.5,caste
399,equalize,1,A,B,C,B,D,E,A,B,C,E,D,A,B,C,E,D,A,B,C,E,0.05,caste
399,caste,2,B,B,E,E,C,B,E,E,B,A,E,C,A,D,C,B,D,E,B,A,0.5,caste
399,caste,3,C,C,C,D,D,C,A,D,C,B,D,E,B,A,E,C,A,D,C,B,0.55,caste
399,caste,4,D,D,A,C,A,D,C,A,D,C,B,D,E,B,A,E,C,A,D,C,0.55,caste
399,caste,5,E,E,D,B,B,E,D,B,A,E,C,A,D,C,B,D,E,B,A,E,0.55,caste
399,equalize,6,skip,A,A,E,A,B,C,E,D,A,B,C,E,D,A,B,C,E,D,A,0.05,caste
400,caste,1,A,A,B,A,A,E,C,B,D,D,A,A,C,C,A,E,B,B,E,E,0.5,caste
400,equalize,2,B,C,B,B,C,B,D,E,A,B,C,D,E,A,B,C,D,E,A,B,0.05,caste
400,caste,3,C,C,D,E,D,C,A,D,C,A,E,C,B,E,D,B,A,D,C,A,0.5,caste
400,equalize,4,D,E,D,A,D,E,A,B,C,D,E,A,B,C,D,E,A,B,C,E,0.05,caste
400,caste,5,E,E,A,B,E,B,B,E,E,B,B,D,D,A,E,C,C,E,D,B,0.5,caste
400,caste,6,skip,skip,C,D,C,A,D,C,A,E,C,B,E,D,B,A,D,C,A,D,0.5,caste
401,caste,1,A,A,D,B,C,C,B,A,C,D,D,E,A,D,E,A,D,B,A,C,0.5,caste
401,caste,2,B,B,A,D,A,E,D,B,E,C,B,B,C,C,B,E,C,D,E,A,0.55,caste
401,caste,3,C,C,B,E,D,A,E,D,B,E,C,D,B,A,C,B,E,C,D,E,0.55,caste
401,equalize,4,D,E,A,B,D,C,E,A,B,D,C,E,B,D,C,A,E,B,D,C,0.1,caste
401,equalize,5,E,skip,D,E,A,B,D,C,E,A,B,A,C,E,B,D,C,A,E,B,0.05,caste
401,caste,6,skip,skip,C,C,E,B,A,C,D,A,E,A,D,E,A,D,B,A,C,B,0.5,caste
402,caste,1,A,A,C,C,B,D,A,B,D,A,C,D,E,C,B,E,A,B,D,A,0.5,caste
402,caste,2,B,B,D,E,A,C,E,E,C,B,E,A,B,D,A,C,D,E,C,B,0.55,caste
402,caste,3,C,C,B,B,E,A,C,D,E,C,B,E,A,B,D,A,C,D,E,C,0.55,caste
402,equalize,4,D,E,B,D,E,B,C,A,E,D,B,C,A,E,D,B,C,A,E,D,0.05,caste
402,caste,5,E,E,A,D,C,B,D,A,B,D,A,C,D,E,C,B,E,A,B,D,0.5,caste
402,equalize,6,skip,A,D,C,A,D,E,B,C,A,E,D,B,C,A,E,D,B,C,A,0.0,caste
403,equalize,1,A,B,A,A,B,D,E,C,A,B,E,D,C,A,E,B,C,D,E,A,0.05,caste
403,caste,2,B,B,D,E,E,B,A,E,E,A,C,E,E,C,C,E,E,C,B,E,0.5,caste
403,caste,3,C,C,A,D,A,C,D,B,C,D,B,A,D,B,A,D,B,A,D,C,0.5,caste
403,equalize,4,D,E,D,D,E,C,A,B,E,D,C,A,E,B,C,D,E,A,B,C,0.05,caste
403,caste,5,E,E,C,A,C,D,B,C,D,B,A,D,B,A,D,B,A,D,C,A,0.5,caste
403,caste,6,skip,skip,B,C,B,A,E,D,A,C,E,B,C,D,E,A,C,B,E,D,0.5,caste
404,caste,1,A,A,E,C,C,E,E,C,D,E,E,D,D,E,E,D,D,E,B,D,0.5,caste
404,equalize,2,B,C,D,E,B,C,A,E,B,D,C,E,A,D,B,E,C,D,A,B,0.05,caste
404,caste,3,C,C,A,E,A,C,B,E,C,D,A,E,B,D,C,E,A,D,E,B,0.5,caste
404,caste,4,D,D,B,B,D,A,D,B,A,C,B,A,C,B,A,C,B,A,C,E,0.55,caste
404,caste,5,E,E,D,A,B,B,A,D,B,A,C,B,A,C,B,A,C,B,A,C,0.55,caste
404,equalize,6,skip,A,B,C,D,E,D,C,A,E,B,D,C,E,A,D,B,E,C,D,0.0,caste
405,equalize,1,A,B,A,A,D,B,C,D,E,B,A,D,C,E,B,D,A,E,C,D,0.05,caste
405,caste,2,B,B,C,A,E,B,B,D,D,B,E,D,D,E,E,D,D,E,E,D,0.5,caste
405,caste,3,C,C,A,B,A,D,A,B,C,D,B,E,A,D,C,E,B,D,A,E,0.5,caste
405,caste,4,D,D,E,C,D,E,C,A,E,C,A,B,C,A,B,C,A,B,C,A,0.55,caste
405,equalize,5,E,skip,E,B,C,D,E,B,A,D,C,E,B,D,A,E,C,D,B,E,0.05,caste
405,caste,6,skip,skip,D,E,C,A,E,C,A,E,C,A,B,C,A,B,C,A,B,C,0.5,caste
406,equalize,1,A,B,A,C,D,skip,A,C,D,B,E,skip,D,C,B,E,A,skip,D,B,0.85,draw
406,equalize,2,B,C,D,E,skip,A,C,D,B,E,skip,D,C,B,E,A,skip,D,B,C,0.85,draw
406,equalize,3,C,D,E,skip,A,C,D,B,E,skip,D,C,B,E,A,skip,D,B,C,E,0.85,draw
406,equalize,4,D,E,skip,A,C,D,B,E,skip,D,C,B,E,A,skip,D,B,C,E,A,0.85,draw
406,equalize,5,E,skip,B,B,B,B,E,skip,C,C,B,E,A,skip,D,B,C,E,A,skip,0.8,draw
406,equalize,6,skip,A,C,D,E,E,skip,A,A,A,A,A,skip,D,C,C,E,A,skip,D,0.8,draw
407,equalize,1,A,B,A,C,D,skip,A,C,D,B,E,skip,D,C,B,E,A,skip,D,B,0.85,draw
407,equalize,2,B,C,D,E,skip,A,C,D,B,E,skip,D,C,B,E,A,skip,D,B,C,0.85,draw
407,equalize,3,C,D,E,skip,A,C,D,B,E,skip,D,C,B,E,A,skip,D,B,C,E,0.85,draw
407,equalize,4,D,E,skip,A,C,D,B,E,skip,D,C,B,E,A,skip,D,B,C,E,A,0.85,draw
407,equalize,5,E,skip,B,B,B,B,E,skip,C,C,B,E,A,skip,D,B,C,E,A,skip,0.8,draw
407,equalize,6,skip,A,C,D,E,E,skip,A,A,A,A,A,skip,D,C,C,E,A,skip,D,0.8,draw
408,equalize,1,A,B,A,C,D,skip,A,C,D,B,E,skip,D,C,B,E,A,skip,D,B,0.85,draw
408,equalize,2,B,C,D,E,skip,A,C,D,B,E,skip,D,C,B,E,A,skip,D,B,C,0.85,draw
408,equalize,3,C,D,E,skip,A,C,D,B,E,skip,D,C,B,E,A,skip,D,B,C,E,0.85,draw
408,equalize,4,D,E,skip,A,C,D,B,E,skip,D,C,B,E,A,skip,D,B,C,E,A,0.85,draw
408,equalize,5,E,skip,B,B,B,B,E,skip,C,C,B,E,A,skip,D,B,C,E,A,skip,0.8,draw
408,equalize,6,skip,A,C,D,E,E,skip,A,A,A,A,A,skip,D,C,C,E,A,skip,D,0.8,draw
409,equalize,1,A,B,A,C,D,skip,A,C,D,B,E,skip,D,C,B,E,A,skip,D,B,0.85,draw
409,equalize,2,B,C,D,E,skip,A,C,D,B,E,skip,D,C,B,E,A,skip,D,B,C,0.85,draw
409,equalize,3,C,D,E,skip,A,C,D,B,E,skip,D,C,B,E,A,skip,D,B,C,E,0.85,draw
409,equalize,4,D,E,skip,A,C,D,B,E,skip,D,C,B,E,A,skip,D,B,C,E,A,0.85,draw
409,equalize,5,E,skip,B,B,B,B,E,skip,C,C,B,E,A,skip,D,B,C,E,A,skip,0.8,draw
409,equalize,6,skip,A,C,D,E,E,skip,A,A,A,A,A,skip,D,C,C,E,A,skip,D,0.8,draw
410,equalize,1,A,B,A,C,D,skip,A,C,D,B,E,skip,D,C,B,E,A,skip,D,B,0.85,draw
410,equalize,2,B,C,D,E,skip,A,C,D,B,E,skip,D,C,B,E,A,skip,D,B,C,0.85,draw
410,equalize,3,C,D,E,skip,A,C,D,B,E,skip,D,C,B,E,A,skip,D,B,C,E,0.85,draw
410,equalize,4,D,E,skip,A,C,D,B,E,skip,D,C,B,E,A,skip,D,B,C,E,A,0.85,draw
410,equalize,5,E,skip,B,B,B,B,E,skip,C,C,B,E,A,skip,D,B,C,E,A,skip,0.8,draw
410,equalize,6,skip,A,C,D,E,E,skip,A,A,A,A,A,skip,D,C,C,E,A,skip,D,0.8,draw
411,equalize,1,A,B,A,C,D,skip,A,C,D,B,E,skip,D,C,B,E,A,skip,D,B,0.85,draw
411,equalize,2,B,C,D,E,skip,A,C,D,B,E,skip,D,C,B,E,A,skip,D,B,C,0.85,draw
411,equalize,3,C,D,E,skip,A,C,D,B,E,skip,D,C,B,E,A,skip,D,B,C,E,0.85,draw
411,equalize,4,D,E,skip,A,C,D,B,E,skip,D,C,B,E,A,skip,D,B,C,E,A,0.85,draw
411,equalize,5,E,skip,B,B,B,B,E,skip,C,C,B,E,A,skip,D,B,C,E,A,skip,0.8,draw
411,equalize,6,skip,A,C,D,E,E,skip,A,A,A,A,A,skip,D,C,C,E,A,skip,D,0.8,draw
412,equalize,1,A,B,A,C,D,skip,A,C,D,B,E,skip,D,C,B,E,A,skip,D,B,0.85,draw
412,equalize,2,B,C,D,E,skip,A,C,D,B,E,skip,D,C,B,E,A,skip,D,B,C,0.85,draw
412,equalize,3,C,D,E,skip,A,C,D,B,E,skip,D,C,B,E,A,skip,D,B,C,E,0.85,draw
412,equalize,4,D,E,skip,A,C,D,B,E,skip,D,C,B,E,A,skip,D,B,C,E,A,0.85,draw
412,equalize,5,E,skip,B,B,B,B,E,skip,C,C,B,E,A,skip,D,B,C,E,A,skip,0.8,draw
412,equalize,6,skip,A,C,D,E,E,skip,A,A,A,A,A,skip,D,C,C,E,A,skip,D,0.8,draw
413,equalize,1,A,B,A,C,D,skip,A,C,D,B,E,skip,D,C,B,E,A,skip,D,B,0.85,draw
413,equalize,2,B,C,D,E,skip,A,C,D,B,E,skip,D,C,B,E,A,skip,D,B,C,0.85,draw
413,equalize,3,C,D,E,skip,A,C,D,B,E,skip,D,C,B,E,A,skip,D,B,C,E,0.85,draw
413,equalize,4,D,E,skip,A,C,D,B,E,skip,D,C,B,E,A,skip,D,B,C,E,A,0.85,draw
413,equalize,5,E,skip,B,B,B,B,E,skip,C,C,B,E,A,skip,D,B,C,E,A,skip,0.8,draw
413,equalize,6,skip,A,C,D,E,E,skip,A,A,A,A,A,skip,D,C,C,E,A,skip,D,0.8,draw
414,equalize,1,A,B,A,C,D,skip,A,C,D,B,E,skip,D,C,B,E,A,skip,D,B,0.85,draw
414,equalize,2,B,C,D,E,skip,A,C,D,B,E,skip,D,C,B,E,A,skip,D,B,C,0.85,draw
414,equalize,3,C,D,E,skip,A,C,D,B,E,skip,D,C,B,E,A,skip,D,B,C,E,0.85,draw
414,equalize,4,D,E,skip,A,C,D,B,E,skip,D,C,B,E,A,skip,D,B,C,E,A,0.85,draw
414,equalize,5,E,skip,B,B,B,B,E,skip,C,C,B,E,A,skip,D,B,C,E,A,skip,0.8,draw
414,equalize,6,skip,A,C,D,E,E,skip,A,A,A,A,A,skip,D,C,C,E,A,skip,D,0.8,draw
415,equalize,1,A,B,A,C,D,skip,A,C,D,B,E,skip,D,C,B,E,A,skip,D,B,0.85,draw
415,equalize,2,B,C,D,E,skip,A,C,D,B,E,skip,D,C,B,E,A,skip,D,B,C,0.85,draw
415,equalize,3,C,D,E,skip,A,C,D,B,E,skip,D,C,B,E,A,skip,D,B,C,E,0.85,draw
415,equalize,4,D,E,skip,A,C,D,B,E,skip,D,C,B,E,A,skip,D,B,C,E,A,0.85,draw
415,equalize,5,E,skip,B,B,B,B,E,skip,C,C,B,E,A,skip,D,B,C,E,A,skip,0.8,draw
415,equalize,6,skip,A,C,D,E,E,skip,A,A,A,A,A,skip,D,C,C,E,A,skip,D,0.8,draw
416,equalize,1,A,B,A,C,D,skip,A,C,D,B,E,skip,D,C,B,E,A,skip,D,B,0.85,draw
416,equalize,2,B,C,D,E,skip,A,C,D,B,E,skip,D,C,B,E,A,skip,D,B,C,0.85,draw
416,equalize,3,C,D,E,skip,A,C,D,B,E,skip,D,C,B,E,A,skip,D,B,C,E,0.85,draw
416,equalize,4,D,E,skip,A,C,D,B,E,skip,D,C,B,E,A,skip,D,B,C,E,A,0.85,draw
416,equalize,5,E,skip,B,B,B,B,E,skip,C,C,B,E,A,skip,D,B,C,E,A,skip,0.8,draw
416,equalize,6,skip,A,C,D,E,E,skip,A,A,A,A,A,skip,D,C,C,E,A,skip,D,0.8,draw
417,equalize,1,A,B,A,C,D,skip,A,C,D,B,E,skip,D,C,B,E,A,skip,D,B,0.85,draw
417,equalize,2,B,C,D,E,skip,A,C,D,B,E,skip,D,C,B,E,A,skip,D,B,C,0.85,draw
417,equalize,3,C,D,E,skip,A,C,D,B,E,skip,D,C,B,E,A,skip,D,B,C,E,0.85,draw
417,equalize,4,D,E,skip,A,C,D,B,E,skip,D,C,B,E,A,skip,D,B,C,E,A,0.85,draw
417,equalize,5,E,skip,B,B,B,B,E,skip,C,C,B,E,A,skip,D,B,C,E,A,skip,0.8,draw
417,equalize,6,skip,A,C,D,E,E,skip,A,A,A,A,A,skip,D,C,C,E,A,skip,D,0.8,draw
418,equalize,1,A,B,A,C,D,skip,A,C,D,B,E,skip,D,C,B,E,A,skip,D,B,0.85,draw
418,equalize,2,B,C,D,E,skip,A,C,D,B,E,skip,D,C,B,E,A,skip,D,B,C,0.85,draw
418,equalize,3,C,D,E,skip,A,C,D,B,E,skip,D,C,B,E,A,skip,D,B,C,E,0.85,draw
418,equalize,4,D,E,skip,A,C,D,B,E,skip,D,C,B,E,A,skip,D,B,C,E,A,0.85,draw
418,equalize,5,E,skip,B,B,B,B,E,skip,C,C,B,E,A,skip,D,B,C,E,A,skip,0.8,draw
418,equalize,6,skip,A,C,D,E,E,skip,A,A,A,A,A,skip,D,C,C,E,A,skip,D,0.8,draw
419,equalize,1,A,B,A,C,D,skip,A,C,D,B,E,skip,D,C,B,E,A,skip,D,B,0.85,draw
419,equalize,2,B,C,D,E,skip,A,C,D,B,E,skip,D,C,B,E,A,skip,D,B,C,0.85,draw
419,equalize,3,C,D,E,skip,A,C,D,B,E,skip,D,C,B,E,A,skip,D,B,C,E,0.85,draw
419,equalize,4,D,E,skip,A,C,D,B,E,skip,D,C,B,E,A,skip,D,B,C,E,A,0.85,draw
419,equalize,5,E,skip,B,B,B,B,E,skip,C,C,B,E,A,skip,D,B,C,E,A,skip,0.8,draw
419,equalize,6,skip,A,C,D,E,E,skip,A,A,A,A,A,skip,D,C,C,E,A,skip,D,0.8,draw
420,equalize,1,A,B,A,C,D,skip,A,C,D,B,E,skip,D,C,B,E,A,skip,D,B,0.85,draw
420,equalize,2,B,C,D,E,skip,A,C,D,B,E,skip,D,C,B,E,A,skip,D,B,C,0.85,draw
420,equalize,3,C,D,E,skip,A,C,D,B,E,skip,D,C,B,E,A,skip,D,B,C,E,0.85,draw
420,equalize,4,D,E,skip,A,C,D,B,E,skip,D,C,B,E,A,skip,D,B,C,E,A,0.85,draw
420,equalize,5,E,skip,B,B,B,B,E,skip,C,C,B,E,A,skip,D,B,C,E,A,skip,0.8,draw
420,equalize,6,skip,A,C,D,E,E,skip,A,A,A,A,A,skip,D,C,C,E,A,skip,D,0.8,draw
421,random,1,D,D,C,B,E,skip,skip,B,D,E,E,E,C,E,B,A,skip,skip,B,D,0.3,turntaking
421,turntaking,2,A,B,C,C,D,D,D,C,D,C,D,D,D,D,D,C,E,C,E,C,0.45,turntaking
421,turntaking,3,B,D,A,A,A,A,A,D,A,D,A,A,A,A,A,A,C,D,A,D,0.25,turntaking
421,random,4,B,C,E,A,E,A,A,A,A,C,skip,C,skip,A,D,skip,C,E,A,C,0.1,turntaking
421,random,5,A,C,A,B,D,skip,E,C,E,D,C,C,C,D,D,D,A,skip,A,C,0.1,turntaking
421,random,6,D,A,E,D,skip,C,D,skip,E,B,A,skip,skip,D,B,D,A,D,E,A,0.25,turntaking
422,random,1,E,D,A,B,A,A,C,skip,D,skip,C,B,A,D,B,E,E,D,B,B,0.15,turntaking
422,random,2,skip,B,skip,B,D,B,A,E,D,B,D,skip,D,D,C,D,C,D,A,B,0.35,turntaking
422,turntaking,3,B,A,A,D,D,D,D,B,A,E,B,E,E,A,A,B,B,B,B,B,0.55,turntaking
422,random,4,D,skip,A,D,A,E,D,A,C,D,skip,B,B,E,D,D,D,E,skip,A,0.35,turntaking
422,random,5,A,D,skip,B,B,skip,C,D,D,B,B,E,A,E,D,D,B,E,skip,B,0.1,turntaking
422,turntaking,6,E,E,D,E,A,A,A,D,D,A,A,A,C,B,B,A,A,E,A,A,0.5,turntaking
423,random,1,B,B,B,C,E,A,C,E,B,A,skip,A,skip,B,A,skip,A,D,C,D,0.4,turntaking
423,random,2,A,skip,E,A,skip,B,skip,B,skip,skip,C,B,B,D,B,D,B,A,E,C,0.25,turntaking
423,turntaking,3,B,A,A,E,B,B,C,B,C,C,B,A,A,B,C,C,B,C,B,C,0.55,turntaking
423,turntaking,4,C,C,C,A,A,A,A,A,A,A,C,C,C,A,A,A,C,A,C,A,0.35,turntaking
423,random,5,A,C,C,skip,C,skip,D,E,D,B,E,C,D,E,D,C,B,skip,E,E,0.35,turntaking
423,random,6,E,C,C,A,skip,E,C,B,A,skip,E,D,B,E,A,A,skip,B,skip,A,0.2,turntaking
424,random,1,D,E,skip,C,A,B,D,B,C,A,skip,D,D,C,E,C,E,E,C,A,0.35,turntaking
424,turntaking,2,A,C,C,B,C,C,D,D,C,D,D,C,C,C,C,C,D,C,C,B,0.55,turntaking
424,random,3,B,skip,D,B,B,D,B,E,B,skip,A,E,skip,C,B,C,D,D,A,A,0.2,turntaking
424,random,4,B,B,C,B,D,A,E,E,E,C,E,E,skip,A,E,C,E,A,skip,A,0.25,turntaking
424,turntaking,5,D,B,B,D,A,D,B,C,B,C,B,B,B,B,B,B,B,B,B,C,0.5,turntaking
424,random,6,C,C,C,skip,A,E,C,E,E,A,skip,B,A,A,D,B,skip,D,D,A,0.3,turntaking
425,random,1,E,skip,B,C,A,A,skip,A,skip,C,skip,D,D,B,D,E,A,C,E,A,0.25,turntaking
425,random,2,C,E,B,E,skip,C,A,E,skip,skip,C,C,B,A,B,skip,D,A,E,skip,0.25,turntaking
425,turntaking,3,B,D,C,E,E,C,C,E,C,C,E,C,A,C,C,C,C,C,E,C,0.5,turntaking
425,random,4,A,A,E,D,C,skip,E,B,D,E,D,C,D,skip,E,B,skip,skip,A,B,0.5,turntaking
425,turntaking,5,D,A,A,C,A,A,A,C,A,A,C,A,E,A,A,A,A,A,C,D,0.5,turntaking
425,random,6,A,C,skip,A,B,B,C,B,B,A,E,D,D,E,E,skip,C,D,skip,A,0.35,turntaking
426,random,1,E,skip,D,D,D,C,C,skip,skip,D,D,C,C,D,A,skip,D,skip,A,skip,0.15,turntaking
426,random,2,B,B,A,A,E,E,C,E,skip,B,E,A,A,E,skip,C,E,C,C,skip,0.35,turntaking
426,random,3,A,B,skip,D,E,C,D,B,E,C,A,skip,skip,E,D,E,D,B,E,C,0.25,turntaking
426,random,4,E,E,D,C,C,A,B,C,E,D,E,E,B,A,skip,C,C,skip,A,A,0.45,turntaking
426,turntaking,5,D,A,B,B,E,A,D,D,D,B,C,B,C,D,B,D,D,D,D,C,0.6,turntaking
426,turntaking,6,E,D,E,D,D,E,E,E,E,D,B,D,B,E,D,E,E,E,E,D,0.35,turntaking
427,turntaking,1,skip,A,E,C,A,A,D,D,C,D,A,D,D,D,D,D,C,D,A,A,0.3,turntaking
427,turntaking,2,A,D,C,D,D,E,C,C,E,C,C,C,C,C,C,C,A,A,B,E,0.35,turntaking
427,random,3,D,D,E,C,D,A,B,D,E,B,skip,B,C,A,D,A,A,B,C,A,0.25,turntaking
427,random,4,C,D,skip,C,E,A,C,D,A,C,C,B,skip,skip,B,D,C,C,skip,skip,0.2,turntaking
427,random,5,A,A,A,A,D,A,C,A,E,B,D,A,E,E,skip,C,C,skip,skip,E,0.35,turntaking
427,random,6,D,A,D,E,B,skip,A,C,C,D,C,B,A,D,B,D,A,D,B,C,0.3,turntaking
428,turntaking,1,skip,E,D,E,E,B,E,B,B,E,D,E,A,A,E,E,E,D,D,D,0.5,turntaking
428,random,2,A,skip,E,E,D,A,B,D,A,skip,B,C,B,C,skip,C,skip,E,C,C,0.2,turntaking
428,turntaking,3,B,B,A,D,B,D,B,D,E,B,E,B,D,E,B,B,B,B,B,B,0.4,turntaking
428,random,4,skip,D,E,D,E,skip,D,B,E,D,E,B,B,D,A,E,E,A,C,A,0.2,turntaking
428,random,5,B,E,B,E,D,E,B,skip,A,D,D,E,D,D,D,C,E,E,skip,skip,0.1,turntaking
428,random,6,A,D,B,A,B,C,E,A,C,B,C,skip,skip,skip,C,B,E,E,B,C,0.3,turntaking
429,turntaking,1,skip,D,D,A,E,E,A,A,A,A,A,A,E,E,E,A,A,A,A,E,0.45,turntaking
429,random,2,D,E,C,skip,B,D,A,skip,C,B,B,A,E,E,E,C,E,D,D,C,0.2,turntaking
429,random,3,D,B,skip,skip,D,A,skip,skip,D,C,A,E,A,A,skip,B,C,skip,B,A,0.25,turntaking
429,random,4,C,skip,E,A,A,A,B,E,C,B,D,D,D,B,C,D,B,B,E,E,0.35,turntaking
429,random,5,A,E,D,A,A,B,skip,B,skip,skip,C,A,D,A,C,B,E,A,C,C,0.25,turntaking
429,turntaking,6,E,E,E,D,D,D,D,D,D,D,D,D,A,A,D,D,D,D,D,A,0.35,turntaking
430,random,1,E,D,A,C,A,D,A,E,A,C,D,A,D,E,C,E,B,D,B,E,0.3,turntaking
430,turntaking,2,A,C,B,D,D,C,D,B,C,B,B,B,B,C,C,B,C,D,C,C,0.55,turntaking
430,random,3,skip,C,E,E,B,A,E,A,D,C,E,A,B,D,C,A,B,D,A,skip,0.35,turntaking
430,turntaking,4,C,D,D,B,C,D,B,C,D,D,D,D,D,B,B,D,B,B,B,B,0.5,turntaking
430,random,5,D,C,B,D,B,B,C,B,skip,skip,A,skip,D,E,D,C,skip,D,D,C,0.3,turntaking
430,random,6,B,C,E,E,E,B,skip,B,A,D,C,D,B,B,C,E,C,A,skip,E,0.2,turntaking
431,random,1,E,E,skip,D,skip,B,C,B,B,skip,D,E,D,skip,C,E,A,E,skip,A,0.4,turntaking
431,random,2,D,B,B,D,C,B,skip,skip,C,E,C,A,skip,A,B,skip,skip,E,D,E,0.2,turntaking
431,random,3,skip,D,B,D,D,C,D,E,C,A,C,D,E,C,D,A,E,E,skip,A,0.3,turntaking
431,turntaking,4,C,B,E,C,E,E,C,C,B,C,E,B,C,C,B,B,B,C,B,B,0.75,turntaking
431,turntaking,5,D,D,B,D,B,B,E,E,D,D,C,D,B,D,D,D,D,D,D,D,0.45,turntaking
431,random,6,B,D,C,E,D,B,B,D,C,B,D,C,B,skip,E,skip,skip,skip,E,E,0.45,turntaking
432,random,1,B,skip,E,C,D,B,B,C,C,E,D,C,C,C,D,D,B,skip,B,skip,0.35,turntaking
432,random,2,E,C,skip,C,skip,skip,C,D,A,C,skip,E,C,C,A,skip,skip,skip,A,D,0.15,turntaking
432,random,3,C,A,A,skip,C,D,E,skip,A,E,E,skip,B,E,C,C,E,C,D,A,0.3,turntaking
432,turntaking,4,C,C,C,C,E,D,C,C,C,D,D,D,D,D,D,D,D,C,C,C,0.4,turntaking
432,random,5,skip,D,skip,skip,A,A,E,D,skip,C,C,A,skip,A,B,E,D,A,E,A,0.4,turntaking
432,turntaking,6,E,E,D,D,D,E,D,D,D,E,E,A,E,E,E,E,E,D,D,D,0.45,turntaking
433,turntaking,1,skip,B,B,E,E,E,B,E,B,B,B,B,E,E,B,E,B,B,E,B,0.3,turntaking
433,random,2,A,C,B,E,B,skip,B,D,D,E,D,skip,D,B,B,A,D,skip,E,A,0.25,turntaking
433,random,3,skip,B,skip,E,C,A,D,C,C,C,skip,D,A,skip,D,A,E,A,skip,D,0.2,turntaking
433,turntaking,4,C,E,E,A,B,B,E,B,A,A,A,E,D,D,D,B,D,D,B,D,0.55,turntaking
433,random,5,E,A,E,D,C,A,E,E,E,B,D,E,D,B,C,E,D,A,skip,A,0.25,turntaking
433,random,6,B,B,D,A,D,A,D,E,C,D,B,B,E,E,E,A,E,skip,C,D,0.3,turntaking
434,random,1,E,skip,E,E,B,B,B,B,B,D,C,E,B,skip,A,skip,A,D,B,B,0.25,turntaking
434,turntaking,2,A,D,D,B,B,C,C,B,B,C,D,E,C,B,C,C,B,E,E,A,0.4,turntaking
434,random,3,skip,C,B,E,E,E,D,A,B,B,B,C,E,B,A,A,A,D,D,A,0.3,turntaking
434,random,4,C,D,C,D,A,B,skip,E,B,C,A,A,C,C,B,D,B,D,E,E,0.4,turntaking
434,random,5,E,skip,B,B,C,skip,E,A,A,E,C,B,A,D,B,E,C,C,E,E,0.3,turntaking
434,turntaking,6,E,C,C,C,E,E,E,C,E,E,C,B,E,E,E,E,E,B,B,C,0.4,turntaking
435,turntaking,1,skip,A,A,A,A,A,A,B,A,C,B,C,C,B,B,B,C,C,C,C,0.35,turntaking
435,random,2,C,skip,D,A,C,B,D,D,A,B,B,E,E,B,skip,E,B,B,skip,B,0.25,turntaking
435,random,3,skip,C,C,C,E,B,A,E,skip,D,D,E,E,C,C,B,B,A,D,C,0.35,turntaking
435,random,4,B,A,A,B,C,B,C,C,B,skip,D,C,E,C,D,C,E,E,skip,E,0.45,turntaking
435,turntaking,5,D,D,B,C,C,B,C,A,C,B,C,B,B,A,A,A,B,B,B,B,0.5,turntaking
435,random,6,A,C,B,skip,D,C,E,skip,A,B,E,E,D,skip,A,skip,C,C,skip,B,0.3,turntaking
436,rotate,1,A,B,C,D,E,skip,A,B,C,D,E,skip,A,B,C,D,E,skip,A,B,0.4,rotate
436,turntaking,2,A,A,A,E,A,E,E,E,E,B,E,E,A,E,A,A,E,A,E,A,0.2,rotate
436,turntaking,3,B,E,E,D,E,A,A,A,A,E,B,A,B,A,B,E,B,E,A,B,0.35,rotate
436,rotate,4,D,E,skip,A,B,C,D,E,skip,A,B,C,D,E,skip,A,B,C,D,E,0.55,rotate
436,rotate,5,E,skip,A,B,C,D,E,skip,A,B,C,D,E,skip,A,B,C,D,E,skip,0.5,rotate
436,rotate,6,skip,A,B,C,D,E,skip,A,B,C,D,E,skip,A,B,C,D,E,skip,A,0.4,rotate
437,rotate,1,A,B,C,D,E,skip,A,B,C,D,E,skip,A,B,C,D,E,skip,A,B,0.6,rotate
437,rotate,2,B,C,D,E,skip,A,B,C,D,E,skip,A,B,C,D,E,skip,A,B,C,0.4,rotate
437,turntaking,3,B,B,B,B,B,C,B,B,B,B,D,B,B,B,D,B,B,B,B,D,0.3,rotate
437,rotate,4,D,E,skip,A,B,C,D,E,skip,A,B,C,D,E,skip,A,B,C,D,E,0.55,rotate
437,rotate,5,E,skip,A,B,C,D,E,skip,A,B,C,D,E,skip,A,B,C,D,E,skip,0.4,rotate
437,turntaking,6,E,E,E,E,E,A,E,E,E,E,A,E,E,E,A,E,E,E,E,A,0.3,rotate
438,rotate,1,A,B,C,D,E,skip,A,B,C,D,E,skip,A,B,C,D,E,skip,A,B,0.35,rotate
438,rotate,2,B,C,D,E,skip,A,B,C,D,E,skip,A,B,C,D,E,skip,A,B,C,0.5,rotate
438,turntaking,3,B,B,B,E,B,B,E,E,E,A,A,B,A,B,B,E,A,B,A,A,0.45,rotate
438,turntaking,4,C,E,E,D,E,E,B,B,B,E,E,E,B,E,E,B,E,E,B,B,0.25,rotate
438,rotate,5,E,skip,A,B,C,D,E,skip,A,B,C,D,E,skip,A,B,C,D,E,skip,0.7,rotate
438,rotate,6,skip,A,B,C,D,E,skip,A,B,C,D,E,skip,A,B,C,D,E,skip,A,0.45,rotate
439,rotate,1,A,B,C,D,E,skip,A,B,C,D,E,skip,A,B,C,D,E,skip,A,B,0.45,rotate
439,turntaking,2,A,A,A,E,D,E,D,D,A,D,E,D,A,D,E,A,A,D,D,E,0.25,rotate
439,rotate,3,C,D,E,skip,A,B,C,D,E,skip,A,B,C,D,E,skip,A,B,C,D,0.55,rotate
439,rotate,4,D,E,skip,A,B,C,D,E,skip,A,B,C,D,E,skip,A,B,C,D,E,0.45,rotate
439,turntaking,5,D,D,D,A,A,D,A,A,D,A,C,A,D,A,C,D,D,A,A,C,0.35,rotate
439,rotate,6,skip,A,B,C,D,E,skip,A,B,C,D,E,skip,A,B,C,D,E,skip,A,0.5,rotate
440,rotate,1,A,B,C,D,E,skip,A,B,C,D,E,skip,A,B,C,D,E,skip,A,B,0.55,rotate
440,rotate,2,B,C,D,E,skip,A,B,C,D,E,skip,A,B,C,D,E,skip,A,B,C,0.5,rotate
440,turntaking,3,B,B,B,D,D,D,D,B,B,D,B,D,D,D,D,B,B,B,D,A,0.25,rotate
440,rotate,4,D,E,skip,A,B,C,D,E,skip,A,B,C,D,E,skip,A,B,C,D,E,0.4,rotate
440,turntaking,5,D,D,A,A,B,B,B,D,D,A,A,B,B,B,A,D,A,D,B,C,0.45,rotate
440,rotate,6,skip,A,B,C,D,E,skip,A,B,C,D,E,skip,A,B,C,D,E,skip,A,0.6,rotate
441,rotate,1,A,B,C,D,E,skip,A,B,C,D,E,skip,A,B,C,D,E,skip,A,B,0.75,rotate
441,rotate,2,B,C,D,E,skip,A,B,C,D,E,skip,A,B,C,D,E,skip,A,B,C,0.55,rotate
441,rotate,3,C,D,E,skip,A,B,C,D,E,skip,A,B,C,D,E,skip,A,B,C,D,0.4,rotate
441,rotate,4,D,E,skip,A,B,C,D,E,skip,A,B,C,D,E,skip,A,B,C,D,E,0.4,rotate
441,turntaking,5,D,D,D,E,E,D,E,D,D,E,C,E,E,D,D,D,A,E,E,D,0.35,rotate
441,turntaking,6,E,E,E,C,D,C,D,E,E,C,A,D,D,E,E,E,C,D,D,E,0.35,rotate
442,turntaking,1,skip,E,E,E,E,E,E,E,E,A,A,A,A,E,A,A,E,A,A,A,0.35,rotate
442,turntaking,2,A,D,D,A,A,A,A,A,A,D,E,E,E,A,D,E,D,E,E,D,0.4,rotate
442,rotate,3,C,D,E,skip,A,B,C,D,E,skip,A,B,C,D,E,skip,A,B,C,D,0.55,rotate
442,rotate,4,D,E,skip,A,B,C,D,E,skip,A,B,C,D,E,skip,A,B,C,D,E,0.55,rotate
442,rotate,5,E,skip,A,B,C,D,E,skip,A,B,C,D,E,skip,A,B,C,D,E,skip,0.55,rotate
442,rotate,6,skip,A,B,C,D,E,skip,A,B,C,D,E,skip,A,B,C,D,E,skip,A,0.45,rotate
443,turntaking,1,skip,E,E,E,E,A,E,E,E,E,C,B,E,E,B,B,E,B,E,D,0.35,rotate
443,rotate,2,B,C,D,E,skip,A,B,C,D,E,skip,A,B,C,D,E,skip,A,B,C,0.45,rotate
443,turntaking,3,B,B,B,B,B,E,B,B,B,B,A,E,B,B,A,E,A,E,B,A,0.25,rotate
443,rotate,4,D,E,skip,A,B,C,D,E,skip,A,B,C,D,E,skip,A,B,C,D,E,0.65,rotate
443,rotate,5,E,skip,A,B,C,D,E,skip,A,B,C,D,E,skip,A,B,C,D,E,skip,0.4,rotate
443,rotate,6,skip,A,B,C,D,E,skip,A,B,C,D,E,skip,A,B,C,D,E,skip,A,0.45,rotate
444,turntaking,1,skip,D,D,C,D,D,E,E,E,C,C,E,E,E,C,E,C,D,D,E,0.25,rotate
444,rotate,2,B,C,D,E,skip,A,B,C,D,E,skip,A,B,C,D,E,skip,A,B,C,0.65,rotate
444,rotate,3,C,D,E,skip,A,B,C,D,E,skip,A,B,C,D,E,skip,A,B,C,D,0.55,rotate
444,rotate,4,D,E,skip,A,B,C,D,E,skip,A,B,C,D,E,skip,A,B,C,D,E,0.45,rotate
444,rotate,5,E,skip,A,B,C,D,E,skip,A,B,C,D,E,skip,A,B,C,D,E,skip,0.35,rotate
444,turntaking,6,E,E,E,D,E,E,D,D,D,A,D,D,D,D,E,D,D,E,E,C,0.35,rotate
445,rotate,1,A,B,C,D,E,skip,A,B,C,D,E,skip,A,B,C,D,E,skip,A,B,0.4,rotate
445,turntaking,2,A,A,A,C,C,C,C,C,A,A,E,C,C,C,E,C,E,C,C,D,0.3,rotate
445,rotate,3,C,D,E,skip,A,B,C,D,E,skip,A,B,C,D,E,skip,A,B,C,D,0.4,rotate
445,turntaking,4,C,C,E,E,E,A,A,A,C,C,A,A,A,A,C,A,A,A,A,E,0.35,rotate
445,rotate,5,E,skip,A,B,C,D,E,skip,A,B,C,D,E,skip,A,B,C,D,E,skip,0.65,rotate
445,rotate,6,skip,A,B,C,D,E,skip,A,B,C,D,E,skip,A,B,C,D,E,skip,A,0.5,rotate
446,rotate,1,A,B,C,D,E,skip,A,B,C,D,E,skip,A,B,C,D,E,skip,A,B,0.55,turntaking
446,rotate,2,B,C,D,E,skip,A,B,C,D,E,skip,A,B,C,D,E,skip,A,B,C,0.5,turntaking
446,rotate,3,C,D,E,skip,A,B,C,D,E,skip,A,B,C,D,E,skip,A,B,C,D,0.3,turntaking
446,turntaking,4,C,C,C,D,D,C,D,C,C,D,B,D,D,C,C,C,A,D,D,C,0.35,turntaking
446,turntaking,5,D,D,D,B,C,B,C,D,D,B,A,C,C,D,D,D,B,C,C,D,0.35,turntaking
446,rotate,6,skip,A,B,C,D,E,skip,A,B,C,D,E,skip,A,B,C,D,E,skip,A,0.7,turntaking
447,rotate,1,A,B,C,D,E,skip,A,B,C,D,E,skip,A,B,C,D,E,skip,A,B,0.65,rotate
447,rotate,2,B,C,D,E,skip,A,B,C,D,E,skip,A,B,C,D,E,skip,A,B,C,0.5,rotate
447,rotate,3,C,D,E,skip,A,B,C,D,E,skip,A,B,C,D,E,skip,A,B,C,D,0.4,rotate
447,turntaking,4,C,C,C,E,E,C,E,E,E,A,A,E,E,E,A,E,A,E,E,B,0.3,rotate
447,rotate,5,E,skip,A,B,C,D,E,skip,A,B,C,D,E,skip,A,B,C,D,E,skip,0.4,rotate
447,turntaking,6,E,E,E,A,C,A,C,C,C,E,C,C,C,C,E,C,C,C,C,A,0.3,rotate
448,turntaking,1,skip,E,A,C,C,A,C,C,C,C,A,C,A,C,A,A,C,C,E,E,0.35,rotate
448,rotate,2,B,C,D,E,skip,A,B,C,D,E,skip,A,B,C,D,E,skip,A,B,C,0.55,rotate
448,rotate,3,C,D,E,skip,A,B,C,D,E,skip,A,B,C,D,E,skip,A,B,C,D,0.45,rotate
448,turntaking,4,C,C,C,A,A,E,A,A,A,A,E,A,C,A,E,C,A,A,C,A,0.25,rotate
448,rotate,5,E,skip,A,B,C,D,E,skip,A,B,C,D,E,skip,A,B,C,D,E,skip,0.5,rotate
448,rotate,6,skip,A,B,C,D,E,skip,A,B,C,D,E,skip,A,B,C,D,E,skip,A,0.45,rotate
449,rotate,1,A,B,C,D,E,skip,A,B,C,D,E,skip,A,B,C,D,E,skip,A,B,0.4,rotate
449,turntaking,2,A,A,A,D,E,D,E,E,E,A,E,A,A,E,A,E,E,A,A,D,0.2,rotate
449,rotate,3,C,D,E,skip,A,B,C,D,E,skip,A,B,C,D,E,skip,A,B,C,D,0.65,rotate
449,rotate,4,D,E,skip,A,B,C,D,E,skip,A,B,C,D,E,skip,A,B,C,D,E,0.55,rotate
449,rotate,5,E,skip,A,B,C,D,E,skip,A,B,C,D,E,skip,A,B,C,D,E,skip,0.4,rotate
449,turntaking,6,E,E,E,A,A,E,A,A,A,D,D,E,E,A,D,A,D,E,E,C,0.45,rotate
450,turntaking,1,skip,C,C,B,C,C,C,C,C,E,E,C,C,C,B,C,C,C,C,B,0.35,rotate
450,rotate,2,B,C,D,E,skip,A,B,C,D,E,skip,A,B,C,D,E,skip,A,B,C,0.55,rotate
450,rotate,3,C,D,E,skip,A,B,C,D,E,skip,A,B,C,D,E,skip,A,B,C,D,0.5,rotate
450,rotate,4,D,E,skip,A,B,C,D,E,skip,A,B,C,D,E,skip,A,B,C,D,E,0.45,rotate
450,turntaking,5,D,D,D,C,D,D,D,D,D,C,D,D,D,D,E,D,D,D,D,E,0.2,rotate
450,rotate,6,skip,A,B,C,D,E,skip,A,B,C,D,E,skip,A,B,C,D,E,skip,A,0.45,rotate
451,random3,1,C,C,C,C,C,C,C,C,C,C,C,C,C,C,C,C,C,C,C,C,1.0,turntaking
451,turntaking,2,A,A,A,D,A,A,A,A,A,A,B,A,A,A,B,B,A,B,A,A,0.6,turntaking
451,turntaking,3,B,D,D,E,D,D,D,D,D,D,A,D,D,D,A,D,B,D,B,B,0.3,turntaking
451,random3,4,E,E,E,E,E,E,E,E,E,E,E,E,E,E,E,E,E,E,E,E,0.95,turntaking
451,random3,5,A,A,A,B,B,B,B,B,B,B,B,B,B,B,B,B,B,A,A,A,0.4,turntaking
451,random3,6,D,D,D,B,B,B,D,D,D,D,A,D,D,D,D,D,D,D,D,D,0.25,turntaking
452,random3,1,E,E,E,E,E,E,E,E,E,E,E,E,E,E,E,E,D,D,D,E,0.45,random3
452,random3,2,B,B,B,A,C,C,A,A,A,A,A,A,A,A,A,A,D,D,D,D,0.55,random3
452,turntaking,3,B,C,C,A,D,C,E,C,D,B,C,E,C,B,C,B,C,C,B,B,0.4,random3
452,random3,4,B,B,B,B,B,B,B,C,C,C,C,E,C,D,D,C,C,C,C,C,0.4,random3
452,random3,5,E,D,D,D,D,D,D,D,D,D,D,D,D,D,D,A,A,A,A,A,0.4,random3
452,turntaking,6,E,D,E,D,E,D,B,D,E,D,B,D,B,D,B,E,B,E,E,E,0.3,random3
453,random3,1,E,E,B,B,B,B,B,B,B,B,B,B,B,B,B,B,B,B,B,B,0.9,turntaking
453,random3,2,E,E,E,E,E,E,E,E,E,D,D,D,D,A,A,E,E,E,E,E,0.2,turntaking
453,turntaking,3,B,D,E,D,E,D,E,D,E,C,C,D,D,E,D,E,E,E,D,D,0.4,turntaking
453,turntaking,4,C,C,C,C,D,C,D,C,C,D,D,C,C,D,A,D,D,D,A,A,0.65,turntaking
453,random3,5,D,D,D,D,A,A,A,A,A,A,A,A,A,A,A,A,A,A,A,E,0.65,turntaking
453,random3,6,C,A,A,A,A,C,C,C,E,E,E,E,E,E,C,C,C,C,C,C,0.7,turntaking
454,random3,1,C,C,C,C,C,C,C,B,B,B,B,A,A,A,A,C,C,C,C,C,0.3,turntaking
454,turntaking,2,A,C,C,D,D,B,D,A,D,B,B,B,D,B,A,B,D,D,B,A,0.5,turntaking
454,random3,3,D,D,A,A,A,A,C,B,B,B,C,C,C,C,D,C,C,A,A,A,0.25,turntaking
454,random3,4,B,B,B,B,A,A,A,A,C,A,D,D,D,A,D,D,D,D,E,C,0.35,turntaking
454,turntaking,5,D,D,D,B,C,D,C,D,C,A,C,C,B,C,B,C,B,B,D,B,0.45,turntaking
454,random3,6,C,E,E,E,E,E,E,E,E,E,E,E,E,E,E,E,E,E,E,E,0.9,turntaking
455,random3,1,A,A,A,C,C,C,C,C,C,C,C,C,B,B,E,E,E,E,E,E,0.6,turntaking
455,random3,2,A,A,A,A,A,A,A,A,A,A,A,A,B,B,B,D,D,E,B,B,0.35,turntaking
455,turntaking,3,B,C,D,B,B,D,B,E,E,B,E,A,E,A,A,A,A,D,A,A,0.65,turntaking
455,random3,4,A,A,D,D,C,D,B,B,B,B,E,C,C,C,C,C,C,C,C,C,0.45,turntaking
455,turntaking,5,D,B,B,D,E,E,E,B,A,E,B,E,B,B,B,B,B,A,B,B,0.5,turntaking
455,random3,6,E,E,E,E,E,E,B,D,D,D,D,D,D,D,D,D,D,D,D,D,0.7,turntaking
456,random3,1,B,B,B,B,B,B,B,B,B,B,B,B,B,B,B,B,B,B,B,B,0.55,turntaking
456,random3,2,D,D,D,C,C,C,C,C,C,C,C,C,C,C,C,C,C,C,C,C,0.8,turntaking
456,random3,3,D,D,D,D,D,D,A,A,A,A,A,A,A,D,D,D,D,D,A,A,0.3,turntaking
456,random3,4,B,B,A,A,D,D,D,D,D,D,D,D,E,E,E,E,E,E,E,E,0.45,turntaking
456,turntaking,5,D,B,E,E,E,A,E,A,E,A,C,B,E,D,A,B,E,B,A,E,0.35,turntaking
456,turntaking,6,E,E,A,A,B,E,B,E,B,E,A,D,A,B,D,D,A,D,E,D,0.35,turntaking
457,turntaking,1,skip,A,C,A,A,E,E,E,D,D,C,C,C,C,C,E,C,C,C,C,0.5,turntaking
457,turntaking,2,A,D,A,B,D,A,D,D,C,C,D,D,D,D,D,C,D,D,D,D,0.65,turntaking
457,random3,3,D,D,D,D,D,E,E,E,E,E,E,E,E,E,E,E,E,E,E,E,0.4,turntaking
457,random3,4,A,C,C,C,C,C,C,C,C,C,C,C,C,A,A,A,A,A,A,A,0.6,turntaking
457,random3,5,E,E,E,E,E,E,E,E,E,E,A,A,A,A,D,E,E,E,E,C,0.4,turntaking
457,random3,6,D,D,B,B,B,B,B,B,B,B,B,B,B,B,B,B,B,B,B,B,0.85,turntaking
458,turntaking,1,skip,A,E,E,E,C,E,C,A,E,C,E,A,A,A,E,A,E,A,A,0.4,turntaking
458,random3,2,C,C,C,D,D,D,A,A,A,A,A,E,E,E,E,E,E,E,E,E,0.6,turntaking
458,turntaking,3,B,E,C,C,C,D,C,D,C,C,B,C,C,B,C,A,C,A,C,C,0.55,turntaking
458,random3,4,A,A,A,A,A,B,E,E,E,E,A,E,E,C,C,D,C,C,C,A,0.2,turntaking
458,random3,5,E,E,E,E,E,B,E,D,D,D,D,D,D,D,D,D,D,D,D,D,0.6,turntaking
458,random3,6,A,A,A,A,A,B,B,B,B,B,B,B,B,B,B,B,B,B,B,B,0.6,turntaking
459,turntaking,1,skip,A,D,E,D,A,D,A,D,A,E,A,E,D,E,A,D,A,D,A,0.35,turntaking
459,random3,2,A,A,A,E,E,E,E,E,E,E,B,A,B,B,B,B,B,E,E,E,0.5,turntaking
459,random3,3,D,D,C,C,C,C,C,C,C,C,C,C,C,C,C,C,C,C,C,C,0.6,turntaking
459,random3,4,D,D,D,D,D,D,D,D,D,D,D,D,D,D,C,C,C,C,C,C,0.3,turntaking
459,random3,5,A,B,B,B,B,B,A,A,A,A,A,A,A,A,A,A,A,A,B,B,0.5,turntaking
459,turntaking,6,E,E,A,B,A,B,A,B,A,E,B,D,B,E,B,D,B,D,C,D,0.4,turntaking
460,random3,1,E,E,E,E,D,E,E,B,B,B,B,B,B,B,B,B,B,B,B,B,0.8,turntaking
460,turntaking,2,A,C,D,B,D,C,D,D,D,E,E,D,C,D,E,A,D,D,A,D,0.45,turntaking
460,random3,3,D,D,D,C,C,C,C,C,C,C,A,A,A,A,A,A,A,A,E,E,0.3,turntaking
460,turntaking,4,C,B,B,E,B,E,E,E,E,C,C,C,E,E,A,E,A,A,C,A,0.5,turntaking
460,random3,5,B,D,D,C,D,E,D,D,D,D,D,D,E,D,D,C,C,C,C,C,0.25,turntaking
460,random3,6,B,B,A,A,A,A,A,A,A,A,A,A,A,D,D,C,D,D,E,E,0.4,turntaking
461,random3,1,E,E,E,E,C,D,D,B,B,B,B,B,B,B,B,B,B,B,B,B,0.45,random3
461,random3,2,A,A,A,A,A,A,A,A,A,A,A,A,A,A,C,C,C,E,E,D,0.35,random3
461,random3,3,E,E,E,E,E,E,E,E,E,E,E,E,C,E,E,E,E,E,E,A,0.35,random3
461,turntaking,4,C,C,C,B,C,A,A,D,A,C,C,A,C,A,E,E,A,E,A,A,0.2,random3
461,turntaking,5,D,E,A,A,A,C,C,B,E,B,B,E,B,E,C,A,C,A,C,C,0.35,random3
461,random3,6,C,C,B,B,C,D,D,B,C,C,C,D,D,D,D,D,D,D,D,D,0.5,random3
462,random3,1,D,D,D,D,D,D,D,D,D,D,D,D,D,D,D,D,D,D,D,D,1.0,turntaking
462,random3,2,C,C,B,B,B,B,B,B,E,C,C,C,C,C,E,C,C,B,C,C,0.1,turntaking
462,random3,3,C,C,B,B,B,E,E,E,E,E,E,E,E,E,E,E,E,E,E,E,0.65,turntaking
462,turntaking,4,C,E,E,E,C,B,C,B,B,B,B,B,A,A,B,A,B,B,B,B,0.75,turntaking
462,random3,5,A,A,A,A,A,A,A,A,A,C,C,C,C,B,B,C,C,C,C,A,0.3,turntaking
462,turntaking,6,E,A,A,C,A,C,A,C,A,A,A,C,C,C,A,C,A,A,A,A,0.5,turntaking
463,turntaking,1,skip,B,D,B,C,C,C,E,E,C,C,B,B,B,B,C,B,C,C,B,0.35,turntaking
463,random3,2,B,B,B,B,C,D,D,D,D,D,D,D,D,D,D,D,D,D,D,D,0.85,turntaking
463,random3,3,C,C,C,E,E,E,E,B,C,C,C,C,C,C,C,C,E,E,E,E,0.3,turntaking
463,turntaking,4,C,D,C,D,B,B,B,B,B,B,B,E,E,E,E,B,E,B,B,E,0.65,turntaking
463,random3,5,C,A,A,A,A,A,A,A,A,A,A,A,A,A,A,A,A,A,A,A,0.95,turntaking
463,random3,6,D,D,E,E,E,E,E,E,C,C,C,C,B,B,B,B,E,C,C,C,0.15,turntaking
464,random3,1,C,C,C,C,C,E,E,E,C,C,C,C,C,C,C,C,C,C,C,C,0.85,turntaking
464,turntaking,2,A,A,E,B,C,C,B,E,B,E,A,B,E,B,D,D,D,D,D,D,0.6,turntaking
464,random3,3,B,B,B,A,A,A,A,A,A,A,A,A,A,B,A,A,A,E,E,E,0.45,turntaking
464,random3,4,D,D,D,D,E,E,B,B,B,B,B,B,E,E,E,B,B,E,E,E,0.2,turntaking
464,random3,5,D,B,D,D,D,D,D,D,D,D,D,D,E,B,A,A,A,E,E,E,0.25,turntaking
464,turntaking,6,E,E,B,D,B,B,D,B,D,B,E,D,A,D,E,B,B,B,B,B,0.45,turntaking
465,turntaking,1,skip,D,D,A,B,A,E,B,E,B,A,E,A,E,A,E,E,E,A,A,0.35,random3
465,random3,2,A,A,A,A,D,D,D,D,D,D,D,D,D,D,D,D,D,D,D,D,0.95,random3
465,random3,3,E,E,C,C,C,C,C,C,C,C,C,C,C,C,C,C,C,C,C,C,0.9,random3
465,random3,4,B,B,B,B,B,A,A,A,A,A,A,A,A,A,B,B,B,B,B,B,0.35,random3
465,turntaking,5,D,B,B,E,E,B,B,A,B,A,B,A,B,A,B,A,A,A,B,B,0.45,random3
465,random3,6,E,E,E,E,E,E,E,E,E,E,E,E,E,E,B,E,E,E,E,E,0.4,random3
466,radicaleq,1,A,C,B,E,D,E,D,E,skip,E,skip,E,E,skip,skip,E,E,A,A,skip,0.45,radicaleq
466,turntaking,2,A,A,A,E,E,E,E,A,E,A,A,E,A,A,D,A,D,A,D,D,0.1,radicaleq
466,turntaking,3,B,E,E,D,A,A,A,D,A,D,D,A,D,E,B,E,B,E,B,C,0.45,radicaleq
466,radicaleq,4,D,A,E,B,E,B,E,B,E,B,E,skip,skip,A,E,A,A,skip,skip,E,0.45,radicaleq
466,radicaleq,5,E,skip,D,skip,skip,D,skip,D,B,D,B,A,D,D,A,skip,skip,E,D,B,0.4,radicaleq
466,radicaleq,6,skip,D,A,D,B,A,B,A,D,A,D,B,A,E,D,B,D,B,E,A,0.45,radicaleq
467,radicaleq,1,A,E,C,skip,B,skip,E,D,E,B,skip,D,E,D,B,C,B,C,C,C,0.4,radicaleq
467,radicaleq,2,B,C,D,C,D,C,skip,E,skip,D,B,C,D,skip,skip,D,D,E,B,E,0.45,radicaleq
467,turntaking,3,B,B,D,B,D,D,D,C,B,C,B,E,B,D,C,D,C,B,C,B,0.4,radicaleq
467,radicaleq,4,D,skip,E,D,C,D,B,skip,D,skip,D,skip,skip,E,D,E,E,skip,E,skip,0.4,radicaleq
467,radicaleq,5,E,D,skip,E,skip,E,D,B,C,C,C,E,B,B,E,skip,skip,D,skip,D,0.35,radicaleq
467,turntaking,6,E,E,E,D,E,E,E,B,E,D,E,D,E,E,B,E,B,E,D,D,0.15,radicaleq
468,radicaleq,1,A,E,A,C,skip,B,C,B,C,B,C,D,C,C,B,B,C,E,E,skip,0.45,radicaleq
468,radicaleq,2,B,D,D,E,C,E,skip,E,skip,E,skip,E,E,skip,skip,E,E,skip,skip,C,0.45,radicaleq
468,turntaking,3,B,B,C,B,B,C,B,C,B,C,C,C,B,C,B,C,D,C,D,D,0.4,radicaleq
468,turntaking,4,C,E,E,E,E,B,E,B,E,B,B,E,C,E,C,E,B,E,B,B,0.1,radicaleq
468,radicaleq,5,E,skip,E,D,E,D,E,D,E,D,E,skip,skip,E,C,C,B,B,B,B,0.35,radicaleq
468,radicaleq,6,skip,C,skip,B,D,C,D,C,D,C,D,C,B,B,E,skip,skip,C,C,E,0.45,radicaleq
469,radicaleq,1,A,B,C,B,A,D,skip,skip,C,C,D,skip,skip,C,C,D,D,skip,C,B,0.35,radicaleq
469,turntaking,2,A,A,C,B,C,B,C,A,C,A,A,C,A,C,A,C,A,B,A,B,0.35,radicaleq
469,radicaleq,3,C,skip,D,C,C,B,B,C,D,D,skip,C,C,D,D,skip,skip,C,skip,C,0.4,radicaleq
469,radicaleq,4,D,C,skip,D,skip,skip,D,D,skip,skip,C,D,D,skip,skip,C,B,A,A,A,0.35,radicaleq
469,turntaking,5,D,D,D,C,D,C,D,B,D,B,B,D,B,D,B,D,B,D,C,D,0.1,radicaleq
469,radicaleq,6,skip,D,B,skip,D,C,C,B,A,B,A,A,B,A,B,A,C,D,B,skip,0.35,radicaleq
470,radicaleq,1,A,skip,A,E,B,E,B,skip,B,skip,A,E,D,skip,D,A,B,B,D,skip,0.45,radicaleq
470,radicaleq,2,B,C,B,skip,A,skip,A,E,A,E,D,skip,skip,B,E,D,A,A,B,B,0.35,radicaleq
470,turntaking,3,B,B,A,B,B,D,D,D,D,A,A,D,A,D,D,D,A,D,A,B,0.2,radicaleq
470,radicaleq,4,D,A,skip,A,E,B,D,B,D,B,E,B,E,A,skip,skip,D,skip,skip,D,0.45,radicaleq
470,turntaking,5,D,D,D,A,D,A,A,A,A,B,B,B,B,B,A,A,B,A,B,E,0.35,radicaleq
470,radicaleq,6,skip,D,C,D,skip,D,E,D,E,D,skip,D,A,E,A,B,skip,D,A,A,0.4,radicaleq
471,radicaleq,1,A,C,skip,D,A,skip,D,A,C,D,C,C,C,D,C,D,C,D,C,C,0.45,radicaleq
471,radicaleq,2,B,E,C,E,D,A,C,D,E,E,skip,D,A,C,A,C,A,C,A,D,0.5,radicaleq
471,radicaleq,3,C,D,A,skip,E,D,E,E,skip,skip,A,skip,E,A,E,A,E,A,E,A,0.4,radicaleq
471,radicaleq,4,D,A,E,B,skip,E,skip,skip,A,C,D,A,D,skip,D,skip,D,skip,D,skip,0.45,radicaleq
471,turntaking,5,D,D,D,D,D,C,D,C,A,A,C,E,A,E,A,E,A,E,C,A,0.4,radicaleq
471,turntaking,6,E,E,E,E,E,A,E,A,E,D,D,D,E,D,E,D,E,D,E,E,0.1,radicaleq
472,turntaking,1,skip,E,E,E,E,A,D,E,D,A,A,D,A,D,A,D,E,E,D,D,0.1,radicaleq
472,turntaking,2,A,D,D,D,D,C,A,C,E,C,C,E,C,E,C,A,C,D,A,A,0.4,radicaleq
472,radicaleq,3,C,D,A,skip,E,E,D,E,E,A,C,C,A,C,A,C,C,C,C,E,0.45,radicaleq
472,radicaleq,4,D,E,D,A,skip,D,skip,D,skip,skip,E,D,D,skip,skip,E,skip,E,A,C,0.4,radicaleq
472,radicaleq,5,E,skip,E,D,A,skip,E,skip,D,E,D,skip,skip,E,E,D,A,skip,D,A,0.35,radicaleq
472,radicaleq,6,skip,A,skip,E,D,A,C,C,C,D,skip,E,E,D,D,skip,E,A,E,skip,0.4,radicaleq
473,turntaking,1,skip,E,E,D,E,C,E,C,E,C,C,E,C,D,C,B,D,B,D,D,0.4,radicaleq
473,radicaleq,2,B,C,E,D,D,B,skip,skip,E,D,D,C,D,C,C,C,C,E,C,E,0.45,radicaleq
473,turntaking,3,B,B,B,E,B,D,B,D,B,D,D,B,D,B,E,E,B,E,B,B,0.05,radicaleq
473,radicaleq,4,D,B,B,E,E,D,D,D,D,E,B,skip,skip,E,skip,E,D,C,D,C,0.4,radicaleq
473,radicaleq,5,E,skip,skip,B,skip,skip,E,E,B,B,skip,E,E,B,D,skip,B,D,B,D,0.35,radicaleq
473,radicaleq,6,skip,E,D,skip,B,E,B,B,skip,skip,E,B,B,skip,E,D,E,skip,E,skip,0.4,radicaleq
474,turntaking,1,skip,D,D,B,D,C,D,C,D,C,C,D,C,B,C,D,B,D,C,C,0.35,radicaleq
474,radicaleq,2,B,D,B,skip,E,D,E,E,skip,skip,D,E,E,skip,E,skip,skip,E,D,E,0.45,radicaleq
474,radicaleq,3,C,E,D,B,B,E,skip,skip,D,B,B,C,B,C,C,C,B,B,E,skip,0.4,radicaleq
474,radicaleq,4,D,skip,E,D,D,B,B,B,B,D,E,skip,skip,D,skip,D,D,D,B,C,0.3,radicaleq
474,radicaleq,5,E,B,skip,E,skip,skip,D,D,E,E,skip,D,D,E,B,E,E,skip,skip,D,0.4,radicaleq
474,turntaking,6,E,E,E,D,E,B,E,B,E,B,B,E,B,E,D,E,D,E,B,B,0.1,radicaleq
475,radicaleq,1,A,B,E,B,E,B,skip,C,skip,skip,A,A,E,A,B,skip,C,skip,skip,C,0.4,radicaleq
475,turntaking,2,A,A,E,A,E,E,E,B,E,B,B,E,A,A,E,E,A,E,A,B,0.3,radicaleq
475,radicaleq,3,C,E,C,E,B,E,A,skip,E,A,B,B,B,C,E,A,skip,C,E,E,0.35,radicaleq
475,turntaking,4,C,C,C,E,C,C,C,A,C,A,A,C,E,C,C,C,E,C,E,A,0.05,radicaleq
475,radicaleq,5,E,skip,skip,C,skip,C,E,A,B,E,C,skip,skip,skip,C,E,A,A,C,skip,0.35,radicaleq
475,radicaleq,6,skip,C,B,skip,A,skip,C,E,C,C,skip,C,A,B,skip,C,E,E,A,A,0.25,radicaleq
476,radicaleq,1,A,D,E,D,D,B,E,E,E,B,E,C,B,B,D,skip,skip,C,B,E,0.4,radicaleq
476,radicaleq,2,B,C,B,skip,C,D,C,B,skip,C,B,E,C,C,B,E,B,E,C,D,0.45,radicaleq
476,radicaleq,3,C,E,D,A,skip,C,skip,D,B,D,skip,D,D,skip,skip,C,C,D,D,skip,0.4,radicaleq
476,turntaking,4,C,C,C,C,D,E,B,E,C,B,B,C,B,C,E,C,E,C,E,A,0.4,radicaleq
476,turntaking,5,D,D,D,D,C,B,C,D,D,C,C,D,C,D,B,D,B,D,B,B,0.15,radicaleq
476,radicaleq,6,skip,B,skip,C,B,skip,D,skip,D,E,D,skip,skip,D,C,D,D,skip,skip,C,0.4,radicaleq
477,radicaleq,1,A,E,D,E,D,E,skip,skip,E,C,C,C,C,E,E,skip,skip,C,B,D,0.35,radicaleq
477,radicaleq,2,B,skip,B,A,B,skip,C,B,B,E,skip,E,E,skip,skip,C,B,D,C,E,0.45,radicaleq
477,radicaleq,3,C,D,C,skip,C,D,E,C,C,B,B,D,B,D,B,D,C,E,E,skip,0.4,radicaleq
477,turntaking,4,C,C,B,E,E,C,C,B,C,B,D,C,D,C,D,C,D,C,D,D,0.35,radicaleq
477,radicaleq,5,E,B,skip,B,E,B,D,E,skip,skip,E,skip,skip,C,C,E,E,skip,skip,C,0.4,radicaleq
477,turntaking,6,E,E,E,C,C,B,E,C,E,C,B,E,B,E,B,E,B,E,B,B,0.15,radicaleq
478,turntaking,1,skip,E,E,D,E,B,E,B,E,B,B,E,B,D,B,C,D,C,D,D,0.4,radicaleq
478,radicaleq,2,B,C,E,D,D,C,skip,skip,E,D,D,B,D,B,B,B,B,E,B,E,0.45,radicaleq
478,radicaleq,3,C,D,C,E,E,D,D,D,D,E,C,skip,skip,E,skip,E,D,B,D,B,0.4,radicaleq
478,turntaking,4,C,C,C,E,C,D,C,D,C,D,D,C,D,C,E,E,C,E,C,C,0.05,radicaleq
478,radicaleq,5,E,skip,skip,C,skip,skip,E,E,C,C,skip,E,E,C,D,skip,C,D,C,D,0.35,radicaleq
478,radicaleq,6,skip,E,D,skip,C,E,C,C,skip,skip,E,C,C,skip,E,D,E,skip,E,skip,0.4,radicaleq
479,radicaleq,1,A,B,C,A,D,E,D,E,skip,E,skip,E,E,skip,skip,A,A,E,D,E,0.5,radicaleq
479,turntaking,2,A,A,D,D,A,A,A,D,A,D,D,A,D,A,C,A,C,D,C,D,0.45,radicaleq
479,radicaleq,3,C,E,A,skip,E,C,E,C,E,C,E,skip,skip,E,A,E,E,skip,E,skip,0.45,radicaleq
479,radicaleq,4,D,skip,E,C,skip,D,skip,D,C,D,C,A,D,D,E,skip,skip,A,skip,A,0.4,radicaleq
479,radicaleq,5,E,D,skip,D,C,A,C,A,D,A,D,C,A,A,D,C,D,C,C,C,0.4,radicaleq
479,turntaking,6,E,E,E,A,E,E,E,A,E,A,A,E,A,E,D,E,D,E,A,A,0.1,radicaleq
480,turntaking,1,skip,C,C,E,C,B,C,B,C,B,B,C,B,E,B,D,E,D,E,E,0.4,radicaleq
480,radicaleq,2,B,D,C,E,E,D,skip,skip,C,E,E,B,E,B,B,B,B,C,B,C,0.45,radicaleq
480,radicaleq,3,C,skip,D,C,C,E,E,E,E,C,D,skip,skip,C,skip,C,E,B,E,B,0.4,radicaleq
480,radicaleq,4,D,E,skip,D,skip,skip,C,C,D,D,skip,C,C,D,E,skip,D,E,D,E,0.35,radicaleq
480,turntaking,5,D,D,D,C,D,E,D,E,D,E,E,D,E,D,C,C,D,C,D,D,0.05,radicaleq
480,radicaleq,6,skip,C,E,skip,D,C,D,D,skip,skip,C,D,D,skip,C,E,C,skip,C,skip,0.4,radicaleq
481,rotate0,1,A,A,A,A,A,A,A,A,A,A,A,A,A,A,A,A,A,A,A,A,0.5,turntaking
481,turntaking,2,A,A,A,E,E,D,E,D,E,D,D,E,D,E,D,E,D,E,D,B,0.05,turntaking
481,turntaking,3,B,E,E,D,A,B,A,B,A,B,C,A,B,A,B,A,B,D,A,C,0.45,turntaking
481,rotate0,4,D,D,D,D,D,D,D,D,D,D,D,D,D,D,D,D,D,D,D,D,0.5,turntaking
481,rotate0,5,E,E,E,E,E,E,E,E,E,E,E,E,E,E,E,E,E,E,E,E,0.5,turntaking
481,rotate0,6,skip,skip,skip,skip,skip,skip,skip,skip,skip,skip,skip,skip,skip,skip,skip,skip,skip,skip,skip,skip,0.0,turntaking
482,rotate0,1,A,A,A,A,A,A,A,A,A,A,A,A,A,A,A,A,A,A,A,A,0.5,rotate0
482,rotate0,2,B,B,B,B,B,B,B,B,B,B,B,B,B,B,B,B,B,B,B,B,0.5,rotate0
482,turntaking,3,B,B,B,A,B,A,B,A,B,A,A,B,A,B,A,B,A,B,A,A,0.0,rotate0
482,rotate0,4,D,D,D,D,D,D,D,D,D,D,D,D,D,D,D,D,D,D,D,D,0.5,rotate0
482,rotate0,5,E,E,E,E,E,E,E,E,E,E,E,E,E,E,E,E,E,E,E,E,0.5,rotate0
482,turntaking,6,E,E,E,D,E,D,E,D,E,D,D,E,D,E,D,E,D,E,D,D,0.0,rotate0
483,rotate0,1,A,A,A,A,A,A,A,A,A,A,A,A,A,A,A,A,A,A,A,A,0.5,turntaking
483,rotate0,2,B,B,B,B,B,B,B,B,B,B,B,B,B,B,B,B,B,B,B,B,0.5,turntaking
483,turntaking,3,B,B,B,E,E,A,E,A,E,A,A,E,A,E,A,E,A,E,B,C,0.05,turntaking
483,turntaking,4,C,E,E,A,B,C,B,C,B,C,D,B,C,B,C,B,C,A,A,D,0.45,turntaking
483,rotate0,5,E,E,E,E,E,E,E,E,E,E,E,E,E,E,E,E,E,E,E,E,0.5,turntaking
483,rotate0,6,skip,skip,skip,skip,skip,skip,skip,skip,skip,skip,skip,skip,skip,skip,skip,skip,skip,skip,skip,skip,0.0,turntaking
484,rotate0,1,A,A,A,A,A,A,A,A,A,A,A,A,A,A,A,A,A,A,A,A,0.5,turntaking
484,turntaking,2,A,A,A,E,A,E,A,E,C,C,E,C,E,C,E,C,E,C,E,B,0.45,turntaking
484,rotate0,3,C,C,C,C,C,C,C,C,C,C,C,C,C,C,C,C,C,C,C,C,0.5,turntaking
484,rotate0,4,D,D,D,D,D,D,D,D,D,D,D,D,D,D,D,D,D,D,D,D,0.5,turntaking
484,turntaking,5,D,D,D,C,D,C,D,C,D,A,C,D,A,D,A,D,A,D,A,E,0.05,turntaking
484,rotate0,6,skip,skip,skip,skip,skip,skip,skip,skip,skip,skip,skip,skip,skip,skip,skip,skip,skip,skip,skip,skip,0.0,turntaking
485,rotate0,1,A,A,A,A,A,A,A,A,A,A,A,A,A,A,A,A,A,A,A,A,0.5,turntaking
485,rotate0,2,B,B,B,B,B,B,B,B,B,B,B,B,B,B,B,B,B,B,B,B,0.5,turntaking
485,turntaking,3,B,B,B,E,B,E,B,E,A,A,E,B,E,B,E,B,E,B,E,C,0.45,turntaking
485,rotate0,4,D,D,D,D,D,D,D,D,D,D,D,D,D,D,D,D,D,D,D,D,0.5,turntaking
485,turntaking,5,D,D,D,A,D,A,D,A,D,B,A,D,A,D,A,D,A,D,A,E,0.05,turntaking
485,rotate0,6,skip,skip,skip,skip,skip,skip,skip,skip,skip,skip,skip,skip,skip,skip,skip,skip,skip,skip,skip,skip,0.0,turntaking
486,rotate0,1,A,A,A,A,A,A,A,A,A,A,A,A,A,A,A,A,A,A,A,A,0.65,rotate0
486,rotate0,2,B,B,B,B,B,B,B,B,B,B,B,B,B,B,B,B,B,B,B,B,0.55,rotate0
486,rotate0,3,C,C,C,C,C,C,C,C,C,C,C,C,C,C,C,C,C,C,C,C,0.5,rotate0
486,rotate0,4,D,D,D,D,D,D,D,D,D,D,D,D,D,D,D,D,D,D,D,D,0.5,rotate0
486,turntaking,5,D,D,D,E,D,C,D,C,D,B,B,D,B,D,B,D,B,D,B,B,0.05,rotate0
486,turntaking,6,E,E,E,C,C,B,C,B,C,A,A,C,A,C,A,C,A,C,A,A,0.15,rotate0
487,turntaking,1,skip,E,E,E,E,C,E,C,E,C,C,D,C,E,C,E,C,E,C,C,0.0,rotate0
487,turntaking,2,A,D,D,D,D,A,D,A,D,A,E,C,A,D,A,D,A,D,A,A,0.45,rotate0
487,rotate0,3,C,C,C,C,C,C,C,C,C,C,C,C,C,C,C,C,C,C,C,C,0.5,rotate0
487,rotate0,4,D,D,D,D,D,D,D,D,D,D,D,D,D,D,D,D,D,D,D,D,0.5,rotate0
487,rotate0,5,E,E,E,E,E,E,E,E,E,E,E,E,E,E,E,E,E,E,E,E,0.5,rotate0
487,rotate0,6,skip,skip,skip,skip,skip,skip,skip,skip,skip,skip,skip,skip,skip,skip,skip,skip,skip,skip,skip,skip,0.0,rotate0
488,turntaking,1,skip,E,E,D,B,C,B,C,B,C,C,B,C,B,C,B,C,B,C,C,0.45,rotate0
488,rotate0,2,B,B,B,B,B,B,B,B,B,B,B,B,B,B,B,B,B,B,B,B,0.5,rotate0
488,turntaking,3,B,B,B,E,E,D,E,D,E,D,D,E,D,E,D,E,D,E,D,D,0.0,rotate0
488,rotate0,4,D,D,D,D,D,D,D,D,D,D,D,D,D,D,D,D,D,D,D,D,0.5,rotate0
488,rotate0,5,E,E,E,E,E,E,E,E,E,E,E,E,E,E,E,E,E,E,E,E,0.5,rotate0
488,rotate0,6,skip,skip,skip,skip,skip,skip,skip,skip,skip,skip,skip,skip,skip,skip,skip,skip,skip,skip,skip,skip,0.0,rotate0
489,turntaking,1,skip,D,D,C,D,B,D,B,D,B,B,D,B,D,B,D,B,D,B,C,0.0,rotate0
489,rotate0,2,B,B,B,B,B,B,B,B,B,B,B,B,B,B,B,B,B,B,B,B,0.55,rotate0
489,rotate0,3,C,C,C,C,C,C,C,C,C,C,C,C,C,C,C,C,C,C,C,C,0.5,rotate0
489,rotate0,4,D,D,D,D,D,D,D,D,D,D,D,D,D,D,D,D,D,D,D,D,0.5,rotate0
489,rotate0,5,E,E,E,E,E,E,E,E,E,E,E,E,E,E,E,E,E,E,E,E,0.5,rotate0
489,turntaking,6,E,E,E,D,E,C,E,C,E,C,C,E,C,E,C,E,C,E,C,B,0.0,rotate0
490,rotate0,1,A,A,A,A,A,A,A,A,A,A,A,A,A,A,A,A,A,A,A,A,0.5,turntaking
490,turntaking,2,A,A,A,D,A,D,A,D,E,E,D,C,D,C,D,C,D,C,D,B,0.45,turntaking
490,rotate0,3,C,C,C,C,C,C,C,C,C,C,C,C,C,C,C,C,C,C,C,C,0.5,turntaking
490,turntaking,4,C,C,C,E,C,E,C,E,C,A,E,E,A,E,A,E,A,E,A,D,0.05,turntaking
490,rotate0,5,E,E,E,E,E,E,E,E,E,E,E,E,E,E,E,E,E,E,E,E,0.5,turntaking
490,rotate0,6,skip,skip,skip,skip,skip,skip,skip,skip,skip,skip,skip,skip,skip,skip,skip,skip,skip,skip,skip,skip,0.0,turntaking
491,rotate0,1,A,A,A,A,A,A,A,A,A,A,A,A,A,A,A,A,A,A,A,A,0.55,turntaking
491,rotate0,2,B,B,B,B,B,B,B,B,B,B,B,B,B,B,B,B,B,B,B,B,0.5,turntaking
491,rotate0,3,C,C,C,C,C,C,C,C,C,C,C,C,C,C,C,C,C,C,C,C,0.5,turntaking
491,turntaking,4,C,C,C,D,C,B,C,B,C,A,A,C,A,C,A,C,A,C,A,A,0.05,turntaking
491,turntaking,5,D,D,D,B,B,A,B,A,B,D,D,B,D,B,D,B,D,B,D,D,0.5,turntaking
491,rotate0,6,skip,skip,skip,skip,skip,skip,skip,skip,skip,skip,skip,skip,skip,skip,skip,skip,skip,skip,skip,skip,0.0,turntaking
492,rotate0,1,A,A,A,A,A,A,A,A,A,A,A,A,A,A,A,A,A,A,A,A,0.5,rotate0
492,rotate0,2,B,B,B,B,B,B,B,B,B,B,B,B,B,B,B,B,B,B,B,B,0.5,rotate0
492,rotate0,3,C,C,C,C,C,C,C,C,C,C,C,C,C,C,C,C,C,C,C,C,0.5,rotate0
492,turntaking,4,C,C,C,A,C,A,C,A,C,A,A,C,A,C,A,C,A,C,A,A,0.0,rotate0
492,rotate0,5,E,E,E,E,E,E,E,E,E,E,E,E,E,E,E,E,E,E,E,E,0.5,rotate0
492,turntaking,6,E,E,E,B,E,B,E,B,E,B,B,E,B,E,B,E,B,E,B,B,0.0,rotate0
493,turntaking,1,skip,E,E,B,C,D,C,D,C,D,D,C,D,C,D,C,D,C,D,D,0.45,rotate0
493,rotate0,2,B,B,B,B,B,B,B,B,B,B,B,B,B,B,B,B,B,B,B,B,0.5,rotate0
493,rotate0,3,C,C,C,C,C,C,C,C,C,C,C,C,C,C,C,C,C,C,C,C,0.5,rotate0
493,turntaking,4,C,C,C,E,E,B,E,B,E,B,B,E,B,E,B,E,B,E,B,B,0.0,rotate0
493,rotate0,5,E,E,E,E,E,E,E,E,E,E,E,E,E,E,E,E,E,E,E,E,0.5,rotate0
493,rotate0,6,skip,skip,skip,skip,skip,skip,skip,skip,skip,skip,skip,skip,skip,skip,skip,skip,skip,skip,skip,skip,0.0,rotate0
494,rotate0,1,A,A,A,A,A,A,A,A,A,A,A,A,A,A,A,A,A,A,A,A,0.5,rotate0
494,turntaking,2,A,A,A,C,A,C,A,C,A,C,C,A,C,A,C,A,C,A,C,C,0.0,rotate0
494,rotate0,3,C,C,C,C,C,C,C,C,C,C,C,C,C,C,C,C,C,C,C,C,0.5,rotate0
494,rotate0,4,D,D,D,D,D,D,D,D,D,D,D,D,D,D,D,D,D,D,D,D,0.5,rotate0
494,rotate0,5,E,E,E,E,E,E,E,E,E,E,E,E,E,E,E,E,E,E,E,E,0.5,rotate0
494,turntaking,6,E,E,E,D,E,D,E,D,E,D,D,E,D,E,D,E,D,E,D,D,0.0,rotate0
495,turntaking,1,skip,C,C,B,C,E,C,E,C,E,E,C,E,C,E,C,E,C,E,E,0.45,rotate0
495,rotate0,2,B,B,B,B,B,B,B,B,B,B,B,B,B,B,B,B,B,B,B,B,0.5,rotate0
495,rotate0,3,C,C,C,C,C,C,C,C,C,C,C,C,C,C,C,C,C,C,C,C,0.5,rotate0
495,rotate0,4,D,D,D,D,D,D,D,D,D,D,D,D,D,D,D,D,D,D,D,D,0.5,rotate0
495,turntaking,5,D,D,D,C,D,B,D,B,D,B,B,D,B,D,B,D,B,D,B,B,0.0,rotate0
495,rotate0,6,skip,skip,skip,skip,skip,skip,skip,skip,skip,skip,skip,skip,skip,skip,skip,skip,skip,skip,skip,skip,0.0,rotate0
496,caste,1,A,D,B,D,B,D,B,D,B,D,B,D,B,D,B,D,B,D,B,D,0.9,turntaking
496,turntaking,2,A,A,A,A,A,A,A,A,A,A,A,A,A,A,A,A,A,A,A,E,0.45,turntaking
496,turntaking,3,B,E,E,E,E,E,E,E,E,E,E,E,E,E,E,E,E,E,E,D,0.5,turntaking
496,caste,4,D,C,C,C,C,C,C,C,C,C,D,B,D,B,D,B,D,B,D,B,1.0,turntaking
496,caste,5,E,B,D,B,D,B,D,B,D,B,C,C,C,C,C,C,C,C,C,C,1.0,turntaking
496,caste,6,skip,E,A,E,A,E,A,E,A,E,A,E,A,E,A,E,A,E,A,E,0.0,turntaking
497,caste,1,A,C,C,C,C,C,C,C,C,C,C,A,A,A,A,A,A,A,A,A,1.0,turntaking
497,caste,2,B,D,D,A,D,A,D,A,D,A,D,D,D,D,D,D,D,D,D,D,0.85,turntaking
497,turntaking,3,B,B,B,B,B,B,B,B,B,B,E,E,B,B,B,B,B,B,B,E,0.4,turntaking
497,caste,4,D,A,A,D,A,D,A,D,A,D,A,C,C,C,C,C,C,C,C,C,1.0,turntaking
497,caste,5,E,B,E,B,E,B,E,B,E,B,E,B,B,E,B,E,B,E,B,E,0.0,turntaking
497,turntaking,6,E,E,E,E,E,E,E,E,E,E,D,B,E,E,E,E,E,E,E,D,0.45,turntaking
498,caste,1,A,D,D,D,D,D,D,D,D,D,D,D,C,C,C,C,C,C,C,C,1.0,turntaking
498,caste,2,B,C,C,A,A,C,A,C,A,C,A,C,A,A,A,A,A,A,A,A,0.9,turntaking
498,turntaking,3,B,B,B,B,B,B,B,B,B,B,B,B,B,B,B,B,B,B,B,E,0.45,turntaking
498,turntaking,4,C,E,E,E,E,E,E,E,E,E,E,E,E,E,E,E,E,E,E,A,0.5,turntaking
498,caste,5,E,A,A,C,C,A,C,A,C,A,C,A,D,D,D,D,D,D,D,D,1.0,turntaking
498,caste,6,skip,E,B,E,B,E,B,E,B,E,B,E,B,E,B,E,B,E,B,E,0.0,turntaking
499,caste,1,A,E,B,E,B,E,B,E,B,E,B,E,B,E,B,E,B,E,B,E,0.95,turntaking
499,turntaking,2,A,A,A,A,A,A,A,A,A,A,D,D,A,A,A,A,A,A,A,D,0.4,turntaking
499,caste,3,C,B,E,B,E,B,E,B,E,B,E,B,E,B,E,B,E,B,E,B,1.0,turntaking
499,caste,4,D,C,C,C,C,C,C,C,C,C,C,C,C,C,C,C,C,C,C,C,0.85,turntaking
499,turntaking,5,D,D,D,D,D,D,D,D,D,D,C,A,D,D,D,D,D,D,D,C,0.45,turntaking
499,caste,6,skip,A,D,A,D,A,D,A,D,A,D,A,A,D,A,D,A,D,A,D,0.0,turntaking
500,caste,1,A,C,C,C,C,C,C,C,C,C,C,C,C,C,C,C,C,C,C,C,1.0,turntaking
500,caste,2,B,E,E,E,E,E,E,E,E,E,E,E,E,E,E,E,E,E,E,E,0.95,turntaking
500,turntaking,3,B,B,B,B,B,B,B,B,B,B,D,D,B,B,B,B,B,B,B,D,0.4,turntaking
500,caste,4,D,A,A,A,A,A,A,A,A,A,A,A,A,A,A,A,A,A,A,A,0.85,turntaking
500,turntaking,5,D,D,D,D,D,D,D,D,D,D,A,B,D,D,D,D,D,D,D,A,0.45,turntaking
500,caste,6,skip,B,D,B,D,B,D,B,D,B,D,B,B,D,B,D,B,D,B,D,0.0,turntaking
501,caste,1,A,A,A,A,A,A,A,A,A,A,A,A,A,B,B,C,C,C,C,C,0.95,turntaking
501,caste,2,B,B,B,B,B,B,B,B,B,B,B,C,C,C,C,B,B,B,B,B,1.0,turntaking
501,caste,3,C,C,C,C,C,C,C,C,C,C,C,B,B,A,A,A,A,A,A,A,1.0,turntaking
501,caste,4,D,E,D,E,D,E,D,E,D,E,D,E,D,E,D,E,D,E,D,E,0.0,turntaking
501,turntaking,5,D,D,D,D,D,D,D,D,D,D,D,D,D,D,D,D,D,D,D,E,0.45,turntaking
501,turntaking,6,E,E,E,E,E,E,E,E,E,E,E,E,E,E,E,E,E,E,E,C,0.5,turntaking
502,turntaking,1,skip,E,C,C,C,D,D,C,C,D,D,C,C,D,D,C,C,D,D,C,0.5,turntaking
502,turntaking,2,A,D,D,D,D,C,C,D,D,C,C,D,D,C,C,D,D,C,C,D,0.5,turntaking
502,caste,3,C,B,B,B,B,B,B,B,B,B,A,E,E,E,E,E,E,E,E,E,1.0,turntaking
502,caste,4,D,A,A,A,A,A,A,A,A,A,E,A,A,A,A,A,A,A,A,A,1.0,turntaking
502,caste,5,E,C,E,E,E,E,E,E,E,E,B,B,B,B,B,B,B,B,B,B,1.0,turntaking
502,caste,6,skip,D,C,D,C,C,D,D,C,C,D,D,C,C,D,D,C,C,D,D,0.0,turntaking
503,turntaking,1,skip,E,E,E,B,B,E,E,B,B,E,E,E,E,B,B,E,E,B,D,0.45,turntaking
503,caste,2,B,D,D,D,D,D,D,D,D,D,D,D,D,D,D,D,D,D,D,D,0.9,turntaking
503,turntaking,3,B,B,B,B,E,E,B,B,E,E,B,B,B,B,E,E,B,B,E,B,0.45,turntaking
503,caste,4,D,A,A,A,A,A,A,A,A,A,C,C,C,C,C,C,C,C,C,A,1.0,turntaking
503,caste,5,E,C,C,C,C,C,C,C,C,C,A,A,A,A,A,A,A,A,A,C,1.0,turntaking
503,caste,6,skip,E,B,E,E,B,B,E,E,B,B,E,B,E,E,B,B,E,E,B,0.0,turntaking
504,turntaking,1,skip,D,E,E,D,D,E,E,D,D,E,E,D,D,E,E,D,D,E,C,0.45,turntaking
504,caste,2,B,A,A,A,A,A,A,A,A,A,A,B,C,C,C,C,C,C,C,C,0.95,turntaking
504,caste,3,C,B,B,B,B,B,B,B,B,B,C,C,B,B,B,B,B,B,B,B,1.0,turntaking
504,caste,4,D,C,C,C,C,C,C,C,C,C,B,A,A,A,A,A,A,A,A,A,1.0,turntaking
504,caste,5,E,D,D,E,E,D,D,E,E,D,D,E,E,D,D,E,E,D,D,E,0.0,turntaking
504,turntaking,6,E,E,D,D,E,E,D,D,E,E,D,D,E,E,D,D,E,E,D,E,0.45,turntaking
505,caste,1,A,D,B,D,B,D,B,D,B,D,B,D,B,D,B,D,B,B,D,B,0.95,turntaking
505,turntaking,2,A,A,A,A,A,A,A,A,A,A,C,C,A,A,A,A,A,A,A,C,0.4,turntaking
505,caste,3,C,E,E,E,E,E,E,E,E,E,E,E,E,E,E,E,E,E,E,E,0.85,turntaking
505,turntaking,4,C,C,C,C,C,C,C,C,C,C,E,A,C,C,C,C,C,C,C,E,0.45,turntaking
505,caste,5,E,B,D,B,D,B,D,B,D,B,D,B,D,B,D,B,D,D,B,D,1.0,turntaking
505,caste,6,skip,A,C,A,C,A,C,A,C,A,C,A,A,C,A,C,A,C,A,C,0.0,turntaking
506,caste,1,A,E,E,E,E,E,E,E,E,E,E,E,E,E,E,A,A,A,A,A,1.0,turntaking
506,caste,2,B,A,A,A,A,A,A,A,A,A,A,A,A,A,A,E,E,E,E,E,1.0,turntaking
506,caste,3,C,B,B,B,B,B,B,B,B,B,B,B,B,B,B,B,B,B,B,B,0.9,turntaking
506,turntaking,4,C,C,C,C,C,C,C,C,C,C,C,C,C,C,C,C,C,C,C,D,0.45,turntaking
506,turntaking,5,D,D,D,D,D,D,D,D,D,D,D,D,D,D,D,D,D,D,D,B,0.5,turntaking
506,caste,6,skip,D,C,D,C,D,C,D,C,D,C,D,C,D,C,D,C,D,C,D,0.0,turntaking
507,caste,1,A,D,D,D,D,D,D,D,D,D,D,D,D,A,A,A,A,A,A,A,1.0,turntaking
507,caste,2,B,A,A,A,A,A,A,A,A,A,A,A,A,D,D,D,D,D,D,D,1.0,turntaking
507,caste,3,C,B,B,B,B,B,B,B,B,B,B,B,B,B,B,B,B,B,B,B,0.85,turntaking
507,turntaking,4,C,C,C,C,C,C,C,C,C,C,E,E,C,C,C,C,C,C,C,E,0.4,turntaking
507,caste,5,E,C,E,C,E,C,E,C,E,C,E,C,C,E,C,E,C,E,C,E,0.0,turntaking
507,turntaking,6,E,E,E,E,E,E,E,E,E,E,B,C,E,E,E,E,E,E,E,B,0.45,turntaking
508,turntaking,1,skip,E,E,E,C,C,E,E,C,C,E,E,C,C,E,E,C,C,E,B,0.45,turntaking
508,caste,2,B,A,A,A,A,A,A,A,A,A,A,D,D,D,D,D,D,D,D,D,1.0,turntaking
508,caste,3,C,B,B,B,B,B,B,B,B,B,B,B,B,B,B,B,B,B,B,B,0.9,turntaking
508,turntaking,4,C,C,C,C,E,E,C,C,E,E,C,C,E,E,C,C,E,E,C,E,0.45,turntaking
508,caste,5,E,D,D,D,D,D,D,D,D,D,D,A,A,A,A,A,A,A,A,A,1.0,turntaking
508,caste,6,skip,E,C,E,E,C,C,E,E,C,C,E,E,C,C,E,E,C,C,E,0.0,turntaking
509,caste,1,A,D,C,D,C,D,C,D,C,D,C,C,C,C,C,C,C,C,C,C,0.85,turntaking
509,turntaking,2,A,A,A,A,A,A,A,A,A,A,E,E,A,A,A,A,A,A,A,E,0.4,turntaking
509,caste,3,C,B,B,B,B,B,B,B,B,B,D,D,D,D,D,D,D,D,D,D,1.0,turntaking
509,caste,4,D,C,D,C,D,C,D,C,D,C,B,B,B,B,B,B,B,B,B,B,1.0,turntaking
509,caste,5,E,A,E,A,E,A,E,A,E,A,E,A,A,E,A,E,A,E,A,E,0.0,turntaking
509,turntaking,6,E,E,E,E,E,E,E,E,E,E,C,A,E,E,E,E,E,E,E,C,0.45,turntaking
510,turntaking,1,skip,C,D,D,C,C,D,D,C,C,D,D,C,C,D,D,C,C,D,B,0.45,turntaking
510,caste,2,B,A,A,A,A,A,A,A,A,A,A,A,E,E,E,E,E,E,E,E,1.0,turntaking
510,caste,3,C,E,E,E,E,E,E,E,E,E,E,E,A,A,A,A,A,A,A,A,1.0,turntaking
510,caste,4,D,B,B,B,B,B,B,B,B,B,B,B,B,B,B,B,B,B,B,B,0.9,turntaking
510,turntaking,5,D,D,C,C,D,D,C,C,D,D,C,C,D,D,C,C,D,D,C,D,0.45,turntaking
510,caste,6,skip,C,C,D,D,C,C,D,D,C,C,D,D,C,C,D,D,C,C,D,0.0,turntaking
511,equalize,1,A,C,C,D,B,A,C,D,B,A,C,B,A,C,D,B,A,C,D,B,0.7,equalize
511,turntaking,2,A,A,A,A,A,A,A,A,A,A,E,E,A,A,A,A,A,A,A,E,0.4,equalize
511,turntaking,3,B,E,E,E,E,E,E,E,E,E,B,A,E,E,E,E,E,E,E,B,0.45,equalize
511,equalize,4,D,D,E,B,E,C,D,B,E,C,D,A,C,D,B,E,C,D,B,E,0.7,equalize
511,equalize,5,E,E,B,A,C,D,B,A,C,D,B,C,D,B,A,C,D,B,A,C,0.7,equalize
511,equalize,6,skip,B,A,C,D,B,E,C,D,B,E,D,B,E,C,D,B,E,C,D,0.7,equalize
512,equalize,1,A,D,E,C,D,A,E,C,D,A,E,D,A,E,C,D,A,E,C,D,0.75,equalize
512,equalize,2,B,C,C,D,A,B,C,D,A,B,C,A,B,C,D,A,B,C,D,A,0.7,equalize
512,turntaking,3,B,B,B,B,B,B,B,B,B,B,E,E,B,B,B,B,B,B,B,E,0.4,equalize
512,equalize,4,D,B,D,A,E,C,D,A,E,C,D,B,C,D,A,E,C,D,A,E,0.7,equalize
512,equalize,5,E,A,A,B,C,D,A,B,C,D,A,C,D,A,B,C,D,A,B,C,0.7,equalize
512,turntaking,6,E,E,E,E,E,E,E,E,E,E,A,B,E,E,E,E,E,E,E,A,0.45,equalize
513,equalize,1,A,C,E,C,A,B,C,D,A,B,C,A,B,C,D,A,B,C,D,A,0.7,equalize
513,equalize,2,B,D,D,A,E,C,D,A,E,C,D,B,C,D,A,E,C,D,A,E,0.7,equalize
513,turntaking,3,B,B,B,B,B,B,B,B,B,B,E,E,B,B,B,B,B,B,B,E,0.4,equalize
513,turntaking,4,C,E,E,E,E,E,E,E,E,E,A,B,E,E,E,E,E,E,E,A,0.45,equalize
513,equalize,5,E,E,A,B,C,D,A,B,C,D,A,C,D,A,B,C,D,A,B,C,0.7,equalize
513,equalize,6,skip,A,B,D,D,A,E,C,D,A,E,D,A,E,C,D,A,E,C,D,0.7,equalize
514,equalize,1,A,B,B,E,C,D,B,E,C,A,B,E,C,A,B,E,C,A,B,E,0.75,equalize
514,turntaking,2,A,A,A,D,D,D,D,D,A,A,D,D,A,A,D,D,A,A,D,C,0.45,equalize
514,equalize,3,C,A,E,C,A,B,E,C,D,B,E,C,D,B,E,C,D,B,E,C,0.7,equalize
514,equalize,4,D,E,C,B,B,E,C,D,B,E,C,D,B,E,C,D,B,E,C,D,0.7,equalize
514,turntaking,5,D,D,C,A,A,A,A,A,D,D,A,A,D,D,A,A,D,D,A,D,0.45,equalize
514,equalize,6,skip,C,D,D,E,C,A,B,E,C,A,B,E,C,A,B,E,C,A,B,0.7,equalize
515,equalize,1,A,B,C,E,A,D,C,E,A,D,C,E,A,D,E,C,A,D,E,C,0.75,equalize
515,equalize,2,B,C,E,A,B,C,E,A,B,C,E,A,B,E,C,A,B,E,C,A,0.7,equalize
515,turntaking,3,B,B,B,D,D,D,D,D,D,D,B,B,D,D,B,B,D,D,B,A,0.45,equalize
515,equalize,4,D,E,A,C,C,E,A,D,C,E,A,B,E,C,A,B,E,C,A,B,0.7,equalize
515,turntaking,5,D,D,A,B,B,B,B,B,B,B,D,D,B,B,D,D,B,B,D,B,0.45,equalize
515,equalize,6,skip,A,D,D,E,A,B,C,E,A,D,C,C,A,D,E,C,A,D,E,0.7,equalize
516,equalize,1,A,B,D,C,B,A,E,C,B,A,E,B,A,E,C,B,A,E,C,B,0.75,equalize
516,equalize,2,B,C,E,B,A,D,C,B,A,D,C,A,D,C,B,A,D,C,B,A,0.7,equalize
516,equalize,3,C,E,B,A,E,C,B,A,E,C,B,D,C,B,A,E,C,B,A,E,0.7,equalize
516,equalize,4,D,A,A,D,C,B,A,D,C,B,A,C,B,A,D,C,B,A,D,C,0.7,equalize
516,turntaking,5,D,D,D,D,D,D,D,D,D,D,E,E,D,D,D,D,D,D,D,E,0.4,equalize
516,turntaking,6,E,E,E,E,E,E,E,E,E,E,A,D,E,E,E,E,E,E,E,A,0.45,equalize
517,turntaking,1,skip,E,C,C,D,D,C,C,C,C,D,D,D,D,C,C,C,C,D,E,0.45,equalize
517,turntaking,2,A,D,D,D,C,C,D,D,D,D,C,C,C,C,D,D,D,D,C,D,0.45,equalize
517,equalize,3,C,A,C,B,A,E,D,B,A,E,C,B,A,E,D,B,A,E,C,B,0.75,equalize
517,equalize,4,D,C,D,A,E,D,B,A,E,C,B,A,E,D,B,A,E,C,B,A,0.75,equalize
517,equalize,5,E,D,A,E,C,B,A,E,D,B,A,E,C,B,A,E,D,B,A,E,0.7,equalize
517,equalize,6,skip,B,E,C,B,A,E,C,B,A,E,D,B,A,E,C,B,A,E,D,0.7,equalize
518,turntaking,1,skip,E,E,E,E,E,B,B,B,B,E,E,E,E,B,B,B,B,E,D,0.45,equalize
518,equalize,2,B,A,A,A,C,D,E,A,C,D,B,A,C,D,E,A,C,D,B,A,0.75,equalize
518,turntaking,3,B,B,B,B,B,B,E,E,E,E,B,B,B,B,E,E,E,E,B,E,0.45,equalize
518,equalize,4,D,D,B,C,D,E,A,C,D,B,A,C,D,E,A,C,D,B,A,C,0.75,equalize
518,equalize,5,E,E,C,D,B,A,C,D,E,A,C,D,B,A,C,D,E,A,C,D,0.7,equalize
518,equalize,6,skip,C,D,E,A,C,D,B,A,C,D,E,A,C,D,B,A,C,D,E,0.7,equalize
519,turntaking,1,skip,D,E,E,D,D,E,E,D,D,E,E,D,D,E,E,D,D,E,B,0.45,equalize
519,equalize,2,B,B,C,E,A,C,B,E,A,C,B,E,A,C,B,E,A,C,B,E,0.75,equalize
519,equalize,3,C,C,D,A,C,B,D,A,C,B,D,A,C,B,D,A,C,B,D,A,0.75,equalize
519,equalize,4,D,D,A,C,B,D,A,C,B,D,A,C,B,D,A,C,B,D,A,C,0.75,equalize
519,equalize,5,E,A,B,B,E,A,C,B,E,A,C,B,E,A,C,B,E,A,C,B,0.7,equalize
519,turntaking,6,E,E,D,D,E,E,D,D,E,E,D,D,E,E,D,D,E,E,D,E,0.45,equalize
520,equalize,1,A,B,B,D,C,E,B,D,C,E,B,D,C,E,B,D,C,A,B,D,0.75,equalize
520,turntaking,2,A,A,A,E,E,E,E,E,E,E,A,A,E,E,A,A,A,A,E,C,0.45,equalize
520,equalize,3,C,D,D,C,A,B,D,C,A,B,D,C,A,B,D,C,E,B,D,C,0.7,equalize
520,turntaking,4,C,C,E,A,A,A,A,A,A,A,E,E,A,A,E,E,E,E,A,E,0.45,equalize
520,equalize,5,E,A,E,B,B,D,C,E,B,D,C,A,B,D,C,A,B,D,C,E,0.7,equalize
520,equalize,6,skip,E,C,E,D,C,A,B,D,C,E,B,D,C,E,B,D,C,A,B,0.7,equalize
521,equalize,1,A,B,D,A,B,D,A,E,B,D,A,B,D,A,E,B,D,A,E,B,0.7,equalize
521,equalize,2,B,D,E,B,C,A,E,B,C,A,E,D,A,E,B,C,A,E,B,C,0.7,equalize
521,equalize,3,C,E,B,D,A,E,B,D,A,E,B,A,E,B,D,A,E,B,D,A,0.7,equalize
521,turntaking,4,C,C,C,D,D,D,D,D,D,D,C,C,D,D,D,D,D,D,D,C,0.4,equalize
521,turntaking,5,D,D,D,C,C,C,C,C,C,C,B,D,C,C,C,C,C,C,C,B,0.45,equalize
521,equalize,6,skip,A,C,E,E,B,C,A,E,B,C,E,B,C,A,E,B,C,A,E,0.7,equalize
522,equalize,1,A,B,E,D,B,A,E,D,B,A,E,B,A,E,D,B,A,E,D,B,0.75,equalize
522,equalize,2,B,C,D,B,A,C,D,B,A,C,D,A,C,D,B,A,C,D,B,A,0.7,equalize
522,equalize,3,C,D,B,A,E,D,B,A,E,D,B,C,D,B,A,E,D,B,A,E,0.7,equalize
522,turntaking,4,C,C,C,C,C,C,C,C,C,C,E,E,C,C,C,C,C,C,C,E,0.4,equalize
522,equalize,5,E,A,A,C,D,B,A,C,D,B,A,D,B,A,C,D,B,A,C,D,0.7,equalize
522,turntaking,6,E,E,E,E,E,E,E,E,E,E,A,C,E,E,E,E,E,E,E,A,0.45,equalize
523,turntaking,1,skip,E,E,E,C,C,E,E,E,E,C,C,C,C,E,E,E,E,C,B,0.45,equalize
523,equalize,2,B,B,C,A,D,B,C,A,D,B,E,A,D,B,C,A,D,B,E,A,0.75,equalize
523,equalize,3,C,A,A,D,B,C,A,D,B,E,A,D,B,C,A,D,B,E,A,D,0.75,equalize
523,turntaking,4,C,C,C,C,E,E,C,C,C,C,E,E,E,E,C,C,C,C,E,C,0.45,equalize
523,equalize,5,E,E,D,B,E,A,D,B,C,A,D,B,E,A,D,B,C,A,D,B,0.7,equalize
523,equalize,6,skip,D,B,E,A,D,B,E,A,D,B,C,A,D,B,E,A,D,B,C,0.7,equalize
524,equalize,1,A,B,B,B,D,C,E,B,D,C,E,D,C,E,B,D,C,E,B,D,0.75,equalize
524,turntaking,2,A,A,A,A,A,A,A,A,A,A,E,E,A,A,A,A,A,A,A,E,0.4,equalize
524,equalize,3,C,D,E,D,C,A,B,D,C,A,B,C,A,B,D,C,A,B,D,C,0.7,equalize
524,equalize,4,D,A,D,C,E,B,D,C,E,B,D,A,B,D,C,E,B,D,C,E,0.7,equalize
524,equalize,5,E,C,C,A,B,D,C,A,B,D,C,B,D,C,A,B,D,C,A,B,0.7,equalize
524,turntaking,6,E,E,E,E,E,E,E,E,E,E,C,A,E,E,E,E,E,E,E,C,0.45,equalize
525,turntaking,1,skip,C,D,D,D,D,C,C,C,C,D,D,D,D,C,C,C,C,D,B,0.45,equalize
525,equalize,2,B,B,C,A,E,B,D,A,E,B,C,A,E,B,D,A,E,B,C,A,0.75,equalize
525,equalize,3,C,C,A,E,B,D,A,E,B,C,A,E,B,D,A,E,B,C,A,E,0.75,equalize
525,equalize,4,D,A,E,B,C,A,E,B,D,A,E,B,C,A,E,B,D,A,E,B,0.7,equalize
525,turntaking,5,D,D,C,C,C,C,D,D,D,D,C,C,C,C,D,D,D,D,C,D,0.45,equalize
525,equalize,6,skip,E,B,D,A,E,B,C,A,E,B,D,A,E,B,C,A,E,B,D,0.7,equalize
526,turntaking,1,skip,E,C,B,A,A,skip,E,E,E,E,E,skip,B,C,C,A,E,skip,B,0.8,draw
526,turntaking,2,A,skip,D,D,D,D,A,skip,C,C,D,A,E,skip,B,D,C,A,E,skip,0.8,draw
526,turntaking,3,B,A,skip,E,C,B,D,A,skip,B,C,D,A,E,skip,B,D,C,A,E,0.85,draw
526,turntaking,4,C,B,A,skip,E,C,B,D,A,skip,B,C,D,A,E,skip,B,D,C,A,0.85,draw
526,turntaking,5,D,C,B,A,skip,E,C,B,D,A,skip,B,C,D,A,E,skip,B,D,C,0.85,draw
526,turntaking,6,E,D,E,C,B,skip,E,C,B,D,A,skip,B,C,D,A,E,skip,B,D,0.85,draw
527,turntaking,1,skip,E,C,B,A,A,skip,E,E,E,E,E,skip,B,C,C,A,E,skip,B,0.8,draw
527,turntaking,2,A,skip,D,D,D,D,A,skip,C,C,D,A,E,skip,B,D,C,A,E,skip,0.8,draw
527,turntaking,3,B,A,skip,E,C,B,D,A,skip,B,C,D,A,E,skip,B,D,C,A,E,0.85,draw
527,turntaking,4,C,B,A,skip,E,C,B,D,A,skip,B,C,D,A,E,skip,B,D,C,A,0.85,draw
527,turntaking,5,D,C,B,A,skip,E,C,B,D,A,skip,B,C,D,A,E,skip,B,D,C,0.85,draw
527,turntaking,6,E,D,E,C,B,skip,E,C,B,D,A,skip,B,C,D,A,E,skip,B,D,0.85,draw
528,turntaking,1,skip,E,C,B,A,A,skip,E,E,E,E,E,skip,B,C,C,A,E,skip,B,0.8,draw
528,turntaking,2,A,skip,D,D,D,D,A,skip,C,C,D,A,E,skip,B,D,C,A,E,skip,0.8,draw
528,turntaking,3,B,A,skip,E,C,B,D,A,skip,B,C,D,A,E,skip,B,D,C,A,E,0.85,draw
528,turntaking,4,C,B,A,skip,E,C,B,D,A,skip,B,C,D,A,E,skip,B,D,C,A,0.85,draw
528,turntaking,5,D,C,B,A,skip,E,C,B,D,A,skip,B,C,D,A,E,skip,B,D,C,0.85,draw
528,turntaking,6,E,D,E,C,B,skip,E,C,B,D,A,skip,B,C,D,A,E,skip,B,D,0.85,draw
529,turntaking,1,skip,E,C,B,A,A,skip,E,E,E,E,E,skip,B,C,C,A,E,skip,B,0.8,draw
529,turntaking,2,A,skip,D,D,D,D,A,skip,C,C,D,A,E,skip,B,D,C,A,E,skip,0.8,draw
529,turntaking,3,B,A,skip,E,C,B,D,A,skip,B,C,D,A,E,skip,B,D,C,A,E,0.85,draw
529,turntaking,4,C,B,A,skip,E,C,B,D,A,skip,B,C,D,A,E,skip,B,D,C,A,0.85,draw
529,turntaking,5,D,C,B,A,skip,E,C,B,D,A,skip,B,C,D,A,E,skip,B,D,C,0.85,draw
529,turntaking,6,E,D,E,C,B,skip,E,C,B,D,A,skip,B,C,D,A,E,skip,B,D,0.85,draw
530,turntaking,1,skip,E,C,B,A,A,skip,E,E,E,E,E,skip,B,C,C,A,E,skip,B,0.8,draw
530,turntaking,2,A,skip,D,D,D,D,A,skip,C,C,D,A,E,skip,B,D,C,A,E,skip,0.8,draw
530,turntaking,3,B,A,skip,E,C,B,D,A,skip,B,C,D,A,E,skip,B,D,C,A,E,0.85,draw
530,turntaking,4,C,B,A,skip,E,C,B,D,A,skip,B,C,D,A,E,skip,B,D,C,A,0.85,draw
530,turntaking,5,D,C,B,A,skip,E,C,B,D,A,skip,B,C,D,A,E,skip,B,D,C,0.85,draw
530,turntaking,6,E,D,E,C,B,skip,E,C,B,D,A,skip,B,C,D,A,E,skip,B,D,0.85,draw
531,turntaking,1,skip,E,C,B,A,A,skip,E,E,E,E,E,skip,B,C,C,A,E,skip,B,0.8,draw
531,turntaking,2,A,skip,D,D,D,D,A,skip,C,C,D,A,E,skip,B,D,C,A,E,skip,0.8,draw
531,turntaking,3,B,A,skip,E,C,B,D,A,skip,B,C,D,A,E,skip,B,D,C,A,E,0.85,draw
531,turntaking,4,C,B,A,skip,E,C,B,D,A,skip,B,C,D,A,E,skip,B,D,C,A,0.85,draw
531,turntaking,5,D,C,B,A,skip,E,C,B,D,A,skip,B,C,D,A,E,skip,B,D,C,0.85,draw
531,turntaking,6,E,D,E,C,B,skip,E,C,B,D,A,skip,B,C,D,A,E,skip,B,D,0.85,draw
532,turntaking,1,skip,E,C,B,A,A,skip,E,E,E,E,E,skip,B,C,C,A,E,skip,B,0.8,draw
532,turntaking,2,A,skip,D,D,D,D,A,skip,C,C,D,A,E,skip,B,D,C,A,E,skip,0.8,draw
532,turntaking,3,B,A,skip,E,C,B,D,A,skip,B,C,D,A,E,skip,B,D,C,A,E,0.85,draw
532,turntaking,4,C,B,A,skip,E,C,B,D,A,skip,B,C,D,A,E,skip,B,D,C,A,0.85,draw
532,turntaking,5,D,C,B,A,skip,E,C,B,D,A,skip,B,C,D,A,E,skip,B,D,C,0.85,draw
532,turntaking,6,E,D,E,C,B,skip,E,C,B,D,A,skip,B,C,D,A,E,skip,B,D,0.85,draw
533,turntaking,1,skip,E,C,B,A,A,skip,E,E,E,E,E,skip,B,C,C,A,E,skip,B,0.8,draw
533,turntaking,2,A,skip,D,D,D,D,A,skip,C,C,D,A,E,skip,B,D,C,A,E,skip,0.8,draw
533,turntaking,3,B,A,skip,E,C,B,D,A,skip,B,C,D,A,E,skip,B,D,C,A,E,0.85,draw
533,turntaking,4,C,B,A,skip,E,C,B,D,A,skip,B,C,D,A,E,skip,B,D,C,A,0.85,draw
533,turntaking,5,D,C,B,A,skip,E,C,B,D,A,skip,B,C,D,A,E,skip,B,D,C,0.85,draw
533,turntaking,6,E,D,E,C,B,skip,E,C,B,D,A,skip,B,C,D,A,E,skip,B,D,0.85,draw
534,turntaking,1,skip,E,C,B,A,A,skip,E,E,E,E,E,skip,B,C,C,A,E,skip,B,0.8,draw
534,turntaking,2,A,skip,D,D,D,D,A,skip,C,C,D,A,E,skip,B,D,C,A,E,skip,0.8,draw
534,turntaking,3,B,A,skip,E,C,B,D,A,skip,B,C,D,A,E,skip,B,D,C,A,E,0.85,draw
534,turntaking,4,C,B,A,skip,E,C,B,D,A,skip,B,C,D,A,E,skip,B,D,C,A,0.85,draw
534,turntaking,5,D,C,B,A,skip,E,C,B,D,A,skip,B,C,D,A,E,skip,B,D,C,0.85,draw
534,turntaking,6,E,D,E,C,B,skip,E,C,B,D,A,skip,B,C,D,A,E,skip,B,D,0.85,draw
535,turntaking,1,skip,E,C,B,A,A,skip,E,E,E,E,E,skip,B,C,C,A,E,skip,B,0.8,draw
535,turntaking,2,A,skip,D,D,D,D,A,skip,C,C,D,A,E,skip,B,D,C,A,E,skip,0.8,draw
535,turntaking,3,B,A,skip,E,C,B,D,A,skip,B,C,D,A,E,skip,B,D,C,A,E,0.85,draw
535,turntaking,4,C,B,A,skip,E,C,B,D,A,skip,B,C,D,A,E,skip,B,D,C,A,0.85,draw
535,turntaking,5,D,C,B,A,skip,E,C,B,D,A,skip,B,C,D,A,E,skip,B,D,C,0.85,draw
535,turntaking,6,E,D,E,C,B,skip,E,C,B,D,A,skip,B,C,D,A,E,skip,B,D,0.85,draw
536,turntaking,1,skip,E,C,B,A,A,skip,E,E,E,E,E,skip,B,C,C,A,E,skip,B,0.8,draw
536,turntaking,2,A,skip,D,D,D,D,A,skip,C,C,D,A,E,skip,B,D,C,A,E,skip,0.8,draw
536,turntaking,3,B,A,skip,E,C,B,D,A,skip,B,C,D,A,E,skip,B,D,C,A,E,0.85,draw
536,turntaking,4,C,B,A,skip,E,C,B,D,A,skip,B,C,D,A,E,skip,B,D,C,A,0.85,draw
536,turntaking,5,D,C,B,A,skip,E,C,B,D,A,skip,B,C,D,A,E,skip,B,D,C,0.85,draw
536,turntaking,6,E,D,E,C,B,skip,E,C,B,D,A,skip,B,C,D,A,E,skip,B,D,0.85,draw
537,turntaking,1,skip,E,C,B,A,A,skip,E,E,E,E,E,skip,B,C,C,A,E,skip,B,0.8,draw
537,turntaking,2,A,skip,D,D,D,D,A,skip,C,C,D,A,E,skip,B,D,C,A,E,skip,0.8,draw
537,turntaking,3,B,A,skip,E,C,B,D,A,skip,B,C,D,A,E,skip,B,D,C,A,E,0.85,draw
537,turntaking,4,C,B,A,skip,E,C,B,D,A,skip,B,C,D,A,E,skip,B,D,C,A,0.85,draw
537,turntaking,5,D,C,B,A,skip,E,C,B,D,A,skip,B,C,D,A,E,skip,B,D,C,0.85,draw
537,turntaking,6,E,D,E,C,B,skip,E,C,B,D,A,skip,B,C,D,A,E,skip,B,D,0.85,draw
538,turntaking,1,skip,E,C,B,A,A,skip,E,E,E,E,E,skip,B,C,C,A,E,skip,B,0.8,draw
538,turntaking,2,A,skip,D,D,D,D,A,skip,C,C,D,A,E,skip,B,D,C,A,E,skip,0.8,draw
538,turntaking,3,B,A,skip,E,C,B,D,A,skip,B,C,D,A,E,skip,B,D,C,A,E,0.85,draw
538,turntaking,4,C,B,A,skip,E,C,B,D,A,skip,B,C,D,A,E,skip,B,D,C,A,0.85,draw
538,turntaking,5,D,C,B,A,skip,E,C,B,D,A,skip,B,C,D,A,E,skip,B,D,C,0.85,draw
538,turntaking,6,E,D,E,C,B,skip,E,C,B,D,A,skip,B,C,D,A,E,skip,B,D,0.85,draw
539,turntaking,1,skip,E,C,B,A,A,skip,E,E,E,E,E,skip,B,C,C,A,E,skip,B,0.8,draw
539,turntaking,2,A,skip,D,D,D,D,A,skip,C,C,D,A,E,skip,B,D,C,A,E,skip,0.8,draw
539,turntaking,3,B,A,skip,E,C,B,D,A,skip,B,C,D,A,E,skip,B,D,C,A,E,0.85,draw
539,turntaking,4,C,B,A,skip,E,C,B,D,A,skip,B,C,D,A,E,skip,B,D,C,A,0.85,draw
539,turntaking,5,D,C,B,A,skip,E,C,B,D,A,skip,B,C,D,A,E,skip,B,D,C,0.85,draw
539,turntaking,6,E,D,E,C,B,skip,E,C,B,D,A,skip,B,C,D,A,E,skip,B,D,0.85,draw
540,turntaking,1,skip,E,C,B,A,A,skip,E,E,E,E,E,skip,B,C,C,A,E,skip,B,0.8,draw
540,turntaking,2,A,skip,D,D,D,D,A,skip,C,C,D,A,E,skip,B,D,C,A,E,skip,0.8,draw
540,turntaking,3,B,A,skip,E,C,B,D,A,skip,B,C,D,A,E,skip,B,D,C,A,E,0.85,draw
540,turntaking,4,C,B,A,skip,E,C,B,D,A,skip,B,C,D,A,E,skip,B,D,C,A,0.85,draw
540,turntaking,5,D,C,B,A,skip,E,C,B,D,A,skip,B,C,D,A,E,skip,B,D,C,0.85,draw
540,turntaking,6,E,D,E,C,B,skip,E,C,B,D,A,skip,B,C,D,A,E,skip,B,D,0.85,draw
541,random,1,skip,B,B,E,E,skip,skip,skip,C,D,E,skip,D,skip,E,B,C,D,D,D,0.45,draw
541,random,2,E,C,E,D,C,D,skip,A,A,E,B,E,B,C,B,A,C,C,A,C,0.3,draw
541,random,3,skip,D,C,skip,A,skip,A,skip,A,B,A,skip,A,skip,A,C,D,E,B,D,0.35,draw
541,random,4,D,C,E,skip,E,D,skip,B,E,E,skip,skip,A,C,C,E,A,E,B,C,0.1,draw
541,random,5,B,E,D,E,E,E,B,skip,E,B,A,E,B,D,C,D,A,C,A,D,0.35,draw
541,random,6,D,skip,A,A,E,B,C,D,D,E,D,D,skip,E,E,A,A,A,skip,E,0.55,draw
542,random,1,A,A,D,skip,A,E,C,skip,C,A,skip,C,A,E,E,C,skip,D,E,E,0.3,draw
542,random,2,C,skip,E,D,B,D,D,D,A,B,B,E,E,B,A,D,D,E,D,C,0.3,draw
542,random,3,B,B,E,E,B,E,B,E,skip,A,E,C,C,B,E,skip,B,E,C,E,0.25,draw
542,random,4,E,A,E,B,E,skip,B,A,skip,D,C,E,skip,A,A,A,D,D,A,D,0.5,draw
542,random,5,C,C,E,A,B,E,B,E,B,E,E,skip,A,B,skip,skip,A,E,C,C,0.2,draw
542,random,6,D,skip,A,D,skip,D,C,D,C,skip,E,E,E,B,D,skip,A,C,B,B,0.3,draw
543,random,1,D,D,skip,D,D,A,B,C,D,B,C,skip,A,E,E,A,skip,D,E,D,0.25,draw
543,random,2,B,D,D,skip,E,A,E,A,D,A,C,B,C,E,D,B,C,A,E,B,0.4,draw
543,random,3,C,C,C,C,C,C,C,E,C,A,A,E,A,C,C,A,E,D,D,E,0.3,draw
543,random,4,E,B,A,A,E,C,skip,D,D,E,D,C,E,E,A,E,C,C,E,A,0.25,draw
543,random,5,B,skip,C,A,skip,B,C,skip,D,B,E,E,E,B,E,A,A,E,A,A,0.2,draw
543,random,6,E,C,C,A,C,B,B,E,C,E,D,A,B,A,A,B,A,C,D,E,0.15,draw
544,random,1,A,A,C,skip,A,D,C,B,D,B,B,D,skip,B,A,A,A,C,skip,E,0.15,draw
544,random,2,C,skip,D,C,B,C,skip,B,A,E,A,skip,skip,A,B,E,E,E,E,C,0.35,draw
544,random,3,C,skip,A,C,skip,E,D,E,B,D,A,D,skip,A,C,B,D,D,D,B,0.35,draw
544,random,4,C,D,E,A,E,D,A,skip,B,E,B,skip,C,D,E,D,A,B,E,E,0.4,draw
544,random,5,E,skip,B,C,C,skip,E,skip,A,skip,A,D,C,B,A,D,A,skip,C,B,0.25,draw
544,random,6,A,A,D,skip,A,E,C,skip,B,skip,E,B,A,skip,A,A,D,C,D,B,0.15,draw
545,random,1,E,E,C,C,D,E,A,E,C,E,B,C,A,E,A,D,C,C,skip,E,0.35,draw
545,random,2,skip,A,C,E,skip,D,D,D,C,A,C,C,D,A,D,A,B,D,E,skip,0.45,draw
545,random,3,E,A,E,C,A,C,D,E,A,C,skip,D,C,skip,E,C,B,D,A,skip,0.25,draw
545,random,4,B,B,D,B,B,E,D,skip,C,C,skip,C,E,skip,E,B,D,A,B,A,0.45,draw
545,random,5,D,B,E,A,E,A,B,skip,D,E,A,E,B,C,E,D,C,skip,skip,C,0.45,draw
545,random,6,D,A,E,C,A,skip,A,skip,skip,skip,D,D,A,D,B,A,C,skip,B,C,0.15,draw
546,random,1,D,D,B,C,C,B,A,C,D,skip,D,E,A,D,C,A,B,C,skip,B,0.2,draw
546,random,2,C,A,E,E,A,A,B,C,E,C,A,A,A,E,A,A,A,D,skip,C,0.4,draw
546,random,3,A,E,C,C,D,B,E,C,D,D,B,B,skip,C,B,skip,C,D,E,B,0.35,draw
546,random,4,C,skip,B,C,D,D,A,C,C,E,skip,C,skip,skip,A,skip,C,skip,E,C,0.15,draw
546,random,5,D,E,D,C,A,A,B,skip,skip,D,C,skip,B,E,C,C,skip,A,B,A,0.3,draw
546,random,6,skip,E,D,D,C,A,B,B,skip,E,E,E,skip,A,skip,D,skip,C,D,C,0.3,draw
547,random,1,skip,A,B,skip,B,skip,C,C,B,A,B,A,D,A,D,A,D,B,D,B,0.45,draw
547,random,2,skip,D,A,A,C,E,E,C,B,B,skip,skip,D,C,E,C,C,D,E,D,0.3,draw
547,random,3,A,skip,E,B,E,A,E,skip,D,D,D,E,skip,C,C,A,C,skip,A,A,0.25,draw
547,random,4,B,E,E,C,E,B,A,B,D,D,A,C,E,E,C,E,E,D,B,E,0.6,draw
547,random,5,A,C,skip,skip,A,D,B,D,C,D,B,A,D,C,E,E,E,E,C,skip,0.3,draw
547,random,6,skip,C,E,B,A,C,C,C,E,B,C,B,C,B,C,E,B,B,E,D,0.35,draw
548,random,1,skip,skip,skip,E,E,D,B,C,A,B,D,skip,D,A,C,B,E,C,B,A,0.15,draw
548,random,2,C,B,A,B,skip,skip,skip,skip,C,E,A,C,A,B,B,D,E,C,B,B,0.35,draw
548,random,3,B,skip,skip,D,C,B,C,D,C,D,D,C,C,A,C,A,B,E,C,B,0.15,draw
548,random,4,E,E,E,A,E,D,C,D,B,B,C,skip,E,A,E,A,B,C,skip,C,0.4,draw
548,random,5,B,D,A,E,E,B,A,C,A,C,D,E,skip,C,D,D,C,E,C,skip,0.3,draw
548,random,6,B,B,E,E,skip,A,E,E,A,D,D,A,B,C,A,B,skip,B,A,D,0.45,draw
549,random,1,C,D,C,skip,D,A,B,B,A,A,C,A,A,C,E,B,B,B,D,C,0.35,draw
549,random,2,D,A,D,A,C,E,B,skip,B,skip,A,B,D,E,E,C,D,skip,B,D,0.4,draw
549,random,3,A,B,A,D,C,A,E,A,B,A,E,B,C,skip,D,skip,A,B,skip,B,0.4,draw
549,random,4,skip,A,skip,E,D,A,A,A,D,B,D,D,B,A,skip,C,D,A,E,C,0.3,draw
549,random,5,skip,A,B,E,C,skip,C,skip,E,B,C,B,D,A,skip,B,E,C,C,E,0.35,draw
549,random,6,B,E,E,C,C,A,B,C,A,E,E,A,B,skip,B,skip,A,D,D,skip,0.4,draw
550,random,1,B,skip,C,D,A,A,E,D,skip,B,skip,D,skip,B,E,A,E,C,C,D,0.3,draw
550,random,2,E,B,C,D,E,A,C,B,B,D,C,B,C,D,D,D,A,D,C,B,0.3,draw
550,random,3,B,B,C,E,A,E,D,D,D,D,D,E,E,C,A,D,A,B,C,D,0.3,draw
550,random,4,A,A,skip,D,skip,C,D,D,D,A,B,E,skip,E,A,E,E,D,B,B,0.3,draw
550,random,5,B,E,E,D,B,D,B,skip,D,B,A,B,C,skip,A,skip,D,D,C,C,0.4,draw
550,random,6,A,skip,A,A,A,A,A,B,skip,skip,C,A,D,skip,A,E,skip,E,skip,D,0.3,draw
551,random,1,D,A,B,B,E,skip,B,skip,D,B,B,E,D,E,D,E,skip,E,skip,D,0.3,draw
551,random,2,C,B,skip,C,D,E,C,E,E,skip,E,D,A,E,C,D,skip,E,A,D,0.3,draw
551,random,3,skip,C,E,skip,E,B,A,B,skip,E,D,E,C,skip,C,B,D,A,B,skip,0.3,draw
551,random,4,C,B,B,C,E,C,A,E,C,A,A,D,C,E,E,skip,E,E,C,skip,0.2,draw
551,random,5,C,B,D,B,skip,C,C,A,skip,E,skip,D,B,E,A,A,E,skip,B,C,0.2,draw
551,random,6,skip,C,A,C,B,E,C,A,C,D,D,skip,D,skip,D,E,A,E,E,C,0.25,draw
552,random,1,D,D,E,D,D,B,B,skip,D,A,C,A,B,B,C,A,A,skip,D,B,0.5,draw
552,random,2,E,E,skip,skip,A,D,E,C,skip,E,B,skip,A,D,B,E,B,C,D,B,0.35,draw
552,random,3,D,E,B,skip,B,A,C,A,A,A,B,D,A,skip,A,C,B,D,A,E,0.25,draw
552,random,4,A,B,skip,A,E,E,skip,C,D,B,E,E,C,skip,A,skip,A,B,A,D,0.35,draw
552,random,5,D,D,skip,E,C,D,A,E,E,A,B,C,D,skip,C,C,D,D,E,skip,0.35,draw
552,random,6,C,A,A,skip,E,E,C,A,A,B,E,C,D,A,C,E,B,skip,skip,C,0.25,draw
553,random,1,B,C,B,E,A,D,D,skip,D,E,A,E,E,B,A,skip,A,C,E,C,0.5,draw
553,random,2,A,D,A,A,C,E,C,C,E,D,E,D,E,D,E,C,skip,D,C,C,0.3,draw
553,random,3,skip,C,A,skip,A,B,C,C,E,skip,C,C,E,A,E,E,skip,C,skip,C,0.15,draw
553,random,4,C,skip,skip,skip,E,A,D,D,E,B,D,skip,D,E,C,E,B,B,B,A,0.4,draw
553,random,5,D,D,E,A,skip,B,B,E,A,skip,skip,B,D,skip,D,C,skip,A,B,D,0.35,draw
553,random,6,B,C,B,D,E,A,D,D,B,A,E,B,B,skip,E,B,skip,D,C,D,0.25,draw
554,random,1,skip,E,C,B,skip,A,C,E,B,E,skip,skip,skip,A,C,C,C,D,A,E,0.25,draw
554,random,2,E,E,D,B,A,D,C,E,B,D,skip,B,E,C,E,B,E,E,A,E,0.2,draw
554,random,3,A,D,B,C,A,A,B,skip,D,D,A,B,C,C,B,C,B,skip,D,skip,0.4,draw
554,random,4,B,A,skip,E,B,skip,skip,C,C,D,C,D,D,C,E,B,skip,C,B,E,0.4,draw
554,random,5,C,B,E,C,D,A,E,D,C,B,D,skip,C,C,D,C,C,A,A,C,0.45,draw
554,random,6,E,B,B,C,E,D,A,skip,E,A,C,B,A,D,D,E,A,C,E,D,0.5,draw
555,random,1,B,B,E,A,B,E,C,A,C,skip,A,C,D,B,C,C,C,B,E,D,0.45,draw
555,random,2,D,B,A,C,A,A,E,B,D,skip,E,B,A,D,B,A,skip,D,B,B,0.4,draw
555,random,3,C,B,skip,D,D,B,C,D,E,D,D,B,skip,B,E,E,skip,skip,B,C,0.35,draw
555,random,4,A,B,E,skip,skip,D,C,C,D,E,C,A,A,A,B,C,C,A,A,A,0.4,draw
555,random,5,C,A,C,A,B,E,E,B,B,C,C,D,A,D,C,E,B,skip,D,C,0.3,draw
555,random,6,D,E,E,B,E,B,B,E,skip,A,C,B,skip,A,D,E,E,C,D,E,0.5,draw
556,random,1,B,skip,C,E,B,E,D,skip,D,A,C,skip,A,A,A,C,B,E,C,C,0.3,rotate
556,rotate,2,B,C,D,E,skip,A,B,C,D,E,skip,A,B,C,D,E,skip,A,B,C,0.35,rotate
556,rotate,3,C,D,E,skip,A,B,C,D,E,skip,A,B,C,D,E,skip,A,B,C,D,0.3,rotate
556,random,4,C,A,D,skip,skip,D,C,C,D,D,skip,B,D,B,E,C,C,E,E,B,0.3,rotate
556,random,5,B,C,B,B,skip,E,B,C,A,B,A,C,C,D,skip,E,C,B,D,D,0.2,rotate
556,random,6,C,skip,C,B,E,skip,A,B,skip,D,skip,A,A,A,B,B,A,C,D,C,0.3,rotate
557,random,1,B,D,D,C,A,E,A,E,B,E,skip,B,E,C,E,A,E,B,C,A,0.25,rotate
557,random,2,B,C,B,E,B,skip,skip,skip,C,B,E,E,B,E,skip,C,E,E,skip,D,0.2,rotate
557,rotate,3,C,D,E,skip,A,B,C,D,E,skip,A,B,C,D,E,skip,A,B,C,D,0.35,rotate
557,random,4,skip,D,D,C,B,A,E,skip,C,C,C,A,E,E,D,C,skip,E,D,skip,0.2,rotate
557,random,5,E,E,skip,D,D,A,B,C,D,B,A,A,A,D,B,B,A,B,skip,skip,0.4,rotate
557,rotate,6,skip,A,B,C,D,E,skip,A,B,C,D,E,skip,A,B,C,D,E,skip,A,0.25,rotate
558,random,1,D,D,A,skip,D,A,skip,D,D,skip,A,skip,B,A,C,C,E,C,C,C,0.15,rotate
558,random,2,skip,skip,C,skip,E,skip,C,A,skip,E,skip,A,B,C,E,C,B,A,D,E,0.25,rotate
558,rotate,3,C,D,E,skip,A,B,C,D,E,skip,A,B,C,D,E,skip,A,B,C,D,0.45,rotate
558,rotate,4,D,E,skip,A,B,C,D,E,skip,A,B,C,D,E,skip,A,B,C,D,E,0.45,rotate
558,random,5,E,A,C,skip,C,A,skip,C,A,skip,B,E,C,D,C,D,B,D,D,C,0.35,rotate
558,random,6,D,D,C,C,D,D,A,E,D,C,D,C,E,C,C,B,skip,D,D,E,0.35,rotate
559,random,1,B,skip,D,C,D,E,B,E,C,B,C,C,skip,D,D,B,D,E,C,C,0.3,rotate
559,rotate,2,B,C,D,E,skip,A,B,C,D,E,skip,A,B,C,D,E,skip,A,B,C,0.35,rotate
559,random,3,A,C,D,C,skip,skip,D,skip,A,skip,D,E,skip,skip,B,B,E,A,D,skip,0.3,rotate
559,random,4,C,skip,B,A,B,C,skip,C,C,C,B,E,A,C,C,A,skip,skip,B,C,0.4,rotate
559,rotate,5,E,skip,A,B,C,D,E,skip,A,B,C,D,E,skip,A,B,C,D,E,skip,0.5,rotate
559,random,6,D,E,skip,A,E,C,skip,D,skip,D,E,E,D,D,D,B,D,D,E,D,0.4,rotate
560,random,1,skip,skip,B,C,skip,A,E,skip,B,A,B,A,A,E,D,D,A,E,E,D,0.4,rotate
560,random,2,A,B,D,C,A,skip,E,B,C,C,B,A,skip,A,skip,E,E,D,C,D,0.3,rotate
560,rotate,3,C,D,E,skip,A,B,C,D,E,skip,A,B,C,D,E,skip,A,B,C,D,0.4,rotate
560,random,4,A,A,skip,D,E,D,B,D,C,B,C,E,C,skip,B,skip,C,skip,D,A,0.35,rotate
560,rotate,5,E,skip,A,B,C,D,E,skip,A,B,C,D,E,skip,A,B,C,D,E,skip,0.35,rotate
560,random,6,C,skip,E,B,D,C,A,E,C,B,A,skip,D,A,A,D,D,skip,D,E,0.35,rotate
561,random,1,A,skip,B,E,D,A,C,A,C,skip,B,B,D,skip,C,A,skip,D,C,E,0.3,rotate
561,random,2,D,C,A,C,D,D,C,D,E,E,B,D,E,C,D,A,E,C,D,skip,0.3,rotate
561,random,3,B,B,B,A,skip,D,C,C,E,E,skip,skip,D,E,A,A,skip,skip,E,E,0.25,rotate
561,random,4,D,skip,D,D,C,C,D,A,E,C,skip,B,E,B,D,B,C,A,skip,C,0.35,rotate
561,rotate,5,E,skip,A,B,C,D,E,skip,A,B,C,D,E,skip,A,B,C,D,E,skip,0.3,rotate
561,rotate,6,skip,A,B,C,D,E,skip,A,B,C,D,E,skip,A,B,C,D,E,skip,A,0.55,rotate
562,rotate,1,A,B,C,D,E,skip,A,B,C,D,E,skip,A,B,C,D,E,skip,A,B,0.4,rotate
562,rotate,2,B,C,D,E,skip,A,B,C,D,E,skip,A,B,C,D,E,skip,A,B,C,0.35,rotate
562,random,3,D,D,E,C,A,D,skip,A,C,D,E,skip,D,C,B,A,A,C,B,B,0.25,rotate
562,random,4,B,C,D,skip,A,A,C,D,E,E,skip,E,C,A,skip,A,C,E,E,C,0.2,rotate
562,random,5,skip,skip,B,A,E,C,D,B,E,A,B,C,D,E,B,D,A,E,skip,skip,0.35,rotate
562,random,6,D,A,E,B,B,C,A,D,B,skip,E,E,C,D,A,E,A,A,A,C,0.3,rotate
563,rotate,1,A,B,C,D,E,skip,A,B,C,D,E,skip,A,B,C,D,E,skip,A,B,0.55,rotate
563,random,2,A,E,C,skip,B,D,skip,D,B,C,skip,A,B,skip,skip,E,C,B,D,D,0.35,rotate
563,rotate,3,C,D,E,skip,A,B,C,D,E,skip,A,B,C,D,E,skip,A,B,C,D,0.4,rotate
563,random,4,D,D,D,skip,A,C,E,E,B,A,B,E,A,A,E,C,A,B,B,A,0.55,rotate
563,random,5,A,C,C,D,A,skip,B,A,D,C,C,D,E,E,B,B,skip,skip,skip,D,0.5,rotate
563,random,6,E,skip,D,C,A,E,A,D,B,D,A,C,C,skip,E,E,A,A,E,E,0.35,rotate
564,rotate,1,A,B,C,D,E,skip,A,B,C,D,E,skip,A,B,C,D,E,skip,A,B,0.4,rotate
564,random,2,D,B,B,B,E,C,A,C,A,skip,C,B,A,C,E,E,C,A,E,D,0.45,rotate
564,random,3,D,D,B,E,skip,skip,D,A,B,B,E,skip,skip,A,skip,skip,D,E,E,E,0.2,rotate
564,random,4,A,A,skip,B,D,B,B,skip,skip,A,D,D,B,B,skip,A,B,A,C,D,0.35,rotate
564,random,5,E,E,A,skip,C,B,D,skip,skip,C,skip,C,D,skip,D,skip,E,E,B,B,0.4,rotate
564,rotate,6,skip,A,B,C,D,E,skip,A,B,C,D,E,skip,A,B,C,D,E,skip,A,0.3,rotate
565,random,1,D,A,A,B,skip,C,B,E,E,B,skip,D,skip,skip,D,B,E,B,E,skip,0.3,rotate
565,rotate,2,B,C,D,E,skip,A,B,C,D,E,skip,A,B,C,D,E,skip,A,B,C,0.4,rotate
565,random,3,D,B,E,A,C,C,A,A,skip,A,D,D,D,C,E,E,skip,D,D,A,0.2,rotate
565,rotate,4,D,E,skip,A,B,C,D,E,skip,A,B,C,D,E,skip,A,B,C,D,E,0.3,rotate
565,random,5,skip,A,E,C,B,D,C,B,A,skip,B,A,E,B,E,E,D,B,C,skip,0.4,rotate
565,random,6,B,B,E,E,E,A,C,A,D,A,A,C,skip,C,B,A,E,D,D,D,0.2,rotate
566,random,1,B,skip,skip,E,B,B,E,skip,A,B,skip,C,skip,C,A,skip,E,D,A,B,0.3,rotate
566,random,2,E,E,D,D,B,C,skip,D,skip,D,A,skip,A,A,A,B,D,D,C,B,0.4,rotate
566,random,3,C,skip,B,C,A,A,E,C,C,C,skip,D,D,B,skip,D,skip,C,skip,D,0.35,rotate
566,rotate,4,D,E,skip,A,B,C,D,E,skip,A,B,C,D,E,skip,A,B,C,D,E,0.4,rotate
566,rotate,5,E,skip,A,B,C,D,E,skip,A,B,C,D,E,skip,A,B,C,D,E,skip,0.4,rotate
566,random,6,D,B,skip,C,A,A,B,A,A,C,E,C,C,E,D,B,D,A,D,C,0.4,rotate
567,random,1,A,D,C,E,B,skip,D,A,E,B,skip,E,D,D,A,A,skip,A,skip,D,0.3,rotate
567,random,2,skip,E,D,D,E,C,B,C,skip,D,A,B,A,B,C,skip,skip,C,A,D,0.5,rotate
567,random,3,C,D,skip,E,skip,A,A,A,skip,E,skip,skip,C,skip,A,skip,skip,B,D,B,0.3,rotate
567,rotate,4,D,E,skip,A,B,C,D,E,skip,A,B,C,D,E,skip,A,B,C,D,E,0.35,rotate
567,random,5,B,A,D,skip,C,E,B,E,B,A,D,skip,E,C,A,B,E,B,D,A,0.3,rotate
567,rotate,6,skip,A,B,C,D,E,skip,A,B,C,D,E,skip,A,B,C,D,E,skip,A,0.45,rotate
568,rotate,1,A,B,C,D,E,skip,A,B,C,D,E,skip,A,B,C,D,E,skip,A,B,0.5,rotate
568,random,2,skip,A,E,D,D,E,C,A,skip,E,B,E,A,B,D,A,E,skip,skip,A,0.3,rotate
568,random,3,D,E,A,A,A,B,skip,E,C,A,A,skip,A,E,D,C,E,C,skip,skip,0.2,rotate
568,rotate,4,D,E,skip,A,B,C,D,E,skip,A,B,C,D,E,skip,A,B,C,D,E,0.25,rotate
568,random,5,A,A,E,skip,skip,A,D,A,D,skip,D,skip,C,B,skip,skip,B,skip,B,D,0.3,rotate
568,random,6,B,A,B,C,B,B,E,A,C,B,skip,D,skip,B,E,skip,D,A,C,B,0.5,rotate
569,random,1,E,E,skip,C,A,skip,D,D,B,C,D,A,B,skip,D,E,C,skip,skip,B,0.3,random
569,rotate,2,B,C,D,E,skip,A,B,C,D,E,skip,A,B,C,D,E,skip,A,B,C,0.25,random
569,random,3,C,skip,B,E,C,B,skip,A,E,skip,E,B,A,C,E,B,B,C,A,C,0.3,random
569,random,4,C,C,A,A,skip,B,B,E,skip,D,skip,E,D,D,B,skip,A,D,A,B,0.4,random
569,random,5,D,D,D,E,C,D,skip,A,D,B,B,E,A,C,D,skip,B,A,C,E,0.35,random
569,rotate,6,skip,A,B,C,D,E,skip,A,B,C,D,E,skip,A,B,C,D,E,skip,A,0.4,random
570,rotate,1,A,B,C,D,E,skip,A,B,C,D,E,skip,A,B,C,D,E,skip,A,B,0.55,rotate
570,random,2,D,skip,E,A,skip,B,C,skip,skip,D,A,A,C,E,skip,A,A,D,skip,C,0.3,rotate
570,random,3,skip,D,E,E,D,C,C,skip,C,skip,A,E,D,A,D,B,A,C,D,skip,0.35,rotate
570,random,4,C,A,B,skip,D,C,skip,A,E,skip,skip,A,B,D,B,A,A,C,A,D,0.35,rotate
570,rotate,5,E,skip,A,B,C,D,E,skip,A,B,C,D,E,skip,A,B,C,D,E,skip,0.6,rotate
570,random,6,B,skip,B,C,skip,D,C,E,E,B,skip,skip,A,B,skip,C,A,E,A,B,0.25,rotate
571,rotate,1,A,B,C,D,E,skip,A,B,C,D,E,skip,A,B,C,D,E,skip,A,B,0.85,draw
571,rotate,2,B,C,D,E,skip,A,B,C,D,E,skip,A,B,C,D,E,skip,A,B,C,0.85,draw
571,rotate,3,C,D,E,skip,A,B,C,D,E,skip,A,B,C,D,E,skip,A,B,C,D,0.85,draw
571,rotate,4,D,E,skip,A,B,C,D,E,skip,A,B,C,D,E,skip,A,B,C,D,E,0.85,draw
571,rotate,5,E,skip,A,B,C,D,E,skip,A,B,C,D,E,skip,A,B,C,D,E,skip,0.8,draw
571,rotate,6,skip,A,B,C,D,E,skip,A,B,C,D,E,skip,A,B,C,D,E,skip,A,0.8,draw
572,rotate,1,A,B,C,D,E,skip,A,B,C,D,E,skip,A,B,C,D,E,skip,A,B,0.85,draw
572,rotate,2,B,C,D,E,skip,A,B,C,D,E,skip,A,B,C,D,E,skip,A,B,C,0.85,draw
572,rotate,3,C,D,E,skip,A,B,C,D,E,skip,A,B,C,D,E,skip,A,B,C,D,0.85,draw
572,rotate,4,D,E,skip,A,B,C,D,E,skip,A,B,C,D,E,skip,A,B,C,D,E,0.85,draw
572,rotate,5,E,skip,A,B,C,D,E,skip,A,B,C,D,E,skip,A,B,C,D,E,skip,0.8,draw
572,rotate,6,skip,A,B,C,D,E,skip,A,B,C,D,E,skip,A,B,C,D,E,skip,A,0.8,draw
573,rotate,1,A,B,C,D,E,skip,A,B,C,D,E,skip,A,B,C,D,E,skip,A,B,0.85,draw
573,rotate,2,B,C,D,E,skip,A,B,C,D,E,skip,A,B,C,D,E,skip,A,B,C,0.85,draw
573,rotate,3,C,D,E,skip,A,B,C,D,E,skip,A,B,C,D,E,skip,A,B,C,D,0.85,draw
573,rotate,4,D,E,skip,A,B,C,D,E,skip,A,B,C,D,E,skip,A,B,C,D,E,0.85,draw
573,rotate,5,E,skip,A,B,C,D,E,skip,A,B,C,D,E,skip,A,B,C,D,E,skip,0.8,draw
573,rotate,6,skip,A,B,C,D,E,skip,A,B,C,D,E,skip,A,B,C,D,E,skip,A,0.8,draw
574,rotate,1,A,B,C,D,E,skip,A,B,C,D,E,skip,A,B,C,D,E,skip,A,B,0.85,draw
574,rotate,2,B,C,D,E,skip,A,B,C,D,E,skip,A,B,C,D,E,skip,A,B,C,0.85,draw
574,rotate,3,C,D,E,skip,A,B,C,D,E,skip,A,B,C,D,E,skip,A,B,C,D,0.85,draw
574,rotate,4,D,E,skip,A,B,C,D,E,skip,A,B,C,D,E,skip,A,B,C,D,E,0.85,draw
574,rotate,5,E,skip,A,B,C,D,E,skip,A,B,C,D,E,skip,A,B,C,D,E,skip,0.8,draw
574,rotate,6,skip,A,B,C,D,E,skip,A,B,C,D,E,skip,A,B,C,D,E,skip,A,0.8,draw
575,rotate,1,A,B,C,D,E,skip,A,B,C,D,E,skip,A,B,C,D,E,skip,A,B,0.85,draw
575,rotate,2,B,C,D,E,skip,A,B,C,D,E,skip,A,B,C,D,E,skip,A,B,C,0.85,draw
575,rotate,3,C,D,E,skip,A,B,C,D,E,skip,A,B,C,D,E,skip,A,B,C,D,0.85,draw
575,rotate,4,D,E,skip,A,B,C,D,E,skip,A,B,C,D,E,skip,A,B,C,D,E,0.85,draw
575,rotate,5,E,skip,A,B,C,D,E,skip,A,B,C,D,E,skip,A,B,C,D,E,skip,0.8,draw
575,rotate,6,skip,A,B,C,D,E,skip,A,B,C,D,E,skip,A,B,C,D,E,skip,A,0.8,draw
576,rotate,1,A,B,C,D,E,skip,A,B,C,D,E,skip,A,B,C,D,E,skip,A,B,0.85,draw
576,rotate,2,B,C,D,E,skip,A,B,C,D,E,skip,A,B,C,D,E,skip,A,B,C,0.85,draw
576,rotate,3,C,D,E,skip,A,B,C,D,E,skip,A,B,C,D,E,skip,A,B,C,D,0.85,draw
576,rotate,4,D,E,skip,A,B,C,D,E,skip,A,B,C,D,E,skip,A,B,C,D,E,0.85,draw
576,rotate,5,E,skip,A,B,C,D,E,skip,A,B,C,D,E,skip,A,B,C,D,E,skip,0.8,draw
576,rotate,6,skip,A,B,C,D,E,skip,A,B,C,D,E,skip,A,B,C,D,E,skip,A,0.8,draw
577,rotate,1,A,B,C,D,E,skip,A,B,C,D,E,skip,A,B,C,D,E,skip,A,B,0.85,draw
577,rotate,2,B,C,D,E,skip,A,B,C,D,E,skip,A,B,C,D,E,skip,A,B,C,0.85,draw
577,rotate,3,C,D,E,skip,A,B,C,D,E,skip,A,B,C,D,E,skip,A,B,C,D,0.85,draw
577,rotate,4,D,E,skip,A,B,C,D,E,skip,A,B,C,D,E,skip,A,B,C,D,E,0.85,draw
577,rotate,5,E,skip,A,B,C,D,E,skip,A,B,C,D,E,skip,A,B,C,D,E,skip,0.8,draw
577,rotate,6,skip,A,B,C,D,E,skip,A,B,C,D,E,skip,A,B,C,D,E,skip,A,0.8,draw
578,rotate,1,A,B,C,D,E,skip,A,B,C,D,E,skip,A,B,C,D,E,skip,A,B,0.85,draw
578,rotate,2,B,C,D,E,skip,A,B,C,D,E,skip,A,B,C,D,E,skip,A,B,C,0.85,draw
578,rotate,3,C,D,E,skip,A,B,C,D,E,skip,A,B,C,D,E,skip,A,B,C,D,0.85,draw
578,rotate,4,D,E,skip,A,B,C,D,E,skip,A,B,C,D,E,skip,A,B,C,D,E,0.85,draw
578,rotate,5,E,skip,A,B,C,D,E,skip,A,B,C,D,E,skip,A,B,C,D,E,skip,0.8,draw
578,rotate,6,skip,A,B,C,D,E,skip,A,B,C,D,E,skip,A,B,C,D,E,skip,A,0.8,draw
579,rotate,1,A,B,C,D,E,skip,A,B,C,D,E,skip,A,B,C,D,E,skip,A,B,0.85,draw
579,rotate,2,B,C,D,E,skip,A,B,C,D,E,skip,A,B,C,D,E,skip,A,B,C,0.85,draw
579,rotate,3,C,D,E,skip,A,B,C,D,E,skip,A,B,C,D,E,skip,A,B,C,D,0.85,draw
579,rotate,4,D,E,skip,A,B,C,D,E,skip,A,B,C,D,E,skip,A,B,C,D,E,0.85,draw
579,rotate,5,E,skip,A,B,C,D,E,skip,A,B,C,D,E,skip,A,B,C,D,E,skip,0.8,draw
579,rotate,6,skip,A,B,C,D,E,skip,A,B,C,D,E,skip,A,B,C,D,E,skip,A,0.8,draw
580,rotate,1,A,B,C,D,E,skip,A,B,C,D,E,skip,A,B,C,D,E,skip,A,B,0.85,draw
580,rotate,2,B,C,D,E,skip,A,B,C,D,E,skip,A,B,C,D,E,skip,A,B,C,0.85,draw
580,rotate,3,C,D,E,skip,A,B,C,D,E,skip,A,B,C,D,E,skip,A,B,C,D,0.85,draw
580,rotate,4,D,E,skip,A,B,C,D,E,skip,A,B,C,D,E,skip,A,B,C,D,E,0.85,draw
580,rotate,5,E,skip,A,B,C,D,E,skip,A,B,C,D,E,skip,A,B,C,D,E,skip,0.8,draw
580,rotate,6,skip,A,B,C,D,E,skip,A,B,C,D,E,skip,A,B,C,D,E,skip,A,0.8,draw
581,rotate,1,A,B,C,D,E,skip,A,B,C,D,E,skip,A,B,C,D,E,skip,A,B,0.85,draw
581,rotate,2,B,C,D,E,skip,A,B,C,D,E,skip,A,B,C,D,E,skip,A,B,C,0.85,draw
581,rotate,3,C,D,E,skip,A,B,C,D,E,skip,A,B,C,D,E,skip,A,B,C,D,0.85,draw
581,rotate,4,D,E,skip,A,B,C,D,E,skip,A,B,C,D,E,skip,A,B,C,D,E,0.85,draw
581,rotate,5,E,skip,A,B,C,D,E,skip,A,B,C,D,E,skip,A,B,C,D,E,skip,0.8,draw
581,rotate,6,skip,A,B,C,D,E,skip,A,B,C,D,E,skip,A,B,C,D,E,skip,A,0.8,draw
582,rotate,1,A,B,C,D,E,skip,A,B,C,D,E,skip,A,B,C,D,E,skip,A,B,0.85,draw
582,rotate,2,B,C,D,E,skip,A,B,C,D,E,skip,A,B,C,D,E,skip,A,B,C,0.85,draw
582,rotate,3,C,D,E,skip,A,B,C,D,E,skip,A,B,C,D,E,skip,A,B,C,D,0.85,draw
582,rotate,4,D,E,skip,A,B,C,D,E,skip,A,B,C,D,E,skip,A,B,C,D,E,0.85,draw
582,rotate,5,E,skip,A,B,C,D,E,skip,A,B,C,D,E,skip,A,B,C,D,E,skip,0.8,draw
582,rotate,6,skip,A,B,C,D,E,skip,A,B,C,D,E,skip,A,B,C,D,E,skip,A,0.8,draw
583,rotate,1,A,B,C,D,E,skip,A,B,C,D,E,skip,A,B,C,D,E,skip,A,B,0.85,draw
583,rotate,2,B,C,D,E,skip,A,B,C,D,E,skip,A,B,C,D,E,skip,A,B,C,0.85,draw
583,rotate,3,C,D,E,skip,A,B,C,D,E,skip,A,B,C,D,E,skip,A,B,C,D,0.85,draw
583,rotate,4,D,E,skip,A,B,C,D,E,skip,A,B,C,D,E,skip,A,B,C,D,E,0.85,draw
583,rotate,5,E,skip,A,B,C,D,E,skip,A,B,C,D,E,skip,A,B,C,D,E,skip,0.8,draw
583,rotate,6,skip,A,B,C,D,E,skip,A,B,C,D,E,skip,A,B,C,D,E,skip,A,0.8,draw
584,rotate,1,A,B,C,D,E,skip,A,B,C,D,E,skip,A,B,C,D,E,skip,A,B,0.85,draw
584,rotate,2,B,C,D,E,skip,A,B,C,D,E,skip,A,B,C,D,E,skip,A,B,C,0.85,draw
584,rotate,3,C,D,E,skip,A,B,C,D,E,skip,A,B,C,D,E,skip,A,B,C,D,0.85,draw
584,rotate,4,D,E,skip,A,B,C,D,E,skip,A,B,C,D,E,skip,A,B,C,D,E,0.85,draw
584,rotate,5,E,skip,A,B,C,D,E,skip,A,B,C,D,E,skip,A,B,C,D,E,skip,0.8,draw
584,rotate,6,skip,A,B,C,D,E,skip,A,B,C,D,E,skip,A,B,C,D,E,skip,A,0.8,draw
585,rotate,1,A,B,C,D,E,skip,A,B,C,D,E,skip,A,B,C,D,E,skip,A,B,0.85,draw
585,rotate,2,B,C,D,E,skip,A,B,C,D,E,skip,A,B,C,D,E,skip,A,B,C,0.85,draw
585,rotate,3,C,D,E,skip,A,B,C,D,E,skip,A,B,C,D,E,skip,A,B,C,D,0.85,draw
585,rotate,4,D,E,skip,A,B,C,D,E,skip,A,B,C,D,E,skip,A,B,C,D,E,0.85,draw
585,rotate,5,E,skip,A,B,C,D,E,skip,A,B,C,D,E,skip,A,B,C,D,E,skip,0.8,draw
585,rotate,6,skip,A,B,C,D,E,skip,A,B,C,D,E,skip,A,B,C,D,E,skip,A,0.8,draw
586,random,1,D,A,skip,C,D,C,D,C,A,C,B,E,skip,D,B,A,skip,D,D,D,0.4,random3
586,random3,2,A,A,E,E,E,E,E,E,E,E,E,E,E,A,A,A,A,A,A,A,0.4,random3
586,random3,3,D,D,D,D,D,D,D,C,D,D,D,D,C,C,C,C,C,C,C,E,0.4,random3
586,random,4,E,B,B,B,B,B,B,C,D,B,E,skip,E,A,C,A,D,B,C,skip,0.3,random3
586,random,5,E,D,D,B,C,D,skip,E,E,B,E,D,B,skip,B,B,skip,A,C,E,0.15,random3
586,random,6,E,C,B,C,E,E,D,A,D,skip,C,A,skip,skip,E,D,skip,skip,B,A,0.35,random3
587,random,1,D,D,D,B,skip,skip,E,B,skip,E,B,skip,B,B,B,E,B,D,B,skip,0.35,random3
587,random,2,D,D,A,skip,D,D,C,E,D,A,D,D,skip,D,B,C,B,E,D,D,0.25,random3
587,random3,3,C,C,C,C,D,A,A,A,C,C,C,C,C,C,C,C,B,C,C,C,0.5,random3
587,random,4,C,D,E,C,E,B,A,A,B,C,A,A,skip,C,E,C,A,E,A,B,0.25,random3
587,random,5,E,C,B,E,C,D,C,B,A,E,E,E,skip,D,D,D,B,A,A,A,0.45,random3
587,random3,6,C,C,E,E,E,E,E,D,D,D,D,D,D,D,A,A,A,A,B,B,0.3,random3
588,random,1,C,skip,skip,E,C,skip,D,C,D,D,E,skip,A,B,B,A,C,A,A,D,0.25,random3
588,random,2,C,D,E,E,D,D,C,skip,C,B,D,skip,skip,D,skip,E,A,E,C,E,0.4,random3
588,random3,3,C,C,A,A,A,A,A,A,A,A,A,A,A,A,A,A,C,D,C,E,0.45,random3
588,random3,4,C,C,C,C,C,C,E,E,E,E,C,C,B,B,E,E,E,E,C,C,0.45,random3
588,random,5,skip,E,D,D,E,C,E,skip,D,E,A,C,D,B,D,B,B,A,skip,skip,0.35,random3
588,random,6,D,B,skip,A,D,D,B,D,B,E,E,skip,skip,C,A,E,B,D,A,skip,0.3,random3
589,random,1,skip,B,skip,skip,skip,A,C,A,E,skip,D,C,E,C,B,B,B,skip,A,C,0.15,random3
589,random3,2,D,A,A,A,A,A,A,A,A,A,A,A,E,E,E,E,E,E,E,E,0.6,random3
589,random,3,E,B,E,B,skip,C,A,D,C,skip,B,B,E,C,C,skip,A,D,C,D,0.3,random3
589,random,4,D,C,E,C,C,C,C,skip,E,B,C,D,D,E,C,C,B,E,A,C,0.3,random3
589,random3,5,E,E,E,E,E,E,E,E,E,E,E,A,A,A,A,D,D,D,D,D,0.5,random3
589,random,6,C,D,skip,B,E,A,skip,A,B,B,E,D,skip,D,A,B,C,E,D,D,0.25,random3
590,random,1,D,D,E,skip,C,D,E,B,C,skip,E,D,D,A,D,D,D,D,C,D,0.4,random
590,random,2,D,B,C,B,A,B,A,skip,C,D,C,B,A,E,C,D,A,A,skip,skip,0.35,random
590,random3,3,A,A,A,B,C,C,C,C,C,C,C,A,A,E,D,E,E,B,E,A,0.35,random
590,random,4,B,skip,A,D,D,E,D,skip,D,B,D,E,C,B,A,A,D,B,skip,D,0.5,random
590,random3,5,E,E,E,E,E,B,B,B,A,A,E,B,C,C,C,E,E,E,E,E,0.4,random
590,random,6,D,A,E,B,E,skip,D,D,B,A,D,B,A,E,skip,B,C,C,B,B,0.35,random
591,random,1,B,C,B,C,E,C,E,skip,E,E,D,A,skip,B,A,A,B,D,B,E,0.15,random3
591,random,2,A,B,E,D,B,C,skip,A,skip,skip,A,E,skip,E,C,C,A,D,B,B,0.35,random3
591,random,3,A,D,skip,skip,A,skip,C,A,A,C,C,A,A,D,C,B,B,D,D,E,0.2,random3
591,random,4,B,E,A,B,E,D,E,C,E,C,D,B,B,B,B,A,B,A,skip,skip,0.25,random3
591,random3,5,B,B,B,B,A,C,C,B,B,B,B,B,B,B,A,A,A,E,E,E,0.3,random3
591,random3,6,D,D,D,D,D,D,D,D,D,D,D,D,D,D,D,D,D,D,D,D,0.65,random3
592,random3,1,B,B,B,C,C,C,C,C,C,C,C,C,C,C,C,C,C,C,D,D,0.7,random3
592,random3,2,A,E,E,E,E,E,E,E,E,B,B,B,B,B,B,B,E,E,E,E,0.5,random3
592,random,3,A,A,E,B,B,skip,D,D,D,skip,B,skip,A,B,D,A,A,C,B,A,0.35,random3
592,random,4,D,E,D,A,B,D,A,A,skip,D,C,B,D,C,D,B,B,E,C,skip,0.25,random3
592,random,5,skip,D,D,D,D,D,A,B,skip,A,A,E,C,skip,D,A,D,B,C,C,0.4,random3
592,random,6,C,D,B,skip,B,D,E,D,E,D,D,A,A,C,A,B,D,E,C,D,0.2,random3
593,random3,1,D,D,D,D,D,D,D,D,D,D,D,D,D,D,D,D,D,D,D,D,0.7,random3
593,random,2,skip,A,C,skip,C,C,skip,skip,B,D,A,B,E,E,B,C,D,B,skip,A,0.3,random3
593,random3,3,E,C,B,B,B,A,E,E,E,E,A,A,A,A,A,C,C,C,C,C,0.35,random3
593,random,4,E,A,C,B,B,A,A,E,E,C,C,B,C,B,A,skip,skip,A,B,C,0.15,random3
593,random,5,A,C,skip,B,C,C,B,E,E,C,C,C,B,skip,D,D,C,skip,B,skip,0.2,random3
593,random,6,B,E,E,C,E,B,skip,B,skip,E,B,E,C,C,E,E,D,skip,D,D,0.6,random3
594,random3,1,D,D,D,D,D,D,A,A,A,A,A,A,B,B,B,B,A,E,E,E,0.1,random
594,random,2,D,D,D,E,skip,B,B,C,C,E,E,C,skip,skip,B,C,A,E,E,D,0.15,random
594,random,3,skip,E,C,A,D,D,C,A,D,B,D,D,D,C,C,E,B,C,B,skip,0.45,random
594,random,4,D,A,D,C,B,D,B,skip,C,D,B,C,E,B,B,B,C,skip,E,E,0.25,random
594,random,5,B,skip,E,E,A,C,B,E,A,skip,D,A,B,E,E,D,B,B,C,B,0.55,random
594,random3,6,E,E,B,B,B,B,A,A,A,A,C,C,C,C,C,C,C,C,D,D,0.3,random
595,random,1,E,skip,D,D,C,B,D,C,A,D,D,B,C,E,skip,E,B,C,D,A,0.4,random3
595,random3,2,D,D,D,D,A,D,D,D,D,E,E,E,E,E,C,C,A,A,A,A,0.3,random3
595,random,3,skip,C,D,B,B,A,E,D,B,E,skip,C,A,B,D,C,skip,C,D,B,0.25,random3
595,random3,4,B,B,B,B,B,D,D,C,B,B,B,B,D,D,D,D,D,D,D,D,0.45,random3
595,random,5,B,D,skip,C,E,D,A,C,D,E,skip,C,B,A,D,B,E,A,skip,C,0.3,random3
595,random,6,B,D,skip,D,A,A,A,C,C,skip,D,B,B,skip,E,A,A,E,C,D,0.25,random3
596,random,1,B,C,C,C,skip,C,skip,B,C,D,B,D,D,skip,B,C,skip,A,skip,D,0.3,random3
596,random,2,skip,B,E,skip,A,B,C,B,D,A,A,C,B,E,B,C,D,E,E,A,0.25,random3
596,random,3,A,E,E,A,C,D,C,B,skip,E,A,D,C,D,A,B,E,E,skip,C,0.25,random3
596,random3,4,B,B,D,D,D,D,D,D,D,D,D,D,D,E,E,E,E,E,E,C,0.4,random3
596,random3,5,E,E,E,E,E,E,A,A,A,A,A,A,A,A,A,D,D,D,D,D,0.5,random3
596,random,6,C,skip,E,skip,C,E,C,A,C,B,skip,E,skip,D,C,skip,A,skip,D,D,0.25,random3
597,random,1,B,skip,E,B,skip,A,skip,B,D,skip,A,A,E,skip,B,D,E,B,skip,skip,0.3,random3
597,random,2,A,B,B,B,skip,A,skip,B,A,E,E,skip,A,B,D,C,B,E,C,C,0.2,random3
597,random,3,E,C,A,E,skip,E,B,D,D,skip,skip,C,B,C,C,skip,B,C,D,A,0.35,random3
597,random3,4,A,D,D,D,D,D,D,D,D,D,D,D,D,D,D,D,D,D,D,E,0.6,random3
597,random,5,skip,B,C,C,A,skip,A,C,B,A,C,C,D,A,D,C,D,E,D,A,0.2,random3
597,random3,6,C,C,C,C,A,A,A,A,A,A,A,B,B,B,E,E,E,C,C,C,0.25,random3
598,random3,1,B,B,D,D,D,D,D,E,E,E,E,B,E,E,C,C,C,C,C,C,0.5,random3
598,random,2,A,B,C,C,A,D,D,skip,D,B,D,B,A,E,A,D,A,skip,E,A,0.3,random3
598,random,3,C,E,C,E,D,B,D,skip,C,A,skip,A,skip,D,D,A,skip,E,D,A,0.2,random3
598,random3,4,B,B,B,B,B,B,B,B,D,A,A,A,D,D,D,D,D,D,D,D,0.45,random3
598,random,5,E,B,C,A,A,A,A,A,C,C,E,B,A,B,E,skip,B,B,E,skip,0.4,random3
598,random,6,C,B,C,A,E,skip,D,B,C,skip,C,C,A,skip,E,E,skip,C,C,E,0.25,random3
599,random,1,E,E,skip,B,B,C,B,skip,D,C,C,A,B,E,C,skip,skip,skip,C,D,0.25,random3
599,random3,2,B,B,B,B,C,A,A,A,A,A,A,A,A,A,A,A,E,A,A,A,0.4,random3
599,random,3,C,E,C,D,C,B,E,B,B,D,B,skip,B,C,E,A,B,C,D,E,0.5,random3
599,random,4,A,B,D,A,C,A,skip,A,A,C,skip,B,B,E,D,B,E,skip,B,C,0.25,random3
599,random,5,B,skip,skip,E,skip,C,A,E,D,D,E,skip,E,E,C,D,E,A,B,D,0.1,random3
599,random3,6,D,D,D,D,C,A,E,E,E,E,E,E,E,E,E,B,B,B,B,B,0.35,random3
600,random3,1,D,C,C,C,C,C,C,C,C,C,C,B,B,B,B,D,D,D,D,D,0.4,random
600,random,2,A,C,B,E,B,B,C,E,skip,D,A,B,C,E,B,B,skip,A,skip,D,0.25,random
600,random,3,D,E,E,E,E,B,E,D,A,B,C,A,D,A,A,D,B,C,E,A,0.4,random
600,random,4,E,D,skip,A,C,A,skip,A,E,B,skip,C,D,D,E,D,C,C,D,A,0.25,random
600,random3,5,E,C,C,C,C,A,E,E,E,D,D,D,D,D,C,C,C,C,B,B,0.25,random
600,random,6,B,C,E,B,B,D,E,B,B,A,skip,A,A,skip,C,B,C,A,A,skip,0.4,random
601,rotate,1,A,B,C,D,E,skip,A,B,C,D,E,skip,A,B,C,D,E,skip,A,B,0.2,random3
601,random3,2,C,C,C,E,E,E,B,B,D,D,D,A,B,B,B,B,E,A,A,B,0.35,random3
601,random3,3,E,E,D,D,D,A,A,C,C,C,C,A,A,C,C,C,C,C,C,C,0.3,random3
601,rotate,4,D,E,skip,A,B,C,D,E,skip,A,B,C,D,E,skip,A,B,C,D,E,0.75,random3
601,rotate,5,E,skip,A,B,C,D,E,skip,A,B,C,D,E,skip,A,B,C,D,E,skip,0.6,random3
601,rotate,6,skip,A,B,C,D,E,skip,A,B,C,D,E,skip,A,B,C,D,E,skip,A,0.5,random3
602,rotate,1,A,B,C,D,E,skip,A,B,C,D,E,skip,A,B,C,D,E,skip,A,B,0.55,rotate
602,rotate,2,B,C,D,E,skip,A,B,C,D,E,skip,A,B,C,D,E,skip,A,B,C,0.4,rotate
602,random3,3,C,C,C,E,C,A,A,C,C,C,C,C,E,E,E,E,E,E,E,C,0.1,rotate
602,rotate,4,D,E,skip,A,B,C,D,E,skip,A,B,C,D,E,skip,A,B,C,D,E,0.65,rotate
602,rotate,5,E,skip,A,B,C,D,E,skip,A,B,C,D,E,skip,A,B,C,D,E,skip,0.45,rotate
602,random3,6,C,C,D,D,D,D,B,C,C,C,C,D,D,D,D,D,D,D,D,D,0.2,rotate
603,rotate,1,A,B,C,D,E,skip,A,B,C,D,E,skip,A,B,C,D,E,skip,A,B,0.4,rotate
603,rotate,2,B,C,D,E,skip,A,B,C,D,E,skip,A,B,C,D,E,skip,A,B,C,0.2,rotate
603,random3,3,B,B,B,B,B,B,B,D,D,D,D,A,A,A,E,E,E,E,C,C,0.25,rotate
603,random3,4,B,B,D,D,D,A,C,C,C,E,E,B,B,D,D,D,A,A,A,A,0.2,rotate
603,rotate,5,E,skip,A,B,C,D,E,skip,A,B,C,D,E,skip,A,B,C,D,E,skip,0.75,rotate
603,rotate,6,skip,A,B,C,D,E,skip,A,B,C,D,E,skip,A,B,C,D,E,skip,A,0.5,rotate
604,rotate,1,A,B,C,D,E,skip,A,B,C,D,E,skip,A,B,C,D,E,skip,A,B,0.45,rotate
604,random3,2,A,A,A,A,A,B,D,D,D,D,B,B,B,B,B,B,B,B,B,B,0.2,rotate
604,rotate,3,C,D,E,skip,A,B,C,D,E,skip,A,B,C,D,E,skip,A,B,C,D,0.5,rotate
604,rotate,4,D,E,skip,A,B,C,D,E,skip,A,B,C,D,E,skip,A,B,C,D,E,0.45,rotate
604,random3,5,C,C,C,C,C,C,D,B,C,A,B,B,B,B,C,C,C,C,D,D,0.15,rotate
604,rotate,6,skip,A,B,C,D,E,skip,A,B,C,D,E,skip,A,B,C,D,E,skip,A,0.6,rotate
605,rotate,1,A,B,C,D,E,skip,A,B,C,D,E,skip,A,B,C,D,E,skip,A,B,0.6,rotate
605,rotate,2,B,C,D,E,skip,A,B,C,D,E,skip,A,B,C,D,E,skip,A,B,C,0.35,rotate
605,random3,3,D,D,D,D,B,B,B,B,A,A,B,B,B,C,C,E,B,B,B,E,0.2,rotate
605,rotate,4,D,E,skip,A,B,C,D,E,skip,A,B,C,D,E,skip,A,B,C,D,E,0.4,rotate
605,random3,5,C,C,E,E,B,B,D,D,D,D,D,D,D,D,D,D,D,D,D,D,0.35,rotate
605,rotate,6,skip,A,B,C,D,E,skip,A,B,C,D,E,skip,A,B,C,D,E,skip,A,0.7,rotate
606,rotate,1,A,B,C,D,E,skip,A,B,C,D,E,skip,A,B,C,D,E,skip,A,B,0.75,rotate
606,rotate,2,B,C,D,E,skip,A,B,C,D,E,skip,A,B,C,D,E,skip,A,B,C,0.65,rotate
606,rotate,3,C,D,E,skip,A,B,C,D,E,skip,A,B,C,D,E,skip,A,B,C,D,0.55,rotate
606,rotate,4,D,E,skip,A,B,C,D,E,skip,A,B,C,D,E,skip,A,B,C,D,E,0.3,rotate
606,random3,5,D,D,A,A,A,A,A,A,A,B,B,C,C,C,C,B,B,B,B,E,0.1,rotate
606,random3,6,D,D,A,A,C,C,C,C,A,B,B,D,D,E,A,A,A,D,D,E,0.2,rotate
607,random3,1,D,D,D,D,D,D,A,A,A,D,D,E,E,A,A,A,A,A,A,A,0.3,rotate
607,random3,2,D,D,B,B,B,B,B,B,B,B,B,B,B,B,B,B,E,E,B,B,0.35,rotate
607,rotate,3,C,D,E,skip,A,B,C,D,E,skip,A,B,C,D,E,skip,A,B,C,D,0.65,rotate
607,rotate,4,D,E,skip,A,B,C,D,E,skip,A,B,C,D,E,skip,A,B,C,D,E,0.65,rotate
607,rotate,5,E,skip,A,B,C,D,E,skip,A,B,C,D,E,skip,A,B,C,D,E,skip,0.45,rotate
607,rotate,6,skip,A,B,C,D,E,skip,A,B,C,D,E,skip,A,B,C,D,E,skip,A,0.3,rotate
608,random3,1,D,D,D,D,D,A,A,A,A,A,A,A,B,B,B,B,A,A,B,B,0.35,rotate
608,rotate,2,B,C,D,E,skip,A,B,C,D,E,skip,A,B,C,D,E,skip,A,B,C,0.4,rotate
608,random3,3,C,C,C,C,C,C,C,C,B,B,D,D,D,D,D,D,D,E,E,E,0.25,rotate
608,rotate,4,D,E,skip,A,B,C,D,E,skip,A,B,C,D,E,skip,A,B,C,D,E,0.6,rotate
608,rotate,5,E,skip,A,B,C,D,E,skip,A,B,C,D,E,skip,A,B,C,D,E,skip,0.5,rotate
608,rotate,6,skip,A,B,C,D,E,skip,A,B,C,D,E,skip,A,B,C,D,E,skip,A,0.4,rotate
609,random3,1,B,A,A,A,A,A,A,A,A,A,A,A,A,A,A,A,A,A,E,E,0.25,rotate
609,rotate,2,B,C,D,E,skip,A,B,C,D,E,skip,A,B,C,D,E,skip,A,B,C,0.55,rotate
609,rotate,3,C,D,E,skip,A,B,C,D,E,skip,A,B,C,D,E,skip,A,B,C,D,0.6,rotate
609,rotate,4,D,E,skip,A,B,C,D,E,skip,A,B,C,D,E,skip,A,B,C,D,E,0.45,rotate
609,rotate,5,E,skip,A,B,C,D,E,skip,A,B,C,D,E,skip,A,B,C,D,E,skip,0.35,rotate
609,random3,6,E,E,E,E,E,E,E,E,B,B,D,D,D,D,D,C,C,C,E,E,0.25,rotate
610,rotate,1,A,B,C,D,E,skip,A,B,C,D,E,skip,A,B,C,D,E,skip,A,B,0.35,rotate
610,random3,2,D,D,D,D,E,E,C,C,C,C,C,C,C,C,C,C,C,C,C,C,0.35,rotate
610,rotate,3,C,D,E,skip,A,B,C,D,E,skip,A,B,C,D,E,skip,A,B,C,D,0.4,rotate
610,random3,4,C,C,C,B,B,B,B,B,E,E,E,B,B,B,E,E,E,E,E,B,0.3,rotate
610,rotate,5,E,skip,A,B,C,D,E,skip,A,B,C,D,E,skip,A,B,C,D,E,skip,0.6,rotate
610,rotate,6,skip,A,B,C,D,E,skip,A,B,C,D,E,skip,A,B,C,D,E,skip,A,0.6,rotate
611,rotate,1,A,B,C,D,E,skip,A,B,C,D,E,skip,A,B,C,D,E,skip,A,B,0.5,rotate
611,rotate,2,B,C,D,E,skip,A,B,C,D,E,skip,A,B,C,D,E,skip,A,B,C,0.45,rotate
611,rotate,3,C,D,E,skip,A,B,C,D,E,skip,A,B,C,D,E,skip,A,B,C,D,0.35,rotate
611,random3,4,A,D,C,A,A,A,A,E,E,E,E,E,E,E,E,E,E,E,D,D,0.25,rotate
611,random3,5,E,E,E,E,E,E,D,D,D,A,A,A,D,D,D,A,A,A,A,A,0.3,rotate
611,rotate,6,skip,A,B,C,D,E,skip,A,B,C,D,E,skip,A,B,C,D,E,skip,A,0.6,rotate
612,rotate,1,A,B,C,D,E,skip,A,B,C,D,E,skip,A,B,C,D,E,skip,A,B,0.7,rotate
612,rotate,2,B,C,D,E,skip,A,B,C,D,E,skip,A,B,C,D,E,skip,A,B,C,0.45,rotate
612,rotate,3,C,D,E,skip,A,B,C,D,E,skip,A,B,C,D,E,skip,A,B,C,D,0.3,rotate
612,random3,4,C,C,A,A,A,A,E,D,D,B,B,B,B,B,E,E,E,E,E,D,0.15,rotate
612,rotate,5,E,skip,A,B,C,D,E,skip,A,B,C,D,E,skip,A,B,C,D,E,skip,0.3,rotate
612,random3,6,E,E,E,E,C,C,C,C,C,C,C,D,E,D,A,A,A,B,B,D,0.2,rotate
613,random3,1,C,C,C,C,C,C,C,A,A,A,A,A,A,A,A,C,C,C,C,C,0.25,rotate
613,rotate,2,B,C,D,E,skip,A,B,C,D,E,skip,A,B,C,D,E,skip,A,B,C,0.45,rotate
613,rotate,3,C,D,E,skip,A,B,C,D,E,skip,A,B,C,D,E,skip,A,B,C,D,0.4,rotate
613,random3,4,E,E,E,E,E,E,E,D,D,D,D,D,D,D,E,E,A,A,B,B,0.25,rotate
613,rotate,5,E,skip,A,B,C,D,E,skip,A,B,C,D,E,skip,A,B,C,D,E,skip,0.45,rotate
613,rotate,6,skip,A,B,C,D,E,skip,A,B,C,D,E,skip,A,B,C,D,E,skip,A,0.5,rotate
614,rotate,1,A,B,C,D,E,skip,A,B,C,D,E,skip,A,B,C,D,E,skip,A,B,0.4,rotate
614,random3,2,C,B,C,C,C,C,C,C,C,C,C,C,C,C,C,C,C,A,A,A,0.35,rotate
614,rotate,3,C,D,E,skip,A,B,C,D,E,skip,A,B,C,D,E,skip,A,B,C,D,0.55,rotate
614,rotate,4,D,E,skip,A,B,C,D,E,skip,A,B,C,D,E,skip,A,B,C,D,E,0.6,rotate
614,rotate,5,E,skip,A,B,C,D,E,skip,A,B,C,D,E,skip,A,B,C,D,E,skip,0.45,rotate
614,random3,6,C,B,A,A,A,A,A,B,B,B,B,B,A,A,A,D,D,D,D,D,0.2,rotate
615,random3,1,B,B,B,C,C,C,A,A,A,A,A,E,B,A,A,A,D,D,D,A,0.3,rotate
615,rotate,2,B,C,D,E,skip,A,B,C,D,E,skip,A,B,C,D,E,skip,A,B,C,0.6,rotate
615,rotate,3,C,D,E,skip,A,B,C,D,E,skip,A,B,C,D,E,skip,A,B,C,D,0.65,rotate
615,rotate,4,D,E,skip,A,B,C,D,E,skip,A,B,C,D,E,skip,A,B,C,D,E,0.4,rotate
615,random3,5,D,A,D,D,D,D,D,D,D,D,D,D,D,D,B,B,B,C,C,C,0.25,rotate
615,rotate,6,skip,A,B,C,D,E,skip,A,B,C,D,E,skip,A,B,C,D,E,skip,A,0.25,rotate
616,random3,1,D,E,E,A,E,E,E,E,E,A,A,A,A,A,A,A,A,A,A,A,0.5,draw
616,random3,2,A,A,A,A,A,A,A,E,E,E,E,E,E,E,E,E,E,E,E,E,0.7,draw
616,random3,3,B,B,B,B,B,B,B,B,B,B,B,B,B,B,D,B,D,D,D,D,0.6,draw
616,random3,4,D,D,D,D,D,D,D,D,D,D,D,D,D,D,D,D,D,D,A,A,0.7,draw
616,random3,5,B,E,E,A,E,E,A,E,E,E,E,C,C,C,C,C,C,C,C,C,0.4,draw
616,random3,6,B,B,C,C,C,C,C,C,C,C,C,C,B,B,B,B,B,B,B,B,0.7,draw
617,random3,1,E,E,A,A,A,A,A,A,A,C,C,C,C,D,D,D,D,D,D,D,0.55,draw
617,random3,2,C,C,C,C,C,E,E,E,E,E,E,E,C,C,C,C,C,C,C,C,0.8,draw
617,random3,3,E,E,A,E,C,E,C,A,A,A,A,A,A,A,A,A,A,A,A,A,0.3,draw
617,random3,4,B,B,B,B,B,B,B,B,B,B,B,B,B,B,B,B,B,B,B,B,0.85,draw
617,random3,5,D,D,D,D,D,D,D,D,D,C,D,D,D,D,A,A,A,A,B,A,0.5,draw
617,random3,6,E,E,E,E,B,B,C,D,D,C,C,E,E,E,E,E,E,E,E,E,0.45,draw
618,random3,1,A,A,A,A,A,A,A,A,A,E,E,E,E,E,E,E,E,E,E,E,0.95,draw
618,random3,2,E,E,E,E,E,E,E,E,A,A,A,A,A,A,A,A,A,A,A,A,0.85,draw
618,random3,3,B,B,C,C,C,C,C,C,C,C,C,C,C,C,C,C,C,C,C,C,0.9,draw
618,random3,4,B,B,B,B,B,B,B,E,D,D,D,D,D,D,D,D,D,D,D,D,0.05,draw
618,random3,5,B,B,B,B,B,B,B,B,B,B,B,B,B,B,B,B,B,B,B,B,0.65,draw
618,random3,6,D,D,D,D,D,D,D,D,D,D,D,D,D,D,D,D,D,D,A,D,0.4,draw
619,random3,1,A,A,A,A,A,A,A,A,A,A,A,A,A,A,B,B,B,B,B,B,0.65,draw
619,random3,2,C,E,E,E,E,B,A,E,E,C,C,C,C,C,C,C,C,C,C,C,0.45,draw
619,random3,3,D,D,D,D,D,D,D,D,D,D,D,D,D,D,D,D,D,D,D,D,0.9,draw
619,random3,4,B,B,B,B,B,B,B,B,B,B,B,B,B,D,B,B,B,B,A,B,0.5,draw
619,random3,5,B,E,E,C,C,C,C,C,C,C,D,C,B,A,A,A,A,A,A,A,0.55,draw
619,random3,6,C,E,E,E,E,E,E,E,E,E,E,E,E,E,E,E,E,E,E,E,0.65,draw
620,random3,1,D,D,D,D,D,D,D,D,D,D,D,D,D,D,D,D,D,A,A,A,0.65,draw
620,random3,2,B,B,B,B,B,B,E,E,A,A,A,A,A,A,A,A,A,A,A,A,0.45,draw
620,random3,3,D,C,C,C,C,C,C,C,C,C,C,C,C,C,C,C,C,C,C,C,0.95,draw
620,random3,4,A,A,A,A,A,B,B,B,B,B,B,B,B,B,B,B,B,B,B,B,0.6,draw
620,random3,5,B,B,E,E,E,E,E,E,E,E,E,E,E,E,E,E,E,E,E,E,0.8,draw
620,random3,6,D,D,D,A,A,A,A,A,A,A,A,B,B,B,B,B,D,D,D,D,0.3,draw
621,random3,1,B,B,B,B,C,C,C,C,C,C,C,C,C,C,C,C,C,C,C,C,0.7,draw
621,random3,2,D,D,D,D,D,D,D,D,D,D,D,D,D,D,D,D,D,A,A,E,0.65,draw
621,random3,3,E,E,E,E,E,E,E,C,C,E,E,E,E,E,E,C,D,D,D,D,0.65,draw
621,random3,4,D,C,C,C,C,C,E,E,E,E,B,B,B,B,E,E,E,E,E,E,0.5,draw
621,random3,5,A,A,A,A,A,A,A,A,A,A,A,A,A,A,A,A,A,A,A,E,0.75,draw
621,random3,6,A,A,D,B,B,B,B,B,B,B,B,B,D,B,B,B,B,B,B,B,0.6,draw
622,random3,1,E,E,E,E,E,E,E,E,D,D,D,E,C,C,B,B,B,B,B,B,0.15,draw
622,random3,2,A,A,A,A,A,A,A,A,A,A,A,A,A,A,A,C,C,C,C,C,0.75,draw
622,random3,3,E,E,C,C,C,C,C,C,C,C,C,C,C,C,A,A,A,A,A,A,0.75,draw
622,random3,4,A,A,A,A,D,E,E,E,E,E,E,E,E,E,E,E,E,E,E,E,0.55,draw
622,random3,5,E,D,D,D,D,D,D,D,D,D,D,D,D,D,D,D,D,D,D,D,0.75,draw
622,random3,6,B,B,B,B,B,B,B,B,B,B,B,B,B,B,B,B,B,B,B,B,0.7,draw
623,random3,1,A,A,A,A,A,A,A,A,B,B,B,B,B,B,B,B,B,B,B,B,0.9,draw
623,random3,2,E,E,E,E,E,E,E,E,E,E,E,E,C,C,C,C,C,C,C,C,0.75,draw
623,random3,3,C,D,C,C,C,C,C,C,C,C,C,C,C,C,A,E,E,D,A,A,0.45,draw
623,random3,4,A,D,D,D,D,D,D,D,D,D,D,D,D,D,D,D,D,D,D,D,0.75,draw
623,random3,5,B,B,B,B,B,B,B,A,A,A,E,E,E,E,E,E,E,E,E,E,0.6,draw
623,random3,6,C,D,D,D,E,C,B,A,A,A,A,A,A,A,A,A,A,A,A,A,0.35,draw
624,random3,1,D,D,D,D,D,D,D,D,D,D,D,D,D,D,E,E,E,E,E,E,0.7,draw
624,random3,2,B,C,C,C,C,C,C,C,C,C,C,C,C,C,C,C,C,C,C,C,0.7,draw
624,random3,3,E,E,E,E,E,E,E,E,E,E,E,E,E,E,E,D,D,A,E,E,0.65,draw
624,random3,4,B,B,B,B,B,B,B,B,B,B,B,B,B,B,B,B,B,B,B,B,0.8,draw
624,random3,5,A,A,A,A,A,A,A,A,A,A,A,A,A,A,A,A,A,A,A,A,0.85,draw
624,random3,6,D,C,C,C,C,B,B,D,A,B,A,E,C,D,D,D,D,D,D,D,0.2,draw
625,random3,1,B,B,B,B,B,B,B,B,B,B,B,B,B,B,B,B,B,B,B,B,0.95,draw
625,random3,2,E,E,E,E,E,E,D,E,E,E,E,E,E,E,E,E,E,E,E,E,0.8,draw
625,random3,3,D,D,D,D,A,A,A,A,A,A,A,A,D,D,D,B,D,D,D,A,0.2,draw
625,random3,4,D,C,A,C,C,C,C,C,C,C,C,C,D,D,D,A,D,D,D,D,0.35,draw
625,random3,5,A,A,A,A,A,A,D,D,D,A,A,A,A,A,A,A,A,A,A,A,0.45,draw
625,random3,6,E,C,D,D,E,E,D,D,D,C,C,C,C,C,C,C,C,C,C,C,0.4,draw
626,random3,1,B,B,B,B,B,B,B,B,B,B,A,A,A,C,C,C,C,B,B,D,0.4,draw
626,random3,2,E,E,E,E,E,E,D,D,A,B,B,B,B,B,B,B,B,B,B,B,0.65,draw
626,random3,3,C,D,D,D,D,E,E,E,E,E,E,E,E,E,E,E,E,E,E,E,0.7,draw
626,random3,4,A,A,A,A,A,A,A,A,A,A,A,A,A,C,A,A,A,A,A,A,0.75,draw
626,random3,5,C,D,D,D,D,B,D,D,D,D,D,D,D,D,D,D,D,D,C,D,0.45,draw
626,random3,6,C,C,C,C,C,C,C,C,C,C,C,C,C,C,C,C,C,D,C,C,0.65,draw
627,random3,1,E,E,E,E,C,C,D,D,C,C,C,C,C,C,C,C,C,C,C,C,0.55,draw
627,random3,2,A,A,A,B,B,B,B,B,B,B,B,B,B,B,B,B,B,B,B,B,0.85,draw
627,random3,3,D,D,D,D,D,E,E,C,C,D,A,A,A,A,A,E,E,E,E,E,0.4,draw
627,random3,4,A,A,A,A,A,A,A,A,A,A,A,A,E,D,D,D,D,D,D,D,0.35,draw
627,random3,5,D,D,D,C,C,C,D,D,D,D,E,E,E,A,A,A,A,A,A,A,0.4,draw
627,random3,6,E,E,E,E,D,E,E,E,E,E,E,D,D,D,D,D,D,D,D,D,0.25,draw
628,random3,1,E,E,E,E,E,A,A,E,E,E,D,D,D,D,D,D,D,D,D,D,0.25,draw
628,random3,2,C,C,C,C,C,C,C,C,C,C,C,C,C,C,C,C,C,C,C,C,0.85,draw
628,random3,3,E,E,E,E,E,E,E,E,E,E,E,E,E,E,E,E,E,C,C,E,0.4,draw
628,random3,4,D,D,D,D,D,D,D,D,D,D,D,D,D,D,D,E,E,C,C,C,0.5,draw
628,random3,5,E,E,E,B,B,B,B,B,B,B,B,B,B,B,B,B,B,B,B,B,0.85,draw
628,random3,6,A,A,A,A,A,A,A,A,A,A,A,A,A,A,A,A,A,A,A,A,0.9,draw
629,random3,1,D,D,D,D,D,D,D,D,D,D,E,E,E,E,C,C,C,C,C,C,0.65,draw
629,random3,2,A,A,A,A,A,A,A,A,A,A,A,A,A,A,A,A,A,A,A,A,1.0,draw
629,random3,3,C,C,C,C,C,E,E,E,C,D,D,D,D,D,D,E,E,E,E,C,0.4,draw
629,random3,4,E,E,E,C,C,E,E,E,C,C,C,C,C,C,C,E,C,E,E,D,0.25,draw
629,random3,5,E,E,E,E,E,E,E,E,E,E,E,E,B,B,B,B,B,B,B,B,0.55,draw
629,random3,6,B,B,B,B,B,B,B,B,B,B,B,B,B,E,D,D,D,D,D,D,0.8,draw
630,random3,1,A,A,A,A,A,A,A,A,A,A,A,A,A,A,A,A,A,A,A,A,0.85,draw
630,random3,2,D,D,D,D,D,D,D,D,D,D,D,D,D,D,D,D,D,D,D,D,1.0,draw
630,random3,3,E,E,E,E,E,E,E,E,E,B,B,B,B,B,B,B,B,B,B,B,0.65,draw
630,random3,4,C,C,B,B,B,B,B,B,B,B,B,B,C,E,E,E,E,E,E,E,0.4,draw
630,random3,5,C,C,C,C,C,C,C,C,C,C,C,C,C,C,C,C,C,C,C,C,0.7,draw
630,random3,6,A,A,B,B,B,C,C,C,E,E,E,E,E,E,E,E,A,B,B,B,0.2,draw
631,random,1,C,skip,A,B,skip,B,A,B,D,E,D,B,B,B,E,E,B,C,C,skip,0.3,radicaleq
631,radicaleq,2,B,D,C,B,E,C,skip,skip,B,skip,B,skip,skip,skip,B,skip,B,B,skip,B,0.4,radicaleq
631,radicaleq,3,C,E,D,C,skip,B,C,C,skip,B,skip,B,C,A,skip,A,skip,skip,B,skip,0.35,radicaleq
631,random,4,B,E,B,D,B,B,skip,A,D,D,skip,skip,E,E,A,C,B,C,C,C,0.25,radicaleq
631,random,5,B,C,C,skip,A,A,B,skip,E,A,D,E,C,B,A,E,D,C,skip,D,0.25,radicaleq
631,random,6,E,C,B,B,A,A,C,A,skip,D,C,skip,A,skip,A,C,D,E,D,A,0.3,radicaleq
632,random,1,B,D,A,E,B,A,D,D,skip,C,B,D,C,B,E,A,B,skip,B,B,0.3,radicaleq
632,random,2,D,skip,C,B,D,skip,A,C,C,skip,skip,skip,A,D,B,D,A,E,E,E,0.4,radicaleq
632,radicaleq,3,C,skip,C,C,skip,skip,B,D,A,B,B,C,C,C,C,B,B,C,B,B,0.35,radicaleq
632,random,4,skip,skip,C,B,skip,A,B,B,skip,C,D,E,B,D,skip,B,skip,E,C,B,0.15,radicaleq
632,random,5,B,skip,A,D,B,A,E,B,B,D,A,C,E,B,skip,C,skip,D,D,D,0.4,radicaleq
632,radicaleq,6,skip,C,skip,skip,B,D,skip,C,C,A,C,B,skip,B,B,C,D,skip,C,D,0.3,radicaleq
633,random,1,skip,A,skip,B,C,skip,E,A,skip,E,D,A,skip,E,C,skip,B,A,B,skip,0.2,radicaleq
633,random,2,skip,B,E,B,B,E,E,B,E,C,skip,E,C,B,C,A,skip,A,A,C,0.4,radicaleq
633,radicaleq,3,C,D,D,C,A,D,A,C,D,A,A,C,A,A,A,skip,A,skip,skip,skip,0.4,radicaleq
633,radicaleq,4,D,C,C,skip,C,A,D,A,C,E,E,A,C,E,E,E,E,C,E,E,0.4,radicaleq
633,random,5,C,C,A,C,D,skip,E,C,C,A,A,A,E,A,C,E,skip,C,A,C,0.1,radicaleq
633,random,6,A,skip,A,A,A,A,A,E,E,E,skip,A,D,B,B,skip,D,A,C,A,0.4,radicaleq
634,random,1,C,D,A,B,E,skip,skip,E,A,C,B,B,skip,skip,B,D,D,skip,A,B,0.4,random
634,radicaleq,2,B,skip,B,B,D,B,skip,skip,B,E,B,B,A,C,B,A,A,skip,B,B,0.4,random
634,random,3,D,C,B,C,A,skip,E,A,C,skip,A,D,A,E,B,E,B,D,skip,E,0.25,random
634,random,4,D,C,C,D,A,E,A,B,B,A,skip,A,D,skip,A,C,C,B,D,A,0.45,random
634,radicaleq,5,E,B,C,D,E,E,C,A,D,D,A,C,C,E,D,E,D,D,C,E,0.15,random
634,random,6,E,B,B,D,E,A,C,B,E,D,skip,B,C,A,B,E,C,E,C,D,0.25,random
635,random,1,D,C,A,B,E,E,D,skip,E,A,skip,B,A,C,A,E,E,skip,D,skip,0.25,random
635,random,2,D,B,C,E,skip,B,B,skip,D,E,A,D,A,A,skip,B,D,E,E,C,0.4,random
635,radicaleq,3,C,A,A,A,C,skip,skip,skip,C,skip,C,skip,skip,skip,C,skip,skip,D,D,A,0.4,random
635,random,4,C,skip,skip,E,skip,D,E,D,E,skip,B,skip,skip,C,D,skip,B,E,B,B,0.2,random
635,radicaleq,5,E,C,C,C,A,E,E,D,A,D,D,D,E,C,D,D,E,E,A,C,0.2,random
635,random,6,A,B,D,C,A,D,E,C,A,C,A,B,skip,B,A,D,C,A,A,C,0.35,random
636,random,1,C,skip,skip,E,D,E,E,E,B,E,B,C,E,skip,skip,E,C,C,A,B,0.25,radicaleq
636,random,2,C,skip,D,D,D,A,skip,skip,D,D,E,D,D,skip,skip,A,E,skip,E,E,0.25,radicaleq
636,random,3,E,C,A,B,D,B,A,C,A,A,skip,C,A,C,skip,D,B,skip,skip,D,0.5,radicaleq
636,random,4,C,E,E,E,E,skip,E,C,D,E,E,B,B,D,B,A,E,C,skip,skip,0.25,radicaleq
636,radicaleq,5,E,C,E,D,B,C,E,C,C,C,E,C,C,C,C,C,C,C,C,C,0.45,radicaleq
636,radicaleq,6,skip,skip,C,skip,E,E,D,E,E,E,C,E,E,E,E,skip,E,E,E,E,0.4,radicaleq
637,radicaleq,1,A,D,E,C,C,C,B,A,C,C,B,C,skip,skip,skip,B,skip,A,C,A,0.35,radicaleq
637,radicaleq,2,B,E,C,A,B,A,C,C,B,B,A,B,C,B,D,D,C,C,B,C,0.4,radicaleq
637,random,3,B,A,B,C,B,A,E,skip,B,E,D,B,A,C,B,skip,skip,A,B,A,0.2,radicaleq
637,random,4,A,C,A,D,B,A,E,B,A,C,A,A,E,B,C,A,E,D,C,skip,0.4,radicaleq
637,random,5,C,B,B,skip,D,D,A,C,C,C,E,B,C,skip,D,A,A,B,C,skip,0.35,radicaleq
637,random,6,A,skip,D,A,C,D,skip,A,D,E,A,A,E,D,B,skip,B,skip,E,skip,0.25,radicaleq
638,radicaleq,1,A,B,skip,skip,skip,D,skip,skip,E,A,C,A,A,C,A,C,C,D,skip,E,0.4,radicaleq
638,random,2,E,skip,A,A,A,E,D,skip,skip,C,D,E,A,skip,E,B,skip,E,E,C,0.2,radicaleq
638,radicaleq,3,C,E,A,D,D,E,C,E,skip,D,D,D,D,D,skip,D,skip,E,C,C,0.35,radicaleq
638,random,4,E,A,skip,C,C,A,E,skip,A,D,skip,C,B,B,D,E,skip,C,B,B,0.4,radicaleq
638,random,5,B,skip,D,D,C,B,E,B,B,B,C,skip,C,C,B,E,D,skip,E,B,0.35,radicaleq
638,random,6,E,E,D,C,D,B,D,C,E,A,E,skip,B,E,E,B,E,A,C,E,0.25,radicaleq
639,radicaleq,1,A,B,C,A,C,A,A,A,C,A,E,A,E,E,A,A,A,A,C,A,0.35,radicaleq
639,random,2,A,C,skip,E,C,E,D,E,skip,A,E,D,E,skip,skip,A,C,B,E,C,0.2,radicaleq
639,random,3,C,skip,skip,D,E,skip,C,E,E,E,E,E,A,B,skip,D,skip,C,skip,D,0.25,radicaleq
639,random,4,C,C,skip,A,E,B,A,A,C,A,D,D,B,skip,B,skip,E,A,E,B,0.25,radicaleq
639,random,5,A,A,B,skip,D,E,D,E,E,E,C,B,C,E,D,C,A,skip,B,D,0.45,radicaleq
639,radicaleq,6,skip,skip,A,C,skip,C,skip,skip,skip,skip,skip,E,A,A,E,E,E,E,E,E,0.4,radicaleq
640,random,1,B,B,E,C,B,C,D,E,E,C,B,C,D,E,skip,A,E,skip,C,C,0.5,random
640,radicaleq,2,B,D,E,C,A,C,A,A,A,A,C,A,A,C,B,skip,B,skip,skip,skip,0.45,random
640,random,3,B,D,B,D,skip,E,C,C,B,B,E,skip,C,B,D,E,E,D,B,B,0.35,random
640,radicaleq,4,D,A,B,B,skip,B,B,B,skip,skip,E,E,B,B,E,E,D,D,C,A,0.35,random
640,random,5,E,skip,E,skip,D,B,E,D,skip,A,skip,C,D,A,D,B,D,skip,E,B,0.35,random
640,random,6,A,C,E,skip,E,D,A,C,skip,D,skip,skip,B,skip,E,C,C,B,C,E,0.45,random
641,random,1,skip,A,C,D,A,A,C,D,D,skip,skip,D,A,D,C,D,B,A,D,D,0.3,random
641,random,2,E,A,B,E,C,E,E,E,E,E,C,A,E,C,D,B,B,A,E,B,0.3,random
641,random,3,E,D,A,B,C,E,E,D,E,E,D,C,C,B,C,C,E,skip,C,C,0.4,random
641,radicaleq,4,D,skip,skip,skip,C,B,C,D,A,E,C,C,A,A,A,D,D,A,A,D,0.3,random
641,radicaleq,5,E,D,E,C,B,A,B,C,D,A,E,E,E,E,E,E,skip,skip,E,E,0.4,random
641,random,6,skip,D,E,C,E,C,D,C,B,C,D,E,D,skip,C,B,D,B,skip,B,0.35,random
642,random,1,E,B,C,skip,B,C,skip,skip,A,A,D,D,B,D,B,C,C,skip,A,C,0.6,radicaleq
642,random,2,C,B,A,B,A,D,A,B,D,skip,skip,A,skip,B,A,A,D,E,D,skip,0.25,radicaleq
642,random,3,D,A,E,A,E,E,B,skip,E,E,E,C,E,E,A,skip,skip,B,skip,D,0.35,radicaleq
642,radicaleq,4,D,B,E,A,A,D,B,D,E,B,D,A,B,E,D,E,D,E,C,E,0.25,radicaleq
642,random,5,D,C,D,E,C,E,A,C,D,B,D,A,C,B,A,A,A,B,skip,A,0.2,radicaleq
642,radicaleq,6,skip,C,B,C,C,A,C,skip,skip,C,C,skip,A,skip,A,A,A,A,A,A,0.4,radicaleq
643,radicaleq,1,A,B,D,E,A,C,C,skip,D,A,skip,C,skip,B,B,D,C,C,A,skip,0.45,radicaleq
643,random,2,C,C,A,skip,skip,C,E,skip,C,B,E,E,C,B,skip,A,C,B,D,C,0.4,radicaleq
643,random,3,E,A,A,C,C,D,D,E,D,C,D,skip,skip,skip,A,E,A,E,C,skip,0.25,radicaleq
643,radicaleq,4,D,skip,A,D,C,D,B,C,skip,C,A,skip,A,D,D,C,skip,skip,C,A,0.45,radicaleq
643,random,5,C,C,C,B,B,skip,skip,skip,E,D,skip,A,B,D,A,A,C,C,B,skip,0.3,radicaleq
643,random,6,A,D,D,B,C,A,D,D,A,C,D,B,E,B,C,E,A,A,B,C,0.4,radicaleq
644,random,1,skip,B,D,B,D,skip,skip,E,D,skip,C,B,A,A,C,D,E,E,E,D,0.4,radicaleq
644,radicaleq,2,B,A,skip,A,A,skip,A,A,skip,A,skip,skip,A,A,A,A,C,A,skip,A,0.45,radicaleq
644,random,3,A,C,C,A,D,E,E,C,E,skip,E,D,E,C,skip,A,D,skip,A,D,0.4,radicaleq
644,random,4,E,C,skip,A,D,A,skip,C,C,B,C,A,C,C,B,A,A,D,E,D,0.15,radicaleq
644,random,5,skip,skip,A,A,C,A,D,D,skip,D,E,A,B,A,A,B,D,D,E,skip,0.2,radicaleq
644,radicaleq,6,skip,B,A,E,C,B,C,C,C,D,D,C,C,C,C,C,A,D,D,D,0.35,radicaleq
645,radicaleq,1,A,D,D,C,C,C,B,C,B,skip,skip,C,A,C,B,B,B,C,C,C,0.45,radicaleq
645,random,2,A,B,C,B,A,C,B,B,D,C,B,A,skip,C,A,D,C,C,A,skip,0.35,radicaleq
645,random,3,C,C,A,C,D,D,A,B,skip,A,E,skip,C,C,E,A,D,B,C,B,0.45,radicaleq
645,random,4,B,E,skip,B,skip,skip,skip,A,E,skip,C,C,B,E,B,skip,C,C,skip,skip,0.25,radicaleq
645,radicaleq,5,E,skip,C,B,E,B,skip,B,C,A,A,B,skip,B,skip,C,C,B,B,B,0.35,radicaleq
645,random,6,skip,A,A,B,skip,D,D,B,C,C,C,D,D,E,A,E,C,A,B,B,0.3,radicaleq
646,rotate,1,A,B,C,D,E,skip,A,B,C,D,E,skip,A,B,C,D,E,skip,A,B,0.4,rotate
646,radicaleq,2,B,C,D,E,skip,C,B,E,D,E,C,D,E,B,C,E,D,C,E,C,0.45,rotate
646,radicaleq,3,C,D,E,skip,D,A,A,B,C,C,D,A,B,A,B,D,E,A,A,B,0.35,rotate
646,rotate,4,D,E,skip,A,B,C,D,E,skip,A,B,C,D,E,skip,A,B,C,D,E,0.7,rotate
646,rotate,5,E,skip,A,B,C,D,E,skip,A,B,C,D,E,skip,A,B,C,D,E,skip,0.6,rotate
646,rotate,6,skip,A,B,C,D,E,skip,A,B,C,D,E,skip,A,B,C,D,E,skip,A,0.5,rotate
647,rotate,1,A,B,C,D,E,skip,A,B,C,D,E,skip,A,B,C,D,E,skip,A,B,0.6,rotate
647,rotate,2,B,C,D,E,skip,A,B,C,D,E,skip,A,B,C,D,E,skip,A,B,C,0.4,rotate
647,radicaleq,3,C,D,E,skip,E,C,D,C,B,D,E,D,B,A,A,E,D,C,D,E,0.3,rotate
647,rotate,4,D,E,skip,A,B,C,D,E,skip,A,B,C,D,E,skip,A,B,C,D,E,0.55,rotate
647,rotate,5,E,skip,A,B,C,D,E,skip,A,B,C,D,E,skip,A,B,C,D,E,skip,0.3,rotate
647,radicaleq,6,skip,A,C,B,D,A,B,E,A,B,C,A,E,C,D,B,C,A,E,B,0.1,rotate
648,rotate,1,A,B,C,D,E,skip,A,B,C,D,E,skip,A,B,C,D,E,skip,A,B,0.65,rotate
648,rotate,2,B,C,D,E,skip,A,B,C,D,E,skip,A,B,C,D,E,skip,A,B,C,0.25,rotate
648,radicaleq,3,C,D,E,skip,B,B,A,B,A,C,C,A,D,E,B,C,E,B,C,C,0.45,rotate
648,radicaleq,4,D,E,skip,C,A,A,B,C,D,E,D,E,B,C,D,E,D,A,A,D,0.2,rotate
648,rotate,5,E,skip,A,B,C,D,E,skip,A,B,C,D,E,skip,A,B,C,D,E,skip,0.7,rotate
648,rotate,6,skip,A,B,C,D,E,skip,A,B,C,D,E,skip,A,B,C,D,E,skip,A,0.45,rotate
649,rotate,1,A,B,C,D,E,skip,A,B,C,D,E,skip,A,B,C,D,E,skip,A,B,0.45,rotate
649,radicaleq,2,B,C,D,B,skip,B,E,B,B,B,B,D,C,C,B,B,B,E,C,E,0.45,rotate
649,rotate,3,C,D,E,skip,A,B,C,D,E,skip,A,B,C,D,E,skip,A,B,C,D,0.65,rotate
649,rotate,4,D,E,skip,A,B,C,D,E,skip,A,B,C,D,E,skip,A,B,C,D,E,0.45,rotate
649,radicaleq,5,E,skip,B,A,E,C,D,A,C,D,E,C,A,A,E,D,E,A,D,A,0.1,rotate
649,rotate,6,skip,A,B,C,D,E,skip,A,B,C,D,E,skip,A,B,C,D,E,skip,A,0.45,rotate
650,rotate,1,A,B,C,D,E,skip,A,B,C,D,E,skip,A,B,C,D,E,skip,A,B,0.75,rotate
650,rotate,2,B,C,D,E,skip,A,B,C,D,E,skip,A,B,C,D,E,skip,A,B,C,0.45,rotate
650,radicaleq,3,C,D,E,skip,E,B,E,E,E,skip,C,D,E,skip,A,A,C,E,C,C,0.6,rotate
650,rotate,4,D,E,skip,A,B,C,D,E,skip,A,B,C,D,E,skip,A,B,C,D,E,0.5,rotate
650,radicaleq,5,E,skip,B,A,D,C,A,C,D,A,B,A,B,C,D,C,B,D,B,A,0.1,rotate
650,rotate,6,skip,A,B,C,D,E,skip,A,B,C,D,E,skip,A,B,C,D,E,skip,A,0.55,rotate
651,rotate,1,A,B,C,D,E,skip,A,B,C,D,E,skip,A,B,C,D,E,skip,A,B,0.55,rotate
651,rotate,2,B,C,D,E,skip,A,B,C,D,E,skip,A,B,C,D,E,skip,A,B,C,0.5,rotate
651,rotate,3,C,D,E,skip,A,B,C,D,E,skip,A,B,C,D,E,skip,A,B,C,D,0.8,rotate
651,rotate,4,D,E,skip,A,B,C,D,E,skip,A,B,C,D,E,skip,A,B,C,D,E,0.3,rotate
651,radicaleq,5,E,skip,B,E,C,A,B,A,B,C,C,B,B,C,C,E,B,C,A,B,0.35,rotate
651,radicaleq,6,skip,A,C,A,B,D,D,E,C,D,B,E,D,E,A,A,D,A,E,E,0.3,rotate
652,radicaleq,1,A,B,A,B,C,D,C,E,E,D,E,E,E,A,A,C,D,E,E,B,0.25,rotate
652,radicaleq,2,B,C,D,A,B,B,D,C,C,C,B,A,D,B,E,A,C,D,A,D,0.4,rotate
652,rotate,3,C,D,E,skip,A,B,C,D,E,skip,A,B,C,D,E,skip,A,B,C,D,0.6,rotate
652,rotate,4,D,E,skip,A,B,C,D,E,skip,A,B,C,D,E,skip,A,B,C,D,E,0.5,rotate
652,rotate,5,E,skip,A,B,C,D,E,skip,A,B,C,D,E,skip,A,B,C,D,E,skip,0.35,rotate
652,rotate,6,skip,A,B,C,D,E,skip,A,B,C,D,E,skip,A,B,C,D,E,skip,A,0.5,rotate
653,radicaleq,1,A,B,A,B,C,A,D,C,B,C,D,D,D,C,C,C,D,D,B,B,0.2,rotate
653,rotate,2,B,C,D,E,skip,A,B,C,D,E,skip,A,B,C,D,E,skip,A,B,C,0.5,rotate
653,radicaleq,3,C,D,E,skip,E,E,A,E,A,B,B,E,A,A,E,E,C,A,D,C,0.35,rotate
653,rotate,4,D,E,skip,A,B,C,D,E,skip,A,B,C,D,E,skip,A,B,C,D,E,0.6,rotate
653,rotate,5,E,skip,A,B,C,D,E,skip,A,B,C,D,E,skip,A,B,C,D,E,skip,0.4,rotate
653,rotate,6,skip,A,B,C,D,E,skip,A,B,C,D,E,skip,A,B,C,D,E,skip,A,0.4,rotate
654,radicaleq,1,A,B,A,D,D,C,A,A,C,E,A,C,D,A,D,A,E,E,E,D,0.5,rotate
654,rotate,2,B,C,D,E,skip,A,B,C,D,E,skip,A,B,C,D,E,skip,A,B,C,0.65,rotate
654,rotate,3,C,D,E,skip,A,B,C,D,E,skip,A,B,C,D,E,skip,A,B,C,D,0.75,rotate
654,rotate,4,D,E,skip,A,B,C,D,E,skip,A,B,C,D,E,skip,A,B,C,D,E,0.5,rotate
654,rotate,5,E,skip,A,B,C,D,E,skip,A,B,C,D,E,skip,A,B,C,D,E,skip,0.2,rotate
654,radicaleq,6,skip,A,C,E,C,D,E,E,A,D,C,D,E,E,A,C,C,D,D,C,0.2,rotate
655,rotate,1,A,B,C,D,E,skip,A,B,C,D,E,skip,A,B,C,D,E,skip,A,B,0.4,rotate
655,radicaleq,2,B,C,D,E,skip,A,E,C,C,A,C,D,D,D,C,D,D,C,C,D,0.45,rotate
655,rotate,3,C,D,E,skip,A,B,C,D,E,skip,A,B,C,D,E,skip,A,B,C,D,0.3,rotate
655,radicaleq,4,D,E,skip,C,A,B,C,D,B,D,E,B,A,B,E,E,A,B,A,B,0.15,rotate
655,rotate,5,E,skip,A,B,C,D,E,skip,A,B,C,D,E,skip,A,B,C,D,E,skip,0.65,rotate
655,rotate,6,skip,A,B,C,D,E,skip,A,B,C,D,E,skip,A,B,C,D,E,skip,A,0.65,rotate
656,rotate,1,A,B,C,D,E,skip,A,B,C,D,E,skip,A,B,C,D,E,skip,A,B,0.7,rotate
656,rotate,2,B,C,D,E,skip,A,B,C,D,E,skip,A,B,C,D,E,skip,A,B,C,0.75,rotate
656,rotate,3,C,D,E,skip,A,B,C,D,E,skip,A,B,C,D,E,skip,A,B,C,D,0.4,rotate
656,radicaleq,4,D,E,skip,D,A,B,D,A,B,C,D,B,C,E,E,C,B,B,C,E,0.3,rotate
656,radicaleq,5,E,skip,B,A,C,C,E,E,A,A,A,D,A,A,D,D,D,A,D,D,0.5,rotate
656,rotate,6,skip,A,B,C,D,E,skip,A,B,C,D,E,skip,A,B,C,D,E,skip,A,0.4,rotate
657,rotate,1,A,B,C,D,E,skip,A,B,C,D,E,skip,A,B,C,D,E,skip,A,B,0.6,rotate
657,rotate,2,B,C,D,E,skip,A,B,C,D,E,skip,A,B,C,D,E,skip,A,B,C,0.6,rotate
657,rotate,3,C,D,E,skip,A,B,C,D,E,skip,A,B,C,D,E,skip,A,B,C,D,0.5,rotate
657,radicaleq,4,D,E,skip,A,A,D,B,D,A,B,C,D,A,D,C,E,A,D,B,E,0.2,rotate
657,rotate,5,E,skip,A,B,C,D,E,skip,A,B,C,D,E,skip,A,B,C,D,E,skip,0.3,rotate
657,radicaleq,6,skip,A,C,B,D,B,E,C,E,C,E,B,E,A,B,C,C,A,D,B,0.35,rotate
658,radicaleq,1,A,B,A,B,A,C,C,D,B,C,E,E,B,C,E,D,D,E,B,A,0.25,rotate
658,rotate,2,B,C,D,E,skip,A,B,C,D,E,skip,A,B,C,D,E,skip,A,B,C,0.55,rotate
658,rotate,3,C,D,E,skip,A,B,C,D,E,skip,A,B,C,D,E,skip,A,B,C,D,0.6,rotate
658,radicaleq,4,D,E,skip,D,E,A,A,A,D,B,D,C,E,B,C,B,A,C,E,C,0.45,rotate
658,rotate,5,E,skip,A,B,C,D,E,skip,A,B,C,D,E,skip,A,B,C,D,E,skip,0.5,rotate
658,rotate,6,skip,A,B,C,D,E,skip,A,B,C,D,E,skip,A,B,C,D,E,skip,A,0.4,rotate
659,rotate,1,A,B,C,D,E,skip,A,B,C,D,E,skip,A,B,C,D,E,skip,A,B,0.5,rotate
659,radicaleq,2,B,C,D,C,skip,A,D,C,C,E,B,C,D,C,C,D,C,D,D,E,0.4,rotate
659,rotate,3,C,D,E,skip,A,B,C,D,E,skip,A,B,C,D,E,skip,A,B,C,D,0.8,rotate
659,rotate,4,D,E,skip,A,B,C,D,E,skip,A,B,C,D,E,skip,A,B,C,D,E,0.55,rotate
659,rotate,5,E,skip,A,B,C,D,E,skip,A,B,C,D,E,skip,A,B,C,D,E,skip,0.2,rotate
659,radicaleq,6,skip,A,C,B,E,D,E,B,A,B,D,D,E,A,A,B,E,B,E,A,0.2,rotate
660,radicaleq,1,A,B,A,E,B,E,C,D,A,C,B,D,A,A,C,C,A,C,E,B,0.45,rotate
660,rotate,2,B,C,D,E,skip,A,B,C,D,E,skip,A,B,C,D,E,skip,A,B,C,0.75,rotate
660,rotate,3,C,D,E,skip,A,B,C,D,E,skip,A,B,C,D,E,skip,A,B,C,D,0.55,rotate
660,rotate,4,D,E,skip,A,B,C,D,E,skip,A,B,C,D,E,skip,A,B,C,D,E,0.45,rotate
660,radicaleq,5,E,skip,B,C,D,C,D,A,B,A,E,E,C,D,B,E,B,E,D,D,0.1,rotate
660,rotate,6,skip,A,B,C,D,E,skip,A,B,C,D,E,skip,A,B,C,D,E,skip,A,0.2,rotate
661,random3,1,A,A,A,A,E,A,B,A,E,E,E,E,E,E,E,E,E,E,E,E,0.7,random3
661,radicaleq,2,B,skip,C,B,E,E,D,A,D,B,A,A,B,B,B,B,B,B,A,B,0.45,random3
661,radicaleq,3,C,D,E,A,B,A,E,B,A,D,B,B,A,A,A,A,D,A,B,A,0.4,random3
661,random3,4,C,C,C,C,C,C,C,C,C,C,C,C,C,D,D,D,D,D,D,D,0.7,random3
661,random3,5,C,D,D,D,D,D,D,D,D,D,D,D,D,D,A,A,D,A,A,A,0.4,random3
661,random3,6,C,C,B,B,B,A,B,B,E,B,A,A,C,C,C,C,C,C,C,C,0.4,random3
662,random3,1,C,A,A,A,A,A,A,A,A,A,A,A,A,A,E,A,E,E,E,E,0.65,random3
662,random3,2,C,C,B,B,B,B,B,B,B,D,D,D,D,D,D,D,D,D,D,A,0.5,random3
662,radicaleq,3,C,D,C,C,C,C,E,D,E,E,E,C,D,A,D,B,D,A,B,A,0.4,random3
662,random3,4,C,C,B,E,D,C,C,C,C,C,C,C,C,C,C,C,C,C,C,C,0.65,random3
662,random3,5,E,E,E,E,E,E,E,E,E,E,B,B,B,B,E,A,E,A,A,A,0.4,random3
662,radicaleq,6,skip,C,D,D,D,D,D,E,B,D,B,A,A,B,B,A,B,B,D,B,0.4,random3
663,random3,1,D,D,D,D,D,D,D,D,C,C,C,C,C,C,C,C,C,C,B,B,0.4,random3
663,random3,2,C,A,A,A,A,E,A,A,A,A,A,A,A,A,A,A,A,A,A,A,0.6,random3
663,radicaleq,3,C,C,skip,skip,A,E,E,D,A,D,D,B,D,C,C,E,C,E,D,E,0.35,random3
663,radicaleq,4,D,D,A,E,D,C,A,E,D,B,A,C,E,E,E,C,E,C,E,C,0.35,random3
663,random3,5,B,B,B,B,B,B,B,B,B,B,B,B,D,B,B,B,B,B,B,B,0.55,random3
663,random3,6,B,B,B,B,C,C,A,A,A,E,E,E,E,E,D,D,D,D,D,D,0.45,random3
664,random3,1,A,A,A,A,A,E,E,E,E,C,C,C,C,C,C,C,C,C,C,C,0.6,radicaleq
664,radicaleq,2,B,D,E,E,A,C,B,A,E,B,E,A,E,B,E,C,B,B,B,D,0.45,radicaleq
664,random3,3,C,C,C,C,C,C,C,C,C,C,D,D,D,D,D,D,D,D,A,A,0.65,radicaleq
664,random3,4,E,A,E,B,B,B,A,A,A,A,A,A,A,A,A,A,A,A,A,A,0.6,radicaleq
664,radicaleq,5,E,B,A,D,C,B,E,B,B,E,D,B,B,E,B,B,E,E,E,E,0.45,radicaleq
664,random3,6,D,D,D,D,D,D,D,D,D,D,D,B,B,E,E,B,B,D,C,D,0.4,radicaleq
665,random3,1,B,B,B,C,C,C,C,C,C,C,C,C,C,C,C,C,C,C,C,C,0.85,radicaleq
665,random3,2,E,E,E,E,A,A,A,A,A,A,B,B,B,B,B,B,B,B,B,B,0.55,radicaleq
665,radicaleq,3,C,E,B,E,E,B,B,B,skip,D,D,A,E,B,D,E,E,B,E,A,0.4,radicaleq
665,random3,4,A,A,D,D,D,D,D,D,D,D,D,D,D,D,D,D,D,D,D,D,0.55,radicaleq
665,radicaleq,5,E,A,A,B,B,D,A,E,E,E,A,E,B,E,A,D,A,E,D,E,0.4,radicaleq
665,random3,6,B,B,B,B,B,D,D,D,A,A,A,A,A,A,A,E,A,A,A,A,0.2,radicaleq
666,random3,1,A,B,B,B,B,A,A,A,A,D,A,D,D,C,C,B,B,B,B,B,0.5,random3
666,random3,2,D,C,C,C,C,C,B,D,D,D,A,A,A,A,A,A,A,A,A,A,0.55,random3
666,random3,3,D,D,E,E,E,E,E,E,E,E,E,E,E,E,E,E,D,E,A,A,0.5,random3
666,random3,4,A,A,A,A,D,D,B,B,B,B,B,B,B,B,D,B,D,D,D,D,0.6,random3
666,radicaleq,5,E,skip,skip,A,B,D,E,D,C,D,C,E,C,B,D,E,D,C,A,C,0.3,random3
666,radicaleq,6,skip,D,C,B,E,C,B,C,A,C,A,C,D,C,C,B,C,E,C,E,0.3,random3
667,radicaleq,1,A,D,D,C,A,C,A,E,A,C,A,C,A,A,E,C,D,B,B,E,0.45,random3
667,radicaleq,2,B,C,A,B,E,A,B,A,B,A,E,A,E,E,B,A,A,A,E,A,0.4,random3
667,random3,3,B,C,C,C,C,C,C,C,C,C,D,D,D,D,D,D,D,D,D,D,0.65,random3
667,random3,4,D,D,B,B,B,B,B,D,B,B,B,B,B,B,B,B,B,B,B,B,0.55,random3
667,random3,5,E,E,E,E,E,E,E,E,B,E,E,C,C,C,B,A,A,A,A,A,0.4,random3
667,random3,6,D,D,D,D,D,D,D,D,D,D,D,C,C,C,C,C,C,C,C,C,0.55,random3
668,radicaleq,1,A,D,D,C,C,A,C,D,C,A,C,C,C,B,B,B,D,E,B,B,0.55,radicaleq
668,random3,2,E,E,E,E,E,E,E,E,E,A,A,A,A,A,A,A,A,A,A,A,0.65,radicaleq
668,radicaleq,3,C,E,C,E,B,C,B,C,E,C,E,E,B,E,C,C,E,B,E,E,0.45,radicaleq
668,random3,4,A,A,A,A,A,A,B,A,A,A,A,A,A,E,C,D,D,B,C,C,0.4,radicaleq
668,random3,5,B,B,B,B,B,A,B,B,B,B,B,B,B,E,E,E,E,B,B,B,0.55,radicaleq
668,random3,6,C,D,D,D,D,D,D,D,D,D,D,D,D,D,D,D,D,D,D,D,0.7,radicaleq
669,radicaleq,1,A,B,D,B,D,B,D,B,C,E,E,D,B,D,B,C,B,C,B,D,0.4,random3
669,random3,2,E,E,E,E,E,E,A,A,A,A,A,A,A,A,A,A,A,A,A,A,0.8,random3
669,random3,3,C,C,C,C,C,C,C,C,C,C,C,C,C,C,C,C,C,C,C,C,0.75,random3
669,random3,4,A,A,A,A,A,A,A,E,E,B,E,E,E,E,E,E,E,E,E,E,0.6,random3
669,random3,5,C,B,D,D,D,D,D,D,D,D,D,D,A,D,D,D,D,D,D,D,0.45,random3
669,radicaleq,6,skip,C,A,E,B,E,B,D,E,B,B,B,A,B,E,B,D,B,E,B,0.4,random3
670,random3,1,C,C,C,C,C,C,E,E,E,E,E,E,E,E,E,E,E,E,E,E,0.6,random3
670,radicaleq,2,B,D,A,D,E,B,E,B,D,B,B,E,B,B,B,B,B,A,E,C,0.25,random3
670,random3,3,C,C,D,D,B,B,A,A,A,A,C,C,B,B,B,B,B,B,B,B,0.35,random3
670,radicaleq,4,D,B,C,A,A,C,A,C,C,A,D,A,skip,C,C,C,C,C,A,skip,0.55,random3
670,random3,5,B,E,E,E,E,D,E,E,D,D,D,D,D,D,D,D,D,D,D,D,0.5,random3
670,random3,6,A,A,A,A,A,D,D,D,D,D,C,C,B,A,A,A,A,A,D,D,0.4,random3
671,random3,1,A,A,C,C,C,C,C,C,C,C,C,C,C,C,C,C,E,B,B,B,0.65,random3
671,random3,2,B,B,B,B,B,B,B,B,E,E,E,E,E,E,E,C,C,C,C,C,0.45,random3
671,random3,3,A,A,A,A,A,A,A,A,A,A,A,A,A,A,A,A,A,A,A,A,0.65,random3
671,radicaleq,4,D,E,E,D,skip,skip,A,A,A,C,E,E,E,C,E,C,E,E,E,E,0.3,random3
671,radicaleq,5,E,skip,D,E,A,D,B,B,B,B,B,B,B,B,B,B,skip,A,B,C,0.55,random3
671,random3,6,D,D,D,B,B,B,B,D,D,D,D,D,D,D,D,D,D,D,D,D,0.7,random3
672,random3,1,B,B,B,B,B,B,D,A,D,D,B,B,B,A,A,A,A,A,A,A,0.35,random3
672,random3,2,C,C,C,C,C,C,D,B,B,A,B,B,D,D,D,D,D,D,D,D,0.45,random3
672,random3,3,C,C,E,E,E,E,E,E,E,E,E,E,E,E,E,E,E,A,A,A,0.65,random3
672,radicaleq,4,D,C,A,D,D,A,C,A,B,A,D,B,B,B,B,B,B,B,B,B,0.6,random3
672,random3,5,A,A,A,A,A,C,C,C,C,C,C,C,C,C,C,C,C,C,C,C,0.8,random3
672,radicaleq,6,skip,D,D,C,A,B,D,B,D,D,B,A,D,A,A,E,E,E,E,E,0.3,random3
673,radicaleq,1,A,B,E,A,B,B,C,E,C,E,C,B,B,A,A,B,E,E,C,C,0.4,radicaleq
673,random3,2,A,C,C,C,C,C,C,C,C,C,C,C,C,C,B,B,B,B,B,E,0.4,radicaleq
673,random3,3,D,D,D,B,B,B,B,B,A,A,C,E,E,E,E,E,E,C,C,A,0.4,radicaleq
673,radicaleq,4,D,A,D,E,D,A,B,B,E,B,A,C,C,C,C,C,skip,skip,skip,skip,0.35,radicaleq
673,random3,5,D,E,E,A,A,A,D,D,D,D,D,D,D,D,B,B,B,B,B,B,0.35,radicaleq
673,random3,6,D,D,D,D,D,E,E,E,A,A,D,D,D,D,B,B,B,D,D,D,0.3,radicaleq
674,random3,1,B,B,B,B,D,D,E,E,E,E,E,D,D,D,D,D,D,D,D,E,0.4,radicaleq
674,radicaleq,2,B,D,B,C,C,D,D,D,C,C,C,C,E,E,E,E,E,E,E,E,0.5,radicaleq
674,random3,3,B,B,B,B,B,B,B,B,B,B,B,B,B,B,B,B,B,B,B,B,0.6,radicaleq
674,random3,4,B,B,E,E,A,A,A,A,A,A,A,A,A,A,A,A,A,A,A,A,0.75,radicaleq
674,random3,5,C,C,C,C,C,A,E,C,C,C,C,C,D,B,B,B,B,A,D,D,0.15,radicaleq
674,radicaleq,6,skip,B,C,E,E,C,skip,C,E,E,E,E,C,C,C,C,C,C,C,C,0.55,radicaleq
675,radicaleq,1,A,D,B,D,D,D,C,B,A,E,A,C,D,C,D,C,E,C,D,C,0.35,random3
675,random3,2,E,E,E,E,E,E,E,E,E,E,A,A,A,A,A,A,A,A,D,A,0.6,random3
675,random3,3,B,B,B,D,B,B,D,D,D,D,D,D,D,B,B,B,B,B,B,B,0.65,random3
675,random3,4,C,C,C,C,C,C,C,B,C,B,B,B,B,B,D,D,D,D,D,D,0.5,random3
675,radicaleq,5,E,C,A,B,E,B,D,D,C,B,C,E,C,A,C,D,C,A,C,A,0.3,random3
675,random3,6,A,D,A,A,A,A,A,A,A,B,B,E,E,E,E,E,E,E,E,E,0.6,random3
676,radicaleq,1,A,B,A,C,D,skip,A,C,D,B,E,skip,D,C,B,E,A,skip,D,B,0.85,draw
676,radicaleq,2,B,C,D,E,skip,A,C,D,B,E,skip,D,C,B,E,A,skip,D,B,C,0.85,draw
676,radicaleq,3,C,D,E,skip,A,C,D,B,E,skip,D,C,B,E,A,skip,D,B,C,E,0.85,draw
676,radicaleq,4,D,E,skip,A,C,D,B,E,skip,D,C,B,E,A,skip,D,B,C,E,A,0.85,draw
676,radicaleq,5,E,skip,B,B,B,B,E,skip,C,C,B,E,A,skip,D,B,C,E,A,skip,0.8,draw
676,radicaleq,6,skip,A,C,D,E,E,skip,A,A,A,A,A,skip,D,C,C,E,A,skip,D,0.8,draw
677,radicaleq,1,A,B,A,C,D,skip,A,C,D,B,E,skip,D,C,B,E,A,skip,D,B,0.85,draw
677,radicaleq,2,B,C,D,E,skip,A,C,D,B,E,skip,D,C,B,E,A,skip,D,B,C,0.85,draw
677,radicaleq,3,C,D,E,skip,A,C,D,B,E,skip,D,C,B,E,A,skip,D,B,C,E,0.85,draw
677,radicaleq,4,D,E,skip,A,C,D,B,E,skip,D,C,B,E,A,skip,D,B,C,E,A,0.85,draw
677,radicaleq,5,E,skip,B,B,B,B,E,skip,C,C,B,E,A,skip,D,B,C,E,A,skip,0.8,draw
677,radicaleq,6,skip,A,C,D,E,E,skip,A,A,A,A,A,skip,D,C,C,E,A,skip,D,0.8,draw
678,radicaleq,1,A,B,A,C,D,skip,A,C,D,B,E,skip,D,C,B,E,A,skip,D,B,0.85,draw
678,radicaleq,2,B,C,D,E,skip,A,C,D,B,E,skip,D,C,B,E,A,skip,D,B,C,0.85,draw
678,radicaleq,3,C,D,E,skip,A,C,D,B,E,skip,D,C,B,E,A,skip,D,B,C,E,0.85,draw
678,radicaleq,4,D,E,skip,A,C,D,B,E,skip,D,C,B,E,A,skip,D,B,C,E,A,0.85,draw
678,radicaleq,5,E,skip,B,B,B,B,E,skip,C,C,B,E,A,skip,D,B,C,E,A,skip,0.8,draw
678,radicaleq,6,skip,A,C,D,E,E,skip,A,A,A,A,A,skip,D,C,C,E,A,skip,D,0.8,draw
679,radicaleq,1,A,B,A,C,D,skip,A,C,D,B,E,skip,D,C,B,E,A,skip,D,B,0.85,draw
679,radicaleq,2,B,C,D,E,skip,A,C,D,B,E,skip,D,C,B,E,A,skip,D,B,C,0.85,draw
679,radicaleq,3,C,D,E,skip,A,C,D,B,E,skip,D,C,B,E,A,skip,D,B,C,E,0.85,draw
679,radicaleq,4,D,E,skip,A,C,D,B,E,skip,D,C,B,E,A,skip,D,B,C,E,A,0.85,draw
679,radicaleq,5,E,skip,B,B,B,B,E,skip,C,C,B,E,A,skip,D,B,C,E,A,skip,0.8,draw
679,radicaleq,6,skip,A,C,D,E,E,skip,A,A,A,A,A,skip,D,C,C,E,A,skip,D,0.8,draw
680,radicaleq,1,A,B,A,C,D,skip,A,C,D,B,E,skip,D,C,B,E,A,skip,D,B,0.85,draw
680,radicaleq,2,B,C,D,E,skip,A,C,D,B,E,skip,D,C,B,E,A,skip,D,B,C,0.85,draw
680,radicaleq,3,C,D,E,skip,A,C,D,B,E,skip,D,C,B,E,A,skip,D,B,C,E,0.85,draw
680,radicaleq,4,D,E,skip,A,C,D,B,E,skip,D,C,B,E,A,skip,D,B,C,E,A,0.85,draw
680,radicaleq,5,E,skip,B,B,B,B,E,skip,C,C,B,E,A,skip,D,B,C,E,A,skip,0.8,draw
680,radicaleq,6,skip,A,C,D,E,E,skip,A,A,A,A,A,skip,D,C,C,E,A,skip,D,0.8,draw
681,radicaleq,1,A,B,A,C,D,skip,A,C,D,B,E,skip,D,C,B,E,A,skip,D,B,0.85,draw
681,radicaleq,2,B,C,D,E,skip,A,C,D,B,E,skip,D,C,B,E,A,skip,D,B,C,0.85,draw
681,radicaleq,3,C,D,E,skip,A,C,D,B,E,skip,D,C,B,E,A,skip,D,B,C,E,0.85,draw
681,radicaleq,4,D,E,skip,A,C,D,B,E,skip,D,C,B,E,A,skip,D,B,C,E,A,0.85,draw
681,radicaleq,5,E,skip,B,B,B,B,E,skip,C,C,B,E,A,skip,D,B,C,E,A,skip,0.8,draw
681,radicaleq,6,skip,A,C,D,E,E,skip,A,A,A,A,A,skip,D,C,C,E,A,skip,D,0.8,draw
682,radicaleq,1,A,B,A,C,D,skip,A,C,D,B,E,skip,D,C,B,E,A,skip,D,B,0.85,draw
682,radicaleq,2,B,C,D,E,skip,A,C,D,B,E,skip,D,C,B,E,A,skip,D,B,C,0.85,draw
682,radicaleq,3,C,D,E,skip,A,C,D,B,E,skip,D,C,B,E,A,skip,D,B,C,E,0.85,draw
682,radicaleq,4,D,E,skip,A,C,D,B,E,skip,D,C,B,E,A,skip,D,B,C,E,A,0.85,draw
682,radicaleq,5,E,skip,B,B,B,B,E,skip,C,C,B,E,A,skip,D,B,C,E,A,skip,0.8,draw
682,radicaleq,6,skip,A,C,D,E,E,skip,A,A,A,A,A,skip,D,C,C,E,A,skip,D,0.8,draw
683,radicaleq,1,A,B,A,C,D,skip,A,C,D,B,E,skip,D,C,B,E,A,skip,D,B,0.85,draw
683,radicaleq,2,B,C,D,E,skip,A,C,D,B,E,skip,D,C,B,E,A,skip,D,B,C,0.85,draw
683,radicaleq,3,C,D,E,skip,A,C,D,B,E,skip,D,C,B,E,A,skip,D,B,C,E,0.85,draw
683,radicaleq,4,D,E,skip,A,C,D,B,E,skip,D,C,B,E,A,skip,D,B,C,E,A,0.85,draw
683,radicaleq,5,E,skip,B,B,B,B,E,skip,C,C,B,E,A,skip,D,B,C,E,A,skip,0.8,draw
683,radicaleq,6,skip,A,C,D,E,E,skip,A,A,A,A,A,skip,D,C,C,E,A,skip,D,0.8,draw
684,radicaleq,1,A,B,A,C,D,skip,A,C,D,B,E,skip,D,C,B,E,A,skip,D,B,0.85,draw
684,radicaleq,2,B,C,D,E,skip,A,C,D,B,E,skip,D,C,B,E,A,skip,D,B,C,0.85,draw
684,radicaleq,3,C,D,E,skip,A,C,D,B,E,skip,D,C,B,E,A,skip,D,B,C,E,0.85,draw
684,radicaleq,4,D,E,skip,A,C,D,B,E,skip,D,C,B,E,A,skip,D,B,C,E,A,0.85,draw
684,radicaleq,5,E,skip,B,B,B,B,E,skip,C,C,B,E,A,skip,D,B,C,E,A,skip,0.8,draw
684,radicaleq,6,skip,A,C,D,E,E,skip,A,A,A,A,A,skip,D,C,C,E,A,skip,D,0.8,draw
685,radicaleq,1,A,B,A,C,D,skip,A,C,D,B,E,skip,D,C,B,E,A,skip,D,B,0.85,draw
685,radicaleq,2,B,C,D,E,skip,A,C,D,B,E,skip,D,C,B,E,A,skip,D,B,C,0.85,draw
685,radicaleq,3,C,D,E,skip,A,C,D,B,E,skip,D,C,B,E,A,skip,D,B,C,E,0.85,draw
685,radicaleq,4,D,E,skip,A,C,D,B,E,skip,D,C,B,E,A,skip,D,B,C,E,A,0.85,draw
685,radicaleq,5,E,skip,B,B,B,B,E,skip,C,C,B,E,A,skip,D,B,C,E,A,skip,0.8,draw
685,radicaleq,6,skip,A,C,D,E,E,skip,A,A,A,A,A,skip,D,C,C,E,A,skip,D,0.8,draw
686,radicaleq,1,A,B,A,C,D,skip,A,C,D,B,E,skip,D,C,B,E,A,skip,D,B,0.85,draw
686,radicaleq,2,B,C,D,E,skip,A,C,D,B,E,skip,D,C,B,E,A,skip,D,B,C,0.85,draw
686,radicaleq,3,C,D,E,skip,A,C,D,B,E,skip,D,C,B,E,A,skip,D,B,C,E,0.85,draw
686,radicaleq,4,D,E,skip,A,C,D,B,E,skip,D,C,B,E,A,skip,D,B,C,E,A,0.85,draw
686,radicaleq,5,E,skip,B,B,B,B,E,skip,C,C,B,E,A,skip,D,B,C,E,A,skip,0.8,draw
686,radicaleq,6,skip,A,C,D,E,E,skip,A,A,A,A,A,skip,D,C,C,E,A,skip,D,0.8,draw
687,radicaleq,1,A,B,A,C,D,skip,A,C,D,B,E,skip,D,C,B,E,A,skip,D,B,0.85,draw
687,radicaleq,2,B,C,D,E,skip,A,C,D,B,E,skip,D,C,B,E,A,skip,D,B,C,0.85,draw
687,radicaleq,3,C,D,E,skip,A,C,D,B,E,skip,D,C,B,E,A,skip,D,B,C,E,0.85,draw
687,radicaleq,4,D,E,skip,A,C,D,B,E,skip,D,C,B,E,A,skip,D,B,C,E,A,0.85,draw
687,radicaleq,5,E,skip,B,B,B,B,E,skip,C,C,B,E,A,skip,D,B,C,E,A,skip,0.8,draw
687,radicaleq,6,skip,A,C,D,E,E,skip,A,A,A,A,A,skip,D,C,C,E,A,skip,D,0.8,draw
688,radicaleq,1,A,B,A,C,D,skip,A,C,D,B,E,skip,D,C,B,E,A,skip,D,B,0.85,draw
688,radicaleq,2,B,C,D,E,skip,A,C,D,B,E,skip,D,C,B,E,A,skip,D,B,C,0.85,draw
688,radicaleq,3,C,D,E,skip,A,C,D,B,E,skip,D,C,B,E,A,skip,D,B,C,E,0.85,draw
688,radicaleq,4,D,E,skip,A,C,D,B,E,skip,D,C,B,E,A,skip,D,B,C,E,A,0.85,draw
688,radicaleq,5,E,skip,B,B,B,B,E,skip,C,C,B,E,A,skip,D,B,C,E,A,skip,0.8,draw
688,radicaleq,6,skip,A,C,D,E,E,skip,A,A,A,A,A,skip,D,C,C,E,A,skip,D,0.8,draw
689,radicaleq,1,A,B,A,C,D,skip,A,C,D,B,E,skip,D,C,B,E,A,skip,D,B,0.85,draw
689,radicaleq,2,B,C,D,E,skip,A,C,D,B,E,skip,D,C,B,E,A,skip,D,B,C,0.85,draw
689,radicaleq,3,C,D,E,skip,A,C,D,B,E,skip,D,C,B,E,A,skip,D,B,C,E,0.85,draw
689,radicaleq,4,D,E,skip,A,C,D,B,E,skip,D,C,B,E,A,skip,D,B,C,E,A,0.85,draw
689,radicaleq,5,E,skip,B,B,B,B,E,skip,C,C,B,E,A,skip,D,B,C,E,A,skip,0.8,draw
689,radicaleq,6,skip,A,C,D,E,E,skip,A,A,A,A,A,skip,D,C,C,E,A,skip,D,0.8,draw
690,radicaleq,1,A,B,A,C,D,skip,A,C,D,B,E,skip,D,C,B,E,A,skip,D,B,0.85,draw
690,radicaleq,2,B,C,D,E,skip,A,C,D,B,E,skip,D,C,B,E,A,skip,D,B,C,0.85,draw
690,radicaleq,3,C,D,E,skip,A,C,D,B,E,skip,D,C,B,E,A,skip,D,B,C,E,0.85,draw
690,radicaleq,4,D,E,skip,A,C,D,B,E,skip,D,C,B,E,A,skip,D,B,C,E,A,0.85,draw
690,radicaleq,5,E,skip,B,B,B,B,E,skip,C,C,B,E,A,skip,D,B,C,E,A,skip,0.8,draw
690,radicaleq,6,skip,A,C,D,E,E,skip,A,A,A,A,A,skip,D,C,C,E,A,skip,D,0.8,draw
691,random,1,E,B,E,A,D,skip,B,B,A,skip,E,E,E,D,B,C,skip,skip,B,A,0.35,rotate0
691,rotate0,2,B,B,B,B,B,B,B,B,B,B,B,B,B,B,B,B,B,B,B,B,0.6,rotate0
691,rotate0,3,C,C,C,C,C,C,C,C,C,C,C,C,C,C,C,C,C,C,C,C,0.5,rotate0
691,random,4,D,C,C,C,D,C,D,B,skip,A,C,D,A,E,skip,E,B,skip,D,B,0.3,rotate0
691,random,5,D,C,skip,E,D,skip,C,skip,C,C,E,skip,A,A,C,A,D,D,E,D,0.25,rotate0
691,random,6,E,A,A,C,skip,C,E,D,D,B,C,A,skip,skip,B,A,skip,skip,E,skip,0.3,rotate0
692,random,1,B,E,A,E,skip,C,B,skip,C,B,A,skip,A,D,E,skip,A,D,C,skip,0.3,random
692,random,2,A,D,D,C,B,C,E,B,skip,B,skip,skip,B,A,skip,C,skip,B,skip,skip,0.25,random
692,rotate0,3,C,C,C,C,C,C,C,C,C,C,C,C,C,C,C,C,C,C,C,C,0.55,random
692,random,4,A,D,A,B,E,C,B,C,E,A,A,C,skip,C,E,skip,E,E,B,B,0.35,random
692,random,5,B,A,D,D,D,C,D,D,C,A,E,skip,C,A,D,A,skip,skip,C,E,0.45,random
692,rotate0,6,skip,skip,skip,skip,skip,skip,skip,skip,skip,skip,skip,skip,skip,skip,skip,skip,skip,skip,skip,skip,0.0,random
693,random,1,D,C,skip,B,skip,A,D,E,D,B,C,skip,D,skip,D,D,C,B,skip,C,0.1,rotate0
693,random,2,skip,E,D,B,E,A,D,C,C,E,skip,skip,E,D,C,B,skip,D,A,B,0.15,rotate0
693,rotate0,3,C,C,C,C,C,C,C,C,C,C,C,C,C,C,C,C,C,C,C,C,0.5,rotate0
693,rotate0,4,D,D,D,D,D,D,D,D,D,D,D,D,D,D,D,D,D,D,D,D,0.45,rotate0
693,random,5,B,E,A,E,D,B,D,C,C,B,A,C,E,A,D,A,B,A,skip,C,0.35,rotate0
693,random,6,C,C,D,E,B,skip,skip,skip,C,skip,B,D,D,C,C,B,B,skip,A,E,0.15,rotate0
694,random,1,D,C,skip,E,E,E,E,B,skip,skip,B,A,D,skip,C,D,E,B,C,E,0.2,rotate0
694,rotate0,2,B,B,B,B,B,B,B,B,B,B,B,B,B,B,B,B,B,B,B,B,0.65,rotate0
694,random,3,skip,E,A,A,E,D,B,B,A,A,B,D,A,skip,skip,C,C,D,A,skip,0.5,rotate0
694,random,4,E,C,E,skip,C,skip,B,B,E,C,A,E,D,D,C,A,A,E,A,skip,0.25,rotate0
694,rotate0,5,E,E,E,E,E,E,E,E,E,E,E,E,E,E,E,E,E,E,E,E,0.25,rotate0
694,random,6,skip,D,D,B,D,E,D,E,C,B,C,skip,C,D,D,E,skip,B,E,B,0.4,rotate0
695,random,1,B,D,A,skip,B,A,D,D,skip,E,B,D,B,B,A,D,B,C,B,D,0.45,rotate0
695,random,2,A,D,D,A,E,C,D,D,A,C,D,E,skip,A,B,A,D,skip,C,E,0.25,rotate0
695,rotate0,3,C,C,C,C,C,C,C,C,C,C,C,C,C,C,C,C,C,C,C,C,0.65,rotate0
695,random,4,D,B,C,B,E,E,skip,A,D,skip,C,A,C,skip,skip,D,A,E,skip,E,0.35,rotate0
695,rotate0,5,E,E,E,E,E,E,E,E,E,E,E,E,E,E,E,E,E,E,E,E,0.5,rotate0
695,random,6,skip,A,D,A,A,E,E,D,E,skip,E,D,B,B,B,E,D,B,skip,E,0.15,rotate0
696,random,1,D,B,B,B,skip,skip,B,C,skip,A,C,skip,A,C,B,E,skip,skip,A,C,0.35,random
696,random,2,A,B,B,D,skip,skip,D,D,A,A,B,D,C,skip,A,A,E,C,A,skip,0.3,random
696,random,3,E,B,E,C,D,B,E,C,D,E,skip,D,C,E,B,E,C,D,D,D,0.35,random
696,random,4,A,A,D,skip,E,C,E,D,A,skip,skip,C,C,A,C,skip,E,D,C,B,0.4,random
696,rotate0,5,E,E,E,E,E,E,E,E,E,E,E,E,E,E,E,E,E,E,E,E,0.6,random
696,rotate0,6,skip,skip,skip,skip,skip,skip,skip,skip,skip,skip,skip,skip,skip,skip,skip,skip,skip,skip,skip,skip,0.0,random
697,rotate0,1,A,A,A,A,A,A,A,A,A,A,A,A,A,A,A,A,A,A,A,A,0.45,rotate0
697,rotate0,2,B,B,B,B,B,B,B,B,B,B,B,B,B,B,B,B,B,B,B,B,0.4,rotate0
697,random,3,skip,skip,A,B,C,E,D,A,B,C,C,C,B,C,C,D,A,D,C,skip,0.4,rotate0
697,random,4,A,D,skip,E,A,B,D,E,B,E,C,D,A,B,skip,E,C,C,skip,D,0.35,rotate0
697,random,5,C,E,skip,E,B,A,A,B,B,B,skip,A,B,E,B,B,B,skip,E,B,0.15,rotate0
697,random,6,A,A,E,B,D,skip,A,D,D,B,D,C,B,E,A,C,E,C,D,B,0.4,rotate0
698,rotate0,1,A,A,A,A,A,A,A,A,A,A,A,A,A,A,A,A,A,A,A,A,0.45,rotate0
698,random,2,E,C,A,C,E,D,A,C,C,B,skip,A,C,A,B,skip,C,D,skip,D,0.15,rotate0
698,rotate0,3,C,C,C,C,C,C,C,C,C,C,C,C,C,C,C,C,C,C,C,C,0.5,rotate0
698,random,4,A,C,E,A,E,C,skip,C,skip,A,D,D,B,A,skip,B,E,D,D,D,0.35,rotate0
698,random,5,skip,C,A,C,E,A,E,E,E,D,A,E,A,skip,E,C,C,B,A,D,0.3,rotate0
698,random,6,A,B,C,C,E,C,A,skip,D,A,A,skip,skip,skip,B,D,skip,B,A,C,0.15,rotate0
699,rotate0,1,A,A,A,A,A,A,A,A,A,A,A,A,A,A,A,A,A,A,A,A,0.55,random
699,random,2,E,skip,E,E,D,skip,E,skip,skip,E,skip,A,A,C,E,skip,skip,B,D,skip,0.2,random
699,random,3,skip,A,C,D,skip,A,skip,D,A,C,C,C,A,D,skip,A,A,D,skip,E,0.2,random
699,random,4,skip,A,D,D,D,D,D,C,skip,C,D,A,D,skip,E,C,D,A,D,E,0.4,random
699,random,5,E,D,E,D,D,E,skip,D,A,skip,A,E,B,D,E,E,A,B,E,E,0.3,random
699,rotate0,6,skip,skip,skip,skip,skip,skip,skip,skip,skip,skip,skip,skip,skip,skip,skip,skip,skip,skip,skip,skip,0.0,random
700,random,1,E,E,D,D,C,C,E,B,D,skip,C,C,D,E,B,C,A,E,D,B,0.3,rotate0
700,rotate0,2,B,B,B,B,B,B,B,B,B,B,B,B,B,B,B,B,B,B,B,B,0.7,rotate0
700,random,3,D,A,E,skip,E,A,D,D,A,A,A,A,E,skip,E,E,A,B,D,C,0.45,rotate0
700,rotate0,4,D,D,D,D,D,D,D,D,D,D,D,D,D,D,D,D,D,D,D,D,0.5,rotate0
700,random,5,D,skip,D,A,E,C,D,E,C,skip,E,E,D,E,skip,E,A,C,skip,A,0.3,rotate0
700,random,6,E,B,D,D,A,skip,C,skip,D,D,skip,C,skip,D,E,skip,B,B,C,A,0.15,rotate0
701,random,1,C,skip,E,B,D,E,D,D,skip,C,E,A,A,skip,C,E,B,E,skip,E,0.2,rotate0
701,random,2,B,D,B,skip,A,A,D,C,skip,E,B,skip,C,C,C,C,D,skip,E,E,0.4,rotate0
701,random,3,E,B,C,B,C,B,E,B,E,D,B,A,D,A,B,E,skip,A,C,D,0.4,rotate0
701,rotate0,4,D,D,D,D,D,D,D,D,D,D,D,D,D,D,D,D,D,D,D,D,0.35,rotate0
701,rotate0,5,E,E,E,E,E,E,E,E,E,E,E,E,E,E,E,E,E,E,E,E,0.4,rotate0
701,random,6,D,C,A,D,C,C,B,E,D,B,C,D,skip,skip,skip,B,skip,D,B,skip,0.4,rotate0
702,random,1,skip,A,C,E,C,A,E,D,D,C,skip,B,skip,skip,D,C,skip,skip,D,A,0.3,random
702,random,2,skip,E,A,B,B,A,B,C,D,skip,E,skip,C,B,B,skip,skip,E,skip,skip,0.4,random
702,random,3,A,C,C,B,A,skip,C,B,B,C,C,D,B,C,C,D,B,E,C,A,0.5,random
702,rotate0,4,D,D,D,D,D,D,D,D,D,D,D,D,D,D,D,D,D,D,D,D,0.6,random
702,random,5,D,D,E,C,A,E,C,C,D,E,skip,C,E,E,D,B,A,C,D,B,0.55,random
702,rotate0,6,skip,skip,skip,skip,skip,skip,skip,skip,skip,skip,skip,skip,skip,skip,skip,skip,skip,skip,skip,skip,0.0,random
703,rotate0,1,A,A,A,A,A,A,A,A,A,A,A,A,A,A,A,A,A,A,A,A,0.5,rotate0
703,random,2,D,skip,E,D,skip,skip,A,A,C,skip,C,D,A,D,B,skip,C,skip,D,C,0.15,rotate0
703,random,3,E,D,E,C,B,C,A,skip,B,skip,D,E,D,D,A,D,E,A,A,E,0.2,rotate0
703,rotate0,4,D,D,D,D,D,D,D,D,D,D,D,D,D,D,D,D,D,D,D,D,0.4,rotate0
703,random,5,skip,D,skip,B,C,skip,skip,A,B,D,A,B,B,A,E,C,E,B,B,E,0.4,rotate0
703,random,6,A,C,D,skip,B,E,E,C,skip,E,C,A,E,C,B,E,E,D,E,B,0.5,rotate0
704,random,1,skip,C,E,D,A,D,A,A,C,E,E,B,C,D,B,E,skip,C,skip,A,0.45,random
704,rotate0,2,B,B,B,B,B,B,B,B,B,B,B,B,B,B,B,B,B,B,B,B,0.65,random
704,random,3,A,D,A,E,skip,C,C,E,skip,B,skip,B,B,E,D,E,E,A,skip,C,0.35,random
704,random,4,E,D,C,D,skip,skip,D,E,A,A,D,C,C,D,D,C,skip,B,B,C,0.35,random
704,random,5,D,E,B,E,E,E,skip,D,C,B,C,C,B,A,A,D,D,C,B,D,0.55,random
704,rotate0,6,skip,skip,skip,skip,skip,skip,skip,skip,skip,skip,skip,skip,skip,skip,skip,skip,skip,skip,skip,skip,0.0,random
705,rotate0,1,A,A,A,A,A,A,A,A,A,A,A,A,A,A,A,A,A,A,A,A,0.6,random
705,random,2,skip,B,D,skip,E,E,D,C,A,E,E,B,D,B,skip,B,C,E,B,skip,0.4,random
705,random,3,E,skip,B,C,E,A,E,skip,E,D,D,C,skip,A,C,C,B,C,E,C,0.35,random
705,random,4,skip,E,A,C,A,B,E,D,B,D,E,D,E,C,skip,A,A,B,B,skip,0.3,random
705,rotate0,5,E,E,E,E,E,E,E,E,E,E,E,E,E,E,E,E,E,E,E,E,0.2,random
705,random,6,B,C,C,E,A,C,E,E,C,D,C,E,D,E,C,D,E,skip,B,A,0.35,random
706,rotate,1,A,B,C,D,E,skip,A,B,C,D,E,skip,A,B,C,D,E,skip,A,B,0.5,rotate
706,rotate0,2,B,B,B,B,B,B,B,B,B,B,B,B,B,B,B,B,B,B,B,B,0.35,rotate
706,rotate0,3,C,C,C,C,C,C,C,C,C,C,C,C,C,C,C,C,C,C,C,C,0.4,rotate
706,rotate,4,D,E,skip,A,B,C,D,E,skip,A,B,C,D,E,skip,A,B,C,D,E,0.55,rotate
706,rotate,5,E,skip,A,B,C,D,E,skip,A,B,C,D,E,skip,A,B,C,D,E,skip,0.5,rotate
706,rotate,6,skip,A,B,C,D,E,skip,A,B,C,D,E,skip,A,B,C,D,E,skip,A,0.5,rotate
707,rotate,1,A,B,C,D,E,skip,A,B,C,D,E,skip,A,B,C,D,E,skip,A,B,0.7,rotate
707,rotate,2,B,C,D,E,skip,A,B,C,D,E,skip,A,B,C,D,E,skip,A,B,C,0.65,rotate
707,rotate0,3,C,C,C,C,C,C,C,C,C,C,C,C,C,C,C,C,C,C,C,C,0.35,rotate
707,rotate,4,D,E,skip,A,B,C,D,E,skip,A,B,C,D,E,skip,A,B,C,D,E,0.7,rotate
707,rotate,5,E,skip,A,B,C,D,E,skip,A,B,C,D,E,skip,A,B,C,D,E,skip,0.65,rotate
707,rotate0,6,skip,skip,skip,skip,skip,skip,skip,skip,skip,skip,skip,skip,skip,skip,skip,skip,skip,skip,skip,skip,0.0,rotate
708,rotate,1,A,B,C,D,E,skip,A,B,C,D,E,skip,A,B,C,D,E,skip,A,B,0.55,rotate
708,rotate,2,B,C,D,E,skip,A,B,C,D,E,skip,A,B,C,D,E,skip,A,B,C,0.5,rotate
708,rotate0,3,C,C,C,C,C,C,C,C,C,C,C,C,C,C,C,C,C,C,C,C,0.35,rotate
708,rotate0,4,D,D,D,D,D,D,D,D,D,D,D,D,D,D,D,D,D,D,D,D,0.4,rotate
708,rotate,5,E,skip,A,B,C,D,E,skip,A,B,C,D,E,skip,A,B,C,D,E,skip,0.5,rotate
708,rotate,6,skip,A,B,C,D,E,skip,A,B,C,D,E,skip,A,B,C,D,E,skip,A,0.5,rotate
709,rotate,1,A,B,C,D,E,skip,A,B,C,D,E,skip,A,B,C,D,E,skip,A,B,0.5,rotate
709,rotate0,2,B,B,B,B,B,B,B,B,B,B,B,B,B,B,B,B,B,B,B,B,0.35,rotate
709,rotate,3,C,D,E,skip,A,B,C,D,E,skip,A,B,C,D,E,skip,A,B,C,D,0.55,rotate
709,rotate,4,D,E,skip,A,B,C,D,E,skip,A,B,C,D,E,skip,A,B,C,D,E,0.5,rotate
709,rotate0,5,E,E,E,E,E,E,E,E,E,E,E,E,E,E,E,E,E,E,E,E,0.35,rotate
709,rotate,6,skip,A,B,C,D,E,skip,A,B,C,D,E,skip,A,B,C,D,E,skip,A,0.5,rotate
710,rotate,1,A,B,C,D,E,skip,A,B,C,D,E,skip,A,B,C,D,E,skip,A,B,0.55,rotate
710,rotate,2,B,C,D,E,skip,A,B,C,D,E,skip,A,B,C,D,E,skip,A,B,C,0.5,rotate
710,rotate0,3,C,C,C,C,C,C,C,C,C,C,C,C,C,C,C,C,C,C,C,C,0.35,rotate
710,rotate,4,D,E,skip,A,B,C,D,E,skip,A,B,C,D,E,skip,A,B,C,D,E,0.5,rotate
710,rotate0,5,E,E,E,E,E,E,E,E,E,E,E,E,E,E,E,E,E,E,E,E,0.35,rotate
710,rotate,6,skip,A,B,C,D,E,skip,A,B,C,D,E,skip,A,B,C,D,E,skip,A,0.5,rotate
711,rotate,1,A,B,C,D,E,skip,A,B,C,D,E,skip,A,B,C,D,E,skip,A,B,0.7,rotate
711,rotate,2,B,C,D,E,skip,A,B,C,D,E,skip,A,B,C,D,E,skip,A,B,C,0.7,rotate
711,rotate,3,C,D,E,skip,A,B,C,D,E,skip,A,B,C,D,E,skip,A,B,C,D,0.7,rotate
711,rotate,4,D,E,skip,A,B,C,D,E,skip,A,B,C,D,E,skip,A,B,C,D,E,0.65,rotate
711,rotate0,5,E,E,E,E,E,E,E,E,E,E,E,E,E,E,E,E,E,E,E,E,0.35,rotate
711,rotate0,6,skip,skip,skip,skip,skip,skip,skip,skip,skip,skip,skip,skip,skip,skip,skip,skip,skip,skip,skip,skip,0.0,rotate
712,rotate0,1,A,A,A,A,A,A,A,A,A,A,A,A,A,A,A,A,A,A,A,A,0.35,rotate
712,rotate0,2,B,B,B,B,B,B,B,B,B,B,B,B,B,B,B,B,B,B,B,B,0.4,rotate
712,rotate,3,C,D,E,skip,A,B,C,D,E,skip,A,B,C,D,E,skip,A,B,C,D,0.55,rotate
712,rotate,4,D,E,skip,A,B,C,D,E,skip,A,B,C,D,E,skip,A,B,C,D,E,0.55,rotate
712,rotate,5,E,skip,A,B,C,D,E,skip,A,B,C,D,E,skip,A,B,C,D,E,skip,0.5,rotate
712,rotate,6,skip,A,B,C,D,E,skip,A,B,C,D,E,skip,A,B,C,D,E,skip,A,0.45,rotate
713,rotate0,1,A,A,A,A,A,A,A,A,A,A,A,A,A,A,A,A,A,A,A,A,0.35,rotate
713,rotate,2,B,C,D,E,skip,A,B,C,D,E,skip,A,B,C,D,E,skip,A,B,C,0.5,rotate
713,rotate0,3,C,C,C,C,C,C,C,C,C,C,C,C,C,C,C,C,C,C,C,C,0.35,rotate
713,rotate,4,D,E,skip,A,B,C,D,E,skip,A,B,C,D,E,skip,A,B,C,D,E,0.55,rotate
713,rotate,5,E,skip,A,B,C,D,E,skip,A,B,C,D,E,skip,A,B,C,D,E,skip,0.5,rotate
713,rotate,6,skip,A,B,C,D,E,skip,A,B,C,D,E,skip,A,B,C,D,E,skip,A,0.45,rotate
714,rotate0,1,A,A,A,A,A,A,A,A,A,A,A,A,A,A,A,A,A,A,A,A,0.4,rotate
714,rotate,2,B,C,D,E,skip,A,B,C,D,E,skip,A,B,C,D,E,skip,A,B,C,0.7,rotate
714,rotate,3,C,D,E,skip,A,B,C,D,E,skip,A,B,C,D,E,skip,A,B,C,D,0.7,rotate
714,rotate,4,D,E,skip,A,B,C,D,E,skip,A,B,C,D,E,skip,A,B,C,D,E,0.7,rotate
714,rotate,5,E,skip,A,B,C,D,E,skip,A,B,C,D,E,skip,A,B,C,D,E,skip,0.65,rotate
714,rotate0,6,skip,skip,skip,skip,skip,skip,skip,skip,skip,skip,skip,skip,skip,skip,skip,skip,skip,skip,skip,skip,0.0,rotate
715,rotate,1,A,B,C,D,E,skip,A,B,C,D,E,skip,A,B,C,D,E,skip,A,B,0.5,rotate
715,rotate0,2,B,B,B,B,B,B,B,B,B,B,B,B,B,B,B,B,B,B,B,B,0.35,rotate
715,rotate,3,C,D,E,skip,A,B,C,D,E,skip,A,B,C,D,E,skip,A,B,C,D,0.5,rotate
715,rotate0,4,D,D,D,D,D,D,D,D,D,D,D,D,D,D,D,D,D,D,D,D,0.35,rotate
715,rotate,5,E,skip,A,B,C,D,E,skip,A,B,C,D,E,skip,A,B,C,D,E,skip,0.5,rotate
715,rotate,6,skip,A,B,C,D,E,skip,A,B,C,D,E,skip,A,B,C,D,E,skip,A,0.5,rotate
716,rotate,1,A,B,C,D,E,skip,A,B,C,D,E,skip,A,B,C,D,E,skip,A,B,0.55,rotate
716,rotate,2,B,C,D,E,skip,A,B,C,D,E,skip,A,B,C,D,E,skip,A,B,C,0.55,rotate
716,rotate,3,C,D,E,skip,A,B,C,D,E,skip,A,B,C,D,E,skip,A,B,C,D,0.5,rotate
716,rotate0,4,D,D,D,D,D,D,D,D,D,D,D,D,D,D,D,D,D,D,D,D,0.35,rotate
716,rotate0,5,E,E,E,E,E,E,E,E,E,E,E,E,E,E,E,E,E,E,E,E,0.4,rotate
716,rotate,6,skip,A,B,C,D,E,skip,A,B,C,D,E,skip,A,B,C,D,E,skip,A,0.5,rotate
717,rotate,1,A,B,C,D,E,skip,A,B,C,D,E,skip,A,B,C,D,E,skip,A,B,0.7,rotate
717,rotate,2,B,C,D,E,skip,A,B,C,D,E,skip,A,B,C,D,E,skip,A,B,C,0.7,rotate
717,rotate,3,C,D,E,skip,A,B,C,D,E,skip,A,B,C,D,E,skip,A,B,C,D,0.65,rotate
717,rotate0,4,D,D,D,D,D,D,D,D,D,D,D,D,D,D,D,D,D,D,D,D,0.35,rotate
717,rotate,5,E,skip,A,B,C,D,E,skip,A,B,C,D,E,skip,A,B,C,D,E,skip,0.65,rotate
717,rotate0,6,skip,skip,skip,skip,skip,skip,skip,skip,skip,skip,skip,skip,skip,skip,skip,skip,skip,skip,skip,skip,0.0,rotate
718,rotate0,1,A,A,A,A,A,A,A,A,A,A,A,A,A,A,A,A,A,A,A,A,0.35,rotate
718,rotate,2,B,C,D,E,skip,A,B,C,D,E,skip,A,B,C,D,E,skip,A,B,C,0.55,rotate
718,rotate,3,C,D,E,skip,A,B,C,D,E,skip,A,B,C,D,E,skip,A,B,C,D,0.5,rotate
718,rotate0,4,D,D,D,D,D,D,D,D,D,D,D,D,D,D,D,D,D,D,D,D,0.35,rotate
718,rotate,5,E,skip,A,B,C,D,E,skip,A,B,C,D,E,skip,A,B,C,D,E,skip,0.5,rotate
718,rotate,6,skip,A,B,C,D,E,skip,A,B,C,D,E,skip,A,B,C,D,E,skip,A,0.45,rotate
719,rotate,1,A,B,C,D,E,skip,A,B,C,D,E,skip,A,B,C,D,E,skip,A,B,0.65,rotate
719,rotate0,2,B,B,B,B,B,B,B,B,B,B,B,B,B,B,B,B,B,B,B,B,0.35,rotate
719,rotate,3,C,D,E,skip,A,B,C,D,E,skip,A,B,C,D,E,skip,A,B,C,D,0.7,rotate
719,rotate,4,D,E,skip,A,B,C,D,E,skip,A,B,C,D,E,skip,A,B,C,D,E,0.7,rotate
719,rotate,5,E,skip,A,B,C,D,E,skip,A,B,C,D,E,skip,A,B,C,D,E,skip,0.65,rotate
719,rotate0,6,skip,skip,skip,skip,skip,skip,skip,skip,skip,skip,skip,skip,skip,skip,skip,skip,skip,skip,skip,skip,0.0,rotate
720,rotate0,1,A,A,A,A,A,A,A,A,A,A,A,A,A,A,A,A,A,A,A,A,0.35,rotate
720,rotate,2,B,C,D,E,skip,A,B,C,D,E,skip,A,B,C,D,E,skip,A,B,C,0.55,rotate
720,rotate,3,C,D,E,skip,A,B,C,D,E,skip,A,B,C,D,E,skip,A,B,C,D,0.55,rotate
720,rotate,4,D,E,skip,A,B,C,D,E,skip,A,B,C,D,E,skip,A,B,C,D,E,0.5,rotate
720,rotate0,5,E,E,E,E,E,E,E,E,E,E,E,E,E,E,E,E,E,E,E,E,0.35,rotate
720,rotate,6,skip,A,B,C,D,E,skip,A,B,C,D,E,skip,A,B,C,D,E,skip,A,0.45,rotate
721,rotate0,1,A,A,A,A,A,A,A,A,A,A,A,A,A,A,A,A,A,A,A,A,0.6,rotate0
721,random3,2,E,E,E,E,E,E,B,A,E,E,E,A,A,A,A,A,A,B,C,C,0.05,rotate0
721,random3,3,C,C,C,C,C,C,C,C,C,C,C,C,C,C,C,C,C,C,C,B,0.95,rotate0
721,random3,4,B,B,B,B,B,B,B,B,B,B,B,B,B,B,B,B,B,B,D,D,0.8,rotate0
721,rotate0,5,E,E,E,E,E,E,E,E,E,E,E,E,E,E,E,E,E,E,E,E,0.55,rotate0
721,random3,6,A,D,D,D,D,D,D,D,D,D,D,D,D,D,D,D,D,D,D,D,0.85,rotate0
722,random3,1,C,C,C,C,B,E,B,D,D,D,A,A,D,D,D,D,D,D,D,D,0.15,rotate0
722,rotate0,2,B,B,B,B,B,B,B,B,B,B,B,B,B,B,B,B,B,B,B,B,0.9,rotate0
722,rotate0,3,C,C,C,C,C,C,C,C,C,C,C,C,C,C,C,C,C,C,C,C,0.7,rotate0
722,random3,4,D,A,A,A,A,A,A,A,A,A,A,A,D,D,A,A,A,A,A,A,0.65,rotate0
722,random3,5,D,D,D,D,D,D,D,D,D,D,C,C,D,D,D,D,D,E,A,A,0.3,rotate0
722,random3,6,E,E,E,E,E,E,E,E,E,E,E,E,E,E,E,E,E,E,E,E,0.9,rotate0
723,random3,1,A,A,A,A,A,A,A,A,A,A,A,A,A,A,A,A,A,A,A,A,1.0,random3
723,random3,2,B,B,B,B,B,B,B,B,B,B,B,B,B,B,B,B,B,B,B,B,1.0,random3
723,rotate0,3,C,C,C,C,C,C,C,C,C,C,C,C,C,C,C,C,C,C,C,C,0.8,random3
723,random3,4,D,D,D,D,D,D,D,D,D,D,D,D,D,D,D,D,D,D,D,D,1.0,random3
723,random3,5,C,C,C,C,E,E,E,E,E,E,E,E,E,E,E,E,E,E,E,E,0.8,random3
723,rotate0,6,skip,skip,skip,skip,skip,skip,skip,skip,skip,skip,skip,skip,skip,skip,skip,skip,skip,skip,skip,skip,0.0,random3
724,random3,1,E,E,E,E,E,E,A,E,E,E,E,E,E,E,E,E,B,A,A,A,0.65,rotate0
724,random3,2,C,C,C,C,B,B,B,E,C,C,A,A,A,A,E,E,E,E,E,E,0.3,rotate0
724,rotate0,3,C,C,C,C,C,C,C,C,C,C,C,C,C,C,C,C,C,C,C,C,0.65,rotate0
724,rotate0,4,D,D,D,D,D,D,D,D,D,D,D,D,D,D,D,D,D,D,D,D,1.0,rotate0
724,random3,5,A,A,A,A,A,A,A,A,A,A,A,A,A,A,A,A,A,A,B,B,0.6,rotate0
724,random3,6,C,C,C,C,C,E,B,B,B,B,B,B,B,B,B,B,B,B,B,B,0.5,rotate0
725,random3,1,D,C,C,D,D,D,D,D,D,D,D,D,D,D,D,D,D,D,D,D,0.85,rotate0
725,rotate0,2,B,B,B,B,B,B,B,B,B,B,B,B,B,B,B,B,B,B,B,B,0.65,rotate0
725,random3,3,D,C,C,C,C,A,C,C,C,E,B,B,A,A,B,B,B,B,B,A,0.15,rotate0
725,random3,4,E,E,E,E,C,A,A,E,C,C,C,C,C,C,C,C,C,C,C,C,0.55,rotate0
725,rotate0,5,E,E,E,E,E,E,E,E,E,E,E,E,E,E,E,E,E,E,E,E,0.7,rotate0
725,random3,6,A,A,A,A,A,A,A,A,A,A,A,A,A,A,A,A,A,A,A,A,0.75,rotate0
726,random3,1,E,E,D,D,D,D,D,D,D,D,D,D,D,D,D,D,D,D,D,D,0.9,rotate0
726,random3,2,C,C,C,C,A,A,A,A,A,A,A,A,A,A,A,C,C,B,B,B,0.3,rotate0
726,rotate0,3,C,C,C,C,C,C,C,C,C,C,C,C,C,C,C,C,C,C,C,C,0.65,rotate0
726,random3,4,A,A,A,A,A,B,A,A,A,C,E,E,E,E,A,A,A,A,A,A,0.45,rotate0
726,rotate0,5,E,E,E,E,E,E,E,E,E,E,E,E,E,E,E,E,E,E,E,E,0.7,rotate0
726,random3,6,B,B,B,B,B,B,B,B,B,B,B,B,B,B,B,B,B,B,B,B,0.8,rotate0
727,random3,1,C,C,C,C,C,C,C,C,C,C,C,C,C,C,C,C,C,C,C,C,1.0,random3
727,random3,2,A,A,B,B,B,B,B,B,B,B,B,B,B,B,B,B,B,B,B,B,0.9,random3
727,random3,3,D,D,D,D,D,D,D,D,D,D,D,D,D,D,D,D,D,D,D,D,1.0,random3
727,random3,4,A,A,A,A,A,A,A,A,A,A,A,A,A,A,A,A,A,A,A,A,0.9,random3
727,rotate0,5,E,E,E,E,E,E,E,E,E,E,E,E,E,E,E,E,E,E,E,E,1.0,random3
727,rotate0,6,skip,skip,skip,skip,skip,skip,skip,skip,skip,skip,skip,skip,skip,skip,skip,skip,skip,skip,skip,skip,0.0,random3
728,rotate0,1,A,A,A,A,A,A,A,A,A,A,A,A,A,A,A,A,A,A,A,A,0.55,rotate0
728,rotate0,2,B,B,B,B,B,B,B,B,B,B,B,B,B,B,B,B,B,B,B,B,0.6,rotate0
728,random3,3,B,B,B,B,B,C,C,C,C,C,C,C,C,C,C,C,C,C,C,C,0.4,rotate0
728,random3,4,C,D,D,D,D,D,D,D,D,D,D,D,D,D,D,D,D,D,D,D,0.95,rotate0
728,random3,5,C,E,E,E,E,E,E,E,E,B,B,B,A,C,C,C,C,C,C,C,0.35,rotate0
728,random3,6,A,A,A,A,A,A,A,A,E,E,E,E,E,E,E,E,E,E,E,E,0.55,rotate0
729,rotate0,1,A,A,A,A,A,A,A,A,A,A,A,A,A,A,A,A,A,A,A,A,0.95,rotate0
729,random3,2,A,E,E,E,E,E,E,E,E,E,E,E,E,E,E,E,E,E,E,E,0.95,rotate0
729,rotate0,3,C,C,C,C,C,C,C,C,C,C,C,C,C,C,C,C,C,C,C,C,0.65,rotate0
729,random3,4,B,B,B,B,B,B,B,B,B,B,B,B,C,C,C,C,C,D,D,D,0.25,rotate0
729,random3,5,D,D,D,C,D,D,D,B,B,B,B,B,C,C,B,B,B,B,B,B,0.4,rotate0
729,random3,6,B,B,D,C,D,D,D,C,D,D,D,D,D,D,D,D,D,D,D,D,0.45,rotate0
730,rotate0,1,A,A,A,A,A,A,A,A,A,A,A,A,A,A,A,A,A,A,A,A,0.95,random3
730,random3,2,C,C,C,E,C,C,C,C,C,E,E,E,E,E,E,E,E,E,E,E,0.55,random3
730,random3,3,B,B,B,B,B,B,B,B,B,B,B,B,B,B,B,B,B,B,B,B,1.0,random3
730,random3,4,A,D,D,D,D,D,D,D,D,D,D,D,D,D,D,D,D,D,D,D,0.95,random3
730,random3,5,C,C,C,E,C,C,C,C,C,C,C,C,C,C,C,C,C,C,C,C,0.55,random3
730,rotate0,6,skip,skip,skip,skip,skip,skip,skip,skip,skip,skip,skip,skip,skip,skip,skip,skip,skip,skip,skip,skip,0.0,random3
731,random3,1,A,A,A,A,A,A,A,A,A,A,A,A,A,A,A,A,A,A,A,A,0.9,rotate0
731,rotate0,2,B,B,B,B,B,B,B,B,B,B,B,B,B,B,B,B,B,B,B,B,0.85,rotate0
731,random3,3,D,D,D,C,E,C,C,C,C,C,C,C,C,C,C,C,C,C,C,C,0.55,rotate0
731,rotate0,4,D,D,D,D,D,D,D,D,D,D,D,D,D,D,D,D,D,D,D,D,0.55,rotate0
731,random3,5,D,D,C,C,D,D,D,D,D,B,B,B,A,A,E,E,C,C,C,C,0.05,rotate0
731,random3,6,E,E,E,E,E,E,E,E,E,E,E,E,E,E,E,E,D,E,E,E,0.8,rotate0
732,random3,1,B,B,B,B,B,B,B,B,B,B,B,B,C,C,C,C,C,C,C,C,0.85,rotate0
732,random3,2,C,A,A,A,A,A,A,A,A,C,C,B,C,A,A,B,B,B,B,B,0.35,rotate0
732,random3,3,C,C,C,C,C,C,C,E,A,A,A,A,A,A,A,A,A,A,A,A,0.65,rotate0
732,rotate0,4,D,D,D,D,D,D,D,D,D,D,D,D,D,D,D,D,D,D,D,D,1.0,rotate0
732,rotate0,5,E,E,E,E,E,E,E,E,E,E,E,E,E,E,E,E,E,E,E,E,0.75,rotate0
732,random3,6,E,A,A,A,B,C,C,C,C,C,C,B,B,B,B,B,B,E,E,E,0.25,rotate0
733,random3,1,E,E,E,E,E,E,E,E,E,E,E,E,E,E,E,E,E,E,E,E,1.0,random3
733,random3,2,C,C,C,C,C,C,C,C,C,C,C,C,C,C,C,C,C,C,C,C,1.0,random3
733,random3,3,D,A,A,A,A,A,A,A,A,A,A,A,A,A,A,A,A,A,A,A,0.95,random3
733,rotate0,4,D,D,D,D,D,D,D,D,D,D,D,D,D,D,D,D,D,D,D,D,0.95,random3
733,random3,5,B,B,B,B,B,B,B,B,B,B,B,B,B,B,B,B,B,B,B,B,1.0,random3
733,rotate0,6,skip,skip,skip,skip,skip,skip,skip,skip,skip,skip,skip,skip,skip,skip,skip,skip,skip,skip,skip,skip,0.0,random3
734,rotate0,1,A,A,A,A,A,A,A,A,A,A,A,A,A,A,A,A,A,A,A,A,0.85,rotate0
734,random3,2,B,B,B,B,B,B,B,B,B,B,B,B,B,B,B,B,B,B,B,B,0.9,rotate0
734,random3,3,E,E,E,E,E,E,E,E,E,E,E,E,D,C,C,C,C,C,C,E,0.6,rotate0
734,rotate0,4,D,D,D,D,D,D,D,D,D,D,D,D,D,D,D,D,D,D,D,D,0.65,rotate0
734,random3,5,E,E,B,B,D,D,D,D,D,D,C,C,C,C,A,A,A,C,C,C,0.15,rotate0
734,random3,6,C,C,C,C,C,C,C,C,C,C,C,E,E,E,E,E,E,E,E,E,0.85,rotate0
735,random3,1,B,A,A,A,A,A,A,A,A,A,A,A,A,A,A,A,A,A,A,A,0.95,random3
735,rotate0,2,B,B,B,B,B,B,B,B,B,B,B,B,B,B,B,B,B,B,B,B,0.95,random3
735,random3,3,C,C,C,C,C,C,C,C,C,C,C,C,C,C,C,C,C,C,C,C,1.0,random3
735,random3,4,D,D,D,D,D,D,D,D,D,D,D,D,D,D,D,D,D,D,D,D,1.0,random3
735,random3,5,B,E,E,E,E,E,E,E,E,E,E,E,E,E,E,E,E,E,E,E,0.95,random3
735,rotate0,6,skip,skip,skip,skip,skip,skip,skip,skip,skip,skip,skip,skip,skip,skip,skip,skip,skip,skip,skip,skip,0.0,random3
736,rotate0,1,A,A,A,A,A,A,A,A,A,A,A,A,A,A,A,A,A,A,A,A,0.1,radicaleq
736,radicaleq,2,B,C,E,A,B,skip,E,A,B,skip,E,A,B,skip,E,A,B,skip,E,A,0.3,radicaleq
736,radicaleq,3,C,D,skip,E,A,B,skip,E,A,B,skip,E,A,B,skip,E,A,B,skip,E,0.3,radicaleq
736,radicaleq,4,D,E,D,skip,E,A,B,skip,E,A,B,skip,E,A,B,skip,E,A,B,skip,0.3,radicaleq
736,rotate0,5,E,E,E,E,E,E,E,E,E,E,E,E,E,E,E,E,E,E,E,E,0.05,radicaleq
736,radicaleq,6,skip,A,B,B,skip,E,A,B,skip,E,A,B,skip,E,A,B,skip,E,A,B,0.3,radicaleq
737,radicaleq,1,A,B,D,D,A,C,E,B,E,B,A,B,E,B,A,B,E,B,A,B,0.55,radicaleq
737,rotate0,2,B,B,B,B,B,B,B,B,B,B,B,B,B,B,B,B,B,B,B,B,0.15,radicaleq
737,rotate0,3,C,C,C,C,C,C,C,C,C,C,C,C,C,C,C,C,C,C,C,C,0.55,radicaleq
737,radicaleq,4,D,E,skip,A,E,skip,B,A,B,E,B,A,B,E,B,A,B,E,B,A,0.55,radicaleq
737,radicaleq,5,E,skip,A,E,B,E,skip,E,skip,A,skip,E,skip,A,skip,E,skip,A,skip,E,0.55,radicaleq
737,radicaleq,6,skip,A,E,B,C,A,A,C,A,C,E,C,A,C,E,C,A,C,E,C,0.5,radicaleq
738,radicaleq,1,A,B,C,D,C,D,C,D,C,D,C,D,C,D,C,D,C,D,C,D,0.55,radicaleq
738,radicaleq,2,B,C,D,E,skip,E,skip,E,skip,E,skip,E,skip,E,skip,E,skip,E,skip,E,0.55,radicaleq
738,rotate0,3,C,C,C,C,C,C,C,C,C,C,C,C,C,C,C,C,C,C,C,C,0.05,radicaleq
738,radicaleq,4,D,E,skip,C,D,C,D,C,D,C,D,C,D,C,D,C,D,C,D,C,0.5,radicaleq
738,radicaleq,5,E,skip,E,skip,E,skip,E,skip,E,skip,E,skip,E,skip,E,skip,E,skip,E,skip,0.5,radicaleq
738,rotate0,6,skip,skip,skip,skip,skip,skip,skip,skip,skip,skip,skip,skip,skip,skip,skip,skip,skip,skip,skip,skip,0.0,radicaleq
739,radicaleq,1,A,B,C,A,skip,D,C,A,skip,D,C,A,skip,D,C,A,skip,D,C,A,0.35,radicaleq
739,radicaleq,2,B,C,E,D,B,skip,D,C,A,skip,D,C,A,skip,D,C,A,skip,D,C,0.3,radicaleq
739,rotate0,3,C,C,C,C,C,C,C,C,C,C,C,C,C,C,C,C,C,C,C,C,0.1,radicaleq
739,rotate0,4,D,D,D,D,D,D,D,D,D,D,D,D,D,D,D,D,D,D,D,D,0.1,radicaleq
739,radicaleq,5,E,skip,A,skip,C,A,skip,D,C,A,skip,D,C,A,skip,D,C,A,skip,D,0.3,radicaleq
739,radicaleq,6,skip,A,D,E,D,C,A,skip,D,C,A,skip,D,C,A,skip,D,C,A,skip,0.3,radicaleq
740,radicaleq,1,A,B,C,D,E,D,E,D,E,D,E,D,E,D,E,D,E,D,E,D,0.55,radicaleq
740,rotate0,2,B,B,B,B,B,B,B,B,B,B,B,B,B,B,B,B,B,B,B,B,0.55,radicaleq
740,radicaleq,3,C,D,skip,E,A,E,A,E,A,E,A,E,A,E,A,E,A,E,A,E,0.5,radicaleq
740,radicaleq,4,D,E,D,skip,D,skip,D,skip,D,skip,D,skip,D,skip,D,skip,D,skip,D,skip,0.5,radicaleq
740,rotate0,5,E,E,E,E,E,E,E,E,E,E,E,E,E,E,E,E,E,E,E,E,0.05,radicaleq
740,radicaleq,6,skip,A,E,A,B,A,B,A,B,A,B,A,B,A,B,A,B,A,B,A,0.5,radicaleq
741,radicaleq,1,A,B,skip,A,skip,A,skip,A,skip,A,skip,A,skip,A,skip,A,skip,A,skip,A,0.55,radicaleq
741,radicaleq,2,B,C,D,C,B,C,B,C,B,C,B,C,B,C,B,C,B,C,B,C,0.5,radicaleq
741,rotate0,3,C,C,C,C,C,C,C,C,C,C,C,C,C,C,C,C,C,C,C,C,0.5,radicaleq
741,radicaleq,4,D,E,A,skip,A,skip,A,skip,A,skip,A,skip,A,skip,A,skip,A,skip,A,skip,0.5,radicaleq
741,rotate0,5,E,E,E,E,E,E,E,E,E,E,E,E,E,E,E,E,E,E,E,E,0.5,radicaleq
741,radicaleq,6,skip,A,E,D,E,D,E,D,E,D,E,D,E,D,E,D,E,D,E,D,0.5,radicaleq
742,radicaleq,1,A,B,D,skip,D,skip,B,skip,D,skip,B,skip,D,skip,B,skip,D,skip,B,skip,0.55,radicaleq
742,radicaleq,2,B,C,E,B,E,D,E,B,E,D,E,B,E,D,E,B,E,D,E,B,0.55,radicaleq
742,radicaleq,3,C,D,skip,D,skip,B,skip,D,skip,B,skip,D,skip,B,skip,D,skip,B,skip,D,0.55,radicaleq
742,radicaleq,4,D,E,B,E,B,E,D,E,B,E,D,E,B,E,D,E,B,E,D,E,0.5,radicaleq
742,rotate0,5,E,E,E,E,E,E,E,E,E,E,E,E,E,E,E,E,E,E,E,E,0.05,radicaleq
742,rotate0,6,skip,skip,skip,skip,skip,skip,skip,skip,skip,skip,skip,skip,skip,skip,skip,skip,skip,skip,skip,skip,0.0,radicaleq
743,rotate0,1,A,A,A,A,A,A,A,A,A,A,A,A,A,A,A,A,A,A,A,A,0.1,radicaleq
743,rotate0,2,B,B,B,B,B,B,B,B,B,B,B,B,B,B,B,B,B,B,B,B,0.15,radicaleq
743,radicaleq,3,C,D,A,B,E,B,E,skip,A,B,E,skip,A,B,E,skip,A,B,E,skip,0.35,radicaleq
743,radicaleq,4,D,E,skip,D,skip,A,B,E,skip,A,B,E,skip,A,B,E,skip,A,B,E,0.35,radicaleq
743,radicaleq,5,E,skip,D,A,D,skip,A,B,E,skip,A,B,E,skip,A,B,E,skip,A,B,0.3,radicaleq
743,radicaleq,6,skip,A,C,E,B,E,skip,A,B,E,skip,A,B,E,skip,A,B,E,skip,A,0.3,radicaleq
744,rotate0,1,A,A,A,A,A,A,A,A,A,A,A,A,A,A,A,A,A,A,A,A,0.55,radicaleq
744,radicaleq,2,B,C,E,C,B,C,B,C,B,C,B,C,B,C,B,C,B,C,B,C,0.5,radicaleq
744,rotate0,3,C,C,C,C,C,C,C,C,C,C,C,C,C,C,C,C,C,C,C,C,0.05,radicaleq
744,radicaleq,4,D,E,skip,skip,E,skip,E,skip,E,skip,E,skip,E,skip,E,skip,E,skip,E,skip,0.5,radicaleq
744,radicaleq,5,E,skip,C,B,A,B,A,B,A,B,A,B,A,B,A,B,A,B,A,B,0.5,radicaleq
744,radicaleq,6,skip,A,B,E,C,E,C,E,C,E,C,E,C,E,C,E,C,E,C,E,0.5,radicaleq
745,rotate0,1,A,A,A,A,A,A,A,A,A,A,A,A,A,A,A,A,A,A,A,A,0.1,radicaleq
745,radicaleq,2,B,C,D,A,E,skip,E,skip,E,skip,E,skip,E,skip,E,skip,E,skip,E,skip,0.55,radicaleq
745,radicaleq,3,C,D,E,skip,A,C,A,C,A,C,A,C,A,C,A,C,A,C,A,C,0.55,radicaleq
745,radicaleq,4,D,E,skip,E,skip,E,skip,E,skip,E,skip,E,skip,E,skip,E,skip,E,skip,E,0.55,radicaleq
745,radicaleq,5,E,skip,A,C,C,A,C,A,C,A,C,A,C,A,C,A,C,A,C,A,0.5,radicaleq
745,rotate0,6,skip,skip,skip,skip,skip,skip,skip,skip,skip,skip,skip,skip,skip,skip,skip,skip,skip,skip,skip,skip,0.0,radicaleq
746,radicaleq,1,A,B,C,B,E,B,E,B,E,B,E,B,E,B,E,B,E,B,E,B,0.5,radicaleq
746,rotate0,2,B,B,B,B,B,B,B,B,B,B,B,B,B,B,B,B,B,B,B,B,0.5,radicaleq
746,radicaleq,3,C,D,A,skip,A,skip,A,skip,A,skip,A,skip,A,skip,A,skip,A,skip,A,skip,0.5,radicaleq
746,rotate0,4,D,D,D,D,D,D,D,D,D,D,D,D,D,D,D,D,D,D,D,D,0.5,radicaleq
746,radicaleq,5,E,skip,D,C,D,C,D,C,D,C,D,C,D,C,D,C,D,C,D,C,0.5,radicaleq
746,radicaleq,6,skip,A,skip,A,skip,A,skip,A,skip,A,skip,A,skip,A,skip,A,skip,A,skip,A,0.5,radicaleq
747,radicaleq,1,A,B,E,B,E,E,A,skip,D,D,A,skip,E,D,A,skip,E,D,A,skip,0.35,radicaleq
747,radicaleq,2,B,C,D,A,skip,D,E,A,skip,E,D,A,skip,E,D,A,skip,E,D,A,0.35,radicaleq
747,radicaleq,3,C,D,B,E,C,skip,D,E,A,skip,E,D,A,skip,E,D,A,skip,E,D,0.3,radicaleq
747,rotate0,4,D,D,D,D,D,D,D,D,D,D,D,D,D,D,D,D,D,D,D,D,0.1,radicaleq
747,rotate0,5,E,E,E,E,E,E,E,E,E,E,E,E,E,E,E,E,E,E,E,E,0.1,radicaleq
747,radicaleq,6,skip,A,A,skip,D,A,skip,D,E,A,skip,E,D,A,skip,E,D,A,skip,E,0.3,radicaleq
748,radicaleq,1,A,B,D,E,D,E,D,E,D,E,D,E,D,E,D,E,D,E,D,E,0.55,radicaleq
748,radicaleq,2,B,C,skip,C,skip,C,skip,C,skip,C,skip,C,skip,C,skip,C,skip,C,skip,C,0.55,radicaleq
748,radicaleq,3,C,D,E,D,E,D,E,D,E,D,E,D,E,D,E,D,E,D,E,D,0.5,radicaleq
748,rotate0,4,D,D,D,D,D,D,D,D,D,D,D,D,D,D,D,D,D,D,D,D,0.05,radicaleq
748,radicaleq,5,E,skip,C,skip,C,skip,C,skip,C,skip,C,skip,C,skip,C,skip,C,skip,C,skip,0.5,radicaleq
748,rotate0,6,skip,skip,skip,skip,skip,skip,skip,skip,skip,skip,skip,skip,skip,skip,skip,skip,skip,skip,skip,skip,0.0,radicaleq
749,rotate0,1,A,A,A,A,A,A,A,A,A,A,A,A,A,A,A,A,A,A,A,A,0.55,radicaleq
749,radicaleq,2,B,C,skip,D,B,D,B,D,B,D,B,D,B,D,B,D,B,D,B,D,0.5,radicaleq
749,radicaleq,3,C,D,C,skip,C,skip,C,skip,C,skip,C,skip,C,skip,C,skip,C,skip,C,skip,0.5,radicaleq
749,rotate0,4,D,D,D,D,D,D,D,D,D,D,D,D,D,D,D,D,D,D,D,D,0.05,radicaleq
749,radicaleq,5,E,skip,D,B,A,B,A,B,A,B,A,B,A,B,A,B,A,B,A,B,0.5,radicaleq
749,radicaleq,6,skip,A,B,C,D,C,D,C,D,C,D,C,D,C,D,C,D,C,D,C,0.5,radicaleq
750,radicaleq,1,A,B,C,D,B,D,B,D,B,D,B,D,B,D,B,D,B,D,B,D,0.55,radicaleq
750,rotate0,2,B,B,B,B,B,B,B,B,B,B,B,B,B,B,B,B,B,B,B,B,0.05,radicaleq
750,radicaleq,3,C,D,B,E,skip,E,skip,E,skip,E,skip,E,skip,E,skip,E,skip,E,skip,E,0.55,radicaleq
750,radicaleq,4,D,E,skip,B,D,B,D,B,D,B,D,B,D,B,D,B,D,B,D,B,0.5,radicaleq
750,radicaleq,5,E,skip,E,skip,E,skip,E,skip,E,skip,E,skip,E,skip,E,skip,E,skip,E,skip,0.5,radicaleq
750,rotate0,6,skip,skip,skip,skip,skip,skip,skip,skip,skip,skip,skip,skip,skip,skip,skip,skip,skip,skip,skip,skip,0.0,radicaleq
751,rotate0,1,A,A,A,A,A,A,A,A,A,A,A,A,A,A,A,A,A,A,A,A,1.0,draw
751,rotate0,2,B,B,B,B,B,B,B,B,B,B,B,B,B,B,B,B,B,B,B,B,1.0,draw
751,rotate0,3,C,C,C,C,C,C,C,C,C,C,C,C,C,C,C,C,C,C,C,C,1.0,draw
751,rotate0,4,D,D,D,D,D,D,D,D,D,D,D,D,D,D,D,D,D,D,D,D,1.0,draw
751,rotate0,5,E,E,E,E,E,E,E,E,E,E,E,E,E,E,E,E,E,E,E,E,1.0,draw
751,rotate0,6,skip,skip,skip,skip,skip,skip,skip,skip,skip,skip,skip,skip,skip,skip,skip,skip,skip,skip,skip,skip,0.0,draw
752,rotate0,1,A,A,A,A,A,A,A,A,A,A,A,A,A,A,A,A,A,A,A,A,1.0,draw
752,rotate0,2,B,B,B,B,B,B,B,B,B,B,B,B,B,B,B,B,B,B,B,B,1.0,draw
752,rotate0,3,C,C,C,C,C,C,C,C,C,C,C,C,C,C,C,C,C,C,C,C,1.0,draw
752,rotate0,4,D,D,D,D,D,D,D,D,D,D,D,D,D,D,D,D,D,D,D,D,1.0,draw
752,rotate0,5,E,E,E,E,E,E,E,E,E,E,E,E,E,E,E,E,E,E,E,E,1.0,draw
752,rotate0,6,skip,skip,skip,skip,skip,skip,skip,skip,skip,skip,skip,skip,skip,skip,skip,skip,skip,skip,skip,skip,0.0,draw
753,rotate0,1,A,A,A,A,A,A,A,A,A,A,A,A,A,A,A,A,A,A,A,A,1.0,draw
753,rotate0,2,B,B,B,B,B,B,B,B,B,B,B,B,B,B,B,B,B,B,B,B,1.0,draw
753,rotate0,3,C,C,C,C,C,C,C,C,C,C,C,C,C,C,C,C,C,C,C,C,1.0,draw
753,rotate0,4,D,D,D,D,D,D,D,D,D,D,D,D,D,D,D,D,D,D,D,D,1.0,draw
753,rotate0,5,E,E,E,E,E,E,E,E,E,E,E,E,E,E,E,E,E,E,E,E,1.0,draw
753,rotate0,6,skip,skip,skip,skip,skip,skip,skip,skip,skip,skip,skip,skip,skip,skip,skip,skip,skip,skip,skip,skip,0.0,draw
754,rotate0,1,A,A,A,A,A,A,A,A,A,A,A,A,A,A,A,A,A,A,A,A,1.0,draw
754,rotate0,2,B,B,B,B,B,B,B,B,B,B,B,B,B,B,B,B,B,B,B,B,1.0,draw
754,rotate0,3,C,C,C,C,C,C,C,C,C,C,C,C,C,C,C,C,C,C,C,C,1.0,draw
754,rotate0,4,D,D,D,D,D,D,D,D,D,D,D,D,D,D,D,D,D,D,D,D,1.0,draw
754,rotate0,5,E,E,E,E,E,E,E,E,E,E,E,E,E,E,E,E,E,E,E,E,1.0,draw
754,rotate0,6,skip,skip,skip,skip,skip,skip,skip,skip,skip,skip,skip,skip,skip,skip,skip,skip,skip,skip,skip,skip,0.0,draw
755,rotate0,1,A,A,A,A,A,A,A,A,A,A,A,A,A,A,A,A,A,A,A,A,1.0,draw
755,rotate0,2,B,B,B,B,B,B,B,B,B,B,B,B,B,B,B,B,B,B,B,B,1.0,draw
755,rotate0,3,C,C,C,C,C,C,C,C,C,C,C,C,C,C,C,C,C,C,C,C,1.0,draw
755,rotate0,4,D,D,D,D,D,D,D,D,D,D,D,D,D,D,D,D,D,D,D,D,1.0,draw
755,rotate0,5,E,E,E,E,E,E,E,E,E,E,E,E,E,E,E,E,E,E,E,E,1.0,draw
755,rotate0,6,skip,skip,skip,skip,skip,skip,skip,skip,skip,skip,skip,skip,skip,skip,skip,skip,skip,skip,skip,skip,0.0,draw
756,rotate0,1,A,A,A,A,A,A,A,A,A,A,A,A,A,A,A,A,A,A,A,A,1.0,draw
756,rotate0,2,B,B,B,B,B,B,B,B,B,B,B,B,B,B,B,B,B,B,B,B,1.0,draw
756,rotate0,3,C,C,C,C,C,C,C,C,C,C,C,C,C,C,C,C,C,C,C,C,1.0,draw
756,rotate0,4,D,D,D,D,D,D,D,D,D,D,D,D,D,D,D,D,D,D,D,D,1.0,draw
756,rotate0,5,E,E,E,E,E,E,E,E,E,E,E,E,E,E,E,E,E,E,E,E,1.0,draw
756,rotate0,6,skip,skip,skip,skip,skip,skip,skip,skip,skip,skip,skip,skip,skip,skip,skip,skip,skip,skip,skip,skip,0.0,draw
757,rotate0,1,A,A,A,A,A,A,A,A,A,A,A,A,A,A,A,A,A,A,A,A,1.0,draw
757,rotate0,2,B,B,B,B,B,B,B,B,B,B,B,B,B,B,B,B,B,B,B,B,1.0,draw
757,rotate0,3,C,C,C,C,C,C,C,C,C,C,C,C,C,C,C,C,C,C,C,C,1.0,draw
757,rotate0,4,D,D,D,D,D,D,D,D,D,D,D,D,D,D,D,D,D,D,D,D,1.0,draw
757,rotate0,5,E,E,E,E,E,E,E,E,E,E,E,E,E,E,E,E,E,E,E,E,1.0,draw
757,rotate0,6,skip,skip,skip,skip,skip,skip,skip,skip,skip,skip,skip,skip,skip,skip,skip,skip,skip,skip,skip,skip,0.0,draw
758,rotate0,1,A,A,A,A,A,A,A,A,A,A,A,A,A,A,A,A,A,A,A,A,1.0,draw
758,rotate0,2,B,B,B,B,B,B,B,B,B,B,B,B,B,B,B,B,B,B,B,B,1.0,draw
758,rotate0,3,C,C,C,C,C,C,C,C,C,C,C,C,C,C,C,C,C,C,C,C,1.0,draw
758,rotate0,4,D,D,D,D,D,D,D,D,D,D,D,D,D,D,D,D,D,D,D,D,1.0,draw
758,rotate0,5,E,E,E,E,E,E,E,E,E,E,E,E,E,E,E,E,E,E,E,E,1.0,draw
758,rotate0,6,skip,skip,skip,skip,skip,skip,skip,skip,skip,skip,skip,skip,skip,skip,skip,skip,skip,skip,skip,skip,0.0,draw
759,rotate0,1,A,A,A,A,A,A,A,A,A,A,A,A,A,A,A,A,A,A,A,A,1.0,draw
759,rotate0,2,B,B,B,B,B,B,B,B,B,B,B,B,B,B,B,B,B,B,B,B,1.0,draw
759,rotate0,3,C,C,C,C,C,C,C,C,C,C,C,C,C,C,C,C,C,C,C,C,1.0,draw
759,rotate0,4,D,D,D,D,D,D,D,D,D,D,D,D,D,D,D,D,D,D,D,D,1.0,draw
759,rotate0,5,E,E,E,E,E,E,E,E,E,E,E,E,E,E,E,E,E,E,E,E,1.0,draw
759,rotate0,6,skip,skip,skip,skip,skip,skip,skip,skip,skip,skip,skip,skip,skip,skip,skip,skip,skip,skip,skip,skip,0.0,draw
760,rotate0,1,A,A,A,A,A,A,A,A,A,A,A,A,A,A,A,A,A,A,A,A,1.0,draw
760,rotate0,2,B,B,B,B,B,B,B,B,B,B,B,B,B,B,B,B,B,B,B,B,1.0,draw
760,rotate0,3,C,C,C,C,C,C,C,C,C,C,C,C,C,C,C,C,C,C,C,C,1.0,draw
760,rotate0,4,D,D,D,D,D,D,D,D,D,D,D,D,D,D,D,D,D,D,D,D,1.0,draw
760,rotate0,5,E,E,E,E,E,E,E,E,E,E,E,E,E,E,E,E,E,E,E,E,1.0,draw
760,rotate0,6,skip,skip,skip,skip,skip,skip,skip,skip,skip,skip,skip,skip,skip,skip,skip,skip,skip,skip,skip,skip,0.0,draw
761,rotate0,1,A,A,A,A,A,A,A,A,A,A,A,A,A,A,A,A,A,A,A,A,1.0,draw
761,rotate0,2,B,B,B,B,B,B,B,B,B,B,B,B,B,B,B,B,B,B,B,B,1.0,draw
761,rotate0,3,C,C,C,C,C,C,C,C,C,C,C,C,C,C,C,C,C,C,C,C,1.0,draw
761,rotate0,4,D,D,D,D,D,D,D,D,D,D,D,D,D,D,D,D,D,D,D,D,1.0,draw
761,rotate0,5,E,E,E,E,E,E,E,E,E,E,E,E,E,E,E,E,E,E,E,E,1.0,draw
761,rotate0,6,skip,skip,skip,skip,skip,skip,skip,skip,skip,skip,skip,skip,skip,skip,skip,skip,skip,skip,skip,skip,0.0,draw
762,rotate0,1,A,A,A,A,A,A,A,A,A,A,A,A,A,A,A,A,A,A,A,A,1.0,draw
762,rotate0,2,B,B,B,B,B,B,B,B,B,B,B,B,B,B,B,B,B,B,B,B,1.0,draw
762,rotate0,3,C,C,C,C,C,C,C,C,C,C,C,C,C,C,C,C,C,C,C,C,1.0,draw
762,rotate0,4,D,D,D,D,D,D,D,D,D,D,D,D,D,D,D,D,D,D,D,D,1.0,draw
762,rotate0,5,E,E,E,E,E,E,E,E,E,E,E,E,E,E,E,E,E,E,E,E,1.0,draw
762,rotate0,6,skip,skip,skip,skip,skip,skip,skip,skip,skip,skip,skip,skip,skip,skip,skip,skip,skip,skip,skip,skip,0.0,draw
763,rotate0,1,A,A,A,A,A,A,A,A,A,A,A,A,A,A,A,A,A,A,A,A,1.0,draw
763,rotate0,2,B,B,B,B,B,B,B,B,B,B,B,B,B,B,B,B,B,B,B,B,1.0,draw
763,rotate0,3,C,C,C,C,C,C,C,C,C,C,C,C,C,C,C,C,C,C,C,C,1.0,draw
763,rotate0,4,D,D,D,D,D,D,D,D,D,D,D,D,D,D,D,D,D,D,D,D,1.0,draw
763,rotate0,5,E,E,E,E,E,E,E,E,E,E,E,E,E,E,E,E,E,E,E,E,1.0,draw
763,rotate0,6,skip,skip,skip,skip,skip,skip,skip,skip,skip,skip,skip,skip,skip,skip,skip,skip,skip,skip,skip,skip,0.0,draw
764,rotate0,1,A,A,A,A,A,A,A,A,A,A,A,A,A,A,A,A,A,A,A,A,1.0,draw
764,rotate0,2,B,B,B,B,B,B,B,B,B,B,B,B,B,B,B,B,B,B,B,B,1.0,draw
764,rotate0,3,C,C,C,C,C,C,C,C,C,C,C,C,C,C,C,C,C,C,C,C,1.0,draw
764,rotate0,4,D,D,D,D,D,D,D,D,D,D,D,D,D,D,D,D,D,D,D,D,1.0,draw
764,rotate0,5,E,E,E,E,E,E,E,E,E,E,E,E,E,E,E,E,E,E,E,E,1.0,draw
764,rotate0,6,skip,skip,skip,skip,skip,skip,skip,skip,skip,skip,skip,skip,skip,skip,skip,skip,skip,skip,skip,skip,0.0,draw
765,rotate0,1,A,A,A,A,A,A,A,A,A,A,A,A,A,A,A,A,A,A,A,A,1.0,draw
765,rotate0,2,B,B,B,B,B,B,B,B,B,B,B,B,B,B,B,B,B,B,B,B,1.0,draw
765,rotate0,3,C,C,C,C,C,C,C,C,C,C,C,C,C,C,C,C,C,C,C,C,1.0,draw
765,rotate0,4,D,D,D,D,D,D,D,D,D,D,D,D,D,D,D,D,D,D,D,D,1.0,draw
765,rotate0,5,E,E,E,E,E,E,E,E,E,E,E,E,E,E,E,E,E,E,E,E,1.0,draw
765,rotate0,6,skip,skip,skip,skip,skip,skip,skip,skip,skip,skip,skip,skip,skip,skip,skip,skip,skip,skip,skip,skip,0.0,draw
766,random,1,B,A,B,E,B,C,D,E,skip,skip,A,B,A,E,C,C,E,skip,C,B,0.15,caste
766,caste,2,B,A,D,E,D,D,D,E,C,C,D,B,B,E,C,A,A,A,A,A,0.35,caste
766,caste,3,C,D,E,A,A,A,A,C,D,D,B,E,D,D,D,D,D,D,D,D,0.6,caste
766,random,4,C,C,D,C,D,A,E,A,E,C,skip,C,C,B,B,skip,B,E,skip,A,0.4,caste
766,random,5,skip,B,E,skip,B,skip,A,C,A,E,skip,A,B,E,B,C,E,E,skip,C,0.2,caste
766,random,6,C,B,B,B,E,E,A,B,skip,D,C,E,A,B,E,B,skip,E,C,D,0.35,caste
767,random,1,D,A,B,C,C,E,A,C,skip,C,A,E,B,E,skip,E,A,E,skip,D,0.25,caste
767,random,2,skip,skip,skip,E,B,D,E,D,C,B,E,E,D,skip,skip,C,D,E,B,D,0.15,caste
767,caste,3,C,A,D,D,D,E,A,D,E,A,E,A,A,E,A,A,A,C,A,D,0.35,caste
767,random,4,skip,A,C,A,D,skip,D,D,E,D,E,B,B,E,C,C,skip,E,D,skip,0.25,caste
767,random,5,C,skip,B,B,B,B,skip,D,C,B,B,B,A,D,skip,D,skip,skip,A,C,0.2,caste
767,caste,6,skip,B,E,E,E,A,C,C,A,B,A,C,D,C,C,D,B,B,B,C,0.5,caste
768,random,1,C,B,C,E,A,E,D,D,skip,A,C,B,E,E,D,D,A,E,C,C,0.25,caste
768,random,2,A,skip,C,D,A,skip,E,A,A,B,C,A,D,skip,D,B,B,C,A,A,0.25,caste
768,caste,3,C,B,B,E,A,D,C,C,B,B,D,D,D,B,D,A,C,C,D,B,0.5,caste
768,caste,4,D,E,A,B,B,E,B,A,D,C,B,B,E,C,B,B,E,E,C,A,0.4,caste
768,random,5,C,C,A,E,B,E,E,C,A,C,A,skip,B,skip,A,B,skip,D,D,E,0.3,caste
768,random,6,D,D,A,E,D,skip,E,A,skip,E,skip,C,D,E,C,skip,A,E,D,D,0.3,caste
769,random,1,C,B,B,D,D,E,E,B,D,D,A,C,skip,D,B,skip,E,B,E,D,0.15,caste
769,caste,2,B,D,A,A,C,C,E,A,D,A,E,E,A,A,A,D,D,D,D,D,0.6,caste
769,random,3,B,C,E,A,D,B,C,D,C,skip,B,E,B,B,skip,E,C,C,E,B,0.4,caste
769,random,4,B,B,B,skip,skip,C,C,skip,D,skip,E,skip,E,E,E,C,E,B,C,A,0.25,caste
769,caste,5,E,A,D,C,D,E,A,D,A,E,A,C,B,D,C,A,A,A,A,A,0.6,caste
769,random,6,B,skip,E,A,skip,C,E,B,D,C,A,E,C,skip,B,skip,B,C,skip,skip,0.15,caste
770,random,1,skip,D,skip,A,E,E,A,skip,E,skip,skip,A,D,B,B,E,E,B,E,E,0.15,caste
770,random,2,A,A,C,B,E,E,C,D,C,A,skip,A,skip,E,E,D,E,D,B,D,0.3,caste
770,caste,3,C,B,B,A,B,D,C,A,A,A,C,D,C,C,E,A,D,C,C,A,0.45,caste
770,random,4,A,skip,skip,C,B,B,C,B,B,skip,C,E,skip,C,B,A,B,B,B,A,0.25,caste
770,caste,5,E,D,D,D,C,C,A,D,D,D,D,B,B,B,D,D,C,A,A,D,0.6,caste
770,random,6,E,E,B,E,B,E,C,E,A,E,D,A,skip,B,C,E,B,E,skip,E,0.3,caste
771,random,1,E,D,skip,D,C,A,A,C,B,A,E,B,D,C,C,A,E,E,D,C,0.3,caste
771,random,2,E,E,C,E,A,E,C,A,E,B,D,A,A,A,D,C,A,D,D,C,0.4,caste
771,random,3,B,skip,E,skip,B,A,E,C,A,skip,E,E,E,A,B,C,E,C,skip,B,0.35,caste
771,random,4,C,A,C,skip,C,skip,D,D,E,D,skip,D,skip,D,skip,skip,E,skip,skip,E,0.25,caste
771,caste,5,E,A,B,D,B,A,B,B,B,D,C,A,C,C,E,A,B,B,B,C,0.45,caste
771,caste,6,skip,D,C,B,A,D,D,C,E,B,D,C,B,B,B,E,D,D,A,B,0.4,caste
772,caste,1,A,C,D,D,D,D,D,C,A,D,B,D,B,A,E,E,A,A,D,A,0.4,caste
772,caste,2,B,D,A,A,A,A,A,A,E,C,C,C,A,E,D,D,D,D,C,C,0.6,caste
772,random,3,skip,B,C,skip,E,B,A,D,A,E,B,C,A,C,B,B,B,skip,D,A,0.25,caste
772,random,4,B,B,D,E,B,C,C,B,E,D,E,C,B,B,A,B,E,E,skip,C,0.35,caste
772,random,5,skip,E,E,E,C,B,B,skip,E,D,A,C,B,C,skip,B,E,D,E,A,0.2,caste
772,random,6,E,C,E,C,skip,skip,D,B,A,skip,C,E,D,A,C,E,B,A,E,skip,0.25,caste
773,caste,1,A,E,E,C,A,A,A,C,D,C,E,C,C,A,A,A,A,D,D,D,0.65,caste
773,random,2,D,D,A,skip,E,skip,D,A,E,A,D,D,B,skip,E,E,B,E,E,B,0.4,caste
773,caste,3,C,A,C,D,B,B,B,A,E,D,C,B,E,C,C,B,C,A,C,A,0.45,caste
773,random,4,D,B,B,E,D,D,B,skip,D,C,skip,A,E,B,C,B,A,E,E,A,0.3,caste
773,random,5,skip,skip,E,A,C,E,skip,skip,A,B,E,B,C,D,E,E,C,B,B,skip,0.3,caste
773,random,6,B,E,C,skip,C,skip,B,A,B,D,E,D,E,B,D,E,B,B,E,A,0.15,caste
774,caste,1,A,B,B,C,C,E,E,E,D,B,E,E,C,B,D,A,A,D,D,E,0.4,caste
774,random,2,skip,skip,D,B,B,D,A,E,A,B,B,D,C,E,C,E,C,C,D,C,0.25,caste
774,random,3,E,A,E,A,A,B,C,A,D,A,B,E,E,E,C,B,C,skip,C,D,0.3,caste
774,random,4,A,D,B,A,C,B,A,E,skip,C,B,C,D,C,B,A,A,skip,skip,C,0.1,caste
774,random,5,C,A,C,skip,A,C,A,skip,skip,skip,C,E,A,B,E,D,E,A,D,D,0.4,caste
774,caste,6,skip,D,E,B,D,D,C,D,E,C,D,D,D,E,B,D,C,B,B,B,0.35,caste
775,random,1,B,E,skip,C,skip,B,D,D,D,D,skip,C,skip,E,C,B,skip,E,A,D,0.25,caste
775,caste,2,B,E,D,A,B,B,E,B,C,C,B,C,A,B,B,B,E,B,B,B,0.45,caste
775,random,3,C,E,B,D,A,A,D,E,C,D,skip,skip,C,C,C,C,A,E,E,A,0.15,caste
775,caste,4,D,A,A,D,A,D,C,E,E,A,C,E,C,A,D,E,A,E,D,C,0.35,caste
775,random,5,C,E,A,C,C,D,A,B,E,D,A,B,E,A,A,D,E,B,D,B,0.3,caste
775,random,6,C,B,E,D,E,A,skip,B,skip,A,B,E,D,C,skip,D,D,A,E,B,0.3,caste
776,random,1,A,C,B,A,A,C,E,B,B,D,skip,E,A,skip,E,D,E,C,skip,skip,0.1,caste
776,random,2,skip,C,skip,D,C,C,skip,skip,A,D,E,D,E,D,C,C,B,C,D,C,0.25,caste
776,random,3,C,E,D,skip,C,D,skip,D,C,D,B,E,A,skip,C,D,B,skip,C,skip,0.35,caste
776,caste,4,D,C,A,B,A,E,E,A,A,E,A,E,A,D,C,D,B,D,B,E,0.4,caste
776,caste,5,E,D,B,E,E,B,B,B,E,D,E,C,C,C,B,B,A,A,A,A,0.8,caste
776,random,6,A,C,D,B,C,A,D,B,B,B,A,skip,skip,E,E,skip,skip,C,D,B,0.25,caste
777,random,1,C,skip,E,D,E,D,C,skip,B,E,C,E,C,skip,A,C,A,B,A,B,0.15,caste
777,random,2,skip,C,A,D,A,D,skip,A,skip,B,A,E,skip,skip,B,skip,E,C,A,C,0.25,caste
777,random,3,D,A,C,skip,D,C,E,A,skip,skip,D,skip,E,C,D,C,E,B,skip,C,0.25,caste
777,caste,4,D,A,C,E,E,C,C,B,B,E,D,B,C,A,A,E,D,B,A,D,0.3,caste
777,random,5,skip,B,A,skip,E,E,B,E,skip,A,skip,B,A,D,A,B,C,D,E,skip,0.3,caste
777,caste,6,skip,B,A,D,B,B,B,A,C,D,C,E,D,D,B,C,E,D,E,B,0.25,caste
778,caste,1,A,C,C,C,C,D,D,C,C,E,D,D,D,E,D,D,C,E,E,A,0.55,caste
778,random,2,skip,D,E,A,C,B,skip,A,A,B,D,A,D,A,A,D,skip,D,B,E,0.2,caste
778,random,3,B,D,A,E,skip,E,skip,B,A,B,C,skip,C,C,E,D,skip,B,C,D,0.35,caste
778,caste,4,D,E,E,A,D,B,A,A,D,C,C,B,B,D,B,B,B,A,A,E,0.5,caste
778,random,5,D,A,E,A,B,skip,E,A,B,E,E,C,E,C,E,skip,C,C,D,C,0.4,caste
778,random,6,B,B,C,B,E,C,D,A,skip,E,skip,C,B,E,A,D,B,C,A,D,0.2,caste
779,random,1,B,B,C,E,C,C,C,C,E,D,skip,A,skip,skip,A,C,B,E,C,D,0.25,caste
779,caste,2,B,A,A,A,E,E,B,B,D,D,A,A,A,C,E,C,C,C,C,D,0.4,caste
779,random,3,E,C,A,A,B,C,E,A,A,D,D,D,B,B,B,A,E,D,C,skip,0.45,caste
779,random,4,D,E,D,A,A,D,C,B,skip,E,B,E,D,C,E,E,B,A,skip,E,0.3,caste
779,random,5,D,B,B,skip,skip,A,D,E,B,E,C,E,A,E,B,A,A,skip,B,skip,0.35,caste
779,caste,6,skip,E,C,C,D,D,E,D,B,C,C,B,C,B,A,D,D,D,D,E,0.45,caste
780,caste,1,A,B,C,B,D,C,A,C,A,D,E,E,D,B,E,D,D,E,E,D,0.3,caste
780,random,2,E,E,E,B,D,A,A,C,A,A,C,C,skip,C,A,C,B,B,E,E,0.4,caste
780,random,3,A,D,E,E,D,B,skip,A,A,C,A,D,D,B,B,C,B,E,A,skip,0.2,caste
780,random,4,skip,B,E,B,C,E,C,C,B,skip,B,A,A,B,E,B,skip,D,skip,D,0.2,caste
780,caste,5,E,D,A,C,A,A,B,D,D,E,B,D,B,E,D,C,E,D,A,C,0.45,caste
780,random,6,C,D,E,D,C,skip,B,B,C,C,E,A,D,E,B,B,A,C,B,C,0.35,caste
781,rotate,1,A,B,C,D,E,skip,A,B,C,D,E,skip,A,B,C,D,E,skip,A,B,0.15,caste
781,caste,2,B,B,C,E,D,E,B,C,B,D,E,E,C,C,B,C,D,E,A,C,0.35,caste
781,caste,3,C,C,D,D,E,A,A,A,C,E,D,A,A,B,D,D,E,A,B,B,0.45,caste
781,rotate,4,D,E,skip,A,B,C,D,E,skip,A,B,C,D,E,skip,A,B,C,D,E,0.85,caste
781,rotate,5,E,skip,A,B,C,D,E,skip,A,B,C,D,E,skip,A,B,C,D,E,skip,0.8,caste
781,rotate,6,skip,A,B,C,D,E,skip,A,B,C,D,E,skip,A,B,C,D,E,skip,A,0.3,caste
782,rotate,1,A,B,C,D,E,skip,A,B,C,D,E,skip,A,B,C,D,E,skip,A,B,0.7,rotate
782,rotate,2,B,C,D,E,skip,A,B,C,D,E,skip,A,B,C,D,E,skip,A,B,C,0.2,rotate
782,caste,3,C,C,A,B,C,A,E,C,A,B,D,A,D,E,D,E,A,D,E,C,0.15,rotate
782,rotate,4,D,E,skip,A,B,C,D,E,skip,A,B,C,D,E,skip,A,B,C,D,E,0.7,rotate
782,rotate,5,E,skip,A,B,C,D,E,skip,A,B,C,D,E,skip,A,B,C,D,E,skip,0.15,rotate
782,caste,6,skip,skip,D,E,B,D,A,B,E,D,C,E,B,C,A,B,C,A,B,D,0.15,rotate
783,rotate,1,A,B,C,D,E,skip,A,B,C,D,E,skip,A,B,C,D,E,skip,A,B,0.65,caste
783,rotate,2,B,C,D,E,skip,A,B,C,D,E,skip,A,B,C,D,E,skip,A,B,C,0.1,caste
783,caste,3,C,C,B,D,E,B,B,C,E,E,C,A,C,C,D,B,D,E,C,B,0.25,caste
783,caste,4,D,D,E,E,A,A,C,A,D,D,A,B,B,D,E,E,A,A,B,C,0.5,caste
783,rotate,5,E,skip,A,B,C,D,E,skip,A,B,C,D,E,skip,A,B,C,D,E,skip,0.7,caste
783,rotate,6,skip,A,B,C,D,E,skip,A,B,C,D,E,skip,A,B,C,D,E,skip,A,0.6,caste
784,rotate,1,A,B,C,D,E,skip,A,B,C,D,E,skip,A,B,C,D,E,skip,A,B,0.25,caste
784,caste,2,B,B,C,A,B,E,A,E,D,A,B,C,A,E,C,D,E,C,D,C,0.15,caste
784,rotate,3,C,D,E,skip,A,B,C,D,E,skip,A,B,C,D,E,skip,A,B,C,D,0.8,caste
784,rotate,4,D,E,skip,A,B,C,D,E,skip,A,B,C,D,E,skip,A,B,C,D,E,0.05,caste
784,caste,5,E,E,A,C,D,C,D,B,C,D,E,B,D,A,B,A,B,E,A,E,0.1,caste
784,rotate,6,skip,A,B,C,D,E,skip,A,B,C,D,E,skip,A,B,C,D,E,skip,A,0.5,caste
785,rotate,1,A,B,C,D,E,skip,A,B,C,D,E,skip,A,B,C,D,E,skip,A,B,0.7,rotate
785,rotate,2,B,C,D,E,skip,A,B,C,D,E,skip,A,B,C,D,E,skip,A,B,C,0.15,rotate
785,caste,3,C,C,D,A,D,B,D,B,D,E,D,A,D,E,B,E,E,A,B,A,0.1,rotate
785,rotate,4,D,E,skip,A,B,C,D,E,skip,A,B,C,D,E,skip,A,B,C,D,E,0.2,rotate
785,caste,5,E,E,B,E,A,C,A,C,E,A,B,C,B,C,D,A,B,C,D,C,0.15,rotate
785,rotate,6,skip,A,B,C,D,E,skip,A,B,C,D,E,skip,A,B,C,D,E,skip,A,0.55,rotate
786,rotate,1,A,B,C,D,E,skip,A,B,C,D,E,skip,A,B,C,D,E,skip,A,B,0.75,caste
786,rotate,2,B,C,D,E,skip,A,B,C,D,E,skip,A,B,C,D,E,skip,A,B,C,0.65,caste
786,rotate,3,C,D,E,skip,A,B,C,D,E,skip,A,B,C,D,E,skip,A,B,C,D,0.75,caste
786,rotate,4,D,E,skip,A,B,C,D,E,skip,A,B,C,D,E,skip,A,B,C,D,E,0.25,caste
786,caste,5,E,E,A,D,C,C,D,A,B,B,C,D,D,A,A,A,B,C,E,E,0.55,caste
786,caste,6,skip,skip,B,E,B,A,C,D,A,E,B,C,E,E,B,C,D,D,A,C,0.35,caste
787,caste,1,A,A,B,E,C,C,A,A,D,C,D,C,E,B,C,C,E,D,E,B,0.4,caste
787,caste,2,B,B,C,C,D,D,E,B,B,D,E,E,A,A,B,D,D,E,A,A,0.45,caste
787,rotate,3,C,D,E,skip,A,B,C,D,E,skip,A,B,C,D,E,skip,A,B,C,D,0.85,caste
787,rotate,4,D,E,skip,A,B,C,D,E,skip,A,B,C,D,E,skip,A,B,C,D,E,0.75,caste
787,rotate,5,E,skip,A,B,C,D,E,skip,A,B,C,D,E,skip,A,B,C,D,E,skip,0.5,caste
787,rotate,6,skip,A,B,C,D,E,skip,A,B,C,D,E,skip,A,B,C,D,E,skip,A,0.05,caste
788,caste,1,A,A,B,E,D,D,A,A,B,E,C,E,A,C,B,C,D,E,B,A,0.15,caste
788,rotate,2,B,C,D,E,skip,A,B,C,D,E,skip,A,B,C,D,E,skip,A,B,C,0.2,caste
788,caste,3,C,C,D,C,E,E,B,B,D,C,D,A,B,A,D,E,C,A,E,B,0.2,caste
788,rotate,4,D,E,skip,A,B,C,D,E,skip,A,B,C,D,E,skip,A,B,C,D,E,0.85,caste
788,rotate,5,E,skip,A,B,C,D,E,skip,A,B,C,D,E,skip,A,B,C,D,E,skip,0.6,caste
788,rotate,6,skip,A,B,C,D,E,skip,A,B,C,D,E,skip,A,B,C,D,E,skip,A,0.0,caste
789,caste,1,A,A,B,B,D,D,E,D,B,C,C,D,E,E,B,B,C,D,B,D,0.35,caste
789,rotate,2,B,C,D,E,skip,A,B,C,D,E,skip,A,B,C,D,E,skip,A,B,C,0.75,caste
789,rotate,3,C,D,E,skip,A,B,C,D,E,skip,A,B,C,D,E,skip,A,B,C,D,0.65,caste
789,rotate,4,D,E,skip,A,B,C,D,E,skip,A,B,C,D,E,skip,A,B,C,D,E,0.7,caste
789,rotate,5,E,skip,A,B,C,D,E,skip,A,B,C,D,E,skip,A,B,C,D,E,skip,0.1,caste
789,caste,6,skip,skip,A,C,C,E,B,A,A,B,D,C,D,A,E,C,A,E,E,A,0.4,caste
790,rotate,1,A,B,C,D,E,skip,A,B,C,D,E,skip,A,B,C,D,E,skip,A,B,0.05,caste
790,caste,2,B,B,C,C,A,B,A,A,C,E,A,B,A,D,E,C,A,E,B,D,0.15,caste
790,rotate,3,C,D,E,skip,A,B,C,D,E,skip,A,B,C,D,E,skip,A,B,C,D,0.2,caste
790,caste,4,D,D,E,D,E,E,C,B,D,D,E,A,C,B,C,D,E,B,A,B,0.15,caste
790,rotate,5,E,skip,A,B,C,D,E,skip,A,B,C,D,E,skip,A,B,C,D,E,skip,0.8,caste
790,rotate,6,skip,A,B,C,D,E,skip,A,B,C,D,E,skip,A,B,C,D,E,skip,A,0.55,caste
791,rotate,1,A,B,C,D,E,skip,A,B,C,D,E,skip,A,B,C,D,E,skip,A,B,0.75,caste
791,rotate,2,B,C,D,E,skip,A,B,C,D,E,skip,A,B,C,D,E,skip,A,B,C,0.7,caste
791,rotate,3,C,D,E,skip,A,B,C,D,E,skip,A,B,C,D,E,skip,A,B,C,D,0.15,caste
791,caste,4,D,D,C,E,B,B,C,D,B,A,D,B,D,B,D,C,B,C,C,D,0.3,caste
791,caste,5,E,E,B,A,A,C,D,A,E,E,A,C,C,E,E,A,A,B,D,E,0.5,caste
791,rotate,6,skip,A,B,C,D,E,skip,A,B,C,D,E,skip,A,B,C,D,E,skip,A,0.55,caste
792,rotate,1,A,B,C,D,E,skip,A,B,C,D,E,skip,A,B,C,D,E,skip,A,B,0.7,caste
792,rotate,2,B,C,D,E,skip,A,B,C,D,E,skip,A,B,C,D,E,skip,A,B,C,0.85,caste
792,rotate,3,C,D,E,skip,A,B,C,D,E,skip,A,B,C,D,E,skip,A,B,C,D,0.2,caste
792,caste,4,D,D,A,B,C,D,A,D,A,B,A,B,C,E,A,B,D,B,C,A,0.2,caste
792,rotate,5,E,skip,A,B,C,D,E,skip,A,B,C,D,E,skip,A,B,C,D,E,skip,0.05,caste
792,caste,6,skip,skip,E,C,A,B,E,B,E,C,C,D,E,D,E,A,C,D,E,B,0.15,caste
793,caste,1,A,A,B,C,C,E,C,D,B,C,D,E,C,A,B,B,A,B,A,A,0.1,caste
793,rotate,2,B,C,D,E,skip,A,B,C,D,E,skip,A,B,C,D,E,skip,A,B,C,0.75,caste
793,rotate,3,C,D,E,skip,A,B,C,D,E,skip,A,B,C,D,E,skip,A,B,C,D,0.2,caste
793,caste,4,D,D,E,B,A,B,E,A,D,E,A,B,E,D,C,C,D,E,C,E,0.15,caste
793,rotate,5,E,skip,A,B,C,D,E,skip,A,B,C,D,E,skip,A,B,C,D,E,skip,0.55,caste
793,rotate,6,skip,A,B,C,D,E,skip,A,B,C,D,E,skip,A,B,C,D,E,skip,A,0.05,caste
794,rotate,1,A,B,C,D,E,skip,A,B,C,D,E,skip,A,B,C,D,E,skip,A,B,0.1,caste
794,caste,2,B,B,A,D,C,D,D,B,A,B,E,E,A,C,A,B,C,D,A,A,0.2,caste
794,rotate,3,C,D,E,skip,A,B,C,D,E,skip,A,B,C,D,E,skip,A,B,C,D,0.8,caste
794,rotate,4,D,E,skip,A,B,C,D,E,skip,A,B,C,D,E,skip,A,B,C,D,E,0.8,caste
794,rotate,5,E,skip,A,B,C,D,E,skip,A,B,C,D,E,skip,A,B,C,D,E,skip,0.05,caste
794,caste,6,skip,skip,C,B,E,A,E,A,C,D,C,D,E,B,C,D,E,B,E,B,0.1,caste
795,caste,1,A,A,B,D,A,B,C,A,E,C,B,E,A,E,B,B,D,E,D,E,0.2,caste
795,rotate,2,B,C,D,E,skip,A,B,C,D,E,skip,A,B,C,D,E,skip,A,B,C,0.85,caste
795,rotate,3,C,D,E,skip,A,B,C,D,E,skip,A,B,C,D,E,skip,A,B,C,D,0.65,caste
795,rotate,4,D,E,skip,A,B,C,D,E,skip,A,B,C,D,E,skip,A,B,C,D,E,0.15,caste
795,caste,5,E,E,C,B,D,C,D,E,B,A,D,C,D,A,C,A,B,C,E,A,0.25,caste
795,rotate,6,skip,A,B,C,D,E,skip,A,B,C,D,E,skip,A,B,C,D,E,skip,A,0.15,caste
796,random3,1,A,A,E,B,E,B,B,B,B,B,B,B,B,B,B,A,A,A,A,A,0.45,caste
796,caste,2,B,B,B,B,E,D,D,D,B,D,D,D,D,D,C,C,C,A,C,A,0.45,caste
796,caste,3,C,C,C,C,C,B,C,C,C,C,C,C,C,C,D,D,D,D,D,D,0.85,caste
796,random3,4,D,D,D,D,D,D,D,C,E,E,E,E,E,E,E,E,E,E,E,E,0.7,caste
796,random3,5,A,A,A,A,A,A,A,A,A,A,A,A,A,B,B,B,B,B,C,C,0.6,caste
796,random3,6,E,E,E,E,E,E,E,E,E,E,E,A,A,C,C,C,C,B,B,B,0.4,caste
797,random3,1,D,D,D,D,D,D,C,D,C,D,C,C,C,C,C,C,C,C,C,C,0.65,random3
797,random3,2,C,E,C,C,C,C,C,C,C,D,D,D,D,D,D,D,D,D,D,A,0.6,random3
797,caste,3,C,E,C,A,B,D,C,D,E,D,B,E,A,A,A,A,A,A,C,A,0.2,random3
797,random3,4,A,A,A,A,E,E,E,E,E,E,E,E,E,E,E,E,E,A,D,A,0.45,random3
797,random3,5,B,B,B,B,B,B,B,B,B,B,B,A,A,E,E,E,E,E,E,E,0.6,random3
797,caste,6,skip,D,E,E,E,A,A,A,A,A,A,A,B,B,B,B,B,B,B,B,0.8,random3
798,random3,1,D,E,E,E,E,E,E,E,E,E,E,E,E,E,E,E,E,E,E,E,0.8,random3
798,random3,2,D,E,D,D,D,A,A,A,A,A,A,A,A,A,A,A,A,A,A,A,0.45,random3
798,caste,3,C,E,E,A,D,A,D,B,D,D,D,D,E,D,D,B,B,D,B,B,0.3,random3
798,caste,4,D,C,B,C,C,C,C,D,C,C,C,C,C,C,C,C,C,C,C,C,0.85,random3
798,random3,5,A,A,A,A,A,A,A,A,A,A,C,D,E,D,D,D,D,D,B,D,0.35,random3
798,random3,6,B,B,B,B,B,B,B,B,B,B,B,B,B,B,B,B,B,A,A,A,0.65,random3
799,random3,1,C,A,A,A,A,A,A,A,A,A,A,A,A,A,A,A,A,A,A,A,0.65,random3
799,caste,2,B,A,B,A,C,A,B,C,E,E,E,E,E,B,E,A,E,E,A,E,0.2,random3
799,random3,3,B,B,B,B,B,B,B,B,B,C,C,C,E,E,E,B,E,E,E,E,0.35,random3
799,random3,4,E,E,E,E,E,D,D,D,D,C,C,C,C,C,C,C,C,C,C,C,0.65,random3
799,caste,5,E,D,A,D,E,D,E,E,D,D,D,D,D,D,D,D,D,D,D,D,0.75,random3
799,random3,6,C,C,C,C,C,C,C,C,B,C,C,B,B,B,B,B,B,B,B,B,0.6,random3
800,random3,1,A,A,A,A,C,C,C,A,A,A,D,A,E,E,E,B,B,B,B,A,0.3,random3
800,random3,2,A,E,C,E,E,E,E,E,E,E,E,A,E,E,E,E,E,E,E,E,0.5,random3
800,caste,3,C,C,C,E,D,C,C,D,B,A,E,A,E,B,A,A,D,A,B,A,0.1,random3
800,random3,4,D,D,D,D,D,D,D,D,D,D,D,D,D,D,D,D,D,D,D,D,0.8,random3
800,caste,5,E,E,B,A,E,A,A,A,C,C,C,C,C,C,C,B,C,C,C,C,0.6,random3
800,random3,6,B,B,B,B,B,B,B,B,B,B,B,B,B,B,A,A,A,A,C,C,0.6,random3
801,random3,1,B,B,E,E,E,E,E,E,C,C,C,C,C,C,C,C,C,E,E,C,0.5,random3
801,random3,2,E,D,D,D,A,A,A,A,A,A,A,A,A,B,B,B,B,B,B,B,0.45,random3
801,random3,3,C,C,C,C,C,C,C,E,C,C,C,A,A,A,A,A,A,A,A,A,0.6,random3
801,random3,4,E,A,A,B,B,B,B,B,B,B,B,B,B,B,B,B,C,C,C,C,0.55,random3
801,caste,5,E,D,A,B,A,D,D,D,D,D,D,D,D,D,D,D,D,D,D,D,0.75,random3
801,caste,6,skip,B,C,D,E,A,C,B,A,E,E,E,E,E,E,E,C,E,E,E,0.4,random3
802,caste,1,A,B,E,B,B,B,E,B,E,E,C,E,C,B,B,B,B,B,B,B,0.6,caste
802,caste,2,B,C,A,C,E,D,B,D,B,B,E,B,B,C,C,A,C,D,C,D,0.35,caste
802,random3,3,A,A,A,A,A,A,A,A,A,A,A,A,A,A,A,A,A,A,A,A,0.85,caste
802,random3,4,E,E,E,B,B,E,E,D,D,E,E,E,E,E,C,C,C,E,E,E,0.25,caste
802,random3,5,A,C,C,C,C,C,C,C,C,C,C,B,B,E,E,E,E,E,E,E,0.45,caste
802,random3,6,D,D,D,D,D,D,C,D,D,D,D,D,D,D,D,D,D,D,C,C,0.7,caste
803,caste,1,A,D,E,D,D,D,E,E,B,A,D,A,A,D,D,E,D,E,D,E,0.35,random3
803,random3,2,A,A,A,A,A,A,A,A,A,A,B,B,D,D,D,D,D,E,E,E,0.45,random3
803,caste,3,C,E,A,E,E,B,D,D,D,D,E,E,D,A,A,A,A,A,A,A,0.65,random3
803,random3,4,C,E,D,D,D,C,C,C,C,C,C,C,C,C,C,C,C,C,C,C,0.7,random3
803,random3,5,B,B,B,B,B,B,B,B,B,B,B,B,B,B,B,B,B,B,B,B,0.8,random3
803,random3,6,C,C,C,C,C,C,C,E,E,E,E,E,E,E,E,E,D,E,D,D,0.5,random3
804,caste,1,A,D,B,B,E,B,B,A,C,B,A,B,C,B,B,A,D,B,A,D,0.1,random3
804,random3,2,D,D,D,D,E,D,A,A,A,A,A,A,A,A,A,A,A,A,A,D,0.55,random3
804,random3,3,A,A,A,A,A,D,D,D,D,D,D,D,D,D,D,D,D,D,D,D,0.75,random3
804,random3,4,C,C,C,C,C,C,C,C,C,C,C,C,C,C,C,C,C,C,C,C,0.8,random3
804,random3,5,E,E,E,B,B,B,B,E,B,B,B,B,C,C,B,B,B,B,B,B,0.4,random3
804,caste,6,skip,C,E,D,A,D,E,E,B,E,E,E,E,E,E,E,E,E,E,E,0.6,random3
805,random3,1,C,C,B,B,C,C,C,C,C,C,C,C,C,A,C,C,C,C,C,C,0.55,random3
805,caste,2,B,A,D,D,C,C,D,A,C,E,A,E,C,E,C,D,C,E,A,D,0.05,random3
805,random3,3,E,E,E,E,E,E,E,E,E,E,D,E,E,E,E,E,E,E,E,E,0.65,random3
805,caste,4,D,C,C,B,B,B,B,B,B,B,B,B,B,B,B,B,B,B,B,B,0.9,random3
805,random3,5,E,A,A,A,A,A,A,A,A,A,A,A,A,A,A,A,A,A,A,E,0.65,random3
805,random3,6,E,A,D,D,D,D,D,D,D,D,D,D,D,D,D,D,D,D,D,D,0.6,random3
806,random3,1,B,B,B,B,B,A,B,E,E,E,E,E,E,E,E,E,E,E,E,E,0.65,random3
806,random3,2,E,C,E,E,E,E,B,E,E,E,B,B,B,B,B,D,B,B,B,B,0.25,random3
806,random3,3,D,D,D,D,D,D,D,D,D,D,D,D,D,D,D,D,B,B,B,D,0.6,random3
806,caste,4,D,C,C,C,C,C,C,C,C,C,C,C,C,C,C,C,C,C,C,C,0.9,random3
806,caste,5,E,B,E,A,B,E,D,E,B,B,B,A,D,B,B,A,B,D,A,D,0.15,random3
806,random3,6,A,A,A,A,A,A,A,A,A,A,A,A,A,A,A,A,A,A,A,A,0.75,random3
807,random3,1,B,B,D,A,E,E,E,E,E,E,E,E,E,E,E,E,E,E,E,E,0.6,random3
807,random3,2,E,E,E,E,E,E,B,B,A,A,B,B,D,D,D,D,D,D,D,D,0.4,random3
807,random3,3,D,C,D,D,D,D,D,D,D,D,B,B,B,B,B,B,B,B,A,A,0.6,random3
807,caste,4,D,A,E,C,A,A,A,A,A,D,D,D,D,A,E,D,A,E,A,D,0.4,random3
807,random3,5,B,B,B,B,B,B,B,B,A,A,A,A,A,A,A,A,A,B,B,B,0.55,random3
807,caste,6,skip,C,C,A,C,C,C,C,C,C,C,C,C,C,C,C,C,C,C,C,0.85,random3
808,caste,1,A,A,A,A,A,A,A,A,A,A,A,A,A,A,E,A,A,A,A,A,0.85,random3
808,random3,2,C,C,C,C,C,E,C,E,E,E,C,C,A,D,E,E,B,B,B,B,0.3,random3
808,random3,3,B,B,B,B,B,B,B,B,C,C,C,C,C,C,C,C,C,C,C,C,0.6,random3
808,caste,4,D,B,C,E,C,E,C,E,C,E,D,E,E,D,A,E,E,E,E,E,0.3,random3
808,random3,5,E,E,E,E,B,B,B,B,B,B,B,B,B,B,B,B,B,B,D,A,0.55,random3
808,random3,6,D,D,D,D,D,D,D,D,D,D,D,D,D,D,D,D,D,D,D,E,0.75,random3
809,random3,1,E,E,E,E,E,E,E,E,E,E,E,E,E,E,E,E,E,C,E,E,0.7,random3
809,caste,2,B,C,E,C,D,E,D,D,D,D,D,D,D,D,D,D,D,D,D,D,0.75,random3
809,random3,3,B,B,B,B,B,B,B,B,B,B,B,B,B,B,B,B,B,C,C,C,0.7,random3
809,random3,4,A,A,A,A,A,A,D,A,A,A,A,A,A,A,A,A,A,A,A,A,0.65,random3
809,random3,5,A,D,E,C,C,C,C,C,C,C,C,C,C,C,C,C,B,B,B,B,0.5,random3
809,caste,6,skip,D,A,D,C,A,C,B,C,B,A,C,E,B,A,C,E,C,E,A,0.05,random3
810,caste,1,A,C,A,E,C,B,E,A,E,C,E,C,B,E,B,B,B,B,B,B,0.25,random3
810,random3,2,A,B,B,B,B,B,B,B,E,E,E,A,A,A,A,A,A,A,A,A,0.5,random3
810,random3,3,C,C,C,C,C,C,C,C,C,C,C,C,C,C,C,C,C,E,E,E,0.65,random3
810,random3,4,E,B,E,E,E,E,E,B,B,B,B,B,B,E,E,E,E,E,C,C,0.5,random3
810,caste,5,E,D,B,D,D,D,D,D,D,D,D,D,D,D,D,D,D,D,D,D,0.85,random3
810,random3,6,D,D,A,A,A,A,A,A,A,A,A,A,A,E,E,C,C,A,C,B,0.4,random3
811,radicaleq,1,A,B,D,B,B,D,E,D,E,B,E,D,E,B,E,D,E,B,E,D,0.1,caste
811,caste,2,B,B,C,C,B,D,E,D,E,B,E,D,E,B,E,D,E,B,E,D,0.15,caste
811,caste,3,C,C,D,D,C,A,B,A,D,A,B,A,D,A,B,A,D,A,B,A,0.15,caste
811,radicaleq,4,D,E,skip,A,E,skip,C,skip,C,skip,C,skip,C,skip,C,skip,C,skip,C,skip,0.55,caste
811,radicaleq,5,E,skip,A,E,skip,C,skip,C,skip,C,skip,C,skip,C,skip,C,skip,C,skip,C,0.55,caste
811,radicaleq,6,skip,A,E,skip,C,A,B,A,D,A,B,A,D,A,B,A,D,A,B,A,0.1,caste
812,radicaleq,1,A,B,C,skip,A,D,E,A,C,D,C,C,A,E,E,C,D,D,E,A,0.95,radicaleq
812,radicaleq,2,B,C,D,A,D,E,A,C,D,E,E,A,D,D,C,A,A,E,C,C,0.25,radicaleq
812,caste,3,C,C,A,B,B,B,B,B,B,B,B,B,B,B,B,B,B,B,B,B,0.95,radicaleq
812,radicaleq,4,D,E,skip,E,C,skip,C,D,E,C,A,D,E,C,A,D,E,C,A,D,0.7,radicaleq
812,radicaleq,5,E,skip,E,C,skip,A,D,E,A,A,D,E,C,A,D,E,C,A,D,E,0.9,radicaleq
812,caste,6,skip,skip,D,A,D,E,A,C,D,C,E,A,E,D,C,D,A,E,A,C,0.0,radicaleq
813,radicaleq,1,A,B,C,skip,E,D,E,D,E,D,E,D,E,D,E,D,E,D,E,D,0.15,caste
813,radicaleq,2,B,C,E,B,B,A,B,A,B,A,B,A,B,A,B,A,B,A,B,A,0.1,caste
813,caste,3,C,C,B,E,B,A,B,A,B,A,B,A,B,A,B,A,B,A,B,A,0.15,caste
813,caste,4,D,D,E,A,E,D,E,D,E,D,E,D,E,D,E,D,E,D,E,D,0.15,caste
813,radicaleq,5,E,skip,A,D,C,skip,C,skip,C,skip,C,skip,C,skip,C,skip,C,skip,C,skip,0.55,caste
813,radicaleq,6,skip,A,D,C,skip,C,skip,C,skip,C,skip,C,skip,C,skip,C,skip,C,skip,C,0.55,caste
814,radicaleq,1,A,B,C,B,C,A,C,A,E,D,E,A,D,A,E,A,D,A,E,A,0.05,caste
814,caste,2,B,B,C,C,C,D,C,D,E,A,E,E,D,D,E,E,D,D,E,E,0.5,caste
814,radicaleq,3,C,D,skip,D,B,skip,E,B,skip,C,B,skip,C,B,skip,C,B,skip,C,B,0.7,caste
814,radicaleq,4,D,E,D,A,skip,E,B,skip,C,B,skip,C,B,skip,C,B,skip,C,B,skip,0.65,caste
814,caste,5,E,E,A,B,D,A,D,A,A,D,D,A,E,A,D,A,E,A,D,A,0.5,caste
814,radicaleq,6,skip,A,E,skip,E,B,skip,C,B,skip,C,B,skip,C,B,skip,C,B,skip,C,0.65,caste
815,radicaleq,1,A,B,skip,D,B,skip,E,B,skip,D,B,skip,D,B,skip,D,B,skip,D,B,0.7,caste
815,radicaleq,2,B,C,D,B,D,A,D,A,E,A,E,A,E,A,C,A,E,A,C,A,0.05,caste
815,caste,3,C,C,D,C,D,C,D,C,E,C,E,C,E,E,C,C,E,E,C,C,0.5,caste
815,radicaleq,4,D,E,A,A,skip,E,B,skip,D,B,skip,D,B,skip,D,B,skip,D,B,skip,0.65,caste
815,caste,5,E,E,B,B,C,A,C,A,C,A,C,A,C,A,E,A,C,A,E,A,0.5,caste
815,radicaleq,6,skip,A,E,skip,E,B,skip,D,B,skip,D,B,skip,D,B,skip,D,B,skip,D,0.65,caste
816,radicaleq,1,A,B,D,E,skip,E,A,D,B,E,A,B,D,E,A,B,D,E,A,B,0.75,radicaleq
816,radicaleq,2,B,C,E,skip,B,A,D,B,E,A,B,D,E,A,B,D,E,A,B,E,0.95,radicaleq
816,radicaleq,3,C,D,skip,D,A,D,B,E,A,B,D,E,B,B,D,A,A,B,E,D,0.95,radicaleq
816,radicaleq,4,D,E,B,A,D,B,E,A,D,D,E,A,A,D,E,E,B,D,D,A,0.25,radicaleq
816,caste,5,E,E,A,C,C,C,C,C,C,C,C,C,C,C,C,C,C,C,C,C,0.95,radicaleq
816,caste,6,skip,skip,B,A,D,B,E,A,B,D,E,B,A,D,A,E,B,E,D,A,0.0,radicaleq
817,caste,1,A,A,B,E,B,D,B,D,B,D,B,D,B,D,B,D,B,D,B,D,0.5,caste
817,caste,2,B,B,C,B,C,B,C,B,C,B,C,B,C,B,C,B,C,B,C,B,0.55,caste
817,radicaleq,3,C,D,A,skip,E,A,skip,E,A,skip,E,A,skip,E,A,skip,E,A,skip,E,0.7,caste
817,radicaleq,4,D,E,skip,D,A,skip,E,A,skip,E,A,skip,E,A,skip,E,A,skip,E,A,0.7,caste
817,radicaleq,5,E,skip,D,A,skip,E,A,skip,E,A,skip,E,A,skip,E,A,skip,E,A,skip,0.65,caste
817,radicaleq,6,skip,A,C,E,C,D,C,D,C,D,C,D,C,D,C,D,C,D,C,D,0.0,caste
818,caste,1,A,A,B,B,E,E,B,E,B,E,B,E,B,E,B,E,B,E,B,E,0.45,caste
818,radicaleq,2,B,C,E,B,D,D,C,skip,A,C,skip,D,C,skip,D,C,skip,A,C,skip,0.65,caste
818,caste,3,C,C,D,D,A,B,A,B,D,B,A,B,A,B,A,B,D,B,D,B,0.5,caste
818,radicaleq,4,D,E,skip,C,skip,C,skip,A,C,skip,D,C,skip,D,C,skip,A,C,skip,A,0.65,caste
818,radicaleq,5,E,skip,C,skip,C,skip,D,C,skip,D,C,skip,D,C,skip,A,C,skip,A,C,0.65,caste
818,radicaleq,6,skip,A,B,D,A,E,A,E,D,E,A,E,A,E,A,E,D,E,D,E,0.0,caste
819,caste,1,A,A,B,B,B,B,B,B,B,B,B,B,B,B,B,B,B,B,B,B,1.0,radicaleq
819,radicaleq,2,B,C,D,A,skip,D,C,E,D,A,C,E,D,A,C,E,D,A,C,E,0.75,radicaleq
819,radicaleq,3,C,D,E,skip,D,C,E,D,A,C,E,D,A,C,E,D,A,C,E,D,0.95,radicaleq
819,radicaleq,4,D,E,skip,D,C,E,A,A,C,D,D,A,E,E,D,C,C,E,A,A,0.95,radicaleq
819,radicaleq,5,E,skip,A,C,E,A,D,C,E,E,A,C,C,D,A,A,E,D,D,C,0.25,radicaleq
819,caste,6,skip,skip,A,C,E,A,D,C,D,E,A,E,C,D,C,A,E,A,D,C,0.0,radicaleq
820,radicaleq,1,A,B,C,E,B,A,D,A,D,C,D,C,A,C,D,C,A,C,D,C,0.05,caste
820,caste,2,B,B,C,B,B,C,D,C,D,A,D,D,A,A,D,D,A,A,D,D,0.5,caste
820,radicaleq,3,C,D,A,A,skip,E,B,skip,E,B,skip,E,B,skip,E,B,skip,E,B,skip,0.65,caste
820,caste,4,D,D,E,E,C,A,C,A,A,C,A,C,D,C,A,C,D,C,A,C,0.5,caste
820,radicaleq,5,E,skip,D,skip,E,B,skip,E,B,skip,E,B,skip,E,B,skip,E,B,skip,E,0.65,caste
820,radicaleq,6,skip,A,skip,C,D,skip,E,B,skip,E,B,skip,E,B,skip,E,B,skip,E,B,0.65,caste
821,radicaleq,1,A,B,E,D,skip,D,B,skip,B,C,skip,B,C,skip,B,C,skip,B,C,skip,0.7,caste
821,radicaleq,2,B,C,D,skip,D,B,skip,B,C,skip,B,C,skip,B,C,skip,B,C,skip,D,0.7,caste
821,radicaleq,3,C,D,B,C,A,C,A,D,E,D,A,D,E,D,A,D,E,D,A,B,0.05,caste
821,caste,4,D,D,C,C,E,C,E,D,A,D,E,D,A,D,E,D,A,D,E,B,0.5,caste
821,caste,5,E,E,B,E,A,E,A,A,E,E,A,A,E,E,A,A,E,E,A,A,0.55,caste
821,radicaleq,6,skip,A,A,B,B,skip,C,C,skip,B,C,skip,B,C,skip,B,C,skip,D,C,0.7,caste
822,radicaleq,1,A,B,D,skip,C,D,E,C,D,A,E,C,D,A,E,C,D,A,E,C,0.95,radicaleq
822,radicaleq,2,B,C,skip,C,A,E,C,D,A,C,C,D,E,E,C,A,A,E,D,D,0.95,radicaleq
822,radicaleq,3,C,D,E,A,E,C,D,A,E,E,D,A,A,C,D,D,E,C,C,A,0.25,radicaleq
822,caste,4,D,D,A,B,B,B,B,B,B,B,B,B,B,B,B,B,B,B,B,B,0.95,radicaleq
822,radicaleq,5,E,skip,C,D,skip,A,A,E,C,D,A,E,C,D,A,E,C,D,A,E,0.7,radicaleq
822,caste,6,skip,skip,E,A,E,C,D,A,C,E,D,E,A,C,A,D,E,D,C,A,0.0,radicaleq
823,caste,1,A,A,B,C,B,E,B,D,B,D,B,D,B,D,B,D,B,D,B,D,0.45,caste
823,radicaleq,2,B,C,skip,C,D,D,C,skip,E,C,skip,A,C,skip,E,C,skip,A,C,skip,0.65,caste
823,radicaleq,3,C,D,C,B,skip,C,skip,E,C,skip,A,C,skip,E,C,skip,A,C,skip,E,0.65,caste
823,caste,4,D,D,E,E,A,B,A,B,A,B,E,B,E,B,A,B,E,B,E,B,0.5,caste
823,radicaleq,5,E,skip,D,skip,C,skip,E,C,skip,A,C,skip,A,C,skip,A,C,skip,A,C,0.65,caste
823,radicaleq,6,skip,A,B,E,A,E,A,D,A,D,E,D,E,D,A,D,E,D,E,D,0.0,caste
824,radicaleq,1,A,B,C,D,C,D,E,B,D,C,E,B,B,C,E,E,C,E,E,B,0.2,radicaleq
824,caste,2,B,B,A,A,A,A,A,A,A,A,A,A,A,A,A,A,A,A,A,A,0.95,radicaleq
824,radicaleq,3,C,D,B,skip,E,B,skip,D,C,E,B,D,C,E,B,C,E,D,B,E,0.75,radicaleq
824,radicaleq,4,D,E,skip,E,B,skip,D,C,E,B,D,C,E,B,C,D,D,B,C,C,0.9,radicaleq
824,radicaleq,5,E,skip,E,B,skip,C,C,E,B,D,C,E,D,D,D,B,B,C,D,D,0.9,radicaleq
824,caste,6,skip,skip,C,D,C,D,E,B,D,C,E,D,B,C,B,E,C,D,E,B,0.0,radicaleq
825,caste,1,A,A,B,B,B,C,B,C,D,C,D,C,D,C,D,C,D,C,D,C,0.5,caste
825,radicaleq,2,B,C,E,skip,E,A,skip,B,A,skip,B,A,skip,B,A,skip,B,A,skip,B,0.7,caste
825,radicaleq,3,C,D,skip,C,A,skip,D,A,skip,B,A,skip,B,A,skip,B,A,skip,B,A,0.7,caste
825,radicaleq,4,D,E,D,D,skip,E,A,skip,B,A,skip,B,A,skip,B,A,skip,B,A,skip,0.65,caste
825,caste,5,E,E,C,A,C,D,C,E,C,E,C,E,C,E,C,E,C,E,C,E,0.5,caste
825,radicaleq,6,skip,A,B,A,B,D,B,E,D,E,D,E,D,E,D,E,D,E,D,E,0.0,caste
826,rotate0,1,A,A,A,A,A,A,A,A,A,A,A,A,A,A,A,A,A,A,A,A,0.95,caste
826,caste,2,B,B,B,B,B,B,B,B,B,B,B,B,B,C,C,B,B,B,B,B,1.0,caste
826,caste,3,C,C,C,C,C,C,C,C,C,C,C,C,C,E,D,A,C,C,C,C,0.85,caste
826,rotate0,4,D,D,D,D,D,D,D,D,D,D,D,D,D,D,D,D,D,D,D,D,0.95,caste
826,rotate0,5,E,E,E,E,E,E,E,E,E,E,E,E,E,E,E,E,E,E,E,E,0.95,caste
826,rotate0,6,skip,skip,skip,skip,skip,skip,skip,skip,skip,skip,skip,skip,skip,skip,skip,skip,skip,skip,skip,skip,0.0,caste
827,rotate0,1,A,A,A,A,A,A,A,A,A,A,A,A,A,A,A,A,A,A,A,A,0.9,rotate0
827,rotate0,2,B,B,B,B,B,B,B,B,B,B,B,B,B,B,B,B,B,B,B,B,0.9,rotate0
827,caste,3,C,C,C,C,C,C,C,C,C,C,C,C,C,E,B,C,C,C,C,C,0.9,rotate0
827,rotate0,4,D,D,D,D,D,D,D,D,D,D,D,D,D,D,D,D,D,D,D,D,0.9,rotate0
827,rotate0,5,E,E,E,E,E,E,E,E,E,E,E,E,E,E,E,E,E,E,E,E,0.9,rotate0
827,caste,6,skip,skip,skip,skip,skip,skip,skip,skip,skip,skip,skip,skip,skip,skip,D,A,A,B,D,E,0.0,rotate0
828,rotate0,1,A,A,A,A,A,A,A,A,A,A,A,A,A,A,A,A,A,A,A,A,0.95,caste
828,rotate0,2,B,B,B,B,B,B,B,B,B,B,B,B,B,B,B,B,B,B,B,B,0.95,caste
828,caste,3,C,C,C,C,C,C,C,C,C,C,C,C,C,E,B,D,D,D,D,D,0.9,caste
828,caste,4,D,D,D,D,D,D,D,D,D,D,D,D,D,D,A,C,C,C,C,C,0.95,caste
828,rotate0,5,E,E,E,E,E,E,E,E,E,E,E,E,E,E,E,E,E,E,E,E,0.95,caste
828,rotate0,6,skip,skip,skip,skip,skip,skip,skip,skip,skip,skip,skip,skip,skip,skip,skip,skip,skip,skip,skip,skip,0.0,caste
829,rotate0,1,A,A,A,A,A,A,A,A,A,A,A,A,A,A,A,A,A,A,A,A,0.85,caste
829,caste,2,B,B,B,B,B,B,B,B,B,B,B,B,B,C,D,A,A,E,E,A,0.75,caste
829,rotate0,3,C,C,C,C,C,C,C,C,C,C,C,C,C,C,C,C,C,C,C,C,0.95,caste
829,rotate0,4,D,D,D,D,D,D,D,D,D,D,D,D,D,D,D,D,D,D,D,D,0.95,caste
829,caste,5,E,E,E,E,E,E,E,E,E,E,E,E,E,B,E,B,E,B,B,B,1.0,caste
829,rotate0,6,skip,skip,skip,skip,skip,skip,skip,skip,skip,skip,skip,skip,skip,skip,skip,skip,skip,skip,skip,skip,0.0,caste
830,rotate0,1,A,A,A,A,A,A,A,A,A,A,A,A,A,A,A,A,A,A,A,A,0.9,caste
830,rotate0,2,B,B,B,B,B,B,B,B,B,B,B,B,B,B,B,B,B,B,B,B,0.95,caste
830,caste,3,C,C,C,C,C,C,C,C,C,C,C,C,C,E,D,A,A,E,E,D,0.8,caste
830,rotate0,4,D,D,D,D,D,D,D,D,D,D,D,D,D,D,D,D,D,D,D,D,0.9,caste
830,caste,5,E,E,E,E,E,E,E,E,E,E,E,E,E,B,E,C,C,C,C,C,0.95,caste
830,rotate0,6,skip,skip,skip,skip,skip,skip,skip,skip,skip,skip,skip,skip,skip,skip,skip,skip,skip,skip,skip,skip,0.0,caste
831,rotate0,1,A,A,A,A,A,A,A,A,A,A,A,A,A,A,A,A,A,A,A,A,0.85,rotate0
831,rotate0,2,B,B,B,B,B,B,B,B,B,B,B,B,B,B,B,B,B,B,B,B,0.9,rotate0
831,rotate0,3,C,C,C,C,C,C,C,C,C,C,C,C,C,C,C,C,C,C,C,C,0.9,rotate0
831,rotate0,4,D,D,D,D,D,D,D,D,D,D,D,D,D,D,D,D,D,D,D,D,0.9,rotate0
831,caste,5,E,E,E,E,E,E,E,E,E,E,E,E,E,B,C,E,E,E,C,E,0.85,rotate0
831,caste,6,skip,skip,skip,skip,skip,skip,skip,skip,skip,skip,skip,skip,skip,skip,D,A,A,B,D,A,0.0,rotate0
832,caste,1,A,A,A,A,A,A,A,A,A,A,A,A,A,A,B,A,A,B,B,B,1.0,caste
832,caste,2,B,B,B,B,B,B,B,B,B,B,B,B,B,C,D,B,E,A,A,E,0.8,caste
832,rotate0,3,C,C,C,C,C,C,C,C,C,C,C,C,C,C,C,C,C,C,C,C,0.95,caste
832,rotate0,4,D,D,D,D,D,D,D,D,D,D,D,D,D,D,D,D,D,D,D,D,0.95,caste
832,rotate0,5,E,E,E,E,E,E,E,E,E,E,E,E,E,E,E,E,E,E,E,E,0.9,caste
832,rotate0,6,skip,skip,skip,skip,skip,skip,skip,skip,skip,skip,skip,skip,skip,skip,skip,skip,skip,skip,skip,skip,0.0,caste
833,caste,1,A,A,A,A,A,A,A,A,A,A,A,A,A,A,C,A,C,A,A,A,1.0,caste
833,rotate0,2,B,B,B,B,B,B,B,B,B,B,B,B,B,B,B,B,B,B,B,B,0.95,caste
833,caste,3,C,C,C,C,C,C,C,C,C,C,C,C,C,E,B,C,D,C,C,C,0.85,caste
833,rotate0,4,D,D,D,D,D,D,D,D,D,D,D,D,D,D,D,D,D,D,D,D,0.95,caste
833,rotate0,5,E,E,E,E,E,E,E,E,E,E,E,E,E,E,E,E,E,E,E,E,0.95,caste
833,rotate0,6,skip,skip,skip,skip,skip,skip,skip,skip,skip,skip,skip,skip,skip,skip,skip,skip,skip,skip,skip,skip,0.0,caste
834,caste,1,A,A,A,A,A,A,A,A,A,A,A,A,A,A,A,A,A,A,A,A,1.0,rotate0
834,rotate0,2,B,B,B,B,B,B,B,B,B,B,B,B,B,B,B,B,B,B,B,B,0.9,rotate0
834,rotate0,3,C,C,C,C,C,C,C,C,C,C,C,C,C,C,C,C,C,C,C,C,0.95,rotate0
834,rotate0,4,D,D,D,D,D,D,D,D,D,D,D,D,D,D,D,D,D,D,D,D,0.9,rotate0
834,rotate0,5,E,E,E,E,E,E,E,E,E,E,E,E,E,E,E,E,E,E,E,E,0.95,rotate0
834,caste,6,skip,skip,skip,skip,skip,skip,skip,skip,skip,skip,skip,skip,skip,skip,C,B,D,E,B,D,0.0,rotate0
835,rotate0,1,A,A,A,A,A,A,A,A,A,A,A,A,A,A,A,A,A,A,A,A,0.95,caste
835,caste,2,B,B,B,B,B,B,B,B,B,B,B,B,B,C,D,B,B,B,B,D,0.95,caste
835,rotate0,3,C,C,C,C,C,C,C,C,C,C,C,C,C,C,C,C,C,C,C,C,0.95,caste
835,caste,4,D,D,D,D,D,D,D,D,D,D,D,D,D,D,A,D,D,D,D,E,0.9,caste
835,rotate0,5,E,E,E,E,E,E,E,E,E,E,E,E,E,E,E,E,E,E,E,E,0.95,caste
835,rotate0,6,skip,skip,skip,skip,skip,skip,skip,skip,skip,skip,skip,skip,skip,skip,skip,skip,skip,skip,skip,skip,0.0,caste
836,rotate0,1,A,A,A,A,A,A,A,A,A,A,A,A,A,A,A,A,A,A,A,A,0.9,caste
836,rotate0,2,B,B,B,B,B,B,B,B,B,B,B,B,B,B,B,B,B,B,B,B,0.95,caste
836,rotate0,3,C,C,C,C,C,C,C,C,C,C,C,C,C,C,C,C,C,C,C,C,0.95,caste
836,caste,4,D,D,D,D,D,D,D,D,D,D,D,D,D,D,A,E,E,E,E,E,0.95,caste
836,caste,5,E,E,E,E,E,E,E,E,E,E,E,E,E,B,C,D,D,D,D,A,0.85,caste
836,rotate0,6,skip,skip,skip,skip,skip,skip,skip,skip,skip,skip,skip,skip,skip,skip,skip,skip,skip,skip,skip,skip,0.0,caste
837,rotate0,1,A,A,A,A,A,A,A,A,A,A,A,A,A,A,A,A,A,A,A,A,0.9,rotate0
837,rotate0,2,B,B,B,B,B,B,B,B,B,B,B,B,B,B,B,B,B,B,B,B,0.9,rotate0
837,rotate0,3,C,C,C,C,C,C,C,C,C,C,C,C,C,C,C,C,C,C,C,C,0.9,rotate0
837,caste,4,D,D,D,D,D,D,D,D,D,D,D,D,D,D,B,A,D,D,D,D,0.9,rotate0
837,rotate0,5,E,E,E,E,E,E,E,E,E,E,E,E,E,E,E,E,E,E,E,E,0.9,rotate0
837,caste,6,skip,skip,skip,skip,skip,skip,skip,skip,skip,skip,skip,skip,skip,skip,C,E,A,B,C,E,0.0,rotate0
838,caste,1,A,A,A,A,A,A,A,A,A,A,A,A,A,A,A,D,D,D,D,D,1.0,caste
838,rotate0,2,B,B,B,B,B,B,B,B,B,B,B,B,B,B,B,B,B,B,B,B,0.95,caste
838,rotate0,3,C,C,C,C,C,C,C,C,C,C,C,C,C,C,C,C,C,C,C,C,1.0,caste
838,caste,4,D,D,D,D,D,D,D,D,D,D,D,D,D,D,B,A,A,A,A,A,0.95,caste
838,rotate0,5,E,E,E,E,E,E,E,E,E,E,E,E,E,E,E,E,E,E,E,E,1.0,caste
838,rotate0,6,skip,skip,skip,skip,skip,skip,skip,skip,skip,skip,skip,skip,skip,skip,skip,skip,skip,skip,skip,skip,0.0,caste
839,rotate0,1,A,A,A,A,A,A,A,A,A,A,A,A,A,A,A,A,A,A,A,A,0.85,rotate0
839,caste,2,B,B,B,B,B,B,B,B,B,B,B,B,B,C,D,B,B,B,B,E,0.85,rotate0
839,rotate0,3,C,C,C,C,C,C,C,C,C,C,C,C,C,C,C,C,C,C,C,C,0.9,rotate0
839,rotate0,4,D,D,D,D,D,D,D,D,D,D,D,D,D,D,D,D,D,D,D,D,0.9,rotate0
839,rotate0,5,E,E,E,E,E,E,E,E,E,E,E,E,E,E,E,E,E,E,E,E,0.9,rotate0
839,caste,6,skip,skip,skip,skip,skip,skip,skip,skip,skip,skip,skip,skip,skip,skip,E,A,A,C,D,A,0.0,rotate0
840,caste,1,A,A,A,A,A,A,A,A,A,A,A,A,A,A,E,A,E,A,A,A,1.0,caste
840,rotate0,2,B,B,B,B,B,B,B,B,B,B,B,B,B,B,B,B,B,B,B,B,0.95,caste
840,rotate0,3,C,C,C,C,C,C,C,C,C,C,C,C,C,C,C,C,C,C,C,C,0.95,caste
840,rotate0,4,D,D,D,D,D,D,D,D,D,D,D,D,D,D,D,D,D,D,D,D,0.9,caste
840,caste,5,E,E,E,E,E,E,E,E,E,E,E,E,E,B,C,E,D,E,E,D,0.8,caste
840,rotate0,6,skip,skip,skip,skip,skip,skip,skip,skip,skip,skip,skip,skip,skip,skip,skip,skip,skip,skip,skip,skip,0.0,caste
841,caste,1,A,A,A,A,A,A,A,A,A,A,A,A,A,A,B,C,D,D,D,E,1.0,draw
841,caste,2,B,B,B,B,B,B,B,B,B,B,B,B,B,C,D,E,E,E,E,D,1.0,draw
841,caste,3,C,C,C,C,C,C,C,C,C,C,C,C,C,E,E,D,C,C,C,C,1.0,draw
841,caste,4,D,D,D,D,D,D,D,D,D,D,D,D,D,D,C,B,B,B,B,B,1.0,draw
841,caste,5,E,E,E,E,E,E,E,E,E,E,E,E,E,B,A,A,A,A,A,A,1.0,draw
841,caste,6,skip,skip,skip,skip,skip,skip,skip,skip,skip,skip,skip,skip,skip,skip,skip,skip,skip,skip,skip,skip,0.0,draw
842,caste,1,A,A,A,A,A,A,A,A,A,A,A,A,A,A,B,C,D,D,D,E,1.0,draw
842,caste,2,B,B,B,B,B,B,B,B,B,B,B,B,B,C,D,E,E,E,E,D,1.0,draw
842,caste,3,C,C,C,C,C,C,C,C,C,C,C,C,C,E,E,D,C,C,C,C,1.0,draw
842,caste,4,D,D,D,D,D,D,D,D,D,D,D,D,D,D,C,B,B,B,B,B,1.0,draw
842,caste,5,E,E,E,E,E,E,E,E,E,E,E,E,E,B,A,A,A,A,A,A,1.0,draw
842,caste,6,skip,skip,skip,skip,skip,skip,skip,skip,skip,skip,skip,skip,skip,skip,skip,skip,skip,skip,skip,skip,0.0,draw
843,caste,1,A,A,A,A,A,A,A,A,A,A,A,A,A,A,B,C,D,D,D,E,1.0,draw
843,caste,2,B,B,B,B,B,B,B,B,B,B,B,B,B,C,D,E,E,E,E,D,1.0,draw
843,caste,3,C,C,C,C,C,C,C,C,C,C,C,C,C,E,E,D,C,C,C,C,1.0,draw
843,caste,4,D,D,D,D,D,D,D,D,D,D,D,D,D,D,C,B,B,B,B,B,1.0,draw
843,caste,5,E,E,E,E,E,E,E,E,E,E,E,E,E,B,A,A,A,A,A,A,1.0,draw
843,caste,6,skip,skip,skip,skip,skip,skip,skip,skip,skip,skip,skip,skip,skip,skip,skip,skip,skip,skip,skip,skip,0.0,draw
844,caste,1,A,A,A,A,A,A,A,A,A,A,A,A,A,A,B,C,D,D,D,E,1.0,draw
844,caste,2,B,B,B,B,B,B,B,B,B,B,B,B,B,C,D,E,E,E,E,D,1.0,draw
844,caste,3,C,C,C,C,C,C,C,C,C,C,C,C,C,E,E,D,C,C,C,C,1.0,draw
844,caste,4,D,D,D,D,D,D,D,D,D,D,D,D,D,D,C,B,B,B,B,B,1.0,draw
844,caste,5,E,E,E,E,E,E,E,E,E,E,E,E,E,B,A,A,A,A,A,A,1.0,draw
844,caste,6,skip,skip,skip,skip,skip,skip,skip,skip,skip,skip,skip,skip,skip,skip,skip,skip,skip,skip,skip,skip,0.0,draw
845,caste,1,A,A,A,A,A,A,A,A,A,A,A,A,A,A,B,C,D,D,D,E,1.0,draw
845,caste,2,B,B,B,B,B,B,B,B,B,B,B,B,B,C,D,E,E,E,E,D,1.0,draw
845,caste,3,C,C,C,C,C,C,C,C,C,C,C,C,C,E,E,D,C,C,C,C,1.0,draw
845,caste,4,D,D,D,D,D,D,D,D,D,D,D,D,D,D,C,B,B,B,B,B,1.0,draw
845,caste,5,E,E,E,E,E,E,E,E,E,E,E,E,E,B,A,A,A,A,A,A,1.0,draw
845,caste,6,skip,skip,skip,skip,skip,skip,skip,skip,skip,skip,skip,skip,skip,skip,skip,skip,skip,skip,skip,skip,0.0,draw
846,caste,1,A,A,A,A,A,A,A,A,A,A,A,A,A,A,B,C,D,D,D,E,1.0,draw
846,caste,2,B,B,B,B,B,B,B,B,B,B,B,B,B,C,D,E,E,E,E,D,1.0,draw
846,caste,3,C,C,C,C,C,C,C,C,C,C,C,C,C,E,E,D,C,C,C,C,1.0,draw
846,caste,4,D,D,D,D,D,D,D,D,D,D,D,D,D,D,C,B,B,B,B,B,1.0,draw
846,caste,5,E,E,E,E,E,E,E,E,E,E,E,E,E,B,A,A,A,A,A,A,1.0,draw
846,caste,6,skip,skip,skip,skip,skip,skip,skip,skip,skip,skip,skip,skip,skip,skip,skip,skip,skip,skip,skip,skip,0.0,draw
847,caste,1,A,A,A,A,A,A,A,A,A,A,A,A,A,A,B,C,D,D,D,E,1.0,draw
847,caste,2,B,B,B,B,B,B,B,B,B,B,B,B,B,C,D,E,E,E,E,D,1.0,draw
847,caste,3,C,C,C,C,C,C,C,C,C,C,C,C,C,E,E,D,C,C,C,C,1.0,draw
847,caste,4,D,D,D,D,D,D,D,D,D,D,D,D,D,D,C,B,B,B,B,B,1.0,draw
847,caste,5,E,E,E,E,E,E,E,E,E,E,E,E,E,B,A,A,A,A,A,A,1.0,draw
847,caste,6,skip,skip,skip,skip,skip,skip,skip,skip,skip,skip,skip,skip,skip,skip,skip,skip,skip,skip,skip,skip,0.0,draw
848,caste,1,A,A,A,A,A,A,A,A,A,A,A,A,A,A,B,C,D,D,D,E,1.0,draw
848,caste,2,B,B,B,B,B,B,B,B,B,B,B,B,B,C,D,E,E,E,E,D,1.0,draw
848,caste,3,C,C,C,C,C,C,C,C,C,C,C,C,C,E,E,D,C,C,C,C,1.0,draw
848,caste,4,D,D,D,D,D,D,D,D,D,D,D,D,D,D,C,B,B,B,B,B,1.0,draw
848,caste,5,E,E,E,E,E,E,E,E,E,E,E,E,E,B,A,A,A,A,A,A,1.0,draw
848,caste,6,skip,skip,skip,skip,skip,skip,skip,skip,skip,skip,skip,skip,skip,skip,skip,skip,skip,skip,skip,skip,0.0,draw
849,caste,1,A,A,A,A,A,A,A,A,A,A,A,A,A,A,B,C,D,D,D,E,1.0,draw
849,caste,2,B,B,B,B,B,B,B,B,B,B,B,B,B,C,D,E,E,E,E,D,1.0,draw
849,caste,3,C,C,C,C,C,C,C,C,C,C,C,C,C,E,E,D,C,C,C,C,1.0,draw
849,caste,4,D,D,D,D,D,D,D,D,D,D,D,D,D,D,C,B,B,B,B,B,1.0,draw
849,caste,5,E,E,E,E,E,E,E,E,E,E,E,E,E,B,A,A,A,A,A,A,1.0,draw
849,caste,6,skip,skip,skip,skip,skip,skip,skip,skip,skip,skip,skip,skip,skip,skip,skip,skip,skip,skip,skip,skip,0.0,draw
850,caste,1,A,A,A,A,A,A,A,A,A,A,A,A,A,A,B,C,D,D,D,E,1.0,draw
850,caste,2,B,B,B,B,B,B,B,B,B,B,B,B,B,C,D,E,E,E,E,D,1.0,draw
850,caste,3,C,C,C,C,C,C,C,C,C,C,C,C,C,E,E,D,C,C,C,C,1.0,draw
850,caste,4,D,D,D,D,D,D,D,D,D,D,D,D,D,D,C,B,B,B,B,B,1.0,draw
850,caste,5,E,E,E,E,E,E,E,E,E,E,E,E,E,B,A,A,A,A,A,A,1.0,draw
850,caste,6,skip,skip,skip,skip,skip,skip,skip,skip,skip,skip,skip,skip,skip,skip,skip,skip,skip,skip,skip,skip,0.0,draw
851,caste,1,A,A,A,A,A,A,A,A,A,A,A,A,A,A,B,C,D,D,D,E,1.0,draw
851,caste,2,B,B,B,B,B,B,B,B,B,B,B,B,B,C,D,E,E,E,E,D,1.0,draw
851,caste,3,C,C,C,C,C,C,C,C,C,C,C,C,C,E,E,D,C,C,C,C,1.0,draw
851,caste,4,D,D,D,D,D,D,D,D,D,D,D,D,D,D,C,B,B,B,B,B,1.0,draw
851,caste,5,E,E,E,E,E,E,E,E,E,E,E,E,E,B,A,A,A,A,A,A,1.0,draw
851,caste,6,skip,skip,skip,skip,skip,skip,skip,skip,skip,skip,skip,skip,skip,skip,skip,skip,skip,skip,skip,skip,0.0,draw
852,caste,1,A,A,A,A,A,A,A,A,A,A,A,A,A,A,B,C,D,D,D,E,1.0,draw
852,caste,2,B,B,B,B,B,B,B,B,B,B,B,B,B,C,D,E,E,E,E,D,1.0,draw
852,caste,3,C,C,C,C,C,C,C,C,C,C,C,C,C,E,E,D,C,C,C,C,1.0,draw
852,caste,4,D,D,D,D,D,D,D,D,D,D,D,D,D,D,C,B,B,B,B,B,1.0,draw
852,caste,5,E,E,E,E,E,E,E,E,E,E,E,E,E,B,A,A,A,A,A,A,1.0,draw
852,caste,6,skip,skip,skip,skip,skip,skip,skip,skip,skip,skip,skip,skip,skip,skip,skip,skip,skip,skip,skip,skip,0.0,draw
853,caste,1,A,A,A,A,A,A,A,A,A,A,A,A,A,A,B,C,D,D,D,E,1.0,draw
853,caste,2,B,B,B,B,B,B,B,B,B,B,B,B,B,C,D,E,E,E,E,D,1.0,draw
853,caste,3,C,C,C,C,C,C,C,C,C,C,C,C,C,E,E,D,C,C,C,C,1.0,draw
853,caste,4,D,D,D,D,D,D,D,D,D,D,D,D,D,D,C,B,B,B,B,B,1.0,draw
853,caste,5,E,E,E,E,E,E,E,E,E,E,E,E,E,B,A,A,A,A,A,A,1.0,draw
853,caste,6,skip,skip,skip,skip,skip,skip,skip,skip,skip,skip,skip,skip,skip,skip,skip,skip,skip,skip,skip,skip,0.0,draw
854,caste,1,A,A,A,A,A,A,A,A,A,A,A,A,A,A,B,C,D,D,D,E,1.0,draw
854,caste,2,B,B,B,B,B,B,B,B,B,B,B,B,B,C,D,E,E,E,E,D,1.0,draw
854,caste,3,C,C,C,C,C,C,C,C,C,C,C,C,C,E,E,D,C,C,C,C,1.0,draw
854,caste,4,D,D,D,D,D,D,D,D,D,D,D,D,D,D,C,B,B,B,B,B,1.0,draw
854,caste,5,E,E,E,E,E,E,E,E,E,E,E,E,E,B,A,A,A,A,A,A,1.0,draw
854,caste,6,skip,skip,skip,skip,skip,skip,skip,skip,skip,skip,skip,skip,skip,skip,skip,skip,skip,skip,skip,skip,0.0,draw
855,caste,1,A,A,A,A,A,A,A,A,A,A,A,A,A,A,B,C,D,D,D,E,1.0,draw
855,caste,2,B,B,B,B,B,B,B,B,B,B,B,B,B,C,D,E,E,E,E,D,1.0,draw
855,caste,3,C,C,C,C,C,C,C,C,C,C,C,C,C,E,E,D,C,C,C,C,1.0,draw
855,caste,4,D,D,D,D,D,D,D,D,D,D,D,D,D,D,C,B,B,B,B,B,1.0,draw
855,caste,5,E,E,E,E,E,E,E,E,E,E,E,E,E,B,A,A,A,A,A,A,1.0,draw
855,caste,6,skip,skip,skip,skip,skip,skip,skip,skip,skip,skip,skip,skip,skip,skip,skip,skip,skip,skip,skip,skip,0.0,draw
856,random,1,D,B,D,skip,E,A,E,skip,B,E,D,D,A,B,B,A,B,B,A,A,0.3,equalize
856,equalize,2,B,A,C,E,B,B,B,D,D,C,C,B,C,E,D,D,E,C,C,A,0.7,equalize
856,equalize,3,C,B,D,C,C,C,C,B,B,D,D,C,B,C,C,C,D,D,D,D,0.55,equalize
856,random,4,skip,E,A,E,skip,E,E,A,skip,C,skip,C,B,B,A,skip,skip,skip,E,A,0.25,equalize
856,random,5,E,skip,A,D,A,A,E,C,B,D,A,D,D,A,B,C,E,E,B,D,0.45,equalize
856,random,6,D,A,A,A,E,A,skip,skip,E,B,E,A,B,B,E,E,skip,A,C,D,0.4,equalize
857,random,1,A,skip,B,skip,B,C,C,B,B,E,E,A,skip,A,skip,E,skip,C,C,skip,0.25,equalize
857,random,2,D,A,C,C,skip,A,A,D,B,C,C,B,E,C,A,C,B,C,A,B,0.35,equalize
857,equalize,3,C,A,E,A,D,A,E,B,C,E,A,A,C,C,D,C,D,D,D,D,0.55,equalize
857,random,4,skip,skip,B,B,C,A,skip,E,skip,E,skip,skip,B,C,D,C,E,E,C,A,0.3,equalize
857,random,5,D,C,D,C,B,D,D,A,B,B,E,E,A,skip,E,A,B,C,skip,D,0.45,equalize
857,equalize,6,skip,B,B,E,E,E,D,E,E,D,D,D,D,D,A,B,B,A,A,B,0.6,equalize
858,random,1,skip,skip,D,skip,D,C,E,A,C,A,B,D,A,E,skip,skip,skip,A,A,skip,0.15,equalize
858,random,2,E,C,C,E,C,A,B,B,A,skip,B,skip,C,D,D,skip,B,C,D,D,0.5,equalize
858,equalize,3,C,E,E,A,A,E,D,D,D,D,B,D,A,C,A,B,E,B,B,B,0.55,equalize
858,equalize,4,D,C,B,D,D,B,E,B,E,B,E,E,E,E,B,C,B,E,E,E,0.5,equalize
858,random,5,A,skip,B,C,A,C,D,A,skip,D,skip,B,E,E,A,C,A,C,D,C,0.25,equalize
858,random,6,skip,A,B,skip,A,B,E,C,C,C,skip,D,A,C,D,D,D,A,C,B,0.3,equalize
859,random,1,D,B,C,B,B,B,C,D,skip,E,E,skip,D,E,skip,B,A,D,skip,skip,0.25,equalize
859,equalize,2,B,A,E,A,E,D,D,A,B,C,E,B,D,E,A,A,B,D,A,D,0.4,equalize
859,random,3,B,C,D,skip,B,E,C,D,B,C,D,C,skip,E,D,D,B,E,C,skip,0.1,equalize
859,random,4,B,A,E,C,E,skip,skip,C,B,A,E,skip,A,skip,E,C,B,C,E,C,0.35,equalize
859,equalize,5,E,C,D,C,A,E,C,D,A,A,D,A,B,B,B,B,A,E,C,A,0.3,equalize
859,random,6,D,skip,skip,A,A,E,skip,D,E,C,C,A,skip,C,C,D,A,B,D,skip,0.3,equalize
860,random,1,skip,skip,C,skip,C,A,D,B,E,E,B,D,A,D,D,skip,C,A,E,skip,0.25,equalize
860,random,2,A,skip,C,E,A,D,A,E,C,E,skip,B,skip,E,A,C,A,D,B,E,0.4,equalize
860,equalize,3,C,A,D,A,B,B,B,A,C,D,D,D,D,E,A,E,C,B,E,C,0.5,equalize
860,random,4,B,E,C,skip,C,D,B,skip,skip,A,C,A,B,B,C,C,skip,B,D,B,0.35,equalize
860,equalize,5,E,D,B,B,D,D,A,E,A,B,B,A,A,C,D,B,D,A,D,A,0.5,equalize
860,random,6,E,C,D,skip,E,C,E,skip,skip,E,B,C,skip,skip,E,E,skip,B,D,B,0.3,equalize
861,random,1,D,skip,skip,C,A,B,A,E,skip,skip,E,D,C,E,E,E,C,D,skip,E,0.1,equalize
861,random,2,B,E,E,C,C,A,B,E,B,skip,B,C,A,A,C,D,skip,D,skip,skip,0.5,equalize
861,random,3,E,A,C,E,D,C,C,D,E,D,E,A,skip,skip,skip,B,E,B,B,E,0.45,equalize
861,random,4,D,B,C,D,B,B,B,B,skip,A,A,A,C,B,E,E,C,C,D,skip,0.2,equalize
861,equalize,5,E,C,C,D,B,E,E,A,A,C,D,D,E,D,E,D,A,B,B,A,0.55,equalize
861,equalize,6,skip,B,A,A,A,D,D,E,D,A,C,C,B,B,D,B,C,A,A,C,0.55,equalize
862,equalize,1,A,E,D,D,C,A,A,C,E,D,C,E,B,B,B,A,A,A,D,E,0.45,equalize
862,equalize,2,B,A,A,A,E,D,D,B,A,A,A,D,C,A,D,C,D,B,A,C,0.4,equalize
862,random,3,skip,skip,B,skip,skip,E,C,B,C,D,A,C,E,skip,C,B,skip,B,A,E,0.3,equalize
862,random,4,skip,B,skip,skip,E,skip,D,C,skip,B,C,D,E,A,D,C,B,B,skip,D,0.15,equalize
862,random,5,D,C,B,D,C,C,A,A,E,E,D,skip,E,D,E,C,E,E,skip,skip,0.5,equalize
862,random,6,C,E,E,skip,B,B,E,D,B,B,A,E,C,skip,B,skip,D,skip,B,B,0.45,equalize
863,equalize,1,A,B,B,A,C,A,A,A,B,A,C,E,E,E,E,A,E,E,B,E,0.45,equalize
863,random,2,D,D,E,E,D,C,A,E,B,D,B,skip,D,C,C,B,C,D,B,C,0.45,equalize
863,equalize,3,C,A,C,C,B,E,B,E,A,E,A,C,C,C,B,E,B,A,E,A,0.65,equalize
863,random,4,skip,skip,E,skip,B,D,D,E,B,skip,C,A,D,C,C,C,skip,C,A,D,0.25,equalize
863,random,5,D,skip,D,D,C,skip,B,D,skip,B,skip,A,skip,D,C,skip,D,E,B,E,0.25,equalize
863,random,6,E,D,B,B,C,E,C,C,D,A,A,B,A,E,D,A,D,A,D,D,0.45,equalize
864,equalize,1,A,B,E,E,A,C,A,E,E,E,C,E,E,B,B,D,A,C,D,D,0.4,equalize
864,random,2,E,D,D,D,E,C,skip,skip,C,B,A,E,C,E,B,C,E,C,C,A,0.2,equalize
864,random,3,skip,D,C,B,D,C,D,D,A,D,A,C,C,C,E,E,skip,A,E,D,0.45,equalize
864,random,4,A,C,E,E,B,skip,skip,D,skip,A,C,A,D,E,E,D,A,C,E,skip,0.1,equalize
864,random,5,D,C,B,D,E,skip,B,C,C,A,D,D,E,skip,B,D,skip,E,C,C,0.3,equalize
864,equalize,6,skip,C,B,A,B,A,B,A,A,B,E,B,B,D,A,A,B,B,B,A,0.6,equalize
865,random,1,E,C,E,C,skip,A,C,E,D,C,B,skip,skip,B,skip,skip,A,D,E,D,0.15,equalize
865,equalize,2,B,E,A,B,B,B,E,E,B,B,B,E,A,D,C,C,C,E,A,B,0.6,equalize
865,random,3,B,C,E,E,skip,D,A,A,A,C,D,skip,E,D,E,D,C,B,C,D,0.4,equalize
865,equalize,4,D,D,D,A,A,D,C,B,D,D,E,D,E,A,B,B,A,C,E,A,0.55,equalize
865,random,5,A,E,A,D,D,D,skip,C,E,C,B,skip,skip,E,A,B,E,skip,D,E,0.5,equalize
865,random,6,C,C,B,C,A,B,C,E,A,C,A,skip,B,A,D,B,D,D,E,C,0.35,equalize
866,random,1,A,A,E,E,C,B,C,D,B,E,E,C,C,E,D,C,E,skip,skip,D,0.3,equalize
866,random,2,A,skip,D,A,C,skip,E,skip,skip,C,C,C,A,E,E,skip,B,B,E,skip,0.3,equalize
866,random,3,C,E,E,D,skip,C,C,B,skip,skip,E,A,skip,A,skip,E,C,E,B,D,0.45,equalize
866,equalize,4,D,A,D,C,C,B,A,D,A,D,D,A,D,D,D,A,A,A,A,A,0.6,equalize
866,equalize,5,E,C,B,B,D,D,E,A,E,C,E,D,B,B,B,B,D,D,D,D,0.7,equalize
866,random,6,E,B,skip,B,A,B,B,skip,A,C,B,E,E,skip,E,E,skip,C,skip,D,0.35,equalize
867,random,1,B,skip,D,B,A,C,A,skip,C,D,D,E,skip,C,skip,C,skip,skip,E,skip,0.15,equalize
867,random,2,A,E,E,B,B,B,skip,B,skip,C,skip,C,D,C,B,C,skip,A,E,D,0.3,equalize
867,random,3,B,C,skip,E,B,B,D,skip,D,skip,skip,A,B,C,D,B,D,B,skip,skip,0.3,equalize
867,equalize,4,D,E,E,C,D,C,D,E,C,E,E,E,E,C,A,A,E,E,E,A,0.5,equalize
867,random,5,A,D,B,C,skip,C,A,D,B,skip,C,D,B,D,C,A,B,D,E,B,0.45,equalize
867,equalize,6,skip,C,B,A,A,D,A,D,E,A,A,A,B,E,E,E,A,A,D,C,0.55,equalize
868,equalize,1,A,E,A,D,C,E,D,E,C,D,D,D,E,A,B,C,A,A,C,E,0.4,equalize
868,random,2,D,A,E,A,skip,skip,E,A,A,A,E,A,D,E,B,C,E,A,D,B,0.35,equalize
868,random,3,D,skip,B,A,E,C,B,skip,A,E,C,D,E,skip,B,C,skip,D,C,C,0.1,equalize
868,equalize,4,D,B,B,E,E,C,C,C,B,C,C,C,C,B,C,E,E,D,A,B,0.4,equalize
868,random,5,skip,D,B,D,E,A,D,E,E,skip,B,C,C,D,D,B,A,C,A,skip,0.3,equalize
868,random,6,C,A,A,B,B,B,D,A,B,B,B,D,D,A,B,B,E,D,A,C,0.25,equalize
869,random,1,B,skip,E,skip,skip,D,D,B,A,skip,C,E,skip,D,C,B,A,D,A,C,0.2,equalize
869,equalize,2,B,A,C,D,C,E,E,A,A,D,D,B,B,B,B,B,A,D,E,D,0.3,equalize
869,random,3,E,B,C,C,B,C,E,C,C,D,skip,skip,A,E,D,C,A,skip,C,E,0.45,equalize
869,random,4,C,D,A,skip,C,A,C,C,B,C,A,C,B,D,A,E,E,C,E,C,0.4,equalize
869,random,5,D,A,E,D,A,C,D,E,E,E,E,A,E,skip,C,C,skip,skip,skip,D,0.35,equalize
869,equalize,6,skip,E,A,B,B,D,B,E,B,A,A,D,D,D,A,E,B,B,B,B,0.5,equalize
870,equalize,1,A,A,E,B,B,B,B,C,B,B,D,D,D,D,D,A,C,A,A,A,0.5,equalize
870,random,2,D,skip,C,E,B,A,skip,skip,skip,C,A,A,C,skip,B,A,C,B,skip,E,0.2,equalize
870,random,3,C,D,E,C,E,E,A,E,B,B,C,B,skip,A,B,D,E,E,E,E,0.35,equalize
870,random,4,skip,B,C,A,skip,D,B,E,D,E,C,E,A,D,D,B,D,E,C,C,0.3,equalize
870,equalize,5,E,C,D,A,A,D,A,D,D,A,A,B,E,E,E,E,D,B,C,B,0.5,equalize
870,random,6,skip,skip,E,D,C,E,A,C,C,C,skip,B,C,B,C,E,C,D,E,skip,0.3,equalize
871,rotate,1,A,B,C,D,E,skip,A,B,C,D,E,skip,A,B,C,D,E,skip,A,B,0.15,equalize
871,equalize,2,B,C,D,B,E,A,B,B,D,D,D,A,A,C,B,E,D,E,B,B,0.5,equalize
871,equalize,3,C,D,E,D,C,E,A,A,C,C,E,E,B,B,C,D,E,A,A,C,0.3,equalize
871,rotate,4,D,E,skip,A,B,C,D,E,skip,A,B,C,D,E,skip,A,B,C,D,E,0.85,equalize
871,rotate,5,E,skip,A,B,C,D,E,skip,A,B,C,D,E,skip,A,B,C,D,E,skip,0.7,equalize
871,rotate,6,skip,A,B,C,D,E,skip,A,B,C,D,E,skip,A,B,C,D,E,skip,A,0.4,equalize
872,rotate,1,A,B,C,D,E,skip,A,B,C,D,E,skip,A,B,C,D,E,skip,A,B,0.65,rotate
872,rotate,2,B,C,D,E,skip,A,B,C,D,E,skip,A,B,C,D,E,skip,A,B,C,0.2,rotate
872,equalize,3,C,D,E,E,C,D,E,A,A,E,B,A,B,A,A,E,E,A,E,B,0.25,rotate
872,rotate,4,D,E,skip,A,B,C,D,E,skip,A,B,C,D,E,skip,A,B,C,D,E,0.8,rotate
872,rotate,5,E,skip,A,B,C,D,E,skip,A,B,C,D,E,skip,A,B,C,D,E,skip,0.15,rotate
872,equalize,6,skip,A,C,B,D,A,B,C,B,D,C,D,E,C,D,B,C,D,B,C,0.15,rotate
873,rotate,1,A,B,C,D,E,skip,A,B,C,D,E,skip,A,B,C,D,E,skip,A,B,0.65,equalize
873,rotate,2,B,C,D,E,skip,A,B,C,D,E,skip,A,B,C,D,E,skip,A,B,C,0.25,equalize
873,equalize,3,C,D,E,D,B,B,C,C,E,D,A,A,B,D,E,C,D,A,C,B,0.55,equalize
873,equalize,4,D,E,skip,C,A,A,B,A,D,E,E,B,C,C,D,E,A,B,B,A,0.35,equalize
873,rotate,5,E,skip,A,B,C,D,E,skip,A,B,C,D,E,skip,A,B,C,D,E,skip,0.8,equalize
873,rotate,6,skip,A,B,C,D,E,skip,A,B,C,D,E,skip,A,B,C,D,E,skip,A,0.55,equalize
874,rotate,1,A,B,C,D,E,skip,A,B,C,D,E,skip,A,B,C,D,E,skip,A,B,0.15,rotate
874,equalize,2,B,C,D,D,C,B,D,B,A,A,B,E,A,E,B,D,D,B,D,B,0.25,rotate
874,rotate,3,C,D,E,skip,A,B,C,D,E,skip,A,B,C,D,E,skip,A,B,C,D,0.75,rotate
874,rotate,4,D,E,skip,A,B,C,D,E,skip,A,B,C,D,E,skip,A,B,C,D,E,0.2,rotate
874,equalize,5,E,skip,B,A,E,C,A,E,C,D,E,C,D,B,C,A,E,C,A,E,0.05,rotate
874,rotate,6,skip,A,B,C,D,E,skip,A,B,C,D,E,skip,A,B,C,D,E,skip,A,0.6,rotate
875,rotate,1,A,B,C,D,E,skip,A,B,C,D,E,skip,A,B,C,D,E,skip,A,B,0.65,rotate
875,rotate,2,B,C,D,E,skip,A,B,C,D,E,skip,A,B,C,D,E,skip,A,B,C,0.25,rotate
875,equalize,3,C,D,E,E,C,B,D,A,D,A,E,A,B,C,B,E,B,A,B,C,0.25,rotate
875,rotate,4,D,E,skip,A,B,C,D,E,skip,A,B,C,D,E,skip,A,B,C,D,E,0.3,rotate
875,equalize,5,E,skip,B,A,D,A,C,B,C,E,B,C,D,E,D,A,D,C,A,E,0.1,rotate
875,rotate,6,skip,A,B,C,D,E,skip,A,B,C,D,E,skip,A,B,C,D,E,skip,A,0.55,rotate
876,rotate,1,A,B,C,D,E,skip,A,B,C,D,E,skip,A,B,C,D,E,skip,A,B,0.65,equalize
876,rotate,2,B,C,D,E,skip,A,B,C,D,E,skip,A,B,C,D,E,skip,A,B,C,0.75,equalize
876,rotate,3,C,D,E,skip,A,B,C,D,E,skip,A,B,C,D,E,skip,A,B,C,D,0.75,equalize
876,rotate,4,D,E,skip,A,B,C,D,E,skip,A,B,C,D,E,skip,A,B,C,D,E,0.35,equalize
876,equalize,5,E,skip,B,D,C,E,C,B,D,B,C,C,E,E,A,A,B,D,D,E,0.45,equalize
876,equalize,6,skip,A,C,A,B,D,E,A,A,E,B,D,D,A,B,C,C,E,C,B,0.55,equalize
877,equalize,1,A,B,A,C,E,E,E,B,B,C,D,E,A,A,B,C,D,E,A,A,0.3,equalize
877,equalize,2,B,C,D,D,D,C,A,A,C,B,E,D,E,B,C,D,C,B,E,B,0.55,equalize
877,rotate,3,C,D,E,skip,A,B,C,D,E,skip,A,B,C,D,E,skip,A,B,C,D,0.8,equalize
877,rotate,4,D,E,skip,A,B,C,D,E,skip,A,B,C,D,E,skip,A,B,C,D,E,0.8,equalize
877,rotate,5,E,skip,A,B,C,D,E,skip,A,B,C,D,E,skip,A,B,C,D,E,skip,0.45,equalize
877,rotate,6,skip,A,B,C,D,E,skip,A,B,C,D,E,skip,A,B,C,D,E,skip,A,0.1,equalize
878,equalize,1,A,B,A,C,D,D,B,B,B,D,D,E,B,A,B,C,B,E,B,C,0.2,equalize
878,rotate,2,B,C,D,E,skip,A,B,C,D,E,skip,A,B,C,D,E,skip,A,B,C,0.3,equalize
878,equalize,3,C,D,E,E,C,A,E,A,C,C,E,A,D,C,D,E,D,A,A,A,0.3,equalize
878,rotate,4,D,E,skip,A,B,C,D,E,skip,A,B,C,D,E,skip,A,B,C,D,E,0.75,equalize
878,rotate,5,E,skip,A,B,C,D,E,skip,A,B,C,D,E,skip,A,B,C,D,E,skip,0.6,equalize
878,rotate,6,skip,A,B,C,D,E,skip,A,B,C,D,E,skip,A,B,C,D,E,skip,A,0.15,equalize
879,equalize,1,A,B,A,B,D,D,E,A,A,C,C,D,E,E,B,B,D,D,E,B,0.4,equalize
879,rotate,2,B,C,D,E,skip,A,B,C,D,E,skip,A,B,C,D,E,skip,A,B,C,0.85,equalize
879,rotate,3,C,D,E,skip,A,B,C,D,E,skip,A,B,C,D,E,skip,A,B,C,D,0.85,equalize
879,rotate,4,D,E,skip,A,B,C,D,E,skip,A,B,C,D,E,skip,A,B,C,D,E,0.5,equalize
879,rotate,5,E,skip,A,B,C,D,E,skip,A,B,C,D,E,skip,A,B,C,D,E,skip,0.1,equalize
879,equalize,6,skip,A,C,C,B,E,D,E,B,B,D,C,A,A,A,C,C,E,D,E,0.5,equalize
880,rotate,1,A,B,C,D,E,skip,A,B,C,D,E,skip,A,B,C,D,E,skip,A,B,0.2,rotate
880,equalize,2,B,C,D,B,E,B,C,B,D,E,E,A,A,D,E,B,A,B,C,B,0.3,rotate
880,rotate,3,C,D,E,skip,A,B,C,D,E,skip,A,B,C,D,E,skip,A,B,C,D,0.2,rotate
880,equalize,4,D,E,skip,C,A,E,A,D,C,D,A,B,C,B,C,D,E,E,A,D,0.1,rotate
880,rotate,5,E,skip,A,B,C,D,E,skip,A,B,C,D,E,skip,A,B,C,D,E,skip,0.7,rotate
880,rotate,6,skip,A,B,C,D,E,skip,A,B,C,D,E,skip,A,B,C,D,E,skip,A,0.65,rotate
881,rotate,1,A,B,C,D,E,skip,A,B,C,D,E,skip,A,B,C,D,E,skip,A,B,0.6,rotate
881,rotate,2,B,C,D,E,skip,A,B,C,D,E,skip,A,B,C,D,E,skip,A,B,C,0.7,rotate
881,rotate,3,C,D,E,skip,A,B,C,D,E,skip,A,B,C,D,E,skip,A,B,C,D,0.25,rotate
881,equalize,4,D,E,skip,C,A,B,C,D,E,D,A,C,D,D,B,E,A,C,D,A,0.3,rotate
881,equalize,5,E,skip,B,A,D,E,A,B,C,E,B,A,C,B,E,A,D,B,C,E,0.25,rotate
881,rotate,6,skip,A,B,C,D,E,skip,A,B,C,D,E,skip,A,B,C,D,E,skip,A,0.45,rotate
882,rotate,1,A,B,C,D,E,skip,A,B,C,D,E,skip,A,B,C,D,E,skip,A,B,0.65,rotate
882,rotate,2,B,C,D,E,skip,A,B,C,D,E,skip,A,B,C,D,E,skip,A,B,C,0.8,rotate
882,rotate,3,C,D,E,skip,A,B,C,D,E,skip,A,B,C,D,E,skip,A,B,C,D,0.25,rotate
882,equalize,4,D,E,skip,D,C,D,C,A,B,A,E,A,C,D,E,C,C,B,C,A,0.35,rotate
882,rotate,5,E,skip,A,B,C,D,E,skip,A,B,C,D,E,skip,A,B,C,D,E,skip,0.15,rotate
882,equalize,6,skip,A,C,B,A,B,E,D,E,B,C,D,E,B,A,B,A,D,E,D,0.05,rotate
883,equalize,1,A,B,A,C,D,E,C,A,E,C,E,E,C,A,E,C,A,B,C,D,0.15,rotate
883,rotate,2,B,C,D,E,skip,A,B,C,D,E,skip,A,B,C,D,E,skip,A,B,C,0.6,rotate
883,rotate,3,C,D,E,skip,A,B,C,D,E,skip,A,B,C,D,E,skip,A,B,C,D,0.4,rotate
883,equalize,4,D,E,skip,B,C,A,D,B,B,D,D,A,B,D,B,E,D,E,A,C,0.3,rotate
883,rotate,5,E,skip,A,B,C,D,E,skip,A,B,C,D,E,skip,A,B,C,D,E,skip,0.65,rotate
883,rotate,6,skip,A,B,C,D,E,skip,A,B,C,D,E,skip,A,B,C,D,E,skip,A,0.15,rotate
884,rotate,1,A,B,C,D,E,skip,A,B,C,D,E,skip,A,B,C,D,E,skip,A,B,0.15,rotate
884,equalize,2,B,C,D,A,D,C,A,E,C,D,E,B,A,A,A,B,E,E,E,C,0.35,rotate
884,rotate,3,C,D,E,skip,A,B,C,D,E,skip,A,B,C,D,E,skip,A,B,C,D,0.8,rotate
884,rotate,4,D,E,skip,A,B,C,D,E,skip,A,B,C,D,E,skip,A,B,C,D,E,0.7,rotate
884,rotate,5,E,skip,A,B,C,D,E,skip,A,B,C,D,E,skip,A,B,C,D,E,skip,0.15,rotate
884,equalize,6,skip,A,C,B,E,D,E,B,A,B,C,D,E,B,C,D,C,D,A,B,0.05,rotate
885,equalize,1,A,B,A,D,B,C,C,A,D,A,B,C,E,E,C,C,D,C,A,A,0.35,equalize
885,rotate,2,B,C,D,E,skip,A,B,C,D,E,skip,A,B,C,D,E,skip,A,B,C,0.8,equalize
885,rotate,3,C,D,E,skip,A,B,C,D,E,skip,A,B,C,D,E,skip,A,B,C,D,0.8,equalize
885,rotate,4,D,E,skip,A,B,C,D,E,skip,A,B,C,D,E,skip,A,B,C,D,E,0.2,equalize
885,equalize,5,E,skip,B,C,D,E,A,E,B,C,D,E,D,A,B,A,B,E,D,E,0.1,equalize
885,rotate,6,skip,A,B,C,D,E,skip,A,B,C,D,E,skip,A,B,C,D,E,skip,A,0.05,equalize
886,random3,1,C,C,C,A,C,A,A,B,B,B,E,E,E,E,E,E,E,E,E,E,0.4,equalize
886,equalize,2,B,A,C,A,C,B,A,C,A,A,A,A,C,A,A,C,C,E,A,E,0.45,equalize
886,equalize,3,C,D,B,B,D,A,C,E,C,C,C,C,D,C,C,A,A,D,C,A,0.45,equalize
886,random3,4,A,A,B,B,B,B,B,B,B,B,B,B,B,B,B,D,D,D,D,D,0.55,equalize
886,random3,5,E,E,E,E,E,E,E,E,E,E,E,A,D,D,B,B,B,B,B,B,0.65,equalize
886,random3,6,E,D,D,D,D,D,D,D,D,D,D,D,D,D,C,C,C,C,C,C,0.55,equalize
887,random3,1,E,E,E,E,E,E,E,E,E,E,E,E,E,E,E,B,A,A,A,A,0.55,equalize
887,random3,2,B,B,B,C,C,C,C,C,C,C,C,C,C,C,E,E,E,E,E,E,0.7,equalize
887,equalize,3,C,C,A,D,C,E,C,D,B,D,D,D,D,D,D,D,D,D,C,D,0.6,equalize
887,random3,4,E,A,A,A,A,A,A,A,B,B,B,D,B,B,B,B,B,B,B,B,0.5,equalize
887,random3,5,D,D,D,D,B,B,B,B,B,B,B,E,E,C,C,C,C,C,C,B,0.5,equalize
887,equalize,6,skip,A,B,C,B,D,D,A,D,A,A,A,A,A,A,A,A,A,D,A,0.55,equalize
888,random3,1,E,E,E,E,E,E,E,E,E,E,E,E,E,E,E,B,B,B,E,E,0.6,equalize
888,random3,2,A,A,A,A,A,A,A,C,C,C,D,D,D,D,D,B,B,B,E,D,0.4,equalize
888,equalize,3,C,A,B,B,B,B,C,B,D,C,C,C,D,B,E,C,E,D,C,C,0.6,equalize
888,equalize,4,D,B,C,C,C,C,A,C,C,A,A,A,C,C,C,B,C,C,E,D,0.45,equalize
888,random3,5,D,B,D,D,D,D,D,D,D,A,A,A,A,A,A,A,A,A,A,A,0.6,equalize
888,random3,6,E,E,E,D,D,B,B,B,B,B,B,B,B,B,D,B,B,B,B,B,0.4,equalize
889,random3,1,C,A,D,D,D,D,D,D,D,D,D,D,D,D,D,D,D,E,D,D,0.45,equalize
889,equalize,2,B,A,D,A,D,D,A,A,A,A,A,A,A,A,B,B,A,A,B,B,0.55,equalize
889,random3,3,C,C,C,C,C,C,C,C,C,C,C,C,C,C,C,C,C,C,C,C,0.85,equalize
889,random3,4,C,C,C,A,E,E,E,E,E,E,E,E,E,A,A,D,D,B,B,B,0.25,equalize
889,equalize,5,E,E,E,E,A,A,D,E,E,D,B,E,B,B,A,D,B,B,A,A,0.55,equalize
889,random3,6,B,B,B,B,B,B,B,B,B,B,B,E,E,A,E,E,E,E,D,E,0.65,equalize
890,random3,1,D,D,D,A,A,A,A,A,A,E,E,C,E,E,B,E,E,E,E,E,0.3,equalize
890,random3,2,A,A,B,B,B,B,B,B,D,E,A,A,A,A,A,A,A,A,A,A,0.55,equalize
890,equalize,3,C,A,E,E,B,E,B,E,A,E,B,C,E,C,B,E,B,B,A,B,0.4,equalize
890,random3,4,D,D,D,D,C,C,C,C,C,C,B,B,B,C,C,C,C,C,C,C,0.45,equalize
890,equalize,5,E,C,C,A,E,C,E,B,B,C,E,A,B,E,C,A,E,C,B,E,0.35,equalize
890,random3,6,D,D,D,D,D,D,D,D,D,D,D,D,D,D,D,D,D,D,D,D,0.75,equalize
891,random3,1,E,E,E,E,E,E,E,E,E,E,E,E,E,E,E,E,E,E,E,E,0.85,equalize
891,random3,2,B,C,B,B,B,B,B,B,B,B,B,B,B,B,B,B,B,B,B,B,0.75,equalize
891,random3,3,B,C,B,B,B,A,A,A,E,A,A,E,A,C,C,D,D,D,D,D,0.0,equalize
891,random3,4,D,D,D,D,D,D,D,D,D,D,D,D,D,D,D,D,D,D,D,D,0.6,equalize
891,equalize,5,E,C,A,C,C,C,C,A,E,D,A,C,A,C,C,C,C,C,C,C,0.55,equalize
891,equalize,6,skip,D,B,A,A,A,A,C,C,A,C,D,C,A,A,A,A,A,A,A,0.65,equalize
892,equalize,1,A,E,E,E,D,C,E,C,E,B,E,D,E,D,E,A,E,A,E,D,0.5,random3
892,equalize,2,B,B,B,C,E,E,B,E,D,E,C,E,B,E,D,E,D,E,B,E,0.5,random3
892,random3,3,A,A,B,B,B,B,B,B,B,B,B,B,B,B,B,B,B,B,B,D,0.6,random3
892,random3,4,C,C,C,C,E,C,C,C,C,C,C,C,C,D,D,C,C,A,A,A,0.45,random3
892,random3,5,D,D,D,D,D,D,D,D,D,D,D,D,C,C,C,C,C,A,C,C,0.65,random3
892,random3,6,A,A,A,A,A,A,A,A,A,A,A,A,A,A,A,A,D,D,D,D,0.75,random3
893,equalize,1,A,D,D,A,E,A,A,D,A,D,A,A,A,A,A,A,A,A,A,A,0.65,equalize
893,random3,2,C,C,C,C,B,B,B,B,B,B,B,B,B,B,B,B,B,B,B,B,0.7,equalize
893,equalize,3,C,B,A,D,D,D,D,E,D,E,D,D,D,D,D,D,D,D,D,D,0.65,equalize
893,random3,4,C,B,B,B,B,B,E,E,E,E,E,E,E,A,E,E,E,E,E,E,0.5,equalize
893,random3,5,E,E,E,E,E,A,A,A,A,E,E,E,E,D,D,C,C,C,A,A,0.25,equalize
893,random3,6,C,B,A,C,C,C,C,C,C,C,C,C,C,C,C,C,C,C,B,B,0.55,equalize
894,equalize,1,A,E,A,A,A,D,A,E,A,E,E,E,E,E,A,E,D,D,A,A,0.75,equalize
894,random3,2,C,C,C,C,C,C,C,C,C,C,C,C,B,E,E,E,E,E,E,E,0.65,equalize
894,random3,3,B,B,B,B,B,B,B,B,B,B,B,B,B,B,B,B,B,B,B,B,0.65,equalize
894,random3,4,C,E,E,E,D,D,D,D,D,D,D,D,D,D,D,A,A,A,C,C,0.5,equalize
894,random3,5,B,B,B,E,E,E,E,E,B,B,B,C,C,C,C,C,C,C,C,D,0.45,equalize
894,equalize,6,skip,D,D,D,D,A,C,A,C,A,A,A,A,A,D,A,A,A,D,D,0.55,equalize
895,random3,1,D,D,D,D,D,D,D,C,D,D,D,D,D,D,D,D,D,D,D,D,0.6,equalize
895,equalize,2,B,A,C,D,C,A,D,C,C,C,C,A,C,A,C,D,C,C,E,C,0.55,equalize
895,random3,3,E,E,E,E,E,E,E,E,E,E,E,E,E,E,E,E,E,E,E,E,0.75,equalize
895,equalize,4,D,C,E,C,A,C,A,A,A,E,A,C,A,C,E,C,A,A,D,A,0.6,equalize
895,random3,5,B,B,B,B,B,B,B,B,B,B,B,B,B,B,B,B,B,B,B,C,0.5,equalize
895,random3,6,B,B,A,A,A,E,B,B,D,D,A,A,A,A,B,B,B,B,B,C,0.1,equalize
896,random3,1,D,D,E,E,E,E,E,E,E,E,E,E,E,E,E,E,E,E,C,C,0.55,equalize
896,random3,2,A,A,A,A,A,A,A,C,C,B,B,B,C,C,C,C,C,C,C,C,0.4,equalize
896,random3,3,E,B,B,B,B,B,B,B,B,B,B,B,B,B,B,B,B,B,B,B,0.65,equalize
896,equalize,4,D,B,C,C,E,C,A,C,C,A,A,A,A,A,E,C,A,E,A,E,0.55,equalize
896,equalize,5,E,C,B,A,C,E,C,B,A,C,C,C,C,E,C,A,D,A,C,A,0.5,equalize
896,random3,6,D,D,D,D,D,D,D,D,D,D,D,D,D,D,D,D,D,D,D,D,0.85,equalize
897,random3,1,D,D,D,D,D,D,D,D,D,D,D,D,D,D,A,A,A,C,A,A,0.6,equalize
897,random3,2,D,D,E,B,B,B,B,B,B,B,B,B,B,B,B,B,B,B,B,B,0.7,equalize
897,random3,3,B,B,B,B,B,E,E,E,E,E,E,E,E,E,E,E,E,E,E,E,0.6,equalize
897,equalize,4,D,C,C,B,C,C,E,C,E,C,E,C,A,C,A,C,C,C,C,C,0.6,equalize
897,random3,5,A,A,A,A,A,A,A,A,A,A,E,A,A,E,A,A,A,A,A,E,0.45,equalize
897,equalize,6,skip,E,E,C,E,E,C,A,C,A,C,A,C,D,C,D,D,D,D,B,0.6,equalize
898,equalize,1,A,C,D,E,C,C,E,C,D,C,D,C,B,C,B,C,B,B,B,B,0.55,random3
898,random3,2,A,C,C,E,E,B,E,E,A,E,D,D,D,D,D,D,D,D,D,D,0.35,random3
898,random3,3,A,E,D,D,D,D,D,D,D,E,E,E,E,E,E,E,E,C,C,C,0.45,random3
898,equalize,4,D,E,C,D,E,B,C,E,C,E,C,D,C,D,C,E,C,C,C,C,0.35,random3
898,random3,5,A,A,A,A,A,A,A,A,A,A,A,A,A,A,A,A,A,A,A,A,0.85,random3
898,random3,6,B,B,B,B,B,B,B,B,B,B,B,B,B,D,B,E,E,A,E,E,0.65,random3
899,random3,1,E,E,E,E,E,E,E,E,E,E,E,E,E,C,C,C,C,C,C,C,0.55,random3
899,equalize,2,B,C,D,A,B,A,A,B,A,C,A,C,C,C,A,B,A,C,D,D,0.5,random3
899,random3,3,D,D,D,D,D,D,D,D,D,D,D,D,D,D,D,D,D,A,A,E,0.65,random3
899,random3,4,A,A,A,A,B,B,E,B,B,B,B,B,B,B,B,B,B,B,B,B,0.65,random3
899,random3,5,B,C,C,C,C,C,C,C,C,C,E,E,E,E,E,E,E,E,E,E,0.6,random3
899,equalize,6,skip,E,B,C,E,B,D,A,B,A,D,A,A,A,C,A,D,A,A,A,0.4,random3
900,equalize,1,A,C,D,C,C,B,D,B,C,E,C,D,D,E,D,E,E,E,E,E,0.7,equalize
900,random3,2,B,B,E,E,E,E,E,E,E,E,E,E,C,C,D,D,D,D,A,D,0.4,equalize
900,random3,3,A,D,D,B,B,D,D,D,D,D,D,A,C,C,D,D,D,D,B,B,0.2,equalize
900,random3,4,A,A,E,E,A,A,A,B,B,A,A,A,A,A,A,A,A,A,A,A,0.45,equalize
900,equalize,5,E,B,E,D,B,D,C,C,D,C,D,E,C,C,C,C,C,C,C,C,0.55,equalize
900,random3,6,A,A,A,A,A,A,A,B,B,B,B,B,B,B,B,B,B,B,B,B,0.55,equalize
901,radicaleq,1,A,B,A,C,D,skip,A,C,D,B,E,skip,D,C,B,E,A,skip,D,B,0.85,radicaleq
901,equalize,2,B,C,D,E,skip,A,C,D,B,E,skip,D,C,B,E,A,skip,D,B,C,0.85,radicaleq
901,equalize,3,C,D,E,skip,A,C,D,B,E,skip,D,C,B,E,A,skip,D,B,C,E,0.85,radicaleq
901,radicaleq,4,D,E,skip,A,C,D,B,E,skip,D,C,B,E,A,skip,D,B,C,E,A,0.85,radicaleq
901,radicaleq,5,E,skip,B,B,B,B,E,skip,C,C,B,E,A,skip,D,B,C,E,A,skip,0.8,radicaleq
901,radicaleq,6,skip,A,C,D,E,E,skip,A,A,A,A,A,skip,D,C,C,E,A,skip,D,0.8,radicaleq
902,radicaleq,1,A,B,A,C,D,skip,A,C,D,B,E,skip,D,C,B,E,A,skip,D,B,0.85,radicaleq
902,radicaleq,2,B,C,D,E,skip,A,C,D,B,E,skip,D,C,B,E,A,skip,D,B,C,0.85,radicaleq
902,equalize,3,C,D,E,skip,A,C,D,B,E,skip,D,C,B,E,A,skip,D,B,C,E,0.85,radicaleq
902,radicaleq,4,D,E,skip,A,C,D,B,E,skip,D,C,B,E,A,skip,D,B,C,E,A,0.85,radicaleq
902,radicaleq,5,E,skip,B,B,B,B,E,skip,C,C,B,E,A,skip,D,B,C,E,A,skip,0.8,radicaleq
902,equalize,6,skip,A,C,D,E,E,skip,A,A,A,A,A,skip,D,C,C,E,A,skip,D,0.8,radicaleq
903,radicaleq,1,A,B,A,C,D,skip,A,C,D,B,E,skip,D,C,B,E,A,skip,D,B,0.85,radicaleq
903,radicaleq,2,B,C,D,E,skip,A,C,D,B,E,skip,D,C,B,E,A,skip,D,B,C,0.85,radicaleq
903,equalize,3,C,D,E,skip,A,C,D,B,E,skip,D,C,B,E,A,skip,D,B,C,E,0.85,radicaleq
903,equalize,4,D,E,skip,A,C,D,B,E,skip,D,C,B,E,A,skip,D,B,C,E,A,0.85,radicaleq
903,radicaleq,5,E,skip,B,B,B,B,E,skip,C,C,B,E,A,skip,D,B,C,E,A,skip,0.8,radicaleq
903,radicaleq,6,skip,A,C,D,E,E,skip,A,A,A,A,A,skip,D,C,C,E,A,skip,D,0.8,radicaleq
904,radicaleq,1,A,B,A,C,D,skip,A,C,D,B,E,skip,D,C,B,E,A,skip,D,B,0.85,radicaleq
904,equalize,2,B,C,D,E,skip,A,C,D,B,E,skip,D,C,B,E,A,skip,D,B,C,0.85,radicaleq
904,radicaleq,3,C,D,E,skip,A,C,D,B,E,skip,D,C,B,E,A,skip,D,B,C,E,0.85,radicaleq
904,radicaleq,4,D,E,skip,A,C,D,B,E,skip,D,C,B,E,A,skip,D,B,C,E,A,0.85,radicaleq
904,equalize,5,E,skip,B,B,B,B,E,skip,C,C,B,E,A,skip,D,B,C,E,A,skip,0.8,radicaleq
904,radicaleq,6,skip,A,C,D,E,E,skip,A,A,A,A,A,skip,D,C,C,E,A,skip,D,0.8,radicaleq
905,radicaleq,1,A,B,A,C,D,skip,A,C,D,B,E,skip,D,C,B,E,A,skip,D,B,0.85,radicaleq
905,radicaleq,2,B,C,D,E,skip,A,C,D,B,E,skip,D,C,B,E,A,skip,D,B,C,0.85,radicaleq
905,equalize,3,C,D,E,skip,A,C,D,B,E,skip,D,C,B,E,A,skip,D,B,C,E,0.85,radicaleq
905,radicaleq,4,D,E,skip,A,C,D,B,E,skip,D,C,B,E,A,skip,D,B,C,E,A,0.85,radicaleq
905,equalize,5,E,skip,B,B,B,B,E,skip,C,C,B,E,A,skip,D,B,C,E,A,skip,0.8,radicaleq
905,radicaleq,6,skip,A,C,D,E,E,skip,A,A,A,A,A,skip,D,C,C,E,A,skip,D,0.8,radicaleq
906,radicaleq,1,A,B,A,C,D,skip,A,C,D,B,E,skip,D,C,B,E,A,skip,D,B,0.85,radicaleq
906,radicaleq,2,B,C,D,E,skip,A,C,D,B,E,skip,D,C,B,E,A,skip,D,B,C,0.85,radicaleq
906,radicaleq,3,C,D,E,skip,A,C,D,B,E,skip,D,C,B,E,A,skip,D,B,C,E,0.85,radicaleq
906,radicaleq,4,D,E,skip,A,C,D,B,E,skip,D,C,B,E,A,skip,D,B,C,E,A,0.85,radicaleq
906,equalize,5,E,skip,B,B,B,B,E,skip,C,C,B,E,A,skip,D,B,C,E,A,skip,0.8,radicaleq
906,equalize,6,skip,A,C,D,E,E,skip,A,A,A,A,A,skip,D,C,C,E,A,skip,D,0.8,radicaleq
907,equalize,1,A,B,A,C,D,skip,A,C,D,B,E,skip,D,C,B,E,A,skip,D,B,0.85,radicaleq
907,equalize,2,B,C,D,E,skip,A,C,D,B,E,skip,D,C,B,E,A,skip,D,B,C,0.85,radicaleq
907,radicaleq,3,C,D,E,skip,A,C,D,B,E,skip,D,C,B,E,A,skip,D,B,C,E,0.85,radicaleq
907,radicaleq,4,D,E,skip,A,C,D,B,E,skip,D,C,B,E,A,skip,D,B,C,E,A,0.85,radicaleq
907,radicaleq,5,E,skip,B,B,B,B,E,skip,C,C,B,E,A,skip,D,B,C,E,A,skip,0.8,radicaleq
907,radicaleq,6,skip,A,C,D,E,E,skip,A,A,A,A,A,skip,D,C,C,E,A,skip,D,0.8,radicaleq
908,equalize,1,A,B,A,C,D,skip,A,C,D,B,E,skip,D,C,B,E,A,skip,D,B,0.85,radicaleq
908,radicaleq,2,B,C,D,E,skip,A,C,D,B,E,skip,D,C,B,E,A,skip,D,B,C,0.85,radicaleq
908,equalize,3,C,D,E,skip,A,C,D,B,E,skip,D,C,B,E,A,skip,D,B,C,E,0.85,radicaleq
908,radicaleq,4,D,E,skip,A,C,D,B,E,skip,D,C,B,E,A,skip,D,B,C,E,A,0.85,radicaleq
908,radicaleq,5,E,skip,B,B,B,B,E,skip,C,C,B,E,A,skip,D,B,C,E,A,skip,0.8,radicaleq
908,radicaleq,6,skip,A,C,D,E,E,skip,A,A,A,A,A,skip,D,C,C,E,A,skip,D,0.8,radicaleq
909,equalize,1,A,B,A,C,D,skip,A,C,D,B,E,skip,D,C,B,E,A,skip,D,B,0.85,radicaleq
909,radicaleq,2,B,C,D,E,skip,A,C,D,B,E,skip,D,C,B,E,A,skip,D,B,C,0.85,radicaleq
909,radicaleq,3,C,D,E,skip,A,C,D,B,E,skip,D,C,B,E,A,skip,D,B,C,E,0.85,radicaleq
909,radicaleq,4,D,E,skip,A,C,D,B,E,skip,D,C,B,E,A,skip,D,B,C,E,A,0.85,radicaleq
909,radicaleq,5,E,skip,B,B,B,B,E,skip,C,C,B,E,A,skip,D,B,C,E,A,skip,0.8,radicaleq
909,equalize,6,skip,A,C,D,E,E,skip,A,A,A,A,A,skip,D,C,C,E,A,skip,D,0.8,radicaleq
910,radicaleq,1,A,B,A,C,D,skip,A,C,D,B,E,skip,D,C,B,E,A,skip,D,B,0.85,radicaleq
910,equalize,2,B,C,D,E,skip,A,C,D,B,E,skip,D,C,B,E,A,skip,D,B,C,0.85,radicaleq
910,radicaleq,3,C,D,E,skip,A,C,D,B,E,skip,D,C,B,E,A,skip,D,B,C,E,0.85,radicaleq
910,equalize,4,D,E,skip,A,C,D,B,E,skip,D,C,B,E,A,skip,D,B,C,E,A,0.85,radicaleq
910,radicaleq,5,E,skip,B,B,B,B,E,skip,C,C,B,E,A,skip,D,B,C,E,A,skip,0.8,radicaleq
910,radicaleq,6,skip,A,C,D,E,E,skip,A,A,A,A,A,skip,D,C,C,E,A,skip,D,0.8,radicaleq
911,radicaleq,1,A,B,A,C,D,skip,A,C,D,B,E,skip,D,C,B,E,A,skip,D,B,0.85,radicaleq
911,radicaleq,2,B,C,D,E,skip,A,C,D,B,E,skip,D,C,B,E,A,skip,D,B,C,0.85,radicaleq
911,radicaleq,3,C,D,E,skip,A,C,D,B,E,skip,D,C,B,E,A,skip,D,B,C,E,0.85,radicaleq
911,equalize,4,D,E,skip,A,C,D,B,E,skip,D,C,B,E,A,skip,D,B,C,E,A,0.85,radicaleq
911,equalize,5,E,skip,B,B,B,B,E,skip,C,C,B,E,A,skip,D,B,C,E,A,skip,0.8,radicaleq
911,radicaleq,6,skip,A,C,D,E,E,skip,A,A,A,A,A,skip,D,C,C,E,A,skip,D,0.8,radicaleq
912,radicaleq,1,A,B,A,C,D,skip,A,C,D,B,E,skip,D,C,B,E,A,skip,D,B,0.85,radicaleq
912,radicaleq,2,B,C,D,E,skip,A,C,D,B,E,skip,D,C,B,E,A,skip,D,B,C,0.85,radicaleq
912,radicaleq,3,C,D,E,skip,A,C,D,B,E,skip,D,C,B,E,A,skip,D,B,C,E,0.85,radicaleq
912,equalize,4,D,E,skip,A,C,D,B,E,skip,D,C,B,E,A,skip,D,B,C,E,A,0.85,radicaleq
912,radicaleq,5,E,skip,B,B,B,B,E,skip,C,C,B,E,A,skip,D,B,C,E,A,skip,0.8,radicaleq
912,equalize,6,skip,A,C,D,E,E,skip,A,A,A,A,A,skip,D,C,C,E,A,skip,D,0.8,radicaleq
913,equalize,1,A,B,A,C,D,skip,A,C,D,B,E,skip,D,C,B,E,A,skip,D,B,0.85,radicaleq
913,radicaleq,2,B,C,D,E,skip,A,C,D,B,E,skip,D,C,B,E,A,skip,D,B,C,0.85,radicaleq
913,radicaleq,3,C,D,E,skip,A,C,D,B,E,skip,D,C,B,E,A,skip,D,B,C,E,0.85,radicaleq
913,equalize,4,D,E,skip,A,C,D,B,E,skip,D,C,B,E,A,skip,D,B,C,E,A,0.85,radicaleq
913,radicaleq,5,E,skip,B,B,B,B,E,skip,C,C,B,E,A,skip,D,B,C,E,A,skip,0.8,radicaleq
913,radicaleq,6,skip,A,C,D,E,E,skip,A,A,A,A,A,skip,D,C,C,E,A,skip,D,0.8,radicaleq
914,radicaleq,1,A,B,A,C,D,skip,A,C,D,B,E,skip,D,C,B,E,A,skip,D,B,0.85,radicaleq
914,equalize,2,B,C,D,E,skip,A,C,D,B,E,skip,D,C,B,E,A,skip,D,B,C,0.85,radicaleq
914,radicaleq,3,C,D,E,skip,A,C,D,B,E,skip,D,C,B,E,A,skip,D,B,C,E,0.85,radicaleq
914,radicaleq,4,D,E,skip,A,C,D,B,E,skip,D,C,B,E,A,skip,D,B,C,E,A,0.85,radicaleq
914,radicaleq,5,E,skip,B,B,B,B,E,skip,C,C,B,E,A,skip,D,B,C,E,A,skip,0.8,radicaleq
914,equalize,6,skip,A,C,D,E,E,skip,A,A,A,A,A,skip,D,C,C,E,A,skip,D,0.8,radicaleq
915,equalize,1,A,B,A,C,D,skip,A,C,D,B,E,skip,D,C,B,E,A,skip,D,B,0.85,radicaleq
915,radicaleq,2,B,C,D,E,skip,A,C,D,B,E,skip,D,C,B,E,A,skip,D,B,C,0.85,radicaleq
915,radicaleq,3,C,D,E,skip,A,C,D,B,E,skip,D,C,B,E,A,skip,D,B,C,E,0.85,radicaleq
915,radicaleq,4,D,E,skip,A,C,D,B,E,skip,D,C,B,E,A,skip,D,B,C,E,A,0.85,radicaleq
915,equalize,5,E,skip,B,B,B,B,E,skip,C,C,B,E,A,skip,D,B,C,E,A,skip,0.8,radicaleq
915,radicaleq,6,skip,A,C,D,E,E,skip,A,A,A,A,A,skip,D,C,C,E,A,skip,D,0.8,radicaleq
916,rotate0,1,A,A,A,A,A,A,A,A,A,A,A,A,A,A,A,A,A,A,A,A,0.95,equalize
916,equalize,2,B,C,A,B,B,C,C,C,C,C,C,C,C,C,C,C,C,C,C,C,0.95,equalize
916,equalize,3,C,D,B,C,C,E,B,B,B,B,B,B,B,B,B,B,B,B,B,B,0.9,equalize
916,rotate0,4,D,D,D,D,D,D,D,D,D,D,D,D,D,D,D,D,D,D,D,D,0.95,equalize
916,rotate0,5,E,E,E,E,E,E,E,E,E,E,E,E,E,E,E,E,E,E,E,E,0.95,equalize
916,rotate0,6,skip,skip,skip,skip,skip,skip,skip,skip,skip,skip,skip,skip,skip,skip,skip,skip,skip,skip,skip,skip,0.0,equalize
917,rotate0,1,A,A,A,A,A,A,A,A,A,A,A,A,A,A,A,A,A,A,A,A,0.75,rotate0
917,rotate0,2,B,B,B,B,B,B,B,B,B,B,B,B,B,B,B,B,B,B,B,B,0.75,rotate0
917,equalize,3,C,D,B,C,A,C,D,C,A,C,D,C,A,C,D,C,A,C,D,C,0.5,rotate0
917,rotate0,4,D,D,D,D,D,D,D,D,D,D,D,D,D,D,D,D,D,D,D,D,0.75,rotate0
917,rotate0,5,E,E,E,E,E,E,E,E,E,E,E,E,E,E,E,E,E,E,E,E,0.75,rotate0
917,equalize,6,skip,A,C,E,C,B,C,E,C,B,C,E,C,B,C,E,C,B,C,E,0.45,rotate0
918,rotate0,1,A,A,A,A,A,A,A,A,A,A,A,A,A,A,A,A,A,A,A,A,0.95,equalize
918,rotate0,2,B,B,B,B,B,B,B,B,B,B,B,B,B,B,B,B,B,B,B,B,0.95,equalize
918,equalize,3,C,D,A,C,C,D,D,D,D,D,D,D,D,D,D,D,D,D,D,D,0.95,equalize
918,equalize,4,D,E,C,D,D,B,C,C,C,C,C,C,C,C,C,C,C,C,C,C,0.9,equalize
918,rotate0,5,E,E,E,E,E,E,E,E,E,E,E,E,E,E,E,E,E,E,E,E,0.95,equalize
918,rotate0,6,skip,skip,skip,skip,skip,skip,skip,skip,skip,skip,skip,skip,skip,skip,skip,skip,skip,skip,skip,skip,0.0,equalize
919,rotate0,1,A,A,A,A,A,A,A,A,A,A,A,A,A,A,A,A,A,A,A,A,1.0,equalize
919,equalize,2,B,C,B,B,B,B,B,B,B,B,B,B,B,B,B,B,B,B,B,B,0.95,equalize
919,rotate0,3,C,C,C,C,C,C,C,C,C,C,C,C,C,C,C,C,C,C,C,C,0.95,equalize
919,rotate0,4,D,D,D,D,D,D,D,D,D,D,D,D,D,D,D,D,D,D,D,D,1.0,equalize
919,equalize,5,E,skip,E,E,E,E,E,E,E,E,E,E,E,E,E,E,E,E,E,E,0.95,equalize
919,rotate0,6,skip,skip,skip,skip,skip,skip,skip,skip,skip,skip,skip,skip,skip,skip,skip,skip,skip,skip,skip,skip,0.0,equalize
920,rotate0,1,A,A,A,A,A,A,A,A,A,A,A,A,A,A,A,A,A,A,A,A,1.0,equalize
920,rotate0,2,B,B,B,B,B,B,B,B,B,B,B,B,B,B,B,B,B,B,B,B,1.0,equalize
920,equalize,3,C,D,C,C,C,C,C,C,C,C,C,C,C,C,C,C,C,C,C,C,0.95,equalize
920,rotate0,4,D,D,D,D,D,D,D,D,D,D,D,D,D,D,D,D,D,D,D,D,0.95,equalize
920,equalize,5,E,skip,E,E,E,E,E,E,E,E,E,E,E,E,E,E,E,E,E,E,0.95,equalize
920,rotate0,6,skip,skip,skip,skip,skip,skip,skip,skip,skip,skip,skip,skip,skip,skip,skip,skip,skip,skip,skip,skip,0.0,equalize
921,rotate0,1,A,A,A,A,A,A,A,A,A,A,A,A,A,A,A,A,A,A,A,A,0.75,rotate0
921,rotate0,2,B,B,B,B,B,B,B,B,B,B,B,B,B,B,B,B,B,B,B,B,0.75,rotate0
921,rotate0,3,C,C,C,C,C,C,C,C,C,C,C,C,C,C,C,C,C,C,C,C,0.75,rotate0
921,rotate0,4,D,D,D,D,D,D,D,D,D,D,D,D,D,D,D,D,D,D,D,D,0.8,rotate0
921,equalize,5,E,skip,B,E,D,E,B,E,D,E,B,E,D,E,B,E,D,E,B,E,0.5,rotate0
921,equalize,6,skip,A,E,C,E,A,E,C,E,A,E,C,E,A,E,C,E,A,E,C,0.45,rotate0
922,equalize,1,A,B,B,B,B,B,B,B,B,B,B,B,B,B,B,B,B,B,B,B,1.0,equalize
922,equalize,2,B,C,A,A,A,A,A,A,A,A,A,A,A,A,A,A,A,A,A,A,0.95,equalize
922,rotate0,3,C,C,C,C,C,C,C,C,C,C,C,C,C,C,C,C,C,C,C,C,0.95,equalize
922,rotate0,4,D,D,D,D,D,D,D,D,D,D,D,D,D,D,D,D,D,D,D,D,1.0,equalize
922,rotate0,5,E,E,E,E,E,E,E,E,E,E,E,E,E,E,E,E,E,E,E,E,1.0,equalize
922,rotate0,6,skip,skip,skip,skip,skip,skip,skip,skip,skip,skip,skip,skip,skip,skip,skip,skip,skip,skip,skip,skip,0.0,equalize
923,equalize,1,A,B,A,A,A,A,A,A,A,A,A,A,A,A,A,A,A,A,A,A,0.95,equalize
923,rotate0,2,B,B,B,B,B,B,B,B,B,B,B,B,B,B,B,B,B,B,B,B,0.95,equalize
923,equalize,3,C,D,C,E,C,C,C,C,C,C,C,C,C,C,C,C,C,C,C,C,0.9,equalize
923,rotate0,4,D,D,D,D,D,D,D,D,D,D,D,D,D,D,D,D,D,D,D,D,0.95,equalize
923,rotate0,5,E,E,E,E,E,E,E,E,E,E,E,E,E,E,E,E,E,E,E,E,0.95,equalize
923,rotate0,6,skip,skip,skip,skip,skip,skip,skip,skip,skip,skip,skip,skip,skip,skip,skip,skip,skip,skip,skip,skip,0.0,equalize
924,equalize,1,A,B,C,D,A,A,A,D,A,B,A,D,A,B,A,D,A,B,A,D,0.5,rotate0
924,rotate0,2,B,B,B,B,B,B,B,B,B,B,B,B,B,B,B,B,B,B,B,B,0.75,rotate0
924,rotate0,3,C,C,C,C,C,C,C,C,C,C,C,C,C,C,C,C,C,C,C,C,0.75,rotate0
924,rotate0,4,D,D,D,D,D,D,D,D,D,D,D,D,D,D,D,D,D,D,D,D,0.75,rotate0
924,rotate0,5,E,E,E,E,E,E,E,E,E,E,E,E,E,E,E,E,E,E,E,E,0.8,rotate0
924,equalize,6,skip,A,A,A,E,B,C,A,E,A,C,A,E,A,C,A,E,A,C,A,0.5,rotate0
925,rotate0,1,A,A,A,A,A,A,A,A,A,A,A,A,A,A,A,A,A,A,A,A,0.95,equalize
925,equalize,2,B,C,B,B,B,B,B,B,B,B,B,B,B,B,B,B,B,B,B,B,0.95,equalize
925,rotate0,3,C,C,C,C,C,C,C,C,C,C,C,C,C,C,C,C,C,C,C,C,0.95,equalize
925,equalize,4,D,E,D,A,D,D,D,D,D,D,D,D,D,D,D,D,D,D,D,D,0.9,equalize
925,rotate0,5,E,E,E,E,E,E,E,E,E,E,E,E,E,E,E,E,E,E,E,E,0.95,equalize
925,rotate0,6,skip,skip,skip,skip,skip,skip,skip,skip,skip,skip,skip,skip,skip,skip,skip,skip,skip,skip,skip,skip,0.0,equalize
926,rotate0,1,A,A,A,A,A,A,A,A,A,A,A,A,A,A,A,A,A,A,A,A,0.95,equalize
926,rotate0,2,B,B,B,B,B,B,B,B,B,B,B,B,B,B,B,B,B,B,B,B,1.0,equalize
926,rotate0,3,C,C,C,C,C,C,C,C,C,C,C,C,C,C,C,C,C,C,C,C,1.0,equalize
926,equalize,4,D,E,A,D,D,D,D,D,D,D,D,D,D,D,D,D,D,D,D,D,0.95,equalize
926,equalize,5,E,skip,D,E,E,E,E,E,E,E,E,E,E,E,E,E,E,E,E,E,0.95,equalize
926,rotate0,6,skip,skip,skip,skip,skip,skip,skip,skip,skip,skip,skip,skip,skip,skip,skip,skip,skip,skip,skip,skip,0.0,equalize
927,rotate0,1,A,A,A,A,A,A,A,A,A,A,A,A,A,A,A,A,A,A,A,A,0.75,rotate0
927,rotate0,2,B,B,B,B,B,B,B,B,B,B,B,B,B,B,B,B,B,B,B,B,0.75,rotate0
927,rotate0,3,C,C,C,C,C,C,C,C,C,C,C,C,C,C,C,C,C,C,C,C,0.75,rotate0
927,equalize,4,D,E,B,D,A,D,C,D,A,D,C,D,A,D,C,D,A,D,C,D,0.5,rotate0
927,rotate0,5,E,E,E,E,E,E,E,E,E,E,E,E,E,E,E,E,E,E,E,E,0.75,rotate0
927,equalize,6,skip,A,D,C,D,B,D,E,D,B,D,E,D,B,D,E,D,B,D,E,0.45,rotate0
928,equalize,1,A,B,A,A,A,A,A,A,A,A,A,A,A,A,A,A,A,A,A,A,0.95,equalize
928,rotate0,2,B,B,B,B,B,B,B,B,B,B,B,B,B,B,B,B,B,B,B,B,0.95,equalize
928,rotate0,3,C,C,C,C,C,C,C,C,C,C,C,C,C,C,C,C,C,C,C,C,0.95,equalize
928,equalize,4,D,E,D,C,D,D,D,D,D,D,D,D,D,D,D,D,D,D,D,D,0.9,equalize
928,rotate0,5,E,E,E,E,E,E,E,E,E,E,E,E,E,E,E,E,E,E,E,E,0.95,equalize
928,rotate0,6,skip,skip,skip,skip,skip,skip,skip,skip,skip,skip,skip,skip,skip,skip,skip,skip,skip,skip,skip,skip,0.0,equalize
929,rotate0,1,A,A,A,A,A,A,A,A,A,A,A,A,A,A,A,A,A,A,A,A,0.75,rotate0
929,equalize,2,B,C,D,B,A,B,D,B,A,B,D,B,A,B,D,B,A,B,D,B,0.5,rotate0
929,rotate0,3,C,C,C,C,C,C,C,C,C,C,C,C,C,C,C,C,C,C,C,C,0.75,rotate0
929,rotate0,4,D,D,D,D,D,D,D,D,D,D,D,D,D,D,D,D,D,D,D,D,0.75,rotate0
929,rotate0,5,E,E,E,E,E,E,E,E,E,E,E,E,E,E,E,E,E,E,E,E,0.75,rotate0
929,equalize,6,skip,A,B,E,B,C,B,E,B,C,B,E,B,C,B,E,B,C,B,E,0.45,rotate0
930,equalize,1,A,B,A,A,A,A,A,A,A,A,A,A,A,A,A,A,A,A,A,A,0.95,equalize
930,rotate0,2,B,B,B,B,B,B,B,B,B,B,B,B,B,B,B,B,B,B,B,B,0.95,equalize
930,rotate0,3,C,C,C,C,C,C,C,C,C,C,C,C,C,C,C,C,C,C,C,C,1.0,equalize
930,rotate0,4,D,D,D,D,D,D,D,D,D,D,D,D,D,D,D,D,D,D,D,D,1.0,equalize
930,equalize,5,E,skip,E,E,E,E,E,E,E,E,E,E,E,E,E,E,E,E,E,E,0.95,equalize
930,rotate0,6,skip,skip,skip,skip,skip,skip,skip,skip,skip,skip,skip,skip,skip,skip,skip,skip,skip,skip,skip,skip,0.0,equalize
931,caste,1,A,A,B,C,C,E,A,A,D,D,C,A,B,B,A,E,C,B,E,E,0.5,caste
931,equalize,2,B,C,A,C,D,E,C,A,B,D,E,A,C,B,D,E,A,B,C,E,0.1,caste
931,equalize,3,C,D,B,B,A,B,D,E,C,A,B,D,E,A,C,B,D,E,A,B,0.05,caste
931,caste,4,D,D,C,B,E,B,B,E,E,A,A,D,D,A,E,B,B,E,D,B,0.5,caste
931,caste,5,E,E,A,D,A,C,D,B,C,E,B,C,E,D,C,A,D,C,A,D,0.55,caste
931,caste,6,skip,skip,E,E,D,A,C,D,B,C,E,B,C,E,D,C,A,D,C,A,0.5,caste
932,caste,1,A,A,E,C,A,D,D,A,E,D,D,E,E,D,D,A,A,D,C,A,0.5,caste
932,caste,2,B,B,C,E,B,B,C,C,B,A,C,B,A,C,B,E,C,B,E,D,0.55,caste
932,equalize,3,C,D,B,D,E,A,B,D,C,E,A,D,B,E,C,D,E,A,B,C,0.05,caste
932,caste,4,D,D,A,D,C,A,E,D,A,E,B,D,C,E,E,D,B,A,D,C,0.5,caste
932,caste,5,E,E,B,A,E,E,B,E,C,B,A,C,B,A,C,B,E,C,B,E,0.55,caste
932,equalize,6,skip,A,C,C,B,D,C,A,B,D,C,E,A,D,B,A,C,D,E,A,0.0,caste
933,caste,1,A,A,C,B,B,E,C,B,E,E,B,B,E,E,B,D,E,E,C,C,0.5,caste
933,caste,2,B,B,A,D,A,A,D,C,A,D,C,A,D,C,A,B,C,A,B,D,0.55,caste
933,equalize,3,C,D,A,B,D,E,A,B,C,E,D,B,A,E,C,D,B,E,A,C,0.1,caste
933,equalize,4,D,E,C,C,A,C,D,E,A,B,C,E,D,B,A,E,C,D,B,E,0.05,caste
933,caste,5,E,E,B,C,E,C,B,E,D,B,A,E,C,B,D,E,A,D,D,E,0.5,caste
933,caste,6,skip,skip,D,E,D,B,A,D,C,A,D,C,A,D,C,A,B,C,A,B,0.5,caste
934,caste,1,A,A,B,B,A,D,A,A,C,D,A,E,B,B,E,E,B,B,E,E,0.5,caste
934,equalize,2,B,C,B,A,D,B,C,D,E,A,B,D,C,E,A,B,D,E,C,B,0.05,caste
934,caste,3,C,C,A,A,E,B,B,D,D,A,E,D,D,E,C,B,A,E,D,B,0.5,caste
934,caste,4,D,D,E,C,D,E,C,B,E,C,B,A,C,D,A,C,D,A,C,D,0.55,caste
934,equalize,5,E,skip,E,B,C,D,E,A,B,D,C,E,A,B,D,E,C,B,A,E,0.05,caste
934,caste,6,skip,skip,D,E,C,A,E,C,B,E,C,B,A,C,D,A,C,D,A,C,0.5,caste
935,caste,1,A,A,C,C,A,E,C,C,B,E,C,D,A,A,D,B,A,A,B,B,0.5,caste
935,caste,2,B,B,E,B,E,D,B,A,D,B,A,C,B,E,C,D,E,C,D,E,0.55,caste
935,equalize,3,C,D,C,A,E,C,B,E,D,C,A,E,B,D,C,A,E,B,D,A,0.05,caste
935,caste,4,D,D,A,A,D,C,A,E,E,C,D,E,E,D,B,A,C,B,E,A,0.5,caste
935,equalize,5,E,skip,E,C,B,E,D,C,A,E,B,D,C,A,E,B,D,A,C,B,0.05,caste
935,caste,6,skip,skip,B,D,B,A,D,B,A,D,B,A,C,B,E,C,D,E,C,D,0.5,caste
936,caste,1,A,A,D,D,D,E,E,E,A,B,B,D,E,C,D,A,C,B,A,E,0.5,caste
936,caste,2,B,B,E,C,B,D,B,C,D,A,C,B,A,E,B,D,E,C,D,A,0.55,caste
936,caste,3,C,C,B,E,C,C,D,B,C,D,A,C,B,A,E,B,D,E,C,D,0.55,caste
936,caste,4,D,D,C,A,E,A,C,A,B,E,D,E,C,D,A,C,B,A,E,B,0.55,caste
936,equalize,5,E,skip,B,D,C,E,D,E,C,B,A,D,B,C,E,A,D,B,C,E,0.05,caste
936,equalize,6,skip,A,E,A,B,A,B,A,D,E,C,E,A,D,B,C,E,A,D,B,0.0,caste
937,equalize,1,A,B,B,C,D,E,C,B,A,E,D,B,C,E,A,D,B,E,C,D,0.1,caste
937,equalize,2,B,C,A,A,B,C,D,E,C,B,A,E,D,B,C,E,A,D,B,E,0.05,caste
937,caste,3,C,C,D,A,E,C,B,E,E,B,B,E,E,B,D,E,E,D,D,E,0.5,caste
937,caste,4,D,D,A,C,A,E,A,B,D,E,C,B,A,E,B,D,C,E,A,D,0.5,caste
937,caste,5,E,E,B,D,B,B,D,A,C,D,A,C,D,A,C,B,A,C,B,A,0.55,caste
937,caste,6,skip,skip,E,E,D,A,C,D,A,C,D,A,C,D,A,C,B,A,C,B,0.5,caste
938,equalize,1,A,B,A,A,B,C,E,D,B,C,A,D,E,B,C,A,E,D,C,B,0.05,caste
938,caste,2,B,B,C,E,E,B,B,A,A,B,E,C,C,E,E,C,C,E,E,C,0.5,caste
938,equalize,3,C,D,C,C,E,D,B,C,A,D,E,B,C,A,E,D,C,B,E,A,0.05,caste
938,caste,4,D,D,E,A,D,C,C,D,D,C,B,D,A,B,D,A,B,D,A,B,0.5,caste
938,caste,5,E,E,A,C,A,D,A,C,E,D,C,B,D,A,B,D,A,B,D,A,0.5,caste
938,caste,6,skip,skip,B,D,B,A,E,E,B,E,A,A,E,D,C,B,E,A,C,D,0.5,caste
939,equalize,1,A,B,C,B,D,E,A,B,C,E,D,A,B,C,E,D,A,B,C,E,0.05,caste
939,caste,2,B,B,E,E,C,B,E,E,B,A,E,C,A,D,C,B,D,E,B,A,0.5,caste
939,caste,3,C,C,C,D,D,C,A,D,C,B,D,E,B,A,E,C,A,D,C,B,0.55,caste
939,caste,4,D,D,A,C,A,D,C,A,D,C,B,D,E,B,A,E,C,A,D,C,0.55,caste
939,caste,5,E,E,D,B,B,E,D,B,A,E,C,A,D,C,B,D,E,B,A,E,0.55,caste
939,equalize,6,skip,A,A,E,A,B,C,E,D,A,B,C,E,D,A,B,C,E,D,A,0.05,caste
940,caste,1,A,A,B,A,A,E,C,B,D,D,A,A,C,C,A,E,B,B,E,E,0.5,caste
940,equalize,2,B,C,B,B,C,B,D,E,A,B,C,D,E,A,B,C,D,E,A,B,0.05,caste
940,caste,3,C,C,D,E,D,C,A,D,C,A,E,C,B,E,D,B,A,D,C,A,0.5,caste
940,equalize,4,D,E,D,A,D,E,A,B,C,D,E,A,B,C,D,E,A,B,C,E,0.05,caste
940,caste,5,E,E,A,B,E,B,B,E,E,B,B,D,D,A,E,C,C,E,D,B,0.5,caste
940,caste,6,skip,skip,C,D,C,A,D,C,A,E,C,B,E,D,B,A,D,C,A,D,0.5,caste
941,caste,1,A,A,D,B,C,C,B,A,C,D,D,E,A,D,E,A,D,B,A,C,0.5,caste
941,caste,2,B,B,A,D,A,E,D,B,E,C,B,B,C,C,B,E,C,D,E,A,0.55,caste
941,caste,3,C,C,B,E,D,A,E,D,B,E,C,D,B,A,C,B,E,C,D,E,0.55,caste
941,equalize,4,D,E,A,B,D,C,E,A,B,D,C,E,B,D,C,A,E,B,D,C,0.1,caste
941,equalize,5,E,skip,D,E,A,B,D,C,E,A,B,A,C,E,B,D,C,A,E,B,0.05,caste
941,caste,6,skip,skip,C,C,E,B,A,C,D,A,E,A,D,E,A,D,B,A,C,B,0.5,caste
942,caste,1,A,A,C,C,B,D,A,B,D,A,C,D,E,C,B,E,A,B,D,A,0.5,caste
942,caste,2,B,B,D,E,A,C,E,E,C,B,E,A,B,D,A,C,D,E,C,B,0.55,caste
942,caste,3,C,C,B,B,E,A,C,D,E,C,B,E,A,B,D,A,C,D,E,C,0.55,caste
942,equalize,4,D,E,B,D,E,B,C,A,E,D,B,C,A,E,D,B,C,A,E,D,0.05,caste
942,caste,5,E,E,A,D,C,B,D,A,B,D,A,C,D,E,C,B,E,A,B,D,0.5,caste
942,equalize,6,skip,A,D,C,A,D,E,B,C,A,E,D,B,C,A,E,D,B,C,A,0.0,caste
943,equalize,1,A,B,A,A,B,D,E,C,A,B,E,D,C,A,E,B,C,D,E,A,0.05,caste
943,caste,2,B,B,D,E,E,B,A,E,E,A,C,E,E,C,C,E,E,C,B,E,0.5,caste
943,caste,3,C,C,A,D,A,C,D,B,C,D,B,A,D,B,A,D,B,A,D,C,0.5,caste
943,equalize,4,D,E,D,D,E,C,A,B,E,D,C,A,E,B,C,D,E,A,B,C,0.05,caste
943,caste,5,E,E,C,A,C,D,B,C,D,B,A,D,B,A,D,B,A,D,C,A,0.5,caste
943,caste,6,skip,skip,B,C,B,A,E,D,A,C,E,B,C,D,E,A,C,B,E,D,0.5,caste
944,caste,1,A,A,E,C,C,E,E,C,D,E,E,D,D,E,E,D,D,E,B,D,0.5,caste
944,equalize,2,B,C,D,E,B,C,A,E,B,D,C,E,A,D,B,E,C,D,A,B,0.05,caste
944,caste,3,C,C,A,E,A,C,B,E,C,D,A,E,B,D,C,E,A,D,E,B,0.5,caste
944,caste,4,D,D,B,B,D,A,D,B,A,C,B,A,C,B,A,C,B,A,C,E,0.55,caste
944,caste,5,E,E,D,A,B,B,A,D,B,A,C,B,A,C,B,A,C,B,A,C,0.55,caste
944,equalize,6,skip,A,B,C,D,E,D,C,A,E,B,D,C,E,A,D,B,E,C,D,0.0,caste
945,equalize,1,A,B,A,A,D,B,C,D,E,B,A,D,C,E,B,D,A,E,C,D,0.05,caste
945,caste,2,B,B,C,A,E,B,B,D,D,B,E,D,D,E,E,D,D,E,E,D,0.5,caste
945,caste,3,C,C,A,B,A,D,A,B,C,D,B,E,A,D,C,E,B,D,A,E,0.5,caste
945,caste,4,D,D,E,C,D,E,C,A,E,C,A,B,C,A,B,C,A,B,C,A,0.55,caste
945,equalize,5,E,skip,E,B,C,D,E,B,A,D,C,E,B,D,A,E,C,D,B,E,0.05,caste
945,caste,6,skip,skip,D,E,C,A,E,C,A,E,C,A,B,C,A,B,C,A,B,C,0.5,caste
946,equalize,1,A,B,A,C,D,skip,A,C,D,B,E,skip,D,C,B,E,A,skip,D,B,0.85,draw
946,equalize,2,B,C,D,E,skip,A,C,D,B,E,skip,D,C,B,E,A,skip,D,B,C,0.85,draw
946,equalize,3,C,D,E,skip,A,C,D,B,E,skip,D,C,B,E,A,skip,D,B,C,E,0.85,draw
946,equalize,4,D,E,skip,A,C,D,B,E,skip,D,C,B,E,A,skip,D,B,C,E,A,0.85,draw
946,equalize,5,E,skip,B,B,B,B,E,skip,C,C,B,E,A,skip,D,B,C,E,A,skip,0.8,draw
946,equalize,6,skip,A,C,D,E,E,skip,A,A,A,A,A,skip,D,C,C,E,A,skip,D,0.8,draw
947,equalize,1,A,B,A,C,D,skip,A,C,D,B,E,skip,D,C,B,E,A,skip,D,B,0.85,draw
947,equalize,2,B,C,D,E,skip,A,C,D,B,E,skip,D,C,B,E,A,skip,D,B,C,0.85,draw
947,equalize,3,C,D,E,skip,A,C,D,B,E,skip,D,C,B,E,A,skip,D,B,C,E,0.85,draw
947,equalize,4,D,E,skip,A,C,D,B,E,skip,D,C,B,E,A,skip,D,B,C,E,A,0.85,draw
947,equalize,5,E,skip,B,B,B,B,E,skip,C,C,B,E,A,skip,D,B,C,E,A,skip,0.8,draw
947,equalize,6,skip,A,C,D,E,E,skip,A,A,A,A,A,skip,D,C,C,E,A,skip,D,0.8,draw
948,equalize,1,A,B,A,C,D,skip,A,C,D,B,E,skip,D,C,B,E,A,skip,D,B,0.85,draw
948,equalize,2,B,C,D,E,skip,A,C,D,B,E,skip,D,C,B,E,A,skip,D,B,C,0.85,draw
948,equalize,3,C,D,E,skip,A,C,D,B,E,skip,D,C,B,E,A,skip,D,B,C,E,0.85,draw
948,equalize,4,D,E,skip,A,C,D,B,E,skip,D,C,B,E,A,skip,D,B,C,E,A,0.85,draw
948,equalize,5,E,skip,B,B,B,B,E,skip,C,C,B,E,A,skip,D,B,C,E,A,skip,0.8,draw
948,equalize,6,skip,A,C,D,E,E,skip,A,A,A,A,A,skip,D,C,C,E,A,skip,D,0.8,draw
949,equalize,1,A,B,A,C,D,skip,A,C,D,B,E,skip,D,C,B,E,A,skip,D,B,0.85,draw
949,equalize,2,B,C,D,E,skip,A,C,D,B,E,skip,D,C,B,E,A,skip,D,B,C,0.85,draw
949,equalize,3,C,D,E,skip,A,C,D,B,E,skip,D,C,B,E,A,skip,D,B,C,E,0.85,draw
949,equalize,4,D,E,skip,A,C,D,B,E,skip,D,C,B,E,A,skip,D,B,C,E,A,0.85,draw
949,equalize,5,E,skip,B,B,B,B,E,skip,C,C,B,E,A,skip,D,B,C,E,A,skip,0.8,draw
949,equalize,6,skip,A,C,D,E,E,skip,A,A,A,A,A,skip,D,C,C,E,A,skip,D,0.8,draw
950,equalize,1,A,B,A,C,D,skip,A,C,D,B,E,skip,D,C,B,E,A,skip,D,B,0.85,draw
950,equalize,2,B,C,D,E,skip,A,C,D,B,E,skip,D,C,B,E,A,skip,D,B,C,0.85,draw
950,equalize,3,C,D,E,skip,A,C,D,B,E,skip,D,C,B,E,A,skip,D,B,C,E,0.85,draw
950,equalize,4,D,E,skip,A,C,D,B,E,skip,D,C,B,E,A,skip,D,B,C,E,A,0.85,draw
950,equalize,5,E,skip,B,B,B,B,E,skip,C,C,B,E,A,skip,D,B,C,E,A,skip,0.8,draw
950,equalize,6,skip,A,C,D,E,E,skip,A,A,A,A,A,skip,D,C,C,E,A,skip,D,0.8,draw
951,equalize,1,A,B,A,C,D,skip,A,C,D,B,E,skip,D,C,B,E,A,skip,D,B,0.85,draw
951,equalize,2,B,C,D,E,skip,A,C,D,B,E,skip,D,C,B,E,A,skip,D,B,C,0.85,draw
951,equalize,3,C,D,E,skip,A,C,D,B,E,skip,D,C,B,E,A,skip,D,B,C,E,0.85,draw
951,equalize,4,D,E,skip,A,C,D,B,E,skip,D,C,B,E,A,skip,D,B,C,E,A,0.85,draw
951,equalize,5,E,skip,B,B,B,B,E,skip,C,C,B,E,A,skip,D,B,C,E,A,skip,0.8,draw
951,equalize,6,skip,A,C,D,E,E,skip,A,A,A,A,A,skip,D,C,C,E,A,skip,D,0.8,draw
952,equalize,1,A,B,A,C,D,skip,A,C,D,B,E,skip,D,C,B,E,A,skip,D,B,0.85,draw
952,equalize,2,B,C,D,E,skip,A,C,D,B,E,skip,D,C,B,E,A,skip,D,B,C,0.85,draw
952,equalize,3,C,D,E,skip,A,C,D,B,E,skip,D,C,B,E,A,skip,D,B,C,E,0.85,draw
952,equalize,4,D,E,skip,A,C,D,B,E,skip,D,C,B,E,A,skip,D,B,C,E,A,0.85,draw
952,equalize,5,E,skip,B,B,B,B,E,skip,C,C,B,E,A,skip,D,B,C,E,A,skip,0.8,draw
952,equalize,6,skip,A,C,D,E,E,skip,A,A,A,A,A,skip,D,C,C,E,A,skip,D,0.8,draw
953,equalize,1,A,B,A,C,D,skip,A,C,D,B,E,skip,D,C,B,E,A,skip,D,B,0.85,draw
953,equalize,2,B,C,D,E,skip,A,C,D,B,E,skip,D,C,B,E,A,skip,D,B,C,0.85,draw
953,equalize,3,C,D,E,skip,A,C,D,B,E,skip,D,C,B,E,A,skip,D,B,C,E,0.85,draw
953,equalize,4,D,E,skip,A,C,D,B,E,skip,D,C,B,E,A,skip,D,B,C,E,A,0.85,draw
953,equalize,5,E,skip,B,B,B,B,E,skip,C,C,B,E,A,skip,D,B,C,E,A,skip,0.8,draw
953,equalize,6,skip,A,C,D,E,E,skip,A,A,A,A,A,skip,D,C,C,E,A,skip,D,0.8,draw
954,equalize,1,A,B,A,C,D,skip,A,C,D,B,E,skip,D,C,B,E,A,skip,D,B,0.85,draw
954,equalize,2,B,C,D,E,skip,A,C,D,B,E,skip,D,C,B,E,A,skip,D,B,C,0.85,draw
954,equalize,3,C,D,E,skip,A,C,D,B,E,skip,D,C,B,E,A,skip,D,B,C,E,0.85,draw
954,equalize,4,D,E,skip,A,C,D,B,E,skip,D,C,B,E,A,skip,D,B,C,E,A,0.85,draw
954,equalize,5,E,skip,B,B,B,B,E,skip,C,C,B,E,A,skip,D,B,C,E,A,skip,0.8,draw
954,equalize,6,skip,A,C,D,E,E,skip,A,A,A,A,A,skip,D,C,C,E,A,skip,D,0.8,draw
955,equalize,1,A,B,A,C,D,skip,A,C,D,B,E,skip,D,C,B,E,A,skip,D,B,0.85,draw
955,equalize,2,B,C,D,E,skip,A,C,D,B,E,skip,D,C,B,E,A,skip,D,B,C,0.85,draw
955,equalize,3,C,D,E,skip,A,C,D,B,E,skip,D,C,B,E,A,skip,D,B,C,E,0.85,draw
955,equalize,4,D,E,skip,A,C,D,B,E,skip,D,C,B,E,A,skip,D,B,C,E,A,0.85,draw
955,equalize,5,E,skip,B,B,B,B,E,skip,C,C,B,E,A,skip,D,B,C,E,A,skip,0.8,draw
955,equalize,6,skip,A,C,D,E,E,skip,A,A,A,A,A,skip,D,C,C,E,A,skip,D,0.8,draw
956,equalize,1,A,B,A,C,D,skip,A,C,D,B,E,skip,D,C,B,E,A,skip,D,B,0.85,draw
956,equalize,2,B,C,D,E,skip,A,C,D,B,E,skip,D,C,B,E,A,skip,D,B,C,0.85,draw
956,equalize,3,C,D,E,skip,A,C,D,B,E,skip,D,C,B,E,A,skip,D,B,C,E,0.85,draw
956,equalize,4,D,E,skip,A,C,D,B,E,skip,D,C,B,E,A,skip,D,B,C,E,A,0.85,draw
956,equalize,5,E,skip,B,B,B,B,E,skip,C,C,B,E,A,skip,D,B,C,E,A,skip,0.8,draw
956,equalize,6,skip,A,C,D,E,E,skip,A,A,A,A,A,skip,D,C,C,E,A,skip,D,0.8,draw
957,equalize,1,A,B,A,C,D,skip,A,C,D,B,E,skip,D,C,B,E,A,skip,D,B,0.85,draw
957,equalize,2,B,C,D,E,skip,A,C,D,B,E,skip,D,C,B,E,A,skip,D,B,C,0.85,draw
957,equalize,3,C,D,E,skip,A,C,D,B,E,skip,D,C,B,E,A,skip,D,B,C,E,0.85,draw
957,equalize,4,D,E,skip,A,C,D,B,E,skip,D,C,B,E,A,skip,D,B,C,E,A,0.85,draw
957,equalize,5,E,skip,B,B,B,B,E,skip,C,C,B,E,A,skip,D,B,C,E,A,skip,0.8,draw
957,equalize,6,skip,A,C,D,E,E,skip,A,A,A,A,A,skip,D,C,C,E,A,skip,D,0.8,draw
958,equalize,1,A,B,A,C,D,skip,A,C,D,B,E,skip,D,C,B,E,A,skip,D,B,0.85,draw
958,equalize,2,B,C,D,E,skip,A,C,D,B,E,skip,D,C,B,E,A,skip,D,B,C,0.85,draw
958,equalize,3,C,D,E,skip,A,C,D,B,E,skip,D,C,B,E,A,skip,D,B,C,E,0.85,draw
958,equalize,4,D,E,skip,A,C,D,B,E,skip,D,C,B,E,A,skip,D,B,C,E,A,0.85,draw
958,equalize,5,E,skip,B,B,B,B,E,skip,C,C,B,E,A,skip,D,B,C,E,A,skip,0.8,draw
958,equalize,6,skip,A,C,D,E,E,skip,A,A,A,A,A,skip,D,C,C,E,A,skip,D,0.8,draw
959,equalize,1,A,B,A,C,D,skip,A,C,D,B,E,skip,D,C,B,E,A,skip,D,B,0.85,draw
959,equalize,2,B,C,D,E,skip,A,C,D,B,E,skip,D,C,B,E,A,skip,D,B,C,0.85,draw
959,equalize,3,C,D,E,skip,A,C,D,B,E,skip,D,C,B,E,A,skip,D,B,C,E,0.85,draw
959,equalize,4,D,E,skip,A,C,D,B,E,skip,D,C,B,E,A,skip,D,B,C,E,A,0.85,draw
959,equalize,5,E,skip,B,B,B,B,E,skip,C,C,B,E,A,skip,D,B,C,E,A,skip,0.8,draw
959,equalize,6,skip,A,C,D,E,E,skip,A,A,A,A,A,skip,D,C,C,E,A,skip,D,0.8,draw
960,equalize,1,A,B,A,C,D,skip,A,C,D,B,E,skip,D,C,B,E,A,skip,D,B,0.85,draw
960,equalize,2,B,C,D,E,skip,A,C,D,B,E,skip,D,C,B,E,A,skip,D,B,C,0.85,draw
960,equalize,3,C,D,E,skip,A,C,D,B,E,skip,D,C,B,E,A,skip,D,B,C,E,0.85,draw
960,equalize,4,D,E,skip,A,C,D,B,E,skip,D,C,B,E,A,skip,D,B,C,E,A,0.85,draw
960,equalize,5,E,skip,B,B,B,B,E,skip,C,C,B,E,A,skip,D,B,C,E,A,skip,0.8,draw
960,equalize,6,skip,A,C,D,E,E,skip,A,A,A,A,A,skip,D,C,C,E,A,skip,D,0.8,draw
961,random,1,A,C,B,A,E,B,A,A,skip,E,E,A,E,D,skip,B,E,D,A,E,0.3,turntaking
961,turntaking,2,A,A,B,A,B,A,D,B,D,A,A,B,D,B,B,B,B,B,B,B,0.4,turntaking
961,turntaking,3,B,B,D,D,A,D,E,D,E,D,B,A,E,A,A,A,A,A,A,D,0.55,turntaking
961,random,4,skip,skip,D,E,B,B,skip,D,skip,skip,D,B,skip,D,C,A,C,C,C,B,0.15,turntaking
961,random,5,D,A,B,C,skip,A,skip,A,B,E,B,B,D,D,E,A,B,skip,A,B,0.2,turntaking
961,random,6,B,A,B,skip,E,A,E,D,D,E,B,A,D,C,C,B,C,E,C,B,0.1,turntaking
962,random,1,A,skip,skip,C,skip,C,D,A,B,D,A,C,B,A,D,B,C,skip,A,D,0.3,turntaking
962,random,2,A,E,skip,skip,skip,D,C,A,D,C,D,C,skip,C,skip,C,skip,E,skip,D,0.1,turntaking
962,turntaking,3,B,C,C,C,C,C,C,E,E,E,A,C,C,C,E,C,E,C,C,E,0.35,turntaking
962,random,4,D,D,B,A,A,E,skip,C,D,A,skip,D,B,A,C,E,B,E,A,A,0.4,turntaking
962,random,5,C,C,D,C,skip,A,C,A,E,E,D,D,C,B,E,skip,A,skip,C,A,0.2,turntaking
962,turntaking,6,E,E,E,E,E,E,E,D,A,A,D,E,E,E,A,E,A,A,E,A,0.65,turntaking
963,random,1,skip,B,A,A,E,C,skip,D,A,skip,D,B,B,skip,B,E,B,B,B,D,0.2,turntaking
963,random,2,E,E,D,skip,E,A,skip,skip,A,B,A,skip,D,E,C,D,skip,skip,B,C,0.25,turntaking
963,turntaking,3,B,B,E,B,E,B,B,E,B,E,B,E,B,B,E,E,B,B,C,E,0.4,turntaking
963,turntaking,4,C,C,C,E,B,C,C,B,C,B,E,B,E,E,C,C,C,E,D,C,0.55,turntaking
963,random,5,A,E,C,D,E,E,D,E,D,skip,E,C,D,A,E,skip,D,C,B,A,0.4,turntaking
963,random,6,B,B,E,A,C,skip,B,E,C,B,skip,skip,D,B,B,A,D,C,B,C,0.1,turntaking
964,random,1,A,B,A,C,C,C,A,A,B,D,C,C,A,B,C,B,E,E,C,E,0.4,turntaking
964,turntaking,2,A,A,C,C,C,A,C,A,A,A,C,A,A,C,A,A,A,C,A,D,0.3,turntaking
964,random,3,E,C,C,B,E,skip,skip,D,skip,A,A,C,B,C,skip,E,C,skip,A,C,0.25,turntaking
964,random,4,C,E,skip,skip,E,B,E,skip,D,C,C,skip,E,C,E,D,B,A,D,D,0.4,turntaking
964,turntaking,5,D,D,D,E,A,E,A,E,C,C,D,D,D,D,D,E,C,A,C,E,0.55,turntaking
964,random,6,D,C,A,A,skip,B,C,D,A,D,D,E,A,E,A,E,B,D,C,A,0.25,turntaking
965,random,1,A,C,E,C,C,B,E,C,B,E,D,A,E,A,E,E,B,D,B,skip,0.3,turntaking
965,random,2,C,D,E,E,E,A,skip,B,C,D,C,skip,E,B,D,D,B,E,D,B,0.2,turntaking
965,turntaking,3,B,E,E,D,D,B,D,C,E,C,B,C,D,D,D,D,C,C,C,C,0.55,turntaking
965,random,4,E,E,E,B,E,E,A,E,E,E,skip,E,E,A,skip,E,A,D,B,B,0.25,turntaking
965,turntaking,5,D,D,D,B,C,D,C,B,C,D,C,E,C,C,C,C,B,D,D,D,0.35,turntaking
965,random,6,D,C,C,D,B,skip,B,C,D,A,skip,E,B,D,E,A,D,E,skip,D,0.4,turntaking
966,random,1,D,D,A,D,skip,skip,A,A,D,D,D,B,A,C,A,D,skip,skip,A,D,0.3,turntaking
966,random,2,B,skip,D,B,E,skip,C,E,E,D,E,D,A,A,B,E,A,B,B,B,0.45,turntaking
966,random,3,D,C,A,E,A,B,D,E,B,skip,E,A,B,E,A,B,D,C,skip,skip,0.25,turntaking
966,random,4,skip,C,E,C,B,C,skip,E,A,skip,skip,D,C,A,A,A,C,skip,B,E,0.4,turntaking
966,turntaking,5,D,E,B,E,E,D,D,D,D,D,E,E,E,D,E,E,E,E,E,E,0.55,turntaking
966,turntaking,6,E,B,A,D,D,E,E,B,B,E,A,B,B,E,D,D,D,D,D,D,0.55,turntaking
967,turntaking,1,skip,E,D,E,D,E,E,E,D,D,D,D,D,D,E,D,D,D,E,E,0.5,turntaking
967,turntaking,2,A,C,C,D,C,C,D,D,E,E,E,E,E,C,C,E,E,E,C,C,0.55,turntaking
967,random,3,skip,skip,A,B,skip,E,skip,A,skip,D,C,E,E,D,C,D,D,skip,skip,B,0.1,turntaking
967,random,4,D,E,skip,C,B,D,B,D,B,B,C,B,skip,skip,C,C,E,skip,C,A,0.25,turntaking
967,random,5,D,skip,C,C,A,skip,E,A,skip,D,C,C,C,A,D,A,E,D,skip,A,0.25,turntaking
967,random,6,E,E,D,skip,E,skip,D,B,skip,B,A,C,B,D,B,C,C,E,D,B,0.4,turntaking
968,turntaking,1,skip,C,B,E,E,A,E,E,E,E,B,E,E,E,B,E,E,E,B,B,0.35,turntaking
968,random,2,C,A,B,C,E,A,B,C,skip,B,E,D,E,E,C,C,C,skip,E,A,0.4,turntaking
968,turntaking,3,B,A,A,B,A,C,B,A,B,B,A,B,B,B,A,B,B,B,A,A,0.45,turntaking
968,random,4,skip,A,E,D,B,B,E,skip,D,C,D,A,B,D,D,skip,A,A,D,C,0.45,turntaking
968,random,5,C,B,E,E,skip,A,D,skip,skip,E,skip,A,D,D,E,skip,E,E,A,B,0.15,turntaking
968,random,6,A,E,E,D,E,D,skip,skip,B,E,D,A,D,B,A,B,B,E,B,B,0.15,turntaking
969,turntaking,1,skip,D,A,B,D,E,E,E,E,D,E,D,D,E,D,E,D,E,E,E,0.4,turntaking
969,random,2,D,B,D,C,B,D,skip,A,skip,C,skip,E,B,B,D,B,A,B,C,D,0.4,turntaking
969,random,3,D,A,C,skip,A,A,E,E,C,D,E,skip,D,B,A,E,B,D,C,D,0.2,turntaking
969,random,4,A,E,B,B,D,C,A,B,D,B,E,skip,skip,D,E,C,A,E,B,E,0.45,turntaking
969,random,5,E,skip,E,skip,B,skip,B,skip,C,E,E,A,B,A,E,skip,A,A,skip,B,0.2,turntaking
969,turntaking,6,E,E,E,D,E,D,D,D,D,E,D,B,A,A,A,D,B,D,D,D,0.45,turntaking
970,random,1,D,B,A,C,skip,B,C,E,B,E,C,A,D,E,skip,A,E,A,C,A,0.45,turntaking
970,turntaking,2,A,C,D,A,B,A,A,B,B,C,B,B,C,C,B,B,B,B,B,A,0.5,turntaking
970,random,3,C,B,E,A,B,C,skip,skip,A,C,skip,E,skip,B,E,D,A,C,D,E,0.25,turntaking
970,turntaking,4,C,B,C,B,C,B,B,A,A,B,A,A,B,B,C,C,C,C,C,B,0.35,turntaking
970,random,5,B,C,skip,skip,E,A,A,C,skip,E,C,A,E,A,D,C,C,D,D,C,0.25,turntaking
970,random,6,B,D,C,skip,C,C,E,C,E,E,B,E,A,skip,D,E,E,B,C,B,0.25,turntaking
971,random,1,A,B,A,A,E,B,D,skip,B,E,skip,D,D,B,B,E,skip,A,C,D,0.25,turntaking
971,random,2,A,A,A,skip,C,skip,C,D,C,B,A,B,C,A,B,C,E,B,skip,D,0.25,turntaking
971,random,3,B,B,skip,skip,E,A,D,skip,E,B,A,A,D,skip,skip,A,B,A,B,B,0.1,turntaking
971,turntaking,4,C,C,B,D,D,A,A,A,A,A,A,A,C,C,D,D,A,A,B,B,0.55,turntaking
971,turntaking,5,D,D,D,C,C,C,C,C,C,C,C,C,D,A,C,C,C,C,C,C,0.55,turntaking
971,random,6,C,skip,A,C,D,E,skip,C,E,E,B,A,E,E,A,E,B,A,B,skip,0.25,turntaking
972,random,1,skip,E,B,D,B,C,B,A,B,E,C,D,D,C,D,D,C,D,C,A,0.35,turntaking
972,random,2,E,E,B,D,skip,C,skip,B,E,A,skip,skip,skip,D,skip,A,A,D,D,C,0.15,turntaking
972,random,3,E,C,C,B,A,D,C,B,B,A,skip,skip,A,E,A,D,skip,D,E,A,0.25,turntaking
972,turntaking,4,C,D,A,C,D,D,D,D,B,B,B,B,D,E,E,B,B,E,B,B,0.8,turntaking
972,random,5,B,skip,B,D,B,D,C,skip,A,E,skip,C,A,D,C,E,C,A,D,E,0.3,turntaking
972,turntaking,6,E,B,D,E,E,E,E,E,E,E,E,E,B,D,B,D,D,D,E,E,0.6,turntaking
973,turntaking,1,skip,B,C,B,B,E,E,E,E,B,B,E,E,E,E,E,E,E,E,E,0.55,turntaking
973,random,2,D,C,E,B,C,skip,D,B,D,E,C,D,A,E,A,D,E,D,D,D,0.15,turntaking
973,random,3,E,E,C,B,C,E,A,C,D,skip,E,A,A,D,A,C,D,D,skip,C,0.45,turntaking
973,turntaking,4,C,C,B,D,E,D,B,B,B,E,C,B,B,B,B,B,B,B,B,B,0.65,turntaking
973,random,5,B,skip,E,skip,B,A,C,E,C,C,A,D,C,C,B,skip,skip,skip,C,D,0.25,turntaking
973,random,6,B,E,E,D,C,A,E,skip,B,C,A,D,A,A,C,D,skip,A,A,D,0.2,turntaking
974,random,1,D,skip,A,D,skip,skip,C,skip,C,skip,E,skip,E,D,D,A,E,C,C,skip,0.2,turntaking
974,turntaking,2,A,E,A,E,A,E,E,E,E,E,E,E,C,C,C,C,D,E,D,A,0.55,turntaking
974,random,3,A,B,skip,C,D,E,E,D,skip,D,skip,E,A,D,E,E,C,D,A,skip,0.25,turntaking
974,random,4,A,D,skip,B,E,C,E,skip,E,C,A,C,D,D,B,A,D,C,E,C,0.35,turntaking
974,random,5,D,skip,C,B,C,E,C,skip,B,skip,skip,skip,B,C,D,B,C,D,skip,E,0.25,turntaking
974,turntaking,6,E,C,E,C,C,A,C,C,C,C,C,C,A,E,E,E,C,C,E,D,0.4,turntaking
975,turntaking,1,skip,B,B,E,D,A,B,B,B,E,D,E,E,A,D,A,E,E,E,E,0.6,turntaking
975,random,2,B,skip,D,A,skip,D,A,A,E,A,B,A,B,C,B,B,A,E,B,E,0.25,turntaking
975,random,3,A,E,B,C,B,C,E,skip,skip,C,skip,D,B,B,C,B,E,B,B,E,0.4,turntaking
975,random,4,B,skip,D,B,E,E,A,A,skip,B,C,C,skip,B,D,C,B,A,skip,skip,0.25,turntaking
975,turntaking,5,D,D,D,B,B,D,D,D,D,B,B,B,B,E,E,D,D,D,D,D,0.5,turntaking
975,random,6,D,skip,skip,A,C,E,E,E,skip,A,E,E,B,E,D,A,B,D,C,E,0.2,turntaking
976,rotate,1,A,B,C,D,E,skip,A,B,C,D,E,skip,A,B,C,D,E,skip,A,B,0.4,rotate
976,turntaking,2,A,A,A,E,A,E,E,E,E,B,E,E,A,E,A,A,E,A,E,A,0.2,rotate
976,turntaking,3,B,E,E,D,E,A,A,A,A,E,B,A,B,A,B,E,B,E,A,B,0.35,rotate
976,rotate,4,D,E,skip,A,B,C,D,E,skip,A,B,C,D,E,skip,A,B,C,D,E,0.55,rotate
976,rotate,5,E,skip,A,B,C,D,E,skip,A,B,C,D,E,skip,A,B,C,D,E,skip,0.5,rotate
976,rotate,6,skip,A,B,C,D,E,skip,A,B,C,D,E,skip,A,B,C,D,E,skip,A,0.4,rotate
977,rotate,1,A,B,C,D,E,skip,A,B,C,D,E,skip,A,B,C,D,E,skip,A,B,0.6,rotate
977,rotate,2,B,C,D,E,skip,A,B,C,D,E,skip,A,B,C,D,E,skip,A,B,C,0.4,rotate
977,turntaking,3,B,B,B,B,B,C,B,B,B,B,D,B,B,B,D,B,B,B,B,D,0.3,rotate
977,rotate,4,D,E,skip,A,B,C,D,E,skip,A,B,C,D,E,skip,A,B,C,D,E,0.55,rotate
977,rotate,5,E,skip,A,B,C,D,E,skip,A,B,C,D,E,skip,A,B,C,D,E,skip,0.4,rotate
977,turntaking,6,E,E,E,E,E,A,E,E,E,E,A,E,E,E,A,E,E,E,E,A,0.3,rotate
978,rotate,1,A,B,C,D,E,skip,A,B,C,D,E,skip,A,B,C,D,E,skip,A,B,0.35,rotate
978,rotate,2,B,C,D,E,skip,A,B,C,D,E,skip,A,B,C,D,E,skip,A,B,C,0.5,rotate
978,turntaking,3,B,B,B,E,B,B,E,E,E,A,A,B,A,B,B,E,A,B,A,A,0.45,rotate
978,turntaking,4,C,E,E,D,E,E,B,B,B,E,E,E,B,E,E,B,E,E,B,B,0.25,rotate
978,rotate,5,E,skip,A,B,C,D,E,skip,A,B,C,D,E,skip,A,B,C,D,E,skip,0.7,rotate
978,rotate,6,skip,A,B,C,D,E,skip,A,B,C,D,E,skip,A,B,C,D,E,skip,A,0.45,rotate
979,rotate,1,A,B,C,D,E,skip,A,B,C,D,E,skip,A,B,C,D,E,skip,A,B,0.45,rotate
979,turntaking,2,A,A,A,E,D,E,D,D,A,D,E,D,A,D,E,A,A,D,D,E,0.25,rotate
979,rotate,3,C,D,E,skip,A,B,C,D,E,skip,A,B,C,D,E,skip,A,B,C,D,0.55,rotate
979,rotate,4,D,E,skip,A,B,C,D,E,skip,A,B,C,D,E,skip,A,B,C,D,E,0.45,rotate
979,turntaking,5,D,D,D,A,A,D,A,A,D,A,C,A,D,A,C,D,D,A,A,C,0.35,rotate
979,rotate,6,skip,A,B,C,D,E,skip,A,B,C,D,E,skip,A,B,C,D,E,skip,A,0.5,rotate
980,rotate,1,A,B,C,D,E,skip,A,B,C,D,E,skip,A,B,C,D,E,skip,A,B,0.55,rotate
980,rotate,2,B,C,D,E,skip,A,B,C,D,E,skip,A,B,C,D,E,skip,A,B,C,0.5,rotate
980,turntaking,3,B,B,B,D,D,D,D,B,B,D,B,D,D,D,D,B,B,B,D,A,0.25,rotate
980,rotate,4,D,E,skip,A,B,C,D,E,skip,A,B,C,D,E,skip,A,B,C,D,E,0.4,rotate
980,turntaking,5,D,D,A,A,B,B,B,D,D,A,A,B,B,B,A,D,A,D,B,C,0.45,rotate
980,rotate,6,skip,A,B,C,D,E,skip,A,B,C,D,E,skip,A,B,C,D,E,skip,A,0.6,rotate
981,rotate,1,A,B,C,D,E,skip,A,B,C,D,E,skip,A,B,C,D,E,skip,A,B,0.75,rotate
981,rotate,2,B,C,D,E,skip,A,B,C,D,E,skip,A,B,C,D,E,skip,A,B,C,0.55,rotate
981,rotate,3,C,D,E,skip,A,B,C,D,E,skip,A,B,C,D,E,skip,A,B,C,D,0.4,rotate
981,rotate,4,D,E,skip,A,B,C,D,E,skip,A,B,C,D,E,skip,A,B,C,D,E,0.4,rotate
981,turntaking,5,D,D,D,E,E,D,E,D,D,E,C,E,E,D,D,D,A,E,E,D,0.35,rotate
981,turntaking,6,E,E,E,C,D,C,D,E,E,C,A,D,D,E,E,E,C,D,D,E,0.35,rotate
982,turntaking,1,skip,E,E,E,E,E,E,E,E,A,A,A,A,E,A,A,E,A,A,A,0.35,rotate
982,turntaking,2,A,D,D,A,A,A,A,A,A,D,E,E,E,A,D,E,D,E,E,D,0.4,rotate
982,rotate,3,C,D,E,skip,A,B,C,D,E,skip,A,B,C,D,E,skip,A,B,C,D,0.55,rotate
982,rotate,4,D,E,skip,A,B,C,D,E,skip,A,B,C,D,E,skip,A,B,C,D,E,0.55,rotate
982,rotate,5,E,skip,A,B,C,D,E,skip,A,B,C,D,E,skip,A,B,C,D,E,skip,0.55,rotate
982,rotate,6,skip,A,B,C,D,E,skip,A,B,C,D,E,skip,A,B,C,D,E,skip,A,0.45,rotate
983,turntaking,1,skip,E,E,E,E,A,E,E,E,E,C,B,E,E,B,B,E,B,E,D,0.35,rotate
983,rotate,2,B,C,D,E,skip,A,B,C,D,E,skip,A,B,C,D,E,skip,A,B,C,0.45,rotate
983,turntaking,3,B,B,B,B,B,E,B,B,B,B,A,E,B,B,A,E,A,E,B,A,0.25,rotate
983,rotate,4,D,E,skip,A,B,C,D,E,skip,A,B,C,D,E,skip,A,B,C,D,E,0.65,rotate
983,rotate,5,E,skip,A,B,C,D,E,skip,A,B,C,D,E,skip,A,B,C,D,E,skip,0.4,rotate
983,rotate,6,skip,A,B,C,D,E,skip,A,B,C,D,E,skip,A,B,C,D,E,skip,A,0.45,rotate
984,turntaking,1,skip,D,D,C,D,D,E,E,E,C,C,E,E,E,C,E,C,D,D,E,0.25,rotate
984,rotate,2,B,C,D,E,skip,A,B,C,D,E,skip,A,B,C,D,E,skip,A,B,C,0.65,rotate
984,rotate,3,C,D,E,skip,A,B,C,D,E,skip,A,B,C,D,E,skip,A,B,C,D,0.55,rotate
984,rotate,4,D,E,skip,A,B,C,D,E,skip,A,B,C,D,E,skip,A,B,C,D,E,0.45,rotate
984,rotate,5,E,skip,A,B,C,D,E,skip,A,B,C,D,E,skip,A,B,C,D,E,skip,0.35,rotate
984,turntaking,6,E,E,E,D,E,E,D,D,D,A,D,D,D,D,E,D,D,E,E,C,0.35,rotate
985,rotate,1,A,B,C,D,E,skip,A,B,C,D,E,skip,A,B,C,D,E,skip,A,B,0.4,rotate
985,turntaking,2,A,A,A,C,C,C,C,C,A,A,E,C,C,C,E,C,E,C,C,D,0.3,rotate
985,rotate,3,C,D,E,skip,A,B,C,D,E,skip,A,B,C,D,E,skip,A,B,C,D,0.4,rotate
985,turntaking,4,C,C,E,E,E,A,A,A,C,C,A,A,A,A,C,A,A,A,A,E,0.35,rotate
985,rotate,5,E,skip,A,B,C,D,E,skip,A,B,C,D,E,skip,A,B,C,D,E,skip,0.65,rotate
985,rotate,6,skip,A,B,C,D,E,skip,A,B,C,D,E,skip,A,B,C,D,E,skip,A,0.5,rotate
986,rotate,1,A,B,C,D,E,skip,A,B,C,D,E,skip,A,B,C,D,E,skip,A,B,0.55,turntaking
986,rotate,2,B,C,D,E,skip,A,B,C,D,E,skip,A,B,C,D,E,skip,A,B,C,0.5,turntaking
986,rotate,3,C,D,E,skip,A,B,C,D,E,skip,A,B,C,D,E,skip,A,B,C,D,0.3,turntaking
986,turntaking,4,C,C,C,D,D,C,D,C,C,D,B,D,D,C,C,C,A,D,D,C,0.35,turntaking
986,turntaking,5,D,D,D,B,C,B,C,D,D,B,A,C,C,D,D,D,B,C,C,D,0.35,turntaking
986,rotate,6,skip,A,B,C,D,E,skip,A,B,C,D,E,skip,A,B,C,D,E,skip,A,0.7,turntaking
987,rotate,1,A,B,C,D,E,skip,A,B,C,D,E,skip,A,B,C,D,E,skip,A,B,0.65,rotate
987,rotate,2,B,C,D,E,skip,A,B,C,D,E,skip,A,B,C,D,E,skip,A,B,C,0.5,rotate
987,rotate,3,C,D,E,skip,A,B,C,D,E,skip,A,B,C,D,E,skip,A,B,C,D,0.4,rotate
987,turntaking,4,C,C,C,E,E,C,E,E,E,A,A,E,E,E,A,E,A,E,E,B,0.3,rotate
987,rotate,5,E,skip,A,B,C,D,E,skip,A,B,C,D,E,skip,A,B,C,D,E,skip,0.4,rotate
987,turntaking,6,E,E,E,A,C,A,C,C,C,E,C,C,C,C,E,C,C,C,C,A,0.3,rotate
988,turntaking,1,skip,E,A,C,C,A,C,C,C,C,A,C,A,C,A,A,C,C,E,E,0.35,rotate
988,rotate,2,B,C,D,E,skip,A,B,C,D,E,skip,A,B,C,D,E,skip,A,B,C,0.55,rotate
988,rotate,3,C,D,E,skip,A,B,C,D,E,skip,A,B,C,D,E,skip,A,B,C,D,0.45,rotate
988,turntaking,4,C,C,C,A,A,E,A,A,A,A,E,A,C,A,E,C,A,A,C,A,0.25,rotate
988,rotate,5,E,skip,A,B,C,D,E,skip,A,B,C,D,E,skip,A,B,C,D,E,skip,0.5,rotate
988,rotate,6,skip,A,B,C,D,E,skip,A,B,C,D,E,skip,A,B,C,D,E,skip,A,0.45,rotate
989,rotate,1,A,B,C,D,E,skip,A,B,C,D,E,skip,A,B,C,D,E,skip,A,B,0.4,rotate
989,turntaking,2,A,A,A,D,E,D,E,E,E,A,E,A,A,E,A,E,E,A,A,D,0.2,rotate
989,rotate,3,C,D,E,skip,A,B,C,D,E,skip,A,B,C,D,E,skip,A,B,C,D,0.65,rotate
989,rotate,4,D,E,skip,A,B,C,D,E,skip,A,B,C,D,E,skip,A,B,C,D,E,0.55,rotate
989,rotate,5,E,skip,A,B,C,D,E,skip,A,B,C,D,E,skip,A,B,C,D,E,skip,0.4,rotate
989,turntaking,6,E,E,E,A,A,E,A,A,A,D,D,E,E,A,D,A,D,E,E,C,0.45,rotate
990,turntaking,1,skip,C,C,B,C,C,C,C,C,E,E,C,C,C,B,C,C,C,C,B,0.35,rotate
990,rotate,2,B,C,D,E,skip,A,B,C,D,E,skip,A,B,C,D,E,skip,A,B,C,0.55,rotate
990,rotate,3,C,D,E,skip,A,B,C,D,E,skip,A,B,C,D,E,skip,A,B,C,D,0.5,rotate
990,rotate,4,D,E,skip,A,B,C,D,E,skip,A,B,C,D,E,skip,A,B,C,D,E,0.45,rotate
990,turntaking,5,D,D,D,C,D,D,D,D,D,C,D,D,D,D,E,D,D,D,D,E,0.2,rotate
990,rotate,6,skip,A,B,C,D,E,skip,A,B,C,D,E,skip,A,B,C,D,E,skip,A,0.45,rotate
991,random3,1,D,D,D,D,D,D,D,D,D,D,D,D,D,D,D,D,E,E,E,E,0.45,random3
991,turntaking,2,A,A,A,C,D,E,D,E,D,E,E,A,E,A,E,D,E,A,A,D,0.05,random3
991,turntaking,3,B,B,B,E,A,B,A,B,A,B,B,B,D,B,D,B,A,B,D,E,0.05,random3
991,random3,4,D,D,D,E,E,E,E,E,E,E,E,E,E,E,E,A,A,A,A,A,0.35,random3
991,random3,5,A,A,A,A,A,A,A,A,A,A,A,A,A,A,C,C,C,C,C,C,0.6,random3
991,random3,6,B,B,B,C,B,B,B,B,B,B,B,B,B,B,B,B,B,B,B,B,0.4,random3
992,random3,1,E,C,E,E,E,C,A,A,A,A,A,A,A,A,A,A,A,A,A,A,0.7,turntaking
992,random3,2,A,A,E,E,E,C,C,D,D,C,B,E,E,E,B,B,B,B,B,B,0.3,turntaking
992,turntaking,3,B,A,E,C,B,B,C,C,B,C,C,D,D,D,D,B,D,C,C,C,0.55,turntaking
992,random3,4,E,C,E,E,E,E,E,E,E,E,E,E,E,E,E,E,E,E,E,E,0.6,turntaking
992,random3,5,B,C,D,D,D,D,D,D,D,D,D,D,D,C,C,C,D,D,D,D,0.3,turntaking
992,turntaking,6,E,B,C,B,A,C,B,B,D,D,B,C,B,C,C,C,C,D,D,D,0.45,turntaking
993,random3,1,C,C,C,E,E,E,D,D,B,B,B,B,B,B,B,B,B,B,B,B,0.55,turntaking
993,random3,2,C,C,C,C,C,C,C,C,C,C,C,C,A,A,A,A,A,A,A,A,0.8,turntaking
993,turntaking,3,B,E,B,E,B,B,E,E,E,E,E,D,E,E,E,D,E,D,D,E,0.55,turntaking
993,turntaking,4,C,D,D,D,D,E,D,D,D,D,D,C,D,D,D,C,D,C,C,C,0.4,turntaking
993,random3,5,D,D,D,D,D,A,A,A,B,A,A,C,E,C,C,C,D,D,D,C,0.15,turntaking
993,random3,6,C,C,B,E,E,A,A,A,B,A,A,C,E,E,E,E,E,E,E,E,0.15,turntaking
994,random3,1,C,C,C,C,A,A,D,D,D,E,E,E,E,E,E,E,C,C,C,C,0.45,turntaking
994,turntaking,2,A,D,D,E,D,E,D,E,C,E,E,C,E,C,E,E,B,E,B,E,0.45,turntaking
994,random3,3,D,D,D,D,D,C,D,D,D,D,D,D,D,D,D,D,D,D,D,D,0.5,turntaking
994,random3,4,B,E,E,E,A,A,D,D,D,D,A,A,A,A,A,A,A,A,A,A,0.6,turntaking
994,turntaking,5,D,B,B,C,B,C,B,C,B,C,C,B,C,B,C,B,E,B,E,B,0.4,turntaking
994,random3,6,B,B,B,B,B,B,B,B,B,B,B,B,B,B,E,E,E,E,E,D,0.3,turntaking
995,random3,1,E,E,E,E,E,E,E,E,D,D,D,D,D,D,D,D,D,D,D,D,0.85,turntaking
995,random3,2,B,A,A,A,A,A,A,A,A,A,A,A,A,A,A,A,A,A,A,A,0.85,turntaking
995,turntaking,3,B,C,B,C,B,C,C,B,C,B,B,C,B,C,C,C,C,C,C,E,0.4,turntaking
995,random3,4,B,B,B,B,B,D,D,D,D,E,E,B,E,E,E,E,E,E,E,E,0.35,turntaking
995,turntaking,5,D,D,D,D,C,E,B,E,B,E,E,B,E,B,B,B,E,E,E,C,0.5,turntaking
995,random3,6,C,C,C,C,C,C,C,C,C,C,C,C,E,C,C,E,A,A,B,B,0.35,turntaking
996,random3,1,D,D,D,D,D,D,A,A,A,A,A,A,A,B,B,B,B,B,B,B,0.35,turntaking
996,random3,2,E,E,A,A,C,C,A,A,A,A,A,A,A,A,A,A,A,A,A,A,0.3,turntaking
996,random3,3,B,B,A,A,C,C,C,C,C,C,C,C,C,C,C,C,C,C,C,C,0.7,turntaking
996,random3,4,B,B,B,B,B,B,B,B,B,B,B,B,E,B,E,E,E,D,D,D,0.4,turntaking
996,turntaking,5,D,B,D,E,E,D,D,A,B,A,D,B,D,B,D,B,D,B,D,D,0.35,turntaking
996,turntaking,6,E,E,E,A,B,E,B,E,A,D,E,D,E,D,E,D,E,A,E,E,0.5,turntaking
997,turntaking,1,skip,A,D,E,B,E,E,E,B,E,E,E,A,E,C,E,A,C,A,A,0.45,turntaking
997,turntaking,2,A,D,B,D,E,D,D,D,E,A,A,B,E,B,E,C,C,B,C,B,0.45,turntaking
997,random3,3,B,C,C,C,C,C,C,D,E,E,D,D,D,D,D,D,D,D,D,D,0.75,turntaking
997,random3,4,E,E,E,E,B,B,B,B,B,B,B,B,A,B,B,B,B,B,A,A,0.45,turntaking
997,random3,5,B,B,B,A,B,B,C,C,C,C,C,C,C,B,B,A,A,A,A,B,0.35,turntaking
997,random3,6,B,D,D,A,A,A,A,A,A,A,A,C,C,C,C,C,A,E,E,E,0.45,turntaking
998,turntaking,1,skip,B,A,A,D,A,B,A,D,C,C,C,C,C,C,C,C,A,B,B,0.45,turntaking
998,random3,2,C,C,C,C,C,C,C,A,A,B,B,B,B,B,B,D,D,D,D,D,0.5,turntaking
998,turntaking,3,B,C,B,D,C,D,C,D,C,D,D,D,D,D,B,B,B,C,C,A,0.5,turntaking
998,random3,4,B,B,D,D,B,A,D,D,D,D,E,C,C,E,E,E,E,E,E,E,0.2,turntaking
998,random3,5,C,C,D,D,B,B,B,A,A,A,A,A,A,A,A,A,A,A,E,E,0.45,turntaking
998,random3,6,A,A,A,E,E,E,E,E,E,E,E,B,B,B,E,E,B,B,B,A,0.5,turntaking
999,turntaking,1,skip,A,E,B,A,B,A,B,A,B,B,E,B,E,B,B,E,B,A,A,0.45,random3
999,random3,2,D,D,D,D,D,D,E,D,D,D,D,D,D,D,D,D,D,D,D,D,0.8,random3
999,random3,3,A,A,A,A,A,A,A,A,A,A,A,A,A,A,A,A,E,E,E,E,0.55,random3
999,random3,4,A,A,C,C,C,C,C,C,C,C,C,C,B,B,B,B,B,B,D,D,0.5,random3
999,random3,5,B,B,B,B,B,E,E,E,E,E,E,C,C,C,C,C,C,C,C,C,0.6,random3
999,turntaking,6,E,E,B,E,B,D,B,E,B,E,E,A,E,A,E,A,B,A,B,B,0.5,random3
1000,random3,1,C,B,B,B,A,A,B,B,B,B,B,A,A,C,A,A,A,A,B,B,0.4,turntaking
1000,turntaking,2,A,C,C,B,A,A,A,A,A,C,A,C,B,B,A,B,C,A,C,C,0.5,turntaking
1000,random3,3,E,E,E,E,E,E,E,E,E,E,E,E,E,E,E,E,E,E,E,E,0.5,turntaking
1000,turntaking,4,C,A,A,C,C,C,C,C,C,D,C,B,A,E,B,E,A,E,A,A,0.55,turntaking
1000,random3,5,A,A,D,D,D,D,D,D,B,B,B,B,B,C,C,C,C,C,C,C,0.4,turntaking
1000,random3,6,E,E,E,E,E,E,E,D,D,D,D,D,D,D,D,D,D,D,D,D,0.55,turntaking
1001,random3,1,B,B,B,A,D,D,D,D,D,D,D,D,D,D,D,D,D,D,D,D,0.8,turntaking
1001,random3,2,C,C,C,C,E,E,B,C,C,C,C,C,C,B,B,B,C,C,C,C,0.35,turntaking
1001,random3,3,D,E,E,A,A,A,A,A,A,A,A,A,A,A,A,A,A,A,A,A,0.8,turntaking
1001,turntaking,4,C,B,D,B,B,B,B,B,B,B,E,E,E,E,E,B,E,E,B,B,0.55,turntaking
1001,turntaking,5,D,D,B,C,C,C,C,E,C,C,B,C,C,C,C,E,C,C,E,E,0.5,turntaking
1001,random3,6,C,E,E,A,D,E,E,E,E,E,E,E,E,B,B,B,C,C,B,B,0.15,turntaking
1002,random3,1,B,B,B,B,B,B,B,B,B,B,B,B,B,B,B,B,B,B,B,B,0.5,random3
1002,random3,2,E,E,E,E,E,E,E,E,E,E,E,E,E,E,E,E,E,E,E,E,0.5,random3
1002,random3,3,D,D,A,A,A,A,A,A,A,A,A,A,A,A,A,A,A,A,A,A,0.65,random3
1002,turntaking,4,C,C,C,B,E,C,E,A,E,A,B,D,B,B,D,B,A,B,A,A,0.3,random3
1002,random3,5,D,D,D,D,D,D,D,D,D,C,C,C,C,C,C,C,C,C,C,C,0.7,random3
1002,turntaking,6,E,E,E,D,D,B,D,B,D,B,D,E,D,E,B,E,D,E,D,D,0.25,random3
1003,turntaking,1,skip,A,B,A,C,A,B,A,B,C,B,B,B,E,E,E,E,C,C,B,0.4,random3
1003,random3,2,C,C,C,D,D,D,D,D,D,D,D,D,D,D,D,D,D,D,D,D,0.9,random3
1003,random3,3,A,A,A,A,A,A,A,A,A,A,A,A,A,A,A,A,C,E,E,E,0.5,random3
1003,turntaking,4,C,B,C,B,B,C,A,C,A,E,C,A,E,B,B,B,B,B,B,C,0.4,random3
1003,random3,5,B,B,B,B,B,B,B,B,B,C,B,A,C,C,C,C,C,C,C,C,0.35,random3
1003,random3,6,C,E,E,E,E,E,E,E,E,E,E,E,E,B,A,A,A,A,A,A,0.7,random3
1004,random3,1,B,B,B,B,B,B,B,D,D,D,D,D,D,A,A,A,A,A,A,A,0.5,turntaking
1004,turntaking,2,A,A,A,E,A,D,A,B,A,B,B,B,D,D,B,D,B,D,B,D,0.5,turntaking
1004,random3,3,A,A,A,A,A,A,A,A,A,A,A,A,D,A,B,B,B,B,B,B,0.35,turntaking
1004,random3,4,C,C,C,C,C,C,C,C,C,C,C,C,C,C,C,C,C,C,C,C,1.0,turntaking
1004,random3,5,D,D,D,D,B,B,E,E,E,E,E,E,E,E,E,E,E,E,E,E,0.85,turntaking
1004,turntaking,6,E,E,E,D,D,B,B,D,B,D,D,A,B,A,D,A,D,A,D,B,0.45,turntaking
1005,turntaking,1,skip,C,C,C,C,C,C,C,C,D,B,D,E,C,D,C,D,C,D,D,0.35,random3
1005,random3,2,D,D,A,A,A,A,C,C,C,C,C,C,C,C,C,C,C,C,C,C,0.45,random3
1005,random3,3,E,E,E,E,E,E,E,E,E,E,E,E,E,E,E,E,E,E,E,E,0.7,random3
1005,random3,4,B,B,B,B,B,B,B,B,B,B,A,A,A,A,A,A,A,A,A,A,0.95,random3
1005,turntaking,5,D,D,D,D,D,D,D,D,D,B,E,C,B,D,E,D,E,D,E,E,0.35,random3
1005,random3,6,C,C,C,C,A,A,D,D,D,D,D,D,B,B,B,B,B,B,B,B,0.45,random3
1006,radicaleq,1,A,C,B,E,D,E,D,E,skip,E,skip,E,E,skip,skip,E,E,A,A,skip,0.45,radicaleq
1006,turntaking,2,A,A,A,E,E,E,E,A,E,A,A,E,A,A,D,A,D,A,D,D,0.1,radicaleq
1006,turntaking,3,B,E,E,D,A,A,A,D,A,D,D,A,D,E,B,E,B,E,B,C,0.45,radicaleq
1006,radicaleq,4,D,A,E,B,E,B,E,B,E,B,E,skip,skip,A,E,A,A,skip,skip,E,0.45,radicaleq
1006,radicaleq,5,E,skip,D,skip,skip,D,skip,D,B,D,B,A,D,D,A,skip,skip,E,D,B,0.4,radicaleq
1006,radicaleq,6,skip,D,A,D,B,A,B,A,D,A,D,B,A,E,D,B,D,B,E,A,0.45,radicaleq
1007,radicaleq,1,A,E,C,skip,B,skip,E,D,E,B,skip,D,E,D,B,C,B,C,C,C,0.4,radicaleq
1007,radicaleq,2,B,C,D,C,D,C,skip,E,skip,D,B,C,D,skip,skip,D,D,E,B,E,0.45,radicaleq
1007,turntaking,3,B,B,D,B,D,D,D,C,B,C,B,E,B,D,C,D,C,B,C,B,0.4,radicaleq
1007,radicaleq,4,D,skip,E,D,C,D,B,skip,D,skip,D,skip,skip,E,D,E,E,skip,E,skip,0.4,radicaleq
1007,radicaleq,5,E,D,skip,E,skip,E,D,B,C,C,C,E,B,B,E,skip,skip,D,skip,D,0.35,radicaleq
1007,turntaking,6,E,E,E,D,E,E,E,B,E,D,E,D,E,E,B,E,B,E,D,D,0.15,radicaleq
1008,radicaleq,1,A,E,A,C,skip,B,C,B,C,B,C,D,C,C,B,B,C,E,E,skip,0.45,radicaleq
1008,radicaleq,2,B,D,D,E,C,E,skip,E,skip,E,skip,E,E,skip,skip,E,E,skip,skip,C,0.45,radicaleq
1008,turntaking,3,B,B,C,B,B,C,B,C,B,C,C,C,B,C,B,C,D,C,D,D,0.4,radicaleq
1008,turntaking,4,C,E,E,E,E,B,E,B,E,B,B,E,C,E,C,E,B,E,B,B,0.1,radicaleq
1008,radicaleq,5,E,skip,E,D,E,D,E,D,E,D,E,skip,skip,E,C,C,B,B,B,B,0.35,radicaleq
1008,radicaleq,6,skip,C,skip,B,D,C,D,C,D,C,D,C,B,B,E,skip,skip,C,C,E,0.45,radicaleq
1009,radicaleq,1,A,B,C,B,A,D,skip,skip,C,C,D,skip,skip,C,C,D,D,skip,C,B,0.35,radicaleq
1009,turntaking,2,A,A,C,B,C,B,C,A,C,A,A,C,A,C,A,C,A,B,A,B,0.35,radicaleq
1009,radicaleq,3,C,skip,D,C,C,B,B,C,D,D,skip,C,C,D,D,skip,skip,C,skip,C,0.4,radicaleq
1009,radicaleq,4,D,C,skip,D,skip,skip,D,D,skip,skip,C,D,D,skip,skip,C,B,A,A,A,0.35,radicaleq
1009,turntaking,5,D,D,D,C,D,C,D,B,D,B,B,D,B,D,B,D,B,D,C,D,0.1,radicaleq
1009,radicaleq,6,skip,D,B,skip,D,C,C,B,A,B,A,A,B,A,B,A,C,D,B,skip,0.35,radicaleq
1010,radicaleq,1,A,skip,A,E,B,E,B,skip,B,skip,A,E,D,skip,D,A,B,B,D,skip,0.45,radicaleq
1010,radicaleq,2,B,C,B,skip,A,skip,A,E,A,E,D,skip,skip,B,E,D,A,A,B,B,0.35,radicaleq
1010,turntaking,3,B,B,A,B,B,D,D,D,D,A,A,D,A,D,D,D,A,D,A,B,0.2,radicaleq
1010,radicaleq,4,D,A,skip,A,E,B,D,B,D,B,E,B,E,A,skip,skip,D,skip,skip,D,0.45,radicaleq
1010,turntaking,5,D,D,D,A,D,A,A,A,A,B,B,B,B,B,A,A,B,A,B,E,0.35,radicaleq
1010,radicaleq,6,skip,D,C,D,skip,D,E,D,E,D,skip,D,A,E,A,B,skip,D,A,A,0.4,radicaleq
1011,radicaleq,1,A,C,skip,D,A,skip,D,A,C,D,C,C,C,D,C,D,C,D,C,C,0.45,radicaleq
1011,radicaleq,2,B,E,C,E,D,A,C,D,E,E,skip,D,A,C,A,C,A,C,A,D,0.5,radicaleq
1011,radicaleq,3,C,D,A,skip,E,D,E,E,skip,skip,A,skip,E,A,E,A,E,A,E,A,0.4,radicaleq
1011,radicaleq,4,D,A,E,B,skip,E,skip,skip,A,C,D,A,D,skip,D,skip,D,skip,D,skip,0.45,radicaleq
1011,turntaking,5,D,D,D,D,D,C,D,C,A,A,C,E,A,E,A,E,A,E,C,A,0.4,radicaleq
1011,turntaking,6,E,E,E,E,E,A,E,A,E,D,D,D,E,D,E,D,E,D,E,E,0.1,radicaleq
1012,turntaking,1,skip,E,E,E,E,A,D,E,D,A,A,D,A,D,A,D,E,E,D,D,0.1,radicaleq
1012,turntaking,2,A,D,D,D,D,C,A,C,E,C,C,E,C,E,C,A,C,D,A,A,0.4,radicaleq
1012,radicaleq,3,C,D,A,skip,E,E,D,E,E,A,C,C,A,C,A,C,C,C,C,E,0.45,radicaleq
1012,radicaleq,4,D,E,D,A,skip,D,skip,D,skip,skip,E,D,D,skip,skip,E,skip,E,A,C,0.4,radicaleq
1012,radicaleq,5,E,skip,E,D,A,skip,E,skip,D,E,D,skip,skip,E,E,D,A,skip,D,A,0.35,radicaleq
1012,radicaleq,6,skip,A,skip,E,D,A,C,C,C,D,skip,E,E,D,D,skip,E,A,E,skip,0.4,radicaleq
1013,turntaking,1,skip,E,E,D,E,C,E,C,E,C,C,E,C,D,C,B,D,B,D,D,0.4,radicaleq
1013,radicaleq,2,B,C,E,D,D,B,skip,skip,E,D,D,C,D,C,C,C,C,E,C,E,0.45,radicaleq
1013,turntaking,3,B,B,B,E,B,D,B,D,B,D,D,B,D,B,E,E,B,E,B,B,0.05,radicaleq
1013,radicaleq,4,D,B,B,E,E,D,D,D,D,E,B,skip,skip,E,skip,E,D,C,D,C,0.4,radicaleq
1013,radicaleq,5,E,skip,skip,B,skip,skip,E,E,B,B,skip,E,E,B,D,skip,B,D,B,D,0.35,radicaleq
1013,radicaleq,6,skip,E,D,skip,B,E,B,B,skip,skip,E,B,B,skip,E,D,E,skip,E,skip,0.4,radicaleq
1014,turntaking,1,skip,D,D,B,D,C,D,C,D,C,C,D,C,B,C,D,B,D,C,C,0.35,radicaleq
1014,radicaleq,2,B,D,B,skip,E,D,E,E,skip,skip,D,E,E,skip,E,skip,skip,E,D,E,0.45,radicaleq
1014,radicaleq,3,C,E,D,B,B,E,skip,skip,D,B,B,C,B,C,C,C,B,B,E,skip,0.4,radicaleq
1014,radicaleq,4,D,skip,E,D,D,B,B,B,B,D,E,skip,skip,D,skip,D,D,D,B,C,0.3,radicaleq
1014,radicaleq,5,E,B,skip,E,skip,skip,D,D,E,E,skip,D,D,E,B,E,E,skip,skip,D,0.4,radicaleq
1014,turntaking,6,E,E,E,D,E,B,E,B,E,B,B,E,B,E,D,E,D,E,B,B,0.1,radicaleq
1015,radicaleq,1,A,B,E,B,E,B,skip,C,skip,skip,A,A,E,A,B,skip,C,skip,skip,C,0.4,radicaleq
1015,turntaking,2,A,A,E,A,E,E,E,B,E,B,B,E,A,A,E,E,A,E,A,B,0.3,radicaleq
1015,radicaleq,3,C,E,C,E,B,E,A,skip,E,A,B,B,B,C,E,A,skip,C,E,E,0.35,radicaleq
1015,turntaking,4,C,C,C,E,C,C,C,A,C,A,A,C,E,C,C,C,E,C,E,A,0.05,radicaleq
1015,radicaleq,5,E,skip,skip,C,skip,C,E,A,B,E,C,skip,skip,skip,C,E,A,A,C,skip,0.35,radicaleq
1015,radicaleq,6,skip,C,B,skip,A,skip,C,E,C,C,skip,C,A,B,skip,C,E,E,A,A,0.25,radicaleq
1016,radicaleq,1,A,D,E,D,D,B,E,E,E,B,E,C,B,B,D,skip,skip,C,B,E,0.4,radicaleq
1016,radicaleq,2,B,C,B,skip,C,D,C,B,skip,C,B,E,C,C,B,E,B,E,C,D,0.45,radicaleq
1016,radicaleq,3,C,E,D,A,skip,C,skip,D,B,D,skip,D,D,skip,skip,C,C,D,D,skip,0.4,radicaleq
1016,turntaking,4,C,C,C,C,D,E,B,E,C,B,B,C,B,C,E,C,E,C,E,A,0.4,radicaleq
1016,turntaking,5,D,D,D,D,C,B,C,D,D,C,C,D,C,D,B,D,B,D,B,B,0.15,radicaleq
1016,radicaleq,6,skip,B,skip,C,B,skip,D,skip,D,E,D,skip,skip,D,C,D,D,skip,skip,C,0.4,radicaleq
1017,radicaleq,1,A,E,D,E,D,E,skip,skip,E,C,C,C,C,E,E,skip,skip,C,B,D,0.35,radicaleq
1017,radicaleq,2,B,skip,B,A,B,skip,C,B,B,E,skip,E,E,skip,skip,C,B,D,C,E,0.45,radicaleq
1017,radicaleq,3,C,D,C,skip,C,D,E,C,C,B,B,D,B,D,B,D,C,E,E,skip,0.4,radicaleq
1017,turntaking,4,C,C,B,E,E,C,C,B,C,B,D,C,D,C,D,C,D,C,D,D,0.35,radicaleq
1017,radicaleq,5,E,B,skip,B,E,B,D,E,skip,skip,E,skip,skip,C,C,E,E,skip,skip,C,0.4,radicaleq
1017,turntaking,6,E,E,E,C,C,B,E,C,E,C,B,E,B,E,B,E,B,E,B,B,0.15,radicaleq
1018,turntaking,1,skip,E,E,D,E,B,E,B,E,B,B,E,B,D,B,C,D,C,D,D,0.4,radicaleq
1018,radicaleq,2,B,C,E,D,D,C,skip,skip,E,D,D,B,D,B,B,B,B,E,B,E,0.45,radicaleq
1018,radicaleq,3,C,D,C,E,E,D,D,D,D,E,C,skip,skip,E,skip,E,D,B,D,B,0.4,radicaleq
1018,turntaking,4,C,C,C,E,C,D,C,D,C,D,D,C,D,C,E,E,C,E,C,C,0.05,radicaleq
1018,radicaleq,5,E,skip,skip,C,skip,skip,E,E,C,C,skip,E,E,C,D,skip,C,D,C,D,0.35,radicaleq
1018,radicaleq,6,skip,E,D,skip,C,E,C,C,skip,skip,E,C,C,skip,E,D,E,skip,E,skip,0.4,radicaleq
1019,radicaleq,1,A,B,C,A,D,E,D,E,skip,E,skip,E,E,skip,skip,A,A,E,D,E,0.5,radicaleq
1019,turntaking,2,A,A,D,D,A,A,A,D,A,D,D,A,D,A,C,A,C,D,C,D,0.45,radicaleq
1019,radicaleq,3,C,E,A,skip,E,C,E,C,E,C,E,skip,skip,E,A,E,E,skip,E,skip,0.45,radicaleq
1019,radicaleq,4,D,skip,E,C,skip,D,skip,D,C,D,C,A,D,D,E,skip,skip,A,skip,A,0.4,radicaleq
1019,radicaleq,5,E,D,skip,D,C,A,C,A,D,A,D,C,A,A,D,C,D,C,C,C,0.4,radicaleq
1019,turntaking,6,E,E,E,A,E,E,E,A,E,A,A,E,A,E,D,E,D,E,A,A,0.1,radicaleq
1020,turntaking,1,skip,C,C,E,C,B,C,B,C,B,B,C,B,E,B,D,E,D,E,E,0.4,radicaleq
1020,radicaleq,2,B,D,C,E,E,D,skip,skip,C,E,E,B,E,B,B,B,B,C,B,C,0.45,radicaleq
1020,radicaleq,3,C,skip,D,C,C,E,E,E,E,C,D,skip,skip,C,skip,C,E,B,E,B,0.4,radicaleq
1020,radicaleq,4,D,E,skip,D,skip,skip,C,C,D,D,skip,C,C,D,E,skip,D,E,D,E,0.35,radicaleq
1020,turntaking,5,D,D,D,C,D,E,D,E,D,E,E,D,E,D,C,C,D,C,D,D,0.05,radicaleq
1020,radicaleq,6,skip,C,E,skip,D,C,D,D,skip,skip,C,D,D,skip,C,E,C,skip,C,skip,0.4,radicaleq
1021,rotate0,1,A,A,A,A,A,A,A,A,A,A,A,A,A,A,A,A,A,A,A,A,0.5,turntaking
1021,turntaking,2,A,A,A,E,E,D,E,D,E,D,D,E,D,E,D,E,D,E,D,B,0.05,turntaking
1021,turntaking,3,B,E,E,D,A,B,A,B,A,B,C,A,B,A,B,A,B,D,A,C,0.45,turntaking
1021,rotate0,4,D,D,D,D,D,D,D,D,D,D,D,D,D,D,D,D,D,D,D,D,0.5,turntaking
1021,rotate0,5,E,E,E,E,E,E,E,E,E,E,E,E,E,E,E,E,E,E,E,E,0.5,turntaking
1021,rotate0,6,skip,skip,skip,skip,skip,skip,skip,skip,skip,skip,skip,skip,skip,skip,skip,skip,skip,skip,skip,skip,0.0,turntaking
1022,rotate0,1,A,A,A,A,A,A,A,A,A,A,A,A,A,A,A,A,A,A,A,A,0.5,rotate0
1022,rotate0,2,B,B,B,B,B,B,B,B,B,B,B,B,B,B,B,B,B,B,B,B,0.5,rotate0
1022,turntaking,3,B,B,B,A,B,A,B,A,B,A,A,B,A,B,A,B,A,B,A,A,0.0,rotate0
1022,rotate0,4,D,D,D,D,D,D,D,D,D,D,D,D,D,D,D,D,D,D,D,D,0.5,rotate0
1022,rotate0,5,E,E,E,E,E,E,E,E,E,E,E,E,E,E,E,E,E,E,E,E,0.5,rotate0
1022,turntaking,6,E,E,E,D,E,D,E,D,E,D,D,E,D,E,D,E,D,E,D,D,0.0,rotate0
1023,rotate0,1,A,A,A,A,A,A,A,A,A,A,A,A,A,A,A,A,A,A,A,A,0.5,turntaking
1023,rotate0,2,B,B,B,B,B,B,B,B,B,B,B,B,B,B,B,B,B,B,B,B,0.5,turntaking
1023,turntaking,3,B,B,B,E,E,A,E,A,E,A,A,E,A,E,A,E,A,E,B,C,0.05,turntaking
1023,turntaking,4,C,E,E,A,B,C,B,C,B,C,D,B,C,B,C,B,C,A,A,D,0.45,turntaking
1023,rotate0,5,E,E,E,E,E,E,E,E,E,E,E,E,E,E,E,E,E,E,E,E,0.5,turntaking
1023,rotate0,6,skip,skip,skip,skip,skip,skip,skip,skip,skip,skip,skip,skip,skip,skip,skip,skip,skip,skip,skip,skip,0.0,turntaking
1024,rotate0,1,A,A,A,A,A,A,A,A,A,A,A,A,A,A,A,A,A,A,A,A,0.5,turntaking
1024,turntaking,2,A,A,A,E,A,E,A,E,C,C,E,C,E,C,E,C,E,C,E,B,0.45,turntaking
1024,rotate0,3,C,C,C,C,C,C,C,C,C,C,C,C,C,C,C,C,C,C,C,C,0.5,turntaking
1024,rotate0,4,D,D,D,D,D,D,D,D,D,D,D,D,D,D,D,D,D,D,D,D,0.5,turntaking
1024,turntaking,5,D,D,D,C,D,C,D,C,D,A,C,D,A,D,A,D,A,D,A,E,0.05,turntaking
1024,rotate0,6,skip,skip,skip,skip,skip,skip,skip,skip,skip,skip,skip,skip,skip,skip,skip,skip,skip,skip,skip,skip,0.0,turntaking
1025,rotate0,1,A,A,A,A,A,A,A,A,A,A,A,A,A,A,A,A,A,A,A,A,0.5,turntaking
1025,rotate0,2,B,B,B,B,B,B,B,B,B,B,B,B,B,B,B,B,B,B,B,B,0.5,turntaking
1025,turntaking,3,B,B,B,E,B,E,B,E,A,A,E,B,E,B,E,B,E,B,E,C,0.45,turntaking
1025,rotate0,4,D,D,D,D,D,D,D,D,D,D,D,D,D,D,D,D,D,D,D,D,0.5,turntaking
1025,turntaking,5,D,D,D,A,D,A,D,A,D,B,A,D,A,D,A,D,A,D,A,E,0.05,turntaking
1025,rotate0,6,skip,skip,skip,skip,skip,skip,skip,skip,skip,skip,skip,skip,skip,skip,skip,skip,skip,skip,skip,skip,0.0,turntaking
1026,rotate0,1,A,A,A,A,A,A,A,A,A,A,A,A,A,A,A,A,A,A,A,A,0.65,rotate0
1026,rotate0,2,B,B,B,B,B,B,B,B,B,B,B,B,B,B,B,B,B,B,B,B,0.55,rotate0
1026,rotate0,3,C,C,C,C,C,C,C,C,C,C,C,C,C,C,C,C,C,C,C,C,0.5,rotate0
1026,rotate0,4,D,D,D,D,D,D,D,D,D,D,D,D,D,D,D,D,D,D,D,D,0.5,rotate0
1026,turntaking,5,D,D,D,E,D,C,D,C,D,B,B,D,B,D,B,D,B,D,B,B,0.05,rotate0
1026,turntaking,6,E,E,E,C,C,B,C,B,C,A,A,C,A,C,A,C,A,C,A,A,0.15,rotate0
1027,turntaking,1,skip,E,E,E,E,C,E,C,E,C,C,D,C,E,C,E,C,E,C,C,0.0,rotate0
1027,turntaking,2,A,D,D,D,D,A,D,A,D,A,E,C,A,D,A,D,A,D,A,A,0.45,rotate0
1027,rotate0,3,C,C,C,C,C,C,C,C,C,C,C,C,C,C,C,C,C,C,C,C,0.5,rotate0
1027,rotate0,4,D,D,D,D,D,D,D,D,D,D,D,D,D,D,D,D,D,D,D,D,0.5,rotate0
1027,rotate0,5,E,E,E,E,E,E,E,E,E,E,E,E,E,E,E,E,E,E,E,E,0.5,rotate0
1027,rotate0,6,skip,skip,skip,skip,skip,skip,skip,skip,skip,skip,skip,skip,skip,skip,skip,skip,skip,skip,skip,skip,0.0,rotate0
1028,turntaking,1,skip,E,E,D,B,C,B,C,B,C,C,B,C,B,C,B,C,B,C,C,0.45,rotate0
1028,rotate0,2,B,B,B,B,B,B,B,B,B,B,B,B,B,B,B,B,B,B,B,B,0.5,rotate0
1028,turntaking,3,B,B,B,E,E,D,E,D,E,D,D,E,D,E,D,E,D,E,D,D,0.0,rotate0
1028,rotate0,4,D,D,D,D,D,D,D,D,D,D,D,D,D,D,D,D,D,D,D,D,0.5,rotate0
1028,rotate0,5,E,E,E,E,E,E,E,E,E,E,E,E,E,E,E,E,E,E,E,E,0.5,rotate0
1028,rotate0,6,skip,skip,skip,skip,skip,skip,skip,skip,skip,skip,skip,skip,skip,skip,skip,skip,skip,skip,skip,skip,0.0,rotate0
1029,turntaking,1,skip,D,D,C,D,B,D,B,D,B,B,D,B,D,B,D,B,D,B,C,0.0,rotate0
1029,rotate0,2,B,B,B,B,B,B,B,B,B,B,B,B,B,B,B,B,B,B,B,B,0.55,rotate0
1029,rotate0,3,C,C,C,C,C,C,C,C,C,C,C,C,C,C,C,C,C,C,C,C,0.5,rotate0
1029,rotate0,4,D,D,D,D,D,D,D,D,D,D,D,D,D,D,D,D,D,D,D,D,0.5,rotate0
1029,rotate0,5,E,E,E,E,E,E,E,E,E,E,E,E,E,E,E,E,E,E,E,E,0.5,rotate0
1029,turntaking,6,E,E,E,D,E,C,E,C,E,C,C,E,C,E,C,E,C,E,C,B,0.0,rotate0
1030,rotate0,1,A,A,A,A,A,A,A,A,A,A,A,A,A,A,A,A,A,A,A,A,0.5,turntaking
1030,turntaking,2,A,A,A,D,A,D,A,D,E,E,D,C,D,C,D,C,D,C,D,B,0.45,turntaking
1030,rotate0,3,C,C,C,C,C,C,C,C,C,C,C,C,C,C,C,C,C,C,C,C,0.5,turntaking
1030,turntaking,4,C,C,C,E,C,E,C,E,C,A,E,E,A,E,A,E,A,E,A,D,0.05,turntaking
1030,rotate0,5,E,E,E,E,E,E,E,E,E,E,E,E,E,E,E,E,E,E,E,E,0.5,turntaking
1030,rotate0,6,skip,skip,skip,skip,skip,skip,skip,skip,skip,skip,skip,skip,skip,skip,skip,skip,skip,skip,skip,skip,0.0,turntaking
1031,rotate0,1,A,A,A,A,A,A,A,A,A,A,A,A,A,A,A,A,A,A,A,A,0.55,turntaking
1031,rotate0,2,B,B,B,B,B,B,B,B,B,B,B,B,B,B,B,B,B,B,B,B,0.5,turntaking
1031,rotate0,3,C,C,C,C,C,C,C,C,C,C,C,C,C,C,C,C,C,C,C,C,0.5,turntaking
1031,turntaking,4,C,C,C,D,C,B,C,B,C,A,A,C,A,C,A,C,A,C,A,A,0.05,turntaking
1031,turntaking,5,D,D,D,B,B,A,B,A,B,D,D,B,D,B,D,B,D,B,D,D,0.5,turntaking
1031,rotate0,6,skip,skip,skip,skip,skip,skip,skip,skip,skip,skip,skip,skip,skip,skip,skip,skip,skip,skip,skip,skip,0.0,turntaking
1032,rotate0,1,A,A,A,A,A,A,A,A,A,A,A,A,A,A,A,A,A,A,A,A,0.5,rotate0
1032,rotate0,2,B,B,B,B,B,B,B,B,B,B,B,B,B,B,B,B,B,B,B,B,0.5,rotate0
1032,rotate0,3,C,C,C,C,C,C,C,C,C,C,C,C,C,C,C,C,C,C,C,C,0.5,rotate0
1032,turntaking,4,C,C,C,A,C,A,C,A,C,A,A,C,A,C,A,C,A,C,A,A,0.0,rotate0
1032,rotate0,5,E,E,E,E,E,E,E,E,E,E,E,E,E,E,E,E,E,E,E,E,0.5,rotate0
1032,turntaking,6,E,E,E,B,E,B,E,B,E,B,B,E,B,E,B,E,B,E,B,B,0.0,rotate0
1033,turntaking,1,skip,E,E,B,C,D,C,D,C,D,D,C,D,C,D,C,D,C,D,D,0.45,rotate0
1033,rotate0,2,B,B,B,B,B,B,B,B,B,B,B,B,B,B,B,B,B,B,B,B,0.5,rotate0
1033,rotate0,3,C,C,C,C,C,C,C,C,C,C,C,C,C,C,C,C,C,C,C,C,0.5,rotate0
1033,turntaking,4,C,C,C,E,E,B,E,B,E,B,B,E,B,E,B,E,B,E,B,B,0.0,rotate0
1033,rotate0,5,E,E,E,E,E,E,E,E,E,E,E,E,E,E,E,E,E,E,E,E,0.5,rotate0
1033,rotate0,6,skip,skip,skip,skip,skip,skip,skip,skip,skip,skip,skip,skip,skip,skip,skip,skip,skip,skip,skip,skip,0.0,rotate0
1034,rotate0,1,A,A,A,A,A,A,A,A,A,A,A,A,A,A,A,A,A,A,A,A,0.5,rotate0
1034,turntaking,2,A,A,A,C,A,C,A,C,A,C,C,A,C,A,C,A,C,A,C,C,0.0,rotate0
1034,rotate0,3,C,C,C,C,C,C,C,C,C,C,C,C,C,C,C,C,C,C,C,C,0.5,rotate0
1034,rotate0,4,D,D,D,D,D,D,D,D,D,D,D,D,D,D,D,D,D,D,D,D,0.5,rotate0
1034,rotate0,5,E,E,E,E,E,E,E,E,E,E,E,E,E,E,E,E,E,E,E,E,0.5,rotate0
1034,turntaking,6,E,E,E,D,E,D,E,D,E,D,D,E,D,E,D,E,D,E,D,D,0.0,rotate0
1035,turntaking,1,skip,C,C,B,C,E,C,E,C,E,E,C,E,C,E,C,E,C,E,E,0.45,rotate0
1035,rotate0,2,B,B,B,B,B,B,B,B,B,B,B,B,B,B,B,B,B,B,B,B,0.5,rotate0
1035,rotate0,3,C,C,C,C,C,C,C,C,C,C,C,C,C,C,C,C,C,C,C,C,0.5,rotate0
1035,rotate0,4,D,D,D,D,D,D,D,D,D,D,D,D,D,D,D,D,D,D,D,D,0.5,rotate0
1035,turntaking,5,D,D,D,C,D,B,D,B,D,B,B,D,B,D,B,D,B,D,B,B,0.0,rotate0
1035,rotate0,6,skip,skip,skip,skip,skip,skip,skip,skip,skip,skip,skip,skip,skip,skip,skip,skip,skip,skip,skip,skip,0.0,rotate0
1036,caste,1,A,D,B,D,B,D,B,D,B,D,B,D,B,D,B,D,B,D,B,D,0.9,turntaking
1036,turntaking,2,A,A,A,A,A,A,A,A,A,A,A,A,A,A,A,A,A,A,A,E,0.45,turntaking
1036,turntaking,3,B,E,E,E,E,E,E,E,E,E,E,E,E,E,E,E,E,E,E,D,0.5,turntaking
1036,caste,4,D,C,C,C,C,C,C,C,C,C,D,B,D,B,D,B,D,B,D,B,1.0,turntaking
1036,caste,5,E,B,D,B,D,B,D,B,D,B,C,C,C,C,C,C,C,C,C,C,1.0,turntaking
1036,caste,6,skip,E,A,E,A,E,A,E,A,E,A,E,A,E,A,E,A,E,A,E,0.0,turntaking
1037,caste,1,A,C,C,C,C,C,C,C,C,C,C,A,A,A,A,A,A,A,A,A,1.0,turntaking
1037,caste,2,B,D,D,A,D,A,D,A,D,A,D,D,D,D,D,D,D,D,D,D,0.85,turntaking
1037,turntaking,3,B,B,B,B,B,B,B,B,B,B,E,E,B,B,B,B,B,B,B,E,0.4,turntaking
1037,caste,4,D,A,A,D,A,D,A,D,A,D,A,C,C,C,C,C,C,C,C,C,1.0,turntaking
1037,caste,5,E,B,E,B,E,B,E,B,E,B,E,B,B,E,B,E,B,E,B,E,0.0,turntaking
1037,turntaking,6,E,E,E,E,E,E,E,E,E,E,D,B,E,E,E,E,E,E,E,D,0.45,turntaking
1038,caste,1,A,D,D,D,D,D,D,D,D,D,D,D,C,C,C,C,C,C,C,C,1.0,turntaking
1038,caste,2,B,C,C,A,A,C,A,C,A,C,A,C,A,A,A,A,A,A,A,A,0.9,turntaking
1038,turntaking,3,B,B,B,B,B,B,B,B,B,B,B,B,B,B,B,B,B,B,B,E,0.45,turntaking
1038,turntaking,4,C,E,E,E,E,E,E,E,E,E,E,E,E,E,E,E,E,E,E,A,0.5,turntaking
1038,caste,5,E,A,A,C,C,A,C,A,C,A,C,A,D,D,D,D,D,D,D,D,1.0,turntaking
1038,caste,6,skip,E,B,E,B,E,B,E,B,E,B,E,B,E,B,E,B,E,B,E,0.0,turntaking
1039,caste,1,A,E,B,E,B,E,B,E,B,E,B,E,B,E,B,E,B,E,B,E,0.95,turntaking
1039,turntaking,2,A,A,A,A,A,A,A,A,A,A,D,D,A,A,A,A,A,A,A,D,0.4,turntaking
1039,caste,3,C,B,E,B,E,B,E,B,E,B,E,B,E,B,E,B,E,B,E,B,1.0,turntaking
1039,caste,4,D,C,C,C,C,C,C,C,C,C,C,C,C,C,C,C,C,C,C,C,0.85,turntaking
1039,turntaking,5,D,D,D,D,D,D,D,D,D,D,C,A,D,D,D,D,D,D,D,C,0.45,turntaking
1039,caste,6,skip,A,D,A,D,A,D,A,D,A,D,A,A,D,A,D,A,D,A,D,0.0,turntaking
1040,caste,1,A,C,C,C,C,C,C,C,C,C,C,C,C,C,C,C,C,C,C,C,1.0,turntaking
1040,caste,2,B,E,E,E,E,E,E,E,E,E,E,E,E,E,E,E,E,E,E,E,0.95,turntaking
1040,turntaking,3,B,B,B,B,B,B,B,B,B,B,D,D,B,B,B,B,B,B,B,D,0.4,turntaking
1040,caste,4,D,A,A,A,A,A,A,A,A,A,A,A,A,A,A,A,A,A,A,A,0.85,turntaking
1040,turntaking,5,D,D,D,D,D,D,D,D,D,D,A,B,D,D,D,D,D,D,D,A,0.45,turntaking
1040,caste,6,skip,B,D,B,D,B,D,B,D,B,D,B,B,D,B,D,B,D,B,D,0.0,turntaking
1041,caste,1,A,A,A,A,A,A,A,A,A,A,A,A,A,B,B,C,C,C,C,C,0.95,turntaking
1041,caste,2,B,B,B,B,B,B,B,B,B,B,B,C,C,C,C,B,B,B,B,B,1.0,turntaking
1041,caste,3,C,C,C,C,C,C,C,C,C,C,C,B,B,A,A,A,A,A,A,A,1.0,turntaking
1041,caste,4,D,E,D,E,D,E,D,E,D,E,D,E,D,E,D,E,D,E,D,E,0.0,turntaking
1041,turntaking,5,D,D,D,D,D,D,D,D,D,D,D,D,D,D,D,D,D,D,D,E,0.45,turntaking
1041,turntaking,6,E,E,E,E,E,E,E,E,E,E,E,E,E,E,E,E,E,E,E,C,0.5,turntaking
1042,turntaking,1,skip,E,C,C,C,D,D,C,C,D,D,C,C,D,D,C,C,D,D,C,0.5,turntaking
1042,turntaking,2,A,D,D,D,D,C,C,D,D,C,C,D,D,C,C,D,D,C,C,D,0.5,turntaking
1042,caste,3,C,B,B,B,B,B,B,B,B,B,A,E,E,E,E,E,E,E,E,E,1.0,turntaking
1042,caste,4,D,A,A,A,A,A,A,A,A,A,E,A,A,A,A,A,A,A,A,A,1.0,turntaking
1042,caste,5,E,C,E,E,E,E,E,E,E,E,B,B,B,B,B,B,B,B,B,B,1.0,turntaking
1042,caste,6,skip,D,C,D,C,C,D,D,C,C,D,D,C,C,D,D,C,C,D,D,0.0,turntaking
1043,turntaking,1,skip,E,E,E,B,B,E,E,B,B,E,E,E,E,B,B,E,E,B,D,0.45,turntaking
1043,caste,2,B,D,D,D,D,D,D,D,D,D,D,D,D,D,D,D,D,D,D,D,0.9,turntaking
1043,turntaking,3,B,B,B,B,E,E,B,B,E,E,B,B,B,B,E,E,B,B,E,B,0.45,turntaking
1043,caste,4,D,A,A,A,A,A,A,A,A,A,C,C,C,C,C,C,C,C,C,A,1.0,turntaking
1043,caste,5,E,C,C,C,C,C,C,C,C,C,A,A,A,A,A,A,A,A,A,C,1.0,turntaking
1043,caste,6,skip,E,B,E,E,B,B,E,E,B,B,E,B,E,E,B,B,E,E,B,0.0,turntaking
1044,turntaking,1,skip,D,E,E,D,D,E,E,D,D,E,E,D,D,E,E,D,D,E,C,0.45,turntaking
1044,caste,2,B,A,A,A,A,A,A,A,A,A,A,B,C,C,C,C,C,C,C,C,0.95,turntaking
1044,caste,3,C,B,B,B,B,B,B,B,B,B,C,C,B,B,B,B,B,B,B,B,1.0,turntaking
1044,caste,4,D,C,C,C,C,C,C,C,C,C,B,A,A,A,A,A,A,A,A,A,1.0,turntaking
1044,caste,5,E,D,D,E,E,D,D,E,E,D,D,E,E,D,D,E,E,D,D,E,0.0,turntaking
1044,turntaking,6,E,E,D,D,E,E,D,D,E,E,D,D,E,E,D,D,E,E,D,E,0.45,turntaking
1045,caste,1,A,D,B,D,B,D,B,D,B,D,B,D,B,D,B,D,B,B,D,B,0.95,turntaking
1045,turntaking,2,A,A,A,A,A,A,A,A,A,A,C,C,A,A,A,A,A,A,A,C,0.4,turntaking
1045,caste,3,C,E,E,E,E,E,E,E,E,E,E,E,E,E,E,E,E,E,E,E,0.85,turntaking
1045,turntaking,4,C,C,C,C,C,C,C,C,C,C,E,A,C,C,C,C,C,C,C,E,0.45,turntaking
1045,caste,5,E,B,D,B,D,B,D,B,D,B,D,B,D,B,D,B,D,D,B,D,1.0,turntaking
1045,caste,6,skip,A,C,A,C,A,C,A,C,A,C,A,A,C,A,C,A,C,A,C,0.0,turntaking
1046,caste,1,A,E,E,E,E,E,E,E,E,E,E,E,E,E,E,A,A,A,A,A,1.0,turntaking
1046,caste,2,B,A,A,A,A,A,A,A,A,A,A,A,A,A,A,E,E,E,E,E,1.0,turntaking
1046,caste,3,C,B,B,B,B,B,B,B,B,B,B,B,B,B,B,B,B,B,B,B,0.9,turntaking
1046,turntaking,4,C,C,C,C,C,C,C,C,C,C,C,C,C,C,C,C,C,C,C,D,0.45,turntaking
1046,turntaking,5,D,D,D,D,D,D,D,D,D,D,D,D,D,D,D,D,D,D,D,B,0.5,turntaking
1046,caste,6,skip,D,C,D,C,D,C,D,C,D,C,D,C,D,C,D,C,D,C,D,0.0,turntaking
1047,caste,1,A,D,D,D,D,D,D,D,D,D,D,D,D,A,A,A,A,A,A,A,1.0,turntaking
1047,caste,2,B,A,A,A,A,A,A,A,A,A,A,A,A,D,D,D,D,D,D,D,1.0,turntaking
1047,caste,3,C,B,B,B,B,B,B,B,B,B,B,B,B,B,B,B,B,B,B,B,0.85,turntaking
1047,turntaking,4,C,C,C,C,C,C,C,C,C,C,E,E,C,C,C,C,C,C,C,E,0.4,turntaking
1047,caste,5,E,C,E,C,E,C,E,C,E,C,E,C,C,E,C,E,C,E,C,E,0.0,turntaking
1047,turntaking,6,E,E,E,E,E,E,E,E,E,E,B,C,E,E,E,E,E,E,E,B,0.45,turntaking
1048,turntaking,1,skip,E,E,E,C,C,E,E,C,C,E,E,C,C,E,E,C,C,E,B,0.45,turntaking
1048,caste,2,B,A,A,A,A,A,A,A,A,A,A,D,D,D,D,D,D,D,D,D,1.0,turntaking
1048,caste,3,C,B,B,B,B,B,B,B,B,B,B,B,B,B,B,B,B,B,B,B,0.9,turntaking
1048,turntaking,4,C,C,C,C,E,E,C,C,E,E,C,C,E,E,C,C,E,E,C,E,0.45,turntaking
1048,caste,5,E,D,D,D,D,D,D,D,D,D,D,A,A,A,A,A,A,A,A,A,1.0,turntaking
1048,caste,6,skip,E,C,E,E,C,C,E,E,C,C,E,E,C,C,E,E,C,C,E,0.0,turntaking
1049,caste,1,A,D,C,D,C,D,C,D,C,D,C,C,C,C,C,C,C,C,C,C,0.85,turntaking
1049,turntaking,2,A,A,A,A,A,A,A,A,A,A,E,E,A,A,A,A,A,A,A,E,0.4,turntaking
1049,caste,3,C,B,B,B,B,B,B,B,B,B,D,D,D,D,D,D,D,D,D,D,1.0,turntaking
1049,caste,4,D,C,D,C,D,C,D,C,D,C,B,B,B,B,B,B,B,B,B,B,1.0,turntaking
1049,caste,5,E,A,E,A,E,A,E,A,E,A,E,A,A,E,A,E,A,E,A,E,0.0,turntaking
1049,turntaking,6,E,E,E,E,E,E,E,E,E,E,C,A,E,E,E,E,E,E,E,C,0.45,turntaking
1050,turntaking,1,skip,C,D,D,C,C,D,D,C,C,D,D,C,C,D,D,C,C,D,B,0.45,turntaking
1050,caste,2,B,A,A,A,A,A,A,A,A,A,A,A,E,E,E,E,E,E,E,E,1.0,turntaking
1050,caste,3,C,E,E,E,E,E,E,E,E,E,E,E,A,A,A,A,A,A,A,A,1.0,turntaking
1050,caste,4,D,B,B,B,B,B,B,B,B,B,B,B,B,B,B,B,B,B,B,B,0.9,turntaking
1050,turntaking,5,D,D,C,C,D,D,C,C,D,D,C,C,D,D,C,C,D,D,C,D,0.45,turntaking
1050,caste,6,skip,C,C,D,D,C,C,D,D,C,C,D,D,C,C,D,D,C,C,D,0.0,turntaking
1051,equalize,1,A,C,C,D,B,A,C,D,B,A,C,B,A,C,D,B,A,C,D,B,0.7,equalize
1051,turntaking,2,A,A,A,A,A,A,A,A,A,A,E,E,A,A,A,A,A,A,A,E,0.4,equalize
1051,turntaking,3,B,E,E,E,E,E,E,E,E,E,B,A,E,E,E,E,E,E,E,B,0.45,equalize
1051,equalize,4,D,D,E,B,E,C,D,B,E,C,D,A,C,D,B,E,C,D,B,E,0.7,equalize
1051,equalize,5,E,E,B,A,C,D,B,A,C,D,B,C,D,B,A,C,D,B,A,C,0.7,equalize
1051,equalize,6,skip,B,A,C,D,B,E,C,D,B,E,D,B,E,C,D,B,E,C,D,0.7,equalize
1052,equalize,1,A,D,E,C,D,A,E,C,D,A,E,D,A,E,C,D,A,E,C,D,0.75,equalize
1052,equalize,2,B,C,C,D,A,B,C,D,A,B,C,A,B,C,D,A,B,C,D,A,0.7,equalize
1052,turntaking,3,B,B,B,B,B,B,B,B,B,B,E,E,B,B,B,B,B,B,B,E,0.4,equalize
1052,equalize,4,D,B,D,A,E,C,D,A,E,C,D,B,C,D,A,E,C,D,A,E,0.7,equalize
1052,equalize,5,E,A,A,B,C,D,A,B,C,D,A,C,D,A,B,C,D,A,B,C,0.7,equalize
1052,turntaking,6,E,E,E,E,E,E,E,E,E,E,A,B,E,E,E,E,E,E,E,A,0.45,equalize
1053,equalize,1,A,C,E,C,A,B,C,D,A,B,C,A,B,C,D,A,B,C,D,A,0.7,equalize
1053,equalize,2,B,D,D,A,E,C,D,A,E,C,D,B,C,D,A,E,C,D,A,E,0.7,equalize
1053,turntaking,3,B,B,B,B,B,B,B,B,B,B,E,E,B,B,B,B,B,B,B,E,0.4,equalize
1053,turntaking,4,C,E,E,E,E,E,E,E,E,E,A,B,E,E,E,E,E,E,E,A,0.45,equalize
1053,equalize,5,E,E,A,B,C,D,A,B,C,D,A,C,D,A,B,C,D,A,B,C,0.7,equalize
1053,equalize,6,skip,A,B,D,D,A,E,C,D,A,E,D,A,E,C,D,A,E,C,D,0.7,equalize
1054,equalize,1,A,B,B,E,C,D,B,E,C,A,B,E,C,A,B,E,C,A,B,E,0.75,equalize
1054,turntaking,2,A,A,A,D,D,D,D,D,A,A,D,D,A,A,D,D,A,A,D,C,0.45,equalize
1054,equalize,3,C,A,E,C,A,B,E,C,D,B,E,C,D,B,E,C,D,B,E,C,0.7,equalize
1054,equalize,4,D,E,C,B,B,E,C,D,B,E,C,D,B,E,C,D,B,E,C,D,0.7,equalize
1054,turntaking,5,D,D,C,A,A,A,A,A,D,D,A,A,D,D,A,A,D,D,A,D,0.45,equalize
1054,equalize,6,skip,C,D,D,E,C,A,B,E,C,A,B,E,C,A,B,E,C,A,B,0.7,equalize
1055,equalize,1,A,B,C,E,A,D,C,E,A,D,C,E,A,D,E,C,A,D,E,C,0.75,equalize
1055,equalize,2,B,C,E,A,B,C,E,A,B,C,E,A,B,E,C,A,B,E,C,A,0.7,equalize
1055,turntaking,3,B,B,B,D,D,D,D,D,D,D,B,B,D,D,B,B,D,D,B,A,0.45,equalize
1055,equalize,4,D,E,A,C,C,E,A,D,C,E,A,B,E,C,A,B,E,C,A,B,0.7,equalize
1055,turntaking,5,D,D,A,B,B,B,B,B,B,B,D,D,B,B,D,D,B,B,D,B,0.45,equalize
1055,equalize,6,skip,A,D,D,E,A,B,C,E,A,D,C,C,A,D,E,C,A,D,E,0.7,equalize
1056,equalize,1,A,B,D,C,B,A,E,C,B,A,E,B,A,E,C,B,A,E,C,B,0.75,equalize
1056,equalize,2,B,C,E,B,A,D,C,B,A,D,C,A,D,C,B,A,D,C,B,A,0.7,equalize
1056,equalize,3,C,E,B,A,E,C,B,A,E,C,B,D,C,B,A,E,C,B,A,E,0.7,equalize
1056,equalize,4,D,A,A,D,C,B,A,D,C,B,A,C,B,A,D,C,B,A,D,C,0.7,equalize
1056,turntaking,5,D,D,D,D,D,D,D,D,D,D,E,E,D,D,D,D,D,D,D,E,0.4,equalize
1056,turntaking,6,E,E,E,E,E,E,E,E,E,E,A,D,E,E,E,E,E,E,E,A,0.45,equalize
1057,turntaking,1,skip,E,C,C,D,D,C,C,C,C,D,D,D,D,C,C,C,C,D,E,0.45,equalize
1057,turntaking,2,A,D,D,D,C,C,D,D,D,D,C,C,C,C,D,D,D,D,C,D,0.45,equalize
1057,equalize,3,C,A,C,B,A,E,D,B,A,E,C,B,A,E,D,B,A,E,C,B,0.75,equalize
1057,equalize,4,D,C,D,A,E,D,B,A,E,C,B,A,E,D,B,A,E,C,B,A,0.75,equalize
1057,equalize,5,E,D,A,E,C,B,A,E,D,B,A,E,C,B,A,E,D,B,A,E,0.7,equalize
1057,equalize,6,skip,B,E,C,B,A,E,C,B,A,E,D,B,A,E,C,B,A,E,D,0.7,equalize
1058,turntaking,1,skip,E,E,E,E,E,B,B,B,B,E,E,E,E,B,B,B,B,E,D,0.45,equalize
1058,equalize,2,B,A,A,A,C,D,E,A,C,D,B,A,C,D,E,A,C,D,B,A,0.75,equalize
1058,turntaking,3,B,B,B,B,B,B,E,E,E,E,B,B,B,B,E,E,E,E,B,E,0.45,equalize
1058,equalize,4,D,D,B,C,D,E,A,C,D,B,A,C,D,E,A,C,D,B,A,C,0.75,equalize
1058,equalize,5,E,E,C,D,B,A,C,D,E,A,C,D,B,A,C,D,E,A,C,D,0.7,equalize
1058,equalize,6,skip,C,D,E,A,C,D,B,A,C,D,E,A,C,D,B,A,C,D,E,0.7,equalize
1059,turntaking,1,skip,D,E,E,D,D,E,E,D,D,E,E,D,D,E,E,D,D,E,B,0.45,equalize
1059,equalize,2,B,B,C,E,A,C,B,E,A,C,B,E,A,C,B,E,A,C,B,E,0.75,equalize
1059,equalize,3,C,C,D,A,C,B,D,A,C,B,D,A,C,B,D,A,C,B,D,A,0.75,equalize
1059,equalize,4,D,D,A,C,B,D,A,C,B,D,A,C,B,D,A,C,B,D,A,C,0.75,equalize
1059,equalize,5,E,A,B,B,E,A,C,B,E,A,C,B,E,A,C,B,E,A,C,B,0.7,equalize
1059,turntaking,6,E,E,D,D,E,E,D,D,E,E,D,D,E,E,D,D,E,E,D,E,0.45,equalize
1060,equalize,1,A,B,B,D,C,E,B,D,C,E,B,D,C,E,B,D,C,A,B,D,0.75,equalize
1060,turntaking,2,A,A,A,E,E,E,E,E,E,E,A,A,E,E,A,A,A,A,E,C,0.45,equalize
1060,equalize,3,C,D,D,C,A,B,D,C,A,B,D,C,A,B,D,C,E,B,D,C,0.7,equalize
1060,turntaking,4,C,C,E,A,A,A,A,A,A,A,E,E,A,A,E,E,E,E,A,E,0.45,equalize
1060,equalize,5,E,A,E,B,B,D,C,E,B,D,C,A,B,D,C,A,B,D,C,E,0.7,equalize
1060,equalize,6,skip,E,C,E,D,C,A,B,D,C,E,B,D,C,E,B,D,C,A,B,0.7,equalize
1061,equalize,1,A,B,D,A,B,D,A,E,B,D,A,B,D,A,E,B,D,A,E,B,0.7,equalize
1061,equalize,2,B,D,E,B,C,A,E,B,C,A,E,D,A,E,B,C,A,E,B,C,0.7,equalize
1061,equalize,3,C,E,B,D,A,E,B,D,A,E,B,A,E,B,D,A,E,B,D,A,0.7,equalize
1061,turntaking,4,C,C,C,D,D,D,D,D,D,D,C,C,D,D,D,D,D,D,D,C,0.4,equalize
1061,turntaking,5,D,D,D,C,C,C,C,C,C,C,B,D,C,C,C,C,C,C,C,B,0.45,equalize
1061,equalize,6,skip,A,C,E,E,B,C,A,E,B,C,E,B,C,A,E,B,C,A,E,0.7,equalize
1062,equalize,1,A,B,E,D,B,A,E,D,B,A,E,B,A,E,D,B,A,E,D,B,0.75,equalize
1062,equalize,2,B,C,D,B,A,C,D,B,A,C,D,A,C,D,B,A,C,D,B,A,0.7,equalize
1062,equalize,3,C,D,B,A,E,D,B,A,E,D,B,C,D,B,A,E,D,B,A,E,0.7,equalize
1062,turntaking,4,C,C,C,C,C,C,C,C,C,C,E,E,C,C,C,C,C,C,C,E,0.4,equalize
1062,equalize,5,E,A,A,C,D,B,A,C,D,B,A,D,B,A,C,D,B,A,C,D,0.7,equalize
1062,turntaking,6,E,E,E,E,E,E,E,E,E,E,A,C,E,E,E,E,E,E,E,A,0.45,equalize
1063,turntaking,1,skip,E,E,E,C,C,E,E,E,E,C,C,C,C,E,E,E,E,C,B,0.45,equalize
1063,equalize,2,B,B,C,A,D,B,C,A,D,B,E,A,D,B,C,A,D,B,E,A,0.75,equalize
1063,equalize,3,C,A,A,D,B,C,A,D,B,E,A,D,B,C,A,D,B,E,A,D,0.75,equalize
1063,turntaking,4,C,C,C,C,E,E,C,C,C,C,E,E,E,E,C,C,C,C,E,C,0.45,equalize
1063,equalize,5,E,E,D,B,E,A,D,B,C,A,D,B,E,A,D,B,C,A,D,B,0.7,equalize
1063,equalize,6,skip,D,B,E,A,D,B,E,A,D,B,C,A,D,B,E,A,D,B,C,0.7,equalize
1064,equalize,1,A,B,B,B,D,C,E,B,D,C,E,D,C,E,B,D,C,E,B,D,0.75,equalize
1064,turntaking,2,A,A,A,A,A,A,A,A,A,A,E,E,A,A,A,A,A,A,A,E,0.4,equalize
1064,equalize,3,C,D,E,D,C,A,B,D,C,A,B,C,A,B,D,C,A,B,D,C,0.7,equalize
1064,equalize,4,D,A,D,C,E,B,D,C,E,B,D,A,B,D,C,E,B,D,C,E,0.7,equalize
1064,equalize,5,E,C,C,A,B,D,C,A,B,D,C,B,D,C,A,B,D,C,A,B,0.7,equalize
1064,turntaking,6,E,E,E,E,E,E,E,E,E,E,C,A,E,E,E,E,E,E,E,C,0.45,equalize
1065,turntaking,1,skip,C,D,D,D,D,C,C,C,C,D,D,D,D,C,C,C,C,D,B,0.45,equalize
1065,equalize,2,B,B,C,A,E,B,D,A,E,B,C,A,E,B,D,A,E,B,C,A,0.75,equalize
1065,equalize,3,C,C,A,E,B,D,A,E,B,C,A,E,B,D,A,E,B,C,A,E,0.75,equalize
1065,equalize,4,D,A,E,B,C,A,E,B,D,A,E,B,C,A,E,B,D,A,E,B,0.7,equalize
1065,turntaking,5,D,D,C,C,C,C,D,D,D,D,C,C,C,C,D,D,D,D,C,D,0.45,equalize
1065,equalize,6,skip,E,B,D,A,E,B,C,A,E,B,D,A,E,B,C,A,E,B,D,0.7,equalize
1066,turntaking,1,skip,E,C,B,A,A,skip,E,E,E,E,E,skip,B,C,C,A,E,skip,B,0.8,draw
1066,turntaking,2,A,skip,D,D,D,D,A,skip,C,C,D,A,E,skip,B,D,C,A,E,skip,0.8,draw
1066,turntaking,3,B,A,skip,E,C,B,D,A,skip,B,C,D,A,E,skip,B,D,C,A,E,0.85,draw
1066,turntaking,4,C,B,A,skip,E,C,B,D,A,skip,B,C,D,A,E,skip,B,D,C,A,0.85,draw
1066,turntaking,5,D,C,B,A,skip,E,C,B,D,A,skip,B,C,D,A,E,skip,B,D,C,0.85,draw
1066,turntaking,6,E,D,E,C,B,skip,E,C,B,D,A,skip,B,C,D,A,E,skip,B,D,0.85,draw
1067,turntaking,1,skip,E,C,B,A,A,skip,E,E,E,E,E,skip,B,C,C,A,E,skip,B,0.8,draw
1067,turntaking,2,A,skip,D,D,D,D,A,skip,C,C,D,A,E,skip,B,D,C,A,E,skip,0.8,draw
1067,turntaking,3,B,A,skip,E,C,B,D,A,skip,B,C,D,A,E,skip,B,D,C,A,E,0.85,draw
1067,turntaking,4,C,B,A,skip,E,C,B,D,A,skip,B,C,D,A,E,skip,B,D,C,A,0.85,draw
1067,turntaking,5,D,C,B,A,skip,E,C,B,D,A,skip,B,C,D,A,E,skip,B,D,C,0.85,draw
1067,turntaking,6,E,D,E,C,B,skip,E,C,B,D,A,skip,B,C,D,A,E,skip,B,D,0.85,draw
1068,turntaking,1,skip,E,C,B,A,A,skip,E,E,E,E,E,skip,B,C,C,A,E,skip,B,0.8,draw
1068,turntaking,2,A,skip,D,D,D,D,A,skip,C,C,D,A,E,skip,B,D,C,A,E,skip,0.8,draw
1068,turntaking,3,B,A,skip,E,C,B,D,A,skip,B,C,D,A,E,skip,B,D,C,A,E,0.85,draw
1068,turntaking,4,C,B,A,skip,E,C,B,D,A,skip,B,C,D,A,E,skip,B,D,C,A,0.85,draw
1068,turntaking,5,D,C,B,A,skip,E,C,B,D,A,skip,B,C,D,A,E,skip,B,D,C,0.85,draw
1068,turntaking,6,E,D,E,C,B,skip,E,C,B,D,A,skip,B,C,D,A,E,skip,B,D,0.85,draw
1069,turntaking,1,skip,E,C,B,A,A,skip,E,E,E,E,E,skip,B,C,C,A,E,skip,B,0.8,draw
1069,turntaking,2,A,skip,D,D,D,D,A,skip,C,C,D,A,E,skip,B,D,C,A,E,skip,0.8,draw
1069,turntaking,3,B,A,skip,E,C,B,D,A,skip,B,C,D,A,E,skip,B,D,C,A,E,0.85,draw
1069,turntaking,4,C,B,A,skip,E,C,B,D,A,skip,B,C,D,A,E,skip,B,D,C,A,0.85,draw
1069,turntaking,5,D,C,B,A,skip,E,C,B,D,A,skip,B,C,D,A,E,skip,B,D,C,0.85,draw
1069,turntaking,6,E,D,E,C,B,skip,E,C,B,D,A,skip,B,C,D,A,E,skip,B,D,0.85,draw
1070,turntaking,1,skip,E,C,B,A,A,skip,E,E,E,E,E,skip,B,C,C,A,E,skip,B,0.8,draw
1070,turntaking,2,A,skip,D,D,D,D,A,skip,C,C,D,A,E,skip,B,D,C,A,E,skip,0.8,draw
1070,turntaking,3,B,A,skip,E,C,B,D,A,skip,B,C,D,A,E,skip,B,D,C,A,E,0.85,draw
1070,turntaking,4,C,B,A,skip,E,C,B,D,A,skip,B,C,D,A,E,skip,B,D,C,A,0.85,draw
1070,turntaking,5,D,C,B,A,skip,E,C,B,D,A,skip,B,C,D,A,E,skip,B,D,C,0.85,draw
1070,turntaking,6,E,D,E,C,B,skip,E,C,B,D,A,skip,B,C,D,A,E,skip,B,D,0.85,draw
1071,turntaking,1,skip,E,C,B,A,A,skip,E,E,E,E,E,skip,B,C,C,A,E,skip,B,0.8,draw
1071,turntaking,2,A,skip,D,D,D,D,A,skip,C,C,D,A,E,skip,B,D,C,A,E,skip,0.8,draw
1071,turntaking,3,B,A,skip,E,C,B,D,A,skip,B,C,D,A,E,skip,B,D,C,A,E,0.85,draw
1071,turntaking,4,C,B,A,skip,E,C,B,D,A,skip,B,C,D,A,E,skip,B,D,C,A,0.85,draw
1071,turntaking,5,D,C,B,A,skip,E,C,B,D,A,skip,B,C,D,A,E,skip,B,D,C,0.85,draw
1071,turntaking,6,E,D,E,C,B,skip,E,C,B,D,A,skip,B,C,D,A,E,skip,B,D,0.85,draw
1072,turntaking,1,skip,E,C,B,A,A,skip,E,E,E,E,E,skip,B,C,C,A,E,skip,B,0.8,draw
1072,turntaking,2,A,skip,D,D,D,D,A,skip,C,C,D,A,E,skip,B,D,C,A,E,skip,0.8,draw
1072,turntaking,3,B,A,skip,E,C,B,D,A,skip,B,C,D,A,E,skip,B,D,C,A,E,0.85,draw
1072,turntaking,4,C,B,A,skip,E,C,B,D,A,skip,B,C,D,A,E,skip,B,D,C,A,0.85,draw
1072,turntaking,5,D,C,B,A,skip,E,C,B,D,A,skip,B,C,D,A,E,skip,B,D,C,0.85,draw
1072,turntaking,6,E,D,E,C,B,skip,E,C,B,D,A,skip,B,C,D,A,E,skip,B,D,0.85,draw
1073,turntaking,1,skip,E,C,B,A,A,skip,E,E,E,E,E,skip,B,C,C,A,E,skip,B,0.8,draw
1073,turntaking,2,A,skip,D,D,D,D,A,skip,C,C,D,A,E,skip,B,D,C,A,E,skip,0.8,draw
1073,turntaking,3,B,A,skip,E,C,B,D,A,skip,B,C,D,A,E,skip,B,D,C,A,E,0.85,draw
1073,turntaking,4,C,B,A,skip,E,C,B,D,A,skip,B,C,D,A,E,skip,B,D,C,A,0.85,draw
1073,turntaking,5,D,C,B,A,skip,E,C,B,D,A,skip,B,C,D,A,E,skip,B,D,C,0.85,draw
1073,turntaking,6,E,D,E,C,B,skip,E,C,B,D,A,skip,B,C,D,A,E,skip,B,D,0.85,draw
1074,turntaking,1,skip,E,C,B,A,A,skip,E,E,E,E,E,skip,B,C,C,A,E,skip,B,0.8,draw
1074,turntaking,2,A,skip,D,D,D,D,A,skip,C,C,D,A,E,skip,B,D,C,A,E,skip,0.8,draw
1074,turntaking,3,B,A,skip,E,C,B,D,A,skip,B,C,D,A,E,skip,B,D,C,A,E,0.85,draw
1074,turntaking,4,C,B,A,skip,E,C,B,D,A,skip,B,C,D,A,E,skip,B,D,C,A,0.85,draw
1074,turntaking,5,D,C,B,A,skip,E,C,B,D,A,skip,B,C,D,A,E,skip,B,D,C,0.85,draw
1074,turntaking,6,E,D,E,C,B,skip,E,C,B,D,A,skip,B,C,D,A,E,skip,B,D,0.85,draw
1075,turntaking,1,skip,E,C,B,A,A,skip,E,E,E,E,E,skip,B,C,C,A,E,skip,B,0.8,draw
1075,turntaking,2,A,skip,D,D,D,D,A,skip,C,C,D,A,E,skip,B,D,C,A,E,skip,0.8,draw
1075,turntaking,3,B,A,skip,E,C,B,D,A,skip,B,C,D,A,E,skip,B,D,C,A,E,0.85,draw
1075,turntaking,4,C,B,A,skip,E,C,B,D,A,skip,B,C,D,A,E,skip,B,D,C,A,0.85,draw
1075,turntaking,5,D,C,B,A,skip,E,C,B,D,A,skip,B,C,D,A,E,skip,B,D,C,0.85,draw
1075,turntaking,6,E,D,E,C,B,skip,E,C,B,D,A,skip,B,C,D,A,E,skip,B,D,0.85,draw
1076,turntaking,1,skip,E,C,B,A,A,skip,E,E,E,E,E,skip,B,C,C,A,E,skip,B,0.8,draw
1076,turntaking,2,A,skip,D,D,D,D,A,skip,C,C,D,A,E,skip,B,D,C,A,E,skip,0.8,draw
1076,turntaking,3,B,A,skip,E,C,B,D,A,skip,B,C,D,A,E,skip,B,D,C,A,E,0.85,draw
1076,turntaking,4,C,B,A,skip,E,C,B,D,A,skip,B,C,D,A,E,skip,B,D,C,A,0.85,draw
1076,turntaking,5,D,C,B,A,skip,E,C,B,D,A,skip,B,C,D,A,E,skip,B,D,C,0.85,draw
1076,turntaking,6,E,D,E,C,B,skip,E,C,B,D,A,skip,B,C,D,A,E,skip,B,D,0.85,draw
1077,turntaking,1,skip,E,C,B,A,A,skip,E,E,E,E,E,skip,B,C,C,A,E,skip,B,0.8,draw
1077,turntaking,2,A,skip,D,D,D,D,A,skip,C,C,D,A,E,skip,B,D,C,A,E,skip,0.8,draw
1077,turntaking,3,B,A,skip,E,C,B,D,A,skip,B,C,D,A,E,skip,B,D,C,A,E,0.85,draw
1077,turntaking,4,C,B,A,skip,E,C,B,D,A,skip,B,C,D,A,E,skip,B,D,C,A,0.85,draw
1077,turntaking,5,D,C,B,A,skip,E,C,B,D,A,skip,B,C,D,A,E,skip,B,D,C,0.85,draw
1077,turntaking,6,E,D,E,C,B,skip,E,C,B,D,A,skip,B,C,D,A,E,skip,B,D,0.85,draw
1078,turntaking,1,skip,E,C,B,A,A,skip,E,E,E,E,E,skip,B,C,C,A,E,skip,B,0.8,draw
1078,turntaking,2,A,skip,D,D,D,D,A,skip,C,C,D,A,E,skip,B,D,C,A,E,skip,0.8,draw
1078,turntaking,3,B,A,skip,E,C,B,D,A,skip,B,C,D,A,E,skip,B,D,C,A,E,0.85,draw
1078,turntaking,4,C,B,A,skip,E,C,B,D,A,skip,B,C,D,A,E,skip,B,D,C,A,0.85,draw
1078,turntaking,5,D,C,B,A,skip,E,C,B,D,A,skip,B,C,D,A,E,skip,B,D,C,0.85,draw
1078,turntaking,6,E,D,E,C,B,skip,E,C,B,D,A,skip,B,C,D,A,E,skip,B,D,0.85,draw
1079,turntaking,1,skip,E,C,B,A,A,skip,E,E,E,E,E,skip,B,C,C,A,E,skip,B,0.8,draw
1079,turntaking,2,A,skip,D,D,D,D,A,skip,C,C,D,A,E,skip,B,D,C,A,E,skip,0.8,draw
1079,turntaking,3,B,A,skip,E,C,B,D,A,skip,B,C,D,A,E,skip,B,D,C,A,E,0.85,draw
1079,turntaking,4,C,B,A,skip,E,C,B,D,A,skip,B,C,D,A,E,skip,B,D,C,A,0.85,draw
1079,turntaking,5,D,C,B,A,skip,E,C,B,D,A,skip,B,C,D,A,E,skip,B,D,C,0.85,draw
1079,turntaking,6,E,D,E,C,B,skip,E,C,B,D,A,skip,B,C,D,A,E,skip,B,D,0.85,draw
1080,turntaking,1,skip,E,C,B,A,A,skip,E,E,E,E,E,skip,B,C,C,A,E,skip,B,0.8,draw
1080,turntaking,2,A,skip,D,D,D,D,A,skip,C,C,D,A,E,skip,B,D,C,A,E,skip,0.8,draw
1080,turntaking,3,B,A,skip,E,C,B,D,A,skip,B,C,D,A,E,skip,B,D,C,A,E,0.85,draw
1080,turntaking,4,C,B,A,skip,E,C,B,D,A,skip,B,C,D,A,E,skip,B,D,C,A,0.85,draw
1080,turntaking,5,D,C,B,A,skip,E,C,B,D,A,skip,B,C,D,A,E,skip,B,D,C,0.85,draw
1080,turntaking,6,E,D,E,C,B,skip,E,C,B,D,A,skip,B,C,D,A,E,skip,B,D,0.85,draw
1081,random,1,E,A,C,E,B,C,C,C,C,skip,B,D,E,A,skip,C,B,C,C,D,0.35,draw
1081,random,2,D,B,C,E,skip,D,A,C,A,D,D,A,skip,A,C,skip,skip,A,A,B,0.3,draw
1081,random,3,C,C,C,D,C,skip,C,A,skip,A,skip,C,D,D,skip,skip,B,skip,C,D,0.2,draw
1081,random,4,B,D,skip,skip,A,D,E,D,A,C,skip,D,D,A,skip,A,C,A,D,A,0.4,draw
1081,random,5,B,A,D,D,D,skip,C,E,B,C,skip,C,B,D,E,B,A,B,E,skip,0.4,draw
1081,random,6,B,skip,C,C,D,C,A,A,E,D,C,C,D,B,C,D,B,E,E,C,0.35,draw
1082,random,1,B,skip,skip,A,skip,B,D,A,D,E,C,D,C,skip,C,B,A,skip,E,C,0.25,draw
1082,random,2,E,A,E,E,B,D,A,skip,E,skip,E,D,A,B,skip,D,A,skip,C,A,0.45,draw
1082,random,3,C,B,C,D,skip,E,D,A,C,B,D,A,skip,D,E,C,skip,skip,skip,A,0.5,draw
1082,random,4,skip,E,skip,E,skip,E,D,A,A,A,A,skip,skip,A,A,A,skip,D,E,C,0.15,draw
1082,random,5,skip,skip,A,C,C,E,D,D,A,A,C,D,C,skip,D,D,C,skip,E,C,0.25,draw
1082,random,6,E,E,A,E,E,B,D,B,A,D,D,D,A,A,C,A,D,A,B,C,0.3,draw
1083,random,1,C,skip,skip,A,E,B,skip,B,B,A,E,B,A,D,E,D,D,C,C,skip,0.3,draw
1083,random,2,skip,C,A,B,A,C,C,skip,D,E,B,D,E,C,D,E,skip,B,A,A,0.4,draw
1083,random,3,skip,C,A,A,D,B,skip,A,C,C,C,D,A,E,D,A,skip,E,D,A,0.2,draw
1083,random,4,D,skip,E,A,D,A,skip,B,E,skip,skip,C,B,E,skip,E,C,B,E,D,0.4,draw
1083,random,5,D,A,C,skip,skip,C,E,C,C,D,B,E,C,skip,B,D,skip,skip,skip,skip,0.2,draw
1083,random,6,C,A,D,C,D,C,E,C,B,A,E,E,D,B,C,B,D,E,D,skip,0.3,draw
1084,random,1,skip,A,B,skip,B,C,C,A,D,C,E,D,B,E,D,D,E,skip,skip,A,0.5,draw
1084,random,2,B,skip,B,skip,skip,skip,E,skip,D,A,B,skip,D,B,B,C,skip,D,C,C,0.3,draw
1084,random,3,skip,D,skip,E,E,E,E,skip,D,D,E,skip,E,B,skip,E,B,skip,A,E,0.2,draw
1084,random,4,skip,D,E,D,E,C,skip,D,D,skip,B,E,A,B,B,B,skip,E,B,A,0.2,draw
1084,random,5,A,D,E,skip,D,C,A,skip,C,C,C,E,D,C,E,B,A,skip,E,skip,0.45,draw
1084,random,6,D,B,A,E,A,skip,D,C,A,D,D,A,A,skip,B,E,B,B,skip,skip,0.5,draw
1085,random,1,D,D,B,A,C,skip,D,A,skip,E,E,D,E,D,skip,skip,skip,C,C,E,0.1,draw
1085,random,2,skip,C,D,E,C,D,B,A,A,E,E,B,C,A,D,C,C,A,C,A,0.35,draw
1085,random,3,D,A,D,C,C,D,A,E,D,A,B,D,E,C,D,A,D,A,A,E,0.2,draw
1085,random,4,D,B,E,B,B,skip,skip,C,B,E,C,E,skip,D,skip,E,B,A,A,skip,0.35,draw
1085,random,5,A,C,C,C,skip,skip,D,C,E,C,C,skip,E,C,D,A,C,E,A,C,0.25,draw
1085,random,6,A,A,B,skip,A,E,A,D,skip,D,B,E,E,skip,skip,C,A,C,D,D,0.35,draw
1086,random,1,E,B,D,C,A,C,D,B,A,D,E,D,B,E,A,skip,A,B,D,B,0.55,draw
1086,random,2,B,skip,C,E,E,E,B,A,B,D,D,D,C,C,E,A,B,D,skip,E,0.35,draw
1086,random,3,skip,skip,C,D,E,E,A,E,B,skip,C,A,skip,C,skip,B,D,E,skip,C,0.3,draw
1086,random,4,C,E,A,skip,E,B,D,C,E,C,A,C,D,A,D,D,C,skip,skip,skip,0.45,draw
1086,random,5,D,E,E,E,C,C,C,D,C,skip,D,B,E,D,A,A,C,B,E,C,0.45,draw
1086,random,6,skip,C,E,skip,A,A,B,B,B,D,C,D,D,A,D,A,skip,E,C,A,0.2,draw
1087,random,1,D,B,A,C,B,A,E,E,C,B,C,skip,E,D,A,E,A,skip,D,C,0.45,draw
1087,random,2,A,B,D,B,E,E,B,D,D,E,B,A,D,A,B,E,C,E,E,B,0.3,draw
1087,random,3,A,skip,D,D,A,A,C,E,E,D,A,E,B,D,E,A,E,skip,skip,D,0.5,draw
1087,random,4,skip,A,skip,E,E,C,skip,C,D,E,C,A,A,A,skip,C,B,E,D,skip,0.3,draw
1087,random,5,C,E,D,B,A,E,A,A,skip,B,D,A,D,A,C,C,A,B,E,skip,0.3,draw
1087,random,6,skip,skip,B,skip,skip,E,A,E,skip,D,C,C,skip,D,skip,skip,skip,skip,A,A,0.2,draw
1088,random,1,D,C,A,A,C,skip,B,C,skip,C,A,C,D,A,D,skip,E,C,C,B,0.2,draw
1088,random,2,E,A,skip,D,D,skip,E,D,D,D,E,B,skip,skip,B,C,A,C,B,C,0.45,draw
1088,random,3,D,E,skip,C,A,skip,C,B,skip,skip,B,A,D,B,B,C,E,D,D,E,0.3,draw
1088,random,4,A,skip,skip,B,B,C,skip,skip,B,E,A,A,B,D,D,E,E,D,C,E,0.35,draw
1088,random,5,E,E,D,D,C,skip,A,C,B,C,A,C,A,A,A,skip,B,skip,D,B,0.25,draw
1088,random,6,B,E,B,D,skip,D,D,skip,C,B,C,C,D,D,skip,C,A,A,B,A,0.45,draw
1089,random,1,D,A,C,B,C,B,D,E,A,E,C,B,skip,C,E,C,E,E,E,E,0.35,draw
1089,random,2,D,E,E,D,E,C,D,E,A,B,C,skip,D,D,A,A,D,A,A,B,0.2,draw
1089,random,3,B,A,skip,D,A,skip,A,E,C,C,B,skip,D,C,D,D,D,skip,B,D,0.1,draw
1089,random,4,skip,skip,E,D,E,B,A,skip,D,skip,D,skip,D,E,A,A,skip,E,skip,D,0.1,draw
1089,random,5,C,A,C,skip,B,D,B,skip,skip,C,D,skip,skip,skip,A,B,A,A,E,B,0.25,draw
1089,random,6,B,E,A,skip,D,E,B,skip,C,E,B,A,B,C,C,D,C,B,B,C,0.45,draw
1090,random,1,skip,B,skip,D,C,A,D,B,A,skip,skip,C,D,D,B,E,D,C,A,B,0.45,draw
1090,random,2,C,E,skip,D,C,skip,C,D,E,skip,C,E,C,B,skip,B,A,C,C,E,0.35,draw
1090,random,3,D,D,E,E,C,C,B,A,C,E,C,C,E,E,A,C,B,C,C,E,0.25,draw
1090,random,4,B,skip,E,skip,A,B,B,A,D,C,C,D,E,A,E,D,C,skip,C,B,0.4,draw
1090,random,5,skip,C,C,E,E,B,B,E,D,E,D,C,A,B,skip,skip,B,C,B,D,0.2,draw
1090,random,6,C,A,C,B,E,C,skip,E,skip,skip,E,E,B,E,skip,E,D,A,B,A,0.3,draw
1091,random,1,E,D,D,A,D,A,C,A,B,B,E,B,A,D,C,C,E,D,B,E,0.4,draw
1091,random,2,C,C,skip,B,D,E,D,skip,skip,C,A,D,D,B,C,skip,C,skip,E,E,0.2,draw
1091,random,3,D,skip,B,skip,C,D,skip,A,D,E,skip,D,D,D,skip,E,skip,D,A,skip,0.3,draw
1091,random,4,C,C,D,skip,A,skip,D,A,E,C,A,C,D,A,A,B,E,D,A,B,0.25,draw
1091,random,5,skip,D,A,skip,E,B,B,D,E,C,skip,C,skip,D,C,A,D,E,D,skip,0.4,draw
1091,random,6,B,A,D,skip,C,skip,C,D,B,D,D,D,skip,D,D,C,skip,skip,E,A,0.3,draw
1092,random,1,B,D,B,D,D,E,skip,skip,B,A,B,C,B,E,D,B,C,skip,skip,B,0.3,draw
1092,random,2,skip,A,B,B,C,A,A,skip,B,C,D,E,skip,B,skip,skip,E,A,skip,A,0.4,draw
1092,random,3,B,skip,D,E,B,E,A,C,skip,skip,C,C,A,E,skip,B,A,E,D,A,0.25,draw
1092,random,4,D,C,A,C,B,B,skip,E,A,A,A,D,skip,C,D,B,skip,D,skip,A,0.35,draw
1092,random,5,skip,C,skip,E,E,skip,skip,C,E,skip,E,D,C,skip,D,E,E,C,A,A,0.25,draw
1092,random,6,B,B,A,skip,B,C,skip,D,E,C,C,A,B,D,C,E,D,D,E,E,0.45,draw
1093,random,1,D,skip,C,C,E,D,skip,E,E,skip,E,E,E,C,A,D,B,B,B,D,0.4,draw
1093,random,2,B,C,A,skip,B,A,skip,C,A,E,C,B,skip,skip,E,A,C,D,D,A,0.35,draw
1093,random,3,D,E,E,C,D,skip,C,B,A,E,E,D,D,C,B,D,C,B,D,B,0.25,draw
1093,random,4,A,D,A,A,skip,D,E,A,D,A,D,E,A,A,skip,skip,E,E,D,B,0.4,draw
1093,random,5,A,A,C,A,A,D,E,C,A,C,skip,E,D,skip,skip,A,C,skip,D,B,0.1,draw
1093,random,6,B,A,B,D,B,E,C,D,C,B,B,D,skip,B,skip,A,A,E,C,C,0.55,draw
1094,random,1,A,C,A,A,D,B,A,skip,E,D,D,C,skip,A,B,B,D,skip,A,D,0.25,draw
1094,random,2,D,C,D,D,A,A,D,D,C,B,D,D,A,skip,B,B,B,C,A,B,0.35,draw
1094,random,3,A,skip,C,A,skip,A,B,C,skip,skip,skip,A,A,A,C,B,C,B,C,E,0.25,draw
1094,random,4,skip,skip,D,B,B,A,E,E,D,E,B,B,C,A,B,B,B,A,A,C,0.55,draw
1094,random,5,skip,skip,A,skip,E,C,B,B,skip,B,C,A,E,E,skip,B,A,E,B,D,0.35,draw
1094,random,6,D,A,skip,A,skip,B,skip,D,E,skip,C,E,D,A,D,C,A,B,C,skip,0.25,draw
1095,random,1,A,skip,D,E,skip,E,E,E,skip,C,E,A,C,E,E,C,B,skip,A,A,0.4,draw
1095,random,2,E,C,B,C,D,B,C,C,skip,skip,skip,C,B,B,skip,A,E,B,D,A,0.3,draw
1095,random,3,skip,B,D,A,skip,B,E,C,D,C,skip,C,skip,B,B,A,skip,C,B,E,0.3,draw
1095,random,4,C,C,skip,B,A,C,A,B,C,C,E,C,D,B,skip,B,A,E,C,D,0.45,draw
1095,random,5,A,D,skip,D,A,E,B,skip,skip,A,A,E,E,B,skip,D,E,D,E,B,0.45,draw
1095,random,6,C,B,C,C,A,C,E,skip,B,skip,C,B,D,E,D,E,skip,B,E,B,0.3,draw
1096,random,1,B,B,C,A,skip,D,C,B,skip,C,C,C,A,B,E,D,skip,A,skip,E,0.3,rotate
1096,rotate,2,B,C,D,E,skip,A,B,C,D,E,skip,A,B,C,D,E,skip,A,B,C,0.45,rotate
1096,rotate,3,C,D,E,skip,A,B,C,D,E,skip,A,B,C,D,E,skip,A,B,C,D,0.25,rotate
1096,random,4,C,B,B,A,E,C,D,B,A,D,A,A,skip,B,D,skip,skip,C,D,A,0.25,rotate
1096,random,5,D,D,D,D,A,B,D,D,E,C,E,C,B,A,C,E,C,C,B,skip,0.2,rotate
1096,random,6,D,skip,A,D,skip,C,D,A,B,B,A,C,E,D,E,A,A,B,skip,A,0.3,rotate
1097,random,1,A,B,D,A,C,D,E,D,C,A,B,E,E,A,C,B,C,D,B,E,0.55,random
1097,random,2,E,E,B,C,D,C,E,B,B,skip,D,B,skip,skip,E,C,A,B,E,D,0.25,random
1097,rotate,3,C,D,E,skip,A,B,C,D,E,skip,A,B,C,D,E,skip,A,B,C,D,0.4,random
1097,random,4,B,C,B,skip,B,B,B,skip,E,C,B,D,B,E,A,D,D,skip,D,A,0.4,random
1097,random,5,C,C,D,E,C,skip,A,skip,D,E,C,D,skip,A,D,C,skip,C,B,E,0.35,random
1097,rotate,6,skip,A,B,C,D,E,skip,A,B,C,D,E,skip,A,B,C,D,E,skip,A,0.25,random
1098,random,1,B,E,D,B,B,A,B,D,D,A,skip,B,E,E,A,C,A,E,D,C,0.5,rotate
1098,random,2,C,D,B,B,B,skip,C,C,C,A,E,D,C,skip,E,skip,skip,A,D,D,0.25,rotate
1098,rotate,3,C,D,E,skip,A,B,C,D,E,skip,A,B,C,D,E,skip,A,B,C,D,0.35,rotate
1098,rotate,4,D,E,skip,A,B,C,D,E,skip,A,B,C,D,E,skip,A,B,C,D,E,0.35,rotate
1098,random,5,C,C,C,skip,E,D,E,E,B,B,C,skip,B,skip,skip,skip,B,skip,C,skip,0.35,rotate
1098,random,6,skip,D,A,A,skip,skip,D,E,B,A,C,D,C,E,E,B,C,D,B,E,0.25,rotate
1099,random,1,D,A,C,skip,B,C,B,B,skip,D,D,B,skip,D,C,A,D,A,D,A,0.55,rotate
1099,rotate,2,B,C,D,E,skip,A,B,C,D,E,skip,A,B,C,D,E,skip,A,B,C,0.45,rotate
1099,random,3,E,D,skip,skip,C,B,C,E,D,C,A,A,B,B,E,B,E,C,C,skip,0.45,rotate
1099,random,4,A,C,B,A,B,C,C,C,E,D,E,B,A,A,skip,skip,C,E,E,B,0.45,rotate
1099,rotate,5,E,skip,A,B,C,D,E,skip,A,B,C,D,E,skip,A,B,C,D,E,skip,0.35,rotate
1099,random,6,skip,B,E,D,skip,A,skip,skip,C,B,C,D,B,skip,A,B,C,A,C,skip,0.2,rotate
1100,random,1,C,A,B,B,E,C,skip,C,B,A,A,C,A,B,D,C,A,C,skip,E,0.4,rotate
1100,random,2,B,E,B,B,A,C,C,skip,skip,C,B,skip,B,B,E,D,D,E,E,D,0.25,rotate
1100,rotate,3,C,D,E,skip,A,B,C,D,E,skip,A,B,C,D,E,skip,A,B,C,D,0.35,rotate
1100,random,4,D,C,A,A,D,B,E,skip,D,E,B,skip,E,A,A,D,B,C,D,C,0.45,rotate
1100,rotate,5,E,skip,A,B,C,D,E,skip,A,B,C,D,E,skip,A,B,C,D,E,skip,0.4,rotate
1100,random,6,B,A,D,B,D,D,E,D,A,D,skip,C,D,C,C,skip,skip,B,E,skip,0.25,rotate
1101,random,1,C,A,B,skip,D,C,E,A,D,skip,E,B,A,skip,skip,E,C,C,D,B,0.2,rotate
1101,random,2,skip,C,A,B,D,A,D,D,B,E,B,D,B,E,B,skip,E,E,A,D,0.4,rotate
1101,random,3,B,E,skip,A,C,skip,C,C,skip,D,E,skip,skip,skip,C,skip,C,A,D,E,0.45,rotate
1101,random,4,C,C,skip,E,B,A,B,A,D,E,C,B,E,B,D,B,B,D,skip,B,0.3,rotate
1101,rotate,5,E,skip,A,B,C,D,E,skip,A,B,C,D,E,skip,A,B,C,D,E,skip,0.3,rotate
1101,rotate,6,skip,A,B,C,D,E,skip,A,B,C,D,E,skip,A,B,C,D,E,skip,A,0.45,rotate
1102,rotate,1,A,B,C,D,E,skip,A,B,C,D,E,skip,A,B,C,D,E,skip,A,B,0.45,rotate
1102,rotate,2,B,C,D,E,skip,A,B,C,D,E,skip,A,B,C,D,E,skip,A,B,C,0.35,rotate
1102,random,3,A,B,B,D,A,A,B,D,A,D,E,C,A,A,D,C,A,E,C,A,0.4,rotate
1102,random,4,C,D,D,B,B,A,A,C,skip,E,B,B,B,C,skip,B,B,C,B,E,0.3,rotate
1102,random,5,D,E,B,B,skip,B,skip,B,E,B,D,D,B,D,B,E,D,skip,D,D,0.5,rotate
1102,random,6,C,D,A,C,D,skip,C,A,skip,D,E,C,A,A,B,A,D,skip,B,E,0.3,rotate
1103,rotate,1,A,B,C,D,E,skip,A,B,C,D,E,skip,A,B,C,D,E,skip,A,B,0.5,rotate
1103,random,2,E,D,skip,C,C,skip,skip,A,B,E,E,skip,A,C,skip,D,B,skip,skip,D,0.35,rotate
1103,rotate,3,C,D,E,skip,A,B,C,D,E,skip,A,B,C,D,E,skip,A,B,C,D,0.35,rotate
1103,random,4,D,C,A,E,A,E,E,E,C,B,skip,D,E,A,E,E,C,A,skip,D,0.55,rotate
1103,random,5,B,B,skip,C,D,B,skip,D,D,A,C,B,skip,skip,B,skip,E,E,skip,A,0.3,rotate
1103,random,6,C,E,D,E,skip,D,C,B,E,A,D,A,E,A,skip,D,skip,C,E,A,0.35,rotate
1104,rotate,1,A,B,C,D,E,skip,A,B,C,D,E,skip,A,B,C,D,E,skip,A,B,0.25,random
1104,random,2,skip,D,C,D,D,B,skip,D,D,A,A,C,D,D,skip,skip,D,skip,skip,C,0.35,random
1104,random,3,D,E,A,B,C,E,E,B,D,E,skip,skip,E,E,C,A,B,D,B,D,0.45,random
1104,random,4,B,B,A,B,B,E,skip,D,A,D,E,A,C,C,E,D,E,D,D,skip,0.4,random
1104,random,5,D,C,skip,B,E,B,skip,E,E,skip,B,B,A,E,D,C,D,A,A,E,0.4,random
1104,rotate,6,skip,A,B,C,D,E,skip,A,B,C,D,E,skip,A,B,C,D,E,skip,A,0.6,random
1105,random,1,D,D,B,A,skip,D,A,D,E,B,D,D,B,A,B,E,D,C,B,A,0.45,random
1105,rotate,2,B,C,D,E,skip,A,B,C,D,E,skip,A,B,C,D,E,skip,A,B,C,0.5,random
1105,random,3,skip,E,E,A,E,A,C,C,B,D,A,A,E,B,C,A,B,B,skip,A,0.35,random
1105,rotate,4,D,E,skip,A,B,C,D,E,skip,A,B,C,D,E,skip,A,B,C,D,E,0.35,random
1105,random,5,A,A,A,B,E,C,skip,A,skip,B,skip,C,C,D,C,B,skip,B,E,skip,0.45,random
1105,random,6,skip,skip,B,C,C,E,D,C,D,A,C,E,skip,A,skip,E,E,E,skip,D,0.4,random
1106,random,1,C,E,E,C,D,D,C,A,D,E,B,E,C,A,E,skip,B,C,A,A,0.4,rotate
1106,random,2,C,E,A,B,E,D,A,A,C,A,skip,skip,A,C,skip,skip,skip,skip,D,B,0.25,rotate
1106,random,3,E,A,skip,E,D,C,C,C,A,A,skip,skip,B,B,C,D,B,C,D,E,0.3,rotate
1106,rotate,4,D,E,skip,A,B,C,D,E,skip,A,B,C,D,E,skip,A,B,C,D,E,0.45,rotate
1106,rotate,5,E,skip,A,B,C,D,E,skip,A,B,C,D,E,skip,A,B,C,D,E,skip,0.4,rotate
1106,random,6,B,C,E,C,skip,skip,E,D,A,skip,skip,A,E,C,skip,D,D,B,E,C,0.35,rotate
1107,random,1,B,A,B,E,E,skip,B,B,C,C,A,C,C,B,A,skip,E,B,D,E,0.4,rotate
1107,random,2,C,E,D,E,C,B,skip,E,A,B,E,C,D,E,skip,E,skip,D,E,skip,0.25,rotate
1107,random,3,E,A,D,C,B,B,B,C,A,B,skip,D,skip,skip,E,skip,skip,A,B,C,0.3,rotate
1107,rotate,4,D,E,skip,A,B,C,D,E,skip,A,B,C,D,E,skip,A,B,C,D,E,0.45,rotate
1107,random,5,B,D,E,C,B,E,B,A,C,B,E,skip,D,C,D,B,C,E,B,A,0.3,rotate
1107,rotate,6,skip,A,B,C,D,E,skip,A,B,C,D,E,skip,A,B,C,D,E,skip,A,0.4,rotate
1108,rotate,1,A,B,C,D,E,skip,A,B,C,D,E,skip,A,B,C,D,E,skip,A,B,0.25,rotate
1108,random,2,A,C,E,E,E,C,A,E,C,D,skip,B,B,E,D,C,B,A,C,A,0.1,rotate
1108,random,3,B,B,C,E,B,skip,A,D,A,C,E,skip,A,C,C,D,B,D,D,A,0.1,rotate
1108,rotate,4,D,E,skip,A,B,C,D,E,skip,A,B,C,D,E,skip,A,B,C,D,E,0.35,rotate
1108,random,5,B,skip,skip,A,A,D,D,C,D,C,A,D,E,E,D,D,E,A,C,E,0.35,rotate
1108,random,6,skip,C,B,B,D,C,C,D,A,skip,C,B,B,D,C,A,C,skip,E,E,0.4,rotate
1109,random,1,skip,D,B,B,B,C,B,B,E,E,B,C,skip,C,skip,B,E,E,B,E,0.2,rotate
1109,rotate,2,B,C,D,E,skip,A,B,C,D,E,skip,A,B,C,D,E,skip,A,B,C,0.45,rotate
1109,random,3,C,C,D,B,D,C,E,A,D,D,B,C,E,A,skip,skip,skip,D,B,E,0.25,rotate
1109,random,4,skip,C,C,E,B,D,skip,D,skip,E,C,D,skip,E,B,C,E,B,E,skip,0.35,rotate
1109,random,5,A,E,E,skip,E,B,A,skip,A,E,E,D,skip,skip,B,C,D,skip,D,A,0.45,rotate
1109,rotate,6,skip,A,B,C,D,E,skip,A,B,C,D,E,skip,A,B,C,D,E,skip,A,0.35,rotate
1110,rotate,1,A,B,C,D,E,skip,A,B,C,D,E,skip,A,B,C,D,E,skip,A,B,0.3,rotate
1110,random,2,D,E,A,skip,skip,E,A,A,B,E,D,E,A,D,C,A,C,E,C,A,0.25,rotate
1110,random,3,A,E,E,A,A,B,D,C,D,D,E,skip,skip,skip,skip,D,D,C,skip,D,0.3,rotate
1110,random,4,B,D,D,A,C,A,A,E,C,B,D,B,B,E,C,B,E,D,C,E,0.45,rotate
1110,rotate,5,E,skip,A,B,C,D,E,skip,A,B,C,D,E,skip,A,B,C,D,E,skip,0.45,rotate
1110,random,6,D,skip,C,E,E,D,D,C,B,E,A,A,C,D,B,B,B,C,B,A,0.35,rotate
1111,rotate,1,A,B,C,D,E,skip,A,B,C,D,E,skip,A,B,C,D,E,skip,A,B,0.85,draw
1111,rotate,2,B,C,D,E,skip,A,B,C,D,E,skip,A,B,C,D,E,skip,A,B,C,0.85,draw
1111,rotate,3,C,D,E,skip,A,B,C,D,E,skip,A,B,C,D,E,skip,A,B,C,D,0.85,draw
1111,rotate,4,D,E,skip,A,B,C,D,E,skip,A,B,C,D,E,skip,A,B,C,D,E,0.85,draw
1111,rotate,5,E,skip,A,B,C,D,E,skip,A,B,C,D,E,skip,A,B,C,D,E,skip,0.8,draw
1111,rotate,6,skip,A,B,C,D,E,skip,A,B,C,D,E,skip,A,B,C,D,E,skip,A,0.8,draw
1112,rotate,1,A,B,C,D,E,skip,A,B,C,D,E,skip,A,B,C,D,E,skip,A,B,0.85,draw
1112,rotate,2,B,C,D,E,skip,A,B,C,D,E,skip,A,B,C,D,E,skip,A,B,C,0.85,draw
1112,rotate,3,C,D,E,skip,A,B,C,D,E,skip,A,B,C,D,E,skip,A,B,C,D,0.85,draw
1112,rotate,4,D,E,skip,A,B,C,D,E,skip,A,B,C,D,E,skip,A,B,C,D,E,0.85,draw
1112,rotate,5,E,skip,A,B,C,D,E,skip,A,B,C,D,E,skip,A,B,C,D,E,skip,0.8,draw
1112,rotate,6,skip,A,B,C,D,E,skip,A,B,C,D,E,skip,A,B,C,D,E,skip,A,0.8,draw
1113,rotate,1,A,B,C,D,E,skip,A,B,C,D,E,skip,A,B,C,D,E,skip,A,B,0.85,draw
1113,rotate,2,B,C,D,E,skip,A,B,C,D,E,skip,A,B,C,D,E,skip,A,B,C,0.85,draw
1113,rotate,3,C,D,E,skip,A,B,C,D,E,skip,A,B,C,D,E,skip,A,B,C,D,0.85,draw
1113,rotate,4,D,E,skip,A,B,C,D,E,skip,A,B,C,D,E,skip,A,B,C,D,E,0.85,draw
1113,rotate,5,E,skip,A,B,C,D,E,skip,A,B,C,D,E,skip,A,B,C,D,E,skip,0.8,draw
1113,rotate,6,skip,A,B,C,D,E,skip,A,B,C,D,E,skip,A,B,C,D,E,skip,A,0.8,draw
1114,rotate,1,A,B,C,D,E,skip,A,B,C,D,E,skip,A,B,C,D,E,skip,A,B,0.85,draw
1114,rotate,2,B,C,D,E,skip,A,B,C,D,E,skip,A,B,C,D,E,skip,A,B,C,0.85,draw
1114,rotate,3,C,D,E,skip,A,B,C,D,E,skip,A,B,C,D,E,skip,A,B,C,D,0.85,draw
1114,rotate,4,D,E,skip,A,B,C,D,E,skip,A,B,C,D,E,skip,A,B,C,D,E,0.85,draw
1114,rotate,5,E,skip,A,B,C,D,E,skip,A,B,C,D,E,skip,A,B,C,D,E,skip,0.8,draw
1114,rotate,6,skip,A,B,C,D,E,skip,A,B,C,D,E,skip,A,B,C,D,E,skip,A,0.8,draw
1115,rotate,1,A,B,C,D,E,skip,A,B,C,D,E,skip,A,B,C,D,E,skip,A,B,0.85,draw
1115,rotate,2,B,C,D,E,skip,A,B,C,D,E,skip,A,B,C,D,E,skip,A,B,C,0.85,draw
1115,rotate,3,C,D,E,skip,A,B,C,D,E,skip,A,B,C,D,E,skip,A,B,C,D,0.85,draw
1115,rotate,4,D,E,skip,A,B,C,D,E,skip,A,B,C,D,E,skip,A,B,C,D,E,0.85,draw
1115,rotate,5,E,skip,A,B,C,D,E,skip,A,B,C,D,E,skip,A,B,C,D,E,skip,0.8,draw
1115,rotate,6,skip,A,B,C,D,E,skip,A,B,C,D,E,skip,A,B,C,D,E,skip,A,0.8,draw
1116,rotate,1,A,B,C,D,E,skip,A,B,C,D,E,skip,A,B,C,D,E,skip,A,B,0.85,draw
1116,rotate,2,B,C,D,E,skip,A,B,C,D,E,skip,A,B,C,D,E,skip,A,B,C,0.85,draw
1116,rotate,3,C,D,E,skip,A,B,C,D,E,skip,A,B,C,D,E,skip,A,B,C,D,0.85,draw
1116,rotate,4,D,E,skip,A,B,C,D,E,skip,A,B,C,D,E,skip,A,B,C,D,E,0.85,draw
1116,rotate,5,E,skip,A,B,C,D,E,skip,A,B,C,D,E,skip,A,B,C,D,E,skip,0.8,draw
1116,rotate,6,skip,A,B,C,D,E,skip,A,B,C,D,E,skip,A,B,C,D,E,skip,A,0.8,draw
1117,rotate,1,A,B,C,D,E,skip,A,B,C,D,E,skip,A,B,C,D,E,skip,A,B,0.85,draw
1117,rotate,2,B,C,D,E,skip,A,B,C,D,E,skip,A,B,C,D,E,skip,A,B,C,0.85,draw
1117,rotate,3,C,D,E,skip,A,B,C,D,E,skip,A,B,C,D,E,skip,A,B,C,D,0.85,draw
1117,rotate,4,D,E,skip,A,B,C,D,E,skip,A,B,C,D,E,skip,A,B,C,D,E,0.85,draw
1117,rotate,5,E,skip,A,B,C,D,E,skip,A,B,C,D,E,skip,A,B,C,D,E,skip,0.8,draw
1117,rotate,6,skip,A,B,C,D,E,skip,A,B,C,D,E,skip,A,B,C,D,E,skip,A,0.8,draw
1118,rotate,1,A,B,C,D,E,skip,A,B,C,D,E,skip,A,B,C,D,E,skip,A,B,0.85,draw
1118,rotate,2,B,C,D,E,skip,A,B,C,D,E,skip,A,B,C,D,E,skip,A,B,C,0.85,draw
1118,rotate,3,C,D,E,skip,A,B,C,D,E,skip,A,B,C,D,E,skip,A,B,C,D,0.85,draw
1118,rotate,4,D,E,skip,A,B,C,D,E,skip,A,B,C,D,E,skip,A,B,C,D,E,0.85,draw
1118,rotate,5,E,skip,A,B,C,D,E,skip,A,B,C,D,E,skip,A,B,C,D,E,skip,0.8,draw
1118,rotate,6,skip,A,B,C,D,E,skip,A,B,C,D,E,skip,A,B,C,D,E,skip,A,0.8,draw
1119,rotate,1,A,B,C,D,E,skip,A,B,C,D,E,skip,A,B,C,D,E,skip,A,B,0.85,draw
1119,rotate,2,B,C,D,E,skip,A,B,C,D,E,skip,A,B,C,D,E,skip,A,B,C,0.85,draw
1119,rotate,3,C,D,E,skip,A,B,C,D,E,skip,A,B,C,D,E,skip,A,B,C,D,0.85,draw
1119,rotate,4,D,E,skip,A,B,C,D,E,skip,A,B,C,D,E,skip,A,B,C,D,E,0.85,draw
1119,rotate,5,E,skip,A,B,C,D,E,skip,A,B,C,D,E,skip,A,B,C,D,E,skip,0.8,draw
1119,rotate,6,skip,A,B,C,D,E,skip,A,B,C,D,E,skip,A,B,C,D,E,skip,A,0.8,draw
1120,rotate,1,A,B,C,D,E,skip,A,B,C,D,E,skip,A,B,C,D,E,skip,A,B,0.85,draw
1120,rotate,2,B,C,D,E,skip,A,B,C,D,E,skip,A,B,C,D,E,skip,A,B,C,0.85,draw
1120,rotate,3,C,D,E,skip,A,B,C,D,E,skip,A,B,C,D,E,skip,A,B,C,D,0.85,draw
1120,rotate,4,D,E,skip,A,B,C,D,E,skip,A,B,C,D,E,skip,A,B,C,D,E,0.85,draw
1120,rotate,5,E,skip,A,B,C,D,E,skip,A,B,C,D,E,skip,A,B,C,D,E,skip,0.8,draw
1120,rotate,6,skip,A,B,C,D,E,skip,A,B,C,D,E,skip,A,B,C,D,E,skip,A,0.8,draw
1121,rotate,1,A,B,C,D,E,skip,A,B,C,D,E,skip,A,B,C,D,E,skip,A,B,0.85,draw
1121,rotate,2,B,C,D,E,skip,A,B,C,D,E,skip,A,B,C,D,E,skip,A,B,C,0.85,draw
1121,rotate,3,C,D,E,skip,A,B,C,D,E,skip,A,B,C,D,E,skip,A,B,C,D,0.85,draw
1121,rotate,4,D,E,skip,A,B,C,D,E,skip,A,B,C,D,E,skip,A,B,C,D,E,0.85,draw
1121,rotate,5,E,skip,A,B,C,D,E,skip,A,B,C,D,E,skip,A,B,C,D,E,skip,0.8,draw
1121,rotate,6,skip,A,B,C,D,E,skip,A,B,C,D,E,skip,A,B,C,D,E,skip,A,0.8,draw
1122,rotate,1,A,B,C,D,E,skip,A,B,C,D,E,skip,A,B,C,D,E,skip,A,B,0.85,draw
1122,rotate,2,B,C,D,E,skip,A,B,C,D,E,skip,A,B,C,D,E,skip,A,B,C,0.85,draw
1122,rotate,3,C,D,E,skip,A,B,C,D,E,skip,A,B,C,D,E,skip,A,B,C,D,0.85,draw
1122,rotate,4,D,E,skip,A,B,C,D,E,skip,A,B,C,D,E,skip,A,B,C,D,E,0.85,draw
1122,rotate,5,E,skip,A,B,C,D,E,skip,A,B,C,D,E,skip,A,B,C,D,E,skip,0.8,draw
1122,rotate,6,skip,A,B,C,D,E,skip,A,B,C,D,E,skip,A,B,C,D,E,skip,A,0.8,draw
1123,rotate,1,A,B,C,D,E,skip,A,B,C,D,E,skip,A,B,C,D,E,skip,A,B,0.85,draw
1123,rotate,2,B,C,D,E,skip,A,B,C,D,E,skip,A,B,C,D,E,skip,A,B,C,0.85,draw
1123,rotate,3,C,D,E,skip,A,B,C,D,E,skip,A,B,C,D,E,skip,A,B,C,D,0.85,draw
1123,rotate,4,D,E,skip,A,B,C,D,E,skip,A,B,C,D,E,skip,A,B,C,D,E,0.85,draw
1123,rotate,5,E,skip,A,B,C,D,E,skip,A,B,C,D,E,skip,A,B,C,D,E,skip,0.8,draw
1123,rotate,6,skip,A,B,C,D,E,skip,A,B,C,D,E,skip,A,B,C,D,E,skip,A,0.8,draw
1124,rotate,1,A,B,C,D,E,skip,A,B,C,D,E,skip,A,B,C,D,E,skip,A,B,0.85,draw
1124,rotate,2,B,C,D,E,skip,A,B,C,D,E,skip,A,B,C,D,E,skip,A,B,C,0.85,draw
1124,rotate,3,C,D,E,skip,A,B,C,D,E,skip,A,B,C,D,E,skip,A,B,C,D,0.85,draw
1124,rotate,4,D,E,skip,A,B,C,D,E,skip,A,B,C,D,E,skip,A,B,C,D,E,0.85,draw
1124,rotate,5,E,skip,A,B,C,D,E,skip,A,B,C,D,E,skip,A,B,C,D,E,skip,0.8,draw
1124,rotate,6,skip,A,B,C,D,E,skip,A,B,C,D,E,skip,A,B,C,D,E,skip,A,0.8,draw
1125,rotate,1,A,B,C,D,E,skip,A,B,C,D,E,skip,A,B,C,D,E,skip,A,B,0.85,draw
1125,rotate,2,B,C,D,E,skip,A,B,C,D,E,skip,A,B,C,D,E,skip,A,B,C,0.85,draw
1125,rotate,3,C,D,E,skip,A,B,C,D,E,skip,A,B,C,D,E,skip,A,B,C,D,0.85,draw
1125,rotate,4,D,E,skip,A,B,C,D,E,skip,A,B,C,D,E,skip,A,B,C,D,E,0.85,draw
1125,rotate,5,E,skip,A,B,C,D,E,skip,A,B,C,D,E,skip,A,B,C,D,E,skip,0.8,draw
1125,rotate,6,skip,A,B,C,D,E,skip,A,B,C,D,E,skip,A,B,C,D,E,skip,A,0.8,draw
1126,random,1,B,skip,A,A,E,B,D,A,C,skip,D,B,skip,skip,E,C,C,D,E,E,0.4,random3
1126,random3,2,E,E,E,E,D,B,B,E,E,E,E,B,B,B,B,B,B,B,B,B,0.4,random3
1126,random3,3,D,D,D,D,D,D,D,C,D,D,D,D,D,D,D,D,D,D,D,D,0.65,random3
1126,random,4,E,A,E,B,C,E,B,C,A,C,E,A,skip,A,skip,skip,A,E,E,D,0.4,random3
1126,random,5,A,skip,skip,C,A,A,skip,C,B,A,D,B,C,skip,B,B,D,C,A,C,0.5,random3
1126,random,6,E,skip,A,E,D,E,D,C,A,E,E,C,skip,B,skip,C,skip,skip,E,D,0.05,random3
1127,random,1,skip,skip,skip,skip,D,D,C,E,skip,E,E,skip,B,C,A,A,skip,C,C,E,0.3,random
1127,random,2,D,A,C,E,E,skip,E,D,skip,A,B,E,A,D,skip,D,E,B,C,B,0.3,random
1127,random3,3,A,E,E,E,E,E,A,A,A,A,A,A,B,C,A,B,E,E,E,E,0.2,random
1127,random,4,B,E,A,E,B,E,C,skip,A,E,C,E,skip,D,C,C,C,B,D,D,0.2,random
1127,random,5,A,A,B,D,C,skip,A,skip,skip,B,A,A,E,E,D,skip,C,A,B,B,0.35,random
1127,random3,6,B,B,B,B,B,B,B,B,B,B,B,D,D,D,A,B,B,B,D,D,0.45,random
1128,random,1,E,B,D,E,C,C,skip,E,C,B,A,skip,D,A,D,D,D,A,D,A,0.2,random3
1128,random,2,skip,C,A,A,B,C,E,D,C,A,A,C,D,B,E,C,skip,C,D,D,0.35,random3
1128,random3,3,D,D,D,D,B,B,B,B,A,A,A,B,B,B,B,B,B,E,D,C,0.35,random3
1128,random3,4,D,D,E,E,E,E,E,E,E,E,E,B,A,A,A,C,A,A,A,A,0.4,random3
1128,random,5,C,A,skip,D,skip,skip,A,skip,skip,B,A,D,skip,D,E,C,B,E,B,A,0.25,random3
1128,random,6,A,B,C,C,D,A,C,B,skip,C,E,E,D,D,A,D,C,B,E,A,0.55,random3
1129,random,1,B,C,D,C,B,skip,B,A,C,skip,C,C,E,C,C,E,skip,A,A,D,0.25,random3
1129,random3,2,E,C,A,A,A,A,A,A,D,D,D,D,B,B,B,B,B,E,E,E,0.5,random3
1129,random,3,B,C,skip,D,C,D,C,C,A,B,A,D,B,D,skip,skip,B,C,D,skip,0.45,random3
1129,random,4,A,E,D,E,D,A,B,A,C,E,D,A,skip,skip,D,A,C,D,D,B,0.3,random3
1129,random3,5,E,E,E,E,E,E,E,E,E,E,E,E,E,D,A,A,A,A,A,A,0.55,random3
1129,random,6,B,D,D,E,B,B,A,B,skip,A,D,D,A,C,skip,skip,C,E,C,D,0.3,random3
1130,random,1,D,C,A,A,C,C,C,A,D,E,C,E,C,D,B,A,skip,A,A,B,0.5,random3
1130,random,2,B,B,C,B,B,E,A,B,A,B,D,skip,skip,skip,B,B,skip,C,A,skip,0.3,random3
1130,random3,3,E,E,E,E,E,E,E,E,E,E,E,E,A,A,A,A,A,A,A,A,0.4,random3
1130,random,4,B,A,skip,D,E,E,E,B,C,B,skip,C,D,skip,B,C,A,A,A,skip,0.2,random3
1130,random3,5,B,B,B,B,C,D,D,D,D,B,D,D,D,D,E,E,E,E,E,E,0.4,random3
1130,random,6,A,E,B,skip,E,skip,skip,C,D,C,E,C,B,A,C,skip,E,skip,C,E,0.3,random3
1131,random,1,B,D,skip,D,A,E,C,E,C,C,skip,C,B,E,E,A,D,D,skip,A,0.3,random3
1131,random,2,skip,B,C,A,D,B,skip,skip,D,E,C,A,skip,E,E,B,D,B,C,C,0.15,random3
1131,random,3,A,D,C,D,C,B,B,skip,skip,D,D,E,C,skip,skip,C,E,C,B,E,0.3,random3
1131,random,4,D,skip,skip,skip,B,E,B,D,skip,A,C,A,E,C,D,E,B,skip,B,B,0.3,random3
1131,random3,5,E,E,E,E,E,E,C,C,C,C,C,C,C,C,C,C,C,C,C,C,0.4,random3
1131,random3,6,D,D,D,D,D,D,D,D,D,D,B,B,B,B,B,B,B,B,B,D,0.4,random3
1132,random3,1,B,B,B,B,B,B,B,B,B,B,C,C,C,C,C,C,C,C,E,E,0.45,random3
1132,random3,2,E,E,E,E,E,A,D,D,D,D,D,D,D,D,D,D,B,B,B,B,0.65,random3
1132,random,3,A,A,skip,skip,D,C,E,skip,E,skip,E,E,skip,A,skip,D,A,A,B,D,0.45,random3
1132,random,4,D,A,C,A,E,C,skip,A,C,B,C,C,C,D,C,C,E,skip,skip,skip,0.15,random3
1132,random,5,B,C,C,A,E,E,B,E,C,B,A,A,A,skip,D,E,C,skip,C,C,0.35,random3
1132,random,6,E,D,A,B,C,A,B,skip,C,A,A,C,A,skip,D,A,D,C,B,D,0.3,random3
1133,random3,1,A,A,A,A,A,A,A,C,C,C,A,A,A,E,E,E,B,B,B,B,0.3,random3
1133,random,2,B,skip,B,D,E,D,A,C,skip,C,A,C,B,D,B,skip,C,A,skip,B,0.3,random3
1133,random3,3,D,D,D,D,E,E,E,E,E,E,E,D,D,D,D,D,D,D,D,D,0.55,random3
1133,random,4,A,skip,E,skip,skip,skip,E,E,D,B,E,E,D,skip,A,A,C,B,D,B,0.25,random3
1133,random,5,skip,E,skip,C,D,C,B,skip,C,skip,B,skip,skip,C,A,E,B,E,C,skip,0.3,random3
1133,random,6,D,A,B,B,D,B,B,D,skip,C,C,B,A,E,A,skip,C,E,B,C,0.3,random3
1134,random3,1,D,D,D,D,D,D,D,D,D,E,E,E,E,E,D,D,D,D,D,D,0.75,random3
1134,random,2,skip,E,A,C,C,C,skip,A,B,B,D,B,B,C,E,D,C,E,B,A,0.2,random3
1134,random,3,skip,E,skip,C,skip,C,C,E,D,C,D,D,B,E,E,A,A,skip,skip,skip,0.15,random3
1134,random,4,E,E,skip,A,C,D,C,A,C,B,B,skip,C,skip,D,D,E,skip,C,E,0.1,random3
1134,random,5,B,B,B,skip,C,B,A,skip,C,C,B,skip,skip,C,B,B,E,A,B,C,0.35,random3
1134,random3,6,E,E,A,A,B,B,A,A,A,A,A,A,A,A,A,A,E,E,E,E,0.45,random3
1135,random,1,E,B,B,E,skip,skip,C,D,A,E,C,C,C,E,C,B,A,C,skip,D,0.35,random3
1135,random3,2,B,B,B,B,B,B,B,B,B,B,B,B,B,B,B,A,A,A,A,A,0.5,random3
1135,random,3,A,C,D,C,C,A,B,E,skip,A,C,E,skip,D,B,skip,D,skip,D,B,0.35,random3
1135,random3,4,A,A,A,A,D,D,C,C,C,C,C,C,D,D,D,D,D,C,B,B,0.45,random3
1135,random,5,D,B,C,A,B,skip,skip,D,skip,B,D,A,D,skip,skip,A,D,A,E,E,0.25,random3
1135,random,6,A,D,C,skip,C,D,B,B,E,E,E,C,A,E,E,A,E,A,D,C,0.35,random3
1136,random,1,D,A,A,E,skip,E,D,D,E,B,D,C,C,A,B,A,skip,B,C,skip,0.25,random3
1136,random,2,E,A,A,skip,skip,A,skip,B,E,D,B,E,skip,C,D,D,B,C,B,A,0.25,random3
1136,random,3,B,C,skip,A,D,E,B,E,D,E,A,C,E,E,skip,C,D,A,B,C,0.4,random3
1136,random3,4,D,C,C,C,C,E,E,E,E,E,E,E,E,D,D,A,E,E,E,E,0.4,random3
1136,random3,5,B,B,B,B,B,B,B,B,B,B,B,B,B,B,B,B,B,B,D,D,0.45,random3
1136,random,6,B,D,B,E,C,A,D,skip,D,skip,skip,skip,E,B,C,B,C,C,B,E,0.15,random3
1137,random,1,E,skip,skip,A,B,D,B,E,B,C,C,C,skip,E,B,B,skip,D,A,C,0.25,random
1137,random,2,skip,A,A,A,E,E,skip,skip,E,B,skip,C,A,skip,C,D,B,E,C,D,0.3,random
1137,random,3,B,E,skip,C,skip,E,skip,E,D,E,B,skip,C,skip,A,E,A,A,skip,B,0.4,random
1137,random3,4,C,C,B,E,E,E,E,E,C,C,A,A,A,B,B,B,B,B,C,E,0.25,random
1137,random,5,A,C,C,E,C,C,B,B,C,D,C,C,C,C,D,A,A,B,B,E,0.4,random
1137,random3,6,E,E,B,D,D,D,D,D,D,D,D,D,D,D,D,D,D,D,D,D,0.5,random
1138,random3,1,C,D,D,B,B,B,A,A,A,A,A,A,A,D,D,A,A,B,B,B,0.4,random3
1138,random,2,C,E,E,D,C,B,D,E,D,B,E,E,C,B,C,D,A,D,E,D,0.25,random3
1138,random,3,A,B,skip,C,B,B,E,B,D,A,E,B,C,B,B,B,skip,D,E,skip,0.15,random3
1138,random3,4,E,E,C,C,C,C,C,C,C,C,C,C,C,C,C,A,A,A,E,C,0.45,random3
1138,random,5,B,skip,E,B,B,B,E,B,B,B,A,B,A,E,E,B,skip,A,D,C,0.25,random3
1138,random,6,C,skip,D,A,C,C,B,E,A,B,A,B,E,B,D,B,A,skip,A,E,0.25,random3
1139,random,1,A,A,C,D,B,D,skip,E,B,A,B,E,E,B,C,D,A,C,C,E,0.4,random3
1139,random3,2,E,E,E,E,E,E,E,E,E,E,E,E,E,B,C,C,C,C,D,D,0.3,random3
1139,random,3,D,E,A,D,D,A,skip,B,B,E,E,C,C,E,skip,A,B,skip,A,E,0.35,random3
1139,random,4,D,E,B,B,A,skip,A,C,A,D,E,B,A,A,D,C,B,B,C,C,0.3,random3
1139,random,5,E,B,A,B,skip,B,D,B,E,D,C,skip,A,skip,A,C,D,B,D,D,0.25,random3
1139,random3,6,B,B,C,C,C,C,C,C,A,D,D,D,D,D,D,E,E,E,E,E,0.65,random3
1140,random3,1,A,A,A,A,C,C,C,C,C,A,A,A,A,A,A,A,A,A,A,A,0.65,random3
1140,random,2,A,B,B,A,skip,C,E,skip,D,skip,A,C,E,D,E,skip,B,skip,C,C,0.1,random3
1140,random,3,C,skip,A,D,A,skip,A,B,D,C,C,skip,B,E,D,skip,B,D,B,E,0.5,random3
1140,random,4,A,skip,C,B,B,B,skip,D,E,D,skip,E,D,D,B,A,C,D,E,skip,0.3,random3
1140,random3,5,B,B,C,E,E,E,E,E,E,B,B,B,B,C,C,C,C,C,C,C,0.6,random3
1140,random,6,A,skip,B,C,D,D,E,D,C,skip,A,E,B,skip,E,skip,C,D,E,E,0.15,random3
1141,rotate,1,A,B,C,D,E,skip,A,B,C,D,E,skip,A,B,C,D,E,skip,A,B,0.35,rotate
1141,random3,2,A,A,D,D,D,D,D,D,D,D,D,A,A,C,C,E,E,A,A,A,0.3,rotate
1141,random3,3,B,B,B,B,B,B,B,B,B,B,B,B,B,B,B,B,A,A,A,A,0.3,rotate
1141,rotate,4,D,E,skip,A,B,C,D,E,skip,A,B,C,D,E,skip,A,B,C,D,E,0.7,rotate
1141,rotate,5,E,skip,A,B,C,D,E,skip,A,B,C,D,E,skip,A,B,C,D,E,skip,0.6,rotate
1141,rotate,6,skip,A,B,C,D,E,skip,A,B,C,D,E,skip,A,B,C,D,E,skip,A,0.45,rotate
1142,rotate,1,A,B,C,D,E,skip,A,B,C,D,E,skip,A,B,C,D,E,skip,A,B,0.65,rotate
1142,rotate,2,B,C,D,E,skip,A,B,C,D,E,skip,A,B,C,D,E,skip,A,B,C,0.5,rotate
1142,random3,3,E,C,C,B,C,C,C,C,A,E,C,C,B,B,B,B,B,D,D,D,0.15,rotate
1142,rotate,4,D,E,skip,A,B,C,D,E,skip,A,B,C,D,E,skip,A,B,C,D,E,0.4,rotate
1142,rotate,5,E,skip,A,B,C,D,E,skip,A,B,C,D,E,skip,A,B,C,D,E,skip,0.3,rotate
1142,random3,6,D,D,D,B,B,D,D,D,D,E,E,E,E,E,E,E,E,E,E,E,0.25,rotate
1143,rotate,1,A,B,C,D,E,skip,A,B,C,D,E,skip,A,B,C,D,E,skip,A,B,0.35,rotate
1143,rotate,2,B,C,D,E,skip,A,B,C,D,E,skip,A,B,C,D,E,skip,A,B,C,0.4,rotate
1143,random3,3,C,C,C,C,C,A,A,C,C,D,A,A,A,A,A,A,A,A,A,C,0.2,rotate
1143,random3,4,A,A,A,E,E,E,E,E,E,E,E,E,E,E,E,E,E,E,E,E,0.25,rotate
1143,rotate,5,E,skip,A,B,C,D,E,skip,A,B,C,D,E,skip,A,B,C,D,E,skip,0.5,rotate
1143,rotate,6,skip,A,B,C,D,E,skip,A,B,C,D,E,skip,A,B,C,D,E,skip,A,0.5,rotate
1144,rotate,1,A,B,C,D,E,skip,A,B,C,D,E,skip,A,B,C,D,E,skip,A,B,0.7,rotate
1144,random3,2,C,C,C,C,C,C,D,D,D,A,A,C,C,E,E,E,E,E,E,E,0.2,rotate
1144,rotate,3,C,D,E,skip,A,B,C,D,E,skip,A,B,C,D,E,skip,A,B,C,D,0.4,rotate
1144,rotate,4,D,E,skip,A,B,C,D,E,skip,A,B,C,D,E,skip,A,B,C,D,E,0.3,rotate
1144,random3,5,E,E,B,B,B,B,D,D,D,A,B,B,D,D,D,D,D,D,D,D,0.2,rotate
1144,rotate,6,skip,A,B,C,D,E,skip,A,B,C,D,E,skip,A,B,C,D,E,skip,A,0.6,rotate
1145,rotate,1,A,B,C,D,E,skip,A,B,C,D,E,skip,A,B,C,D,E,skip,A,B,0.55,rotate
1145,rotate,2,B,C,D,E,skip,A,B,C,D,E,skip,A,B,C,D,E,skip,A,B,C,0.3,rotate
1145,random3,3,E,C,D,D,B,B,B,B,D,D,D,D,D,D,D,A,A,A,D,C,0.15,rotate
1145,rotate,4,D,E,skip,A,B,C,D,E,skip,A,B,C,D,E,skip,A,B,C,D,E,0.55,rotate
1145,random3,5,E,C,D,E,E,C,C,C,D,D,D,D,B,B,B,B,B,B,B,B,0.15,rotate
1145,rotate,6,skip,A,B,C,D,E,skip,A,B,C,D,E,skip,A,B,C,D,E,skip,A,0.7,rotate
1146,rotate,1,A,B,C,D,E,skip,A,B,C,D,E,skip,A,B,C,D,E,skip,A,B,0.6,rotate
1146,rotate,2,B,C,D,E,skip,A,B,C,D,E,skip,A,B,C,D,E,skip,A,B,C,0.6,rotate
1146,rotate,3,C,D,E,skip,A,B,C,D,E,skip,A,B,C,D,E,skip,A,B,C,D,0.5,rotate
1146,rotate,4,D,E,skip,A,B,C,D,E,skip,A,B,C,D,E,skip,A,B,C,D,E,0.3,rotate
1146,random3,5,C,E,E,E,B,B,E,E,C,C,C,C,E,E,E,E,E,E,E,E,0.3,rotate
1146,random3,6,C,C,C,A,A,A,A,A,A,A,B,B,B,B,A,A,C,C,C,A,0.25,rotate
1147,random3,1,A,A,A,A,E,E,A,A,A,D,D,D,D,D,D,D,D,A,A,A,0.35,random3
1147,random3,2,C,C,C,C,C,C,C,C,C,C,C,E,A,A,A,A,E,E,A,A,0.3,random3
1147,rotate,3,C,D,E,skip,A,B,C,D,E,skip,A,B,C,D,E,skip,A,B,C,D,0.7,random3
1147,rotate,4,D,E,skip,A,B,C,D,E,skip,A,B,C,D,E,skip,A,B,C,D,E,0.65,random3
1147,rotate,5,E,skip,A,B,C,D,E,skip,A,B,C,D,E,skip,A,B,C,D,E,skip,0.5,random3
1147,rotate,6,skip,A,B,C,D,E,skip,A,B,C,D,E,skip,A,B,C,D,E,skip,A,0.25,random3
1148,random3,1,C,C,C,C,C,E,B,B,B,C,C,C,C,C,C,C,C,A,A,A,0.3,rotate
1148,rotate,2,B,C,D,E,skip,A,B,C,D,E,skip,A,B,C,D,E,skip,A,B,C,0.4,rotate
1148,random3,3,B,A,A,A,D,D,D,C,D,D,D,D,B,B,B,B,B,B,B,B,0.2,rotate
1148,rotate,4,D,E,skip,A,B,C,D,E,skip,A,B,C,D,E,skip,A,B,C,D,E,0.65,rotate
1148,rotate,5,E,skip,A,B,C,D,E,skip,A,B,C,D,E,skip,A,B,C,D,E,skip,0.45,rotate
1148,rotate,6,skip,A,B,C,D,E,skip,A,B,C,D,E,skip,A,B,C,D,E,skip,A,0.3,rotate
1149,random3,1,D,D,B,B,B,E,E,A,A,A,D,D,D,A,A,A,A,D,D,D,0.25,rotate
1149,rotate,2,B,C,D,E,skip,A,B,C,D,E,skip,A,B,C,D,E,skip,A,B,C,0.7,rotate
1149,rotate,3,C,D,E,skip,A,B,C,D,E,skip,A,B,C,D,E,skip,A,B,C,D,0.55,rotate
1149,rotate,4,D,E,skip,A,B,C,D,E,skip,A,B,C,D,E,skip,A,B,C,D,E,0.4,rotate
1149,rotate,5,E,skip,A,B,C,D,E,skip,A,B,C,D,E,skip,A,B,C,D,E,skip,0.3,rotate
1149,random3,6,C,C,C,C,C,C,C,C,C,C,C,E,E,E,E,E,E,E,E,E,0.35,rotate
1150,rotate,1,A,B,C,D,E,skip,A,B,C,D,E,skip,A,B,C,D,E,skip,A,B,0.35,rotate
1150,random3,2,E,D,D,D,D,D,D,D,D,D,E,E,E,E,E,E,E,B,B,D,0.2,rotate
1150,rotate,3,C,D,E,skip,A,B,C,D,E,skip,A,B,C,D,E,skip,A,B,C,D,0.45,rotate
1150,random3,4,A,D,D,D,E,E,E,B,B,B,A,B,B,B,C,C,A,B,B,B,0.05,rotate
1150,rotate,5,E,skip,A,B,C,D,E,skip,A,B,C,D,E,skip,A,B,C,D,E,skip,0.55,rotate
1150,rotate,6,skip,A,B,C,D,E,skip,A,B,C,D,E,skip,A,B,C,D,E,skip,A,0.55,rotate
1151,rotate,1,A,B,C,D,E,skip,A,B,C,D,E,skip,A,B,C,D,E,skip,A,B,0.65,rotate
1151,rotate,2,B,C,D,E,skip,A,B,C,D,E,skip,A,B,C,D,E,skip,A,B,C,0.4,rotate
1151,rotate,3,C,D,E,skip,A,B,C,D,E,skip,A,B,C,D,E,skip,A,B,C,D,0.3,rotate
1151,random3,4,C,C,C,C,C,C,C,C,E,E,E,E,D,D,E,A,A,A,C,C,0.15,rotate
1151,random3,5,D,D,D,A,A,A,D,D,D,D,D,C,C,C,C,A,A,A,C,C,0.2,rotate
1151,rotate,6,skip,A,B,C,D,E,skip,A,B,C,D,E,skip,A,B,C,D,E,skip,A,0.65,rotate
1152,rotate,1,A,B,C,D,E,skip,A,B,C,D,E,skip,A,B,C,D,E,skip,A,B,0.65,rotate
1152,rotate,2,B,C,D,E,skip,A,B,C,D,E,skip,A,B,C,D,E,skip,A,B,C,0.55,rotate
1152,rotate,3,C,D,E,skip,A,B,C,D,E,skip,A,B,C,D,E,skip,A,B,C,D,0.35,rotate
1152,random3,4,C,C,C,C,C,C,C,C,C,C,C,D,D,D,D,D,D,D,D,D,0.3,rotate
1152,rotate,5,E,skip,A,B,C,D,E,skip,A,B,C,D,E,skip,A,B,C,D,E,skip,0.4,rotate
1152,random3,6,D,D,E,B,B,B,B,B,B,B,B,B,B,E,E,B,A,A,E,E,0.3,rotate
1153,random3,1,D,D,D,C,A,A,C,D,D,D,D,D,D,D,B,C,C,B,D,D,0.2,rotate
1153,rotate,2,B,C,D,E,skip,A,B,C,D,E,skip,A,B,C,D,E,skip,A,B,C,0.5,rotate
1153,rotate,3,C,D,E,skip,A,B,C,D,E,skip,A,B,C,D,E,skip,A,B,C,D,0.3,rotate
1153,random3,4,B,B,B,B,A,B,B,B,B,C,A,B,B,A,A,C,C,C,C,C,0.15,rotate
1153,rotate,5,E,skip,A,B,C,D,E,skip,A,B,C,D,E,skip,A,B,C,D,E,skip,0.6,rotate
1153,rotate,6,skip,A,B,C,D,E,skip,A,B,C,D,E,skip,A,B,C,D,E,skip,A,0.4,rotate
1154,rotate,1,A,B,C,D,E,skip,A,B,C,D,E,skip,A,B,C,D,E,skip,A,B,0.35,rotate
1154,random3,2,B,B,B,B,B,C,C,B,C,D,C,D,A,B,C,C,C,C,E,B,0.05,rotate
1154,rotate,3,C,D,E,skip,A,B,C,D,E,skip,A,B,C,D,E,skip,A,B,C,D,0.65,rotate
1154,rotate,4,D,E,skip,A,B,C,D,E,skip,A,B,C,D,E,skip,A,B,C,D,E,0.55,rotate
1154,rotate,5,E,skip,A,B,C,D,E,skip,A,B,C,D,E,skip,A,B,C,D,E,skip,0.3,rotate
1154,random3,6,B,B,B,D,D,D,E,E,E,E,E,E,E,B,A,A,A,D,D,D,0.15,rotate
1155,random3,1,A,A,A,A,D,D,D,E,E,E,E,E,E,E,E,C,C,C,E,E,0.35,random3
1155,rotate,2,B,C,D,E,skip,A,B,C,D,E,skip,A,B,C,D,E,skip,A,B,C,0.8,random3
1155,rotate,3,C,D,E,skip,A,B,C,D,E,skip,A,B,C,D,E,skip,A,B,C,D,0.65,random3
1155,rotate,4,D,E,skip,A,B,C,D,E,skip,A,B,C,D,E,skip,A,B,C,D,E,0.25,random3
1155,random3,5,E,E,B,B,B,E,A,A,B,B,B,C,C,A,A,A,D,D,D,D,0.3,random3
1155,rotate,6,skip,A,B,C,D,E,skip,A,B,C,D,E,skip,A,B,C,D,E,skip,A,0.3,random3
1156,random3,1,E,A,A,A,A,A,A,A,A,A,A,A,A,A,A,A,A,A,A,A,0.75,draw
1156,random3,2,D,A,A,B,B,B,B,B,B,B,E,E,B,B,B,B,B,B,B,D,0.6,draw
1156,random3,3,C,C,C,C,C,C,C,C,C,C,C,C,C,C,C,C,C,C,C,C,0.75,draw
1156,random3,4,D,A,A,A,A,E,E,E,E,C,E,E,E,E,E,E,E,E,E,E,0.4,draw
1156,random3,5,D,D,D,D,D,D,D,D,D,D,D,D,D,D,D,D,D,D,C,C,0.7,draw
1156,random3,6,E,E,E,E,E,E,E,E,E,B,E,E,B,D,C,C,D,D,B,B,0.25,draw
1157,random3,1,E,E,E,B,B,A,B,B,B,B,B,B,B,B,B,B,B,B,B,B,0.75,draw
1157,random3,2,C,C,C,C,C,C,C,C,C,C,C,C,C,C,C,C,C,C,C,C,0.85,draw
1157,random3,3,D,D,E,A,E,A,E,A,A,A,A,A,A,A,A,A,A,A,E,E,0.3,draw
1157,random3,4,D,D,D,D,D,D,D,D,D,D,D,D,D,D,D,D,D,D,D,D,0.7,draw
1157,random3,5,B,B,B,B,B,B,B,A,D,A,C,C,D,D,D,A,A,A,A,A,0.3,draw
1157,random3,6,C,A,A,A,E,E,E,E,E,E,E,E,E,E,E,E,E,E,E,E,0.7,draw
1158,random3,1,B,B,D,D,D,D,D,D,D,D,D,E,E,B,B,B,B,E,E,E,0.3,draw
1158,random3,2,E,E,E,E,E,E,E,E,E,E,E,E,E,D,D,E,E,E,A,A,0.65,draw
1158,random3,3,A,A,A,A,A,A,B,B,D,D,D,D,D,D,D,D,D,D,D,D,0.45,draw
1158,random3,4,A,A,D,D,A,A,A,A,A,A,A,A,A,A,A,A,A,A,A,A,0.6,draw
1158,random3,5,B,C,C,C,C,C,C,C,C,C,C,C,C,C,C,C,C,C,C,C,0.95,draw
1158,random3,6,B,B,B,B,B,B,B,B,B,B,B,B,B,B,B,B,B,B,B,B,0.6,draw
1159,random3,1,E,E,E,E,E,E,E,E,E,E,E,E,E,E,E,E,E,A,C,A,0.65,draw
1159,random3,2,C,B,B,B,B,B,C,C,E,E,E,E,A,C,C,C,C,C,C,C,0.4,draw
1159,random3,3,D,D,D,D,D,D,D,D,D,D,D,D,D,D,D,D,D,D,D,D,0.85,draw
1159,random3,4,D,D,A,A,A,A,A,A,A,A,A,A,A,A,A,A,A,A,B,B,0.55,draw
1159,random3,5,C,C,C,C,C,C,C,C,C,C,C,C,C,C,C,D,E,E,E,E,0.65,draw
1159,random3,6,A,A,A,A,A,B,B,B,B,B,B,B,B,B,B,B,B,B,B,B,0.7,draw
1160,random3,1,A,B,B,B,B,B,B,B,B,B,D,D,D,D,D,D,D,D,D,D,0.75,draw
1160,random3,2,E,E,E,E,E,E,E,E,E,E,E,E,E,E,E,E,E,E,E,E,0.95,draw
1160,random3,3,A,C,A,A,A,A,A,A,A,A,A,A,A,A,A,A,A,A,A,A,0.4,draw
1160,random3,4,D,D,A,A,D,D,D,D,D,D,D,C,A,A,A,D,D,B,B,C,0.25,draw
1160,random3,5,E,C,C,C,C,C,C,C,C,C,C,C,C,C,C,C,C,C,C,C,0.8,draw
1160,random3,6,D,D,A,A,A,A,A,A,D,B,B,B,B,B,B,B,B,B,B,A,0.35,draw
1161,random3,1,D,D,D,D,D,D,D,D,D,D,D,E,E,E,E,E,E,E,E,E,0.35,draw
1161,random3,2,A,A,A,A,A,A,A,A,A,A,A,A,A,A,A,A,A,A,A,A,0.9,draw
1161,random3,3,B,C,C,B,B,B,B,B,B,B,B,B,B,B,B,B,B,B,B,B,0.8,draw
1161,random3,4,E,E,E,E,E,E,E,E,E,E,E,E,E,E,E,D,D,D,C,B,0.55,draw
1161,random3,5,D,D,D,D,D,D,D,A,A,D,D,C,C,C,C,C,C,C,C,D,0.15,draw
1161,random3,6,B,C,C,C,C,C,C,C,C,C,C,C,C,C,C,D,D,D,D,D,0.45,draw
1162,random3,1,A,E,E,E,E,E,E,E,E,E,E,E,E,E,E,E,E,E,E,E,0.9,draw
1162,random3,2,A,D,D,D,D,D,D,D,D,D,D,D,D,D,D,D,C,E,C,C,0.55,draw
1162,random3,3,A,A,A,A,D,D,D,B,A,A,A,A,A,A,C,D,D,D,D,D,0.2,draw
1162,random3,4,C,C,C,C,C,C,C,C,C,C,C,C,C,C,C,A,C,B,C,C,0.7,draw
1162,random3,5,A,A,A,A,A,A,A,A,A,A,A,A,A,A,A,A,A,A,A,A,0.45,draw
1162,random3,6,B,B,B,B,B,B,B,B,B,B,B,B,B,B,B,B,B,B,C,C,0.8,draw
1163,random3,1,D,D,D,D,D,D,D,D,A,A,B,C,C,C,C,C,C,C,D,D,0.4,draw
1163,random3,2,A,B,B,D,D,D,D,D,B,D,D,D,D,D,D,D,D,D,D,B,0.45,draw
1163,random3,3,A,A,A,A,A,A,A,A,A,A,A,A,A,A,A,A,A,A,A,A,0.85,draw
1163,random3,4,C,C,C,C,C,C,C,C,C,C,C,C,C,E,E,E,E,E,E,E,0.7,draw
1163,random3,5,E,E,E,E,E,E,E,E,E,E,E,E,E,E,E,E,E,C,C,C,0.6,draw
1163,random3,6,E,B,B,E,B,B,B,B,B,B,B,E,B,B,B,B,B,B,B,B,0.6,draw
1164,random3,1,E,C,C,C,C,C,C,C,C,C,C,B,B,A,A,A,A,A,A,B,0.3,draw
1164,random3,2,D,D,A,E,C,D,D,D,D,D,D,D,D,D,D,D,D,D,D,D,0.7,draw
1164,random3,3,D,D,D,D,D,D,C,A,A,C,C,C,C,C,C,C,C,C,C,C,0.6,draw
1164,random3,4,B,B,B,B,B,B,B,B,B,B,B,B,B,B,B,B,B,B,B,B,0.85,draw
1164,random3,5,E,E,E,E,E,E,E,E,E,E,E,E,E,E,E,E,E,E,E,E,0.85,draw
1164,random3,6,E,E,A,A,A,A,A,A,A,A,A,A,A,A,A,A,A,A,A,A,0.45,draw
1165,random3,1,B,B,B,B,B,B,B,B,B,B,B,B,B,D,E,D,D,D,C,C,0.35,draw
1165,random3,2,B,E,E,E,E,E,E,E,E,E,E,E,E,E,E,E,E,E,E,E,0.6,draw
1165,random3,3,D,E,E,C,C,C,C,C,C,C,C,C,C,C,C,C,C,C,C,C,0.75,draw
1165,random3,4,D,D,D,D,D,D,D,D,D,D,D,D,A,A,A,A,A,A,A,A,0.75,draw
1165,random3,5,A,A,A,A,A,A,A,A,A,A,A,B,B,B,B,B,B,B,B,B,0.85,draw
1165,random3,6,B,B,B,B,B,B,E,E,E,E,A,D,D,D,A,A,A,D,C,C,0.05,draw
1166,random3,1,C,C,C,C,C,C,C,C,C,C,C,C,C,C,C,C,C,C,D,D,0.65,draw
1166,random3,2,A,B,B,B,D,D,D,B,D,D,D,D,D,D,D,D,D,D,D,D,0.5,draw
1166,random3,3,D,D,D,D,D,D,D,B,B,B,B,B,B,B,B,B,B,B,B,B,0.5,draw
1166,random3,4,A,A,A,A,A,A,A,A,A,A,A,A,A,A,A,A,A,A,A,A,0.95,draw
1166,random3,5,D,B,B,B,B,B,B,B,B,B,B,B,B,C,C,C,C,C,C,C,0.25,draw
1166,random3,6,E,E,E,E,E,E,E,E,E,E,E,E,E,E,E,E,E,E,E,E,1.0,draw
1167,random3,1,E,E,E,E,E,E,E,E,D,D,D,D,D,D,D,D,D,D,D,D,0.45,draw
1167,random3,2,B,B,B,B,A,A,A,A,A,A,A,A,A,A,A,A,A,A,A,A,0.8,draw
1167,random3,3,B,B,B,B,B,B,B,B,B,B,B,B,B,B,C,C,C,C,C,B,0.6,draw
1167,random3,4,E,E,E,E,E,E,D,E,D,D,E,E,E,E,E,E,E,E,C,C,0.25,draw
1167,random3,5,C,C,C,C,C,C,C,C,D,D,D,E,E,B,B,B,B,B,B,B,0.6,draw
1167,random3,6,D,D,D,D,D,D,D,C,C,C,C,C,C,C,C,D,E,E,E,E,0.7,draw
1168,random3,1,C,A,C,C,C,C,C,C,C,C,C,C,C,D,C,C,D,D,D,D,0.5,draw
1168,random3,2,D,A,A,A,A,A,A,A,A,A,A,B,B,B,B,B,B,B,B,B,0.85,draw
1168,random3,3,E,E,E,E,E,E,E,E,E,E,E,E,E,E,E,E,E,E,E,E,0.8,draw
1168,random3,4,C,A,C,C,D,E,E,E,B,B,A,A,A,A,A,A,A,A,A,A,0.4,draw
1168,random3,5,D,D,D,D,D,D,D,D,D,D,D,D,A,D,C,C,D,D,C,C,0.45,draw
1168,random3,6,B,B,B,B,B,B,B,B,B,B,D,D,C,C,C,C,C,C,C,E,0.55,draw
1169,random3,1,C,C,A,A,A,A,A,A,A,A,A,A,B,E,B,B,B,B,B,B,0.2,draw
1169,random3,2,C,C,A,A,A,A,A,A,A,A,A,A,A,A,A,A,E,E,B,B,0.05,draw
1169,random3,3,E,D,D,D,D,D,D,D,D,D,D,D,D,D,D,D,D,D,D,D,0.95,draw
1169,random3,4,B,B,B,B,B,B,B,B,B,B,B,B,B,A,A,A,A,A,A,A,0.8,draw
1169,random3,5,C,C,C,C,C,C,C,C,C,C,C,C,C,C,C,C,C,C,C,C,0.9,draw
1169,random3,6,E,E,E,E,E,E,E,E,E,E,E,E,E,E,E,E,E,E,E,E,0.8,draw
1170,random3,1,B,B,B,B,B,B,B,B,E,E,E,A,E,D,D,D,D,D,D,D,0.5,draw
1170,random3,2,B,C,C,E,E,E,E,B,B,B,B,B,B,B,B,B,B,B,B,B,0.5,draw
1170,random3,3,D,D,D,D,D,D,D,D,D,D,D,D,D,D,D,E,E,A,A,A,0.75,draw
1170,random3,4,B,B,C,C,C,C,C,C,C,C,C,C,C,C,C,C,C,C,C,C,0.85,draw
1170,random3,5,B,E,E,E,E,E,E,B,E,E,E,E,E,E,E,E,E,B,B,B,0.25,draw
1170,random3,6,A,A,A,A,A,A,A,A,A,A,A,A,A,A,A,A,A,A,E,E,0.9,draw
1171,random,1,B,C,skip,skip,skip,C,B,D,skip,A,skip,skip,D,A,C,skip,E,skip,A,C,0.3,radicaleq
1171,radicaleq,2,B,D,E,A,A,A,D,D,C,C,A,A,D,E,skip,C,skip,A,A,A,0.5,radicaleq
1171,radicaleq,3,C,A,C,D,D,C,C,C,D,D,skip,skip,A,C,E,D,A,C,C,C,0.4,radicaleq
1171,random,4,D,D,A,B,A,A,E,E,E,B,skip,C,A,C,skip,E,B,D,E,D,0.55,radicaleq
1171,random,5,A,D,B,C,E,A,A,D,skip,B,E,A,C,D,skip,D,A,C,D,B,0.3,radicaleq
1171,random,6,C,skip,C,skip,D,E,A,B,E,E,C,D,B,D,B,skip,A,E,D,B,0.4,radicaleq
1172,random,1,A,E,B,E,skip,skip,A,D,E,skip,B,C,A,E,A,C,skip,A,D,C,0.2,radicaleq
1172,random,2,skip,A,D,A,B,A,D,D,E,C,skip,A,A,C,skip,E,D,D,A,E,0.3,radicaleq
1172,radicaleq,3,C,skip,skip,E,D,A,E,E,skip,skip,E,A,D,E,A,D,E,skip,skip,A,0.35,radicaleq
1172,random,4,A,E,E,E,B,E,E,B,B,A,E,C,E,A,C,A,D,E,skip,E,0.25,radicaleq
1172,random,5,skip,A,D,B,C,E,E,skip,E,skip,B,E,A,B,B,skip,D,A,C,B,0.35,radicaleq
1172,radicaleq,6,skip,A,A,skip,skip,E,A,D,B,D,D,skip,skip,A,D,A,B,E,A,D,0.3,radicaleq
1173,random,1,A,skip,E,skip,E,skip,C,C,skip,D,D,E,B,E,skip,E,D,B,D,B,0.15,radicaleq
1173,random,2,D,A,B,B,B,A,D,skip,A,skip,B,E,A,D,A,E,skip,B,skip,skip,0.15,radicaleq
1173,radicaleq,3,C,D,D,D,skip,skip,D,D,D,skip,B,B,D,D,B,D,D,B,B,D,0.35,radicaleq
1173,radicaleq,4,D,A,C,C,B,D,skip,skip,skip,B,D,D,B,B,D,skip,skip,D,D,B,0.3,radicaleq
1173,random,5,D,B,D,B,skip,skip,C,A,skip,D,B,D,D,A,E,A,D,D,skip,D,0.25,radicaleq
1173,random,6,B,C,E,skip,E,A,D,D,E,A,E,D,A,D,skip,D,A,E,C,A,0.45,radicaleq
1174,random,1,B,skip,E,skip,A,C,B,C,B,E,B,C,B,skip,C,D,C,D,skip,B,0.45,radicaleq
1174,radicaleq,2,B,D,A,skip,B,skip,B,D,skip,B,B,A,A,B,skip,skip,B,A,A,D,0.35,radicaleq
1174,random,3,D,B,skip,skip,C,skip,skip,B,C,D,C,A,skip,D,A,A,D,A,E,B,0.4,radicaleq
1174,random,4,A,skip,B,B,E,D,B,A,A,A,skip,B,skip,E,E,skip,B,A,A,D,0.25,radicaleq
1174,radicaleq,5,E,skip,skip,A,skip,B,D,skip,A,A,D,C,D,D,C,E,D,C,D,A,0.4,radicaleq
1174,random,6,A,B,D,B,C,B,C,A,skip,C,E,C,D,E,skip,D,A,A,B,B,0.3,radicaleq
1175,random,1,skip,C,E,A,A,A,D,skip,D,skip,C,A,E,A,D,C,C,E,D,E,0.4,radicaleq
1175,random,2,B,D,D,A,C,D,A,A,B,A,D,D,skip,E,C,E,B,skip,C,C,0.4,radicaleq
1175,radicaleq,3,C,A,skip,B,B,skip,skip,B,skip,B,B,A,D,A,A,D,B,A,A,D,0.4,radicaleq
1175,random,4,B,B,B,B,skip,E,skip,D,D,A,E,skip,skip,E,D,E,C,A,B,A,0.2,radicaleq
1175,radicaleq,5,E,B,A,skip,skip,A,A,D,C,C,A,B,skip,B,B,skip,skip,B,skip,skip,0.4,radicaleq
1175,random,6,A,D,B,B,C,skip,B,C,E,D,B,skip,B,B,A,C,D,E,A,C,0.35,radicaleq
1176,random,1,A,E,C,B,E,B,E,skip,A,B,B,B,E,D,skip,skip,C,A,A,skip,0.3,radicaleq
1176,random,2,A,A,skip,B,D,C,B,B,D,skip,skip,D,C,E,A,E,E,skip,E,D,0.4,radicaleq
1176,random,3,D,B,B,D,E,D,skip,A,A,D,C,D,skip,skip,D,D,B,C,skip,A,0.5,radicaleq
1176,random,4,A,skip,E,C,D,D,D,skip,C,skip,skip,B,E,skip,B,A,C,D,C,D,0.3,radicaleq
1176,radicaleq,5,E,skip,A,A,A,skip,skip,A,A,E,A,skip,A,skip,A,A,D,A,A,A,0.4,radicaleq
1176,radicaleq,6,skip,E,D,E,E,A,A,skip,skip,A,skip,E,skip,A,skip,skip,E,D,E,D,0.35,radicaleq
1177,radicaleq,1,A,E,D,B,C,C,C,C,B,D,D,C,D,skip,D,D,D,C,D,E,0.45,radicaleq
1177,radicaleq,2,B,C,C,C,B,D,D,D,C,C,skip,skip,C,B,C,C,skip,skip,C,skip,0.45,radicaleq
1177,random,3,D,D,B,skip,B,B,skip,A,skip,A,skip,skip,E,C,C,D,skip,D,D,D,0.45,radicaleq
1177,random,4,C,skip,A,E,C,D,skip,C,D,A,A,C,C,E,skip,D,E,C,skip,B,0.2,radicaleq
1177,random,5,A,skip,C,E,B,A,A,E,D,D,skip,skip,B,D,A,skip,E,E,A,A,0.3,radicaleq
1177,random,6,C,B,C,C,D,C,E,E,skip,E,E,E,B,D,D,D,skip,A,B,C,0.45,radicaleq
1178,radicaleq,1,A,D,skip,D,E,D,C,C,C,C,C,B,B,C,B,B,C,C,B,C,0.45,radicaleq
1178,random,2,E,E,D,skip,C,A,skip,B,C,C,B,skip,E,B,E,A,E,B,skip,D,0.35,radicaleq
1178,radicaleq,3,C,E,B,E,D,E,E,E,E,skip,E,E,skip,E,skip,skip,skip,skip,E,skip,0.45,radicaleq
1178,random,4,skip,E,skip,E,E,E,A,B,D,skip,E,C,E,C,D,skip,A,skip,C,skip,0.25,radicaleq
1178,random,5,D,skip,E,C,B,C,C,skip,B,A,E,B,C,skip,B,skip,skip,D,D,D,0.4,radicaleq
1178,random,6,E,B,skip,E,E,D,skip,A,B,skip,C,skip,D,C,E,A,A,C,D,D,0.15,radicaleq
1179,radicaleq,1,A,B,A,D,C,C,C,A,A,A,A,D,A,A,A,A,A,A,A,A,0.5,radicaleq
1179,random,2,E,skip,A,C,A,C,skip,A,E,B,B,C,A,skip,skip,C,B,E,D,D,0.4,radicaleq
1179,random,3,C,C,A,A,D,B,E,skip,A,skip,E,skip,D,D,B,B,D,A,A,skip,0.25,radicaleq
1179,random,4,C,D,B,B,E,E,D,skip,D,E,E,C,B,C,B,A,E,skip,skip,B,0.45,radicaleq
1179,random,5,A,skip,skip,E,E,A,skip,D,E,D,A,E,E,B,B,skip,C,A,D,B,0.2,radicaleq
1179,radicaleq,6,skip,C,D,A,D,D,D,D,C,D,C,E,E,E,D,D,D,D,D,D,0.4,radicaleq
1180,random,1,A,D,D,D,D,skip,B,skip,C,skip,D,B,A,E,A,E,D,B,D,skip,0.45,radicaleq
1180,radicaleq,2,B,C,A,E,A,E,E,A,A,A,A,B,A,B,B,D,A,D,D,C,0.45,radicaleq
1180,random,3,B,E,A,B,C,B,D,skip,B,A,C,C,D,D,E,D,skip,E,skip,skip,0.45,radicaleq
1180,radicaleq,4,D,skip,B,C,skip,C,B,C,D,D,C,C,C,A,D,B,B,A,A,B,0.35,radicaleq
1180,random,5,B,C,C,E,A,D,skip,C,B,skip,D,skip,C,C,C,B,C,C,C,B,0.3,radicaleq
1180,random,6,skip,skip,C,D,B,C,A,D,E,E,A,A,C,A,D,D,B,B,skip,A,0.35,radicaleq
1181,random,1,C,B,C,C,E,A,D,E,B,skip,B,E,E,B,C,E,B,E,skip,skip,0.3,radicaleq
1181,random,2,D,skip,skip,E,B,D,C,C,D,B,D,skip,D,skip,C,C,E,C,A,B,0.25,radicaleq
1181,random,3,C,D,B,B,skip,E,C,E,D,E,D,B,D,B,B,B,D,A,E,B,0.2,radicaleq
1181,radicaleq,4,D,C,C,C,D,B,B,D,B,B,B,D,skip,skip,B,B,D,D,B,skip,0.35,radicaleq
1181,radicaleq,5,E,D,D,D,skip,skip,skip,B,skip,skip,skip,B,D,D,skip,skip,B,B,skip,B,0.3,radicaleq
1181,random,6,B,A,B,E,B,skip,B,A,D,E,E,E,E,skip,skip,D,skip,C,skip,D,0.3,radicaleq
1182,random,1,D,D,D,E,E,E,B,B,E,D,A,skip,B,E,B,E,B,A,A,C,0.1,radicaleq
1182,random,2,E,E,B,B,A,C,B,D,A,C,C,D,C,A,A,B,skip,skip,skip,E,0.5,radicaleq
1182,random,3,B,A,B,A,skip,skip,C,B,E,D,A,B,B,E,D,E,D,A,D,E,0.4,radicaleq
1182,radicaleq,4,D,E,A,E,E,D,A,E,A,A,A,A,A,E,B,A,B,A,A,B,0.35,radicaleq
1182,random,5,A,D,E,D,A,D,D,E,E,D,D,skip,E,E,B,C,C,C,E,E,0.5,radicaleq
1182,radicaleq,6,skip,B,D,B,B,B,skip,B,D,skip,skip,E,D,D,E,E,E,E,skip,skip,0.5,radicaleq
1183,radicaleq,1,A,B,B,A,B,C,A,skip,skip,A,skip,A,C,A,skip,A,D,A,A,D,0.4,radicaleq
1183,random,2,skip,C,A,A,E,A,skip,skip,C,skip,A,E,B,skip,C,A,B,B,D,B,0.35,radicaleq
1183,random,3,A,D,D,B,B,D,E,skip,C,C,C,E,skip,D,B,D,skip,B,D,C,0.35,radicaleq
1183,radicaleq,4,D,A,A,B,D,E,C,E,A,skip,A,B,A,skip,A,skip,A,skip,skip,A,0.45,radicaleq
1183,random,5,C,A,A,E,D,D,skip,B,B,E,B,D,skip,D,B,skip,C,E,E,D,0.4,radicaleq
1183,random,6,skip,A,C,A,A,skip,C,B,D,E,A,A,D,E,D,E,skip,A,A,skip,0.35,radicaleq
1184,random,1,B,E,E,D,C,D,B,E,B,D,A,E,C,D,skip,skip,skip,D,B,E,0.35,radicaleq
1184,radicaleq,2,B,D,C,B,E,A,A,B,E,skip,skip,E,A,B,A,A,skip,B,skip,skip,0.4,radicaleq
1184,random,3,A,C,B,B,D,C,B,B,C,D,D,A,skip,A,B,D,D,skip,A,E,0.3,radicaleq
1184,random,4,A,B,B,B,E,D,E,B,A,E,skip,C,C,C,A,D,B,E,skip,B,0.3,radicaleq
1184,random,5,E,skip,D,A,D,skip,E,B,skip,C,skip,E,C,B,C,B,D,D,A,E,0.25,radicaleq
1184,radicaleq,6,skip,A,skip,E,A,B,skip,skip,B,E,E,B,skip,skip,B,B,E,skip,B,B,0.35,radicaleq
1185,radicaleq,1,A,B,A,E,C,skip,E,skip,A,A,E,C,C,A,A,C,A,C,E,E,0.25,radicaleq
1185,random,2,skip,C,C,skip,A,E,skip,D,skip,A,B,C,A,A,A,E,D,skip,E,D,0.2,radicaleq
1185,random,3,skip,A,skip,A,D,B,D,E,skip,skip,E,C,B,D,A,A,A,C,B,skip,0.35,radicaleq
1185,random,4,A,A,A,A,E,D,D,D,A,C,skip,C,skip,C,E,skip,C,D,E,C,0.35,radicaleq
1185,radicaleq,5,E,skip,skip,A,A,E,D,C,C,E,C,skip,skip,C,C,E,E,E,C,A,0.35,radicaleq
1185,random,6,skip,C,E,E,skip,E,skip,C,skip,E,skip,C,A,B,C,E,A,C,A,E,0.15,radicaleq
1186,rotate,1,A,B,C,D,E,skip,A,B,C,D,E,skip,A,B,C,D,E,skip,A,B,0.4,rotate
1186,radicaleq,2,B,C,D,E,skip,C,B,E,D,E,C,D,E,B,C,E,D,C,E,C,0.45,rotate
1186,radicaleq,3,C,D,E,skip,D,A,A,B,C,C,D,A,B,A,B,D,E,A,A,B,0.35,rotate
1186,rotate,4,D,E,skip,A,B,C,D,E,skip,A,B,C,D,E,skip,A,B,C,D,E,0.7,rotate
1186,rotate,5,E,skip,A,B,C,D,E,skip,A,B,C,D,E,skip,A,B,C,D,E,skip,0.6,rotate
1186,rotate,6,skip,A,B,C,D,E,skip,A,B,C,D,E,skip,A,B,C,D,E,skip,A,0.5,rotate
1187,rotate,1,A,B,C,D,E,skip,A,B,C,D,E,skip,A,B,C,D,E,skip,A,B,0.6,rotate
1187,rotate,2,B,C,D,E,skip,A,B,C,D,E,skip,A,B,C,D,E,skip,A,B,C,0.4,rotate
1187,radicaleq,3,C,D,E,skip,E,C,D,C,B,D,E,D,B,A,A,E,D,C,D,E,0.3,rotate
1187,rotate,4,D,E,skip,A,B,C,D,E,skip,A,B,C,D,E,skip,A,B,C,D,E,0.55,rotate
1187,rotate,5,E,skip,A,B,C,D,E,skip,A,B,C,D,E,skip,A,B,C,D,E,skip,0.3,rotate
1187,radicaleq,6,skip,A,C,B,D,A,B,E,A,B,C,A,E,C,D,B,C,A,E,B,0.1,rotate
1188,rotate,1,A,B,C,D,E,skip,A,B,C,D,E,skip,A,B,C,D,E,skip,A,B,0.65,rotate
1188,rotate,2,B,C,D,E,skip,A,B,C,D,E,skip,A,B,C,D,E,skip,A,B,C,0.25,rotate
1188,radicaleq,3,C,D,E,skip,B,B,A,B,A,C,C,A,D,E,B,C,E,B,C,C,0.45,rotate
1188,radicaleq,4,D,E,skip,C,A,A,B,C,D,E,D,E,B,C,D,E,D,A,A,D,0.2,rotate
1188,rotate,5,E,skip,A,B,C,D,E,skip,A,B,C,D,E,skip,A,B,C,D,E,skip,0.7,rotate
1188,rotate,6,skip,A,B,C,D,E,skip,A,B,C,D,E,skip,A,B,C,D,E,skip,A,0.45,rotate
1189,rotate,1,A,B,C,D,E,skip,A,B,C,D,E,skip,A,B,C,D,E,skip,A,B,0.45,rotate
1189,radicaleq,2,B,C,D,B,skip,B,E,B,B,B,B,D,C,C,B,B,B,E,C,E,0.45,rotate
1189,rotate,3,C,D,E,skip,A,B,C,D,E,skip,A,B,C,D,E,skip,A,B,C,D,0.65,rotate
1189,rotate,4,D,E,skip,A,B,C,D,E,skip,A,B,C,D,E,skip,A,B,C,D,E,0.45,rotate
1189,radicaleq,5,E,skip,B,A,E,C,D,A,C,D,E,C,A,A,E,D,E,A,D,A,0.1,rotate
1189,rotate,6,skip,A,B,C,D,E,skip,A,B,C,D,E,skip,A,B,C,D,E,skip,A,0.45,rotate
1190,rotate,1,A,B,C,D,E,skip,A,B,C,D,E,skip,A,B,C,D,E,skip,A,B,0.75,rotate
1190,rotate,2,B,C,D,E,skip,A,B,C,D,E,skip,A,B,C,D,E,skip,A,B,C,0.45,rotate
1190,radicaleq,3,C,D,E,skip,E,B,E,E,E,skip,C,D,E,skip,A,A,C,E,C,C,0.6,rotate
1190,rotate,4,D,E,skip,A,B,C,D,E,skip,A,B,C,D,E,skip,A,B,C,D,E,0.5,rotate
1190,radicaleq,5,E,skip,B,A,D,C,A,C,D,A,B,A,B,C,D,C,B,D,B,A,0.1,rotate
1190,rotate,6,skip,A,B,C,D,E,skip,A,B,C,D,E,skip,A,B,C,D,E,skip,A,0.55,rotate
1191,rotate,1,A,B,C,D,E,skip,A,B,C,D,E,skip,A,B,C,D,E,skip,A,B,0.55,rotate
1191,rotate,2,B,C,D,E,skip,A,B,C,D,E,skip,A,B,C,D,E,skip,A,B,C,0.5,rotate
1191,rotate,3,C,D,E,skip,A,B,C,D,E,skip,A,B,C,D,E,skip,A,B,C,D,0.8,rotate
1191,rotate,4,D,E,skip,A,B,C,D,E,skip,A,B,C,D,E,skip,A,B,C,D,E,0.3,rotate
1191,radicaleq,5,E,skip,B,E,C,A,B,A,B,C,C,B,B,C,C,E,B,C,A,B,0.35,rotate
1191,radicaleq,6,skip,A,C,A,B,D,D,E,C,D,B,E,D,E,A,A,D,A,E,E,0.3,rotate
1192,radicaleq,1,A,B,A,B,C,D,C,E,E,D,E,E,E,A,A,C,D,E,E,B,0.25,rotate
1192,radicaleq,2,B,C,D,A,B,B,D,C,C,C,B,A,D,B,E,A,C,D,A,D,0.4,rotate
1192,rotate,3,C,D,E,skip,A,B,C,D,E,skip,A,B,C,D,E,skip,A,B,C,D,0.6,rotate
1192,rotate,4,D,E,skip,A,B,C,D,E,skip,A,B,C,D,E,skip,A,B,C,D,E,0.5,rotate
1192,rotate,5,E,skip,A,B,C,D,E,skip,A,B,C,D,E,skip,A,B,C,D,E,skip,0.35,rotate
1192,rotate,6,skip,A,B,C,D,E,skip,A,B,C,D,E,skip,A,B,C,D,E,skip,A,0.5,rotate
1193,radicaleq,1,A,B,A,B,C,A,D,C,B,C,D,D,D,C,C,C,D,D,B,B,0.2,rotate
1193,rotate,2,B,C,D,E,skip,A,B,C,D,E,skip,A,B,C,D,E,skip,A,B,C,0.5,rotate
1193,radicaleq,3,C,D,E,skip,E,E,A,E,A,B,B,E,A,A,E,E,C,A,D,C,0.35,rotate
1193,rotate,4,D,E,skip,A,B,C,D,E,skip,A,B,C,D,E,skip,A,B,C,D,E,0.6,rotate
1193,rotate,5,E,skip,A,B,C,D,E,skip,A,B,C,D,E,skip,A,B,C,D,E,skip,0.4,rotate
1193,rotate,6,skip,A,B,C,D,E,skip,A,B,C,D,E,skip,A,B,C,D,E,skip,A,0.4,rotate
1194,radicaleq,1,A,B,A,D,D,C,A,A,C,E,A,C,D,A,D,A,E,E,E,D,0.5,rotate
1194,rotate,2,B,C,D,E,skip,A,B,C,D,E,skip,A,B,C,D,E,skip,A,B,C,0.65,rotate
1194,rotate,3,C,D,E,skip,A,B,C,D,E,skip,A,B,C,D,E,skip,A,B,C,D,0.75,rotate
1194,rotate,4,D,E,skip,A,B,C,D,E,skip,A,B,C,D,E,skip,A,B,C,D,E,0.5,rotate
1194,rotate,5,E,skip,A,B,C,D,E,skip,A,B,C,D,E,skip,A,B,C,D,E,skip,0.2,rotate
1194,radicaleq,6,skip,A,C,E,C,D,E,E,A,D,C,D,E,E,A,C,C,D,D,C,0.2,rotate
1195,rotate,1,A,B,C,D,E,skip,A,B,C,D,E,skip,A,B,C,D,E,skip,A,B,0.4,rotate
1195,radicaleq,2,B,C,D,E,skip,A,E,C,C,A,C,D,D,D,C,D,D,C,C,D,0.45,rotate
1195,rotate,3,C,D,E,skip,A,B,C,D,E,skip,A,B,C,D,E,skip,A,B,C,D,0.3,rotate
1195,radicaleq,4,D,E,skip,C,A,B,C,D,B,D,E,B,A,B,E,E,A,B,A,B,0.15,rotate
1195,rotate,5,E,skip,A,B,C,D,E,skip,A,B,C,D,E,skip,A,B,C,D,E,skip,0.65,rotate
1195,rotate,6,skip,A,B,C,D,E,skip,A,B,C,D,E,skip,A,B,C,D,E,skip,A,0.65,rotate
1196,rotate,1,A,B,C,D,E,skip,A,B,C,D,E,skip,A,B,C,D,E,skip,A,B,0.7,rotate
1196,rotate,2,B,C,D,E,skip,A,B,C,D,E,skip,A,B,C,D,E,skip,A,B,C,0.75,rotate
1196,rotate,3,C,D,E,skip,A,B,C,D,E,skip,A,B,C,D,E,skip,A,B,C,D,0.4,rotate
1196,radicaleq,4,D,E,skip,D,A,B,D,A,B,C,D,B,C,E,E,C,B,B,C,E,0.3,rotate
1196,radicaleq,5,E,skip,B,A,C,C,E,E,A,A,A,D,A,A,D,D,D,A,D,D,0.5,rotate
1196,rotate,6,skip,A,B,C,D,E,skip,A,B,C,D,E,skip,A,B,C,D,E,skip,A,0.4,rotate
1197,rotate,1,A,B,C,D,E,skip,A,B,C,D,E,skip,A,B,C,D,E,skip,A,B,0.6,rotate
1197,rotate,2,B,C,D,E,skip,A,B,C,D,E,skip,A,B,C,D,E,skip,A,B,C,0.6,rotate
1197,rotate,3,C,D,E,skip,A,B,C,D,E,skip,A,B,C,D,E,skip,A,B,C,D,0.5,rotate
1197,radicaleq,4,D,E,skip,A,A,D,B,D,A,B,C,D,A,D,C,E,A,D,B,E,0.2,rotate
1197,rotate,5,E,skip,A,B,C,D,E,skip,A,B,C,D,E,skip,A,B,C,D,E,skip,0.3,rotate
1197,radicaleq,6,skip,A,C,B,D,B,E,C,E,C,E,B,E,A,B,C,C,A,D,B,0.35,rotate
1198,radicaleq,1,A,B,A,B,A,C,C,D,B,C,E,E,B,C,E,D,D,E,B,A,0.25,rotate
1198,rotate,2,B,C,D,E,skip,A,B,C,D,E,skip,A,B,C,D,E,skip,A,B,C,0.55,rotate
1198,rotate,3,C,D,E,skip,A,B,C,D,E,skip,A,B,C,D,E,skip,A,B,C,D,0.6,rotate
1198,radicaleq,4,D,E,skip,D,E,A,A,A,D,B,D,C,E,B,C,B,A,C,E,C,0.45,rotate
1198,rotate,5,E,skip,A,B,C,D,E,skip,A,B,C,D,E,skip,A,B,C,D,E,skip,0.5,rotate
1198,rotate,6,skip,A,B,C,D,E,skip,A,B,C,D,E,skip,A,B,C,D,E,skip,A,0.4,rotate
1199,rotate,1,A,B,C,D,E,skip,A,B,C,D,E,skip,A,B,C,D,E,skip,A,B,0.5,rotate
1199,radicaleq,2,B,C,D,C,skip,A,D,C,C,E,B,C,D,C,C,D,C,D,D,E,0.4,rotate
1199,rotate,3,C,D,E,skip,A,B,C,D,E,skip,A,B,C,D,E,skip,A,B,C,D,0.8,rotate
1199,rotate,4,D,E,skip,A,B,C,D,E,skip,A,B,C,D,E,skip,A,B,C,D,E,0.55,rotate
1199,rotate,5,E,skip,A,B,C,D,E,skip,A,B,C,D,E,skip,A,B,C,D,E,skip,0.2,rotate
1199,radicaleq,6,skip,A,C,B,E,D,E,B,A,B,D,D,E,A,A,B,E,B,E,A,0.2,rotate
1200,radicaleq,1,A,B,A,E,B,E,C,D,A,C,B,D,A,A,C,C,A,C,E,B,0.45,rotate
1200,rotate,2,B,C,D,E,skip,A,B,C,D,E,skip,A,B,C,D,E,skip,A,B,C,0.75,rotate
1200,rotate,3,C,D,E,skip,A,B,C,D,E,skip,A,B,C,D,E,skip,A,B,C,D,0.55,rotate
1200,rotate,4,D,E,skip,A,B,C,D,E,skip,A,B,C,D,E,skip,A,B,C,D,E,0.45,rotate
1200,radicaleq,5,E,skip,B,C,D,C,D,A,B,A,E,E,C,D,B,E,B,E,D,D,0.1,rotate
1200,rotate,6,skip,A,B,C,D,E,skip,A,B,C,D,E,skip,A,B,C,D,E,skip,A,0.2,rotate
1201,random3,1,A,A,A,A,A,A,A,A,A,A,A,E,E,E,E,E,E,B,B,B,0.5,random3
1201,radicaleq,2,B,E,D,C,E,E,C,B,C,E,B,D,D,C,C,D,E,E,A,E,0.5,random3
1201,radicaleq,3,C,A,E,A,C,D,B,E,E,B,D,B,B,E,B,B,D,B,B,D,0.3,random3
1201,random3,4,E,E,C,C,C,C,C,E,C,C,A,A,A,A,A,A,A,A,A,A,0.55,random3
1201,random3,5,A,A,B,B,B,B,B,B,C,C,C,C,C,C,C,C,C,C,C,C,0.6,random3
1201,random3,6,A,D,D,D,D,D,D,D,D,D,D,E,E,E,B,B,D,D,D,D,0.45,random3
1202,random3,1,A,A,D,D,D,D,D,D,D,D,D,D,D,D,D,E,E,E,E,E,0.65,random3
1202,random3,2,A,A,A,E,E,E,C,C,C,C,C,C,C,C,C,C,C,C,C,C,0.6,random3
1202,radicaleq,3,C,E,A,A,C,E,E,E,E,E,C,C,E,E,D,D,D,E,B,E,0.35,random3
1202,random3,4,C,C,C,C,C,B,B,B,B,B,A,A,A,A,A,A,A,A,A,A,0.65,random3
1202,random3,5,A,A,A,A,A,A,A,A,A,A,A,E,E,E,B,B,B,B,B,B,0.45,random3
1202,radicaleq,6,skip,skip,C,E,E,D,D,B,B,B,B,B,B,B,B,B,B,D,D,D,0.35,random3
1203,random3,1,C,B,B,B,C,C,C,C,C,C,C,C,C,E,E,E,E,E,E,E,0.65,radicaleq
1203,random3,2,A,A,A,A,A,A,A,A,A,A,A,A,A,A,A,A,A,A,A,A,0.7,radicaleq
1203,radicaleq,3,C,E,A,B,D,B,D,E,E,B,B,B,C,E,E,B,B,D,D,B,0.3,radicaleq
1203,radicaleq,4,D,skip,C,A,E,D,B,B,B,A,E,E,B,C,C,C,C,C,C,C,0.6,radicaleq
1203,random3,5,C,C,C,D,D,B,B,A,A,A,A,D,D,D,D,D,D,D,E,E,0.25,radicaleq
1203,random3,6,C,C,C,E,E,E,E,E,E,E,E,E,D,D,B,B,B,B,B,B,0.35,radicaleq
1204,random3,1,D,D,D,D,A,A,D,A,A,A,C,C,C,C,D,D,D,D,D,D,0.45,radicaleq
1204,radicaleq,2,B,C,D,C,C,C,D,A,D,D,C,D,A,E,A,B,A,A,A,E,0.4,radicaleq
1204,random3,3,A,A,A,C,C,C,C,C,C,E,C,E,E,E,D,A,A,E,E,E,0.4,radicaleq
1204,random3,4,B,B,B,B,B,B,B,B,B,B,B,B,B,B,B,B,C,C,B,B,0.7,radicaleq
1204,radicaleq,5,E,skip,A,D,E,A,E,D,C,A,D,A,E,A,E,E,B,C,C,C,0.45,radicaleq
1204,random3,6,B,B,E,E,E,E,E,E,E,E,C,C,C,C,C,C,C,C,C,B,0.35,radicaleq
1205,random3,1,B,B,D,D,B,B,B,B,D,D,D,E,E,E,E,E,E,E,E,E,0.5,random3
1205,random3,2,E,E,E,E,E,E,E,E,E,E,E,E,E,B,B,B,B,B,A,A,0.4,random3
1205,radicaleq,3,C,B,D,D,D,B,D,D,E,A,B,C,D,C,D,B,D,D,A,A,0.4,random3
1205,random3,4,A,A,A,A,A,A,A,A,A,A,A,A,A,B,B,B,B,B,B,B,0.55,random3
1205,radicaleq,5,E,A,B,E,A,D,C,B,D,B,D,B,A,D,A,A,B,A,C,E,0.4,random3
1205,random3,6,C,C,C,C,C,C,C,C,C,C,C,C,C,C,C,C,C,C,C,D,0.75,random3
1206,random3,1,E,B,B,B,B,B,B,A,A,A,A,C,C,A,A,E,E,E,E,E,0.35,random3
1206,random3,2,A,A,C,C,C,C,C,C,C,C,A,C,C,C,C,C,C,C,C,C,0.5,random3
1206,random3,3,D,D,D,D,D,D,D,D,D,D,D,D,D,D,D,D,D,D,D,D,0.75,random3
1206,random3,4,E,E,E,E,E,E,E,E,E,E,E,E,E,A,B,B,B,B,B,B,0.85,random3
1206,radicaleq,5,E,A,C,C,A,D,A,C,B,C,A,B,E,D,A,A,D,A,A,A,0.4,random3
1206,radicaleq,6,skip,D,B,B,C,A,B,A,A,B,B,C,B,E,E,E,A,D,E,C,0.35,random3
1207,radicaleq,1,A,C,D,D,D,D,B,C,D,E,E,E,D,A,D,D,D,E,E,B,0.3,radicaleq
1207,radicaleq,2,B,E,B,B,B,C,A,E,E,A,A,A,A,D,A,A,E,A,D,D,0.25,radicaleq
1207,random3,3,C,C,C,C,A,C,C,C,C,C,C,C,C,C,C,C,C,C,C,C,0.65,radicaleq
1207,random3,4,C,C,C,C,A,A,A,D,D,A,A,A,D,D,A,A,E,E,E,A,0.15,radicaleq
1207,random3,5,B,B,B,B,B,B,B,B,B,B,B,B,B,B,B,B,B,B,B,B,0.7,radicaleq
1207,random3,6,D,D,D,D,D,E,E,E,E,E,E,E,E,E,E,E,E,E,E,E,0.45,radicaleq
1208,radicaleq,1,A,B,E,A,B,B,B,C,C,B,B,C,B,A,C,D,D,D,C,E,0.4,radicaleq
1208,random3,2,A,A,A,A,A,A,A,A,A,A,A,A,A,A,B,B,B,B,B,B,0.65,radicaleq
1208,radicaleq,3,C,D,D,D,D,D,D,skip,skip,D,D,E,D,C,A,C,E,C,A,C,0.4,radicaleq
1208,random3,4,D,D,C,C,C,C,C,C,C,B,C,C,C,C,C,C,B,B,B,B,0.3,radicaleq
1208,random3,5,E,E,E,E,E,E,E,E,E,E,E,E,E,E,E,E,E,E,E,E,0.7,radicaleq
1208,random3,6,D,D,C,B,B,B,E,E,D,D,D,D,D,A,A,A,A,A,A,D,0.35,radicaleq
1209,radicaleq,1,A,D,B,E,A,E,A,E,A,E,D,C,E,E,B,E,A,E,D,E,0.35,random3
1209,random3,2,C,C,C,C,C,C,C,C,C,C,C,C,E,C,C,C,C,C,C,C,0.7,random3
1209,random3,3,B,B,B,B,B,B,B,B,B,B,B,B,B,C,B,B,B,B,B,B,0.65,random3
1209,random3,4,C,C,E,E,D,D,D,D,D,D,D,D,D,D,D,D,D,D,D,E,0.6,random3
1209,random3,5,D,D,D,A,A,A,A,A,A,A,A,A,A,A,A,A,A,A,A,A,0.55,random3
1209,radicaleq,6,skip,B,D,A,E,D,E,C,E,A,B,E,B,C,E,D,E,B,E,A,0.35,random3
1210,random3,1,D,D,D,D,D,D,D,D,D,D,D,D,D,D,D,D,D,D,D,E,0.65,radicaleq
1210,radicaleq,2,B,A,B,D,A,B,B,E,E,B,C,B,A,B,E,E,A,A,B,B,0.4,radicaleq
1210,random3,3,C,C,C,C,C,C,C,C,C,C,C,C,C,C,C,C,C,C,C,A,0.75,radicaleq
1210,radicaleq,4,D,B,C,B,E,C,E,A,B,E,A,D,B,A,A,A,C,D,C,C,0.45,radicaleq
1210,random3,5,D,E,E,A,A,A,A,A,A,A,A,E,A,B,B,B,D,D,D,E,0.35,radicaleq
1210,random3,6,A,A,E,E,E,B,B,B,B,B,C,E,E,E,E,B,B,B,B,B,0.35,radicaleq
1211,random3,1,A,A,A,A,A,A,A,A,A,A,A,A,A,A,A,A,A,A,E,E,0.65,random3
1211,random3,2,E,E,E,E,E,E,E,E,E,E,E,E,E,E,E,E,E,E,E,A,0.65,random3
1211,random3,3,C,C,C,C,C,C,C,C,C,C,C,C,C,C,C,C,C,C,C,C,0.75,random3
1211,radicaleq,4,D,E,C,E,B,D,A,D,B,D,E,D,B,D,E,D,B,D,E,D,0.45,random3
1211,radicaleq,5,E,C,A,D,A,B,D,C,D,A,D,C,D,A,D,C,D,A,D,A,0.4,random3
1211,random3,6,B,B,B,B,B,B,B,B,B,B,B,B,B,B,B,B,B,B,B,B,0.75,random3
1212,random3,1,B,B,B,B,B,B,B,B,B,B,B,B,B,B,B,A,A,A,A,A,0.4,random3
1212,random3,2,D,D,D,D,D,D,A,A,A,A,A,A,A,B,B,B,B,B,B,B,0.55,random3
1212,random3,3,A,A,E,A,A,C,C,C,C,C,C,C,C,C,C,C,C,C,C,E,0.45,random3
1212,radicaleq,4,D,B,E,E,B,C,C,D,B,D,B,A,D,B,D,D,A,A,C,E,0.3,random3
1212,random3,5,C,C,C,A,A,C,C,C,C,C,E,E,E,E,E,A,B,D,E,E,0.3,random3
1212,radicaleq,6,skip,A,C,A,E,D,B,A,D,B,A,D,A,E,E,E,E,D,D,A,0.3,random3
1213,radicaleq,1,A,D,C,A,B,C,A,C,B,A,E,B,C,C,E,C,C,C,C,C,0.4,radicaleq
1213,random3,2,C,C,C,B,B,B,B,B,B,B,D,A,A,B,B,B,B,B,B,B,0.35,radicaleq
1213,random3,3,C,E,E,E,E,E,E,E,E,E,E,B,E,E,E,A,A,A,A,A,0.6,radicaleq
1213,radicaleq,4,D,B,A,E,E,A,B,A,A,B,C,A,A,A,C,E,E,E,E,B,0.45,radicaleq
1213,random3,5,B,B,A,A,C,C,E,E,D,D,D,D,D,D,D,D,D,D,C,C,0.4,radicaleq
1213,random3,6,D,D,D,D,D,D,D,D,D,C,C,C,C,B,B,B,D,D,D,D,0.5,radicaleq
1214,random3,1,B,B,B,B,B,B,B,B,C,C,E,E,E,E,E,E,A,A,A,E,0.35,random3
1214,radicaleq,2,B,A,E,A,E,C,A,A,B,D,C,E,E,E,C,E,C,E,D,E,0.35,random3
1214,random3,3,A,A,E,D,D,D,D,E,E,B,B,B,B,B,B,B,B,B,B,B,0.5,random3
1214,random3,4,D,D,E,A,A,A,A,A,A,A,A,A,A,A,A,A,A,A,A,A,0.5,random3
1214,random3,5,C,C,C,D,D,D,D,D,D,D,E,D,D,D,D,D,D,D,D,D,0.6,random3
1214,radicaleq,6,skip,D,C,E,A,A,B,B,E,C,E,C,C,C,B,C,B,C,C,B,0.35,random3
1215,radicaleq,1,A,B,E,D,D,B,B,C,C,C,C,C,C,A,C,A,A,A,A,D,0.5,radicaleq
1215,random3,2,A,A,E,E,B,B,A,C,C,D,E,E,E,A,E,D,B,C,C,C,0.1,radicaleq
1215,random3,3,A,C,C,C,C,C,C,C,B,B,B,B,B,B,B,B,B,B,B,B,0.85,radicaleq
1215,random3,4,D,D,D,D,D,D,D,D,D,D,D,D,D,D,E,E,E,E,E,E,0.7,radicaleq
1215,radicaleq,5,E,skip,A,A,skip,A,A,E,A,A,A,A,E,D,E,D,D,D,D,C,0.55,radicaleq
1215,random3,6,A,A,E,E,E,E,E,E,E,E,E,D,C,C,C,C,C,C,C,C,0.4,radicaleq
1216,radicaleq,1,A,B,A,C,D,skip,A,C,D,B,E,skip,D,C,B,E,A,skip,D,B,0.85,draw
1216,radicaleq,2,B,C,D,E,skip,A,C,D,B,E,skip,D,C,B,E,A,skip,D,B,C,0.85,draw
1216,radicaleq,3,C,D,E,skip,A,C,D,B,E,skip,D,C,B,E,A,skip,D,B,C,E,0.85,draw
1216,radicaleq,4,D,E,skip,A,C,D,B,E,skip,D,C,B,E,A,skip,D,B,C,E,A,0.85,draw
1216,radicaleq,5,E,skip,B,B,B,B,E,skip,C,C,B,E,A,skip,D,B,C,E,A,skip,0.8,draw
1216,radicaleq,6,skip,A,C,D,E,E,skip,A,A,A,A,A,skip,D,C,C,E,A,skip,D,0.8,draw
1217,radicaleq,1,A,B,A,C,D,skip,A,C,D,B,E,skip,D,C,B,E,A,skip,D,B,0.85,draw
1217,radicaleq,2,B,C,D,E,skip,A,C,D,B,E,skip,D,C,B,E,A,skip,D,B,C,0.85,draw
1217,radicaleq,3,C,D,E,skip,A,C,D,B,E,skip,D,C,B,E,A,skip,D,B,C,E,0.85,draw
1217,radicaleq,4,D,E,skip,A,C,D,B,E,skip,D,C,B,E,A,skip,D,B,C,E,A,0.85,draw
1217,radicaleq,5,E,skip,B,B,B,B,E,skip,C,C,B,E,A,skip,D,B,C,E,A,skip,0.8,draw
1217,radicaleq,6,skip,A,C,D,E,E,skip,A,A,A,A,A,skip,D,C,C,E,A,skip,D,0.8,draw
1218,radicaleq,1,A,B,A,C,D,skip,A,C,D,B,E,skip,D,C,B,E,A,skip,D,B,0.85,draw
1218,radicaleq,2,B,C,D,E,skip,A,C,D,B,E,skip,D,C,B,E,A,skip,D,B,C,0.85,draw
1218,radicaleq,3,C,D,E,skip,A,C,D,B,E,skip,D,C,B,E,A,skip,D,B,C,E,0.85,draw
1218,radicaleq,4,D,E,skip,A,C,D,B,E,skip,D,C,B,E,A,skip,D,B,C,E,A,0.85,draw
1218,radicaleq,5,E,skip,B,B,B,B,E,skip,C,C,B,E,A,skip,D,B,C,E,A,skip,0.8,draw
1218,radicaleq,6,skip,A,C,D,E,E,skip,A,A,A,A,A,skip,D,C,C,E,A,skip,D,0.8,draw
1219,radicaleq,1,A,B,A,C,D,skip,A,C,D,B,E,skip,D,C,B,E,A,skip,D,B,0.85,draw
1219,radicaleq,2,B,C,D,E,skip,A,C,D,B,E,skip,D,C,B,E,A,skip,D,B,C,0.85,draw
1219,radicaleq,3,C,D,E,skip,A,C,D,B,E,skip,D,C,B,E,A,skip,D,B,C,E,0.85,draw
1219,radicaleq,4,D,E,skip,A,C,D,B,E,skip,D,C,B,E,A,skip,D,B,C,E,A,0.85,draw
1219,radicaleq,5,E,skip,B,B,B,B,E,skip,C,C,B,E,A,skip,D,B,C,E,A,skip,0.8,draw
1219,radicaleq,6,skip,A,C,D,E,E,skip,A,A,A,A,A,skip,D,C,C,E,A,skip,D,0.8,draw
1220,radicaleq,1,A,B,A,C,D,skip,A,C,D,B,E,skip,D,C,B,E,A,skip,D,B,0.85,draw
1220,radicaleq,2,B,C,D,E,skip,A,C,D,B,E,skip,D,C,B,E,A,skip,D,B,C,0.85,draw
1220,radicaleq,3,C,D,E,skip,A,C,D,B,E,skip,D,C,B,E,A,skip,D,B,C,E,0.85,draw
1220,radicaleq,4,D,E,skip,A,C,D,B,E,skip,D,C,B,E,A,skip,D,B,C,E,A,0.85,draw
1220,radicaleq,5,E,skip,B,B,B,B,E,skip,C,C,B,E,A,skip,D,B,C,E,A,skip,0.8,draw
1220,radicaleq,6,skip,A,C,D,E,E,skip,A,A,A,A,A,skip,D,C,C,E,A,skip,D,0.8,draw
1221,radicaleq,1,A,B,A,C,D,skip,A,C,D,B,E,skip,D,C,B,E,A,skip,D,B,0.85,draw
1221,radicaleq,2,B,C,D,E,skip,A,C,D,B,E,skip,D,C,B,E,A,skip,D,B,C,0.85,draw
1221,radicaleq,3,C,D,E,skip,A,C,D,B,E,skip,D,C,B,E,A,skip,D,B,C,E,0.85,draw
1221,radicaleq,4,D,E,skip,A,C,D,B,E,skip,D,C,B,E,A,skip,D,B,C,E,A,0.85,draw
1221,radicaleq,5,E,skip,B,B,B,B,E,skip,C,C,B,E,A,skip,D,B,C,E,A,skip,0.8,draw
1221,radicaleq,6,skip,A,C,D,E,E,skip,A,A,A,A,A,skip,D,C,C,E,A,skip,D,0.8,draw
1222,radicaleq,1,A,B,A,C,D,skip,A,C,D,B,E,skip,D,C,B,E,A,skip,D,B,0.85,draw
1222,radicaleq,2,B,C,D,E,skip,A,C,D,B,E,skip,D,C,B,E,A,skip,D,B,C,0.85,draw
1222,radicaleq,3,C,D,E,skip,A,C,D,B,E,skip,D,C,B,E,A,skip,D,B,C,E,0.85,draw
1222,radicaleq,4,D,E,skip,A,C,D,B,E,skip,D,C,B,E,A,skip,D,B,C,E,A,0.85,draw
1222,radicaleq,5,E,skip,B,B,B,B,E,skip,C,C,B,E,A,skip,D,B,C,E,A,skip,0.8,draw
1222,radicaleq,6,skip,A,C,D,E,E,skip,A,A,A,A,A,skip,D,C,C,E,A,skip,D,0.8,draw
1223,radicaleq,1,A,B,A,C,D,skip,A,C,D,B,E,skip,D,C,B,E,A,skip,D,B,0.85,draw
1223,radicaleq,2,B,C,D,E,skip,A,C,D,B,E,skip,D,C,B,E,A,skip,D,B,C,0.85,draw
1223,radicaleq,3,C,D,E,skip,A,C,D,B,E,skip,D,C,B,E,A,skip,D,B,C,E,0.85,draw
1223,radicaleq,4,D,E,skip,A,C,D,B,E,skip,D,C,B,E,A,skip,D,B,C,E,A,0.85,draw
1223,radicaleq,5,E,skip,B,B,B,B,E,skip,C,C,B,E,A,skip,D,B,C,E,A,skip,0.8,draw
1223,radicaleq,6,skip,A,C,D,E,E,skip,A,A,A,A,A,skip,D,C,C,E,A,skip,D,0.8,draw
1224,radicaleq,1,A,B,A,C,D,skip,A,C,D,B,E,skip,D,C,B,E,A,skip,D,B,0.85,draw
1224,radicaleq,2,B,C,D,E,skip,A,C,D,B,E,skip,D,C,B,E,A,skip,D,B,C,0.85,draw
1224,radicaleq,3,C,D,E,skip,A,C,D,B,E,skip,D,C,B,E,A,skip,D,B,C,E,0.85,draw
1224,radicaleq,4,D,E,skip,A,C,D,B,E,skip,D,C,B,E,A,skip,D,B,C,E,A,0.85,draw
1224,radicaleq,5,E,skip,B,B,B,B,E,skip,C,C,B,E,A,skip,D,B,C,E,A,skip,0.8,draw
1224,radicaleq,6,skip,A,C,D,E,E,skip,A,A,A,A,A,skip,D,C,C,E,A,skip,D,0.8,draw
1225,radicaleq,1,A,B,A,C,D,skip,A,C,D,B,E,skip,D,C,B,E,A,skip,D,B,0.85,draw
1225,radicaleq,2,B,C,D,E,skip,A,C,D,B,E,skip,D,C,B,E,A,skip,D,B,C,0.85,draw
1225,radicaleq,3,C,D,E,skip,A,C,D,B,E,skip,D,C,B,E,A,skip,D,B,C,E,0.85,draw
1225,radicaleq,4,D,E,skip,A,C,D,B,E,skip,D,C,B,E,A,skip,D,B,C,E,A,0.85,draw
1225,radicaleq,5,E,skip,B,B,B,B,E,skip,C,C,B,E,A,skip,D,B,C,E,A,skip,0.8,draw
1225,radicaleq,6,skip,A,C,D,E,E,skip,A,A,A,A,A,skip,D,C,C,E,A,skip,D,0.8,draw
1226,radicaleq,1,A,B,A,C,D,skip,A,C,D,B,E,skip,D,C,B,E,A,skip,D,B,0.85,draw
1226,radicaleq,2,B,C,D,E,skip,A,C,D,B,E,skip,D,C,B,E,A,skip,D,B,C,0.85,draw
1226,radicaleq,3,C,D,E,skip,A,C,D,B,E,skip,D,C,B,E,A,skip,D,B,C,E,0.85,draw
1226,radicaleq,4,D,E,skip,A,C,D,B,E,skip,D,C,B,E,A,skip,D,B,C,E,A,0.85,draw
1226,radicaleq,5,E,skip,B,B,B,B,E,skip,C,C,B,E,A,skip,D,B,C,E,A,skip,0.8,draw
1226,radicaleq,6,skip,A,C,D,E,E,skip,A,A,A,A,A,skip,D,C,C,E,A,skip,D,0.8,draw
1227,radicaleq,1,A,B,A,C,D,skip,A,C,D,B,E,skip,D,C,B,E,A,skip,D,B,0.85,draw
1227,radicaleq,2,B,C,D,E,skip,A,C,D,B,E,skip,D,C,B,E,A,skip,D,B,C,0.85,draw
1227,radicaleq,3,C,D,E,skip,A,C,D,B,E,skip,D,C,B,E,A,skip,D,B,C,E,0.85,draw
1227,radicaleq,4,D,E,skip,A,C,D,B,E,skip,D,C,B,E,A,skip,D,B,C,E,A,0.85,draw
1227,radicaleq,5,E,skip,B,B,B,B,E,skip,C,C,B,E,A,skip,D,B,C,E,A,skip,0.8,draw
1227,radicaleq,6,skip,A,C,D,E,E,skip,A,A,A,A,A,skip,D,C,C,E,A,skip,D,0.8,draw
1228,radicaleq,1,A,B,A,C,D,skip,A,C,D,B,E,skip,D,C,B,E,A,skip,D,B,0.85,draw
1228,radicaleq,2,B,C,D,E,skip,A,C,D,B,E,skip,D,C,B,E,A,skip,D,B,C,0.85,draw
1228,radicaleq,3,C,D,E,skip,A,C,D,B,E,skip,D,C,B,E,A,skip,D,B,C,E,0.85,draw
1228,radicaleq,4,D,E,skip,A,C,D,B,E,skip,D,C,B,E,A,skip,D,B,C,E,A,0.85,draw
1228,radicaleq,5,E,skip,B,B,B,B,E,skip,C,C,B,E,A,skip,D,B,C,E,A,skip,0.8,draw
1228,radicaleq,6,skip,A,C,D,E,E,skip,A,A,A,A,A,skip,D,C,C,E,A,skip,D,0.8,draw
1229,radicaleq,1,A,B,A,C,D,skip,A,C,D,B,E,skip,D,C,B,E,A,skip,D,B,0.85,draw
1229,radicaleq,2,B,C,D,E,skip,A,C,D,B,E,skip,D,C,B,E,A,skip,D,B,C,0.85,draw
1229,radicaleq,3,C,D,E,skip,A,C,D,B,E,skip,D,C,B,E,A,skip,D,B,C,E,0.85,draw
1229,radicaleq,4,D,E,skip,A,C,D,B,E,skip,D,C,B,E,A,skip,D,B,C,E,A,0.85,draw
1229,radicaleq,5,E,skip,B,B,B,B,E,skip,C,C,B,E,A,skip,D,B,C,E,A,skip,0.8,draw
1229,radicaleq,6,skip,A,C,D,E,E,skip,A,A,A,A,A,skip,D,C,C,E,A,skip,D,0.8,draw
1230,radicaleq,1,A,B,A,C,D,skip,A,C,D,B,E,skip,D,C,B,E,A,skip,D,B,0.85,draw
1230,radicaleq,2,B,C,D,E,skip,A,C,D,B,E,skip,D,C,B,E,A,skip,D,B,C,0.85,draw
1230,radicaleq,3,C,D,E,skip,A,C,D,B,E,skip,D,C,B,E,A,skip,D,B,C,E,0.85,draw
1230,radicaleq,4,D,E,skip,A,C,D,B,E,skip,D,C,B,E,A,skip,D,B,C,E,A,0.85,draw
1230,radicaleq,5,E,skip,B,B,B,B,E,skip,C,C,B,E,A,skip,D,B,C,E,A,skip,0.8,draw
1230,radicaleq,6,skip,A,C,D,E,E,skip,A,A,A,A,A,skip,D,C,C,E,A,skip,D,0.8,draw
1231,random,1,C,E,B,D,B,B,E,C,skip,D,C,D,C,C,skip,skip,B,A,D,E,0.25,rotate0
1231,rotate0,2,B,B,B,B,B,B,B,B,B,B,B,B,B,B,B,B,B,B,B,B,0.45,rotate0
1231,rotate0,3,C,C,C,C,C,C,C,C,C,C,C,C,C,C,C,C,C,C,C,C,0.4,rotate0
1231,random,4,C,C,A,A,E,skip,skip,skip,B,A,A,D,E,A,E,D,skip,skip,D,D,0.3,rotate0
1231,random,5,C,D,B,E,A,C,D,skip,C,E,B,C,skip,E,E,skip,C,B,B,C,0.3,rotate0
1231,random,6,C,A,D,D,E,E,skip,B,A,A,B,skip,B,A,B,C,skip,E,D,skip,0.25,rotate0
1232,random,1,A,E,skip,E,skip,D,E,skip,skip,E,E,C,B,skip,D,skip,B,D,B,A,0.45,random
1232,random,2,D,A,skip,skip,C,D,B,skip,B,skip,C,D,A,D,skip,B,E,B,C,skip,0.25,random
1232,rotate0,3,C,C,C,C,C,C,C,C,C,C,C,C,C,C,C,C,C,C,C,C,0.6,random
1232,random,4,B,A,E,A,E,A,D,D,E,A,D,A,C,C,skip,D,E,E,B,B,0.65,random
1232,random,5,A,E,D,skip,D,C,B,E,D,B,B,skip,E,A,C,B,E,B,skip,B,0.4,random
1232,rotate0,6,skip,skip,skip,skip,skip,skip,skip,skip,skip,skip,skip,skip,skip,skip,skip,skip,skip,skip,skip,skip,0.0,random
1233,random,1,E,C,B,D,D,A,skip,C,A,A,skip,E,C,D,A,A,E,D,E,E,0.35,rotate0
1233,random,2,E,E,D,D,E,C,D,B,A,C,E,D,skip,B,skip,skip,E,B,A,A,0.25,rotate0
1233,rotate0,3,C,C,C,C,C,C,C,C,C,C,C,C,C,C,C,C,C,C,C,C,0.45,rotate0
1233,rotate0,4,D,D,D,D,D,D,D,D,D,D,D,D,D,D,D,D,D,D,D,D,0.45,rotate0
1233,random,5,C,C,A,A,C,C,A,A,C,E,E,skip,D,E,D,E,skip,A,C,A,0.35,rotate0
1233,random,6,D,C,A,skip,B,D,E,C,skip,skip,C,B,B,D,skip,C,skip,B,B,E,0.25,rotate0
1234,random,1,C,D,skip,D,C,B,C,A,D,C,D,A,C,D,E,B,B,D,B,E,0.35,rotate0
1234,rotate0,2,B,B,B,B,B,B,B,B,B,B,B,B,B,B,B,B,B,B,B,B,0.5,rotate0
1234,random,3,E,B,C,A,D,skip,C,E,B,skip,C,C,E,skip,skip,D,D,E,D,D,0.4,rotate0
1234,random,4,B,D,skip,D,B,E,A,E,skip,skip,skip,B,C,E,C,C,B,D,skip,skip,0.05,rotate0
1234,rotate0,5,E,E,E,E,E,E,E,E,E,E,E,E,E,E,E,E,E,E,E,E,0.45,rotate0
1234,random,6,A,E,D,C,E,A,E,D,C,skip,A,A,E,A,C,C,D,E,A,B,0.45,rotate0
1235,random,1,C,A,C,skip,C,C,C,B,C,C,E,E,B,D,D,D,B,skip,skip,E,0.25,rotate0
1235,random,2,skip,A,skip,E,A,C,A,skip,E,B,B,E,B,B,A,E,A,A,D,D,0.2,rotate0
1235,rotate0,3,C,C,C,C,C,C,C,C,C,C,C,C,C,C,C,C,C,C,C,C,0.45,rotate0
1235,random,4,D,D,E,E,D,C,A,C,B,A,B,B,C,B,E,C,E,E,E,skip,0.25,rotate0
1235,rotate0,5,E,E,E,E,E,E,E,E,E,E,E,E,E,E,E,E,E,E,E,E,0.4,rotate0
1235,random,6,C,D,skip,C,C,B,D,D,C,E,B,skip,D,skip,A,skip,A,E,A,D,0.25,rotate0
1236,random,1,C,C,A,A,D,D,B,A,C,A,A,skip,A,C,B,skip,B,A,D,E,0.5,random
1236,random,2,B,B,A,B,D,skip,D,C,E,A,C,C,C,A,D,A,A,B,E,E,0.35,random
1236,random,3,A,E,C,D,D,C,A,D,D,B,D,C,B,C,D,D,B,C,skip,skip,0.5,random
1236,random,4,C,B,D,B,skip,C,E,D,B,D,C,D,C,B,C,E,E,A,B,B,0.4,random
1236,rotate0,5,E,E,E,E,E,E,E,E,E,E,E,E,E,E,E,E,E,E,E,E,0.65,random
1236,rotate0,6,skip,skip,skip,skip,skip,skip,skip,skip,skip,skip,skip,skip,skip,skip,skip,skip,skip,skip,skip,skip,0.0,random
1237,rotate0,1,A,A,A,A,A,A,A,A,A,A,A,A,A,A,A,A,A,A,A,A,0.5,rotate0
1237,rotate0,2,B,B,B,B,B,B,B,B,B,B,B,B,B,B,B,B,B,B,B,B,0.3,rotate0
1237,random,3,C,C,skip,C,C,A,D,A,E,D,B,A,B,B,B,D,A,B,B,C,0.35,rotate0
1237,random,4,B,A,E,D,E,skip,A,C,B,E,skip,D,B,D,E,E,skip,B,D,B,0.35,rotate0
1237,random,5,A,B,skip,skip,skip,skip,skip,D,B,E,D,C,A,E,C,B,B,skip,B,B,0.2,rotate0
1237,random,6,A,C,A,B,C,A,skip,E,D,skip,D,B,A,B,E,E,B,E,A,B,0.15,rotate0
1238,rotate0,1,A,A,A,A,A,A,A,A,A,A,A,A,A,A,A,A,A,A,A,A,0.4,rotate0
1238,random,2,D,B,D,B,C,C,B,D,D,B,D,A,A,skip,skip,skip,B,C,skip,E,0.25,rotate0
1238,rotate0,3,C,C,C,C,C,C,C,C,C,C,C,C,C,C,C,C,C,C,C,C,0.45,rotate0
1238,random,4,D,D,skip,B,A,A,C,C,C,B,skip,skip,B,E,skip,C,C,E,skip,skip,0.1,rotate0
1238,random,5,B,A,B,B,B,D,E,B,A,skip,E,B,D,A,E,A,B,C,E,A,0.5,rotate0
1238,random,6,C,C,skip,skip,D,E,A,C,D,A,A,skip,C,E,E,B,B,E,B,E,0.2,rotate0
1239,rotate0,1,A,A,A,A,A,A,A,A,A,A,A,A,A,A,A,A,A,A,A,A,0.6,random
1239,random,2,E,C,A,E,E,skip,E,skip,E,A,D,D,E,B,E,D,E,B,B,B,0.3,random
1239,random,3,skip,B,C,D,skip,B,skip,skip,skip,D,E,skip,C,B,B,skip,E,A,B,E,0.25,random
1239,random,4,E,B,B,B,C,E,B,B,E,C,E,A,D,E,C,A,A,skip,A,B,0.4,random
1239,random,5,C,C,skip,C,C,E,E,E,D,B,D,D,C,B,A,E,skip,D,skip,E,0.35,random
1239,rotate0,6,skip,skip,skip,skip,skip,skip,skip,skip,skip,skip,skip,skip,skip,skip,skip,skip,skip,skip,skip,skip,0.0,random
1240,random,1,D,C,C,E,B,E,A,B,A,E,A,B,skip,A,skip,A,E,E,skip,skip,0.35,rotate0
1240,rotate0,2,B,B,B,B,B,B,B,B,B,B,B,B,B,B,B,B,B,B,B,B,0.5,rotate0
1240,random,3,skip,B,A,C,C,B,skip,skip,E,skip,C,skip,A,E,D,B,C,D,C,skip,0.3,rotate0
1240,rotate0,4,D,D,D,D,D,D,D,D,D,D,D,D,D,D,D,D,D,D,D,D,0.7,rotate0
1240,random,5,skip,A,A,D,skip,E,B,C,A,C,A,E,B,C,D,E,skip,skip,skip,A,0.3,rotate0
1240,random,6,A,C,A,B,E,D,B,D,E,A,C,A,C,skip,B,A,A,A,skip,A,0.35,rotate0
1241,random,1,A,D,D,D,C,E,A,D,C,D,D,B,B,C,D,skip,skip,C,C,skip,0.1,rotate0
1241,random,2,A,D,A,B,skip,E,A,skip,B,skip,C,skip,C,C,E,A,E,D,C,skip,0.15,rotate0
1241,random,3,C,D,A,C,E,E,C,A,C,D,C,A,E,skip,E,E,B,A,E,C,0.4,rotate0
1241,rotate0,4,D,D,D,D,D,D,D,D,D,D,D,D,D,D,D,D,D,D,D,D,0.45,rotate0
1241,rotate0,5,E,E,E,E,E,E,E,E,E,E,E,E,E,E,E,E,E,E,E,E,0.65,rotate0
1241,random,6,B,C,A,A,skip,D,B,C,D,C,A,B,C,B,skip,D,skip,C,A,A,0.5,rotate0
1242,random,1,B,B,D,B,C,C,skip,D,B,B,C,C,D,D,A,skip,B,D,C,E,0.45,random
1242,random,2,skip,skip,C,D,D,C,C,B,C,A,E,skip,skip,B,C,skip,C,B,D,B,0.35,random
1242,random,3,C,A,C,C,C,B,E,E,D,C,B,A,A,B,A,D,A,B,A,C,0.6,random
1242,rotate0,4,D,D,D,D,D,D,D,D,D,D,D,D,D,D,D,D,D,D,D,D,0.45,random
1242,random,5,E,C,E,E,E,skip,skip,E,D,B,E,E,skip,E,E,skip,D,A,B,A,0.55,random
1242,rotate0,6,skip,skip,skip,skip,skip,skip,skip,skip,skip,skip,skip,skip,skip,skip,skip,skip,skip,skip,skip,skip,0.0,random
1243,rotate0,1,A,A,A,A,A,A,A,A,A,A,A,A,A,A,A,A,A,A,A,A,0.6,rotate0
1243,random,2,A,skip,skip,E,skip,skip,skip,A,skip,E,E,D,skip,C,C,skip,A,B,E,skip,0.3,rotate0
1243,random,3,E,D,A,B,E,D,D,B,skip,A,B,B,A,skip,C,E,E,skip,D,B,0.35,rotate0
1243,rotate0,4,D,D,D,D,D,D,D,D,D,D,D,D,D,D,D,D,D,D,D,D,0.65,rotate0
1243,random,5,A,D,skip,C,C,C,skip,E,A,skip,B,C,C,E,C,B,B,skip,C,D,0.35,rotate0
1243,random,6,D,D,skip,A,E,skip,skip,E,E,A,B,D,B,B,skip,B,B,C,B,C,0.3,rotate0
1244,random,1,A,D,E,skip,C,A,skip,skip,C,A,skip,B,C,B,D,A,C,B,D,E,0.25,random
1244,rotate0,2,B,B,B,B,B,B,B,B,B,B,B,B,B,B,B,B,B,B,B,B,0.45,random
1244,random,3,E,C,E,D,C,B,skip,E,skip,E,D,E,C,A,E,B,C,skip,E,C,0.4,random
1244,random,4,E,skip,B,skip,skip,B,A,B,A,D,B,D,C,A,C,C,D,skip,A,A,0.35,random
1244,random,5,A,skip,E,B,D,D,A,B,C,A,D,C,skip,B,C,A,B,A,skip,B,0.2,random
1244,rotate0,6,skip,skip,skip,skip,skip,skip,skip,skip,skip,skip,skip,skip,skip,skip,skip,skip,skip,skip,skip,skip,0.0,random
1245,rotate0,1,A,A,A,A,A,A,A,A,A,A,A,A,A,A,A,A,A,A,A,A,0.4,rotate0
1245,random,2,E,skip,D,skip,B,E,A,A,C,A,A,E,E,A,B,D,B,C,A,A,0.2,rotate0
1245,random,3,B,A,A,E,B,A,B,A,skip,E,B,B,skip,D,skip,skip,B,D,E,B,0.3,rotate0
1245,random,4,E,E,A,D,E,B,E,D,E,D,B,A,E,A,D,D,skip,B,D,skip,0.3,rotate0
1245,rotate0,5,E,E,E,E,E,E,E,E,E,E,E,E,E,E,E,E,E,E,E,E,0.35,rotate0
1245,random,6,E,C,skip,A,B,E,D,C,E,D,D,C,B,skip,C,C,B,E,C,E,0.45,rotate0
1246,rotate,1,A,B,C,D,E,skip,A,B,C,D,E,skip,A,B,C,D,E,skip,A,B,0.5,rotate
1246,rotate0,2,B,B,B,B,B,B,B,B,B,B,B,B,B,B,B,B,B,B,B,B,0.35,rotate
1246,rotate0,3,C,C,C,C,C,C,C,C,C,C,C,C,C,C,C,C,C,C,C,C,0.4,rotate
1246,rotate,4,D,E,skip,A,B,C,D,E,skip,A,B,C,D,E,skip,A,B,C,D,E,0.55,rotate
1246,rotate,5,E,skip,A,B,C,D,E,skip,A,B,C,D,E,skip,A,B,C,D,E,skip,0.5,rotate
1246,rotate,6,skip,A,B,C,D,E,skip,A,B,C,D,E,skip,A,B,C,D,E,skip,A,0.5,rotate
1247,rotate,1,A,B,C,D,E,skip,A,B,C,D,E,skip,A,B,C,D,E,skip,A,B,0.7,rotate
1247,rotate,2,B,C,D,E,skip,A,B,C,D,E,skip,A,B,C,D,E,skip,A,B,C,0.65,rotate
1247,rotate0,3,C,C,C,C,C,C,C,C,C,C,C,C,C,C,C,C,C,C,C,C,0.35,rotate
1247,rotate,4,D,E,skip,A,B,C,D,E,skip,A,B,C,D,E,skip,A,B,C,D,E,0.7,rotate
1247,rotate,5,E,skip,A,B,C,D,E,skip,A,B,C,D,E,skip,A,B,C,D,E,skip,0.65,rotate
1247,rotate0,6,skip,skip,skip,skip,skip,skip,skip,skip,skip,skip,skip,skip,skip,skip,skip,skip,skip,skip,skip,skip,0.0,rotate
1248,rotate,1,A,B,C,D,E,skip,A,B,C,D,E,skip,A,B,C,D,E,skip,A,B,0.55,rotate
1248,rotate,2,B,C,D,E,skip,A,B,C,D,E,skip,A,B,C,D,E,skip,A,B,C,0.5,rotate
1248,rotate0,3,C,C,C,C,C,C,C,C,C,C,C,C,C,C,C,C,C,C,C,C,0.35,rotate
1248,rotate0,4,D,D,D,D,D,D,D,D,D,D,D,D,D,D,D,D,D,D,D,D,0.4,rotate
1248,rotate,5,E,skip,A,B,C,D,E,skip,A,B,C,D,E,skip,A,B,C,D,E,skip,0.5,rotate
1248,rotate,6,skip,A,B,C,D,E,skip,A,B,C,D,E,skip,A,B,C,D,E,skip,A,0.5,rotate
1249,rotate,1,A,B,C,D,E,skip,A,B,C,D,E,skip,A,B,C,D,E,skip,A,B,0.5,rotate
1249,rotate0,2,B,B,B,B,B,B,B,B,B,B,B,B,B,B,B,B,B,B,B,B,0.35,rotate
1249,rotate,3,C,D,E,skip,A,B,C,D,E,skip,A,B,C,D,E,skip,A,B,C,D,0.55,rotate
1249,rotate,4,D,E,skip,A,B,C,D,E,skip,A,B,C,D,E,skip,A,B,C,D,E,0.5,rotate
1249,rotate0,5,E,E,E,E,E,E,E,E,E,E,E,E,E,E,E,E,E,E,E,E,0.35,rotate
1249,rotate,6,skip,A,B,C,D,E,skip,A,B,C,D,E,skip,A,B,C,D,E,skip,A,0.5,rotate
1250,rotate,1,A,B,C,D,E,skip,A,B,C,D,E,skip,A,B,C,D,E,skip,A,B,0.55,rotate
1250,rotate,2,B,C,D,E,skip,A,B,C,D,E,skip,A,B,C,D,E,skip,A,B,C,0.5,rotate
1250,rotate0,3,C,C,C,C,C,C,C,C,C,C,C,C,C,C,C,C,C,C,C,C,0.35,rotate
1250,rotate,4,D,E,skip,A,B,C,D,E,skip,A,B,C,D,E,skip,A,B,C,D,E,0.5,rotate
1250,rotate0,5,E,E,E,E,E,E,E,E,E,E,E,E,E,E,E,E,E,E,E,E,0.35,rotate
1250,rotate,6,skip,A,B,C,D,E,skip,A,B,C,D,E,skip,A,B,C,D,E,skip,A,0.5,rotate
1251,rotate,1,A,B,C,D,E,skip,A,B,C,D,E,skip,A,B,C,D,E,skip,A,B,0.7,rotate
1251,rotate,2,B,C,D,E,skip,A,B,C,D,E,skip,A,B,C,D,E,skip,A,B,C,0.7,rotate
1251,rotate,3,C,D,E,skip,A,B,C,D,E,skip,A,B,C,D,E,skip,A,B,C,D,0.7,rotate
1251,rotate,4,D,E,skip,A,B,C,D,E,skip,A,B,C,D,E,skip,A,B,C,D,E,0.65,rotate
1251,rotate0,5,E,E,E,E,E,E,E,E,E,E,E,E,E,E,E,E,E,E,E,E,0.35,rotate
1251,rotate0,6,skip,skip,skip,skip,skip,skip,skip,skip,skip,skip,skip,skip,skip,skip,skip,skip,skip,skip,skip,skip,0.0,rotate
1252,rotate0,1,A,A,A,A,A,A,A,A,A,A,A,A,A,A,A,A,A,A,A,A,0.35,rotate
1252,rotate0,2,B,B,B,B,B,B,B,B,B,B,B,B,B,B,B,B,B,B,B,B,0.4,rotate
1252,rotate,3,C,D,E,skip,A,B,C,D,E,skip,A,B,C,D,E,skip,A,B,C,D,0.55,rotate
1252,rotate,4,D,E,skip,A,B,C,D,E,skip,A,B,C,D,E,skip,A,B,C,D,E,0.55,rotate
1252,rotate,5,E,skip,A,B,C,D,E,skip,A,B,C,D,E,skip,A,B,C,D,E,skip,0.5,rotate
1252,rotate,6,skip,A,B,C,D,E,skip,A,B,C,D,E,skip,A,B,C,D,E,skip,A,0.45,rotate
1253,rotate0,1,A,A,A,A,A,A,A,A,A,A,A,A,A,A,A,A,A,A,A,A,0.35,rotate
1253,rotate,2,B,C,D,E,skip,A,B,C,D,E,skip,A,B,C,D,E,skip,A,B,C,0.5,rotate
1253,rotate0,3,C,C,C,C,C,C,C,C,C,C,C,C,C,C,C,C,C,C,C,C,0.35,rotate
1253,rotate,4,D,E,skip,A,B,C,D,E,skip,A,B,C,D,E,skip,A,B,C,D,E,0.55,rotate
1253,rotate,5,E,skip,A,B,C,D,E,skip,A,B,C,D,E,skip,A,B,C,D,E,skip,0.5,rotate
1253,rotate,6,skip,A,B,C,D,E,skip,A,B,C,D,E,skip,A,B,C,D,E,skip,A,0.45,rotate
1254,rotate0,1,A,A,A,A,A,A,A,A,A,A,A,A,A,A,A,A,A,A,A,A,0.4,rotate
1254,rotate,2,B,C,D,E,skip,A,B,C,D,E,skip,A,B,C,D,E,skip,A,B,C,0.7,rotate
1254,rotate,3,C,D,E,skip,A,B,C,D,E,skip,A,B,C,D,E,skip,A,B,C,D,0.7,rotate
1254,rotate,4,D,E,skip,A,B,C,D,E,skip,A,B,C,D,E,skip,A,B,C,D,E,0.7,rotate
1254,rotate,5,E,skip,A,B,C,D,E,skip,A,B,C,D,E,skip,A,B,C,D,E,skip,0.65,rotate
1254,rotate0,6,skip,skip,skip,skip,skip,skip,skip,skip,skip,skip,skip,skip,skip,skip,skip,skip,skip,skip,skip,skip,0.0,rotate
1255,rotate,1,A,B,C,D,E,skip,A,B,C,D,E,skip,A,B,C,D,E,skip,A,B,0.5,rotate
1255,rotate0,2,B,B,B,B,B,B,B,B,B,B,B,B,B,B,B,B,B,B,B,B,0.35,rotate
1255,rotate,3,C,D,E,skip,A,B,C,D,E,skip,A,B,C,D,E,skip,A,B,C,D,0.5,rotate
1255,rotate0,4,D,D,D,D,D,D,D,D,D,D,D,D,D,D,D,D,D,D,D,D,0.35,rotate
1255,rotate,5,E,skip,A,B,C,D,E,skip,A,B,C,D,E,skip,A,B,C,D,E,skip,0.5,rotate
1255,rotate,6,skip,A,B,C,D,E,skip,A,B,C,D,E,skip,A,B,C,D,E,skip,A,0.5,rotate
1256,rotate,1,A,B,C,D,E,skip,A,B,C,D,E,skip,A,B,C,D,E,skip,A,B,0.55,rotate
1256,rotate,2,B,C,D,E,skip,A,B,C,D,E,skip,A,B,C,D,E,skip,A,B,C,0.55,rotate
1256,rotate,3,C,D,E,skip,A,B,C,D,E,skip,A,B,C,D,E,skip,A,B,C,D,0.5,rotate
1256,rotate0,4,D,D,D,D,D,D,D,D,D,D,D,D,D,D,D,D,D,D,D,D,0.35,rotate
1256,rotate0,5,E,E,E,E,E,E,E,E,E,E,E,E,E,E,E,E,E,E,E,E,0.4,rotate
1256,rotate,6,skip,A,B,C,D,E,skip,A,B,C,D,E,skip,A,B,C,D,E,skip,A,0.5,rotate
1257,rotate,1,A,B,C,D,E,skip,A,B,C,D,E,skip,A,B,C,D,E,skip,A,B,0.7,rotate
1257,rotate,2,B,C,D,E,skip,A,B,C,D,E,skip,A,B,C,D,E,skip,A,B,C,0.7,rotate
1257,rotate,3,C,D,E,skip,A,B,C,D,E,skip,A,B,C,D,E,skip,A,B,C,D,0.65,rotate
1257,rotate0,4,D,D,D,D,D,D,D,D,D,D,D,D,D,D,D,D,D,D,D,D,0.35,rotate
1257,rotate,5,E,skip,A,B,C,D,E,skip,A,B,C,D,E,skip,A,B,C,D,E,skip,0.65,rotate
1257,rotate0,6,skip,skip,skip,skip,skip,skip,skip,skip,skip,skip,skip,skip,skip,skip,skip,skip,skip,skip,skip,skip,0.0,rotate
1258,rotate0,1,A,A,A,A,A,A,A,A,A,A,A,A,A,A,A,A,A,A,A,A,0.35,rotate
1258,rotate,2,B,C,D,E,skip,A,B,C,D,E,skip,A,B,C,D,E,skip,A,B,C,0.55,rotate
1258,rotate,3,C,D,E,skip,A,B,C,D,E,skip,A,B,C,D,E,skip,A,B,C,D,0.5,rotate
1258,rotate0,4,D,D,D,D,D,D,D,D,D,D,D,D,D,D,D,D,D,D,D,D,0.35,rotate
1258,rotate,5,E,skip,A,B,C,D,E,skip,A,B,C,D,E,skip,A,B,C,D,E,skip,0.5,rotate
1258,rotate,6,skip,A,B,C,D,E,skip,A,B,C,D,E,skip,A,B,C,D,E,skip,A,0.45,rotate
1259,rotate,1,A,B,C,D,E,skip,A,B,C,D,E,skip,A,B,C,D,E,skip,A,B,0.65,rotate
1259,rotate0,2,B,B,B,B,B,B,B,B,B,B,B,B,B,B,B,B,B,B,B,B,0.35,rotate
1259,rotate,3,C,D,E,skip,A,B,C,D,E,skip,A,B,C,D,E,skip,A,B,C,D,0.7,rotate
1259,rotate,4,D,E,skip,A,B,C,D,E,skip,A,B,C,D,E,skip,A,B,C,D,E,0.7,rotate
1259,rotate,5,E,skip,A,B,C,D,E,skip,A,B,C,D,E,skip,A,B,C,D,E,skip,0.65,rotate
1259,rotate0,6,skip,skip,skip,skip,skip,skip,skip,skip,skip,skip,skip,skip,skip,skip,skip,skip,skip,skip,skip,skip,0.0,rotate
1260,rotate0,1,A,A,A,A,A,A,A,A,A,A,A,A,A,A,A,A,A,A,A,A,0.35,rotate
1260,rotate,2,B,C,D,E,skip,A,B,C,D,E,skip,A,B,C,D,E,skip,A,B,C,0.55,rotate
1260,rotate,3,C,D,E,skip,A,B,C,D,E,skip,A,B,C,D,E,skip,A,B,C,D,0.55,rotate
1260,rotate,4,D,E,skip,A,B,C,D,E,skip,A,B,C,D,E,skip,A,B,C,D,E,0.5,rotate
1260,rotate0,5,E,E,E,E,E,E,E,E,E,E,E,E,E,E,E,E,E,E,E,E,0.35,rotate
1260,rotate,6,skip,A,B,C,D,E,skip,A,B,C,D,E,skip,A,B,C,D,E,skip,A,0.45,rotate
1261,rotate0,1,A,A,A,A,A,A,A,A,A,A,A,A,A,A,A,A,A,A,A,A,1.0,rotate0
1261,random3,2,D,D,D,D,D,D,D,D,D,D,D,D,D,C,C,C,C,C,C,C,0.7,rotate0
1261,random3,3,C,C,C,C,B,B,C,E,E,E,E,E,D,D,D,D,D,B,B,B,0.35,rotate0
1261,random3,4,D,B,B,C,C,C,C,C,C,C,C,C,C,C,C,C,D,D,D,D,0.55,rotate0
1261,rotate0,5,E,E,E,E,E,E,E,E,E,E,E,E,E,E,E,E,E,E,E,E,0.75,rotate0
1261,random3,6,D,B,B,B,B,B,B,B,B,B,B,B,B,B,B,B,B,B,B,C,0.6,rotate0
1262,random3,1,E,D,D,D,E,A,C,E,E,A,D,D,D,D,D,D,D,D,C,C,0.3,rotate0
1262,rotate0,2,B,B,B,B,B,B,B,B,B,B,B,B,B,B,B,B,B,B,B,B,0.9,rotate0
1262,rotate0,3,C,C,C,C,C,C,C,C,C,C,C,C,C,C,C,C,C,C,C,C,0.8,rotate0
1262,random3,4,A,A,D,D,D,D,D,D,D,D,D,A,A,E,E,E,E,E,E,E,0.5,rotate0
1262,random3,5,E,E,E,E,E,E,E,E,E,E,E,E,E,E,E,E,D,D,B,B,0.45,rotate0
1262,random3,6,A,A,C,A,A,A,A,A,A,A,A,A,A,A,A,A,A,A,A,A,0.65,rotate0
1263,random3,1,D,D,D,E,D,D,E,E,E,E,E,E,E,E,E,E,E,E,E,E,0.7,random3
1263,random3,2,D,A,A,A,A,A,A,A,A,A,A,A,A,A,A,A,A,A,A,A,0.95,random3
1263,rotate0,3,C,C,C,C,C,C,C,C,C,C,C,C,C,C,C,C,C,C,C,C,0.95,random3
1263,random3,4,D,D,D,E,D,D,D,D,D,D,D,D,D,D,D,D,D,D,D,D,0.7,random3
1263,random3,5,C,B,B,B,B,B,B,B,B,B,B,B,B,B,B,B,B,B,B,B,0.95,random3
1263,rotate0,6,skip,skip,skip,skip,skip,skip,skip,skip,skip,skip,skip,skip,skip,skip,skip,skip,skip,skip,skip,skip,0.0,random3
1264,random3,1,B,B,B,B,B,B,B,B,B,B,B,B,C,C,C,C,C,C,A,A,0.55,rotate0
1264,random3,2,A,A,A,A,A,A,A,A,A,A,A,A,A,A,A,A,A,A,A,B,0.9,rotate0
1264,rotate0,3,C,C,C,C,C,C,C,C,C,C,C,C,C,C,C,C,C,C,C,C,0.5,rotate0
1264,rotate0,4,D,D,D,D,D,D,D,D,D,D,D,D,D,D,D,D,D,D,D,D,0.65,rotate0
1264,random3,5,E,E,E,E,E,E,E,E,E,E,E,E,E,E,E,E,E,E,E,E,1.0,rotate0
1264,random3,6,D,C,C,C,C,D,D,D,D,D,B,B,D,B,B,B,B,B,B,B,0.3,rotate0
1265,random3,1,D,D,D,D,D,D,D,C,B,B,B,B,C,C,C,C,C,C,C,C,0.45,rotate0
1265,rotate0,2,B,B,B,B,B,B,B,B,B,B,B,B,B,B,B,B,B,B,B,B,0.6,rotate0
1265,random3,3,E,C,C,C,D,D,D,D,D,D,D,D,D,D,D,D,D,A,A,A,0.55,rotate0
1265,random3,4,B,B,B,C,E,C,C,C,B,B,B,B,C,C,C,A,B,A,A,A,0.1,rotate0
1265,rotate0,5,E,E,E,E,E,E,E,E,E,E,E,E,E,E,E,E,E,E,E,E,0.9,rotate0
1265,random3,6,A,A,A,A,A,A,A,A,A,A,A,A,A,A,A,A,D,D,D,D,0.9,rotate0
1266,random3,1,D,D,D,D,D,D,D,D,D,D,D,D,D,D,D,D,D,D,D,D,1.0,rotate0
1266,random3,2,E,B,B,B,B,B,B,B,B,B,B,B,B,B,B,B,B,B,B,B,0.95,rotate0
1266,rotate0,3,C,C,C,C,C,C,C,C,C,C,C,C,C,C,C,C,C,C,C,C,0.55,rotate0
1266,random3,4,A,A,A,A,A,A,A,A,A,C,C,A,A,A,A,A,A,A,A,A,0.65,rotate0
1266,rotate0,5,E,E,E,E,E,E,E,E,E,E,E,E,E,E,E,E,E,E,E,E,0.7,rotate0
1266,random3,6,E,E,E,C,C,C,C,A,A,A,A,A,E,E,A,A,C,C,C,E,0.1,rotate0
1267,random3,1,C,C,C,C,C,C,C,C,C,C,C,C,C,C,C,C,C,C,C,C,1.0,random3
1267,random3,2,E,E,E,D,D,D,D,D,D,D,D,D,D,D,D,D,D,D,D,D,0.85,random3
1267,random3,3,A,B,B,B,B,B,B,B,B,B,B,B,B,B,B,B,B,B,B,B,0.95,random3
1267,random3,4,A,A,A,A,A,A,A,A,A,A,A,A,A,A,A,A,A,A,A,A,0.95,random3
1267,rotate0,5,E,E,E,E,E,E,E,E,E,E,E,E,E,E,E,E,E,E,E,E,0.85,random3
1267,rotate0,6,skip,skip,skip,skip,skip,skip,skip,skip,skip,skip,skip,skip,skip,skip,skip,skip,skip,skip,skip,skip,0.0,random3
1268,rotate0,1,A,A,A,A,A,A,A,A,A,A,A,A,A,A,A,A,A,A,A,A,0.7,rotate0
1268,rotate0,2,B,B,B,B,B,B,B,B,B,B,B,B,B,B,B,B,B,B,B,B,0.65,rotate0
1268,random3,3,A,E,E,E,E,E,E,E,E,E,E,E,E,E,B,C,C,C,C,C,0.7,rotate0
1268,random3,4,C,C,C,C,C,C,B,B,A,A,A,A,A,E,E,E,E,E,E,E,0.45,rotate0
1268,random3,5,D,D,D,D,D,D,D,D,D,D,D,D,D,D,D,D,D,D,D,D,0.95,rotate0
1268,random3,6,B,B,B,C,C,C,C,C,C,C,C,C,C,C,C,C,D,B,C,C,0.45,rotate0
1269,rotate0,1,A,A,A,A,A,A,A,A,A,A,A,A,A,A,A,A,A,A,A,A,0.55,rotate0
1269,random3,2,A,A,A,A,B,D,B,B,D,E,E,E,E,E,E,E,E,E,B,B,0.1,rotate0
1269,rotate0,3,C,C,C,C,C,C,C,C,C,C,C,C,C,C,C,C,C,C,C,C,0.75,rotate0
1269,random3,4,C,C,C,B,B,A,A,A,D,D,D,D,D,D,D,D,D,D,D,D,0.6,rotate0
1269,random3,5,A,D,D,D,D,D,B,B,B,B,B,B,B,B,B,B,B,B,B,B,0.7,rotate0
1269,random3,6,E,E,E,E,E,E,E,E,E,E,E,E,A,A,E,E,E,E,C,C,0.45,rotate0
1270,rotate0,1,A,A,A,A,A,A,A,A,A,A,A,A,A,A,A,A,A,A,A,A,0.95,random3
1270,random3,2,E,E,E,E,E,E,E,E,E,E,E,E,E,E,E,E,E,E,E,E,1.0,random3
1270,random3,3,B,B,B,B,B,B,B,B,B,B,B,B,B,B,B,B,B,B,B,B,1.0,random3
1270,random3,4,A,D,D,D,D,D,D,D,D,D,D,D,D,D,D,D,D,D,D,D,0.95,random3
1270,random3,5,C,C,C,C,C,C,C,C,C,C,C,C,C,C,C,C,C,C,C,C,1.0,random3
1270,rotate0,6,skip,skip,skip,skip,skip,skip,skip,skip,skip,skip,skip,skip,skip,skip,skip,skip,skip,skip,skip,skip,0.0,random3
1271,random3,1,D,A,A,A,A,A,A,A,D,A,A,A,A,A,A,E,E,A,A,A,0.6,rotate0
1271,rotate0,2,B,B,B,B,B,B,B,B,B,B,B,B,B,B,B,B,B,B,B,B,0.35,rotate0
1271,random3,3,D,C,C,C,C,C,C,C,C,C,C,C,C,C,C,C,C,C,C,C,0.9,rotate0
1271,rotate0,4,D,D,D,D,D,D,D,D,D,D,D,D,D,D,D,D,D,D,D,D,0.75,rotate0
1271,random3,5,D,D,D,D,E,E,E,E,E,E,E,E,E,E,E,E,E,E,E,E,0.6,rotate0
1271,random3,6,B,B,B,B,E,A,A,A,B,B,B,B,B,E,A,B,B,B,B,C,0.0,rotate0
1272,random3,1,E,E,E,D,A,A,B,A,A,A,A,A,A,A,A,A,C,C,C,C,0.45,rotate0
1272,random3,2,D,D,A,A,A,A,A,A,B,E,B,B,B,B,B,B,B,B,B,C,0.5,rotate0
1272,random3,3,B,B,B,B,B,B,B,B,B,C,C,C,C,C,C,C,C,B,B,B,0.45,rotate0
1272,rotate0,4,D,D,D,D,D,D,D,D,D,D,D,D,D,D,D,D,D,D,D,D,0.85,rotate0
1272,rotate0,5,E,E,E,E,E,E,E,E,E,E,E,E,E,E,E,E,E,E,E,E,0.8,rotate0
1272,random3,6,C,C,C,C,C,C,C,C,C,C,C,C,C,C,C,A,A,A,A,A,0.65,rotate0
1273,random3,1,B,B,B,B,B,B,B,B,B,B,B,B,B,B,B,B,B,B,B,B,1.0,random3
1273,random3,2,E,E,A,A,A,A,A,A,A,A,A,A,A,A,A,A,A,A,A,A,0.9,random3
1273,random3,3,E,E,E,E,E,E,E,E,E,E,E,E,E,E,E,E,E,E,E,E,0.9,random3
1273,rotate0,4,D,D,D,D,D,D,D,D,D,D,D,D,D,D,D,D,D,D,D,D,1.0,random3
1273,random3,5,C,C,C,C,C,C,C,C,C,C,C,C,C,C,C,C,C,C,C,C,1.0,random3
1273,rotate0,6,skip,skip,skip,skip,skip,skip,skip,skip,skip,skip,skip,skip,skip,skip,skip,skip,skip,skip,skip,skip,0.0,random3
1274,rotate0,1,A,A,A,A,A,A,A,A,A,A,A,A,A,A,A,A,A,A,A,A,0.75,rotate0
1274,random3,2,B,B,C,E,E,E,E,E,E,E,E,E,E,E,E,E,E,E,E,E,0.8,rotate0
1274,random3,3,E,E,E,E,C,C,C,B,B,B,B,B,B,B,D,D,A,C,C,C,0.6,rotate0
1274,rotate0,4,D,D,D,D,D,D,D,D,D,D,D,D,D,D,D,D,D,D,D,D,0.8,rotate0
1274,random3,5,D,D,C,B,B,B,C,C,C,C,C,C,C,B,B,B,B,B,B,B,0.4,rotate0
1274,random3,6,B,B,B,B,B,B,A,A,B,A,A,C,C,C,C,C,C,C,B,B,0.25,rotate0
1275,random3,1,E,E,E,E,E,E,E,E,E,E,E,E,E,E,E,E,E,E,E,E,1.0,random3
1275,rotate0,2,B,B,B,B,B,B,B,B,B,B,B,B,B,B,B,B,B,B,B,B,1.0,random3
1275,random3,3,A,A,A,A,A,A,A,A,A,A,A,A,A,A,A,A,A,A,A,A,0.95,random3
1275,random3,4,A,D,D,D,D,D,D,D,D,D,D,D,D,D,D,D,D,D,D,D,0.95,random3
1275,random3,5,C,C,C,C,C,C,C,C,C,C,C,C,C,C,C,C,C,C,C,C,1.0,random3
1275,rotate0,6,skip,skip,skip,skip,skip,skip,skip,skip,skip,skip,skip,skip,skip,skip,skip,skip,skip,skip,skip,skip,0.0,random3
1276,rotate0,1,A,A,A,A,A,A,A,A,A,A,A,A,A,A,A,A,A,A,A,A,0.1,radicaleq
1276,radicaleq,2,B,C,E,A,B,skip,E,A,B,skip,E,A,B,skip,E,A,B,skip,E,A,0.3,radicaleq
1276,radicaleq,3,C,D,skip,E,A,B,skip,E,A,B,skip,E,A,B,skip,E,A,B,skip,E,0.3,radicaleq
1276,radicaleq,4,D,E,D,skip,E,A,B,skip,E,A,B,skip,E,A,B,skip,E,A,B,skip,0.3,radicaleq
1276,rotate0,5,E,E,E,E,E,E,E,E,E,E,E,E,E,E,E,E,E,E,E,E,0.05,radicaleq
1276,radicaleq,6,skip,A,B,B,skip,E,A,B,skip,E,A,B,skip,E,A,B,skip,E,A,B,0.3,radicaleq
1277,radicaleq,1,A,B,D,D,A,C,E,B,E,B,A,B,E,B,A,B,E,B,A,B,0.55,radicaleq
1277,rotate0,2,B,B,B,B,B,B,B,B,B,B,B,B,B,B,B,B,B,B,B,B,0.15,radicaleq
1277,rotate0,3,C,C,C,C,C,C,C,C,C,C,C,C,C,C,C,C,C,C,C,C,0.55,radicaleq
1277,radicaleq,4,D,E,skip,A,E,skip,B,A,B,E,B,A,B,E,B,A,B,E,B,A,0.55,radicaleq
1277,radicaleq,5,E,skip,A,E,B,E,skip,E,skip,A,skip,E,skip,A,skip,E,skip,A,skip,E,0.55,radicaleq
1277,radicaleq,6,skip,A,E,B,C,A,A,C,A,C,E,C,A,C,E,C,A,C,E,C,0.5,radicaleq
1278,radicaleq,1,A,B,C,D,C,D,C,D,C,D,C,D,C,D,C,D,C,D,C,D,0.55,radicaleq
1278,radicaleq,2,B,C,D,E,skip,E,skip,E,skip,E,skip,E,skip,E,skip,E,skip,E,skip,E,0.55,radicaleq
1278,rotate0,3,C,C,C,C,C,C,C,C,C,C,C,C,C,C,C,C,C,C,C,C,0.05,radicaleq
1278,radicaleq,4,D,E,skip,C,D,C,D,C,D,C,D,C,D,C,D,C,D,C,D,C,0.5,radicaleq
1278,radicaleq,5,E,skip,E,skip,E,skip,E,skip,E,skip,E,skip,E,skip,E,skip,E,skip,E,skip,0.5,radicaleq
1278,rotate0,6,skip,skip,skip,skip,skip,skip,skip,skip,skip,skip,skip,skip,skip,skip,skip,skip,skip,skip,skip,skip,0.0,radicaleq
1279,radicaleq,1,A,B,C,A,skip,D,C,A,skip,D,C,A,skip,D,C,A,skip,D,C,A,0.35,radicaleq
1279,radicaleq,2,B,C,E,D,B,skip,D,C,A,skip,D,C,A,skip,D,C,A,skip,D,C,0.3,radicaleq
1279,rotate0,3,C,C,C,C,C,C,C,C,C,C,C,C,C,C,C,C,C,C,C,C,0.1,radicaleq
1279,rotate0,4,D,D,D,D,D,D,D,D,D,D,D,D,D,D,D,D,D,D,D,D,0.1,radicaleq
1279,radicaleq,5,E,skip,A,skip,C,A,skip,D,C,A,skip,D,C,A,skip,D,C,A,skip,D,0.3,radicaleq
1279,radicaleq,6,skip,A,D,E,D,C,A,skip,D,C,A,skip,D,C,A,skip,D,C,A,skip,0.3,radicaleq
1280,radicaleq,1,A,B,C,D,E,D,E,D,E,D,E,D,E,D,E,D,E,D,E,D,0.55,radicaleq
1280,rotate0,2,B,B,B,B,B,B,B,B,B,B,B,B,B,B,B,B,B,B,B,B,0.55,radicaleq
1280,radicaleq,3,C,D,skip,E,A,E,A,E,A,E,A,E,A,E,A,E,A,E,A,E,0.5,radicaleq
1280,radicaleq,4,D,E,D,skip,D,skip,D,skip,D,skip,D,skip,D,skip,D,skip,D,skip,D,skip,0.5,radicaleq
1280,rotate0,5,E,E,E,E,E,E,E,E,E,E,E,E,E,E,E,E,E,E,E,E,0.05,radicaleq
1280,radicaleq,6,skip,A,E,A,B,A,B,A,B,A,B,A,B,A,B,A,B,A,B,A,0.5,radicaleq
1281,radicaleq,1,A,B,skip,A,skip,A,skip,A,skip,A,skip,A,skip,A,skip,A,skip,A,skip,A,0.55,radicaleq
1281,radicaleq,2,B,C,D,C,B,C,B,C,B,C,B,C,B,C,B,C,B,C,B,C,0.5,radicaleq
1281,rotate0,3,C,C,C,C,C,C,C,C,C,C,C,C,C,C,C,C,C,C,C,C,0.5,radicaleq
1281,radicaleq,4,D,E,A,skip,A,skip,A,skip,A,skip,A,skip,A,skip,A,skip,A,skip,A,skip,0.5,radicaleq
1281,rotate0,5,E,E,E,E,E,E,E,E,E,E,E,E,E,E,E,E,E,E,E,E,0.5,radicaleq
1281,radicaleq,6,skip,A,E,D,E,D,E,D,E,D,E,D,E,D,E,D,E,D,E,D,0.5,radicaleq
1282,radicaleq,1,A,B,D,skip,D,skip,B,skip,D,skip,B,skip,D,skip,B,skip,D,skip,B,skip,0.55,radicaleq
1282,radicaleq,2,B,C,E,B,E,D,E,B,E,D,E,B,E,D,E,B,E,D,E,B,0.55,radicaleq
1282,radicaleq,3,C,D,skip,D,skip,B,skip,D,skip,B,skip,D,skip,B,skip,D,skip,B,skip,D,0.55,radicaleq
1282,radicaleq,4,D,E,B,E,B,E,D,E,B,E,D,E,B,E,D,E,B,E,D,E,0.5,radicaleq
1282,rotate0,5,E,E,E,E,E,E,E,E,E,E,E,E,E,E,E,E,E,E,E,E,0.05,radicaleq
1282,rotate0,6,skip,skip,skip,skip,skip,skip,skip,skip,skip,skip,skip,skip,skip,skip,skip,skip,skip,skip,skip,skip,0.0,radicaleq
1283,rotate0,1,A,A,A,A,A,A,A,A,A,A,A,A,A,A,A,A,A,A,A,A,0.1,radicaleq
1283,rotate0,2,B,B,B,B,B,B,B,B,B,B,B,B,B,B,B,B,B,B,B,B,0.15,radicaleq
1283,radicaleq,3,C,D,A,B,E,B,E,skip,A,B,E,skip,A,B,E,skip,A,B,E,skip,0.35,radicaleq
1283,radicaleq,4,D,E,skip,D,skip,A,B,E,skip,A,B,E,skip,A,B,E,skip,A,B,E,0.35,radicaleq
1283,radicaleq,5,E,skip,D,A,D,skip,A,B,E,skip,A,B,E,skip,A,B,E,skip,A,B,0.3,radicaleq
1283,radicaleq,6,skip,A,C,E,B,E,skip,A,B,E,skip,A,B,E,skip,A,B,E,skip,A,0.3,radicaleq
1284,rotate0,1,A,A,A,A,A,A,A,A,A,A,A,A,A,A,A,A,A,A,A,A,0.55,radicaleq
1284,radicaleq,2,B,C,E,C,B,C,B,C,B,C,B,C,B,C,B,C,B,C,B,C,0.5,radicaleq
1284,rotate0,3,C,C,C,C,C,C,C,C,C,C,C,C,C,C,C,C,C,C,C,C,0.05,radicaleq
1284,radicaleq,4,D,E,skip,skip,E,skip,E,skip,E,skip,E,skip,E,skip,E,skip,E,skip,E,skip,0.5,radicaleq
1284,radicaleq,5,E,skip,C,B,A,B,A,B,A,B,A,B,A,B,A,B,A,B,A,B,0.5,radicaleq
1284,radicaleq,6,skip,A,B,E,C,E,C,E,C,E,C,E,C,E,C,E,C,E,C,E,0.5,radicaleq
1285,rotate0,1,A,A,A,A,A,A,A,A,A,A,A,A,A,A,A,A,A,A,A,A,0.1,radicaleq
1285,radicaleq,2,B,C,D,A,E,skip,E,skip,E,skip,E,skip,E,skip,E,skip,E,skip,E,skip,0.55,radicaleq
1285,radicaleq,3,C,D,E,skip,A,C,A,C,A,C,A,C,A,C,A,C,A,C,A,C,0.55,radicaleq
1285,radicaleq,4,D,E,skip,E,skip,E,skip,E,skip,E,skip,E,skip,E,skip,E,skip,E,skip,E,0.55,radicaleq
1285,radicaleq,5,E,skip,A,C,C,A,C,A,C,A,C,A,C,A,C,A,C,A,C,A,0.5,radicaleq
1285,rotate0,6,skip,skip,skip,skip,skip,skip,skip,skip,skip,skip,skip,skip,skip,skip,skip,skip,skip,skip,skip,skip,0.0,radicaleq
1286,radicaleq,1,A,B,C,B,E,B,E,B,E,B,E,B,E,B,E,B,E,B,E,B,0.5,radicaleq
1286,rotate0,2,B,B,B,B,B,B,B,B,B,B,B,B,B,B,B,B,B,B,B,B,0.5,radicaleq
1286,radicaleq,3,C,D,A,skip,A,skip,A,skip,A,skip,A,skip,A,skip,A,skip,A,skip,A,skip,0.5,radicaleq
1286,rotate0,4,D,D,D,D,D,D,D,D,D,D,D,D,D,D,D,D,D,D,D,D,0.5,radicaleq
1286,radicaleq,5,E,skip,D,C,D,C,D,C,D,C,D,C,D,C,D,C,D,C,D,C,0.5,radicaleq
1286,radicaleq,6,skip,A,skip,A,skip,A,skip,A,skip,A,skip,A,skip,A,skip,A,skip,A,skip,A,0.5,radicaleq
1287,radicaleq,1,A,B,E,B,E,E,A,skip,D,D,A,skip,E,D,A,skip,E,D,A,skip,0.35,radicaleq
1287,radicaleq,2,B,C,D,A,skip,D,E,A,skip,E,D,A,skip,E,D,A,skip,E,D,A,0.35,radicaleq
1287,radicaleq,3,C,D,B,E,C,skip,D,E,A,skip,E,D,A,skip,E,D,A,skip,E,D,0.3,radicaleq
1287,rotate0,4,D,D,D,D,D,D,D,D,D,D,D,D,D,D,D,D,D,D,D,D,0.1,radicaleq
1287,rotate0,5,E,E,E,E,E,E,E,E,E,E,E,E,E,E,E,E,E,E,E,E,0.1,radicaleq
1287,radicaleq,6,skip,A,A,skip,D,A,skip,D,E,A,skip,E,D,A,skip,E,D,A,skip,E,0.3,radicaleq
1288,radicaleq,1,A,B,D,E,D,E,D,E,D,E,D,E,D,E,D,E,D,E,D,E,0.55,radicaleq
1288,radicaleq,2,B,C,skip,C,skip,C,skip,C,skip,C,skip,C,skip,C,skip,C,skip,C,skip,C,0.55,radicaleq
1288,radicaleq,3,C,D,E,D,E,D,E,D,E,D,E,D,E,D,E,D,E,D,E,D,0.5,radicaleq
1288,rotate0,4,D,D,D,D,D,D,D,D,D,D,D,D,D,D,D,D,D,D,D,D,0.05,radicaleq
1288,radicaleq,5,E,skip,C,skip,C,skip,C,skip,C,skip,C,skip,C,skip,C,skip,C,skip,C,skip,0.5,radicaleq
1288,rotate0,6,skip,skip,skip,skip,skip,skip,skip,skip,skip,skip,skip,skip,skip,skip,skip,skip,skip,skip,skip,skip,0.0,radicaleq
1289,rotate0,1,A,A,A,A,A,A,A,A,A,A,A,A,A,A,A,A,A,A,A,A,0.55,radicaleq
1289,radicaleq,2,B,C,skip,D,B,D,B,D,B,D,B,D,B,D,B,D,B,D,B,D,0.5,radicaleq
1289,radicaleq,3,C,D,C,skip,C,skip,C,skip,C,skip,C,skip,C,skip,C,skip,C,skip,C,skip,0.5,radicaleq
1289,rotate0,4,D,D,D,D,D,D,D,D,D,D,D,D,D,D,D,D,D,D,D,D,0.05,radicaleq
1289,radicaleq,5,E,skip,D,B,A,B,A,B,A,B,A,B,A,B,A,B,A,B,A,B,0.5,radicaleq
1289,radicaleq,6,skip,A,B,C,D,C,D,C,D,C,D,C,D,C,D,C,D,C,D,C,0.5,radicaleq
1290,radicaleq,1,A,B,C,D,B,D,B,D,B,D,B,D,B,D,B,D,B,D,B,D,0.55,radicaleq
1290,rotate0,2,B,B,B,B,B,B,B,B,B,B,B,B,B,B,B,B,B,B,B,B,0.05,radicaleq
1290,radicaleq,3,C,D,B,E,skip,E,skip,E,skip,E,skip,E,skip,E,skip,E,skip,E,skip,E,0.55,radicaleq
1290,radicaleq,4,D,E,skip,B,D,B,D,B,D,B,D,B,D,B,D,B,D,B,D,B,0.5,radicaleq
1290,radicaleq,5,E,skip,E,skip,E,skip,E,skip,E,skip,E,skip,E,skip,E,skip,E,skip,E,skip,0.5,radicaleq
1290,rotate0,6,skip,skip,skip,skip,skip,skip,skip,skip,skip,skip,skip,skip,skip,skip,skip,skip,skip,skip,skip,skip,0.0,radicaleq
1291,rotate0,1,A,A,A,A,A,A,A,A,A,A,A,A,A,A,A,A,A,A,A,A,1.0,draw
1291,rotate0,2,B,B,B,B,B,B,B,B,B,B,B,B,B,B,B,B,B,B,B,B,1.0,draw
1291,rotate0,3,C,C,C,C,C,C,C,C,C,C,C,C,C,C,C,C,C,C,C,C,1.0,draw
1291,rotate0,4,D,D,D,D,D,D,D,D,D,D,D,D,D,D,D,D,D,D,D,D,1.0,draw
1291,rotate0,5,E,E,E,E,E,E,E,E,E,E,E,E,E,E,E,E,E,E,E,E,1.0,draw
1291,rotate0,6,skip,skip,skip,skip,skip,skip,skip,skip,skip,skip,skip,skip,skip,skip,skip,skip,skip,skip,skip,skip,0.0,draw
1292,rotate0,1,A,A,A,A,A,A,A,A,A,A,A,A,A,A,A,A,A,A,A,A,1.0,draw
1292,rotate0,2,B,B,B,B,B,B,B,B,B,B,B,B,B,B,B,B,B,B,B,B,1.0,draw
1292,rotate0,3,C,C,C,C,C,C,C,C,C,C,C,C,C,C,C,C,C,C,C,C,1.0,draw
1292,rotate0,4,D,D,D,D,D,D,D,D,D,D,D,D,D,D,D,D,D,D,D,D,1.0,draw
1292,rotate0,5,E,E,E,E,E,E,E,E,E,E,E,E,E,E,E,E,E,E,E,E,1.0,draw
1292,rotate0,6,skip,skip,skip,skip,skip,skip,skip,skip,skip,skip,skip,skip,skip,skip,skip,skip,skip,skip,skip,skip,0.0,draw
1293,rotate0,1,A,A,A,A,A,A,A,A,A,A,A,A,A,A,A,A,A,A,A,A,1.0,draw
1293,rotate0,2,B,B,B,B,B,B,B,B,B,B,B,B,B,B,B,B,B,B,B,B,1.0,draw
1293,rotate0,3,C,C,C,C,C,C,C,C,C,C,C,C,C,C,C,C,C,C,C,C,1.0,draw
1293,rotate0,4,D,D,D,D,D,D,D,D,D,D,D,D,D,D,D,D,D,D,D,D,1.0,draw
1293,rotate0,5,E,E,E,E,E,E,E,E,E,E,E,E,E,E,E,E,E,E,E,E,1.0,draw
1293,rotate0,6,skip,skip,skip,skip,skip,skip,skip,skip,skip,skip,skip,skip,skip,skip,skip,skip,skip,skip,skip,skip,0.0,draw
1294,rotate0,1,A,A,A,A,A,A,A,A,A,A,A,A,A,A,A,A,A,A,A,A,1.0,draw
1294,rotate0,2,B,B,B,B,B,B,B,B,B,B,B,B,B,B,B,B,B,B,B,B,1.0,draw
1294,rotate0,3,C,C,C,C,C,C,C,C,C,C,C,C,C,C,C,C,C,C,C,C,1.0,draw
1294,rotate0,4,D,D,D,D,D,D,D,D,D,D,D,D,D,D,D,D,D,D,D,D,1.0,draw
1294,rotate0,5,E,E,E,E,E,E,E,E,E,E,E,E,E,E,E,E,E,E,E,E,1.0,draw
1294,rotate0,6,skip,skip,skip,skip,skip,skip,skip,skip,skip,skip,skip,skip,skip,skip,skip,skip,skip,skip,skip,skip,0.0,draw
1295,rotate0,1,A,A,A,A,A,A,A,A,A,A,A,A,A,A,A,A,A,A,A,A,1.0,draw
1295,rotate0,2,B,B,B,B,B,B,B,B,B,B,B,B,B,B,B,B,B,B,B,B,1.0,draw
1295,rotate0,3,C,C,C,C,C,C,C,C,C,C,C,C,C,C,C,C,C,C,C,C,1.0,draw
1295,rotate0,4,D,D,D,D,D,D,D,D,D,D,D,D,D,D,D,D,D,D,D,D,1.0,draw
1295,rotate0,5,E,E,E,E,E,E,E,E,E,E,E,E,E,E,E,E,E,E,E,E,1.0,draw
1295,rotate0,6,skip,skip,skip,skip,skip,skip,skip,skip,skip,skip,skip,skip,skip,skip,skip,skip,skip,skip,skip,skip,0.0,draw
1296,rotate0,1,A,A,A,A,A,A,A,A,A,A,A,A,A,A,A,A,A,A,A,A,1.0,draw
1296,rotate0,2,B,B,B,B,B,B,B,B,B,B,B,B,B,B,B,B,B,B,B,B,1.0,draw
1296,rotate0,3,C,C,C,C,C,C,C,C,C,C,C,C,C,C,C,C,C,C,C,C,1.0,draw
1296,rotate0,4,D,D,D,D,D,D,D,D,D,D,D,D,D,D,D,D,D,D,D,D,1.0,draw
1296,rotate0,5,E,E,E,E,E,E,E,E,E,E,E,E,E,E,E,E,E,E,E,E,1.0,draw
1296,rotate0,6,skip,skip,skip,skip,skip,skip,skip,skip,skip,skip,skip,skip,skip,skip,skip,skip,skip,skip,skip,skip,0.0,draw
1297,rotate0,1,A,A,A,A,A,A,A,A,A,A,A,A,A,A,A,A,A,A,A,A,1.0,draw
1297,rotate0,2,B,B,B,B,B,B,B,B,B,B,B,B,B,B,B,B,B,B,B,B,1.0,draw
1297,rotate0,3,C,C,C,C,C,C,C,C,C,C,C,C,C,C,C,C,C,C,C,C,1.0,draw
1297,rotate0,4,D,D,D,D,D,D,D,D,D,D,D,D,D,D,D,D,D,D,D,D,1.0,draw
1297,rotate0,5,E,E,E,E,E,E,E,E,E,E,E,E,E,E,E,E,E,E,E,E,1.0,draw
1297,rotate0,6,skip,skip,skip,skip,skip,skip,skip,skip,skip,skip,skip,skip,skip,skip,skip,skip,skip,skip,skip,skip,0.0,draw
1298,rotate0,1,A,A,A,A,A,A,A,A,A,A,A,A,A,A,A,A,A,A,A,A,1.0,draw
1298,rotate0,2,B,B,B,B,B,B,B,B,B,B,B,B,B,B,B,B,B,B,B,B,1.0,draw
1298,rotate0,3,C,C,C,C,C,C,C,C,C,C,C,C,C,C,C,C,C,C,C,C,1.0,draw
1298,rotate0,4,D,D,D,D,D,D,D,D,D,D,D,D,D,D,D,D,D,D,D,D,1.0,draw
1298,rotate0,5,E,E,E,E,E,E,E,E,E,E,E,E,E,E,E,E,E,E,E,E,1.0,draw
1298,rotate0,6,skip,skip,skip,skip,skip,skip,skip,skip,skip,skip,skip,skip,skip,skip,skip,skip,skip,skip,skip,skip,0.0,draw
1299,rotate0,1,A,A,A,A,A,A,A,A,A,A,A,A,A,A,A,A,A,A,A,A,1.0,draw
1299,rotate0,2,B,B,B,B,B,B,B,B,B,B,B,B,B,B,B,B,B,B,B,B,1.0,draw
1299,rotate0,3,C,C,C,C,C,C,C,C,C,C,C,C,C,C,C,C,C,C,C,C,1.0,draw
1299,rotate0,4,D,D,D,D,D,D,D,D,D,D,D,D,D,D,D,D,D,D,D,D,1.0,draw
1299,rotate0,5,E,E,E,E,E,E,E,E,E,E,E,E,E,E,E,E,E,E,E,E,1.0,draw
1299,rotate0,6,skip,skip,skip,skip,skip,skip,skip,skip,skip,skip,skip,skip,skip,skip,skip,skip,skip,skip,skip,skip,0.0,draw
1300,rotate0,1,A,A,A,A,A,A,A,A,A,A,A,A,A,A,A,A,A,A,A,A,1.0,draw
1300,rotate0,2,B,B,B,B,B,B,B,B,B,B,B,B,B,B,B,B,B,B,B,B,1.0,draw
1300,rotate0,3,C,C,C,C,C,C,C,C,C,C,C,C,C,C,C,C,C,C,C,C,1.0,draw
1300,rotate0,4,D,D,D,D,D,D,D,D,D,D,D,D,D,D,D,D,D,D,D,D,1.0,draw
1300,rotate0,5,E,E,E,E,E,E,E,E,E,E,E,E,E,E,E,E,E,E,E,E,1.0,draw
1300,rotate0,6,skip,skip,skip,skip,skip,skip,skip,skip,skip,skip,skip,skip,skip,skip,skip,skip,skip,skip,skip,skip,0.0,draw
1301,rotate0,1,A,A,A,A,A,A,A,A,A,A,A,A,A,A,A,A,A,A,A,A,1.0,draw
1301,rotate0,2,B,B,B,B,B,B,B,B,B,B,B,B,B,B,B,B,B,B,B,B,1.0,draw
1301,rotate0,3,C,C,C,C,C,C,C,C,C,C,C,C,C,C,C,C,C,C,C,C,1.0,draw
1301,rotate0,4,D,D,D,D,D,D,D,D,D,D,D,D,D,D,D,D,D,D,D,D,1.0,draw
1301,rotate0,5,E,E,E,E,E,E,E,E,E,E,E,E,E,E,E,E,E,E,E,E,1.0,draw
1301,rotate0,6,skip,skip,skip,skip,skip,skip,skip,skip,skip,skip,skip,skip,skip,skip,skip,skip,skip,skip,skip,skip,0.0,draw
1302,rotate0,1,A,A,A,A,A,A,A,A,A,A,A,A,A,A,A,A,A,A,A,A,1.0,draw
1302,rotate0,2,B,B,B,B,B,B,B,B,B,B,B,B,B,B,B,B,B,B,B,B,1.0,draw
1302,rotate0,3,C,C,C,C,C,C,C,C,C,C,C,C,C,C,C,C,C,C,C,C,1.0,draw
1302,rotate0,4,D,D,D,D,D,D,D,D,D,D,D,D,D,D,D,D,D,D,D,D,1.0,draw
1302,rotate0,5,E,E,E,E,E,E,E,E,E,E,E,E,E,E,E,E,E,E,E,E,1.0,draw
1302,rotate0,6,skip,skip,skip,skip,skip,skip,skip,skip,skip,skip,skip,skip,skip,skip,skip,skip,skip,skip,skip,skip,0.0,draw
1303,rotate0,1,A,A,A,A,A,A,A,A,A,A,A,A,A,A,A,A,A,A,A,A,1.0,draw
1303,rotate0,2,B,B,B,B,B,B,B,B,B,B,B,B,B,B,B,B,B,B,B,B,1.0,draw
1303,rotate0,3,C,C,C,C,C,C,C,C,C,C,C,C,C,C,C,C,C,C,C,C,1.0,draw
1303,rotate0,4,D,D,D,D,D,D,D,D,D,D,D,D,D,D,D,D,D,D,D,D,1.0,draw
1303,rotate0,5,E,E,E,E,E,E,E,E,E,E,E,E,E,E,E,E,E,E,E,E,1.0,draw
1303,rotate0,6,skip,skip,skip,skip,skip,skip,skip,skip,skip,skip,skip,skip,skip,skip,skip,skip,skip,skip,skip,skip,0.0,draw
1304,rotate0,1,A,A,A,A,A,A,A,A,A,A,A,A,A,A,A,A,A,A,A,A,1.0,draw
1304,rotate0,2,B,B,B,B,B,B,B,B,B,B,B,B,B,B,B,B,B,B,B,B,1.0,draw
1304,rotate0,3,C,C,C,C,C,C,C,C,C,C,C,C,C,C,C,C,C,C,C,C,1.0,draw
1304,rotate0,4,D,D,D,D,D,D,D,D,D,D,D,D,D,D,D,D,D,D,D,D,1.0,draw
1304,rotate0,5,E,E,E,E,E,E,E,E,E,E,E,E,E,E,E,E,E,E,E,E,1.0,draw
1304,rotate0,6,skip,skip,skip,skip,skip,skip,skip,skip,skip,skip,skip,skip,skip,skip,skip,skip,skip,skip,skip,skip,0.0,draw
1305,rotate0,1,A,A,A,A,A,A,A,A,A,A,A,A,A,A,A,A,A,A,A,A,1.0,draw
1305,rotate0,2,B,B,B,B,B,B,B,B,B,B,B,B,B,B,B,B,B,B,B,B,1.0,draw
1305,rotate0,3,C,C,C,C,C,C,C,C,C,C,C,C,C,C,C,C,C,C,C,C,1.0,draw
1305,rotate0,4,D,D,D,D,D,D,D,D,D,D,D,D,D,D,D,D,D,D,D,D,1.0,draw
1305,rotate0,5,E,E,E,E,E,E,E,E,E,E,E,E,E,E,E,E,E,E,E,E,1.0,draw
1305,rotate0,6,skip,skip,skip,skip,skip,skip,skip,skip,skip,skip,skip,skip,skip,skip,skip,skip,skip,skip,skip,skip,0.0,draw
1306,random,1,skip,E,B,skip,D,E,E,skip,C,E,E,D,D,C,E,A,skip,B,D,E,0.35,caste
1306,caste,2,B,E,E,E,E,B,B,D,D,D,D,D,A,B,B,B,B,C,B,E,0.55,caste
1306,caste,3,C,A,C,C,B,C,C,B,C,A,C,E,E,A,E,A,E,E,C,C,0.35,caste
1306,random,4,B,D,D,A,A,D,E,A,skip,B,B,skip,C,skip,D,A,D,E,B,A,0.35,caste
1306,random,5,D,B,A,A,E,skip,C,B,skip,A,D,B,D,A,D,C,B,A,D,A,0.2,caste
1306,random,6,D,A,A,C,A,C,E,B,skip,A,C,C,E,D,C,A,D,C,skip,A,0.15,caste
1307,random,1,C,D,D,C,B,skip,B,A,A,D,D,A,E,B,A,A,D,B,E,skip,0.3,caste
1307,random,2,A,C,E,skip,D,D,E,B,skip,C,A,skip,C,D,skip,B,A,skip,A,skip,0.25,caste
1307,caste,3,C,E,E,C,D,A,A,C,C,C,E,E,E,D,A,C,E,E,E,C,0.5,caste
1307,random,4,D,skip,B,B,skip,C,E,D,D,B,C,B,B,skip,skip,D,D,A,D,B,0.5,caste
1307,random,5,A,B,A,B,D,B,E,C,A,C,A,skip,skip,D,skip,A,C,skip,B,D,0.25,caste
1307,caste,6,skip,D,B,E,A,E,E,A,A,B,D,B,C,E,E,B,C,B,C,E,0.35,caste
1308,random,1,D,E,skip,C,B,B,skip,B,E,D,D,A,E,B,C,A,A,D,A,A,0.5,caste
1308,random,2,skip,B,E,B,skip,B,A,C,skip,E,D,D,C,skip,skip,skip,D,skip,C,C,0.25,caste
1308,caste,3,C,A,A,E,E,E,A,E,C,C,B,E,A,A,D,B,D,A,E,E,0.5,caste
1308,caste,4,D,B,B,A,A,A,C,C,A,A,A,A,B,B,A,D,E,B,B,D,0.6,caste
1308,random,5,D,D,D,D,B,E,D,skip,C,B,C,E,C,E,skip,C,E,A,B,C,0.2,caste
1308,random,6,C,D,C,D,B,skip,D,E,E,C,C,C,E,B,A,skip,skip,A,skip,E,0.1,caste
1309,random,1,skip,D,D,E,skip,B,skip,skip,A,D,B,E,skip,E,B,D,E,B,A,skip,0.2,caste
1309,caste,2,B,C,E,B,B,A,E,E,E,C,A,A,A,E,B,E,E,B,E,E,0.45,caste
1309,random,3,A,C,A,D,C,C,D,E,E,B,skip,C,A,C,C,B,C,B,B,D,0.4,caste
1309,random,4,A,C,C,C,D,A,B,D,D,skip,D,E,C,C,C,C,D,D,D,B,0.4,caste
1309,caste,5,E,D,D,E,D,B,B,A,C,A,C,B,D,D,A,B,D,A,A,C,0.35,caste
1309,random,6,A,B,E,B,C,A,D,B,E,E,C,B,A,D,A,C,A,B,D,skip,0.2,caste
1310,random,1,skip,A,skip,A,B,B,B,E,B,B,D,skip,C,D,skip,D,C,skip,C,C,0.3,caste
1310,random,2,D,A,D,D,C,skip,C,E,D,E,E,D,C,A,skip,E,skip,skip,A,skip,0.3,caste
1310,caste,3,C,D,A,E,B,D,A,A,D,E,A,B,C,B,B,C,B,E,B,B,0.65,caste
1310,random,4,A,D,skip,E,B,D,D,D,D,D,C,skip,B,D,D,skip,C,D,skip,E,0.3,caste
1310,caste,5,E,C,E,C,C,E,E,E,A,A,C,A,B,E,E,E,C,A,E,E,0.6,caste
1310,random,6,B,B,B,A,C,C,C,B,D,E,C,A,A,A,A,B,D,C,C,C,0.5,caste
1311,random,1,C,C,skip,B,B,E,skip,B,A,A,D,D,E,E,C,A,A,skip,D,E,0.1,caste
1311,random,2,D,E,A,B,D,A,A,B,skip,D,A,D,B,A,skip,C,skip,A,C,E,0.25,caste
1311,random,3,C,D,B,E,E,D,C,B,E,A,B,B,C,E,B,C,B,skip,D,B,0.25,caste
1311,random,4,C,E,B,D,skip,E,C,E,B,C,C,B,B,E,B,E,B,A,B,B,0.25,caste
1311,caste,5,E,A,B,A,A,A,C,B,A,C,D,D,E,E,A,A,A,C,E,E,0.35,caste
1311,caste,6,skip,D,E,D,C,B,A,D,C,D,E,E,C,A,C,D,D,D,D,C,0.55,caste
1312,caste,1,A,D,B,E,C,C,E,D,D,D,A,A,D,A,A,D,D,A,A,C,0.45,caste
1312,caste,2,B,C,D,B,E,D,B,E,C,E,D,B,E,C,C,E,E,D,D,A,0.25,caste
1312,random,3,A,A,skip,D,E,A,E,E,C,E,skip,B,D,skip,C,skip,E,skip,D,A,0.1,caste
1312,random,4,A,skip,skip,A,C,C,C,B,D,B,D,B,E,D,B,skip,B,C,D,C,0.3,caste
1312,random,5,skip,A,C,skip,A,D,B,B,C,C,skip,B,C,A,B,skip,E,B,A,D,0.3,caste
1312,random,6,E,skip,D,B,B,C,E,A,skip,skip,E,A,skip,E,A,C,E,skip,B,B,0.4,caste
1313,caste,1,A,B,A,A,A,D,C,A,A,A,D,B,C,B,A,A,A,B,C,D,0.55,random
1313,random,2,C,C,skip,E,skip,D,skip,D,B,skip,A,D,C,E,D,E,A,skip,A,A,0.4,random
1313,caste,3,C,E,B,B,C,A,D,C,B,C,C,C,B,D,E,B,C,A,B,C,0.25,random
1313,random,4,D,skip,B,skip,E,E,B,C,A,E,E,E,skip,B,C,E,C,D,E,B,0.35,random
1313,random,5,D,skip,D,B,B,A,D,E,E,A,D,B,A,D,D,E,C,B,skip,B,0.25,random
1313,random,6,skip,E,E,B,C,E,D,C,skip,E,D,A,skip,C,E,D,B,A,B,C,0.25,random
1314,caste,1,A,C,A,A,B,B,B,B,B,D,D,D,D,C,D,C,D,C,C,D,0.6,caste
1314,random,2,B,E,D,A,E,skip,B,C,skip,E,E,A,E,E,B,C,B,E,skip,B,0.2,caste
1314,random,3,B,C,D,skip,D,E,E,D,C,skip,E,A,skip,B,D,B,C,D,B,B,0.3,caste
1314,random,4,E,E,E,C,D,C,A,skip,C,C,B,A,D,B,B,A,D,skip,B,A,0.2,caste
1314,random,5,D,skip,D,E,skip,C,skip,B,C,A,B,skip,A,E,skip,A,A,B,A,E,0.35,caste
1314,caste,6,skip,E,D,C,A,C,A,A,A,B,B,A,E,B,C,D,E,E,A,C,0.4,caste
1315,random,1,C,E,D,B,C,skip,skip,skip,C,skip,E,skip,B,A,A,A,D,E,D,B,0.25,caste
1315,caste,2,B,E,D,A,C,E,C,D,D,A,B,D,E,E,A,B,E,A,D,B,0.3,caste
1315,random,3,B,E,E,B,D,A,C,B,E,skip,B,D,E,D,C,E,A,A,skip,E,0.15,caste
1315,caste,4,D,A,A,C,D,D,E,E,E,D,E,A,A,A,C,E,B,B,B,A,0.5,caste
1315,random,5,B,C,skip,C,A,A,B,A,A,D,C,D,skip,B,C,C,E,D,C,E,0.5,caste
1315,random,6,B,E,B,A,C,D,C,C,B,skip,B,D,C,D,skip,skip,C,E,B,B,0.25,caste
1316,random,1,E,D,C,B,E,D,A,A,A,D,E,E,skip,E,A,E,D,D,A,B,0.35,caste
1316,random,2,B,skip,B,E,A,B,C,B,B,B,A,C,C,skip,D,D,D,skip,E,E,0.45,caste
1316,random,3,C,A,C,B,D,C,A,skip,skip,C,E,D,C,C,A,C,B,A,B,C,0.3,caste
1316,caste,4,D,C,D,B,D,A,B,C,E,C,A,E,E,A,B,B,E,A,E,A,0.35,caste
1316,caste,5,E,E,A,A,E,C,E,B,D,E,C,C,B,B,D,E,D,E,C,C,0.45,caste
1316,random,6,D,C,B,A,D,A,D,E,D,D,B,A,C,A,skip,B,B,D,E,A,0.2,caste
1317,random,1,C,C,skip,A,skip,A,A,A,D,D,skip,C,D,C,D,skip,E,C,skip,C,0.25,caste
1317,random,2,B,C,D,A,A,E,skip,A,E,E,B,E,C,C,D,C,C,skip,E,A,0.35,caste
1317,random,3,E,A,B,skip,B,E,skip,A,B,E,B,C,E,A,A,B,B,A,D,A,0.45,caste
1317,caste,4,D,C,B,B,C,C,C,D,B,C,C,C,D,B,B,E,E,E,E,C,0.5,caste
1317,random,5,E,D,E,B,D,D,skip,A,B,E,D,A,skip,E,B,A,A,D,skip,E,0.45,caste
1317,caste,6,skip,D,A,A,E,E,B,C,E,D,B,D,A,C,D,A,D,B,B,A,0.45,caste
1318,caste,1,A,B,B,E,E,E,E,C,A,D,C,A,A,A,A,A,E,E,E,E,0.55,caste
1318,random,2,A,A,D,B,B,E,A,C,E,E,A,D,D,skip,E,C,B,skip,A,D,0.3,caste
1318,random,3,E,B,C,A,D,B,E,skip,D,D,skip,B,D,C,A,D,D,skip,D,A,0.15,caste
1318,caste,4,D,C,C,B,C,C,C,A,D,C,A,D,C,C,C,C,A,C,B,C,0.4,caste
1318,random,5,E,D,skip,A,B,D,C,skip,B,E,C,D,E,D,B,B,A,A,B,A,0.4,caste
1318,random,6,D,A,D,B,B,B,E,B,A,E,B,E,B,E,skip,D,D,C,C,B,0.35,caste
1319,random,1,A,B,E,skip,skip,C,B,A,skip,A,D,skip,B,B,B,skip,D,D,E,E,0.35,caste
1319,caste,2,B,E,D,E,D,D,D,D,D,B,B,C,D,E,C,C,D,B,B,B,0.7,caste
1319,random,3,skip,A,C,skip,C,A,E,D,C,A,skip,A,C,D,A,E,skip,E,A,E,0.3,caste
1319,random,4,C,D,C,A,B,A,skip,A,D,D,B,E,skip,A,A,skip,D,D,E,skip,0.25,caste
1319,random,5,C,E,C,B,skip,A,A,C,B,E,E,C,skip,A,skip,E,A,C,C,E,0.2,caste
1319,caste,6,skip,A,B,B,A,E,E,C,E,E,D,B,B,D,E,E,C,C,C,D,0.4,caste
1320,caste,1,A,A,C,B,A,A,A,A,C,A,B,B,B,C,B,B,A,D,D,C,0.45,caste
1320,random,2,B,B,B,E,E,skip,C,B,B,A,C,skip,A,E,E,C,E,B,skip,E,0.45,caste
1320,random,3,D,A,D,C,A,B,E,A,D,D,D,D,E,E,E,B,skip,B,skip,skip,0.25,caste
1320,random,4,C,D,D,B,E,C,skip,skip,D,D,D,A,B,C,E,B,A,C,D,C,0.15,caste
1320,caste,5,E,D,E,C,E,C,D,D,D,C,C,E,A,B,C,C,D,B,A,A,0.45,caste
1320,random,6,E,C,D,B,E,E,B,E,D,A,C,E,A,E,A,C,A,B,B,skip,0.3,caste
1321,rotate,1,A,B,C,D,E,skip,A,B,C,D,E,skip,A,B,C,D,E,skip,A,B,0.15,caste
1321,caste,2,B,B,C,E,D,E,B,C,B,D,E,E,C,C,B,C,D,E,A,C,0.35,caste
1321,caste,3,C,C,D,D,E,A,A,A,C,E,D,A,A,B,D,D,E,A,B,B,0.45,caste
1321,rotate,4,D,E,skip,A,B,C,D,E,skip,A,B,C,D,E,skip,A,B,C,D,E,0.85,caste
1321,rotate,5,E,skip,A,B,C,D,E,skip,A,B,C,D,E,skip,A,B,C,D,E,skip,0.8,caste
1321,rotate,6,skip,A,B,C,D,E,skip,A,B,C,D,E,skip,A,B,C,D,E,skip,A,0.3,caste
1322,rotate,1,A,B,C,D,E,skip,A,B,C,D,E,skip,A,B,C,D,E,skip,A,B,0.7,rotate
1322,rotate,2,B,C,D,E,skip,A,B,C,D,E,skip,A,B,C,D,E,skip,A,B,C,0.2,rotate
1322,caste,3,C,C,A,B,C,A,E,C,A,B,D,A,D,E,D,E,A,D,E,C,0.15,rotate
1322,rotate,4,D,E,skip,A,B,C,D,E,skip,A,B,C,D,E,skip,A,B,C,D,E,0.7,rotate
1322,rotate,5,E,skip,A,B,C,D,E,skip,A,B,C,D,E,skip,A,B,C,D,E,skip,0.15,rotate
1322,caste,6,skip,skip,D,E,B,D,A,B,E,D,C,E,B,C,A,B,C,A,B,D,0.15,rotate
1323,rotate,1,A,B,C,D,E,skip,A,B,C,D,E,skip,A,B,C,D,E,skip,A,B,0.65,caste
1323,rotate,2,B,C,D,E,skip,A,B,C,D,E,skip,A,B,C,D,E,skip,A,B,C,0.1,caste
1323,caste,3,C,C,B,D,E,B,B,C,E,E,C,A,C,C,D,B,D,E,C,B,0.25,caste
1323,caste,4,D,D,E,E,A,A,C,A,D,D,A,B,B,D,E,E,A,A,B,C,0.5,caste
1323,rotate,5,E,skip,A,B,C,D,E,skip,A,B,C,D,E,skip,A,B,C,D,E,skip,0.7,caste
1323,rotate,6,skip,A,B,C,D,E,skip,A,B,C,D,E,skip,A,B,C,D,E,skip,A,0.6,caste
1324,rotate,1,A,B,C,D,E,skip,A,B,C,D,E,skip,A,B,C,D,E,skip,A,B,0.25,caste
1324,caste,2,B,B,C,A,B,E,A,E,D,A,B,C,A,E,C,D,E,C,D,C,0.15,caste
1324,rotate,3,C,D,E,skip,A,B,C,D,E,skip,A,B,C,D,E,skip,A,B,C,D,0.8,caste
1324,rotate,4,D,E,skip,A,B,C,D,E,skip,A,B,C,D,E,skip,A,B,C,D,E,0.05,caste
1324,caste,5,E,E,A,C,D,C,D,B,C,D,E,B,D,A,B,A,B,E,A,E,0.1,caste
1324,rotate,6,skip,A,B,C,D,E,skip,A,B,C,D,E,skip,A,B,C,D,E,skip,A,0.5,caste
1325,rotate,1,A,B,C,D,E,skip,A,B,C,D,E,skip,A,B,C,D,E,skip,A,B,0.7,rotate
1325,rotate,2,B,C,D,E,skip,A,B,C,D,E,skip,A,B,C,D,E,skip,A,B,C,0.15,rotate
1325,caste,3,C,C,D,A,D,B,D,B,D,E,D,A,D,E,B,E,E,A,B,A,0.1,rotate
1325,rotate,4,D,E,skip,A,B,C,D,E,skip,A,B,C,D,E,skip,A,B,C,D,E,0.2,rotate
1325,caste,5,E,E,B,E,A,C,A,C,E,A,B,C,B,C,D,A,B,C,D,C,0.15,rotate
1325,rotate,6,skip,A,B,C,D,E,skip,A,B,C,D,E,skip,A,B,C,D,E,skip,A,0.55,rotate
1326,rotate,1,A,B,C,D,E,skip,A,B,C,D,E,skip,A,B,C,D,E,skip,A,B,0.75,caste
1326,rotate,2,B,C,D,E,skip,A,B,C,D,E,skip,A,B,C,D,E,skip,A,B,C,0.65,caste
1326,rotate,3,C,D,E,skip,A,B,C,D,E,skip,A,B,C,D,E,skip,A,B,C,D,0.75,caste
1326,rotate,4,D,E,skip,A,B,C,D,E,skip,A,B,C,D,E,skip,A,B,C,D,E,0.25,caste
1326,caste,5,E,E,A,D,C,C,D,A,B,B,C,D,D,A,A,A,B,C,E,E,0.55,caste
1326,caste,6,skip,skip,B,E,B,A,C,D,A,E,B,C,E,E,B,C,D,D,A,C,0.35,caste
1327,caste,1,A,A,B,E,C,C,A,A,D,C,D,C,E,B,C,C,E,D,E,B,0.4,caste
1327,caste,2,B,B,C,C,D,D,E,B,B,D,E,E,A,A,B,D,D,E,A,A,0.45,caste
1327,rotate,3,C,D,E,skip,A,B,C,D,E,skip,A,B,C,D,E,skip,A,B,C,D,0.85,caste
1327,rotate,4,D,E,skip,A,B,C,D,E,skip,A,B,C,D,E,skip,A,B,C,D,E,0.75,caste
1327,rotate,5,E,skip,A,B,C,D,E,skip,A,B,C,D,E,skip,A,B,C,D,E,skip,0.5,caste
1327,rotate,6,skip,A,B,C,D,E,skip,A,B,C,D,E,skip,A,B,C,D,E,skip,A,0.05,caste
1328,caste,1,A,A,B,E,D,D,A,A,B,E,C,E,A,C,B,C,D,E,B,A,0.15,caste
1328,rotate,2,B,C,D,E,skip,A,B,C,D,E,skip,A,B,C,D,E,skip,A,B,C,0.2,caste
1328,caste,3,C,C,D,C,E,E,B,B,D,C,D,A,B,A,D,E,C,A,E,B,0.2,caste
1328,rotate,4,D,E,skip,A,B,C,D,E,skip,A,B,C,D,E,skip,A,B,C,D,E,0.85,caste
1328,rotate,5,E,skip,A,B,C,D,E,skip,A,B,C,D,E,skip,A,B,C,D,E,skip,0.6,caste
1328,rotate,6,skip,A,B,C,D,E,skip,A,B,C,D,E,skip,A,B,C,D,E,skip,A,0.0,caste
1329,caste,1,A,A,B,B,D,D,E,D,B,C,C,D,E,E,B,B,C,D,B,D,0.35,caste
1329,rotate,2,B,C,D,E,skip,A,B,C,D,E,skip,A,B,C,D,E,skip,A,B,C,0.75,caste
1329,rotate,3,C,D,E,skip,A,B,C,D,E,skip,A,B,C,D,E,skip,A,B,C,D,0.65,caste
1329,rotate,4,D,E,skip,A,B,C,D,E,skip,A,B,C,D,E,skip,A,B,C,D,E,0.7,caste
1329,rotate,5,E,skip,A,B,C,D,E,skip,A,B,C,D,E,skip,A,B,C,D,E,skip,0.1,caste
1329,caste,6,skip,skip,A,C,C,E,B,A,A,B,D,C,D,A,E,C,A,E,E,A,0.4,caste
1330,rotate,1,A,B,C,D,E,skip,A,B,C,D,E,skip,A,B,C,D,E,skip,A,B,0.05,caste
1330,caste,2,B,B,C,C,A,B,A,A,C,E,A,B,A,D,E,C,A,E,B,D,0.15,caste
1330,rotate,3,C,D,E,skip,A,B,C,D,E,skip,A,B,C,D,E,skip,A,B,C,D,0.2,caste
1330,caste,4,D,D,E,D,E,E,C,B,D,D,E,A,C,B,C,D,E,B,A,B,0.15,caste
1330,rotate,5,E,skip,A,B,C,D,E,skip,A,B,C,D,E,skip,A,B,C,D,E,skip,0.8,caste
1330,rotate,6,skip,A,B,C,D,E,skip,A,B,C,D,E,skip,A,B,C,D,E,skip,A,0.55,caste
1331,rotate,1,A,B,C,D,E,skip,A,B,C,D,E,skip,A,B,C,D,E,skip,A,B,0.75,caste
1331,rotate,2,B,C,D,E,skip,A,B,C,D,E,skip,A,B,C,D,E,skip,A,B,C,0.7,caste
1331,rotate,3,C,D,E,skip,A,B,C,D,E,skip,A,B,C,D,E,skip,A,B,C,D,0.15,caste
1331,caste,4,D,D,C,E,B,B,C,D,B,A,D,B,D,B,D,C,B,C,C,D,0.3,caste
1331,caste,5,E,E,B,A,A,C,D,A,E,E,A,C,C,E,E,A,A,B,D,E,0.5,caste
1331,rotate,6,skip,A,B,C,D,E,skip,A,B,C,D,E,skip,A,B,C,D,E,skip,A,0.55,caste
1332,rotate,1,A,B,C,D,E,skip,A,B,C,D,E,skip,A,B,C,D,E,skip,A,B,0.7,caste
1332,rotate,2,B,C,D,E,skip,A,B,C,D,E,skip,A,B,C,D,E,skip,A,B,C,0.85,caste
1332,rotate,3,C,D,E,skip,A,B,C,D,E,skip,A,B,C,D,E,skip,A,B,C,D,0.2,caste
1332,caste,4,D,D,A,B,C,D,A,D,A,B,A,B,C,E,A,B,D,B,C,A,0.2,caste
1332,rotate,5,E,skip,A,B,C,D,E,skip,A,B,C,D,E,skip,A,B,C,D,E,skip,0.05,caste
1332,caste,6,skip,skip,E,C,A,B,E,B,E,C,C,D,E,D,E,A,C,D,E,B,0.15,caste
1333,caste,1,A,A,B,C,C,E,C,D,B,C,D,E,C,A,B,B,A,B,A,A,0.1,caste
1333,rotate,2,B,C,D,E,skip,A,B,C,D,E,skip,A,B,C,D,E,skip,A,B,C,0.75,caste
1333,rotate,3,C,D,E,skip,A,B,C,D,E,skip,A,B,C,D,E,skip,A,B,C,D,0.2,caste
1333,caste,4,D,D,E,B,A,B,E,A,D,E,A,B,E,D,C,C,D,E,C,E,0.15,caste
1333,rotate,5,E,skip,A,B,C,D,E,skip,A,B,C,D,E,skip,A,B,C,D,E,skip,0.55,caste
1333,rotate,6,skip,A,B,C,D,E,skip,A,B,C,D,E,skip,A,B,C,D,E,skip,A,0.05,caste
1334,rotate,1,A,B,C,D,E,skip,A,B,C,D,E,skip,A,B,C,D,E,skip,A,B,0.1,caste
1334,caste,2,B,B,A,D,C,D,D,B,A,B,E,E,A,C,A,B,C,D,A,A,0.2,caste
1334,rotate,3,C,D,E,skip,A,B,C,D,E,skip,A,B,C,D,E,skip,A,B,C,D,0.8,caste
1334,rotate,4,D,E,skip,A,B,C,D,E,skip,A,B,C,D,E,skip,A,B,C,D,E,0.8,caste
1334,rotate,5,E,skip,A,B,C,D,E,skip,A,B,C,D,E,skip,A,B,C,D,E,skip,0.05,caste
1334,caste,6,skip,skip,C,B,E,A,E,A,C,D,C,D,E,B,C,D,E,B,E,B,0.1,caste
1335,caste,1,A,A,B,D,A,B,C,A,E,C,B,E,A,E,B,B,D,E,D,E,0.2,caste
1335,rotate,2,B,C,D,E,skip,A,B,C,D,E,skip,A,B,C,D,E,skip,A,B,C,0.85,caste
1335,rotate,3,C,D,E,skip,A,B,C,D,E,skip,A,B,C,D,E,skip,A,B,C,D,0.65,caste
1335,rotate,4,D,E,skip,A,B,C,D,E,skip,A,B,C,D,E,skip,A,B,C,D,E,0.15,caste
1335,caste,5,E,E,C,B,D,C,D,E,B,A,D,C,D,A,C,A,B,C,E,A,0.25,caste
1335,rotate,6,skip,A,B,C,D,E,skip,A,B,C,D,E,skip,A,B,C,D,E,skip,A,0.15,caste
1336,random3,1,A,A,A,A,A,A,A,A,A,A,A,D,D,D,D,E,E,A,A,A,0.45,random3
1336,caste,2,B,B,B,B,B,B,B,B,B,B,B,B,E,B,B,B,B,B,B,B,0.95,random3
1336,caste,3,C,C,C,C,C,C,C,A,C,C,A,C,A,E,A,E,E,A,E,C,0.35,random3
1336,random3,4,A,A,D,D,D,D,D,D,D,C,C,C,C,C,C,C,C,C,C,C,0.5,random3
1336,random3,5,E,E,E,E,E,E,E,E,E,E,E,E,E,E,A,A,A,A,E,E,0.75,random3
1336,random3,6,D,D,D,C,D,D,C,D,D,D,D,D,D,D,D,D,D,D,D,D,0.45,random3
1337,random3,1,B,B,B,B,B,A,A,A,A,A,A,A,A,A,A,A,A,B,B,B,0.5,caste
1337,random3,2,A,D,A,D,D,D,D,D,D,D,D,D,D,D,A,A,A,A,A,A,0.35,caste
1337,caste,3,C,D,A,C,C,A,C,C,C,C,C,C,C,C,C,C,C,C,C,C,0.75,caste
1337,random3,4,E,E,E,E,E,E,E,E,E,D,D,B,B,B,B,B,D,D,D,D,0.65,caste
1337,random3,5,A,D,C,C,C,A,B,B,B,B,B,B,D,D,B,B,B,B,A,B,0.3,caste
1337,caste,6,skip,B,E,D,B,D,B,A,E,A,E,E,E,E,B,E,E,E,E,E,0.45,caste
1338,random3,1,B,A,A,A,A,A,C,D,B,B,B,B,B,C,B,B,B,E,E,E,0.2,caste
1338,random3,2,E,E,E,E,E,E,E,E,E,E,E,E,E,E,E,E,E,E,B,B,0.75,caste
1338,caste,3,C,A,A,D,D,E,B,C,D,D,D,C,B,C,D,C,C,D,C,D,0.6,caste
1338,caste,4,D,C,D,C,C,D,C,D,C,C,C,D,D,D,B,D,D,C,D,C,0.75,caste
1338,random3,5,E,A,A,A,A,A,A,A,A,A,A,A,A,A,A,A,A,A,A,A,0.7,caste
1338,random3,6,B,B,B,B,B,B,B,D,D,C,C,C,E,E,B,B,B,E,E,E,0.25,caste
1339,random3,1,E,E,E,E,E,E,E,A,E,E,E,E,E,E,E,E,E,B,B,B,0.6,random3
1339,caste,2,B,D,A,D,D,D,D,D,D,D,D,D,D,D,D,D,D,D,E,D,0.65,random3
1339,random3,3,B,B,B,B,B,B,B,B,B,B,B,B,B,B,B,B,D,D,D,D,0.6,random3
1339,random3,4,C,C,C,C,C,C,C,C,C,C,C,C,C,C,C,C,C,C,E,E,0.7,random3
1339,caste,5,E,C,E,B,C,A,E,A,E,B,C,E,B,C,A,B,E,C,B,C,0.05,random3
1339,random3,6,A,A,A,A,A,A,D,A,A,A,A,A,A,A,A,A,A,A,A,A,0.75,random3
1340,random3,1,D,A,E,A,B,B,C,D,E,D,D,E,E,E,E,E,C,E,E,E,0.2,caste
1340,random3,2,C,C,C,C,B,B,B,B,B,B,B,B,B,B,B,B,B,B,B,B,0.55,caste
1340,caste,3,C,B,B,A,B,A,A,A,A,A,A,A,A,A,A,A,A,A,A,A,0.8,caste
1340,random3,4,D,D,D,D,D,D,D,D,D,D,D,D,D,D,D,D,D,D,D,A,0.7,caste
1340,caste,5,E,A,E,E,A,E,E,E,E,E,E,E,B,E,B,E,B,E,D,C,0.35,caste
1340,random3,6,C,C,C,C,B,E,C,C,C,C,C,C,C,C,C,C,C,E,C,C,0.5,caste
1341,random3,1,E,B,B,B,B,B,A,B,B,B,B,B,B,B,B,B,B,B,B,B,0.45,random3
1341,random3,2,A,A,A,A,C,C,C,B,B,A,B,B,E,E,E,E,E,E,E,E,0.45,random3
1341,random3,3,D,D,D,D,D,D,D,D,D,D,D,D,D,D,D,B,B,D,A,D,0.6,random3
1341,random3,4,E,E,E,E,E,E,E,E,E,E,E,E,E,A,A,A,A,A,A,D,0.7,random3
1341,caste,5,E,B,D,A,A,B,C,A,C,A,C,C,C,C,C,C,C,C,C,C,0.65,random3
1341,caste,6,skip,C,B,C,C,C,A,B,D,C,A,A,A,A,D,A,D,D,E,D,0.35,random3
1342,caste,1,A,C,C,C,C,A,E,C,A,E,A,E,A,B,A,B,E,E,B,B,0.3,caste
1342,caste,2,B,E,E,E,E,E,C,E,C,C,C,C,C,C,C,C,C,C,C,C,0.8,caste
1342,random3,3,A,A,A,A,A,A,E,E,E,E,A,A,A,E,E,E,E,E,E,E,0.55,caste
1342,random3,4,B,E,B,B,C,C,C,A,A,D,D,E,D,D,A,B,D,D,D,D,0.1,caste
1342,random3,5,D,D,B,B,B,B,B,B,B,B,B,B,B,B,A,A,A,A,A,A,0.7,caste
1342,random3,6,D,D,D,D,D,D,D,D,D,D,D,E,D,D,D,D,D,D,D,D,0.45,caste
1343,caste,1,A,C,C,C,C,C,C,C,C,C,E,E,D,E,D,A,E,D,A,E,0.25,random3
1343,random3,2,E,E,E,E,D,E,E,E,E,E,E,D,A,E,A,E,E,E,E,E,0.4,random3
1343,caste,3,C,B,B,B,B,B,B,B,B,B,B,B,B,B,B,B,B,B,B,B,1.0,random3
1343,random3,4,A,A,A,A,A,A,A,A,A,C,C,C,C,C,C,C,C,C,C,C,0.85,random3
1343,random3,5,E,E,E,E,C,C,C,C,A,A,A,A,A,E,A,A,A,A,A,D,0.25,random3
1343,random3,6,D,D,D,D,D,D,D,D,D,D,D,D,D,D,D,D,D,D,D,D,0.7,random3
1344,caste,1,A,C,C,C,C,C,C,C,C,C,C,C,C,C,C,C,C,C,C,C,1.0,random3
1344,random3,2,D,D,A,A,B,B,B,B,B,B,B,B,B,B,B,B,B,E,E,E,0.55,random3
1344,random3,3,E,E,E,E,E,E,E,E,E,E,E,E,E,E,E,E,E,E,E,A,0.65,random3
1344,random3,4,B,B,B,B,B,D,D,E,A,A,A,A,A,A,A,A,A,A,A,A,0.5,random3
1344,random3,5,D,D,D,D,D,D,D,D,D,D,D,D,D,D,D,D,D,D,D,D,0.8,random3
1344,caste,6,skip,A,B,A,A,B,A,A,E,A,E,A,A,B,E,A,B,E,B,B,0.3,random3
1345,random3,1,A,A,A,A,A,A,A,A,A,A,A,A,A,A,A,A,A,B,B,B,0.7,random3
1345,caste,2,B,D,D,B,D,D,E,E,E,E,E,E,E,B,E,E,B,B,A,E,0.55,random3
1345,random3,3,E,E,E,B,B,B,B,B,B,B,E,E,E,C,C,E,E,E,A,A,0.4,random3
1345,caste,4,D,C,E,D,E,B,C,D,C,B,D,B,B,C,B,B,A,E,B,D,0.3,random3
1345,random3,5,B,C,C,C,C,C,C,C,C,C,C,C,C,C,C,C,C,C,C,C,0.7,random3
1345,random3,6,A,A,A,B,E,D,D,D,D,D,D,D,D,D,D,D,D,D,D,D,0.55,random3
1346,random3,1,B,B,E,E,E,E,E,E,E,E,E,E,E,E,E,E,E,E,E,E,0.65,random3
1346,random3,2,A,A,A,A,A,A,A,A,A,A,A,A,A,A,C,A,A,A,A,A,0.6,random3
1346,random3,3,B,C,D,C,A,D,D,B,B,B,B,B,B,B,B,B,B,B,B,C,0.45,random3
1346,caste,4,D,C,D,C,C,D,D,E,A,C,C,C,E,C,C,C,C,C,E,C,0.3,random3
1346,caste,5,E,A,E,D,E,C,C,C,C,D,D,D,D,D,D,D,D,D,D,D,0.8,random3
1346,random3,6,B,B,B,B,B,B,B,B,B,D,C,C,A,A,A,A,A,C,B,C,0.3,random3
1347,random3,1,D,D,D,D,D,C,D,D,D,D,D,D,D,D,D,D,D,D,E,E,0.6,caste
1347,random3,2,E,E,E,E,E,E,E,E,E,E,E,C,C,A,A,A,A,A,A,A,0.6,caste
1347,random3,3,A,A,A,A,A,A,D,C,C,C,C,C,C,A,A,A,E,C,C,C,0.3,caste
1347,caste,4,D,B,E,B,B,B,B,B,C,B,B,B,B,B,B,B,B,B,B,B,0.85,caste
1347,random3,5,D,D,D,D,D,A,A,A,A,A,A,A,E,E,E,E,E,D,D,D,0.45,caste
1347,caste,6,skip,C,A,C,C,C,C,C,E,C,E,A,E,E,A,C,C,E,C,C,0.35,caste
1348,caste,1,A,E,D,B,A,B,A,C,A,A,A,B,A,A,A,A,A,D,A,E,0.5,caste
1348,random3,2,D,D,D,D,D,D,D,D,D,D,D,D,D,D,D,D,D,D,D,D,0.85,caste
1348,random3,3,B,B,B,B,B,B,B,B,B,B,B,B,B,B,B,B,B,B,B,B,0.85,caste
1348,caste,4,D,A,C,E,E,E,E,E,E,E,E,E,E,E,E,E,E,A,E,A,0.75,caste
1348,random3,5,C,C,C,C,C,C,C,C,C,C,C,C,C,C,C,C,C,C,C,C,0.55,caste
1348,random3,6,D,E,A,A,A,A,A,C,C,C,C,C,C,C,C,A,E,E,E,A,0.2,caste
1349,random3,1,A,A,A,A,A,A,A,A,A,A,A,A,A,A,A,A,A,A,A,A,0.75,random3
1349,caste,2,B,E,C,E,D,D,E,B,D,E,B,D,B,D,D,D,D,D,D,D,0.65,random3
1349,random3,3,E,E,C,C,C,C,C,C,C,C,C,C,C,C,C,C,C,C,C,C,0.7,random3
1349,random3,4,D,D,C,C,D,A,A,A,E,E,E,E,E,E,E,E,E,E,E,E,0.45,random3
1349,random3,5,B,B,B,B,B,B,B,B,E,E,D,C,B,B,B,B,A,B,B,B,0.45,random3
1349,caste,6,skip,D,A,C,E,E,D,D,E,B,D,B,C,B,E,B,A,B,C,E,0.3,random3
1350,caste,1,A,E,E,E,E,B,E,E,C,E,E,E,E,E,E,B,B,B,B,B,0.75,random3
1350,random3,2,B,B,B,B,B,B,E,D,D,D,D,D,D,D,A,A,A,A,A,A,0.6,random3
1350,random3,3,A,A,A,A,A,A,A,A,A,A,A,A,A,A,A,E,E,E,E,E,0.8,random3
1350,random3,4,C,C,C,C,C,B,B,B,B,B,C,B,D,D,D,D,D,D,D,D,0.55,random3
1350,caste,5,E,C,D,A,C,D,C,C,D,B,A,B,D,B,B,C,A,C,A,D,0.25,random3
1350,random3,6,D,D,D,D,D,D,E,E,C,C,C,C,C,C,C,C,C,C,C,C,0.6,random3
1351,radicaleq,1,A,B,D,B,B,D,E,D,E,B,E,D,E,B,E,D,E,B,E,D,0.1,caste
1351,caste,2,B,B,C,C,B,D,E,D,E,B,E,D,E,B,E,D,E,B,E,D,0.15,caste
1351,caste,3,C,C,D,D,C,A,B,A,D,A,B,A,D,A,B,A,D,A,B,A,0.15,caste
1351,radicaleq,4,D,E,skip,A,E,skip,C,skip,C,skip,C,skip,C,skip,C,skip,C,skip,C,skip,0.55,caste
1351,radicaleq,5,E,skip,A,E,skip,C,skip,C,skip,C,skip,C,skip,C,skip,C,skip,C,skip,C,0.55,caste
1351,radicaleq,6,skip,A,E,skip,C,A,B,A,D,A,B,A,D,A,B,A,D,A,B,A,0.1,caste
1352,radicaleq,1,A,B,C,skip,A,D,E,A,C,D,C,C,A,E,E,C,D,D,E,A,0.95,radicaleq
1352,radicaleq,2,B,C,D,A,D,E,A,C,D,E,E,A,D,D,C,A,A,E,C,C,0.25,radicaleq
1352,caste,3,C,C,A,B,B,B,B,B,B,B,B,B,B,B,B,B,B,B,B,B,0.95,radicaleq
1352,radicaleq,4,D,E,skip,E,C,skip,C,D,E,C,A,D,E,C,A,D,E,C,A,D,0.7,radicaleq
1352,radicaleq,5,E,skip,E,C,skip,A,D,E,A,A,D,E,C,A,D,E,C,A,D,E,0.9,radicaleq
1352,caste,6,skip,skip,D,A,D,E,A,C,D,C,E,A,E,D,C,D,A,E,A,C,0.0,radicaleq
1353,radicaleq,1,A,B,C,skip,E,D,E,D,E,D,E,D,E,D,E,D,E,D,E,D,0.15,caste
1353,radicaleq,2,B,C,E,B,B,A,B,A,B,A,B,A,B,A,B,A,B,A,B,A,0.1,caste
1353,caste,3,C,C,B,E,B,A,B,A,B,A,B,A,B,A,B,A,B,A,B,A,0.15,caste
1353,caste,4,D,D,E,A,E,D,E,D,E,D,E,D,E,D,E,D,E,D,E,D,0.15,caste
1353,radicaleq,5,E,skip,A,D,C,skip,C,skip,C,skip,C,skip,C,skip,C,skip,C,skip,C,skip,0.55,caste
1353,radicaleq,6,skip,A,D,C,skip,C,skip,C,skip,C,skip,C,skip,C,skip,C,skip,C,skip,C,0.55,caste
1354,radicaleq,1,A,B,C,B,C,A,C,A,E,D,E,A,D,A,E,A,D,A,E,A,0.05,caste
1354,caste,2,B,B,C,C,C,D,C,D,E,A,E,E,D,D,E,E,D,D,E,E,0.5,caste
1354,radicaleq,3,C,D,skip,D,B,skip,E,B,skip,C,B,skip,C,B,skip,C,B,skip,C,B,0.7,caste
1354,radicaleq,4,D,E,D,A,skip,E,B,skip,C,B,skip,C,B,skip,C,B,skip,C,B,skip,0.65,caste
1354,caste,5,E,E,A,B,D,A,D,A,A,D,D,A,E,A,D,A,E,A,D,A,0.5,caste
1354,radicaleq,6,skip,A,E,skip,E,B,skip,C,B,skip,C,B,skip,C,B,skip,C,B,skip,C,0.65,caste
1355,radicaleq,1,A,B,skip,D,B,skip,E,B,skip,D,B,skip,D,B,skip,D,B,skip,D,B,0.7,caste
1355,radicaleq,2,B,C,D,B,D,A,D,A,E,A,E,A,E,A,C,A,E,A,C,A,0.05,caste
1355,caste,3,C,C,D,C,D,C,D,C,E,C,E,C,E,E,C,C,E,E,C,C,0.5,caste
1355,radicaleq,4,D,E,A,A,skip,E,B,skip,D,B,skip,D,B,skip,D,B,skip,D,B,skip,0.65,caste
1355,caste,5,E,E,B,B,C,A,C,A,C,A,C,A,C,A,E,A,C,A,E,A,0.5,caste
1355,radicaleq,6,skip,A,E,skip,E,B,skip,D,B,skip,D,B,skip,D,B,skip,D,B,skip,D,0.65,caste
1356,radicaleq,1,A,B,D,E,skip,E,A,D,B,E,A,B,D,E,A,B,D,E,A,B,0.75,radicaleq
1356,radicaleq,2,B,C,E,skip,B,A,D,B,E,A,B,D,E,A,B,D,E,A,B,E,0.95,radicaleq
1356,radicaleq,3,C,D,skip,D,A,D,B,E,A,B,D,E,B,B,D,A,A,B,E,D,0.95,radicaleq
1356,radicaleq,4,D,E,B,A,D,B,E,A,D,D,E,A,A,D,E,E,B,D,D,A,0.25,radicaleq
1356,caste,5,E,E,A,C,C,C,C,C,C,C,C,C,C,C,C,C,C,C,C,C,0.95,radicaleq
1356,caste,6,skip,skip,B,A,D,B,E,A,B,D,E,B,A,D,A,E,B,E,D,A,0.0,radicaleq
1357,caste,1,A,A,B,E,B,D,B,D,B,D,B,D,B,D,B,D,B,D,B,D,0.5,caste
1357,caste,2,B,B,C,B,C,B,C,B,C,B,C,B,C,B,C,B,C,B,C,B,0.55,caste
1357,radicaleq,3,C,D,A,skip,E,A,skip,E,A,skip,E,A,skip,E,A,skip,E,A,skip,E,0.7,caste
1357,radicaleq,4,D,E,skip,D,A,skip,E,A,skip,E,A,skip,E,A,skip,E,A,skip,E,A,0.7,caste
1357,radicaleq,5,E,skip,D,A,skip,E,A,skip,E,A,skip,E,A,skip,E,A,skip,E,A,skip,0.65,caste
1357,radicaleq,6,skip,A,C,E,C,D,C,D,C,D,C,D,C,D,C,D,C,D,C,D,0.0,caste
1358,caste,1,A,A,B,B,E,E,B,E,B,E,B,E,B,E,B,E,B,E,B,E,0.45,caste
1358,radicaleq,2,B,C,E,B,D,D,C,skip,A,C,skip,D,C,skip,D,C,skip,A,C,skip,0.65,caste
1358,caste,3,C,C,D,D,A,B,A,B,D,B,A,B,A,B,A,B,D,B,D,B,0.5,caste
1358,radicaleq,4,D,E,skip,C,skip,C,skip,A,C,skip,D,C,skip,D,C,skip,A,C,skip,A,0.65,caste
1358,radicaleq,5,E,skip,C,skip,C,skip,D,C,skip,D,C,skip,D,C,skip,A,C,skip,A,C,0.65,caste
1358,radicaleq,6,skip,A,B,D,A,E,A,E,D,E,A,E,A,E,A,E,D,E,D,E,0.0,caste
1359,caste,1,A,A,B,B,B,B,B,B,B,B,B,B,B,B,B,B,B,B,B,B,1.0,radicaleq
1359,radicaleq,2,B,C,D,A,skip,D,C,E,D,A,C,E,D,A,C,E,D,A,C,E,0.75,radicaleq
1359,radicaleq,3,C,D,E,skip,D,C,E,D,A,C,E,D,A,C,E,D,A,C,E,D,0.95,radicaleq
1359,radicaleq,4,D,E,skip,D,C,E,A,A,C,D,D,A,E,E,D,C,C,E,A,A,0.95,radicaleq
1359,radicaleq,5,E,skip,A,C,E,A,D,C,E,E,A,C,C,D,A,A,E,D,D,C,0.25,radicaleq
1359,caste,6,skip,skip,A,C,E,A,D,C,D,E,A,E,C,D,C,A,E,A,D,C,0.0,radicaleq
1360,radicaleq,1,A,B,C,E,B,A,D,A,D,C,D,C,A,C,D,C,A,C,D,C,0.05,caste
1360,caste,2,B,B,C,B,B,C,D,C,D,A,D,D,A,A,D,D,A,A,D,D,0.5,caste
1360,radicaleq,3,C,D,A,A,skip,E,B,skip,E,B,skip,E,B,skip,E,B,skip,E,B,skip,0.65,caste
1360,caste,4,D,D,E,E,C,A,C,A,A,C,A,C,D,C,A,C,D,C,A,C,0.5,caste
1360,radicaleq,5,E,skip,D,skip,E,B,skip,E,B,skip,E,B,skip,E,B,skip,E,B,skip,E,0.65,caste
1360,radicaleq,6,skip,A,skip,C,D,skip,E,B,skip,E,B,skip,E,B,skip,E,B,skip,E,B,0.65,caste
1361,radicaleq,1,A,B,E,D,skip,D,B,skip,B,C,skip,B,C,skip,B,C,skip,B,C,skip,0.7,caste
1361,radicaleq,2,B,C,D,skip,D,B,skip,B,C,skip,B,C,skip,B,C,skip,B,C,skip,D,0.7,caste
1361,radicaleq,3,C,D,B,C,A,C,A,D,E,D,A,D,E,D,A,D,E,D,A,B,0.05,caste
1361,caste,4,D,D,C,C,E,C,E,D,A,D,E,D,A,D,E,D,A,D,E,B,0.5,caste
1361,caste,5,E,E,B,E,A,E,A,A,E,E,A,A,E,E,A,A,E,E,A,A,0.55,caste
1361,radicaleq,6,skip,A,A,B,B,skip,C,C,skip,B,C,skip,B,C,skip,B,C,skip,D,C,0.7,caste
1362,radicaleq,1,A,B,D,skip,C,D,E,C,D,A,E,C,D,A,E,C,D,A,E,C,0.95,radicaleq
1362,radicaleq,2,B,C,skip,C,A,E,C,D,A,C,C,D,E,E,C,A,A,E,D,D,0.95,radicaleq
1362,radicaleq,3,C,D,E,A,E,C,D,A,E,E,D,A,A,C,D,D,E,C,C,A,0.25,radicaleq
1362,caste,4,D,D,A,B,B,B,B,B,B,B,B,B,B,B,B,B,B,B,B,B,0.95,radicaleq
1362,radicaleq,5,E,skip,C,D,skip,A,A,E,C,D,A,E,C,D,A,E,C,D,A,E,0.7,radicaleq
1362,caste,6,skip,skip,E,A,E,C,D,A,C,E,D,E,A,C,A,D,E,D,C,A,0.0,radicaleq
1363,caste,1,A,A,B,C,B,E,B,D,B,D,B,D,B,D,B,D,B,D,B,D,0.45,caste
1363,radicaleq,2,B,C,skip,C,D,D,C,skip,E,C,skip,A,C,skip,E,C,skip,A,C,skip,0.65,caste
1363,radicaleq,3,C,D,C,B,skip,C,skip,E,C,skip,A,C,skip,E,C,skip,A,C,skip,E,0.65,caste
1363,caste,4,D,D,E,E,A,B,A,B,A,B,E,B,E,B,A,B,E,B,E,B,0.5,caste
1363,radicaleq,5,E,skip,D,skip,C,skip,E,C,skip,A,C,skip,A,C,skip,A,C,skip,A,C,0.65,caste
1363,radicaleq,6,skip,A,B,E,A,E,A,D,A,D,E,D,E,D,A,D,E,D,E,D,0.0,caste
1364,radicaleq,1,A,B,C,D,C,D,E,B,D,C,E,B,B,C,E,E,C,E,E,B,0.2,radicaleq
1364,caste,2,B,B,A,A,A,A,A,A,A,A,A,A,A,A,A,A,A,A,A,A,0.95,radicaleq
1364,radicaleq,3,C,D,B,skip,E,B,skip,D,C,E,B,D,C,E,B,C,E,D,B,E,0.75,radicaleq
1364,radicaleq,4,D,E,skip,E,B,skip,D,C,E,B,D,C,E,B,C,D,D,B,C,C,0.9,radicaleq
1364,radicaleq,5,E,skip,E,B,skip,C,C,E,B,D,C,E,D,D,D,B,B,C,D,D,0.9,radicaleq
1364,caste,6,skip,skip,C,D,C,D,E,B,D,C,E,D,B,C,B,E,C,D,E,B,0.0,radicaleq
1365,caste,1,A,A,B,B,B,C,B,C,D,C,D,C,D,C,D,C,D,C,D,C,0.5,caste
1365,radicaleq,2,B,C,E,skip,E,A,skip,B,A,skip,B,A,skip,B,A,skip,B,A,skip,B,0.7,caste
1365,radicaleq,3,C,D,skip,C,A,skip,D,A,skip,B,A,skip,B,A,skip,B,A,skip,B,A,0.7,caste
1365,radicaleq,4,D,E,D,D,skip,E,A,skip,B,A,skip,B,A,skip,B,A,skip,B,A,skip,0.65,caste
1365,caste,5,E,E,C,A,C,D,C,E,C,E,C,E,C,E,C,E,C,E,C,E,0.5,caste
1365,radicaleq,6,skip,A,B,A,B,D,B,E,D,E,D,E,D,E,D,E,D,E,D,E,0.0,caste
1366,rotate0,1,A,A,A,A,A,A,A,A,A,A,A,A,A,A,A,A,A,A,A,A,0.95,caste
1366,caste,2,B,B,B,B,B,B,B,B,B,B,B,B,B,C,C,B,B,B,B,B,1.0,caste
1366,caste,3,C,C,C,C,C,C,C,C,C,C,C,C,C,E,D,A,C,C,C,C,0.85,caste
1366,rotate0,4,D,D,D,D,D,D,D,D,D,D,D,D,D,D,D,D,D,D,D,D,0.95,caste
1366,rotate0,5,E,E,E,E,E,E,E,E,E,E,E,E,E,E,E,E,E,E,E,E,0.95,caste
1366,rotate0,6,skip,skip,skip,skip,skip,skip,skip,skip,skip,skip,skip,skip,skip,skip,skip,skip,skip,skip,skip,skip,0.0,caste
1367,rotate0,1,A,A,A,A,A,A,A,A,A,A,A,A,A,A,A,A,A,A,A,A,0.9,rotate0
1367,rotate0,2,B,B,B,B,B,B,B,B,B,B,B,B,B,B,B,B,B,B,B,B,0.9,rotate0
1367,caste,3,C,C,C,C,C,C,C,C,C,C,C,C,C,E,B,C,C,C,C,C,0.9,rotate0
1367,rotate0,4,D,D,D,D,D,D,D,D,D,D,D,D,D,D,D,D,D,D,D,D,0.9,rotate0
1367,rotate0,5,E,E,E,E,E,E,E,E,E,E,E,E,E,E,E,E,E,E,E,E,0.9,rotate0
1367,caste,6,skip,skip,skip,skip,skip,skip,skip,skip,skip,skip,skip,skip,skip,skip,D,A,A,B,D,E,0.0,rotate0
1368,rotate0,1,A,A,A,A,A,A,A,A,A,A,A,A,A,A,A,A,A,A,A,A,0.95,caste
1368,rotate0,2,B,B,B,B,B,B,B,B,B,B,B,B,B,B,B,B,B,B,B,B,0.95,caste
1368,caste,3,C,C,C,C,C,C,C,C,C,C,C,C,C,E,B,D,D,D,D,D,0.9,caste
1368,caste,4,D,D,D,D,D,D,D,D,D,D,D,D,D,D,A,C,C,C,C,C,0.95,caste
1368,rotate0,5,E,E,E,E,E,E,E,E,E,E,E,E,E,E,E,E,E,E,E,E,0.95,caste
1368,rotate0,6,skip,skip,skip,skip,skip,skip,skip,skip,skip,skip,skip,skip,skip,skip,skip,skip,skip,skip,skip,skip,0.0,caste
1369,rotate0,1,A,A,A,A,A,A,A,A,A,A,A,A,A,A,A,A,A,A,A,A,0.85,caste
1369,caste,2,B,B,B,B,B,B,B,B,B,B,B,B,B,C,D,A,A,E,E,A,0.75,caste
1369,rotate0,3,C,C,C,C,C,C,C,C,C,C,C,C,C,C,C,C,C,C,C,C,0.95,caste
1369,rotate0,4,D,D,D,D,D,D,D,D,D,D,D,D,D,D,D,D,D,D,D,D,0.95,caste
1369,caste,5,E,E,E,E,E,E,E,E,E,E,E,E,E,B,E,B,E,B,B,B,1.0,caste
1369,rotate0,6,skip,skip,skip,skip,skip,skip,skip,skip,skip,skip,skip,skip,skip,skip,skip,skip,skip,skip,skip,skip,0.0,caste
1370,rotate0,1,A,A,A,A,A,A,A,A,A,A,A,A,A,A,A,A,A,A,A,A,0.9,caste
1370,rotate0,2,B,B,B,B,B,B,B,B,B,B,B,B,B,B,B,B,B,B,B,B,0.95,caste
1370,caste,3,C,C,C,C,C,C,C,C,C,C,C,C,C,E,D,A,A,E,E,D,0.8,caste
1370,rotate0,4,D,D,D,D,D,D,D,D,D,D,D,D,D,D,D,D,D,D,D,D,0.9,caste
1370,caste,5,E,E,E,E,E,E,E,E,E,E,E,E,E,B,E,C,C,C,C,C,0.95,caste
1370,rotate0,6,skip,skip,skip,skip,skip,skip,skip,skip,skip,skip,skip,skip,skip,skip,skip,skip,skip,skip,skip,skip,0.0,caste
1371,rotate0,1,A,A,A,A,A,A,A,A,A,A,A,A,A,A,A,A,A,A,A,A,0.85,rotate0
1371,rotate0,2,B,B,B,B,B,B,B,B,B,B,B,B,B,B,B,B,B,B,B,B,0.9,rotate0
1371,rotate0,3,C,C,C,C,C,C,C,C,C,C,C,C,C,C,C,C,C,C,C,C,0.9,rotate0
1371,rotate0,4,D,D,D,D,D,D,D,D,D,D,D,D,D,D,D,D,D,D,D,D,0.9,rotate0
1371,caste,5,E,E,E,E,E,E,E,E,E,E,E,E,E,B,C,E,E,E,C,E,0.85,rotate0
1371,caste,6,skip,skip,skip,skip,skip,skip,skip,skip,skip,skip,skip,skip,skip,skip,D,A,A,B,D,A,0.0,rotate0
1372,caste,1,A,A,A,A,A,A,A,A,A,A,A,A,A,A,B,A,A,B,B,B,1.0,caste
1372,caste,2,B,B,B,B,B,B,B,B,B,B,B,B,B,C,D,B,E,A,A,E,0.8,caste
1372,rotate0,3,C,C,C,C,C,C,C,C,C,C,C,C,C,C,C,C,C,C,C,C,0.95,caste
1372,rotate0,4,D,D,D,D,D,D,D,D,D,D,D,D,D,D,D,D,D,D,D,D,0.95,caste
1372,rotate0,5,E,E,E,E,E,E,E,E,E,E,E,E,E,E,E,E,E,E,E,E,0.9,caste
1372,rotate0,6,skip,skip,skip,skip,skip,skip,skip,skip,skip,skip,skip,skip,skip,skip,skip,skip,skip,skip,skip,skip,0.0,caste
1373,caste,1,A,A,A,A,A,A,A,A,A,A,A,A,A,A,C,A,C,A,A,A,1.0,caste
1373,rotate0,2,B,B,B,B,B,B,B,B,B,B,B,B,B,B,B,B,B,B,B,B,0.95,caste
1373,caste,3,C,C,C,C,C,C,C,C,C,C,C,C,C,E,B,C,D,C,C,C,0.85,caste
1373,rotate0,4,D,D,D,D,D,D,D,D,D,D,D,D,D,D,D,D,D,D,D,D,0.95,caste
1373,rotate0,5,E,E,E,E,E,E,E,E,E,E,E,E,E,E,E,E,E,E,E,E,0.95,caste
1373,rotate0,6,skip,skip,skip,skip,skip,skip,skip,skip,skip,skip,skip,skip,skip,skip,skip,skip,skip,skip,skip,skip,0.0,caste
1374,caste,1,A,A,A,A,A,A,A,A,A,A,A,A,A,A,A,A,A,A,A,A,1.0,rotate0
1374,rotate0,2,B,B,B,B,B,B,B,B,B,B,B,B,B,B,B,B,B,B,B,B,0.9,rotate0
1374,rotate0,3,C,C,C,C,C,C,C,C,C,C,C,C,C,C,C,C,C,C,C,C,0.95,rotate0
1374,rotate0,4,D,D,D,D,D,D,D,D,D,D,D,D,D,D,D,D,D,D,D,D,0.9,rotate0
1374,rotate0,5,E,E,E,E,E,E,E,E,E,E,E,E,E,E,E,E,E,E,E,E,0.95,rotate0
1374,caste,6,skip,skip,skip,skip,skip,skip,skip,skip,skip,skip,skip,skip,skip,skip,C,B,D,E,B,D,0.0,rotate0
1375,rotate0,1,A,A,A,A,A,A,A,A,A,A,A,A,A,A,A,A,A,A,A,A,0.95,caste
1375,caste,2,B,B,B,B,B,B,B,B,B,B,B,B,B,C,D,B,B,B,B,D,0.95,caste
1375,rotate0,3,C,C,C,C,C,C,C,C,C,C,C,C,C,C,C,C,C,C,C,C,0.95,caste
1375,caste,4,D,D,D,D,D,D,D,D,D,D,D,D,D,D,A,D,D,D,D,E,0.9,caste
1375,rotate0,5,E,E,E,E,E,E,E,E,E,E,E,E,E,E,E,E,E,E,E,E,0.95,caste
1375,rotate0,6,skip,skip,skip,skip,skip,skip,skip,skip,skip,skip,skip,skip,skip,skip,skip,skip,skip,skip,skip,skip,0.0,caste
1376,rotate0,1,A,A,A,A,A,A,A,A,A,A,A,A,A,A,A,A,A,A,A,A,0.9,caste
1376,rotate0,2,B,B,B,B,B,B,B,B,B,B,B,B,B,B,B,B,B,B,B,B,0.95,caste
1376,rotate0,3,C,C,C,C,C,C,C,C,C,C,C,C,C,C,C,C,C,C,C,C,0.95,caste
1376,caste,4,D,D,D,D,D,D,D,D,D,D,D,D,D,D,A,E,E,E,E,E,0.95,caste
1376,caste,5,E,E,E,E,E,E,E,E,E,E,E,E,E,B,C,D,D,D,D,A,0.85,caste
1376,rotate0,6,skip,skip,skip,skip,skip,skip,skip,skip,skip,skip,skip,skip,skip,skip,skip,skip,skip,skip,skip,skip,0.0,caste
1377,rotate0,1,A,A,A,A,A,A,A,A,A,A,A,A,A,A,A,A,A,A,A,A,0.9,rotate0
1377,rotate0,2,B,B,B,B,B,B,B,B,B,B,B,B,B,B,B,B,B,B,B,B,0.9,rotate0
1377,rotate0,3,C,C,C,C,C,C,C,C,C,C,C,C,C,C,C,C,C,C,C,C,0.9,rotate0
1377,caste,4,D,D,D,D,D,D,D,D,D,D,D,D,D,D,B,A,D,D,D,D,0.9,rotate0
1377,rotate0,5,E,E,E,E,E,E,E,E,E,E,E,E,E,E,E,E,E,E,E,E,0.9,rotate0
1377,caste,6,skip,skip,skip,skip,skip,skip,skip,skip,skip,skip,skip,skip,skip,skip,C,E,A,B,C,E,0.0,rotate0
1378,caste,1,A,A,A,A,A,A,A,A,A,A,A,A,A,A,A,D,D,D,D,D,1.0,caste
1378,rotate0,2,B,B,B,B,B,B,B,B,B,B,B,B,B,B,B,B,B,B,B,B,0.95,caste
1378,rotate0,3,C,C,C,C,C,C,C,C,C,C,C,C,C,C,C,C,C,C,C,C,1.0,caste
1378,caste,4,D,D,D,D,D,D,D,D,D,D,D,D,D,D,B,A,A,A,A,A,0.95,caste
1378,rotate0,5,E,E,E,E,E,E,E,E,E,E,E,E,E,E,E,E,E,E,E,E,1.0,caste
1378,rotate0,6,skip,skip,skip,skip,skip,skip,skip,skip,skip,skip,skip,skip,skip,skip,skip,skip,skip,skip,skip,skip,0.0,caste
1379,rotate0,1,A,A,A,A,A,A,A,A,A,A,A,A,A,A,A,A,A,A,A,A,0.85,rotate0
1379,caste,2,B,B,B,B,B,B,B,B,B,B,B,B,B,C,D,B,B,B,B,E,0.85,rotate0
1379,rotate0,3,C,C,C,C,C,C,C,C,C,C,C,C,C,C,C,C,C,C,C,C,0.9,rotate0
1379,rotate0,4,D,D,D,D,D,D,D,D,D,D,D,D,D,D,D,D,D,D,D,D,0.9,rotate0
1379,rotate0,5,E,E,E,E,E,E,E,E,E,E,E,E,E,E,E,E,E,E,E,E,0.9,rotate0
1379,caste,6,skip,skip,skip,skip,skip,skip,skip,skip,skip,skip,skip,skip,skip,skip,E,A,A,C,D,A,0.0,rotate0
1380,caste,1,A,A,A,A,A,A,A,A,A,A,A,A,A,A,E,A,E,A,A,A,1.0,caste
1380,rotate0,2,B,B,B,B,B,B,B,B,B,B,B,B,B,B,B,B,B,B,B,B,0.95,caste
1380,rotate0,3,C,C,C,C,C,C,C,C,C,C,C,C,C,C,C,C,C,C,C,C,0.95,caste
1380,rotate0,4,D,D,D,D,D,D,D,D,D,D,D,D,D,D,D,D,D,D,D,D,0.9,caste
1380,caste,5,E,E,E,E,E,E,E,E,E,E,E,E,E,B,C,E,D,E,E,D,0.8,caste
1380,rotate0,6,skip,skip,skip,skip,skip,skip,skip,skip,skip,skip,skip,skip,skip,skip,skip,skip,skip,skip,skip,skip,0.0,caste
1381,caste,1,A,A,A,A,A,A,A,A,A,A,A,A,A,A,B,C,D,D,D,E,1.0,draw
1381,caste,2,B,B,B,B,B,B,B,B,B,B,B,B,B,C,D,E,E,E,E,D,1.0,draw
1381,caste,3,C,C,C,C,C,C,C,C,C,C,C,C,C,E,E,D,C,C,C,C,1.0,draw
1381,caste,4,D,D,D,D,D,D,D,D,D,D,D,D,D,D,C,B,B,B,B,B,1.0,draw
1381,caste,5,E,E,E,E,E,E,E,E,E,E,E,E,E,B,A,A,A,A,A,A,1.0,draw
1381,caste,6,skip,skip,skip,skip,skip,skip,skip,skip,skip,skip,skip,skip,skip,skip,skip,skip,skip,skip,skip,skip,0.0,draw
1382,caste,1,A,A,A,A,A,A,A,A,A,A,A,A,A,A,B,C,D,D,D,E,1.0,draw
1382,caste,2,B,B,B,B,B,B,B,B,B,B,B,B,B,C,D,E,E,E,E,D,1.0,draw
1382,caste,3,C,C,C,C,C,C,C,C,C,C,C,C,C,E,E,D,C,C,C,C,1.0,draw
1382,caste,4,D,D,D,D,D,D,D,D,D,D,D,D,D,D,C,B,B,B,B,B,1.0,draw
1382,caste,5,E,E,E,E,E,E,E,E,E,E,E,E,E,B,A,A,A,A,A,A,1.0,draw
1382,caste,6,skip,skip,skip,skip,skip,skip,skip,skip,skip,skip,skip,skip,skip,skip,skip,skip,skip,skip,skip,skip,0.0,draw
1383,caste,1,A,A,A,A,A,A,A,A,A,A,A,A,A,A,B,C,D,D,D,E,1.0,draw
1383,caste,2,B,B,B,B,B,B,B,B,B,B,B,B,B,C,D,E,E,E,E,D,1.0,draw
1383,caste,3,C,C,C,C,C,C,C,C,C,C,C,C,C,E,E,D,C,C,C,C,1.0,draw
1383,caste,4,D,D,D,D,D,D,D,D,D,D,D,D,D,D,C,B,B,B,B,B,1.0,draw
1383,caste,5,E,E,E,E,E,E,E,E,E,E,E,E,E,B,A,A,A,A,A,A,1.0,draw
1383,caste,6,skip,skip,skip,skip,skip,skip,skip,skip,skip,skip,skip,skip,skip,skip,skip,skip,skip,skip,skip,skip,0.0,draw
1384,caste,1,A,A,A,A,A,A,A,A,A,A,A,A,A,A,B,C,D,D,D,E,1.0,draw
1384,caste,2,B,B,B,B,B,B,B,B,B,B,B,B,B,C,D,E,E,E,E,D,1.0,draw
1384,caste,3,C,C,C,C,C,C,C,C,C,C,C,C,C,E,E,D,C,C,C,C,1.0,draw
1384,caste,4,D,D,D,D,D,D,D,D,D,D,D,D,D,D,C,B,B,B,B,B,1.0,draw
1384,caste,5,E,E,E,E,E,E,E,E,E,E,E,E,E,B,A,A,A,A,A,A,1.0,draw
1384,caste,6,skip,skip,skip,skip,skip,skip,skip,skip,skip,skip,skip,skip,skip,skip,skip,skip,skip,skip,skip,skip,0.0,draw
1385,caste,1,A,A,A,A,A,A,A,A,A,A,A,A,A,A,B,C,D,D,D,E,1.0,draw
1385,caste,2,B,B,B,B,B,B,B,B,B,B,B,B,B,C,D,E,E,E,E,D,1.0,draw
1385,caste,3,C,C,C,C,C,C,C,C,C,C,C,C,C,E,E,D,C,C,C,C,1.0,draw
1385,caste,4,D,D,D,D,D,D,D,D,D,D,D,D,D,D,C,B,B,B,B,B,1.0,draw
1385,caste,5,E,E,E,E,E,E,E,E,E,E,E,E,E,B,A,A,A,A,A,A,1.0,draw
1385,caste,6,skip,skip,skip,skip,skip,skip,skip,skip,skip,skip,skip,skip,skip,skip,skip,skip,skip,skip,skip,skip,0.0,draw
1386,caste,1,A,A,A,A,A,A,A,A,A,A,A,A,A,A,B,C,D,D,D,E,1.0,draw
1386,caste,2,B,B,B,B,B,B,B,B,B,B,B,B,B,C,D,E,E,E,E,D,1.0,draw
1386,caste,3,C,C,C,C,C,C,C,C,C,C,C,C,C,E,E,D,C,C,C,C,1.0,draw
1386,caste,4,D,D,D,D,D,D,D,D,D,D,D,D,D,D,C,B,B,B,B,B,1.0,draw
1386,caste,5,E,E,E,E,E,E,E,E,E,E,E,E,E,B,A,A,A,A,A,A,1.0,draw
1386,caste,6,skip,skip,skip,skip,skip,skip,skip,skip,skip,skip,skip,skip,skip,skip,skip,skip,skip,skip,skip,skip,0.0,draw
1387,caste,1,A,A,A,A,A,A,A,A,A,A,A,A,A,A,B,C,D,D,D,E,1.0,draw
1387,caste,2,B,B,B,B,B,B,B,B,B,B,B,B,B,C,D,E,E,E,E,D,1.0,draw
1387,caste,3,C,C,C,C,C,C,C,C,C,C,C,C,C,E,E,D,C,C,C,C,1.0,draw
1387,caste,4,D,D,D,D,D,D,D,D,D,D,D,D,D,D,C,B,B,B,B,B,1.0,draw
1387,caste,5,E,E,E,E,E,E,E,E,E,E,E,E,E,B,A,A,A,A,A,A,1.0,draw
1387,caste,6,skip,skip,skip,skip,skip,skip,skip,skip,skip,skip,skip,skip,skip,skip,skip,skip,skip,skip,skip,skip,0.0,draw
1388,caste,1,A,A,A,A,A,A,A,A,A,A,A,A,A,A,B,C,D,D,D,E,1.0,draw
1388,caste,2,B,B,B,B,B,B,B,B,B,B,B,B,B,C,D,E,E,E,E,D,1.0,draw
1388,caste,3,C,C,C,C,C,C,C,C,C,C,C,C,C,E,E,D,C,C,C,C,1.0,draw
1388,caste,4,D,D,D,D,D,D,D,D,D,D,D,D,D,D,C,B,B,B,B,B,1.0,draw
1388,caste,5,E,E,E,E,E,E,E,E,E,E,E,E,E,B,A,A,A,A,A,A,1.0,draw
1388,caste,6,skip,skip,skip,skip,skip,skip,skip,skip,skip,skip,skip,skip,skip,skip,skip,skip,skip,skip,skip,skip,0.0,draw
1389,caste,1,A,A,A,A,A,A,A,A,A,A,A,A,A,A,B,C,D,D,D,E,1.0,draw
1389,caste,2,B,B,B,B,B,B,B,B,B,B,B,B,B,C,D,E,E,E,E,D,1.0,draw
1389,caste,3,C,C,C,C,C,C,C,C,C,C,C,C,C,E,E,D,C,C,C,C,1.0,draw
1389,caste,4,D,D,D,D,D,D,D,D,D,D,D,D,D,D,C,B,B,B,B,B,1.0,draw
1389,caste,5,E,E,E,E,E,E,E,E,E,E,E,E,E,B,A,A,A,A,A,A,1.0,draw
1389,caste,6,skip,skip,skip,skip,skip,skip,skip,skip,skip,skip,skip,skip,skip,skip,skip,skip,skip,skip,skip,skip,0.0,draw
1390,caste,1,A,A,A,A,A,A,A,A,A,A,A,A,A,A,B,C,D,D,D,E,1.0,draw
1390,caste,2,B,B,B,B,B,B,B,B,B,B,B,B,B,C,D,E,E,E,E,D,1.0,draw
1390,caste,3,C,C,C,C,C,C,C,C,C,C,C,C,C,E,E,D,C,C,C,C,1.0,draw
1390,caste,4,D,D,D,D,D,D,D,D,D,D,D,D,D,D,C,B,B,B,B,B,1.0,draw
1390,caste,5,E,E,E,E,E,E,E,E,E,E,E,E,E,B,A,A,A,A,A,A,1.0,draw
1390,caste,6,skip,skip,skip,skip,skip,skip,skip,skip,skip,skip,skip,skip,skip,skip,skip,skip,skip,skip,skip,skip,0.0,draw
1391,caste,1,A,A,A,A,A,A,A,A,A,A,A,A,A,A,B,C,D,D,D,E,1.0,draw
1391,caste,2,B,B,B,B,B,B,B,B,B,B,B,B,B,C,D,E,E,E,E,D,1.0,draw
1391,caste,3,C,C,C,C,C,C,C,C,C,C,C,C,C,E,E,D,C,C,C,C,1.0,draw
1391,caste,4,D,D,D,D,D,D,D,D,D,D,D,D,D,D,C,B,B,B,B,B,1.0,draw
1391,caste,5,E,E,E,E,E,E,E,E,E,E,E,E,E,B,A,A,A,A,A,A,1.0,draw
1391,caste,6,skip,skip,skip,skip,skip,skip,skip,skip,skip,skip,skip,skip,skip,skip,skip,skip,skip,skip,skip,skip,0.0,draw
1392,caste,1,A,A,A,A,A,A,A,A,A,A,A,A,A,A,B,C,D,D,D,E,1.0,draw
1392,caste,2,B,B,B,B,B,B,B,B,B,B,B,B,B,C,D,E,E,E,E,D,1.0,draw
1392,caste,3,C,C,C,C,C,C,C,C,C,C,C,C,C,E,E,D,C,C,C,C,1.0,draw
1392,caste,4,D,D,D,D,D,D,D,D,D,D,D,D,D,D,C,B,B,B,B,B,1.0,draw
1392,caste,5,E,E,E,E,E,E,E,E,E,E,E,E,E,B,A,A,A,A,A,A,1.0,draw
1392,caste,6,skip,skip,skip,skip,skip,skip,skip,skip,skip,skip,skip,skip,skip,skip,skip,skip,skip,skip,skip,skip,0.0,draw
1393,caste,1,A,A,A,A,A,A,A,A,A,A,A,A,A,A,B,C,D,D,D,E,1.0,draw
1393,caste,2,B,B,B,B,B,B,B,B,B,B,B,B,B,C,D,E,E,E,E,D,1.0,draw
1393,caste,3,C,C,C,C,C,C,C,C,C,C,C,C,C,E,E,D,C,C,C,C,1.0,draw
1393,caste,4,D,D,D,D,D,D,D,D,D,D,D,D,D,D,C,B,B,B,B,B,1.0,draw
1393,caste,5,E,E,E,E,E,E,E,E,E,E,E,E,E,B,A,A,A,A,A,A,1.0,draw
1393,caste,6,skip,skip,skip,skip,skip,skip,skip,skip,skip,skip,skip,skip,skip,skip,skip,skip,skip,skip,skip,skip,0.0,draw
1394,caste,1,A,A,A,A,A,A,A,A,A,A,A,A,A,A,B,C,D,D,D,E,1.0,draw
1394,caste,2,B,B,B,B,B,B,B,B,B,B,B,B,B,C,D,E,E,E,E,D,1.0,draw
1394,caste,3,C,C,C,C,C,C,C,C,C,C,C,C,C,E,E,D,C,C,C,C,1.0,draw
1394,caste,4,D,D,D,D,D,D,D,D,D,D,D,D,D,D,C,B,B,B,B,B,1.0,draw
1394,caste,5,E,E,E,E,E,E,E,E,E,E,E,E,E,B,A,A,A,A,A,A,1.0,draw
1394,caste,6,skip,skip,skip,skip,skip,skip,skip,skip,skip,skip,skip,skip,skip,skip,skip,skip,skip,skip,skip,skip,0.0,draw
1395,caste,1,A,A,A,A,A,A,A,A,A,A,A,A,A,A,B,C,D,D,D,E,1.0,draw
1395,caste,2,B,B,B,B,B,B,B,B,B,B,B,B,B,C,D,E,E,E,E,D,1.0,draw
1395,caste,3,C,C,C,C,C,C,C,C,C,C,C,C,C,E,E,D,C,C,C,C,1.0,draw
1395,caste,4,D,D,D,D,D,D,D,D,D,D,D,D,D,D,C,B,B,B,B,B,1.0,draw
1395,caste,5,E,E,E,E,E,E,E,E,E,E,E,E,E,B,A,A,A,A,A,A,1.0,draw
1395,caste,6,skip,skip,skip,skip,skip,skip,skip,skip,skip,skip,skip,skip,skip,skip,skip,skip,skip,skip,skip,skip,0.0,draw
1396,random,1,E,B,skip,D,D,A,E,C,E,D,C,E,skip,B,E,skip,A,B,E,skip,0.25,equalize
1396,equalize,2,B,B,A,A,C,A,E,D,E,A,D,A,A,D,C,A,B,D,D,D,0.35,equalize
1396,equalize,3,C,C,D,D,A,C,D,C,C,B,C,B,C,A,A,D,C,B,B,C,0.45,equalize
1396,random,4,D,A,C,D,B,C,B,B,C,A,E,B,E,E,C,skip,C,E,B,D,0.35,equalize
1396,random,5,E,skip,skip,B,E,A,E,D,E,B,D,C,skip,D,B,E,skip,C,E,B,0.35,equalize
1396,random,6,E,B,E,A,C,A,B,D,E,A,B,D,E,E,E,A,skip,A,A,C,0.25,equalize
1397,random,1,D,A,D,skip,D,E,C,skip,C,skip,E,D,A,D,C,A,D,A,D,B,0.3,random
1397,random,2,D,skip,D,skip,A,B,D,skip,D,E,D,D,B,C,A,B,A,C,C,A,0.3,random
1397,equalize,3,C,B,E,C,C,C,C,E,C,E,C,C,B,E,D,E,E,B,B,D,0.55,random
1397,random,4,E,D,E,E,E,C,skip,D,A,B,E,A,skip,C,E,B,E,A,skip,C,0.4,random
1397,random,5,D,C,E,D,A,A,B,A,E,B,B,A,B,E,D,C,C,E,E,A,0.45,random
1397,equalize,6,skip,A,B,A,B,B,B,A,B,B,A,A,C,C,A,B,D,A,D,B,0.3,random
1398,random,1,E,A,A,skip,C,B,D,D,skip,E,A,C,C,E,C,B,D,E,A,C,0.2,equalize
1398,random,2,A,E,C,E,skip,C,C,A,C,skip,C,B,A,D,skip,E,B,D,B,C,0.55,equalize
1398,equalize,3,C,B,B,D,B,B,D,B,E,E,B,E,E,B,A,A,A,C,C,C,0.5,equalize
1398,equalize,4,D,C,D,C,E,D,C,D,C,A,C,D,B,C,B,D,D,E,D,D,0.55,equalize
1398,random,5,A,skip,A,skip,E,B,A,D,D,skip,A,D,E,E,C,B,B,skip,skip,E,0.1,equalize
1398,random,6,E,A,B,D,skip,E,A,B,skip,E,B,A,D,E,B,skip,A,A,E,skip,0.25,equalize
1399,random,1,E,C,skip,D,B,E,D,E,skip,A,B,A,skip,skip,B,B,E,B,C,C,0.25,equalize
1399,equalize,2,B,D,E,C,C,E,E,A,A,B,B,A,E,C,A,E,C,C,C,E,0.35,equalize
1399,random,3,A,skip,B,D,C,skip,E,B,D,D,C,B,B,skip,D,E,A,A,A,skip,0.25,equalize
1399,random,4,B,B,B,skip,B,C,C,skip,E,D,B,D,D,E,C,D,B,D,skip,C,0.4,equalize
1399,equalize,5,E,A,D,E,A,A,D,B,D,C,C,E,A,A,C,A,B,A,E,C,0.45,equalize
1399,random,6,C,D,A,D,C,A,skip,C,A,E,skip,D,E,C,D,A,E,B,D,E,0.25,equalize
1400,random,1,D,skip,skip,E,D,skip,A,skip,B,skip,D,skip,A,B,D,skip,E,C,A,A,0.4,equalize
1400,random,2,C,B,C,C,skip,A,skip,B,E,C,C,D,B,D,B,skip,D,B,skip,C,0.3,equalize
1400,equalize,3,C,A,B,B,A,B,E,B,D,D,D,E,E,E,E,C,D,E,E,E,0.65,equalize
1400,random,4,D,E,skip,B,C,D,B,B,A,skip,A,B,A,C,skip,A,B,skip,C,B,0.3,equalize
1400,equalize,5,E,E,A,A,B,D,C,C,C,C,A,B,C,D,B,E,E,C,C,D,0.5,equalize
1400,random,6,D,E,C,D,A,A,E,E,E,A,D,skip,A,C,A,B,A,D,B,C,0.4,equalize
1401,random,1,A,D,skip,D,E,E,D,skip,A,E,B,A,C,D,D,C,A,D,C,skip,0.3,equalize
1401,random,2,B,A,skip,B,A,D,C,C,B,skip,D,C,A,D,skip,D,E,A,D,C,0.45,equalize
1401,random,3,D,A,B,D,B,D,D,E,C,B,A,skip,skip,skip,A,C,skip,A,C,skip,0.1,equalize
1401,random,4,D,B,D,D,C,C,C,D,C,E,skip,skip,B,skip,B,skip,D,C,E,B,0.25,equalize
1401,equalize,5,E,D,E,E,B,A,B,E,A,A,A,C,E,D,B,E,A,C,E,E,0.45,equalize
1401,equalize,6,skip,A,C,C,E,C,C,A,B,E,B,E,B,E,A,C,E,B,B,B,0.35,equalize
1402,equalize,1,A,C,C,E,B,C,D,A,C,C,D,D,A,C,D,B,B,C,A,B,0.5,equalize
1402,equalize,2,B,B,E,C,E,B,A,D,A,A,E,E,E,A,E,E,D,A,E,E,0.45,equalize
1402,random,3,skip,D,A,C,E,E,C,C,B,C,A,D,B,A,C,E,D,C,D,B,0.3,equalize
1402,random,4,D,B,C,D,E,skip,C,D,E,skip,skip,D,B,skip,A,C,skip,skip,skip,C,0.2,equalize
1402,random,5,D,A,D,E,E,B,skip,B,skip,A,B,B,skip,A,C,E,D,A,C,B,0.3,equalize
1402,random,6,A,E,A,skip,B,B,A,D,D,B,C,skip,C,E,D,skip,B,B,skip,C,0.35,equalize
1403,equalize,1,A,B,E,E,C,E,E,E,E,B,A,D,D,A,A,D,A,C,D,C,0.5,equalize
1403,random,2,skip,skip,C,B,B,A,D,C,C,E,A,B,skip,skip,C,B,B,C,skip,A,0.3,equalize
1403,equalize,3,C,D,C,C,E,B,C,C,A,E,B,B,A,C,C,B,C,D,A,A,0.4,equalize
1403,random,4,A,A,B,C,D,D,E,C,skip,E,E,skip,D,D,A,skip,E,D,B,B,0.3,equalize
1403,random,5,A,D,D,D,D,E,A,B,A,C,skip,E,E,B,skip,E,skip,B,B,B,0.4,equalize
1403,random,6,A,B,D,A,C,B,B,skip,D,D,skip,B,E,skip,skip,B,skip,E,B,C,0.25,equalize
1404,equalize,1,A,E,C,A,A,B,E,B,E,C,C,B,A,C,C,E,E,D,B,B,0.45,equalize
1404,random,2,B,C,C,skip,E,A,B,D,B,C,B,D,B,D,C,E,A,C,C,B,0.15,equalize
1404,random,3,E,D,D,C,C,D,E,B,D,E,C,D,B,A,A,skip,E,C,E,E,0.25,equalize
1404,random,4,C,A,D,C,skip,A,D,C,skip,skip,skip,skip,A,B,A,B,A,D,C,C,0.2,equalize
1404,random,5,B,D,B,C,E,D,skip,D,A,A,D,D,skip,skip,C,C,E,D,C,C,0.2,equalize
1404,equalize,6,skip,A,E,E,B,D,B,A,A,E,B,A,E,E,E,B,D,C,E,A,0.5,equalize
1405,random,1,skip,D,B,B,E,C,A,D,E,A,C,D,skip,C,C,D,skip,skip,D,D,0.25,equalize
1405,equalize,2,B,E,A,A,D,C,A,B,E,A,B,C,D,E,C,D,B,C,E,E,0.45,equalize
1405,random,3,D,B,C,skip,D,C,E,B,D,skip,skip,skip,D,E,A,C,skip,B,skip,C,0.15,equalize
1405,equalize,4,D,C,E,E,A,A,E,C,C,B,E,B,B,C,D,B,E,D,C,C,0.5,equalize
1405,random,5,A,C,C,B,D,D,D,skip,skip,A,A,A,E,B,A,A,B,A,skip,skip,0.3,equalize
1405,random,6,D,B,B,E,skip,A,A,E,C,skip,E,A,B,E,skip,A,B,A,D,D,0.05,equalize
1406,random,1,B,D,B,B,B,C,skip,B,skip,B,skip,C,D,A,B,A,C,skip,C,A,0.2,equalize
1406,random,2,A,E,B,B,B,D,C,B,C,skip,C,E,D,C,E,E,E,C,E,B,0.3,equalize
1406,random,3,C,A,skip,D,A,E,B,E,A,B,skip,B,E,E,skip,E,C,C,B,A,0.3,equalize
1406,equalize,4,D,C,E,A,C,D,C,A,C,D,C,A,A,A,A,C,C,B,B,D,0.5,equalize
1406,equalize,5,E,D,C,D,E,E,A,D,D,A,D,D,D,C,B,D,A,A,A,A,0.6,equalize
1406,random,6,B,A,B,skip,C,E,A,E,E,skip,E,E,E,D,A,B,D,D,skip,D,0.3,equalize
1407,random,1,B,A,C,A,E,D,skip,D,C,B,B,C,E,C,A,D,skip,A,skip,C,0.25,equalize
1407,random,2,skip,skip,E,B,B,skip,skip,A,D,skip,B,D,D,E,D,B,A,E,A,D,0.15,equalize
1407,random,3,A,D,E,C,A,D,A,A,skip,E,E,A,D,E,C,C,D,B,B,C,0.4,equalize
1407,equalize,4,D,B,C,D,A,D,C,E,B,B,C,C,B,C,A,A,B,E,D,E,0.55,equalize
1407,random,5,E,skip,A,E,B,skip,D,skip,skip,C,D,D,E,skip,E,D,B,A,A,A,0.4,equalize
1407,equalize,6,skip,C,E,B,D,C,A,B,C,E,E,A,E,A,B,B,A,C,C,C,0.4,equalize
1408,equalize,1,A,E,E,C,C,C,C,D,B,C,A,A,C,C,A,B,A,A,A,A,0.5,equalize
1408,random,2,B,skip,E,A,B,B,skip,A,skip,E,D,A,E,C,A,B,D,E,A,skip,0.2,equalize
1408,random,3,C,B,D,A,A,D,E,E,E,C,E,D,E,skip,C,skip,E,B,E,D,0.5,equalize
1408,equalize,4,D,D,B,E,E,B,E,C,D,D,C,B,B,B,B,C,B,C,C,D,0.6,equalize
1408,random,5,skip,skip,D,skip,E,A,skip,A,B,D,D,E,A,skip,E,D,D,C,C,C,0.3,equalize
1408,random,6,A,C,A,B,D,skip,C,E,B,skip,D,skip,skip,skip,D,C,D,B,B,D,0.3,equalize
1409,random,1,B,C,E,D,B,D,A,skip,E,B,skip,D,E,B,E,E,A,C,A,C,0.4,equalize
1409,equalize,2,B,A,C,D,D,D,B,B,A,A,A,B,B,C,C,C,D,E,E,B,0.6,equalize
1409,random,3,B,E,A,C,skip,skip,B,C,E,C,E,A,A,B,A,A,skip,B,C,D,0.3,equalize
1409,random,4,E,E,C,skip,C,D,C,skip,D,skip,skip,C,A,skip,skip,C,A,C,skip,C,0.15,equalize
1409,random,5,E,E,skip,E,C,D,E,skip,B,C,A,A,B,A,skip,C,skip,A,A,D,0.2,equalize
1409,equalize,6,skip,D,A,B,A,A,A,C,B,D,D,E,D,E,D,D,B,D,D,E,0.75,equalize
1410,equalize,1,A,C,A,B,B,A,E,E,E,D,E,B,A,A,C,B,A,E,D,D,0.75,equalize
1410,random,2,skip,E,C,skip,A,E,B,C,skip,B,C,C,B,E,C,A,D,A,A,C,0.45,equalize
1410,random,3,E,A,C,C,B,skip,D,B,A,skip,skip,D,B,E,C,D,A,skip,A,A,0.1,equalize
1410,random,4,D,D,C,skip,skip,B,C,A,D,D,D,E,B,E,E,C,B,E,E,A,0.4,equalize
1410,equalize,5,E,B,C,D,A,D,D,A,D,E,A,E,B,E,A,D,B,B,C,C,0.25,equalize
1410,random,6,E,B,C,C,skip,C,skip,B,C,skip,A,D,D,E,A,D,A,A,B,E,0.25,equalize
1411,rotate,1,A,B,C,D,E,skip,A,B,C,D,E,skip,A,B,C,D,E,skip,A,B,0.15,equalize
1411,equalize,2,B,C,D,B,E,A,B,B,D,D,D,A,A,C,B,E,D,E,B,B,0.5,equalize
1411,equalize,3,C,D,E,D,C,E,A,A,C,C,E,E,B,B,C,D,E,A,A,C,0.3,equalize
1411,rotate,4,D,E,skip,A,B,C,D,E,skip,A,B,C,D,E,skip,A,B,C,D,E,0.85,equalize
1411,rotate,5,E,skip,A,B,C,D,E,skip,A,B,C,D,E,skip,A,B,C,D,E,skip,0.7,equalize
1411,rotate,6,skip,A,B,C,D,E,skip,A,B,C,D,E,skip,A,B,C,D,E,skip,A,0.4,equalize
1412,rotate,1,A,B,C,D,E,skip,A,B,C,D,E,skip,A,B,C,D,E,skip,A,B,0.65,rotate
1412,rotate,2,B,C,D,E,skip,A,B,C,D,E,skip,A,B,C,D,E,skip,A,B,C,0.2,rotate
1412,equalize,3,C,D,E,E,C,D,E,A,A,E,B,A,B,A,A,E,E,A,E,B,0.25,rotate
1412,rotate,4,D,E,skip,A,B,C,D,E,skip,A,B,C,D,E,skip,A,B,C,D,E,0.8,rotate
1412,rotate,5,E,skip,A,B,C,D,E,skip,A,B,C,D,E,skip,A,B,C,D,E,skip,0.15,rotate
1412,equalize,6,skip,A,C,B,D,A,B,C,B,D,C,D,E,C,D,B,C,D,B,C,0.15,rotate
1413,rotate,1,A,B,C,D,E,skip,A,B,C,D,E,skip,A,B,C,D,E,skip,A,B,0.65,equalize
1413,rotate,2,B,C,D,E,skip,A,B,C,D,E,skip,A,B,C,D,E,skip,A,B,C,0.25,equalize
1413,equalize,3,C,D,E,D,B,B,C,C,E,D,A,A,B,D,E,C,D,A,C,B,0.55,equalize
1413,equalize,4,D,E,skip,C,A,A,B,A,D,E,E,B,C,C,D,E,A,B,B,A,0.35,equalize
1413,rotate,5,E,skip,A,B,C,D,E,skip,A,B,C,D,E,skip,A,B,C,D,E,skip,0.8,equalize
1413,rotate,6,skip,A,B,C,D,E,skip,A,B,C,D,E,skip,A,B,C,D,E,skip,A,0.55,equalize
1414,rotate,1,A,B,C,D,E,skip,A,B,C,D,E,skip,A,B,C,D,E,skip,A,B,0.15,rotate
1414,equalize,2,B,C,D,D,C,B,D,B,A,A,B,E,A,E,B,D,D,B,D,B,0.25,rotate
1414,rotate,3,C,D,E,skip,A,B,C,D,E,skip,A,B,C,D,E,skip,A,B,C,D,0.75,rotate
1414,rotate,4,D,E,skip,A,B,C,D,E,skip,A,B,C,D,E,skip,A,B,C,D,E,0.2,rotate
1414,equalize,5,E,skip,B,A,E,C,A,E,C,D,E,C,D,B,C,A,E,C,A,E,0.05,rotate
1414,rotate,6,skip,A,B,C,D,E,skip,A,B,C,D,E,skip,A,B,C,D,E,skip,A,0.6,rotate
1415,rotate,1,A,B,C,D,E,skip,A,B,C,D,E,skip,A,B,C,D,E,skip,A,B,0.65,rotate
1415,rotate,2,B,C,D,E,skip,A,B,C,D,E,skip,A,B,C,D,E,skip,A,B,C,0.25,rotate
1415,equalize,3,C,D,E,E,C,B,D,A,D,A,E,A,B,C,B,E,B,A,B,C,0.25,rotate
1415,rotate,4,D,E,skip,A,B,C,D,E,skip,A,B,C,D,E,skip,A,B,C,D,E,0.3,rotate
1415,equalize,5,E,skip,B,A,D,A,C,B,C,E,B,C,D,E,D,A,D,C,A,E,0.1,rotate
1415,rotate,6,skip,A,B,C,D,E,skip,A,B,C,D,E,skip,A,B,C,D,E,skip,A,0.55,rotate
1416,rotate,1,A,B,C,D,E,skip,A,B,C,D,E,skip,A,B,C,D,E,skip,A,B,0.65,equalize
1416,rotate,2,B,C,D,E,skip,A,B,C,D,E,skip,A,B,C,D,E,skip,A,B,C,0.75,equalize
1416,rotate,3,C,D,E,skip,A,B,C,D,E,skip,A,B,C,D,E,skip,A,B,C,D,0.75,equalize
1416,rotate,4,D,E,skip,A,B,C,D,E,skip,A,B,C,D,E,skip,A,B,C,D,E,0.35,equalize
1416,equalize,5,E,skip,B,D,C,E,C,B,D,B,C,C,E,E,A,A,B,D,D,E,0.45,equalize
1416,equalize,6,skip,A,C,A,B,D,E,A,A,E,B,D,D,A,B,C,C,E,C,B,0.55,equalize
1417,equalize,1,A,B,A,C,E,E,E,B,B,C,D,E,A,A,B,C,D,E,A,A,0.3,equalize
1417,equalize,2,B,C,D,D,D,C,A,A,C,B,E,D,E,B,C,D,C,B,E,B,0.55,equalize
1417,rotate,3,C,D,E,skip,A,B,C,D,E,skip,A,B,C,D,E,skip,A,B,C,D,0.8,equalize
1417,rotate,4,D,E,skip,A,B,C,D,E,skip,A,B,C,D,E,skip,A,B,C,D,E,0.8,equalize
1417,rotate,5,E,skip,A,B,C,D,E,skip,A,B,C,D,E,skip,A,B,C,D,E,skip,0.45,equalize
1417,rotate,6,skip,A,B,C,D,E,skip,A,B,C,D,E,skip,A,B,C,D,E,skip,A,0.1,equalize
1418,equalize,1,A,B,A,C,D,D,B,B,B,D,D,E,B,A,B,C,B,E,B,C,0.2,equalize
1418,rotate,2,B,C,D,E,skip,A,B,C,D,E,skip,A,B,C,D,E,skip,A,B,C,0.3,equalize
1418,equalize,3,C,D,E,E,C,A,E,A,C,C,E,A,D,C,D,E,D,A,A,A,0.3,equalize
1418,rotate,4,D,E,skip,A,B,C,D,E,skip,A,B,C,D,E,skip,A,B,C,D,E,0.75,equalize
1418,rotate,5,E,skip,A,B,C,D,E,skip,A,B,C,D,E,skip,A,B,C,D,E,skip,0.6,equalize
1418,rotate,6,skip,A,B,C,D,E,skip,A,B,C,D,E,skip,A,B,C,D,E,skip,A,0.15,equalize
1419,equalize,1,A,B,A,B,D,D,E,A,A,C,C,D,E,E,B,B,D,D,E,B,0.4,equalize
1419,rotate,2,B,C,D,E,skip,A,B,C,D,E,skip,A,B,C,D,E,skip,A,B,C,0.85,equalize
1419,rotate,3,C,D,E,skip,A,B,C,D,E,skip,A,B,C,D,E,skip,A,B,C,D,0.85,equalize
1419,rotate,4,D,E,skip,A,B,C,D,E,skip,A,B,C,D,E,skip,A,B,C,D,E,0.5,equalize
1419,rotate,5,E,skip,A,B,C,D,E,skip,A,B,C,D,E,skip,A,B,C,D,E,skip,0.1,equalize
1419,equalize,6,skip,A,C,C,B,E,D,E,B,B,D,C,A,A,A,C,C,E,D,E,0.5,equalize
1420,rotate,1,A,B,C,D,E,skip,A,B,C,D,E,skip,A,B,C,D,E,skip,A,B,0.2,rotate
1420,equalize,2,B,C,D,B,E,B,C,B,D,E,E,A,A,D,E,B,A,B,C,B,0.3,rotate
1420,rotate,3,C,D,E,skip,A,B,C,D,E,skip,A,B,C,D,E,skip,A,B,C,D,0.2,rotate
1420,equalize,4,D,E,skip,C,A,E,A,D,C,D,A,B,C,B,C,D,E,E,A,D,0.1,rotate
1420,rotate,5,E,skip,A,B,C,D,E,skip,A,B,C,D,E,skip,A,B,C,D,E,skip,0.7,rotate
1420,rotate,6,skip,A,B,C,D,E,skip,A,B,C,D,E,skip,A,B,C,D,E,skip,A,0.65,rotate
1421,rotate,1,A,B,C,D,E,skip,A,B,C,D,E,skip,A,B,C,D,E,skip,A,B,0.6,rotate
1421,rotate,2,B,C,D,E,skip,A,B,C,D,E,skip,A,B,C,D,E,skip,A,B,C,0.7,rotate
1421,rotate,3,C,D,E,skip,A,B,C,D,E,skip,A,B,C,D,E,skip,A,B,C,D,0.25,rotate
1421,equalize,4,D,E,skip,C,A,B,C,D,E,D,A,C,D,D,B,E,A,C,D,A,0.3,rotate
1421,equalize,5,E,skip,B,A,D,E,A,B,C,E,B,A,C,B,E,A,D,B,C,E,0.25,rotate
1421,rotate,6,skip,A,B,C,D,E,skip,A,B,C,D,E,skip,A,B,C,D,E,skip,A,0.45,rotate
1422,rotate,1,A,B,C,D,E,skip,A,B,C,D,E,skip,A,B,C,D,E,skip,A,B,0.65,rotate
1422,rotate,2,B,C,D,E,skip,A,B,C,D,E,skip,A,B,C,D,E,skip,A,B,C,0.8,rotate
1422,rotate,3,C,D,E,skip,A,B,C,D,E,skip,A,B,C,D,E,skip,A,B,C,D,0.25,rotate
1422,equalize,4,D,E,skip,D,C,D,C,A,B,A,E,A,C,D,E,C,C,B,C,A,0.35,rotate
1422,rotate,5,E,skip,A,B,C,D,E,skip,A,B,C,D,E,skip,A,B,C,D,E,skip,0.15,rotate
1422,equalize,6,skip,A,C,B,A,B,E,D,E,B,C,D,E,B,A,B,A,D,E,D,0.05,rotate
1423,equalize,1,A,B,A,C,D,E,C,A,E,C,E,E,C,A,E,C,A,B,C,D,0.15,rotate
1423,rotate,2,B,C,D,E,skip,A,B,C,D,E,skip,A,B,C,D,E,skip,A,B,C,0.6,rotate
1423,rotate,3,C,D,E,skip,A,B,C,D,E,skip,A,B,C,D,E,skip,A,B,C,D,0.4,rotate
1423,equalize,4,D,E,skip,B,C,A,D,B,B,D,D,A,B,D,B,E,D,E,A,C,0.3,rotate
1423,rotate,5,E,skip,A,B,C,D,E,skip,A,B,C,D,E,skip,A,B,C,D,E,skip,0.65,rotate
1423,rotate,6,skip,A,B,C,D,E,skip,A,B,C,D,E,skip,A,B,C,D,E,skip,A,0.15,rotate
1424,rotate,1,A,B,C,D,E,skip,A,B,C,D,E,skip,A,B,C,D,E,skip,A,B,0.15,rotate
1424,equalize,2,B,C,D,A,D,C,A,E,C,D,E,B,A,A,A,B,E,E,E,C,0.35,rotate
1424,rotate,3,C,D,E,skip,A,B,C,D,E,skip,A,B,C,D,E,skip,A,B,C,D,0.8,rotate
1424,rotate,4,D,E,skip,A,B,C,D,E,skip,A,B,C,D,E,skip,A,B,C,D,E,0.7,rotate
1424,rotate,5,E,skip,A,B,C,D,E,skip,A,B,C,D,E,skip,A,B,C,D,E,skip,0.15,rotate
1424,equalize,6,skip,A,C,B,E,D,E,B,A,B,C,D,E,B,C,D,C,D,A,B,0.05,rotate
1425,equalize,1,A,B,A,D,B,C,C,A,D,A,B,C,E,E,C,C,D,C,A,A,0.35,equalize
1425,rotate,2,B,C,D,E,skip,A,B,C,D,E,skip,A,B,C,D,E,skip,A,B,C,0.8,equalize
1425,rotate,3,C,D,E,skip,A,B,C,D,E,skip,A,B,C,D,E,skip,A,B,C,D,0.8,equalize
1425,rotate,4,D,E,skip,A,B,C,D,E,skip,A,B,C,D,E,skip,A,B,C,D,E,0.2,equalize
1425,equalize,5,E,skip,B,C,D,E,A,E,B,C,D,E,D,A,B,A,B,E,D,E,0.1,equalize
1425,rotate,6,skip,A,B,C,D,E,skip,A,B,C,D,E,skip,A,B,C,D,E,skip,A,0.05,equalize
1426,random3,1,C,C,C,C,C,C,C,C,C,C,C,C,C,C,C,C,C,C,C,C,0.75,equalize
1426,equalize,2,B,A,B,A,A,A,B,A,A,B,A,B,A,B,C,A,A,A,A,A,0.6,equalize
1426,equalize,3,C,B,D,B,B,B,A,B,B,A,C,A,C,A,B,B,B,C,B,B,0.75,equalize
1426,random3,4,A,A,E,E,E,E,D,D,D,D,D,D,D,D,D,D,D,D,D,D,0.5,equalize
1426,random3,5,D,D,D,D,D,D,D,D,E,B,B,B,B,B,D,D,A,A,A,D,0.35,equalize
1426,random3,6,E,E,E,E,E,E,E,E,E,E,E,E,E,E,E,E,E,E,E,E,0.75,equalize
1427,random3,1,D,E,E,B,A,A,A,A,A,A,A,D,D,C,C,C,C,C,C,C,0.45,random3
1427,random3,2,D,D,D,D,D,D,D,D,D,D,D,D,D,D,D,D,D,D,D,D,0.65,random3
1427,equalize,3,C,B,E,B,E,D,E,A,E,D,E,B,E,E,E,E,E,E,E,E,0.45,random3
1427,random3,4,A,A,A,B,B,B,B,B,B,B,B,B,B,B,B,B,B,E,E,E,0.6,random3
1427,random3,5,C,B,C,C,C,C,C,C,C,C,C,C,C,C,D,D,B,B,B,B,0.6,random3
1427,equalize,6,skip,E,A,C,A,E,B,E,C,E,A,E,A,A,A,A,A,A,A,C,0.55,random3
1428,random3,1,A,B,B,D,D,D,D,E,C,C,E,A,A,D,D,D,D,D,D,D,0.35,equalize
1428,random3,2,C,C,C,C,C,C,C,C,C,C,C,C,C,C,C,C,C,A,A,A,0.65,equalize
1428,equalize,3,C,E,B,D,B,E,E,E,B,B,B,B,B,B,B,B,B,B,B,B,0.75,equalize
1428,equalize,4,D,D,E,B,D,B,B,B,E,E,E,E,E,E,E,E,E,E,E,E,0.75,equalize
1428,random3,5,A,A,A,A,A,A,A,A,A,A,A,A,A,A,A,A,A,A,A,A,0.7,equalize
1428,random3,6,C,E,E,D,D,D,D,D,D,D,D,D,D,D,E,E,C,C,C,C,0.45,equalize
1429,random3,1,E,C,C,C,C,C,C,C,C,C,C,C,C,C,C,A,A,C,D,E,0.55,equalize
1429,equalize,2,B,A,B,B,A,B,A,B,A,B,C,B,A,B,B,B,A,B,B,B,0.75,equalize
1429,random3,3,A,A,E,E,D,D,D,D,D,D,D,D,D,D,D,D,D,D,D,D,0.6,equalize
1429,random3,4,C,C,E,E,E,E,E,E,E,D,B,B,A,A,C,C,C,C,C,C,0.45,equalize
1429,equalize,5,E,B,D,A,B,A,B,A,B,A,A,A,B,A,C,A,B,A,A,A,0.75,equalize
1429,random3,6,D,D,D,D,D,D,D,E,E,E,E,E,E,E,E,E,E,E,E,E,0.65,equalize
1430,random3,1,B,B,B,B,B,D,B,B,B,B,B,B,B,B,B,B,B,B,B,C,0.65,random3
1430,random3,2,C,D,D,D,D,D,D,D,D,D,D,D,D,C,C,C,A,A,A,A,0.5,random3
1430,equalize,3,C,D,E,E,B,E,B,E,B,E,C,E,A,A,A,A,A,E,B,E,0.6,random3
1430,random3,4,C,C,C,C,C,C,C,C,C,C,C,C,C,C,C,C,C,C,C,C,0.7,random3
1430,equalize,5,E,B,D,A,E,D,E,A,E,A,E,A,E,E,E,E,E,A,E,D,0.55,random3
1430,random3,6,A,A,A,A,A,A,A,A,B,A,C,A,D,D,D,D,D,D,D,D,0.6,random3
1431,random3,1,B,B,B,B,B,B,B,B,B,B,B,B,B,E,E,E,C,C,C,C,0.55,random3
1431,random3,2,C,C,C,C,C,C,C,C,C,C,C,C,C,C,C,C,C,C,B,B,0.6,random3
1431,random3,3,D,D,D,D,E,D,D,E,E,E,E,E,E,E,E,E,E,E,E,E,0.5,random3
1431,random3,4,E,E,E,E,E,D,D,D,D,D,D,D,D,D,D,D,D,D,D,D,0.75,random3
1431,equalize,5,E,A,C,A,B,A,C,A,E,A,C,A,B,A,B,B,B,B,B,D,0.55,random3
1431,equalize,6,skip,B,A,D,A,D,A,E,A,B,A,E,A,C,A,A,A,A,A,B,0.55,random3
1432,equalize,1,A,A,C,D,D,D,A,A,A,E,A,E,E,E,E,D,A,D,A,B,0.55,equalize
1432,equalize,2,B,D,A,A,A,A,D,B,D,A,B,A,A,A,A,A,E,A,D,A,0.55,equalize
1432,random3,3,B,B,B,B,B,B,B,B,B,B,B,B,B,A,A,B,B,B,B,B,0.6,equalize
1432,random3,4,E,E,E,E,C,C,C,E,E,E,B,B,B,E,E,E,E,E,E,E,0.3,equalize
1432,random3,5,C,C,C,C,C,C,C,C,C,C,C,C,C,C,C,C,C,C,C,C,0.8,equalize
1432,random3,6,E,E,E,E,D,D,D,D,D,D,D,D,D,D,D,D,E,D,D,D,0.4,equalize
1433,equalize,1,A,D,A,B,D,B,D,B,D,A,D,D,D,A,D,A,A,A,E,A,0.4,equalize
1433,random3,2,A,D,D,B,B,B,A,B,A,A,D,D,D,B,D,B,B,B,B,B,0.3,equalize
1433,equalize,3,C,B,D,E,A,D,C,D,E,D,C,A,A,E,A,B,D,C,A,D,0.35,equalize
1433,random3,4,C,C,C,C,C,C,C,C,C,C,C,C,C,C,C,C,C,C,C,C,0.8,equalize
1433,random3,5,B,B,A,A,A,A,A,B,B,B,B,B,B,B,D,B,D,D,D,D,0.5,equalize
1433,random3,6,E,E,E,E,E,E,E,E,E,E,E,E,E,E,E,E,E,E,E,E,0.8,equalize
1434,equalize,1,A,B,D,C,C,B,C,C,D,C,D,D,C,A,D,E,C,D,C,D,0.35,equalize
1434,random3,2,A,A,A,A,A,A,A,A,A,A,A,A,A,A,A,A,A,A,A,A,0.8,equalize
1434,random3,3,C,D,D,D,D,D,D,B,D,B,B,B,B,B,B,B,B,B,B,B,0.6,equalize
1434,random3,4,E,E,E,E,E,E,E,E,E,E,E,E,E,E,E,E,E,E,E,E,0.8,equalize
1434,random3,5,C,B,B,C,C,B,B,B,B,B,B,C,D,D,D,C,C,C,C,D,0.2,equalize
1434,equalize,6,skip,E,B,D,B,A,D,B,C,E,C,C,D,C,C,C,D,A,D,E,0.35,equalize
1435,random3,1,D,D,D,D,D,D,D,D,D,D,D,D,D,D,D,D,D,D,D,D,0.8,random3
1435,equalize,2,B,A,A,B,B,E,B,A,B,E,B,A,C,C,C,D,B,A,C,C,0.5,random3
1435,random3,3,E,E,E,E,E,E,E,E,E,E,E,E,E,E,E,E,E,E,E,E,0.65,random3
1435,equalize,4,D,E,B,C,D,B,C,B,D,B,C,B,B,B,B,C,C,C,B,B,0.5,random3
1435,random3,5,C,C,C,C,C,C,C,C,C,C,C,B,B,E,B,B,B,E,E,E,0.45,random3
1435,random3,6,B,A,A,A,A,A,A,A,A,A,A,A,A,A,A,A,A,A,A,A,0.7,random3
1436,random3,1,E,E,B,D,D,D,D,D,D,D,D,D,D,D,D,D,D,D,D,D,0.5,equalize
1436,random3,2,B,C,C,C,C,C,C,C,C,C,C,C,C,C,C,C,C,C,C,C,0.65,equalize
1436,random3,3,B,A,A,D,D,D,D,D,D,B,C,C,C,C,E,E,E,E,E,E,0.1,equalize
1436,equalize,4,D,D,B,C,B,B,B,B,B,B,C,A,A,A,A,A,A,B,B,B,0.8,equalize
1436,equalize,5,E,C,A,D,A,A,A,A,A,A,A,B,B,B,B,B,B,E,A,A,0.75,equalize
1436,random3,6,E,E,E,E,E,E,E,E,E,E,E,E,E,E,E,E,D,E,E,E,0.6,equalize
1437,random3,1,C,E,E,C,E,C,E,E,E,E,C,E,A,D,D,C,C,C,C,C,0.3,equalize
1437,random3,2,C,E,E,A,A,A,A,A,A,A,A,A,A,A,A,A,A,A,A,A,0.6,equalize
1437,random3,3,B,A,A,A,A,A,A,B,B,E,C,C,C,C,C,C,D,D,D,D,0.2,equalize
1437,equalize,4,D,E,C,C,D,C,D,D,C,C,C,D,E,E,E,C,E,E,E,E,0.75,equalize
1437,random3,5,B,B,B,B,B,B,B,B,B,B,B,B,B,B,B,B,B,B,B,B,0.85,equalize
1437,equalize,6,skip,A,D,D,E,D,C,E,D,D,D,E,C,D,D,E,D,D,D,D,0.4,equalize
1438,equalize,1,A,C,C,D,C,C,C,B,A,B,A,A,A,A,A,A,A,A,D,A,0.5,equalize
1438,random3,2,E,C,B,B,B,B,B,B,E,E,C,C,C,C,A,A,B,C,B,C,0.35,equalize
1438,random3,3,A,A,A,D,D,C,C,C,C,B,B,B,B,B,B,C,B,C,B,B,0.3,equalize
1438,equalize,4,D,D,A,C,A,A,A,A,C,A,C,B,D,C,B,C,B,C,A,E,0.45,equalize
1438,random3,5,B,B,B,D,D,D,D,D,D,D,D,D,D,D,D,D,D,D,D,D,0.75,equalize
1438,random3,6,E,E,E,E,E,E,E,E,E,E,E,E,E,E,E,E,E,E,E,E,0.8,equalize
1439,random3,1,E,E,E,E,E,E,E,E,C,C,C,C,D,A,A,C,C,C,C,C,0.4,equalize
1439,equalize,2,B,D,B,D,B,D,B,D,B,D,B,D,D,D,D,D,D,D,D,D,0.75,equalize
1439,random3,3,C,C,C,C,C,C,C,C,C,A,A,A,A,A,A,A,A,A,E,E,0.6,equalize
1439,random3,4,B,D,D,D,E,E,E,E,E,E,E,E,E,E,E,E,E,E,E,E,0.55,equalize
1439,random3,5,A,A,A,A,A,A,A,A,A,A,B,C,C,C,C,C,C,A,A,A,0.65,equalize
1439,equalize,6,skip,E,C,B,A,B,D,B,D,B,D,B,B,B,B,B,B,B,B,B,0.8,equalize
1440,equalize,1,A,D,B,D,E,E,D,E,E,E,E,E,E,E,E,E,E,E,D,D,0.85,equalize
1440,random3,2,C,B,B,B,B,B,B,E,B,B,B,B,C,C,C,C,C,C,C,C,0.4,equalize
1440,random3,3,C,B,B,D,A,A,A,A,A,A,A,A,A,A,B,D,D,D,C,C,0.35,equalize
1440,random3,4,C,C,C,C,A,A,C,C,C,C,C,C,C,A,A,A,A,A,A,A,0.5,equalize
1440,equalize,5,E,A,A,E,D,D,B,D,D,D,D,D,D,D,D,D,D,D,E,E,0.8,equalize
1440,random3,6,C,C,C,C,A,A,C,C,B,B,B,B,B,B,B,B,B,B,B,B,0.35,equalize
1441,radicaleq,1,A,B,A,C,D,skip,A,C,D,B,E,skip,D,C,B,E,A,skip,D,B,0.85,radicaleq
1441,equalize,2,B,C,D,E,skip,A,C,D,B,E,skip,D,C,B,E,A,skip,D,B,C,0.85,radicaleq
1441,equalize,3,C,D,E,skip,A,C,D,B,E,skip,D,C,B,E,A,skip,D,B,C,E,0.85,radicaleq
1441,radicaleq,4,D,E,skip,A,C,D,B,E,skip,D,C,B,E,A,skip,D,B,C,E,A,0.85,radicaleq
1441,radicaleq,5,E,skip,B,B,B,B,E,skip,C,C,B,E,A,skip,D,B,C,E,A,skip,0.8,radicaleq
1441,radicaleq,6,skip,A,C,D,E,E,skip,A,A,A,A,A,skip,D,C,C,E,A,skip,D,0.8,radicaleq
1442,radicaleq,1,A,B,A,C,D,skip,A,C,D,B,E,skip,D,C,B,E,A,skip,D,B,0.85,radicaleq
1442,radicaleq,2,B,C,D,E,skip,A,C,D,B,E,skip,D,C,B,E,A,skip,D,B,C,0.85,radicaleq
1442,equalize,3,C,D,E,skip,A,C,D,B,E,skip,D,C,B,E,A,skip,D,B,C,E,0.85,radicaleq
1442,radicaleq,4,D,E,skip,A,C,D,B,E,skip,D,C,B,E,A,skip,D,B,C,E,A,0.85,radicaleq
1442,radicaleq,5,E,skip,B,B,B,B,E,skip,C,C,B,E,A,skip,D,B,C,E,A,skip,0.8,radicaleq
1442,equalize,6,skip,A,C,D,E,E,skip,A,A,A,A,A,skip,D,C,C,E,A,skip,D,0.8,radicaleq
1443,radicaleq,1,A,B,A,C,D,skip,A,C,D,B,E,skip,D,C,B,E,A,skip,D,B,0.85,radicaleq
1443,radicaleq,2,B,C,D,E,skip,A,C,D,B,E,skip,D,C,B,E,A,skip,D,B,C,0.85,radicaleq
1443,equalize,3,C,D,E,skip,A,C,D,B,E,skip,D,C,B,E,A,skip,D,B,C,E,0.85,radicaleq
1443,equalize,4,D,E,skip,A,C,D,B,E,skip,D,C,B,E,A,skip,D,B,C,E,A,0.85,radicaleq
1443,radicaleq,5,E,skip,B,B,B,B,E,skip,C,C,B,E,A,skip,D,B,C,E,A,skip,0.8,radicaleq
1443,radicaleq,6,skip,A,C,D,E,E,skip,A,A,A,A,A,skip,D,C,C,E,A,skip,D,0.8,radicaleq
1444,radicaleq,1,A,B,A,C,D,skip,A,C,D,B,E,skip,D,C,B,E,A,skip,D,B,0.85,radicaleq
1444,equalize,2,B,C,D,E,skip,A,C,D,B,E,skip,D,C,B,E,A,skip,D,B,C,0.85,radicaleq
1444,radicaleq,3,C,D,E,skip,A,C,D,B,E,skip,D,C,B,E,A,skip,D,B,C,E,0.85,radicaleq
1444,radicaleq,4,D,E,skip,A,C,D,B,E,skip,D,C,B,E,A,skip,D,B,C,E,A,0.85,radicaleq
1444,equalize,5,E,skip,B,B,B,B,E,skip,C,C,B,E,A,skip,D,B,C,E,A,skip,0.8,radicaleq
1444,radicaleq,6,skip,A,C,D,E,E,skip,A,A,A,A,A,skip,D,C,C,E,A,skip,D,0.8,radicaleq
1445,radicaleq,1,A,B,A,C,D,skip,A,C,D,B,E,skip,D,C,B,E,A,skip,D,B,0.85,radicaleq
1445,radicaleq,2,B,C,D,E,skip,A,C,D,B,E,skip,D,C,B,E,A,skip,D,B,C,0.85,radicaleq
1445,equalize,3,C,D,E,skip,A,C,D,B,E,skip,D,C,B,E,A,skip,D,B,C,E,0.85,radicaleq
1445,radicaleq,4,D,E,skip,A,C,D,B,E,skip,D,C,B,E,A,skip,D,B,C,E,A,0.85,radicaleq
1445,equalize,5,E,skip,B,B,B,B,E,skip,C,C,B,E,A,skip,D,B,C,E,A,skip,0.8,radicaleq
1445,radicaleq,6,skip,A,C,D,E,E,skip,A,A,A,A,A,skip,D,C,C,E,A,skip,D,0.8,radicaleq
1446,radicaleq,1,A,B,A,C,D,skip,A,C,D,B,E,skip,D,C,B,E,A,skip,D,B,0.85,radicaleq
1446,radicaleq,2,B,C,D,E,skip,A,C,D,B,E,skip,D,C,B,E,A,skip,D,B,C,0.85,radicaleq
1446,radicaleq,3,C,D,E,skip,A,C,D,B,E,skip,D,C,B,E,A,skip,D,B,C,E,0.85,radicaleq
1446,radicaleq,4,D,E,skip,A,C,D,B,E,skip,D,C,B,E,A,skip,D,B,C,E,A,0.85,radicaleq
1446,equalize,5,E,skip,B,B,B,B,E,skip,C,C,B,E,A,skip,D,B,C,E,A,skip,0.8,radicaleq
1446,equalize,6,skip,A,C,D,E,E,skip,A,A,A,A,A,skip,D,C,C,E,A,skip,D,0.8,radicaleq
1447,equalize,1,A,B,A,C,D,skip,A,C,D,B,E,skip,D,C,B,E,A,skip,D,B,0.85,radicaleq
1447,equalize,2,B,C,D,E,skip,A,C,D,B,E,skip,D,C,B,E,A,skip,D,B,C,0.85,radicaleq
1447,radicaleq,3,C,D,E,skip,A,C,D,B,E,skip,D,C,B,E,A,skip,D,B,C,E,0.85,radicaleq
1447,radicaleq,4,D,E,skip,A,C,D,B,E,skip,D,C,B,E,A,skip,D,B,C,E,A,0.85,radicaleq
1447,radicaleq,5,E,skip,B,B,B,B,E,skip,C,C,B,E,A,skip,D,B,C,E,A,skip,0.8,radicaleq
1447,radicaleq,6,skip,A,C,D,E,E,skip,A,A,A,A,A,skip,D,C,C,E,A,skip,D,0.8,radicaleq
1448,equalize,1,A,B,A,C,D,skip,A,C,D,B,E,skip,D,C,B,E,A,skip,D,B,0.85,radicaleq
1448,radicaleq,2,B,C,D,E,skip,A,C,D,B,E,skip,D,C,B,E,A,skip,D,B,C,0.85,radicaleq
1448,equalize,3,C,D,E,skip,A,C,D,B,E,skip,D,C,B,E,A,skip,D,B,C,E,0.85,radicaleq
1448,radicaleq,4,D,E,skip,A,C,D,B,E,skip,D,C,B,E,A,skip,D,B,C,E,A,0.85,radicaleq
1448,radicaleq,5,E,skip,B,B,B,B,E,skip,C,C,B,E,A,skip,D,B,C,E,A,skip,0.8,radicaleq
1448,radicaleq,6,skip,A,C,D,E,E,skip,A,A,A,A,A,skip,D,C,C,E,A,skip,D,0.8,radicaleq
1449,equalize,1,A,B,A,C,D,skip,A,C,D,B,E,skip,D,C,B,E,A,skip,D,B,0.85,radicaleq
1449,radicaleq,2,B,C,D,E,skip,A,C,D,B,E,skip,D,C,B,E,A,skip,D,B,C,0.85,radicaleq
1449,radicaleq,3,C,D,E,skip,A,C,D,B,E,skip,D,C,B,E,A,skip,D,B,C,E,0.85,radicaleq
1449,radicaleq,4,D,E,skip,A,C,D,B,E,skip,D,C,B,E,A,skip,D,B,C,E,A,0.85,radicaleq
1449,radicaleq,5,E,skip,B,B,B,B,E,skip,C,C,B,E,A,skip,D,B,C,E,A,skip,0.8,radicaleq
1449,equalize,6,skip,A,C,D,E,E,skip,A,A,A,A,A,skip,D,C,C,E,A,skip,D,0.8,radicaleq
1450,radicaleq,1,A,B,A,C,D,skip,A,C,D,B,E,skip,D,C,B,E,A,skip,D,B,0.85,radicaleq
1450,equalize,2,B,C,D,E,skip,A,C,D,B,E,skip,D,C,B,E,A,skip,D,B,C,0.85,radicaleq
1450,radicaleq,3,C,D,E,skip,A,C,D,B,E,skip,D,C,B,E,A,skip,D,B,C,E,0.85,radicaleq
1450,equalize,4,D,E,skip,A,C,D,B,E,skip,D,C,B,E,A,skip,D,B,C,E,A,0.85,radicaleq
1450,radicaleq,5,E,skip,B,B,B,B,E,skip,C,C,B,E,A,skip,D,B,C,E,A,skip,0.8,radicaleq
1450,radicaleq,6,skip,A,C,D,E,E,skip,A,A,A,A,A,skip,D,C,C,E,A,skip,D,0.8,radicaleq
1451,radicaleq,1,A,B,A,C,D,skip,A,C,D,B,E,skip,D,C,B,E,A,skip,D,B,0.85,radicaleq
1451,radicaleq,2,B,C,D,E,skip,A,C,D,B,E,skip,D,C,B,E,A,skip,D,B,C,0.85,radicaleq
1451,radicaleq,3,C,D,E,skip,A,C,D,B,E,skip,D,C,B,E,A,skip,D,B,C,E,0.85,radicaleq
1451,equalize,4,D,E,skip,A,C,D,B,E,skip,D,C,B,E,A,skip,D,B,C,E,A,0.85,radicaleq
1451,equalize,5,E,skip,B,B,B,B,E,skip,C,C,B,E,A,skip,D,B,C,E,A,skip,0.8,radicaleq
1451,radicaleq,6,skip,A,C,D,E,E,skip,A,A,A,A,A,skip,D,C,C,E,A,skip,D,0.8,radicaleq
1452,radicaleq,1,A,B,A,C,D,skip,A,C,D,B,E,skip,D,C,B,E,A,skip,D,B,0.85,radicaleq
1452,radicaleq,2,B,C,D,E,skip,A,C,D,B,E,skip,D,C,B,E,A,skip,D,B,C,0.85,radicaleq
1452,radicaleq,3,C,D,E,skip,A,C,D,B,E,skip,D,C,B,E,A,skip,D,B,C,E,0.85,radicaleq
1452,equalize,4,D,E,skip,A,C,D,B,E,skip,D,C,B,E,A,skip,D,B,C,E,A,0.85,radicaleq
1452,radicaleq,5,E,skip,B,B,B,B,E,skip,C,C,B,E,A,skip,D,B,C,E,A,skip,0.8,radicaleq
1452,equalize,6,skip,A,C,D,E,E,skip,A,A,A,A,A,skip,D,C,C,E,A,skip,D,0.8,radicaleq
1453,equalize,1,A,B,A,C,D,skip,A,C,D,B,E,skip,D,C,B,E,A,skip,D,B,0.85,radicaleq
1453,radicaleq,2,B,C,D,E,skip,A,C,D,B,E,skip,D,C,B,E,A,skip,D,B,C,0.85,radicaleq
1453,radicaleq,3,C,D,E,skip,A,C,D,B,E,skip,D,C,B,E,A,skip,D,B,C,E,0.85,radicaleq
1453,equalize,4,D,E,skip,A,C,D,B,E,skip,D,C,B,E,A,skip,D,B,C,E,A,0.85,radicaleq
1453,radicaleq,5,E,skip,B,B,B,B,E,skip,C,C,B,E,A,skip,D,B,C,E,A,skip,0.8,radicaleq
1453,radicaleq,6,skip,A,C,D,E,E,skip,A,A,A,A,A,skip,D,C,C,E,A,skip,D,0.8,radicaleq
1454,radicaleq,1,A,B,A,C,D,skip,A,C,D,B,E,skip,D,C,B,E,A,skip,D,B,0.85,radicaleq
1454,equalize,2,B,C,D,E,skip,A,C,D,B,E,skip,D,C,B,E,A,skip,D,B,C,0.85,radicaleq
1454,radicaleq,3,C,D,E,skip,A,C,D,B,E,skip,D,C,B,E,A,skip,D,B,C,E,0.85,radicaleq
1454,radicaleq,4,D,E,skip,A,C,D,B,E,skip,D,C,B,E,A,skip,D,B,C,E,A,0.85,radicaleq
1454,radicaleq,5,E,skip,B,B,B,B,E,skip,C,C,B,E,A,skip,D,B,C,E,A,skip,0.8,radicaleq
1454,equalize,6,skip,A,C,D,E,E,skip,A,A,A,A,A,skip,D,C,C,E,A,skip,D,0.8,radicaleq
1455,equalize,1,A,B,A,C,D,skip,A,C,D,B,E,skip,D,C,B,E,A,skip,D,B,0.85,radicaleq
1455,radicaleq,2,B,C,D,E,skip,A,C,D,B,E,skip,D,C,B,E,A,skip,D,B,C,0.85,radicaleq
1455,radicaleq,3,C,D,E,skip,A,C,D,B,E,skip,D,C,B,E,A,skip,D,B,C,E,0.85,radicaleq
1455,radicaleq,4,D,E,skip,A,C,D,B,E,skip,D,C,B,E,A,skip,D,B,C,E,A,0.85,radicaleq
1455,equalize,5,E,skip,B,B,B,B,E,skip,C,C,B,E,A,skip,D,B,C,E,A,skip,0.8,radicaleq
1455,radicaleq,6,skip,A,C,D,E,E,skip,A,A,A,A,A,skip,D,C,C,E,A,skip,D,0.8,radicaleq
1456,rotate0,1,A,A,A,A,A,A,A,A,A,A,A,A,A,A,A,A,A,A,A,A,0.95,equalize
1456,equalize,2,B,C,A,B,B,C,C,C,C,C,C,C,C,C,C,C,C,C,C,C,0.95,equalize
1456,equalize,3,C,D,B,C,C,E,B,B,B,B,B,B,B,B,B,B,B,B,B,B,0.9,equalize
1456,rotate0,4,D,D,D,D,D,D,D,D,D,D,D,D,D,D,D,D,D,D,D,D,0.95,equalize
1456,rotate0,5,E,E,E,E,E,E,E,E,E,E,E,E,E,E,E,E,E,E,E,E,0.95,equalize
1456,rotate0,6,skip,skip,skip,skip,skip,skip,skip,skip,skip,skip,skip,skip,skip,skip,skip,skip,skip,skip,skip,skip,0.0,equalize
1457,rotate0,1,A,A,A,A,A,A,A,A,A,A,A,A,A,A,A,A,A,A,A,A,0.75,rotate0
1457,rotate0,2,B,B,B,B,B,B,B,B,B,B,B,B,B,B,B,B,B,B,B,B,0.75,rotate0
1457,equalize,3,C,D,B,C,A,C,D,C,A,C,D,C,A,C,D,C,A,C,D,C,0.5,rotate0
1457,rotate0,4,D,D,D,D,D,D,D,D,D,D,D,D,D,D,D,D,D,D,D,D,0.75,rotate0
1457,rotate0,5,E,E,E,E,E,E,E,E,E,E,E,E,E,E,E,E,E,E,E,E,0.75,rotate0
1457,equalize,6,skip,A,C,E,C,B,C,E,C,B,C,E,C,B,C,E,C,B,C,E,0.45,rotate0
1458,rotate0,1,A,A,A,A,A,A,A,A,A,A,A,A,A,A,A,A,A,A,A,A,0.95,equalize
1458,rotate0,2,B,B,B,B,B,B,B,B,B,B,B,B,B,B,B,B,B,B,B,B,0.95,equalize
1458,equalize,3,C,D,A,C,C,D,D,D,D,D,D,D,D,D,D,D,D,D,D,D,0.95,equalize
1458,equalize,4,D,E,C,D,D,B,C,C,C,C,C,C,C,C,C,C,C,C,C,C,0.9,equalize
1458,rotate0,5,E,E,E,E,E,E,E,E,E,E,E,E,E,E,E,E,E,E,E,E,0.95,equalize
1458,rotate0,6,skip,skip,skip,skip,skip,skip,skip,skip,skip,skip,skip,skip,skip,skip,skip,skip,skip,skip,skip,skip,0.0,equalize
1459,rotate0,1,A,A,A,A,A,A,A,A,A,A,A,A,A,A,A,A,A,A,A,A,1.0,equalize
1459,equalize,2,B,C,B,B,B,B,B,B,B,B,B,B,B,B,B,B,B,B,B,B,0.95,equalize
1459,rotate0,3,C,C,C,C,C,C,C,C,C,C,C,C,C,C,C,C,C,C,C,C,0.95,equalize
1459,rotate0,4,D,D,D,D,D,D,D,D,D,D,D,D,D,D,D,D,D,D,D,D,1.0,equalize
1459,equalize,5,E,skip,E,E,E,E,E,E,E,E,E,E,E,E,E,E,E,E,E,E,0.95,equalize
1459,rotate0,6,skip,skip,skip,skip,skip,skip,skip,skip,skip,skip,skip,skip,skip,skip,skip,skip,skip,skip,skip,skip,0.0,equalize
1460,rotate0,1,A,A,A,A,A,A,A,A,A,A,A,A,A,A,A,A,A,A,A,A,1.0,equalize
1460,rotate0,2,B,B,B,B,B,B,B,B,B,B,B,B,B,B,B,B,B,B,B,B,1.0,equalize
1460,equalize,3,C,D,C,C,C,C,C,C,C,C,C,C,C,C,C,C,C,C,C,C,0.95,equalize
1460,rotate0,4,D,D,D,D,D,D,D,D,D,D,D,D,D,D,D,D,D,D,D,D,0.95,equalize
1460,equalize,5,E,skip,E,E,E,E,E,E,E,E,E,E,E,E,E,E,E,E,E,E,0.95,equalize
1460,rotate0,6,skip,skip,skip,skip,skip,skip,skip,skip,skip,skip,skip,skip,skip,skip,skip,skip,skip,skip,skip,skip,0.0,equalize
1461,rotate0,1,A,A,A,A,A,A,A,A,A,A,A,A,A,A,A,A,A,A,A,A,0.75,rotate0
1461,rotate0,2,B,B,B,B,B,B,B,B,B,B,B,B,B,B,B,B,B,B,B,B,0.75,rotate0
1461,rotate0,3,C,C,C,C,C,C,C,C,C,C,C,C,C,C,C,C,C,C,C,C,0.75,rotate0
1461,rotate0,4,D,D,D,D,D,D,D,D,D,D,D,D,D,D,D,D,D,D,D,D,0.8,rotate0
1461,equalize,5,E,skip,B,E,D,E,B,E,D,E,B,E,D,E,B,E,D,E,B,E,0.5,rotate0
1461,equalize,6,skip,A,E,C,E,A,E,C,E,A,E,C,E,A,E,C,E,A,E,C,0.45,rotate0
1462,equalize,1,A,B,B,B,B,B,B,B,B,B,B,B,B,B,B,B,B,B,B,B,1.0,equalize
1462,equalize,2,B,C,A,A,A,A,A,A,A,A,A,A,A,A,A,A,A,A,A,A,0.95,equalize
1462,rotate0,3,C,C,C,C,C,C,C,C,C,C,C,C,C,C,C,C,C,C,C,C,0.95,equalize
1462,rotate0,4,D,D,D,D,D,D,D,D,D,D,D,D,D,D,D,D,D,D,D,D,1.0,equalize
1462,rotate0,5,E,E,E,E,E,E,E,E,E,E,E,E,E,E,E,E,E,E,E,E,1.0,equalize
1462,rotate0,6,skip,skip,skip,skip,skip,skip,skip,skip,skip,skip,skip,skip,skip,skip,skip,skip,skip,skip,skip,skip,0.0,equalize
1463,equalize,1,A,B,A,A,A,A,A,A,A,A,A,A,A,A,A,A,A,A,A,A,0.95,equalize
1463,rotate0,2,B,B,B,B,B,B,B,B,B,B,B,B,B,B,B,B,B,B,B,B,0.95,equalize
1463,equalize,3,C,D,C,E,C,C,C,C,C,C,C,C,C,C,C,C,C,C,C,C,0.9,equalize
1463,rotate0,4,D,D,D,D,D,D,D,D,D,D,D,D,D,D,D,D,D,D,D,D,0.95,equalize
1463,rotate0,5,E,E,E,E,E,E,E,E,E,E,E,E,E,E,E,E,E,E,E,E,0.95,equalize
1463,rotate0,6,skip,skip,skip,skip,skip,skip,skip,skip,skip,skip,skip,skip,skip,skip,skip,skip,skip,skip,skip,skip,0.0,equalize
1464,equalize,1,A,B,C,D,A,A,A,D,A,B,A,D,A,B,A,D,A,B,A,D,0.5,rotate0
1464,rotate0,2,B,B,B,B,B,B,B,B,B,B,B,B,B,B,B,B,B,B,B,B,0.75,rotate0
1464,rotate0,3,C,C,C,C,C,C,C,C,C,C,C,C,C,C,C,C,C,C,C,C,0.75,rotate0
1464,rotate0,4,D,D,D,D,D,D,D,D,D,D,D,D,D,D,D,D,D,D,D,D,0.75,rotate0
1464,rotate0,5,E,E,E,E,E,E,E,E,E,E,E,E,E,E,E,E,E,E,E,E,0.8,rotate0
1464,equalize,6,skip,A,A,A,E,B,C,A,E,A,C,A,E,A,C,A,E,A,C,A,0.5,rotate0
1465,rotate0,1,A,A,A,A,A,A,A,A,A,A,A,A,A,A,A,A,A,A,A,A,0.95,equalize
1465,equalize,2,B,C,B,B,B,B,B,B,B,B,B,B,B,B,B,B,B,B,B,B,0.95,equalize
1465,rotate0,3,C,C,C,C,C,C,C,C,C,C,C,C,C,C,C,C,C,C,C,C,0.95,equalize
1465,equalize,4,D,E,D,A,D,D,D,D,D,D,D,D,D,D,D,D,D,D,D,D,0.9,equalize
1465,rotate0,5,E,E,E,E,E,E,E,E,E,E,E,E,E,E,E,E,E,E,E,E,0.95,equalize
1465,rotate0,6,skip,skip,skip,skip,skip,skip,skip,skip,skip,skip,skip,skip,skip,skip,skip,skip,skip,skip,skip,skip,0.0,equalize
1466,rotate0,1,A,A,A,A,A,A,A,A,A,A,A,A,A,A,A,A,A,A,A,A,0.95,equalize
1466,rotate0,2,B,B,B,B,B,B,B,B,B,B,B,B,B,B,B,B,B,B,B,B,1.0,equalize
1466,rotate0,3,C,C,C,C,C,C,C,C,C,C,C,C,C,C,C,C,C,C,C,C,1.0,equalize
1466,equalize,4,D,E,A,D,D,D,D,D,D,D,D,D,D,D,D,D,D,D,D,D,0.95,equalize
1466,equalize,5,E,skip,D,E,E,E,E,E,E,E,E,E,E,E,E,E,E,E,E,E,0.95,equalize
1466,rotate0,6,skip,skip,skip,skip,skip,skip,skip,skip,skip,skip,skip,skip,skip,skip,skip,skip,skip,skip,skip,skip,0.0,equalize
1467,rotate0,1,A,A,A,A,A,A,A,A,A,A,A,A,A,A,A,A,A,A,A,A,0.75,rotate0
1467,rotate0,2,B,B,B,B,B,B,B,B,B,B,B,B,B,B,B,B,B,B,B,B,0.75,rotate0
1467,rotate0,3,C,C,C,C,C,C,C,C,C,C,C,C,C,C,C,C,C,C,C,C,0.75,rotate0
1467,equalize,4,D,E,B,D,A,D,C,D,A,D,C,D,A,D,C,D,A,D,C,D,0.5,rotate0
1467,rotate0,5,E,E,E,E,E,E,E,E,E,E,E,E,E,E,E,E,E,E,E,E,0.75,rotate0
1467,equalize,6,skip,A,D,C,D,B,D,E,D,B,D,E,D,B,D,E,D,B,D,E,0.45,rotate0
1468,equalize,1,A,B,A,A,A,A,A,A,A,A,A,A,A,A,A,A,A,A,A,A,0.95,equalize
1468,rotate0,2,B,B,B,B,B,B,B,B,B,B,B,B,B,B,B,B,B,B,B,B,0.95,equalize
1468,rotate0,3,C,C,C,C,C,C,C,C,C,C,C,C,C,C,C,C,C,C,C,C,0.95,equalize
1468,equalize,4,D,E,D,C,D,D,D,D,D,D,D,D,D,D,D,D,D,D,D,D,0.9,equalize
1468,rotate0,5,E,E,E,E,E,E,E,E,E,E,E,E,E,E,E,E,E,E,E,E,0.95,equalize
1468,rotate0,6,skip,skip,skip,skip,skip,skip,skip,skip,skip,skip,skip,skip,skip,skip,skip,skip,skip,skip,skip,skip,0.0,equalize
1469,rotate0,1,A,A,A,A,A,A,A,A,A,A,A,A,A,A,A,A,A,A,A,A,0.75,rotate0
1469,equalize,2,B,C,D,B,A,B,D,B,A,B,D,B,A,B,D,B,A,B,D,B,0.5,rotate0
1469,rotate0,3,C,C,C,C,C,C,C,C,C,C,C,C,C,C,C,C,C,C,C,C,0.75,rotate0
1469,rotate0,4,D,D,D,D,D,D,D,D,D,D,D,D,D,D,D,D,D,D,D,D,0.75,rotate0
1469,rotate0,5,E,E,E,E,E,E,E,E,E,E,E,E,E,E,E,E,E,E,E,E,0.75,rotate0
1469,equalize,6,skip,A,B,E,B,C,B,E,B,C,B,E,B,C,B,E,B,C,B,E,0.45,rotate0
1470,equalize,1,A,B,A,A,A,A,A,A,A,A,A,A,A,A,A,A,A,A,A,A,0.95,equalize
1470,rotate0,2,B,B,B,B,B,B,B,B,B,B,B,B,B,B,B,B,B,B,B,B,0.95,equalize
1470,rotate0,3,C,C,C,C,C,C,C,C,C,C,C,C,C,C,C,C,C,C,C,C,1.0,equalize
1470,rotate0,4,D,D,D,D,D,D,D,D,D,D,D,D,D,D,D,D,D,D,D,D,1.0,equalize
1470,equalize,5,E,skip,E,E,E,E,E,E,E,E,E,E,E,E,E,E,E,E,E,E,0.95,equalize
1470,rotate0,6,skip,skip,skip,skip,skip,skip,skip,skip,skip,skip,skip,skip,skip,skip,skip,skip,skip,skip,skip,skip,0.0,equalize
1471,caste,1,A,A,B,C,C,E,A,A,D,D,C,A,B,B,A,E,C,B,E,E,0.5,caste
1471,equalize,2,B,C,A,C,D,E,C,A,B,D,E,A,C,B,D,E,A,B,C,E,0.1,caste
1471,equalize,3,C,D,B,B,A,B,D,E,C,A,B,D,E,A,C,B,D,E,A,B,0.05,caste
1471,caste,4,D,D,C,B,E,B,B,E,E,A,A,D,D,A,E,B,B,E,D,B,0.5,caste
1471,caste,5,E,E,A,D,A,C,D,B,C,E,B,C,E,D,C,A,D,C,A,D,0.55,caste
1471,caste,6,skip,skip,E,E,D,A,C,D,B,C,E,B,C,E,D,C,A,D,C,A,0.5,caste
1472,caste,1,A,A,E,C,A,D,D,A,E,D,D,E,E,D,D,A,A,D,C,A,0.5,caste
1472,caste,2,B,B,C,E,B,B,C,C,B,A,C,B,A,C,B,E,C,B,E,D,0.55,caste
1472,equalize,3,C,D,B,D,E,A,B,D,C,E,A,D,B,E,C,D,E,A,B,C,0.05,caste
1472,caste,4,D,D,A,D,C,A,E,D,A,E,B,D,C,E,E,D,B,A,D,C,0.5,caste
1472,caste,5,E,E,B,A,E,E,B,E,C,B,A,C,B,A,C,B,E,C,B,E,0.55,caste
1472,equalize,6,skip,A,C,C,B,D,C,A,B,D,C,E,A,D,B,A,C,D,E,A,0.0,caste
1473,caste,1,A,A,C,B,B,E,C,B,E,E,B,B,E,E,B,D,E,E,C,C,0.5,caste
1473,caste,2,B,B,A,D,A,A,D,C,A,D,C,A,D,C,A,B,C,A,B,D,0.55,caste
1473,equalize,3,C,D,A,B,D,E,A,B,C,E,D,B,A,E,C,D,B,E,A,C,0.1,caste
1473,equalize,4,D,E,C,C,A,C,D,E,A,B,C,E,D,B,A,E,C,D,B,E,0.05,caste
1473,caste,5,E,E,B,C,E,C,B,E,D,B,A,E,C,B,D,E,A,D,D,E,0.5,caste
1473,caste,6,skip,skip,D,E,D,B,A,D,C,A,D,C,A,D,C,A,B,C,A,B,0.5,caste
1474,caste,1,A,A,B,B,A,D,A,A,C,D,A,E,B,B,E,E,B,B,E,E,0.5,caste
1474,equalize,2,B,C,B,A,D,B,C,D,E,A,B,D,C,E,A,B,D,E,C,B,0.05,caste
1474,caste,3,C,C,A,A,E,B,B,D,D,A,E,D,D,E,C,B,A,E,D,B,0.5,caste
1474,caste,4,D,D,E,C,D,E,C,B,E,C,B,A,C,D,A,C,D,A,C,D,0.55,caste
1474,equalize,5,E,skip,E,B,C,D,E,A,B,D,C,E,A,B,D,E,C,B,A,E,0.05,caste
1474,caste,6,skip,skip,D,E,C,A,E,C,B,E,C,B,A,C,D,A,C,D,A,C,0.5,caste
1475,caste,1,A,A,C,C,A,E,C,C,B,E,C,D,A,A,D,B,A,A,B,B,0.5,caste
1475,caste,2,B,B,E,B,E,D,B,A,D,B,A,C,B,E,C,D,E,C,D,E,0.55,caste
1475,equalize,3,C,D,C,A,E,C,B,E,D,C,A,E,B,D,C,A,E,B,D,A,0.05,caste
1475,caste,4,D,D,A,A,D,C,A,E,E,C,D,E,E,D,B,A,C,B,E,A,0.5,caste
1475,equalize,5,E,skip,E,C,B,E,D,C,A,E,B,D,C,A,E,B,D,A,C,B,0.05,caste
1475,caste,6,skip,skip,B,D,B,A,D,B,A,D,B,A,C,B,E,C,D,E,C,D,0.5,caste
1476,caste,1,A,A,D,D,D,E,E,E,A,B,B,D,E,C,D,A,C,B,A,E,0.5,caste
1476,caste,2,B,B,E,C,B,D,B,C,D,A,C,B,A,E,B,D,E,C,D,A,0.55,caste
1476,caste,3,C,C,B,E,C,C,D,B,C,D,A,C,B,A,E,B,D,E,C,D,0.55,caste
1476,caste,4,D,D,C,A,E,A,C,A,B,E,D,E,C,D,A,C,B,A,E,B,0.55,caste
1476,equalize,5,E,skip,B,D,C,E,D,E,C,B,A,D,B,C,E,A,D,B,C,E,0.05,caste
1476,equalize,6,skip,A,E,A,B,A,B,A,D,E,C,E,A,D,B,C,E,A,D,B,0.0,caste
1477,equalize,1,A,B,B,C,D,E,C,B,A,E,D,B,C,E,A,D,B,E,C,D,0.1,caste
1477,equalize,2,B,C,A,A,B,C,D,E,C,B,A,E,D,B,C,E,A,D,B,E,0.05,caste
1477,caste,3,C,C,D,A,E,C,B,E,E,B,B,E,E,B,D,E,E,D,D,E,0.5,caste
1477,caste,4,D,D,A,C,A,E,A,B,D,E,C,B,A,E,B,D,C,E,A,D,0.5,caste
1477,caste,5,E,E,B,D,B,B,D,A,C,D,A,C,D,A,C,B,A,C,B,A,0.55,caste
1477,caste,6,skip,skip,E,E,D,A,C,D,A,C,D,A,C,D,A,C,B,A,C,B,0.5,caste
1478,equalize,1,A,B,A,A,B,C,E,D,B,C,A,D,E,B,C,A,E,D,C,B,0.05,caste
1478,caste,2,B,B,C,E,E,B,B,A,A,B,E,C,C,E,E,C,C,E,E,C,0.5,caste
1478,equalize,3,C,D,C,C,E,D,B,C,A,D,E,B,C,A,E,D,C,B,E,A,0.05,caste
1478,caste,4,D,D,E,A,D,C,C,D,D,C,B,D,A,B,D,A,B,D,A,B,0.5,caste
1478,caste,5,E,E,A,C,A,D,A,C,E,D,C,B,D,A,B,D,A,B,D,A,0.5,caste
1478,caste,6,skip,skip,B,D,B,A,E,E,B,E,A,A,E,D,C,B,E,A,C,D,0.5,caste
1479,equalize,1,A,B,C,B,D,E,A,B,C,E,D,A,B,C,E,D,A,B,C,E,0.05,caste
1479,caste,2,B,B,E,E,C,B,E,E,B,A,E,C,A,D,C,B,D,E,B,A,0.5,caste
1479,caste,3,C,C,C,D,D,C,A,D,C,B,D,E,B,A,E,C,A,D,C,B,0.55,caste
1479,caste,4,D,D,A,C,A,D,C,A,D,C,B,D,E,B,A,E,C,A,D,C,0.55,caste
1479,caste,5,E,E,D,B,B,E,D,B,A,E,C,A,D,C,B,D,E,B,A,E,0.55,caste
1479,equalize,6,skip,A,A,E,A,B,C,E,D,A,B,C,E,D,A,B,C,E,D,A,0.05,caste
1480,caste,1,A,A,B,A,A,E,C,B,D,D,A,A,C,C,A,E,B,B,E,E,0.5,caste
1480,equalize,2,B,C,B,B,C,B,D,E,A,B,C,D,E,A,B,C,D,E,A,B,0.05,caste
1480,caste,3,C,C,D,E,D,C,A,D,C,A,E,C,B,E,D,B,A,D,C,A,0.5,caste
1480,equalize,4,D,E,D,A,D,E,A,B,C,D,E,A,B,C,D,E,A,B,C,E,0.05,caste
1480,caste,5,E,E,A,B,E,B,B,E,E,B,B,D,D,A,E,C,C,E,D,B,0.5,caste
1480,caste,6,skip,skip,C,D,C,A,D,C,A,E,C,B,E,D,B,A,D,C,A,D,0.5,caste
1481,caste,1,A,A,D,B,C,C,B,A,C,D,D,E,A,D,E,A,D,B,A,C,0.5,caste
1481,caste,2,B,B,A,D,A,E,D,B,E,C,B,B,C,C,B,E,C,D,E,A,0.55,caste
1481,caste,3,C,C,B,E,D,A,E,D,B,E,C,D,B,A,C,B,E,C,D,E,0.55,caste
1481,equalize,4,D,E,A,B,D,C,E,A,B,D,C,E,B,D,C,A,E,B,D,C,0.1,caste
1481,equalize,5,E,skip,D,E,A,B,D,C,E,A,B,A,C,E,B,D,C,A,E,B,0.05,caste
1481,caste,6,skip,skip,C,C,E,B,A,C,D,A,E,A,D,E,A,D,B,A,C,B,0.5,caste
1482,caste,1,A,A,C,C,B,D,A,B,D,A,C,D,E,C,B,E,A,B,D,A,0.5,caste
1482,caste,2,B,B,D,E,A,C,E,E,C,B,E,A,B,D,A,C,D,E,C,B,0.55,caste
1482,caste,3,C,C,B,B,E,A,C,D,E,C,B,E,A,B,D,A,C,D,E,C,0.55,caste
1482,equalize,4,D,E,B,D,E,B,C,A,E,D,B,C,A,E,D,B,C,A,E,D,0.05,caste
1482,caste,5,E,E,A,D,C,B,D,A,B,D,A,C,D,E,C,B,E,A,B,D,0.5,caste
1482,equalize,6,skip,A,D,C,A,D,E,B,C,A,E,D,B,C,A,E,D,B,C,A,0.0,caste
1483,equalize,1,A,B,A,A,B,D,E,C,A,B,E,D,C,A,E,B,C,D,E,A,0.05,caste
1483,caste,2,B,B,D,E,E,B,A,E,E,A,C,E,E,C,C,E,E,C,B,E,0.5,caste
1483,caste,3,C,C,A,D,A,C,D,B,C,D,B,A,D,B,A,D,B,A,D,C,0.5,caste
1483,equalize,4,D,E,D,D,E,C,A,B,E,D,C,A,E,B,C,D,E,A,B,C,0.05,caste
1483,caste,5,E,E,C,A,C,D,B,C,D,B,A,D,B,A,D,B,A,D,C,A,0.5,caste
1483,caste,6,skip,skip,B,C,B,A,E,D,A,C,E,B,C,D,E,A,C,B,E,D,0.5,caste
1484,caste,1,A,A,E,C,C,E,E,C,D,E,E,D,D,E,E,D,D,E,B,D,0.5,caste
1484,equalize,2,B,C,D,E,B,C,A,E,B,D,C,E,A,D,B,E,C,D,A,B,0.05,caste
1484,caste,3,C,C,A,E,A,C,B,E,C,D,A,E,B,D,C,E,A,D,E,B,0.5,caste
1484,caste,4,D,D,B,B,D,A,D,B,A,C,B,A,C,B,A,C,B,A,C,E,0.55,caste
1484,caste,5,E,E,D,A,B,B,A,D,B,A,C,B,A,C,B,A,C,B,A,C,0.55,caste
1484,equalize,6,skip,A,B,C,D,E,D,C,A,E,B,D,C,E,A,D,B,E,C,D,0.0,caste
1485,equalize,1,A,B,A,A,D,B,C,D,E,B,A,D,C,E,B,D,A,E,C,D,0.05,caste
1485,caste,2,B,B,C,A,E,B,B,D,D,B,E,D,D,E,E,D,D,E,E,D,0.5,caste
1485,caste,3,C,C,A,B,A,D,A,B,C,D,B,E,A,D,C,E,B,D,A,E,0.5,caste
1485,caste,4,D,D,E,C,D,E,C,A,E,C,A,B,C,A,B,C,A,B,C,A,0.55,caste
1485,equalize,5,E,skip,E,B,C,D,E,B,A,D,C,E,B,D,A,E,C,D,B,E,0.05,caste
1485,caste,6,skip,skip,D,E,C,A,E,C,A,E,C,A,B,C,A,B,C,A,B,C,0.5,caste
1486,equalize,1,A,B,A,C,D,skip,A,C,D,B,E,skip,D,C,B,E,A,skip,D,B,0.85,draw
1486,equalize,2,B,C,D,E,skip,A,C,D,B,E,skip,D,C,B,E,A,skip,D,B,C,0.85,draw
1486,equalize,3,C,D,E,skip,A,C,D,B,E,skip,D,C,B,E,A,skip,D,B,C,E,0.85,draw
1486,equalize,4,D,E,skip,A,C,D,B,E,skip,D,C,B,E,A,skip,D,B,C,E,A,0.85,draw
1486,equalize,5,E,skip,B,B,B,B,E,skip,C,C,B,E,A,skip,D,B,C,E,A,skip,0.8,draw
1486,equalize,6,skip,A,C,D,E,E,skip,A,A,A,A,A,skip,D,C,C,E,A,skip,D,0.8,draw
1487,equalize,1,A,B,A,C,D,skip,A,C,D,B,E,skip,D,C,B,E,A,skip,D,B,0.85,draw
1487,equalize,2,B,C,D,E,skip,A,C,D,B,E,skip,D,C,B,E,A,skip,D,B,C,0.85,draw
1487,equalize,3,C,D,E,skip,A,C,D,B,E,skip,D,C,B,E,A,skip,D,B,C,E,0.85,draw
1487,equalize,4,D,E,skip,A,C,D,B,E,skip,D,C,B,E,A,skip,D,B,C,E,A,0.85,draw
1487,equalize,5,E,skip,B,B,B,B,E,skip,C,C,B,E,A,skip,D,B,C,E,A,skip,0.8,draw
1487,equalize,6,skip,A,C,D,E,E,skip,A,A,A,A,A,skip,D,C,C,E,A,skip,D,0.8,draw
1488,equalize,1,A,B,A,C,D,skip,A,C,D,B,E,skip,D,C,B,E,A,skip,D,B,0.85,draw
1488,equalize,2,B,C,D,E,skip,A,C,D,B,E,skip,D,C,B,E,A,skip,D,B,C,0.85,draw
1488,equalize,3,C,D,E,skip,A,C,D,B,E,skip,D,C,B,E,A,skip,D,B,C,E,0.85,draw
1488,equalize,4,D,E,skip,A,C,D,B,E,skip,D,C,B,E,A,skip,D,B,C,E,A,0.85,draw
1488,equalize,5,E,skip,B,B,B,B,E,skip,C,C,B,E,A,skip,D,B,C,E,A,skip,0.8,draw
1488,equalize,6,skip,A,C,D,E,E,skip,A,A,A,A,A,skip,D,C,C,E,A,skip,D,0.8,draw
1489,equalize,1,A,B,A,C,D,skip,A,C,D,B,E,skip,D,C,B,E,A,skip,D,B,0.85,draw
1489,equalize,2,B,C,D,E,skip,A,C,D,B,E,skip,D,C,B,E,A,skip,D,B,C,0.85,draw
1489,equalize,3,C,D,E,skip,A,C,D,B,E,skip,D,C,B,E,A,skip,D,B,C,E,0.85,draw
1489,equalize,4,D,E,skip,A,C,D,B,E,skip,D,C,B,E,A,skip,D,B,C,E,A,0.85,draw
1489,equalize,5,E,skip,B,B,B,B,E,skip,C,C,B,E,A,skip,D,B,C,E,A,skip,0.8,draw
1489,equalize,6,skip,A,C,D,E,E,skip,A,A,A,A,A,skip,D,C,C,E,A,skip,D,0.8,draw
1490,equalize,1,A,B,A,C,D,skip,A,C,D,B,E,skip,D,C,B,E,A,skip,D,B,0.85,draw
1490,equalize,2,B,C,D,E,skip,A,C,D,B,E,skip,D,C,B,E,A,skip,D,B,C,0.85,draw
1490,equalize,3,C,D,E,skip,A,C,D,B,E,skip,D,C,B,E,A,skip,D,B,C,E,0.85,draw
1490,equalize,4,D,E,skip,A,C,D,B,E,skip,D,C,B,E,A,skip,D,B,C,E,A,0.85,draw
1490,equalize,5,E,skip,B,B,B,B,E,skip,C,C,B,E,A,skip,D,B,C,E,A,skip,0.8,draw
1490,equalize,6,skip,A,C,D,E,E,skip,A,A,A,A,A,skip,D,C,C,E,A,skip,D,0.8,draw
1491,equalize,1,A,B,A,C,D,skip,A,C,D,B,E,skip,D,C,B,E,A,skip,D,B,0.85,draw
1491,equalize,2,B,C,D,E,skip,A,C,D,B,E,skip,D,C,B,E,A,skip,D,B,C,0.85,draw
1491,equalize,3,C,D,E,skip,A,C,D,B,E,skip,D,C,B,E,A,skip,D,B,C,E,0.85,draw
1491,equalize,4,D,E,skip,A,C,D,B,E,skip,D,C,B,E,A,skip,D,B,C,E,A,0.85,draw
1491,equalize,5,E,skip,B,B,B,B,E,skip,C,C,B,E,A,skip,D,B,C,E,A,skip,0.8,draw
1491,equalize,6,skip,A,C,D,E,E,skip,A,A,A,A,A,skip,D,C,C,E,A,skip,D,0.8,draw
1492,equalize,1,A,B,A,C,D,skip,A,C,D,B,E,skip,D,C,B,E,A,skip,D,B,0.85,draw
1492,equalize,2,B,C,D,E,skip,A,C,D,B,E,skip,D,C,B,E,A,skip,D,B,C,0.85,draw
1492,equalize,3,C,D,E,skip,A,C,D,B,E,skip,D,C,B,E,A,skip,D,B,C,E,0.85,draw
1492,equalize,4,D,E,skip,A,C,D,B,E,skip,D,C,B,E,A,skip,D,B,C,E,A,0.85,draw
1492,equalize,5,E,skip,B,B,B,B,E,skip,C,C,B,E,A,skip,D,B,C,E,A,skip,0.8,draw
1492,equalize,6,skip,A,C,D,E,E,skip,A,A,A,A,A,skip,D,C,C,E,A,skip,D,0.8,draw
1493,equalize,1,A,B,A,C,D,skip,A,C,D,B,E,skip,D,C,B,E,A,skip,D,B,0.85,draw
1493,equalize,2,B,C,D,E,skip,A,C,D,B,E,skip,D,C,B,E,A,skip,D,B,C,0.85,draw
1493,equalize,3,C,D,E,skip,A,C,D,B,E,skip,D,C,B,E,A,skip,D,B,C,E,0.85,draw
1493,equalize,4,D,E,skip,A,C,D,B,E,skip,D,C,B,E,A,skip,D,B,C,E,A,0.85,draw
1493,equalize,5,E,skip,B,B,B,B,E,skip,C,C,B,E,A,skip,D,B,C,E,A,skip,0.8,draw
1493,equalize,6,skip,A,C,D,E,E,skip,A,A,A,A,A,skip,D,C,C,E,A,skip,D,0.8,draw
1494,equalize,1,A,B,A,C,D,skip,A,C,D,B,E,skip,D,C,B,E,A,skip,D,B,0.85,draw
1494,equalize,2,B,C,D,E,skip,A,C,D,B,E,skip,D,C,B,E,A,skip,D,B,C,0.85,draw
1494,equalize,3,C,D,E,skip,A,C,D,B,E,skip,D,C,B,E,A,skip,D,B,C,E,0.85,draw
1494,equalize,4,D,E,skip,A,C,D,B,E,skip,D,C,B,E,A,skip,D,B,C,E,A,0.85,draw
1494,equalize,5,E,skip,B,B,B,B,E,skip,C,C,B,E,A,skip,D,B,C,E,A,skip,0.8,draw
1494,equalize,6,skip,A,C,D,E,E,skip,A,A,A,A,A,skip,D,C,C,E,A,skip,D,0.8,draw
1495,equalize,1,A,B,A,C,D,skip,A,C,D,B,E,skip,D,C,B,E,A,skip,D,B,0.85,draw
1495,equalize,2,B,C,D,E,skip,A,C,D,B,E,skip,D,C,B,E,A,skip,D,B,C,0.85,draw
1495,equalize,3,C,D,E,skip,A,C,D,B,E,skip,D,C,B,E,A,skip,D,B,C,E,0.85,draw
1495,equalize,4,D,E,skip,A,C,D,B,E,skip,D,C,B,E,A,skip,D,B,C,E,A,0.85,draw
1495,equalize,5,E,skip,B,B,B,B,E,skip,C,C,B,E,A,skip,D,B,C,E,A,skip,0.8,draw
1495,equalize,6,skip,A,C,D,E,E,skip,A,A,A,A,A,skip,D,C,C,E,A,skip,D,0.8,draw
1496,equalize,1,A,B,A,C,D,skip,A,C,D,B,E,skip,D,C,B,E,A,skip,D,B,0.85,draw
1496,equalize,2,B,C,D,E,skip,A,C,D,B,E,skip,D,C,B,E,A,skip,D,B,C,0.85,draw
1496,equalize,3,C,D,E,skip,A,C,D,B,E,skip,D,C,B,E,A,skip,D,B,C,E,0.85,draw
1496,equalize,4,D,E,skip,A,C,D,B,E,skip,D,C,B,E,A,skip,D,B,C,E,A,0.85,draw
1496,equalize,5,E,skip,B,B,B,B,E,skip,C,C,B,E,A,skip,D,B,C,E,A,skip,0.8,draw
1496,equalize,6,skip,A,C,D,E,E,skip,A,A,A,A,A,skip,D,C,C,E,A,skip,D,0.8,draw
1497,equalize,1,A,B,A,C,D,skip,A,C,D,B,E,skip,D,C,B,E,A,skip,D,B,0.85,draw
1497,equalize,2,B,C,D,E,skip,A,C,D,B,E,skip,D,C,B,E,A,skip,D,B,C,0.85,draw
1497,equalize,3,C,D,E,skip,A,C,D,B,E,skip,D,C,B,E,A,skip,D,B,C,E,0.85,draw
1497,equalize,4,D,E,skip,A,C,D,B,E,skip,D,C,B,E,A,skip,D,B,C,E,A,0.85,draw
1497,equalize,5,E,skip,B,B,B,B,E,skip,C,C,B,E,A,skip,D,B,C,E,A,skip,0.8,draw
1497,equalize,6,skip,A,C,D,E,E,skip,A,A,A,A,A,skip,D,C,C,E,A,skip,D,0.8,draw
1498,equalize,1,A,B,A,C,D,skip,A,C,D,B,E,skip,D,C,B,E,A,skip,D,B,0.85,draw
1498,equalize,2,B,C,D,E,skip,A,C,D,B,E,skip,D,C,B,E,A,skip,D,B,C,0.85,draw
1498,equalize,3,C,D,E,skip,A,C,D,B,E,skip,D,C,B,E,A,skip,D,B,C,E,0.85,draw
1498,equalize,4,D,E,skip,A,C,D,B,E,skip,D,C,B,E,A,skip,D,B,C,E,A,0.85,draw
1498,equalize,5,E,skip,B,B,B,B,E,skip,C,C,B,E,A,skip,D,B,C,E,A,skip,0.8,draw
1498,equalize,6,skip,A,C,D,E,E,skip,A,A,A,A,A,skip,D,C,C,E,A,skip,D,0.8,draw
1499,equalize,1,A,B,A,C,D,skip,A,C,D,B,E,skip,D,C,B,E,A,skip,D,B,0.85,draw
1499,equalize,2,B,C,D,E,skip,A,C,D,B,E,skip,D,C,B,E,A,skip,D,B,C,0.85,draw
1499,equalize,3,C,D,E,skip,A,C,D,B,E,skip,D,C,B,E,A,skip,D,B,C,E,0.85,draw
1499,equalize,4,D,E,skip,A,C,D,B,E,skip,D,C,B,E,A,skip,D,B,C,E,A,0.85,draw
1499,equalize,5,E,skip,B,B,B,B,E,skip,C,C,B,E,A,skip,D,B,C,E,A,skip,0.8,draw
1499,equalize,6,skip,A,C,D,E,E,skip,A,A,A,A,A,skip,D,C,C,E,A,skip,D,0.8,draw
1500,equalize,1,A,B,A,C,D,skip,A,C,D,B,E,skip,D,C,B,E,A,skip,D,B,0.85,draw
1500,equalize,2,B,C,D,E,skip,A,C,D,B,E,skip,D,C,B,E,A,skip,D,B,C,0.85,draw
1500,equalize,3,C,D,E,skip,A,C,D,B,E,skip,D,C,B,E,A,skip,D,B,C,E,0.85,draw
1500,equalize,4,D,E,skip,A,C,D,B,E,skip,D,C,B,E,A,skip,D,B,C,E,A,0.85,draw
1500,equalize,5,E,skip,B,B,B,B,E,skip,C,C,B,E,A,skip,D,B,C,E,A,skip,0.8,draw
1500,equalize,6,skip,A,C,D,E,E,skip,A,A,A,A,A,skip,D,C,C,E,A,skip,D,0.8,draw
1501,random,1,E,E,D,B,skip,skip,D,D,E,A,D,D,D,skip,C,C,C,B,skip,C,0.35,turntaking
1501,turntaking,2,A,A,B,B,E,E,E,A,E,E,A,A,B,B,B,A,B,B,A,B,0.55,turntaking
1501,turntaking,3,B,B,E,E,B,B,B,E,B,B,E,B,E,E,E,B,E,E,B,E,0.5,turntaking
1501,random,4,C,E,B,C,skip,A,A,skip,skip,B,skip,C,C,A,E,D,C,C,C,C,0.35,turntaking
1501,random,5,A,C,C,D,C,B,B,A,E,B,skip,E,C,E,D,A,A,A,C,skip,0.4,turntaking
1501,random,6,E,B,skip,E,A,A,D,C,A,skip,E,D,skip,B,E,skip,E,E,A,C,0.15,turntaking
1502,random,1,A,B,E,D,E,D,E,skip,B,A,D,C,C,C,skip,E,D,A,D,E,0.45,turntaking
1502,random,2,E,C,skip,B,C,A,A,C,C,E,D,skip,skip,E,E,A,C,B,D,D,0.3,turntaking
1502,turntaking,3,B,B,E,E,E,B,E,B,E,E,B,B,E,E,B,B,A,B,B,B,0.55,turntaking
1502,random,4,B,B,D,C,skip,B,A,E,A,E,D,A,skip,B,skip,skip,E,C,C,E,0.35,turntaking
1502,random,5,D,A,skip,D,E,E,D,skip,skip,C,D,E,B,B,D,A,C,D,A,E,0.45,turntaking
1502,turntaking,6,E,E,A,A,B,A,B,A,B,B,A,A,B,B,E,A,B,E,E,E,0.55,turntaking
1503,random,1,E,D,A,skip,A,skip,C,A,C,C,C,D,skip,A,B,D,C,B,A,B,0.55,turntaking
1503,random,2,E,C,E,E,E,A,B,C,A,A,skip,E,E,C,C,E,skip,A,E,D,0.25,turntaking
1503,turntaking,3,B,B,D,B,C,B,B,C,C,B,E,C,C,C,C,E,C,C,B,B,0.45,turntaking
1503,turntaking,4,C,C,B,E,E,C,C,E,E,E,B,E,E,E,E,B,B,E,C,C,0.45,turntaking
1503,random,5,C,C,skip,B,A,E,A,B,E,B,D,skip,A,D,skip,B,B,E,skip,A,0.2,turntaking
1503,random,6,B,E,E,C,skip,E,skip,B,C,D,skip,skip,B,skip,C,E,B,E,E,A,0.2,turntaking
1504,random,1,skip,B,skip,C,E,B,skip,B,A,C,B,B,skip,skip,C,E,skip,E,E,skip,0.35,turntaking
1504,turntaking,2,A,A,A,A,A,A,A,A,B,A,B,A,B,B,A,B,A,B,A,B,0.6,turntaking
1504,random,3,skip,B,A,E,C,E,A,D,D,B,B,B,D,E,D,E,A,C,C,A,0.35,turntaking
1504,random,4,skip,skip,C,E,D,B,E,C,B,D,B,C,E,skip,E,D,C,D,E,A,0.2,turntaking
1504,turntaking,5,D,D,B,D,D,D,D,D,D,D,A,D,D,D,B,D,B,D,B,D,0.55,turntaking
1504,random,6,B,D,skip,D,A,skip,A,skip,skip,D,D,B,E,B,E,D,C,D,A,C,0.15,turntaking
1505,random,1,C,C,C,E,E,C,C,B,B,D,C,E,skip,B,skip,B,skip,E,A,D,0.3,turntaking
1505,random,2,C,A,B,B,B,A,A,B,D,B,C,skip,C,C,skip,B,D,B,skip,A,0.25,turntaking
1505,turntaking,3,B,B,D,B,D,D,D,B,D,D,B,B,B,D,B,D,B,D,D,C,0.65,turntaking
1505,random,4,skip,D,skip,D,A,E,A,E,C,B,D,D,A,skip,E,E,skip,D,skip,E,0.3,turntaking
1505,turntaking,5,D,D,C,D,C,C,C,D,C,C,C,D,C,C,D,C,C,C,C,D,0.35,turntaking
1505,random,6,C,A,B,C,E,E,B,D,A,D,B,A,E,skip,A,C,A,E,D,E,0.35,turntaking
1506,random,1,E,C,D,skip,skip,B,D,E,B,C,D,B,C,A,skip,D,skip,B,B,B,0.2,turntaking
1506,random,2,A,C,D,skip,C,D,skip,E,C,skip,D,B,C,skip,B,B,D,skip,C,E,0.15,turntaking
1506,random,3,A,C,E,D,A,C,skip,C,skip,E,E,A,B,E,A,C,B,E,C,E,0.3,turntaking
1506,random,4,D,skip,B,E,D,B,A,C,D,D,A,D,A,skip,D,B,B,B,E,skip,0.35,turntaking
1506,turntaking,5,D,E,E,C,D,E,C,A,C,C,C,D,D,C,A,E,E,E,E,E,0.5,turntaking
1506,turntaking,6,E,D,D,E,E,C,D,E,E,E,E,E,E,D,C,D,D,D,D,D,0.5,turntaking
1507,turntaking,1,skip,D,B,A,B,A,A,A,E,A,E,E,D,A,D,A,A,A,E,E,0.5,turntaking
1507,turntaking,2,A,E,E,B,E,B,B,B,A,B,B,B,B,B,B,B,B,B,A,A,0.5,turntaking
1507,random,3,A,skip,A,B,A,D,B,B,D,skip,C,D,E,A,C,skip,C,A,D,E,0.3,turntaking
1507,random,4,skip,B,A,skip,D,C,B,E,A,A,A,D,D,skip,E,E,E,C,E,C,0.4,turntaking
1507,random,5,E,C,B,E,C,A,skip,D,skip,C,D,A,skip,A,B,E,C,B,B,B,0.45,turntaking
1507,random,6,A,C,skip,A,skip,skip,B,B,D,A,B,skip,B,E,skip,C,B,D,C,C,0.2,turntaking
1508,turntaking,1,skip,A,A,A,B,B,A,A,B,A,B,A,A,A,B,A,A,A,A,A,0.4,turntaking
1508,random,2,E,D,C,D,skip,B,C,B,D,C,B,E,C,C,skip,skip,A,D,D,B,0.25,turntaking
1508,turntaking,3,B,B,B,B,A,D,D,B,A,D,A,D,D,D,D,D,B,B,B,B,0.55,turntaking
1508,random,4,skip,D,D,A,A,B,C,D,B,C,skip,B,A,D,B,C,E,skip,D,C,0.2,turntaking
1508,random,5,A,B,A,skip,B,E,A,D,D,E,B,B,D,A,C,E,C,skip,B,D,0.35,turntaking
1508,random,6,E,E,B,skip,A,skip,C,C,E,C,A,E,A,A,E,skip,skip,E,C,E,0.35,turntaking
1509,turntaking,1,skip,D,E,E,C,E,C,C,E,A,A,E,E,C,C,E,E,C,E,C,0.4,turntaking
1509,random,2,C,E,E,A,D,C,skip,E,C,B,A,D,D,E,E,skip,D,E,C,skip,0.4,turntaking
1509,random,3,C,skip,skip,B,C,E,A,C,B,B,E,D,E,A,B,A,C,B,A,E,0.4,turntaking
1509,random,4,C,C,C,E,A,D,E,B,E,C,D,B,E,D,C,skip,B,skip,D,A,0.4,turntaking
1509,random,5,C,D,B,A,C,E,skip,C,E,A,skip,A,A,skip,C,A,D,A,D,A,0.2,turntaking
1509,turntaking,6,E,B,D,A,E,A,E,A,A,D,D,C,C,D,A,C,C,E,C,E,0.6,turntaking
1510,random,1,C,skip,E,B,E,C,B,B,A,B,E,D,C,C,B,skip,B,skip,skip,A,0.35,turntaking
1510,turntaking,2,A,E,B,D,D,E,E,E,E,E,E,E,E,A,A,A,E,E,E,E,0.6,turntaking
1510,random,3,C,B,A,E,A,A,C,E,D,C,skip,D,E,D,C,skip,B,A,B,skip,0.5,turntaking
1510,turntaking,4,C,D,D,C,C,C,C,C,C,C,C,C,C,E,E,E,C,C,C,C,0.5,turntaking
1510,random,5,D,skip,E,C,B,B,D,E,skip,skip,C,A,skip,C,skip,A,E,B,skip,D,0.25,turntaking
1510,random,6,skip,skip,C,A,E,B,E,A,skip,A,A,E,C,A,E,D,C,B,D,C,0.35,turntaking
1511,random,1,A,B,D,skip,C,C,B,E,D,D,A,D,skip,B,E,skip,B,B,B,B,0.55,turntaking
1511,random,2,skip,C,B,A,A,C,B,skip,skip,B,B,C,skip,A,C,B,C,E,E,D,0.25,turntaking
1511,random,3,B,skip,A,D,A,B,C,A,D,B,A,E,skip,D,D,A,C,skip,D,C,0.15,turntaking
1511,turntaking,4,C,D,D,D,D,C,C,D,D,A,A,C,A,A,D,D,D,D,D,A,0.4,turntaking
1511,turntaking,5,D,A,A,A,A,D,D,C,A,C,C,E,D,C,C,A,A,A,A,C,0.5,turntaking
1511,random,6,A,D,B,C,A,D,A,C,skip,E,D,E,E,D,B,skip,D,A,E,skip,0.3,turntaking
1512,random,1,B,C,A,B,skip,skip,D,B,B,D,E,A,D,A,E,skip,D,A,E,D,0.1,turntaking
1512,random,2,A,B,B,skip,C,skip,D,skip,A,A,E,skip,C,D,C,C,skip,C,E,D,0.25,turntaking
1512,random,3,B,B,A,C,A,D,E,A,C,D,D,D,D,E,D,A,A,B,B,skip,0.35,turntaking
1512,turntaking,4,C,C,B,A,C,C,A,A,A,A,A,A,A,A,B,A,B,A,A,A,0.45,turntaking
1512,random,5,D,C,A,skip,A,skip,D,B,skip,skip,B,D,E,A,E,C,C,B,B,A,0.1,turntaking
1512,turntaking,6,E,E,E,E,A,B,C,B,B,B,B,C,B,B,D,B,C,B,B,B,0.6,turntaking
1513,turntaking,1,skip,E,D,D,E,D,D,D,D,A,E,A,E,A,E,A,A,A,E,A,0.5,turntaking
1513,random,2,E,A,A,D,C,B,C,A,C,B,D,B,A,A,D,D,B,A,C,skip,0.25,turntaking
1513,random,3,E,D,A,skip,A,D,E,B,E,C,A,skip,skip,E,D,D,C,E,skip,B,0.2,turntaking
1513,turntaking,4,C,D,E,E,D,A,E,E,E,D,D,E,D,E,D,E,E,E,D,E,0.4,turntaking
1513,random,5,D,D,C,E,B,skip,C,E,D,A,D,B,C,B,B,E,C,A,E,C,0.3,turntaking
1513,random,6,A,E,A,B,B,B,C,A,E,B,B,B,D,D,D,A,B,skip,D,B,0.2,turntaking
1514,random,1,A,A,E,D,D,C,C,E,skip,D,C,skip,B,B,C,D,E,C,D,A,0.35,turntaking
1514,turntaking,2,A,A,E,E,D,E,D,B,E,B,B,A,A,A,A,B,A,A,A,A,0.5,turntaking
1514,random,3,B,D,B,skip,E,A,C,skip,A,A,D,D,A,E,A,E,C,A,C,B,0.5,turntaking
1514,random,4,D,A,E,D,B,B,B,B,skip,A,skip,skip,D,D,A,E,B,E,B,C,0.2,turntaking
1514,random,5,C,C,D,D,B,D,B,B,B,E,A,skip,D,A,A,D,E,skip,E,B,0.4,turntaking
1514,turntaking,6,E,E,C,A,A,B,E,A,A,A,E,B,B,B,B,D,B,B,B,B,0.55,turntaking
1515,turntaking,1,skip,E,C,D,D,C,C,B,E,A,A,C,A,C,A,E,E,C,D,D,0.65,turntaking
1515,random,2,skip,C,B,D,skip,A,D,E,D,A,E,D,C,skip,C,skip,E,B,skip,B,0.15,turntaking
1515,random,3,D,D,C,C,A,D,D,A,A,D,D,D,skip,C,C,A,skip,B,B,B,0.2,turntaking
1515,random,4,C,C,C,A,A,skip,skip,E,C,skip,C,A,E,D,D,skip,B,A,B,A,0.4,turntaking
1515,turntaking,5,D,D,D,E,C,D,D,C,C,C,C,D,C,D,C,A,A,D,C,C,0.35,turntaking
1515,random,6,E,skip,skip,E,B,B,B,D,A,E,E,B,B,D,C,D,skip,C,skip,C,0.45,turntaking
1516,rotate,1,A,B,C,D,E,skip,A,B,C,D,E,skip,A,B,C,D,E,skip,A,B,0.4,rotate
1516,turntaking,2,A,A,A,E,A,E,E,E,E,B,E,E,A,E,A,A,E,A,E,A,0.2,rotate
1516,turntaking,3,B,E,E,D,E,A,A,A,A,E,B,A,B,A,B,E,B,E,A,B,0.35,rotate
1516,rotate,4,D,E,skip,A,B,C,D,E,skip,A,B,C,D,E,skip,A,B,C,D,E,0.55,rotate
1516,rotate,5,E,skip,A,B,C,D,E,skip,A,B,C,D,E,skip,A,B,C,D,E,skip,0.5,rotate
1516,rotate,6,skip,A,B,C,D,E,skip,A,B,C,D,E,skip,A,B,C,D,E,skip,A,0.4,rotate
1517,rotate,1,A,B,C,D,E,skip,A,B,C,D,E,skip,A,B,C,D,E,skip,A,B,0.6,rotate
1517,rotate,2,B,C,D,E,skip,A,B,C,D,E,skip,A,B,C,D,E,skip,A,B,C,0.4,rotate
1517,turntaking,3,B,B,B,B,B,C,B,B,B,B,D,B,B,B,D,B,B,B,B,D,0.3,rotate
1517,rotate,4,D,E,skip,A,B,C,D,E,skip,A,B,C,D,E,skip,A,B,C,D,E,0.55,rotate
1517,rotate,5,E,skip,A,B,C,D,E,skip,A,B,C,D,E,skip,A,B,C,D,E,skip,0.4,rotate
1517,turntaking,6,E,E,E,E,E,A,E,E,E,E,A,E,E,E,A,E,E,E,E,A,0.3,rotate
1518,rotate,1,A,B,C,D,E,skip,A,B,C,D,E,skip,A,B,C,D,E,skip,A,B,0.35,rotate
1518,rotate,2,B,C,D,E,skip,A,B,C,D,E,skip,A,B,C,D,E,skip,A,B,C,0.5,rotate
1518,turntaking,3,B,B,B,E,B,B,E,E,E,A,A,B,A,B,B,E,A,B,A,A,0.45,rotate
1518,turntaking,4,C,E,E,D,E,E,B,B,B,E,E,E,B,E,E,B,E,E,B,B,0.25,rotate
1518,rotate,5,E,skip,A,B,C,D,E,skip,A,B,C,D,E,skip,A,B,C,D,E,skip,0.7,rotate
1518,rotate,6,skip,A,B,C,D,E,skip,A,B,C,D,E,skip,A,B,C,D,E,skip,A,0.45,rotate
1519,rotate,1,A,B,C,D,E,skip,A,B,C,D,E,skip,A,B,C,D,E,skip,A,B,0.45,rotate
1519,turntaking,2,A,A,A,E,D,E,D,D,A,D,E,D,A,D,E,A,A,D,D,E,0.25,rotate
1519,rotate,3,C,D,E,skip,A,B,C,D,E,skip,A,B,C,D,E,skip,A,B,C,D,0.55,rotate
1519,rotate,4,D,E,skip,A,B,C,D,E,skip,A,B,C,D,E,skip,A,B,C,D,E,0.45,rotate
1519,turntaking,5,D,D,D,A,A,D,A,A,D,A,C,A,D,A,C,D,D,A,A,C,0.35,rotate
1519,rotate,6,skip,A,B,C,D,E,skip,A,B,C,D,E,skip,A,B,C,D,E,skip,A,0.5,rotate
1520,rotate,1,A,B,C,D,E,skip,A,B,C,D,E,skip,A,B,C,D,E,skip,A,B,0.55,rotate
1520,rotate,2,B,C,D,E,skip,A,B,C,D,E,skip,A,B,C,D,E,skip,A,B,C,0.5,rotate
1520,turntaking,3,B,B,B,D,D,D,D,B,B,D,B,D,D,D,D,B,B,B,D,A,0.25,rotate
1520,rotate,4,D,E,skip,A,B,C,D,E,skip,A,B,C,D,E,skip,A,B,C,D,E,0.4,rotate
1520,turntaking,5,D,D,A,A,B,B,B,D,D,A,A,B,B,B,A,D,A,D,B,C,0.45,rotate
1520,rotate,6,skip,A,B,C,D,E,skip,A,B,C,D,E,skip,A,B,C,D,E,skip,A,0.6,rotate
1521,rotate,1,A,B,C,D,E,skip,A,B,C,D,E,skip,A,B,C,D,E,skip,A,B,0.75,rotate
1521,rotate,2,B,C,D,E,skip,A,B,C,D,E,skip,A,B,C,D,E,skip,A,B,C,0.55,rotate
1521,rotate,3,C,D,E,skip,A,B,C,D,E,skip,A,B,C,D,E,skip,A,B,C,D,0.4,rotate
1521,rotate,4,D,E,skip,A,B,C,D,E,skip,A,B,C,D,E,skip,A,B,C,D,E,0.4,rotate
1521,turntaking,5,D,D,D,E,E,D,E,D,D,E,C,E,E,D,D,D,A,E,E,D,0.35,rotate
1521,turntaking,6,E,E,E,C,D,C,D,E,E,C,A,D,D,E,E,E,C,D,D,E,0.35,rotate
1522,turntaking,1,skip,E,E,E,E,E,E,E,E,A,A,A,A,E,A,A,E,A,A,A,0.35,rotate
1522,turntaking,2,A,D,D,A,A,A,A,A,A,D,E,E,E,A,D,E,D,E,E,D,0.4,rotate
1522,rotate,3,C,D,E,skip,A,B,C,D,E,skip,A,B,C,D,E,skip,A,B,C,D,0.55,rotate
1522,rotate,4,D,E,skip,A,B,C,D,E,skip,A,B,C,D,E,skip,A,B,C,D,E,0.55,rotate
1522,rotate,5,E,skip,A,B,C,D,E,skip,A,B,C,D,E,skip,A,B,C,D,E,skip,0.55,rotate
1522,rotate,6,skip,A,B,C,D,E,skip,A,B,C,D,E,skip,A,B,C,D,E,skip,A,0.45,rotate
1523,turntaking,1,skip,E,E,E,E,A,E,E,E,E,C,B,E,E,B,B,E,B,E,D,0.35,rotate
1523,rotate,2,B,C,D,E,skip,A,B,C,D,E,skip,A,B,C,D,E,skip,A,B,C,0.45,rotate
1523,turntaking,3,B,B,B,B,B,E,B,B,B,B,A,E,B,B,A,E,A,E,B,A,0.25,rotate
1523,rotate,4,D,E,skip,A,B,C,D,E,skip,A,B,C,D,E,skip,A,B,C,D,E,0.65,rotate
1523,rotate,5,E,skip,A,B,C,D,E,skip,A,B,C,D,E,skip,A,B,C,D,E,skip,0.4,rotate
1523,rotate,6,skip,A,B,C,D,E,skip,A,B,C,D,E,skip,A,B,C,D,E,skip,A,0.45,rotate
1524,turntaking,1,skip,D,D,C,D,D,E,E,E,C,C,E,E,E,C,E,C,D,D,E,0.25,rotate
1524,rotate,2,B,C,D,E,skip,A,B,C,D,E,skip,A,B,C,D,E,skip,A,B,C,0.65,rotate
1524,rotate,3,C,D,E,skip,A,B,C,D,E,skip,A,B,C,D,E,skip,A,B,C,D,0.55,rotate
1524,rotate,4,D,E,skip,A,B,C,D,E,skip,A,B,C,D,E,skip,A,B,C,D,E,0.45,rotate
1524,rotate,5,E,skip,A,B,C,D,E,skip,A,B,C,D,E,skip,A,B,C,D,E,skip,0.35,rotate
1524,turntaking,6,E,E,E,D,E,E,D,D,D,A,D,D,D,D,E,D,D,E,E,C,0.35,rotate
1525,rotate,1,A,B,C,D,E,skip,A,B,C,D,E,skip,A,B,C,D,E,skip,A,B,0.4,rotate
1525,turntaking,2,A,A,A,C,C,C,C,C,A,A,E,C,C,C,E,C,E,C,C,D,0.3,rotate
1525,rotate,3,C,D,E,skip,A,B,C,D,E,skip,A,B,C,D,E,skip,A,B,C,D,0.4,rotate
1525,turntaking,4,C,C,E,E,E,A,A,A,C,C,A,A,A,A,C,A,A,A,A,E,0.35,rotate
1525,rotate,5,E,skip,A,B,C,D,E,skip,A,B,C,D,E,skip,A,B,C,D,E,skip,0.65,rotate
1525,rotate,6,skip,A,B,C,D,E,skip,A,B,C,D,E,skip,A,B,C,D,E,skip,A,0.5,rotate
1526,rotate,1,A,B,C,D,E,skip,A,B,C,D,E,skip,A,B,C,D,E,skip,A,B,0.55,turntaking
1526,rotate,2,B,C,D,E,skip,A,B,C,D,E,skip,A,B,C,D,E,skip,A,B,C,0.5,turntaking
1526,rotate,3,C,D,E,skip,A,B,C,D,E,skip,A,B,C,D,E,skip,A,B,C,D,0.3,turntaking
1526,turntaking,4,C,C,C,D,D,C,D,C,C,D,B,D,D,C,C,C,A,D,D,C,0.35,turntaking
1526,turntaking,5,D,D,D,B,C,B,C,D,D,B,A,C,C,D,D,D,B,C,C,D,0.35,turntaking
1526,rotate,6,skip,A,B,C,D,E,skip,A,B,C,D,E,skip,A,B,C,D,E,skip,A,0.7,turntaking
1527,rotate,1,A,B,C,D,E,skip,A,B,C,D,E,skip,A,B,C,D,E,skip,A,B,0.65,rotate
1527,rotate,2,B,C,D,E,skip,A,B,C,D,E,skip,A,B,C,D,E,skip,A,B,C,0.5,rotate
1527,rotate,3,C,D,E,skip,A,B,C,D,E,skip,A,B,C,D,E,skip,A,B,C,D,0.4,rotate
1527,turntaking,4,C,C,C,E,E,C,E,E,E,A,A,E,E,E,A,E,A,E,E,B,0.3,rotate
1527,rotate,5,E,skip,A,B,C,D,E,skip,A,B,C,D,E,skip,A,B,C,D,E,skip,0.4,rotate
1527,turntaking,6,E,E,E,A,C,A,C,C,C,E,C,C,C,C,E,C,C,C,C,A,0.3,rotate
1528,turntaking,1,skip,E,A,C,C,A,C,C,C,C,A,C,A,C,A,A,C,C,E,E,0.35,rotate
1528,rotate,2,B,C,D,E,skip,A,B,C,D,E,skip,A,B,C,D,E,skip,A,B,C,0.55,rotate
1528,rotate,3,C,D,E,skip,A,B,C,D,E,skip,A,B,C,D,E,skip,A,B,C,D,0.45,rotate
1528,turntaking,4,C,C,C,A,A,E,A,A,A,A,E,A,C,A,E,C,A,A,C,A,0.25,rotate
1528,rotate,5,E,skip,A,B,C,D,E,skip,A,B,C,D,E,skip,A,B,C,D,E,skip,0.5,rotate
1528,rotate,6,skip,A,B,C,D,E,skip,A,B,C,D,E,skip,A,B,C,D,E,skip,A,0.45,rotate
1529,rotate,1,A,B,C,D,E,skip,A,B,C,D,E,skip,A,B,C,D,E,skip,A,B,0.4,rotate
1529,turntaking,2,A,A,A,D,E,D,E,E,E,A,E,A,A,E,A,E,E,A,A,D,0.2,rotate
1529,rotate,3,C,D,E,skip,A,B,C,D,E,skip,A,B,C,D,E,skip,A,B,C,D,0.65,rotate
1529,rotate,4,D,E,skip,A,B,C,D,E,skip,A,B,C,D,E,skip,A,B,C,D,E,0.55,rotate
1529,rotate,5,E,skip,A,B,C,D,E,skip,A,B,C,D,E,skip,A,B,C,D,E,skip,0.4,rotate
1529,turntaking,6,E,E,E,A,A,E,A,A,A,D,D,E,E,A,D,A,D,E,E,C,0.45,rotate
1530,turntaking,1,skip,C,C,B,C,C,C,C,C,E,E,C,C,C,B,C,C,C,C,B,0.35,rotate
1530,rotate,2,B,C,D,E,skip,A,B,C,D,E,skip,A,B,C,D,E,skip,A,B,C,0.55,rotate
1530,rotate,3,C,D,E,skip,A,B,C,D,E,skip,A,B,C,D,E,skip,A,B,C,D,0.5,rotate
1530,rotate,4,D,E,skip,A,B,C,D,E,skip,A,B,C,D,E,skip,A,B,C,D,E,0.45,rotate
1530,turntaking,5,D,D,D,C,D,D,D,D,D,C,D,D,D,D,E,D,D,D,D,E,0.2,rotate
1530,rotate,6,skip,A,B,C,D,E,skip,A,B,C,D,E,skip,A,B,C,D,E,skip,A,0.45,rotate
1531,random3,1,A,A,A,A,A,A,A,A,A,A,B,B,B,E,E,E,E,B,B,B,0.35,random3
1531,turntaking,2,A,A,A,C,B,E,A,E,C,C,C,C,C,C,C,C,E,E,C,A,0.3,random3
1531,turntaking,3,B,B,B,E,A,B,E,C,E,E,E,E,B,E,E,E,C,A,D,C,0.35,random3
1531,random3,4,C,C,C,C,C,C,C,C,C,C,C,C,C,E,E,E,E,E,E,E,0.4,random3
1531,random3,5,B,B,B,D,D,D,D,D,D,D,D,D,D,D,D,D,D,D,D,D,0.8,random3
1531,random3,6,E,E,E,E,E,E,A,A,A,A,A,A,A,A,A,A,A,A,C,C,0.55,random3
1532,random3,1,E,D,B,B,B,D,B,B,B,B,B,C,B,B,C,C,C,C,C,C,0.35,turntaking
1532,random3,2,D,D,D,D,D,D,D,E,E,E,E,E,E,E,E,E,E,E,E,E,0.85,turntaking
1532,turntaking,3,B,C,E,E,E,E,D,D,D,D,D,D,D,D,D,D,D,D,B,B,0.6,turntaking
1532,random3,4,C,C,C,B,B,A,B,B,D,C,C,C,B,C,C,D,D,D,B,B,0.2,turntaking
1532,random3,5,A,A,A,A,A,A,A,A,A,A,A,A,A,A,A,A,A,A,A,A,0.95,turntaking
1532,turntaking,6,E,E,C,C,C,C,C,C,C,B,B,B,B,B,B,B,B,B,D,D,0.7,turntaking
1533,random3,1,B,A,A,A,A,A,E,E,E,E,E,E,E,E,E,E,B,B,B,B,0.4,turntaking
1533,random3,2,E,E,D,D,D,D,D,D,D,D,D,D,D,D,D,D,D,D,D,D,0.85,turntaking
1533,turntaking,3,B,B,B,A,C,B,E,B,E,A,B,E,C,C,B,C,B,C,C,C,0.4,turntaking
1533,turntaking,4,C,E,C,C,E,A,C,A,C,B,C,C,B,E,C,E,C,E,E,B,0.3,turntaking
1533,random3,5,C,C,C,C,C,C,C,C,C,A,C,A,A,A,A,A,A,A,A,A,0.6,turntaking
1533,random3,6,E,E,E,E,E,B,E,B,B,B,B,B,B,B,B,D,B,B,B,B,0.25,turntaking
1534,random3,1,A,A,A,A,A,A,A,A,A,A,A,A,A,A,B,B,B,B,B,B,0.5,turntaking
1534,turntaking,2,A,D,A,C,E,C,E,C,A,C,C,C,E,C,E,C,C,C,C,C,0.45,turntaking
1534,random3,3,E,C,C,C,C,C,C,C,C,C,C,C,C,C,B,B,E,E,E,E,0.25,turntaking
1534,random3,4,E,E,E,D,D,D,D,D,D,D,D,D,D,D,D,D,D,D,D,D,0.85,turntaking
1534,turntaking,5,D,C,E,A,A,E,A,E,C,E,E,A,B,A,B,A,A,A,A,A,0.5,turntaking
1534,random3,6,E,B,B,B,B,B,B,B,B,B,B,B,B,E,E,E,E,D,E,E,0.65,turntaking
1535,random3,1,E,E,E,E,E,D,A,A,A,A,A,E,E,A,A,A,A,C,C,C,0.45,turntaking
1535,random3,2,C,C,C,C,C,C,C,C,C,C,C,C,C,C,C,C,C,C,D,D,0.9,turntaking
1535,turntaking,3,B,A,A,A,D,D,D,D,D,E,D,D,D,D,E,E,E,E,D,E,0.65,turntaking
1535,random3,4,D,D,B,A,E,E,E,E,E,E,A,E,E,E,E,E,D,D,D,A,0.25,turntaking
1535,turntaking,5,D,D,D,D,A,A,A,E,A,D,A,A,A,E,A,A,A,A,E,A,0.45,turntaking
1535,random3,6,A,A,B,B,B,B,B,B,B,B,B,B,B,B,B,B,B,B,B,B,0.9,turntaking
1536,random3,1,B,B,B,B,B,B,B,B,B,B,B,B,B,B,B,B,B,B,B,B,1.0,turntaking
1536,random3,2,A,A,E,E,E,E,D,D,E,E,E,E,E,E,E,E,E,E,E,E,0.55,turntaking
1536,random3,3,D,D,D,D,D,A,A,A,E,E,A,A,D,D,D,D,A,D,D,D,0.15,turntaking
1536,random3,4,D,C,C,C,C,C,C,C,C,C,C,C,C,C,C,C,C,C,C,C,0.95,turntaking
1536,turntaking,5,D,E,A,E,D,A,D,D,D,D,D,D,D,D,D,D,A,D,D,A,0.35,turntaking
1536,turntaking,6,E,A,D,A,A,E,A,A,A,A,A,A,A,A,A,A,E,A,A,E,0.55,turntaking
1537,turntaking,1,skip,E,E,E,E,B,E,C,E,E,B,C,B,C,C,C,C,C,C,D,0.35,turntaking
1537,turntaking,2,A,B,B,B,B,C,C,D,C,C,C,B,D,D,D,D,D,D,D,B,0.6,turntaking
1537,random3,3,D,D,D,D,D,D,D,D,D,D,D,D,E,E,E,E,E,E,E,E,0.85,turntaking
1537,random3,4,B,B,A,A,A,A,A,A,A,A,A,A,A,A,A,A,A,A,A,A,0.95,turntaking
1537,random3,5,C,C,C,C,C,C,C,B,B,B,D,D,D,D,B,B,B,B,B,B,0.5,turntaking
1537,random3,6,E,E,E,E,E,E,E,B,B,B,C,C,C,C,C,C,C,C,C,C,0.2,turntaking
1538,turntaking,1,skip,E,E,E,B,A,A,A,A,C,A,B,A,A,A,B,B,A,E,C,0.55,turntaking
1538,random3,2,E,E,E,D,D,E,E,E,E,E,E,E,E,C,C,C,C,C,E,E,0.25,turntaking
1538,turntaking,3,B,A,A,A,A,E,B,E,B,A,B,E,B,B,B,E,E,B,C,A,0.5,turntaking
1538,random3,4,B,B,C,C,C,C,C,C,C,C,C,C,C,C,C,C,C,C,E,E,0.45,turntaking
1538,random3,5,B,B,B,B,B,B,B,B,B,C,C,E,E,A,A,A,A,A,A,A,0.35,turntaking
1538,random3,6,A,A,A,A,D,E,E,E,D,D,D,D,D,D,D,D,D,D,D,D,0.65,turntaking
1539,turntaking,1,skip,A,D,A,D,A,A,E,D,E,A,D,A,D,D,D,A,D,E,E,0.35,turntaking
1539,random3,2,D,D,D,D,C,C,C,C,C,C,C,C,C,C,C,C,C,C,C,C,0.85,turntaking
1539,random3,3,A,A,A,A,A,A,E,D,D,D,D,D,E,E,E,E,E,E,A,A,0.4,turntaking
1539,random3,4,E,E,E,E,E,A,A,D,D,A,A,B,B,D,D,D,D,D,D,D,0.2,turntaking
1539,random3,5,D,B,B,B,B,B,B,B,B,B,B,B,B,B,B,B,B,B,B,B,0.85,turntaking
1539,turntaking,6,E,E,E,D,E,D,E,D,E,A,E,A,E,A,A,A,E,E,A,A,0.35,turntaking
1540,random3,1,A,E,E,E,E,E,E,E,E,E,A,E,E,E,E,E,E,E,E,E,0.85,turntaking
1540,turntaking,2,A,D,A,D,D,B,A,D,D,B,D,A,A,A,B,B,B,B,B,B,0.25,turntaking
1540,random3,3,A,A,A,A,A,A,A,A,A,C,C,C,B,C,C,C,C,A,D,D,0.45,turntaking
1540,turntaking,4,C,C,D,C,A,C,D,B,A,E,A,D,D,D,D,D,D,A,A,A,0.45,turntaking
1540,random3,5,D,D,D,D,D,C,D,D,D,C,C,C,B,B,D,A,C,C,C,C,0.2,turntaking
1540,random3,6,C,B,B,B,B,B,B,B,B,B,B,B,B,B,B,A,B,B,B,B,0.4,turntaking
1541,random3,1,C,C,D,D,D,D,D,D,D,D,D,D,D,D,D,D,D,D,D,D,0.9,random3
1541,random3,2,E,E,E,E,E,E,E,E,E,C,C,C,C,C,C,C,C,C,A,C,0.35,random3
1541,random3,3,A,A,A,A,A,A,B,B,B,B,B,B,B,B,B,B,B,B,B,B,0.4,random3
1541,turntaking,4,C,C,C,C,C,C,C,C,A,A,A,C,C,C,A,C,A,C,A,E,0.6,random3
1541,turntaking,5,D,B,B,B,B,A,A,B,B,B,B,A,B,B,C,B,C,B,E,C,0.25,random3
1541,random3,6,B,B,B,A,A,A,B,E,E,C,C,E,E,E,E,E,E,E,E,C,0.4,random3
1542,random3,1,E,E,E,E,E,E,E,E,E,E,E,E,E,E,E,E,E,E,E,E,0.55,turntaking
1542,random3,2,B,B,B,B,B,D,D,D,D,D,D,D,D,D,D,D,D,D,D,D,0.9,turntaking
1542,random3,3,C,C,A,A,A,A,A,A,A,A,A,A,A,A,A,A,A,A,A,A,0.8,turntaking
1542,turntaking,4,C,C,C,D,E,C,C,B,E,B,C,C,C,B,C,E,C,E,C,C,0.4,turntaking
1542,random3,5,D,D,D,D,B,B,B,B,E,C,A,A,D,C,C,C,C,C,C,C,0.25,turntaking
1542,turntaking,6,E,E,E,C,C,B,E,C,B,C,B,B,B,E,B,C,B,C,B,B,0.55,turntaking
1543,turntaking,1,skip,B,C,D,B,D,B,D,B,D,D,B,D,B,D,B,D,B,A,A,0.45,turntaking
1543,random3,2,A,A,A,A,A,A,C,C,C,C,A,A,A,A,A,A,A,B,B,C,0.3,turntaking
1543,random3,3,D,D,D,D,D,D,C,C,C,C,A,A,A,A,A,C,C,C,C,C,0.3,turntaking
1543,turntaking,4,C,C,D,C,D,A,D,A,D,C,C,D,C,D,A,D,A,A,D,D,0.7,turntaking
1543,random3,5,B,B,B,E,B,B,B,B,B,B,B,B,B,B,B,B,A,B,B,B,0.35,turntaking
1543,random3,6,B,B,B,E,E,E,E,E,E,E,E,E,E,E,E,E,E,E,E,E,0.8,turntaking
1544,random3,1,E,E,D,D,D,D,D,D,D,D,D,D,D,D,D,D,D,D,D,C,0.8,turntaking
1544,turntaking,2,A,B,A,A,A,A,B,C,B,C,B,B,B,B,B,B,B,B,B,C,0.6,turntaking
1544,random3,3,B,B,B,E,B,B,B,A,B,A,A,A,E,E,C,C,C,B,D,D,0.1,turntaking
1544,random3,4,A,C,C,C,C,C,C,C,C,C,C,C,C,C,C,C,C,C,C,C,0.65,turntaking
1544,random3,5,E,E,E,E,E,E,E,E,E,A,A,A,A,A,A,A,A,A,A,A,0.6,turntaking
1544,turntaking,6,E,A,B,B,B,B,E,A,E,B,E,E,E,E,E,E,E,E,E,E,0.55,turntaking
1545,turntaking,1,skip,C,C,C,B,D,D,E,A,D,A,B,D,B,D,B,B,B,B,B,0.55,turntaking
1545,random3,2,B,A,A,A,A,A,A,A,A,A,A,A,A,A,B,A,A,C,E,C,0.2,turntaking
1545,random3,3,B,B,B,B,B,B,B,B,B,D,D,D,D,D,D,D,D,D,D,D,0.55,turntaking
1545,random3,4,C,C,E,E,E,E,E,E,E,E,E,E,E,E,E,E,E,E,E,C,0.8,turntaking
1545,turntaking,5,D,D,D,B,D,B,B,D,B,A,B,A,B,A,B,A,A,A,A,A,0.35,turntaking
1545,random3,6,D,D,D,A,A,A,A,C,C,C,C,C,C,C,C,C,C,C,E,C,0.5,turntaking
1546,radicaleq,1,A,C,B,E,D,E,D,E,skip,E,skip,E,E,skip,skip,E,E,A,A,skip,0.45,radicaleq
1546,turntaking,2,A,A,A,E,E,E,E,A,E,A,A,E,A,A,D,A,D,A,D,D,0.1,radicaleq
1546,turntaking,3,B,E,E,D,A,A,A,D,A,D,D,A,D,E,B,E,B,E,B,C,0.45,radicaleq
1546,radicaleq,4,D,A,E,B,E,B,E,B,E,B,E,skip,skip,A,E,A,A,skip,skip,E,0.45,radicaleq
1546,radicaleq,5,E,skip,D,skip,skip,D,skip,D,B,D,B,A,D,D,A,skip,skip,E,D,B,0.4,radicaleq
1546,radicaleq,6,skip,D,A,D,B,A,B,A,D,A,D,B,A,E,D,B,D,B,E,A,0.45,radicaleq
1547,radicaleq,1,A,E,C,skip,B,skip,E,D,E,B,skip,D,E,D,B,C,B,C,C,C,0.4,radicaleq
1547,radicaleq,2,B,C,D,C,D,C,skip,E,skip,D,B,C,D,skip,skip,D,D,E,B,E,0.45,radicaleq
1547,turntaking,3,B,B,D,B,D,D,D,C,B,C,B,E,B,D,C,D,C,B,C,B,0.4,radicaleq
1547,radicaleq,4,D,skip,E,D,C,D,B,skip,D,skip,D,skip,skip,E,D,E,E,skip,E,skip,0.4,radicaleq
1547,radicaleq,5,E,D,skip,E,skip,E,D,B,C,C,C,E,B,B,E,skip,skip,D,skip,D,0.35,radicaleq
1547,turntaking,6,E,E,E,D,E,E,E,B,E,D,E,D,E,E,B,E,B,E,D,D,0.15,radicaleq
1548,radicaleq,1,A,E,A,C,skip,B,C,B,C,B,C,D,C,C,B,B,C,E,E,skip,0.45,radicaleq
1548,radicaleq,2,B,D,D,E,C,E,skip,E,skip,E,skip,E,E,skip,skip,E,E,skip,skip,C,0.45,radicaleq
1548,turntaking,3,B,B,C,B,B,C,B,C,B,C,C,C,B,C,B,C,D,C,D,D,0.4,radicaleq
1548,turntaking,4,C,E,E,E,E,B,E,B,E,B,B,E,C,E,C,E,B,E,B,B,0.1,radicaleq
1548,radicaleq,5,E,skip,E,D,E,D,E,D,E,D,E,skip,skip,E,C,C,B,B,B,B,0.35,radicaleq
1548,radicaleq,6,skip,C,skip,B,D,C,D,C,D,C,D,C,B,B,E,skip,skip,C,C,E,0.45,radicaleq
1549,radicaleq,1,A,B,C,B,A,D,skip,skip,C,C,D,skip,skip,C,C,D,D,skip,C,B,0.35,radicaleq
1549,turntaking,2,A,A,C,B,C,B,C,A,C,A,A,C,A,C,A,C,A,B,A,B,0.35,radicaleq
1549,radicaleq,3,C,skip,D,C,C,B,B,C,D,D,skip,C,C,D,D,skip,skip,C,skip,C,0.4,radicaleq
1549,radicaleq,4,D,C,skip,D,skip,skip,D,D,skip,skip,C,D,D,skip,skip,C,B,A,A,A,0.35,radicaleq
1549,turntaking,5,D,D,D,C,D,C,D,B,D,B,B,D,B,D,B,D,B,D,C,D,0.1,radicaleq
1549,radicaleq,6,skip,D,B,skip,D,C,C,B,A,B,A,A,B,A,B,A,C,D,B,skip,0.35,radicaleq
1550,radicaleq,1,A,skip,A,E,B,E,B,skip,B,skip,A,E,D,skip,D,A,B,B,D,skip,0.45,radicaleq
1550,radicaleq,2,B,C,B,skip,A,skip,A,E,A,E,D,skip,skip,B,E,D,A,A,B,B,0.35,radicaleq
1550,turntaking,3,B,B,A,B,B,D,D,D,D,A,A,D,A,D,D,D,A,D,A,B,0.2,radicaleq
1550,radicaleq,4,D,A,skip,A,E,B,D,B,D,B,E,B,E,A,skip,skip,D,skip,skip,D,0.45,radicaleq
1550,turntaking,5,D,D,D,A,D,A,A,A,A,B,B,B,B,B,A,A,B,A,B,E,0.35,radicaleq
1550,radicaleq,6,skip,D,C,D,skip,D,E,D,E,D,skip,D,A,E,A,B,skip,D,A,A,0.4,radicaleq
1551,radicaleq,1,A,C,skip,D,A,skip,D,A,C,D,C,C,C,D,C,D,C,D,C,C,0.45,radicaleq
1551,radicaleq,2,B,E,C,E,D,A,C,D,E,E,skip,D,A,C,A,C,A,C,A,D,0.5,radicaleq
1551,radicaleq,3,C,D,A,skip,E,D,E,E,skip,skip,A,skip,E,A,E,A,E,A,E,A,0.4,radicaleq
1551,radicaleq,4,D,A,E,B,skip,E,skip,skip,A,C,D,A,D,skip,D,skip,D,skip,D,skip,0.45,radicaleq
1551,turntaking,5,D,D,D,D,D,C,D,C,A,A,C,E,A,E,A,E,A,E,C,A,0.4,radicaleq
1551,turntaking,6,E,E,E,E,E,A,E,A,E,D,D,D,E,D,E,D,E,D,E,E,0.1,radicaleq
1552,turntaking,1,skip,E,E,E,E,A,D,E,D,A,A,D,A,D,A,D,E,E,D,D,0.1,radicaleq
1552,turntaking,2,A,D,D,D,D,C,A,C,E,C,C,E,C,E,C,A,C,D,A,A,0.4,radicaleq
1552,radicaleq,3,C,D,A,skip,E,E,D,E,E,A,C,C,A,C,A,C,C,C,C,E,0.45,radicaleq
1552,radicaleq,4,D,E,D,A,skip,D,skip,D,skip,skip,E,D,D,skip,skip,E,skip,E,A,C,0.4,radicaleq
1552,radicaleq,5,E,skip,E,D,A,skip,E,skip,D,E,D,skip,skip,E,E,D,A,skip,D,A,0.35,radicaleq
1552,radicaleq,6,skip,A,skip,E,D,A,C,C,C,D,skip,E,E,D,D,skip,E,A,E,skip,0.4,radicaleq
1553,turntaking,1,skip,E,E,D,E,C,E,C,E,C,C,E,C,D,C,B,D,B,D,D,0.4,radicaleq
1553,radicaleq,2,B,C,E,D,D,B,skip,skip,E,D,D,C,D,C,C,C,C,E,C,E,0.45,radicaleq
1553,turntaking,3,B,B,B,E,B,D,B,D,B,D,D,B,D,B,E,E,B,E,B,B,0.05,radicaleq
1553,radicaleq,4,D,B,B,E,E,D,D,D,D,E,B,skip,skip,E,skip,E,D,C,D,C,0.4,radicaleq
1553,radicaleq,5,E,skip,skip,B,skip,skip,E,E,B,B,skip,E,E,B,D,skip,B,D,B,D,0.35,radicaleq
1553,radicaleq,6,skip,E,D,skip,B,E,B,B,skip,skip,E,B,B,skip,E,D,E,skip,E,skip,0.4,radicaleq
1554,turntaking,1,skip,D,D,B,D,C,D,C,D,C,C,D,C,B,C,D,B,D,C,C,0.35,radicaleq
1554,radicaleq,2,B,D,B,skip,E,D,E,E,skip,skip,D,E,E,skip,E,skip,skip,E,D,E,0.45,radicaleq
1554,radicaleq,3,C,E,D,B,B,E,skip,skip,D,B,B,C,B,C,C,C,B,B,E,skip,0.4,radicaleq
1554,radicaleq,4,D,skip,E,D,D,B,B,B,B,D,E,skip,skip,D,skip,D,D,D,B,C,0.3,radicaleq
1554,radicaleq,5,E,B,skip,E,skip,skip,D,D,E,E,skip,D,D,E,B,E,E,skip,skip,D,0.4,radicaleq
1554,turntaking,6,E,E,E,D,E,B,E,B,E,B,B,E,B,E,D,E,D,E,B,B,0.1,radicaleq
1555,radicaleq,1,A,B,E,B,E,B,skip,C,skip,skip,A,A,E,A,B,skip,C,skip,skip,C,0.4,radicaleq
1555,turntaking,2,A,A,E,A,E,E,E,B,E,B,B,E,A,A,E,E,A,E,A,B,0.3,radicaleq
1555,radicaleq,3,C,E,C,E,B,E,A,skip,E,A,B,B,B,C,E,A,skip,C,E,E,0.35,radicaleq
1555,turntaking,4,C,C,C,E,C,C,C,A,C,A,A,C,E,C,C,C,E,C,E,A,0.05,radicaleq
1555,radicaleq,5,E,skip,skip,C,skip,C,E,A,B,E,C,skip,skip,skip,C,E,A,A,C,skip,0.35,radicaleq
1555,radicaleq,6,skip,C,B,skip,A,skip,C,E,C,C,skip,C,A,B,skip,C,E,E,A,A,0.25,radicaleq
1556,radicaleq,1,A,D,E,D,D,B,E,E,E,B,E,C,B,B,D,skip,skip,C,B,E,0.4,radicaleq
1556,radicaleq,2,B,C,B,skip,C,D,C,B,skip,C,B,E,C,C,B,E,B,E,C,D,0.45,radicaleq
1556,radicaleq,3,C,E,D,A,skip,C,skip,D,B,D,skip,D,D,skip,skip,C,C,D,D,skip,0.4,radicaleq
1556,turntaking,4,C,C,C,C,D,E,B,E,C,B,B,C,B,C,E,C,E,C,E,A,0.4,radicaleq
1556,turntaking,5,D,D,D,D,C,B,C,D,D,C,C,D,C,D,B,D,B,D,B,B,0.15,radicaleq
1556,radicaleq,6,skip,B,skip,C,B,skip,D,skip,D,E,D,skip,skip,D,C,D,D,skip,skip,C,0.4,radicaleq
1557,radicaleq,1,A,E,D,E,D,E,skip,skip,E,C,C,C,C,E,E,skip,skip,C,B,D,0.35,radicaleq
1557,radicaleq,2,B,skip,B,A,B,skip,C,B,B,E,skip,E,E,skip,skip,C,B,D,C,E,0.45,radicaleq
1557,radicaleq,3,C,D,C,skip,C,D,E,C,C,B,B,D,B,D,B,D,C,E,E,skip,0.4,radicaleq
1557,turntaking,4,C,C,B,E,E,C,C,B,C,B,D,C,D,C,D,C,D,C,D,D,0.35,radicaleq
1557,radicaleq,5,E,B,skip,B,E,B,D,E,skip,skip,E,skip,skip,C,C,E,E,skip,skip,C,0.4,radicaleq
1557,turntaking,6,E,E,E,C,C,B,E,C,E,C,B,E,B,E,B,E,B,E,B,B,0.15,radicaleq
1558,turntaking,1,skip,E,E,D,E,B,E,B,E,B,B,E,B,D,B,C,D,C,D,D,0.4,radicaleq
1558,radicaleq,2,B,C,E,D,D,C,skip,skip,E,D,D,B,D,B,B,B,B,E,B,E,0.45,radicaleq
1558,radicaleq,3,C,D,C,E,E,D,D,D,D,E,C,skip,skip,E,skip,E,D,B,D,B,0.4,radicaleq
1558,turntaking,4,C,C,C,E,C,D,C,D,C,D,D,C,D,C,E,E,C,E,C,C,0.05,radicaleq
1558,radicaleq,5,E,skip,skip,C,skip,skip,E,E,C,C,skip,E,E,C,D,skip,C,D,C,D,0.35,radicaleq
1558,radicaleq,6,skip,E,D,skip,C,E,C,C,skip,skip,E,C,C,skip,E,D,E,skip,E,skip,0.4,radicaleq
1559,radicaleq,1,A,B,C,A,D,E,D,E,skip,E,skip,E,E,skip,skip,A,A,E,D,E,0.5,radicaleq
1559,turntaking,2,A,A,D,D,A,A,A,D,A,D,D,A,D,A,C,A,C,D,C,D,0.45,radicaleq
1559,radicaleq,3,C,E,A,skip,E,C,E,C,E,C,E,skip,skip,E,A,E,E,skip,E,skip,0.45,radicaleq
1559,radicaleq,4,D,skip,E,C,skip,D,skip,D,C,D,C,A,D,D,E,skip,skip,A,skip,A,0.4,radicaleq
1559,radicaleq,5,E,D,skip,D,C,A,C,A,D,A,D,C,A,A,D,C,D,C,C,C,0.4,radicaleq
1559,turntaking,6,E,E,E,A,E,E,E,A,E,A,A,E,A,E,D,E,D,E,A,A,0.1,radicaleq
1560,turntaking,1,skip,C,C,E,C,B,C,B,C,B,B,C,B,E,B,D,E,D,E,E,0.4,radicaleq
1560,radicaleq,2,B,D,C,E,E,D,skip,skip,C,E,E,B,E,B,B,B,B,C,B,C,0.45,radicaleq
1560,radicaleq,3,C,skip,D,C,C,E,E,E,E,C,D,skip,skip,C,skip,C,E,B,E,B,0.4,radicaleq
1560,radicaleq,4,D,E,skip,D,skip,skip,C,C,D,D,skip,C,C,D,E,skip,D,E,D,E,0.35,radicaleq
1560,turntaking,5,D,D,D,C,D,E,D,E,D,E,E,D,E,D,C,C,D,C,D,D,0.05,radicaleq
1560,radicaleq,6,skip,C,E,skip,D,C,D,D,skip,skip,C,D,D,skip,C,E,C,skip,C,skip,0.4,radicaleq
1561,rotate0,1,A,A,A,A,A,A,A,A,A,A,A,A,A,A,A,A,A,A,A,A,0.5,turntaking
1561,turntaking,2,A,A,A,E,E,D,E,D,E,D,D,E,D,E,D,E,D,E,D,B,0.05,turntaking
1561,turntaking,3,B,E,E,D,A,B,A,B,A,B,C,A,B,A,B,A,B,D,A,C,0.45,turntaking
1561,rotate0,4,D,D,D,D,D,D,D,D,D,D,D,D,D,D,D,D,D,D,D,D,0.5,turntaking
1561,rotate0,5,E,E,E,E,E,E,E,E,E,E,E,E,E,E,E,E,E,E,E,E,0.5,turntaking
1561,rotate0,6,skip,skip,skip,skip,skip,skip,skip,skip,skip,skip,skip,skip,skip,skip,skip,skip,skip,skip,skip,skip,0.0,turntaking
1562,rotate0,1,A,A,A,A,A,A,A,A,A,A,A,A,A,A,A,A,A,A,A,A,0.5,rotate0
1562,rotate0,2,B,B,B,B,B,B,B,B,B,B,B,B,B,B,B,B,B,B,B,B,0.5,rotate0
1562,turntaking,3,B,B,B,A,B,A,B,A,B,A,A,B,A,B,A,B,A,B,A,A,0.0,rotate0
1562,rotate0,4,D,D,D,D,D,D,D,D,D,D,D,D,D,D,D,D,D,D,D,D,0.5,rotate0
1562,rotate0,5,E,E,E,E,E,E,E,E,E,E,E,E,E,E,E,E,E,E,E,E,0.5,rotate0
1562,turntaking,6,E,E,E,D,E,D,E,D,E,D,D,E,D,E,D,E,D,E,D,D,0.0,rotate0
1563,rotate0,1,A,A,A,A,A,A,A,A,A,A,A,A,A,A,A,A,A,A,A,A,0.5,turntaking
1563,rotate0,2,B,B,B,B,B,B,B,B,B,B,B,B,B,B,B,B,B,B,B,B,0.5,turntaking
1563,turntaking,3,B,B,B,E,E,A,E,A,E,A,A,E,A,E,A,E,A,E,B,C,0.05,turntaking
1563,turntaking,4,C,E,E,A,B,C,B,C,B,C,D,B,C,B,C,B,C,A,A,D,0.45,turntaking
1563,rotate0,5,E,E,E,E,E,E,E,E,E,E,E,E,E,E,E,E,E,E,E,E,0.5,turntaking
1563,rotate0,6,skip,skip,skip,skip,skip,skip,skip,skip,skip,skip,skip,skip,skip,skip,skip,skip,skip,skip,skip,skip,0.0,turntaking
1564,rotate0,1,A,A,A,A,A,A,A,A,A,A,A,A,A,A,A,A,A,A,A,A,0.5,turntaking
1564,turntaking,2,A,A,A,E,A,E,A,E,C,C,E,C,E,C,E,C,E,C,E,B,0.45,turntaking
1564,rotate0,3,C,C,C,C,C,C,C,C,C,C,C,C,C,C,C,C,C,C,C,C,0.5,turntaking
1564,rotate0,4,D,D,D,D,D,D,D,D,D,D,D,D,D,D,D,D,D,D,D,D,0.5,turntaking
1564,turntaking,5,D,D,D,C,D,C,D,C,D,A,C,D,A,D,A,D,A,D,A,E,0.05,turntaking
1564,rotate0,6,skip,skip,skip,skip,skip,skip,skip,skip,skip,skip,skip,skip,skip,skip,skip,skip,skip,skip,skip,skip,0.0,turntaking
1565,rotate0,1,A,A,A,A,A,A,A,A,A,A,A,A,A,A,A,A,A,A,A,A,0.5,turntaking
1565,rotate0,2,B,B,B,B,B,B,B,B,B,B,B,B,B,B,B,B,B,B,B,B,0.5,turntaking
1565,turntaking,3,B,B,B,E,B,E,B,E,A,A,E,B,E,B,E,B,E,B,E,C,0.45,turntaking
1565,rotate0,4,D,D,D,D,D,D,D,D,D,D,D,D,D,D,D,D,D,D,D,D,0.5,turntaking
1565,turntaking,5,D,D,D,A,D,A,D,A,D,B,A,D,A,D,A,D,A,D,A,E,0.05,turntaking
1565,rotate0,6,skip,skip,skip,skip,skip,skip,skip,skip,skip,skip,skip,skip,skip,skip,skip,skip,skip,skip,skip,skip,0.0,turntaking
1566,rotate0,1,A,A,A,A,A,A,A,A,A,A,A,A,A,A,A,A,A,A,A,A,0.65,rotate0
1566,rotate0,2,B,B,B,B,B,B,B,B,B,B,B,B,B,B,B,B,B,B,B,B,0.55,rotate0
1566,rotate0,3,C,C,C,C,C,C,C,C,C,C,C,C,C,C,C,C,C,C,C,C,0.5,rotate0
1566,rotate0,4,D,D,D,D,D,D,D,D,D,D,D,D,D,D,D,D,D,D,D,D,0.5,rotate0
1566,turntaking,5,D,D,D,E,D,C,D,C,D,B,B,D,B,D,B,D,B,D,B,B,0.05,rotate0
1566,turntaking,6,E,E,E,C,C,B,C,B,C,A,A,C,A,C,A,C,A,C,A,A,0.15,rotate0
1567,turntaking,1,skip,E,E,E,E,C,E,C,E,C,C,D,C,E,C,E,C,E,C,C,0.0,rotate0
1567,turntaking,2,A,D,D,D,D,A,D,A,D,A,E,C,A,D,A,D,A,D,A,A,0.45,rotate0
1567,rotate0,3,C,C,C,C,C,C,C,C,C,C,C,C,C,C,C,C,C,C,C,C,0.5,rotate0
1567,rotate0,4,D,D,D,D,D,D,D,D,D,D,D,D,D,D,D,D,D,D,D,D,0.5,rotate0
1567,rotate0,5,E,E,E,E,E,E,E,E,E,E,E,E,E,E,E,E,E,E,E,E,0.5,rotate0
1567,rotate0,6,skip,skip,skip,skip,skip,skip,skip,skip,skip,skip,skip,skip,skip,skip,skip,skip,skip,skip,skip,skip,0.0,rotate0
1568,turntaking,1,skip,E,E,D,B,C,B,C,B,C,C,B,C,B,C,B,C,B,C,C,0.45,rotate0
1568,rotate0,2,B,B,B,B,B,B,B,B,B,B,B,B,B,B,B,B,B,B,B,B,0.5,rotate0
1568,turntaking,3,B,B,B,E,E,D,E,D,E,D,D,E,D,E,D,E,D,E,D,D,0.0,rotate0
1568,rotate0,4,D,D,D,D,D,D,D,D,D,D,D,D,D,D,D,D,D,D,D,D,0.5,rotate0
1568,rotate0,5,E,E,E,E,E,E,E,E,E,E,E,E,E,E,E,E,E,E,E,E,0.5,rotate0
1568,rotate0,6,skip,skip,skip,skip,skip,skip,skip,skip,skip,skip,skip,skip,skip,skip,skip,skip,skip,skip,skip,skip,0.0,rotate0
1569,turntaking,1,skip,D,D,C,D,B,D,B,D,B,B,D,B,D,B,D,B,D,B,C,0.0,rotate0
1569,rotate0,2,B,B,B,B,B,B,B,B,B,B,B,B,B,B,B,B,B,B,B,B,0.55,rotate0
1569,rotate0,3,C,C,C,C,C,C,C,C,C,C,C,C,C,C,C,C,C,C,C,C,0.5,rotate0
1569,rotate0,4,D,D,D,D,D,D,D,D,D,D,D,D,D,D,D,D,D,D,D,D,0.5,rotate0
1569,rotate0,5,E,E,E,E,E,E,E,E,E,E,E,E,E,E,E,E,E,E,E,E,0.5,rotate0
1569,turntaking,6,E,E,E,D,E,C,E,C,E,C,C,E,C,E,C,E,C,E,C,B,0.0,rotate0
1570,rotate0,1,A,A,A,A,A,A,A,A,A,A,A,A,A,A,A,A,A,A,A,A,0.5,turntaking
1570,turntaking,2,A,A,A,D,A,D,A,D,E,E,D,C,D,C,D,C,D,C,D,B,0.45,turntaking
1570,rotate0,3,C,C,C,C,C,C,C,C,C,C,C,C,C,C,C,C,C,C,C,C,0.5,turntaking
1570,turntaking,4,C,C,C,E,C,E,C,E,C,A,E,E,A,E,A,E,A,E,A,D,0.05,turntaking
1570,rotate0,5,E,E,E,E,E,E,E,E,E,E,E,E,E,E,E,E,E,E,E,E,0.5,turntaking
1570,rotate0,6,skip,skip,skip,skip,skip,skip,skip,skip,skip,skip,skip,skip,skip,skip,skip,skip,skip,skip,skip,skip,0.0,turntaking
1571,rotate0,1,A,A,A,A,A,A,A,A,A,A,A,A,A,A,A,A,A,A,A,A,0.55,turntaking
1571,rotate0,2,B,B,B,B,B,B,B,B,B,B,B,B,B,B,B,B,B,B,B,B,0.5,turntaking
1571,rotate0,3,C,C,C,C,C,C,C,C,C,C,C,C,C,C,C,C,C,C,C,C,0.5,turntaking
1571,turntaking,4,C,C,C,D,C,B,C,B,C,A,A,C,A,C,A,C,A,C,A,A,0.05,turntaking
1571,turntaking,5,D,D,D,B,B,A,B,A,B,D,D,B,D,B,D,B,D,B,D,D,0.5,turntaking
1571,rotate0,6,skip,skip,skip,skip,skip,skip,skip,skip,skip,skip,skip,skip,skip,skip,skip,skip,skip,skip,skip,skip,0.0,turntaking
1572,rotate0,1,A,A,A,A,A,A,A,A,A,A,A,A,A,A,A,A,A,A,A,A,0.5,rotate0
1572,rotate0,2,B,B,B,B,B,B,B,B,B,B,B,B,B,B,B,B,B,B,B,B,0.5,rotate0
1572,rotate0,3,C,C,C,C,C,C,C,C,C,C,C,C,C,C,C,C,C,C,C,C,0.5,rotate0
1572,turntaking,4,C,C,C,A,C,A,C,A,C,A,A,C,A,C,A,C,A,C,A,A,0.0,rotate0
1572,rotate0,5,E,E,E,E,E,E,E,E,E,E,E,E,E,E,E,E,E,E,E,E,0.5,rotate0
1572,turntaking,6,E,E,E,B,E,B,E,B,E,B,B,E,B,E,B,E,B,E,B,B,0.0,rotate0
1573,turntaking,1,skip,E,E,B,C,D,C,D,C,D,D,C,D,C,D,C,D,C,D,D,0.45,rotate0
1573,rotate0,2,B,B,B,B,B,B,B,B,B,B,B,B,B,B,B,B,B,B,B,B,0.5,rotate0
1573,rotate0,3,C,C,C,C,C,C,C,C,C,C,C,C,C,C,C,C,C,C,C,C,0.5,rotate0
1573,turntaking,4,C,C,C,E,E,B,E,B,E,B,B,E,B,E,B,E,B,E,B,B,0.0,rotate0
1573,rotate0,5,E,E,E,E,E,E,E,E,E,E,E,E,E,E,E,E,E,E,E,E,0.5,rotate0
1573,rotate0,6,skip,skip,skip,skip,skip,skip,skip,skip,skip,skip,skip,skip,skip,skip,skip,skip,skip,skip,skip,skip,0.0,rotate0
1574,rotate0,1,A,A,A,A,A,A,A,A,A,A,A,A,A,A,A,A,A,A,A,A,0.5,rotate0
1574,turntaking,2,A,A,A,C,A,C,A,C,A,C,C,A,C,A,C,A,C,A,C,C,0.0,rotate0
1574,rotate0,3,C,C,C,C,C,C,C,C,C,C,C,C,C,C,C,C,C,C,C,C,0.5,rotate0
1574,rotate0,4,D,D,D,D,D,D,D,D,D,D,D,D,D,D,D,D,D,D,D,D,0.5,rotate0
1574,rotate0,5,E,E,E,E,E,E,E,E,E,E,E,E,E,E,E,E,E,E,E,E,0.5,rotate0
1574,turntaking,6,E,E,E,D,E,D,E,D,E,D,D,E,D,E,D,E,D,E,D,D,0.0,rotate0
1575,turntaking,1,skip,C,C,B,C,E,C,E,C,E,E,C,E,C,E,C,E,C,E,E,0.45,rotate0
1575,rotate0,2,B,B,B,B,B,B,B,B,B,B,B,B,B,B,B,B,B,B,B,B,0.5,rotate0
1575,rotate0,3,C,C,C,C,C,C,C,C,C,C,C,C,C,C,C,C,C,C,C,C,0.5,rotate0
1575,rotate0,4,D,D,D,D,D,D,D,D,D,D,D,D,D,D,D,D,D,D,D,D,0.5,rotate0
1575,turntaking,5,D,D,D,C,D,B,D,B,D,B,B,D,B,D,B,D,B,D,B,B,0.0,rotate0
1575,rotate0,6,skip,skip,skip,skip,skip,skip,skip,skip,skip,skip,skip,skip,skip,skip,skip,skip,skip,skip,skip,skip,0.0,rotate0
1576,caste,1,A,D,B,D,B,D,B,D,B,D,B,D,B,D,B,D,B,D,B,D,0.9,turntaking
1576,turntaking,2,A,A,A,A,A,A,A,A,A,A,A,A,A,A,A,A,A,A,A,E,0.45,turntaking
1576,turntaking,3,B,E,E,E,E,E,E,E,E,E,E,E,E,E,E,E,E,E,E,D,0.5,turntaking
1576,caste,4,D,C,C,C,C,C,C,C,C,C,D,B,D,B,D,B,D,B,D,B,1.0,turntaking
1576,caste,5,E,B,D,B,D,B,D,B,D,B,C,C,C,C,C,C,C,C,C,C,1.0,turntaking
1576,caste,6,skip,E,A,E,A,E,A,E,A,E,A,E,A,E,A,E,A,E,A,E,0.0,turntaking
1577,caste,1,A,C,C,C,C,C,C,C,C,C,C,A,A,A,A,A,A,A,A,A,1.0,turntaking
1577,caste,2,B,D,D,A,D,A,D,A,D,A,D,D,D,D,D,D,D,D,D,D,0.85,turntaking
1577,turntaking,3,B,B,B,B,B,B,B,B,B,B,E,E,B,B,B,B,B,B,B,E,0.4,turntaking
1577,caste,4,D,A,A,D,A,D,A,D,A,D,A,C,C,C,C,C,C,C,C,C,1.0,turntaking
1577,caste,5,E,B,E,B,E,B,E,B,E,B,E,B,B,E,B,E,B,E,B,E,0.0,turntaking
1577,turntaking,6,E,E,E,E,E,E,E,E,E,E,D,B,E,E,E,E,E,E,E,D,0.45,turntaking
1578,caste,1,A,D,D,D,D,D,D,D,D,D,D,D,C,C,C,C,C,C,C,C,1.0,turntaking
1578,caste,2,B,C,C,A,A,C,A,C,A,C,A,C,A,A,A,A,A,A,A,A,0.9,turntaking
1578,turntaking,3,B,B,B,B,B,B,B,B,B,B,B,B,B,B,B,B,B,B,B,E,0.45,turntaking
1578,turntaking,4,C,E,E,E,E,E,E,E,E,E,E,E,E,E,E,E,E,E,E,A,0.5,turntaking
1578,caste,5,E,A,A,C,C,A,C,A,C,A,C,A,D,D,D,D,D,D,D,D,1.0,turntaking
1578,caste,6,skip,E,B,E,B,E,B,E,B,E,B,E,B,E,B,E,B,E,B,E,0.0,turntaking
1579,caste,1,A,E,B,E,B,E,B,E,B,E,B,E,B,E,B,E,B,E,B,E,0.95,turntaking
1579,turntaking,2,A,A,A,A,A,A,A,A,A,A,D,D,A,A,A,A,A,A,A,D,0.4,turntaking
1579,caste,3,C,B,E,B,E,B,E,B,E,B,E,B,E,B,E,B,E,B,E,B,1.0,turntaking
1579,caste,4,D,C,C,C,C,C,C,C,C,C,C,C,C,C,C,C,C,C,C,C,0.85,turntaking
1579,turntaking,5,D,D,D,D,D,D,D,D,D,D,C,A,D,D,D,D,D,D,D,C,0.45,turntaking
1579,caste,6,skip,A,D,A,D,A,D,A,D,A,D,A,A,D,A,D,A,D,A,D,0.0,turntaking
1580,caste,1,A,C,C,C,C,C,C,C,C,C,C,C,C,C,C,C,C,C,C,C,1.0,turntaking
1580,caste,2,B,E,E,E,E,E,E,E,E,E,E,E,E,E,E,E,E,E,E,E,0.95,turntaking
1580,turntaking,3,B,B,B,B,B,B,B,B,B,B,D,D,B,B,B,B,B,B,B,D,0.4,turntaking
1580,caste,4,D,A,A,A,A,A,A,A,A,A,A,A,A,A,A,A,A,A,A,A,0.85,turntaking
1580,turntaking,5,D,D,D,D,D,D,D,D,D,D,A,B,D,D,D,D,D,D,D,A,0.45,turntaking
1580,caste,6,skip,B,D,B,D,B,D,B,D,B,D,B,B,D,B,D,B,D,B,D,0.0,turntaking
1581,caste,1,A,A,A,A,A,A,A,A,A,A,A,A,A,B,B,C,C,C,C,C,0.95,turntaking
1581,caste,2,B,B,B,B,B,B,B,B,B,B,B,C,C,C,C,B,B,B,B,B,1.0,turntaking
1581,caste,3,C,C,C,C,C,C,C,C,C,C,C,B,B,A,A,A,A,A,A,A,1.0,turntaking
1581,caste,4,D,E,D,E,D,E,D,E,D,E,D,E,D,E,D,E,D,E,D,E,0.0,turntaking
1581,turntaking,5,D,D,D,D,D,D,D,D,D,D,D,D,D,D,D,D,D,D,D,E,0.45,turntaking
1581,turntaking,6,E,E,E,E,E,E,E,E,E,E,E,E,E,E,E,E,E,E,E,C,0.5,turntaking
1582,turntaking,1,skip,E,C,C,C,D,D,C,C,D,D,C,C,D,D,C,C,D,D,C,0.5,turntaking
1582,turntaking,2,A,D,D,D,D,C,C,D,D,C,C,D,D,C,C,D,D,C,C,D,0.5,turntaking
1582,caste,3,C,B,B,B,B,B,B,B,B,B,A,E,E,E,E,E,E,E,E,E,1.0,turntaking
1582,caste,4,D,A,A,A,A,A,A,A,A,A,E,A,A,A,A,A,A,A,A,A,1.0,turntaking
1582,caste,5,E,C,E,E,E,E,E,E,E,E,B,B,B,B,B,B,B,B,B,B,1.0,turntaking
1582,caste,6,skip,D,C,D,C,C,D,D,C,C,D,D,C,C,D,D,C,C,D,D,0.0,turntaking
1583,turntaking,1,skip,E,E,E,B,B,E,E,B,B,E,E,E,E,B,B,E,E,B,D,0.45,turntaking
1583,caste,2,B,D,D,D,D,D,D,D,D,D,D,D,D,D,D,D,D,D,D,D,0.9,turntaking
1583,turntaking,3,B,B,B,B,E,E,B,B,E,E,B,B,B,B,E,E,B,B,E,B,0.45,turntaking
1583,caste,4,D,A,A,A,A,A,A,A,A,A,C,C,C,C,C,C,C,C,C,A,1.0,turntaking
1583,caste,5,E,C,C,C,C,C,C,C,C,C,A,A,A,A,A,A,A,A,A,C,1.0,turntaking
1583,caste,6,skip,E,B,E,E,B,B,E,E,B,B,E,B,E,E,B,B,E,E,B,0.0,turntaking
1584,turntaking,1,skip,D,E,E,D,D,E,E,D,D,E,E,D,D,E,E,D,D,E,C,0.45,turntaking
1584,caste,2,B,A,A,A,A,A,A,A,A,A,A,B,C,C,C,C,C,C,C,C,0.95,turntaking
1584,caste,3,C,B,B,B,B,B,B,B,B,B,C,C,B,B,B,B,B,B,B,B,1.0,turntaking
1584,caste,4,D,C,C,C,C,C,C,C,C,C,B,A,A,A,A,A,A,A,A,A,1.0,turntaking
1584,caste,5,E,D,D,E,E,D,D,E,E,D,D,E,E,D,D,E,E,D,D,E,0.0,turntaking
1584,turntaking,6,E,E,D,D,E,E,D,D,E,E,D,D,E,E,D,D,E,E,D,E,0.45,turntaking
1585,caste,1,A,D,B,D,B,D,B,D,B,D,B,D,B,D,B,D,B,B,D,B,0.95,turntaking
1585,turntaking,2,A,A,A,A,A,A,A,A,A,A,C,C,A,A,A,A,A,A,A,C,0.4,turntaking
1585,caste,3,C,E,E,E,E,E,E,E,E,E,E,E,E,E,E,E,E,E,E,E,0.85,turntaking
1585,turntaking,4,C,C,C,C,C,C,C,C,C,C,E,A,C,C,C,C,C,C,C,E,0.45,turntaking
1585,caste,5,E,B,D,B,D,B,D,B,D,B,D,B,D,B,D,B,D,D,B,D,1.0,turntaking
1585,caste,6,skip,A,C,A,C,A,C,A,C,A,C,A,A,C,A,C,A,C,A,C,0.0,turntaking
1586,caste,1,A,E,E,E,E,E,E,E,E,E,E,E,E,E,E,A,A,A,A,A,1.0,turntaking
1586,caste,2,B,A,A,A,A,A,A,A,A,A,A,A,A,A,A,E,E,E,E,E,1.0,turntaking
1586,caste,3,C,B,B,B,B,B,B,B,B,B,B,B,B,B,B,B,B,B,B,B,0.9,turntaking
1586,turntaking,4,C,C,C,C,C,C,C,C,C,C,C,C,C,C,C,C,C,C,C,D,0.45,turntaking
1586,turntaking,5,D,D,D,D,D,D,D,D,D,D,D,D,D,D,D,D,D,D,D,B,0.5,turntaking
1586,caste,6,skip,D,C,D,C,D,C,D,C,D,C,D,C,D,C,D,C,D,C,D,0.0,turntaking
1587,caste,1,A,D,D,D,D,D,D,D,D,D,D,D,D,A,A,A,A,A,A,A,1.0,turntaking
1587,caste,2,B,A,A,A,A,A,A,A,A,A,A,A,A,D,D,D,D,D,D,D,1.0,turntaking
1587,caste,3,C,B,B,B,B,B,B,B,B,B,B,B,B,B,B,B,B,B,B,B,0.85,turntaking
1587,turntaking,4,C,C,C,C,C,C,C,C,C,C,E,E,C,C,C,C,C,C,C,E,0.4,turntaking
1587,caste,5,E,C,E,C,E,C,E,C,E,C,E,C,C,E,C,E,C,E,C,E,0.0,turntaking
1587,turntaking,6,E,E,E,E,E,E,E,E,E,E,B,C,E,E,E,E,E,E,E,B,0.45,turntaking
1588,turntaking,1,skip,E,E,E,C,C,E,E,C,C,E,E,C,C,E,E,C,C,E,B,0.45,turntaking
1588,caste,2,B,A,A,A,A,A,A,A,A,A,A,D,D,D,D,D,D,D,D,D,1.0,turntaking
1588,caste,3,C,B,B,B,B,B,B,B,B,B,B,B,B,B,B,B,B,B,B,B,0.9,turntaking
1588,turntaking,4,C,C,C,C,E,E,C,C,E,E,C,C,E,E,C,C,E,E,C,E,0.45,turntaking
1588,caste,5,E,D,D,D,D,D,D,D,D,D,D,A,A,A,A,A,A,A,A,A,1.0,turntaking
1588,caste,6,skip,E,C,E,E,C,C,E,E,C,C,E,E,C,C,E,E,C,C,E,0.0,turntaking
1589,caste,1,A,D,C,D,C,D,C,D,C,D,C,C,C,C,C,C,C,C,C,C,0.85,turntaking
1589,turntaking,2,A,A,A,A,A,A,A,A,A,A,E,E,A,A,A,A,A,A,A,E,0.4,turntaking
1589,caste,3,C,B,B,B,B,B,B,B,B,B,D,D,D,D,D,D,D,D,D,D,1.0,turntaking
1589,caste,4,D,C,D,C,D,C,D,C,D,C,B,B,B,B,B,B,B,B,B,B,1.0,turntaking
1589,caste,5,E,A,E,A,E,A,E,A,E,A,E,A,A,E,A,E,A,E,A,E,0.0,turntaking
1589,turntaking,6,E,E,E,E,E,E,E,E,E,E,C,A,E,E,E,E,E,E,E,C,0.45,turntaking
1590,turntaking,1,skip,C,D,D,C,C,D,D,C,C,D,D,C,C,D,D,C,C,D,B,0.45,turntaking
1590,caste,2,B,A,A,A,A,A,A,A,A,A,A,A,E,E,E,E,E,E,E,E,1.0,turntaking
1590,caste,3,C,E,E,E,E,E,E,E,E,E,E,E,A,A,A,A,A,A,A,A,1.0,turntaking
1590,caste,4,D,B,B,B,B,B,B,B,B,B,B,B,B,B,B,B,B,B,B,B,0.9,turntaking
1590,turntaking,5,D,D,C,C,D,D,C,C,D,D,C,C,D,D,C,C,D,D,C,D,0.45,turntaking
1590,caste,6,skip,C,C,D,D,C,C,D,D,C,C,D,D,C,C,D,D,C,C,D,0.0,turntaking
1591,equalize,1,A,C,C,D,B,A,C,D,B,A,C,B,A,C,D,B,A,C,D,B,0.7,equalize
1591,turntaking,2,A,A,A,A,A,A,A,A,A,A,E,E,A,A,A,A,A,A,A,E,0.4,equalize
1591,turntaking,3,B,E,E,E,E,E,E,E,E,E,B,A,E,E,E,E,E,E,E,B,0.45,equalize
1591,equalize,4,D,D,E,B,E,C,D,B,E,C,D,A,C,D,B,E,C,D,B,E,0.7,equalize
1591,equalize,5,E,E,B,A,C,D,B,A,C,D,B,C,D,B,A,C,D,B,A,C,0.7,equalize
1591,equalize,6,skip,B,A,C,D,B,E,C,D,B,E,D,B,E,C,D,B,E,C,D,0.7,equalize
1592,equalize,1,A,D,E,C,D,A,E,C,D,A,E,D,A,E,C,D,A,E,C,D,0.75,equalize
1592,equalize,2,B,C,C,D,A,B,C,D,A,B,C,A,B,C,D,A,B,C,D,A,0.7,equalize
1592,turntaking,3,B,B,B,B,B,B,B,B,B,B,E,E,B,B,B,B,B,B,B,E,0.4,equalize
1592,equalize,4,D,B,D,A,E,C,D,A,E,C,D,B,C,D,A,E,C,D,A,E,0.7,equalize
1592,equalize,5,E,A,A,B,C,D,A,B,C,D,A,C,D,A,B,C,D,A,B,C,0.7,equalize
1592,turntaking,6,E,E,E,E,E,E,E,E,E,E,A,B,E,E,E,E,E,E,E,A,0.45,equalize
1593,equalize,1,A,C,E,C,A,B,C,D,A,B,C,A,B,C,D,A,B,C,D,A,0.7,equalize
1593,equalize,2,B,D,D,A,E,C,D,A,E,C,D,B,C,D,A,E,C,D,A,E,0.7,equalize
1593,turntaking,3,B,B,B,B,B,B,B,B,B,B,E,E,B,B,B,B,B,B,B,E,0.4,equalize
1593,turntaking,4,C,E,E,E,E,E,E,E,E,E,A,B,E,E,E,E,E,E,E,A,0.45,equalize
1593,equalize,5,E,E,A,B,C,D,A,B,C,D,A,C,D,A,B,C,D,A,B,C,0.7,equalize
1593,equalize,6,skip,A,B,D,D,A,E,C,D,A,E,D,A,E,C,D,A,E,C,D,0.7,equalize
1594,equalize,1,A,B,B,E,C,D,B,E,C,A,B,E,C,A,B,E,C,A,B,E,0.75,equalize
1594,turntaking,2,A,A,A,D,D,D,D,D,A,A,D,D,A,A,D,D,A,A,D,C,0.45,equalize
1594,equalize,3,C,A,E,C,A,B,E,C,D,B,E,C,D,B,E,C,D,B,E,C,0.7,equalize
1594,equalize,4,D,E,C,B,B,E,C,D,B,E,C,D,B,E,C,D,B,E,C,D,0.7,equalize
1594,turntaking,5,D,D,C,A,A,A,A,A,D,D,A,A,D,D,A,A,D,D,A,D,0.45,equalize
1594,equalize,6,skip,C,D,D,E,C,A,B,E,C,A,B,E,C,A,B,E,C,A,B,0.7,equalize
1595,equalize,1,A,B,C,E,A,D,C,E,A,D,C,E,A,D,E,C,A,D,E,C,0.75,equalize
1595,equalize,2,B,C,E,A,B,C,E,A,B,C,E,A,B,E,C,A,B,E,C,A,0.7,equalize
1595,turntaking,3,B,B,B,D,D,D,D,D,D,D,B,B,D,D,B,B,D,D,B,A,0.45,equalize
1595,equalize,4,D,E,A,C,C,E,A,D,C,E,A,B,E,C,A,B,E,C,A,B,0.7,equalize
1595,turntaking,5,D,D,A,B,B,B,B,B,B,B,D,D,B,B,D,D,B,B,D,B,0.45,equalize
1595,equalize,6,skip,A,D,D,E,A,B,C,E,A,D,C,C,A,D,E,C,A,D,E,0.7,equalize
1596,equalize,1,A,B,D,C,B,A,E,C,B,A,E,B,A,E,C,B,A,E,C,B,0.75,equalize
1596,equalize,2,B,C,E,B,A,D,C,B,A,D,C,A,D,C,B,A,D,C,B,A,0.7,equalize
1596,equalize,3,C,E,B,A,E,C,B,A,E,C,B,D,C,B,A,E,C,B,A,E,0.7,equalize
1596,equalize,4,D,A,A,D,C,B,A,D,C,B,A,C,B,A,D,C,B,A,D,C,0.7,equalize
1596,turntaking,5,D,D,D,D,D,D,D,D,D,D,E,E,D,D,D,D,D,D,D,E,0.4,equalize
1596,turntaking,6,E,E,E,E,E,E,E,E,E,E,A,D,E,E,E,E,E,E,E,A,0.45,equalize
1597,turntaking,1,skip,E,C,C,D,D,C,C,C,C,D,D,D,D,C,C,C,C,D,E,0.45,equalize
1597,turntaking,2,A,D,D,D,C,C,D,D,D,D,C,C,C,C,D,D,D,D,C,D,0.45,equalize
1597,equalize,3,C,A,C,B,A,E,D,B,A,E,C,B,A,E,D,B,A,E,C,B,0.75,equalize
1597,equalize,4,D,C,D,A,E,D,B,A,E,C,B,A,E,D,B,A,E,C,B,A,0.75,equalize
1597,equalize,5,E,D,A,E,C,B,A,E,D,B,A,E,C,B,A,E,D,B,A,E,0.7,equalize
1597,equalize,6,skip,B,E,C,B,A,E,C,B,A,E,D,B,A,E,C,B,A,E,D,0.7,equalize
1598,turntaking,1,skip,E,E,E,E,E,B,B,B,B,E,E,E,E,B,B,B,B,E,D,0.45,equalize
1598,equalize,2,B,A,A,A,C,D,E,A,C,D,B,A,C,D,E,A,C,D,B,A,0.75,equalize
1598,turntaking,3,B,B,B,B,B,B,E,E,E,E,B,B,B,B,E,E,E,E,B,E,0.45,equalize
1598,equalize,4,D,D,B,C,D,E,A,C,D,B,A,C,D,E,A,C,D,B,A,C,0.75,equalize
1598,equalize,5,E,E,C,D,B,A,C,D,E,A,C,D,B,A,C,D,E,A,C,D,0.7,equalize
1598,equalize,6,skip,C,D,E,A,C,D,B,A,C,D,E,A,C,D,B,A,C,D,E,0.7,equalize
1599,turntaking,1,skip,D,E,E,D,D,E,E,D,D,E,E,D,D,E,E,D,D,E,B,0.45,equalize
1599,equalize,2,B,B,C,E,A,C,B,E,A,C,B,E,A,C,B,E,A,C,B,E,0.75,equalize
1599,equalize,3,C,C,D,A,C,B,D,A,C,B,D,A,C,B,D,A,C,B,D,A,0.75,equalize
1599,equalize,4,D,D,A,C,B,D,A,C,B,D,A,C,B,D,A,C,B,D,A,C,0.75,equalize
1599,equalize,5,E,A,B,B,E,A,C,B,E,A,C,B,E,A,C,B,E,A,C,B,0.7,equalize
1599,turntaking,6,E,E,D,D,E,E,D,D,E,E,D,D,E,E,D,D,E,E,D,E,0.45,equalize
1600,equalize,1,A,B,B,D,C,E,B,D,C,E,B,D,C,E,B,D,C,A,B,D,0.75,equalize
1600,turntaking,2,A,A,A,E,E,E,E,E,E,E,A,A,E,E,A,A,A,A,E,C,0.45,equalize
1600,equalize,3,C,D,D,C,A,B,D,C,A,B,D,C,A,B,D,C,E,B,D,C,0.7,equalize
1600,turntaking,4,C,C,E,A,A,A,A,A,A,A,E,E,A,A,E,E,E,E,A,E,0.45,equalize
1600,equalize,5,E,A,E,B,B,D,C,E,B,D,C,A,B,D,C,A,B,D,C,E,0.7,equalize
1600,equalize,6,skip,E,C,E,D,C,A,B,D,C,E,B,D,C,E,B,D,C,A,B,0.7,equalize
1601,equalize,1,A,B,D,A,B,D,A,E,B,D,A,B,D,A,E,B,D,A,E,B,0.7,equalize
1601,equalize,2,B,D,E,B,C,A,E,B,C,A,E,D,A,E,B,C,A,E,B,C,0.7,equalize
1601,equalize,3,C,E,B,D,A,E,B,D,A,E,B,A,E,B,D,A,E,B,D,A,0.7,equalize
1601,turntaking,4,C,C,C,D,D,D,D,D,D,D,C,C,D,D,D,D,D,D,D,C,0.4,equalize
1601,turntaking,5,D,D,D,C,C,C,C,C,C,C,B,D,C,C,C,C,C,C,C,B,0.45,equalize
1601,equalize,6,skip,A,C,E,E,B,C,A,E,B,C,E,B,C,A,E,B,C,A,E,0.7,equalize
1602,equalize,1,A,B,E,D,B,A,E,D,B,A,E,B,A,E,D,B,A,E,D,B,0.75,equalize
1602,equalize,2,B,C,D,B,A,C,D,B,A,C,D,A,C,D,B,A,C,D,B,A,0.7,equalize
1602,equalize,3,C,D,B,A,E,D,B,A,E,D,B,C,D,B,A,E,D,B,A,E,0.7,equalize
1602,turntaking,4,C,C,C,C,C,C,C,C,C,C,E,E,C,C,C,C,C,C,C,E,0.4,equalize
1602,equalize,5,E,A,A,C,D,B,A,C,D,B,A,D,B,A,C,D,B,A,C,D,0.7,equalize
1602,turntaking,6,E,E,E,E,E,E,E,E,E,E,A,C,E,E,E,E,E,E,E,A,0.45,equalize
1603,turntaking,1,skip,E,E,E,C,C,E,E,E,E,C,C,C,C,E,E,E,E,C,B,0.45,equalize
1603,equalize,2,B,B,C,A,D,B,C,A,D,B,E,A,D,B,C,A,D,B,E,A,0.75,equalize
1603,equalize,3,C,A,A,D,B,C,A,D,B,E,A,D,B,C,A,D,B,E,A,D,0.75,equalize
1603,turntaking,4,C,C,C,C,E,E,C,C,C,C,E,E,E,E,C,C,C,C,E,C,0.45,equalize
1603,equalize,5,E,E,D,B,E,A,D,B,C,A,D,B,E,A,D,B,C,A,D,B,0.7,equalize
1603,equalize,6,skip,D,B,E,A,D,B,E,A,D,B,C,A,D,B,E,A,D,B,C,0.7,equalize
1604,equalize,1,A,B,B,B,D,C,E,B,D,C,E,D,C,E,B,D,C,E,B,D,0.75,equalize
1604,turntaking,2,A,A,A,A,A,A,A,A,A,A,E,E,A,A,A,A,A,A,A,E,0.4,equalize
1604,equalize,3,C,D,E,D,C,A,B,D,C,A,B,C,A,B,D,C,A,B,D,C,0.7,equalize
1604,equalize,4,D,A,D,C,E,B,D,C,E,B,D,A,B,D,C,E,B,D,C,E,0.7,equalize
1604,equalize,5,E,C,C,A,B,D,C,A,B,D,C,B,D,C,A,B,D,C,A,B,0.7,equalize
1604,turntaking,6,E,E,E,E,E,E,E,E,E,E,C,A,E,E,E,E,E,E,E,C,0.45,equalize
1605,turntaking,1,skip,C,D,D,D,D,C,C,C,C,D,D,D,D,C,C,C,C,D,B,0.45,equalize
1605,equalize,2,B,B,C,A,E,B,D,A,E,B,C,A,E,B,D,A,E,B,C,A,0.75,equalize
1605,equalize,3,C,C,A,E,B,D,A,E,B,C,A,E,B,D,A,E,B,C,A,E,0.75,equalize
1605,equalize,4,D,A,E,B,C,A,E,B,D,A,E,B,C,A,E,B,D,A,E,B,0.7,equalize
1605,turntaking,5,D,D,C,C,C,C,D,D,D,D,C,C,C,C,D,D,D,D,C,D,0.45,equalize
1605,equalize,6,skip,E,B,D,A,E,B,C,A,E,B,D,A,E,B,C,A,E,B,D,0.7,equalize
1606,turntaking,1,skip,E,C,B,A,A,skip,E,E,E,E,E,skip,B,C,C,A,E,skip,B,0.8,draw
1606,turntaking,2,A,skip,D,D,D,D,A,skip,C,C,D,A,E,skip,B,D,C,A,E,skip,0.8,draw
1606,turntaking,3,B,A,skip,E,C,B,D,A,skip,B,C,D,A,E,skip,B,D,C,A,E,0.85,draw
1606,turntaking,4,C,B,A,skip,E,C,B,D,A,skip,B,C,D,A,E,skip,B,D,C,A,0.85,draw
1606,turntaking,5,D,C,B,A,skip,E,C,B,D,A,skip,B,C,D,A,E,skip,B,D,C,0.85,draw
1606,turntaking,6,E,D,E,C,B,skip,E,C,B,D,A,skip,B,C,D,A,E,skip,B,D,0.85,draw
1607,turntaking,1,skip,E,C,B,A,A,skip,E,E,E,E,E,skip,B,C,C,A,E,skip,B,0.8,draw
1607,turntaking,2,A,skip,D,D,D,D,A,skip,C,C,D,A,E,skip,B,D,C,A,E,skip,0.8,draw
1607,turntaking,3,B,A,skip,E,C,B,D,A,skip,B,C,D,A,E,skip,B,D,C,A,E,0.85,draw
1607,turntaking,4,C,B,A,skip,E,C,B,D,A,skip,B,C,D,A,E,skip,B,D,C,A,0.85,draw
1607,turntaking,5,D,C,B,A,skip,E,C,B,D,A,skip,B,C,D,A,E,skip,B,D,C,0.85,draw
1607,turntaking,6,E,D,E,C,B,skip,E,C,B,D,A,skip,B,C,D,A,E,skip,B,D,0.85,draw
1608,turntaking,1,skip,E,C,B,A,A,skip,E,E,E,E,E,skip,B,C,C,A,E,skip,B,0.8,draw
1608,turntaking,2,A,skip,D,D,D,D,A,skip,C,C,D,A,E,skip,B,D,C,A,E,skip,0.8,draw
1608,turntaking,3,B,A,skip,E,C,B,D,A,skip,B,C,D,A,E,skip,B,D,C,A,E,0.85,draw
1608,turntaking,4,C,B,A,skip,E,C,B,D,A,skip,B,C,D,A,E,skip,B,D,C,A,0.85,draw
1608,turntaking,5,D,C,B,A,skip,E,C,B,D,A,skip,B,C,D,A,E,skip,B,D,C,0.85,draw
1608,turntaking,6,E,D,E,C,B,skip,E,C,B,D,A,skip,B,C,D,A,E,skip,B,D,0.85,draw
1609,turntaking,1,skip,E,C,B,A,A,skip,E,E,E,E,E,skip,B,C,C,A,E,skip,B,0.8,draw
1609,turntaking,2,A,skip,D,D,D,D,A,skip,C,C,D,A,E,skip,B,D,C,A,E,skip,0.8,draw
1609,turntaking,3,B,A,skip,E,C,B,D,A,skip,B,C,D,A,E,skip,B,D,C,A,E,0.85,draw
1609,turntaking,4,C,B,A,skip,E,C,B,D,A,skip,B,C,D,A,E,skip,B,D,C,A,0.85,draw
1609,turntaking,5,D,C,B,A,skip,E,C,B,D,A,skip,B,C,D,A,E,skip,B,D,C,0.85,draw
1609,turntaking,6,E,D,E,C,B,skip,E,C,B,D,A,skip,B,C,D,A,E,skip,B,D,0.85,draw
1610,turntaking,1,skip,E,C,B,A,A,skip,E,E,E,E,E,skip,B,C,C,A,E,skip,B,0.8,draw
1610,turntaking,2,A,skip,D,D,D,D,A,skip,C,C,D,A,E,skip,B,D,C,A,E,skip,0.8,draw
1610,turntaking,3,B,A,skip,E,C,B,D,A,skip,B,C,D,A,E,skip,B,D,C,A,E,0.85,draw
1610,turntaking,4,C,B,A,skip,E,C,B,D,A,skip,B,C,D,A,E,skip,B,D,C,A,0.85,draw
1610,turntaking,5,D,C,B,A,skip,E,C,B,D,A,skip,B,C,D,A,E,skip,B,D,C,0.85,draw
1610,turntaking,6,E,D,E,C,B,skip,E,C,B,D,A,skip,B,C,D,A,E,skip,B,D,0.85,draw
1611,turntaking,1,skip,E,C,B,A,A,skip,E,E,E,E,E,skip,B,C,C,A,E,skip,B,0.8,draw
1611,turntaking,2,A,skip,D,D,D,D,A,skip,C,C,D,A,E,skip,B,D,C,A,E,skip,0.8,draw
1611,turntaking,3,B,A,skip,E,C,B,D,A,skip,B,C,D,A,E,skip,B,D,C,A,E,0.85,draw
1611,turntaking,4,C,B,A,skip,E,C,B,D,A,skip,B,C,D,A,E,skip,B,D,C,A,0.85,draw
1611,turntaking,5,D,C,B,A,skip,E,C,B,D,A,skip,B,C,D,A,E,skip,B,D,C,0.85,draw
1611,turntaking,6,E,D,E,C,B,skip,E,C,B,D,A,skip,B,C,D,A,E,skip,B,D,0.85,draw
1612,turntaking,1,skip,E,C,B,A,A,skip,E,E,E,E,E,skip,B,C,C,A,E,skip,B,0.8,draw
1612,turntaking,2,A,skip,D,D,D,D,A,skip,C,C,D,A,E,skip,B,D,C,A,E,skip,0.8,draw
1612,turntaking,3,B,A,skip,E,C,B,D,A,skip,B,C,D,A,E,skip,B,D,C,A,E,0.85,draw
1612,turntaking,4,C,B,A,skip,E,C,B,D,A,skip,B,C,D,A,E,skip,B,D,C,A,0.85,draw
1612,turntaking,5,D,C,B,A,skip,E,C,B,D,A,skip,B,C,D,A,E,skip,B,D,C,0.85,draw
1612,turntaking,6,E,D,E,C,B,skip,E,C,B,D,A,skip,B,C,D,A,E,skip,B,D,0.85,draw
1613,turntaking,1,skip,E,C,B,A,A,skip,E,E,E,E,E,skip,B,C,C,A,E,skip,B,0.8,draw
1613,turntaking,2,A,skip,D,D,D,D,A,skip,C,C,D,A,E,skip,B,D,C,A,E,skip,0.8,draw
1613,turntaking,3,B,A,skip,E,C,B,D,A,skip,B,C,D,A,E,skip,B,D,C,A,E,0.85,draw
1613,turntaking,4,C,B,A,skip,E,C,B,D,A,skip,B,C,D,A,E,skip,B,D,C,A,0.85,draw
1613,turntaking,5,D,C,B,A,skip,E,C,B,D,A,skip,B,C,D,A,E,skip,B,D,C,0.85,draw
1613,turntaking,6,E,D,E,C,B,skip,E,C,B,D,A,skip,B,C,D,A,E,skip,B,D,0.85,draw
1614,turntaking,1,skip,E,C,B,A,A,skip,E,E,E,E,E,skip,B,C,C,A,E,skip,B,0.8,draw
1614,turntaking,2,A,skip,D,D,D,D,A,skip,C,C,D,A,E,skip,B,D,C,A,E,skip,0.8,draw
1614,turntaking,3,B,A,skip,E,C,B,D,A,skip,B,C,D,A,E,skip,B,D,C,A,E,0.85,draw
1614,turntaking,4,C,B,A,skip,E,C,B,D,A,skip,B,C,D,A,E,skip,B,D,C,A,0.85,draw
1614,turntaking,5,D,C,B,A,skip,E,C,B,D,A,skip,B,C,D,A,E,skip,B,D,C,0.85,draw
1614,turntaking,6,E,D,E,C,B,skip,E,C,B,D,A,skip,B,C,D,A,E,skip,B,D,0.85,draw
1615,turntaking,1,skip,E,C,B,A,A,skip,E,E,E,E,E,skip,B,C,C,A,E,skip,B,0.8,draw
1615,turntaking,2,A,skip,D,D,D,D,A,skip,C,C,D,A,E,skip,B,D,C,A,E,skip,0.8,draw
1615,turntaking,3,B,A,skip,E,C,B,D,A,skip,B,C,D,A,E,skip,B,D,C,A,E,0.85,draw
1615,turntaking,4,C,B,A,skip,E,C,B,D,A,skip,B,C,D,A,E,skip,B,D,C,A,0.85,draw
1615,turntaking,5,D,C,B,A,skip,E,C,B,D,A,skip,B,C,D,A,E,skip,B,D,C,0.85,draw
1615,turntaking,6,E,D,E,C,B,skip,E,C,B,D,A,skip,B,C,D,A,E,skip,B,D,0.85,draw
1616,turntaking,1,skip,E,C,B,A,A,skip,E,E,E,E,E,skip,B,C,C,A,E,skip,B,0.8,draw
1616,turntaking,2,A,skip,D,D,D,D,A,skip,C,C,D,A,E,skip,B,D,C,A,E,skip,0.8,draw
1616,turntaking,3,B,A,skip,E,C,B,D,A,skip,B,C,D,A,E,skip,B,D,C,A,E,0.85,draw
1616,turntaking,4,C,B,A,skip,E,C,B,D,A,skip,B,C,D,A,E,skip,B,D,C,A,0.85,draw
1616,turntaking,5,D,C,B,A,skip,E,C,B,D,A,skip,B,C,D,A,E,skip,B,D,C,0.85,draw
1616,turntaking,6,E,D,E,C,B,skip,E,C,B,D,A,skip,B,C,D,A,E,skip,B,D,0.85,draw
1617,turntaking,1,skip,E,C,B,A,A,skip,E,E,E,E,E,skip,B,C,C,A,E,skip,B,0.8,draw
1617,turntaking,2,A,skip,D,D,D,D,A,skip,C,C,D,A,E,skip,B,D,C,A,E,skip,0.8,draw
1617,turntaking,3,B,A,skip,E,C,B,D,A,skip,B,C,D,A,E,skip,B,D,C,A,E,0.85,draw
1617,turntaking,4,C,B,A,skip,E,C,B,D,A,skip,B,C,D,A,E,skip,B,D,C,A,0.85,draw
1617,turntaking,5,D,C,B,A,skip,E,C,B,D,A,skip,B,C,D,A,E,skip,B,D,C,0.85,draw
1617,turntaking,6,E,D,E,C,B,skip,E,C,B,D,A,skip,B,C,D,A,E,skip,B,D,0.85,draw
1618,turntaking,1,skip,E,C,B,A,A,skip,E,E,E,E,E,skip,B,C,C,A,E,skip,B,0.8,draw
1618,turntaking,2,A,skip,D,D,D,D,A,skip,C,C,D,A,E,skip,B,D,C,A,E,skip,0.8,draw
1618,turntaking,3,B,A,skip,E,C,B,D,A,skip,B,C,D,A,E,skip,B,D,C,A,E,0.85,draw
1618,turntaking,4,C,B,A,skip,E,C,B,D,A,skip,B,C,D,A,E,skip,B,D,C,A,0.85,draw
1618,turntaking,5,D,C,B,A,skip,E,C,B,D,A,skip,B,C,D,A,E,skip,B,D,C,0.85,draw
1618,turntaking,6,E,D,E,C,B,skip,E,C,B,D,A,skip,B,C,D,A,E,skip,B,D,0.85,draw
1619,turntaking,1,skip,E,C,B,A,A,skip,E,E,E,E,E,skip,B,C,C,A,E,skip,B,0.8,draw
1619,turntaking,2,A,skip,D,D,D,D,A,skip,C,C,D,A,E,skip,B,D,C,A,E,skip,0.8,draw
1619,turntaking,3,B,A,skip,E,C,B,D,A,skip,B,C,D,A,E,skip,B,D,C,A,E,0.85,draw
1619,turntaking,4,C,B,A,skip,E,C,B,D,A,skip,B,C,D,A,E,skip,B,D,C,A,0.85,draw
1619,turntaking,5,D,C,B,A,skip,E,C,B,D,A,skip,B,C,D,A,E,skip,B,D,C,0.85,draw
1619,turntaking,6,E,D,E,C,B,skip,E,C,B,D,A,skip,B,C,D,A,E,skip,B,D,0.85,draw
1620,turntaking,1,skip,E,C,B,A,A,skip,E,E,E,E,E,skip,B,C,C,A,E,skip,B,0.8,draw
1620,turntaking,2,A,skip,D,D,D,D,A,skip,C,C,D,A,E,skip,B,D,C,A,E,skip,0.8,draw
1620,turntaking,3,B,A,skip,E,C,B,D,A,skip,B,C,D,A,E,skip,B,D,C,A,E,0.85,draw
1620,turntaking,4,C,B,A,skip,E,C,B,D,A,skip,B,C,D,A,E,skip,B,D,C,A,0.85,draw
1620,turntaking,5,D,C,B,A,skip,E,C,B,D,A,skip,B,C,D,A,E,skip,B,D,C,0.85,draw
1620,turntaking,6,E,D,E,C,B,skip,E,C,B,D,A,skip,B,C,D,A,E,skip,B,D,0.85,draw
