Match,Strategy,Position,Round1,Round2,Round3,Round4,Round5,Round6,Round7,Round8,Round9,Round10,Round11,Round12,Round13,Round14,Round15,Round16,Round17,Round18,Round19,Round20,Win,Winner
1,random,1,E,E,D,J,D,A,D,J,E,A,C,G,I,J,A,B,I,C,I,A,0.7,draw
1,random,2,C,B,B,skip,G,F,D,F,J,skip,B,I,B,J,D,F,C,B,F,C,0.55,draw
1,random,3,G,F,H,C,A,B,A,C,A,I,C,F,I,C,D,J,skip,E,D,G,0.7,draw
1,random,4,G,E,skip,B,I,A,H,I,I,E,A,D,D,E,F,G,C,skip,A,F,0.55,draw
1,random,5,A,J,F,F,E,J,E,C,I,C,I,C,F,A,D,H,F,J,skip,C,0.7,draw
1,random,6,H,skip,B,B,J,E,G,B,F,B,J,I,J,E,J,H,H,A,G,D,0.7,draw
2,random,1,H,skip,H,skip,skip,skip,D,J,G,H,A,D,J,I,A,H,C,D,D,skip,0.45,draw
2,random,2,A,C,B,H,F,F,C,B,G,E,D,B,B,A,H,B,E,D,skip,skip,0.45,draw
2,random,3,E,skip,D,D,D,D,A,D,C,F,E,F,I,J,F,I,J,G,F,J,0.75,draw
2,random,4,H,F,I,F,I,A,B,H,J,G,H,B,F,J,A,A,skip,I,B,G,0.65,draw
2,random,5,D,C,E,D,F,A,E,skip,E,E,B,D,D,D,I,B,skip,C,E,A,0.55,draw
2,random,6,B,H,B,C,E,D,F,G,G,B,E,D,B,I,G,E,G,A,B,skip,0.55,draw
3,random,1,E,G,A,D,A,skip,F,F,E,D,A,B,I,J,A,F,G,B,skip,G,0.6,draw
3,random,2,G,I,E,D,G,J,E,F,F,J,C,B,B,B,G,E,J,skip,F,E,0.35,draw
3,random,3,J,E,C,D,E,skip,B,A,skip,C,C,B,D,I,D,skip,C,A,A,I,0.5,draw
3,random,4,J,skip,G,J,G,E,G,skip,G,D,C,B,F,B,D,H,D,E,F,E,0.35,draw
3,random,5,G,B,J,G,E,B,C,D,H,A,B,I,E,B,I,E,B,E,A,G,0.6,draw
3,random,6,skip,A,D,H,B,I,E,D,G,E,A,D,C,A,J,D,J,C,G,C,0.7,draw
4,random,1,J,J,J,G,B,E,F,G,G,A,E,I,D,D,B,H,A,F,H,I,0.65,draw
4,random,2,A,skip,I,skip,B,E,J,J,J,I,H,A,G,C,H,J,E,H,F,A,0.65,draw
4,random,3,H,G,B,E,B,B,E,J,E,A,G,H,E,skip,I,A,J,J,E,F,0.6,draw
4,random,4,skip,I,F,skip,E,C,E,A,B,H,B,A,E,J,F,D,G,I,I,A,0.6,draw
4,random,5,skip,J,D,C,C,G,G,B,F,A,B,D,E,B,F,B,B,D,H,C,0.65,draw
4,random,6,C,D,skip,D,I,B,F,F,A,C,E,B,E,E,skip,G,J,G,G,G,0.65,draw
5,random,1,I,A,B,E,G,A,G,H,E,F,C,J,I,skip,E,I,H,A,F,F,0.45,draw
5,random,2,F,C,F,D,E,B,skip,H,F,E,C,E,skip,C,G,skip,G,skip,H,G,0.35,draw
5,random,3,J,J,F,A,E,B,E,J,G,I,H,G,I,B,D,A,E,I,F,G,0.5,draw
5,random,4,D,E,skip,J,D,I,H,E,C,A,A,D,H,G,G,F,D,E,C,G,0.75,draw
5,random,5,B,A,F,B,skip,F,B,A,J,skip,H,E,G,J,H,A,H,J,E,F,0.55,draw
5,random,6,F,E,B,I,skip,G,G,J,B,skip,E,I,J,B,A,F,F,A,skip,skip,0.4,draw
6,random,1,H,I,skip,J,G,I,G,H,D,H,E,A,E,I,I,H,G,I,A,I,0.55,draw
6,random,2,C,J,skip,F,J,D,E,skip,skip,C,I,C,F,F,J,skip,F,B,B,H,0.65,draw
6,random,3,skip,J,skip,B,H,E,I,H,C,G,G,D,J,F,B,H,H,G,I,C,0.6,draw
6,random,4,I,skip,E,I,skip,B,G,F,I,F,C,F,J,B,F,G,F,F,G,J,0.6,draw
6,random,5,H,I,D,C,A,I,C,G,B,J,skip,B,J,D,E,E,G,G,J,G,0.65,draw
6,random,6,F,E,F,skip,D,J,F,E,E,F,B,skip,A,I,F,G,E,H,E,E,0.7,draw
7,random,1,C,C,skip,A,G,C,E,D,D,H,I,skip,B,F,H,J,skip,F,D,H,0.3,draw
7,random,2,skip,skip,F,A,C,G,E,H,H,skip,J,C,B,D,J,F,F,C,J,H,0.55,draw
7,random,3,D,D,C,C,H,G,I,H,B,C,I,F,F,B,E,B,C,E,D,J,0.7,draw
7,random,4,G,A,G,G,B,J,I,A,skip,E,E,H,C,A,G,A,B,H,E,E,0.8,draw
7,random,5,C,F,I,D,I,I,J,C,C,H,A,J,J,E,G,E,B,B,skip,A,0.65,draw
7,random,6,J,skip,skip,F,H,E,D,G,skip,F,F,E,J,F,G,J,G,F,C,A,0.5,draw
8,random,1,F,A,I,I,B,E,E,C,I,A,G,G,J,E,H,I,I,C,A,B,0.65,draw
8,random,2,C,B,C,D,I,J,G,D,B,F,D,skip,F,D,skip,G,B,skip,I,I,0.7,draw
8,random,3,G,I,C,G,J,A,I,J,C,G,A,I,F,G,H,J,B,J,J,F,0.4,draw
8,random,4,E,C,B,H,J,F,C,G,J,A,H,F,B,E,I,F,E,D,A,F,0.7,draw
8,random,5,G,skip,I,A,G,E,J,skip,C,J,skip,B,skip,H,J,D,B,J,D,A,0.45,draw
8,random,6,I,F,H,A,skip,F,I,F,E,I,skip,I,J,A,H,H,skip,I,J,G,0.5,draw
9,random,1,F,B,G,A,A,I,J,skip,E,C,B,I,C,G,I,F,G,skip,C,I,0.55,draw
9,random,2,skip,H,E,J,B,C,E,D,C,C,H,skip,J,C,J,E,C,skip,B,B,0.6,draw
9,random,3,J,A,E,H,H,I,I,A,D,B,A,C,E,C,D,A,B,B,J,I,0.6,draw
9,random,4,F,E,H,E,G,J,B,I,D,E,A,H,D,A,skip,D,J,J,F,J,0.6,draw
9,random,5,E,J,D,C,E,J,G,I,J,D,H,A,E,A,I,F,C,F,D,I,0.45,draw
9,random,6,G,skip,I,F,C,D,skip,B,J,B,I,A,B,C,C,D,D,G,C,E,0.6,draw
10,random,1,B,E,C,I,E,I,C,E,B,C,C,J,C,I,C,B,I,H,C,G,0.65,draw
10,random,2,C,E,skip,C,A,E,G,I,skip,skip,G,G,E,G,F,J,H,A,G,A,0.55,draw
10,random,3,B,C,J,skip,F,D,I,B,C,J,I,skip,G,C,G,G,E,H,F,G,0.65,draw
10,random,4,B,D,C,G,B,A,H,H,G,F,G,I,I,G,B,C,H,J,C,A,0.55,draw
10,random,5,H,J,skip,H,C,G,I,H,B,D,A,G,H,E,A,skip,F,G,J,J,0.5,draw
10,random,6,skip,F,F,E,skip,G,E,B,H,F,B,A,D,B,A,E,F,D,J,I,0.6,draw
11,random,1,C,B,B,H,skip,B,A,I,skip,F,F,D,D,C,C,C,I,G,H,H,0.55,draw
11,random,2,G,E,skip,J,F,A,B,skip,J,C,B,skip,J,E,E,D,H,A,E,F,0.55,draw
11,random,3,I,G,E,F,G,I,A,J,G,J,J,A,E,A,G,F,E,G,H,E,0.7,draw
11,random,4,H,B,B,D,E,D,D,J,A,I,E,H,B,skip,H,skip,skip,D,A,C,0.55,draw
11,random,5,I,F,H,F,F,G,A,G,I,skip,D,B,J,H,H,B,G,C,A,J,0.45,draw
11,random,6,E,C,I,B,H,G,B,C,H,C,A,D,B,H,H,C,H,C,J,F,0.45,draw
12,random,1,J,I,C,H,F,I,I,G,skip,C,F,J,E,F,J,J,I,E,F,D,0.7,draw
12,random,2,F,I,D,B,E,J,A,H,D,I,E,B,I,skip,skip,skip,G,G,D,D,0.45,draw
12,random,3,C,A,E,E,H,G,A,C,H,A,D,H,A,F,F,A,J,E,G,C,0.6,draw
12,random,4,J,G,D,D,J,J,H,F,B,D,G,I,D,H,F,B,D,A,D,B,0.7,draw
12,random,5,A,G,E,J,I,E,E,C,G,E,H,E,G,B,skip,E,skip,H,skip,A,0.65,draw
12,random,6,G,J,H,F,I,C,skip,E,skip,I,D,F,I,C,A,C,E,F,G,H,0.65,draw
13,random,1,B,A,I,I,H,I,F,skip,J,skip,C,J,F,B,C,F,F,H,D,skip,0.6,draw
13,random,2,J,B,C,H,A,I,D,G,F,D,H,G,F,H,G,A,E,G,A,H,0.45,draw
13,random,3,F,I,B,I,J,E,D,I,J,G,A,G,skip,G,H,B,D,J,A,B,0.7,draw
13,random,4,A,skip,F,H,E,H,G,B,skip,J,F,D,J,I,E,E,I,G,I,H,0.6,draw
13,random,5,C,J,F,G,E,H,A,C,F,D,B,A,C,C,D,J,C,B,F,E,0.7,draw
13,random,6,D,A,G,I,skip,C,B,G,G,H,B,E,G,skip,B,skip,B,I,B,H,0.6,draw
14,random,1,skip,G,G,D,G,skip,H,G,G,A,A,B,F,I,skip,I,H,G,F,J,0.65,draw
14,random,2,B,J,H,J,C,G,A,D,J,G,I,E,B,A,J,F,B,I,F,G,0.6,draw
14,random,3,F,D,H,F,G,B,D,E,D,H,J,skip,H,F,E,I,D,A,H,H,0.55,draw
14,random,4,B,skip,C,F,H,J,A,I,A,G,C,H,C,C,A,skip,J,B,H,F,0.55,draw
14,random,5,I,G,E,E,F,D,B,J,D,B,E,D,C,F,B,B,C,D,C,C,0.8,draw
14,random,6,H,F,F,C,D,F,E,D,J,skip,F,H,C,A,D,A,A,A,J,skip,0.6,draw
15,random,1,B,D,skip,G,C,E,D,skip,C,F,I,B,J,E,skip,J,C,B,D,skip,0.5,draw
15,random,2,E,H,C,skip,C,I,J,J,H,skip,G,D,H,C,I,D,J,B,J,F,0.45,draw
15,random,3,A,D,J,B,skip,H,H,I,E,H,F,C,E,C,G,I,C,F,F,E,0.6,draw
15,random,4,E,H,I,H,skip,D,C,F,I,C,J,E,G,D,D,H,C,H,H,B,0.75,draw
15,random,5,F,F,G,G,D,I,A,C,A,skip,A,I,D,I,I,I,I,F,J,A,0.6,draw
15,random,6,A,I,F,H,C,C,skip,B,A,G,F,D,F,E,I,I,E,J,skip,H,0.45,draw
16,random,1,B,C,B,F,J,B,C,D,E,I,H,A,G,F,C,E,F,skip,B,E,0.65,draw
16,random,2,G,E,D,F,E,B,I,G,J,C,E,D,H,skip,J,C,J,E,F,D,0.8,draw
16,random,3,H,I,G,C,G,A,F,H,J,skip,F,A,G,B,A,G,H,skip,D,B,0.55,draw
16,random,4,C,C,J,skip,A,C,H,B,A,skip,J,G,J,J,D,I,skip,H,skip,skip,0.65,draw
16,random,5,F,skip,E,G,skip,skip,F,C,skip,A,A,I,F,B,E,J,C,B,skip,F,0.6,draw
16,random,6,J,H,skip,E,I,B,A,H,J,G,H,A,A,J,H,G,A,B,G,I,0.55,draw
17,random,1,D,C,G,I,A,skip,skip,H,B,H,F,A,D,B,A,G,G,H,H,J,0.4,draw
17,random,2,H,I,F,I,F,G,B,E,I,skip,B,H,A,B,B,G,B,H,J,H,0.55,draw
17,random,3,D,G,D,skip,H,G,G,B,A,E,I,skip,I,H,A,G,E,J,D,G,0.6,draw
17,random,4,J,F,J,I,E,D,skip,I,B,F,H,D,J,F,skip,B,C,F,J,skip,0.6,draw
17,random,5,E,skip,C,D,I,F,I,H,A,C,D,H,F,J,C,J,C,B,F,B,0.75,draw
17,random,6,D,B,G,F,B,D,E,J,F,G,G,H,D,B,skip,A,B,D,D,C,0.55,draw
18,random,1,F,B,H,I,C,G,F,C,skip,I,E,A,E,E,C,E,H,J,D,F,0.65,draw
18,random,2,G,A,skip,E,A,G,H,B,F,E,B,C,F,F,I,H,D,I,skip,I,0.55,draw
18,random,3,G,skip,D,I,H,I,I,H,F,I,G,A,J,A,skip,C,J,E,C,E,0.55,draw
18,random,4,A,F,A,D,E,H,C,A,D,B,C,H,F,skip,skip,J,B,H,B,E,0.6,draw
18,random,5,E,B,I,D,J,A,C,D,B,E,C,H,H,I,C,H,C,C,skip,G,0.55,draw
18,random,6,B,J,E,J,F,F,E,E,F,C,J,H,C,G,C,D,A,I,C,J,0.75,draw
19,random,1,C,G,E,A,G,A,I,E,H,H,E,C,J,skip,H,A,A,J,skip,A,0.5,draw
19,random,2,skip,G,E,A,H,H,D,I,E,skip,I,B,C,F,A,B,H,E,B,I,0.4,draw
19,random,3,A,H,H,B,I,C,G,J,skip,J,J,J,G,F,I,C,D,I,B,J,0.6,draw
19,random,4,J,skip,D,skip,C,G,E,D,H,J,I,C,E,A,B,D,skip,J,F,D,0.5,draw
19,random,5,F,C,B,G,F,B,B,skip,H,F,H,G,A,A,D,skip,G,E,I,I,0.65,draw
19,random,6,B,B,skip,F,I,E,D,J,E,H,J,A,J,H,J,D,skip,I,I,F,0.4,draw
20,random,1,G,E,H,F,D,H,H,G,C,I,skip,I,skip,C,H,B,C,D,A,A,0.5,draw
20,random,2,B,I,C,G,H,H,B,C,G,C,H,I,H,H,F,skip,G,B,I,A,0.6,draw
20,random,3,J,C,C,D,C,A,skip,E,D,E,J,I,F,E,I,F,I,C,C,H,0.55,draw
20,random,4,D,B,I,B,H,J,J,skip,H,I,skip,H,F,D,H,A,E,I,J,I,0.6,draw
20,random,5,E,G,A,D,skip,G,I,C,D,B,skip,D,F,G,I,I,I,D,J,B,0.45,draw
20,random,6,C,E,F,D,C,I,I,skip,H,skip,F,B,C,I,B,B,H,G,I,skip,0.5,draw
21,rotate,1,A,B,C,D,E,F,A,B,C,D,E,F,A,B,C,D,E,F,A,B,0.8,rotate
21,random,2,F,skip,I,C,A,F,D,J,E,C,skip,skip,B,skip,B,F,J,B,C,I,0.2,rotate
21,rotate,3,C,D,E,F,A,B,C,D,E,F,A,B,C,D,E,F,A,B,C,D,0.65,rotate
21,random,4,B,I,I,B,A,J,C,J,J,J,I,C,H,H,D,G,H,C,J,J,0.65,rotate
21,random,5,J,I,B,I,A,F,F,I,G,I,C,F,A,B,A,H,H,E,J,D,0.4,rotate
21,rotate,6,F,A,B,C,D,E,F,A,B,C,D,E,F,A,B,C,D,E,F,A,0.65,rotate
22,rotate,1,A,B,C,D,E,F,A,B,C,D,E,F,A,B,C,D,E,F,A,B,0.7,rotate
22,random,2,D,A,B,E,E,G,G,F,E,A,J,F,F,I,J,J,A,skip,B,E,0.5,rotate
22,rotate,3,C,D,E,F,A,B,C,D,E,F,A,B,C,D,E,F,A,B,C,D,0.7,rotate
22,rotate,4,D,E,F,A,B,C,D,E,F,A,B,C,D,E,F,A,B,C,D,E,0.7,rotate
22,random,5,D,E,A,E,skip,B,F,J,J,A,J,A,A,G,D,B,E,A,J,B,0.45,rotate
22,random,6,I,F,F,J,F,skip,skip,D,G,F,A,I,skip,J,D,I,skip,C,A,skip,0.4,rotate
23,random,1,E,H,F,A,B,I,J,G,A,G,E,J,I,J,I,skip,A,D,A,F,0.7,rotate
23,rotate,2,B,C,D,E,F,A,B,C,D,E,F,A,B,C,D,E,F,A,B,C,0.85,rotate
23,rotate,3,C,D,E,F,A,B,C,D,E,F,A,B,C,D,E,F,A,B,C,D,0.85,rotate
23,rotate,4,D,E,F,A,B,C,D,E,F,A,B,C,D,E,F,A,B,C,D,E,0.75,rotate
23,random,5,A,F,H,F,D,F,I,F,B,G,J,H,A,A,D,A,J,I,E,I,0.75,rotate
23,random,6,skip,I,G,J,E,D,I,C,D,B,skip,F,H,D,B,G,C,G,G,E,0.65,rotate
24,random,1,A,F,D,H,H,A,skip,J,J,skip,B,J,F,E,J,F,A,J,G,A,0.45,rotate
24,random,2,D,F,C,B,G,skip,D,A,H,F,C,J,J,A,J,G,skip,A,skip,F,0.4,rotate
24,rotate,3,C,D,E,F,A,B,C,D,E,F,A,B,C,D,E,F,A,B,C,D,0.85,rotate
24,rotate,4,D,E,F,A,B,C,D,E,F,A,B,C,D,E,F,A,B,C,D,E,0.7,rotate
24,rotate,5,E,F,A,B,C,D,E,F,A,B,C,D,E,F,A,B,C,D,E,F,0.8,rotate
24,random,6,A,E,I,B,skip,A,B,E,B,G,I,J,skip,B,H,I,I,F,I,J,0.6,rotate
25,rotate,1,A,B,C,D,E,F,A,B,C,D,E,F,A,B,C,D,E,F,A,B,0.85,rotate
25,rotate,2,B,C,D,E,F,A,B,C,D,E,F,A,B,C,D,E,F,A,B,C,0.85,rotate
25,random,3,D,F,I,D,A,B,C,D,J,D,G,H,J,G,G,H,H,I,G,J,0.75,rotate
25,random,4,H,F,F,G,skip,skip,B,I,skip,skip,H,J,skip,J,E,H,skip,A,D,E,0.5,rotate
25,random,5,I,skip,E,B,G,B,F,A,B,skip,B,D,G,B,F,skip,C,B,B,H,0.55,rotate
25,rotate,6,F,A,B,C,D,E,F,A,B,C,D,E,F,A,B,C,D,E,F,A,0.85,rotate
26,random,1,skip,C,E,J,J,D,B,I,D,skip,I,A,skip,B,skip,F,I,H,J,J,0.55,rotate
26,random,2,C,skip,F,C,E,I,J,J,J,skip,J,J,B,skip,C,B,F,C,skip,skip,0.45,rotate
26,rotate,3,C,D,E,F,A,B,C,D,E,F,A,B,C,D,E,F,A,B,C,D,0.7,rotate
26,random,4,skip,C,F,A,A,I,C,B,A,H,A,A,D,J,H,J,skip,C,B,B,0.45,rotate
26,rotate,5,E,F,A,B,C,D,E,F,A,B,C,D,E,F,A,B,C,D,E,F,0.85,rotate
26,rotate,6,F,A,B,C,D,E,F,A,B,C,D,E,F,A,B,C,D,E,F,A,0.95,rotate
27,random,1,skip,D,D,C,H,H,A,A,C,H,G,C,H,G,D,D,E,F,J,A,0.6,rotate
27,rotate,2,B,C,D,E,F,A,B,C,D,E,F,A,B,C,D,E,F,A,B,C,0.75,rotate
27,random,3,D,F,J,B,J,F,D,I,J,D,skip,skip,B,skip,I,D,G,B,skip,B,0.6,rotate
27,rotate,4,D,E,F,A,B,C,D,E,F,A,B,C,D,E,F,A,B,C,D,E,0.75,rotate
27,random,5,H,A,F,I,A,D,H,H,F,J,J,J,F,J,B,I,F,G,A,C,0.65,rotate
27,rotate,6,F,A,B,C,D,E,F,A,B,C,D,E,F,A,B,C,D,E,F,A,0.7,rotate
28,rotate,1,A,B,C,D,E,F,A,B,C,D,E,F,A,B,C,D,E,F,A,B,0.8,rotate
28,random,2,F,A,G,J,H,F,H,I,B,A,F,I,B,I,H,J,I,J,G,J,0.8,rotate
28,rotate,3,C,D,E,F,A,B,C,D,E,F,A,B,C,D,E,F,A,B,C,D,0.95,rotate
28,random,4,H,skip,A,J,I,E,J,I,A,B,H,H,C,G,H,C,J,D,D,C,0.4,rotate
28,rotate,5,E,F,A,B,C,D,E,F,A,B,C,D,E,F,A,B,C,D,E,F,0.65,rotate
28,random,6,H,B,C,I,F,G,skip,F,G,J,I,H,J,G,A,B,skip,D,A,A,0.4,rotate
29,rotate,1,A,B,C,D,E,F,A,B,C,D,E,F,A,B,C,D,E,F,A,B,0.75,rotate
29,random,2,A,J,H,E,F,I,F,C,F,C,B,E,skip,C,F,E,A,A,G,I,0.55,rotate
29,random,3,I,skip,C,H,G,A,G,C,C,G,D,F,A,E,G,C,B,skip,skip,C,0.4,rotate
29,rotate,4,D,E,F,A,B,C,D,E,F,A,B,C,D,E,F,A,B,C,D,E,0.75,rotate
29,random,5,A,H,J,C,H,H,E,J,B,skip,A,D,E,D,J,skip,I,D,H,J,0.75,rotate
29,rotate,6,F,A,B,C,D,E,F,A,B,C,D,E,F,A,B,C,D,E,F,A,0.65,rotate
30,random,1,G,A,E,J,I,D,G,J,E,H,G,J,D,H,A,D,B,B,D,H,0.75,rotate
30,rotate,2,B,C,D,E,F,A,B,C,D,E,F,A,B,C,D,E,F,A,B,C,0.75,rotate
30,rotate,3,C,D,E,F,A,B,C,D,E,F,A,B,C,D,E,F,A,B,C,D,0.7,rotate
30,random,4,J,I,G,skip,C,I,F,H,B,I,F,A,J,I,D,skip,J,J,G,A,0.55,rotate
30,random,5,F,D,G,C,B,B,E,I,B,D,D,I,A,A,E,D,F,E,B,E,0.35,rotate
30,rotate,6,F,A,B,C,D,E,F,A,B,C,D,E,F,A,B,C,D,E,F,A,0.55,rotate
31,rotate,1,A,B,C,D,E,F,A,B,C,D,E,F,A,B,C,D,E,F,A,B,0.55,rotate
31,rotate,2,B,C,D,E,F,A,B,C,D,E,F,A,B,C,D,E,F,A,B,C,0.7,rotate
31,random,3,I,H,H,D,E,J,C,G,D,D,F,F,H,F,I,G,E,J,J,C,0.35,rotate
31,random,4,skip,C,H,E,J,J,C,C,I,I,C,J,skip,I,A,B,D,H,H,D,0.45,rotate
31,rotate,5,E,F,A,B,C,D,E,F,A,B,C,D,E,F,A,B,C,D,E,F,0.7,rotate
31,random,6,I,skip,skip,A,E,J,G,F,C,J,B,H,E,B,F,F,A,B,A,B,0.45,rotate
32,random,1,J,A,C,F,skip,G,G,C,F,J,E,H,skip,H,D,G,H,B,H,F,0.6,rotate
32,random,2,J,H,skip,skip,A,D,E,E,C,A,A,J,J,D,skip,B,A,B,J,skip,0.4,rotate
32,random,3,B,D,skip,B,D,C,D,H,D,G,E,D,C,I,J,F,C,A,J,I,0.55,rotate
32,rotate,4,D,E,F,A,B,C,D,E,F,A,B,C,D,E,F,A,B,C,D,E,0.75,rotate
32,rotate,5,E,F,A,B,C,D,E,F,A,B,C,D,E,F,A,B,C,D,E,F,0.65,rotate
32,rotate,6,F,A,B,C,D,E,F,A,B,C,D,E,F,A,B,C,D,E,F,A,0.9,rotate
33,random,1,B,A,D,H,D,H,B,J,H,B,G,B,H,A,E,C,F,B,skip,A,0.45,rotate
33,random,2,I,skip,E,C,J,H,C,D,F,E,B,J,D,I,D,E,A,H,I,skip,0.4,rotate
33,rotate,3,C,D,E,F,A,B,C,D,E,F,A,B,C,D,E,F,A,B,C,D,0.65,rotate
33,rotate,4,D,E,F,A,B,C,D,E,F,A,B,C,D,E,F,A,B,C,D,E,0.75,rotate
33,random,5,H,I,B,D,G,F,B,skip,I,C,B,C,E,A,skip,E,E,C,H,C,0.5,rotate
33,rotate,6,F,A,B,C,D,E,F,A,B,C,D,E,F,A,B,C,D,E,F,A,0.6,rotate
34,rotate,1,A,B,C,D,E,F,A,B,C,D,E,F,A,B,C,D,E,F,A,B,0.85,rotate
34,random,2,G,F,A,C,G,C,F,E,G,I,F,E,G,B,B,E,skip,A,A,I,0.35,rotate
34,random,3,C,skip,G,G,skip,D,G,C,B,F,H,C,G,B,I,A,A,C,C,I,0.6,rotate
34,random,4,G,F,J,J,C,skip,D,skip,H,I,H,I,G,J,B,skip,E,G,B,C,0.45,rotate
34,rotate,5,E,F,A,B,C,D,E,F,A,B,C,D,E,F,A,B,C,D,E,F,0.8,rotate
34,rotate,6,F,A,B,C,D,E,F,A,B,C,D,E,F,A,B,C,D,E,F,A,0.75,rotate
35,random,1,G,A,A,A,C,J,J,I,H,H,G,G,A,E,I,F,F,B,J,F,0.6,rotate
35,rotate,2,B,C,D,E,F,A,B,C,D,E,F,A,B,C,D,E,F,A,B,C,0.85,rotate
35,random,3,B,G,A,H,D,J,G,D,C,H,skip,H,skip,C,I,J,D,E,I,A,0.3,rotate
35,random,4,H,F,H,G,skip,G,E,H,C,H,H,D,G,J,B,J,F,E,A,H,0.5,rotate
35,rotate,5,E,F,A,B,C,D,E,F,A,B,C,D,E,F,A,B,C,D,E,F,0.7,rotate
35,rotate,6,F,A,B,C,D,E,F,A,B,C,D,E,F,A,B,C,D,E,F,A,0.7,rotate
36,rotate,1,A,B,C,D,E,F,A,B,C,D,E,F,A,B,C,D,E,F,A,B,0.7,rotate
36,rotate,2,B,C,D,E,F,A,B,C,D,E,F,A,B,C,D,E,F,A,B,C,0.8,rotate
36,random,3,F,skip,D,I,C,D,D,E,B,B,D,G,I,skip,A,I,B,G,A,E,0.5,rotate
36,rotate,4,D,E,F,A,B,C,D,E,F,A,B,C,D,E,F,A,B,C,D,E,0.65,rotate
36,random,5,F,F,F,B,E,H,A,D,skip,F,A,C,skip,F,I,skip,B,J,B,D,0.5,rotate
36,random,6,H,B,H,D,C,E,E,F,E,D,H,C,E,C,F,G,J,A,J,skip,0.55,rotate
37,random,1,C,J,J,C,F,I,I,J,I,G,I,H,D,F,H,skip,I,C,B,D,0.55,rotate
37,rotate,2,B,C,D,E,F,A,B,C,D,E,F,A,B,C,D,E,F,A,B,C,0.65,rotate
37,rotate,3,C,D,E,F,A,B,C,D,E,F,A,B,C,D,E,F,A,B,C,D,0.85,rotate
37,random,4,J,A,B,E,D,D,J,skip,D,A,B,H,F,skip,D,B,E,C,E,I,0.45,rotate
37,rotate,5,E,F,A,B,C,D,E,F,A,B,C,D,E,F,A,B,C,D,E,F,0.75,rotate
37,random,6,B,J,G,H,F,B,D,H,G,H,skip,E,G,H,A,E,E,C,F,skip,0.5,rotate
38,rotate,1,A,B,C,D,E,F,A,B,C,D,E,F,A,B,C,D,E,F,A,B,0.7,rotate
38,random,2,G,G,G,skip,J,A,A,skip,E,J,H,J,D,A,D,F,J,A,A,F,0.6,rotate
38,random,3,skip,A,B,H,C,B,G,A,F,C,I,F,skip,E,J,skip,H,E,F,B,0.55,rotate
38,rotate,4,D,E,F,A,B,C,D,E,F,A,B,C,D,E,F,A,B,C,D,E,0.75,rotate
38,rotate,5,E,F,A,B,C,D,E,F,A,B,C,D,E,F,A,B,C,D,E,F,0.85,rotate
38,random,6,D,G,skip,E,E,A,skip,J,H,F,skip,B,A,skip,skip,C,C,E,D,F,0.3,rotate
39,rotate,1,A,B,C,D,E,F,A,B,C,D,E,F,A,B,C,D,E,F,A,B,0.8,rotate
39,rotate,2,B,C,D,E,F,A,B,C,D,E,F,A,B,C,D,E,F,A,B,C,0.65,rotate
39,rotate,3,C,D,E,F,A,B,C,D,E,F,A,B,C,D,E,F,A,B,C,D,0.7,rotate
39,random,4,G,I,skip,E,G,C,D,B,skip,H,H,E,J,I,C,skip,D,E,G,H,0.6,rotate
39,random,5,B,F,H,E,D,C,C,E,E,E,A,H,I,D,B,D,J,skip,C,I,0.45,rotate
39,random,6,I,C,J,I,C,B,skip,A,J,G,F,C,E,B,J,I,F,G,B,H,0.6,rotate
40,random,1,B,B,D,B,D,F,I,F,B,C,C,B,A,I,I,skip,H,E,G,skip,0.5,rotate
40,rotate,2,B,C,D,E,F,A,B,C,D,E,F,A,B,C,D,E,F,A,B,C,0.65,rotate
40,random,3,E,F,G,G,C,J,I,B,B,D,J,F,E,J,F,C,C,A,B,C,0.45,rotate
40,rotate,4,D,E,F,A,B,C,D,E,F,A,B,C,D,E,F,A,B,C,D,E,0.9,rotate
40,rotate,5,E,F,A,B,C,D,E,F,A,B,C,D,E,F,A,B,C,D,E,F,0.6,rotate
40,random,6,J,I,E,skip,J,A,A,H,H,G,skip,H,B,A,B,I,H,I,B,E,0.65,rotate
41,rotate,1,A,B,C,D,E,F,A,B,C,D,E,F,A,B,C,D,E,F,A,B,1.0,draw
41,rotate,2,B,C,D,E,F,A,B,C,D,E,F,A,B,C,D,E,F,A,B,C,1.0,draw
41,rotate,3,C,D,E,F,A,B,C,D,E,F,A,B,C,D,E,F,A,B,C,D,1.0,draw
41,rotate,4,D,E,F,A,B,C,D,E,F,A,B,C,D,E,F,A,B,C,D,E,1.0,draw
41,rotate,5,E,F,A,B,C,D,E,F,A,B,C,D,E,F,A,B,C,D,E,F,1.0,draw
41,rotate,6,F,A,B,C,D,E,F,A,B,C,D,E,F,A,B,C,D,E,F,A,1.0,draw
42,rotate,1,A,B,C,D,E,F,A,B,C,D,E,F,A,B,C,D,E,F,A,B,1.0,draw
42,rotate,2,B,C,D,E,F,A,B,C,D,E,F,A,B,C,D,E,F,A,B,C,1.0,draw
42,rotate,3,C,D,E,F,A,B,C,D,E,F,A,B,C,D,E,F,A,B,C,D,1.0,draw
42,rotate,4,D,E,F,A,B,C,D,E,F,A,B,C,D,E,F,A,B,C,D,E,1.0,draw
42,rotate,5,E,F,A,B,C,D,E,F,A,B,C,D,E,F,A,B,C,D,E,F,1.0,draw
42,rotate,6,F,A,B,C,D,E,F,A,B,C,D,E,F,A,B,C,D,E,F,A,1.0,draw
43,rotate,1,A,B,C,D,E,F,A,B,C,D,E,F,A,B,C,D,E,F,A,B,1.0,draw
43,rotate,2,B,C,D,E,F,A,B,C,D,E,F,A,B,C,D,E,F,A,B,C,1.0,draw
43,rotate,3,C,D,E,F,A,B,C,D,E,F,A,B,C,D,E,F,A,B,C,D,1.0,draw
43,rotate,4,D,E,F,A,B,C,D,E,F,A,B,C,D,E,F,A,B,C,D,E,1.0,draw
43,rotate,5,E,F,A,B,C,D,E,F,A,B,C,D,E,F,A,B,C,D,E,F,1.0,draw
43,rotate,6,F,A,B,C,D,E,F,A,B,C,D,E,F,A,B,C,D,E,F,A,1.0,draw
44,rotate,1,A,B,C,D,E,F,A,B,C,D,E,F,A,B,C,D,E,F,A,B,1.0,draw
44,rotate,2,B,C,D,E,F,A,B,C,D,E,F,A,B,C,D,E,F,A,B,C,1.0,draw
44,rotate,3,C,D,E,F,A,B,C,D,E,F,A,B,C,D,E,F,A,B,C,D,1.0,draw
44,rotate,4,D,E,F,A,B,C,D,E,F,A,B,C,D,E,F,A,B,C,D,E,1.0,draw
44,rotate,5,E,F,A,B,C,D,E,F,A,B,C,D,E,F,A,B,C,D,E,F,1.0,draw
44,rotate,6,F,A,B,C,D,E,F,A,B,C,D,E,F,A,B,C,D,E,F,A,1.0,draw
45,rotate,1,A,B,C,D,E,F,A,B,C,D,E,F,A,B,C,D,E,F,A,B,1.0,draw
45,rotate,2,B,C,D,E,F,A,B,C,D,E,F,A,B,C,D,E,F,A,B,C,1.0,draw
45,rotate,3,C,D,E,F,A,B,C,D,E,F,A,B,C,D,E,F,A,B,C,D,1.0,draw
45,rotate,4,D,E,F,A,B,C,D,E,F,A,B,C,D,E,F,A,B,C,D,E,1.0,draw
45,rotate,5,E,F,A,B,C,D,E,F,A,B,C,D,E,F,A,B,C,D,E,F,1.0,draw
45,rotate,6,F,A,B,C,D,E,F,A,B,C,D,E,F,A,B,C,D,E,F,A,1.0,draw
46,rotate,1,A,B,C,D,E,F,A,B,C,D,E,F,A,B,C,D,E,F,A,B,1.0,draw
46,rotate,2,B,C,D,E,F,A,B,C,D,E,F,A,B,C,D,E,F,A,B,C,1.0,draw
46,rotate,3,C,D,E,F,A,B,C,D,E,F,A,B,C,D,E,F,A,B,C,D,1.0,draw
46,rotate,4,D,E,F,A,B,C,D,E,F,A,B,C,D,E,F,A,B,C,D,E,1.0,draw
46,rotate,5,E,F,A,B,C,D,E,F,A,B,C,D,E,F,A,B,C,D,E,F,1.0,draw
46,rotate,6,F,A,B,C,D,E,F,A,B,C,D,E,F,A,B,C,D,E,F,A,1.0,draw
47,rotate,1,A,B,C,D,E,F,A,B,C,D,E,F,A,B,C,D,E,F,A,B,1.0,draw
47,rotate,2,B,C,D,E,F,A,B,C,D,E,F,A,B,C,D,E,F,A,B,C,1.0,draw
47,rotate,3,C,D,E,F,A,B,C,D,E,F,A,B,C,D,E,F,A,B,C,D,1.0,draw
47,rotate,4,D,E,F,A,B,C,D,E,F,A,B,C,D,E,F,A,B,C,D,E,1.0,draw
47,rotate,5,E,F,A,B,C,D,E,F,A,B,C,D,E,F,A,B,C,D,E,F,1.0,draw
47,rotate,6,F,A,B,C,D,E,F,A,B,C,D,E,F,A,B,C,D,E,F,A,1.0,draw
48,rotate,1,A,B,C,D,E,F,A,B,C,D,E,F,A,B,C,D,E,F,A,B,1.0,draw
48,rotate,2,B,C,D,E,F,A,B,C,D,E,F,A,B,C,D,E,F,A,B,C,1.0,draw
48,rotate,3,C,D,E,F,A,B,C,D,E,F,A,B,C,D,E,F,A,B,C,D,1.0,draw
48,rotate,4,D,E,F,A,B,C,D,E,F,A,B,C,D,E,F,A,B,C,D,E,1.0,draw
48,rotate,5,E,F,A,B,C,D,E,F,A,B,C,D,E,F,A,B,C,D,E,F,1.0,draw
48,rotate,6,F,A,B,C,D,E,F,A,B,C,D,E,F,A,B,C,D,E,F,A,1.0,draw
49,rotate,1,A,B,C,D,E,F,A,B,C,D,E,F,A,B,C,D,E,F,A,B,1.0,draw
49,rotate,2,B,C,D,E,F,A,B,C,D,E,F,A,B,C,D,E,F,A,B,C,1.0,draw
49,rotate,3,C,D,E,F,A,B,C,D,E,F,A,B,C,D,E,F,A,B,C,D,1.0,draw
49,rotate,4,D,E,F,A,B,C,D,E,F,A,B,C,D,E,F,A,B,C,D,E,1.0,draw
49,rotate,5,E,F,A,B,C,D,E,F,A,B,C,D,E,F,A,B,C,D,E,F,1.0,draw
49,rotate,6,F,A,B,C,D,E,F,A,B,C,D,E,F,A,B,C,D,E,F,A,1.0,draw
50,rotate,1,A,B,C,D,E,F,A,B,C,D,E,F,A,B,C,D,E,F,A,B,1.0,draw
50,rotate,2,B,C,D,E,F,A,B,C,D,E,F,A,B,C,D,E,F,A,B,C,1.0,draw
50,rotate,3,C,D,E,F,A,B,C,D,E,F,A,B,C,D,E,F,A,B,C,D,1.0,draw
50,rotate,4,D,E,F,A,B,C,D,E,F,A,B,C,D,E,F,A,B,C,D,E,1.0,draw
50,rotate,5,E,F,A,B,C,D,E,F,A,B,C,D,E,F,A,B,C,D,E,F,1.0,draw
50,rotate,6,F,A,B,C,D,E,F,A,B,C,D,E,F,A,B,C,D,E,F,A,1.0,draw
51,rotate,1,A,B,C,D,E,F,A,B,C,D,E,F,A,B,C,D,E,F,A,B,1.0,draw
51,rotate,2,B,C,D,E,F,A,B,C,D,E,F,A,B,C,D,E,F,A,B,C,1.0,draw
51,rotate,3,C,D,E,F,A,B,C,D,E,F,A,B,C,D,E,F,A,B,C,D,1.0,draw
51,rotate,4,D,E,F,A,B,C,D,E,F,A,B,C,D,E,F,A,B,C,D,E,1.0,draw
51,rotate,5,E,F,A,B,C,D,E,F,A,B,C,D,E,F,A,B,C,D,E,F,1.0,draw
51,rotate,6,F,A,B,C,D,E,F,A,B,C,D,E,F,A,B,C,D,E,F,A,1.0,draw
52,rotate,1,A,B,C,D,E,F,A,B,C,D,E,F,A,B,C,D,E,F,A,B,1.0,draw
52,rotate,2,B,C,D,E,F,A,B,C,D,E,F,A,B,C,D,E,F,A,B,C,1.0,draw
52,rotate,3,C,D,E,F,A,B,C,D,E,F,A,B,C,D,E,F,A,B,C,D,1.0,draw
52,rotate,4,D,E,F,A,B,C,D,E,F,A,B,C,D,E,F,A,B,C,D,E,1.0,draw
52,rotate,5,E,F,A,B,C,D,E,F,A,B,C,D,E,F,A,B,C,D,E,F,1.0,draw
52,rotate,6,F,A,B,C,D,E,F,A,B,C,D,E,F,A,B,C,D,E,F,A,1.0,draw
53,rotate,1,A,B,C,D,E,F,A,B,C,D,E,F,A,B,C,D,E,F,A,B,1.0,draw
53,rotate,2,B,C,D,E,F,A,B,C,D,E,F,A,B,C,D,E,F,A,B,C,1.0,draw
53,rotate,3,C,D,E,F,A,B,C,D,E,F,A,B,C,D,E,F,A,B,C,D,1.0,draw
53,rotate,4,D,E,F,A,B,C,D,E,F,A,B,C,D,E,F,A,B,C,D,E,1.0,draw
53,rotate,5,E,F,A,B,C,D,E,F,A,B,C,D,E,F,A,B,C,D,E,F,1.0,draw
53,rotate,6,F,A,B,C,D,E,F,A,B,C,D,E,F,A,B,C,D,E,F,A,1.0,draw
54,rotate,1,A,B,C,D,E,F,A,B,C,D,E,F,A,B,C,D,E,F,A,B,1.0,draw
54,rotate,2,B,C,D,E,F,A,B,C,D,E,F,A,B,C,D,E,F,A,B,C,1.0,draw
54,rotate,3,C,D,E,F,A,B,C,D,E,F,A,B,C,D,E,F,A,B,C,D,1.0,draw
54,rotate,4,D,E,F,A,B,C,D,E,F,A,B,C,D,E,F,A,B,C,D,E,1.0,draw
54,rotate,5,E,F,A,B,C,D,E,F,A,B,C,D,E,F,A,B,C,D,E,F,1.0,draw
54,rotate,6,F,A,B,C,D,E,F,A,B,C,D,E,F,A,B,C,D,E,F,A,1.0,draw
55,rotate,1,A,B,C,D,E,F,A,B,C,D,E,F,A,B,C,D,E,F,A,B,1.0,draw
55,rotate,2,B,C,D,E,F,A,B,C,D,E,F,A,B,C,D,E,F,A,B,C,1.0,draw
55,rotate,3,C,D,E,F,A,B,C,D,E,F,A,B,C,D,E,F,A,B,C,D,1.0,draw
55,rotate,4,D,E,F,A,B,C,D,E,F,A,B,C,D,E,F,A,B,C,D,E,1.0,draw
55,rotate,5,E,F,A,B,C,D,E,F,A,B,C,D,E,F,A,B,C,D,E,F,1.0,draw
55,rotate,6,F,A,B,C,D,E,F,A,B,C,D,E,F,A,B,C,D,E,F,A,1.0,draw
56,rotate,1,A,B,C,D,E,F,A,B,C,D,E,F,A,B,C,D,E,F,A,B,1.0,draw
56,rotate,2,B,C,D,E,F,A,B,C,D,E,F,A,B,C,D,E,F,A,B,C,1.0,draw
56,rotate,3,C,D,E,F,A,B,C,D,E,F,A,B,C,D,E,F,A,B,C,D,1.0,draw
56,rotate,4,D,E,F,A,B,C,D,E,F,A,B,C,D,E,F,A,B,C,D,E,1.0,draw
56,rotate,5,E,F,A,B,C,D,E,F,A,B,C,D,E,F,A,B,C,D,E,F,1.0,draw
56,rotate,6,F,A,B,C,D,E,F,A,B,C,D,E,F,A,B,C,D,E,F,A,1.0,draw
57,rotate,1,A,B,C,D,E,F,A,B,C,D,E,F,A,B,C,D,E,F,A,B,1.0,draw
57,rotate,2,B,C,D,E,F,A,B,C,D,E,F,A,B,C,D,E,F,A,B,C,1.0,draw
57,rotate,3,C,D,E,F,A,B,C,D,E,F,A,B,C,D,E,F,A,B,C,D,1.0,draw
57,rotate,4,D,E,F,A,B,C,D,E,F,A,B,C,D,E,F,A,B,C,D,E,1.0,draw
57,rotate,5,E,F,A,B,C,D,E,F,A,B,C,D,E,F,A,B,C,D,E,F,1.0,draw
57,rotate,6,F,A,B,C,D,E,F,A,B,C,D,E,F,A,B,C,D,E,F,A,1.0,draw
58,rotate,1,A,B,C,D,E,F,A,B,C,D,E,F,A,B,C,D,E,F,A,B,1.0,draw
58,rotate,2,B,C,D,E,F,A,B,C,D,E,F,A,B,C,D,E,F,A,B,C,1.0,draw
58,rotate,3,C,D,E,F,A,B,C,D,E,F,A,B,C,D,E,F,A,B,C,D,1.0,draw
58,rotate,4,D,E,F,A,B,C,D,E,F,A,B,C,D,E,F,A,B,C,D,E,1.0,draw
58,rotate,5,E,F,A,B,C,D,E,F,A,B,C,D,E,F,A,B,C,D,E,F,1.0,draw
58,rotate,6,F,A,B,C,D,E,F,A,B,C,D,E,F,A,B,C,D,E,F,A,1.0,draw
59,rotate,1,A,B,C,D,E,F,A,B,C,D,E,F,A,B,C,D,E,F,A,B,1.0,draw
59,rotate,2,B,C,D,E,F,A,B,C,D,E,F,A,B,C,D,E,F,A,B,C,1.0,draw
59,rotate,3,C,D,E,F,A,B,C,D,E,F,A,B,C,D,E,F,A,B,C,D,1.0,draw
59,rotate,4,D,E,F,A,B,C,D,E,F,A,B,C,D,E,F,A,B,C,D,E,1.0,draw
59,rotate,5,E,F,A,B,C,D,E,F,A,B,C,D,E,F,A,B,C,D,E,F,1.0,draw
59,rotate,6,F,A,B,C,D,E,F,A,B,C,D,E,F,A,B,C,D,E,F,A,1.0,draw
60,rotate,1,A,B,C,D,E,F,A,B,C,D,E,F,A,B,C,D,E,F,A,B,1.0,draw
60,rotate,2,B,C,D,E,F,A,B,C,D,E,F,A,B,C,D,E,F,A,B,C,1.0,draw
60,rotate,3,C,D,E,F,A,B,C,D,E,F,A,B,C,D,E,F,A,B,C,D,1.0,draw
60,rotate,4,D,E,F,A,B,C,D,E,F,A,B,C,D,E,F,A,B,C,D,E,1.0,draw
60,rotate,5,E,F,A,B,C,D,E,F,A,B,C,D,E,F,A,B,C,D,E,F,1.0,draw
60,rotate,6,F,A,B,C,D,E,F,A,B,C,D,E,F,A,B,C,D,E,F,A,1.0,draw
61,random3,1,I,I,I,D,D,D,D,D,D,D,C,C,C,C,C,C,C,A,A,A,0.65,random3
61,random,2,J,C,skip,D,J,H,C,skip,I,A,G,H,B,B,I,G,E,H,skip,G,0.45,random3
61,random,3,I,B,I,H,I,A,E,A,I,D,C,A,skip,H,H,I,E,E,skip,F,0.5,random3
61,random,4,I,skip,E,I,skip,J,E,skip,skip,F,F,H,G,A,D,C,C,J,F,J,0.35,random3
61,random3,5,H,H,H,H,G,G,G,G,G,G,G,G,G,I,I,G,G,G,G,G,0.7,random3
61,random3,6,F,F,F,F,F,F,F,F,F,F,J,J,J,J,J,J,J,J,J,J,0.85,random3
62,random,1,E,C,H,G,E,I,C,C,F,G,C,I,C,H,J,C,I,F,E,skip,0.75,random3
62,random,2,G,B,skip,J,A,J,H,F,H,I,A,E,D,A,skip,B,C,E,B,B,0.65,random3
62,random3,3,J,J,J,J,I,I,B,B,B,B,B,B,B,B,B,B,A,A,A,A,0.8,random3
62,random3,4,E,E,E,E,E,E,E,E,E,E,E,E,J,J,J,J,J,J,J,J,0.7,random3
62,random3,5,E,D,D,D,D,D,D,D,D,D,D,D,D,D,D,D,D,D,D,D,0.85,random3
62,random,6,I,H,I,C,A,D,A,J,I,E,F,A,D,B,I,E,F,C,J,I,0.7,random3
63,random,1,B,J,D,F,A,F,I,D,B,F,F,skip,I,E,A,I,H,E,G,H,0.55,random3
63,random3,2,D,D,D,A,A,A,A,A,A,A,A,A,A,A,A,A,A,A,A,A,0.7,random3
63,random3,3,C,C,C,C,D,D,D,D,D,D,D,D,D,D,D,D,D,D,D,D,0.7,random3
63,random,4,I,D,F,C,F,E,J,A,skip,C,skip,J,D,B,D,D,J,I,H,C,0.5,random3
63,random3,5,J,J,G,G,G,G,G,G,G,G,G,G,G,G,G,G,E,E,E,E,0.85,random3
63,random,6,I,A,F,B,D,C,I,E,F,H,C,B,B,A,E,G,F,C,I,H,0.65,random3
64,random,1,skip,H,H,F,H,skip,I,B,B,D,G,A,F,F,H,C,A,J,skip,J,0.5,random3
64,random,2,J,D,F,H,J,D,F,B,B,H,D,A,I,A,A,E,I,G,J,J,0.55,random3
64,random3,3,C,C,C,C,C,C,C,C,C,C,C,C,C,C,C,C,F,F,F,F,0.9,random3
64,random,4,F,C,J,H,G,I,I,D,J,H,skip,I,skip,skip,D,J,B,I,D,D,0.65,random3
64,random3,5,E,E,E,E,E,E,E,E,E,E,E,E,E,E,E,E,E,E,E,E,0.95,random3
64,random3,6,D,D,D,D,D,D,B,B,H,H,H,H,H,H,H,H,H,H,H,H,0.75,random3
65,random3,1,G,G,G,G,G,G,G,G,G,D,D,G,G,G,G,G,G,D,D,D,0.7,random3
65,random3,2,A,A,A,A,A,H,I,I,I,I,I,I,I,I,I,I,I,I,I,I,0.65,random3
65,random,3,A,A,D,E,E,E,B,J,G,E,H,E,E,skip,skip,G,G,H,I,I,0.4,random3
65,random,4,H,A,skip,B,A,F,E,B,I,E,D,D,D,D,F,A,J,G,F,D,0.6,random3
65,random,5,A,C,F,D,J,H,E,D,C,J,J,E,F,skip,skip,G,skip,H,D,D,0.35,random3
65,random3,6,C,C,C,C,C,C,C,C,C,C,C,C,C,C,C,C,C,C,C,C,0.9,random3
66,random3,1,I,I,I,I,I,I,I,C,C,C,C,C,C,C,D,D,D,D,D,D,0.75,random3
66,random3,2,I,H,H,H,H,H,H,H,J,J,J,J,J,J,A,A,A,A,A,A,0.75,random3
66,random,3,E,A,A,A,E,E,F,I,skip,J,C,G,A,J,H,H,E,skip,E,G,0.6,random3
66,random3,4,G,G,G,G,G,G,B,B,B,B,B,B,I,I,I,I,I,I,I,I,0.85,random3
66,random,5,J,J,C,skip,I,J,D,H,A,J,C,G,A,F,B,skip,A,G,G,skip,0.45,random3
66,random,6,D,J,A,C,A,G,I,E,I,skip,E,B,E,C,G,B,F,skip,I,J,0.55,random3
67,random,1,skip,I,G,C,F,skip,B,C,E,skip,F,B,H,F,J,J,J,F,C,skip,0.6,random3
67,random3,2,H,H,H,H,H,H,H,H,H,H,H,H,H,H,H,H,H,H,J,J,0.75,random3
67,random3,3,A,A,A,A,A,A,A,A,A,A,A,A,A,A,A,A,A,A,A,A,0.8,random3
67,random3,4,B,B,B,B,B,B,B,B,B,B,B,B,G,G,G,G,G,G,G,G,0.7,random3
67,random,5,D,G,C,F,D,skip,H,G,skip,B,B,A,D,G,I,H,H,H,I,C,0.5,random3
67,random,6,G,A,D,E,B,J,F,F,J,E,skip,F,B,A,J,I,D,A,B,E,0.7,random3
68,random,1,G,D,F,C,B,F,I,J,C,C,B,F,J,B,skip,B,D,G,J,A,0.65,random3
68,random,2,A,skip,D,G,H,F,E,F,F,F,A,skip,E,skip,I,C,J,E,B,H,0.5,random3
68,random,3,F,F,skip,F,J,F,G,J,D,E,skip,skip,F,J,A,G,E,C,I,H,0.5,random3
68,random3,4,A,A,A,A,A,A,A,A,A,A,A,A,A,A,A,A,A,A,A,A,0.8,random3
68,random3,5,C,C,C,C,J,J,J,J,J,J,J,J,J,J,J,J,J,B,B,D,0.65,random3
68,random3,6,I,I,I,I,I,I,I,I,I,I,I,I,I,I,I,I,I,I,I,H,0.8,random3
69,random3,1,J,J,J,J,J,J,J,J,J,J,H,H,H,H,B,B,H,H,H,H,0.85,random3
69,random3,2,G,G,G,G,G,G,G,G,G,G,G,G,G,G,G,G,J,J,J,J,0.8,random3
69,random,3,G,H,I,E,D,D,skip,G,A,E,D,I,B,skip,C,B,C,F,C,C,0.5,random3
69,random,4,A,F,B,A,E,H,I,B,A,skip,skip,A,E,D,D,G,E,G,I,I,0.65,random3
69,random3,5,I,I,I,I,I,I,I,I,I,I,I,I,F,F,F,F,F,F,F,F,0.75,random3
69,random,6,H,E,A,F,B,C,skip,B,F,J,D,J,E,H,F,G,I,C,E,J,0.55,random3
70,random,1,D,C,A,B,skip,H,C,skip,F,skip,G,B,B,C,A,E,C,H,F,G,0.45,random3
70,random3,2,B,B,B,B,B,B,B,B,B,B,B,B,B,B,H,H,H,H,H,H,0.7,random3
70,random,3,J,J,E,A,F,H,skip,A,G,I,A,skip,G,B,F,skip,G,I,skip,B,0.55,random3
70,random,4,D,H,F,G,C,skip,F,B,I,H,D,B,H,F,J,J,F,F,G,I,0.5,random3
70,random3,5,J,J,F,G,E,E,E,E,E,E,E,E,E,E,E,E,G,J,J,J,0.7,random3
70,random3,6,H,H,H,H,H,H,H,H,H,H,H,H,H,J,J,C,C,C,C,C,0.7,random3
71,random,1,J,D,E,H,E,skip,C,skip,I,I,G,skip,D,skip,J,A,G,H,C,skip,0.4,random3
71,random3,2,A,A,A,B,B,B,B,B,B,B,B,B,H,H,G,G,G,H,H,H,0.65,random3
71,random3,3,A,A,A,I,I,I,I,I,I,I,I,I,J,C,C,C,C,C,C,F,0.5,random3
71,random,4,F,H,A,F,J,G,G,H,J,G,H,B,J,B,F,D,F,H,E,G,0.75,random3
71,random,5,F,B,F,skip,I,skip,A,I,C,I,E,I,G,H,E,H,E,G,G,J,0.55,random3
71,random3,6,A,A,A,C,C,C,C,C,C,A,A,A,A,A,A,A,A,A,A,A,0.7,random3
72,random3,1,G,G,C,C,C,C,C,C,C,C,C,C,C,C,C,C,C,C,C,C,0.65,random3
72,random,2,D,H,E,A,A,C,B,H,J,J,D,E,A,A,I,E,E,D,F,H,0.7,random3
72,random3,3,J,J,J,J,J,J,J,J,J,J,J,J,J,J,J,J,J,J,J,J,0.7,random3
72,random,4,E,E,H,I,G,G,A,J,H,D,D,H,skip,I,C,J,J,skip,D,I,0.4,random3
72,random3,5,G,G,I,I,D,D,D,D,D,D,I,I,I,I,I,D,D,D,D,D,0.55,random3
72,random,6,I,A,I,J,C,F,A,I,G,A,F,F,F,C,G,C,A,A,I,skip,0.65,random3
73,random,1,E,E,F,skip,G,H,I,skip,G,E,I,G,G,C,I,E,G,G,C,D,0.35,random3
73,random3,2,F,F,F,H,H,H,H,H,H,H,H,H,H,H,H,H,H,H,H,H,0.9,random3
73,random,3,J,G,D,A,B,D,A,F,I,E,G,B,F,G,D,J,A,B,F,B,0.65,random3
73,random3,4,G,G,G,G,G,G,G,G,G,G,G,G,G,G,G,G,G,G,G,G,0.55,random3
73,random,5,A,D,C,I,skip,B,B,C,J,I,skip,J,E,skip,J,I,A,skip,I,E,0.7,random3
73,random3,6,E,E,E,E,E,E,E,E,E,E,B,B,B,B,B,B,B,B,E,E,0.7,random3
74,random,1,D,H,C,skip,C,skip,D,B,D,J,skip,I,H,E,H,J,E,F,H,J,0.5,random3
74,random,2,G,H,J,F,skip,F,A,C,C,E,G,D,B,C,J,D,C,H,A,J,0.4,random3
74,random3,3,F,F,F,F,F,F,F,F,F,F,F,B,B,B,B,B,B,B,B,B,0.8,random3
74,random3,4,D,D,D,D,D,D,D,D,D,D,D,D,D,D,D,D,C,C,C,C,0.7,random3
74,random,5,I,I,G,I,G,H,I,G,I,H,F,J,A,I,C,J,I,H,I,F,0.8,random3
74,random3,6,J,J,J,J,J,J,J,J,J,J,J,J,J,J,J,J,J,J,J,J,0.7,random3
75,random3,1,F,F,F,F,F,F,F,F,F,F,F,F,F,J,J,J,J,J,J,J,0.75,random3
75,random3,2,B,B,B,B,E,E,E,E,E,E,E,E,E,E,E,E,E,E,E,E,0.85,random3
75,random3,3,A,A,A,A,A,A,A,A,A,A,A,A,A,A,A,A,A,A,A,A,0.7,random3
75,random,4,E,A,H,B,G,D,F,D,D,J,A,I,skip,F,B,G,B,I,B,E,0.5,random3
75,random,5,C,I,D,I,D,skip,I,J,J,H,skip,B,F,B,H,H,B,I,D,F,0.65,random3
75,random,6,E,I,H,H,A,H,B,F,B,skip,F,G,A,H,H,F,E,J,A,A,0.35,random3
76,random3,1,H,H,H,H,H,H,H,H,H,H,H,H,H,H,H,H,H,H,H,H,0.75,random3
76,random,2,F,A,C,B,E,C,F,J,A,I,C,E,E,H,E,I,G,H,D,G,0.55,random3
76,random3,3,E,B,B,B,B,B,B,B,B,B,B,B,B,B,D,D,D,D,D,D,0.6,random3
76,random3,4,C,C,C,C,C,C,I,J,J,J,J,J,J,J,D,B,B,B,B,B,0.65,random3
76,random,5,E,F,skip,F,E,B,I,D,E,F,G,E,G,B,C,skip,D,C,A,D,0.5,random3
76,random,6,skip,H,E,H,skip,B,E,C,D,D,I,H,C,J,G,C,C,G,F,B,0.6,random3
77,random3,1,E,E,E,E,E,E,E,E,E,E,E,E,F,F,F,F,F,F,F,F,0.8,random3
77,random,2,H,C,B,H,I,G,D,C,F,F,skip,I,G,B,I,I,I,C,B,H,0.55,random3
77,random,3,A,C,I,I,skip,skip,G,F,A,F,A,I,I,C,E,F,C,B,J,G,0.65,random3
77,random3,4,J,J,J,J,J,J,J,J,J,J,J,J,J,J,J,J,A,A,A,A,0.95,random3
77,random,5,B,D,E,C,C,H,G,C,H,E,skip,E,D,I,A,J,I,D,G,H,0.4,random3
77,random3,6,C,C,C,C,G,G,G,G,G,G,G,G,G,A,A,G,G,G,G,I,0.65,random3
78,random,1,J,G,B,E,G,J,I,I,C,skip,D,A,C,skip,F,D,H,E,I,A,0.6,random3
78,random3,2,G,I,I,I,I,I,I,E,E,E,E,E,E,E,E,E,E,E,E,E,0.65,random3
78,random,3,C,E,skip,C,A,H,D,A,C,G,J,G,E,skip,skip,skip,B,H,C,I,0.5,random3
78,random3,4,H,H,H,H,H,H,H,H,H,H,H,H,H,H,H,H,H,H,H,H,0.8,random3
78,random3,5,G,G,D,D,D,D,D,F,F,F,F,F,F,F,F,F,F,F,F,F,0.7,random3
78,random,6,D,A,I,H,skip,G,B,skip,I,G,C,E,G,I,skip,skip,F,H,E,F,0.4,random3
79,random3,1,H,H,H,H,H,H,H,H,H,H,H,H,H,H,H,H,H,H,H,H,0.8,random3
79,random,2,B,A,D,H,I,A,C,B,C,F,skip,A,I,F,A,I,I,skip,skip,B,0.6,random3
79,random3,3,G,G,G,G,G,G,G,B,B,B,B,B,F,F,J,J,J,J,J,J,0.75,random3
79,random,4,D,J,I,skip,H,A,G,H,skip,E,J,B,D,C,skip,I,J,D,F,skip,0.35,random3
79,random,5,A,C,J,J,J,B,D,B,G,C,F,I,skip,C,skip,D,B,A,H,D,0.75,random3
79,random3,6,E,E,E,E,E,E,E,E,E,E,E,E,E,E,E,E,E,E,E,E,0.95,random3
80,random3,1,E,E,F,F,F,F,I,I,I,I,I,I,I,I,I,I,I,I,I,I,0.75,random3
80,random,2,I,C,I,H,skip,F,E,J,A,H,C,J,B,C,C,C,D,H,skip,B,0.65,random3
80,random,3,B,E,B,C,D,B,skip,I,I,F,J,J,J,J,I,J,E,E,J,H,0.4,random3
80,random3,4,H,H,H,C,D,D,D,D,D,D,D,D,D,D,D,D,A,A,A,A,0.8,random3
80,random3,5,B,B,B,B,B,B,B,B,B,B,B,B,B,B,B,B,B,B,B,B,0.7,random3
80,random,6,B,G,H,H,J,G,J,G,E,B,E,skip,skip,E,J,D,J,E,D,C,0.6,random3
81,random3,1,A,A,A,A,A,A,J,J,J,J,J,J,J,J,J,J,J,J,J,J,0.85,rotate
81,rotate,2,B,C,D,E,F,A,B,C,D,E,F,A,B,C,D,E,F,A,B,C,0.85,rotate
81,random3,3,C,C,C,C,C,C,C,C,G,G,G,G,G,G,G,G,G,G,G,G,0.8,rotate
81,rotate,4,D,E,F,A,B,C,D,E,F,A,B,C,D,E,F,A,B,C,D,E,0.9,rotate
81,rotate,5,E,F,A,B,C,D,E,F,A,B,C,D,E,F,A,B,C,D,E,F,0.9,rotate
81,random3,6,H,H,H,H,H,H,H,H,H,H,H,H,H,H,H,H,H,H,H,H,1.0,rotate
82,random3,1,J,J,J,J,J,J,J,J,J,J,J,J,J,J,J,J,J,J,J,J,1.0,rotate
82,rotate,2,B,C,D,E,F,A,B,C,D,E,F,A,B,C,D,E,F,A,B,C,0.95,rotate
82,rotate,3,C,D,E,F,A,B,C,D,E,F,A,B,C,D,E,F,A,B,C,D,0.9,rotate
82,random3,4,C,C,C,C,C,C,C,A,A,G,G,G,G,G,G,G,G,G,G,G,0.75,rotate
82,rotate,5,E,F,A,B,C,D,E,F,A,B,C,D,E,F,A,B,C,D,E,F,0.9,rotate
82,random3,6,I,I,I,I,I,I,I,I,I,I,I,I,I,I,I,I,I,I,I,I,1.0,rotate
83,rotate,1,A,B,C,D,E,F,A,B,C,D,E,F,A,B,C,D,E,F,A,B,0.8,rotate
83,random3,2,G,G,G,G,G,G,G,G,G,G,G,G,G,G,G,G,G,G,G,G,1.0,rotate
83,rotate,3,C,D,E,F,A,B,C,D,E,F,A,B,C,D,E,F,A,B,C,D,0.8,rotate
83,random3,4,J,J,J,J,J,J,J,J,J,J,J,J,J,J,J,J,J,J,J,J,1.0,rotate
83,rotate,5,E,F,A,B,C,D,E,F,A,B,C,D,E,F,A,B,C,D,E,F,0.8,rotate
83,random3,6,B,B,C,C,C,C,C,F,F,F,C,C,C,C,C,F,F,F,F,F,0.4,rotate
84,rotate,1,A,B,C,D,E,F,A,B,C,D,E,F,A,B,C,D,E,F,A,B,0.9,draw
84,random3,2,J,J,J,J,J,J,J,J,J,J,J,J,J,J,J,J,J,J,J,J,1.0,draw
84,random3,3,D,D,D,D,G,G,G,G,G,G,G,G,G,G,G,G,G,G,G,G,0.9,draw
84,rotate,4,D,E,F,A,B,C,D,E,F,A,B,C,D,E,F,A,B,C,D,E,0.95,draw
84,rotate,5,E,F,A,B,C,D,E,F,A,B,C,D,E,F,A,B,C,D,E,F,0.95,draw
84,random3,6,A,A,A,H,H,H,H,H,H,H,H,H,H,H,H,H,H,H,H,H,0.9,draw
85,rotate,1,A,B,C,D,E,F,A,B,C,D,E,F,A,B,C,D,E,F,A,B,0.55,rotate
85,rotate,2,B,C,D,E,F,A,B,C,D,E,F,A,B,C,D,E,F,A,B,C,0.45,rotate
85,random3,3,D,D,D,D,D,A,A,C,C,C,C,C,C,C,C,C,C,C,C,C,0.4,rotate
85,random3,4,B,B,B,B,B,B,B,B,G,G,G,G,G,G,G,G,G,G,G,G,0.75,rotate
85,random3,5,E,E,E,E,E,E,E,E,E,E,E,E,E,E,E,E,A,A,A,D,0.55,rotate
85,rotate,6,F,A,B,C,D,E,F,A,B,C,D,E,F,A,B,C,D,E,F,A,0.7,rotate
86,rotate,1,A,B,C,D,E,F,A,B,C,D,E,F,A,B,C,D,E,F,A,B,0.8,rotate
86,random3,2,B,B,B,B,B,F,F,F,F,F,B,B,B,B,B,B,B,B,B,B,0.45,rotate
86,rotate,3,C,D,E,F,A,B,C,D,E,F,A,B,C,D,E,F,A,B,C,D,0.75,rotate
86,rotate,4,D,E,F,A,B,C,D,E,F,A,B,C,D,E,F,A,B,C,D,E,0.75,rotate
86,random3,5,E,E,E,G,G,G,G,G,G,G,G,G,G,G,G,G,G,G,G,G,0.9,rotate
86,random3,6,C,H,H,H,H,H,H,H,H,H,H,H,H,H,H,H,H,H,H,H,0.95,rotate
87,rotate,1,A,B,C,D,E,F,A,B,C,D,E,F,A,B,C,D,E,F,A,B,0.8,rotate
87,rotate,2,B,C,D,E,F,A,B,C,D,E,F,A,B,C,D,E,F,A,B,C,0.8,rotate
87,random3,3,A,A,A,A,A,A,A,A,A,A,A,A,A,A,A,B,B,B,B,D,0.5,rotate
87,random3,4,F,F,I,I,I,I,I,I,I,I,I,I,I,I,I,I,I,I,I,I,0.95,rotate
87,rotate,5,E,F,A,B,C,D,E,F,A,B,C,D,E,F,A,B,C,D,E,F,0.65,rotate
87,random3,6,E,E,E,E,E,E,E,H,H,H,H,H,H,H,H,H,H,H,H,H,0.8,rotate
88,random3,1,D,D,H,H,H,H,H,H,H,H,H,H,H,H,H,H,H,H,H,H,0.9,draw
88,rotate,2,B,C,D,E,F,A,B,C,D,E,F,A,B,C,D,E,F,A,B,C,0.9,draw
88,rotate,3,C,D,E,F,A,B,C,D,E,F,A,B,C,D,E,F,A,B,C,D,0.8,draw
88,rotate,4,D,E,F,A,B,C,D,E,F,A,B,C,D,E,F,A,B,C,D,E,0.75,draw
88,random3,5,B,B,B,B,B,B,E,E,I,I,I,I,I,I,I,I,I,I,I,I,0.8,draw
88,random3,6,E,E,E,A,A,A,J,J,J,J,J,J,J,J,J,J,J,J,J,J,0.75,draw
89,rotate,1,A,B,C,D,E,F,A,B,C,D,E,F,A,B,C,D,E,F,A,B,0.9,rotate
89,random3,2,H,H,H,H,H,H,H,H,H,H,H,H,H,H,H,H,H,H,H,H,1.0,rotate
89,random3,3,B,B,B,B,B,B,B,B,I,I,I,I,I,I,I,I,I,I,I,I,0.8,rotate
89,random3,4,J,J,J,J,J,J,J,J,J,J,J,J,J,J,J,J,J,J,J,J,1.0,rotate
89,rotate,5,E,F,A,B,C,D,E,F,A,B,C,D,E,F,A,B,C,D,E,F,0.95,rotate
89,rotate,6,F,A,B,C,D,E,F,A,B,C,D,E,F,A,B,C,D,E,F,A,0.95,rotate
90,rotate,1,A,B,C,D,E,F,A,B,C,D,E,F,A,B,C,D,E,F,A,B,0.8,rotate
90,rotate,2,B,C,D,E,F,A,B,C,D,E,F,A,B,C,D,E,F,A,B,C,0.75,rotate
90,rotate,3,C,D,E,F,A,B,C,D,E,F,A,B,C,D,E,F,A,B,C,D,0.75,rotate
90,random3,4,D,D,D,D,D,D,D,D,D,F,F,F,F,F,F,F,F,F,F,F,0.45,rotate
90,random3,5,A,G,G,G,G,G,G,G,G,G,G,G,G,G,G,G,G,G,G,G,0.95,rotate
90,random3,6,F,F,F,F,F,I,I,I,I,I,I,I,I,I,I,I,I,I,I,I,0.9,rotate
91,rotate,1,A,B,C,D,E,F,A,B,C,D,E,F,A,B,C,D,E,F,A,B,0.75,rotate
91,random3,2,F,F,F,F,A,A,A,I,I,I,I,I,I,I,I,I,I,I,I,I,0.8,rotate
91,rotate,3,C,D,E,F,A,B,C,D,E,F,A,B,C,D,E,F,A,B,C,D,0.7,rotate
91,random3,4,J,J,J,J,J,J,J,J,J,J,J,J,J,J,J,J,J,J,J,J,1.0,rotate
91,random3,5,B,B,E,E,E,E,E,E,E,E,E,E,E,E,E,F,F,F,G,G,0.5,rotate
91,rotate,6,F,A,B,C,D,E,F,A,B,C,D,E,F,A,B,C,D,E,F,A,0.85,rotate
92,rotate,1,A,B,C,D,E,F,A,B,C,D,E,F,A,B,C,D,E,F,A,B,0.75,draw
92,random3,2,C,C,C,D,D,D,D,D,D,D,G,G,G,G,G,G,G,G,G,G,0.75,draw
92,random3,3,B,B,I,I,I,I,I,I,I,I,I,I,I,I,I,I,I,I,I,I,0.95,draw
92,rotate,4,D,E,F,A,B,C,D,E,F,A,B,C,D,E,F,A,B,C,D,E,0.95,draw
92,random3,5,A,J,J,J,J,J,J,J,J,J,J,J,J,J,J,J,J,J,J,J,0.95,draw
92,rotate,6,F,A,B,C,D,E,F,A,B,C,D,E,F,A,B,C,D,E,F,A,0.95,draw
93,random3,1,J,J,J,J,J,J,J,J,J,J,J,J,J,J,J,J,J,J,J,J,1.0,rotate
93,rotate,2,B,C,D,E,F,A,B,C,D,E,F,A,B,C,D,E,F,A,B,C,0.95,rotate
93,rotate,3,C,D,E,F,A,B,C,D,E,F,A,B,C,D,E,F,A,B,C,D,0.85,rotate
93,random3,4,F,F,F,F,F,F,F,F,F,F,A,H,H,H,H,H,H,H,H,H,0.7,rotate
93,random3,5,I,I,I,I,I,I,I,I,I,I,I,I,I,I,I,I,I,I,I,I,1.0,rotate
93,rotate,6,F,A,B,C,D,E,F,A,B,C,D,E,F,A,B,C,D,E,F,A,0.9,rotate
94,random3,1,F,F,F,I,I,I,I,I,I,I,I,I,I,I,I,I,I,I,I,I,0.9,rotate
94,random3,2,E,E,E,G,G,G,G,G,G,G,G,G,G,G,G,G,G,G,G,G,0.85,rotate
94,rotate,3,C,D,E,F,A,B,C,D,E,F,A,B,C,D,E,F,A,B,C,D,0.9,rotate
94,rotate,4,D,E,F,A,B,C,D,E,F,A,B,C,D,E,F,A,B,C,D,E,0.9,rotate
94,rotate,5,E,F,A,B,C,D,E,F,A,B,C,D,E,F,A,B,C,D,E,F,0.9,rotate
94,random3,6,C,H,H,H,H,H,H,H,H,H,H,H,H,H,H,H,H,H,H,H,0.95,rotate
95,random3,1,H,H,H,H,H,H,H,H,H,H,H,H,H,H,H,H,H,H,H,H,1.0,rotate
95,random3,2,A,A,A,A,E,E,F,J,J,J,J,J,J,J,J,J,J,J,J,J,0.75,rotate
95,random3,3,E,B,B,B,B,B,B,B,B,B,B,B,B,B,B,B,E,E,E,E,0.4,rotate
95,rotate,4,D,E,F,A,B,C,D,E,F,A,B,C,D,E,F,A,B,C,D,E,0.8,rotate
95,rotate,5,E,F,A,B,C,D,E,F,A,B,C,D,E,F,A,B,C,D,E,F,0.7,rotate
95,rotate,6,F,A,B,C,D,E,F,A,B,C,D,E,F,A,B,C,D,E,F,A,0.65,rotate
96,random3,1,J,J,J,J,J,J,J,J,J,J,J,J,J,J,J,J,J,J,J,J,1.0,rotate
96,random3,2,D,D,B,B,B,B,F,F,F,F,E,E,G,G,G,G,G,G,G,G,0.55,rotate
96,rotate,3,C,D,E,F,A,B,C,D,E,F,A,B,C,D,E,F,A,B,C,D,0.85,rotate
96,rotate,4,D,E,F,A,B,C,D,E,F,A,B,C,D,E,F,A,B,C,D,E,0.85,rotate
96,random3,5,D,H,H,H,H,H,H,H,H,H,H,H,H,H,H,H,H,H,H,H,0.95,rotate
96,rotate,6,F,A,B,C,D,E,F,A,B,C,D,E,F,A,B,C,D,E,F,A,0.85,rotate
97,random3,1,E,E,G,G,G,G,G,G,G,G,G,G,G,G,G,G,G,G,G,G,0.9,rotate
97,random3,2,E,E,H,H,H,H,H,H,H,H,H,H,H,H,H,H,H,H,H,H,0.9,rotate
97,rotate,3,C,D,E,F,A,B,C,D,E,F,A,B,C,D,E,F,A,B,C,D,0.8,rotate
97,random3,4,C,C,C,C,C,F,F,F,F,F,E,E,E,E,E,E,E,E,C,C,0.45,rotate
97,rotate,5,E,F,A,B,C,D,E,F,A,B,C,D,E,F,A,B,C,D,E,F,0.8,rotate
97,rotate,6,F,A,B,C,D,E,F,A,B,C,D,E,F,A,B,C,D,E,F,A,0.8,rotate
98,random3,1,E,E,E,E,H,H,H,H,H,H,H,H,H,H,H,H,H,H,H,H,0.9,rotate
98,rotate,2,B,C,D,E,F,A,B,C,D,E,F,A,B,C,D,E,F,A,B,C,0.9,rotate
98,random3,3,I,I,I,I,I,I,I,I,I,I,I,I,I,I,I,I,I,I,I,I,1.0,rotate
98,random3,4,B,B,B,B,J,J,J,J,J,J,J,J,J,J,J,J,J,J,J,J,0.85,rotate
98,rotate,5,E,F,A,B,C,D,E,F,A,B,C,D,E,F,A,B,C,D,E,F,0.9,rotate
98,rotate,6,F,A,B,C,D,E,F,A,B,C,D,E,F,A,B,C,D,E,F,A,0.95,rotate
99,rotate,1,A,B,C,D,E,F,A,B,C,D,E,F,A,B,C,D,E,F,A,B,0.6,rotate
99,rotate,2,B,C,D,E,F,A,B,C,D,E,F,A,B,C,D,E,F,A,B,C,0.55,rotate
99,random3,3,F,F,F,F,F,F,B,B,B,B,B,B,B,F,F,F,F,F,F,F,0.5,rotate
99,rotate,4,D,E,F,A,B,C,D,E,F,A,B,C,D,E,F,A,B,C,D,E,0.6,rotate
99,random3,5,D,D,D,D,D,D,D,D,D,D,H,H,H,H,H,H,H,H,H,H,0.7,rotate
99,random3,6,C,C,C,C,C,C,C,C,C,C,C,C,C,C,C,C,C,C,I,I,0.55,rotate
100,random3,1,C,C,B,E,E,E,F,F,F,I,I,I,I,I,I,I,I,I,I,I,0.7,rotate
100,rotate,2,B,C,D,E,F,A,B,C,D,E,F,A,B,C,D,E,F,A,B,C,0.9,rotate
100,random3,3,J,J,J,J,J,J,J,J,J,J,J,J,J,J,J,J,J,J,J,J,1.0,rotate
100,rotate,4,D,E,F,A,B,C,D,E,F,A,B,C,D,E,F,A,B,C,D,E,0.95,rotate
100,random3,5,H,H,H,H,H,H,H,H,H,H,H,H,H,H,H,H,H,H,H,H,1.0,rotate
100,rotate,6,F,A,B,C,D,E,F,A,B,C,D,E,F,A,B,C,D,E,F,A,0.85,rotate
101,random3,1,G,G,G,G,G,G,G,G,G,G,G,G,G,G,G,G,G,G,G,G,1.0,draw
101,random3,2,E,E,E,E,E,E,E,E,E,E,E,E,E,E,E,E,E,E,E,E,1.0,draw
101,random3,3,F,F,F,F,F,F,F,F,F,F,F,F,F,F,F,F,F,F,F,F,1.0,draw
101,random3,4,C,C,C,C,J,J,J,J,J,J,J,J,J,J,J,J,J,J,J,J,0.8,draw
101,random3,5,D,D,D,D,D,D,D,D,D,D,D,D,D,D,D,D,D,D,D,D,1.0,draw
101,random3,6,C,C,C,C,I,I,I,I,I,I,I,I,I,I,I,I,I,I,I,I,0.8,draw
102,random3,1,G,G,G,G,G,G,G,G,G,G,G,G,G,G,G,G,G,G,G,G,1.0,draw
102,random3,2,H,H,H,F,F,F,F,F,F,F,F,F,F,F,F,F,F,F,F,F,0.85,draw
102,random3,3,I,I,I,I,I,I,I,I,I,I,I,I,I,I,I,I,I,I,I,I,1.0,draw
102,random3,4,D,D,D,D,D,D,D,D,D,D,D,D,D,D,D,D,D,D,D,D,1.0,draw
102,random3,5,J,J,J,J,J,J,J,J,J,J,J,J,J,J,J,J,J,J,J,J,1.0,draw
102,random3,6,H,H,H,H,H,H,H,H,H,H,H,H,H,H,H,H,H,H,H,H,0.85,draw
103,random3,1,F,F,F,F,F,F,F,F,F,F,F,F,F,F,F,F,F,F,F,F,1.0,draw
103,random3,2,G,G,G,G,G,G,G,G,G,G,G,G,G,G,G,G,G,G,G,G,1.0,draw
103,random3,3,A,A,A,A,A,A,A,A,A,A,A,A,A,A,A,A,A,A,A,A,1.0,draw
103,random3,4,J,J,J,J,J,J,J,J,J,J,J,J,J,J,J,J,J,J,J,J,1.0,draw
103,random3,5,I,B,B,B,B,B,B,B,B,B,B,B,B,B,B,B,B,B,B,B,0.95,draw
103,random3,6,I,I,I,I,I,I,I,I,I,I,I,I,I,I,I,I,I,I,I,I,0.95,draw
104,random3,1,E,E,E,E,E,E,E,E,E,E,E,E,E,E,E,E,E,E,E,E,1.0,draw
104,random3,2,J,J,J,J,J,J,J,J,J,J,J,J,J,J,J,J,J,J,J,J,1.0,draw
104,random3,3,A,A,A,A,A,A,A,A,A,A,A,A,A,A,A,A,A,A,A,A,1.0,draw
104,random3,4,B,B,B,B,B,B,B,B,B,B,B,B,B,B,B,B,B,B,B,B,1.0,draw
104,random3,5,C,C,C,C,C,C,C,C,C,C,C,C,C,C,C,C,C,C,C,C,1.0,draw
104,random3,6,G,G,G,G,G,G,G,G,G,G,G,G,G,G,G,G,G,G,G,G,1.0,draw
105,random3,1,D,D,D,D,D,D,D,D,D,D,D,D,D,D,D,D,D,D,D,D,1.0,draw
105,random3,2,C,C,C,C,C,C,C,C,C,C,C,C,C,C,C,C,C,C,C,C,1.0,draw
105,random3,3,F,F,F,F,F,F,F,F,F,F,F,F,F,F,F,F,F,F,F,F,0.95,draw
105,random3,4,F,H,H,H,H,H,H,H,H,H,H,H,H,H,H,H,H,H,H,H,0.95,draw
105,random3,5,A,A,A,A,A,A,A,A,A,A,A,A,A,A,A,A,A,A,A,A,1.0,draw
105,random3,6,I,I,I,I,I,I,I,I,I,I,I,I,I,I,I,I,I,I,I,I,1.0,draw
106,random3,1,J,J,J,J,J,J,J,J,J,J,J,J,J,J,J,J,J,J,J,J,1.0,draw
106,random3,2,I,I,I,I,I,I,I,I,I,I,I,I,I,I,I,I,I,I,I,I,1.0,draw
106,random3,3,B,B,B,B,B,B,B,B,B,B,B,B,B,B,B,B,B,B,B,B,1.0,draw
106,random3,4,D,D,D,D,D,D,D,D,D,D,D,D,D,D,D,D,D,D,D,D,1.0,draw
106,random3,5,A,A,A,A,A,A,A,A,A,A,A,A,A,A,A,A,A,A,A,A,1.0,draw
106,random3,6,F,F,F,F,F,F,F,F,F,F,F,F,F,F,F,F,F,F,F,F,1.0,draw
107,random3,1,D,E,E,E,E,E,E,E,E,E,E,E,E,E,E,E,E,E,E,E,0.95,draw
107,random3,2,I,I,I,I,I,I,I,I,I,I,I,I,I,I,I,I,I,I,I,I,1.0,draw
107,random3,3,D,D,D,D,D,D,D,D,D,D,D,D,D,D,D,D,D,D,D,D,0.95,draw
107,random3,4,G,G,G,G,G,G,G,G,G,G,G,G,G,G,G,G,G,G,G,G,1.0,draw
107,random3,5,F,F,F,F,F,F,F,F,F,F,F,F,F,F,F,F,F,F,F,F,1.0,draw
107,random3,6,J,J,J,J,J,J,J,J,J,J,J,J,J,J,J,J,J,J,J,J,1.0,draw
108,random3,1,H,H,H,H,H,H,H,H,H,H,H,H,H,H,H,H,H,H,H,H,1.0,draw
108,random3,2,E,E,E,E,E,E,E,E,E,E,E,E,E,E,E,E,E,E,E,E,1.0,draw
108,random3,3,I,I,I,I,I,I,I,I,I,I,I,I,I,I,I,I,I,I,I,I,1.0,draw
108,random3,4,A,A,A,A,A,A,A,A,A,A,A,A,A,A,A,A,A,A,A,A,0.95,draw
108,random3,5,J,J,J,J,J,J,J,J,J,J,J,J,J,J,J,J,J,J,J,J,1.0,draw
108,random3,6,A,F,F,F,F,F,F,F,F,F,F,F,F,F,F,F,F,F,F,F,0.95,draw
109,random3,1,D,D,D,D,D,D,D,D,D,D,D,D,D,D,D,D,D,D,D,D,1.0,draw
109,random3,2,G,G,G,G,G,G,G,G,G,G,G,G,G,G,G,G,G,G,G,G,1.0,draw
109,random3,3,E,E,E,E,E,E,E,E,E,E,E,E,E,E,E,E,E,E,E,E,1.0,draw
109,random3,4,A,A,A,A,A,A,A,A,A,A,A,A,A,A,A,A,A,A,A,A,1.0,draw
109,random3,5,F,F,F,F,F,F,F,F,F,F,F,F,F,F,F,F,F,F,F,F,1.0,draw
109,random3,6,B,B,B,B,B,B,B,B,B,B,B,B,B,B,B,B,B,B,B,B,1.0,draw
110,random3,1,J,J,J,J,J,J,J,J,J,J,J,J,J,J,J,J,J,J,J,J,1.0,draw
110,random3,2,F,F,F,F,F,F,F,F,F,F,F,F,F,F,F,F,F,F,F,F,1.0,draw
110,random3,3,B,B,B,B,B,B,B,B,B,B,B,B,B,B,B,B,B,B,B,B,0.95,draw
110,random3,4,A,A,A,A,A,A,A,A,A,A,A,A,A,A,A,A,A,A,A,A,1.0,draw
110,random3,5,B,H,H,H,H,H,H,H,H,H,H,H,H,H,H,H,H,H,H,H,0.95,draw
110,random3,6,I,I,I,I,I,I,I,I,I,I,I,I,I,I,I,I,I,I,I,I,1.0,draw
111,random3,1,E,E,E,E,E,E,E,E,E,E,E,E,E,E,E,E,E,E,E,E,0.95,draw
111,random3,2,F,F,F,F,F,F,F,F,F,F,F,F,F,F,F,F,F,F,F,F,1.0,draw
111,random3,3,B,B,I,I,I,I,I,I,I,I,I,I,I,I,I,I,I,I,I,I,0.9,draw
111,random3,4,D,D,D,D,D,D,D,D,D,D,D,D,D,D,D,D,D,D,D,D,1.0,draw
111,random3,5,E,J,J,J,J,J,J,J,J,J,J,J,J,J,J,J,J,J,J,J,0.95,draw
111,random3,6,B,B,B,B,B,B,B,B,B,B,B,B,B,B,B,B,B,B,B,B,0.9,draw
112,random3,1,A,A,A,A,A,A,A,A,A,A,A,A,A,A,A,A,A,A,A,A,1.0,draw
112,random3,2,G,G,G,G,G,G,G,G,G,G,G,G,G,G,G,G,G,G,G,G,1.0,draw
112,random3,3,F,F,F,F,F,F,F,F,F,F,F,F,F,F,F,F,F,F,F,F,1.0,draw
112,random3,4,B,B,B,B,B,B,B,B,B,B,B,B,B,B,B,B,B,B,B,B,1.0,draw
112,random3,5,D,D,D,D,D,D,D,D,D,D,D,D,D,D,D,D,D,D,D,D,1.0,draw
112,random3,6,J,J,J,J,J,J,J,J,J,J,J,J,J,J,J,J,J,J,J,J,1.0,draw
113,random3,1,H,H,H,H,H,H,H,H,H,H,H,H,H,H,H,H,H,H,H,H,0.95,draw
113,random3,2,D,D,D,D,D,D,D,D,D,D,D,D,D,D,D,D,D,D,D,D,1.0,draw
113,random3,3,G,G,G,G,G,G,G,G,G,G,G,G,G,G,G,G,G,G,G,G,1.0,draw
113,random3,4,H,C,C,C,C,C,C,C,C,C,C,C,C,C,C,C,C,C,C,C,0.95,draw
113,random3,5,F,F,F,F,F,F,F,F,F,F,F,F,F,F,F,F,F,F,F,F,1.0,draw
113,random3,6,J,J,J,J,J,J,J,J,J,J,J,J,J,J,J,J,J,J,J,J,1.0,draw
114,random3,1,I,I,A,A,A,A,A,A,A,A,A,A,A,A,A,A,A,A,A,A,0.9,draw
114,random3,2,C,C,C,C,C,C,C,C,C,C,C,C,C,C,C,C,C,C,C,C,1.0,draw
114,random3,3,H,H,H,H,B,B,B,B,B,B,B,B,B,B,B,B,B,B,B,B,0.8,draw
114,random3,4,I,I,D,D,D,D,D,D,D,D,D,D,D,D,D,D,D,D,D,D,0.9,draw
114,random3,5,J,J,J,J,J,J,J,J,J,J,J,J,J,J,J,J,J,J,J,J,1.0,draw
114,random3,6,H,H,H,H,H,H,H,H,H,H,H,H,H,H,H,H,H,H,H,H,0.8,draw
115,random3,1,J,J,J,J,J,J,J,J,J,J,J,J,J,J,J,J,J,J,J,J,1.0,draw
115,random3,2,G,G,G,G,G,G,G,G,G,G,G,G,G,G,G,G,G,G,G,G,0.9,draw
115,random3,3,A,A,A,A,A,A,A,A,A,A,A,A,A,A,A,A,A,A,A,A,0.95,draw
115,random3,4,A,H,H,H,H,H,H,H,H,H,H,H,H,H,H,H,H,H,H,H,0.95,draw
115,random3,5,I,I,I,I,I,I,I,I,I,I,I,I,I,I,I,I,I,I,I,I,1.0,draw
115,random3,6,G,G,C,C,C,C,C,C,C,C,C,C,C,C,C,C,C,C,C,C,0.9,draw
116,random3,1,E,E,E,E,E,E,E,E,E,E,E,E,E,E,E,E,E,E,E,E,1.0,draw
116,random3,2,C,C,C,C,C,C,C,C,C,C,C,C,C,C,C,C,C,C,C,C,1.0,draw
116,random3,3,F,F,F,D,D,D,D,D,D,D,D,D,D,D,D,D,D,D,D,D,0.85,draw
116,random3,4,A,A,A,A,A,A,A,A,A,A,A,A,A,A,A,A,A,A,A,A,1.0,draw
116,random3,5,J,J,J,J,J,J,J,J,J,J,J,J,J,J,J,J,J,J,J,J,1.0,draw
116,random3,6,F,F,F,F,F,F,F,F,F,F,F,F,F,F,F,F,F,F,F,F,0.85,draw
117,random3,1,G,G,G,G,G,G,G,G,G,G,G,G,G,G,G,G,G,G,G,G,1.0,draw
117,random3,2,B,B,B,B,B,B,B,B,B,B,B,B,B,B,B,B,B,B,B,B,0.95,draw
117,random3,3,J,J,J,J,J,J,J,J,J,J,J,J,J,J,J,J,J,J,J,J,1.0,draw
117,random3,4,B,H,H,H,H,H,H,H,H,H,H,H,H,H,H,H,H,H,H,H,0.95,draw
117,random3,5,B,C,C,C,C,C,C,C,C,C,C,C,C,C,C,C,C,C,C,C,0.95,draw
117,random3,6,A,A,A,A,A,A,A,A,A,A,A,A,A,A,A,A,A,A,A,A,1.0,draw
118,random3,1,G,G,G,G,G,G,G,G,G,G,G,G,G,G,G,G,G,G,G,G,1.0,draw
118,random3,2,D,D,D,D,D,D,D,D,D,D,D,D,D,D,D,D,D,D,D,D,1.0,draw
118,random3,3,E,A,A,A,A,A,A,A,A,A,A,A,A,A,A,A,A,A,A,A,0.95,draw
118,random3,4,B,B,B,B,B,B,B,B,B,B,B,B,B,B,B,B,B,B,B,B,1.0,draw
118,random3,5,E,E,E,E,E,E,E,E,E,E,E,E,E,E,E,E,E,E,E,E,0.95,draw
118,random3,6,I,I,I,I,I,I,I,I,I,I,I,I,I,I,I,I,I,I,I,I,1.0,draw
119,random3,1,J,J,J,J,J,J,J,J,J,J,J,J,J,J,J,J,J,J,J,J,0.95,draw
119,random3,2,E,E,E,E,E,E,E,E,E,E,E,E,E,E,E,E,E,E,E,E,1.0,draw
119,random3,3,I,I,I,I,I,I,I,I,I,I,I,I,I,I,I,I,I,I,I,I,0.95,draw
119,random3,4,F,F,F,F,F,F,F,F,F,F,F,F,F,F,F,F,F,F,F,F,1.0,draw
119,random3,5,I,G,G,G,G,G,G,G,G,G,G,G,G,G,G,G,G,G,G,G,0.95,draw
119,random3,6,J,B,B,B,B,B,B,B,B,B,B,B,B,B,B,B,B,B,B,B,0.95,draw
120,random3,1,G,G,G,G,G,G,G,G,G,G,G,G,G,G,G,G,G,G,G,G,1.0,draw
120,random3,2,F,F,F,F,F,F,F,F,F,F,F,F,F,F,F,F,F,F,F,F,1.0,draw
120,random3,3,D,D,D,D,D,D,D,D,D,D,D,D,D,D,D,D,D,D,D,D,1.0,draw
120,random3,4,A,A,A,A,A,A,A,A,A,A,A,A,A,A,A,A,A,A,A,A,1.0,draw
120,random3,5,B,B,B,B,B,B,B,B,B,B,B,B,B,B,B,B,B,B,B,B,1.0,draw
120,random3,6,E,E,E,E,E,E,E,E,E,E,E,E,E,E,E,E,E,E,E,E,1.0,draw
121,random,1,skip,E,C,skip,E,B,A,F,D,J,E,E,B,E,F,B,C,E,G,I,0.55,radicaleq
121,radicaleq,2,B,H,J,I,J,J,J,G,E,J,E,C,I,B,J,E,F,I,B,F,0.7,radicaleq
121,radicaleq,3,C,I,F,E,D,C,C,I,J,G,C,G,J,F,C,J,G,F,C,I,0.75,radicaleq
121,radicaleq,4,D,E,G,J,G,G,F,A,A,H,A,B,B,D,D,B,D,D,G,A,0.6,radicaleq
121,random,5,D,B,H,E,A,I,C,skip,F,I,G,G,I,C,I,E,A,J,J,A,0.6,radicaleq
121,random,6,F,H,B,C,I,G,F,skip,I,F,F,D,G,skip,C,H,J,I,E,B,0.65,radicaleq
122,random,1,E,skip,skip,E,C,H,A,E,E,C,H,B,D,skip,J,C,I,B,skip,J,0.35,radicaleq
122,radicaleq,2,B,C,C,J,G,D,E,E,B,B,B,E,F,A,E,F,H,B,F,F,0.8,radicaleq
122,random,3,B,D,A,A,F,H,G,H,A,I,H,skip,G,C,B,J,C,G,J,B,0.55,radicaleq
122,random,4,G,A,F,C,G,A,F,D,H,J,J,D,J,H,J,J,I,J,B,B,0.7,radicaleq
122,radicaleq,5,E,H,A,G,J,B,F,C,C,F,F,B,A,E,F,A,A,G,A,A,0.75,radicaleq
122,radicaleq,6,F,J,H,B,H,J,G,J,J,G,C,G,C,B,G,C,F,H,H,G,0.9,radicaleq
123,random,1,H,D,J,F,H,skip,A,D,H,D,E,J,A,F,J,I,H,B,G,I,0.65,radicaleq
123,random,2,J,skip,I,G,G,G,H,C,D,C,H,F,B,H,C,skip,B,J,B,B,0.4,radicaleq
123,random,3,D,skip,J,G,J,skip,E,J,C,C,I,B,B,A,B,D,C,D,I,G,0.4,radicaleq
123,radicaleq,4,D,B,G,F,E,F,H,I,F,G,E,J,G,H,B,B,B,G,G,B,0.5,radicaleq
123,radicaleq,5,E,I,B,H,J,I,D,G,I,F,H,F,E,J,E,D,E,J,I,F,0.7,radicaleq
123,radicaleq,6,F,H,E,I,D,E,F,J,E,I,G,D,I,D,I,F,H,F,E,E,0.9,radicaleq
124,radicaleq,1,A,G,A,A,F,I,D,B,A,B,J,I,G,A,A,B,E,I,I,A,0.7,radicaleq
124,radicaleq,2,B,I,I,B,A,F,I,D,I,H,D,G,I,G,G,A,H,H,E,I,0.7,radicaleq
124,random,3,E,G,B,H,skip,E,J,C,A,B,E,I,D,B,G,D,D,C,J,I,0.45,radicaleq
124,random,4,E,F,H,skip,C,J,E,G,A,H,D,E,E,D,C,skip,A,B,G,C,0.45,radicaleq
124,radicaleq,5,E,F,J,D,I,D,B,H,H,D,E,B,H,H,H,D,A,G,G,H,0.65,radicaleq
124,random,6,H,G,D,E,A,G,G,skip,C,J,skip,B,I,C,I,B,E,B,J,C,0.45,radicaleq
125,radicaleq,1,A,B,C,G,D,D,D,G,G,G,I,E,E,A,F,F,I,I,I,E,0.8,radicaleq
125,random,2,skip,E,I,F,B,skip,J,D,F,G,A,F,skip,H,B,G,F,F,A,I,0.4,radicaleq
125,random,3,A,B,E,C,G,I,skip,E,H,E,H,skip,J,C,A,C,H,J,B,J,0.55,radicaleq
125,random,4,F,E,F,G,C,H,skip,B,H,D,F,G,C,G,E,E,F,F,J,J,0.5,radicaleq
125,radicaleq,5,E,I,H,B,B,I,E,F,F,A,A,B,B,H,E,I,H,A,G,H,0.65,radicaleq
125,radicaleq,6,F,H,I,A,H,A,A,H,I,B,G,I,I,G,A,B,F,B,E,G,0.75,radicaleq
126,radicaleq,1,A,B,C,F,H,J,B,E,B,E,F,F,F,B,B,B,C,F,I,C,0.75,radicaleq
126,random,2,D,A,F,E,D,H,G,I,H,H,E,A,J,H,skip,G,skip,J,F,C,0.55,radicaleq
126,radicaleq,3,C,H,H,J,D,C,J,B,H,J,I,J,J,I,F,F,F,I,C,H,0.75,radicaleq
126,random,4,G,A,C,B,F,I,C,D,C,F,G,I,J,I,J,B,skip,E,J,G,0.65,radicaleq
126,radicaleq,5,E,A,D,E,B,F,I,J,A,A,B,C,H,C,I,H,A,H,A,I,0.85,radicaleq
126,random,6,J,I,I,A,H,C,D,D,B,D,A,A,skip,C,D,J,B,B,E,F,0.65,radicaleq
127,random,1,E,D,D,E,D,I,D,D,B,A,F,H,H,F,J,B,J,I,F,C,0.55,radicaleq
127,radicaleq,2,B,H,H,J,I,H,H,F,F,F,H,H,F,F,F,I,I,F,F,A,0.6,radicaleq
127,random,3,E,D,B,D,I,C,H,D,G,I,E,B,E,I,skip,J,I,D,E,J,0.55,radicaleq
127,radicaleq,4,D,I,I,E,J,J,J,I,B,I,J,J,J,D,J,D,E,H,D,F,0.8,radicaleq
127,random,5,skip,A,H,B,E,B,G,C,E,skip,B,G,G,B,skip,F,C,C,C,A,0.65,radicaleq
127,radicaleq,6,F,J,A,B,A,A,A,J,A,E,E,A,A,B,A,H,A,E,H,D,0.85,radicaleq
128,radicaleq,1,A,C,C,A,B,D,E,H,B,J,A,J,E,E,G,F,F,A,G,I,0.75,radicaleq
128,random,2,B,G,skip,J,B,C,I,I,F,H,H,A,I,D,E,H,skip,E,skip,G,0.6,radicaleq
128,random,3,I,A,I,E,G,A,E,I,I,I,I,H,F,C,G,C,F,D,C,skip,0.55,radicaleq
128,radicaleq,4,D,J,E,H,H,H,D,I,H,G,G,E,B,A,J,B,H,E,A,A,0.7,radicaleq
128,random,5,G,J,E,D,F,A,D,B,C,I,I,B,G,E,G,J,H,D,F,G,0.35,radicaleq
128,radicaleq,6,F,B,F,G,F,A,J,J,E,F,H,G,J,B,A,J,B,B,J,H,0.8,radicaleq
129,radicaleq,1,A,G,G,A,J,E,E,I,I,I,B,B,B,D,J,J,F,F,F,J,0.7,radicaleq
129,random,2,B,A,E,F,H,F,C,A,J,I,G,A,G,D,E,H,A,J,H,skip,0.5,radicaleq
129,random,3,B,E,F,A,G,A,skip,H,F,D,A,C,I,F,E,I,D,D,A,C,0.7,radicaleq
129,radicaleq,4,D,H,D,J,I,F,D,D,E,E,A,F,D,H,A,I,H,B,I,E,0.8,radicaleq
129,radicaleq,5,E,J,H,B,B,H,H,A,D,H,E,H,F,E,B,D,A,H,B,D,0.8,radicaleq
129,random,6,I,I,D,F,B,I,B,F,J,I,J,E,B,C,J,E,C,H,F,B,0.55,radicaleq
130,radicaleq,1,A,H,J,C,G,D,H,E,C,D,D,B,G,A,A,G,H,B,C,H,0.7,radicaleq
130,radicaleq,2,B,I,H,G,E,C,A,F,D,E,E,F,E,E,H,E,E,D,E,A,0.65,radicaleq
130,random,3,D,skip,C,H,E,B,G,I,D,G,D,B,C,F,A,H,H,D,G,H,0.35,radicaleq
130,random,4,E,B,D,B,B,F,H,G,H,H,C,F,D,C,A,J,E,C,G,C,0.6,radicaleq
130,random,5,D,E,G,B,H,C,G,F,F,C,skip,B,F,I,I,H,J,F,I,C,0.45,radicaleq
130,radicaleq,6,F,A,F,B,A,G,C,A,A,A,C,A,F,G,D,B,G,F,B,D,0.8,radicaleq
131,random,1,C,J,C,D,G,C,D,J,skip,H,E,I,G,G,J,F,F,F,H,skip,0.45,radicaleq
131,radicaleq,2,B,H,D,D,F,B,E,H,I,H,E,J,J,F,H,E,C,H,H,C,0.6,radicaleq
131,random,3,E,F,C,B,C,F,C,B,C,D,G,B,J,J,C,B,D,J,H,C,0.4,radicaleq
131,radicaleq,4,D,J,H,J,I,J,D,J,H,D,F,C,C,E,I,B,I,I,I,J,0.6,radicaleq
131,radicaleq,5,E,F,G,I,E,F,H,E,E,J,I,B,H,D,F,D,D,C,B,D,0.75,radicaleq
131,random,6,I,B,A,H,I,B,I,F,B,D,G,F,C,A,H,B,F,skip,I,A,0.5,radicaleq
132,radicaleq,1,A,E,J,J,G,B,I,I,A,G,C,A,F,I,H,C,C,A,E,I,0.7,radicaleq
132,random,2,J,F,F,I,D,G,F,J,skip,G,I,G,G,skip,I,I,J,J,A,I,0.7,radicaleq
132,radicaleq,3,C,H,H,C,B,J,D,D,C,F,I,E,C,A,E,F,E,E,F,C,0.8,radicaleq
132,random,4,I,G,E,D,E,H,skip,C,skip,H,H,E,F,J,D,H,G,A,J,H,0.55,radicaleq
132,random,5,I,B,H,E,G,J,skip,C,E,G,J,C,D,G,A,H,D,G,E,A,0.55,radicaleq
132,radicaleq,6,F,A,G,A,E,F,A,H,I,A,F,J,H,C,I,A,F,C,H,F,0.9,radicaleq
133,random,1,B,C,E,skip,B,F,skip,E,F,C,B,J,J,I,skip,F,F,J,E,F,0.6,radicaleq
133,random,2,I,B,G,F,J,E,C,F,I,B,B,A,D,J,G,I,skip,B,H,D,0.25,radicaleq
133,radicaleq,3,C,J,H,H,B,H,E,H,B,D,D,E,J,F,E,G,D,C,F,B,0.85,radicaleq
133,radicaleq,4,D,B,G,I,C,D,D,D,H,B,H,C,D,C,C,H,C,F,H,D,0.65,radicaleq
133,random,5,F,H,D,E,A,G,E,skip,F,G,B,G,E,J,G,H,A,E,J,J,0.6,radicaleq
133,radicaleq,6,F,E,J,G,J,C,C,F,I,I,J,J,G,H,H,D,E,B,D,C,0.65,radicaleq
134,random,1,C,skip,G,C,H,G,I,H,A,E,E,B,F,E,C,J,skip,F,B,D,0.5,radicaleq
134,radicaleq,2,B,G,H,E,D,D,F,F,C,E,C,C,A,A,F,D,A,J,D,A,0.8,radicaleq
134,radicaleq,3,C,E,J,F,F,B,E,A,D,F,D,F,C,C,A,E,G,E,H,D,0.85,radicaleq
134,random,4,I,G,G,D,J,E,C,F,A,skip,J,H,H,D,B,C,C,B,H,C,0.55,radicaleq
134,random,5,A,B,H,A,A,H,G,D,G,B,E,G,G,B,G,I,F,H,J,E,0.75,radicaleq
134,radicaleq,6,F,B,A,C,H,E,J,D,J,J,J,H,D,J,J,H,F,D,A,G,0.6,radicaleq
135,random,1,A,F,J,A,C,G,skip,I,E,E,I,skip,B,G,B,E,skip,skip,H,E,0.45,radicaleq
135,random,2,H,J,J,D,H,E,C,D,G,I,F,C,G,G,I,F,skip,skip,A,H,0.25,radicaleq
135,radicaleq,3,C,G,I,I,C,I,F,F,H,I,A,E,E,E,F,A,G,H,A,G,0.8,radicaleq
135,random,4,J,C,G,D,A,H,A,skip,A,I,A,D,C,H,I,F,J,C,D,E,0.6,radicaleq
135,radicaleq,5,E,A,E,F,H,G,I,J,G,F,H,G,F,A,I,E,C,A,E,I,0.75,radicaleq
135,radicaleq,6,F,H,A,G,E,E,C,I,J,C,F,C,J,J,H,H,H,C,G,F,0.7,radicaleq
136,radicaleq,1,A,F,I,J,C,G,F,J,J,A,H,E,C,F,F,I,H,C,H,E,0.5,radicaleq
136,radicaleq,2,B,G,A,A,B,H,I,G,I,C,C,C,B,I,H,E,B,J,C,A,0.7,radicaleq
136,random,3,E,B,F,E,A,H,H,G,I,A,J,J,C,J,F,F,H,C,I,A,0.45,radicaleq
136,radicaleq,4,D,J,G,I,J,F,B,C,A,H,B,I,A,A,B,F,E,B,J,C,0.75,radicaleq
136,random,5,C,H,G,A,J,F,E,B,I,B,H,D,B,A,G,I,F,skip,B,E,0.4,radicaleq
136,random,6,H,C,skip,E,E,I,E,D,J,J,F,E,E,C,F,I,A,I,F,skip,0.6,radicaleq
137,radicaleq,1,A,F,G,H,E,E,E,E,F,E,E,E,A,H,C,H,F,D,H,B,0.9,radicaleq
137,random,2,I,A,B,H,D,G,skip,G,J,C,C,D,I,D,J,D,I,C,G,F,0.55,radicaleq
137,radicaleq,3,C,J,B,F,J,C,I,B,C,F,F,F,E,A,F,F,A,H,F,D,0.8,radicaleq
137,radicaleq,4,D,B,C,C,D,H,F,H,I,H,H,H,F,E,H,C,E,C,E,A,0.8,radicaleq
137,random,5,H,F,I,B,A,D,A,D,B,C,C,D,B,E,B,G,J,G,J,E,0.55,radicaleq
137,random,6,D,A,J,E,I,A,A,B,G,D,B,skip,skip,A,B,G,B,A,F,E,0.45,radicaleq
138,radicaleq,1,A,G,F,J,J,J,I,F,I,I,J,I,I,B,F,G,F,I,G,B,0.8,radicaleq
138,radicaleq,2,B,H,J,A,C,E,D,D,H,E,C,E,G,A,I,B,C,G,B,F,0.7,radicaleq
138,radicaleq,3,C,E,A,G,F,F,J,C,B,F,E,J,C,E,C,C,I,B,C,I,0.65,radicaleq
138,random,4,C,D,I,A,C,B,J,E,G,I,B,skip,F,J,A,A,F,A,C,F,0.45,radicaleq
138,random,5,D,G,B,B,G,H,A,skip,A,F,B,B,C,J,J,J,skip,J,H,A,0.6,radicaleq
138,random,6,I,H,F,G,I,E,G,A,A,F,H,J,G,D,skip,E,H,skip,J,E,0.5,radicaleq
139,random,1,F,J,B,A,I,H,A,C,B,H,H,D,E,F,J,C,I,E,B,I,0.6,radicaleq
139,radicaleq,2,B,I,D,H,F,F,H,C,H,H,J,I,J,J,D,B,D,J,A,A,0.75,radicaleq
139,radicaleq,3,C,D,H,A,E,B,F,E,E,J,F,A,F,F,A,D,J,B,D,D,0.7,radicaleq
139,random,4,C,E,D,I,J,A,F,C,C,C,D,F,A,H,A,I,C,skip,I,skip,0.4,radicaleq
139,radicaleq,5,E,J,I,C,D,C,A,F,D,A,D,B,A,H,I,I,E,E,E,E,0.5,radicaleq
139,random,6,A,B,J,H,I,B,B,D,I,C,J,B,B,C,I,J,G,H,J,E,0.6,radicaleq
140,random,1,F,A,E,J,C,J,I,A,C,F,C,B,B,F,A,C,F,F,E,G,0.85,radicaleq
140,random,2,skip,I,A,I,J,B,G,D,B,I,A,J,I,J,B,J,G,A,B,G,0.45,radicaleq
140,radicaleq,3,C,I,H,C,H,H,F,A,H,J,E,E,E,C,C,E,I,H,B,J,0.75,radicaleq
140,radicaleq,4,D,B,A,F,F,D,H,F,I,H,C,F,A,J,F,A,E,A,J,I,0.75,radicaleq
140,radicaleq,5,E,J,B,B,A,B,J,C,F,A,I,H,I,E,H,F,C,I,C,A,0.9,radicaleq
140,random,6,D,E,I,C,E,E,skip,G,B,J,H,G,H,B,D,skip,G,E,H,E,0.65,radicaleq
141,radicaleq,1,A,G,G,G,H,H,H,H,E,H,B,B,G,G,H,J,D,H,J,D,0.8,radicaleq
141,rotate,2,B,C,D,E,F,A,B,C,D,E,F,A,B,C,D,E,F,A,B,C,0.95,radicaleq
141,rotate,3,C,D,E,F,A,B,C,D,E,F,A,B,C,D,E,F,A,B,C,D,0.6,radicaleq
141,radicaleq,4,D,J,E,J,B,G,F,I,I,G,J,J,C,J,J,A,G,G,H,A,0.8,radicaleq
141,radicaleq,5,E,A,H,H,J,C,J,J,D,F,G,G,H,H,G,F,H,J,C,G,0.75,radicaleq
141,rotate,6,F,A,B,C,D,E,F,A,B,C,D,E,F,A,B,C,D,E,F,A,0.8,radicaleq
142,radicaleq,1,A,G,G,G,I,C,J,H,H,E,I,I,B,I,I,H,H,H,I,E,0.8,rotate
142,rotate,2,B,C,D,E,F,A,B,C,D,E,F,A,B,C,D,E,F,A,B,C,0.7,rotate
142,radicaleq,3,C,I,I,D,F,H,B,I,I,I,G,G,F,G,G,A,G,G,D,H,0.75,rotate
142,rotate,4,D,E,F,A,B,C,D,E,F,A,B,C,D,E,F,A,B,C,D,E,0.75,rotate
142,radicaleq,5,E,A,H,J,H,G,G,G,D,H,H,C,H,H,B,E,I,I,F,G,0.7,rotate
142,rotate,6,F,A,B,C,D,E,F,A,B,C,D,E,F,A,B,C,D,E,F,A,0.8,rotate
143,rotate,1,A,B,C,D,E,F,A,B,C,D,E,F,A,B,C,D,E,F,A,B,0.9,radicaleq
143,rotate,2,B,C,D,E,F,A,B,C,D,E,F,A,B,C,D,E,F,A,B,C,0.4,radicaleq
143,radicaleq,3,C,I,I,A,H,H,C,A,I,B,H,F,C,C,J,H,I,A,H,H,0.8,radicaleq
143,radicaleq,4,D,J,D,E,J,I,I,I,J,H,I,A,H,I,D,E,J,H,B,J,0.7,radicaleq
143,rotate,5,E,F,A,B,C,D,E,F,A,B,C,D,E,F,A,B,C,D,E,F,0.95,radicaleq
143,radicaleq,6,F,B,H,H,F,J,J,H,D,E,J,J,I,J,H,I,F,J,I,I,0.75,radicaleq
144,radicaleq,1,A,G,J,C,D,I,I,I,I,C,G,E,J,I,B,J,J,E,G,I,0.7,radicaleq
144,radicaleq,2,B,H,G,I,J,J,F,G,G,I,D,I,A,J,G,I,D,J,F,J,0.8,radicaleq
144,radicaleq,3,C,I,B,J,G,E,G,J,J,D,J,G,F,G,I,C,G,I,A,G,0.8,radicaleq
144,rotate,4,D,E,F,A,B,C,D,E,F,A,B,C,D,E,F,A,B,C,D,E,1.0,radicaleq
144,rotate,5,E,F,A,B,C,D,E,F,A,B,C,D,E,F,A,B,C,D,E,F,1.0,radicaleq
144,rotate,6,F,A,B,C,D,E,F,A,B,C,D,E,F,A,B,C,D,E,F,A,0.3,radicaleq
145,rotate,1,A,B,C,D,E,F,A,B,C,D,E,F,A,B,C,D,E,F,A,B,0.75,radicaleq
145,rotate,2,B,C,D,E,F,A,B,C,D,E,F,A,B,C,D,E,F,A,B,C,0.7,radicaleq
145,radicaleq,3,C,I,J,D,G,F,B,H,H,J,H,H,J,C,G,J,A,G,J,J,0.8,radicaleq
145,radicaleq,4,D,J,E,J,E,G,J,J,D,G,J,B,G,H,E,D,F,B,G,G,0.8,radicaleq
145,radicaleq,5,E,A,G,H,H,H,G,G,F,C,F,G,H,J,A,G,J,A,C,B,0.75,radicaleq
145,rotate,6,F,A,B,C,D,E,F,A,B,C,D,E,F,A,B,C,D,E,F,A,0.9,radicaleq
146,radicaleq,1,A,G,G,I,I,I,I,I,C,C,B,G,G,A,H,H,E,I,I,E,0.8,radicaleq
146,radicaleq,2,B,H,B,H,H,G,D,H,G,G,D,E,H,I,G,G,D,G,F,H,0.7,radicaleq
146,rotate,3,C,D,E,F,A,B,C,D,E,F,A,B,C,D,E,F,A,B,C,D,1.0,radicaleq
146,rotate,4,D,E,F,A,B,C,D,E,F,A,B,C,D,E,F,A,B,C,D,E,0.8,radicaleq
146,radicaleq,5,E,A,I,C,G,H,F,G,H,I,H,I,F,H,I,I,B,H,G,A,0.7,radicaleq
146,rotate,6,F,A,B,C,D,E,F,A,B,C,D,E,F,A,B,C,D,E,F,A,0.4,radicaleq
147,radicaleq,1,A,G,I,G,H,I,J,I,H,C,C,I,J,H,A,I,J,D,J,F,0.8,radicaleq
147,radicaleq,2,B,H,J,I,J,J,H,H,J,H,E,H,D,J,H,B,I,H,E,H,0.85,radicaleq
147,rotate,3,C,D,E,F,A,B,C,D,E,F,A,B,C,D,E,F,A,B,C,D,0.95,radicaleq
147,rotate,4,D,E,F,A,B,C,D,E,F,A,B,C,D,E,F,A,B,C,D,E,0.95,radicaleq
147,rotate,5,E,F,A,B,C,D,E,F,A,B,C,D,E,F,A,B,C,D,E,F,0.6,radicaleq
147,radicaleq,6,F,B,C,D,A,H,I,J,I,B,G,J,I,F,I,J,H,E,I,J,0.85,radicaleq
148,rotate,1,A,B,C,D,E,F,A,B,C,D,E,F,A,B,C,D,E,F,A,B,0.6,radicaleq
148,radicaleq,2,B,H,A,H,H,H,H,I,E,H,I,D,H,I,C,H,J,F,A,J,0.7,radicaleq
148,rotate,3,C,D,E,F,A,B,C,D,E,F,A,B,C,D,E,F,A,B,C,D,0.7,radicaleq
148,radicaleq,4,D,J,C,J,E,J,J,F,H,J,A,H,J,F,H,I,A,H,I,I,0.7,radicaleq
148,rotate,5,E,F,A,B,C,D,E,F,A,B,C,D,E,F,A,B,C,D,E,F,0.8,radicaleq
148,radicaleq,6,F,B,I,D,I,I,I,J,C,I,J,B,I,J,E,J,I,B,H,H,0.7,radicaleq
149,radicaleq,1,A,G,H,G,J,D,D,G,G,J,B,G,G,H,J,H,C,D,J,E,0.85,radicaleq
149,rotate,2,B,C,D,E,F,A,B,C,D,E,F,A,B,C,D,E,F,A,B,C,1.0,radicaleq
149,rotate,3,C,D,E,F,A,B,C,D,E,F,A,B,C,D,E,F,A,B,C,D,0.95,radicaleq
149,rotate,4,D,E,F,A,B,C,D,E,F,A,B,C,D,E,F,A,B,C,D,E,0.55,radicaleq
149,radicaleq,5,E,A,F,J,H,H,H,H,F,G,G,J,E,G,G,G,H,G,D,F,0.85,radicaleq
149,radicaleq,6,F,B,C,B,A,J,J,J,H,A,C,H,J,E,H,J,B,J,H,G,0.8,radicaleq
150,rotate,1,A,B,C,D,E,F,A,B,C,D,E,F,A,B,C,D,E,F,A,B,0.55,radicaleq
150,radicaleq,2,B,H,A,I,D,H,H,F,J,I,I,D,H,H,I,I,E,A,J,J,0.8,radicaleq
150,radicaleq,3,C,I,H,C,E,J,J,I,C,J,J,I,I,J,H,D,J,F,A,H,0.75,radicaleq
150,rotate,4,D,E,F,A,B,C,D,E,F,A,B,C,D,E,F,A,B,C,D,E,0.95,radicaleq
150,rotate,5,E,F,A,B,C,D,E,F,A,B,C,D,E,F,A,B,C,D,E,F,0.65,radicaleq
150,radicaleq,6,F,B,J,J,I,I,D,H,H,B,E,H,J,F,A,J,C,H,H,B,0.6,radicaleq
151,rotate,1,A,B,C,D,E,F,A,B,C,D,E,F,A,B,C,D,E,F,A,B,0.65,radicaleq
151,radicaleq,2,B,H,C,H,H,H,H,H,F,G,G,I,I,I,I,C,H,I,H,H,0.85,radicaleq
151,radicaleq,3,C,I,I,I,F,E,B,C,D,E,B,G,A,G,G,G,G,E,G,B,0.75,radicaleq
151,rotate,4,D,E,F,A,B,C,D,E,F,A,B,C,D,E,F,A,B,C,D,E,0.9,radicaleq
151,radicaleq,5,E,A,G,D,G,G,I,G,I,I,H,F,H,H,H,D,I,H,A,I,0.75,radicaleq
151,rotate,6,F,A,B,C,D,E,F,A,B,C,D,E,F,A,B,C,D,E,F,A,0.8,radicaleq
152,radicaleq,1,A,G,H,C,C,G,G,G,G,I,F,G,E,H,H,I,H,H,E,G,0.8,radicaleq
152,rotate,2,B,C,D,E,F,A,B,C,D,E,F,A,B,C,D,E,F,A,B,C,0.8,radicaleq
152,radicaleq,3,C,I,A,G,H,E,E,H,H,H,H,A,I,I,F,H,G,D,G,I,0.75,radicaleq
152,rotate,4,D,E,F,A,B,C,D,E,F,A,B,C,D,E,F,A,B,C,D,E,0.95,radicaleq
152,rotate,5,E,F,A,B,C,D,E,F,A,B,C,D,E,F,A,B,C,D,E,F,0.6,radicaleq
152,radicaleq,6,F,B,D,I,I,D,H,I,I,B,G,I,G,G,B,C,I,A,H,H,0.8,radicaleq
153,rotate,1,A,B,C,D,E,F,A,B,C,D,E,F,A,B,C,D,E,F,A,B,0.65,radicaleq
153,radicaleq,2,B,H,C,H,G,F,H,G,H,D,H,G,G,G,G,D,J,J,J,D,0.75,radicaleq
153,rotate,3,C,D,E,F,A,B,C,D,E,F,A,B,C,D,E,F,A,B,C,D,0.7,radicaleq
153,radicaleq,4,D,J,E,G,D,H,J,J,E,G,J,F,H,H,H,G,H,H,C,J,0.75,radicaleq
153,radicaleq,5,E,A,G,F,J,J,B,C,J,A,B,J,A,C,E,H,B,F,G,H,0.75,radicaleq
153,rotate,6,F,A,B,C,D,E,F,A,B,C,D,E,F,A,B,C,D,E,F,A,0.9,radicaleq
154,rotate,1,A,B,C,D,E,F,A,B,C,D,E,F,A,B,C,D,E,F,A,B,0.25,radicaleq
154,radicaleq,2,B,H,H,J,J,H,A,B,J,D,H,F,I,J,H,D,J,F,I,J,0.7,radicaleq
154,radicaleq,3,C,I,C,D,H,F,I,J,H,I,J,H,A,I,J,E,I,H,A,I,0.75,radicaleq
154,radicaleq,4,D,J,I,E,I,J,H,I,C,E,I,J,H,B,I,H,E,J,H,B,0.8,radicaleq
154,rotate,5,E,F,A,B,C,D,E,F,A,B,C,D,E,F,A,B,C,D,E,F,1.0,radicaleq
154,rotate,6,F,A,B,C,D,E,F,A,B,C,D,E,F,A,B,C,D,E,F,A,1.0,radicaleq
155,radicaleq,1,A,G,I,I,H,G,F,I,B,H,I,I,A,H,I,C,G,I,F,H,0.8,radicaleq
155,radicaleq,2,B,H,G,C,J,I,I,G,I,C,G,G,F,G,B,H,I,E,H,G,0.75,radicaleq
155,rotate,3,C,D,E,F,A,B,C,D,E,F,A,B,C,D,E,F,A,B,C,D,1.0,radicaleq
155,radicaleq,4,D,J,H,G,E,E,H,H,G,D,H,H,I,A,G,D,H,G,I,B,0.9,radicaleq
155,rotate,5,E,F,A,B,C,D,E,F,A,B,C,D,E,F,A,B,C,D,E,F,1.0,radicaleq
155,rotate,6,F,A,B,C,D,E,F,A,B,C,D,E,F,A,B,C,D,E,F,A,0.45,radicaleq
156,radicaleq,1,A,G,H,J,J,G,A,D,G,G,C,H,F,H,H,C,C,H,H,H,0.85,radicaleq
156,rotate,2,B,C,D,E,F,A,B,C,D,E,F,A,B,C,D,E,F,A,B,C,1.0,radicaleq
156,rotate,3,C,D,E,F,A,B,C,D,E,F,A,B,C,D,E,F,A,B,C,D,0.8,radicaleq
156,radicaleq,4,D,J,G,G,H,H,H,A,E,B,H,G,G,A,B,H,A,D,G,F,0.75,radicaleq
156,rotate,5,E,F,A,B,C,D,E,F,A,B,C,D,E,F,A,B,C,D,E,F,0.55,radicaleq
156,radicaleq,6,F,B,E,H,C,I,I,I,I,I,G,D,H,F,I,I,I,G,E,I,0.75,radicaleq
157,rotate,1,A,B,C,D,E,F,A,B,C,D,E,F,A,B,C,D,E,F,A,B,0.9,radicaleq
157,radicaleq,2,B,H,J,C,C,I,E,E,I,I,C,C,D,J,J,I,I,I,E,J,0.85,radicaleq
157,rotate,3,C,D,E,F,A,B,C,D,E,F,A,B,C,D,E,F,A,B,C,D,1.0,radicaleq
157,rotate,4,D,E,F,A,B,C,D,E,F,A,B,C,D,E,F,A,B,C,D,E,0.5,radicaleq
157,radicaleq,5,E,A,F,J,J,D,A,J,F,H,H,J,I,I,F,H,H,J,J,I,0.8,radicaleq
157,radicaleq,6,F,B,I,I,I,J,D,I,J,A,B,H,H,H,H,J,B,H,H,H,0.75,radicaleq
158,radicaleq,1,A,G,H,J,D,E,J,J,J,E,I,A,I,G,J,E,G,A,J,J,0.7,radicaleq
158,rotate,2,B,C,D,E,F,A,B,C,D,E,F,A,B,C,D,E,F,A,B,C,0.5,radicaleq
158,radicaleq,3,C,I,B,G,G,I,I,I,I,G,F,E,B,A,G,G,D,J,G,G,0.7,radicaleq
158,radicaleq,4,D,J,I,C,J,G,F,G,G,J,D,J,J,C,B,J,F,G,B,C,0.6,radicaleq
158,rotate,5,E,F,A,B,C,D,E,F,A,B,C,D,E,F,A,B,C,D,E,F,1.0,radicaleq
158,rotate,6,F,A,B,C,D,E,F,A,B,C,D,E,F,A,B,C,D,E,F,A,0.5,radicaleq
159,rotate,1,A,B,C,D,E,F,A,B,C,D,E,F,A,B,C,D,E,F,A,B,0.95,radicaleq
159,rotate,2,B,C,D,E,F,A,B,C,D,E,F,A,B,C,D,E,F,A,B,C,0.95,radicaleq
159,rotate,3,C,D,E,F,A,B,C,D,E,F,A,B,C,D,E,F,A,B,C,D,0.4,radicaleq
159,radicaleq,4,D,J,E,J,A,I,I,H,J,J,A,I,I,E,H,J,J,C,H,I,0.85,radicaleq
159,radicaleq,5,E,A,F,F,J,B,C,I,I,I,I,H,J,D,J,F,H,I,J,D,0.7,radicaleq
159,radicaleq,6,F,B,H,H,H,J,D,C,H,H,J,B,H,I,E,I,A,H,I,J,0.75,radicaleq
160,rotate,1,A,B,C,D,E,F,A,B,C,D,E,F,A,B,C,D,E,F,A,B,0.95,radicaleq
160,rotate,2,B,C,D,E,F,A,B,C,D,E,F,A,B,C,D,E,F,A,B,C,0.65,radicaleq
160,radicaleq,3,C,I,I,I,I,E,B,E,J,J,J,C,I,J,I,A,B,J,J,J,0.75,radicaleq
160,rotate,4,D,E,F,A,B,C,D,E,F,A,B,C,D,E,F,A,B,C,D,E,0.45,radicaleq
160,radicaleq,5,E,A,F,H,C,D,D,J,I,I,F,J,J,C,D,J,J,C,D,E,0.6,radicaleq
160,radicaleq,6,F,B,H,A,J,J,H,H,H,H,I,A,B,I,F,E,I,I,I,F,0.7,radicaleq
161,radicaleq,1,A,B,D,G,D,G,D,G,D,G,F,G,F,G,F,G,F,E,F,E,1.0,draw
161,random3,2,H,H,H,H,H,H,H,H,H,H,H,H,H,H,H,H,H,H,H,H,1.0,draw
161,radicaleq,3,C,F,B,C,E,A,E,A,C,D,B,E,A,C,D,B,G,A,C,D,1.0,draw
161,random3,4,J,J,J,J,J,J,J,J,J,J,J,J,J,J,J,J,J,J,J,J,1.0,draw
161,radicaleq,5,E,A,F,B,C,F,B,E,A,C,D,B,E,A,C,D,B,G,A,C,1.0,draw
161,random3,6,I,I,I,I,I,I,I,I,I,I,I,I,I,I,I,I,I,I,I,I,1.0,draw
162,random3,1,J,J,J,J,J,J,J,J,J,J,J,J,J,J,J,J,J,J,J,J,0.9,radicaleq
162,radicaleq,2,B,H,D,D,A,D,F,F,F,D,B,H,F,D,B,B,F,D,H,B,0.95,radicaleq
162,random3,3,F,I,C,C,C,C,C,C,C,C,C,C,C,C,C,C,C,C,C,C,0.85,radicaleq
162,radicaleq,4,D,I,B,G,H,C,H,H,D,B,H,F,D,B,H,F,D,H,B,F,0.9,radicaleq
162,random3,5,J,J,A,A,A,A,A,A,A,A,A,A,A,A,A,A,A,A,A,A,0.85,radicaleq
162,radicaleq,6,F,G,H,B,F,B,D,B,H,F,D,B,H,F,D,H,B,F,D,H,0.95,radicaleq
163,radicaleq,1,A,G,A,I,J,I,C,I,G,I,J,E,J,E,J,E,J,E,B,E,1.0,draw
163,radicaleq,2,B,I,G,C,A,J,E,J,B,A,C,I,G,B,A,C,I,G,J,A,1.0,draw
163,random3,3,F,F,F,F,F,F,F,F,F,F,F,F,F,F,F,F,F,F,F,F,1.0,draw
163,radicaleq,4,D,C,E,J,B,E,G,B,A,C,E,G,B,A,C,I,G,B,A,C,0.95,draw
163,random3,5,H,H,H,H,H,H,H,H,H,H,H,H,H,H,H,H,H,H,H,H,1.0,draw
163,random3,6,D,D,D,D,D,D,D,D,D,D,D,D,D,D,D,D,D,D,D,D,0.95,draw
164,random3,1,G,G,H,H,H,H,H,H,H,H,H,H,H,H,H,H,H,H,H,H,0.8,radicaleq
164,radicaleq,2,B,I,I,J,J,I,D,J,I,D,J,I,D,J,I,D,J,I,D,J,1.0,radicaleq
164,radicaleq,3,C,D,H,E,B,E,F,B,E,F,B,E,F,B,E,F,B,E,F,B,0.9,radicaleq
164,random3,4,G,G,G,G,G,G,G,G,G,G,G,G,G,G,G,G,G,G,G,G,0.9,radicaleq
164,random3,5,C,C,C,C,C,C,C,C,C,C,C,C,C,C,C,C,C,C,C,C,0.95,radicaleq
164,radicaleq,6,F,J,D,H,I,D,J,I,D,J,I,D,J,I,D,J,I,D,J,I,0.95,radicaleq
165,radicaleq,1,A,C,F,I,C,F,I,C,F,I,C,F,I,C,F,I,C,F,I,C,1.0,draw
165,random3,2,G,G,G,G,G,G,G,G,G,G,G,G,G,G,G,G,G,G,G,G,1.0,draw
165,random3,3,B,B,B,B,B,B,B,B,B,B,B,B,B,B,B,B,B,B,B,B,1.0,draw
165,radicaleq,4,D,J,D,E,D,J,D,E,D,J,A,E,D,J,A,E,D,J,A,E,1.0,draw
165,radicaleq,5,E,A,J,A,E,A,J,A,E,D,J,A,E,D,J,A,E,D,J,D,1.0,draw
165,random3,6,H,H,H,H,H,H,H,H,H,H,H,H,H,H,H,H,H,H,H,H,1.0,draw
166,random3,1,E,E,E,E,E,E,E,E,E,E,E,E,E,E,E,E,E,E,E,E,0.95,radicaleq
166,radicaleq,2,B,H,H,F,B,H,D,C,B,H,D,C,B,H,D,C,B,H,D,C,0.95,radicaleq
166,radicaleq,3,C,J,C,H,D,C,B,H,D,C,B,H,D,C,B,H,D,C,B,H,1.0,radicaleq
166,radicaleq,4,D,E,B,D,C,B,H,D,C,B,H,D,C,B,H,D,C,B,H,D,0.95,radicaleq
166,random3,5,I,I,I,I,I,I,I,I,I,I,I,I,I,I,I,I,I,I,I,I,0.9,radicaleq
166,random3,6,I,I,F,F,F,F,F,F,F,F,F,F,F,F,F,F,F,F,F,F,0.85,radicaleq
167,radicaleq,1,A,I,E,E,H,H,E,I,H,E,I,H,E,I,H,E,I,H,E,I,1.0,radicaleq
167,random3,2,D,D,D,D,D,D,D,D,D,D,D,D,D,D,D,D,D,D,D,D,0.95,radicaleq
167,random3,3,F,F,F,F,F,F,F,F,F,F,F,F,F,F,F,F,F,F,F,F,0.95,radicaleq
167,radicaleq,4,D,E,J,A,J,A,J,A,J,A,J,A,J,A,J,A,J,A,J,A,0.95,radicaleq
167,random3,5,D,C,C,C,C,C,C,C,C,C,C,C,C,C,C,C,C,C,C,C,0.95,radicaleq
167,radicaleq,6,F,H,I,H,I,E,I,H,E,I,H,E,I,H,E,I,H,E,I,H,0.95,radicaleq
168,random3,1,C,I,I,I,I,I,I,I,I,I,I,I,I,I,I,I,I,I,I,I,0.9,radicaleq
168,random3,2,F,F,F,F,F,F,F,F,F,F,F,F,F,F,F,F,F,F,F,F,0.95,radicaleq
168,radicaleq,3,C,D,G,J,G,J,G,J,G,J,G,J,G,J,G,J,G,J,G,J,0.95,radicaleq
168,random3,4,C,C,C,C,C,C,C,C,C,C,C,C,C,C,C,C,C,C,C,C,0.95,radicaleq
168,radicaleq,5,E,I,D,H,E,D,H,E,D,H,E,D,H,E,D,H,E,D,H,E,0.95,radicaleq
168,radicaleq,6,F,H,E,D,H,E,D,H,E,D,H,E,D,H,E,D,H,E,D,H,0.95,radicaleq
169,random3,1,C,C,C,C,C,C,C,C,C,C,C,C,C,C,C,C,C,C,C,C,0.95,radicaleq
169,radicaleq,2,B,I,D,D,F,D,B,D,F,D,B,D,F,D,B,D,F,D,B,D,1.0,radicaleq
169,radicaleq,3,C,D,F,H,I,H,I,H,I,H,I,H,I,H,I,H,I,H,I,H,0.95,radicaleq
169,random3,4,E,E,E,E,E,E,E,E,E,E,E,E,E,E,E,E,E,E,E,E,0.95,radicaleq
169,radicaleq,5,E,G,B,F,G,B,G,F,G,B,G,F,G,B,G,F,G,B,G,F,0.95,radicaleq
169,random3,6,E,J,J,J,J,J,J,J,J,J,J,J,J,J,J,J,J,J,J,J,0.95,radicaleq
170,random3,1,A,A,A,A,A,A,A,A,A,A,A,A,A,A,A,A,A,A,A,A,1.0,radicaleq
170,random3,2,J,J,J,J,J,J,J,J,J,J,J,J,J,J,J,J,J,J,J,J,0.95,radicaleq
170,radicaleq,3,C,G,G,E,D,F,G,H,C,E,D,F,G,H,C,E,D,F,G,H,1.0,radicaleq
170,radicaleq,4,D,H,D,F,C,H,C,E,D,F,G,H,C,E,D,F,G,H,F,E,1.0,radicaleq
170,random3,5,I,I,I,I,I,I,I,I,I,I,I,I,I,I,I,I,I,I,I,I,1.0,radicaleq
170,radicaleq,6,F,J,E,C,H,G,E,D,F,G,H,C,E,D,F,G,H,C,E,D,0.95,radicaleq
171,random3,1,J,J,J,J,J,J,J,J,J,J,J,J,J,J,J,J,J,J,J,J,1.0,radicaleq
171,random3,2,E,E,E,E,E,E,E,E,E,E,E,E,E,E,E,E,E,E,E,E,0.95,radicaleq
171,radicaleq,3,C,G,G,B,B,F,G,D,B,F,G,D,B,F,G,D,B,F,G,H,1.0,radicaleq
171,radicaleq,4,D,H,D,F,C,H,C,H,C,H,C,H,C,H,C,H,C,H,C,D,1.0,radicaleq
171,radicaleq,5,E,B,F,C,H,G,D,B,F,G,D,B,F,G,D,B,F,G,D,B,0.95,radicaleq
171,random3,6,I,I,I,I,I,I,I,I,I,I,I,I,I,I,I,I,I,I,I,I,1.0,radicaleq
172,radicaleq,1,A,B,E,G,J,E,G,J,E,G,J,E,G,J,E,G,J,E,G,J,0.95,draw
172,random3,2,D,D,D,D,D,D,D,D,D,D,D,D,D,D,D,D,D,D,D,D,0.95,draw
172,radicaleq,3,C,I,C,F,B,I,C,F,B,I,I,F,B,C,I,F,B,C,C,F,1.0,draw
172,random3,4,A,A,A,A,A,A,A,A,A,A,A,A,A,A,A,A,A,A,A,A,0.95,draw
172,random3,5,H,H,H,H,H,H,H,H,H,H,H,H,H,H,H,H,H,H,H,H,1.0,draw
172,radicaleq,6,F,D,B,I,C,F,B,I,C,F,B,C,I,F,B,C,I,F,B,I,0.95,draw
173,radicaleq,1,A,H,H,G,A,F,G,I,B,F,A,I,G,F,B,I,A,F,G,I,1.0,draw
173,radicaleq,2,B,I,B,H,G,H,B,H,A,H,G,H,B,H,A,H,G,H,B,H,1.0,draw
173,random3,3,C,C,C,C,C,C,C,C,C,C,C,C,C,C,C,C,C,C,C,C,1.0,draw
173,random3,4,D,D,D,D,D,D,D,D,D,D,D,D,D,D,D,D,D,D,D,D,1.0,draw
173,random3,5,F,E,E,E,E,E,E,E,E,E,E,E,E,E,E,E,E,E,E,E,0.95,draw
173,radicaleq,6,F,G,A,I,B,I,A,F,G,I,B,F,A,I,G,F,B,I,A,F,0.95,draw
174,radicaleq,1,A,D,E,H,E,H,E,H,E,H,C,H,C,H,C,H,C,B,C,B,0.95,draw
174,radicaleq,2,B,F,D,F,G,F,G,F,G,E,G,B,G,D,E,D,H,G,F,E,1.0,draw
174,radicaleq,3,C,G,B,C,D,B,C,D,B,F,D,E,F,B,G,F,E,D,H,G,1.0,draw
174,random3,4,J,J,J,J,J,J,J,J,J,J,J,J,J,J,J,J,J,J,J,J,1.0,draw
174,random3,5,A,A,A,A,A,A,A,A,A,A,A,A,A,A,A,A,A,A,A,A,0.95,draw
174,random3,6,I,I,I,I,I,I,I,I,I,I,I,I,I,I,I,I,I,I,I,I,1.0,draw
175,random3,1,I,I,I,I,I,I,I,I,I,I,I,I,I,I,I,I,I,I,I,I,0.95,radicaleq
175,radicaleq,2,B,F,B,H,B,D,B,H,B,F,B,D,B,H,B,D,B,F,B,D,1.0,radicaleq
175,random3,3,A,A,A,A,A,A,A,A,A,A,A,A,A,A,A,A,A,A,A,A,1.0,radicaleq
175,radicaleq,4,D,H,D,G,F,E,F,E,D,G,H,G,F,E,F,G,H,E,H,G,1.0,radicaleq
175,radicaleq,5,E,I,G,F,E,H,G,D,G,H,E,F,E,D,G,H,E,D,G,F,0.95,radicaleq
175,random3,6,J,J,J,J,J,J,J,J,J,J,J,J,J,J,J,J,J,J,J,J,1.0,radicaleq
176,radicaleq,1,A,F,I,F,I,F,I,I,C,I,C,I,C,I,C,I,C,I,C,I,0.95,radicaleq
176,random3,2,H,H,H,H,H,H,H,H,H,H,H,H,H,H,H,H,H,H,H,H,1.0,radicaleq
176,radicaleq,3,C,J,C,D,C,J,J,A,D,J,A,D,J,A,D,J,A,D,J,A,1.0,radicaleq
176,radicaleq,4,D,A,J,A,D,A,D,J,A,D,J,A,D,J,A,D,J,A,D,J,1.0,radicaleq
176,random3,5,G,G,G,G,G,G,G,G,G,G,G,G,G,G,G,G,G,G,G,G,0.75,radicaleq
176,random3,6,G,G,G,G,G,F,F,F,F,F,F,F,F,F,F,F,F,F,F,F,0.7,radicaleq
177,radicaleq,1,A,H,J,J,I,H,G,J,I,H,G,J,I,H,G,J,I,H,G,J,1.0,draw
177,random3,2,C,C,C,C,C,C,C,C,C,C,C,C,C,C,C,C,C,C,C,C,1.0,draw
177,random3,3,E,E,E,E,E,E,E,E,E,E,E,E,E,E,E,E,E,E,E,E,0.95,draw
177,random3,4,D,D,D,D,D,D,D,D,D,D,D,D,D,D,D,D,D,D,D,D,1.0,draw
177,radicaleq,5,E,G,I,H,G,J,I,H,G,J,I,H,G,J,I,H,G,J,I,H,0.95,draw
177,radicaleq,6,F,A,F,A,F,A,F,A,F,A,F,A,F,A,F,A,F,A,F,A,1.0,draw
178,random3,1,G,G,G,G,G,G,G,G,G,G,G,G,G,G,G,G,G,G,G,G,0.95,draw
178,radicaleq,2,B,H,H,C,C,H,E,C,J,E,C,J,H,B,E,C,J,H,B,E,1.0,draw
178,random3,3,I,I,I,I,I,I,I,I,I,I,I,I,I,I,I,I,I,I,I,I,1.0,draw
178,random3,4,F,F,F,F,F,F,F,F,F,F,F,F,F,F,F,F,F,F,F,F,0.95,draw
178,radicaleq,5,E,G,J,E,H,E,C,J,E,C,J,H,B,E,C,J,H,B,E,C,0.95,draw
178,radicaleq,6,F,C,B,J,B,J,B,H,B,H,B,E,C,J,H,B,E,C,J,H,0.95,draw
179,random3,1,E,I,I,C,C,C,C,C,C,C,C,C,C,C,C,C,C,C,C,C,0.85,radicaleq
179,random3,2,A,A,A,A,A,A,A,A,A,A,A,A,A,A,A,A,A,A,A,A,1.0,radicaleq
179,random3,3,D,J,J,J,J,J,J,J,J,J,J,J,J,J,J,J,J,J,J,J,0.9,radicaleq
179,radicaleq,4,D,G,I,F,G,I,D,I,F,I,F,E,H,F,I,D,E,H,F,I,0.9,radicaleq
179,radicaleq,5,E,H,G,E,F,E,F,E,H,D,I,F,E,H,F,I,D,E,H,F,0.95,radicaleq
179,radicaleq,6,F,J,H,D,H,G,H,D,C,E,H,D,I,D,E,H,F,I,D,E,0.9,radicaleq
180,radicaleq,1,A,D,G,D,B,D,G,E,G,E,G,E,G,E,A,E,F,E,B,G,1.0,draw
180,radicaleq,2,B,F,I,G,I,B,I,D,I,F,I,F,I,B,G,D,A,I,F,E,1.0,draw
180,random3,3,C,C,C,C,C,C,C,C,C,C,C,C,C,C,C,C,C,C,C,C,1.0,draw
180,random3,4,J,J,J,J,J,J,J,J,J,J,J,J,J,J,J,J,J,J,J,J,1.0,draw
180,radicaleq,5,E,A,F,E,A,F,B,A,D,B,A,D,F,I,B,G,D,A,I,F,1.0,draw
180,random3,6,H,H,H,H,H,H,H,H,H,H,H,H,H,H,H,H,H,H,H,H,1.0,draw
181,radicaleq,1,A,G,G,E,E,G,C,H,D,I,G,F,I,J,D,G,J,D,E,J,1.0,draw
181,radicaleq,2,B,H,H,F,I,E,F,C,J,D,H,A,F,B,C,I,A,F,B,H,1.0,draw
181,radicaleq,3,C,I,C,G,B,H,D,I,G,F,I,J,D,G,J,D,E,J,G,C,1.0,draw
181,radicaleq,4,D,J,I,H,F,I,J,F,H,A,D,B,C,I,A,F,B,H,D,E,1.0,draw
181,radicaleq,5,E,A,D,A,D,A,G,A,C,J,C,G,A,F,E,H,G,C,I,A,1.0,draw
181,radicaleq,6,F,B,J,C,J,B,E,B,E,B,E,H,E,H,B,C,I,A,F,B,1.0,draw
182,radicaleq,1,A,G,G,E,E,G,C,H,D,I,G,F,I,J,D,G,J,D,E,J,1.0,draw
182,radicaleq,2,B,H,H,F,I,E,F,C,J,D,H,A,F,B,C,I,A,F,B,H,1.0,draw
182,radicaleq,3,C,I,C,G,B,H,D,I,G,F,I,J,D,G,J,D,E,J,G,C,1.0,draw
182,radicaleq,4,D,J,I,H,F,I,J,F,H,A,D,B,C,I,A,F,B,H,D,E,1.0,draw
182,radicaleq,5,E,A,D,A,D,A,G,A,C,J,C,G,A,F,E,H,G,C,I,A,1.0,draw
182,radicaleq,6,F,B,J,C,J,B,E,B,E,B,E,H,E,H,B,C,I,A,F,B,1.0,draw
183,radicaleq,1,A,G,G,E,E,G,C,H,D,I,G,F,I,J,D,G,J,D,E,J,1.0,draw
183,radicaleq,2,B,H,H,F,I,E,F,C,J,D,H,A,F,B,C,I,A,F,B,H,1.0,draw
183,radicaleq,3,C,I,C,G,B,H,D,I,G,F,I,J,D,G,J,D,E,J,G,C,1.0,draw
183,radicaleq,4,D,J,I,H,F,I,J,F,H,A,D,B,C,I,A,F,B,H,D,E,1.0,draw
183,radicaleq,5,E,A,D,A,D,A,G,A,C,J,C,G,A,F,E,H,G,C,I,A,1.0,draw
183,radicaleq,6,F,B,J,C,J,B,E,B,E,B,E,H,E,H,B,C,I,A,F,B,1.0,draw
184,radicaleq,1,A,G,G,E,E,G,C,H,D,I,G,F,I,J,D,G,J,D,E,J,1.0,draw
184,radicaleq,2,B,H,H,F,I,E,F,C,J,D,H,A,F,B,C,I,A,F,B,H,1.0,draw
184,radicaleq,3,C,I,C,G,B,H,D,I,G,F,I,J,D,G,J,D,E,J,G,C,1.0,draw
184,radicaleq,4,D,J,I,H,F,I,J,F,H,A,D,B,C,I,A,F,B,H,D,E,1.0,draw
184,radicaleq,5,E,A,D,A,D,A,G,A,C,J,C,G,A,F,E,H,G,C,I,A,1.0,draw
184,radicaleq,6,F,B,J,C,J,B,E,B,E,B,E,H,E,H,B,C,I,A,F,B,1.0,draw
185,radicaleq,1,A,G,G,E,E,G,C,H,D,I,G,F,I,J,D,G,J,D,E,J,1.0,draw
185,radicaleq,2,B,H,H,F,I,E,F,C,J,D,H,A,F,B,C,I,A,F,B,H,1.0,draw
185,radicaleq,3,C,I,C,G,B,H,D,I,G,F,I,J,D,G,J,D,E,J,G,C,1.0,draw
185,radicaleq,4,D,J,I,H,F,I,J,F,H,A,D,B,C,I,A,F,B,H,D,E,1.0,draw
185,radicaleq,5,E,A,D,A,D,A,G,A,C,J,C,G,A,F,E,H,G,C,I,A,1.0,draw
185,radicaleq,6,F,B,J,C,J,B,E,B,E,B,E,H,E,H,B,C,I,A,F,B,1.0,draw
186,radicaleq,1,A,G,G,E,E,G,C,H,D,I,G,F,I,J,D,G,J,D,E,J,1.0,draw
186,radicaleq,2,B,H,H,F,I,E,F,C,J,D,H,A,F,B,C,I,A,F,B,H,1.0,draw
186,radicaleq,3,C,I,C,G,B,H,D,I,G,F,I,J,D,G,J,D,E,J,G,C,1.0,draw
186,radicaleq,4,D,J,I,H,F,I,J,F,H,A,D,B,C,I,A,F,B,H,D,E,1.0,draw
186,radicaleq,5,E,A,D,A,D,A,G,A,C,J,C,G,A,F,E,H,G,C,I,A,1.0,draw
186,radicaleq,6,F,B,J,C,J,B,E,B,E,B,E,H,E,H,B,C,I,A,F,B,1.0,draw
187,radicaleq,1,A,G,G,E,E,G,C,H,D,I,G,F,I,J,D,G,J,D,E,J,1.0,draw
187,radicaleq,2,B,H,H,F,I,E,F,C,J,D,H,A,F,B,C,I,A,F,B,H,1.0,draw
187,radicaleq,3,C,I,C,G,B,H,D,I,G,F,I,J,D,G,J,D,E,J,G,C,1.0,draw
187,radicaleq,4,D,J,I,H,F,I,J,F,H,A,D,B,C,I,A,F,B,H,D,E,1.0,draw
187,radicaleq,5,E,A,D,A,D,A,G,A,C,J,C,G,A,F,E,H,G,C,I,A,1.0,draw
187,radicaleq,6,F,B,J,C,J,B,E,B,E,B,E,H,E,H,B,C,I,A,F,B,1.0,draw
188,radicaleq,1,A,G,G,E,E,G,C,H,D,I,G,F,I,J,D,G,J,D,E,J,1.0,draw
188,radicaleq,2,B,H,H,F,I,E,F,C,J,D,H,A,F,B,C,I,A,F,B,H,1.0,draw
188,radicaleq,3,C,I,C,G,B,H,D,I,G,F,I,J,D,G,J,D,E,J,G,C,1.0,draw
188,radicaleq,4,D,J,I,H,F,I,J,F,H,A,D,B,C,I,A,F,B,H,D,E,1.0,draw
188,radicaleq,5,E,A,D,A,D,A,G,A,C,J,C,G,A,F,E,H,G,C,I,A,1.0,draw
188,radicaleq,6,F,B,J,C,J,B,E,B,E,B,E,H,E,H,B,C,I,A,F,B,1.0,draw
189,radicaleq,1,A,G,G,E,E,G,C,H,D,I,G,F,I,J,D,G,J,D,E,J,1.0,draw
189,radicaleq,2,B,H,H,F,I,E,F,C,J,D,H,A,F,B,C,I,A,F,B,H,1.0,draw
189,radicaleq,3,C,I,C,G,B,H,D,I,G,F,I,J,D,G,J,D,E,J,G,C,1.0,draw
189,radicaleq,4,D,J,I,H,F,I,J,F,H,A,D,B,C,I,A,F,B,H,D,E,1.0,draw
189,radicaleq,5,E,A,D,A,D,A,G,A,C,J,C,G,A,F,E,H,G,C,I,A,1.0,draw
189,radicaleq,6,F,B,J,C,J,B,E,B,E,B,E,H,E,H,B,C,I,A,F,B,1.0,draw
190,radicaleq,1,A,G,G,E,E,G,C,H,D,I,G,F,I,J,D,G,J,D,E,J,1.0,draw
190,radicaleq,2,B,H,H,F,I,E,F,C,J,D,H,A,F,B,C,I,A,F,B,H,1.0,draw
190,radicaleq,3,C,I,C,G,B,H,D,I,G,F,I,J,D,G,J,D,E,J,G,C,1.0,draw
190,radicaleq,4,D,J,I,H,F,I,J,F,H,A,D,B,C,I,A,F,B,H,D,E,1.0,draw
190,radicaleq,5,E,A,D,A,D,A,G,A,C,J,C,G,A,F,E,H,G,C,I,A,1.0,draw
190,radicaleq,6,F,B,J,C,J,B,E,B,E,B,E,H,E,H,B,C,I,A,F,B,1.0,draw
191,radicaleq,1,A,G,G,E,E,G,C,H,D,I,G,F,I,J,D,G,J,D,E,J,1.0,draw
191,radicaleq,2,B,H,H,F,I,E,F,C,J,D,H,A,F,B,C,I,A,F,B,H,1.0,draw
191,radicaleq,3,C,I,C,G,B,H,D,I,G,F,I,J,D,G,J,D,E,J,G,C,1.0,draw
191,radicaleq,4,D,J,I,H,F,I,J,F,H,A,D,B,C,I,A,F,B,H,D,E,1.0,draw
191,radicaleq,5,E,A,D,A,D,A,G,A,C,J,C,G,A,F,E,H,G,C,I,A,1.0,draw
191,radicaleq,6,F,B,J,C,J,B,E,B,E,B,E,H,E,H,B,C,I,A,F,B,1.0,draw
192,radicaleq,1,A,G,G,E,E,G,C,H,D,I,G,F,I,J,D,G,J,D,E,J,1.0,draw
192,radicaleq,2,B,H,H,F,I,E,F,C,J,D,H,A,F,B,C,I,A,F,B,H,1.0,draw
192,radicaleq,3,C,I,C,G,B,H,D,I,G,F,I,J,D,G,J,D,E,J,G,C,1.0,draw
192,radicaleq,4,D,J,I,H,F,I,J,F,H,A,D,B,C,I,A,F,B,H,D,E,1.0,draw
192,radicaleq,5,E,A,D,A,D,A,G,A,C,J,C,G,A,F,E,H,G,C,I,A,1.0,draw
192,radicaleq,6,F,B,J,C,J,B,E,B,E,B,E,H,E,H,B,C,I,A,F,B,1.0,draw
193,radicaleq,1,A,G,G,E,E,G,C,H,D,I,G,F,I,J,D,G,J,D,E,J,1.0,draw
193,radicaleq,2,B,H,H,F,I,E,F,C,J,D,H,A,F,B,C,I,A,F,B,H,1.0,draw
193,radicaleq,3,C,I,C,G,B,H,D,I,G,F,I,J,D,G,J,D,E,J,G,C,1.0,draw
193,radicaleq,4,D,J,I,H,F,I,J,F,H,A,D,B,C,I,A,F,B,H,D,E,1.0,draw
193,radicaleq,5,E,A,D,A,D,A,G,A,C,J,C,G,A,F,E,H,G,C,I,A,1.0,draw
193,radicaleq,6,F,B,J,C,J,B,E,B,E,B,E,H,E,H,B,C,I,A,F,B,1.0,draw
194,radicaleq,1,A,G,G,E,E,G,C,H,D,I,G,F,I,J,D,G,J,D,E,J,1.0,draw
194,radicaleq,2,B,H,H,F,I,E,F,C,J,D,H,A,F,B,C,I,A,F,B,H,1.0,draw
194,radicaleq,3,C,I,C,G,B,H,D,I,G,F,I,J,D,G,J,D,E,J,G,C,1.0,draw
194,radicaleq,4,D,J,I,H,F,I,J,F,H,A,D,B,C,I,A,F,B,H,D,E,1.0,draw
194,radicaleq,5,E,A,D,A,D,A,G,A,C,J,C,G,A,F,E,H,G,C,I,A,1.0,draw
194,radicaleq,6,F,B,J,C,J,B,E,B,E,B,E,H,E,H,B,C,I,A,F,B,1.0,draw
195,radicaleq,1,A,G,G,E,E,G,C,H,D,I,G,F,I,J,D,G,J,D,E,J,1.0,draw
195,radicaleq,2,B,H,H,F,I,E,F,C,J,D,H,A,F,B,C,I,A,F,B,H,1.0,draw
195,radicaleq,3,C,I,C,G,B,H,D,I,G,F,I,J,D,G,J,D,E,J,G,C,1.0,draw
195,radicaleq,4,D,J,I,H,F,I,J,F,H,A,D,B,C,I,A,F,B,H,D,E,1.0,draw
195,radicaleq,5,E,A,D,A,D,A,G,A,C,J,C,G,A,F,E,H,G,C,I,A,1.0,draw
195,radicaleq,6,F,B,J,C,J,B,E,B,E,B,E,H,E,H,B,C,I,A,F,B,1.0,draw
196,radicaleq,1,A,G,G,E,E,G,C,H,D,I,G,F,I,J,D,G,J,D,E,J,1.0,draw
196,radicaleq,2,B,H,H,F,I,E,F,C,J,D,H,A,F,B,C,I,A,F,B,H,1.0,draw
196,radicaleq,3,C,I,C,G,B,H,D,I,G,F,I,J,D,G,J,D,E,J,G,C,1.0,draw
196,radicaleq,4,D,J,I,H,F,I,J,F,H,A,D,B,C,I,A,F,B,H,D,E,1.0,draw
196,radicaleq,5,E,A,D,A,D,A,G,A,C,J,C,G,A,F,E,H,G,C,I,A,1.0,draw
196,radicaleq,6,F,B,J,C,J,B,E,B,E,B,E,H,E,H,B,C,I,A,F,B,1.0,draw
197,radicaleq,1,A,G,G,E,E,G,C,H,D,I,G,F,I,J,D,G,J,D,E,J,1.0,draw
197,radicaleq,2,B,H,H,F,I,E,F,C,J,D,H,A,F,B,C,I,A,F,B,H,1.0,draw
197,radicaleq,3,C,I,C,G,B,H,D,I,G,F,I,J,D,G,J,D,E,J,G,C,1.0,draw
197,radicaleq,4,D,J,I,H,F,I,J,F,H,A,D,B,C,I,A,F,B,H,D,E,1.0,draw
197,radicaleq,5,E,A,D,A,D,A,G,A,C,J,C,G,A,F,E,H,G,C,I,A,1.0,draw
197,radicaleq,6,F,B,J,C,J,B,E,B,E,B,E,H,E,H,B,C,I,A,F,B,1.0,draw
198,radicaleq,1,A,G,G,E,E,G,C,H,D,I,G,F,I,J,D,G,J,D,E,J,1.0,draw
198,radicaleq,2,B,H,H,F,I,E,F,C,J,D,H,A,F,B,C,I,A,F,B,H,1.0,draw
198,radicaleq,3,C,I,C,G,B,H,D,I,G,F,I,J,D,G,J,D,E,J,G,C,1.0,draw
198,radicaleq,4,D,J,I,H,F,I,J,F,H,A,D,B,C,I,A,F,B,H,D,E,1.0,draw
198,radicaleq,5,E,A,D,A,D,A,G,A,C,J,C,G,A,F,E,H,G,C,I,A,1.0,draw
198,radicaleq,6,F,B,J,C,J,B,E,B,E,B,E,H,E,H,B,C,I,A,F,B,1.0,draw
199,radicaleq,1,A,G,G,E,E,G,C,H,D,I,G,F,I,J,D,G,J,D,E,J,1.0,draw
199,radicaleq,2,B,H,H,F,I,E,F,C,J,D,H,A,F,B,C,I,A,F,B,H,1.0,draw
199,radicaleq,3,C,I,C,G,B,H,D,I,G,F,I,J,D,G,J,D,E,J,G,C,1.0,draw
199,radicaleq,4,D,J,I,H,F,I,J,F,H,A,D,B,C,I,A,F,B,H,D,E,1.0,draw
199,radicaleq,5,E,A,D,A,D,A,G,A,C,J,C,G,A,F,E,H,G,C,I,A,1.0,draw
199,radicaleq,6,F,B,J,C,J,B,E,B,E,B,E,H,E,H,B,C,I,A,F,B,1.0,draw
200,radicaleq,1,A,G,G,E,E,G,C,H,D,I,G,F,I,J,D,G,J,D,E,J,1.0,draw
200,radicaleq,2,B,H,H,F,I,E,F,C,J,D,H,A,F,B,C,I,A,F,B,H,1.0,draw
200,radicaleq,3,C,I,C,G,B,H,D,I,G,F,I,J,D,G,J,D,E,J,G,C,1.0,draw
200,radicaleq,4,D,J,I,H,F,I,J,F,H,A,D,B,C,I,A,F,B,H,D,E,1.0,draw
200,radicaleq,5,E,A,D,A,D,A,G,A,C,J,C,G,A,F,E,H,G,C,I,A,1.0,draw
200,radicaleq,6,F,B,J,C,J,B,E,B,E,B,E,H,E,H,B,C,I,A,F,B,1.0,draw
201,random,1,F,skip,H,C,B,B,J,A,G,C,J,J,H,F,G,E,E,E,B,skip,0.45,rotate0
201,rotate0,2,B,B,B,B,B,B,B,B,B,B,B,B,B,B,B,B,B,B,B,B,0.65,rotate0
201,random,3,H,H,B,H,I,I,D,E,A,C,E,B,J,B,C,skip,C,H,G,B,0.65,rotate0
201,rotate0,4,D,D,D,D,D,D,D,D,D,D,D,D,D,D,D,D,D,D,D,D,0.75,rotate0
201,random,5,D,C,I,G,D,H,A,skip,J,D,J,E,D,F,J,E,skip,E,H,G,0.5,rotate0
201,rotate0,6,F,F,F,F,F,F,F,F,F,F,F,F,F,F,F,F,F,F,F,F,0.9,rotate0
202,random,1,C,skip,A,E,J,E,H,I,G,I,F,F,E,skip,skip,A,F,A,J,D,0.35,rotate0
202,rotate0,2,B,B,B,B,B,B,B,B,B,B,B,B,B,B,B,B,B,B,B,B,0.9,rotate0
202,rotate0,3,C,C,C,C,C,C,C,C,C,C,C,C,C,C,C,C,C,C,C,C,0.65,rotate0
202,random,4,E,I,A,F,J,G,H,I,D,G,G,F,E,B,H,H,C,skip,J,C,0.4,rotate0
202,rotate0,5,E,E,E,E,E,E,E,E,E,E,E,E,E,E,E,E,E,E,E,E,0.8,rotate0
202,random,6,D,G,I,J,H,H,C,J,I,skip,D,A,skip,C,B,C,A,F,C,I,0.65,rotate0
203,rotate0,1,A,A,A,A,A,A,A,A,A,A,A,A,A,A,A,A,A,A,A,A,0.65,rotate0
203,rotate0,2,B,B,B,B,B,B,B,B,B,B,B,B,B,B,B,B,B,B,B,B,0.8,rotate0
203,rotate0,3,C,C,C,C,C,C,C,C,C,C,C,C,C,C,C,C,C,C,C,C,0.85,rotate0
203,random,4,J,E,A,H,A,skip,B,D,I,C,A,F,H,A,skip,I,H,C,D,F,0.55,rotate0
203,random,5,E,G,J,skip,J,G,A,H,B,D,C,G,J,F,D,A,skip,skip,B,E,0.5,rotate0
203,random,6,B,G,I,I,H,F,I,E,skip,I,G,E,I,F,J,G,G,J,A,H,0.75,rotate0
204,rotate0,1,A,A,A,A,A,A,A,A,A,A,A,A,A,A,A,A,A,A,A,A,0.85,random
204,random,2,F,C,G,H,B,G,D,J,F,A,A,J,E,J,G,J,D,I,E,F,0.65,random
204,rotate0,3,C,C,C,C,C,C,C,C,C,C,C,C,C,C,C,C,C,C,C,C,0.7,random
204,rotate0,4,D,D,D,D,D,D,D,D,D,D,D,D,D,D,D,D,D,D,D,D,0.5,random
204,random,5,H,D,H,H,E,I,B,I,D,E,skip,J,I,I,E,B,F,C,C,D,0.6,random
204,random,6,A,G,B,D,D,F,E,E,C,G,G,H,D,D,C,G,C,D,I,B,0.55,random
205,rotate0,1,A,A,A,A,A,A,A,A,A,A,A,A,A,A,A,A,A,A,A,A,0.8,rotate0
205,rotate0,2,B,B,B,B,B,B,B,B,B,B,B,B,B,B,B,B,B,B,B,B,0.55,rotate0
205,random,3,F,A,E,F,H,B,C,E,skip,C,B,B,B,H,skip,D,B,E,H,H,0.35,rotate0
205,random,4,skip,I,F,B,J,I,H,B,A,D,F,J,J,D,B,D,F,G,skip,D,0.6,rotate0
205,rotate0,5,E,E,E,E,E,E,E,E,E,E,E,E,E,E,E,E,E,E,E,E,0.7,rotate0
205,random,6,D,F,E,skip,skip,I,B,E,E,C,C,skip,I,A,E,F,skip,F,E,A,0.3,rotate0
206,random,1,G,skip,J,B,J,J,B,B,H,E,B,G,skip,skip,G,B,J,B,H,D,0.65,rotate0
206,random,2,E,F,C,E,B,F,F,H,G,B,I,G,J,F,A,skip,F,I,H,I,0.35,rotate0
206,rotate0,3,C,C,C,C,C,C,C,C,C,C,C,C,C,C,C,C,C,C,C,C,0.8,rotate0
206,random,4,A,G,G,D,I,C,G,H,H,F,E,A,G,C,B,I,C,H,B,I,0.6,rotate0
206,rotate0,5,E,E,E,E,E,E,E,E,E,E,E,E,E,E,E,E,E,E,E,E,0.8,rotate0
206,rotate0,6,F,F,F,F,F,F,F,F,F,F,F,F,F,F,F,F,F,F,F,F,0.7,rotate0
207,random,1,D,D,A,A,G,D,H,H,G,D,C,H,D,skip,B,F,B,D,I,skip,0.4,rotate0
207,random,2,A,G,I,I,G,H,B,C,A,skip,B,J,I,I,C,I,B,I,G,A,0.75,rotate0
207,rotate0,3,C,C,C,C,C,C,C,C,C,C,C,C,C,C,C,C,C,C,C,C,0.8,rotate0
207,rotate0,4,D,D,D,D,D,D,D,D,D,D,D,D,D,D,D,D,D,D,D,D,0.5,rotate0
207,rotate0,5,E,E,E,E,E,E,E,E,E,E,E,E,E,E,E,E,E,E,E,E,0.9,rotate0
207,random,6,B,skip,B,G,skip,G,E,D,D,C,I,F,A,F,D,F,G,D,D,E,0.45,rotate0
208,random,1,G,skip,E,J,E,G,B,F,H,I,H,E,F,F,G,H,skip,G,F,skip,0.55,rotate0
208,rotate0,2,B,B,B,B,B,B,B,B,B,B,B,B,B,B,B,B,B,B,B,B,0.85,rotate0
208,rotate0,3,C,C,C,C,C,C,C,C,C,C,C,C,C,C,C,C,C,C,C,C,0.85,rotate0
208,rotate0,4,D,D,D,D,D,D,D,D,D,D,D,D,D,D,D,D,D,D,D,D,0.65,rotate0
208,random,5,B,G,E,J,E,D,J,I,F,D,J,D,D,J,G,skip,A,G,C,C,0.3,rotate0
208,random,6,D,skip,D,skip,F,D,J,H,I,D,D,B,H,G,G,F,I,C,H,G,0.45,rotate0
209,rotate0,1,A,A,A,A,A,A,A,A,A,A,A,A,A,A,A,A,A,A,A,A,0.7,rotate0
209,random,2,C,D,A,I,J,I,F,I,D,C,A,G,I,C,skip,A,C,F,H,E,0.45,rotate0
209,rotate0,3,C,C,C,C,C,C,C,C,C,C,C,C,C,C,C,C,C,C,C,C,0.65,rotate0
209,random,4,D,A,F,J,F,G,G,C,F,H,G,D,skip,E,A,H,J,J,H,B,0.45,rotate0
209,random,5,G,A,G,J,E,A,C,H,G,J,I,E,C,E,A,H,B,F,G,F,0.5,rotate0
209,rotate0,6,F,F,F,F,F,F,F,F,F,F,F,F,F,F,F,F,F,F,F,F,0.7,rotate0
210,rotate0,1,A,A,A,A,A,A,A,A,A,A,A,A,A,A,A,A,A,A,A,A,0.8,rotate0
210,random,2,B,J,I,I,H,H,B,I,A,J,C,D,C,D,G,D,J,skip,A,F,0.6,rotate0
210,random,3,H,H,E,B,G,C,A,D,D,G,I,D,F,D,skip,skip,H,C,E,F,0.45,rotate0
210,rotate0,4,D,D,D,D,D,D,D,D,D,D,D,D,D,D,D,D,D,D,D,D,0.7,rotate0
210,random,5,F,D,I,skip,I,C,A,J,A,C,J,H,F,skip,skip,H,H,E,B,A,0.4,rotate0
210,rotate0,6,F,F,F,F,F,F,F,F,F,F,F,F,F,F,F,F,F,F,F,F,0.85,rotate0
211,rotate0,1,A,A,A,A,A,A,A,A,A,A,A,A,A,A,A,A,A,A,A,A,0.8,rotate0
211,rotate0,2,B,B,B,B,B,B,B,B,B,B,B,B,B,B,B,B,B,B,B,B,0.7,rotate0
211,random,3,F,skip,H,B,skip,I,H,G,E,D,J,H,I,C,F,skip,A,B,F,D,0.4,rotate0
211,random,4,G,J,skip,H,A,J,J,I,G,A,G,E,skip,C,B,B,F,F,C,F,0.5,rotate0
211,random,5,J,E,B,G,C,B,skip,E,J,D,C,G,G,J,I,J,skip,E,A,D,0.65,rotate0
211,rotate0,6,F,F,F,F,F,F,F,F,F,F,F,F,F,F,F,F,F,F,F,F,0.7,rotate0
212,random,1,G,skip,A,C,D,E,H,D,H,G,I,C,E,D,B,A,skip,skip,G,I,0.4,rotate0
212,rotate0,2,B,B,B,B,B,B,B,B,B,B,B,B,B,B,B,B,B,B,B,B,0.85,rotate0
212,random,3,I,H,J,A,I,C,skip,H,D,D,A,skip,D,B,skip,skip,E,E,F,I,0.4,rotate0
212,rotate0,4,D,D,D,D,D,D,D,D,D,D,D,D,D,D,D,D,D,D,D,D,0.65,rotate0
212,rotate0,5,E,E,E,E,E,E,E,E,E,E,E,E,E,E,E,E,E,E,E,E,0.6,rotate0
212,random,6,I,E,A,J,A,D,E,B,D,H,H,C,skip,B,E,E,A,F,A,C,0.4,rotate0
213,random,1,J,D,skip,F,I,D,E,A,H,H,F,C,D,I,J,J,F,A,B,B,0.55,rotate0
213,rotate0,2,B,B,B,B,B,B,B,B,B,B,B,B,B,B,B,B,B,B,B,B,0.8,rotate0
213,random,3,F,J,F,F,H,J,E,F,C,I,J,skip,F,I,C,skip,I,H,H,F,0.4,rotate0
213,random,4,G,J,A,J,F,H,B,F,G,B,C,F,D,C,C,A,D,J,B,A,0.55,rotate0
213,rotate0,5,E,E,E,E,E,E,E,E,E,E,E,E,E,E,E,E,E,E,E,E,0.95,rotate0
213,rotate0,6,F,F,F,F,F,F,F,F,F,F,F,F,F,F,F,F,F,F,F,F,0.5,rotate0
214,random,1,E,H,D,C,A,C,E,I,H,E,skip,J,skip,D,F,B,J,D,C,C,0.35,rotate0
214,random,2,E,E,H,F,C,A,A,H,I,G,B,E,E,I,G,D,B,F,B,I,0.75,rotate0
214,rotate0,3,C,C,C,C,C,C,C,C,C,C,C,C,C,C,C,C,C,C,C,C,0.7,rotate0
214,rotate0,4,D,D,D,D,D,D,D,D,D,D,D,D,D,D,D,D,D,D,D,D,0.7,rotate0
214,random,5,A,D,D,E,H,G,skip,A,H,H,C,B,A,F,D,I,J,H,F,A,0.55,rotate0
214,rotate0,6,F,F,F,F,F,F,F,F,F,F,F,F,F,F,F,F,F,F,F,F,0.75,rotate0
215,rotate0,1,A,A,A,A,A,A,A,A,A,A,A,A,A,A,A,A,A,A,A,A,0.65,rotate0
215,random,2,D,A,H,skip,G,F,H,skip,C,D,A,C,skip,skip,B,A,H,J,G,F,0.5,rotate0
215,rotate0,3,C,C,C,C,C,C,C,C,C,C,C,C,C,C,C,C,C,C,C,C,0.75,rotate0
215,random,4,I,B,H,A,skip,B,I,B,E,E,D,C,H,F,D,skip,C,I,B,G,0.45,rotate0
215,rotate0,5,E,E,E,E,E,E,E,E,E,E,E,E,E,E,E,E,E,E,E,E,0.75,rotate0
215,random,6,skip,C,F,E,E,A,I,J,C,F,D,G,C,E,skip,skip,A,skip,B,A,0.2,rotate0
216,rotate0,1,A,A,A,A,A,A,A,A,A,A,A,A,A,A,A,A,A,A,A,A,0.7,rotate0
216,random,2,E,I,E,E,H,skip,B,skip,H,H,I,H,J,A,I,D,A,C,I,E,0.45,rotate0
216,random,3,H,D,I,A,A,E,G,F,F,E,H,J,H,J,E,B,I,B,I,F,0.55,rotate0
216,rotate0,4,D,D,D,D,D,D,D,D,D,D,D,D,D,D,D,D,D,D,D,D,0.9,rotate0
216,rotate0,5,E,E,E,E,E,E,E,E,E,E,E,E,E,E,E,E,E,E,E,E,0.55,rotate0
216,random,6,H,E,F,B,I,G,skip,skip,J,skip,A,skip,E,G,E,F,F,C,A,F,0.4,rotate0
217,random,1,F,F,skip,C,I,skip,B,I,D,J,G,E,G,F,skip,skip,H,H,skip,A,0.4,rotate0
217,random,2,H,F,G,H,E,B,J,B,C,D,F,J,E,C,E,D,H,B,H,I,0.55,rotate0
217,random,3,C,I,H,I,C,G,skip,C,C,J,H,F,E,F,F,D,D,E,C,F,0.45,rotate0
217,rotate0,4,D,D,D,D,D,D,D,D,D,D,D,D,D,D,D,D,D,D,D,D,0.8,rotate0
217,rotate0,5,E,E,E,E,E,E,E,E,E,E,E,E,E,E,E,E,E,E,E,E,0.75,rotate0
217,rotate0,6,F,F,F,F,F,F,F,F,F,F,F,F,F,F,F,F,F,F,F,F,0.65,rotate0
218,random,1,skip,J,skip,J,B,C,F,I,I,F,D,B,B,skip,H,E,C,H,G,skip,0.45,rotate0
218,rotate0,2,B,B,B,B,B,B,B,B,B,B,B,B,B,B,B,B,B,B,B,B,0.65,rotate0
218,rotate0,3,C,C,C,C,C,C,C,C,C,C,C,C,C,C,C,C,C,C,C,C,0.75,rotate0
218,random,4,H,D,H,E,C,B,J,B,D,H,H,G,skip,C,E,skip,J,C,A,A,0.6,rotate0
218,random,5,J,D,J,G,F,G,D,G,E,skip,B,A,A,skip,B,I,G,F,H,E,0.65,rotate0
218,rotate0,6,F,F,F,F,F,F,F,F,F,F,F,F,F,F,F,F,F,F,F,F,0.8,rotate0
219,rotate0,1,A,A,A,A,A,A,A,A,A,A,A,A,A,A,A,A,A,A,A,A,0.75,rotate0
219,random,2,G,D,E,G,I,skip,skip,I,I,F,H,C,E,J,skip,I,F,G,J,skip,0.55,rotate0
219,random,3,skip,skip,I,D,D,D,J,B,F,skip,G,C,F,H,C,C,E,E,A,D,0.45,rotate0
219,random,4,C,skip,E,D,G,A,J,H,A,J,A,F,H,A,H,J,E,E,A,J,0.4,rotate0
219,rotate0,5,E,E,E,E,E,E,E,E,E,E,E,E,E,E,E,E,E,E,E,E,0.8,rotate0
219,rotate0,6,F,F,F,F,F,F,F,F,F,F,F,F,F,F,F,F,F,F,F,F,0.75,rotate0
220,rotate0,1,A,A,A,A,A,A,A,A,A,A,A,A,A,A,A,A,A,A,A,A,0.8,rotate0
220,rotate0,2,B,B,B,B,B,B,B,B,B,B,B,B,B,B,B,B,B,B,B,B,0.7,rotate0
220,random,3,F,skip,J,A,J,A,I,G,I,A,D,G,B,E,J,E,G,D,B,I,0.45,rotate0
220,rotate0,4,D,D,D,D,D,D,D,D,D,D,D,D,D,D,D,D,D,D,D,D,0.8,rotate0
220,random,5,J,E,H,A,G,H,B,skip,E,J,C,F,F,E,C,C,E,A,B,D,0.65,rotate0
220,random,6,E,B,B,E,H,F,skip,E,I,A,D,I,skip,G,J,B,D,J,J,H,0.5,rotate0
221,rotate,1,A,B,C,D,E,F,A,B,C,D,E,F,A,B,C,D,E,F,A,B,0.55,draw
221,rotate,2,B,C,D,E,F,A,B,C,D,E,F,A,B,C,D,E,F,A,B,C,0.5,draw
221,rotate0,3,C,C,C,C,C,C,C,C,C,C,C,C,C,C,C,C,C,C,C,C,0.5,draw
221,rotate0,4,D,D,D,D,D,D,D,D,D,D,D,D,D,D,D,D,D,D,D,D,0.55,draw
221,rotate,5,E,F,A,B,C,D,E,F,A,B,C,D,E,F,A,B,C,D,E,F,0.5,draw
221,rotate0,6,F,F,F,F,F,F,F,F,F,F,F,F,F,F,F,F,F,F,F,F,0.5,draw
222,rotate,1,A,B,C,D,E,F,A,B,C,D,E,F,A,B,C,D,E,F,A,B,0.55,draw
222,rotate,2,B,C,D,E,F,A,B,C,D,E,F,A,B,C,D,E,F,A,B,C,0.55,draw
222,rotate,3,C,D,E,F,A,B,C,D,E,F,A,B,C,D,E,F,A,B,C,D,0.5,draw
222,rotate0,4,D,D,D,D,D,D,D,D,D,D,D,D,D,D,D,D,D,D,D,D,0.5,draw
222,rotate0,5,E,E,E,E,E,E,E,E,E,E,E,E,E,E,E,E,E,E,E,E,0.55,draw
222,rotate0,6,F,F,F,F,F,F,F,F,F,F,F,F,F,F,F,F,F,F,F,F,0.55,draw
223,rotate,1,A,B,C,D,E,F,A,B,C,D,E,F,A,B,C,D,E,F,A,B,0.5,draw
223,rotate0,2,B,B,B,B,B,B,B,B,B,B,B,B,B,B,B,B,B,B,B,B,0.5,draw
223,rotate0,3,C,C,C,C,C,C,C,C,C,C,C,C,C,C,C,C,C,C,C,C,0.55,draw
223,rotate,4,D,E,F,A,B,C,D,E,F,A,B,C,D,E,F,A,B,C,D,E,0.55,draw
223,rotate,5,E,F,A,B,C,D,E,F,A,B,C,D,E,F,A,B,C,D,E,F,0.5,draw
223,rotate0,6,F,F,F,F,F,F,F,F,F,F,F,F,F,F,F,F,F,F,F,F,0.5,draw
224,rotate0,1,A,A,A,A,A,A,A,A,A,A,A,A,A,A,A,A,A,A,A,A,0.5,draw
224,rotate0,2,B,B,B,B,B,B,B,B,B,B,B,B,B,B,B,B,B,B,B,B,0.55,draw
224,rotate,3,C,D,E,F,A,B,C,D,E,F,A,B,C,D,E,F,A,B,C,D,0.5,draw
224,rotate0,4,D,D,D,D,D,D,D,D,D,D,D,D,D,D,D,D,D,D,D,D,0.5,draw
224,rotate,5,E,F,A,B,C,D,E,F,A,B,C,D,E,F,A,B,C,D,E,F,0.55,draw
224,rotate,6,F,A,B,C,D,E,F,A,B,C,D,E,F,A,B,C,D,E,F,A,0.5,draw
225,rotate,1,A,B,C,D,E,F,A,B,C,D,E,F,A,B,C,D,E,F,A,B,0.5,draw
225,rotate0,2,B,B,B,B,B,B,B,B,B,B,B,B,B,B,B,B,B,B,B,B,0.5,draw
225,rotate0,3,C,C,C,C,C,C,C,C,C,C,C,C,C,C,C,C,C,C,C,C,0.55,draw
225,rotate0,4,D,D,D,D,D,D,D,D,D,D,D,D,D,D,D,D,D,D,D,D,0.55,draw
225,rotate,5,E,F,A,B,C,D,E,F,A,B,C,D,E,F,A,B,C,D,E,F,0.55,draw
225,rotate,6,F,A,B,C,D,E,F,A,B,C,D,E,F,A,B,C,D,E,F,A,0.55,draw
226,rotate,1,A,B,C,D,E,F,A,B,C,D,E,F,A,B,C,D,E,F,A,B,0.5,draw
226,rotate0,2,B,B,B,B,B,B,B,B,B,B,B,B,B,B,B,B,B,B,B,B,0.5,draw
226,rotate0,3,C,C,C,C,C,C,C,C,C,C,C,C,C,C,C,C,C,C,C,C,0.55,draw
226,rotate,4,D,E,F,A,B,C,D,E,F,A,B,C,D,E,F,A,B,C,D,E,0.5,draw
226,rotate0,5,E,E,E,E,E,E,E,E,E,E,E,E,E,E,E,E,E,E,E,E,0.5,draw
226,rotate,6,F,A,B,C,D,E,F,A,B,C,D,E,F,A,B,C,D,E,F,A,0.55,draw
227,rotate0,1,A,A,A,A,A,A,A,A,A,A,A,A,A,A,A,A,A,A,A,A,0.5,draw
227,rotate,2,B,C,D,E,F,A,B,C,D,E,F,A,B,C,D,E,F,A,B,C,0.55,draw
227,rotate,3,C,D,E,F,A,B,C,D,E,F,A,B,C,D,E,F,A,B,C,D,0.5,draw
227,rotate0,4,D,D,D,D,D,D,D,D,D,D,D,D,D,D,D,D,D,D,D,D,0.5,draw
227,rotate0,5,E,E,E,E,E,E,E,E,E,E,E,E,E,E,E,E,E,E,E,E,0.55,draw
227,rotate,6,F,A,B,C,D,E,F,A,B,C,D,E,F,A,B,C,D,E,F,A,0.5,draw
228,rotate,1,A,B,C,D,E,F,A,B,C,D,E,F,A,B,C,D,E,F,A,B,0.5,draw
228,rotate0,2,B,B,B,B,B,B,B,B,B,B,B,B,B,B,B,B,B,B,B,B,0.5,draw
228,rotate,3,C,D,E,F,A,B,C,D,E,F,A,B,C,D,E,F,A,B,C,D,0.55,draw
228,rotate,4,D,E,F,A,B,C,D,E,F,A,B,C,D,E,F,A,B,C,D,E,0.5,draw
228,rotate0,5,E,E,E,E,E,E,E,E,E,E,E,E,E,E,E,E,E,E,E,E,0.5,draw
228,rotate0,6,F,F,F,F,F,F,F,F,F,F,F,F,F,F,F,F,F,F,F,F,0.55,draw
229,rotate0,1,A,A,A,A,A,A,A,A,A,A,A,A,A,A,A,A,A,A,A,A,0.55,draw
229,rotate0,2,B,B,B,B,B,B,B,B,B,B,B,B,B,B,B,B,B,B,B,B,0.55,draw
229,rotate,3,C,D,E,F,A,B,C,D,E,F,A,B,C,D,E,F,A,B,C,D,0.55,draw
229,rotate,4,D,E,F,A,B,C,D,E,F,A,B,C,D,E,F,A,B,C,D,E,0.55,draw
229,rotate,5,E,F,A,B,C,D,E,F,A,B,C,D,E,F,A,B,C,D,E,F,0.5,draw
229,rotate0,6,F,F,F,F,F,F,F,F,F,F,F,F,F,F,F,F,F,F,F,F,0.5,draw
230,rotate0,1,A,A,A,A,A,A,A,A,A,A,A,A,A,A,A,A,A,A,A,A,0.5,draw
230,rotate0,2,B,B,B,B,B,B,B,B,B,B,B,B,B,B,B,B,B,B,B,B,0.55,draw
230,rotate,3,C,D,E,F,A,B,C,D,E,F,A,B,C,D,E,F,A,B,C,D,0.55,draw
230,rotate,4,D,E,F,A,B,C,D,E,F,A,B,C,D,E,F,A,B,C,D,E,0.5,draw
230,rotate0,5,E,E,E,E,E,E,E,E,E,E,E,E,E,E,E,E,E,E,E,E,0.5,draw
230,rotate,6,F,A,B,C,D,E,F,A,B,C,D,E,F,A,B,C,D,E,F,A,0.5,draw
231,rotate0,1,A,A,A,A,A,A,A,A,A,A,A,A,A,A,A,A,A,A,A,A,0.5,draw
231,rotate0,2,B,B,B,B,B,B,B,B,B,B,B,B,B,B,B,B,B,B,B,B,0.55,draw
231,rotate0,3,C,C,C,C,C,C,C,C,C,C,C,C,C,C,C,C,C,C,C,C,0.55,draw
231,rotate,4,D,E,F,A,B,C,D,E,F,A,B,C,D,E,F,A,B,C,D,E,0.55,draw
231,rotate,5,E,F,A,B,C,D,E,F,A,B,C,D,E,F,A,B,C,D,E,F,0.55,draw
231,rotate,6,F,A,B,C,D,E,F,A,B,C,D,E,F,A,B,C,D,E,F,A,0.5,draw
232,rotate0,1,A,A,A,A,A,A,A,A,A,A,A,A,A,A,A,A,A,A,A,A,0.55,draw
232,rotate,2,B,C,D,E,F,A,B,C,D,E,F,A,B,C,D,E,F,A,B,C,0.55,draw
232,rotate,3,C,D,E,F,A,B,C,D,E,F,A,B,C,D,E,F,A,B,C,D,0.5,draw
232,rotate0,4,D,D,D,D,D,D,D,D,D,D,D,D,D,D,D,D,D,D,D,D,0.5,draw
232,rotate,5,E,F,A,B,C,D,E,F,A,B,C,D,E,F,A,B,C,D,E,F,0.5,draw
232,rotate0,6,F,F,F,F,F,F,F,F,F,F,F,F,F,F,F,F,F,F,F,F,0.5,draw
233,rotate0,1,A,A,A,A,A,A,A,A,A,A,A,A,A,A,A,A,A,A,A,A,0.55,draw
233,rotate,2,B,C,D,E,F,A,B,C,D,E,F,A,B,C,D,E,F,A,B,C,0.55,draw
233,rotate,3,C,D,E,F,A,B,C,D,E,F,A,B,C,D,E,F,A,B,C,D,0.55,draw
233,rotate,4,D,E,F,A,B,C,D,E,F,A,B,C,D,E,F,A,B,C,D,E,0.5,draw
233,rotate0,5,E,E,E,E,E,E,E,E,E,E,E,E,E,E,E,E,E,E,E,E,0.5,draw
233,rotate0,6,F,F,F,F,F,F,F,F,F,F,F,F,F,F,F,F,F,F,F,F,0.55,draw
234,rotate0,1,A,A,A,A,A,A,A,A,A,A,A,A,A,A,A,A,A,A,A,A,0.5,draw
234,rotate,2,B,C,D,E,F,A,B,C,D,E,F,A,B,C,D,E,F,A,B,C,0.5,draw
234,rotate0,3,C,C,C,C,C,C,C,C,C,C,C,C,C,C,C,C,C,C,C,C,0.5,draw
234,rotate0,4,D,D,D,D,D,D,D,D,D,D,D,D,D,D,D,D,D,D,D,D,0.55,draw
234,rotate,5,E,F,A,B,C,D,E,F,A,B,C,D,E,F,A,B,C,D,E,F,0.55,draw
234,rotate,6,F,A,B,C,D,E,F,A,B,C,D,E,F,A,B,C,D,E,F,A,0.5,draw
235,rotate0,1,A,A,A,A,A,A,A,A,A,A,A,A,A,A,A,A,A,A,A,A,0.55,draw
235,rotate,2,B,C,D,E,F,A,B,C,D,E,F,A,B,C,D,E,F,A,B,C,0.5,draw
235,rotate0,3,C,C,C,C,C,C,C,C,C,C,C,C,C,C,C,C,C,C,C,C,0.5,draw
235,rotate,4,D,E,F,A,B,C,D,E,F,A,B,C,D,E,F,A,B,C,D,E,0.55,draw
235,rotate,5,E,F,A,B,C,D,E,F,A,B,C,D,E,F,A,B,C,D,E,F,0.5,draw
235,rotate0,6,F,F,F,F,F,F,F,F,F,F,F,F,F,F,F,F,F,F,F,F,0.5,draw
236,rotate,1,A,B,C,D,E,F,A,B,C,D,E,F,A,B,C,D,E,F,A,B,0.5,draw
236,rotate0,2,B,B,B,B,B,B,B,B,B,B,B,B,B,B,B,B,B,B,B,B,0.5,draw
236,rotate,3,C,D,E,F,A,B,C,D,E,F,A,B,C,D,E,F,A,B,C,D,0.5,draw
236,rotate0,4,D,D,D,D,D,D,D,D,D,D,D,D,D,D,D,D,D,D,D,D,0.5,draw
236,rotate0,5,E,E,E,E,E,E,E,E,E,E,E,E,E,E,E,E,E,E,E,E,0.55,draw
236,rotate,6,F,A,B,C,D,E,F,A,B,C,D,E,F,A,B,C,D,E,F,A,0.55,draw
237,rotate,1,A,B,C,D,E,F,A,B,C,D,E,F,A,B,C,D,E,F,A,B,0.55,draw
237,rotate,2,B,C,D,E,F,A,B,C,D,E,F,A,B,C,D,E,F,A,B,C,0.5,draw
237,rotate0,3,C,C,C,C,C,C,C,C,C,C,C,C,C,C,C,C,C,C,C,C,0.5,draw
237,rotate,4,D,E,F,A,B,C,D,E,F,A,B,C,D,E,F,A,B,C,D,E,0.5,draw
237,rotate0,5,E,E,E,E,E,E,E,E,E,E,E,E,E,E,E,E,E,E,E,E,0.5,draw
237,rotate0,6,F,F,F,F,F,F,F,F,F,F,F,F,F,F,F,F,F,F,F,F,0.55,draw
238,rotate,1,A,B,C,D,E,F,A,B,C,D,E,F,A,B,C,D,E,F,A,B,0.55,draw
238,rotate,2,B,C,D,E,F,A,B,C,D,E,F,A,B,C,D,E,F,A,B,C,0.5,draw
238,rotate0,3,C,C,C,C,C,C,C,C,C,C,C,C,C,C,C,C,C,C,C,C,0.5,draw
238,rotate0,4,D,D,D,D,D,D,D,D,D,D,D,D,D,D,D,D,D,D,D,D,0.55,draw
238,rotate0,5,E,E,E,E,E,E,E,E,E,E,E,E,E,E,E,E,E,E,E,E,0.55,draw
238,rotate,6,F,A,B,C,D,E,F,A,B,C,D,E,F,A,B,C,D,E,F,A,0.55,draw
239,rotate0,1,A,A,A,A,A,A,A,A,A,A,A,A,A,A,A,A,A,A,A,A,0.5,draw
239,rotate,2,B,C,D,E,F,A,B,C,D,E,F,A,B,C,D,E,F,A,B,C,0.5,draw
239,rotate0,3,C,C,C,C,C,C,C,C,C,C,C,C,C,C,C,C,C,C,C,C,0.5,draw
239,rotate,4,D,E,F,A,B,C,D,E,F,A,B,C,D,E,F,A,B,C,D,E,0.5,draw
239,rotate0,5,E,E,E,E,E,E,E,E,E,E,E,E,E,E,E,E,E,E,E,E,0.5,draw
239,rotate,6,F,A,B,C,D,E,F,A,B,C,D,E,F,A,B,C,D,E,F,A,0.5,draw
240,rotate,1,A,B,C,D,E,F,A,B,C,D,E,F,A,B,C,D,E,F,A,B,0.5,draw
240,rotate0,2,B,B,B,B,B,B,B,B,B,B,B,B,B,B,B,B,B,B,B,B,0.5,draw
240,rotate,3,C,D,E,F,A,B,C,D,E,F,A,B,C,D,E,F,A,B,C,D,0.5,draw
240,rotate0,4,D,D,D,D,D,D,D,D,D,D,D,D,D,D,D,D,D,D,D,D,0.5,draw
240,rotate,5,E,F,A,B,C,D,E,F,A,B,C,D,E,F,A,B,C,D,E,F,0.5,draw
240,rotate0,6,F,F,F,F,F,F,F,F,F,F,F,F,F,F,F,F,F,F,F,F,0.5,draw
241,random3,1,H,E,G,G,G,G,G,G,G,G,G,G,G,G,G,G,G,G,G,G,0.9,rotate0
241,rotate0,2,B,B,B,B,B,B,B,B,B,B,B,B,B,B,B,B,B,B,B,B,1.0,rotate0
241,rotate0,3,C,C,C,C,C,C,C,C,C,C,C,C,C,C,C,C,C,C,C,C,1.0,rotate0
241,random3,4,H,E,E,E,E,E,E,E,E,E,E,E,E,E,E,E,E,E,E,E,0.9,rotate0
241,random3,5,H,A,A,A,A,A,A,A,A,A,A,A,A,A,A,A,A,A,A,A,0.95,rotate0
241,rotate0,6,F,F,F,F,F,F,F,F,F,F,F,F,F,F,F,F,F,F,F,F,1.0,rotate0
242,random3,1,A,A,A,A,A,A,A,A,A,A,A,A,A,A,A,A,A,A,A,A,1.0,draw
242,rotate0,2,B,B,B,B,B,B,B,B,B,B,B,B,B,B,B,B,B,B,B,B,1.0,draw
242,random3,3,C,C,C,C,C,C,C,C,C,C,C,C,C,C,C,C,C,C,C,C,1.0,draw
242,rotate0,4,D,D,D,D,D,D,D,D,D,D,D,D,D,D,D,D,D,D,D,D,1.0,draw
242,random3,5,I,I,I,I,I,I,I,I,I,I,I,I,I,I,I,I,I,I,I,I,1.0,draw
242,rotate0,6,F,F,F,F,F,F,F,F,F,F,F,F,F,F,F,F,F,F,F,F,1.0,draw
243,rotate0,1,A,A,A,A,A,A,A,A,A,A,A,A,A,A,A,A,A,A,A,A,0.95,random3
243,rotate0,2,B,B,B,B,B,B,B,B,B,B,B,B,B,B,B,B,B,B,B,B,1.0,random3
243,random3,3,C,C,C,C,C,C,C,C,C,C,C,C,C,C,C,C,C,C,C,C,1.0,random3
243,random3,4,H,H,H,H,H,H,H,H,H,H,H,H,H,H,H,H,H,H,H,H,1.0,random3
243,rotate0,5,E,E,E,E,E,E,E,E,E,E,E,E,E,E,E,E,E,E,E,E,1.0,random3
243,random3,6,A,I,I,I,I,I,I,I,I,I,I,I,I,I,I,I,I,I,I,I,0.95,random3
244,random3,1,H,H,H,H,H,H,H,H,H,H,H,H,H,H,H,H,H,H,H,H,1.0,draw
244,rotate0,2,B,B,B,B,B,B,B,B,B,B,B,B,B,B,B,B,B,B,B,B,1.0,draw
244,rotate0,3,C,C,C,C,C,C,C,C,C,C,C,C,C,C,C,C,C,C,C,C,1.0,draw
244,rotate0,4,D,D,D,D,D,D,D,D,D,D,D,D,D,D,D,D,D,D,D,D,1.0,draw
244,random3,5,G,G,G,G,G,G,G,G,G,G,G,G,G,G,G,G,G,G,G,G,1.0,draw
244,random3,6,E,E,E,E,E,E,E,E,E,E,E,E,E,E,E,E,E,E,E,E,1.0,draw
245,rotate0,1,A,A,A,A,A,A,A,A,A,A,A,A,A,A,A,A,A,A,A,A,1.0,draw
245,random3,2,D,D,H,H,H,H,H,H,H,H,H,H,H,H,H,H,H,H,H,H,0.9,draw
245,random3,3,J,J,J,J,J,J,J,J,J,J,J,J,J,J,J,J,J,J,J,J,1.0,draw
245,rotate0,4,D,D,D,D,D,D,D,D,D,D,D,D,D,D,D,D,D,D,D,D,0.9,draw
245,random3,5,F,F,F,G,G,G,G,G,G,G,G,G,G,G,G,G,G,G,G,G,0.85,draw
245,rotate0,6,F,F,F,F,F,F,F,F,F,F,F,F,F,F,F,F,F,F,F,F,0.85,draw
246,random3,1,A,A,A,A,A,A,A,A,A,A,A,A,A,A,A,A,A,A,A,A,1.0,draw
246,rotate0,2,B,B,B,B,B,B,B,B,B,B,B,B,B,B,B,B,B,B,B,B,0.9,draw
246,random3,3,B,B,C,C,C,C,C,C,C,C,C,C,C,C,C,C,C,C,C,C,0.9,draw
246,rotate0,4,D,D,D,D,D,D,D,D,D,D,D,D,D,D,D,D,D,D,D,D,1.0,draw
246,rotate0,5,E,E,E,E,E,E,E,E,E,E,E,E,E,E,E,E,E,E,E,E,1.0,draw
246,random3,6,F,F,F,F,F,F,F,F,F,F,F,F,F,F,F,F,F,F,F,F,1.0,draw
247,random3,1,H,H,H,H,H,H,H,H,H,H,H,H,H,H,H,H,H,H,H,H,1.0,rotate0
247,random3,2,E,A,A,A,A,A,A,A,A,A,A,A,A,A,A,A,A,A,A,A,0.95,rotate0
247,rotate0,3,C,C,C,C,C,C,C,C,C,C,C,C,C,C,C,C,C,C,C,C,1.0,rotate0
247,rotate0,4,D,D,D,D,D,D,D,D,D,D,D,D,D,D,D,D,D,D,D,D,0.6,rotate0
247,rotate0,5,E,E,E,E,E,E,E,E,E,E,E,E,E,E,E,E,E,E,E,E,0.95,rotate0
247,random3,6,D,D,D,D,D,D,D,D,J,J,J,J,J,J,J,J,J,J,J,J,0.6,rotate0
248,rotate0,1,A,A,A,A,A,A,A,A,A,A,A,A,A,A,A,A,A,A,A,A,1.0,draw
248,rotate0,2,B,B,B,B,B,B,B,B,B,B,B,B,B,B,B,B,B,B,B,B,1.0,draw
248,random3,3,H,H,H,H,H,H,H,H,H,H,H,H,H,H,H,H,H,H,H,H,1.0,draw
248,random3,4,E,E,E,E,E,E,E,E,E,E,E,E,E,E,E,E,E,E,E,E,1.0,draw
248,random3,5,I,I,I,I,I,I,I,I,I,I,I,I,I,I,I,I,I,I,I,I,1.0,draw
248,rotate0,6,F,F,F,F,F,F,F,F,F,F,F,F,F,F,F,F,F,F,F,F,1.0,draw
249,rotate0,1,A,A,A,A,A,A,A,A,A,A,A,A,A,A,A,A,A,A,A,A,0.9,draw
249,random3,2,A,A,G,G,G,G,G,G,G,G,G,G,G,G,G,G,G,G,G,G,0.9,draw
249,random3,3,D,D,D,D,D,D,D,D,D,D,D,D,D,D,D,D,D,D,D,D,1.0,draw
249,random3,4,I,I,I,I,I,I,I,I,I,I,I,I,I,I,I,I,I,I,I,I,1.0,draw
249,rotate0,5,E,E,E,E,E,E,E,E,E,E,E,E,E,E,E,E,E,E,E,E,1.0,draw
249,rotate0,6,F,F,F,F,F,F,F,F,F,F,F,F,F,F,F,F,F,F,F,F,1.0,draw
250,random3,1,A,A,A,A,A,A,A,A,A,A,A,A,A,A,A,A,A,A,A,A,1.0,rotate0
250,rotate0,2,B,B,B,B,B,B,B,B,B,B,B,B,B,B,B,B,B,B,B,B,1.0,rotate0
250,rotate0,3,C,C,C,C,C,C,C,C,C,C,C,C,C,C,C,C,C,C,C,C,1.0,rotate0
250,random3,4,E,H,H,H,H,H,H,H,H,H,H,H,H,H,H,H,H,H,H,H,0.95,rotate0
250,rotate0,5,E,E,E,E,E,E,E,E,E,E,E,E,E,E,E,E,E,E,E,E,0.95,rotate0
250,random3,6,I,I,I,I,I,I,I,I,I,I,I,I,I,I,I,I,I,I,I,I,1.0,rotate0
251,random3,1,I,I,I,I,I,I,I,I,I,I,I,I,I,I,I,I,I,I,I,I,1.0,random3
251,random3,2,H,H,H,H,H,H,H,H,H,H,H,H,H,H,H,H,H,H,H,H,1.0,random3
251,rotate0,3,C,C,C,C,C,C,C,C,C,C,C,C,C,C,C,C,C,C,C,C,0.75,random3
251,rotate0,4,D,D,D,D,D,D,D,D,D,D,D,D,D,D,D,D,D,D,D,D,1.0,random3
251,random3,5,C,C,C,C,C,G,G,G,G,G,G,G,G,G,G,G,G,G,G,G,0.75,random3
251,rotate0,6,F,F,F,F,F,F,F,F,F,F,F,F,F,F,F,F,F,F,F,F,1.0,random3
252,rotate0,1,A,A,A,A,A,A,A,A,A,A,A,A,A,A,A,A,A,A,A,A,1.0,draw
252,rotate0,2,B,B,B,B,B,B,B,B,B,B,B,B,B,B,B,B,B,B,B,B,1.0,draw
252,random3,3,H,H,H,H,H,H,H,H,H,H,H,H,H,H,H,H,H,H,H,H,1.0,draw
252,rotate0,4,D,D,D,D,D,D,D,D,D,D,D,D,D,D,D,D,D,D,D,D,1.0,draw
252,random3,5,I,I,I,I,I,I,I,I,I,I,I,I,I,I,I,I,I,I,I,I,1.0,draw
252,random3,6,E,E,E,E,E,E,E,E,E,E,E,E,E,E,E,E,E,E,E,E,1.0,draw
253,rotate0,1,A,A,A,A,A,A,A,A,A,A,A,A,A,A,A,A,A,A,A,A,1.0,draw
253,random3,2,C,C,C,C,C,C,C,C,C,C,C,C,C,C,C,C,C,C,C,C,1.0,draw
253,random3,3,B,B,B,B,B,B,B,B,B,B,B,B,B,B,B,B,B,B,B,B,1.0,draw
253,rotate0,4,D,D,D,D,D,D,D,D,D,D,D,D,D,D,D,D,D,D,D,D,1.0,draw
253,rotate0,5,E,E,E,E,E,E,E,E,E,E,E,E,E,E,E,E,E,E,E,E,1.0,draw
253,random3,6,J,J,J,J,J,J,J,J,J,J,J,J,J,J,J,J,J,J,J,J,1.0,draw
254,random3,1,I,I,I,I,I,I,I,I,I,I,I,I,I,I,I,I,I,I,I,I,1.0,random3
254,random3,2,G,G,G,G,G,G,G,G,G,G,G,G,G,G,G,G,G,G,G,G,1.0,random3
254,random3,3,D,C,C,C,C,C,C,C,C,C,C,C,C,C,C,C,C,C,C,C,0.95,random3
254,rotate0,4,D,D,D,D,D,D,D,D,D,D,D,D,D,D,D,D,D,D,D,D,0.95,random3
254,rotate0,5,E,E,E,E,E,E,E,E,E,E,E,E,E,E,E,E,E,E,E,E,1.0,random3
254,rotate0,6,F,F,F,F,F,F,F,F,F,F,F,F,F,F,F,F,F,F,F,F,1.0,random3
255,rotate0,1,A,A,A,A,A,A,A,A,A,A,A,A,A,A,A,A,A,A,A,A,1.0,draw
255,rotate0,2,B,B,B,B,B,B,B,B,B,B,B,B,B,B,B,B,B,B,B,B,0.95,draw
255,rotate0,3,C,C,C,C,C,C,C,C,C,C,C,C,C,C,C,C,C,C,C,C,1.0,draw
255,random3,4,B,F,F,F,F,F,F,F,F,F,F,F,F,F,F,F,F,F,F,F,0.95,draw
255,random3,5,I,I,I,I,I,I,I,I,I,I,I,I,I,I,I,I,I,I,I,I,1.0,draw
255,random3,6,H,H,H,H,H,H,H,H,H,H,H,H,H,H,H,H,H,H,H,H,1.0,draw
256,rotate0,1,A,A,A,A,A,A,A,A,A,A,A,A,A,A,A,A,A,A,A,A,1.0,rotate0
256,random3,2,F,B,B,B,B,B,B,B,B,B,B,B,B,B,B,B,B,B,B,B,0.95,rotate0
256,rotate0,3,C,C,C,C,C,C,C,C,C,C,C,C,C,C,C,C,C,C,C,C,1.0,rotate0
256,random3,4,H,H,H,H,H,H,H,H,H,H,H,H,H,H,H,H,H,H,H,H,1.0,rotate0
256,random3,5,F,J,J,J,J,J,J,J,J,J,J,J,J,J,J,J,J,J,J,J,0.95,rotate0
256,rotate0,6,F,F,F,F,F,F,F,F,F,F,F,F,F,F,F,F,F,F,F,F,0.95,rotate0
257,random3,1,E,D,D,D,D,D,D,D,D,D,D,D,D,D,D,D,D,D,D,D,0.95,rotate0
257,rotate0,2,B,B,B,B,B,B,B,B,B,B,B,B,B,B,B,B,B,B,B,B,1.0,rotate0
257,random3,3,J,C,C,C,C,C,C,C,C,C,C,C,C,C,C,C,C,C,C,C,0.95,rotate0
257,random3,4,J,J,J,J,J,J,J,J,J,J,J,J,J,J,J,J,J,J,J,J,0.95,rotate0
257,rotate0,5,E,E,E,E,E,E,E,E,E,E,E,E,E,E,E,E,E,E,E,E,0.95,rotate0
257,rotate0,6,F,F,F,F,F,F,F,F,F,F,F,F,F,F,F,F,F,F,F,F,1.0,rotate0
258,rotate0,1,A,A,A,A,A,A,A,A,A,A,A,A,A,A,A,A,A,A,A,A,1.0,rotate0
258,random3,2,J,J,J,J,J,J,J,J,J,J,J,J,J,J,J,J,J,J,J,J,0.9,rotate0
258,rotate0,3,C,C,C,C,C,C,C,C,C,C,C,C,C,C,C,C,C,C,C,C,1.0,rotate0
258,rotate0,4,D,D,D,D,D,D,D,D,D,D,D,D,D,D,D,D,D,D,D,D,0.7,rotate0
258,random3,5,J,J,H,H,H,H,H,H,H,H,H,H,H,H,H,H,H,H,H,H,0.9,rotate0
258,random3,6,D,D,D,D,D,D,B,B,B,B,B,B,B,B,B,B,B,B,B,B,0.7,rotate0
259,random3,1,C,A,A,A,D,D,D,D,D,D,D,D,D,D,D,D,D,D,D,D,0.8,rotate0
259,random3,2,C,A,A,A,A,A,A,A,A,A,A,A,A,A,A,A,A,A,A,A,0.8,rotate0
259,rotate0,3,C,C,C,C,C,C,C,C,C,C,C,C,C,C,C,C,C,C,C,C,0.95,rotate0
259,random3,4,E,E,E,E,I,I,I,I,I,I,I,I,I,I,I,I,I,I,I,I,0.8,rotate0
259,rotate0,5,E,E,E,E,E,E,E,E,E,E,E,E,E,E,E,E,E,E,E,E,0.8,rotate0
259,rotate0,6,F,F,F,F,F,F,F,F,F,F,F,F,F,F,F,F,F,F,F,F,1.0,rotate0
260,rotate0,1,A,A,A,A,A,A,A,A,A,A,A,A,A,A,A,A,A,A,A,A,1.0,draw
260,random3,2,C,I,I,I,I,I,I,I,I,I,I,I,I,I,I,I,I,I,I,I,0.95,draw
260,rotate0,3,C,C,C,C,C,C,C,C,C,C,C,C,C,C,C,C,C,C,C,C,0.95,draw
260,random3,4,G,G,G,G,G,G,G,G,G,G,G,G,G,G,G,G,G,G,G,G,1.0,draw
260,rotate0,5,E,E,E,E,E,E,E,E,E,E,E,E,E,E,E,E,E,E,E,E,1.0,draw
260,random3,6,F,F,F,F,F,F,F,F,F,F,F,F,F,F,F,F,F,F,F,F,1.0,draw
261,radicaleq,1,A,G,H,I,G,H,I,G,H,I,G,H,I,G,H,I,G,H,I,G,1.0,draw
261,rotate0,2,B,B,B,B,B,B,B,B,B,B,B,B,B,B,B,B,B,B,B,B,1.0,draw
261,rotate0,3,C,C,C,C,C,C,C,C,C,C,C,C,C,C,C,C,C,C,C,C,1.0,draw
261,radicaleq,4,D,J,D,E,D,J,D,E,D,J,A,E,D,J,A,E,D,J,A,E,1.0,draw
261,radicaleq,5,E,A,J,A,E,A,J,A,E,D,J,A,E,D,J,A,E,D,J,D,1.0,draw
261,rotate0,6,F,F,F,F,F,F,F,F,F,F,F,F,F,F,F,F,F,F,F,F,1.0,draw
262,radicaleq,1,A,G,I,G,B,G,I,E,I,E,I,E,I,E,A,E,H,E,B,I,1.0,draw
262,radicaleq,2,B,H,J,I,J,B,J,G,J,H,J,H,J,B,I,G,A,J,H,E,1.0,draw
262,rotate0,3,C,C,C,C,C,C,C,C,C,C,C,C,C,C,C,C,C,C,C,C,1.0,draw
262,rotate0,4,D,D,D,D,D,D,D,D,D,D,D,D,D,D,D,D,D,D,D,D,1.0,draw
262,radicaleq,5,E,A,H,E,A,H,B,A,G,B,A,G,H,J,B,I,G,A,J,H,1.0,draw
262,rotate0,6,F,F,F,F,F,F,F,F,F,F,F,F,F,F,F,F,F,F,F,F,1.0,draw
263,rotate0,1,A,A,A,A,A,A,A,A,A,A,A,A,A,A,A,A,A,A,A,A,0.95,radicaleq
263,radicaleq,2,B,H,B,J,B,D,B,J,B,H,B,D,B,J,B,D,B,H,B,D,1.0,radicaleq
263,rotate0,3,C,C,C,C,C,C,C,C,C,C,C,C,C,C,C,C,C,C,C,C,1.0,radicaleq
263,radicaleq,4,D,J,D,I,H,E,H,E,D,I,J,I,H,E,H,I,J,E,J,I,1.0,radicaleq
263,radicaleq,5,E,A,I,H,E,J,I,D,I,J,E,H,E,D,I,J,E,D,I,H,0.95,radicaleq
263,rotate0,6,F,F,F,F,F,F,F,F,F,F,F,F,F,F,F,F,F,F,F,F,1.0,radicaleq
264,radicaleq,1,A,G,I,G,H,G,I,D,H,D,I,J,I,G,B,H,A,H,A,H,1.0,draw
264,radicaleq,2,B,H,A,I,J,H,J,I,J,H,D,B,J,A,G,D,I,J,B,G,1.0,draw
264,rotate0,3,C,C,C,C,C,C,C,C,C,C,C,C,C,C,C,C,C,C,C,C,1.0,draw
264,radicaleq,4,D,J,B,D,A,B,G,A,B,G,A,H,D,I,J,B,G,D,I,J,1.0,draw
264,rotate0,5,E,E,E,E,E,E,E,E,E,E,E,E,E,E,E,E,E,E,E,E,1.0,draw
264,rotate0,6,F,F,F,F,F,F,F,F,F,F,F,F,F,F,F,F,F,F,F,F,1.0,draw
265,rotate0,1,A,A,A,A,A,A,A,A,A,A,A,A,A,A,A,A,A,A,A,A,0.95,draw
265,rotate0,2,B,B,B,B,B,B,B,B,B,B,B,B,B,B,B,B,B,B,B,B,0.95,draw
265,radicaleq,3,C,I,I,F,F,I,E,F,J,E,F,J,E,C,I,E,J,F,C,I,1.0,draw
265,rotate0,4,D,D,D,D,D,D,D,D,D,D,D,D,D,D,D,D,D,D,D,D,1.0,draw
265,radicaleq,5,E,A,J,E,I,E,F,J,E,F,J,E,C,I,E,J,F,C,I,E,0.95,draw
265,radicaleq,6,F,B,C,J,C,J,C,I,C,I,C,I,F,J,F,C,I,E,J,F,0.95,draw
266,radicaleq,1,A,G,A,I,A,C,A,I,A,F,A,I,A,C,A,I,A,F,A,I,1.0,radicaleq
266,rotate0,2,B,B,B,B,B,B,B,B,B,B,B,B,B,B,B,B,B,B,B,B,0.95,radicaleq
266,radicaleq,3,C,I,G,F,G,F,G,F,G,C,G,C,G,F,G,F,G,C,G,C,1.0,radicaleq
266,rotate0,4,D,D,D,D,D,D,D,D,D,D,D,D,D,D,D,D,D,D,D,D,1.0,radicaleq
266,rotate0,5,E,E,E,E,E,E,E,E,E,E,E,E,E,E,E,E,E,E,E,E,1.0,radicaleq
266,radicaleq,6,F,B,J,C,J,I,J,C,J,I,J,F,J,I,J,C,J,I,J,F,0.95,radicaleq
267,rotate0,1,A,A,A,A,A,A,A,A,A,A,A,A,A,A,A,A,A,A,A,A,0.95,draw
267,radicaleq,2,B,H,J,J,I,H,E,H,I,J,E,J,I,H,E,H,I,J,E,H,1.0,draw
267,rotate0,3,C,C,C,C,C,C,C,C,C,C,C,C,C,C,C,C,C,C,C,C,1.0,draw
267,rotate0,4,D,D,D,D,D,D,D,D,D,D,D,D,D,D,D,D,D,D,D,D,1.0,draw
267,radicaleq,5,E,A,I,H,E,J,I,J,E,H,I,H,E,J,I,J,E,H,I,J,0.95,draw
267,radicaleq,6,F,B,F,B,F,B,F,B,F,B,F,B,F,B,F,B,F,B,F,B,1.0,draw
268,rotate0,1,A,A,A,A,A,A,A,A,A,A,A,A,A,A,A,A,A,A,A,A,0.95,draw
268,rotate0,2,B,B,B,B,B,B,B,B,B,B,B,B,B,B,B,B,B,B,B,B,0.95,draw
268,rotate0,3,C,C,C,C,C,C,C,C,C,C,C,C,C,C,C,C,C,C,C,C,1.0,draw
268,radicaleq,4,D,J,E,E,I,J,F,D,E,I,J,F,I,E,D,J,F,F,E,D,1.0,draw
268,radicaleq,5,E,A,I,J,F,D,E,I,J,F,D,E,D,J,F,I,E,D,J,I,0.95,draw
268,radicaleq,6,F,B,D,I,J,F,D,E,I,J,F,I,E,D,J,F,I,E,D,J,0.95,draw
269,radicaleq,1,A,G,H,J,H,J,H,J,H,J,I,J,I,J,I,J,I,E,I,E,1.0,draw
269,rotate0,2,B,B,B,B,B,B,B,B,B,B,B,B,B,B,B,B,B,B,B,B,1.0,draw
269,radicaleq,3,C,I,G,C,E,A,E,A,C,H,G,E,A,C,H,G,J,A,C,H,1.0,draw
269,rotate0,4,D,D,D,D,D,D,D,D,D,D,D,D,D,D,D,D,D,D,D,D,1.0,draw
269,radicaleq,5,E,A,I,G,C,I,G,E,A,C,H,G,E,A,C,H,G,J,A,G,1.0,draw
269,rotate0,6,F,F,F,F,F,F,F,F,F,F,F,F,F,F,F,F,F,F,F,F,1.0,draw
270,rotate0,1,A,A,A,A,A,A,A,A,A,A,A,A,A,A,A,A,A,A,A,A,0.95,radicaleq
270,radicaleq,2,B,H,B,I,B,C,B,C,B,E,B,C,B,E,B,C,B,I,B,C,1.0,radicaleq
270,radicaleq,3,C,I,H,E,H,E,H,E,H,I,H,I,H,I,H,I,H,E,H,E,1.0,radicaleq
270,rotate0,4,D,D,D,D,D,D,D,D,D,D,D,D,D,D,D,D,D,D,D,D,1.0,radicaleq
270,radicaleq,5,E,A,J,C,J,I,J,I,J,C,J,E,J,C,J,E,J,C,J,I,0.95,radicaleq
270,rotate0,6,F,F,F,F,F,F,F,F,F,F,F,F,F,F,F,F,F,F,F,F,1.0,radicaleq
271,radicaleq,1,A,G,I,A,I,J,I,J,I,J,H,J,G,J,A,H,I,G,I,A,1.0,draw
271,radicaleq,2,B,H,J,G,H,A,G,H,A,G,I,A,H,I,G,J,A,H,J,G,1.0,draw
271,rotate0,3,C,C,C,C,C,C,C,C,C,C,C,C,C,C,C,C,C,C,C,C,1.0,draw
271,rotate0,4,D,D,D,D,D,D,D,D,D,D,D,D,D,D,D,D,D,D,D,D,1.0,draw
271,rotate0,5,E,E,E,E,E,E,E,E,E,E,E,E,E,E,E,E,E,E,E,E,1.0,draw
271,radicaleq,6,F,B,F,B,F,B,F,B,F,B,F,B,F,B,F,B,F,B,F,B,1.0,draw
272,radicaleq,1,A,G,H,A,H,J,H,J,H,J,H,J,D,J,D,J,D,J,D,C,1.0,draw
272,rotate0,2,B,B,B,B,B,B,B,B,B,B,B,B,B,B,B,B,B,B,B,B,1.0,draw
272,radicaleq,3,C,I,G,I,A,I,D,G,C,A,I,H,G,C,A,I,H,G,J,A,1.0,draw
272,radicaleq,4,D,J,C,D,G,C,A,I,D,G,C,A,I,H,G,C,A,I,H,G,1.0,draw
272,rotate0,5,E,E,E,E,E,E,E,E,E,E,E,E,E,E,E,E,E,E,E,E,1.0,draw
272,rotate0,6,F,F,F,F,F,F,F,F,F,F,F,F,F,F,F,F,F,F,F,F,1.0,draw
273,rotate0,1,A,A,A,A,A,A,A,A,A,A,A,A,A,A,A,A,A,A,A,A,1.0,radicaleq
273,rotate0,2,B,B,B,B,B,B,B,B,B,B,B,B,B,B,B,B,B,B,B,B,0.95,radicaleq
273,radicaleq,3,C,I,I,F,D,H,I,J,C,F,D,H,I,J,C,F,D,H,I,J,1.0,radicaleq
273,radicaleq,4,D,J,D,H,C,J,C,F,D,H,I,J,C,F,D,H,I,J,H,F,1.0,radicaleq
273,rotate0,5,E,E,E,E,E,E,E,E,E,E,E,E,E,E,E,E,E,E,E,E,1.0,radicaleq
273,radicaleq,6,F,B,H,C,J,I,F,D,H,I,J,C,F,D,H,I,J,C,F,D,0.95,radicaleq
274,rotate0,1,A,A,A,A,A,A,A,A,A,A,A,A,A,A,A,A,A,A,A,A,0.95,radicaleq
274,rotate0,2,B,B,B,B,B,B,B,B,B,B,B,B,B,B,B,B,B,B,B,B,1.0,radicaleq
274,radicaleq,3,C,I,I,E,C,H,I,E,C,H,I,E,C,H,I,E,C,H,I,J,1.0,radicaleq
274,radicaleq,4,D,J,D,H,D,J,D,J,D,J,D,J,D,J,D,J,D,J,D,E,1.0,radicaleq
274,radicaleq,5,E,A,H,C,J,I,E,C,H,I,E,C,H,I,E,C,H,I,E,C,0.95,radicaleq
274,rotate0,6,F,F,F,F,F,F,F,F,F,F,F,F,F,F,F,F,F,F,F,F,1.0,radicaleq
275,radicaleq,1,A,G,J,J,C,A,G,A,B,I,G,I,G,B,G,I,C,I,C,I,1.0,draw
275,radicaleq,2,B,H,A,B,I,B,H,G,H,A,J,C,I,H,A,J,G,B,H,A,1.0,draw
275,radicaleq,3,C,I,G,H,J,C,I,J,C,B,H,A,J,C,B,H,A,J,G,B,1.0,draw
275,rotate0,4,D,D,D,D,D,D,D,D,D,D,D,D,D,D,D,D,D,D,D,D,1.0,draw
275,rotate0,5,E,E,E,E,E,E,E,E,E,E,E,E,E,E,E,E,E,E,E,E,1.0,draw
275,rotate0,6,F,F,F,F,F,F,F,F,F,F,F,F,F,F,F,F,F,F,F,F,1.0,draw
276,rotate0,1,A,A,A,A,A,A,A,A,A,A,A,A,A,A,A,A,A,A,A,A,1.0,draw
276,radicaleq,2,B,H,J,J,I,H,C,J,I,H,C,J,C,H,I,J,C,H,I,J,1.0,draw
276,radicaleq,3,C,I,H,C,J,I,H,C,J,I,H,I,J,C,H,I,J,C,H,I,1.0,draw
276,rotate0,4,D,D,D,D,D,D,D,D,D,D,D,D,D,D,D,D,D,D,D,D,1.0,draw
276,rotate0,5,E,E,E,E,E,E,E,E,E,E,E,E,E,E,E,E,E,E,E,E,1.0,draw
276,radicaleq,6,F,B,F,B,F,B,F,B,F,B,F,B,F,B,F,B,F,B,F,B,1.0,draw
277,radicaleq,1,A,G,A,J,A,D,A,G,A,J,A,D,A,J,A,G,A,D,A,J,1.0,radicaleq
277,rotate0,2,B,B,B,B,B,B,B,B,B,B,B,B,B,B,B,B,B,B,B,B,0.95,radicaleq
277,rotate0,3,C,C,C,C,C,C,C,C,C,C,C,C,C,C,C,C,C,C,C,C,1.0,radicaleq
277,radicaleq,4,D,J,D,I,G,F,J,I,D,F,G,F,G,I,D,F,J,I,G,F,1.0,radicaleq
277,rotate0,5,E,E,E,E,E,E,E,E,E,E,E,E,E,E,E,E,E,E,E,E,1.0,radicaleq
277,radicaleq,6,F,B,I,G,F,J,I,D,F,G,I,J,I,D,F,J,I,G,F,D,0.95,radicaleq
278,rotate0,1,A,A,A,A,A,A,A,A,A,A,A,A,A,A,A,A,A,A,A,A,1.0,draw
278,radicaleq,2,B,H,B,I,B,C,B,C,B,I,B,I,B,H,B,H,B,C,B,I,1.0,draw
278,radicaleq,3,C,I,H,D,H,D,H,D,C,D,C,D,I,D,I,D,H,D,H,D,1.0,draw
278,radicaleq,4,D,J,C,J,I,J,I,J,H,J,H,J,C,J,C,J,I,J,C,J,1.0,draw
278,rotate0,5,E,E,E,E,E,E,E,E,E,E,E,E,E,E,E,E,E,E,E,E,1.0,draw
278,rotate0,6,F,F,F,F,F,F,F,F,F,F,F,F,F,F,F,F,F,F,F,F,1.0,draw
279,rotate0,1,A,A,A,A,A,A,A,A,A,A,A,A,A,A,A,A,A,A,A,A,1.0,draw
279,radicaleq,2,B,H,I,H,I,H,I,H,I,H,I,H,I,H,I,H,I,H,I,H,1.0,draw
279,rotate0,3,C,C,C,C,C,C,C,C,C,C,C,C,C,C,C,C,C,C,C,C,1.0,draw
279,radicaleq,4,D,J,D,J,B,J,B,J,B,J,B,J,B,J,B,J,B,J,B,J,1.0,draw
279,rotate0,5,E,E,E,E,E,E,E,E,E,E,E,E,E,E,E,E,E,E,E,E,1.0,draw
279,radicaleq,6,F,B,F,D,F,D,F,D,F,D,F,D,F,D,F,D,F,D,F,D,1.0,draw
280,radicaleq,1,A,G,J,J,I,G,E,J,I,G,E,J,I,G,E,J,I,G,E,J,1.0,radicaleq
280,rotate0,2,B,B,B,B,B,B,B,B,B,B,B,B,B,B,B,B,B,B,B,B,0.95,radicaleq
280,rotate0,3,C,C,C,C,C,C,C,C,C,C,C,C,C,C,C,C,C,C,C,C,1.0,radicaleq
280,rotate0,4,D,D,D,D,D,D,D,D,D,D,D,D,D,D,D,D,D,D,D,D,1.0,radicaleq
280,radicaleq,5,E,A,F,A,F,A,F,A,F,A,F,A,F,A,F,A,F,A,F,A,1.0,radicaleq
280,radicaleq,6,F,B,I,G,E,J,I,G,E,J,I,G,E,J,I,G,E,J,I,G,0.95,radicaleq
281,rotate0,1,A,A,A,A,A,A,A,A,A,A,A,A,A,A,A,A,A,A,A,A,1.0,draw
281,rotate0,2,B,B,B,B,B,B,B,B,B,B,B,B,B,B,B,B,B,B,B,B,1.0,draw
281,rotate0,3,C,C,C,C,C,C,C,C,C,C,C,C,C,C,C,C,C,C,C,C,1.0,draw
281,rotate0,4,D,D,D,D,D,D,D,D,D,D,D,D,D,D,D,D,D,D,D,D,1.0,draw
281,rotate0,5,E,E,E,E,E,E,E,E,E,E,E,E,E,E,E,E,E,E,E,E,1.0,draw
281,rotate0,6,F,F,F,F,F,F,F,F,F,F,F,F,F,F,F,F,F,F,F,F,1.0,draw
282,rotate0,1,A,A,A,A,A,A,A,A,A,A,A,A,A,A,A,A,A,A,A,A,1.0,draw
282,rotate0,2,B,B,B,B,B,B,B,B,B,B,B,B,B,B,B,B,B,B,B,B,1.0,draw
282,rotate0,3,C,C,C,C,C,C,C,C,C,C,C,C,C,C,C,C,C,C,C,C,1.0,draw
282,rotate0,4,D,D,D,D,D,D,D,D,D,D,D,D,D,D,D,D,D,D,D,D,1.0,draw
282,rotate0,5,E,E,E,E,E,E,E,E,E,E,E,E,E,E,E,E,E,E,E,E,1.0,draw
282,rotate0,6,F,F,F,F,F,F,F,F,F,F,F,F,F,F,F,F,F,F,F,F,1.0,draw
283,rotate0,1,A,A,A,A,A,A,A,A,A,A,A,A,A,A,A,A,A,A,A,A,1.0,draw
283,rotate0,2,B,B,B,B,B,B,B,B,B,B,B,B,B,B,B,B,B,B,B,B,1.0,draw
283,rotate0,3,C,C,C,C,C,C,C,C,C,C,C,C,C,C,C,C,C,C,C,C,1.0,draw
283,rotate0,4,D,D,D,D,D,D,D,D,D,D,D,D,D,D,D,D,D,D,D,D,1.0,draw
283,rotate0,5,E,E,E,E,E,E,E,E,E,E,E,E,E,E,E,E,E,E,E,E,1.0,draw
283,rotate0,6,F,F,F,F,F,F,F,F,F,F,F,F,F,F,F,F,F,F,F,F,1.0,draw
284,rotate0,1,A,A,A,A,A,A,A,A,A,A,A,A,A,A,A,A,A,A,A,A,1.0,draw
284,rotate0,2,B,B,B,B,B,B,B,B,B,B,B,B,B,B,B,B,B,B,B,B,1.0,draw
284,rotate0,3,C,C,C,C,C,C,C,C,C,C,C,C,C,C,C,C,C,C,C,C,1.0,draw
284,rotate0,4,D,D,D,D,D,D,D,D,D,D,D,D,D,D,D,D,D,D,D,D,1.0,draw
284,rotate0,5,E,E,E,E,E,E,E,E,E,E,E,E,E,E,E,E,E,E,E,E,1.0,draw
284,rotate0,6,F,F,F,F,F,F,F,F,F,F,F,F,F,F,F,F,F,F,F,F,1.0,draw
285,rotate0,1,A,A,A,A,A,A,A,A,A,A,A,A,A,A,A,A,A,A,A,A,1.0,draw
285,rotate0,2,B,B,B,B,B,B,B,B,B,B,B,B,B,B,B,B,B,B,B,B,1.0,draw
285,rotate0,3,C,C,C,C,C,C,C,C,C,C,C,C,C,C,C,C,C,C,C,C,1.0,draw
285,rotate0,4,D,D,D,D,D,D,D,D,D,D,D,D,D,D,D,D,D,D,D,D,1.0,draw
285,rotate0,5,E,E,E,E,E,E,E,E,E,E,E,E,E,E,E,E,E,E,E,E,1.0,draw
285,rotate0,6,F,F,F,F,F,F,F,F,F,F,F,F,F,F,F,F,F,F,F,F,1.0,draw
286,rotate0,1,A,A,A,A,A,A,A,A,A,A,A,A,A,A,A,A,A,A,A,A,1.0,draw
286,rotate0,2,B,B,B,B,B,B,B,B,B,B,B,B,B,B,B,B,B,B,B,B,1.0,draw
286,rotate0,3,C,C,C,C,C,C,C,C,C,C,C,C,C,C,C,C,C,C,C,C,1.0,draw
286,rotate0,4,D,D,D,D,D,D,D,D,D,D,D,D,D,D,D,D,D,D,D,D,1.0,draw
286,rotate0,5,E,E,E,E,E,E,E,E,E,E,E,E,E,E,E,E,E,E,E,E,1.0,draw
286,rotate0,6,F,F,F,F,F,F,F,F,F,F,F,F,F,F,F,F,F,F,F,F,1.0,draw
287,rotate0,1,A,A,A,A,A,A,A,A,A,A,A,A,A,A,A,A,A,A,A,A,1.0,draw
287,rotate0,2,B,B,B,B,B,B,B,B,B,B,B,B,B,B,B,B,B,B,B,B,1.0,draw
287,rotate0,3,C,C,C,C,C,C,C,C,C,C,C,C,C,C,C,C,C,C,C,C,1.0,draw
287,rotate0,4,D,D,D,D,D,D,D,D,D,D,D,D,D,D,D,D,D,D,D,D,1.0,draw
287,rotate0,5,E,E,E,E,E,E,E,E,E,E,E,E,E,E,E,E,E,E,E,E,1.0,draw
287,rotate0,6,F,F,F,F,F,F,F,F,F,F,F,F,F,F,F,F,F,F,F,F,1.0,draw
288,rotate0,1,A,A,A,A,A,A,A,A,A,A,A,A,A,A,A,A,A,A,A,A,1.0,draw
288,rotate0,2,B,B,B,B,B,B,B,B,B,B,B,B,B,B,B,B,B,B,B,B,1.0,draw
288,rotate0,3,C,C,C,C,C,C,C,C,C,C,C,C,C,C,C,C,C,C,C,C,1.0,draw
288,rotate0,4,D,D,D,D,D,D,D,D,D,D,D,D,D,D,D,D,D,D,D,D,1.0,draw
288,rotate0,5,E,E,E,E,E,E,E,E,E,E,E,E,E,E,E,E,E,E,E,E,1.0,draw
288,rotate0,6,F,F,F,F,F,F,F,F,F,F,F,F,F,F,F,F,F,F,F,F,1.0,draw
289,rotate0,1,A,A,A,A,A,A,A,A,A,A,A,A,A,A,A,A,A,A,A,A,1.0,draw
289,rotate0,2,B,B,B,B,B,B,B,B,B,B,B,B,B,B,B,B,B,B,B,B,1.0,draw
289,rotate0,3,C,C,C,C,C,C,C,C,C,C,C,C,C,C,C,C,C,C,C,C,1.0,draw
289,rotate0,4,D,D,D,D,D,D,D,D,D,D,D,D,D,D,D,D,D,D,D,D,1.0,draw
289,rotate0,5,E,E,E,E,E,E,E,E,E,E,E,E,E,E,E,E,E,E,E,E,1.0,draw
289,rotate0,6,F,F,F,F,F,F,F,F,F,F,F,F,F,F,F,F,F,F,F,F,1.0,draw
290,rotate0,1,A,A,A,A,A,A,A,A,A,A,A,A,A,A,A,A,A,A,A,A,1.0,draw
290,rotate0,2,B,B,B,B,B,B,B,B,B,B,B,B,B,B,B,B,B,B,B,B,1.0,draw
290,rotate0,3,C,C,C,C,C,C,C,C,C,C,C,C,C,C,C,C,C,C,C,C,1.0,draw
290,rotate0,4,D,D,D,D,D,D,D,D,D,D,D,D,D,D,D,D,D,D,D,D,1.0,draw
290,rotate0,5,E,E,E,E,E,E,E,E,E,E,E,E,E,E,E,E,E,E,E,E,1.0,draw
290,rotate0,6,F,F,F,F,F,F,F,F,F,F,F,F,F,F,F,F,F,F,F,F,1.0,draw
291,rotate0,1,A,A,A,A,A,A,A,A,A,A,A,A,A,A,A,A,A,A,A,A,1.0,draw
291,rotate0,2,B,B,B,B,B,B,B,B,B,B,B,B,B,B,B,B,B,B,B,B,1.0,draw
291,rotate0,3,C,C,C,C,C,C,C,C,C,C,C,C,C,C,C,C,C,C,C,C,1.0,draw
291,rotate0,4,D,D,D,D,D,D,D,D,D,D,D,D,D,D,D,D,D,D,D,D,1.0,draw
291,rotate0,5,E,E,E,E,E,E,E,E,E,E,E,E,E,E,E,E,E,E,E,E,1.0,draw
291,rotate0,6,F,F,F,F,F,F,F,F,F,F,F,F,F,F,F,F,F,F,F,F,1.0,draw
292,rotate0,1,A,A,A,A,A,A,A,A,A,A,A,A,A,A,A,A,A,A,A,A,1.0,draw
292,rotate0,2,B,B,B,B,B,B,B,B,B,B,B,B,B,B,B,B,B,B,B,B,1.0,draw
292,rotate0,3,C,C,C,C,C,C,C,C,C,C,C,C,C,C,C,C,C,C,C,C,1.0,draw
292,rotate0,4,D,D,D,D,D,D,D,D,D,D,D,D,D,D,D,D,D,D,D,D,1.0,draw
292,rotate0,5,E,E,E,E,E,E,E,E,E,E,E,E,E,E,E,E,E,E,E,E,1.0,draw
292,rotate0,6,F,F,F,F,F,F,F,F,F,F,F,F,F,F,F,F,F,F,F,F,1.0,draw
293,rotate0,1,A,A,A,A,A,A,A,A,A,A,A,A,A,A,A,A,A,A,A,A,1.0,draw
293,rotate0,2,B,B,B,B,B,B,B,B,B,B,B,B,B,B,B,B,B,B,B,B,1.0,draw
293,rotate0,3,C,C,C,C,C,C,C,C,C,C,C,C,C,C,C,C,C,C,C,C,1.0,draw
293,rotate0,4,D,D,D,D,D,D,D,D,D,D,D,D,D,D,D,D,D,D,D,D,1.0,draw
293,rotate0,5,E,E,E,E,E,E,E,E,E,E,E,E,E,E,E,E,E,E,E,E,1.0,draw
293,rotate0,6,F,F,F,F,F,F,F,F,F,F,F,F,F,F,F,F,F,F,F,F,1.0,draw
294,rotate0,1,A,A,A,A,A,A,A,A,A,A,A,A,A,A,A,A,A,A,A,A,1.0,draw
294,rotate0,2,B,B,B,B,B,B,B,B,B,B,B,B,B,B,B,B,B,B,B,B,1.0,draw
294,rotate0,3,C,C,C,C,C,C,C,C,C,C,C,C,C,C,C,C,C,C,C,C,1.0,draw
294,rotate0,4,D,D,D,D,D,D,D,D,D,D,D,D,D,D,D,D,D,D,D,D,1.0,draw
294,rotate0,5,E,E,E,E,E,E,E,E,E,E,E,E,E,E,E,E,E,E,E,E,1.0,draw
294,rotate0,6,F,F,F,F,F,F,F,F,F,F,F,F,F,F,F,F,F,F,F,F,1.0,draw
295,rotate0,1,A,A,A,A,A,A,A,A,A,A,A,A,A,A,A,A,A,A,A,A,1.0,draw
295,rotate0,2,B,B,B,B,B,B,B,B,B,B,B,B,B,B,B,B,B,B,B,B,1.0,draw
295,rotate0,3,C,C,C,C,C,C,C,C,C,C,C,C,C,C,C,C,C,C,C,C,1.0,draw
295,rotate0,4,D,D,D,D,D,D,D,D,D,D,D,D,D,D,D,D,D,D,D,D,1.0,draw
295,rotate0,5,E,E,E,E,E,E,E,E,E,E,E,E,E,E,E,E,E,E,E,E,1.0,draw
295,rotate0,6,F,F,F,F,F,F,F,F,F,F,F,F,F,F,F,F,F,F,F,F,1.0,draw
296,rotate0,1,A,A,A,A,A,A,A,A,A,A,A,A,A,A,A,A,A,A,A,A,1.0,draw
296,rotate0,2,B,B,B,B,B,B,B,B,B,B,B,B,B,B,B,B,B,B,B,B,1.0,draw
296,rotate0,3,C,C,C,C,C,C,C,C,C,C,C,C,C,C,C,C,C,C,C,C,1.0,draw
296,rotate0,4,D,D,D,D,D,D,D,D,D,D,D,D,D,D,D,D,D,D,D,D,1.0,draw
296,rotate0,5,E,E,E,E,E,E,E,E,E,E,E,E,E,E,E,E,E,E,E,E,1.0,draw
296,rotate0,6,F,F,F,F,F,F,F,F,F,F,F,F,F,F,F,F,F,F,F,F,1.0,draw
297,rotate0,1,A,A,A,A,A,A,A,A,A,A,A,A,A,A,A,A,A,A,A,A,1.0,draw
297,rotate0,2,B,B,B,B,B,B,B,B,B,B,B,B,B,B,B,B,B,B,B,B,1.0,draw
297,rotate0,3,C,C,C,C,C,C,C,C,C,C,C,C,C,C,C,C,C,C,C,C,1.0,draw
297,rotate0,4,D,D,D,D,D,D,D,D,D,D,D,D,D,D,D,D,D,D,D,D,1.0,draw
297,rotate0,5,E,E,E,E,E,E,E,E,E,E,E,E,E,E,E,E,E,E,E,E,1.0,draw
297,rotate0,6,F,F,F,F,F,F,F,F,F,F,F,F,F,F,F,F,F,F,F,F,1.0,draw
298,rotate0,1,A,A,A,A,A,A,A,A,A,A,A,A,A,A,A,A,A,A,A,A,1.0,draw
298,rotate0,2,B,B,B,B,B,B,B,B,B,B,B,B,B,B,B,B,B,B,B,B,1.0,draw
298,rotate0,3,C,C,C,C,C,C,C,C,C,C,C,C,C,C,C,C,C,C,C,C,1.0,draw
298,rotate0,4,D,D,D,D,D,D,D,D,D,D,D,D,D,D,D,D,D,D,D,D,1.0,draw
298,rotate0,5,E,E,E,E,E,E,E,E,E,E,E,E,E,E,E,E,E,E,E,E,1.0,draw
298,rotate0,6,F,F,F,F,F,F,F,F,F,F,F,F,F,F,F,F,F,F,F,F,1.0,draw
299,rotate0,1,A,A,A,A,A,A,A,A,A,A,A,A,A,A,A,A,A,A,A,A,1.0,draw
299,rotate0,2,B,B,B,B,B,B,B,B,B,B,B,B,B,B,B,B,B,B,B,B,1.0,draw
299,rotate0,3,C,C,C,C,C,C,C,C,C,C,C,C,C,C,C,C,C,C,C,C,1.0,draw
299,rotate0,4,D,D,D,D,D,D,D,D,D,D,D,D,D,D,D,D,D,D,D,D,1.0,draw
299,rotate0,5,E,E,E,E,E,E,E,E,E,E,E,E,E,E,E,E,E,E,E,E,1.0,draw
299,rotate0,6,F,F,F,F,F,F,F,F,F,F,F,F,F,F,F,F,F,F,F,F,1.0,draw
300,rotate0,1,A,A,A,A,A,A,A,A,A,A,A,A,A,A,A,A,A,A,A,A,1.0,draw
300,rotate0,2,B,B,B,B,B,B,B,B,B,B,B,B,B,B,B,B,B,B,B,B,1.0,draw
300,rotate0,3,C,C,C,C,C,C,C,C,C,C,C,C,C,C,C,C,C,C,C,C,1.0,draw
300,rotate0,4,D,D,D,D,D,D,D,D,D,D,D,D,D,D,D,D,D,D,D,D,1.0,draw
300,rotate0,5,E,E,E,E,E,E,E,E,E,E,E,E,E,E,E,E,E,E,E,E,1.0,draw
300,rotate0,6,F,F,F,F,F,F,F,F,F,F,F,F,F,F,F,F,F,F,F,F,1.0,draw
301,random,1,skip,A,H,E,C,D,skip,skip,E,J,I,J,E,E,A,C,A,A,skip,H,0.35,caste
301,caste,2,B,A,C,E,D,I,H,F,H,G,C,F,C,F,D,H,I,I,C,D,0.75,caste
301,caste,3,C,E,H,D,I,B,G,I,E,H,G,E,D,B,F,B,G,F,H,F,0.8,caste
301,caste,4,D,F,J,F,H,F,E,B,G,B,D,B,H,G,A,G,B,H,G,I,0.9,caste
301,random,5,I,G,J,G,A,J,D,I,C,J,I,J,C,C,E,F,A,B,J,J,0.55,caste
301,random,6,skip,A,B,C,A,J,skip,F,J,I,A,E,J,H,D,J,D,skip,B,B,0.55,caste
302,caste,1,A,C,B,B,A,H,A,G,F,F,F,B,E,B,C,A,J,C,J,C,0.7,caste
302,random,2,B,G,I,skip,skip,J,A,G,H,B,E,C,H,D,C,G,I,B,skip,A,0.55,caste
302,random,3,I,skip,J,skip,C,skip,A,skip,A,I,D,A,E,H,skip,B,B,skip,H,H,0.5,caste
302,caste,4,D,H,E,H,E,G,F,H,E,J,G,I,H,D,F,J,D,H,I,G,0.7,caste
302,random,5,G,C,D,C,D,C,J,H,E,C,F,G,skip,skip,F,F,E,H,A,H,0.5,caste
302,caste,6,F,J,A,F,I,E,B,I,D,B,D,J,I,J,G,I,E,A,G,D,0.85,caste
303,caste,1,A,C,I,I,E,J,G,G,F,A,D,C,D,G,G,E,D,A,E,A,0.9,caste
303,caste,2,B,H,A,H,J,A,J,C,J,I,I,H,C,F,D,G,E,D,G,E,0.7,caste
303,random,3,G,skip,F,B,B,skip,B,B,E,F,E,A,skip,C,I,C,G,H,C,F,0.5,caste
303,random,4,D,skip,B,B,C,I,E,C,B,A,skip,J,C,A,C,C,J,I,H,F,0.55,caste
303,caste,5,E,J,C,D,I,H,D,H,D,G,H,G,F,D,I,H,A,H,F,D,0.9,caste
303,random,6,F,G,F,skip,E,A,E,B,J,J,I,B,H,F,J,F,skip,J,J,skip,0.45,caste
304,caste,1,A,E,I,E,J,J,J,F,F,D,E,E,H,E,D,D,G,A,G,F,0.95,caste
304,caste,2,B,G,A,D,I,F,I,J,H,F,C,C,D,F,A,B,J,I,J,H,0.6,caste
304,random,3,H,H,C,C,E,C,B,B,A,I,I,J,J,skip,A,D,C,skip,J,C,0.65,caste
304,caste,4,D,F,J,I,E,H,A,G,C,J,D,A,G,H,E,H,E,H,E,I,0.75,caste
304,random,5,C,F,B,G,E,H,skip,A,G,H,skip,B,G,F,I,C,B,D,C,E,0.6,caste
304,random,6,B,G,A,B,D,D,I,B,G,J,F,I,C,C,F,B,skip,B,A,A,0.55,caste
305,random,1,C,F,D,I,D,E,F,E,D,skip,H,C,C,E,J,A,E,G,C,A,0.55,caste
305,random,2,F,G,G,skip,D,I,J,I,C,I,D,H,F,D,B,G,B,A,C,C,0.55,caste
305,caste,3,C,G,A,J,A,B,C,H,H,F,A,F,J,G,A,I,F,H,F,J,0.7,caste
305,caste,4,D,A,H,H,F,I,F,B,D,B,G,B,G,D,B,E,C,J,C,D,0.65,caste
305,caste,5,E,B,J,B,C,H,G,E,A,J,E,J,B,I,J,F,D,A,D,I,0.75,caste
305,random,6,skip,I,E,skip,A,J,G,C,H,I,E,A,C,G,H,E,I,H,B,E,0.45,caste
306,random,1,E,C,H,B,E,D,D,A,skip,C,B,C,G,F,D,B,skip,J,I,J,0.4,caste
306,caste,2,B,D,J,A,J,I,A,G,J,F,I,A,E,B,E,B,H,H,D,F,0.6,caste
306,caste,3,C,A,G,J,A,H,B,I,B,G,B,G,J,A,C,H,J,D,F,G,0.8,caste
306,random,4,B,D,I,G,E,J,skip,A,I,F,I,H,G,A,A,G,J,J,skip,E,0.25,caste
306,caste,5,E,F,I,F,D,F,H,F,E,C,E,H,G,J,D,C,F,E,A,E,0.6,caste
306,random,6,H,skip,G,C,C,D,H,skip,J,D,F,I,I,I,E,B,C,H,C,skip,0.5,caste
307,random,1,E,G,E,A,F,B,F,E,E,D,J,J,A,H,A,G,J,A,I,skip,0.55,caste
307,caste,2,B,A,H,B,J,H,E,I,A,D,F,A,B,I,G,F,I,F,I,G,0.85,caste
307,caste,3,C,D,I,A,C,I,H,D,F,A,G,F,G,B,I,B,C,B,F,A,0.8,caste
307,random,4,C,G,G,A,D,G,H,J,H,E,C,J,E,C,D,J,C,J,B,C,0.55,caste
307,random,5,F,E,H,I,B,J,J,C,H,skip,skip,H,F,J,D,D,C,J,H,skip,0.45,caste
307,caste,6,F,G,J,D,B,J,C,E,I,B,I,D,C,D,A,G,E,H,E,F,0.65,caste
308,random,1,D,I,B,B,D,D,C,E,J,A,B,C,C,D,B,F,J,D,F,I,0.75,caste
308,random,2,F,B,D,H,F,skip,A,H,A,I,G,G,H,H,G,J,C,F,B,D,0.55,caste
308,random,3,B,H,I,D,D,E,H,J,A,H,H,D,I,skip,A,D,E,A,skip,I,0.55,caste
308,caste,4,D,C,C,J,J,J,G,J,I,H,C,E,A,F,C,I,C,G,B,H,0.75,caste
308,caste,5,E,A,I,E,G,E,F,B,F,B,F,I,B,E,B,E,A,F,H,E,0.8,caste
308,caste,6,F,G,A,H,C,A,I,G,C,G,E,J,F,J,G,J,I,D,I,G,0.75,caste
309,random,1,A,B,H,E,F,C,F,A,F,E,G,I,J,G,H,D,G,skip,C,J,0.55,caste
309,caste,2,B,G,D,D,F,J,G,I,D,D,A,F,C,B,D,D,E,J,I,J,0.8,caste
309,random,3,I,B,G,J,skip,J,C,J,B,I,H,A,H,E,J,A,skip,E,H,A,0.5,caste
309,random,4,C,B,skip,E,C,F,C,B,H,skip,J,skip,A,C,B,H,A,skip,B,E,0.6,caste
309,caste,5,E,H,A,I,D,H,D,H,G,I,G,B,E,G,I,A,F,C,D,F,0.8,caste
309,caste,6,F,J,G,C,A,I,E,A,E,J,H,D,F,C,F,I,B,E,G,I,0.75,caste
310,caste,1,A,B,H,H,H,I,A,F,I,I,B,I,C,H,E,B,I,E,F,G,0.8,caste
310,random,2,skip,J,C,I,G,G,C,J,E,A,H,F,C,C,E,C,I,E,B,A,0.5,caste
310,caste,3,C,D,A,F,A,F,I,E,F,H,J,B,D,B,D,A,B,F,B,E,0.75,caste
310,random,4,G,D,B,E,J,B,B,E,F,C,G,E,I,J,skip,D,C,D,C,A,0.5,caste
310,random,5,G,J,B,D,D,H,J,D,F,G,F,A,J,J,D,H,H,A,skip,J,0.6,caste
310,caste,6,F,E,I,E,C,H,C,A,G,A,D,J,I,G,H,G,A,G,J,I,0.75,caste
311,caste,1,A,B,G,B,D,D,J,H,H,E,D,C,I,G,B,B,C,B,G,C,0.85,caste
311,random,2,I,F,H,E,I,A,B,J,F,F,D,D,A,I,skip,I,C,A,A,H,0.4,caste
311,random,3,I,A,F,I,E,skip,C,J,C,E,F,E,skip,skip,A,skip,J,D,skip,E,0.5,caste
311,caste,4,D,C,H,G,B,H,D,F,F,H,I,H,A,E,D,E,D,E,B,E,0.7,caste
311,caste,5,E,F,J,C,G,C,G,J,G,B,G,B,C,I,G,H,J,H,A,G,0.6,caste
311,random,6,E,I,J,A,A,B,D,J,A,F,J,H,F,C,F,G,I,H,J,skip,0.6,caste
312,random,1,J,D,I,C,J,A,B,F,I,A,G,C,G,G,G,A,H,G,skip,skip,0.4,caste
312,random,2,A,D,J,F,C,A,F,B,G,skip,J,C,J,B,E,H,I,A,B,I,0.4,caste
312,caste,3,C,B,H,B,E,B,G,E,C,H,H,B,G,B,I,A,I,C,D,I,0.75,caste
312,random,4,A,skip,F,H,F,J,H,J,E,C,I,H,D,G,skip,J,J,skip,B,C,0.4,caste
312,caste,5,E,D,J,H,A,E,B,G,E,C,D,H,D,F,J,H,B,E,B,D,0.5,caste
312,caste,6,F,G,I,C,G,I,D,I,D,A,I,F,E,A,E,F,D,F,C,F,0.75,caste
313,caste,1,A,B,A,J,A,H,J,E,J,I,H,A,G,H,G,G,B,J,F,B,0.75,caste
313,random,2,F,H,C,G,A,D,A,G,C,D,skip,I,E,C,skip,D,skip,E,G,G,0.4,caste
313,random,3,D,D,B,I,skip,I,H,D,A,E,J,A,J,skip,E,D,H,A,skip,B,0.55,caste
313,random,4,J,I,B,B,E,D,C,C,G,B,skip,F,E,H,D,F,B,E,G,skip,0.5,caste
313,caste,5,E,C,H,E,J,C,H,F,B,F,I,H,E,D,B,A,I,G,C,J,0.9,caste
313,caste,6,F,G,I,G,D,F,C,G,E,J,F,B,J,I,F,C,A,I,H,C,0.75,caste
314,caste,1,A,B,I,B,I,E,B,A,A,G,E,G,D,I,G,H,J,F,J,E,0.8,caste
314,random,2,E,H,skip,D,C,D,I,B,skip,A,B,E,skip,B,A,B,A,G,F,skip,0.4,caste
314,caste,3,C,D,J,I,J,J,I,G,E,F,J,H,I,F,J,E,H,E,H,C,0.85,caste
314,random,4,F,G,F,A,C,H,J,D,H,B,C,G,E,F,D,A,skip,I,J,E,0.6,caste
314,caste,5,E,H,A,C,D,G,E,B,C,A,C,F,J,D,C,G,C,I,F,G,0.65,caste
314,random,6,G,F,H,B,skip,F,I,J,D,skip,B,A,H,A,I,D,D,D,I,C,0.7,caste
315,caste,1,A,C,I,I,D,I,E,E,F,D,G,J,F,D,B,F,J,B,D,J,0.85,caste
315,caste,2,B,G,A,D,B,E,G,I,D,I,F,D,J,F,C,D,G,I,I,E,0.85,caste
315,random,3,J,skip,G,I,A,H,F,B,E,E,C,skip,A,E,B,F,H,skip,A,F,0.65,caste
315,random,4,E,J,A,C,F,B,A,C,skip,A,B,E,A,skip,I,E,G,F,G,skip,0.55,caste
315,random,5,D,H,B,F,H,C,A,H,C,I,H,I,A,J,H,C,skip,F,B,B,0.55,caste
315,caste,6,F,H,C,E,G,J,D,J,G,J,B,G,H,G,H,C,D,J,B,C,0.75,caste
316,random,1,D,C,G,G,E,B,J,E,H,I,B,H,A,I,J,D,J,skip,G,E,0.5,caste
316,random,2,E,H,F,H,skip,G,D,A,H,skip,I,H,G,I,skip,E,F,I,I,B,0.4,caste
316,caste,3,C,A,J,I,I,J,D,G,I,G,C,G,B,E,J,B,H,C,G,D,0.6,caste
316,caste,4,D,B,E,A,B,A,E,A,C,E,A,E,A,F,C,F,F,B,E,B,0.75,caste
316,random,5,F,F,D,H,I,skip,J,H,I,J,C,G,B,A,D,C,F,skip,A,I,0.4,caste
316,caste,6,F,G,H,J,C,B,C,I,B,F,D,F,D,J,D,E,G,A,H,J,0.8,caste
317,caste,1,A,E,J,H,I,I,A,E,B,A,E,D,I,E,A,J,A,D,J,F,0.75,caste
317,random,2,B,A,A,B,J,H,F,J,H,F,J,G,H,C,I,H,G,D,E,I,0.65,caste
317,caste,3,C,G,F,B,H,C,I,C,G,B,J,A,C,B,E,G,E,A,H,C,0.75,caste
317,caste,4,D,H,I,F,E,G,B,A,I,D,I,C,E,I,G,B,D,J,E,G,0.8,caste
317,random,5,C,E,G,F,F,H,G,E,F,G,skip,H,A,D,C,I,B,skip,B,J,0.6,caste
317,random,6,D,D,J,D,F,F,J,C,H,B,skip,D,J,I,I,F,C,I,A,B,0.5,caste
318,random,1,F,H,F,J,D,C,I,G,A,C,I,C,D,G,J,D,D,H,A,J,0.35,caste
318,caste,2,B,A,I,B,B,A,B,E,D,E,E,E,A,A,J,E,F,J,A,J,0.8,caste
318,random,3,E,E,H,D,H,H,I,B,G,B,B,F,D,A,skip,I,G,H,skip,C,0.45,caste
318,caste,4,D,C,H,C,D,G,A,G,C,D,I,D,J,I,B,I,B,F,E,C,0.7,caste
318,random,5,J,J,G,J,C,J,F,G,G,H,J,G,D,F,A,skip,C,B,F,C,0.6,caste
318,caste,6,F,G,A,I,E,I,F,B,A,H,F,C,E,H,C,H,E,H,I,B,0.65,caste
319,caste,1,A,D,I,J,F,H,I,I,A,I,B,A,I,J,G,J,E,A,E,E,0.75,caste
319,caste,2,B,F,J,D,D,E,E,G,E,D,H,I,J,D,F,D,F,D,F,A,0.95,caste
319,caste,3,C,E,A,F,A,D,H,F,G,A,C,D,H,A,C,G,H,J,D,F,0.6,caste
319,random,4,G,C,G,J,I,B,D,skip,J,G,skip,E,B,A,C,B,G,H,H,J,0.5,caste
319,random,5,B,E,I,H,G,B,C,J,C,G,B,C,H,I,I,G,C,G,G,J,0.45,caste
319,random,6,H,B,C,J,A,F,skip,F,H,E,F,E,I,skip,I,B,C,J,skip,E,0.35,caste
320,random,1,D,F,skip,A,C,J,G,J,H,J,H,skip,E,skip,skip,B,G,E,G,G,0.4,caste
320,caste,2,B,C,I,I,G,A,E,D,D,A,G,J,I,D,C,B,G,A,J,F,0.6,caste
320,random,3,skip,H,C,F,J,B,B,A,D,B,B,B,skip,H,J,C,skip,F,B,skip,0.65,caste
320,caste,4,D,F,C,H,D,H,F,F,I,C,I,A,E,A,F,A,I,D,B,C,0.7,caste
320,caste,5,E,A,G,J,I,G,A,E,G,E,F,E,F,J,I,G,F,E,I,D,0.9,caste
320,random,6,B,E,skip,J,C,H,I,B,H,D,G,C,H,D,C,J,H,A,skip,H,0.45,caste
321,caste,1,A,G,H,G,J,H,G,J,H,I,B,C,H,J,H,I,J,I,D,G,0.85,caste
321,rotate,2,B,C,D,E,F,A,B,C,D,E,F,A,B,C,D,E,F,A,B,C,1.0,caste
321,rotate,3,C,D,E,F,A,B,C,D,E,F,A,B,C,D,E,F,A,B,C,D,1.0,caste
321,rotate,4,D,E,F,A,B,C,D,E,F,A,B,C,D,E,F,A,B,C,D,E,0.6,caste
321,caste,5,E,A,I,H,G,J,H,I,J,H,J,H,J,E,I,J,H,G,H,I,0.95,caste
321,caste,6,F,B,J,I,C,I,D,G,F,G,I,G,I,G,A,G,B,C,J,H,0.8,caste
322,caste,1,A,G,H,H,H,I,I,J,J,F,G,G,H,D,J,H,I,H,G,H,0.9,caste
322,rotate,2,B,C,D,E,F,A,B,C,D,E,F,A,B,C,D,E,F,A,B,C,1.0,caste
322,rotate,3,C,D,E,F,A,B,C,D,E,F,A,B,C,D,E,F,A,B,C,D,0.55,caste
322,caste,4,D,J,I,I,G,J,G,H,G,H,J,J,G,I,G,F,J,B,I,G,0.9,caste
322,caste,5,E,A,G,J,B,H,C,I,E,I,H,I,J,H,I,G,A,J,C,D,0.7,caste
322,rotate,6,F,A,B,C,D,E,F,A,B,C,D,E,F,A,B,C,D,E,F,A,0.95,caste
323,caste,1,A,G,I,I,I,J,H,H,G,H,J,G,H,I,G,C,I,G,J,H,0.95,caste
323,caste,2,B,H,J,H,H,C,G,J,F,G,H,J,G,E,I,G,D,I,G,J,0.8,caste
323,rotate,3,C,D,E,F,A,B,C,D,E,F,A,B,C,D,E,F,A,B,C,D,1.0,caste
323,rotate,4,D,E,F,A,B,C,D,E,F,A,B,C,D,E,F,A,B,C,D,E,0.85,caste
323,caste,5,E,A,G,J,G,I,J,I,B,I,D,I,J,H,J,H,J,H,F,I,0.8,caste
323,rotate,6,F,A,B,C,D,E,F,A,B,C,D,E,F,A,B,C,D,E,F,A,0.7,caste
324,caste,1,A,G,H,G,J,J,G,I,H,H,I,D,G,I,G,I,G,I,I,J,0.95,caste
324,rotate,2,B,C,D,E,F,A,B,C,D,E,F,A,B,C,D,E,F,A,B,C,1.0,caste
324,caste,3,C,I,J,H,G,D,H,J,G,C,H,E,H,F,A,J,C,G,E,I,0.75,caste
324,rotate,4,D,E,F,A,B,C,D,E,F,A,B,C,D,E,F,A,B,C,D,E,1.0,caste
324,rotate,5,E,F,A,B,C,D,E,F,A,B,C,D,E,F,A,B,C,D,E,F,0.6,caste
324,caste,6,F,B,A,I,H,I,J,G,I,J,G,J,I,J,H,B,H,J,H,G,0.9,caste
325,rotate,1,A,B,C,D,E,F,A,B,C,D,E,F,A,B,C,D,E,F,A,B,0.8,caste
325,caste,2,B,H,G,G,J,D,H,J,G,H,I,G,I,I,H,I,H,G,I,H,0.95,caste
325,caste,3,C,I,J,H,C,H,I,G,H,I,J,D,H,F,A,J,E,H,J,B,0.7,caste
325,rotate,4,D,E,F,A,B,C,D,E,F,A,B,C,D,E,F,A,B,C,D,E,1.0,caste
325,rotate,5,E,F,A,B,C,D,E,F,A,B,C,D,E,F,A,B,C,D,E,F,0.65,caste
325,caste,6,F,B,A,I,G,J,E,I,J,G,H,J,G,J,C,G,I,J,G,I,0.8,caste
326,caste,1,A,G,H,H,H,I,H,J,I,I,F,J,I,A,I,I,J,H,F,H,0.85,caste
326,rotate,2,B,C,D,E,F,A,B,C,D,E,F,A,B,C,D,E,F,A,B,C,0.85,caste
326,caste,3,C,I,G,I,G,E,G,H,J,G,H,G,H,J,H,G,G,I,G,I,0.95,caste
326,caste,4,D,J,B,J,D,J,I,G,H,J,I,E,G,C,J,H,D,J,B,G,0.7,caste
326,rotate,5,E,F,A,B,C,D,E,F,A,B,C,D,E,F,A,B,C,D,E,F,1.0,caste
326,rotate,6,F,A,B,C,D,E,F,A,B,C,D,E,F,A,B,C,D,E,F,A,0.65,caste
327,caste,1,A,G,H,H,H,I,I,J,J,H,G,J,H,G,I,H,G,H,J,J,1.0,rotate
327,rotate,2,B,C,D,E,F,A,B,C,D,E,F,A,B,C,D,E,F,A,B,C,0.95,rotate
327,caste,3,C,I,J,I,D,H,B,I,F,J,I,C,I,H,G,J,B,G,H,G,0.75,rotate
327,rotate,4,D,E,F,A,B,C,D,E,F,A,B,C,D,E,F,A,B,C,D,E,0.8,rotate
327,caste,5,E,A,G,J,G,J,G,H,G,I,H,G,J,E,J,I,D,I,F,I,0.8,rotate
327,rotate,6,F,A,B,C,D,E,F,A,B,C,D,E,F,A,B,C,D,E,F,A,0.8,rotate
328,rotate,1,A,B,C,D,E,F,A,B,C,D,E,F,A,B,C,D,E,F,A,B,0.55,caste
328,caste,2,B,H,G,G,J,H,H,J,J,J,E,G,J,G,J,I,G,F,H,J,0.9,caste
328,caste,3,C,I,H,I,E,I,G,H,I,G,F,J,A,B,H,J,I,G,A,H,0.8,caste
328,caste,4,D,J,C,D,G,J,I,G,H,I,H,I,H,I,G,D,H,J,I,G,0.85,caste
328,rotate,5,E,F,A,B,C,D,E,F,A,B,C,D,E,F,A,B,C,D,E,F,1.0,caste
328,rotate,6,F,A,B,C,D,E,F,A,B,C,D,E,F,A,B,C,D,E,F,A,1.0,caste
329,caste,1,A,G,I,G,J,I,H,H,H,H,C,I,E,G,G,B,C,I,F,I,0.8,caste
329,caste,2,B,H,J,I,C,D,G,G,J,I,H,D,H,J,I,H,I,H,E,H,0.8,caste
329,rotate,3,C,D,E,F,A,B,C,D,E,F,A,B,C,D,E,F,A,B,C,D,1.0,caste
329,rotate,4,D,E,F,A,B,C,D,E,F,A,B,C,D,E,F,A,B,C,D,E,1.0,caste
329,rotate,5,E,F,A,B,C,D,E,F,A,B,C,D,E,F,A,B,C,D,E,F,0.55,caste
329,caste,6,F,B,A,H,G,J,I,J,I,G,J,G,J,I,H,J,G,J,G,J,0.95,caste
330,rotate,1,A,B,C,D,E,F,A,B,C,D,E,F,A,B,C,D,E,F,A,B,0.95,caste
330,rotate,2,B,C,D,E,F,A,B,C,D,E,F,A,B,C,D,E,F,A,B,C,1.0,caste
330,caste,3,C,I,G,G,J,J,D,H,G,H,G,J,J,G,I,J,B,I,G,H,0.9,caste
330,rotate,4,D,E,F,A,B,C,D,E,F,A,B,C,D,E,F,A,B,C,D,E,0.5,caste
330,caste,5,E,A,H,I,G,H,G,I,F,I,H,G,I,J,F,I,G,H,J,E,0.85,caste
330,caste,6,F,B,J,H,I,C,J,E,J,A,I,H,D,H,G,H,J,C,I,G,0.7,caste
331,rotate,1,A,B,C,D,E,F,A,B,C,D,E,F,A,B,C,D,E,F,A,B,0.55,caste
331,caste,2,B,H,G,I,G,G,G,J,J,G,E,I,J,H,J,H,G,I,G,G,0.95,caste
331,caste,3,C,I,J,J,I,H,I,G,C,J,H,J,G,B,C,J,H,F,H,J,0.8,caste
331,rotate,4,D,E,F,A,B,C,D,E,F,A,B,C,D,E,F,A,B,C,D,E,1.0,caste
331,caste,5,E,A,H,D,J,F,H,I,H,I,G,H,I,G,I,D,E,J,I,H,0.75,caste
331,rotate,6,F,A,B,C,D,E,F,A,B,C,D,E,F,A,B,C,D,E,F,A,0.95,caste
332,rotate,1,A,B,C,D,E,F,A,B,C,D,E,F,A,B,C,D,E,F,A,B,0.9,draw
332,caste,2,B,H,G,I,G,G,G,H,H,G,I,B,G,I,H,J,H,I,G,J,0.95,draw
332,rotate,3,C,D,E,F,A,B,C,D,E,F,A,B,C,D,E,F,A,B,C,D,0.65,draw
332,caste,4,D,J,I,J,I,J,C,J,I,H,J,H,J,H,G,F,A,J,H,G,0.85,draw
332,caste,5,E,A,H,F,H,E,I,G,J,D,G,I,C,J,I,G,E,B,I,H,0.65,draw
332,rotate,6,F,A,B,C,D,E,F,A,B,C,D,E,F,A,B,C,D,E,F,A,0.9,draw
333,rotate,1,A,B,C,D,E,F,A,B,C,D,E,F,A,B,C,D,E,F,A,B,0.95,caste
333,rotate,2,B,C,D,E,F,A,B,C,D,E,F,A,B,C,D,E,F,A,B,C,0.5,caste
333,caste,3,C,I,G,G,F,I,G,H,G,I,F,G,H,I,D,I,F,J,G,C,0.75,caste
333,caste,4,D,J,H,H,G,H,B,J,D,J,I,J,I,G,J,G,J,I,B,J,0.85,caste
333,caste,5,E,A,I,J,E,J,I,C,H,G,H,A,J,H,E,H,G,H,I,H,0.8,caste
333,rotate,6,F,A,B,C,D,E,F,A,B,C,D,E,F,A,B,C,D,E,F,A,0.95,caste
334,rotate,1,A,B,C,D,E,F,A,B,C,D,E,F,A,B,C,D,E,F,A,B,0.75,draw
334,caste,2,B,H,G,G,J,H,H,J,J,H,G,J,I,J,J,G,E,I,H,J,0.95,draw
334,rotate,3,C,D,E,F,A,B,C,D,E,F,A,B,C,D,E,F,A,B,C,D,0.95,draw
334,caste,4,D,J,I,H,C,J,E,H,I,D,H,G,C,I,H,J,G,J,G,B,0.75,draw
334,rotate,5,E,F,A,B,C,D,E,F,A,B,C,D,E,F,A,B,C,D,E,F,0.75,draw
334,caste,6,F,B,A,I,G,I,G,I,G,J,I,F,H,G,A,I,H,D,I,H,0.75,draw
335,caste,1,A,G,J,J,I,G,G,I,I,I,D,J,G,J,G,H,J,E,I,G,0.9,caste
335,caste,2,B,H,G,H,D,H,J,G,H,J,E,G,F,A,I,G,H,J,F,I,0.8,caste
335,caste,3,C,I,B,C,J,I,H,J,G,H,I,H,I,H,J,C,I,G,H,J,0.85,caste
335,rotate,4,D,E,F,A,B,C,D,E,F,A,B,C,D,E,F,A,B,C,D,E,1.0,caste
335,rotate,5,E,F,A,B,C,D,E,F,A,B,C,D,E,F,A,B,C,D,E,F,1.0,caste
335,rotate,6,F,A,B,C,D,E,F,A,B,C,D,E,F,A,B,C,D,E,F,A,0.55,caste
336,rotate,1,A,B,C,D,E,F,A,B,C,D,E,F,A,B,C,D,E,F,A,B,0.95,caste
336,caste,2,B,H,G,G,J,H,D,E,G,A,J,G,I,H,G,J,G,I,J,E,0.8,caste
336,rotate,3,C,D,E,F,A,B,C,D,E,F,A,B,C,D,E,F,A,B,C,D,1.0,caste
336,rotate,4,D,E,F,A,B,C,D,E,F,A,B,C,D,E,F,A,B,C,D,E,0.6,caste
336,caste,5,E,A,I,H,C,J,H,J,F,I,H,C,J,J,F,I,J,D,H,G,0.85,caste
336,caste,6,F,B,J,I,G,I,G,I,H,J,G,I,H,G,I,H,B,H,G,I,0.9,caste
337,caste,1,A,G,I,I,J,H,I,G,G,G,D,J,G,I,G,J,I,G,H,I,0.95,caste
337,caste,2,B,H,G,H,I,J,H,I,J,H,G,H,F,J,I,C,J,I,F,J,0.85,caste
337,rotate,3,C,D,E,F,A,B,C,D,E,F,A,B,C,D,E,F,A,B,C,D,1.0,caste
337,caste,4,D,J,B,C,G,E,J,H,I,J,I,E,H,A,H,G,H,J,G,H,0.75,caste
337,rotate,5,E,F,A,B,C,D,E,F,A,B,C,D,E,F,A,B,C,D,E,F,1.0,caste
337,rotate,6,F,A,B,C,D,E,F,A,B,C,D,E,F,A,B,C,D,E,F,A,0.55,caste
338,caste,1,A,G,H,G,J,H,H,I,E,G,I,D,H,I,E,I,I,J,G,D,0.8,caste
338,rotate,2,B,C,D,E,F,A,B,C,D,E,F,A,B,C,D,E,F,A,B,C,1.0,caste
338,rotate,3,C,D,E,F,A,B,C,D,E,F,A,B,C,D,E,F,A,B,C,D,0.85,caste
338,caste,4,D,J,I,H,G,J,G,H,J,H,J,G,I,F,H,G,H,G,I,I,0.95,caste
338,rotate,5,E,F,A,B,C,D,E,F,A,B,C,D,E,F,A,B,C,D,E,F,0.65,caste
338,caste,6,F,B,A,I,C,I,J,G,I,B,H,J,G,J,A,J,C,H,J,H,0.75,caste
339,rotate,1,A,B,C,D,E,F,A,B,C,D,E,F,A,B,C,D,E,F,A,B,0.95,caste
339,rotate,2,B,C,D,E,F,A,B,C,D,E,F,A,B,C,D,E,F,A,B,C,1.0,caste
339,rotate,3,C,D,E,F,A,B,C,D,E,F,A,B,C,D,E,F,A,B,C,D,0.45,caste
339,caste,4,D,J,G,J,G,G,I,J,E,H,G,B,H,G,H,G,I,H,C,I,0.85,caste
339,caste,5,E,A,H,H,I,J,C,I,J,I,J,H,G,D,I,H,A,J,G,J,0.85,caste
339,caste,6,F,B,I,F,A,H,G,H,G,F,I,J,I,J,E,J,G,I,H,D,0.7,caste
340,rotate,1,A,B,C,D,E,F,A,B,C,D,E,F,A,B,C,D,E,F,A,B,0.9,caste
340,rotate,2,B,C,D,E,F,A,B,C,D,E,F,A,B,C,D,E,F,A,B,C,0.6,caste
340,caste,3,C,I,G,G,J,I,G,H,G,H,F,G,H,G,J,E,J,H,G,I,0.9,caste
340,caste,4,D,J,H,I,G,J,I,C,I,G,H,A,J,H,D,H,F,I,J,G,0.8,caste
340,rotate,5,E,F,A,B,C,D,E,F,A,B,C,D,E,F,A,B,C,D,E,F,0.95,caste
340,caste,6,F,B,A,H,E,H,J,D,J,I,J,I,B,I,G,I,G,J,H,C,0.75,caste
341,caste,1,A,F,J,B,D,H,D,G,D,H,D,F,E,H,E,H,B,H,F,J,0.95,caste
341,random3,2,I,I,I,I,I,I,I,I,I,I,I,I,I,I,I,I,I,I,I,I,1.0,caste
341,caste,3,C,B,G,F,C,B,H,E,F,J,H,G,D,B,J,F,G,D,E,H,0.95,caste
341,random3,4,A,A,A,A,C,C,C,C,C,C,C,C,C,C,C,C,C,C,C,C,0.75,caste
341,caste,5,E,D,H,J,G,E,F,J,B,G,E,B,J,F,G,D,E,J,B,G,1.0,caste
341,random3,6,A,A,A,A,A,A,A,A,A,A,A,A,A,A,A,A,A,A,A,A,0.8,caste
342,caste,1,A,D,G,G,F,A,E,A,D,J,G,J,G,E,G,D,H,D,H,D,1.0,draw
342,random3,2,B,B,B,B,B,B,B,B,B,B,B,B,B,B,B,B,B,B,B,B,1.0,draw
342,random3,3,I,I,I,I,I,I,I,I,I,I,I,I,I,I,I,I,I,I,I,I,1.0,draw
342,random3,4,C,C,C,C,C,C,C,C,C,C,C,C,C,C,C,C,C,C,C,C,1.0,draw
342,caste,5,E,H,A,E,J,D,H,G,F,A,E,H,D,F,A,J,G,E,F,A,1.0,draw
342,caste,6,F,J,D,H,G,F,J,E,H,D,F,A,J,H,E,F,A,J,G,E,1.0,draw
343,random3,1,B,B,B,B,B,B,B,B,B,B,B,B,B,B,B,B,B,B,B,B,0.95,caste
343,caste,2,B,D,H,H,G,H,C,F,G,F,C,I,G,I,A,C,D,C,D,C,0.95,caste
343,caste,3,C,A,G,D,C,I,G,I,C,I,G,F,A,H,D,I,F,G,H,A,1.0,caste
343,random3,4,E,E,J,J,J,J,J,J,J,J,J,J,J,J,J,J,J,J,J,J,0.9,caste
343,caste,5,E,F,I,A,F,D,A,H,D,A,H,D,C,F,G,H,A,I,F,G,0.95,caste
343,random3,6,E,E,E,E,E,E,E,E,E,E,E,E,E,E,E,E,E,E,E,E,0.9,caste
344,caste,1,A,C,H,C,J,C,A,F,A,F,A,F,A,F,E,F,E,F,E,F,1.0,caste
344,caste,2,B,D,J,H,E,H,D,C,J,E,H,D,C,J,A,J,D,C,H,A,1.0,caste
344,random3,3,G,G,G,G,G,G,G,G,G,G,G,G,G,G,G,G,G,G,G,G,1.0,caste
344,random3,4,I,I,I,I,I,I,I,I,I,I,I,I,I,I,I,I,I,I,I,I,0.9,caste
344,random3,5,I,I,B,B,B,B,B,B,B,B,B,B,B,B,B,B,B,B,B,B,0.9,caste
344,caste,6,F,E,A,D,F,J,E,H,D,C,J,E,H,D,C,H,A,J,D,C,1.0,caste
345,caste,1,A,C,J,J,E,A,E,A,J,G,J,G,J,G,J,B,C,B,C,B,1.0,draw
345,caste,2,B,D,A,B,G,B,D,B,D,A,D,C,B,E,A,D,J,G,E,A,1.0,draw
345,random3,3,H,H,H,H,H,H,H,H,H,H,H,H,H,H,H,H,H,H,H,H,1.0,draw
345,random3,4,I,I,I,I,I,I,I,I,I,I,I,I,I,I,I,I,I,I,I,I,1.0,draw
345,caste,5,E,G,C,D,J,C,G,E,C,B,E,A,D,C,G,E,A,D,J,G,1.0,draw
345,random3,6,F,F,F,F,F,F,F,F,F,F,F,F,F,F,F,F,F,F,F,F,1.0,draw
346,random3,1,F,F,F,F,F,F,F,F,F,F,F,F,F,F,F,F,F,F,F,F,1.0,random3
346,random3,2,A,A,A,A,A,A,A,A,A,A,A,A,A,A,A,A,A,A,A,A,1.0,random3
346,caste,3,C,H,H,I,J,B,E,B,J,B,E,G,H,G,H,G,H,G,D,G,0.95,random3
346,caste,4,D,B,I,B,E,H,J,G,E,D,H,I,B,J,D,E,I,B,J,H,1.0,random3
346,caste,5,E,G,J,D,G,I,D,H,I,G,J,D,E,I,B,J,D,E,I,B,1.0,random3
346,random3,6,C,C,C,C,C,C,C,C,C,C,C,C,C,C,C,C,C,C,C,C,0.95,random3
347,caste,1,A,C,H,C,G,A,D,A,H,J,H,F,H,F,H,C,G,C,G,C,1.0,caste
347,random3,2,F,E,E,E,E,E,E,E,E,E,E,E,E,E,E,E,E,E,E,E,0.9,caste
347,random3,3,B,B,B,B,B,B,B,B,B,B,B,B,B,B,B,B,B,B,B,B,1.0,caste
347,caste,4,D,E,A,D,C,H,J,D,F,C,J,A,D,G,F,J,A,D,H,F,0.95,caste
347,random3,5,I,I,I,I,I,I,I,I,I,I,I,I,I,I,I,I,I,I,I,I,1.0,caste
347,caste,6,F,G,J,H,J,G,F,C,G,A,D,G,C,J,A,D,H,F,J,A,0.95,caste
348,random3,1,A,H,H,H,H,H,H,H,H,H,H,H,H,H,H,H,H,H,H,H,0.9,caste
348,caste,2,B,C,J,J,G,C,E,C,D,C,J,F,A,F,A,F,A,F,G,F,1.0,caste
348,random3,3,A,D,B,B,B,B,B,B,B,B,B,B,B,B,B,B,B,B,B,B,0.9,caste
348,random3,4,I,I,I,I,I,I,I,I,I,I,I,I,I,I,I,I,I,I,I,I,1.0,caste
348,caste,5,E,D,C,E,A,D,F,J,G,A,E,C,D,G,J,E,C,D,A,J,0.95,caste
348,caste,6,F,G,H,F,J,G,A,E,F,D,G,J,E,C,D,G,J,E,C,D,0.95,caste
349,caste,1,A,G,J,J,H,G,B,A,E,G,I,G,E,H,A,J,A,I,A,E,0.95,draw
349,random3,2,A,I,I,C,C,C,C,C,C,C,C,C,C,C,C,C,C,C,C,C,0.9,draw
349,caste,3,C,B,E,G,E,A,E,J,I,A,E,H,I,B,E,H,G,J,B,I,1.0,draw
349,caste,4,D,H,I,B,J,H,G,B,H,J,B,A,J,G,I,B,E,H,G,J,0.9,draw
349,random3,5,D,D,D,D,D,D,D,D,D,D,D,D,D,D,D,D,D,D,D,D,0.95,draw
349,random3,6,F,F,F,F,F,F,F,F,F,F,F,F,F,F,F,F,F,F,F,F,1.0,draw
350,caste,1,A,C,H,C,J,A,I,C,G,C,H,F,A,F,A,G,A,H,J,H,0.95,caste
350,random3,2,D,G,H,D,D,D,D,D,D,D,D,D,D,D,D,D,D,D,D,D,0.85,caste
350,random3,3,B,B,B,B,B,B,B,B,B,B,B,B,B,B,B,B,B,B,B,B,1.0,caste
350,caste,4,D,F,I,A,I,H,G,A,I,F,G,J,H,I,C,F,J,G,I,C,0.95,caste
350,caste,5,E,G,J,F,C,J,F,H,J,A,I,C,G,J,H,I,C,F,A,G,0.9,caste
350,random3,6,E,E,E,E,E,E,E,E,E,E,E,E,E,E,E,E,E,E,E,E,0.95,caste
351,caste,1,A,F,H,B,G,G,E,B,E,B,H,D,E,C,E,C,E,C,D,C,0.95,caste
351,caste,2,B,D,F,C,B,H,D,H,C,E,F,B,G,D,H,F,B,G,E,H,0.95,caste
351,caste,3,C,E,G,H,E,F,C,G,F,D,G,C,H,F,B,G,D,H,F,B,1.0,caste
351,random3,4,J,J,J,J,J,J,J,J,J,J,J,J,J,J,J,J,J,J,J,J,1.0,caste
351,random3,5,I,I,I,I,I,I,I,I,I,I,I,I,I,I,I,I,I,I,I,I,1.0,caste
351,random3,6,A,D,A,A,A,A,A,A,A,A,A,A,A,A,A,A,A,A,A,A,0.9,caste
352,random3,1,D,D,D,D,D,D,D,D,D,D,D,D,D,D,D,D,D,D,D,D,0.95,draw
352,caste,2,B,C,H,C,E,C,G,F,B,H,B,E,B,H,J,H,G,H,E,H,1.0,draw
352,random3,3,A,A,A,A,A,A,A,A,A,A,A,A,A,A,A,A,A,A,A,A,1.0,draw
352,caste,4,D,G,B,G,J,E,J,G,F,C,H,J,E,F,C,J,B,G,F,E,0.95,draw
352,random3,5,I,I,I,I,I,I,I,I,I,I,I,I,I,I,I,I,I,I,I,I,1.0,draw
352,caste,6,F,E,J,H,F,B,H,C,E,J,G,F,C,G,B,E,F,C,J,B,1.0,draw
353,random3,1,B,J,J,J,J,J,J,J,J,J,J,J,J,J,J,J,J,J,J,J,0.9,caste
353,caste,2,B,F,F,D,E,D,C,D,A,D,A,H,B,C,B,C,B,A,E,A,0.95,caste
353,random3,3,I,I,I,I,I,I,I,I,I,I,I,I,I,I,I,I,I,I,I,I,1.0,caste
353,caste,4,D,A,H,A,C,F,A,B,C,H,F,E,A,H,D,F,E,C,H,D,1.0,caste
353,caste,5,E,C,J,H,B,E,H,F,E,B,C,D,F,E,A,H,D,F,B,C,0.95,caste
353,random3,6,G,G,G,G,G,G,G,G,G,G,G,G,G,G,G,G,G,G,G,G,1.0,caste
354,random3,1,H,F,F,F,F,F,F,F,F,F,F,F,F,F,F,F,F,F,F,F,0.9,caste
354,caste,2,B,A,I,B,E,B,A,D,E,D,E,I,E,A,C,A,J,A,J,A,1.0,caste
354,caste,3,C,E,J,I,J,E,J,B,I,C,A,J,B,D,E,I,C,B,D,E,1.0,caste
354,caste,4,D,F,A,C,D,I,C,A,J,B,D,C,I,J,B,D,E,I,C,B,0.95,caste
354,random3,5,G,G,G,G,G,G,G,G,G,G,G,G,G,G,G,G,G,G,G,G,1.0,caste
354,random3,6,H,H,H,H,H,H,H,H,H,H,H,H,H,H,H,H,H,H,H,H,0.95,caste
355,random3,1,J,J,J,J,J,J,J,J,J,J,J,J,J,J,J,J,J,J,J,J,1.0,caste
355,random3,2,F,F,F,F,F,F,F,F,F,F,F,F,F,F,F,F,F,F,F,F,0.95,caste
355,caste,3,C,A,B,B,G,B,A,H,C,I,C,G,C,A,E,A,E,A,E,A,1.0,caste
355,random3,4,D,D,D,D,D,D,D,D,D,D,D,D,D,D,D,D,D,D,D,D,1.0,caste
355,caste,5,E,G,I,C,I,C,I,B,G,E,A,H,B,I,C,G,H,B,I,C,1.0,caste
355,caste,6,F,H,A,E,H,G,E,A,H,B,I,E,G,H,B,I,C,G,H,B,0.95,caste
356,caste,1,A,B,G,A,D,J,D,J,D,B,D,J,E,A,E,A,E,A,E,G,1.0,caste
356,random3,2,H,H,C,C,C,C,C,C,C,C,C,C,C,C,C,C,C,C,C,C,0.9,caste
356,caste,3,C,D,I,B,I,A,I,E,J,G,A,I,D,B,G,J,I,D,B,A,1.0,caste
356,random3,4,H,H,H,H,H,H,H,H,H,H,H,H,H,H,H,H,H,H,H,H,0.9,caste
356,random3,5,F,F,F,F,F,F,F,F,F,F,F,F,F,F,F,F,F,F,F,F,0.95,caste
356,caste,6,F,E,J,G,E,B,G,A,I,E,B,G,J,I,D,B,G,J,I,D,0.95,caste
357,random3,1,C,J,J,J,J,J,J,J,J,J,J,J,J,J,J,J,J,J,J,J,0.9,caste
357,random3,2,E,H,H,H,H,H,H,H,H,H,H,H,H,H,H,H,H,H,H,H,0.9,caste
357,random3,3,C,J,E,E,E,E,E,E,E,E,E,E,E,E,E,E,E,E,E,E,0.9,caste
357,caste,4,D,A,G,D,F,D,G,C,A,B,A,F,A,F,C,F,I,F,I,F,1.0,caste
357,caste,5,E,H,A,B,C,F,I,G,I,D,B,C,G,I,D,B,A,G,C,D,0.9,caste
357,caste,6,F,B,I,G,I,A,B,D,F,C,G,I,D,B,A,G,C,D,B,A,1.0,caste
358,random3,1,H,H,H,H,H,H,H,H,H,H,H,H,H,H,H,H,H,H,H,H,0.95,caste
358,caste,2,B,A,G,G,E,A,E,A,G,F,G,F,G,F,G,C,B,C,B,C,1.0,caste
358,caste,3,C,D,A,C,F,C,D,C,D,A,D,B,C,E,A,D,G,F,E,A,1.0,caste
358,random3,4,J,J,J,J,J,J,J,J,J,J,J,J,J,J,J,J,J,J,J,J,1.0,caste
358,random3,5,H,I,I,I,I,I,I,I,I,I,I,I,I,I,I,I,I,I,I,I,0.95,caste
358,caste,6,F,E,B,D,G,B,F,E,B,C,E,A,D,B,F,E,A,D,G,F,1.0,caste
359,random3,1,B,B,B,B,B,B,B,B,B,B,B,B,B,B,B,B,B,B,B,B,1.0,draw
359,random3,2,I,I,I,I,I,I,I,I,I,I,I,I,I,I,I,I,I,I,I,I,1.0,draw
359,caste,3,C,E,J,J,F,C,F,C,J,H,D,H,D,H,D,J,E,J,G,J,1.0,draw
359,caste,4,D,G,C,D,H,D,G,D,G,C,F,E,J,G,C,F,D,H,E,C,1.0,draw
359,random3,5,A,A,A,A,A,A,A,A,A,A,A,A,A,A,A,A,A,A,A,A,1.0,draw
359,caste,6,F,H,E,G,J,E,H,F,E,J,G,C,F,E,H,G,C,F,D,H,1.0,draw
360,caste,1,A,C,I,C,E,C,J,H,E,H,E,H,E,H,B,H,B,H,B,H,1.0,draw
360,caste,2,B,E,J,I,J,E,A,C,A,B,A,I,C,J,E,A,I,C,J,E,1.0,draw
360,random3,3,F,F,F,F,F,F,F,F,F,F,F,F,F,F,F,F,F,F,F,F,1.0,draw
360,caste,4,D,H,A,B,H,I,B,J,I,C,J,B,A,I,C,J,E,A,I,C,0.95,draw
360,random3,5,G,G,G,G,G,G,G,G,G,G,G,G,G,G,G,G,G,G,G,G,1.0,draw
360,random3,6,D,D,D,D,D,D,D,D,D,D,D,D,D,D,D,D,D,D,D,D,0.95,draw
361,caste,1,A,G,G,E,E,G,C,H,D,I,G,F,I,J,D,G,J,D,E,J,1.0,draw
361,caste,2,B,H,H,F,I,E,F,C,J,D,H,A,F,B,C,I,A,F,B,H,1.0,draw
361,radicaleq,3,C,I,C,G,B,H,D,I,G,F,I,J,D,G,J,D,E,J,G,C,1.0,draw
361,radicaleq,4,D,J,I,H,F,I,J,F,H,A,D,B,C,I,A,F,B,H,D,E,1.0,draw
361,caste,5,E,A,D,A,D,A,G,A,C,J,C,G,A,F,E,H,G,C,I,A,1.0,draw
361,radicaleq,6,F,B,J,C,J,B,E,B,E,B,E,H,E,H,B,C,I,A,F,B,1.0,draw
362,radicaleq,1,A,G,G,E,E,G,C,H,D,I,G,F,I,J,D,G,J,D,E,J,1.0,draw
362,radicaleq,2,B,H,H,F,I,E,F,C,J,D,H,A,F,B,C,I,A,F,B,H,1.0,draw
362,caste,3,C,I,C,G,B,H,D,I,G,F,I,J,D,G,J,D,E,J,G,C,1.0,draw
362,caste,4,D,J,I,H,F,I,J,F,H,A,D,B,C,I,A,F,B,H,D,E,1.0,draw
362,radicaleq,5,E,A,D,A,D,A,G,A,C,J,C,G,A,F,E,H,G,C,I,A,1.0,draw
362,caste,6,F,B,J,C,J,B,E,B,E,B,E,H,E,H,B,C,I,A,F,B,1.0,draw
363,radicaleq,1,A,G,G,E,E,G,C,H,D,I,G,F,I,J,D,G,J,D,E,J,1.0,draw
363,caste,2,B,H,H,F,I,E,F,C,J,D,H,A,F,B,C,I,A,F,B,H,1.0,draw
363,caste,3,C,I,C,G,B,H,D,I,G,F,I,J,D,G,J,D,E,J,G,C,1.0,draw
363,radicaleq,4,D,J,I,H,F,I,J,F,H,A,D,B,C,I,A,F,B,H,D,E,1.0,draw
363,radicaleq,5,E,A,D,A,D,A,G,A,C,J,C,G,A,F,E,H,G,C,I,A,1.0,draw
363,caste,6,F,B,J,C,J,B,E,B,E,B,E,H,E,H,B,C,I,A,F,B,1.0,draw
364,radicaleq,1,A,G,G,E,E,G,C,H,D,I,G,F,I,J,D,G,J,D,E,J,1.0,draw
364,caste,2,B,H,H,F,I,E,F,C,J,D,H,A,F,B,C,I,A,F,B,H,1.0,draw
364,radicaleq,3,C,I,C,G,B,H,D,I,G,F,I,J,D,G,J,D,E,J,G,C,1.0,draw
364,caste,4,D,J,I,H,F,I,J,F,H,A,D,B,C,I,A,F,B,H,D,E,1.0,draw
364,radicaleq,5,E,A,D,A,D,A,G,A,C,J,C,G,A,F,E,H,G,C,I,A,1.0,draw
364,caste,6,F,B,J,C,J,B,E,B,E,B,E,H,E,H,B,C,I,A,F,B,1.0,draw
365,caste,1,A,G,G,E,E,G,C,H,D,I,G,F,I,J,D,G,J,D,E,J,1.0,draw
365,caste,2,B,H,H,F,I,E,F,C,J,D,H,A,F,B,C,I,A,F,B,H,1.0,draw
365,radicaleq,3,C,I,C,G,B,H,D,I,G,F,I,J,D,G,J,D,E,J,G,C,1.0,draw
365,radicaleq,4,D,J,I,H,F,I,J,F,H,A,D,B,C,I,A,F,B,H,D,E,1.0,draw
365,radicaleq,5,E,A,D,A,D,A,G,A,C,J,C,G,A,F,E,H,G,C,I,A,1.0,draw
365,caste,6,F,B,J,C,J,B,E,B,E,B,E,H,E,H,B,C,I,A,F,B,1.0,draw
366,radicaleq,1,A,G,G,E,E,G,C,H,D,I,G,F,I,J,D,G,J,D,E,J,1.0,draw
366,caste,2,B,H,H,F,I,E,F,C,J,D,H,A,F,B,C,I,A,F,B,H,1.0,draw
366,caste,3,C,I,C,G,B,H,D,I,G,F,I,J,D,G,J,D,E,J,G,C,1.0,draw
366,radicaleq,4,D,J,I,H,F,I,J,F,H,A,D,B,C,I,A,F,B,H,D,E,1.0,draw
366,caste,5,E,A,D,A,D,A,G,A,C,J,C,G,A,F,E,H,G,C,I,A,1.0,draw
366,radicaleq,6,F,B,J,C,J,B,E,B,E,B,E,H,E,H,B,C,I,A,F,B,1.0,draw
367,radicaleq,1,A,G,G,E,E,G,C,H,D,I,G,F,I,J,D,G,J,D,E,J,1.0,draw
367,caste,2,B,H,H,F,I,E,F,C,J,D,H,A,F,B,C,I,A,F,B,H,1.0,draw
367,radicaleq,3,C,I,C,G,B,H,D,I,G,F,I,J,D,G,J,D,E,J,G,C,1.0,draw
367,radicaleq,4,D,J,I,H,F,I,J,F,H,A,D,B,C,I,A,F,B,H,D,E,1.0,draw
367,caste,5,E,A,D,A,D,A,G,A,C,J,C,G,A,F,E,H,G,C,I,A,1.0,draw
367,caste,6,F,B,J,C,J,B,E,B,E,B,E,H,E,H,B,C,I,A,F,B,1.0,draw
368,caste,1,A,G,G,E,E,G,C,H,D,I,G,F,I,J,D,G,J,D,E,J,1.0,draw
368,radicaleq,2,B,H,H,F,I,E,F,C,J,D,H,A,F,B,C,I,A,F,B,H,1.0,draw
368,caste,3,C,I,C,G,B,H,D,I,G,F,I,J,D,G,J,D,E,J,G,C,1.0,draw
368,radicaleq,4,D,J,I,H,F,I,J,F,H,A,D,B,C,I,A,F,B,H,D,E,1.0,draw
368,radicaleq,5,E,A,D,A,D,A,G,A,C,J,C,G,A,F,E,H,G,C,I,A,1.0,draw
368,caste,6,F,B,J,C,J,B,E,B,E,B,E,H,E,H,B,C,I,A,F,B,1.0,draw
369,caste,1,A,G,G,E,E,G,C,H,D,I,G,F,I,J,D,G,J,D,E,J,1.0,draw
369,radicaleq,2,B,H,H,F,I,E,F,C,J,D,H,A,F,B,C,I,A,F,B,H,1.0,draw
369,radicaleq,3,C,I,C,G,B,H,D,I,G,F,I,J,D,G,J,D,E,J,G,C,1.0,draw
369,caste,4,D,J,I,H,F,I,J,F,H,A,D,B,C,I,A,F,B,H,D,E,1.0,draw
369,radicaleq,5,E,A,D,A,D,A,G,A,C,J,C,G,A,F,E,H,G,C,I,A,1.0,draw
369,caste,6,F,B,J,C,J,B,E,B,E,B,E,H,E,H,B,C,I,A,F,B,1.0,draw
370,caste,1,A,G,G,E,E,G,C,H,D,I,G,F,I,J,D,G,J,D,E,J,1.0,draw
370,radicaleq,2,B,H,H,F,I,E,F,C,J,D,H,A,F,B,C,I,A,F,B,H,1.0,draw
370,caste,3,C,I,C,G,B,H,D,I,G,F,I,J,D,G,J,D,E,J,G,C,1.0,draw
370,caste,4,D,J,I,H,F,I,J,F,H,A,D,B,C,I,A,F,B,H,D,E,1.0,draw
370,radicaleq,5,E,A,D,A,D,A,G,A,C,J,C,G,A,F,E,H,G,C,I,A,1.0,draw
370,radicaleq,6,F,B,J,C,J,B,E,B,E,B,E,H,E,H,B,C,I,A,F,B,1.0,draw
371,radicaleq,1,A,G,G,E,E,G,C,H,D,I,G,F,I,J,D,G,J,D,E,J,1.0,draw
371,caste,2,B,H,H,F,I,E,F,C,J,D,H,A,F,B,C,I,A,F,B,H,1.0,draw
371,radicaleq,3,C,I,C,G,B,H,D,I,G,F,I,J,D,G,J,D,E,J,G,C,1.0,draw
371,caste,4,D,J,I,H,F,I,J,F,H,A,D,B,C,I,A,F,B,H,D,E,1.0,draw
371,caste,5,E,A,D,A,D,A,G,A,C,J,C,G,A,F,E,H,G,C,I,A,1.0,draw
371,radicaleq,6,F,B,J,C,J,B,E,B,E,B,E,H,E,H,B,C,I,A,F,B,1.0,draw
372,radicaleq,1,A,G,G,E,E,G,C,H,D,I,G,F,I,J,D,G,J,D,E,J,1.0,draw
372,radicaleq,2,B,H,H,F,I,E,F,C,J,D,H,A,F,B,C,I,A,F,B,H,1.0,draw
372,caste,3,C,I,C,G,B,H,D,I,G,F,I,J,D,G,J,D,E,J,G,C,1.0,draw
372,radicaleq,4,D,J,I,H,F,I,J,F,H,A,D,B,C,I,A,F,B,H,D,E,1.0,draw
372,caste,5,E,A,D,A,D,A,G,A,C,J,C,G,A,F,E,H,G,C,I,A,1.0,draw
372,caste,6,F,B,J,C,J,B,E,B,E,B,E,H,E,H,B,C,I,A,F,B,1.0,draw
373,caste,1,A,G,G,E,E,G,C,H,D,I,G,F,I,J,D,G,J,D,E,J,1.0,draw
373,radicaleq,2,B,H,H,F,I,E,F,C,J,D,H,A,F,B,C,I,A,F,B,H,1.0,draw
373,caste,3,C,I,C,G,B,H,D,I,G,F,I,J,D,G,J,D,E,J,G,C,1.0,draw
373,radicaleq,4,D,J,I,H,F,I,J,F,H,A,D,B,C,I,A,F,B,H,D,E,1.0,draw
373,caste,5,E,A,D,A,D,A,G,A,C,J,C,G,A,F,E,H,G,C,I,A,1.0,draw
373,radicaleq,6,F,B,J,C,J,B,E,B,E,B,E,H,E,H,B,C,I,A,F,B,1.0,draw
374,radicaleq,1,A,G,G,E,E,G,C,H,D,I,G,F,I,J,D,G,J,D,E,J,1.0,draw
374,caste,2,B,H,H,F,I,E,F,C,J,D,H,A,F,B,C,I,A,F,B,H,1.0,draw
374,caste,3,C,I,C,G,B,H,D,I,G,F,I,J,D,G,J,D,E,J,G,C,1.0,draw
374,caste,4,D,J,I,H,F,I,J,F,H,A,D,B,C,I,A,F,B,H,D,E,1.0,draw
374,radicaleq,5,E,A,D,A,D,A,G,A,C,J,C,G,A,F,E,H,G,C,I,A,1.0,draw
374,radicaleq,6,F,B,J,C,J,B,E,B,E,B,E,H,E,H,B,C,I,A,F,B,1.0,draw
375,caste,1,A,G,G,E,E,G,C,H,D,I,G,F,I,J,D,G,J,D,E,J,1.0,draw
375,radicaleq,2,B,H,H,F,I,E,F,C,J,D,H,A,F,B,C,I,A,F,B,H,1.0,draw
375,radicaleq,3,C,I,C,G,B,H,D,I,G,F,I,J,D,G,J,D,E,J,G,C,1.0,draw
375,radicaleq,4,D,J,I,H,F,I,J,F,H,A,D,B,C,I,A,F,B,H,D,E,1.0,draw
375,caste,5,E,A,D,A,D,A,G,A,C,J,C,G,A,F,E,H,G,C,I,A,1.0,draw
375,caste,6,F,B,J,C,J,B,E,B,E,B,E,H,E,H,B,C,I,A,F,B,1.0,draw
376,caste,1,A,G,G,E,E,G,C,H,D,I,G,F,I,J,D,G,J,D,E,J,1.0,draw
376,radicaleq,2,B,H,H,F,I,E,F,C,J,D,H,A,F,B,C,I,A,F,B,H,1.0,draw
376,radicaleq,3,C,I,C,G,B,H,D,I,G,F,I,J,D,G,J,D,E,J,G,C,1.0,draw
376,caste,4,D,J,I,H,F,I,J,F,H,A,D,B,C,I,A,F,B,H,D,E,1.0,draw
376,caste,5,E,A,D,A,D,A,G,A,C,J,C,G,A,F,E,H,G,C,I,A,1.0,draw
376,radicaleq,6,F,B,J,C,J,B,E,B,E,B,E,H,E,H,B,C,I,A,F,B,1.0,draw
377,radicaleq,1,A,G,G,E,E,G,C,H,D,I,G,F,I,J,D,G,J,D,E,J,1.0,draw
377,radicaleq,2,B,H,H,F,I,E,F,C,J,D,H,A,F,B,C,I,A,F,B,H,1.0,draw
377,caste,3,C,I,C,G,B,H,D,I,G,F,I,J,D,G,J,D,E,J,G,C,1.0,draw
377,caste,4,D,J,I,H,F,I,J,F,H,A,D,B,C,I,A,F,B,H,D,E,1.0,draw
377,caste,5,E,A,D,A,D,A,G,A,C,J,C,G,A,F,E,H,G,C,I,A,1.0,draw
377,radicaleq,6,F,B,J,C,J,B,E,B,E,B,E,H,E,H,B,C,I,A,F,B,1.0,draw
378,caste,1,A,G,G,E,E,G,C,H,D,I,G,F,I,J,D,G,J,D,E,J,1.0,draw
378,caste,2,B,H,H,F,I,E,F,C,J,D,H,A,F,B,C,I,A,F,B,H,1.0,draw
378,radicaleq,3,C,I,C,G,B,H,D,I,G,F,I,J,D,G,J,D,E,J,G,C,1.0,draw
378,caste,4,D,J,I,H,F,I,J,F,H,A,D,B,C,I,A,F,B,H,D,E,1.0,draw
378,radicaleq,5,E,A,D,A,D,A,G,A,C,J,C,G,A,F,E,H,G,C,I,A,1.0,draw
378,radicaleq,6,F,B,J,C,J,B,E,B,E,B,E,H,E,H,B,C,I,A,F,B,1.0,draw
379,radicaleq,1,A,G,G,E,E,G,C,H,D,I,G,F,I,J,D,G,J,D,E,J,1.0,draw
379,radicaleq,2,B,H,H,F,I,E,F,C,J,D,H,A,F,B,C,I,A,F,B,H,1.0,draw
379,radicaleq,3,C,I,C,G,B,H,D,I,G,F,I,J,D,G,J,D,E,J,G,C,1.0,draw
379,caste,4,D,J,I,H,F,I,J,F,H,A,D,B,C,I,A,F,B,H,D,E,1.0,draw
379,caste,5,E,A,D,A,D,A,G,A,C,J,C,G,A,F,E,H,G,C,I,A,1.0,draw
379,caste,6,F,B,J,C,J,B,E,B,E,B,E,H,E,H,B,C,I,A,F,B,1.0,draw
380,caste,1,A,G,G,E,E,G,C,H,D,I,G,F,I,J,D,G,J,D,E,J,1.0,draw
380,caste,2,B,H,H,F,I,E,F,C,J,D,H,A,F,B,C,I,A,F,B,H,1.0,draw
380,caste,3,C,I,C,G,B,H,D,I,G,F,I,J,D,G,J,D,E,J,G,C,1.0,draw
380,radicaleq,4,D,J,I,H,F,I,J,F,H,A,D,B,C,I,A,F,B,H,D,E,1.0,draw
380,radicaleq,5,E,A,D,A,D,A,G,A,C,J,C,G,A,F,E,H,G,C,I,A,1.0,draw
380,radicaleq,6,F,B,J,C,J,B,E,B,E,B,E,H,E,H,B,C,I,A,F,B,1.0,draw
381,rotate0,1,A,A,A,A,A,A,A,A,A,A,A,A,A,A,A,A,A,A,A,A,0.95,caste
381,caste,2,B,H,G,G,I,G,B,E,H,J,H,I,H,B,D,B,D,B,D,B,1.0,caste
381,rotate0,3,C,C,C,C,C,C,C,C,C,C,C,C,C,C,C,C,C,C,C,C,1.0,caste
381,caste,4,D,J,I,H,J,H,J,G,I,D,B,E,G,J,H,I,E,G,J,H,1.0,caste
381,caste,5,E,A,B,D,E,I,D,B,E,G,J,D,I,E,G,J,H,I,E,G,0.95,caste
381,rotate0,6,F,F,F,F,F,F,F,F,F,F,F,F,F,F,F,F,F,F,F,F,1.0,caste
382,rotate0,1,A,A,A,A,A,A,A,A,A,A,A,A,A,A,A,A,A,A,A,A,0.95,caste
382,rotate0,2,B,B,B,B,B,B,B,B,B,B,B,B,B,B,B,B,B,B,B,B,1.0,caste
382,caste,3,C,I,G,G,H,G,C,E,H,E,H,I,H,C,D,C,D,C,D,C,1.0,caste
382,caste,4,D,J,H,I,J,H,J,G,I,D,C,J,G,E,H,I,J,G,E,H,1.0,caste
382,caste,5,E,A,C,D,E,I,D,C,J,G,E,D,I,J,G,E,H,I,J,G,0.95,caste
382,rotate0,6,F,F,F,F,F,F,F,F,F,F,F,F,F,F,F,F,F,F,F,F,1.0,caste
383,caste,1,A,G,H,H,D,A,C,A,D,J,H,J,H,C,H,D,I,D,I,D,1.0,draw
383,rotate0,2,B,B,B,B,B,B,B,B,B,B,B,B,B,B,B,B,B,B,B,B,1.0,draw
383,caste,3,C,I,A,C,J,D,I,H,G,A,C,I,D,G,A,J,H,C,G,A,1.0,draw
383,caste,4,D,J,G,I,H,G,J,C,I,D,G,A,J,I,C,G,A,J,H,C,1.0,draw
383,rotate0,5,E,E,E,E,E,E,E,E,E,E,E,E,E,E,E,E,E,E,E,E,1.0,draw
383,rotate0,6,F,F,F,F,F,F,F,F,F,F,F,F,F,F,F,F,F,F,F,F,1.0,draw
384,caste,1,A,G,I,I,J,J,G,J,I,H,I,H,I,H,I,B,A,B,A,B,1.0,draw
384,caste,2,B,H,J,B,E,B,E,B,E,J,E,A,B,G,J,E,I,H,G,J,1.0,draw
384,rotate0,3,C,C,C,C,C,C,C,C,C,C,C,C,C,C,C,C,C,C,C,C,1.0,draw
384,rotate0,4,D,D,D,D,D,D,D,D,D,D,D,D,D,D,D,D,D,D,D,D,1.0,draw
384,caste,5,E,A,G,H,I,A,H,G,A,B,G,J,E,A,H,G,J,E,I,H,1.0,draw
384,rotate0,6,F,F,F,F,F,F,F,F,F,F,F,F,F,F,F,F,F,F,F,F,1.0,draw
385,caste,1,A,G,H,G,I,G,A,F,H,F,H,I,H,F,D,F,D,F,D,F,1.0,caste
385,rotate0,2,B,B,B,B,B,B,B,B,B,B,B,B,B,B,B,B,B,B,B,B,0.95,caste
385,rotate0,3,C,C,C,C,C,C,C,C,C,C,C,C,C,C,C,C,C,C,C,C,1.0,caste
385,caste,4,D,J,I,H,J,H,J,G,I,D,F,J,G,A,H,I,J,G,A,H,1.0,caste
385,rotate0,5,E,E,E,E,E,E,E,E,E,E,E,E,E,E,E,E,E,E,E,E,1.0,caste
385,caste,6,F,B,A,D,F,I,D,A,J,G,A,D,I,J,G,A,H,I,J,G,0.95,caste
386,rotate0,1,A,A,A,A,A,A,A,A,A,A,A,A,A,A,A,A,A,A,A,A,0.95,caste
386,caste,2,B,H,G,G,I,G,J,E,J,E,J,E,J,H,C,H,B,H,B,H,1.0,caste
386,caste,3,C,I,J,H,J,H,B,G,I,C,H,B,G,I,J,E,C,G,I,J,1.0,caste
386,rotate0,4,D,D,D,D,D,D,D,D,D,D,D,D,D,D,D,D,D,D,D,D,1.0,caste
386,caste,5,E,A,B,C,E,I,C,H,B,G,I,C,E,B,G,I,J,E,C,G,0.95,caste
386,rotate0,6,F,F,F,F,F,F,F,F,F,F,F,F,F,F,F,F,F,F,F,F,1.0,caste
387,rotate0,1,A,A,A,A,A,A,A,A,A,A,A,A,A,A,A,A,A,A,A,A,0.95,draw
387,rotate0,2,B,B,B,B,B,B,B,B,B,B,B,B,B,B,B,B,B,B,B,B,0.95,draw
387,caste,3,C,I,G,C,E,J,G,H,G,E,G,H,F,C,J,C,J,C,J,F,1.0,draw
387,rotate0,4,D,D,D,D,D,D,D,D,D,D,D,D,D,D,D,D,D,D,D,D,1.0,draw
387,caste,5,E,A,H,G,H,C,I,F,H,J,C,I,G,E,F,H,I,G,E,C,0.95,draw
387,caste,6,F,B,J,I,F,E,J,C,I,F,E,J,H,I,G,E,F,H,I,G,0.95,draw
388,caste,1,A,G,H,H,J,J,G,J,A,I,G,C,G,H,G,A,E,A,E,A,1.0,draw
388,rotate0,2,B,B,B,B,B,B,B,B,B,B,B,B,B,B,B,B,B,B,B,B,1.0,draw
388,caste,3,C,I,J,C,E,A,E,G,C,J,H,E,A,I,J,C,G,H,I,J,1.0,draw
388,rotate0,4,D,D,D,D,D,D,D,D,D,D,D,D,D,D,D,D,D,D,D,D,1.0,draw
388,caste,5,E,A,G,I,H,C,I,H,E,A,I,J,C,E,H,I,J,C,G,H,1.0,draw
388,rotate0,6,F,F,F,F,F,F,F,F,F,F,F,F,F,F,F,F,F,F,F,F,1.0,draw
389,rotate0,1,A,A,A,A,A,A,A,A,A,A,A,A,A,A,A,A,A,A,A,A,1.0,caste
389,rotate0,2,B,B,B,B,B,B,B,B,B,B,B,B,B,B,B,B,B,B,B,B,0.95,caste
389,caste,3,C,I,G,G,H,G,J,F,J,F,J,F,J,F,D,F,D,F,D,F,1.0,caste
389,caste,4,D,J,H,I,J,H,C,G,C,D,C,I,G,H,J,C,I,G,H,J,1.0,caste
389,rotate0,5,E,E,E,E,E,E,E,E,E,E,E,E,E,E,E,E,E,E,E,E,1.0,caste
389,caste,6,F,B,C,D,F,I,D,H,I,G,H,D,C,I,G,H,J,C,I,G,0.95,caste
390,rotate0,1,A,A,A,A,A,A,A,A,A,A,A,A,A,A,A,A,A,A,A,A,0.95,draw
390,rotate0,2,B,B,B,B,B,B,B,B,B,B,B,B,B,B,B,B,B,B,B,B,0.95,draw
390,rotate0,3,C,C,C,C,C,C,C,C,C,C,C,C,C,C,C,C,C,C,C,C,1.0,draw
390,caste,4,D,J,G,D,E,I,G,J,G,H,G,J,F,D,I,D,I,D,I,F,1.0,draw
390,caste,5,E,A,H,G,H,D,H,F,J,I,D,E,G,H,F,J,E,G,H,D,0.95,draw
390,caste,6,F,B,I,J,F,E,I,D,E,F,H,I,J,E,G,H,F,J,E,G,0.95,draw
391,caste,1,A,G,H,G,I,G,I,J,A,E,A,H,A,I,F,I,F,I,F,I,1.0,caste
391,rotate0,2,B,B,B,B,B,B,B,B,B,B,B,B,B,B,B,B,B,B,B,B,0.95,caste
391,rotate0,3,C,C,C,C,C,C,C,C,C,C,C,C,C,C,C,C,C,C,C,C,1.0,caste
391,rotate0,4,D,D,D,D,D,D,D,D,D,D,D,D,D,D,D,D,D,D,D,D,1.0,caste
391,caste,5,E,A,I,H,F,A,E,G,H,F,I,J,G,E,A,H,J,G,E,A,1.0,caste
391,caste,6,F,B,J,E,J,H,F,I,J,G,E,F,H,J,G,E,A,H,J,G,0.95,caste
392,caste,1,A,G,H,G,I,G,J,F,J,F,J,F,J,I,C,I,C,I,C,I,1.0,caste
392,rotate0,2,B,B,B,B,B,B,B,B,B,B,B,B,B,B,B,B,B,B,B,B,0.95,caste
392,caste,3,C,I,J,H,J,H,A,G,I,C,I,A,G,A,J,F,H,G,A,J,1.0,caste
392,rotate0,4,D,D,D,D,D,D,D,D,D,D,D,D,D,D,D,D,D,D,D,D,1.0,caste
392,rotate0,5,E,E,E,E,E,E,E,E,E,E,E,E,E,E,E,E,E,E,E,E,1.0,caste
392,caste,6,F,B,A,C,F,I,C,H,A,G,H,C,F,H,G,A,J,F,H,G,0.95,caste
393,rotate0,1,A,A,A,A,A,A,A,A,A,A,A,A,A,A,A,A,A,A,A,A,1.0,draw
393,caste,2,B,H,G,G,J,J,H,J,H,I,H,I,H,I,H,C,B,C,B,C,1.0,draw
393,caste,3,C,I,J,C,F,C,F,C,F,J,F,B,C,G,J,F,H,I,G,J,1.0,draw
393,rotate0,4,D,D,D,D,D,D,D,D,D,D,D,D,D,D,D,D,D,D,D,D,1.0,draw
393,rotate0,5,E,E,E,E,E,E,E,E,E,E,E,E,E,E,E,E,E,E,E,E,1.0,draw
393,caste,6,F,B,H,I,G,B,I,G,B,C,G,J,F,B,I,G,J,F,H,I,1.0,draw
394,rotate0,1,A,A,A,A,A,A,A,A,A,A,A,A,A,A,A,A,A,A,A,A,0.95,draw
394,caste,2,B,H,G,G,J,G,H,F,B,E,B,F,B,H,I,H,I,H,F,H,1.0,draw
394,rotate0,3,C,C,C,C,C,C,C,C,C,C,C,C,C,C,C,C,C,C,C,C,1.0,draw
394,rotate0,4,D,D,D,D,D,D,D,D,D,D,D,D,D,D,D,D,D,D,D,D,1.0,draw
394,caste,5,E,A,J,E,I,B,I,H,F,G,E,I,F,J,G,E,B,I,J,F,0.95,draw
394,caste,6,F,B,I,H,F,J,E,G,J,I,H,J,G,E,B,F,J,G,E,B,1.0,draw
395,caste,1,A,G,I,I,D,A,G,A,I,J,G,J,G,J,G,I,D,I,D,I,1.0,draw
395,caste,2,B,H,A,B,J,B,H,G,H,A,B,D,I,H,A,B,G,J,H,A,1.0,draw
395,rotate0,3,C,C,C,C,C,C,C,C,C,C,C,C,C,C,C,C,C,C,C,C,1.0,draw
395,caste,4,D,J,G,H,I,D,J,B,D,I,H,A,B,D,J,H,A,B,G,J,1.0,draw
395,rotate0,5,E,E,E,E,E,E,E,E,E,E,E,E,E,E,E,E,E,E,E,E,1.0,draw
395,rotate0,6,F,F,F,F,F,F,F,F,F,F,F,F,F,F,F,F,F,F,F,F,1.0,draw
396,rotate0,1,A,A,A,A,A,A,A,A,A,A,A,A,A,A,A,A,A,A,A,A,1.0,draw
396,caste,2,B,H,G,G,D,B,H,B,C,J,G,J,G,J,G,C,I,C,I,C,1.0,draw
396,caste,3,C,I,B,C,J,C,I,G,D,B,H,I,C,D,B,H,G,J,D,B,1.0,draw
396,caste,4,D,J,H,I,G,D,J,H,I,C,D,B,H,I,J,D,B,H,G,J,1.0,draw
396,rotate0,5,E,E,E,E,E,E,E,E,E,E,E,E,E,E,E,E,E,E,E,E,1.0,draw
396,rotate0,6,F,F,F,F,F,F,F,F,F,F,F,F,F,F,F,F,F,F,F,F,1.0,draw
397,caste,1,A,G,H,H,J,J,D,J,A,I,H,G,H,D,H,A,E,A,E,A,1.0,draw
397,rotate0,2,B,B,B,B,B,B,B,B,B,B,B,B,B,B,B,B,B,B,B,B,1.0,draw
397,rotate0,3,C,C,C,C,C,C,C,C,C,C,C,C,C,C,C,C,C,C,C,C,1.0,draw
397,caste,4,D,J,I,D,E,A,E,H,G,J,D,E,A,I,J,G,H,D,I,J,1.0,draw
397,caste,5,E,A,G,I,H,G,I,D,E,A,I,J,G,E,D,I,J,G,H,D,1.0,draw
397,rotate0,6,F,F,F,F,F,F,F,F,F,F,F,F,F,F,F,F,F,F,F,F,1.0,draw
398,caste,1,A,G,I,G,J,I,B,I,B,H,B,H,B,H,B,H,A,H,A,H,1.0,draw
398,caste,2,B,H,J,I,F,J,F,J,F,I,F,A,J,G,I,F,B,J,G,I,1.0,draw
398,rotate0,3,C,C,C,C,C,C,C,C,C,C,C,C,C,C,C,C,C,C,C,C,1.0,draw
398,rotate0,4,D,D,D,D,D,D,D,D,D,D,D,D,D,D,D,D,D,D,D,D,1.0,draw
398,rotate0,5,E,E,E,E,E,E,E,E,E,E,E,E,E,E,E,E,E,E,E,E,1.0,draw
398,caste,6,F,B,A,H,G,A,H,G,A,J,G,I,F,A,J,G,I,F,B,J,1.0,draw
399,rotate0,1,A,A,A,A,A,A,A,A,A,A,A,A,A,A,A,A,A,A,A,A,1.0,draw
399,caste,2,B,H,G,G,J,J,H,J,B,I,G,I,G,B,G,I,F,I,F,I,1.0,draw
399,rotate0,3,C,C,C,C,C,C,C,C,C,C,C,C,C,C,C,C,C,C,C,C,1.0,draw
399,caste,4,D,J,I,D,F,B,F,G,D,J,H,F,I,D,J,H,G,B,D,J,1.0,draw
399,rotate0,5,E,E,E,E,E,E,E,E,E,E,E,E,E,E,E,E,E,E,E,E,1.0,draw
399,caste,6,F,B,H,I,G,D,I,H,F,B,D,J,H,F,B,D,J,H,G,B,1.0,draw
400,caste,1,A,G,J,J,C,A,G,A,B,I,G,I,G,B,G,I,C,I,C,I,1.0,draw
400,caste,2,B,H,A,B,I,B,H,G,H,A,J,C,I,H,A,J,G,B,H,A,1.0,draw
400,caste,3,C,I,G,H,J,C,I,J,C,B,H,A,J,C,B,H,A,J,G,B,1.0,draw
400,rotate0,4,D,D,D,D,D,D,D,D,D,D,D,D,D,D,D,D,D,D,D,D,1.0,draw
400,rotate0,5,E,E,E,E,E,E,E,E,E,E,E,E,E,E,E,E,E,E,E,E,1.0,draw
400,rotate0,6,F,F,F,F,F,F,F,F,F,F,F,F,F,F,F,F,F,F,F,F,1.0,draw
401,caste,1,A,G,G,E,E,G,C,H,D,I,G,F,I,J,D,G,J,D,E,J,1.0,draw
401,caste,2,B,H,H,F,I,E,F,C,J,D,H,A,F,B,C,I,A,F,B,H,1.0,draw
401,caste,3,C,I,C,G,B,H,D,I,G,F,I,J,D,G,J,D,E,J,G,C,1.0,draw
401,caste,4,D,J,I,H,F,I,J,F,H,A,D,B,C,I,A,F,B,H,D,E,1.0,draw
401,caste,5,E,A,D,A,D,A,G,A,C,J,C,G,A,F,E,H,G,C,I,A,1.0,draw
401,caste,6,F,B,J,C,J,B,E,B,E,B,E,H,E,H,B,C,I,A,F,B,1.0,draw
402,caste,1,A,G,G,E,E,G,C,H,D,I,G,F,I,J,D,G,J,D,E,J,1.0,draw
402,caste,2,B,H,H,F,I,E,F,C,J,D,H,A,F,B,C,I,A,F,B,H,1.0,draw
402,caste,3,C,I,C,G,B,H,D,I,G,F,I,J,D,G,J,D,E,J,G,C,1.0,draw
402,caste,4,D,J,I,H,F,I,J,F,H,A,D,B,C,I,A,F,B,H,D,E,1.0,draw
402,caste,5,E,A,D,A,D,A,G,A,C,J,C,G,A,F,E,H,G,C,I,A,1.0,draw
402,caste,6,F,B,J,C,J,B,E,B,E,B,E,H,E,H,B,C,I,A,F,B,1.0,draw
403,caste,1,A,G,G,E,E,G,C,H,D,I,G,F,I,J,D,G,J,D,E,J,1.0,draw
403,caste,2,B,H,H,F,I,E,F,C,J,D,H,A,F,B,C,I,A,F,B,H,1.0,draw
403,caste,3,C,I,C,G,B,H,D,I,G,F,I,J,D,G,J,D,E,J,G,C,1.0,draw
403,caste,4,D,J,I,H,F,I,J,F,H,A,D,B,C,I,A,F,B,H,D,E,1.0,draw
403,caste,5,E,A,D,A,D,A,G,A,C,J,C,G,A,F,E,H,G,C,I,A,1.0,draw
403,caste,6,F,B,J,C,J,B,E,B,E,B,E,H,E,H,B,C,I,A,F,B,1.0,draw
404,caste,1,A,G,G,E,E,G,C,H,D,I,G,F,I,J,D,G,J,D,E,J,1.0,draw
404,caste,2,B,H,H,F,I,E,F,C,J,D,H,A,F,B,C,I,A,F,B,H,1.0,draw
404,caste,3,C,I,C,G,B,H,D,I,G,F,I,J,D,G,J,D,E,J,G,C,1.0,draw
404,caste,4,D,J,I,H,F,I,J,F,H,A,D,B,C,I,A,F,B,H,D,E,1.0,draw
404,caste,5,E,A,D,A,D,A,G,A,C,J,C,G,A,F,E,H,G,C,I,A,1.0,draw
404,caste,6,F,B,J,C,J,B,E,B,E,B,E,H,E,H,B,C,I,A,F,B,1.0,draw
405,caste,1,A,G,G,E,E,G,C,H,D,I,G,F,I,J,D,G,J,D,E,J,1.0,draw
405,caste,2,B,H,H,F,I,E,F,C,J,D,H,A,F,B,C,I,A,F,B,H,1.0,draw
405,caste,3,C,I,C,G,B,H,D,I,G,F,I,J,D,G,J,D,E,J,G,C,1.0,draw
405,caste,4,D,J,I,H,F,I,J,F,H,A,D,B,C,I,A,F,B,H,D,E,1.0,draw
405,caste,5,E,A,D,A,D,A,G,A,C,J,C,G,A,F,E,H,G,C,I,A,1.0,draw
405,caste,6,F,B,J,C,J,B,E,B,E,B,E,H,E,H,B,C,I,A,F,B,1.0,draw
406,caste,1,A,G,G,E,E,G,C,H,D,I,G,F,I,J,D,G,J,D,E,J,1.0,draw
406,caste,2,B,H,H,F,I,E,F,C,J,D,H,A,F,B,C,I,A,F,B,H,1.0,draw
406,caste,3,C,I,C,G,B,H,D,I,G,F,I,J,D,G,J,D,E,J,G,C,1.0,draw
406,caste,4,D,J,I,H,F,I,J,F,H,A,D,B,C,I,A,F,B,H,D,E,1.0,draw
406,caste,5,E,A,D,A,D,A,G,A,C,J,C,G,A,F,E,H,G,C,I,A,1.0,draw
406,caste,6,F,B,J,C,J,B,E,B,E,B,E,H,E,H,B,C,I,A,F,B,1.0,draw
407,caste,1,A,G,G,E,E,G,C,H,D,I,G,F,I,J,D,G,J,D,E,J,1.0,draw
407,caste,2,B,H,H,F,I,E,F,C,J,D,H,A,F,B,C,I,A,F,B,H,1.0,draw
407,caste,3,C,I,C,G,B,H,D,I,G,F,I,J,D,G,J,D,E,J,G,C,1.0,draw
407,caste,4,D,J,I,H,F,I,J,F,H,A,D,B,C,I,A,F,B,H,D,E,1.0,draw
407,caste,5,E,A,D,A,D,A,G,A,C,J,C,G,A,F,E,H,G,C,I,A,1.0,draw
407,caste,6,F,B,J,C,J,B,E,B,E,B,E,H,E,H,B,C,I,A,F,B,1.0,draw
408,caste,1,A,G,G,E,E,G,C,H,D,I,G,F,I,J,D,G,J,D,E,J,1.0,draw
408,caste,2,B,H,H,F,I,E,F,C,J,D,H,A,F,B,C,I,A,F,B,H,1.0,draw
408,caste,3,C,I,C,G,B,H,D,I,G,F,I,J,D,G,J,D,E,J,G,C,1.0,draw
408,caste,4,D,J,I,H,F,I,J,F,H,A,D,B,C,I,A,F,B,H,D,E,1.0,draw
408,caste,5,E,A,D,A,D,A,G,A,C,J,C,G,A,F,E,H,G,C,I,A,1.0,draw
408,caste,6,F,B,J,C,J,B,E,B,E,B,E,H,E,H,B,C,I,A,F,B,1.0,draw
409,caste,1,A,G,G,E,E,G,C,H,D,I,G,F,I,J,D,G,J,D,E,J,1.0,draw
409,caste,2,B,H,H,F,I,E,F,C,J,D,H,A,F,B,C,I,A,F,B,H,1.0,draw
409,caste,3,C,I,C,G,B,H,D,I,G,F,I,J,D,G,J,D,E,J,G,C,1.0,draw
409,caste,4,D,J,I,H,F,I,J,F,H,A,D,B,C,I,A,F,B,H,D,E,1.0,draw
409,caste,5,E,A,D,A,D,A,G,A,C,J,C,G,A,F,E,H,G,C,I,A,1.0,draw
409,caste,6,F,B,J,C,J,B,E,B,E,B,E,H,E,H,B,C,I,A,F,B,1.0,draw
410,caste,1,A,G,G,E,E,G,C,H,D,I,G,F,I,J,D,G,J,D,E,J,1.0,draw
410,caste,2,B,H,H,F,I,E,F,C,J,D,H,A,F,B,C,I,A,F,B,H,1.0,draw
410,caste,3,C,I,C,G,B,H,D,I,G,F,I,J,D,G,J,D,E,J,G,C,1.0,draw
410,caste,4,D,J,I,H,F,I,J,F,H,A,D,B,C,I,A,F,B,H,D,E,1.0,draw
410,caste,5,E,A,D,A,D,A,G,A,C,J,C,G,A,F,E,H,G,C,I,A,1.0,draw
410,caste,6,F,B,J,C,J,B,E,B,E,B,E,H,E,H,B,C,I,A,F,B,1.0,draw
411,caste,1,A,G,G,E,E,G,C,H,D,I,G,F,I,J,D,G,J,D,E,J,1.0,draw
411,caste,2,B,H,H,F,I,E,F,C,J,D,H,A,F,B,C,I,A,F,B,H,1.0,draw
411,caste,3,C,I,C,G,B,H,D,I,G,F,I,J,D,G,J,D,E,J,G,C,1.0,draw
411,caste,4,D,J,I,H,F,I,J,F,H,A,D,B,C,I,A,F,B,H,D,E,1.0,draw
411,caste,5,E,A,D,A,D,A,G,A,C,J,C,G,A,F,E,H,G,C,I,A,1.0,draw
411,caste,6,F,B,J,C,J,B,E,B,E,B,E,H,E,H,B,C,I,A,F,B,1.0,draw
412,caste,1,A,G,G,E,E,G,C,H,D,I,G,F,I,J,D,G,J,D,E,J,1.0,draw
412,caste,2,B,H,H,F,I,E,F,C,J,D,H,A,F,B,C,I,A,F,B,H,1.0,draw
412,caste,3,C,I,C,G,B,H,D,I,G,F,I,J,D,G,J,D,E,J,G,C,1.0,draw
412,caste,4,D,J,I,H,F,I,J,F,H,A,D,B,C,I,A,F,B,H,D,E,1.0,draw
412,caste,5,E,A,D,A,D,A,G,A,C,J,C,G,A,F,E,H,G,C,I,A,1.0,draw
412,caste,6,F,B,J,C,J,B,E,B,E,B,E,H,E,H,B,C,I,A,F,B,1.0,draw
413,caste,1,A,G,G,E,E,G,C,H,D,I,G,F,I,J,D,G,J,D,E,J,1.0,draw
413,caste,2,B,H,H,F,I,E,F,C,J,D,H,A,F,B,C,I,A,F,B,H,1.0,draw
413,caste,3,C,I,C,G,B,H,D,I,G,F,I,J,D,G,J,D,E,J,G,C,1.0,draw
413,caste,4,D,J,I,H,F,I,J,F,H,A,D,B,C,I,A,F,B,H,D,E,1.0,draw
413,caste,5,E,A,D,A,D,A,G,A,C,J,C,G,A,F,E,H,G,C,I,A,1.0,draw
413,caste,6,F,B,J,C,J,B,E,B,E,B,E,H,E,H,B,C,I,A,F,B,1.0,draw
414,caste,1,A,G,G,E,E,G,C,H,D,I,G,F,I,J,D,G,J,D,E,J,1.0,draw
414,caste,2,B,H,H,F,I,E,F,C,J,D,H,A,F,B,C,I,A,F,B,H,1.0,draw
414,caste,3,C,I,C,G,B,H,D,I,G,F,I,J,D,G,J,D,E,J,G,C,1.0,draw
414,caste,4,D,J,I,H,F,I,J,F,H,A,D,B,C,I,A,F,B,H,D,E,1.0,draw
414,caste,5,E,A,D,A,D,A,G,A,C,J,C,G,A,F,E,H,G,C,I,A,1.0,draw
414,caste,6,F,B,J,C,J,B,E,B,E,B,E,H,E,H,B,C,I,A,F,B,1.0,draw
415,caste,1,A,G,G,E,E,G,C,H,D,I,G,F,I,J,D,G,J,D,E,J,1.0,draw
415,caste,2,B,H,H,F,I,E,F,C,J,D,H,A,F,B,C,I,A,F,B,H,1.0,draw
415,caste,3,C,I,C,G,B,H,D,I,G,F,I,J,D,G,J,D,E,J,G,C,1.0,draw
415,caste,4,D,J,I,H,F,I,J,F,H,A,D,B,C,I,A,F,B,H,D,E,1.0,draw
415,caste,5,E,A,D,A,D,A,G,A,C,J,C,G,A,F,E,H,G,C,I,A,1.0,draw
415,caste,6,F,B,J,C,J,B,E,B,E,B,E,H,E,H,B,C,I,A,F,B,1.0,draw
416,caste,1,A,G,G,E,E,G,C,H,D,I,G,F,I,J,D,G,J,D,E,J,1.0,draw
416,caste,2,B,H,H,F,I,E,F,C,J,D,H,A,F,B,C,I,A,F,B,H,1.0,draw
416,caste,3,C,I,C,G,B,H,D,I,G,F,I,J,D,G,J,D,E,J,G,C,1.0,draw
416,caste,4,D,J,I,H,F,I,J,F,H,A,D,B,C,I,A,F,B,H,D,E,1.0,draw
416,caste,5,E,A,D,A,D,A,G,A,C,J,C,G,A,F,E,H,G,C,I,A,1.0,draw
416,caste,6,F,B,J,C,J,B,E,B,E,B,E,H,E,H,B,C,I,A,F,B,1.0,draw
417,caste,1,A,G,G,E,E,G,C,H,D,I,G,F,I,J,D,G,J,D,E,J,1.0,draw
417,caste,2,B,H,H,F,I,E,F,C,J,D,H,A,F,B,C,I,A,F,B,H,1.0,draw
417,caste,3,C,I,C,G,B,H,D,I,G,F,I,J,D,G,J,D,E,J,G,C,1.0,draw
417,caste,4,D,J,I,H,F,I,J,F,H,A,D,B,C,I,A,F,B,H,D,E,1.0,draw
417,caste,5,E,A,D,A,D,A,G,A,C,J,C,G,A,F,E,H,G,C,I,A,1.0,draw
417,caste,6,F,B,J,C,J,B,E,B,E,B,E,H,E,H,B,C,I,A,F,B,1.0,draw
418,caste,1,A,G,G,E,E,G,C,H,D,I,G,F,I,J,D,G,J,D,E,J,1.0,draw
418,caste,2,B,H,H,F,I,E,F,C,J,D,H,A,F,B,C,I,A,F,B,H,1.0,draw
418,caste,3,C,I,C,G,B,H,D,I,G,F,I,J,D,G,J,D,E,J,G,C,1.0,draw
418,caste,4,D,J,I,H,F,I,J,F,H,A,D,B,C,I,A,F,B,H,D,E,1.0,draw
418,caste,5,E,A,D,A,D,A,G,A,C,J,C,G,A,F,E,H,G,C,I,A,1.0,draw
418,caste,6,F,B,J,C,J,B,E,B,E,B,E,H,E,H,B,C,I,A,F,B,1.0,draw
419,caste,1,A,G,G,E,E,G,C,H,D,I,G,F,I,J,D,G,J,D,E,J,1.0,draw
419,caste,2,B,H,H,F,I,E,F,C,J,D,H,A,F,B,C,I,A,F,B,H,1.0,draw
419,caste,3,C,I,C,G,B,H,D,I,G,F,I,J,D,G,J,D,E,J,G,C,1.0,draw
419,caste,4,D,J,I,H,F,I,J,F,H,A,D,B,C,I,A,F,B,H,D,E,1.0,draw
419,caste,5,E,A,D,A,D,A,G,A,C,J,C,G,A,F,E,H,G,C,I,A,1.0,draw
419,caste,6,F,B,J,C,J,B,E,B,E,B,E,H,E,H,B,C,I,A,F,B,1.0,draw
420,caste,1,A,G,G,E,E,G,C,H,D,I,G,F,I,J,D,G,J,D,E,J,1.0,draw
420,caste,2,B,H,H,F,I,E,F,C,J,D,H,A,F,B,C,I,A,F,B,H,1.0,draw
420,caste,3,C,I,C,G,B,H,D,I,G,F,I,J,D,G,J,D,E,J,G,C,1.0,draw
420,caste,4,D,J,I,H,F,I,J,F,H,A,D,B,C,I,A,F,B,H,D,E,1.0,draw
420,caste,5,E,A,D,A,D,A,G,A,C,J,C,G,A,F,E,H,G,C,I,A,1.0,draw
420,caste,6,F,B,J,C,J,B,E,B,E,B,E,H,E,H,B,C,I,A,F,B,1.0,draw
421,equalize,1,A,E,A,C,C,D,E,I,E,A,H,C,I,B,H,E,E,G,B,F,0.85,equalize
421,equalize,2,B,F,E,G,G,H,A,B,A,I,B,E,G,C,I,A,C,B,F,G,0.6,equalize
421,equalize,3,C,G,F,D,B,C,D,C,D,C,A,B,J,D,C,H,A,I,E,H,0.7,equalize
421,random,4,I,H,J,F,skip,H,F,J,E,G,D,H,F,D,G,J,A,skip,I,E,0.6,equalize
421,random,5,D,B,A,E,I,G,F,B,skip,D,F,F,J,B,I,J,C,D,E,J,0.5,equalize
421,random,6,J,I,H,J,G,J,H,F,J,I,A,E,G,D,J,H,J,skip,E,skip,0.5,equalize
422,random,1,G,B,A,A,C,H,F,G,A,F,B,B,C,skip,F,H,skip,skip,D,J,0.5,equalize
422,equalize,2,B,A,G,F,G,H,E,D,H,H,J,C,I,G,J,A,J,B,B,J,0.75,equalize
422,equalize,3,C,E,I,C,B,F,G,J,C,F,C,G,D,F,D,B,I,A,E,A,0.7,equalize
422,equalize,4,D,F,A,I,H,E,F,I,I,G,E,A,J,H,G,H,D,E,I,H,0.65,equalize
422,random,5,H,D,J,D,B,C,B,D,I,skip,H,E,E,F,F,C,C,D,I,C,0.6,equalize
422,random,6,J,E,J,I,B,A,E,J,D,skip,skip,C,A,I,G,G,G,J,G,A,0.45,equalize
423,random,1,E,F,C,E,H,B,F,A,D,skip,D,D,E,H,A,J,B,G,I,G,0.65,equalize
423,equalize,2,B,A,H,A,D,F,A,J,C,B,B,F,J,F,I,B,G,H,D,H,0.6,equalize
423,equalize,3,C,G,J,J,A,I,D,A,D,G,J,B,G,H,D,C,I,E,F,C,0.7,equalize
423,random,4,F,C,H,E,D,F,G,J,I,C,A,A,A,A,J,B,F,B,F,E,0.65,equalize
423,equalize,5,E,D,I,G,I,J,C,I,H,F,H,C,H,J,F,E,D,I,J,J,0.85,equalize
423,random,6,B,E,B,E,G,H,skip,I,E,I,G,C,B,G,A,C,G,E,D,A,0.5,equalize
424,equalize,1,A,C,I,I,I,A,E,D,D,J,F,E,H,E,A,D,E,A,E,F,0.65,equalize
424,equalize,2,B,E,J,E,E,H,H,E,F,A,B,F,J,I,C,B,I,B,I,J,0.75,equalize
424,random,3,F,D,H,G,D,F,I,G,H,G,D,G,J,H,F,F,H,skip,I,H,0.6,equalize
424,equalize,4,D,H,B,G,B,F,A,J,A,E,J,I,B,H,I,C,D,G,A,G,0.8,equalize
424,random,5,G,C,C,C,I,I,G,C,skip,C,D,F,J,B,A,H,J,B,D,E,0.6,equalize
424,random,6,A,F,J,skip,J,B,B,H,D,G,A,C,G,E,skip,skip,C,B,A,F,0.45,equalize
425,random,1,G,G,G,B,J,B,skip,H,E,D,J,H,E,H,B,D,A,B,I,A,0.65,equalize
425,random,2,F,F,G,skip,I,G,J,A,D,B,G,E,E,D,A,B,E,D,J,skip,0.5,equalize
425,equalize,3,C,A,A,D,I,C,H,D,E,C,E,A,F,I,J,G,I,J,C,F,0.65,equalize
425,equalize,4,D,B,C,E,J,D,F,I,F,F,J,E,A,G,I,F,H,I,A,D,0.85,equalize
425,equalize,5,E,H,B,H,F,E,C,H,D,B,H,I,C,D,A,H,C,F,G,C,0.75,equalize
425,random,6,J,I,A,G,A,skip,B,J,I,C,skip,B,F,C,J,G,B,skip,H,J,0.6,equalize
426,random,1,F,A,E,B,D,J,C,E,E,A,B,E,G,I,D,skip,D,E,J,J,0.6,equalize
426,equalize,2,B,C,H,H,J,J,A,E,A,D,H,F,C,A,F,C,E,B,C,I,0.65,equalize
426,random,3,A,I,A,H,skip,skip,J,I,A,J,B,I,C,H,J,skip,C,J,B,D,0.4,equalize
426,equalize,4,D,G,J,I,I,C,H,F,H,F,C,H,F,J,A,B,J,G,B,G,0.8,equalize
426,random,5,B,G,E,D,I,C,I,I,G,D,E,G,I,E,G,F,F,H,J,H,0.4,equalize
426,equalize,6,F,E,C,D,F,G,B,G,B,J,B,G,D,H,D,F,A,H,A,D,0.5,equalize
427,equalize,1,A,B,J,J,J,I,H,C,I,F,C,I,I,F,J,G,C,D,I,H,0.9,equalize
427,random,2,H,F,E,B,G,D,A,H,H,B,D,J,H,A,C,A,A,J,D,A,0.6,equalize
427,random,3,C,H,C,G,F,A,A,H,I,B,H,J,H,A,B,G,skip,skip,G,B,0.35,equalize
427,equalize,4,D,G,A,F,I,H,B,I,C,D,G,C,D,C,I,D,J,F,C,E,0.8,equalize
427,equalize,5,E,I,B,D,A,D,J,G,B,G,F,E,F,B,E,F,E,B,H,B,0.7,equalize
427,random,6,skip,E,C,F,A,A,J,E,E,J,G,E,G,D,I,G,E,F,D,D,0.35,equalize
428,random,1,A,I,I,skip,D,D,G,G,A,J,D,A,B,skip,G,J,C,C,F,G,0.5,equalize
428,equalize,2,B,G,J,G,G,B,G,B,B,E,D,E,H,I,E,I,C,I,G,H,0.75,equalize
428,equalize,3,C,H,I,H,A,J,I,F,I,H,B,F,I,E,J,C,E,G,F,E,0.7,equalize
428,random,4,F,A,J,E,C,D,C,A,C,H,A,G,F,B,B,D,F,H,B,D,0.7,equalize
428,random,5,F,C,B,skip,A,A,H,F,J,A,B,B,A,H,D,B,J,D,B,H,0.6,equalize
428,equalize,6,F,D,E,D,H,E,J,E,J,I,C,G,C,D,F,J,H,E,I,G,0.75,equalize
429,equalize,1,A,B,G,J,H,J,J,D,A,E,C,I,D,C,B,A,I,B,J,A,0.6,equalize
429,random,2,J,B,E,D,C,H,C,H,H,F,H,G,F,H,H,skip,G,skip,E,J,0.65,equalize
429,equalize,3,C,D,A,C,I,F,A,J,D,I,E,E,J,E,C,B,J,I,C,I,0.75,equalize
429,random,4,skip,E,A,G,B,H,I,J,A,H,B,I,D,E,C,D,D,D,J,I,0.35,equalize
429,random,5,H,E,G,G,H,C,G,G,G,J,C,B,I,D,E,F,H,E,F,C,0.75,equalize
429,equalize,6,F,E,I,D,F,I,B,F,B,F,D,A,F,A,J,G,A,F,B,G,0.8,equalize
430,equalize,1,A,C,H,B,G,G,G,J,J,C,F,A,B,F,H,H,F,E,H,I,0.8,equalize
430,equalize,2,B,D,C,E,D,I,H,A,I,J,H,F,E,J,F,E,A,B,E,F,0.85,equalize
430,random,3,I,A,F,B,C,C,D,F,E,D,I,G,I,G,I,C,A,B,C,A,0.55,equalize
430,random,4,J,F,A,A,J,F,E,E,skip,G,C,skip,B,skip,J,H,D,B,C,A,0.5,equalize
430,equalize,5,E,F,G,D,C,H,I,G,B,A,I,J,H,A,E,C,D,I,F,G,0.65,equalize
430,random,6,I,J,H,B,E,D,H,G,D,B,D,C,G,A,B,J,D,C,J,E,0.65,equalize
431,random,1,H,D,E,I,E,G,H,skip,A,A,A,I,E,B,A,E,G,C,J,I,0.7,equalize
431,random,2,J,B,I,F,F,H,I,A,J,C,E,C,H,B,B,F,E,B,E,skip,0.65,equalize
431,random,3,B,skip,H,A,G,I,skip,F,I,F,H,F,I,E,I,C,C,C,F,H,0.65,equalize
431,equalize,4,D,A,I,A,G,J,B,J,B,C,J,D,G,F,C,H,G,H,A,G,0.75,equalize
431,equalize,5,E,C,H,C,B,C,D,C,G,H,G,J,D,G,A,C,D,D,H,A,0.85,equalize
431,equalize,6,F,G,J,F,D,E,A,E,D,B,E,I,B,J,D,F,J,J,I,D,0.8,equalize
432,random,1,F,A,I,I,D,A,H,B,J,A,B,F,J,F,B,C,F,skip,C,skip,0.5,equalize
432,random,2,E,F,E,A,G,B,J,J,E,A,J,I,C,I,H,G,J,E,F,E,0.6,equalize
432,equalize,3,C,D,H,G,D,J,I,A,E,A,B,E,C,E,D,E,A,D,I,H,0.65,equalize
432,random,4,J,D,C,F,C,J,D,C,G,F,skip,J,G,F,F,F,I,G,E,E,0.55,equalize
432,equalize,5,E,A,G,H,B,B,E,I,H,I,C,D,H,F,A,C,B,H,B,J,0.75,equalize
432,equalize,6,F,B,I,J,C,H,G,F,G,D,H,I,G,B,H,D,E,G,A,D,0.6,equalize
433,random,1,A,F,F,B,D,J,J,H,D,G,skip,A,E,D,B,J,skip,E,B,J,0.5,equalize
433,random,2,I,D,G,J,E,E,G,A,G,I,E,I,skip,F,G,B,H,G,A,skip,0.5,equalize
433,equalize,3,C,E,A,B,A,G,B,H,G,I,B,H,D,C,H,A,H,E,F,J,0.55,equalize
433,equalize,4,D,G,I,J,B,C,I,B,F,J,E,C,F,J,G,I,A,I,A,D,0.8,equalize
433,random,5,skip,J,E,I,A,F,A,A,G,I,B,B,skip,E,skip,F,B,skip,C,I,0.45,equalize
433,equalize,6,F,H,C,H,D,H,C,E,D,C,F,J,H,D,C,J,C,D,C,I,0.7,equalize
434,equalize,1,A,D,A,I,A,I,H,F,J,F,D,I,D,D,A,B,D,G,I,C,0.8,equalize
434,random,2,C,E,E,J,A,G,H,A,B,F,F,H,H,J,J,F,A,H,E,G,0.4,equalize
434,random,3,B,skip,F,J,D,G,H,C,H,E,F,H,E,G,I,B,H,skip,E,I,0.4,equalize
434,random,4,B,J,G,B,B,A,C,I,C,C,E,G,B,E,E,C,F,skip,F,skip,0.75,equalize
434,equalize,5,E,G,D,J,I,C,I,I,B,E,G,J,B,I,C,D,A,C,B,G,0.65,equalize
434,equalize,6,F,H,C,H,D,F,E,G,D,J,A,H,A,J,F,G,I,D,J,A,0.85,equalize
435,equalize,1,A,C,C,E,H,H,E,D,G,C,J,F,G,B,H,G,F,I,G,H,0.9,equalize
435,random,2,I,G,A,A,skip,A,J,skip,skip,A,J,J,G,I,J,E,skip,F,J,I,0.5,equalize
435,random,3,J,D,G,C,B,A,C,I,skip,D,B,I,D,C,J,B,E,H,A,skip,0.75,equalize
435,equalize,4,D,E,I,B,E,J,F,G,D,I,E,H,E,F,B,A,I,A,J,C,0.75,equalize
435,random,5,B,A,D,skip,C,J,F,E,F,I,D,skip,A,E,C,H,B,A,I,F,0.65,equalize
435,equalize,6,F,G,H,J,F,I,H,B,H,B,G,C,H,C,F,D,G,D,E,F,0.85,equalize
436,equalize,1,A,D,A,J,C,A,D,E,B,B,C,D,H,H,G,F,H,I,H,B,0.75,equalize
436,equalize,2,B,C,G,C,A,B,C,G,C,C,J,B,I,A,F,E,I,J,B,C,0.7,equalize
436,random,3,I,J,H,skip,F,H,F,F,I,F,E,C,J,A,C,G,F,A,A,I,0.8,equalize
436,random,4,B,E,G,E,J,J,D,I,E,H,skip,C,E,B,B,E,D,J,G,I,0.45,equalize
436,random,5,E,I,I,H,D,I,H,A,F,G,J,D,D,H,D,F,C,I,I,H,0.6,equalize
436,equalize,6,F,H,D,F,J,G,B,A,E,G,D,A,G,B,I,J,A,G,E,H,0.7,equalize
437,equalize,1,A,E,I,E,E,G,E,F,I,E,H,E,F,G,F,I,E,F,J,G,0.75,equalize
437,random,2,D,C,I,J,J,G,skip,G,D,G,H,C,H,E,B,skip,E,F,D,A,0.3,equalize
437,equalize,3,C,F,J,J,C,A,H,D,J,H,I,B,D,E,D,G,C,I,H,A,0.6,equalize
437,equalize,4,D,B,G,F,G,D,I,H,F,B,J,J,B,I,B,F,A,D,C,J,0.75,equalize
437,random,5,H,A,I,F,C,A,C,D,A,G,I,skip,skip,J,skip,G,E,E,I,J,0.3,equalize
437,random,6,H,skip,B,B,C,A,B,E,F,A,skip,C,J,A,H,D,B,B,F,E,0.65,equalize
438,random,1,C,D,B,C,C,G,J,J,skip,G,F,I,C,skip,H,E,I,F,E,J,0.6,equalize
438,equalize,2,B,F,C,H,D,J,E,C,F,D,A,G,E,A,D,A,J,G,C,B,0.75,equalize
438,random,3,A,skip,A,F,A,D,J,G,I,D,C,B,F,F,B,A,J,skip,A,A,0.4,equalize
438,equalize,4,D,G,B,E,J,E,J,H,D,H,F,H,A,D,B,J,C,E,D,I,0.8,equalize
438,equalize,5,E,H,F,I,A,G,I,I,E,C,B,I,H,G,H,G,D,H,A,H,0.75,equalize
438,random,6,I,J,G,F,H,B,A,B,skip,E,C,J,E,I,F,I,B,G,F,A,0.7,equalize
439,random,1,H,I,B,A,G,H,I,D,I,H,I,E,F,G,A,J,H,C,I,C,0.5,equalize
439,equalize,2,B,A,G,A,E,E,J,C,H,G,A,E,A,C,D,E,C,E,B,E,0.7,equalize
439,random,3,H,skip,B,H,skip,A,D,J,J,I,skip,F,J,A,D,J,skip,D,G,J,0.5,equalize
439,random,4,B,D,skip,B,I,E,J,D,C,H,H,D,E,J,D,B,H,I,D,A,0.5,equalize
439,equalize,5,E,C,I,C,J,D,G,A,E,H,G,F,B,A,C,G,F,G,A,C,0.8,equalize
439,equalize,6,F,D,J,G,F,C,F,F,I,F,B,C,G,B,I,J,H,I,F,B,0.75,equalize
440,equalize,1,A,B,J,J,J,F,F,J,G,G,H,F,I,C,E,I,J,E,J,F,0.9,equalize
440,random,2,G,I,D,C,I,D,D,H,skip,C,E,D,G,D,G,B,G,E,G,E,0.8,equalize
440,equalize,3,C,D,B,C,F,G,J,G,C,J,F,G,H,F,I,C,A,I,A,H,0.9,equalize
440,random,4,I,H,E,A,H,E,E,skip,A,J,B,J,A,B,F,E,C,skip,J,skip,0.65,equalize
440,equalize,5,E,F,G,H,D,E,C,A,F,B,I,C,E,D,H,J,H,D,H,C,0.75,equalize
440,random,6,skip,A,I,B,B,I,H,A,D,skip,B,A,skip,G,skip,F,B,D,I,C,0.6,equalize
441,rotate,1,A,B,C,D,E,F,A,B,C,D,E,F,A,B,C,D,E,F,A,B,0.55,equalize
441,equalize,2,B,H,J,I,I,F,I,G,C,I,G,G,I,B,I,H,G,J,H,I,0.85,equalize
441,equalize,3,C,I,H,D,G,J,H,I,G,H,J,H,G,J,C,I,F,G,A,G,0.85,equalize
441,rotate,4,D,E,F,A,B,C,D,E,F,A,B,C,D,E,F,A,B,C,D,E,1.0,equalize
441,equalize,5,E,A,G,J,H,G,J,H,J,D,E,I,J,H,G,J,H,I,J,B,0.8,equalize
441,rotate,6,F,A,B,C,D,E,F,A,B,C,D,E,F,A,B,C,D,E,F,A,0.95,equalize
442,rotate,1,A,B,C,D,E,F,A,B,C,D,E,F,A,B,C,D,E,F,A,B,0.95,equalize
442,equalize,2,B,H,I,I,C,G,I,J,J,A,G,I,H,G,F,J,I,H,I,H,0.9,equalize
442,rotate,3,C,D,E,F,A,B,C,D,E,F,A,B,C,D,E,F,A,B,C,D,1.0,equalize
442,rotate,4,D,E,F,A,B,C,D,E,F,A,B,C,D,E,F,A,B,C,D,E,0.55,equalize
442,equalize,5,E,A,J,G,I,J,G,I,G,I,H,G,E,J,I,H,G,C,G,E,0.9,equalize
442,equalize,6,F,B,G,H,J,H,D,H,F,H,J,C,J,I,H,G,B,J,D,J,0.7,equalize
443,rotate,1,A,B,C,D,E,F,A,B,C,D,E,F,A,B,C,D,E,F,A,B,0.8,equalize
443,equalize,2,B,H,I,J,J,J,I,B,E,G,I,J,H,H,C,I,J,G,H,D,0.8,equalize
443,rotate,3,C,D,E,F,A,B,C,D,E,F,A,B,C,D,E,F,A,B,C,D,0.65,equalize
443,equalize,4,D,J,H,F,G,I,C,G,I,J,G,I,J,G,E,H,I,B,J,G,0.8,equalize
443,equalize,5,E,A,G,I,H,G,H,J,H,D,H,F,G,I,J,G,A,H,I,J,0.8,equalize
443,rotate,6,F,A,B,C,D,E,F,A,B,C,D,E,F,A,B,C,D,E,F,A,0.95,equalize
444,equalize,1,A,G,I,H,H,J,G,H,E,H,I,I,I,J,G,I,J,H,C,H,0.9,equalize
444,rotate,2,B,C,D,E,F,A,B,C,D,E,F,A,B,C,D,E,F,A,B,C,1.0,equalize
444,rotate,3,C,D,E,F,A,B,C,D,E,F,A,B,C,D,E,F,A,B,C,D,0.6,equalize
444,equalize,4,D,J,G,C,J,I,J,G,I,G,H,J,G,I,J,H,A,I,G,G,0.9,equalize
444,equalize,5,E,A,H,I,G,B,H,I,J,F,J,G,H,D,H,F,G,B,J,I,0.7,equalize
444,rotate,6,F,A,B,C,D,E,F,A,B,C,D,E,F,A,B,C,D,E,F,A,0.9,equalize
445,equalize,1,A,G,H,G,J,H,G,I,F,I,B,J,H,E,J,H,I,G,D,I,0.8,equalize
445,rotate,2,B,C,D,E,F,A,B,C,D,E,F,A,B,C,D,E,F,A,B,C,1.0,equalize
445,rotate,3,C,D,E,F,A,B,C,D,E,F,A,B,C,D,E,F,A,B,C,D,1.0,equalize
445,rotate,4,D,E,F,A,B,C,D,E,F,A,B,C,D,E,F,A,B,C,D,E,0.5,equalize
445,equalize,5,E,A,I,H,G,J,H,G,J,A,H,G,I,H,F,G,B,I,G,J,0.85,equalize
445,equalize,6,F,B,J,I,C,I,D,J,H,G,I,C,J,G,I,J,H,J,H,E,0.85,equalize
446,equalize,1,A,G,I,H,H,E,H,J,G,G,D,I,F,G,H,J,G,G,J,I,0.85,equalize
446,equalize,2,B,H,G,C,J,I,I,H,J,I,H,J,I,A,G,C,I,H,F,H,0.8,equalize
446,rotate,3,C,D,E,F,A,B,C,D,E,F,A,B,C,D,E,F,A,B,C,D,1.0,equalize
446,equalize,4,D,J,B,I,G,J,G,I,H,J,G,E,H,J,I,H,J,I,G,J,0.9,equalize
446,rotate,5,E,F,A,B,C,D,E,F,A,B,C,D,E,F,A,B,C,D,E,F,1.0,equalize
446,rotate,6,F,A,B,C,D,E,F,A,B,C,D,E,F,A,B,C,D,E,F,A,0.55,equalize
447,rotate,1,A,B,C,D,E,F,A,B,C,D,E,F,A,B,C,D,E,F,A,B,0.95,equalize
447,rotate,2,B,C,D,E,F,A,B,C,D,E,F,A,B,C,D,E,F,A,B,C,1.0,equalize
447,rotate,3,C,D,E,F,A,B,C,D,E,F,A,B,C,D,E,F,A,B,C,D,0.55,equalize
447,equalize,4,D,J,H,J,A,H,C,I,E,H,H,G,I,H,G,H,G,G,H,J,0.85,equalize
447,equalize,5,E,A,I,I,J,G,H,D,F,I,I,B,J,I,E,I,A,I,C,G,0.75,equalize
447,equalize,6,F,B,G,H,G,I,J,G,J,G,J,H,G,J,F,J,H,J,I,D,0.9,equalize
448,equalize,1,A,G,H,H,H,J,G,H,I,G,H,I,G,J,A,H,I,D,G,G,0.9,equalize
448,rotate,2,B,C,D,E,F,A,B,C,D,E,F,A,B,C,D,E,F,A,B,C,1.0,equalize
448,rotate,3,C,D,E,F,A,B,C,D,E,F,A,B,C,D,E,F,A,B,C,D,1.0,equalize
448,equalize,4,D,J,I,I,C,G,H,I,J,B,I,G,H,F,H,I,C,J,I,J,0.8,equalize
448,rotate,5,E,F,A,B,C,D,E,F,A,B,C,D,E,F,A,B,C,D,E,F,0.5,equalize
448,equalize,6,F,B,A,G,J,I,E,J,G,H,J,D,J,I,G,J,G,H,E,H,0.8,equalize
449,rotate,1,A,B,C,D,E,F,A,B,C,D,E,F,A,B,C,D,E,F,A,B,0.8,equalize
449,equalize,2,B,H,J,I,D,J,E,H,H,H,G,F,J,I,A,J,C,I,H,G,0.8,equalize
449,equalize,3,C,I,A,H,G,I,I,G,J,D,I,H,G,J,H,G,E,G,I,H,0.85,equalize
449,rotate,4,D,E,F,A,B,C,D,E,F,A,B,C,D,E,F,A,B,C,D,E,1.0,equalize
449,rotate,5,E,F,A,B,C,D,E,F,A,B,C,D,E,F,A,B,C,D,E,F,0.65,equalize
449,equalize,6,F,B,G,J,C,H,G,J,I,G,J,I,H,G,I,H,J,D,J,F,0.8,equalize
450,equalize,1,A,G,J,C,H,H,H,H,I,G,D,G,H,J,J,H,G,J,F,G,0.85,equalize
450,equalize,2,B,H,G,I,J,G,I,J,F,I,H,J,I,H,I,J,D,G,H,I,0.9,equalize
450,rotate,3,C,D,E,F,A,B,C,D,E,F,A,B,C,D,E,F,A,B,C,D,1.0,equalize
450,rotate,4,D,E,F,A,B,C,D,E,F,A,B,C,D,E,F,A,B,C,D,E,0.9,equalize
450,equalize,5,E,A,I,J,G,I,J,G,B,H,J,I,G,E,G,C,I,H,I,J,0.8,equalize
450,rotate,6,F,A,B,C,D,E,F,A,B,C,D,E,F,A,B,C,D,E,F,A,0.65,equalize
451,rotate,1,A,B,C,D,E,F,A,B,C,D,E,F,A,B,C,D,E,F,A,B,0.95,equalize
451,rotate,2,B,C,D,E,F,A,B,C,D,E,F,A,B,C,D,E,F,A,B,C,0.9,equalize
451,equalize,3,C,I,H,J,J,G,I,C,I,G,G,G,D,G,F,I,B,J,I,H,0.8,equalize
451,rotate,4,D,E,F,A,B,C,D,E,F,A,B,C,D,E,F,A,B,C,D,E,0.6,equalize
451,equalize,5,E,A,J,A,I,I,D,H,F,H,I,H,J,I,H,J,I,H,G,E,0.8,equalize
451,equalize,6,F,B,G,H,G,H,J,G,J,E,J,I,H,J,G,H,G,C,J,I,0.85,equalize
452,equalize,1,A,G,I,I,C,H,I,J,G,H,J,J,I,G,J,B,G,D,G,J,0.85,equalize
452,equalize,2,B,H,J,H,I,G,H,I,J,C,I,G,J,F,G,J,C,J,H,I,0.9,equalize
452,rotate,3,C,D,E,F,A,B,C,D,E,F,A,B,C,D,E,F,A,B,C,D,1.0,equalize
452,rotate,4,D,E,F,A,B,C,D,E,F,A,B,C,D,E,F,A,B,C,D,E,1.0,equalize
452,rotate,5,E,F,A,B,C,D,E,F,A,B,C,D,E,F,A,B,C,D,E,F,0.6,equalize
452,equalize,6,F,B,A,G,J,D,J,G,H,I,G,H,E,H,I,H,I,H,I,G,0.85,equalize
453,rotate,1,A,B,C,D,E,F,A,B,C,D,E,F,A,B,C,D,E,F,A,B,0.85,equalize
453,equalize,2,B,H,I,J,H,G,G,D,I,G,A,G,J,J,C,J,G,H,H,G,0.85,equalize
453,rotate,3,C,D,E,F,A,B,C,D,E,F,A,B,C,D,E,F,A,B,C,D,0.85,equalize
453,equalize,4,D,J,A,H,G,I,E,I,G,J,H,F,H,G,I,I,J,D,G,I,0.8,equalize
453,rotate,5,E,F,A,B,C,D,E,F,A,B,C,D,E,F,A,B,C,D,E,F,0.7,equalize
453,equalize,6,F,B,G,I,C,J,H,J,H,I,J,I,E,H,G,H,I,B,J,F,0.75,equalize
454,equalize,1,A,G,J,H,D,J,J,I,H,H,H,I,I,H,G,J,B,G,H,I,0.9,draw
454,rotate,2,B,C,D,E,F,A,B,C,D,E,F,A,B,C,D,E,F,A,B,C,0.95,draw
454,equalize,3,C,I,G,G,H,G,B,J,I,G,J,C,H,G,J,G,D,H,I,J,0.85,draw
454,rotate,4,D,E,F,A,B,C,D,E,F,A,B,C,D,E,F,A,B,C,D,E,0.8,draw
454,equalize,5,E,A,H,J,I,I,H,G,F,J,I,G,J,E,I,H,I,J,F,G,0.8,draw
454,rotate,6,F,A,B,C,D,E,F,A,B,C,D,E,F,A,B,C,D,E,F,A,0.8,draw
455,rotate,1,A,B,C,D,E,F,A,B,C,D,E,F,A,B,C,D,E,F,A,B,1.0,equalize
455,rotate,2,B,C,D,E,F,A,B,C,D,E,F,A,B,C,D,E,F,A,B,C,0.45,equalize
455,equalize,3,C,I,H,J,I,G,G,C,I,H,F,A,H,H,D,H,J,G,H,J,0.8,equalize
455,equalize,4,D,J,I,E,G,H,I,J,G,I,H,I,J,G,E,G,H,J,G,C,0.9,equalize
455,equalize,5,E,A,G,H,F,J,B,H,D,J,G,J,G,I,J,I,F,I,B,I,0.7,equalize
455,rotate,6,F,A,B,C,D,E,F,A,B,C,D,E,F,A,B,C,D,E,F,A,0.95,equalize
456,equalize,1,A,G,H,I,I,J,H,H,D,J,H,G,J,A,J,J,I,I,B,H,0.85,equalize
456,rotate,2,B,C,D,E,F,A,B,C,D,E,F,A,B,C,D,E,F,A,B,C,0.8,equalize
456,equalize,3,C,I,G,J,H,I,J,J,H,G,J,E,G,C,G,H,D,J,G,I,0.85,equalize
456,equalize,4,D,J,B,H,G,E,G,I,G,I,F,I,H,I,H,I,G,H,F,J,0.8,equalize
456,rotate,5,E,F,A,B,C,D,E,F,A,B,C,D,E,F,A,B,C,D,E,F,1.0,equalize
456,rotate,6,F,A,B,C,D,E,F,A,B,C,D,E,F,A,B,C,D,E,F,A,0.7,equalize
457,rotate,1,A,B,C,D,E,F,A,B,C,D,E,F,A,B,C,D,E,F,A,B,0.55,equalize
457,equalize,2,B,H,G,I,H,J,I,I,I,J,I,G,G,B,G,D,H,I,J,G,0.9,equalize
457,equalize,3,C,I,H,D,J,G,G,H,J,G,F,J,I,H,H,I,J,G,A,H,0.9,equalize
457,equalize,4,D,J,C,G,E,I,H,J,G,H,E,H,A,J,I,J,G,F,H,I,0.75,equalize
457,rotate,5,E,F,A,B,C,D,E,F,A,B,C,D,E,F,A,B,C,D,E,F,1.0,equalize
457,rotate,6,F,A,B,C,D,E,F,A,B,C,D,E,F,A,B,C,D,E,F,A,1.0,equalize
458,equalize,1,A,G,J,H,G,I,J,J,J,H,J,I,H,A,H,C,G,J,I,H,0.9,equalize
458,equalize,2,B,H,G,C,I,J,I,G,H,I,E,H,J,G,G,J,I,H,F,G,0.9,equalize
458,equalize,3,C,I,B,J,D,H,G,H,I,G,D,G,F,I,J,I,H,E,G,J,0.75,equalize
458,rotate,4,D,E,F,A,B,C,D,E,F,A,B,C,D,E,F,A,B,C,D,E,1.0,equalize
458,rotate,5,E,F,A,B,C,D,E,F,A,B,C,D,E,F,A,B,C,D,E,F,1.0,equalize
458,rotate,6,F,A,B,C,D,E,F,A,B,C,D,E,F,A,B,C,D,E,F,A,0.55,equalize
459,equalize,1,A,G,H,H,H,G,G,G,J,B,I,D,E,H,J,I,I,J,J,J,0.85,equalize
459,rotate,2,B,C,D,E,F,A,B,C,D,E,F,A,B,C,D,E,F,A,B,C,1.0,equalize
459,equalize,3,C,I,J,I,C,D,J,I,H,G,J,H,I,I,H,J,C,I,E,I,0.8,equalize
459,rotate,4,D,E,F,A,B,C,D,E,F,A,B,C,D,E,F,A,B,C,D,E,1.0,equalize
459,rotate,5,E,F,A,B,C,D,E,F,A,B,C,D,E,F,A,B,C,D,E,F,0.55,equalize
459,equalize,6,F,B,A,G,J,I,H,J,I,H,G,J,G,F,G,H,G,H,G,H,0.9,equalize
460,rotate,1,A,B,C,D,E,F,A,B,C,D,E,F,A,B,C,D,E,F,A,B,0.95,equalize
460,rotate,2,B,C,D,E,F,A,B,C,D,E,F,A,B,C,D,E,F,A,B,C,0.5,equalize
460,equalize,3,C,I,H,E,J,J,I,J,I,E,F,G,J,J,H,H,J,G,J,G,0.85,equalize
460,equalize,4,D,J,A,H,G,I,H,C,J,G,I,A,G,I,D,I,F,H,B,H,0.7,equalize
460,rotate,5,E,F,A,B,C,D,E,F,A,B,C,D,E,F,A,B,C,D,E,F,0.95,equalize
460,equalize,6,F,B,G,I,H,G,G,D,H,J,H,I,H,G,J,G,I,A,I,C,0.85,equalize
461,equalize,1,A,D,J,J,E,D,I,D,E,F,J,A,J,A,J,E,B,E,B,E,1.0,draw
461,random3,2,H,H,H,H,H,H,H,H,H,H,H,H,H,H,H,H,H,H,H,H,1.0,draw
461,equalize,3,C,B,I,D,I,J,E,F,I,B,E,F,D,I,B,A,F,D,I,J,0.95,draw
461,random3,4,C,C,C,C,C,C,C,C,C,C,C,C,C,C,C,C,C,C,C,C,0.95,draw
461,equalize,5,E,F,A,B,F,A,B,J,A,D,I,B,E,F,D,I,J,A,F,D,1.0,draw
461,random3,6,G,G,G,G,G,G,G,G,G,G,G,G,G,G,G,G,G,G,G,G,1.0,draw
462,random3,1,D,D,D,D,D,D,D,D,D,D,D,D,D,D,D,D,D,D,D,D,0.95,equalize
462,equalize,2,B,E,J,J,A,B,E,B,A,H,E,H,E,J,E,A,G,A,G,A,1.0,equalize
462,equalize,3,C,G,B,C,H,A,G,E,C,B,J,G,A,C,B,H,E,J,C,B,1.0,equalize
462,equalize,4,D,A,H,E,G,J,C,H,J,G,A,C,B,H,G,J,C,B,H,E,0.95,equalize
462,random3,5,I,I,I,I,I,I,I,I,I,I,I,I,I,I,I,I,I,I,I,I,1.0,equalize
462,random3,6,F,F,F,F,F,F,F,F,F,F,F,F,F,F,F,F,F,F,F,F,1.0,equalize
463,equalize,1,A,G,A,H,A,D,J,D,J,D,J,D,J,B,J,B,J,B,J,B,1.0,equalize
463,equalize,2,B,D,H,G,E,G,E,A,H,B,H,E,A,G,D,H,E,A,G,D,0.95,equalize
463,random3,3,C,C,C,C,C,C,C,C,C,C,C,C,C,C,C,C,C,C,C,C,1.0,equalize
463,random3,4,F,F,F,F,F,F,F,F,F,F,F,F,F,F,F,F,F,F,F,F,1.0,equalize
463,equalize,5,E,I,J,D,J,H,B,G,E,A,G,B,H,E,A,G,D,H,E,A,0.95,equalize
463,random3,6,B,I,I,I,I,I,I,I,I,I,I,I,I,I,I,I,I,I,I,I,0.9,equalize
464,random3,1,I,I,I,I,I,I,I,I,I,I,I,I,I,I,I,I,I,I,I,I,1.0,draw
464,random3,2,G,G,G,G,G,G,G,G,G,G,G,G,G,G,G,G,G,G,G,G,1.0,draw
464,equalize,3,C,A,C,H,H,H,D,H,D,F,D,J,D,J,D,J,F,J,C,H,1.0,draw
464,equalize,4,D,B,B,A,J,A,J,A,B,H,B,F,A,C,H,B,D,A,F,J,1.0,draw
464,random3,5,E,E,E,E,E,E,E,E,E,E,E,E,E,E,E,E,E,E,E,E,1.0,draw
464,equalize,6,F,J,D,F,C,B,F,C,J,A,C,H,B,F,A,C,H,B,D,A,1.0,draw
465,random3,1,E,E,E,E,E,E,E,E,E,E,E,E,E,E,E,E,E,E,E,E,0.95,draw
465,random3,2,A,A,A,A,A,A,A,A,A,A,A,A,A,A,A,A,A,A,A,A,1.0,draw
465,equalize,3,C,D,I,I,F,D,H,D,F,B,I,C,D,H,D,F,G,I,G,I,1.0,draw
465,random3,4,J,J,J,J,J,J,J,J,J,J,J,J,J,J,J,J,J,J,J,J,1.0,draw
465,equalize,5,E,B,H,D,H,I,F,G,H,G,F,B,I,C,G,H,B,F,C,D,0.95,draw
465,equalize,6,F,G,C,B,G,C,B,I,C,D,H,G,F,B,I,C,D,H,B,F,1.0,draw
466,equalize,1,A,D,I,I,C,A,D,A,B,H,D,H,D,B,D,H,C,H,C,H,1.0,equalize
466,equalize,2,B,F,A,B,H,B,F,D,F,A,I,C,H,F,A,I,D,B,F,A,1.0,equalize
466,equalize,3,C,H,D,F,I,C,H,I,C,B,F,A,I,C,B,F,A,I,D,B,1.0,equalize
466,random3,4,E,E,E,E,E,E,E,E,E,E,E,E,E,E,E,E,E,E,E,E,1.0,equalize
466,random3,5,G,J,J,J,J,J,J,J,J,J,J,J,J,J,J,J,J,J,J,J,0.95,equalize
466,random3,6,G,G,G,G,G,G,G,G,G,G,G,G,G,G,G,G,G,G,G,G,0.95,equalize
467,equalize,1,A,C,G,J,J,F,C,G,C,J,I,G,I,G,I,G,J,F,J,F,0.95,draw
467,equalize,2,B,E,H,C,E,I,E,H,G,H,C,E,F,J,H,C,E,G,I,H,0.95,draw
467,random3,3,B,B,B,B,B,B,B,B,B,B,B,B,B,B,B,B,B,B,B,B,0.95,draw
467,equalize,4,D,F,I,G,H,J,F,I,E,F,J,H,C,E,F,I,H,C,E,G,0.95,draw
467,random3,5,D,D,D,D,D,D,D,D,D,D,D,D,D,D,D,D,D,D,D,D,0.95,draw
467,random3,6,A,A,A,A,A,A,A,A,A,A,A,A,A,A,A,A,A,A,A,A,0.95,draw
468,equalize,1,A,B,I,I,J,I,C,F,J,D,J,A,J,C,E,C,E,C,E,C,0.95,equalize
468,random3,2,H,H,H,H,H,H,H,H,H,H,H,H,H,H,H,H,H,H,H,H,0.95,equalize
468,equalize,3,C,E,J,C,D,J,D,I,A,E,C,F,I,D,J,A,F,I,D,J,1.0,equalize
468,equalize,4,D,F,A,E,F,A,E,C,F,I,D,E,A,F,I,D,J,A,F,I,1.0,equalize
468,random3,5,G,G,G,G,G,G,G,G,G,G,G,G,G,G,G,G,G,G,G,G,1.0,equalize
468,random3,6,H,B,B,B,B,B,B,B,B,B,B,B,B,B,B,B,B,B,B,B,0.9,equalize
469,equalize,1,A,C,H,C,J,H,E,C,A,E,B,J,A,C,B,C,B,H,J,G,1.0,equalize
469,equalize,2,B,D,J,H,E,J,H,E,H,J,H,C,H,E,G,E,A,C,B,H,1.0,equalize
469,random3,3,I,I,I,I,I,I,I,I,I,I,I,I,I,I,I,I,I,I,I,I,1.0,equalize
469,random3,4,G,G,G,B,D,D,D,D,D,D,D,D,D,D,D,D,D,D,D,D,0.75,equalize
469,random3,5,G,G,G,F,F,F,F,F,F,F,F,F,F,F,F,F,F,F,F,F,0.85,equalize
469,equalize,6,F,E,A,B,D,C,A,J,B,C,A,E,B,J,A,H,J,G,E,A,0.9,equalize
470,equalize,1,A,D,J,J,E,D,E,D,A,F,A,B,A,B,A,J,I,J,F,J,1.0,draw
470,random3,2,G,G,G,G,G,G,G,G,G,G,G,G,G,G,G,G,G,G,G,G,1.0,draw
470,equalize,3,C,B,I,D,I,J,A,F,E,B,J,F,D,E,I,B,F,D,E,A,0.95,draw
470,random3,4,C,C,C,C,C,C,C,C,C,C,C,C,C,C,C,C,C,C,C,C,0.95,draw
470,random3,5,H,H,H,H,H,H,H,H,H,H,H,H,H,H,H,H,H,H,H,H,1.0,draw
470,equalize,6,F,E,A,B,F,I,B,J,I,D,E,I,J,F,D,E,A,B,I,D,1.0,draw
471,equalize,1,A,B,G,G,D,D,H,D,E,D,E,C,A,C,A,G,A,E,F,E,0.9,equalize
471,random3,2,A,I,I,I,I,I,I,I,I,I,I,I,I,I,I,I,I,I,I,I,0.9,equalize
471,random3,3,E,B,B,B,B,B,B,B,B,B,B,B,B,B,B,B,B,B,B,B,0.9,equalize
471,random3,4,F,J,J,J,J,J,J,J,J,J,J,J,J,J,J,J,J,J,J,J,0.95,equalize
471,equalize,5,E,C,H,H,A,F,A,H,C,G,F,E,H,D,C,F,G,H,D,C,0.95,equalize
471,equalize,6,F,D,I,C,G,E,C,G,F,A,H,D,G,F,E,H,D,C,A,G,0.9,equalize
472,random3,1,I,I,I,I,I,I,I,I,I,I,I,I,I,I,I,I,I,I,I,I,1.0,draw
472,equalize,2,B,D,H,H,E,D,E,D,B,F,H,A,H,A,H,E,G,E,G,E,1.0,draw
472,equalize,3,C,A,G,D,G,H,B,F,E,A,E,F,D,B,G,A,F,D,B,H,0.95,draw
472,random3,4,C,C,C,C,C,C,C,C,C,C,C,C,C,C,C,C,C,C,C,C,0.95,draw
472,equalize,5,E,F,B,A,F,G,A,H,G,D,B,G,E,F,D,B,H,A,F,D,1.0,draw
472,random3,6,J,J,J,J,J,J,J,J,J,J,J,J,J,J,J,J,J,J,J,J,1.0,draw
473,equalize,1,A,B,H,J,J,J,H,F,A,C,A,C,A,C,E,J,E,J,E,J,0.95,equalize
473,random3,2,A,G,G,G,G,G,G,G,G,G,G,G,G,G,G,G,G,G,G,G,0.9,equalize
473,random3,3,I,I,I,I,I,I,I,I,I,I,I,I,I,I,I,I,I,I,I,I,1.0,equalize
473,equalize,4,D,C,B,H,E,A,C,J,B,E,H,F,J,B,A,H,F,C,B,A,0.95,equalize
473,random3,5,D,D,D,D,D,D,D,D,D,D,D,D,D,D,D,D,D,D,D,D,0.95,equalize
473,equalize,6,F,E,G,C,F,B,E,H,F,J,B,E,H,F,C,B,A,H,F,C,0.95,equalize
474,random3,1,E,E,E,E,E,E,E,E,E,E,E,E,E,E,E,E,E,E,E,E,0.95,equalize
474,equalize,2,B,C,J,J,A,B,D,B,A,I,A,I,A,D,A,I,H,I,H,I,1.0,equalize
474,random3,3,F,F,F,F,F,F,F,F,F,F,F,F,F,F,F,F,F,F,F,F,1.0,equalize
474,equalize,4,D,H,B,D,I,A,H,J,C,B,D,H,I,C,B,J,A,D,C,B,1.0,equalize
474,equalize,5,E,A,I,C,H,J,C,I,D,H,J,C,B,J,H,D,C,B,J,A,0.95,equalize
474,random3,6,G,G,G,G,G,G,G,G,G,G,G,G,G,G,G,G,G,G,G,G,1.0,equalize
475,random3,1,F,F,F,F,F,F,F,F,F,F,F,F,F,F,F,F,F,F,F,F,0.95,equalize
475,random3,2,A,A,A,A,A,A,A,A,A,A,A,A,A,A,A,A,A,A,A,A,1.0,equalize
475,random3,3,J,J,J,J,J,J,J,J,J,J,J,J,J,J,J,J,J,J,J,J,1.0,equalize
475,equalize,4,D,C,I,I,B,C,E,C,B,H,E,H,E,H,E,B,G,B,G,B,1.0,equalize
475,equalize,5,E,G,C,E,H,B,G,E,D,C,I,G,B,D,C,I,E,H,D,C,1.0,equalize
475,equalize,6,F,B,H,D,G,I,D,H,I,G,B,D,C,I,G,H,D,C,I,E,0.95,equalize
476,random3,1,E,E,E,E,E,E,E,E,E,E,E,E,E,E,E,E,E,E,E,E,0.95,equalize
476,random3,2,B,B,B,B,B,B,B,B,B,B,B,B,B,B,B,B,B,B,B,B,1.0,equalize
476,equalize,3,C,H,J,J,F,C,H,C,D,I,H,I,H,J,H,D,G,D,G,D,1.0,equalize
476,equalize,4,D,I,C,D,G,D,G,H,F,C,J,G,D,F,C,I,H,J,F,C,1.0,equalize
476,equalize,5,E,F,G,H,I,J,F,I,J,G,D,F,C,I,G,J,F,C,I,H,0.95,equalize
476,random3,6,A,A,A,A,A,A,A,A,A,A,A,A,A,A,A,A,A,A,A,A,1.0,equalize
477,random3,1,C,C,C,C,C,C,C,C,C,C,C,C,C,C,C,C,C,C,C,C,1.0,equalize
477,equalize,2,B,D,B,H,B,E,J,D,A,D,H,D,E,F,E,F,E,F,E,F,1.0,equalize
477,random3,3,I,I,I,I,I,I,I,I,I,I,I,I,I,I,I,I,I,I,I,I,1.0,equalize
477,random3,4,E,G,G,G,G,G,G,G,G,G,G,G,G,G,G,G,G,G,G,G,0.9,equalize
477,equalize,5,E,A,H,D,F,D,A,B,H,F,E,J,B,A,D,H,J,B,A,D,0.95,equalize
477,equalize,6,F,G,J,A,J,H,F,E,J,B,A,F,H,J,B,A,D,H,J,B,0.95,equalize
478,equalize,1,A,F,J,J,B,A,D,A,B,I,J,F,J,D,J,B,G,B,G,B,1.0,draw
478,random3,2,H,H,H,H,H,H,H,H,H,H,H,H,H,H,H,H,H,H,H,H,1.0,draw
478,random3,3,C,C,C,C,C,C,C,C,C,C,C,C,C,C,C,C,C,C,C,C,1.0,draw
478,equalize,4,D,I,A,D,G,B,G,J,F,A,D,G,B,I,A,F,J,D,I,A,1.0,draw
478,equalize,5,E,B,G,F,I,J,F,I,D,G,B,I,A,F,G,D,I,A,F,J,0.95,draw
478,random3,6,E,E,E,E,E,E,E,E,E,E,E,E,E,E,E,E,E,E,E,E,0.95,draw
479,random3,1,H,H,H,H,H,H,H,H,H,H,H,H,H,H,H,H,H,H,H,H,1.0,draw
479,equalize,2,B,C,I,I,F,D,E,C,F,C,E,G,F,I,F,D,F,E,B,C,1.0,draw
479,random3,3,D,A,A,A,A,A,A,A,A,A,A,A,A,A,A,A,A,A,A,A,0.9,draw
479,equalize,4,D,A,G,C,E,C,F,D,E,G,F,B,E,G,C,I,B,D,G,E,0.9,draw
479,random3,5,J,J,J,J,J,J,J,J,J,J,J,J,J,J,J,J,J,J,J,J,1.0,draw
479,equalize,6,F,E,B,G,I,B,G,I,B,D,I,C,D,B,E,G,C,I,F,D,1.0,draw
480,random3,1,B,B,B,B,B,B,B,B,B,B,B,B,B,B,B,B,B,B,B,B,0.95,equalize
480,equalize,2,B,A,H,A,I,J,I,F,A,J,A,F,G,I,G,I,G,A,G,C,0.95,equalize
480,equalize,3,C,E,I,H,F,A,J,G,F,C,I,H,A,J,C,F,H,I,J,A,0.95,equalize
480,random3,4,B,E,E,E,E,E,E,E,E,E,E,E,E,E,E,E,E,E,E,E,0.9,equalize
480,random3,5,D,D,D,D,D,D,D,D,D,D,D,D,D,D,D,D,D,D,D,D,1.0,equalize
480,equalize,6,F,G,J,C,G,H,C,I,H,G,J,C,F,H,A,J,C,F,H,I,1.0,equalize
481,equalize,1,A,G,G,E,E,G,C,H,D,I,G,F,I,J,D,G,J,D,E,J,1.0,draw
481,radicaleq,2,B,H,H,F,I,E,F,C,J,D,H,A,F,B,C,I,A,F,B,H,1.0,draw
481,equalize,3,C,I,C,G,B,H,D,I,G,F,I,J,D,G,J,D,E,J,G,C,1.0,draw
481,equalize,4,D,J,I,H,F,I,J,F,H,A,D,B,C,I,A,F,B,H,D,E,1.0,draw
481,radicaleq,5,E,A,D,A,D,A,G,A,C,J,C,G,A,F,E,H,G,C,I,A,1.0,draw
481,radicaleq,6,F,B,J,C,J,B,E,B,E,B,E,H,E,H,B,C,I,A,F,B,1.0,draw
482,equalize,1,A,G,G,E,E,G,C,H,D,I,G,F,I,J,D,G,J,D,E,J,1.0,draw
482,equalize,2,B,H,H,F,I,E,F,C,J,D,H,A,F,B,C,I,A,F,B,H,1.0,draw
482,radicaleq,3,C,I,C,G,B,H,D,I,G,F,I,J,D,G,J,D,E,J,G,C,1.0,draw
482,equalize,4,D,J,I,H,F,I,J,F,H,A,D,B,C,I,A,F,B,H,D,E,1.0,draw
482,radicaleq,5,E,A,D,A,D,A,G,A,C,J,C,G,A,F,E,H,G,C,I,A,1.0,draw
482,radicaleq,6,F,B,J,C,J,B,E,B,E,B,E,H,E,H,B,C,I,A,F,B,1.0,draw
483,equalize,1,A,G,G,E,E,G,C,H,D,I,G,F,I,J,D,G,J,D,E,J,1.0,draw
483,radicaleq,2,B,H,H,F,I,E,F,C,J,D,H,A,F,B,C,I,A,F,B,H,1.0,draw
483,equalize,3,C,I,C,G,B,H,D,I,G,F,I,J,D,G,J,D,E,J,G,C,1.0,draw
483,radicaleq,4,D,J,I,H,F,I,J,F,H,A,D,B,C,I,A,F,B,H,D,E,1.0,draw
483,radicaleq,5,E,A,D,A,D,A,G,A,C,J,C,G,A,F,E,H,G,C,I,A,1.0,draw
483,equalize,6,F,B,J,C,J,B,E,B,E,B,E,H,E,H,B,C,I,A,F,B,1.0,draw
484,radicaleq,1,A,G,G,E,E,G,C,H,D,I,G,F,I,J,D,G,J,D,E,J,1.0,draw
484,equalize,2,B,H,H,F,I,E,F,C,J,D,H,A,F,B,C,I,A,F,B,H,1.0,draw
484,radicaleq,3,C,I,C,G,B,H,D,I,G,F,I,J,D,G,J,D,E,J,G,C,1.0,draw
484,equalize,4,D,J,I,H,F,I,J,F,H,A,D,B,C,I,A,F,B,H,D,E,1.0,draw
484,radicaleq,5,E,A,D,A,D,A,G,A,C,J,C,G,A,F,E,H,G,C,I,A,1.0,draw
484,equalize,6,F,B,J,C,J,B,E,B,E,B,E,H,E,H,B,C,I,A,F,B,1.0,draw
485,radicaleq,1,A,G,G,E,E,G,C,H,D,I,G,F,I,J,D,G,J,D,E,J,1.0,draw
485,equalize,2,B,H,H,F,I,E,F,C,J,D,H,A,F,B,C,I,A,F,B,H,1.0,draw
485,equalize,3,C,I,C,G,B,H,D,I,G,F,I,J,D,G,J,D,E,J,G,C,1.0,draw
485,radicaleq,4,D,J,I,H,F,I,J,F,H,A,D,B,C,I,A,F,B,H,D,E,1.0,draw
485,equalize,5,E,A,D,A,D,A,G,A,C,J,C,G,A,F,E,H,G,C,I,A,1.0,draw
485,radicaleq,6,F,B,J,C,J,B,E,B,E,B,E,H,E,H,B,C,I,A,F,B,1.0,draw
486,equalize,1,A,G,G,E,E,G,C,H,D,I,G,F,I,J,D,G,J,D,E,J,1.0,draw
486,radicaleq,2,B,H,H,F,I,E,F,C,J,D,H,A,F,B,C,I,A,F,B,H,1.0,draw
486,radicaleq,3,C,I,C,G,B,H,D,I,G,F,I,J,D,G,J,D,E,J,G,C,1.0,draw
486,radicaleq,4,D,J,I,H,F,I,J,F,H,A,D,B,C,I,A,F,B,H,D,E,1.0,draw
486,equalize,5,E,A,D,A,D,A,G,A,C,J,C,G,A,F,E,H,G,C,I,A,1.0,draw
486,equalize,6,F,B,J,C,J,B,E,B,E,B,E,H,E,H,B,C,I,A,F,B,1.0,draw
487,radicaleq,1,A,G,G,E,E,G,C,H,D,I,G,F,I,J,D,G,J,D,E,J,1.0,draw
487,equalize,2,B,H,H,F,I,E,F,C,J,D,H,A,F,B,C,I,A,F,B,H,1.0,draw
487,radicaleq,3,C,I,C,G,B,H,D,I,G,F,I,J,D,G,J,D,E,J,G,C,1.0,draw
487,radicaleq,4,D,J,I,H,F,I,J,F,H,A,D,B,C,I,A,F,B,H,D,E,1.0,draw
487,equalize,5,E,A,D,A,D,A,G,A,C,J,C,G,A,F,E,H,G,C,I,A,1.0,draw
487,equalize,6,F,B,J,C,J,B,E,B,E,B,E,H,E,H,B,C,I,A,F,B,1.0,draw
488,equalize,1,A,G,G,E,E,G,C,H,D,I,G,F,I,J,D,G,J,D,E,J,1.0,draw
488,radicaleq,2,B,H,H,F,I,E,F,C,J,D,H,A,F,B,C,I,A,F,B,H,1.0,draw
488,radicaleq,3,C,I,C,G,B,H,D,I,G,F,I,J,D,G,J,D,E,J,G,C,1.0,draw
488,equalize,4,D,J,I,H,F,I,J,F,H,A,D,B,C,I,A,F,B,H,D,E,1.0,draw
488,radicaleq,5,E,A,D,A,D,A,G,A,C,J,C,G,A,F,E,H,G,C,I,A,1.0,draw
488,equalize,6,F,B,J,C,J,B,E,B,E,B,E,H,E,H,B,C,I,A,F,B,1.0,draw
489,equalize,1,A,G,G,E,E,G,C,H,D,I,G,F,I,J,D,G,J,D,E,J,1.0,draw
489,equalize,2,B,H,H,F,I,E,F,C,J,D,H,A,F,B,C,I,A,F,B,H,1.0,draw
489,equalize,3,C,I,C,G,B,H,D,I,G,F,I,J,D,G,J,D,E,J,G,C,1.0,draw
489,radicaleq,4,D,J,I,H,F,I,J,F,H,A,D,B,C,I,A,F,B,H,D,E,1.0,draw
489,radicaleq,5,E,A,D,A,D,A,G,A,C,J,C,G,A,F,E,H,G,C,I,A,1.0,draw
489,radicaleq,6,F,B,J,C,J,B,E,B,E,B,E,H,E,H,B,C,I,A,F,B,1.0,draw
490,equalize,1,A,G,G,E,E,G,C,H,D,I,G,F,I,J,D,G,J,D,E,J,1.0,draw
490,equalize,2,B,H,H,F,I,E,F,C,J,D,H,A,F,B,C,I,A,F,B,H,1.0,draw
490,radicaleq,3,C,I,C,G,B,H,D,I,G,F,I,J,D,G,J,D,E,J,G,C,1.0,draw
490,radicaleq,4,D,J,I,H,F,I,J,F,H,A,D,B,C,I,A,F,B,H,D,E,1.0,draw
490,equalize,5,E,A,D,A,D,A,G,A,C,J,C,G,A,F,E,H,G,C,I,A,1.0,draw
490,radicaleq,6,F,B,J,C,J,B,E,B,E,B,E,H,E,H,B,C,I,A,F,B,1.0,draw
491,radicaleq,1,A,G,G,E,E,G,C,H,D,I,G,F,I,J,D,G,J,D,E,J,1.0,draw
491,radicaleq,2,B,H,H,F,I,E,F,C,J,D,H,A,F,B,C,I,A,F,B,H,1.0,draw
491,equalize,3,C,I,C,G,B,H,D,I,G,F,I,J,D,G,J,D,E,J,G,C,1.0,draw
491,equalize,4,D,J,I,H,F,I,J,F,H,A,D,B,C,I,A,F,B,H,D,E,1.0,draw
491,radicaleq,5,E,A,D,A,D,A,G,A,C,J,C,G,A,F,E,H,G,C,I,A,1.0,draw
491,equalize,6,F,B,J,C,J,B,E,B,E,B,E,H,E,H,B,C,I,A,F,B,1.0,draw
492,radicaleq,1,A,G,G,E,E,G,C,H,D,I,G,F,I,J,D,G,J,D,E,J,1.0,draw
492,radicaleq,2,B,H,H,F,I,E,F,C,J,D,H,A,F,B,C,I,A,F,B,H,1.0,draw
492,radicaleq,3,C,I,C,G,B,H,D,I,G,F,I,J,D,G,J,D,E,J,G,C,1.0,draw
492,equalize,4,D,J,I,H,F,I,J,F,H,A,D,B,C,I,A,F,B,H,D,E,1.0,draw
492,equalize,5,E,A,D,A,D,A,G,A,C,J,C,G,A,F,E,H,G,C,I,A,1.0,draw
492,equalize,6,F,B,J,C,J,B,E,B,E,B,E,H,E,H,B,C,I,A,F,B,1.0,draw
493,radicaleq,1,A,G,G,E,E,G,C,H,D,I,G,F,I,J,D,G,J,D,E,J,1.0,draw
493,radicaleq,2,B,H,H,F,I,E,F,C,J,D,H,A,F,B,C,I,A,F,B,H,1.0,draw
493,equalize,3,C,I,C,G,B,H,D,I,G,F,I,J,D,G,J,D,E,J,G,C,1.0,draw
493,radicaleq,4,D,J,I,H,F,I,J,F,H,A,D,B,C,I,A,F,B,H,D,E,1.0,draw
493,equalize,5,E,A,D,A,D,A,G,A,C,J,C,G,A,F,E,H,G,C,I,A,1.0,draw
493,equalize,6,F,B,J,C,J,B,E,B,E,B,E,H,E,H,B,C,I,A,F,B,1.0,draw
494,equalize,1,A,G,G,E,E,G,C,H,D,I,G,F,I,J,D,G,J,D,E,J,1.0,draw
494,radicaleq,2,B,H,H,F,I,E,F,C,J,D,H,A,F,B,C,I,A,F,B,H,1.0,draw
494,radicaleq,3,C,I,C,G,B,H,D,I,G,F,I,J,D,G,J,D,E,J,G,C,1.0,draw
494,equalize,4,D,J,I,H,F,I,J,F,H,A,D,B,C,I,A,F,B,H,D,E,1.0,draw
494,equalize,5,E,A,D,A,D,A,G,A,C,J,C,G,A,F,E,H,G,C,I,A,1.0,draw
494,radicaleq,6,F,B,J,C,J,B,E,B,E,B,E,H,E,H,B,C,I,A,F,B,1.0,draw
495,equalize,1,A,G,G,E,E,G,C,H,D,I,G,F,I,J,D,G,J,D,E,J,1.0,draw
495,equalize,2,B,H,H,F,I,E,F,C,J,D,H,A,F,B,C,I,A,F,B,H,1.0,draw
495,radicaleq,3,C,I,C,G,B,H,D,I,G,F,I,J,D,G,J,D,E,J,G,C,1.0,draw
495,radicaleq,4,D,J,I,H,F,I,J,F,H,A,D,B,C,I,A,F,B,H,D,E,1.0,draw
495,radicaleq,5,E,A,D,A,D,A,G,A,C,J,C,G,A,F,E,H,G,C,I,A,1.0,draw
495,equalize,6,F,B,J,C,J,B,E,B,E,B,E,H,E,H,B,C,I,A,F,B,1.0,draw
496,radicaleq,1,A,G,G,E,E,G,C,H,D,I,G,F,I,J,D,G,J,D,E,J,1.0,draw
496,equalize,2,B,H,H,F,I,E,F,C,J,D,H,A,F,B,C,I,A,F,B,H,1.0,draw
496,equalize,3,C,I,C,G,B,H,D,I,G,F,I,J,D,G,J,D,E,J,G,C,1.0,draw
496,equalize,4,D,J,I,H,F,I,J,F,H,A,D,B,C,I,A,F,B,H,D,E,1.0,draw
496,radicaleq,5,E,A,D,A,D,A,G,A,C,J,C,G,A,F,E,H,G,C,I,A,1.0,draw
496,radicaleq,6,F,B,J,C,J,B,E,B,E,B,E,H,E,H,B,C,I,A,F,B,1.0,draw
497,radicaleq,1,A,G,G,E,E,G,C,H,D,I,G,F,I,J,D,G,J,D,E,J,1.0,draw
497,radicaleq,2,B,H,H,F,I,E,F,C,J,D,H,A,F,B,C,I,A,F,B,H,1.0,draw
497,equalize,3,C,I,C,G,B,H,D,I,G,F,I,J,D,G,J,D,E,J,G,C,1.0,draw
497,equalize,4,D,J,I,H,F,I,J,F,H,A,D,B,C,I,A,F,B,H,D,E,1.0,draw
497,equalize,5,E,A,D,A,D,A,G,A,C,J,C,G,A,F,E,H,G,C,I,A,1.0,draw
497,radicaleq,6,F,B,J,C,J,B,E,B,E,B,E,H,E,H,B,C,I,A,F,B,1.0,draw
498,radicaleq,1,A,G,G,E,E,G,C,H,D,I,G,F,I,J,D,G,J,D,E,J,1.0,draw
498,equalize,2,B,H,H,F,I,E,F,C,J,D,H,A,F,B,C,I,A,F,B,H,1.0,draw
498,radicaleq,3,C,I,C,G,B,H,D,I,G,F,I,J,D,G,J,D,E,J,G,C,1.0,draw
498,equalize,4,D,J,I,H,F,I,J,F,H,A,D,B,C,I,A,F,B,H,D,E,1.0,draw
498,equalize,5,E,A,D,A,D,A,G,A,C,J,C,G,A,F,E,H,G,C,I,A,1.0,draw
498,radicaleq,6,F,B,J,C,J,B,E,B,E,B,E,H,E,H,B,C,I,A,F,B,1.0,draw
499,radicaleq,1,A,G,G,E,E,G,C,H,D,I,G,F,I,J,D,G,J,D,E,J,1.0,draw
499,equalize,2,B,H,H,F,I,E,F,C,J,D,H,A,F,B,C,I,A,F,B,H,1.0,draw
499,equalize,3,C,I,C,G,B,H,D,I,G,F,I,J,D,G,J,D,E,J,G,C,1.0,draw
499,radicaleq,4,D,J,I,H,F,I,J,F,H,A,D,B,C,I,A,F,B,H,D,E,1.0,draw
499,radicaleq,5,E,A,D,A,D,A,G,A,C,J,C,G,A,F,E,H,G,C,I,A,1.0,draw
499,equalize,6,F,B,J,C,J,B,E,B,E,B,E,H,E,H,B,C,I,A,F,B,1.0,draw
500,equalize,1,A,G,G,E,E,G,C,H,D,I,G,F,I,J,D,G,J,D,E,J,1.0,draw
500,radicaleq,2,B,H,H,F,I,E,F,C,J,D,H,A,F,B,C,I,A,F,B,H,1.0,draw
500,equalize,3,C,I,C,G,B,H,D,I,G,F,I,J,D,G,J,D,E,J,G,C,1.0,draw
500,radicaleq,4,D,J,I,H,F,I,J,F,H,A,D,B,C,I,A,F,B,H,D,E,1.0,draw
500,equalize,5,E,A,D,A,D,A,G,A,C,J,C,G,A,F,E,H,G,C,I,A,1.0,draw
500,radicaleq,6,F,B,J,C,J,B,E,B,E,B,E,H,E,H,B,C,I,A,F,B,1.0,draw
501,equalize,1,A,G,I,I,J,J,G,J,I,H,I,H,I,H,I,B,A,B,A,B,1.0,draw
501,equalize,2,B,H,J,B,E,B,E,B,E,J,E,A,B,G,J,E,I,H,G,J,1.0,draw
501,rotate0,3,C,C,C,C,C,C,C,C,C,C,C,C,C,C,C,C,C,C,C,C,1.0,draw
501,rotate0,4,D,D,D,D,D,D,D,D,D,D,D,D,D,D,D,D,D,D,D,D,1.0,draw
501,equalize,5,E,A,G,H,I,A,H,G,A,B,G,J,E,A,H,G,J,E,I,H,1.0,draw
501,rotate0,6,F,F,F,F,F,F,F,F,F,F,F,F,F,F,F,F,F,F,F,F,1.0,draw
502,equalize,1,A,G,I,G,J,I,B,I,B,H,B,H,B,H,B,H,A,H,A,H,1.0,draw
502,equalize,2,B,H,J,I,F,J,F,J,F,I,F,A,J,G,I,F,B,J,G,I,1.0,draw
502,rotate0,3,C,C,C,C,C,C,C,C,C,C,C,C,C,C,C,C,C,C,C,C,1.0,draw
502,rotate0,4,D,D,D,D,D,D,D,D,D,D,D,D,D,D,D,D,D,D,D,D,1.0,draw
502,rotate0,5,E,E,E,E,E,E,E,E,E,E,E,E,E,E,E,E,E,E,E,E,1.0,draw
502,equalize,6,F,B,A,H,G,A,H,G,A,J,G,I,F,A,J,G,I,F,B,J,1.0,draw
503,rotate0,1,A,A,A,A,A,A,A,A,A,A,A,A,A,A,A,A,A,A,A,A,0.95,draw
503,rotate0,2,B,B,B,B,B,B,B,B,B,B,B,B,B,B,B,B,B,B,B,B,0.95,draw
503,equalize,3,C,I,J,J,F,C,E,C,F,H,J,I,J,E,J,F,G,F,G,F,1.0,draw
503,rotate0,4,D,D,D,D,D,D,D,D,D,D,D,D,D,D,D,D,D,D,D,D,1.0,draw
503,equalize,5,E,A,G,C,E,H,F,G,J,I,C,E,G,F,H,C,I,J,E,H,0.95,draw
503,equalize,6,F,B,H,I,G,J,I,H,E,G,F,H,C,I,G,E,H,C,I,J,0.95,draw
504,rotate0,1,A,A,A,A,A,A,A,A,A,A,A,A,A,A,A,A,A,A,A,A,1.0,draw
504,equalize,2,B,H,G,G,J,J,H,J,B,I,G,I,G,B,G,I,F,I,F,I,1.0,draw
504,rotate0,3,C,C,C,C,C,C,C,C,C,C,C,C,C,C,C,C,C,C,C,C,1.0,draw
504,equalize,4,D,J,I,D,F,B,F,G,D,J,H,F,I,D,J,H,G,B,D,J,1.0,draw
504,rotate0,5,E,E,E,E,E,E,E,E,E,E,E,E,E,E,E,E,E,E,E,E,1.0,draw
504,equalize,6,F,B,H,I,G,D,I,H,F,B,D,J,H,F,B,D,J,H,G,B,1.0,draw
505,rotate0,1,A,A,A,A,A,A,A,A,A,A,A,A,A,A,A,A,A,A,A,A,0.95,equalize
505,equalize,2,B,H,J,J,E,B,H,B,H,I,C,I,C,J,C,H,E,H,E,H,1.0,equalize
505,equalize,3,C,I,B,C,G,C,G,C,G,B,J,E,H,G,B,I,C,J,G,B,1.0,equalize
505,rotate0,4,D,D,D,D,D,D,D,D,D,D,D,D,D,D,D,D,D,D,D,D,1.0,equalize
505,equalize,5,E,A,G,H,I,J,E,I,J,E,H,G,B,I,E,J,G,B,I,C,0.95,equalize
505,rotate0,6,F,F,F,F,F,F,F,F,F,F,F,F,F,F,F,F,F,F,F,F,1.0,equalize
506,rotate0,1,A,A,A,A,A,A,A,A,A,A,A,A,A,A,A,A,A,A,A,A,1.0,draw
506,equalize,2,B,H,G,G,J,J,H,J,H,I,H,I,H,I,H,C,B,C,B,C,1.0,draw
506,equalize,3,C,I,J,C,F,C,F,C,F,J,F,B,C,G,J,F,H,I,G,J,1.0,draw
506,rotate0,4,D,D,D,D,D,D,D,D,D,D,D,D,D,D,D,D,D,D,D,D,1.0,draw
506,rotate0,5,E,E,E,E,E,E,E,E,E,E,E,E,E,E,E,E,E,E,E,E,1.0,draw
506,equalize,6,F,B,H,I,G,B,I,G,B,C,G,J,F,B,I,G,J,F,H,I,1.0,draw
507,equalize,1,A,G,H,H,D,A,C,A,D,J,H,J,H,C,H,D,I,D,I,D,1.0,draw
507,rotate0,2,B,B,B,B,B,B,B,B,B,B,B,B,B,B,B,B,B,B,B,B,1.0,draw
507,equalize,3,C,I,A,C,J,D,I,H,G,A,C,I,D,G,A,J,H,C,G,A,1.0,draw
507,equalize,4,D,J,G,I,H,G,J,C,I,D,G,A,J,I,C,G,A,J,H,C,1.0,draw
507,rotate0,5,E,E,E,E,E,E,E,E,E,E,E,E,E,E,E,E,E,E,E,E,1.0,draw
507,rotate0,6,F,F,F,F,F,F,F,F,F,F,F,F,F,F,F,F,F,F,F,F,1.0,draw
508,rotate0,1,A,A,A,A,A,A,A,A,A,A,A,A,A,A,A,A,A,A,A,A,0.95,equalize
508,equalize,2,B,H,I,I,E,B,D,B,E,J,E,J,E,D,E,I,G,I,G,I,1.0,equalize
508,rotate0,3,C,C,C,C,C,C,C,C,C,C,C,C,C,C,C,C,C,C,C,C,1.0,equalize
508,equalize,4,D,J,B,D,G,E,G,I,H,B,D,G,I,H,B,J,E,D,H,B,1.0,equalize
508,equalize,5,E,A,G,H,J,I,H,J,D,G,I,H,B,J,G,D,H,B,J,E,0.95,equalize
508,rotate0,6,F,F,F,F,F,F,F,F,F,F,F,F,F,F,F,F,F,F,F,F,1.0,equalize
509,rotate0,1,A,A,A,A,A,A,A,A,A,A,A,A,A,A,A,A,A,A,A,A,0.95,draw
509,rotate0,2,B,B,B,B,B,B,B,B,B,B,B,B,B,B,B,B,B,B,B,B,0.95,draw
509,rotate0,3,C,C,C,C,C,C,C,C,C,C,C,C,C,C,C,C,C,C,C,C,1.0,draw
509,equalize,4,D,J,I,J,F,D,I,D,E,H,I,H,I,H,I,E,G,E,G,E,1.0,draw
509,equalize,5,E,A,G,D,E,H,E,G,I,F,D,J,G,E,F,D,J,I,H,F,0.95,draw
509,equalize,6,F,B,H,I,G,J,F,H,J,G,E,F,D,J,G,H,F,D,J,I,0.95,draw
510,equalize,1,A,G,I,I,D,A,G,A,I,J,G,J,G,J,G,I,D,I,D,I,1.0,draw
510,equalize,2,B,H,A,B,J,B,H,G,H,A,B,D,I,H,A,B,G,J,H,A,1.0,draw
510,rotate0,3,C,C,C,C,C,C,C,C,C,C,C,C,C,C,C,C,C,C,C,C,1.0,draw
510,equalize,4,D,J,G,H,I,D,J,B,D,I,H,A,B,D,J,H,A,B,G,J,1.0,draw
510,rotate0,5,E,E,E,E,E,E,E,E,E,E,E,E,E,E,E,E,E,E,E,E,1.0,draw
510,rotate0,6,F,F,F,F,F,F,F,F,F,F,F,F,F,F,F,F,F,F,F,F,1.0,draw
511,equalize,1,A,G,J,J,C,A,G,A,B,I,G,I,G,B,G,I,C,I,C,I,1.0,draw
511,equalize,2,B,H,A,B,I,B,H,G,H,A,J,C,I,H,A,J,G,B,H,A,1.0,draw
511,equalize,3,C,I,G,H,J,C,I,J,C,B,H,A,J,C,B,H,A,J,G,B,1.0,draw
511,rotate0,4,D,D,D,D,D,D,D,D,D,D,D,D,D,D,D,D,D,D,D,D,1.0,draw
511,rotate0,5,E,E,E,E,E,E,E,E,E,E,E,E,E,E,E,E,E,E,E,E,1.0,draw
511,rotate0,6,F,F,F,F,F,F,F,F,F,F,F,F,F,F,F,F,F,F,F,F,1.0,draw
512,rotate0,1,A,A,A,A,A,A,A,A,A,A,A,A,A,A,A,A,A,A,A,A,1.0,equalize
512,rotate0,2,B,B,B,B,B,B,B,B,B,B,B,B,B,B,B,B,B,B,B,B,0.95,equalize
512,equalize,3,C,I,H,I,F,C,H,C,I,J,D,J,D,J,D,J,F,J,H,J,1.0,equalize
512,equalize,4,D,J,C,D,G,D,G,D,G,C,G,F,I,H,C,G,D,I,F,C,1.0,equalize
512,rotate0,5,E,E,E,E,E,E,E,E,E,E,E,E,E,E,E,E,E,E,E,E,1.0,equalize
512,equalize,6,F,B,G,H,J,I,F,J,H,F,I,H,C,G,F,I,H,C,G,D,0.95,equalize
513,rotate0,1,A,A,A,A,A,A,A,A,A,A,A,A,A,A,A,A,A,A,A,A,1.0,draw
513,equalize,2,B,H,G,G,D,B,H,B,C,J,G,J,G,J,G,C,I,C,I,C,1.0,draw
513,equalize,3,C,I,B,C,J,C,I,G,D,B,H,I,C,D,B,H,G,J,D,B,1.0,draw
513,equalize,4,D,J,H,I,G,D,J,H,I,C,D,B,H,I,J,D,B,H,G,J,1.0,draw
513,rotate0,5,E,E,E,E,E,E,E,E,E,E,E,E,E,E,E,E,E,E,E,E,1.0,draw
513,rotate0,6,F,F,F,F,F,F,F,F,F,F,F,F,F,F,F,F,F,F,F,F,1.0,draw
514,equalize,1,A,G,H,H,J,J,G,J,A,I,G,C,G,H,G,A,E,A,E,A,1.0,draw
514,rotate0,2,B,B,B,B,B,B,B,B,B,B,B,B,B,B,B,B,B,B,B,B,1.0,draw
514,equalize,3,C,I,J,C,E,A,E,G,C,J,H,E,A,I,J,C,G,H,I,J,1.0,draw
514,rotate0,4,D,D,D,D,D,D,D,D,D,D,D,D,D,D,D,D,D,D,D,D,1.0,draw
514,equalize,5,E,A,G,I,H,C,I,H,E,A,I,J,C,E,H,I,J,C,G,H,1.0,draw
514,rotate0,6,F,F,F,F,F,F,F,F,F,F,F,F,F,F,F,F,F,F,F,F,1.0,draw
515,rotate0,1,A,A,A,A,A,A,A,A,A,A,A,A,A,A,A,A,A,A,A,A,0.95,draw
515,equalize,2,B,H,I,I,F,H,G,I,F,E,H,B,I,G,I,F,J,H,J,H,1.0,draw
515,rotate0,3,C,C,C,C,C,C,C,C,C,C,C,C,C,C,C,C,C,C,C,C,1.0,draw
515,rotate0,4,D,D,D,D,D,D,D,D,D,D,D,D,D,D,D,D,D,D,D,D,1.0,draw
515,equalize,5,E,A,G,H,G,I,F,J,G,J,F,E,H,B,J,G,E,F,B,I,0.95,draw
515,equalize,6,F,B,J,E,J,B,E,H,B,I,G,J,F,E,H,B,I,G,E,F,1.0,draw
516,rotate0,1,A,A,A,A,A,A,A,A,A,A,A,A,A,A,A,A,A,A,A,A,0.95,equalize
516,rotate0,2,B,B,B,B,B,B,B,B,B,B,B,B,B,B,B,B,B,B,B,B,1.0,equalize
516,equalize,3,C,I,H,I,E,C,H,C,D,J,H,J,H,J,H,D,G,D,G,D,1.0,equalize
516,equalize,4,D,J,C,D,G,D,G,H,E,C,I,G,D,E,C,I,H,J,E,C,1.0,equalize
516,equalize,5,E,A,G,H,J,I,E,J,I,G,D,E,C,I,G,J,E,C,I,H,0.95,equalize
516,rotate0,6,F,F,F,F,F,F,F,F,F,F,F,F,F,F,F,F,F,F,F,F,1.0,equalize
517,equalize,1,A,G,H,H,J,J,D,J,A,I,H,G,H,D,H,A,E,A,E,A,1.0,draw
517,rotate0,2,B,B,B,B,B,B,B,B,B,B,B,B,B,B,B,B,B,B,B,B,1.0,draw
517,rotate0,3,C,C,C,C,C,C,C,C,C,C,C,C,C,C,C,C,C,C,C,C,1.0,draw
517,equalize,4,D,J,I,D,E,A,E,H,G,J,D,E,A,I,J,G,H,D,I,J,1.0,draw
517,equalize,5,E,A,G,I,H,G,I,D,E,A,I,J,G,E,D,I,J,G,H,D,1.0,draw
517,rotate0,6,F,F,F,F,F,F,F,F,F,F,F,F,F,F,F,F,F,F,F,F,1.0,draw
518,equalize,1,A,G,I,I,F,A,D,A,F,J,I,J,I,D,I,F,H,F,H,F,1.0,equalize
518,rotate0,2,B,B,B,B,B,B,B,B,B,B,B,B,B,B,B,B,B,B,B,B,0.95,equalize
518,rotate0,3,C,C,C,C,C,C,C,C,C,C,C,C,C,C,C,C,C,C,C,C,1.0,equalize
518,equalize,4,D,J,A,D,H,F,H,I,G,A,D,H,F,G,A,J,I,D,G,A,1.0,equalize
518,rotate0,5,E,E,E,E,E,E,E,E,E,E,E,E,E,E,E,E,E,E,E,E,1.0,equalize
518,equalize,6,F,B,H,G,J,I,G,J,D,H,F,G,A,J,H,D,G,A,J,I,0.95,equalize
519,equalize,1,A,G,I,I,F,A,E,A,F,J,I,J,I,E,I,F,H,F,H,F,1.0,equalize
519,rotate0,2,B,B,B,B,B,B,B,B,B,B,B,B,B,B,B,B,B,B,B,B,0.95,equalize
519,rotate0,3,C,C,C,C,C,C,C,C,C,C,C,C,C,C,C,C,C,C,C,C,1.0,equalize
519,rotate0,4,D,D,D,D,D,D,D,D,D,D,D,D,D,D,D,D,D,D,D,D,1.0,equalize
519,equalize,5,E,A,J,E,H,F,H,I,G,A,E,H,F,G,A,J,I,E,G,A,1.0,equalize
519,equalize,6,F,B,H,G,J,I,G,J,E,H,F,G,A,J,H,E,G,A,J,I,0.95,equalize
520,equalize,1,A,G,J,J,F,A,G,A,C,I,G,I,G,J,G,C,F,C,F,C,1.0,equalize
520,rotate0,2,B,B,B,B,B,B,B,B,B,B,B,B,B,B,B,B,B,B,B,B,0.95,equalize
520,equalize,3,C,I,A,C,H,C,H,G,H,A,J,F,C,H,A,I,G,J,H,A,1.0,equalize
520,rotate0,4,D,D,D,D,D,D,D,D,D,D,D,D,D,D,D,D,D,D,D,D,1.0,equalize
520,rotate0,5,E,E,E,E,E,E,E,E,E,E,E,E,E,E,E,E,E,E,E,E,1.0,equalize
520,equalize,6,F,B,H,G,I,J,F,I,J,F,C,H,A,I,F,J,H,A,I,G,0.95,equalize
521,caste,1,A,G,G,E,E,G,C,H,D,I,G,F,I,J,D,G,J,D,E,J,1.0,draw
521,caste,2,B,H,H,F,I,E,F,C,J,D,H,A,F,B,C,I,A,F,B,H,1.0,draw
521,caste,3,C,I,C,G,B,H,D,I,G,F,I,J,D,G,J,D,E,J,G,C,1.0,draw
521,equalize,4,D,J,I,H,F,I,J,F,H,A,D,B,C,I,A,F,B,H,D,E,1.0,draw
521,equalize,5,E,A,D,A,D,A,G,A,C,J,C,G,A,F,E,H,G,C,I,A,1.0,draw
521,equalize,6,F,B,J,C,J,B,E,B,E,B,E,H,E,H,B,C,I,A,F,B,1.0,draw
522,caste,1,A,G,G,E,E,G,C,H,D,I,G,F,I,J,D,G,J,D,E,J,1.0,draw
522,equalize,2,B,H,H,F,I,E,F,C,J,D,H,A,F,B,C,I,A,F,B,H,1.0,draw
522,equalize,3,C,I,C,G,B,H,D,I,G,F,I,J,D,G,J,D,E,J,G,C,1.0,draw
522,caste,4,D,J,I,H,F,I,J,F,H,A,D,B,C,I,A,F,B,H,D,E,1.0,draw
522,caste,5,E,A,D,A,D,A,G,A,C,J,C,G,A,F,E,H,G,C,I,A,1.0,draw
522,equalize,6,F,B,J,C,J,B,E,B,E,B,E,H,E,H,B,C,I,A,F,B,1.0,draw
523,caste,1,A,G,G,E,E,G,C,H,D,I,G,F,I,J,D,G,J,D,E,J,1.0,draw
523,equalize,2,B,H,H,F,I,E,F,C,J,D,H,A,F,B,C,I,A,F,B,H,1.0,draw
523,caste,3,C,I,C,G,B,H,D,I,G,F,I,J,D,G,J,D,E,J,G,C,1.0,draw
523,caste,4,D,J,I,H,F,I,J,F,H,A,D,B,C,I,A,F,B,H,D,E,1.0,draw
523,equalize,5,E,A,D,A,D,A,G,A,C,J,C,G,A,F,E,H,G,C,I,A,1.0,draw
523,equalize,6,F,B,J,C,J,B,E,B,E,B,E,H,E,H,B,C,I,A,F,B,1.0,draw
524,caste,1,A,G,G,E,E,G,C,H,D,I,G,F,I,J,D,G,J,D,E,J,1.0,draw
524,equalize,2,B,H,H,F,I,E,F,C,J,D,H,A,F,B,C,I,A,F,B,H,1.0,draw
524,equalize,3,C,I,C,G,B,H,D,I,G,F,I,J,D,G,J,D,E,J,G,C,1.0,draw
524,caste,4,D,J,I,H,F,I,J,F,H,A,D,B,C,I,A,F,B,H,D,E,1.0,draw
524,equalize,5,E,A,D,A,D,A,G,A,C,J,C,G,A,F,E,H,G,C,I,A,1.0,draw
524,caste,6,F,B,J,C,J,B,E,B,E,B,E,H,E,H,B,C,I,A,F,B,1.0,draw
525,caste,1,A,G,G,E,E,G,C,H,D,I,G,F,I,J,D,G,J,D,E,J,1.0,draw
525,equalize,2,B,H,H,F,I,E,F,C,J,D,H,A,F,B,C,I,A,F,B,H,1.0,draw
525,equalize,3,C,I,C,G,B,H,D,I,G,F,I,J,D,G,J,D,E,J,G,C,1.0,draw
525,equalize,4,D,J,I,H,F,I,J,F,H,A,D,B,C,I,A,F,B,H,D,E,1.0,draw
525,caste,5,E,A,D,A,D,A,G,A,C,J,C,G,A,F,E,H,G,C,I,A,1.0,draw
525,caste,6,F,B,J,C,J,B,E,B,E,B,E,H,E,H,B,C,I,A,F,B,1.0,draw
526,equalize,1,A,G,G,E,E,G,C,H,D,I,G,F,I,J,D,G,J,D,E,J,1.0,draw
526,equalize,2,B,H,H,F,I,E,F,C,J,D,H,A,F,B,C,I,A,F,B,H,1.0,draw
526,equalize,3,C,I,C,G,B,H,D,I,G,F,I,J,D,G,J,D,E,J,G,C,1.0,draw
526,caste,4,D,J,I,H,F,I,J,F,H,A,D,B,C,I,A,F,B,H,D,E,1.0,draw
526,caste,5,E,A,D,A,D,A,G,A,C,J,C,G,A,F,E,H,G,C,I,A,1.0,draw
526,caste,6,F,B,J,C,J,B,E,B,E,B,E,H,E,H,B,C,I,A,F,B,1.0,draw
527,caste,1,A,G,G,E,E,G,C,H,D,I,G,F,I,J,D,G,J,D,E,J,1.0,draw
527,equalize,2,B,H,H,F,I,E,F,C,J,D,H,A,F,B,C,I,A,F,B,H,1.0,draw
527,caste,3,C,I,C,G,B,H,D,I,G,F,I,J,D,G,J,D,E,J,G,C,1.0,draw
527,equalize,4,D,J,I,H,F,I,J,F,H,A,D,B,C,I,A,F,B,H,D,E,1.0,draw
527,equalize,5,E,A,D,A,D,A,G,A,C,J,C,G,A,F,E,H,G,C,I,A,1.0,draw
527,caste,6,F,B,J,C,J,B,E,B,E,B,E,H,E,H,B,C,I,A,F,B,1.0,draw
528,equalize,1,A,G,G,E,E,G,C,H,D,I,G,F,I,J,D,G,J,D,E,J,1.0,draw
528,caste,2,B,H,H,F,I,E,F,C,J,D,H,A,F,B,C,I,A,F,B,H,1.0,draw
528,caste,3,C,I,C,G,B,H,D,I,G,F,I,J,D,G,J,D,E,J,G,C,1.0,draw
528,equalize,4,D,J,I,H,F,I,J,F,H,A,D,B,C,I,A,F,B,H,D,E,1.0,draw
528,caste,5,E,A,D,A,D,A,G,A,C,J,C,G,A,F,E,H,G,C,I,A,1.0,draw
528,equalize,6,F,B,J,C,J,B,E,B,E,B,E,H,E,H,B,C,I,A,F,B,1.0,draw
529,equalize,1,A,G,G,E,E,G,C,H,D,I,G,F,I,J,D,G,J,D,E,J,1.0,draw
529,caste,2,B,H,H,F,I,E,F,C,J,D,H,A,F,B,C,I,A,F,B,H,1.0,draw
529,caste,3,C,I,C,G,B,H,D,I,G,F,I,J,D,G,J,D,E,J,G,C,1.0,draw
529,caste,4,D,J,I,H,F,I,J,F,H,A,D,B,C,I,A,F,B,H,D,E,1.0,draw
529,equalize,5,E,A,D,A,D,A,G,A,C,J,C,G,A,F,E,H,G,C,I,A,1.0,draw
529,equalize,6,F,B,J,C,J,B,E,B,E,B,E,H,E,H,B,C,I,A,F,B,1.0,draw
530,equalize,1,A,G,G,E,E,G,C,H,D,I,G,F,I,J,D,G,J,D,E,J,1.0,draw
530,equalize,2,B,H,H,F,I,E,F,C,J,D,H,A,F,B,C,I,A,F,B,H,1.0,draw
530,caste,3,C,I,C,G,B,H,D,I,G,F,I,J,D,G,J,D,E,J,G,C,1.0,draw
530,caste,4,D,J,I,H,F,I,J,F,H,A,D,B,C,I,A,F,B,H,D,E,1.0,draw
530,caste,5,E,A,D,A,D,A,G,A,C,J,C,G,A,F,E,H,G,C,I,A,1.0,draw
530,equalize,6,F,B,J,C,J,B,E,B,E,B,E,H,E,H,B,C,I,A,F,B,1.0,draw
531,caste,1,A,G,G,E,E,G,C,H,D,I,G,F,I,J,D,G,J,D,E,J,1.0,draw
531,caste,2,B,H,H,F,I,E,F,C,J,D,H,A,F,B,C,I,A,F,B,H,1.0,draw
531,equalize,3,C,I,C,G,B,H,D,I,G,F,I,J,D,G,J,D,E,J,G,C,1.0,draw
531,caste,4,D,J,I,H,F,I,J,F,H,A,D,B,C,I,A,F,B,H,D,E,1.0,draw
531,equalize,5,E,A,D,A,D,A,G,A,C,J,C,G,A,F,E,H,G,C,I,A,1.0,draw
531,equalize,6,F,B,J,C,J,B,E,B,E,B,E,H,E,H,B,C,I,A,F,B,1.0,draw
532,caste,1,A,G,G,E,E,G,C,H,D,I,G,F,I,J,D,G,J,D,E,J,1.0,draw
532,caste,2,B,H,H,F,I,E,F,C,J,D,H,A,F,B,C,I,A,F,B,H,1.0,draw
532,equalize,3,C,I,C,G,B,H,D,I,G,F,I,J,D,G,J,D,E,J,G,C,1.0,draw
532,equalize,4,D,J,I,H,F,I,J,F,H,A,D,B,C,I,A,F,B,H,D,E,1.0,draw
532,equalize,5,E,A,D,A,D,A,G,A,C,J,C,G,A,F,E,H,G,C,I,A,1.0,draw
532,caste,6,F,B,J,C,J,B,E,B,E,B,E,H,E,H,B,C,I,A,F,B,1.0,draw
533,equalize,1,A,G,G,E,E,G,C,H,D,I,G,F,I,J,D,G,J,D,E,J,1.0,draw
533,equalize,2,B,H,H,F,I,E,F,C,J,D,H,A,F,B,C,I,A,F,B,H,1.0,draw
533,caste,3,C,I,C,G,B,H,D,I,G,F,I,J,D,G,J,D,E,J,G,C,1.0,draw
533,caste,4,D,J,I,H,F,I,J,F,H,A,D,B,C,I,A,F,B,H,D,E,1.0,draw
533,equalize,5,E,A,D,A,D,A,G,A,C,J,C,G,A,F,E,H,G,C,I,A,1.0,draw
533,caste,6,F,B,J,C,J,B,E,B,E,B,E,H,E,H,B,C,I,A,F,B,1.0,draw
534,equalize,1,A,G,G,E,E,G,C,H,D,I,G,F,I,J,D,G,J,D,E,J,1.0,draw
534,caste,2,B,H,H,F,I,E,F,C,J,D,H,A,F,B,C,I,A,F,B,H,1.0,draw
534,caste,3,C,I,C,G,B,H,D,I,G,F,I,J,D,G,J,D,E,J,G,C,1.0,draw
534,equalize,4,D,J,I,H,F,I,J,F,H,A,D,B,C,I,A,F,B,H,D,E,1.0,draw
534,equalize,5,E,A,D,A,D,A,G,A,C,J,C,G,A,F,E,H,G,C,I,A,1.0,draw
534,caste,6,F,B,J,C,J,B,E,B,E,B,E,H,E,H,B,C,I,A,F,B,1.0,draw
535,caste,1,A,G,G,E,E,G,C,H,D,I,G,F,I,J,D,G,J,D,E,J,1.0,draw
535,equalize,2,B,H,H,F,I,E,F,C,J,D,H,A,F,B,C,I,A,F,B,H,1.0,draw
535,caste,3,C,I,C,G,B,H,D,I,G,F,I,J,D,G,J,D,E,J,G,C,1.0,draw
535,equalize,4,D,J,I,H,F,I,J,F,H,A,D,B,C,I,A,F,B,H,D,E,1.0,draw
535,caste,5,E,A,D,A,D,A,G,A,C,J,C,G,A,F,E,H,G,C,I,A,1.0,draw
535,equalize,6,F,B,J,C,J,B,E,B,E,B,E,H,E,H,B,C,I,A,F,B,1.0,draw
536,equalize,1,A,G,G,E,E,G,C,H,D,I,G,F,I,J,D,G,J,D,E,J,1.0,draw
536,equalize,2,B,H,H,F,I,E,F,C,J,D,H,A,F,B,C,I,A,F,B,H,1.0,draw
536,caste,3,C,I,C,G,B,H,D,I,G,F,I,J,D,G,J,D,E,J,G,C,1.0,draw
536,equalize,4,D,J,I,H,F,I,J,F,H,A,D,B,C,I,A,F,B,H,D,E,1.0,draw
536,caste,5,E,A,D,A,D,A,G,A,C,J,C,G,A,F,E,H,G,C,I,A,1.0,draw
536,caste,6,F,B,J,C,J,B,E,B,E,B,E,H,E,H,B,C,I,A,F,B,1.0,draw
537,equalize,1,A,G,G,E,E,G,C,H,D,I,G,F,I,J,D,G,J,D,E,J,1.0,draw
537,caste,2,B,H,H,F,I,E,F,C,J,D,H,A,F,B,C,I,A,F,B,H,1.0,draw
537,equalize,3,C,I,C,G,B,H,D,I,G,F,I,J,D,G,J,D,E,J,G,C,1.0,draw
537,caste,4,D,J,I,H,F,I,J,F,H,A,D,B,C,I,A,F,B,H,D,E,1.0,draw
537,caste,5,E,A,D,A,D,A,G,A,C,J,C,G,A,F,E,H,G,C,I,A,1.0,draw
537,equalize,6,F,B,J,C,J,B,E,B,E,B,E,H,E,H,B,C,I,A,F,B,1.0,draw
538,equalize,1,A,G,G,E,E,G,C,H,D,I,G,F,I,J,D,G,J,D,E,J,1.0,draw
538,caste,2,B,H,H,F,I,E,F,C,J,D,H,A,F,B,C,I,A,F,B,H,1.0,draw
538,equalize,3,C,I,C,G,B,H,D,I,G,F,I,J,D,G,J,D,E,J,G,C,1.0,draw
538,equalize,4,D,J,I,H,F,I,J,F,H,A,D,B,C,I,A,F,B,H,D,E,1.0,draw
538,caste,5,E,A,D,A,D,A,G,A,C,J,C,G,A,F,E,H,G,C,I,A,1.0,draw
538,caste,6,F,B,J,C,J,B,E,B,E,B,E,H,E,H,B,C,I,A,F,B,1.0,draw
539,caste,1,A,G,G,E,E,G,C,H,D,I,G,F,I,J,D,G,J,D,E,J,1.0,draw
539,caste,2,B,H,H,F,I,E,F,C,J,D,H,A,F,B,C,I,A,F,B,H,1.0,draw
539,equalize,3,C,I,C,G,B,H,D,I,G,F,I,J,D,G,J,D,E,J,G,C,1.0,draw
539,equalize,4,D,J,I,H,F,I,J,F,H,A,D,B,C,I,A,F,B,H,D,E,1.0,draw
539,caste,5,E,A,D,A,D,A,G,A,C,J,C,G,A,F,E,H,G,C,I,A,1.0,draw
539,equalize,6,F,B,J,C,J,B,E,B,E,B,E,H,E,H,B,C,I,A,F,B,1.0,draw
540,equalize,1,A,G,G,E,E,G,C,H,D,I,G,F,I,J,D,G,J,D,E,J,1.0,draw
540,caste,2,B,H,H,F,I,E,F,C,J,D,H,A,F,B,C,I,A,F,B,H,1.0,draw
540,equalize,3,C,I,C,G,B,H,D,I,G,F,I,J,D,G,J,D,E,J,G,C,1.0,draw
540,caste,4,D,J,I,H,F,I,J,F,H,A,D,B,C,I,A,F,B,H,D,E,1.0,draw
540,equalize,5,E,A,D,A,D,A,G,A,C,J,C,G,A,F,E,H,G,C,I,A,1.0,draw
540,caste,6,F,B,J,C,J,B,E,B,E,B,E,H,E,H,B,C,I,A,F,B,1.0,draw
541,equalize,1,A,G,G,E,E,G,C,H,D,I,G,F,I,J,D,G,J,D,E,J,1.0,draw
541,equalize,2,B,H,H,F,I,E,F,C,J,D,H,A,F,B,C,I,A,F,B,H,1.0,draw
541,equalize,3,C,I,C,G,B,H,D,I,G,F,I,J,D,G,J,D,E,J,G,C,1.0,draw
541,equalize,4,D,J,I,H,F,I,J,F,H,A,D,B,C,I,A,F,B,H,D,E,1.0,draw
541,equalize,5,E,A,D,A,D,A,G,A,C,J,C,G,A,F,E,H,G,C,I,A,1.0,draw
541,equalize,6,F,B,J,C,J,B,E,B,E,B,E,H,E,H,B,C,I,A,F,B,1.0,draw
542,equalize,1,A,G,G,E,E,G,C,H,D,I,G,F,I,J,D,G,J,D,E,J,1.0,draw
542,equalize,2,B,H,H,F,I,E,F,C,J,D,H,A,F,B,C,I,A,F,B,H,1.0,draw
542,equalize,3,C,I,C,G,B,H,D,I,G,F,I,J,D,G,J,D,E,J,G,C,1.0,draw
542,equalize,4,D,J,I,H,F,I,J,F,H,A,D,B,C,I,A,F,B,H,D,E,1.0,draw
542,equalize,5,E,A,D,A,D,A,G,A,C,J,C,G,A,F,E,H,G,C,I,A,1.0,draw
542,equalize,6,F,B,J,C,J,B,E,B,E,B,E,H,E,H,B,C,I,A,F,B,1.0,draw
543,equalize,1,A,G,G,E,E,G,C,H,D,I,G,F,I,J,D,G,J,D,E,J,1.0,draw
543,equalize,2,B,H,H,F,I,E,F,C,J,D,H,A,F,B,C,I,A,F,B,H,1.0,draw
543,equalize,3,C,I,C,G,B,H,D,I,G,F,I,J,D,G,J,D,E,J,G,C,1.0,draw
543,equalize,4,D,J,I,H,F,I,J,F,H,A,D,B,C,I,A,F,B,H,D,E,1.0,draw
543,equalize,5,E,A,D,A,D,A,G,A,C,J,C,G,A,F,E,H,G,C,I,A,1.0,draw
543,equalize,6,F,B,J,C,J,B,E,B,E,B,E,H,E,H,B,C,I,A,F,B,1.0,draw
544,equalize,1,A,G,G,E,E,G,C,H,D,I,G,F,I,J,D,G,J,D,E,J,1.0,draw
544,equalize,2,B,H,H,F,I,E,F,C,J,D,H,A,F,B,C,I,A,F,B,H,1.0,draw
544,equalize,3,C,I,C,G,B,H,D,I,G,F,I,J,D,G,J,D,E,J,G,C,1.0,draw
544,equalize,4,D,J,I,H,F,I,J,F,H,A,D,B,C,I,A,F,B,H,D,E,1.0,draw
544,equalize,5,E,A,D,A,D,A,G,A,C,J,C,G,A,F,E,H,G,C,I,A,1.0,draw
544,equalize,6,F,B,J,C,J,B,E,B,E,B,E,H,E,H,B,C,I,A,F,B,1.0,draw
545,equalize,1,A,G,G,E,E,G,C,H,D,I,G,F,I,J,D,G,J,D,E,J,1.0,draw
545,equalize,2,B,H,H,F,I,E,F,C,J,D,H,A,F,B,C,I,A,F,B,H,1.0,draw
545,equalize,3,C,I,C,G,B,H,D,I,G,F,I,J,D,G,J,D,E,J,G,C,1.0,draw
545,equalize,4,D,J,I,H,F,I,J,F,H,A,D,B,C,I,A,F,B,H,D,E,1.0,draw
545,equalize,5,E,A,D,A,D,A,G,A,C,J,C,G,A,F,E,H,G,C,I,A,1.0,draw
545,equalize,6,F,B,J,C,J,B,E,B,E,B,E,H,E,H,B,C,I,A,F,B,1.0,draw
546,equalize,1,A,G,G,E,E,G,C,H,D,I,G,F,I,J,D,G,J,D,E,J,1.0,draw
546,equalize,2,B,H,H,F,I,E,F,C,J,D,H,A,F,B,C,I,A,F,B,H,1.0,draw
546,equalize,3,C,I,C,G,B,H,D,I,G,F,I,J,D,G,J,D,E,J,G,C,1.0,draw
546,equalize,4,D,J,I,H,F,I,J,F,H,A,D,B,C,I,A,F,B,H,D,E,1.0,draw
546,equalize,5,E,A,D,A,D,A,G,A,C,J,C,G,A,F,E,H,G,C,I,A,1.0,draw
546,equalize,6,F,B,J,C,J,B,E,B,E,B,E,H,E,H,B,C,I,A,F,B,1.0,draw
547,equalize,1,A,G,G,E,E,G,C,H,D,I,G,F,I,J,D,G,J,D,E,J,1.0,draw
547,equalize,2,B,H,H,F,I,E,F,C,J,D,H,A,F,B,C,I,A,F,B,H,1.0,draw
547,equalize,3,C,I,C,G,B,H,D,I,G,F,I,J,D,G,J,D,E,J,G,C,1.0,draw
547,equalize,4,D,J,I,H,F,I,J,F,H,A,D,B,C,I,A,F,B,H,D,E,1.0,draw
547,equalize,5,E,A,D,A,D,A,G,A,C,J,C,G,A,F,E,H,G,C,I,A,1.0,draw
547,equalize,6,F,B,J,C,J,B,E,B,E,B,E,H,E,H,B,C,I,A,F,B,1.0,draw
548,equalize,1,A,G,G,E,E,G,C,H,D,I,G,F,I,J,D,G,J,D,E,J,1.0,draw
548,equalize,2,B,H,H,F,I,E,F,C,J,D,H,A,F,B,C,I,A,F,B,H,1.0,draw
548,equalize,3,C,I,C,G,B,H,D,I,G,F,I,J,D,G,J,D,E,J,G,C,1.0,draw
548,equalize,4,D,J,I,H,F,I,J,F,H,A,D,B,C,I,A,F,B,H,D,E,1.0,draw
548,equalize,5,E,A,D,A,D,A,G,A,C,J,C,G,A,F,E,H,G,C,I,A,1.0,draw
548,equalize,6,F,B,J,C,J,B,E,B,E,B,E,H,E,H,B,C,I,A,F,B,1.0,draw
549,equalize,1,A,G,G,E,E,G,C,H,D,I,G,F,I,J,D,G,J,D,E,J,1.0,draw
549,equalize,2,B,H,H,F,I,E,F,C,J,D,H,A,F,B,C,I,A,F,B,H,1.0,draw
549,equalize,3,C,I,C,G,B,H,D,I,G,F,I,J,D,G,J,D,E,J,G,C,1.0,draw
549,equalize,4,D,J,I,H,F,I,J,F,H,A,D,B,C,I,A,F,B,H,D,E,1.0,draw
549,equalize,5,E,A,D,A,D,A,G,A,C,J,C,G,A,F,E,H,G,C,I,A,1.0,draw
549,equalize,6,F,B,J,C,J,B,E,B,E,B,E,H,E,H,B,C,I,A,F,B,1.0,draw
550,equalize,1,A,G,G,E,E,G,C,H,D,I,G,F,I,J,D,G,J,D,E,J,1.0,draw
550,equalize,2,B,H,H,F,I,E,F,C,J,D,H,A,F,B,C,I,A,F,B,H,1.0,draw
550,equalize,3,C,I,C,G,B,H,D,I,G,F,I,J,D,G,J,D,E,J,G,C,1.0,draw
550,equalize,4,D,J,I,H,F,I,J,F,H,A,D,B,C,I,A,F,B,H,D,E,1.0,draw
550,equalize,5,E,A,D,A,D,A,G,A,C,J,C,G,A,F,E,H,G,C,I,A,1.0,draw
550,equalize,6,F,B,J,C,J,B,E,B,E,B,E,H,E,H,B,C,I,A,F,B,1.0,draw
551,equalize,1,A,G,G,E,E,G,C,H,D,I,G,F,I,J,D,G,J,D,E,J,1.0,draw
551,equalize,2,B,H,H,F,I,E,F,C,J,D,H,A,F,B,C,I,A,F,B,H,1.0,draw
551,equalize,3,C,I,C,G,B,H,D,I,G,F,I,J,D,G,J,D,E,J,G,C,1.0,draw
551,equalize,4,D,J,I,H,F,I,J,F,H,A,D,B,C,I,A,F,B,H,D,E,1.0,draw
551,equalize,5,E,A,D,A,D,A,G,A,C,J,C,G,A,F,E,H,G,C,I,A,1.0,draw
551,equalize,6,F,B,J,C,J,B,E,B,E,B,E,H,E,H,B,C,I,A,F,B,1.0,draw
552,equalize,1,A,G,G,E,E,G,C,H,D,I,G,F,I,J,D,G,J,D,E,J,1.0,draw
552,equalize,2,B,H,H,F,I,E,F,C,J,D,H,A,F,B,C,I,A,F,B,H,1.0,draw
552,equalize,3,C,I,C,G,B,H,D,I,G,F,I,J,D,G,J,D,E,J,G,C,1.0,draw
552,equalize,4,D,J,I,H,F,I,J,F,H,A,D,B,C,I,A,F,B,H,D,E,1.0,draw
552,equalize,5,E,A,D,A,D,A,G,A,C,J,C,G,A,F,E,H,G,C,I,A,1.0,draw
552,equalize,6,F,B,J,C,J,B,E,B,E,B,E,H,E,H,B,C,I,A,F,B,1.0,draw
553,equalize,1,A,G,G,E,E,G,C,H,D,I,G,F,I,J,D,G,J,D,E,J,1.0,draw
553,equalize,2,B,H,H,F,I,E,F,C,J,D,H,A,F,B,C,I,A,F,B,H,1.0,draw
553,equalize,3,C,I,C,G,B,H,D,I,G,F,I,J,D,G,J,D,E,J,G,C,1.0,draw
553,equalize,4,D,J,I,H,F,I,J,F,H,A,D,B,C,I,A,F,B,H,D,E,1.0,draw
553,equalize,5,E,A,D,A,D,A,G,A,C,J,C,G,A,F,E,H,G,C,I,A,1.0,draw
553,equalize,6,F,B,J,C,J,B,E,B,E,B,E,H,E,H,B,C,I,A,F,B,1.0,draw
554,equalize,1,A,G,G,E,E,G,C,H,D,I,G,F,I,J,D,G,J,D,E,J,1.0,draw
554,equalize,2,B,H,H,F,I,E,F,C,J,D,H,A,F,B,C,I,A,F,B,H,1.0,draw
554,equalize,3,C,I,C,G,B,H,D,I,G,F,I,J,D,G,J,D,E,J,G,C,1.0,draw
554,equalize,4,D,J,I,H,F,I,J,F,H,A,D,B,C,I,A,F,B,H,D,E,1.0,draw
554,equalize,5,E,A,D,A,D,A,G,A,C,J,C,G,A,F,E,H,G,C,I,A,1.0,draw
554,equalize,6,F,B,J,C,J,B,E,B,E,B,E,H,E,H,B,C,I,A,F,B,1.0,draw
555,equalize,1,A,G,G,E,E,G,C,H,D,I,G,F,I,J,D,G,J,D,E,J,1.0,draw
555,equalize,2,B,H,H,F,I,E,F,C,J,D,H,A,F,B,C,I,A,F,B,H,1.0,draw
555,equalize,3,C,I,C,G,B,H,D,I,G,F,I,J,D,G,J,D,E,J,G,C,1.0,draw
555,equalize,4,D,J,I,H,F,I,J,F,H,A,D,B,C,I,A,F,B,H,D,E,1.0,draw
555,equalize,5,E,A,D,A,D,A,G,A,C,J,C,G,A,F,E,H,G,C,I,A,1.0,draw
555,equalize,6,F,B,J,C,J,B,E,B,E,B,E,H,E,H,B,C,I,A,F,B,1.0,draw
556,equalize,1,A,G,G,E,E,G,C,H,D,I,G,F,I,J,D,G,J,D,E,J,1.0,draw
556,equalize,2,B,H,H,F,I,E,F,C,J,D,H,A,F,B,C,I,A,F,B,H,1.0,draw
556,equalize,3,C,I,C,G,B,H,D,I,G,F,I,J,D,G,J,D,E,J,G,C,1.0,draw
556,equalize,4,D,J,I,H,F,I,J,F,H,A,D,B,C,I,A,F,B,H,D,E,1.0,draw
556,equalize,5,E,A,D,A,D,A,G,A,C,J,C,G,A,F,E,H,G,C,I,A,1.0,draw
556,equalize,6,F,B,J,C,J,B,E,B,E,B,E,H,E,H,B,C,I,A,F,B,1.0,draw
557,equalize,1,A,G,G,E,E,G,C,H,D,I,G,F,I,J,D,G,J,D,E,J,1.0,draw
557,equalize,2,B,H,H,F,I,E,F,C,J,D,H,A,F,B,C,I,A,F,B,H,1.0,draw
557,equalize,3,C,I,C,G,B,H,D,I,G,F,I,J,D,G,J,D,E,J,G,C,1.0,draw
557,equalize,4,D,J,I,H,F,I,J,F,H,A,D,B,C,I,A,F,B,H,D,E,1.0,draw
557,equalize,5,E,A,D,A,D,A,G,A,C,J,C,G,A,F,E,H,G,C,I,A,1.0,draw
557,equalize,6,F,B,J,C,J,B,E,B,E,B,E,H,E,H,B,C,I,A,F,B,1.0,draw
558,equalize,1,A,G,G,E,E,G,C,H,D,I,G,F,I,J,D,G,J,D,E,J,1.0,draw
558,equalize,2,B,H,H,F,I,E,F,C,J,D,H,A,F,B,C,I,A,F,B,H,1.0,draw
558,equalize,3,C,I,C,G,B,H,D,I,G,F,I,J,D,G,J,D,E,J,G,C,1.0,draw
558,equalize,4,D,J,I,H,F,I,J,F,H,A,D,B,C,I,A,F,B,H,D,E,1.0,draw
558,equalize,5,E,A,D,A,D,A,G,A,C,J,C,G,A,F,E,H,G,C,I,A,1.0,draw
558,equalize,6,F,B,J,C,J,B,E,B,E,B,E,H,E,H,B,C,I,A,F,B,1.0,draw
559,equalize,1,A,G,G,E,E,G,C,H,D,I,G,F,I,J,D,G,J,D,E,J,1.0,draw
559,equalize,2,B,H,H,F,I,E,F,C,J,D,H,A,F,B,C,I,A,F,B,H,1.0,draw
559,equalize,3,C,I,C,G,B,H,D,I,G,F,I,J,D,G,J,D,E,J,G,C,1.0,draw
559,equalize,4,D,J,I,H,F,I,J,F,H,A,D,B,C,I,A,F,B,H,D,E,1.0,draw
559,equalize,5,E,A,D,A,D,A,G,A,C,J,C,G,A,F,E,H,G,C,I,A,1.0,draw
559,equalize,6,F,B,J,C,J,B,E,B,E,B,E,H,E,H,B,C,I,A,F,B,1.0,draw
560,equalize,1,A,G,G,E,E,G,C,H,D,I,G,F,I,J,D,G,J,D,E,J,1.0,draw
560,equalize,2,B,H,H,F,I,E,F,C,J,D,H,A,F,B,C,I,A,F,B,H,1.0,draw
560,equalize,3,C,I,C,G,B,H,D,I,G,F,I,J,D,G,J,D,E,J,G,C,1.0,draw
560,equalize,4,D,J,I,H,F,I,J,F,H,A,D,B,C,I,A,F,B,H,D,E,1.0,draw
560,equalize,5,E,A,D,A,D,A,G,A,C,J,C,G,A,F,E,H,G,C,I,A,1.0,draw
560,equalize,6,F,B,J,C,J,B,E,B,E,B,E,H,E,H,B,C,I,A,F,B,1.0,draw
561,turntaking,1,A,G,E,A,F,F,C,C,D,F,E,J,J,J,E,D,E,A,C,E,0.6,turntaking
561,random,2,H,G,E,D,C,F,J,skip,B,C,H,B,C,G,skip,B,F,A,H,A,0.45,turntaking
561,turntaking,3,C,J,C,F,D,C,J,I,J,C,A,A,D,A,A,I,G,C,D,J,0.75,turntaking
561,turntaking,4,D,A,J,G,J,D,I,A,A,I,J,F,I,D,D,A,F,J,I,D,0.8,turntaking
561,random,5,I,E,I,skip,I,E,D,skip,D,C,E,E,C,F,G,I,G,E,F,J,0.5,turntaking
561,random,6,F,skip,E,A,B,skip,B,F,E,I,G,F,I,J,G,G,B,A,H,G,0.45,turntaking
562,random,1,skip,E,C,I,G,A,H,D,A,E,H,H,D,I,A,A,J,G,skip,A,0.55,turntaking
562,random,2,H,A,skip,D,G,G,C,H,H,skip,B,G,I,E,E,skip,E,D,I,A,0.5,turntaking
562,turntaking,3,C,G,C,I,I,F,D,I,F,C,F,G,D,G,J,C,D,C,I,G,0.7,turntaking
562,turntaking,4,D,J,J,H,F,J,I,F,J,D,J,D,J,J,C,G,F,I,H,F,0.85,turntaking
562,random,5,D,H,J,C,D,E,J,E,A,A,F,I,D,F,H,B,J,D,H,J,0.45,turntaking
562,turntaking,6,F,I,G,F,G,H,C,H,G,I,C,I,C,F,H,J,G,F,C,C,0.7,turntaking
563,turntaking,1,A,I,D,G,F,J,E,E,F,J,J,I,F,D,I,F,G,E,D,A,0.65,turntaking
563,turntaking,2,B,G,G,H,E,G,G,I,A,E,F,D,G,E,A,G,E,F,B,F,0.95,turntaking
563,random,3,A,E,A,D,D,C,C,J,D,C,E,B,skip,H,I,I,C,H,skip,A,0.65,turntaking
563,turntaking,4,D,H,E,J,J,E,D,G,I,A,E,F,D,I,F,E,J,D,G,J,0.9,turntaking
563,random,5,F,J,A,I,F,J,F,D,G,I,A,A,G,B,skip,A,J,skip,H,G,0.6,turntaking
563,random,6,A,F,skip,I,I,skip,H,skip,skip,G,J,J,B,D,I,C,A,B,C,E,0.55,turntaking
564,turntaking,1,A,I,C,E,H,H,H,J,F,H,H,G,A,A,J,C,C,A,F,F,0.75,turntaking
564,random,2,F,skip,A,J,A,skip,A,H,I,G,F,I,G,H,J,G,G,C,E,G,0.45,turntaking
564,turntaking,3,C,G,E,J,A,F,C,G,G,C,C,H,J,I,I,G,H,J,I,H,0.45,turntaking
564,random,4,A,F,C,B,I,F,D,A,D,skip,B,H,B,A,J,D,B,J,I,D,0.55,turntaking
564,turntaking,5,E,H,I,H,G,I,G,I,J,F,F,J,G,C,G,A,F,C,A,A,0.75,turntaking
564,random,6,F,G,J,J,C,A,C,I,J,I,F,C,F,H,I,B,H,I,B,F,0.45,turntaking
565,random,1,F,C,I,C,D,skip,I,A,G,A,skip,H,G,D,F,J,skip,I,E,I,0.5,turntaking
565,random,2,A,G,J,A,A,F,F,E,C,E,E,G,F,A,skip,F,I,J,J,H,0.65,turntaking
565,turntaking,3,C,H,H,C,A,E,I,A,I,J,F,I,A,C,E,A,I,C,C,A,0.7,turntaking
565,random,4,I,D,I,B,J,skip,E,G,A,C,H,E,skip,C,G,D,A,E,E,B,0.65,turntaking
565,turntaking,5,E,J,I,F,E,F,J,C,H,E,I,C,J,I,J,H,C,H,H,F,0.85,turntaking
565,turntaking,6,F,A,E,H,J,H,C,H,J,F,H,J,F,H,I,J,E,F,A,H,0.7,turntaking
566,random,1,I,I,F,A,G,I,D,H,F,D,H,C,E,I,B,F,F,H,I,D,0.6,turntaking
566,random,2,J,F,E,skip,J,skip,B,H,A,D,F,skip,F,C,I,G,skip,J,D,I,0.55,turntaking
566,random,3,E,C,D,G,G,I,E,F,G,C,A,skip,F,I,A,A,J,F,B,E,0.5,turntaking
566,turntaking,4,D,G,J,H,H,E,F,H,C,J,I,J,H,H,E,E,J,C,E,J,0.9,turntaking
566,turntaking,5,E,I,G,C,F,H,J,G,I,C,G,I,J,G,J,G,E,G,C,G,0.8,turntaking
566,turntaking,6,F,H,C,J,I,C,E,C,J,E,F,E,G,I,H,C,H,H,I,E,0.7,turntaking
567,random,1,B,A,I,D,A,B,I,D,H,A,skip,F,I,G,C,I,C,A,E,D,0.45,turntaking
567,turntaking,2,B,G,F,G,I,H,H,D,B,F,D,B,H,D,B,E,D,B,E,H,0.7,turntaking
567,random,3,E,G,I,C,B,G,F,F,F,A,J,A,B,H,F,C,H,A,I,B,0.5,turntaking
567,turntaking,4,D,F,A,I,H,D,A,B,H,A,B,F,I,H,A,B,H,D,B,F,0.7,turntaking
567,turntaking,5,E,H,D,A,G,E,D,A,E,I,E,I,D,F,E,D,A,E,F,D,0.8,turntaking
567,random,6,E,B,C,H,I,G,E,F,C,H,E,E,C,F,I,C,skip,I,A,H,0.55,turntaking
568,turntaking,1,A,G,G,G,D,D,H,D,A,E,G,I,J,A,G,J,J,D,I,I,0.7,turntaking
568,random,2,I,E,H,I,skip,E,B,G,A,H,D,A,F,E,G,A,B,C,E,F,0.45,turntaking
568,random,3,J,J,H,C,E,D,C,skip,J,E,skip,G,C,E,H,G,A,D,A,E,0.5,turntaking
568,turntaking,4,D,H,A,E,A,J,A,G,I,H,J,J,I,D,I,D,E,E,H,H,0.8,turntaking
568,turntaking,5,E,A,D,J,G,I,G,I,H,D,I,A,H,G,H,A,D,H,J,J,0.85,turntaking
568,random,6,I,H,skip,F,E,C,J,B,F,skip,E,D,J,B,I,G,I,C,C,B,0.55,turntaking
569,random,1,E,J,H,G,H,G,J,G,G,I,A,C,I,F,I,F,I,J,A,H,0.75,turntaking
569,turntaking,2,B,J,I,H,D,I,I,I,E,H,E,B,B,E,A,E,H,B,D,D,0.9,turntaking
569,turntaking,3,C,E,D,D,A,B,D,A,A,J,B,E,E,B,I,J,E,H,H,B,0.85,turntaking
569,turntaking,4,D,B,A,I,J,A,B,D,I,A,H,I,D,J,D,A,D,A,B,E,0.9,turntaking
569,random,5,I,B,J,H,J,skip,E,B,D,J,A,H,F,H,I,G,F,F,A,G,0.6,turntaking
569,random,6,H,A,E,E,G,C,H,F,skip,J,D,G,skip,B,skip,skip,J,E,F,H,0.65,turntaking
570,random,1,B,B,A,skip,C,E,E,I,C,G,F,J,A,G,C,H,A,G,F,J,0.45,turntaking
570,turntaking,2,B,C,E,C,B,J,C,H,J,B,H,A,C,G,I,I,B,C,I,J,0.75,turntaking
570,turntaking,3,C,G,G,I,I,I,H,J,B,A,A,B,B,I,J,J,C,G,J,B,0.85,turntaking
570,random,4,J,H,A,G,D,G,A,D,A,J,skip,H,C,A,F,J,skip,skip,H,F,0.7,turntaking
570,turntaking,5,E,I,J,A,J,E,I,C,H,I,C,J,A,B,H,H,A,B,C,G,0.7,turntaking
570,random,6,H,skip,H,E,G,B,G,F,F,I,skip,G,H,G,B,I,H,skip,A,B,0.65,turntaking
571,turntaking,1,A,G,F,G,J,G,E,E,I,I,F,I,F,G,E,F,I,I,A,J,0.75,turntaking
571,random,2,C,G,E,H,H,skip,A,F,H,H,B,B,J,A,E,D,skip,E,G,E,0.55,turntaking
571,random,3,C,A,skip,A,F,A,skip,E,D,E,F,A,D,C,B,skip,E,B,F,I,0.45,turntaking
571,random,4,J,B,A,A,skip,B,J,H,A,D,J,C,D,G,C,J,F,F,skip,E,0.55,turntaking
571,turntaking,5,E,H,J,I,H,F,G,F,J,E,J,A,E,I,H,I,H,G,J,H,0.75,turntaking
571,turntaking,6,F,I,E,C,I,J,I,H,G,G,I,G,C,H,F,J,G,A,H,I,0.8,turntaking
572,turntaking,1,A,G,G,E,G,B,B,B,A,F,G,B,C,H,E,A,A,E,B,C,0.6,turntaking
572,turntaking,2,B,H,H,C,H,F,A,H,G,C,B,F,F,G,B,B,E,H,C,H,0.65,turntaking
572,random,3,B,A,H,E,H,J,E,B,I,H,E,J,skip,F,G,I,G,A,J,B,0.5,turntaking
572,random,4,A,E,skip,D,skip,C,G,F,I,I,E,J,C,F,H,D,I,skip,skip,J,0.3,turntaking
572,random,5,B,C,G,C,E,C,I,A,A,C,H,A,F,G,C,C,A,E,I,I,0.5,turntaking
572,turntaking,6,F,E,C,F,F,A,G,F,H,E,I,I,G,B,A,E,H,B,F,G,0.85,turntaking
573,turntaking,1,A,G,A,A,B,A,B,H,B,B,B,J,E,B,E,G,E,C,B,B,0.85,turntaking
573,turntaking,2,B,I,G,G,E,B,E,A,C,C,E,A,H,H,H,J,H,E,J,C,0.65,turntaking
573,random,3,H,C,C,J,H,E,E,I,J,D,C,skip,E,G,D,J,H,G,F,H,0.6,turntaking
573,random,4,E,C,H,skip,J,A,G,G,E,H,G,skip,D,A,F,I,F,A,G,J,0.6,turntaking
573,turntaking,5,E,J,I,H,J,C,C,J,H,H,A,B,C,C,J,C,B,G,C,H,0.75,turntaking
573,random,6,B,skip,D,G,G,I,skip,A,G,J,F,A,J,B,skip,A,A,skip,E,J,0.5,turntaking
574,turntaking,1,A,E,H,H,C,B,B,H,C,F,F,H,B,B,B,I,I,E,I,E,0.75,turntaking
574,random,2,F,E,I,H,skip,J,D,skip,E,G,J,I,skip,H,D,skip,J,F,J,J,0.4,turntaking
574,turntaking,3,C,G,C,E,G,G,E,I,E,I,G,E,G,E,I,G,B,F,D,I,0.75,turntaking
574,random,4,F,B,J,A,D,G,D,A,A,D,D,J,D,H,A,A,skip,G,skip,H,0.55,turntaking
574,random,5,H,B,B,E,C,H,D,H,B,skip,D,H,F,H,J,G,G,B,F,D,0.35,turntaking
574,turntaking,6,F,I,G,C,I,F,I,F,D,D,B,I,F,G,E,F,E,B,H,D,0.7,turntaking
575,turntaking,1,A,H,C,A,D,D,H,D,C,A,I,I,A,F,I,J,A,H,C,C,0.65,turntaking
575,random,2,H,I,skip,A,A,C,A,A,E,B,E,G,C,C,G,J,I,H,A,F,0.7,turntaking
575,random,3,A,F,I,J,J,C,F,H,F,H,skip,F,E,skip,I,D,E,G,I,B,0.65,turntaking
575,turntaking,4,D,I,J,C,I,F,F,I,I,C,J,D,I,J,F,A,H,F,J,D,0.75,turntaking
575,random,5,C,skip,J,C,I,J,F,B,B,A,H,C,H,G,D,skip,A,I,F,A,0.55,turntaking
575,turntaking,6,F,J,D,H,F,H,D,H,D,J,D,C,J,D,A,H,F,C,D,J,0.9,turntaking
576,random,1,B,J,C,A,skip,A,D,A,J,A,D,skip,C,I,H,H,F,F,A,F,0.35,turntaking
576,turntaking,2,B,I,H,H,F,H,H,G,G,I,H,G,B,B,A,F,F,B,I,G,0.75,turntaking
576,turntaking,3,C,H,C,B,J,G,G,J,I,B,G,F,G,I,B,J,G,G,J,B,0.7,turntaking
576,random,4,F,skip,E,A,G,J,D,A,skip,B,H,F,F,I,G,D,F,B,H,B,0.3,turntaking
576,random,5,A,I,D,I,G,A,F,H,skip,E,I,H,H,skip,B,I,J,C,C,A,0.6,turntaking
576,turntaking,6,F,J,A,I,B,C,B,F,J,F,I,J,J,G,J,A,A,H,A,I,0.7,turntaking
577,random,1,D,F,G,I,A,B,skip,C,C,J,C,F,skip,H,D,H,skip,A,H,E,0.6,turntaking
577,turntaking,2,B,I,C,B,F,A,H,G,G,G,D,A,A,C,B,G,C,B,G,D,0.9,turntaking
577,random,3,B,A,G,C,D,C,H,B,B,H,G,skip,D,skip,skip,H,I,skip,J,B,0.35,turntaking
577,turntaking,4,D,J,H,C,J,G,A,F,F,A,G,D,F,A,C,F,A,C,H,C,0.75,turntaking
577,random,5,A,C,H,E,I,C,H,skip,E,I,H,skip,G,D,A,I,D,I,J,J,0.7,turntaking
577,turntaking,6,F,H,J,G,D,F,B,D,A,D,F,B,B,H,F,B,G,F,B,F,0.9,turntaking
578,random,1,F,G,D,G,F,B,D,F,J,B,B,G,H,J,skip,H,E,A,F,I,0.6,turntaking
578,turntaking,2,B,I,A,F,E,C,C,A,C,B,F,J,J,B,B,H,A,H,J,A,0.7,turntaking
578,random,3,A,B,J,A,H,A,H,G,A,H,G,C,A,J,skip,J,A,C,C,A,0.55,turntaking
578,random,4,C,H,A,skip,E,E,H,skip,E,D,G,I,F,J,C,C,C,E,D,F,0.6,turntaking
578,turntaking,5,E,J,C,E,C,B,F,J,B,C,A,E,A,E,E,F,B,B,B,E,0.9,turntaking
578,turntaking,6,F,B,H,J,H,J,H,F,E,J,C,F,H,C,A,E,F,F,H,B,0.65,turntaking
579,random,1,H,J,F,F,E,skip,B,B,A,A,E,C,H,E,E,A,G,J,C,F,0.65,turntaking
579,random,2,G,D,skip,I,A,D,skip,B,E,D,C,A,E,F,J,J,A,I,B,H,0.45,turntaking
579,turntaking,3,C,I,I,H,G,G,B,H,E,D,B,G,H,B,G,I,H,J,D,H,0.6,turntaking
579,turntaking,4,D,H,E,I,H,J,I,I,G,I,J,H,D,I,D,B,G,I,G,G,0.8,turntaking
579,turntaking,5,E,G,B,D,B,D,H,E,D,H,G,I,J,G,I,D,B,D,B,I,0.8,turntaking
579,random,6,J,B,E,J,A,G,J,J,C,E,B,E,J,E,H,E,skip,H,B,I,0.55,turntaking
580,turntaking,1,A,B,D,H,H,A,D,E,I,D,B,E,A,D,E,A,E,C,D,H,0.55,turntaking
580,turntaking,2,B,G,G,E,A,E,E,H,D,H,E,I,D,H,I,B,C,I,B,A,0.85,turntaking
580,turntaking,3,C,H,H,I,E,B,B,I,B,E,A,A,H,E,B,H,I,A,H,G,0.85,turntaking
580,random,4,D,C,F,C,H,skip,J,G,B,G,F,C,F,C,D,D,B,I,C,G,0.7,turntaking
580,random,5,E,C,D,I,I,C,skip,skip,I,H,G,B,skip,A,G,J,H,G,F,E,0.6,turntaking
580,random,6,A,B,I,D,A,A,F,C,C,D,C,G,I,G,J,skip,E,C,G,G,0.55,turntaking
581,turntaking,1,A,G,H,H,J,J,H,H,B,F,D,B,A,A,H,D,D,J,J,H,0.7,turntaking
581,turntaking,2,B,H,C,C,D,F,A,A,J,H,H,F,J,J,C,J,H,F,F,A,0.75,turntaking
581,rotate,3,C,D,E,F,A,B,C,D,E,F,A,B,C,D,E,F,A,B,C,D,0.85,turntaking
581,turntaking,4,D,J,J,D,H,B,J,J,H,C,J,J,H,H,B,C,J,H,H,B,0.8,turntaking
581,rotate,5,E,F,A,B,C,D,E,F,A,B,C,D,E,F,A,B,C,D,E,F,1.0,turntaking
581,rotate,6,F,A,B,C,D,E,F,A,B,C,D,E,F,A,B,C,D,E,F,A,0.4,turntaking
582,rotate,1,A,B,C,D,E,F,A,B,C,D,E,F,A,B,C,D,E,F,A,B,0.25,turntaking
582,turntaking,2,B,H,I,C,F,A,A,C,B,E,E,F,B,C,I,D,F,F,I,B,0.6,turntaking
582,turntaking,3,C,I,D,I,J,J,I,E,E,I,I,I,I,I,D,E,E,A,B,C,0.95,turntaking
582,turntaking,4,D,J,J,D,I,F,B,I,C,D,F,A,A,B,C,I,I,I,A,D,0.6,turntaking
582,rotate,5,E,F,A,B,C,D,E,F,A,B,C,D,E,F,A,B,C,D,E,F,1.0,turntaking
582,rotate,6,F,A,B,C,D,E,F,A,B,C,D,E,F,A,B,C,D,E,F,A,0.9,turntaking
583,rotate,1,A,B,C,D,E,F,A,B,C,D,E,F,A,B,C,D,E,F,A,B,0.9,turntaking
583,rotate,2,B,C,D,E,F,A,B,C,D,E,F,A,B,C,D,E,F,A,B,C,0.3,turntaking
583,turntaking,3,C,I,I,A,B,D,I,E,I,A,B,D,I,E,F,E,I,A,D,E,0.45,turntaking
583,rotate,4,D,E,F,A,B,C,D,E,F,A,B,C,D,E,F,A,B,C,D,E,0.2,turntaking
583,turntaking,5,E,A,D,I,C,C,D,F,F,E,F,A,B,C,A,B,D,I,E,I,0.55,turntaking
583,turntaking,6,F,B,F,E,I,A,B,I,C,I,I,C,D,I,I,I,F,C,B,C,0.4,turntaking
584,turntaking,1,A,G,B,I,F,F,I,A,B,A,I,I,I,C,D,C,I,I,I,E,0.55,rotate
584,rotate,2,B,C,D,E,F,A,B,C,D,E,F,A,B,C,D,E,F,A,B,C,0.35,rotate
584,turntaking,3,C,I,I,C,I,I,D,E,D,C,B,A,B,E,B,E,F,A,F,A,0.25,rotate
584,rotate,4,D,E,F,A,B,C,D,E,F,A,B,C,D,E,F,A,B,C,D,E,0.5,rotate
584,turntaking,5,E,A,D,E,B,C,F,I,I,E,D,F,F,I,I,A,D,C,B,I,0.35,rotate
584,rotate,6,F,A,B,C,D,E,F,A,B,C,D,E,F,A,B,C,D,E,F,A,0.3,rotate
585,turntaking,1,A,G,G,G,C,A,F,F,B,C,C,E,I,F,B,I,I,D,E,I,0.65,turntaking
585,rotate,2,B,C,D,E,F,A,B,C,D,E,F,A,B,C,D,E,F,A,B,C,0.45,turntaking
585,turntaking,3,C,I,I,C,A,D,E,A,D,B,F,I,A,C,D,E,F,A,F,C,0.45,turntaking
585,rotate,4,D,E,F,A,B,C,D,E,F,A,B,C,D,E,F,A,B,C,D,E,1.0,turntaking
585,rotate,5,E,F,A,B,C,D,E,F,A,B,C,D,E,F,A,B,C,D,E,F,0.25,turntaking
585,turntaking,6,F,B,D,I,E,I,B,I,I,I,I,D,E,I,A,B,C,I,I,F,0.6,turntaking
586,turntaking,1,A,G,G,G,G,G,G,E,A,A,C,E,G,F,F,G,D,E,G,E,0.8,turntaking
586,rotate,2,B,C,D,E,F,A,B,C,D,E,F,A,B,C,D,E,F,A,B,C,0.95,turntaking
586,rotate,3,C,D,E,F,A,B,C,D,E,F,A,B,C,D,E,F,A,B,C,D,1.0,turntaking
586,rotate,4,D,E,F,A,B,C,D,E,F,A,B,C,D,E,F,A,B,C,D,E,0.35,turntaking
586,turntaking,5,E,A,F,B,D,D,D,F,F,B,B,C,E,A,G,A,B,D,F,F,0.65,turntaking
586,turntaking,6,F,B,C,A,C,E,B,G,G,C,G,G,D,G,A,B,C,G,E,G,0.85,turntaking
587,turntaking,1,A,G,B,C,D,H,D,H,F,A,E,E,D,E,F,A,B,F,A,B,0.4,turntaking
587,turntaking,2,B,H,H,H,H,E,F,E,C,H,H,H,H,B,B,H,H,H,H,H,0.8,turntaking
587,rotate,3,C,D,E,F,A,B,C,D,E,F,A,B,C,D,E,F,A,B,C,D,1.0,turntaking
587,rotate,4,D,E,F,A,B,C,D,E,F,A,B,C,D,E,F,A,B,C,D,E,0.45,turntaking
587,turntaking,5,E,A,C,D,B,F,H,A,B,C,D,F,A,H,C,C,D,E,F,E,0.45,turntaking
587,rotate,6,F,A,B,C,D,E,F,A,B,C,D,E,F,A,B,C,D,E,F,A,0.2,turntaking
588,rotate,1,A,B,C,D,E,F,A,B,C,D,E,F,A,B,C,D,E,F,A,B,0.9,turntaking
588,rotate,2,B,C,D,E,F,A,B,C,D,E,F,A,B,C,D,E,F,A,B,C,0.2,turntaking
588,turntaking,3,C,I,I,A,E,C,B,F,D,E,C,D,C,C,D,B,A,A,C,C,0.4,turntaking
588,turntaking,4,D,J,D,J,A,J,E,C,E,J,F,A,J,F,E,J,F,J,B,F,0.55,turntaking
588,rotate,5,E,F,A,B,C,D,E,F,A,B,C,D,E,F,A,B,C,D,E,F,0.4,turntaking
588,turntaking,6,F,B,J,I,F,D,J,J,A,B,J,J,B,J,A,E,J,D,J,J,0.55,turntaking
589,turntaking,1,A,G,H,D,I,I,H,B,B,C,H,F,B,H,C,C,E,E,A,A,0.75,turntaking
589,turntaking,2,B,H,C,H,E,D,I,F,D,D,F,A,H,A,H,D,D,A,H,H,0.8,turntaking
589,turntaking,3,C,I,I,C,H,E,A,H,H,H,E,E,F,B,B,H,H,F,F,B,0.7,turntaking
589,rotate,4,D,E,F,A,B,C,D,E,F,A,B,C,D,E,F,A,B,C,D,E,1.0,turntaking
589,rotate,5,E,F,A,B,C,D,E,F,A,B,C,D,E,F,A,B,C,D,E,F,0.9,turntaking
589,rotate,6,F,A,B,C,D,E,F,A,B,C,D,E,F,A,B,C,D,E,F,A,0.35,turntaking
590,rotate,1,A,B,C,D,E,F,A,B,C,D,E,F,A,B,C,D,E,F,A,B,0.2,turntaking
590,turntaking,2,B,H,H,H,D,D,I,I,D,D,E,F,I,B,A,D,B,D,I,C,0.55,turntaking
590,turntaking,3,C,I,C,E,I,I,E,B,I,I,I,A,E,I,I,I,I,F,A,F,0.65,turntaking
590,rotate,4,D,E,F,A,B,C,D,E,F,A,B,C,D,E,F,A,B,C,D,E,0.9,turntaking
590,rotate,5,E,F,A,B,C,D,E,F,A,B,C,D,E,F,A,B,C,D,E,F,0.4,turntaking
590,turntaking,6,F,B,I,A,C,F,A,F,C,B,C,D,A,F,C,E,E,I,B,I,0.3,turntaking
591,turntaking,1,A,G,B,C,A,B,C,J,E,F,D,B,F,J,B,J,J,J,C,J,0.4,turntaking
591,rotate,2,B,C,D,E,F,A,B,C,D,E,F,A,B,C,D,E,F,A,B,C,1.0,turntaking
591,rotate,3,C,D,E,F,A,B,C,D,E,F,A,B,C,D,E,F,A,B,C,D,0.1,turntaking
591,turntaking,4,D,J,J,F,B,J,F,D,F,J,A,C,C,E,J,A,D,B,F,E,0.6,turntaking
591,turntaking,5,E,A,E,J,D,C,J,E,J,A,B,J,J,D,E,F,A,C,J,D,0.6,turntaking
591,rotate,6,F,A,B,C,D,E,F,A,B,C,D,E,F,A,B,C,D,E,F,A,0.5,turntaking
592,rotate,1,A,B,C,D,E,F,A,B,C,D,E,F,A,B,C,D,E,F,A,B,1.0,turntaking
592,rotate,2,B,C,D,E,F,A,B,C,D,E,F,A,B,C,D,E,F,A,B,C,0.5,turntaking
592,turntaking,3,C,I,D,E,A,B,D,D,F,E,F,B,C,D,B,J,J,B,D,J,0.75,turntaking
592,turntaking,4,D,J,J,F,F,C,C,A,J,J,A,C,D,A,J,E,F,A,B,D,0.65,turntaking
592,turntaking,5,E,A,E,J,B,J,J,J,E,F,B,J,J,J,E,F,A,C,J,C,0.9,turntaking
592,rotate,6,F,A,B,C,D,E,F,A,B,C,D,E,F,A,B,C,D,E,F,A,0.8,turntaking
593,rotate,1,A,B,C,D,E,F,A,B,C,D,E,F,A,B,C,D,E,F,A,B,0.3,turntaking
593,turntaking,2,B,H,C,E,I,I,A,B,D,A,B,I,B,B,F,E,E,C,F,E,0.45,turntaking
593,turntaking,3,C,I,I,I,F,F,I,E,C,E,I,F,I,I,C,I,I,I,I,I,0.75,turntaking
593,rotate,4,D,E,F,A,B,C,D,E,F,A,B,C,D,E,F,A,B,C,D,E,0.6,turntaking
593,turntaking,5,E,A,D,D,B,C,F,I,I,D,E,A,C,A,D,D,F,A,B,B,0.5,turntaking
593,rotate,6,F,A,B,C,D,E,F,A,B,C,D,E,F,A,B,C,D,E,F,A,0.8,turntaking
594,rotate,1,A,B,C,D,E,F,A,B,C,D,E,F,A,B,C,D,E,F,A,B,0.4,turntaking
594,turntaking,2,B,H,C,D,E,C,D,J,E,F,A,B,F,B,J,J,J,C,C,B,0.45,turntaking
594,rotate,3,C,D,E,F,A,B,C,D,E,F,A,B,C,D,E,F,A,B,C,D,0.3,turntaking
594,turntaking,4,D,J,J,F,B,F,J,B,F,A,E,J,J,J,C,D,E,B,J,J,0.6,turntaking
594,turntaking,5,E,A,E,J,A,J,C,D,J,J,B,C,D,A,E,F,A,F,D,E,0.5,turntaking
594,rotate,6,F,A,B,C,D,E,F,A,B,C,D,E,F,A,B,C,D,E,F,A,0.85,turntaking
595,turntaking,1,A,G,G,G,J,J,A,A,A,F,G,E,E,G,A,B,G,D,G,G,0.7,turntaking
595,rotate,2,B,C,D,E,F,A,B,C,D,E,F,A,B,C,D,E,F,A,B,C,1.0,turntaking
595,rotate,3,C,D,E,F,A,B,C,D,E,F,A,B,C,D,E,F,A,B,C,D,0.45,turntaking
595,turntaking,4,D,J,J,C,G,D,E,G,G,G,A,B,C,D,E,C,C,E,E,F,0.5,turntaking
595,rotate,5,E,F,A,B,C,D,E,F,A,B,C,D,E,F,A,B,C,D,E,F,0.35,turntaking
595,turntaking,6,F,B,E,B,C,G,F,D,B,C,D,G,F,F,G,G,A,B,F,D,0.6,turntaking
596,rotate,1,A,B,C,D,E,F,A,B,C,D,E,F,A,B,C,D,E,F,A,B,0.4,rotate
596,turntaking,2,B,H,H,A,J,J,J,J,J,J,J,F,E,D,C,B,J,J,A,F,0.65,rotate
596,rotate,3,C,D,E,F,A,B,C,D,E,F,A,B,C,D,E,F,A,B,C,D,0.5,rotate
596,turntaking,4,D,J,C,E,A,F,B,D,C,B,C,J,J,J,E,D,C,D,J,J,0.45,rotate
596,rotate,5,E,F,A,B,C,D,E,F,A,B,C,D,E,F,A,B,C,D,E,F,0.55,rotate
596,turntaking,6,F,B,J,D,C,E,A,F,E,D,A,B,F,A,J,F,E,B,C,A,0.35,rotate
597,turntaking,1,A,G,G,G,G,E,E,A,A,C,D,E,E,B,A,G,G,D,A,G,0.75,turntaking
597,turntaking,2,B,H,H,H,H,D,F,G,G,B,C,G,F,A,G,C,C,G,F,B,0.8,turntaking
597,rotate,3,C,D,E,F,A,B,C,D,E,F,A,B,C,D,E,F,A,B,C,D,0.9,turntaking
597,rotate,4,D,E,F,A,B,C,D,E,F,A,B,C,D,E,F,A,B,C,D,E,0.95,turntaking
597,rotate,5,E,F,A,B,C,D,E,F,A,B,C,D,E,F,A,B,C,D,E,F,0.4,turntaking
597,turntaking,6,F,B,C,D,A,G,C,B,F,G,G,D,G,F,B,D,E,E,G,F,0.7,turntaking
598,rotate,1,A,B,C,D,E,F,A,B,C,D,E,F,A,B,C,D,E,F,A,B,0.9,turntaking
598,rotate,2,B,C,D,E,F,A,B,C,D,E,F,A,B,C,D,E,F,A,B,C,0.9,turntaking
598,rotate,3,C,D,E,F,A,B,C,D,E,F,A,B,C,D,E,F,A,B,C,D,0.35,turntaking
598,turntaking,4,D,J,J,A,C,J,J,E,E,F,A,D,E,E,J,J,B,D,J,J,0.85,turntaking
598,turntaking,5,E,A,E,F,A,D,C,B,J,J,J,B,D,C,A,E,J,B,C,D,0.45,turntaking
598,turntaking,6,F,B,F,J,B,C,D,J,F,A,B,C,J,J,F,F,A,C,D,E,0.85,turntaking
599,turntaking,1,A,G,I,E,E,F,F,J,D,C,J,A,F,A,D,D,D,A,F,J,0.45,turntaking
599,rotate,2,B,C,D,E,F,A,B,C,D,E,F,A,B,C,D,E,F,A,B,C,0.3,turntaking
599,turntaking,3,C,I,D,B,I,E,B,A,B,E,F,E,C,C,J,C,E,B,B,C,0.35,turntaking
599,turntaking,4,D,J,J,I,J,J,A,C,J,J,D,J,J,J,B,J,F,J,J,A,0.75,turntaking
599,rotate,5,E,F,A,B,C,D,E,F,A,B,C,D,E,F,A,B,C,D,E,F,0.95,turntaking
599,rotate,6,F,A,B,C,D,E,F,A,B,C,D,E,F,A,B,C,D,E,F,A,0.3,turntaking
600,rotate,1,A,B,C,D,E,F,A,B,C,D,E,F,A,B,C,D,E,F,A,B,0.5,turntaking
600,turntaking,2,B,H,H,H,H,H,D,F,F,A,C,D,H,H,H,H,H,H,H,E,0.8,turntaking
600,rotate,3,C,D,E,F,A,B,C,D,E,F,A,B,C,D,E,F,A,B,C,D,1.0,turntaking
600,rotate,4,D,E,F,A,B,C,D,E,F,A,B,C,D,E,F,A,B,C,D,E,0.25,turntaking
600,turntaking,5,E,A,C,A,C,E,H,H,H,B,B,C,D,E,A,C,B,C,D,H,0.55,turntaking
600,turntaking,6,F,B,F,D,B,C,E,A,D,H,E,F,A,F,B,D,E,F,A,F,0.4,turntaking
601,random3,1,J,J,E,E,E,E,E,E,E,E,E,E,E,E,E,E,E,E,E,E,0.9,random3
601,random3,2,D,D,D,D,D,D,D,D,D,D,D,D,D,D,D,D,D,D,D,D,0.95,random3
601,turntaking,3,C,H,C,I,I,I,I,J,H,C,I,J,H,C,I,J,H,C,I,J,1.0,random3
601,turntaking,4,D,J,E,H,C,J,H,C,I,J,H,C,I,J,H,C,I,J,H,C,0.85,random3
601,turntaking,5,E,I,H,C,J,H,C,I,J,H,C,I,J,H,C,I,J,H,C,I,1.0,random3
601,random3,6,G,G,G,G,G,G,G,G,G,G,G,G,G,G,G,G,G,G,G,G,1.0,random3
602,turntaking,1,A,E,J,H,J,J,D,D,D,J,A,A,D,J,H,A,D,J,H,A,0.9,random3
602,random3,2,E,E,E,E,E,E,E,E,E,E,E,E,E,E,E,E,E,E,E,E,0.95,random3
602,turntaking,3,C,H,H,J,D,A,H,J,A,H,D,J,H,A,D,J,H,A,D,J,1.0,random3
602,turntaking,4,D,J,D,A,H,D,A,H,J,A,H,D,J,H,A,D,J,H,A,D,1.0,random3
602,random3,5,A,B,B,B,B,B,B,B,B,B,B,B,B,B,B,B,B,B,B,B,0.95,random3
602,random3,6,I,I,I,I,I,I,I,I,I,I,I,I,I,I,I,I,I,I,I,I,1.0,random3
603,random3,1,J,J,J,J,J,J,J,J,J,J,J,J,J,J,J,J,J,J,J,J,0.95,random3
603,random3,2,F,F,F,F,F,F,F,F,F,F,F,F,F,F,F,F,F,F,F,F,0.95,random3
603,random3,3,C,C,C,C,C,C,C,C,C,C,C,C,C,C,C,C,C,C,C,C,1.0,random3
603,turntaking,4,D,H,D,I,I,I,I,E,H,D,I,E,H,D,I,E,E,D,I,H,1.0,random3
603,turntaking,5,E,I,H,D,E,H,D,I,E,H,D,I,E,H,D,I,H,E,D,I,1.0,random3
603,turntaking,6,F,J,E,H,D,E,H,D,I,E,H,D,I,E,H,D,I,H,E,D,0.9,random3
604,turntaking,1,A,I,I,I,D,D,D,I,B,J,D,I,B,J,D,I,B,J,D,I,1.0,draw
604,turntaking,2,B,J,J,J,I,B,J,D,I,B,J,D,I,B,J,D,I,B,J,D,1.0,draw
604,random3,3,C,C,C,C,C,C,C,C,C,C,C,C,C,C,C,C,C,C,C,C,1.0,draw
604,turntaking,4,D,B,D,B,J,I,B,J,D,I,B,J,D,I,B,J,D,I,B,J,1.0,draw
604,random3,5,H,H,H,H,H,H,H,H,H,H,H,H,H,H,H,H,H,H,H,H,1.0,draw
604,random3,6,E,E,E,E,E,E,E,E,E,E,E,E,E,E,E,E,E,E,E,E,1.0,draw
605,turntaking,1,A,G,A,J,J,J,F,D,G,G,E,D,A,G,E,D,A,G,E,D,0.95,turntaking
605,random3,2,H,H,H,H,H,H,H,H,H,H,H,H,H,H,H,H,H,H,H,H,1.0,turntaking
605,turntaking,3,C,I,G,A,E,G,D,G,A,E,D,A,G,E,D,A,G,E,D,A,0.95,turntaking
605,random3,4,E,D,D,F,F,F,F,F,F,F,F,F,F,F,F,F,F,F,F,F,0.85,turntaking
605,turntaking,5,E,J,D,G,A,E,A,E,D,A,G,E,D,A,G,E,D,A,G,E,0.9,turntaking
605,random3,6,C,C,C,C,C,C,C,C,C,C,C,C,C,C,C,C,C,C,C,C,0.95,turntaking
606,turntaking,1,A,G,A,F,F,F,F,J,G,A,F,J,G,G,F,J,J,G,F,A,1.0,turntaking
606,random3,2,E,E,E,E,E,E,E,E,E,E,E,E,E,E,E,E,E,E,E,E,0.95,turntaking
606,random3,3,C,H,H,H,H,H,H,H,H,H,H,H,H,H,H,H,H,H,H,H,0.9,turntaking
606,random3,4,C,C,C,C,C,C,C,C,C,C,C,C,C,C,C,C,C,C,C,C,0.95,turntaking
606,turntaking,5,E,J,G,A,J,G,A,F,J,G,A,F,J,A,G,F,A,J,G,F,0.95,turntaking
606,turntaking,6,F,H,J,G,A,J,G,A,F,J,G,A,F,J,A,G,F,A,J,G,0.95,turntaking
607,turntaking,1,A,B,H,H,H,H,E,G,G,H,E,B,G,H,E,B,G,H,E,B,0.95,random3
607,turntaking,2,B,G,G,B,E,G,B,H,E,B,G,H,E,B,G,H,E,B,G,H,1.0,random3
607,random3,3,J,J,J,J,J,J,J,J,J,J,J,J,J,J,J,J,J,J,J,J,1.0,random3
607,random3,4,I,I,I,I,I,I,I,I,I,I,I,I,I,I,I,I,I,I,I,I,1.0,random3
607,turntaking,5,E,H,E,G,B,E,G,B,H,E,B,G,H,E,B,G,H,E,B,G,1.0,random3
607,random3,6,A,A,A,A,A,A,A,A,A,A,A,A,A,A,A,A,A,A,A,A,0.95,random3
608,turntaking,1,A,B,J,J,J,J,F,H,H,J,F,B,H,J,F,B,H,J,F,B,0.95,draw
608,turntaking,2,B,H,H,B,F,H,B,J,F,B,H,J,F,B,H,J,F,B,H,J,1.0,draw
608,random3,3,I,I,I,I,I,I,I,I,I,I,I,I,I,I,I,I,I,I,I,I,1.0,draw
608,random3,4,A,A,A,A,A,A,A,A,A,A,A,A,A,A,A,A,A,A,A,A,0.95,draw
608,random3,5,C,C,C,C,C,C,C,C,C,C,C,C,C,C,C,C,C,C,C,C,1.0,draw
608,turntaking,6,F,J,F,H,B,F,H,B,J,F,B,H,J,F,B,H,J,F,B,H,1.0,draw
609,random3,1,I,I,I,I,I,I,I,I,I,I,I,I,I,I,I,I,I,I,I,I,0.95,turntaking
609,turntaking,2,B,G,G,D,D,D,D,J,J,J,D,C,G,J,D,C,G,J,D,C,1.0,turntaking
609,turntaking,3,C,J,C,G,J,C,G,D,C,G,J,D,C,G,J,D,C,G,J,D,1.0,turntaking
609,turntaking,4,D,I,J,C,G,J,C,G,D,C,G,J,D,C,G,J,D,C,G,J,0.95,turntaking
609,random3,5,H,H,H,H,H,H,H,H,H,H,H,H,H,H,H,H,H,H,H,H,1.0,turntaking
609,random3,6,F,F,F,F,F,F,F,F,F,F,F,F,F,F,F,F,F,F,F,F,1.0,turntaking
610,random3,1,F,B,B,B,B,B,B,B,B,B,B,B,B,B,B,B,B,B,B,B,0.9,draw
610,random3,2,I,I,I,I,I,I,I,I,I,I,I,I,I,I,I,I,I,I,I,I,0.95,draw
610,turntaking,3,C,G,C,B,E,F,C,C,E,E,E,C,G,F,E,C,G,F,E,C,0.95,draw
610,random3,4,H,H,H,H,H,H,H,H,H,H,H,H,H,H,H,H,H,H,H,H,1.0,draw
610,turntaking,5,E,J,G,C,G,G,F,E,G,F,C,G,F,E,C,G,F,E,C,G,1.0,draw
610,turntaking,6,F,I,E,F,C,E,G,F,C,G,F,E,C,G,F,E,C,G,F,E,0.9,draw
611,turntaking,1,A,J,J,J,F,C,C,J,F,A,A,J,F,C,A,J,F,C,A,J,1.0,turntaking
611,random3,2,E,E,E,E,E,E,E,E,E,E,E,E,E,E,E,E,E,E,E,E,0.95,turntaking
611,turntaking,3,C,A,C,A,J,F,A,C,J,F,C,A,J,F,C,A,J,F,C,A,1.0,turntaking
611,random3,4,G,G,G,G,G,G,G,G,G,G,G,G,G,G,G,G,G,G,G,G,1.0,turntaking
611,random3,5,B,B,B,B,B,B,B,B,B,B,B,B,B,B,B,B,B,B,B,B,1.0,turntaking
611,turntaking,6,F,E,F,C,A,J,F,A,C,J,F,C,A,J,F,C,A,J,F,C,0.95,turntaking
612,random3,1,I,I,B,F,F,F,D,D,D,D,D,D,D,D,D,D,D,D,D,D,0.7,turntaking
612,turntaking,2,B,G,B,G,J,G,C,B,F,C,B,J,B,J,F,F,J,G,B,F,0.95,turntaking
612,turntaking,3,C,H,G,H,H,F,F,C,B,J,G,F,G,D,J,G,B,F,J,G,0.9,turntaking
612,random3,4,E,E,E,E,E,E,E,E,E,E,E,E,E,E,E,E,E,E,E,E,0.95,turntaking
612,turntaking,5,E,J,C,J,C,B,J,G,J,G,F,C,D,B,G,B,F,J,G,B,0.9,turntaking
612,random3,6,I,I,I,I,I,I,I,I,I,I,I,I,I,I,I,I,I,I,I,I,0.9,turntaking
613,random3,1,J,J,A,A,A,A,A,A,A,A,A,A,A,A,A,A,A,A,A,A,0.85,turntaking
613,turntaking,2,B,H,H,F,F,H,I,F,F,I,I,H,F,B,I,H,F,B,I,H,1.0,turntaking
613,random3,3,J,J,J,J,J,J,J,J,J,J,J,J,J,J,J,J,J,J,J,J,0.9,turntaking
613,random3,4,C,C,C,C,C,C,C,C,C,C,C,C,C,C,C,C,C,C,C,C,1.0,turntaking
613,turntaking,5,E,I,E,H,E,F,A,B,B,H,F,B,I,H,F,B,I,H,F,B,0.95,turntaking
613,turntaking,6,F,B,I,B,I,B,H,I,H,F,B,I,H,F,B,I,H,F,B,I,1.0,turntaking
614,turntaking,1,A,B,F,F,A,J,J,J,J,D,F,A,A,D,F,F,A,D,J,F,0.9,draw
614,random3,2,B,B,B,B,B,B,B,B,B,B,B,B,B,B,B,B,B,B,B,B,0.95,draw
614,random3,3,A,E,E,E,E,E,E,E,E,E,E,E,E,E,E,E,E,E,E,E,0.9,draw
614,turntaking,4,D,I,E,A,J,D,F,A,D,F,A,J,D,F,J,A,D,J,F,A,0.95,draw
614,random3,5,H,H,H,H,H,H,H,H,H,H,H,H,H,H,H,H,H,H,H,H,1.0,draw
614,turntaking,6,F,J,D,J,D,F,A,D,F,A,J,D,F,J,A,D,J,F,A,D,1.0,draw
615,random3,1,A,I,I,I,I,I,I,I,I,I,I,I,I,I,I,I,I,I,I,I,0.9,turntaking
615,random3,2,J,J,J,J,J,J,J,J,J,J,J,J,J,J,J,J,J,J,J,J,1.0,turntaking
615,turntaking,3,C,G,G,F,F,F,F,H,H,G,F,D,H,G,F,D,H,G,F,D,1.0,turntaking
615,turntaking,4,D,H,D,G,H,D,G,F,D,H,G,F,D,H,G,F,D,H,G,F,1.0,turntaking
615,random3,5,A,A,A,A,A,A,A,A,A,A,A,A,A,A,A,A,A,A,A,A,0.95,turntaking
615,turntaking,6,F,I,H,D,G,H,D,G,F,D,H,G,F,D,H,G,F,D,H,G,0.95,turntaking
616,random3,1,D,D,D,D,D,D,D,D,D,D,D,D,D,D,D,D,D,D,D,D,0.95,draw
616,turntaking,2,B,I,I,I,E,E,E,I,J,B,E,I,J,B,E,I,J,B,E,I,1.0,draw
616,random3,3,F,F,F,F,F,F,F,F,F,F,F,F,F,F,F,F,F,F,F,F,1.0,draw
616,turntaking,4,D,B,J,J,B,I,J,B,E,I,J,B,E,I,J,B,E,I,J,B,0.95,draw
616,turntaking,5,E,J,E,B,I,J,B,E,I,J,B,E,I,J,B,E,I,J,B,E,1.0,draw
616,random3,6,H,H,H,H,H,H,H,H,H,H,H,H,H,H,H,H,H,H,H,H,1.0,draw
617,turntaking,1,A,G,E,D,D,J,E,E,E,I,I,D,E,J,I,D,E,J,I,D,0.9,random3
617,random3,2,G,G,G,G,G,G,G,G,G,G,G,G,G,G,G,G,G,G,G,G,0.95,random3
617,random3,3,B,B,B,B,B,B,B,B,B,B,B,B,B,B,B,B,B,B,B,B,1.0,random3
617,turntaking,4,D,I,D,J,I,E,D,I,J,D,E,J,I,D,E,J,I,D,E,J,1.0,random3
617,turntaking,5,E,J,I,E,J,I,J,D,I,J,D,E,J,I,D,E,J,I,D,E,1.0,random3
617,random3,6,A,A,A,A,A,A,A,A,A,A,A,A,A,A,A,A,A,A,A,A,0.95,random3
618,random3,1,A,A,A,A,A,A,A,A,A,A,A,A,A,A,A,A,A,A,A,A,0.95,random3
618,turntaking,2,B,H,B,J,J,J,J,C,C,C,J,H,H,C,J,B,H,C,J,B,1.0,random3
618,turntaking,3,C,J,H,B,C,H,B,J,H,B,C,J,B,H,C,J,B,H,C,J,1.0,random3
618,random3,4,F,F,F,F,F,F,F,F,F,F,F,F,F,F,F,F,F,F,F,F,0.95,random3
618,random3,5,I,I,I,I,I,I,I,I,I,I,I,I,I,I,I,I,I,I,I,I,1.0,random3
618,turntaking,6,F,A,C,H,B,C,H,B,J,H,B,C,J,B,H,C,J,B,H,C,0.9,random3
619,turntaking,1,A,H,A,J,J,J,J,I,I,I,J,H,A,I,J,H,A,I,J,H,1.0,draw
619,turntaking,2,B,I,H,A,I,H,A,J,H,A,I,J,H,A,I,J,H,A,I,J,0.95,draw
619,turntaking,3,C,J,I,H,A,I,H,A,J,H,A,I,J,H,A,I,J,H,A,I,0.95,draw
619,random3,4,F,F,F,F,F,F,F,F,F,F,F,F,F,F,F,F,F,F,F,F,1.0,draw
619,random3,5,B,B,B,B,B,B,B,B,B,B,B,B,B,B,B,B,B,B,B,B,0.95,draw
619,random3,6,C,C,C,C,C,C,C,C,C,C,C,C,C,C,C,C,C,C,C,C,0.95,draw
620,random3,1,A,A,A,A,A,A,A,A,A,A,A,A,A,A,A,A,A,A,A,A,0.95,random3
620,turntaking,2,B,A,F,F,F,I,I,I,I,H,H,F,I,D,H,F,F,D,H,I,0.9,random3
620,random3,3,B,B,B,B,B,B,B,B,B,B,B,B,B,B,B,B,B,B,B,B,0.95,random3
620,turntaking,4,D,H,D,I,H,D,F,H,D,F,I,D,H,F,I,D,H,I,F,D,1.0,random3
620,random3,5,J,J,J,J,J,J,J,J,J,J,J,J,J,J,J,J,J,J,J,J,1.0,random3
620,turntaking,6,F,I,H,D,I,H,D,F,H,D,F,I,D,H,F,I,D,H,I,F,1.0,random3
621,turntaking,1,A,G,G,E,E,G,C,H,D,I,G,F,I,J,D,G,J,D,E,J,1.0,draw
621,turntaking,2,B,H,H,F,I,E,F,C,J,D,H,A,F,B,C,I,A,F,B,H,1.0,draw
621,radicaleq,3,C,I,C,G,B,H,D,I,G,F,I,J,D,G,J,D,E,J,G,C,1.0,draw
621,turntaking,4,D,J,I,H,F,I,J,F,H,A,D,B,C,I,A,F,B,H,D,E,1.0,draw
621,radicaleq,5,E,A,D,A,D,A,G,A,C,J,C,G,A,F,E,H,G,C,I,A,1.0,draw
621,radicaleq,6,F,B,J,C,J,B,E,B,E,B,E,H,E,H,B,C,I,A,F,B,1.0,draw
622,radicaleq,1,A,G,G,E,E,G,C,H,D,I,G,F,I,J,D,G,J,D,E,J,1.0,draw
622,turntaking,2,B,H,H,F,I,E,F,C,J,D,H,A,F,B,C,I,A,F,B,H,1.0,draw
622,turntaking,3,C,I,C,G,B,H,D,I,G,F,I,J,D,G,J,D,E,J,G,C,1.0,draw
622,turntaking,4,D,J,I,H,F,I,J,F,H,A,D,B,C,I,A,F,B,H,D,E,1.0,draw
622,radicaleq,5,E,A,D,A,D,A,G,A,C,J,C,G,A,F,E,H,G,C,I,A,1.0,draw
622,radicaleq,6,F,B,J,C,J,B,E,B,E,B,E,H,E,H,B,C,I,A,F,B,1.0,draw
623,turntaking,1,A,G,G,E,E,G,C,H,D,I,G,F,I,J,D,G,J,D,E,J,1.0,draw
623,turntaking,2,B,H,H,F,I,E,F,C,J,D,H,A,F,B,C,I,A,F,B,H,1.0,draw
623,radicaleq,3,C,I,C,G,B,H,D,I,G,F,I,J,D,G,J,D,E,J,G,C,1.0,draw
623,radicaleq,4,D,J,I,H,F,I,J,F,H,A,D,B,C,I,A,F,B,H,D,E,1.0,draw
623,radicaleq,5,E,A,D,A,D,A,G,A,C,J,C,G,A,F,E,H,G,C,I,A,1.0,draw
623,turntaking,6,F,B,J,C,J,B,E,B,E,B,E,H,E,H,B,C,I,A,F,B,1.0,draw
624,radicaleq,1,A,G,G,E,E,G,C,H,D,I,G,F,I,J,D,G,J,D,E,J,1.0,draw
624,radicaleq,2,B,H,H,F,I,E,F,C,J,D,H,A,F,B,C,I,A,F,B,H,1.0,draw
624,turntaking,3,C,I,C,G,B,H,D,I,G,F,I,J,D,G,J,D,E,J,G,C,1.0,draw
624,turntaking,4,D,J,I,H,F,I,J,F,H,A,D,B,C,I,A,F,B,H,D,E,1.0,draw
624,radicaleq,5,E,A,D,A,D,A,G,A,C,J,C,G,A,F,E,H,G,C,I,A,1.0,draw
624,turntaking,6,F,B,J,C,J,B,E,B,E,B,E,H,E,H,B,C,I,A,F,B,1.0,draw
625,turntaking,1,A,G,G,E,E,G,C,H,D,I,G,F,I,J,D,G,J,D,E,J,1.0,draw
625,turntaking,2,B,H,H,F,I,E,F,C,J,D,H,A,F,B,C,I,A,F,B,H,1.0,draw
625,turntaking,3,C,I,C,G,B,H,D,I,G,F,I,J,D,G,J,D,E,J,G,C,1.0,draw
625,radicaleq,4,D,J,I,H,F,I,J,F,H,A,D,B,C,I,A,F,B,H,D,E,1.0,draw
625,radicaleq,5,E,A,D,A,D,A,G,A,C,J,C,G,A,F,E,H,G,C,I,A,1.0,draw
625,radicaleq,6,F,B,J,C,J,B,E,B,E,B,E,H,E,H,B,C,I,A,F,B,1.0,draw
626,turntaking,1,A,G,G,E,E,G,C,H,D,I,G,F,I,J,D,G,J,D,E,J,1.0,draw
626,radicaleq,2,B,H,H,F,I,E,F,C,J,D,H,A,F,B,C,I,A,F,B,H,1.0,draw
626,turntaking,3,C,I,C,G,B,H,D,I,G,F,I,J,D,G,J,D,E,J,G,C,1.0,draw
626,radicaleq,4,D,J,I,H,F,I,J,F,H,A,D,B,C,I,A,F,B,H,D,E,1.0,draw
626,radicaleq,5,E,A,D,A,D,A,G,A,C,J,C,G,A,F,E,H,G,C,I,A,1.0,draw
626,turntaking,6,F,B,J,C,J,B,E,B,E,B,E,H,E,H,B,C,I,A,F,B,1.0,draw
627,radicaleq,1,A,G,G,E,E,G,C,H,D,I,G,F,I,J,D,G,J,D,E,J,1.0,draw
627,turntaking,2,B,H,H,F,I,E,F,C,J,D,H,A,F,B,C,I,A,F,B,H,1.0,draw
627,turntaking,3,C,I,C,G,B,H,D,I,G,F,I,J,D,G,J,D,E,J,G,C,1.0,draw
627,radicaleq,4,D,J,I,H,F,I,J,F,H,A,D,B,C,I,A,F,B,H,D,E,1.0,draw
627,radicaleq,5,E,A,D,A,D,A,G,A,C,J,C,G,A,F,E,H,G,C,I,A,1.0,draw
627,turntaking,6,F,B,J,C,J,B,E,B,E,B,E,H,E,H,B,C,I,A,F,B,1.0,draw
628,radicaleq,1,A,G,G,E,E,G,C,H,D,I,G,F,I,J,D,G,J,D,E,J,1.0,draw
628,turntaking,2,B,H,H,F,I,E,F,C,J,D,H,A,F,B,C,I,A,F,B,H,1.0,draw
628,radicaleq,3,C,I,C,G,B,H,D,I,G,F,I,J,D,G,J,D,E,J,G,C,1.0,draw
628,turntaking,4,D,J,I,H,F,I,J,F,H,A,D,B,C,I,A,F,B,H,D,E,1.0,draw
628,turntaking,5,E,A,D,A,D,A,G,A,C,J,C,G,A,F,E,H,G,C,I,A,1.0,draw
628,radicaleq,6,F,B,J,C,J,B,E,B,E,B,E,H,E,H,B,C,I,A,F,B,1.0,draw
629,radicaleq,1,A,G,G,E,E,G,C,H,D,I,G,F,I,J,D,G,J,D,E,J,1.0,draw
629,turntaking,2,B,H,H,F,I,E,F,C,J,D,H,A,F,B,C,I,A,F,B,H,1.0,draw
629,radicaleq,3,C,I,C,G,B,H,D,I,G,F,I,J,D,G,J,D,E,J,G,C,1.0,draw
629,turntaking,4,D,J,I,H,F,I,J,F,H,A,D,B,C,I,A,F,B,H,D,E,1.0,draw
629,radicaleq,5,E,A,D,A,D,A,G,A,C,J,C,G,A,F,E,H,G,C,I,A,1.0,draw
629,turntaking,6,F,B,J,C,J,B,E,B,E,B,E,H,E,H,B,C,I,A,F,B,1.0,draw
630,turntaking,1,A,G,G,E,E,G,C,H,D,I,G,F,I,J,D,G,J,D,E,J,1.0,draw
630,radicaleq,2,B,H,H,F,I,E,F,C,J,D,H,A,F,B,C,I,A,F,B,H,1.0,draw
630,turntaking,3,C,I,C,G,B,H,D,I,G,F,I,J,D,G,J,D,E,J,G,C,1.0,draw
630,turntaking,4,D,J,I,H,F,I,J,F,H,A,D,B,C,I,A,F,B,H,D,E,1.0,draw
630,radicaleq,5,E,A,D,A,D,A,G,A,C,J,C,G,A,F,E,H,G,C,I,A,1.0,draw
630,radicaleq,6,F,B,J,C,J,B,E,B,E,B,E,H,E,H,B,C,I,A,F,B,1.0,draw
631,turntaking,1,A,G,G,E,E,G,C,H,D,I,G,F,I,J,D,G,J,D,E,J,1.0,draw
631,radicaleq,2,B,H,H,F,I,E,F,C,J,D,H,A,F,B,C,I,A,F,B,H,1.0,draw
631,radicaleq,3,C,I,C,G,B,H,D,I,G,F,I,J,D,G,J,D,E,J,G,C,1.0,draw
631,turntaking,4,D,J,I,H,F,I,J,F,H,A,D,B,C,I,A,F,B,H,D,E,1.0,draw
631,radicaleq,5,E,A,D,A,D,A,G,A,C,J,C,G,A,F,E,H,G,C,I,A,1.0,draw
631,turntaking,6,F,B,J,C,J,B,E,B,E,B,E,H,E,H,B,C,I,A,F,B,1.0,draw
632,turntaking,1,A,G,G,E,E,G,C,H,D,I,G,F,I,J,D,G,J,D,E,J,1.0,draw
632,radicaleq,2,B,H,H,F,I,E,F,C,J,D,H,A,F,B,C,I,A,F,B,H,1.0,draw
632,radicaleq,3,C,I,C,G,B,H,D,I,G,F,I,J,D,G,J,D,E,J,G,C,1.0,draw
632,turntaking,4,D,J,I,H,F,I,J,F,H,A,D,B,C,I,A,F,B,H,D,E,1.0,draw
632,turntaking,5,E,A,D,A,D,A,G,A,C,J,C,G,A,F,E,H,G,C,I,A,1.0,draw
632,radicaleq,6,F,B,J,C,J,B,E,B,E,B,E,H,E,H,B,C,I,A,F,B,1.0,draw
633,turntaking,1,A,G,G,E,E,G,C,H,D,I,G,F,I,J,D,G,J,D,E,J,1.0,draw
633,radicaleq,2,B,H,H,F,I,E,F,C,J,D,H,A,F,B,C,I,A,F,B,H,1.0,draw
633,turntaking,3,C,I,C,G,B,H,D,I,G,F,I,J,D,G,J,D,E,J,G,C,1.0,draw
633,radicaleq,4,D,J,I,H,F,I,J,F,H,A,D,B,C,I,A,F,B,H,D,E,1.0,draw
633,turntaking,5,E,A,D,A,D,A,G,A,C,J,C,G,A,F,E,H,G,C,I,A,1.0,draw
633,radicaleq,6,F,B,J,C,J,B,E,B,E,B,E,H,E,H,B,C,I,A,F,B,1.0,draw
634,turntaking,1,A,G,G,E,E,G,C,H,D,I,G,F,I,J,D,G,J,D,E,J,1.0,draw
634,radicaleq,2,B,H,H,F,I,E,F,C,J,D,H,A,F,B,C,I,A,F,B,H,1.0,draw
634,radicaleq,3,C,I,C,G,B,H,D,I,G,F,I,J,D,G,J,D,E,J,G,C,1.0,draw
634,radicaleq,4,D,J,I,H,F,I,J,F,H,A,D,B,C,I,A,F,B,H,D,E,1.0,draw
634,turntaking,5,E,A,D,A,D,A,G,A,C,J,C,G,A,F,E,H,G,C,I,A,1.0,draw
634,turntaking,6,F,B,J,C,J,B,E,B,E,B,E,H,E,H,B,C,I,A,F,B,1.0,draw
635,radicaleq,1,A,G,G,E,E,G,C,H,D,I,G,F,I,J,D,G,J,D,E,J,1.0,draw
635,turntaking,2,B,H,H,F,I,E,F,C,J,D,H,A,F,B,C,I,A,F,B,H,1.0,draw
635,radicaleq,3,C,I,C,G,B,H,D,I,G,F,I,J,D,G,J,D,E,J,G,C,1.0,draw
635,radicaleq,4,D,J,I,H,F,I,J,F,H,A,D,B,C,I,A,F,B,H,D,E,1.0,draw
635,turntaking,5,E,A,D,A,D,A,G,A,C,J,C,G,A,F,E,H,G,C,I,A,1.0,draw
635,turntaking,6,F,B,J,C,J,B,E,B,E,B,E,H,E,H,B,C,I,A,F,B,1.0,draw
636,radicaleq,1,A,G,G,E,E,G,C,H,D,I,G,F,I,J,D,G,J,D,E,J,1.0,draw
636,turntaking,2,B,H,H,F,I,E,F,C,J,D,H,A,F,B,C,I,A,F,B,H,1.0,draw
636,turntaking,3,C,I,C,G,B,H,D,I,G,F,I,J,D,G,J,D,E,J,G,C,1.0,draw
636,radicaleq,4,D,J,I,H,F,I,J,F,H,A,D,B,C,I,A,F,B,H,D,E,1.0,draw
636,turntaking,5,E,A,D,A,D,A,G,A,C,J,C,G,A,F,E,H,G,C,I,A,1.0,draw
636,radicaleq,6,F,B,J,C,J,B,E,B,E,B,E,H,E,H,B,C,I,A,F,B,1.0,draw
637,turntaking,1,A,G,G,E,E,G,C,H,D,I,G,F,I,J,D,G,J,D,E,J,1.0,draw
637,turntaking,2,B,H,H,F,I,E,F,C,J,D,H,A,F,B,C,I,A,F,B,H,1.0,draw
637,radicaleq,3,C,I,C,G,B,H,D,I,G,F,I,J,D,G,J,D,E,J,G,C,1.0,draw
637,radicaleq,4,D,J,I,H,F,I,J,F,H,A,D,B,C,I,A,F,B,H,D,E,1.0,draw
637,turntaking,5,E,A,D,A,D,A,G,A,C,J,C,G,A,F,E,H,G,C,I,A,1.0,draw
637,radicaleq,6,F,B,J,C,J,B,E,B,E,B,E,H,E,H,B,C,I,A,F,B,1.0,draw
638,radicaleq,1,A,G,G,E,E,G,C,H,D,I,G,F,I,J,D,G,J,D,E,J,1.0,draw
638,radicaleq,2,B,H,H,F,I,E,F,C,J,D,H,A,F,B,C,I,A,F,B,H,1.0,draw
638,turntaking,3,C,I,C,G,B,H,D,I,G,F,I,J,D,G,J,D,E,J,G,C,1.0,draw
638,radicaleq,4,D,J,I,H,F,I,J,F,H,A,D,B,C,I,A,F,B,H,D,E,1.0,draw
638,turntaking,5,E,A,D,A,D,A,G,A,C,J,C,G,A,F,E,H,G,C,I,A,1.0,draw
638,turntaking,6,F,B,J,C,J,B,E,B,E,B,E,H,E,H,B,C,I,A,F,B,1.0,draw
639,radicaleq,1,A,G,G,E,E,G,C,H,D,I,G,F,I,J,D,G,J,D,E,J,1.0,draw
639,radicaleq,2,B,H,H,F,I,E,F,C,J,D,H,A,F,B,C,I,A,F,B,H,1.0,draw
639,turntaking,3,C,I,C,G,B,H,D,I,G,F,I,J,D,G,J,D,E,J,G,C,1.0,draw
639,turntaking,4,D,J,I,H,F,I,J,F,H,A,D,B,C,I,A,F,B,H,D,E,1.0,draw
639,turntaking,5,E,A,D,A,D,A,G,A,C,J,C,G,A,F,E,H,G,C,I,A,1.0,draw
639,radicaleq,6,F,B,J,C,J,B,E,B,E,B,E,H,E,H,B,C,I,A,F,B,1.0,draw
640,radicaleq,1,A,G,G,E,E,G,C,H,D,I,G,F,I,J,D,G,J,D,E,J,1.0,draw
640,radicaleq,2,B,H,H,F,I,E,F,C,J,D,H,A,F,B,C,I,A,F,B,H,1.0,draw
640,radicaleq,3,C,I,C,G,B,H,D,I,G,F,I,J,D,G,J,D,E,J,G,C,1.0,draw
640,turntaking,4,D,J,I,H,F,I,J,F,H,A,D,B,C,I,A,F,B,H,D,E,1.0,draw
640,turntaking,5,E,A,D,A,D,A,G,A,C,J,C,G,A,F,E,H,G,C,I,A,1.0,draw
640,turntaking,6,F,B,J,C,J,B,E,B,E,B,E,H,E,H,B,C,I,A,F,B,1.0,draw
641,rotate0,1,A,A,A,A,A,A,A,A,A,A,A,A,A,A,A,A,A,A,A,A,0.95,turntaking
641,rotate0,2,B,B,B,B,B,B,B,B,B,B,B,B,B,B,B,B,B,B,B,B,1.0,turntaking
641,turntaking,3,C,I,I,E,E,E,E,J,J,I,E,D,J,J,E,D,I,J,E,D,1.0,turntaking
641,turntaking,4,D,J,D,I,J,D,I,E,D,J,I,E,D,I,J,E,D,I,J,E,1.0,turntaking
641,turntaking,5,E,A,J,D,I,J,D,I,E,D,J,I,E,D,I,J,E,D,I,J,0.95,turntaking
641,rotate0,6,F,F,F,F,F,F,F,F,F,F,F,F,F,F,F,F,F,F,F,F,1.0,turntaking
642,turntaking,1,A,G,G,G,F,F,H,G,B,F,H,G,B,F,H,G,B,F,H,G,1.0,draw
642,turntaking,2,B,H,H,H,G,B,F,H,G,B,F,H,G,B,F,H,G,B,F,H,1.0,draw
642,rotate0,3,C,C,C,C,C,C,C,C,C,C,C,C,C,C,C,C,C,C,C,C,1.0,draw
642,rotate0,4,D,D,D,D,D,D,D,D,D,D,D,D,D,D,D,D,D,D,D,D,1.0,draw
642,rotate0,5,E,E,E,E,E,E,E,E,E,E,E,E,E,E,E,E,E,E,E,E,1.0,draw
642,turntaking,6,F,B,F,B,H,G,B,F,H,G,B,F,H,G,B,F,H,G,B,F,1.0,draw
643,rotate0,1,A,A,A,A,A,A,A,A,A,A,A,A,A,A,A,A,A,A,A,A,1.0,draw
643,turntaking,2,B,H,C,J,J,J,J,D,D,D,J,I,I,D,J,C,C,D,J,I,1.0,draw
643,turntaking,3,C,I,I,C,D,I,C,J,I,C,D,J,C,I,D,J,I,C,D,J,1.0,draw
643,turntaking,4,D,J,D,I,C,D,I,C,J,I,C,D,J,C,I,D,J,I,C,D,1.0,draw
643,rotate0,5,E,E,E,E,E,E,E,E,E,E,E,E,E,E,E,E,E,E,E,E,1.0,draw
643,rotate0,6,F,F,F,F,F,F,F,F,F,F,F,F,F,F,F,F,F,F,F,F,1.0,draw
644,rotate0,1,A,A,A,A,A,A,A,A,A,A,A,A,A,A,A,A,A,A,A,A,0.95,turntaking
644,turntaking,2,B,H,H,E,E,E,E,I,I,I,E,C,H,I,E,C,H,I,E,C,1.0,turntaking
644,turntaking,3,C,I,C,H,I,C,H,E,C,H,I,E,C,H,I,E,C,H,I,E,1.0,turntaking
644,rotate0,4,D,D,D,D,D,D,D,D,D,D,D,D,D,D,D,D,D,D,D,D,1.0,turntaking
644,turntaking,5,E,A,I,C,H,I,C,H,E,C,H,I,E,C,H,I,E,C,H,I,0.95,turntaking
644,rotate0,6,F,F,F,F,F,F,F,F,F,F,F,F,F,F,F,F,F,F,F,F,1.0,turntaking
645,turntaking,1,A,G,B,B,E,A,H,B,E,A,H,B,E,A,H,B,E,A,H,B,1.0,draw
645,turntaking,2,B,H,H,H,B,E,A,H,B,E,A,H,B,E,A,H,B,E,A,H,1.0,draw
645,rotate0,3,C,C,C,C,C,C,C,C,C,C,C,C,C,C,C,C,C,C,C,C,1.0,draw
645,rotate0,4,D,D,D,D,D,D,D,D,D,D,D,D,D,D,D,D,D,D,D,D,1.0,draw
645,turntaking,5,E,A,E,A,H,B,E,A,H,B,E,A,H,B,E,A,H,B,E,A,1.0,draw
645,rotate0,6,F,F,F,F,F,F,F,F,F,F,F,F,F,F,F,F,F,F,F,F,1.0,draw
646,rotate0,1,A,A,A,A,A,A,A,A,A,A,A,A,A,A,A,A,A,A,A,A,0.95,turntaking
646,turntaking,2,B,H,H,E,E,E,E,J,J,J,E,D,H,J,E,D,H,H,E,D,1.0,turntaking
646,rotate0,3,C,C,C,C,C,C,C,C,C,C,C,C,C,C,C,C,C,C,C,C,1.0,turntaking
646,turntaking,4,D,J,D,H,J,D,H,E,D,H,J,E,D,H,J,E,D,J,H,E,1.0,turntaking
646,turntaking,5,E,A,J,D,H,J,D,H,E,D,H,J,E,D,H,J,E,D,J,H,0.95,turntaking
646,rotate0,6,F,F,F,F,F,F,F,F,F,F,F,F,F,F,F,F,F,F,F,F,1.0,turntaking
647,rotate0,1,A,A,A,A,A,A,A,A,A,A,A,A,A,A,A,A,A,A,A,A,0.95,draw
647,rotate0,2,B,B,B,B,B,B,B,B,B,B,B,B,B,B,B,B,B,B,B,B,0.95,draw
647,rotate0,3,C,C,C,C,C,C,C,C,C,C,C,C,C,C,C,C,C,C,C,C,1.0,draw
647,turntaking,4,D,J,D,F,F,F,F,E,J,D,F,E,J,D,F,E,E,D,F,J,1.0,draw
647,turntaking,5,E,A,J,D,E,J,D,F,E,J,D,F,E,J,D,F,J,E,D,F,0.95,draw
647,turntaking,6,F,B,E,J,D,E,J,D,F,E,J,D,F,E,J,D,F,J,E,D,0.95,draw
648,turntaking,1,A,G,D,D,E,E,E,E,J,J,D,E,A,J,J,E,A,D,J,E,1.0,draw
648,rotate0,2,B,B,B,B,B,B,B,B,B,B,B,B,B,B,B,B,B,B,B,B,1.0,draw
648,rotate0,3,C,C,C,C,C,C,C,C,C,C,C,C,C,C,C,C,C,C,C,C,1.0,draw
648,turntaking,4,D,J,J,A,D,J,A,D,E,A,J,D,E,A,D,J,E,A,D,J,1.0,draw
648,turntaking,5,E,A,E,J,A,D,J,A,D,E,A,J,D,E,A,D,J,E,A,D,1.0,draw
648,rotate0,6,F,F,F,F,F,F,F,F,F,F,F,F,F,F,F,F,F,F,F,F,1.0,draw
649,rotate0,1,A,A,A,A,A,A,A,A,A,A,A,A,A,A,A,A,A,A,A,A,1.0,turntaking
649,rotate0,2,B,B,B,B,B,B,B,B,B,B,B,B,B,B,B,B,B,B,B,B,0.95,turntaking
649,turntaking,3,C,I,I,F,F,F,F,J,J,I,F,D,J,I,F,D,J,I,F,D,1.0,turntaking
649,turntaking,4,D,J,D,I,J,D,I,F,D,J,I,F,D,J,I,F,D,J,I,F,1.0,turntaking
649,rotate0,5,E,E,E,E,E,E,E,E,E,E,E,E,E,E,E,E,E,E,E,E,1.0,turntaking
649,turntaking,6,F,B,J,D,I,J,D,I,F,D,J,I,F,D,J,I,F,D,J,I,0.95,turntaking
650,turntaking,1,A,G,C,C,E,E,E,C,I,I,E,C,A,I,E,C,A,I,E,C,1.0,draw
650,rotate0,2,B,B,B,B,B,B,B,B,B,B,B,B,B,B,B,B,B,B,B,B,1.0,draw
650,turntaking,3,C,I,I,A,C,I,A,E,C,A,I,E,C,A,I,E,C,A,I,E,1.0,draw
650,rotate0,4,D,D,D,D,D,D,D,D,D,D,D,D,D,D,D,D,D,D,D,D,1.0,draw
650,turntaking,5,E,A,E,I,A,C,I,A,E,C,A,I,E,C,A,I,E,C,A,I,1.0,draw
650,rotate0,6,F,F,F,F,F,F,F,F,F,F,F,F,F,F,F,F,F,F,F,F,1.0,draw
651,turntaking,1,A,G,C,J,J,J,J,D,D,D,J,I,I,D,J,C,C,D,J,I,1.0,draw
651,rotate0,2,B,B,B,B,B,B,B,B,B,B,B,B,B,B,B,B,B,B,B,B,1.0,draw
651,turntaking,3,C,I,I,C,D,I,C,J,I,C,D,J,C,I,D,J,I,C,D,J,1.0,draw
651,turntaking,4,D,J,D,I,C,D,I,C,J,I,C,D,J,C,I,D,J,I,C,D,1.0,draw
651,rotate0,5,E,E,E,E,E,E,E,E,E,E,E,E,E,E,E,E,E,E,E,E,1.0,draw
651,rotate0,6,F,F,F,F,F,F,F,F,F,F,F,F,F,F,F,F,F,F,F,F,1.0,draw
652,rotate0,1,A,A,A,A,A,A,A,A,A,A,A,A,A,A,A,A,A,A,A,A,0.95,draw
652,rotate0,2,B,B,B,B,B,B,B,B,B,B,B,B,B,B,B,B,B,B,B,B,0.95,draw
652,turntaking,3,C,I,C,F,F,F,F,E,I,C,F,E,E,C,F,I,E,C,F,I,1.0,draw
652,rotate0,4,D,D,D,D,D,D,D,D,D,D,D,D,D,D,D,D,D,D,D,D,1.0,draw
652,turntaking,5,E,A,I,C,E,I,C,F,E,I,C,F,I,E,C,F,I,E,C,F,0.95,draw
652,turntaking,6,F,B,E,I,C,E,I,C,F,E,I,C,F,I,E,C,F,I,E,C,0.95,draw
653,rotate0,1,A,A,A,A,A,A,A,A,A,A,A,A,A,A,A,A,A,A,A,A,0.95,draw
653,turntaking,2,B,H,H,H,F,F,F,F,E,E,H,F,B,E,H,F,B,E,H,F,1.0,draw
653,rotate0,3,C,C,C,C,C,C,C,C,C,C,C,C,C,C,C,C,C,C,C,C,1.0,draw
653,rotate0,4,D,D,D,D,D,D,D,D,D,D,D,D,D,D,D,D,D,D,D,D,1.0,draw
653,turntaking,5,E,A,F,E,B,H,E,B,H,F,B,E,H,F,B,E,H,F,B,E,0.95,draw
653,turntaking,6,F,B,E,B,H,E,B,H,F,B,E,H,F,B,E,H,F,B,E,H,1.0,draw
654,turntaking,1,A,G,G,F,F,F,F,J,J,J,F,D,G,G,F,D,J,G,F,D,1.0,turntaking
654,rotate0,2,B,B,B,B,B,B,B,B,B,B,B,B,B,B,B,B,B,B,B,B,0.95,turntaking
654,rotate0,3,C,C,C,C,C,C,C,C,C,C,C,C,C,C,C,C,C,C,C,C,1.0,turntaking
654,turntaking,4,D,J,D,G,J,D,G,F,D,G,J,F,D,J,G,F,D,J,G,F,1.0,turntaking
654,rotate0,5,E,E,E,E,E,E,E,E,E,E,E,E,E,E,E,E,E,E,E,E,1.0,turntaking
654,turntaking,6,F,B,J,D,G,J,D,G,F,D,G,J,F,D,J,G,F,D,J,G,0.95,turntaking
655,turntaking,1,A,G,G,F,F,F,F,I,I,G,F,C,I,G,F,C,I,G,F,C,1.0,turntaking
655,rotate0,2,B,B,B,B,B,B,B,B,B,B,B,B,B,B,B,B,B,B,B,B,0.95,turntaking
655,turntaking,3,C,I,C,G,I,C,G,F,C,I,G,F,C,I,G,F,C,I,G,F,1.0,turntaking
655,rotate0,4,D,D,D,D,D,D,D,D,D,D,D,D,D,D,D,D,D,D,D,D,1.0,turntaking
655,rotate0,5,E,E,E,E,E,E,E,E,E,E,E,E,E,E,E,E,E,E,E,E,1.0,turntaking
655,turntaking,6,F,B,I,C,G,I,C,G,F,C,I,G,F,C,I,G,F,C,I,G,0.95,turntaking
656,turntaking,1,A,G,B,I,I,I,I,C,C,B,I,H,C,B,I,H,C,B,I,H,1.0,draw
656,turntaking,2,B,H,H,B,C,H,B,I,H,C,B,I,H,C,B,I,H,C,B,I,1.0,draw
656,turntaking,3,C,I,C,H,B,C,H,B,I,H,C,B,I,H,C,B,I,H,C,B,1.0,draw
656,rotate0,4,D,D,D,D,D,D,D,D,D,D,D,D,D,D,D,D,D,D,D,D,1.0,draw
656,rotate0,5,E,E,E,E,E,E,E,E,E,E,E,E,E,E,E,E,E,E,E,E,1.0,draw
656,rotate0,6,F,F,F,F,F,F,F,F,F,F,F,F,F,F,F,F,F,F,F,F,1.0,draw
657,turntaking,1,A,G,G,G,F,F,F,G,E,A,F,G,E,E,F,G,A,E,F,G,1.0,turntaking
657,rotate0,2,B,B,B,B,B,B,B,B,B,B,B,B,B,B,B,B,B,B,B,B,0.95,turntaking
657,rotate0,3,C,C,C,C,C,C,C,C,C,C,C,C,C,C,C,C,C,C,C,C,1.0,turntaking
657,rotate0,4,D,D,D,D,D,D,D,D,D,D,D,D,D,D,D,D,D,D,D,D,1.0,turntaking
657,turntaking,5,E,A,E,A,G,E,A,F,G,E,A,F,G,A,E,F,G,A,E,F,1.0,turntaking
657,turntaking,6,F,B,F,E,A,G,E,A,F,G,E,A,F,G,A,E,F,G,A,E,0.95,turntaking
658,turntaking,1,A,G,B,J,J,J,J,D,H,B,J,D,H,B,J,D,H,B,J,D,1.0,draw
658,turntaking,2,B,H,H,B,D,H,B,J,D,H,B,J,D,H,B,J,D,H,B,J,1.0,draw
658,rotate0,3,C,C,C,C,C,C,C,C,C,C,C,C,C,C,C,C,C,C,C,C,1.0,draw
658,turntaking,4,D,J,D,H,B,D,H,B,J,D,H,B,J,D,H,B,J,D,H,B,1.0,draw
658,rotate0,5,E,E,E,E,E,E,E,E,E,E,E,E,E,E,E,E,E,E,E,E,1.0,draw
658,rotate0,6,F,F,F,F,F,F,F,F,F,F,F,F,F,F,F,F,F,F,F,F,1.0,draw
659,rotate0,1,A,A,A,A,A,A,A,A,A,A,A,A,A,A,A,A,A,A,A,A,1.0,draw
659,turntaking,2,B,H,C,C,F,B,I,C,F,B,I,C,F,B,I,C,F,B,I,C,1.0,draw
659,turntaking,3,C,I,I,I,C,F,B,I,C,F,B,I,C,F,B,I,C,F,B,I,1.0,draw
659,rotate0,4,D,D,D,D,D,D,D,D,D,D,D,D,D,D,D,D,D,D,D,D,1.0,draw
659,rotate0,5,E,E,E,E,E,E,E,E,E,E,E,E,E,E,E,E,E,E,E,E,1.0,draw
659,turntaking,6,F,B,F,B,I,C,F,B,I,C,F,B,I,C,F,B,I,C,F,B,1.0,draw
660,rotate0,1,A,A,A,A,A,A,A,A,A,A,A,A,A,A,A,A,A,A,A,A,1.0,draw
660,turntaking,2,B,H,D,D,F,F,F,D,J,J,F,D,B,J,F,D,B,J,F,D,1.0,draw
660,rotate0,3,C,C,C,C,C,C,C,C,C,C,C,C,C,C,C,C,C,C,C,C,1.0,draw
660,turntaking,4,D,J,J,B,D,J,B,F,D,B,J,F,D,B,J,F,D,B,J,F,1.0,draw
660,rotate0,5,E,E,E,E,E,E,E,E,E,E,E,E,E,E,E,E,E,E,E,E,1.0,draw
660,turntaking,6,F,B,F,J,B,D,J,B,F,D,B,J,F,D,B,J,F,D,B,J,1.0,draw
661,caste,1,A,G,G,E,E,G,C,H,D,I,G,F,I,J,D,G,J,D,E,J,1.0,draw
661,turntaking,2,B,H,H,F,I,E,F,C,J,D,H,A,F,B,C,I,A,F,B,H,1.0,draw
661,turntaking,3,C,I,C,G,B,H,D,I,G,F,I,J,D,G,J,D,E,J,G,C,1.0,draw
661,caste,4,D,J,I,H,F,I,J,F,H,A,D,B,C,I,A,F,B,H,D,E,1.0,draw
661,caste,5,E,A,D,A,D,A,G,A,C,J,C,G,A,F,E,H,G,C,I,A,1.0,draw
661,turntaking,6,F,B,J,C,J,B,E,B,E,B,E,H,E,H,B,C,I,A,F,B,1.0,draw
662,turntaking,1,A,G,G,E,E,G,C,H,D,I,G,F,I,J,D,G,J,D,E,J,1.0,draw
662,caste,2,B,H,H,F,I,E,F,C,J,D,H,A,F,B,C,I,A,F,B,H,1.0,draw
662,caste,3,C,I,C,G,B,H,D,I,G,F,I,J,D,G,J,D,E,J,G,C,1.0,draw
662,turntaking,4,D,J,I,H,F,I,J,F,H,A,D,B,C,I,A,F,B,H,D,E,1.0,draw
662,caste,5,E,A,D,A,D,A,G,A,C,J,C,G,A,F,E,H,G,C,I,A,1.0,draw
662,turntaking,6,F,B,J,C,J,B,E,B,E,B,E,H,E,H,B,C,I,A,F,B,1.0,draw
663,turntaking,1,A,G,G,E,E,G,C,H,D,I,G,F,I,J,D,G,J,D,E,J,1.0,draw
663,turntaking,2,B,H,H,F,I,E,F,C,J,D,H,A,F,B,C,I,A,F,B,H,1.0,draw
663,turntaking,3,C,I,C,G,B,H,D,I,G,F,I,J,D,G,J,D,E,J,G,C,1.0,draw
663,caste,4,D,J,I,H,F,I,J,F,H,A,D,B,C,I,A,F,B,H,D,E,1.0,draw
663,caste,5,E,A,D,A,D,A,G,A,C,J,C,G,A,F,E,H,G,C,I,A,1.0,draw
663,caste,6,F,B,J,C,J,B,E,B,E,B,E,H,E,H,B,C,I,A,F,B,1.0,draw
664,caste,1,A,G,G,E,E,G,C,H,D,I,G,F,I,J,D,G,J,D,E,J,1.0,draw
664,caste,2,B,H,H,F,I,E,F,C,J,D,H,A,F,B,C,I,A,F,B,H,1.0,draw
664,turntaking,3,C,I,C,G,B,H,D,I,G,F,I,J,D,G,J,D,E,J,G,C,1.0,draw
664,turntaking,4,D,J,I,H,F,I,J,F,H,A,D,B,C,I,A,F,B,H,D,E,1.0,draw
664,turntaking,5,E,A,D,A,D,A,G,A,C,J,C,G,A,F,E,H,G,C,I,A,1.0,draw
664,caste,6,F,B,J,C,J,B,E,B,E,B,E,H,E,H,B,C,I,A,F,B,1.0,draw
665,turntaking,1,A,G,G,E,E,G,C,H,D,I,G,F,I,J,D,G,J,D,E,J,1.0,draw
665,caste,2,B,H,H,F,I,E,F,C,J,D,H,A,F,B,C,I,A,F,B,H,1.0,draw
665,turntaking,3,C,I,C,G,B,H,D,I,G,F,I,J,D,G,J,D,E,J,G,C,1.0,draw
665,caste,4,D,J,I,H,F,I,J,F,H,A,D,B,C,I,A,F,B,H,D,E,1.0,draw
665,turntaking,5,E,A,D,A,D,A,G,A,C,J,C,G,A,F,E,H,G,C,I,A,1.0,draw
665,caste,6,F,B,J,C,J,B,E,B,E,B,E,H,E,H,B,C,I,A,F,B,1.0,draw
666,caste,1,A,G,G,E,E,G,C,H,D,I,G,F,I,J,D,G,J,D,E,J,1.0,draw
666,turntaking,2,B,H,H,F,I,E,F,C,J,D,H,A,F,B,C,I,A,F,B,H,1.0,draw
666,turntaking,3,C,I,C,G,B,H,D,I,G,F,I,J,D,G,J,D,E,J,G,C,1.0,draw
666,turntaking,4,D,J,I,H,F,I,J,F,H,A,D,B,C,I,A,F,B,H,D,E,1.0,draw
666,caste,5,E,A,D,A,D,A,G,A,C,J,C,G,A,F,E,H,G,C,I,A,1.0,draw
666,caste,6,F,B,J,C,J,B,E,B,E,B,E,H,E,H,B,C,I,A,F,B,1.0,draw
667,caste,1,A,G,G,E,E,G,C,H,D,I,G,F,I,J,D,G,J,D,E,J,1.0,draw
667,turntaking,2,B,H,H,F,I,E,F,C,J,D,H,A,F,B,C,I,A,F,B,H,1.0,draw
667,caste,3,C,I,C,G,B,H,D,I,G,F,I,J,D,G,J,D,E,J,G,C,1.0,draw
667,caste,4,D,J,I,H,F,I,J,F,H,A,D,B,C,I,A,F,B,H,D,E,1.0,draw
667,turntaking,5,E,A,D,A,D,A,G,A,C,J,C,G,A,F,E,H,G,C,I,A,1.0,draw
667,turntaking,6,F,B,J,C,J,B,E,B,E,B,E,H,E,H,B,C,I,A,F,B,1.0,draw
668,caste,1,A,G,G,E,E,G,C,H,D,I,G,F,I,J,D,G,J,D,E,J,1.0,draw
668,turntaking,2,B,H,H,F,I,E,F,C,J,D,H,A,F,B,C,I,A,F,B,H,1.0,draw
668,caste,3,C,I,C,G,B,H,D,I,G,F,I,J,D,G,J,D,E,J,G,C,1.0,draw
668,turntaking,4,D,J,I,H,F,I,J,F,H,A,D,B,C,I,A,F,B,H,D,E,1.0,draw
668,caste,5,E,A,D,A,D,A,G,A,C,J,C,G,A,F,E,H,G,C,I,A,1.0,draw
668,turntaking,6,F,B,J,C,J,B,E,B,E,B,E,H,E,H,B,C,I,A,F,B,1.0,draw
669,turntaking,1,A,G,G,E,E,G,C,H,D,I,G,F,I,J,D,G,J,D,E,J,1.0,draw
669,turntaking,2,B,H,H,F,I,E,F,C,J,D,H,A,F,B,C,I,A,F,B,H,1.0,draw
669,caste,3,C,I,C,G,B,H,D,I,G,F,I,J,D,G,J,D,E,J,G,C,1.0,draw
669,turntaking,4,D,J,I,H,F,I,J,F,H,A,D,B,C,I,A,F,B,H,D,E,1.0,draw
669,caste,5,E,A,D,A,D,A,G,A,C,J,C,G,A,F,E,H,G,C,I,A,1.0,draw
669,caste,6,F,B,J,C,J,B,E,B,E,B,E,H,E,H,B,C,I,A,F,B,1.0,draw
670,caste,1,A,G,G,E,E,G,C,H,D,I,G,F,I,J,D,G,J,D,E,J,1.0,draw
670,turntaking,2,B,H,H,F,I,E,F,C,J,D,H,A,F,B,C,I,A,F,B,H,1.0,draw
670,caste,3,C,I,C,G,B,H,D,I,G,F,I,J,D,G,J,D,E,J,G,C,1.0,draw
670,turntaking,4,D,J,I,H,F,I,J,F,H,A,D,B,C,I,A,F,B,H,D,E,1.0,draw
670,turntaking,5,E,A,D,A,D,A,G,A,C,J,C,G,A,F,E,H,G,C,I,A,1.0,draw
670,caste,6,F,B,J,C,J,B,E,B,E,B,E,H,E,H,B,C,I,A,F,B,1.0,draw
671,turntaking,1,A,G,G,E,E,G,C,H,D,I,G,F,I,J,D,G,J,D,E,J,1.0,draw
671,caste,2,B,H,H,F,I,E,F,C,J,D,H,A,F,B,C,I,A,F,B,H,1.0,draw
671,turntaking,3,C,I,C,G,B,H,D,I,G,F,I,J,D,G,J,D,E,J,G,C,1.0,draw
671,caste,4,D,J,I,H,F,I,J,F,H,A,D,B,C,I,A,F,B,H,D,E,1.0,draw
671,caste,5,E,A,D,A,D,A,G,A,C,J,C,G,A,F,E,H,G,C,I,A,1.0,draw
671,turntaking,6,F,B,J,C,J,B,E,B,E,B,E,H,E,H,B,C,I,A,F,B,1.0,draw
672,caste,1,A,G,G,E,E,G,C,H,D,I,G,F,I,J,D,G,J,D,E,J,1.0,draw
672,caste,2,B,H,H,F,I,E,F,C,J,D,H,A,F,B,C,I,A,F,B,H,1.0,draw
672,caste,3,C,I,C,G,B,H,D,I,G,F,I,J,D,G,J,D,E,J,G,C,1.0,draw
672,turntaking,4,D,J,I,H,F,I,J,F,H,A,D,B,C,I,A,F,B,H,D,E,1.0,draw
672,turntaking,5,E,A,D,A,D,A,G,A,C,J,C,G,A,F,E,H,G,C,I,A,1.0,draw
672,turntaking,6,F,B,J,C,J,B,E,B,E,B,E,H,E,H,B,C,I,A,F,B,1.0,draw
673,turntaking,1,A,G,G,E,E,G,C,H,D,I,G,F,I,J,D,G,J,D,E,J,1.0,draw
673,caste,2,B,H,H,F,I,E,F,C,J,D,H,A,F,B,C,I,A,F,B,H,1.0,draw
673,turntaking,3,C,I,C,G,B,H,D,I,G,F,I,J,D,G,J,D,E,J,G,C,1.0,draw
673,turntaking,4,D,J,I,H,F,I,J,F,H,A,D,B,C,I,A,F,B,H,D,E,1.0,draw
673,caste,5,E,A,D,A,D,A,G,A,C,J,C,G,A,F,E,H,G,C,I,A,1.0,draw
673,caste,6,F,B,J,C,J,B,E,B,E,B,E,H,E,H,B,C,I,A,F,B,1.0,draw
674,caste,1,A,G,G,E,E,G,C,H,D,I,G,F,I,J,D,G,J,D,E,J,1.0,draw
674,caste,2,B,H,H,F,I,E,F,C,J,D,H,A,F,B,C,I,A,F,B,H,1.0,draw
674,turntaking,3,C,I,C,G,B,H,D,I,G,F,I,J,D,G,J,D,E,J,G,C,1.0,draw
674,caste,4,D,J,I,H,F,I,J,F,H,A,D,B,C,I,A,F,B,H,D,E,1.0,draw
674,turntaking,5,E,A,D,A,D,A,G,A,C,J,C,G,A,F,E,H,G,C,I,A,1.0,draw
674,turntaking,6,F,B,J,C,J,B,E,B,E,B,E,H,E,H,B,C,I,A,F,B,1.0,draw
675,turntaking,1,A,G,G,E,E,G,C,H,D,I,G,F,I,J,D,G,J,D,E,J,1.0,draw
675,caste,2,B,H,H,F,I,E,F,C,J,D,H,A,F,B,C,I,A,F,B,H,1.0,draw
675,caste,3,C,I,C,G,B,H,D,I,G,F,I,J,D,G,J,D,E,J,G,C,1.0,draw
675,turntaking,4,D,J,I,H,F,I,J,F,H,A,D,B,C,I,A,F,B,H,D,E,1.0,draw
675,turntaking,5,E,A,D,A,D,A,G,A,C,J,C,G,A,F,E,H,G,C,I,A,1.0,draw
675,caste,6,F,B,J,C,J,B,E,B,E,B,E,H,E,H,B,C,I,A,F,B,1.0,draw
676,caste,1,A,G,G,E,E,G,C,H,D,I,G,F,I,J,D,G,J,D,E,J,1.0,draw
676,turntaking,2,B,H,H,F,I,E,F,C,J,D,H,A,F,B,C,I,A,F,B,H,1.0,draw
676,turntaking,3,C,I,C,G,B,H,D,I,G,F,I,J,D,G,J,D,E,J,G,C,1.0,draw
676,caste,4,D,J,I,H,F,I,J,F,H,A,D,B,C,I,A,F,B,H,D,E,1.0,draw
676,turntaking,5,E,A,D,A,D,A,G,A,C,J,C,G,A,F,E,H,G,C,I,A,1.0,draw
676,caste,6,F,B,J,C,J,B,E,B,E,B,E,H,E,H,B,C,I,A,F,B,1.0,draw
677,turntaking,1,A,G,G,E,E,G,C,H,D,I,G,F,I,J,D,G,J,D,E,J,1.0,draw
677,turntaking,2,B,H,H,F,I,E,F,C,J,D,H,A,F,B,C,I,A,F,B,H,1.0,draw
677,caste,3,C,I,C,G,B,H,D,I,G,F,I,J,D,G,J,D,E,J,G,C,1.0,draw
677,caste,4,D,J,I,H,F,I,J,F,H,A,D,B,C,I,A,F,B,H,D,E,1.0,draw
677,caste,5,E,A,D,A,D,A,G,A,C,J,C,G,A,F,E,H,G,C,I,A,1.0,draw
677,turntaking,6,F,B,J,C,J,B,E,B,E,B,E,H,E,H,B,C,I,A,F,B,1.0,draw
678,caste,1,A,G,G,E,E,G,C,H,D,I,G,F,I,J,D,G,J,D,E,J,1.0,draw
678,caste,2,B,H,H,F,I,E,F,C,J,D,H,A,F,B,C,I,A,F,B,H,1.0,draw
678,turntaking,3,C,I,C,G,B,H,D,I,G,F,I,J,D,G,J,D,E,J,G,C,1.0,draw
678,turntaking,4,D,J,I,H,F,I,J,F,H,A,D,B,C,I,A,F,B,H,D,E,1.0,draw
678,caste,5,E,A,D,A,D,A,G,A,C,J,C,G,A,F,E,H,G,C,I,A,1.0,draw
678,turntaking,6,F,B,J,C,J,B,E,B,E,B,E,H,E,H,B,C,I,A,F,B,1.0,draw
679,turntaking,1,A,G,G,E,E,G,C,H,D,I,G,F,I,J,D,G,J,D,E,J,1.0,draw
679,turntaking,2,B,H,H,F,I,E,F,C,J,D,H,A,F,B,C,I,A,F,B,H,1.0,draw
679,caste,3,C,I,C,G,B,H,D,I,G,F,I,J,D,G,J,D,E,J,G,C,1.0,draw
679,caste,4,D,J,I,H,F,I,J,F,H,A,D,B,C,I,A,F,B,H,D,E,1.0,draw
679,turntaking,5,E,A,D,A,D,A,G,A,C,J,C,G,A,F,E,H,G,C,I,A,1.0,draw
679,caste,6,F,B,J,C,J,B,E,B,E,B,E,H,E,H,B,C,I,A,F,B,1.0,draw
680,turntaking,1,A,G,G,E,E,G,C,H,D,I,G,F,I,J,D,G,J,D,E,J,1.0,draw
680,caste,2,B,H,H,F,I,E,F,C,J,D,H,A,F,B,C,I,A,F,B,H,1.0,draw
680,caste,3,C,I,C,G,B,H,D,I,G,F,I,J,D,G,J,D,E,J,G,C,1.0,draw
680,caste,4,D,J,I,H,F,I,J,F,H,A,D,B,C,I,A,F,B,H,D,E,1.0,draw
680,turntaking,5,E,A,D,A,D,A,G,A,C,J,C,G,A,F,E,H,G,C,I,A,1.0,draw
680,turntaking,6,F,B,J,C,J,B,E,B,E,B,E,H,E,H,B,C,I,A,F,B,1.0,draw
681,turntaking,1,A,G,G,E,E,G,C,H,D,I,G,F,I,J,D,G,J,D,E,J,1.0,draw
681,turntaking,2,B,H,H,F,I,E,F,C,J,D,H,A,F,B,C,I,A,F,B,H,1.0,draw
681,equalize,3,C,I,C,G,B,H,D,I,G,F,I,J,D,G,J,D,E,J,G,C,1.0,draw
681,equalize,4,D,J,I,H,F,I,J,F,H,A,D,B,C,I,A,F,B,H,D,E,1.0,draw
681,turntaking,5,E,A,D,A,D,A,G,A,C,J,C,G,A,F,E,H,G,C,I,A,1.0,draw
681,equalize,6,F,B,J,C,J,B,E,B,E,B,E,H,E,H,B,C,I,A,F,B,1.0,draw
682,equalize,1,A,G,G,E,E,G,C,H,D,I,G,F,I,J,D,G,J,D,E,J,1.0,draw
682,turntaking,2,B,H,H,F,I,E,F,C,J,D,H,A,F,B,C,I,A,F,B,H,1.0,draw
682,turntaking,3,C,I,C,G,B,H,D,I,G,F,I,J,D,G,J,D,E,J,G,C,1.0,draw
682,turntaking,4,D,J,I,H,F,I,J,F,H,A,D,B,C,I,A,F,B,H,D,E,1.0,draw
682,equalize,5,E,A,D,A,D,A,G,A,C,J,C,G,A,F,E,H,G,C,I,A,1.0,draw
682,equalize,6,F,B,J,C,J,B,E,B,E,B,E,H,E,H,B,C,I,A,F,B,1.0,draw
683,equalize,1,A,G,G,E,E,G,C,H,D,I,G,F,I,J,D,G,J,D,E,J,1.0,draw
683,turntaking,2,B,H,H,F,I,E,F,C,J,D,H,A,F,B,C,I,A,F,B,H,1.0,draw
683,equalize,3,C,I,C,G,B,H,D,I,G,F,I,J,D,G,J,D,E,J,G,C,1.0,draw
683,turntaking,4,D,J,I,H,F,I,J,F,H,A,D,B,C,I,A,F,B,H,D,E,1.0,draw
683,turntaking,5,E,A,D,A,D,A,G,A,C,J,C,G,A,F,E,H,G,C,I,A,1.0,draw
683,equalize,6,F,B,J,C,J,B,E,B,E,B,E,H,E,H,B,C,I,A,F,B,1.0,draw
684,equalize,1,A,G,G,E,E,G,C,H,D,I,G,F,I,J,D,G,J,D,E,J,1.0,draw
684,turntaking,2,B,H,H,F,I,E,F,C,J,D,H,A,F,B,C,I,A,F,B,H,1.0,draw
684,equalize,3,C,I,C,G,B,H,D,I,G,F,I,J,D,G,J,D,E,J,G,C,1.0,draw
684,turntaking,4,D,J,I,H,F,I,J,F,H,A,D,B,C,I,A,F,B,H,D,E,1.0,draw
684,equalize,5,E,A,D,A,D,A,G,A,C,J,C,G,A,F,E,H,G,C,I,A,1.0,draw
684,turntaking,6,F,B,J,C,J,B,E,B,E,B,E,H,E,H,B,C,I,A,F,B,1.0,draw
685,equalize,1,A,G,G,E,E,G,C,H,D,I,G,F,I,J,D,G,J,D,E,J,1.0,draw
685,equalize,2,B,H,H,F,I,E,F,C,J,D,H,A,F,B,C,I,A,F,B,H,1.0,draw
685,turntaking,3,C,I,C,G,B,H,D,I,G,F,I,J,D,G,J,D,E,J,G,C,1.0,draw
685,turntaking,4,D,J,I,H,F,I,J,F,H,A,D,B,C,I,A,F,B,H,D,E,1.0,draw
685,turntaking,5,E,A,D,A,D,A,G,A,C,J,C,G,A,F,E,H,G,C,I,A,1.0,draw
685,equalize,6,F,B,J,C,J,B,E,B,E,B,E,H,E,H,B,C,I,A,F,B,1.0,draw
686,turntaking,1,A,G,G,E,E,G,C,H,D,I,G,F,I,J,D,G,J,D,E,J,1.0,draw
686,turntaking,2,B,H,H,F,I,E,F,C,J,D,H,A,F,B,C,I,A,F,B,H,1.0,draw
686,equalize,3,C,I,C,G,B,H,D,I,G,F,I,J,D,G,J,D,E,J,G,C,1.0,draw
686,turntaking,4,D,J,I,H,F,I,J,F,H,A,D,B,C,I,A,F,B,H,D,E,1.0,draw
686,equalize,5,E,A,D,A,D,A,G,A,C,J,C,G,A,F,E,H,G,C,I,A,1.0,draw
686,equalize,6,F,B,J,C,J,B,E,B,E,B,E,H,E,H,B,C,I,A,F,B,1.0,draw
687,turntaking,1,A,G,G,E,E,G,C,H,D,I,G,F,I,J,D,G,J,D,E,J,1.0,draw
687,turntaking,2,B,H,H,F,I,E,F,C,J,D,H,A,F,B,C,I,A,F,B,H,1.0,draw
687,equalize,3,C,I,C,G,B,H,D,I,G,F,I,J,D,G,J,D,E,J,G,C,1.0,draw
687,equalize,4,D,J,I,H,F,I,J,F,H,A,D,B,C,I,A,F,B,H,D,E,1.0,draw
687,equalize,5,E,A,D,A,D,A,G,A,C,J,C,G,A,F,E,H,G,C,I,A,1.0,draw
687,turntaking,6,F,B,J,C,J,B,E,B,E,B,E,H,E,H,B,C,I,A,F,B,1.0,draw
688,equalize,1,A,G,G,E,E,G,C,H,D,I,G,F,I,J,D,G,J,D,E,J,1.0,draw
688,turntaking,2,B,H,H,F,I,E,F,C,J,D,H,A,F,B,C,I,A,F,B,H,1.0,draw
688,turntaking,3,C,I,C,G,B,H,D,I,G,F,I,J,D,G,J,D,E,J,G,C,1.0,draw
688,equalize,4,D,J,I,H,F,I,J,F,H,A,D,B,C,I,A,F,B,H,D,E,1.0,draw
688,turntaking,5,E,A,D,A,D,A,G,A,C,J,C,G,A,F,E,H,G,C,I,A,1.0,draw
688,equalize,6,F,B,J,C,J,B,E,B,E,B,E,H,E,H,B,C,I,A,F,B,1.0,draw
689,turntaking,1,A,G,G,E,E,G,C,H,D,I,G,F,I,J,D,G,J,D,E,J,1.0,draw
689,equalize,2,B,H,H,F,I,E,F,C,J,D,H,A,F,B,C,I,A,F,B,H,1.0,draw
689,turntaking,3,C,I,C,G,B,H,D,I,G,F,I,J,D,G,J,D,E,J,G,C,1.0,draw
689,equalize,4,D,J,I,H,F,I,J,F,H,A,D,B,C,I,A,F,B,H,D,E,1.0,draw
689,equalize,5,E,A,D,A,D,A,G,A,C,J,C,G,A,F,E,H,G,C,I,A,1.0,draw
689,turntaking,6,F,B,J,C,J,B,E,B,E,B,E,H,E,H,B,C,I,A,F,B,1.0,draw
690,equalize,1,A,G,G,E,E,G,C,H,D,I,G,F,I,J,D,G,J,D,E,J,1.0,draw
690,equalize,2,B,H,H,F,I,E,F,C,J,D,H,A,F,B,C,I,A,F,B,H,1.0,draw
690,turntaking,3,C,I,C,G,B,H,D,I,G,F,I,J,D,G,J,D,E,J,G,C,1.0,draw
690,equalize,4,D,J,I,H,F,I,J,F,H,A,D,B,C,I,A,F,B,H,D,E,1.0,draw
690,turntaking,5,E,A,D,A,D,A,G,A,C,J,C,G,A,F,E,H,G,C,I,A,1.0,draw
690,turntaking,6,F,B,J,C,J,B,E,B,E,B,E,H,E,H,B,C,I,A,F,B,1.0,draw
691,equalize,1,A,G,G,E,E,G,C,H,D,I,G,F,I,J,D,G,J,D,E,J,1.0,draw
691,turntaking,2,B,H,H,F,I,E,F,C,J,D,H,A,F,B,C,I,A,F,B,H,1.0,draw
691,turntaking,3,C,I,C,G,B,H,D,I,G,F,I,J,D,G,J,D,E,J,G,C,1.0,draw
691,equalize,4,D,J,I,H,F,I,J,F,H,A,D,B,C,I,A,F,B,H,D,E,1.0,draw
691,equalize,5,E,A,D,A,D,A,G,A,C,J,C,G,A,F,E,H,G,C,I,A,1.0,draw
691,turntaking,6,F,B,J,C,J,B,E,B,E,B,E,H,E,H,B,C,I,A,F,B,1.0,draw
692,turntaking,1,A,G,G,E,E,G,C,H,D,I,G,F,I,J,D,G,J,D,E,J,1.0,draw
692,equalize,2,B,H,H,F,I,E,F,C,J,D,H,A,F,B,C,I,A,F,B,H,1.0,draw
692,turntaking,3,C,I,C,G,B,H,D,I,G,F,I,J,D,G,J,D,E,J,G,C,1.0,draw
692,turntaking,4,D,J,I,H,F,I,J,F,H,A,D,B,C,I,A,F,B,H,D,E,1.0,draw
692,equalize,5,E,A,D,A,D,A,G,A,C,J,C,G,A,F,E,H,G,C,I,A,1.0,draw
692,equalize,6,F,B,J,C,J,B,E,B,E,B,E,H,E,H,B,C,I,A,F,B,1.0,draw
693,turntaking,1,A,G,G,E,E,G,C,H,D,I,G,F,I,J,D,G,J,D,E,J,1.0,draw
693,equalize,2,B,H,H,F,I,E,F,C,J,D,H,A,F,B,C,I,A,F,B,H,1.0,draw
693,equalize,3,C,I,C,G,B,H,D,I,G,F,I,J,D,G,J,D,E,J,G,C,1.0,draw
693,equalize,4,D,J,I,H,F,I,J,F,H,A,D,B,C,I,A,F,B,H,D,E,1.0,draw
693,turntaking,5,E,A,D,A,D,A,G,A,C,J,C,G,A,F,E,H,G,C,I,A,1.0,draw
693,turntaking,6,F,B,J,C,J,B,E,B,E,B,E,H,E,H,B,C,I,A,F,B,1.0,draw
694,turntaking,1,A,G,G,E,E,G,C,H,D,I,G,F,I,J,D,G,J,D,E,J,1.0,draw
694,equalize,2,B,H,H,F,I,E,F,C,J,D,H,A,F,B,C,I,A,F,B,H,1.0,draw
694,turntaking,3,C,I,C,G,B,H,D,I,G,F,I,J,D,G,J,D,E,J,G,C,1.0,draw
694,equalize,4,D,J,I,H,F,I,J,F,H,A,D,B,C,I,A,F,B,H,D,E,1.0,draw
694,turntaking,5,E,A,D,A,D,A,G,A,C,J,C,G,A,F,E,H,G,C,I,A,1.0,draw
694,equalize,6,F,B,J,C,J,B,E,B,E,B,E,H,E,H,B,C,I,A,F,B,1.0,draw
695,turntaking,1,A,G,G,E,E,G,C,H,D,I,G,F,I,J,D,G,J,D,E,J,1.0,draw
695,equalize,2,B,H,H,F,I,E,F,C,J,D,H,A,F,B,C,I,A,F,B,H,1.0,draw
695,equalize,3,C,I,C,G,B,H,D,I,G,F,I,J,D,G,J,D,E,J,G,C,1.0,draw
695,turntaking,4,D,J,I,H,F,I,J,F,H,A,D,B,C,I,A,F,B,H,D,E,1.0,draw
695,turntaking,5,E,A,D,A,D,A,G,A,C,J,C,G,A,F,E,H,G,C,I,A,1.0,draw
695,equalize,6,F,B,J,C,J,B,E,B,E,B,E,H,E,H,B,C,I,A,F,B,1.0,draw
696,turntaking,1,A,G,G,E,E,G,C,H,D,I,G,F,I,J,D,G,J,D,E,J,1.0,draw
696,equalize,2,B,H,H,F,I,E,F,C,J,D,H,A,F,B,C,I,A,F,B,H,1.0,draw
696,equalize,3,C,I,C,G,B,H,D,I,G,F,I,J,D,G,J,D,E,J,G,C,1.0,draw
696,turntaking,4,D,J,I,H,F,I,J,F,H,A,D,B,C,I,A,F,B,H,D,E,1.0,draw
696,equalize,5,E,A,D,A,D,A,G,A,C,J,C,G,A,F,E,H,G,C,I,A,1.0,draw
696,turntaking,6,F,B,J,C,J,B,E,B,E,B,E,H,E,H,B,C,I,A,F,B,1.0,draw
697,equalize,1,A,G,G,E,E,G,C,H,D,I,G,F,I,J,D,G,J,D,E,J,1.0,draw
697,turntaking,2,B,H,H,F,I,E,F,C,J,D,H,A,F,B,C,I,A,F,B,H,1.0,draw
697,equalize,3,C,I,C,G,B,H,D,I,G,F,I,J,D,G,J,D,E,J,G,C,1.0,draw
697,equalize,4,D,J,I,H,F,I,J,F,H,A,D,B,C,I,A,F,B,H,D,E,1.0,draw
697,turntaking,5,E,A,D,A,D,A,G,A,C,J,C,G,A,F,E,H,G,C,I,A,1.0,draw
697,turntaking,6,F,B,J,C,J,B,E,B,E,B,E,H,E,H,B,C,I,A,F,B,1.0,draw
698,equalize,1,A,G,G,E,E,G,C,H,D,I,G,F,I,J,D,G,J,D,E,J,1.0,draw
698,equalize,2,B,H,H,F,I,E,F,C,J,D,H,A,F,B,C,I,A,F,B,H,1.0,draw
698,turntaking,3,C,I,C,G,B,H,D,I,G,F,I,J,D,G,J,D,E,J,G,C,1.0,draw
698,turntaking,4,D,J,I,H,F,I,J,F,H,A,D,B,C,I,A,F,B,H,D,E,1.0,draw
698,equalize,5,E,A,D,A,D,A,G,A,C,J,C,G,A,F,E,H,G,C,I,A,1.0,draw
698,turntaking,6,F,B,J,C,J,B,E,B,E,B,E,H,E,H,B,C,I,A,F,B,1.0,draw
699,equalize,1,A,G,G,E,E,G,C,H,D,I,G,F,I,J,D,G,J,D,E,J,1.0,draw
699,equalize,2,B,H,H,F,I,E,F,C,J,D,H,A,F,B,C,I,A,F,B,H,1.0,draw
699,equalize,3,C,I,C,G,B,H,D,I,G,F,I,J,D,G,J,D,E,J,G,C,1.0,draw
699,turntaking,4,D,J,I,H,F,I,J,F,H,A,D,B,C,I,A,F,B,H,D,E,1.0,draw
699,turntaking,5,E,A,D,A,D,A,G,A,C,J,C,G,A,F,E,H,G,C,I,A,1.0,draw
699,turntaking,6,F,B,J,C,J,B,E,B,E,B,E,H,E,H,B,C,I,A,F,B,1.0,draw
700,turntaking,1,A,G,G,E,E,G,C,H,D,I,G,F,I,J,D,G,J,D,E,J,1.0,draw
700,turntaking,2,B,H,H,F,I,E,F,C,J,D,H,A,F,B,C,I,A,F,B,H,1.0,draw
700,turntaking,3,C,I,C,G,B,H,D,I,G,F,I,J,D,G,J,D,E,J,G,C,1.0,draw
700,equalize,4,D,J,I,H,F,I,J,F,H,A,D,B,C,I,A,F,B,H,D,E,1.0,draw
700,equalize,5,E,A,D,A,D,A,G,A,C,J,C,G,A,F,E,H,G,C,I,A,1.0,draw
700,equalize,6,F,B,J,C,J,B,E,B,E,B,E,H,E,H,B,C,I,A,F,B,1.0,draw
701,turntaking,1,A,G,G,E,E,G,C,H,D,I,G,F,I,J,D,G,J,D,E,J,1.0,draw
701,turntaking,2,B,H,H,F,I,E,F,C,J,D,H,A,F,B,C,I,A,F,B,H,1.0,draw
701,turntaking,3,C,I,C,G,B,H,D,I,G,F,I,J,D,G,J,D,E,J,G,C,1.0,draw
701,turntaking,4,D,J,I,H,F,I,J,F,H,A,D,B,C,I,A,F,B,H,D,E,1.0,draw
701,turntaking,5,E,A,D,A,D,A,G,A,C,J,C,G,A,F,E,H,G,C,I,A,1.0,draw
701,turntaking,6,F,B,J,C,J,B,E,B,E,B,E,H,E,H,B,C,I,A,F,B,1.0,draw
702,turntaking,1,A,G,G,E,E,G,C,H,D,I,G,F,I,J,D,G,J,D,E,J,1.0,draw
702,turntaking,2,B,H,H,F,I,E,F,C,J,D,H,A,F,B,C,I,A,F,B,H,1.0,draw
702,turntaking,3,C,I,C,G,B,H,D,I,G,F,I,J,D,G,J,D,E,J,G,C,1.0,draw
702,turntaking,4,D,J,I,H,F,I,J,F,H,A,D,B,C,I,A,F,B,H,D,E,1.0,draw
702,turntaking,5,E,A,D,A,D,A,G,A,C,J,C,G,A,F,E,H,G,C,I,A,1.0,draw
702,turntaking,6,F,B,J,C,J,B,E,B,E,B,E,H,E,H,B,C,I,A,F,B,1.0,draw
703,turntaking,1,A,G,G,E,E,G,C,H,D,I,G,F,I,J,D,G,J,D,E,J,1.0,draw
703,turntaking,2,B,H,H,F,I,E,F,C,J,D,H,A,F,B,C,I,A,F,B,H,1.0,draw
703,turntaking,3,C,I,C,G,B,H,D,I,G,F,I,J,D,G,J,D,E,J,G,C,1.0,draw
703,turntaking,4,D,J,I,H,F,I,J,F,H,A,D,B,C,I,A,F,B,H,D,E,1.0,draw
703,turntaking,5,E,A,D,A,D,A,G,A,C,J,C,G,A,F,E,H,G,C,I,A,1.0,draw
703,turntaking,6,F,B,J,C,J,B,E,B,E,B,E,H,E,H,B,C,I,A,F,B,1.0,draw
704,turntaking,1,A,G,G,E,E,G,C,H,D,I,G,F,I,J,D,G,J,D,E,J,1.0,draw
704,turntaking,2,B,H,H,F,I,E,F,C,J,D,H,A,F,B,C,I,A,F,B,H,1.0,draw
704,turntaking,3,C,I,C,G,B,H,D,I,G,F,I,J,D,G,J,D,E,J,G,C,1.0,draw
704,turntaking,4,D,J,I,H,F,I,J,F,H,A,D,B,C,I,A,F,B,H,D,E,1.0,draw
704,turntaking,5,E,A,D,A,D,A,G,A,C,J,C,G,A,F,E,H,G,C,I,A,1.0,draw
704,turntaking,6,F,B,J,C,J,B,E,B,E,B,E,H,E,H,B,C,I,A,F,B,1.0,draw
705,turntaking,1,A,G,G,E,E,G,C,H,D,I,G,F,I,J,D,G,J,D,E,J,1.0,draw
705,turntaking,2,B,H,H,F,I,E,F,C,J,D,H,A,F,B,C,I,A,F,B,H,1.0,draw
705,turntaking,3,C,I,C,G,B,H,D,I,G,F,I,J,D,G,J,D,E,J,G,C,1.0,draw
705,turntaking,4,D,J,I,H,F,I,J,F,H,A,D,B,C,I,A,F,B,H,D,E,1.0,draw
705,turntaking,5,E,A,D,A,D,A,G,A,C,J,C,G,A,F,E,H,G,C,I,A,1.0,draw
705,turntaking,6,F,B,J,C,J,B,E,B,E,B,E,H,E,H,B,C,I,A,F,B,1.0,draw
706,turntaking,1,A,G,G,E,E,G,C,H,D,I,G,F,I,J,D,G,J,D,E,J,1.0,draw
706,turntaking,2,B,H,H,F,I,E,F,C,J,D,H,A,F,B,C,I,A,F,B,H,1.0,draw
706,turntaking,3,C,I,C,G,B,H,D,I,G,F,I,J,D,G,J,D,E,J,G,C,1.0,draw
706,turntaking,4,D,J,I,H,F,I,J,F,H,A,D,B,C,I,A,F,B,H,D,E,1.0,draw
706,turntaking,5,E,A,D,A,D,A,G,A,C,J,C,G,A,F,E,H,G,C,I,A,1.0,draw
706,turntaking,6,F,B,J,C,J,B,E,B,E,B,E,H,E,H,B,C,I,A,F,B,1.0,draw
707,turntaking,1,A,G,G,E,E,G,C,H,D,I,G,F,I,J,D,G,J,D,E,J,1.0,draw
707,turntaking,2,B,H,H,F,I,E,F,C,J,D,H,A,F,B,C,I,A,F,B,H,1.0,draw
707,turntaking,3,C,I,C,G,B,H,D,I,G,F,I,J,D,G,J,D,E,J,G,C,1.0,draw
707,turntaking,4,D,J,I,H,F,I,J,F,H,A,D,B,C,I,A,F,B,H,D,E,1.0,draw
707,turntaking,5,E,A,D,A,D,A,G,A,C,J,C,G,A,F,E,H,G,C,I,A,1.0,draw
707,turntaking,6,F,B,J,C,J,B,E,B,E,B,E,H,E,H,B,C,I,A,F,B,1.0,draw
708,turntaking,1,A,G,G,E,E,G,C,H,D,I,G,F,I,J,D,G,J,D,E,J,1.0,draw
708,turntaking,2,B,H,H,F,I,E,F,C,J,D,H,A,F,B,C,I,A,F,B,H,1.0,draw
708,turntaking,3,C,I,C,G,B,H,D,I,G,F,I,J,D,G,J,D,E,J,G,C,1.0,draw
708,turntaking,4,D,J,I,H,F,I,J,F,H,A,D,B,C,I,A,F,B,H,D,E,1.0,draw
708,turntaking,5,E,A,D,A,D,A,G,A,C,J,C,G,A,F,E,H,G,C,I,A,1.0,draw
708,turntaking,6,F,B,J,C,J,B,E,B,E,B,E,H,E,H,B,C,I,A,F,B,1.0,draw
709,turntaking,1,A,G,G,E,E,G,C,H,D,I,G,F,I,J,D,G,J,D,E,J,1.0,draw
709,turntaking,2,B,H,H,F,I,E,F,C,J,D,H,A,F,B,C,I,A,F,B,H,1.0,draw
709,turntaking,3,C,I,C,G,B,H,D,I,G,F,I,J,D,G,J,D,E,J,G,C,1.0,draw
709,turntaking,4,D,J,I,H,F,I,J,F,H,A,D,B,C,I,A,F,B,H,D,E,1.0,draw
709,turntaking,5,E,A,D,A,D,A,G,A,C,J,C,G,A,F,E,H,G,C,I,A,1.0,draw
709,turntaking,6,F,B,J,C,J,B,E,B,E,B,E,H,E,H,B,C,I,A,F,B,1.0,draw
710,turntaking,1,A,G,G,E,E,G,C,H,D,I,G,F,I,J,D,G,J,D,E,J,1.0,draw
710,turntaking,2,B,H,H,F,I,E,F,C,J,D,H,A,F,B,C,I,A,F,B,H,1.0,draw
710,turntaking,3,C,I,C,G,B,H,D,I,G,F,I,J,D,G,J,D,E,J,G,C,1.0,draw
710,turntaking,4,D,J,I,H,F,I,J,F,H,A,D,B,C,I,A,F,B,H,D,E,1.0,draw
710,turntaking,5,E,A,D,A,D,A,G,A,C,J,C,G,A,F,E,H,G,C,I,A,1.0,draw
710,turntaking,6,F,B,J,C,J,B,E,B,E,B,E,H,E,H,B,C,I,A,F,B,1.0,draw
711,turntaking,1,A,G,G,E,E,G,C,H,D,I,G,F,I,J,D,G,J,D,E,J,1.0,draw
711,turntaking,2,B,H,H,F,I,E,F,C,J,D,H,A,F,B,C,I,A,F,B,H,1.0,draw
711,turntaking,3,C,I,C,G,B,H,D,I,G,F,I,J,D,G,J,D,E,J,G,C,1.0,draw
711,turntaking,4,D,J,I,H,F,I,J,F,H,A,D,B,C,I,A,F,B,H,D,E,1.0,draw
711,turntaking,5,E,A,D,A,D,A,G,A,C,J,C,G,A,F,E,H,G,C,I,A,1.0,draw
711,turntaking,6,F,B,J,C,J,B,E,B,E,B,E,H,E,H,B,C,I,A,F,B,1.0,draw
712,turntaking,1,A,G,G,E,E,G,C,H,D,I,G,F,I,J,D,G,J,D,E,J,1.0,draw
712,turntaking,2,B,H,H,F,I,E,F,C,J,D,H,A,F,B,C,I,A,F,B,H,1.0,draw
712,turntaking,3,C,I,C,G,B,H,D,I,G,F,I,J,D,G,J,D,E,J,G,C,1.0,draw
712,turntaking,4,D,J,I,H,F,I,J,F,H,A,D,B,C,I,A,F,B,H,D,E,1.0,draw
712,turntaking,5,E,A,D,A,D,A,G,A,C,J,C,G,A,F,E,H,G,C,I,A,1.0,draw
712,turntaking,6,F,B,J,C,J,B,E,B,E,B,E,H,E,H,B,C,I,A,F,B,1.0,draw
713,turntaking,1,A,G,G,E,E,G,C,H,D,I,G,F,I,J,D,G,J,D,E,J,1.0,draw
713,turntaking,2,B,H,H,F,I,E,F,C,J,D,H,A,F,B,C,I,A,F,B,H,1.0,draw
713,turntaking,3,C,I,C,G,B,H,D,I,G,F,I,J,D,G,J,D,E,J,G,C,1.0,draw
713,turntaking,4,D,J,I,H,F,I,J,F,H,A,D,B,C,I,A,F,B,H,D,E,1.0,draw
713,turntaking,5,E,A,D,A,D,A,G,A,C,J,C,G,A,F,E,H,G,C,I,A,1.0,draw
713,turntaking,6,F,B,J,C,J,B,E,B,E,B,E,H,E,H,B,C,I,A,F,B,1.0,draw
714,turntaking,1,A,G,G,E,E,G,C,H,D,I,G,F,I,J,D,G,J,D,E,J,1.0,draw
714,turntaking,2,B,H,H,F,I,E,F,C,J,D,H,A,F,B,C,I,A,F,B,H,1.0,draw
714,turntaking,3,C,I,C,G,B,H,D,I,G,F,I,J,D,G,J,D,E,J,G,C,1.0,draw
714,turntaking,4,D,J,I,H,F,I,J,F,H,A,D,B,C,I,A,F,B,H,D,E,1.0,draw
714,turntaking,5,E,A,D,A,D,A,G,A,C,J,C,G,A,F,E,H,G,C,I,A,1.0,draw
714,turntaking,6,F,B,J,C,J,B,E,B,E,B,E,H,E,H,B,C,I,A,F,B,1.0,draw
715,turntaking,1,A,G,G,E,E,G,C,H,D,I,G,F,I,J,D,G,J,D,E,J,1.0,draw
715,turntaking,2,B,H,H,F,I,E,F,C,J,D,H,A,F,B,C,I,A,F,B,H,1.0,draw
715,turntaking,3,C,I,C,G,B,H,D,I,G,F,I,J,D,G,J,D,E,J,G,C,1.0,draw
715,turntaking,4,D,J,I,H,F,I,J,F,H,A,D,B,C,I,A,F,B,H,D,E,1.0,draw
715,turntaking,5,E,A,D,A,D,A,G,A,C,J,C,G,A,F,E,H,G,C,I,A,1.0,draw
715,turntaking,6,F,B,J,C,J,B,E,B,E,B,E,H,E,H,B,C,I,A,F,B,1.0,draw
716,turntaking,1,A,G,G,E,E,G,C,H,D,I,G,F,I,J,D,G,J,D,E,J,1.0,draw
716,turntaking,2,B,H,H,F,I,E,F,C,J,D,H,A,F,B,C,I,A,F,B,H,1.0,draw
716,turntaking,3,C,I,C,G,B,H,D,I,G,F,I,J,D,G,J,D,E,J,G,C,1.0,draw
716,turntaking,4,D,J,I,H,F,I,J,F,H,A,D,B,C,I,A,F,B,H,D,E,1.0,draw
716,turntaking,5,E,A,D,A,D,A,G,A,C,J,C,G,A,F,E,H,G,C,I,A,1.0,draw
716,turntaking,6,F,B,J,C,J,B,E,B,E,B,E,H,E,H,B,C,I,A,F,B,1.0,draw
717,turntaking,1,A,G,G,E,E,G,C,H,D,I,G,F,I,J,D,G,J,D,E,J,1.0,draw
717,turntaking,2,B,H,H,F,I,E,F,C,J,D,H,A,F,B,C,I,A,F,B,H,1.0,draw
717,turntaking,3,C,I,C,G,B,H,D,I,G,F,I,J,D,G,J,D,E,J,G,C,1.0,draw
717,turntaking,4,D,J,I,H,F,I,J,F,H,A,D,B,C,I,A,F,B,H,D,E,1.0,draw
717,turntaking,5,E,A,D,A,D,A,G,A,C,J,C,G,A,F,E,H,G,C,I,A,1.0,draw
717,turntaking,6,F,B,J,C,J,B,E,B,E,B,E,H,E,H,B,C,I,A,F,B,1.0,draw
718,turntaking,1,A,G,G,E,E,G,C,H,D,I,G,F,I,J,D,G,J,D,E,J,1.0,draw
718,turntaking,2,B,H,H,F,I,E,F,C,J,D,H,A,F,B,C,I,A,F,B,H,1.0,draw
718,turntaking,3,C,I,C,G,B,H,D,I,G,F,I,J,D,G,J,D,E,J,G,C,1.0,draw
718,turntaking,4,D,J,I,H,F,I,J,F,H,A,D,B,C,I,A,F,B,H,D,E,1.0,draw
718,turntaking,5,E,A,D,A,D,A,G,A,C,J,C,G,A,F,E,H,G,C,I,A,1.0,draw
718,turntaking,6,F,B,J,C,J,B,E,B,E,B,E,H,E,H,B,C,I,A,F,B,1.0,draw
719,turntaking,1,A,G,G,E,E,G,C,H,D,I,G,F,I,J,D,G,J,D,E,J,1.0,draw
719,turntaking,2,B,H,H,F,I,E,F,C,J,D,H,A,F,B,C,I,A,F,B,H,1.0,draw
719,turntaking,3,C,I,C,G,B,H,D,I,G,F,I,J,D,G,J,D,E,J,G,C,1.0,draw
719,turntaking,4,D,J,I,H,F,I,J,F,H,A,D,B,C,I,A,F,B,H,D,E,1.0,draw
719,turntaking,5,E,A,D,A,D,A,G,A,C,J,C,G,A,F,E,H,G,C,I,A,1.0,draw
719,turntaking,6,F,B,J,C,J,B,E,B,E,B,E,H,E,H,B,C,I,A,F,B,1.0,draw
720,turntaking,1,A,G,G,E,E,G,C,H,D,I,G,F,I,J,D,G,J,D,E,J,1.0,draw
720,turntaking,2,B,H,H,F,I,E,F,C,J,D,H,A,F,B,C,I,A,F,B,H,1.0,draw
720,turntaking,3,C,I,C,G,B,H,D,I,G,F,I,J,D,G,J,D,E,J,G,C,1.0,draw
720,turntaking,4,D,J,I,H,F,I,J,F,H,A,D,B,C,I,A,F,B,H,D,E,1.0,draw
720,turntaking,5,E,A,D,A,D,A,G,A,C,J,C,G,A,F,E,H,G,C,I,A,1.0,draw
720,turntaking,6,F,B,J,C,J,B,E,B,E,B,E,H,E,H,B,C,I,A,F,B,1.0,draw
721,random,1,skip,E,E,I,skip,B,B,G,J,G,G,A,G,D,F,D,J,H,E,H,0.5,draw
721,random,2,C,A,J,J,C,F,G,J,G,F,J,G,B,D,H,J,B,H,skip,D,0.65,draw
721,random,3,C,F,D,skip,H,F,I,C,C,H,H,J,H,G,D,G,G,I,F,J,0.7,draw
721,random,4,F,D,A,B,I,J,skip,A,E,C,H,skip,F,G,F,F,F,J,I,F,0.65,draw
721,random,5,B,skip,F,I,D,F,B,H,A,J,I,C,C,C,C,D,skip,G,E,E,0.55,draw
721,random,6,C,A,I,J,D,E,I,A,A,B,H,D,G,J,G,I,I,J,G,C,0.5,draw
722,random,1,B,G,skip,F,H,C,E,D,J,F,H,B,F,D,J,I,D,skip,B,skip,0.6,draw
722,random,2,B,skip,A,skip,B,C,B,A,D,G,J,E,F,G,A,F,F,J,A,F,0.5,draw
722,random,3,H,J,F,A,C,D,A,E,H,C,I,C,G,A,D,B,A,D,G,B,0.6,draw
722,random,4,D,skip,F,B,J,G,G,C,G,C,D,I,H,A,H,E,A,J,A,A,0.5,draw
722,random,5,A,F,F,B,J,F,F,E,H,E,C,B,G,skip,C,D,C,J,skip,H,0.5,draw
722,random,6,F,H,A,A,H,A,D,C,C,B,B,skip,B,E,A,skip,skip,G,skip,F,0.5,draw
723,random,1,F,H,E,H,J,J,B,J,A,skip,H,H,skip,F,C,B,A,E,skip,E,0.6,draw
723,random,2,H,A,H,C,A,D,B,J,C,A,J,G,A,I,D,J,E,C,A,E,0.5,draw
723,random,3,G,D,E,skip,I,E,A,E,J,D,I,G,B,F,F,J,F,C,E,F,0.6,draw
723,random,4,J,J,B,G,H,I,B,F,G,H,D,B,E,I,H,I,B,B,C,G,0.7,draw
723,random,5,E,F,H,D,A,A,I,C,H,J,I,F,E,F,A,F,C,F,C,B,0.6,draw
723,random,6,B,E,D,skip,C,B,C,C,G,C,C,B,A,skip,F,F,H,C,skip,skip,0.45,draw
724,random,1,C,skip,skip,G,skip,E,D,skip,C,G,C,H,C,A,A,I,A,J,A,B,0.5,draw
724,random,2,B,J,A,skip,G,A,D,E,J,skip,H,D,B,B,B,F,C,J,H,B,0.45,draw
724,random,3,E,I,B,I,D,G,I,G,H,B,I,G,skip,F,E,E,C,D,G,G,0.65,draw
724,random,4,C,C,D,J,D,D,I,J,H,F,F,F,skip,D,H,F,F,B,H,E,0.45,draw
724,random,5,H,B,skip,H,skip,J,E,I,J,A,H,H,E,D,D,I,H,F,E,H,0.6,draw
724,random,6,B,A,F,C,A,B,H,J,F,B,I,F,E,skip,I,D,I,B,skip,A,0.55,draw
725,random,1,C,C,E,I,A,skip,A,F,skip,J,G,F,G,skip,B,J,B,D,J,F,0.55,draw
725,random,2,I,G,I,F,D,J,B,E,I,E,I,skip,I,B,J,D,H,G,D,B,0.5,draw
725,random,3,E,E,B,C,J,J,I,H,skip,J,I,skip,G,I,G,C,D,F,skip,B,0.6,draw
725,random,4,G,I,I,A,B,G,C,C,H,B,G,G,F,J,I,H,skip,D,E,J,0.5,draw
725,random,5,skip,I,skip,J,G,D,F,C,I,E,A,E,E,B,F,H,F,G,E,D,0.5,draw
725,random,6,J,C,G,A,B,F,A,skip,I,A,D,D,H,skip,C,I,A,E,D,B,0.55,draw
726,random,1,F,skip,skip,skip,A,D,D,I,D,G,A,F,G,skip,G,A,C,skip,G,G,0.5,draw
726,random,2,I,A,D,C,G,skip,F,J,A,H,F,J,H,B,skip,E,C,skip,C,skip,0.35,draw
726,random,3,A,skip,I,C,C,H,F,J,B,E,B,C,I,J,E,B,B,skip,skip,I,0.45,draw
726,random,4,C,F,D,F,A,H,E,skip,B,G,F,F,E,B,D,J,C,I,E,J,0.5,draw
726,random,5,E,G,C,H,skip,skip,B,E,F,D,B,A,I,G,E,I,D,F,D,D,0.65,draw
726,random,6,G,skip,J,E,G,I,A,A,E,B,I,A,F,G,F,E,F,C,F,G,0.7,draw
727,random,1,A,J,H,I,H,G,D,A,I,B,skip,A,A,C,C,G,A,C,D,C,0.7,draw
727,random,2,D,F,E,A,F,G,J,G,J,J,J,B,I,A,I,E,I,skip,skip,F,0.45,draw
727,random,3,J,F,C,I,G,J,E,J,B,J,J,E,H,E,J,J,C,B,F,H,0.65,draw
727,random,4,F,B,H,D,J,F,E,D,G,H,F,D,skip,A,I,D,B,H,skip,A,0.5,draw
727,random,5,I,C,G,A,H,skip,H,E,G,E,D,I,D,F,E,E,F,D,F,J,0.7,draw
727,random,6,F,E,I,B,F,E,skip,B,skip,G,J,G,G,E,C,D,B,A,E,E,0.55,draw
728,random,1,skip,D,E,H,E,B,G,J,J,E,A,I,skip,A,H,J,I,skip,A,F,0.45,draw
728,random,2,skip,skip,G,G,skip,I,J,G,E,G,J,B,J,D,skip,J,D,H,A,H,0.55,draw
728,random,3,J,D,G,E,J,B,H,J,H,J,E,E,H,C,H,A,B,H,C,skip,0.25,draw
728,random,4,D,F,F,I,H,H,H,F,J,D,I,H,A,E,F,D,B,A,D,D,0.7,draw
728,random,5,C,G,B,C,F,H,F,I,H,C,C,J,C,C,C,G,C,J,A,B,0.75,draw
728,random,6,J,E,H,E,J,skip,skip,I,I,A,E,G,J,E,B,J,G,D,D,F,0.4,draw
729,random,1,C,F,D,H,E,H,A,skip,G,G,E,H,skip,D,E,C,G,D,E,C,0.55,draw
729,random,2,F,J,I,F,C,I,B,C,A,H,A,J,I,F,A,G,C,I,J,C,0.65,draw
729,random,3,D,H,G,H,skip,skip,J,D,H,E,B,D,I,B,H,I,I,skip,J,B,0.65,draw
729,random,4,H,G,B,G,F,I,D,F,G,H,skip,I,F,skip,A,J,D,B,B,E,0.55,draw
729,random,5,I,skip,D,B,B,A,skip,F,B,I,E,B,I,F,E,D,G,B,A,E,0.35,draw
729,random,6,B,E,G,D,A,B,I,skip,D,D,J,B,skip,I,E,B,H,J,A,E,0.65,draw
730,random,1,C,E,I,C,I,H,D,skip,I,B,F,D,J,C,I,C,skip,H,A,H,0.65,draw
730,random,2,B,skip,E,C,A,J,J,C,G,skip,A,A,skip,B,D,A,B,J,H,D,0.5,draw
730,random,3,G,I,A,H,G,skip,I,F,H,D,I,E,skip,C,I,E,F,skip,H,C,0.55,draw
730,random,4,skip,B,skip,E,D,J,F,skip,J,G,A,H,I,G,G,C,J,D,F,B,0.35,draw
730,random,5,E,J,C,E,B,B,H,I,H,J,A,A,B,F,G,F,J,G,F,C,0.5,draw
730,random,6,B,E,J,J,G,C,B,A,J,J,B,H,D,G,E,F,A,J,G,C,0.5,draw
731,random,1,E,J,I,I,A,I,D,skip,C,G,E,A,J,B,C,G,J,skip,I,F,0.6,draw
731,random,2,skip,B,G,F,G,B,D,C,G,F,F,F,A,C,J,C,D,B,A,E,0.55,draw
731,random,3,H,A,F,H,D,G,H,C,D,E,A,H,J,I,F,I,B,D,D,I,0.55,draw
731,random,4,A,B,H,I,H,E,B,D,D,G,B,I,D,skip,D,skip,B,H,J,skip,0.55,draw
731,random,5,E,A,F,skip,skip,A,D,J,skip,H,skip,G,A,F,A,J,C,B,J,E,0.4,draw
731,random,6,D,C,G,B,I,F,H,B,I,E,G,D,I,G,H,D,D,A,I,I,0.7,draw
732,random,1,D,J,B,F,skip,A,skip,F,J,F,E,B,H,E,B,G,E,C,B,E,0.65,draw
732,random,2,I,A,I,H,H,skip,H,skip,E,I,C,G,C,I,D,H,A,D,J,H,0.65,draw
732,random,3,B,skip,G,skip,A,skip,G,G,F,B,G,B,J,C,F,skip,J,B,A,E,0.45,draw
732,random,4,H,B,skip,skip,A,skip,skip,B,G,A,F,H,J,J,C,C,E,D,F,D,0.4,draw
732,random,5,E,B,G,I,skip,G,I,G,B,H,A,G,I,B,J,skip,I,C,D,E,0.6,draw
732,random,6,C,I,H,F,J,B,G,B,G,I,C,skip,E,D,H,C,A,E,C,F,0.55,draw
733,random,1,skip,E,I,I,skip,H,skip,J,J,A,skip,I,J,F,E,A,B,D,I,A,0.7,draw
733,random,2,C,F,E,D,I,J,D,I,skip,H,H,J,C,J,B,C,C,G,I,C,0.8,draw
733,random,3,H,D,skip,E,E,skip,J,H,skip,I,J,B,E,skip,F,F,skip,H,C,H,0.5,draw
733,random,4,I,A,B,A,F,G,C,B,G,I,G,skip,G,I,H,I,J,A,H,G,0.55,draw
733,random,5,I,F,G,J,H,G,E,H,F,J,C,E,H,C,D,A,G,C,H,E,0.7,draw
733,random,6,skip,A,E,A,F,C,B,D,skip,D,G,B,E,H,F,J,F,I,H,skip,0.4,draw
734,random,1,skip,J,D,I,C,H,skip,D,G,skip,C,A,E,C,I,D,J,A,C,skip,0.6,draw
734,random,2,E,F,skip,H,D,E,E,F,G,G,J,C,E,skip,F,H,I,C,G,D,0.55,draw
734,random,3,I,skip,B,I,B,J,D,H,E,B,F,B,A,J,F,A,C,C,B,A,0.4,draw
734,random,4,J,D,B,F,B,F,G,H,A,D,H,A,H,J,A,skip,D,F,H,H,0.6,draw
734,random,5,B,B,G,B,F,J,D,J,G,E,A,B,H,B,D,C,skip,F,G,C,0.5,draw
734,random,6,B,H,F,H,I,skip,D,skip,B,G,B,H,J,B,skip,G,C,C,F,F,0.5,draw
735,random,1,B,A,D,H,skip,E,F,B,F,C,H,G,J,C,skip,A,E,C,D,F,0.65,draw
735,random,2,B,C,A,skip,H,J,H,C,A,H,skip,A,G,A,B,G,J,H,H,C,0.5,draw
735,random,3,H,C,C,skip,A,C,skip,G,D,H,J,H,G,I,H,skip,E,C,G,F,0.4,draw
735,random,4,B,H,J,B,I,C,I,A,H,G,skip,A,I,D,D,F,E,F,A,A,0.75,draw
735,random,5,G,G,C,H,E,skip,C,G,I,J,skip,I,B,H,G,G,J,E,J,D,0.6,draw
735,random,6,B,D,B,F,E,skip,A,D,skip,F,skip,B,A,B,F,C,F,H,I,B,0.7,draw
736,random,1,F,I,J,A,A,J,E,C,J,skip,G,C,skip,skip,J,I,skip,I,H,J,0.5,draw
736,random,2,E,E,E,H,skip,skip,I,E,D,skip,skip,D,skip,J,I,C,J,F,B,E,0.55,draw
736,random,3,F,H,I,I,F,D,J,skip,F,C,C,D,G,H,F,F,skip,E,A,I,0.6,draw
736,random,4,A,J,B,C,D,A,E,G,F,B,C,I,F,G,F,B,E,D,J,J,0.7,draw
736,random,5,skip,G,F,H,skip,E,D,B,J,skip,B,H,I,J,B,J,D,I,A,A,0.55,draw
736,random,6,J,skip,G,skip,I,I,A,H,G,D,B,D,F,F,skip,I,skip,C,I,E,0.55,draw
737,random,1,skip,A,G,I,C,J,H,A,J,E,E,B,J,D,A,C,H,F,G,skip,0.6,draw
737,random,2,C,C,B,I,G,F,E,F,F,I,C,J,I,H,F,D,H,H,E,D,0.65,draw
737,random,3,E,I,F,B,E,skip,skip,H,E,B,A,F,I,A,skip,I,E,E,G,I,0.6,draw
737,random,4,H,skip,skip,skip,D,G,I,B,I,D,J,B,H,B,skip,C,H,I,I,H,0.5,draw
737,random,5,B,H,E,I,E,F,C,D,F,D,J,I,E,C,J,skip,I,I,J,J,0.6,draw
737,random,6,G,F,I,B,F,E,E,A,G,C,G,J,F,skip,B,I,skip,I,F,skip,0.55,draw
738,random,1,A,B,E,F,D,D,G,H,G,E,G,G,H,A,D,I,H,E,B,J,0.55,draw
738,random,2,I,C,C,F,A,B,E,A,J,C,G,H,G,D,skip,skip,A,E,D,J,0.55,draw
738,random,3,F,G,J,A,H,E,F,J,F,J,C,D,G,C,E,B,C,B,F,J,0.65,draw
738,random,4,J,A,A,A,J,J,G,G,I,I,F,skip,H,C,E,skip,G,A,C,skip,0.45,draw
738,random,5,J,D,C,F,J,G,F,H,B,H,E,J,B,C,F,G,A,H,G,D,0.45,draw
738,random,6,B,B,C,B,D,J,B,I,B,G,A,E,B,B,F,H,C,G,E,C,0.6,draw
739,random,1,G,A,skip,F,D,E,B,D,F,E,C,E,F,A,J,I,F,C,I,B,0.65,draw
739,random,2,C,D,I,H,skip,B,D,E,B,I,C,skip,D,D,skip,D,A,G,F,I,0.65,draw
739,random,3,J,F,C,I,I,H,A,J,G,G,H,J,A,B,F,B,H,D,H,I,0.65,draw
739,random,4,J,H,skip,D,J,A,D,F,F,H,F,E,A,B,I,H,J,D,A,E,0.4,draw
739,random,5,G,H,I,J,J,E,A,C,I,H,B,G,C,E,F,A,G,D,G,J,0.55,draw
739,random,6,I,H,D,A,B,I,F,D,E,J,G,D,G,B,D,H,skip,J,D,G,0.75,draw
740,random,1,A,D,G,B,B,D,G,F,skip,A,skip,G,skip,skip,F,A,C,G,I,H,0.55,draw
740,random,2,I,F,skip,B,A,E,E,H,G,I,G,C,J,B,F,I,A,B,F,J,0.5,draw
740,random,3,F,F,H,C,D,B,I,H,D,G,I,D,F,B,F,G,A,A,C,skip,0.55,draw
740,random,4,C,H,J,A,G,skip,A,E,F,H,A,E,skip,B,F,C,skip,G,B,skip,0.5,draw
740,random,5,H,I,D,skip,H,B,B,B,G,A,E,C,F,skip,G,D,G,A,E,E,0.5,draw
740,random,6,H,H,B,J,C,F,A,C,G,F,C,C,J,I,H,A,G,G,B,I,0.5,draw
741,rotate,1,A,B,C,D,E,F,A,B,C,D,E,F,A,B,C,D,E,F,A,B,0.75,rotate
741,random,2,C,D,F,A,H,skip,J,skip,C,D,skip,B,D,skip,E,I,G,C,G,B,0.4,rotate
741,rotate,3,C,D,E,F,A,B,C,D,E,F,A,B,C,D,E,F,A,B,C,D,0.55,rotate
741,random,4,H,H,H,I,G,G,J,C,H,G,D,F,C,E,E,D,D,I,C,A,0.5,rotate
741,random,5,skip,I,H,J,I,I,skip,D,F,J,A,I,C,C,B,H,A,H,C,A,0.5,rotate
741,rotate,6,F,A,B,C,D,E,F,A,B,C,D,E,F,A,B,C,D,E,F,A,0.8,rotate
742,rotate,1,A,B,C,D,E,F,A,B,C,D,E,F,A,B,C,D,E,F,A,B,0.85,rotate
742,random,2,C,C,J,B,D,A,I,A,I,G,F,H,D,I,B,F,skip,H,G,E,0.7,rotate
742,rotate,3,C,D,E,F,A,B,C,D,E,F,A,B,C,D,E,F,A,B,C,D,0.8,rotate
742,rotate,4,D,E,F,A,B,C,D,E,F,A,B,C,D,E,F,A,B,C,D,E,0.9,rotate
742,random,5,A,H,I,I,skip,I,skip,D,D,B,D,D,J,F,H,skip,H,G,C,skip,0.6,rotate
742,random,6,I,skip,skip,B,I,E,B,G,H,skip,D,G,B,B,A,E,I,I,A,J,0.65,rotate
743,random,1,skip,skip,C,G,B,I,H,skip,J,skip,A,A,C,G,E,G,I,I,skip,F,0.35,rotate
743,rotate,2,B,C,D,E,F,A,B,C,D,E,F,A,B,C,D,E,F,A,B,C,0.7,rotate
743,rotate,3,C,D,E,F,A,B,C,D,E,F,A,B,C,D,E,F,A,B,C,D,0.7,rotate
743,rotate,4,D,E,F,A,B,C,D,E,F,A,B,C,D,E,F,A,B,C,D,E,0.9,rotate
743,random,5,D,C,skip,F,B,A,I,C,E,I,G,B,skip,I,B,J,I,H,skip,G,0.4,rotate
743,random,6,A,F,G,G,I,A,G,skip,E,G,F,J,B,skip,C,C,C,I,A,A,0.6,rotate
744,random,1,F,C,J,H,skip,I,A,H,J,D,F,C,B,A,G,F,J,B,F,B,0.55,rotate
744,random,2,B,A,E,H,J,I,H,E,J,skip,B,D,J,H,D,D,H,B,B,C,0.55,rotate
744,rotate,3,C,D,E,F,A,B,C,D,E,F,A,B,C,D,E,F,A,B,C,D,0.7,rotate
744,rotate,4,D,E,F,A,B,C,D,E,F,A,B,C,D,E,F,A,B,C,D,E,0.8,rotate
744,rotate,5,E,F,A,B,C,D,E,F,A,B,C,D,E,F,A,B,C,D,E,F,0.8,rotate
744,random,6,E,D,H,E,A,H,A,F,B,F,J,J,skip,J,F,G,E,D,G,B,0.5,rotate
745,rotate,1,A,B,C,D,E,F,A,B,C,D,E,F,A,B,C,D,E,F,A,B,0.65,rotate
745,rotate,2,B,C,D,E,F,A,B,C,D,E,F,A,B,C,D,E,F,A,B,C,0.85,rotate
745,random,3,skip,A,F,G,skip,D,H,E,G,B,I,H,I,C,E,F,G,G,A,skip,0.65,rotate
745,random,4,F,H,C,F,skip,F,I,skip,skip,E,I,B,J,skip,C,G,I,F,J,H,0.35,rotate
745,random,5,A,H,E,A,H,I,E,B,E,J,A,E,E,I,C,A,F,H,I,H,0.65,rotate
745,rotate,6,F,A,B,C,D,E,F,A,B,C,D,E,F,A,B,C,D,E,F,A,0.85,rotate
746,random,1,C,H,A,C,A,D,B,H,H,B,D,I,B,E,E,H,F,I,G,E,0.6,rotate
746,random,2,A,F,skip,J,D,H,C,G,C,skip,G,B,D,F,J,F,I,C,F,A,0.45,rotate
746,rotate,3,C,D,E,F,A,B,C,D,E,F,A,B,C,D,E,F,A,B,C,D,0.7,rotate
746,random,4,D,skip,C,G,G,E,G,E,D,E,F,H,E,I,J,A,G,H,H,G,0.8,rotate
746,rotate,5,E,F,A,B,C,D,E,F,A,B,C,D,E,F,A,B,C,D,E,F,0.7,rotate
746,rotate,6,F,A,B,C,D,E,F,A,B,C,D,E,F,A,B,C,D,E,F,A,0.7,rotate
747,random,1,I,C,I,F,B,J,J,skip,G,C,skip,F,F,E,B,E,A,E,skip,D,0.35,rotate
747,rotate,2,B,C,D,E,F,A,B,C,D,E,F,A,B,C,D,E,F,A,B,C,0.65,rotate
747,random,3,C,skip,B,F,G,I,skip,skip,E,skip,F,C,B,G,D,skip,D,I,C,B,0.35,rotate
747,rotate,4,D,E,F,A,B,C,D,E,F,A,B,C,D,E,F,A,B,C,D,E,0.85,rotate
747,random,5,G,B,skip,skip,D,E,J,C,skip,D,F,H,A,G,H,C,G,E,F,C,0.35,rotate
747,rotate,6,F,A,B,C,D,E,F,A,B,C,D,E,F,A,B,C,D,E,F,A,0.5,rotate
748,rotate,1,A,B,C,D,E,F,A,B,C,D,E,F,A,B,C,D,E,F,A,B,0.9,rotate
748,random,2,I,H,F,H,skip,I,J,F,D,E,I,H,G,I,G,A,E,E,I,G,0.85,rotate
748,rotate,3,C,D,E,F,A,B,C,D,E,F,A,B,C,D,E,F,A,B,C,D,0.9,rotate
748,random,4,D,I,B,C,J,E,H,D,E,C,F,C,H,G,H,B,E,D,D,F,0.6,rotate
748,rotate,5,E,F,A,B,C,D,E,F,A,B,C,D,E,F,A,B,C,D,E,F,0.7,rotate
748,random,6,E,G,C,C,B,skip,G,G,E,H,B,C,E,E,skip,J,E,I,G,I,0.55,rotate
749,rotate,1,A,B,C,D,E,F,A,B,C,D,E,F,A,B,C,D,E,F,A,B,0.75,rotate
749,random,2,D,B,D,skip,D,A,C,F,skip,A,I,J,F,A,A,H,H,I,skip,C,0.5,rotate
749,random,3,skip,H,F,A,skip,C,A,E,C,I,H,B,H,F,G,E,E,H,C,I,0.45,rotate
749,rotate,4,D,E,F,A,B,C,D,E,F,A,B,C,D,E,F,A,B,C,D,E,0.6,rotate
749,random,5,I,A,B,E,H,F,F,C,B,H,H,C,H,A,B,H,A,G,D,G,0.4,rotate
749,rotate,6,F,A,B,C,D,E,F,A,B,C,D,E,F,A,B,C,D,E,F,A,0.6,rotate
750,random,1,A,G,B,G,H,F,A,G,H,skip,H,B,G,B,skip,H,A,H,B,E,0.65,rotate
750,rotate,2,B,C,D,E,F,A,B,C,D,E,F,A,B,C,D,E,F,A,B,C,0.9,rotate
750,rotate,3,C,D,E,F,A,B,C,D,E,F,A,B,C,D,E,F,A,B,C,D,0.7,rotate
750,random,4,F,I,D,B,skip,C,A,B,G,B,I,D,I,D,skip,B,H,E,G,J,0.55,rotate
750,random,5,H,D,J,C,J,skip,E,D,G,C,G,G,I,J,C,C,A,E,C,G,0.45,rotate
750,rotate,6,F,A,B,C,D,E,F,A,B,C,D,E,F,A,B,C,D,E,F,A,0.7,rotate
751,rotate,1,A,B,C,D,E,F,A,B,C,D,E,F,A,B,C,D,E,F,A,B,0.8,rotate
751,rotate,2,B,C,D,E,F,A,B,C,D,E,F,A,B,C,D,E,F,A,B,C,0.7,rotate
751,random,3,H,J,skip,A,H,A,I,J,C,G,skip,A,G,skip,I,B,E,D,C,A,0.55,rotate
751,random,4,A,C,A,I,D,I,J,C,E,C,F,I,B,skip,B,F,skip,J,A,E,0.5,rotate
751,rotate,5,E,F,A,B,C,D,E,F,A,B,C,D,E,F,A,B,C,D,E,F,0.7,rotate
751,random,6,D,skip,E,skip,skip,E,E,I,F,B,F,A,H,A,B,J,D,skip,E,I,0.5,rotate
752,random,1,J,J,A,skip,H,J,J,C,skip,J,C,D,H,C,E,A,E,B,F,I,0.5,rotate
752,random,2,D,H,D,A,J,G,E,F,B,G,D,B,B,H,J,H,A,B,C,A,0.5,rotate
752,random,3,skip,F,D,E,H,A,E,A,F,I,A,F,E,I,J,E,E,G,E,J,0.45,rotate
752,rotate,4,D,E,F,A,B,C,D,E,F,A,B,C,D,E,F,A,B,C,D,E,0.8,rotate
752,rotate,5,E,F,A,B,C,D,E,F,A,B,C,D,E,F,A,B,C,D,E,F,0.6,rotate
752,rotate,6,F,A,B,C,D,E,F,A,B,C,D,E,F,A,B,C,D,E,F,A,0.75,rotate
753,random,1,E,D,D,F,J,B,A,F,H,E,G,J,B,D,B,D,C,I,B,B,0.75,rotate
753,random,2,H,B,B,J,C,C,B,E,I,H,E,H,D,H,G,B,D,B,D,A,0.35,rotate
753,rotate,3,C,D,E,F,A,B,C,D,E,F,A,B,C,D,E,F,A,B,C,D,0.7,rotate
753,rotate,4,D,E,F,A,B,C,D,E,F,A,B,C,D,E,F,A,B,C,D,E,0.8,rotate
753,random,5,I,B,A,J,A,skip,G,C,I,H,E,E,E,C,I,skip,D,D,D,G,0.45,rotate
753,rotate,6,F,A,B,C,D,E,F,A,B,C,D,E,F,A,B,C,D,E,F,A,0.75,rotate
754,rotate,1,A,B,C,D,E,F,A,B,C,D,E,F,A,B,C,D,E,F,A,B,0.7,rotate
754,random,2,E,D,E,E,skip,F,I,I,A,skip,B,J,B,B,skip,H,D,J,G,D,0.55,rotate
754,random,3,A,A,A,A,F,D,D,I,B,G,C,G,C,skip,J,A,A,F,D,I,0.55,rotate
754,random,4,F,I,H,D,J,skip,C,F,I,B,J,H,I,I,I,F,skip,A,A,A,0.6,rotate
754,rotate,5,E,F,A,B,C,D,E,F,A,B,C,D,E,F,A,B,C,D,E,F,0.65,rotate
754,rotate,6,F,A,B,C,D,E,F,A,B,C,D,E,F,A,B,C,D,E,F,A,0.75,rotate
755,random,1,J,E,D,E,F,D,skip,I,H,H,B,skip,skip,H,E,G,F,E,F,J,0.4,rotate
755,rotate,2,B,C,D,E,F,A,B,C,D,E,F,A,B,C,D,E,F,A,B,C,0.65,rotate
755,random,3,I,F,G,D,F,H,H,F,F,D,C,H,skip,D,C,J,D,F,skip,C,0.55,rotate
755,random,4,E,D,I,A,D,D,D,H,D,H,skip,G,E,J,E,E,skip,F,J,G,0.45,rotate
755,rotate,5,E,F,A,B,C,D,E,F,A,B,C,D,E,F,A,B,C,D,E,F,0.7,rotate
755,rotate,6,F,A,B,C,D,E,F,A,B,C,D,E,F,A,B,C,D,E,F,A,0.8,rotate
756,rotate,1,A,B,C,D,E,F,A,B,C,D,E,F,A,B,C,D,E,F,A,B,0.75,rotate
756,rotate,2,B,C,D,E,F,A,B,C,D,E,F,A,B,C,D,E,F,A,B,C,0.7,rotate
756,random,3,J,E,F,A,D,F,D,H,D,A,J,G,I,J,H,G,E,A,E,I,0.4,rotate
756,rotate,4,D,E,F,A,B,C,D,E,F,A,B,C,D,E,F,A,B,C,D,E,0.7,rotate
756,random,5,skip,J,I,G,E,C,F,H,B,H,C,D,J,skip,D,E,skip,J,B,B,0.45,rotate
756,random,6,skip,J,F,F,C,F,G,C,J,A,E,G,E,J,G,B,D,B,B,skip,0.45,rotate
757,random,1,J,I,I,F,D,C,skip,C,B,E,D,C,J,C,J,J,D,F,F,A,0.65,rotate
757,rotate,2,B,C,D,E,F,A,B,C,D,E,F,A,B,C,D,E,F,A,B,C,0.8,rotate
757,rotate,3,C,D,E,F,A,B,C,D,E,F,A,B,C,D,E,F,A,B,C,D,0.85,rotate
757,random,4,H,D,J,C,skip,I,H,J,A,F,F,H,E,skip,J,I,C,skip,F,skip,0.3,rotate
757,rotate,5,E,F,A,B,C,D,E,F,A,B,C,D,E,F,A,B,C,D,E,F,0.8,rotate
757,random,6,H,F,G,I,G,F,F,I,I,I,E,H,G,H,skip,A,C,H,F,I,0.7,rotate
758,rotate,1,A,B,C,D,E,F,A,B,C,D,E,F,A,B,C,D,E,F,A,B,0.7,rotate
758,random,2,A,H,D,E,C,skip,C,I,J,F,skip,B,H,J,A,I,I,A,I,I,0.6,rotate
758,random,3,skip,I,G,C,skip,J,I,D,H,skip,D,E,A,A,D,D,J,J,I,F,0.65,rotate
758,rotate,4,D,E,F,A,B,C,D,E,F,A,B,C,D,E,F,A,B,C,D,E,1.0,rotate
758,rotate,5,E,F,A,B,C,D,E,F,A,B,C,D,E,F,A,B,C,D,E,F,0.8,rotate
758,random,6,B,F,H,E,skip,I,skip,A,C,F,H,F,F,I,B,F,G,F,H,F,0.55,rotate
759,rotate,1,A,B,C,D,E,F,A,B,C,D,E,F,A,B,C,D,E,F,A,B,0.8,rotate
759,rotate,2,B,C,D,E,F,A,B,C,D,E,F,A,B,C,D,E,F,A,B,C,0.85,rotate
759,rotate,3,C,D,E,F,A,B,C,D,E,F,A,B,C,D,E,F,A,B,C,D,0.9,rotate
759,random,4,A,F,H,F,D,J,J,F,J,J,C,E,G,B,A,C,skip,D,F,I,0.65,rotate
759,random,5,F,E,D,C,I,J,I,A,J,I,B,C,C,I,I,H,D,H,F,J,0.6,rotate
759,random,6,A,E,G,E,B,C,F,J,C,H,H,A,A,E,H,skip,D,H,H,G,0.55,rotate
760,random,1,A,C,G,D,skip,J,E,F,J,A,G,C,F,A,C,D,I,F,J,F,0.65,rotate
760,rotate,2,B,C,D,E,F,A,B,C,D,E,F,A,B,C,D,E,F,A,B,C,0.65,rotate
760,random,3,F,A,J,C,B,I,F,C,I,H,I,D,H,I,skip,F,G,E,E,C,0.7,rotate
760,rotate,4,D,E,F,A,B,C,D,E,F,A,B,C,D,E,F,A,B,C,D,E,0.75,rotate
760,rotate,5,E,F,A,B,C,D,E,F,A,B,C,D,E,F,A,B,C,D,E,F,0.7,rotate
760,random,6,J,J,A,E,H,A,skip,H,E,A,F,skip,B,E,J,J,skip,C,I,F,0.4,rotate
761,rotate,1,A,B,C,D,E,F,A,B,C,D,E,F,A,B,C,D,E,F,A,B,1.0,draw
761,rotate,2,B,C,D,E,F,A,B,C,D,E,F,A,B,C,D,E,F,A,B,C,1.0,draw
761,rotate,3,C,D,E,F,A,B,C,D,E,F,A,B,C,D,E,F,A,B,C,D,1.0,draw
761,rotate,4,D,E,F,A,B,C,D,E,F,A,B,C,D,E,F,A,B,C,D,E,1.0,draw
761,rotate,5,E,F,A,B,C,D,E,F,A,B,C,D,E,F,A,B,C,D,E,F,1.0,draw
761,rotate,6,F,A,B,C,D,E,F,A,B,C,D,E,F,A,B,C,D,E,F,A,1.0,draw
762,rotate,1,A,B,C,D,E,F,A,B,C,D,E,F,A,B,C,D,E,F,A,B,1.0,draw
762,rotate,2,B,C,D,E,F,A,B,C,D,E,F,A,B,C,D,E,F,A,B,C,1.0,draw
762,rotate,3,C,D,E,F,A,B,C,D,E,F,A,B,C,D,E,F,A,B,C,D,1.0,draw
762,rotate,4,D,E,F,A,B,C,D,E,F,A,B,C,D,E,F,A,B,C,D,E,1.0,draw
762,rotate,5,E,F,A,B,C,D,E,F,A,B,C,D,E,F,A,B,C,D,E,F,1.0,draw
762,rotate,6,F,A,B,C,D,E,F,A,B,C,D,E,F,A,B,C,D,E,F,A,1.0,draw
763,rotate,1,A,B,C,D,E,F,A,B,C,D,E,F,A,B,C,D,E,F,A,B,1.0,draw
763,rotate,2,B,C,D,E,F,A,B,C,D,E,F,A,B,C,D,E,F,A,B,C,1.0,draw
763,rotate,3,C,D,E,F,A,B,C,D,E,F,A,B,C,D,E,F,A,B,C,D,1.0,draw
763,rotate,4,D,E,F,A,B,C,D,E,F,A,B,C,D,E,F,A,B,C,D,E,1.0,draw
763,rotate,5,E,F,A,B,C,D,E,F,A,B,C,D,E,F,A,B,C,D,E,F,1.0,draw
763,rotate,6,F,A,B,C,D,E,F,A,B,C,D,E,F,A,B,C,D,E,F,A,1.0,draw
764,rotate,1,A,B,C,D,E,F,A,B,C,D,E,F,A,B,C,D,E,F,A,B,1.0,draw
764,rotate,2,B,C,D,E,F,A,B,C,D,E,F,A,B,C,D,E,F,A,B,C,1.0,draw
764,rotate,3,C,D,E,F,A,B,C,D,E,F,A,B,C,D,E,F,A,B,C,D,1.0,draw
764,rotate,4,D,E,F,A,B,C,D,E,F,A,B,C,D,E,F,A,B,C,D,E,1.0,draw
764,rotate,5,E,F,A,B,C,D,E,F,A,B,C,D,E,F,A,B,C,D,E,F,1.0,draw
764,rotate,6,F,A,B,C,D,E,F,A,B,C,D,E,F,A,B,C,D,E,F,A,1.0,draw
765,rotate,1,A,B,C,D,E,F,A,B,C,D,E,F,A,B,C,D,E,F,A,B,1.0,draw
765,rotate,2,B,C,D,E,F,A,B,C,D,E,F,A,B,C,D,E,F,A,B,C,1.0,draw
765,rotate,3,C,D,E,F,A,B,C,D,E,F,A,B,C,D,E,F,A,B,C,D,1.0,draw
765,rotate,4,D,E,F,A,B,C,D,E,F,A,B,C,D,E,F,A,B,C,D,E,1.0,draw
765,rotate,5,E,F,A,B,C,D,E,F,A,B,C,D,E,F,A,B,C,D,E,F,1.0,draw
765,rotate,6,F,A,B,C,D,E,F,A,B,C,D,E,F,A,B,C,D,E,F,A,1.0,draw
766,rotate,1,A,B,C,D,E,F,A,B,C,D,E,F,A,B,C,D,E,F,A,B,1.0,draw
766,rotate,2,B,C,D,E,F,A,B,C,D,E,F,A,B,C,D,E,F,A,B,C,1.0,draw
766,rotate,3,C,D,E,F,A,B,C,D,E,F,A,B,C,D,E,F,A,B,C,D,1.0,draw
766,rotate,4,D,E,F,A,B,C,D,E,F,A,B,C,D,E,F,A,B,C,D,E,1.0,draw
766,rotate,5,E,F,A,B,C,D,E,F,A,B,C,D,E,F,A,B,C,D,E,F,1.0,draw
766,rotate,6,F,A,B,C,D,E,F,A,B,C,D,E,F,A,B,C,D,E,F,A,1.0,draw
767,rotate,1,A,B,C,D,E,F,A,B,C,D,E,F,A,B,C,D,E,F,A,B,1.0,draw
767,rotate,2,B,C,D,E,F,A,B,C,D,E,F,A,B,C,D,E,F,A,B,C,1.0,draw
767,rotate,3,C,D,E,F,A,B,C,D,E,F,A,B,C,D,E,F,A,B,C,D,1.0,draw
767,rotate,4,D,E,F,A,B,C,D,E,F,A,B,C,D,E,F,A,B,C,D,E,1.0,draw
767,rotate,5,E,F,A,B,C,D,E,F,A,B,C,D,E,F,A,B,C,D,E,F,1.0,draw
767,rotate,6,F,A,B,C,D,E,F,A,B,C,D,E,F,A,B,C,D,E,F,A,1.0,draw
768,rotate,1,A,B,C,D,E,F,A,B,C,D,E,F,A,B,C,D,E,F,A,B,1.0,draw
768,rotate,2,B,C,D,E,F,A,B,C,D,E,F,A,B,C,D,E,F,A,B,C,1.0,draw
768,rotate,3,C,D,E,F,A,B,C,D,E,F,A,B,C,D,E,F,A,B,C,D,1.0,draw
768,rotate,4,D,E,F,A,B,C,D,E,F,A,B,C,D,E,F,A,B,C,D,E,1.0,draw
768,rotate,5,E,F,A,B,C,D,E,F,A,B,C,D,E,F,A,B,C,D,E,F,1.0,draw
768,rotate,6,F,A,B,C,D,E,F,A,B,C,D,E,F,A,B,C,D,E,F,A,1.0,draw
769,rotate,1,A,B,C,D,E,F,A,B,C,D,E,F,A,B,C,D,E,F,A,B,1.0,draw
769,rotate,2,B,C,D,E,F,A,B,C,D,E,F,A,B,C,D,E,F,A,B,C,1.0,draw
769,rotate,3,C,D,E,F,A,B,C,D,E,F,A,B,C,D,E,F,A,B,C,D,1.0,draw
769,rotate,4,D,E,F,A,B,C,D,E,F,A,B,C,D,E,F,A,B,C,D,E,1.0,draw
769,rotate,5,E,F,A,B,C,D,E,F,A,B,C,D,E,F,A,B,C,D,E,F,1.0,draw
769,rotate,6,F,A,B,C,D,E,F,A,B,C,D,E,F,A,B,C,D,E,F,A,1.0,draw
770,rotate,1,A,B,C,D,E,F,A,B,C,D,E,F,A,B,C,D,E,F,A,B,1.0,draw
770,rotate,2,B,C,D,E,F,A,B,C,D,E,F,A,B,C,D,E,F,A,B,C,1.0,draw
770,rotate,3,C,D,E,F,A,B,C,D,E,F,A,B,C,D,E,F,A,B,C,D,1.0,draw
770,rotate,4,D,E,F,A,B,C,D,E,F,A,B,C,D,E,F,A,B,C,D,E,1.0,draw
770,rotate,5,E,F,A,B,C,D,E,F,A,B,C,D,E,F,A,B,C,D,E,F,1.0,draw
770,rotate,6,F,A,B,C,D,E,F,A,B,C,D,E,F,A,B,C,D,E,F,A,1.0,draw
771,rotate,1,A,B,C,D,E,F,A,B,C,D,E,F,A,B,C,D,E,F,A,B,1.0,draw
771,rotate,2,B,C,D,E,F,A,B,C,D,E,F,A,B,C,D,E,F,A,B,C,1.0,draw
771,rotate,3,C,D,E,F,A,B,C,D,E,F,A,B,C,D,E,F,A,B,C,D,1.0,draw
771,rotate,4,D,E,F,A,B,C,D,E,F,A,B,C,D,E,F,A,B,C,D,E,1.0,draw
771,rotate,5,E,F,A,B,C,D,E,F,A,B,C,D,E,F,A,B,C,D,E,F,1.0,draw
771,rotate,6,F,A,B,C,D,E,F,A,B,C,D,E,F,A,B,C,D,E,F,A,1.0,draw
772,rotate,1,A,B,C,D,E,F,A,B,C,D,E,F,A,B,C,D,E,F,A,B,1.0,draw
772,rotate,2,B,C,D,E,F,A,B,C,D,E,F,A,B,C,D,E,F,A,B,C,1.0,draw
772,rotate,3,C,D,E,F,A,B,C,D,E,F,A,B,C,D,E,F,A,B,C,D,1.0,draw
772,rotate,4,D,E,F,A,B,C,D,E,F,A,B,C,D,E,F,A,B,C,D,E,1.0,draw
772,rotate,5,E,F,A,B,C,D,E,F,A,B,C,D,E,F,A,B,C,D,E,F,1.0,draw
772,rotate,6,F,A,B,C,D,E,F,A,B,C,D,E,F,A,B,C,D,E,F,A,1.0,draw
773,rotate,1,A,B,C,D,E,F,A,B,C,D,E,F,A,B,C,D,E,F,A,B,1.0,draw
773,rotate,2,B,C,D,E,F,A,B,C,D,E,F,A,B,C,D,E,F,A,B,C,1.0,draw
773,rotate,3,C,D,E,F,A,B,C,D,E,F,A,B,C,D,E,F,A,B,C,D,1.0,draw
773,rotate,4,D,E,F,A,B,C,D,E,F,A,B,C,D,E,F,A,B,C,D,E,1.0,draw
773,rotate,5,E,F,A,B,C,D,E,F,A,B,C,D,E,F,A,B,C,D,E,F,1.0,draw
773,rotate,6,F,A,B,C,D,E,F,A,B,C,D,E,F,A,B,C,D,E,F,A,1.0,draw
774,rotate,1,A,B,C,D,E,F,A,B,C,D,E,F,A,B,C,D,E,F,A,B,1.0,draw
774,rotate,2,B,C,D,E,F,A,B,C,D,E,F,A,B,C,D,E,F,A,B,C,1.0,draw
774,rotate,3,C,D,E,F,A,B,C,D,E,F,A,B,C,D,E,F,A,B,C,D,1.0,draw
774,rotate,4,D,E,F,A,B,C,D,E,F,A,B,C,D,E,F,A,B,C,D,E,1.0,draw
774,rotate,5,E,F,A,B,C,D,E,F,A,B,C,D,E,F,A,B,C,D,E,F,1.0,draw
774,rotate,6,F,A,B,C,D,E,F,A,B,C,D,E,F,A,B,C,D,E,F,A,1.0,draw
775,rotate,1,A,B,C,D,E,F,A,B,C,D,E,F,A,B,C,D,E,F,A,B,1.0,draw
775,rotate,2,B,C,D,E,F,A,B,C,D,E,F,A,B,C,D,E,F,A,B,C,1.0,draw
775,rotate,3,C,D,E,F,A,B,C,D,E,F,A,B,C,D,E,F,A,B,C,D,1.0,draw
775,rotate,4,D,E,F,A,B,C,D,E,F,A,B,C,D,E,F,A,B,C,D,E,1.0,draw
775,rotate,5,E,F,A,B,C,D,E,F,A,B,C,D,E,F,A,B,C,D,E,F,1.0,draw
775,rotate,6,F,A,B,C,D,E,F,A,B,C,D,E,F,A,B,C,D,E,F,A,1.0,draw
776,rotate,1,A,B,C,D,E,F,A,B,C,D,E,F,A,B,C,D,E,F,A,B,1.0,draw
776,rotate,2,B,C,D,E,F,A,B,C,D,E,F,A,B,C,D,E,F,A,B,C,1.0,draw
776,rotate,3,C,D,E,F,A,B,C,D,E,F,A,B,C,D,E,F,A,B,C,D,1.0,draw
776,rotate,4,D,E,F,A,B,C,D,E,F,A,B,C,D,E,F,A,B,C,D,E,1.0,draw
776,rotate,5,E,F,A,B,C,D,E,F,A,B,C,D,E,F,A,B,C,D,E,F,1.0,draw
776,rotate,6,F,A,B,C,D,E,F,A,B,C,D,E,F,A,B,C,D,E,F,A,1.0,draw
777,rotate,1,A,B,C,D,E,F,A,B,C,D,E,F,A,B,C,D,E,F,A,B,1.0,draw
777,rotate,2,B,C,D,E,F,A,B,C,D,E,F,A,B,C,D,E,F,A,B,C,1.0,draw
777,rotate,3,C,D,E,F,A,B,C,D,E,F,A,B,C,D,E,F,A,B,C,D,1.0,draw
777,rotate,4,D,E,F,A,B,C,D,E,F,A,B,C,D,E,F,A,B,C,D,E,1.0,draw
777,rotate,5,E,F,A,B,C,D,E,F,A,B,C,D,E,F,A,B,C,D,E,F,1.0,draw
777,rotate,6,F,A,B,C,D,E,F,A,B,C,D,E,F,A,B,C,D,E,F,A,1.0,draw
778,rotate,1,A,B,C,D,E,F,A,B,C,D,E,F,A,B,C,D,E,F,A,B,1.0,draw
778,rotate,2,B,C,D,E,F,A,B,C,D,E,F,A,B,C,D,E,F,A,B,C,1.0,draw
778,rotate,3,C,D,E,F,A,B,C,D,E,F,A,B,C,D,E,F,A,B,C,D,1.0,draw
778,rotate,4,D,E,F,A,B,C,D,E,F,A,B,C,D,E,F,A,B,C,D,E,1.0,draw
778,rotate,5,E,F,A,B,C,D,E,F,A,B,C,D,E,F,A,B,C,D,E,F,1.0,draw
778,rotate,6,F,A,B,C,D,E,F,A,B,C,D,E,F,A,B,C,D,E,F,A,1.0,draw
779,rotate,1,A,B,C,D,E,F,A,B,C,D,E,F,A,B,C,D,E,F,A,B,1.0,draw
779,rotate,2,B,C,D,E,F,A,B,C,D,E,F,A,B,C,D,E,F,A,B,C,1.0,draw
779,rotate,3,C,D,E,F,A,B,C,D,E,F,A,B,C,D,E,F,A,B,C,D,1.0,draw
779,rotate,4,D,E,F,A,B,C,D,E,F,A,B,C,D,E,F,A,B,C,D,E,1.0,draw
779,rotate,5,E,F,A,B,C,D,E,F,A,B,C,D,E,F,A,B,C,D,E,F,1.0,draw
779,rotate,6,F,A,B,C,D,E,F,A,B,C,D,E,F,A,B,C,D,E,F,A,1.0,draw
780,rotate,1,A,B,C,D,E,F,A,B,C,D,E,F,A,B,C,D,E,F,A,B,1.0,draw
780,rotate,2,B,C,D,E,F,A,B,C,D,E,F,A,B,C,D,E,F,A,B,C,1.0,draw
780,rotate,3,C,D,E,F,A,B,C,D,E,F,A,B,C,D,E,F,A,B,C,D,1.0,draw
780,rotate,4,D,E,F,A,B,C,D,E,F,A,B,C,D,E,F,A,B,C,D,E,1.0,draw
780,rotate,5,E,F,A,B,C,D,E,F,A,B,C,D,E,F,A,B,C,D,E,F,1.0,draw
780,rotate,6,F,A,B,C,D,E,F,A,B,C,D,E,F,A,B,C,D,E,F,A,1.0,draw
781,random3,1,I,I,I,I,I,D,D,D,D,D,D,D,D,D,D,D,D,D,D,D,0.75,random3
781,random,2,I,I,H,A,I,F,F,A,A,B,A,A,E,C,C,E,E,D,C,H,0.5,random3
781,random,3,B,F,J,A,B,F,J,I,I,H,E,B,J,I,D,C,F,C,C,B,0.5,random3
781,random,4,skip,skip,F,C,C,I,B,G,A,J,I,skip,B,C,I,B,I,C,J,G,0.55,random3
781,random3,5,B,B,B,B,B,H,H,H,H,H,H,H,H,H,H,H,H,H,H,H,0.8,random3
781,random3,6,J,J,J,J,J,J,J,J,J,J,C,C,C,C,B,B,J,J,J,J,0.7,random3
782,random,1,B,H,B,I,C,I,E,C,H,G,J,E,E,I,B,I,E,E,F,I,0.45,random3
782,random,2,H,A,D,A,B,I,E,A,I,skip,J,D,D,H,D,E,F,B,G,E,0.65,random3
782,random3,3,J,J,J,J,J,J,J,J,J,J,J,J,J,J,J,J,A,A,A,A,0.8,random3
782,random3,4,G,G,G,G,G,G,G,G,G,G,E,B,B,B,B,E,E,E,E,E,0.6,random3
782,random3,5,E,E,E,E,C,C,C,C,F,F,F,F,F,F,F,F,F,F,F,F,0.65,random3
782,random,6,skip,J,skip,E,I,C,D,B,B,I,E,E,C,B,A,J,J,F,I,A,0.45,random3
783,random,1,skip,I,A,I,D,B,skip,E,B,E,B,skip,I,C,J,C,B,H,H,skip,0.4,random3
783,random3,2,H,H,H,H,H,H,H,H,H,H,H,H,H,H,H,H,H,E,E,E,0.85,random3
783,random3,3,A,A,A,A,A,J,F,F,F,F,F,F,F,F,F,F,F,F,F,C,0.75,random3
783,random,4,G,I,skip,D,A,J,D,C,B,E,skip,skip,skip,A,E,D,H,E,F,F,0.35,random3
783,random3,5,D,D,D,D,D,B,B,B,B,B,B,J,J,J,J,J,J,J,J,J,0.6,random3
783,random,6,D,J,E,E,G,skip,I,J,J,E,G,D,E,G,G,F,G,J,E,skip,0.65,random3
784,random,1,B,F,B,E,C,A,D,A,B,J,H,B,F,F,H,H,B,A,C,G,0.6,random3
784,random,2,J,skip,skip,E,J,F,C,D,E,E,C,I,B,C,I,skip,H,skip,I,skip,0.3,random3
784,random3,3,H,F,F,F,F,F,F,F,F,F,F,F,F,I,I,I,I,I,I,I,0.7,random3
784,random,4,J,C,skip,B,I,E,E,E,C,A,A,I,E,E,H,skip,F,F,skip,H,0.35,random3
784,random3,5,B,B,B,J,J,E,E,E,E,E,E,E,E,E,E,E,E,E,E,E,0.5,random3
784,random3,6,H,H,H,H,H,H,H,H,H,H,H,H,H,H,H,F,F,F,C,C,0.7,random3
785,random3,1,C,C,D,D,D,D,D,H,H,H,H,H,H,H,H,H,H,H,H,B,0.65,random3
785,random3,2,J,J,J,A,A,A,A,A,F,C,C,C,C,C,C,C,C,C,E,E,0.6,random3
785,random,3,B,C,J,G,D,I,D,A,F,C,B,C,A,skip,H,skip,D,B,D,A,0.4,random3
785,random,4,C,A,G,A,D,I,E,D,B,F,E,G,D,H,B,B,I,C,H,G,0.5,random3
785,random,5,skip,G,C,H,F,B,skip,E,E,F,C,G,F,A,I,J,skip,F,G,J,0.65,random3
785,random3,6,I,I,I,I,I,I,I,I,I,I,I,I,I,I,I,I,I,I,I,I,0.85,random3
786,random3,1,I,I,I,I,I,I,I,I,I,I,I,I,I,I,I,I,I,I,I,I,0.7,random3
786,random3,2,G,G,G,G,G,G,G,G,G,G,G,G,G,G,G,G,G,G,G,G,0.9,random3
786,random,3,E,F,E,I,B,E,B,A,E,I,A,D,E,A,C,C,J,C,A,B,0.8,random3
786,random3,4,J,J,J,J,J,J,J,J,J,J,J,J,J,J,J,J,J,J,E,E,0.75,random3
786,random,5,B,J,I,J,G,I,D,F,skip,F,skip,G,B,D,F,D,A,J,I,F,0.5,random3
786,random,6,A,A,A,D,C,B,B,skip,F,skip,J,I,skip,skip,skip,B,skip,F,D,A,0.55,random3
787,random,1,F,B,H,C,H,C,I,F,skip,J,D,D,C,F,I,B,E,B,I,D,0.3,random3
787,random3,2,F,F,F,F,F,F,F,F,C,C,C,C,C,I,I,A,A,A,A,G,0.7,random3
787,random3,3,E,E,H,E,E,E,E,E,E,E,E,E,E,E,E,E,E,D,D,D,0.6,random3
787,random3,4,B,B,B,B,H,H,H,H,H,H,H,H,H,H,H,H,H,H,H,H,0.75,random3
787,random,5,skip,E,A,D,J,D,F,B,J,H,F,J,skip,E,F,C,G,B,I,C,0.55,random3
787,random,6,J,J,J,B,B,D,C,A,E,F,D,D,C,A,H,E,I,D,A,E,0.5,random3
788,random,1,skip,I,I,F,F,H,A,A,C,G,D,J,B,A,B,I,D,F,G,B,0.6,random3
788,random,2,B,skip,skip,I,C,C,A,F,F,E,skip,C,C,B,B,J,D,skip,E,J,0.6,random3
788,random,3,skip,G,A,skip,D,D,E,C,J,D,C,J,I,H,B,A,G,G,skip,G,0.45,random3
788,random3,4,G,G,E,E,E,E,E,H,H,H,H,H,H,H,H,H,H,H,H,H,0.85,random3
788,random3,5,J,J,J,J,J,J,J,J,J,D,F,F,F,F,F,F,F,F,E,C,0.8,random3
788,random3,6,F,F,F,F,H,H,I,I,I,I,I,I,I,D,D,D,D,D,D,D,0.8,random3
789,random3,1,D,D,D,D,D,D,D,D,D,D,D,D,D,D,D,D,H,B,B,F,0.65,random3
789,random3,2,J,H,H,H,H,H,H,H,H,H,H,H,H,H,C,C,C,C,C,C,0.8,random3
789,random,3,A,F,J,B,F,J,I,B,skip,J,D,E,B,H,J,skip,D,I,D,G,0.5,random3
789,random,4,C,A,C,E,G,E,C,D,D,J,skip,B,skip,I,H,D,H,skip,skip,H,0.45,random3
789,random3,5,B,B,B,B,B,B,B,B,B,B,B,B,G,G,G,G,G,G,G,G,0.75,random3
789,random,6,J,B,D,B,F,J,F,H,G,I,I,C,E,F,H,D,F,C,B,J,0.45,random3
790,random,1,skip,I,B,A,F,E,I,E,B,J,skip,B,A,A,D,I,D,H,J,C,0.5,random3
790,random3,2,B,B,B,B,B,B,B,B,B,F,F,F,F,F,F,F,F,F,F,F,0.9,random3
790,random,3,F,C,A,I,C,C,I,E,B,D,H,G,H,E,B,E,skip,A,J,skip,0.5,random3
790,random,4,A,H,H,I,G,H,C,E,E,A,B,skip,E,C,G,H,B,H,G,H,0.6,random3
790,random3,5,G,G,G,G,G,G,G,G,G,G,G,G,G,G,G,G,G,G,G,H,0.75,random3
790,random3,6,C,C,A,J,J,J,J,J,J,J,I,I,I,I,I,I,I,I,I,I,0.8,random3
791,random,1,E,E,A,skip,F,A,A,I,H,A,F,D,G,I,D,J,F,skip,D,B,0.6,random3
791,random3,2,G,G,B,B,B,B,B,B,B,B,B,B,B,B,B,B,B,B,B,B,0.8,random3
791,random3,3,D,D,D,D,D,D,D,D,D,D,D,D,D,D,D,D,D,G,G,G,0.7,random3
791,random,4,H,J,I,H,I,B,H,G,F,J,C,I,I,C,B,A,I,F,E,D,0.75,random3
791,random,5,H,G,skip,D,H,G,C,D,I,H,J,skip,E,E,H,G,D,D,G,C,0.6,random3
791,random3,6,F,F,F,F,F,F,F,F,F,F,F,F,F,F,F,F,F,F,F,F,0.75,random3
792,random3,1,F,F,F,F,F,F,F,F,F,F,F,F,F,F,F,F,F,F,F,F,0.7,random3
792,random,2,D,skip,I,A,J,B,H,C,I,B,C,G,G,F,C,E,E,C,J,A,0.45,random3
792,random3,3,F,C,C,C,C,C,C,C,C,C,C,B,B,C,C,C,C,C,C,C,0.55,random3
792,random,4,skip,G,H,skip,C,C,F,E,I,J,E,I,I,skip,skip,F,G,J,I,skip,0.35,random3
792,random3,5,F,F,J,J,J,J,J,J,J,J,E,A,A,A,A,A,A,A,A,A,0.65,random3
792,random,6,D,A,C,skip,E,C,H,F,E,skip,D,J,B,A,B,H,I,J,H,B,0.5,random3
793,random,1,J,E,F,I,A,C,G,G,C,F,D,skip,C,I,G,D,I,skip,B,C,0.65,random3
793,random3,2,D,D,D,D,D,D,D,D,D,D,D,D,D,D,D,D,D,D,D,D,0.6,random3
793,random,3,G,B,A,H,I,A,H,E,E,C,A,I,G,B,skip,skip,H,H,J,I,0.55,random3
793,random3,4,D,D,D,D,D,H,H,H,H,H,H,H,H,H,H,H,H,C,C,C,0.6,random3
793,random,5,skip,C,E,skip,I,B,F,A,F,E,C,A,skip,I,D,E,I,E,E,B,0.65,random3
793,random3,6,H,H,H,H,E,E,E,E,I,I,I,I,I,I,I,I,I,I,I,I,0.7,random3
794,random,1,skip,G,G,B,H,G,H,H,B,B,skip,A,H,J,skip,F,A,E,H,F,0.65,random3
794,random,2,J,E,A,B,skip,C,skip,C,J,G,J,E,D,I,G,I,skip,skip,A,skip,0.4,random3
794,random3,3,J,J,J,J,J,J,J,J,J,H,H,H,H,H,H,H,H,H,H,H,0.8,random3
794,random3,4,D,D,D,D,D,D,D,D,D,D,D,D,D,D,D,D,D,D,D,D,0.9,random3
794,random,5,B,skip,A,I,B,C,E,B,J,J,B,J,J,E,F,C,B,C,I,D,0.65,random3
794,random3,6,C,C,C,C,C,C,C,C,C,C,C,C,C,C,C,C,C,C,F,F,0.75,random3
795,random3,1,A,A,A,G,G,G,G,F,F,F,F,F,F,F,F,F,F,F,F,F,0.75,random3
795,random3,2,E,E,E,E,E,E,E,E,E,E,E,E,E,E,E,E,A,A,A,A,0.8,random3
795,random3,3,I,I,I,I,I,H,H,H,H,H,H,H,H,H,H,C,C,C,C,C,0.7,random3
795,random,4,skip,H,A,C,D,A,G,A,F,J,E,A,J,G,B,G,E,C,skip,H,0.5,random3
795,random,5,J,skip,skip,I,I,D,C,I,D,D,A,F,E,G,H,E,B,B,E,I,0.5,random3
795,random,6,E,G,I,D,C,C,G,skip,F,H,I,A,G,skip,F,I,G,B,H,H,0.45,random3
796,random3,1,B,B,H,H,H,H,H,H,H,H,H,H,C,C,C,C,C,C,C,C,0.7,random3
796,random,2,C,B,F,F,skip,F,I,B,G,I,J,F,A,G,skip,E,A,A,G,C,0.65,random3
796,random3,3,I,I,H,H,G,G,G,C,C,B,B,B,B,B,B,B,B,B,B,B,0.65,random3
796,random3,4,E,E,E,E,J,J,J,J,J,J,J,J,J,J,J,J,J,J,J,J,0.75,random3
796,random,5,D,G,B,E,G,F,G,G,C,E,J,H,E,A,J,H,J,C,A,E,0.45,random3
796,random,6,F,I,G,D,A,E,B,B,skip,G,F,D,B,A,D,J,skip,I,skip,skip,0.55,random3
797,random3,1,I,I,I,I,D,D,D,D,D,H,H,H,H,H,H,H,H,H,H,D,0.65,random3
797,random,2,I,F,A,I,H,F,H,J,J,D,A,C,F,F,J,E,B,G,C,I,0.7,random3
797,random,3,J,J,B,A,G,B,skip,G,A,A,C,D,A,E,C,skip,J,J,A,J,0.45,random3
797,random3,4,B,B,B,C,C,C,C,C,C,C,C,C,C,C,C,C,B,B,B,B,0.7,random3
797,random,5,A,H,skip,A,A,G,B,F,D,G,J,C,H,B,B,C,H,skip,H,J,0.45,random3
797,random3,6,I,I,G,G,G,G,G,G,A,A,A,I,I,I,I,I,I,I,I,I,0.55,random3
798,random,1,D,B,B,B,A,E,D,H,J,H,A,B,skip,H,H,A,J,B,D,B,0.7,random3
798,random3,2,E,E,E,E,E,E,E,E,E,E,E,H,H,H,H,H,H,H,H,H,0.75,random3
798,random,3,B,A,I,skip,F,skip,H,F,F,A,J,C,I,D,J,F,F,B,A,G,0.5,random3
798,random3,4,A,A,C,C,C,C,C,C,C,C,C,C,C,C,C,C,C,C,C,C,0.9,random3
798,random3,5,F,F,F,F,F,F,F,F,F,F,F,F,F,F,F,F,B,B,I,I,0.7,random3
798,random,6,skip,D,F,D,B,I,A,G,H,H,E,G,B,J,skip,J,A,A,A,H,0.65,random3
799,random3,1,J,D,D,D,D,D,D,D,D,D,D,D,B,B,B,B,B,B,D,H,0.75,random3
799,random,2,F,F,E,E,H,A,E,G,J,E,E,D,A,C,D,C,I,B,B,skip,0.55,random3
799,random3,3,J,J,J,J,J,J,J,J,J,C,C,C,C,C,C,C,J,J,J,J,0.65,random3
799,random,4,A,H,E,E,B,D,A,I,B,J,skip,I,I,G,C,E,H,J,D,G,0.55,random3
799,random,5,skip,C,A,C,C,F,B,I,H,C,B,H,J,E,I,I,I,G,I,skip,0.7,random3
799,random3,6,B,B,B,B,B,B,B,F,F,F,F,F,F,F,F,F,F,F,F,F,0.9,random3
800,random3,1,C,C,C,C,C,C,C,C,C,C,C,A,I,I,I,I,I,I,I,I,0.7,random3
800,random,2,G,C,A,F,J,H,A,H,D,E,I,E,G,D,B,E,H,skip,B,D,0.6,random3
800,random,3,skip,H,D,I,I,I,F,J,H,H,H,A,F,E,E,A,skip,F,J,F,0.75,random3
800,random3,4,G,G,G,I,G,G,G,G,G,G,G,G,G,H,H,H,H,H,H,H,0.7,random3
800,random3,5,E,E,E,E,E,E,E,E,E,E,I,A,A,A,A,A,A,A,A,A,0.8,random3
800,random,6,B,I,G,H,skip,G,I,H,F,skip,C,J,I,I,G,skip,E,I,D,E,0.5,random3
801,random3,1,D,D,D,D,D,D,D,D,D,D,D,D,D,D,D,D,D,D,D,A,0.5,rotate
801,rotate,2,B,C,D,E,F,A,B,C,D,E,F,A,B,C,D,E,F,A,B,C,0.85,rotate
801,random3,3,A,A,A,A,H,H,H,H,H,H,H,H,H,H,H,H,H,H,H,H,0.9,rotate
801,rotate,4,D,E,F,A,B,C,D,E,F,A,B,C,D,E,F,A,B,C,D,E,0.75,rotate
801,rotate,5,E,F,A,B,C,D,E,F,A,B,C,D,E,F,A,B,C,D,E,F,0.8,rotate
801,random3,6,J,J,J,J,J,J,J,J,J,J,J,J,J,J,J,J,J,J,J,J,1.0,rotate
802,random3,1,J,J,J,J,J,J,J,J,J,J,J,J,J,J,J,J,J,J,J,J,1.0,draw
802,rotate,2,B,C,D,E,F,A,B,C,D,E,F,A,B,C,D,E,F,A,B,C,0.95,draw
802,rotate,3,C,D,E,F,A,B,C,D,E,F,A,B,C,D,E,F,A,B,C,D,0.9,draw
802,random3,4,F,F,F,F,F,H,H,H,H,H,H,H,H,H,H,H,H,H,H,H,0.85,draw
802,rotate,5,E,F,A,B,C,D,E,F,A,B,C,D,E,F,A,B,C,D,E,F,0.85,draw
802,random3,6,E,A,A,A,A,I,I,I,I,I,I,I,I,I,I,I,I,I,I,I,0.85,draw
803,rotate,1,A,B,C,D,E,F,A,B,C,D,E,F,A,B,C,D,E,F,A,B,0.6,rotate
803,random3,2,C,C,C,C,C,C,C,C,C,B,B,B,B,B,B,B,B,B,B,B,0.45,rotate
803,rotate,3,C,D,E,F,A,B,C,D,E,F,A,B,C,D,E,F,A,B,C,D,0.7,rotate
803,random3,4,A,A,A,D,D,D,D,D,D,D,D,D,G,G,G,G,G,G,G,G,0.65,rotate
803,rotate,5,E,F,A,B,C,D,E,F,A,B,C,D,E,F,A,B,C,D,E,F,0.65,rotate
803,random3,6,E,E,E,E,E,H,H,H,H,H,H,H,H,H,H,H,H,H,H,H,0.85,rotate
804,rotate,1,A,B,C,D,E,F,A,B,C,D,E,F,A,B,C,D,E,F,A,B,0.8,rotate
804,random3,2,D,J,J,J,J,J,J,J,J,J,J,J,J,J,J,J,J,J,J,J,0.95,rotate
804,random3,3,D,D,D,D,D,D,E,E,E,E,E,A,A,A,A,A,A,A,A,F,0.45,rotate
804,rotate,4,D,E,F,A,B,C,D,E,F,A,B,C,D,E,F,A,B,C,D,E,0.85,rotate
804,rotate,5,E,F,A,B,C,D,E,F,A,B,C,D,E,F,A,B,C,D,E,F,0.8,rotate
804,random3,6,I,I,I,I,I,I,I,I,I,I,I,I,I,I,I,I,I,I,I,I,1.0,rotate
805,rotate,1,A,B,C,D,E,F,A,B,C,D,E,F,A,B,C,D,E,F,A,B,0.85,rotate
805,rotate,2,B,C,D,E,F,A,B,C,D,E,F,A,B,C,D,E,F,A,B,C,0.8,rotate
805,random3,3,I,I,I,I,I,I,I,I,I,I,I,I,I,I,I,I,I,I,I,I,1.0,rotate
805,random3,4,D,D,D,J,J,J,J,J,J,J,J,J,J,J,J,J,J,J,J,J,0.95,rotate
805,random3,5,F,F,F,F,F,F,F,F,F,F,F,F,F,F,F,F,F,F,F,F,0.5,rotate
805,rotate,6,F,A,B,C,D,E,F,A,B,C,D,E,F,A,B,C,D,E,F,A,0.8,rotate
806,rotate,1,A,B,C,D,E,F,A,B,C,D,E,F,A,B,C,D,E,F,A,B,0.7,rotate
806,random3,2,A,I,I,I,I,I,I,I,I,I,I,I,I,I,I,I,I,I,I,I,0.95,rotate
806,rotate,3,C,D,E,F,A,B,C,D,E,F,A,B,C,D,E,F,A,B,C,D,0.75,rotate
806,rotate,4,D,E,F,A,B,C,D,E,F,A,B,C,D,E,F,A,B,C,D,E,0.75,rotate
806,random3,5,D,D,C,C,C,C,C,C,C,C,C,C,C,C,C,C,C,C,C,F,0.45,rotate
806,random3,6,B,B,B,B,B,B,B,B,H,H,H,H,H,H,H,H,H,H,H,H,0.8,rotate
807,rotate,1,A,B,C,D,E,F,A,B,C,D,E,F,A,B,C,D,E,F,A,B,0.8,rotate
807,rotate,2,B,C,D,E,F,A,B,C,D,E,F,A,B,C,D,E,F,A,B,C,0.65,rotate
807,random3,3,E,E,E,E,E,E,E,C,C,C,C,C,C,C,C,C,C,C,C,C,0.45,rotate
807,random3,4,C,C,A,A,A,A,A,A,A,A,A,A,G,G,G,G,G,G,G,G,0.7,rotate
807,rotate,5,E,F,A,B,C,D,E,F,A,B,C,D,E,F,A,B,C,D,E,F,0.7,rotate
807,random3,6,H,H,H,H,H,H,H,H,H,H,H,H,H,H,H,H,H,H,H,H,1.0,rotate
808,random3,1,G,G,G,G,G,G,G,G,G,G,G,G,G,G,G,G,G,G,G,G,0.95,rotate
808,rotate,2,B,C,D,E,F,A,B,C,D,E,F,A,B,C,D,E,F,A,B,C,1.0,rotate
808,rotate,3,C,D,E,F,A,B,C,D,E,F,A,B,C,D,E,F,A,B,C,D,1.0,rotate
808,rotate,4,D,E,F,A,B,C,D,E,F,A,B,C,D,E,F,A,B,C,D,E,1.0,rotate
808,random3,5,H,H,H,H,H,H,H,H,H,H,H,H,H,H,H,H,H,H,H,H,1.0,rotate
808,random3,6,G,J,J,J,J,J,J,J,J,J,J,J,J,J,J,J,J,J,J,J,0.95,rotate
809,rotate,1,A,B,C,D,E,F,A,B,C,D,E,F,A,B,C,D,E,F,A,B,0.85,rotate
809,random3,2,A,I,I,I,I,I,I,I,I,I,I,I,I,I,I,I,I,I,I,I,0.95,rotate
809,random3,3,F,C,C,C,C,C,C,C,C,J,J,J,J,J,J,J,J,J,J,J,0.75,rotate
809,random3,4,H,H,H,H,H,H,H,H,H,H,H,H,H,H,H,H,H,H,H,H,1.0,rotate
809,rotate,5,E,F,A,B,C,D,E,F,A,B,C,D,E,F,A,B,C,D,E,F,0.95,rotate
809,rotate,6,F,A,B,C,D,E,F,A,B,C,D,E,F,A,B,C,D,E,F,A,0.9,rotate
810,rotate,1,A,B,C,D,E,F,A,B,C,D,E,F,A,B,C,D,E,F,A,B,0.8,rotate
810,rotate,2,B,C,D,E,F,A,B,C,D,E,F,A,B,C,D,E,F,A,B,C,0.8,rotate
810,rotate,3,C,D,E,F,A,B,C,D,E,F,A,B,C,D,E,F,A,B,C,D,0.7,rotate
810,random3,4,G,G,G,G,G,G,G,G,G,G,G,G,G,G,G,G,G,G,G,G,1.0,rotate
810,random3,5,D,D,D,D,D,D,D,D,D,D,D,D,D,D,E,I,I,I,I,I,0.6,rotate
810,random3,6,F,F,F,F,F,F,F,F,F,F,F,F,J,J,J,J,J,J,J,J,0.7,rotate
811,rotate,1,A,B,C,D,E,F,A,B,C,D,E,F,A,B,C,D,E,F,A,B,0.8,rotate
811,random3,2,A,A,A,A,A,H,H,H,H,H,H,H,H,H,H,H,H,H,H,H,0.85,rotate
811,rotate,3,C,D,E,F,A,B,C,D,E,F,A,B,C,D,E,F,A,B,C,D,0.8,rotate
811,random3,4,B,B,B,F,F,F,D,D,I,I,I,I,I,I,I,I,I,I,I,I,0.75,rotate
811,random3,5,F,D,D,D,D,G,G,G,G,G,G,G,G,G,G,G,G,G,G,G,0.8,rotate
811,rotate,6,F,A,B,C,D,E,F,A,B,C,D,E,F,A,B,C,D,E,F,A,0.8,rotate
812,rotate,1,A,B,C,D,E,F,A,B,C,D,E,F,A,B,C,D,E,F,A,B,0.75,rotate
812,random3,2,D,I,I,I,I,I,I,I,I,I,I,I,I,I,I,I,I,I,I,I,0.95,rotate
812,random3,3,F,F,F,F,F,F,B,B,H,H,H,H,H,H,H,H,H,H,H,H,0.8,rotate
812,rotate,4,D,E,F,A,B,C,D,E,F,A,B,C,D,E,F,A,B,C,D,E,0.85,rotate
812,random3,5,D,D,D,D,D,D,D,D,D,D,F,F,G,G,G,G,G,G,G,G,0.7,rotate
812,rotate,6,F,A,B,C,D,E,F,A,B,C,D,E,F,A,B,C,D,E,F,A,0.9,rotate
813,random3,1,B,H,H,H,H,H,H,H,H,H,H,H,H,H,H,H,H,H,H,H,0.95,rotate
813,rotate,2,B,C,D,E,F,A,B,C,D,E,F,A,B,C,D,E,F,A,B,C,0.7,rotate
813,rotate,3,C,D,E,F,A,B,C,D,E,F,A,B,C,D,E,F,A,B,C,D,0.75,rotate
813,random3,4,E,E,E,E,E,E,F,J,J,J,J,J,J,J,J,J,J,J,J,J,0.8,rotate
813,random3,5,D,D,D,D,D,D,D,D,D,D,D,D,D,D,D,D,D,B,B,B,0.45,rotate
813,rotate,6,F,A,B,C,D,E,F,A,B,C,D,E,F,A,B,C,D,E,F,A,0.75,rotate
814,random3,1,G,G,G,G,G,G,G,G,G,G,G,G,G,G,G,G,G,G,G,G,1.0,rotate
814,random3,2,A,A,A,A,A,E,E,E,E,E,E,E,E,F,A,A,J,J,J,J,0.5,rotate
814,rotate,3,C,D,E,F,A,B,C,D,E,F,A,B,C,D,E,F,A,B,C,D,0.9,rotate
814,rotate,4,D,E,F,A,B,C,D,E,F,A,B,C,D,E,F,A,B,C,D,E,0.85,rotate
814,rotate,5,E,F,A,B,C,D,E,F,A,B,C,D,E,F,A,B,C,D,E,F,0.75,rotate
814,random3,6,I,I,I,I,I,I,I,I,I,I,I,I,I,I,I,I,I,I,I,I,1.0,rotate
815,random3,1,G,G,G,G,G,G,G,G,G,G,G,G,G,G,G,G,G,G,G,G,1.0,rotate
815,random3,2,C,C,C,C,C,C,A,A,A,D,D,D,F,F,J,J,J,J,J,J,0.55,rotate
815,random3,3,E,E,E,E,E,E,E,I,I,I,I,I,I,I,I,I,I,I,I,I,0.8,rotate
815,rotate,4,D,E,F,A,B,C,D,E,F,A,B,C,D,E,F,A,B,C,D,E,0.9,rotate
815,rotate,5,E,F,A,B,C,D,E,F,A,B,C,D,E,F,A,B,C,D,E,F,0.7,rotate
815,rotate,6,F,A,B,C,D,E,F,A,B,C,D,E,F,A,B,C,D,E,F,A,0.75,rotate
816,random3,1,B,B,B,D,D,D,D,D,D,D,D,D,D,D,D,D,D,E,D,D,0.45,rotate
816,random3,2,I,I,I,I,I,I,I,I,I,I,I,I,I,I,I,I,I,I,I,I,1.0,rotate
816,rotate,3,C,D,E,F,A,B,C,D,E,F,A,B,C,D,E,F,A,B,C,D,0.85,rotate
816,rotate,4,D,E,F,A,B,C,D,E,F,A,B,C,D,E,F,A,B,C,D,E,0.85,rotate
816,random3,5,H,H,H,H,H,H,H,H,H,H,H,H,H,H,H,H,H,H,H,H,1.0,rotate
816,rotate,6,F,A,B,C,D,E,F,A,B,C,D,E,F,A,B,C,D,E,F,A,0.75,rotate
817,random3,1,G,G,G,G,G,G,G,G,G,G,G,G,G,G,G,G,G,G,G,G,1.0,rotate
817,random3,2,E,D,D,D,D,D,A,A,A,A,A,A,A,A,C,C,C,C,C,A,0.4,rotate
817,rotate,3,C,D,E,F,A,B,C,D,E,F,A,B,C,D,E,F,A,B,C,D,0.85,rotate
817,random3,4,J,J,J,J,J,J,J,J,J,J,J,J,J,J,J,J,J,J,J,J,1.0,rotate
817,rotate,5,E,F,A,B,C,D,E,F,A,B,C,D,E,F,A,B,C,D,E,F,0.8,rotate
817,rotate,6,F,A,B,C,D,E,F,A,B,C,D,E,F,A,B,C,D,E,F,A,0.75,rotate
818,random3,1,I,I,I,I,I,I,I,I,I,I,I,I,I,I,I,I,I,I,I,I,1.0,rotate
818,rotate,2,B,C,D,E,F,A,B,C,D,E,F,A,B,C,D,E,F,A,B,C,0.95,rotate
818,random3,3,H,H,H,H,H,H,H,H,H,H,H,H,H,H,H,H,H,H,H,H,1.0,rotate
818,random3,4,F,A,A,A,A,A,A,A,G,G,G,G,G,G,G,G,G,G,G,G,0.75,rotate
818,rotate,5,E,F,A,B,C,D,E,F,A,B,C,D,E,F,A,B,C,D,E,F,0.95,rotate
818,rotate,6,F,A,B,C,D,E,F,A,B,C,D,E,F,A,B,C,D,E,F,A,0.85,rotate
819,rotate,1,A,B,C,D,E,F,A,B,C,D,E,F,A,B,C,D,E,F,A,B,0.85,rotate
819,rotate,2,B,C,D,E,F,A,B,C,D,E,F,A,B,C,D,E,F,A,B,C,0.85,rotate
819,random3,3,D,D,D,D,D,D,D,D,D,D,G,G,G,G,G,G,G,G,G,G,0.7,rotate
819,rotate,4,D,E,F,A,B,C,D,E,F,A,B,C,D,E,F,A,B,C,D,E,0.8,rotate
819,random3,5,D,E,E,E,E,E,E,E,H,H,H,H,H,H,H,H,H,H,H,H,0.75,rotate
819,random3,6,J,J,J,J,J,J,J,J,J,J,J,J,J,J,J,J,J,J,J,J,1.0,rotate
820,random3,1,I,I,I,I,I,I,I,I,I,I,I,I,I,I,I,I,I,I,I,I,1.0,rotate
820,rotate,2,B,C,D,E,F,A,B,C,D,E,F,A,B,C,D,E,F,A,B,C,0.8,rotate
820,random3,3,G,G,G,G,G,G,G,G,G,G,G,G,G,G,G,G,G,G,G,G,1.0,rotate
820,rotate,4,D,E,F,A,B,C,D,E,F,A,B,C,D,E,F,A,B,C,D,E,0.8,rotate
820,random3,5,E,E,E,E,B,A,A,A,B,B,B,B,B,B,B,B,B,B,B,B,0.45,rotate
820,rotate,6,F,A,B,C,D,E,F,A,B,C,D,E,F,A,B,C,D,E,F,A,0.85,rotate
821,random3,1,E,E,E,E,E,E,E,E,E,E,E,E,E,E,E,E,E,E,E,E,1.0,draw
821,random3,2,D,D,D,D,D,D,D,D,D,D,D,D,D,D,D,D,D,D,D,D,1.0,draw
821,random3,3,B,H,A,A,A,A,A,A,A,A,A,A,A,A,A,A,A,A,A,A,0.9,draw
821,random3,4,A,H,C,C,C,C,C,C,C,C,C,C,C,C,C,C,C,C,C,C,0.9,draw
821,random3,5,A,I,I,I,I,I,I,I,I,I,I,I,I,I,I,I,I,I,I,I,0.95,draw
821,random3,6,B,B,B,B,B,B,B,B,B,B,B,B,B,B,B,B,B,B,B,B,0.95,draw
822,random3,1,H,H,H,H,H,H,H,H,H,H,H,H,H,H,H,H,H,H,H,H,1.0,draw
822,random3,2,B,B,B,B,B,B,B,B,B,B,B,B,B,B,B,B,B,B,B,B,1.0,draw
822,random3,3,D,D,D,D,D,D,D,D,D,D,D,D,D,D,D,D,D,D,D,D,1.0,draw
822,random3,4,F,F,F,F,F,F,F,F,F,F,F,F,F,F,F,F,F,F,F,F,1.0,draw
822,random3,5,E,E,E,E,E,E,E,E,E,E,E,E,E,E,E,E,E,E,E,E,1.0,draw
822,random3,6,C,C,C,C,C,C,C,C,C,C,C,C,C,C,C,C,C,C,C,C,1.0,draw
823,random3,1,H,H,H,H,H,H,H,H,H,H,H,H,H,H,H,H,H,H,H,H,0.9,draw
823,random3,2,I,I,I,I,I,I,I,I,I,I,I,I,I,I,I,I,I,I,I,I,1.0,draw
823,random3,3,E,E,E,E,E,E,E,E,E,E,E,E,E,E,E,E,E,E,E,E,0.9,draw
823,random3,4,E,E,C,C,C,C,C,C,C,C,C,C,C,C,C,C,C,C,C,C,0.9,draw
823,random3,5,H,B,B,B,B,B,B,B,B,B,B,B,B,B,B,B,B,B,B,B,0.95,draw
823,random3,6,H,H,J,J,J,J,J,J,J,J,J,J,J,J,J,J,J,J,J,J,0.9,draw
824,random3,1,H,H,H,H,H,H,H,H,H,H,H,H,H,H,H,H,H,H,H,H,1.0,draw
824,random3,2,B,B,B,B,B,B,B,B,B,B,B,B,B,B,B,B,B,B,B,B,1.0,draw
824,random3,3,I,I,I,I,I,I,I,I,I,I,I,I,I,I,I,I,I,I,I,I,1.0,draw
824,random3,4,G,G,G,G,G,G,G,G,G,G,G,G,G,G,G,G,G,G,G,G,0.95,draw
824,random3,5,G,E,E,E,E,E,E,E,E,E,E,E,E,E,E,E,E,E,E,E,0.95,draw
824,random3,6,C,C,C,C,C,C,C,C,C,C,C,C,C,C,C,C,C,C,C,C,1.0,draw
825,random3,1,A,A,A,A,A,E,E,E,E,E,E,E,E,E,E,E,E,E,E,E,0.75,draw
825,random3,2,F,F,F,F,F,F,F,F,F,F,F,F,F,F,F,F,F,F,F,F,1.0,draw
825,random3,3,A,A,A,A,A,C,C,C,C,C,C,C,C,C,C,C,C,C,C,C,0.75,draw
825,random3,4,G,G,G,G,G,G,G,G,G,G,G,G,G,G,G,G,G,G,G,G,1.0,draw
825,random3,5,D,D,D,D,D,D,D,D,D,D,D,D,D,D,D,D,D,D,D,D,1.0,draw
825,random3,6,H,H,H,H,H,H,H,H,H,H,H,H,H,H,H,H,H,H,H,H,1.0,draw
826,random3,1,H,H,H,H,H,H,H,H,H,H,H,H,H,H,H,H,H,H,H,H,1.0,draw
826,random3,2,C,C,I,I,I,I,I,I,I,I,I,I,I,I,I,I,I,I,I,I,0.9,draw
826,random3,3,E,E,E,E,E,E,E,E,E,E,E,E,E,E,E,E,E,E,E,E,1.0,draw
826,random3,4,G,F,F,F,F,F,F,F,F,F,F,F,F,F,F,F,F,F,F,F,0.8,draw
826,random3,5,G,F,F,F,B,B,B,B,B,B,B,B,B,B,B,B,B,B,B,B,0.8,draw
826,random3,6,C,C,C,C,C,C,C,C,C,C,C,C,C,C,C,C,C,C,C,C,0.9,draw
827,random3,1,E,E,F,F,F,F,F,F,F,F,F,F,F,F,F,F,F,F,F,F,0.9,draw
827,random3,2,B,B,B,B,B,B,B,B,B,B,B,B,B,B,B,B,B,B,B,B,1.0,draw
827,random3,3,A,A,A,A,A,A,A,A,A,A,A,A,A,A,A,A,A,A,A,A,1.0,draw
827,random3,4,E,E,I,I,I,I,I,I,I,I,I,I,I,I,I,I,I,I,I,I,0.9,draw
827,random3,5,H,H,H,H,H,H,H,H,H,H,H,H,H,H,H,H,H,H,H,H,1.0,draw
827,random3,6,E,E,E,E,E,E,E,E,E,E,E,E,E,E,E,E,E,E,E,E,0.9,draw
828,random3,1,D,D,D,D,D,D,D,D,D,D,D,D,D,D,D,D,D,D,D,D,1.0,draw
828,random3,2,A,C,C,C,C,C,C,C,C,C,C,C,C,C,C,C,C,C,C,C,0.95,draw
828,random3,3,J,J,J,J,J,J,J,J,J,J,J,J,J,J,J,J,J,J,J,J,1.0,draw
828,random3,4,F,F,F,F,F,F,F,F,F,F,F,F,F,F,F,F,F,F,F,F,1.0,draw
828,random3,5,I,I,I,I,I,I,I,I,I,I,I,I,I,I,I,I,I,I,I,I,1.0,draw
828,random3,6,A,E,E,E,E,E,E,E,E,E,E,E,E,E,E,E,E,E,E,E,0.95,draw
829,random3,1,J,G,G,G,G,G,G,G,G,G,G,G,G,G,G,G,G,G,G,G,0.95,draw
829,random3,2,B,B,B,B,B,B,B,B,B,B,B,B,B,B,B,B,B,B,B,B,1.0,draw
829,random3,3,F,F,F,F,F,F,F,F,F,F,F,F,F,F,F,F,F,F,F,F,1.0,draw
829,random3,4,J,E,E,E,E,E,E,E,E,E,E,E,E,E,E,E,E,E,E,E,0.95,draw
829,random3,5,D,D,D,D,D,D,D,D,D,D,D,D,D,D,D,D,D,D,D,D,1.0,draw
829,random3,6,C,C,C,C,C,C,C,C,C,C,C,C,C,C,C,C,C,C,C,C,1.0,draw
830,random3,1,I,I,I,I,I,I,I,I,I,I,I,I,I,I,I,I,I,I,I,I,0.9,draw
830,random3,2,A,A,A,A,A,A,A,A,A,A,A,A,A,A,A,A,A,A,A,A,1.0,draw
830,random3,3,F,F,F,F,F,F,F,F,F,F,F,F,F,F,F,F,F,F,F,F,1.0,draw
830,random3,4,I,I,D,D,D,D,D,D,D,D,D,D,D,D,D,D,D,D,D,D,0.9,draw
830,random3,5,G,G,G,G,G,G,G,G,G,G,G,G,G,G,G,G,G,G,G,G,1.0,draw
830,random3,6,I,E,E,E,E,E,E,E,E,E,E,E,E,E,E,E,E,E,E,E,0.95,draw
831,random3,1,B,G,G,G,G,G,G,G,G,G,G,G,G,G,G,G,G,G,G,G,0.95,draw
831,random3,2,B,B,B,B,B,B,B,B,B,B,B,B,B,B,B,B,B,B,B,B,0.95,draw
831,random3,3,F,F,F,F,F,F,F,F,F,F,F,F,F,F,F,F,F,F,F,F,1.0,draw
831,random3,4,E,E,E,E,E,E,E,E,E,E,E,E,E,E,E,E,E,E,E,E,1.0,draw
831,random3,5,I,I,I,I,I,I,I,I,I,I,I,I,I,I,I,I,I,I,I,I,1.0,draw
831,random3,6,A,A,A,A,A,A,A,A,A,A,A,A,A,A,A,A,A,A,A,A,1.0,draw
832,random3,1,G,G,G,G,G,G,G,G,G,G,G,G,G,G,G,G,G,G,G,G,1.0,draw
832,random3,2,A,A,A,A,A,A,A,A,A,A,A,A,A,A,A,A,A,A,A,A,1.0,draw
832,random3,3,E,E,E,E,E,E,E,E,E,E,E,E,E,E,E,E,E,E,E,E,1.0,draw
832,random3,4,I,I,I,I,D,D,D,D,D,D,D,D,D,D,D,D,D,D,D,D,0.8,draw
832,random3,5,B,B,B,B,B,B,B,B,B,B,B,B,B,B,B,B,B,B,B,B,1.0,draw
832,random3,6,I,I,I,I,I,I,I,I,I,I,I,I,I,I,I,I,I,I,I,I,0.8,draw
833,random3,1,E,E,E,G,G,G,G,G,G,G,G,G,G,G,G,G,G,G,G,G,0.85,draw
833,random3,2,I,I,I,I,I,I,I,I,I,I,I,I,I,I,I,I,I,I,I,I,1.0,draw
833,random3,3,E,E,E,B,B,B,B,B,B,B,B,B,B,B,B,B,B,B,B,B,0.85,draw
833,random3,4,E,A,A,A,A,A,A,A,A,A,A,A,A,A,A,A,A,A,A,A,0.95,draw
833,random3,5,C,C,C,C,C,C,C,C,C,C,C,C,C,C,C,C,C,C,C,C,0.95,draw
833,random3,6,C,H,H,H,H,H,H,H,H,H,H,H,H,H,H,H,H,H,H,H,0.95,draw
834,random3,1,D,D,D,D,D,D,D,D,D,D,D,D,D,D,D,D,D,D,D,D,1.0,draw
834,random3,2,B,B,B,B,B,B,B,B,B,B,B,B,B,B,B,B,B,B,B,B,1.0,draw
834,random3,3,F,F,F,F,F,F,F,F,F,F,F,F,F,F,F,F,F,F,F,F,1.0,draw
834,random3,4,E,E,E,E,E,E,E,E,E,E,E,E,E,E,E,E,E,E,E,E,1.0,draw
834,random3,5,J,J,J,J,J,J,J,J,J,J,J,J,J,J,J,J,J,J,J,J,1.0,draw
834,random3,6,G,G,G,G,G,G,G,G,G,G,G,G,G,G,G,G,G,G,G,G,1.0,draw
835,random3,1,B,B,B,B,B,B,B,B,B,B,B,B,B,B,B,B,B,B,B,B,1.0,draw
835,random3,2,F,F,F,F,F,F,F,F,F,F,F,F,F,F,F,F,F,F,F,F,1.0,draw
835,random3,3,D,D,D,D,D,D,D,D,D,D,D,D,D,D,D,D,D,D,D,D,1.0,draw
835,random3,4,J,J,J,J,J,J,J,J,J,J,J,J,J,J,J,J,J,J,J,J,1.0,draw
835,random3,5,G,G,G,G,G,G,G,G,G,G,G,G,G,G,G,G,G,G,G,G,1.0,draw
835,random3,6,E,E,E,E,E,E,E,E,E,E,E,E,E,E,E,E,E,E,E,E,1.0,draw
836,random3,1,E,G,G,G,G,G,G,G,G,G,G,G,G,G,G,G,G,G,G,G,0.95,draw
836,random3,2,I,I,F,F,F,F,F,F,F,F,F,F,F,F,F,F,F,F,F,F,0.9,draw
836,random3,3,A,A,A,A,A,A,A,A,A,A,A,A,A,A,A,A,A,A,A,A,1.0,draw
836,random3,4,C,C,C,C,C,C,C,C,C,C,C,C,C,C,C,C,C,C,C,C,1.0,draw
836,random3,5,E,E,E,E,E,E,E,E,E,E,E,E,E,E,E,E,E,E,E,E,0.95,draw
836,random3,6,I,I,I,I,I,I,I,I,I,I,I,I,I,I,I,I,I,I,I,I,0.9,draw
837,random3,1,D,I,I,I,I,I,I,I,I,I,I,I,I,I,I,I,I,I,I,I,0.95,draw
837,random3,2,A,A,A,A,A,A,A,A,A,A,A,A,A,A,A,A,A,A,A,A,1.0,draw
837,random3,3,E,E,E,E,E,E,E,E,E,E,E,E,E,E,E,E,E,E,E,E,1.0,draw
837,random3,4,D,B,B,B,B,B,B,B,B,B,B,B,B,B,B,B,B,B,B,B,0.95,draw
837,random3,5,H,H,H,H,H,H,H,H,H,H,H,H,H,H,H,H,H,H,H,H,1.0,draw
837,random3,6,F,F,F,F,F,F,F,F,F,F,F,F,F,F,F,F,F,F,F,F,1.0,draw
838,random3,1,J,J,J,J,J,J,J,J,J,J,J,J,J,J,J,J,J,J,J,J,1.0,draw
838,random3,2,F,F,F,F,F,F,F,F,F,F,F,F,F,F,F,F,F,F,F,F,0.95,draw
838,random3,3,D,D,D,D,D,D,D,D,D,D,D,D,D,D,D,D,D,D,D,D,1.0,draw
838,random3,4,F,E,E,E,E,E,E,E,E,E,E,E,E,E,E,E,E,E,E,E,0.95,draw
838,random3,5,C,C,C,C,C,C,C,C,C,C,C,C,C,C,C,C,C,C,C,C,1.0,draw
838,random3,6,B,B,B,B,B,B,B,B,B,B,B,B,B,B,B,B,B,B,B,B,1.0,draw
839,random3,1,B,D,D,D,D,D,D,D,D,D,D,D,D,D,D,D,D,D,D,D,0.95,draw
839,random3,2,G,G,G,G,G,G,G,G,G,G,G,G,G,G,G,G,G,G,G,G,1.0,draw
839,random3,3,I,I,I,I,I,I,I,I,I,I,I,I,I,I,I,I,I,I,I,I,1.0,draw
839,random3,4,J,J,J,J,J,J,J,J,J,J,J,J,J,J,J,J,J,J,J,J,1.0,draw
839,random3,5,H,H,H,H,H,H,H,H,H,H,H,H,H,H,H,H,H,H,H,H,1.0,draw
839,random3,6,B,B,B,B,B,B,B,B,B,B,B,B,B,B,B,B,B,B,B,B,0.95,draw
840,random3,1,H,H,C,C,C,C,C,C,C,C,C,C,C,C,C,C,C,C,C,C,0.9,draw
840,random3,2,D,D,D,D,D,D,D,D,D,D,D,D,D,D,D,D,D,D,D,D,1.0,draw
840,random3,3,J,J,J,J,J,J,J,J,J,J,J,J,J,J,J,J,J,J,J,J,1.0,draw
840,random3,4,A,A,A,A,A,A,A,A,A,A,A,A,A,A,A,A,A,A,A,A,1.0,draw
840,random3,5,H,H,G,G,G,G,G,G,G,G,G,G,G,G,G,G,G,G,G,G,0.9,draw
840,random3,6,I,I,I,I,I,I,I,I,I,I,I,I,I,I,I,I,I,I,I,I,1.0,draw
841,random,1,I,E,skip,E,H,J,F,E,skip,D,B,skip,G,I,E,G,H,G,I,G,0.3,radicaleq
841,radicaleq,2,B,E,I,G,G,J,B,E,H,D,G,E,J,E,C,B,I,J,J,F,0.55,radicaleq
841,radicaleq,3,C,G,D,B,F,H,G,F,B,I,B,I,D,G,J,G,H,E,E,C,0.75,radicaleq
841,radicaleq,4,D,H,C,E,D,G,D,B,C,H,J,G,C,I,E,D,C,C,C,H,0.65,radicaleq
841,random,5,J,B,F,C,skip,C,J,F,A,H,skip,A,J,A,skip,D,I,B,E,F,0.5,radicaleq
841,random,6,F,H,I,J,I,A,I,skip,C,F,F,D,F,H,F,H,D,G,J,E,0.7,radicaleq
842,random,1,skip,J,F,J,G,J,C,E,B,E,skip,G,F,B,C,C,J,B,B,I,0.55,radicaleq
842,radicaleq,2,B,H,B,H,H,I,I,H,F,C,F,E,E,I,C,F,F,C,I,F,0.85,radicaleq
842,random,3,E,H,C,B,J,skip,skip,D,B,skip,skip,F,H,B,I,B,I,H,F,A,0.35,radicaleq
842,random,4,C,G,J,I,skip,E,A,C,J,skip,J,I,J,F,H,B,J,G,skip,F,0.55,radicaleq
842,radicaleq,5,E,G,I,I,C,C,H,E,G,G,H,H,J,B,G,G,J,H,G,C,0.6,radicaleq
842,radicaleq,6,F,J,F,B,E,F,B,F,B,I,I,C,H,C,I,E,E,E,E,J,0.7,radicaleq
843,random,1,I,I,B,E,D,I,skip,J,E,E,C,B,D,J,G,A,I,F,J,H,0.45,radicaleq
843,random,2,B,skip,A,D,B,A,skip,J,G,D,F,B,A,C,C,H,F,I,C,F,0.55,radicaleq
843,random,3,G,A,C,J,D,G,C,J,H,B,C,J,E,I,D,J,E,J,C,I,0.6,radicaleq
843,radicaleq,4,D,J,D,F,I,J,G,I,A,D,C,A,I,J,D,J,I,G,B,D,0.7,radicaleq
843,radicaleq,5,E,I,A,C,G,G,E,E,C,C,A,I,D,G,G,B,B,C,G,A,0.75,radicaleq
843,radicaleq,6,F,B,J,D,C,A,B,J,B,I,G,B,G,I,A,A,C,D,A,B,0.7,radicaleq
844,radicaleq,1,A,F,F,E,E,E,I,G,J,G,A,G,E,F,C,C,C,C,E,H,0.75,radicaleq
844,radicaleq,2,B,I,B,I,F,C,B,H,B,B,E,F,B,A,B,H,E,H,G,E,0.9,radicaleq
844,random,3,H,J,J,D,H,E,F,E,I,B,I,H,skip,F,I,G,F,C,J,G,0.45,radicaleq
844,random,4,G,H,A,A,C,E,I,B,J,I,G,A,I,I,H,I,G,I,skip,F,0.7,radicaleq
844,radicaleq,5,E,A,J,G,I,F,F,A,I,H,C,A,C,C,G,J,A,B,A,F,0.65,radicaleq
844,random,6,H,skip,B,C,D,J,G,C,F,H,skip,D,J,E,D,G,D,B,B,G,0.6,radicaleq
845,radicaleq,1,A,H,C,A,E,C,G,G,I,I,C,E,E,E,F,I,C,A,H,H,0.8,radicaleq
845,random,2,C,skip,I,C,E,E,A,F,F,H,H,I,D,H,skip,I,C,A,F,skip,0.55,radicaleq
845,random,3,F,D,H,skip,I,A,C,H,F,skip,skip,C,A,J,C,H,D,B,J,D,0.45,radicaleq
845,random,4,D,I,skip,G,F,I,J,J,skip,E,J,H,C,F,D,F,E,I,D,I,0.7,radicaleq
845,radicaleq,5,E,A,E,I,G,H,C,J,G,C,J,I,A,G,G,A,A,H,J,G,0.7,radicaleq
845,radicaleq,6,F,G,H,J,J,J,F,H,D,E,A,A,F,J,I,E,J,F,E,I,0.7,radicaleq
846,radicaleq,1,A,H,F,I,I,G,G,G,G,G,D,J,J,D,D,G,E,E,D,G,0.75,radicaleq
846,random,2,E,J,J,C,I,C,H,E,B,skip,C,H,A,skip,I,skip,A,I,E,B,0.5,radicaleq
846,radicaleq,3,C,I,D,D,B,E,J,I,H,E,G,D,E,I,H,H,I,J,J,D,0.85,radicaleq
846,random,4,D,A,J,H,skip,C,E,skip,J,A,C,H,skip,skip,skip,H,I,F,H,C,0.3,radicaleq
846,radicaleq,5,E,G,C,B,E,D,I,D,J,I,H,E,I,G,E,D,G,D,H,C,0.65,radicaleq
846,random,6,B,H,H,C,C,J,C,D,G,I,G,C,J,J,C,F,G,E,skip,J,0.5,radicaleq
847,random,1,skip,E,A,H,J,A,skip,H,C,E,D,skip,J,A,A,F,J,skip,I,B,0.35,radicaleq
847,radicaleq,2,B,H,B,B,D,D,F,F,C,F,C,A,F,H,C,F,H,F,I,E,0.65,radicaleq
847,random,3,G,H,skip,F,H,A,G,skip,D,I,skip,A,D,A,E,skip,A,H,D,A,0.45,radicaleq
847,radicaleq,4,D,J,D,H,I,A,I,E,D,I,J,F,E,F,I,C,C,D,D,C,0.75,radicaleq
847,random,5,F,E,I,C,A,D,H,J,E,D,D,A,J,E,skip,E,H,C,F,J,0.4,radicaleq
847,radicaleq,6,F,E,I,A,C,C,E,C,I,A,H,C,I,E,H,I,I,C,F,H,0.7,radicaleq
848,radicaleq,1,A,B,C,H,A,H,A,B,H,D,H,C,D,D,D,D,D,D,B,J,0.6,radicaleq
848,random,2,G,F,I,skip,F,A,E,B,G,G,J,A,E,B,skip,C,G,A,B,E,0.5,radicaleq
848,random,3,J,D,I,H,C,F,E,G,F,skip,H,C,skip,B,A,I,skip,G,I,D,0.55,radicaleq
848,radicaleq,4,D,I,B,D,J,I,J,J,B,E,B,B,J,A,F,J,H,F,F,H,1.0,radicaleq
848,random,5,E,J,C,F,G,B,A,H,G,skip,G,I,B,H,G,skip,G,D,D,E,0.45,radicaleq
848,radicaleq,6,F,G,E,F,G,C,D,E,A,J,A,H,F,H,J,F,A,J,H,A,0.85,radicaleq
849,radicaleq,1,A,B,C,F,F,F,G,G,G,J,D,D,J,J,J,A,E,C,C,C,0.7,radicaleq
849,random,2,A,E,C,E,H,C,D,I,J,E,G,B,G,D,skip,F,E,E,E,J,0.45,radicaleq
849,random,3,H,skip,I,E,D,F,G,J,H,E,F,H,I,D,H,B,A,D,J,G,0.55,radicaleq
849,radicaleq,4,D,I,H,C,I,I,I,C,A,E,A,I,D,H,I,I,A,J,H,A,0.8,radicaleq
849,radicaleq,5,E,J,D,E,D,C,F,A,D,I,H,A,C,D,E,J,H,I,J,I,0.75,radicaleq
849,random,6,A,A,H,G,H,E,J,C,J,J,C,G,A,C,D,G,E,G,E,B,0.6,radicaleq
850,radicaleq,1,A,G,E,J,J,F,F,J,F,F,I,I,C,I,J,C,F,D,J,D,0.65,radicaleq
850,radicaleq,2,B,I,J,D,A,J,D,F,C,C,A,J,F,A,I,D,A,F,I,F,0.85,radicaleq
850,random,3,C,F,skip,G,C,I,A,D,G,D,E,G,J,D,skip,C,skip,skip,A,H,0.45,radicaleq
850,random,4,C,I,C,G,B,C,skip,J,A,F,F,A,G,G,J,B,A,E,B,D,0.5,radicaleq
850,random,5,H,G,D,I,E,I,D,skip,H,J,D,skip,B,E,E,H,A,E,J,B,0.55,radicaleq
850,radicaleq,6,F,A,G,I,D,A,J,A,G,D,C,G,I,C,F,A,I,G,C,G,0.8,radicaleq
851,random,1,A,A,E,D,D,C,I,J,E,H,I,J,F,B,F,B,H,F,G,skip,0.65,radicaleq
851,radicaleq,2,B,H,H,G,G,H,H,G,J,J,B,B,B,I,I,A,D,D,A,D,1.0,radicaleq
851,random,3,C,D,C,B,F,B,D,A,A,F,A,D,A,G,E,J,C,A,C,E,0.75,radicaleq
851,radicaleq,4,D,J,J,C,I,J,G,C,G,B,G,G,A,G,H,B,H,C,C,C,0.7,radicaleq
851,radicaleq,5,E,A,I,I,H,A,J,A,E,E,C,E,H,H,J,H,G,G,B,H,0.8,radicaleq
851,random,6,G,B,D,D,I,D,B,I,F,I,J,D,F,C,J,I,skip,skip,F,F,0.65,radicaleq
852,radicaleq,1,A,I,C,F,F,H,J,J,J,C,F,H,E,E,J,J,A,A,C,J,0.7,radicaleq
852,random,2,F,J,E,I,I,skip,C,A,E,skip,C,H,C,H,F,E,F,D,D,skip,0.35,radicaleq
852,radicaleq,3,C,J,I,B,C,B,E,B,H,I,H,E,I,J,F,C,C,E,E,F,0.55,radicaleq
852,random,4,E,J,I,I,skip,F,A,A,J,skip,B,A,D,H,A,J,I,I,E,J,0.25,radicaleq
852,random,5,E,H,B,J,C,D,E,skip,H,I,J,H,skip,E,skip,F,C,H,C,skip,0.25,radicaleq
852,radicaleq,6,F,H,A,A,H,A,C,F,E,F,C,A,F,I,A,I,I,H,J,A,0.55,radicaleq
853,random,1,F,G,J,J,C,J,J,G,C,D,D,G,C,E,E,skip,C,B,I,C,0.5,radicaleq
853,random,2,F,G,J,B,H,H,skip,skip,C,I,I,E,E,skip,I,F,J,D,A,skip,0.45,radicaleq
853,radicaleq,3,C,G,C,I,I,I,C,D,F,E,H,I,I,F,F,G,I,H,E,H,0.95,radicaleq
853,radicaleq,4,D,H,H,C,G,J,F,E,D,G,E,H,D,I,H,J,J,F,I,D,0.7,radicaleq
853,random,5,J,I,A,E,F,D,skip,C,B,C,A,J,J,H,H,B,E,F,B,D,0.65,radicaleq
853,radicaleq,6,F,E,D,E,H,D,E,G,I,H,F,J,F,G,G,D,C,D,G,C,0.55,radicaleq
854,random,1,H,D,E,A,I,C,C,J,J,D,H,J,G,C,D,E,J,A,B,E,0.7,radicaleq
854,radicaleq,2,B,D,H,C,I,F,F,F,H,I,I,A,A,A,C,B,E,D,E,C,0.85,radicaleq
854,radicaleq,3,C,E,E,G,H,H,D,B,C,B,C,B,C,I,B,E,I,A,J,I,0.55,radicaleq
854,random,4,I,skip,I,G,G,H,D,D,F,H,J,D,G,D,I,H,F,B,skip,F,0.45,radicaleq
854,random,5,G,A,F,D,G,I,A,A,G,H,E,B,C,G,B,B,skip,C,C,F,0.6,radicaleq
854,radicaleq,6,F,B,A,B,E,A,E,D,F,E,G,F,E,F,H,F,G,H,G,D,0.9,radicaleq
855,random,1,I,F,G,G,D,D,I,G,J,E,G,A,E,A,skip,B,E,J,A,G,0.55,radicaleq
855,random,2,E,F,D,G,E,B,E,J,I,E,F,F,I,E,skip,G,J,C,A,skip,0.4,radicaleq
855,radicaleq,3,C,G,C,J,J,C,C,H,B,C,G,H,H,B,F,J,E,H,E,F,0.9,radicaleq
855,random,4,H,E,A,E,H,B,E,skip,G,B,F,J,D,G,skip,B,G,A,D,C,0.5,radicaleq
855,radicaleq,5,E,B,J,B,I,F,G,B,F,B,F,J,B,G,I,C,C,F,F,G,0.7,radicaleq
855,radicaleq,6,F,I,H,C,H,J,F,J,C,H,H,C,C,J,H,B,H,C,H,J,0.8,radicaleq
856,radicaleq,1,A,I,J,J,D,C,A,A,A,E,D,B,D,C,C,C,C,E,E,E,0.75,radicaleq
856,radicaleq,2,B,J,F,F,F,J,D,H,H,J,H,A,E,E,H,D,A,F,H,D,0.9,radicaleq
856,random,3,D,B,E,J,C,E,J,D,skip,skip,C,J,D,B,D,D,skip,J,A,B,0.45,radicaleq
856,radicaleq,4,D,F,H,H,H,H,F,F,F,A,A,E,H,H,A,F,J,H,A,F,0.75,radicaleq
856,random,5,E,B,B,A,B,H,D,E,F,I,F,B,J,G,B,B,B,I,C,C,0.7,radicaleq
856,random,6,E,A,E,C,D,B,J,B,C,F,J,G,G,A,C,G,J,B,G,J,0.7,radicaleq
857,radicaleq,1,A,B,E,G,E,E,G,G,F,J,B,G,D,H,I,F,H,I,B,H,0.7,radicaleq
857,random,2,A,C,G,F,I,D,D,B,J,C,D,F,B,I,J,F,C,F,A,C,0.5,radicaleq
857,radicaleq,3,C,H,F,B,A,F,F,C,C,G,J,B,B,A,A,I,G,F,I,A,0.85,radicaleq
857,radicaleq,4,D,F,B,J,I,B,H,H,J,E,A,A,A,I,D,G,C,B,H,G,0.55,radicaleq
857,random,5,J,A,C,G,D,B,J,H,I,C,J,G,A,H,F,E,J,C,F,G,0.45,radicaleq
857,random,6,D,I,C,I,I,H,E,G,H,H,F,E,C,J,J,E,A,D,E,B,0.7,radicaleq
858,radicaleq,1,A,G,G,F,D,D,G,I,H,I,I,I,F,I,H,C,G,J,F,B,0.6,radicaleq
858,radicaleq,2,B,D,J,J,J,H,I,J,J,B,H,J,C,H,F,I,F,H,G,C,0.7,radicaleq
858,radicaleq,3,C,I,D,H,F,F,F,A,A,C,B,G,H,J,D,D,H,B,A,F,0.75,radicaleq
858,random,4,E,F,A,G,G,A,G,I,F,A,A,A,F,B,E,I,E,H,D,B,0.7,radicaleq
858,random,5,B,B,B,C,J,D,C,H,A,H,C,E,B,E,I,skip,skip,J,G,A,0.5,radicaleq
858,random,6,H,C,I,C,A,D,F,G,B,J,B,G,C,J,A,C,G,I,I,A,0.5,radicaleq
859,random,1,C,J,G,D,H,C,I,J,A,J,C,D,E,B,F,J,I,H,F,D,0.55,radicaleq
859,radicaleq,2,B,I,I,G,I,J,I,J,B,B,G,J,J,J,C,J,C,C,C,E,0.8,radicaleq
859,radicaleq,3,C,D,J,I,B,G,J,G,G,I,D,B,B,G,E,I,D,D,G,J,0.85,radicaleq
859,random,4,E,C,D,skip,I,E,A,E,E,H,I,skip,H,skip,E,skip,I,E,B,skip,0.25,radicaleq
859,radicaleq,5,E,G,B,J,E,E,G,D,C,D,B,G,G,I,D,G,I,B,J,D,0.7,radicaleq
859,random,6,skip,C,D,D,B,B,C,E,C,E,I,C,D,B,F,F,G,B,B,A,0.4,radicaleq
860,random,1,J,I,C,E,H,G,C,F,B,J,skip,skip,G,I,A,C,G,B,B,F,0.5,radicaleq
860,random,2,D,C,D,skip,H,C,I,C,E,G,G,A,F,J,F,C,F,E,I,F,0.55,radicaleq
860,radicaleq,3,C,H,B,B,H,G,G,B,I,H,C,J,J,C,B,H,D,J,H,C,0.7,radicaleq
860,radicaleq,4,D,B,J,G,G,J,D,H,B,G,H,D,H,F,I,G,I,H,B,D,0.65,radicaleq
860,radicaleq,5,E,I,H,I,D,I,J,G,J,D,B,C,B,J,C,B,G,I,I,G,0.8,radicaleq
860,random,6,skip,C,J,B,F,A,F,D,I,E,I,D,H,D,skip,E,D,J,A,skip,0.45,radicaleq
861,radicaleq,1,A,G,G,G,H,H,H,H,E,H,B,B,G,G,H,J,D,H,J,D,0.8,radicaleq
861,rotate,2,B,C,D,E,F,A,B,C,D,E,F,A,B,C,D,E,F,A,B,C,0.95,radicaleq
861,rotate,3,C,D,E,F,A,B,C,D,E,F,A,B,C,D,E,F,A,B,C,D,0.6,radicaleq
861,radicaleq,4,D,J,E,J,B,G,F,I,I,G,J,J,C,J,J,A,G,G,H,A,0.8,radicaleq
861,radicaleq,5,E,A,H,H,J,C,J,J,D,F,G,G,H,H,G,F,H,J,C,G,0.75,radicaleq
861,rotate,6,F,A,B,C,D,E,F,A,B,C,D,E,F,A,B,C,D,E,F,A,0.8,radicaleq
862,radicaleq,1,A,G,G,G,I,C,J,H,H,E,I,I,B,I,I,H,H,H,I,E,0.8,rotate
862,rotate,2,B,C,D,E,F,A,B,C,D,E,F,A,B,C,D,E,F,A,B,C,0.7,rotate
862,radicaleq,3,C,I,I,D,F,H,B,I,I,I,G,G,F,G,G,A,G,G,D,H,0.75,rotate
862,rotate,4,D,E,F,A,B,C,D,E,F,A,B,C,D,E,F,A,B,C,D,E,0.75,rotate
862,radicaleq,5,E,A,H,J,H,G,G,G,D,H,H,C,H,H,B,E,I,I,F,G,0.7,rotate
862,rotate,6,F,A,B,C,D,E,F,A,B,C,D,E,F,A,B,C,D,E,F,A,0.8,rotate
863,rotate,1,A,B,C,D,E,F,A,B,C,D,E,F,A,B,C,D,E,F,A,B,0.9,radicaleq
863,rotate,2,B,C,D,E,F,A,B,C,D,E,F,A,B,C,D,E,F,A,B,C,0.4,radicaleq
863,radicaleq,3,C,I,I,A,H,H,C,A,I,B,H,F,C,C,J,H,I,A,H,H,0.8,radicaleq
863,radicaleq,4,D,J,D,E,J,I,I,I,J,H,I,A,H,I,D,E,J,H,B,J,0.7,radicaleq
863,rotate,5,E,F,A,B,C,D,E,F,A,B,C,D,E,F,A,B,C,D,E,F,0.95,radicaleq
863,radicaleq,6,F,B,H,H,F,J,J,H,D,E,J,J,I,J,H,I,F,J,I,I,0.75,radicaleq
864,radicaleq,1,A,G,J,C,D,I,I,I,I,C,G,E,J,I,B,J,J,E,G,I,0.7,radicaleq
864,radicaleq,2,B,H,G,I,J,J,F,G,G,I,D,I,A,J,G,I,D,J,F,J,0.8,radicaleq
864,radicaleq,3,C,I,B,J,G,E,G,J,J,D,J,G,F,G,I,C,G,I,A,G,0.8,radicaleq
864,rotate,4,D,E,F,A,B,C,D,E,F,A,B,C,D,E,F,A,B,C,D,E,1.0,radicaleq
864,rotate,5,E,F,A,B,C,D,E,F,A,B,C,D,E,F,A,B,C,D,E,F,1.0,radicaleq
864,rotate,6,F,A,B,C,D,E,F,A,B,C,D,E,F,A,B,C,D,E,F,A,0.3,radicaleq
865,rotate,1,A,B,C,D,E,F,A,B,C,D,E,F,A,B,C,D,E,F,A,B,0.75,radicaleq
865,rotate,2,B,C,D,E,F,A,B,C,D,E,F,A,B,C,D,E,F,A,B,C,0.7,radicaleq
865,radicaleq,3,C,I,J,D,G,F,B,H,H,J,H,H,J,C,G,J,A,G,J,J,0.8,radicaleq
865,radicaleq,4,D,J,E,J,E,G,J,J,D,G,J,B,G,H,E,D,F,B,G,G,0.8,radicaleq
865,radicaleq,5,E,A,G,H,H,H,G,G,F,C,F,G,H,J,A,G,J,A,C,B,0.75,radicaleq
865,rotate,6,F,A,B,C,D,E,F,A,B,C,D,E,F,A,B,C,D,E,F,A,0.9,radicaleq
866,radicaleq,1,A,G,G,I,I,I,I,I,C,C,B,G,G,A,H,H,E,I,I,E,0.8,radicaleq
866,radicaleq,2,B,H,B,H,H,G,D,H,G,G,D,E,H,I,G,G,D,G,F,H,0.7,radicaleq
866,rotate,3,C,D,E,F,A,B,C,D,E,F,A,B,C,D,E,F,A,B,C,D,1.0,radicaleq
866,rotate,4,D,E,F,A,B,C,D,E,F,A,B,C,D,E,F,A,B,C,D,E,0.8,radicaleq
866,radicaleq,5,E,A,I,C,G,H,F,G,H,I,H,I,F,H,I,I,B,H,G,A,0.7,radicaleq
866,rotate,6,F,A,B,C,D,E,F,A,B,C,D,E,F,A,B,C,D,E,F,A,0.4,radicaleq
867,radicaleq,1,A,G,I,G,H,I,J,I,H,C,C,I,J,H,A,I,J,D,J,F,0.8,radicaleq
867,radicaleq,2,B,H,J,I,J,J,H,H,J,H,E,H,D,J,H,B,I,H,E,H,0.85,radicaleq
867,rotate,3,C,D,E,F,A,B,C,D,E,F,A,B,C,D,E,F,A,B,C,D,0.95,radicaleq
867,rotate,4,D,E,F,A,B,C,D,E,F,A,B,C,D,E,F,A,B,C,D,E,0.95,radicaleq
867,rotate,5,E,F,A,B,C,D,E,F,A,B,C,D,E,F,A,B,C,D,E,F,0.6,radicaleq
867,radicaleq,6,F,B,C,D,A,H,I,J,I,B,G,J,I,F,I,J,H,E,I,J,0.85,radicaleq
868,rotate,1,A,B,C,D,E,F,A,B,C,D,E,F,A,B,C,D,E,F,A,B,0.6,radicaleq
868,radicaleq,2,B,H,A,H,H,H,H,I,E,H,I,D,H,I,C,H,J,F,A,J,0.7,radicaleq
868,rotate,3,C,D,E,F,A,B,C,D,E,F,A,B,C,D,E,F,A,B,C,D,0.7,radicaleq
868,radicaleq,4,D,J,C,J,E,J,J,F,H,J,A,H,J,F,H,I,A,H,I,I,0.7,radicaleq
868,rotate,5,E,F,A,B,C,D,E,F,A,B,C,D,E,F,A,B,C,D,E,F,0.8,radicaleq
868,radicaleq,6,F,B,I,D,I,I,I,J,C,I,J,B,I,J,E,J,I,B,H,H,0.7,radicaleq
869,radicaleq,1,A,G,H,G,J,D,D,G,G,J,B,G,G,H,J,H,C,D,J,E,0.85,radicaleq
869,rotate,2,B,C,D,E,F,A,B,C,D,E,F,A,B,C,D,E,F,A,B,C,1.0,radicaleq
869,rotate,3,C,D,E,F,A,B,C,D,E,F,A,B,C,D,E,F,A,B,C,D,0.95,radicaleq
869,rotate,4,D,E,F,A,B,C,D,E,F,A,B,C,D,E,F,A,B,C,D,E,0.55,radicaleq
869,radicaleq,5,E,A,F,J,H,H,H,H,F,G,G,J,E,G,G,G,H,G,D,F,0.85,radicaleq
869,radicaleq,6,F,B,C,B,A,J,J,J,H,A,C,H,J,E,H,J,B,J,H,G,0.8,radicaleq
870,rotate,1,A,B,C,D,E,F,A,B,C,D,E,F,A,B,C,D,E,F,A,B,0.55,radicaleq
870,radicaleq,2,B,H,A,I,D,H,H,F,J,I,I,D,H,H,I,I,E,A,J,J,0.8,radicaleq
870,radicaleq,3,C,I,H,C,E,J,J,I,C,J,J,I,I,J,H,D,J,F,A,H,0.75,radicaleq
870,rotate,4,D,E,F,A,B,C,D,E,F,A,B,C,D,E,F,A,B,C,D,E,0.95,radicaleq
870,rotate,5,E,F,A,B,C,D,E,F,A,B,C,D,E,F,A,B,C,D,E,F,0.65,radicaleq
870,radicaleq,6,F,B,J,J,I,I,D,H,H,B,E,H,J,F,A,J,C,H,H,B,0.6,radicaleq
871,rotate,1,A,B,C,D,E,F,A,B,C,D,E,F,A,B,C,D,E,F,A,B,0.65,radicaleq
871,radicaleq,2,B,H,C,H,H,H,H,H,F,G,G,I,I,I,I,C,H,I,H,H,0.85,radicaleq
871,radicaleq,3,C,I,I,I,F,E,B,C,D,E,B,G,A,G,G,G,G,E,G,B,0.75,radicaleq
871,rotate,4,D,E,F,A,B,C,D,E,F,A,B,C,D,E,F,A,B,C,D,E,0.9,radicaleq
871,radicaleq,5,E,A,G,D,G,G,I,G,I,I,H,F,H,H,H,D,I,H,A,I,0.75,radicaleq
871,rotate,6,F,A,B,C,D,E,F,A,B,C,D,E,F,A,B,C,D,E,F,A,0.8,radicaleq
872,radicaleq,1,A,G,H,C,C,G,G,G,G,I,F,G,E,H,H,I,H,H,E,G,0.8,radicaleq
872,rotate,2,B,C,D,E,F,A,B,C,D,E,F,A,B,C,D,E,F,A,B,C,0.8,radicaleq
872,radicaleq,3,C,I,A,G,H,E,E,H,H,H,H,A,I,I,F,H,G,D,G,I,0.75,radicaleq
872,rotate,4,D,E,F,A,B,C,D,E,F,A,B,C,D,E,F,A,B,C,D,E,0.95,radicaleq
872,rotate,5,E,F,A,B,C,D,E,F,A,B,C,D,E,F,A,B,C,D,E,F,0.6,radicaleq
872,radicaleq,6,F,B,D,I,I,D,H,I,I,B,G,I,G,G,B,C,I,A,H,H,0.8,radicaleq
873,rotate,1,A,B,C,D,E,F,A,B,C,D,E,F,A,B,C,D,E,F,A,B,0.65,radicaleq
873,radicaleq,2,B,H,C,H,G,F,H,G,H,D,H,G,G,G,G,D,J,J,J,D,0.75,radicaleq
873,rotate,3,C,D,E,F,A,B,C,D,E,F,A,B,C,D,E,F,A,B,C,D,0.7,radicaleq
873,radicaleq,4,D,J,E,G,D,H,J,J,E,G,J,F,H,H,H,G,H,H,C,J,0.75,radicaleq
873,radicaleq,5,E,A,G,F,J,J,B,C,J,A,B,J,A,C,E,H,B,F,G,H,0.75,radicaleq
873,rotate,6,F,A,B,C,D,E,F,A,B,C,D,E,F,A,B,C,D,E,F,A,0.9,radicaleq
874,rotate,1,A,B,C,D,E,F,A,B,C,D,E,F,A,B,C,D,E,F,A,B,0.25,radicaleq
874,radicaleq,2,B,H,H,J,J,H,A,B,J,D,H,F,I,J,H,D,J,F,I,J,0.7,radicaleq
874,radicaleq,3,C,I,C,D,H,F,I,J,H,I,J,H,A,I,J,E,I,H,A,I,0.75,radicaleq
874,radicaleq,4,D,J,I,E,I,J,H,I,C,E,I,J,H,B,I,H,E,J,H,B,0.8,radicaleq
874,rotate,5,E,F,A,B,C,D,E,F,A,B,C,D,E,F,A,B,C,D,E,F,1.0,radicaleq
874,rotate,6,F,A,B,C,D,E,F,A,B,C,D,E,F,A,B,C,D,E,F,A,1.0,radicaleq
875,radicaleq,1,A,G,I,I,H,G,F,I,B,H,I,I,A,H,I,C,G,I,F,H,0.8,radicaleq
875,radicaleq,2,B,H,G,C,J,I,I,G,I,C,G,G,F,G,B,H,I,E,H,G,0.75,radicaleq
875,rotate,3,C,D,E,F,A,B,C,D,E,F,A,B,C,D,E,F,A,B,C,D,1.0,radicaleq
875,radicaleq,4,D,J,H,G,E,E,H,H,G,D,H,H,I,A,G,D,H,G,I,B,0.9,radicaleq
875,rotate,5,E,F,A,B,C,D,E,F,A,B,C,D,E,F,A,B,C,D,E,F,1.0,radicaleq
875,rotate,6,F,A,B,C,D,E,F,A,B,C,D,E,F,A,B,C,D,E,F,A,0.45,radicaleq
876,radicaleq,1,A,G,H,J,J,G,A,D,G,G,C,H,F,H,H,C,C,H,H,H,0.85,radicaleq
876,rotate,2,B,C,D,E,F,A,B,C,D,E,F,A,B,C,D,E,F,A,B,C,1.0,radicaleq
876,rotate,3,C,D,E,F,A,B,C,D,E,F,A,B,C,D,E,F,A,B,C,D,0.8,radicaleq
876,radicaleq,4,D,J,G,G,H,H,H,A,E,B,H,G,G,A,B,H,A,D,G,F,0.75,radicaleq
876,rotate,5,E,F,A,B,C,D,E,F,A,B,C,D,E,F,A,B,C,D,E,F,0.55,radicaleq
876,radicaleq,6,F,B,E,H,C,I,I,I,I,I,G,D,H,F,I,I,I,G,E,I,0.75,radicaleq
877,rotate,1,A,B,C,D,E,F,A,B,C,D,E,F,A,B,C,D,E,F,A,B,0.9,radicaleq
877,radicaleq,2,B,H,J,C,C,I,E,E,I,I,C,C,D,J,J,I,I,I,E,J,0.85,radicaleq
877,rotate,3,C,D,E,F,A,B,C,D,E,F,A,B,C,D,E,F,A,B,C,D,1.0,radicaleq
877,rotate,4,D,E,F,A,B,C,D,E,F,A,B,C,D,E,F,A,B,C,D,E,0.5,radicaleq
877,radicaleq,5,E,A,F,J,J,D,A,J,F,H,H,J,I,I,F,H,H,J,J,I,0.8,radicaleq
877,radicaleq,6,F,B,I,I,I,J,D,I,J,A,B,H,H,H,H,J,B,H,H,H,0.75,radicaleq
878,radicaleq,1,A,G,H,J,D,E,J,J,J,E,I,A,I,G,J,E,G,A,J,J,0.7,radicaleq
878,rotate,2,B,C,D,E,F,A,B,C,D,E,F,A,B,C,D,E,F,A,B,C,0.5,radicaleq
878,radicaleq,3,C,I,B,G,G,I,I,I,I,G,F,E,B,A,G,G,D,J,G,G,0.7,radicaleq
878,radicaleq,4,D,J,I,C,J,G,F,G,G,J,D,J,J,C,B,J,F,G,B,C,0.6,radicaleq
878,rotate,5,E,F,A,B,C,D,E,F,A,B,C,D,E,F,A,B,C,D,E,F,1.0,radicaleq
878,rotate,6,F,A,B,C,D,E,F,A,B,C,D,E,F,A,B,C,D,E,F,A,0.5,radicaleq
879,rotate,1,A,B,C,D,E,F,A,B,C,D,E,F,A,B,C,D,E,F,A,B,0.95,radicaleq
879,rotate,2,B,C,D,E,F,A,B,C,D,E,F,A,B,C,D,E,F,A,B,C,0.95,radicaleq
879,rotate,3,C,D,E,F,A,B,C,D,E,F,A,B,C,D,E,F,A,B,C,D,0.4,radicaleq
879,radicaleq,4,D,J,E,J,A,I,I,H,J,J,A,I,I,E,H,J,J,C,H,I,0.85,radicaleq
879,radicaleq,5,E,A,F,F,J,B,C,I,I,I,I,H,J,D,J,F,H,I,J,D,0.7,radicaleq
879,radicaleq,6,F,B,H,H,H,J,D,C,H,H,J,B,H,I,E,I,A,H,I,J,0.75,radicaleq
880,rotate,1,A,B,C,D,E,F,A,B,C,D,E,F,A,B,C,D,E,F,A,B,0.95,radicaleq
880,rotate,2,B,C,D,E,F,A,B,C,D,E,F,A,B,C,D,E,F,A,B,C,0.65,radicaleq
880,radicaleq,3,C,I,I,I,I,E,B,E,J,J,J,C,I,J,I,A,B,J,J,J,0.75,radicaleq
880,rotate,4,D,E,F,A,B,C,D,E,F,A,B,C,D,E,F,A,B,C,D,E,0.45,radicaleq
880,radicaleq,5,E,A,F,H,C,D,D,J,I,I,F,J,J,C,D,J,J,C,D,E,0.6,radicaleq
880,radicaleq,6,F,B,H,A,J,J,H,H,H,H,I,A,B,I,F,E,I,I,I,F,0.7,radicaleq
881,radicaleq,1,A,D,G,J,G,J,G,J,G,J,I,J,I,J,I,J,I,E,I,E,1.0,draw
881,random3,2,H,H,H,H,H,H,H,H,H,H,H,H,H,H,H,H,H,H,H,H,1.0,draw
881,radicaleq,3,C,I,D,C,E,A,E,A,C,G,D,E,A,C,G,D,J,A,C,G,1.0,draw
881,random3,4,B,B,B,B,B,B,B,B,B,B,B,B,B,B,B,B,B,B,B,B,1.0,draw
881,radicaleq,5,E,A,I,D,C,I,D,E,A,C,G,D,E,A,C,G,D,J,A,D,1.0,draw
881,random3,6,F,F,F,F,F,F,F,F,F,F,F,F,F,F,F,F,F,F,F,F,1.0,draw
882,random3,1,J,J,J,J,J,J,J,J,J,J,J,J,J,J,J,J,J,J,J,J,1.0,draw
882,radicaleq,2,B,C,E,C,E,C,E,C,E,C,E,C,E,C,E,C,E,C,E,C,1.0,draw
882,random3,3,I,I,I,I,I,I,I,I,I,I,I,I,I,I,I,I,I,I,I,I,1.0,draw
882,radicaleq,4,D,G,D,G,B,G,B,G,B,G,B,G,B,G,B,G,B,G,B,G,1.0,draw
882,random3,5,H,H,H,H,H,H,H,H,H,H,H,H,H,H,H,H,H,H,H,H,1.0,draw
882,radicaleq,6,F,B,F,D,F,D,F,D,F,D,F,D,F,D,F,D,F,D,F,D,1.0,draw
883,radicaleq,1,A,C,J,F,J,F,E,E,F,E,C,E,F,E,C,E,F,E,C,E,0.95,radicaleq
883,radicaleq,2,B,I,C,C,E,G,I,J,I,J,I,J,I,J,I,J,I,J,I,J,0.85,radicaleq
883,random3,3,D,I,E,E,E,B,B,B,B,B,B,B,B,B,B,B,B,B,B,B,0.85,radicaleq
883,radicaleq,4,D,F,B,J,F,C,C,F,G,C,G,F,G,C,G,F,G,C,G,F,0.9,radicaleq
883,random3,5,A,A,D,D,D,D,D,D,D,D,D,D,D,D,D,D,D,D,D,D,0.9,radicaleq
883,random3,6,A,A,B,G,G,G,A,A,A,A,A,A,A,A,A,A,A,A,A,A,0.8,radicaleq
884,random3,1,B,B,B,B,B,B,B,B,B,B,B,B,B,B,B,B,B,B,B,B,0.95,draw
884,radicaleq,2,B,D,I,D,I,D,I,D,I,D,I,D,I,D,I,D,I,D,I,D,0.95,draw
884,radicaleq,3,C,H,H,H,F,H,C,H,F,H,C,H,F,H,C,H,F,H,C,H,1.0,draw
884,random3,4,F,E,E,E,E,E,E,E,E,E,E,E,E,E,E,E,E,E,E,E,0.95,draw
884,random3,5,J,J,J,J,J,J,J,J,J,J,J,J,J,J,J,J,J,J,J,J,1.0,draw
884,radicaleq,6,F,G,C,G,C,G,F,G,C,G,F,G,C,G,F,G,C,G,F,G,0.95,draw
885,radicaleq,1,A,B,F,G,B,F,G,B,F,G,B,F,G,B,F,G,B,F,G,B,1.0,draw
885,random3,2,C,C,C,C,C,C,C,C,C,C,C,C,C,C,C,C,C,C,C,C,1.0,draw
885,random3,3,H,H,H,H,H,H,H,H,H,H,H,H,H,H,H,H,H,H,H,H,1.0,draw
885,radicaleq,4,D,I,D,E,D,I,D,E,D,I,A,E,D,I,A,E,D,I,A,E,1.0,draw
885,radicaleq,5,E,A,I,A,E,A,I,A,E,D,I,A,E,D,I,A,E,D,I,D,1.0,draw
885,random3,6,J,J,J,J,J,J,J,J,J,J,J,J,J,J,J,J,J,J,J,J,1.0,draw
886,random3,1,B,B,B,B,B,B,B,B,B,B,B,B,B,B,B,B,B,B,B,B,0.95,draw
886,radicaleq,2,B,E,H,E,I,E,H,E,I,E,H,E,C,E,H,E,I,E,H,E,0.95,draw
886,radicaleq,3,C,I,C,F,C,F,C,F,C,F,I,F,I,F,C,F,C,F,C,F,1.0,draw
886,radicaleq,4,D,F,J,H,J,I,J,H,J,I,J,H,J,C,J,H,J,I,J,H,0.95,draw
886,random3,5,D,D,D,D,D,D,D,D,D,D,D,D,D,D,D,D,D,D,D,D,0.95,draw
886,random3,6,G,G,G,G,G,G,G,G,G,G,G,G,G,G,G,G,G,G,G,G,1.0,draw
887,radicaleq,1,A,B,C,G,C,G,J,G,J,G,J,F,J,F,G,C,H,J,F,G,0.9,draw
887,random3,2,D,E,E,E,E,E,E,E,E,E,E,E,E,E,E,E,E,E,E,E,0.9,draw
887,random3,3,I,I,I,I,I,I,I,I,I,I,I,I,I,I,I,I,I,I,I,I,1.0,draw
887,radicaleq,4,D,E,H,H,F,C,H,F,C,H,G,C,H,J,F,G,C,H,J,F,0.9,draw
887,random3,5,A,B,B,B,B,B,B,B,B,B,B,B,B,B,B,B,B,B,B,B,0.9,draw
887,radicaleq,6,F,J,A,D,A,D,A,D,A,D,A,D,A,D,A,D,A,D,A,D,1.0,draw
888,random3,1,G,G,G,G,G,G,G,G,G,G,G,G,G,G,G,G,G,G,G,G,0.95,draw
888,random3,2,C,C,C,C,C,C,C,C,C,C,C,C,C,C,C,C,C,C,C,C,0.95,draw
888,radicaleq,3,C,D,I,I,F,F,F,E,I,J,D,F,E,I,J,D,F,E,I,J,0.95,draw
888,random3,4,A,A,A,A,A,A,A,A,A,A,A,A,A,A,A,A,A,A,A,A,1.0,draw
888,radicaleq,5,E,J,J,D,E,D,J,D,F,E,I,J,D,F,E,I,J,D,F,E,1.0,draw
888,radicaleq,6,F,G,D,E,I,J,I,F,E,I,J,D,F,E,I,J,D,F,E,I,0.95,draw
889,random3,1,B,B,B,B,B,B,B,B,B,B,B,B,B,B,B,B,B,B,B,B,0.95,draw
889,radicaleq,2,B,D,I,I,E,D,H,I,C,D,E,I,H,D,C,I,E,D,H,I,0.95,draw
889,radicaleq,3,C,H,D,C,I,E,D,H,I,C,D,E,I,H,D,C,I,E,D,H,1.0,draw
889,random3,4,F,F,F,F,F,F,F,F,F,F,F,F,F,F,F,F,F,F,F,F,1.0,draw
889,radicaleq,5,E,J,H,J,C,J,E,J,H,J,C,J,E,J,H,J,C,J,E,J,1.0,draw
889,random3,6,G,G,G,G,G,G,G,G,G,G,G,G,G,G,G,G,G,G,G,G,1.0,draw
890,random3,1,I,I,I,I,I,I,I,I,I,I,I,I,I,I,I,I,I,I,I,I,0.95,draw
890,random3,2,D,D,D,D,D,D,D,D,D,D,D,D,D,D,D,D,D,D,D,D,0.95,draw
890,radicaleq,3,C,G,G,F,C,G,B,C,J,B,G,J,B,F,J,B,C,J,F,C,1.0,draw
890,radicaleq,4,D,B,J,B,G,F,C,J,B,G,J,B,F,J,B,C,J,F,C,J,0.95,draw
890,random3,5,H,H,H,H,H,H,H,H,H,H,H,H,H,H,H,H,H,H,H,H,1.0,draw
890,radicaleq,6,F,I,C,J,B,J,F,G,F,C,F,C,G,C,G,F,G,B,G,B,0.95,draw
891,random3,1,F,F,F,F,F,F,F,F,F,F,F,F,F,F,F,F,F,F,F,F,1.0,draw
891,random3,2,C,C,C,C,C,C,C,C,C,C,C,C,C,C,C,C,C,C,C,C,0.95,draw
891,radicaleq,3,C,B,H,B,H,B,H,B,H,B,H,B,H,B,H,B,H,B,H,B,0.95,draw
891,radicaleq,4,D,I,D,E,D,I,D,E,D,I,D,E,D,I,D,E,D,I,D,E,1.0,draw
891,radicaleq,5,E,J,I,J,E,J,I,J,E,J,I,J,E,J,I,J,E,J,I,J,1.0,draw
891,random3,6,G,G,G,G,G,G,G,G,G,G,G,G,G,G,G,G,G,G,G,G,1.0,draw
892,radicaleq,1,A,B,D,G,J,D,J,D,J,H,J,G,J,G,H,G,H,J,H,B,0.95,draw
892,random3,2,C,C,C,C,C,C,C,C,C,C,C,C,C,C,C,C,C,C,C,C,0.95,draw
892,radicaleq,3,C,E,H,B,G,H,B,G,D,B,H,D,B,J,D,B,G,D,J,H,0.95,draw
892,random3,4,A,A,A,A,A,A,A,A,A,A,A,A,A,A,A,A,A,A,A,A,0.95,draw
892,random3,5,F,F,F,F,F,F,F,F,F,F,F,F,F,F,F,F,F,F,F,F,0.95,draw
892,radicaleq,6,F,I,E,I,E,I,E,I,E,I,E,I,E,I,E,I,E,I,E,I,0.95,draw
893,radicaleq,1,A,C,G,A,G,I,G,I,G,I,D,I,C,I,A,D,G,C,G,A,1.0,draw
893,radicaleq,2,B,D,I,C,D,A,C,D,A,C,G,A,D,G,C,I,A,D,I,C,1.0,draw
893,random3,3,H,H,H,H,H,H,H,H,H,H,H,H,H,H,H,H,H,H,H,H,1.0,draw
893,random3,4,J,J,J,J,J,J,J,J,J,J,J,J,J,J,J,J,J,J,J,J,1.0,draw
893,random3,5,E,E,E,E,E,E,E,E,E,E,E,E,E,E,E,E,E,E,E,E,1.0,draw
893,radicaleq,6,F,B,F,B,F,B,F,B,F,B,F,B,F,B,F,B,F,B,F,B,1.0,draw
894,radicaleq,1,A,D,E,J,E,J,E,J,E,J,C,J,C,J,C,J,C,B,C,B,0.95,draw
894,radicaleq,2,B,G,D,G,I,G,I,G,I,E,I,B,I,D,E,D,J,I,G,E,1.0,draw
894,radicaleq,3,C,I,B,C,D,B,C,D,B,G,D,E,G,B,I,G,E,D,J,I,1.0,draw
894,random3,4,H,H,H,H,H,H,H,H,H,H,H,H,H,H,H,H,H,H,H,H,1.0,draw
894,random3,5,A,A,A,A,A,A,A,A,A,A,A,A,A,A,A,A,A,A,A,A,0.95,draw
894,random3,6,F,F,F,F,F,F,F,F,F,F,F,F,F,F,F,F,F,F,F,F,1.0,draw
895,random3,1,G,G,I,I,I,I,I,I,I,I,I,I,I,I,I,I,I,I,I,I,0.95,radicaleq
895,radicaleq,2,B,H,D,D,G,H,D,E,H,G,E,D,G,B,A,B,E,G,H,A,0.95,radicaleq
895,random3,3,I,J,J,J,A,A,A,A,A,A,A,A,B,D,D,B,B,B,B,B,0.6,radicaleq
895,radicaleq,4,D,J,B,E,H,D,E,H,G,E,D,G,E,E,D,E,G,H,A,G,0.9,radicaleq
895,radicaleq,5,E,G,H,B,E,B,G,B,D,B,H,A,B,H,H,G,H,A,D,E,0.85,radicaleq
895,random3,6,I,J,J,J,J,J,J,J,J,J,J,J,J,J,J,J,J,J,J,J,0.8,radicaleq
896,radicaleq,1,A,G,H,A,H,J,H,J,H,J,H,J,D,J,D,J,D,J,D,C,1.0,draw
896,random3,2,B,B,B,B,B,B,B,B,B,B,B,B,B,B,B,B,B,B,B,B,1.0,draw
896,radicaleq,3,C,I,G,I,A,I,D,G,C,A,I,H,G,C,A,I,H,G,J,A,1.0,draw
896,radicaleq,4,D,J,C,D,G,C,A,I,D,G,C,A,I,H,G,C,A,I,H,G,1.0,draw
896,random3,5,F,F,F,F,F,F,F,F,F,F,F,F,F,F,F,F,F,F,F,F,1.0,draw
896,random3,6,E,E,E,E,E,E,E,E,E,E,E,E,E,E,E,E,E,E,E,E,1.0,draw
897,radicaleq,1,A,H,J,J,I,H,G,J,I,H,G,J,I,H,G,J,I,H,G,J,1.0,random3
897,random3,2,B,B,B,B,B,B,B,B,B,B,B,B,B,B,B,B,B,B,B,B,1.0,random3
897,random3,3,D,D,D,D,D,D,D,D,D,D,D,D,D,D,D,D,D,D,D,D,1.0,random3
897,random3,4,E,E,E,E,E,E,E,E,E,E,E,E,E,E,E,E,E,E,E,E,0.95,random3
897,radicaleq,5,E,G,I,H,G,J,I,H,G,J,I,H,G,J,I,H,G,J,I,H,0.95,random3
897,radicaleq,6,F,A,F,A,F,A,F,A,F,A,F,A,F,A,F,A,F,A,F,A,1.0,random3
898,random3,1,G,G,G,G,G,G,G,G,G,G,G,G,G,G,G,G,G,G,G,G,0.95,radicaleq
898,radicaleq,2,B,I,I,J,J,I,F,J,I,F,J,I,F,J,I,F,J,I,F,J,1.0,radicaleq
898,random3,3,E,E,E,E,E,E,E,E,E,E,E,E,E,E,E,E,E,E,E,E,0.95,radicaleq
898,random3,4,G,H,H,H,H,H,H,H,H,H,H,H,H,H,H,H,H,H,H,H,0.9,radicaleq
898,radicaleq,5,E,H,C,D,B,C,D,B,C,D,B,C,D,B,C,D,B,C,D,B,0.9,radicaleq
898,radicaleq,6,F,J,F,I,F,J,I,F,J,I,F,J,I,F,J,I,F,J,I,F,1.0,radicaleq
899,random3,1,E,E,E,E,E,E,E,E,E,E,E,E,E,E,E,E,E,E,E,E,0.95,draw
899,random3,2,G,G,G,G,G,G,G,G,G,G,G,G,G,G,G,G,G,G,G,G,0.95,draw
899,random3,3,B,B,B,B,B,B,B,B,B,B,B,B,B,B,B,B,B,B,B,B,1.0,draw
899,radicaleq,4,D,J,C,C,I,J,F,D,C,I,J,F,I,C,D,J,F,F,C,D,1.0,draw
899,radicaleq,5,E,C,I,J,F,D,C,I,J,F,D,C,D,J,F,I,C,D,J,I,0.95,draw
899,radicaleq,6,F,G,D,I,J,F,D,C,I,J,F,I,C,D,J,F,I,C,D,J,0.95,draw
900,radicaleq,1,A,H,H,E,A,H,B,A,I,B,A,I,B,E,I,B,H,I,E,H,1.0,radicaleq
900,radicaleq,2,B,I,B,H,E,A,I,B,A,I,B,E,I,B,H,I,E,H,B,A,1.0,radicaleq
900,random3,3,D,J,J,J,J,J,J,J,J,J,J,J,J,J,J,J,J,J,J,J,0.9,radicaleq
900,random3,4,D,D,D,D,D,D,D,D,D,D,D,D,D,D,D,D,D,D,D,D,0.95,radicaleq
900,radicaleq,5,E,J,A,I,B,I,E,H,E,H,E,H,A,H,A,E,A,B,A,I,0.95,radicaleq
900,random3,6,G,G,G,G,G,G,G,G,G,G,G,G,G,G,G,G,G,G,G,G,1.0,radicaleq
901,radicaleq,1,A,G,G,E,E,G,C,H,D,I,G,F,I,J,D,G,J,D,E,J,1.0,draw
901,radicaleq,2,B,H,H,F,I,E,F,C,J,D,H,A,F,B,C,I,A,F,B,H,1.0,draw
901,radicaleq,3,C,I,C,G,B,H,D,I,G,F,I,J,D,G,J,D,E,J,G,C,1.0,draw
901,radicaleq,4,D,J,I,H,F,I,J,F,H,A,D,B,C,I,A,F,B,H,D,E,1.0,draw
901,radicaleq,5,E,A,D,A,D,A,G,A,C,J,C,G,A,F,E,H,G,C,I,A,1.0,draw
901,radicaleq,6,F,B,J,C,J,B,E,B,E,B,E,H,E,H,B,C,I,A,F,B,1.0,draw
902,radicaleq,1,A,G,G,E,E,G,C,H,D,I,G,F,I,J,D,G,J,D,E,J,1.0,draw
902,radicaleq,2,B,H,H,F,I,E,F,C,J,D,H,A,F,B,C,I,A,F,B,H,1.0,draw
902,radicaleq,3,C,I,C,G,B,H,D,I,G,F,I,J,D,G,J,D,E,J,G,C,1.0,draw
902,radicaleq,4,D,J,I,H,F,I,J,F,H,A,D,B,C,I,A,F,B,H,D,E,1.0,draw
902,radicaleq,5,E,A,D,A,D,A,G,A,C,J,C,G,A,F,E,H,G,C,I,A,1.0,draw
902,radicaleq,6,F,B,J,C,J,B,E,B,E,B,E,H,E,H,B,C,I,A,F,B,1.0,draw
903,radicaleq,1,A,G,G,E,E,G,C,H,D,I,G,F,I,J,D,G,J,D,E,J,1.0,draw
903,radicaleq,2,B,H,H,F,I,E,F,C,J,D,H,A,F,B,C,I,A,F,B,H,1.0,draw
903,radicaleq,3,C,I,C,G,B,H,D,I,G,F,I,J,D,G,J,D,E,J,G,C,1.0,draw
903,radicaleq,4,D,J,I,H,F,I,J,F,H,A,D,B,C,I,A,F,B,H,D,E,1.0,draw
903,radicaleq,5,E,A,D,A,D,A,G,A,C,J,C,G,A,F,E,H,G,C,I,A,1.0,draw
903,radicaleq,6,F,B,J,C,J,B,E,B,E,B,E,H,E,H,B,C,I,A,F,B,1.0,draw
904,radicaleq,1,A,G,G,E,E,G,C,H,D,I,G,F,I,J,D,G,J,D,E,J,1.0,draw
904,radicaleq,2,B,H,H,F,I,E,F,C,J,D,H,A,F,B,C,I,A,F,B,H,1.0,draw
904,radicaleq,3,C,I,C,G,B,H,D,I,G,F,I,J,D,G,J,D,E,J,G,C,1.0,draw
904,radicaleq,4,D,J,I,H,F,I,J,F,H,A,D,B,C,I,A,F,B,H,D,E,1.0,draw
904,radicaleq,5,E,A,D,A,D,A,G,A,C,J,C,G,A,F,E,H,G,C,I,A,1.0,draw
904,radicaleq,6,F,B,J,C,J,B,E,B,E,B,E,H,E,H,B,C,I,A,F,B,1.0,draw
905,radicaleq,1,A,G,G,E,E,G,C,H,D,I,G,F,I,J,D,G,J,D,E,J,1.0,draw
905,radicaleq,2,B,H,H,F,I,E,F,C,J,D,H,A,F,B,C,I,A,F,B,H,1.0,draw
905,radicaleq,3,C,I,C,G,B,H,D,I,G,F,I,J,D,G,J,D,E,J,G,C,1.0,draw
905,radicaleq,4,D,J,I,H,F,I,J,F,H,A,D,B,C,I,A,F,B,H,D,E,1.0,draw
905,radicaleq,5,E,A,D,A,D,A,G,A,C,J,C,G,A,F,E,H,G,C,I,A,1.0,draw
905,radicaleq,6,F,B,J,C,J,B,E,B,E,B,E,H,E,H,B,C,I,A,F,B,1.0,draw
906,radicaleq,1,A,G,G,E,E,G,C,H,D,I,G,F,I,J,D,G,J,D,E,J,1.0,draw
906,radicaleq,2,B,H,H,F,I,E,F,C,J,D,H,A,F,B,C,I,A,F,B,H,1.0,draw
906,radicaleq,3,C,I,C,G,B,H,D,I,G,F,I,J,D,G,J,D,E,J,G,C,1.0,draw
906,radicaleq,4,D,J,I,H,F,I,J,F,H,A,D,B,C,I,A,F,B,H,D,E,1.0,draw
906,radicaleq,5,E,A,D,A,D,A,G,A,C,J,C,G,A,F,E,H,G,C,I,A,1.0,draw
906,radicaleq,6,F,B,J,C,J,B,E,B,E,B,E,H,E,H,B,C,I,A,F,B,1.0,draw
907,radicaleq,1,A,G,G,E,E,G,C,H,D,I,G,F,I,J,D,G,J,D,E,J,1.0,draw
907,radicaleq,2,B,H,H,F,I,E,F,C,J,D,H,A,F,B,C,I,A,F,B,H,1.0,draw
907,radicaleq,3,C,I,C,G,B,H,D,I,G,F,I,J,D,G,J,D,E,J,G,C,1.0,draw
907,radicaleq,4,D,J,I,H,F,I,J,F,H,A,D,B,C,I,A,F,B,H,D,E,1.0,draw
907,radicaleq,5,E,A,D,A,D,A,G,A,C,J,C,G,A,F,E,H,G,C,I,A,1.0,draw
907,radicaleq,6,F,B,J,C,J,B,E,B,E,B,E,H,E,H,B,C,I,A,F,B,1.0,draw
908,radicaleq,1,A,G,G,E,E,G,C,H,D,I,G,F,I,J,D,G,J,D,E,J,1.0,draw
908,radicaleq,2,B,H,H,F,I,E,F,C,J,D,H,A,F,B,C,I,A,F,B,H,1.0,draw
908,radicaleq,3,C,I,C,G,B,H,D,I,G,F,I,J,D,G,J,D,E,J,G,C,1.0,draw
908,radicaleq,4,D,J,I,H,F,I,J,F,H,A,D,B,C,I,A,F,B,H,D,E,1.0,draw
908,radicaleq,5,E,A,D,A,D,A,G,A,C,J,C,G,A,F,E,H,G,C,I,A,1.0,draw
908,radicaleq,6,F,B,J,C,J,B,E,B,E,B,E,H,E,H,B,C,I,A,F,B,1.0,draw
909,radicaleq,1,A,G,G,E,E,G,C,H,D,I,G,F,I,J,D,G,J,D,E,J,1.0,draw
909,radicaleq,2,B,H,H,F,I,E,F,C,J,D,H,A,F,B,C,I,A,F,B,H,1.0,draw
909,radicaleq,3,C,I,C,G,B,H,D,I,G,F,I,J,D,G,J,D,E,J,G,C,1.0,draw
909,radicaleq,4,D,J,I,H,F,I,J,F,H,A,D,B,C,I,A,F,B,H,D,E,1.0,draw
909,radicaleq,5,E,A,D,A,D,A,G,A,C,J,C,G,A,F,E,H,G,C,I,A,1.0,draw
909,radicaleq,6,F,B,J,C,J,B,E,B,E,B,E,H,E,H,B,C,I,A,F,B,1.0,draw
910,radicaleq,1,A,G,G,E,E,G,C,H,D,I,G,F,I,J,D,G,J,D,E,J,1.0,draw
910,radicaleq,2,B,H,H,F,I,E,F,C,J,D,H,A,F,B,C,I,A,F,B,H,1.0,draw
910,radicaleq,3,C,I,C,G,B,H,D,I,G,F,I,J,D,G,J,D,E,J,G,C,1.0,draw
910,radicaleq,4,D,J,I,H,F,I,J,F,H,A,D,B,C,I,A,F,B,H,D,E,1.0,draw
910,radicaleq,5,E,A,D,A,D,A,G,A,C,J,C,G,A,F,E,H,G,C,I,A,1.0,draw
910,radicaleq,6,F,B,J,C,J,B,E,B,E,B,E,H,E,H,B,C,I,A,F,B,1.0,draw
911,radicaleq,1,A,G,G,E,E,G,C,H,D,I,G,F,I,J,D,G,J,D,E,J,1.0,draw
911,radicaleq,2,B,H,H,F,I,E,F,C,J,D,H,A,F,B,C,I,A,F,B,H,1.0,draw
911,radicaleq,3,C,I,C,G,B,H,D,I,G,F,I,J,D,G,J,D,E,J,G,C,1.0,draw
911,radicaleq,4,D,J,I,H,F,I,J,F,H,A,D,B,C,I,A,F,B,H,D,E,1.0,draw
911,radicaleq,5,E,A,D,A,D,A,G,A,C,J,C,G,A,F,E,H,G,C,I,A,1.0,draw
911,radicaleq,6,F,B,J,C,J,B,E,B,E,B,E,H,E,H,B,C,I,A,F,B,1.0,draw
912,radicaleq,1,A,G,G,E,E,G,C,H,D,I,G,F,I,J,D,G,J,D,E,J,1.0,draw
912,radicaleq,2,B,H,H,F,I,E,F,C,J,D,H,A,F,B,C,I,A,F,B,H,1.0,draw
912,radicaleq,3,C,I,C,G,B,H,D,I,G,F,I,J,D,G,J,D,E,J,G,C,1.0,draw
912,radicaleq,4,D,J,I,H,F,I,J,F,H,A,D,B,C,I,A,F,B,H,D,E,1.0,draw
912,radicaleq,5,E,A,D,A,D,A,G,A,C,J,C,G,A,F,E,H,G,C,I,A,1.0,draw
912,radicaleq,6,F,B,J,C,J,B,E,B,E,B,E,H,E,H,B,C,I,A,F,B,1.0,draw
913,radicaleq,1,A,G,G,E,E,G,C,H,D,I,G,F,I,J,D,G,J,D,E,J,1.0,draw
913,radicaleq,2,B,H,H,F,I,E,F,C,J,D,H,A,F,B,C,I,A,F,B,H,1.0,draw
913,radicaleq,3,C,I,C,G,B,H,D,I,G,F,I,J,D,G,J,D,E,J,G,C,1.0,draw
913,radicaleq,4,D,J,I,H,F,I,J,F,H,A,D,B,C,I,A,F,B,H,D,E,1.0,draw
913,radicaleq,5,E,A,D,A,D,A,G,A,C,J,C,G,A,F,E,H,G,C,I,A,1.0,draw
913,radicaleq,6,F,B,J,C,J,B,E,B,E,B,E,H,E,H,B,C,I,A,F,B,1.0,draw
914,radicaleq,1,A,G,G,E,E,G,C,H,D,I,G,F,I,J,D,G,J,D,E,J,1.0,draw
914,radicaleq,2,B,H,H,F,I,E,F,C,J,D,H,A,F,B,C,I,A,F,B,H,1.0,draw
914,radicaleq,3,C,I,C,G,B,H,D,I,G,F,I,J,D,G,J,D,E,J,G,C,1.0,draw
914,radicaleq,4,D,J,I,H,F,I,J,F,H,A,D,B,C,I,A,F,B,H,D,E,1.0,draw
914,radicaleq,5,E,A,D,A,D,A,G,A,C,J,C,G,A,F,E,H,G,C,I,A,1.0,draw
914,radicaleq,6,F,B,J,C,J,B,E,B,E,B,E,H,E,H,B,C,I,A,F,B,1.0,draw
915,radicaleq,1,A,G,G,E,E,G,C,H,D,I,G,F,I,J,D,G,J,D,E,J,1.0,draw
915,radicaleq,2,B,H,H,F,I,E,F,C,J,D,H,A,F,B,C,I,A,F,B,H,1.0,draw
915,radicaleq,3,C,I,C,G,B,H,D,I,G,F,I,J,D,G,J,D,E,J,G,C,1.0,draw
915,radicaleq,4,D,J,I,H,F,I,J,F,H,A,D,B,C,I,A,F,B,H,D,E,1.0,draw
915,radicaleq,5,E,A,D,A,D,A,G,A,C,J,C,G,A,F,E,H,G,C,I,A,1.0,draw
915,radicaleq,6,F,B,J,C,J,B,E,B,E,B,E,H,E,H,B,C,I,A,F,B,1.0,draw
916,radicaleq,1,A,G,G,E,E,G,C,H,D,I,G,F,I,J,D,G,J,D,E,J,1.0,draw
916,radicaleq,2,B,H,H,F,I,E,F,C,J,D,H,A,F,B,C,I,A,F,B,H,1.0,draw
916,radicaleq,3,C,I,C,G,B,H,D,I,G,F,I,J,D,G,J,D,E,J,G,C,1.0,draw
916,radicaleq,4,D,J,I,H,F,I,J,F,H,A,D,B,C,I,A,F,B,H,D,E,1.0,draw
916,radicaleq,5,E,A,D,A,D,A,G,A,C,J,C,G,A,F,E,H,G,C,I,A,1.0,draw
916,radicaleq,6,F,B,J,C,J,B,E,B,E,B,E,H,E,H,B,C,I,A,F,B,1.0,draw
917,radicaleq,1,A,G,G,E,E,G,C,H,D,I,G,F,I,J,D,G,J,D,E,J,1.0,draw
917,radicaleq,2,B,H,H,F,I,E,F,C,J,D,H,A,F,B,C,I,A,F,B,H,1.0,draw
917,radicaleq,3,C,I,C,G,B,H,D,I,G,F,I,J,D,G,J,D,E,J,G,C,1.0,draw
917,radicaleq,4,D,J,I,H,F,I,J,F,H,A,D,B,C,I,A,F,B,H,D,E,1.0,draw
917,radicaleq,5,E,A,D,A,D,A,G,A,C,J,C,G,A,F,E,H,G,C,I,A,1.0,draw
917,radicaleq,6,F,B,J,C,J,B,E,B,E,B,E,H,E,H,B,C,I,A,F,B,1.0,draw
918,radicaleq,1,A,G,G,E,E,G,C,H,D,I,G,F,I,J,D,G,J,D,E,J,1.0,draw
918,radicaleq,2,B,H,H,F,I,E,F,C,J,D,H,A,F,B,C,I,A,F,B,H,1.0,draw
918,radicaleq,3,C,I,C,G,B,H,D,I,G,F,I,J,D,G,J,D,E,J,G,C,1.0,draw
918,radicaleq,4,D,J,I,H,F,I,J,F,H,A,D,B,C,I,A,F,B,H,D,E,1.0,draw
918,radicaleq,5,E,A,D,A,D,A,G,A,C,J,C,G,A,F,E,H,G,C,I,A,1.0,draw
918,radicaleq,6,F,B,J,C,J,B,E,B,E,B,E,H,E,H,B,C,I,A,F,B,1.0,draw
919,radicaleq,1,A,G,G,E,E,G,C,H,D,I,G,F,I,J,D,G,J,D,E,J,1.0,draw
919,radicaleq,2,B,H,H,F,I,E,F,C,J,D,H,A,F,B,C,I,A,F,B,H,1.0,draw
919,radicaleq,3,C,I,C,G,B,H,D,I,G,F,I,J,D,G,J,D,E,J,G,C,1.0,draw
919,radicaleq,4,D,J,I,H,F,I,J,F,H,A,D,B,C,I,A,F,B,H,D,E,1.0,draw
919,radicaleq,5,E,A,D,A,D,A,G,A,C,J,C,G,A,F,E,H,G,C,I,A,1.0,draw
919,radicaleq,6,F,B,J,C,J,B,E,B,E,B,E,H,E,H,B,C,I,A,F,B,1.0,draw
920,radicaleq,1,A,G,G,E,E,G,C,H,D,I,G,F,I,J,D,G,J,D,E,J,1.0,draw
920,radicaleq,2,B,H,H,F,I,E,F,C,J,D,H,A,F,B,C,I,A,F,B,H,1.0,draw
920,radicaleq,3,C,I,C,G,B,H,D,I,G,F,I,J,D,G,J,D,E,J,G,C,1.0,draw
920,radicaleq,4,D,J,I,H,F,I,J,F,H,A,D,B,C,I,A,F,B,H,D,E,1.0,draw
920,radicaleq,5,E,A,D,A,D,A,G,A,C,J,C,G,A,F,E,H,G,C,I,A,1.0,draw
920,radicaleq,6,F,B,J,C,J,B,E,B,E,B,E,H,E,H,B,C,I,A,F,B,1.0,draw
921,random,1,G,H,G,A,J,A,C,C,C,D,D,C,C,J,I,C,J,E,skip,J,0.7,rotate0
921,rotate0,2,B,B,B,B,B,B,B,B,B,B,B,B,B,B,B,B,B,B,B,B,0.95,rotate0
921,random,3,I,H,J,J,A,F,F,skip,A,H,F,F,J,I,H,H,I,H,J,F,0.55,rotate0
921,rotate0,4,D,D,D,D,D,D,D,D,D,D,D,D,D,D,D,D,D,D,D,D,0.8,rotate0
921,random,5,E,H,skip,J,D,F,I,I,E,A,H,skip,D,I,B,E,J,E,A,F,0.4,rotate0
921,rotate0,6,F,F,F,F,F,F,F,F,F,F,F,F,F,F,F,F,F,F,F,F,0.75,rotate0
922,random,1,B,E,G,D,G,F,G,F,H,E,G,B,B,I,H,skip,E,C,A,C,0.45,rotate0
922,rotate0,2,B,B,B,B,B,B,B,B,B,B,B,B,B,B,B,B,B,B,B,B,0.85,rotate0
922,rotate0,3,C,C,C,C,C,C,C,C,C,C,C,C,C,C,C,C,C,C,C,C,0.8,rotate0
922,random,4,F,F,skip,F,E,H,E,H,F,A,F,F,H,J,I,I,A,J,A,A,0.65,rotate0
922,rotate0,5,E,E,E,E,E,E,E,E,E,E,E,E,E,E,E,E,E,E,E,E,0.65,rotate0
922,random,6,F,C,J,J,G,G,A,E,A,A,J,E,C,skip,J,J,A,G,F,J,0.55,rotate0
923,rotate0,1,A,A,A,A,A,A,A,A,A,A,A,A,A,A,A,A,A,A,A,A,0.9,rotate0
923,rotate0,2,B,B,B,B,B,B,B,B,B,B,B,B,B,B,B,B,B,B,B,B,0.7,rotate0
923,rotate0,3,C,C,C,C,C,C,C,C,C,C,C,C,C,C,C,C,C,C,C,C,0.65,rotate0
923,random,4,J,H,D,F,A,D,C,E,B,J,C,B,C,D,D,G,skip,H,skip,D,0.55,rotate0
923,random,5,G,G,C,B,skip,J,C,C,C,I,J,J,A,J,E,E,B,D,H,F,0.5,rotate0
923,random,6,G,skip,J,C,skip,E,B,I,H,H,H,H,J,I,D,E,J,B,F,E,0.6,rotate0
924,rotate0,1,A,A,A,A,A,A,A,A,A,A,A,A,A,A,A,A,A,A,A,A,0.7,rotate0
924,random,2,G,A,G,F,D,D,skip,C,D,J,I,J,A,F,C,skip,A,D,G,G,0.45,rotate0
924,rotate0,3,C,C,C,C,C,C,C,C,C,C,C,C,C,C,C,C,C,C,C,C,0.8,rotate0
924,rotate0,4,D,D,D,D,D,D,D,D,D,D,D,D,D,D,D,D,D,D,D,D,0.6,rotate0
924,random,5,skip,D,I,C,D,F,J,B,H,A,F,D,A,D,A,H,skip,skip,C,F,0.35,rotate0
924,random,6,I,J,H,E,I,skip,E,A,J,H,F,E,J,J,F,I,skip,F,D,E,0.75,rotate0
925,rotate0,1,A,A,A,A,A,A,A,A,A,A,A,A,A,A,A,A,A,A,A,A,0.75,rotate0
925,rotate0,2,B,B,B,B,B,B,B,B,B,B,B,B,B,B,B,B,B,B,B,B,0.85,rotate0
925,random,3,H,E,D,F,G,I,F,E,C,J,A,C,D,A,F,E,B,C,C,E,0.55,rotate0
925,random,4,A,D,F,C,I,skip,B,C,skip,E,H,B,A,H,G,H,F,skip,I,skip,0.5,rotate0
925,rotate0,5,E,E,E,E,E,E,E,E,E,E,E,E,E,E,E,E,E,E,E,E,0.65,rotate0
925,random,6,A,C,skip,J,C,I,E,I,G,C,D,H,D,G,G,J,E,J,A,skip,0.55,rotate0
926,random,1,D,A,G,F,G,G,G,F,F,C,A,B,F,I,G,E,F,J,J,E,0.55,rotate0
926,random,2,A,I,E,G,A,E,B,E,A,J,G,A,I,A,F,skip,A,F,C,H,0.6,rotate0
926,rotate0,3,C,C,C,C,C,C,C,C,C,C,C,C,C,C,C,C,C,C,C,C,0.75,rotate0
926,random,4,C,G,E,C,J,B,F,D,G,A,G,F,A,I,E,D,H,C,B,D,0.55,rotate0
926,rotate0,5,E,E,E,E,E,E,E,E,E,E,E,E,E,E,E,E,E,E,E,E,0.7,rotate0
926,rotate0,6,F,F,F,F,F,F,F,F,F,F,F,F,F,F,F,F,F,F,F,F,0.55,rotate0
927,random,1,A,B,I,A,J,J,B,D,B,D,C,I,J,A,B,skip,H,J,A,G,0.75,rotate0
927,random,2,I,skip,B,A,F,I,C,C,A,E,B,skip,H,D,C,E,D,skip,I,skip,0.4,rotate0
927,rotate0,3,C,C,C,C,C,C,C,C,C,C,C,C,C,C,C,C,C,C,C,C,0.6,rotate0
927,rotate0,4,D,D,D,D,D,D,D,D,D,D,D,D,D,D,D,D,D,D,D,D,0.75,rotate0
927,rotate0,5,E,E,E,E,E,E,E,E,E,E,E,E,E,E,E,E,E,E,E,E,0.8,rotate0
927,random,6,skip,skip,J,A,C,D,A,B,H,H,J,F,E,E,F,skip,F,C,C,C,0.45,rotate0
928,random,1,D,B,A,B,F,J,A,F,E,J,J,C,A,I,A,E,B,F,C,J,0.6,rotate0
928,rotate0,2,B,B,B,B,B,B,B,B,B,B,B,B,B,B,B,B,B,B,B,B,0.7,rotate0
928,rotate0,3,C,C,C,C,C,C,C,C,C,C,C,C,C,C,C,C,C,C,C,C,0.75,rotate0
928,rotate0,4,D,D,D,D,D,D,D,D,D,D,D,D,D,D,D,D,D,D,D,D,0.65,rotate0
928,random,5,H,G,E,H,I,C,B,F,A,B,skip,A,C,C,J,H,G,G,E,D,0.5,rotate0
928,random,6,H,D,B,B,D,F,I,H,J,F,D,D,E,G,D,H,skip,A,I,J,0.45,rotate0
929,rotate0,1,A,A,A,A,A,A,A,A,A,A,A,A,A,A,A,A,A,A,A,A,0.8,rotate0
929,random,2,E,H,D,F,E,A,G,B,skip,C,H,F,A,H,I,B,D,F,G,C,0.55,rotate0
929,rotate0,3,C,C,C,C,C,C,C,C,C,C,C,C,C,C,C,C,C,C,C,C,0.65,rotate0
929,random,4,skip,B,A,D,J,F,D,D,B,B,H,G,B,C,B,H,J,G,E,H,0.65,rotate0
929,random,5,B,G,skip,D,skip,C,J,G,A,B,I,H,C,B,E,G,H,C,C,C,0.5,rotate0
929,rotate0,6,F,F,F,F,F,F,F,F,F,F,F,F,F,F,F,F,F,F,F,F,0.8,rotate0
930,rotate0,1,A,A,A,A,A,A,A,A,A,A,A,A,A,A,A,A,A,A,A,A,0.9,rotate0
930,random,2,J,C,D,C,C,I,F,skip,J,G,F,skip,F,E,C,G,A,G,C,I,0.55,rotate0
930,random,3,I,I,skip,J,D,I,G,D,B,skip,I,F,J,D,skip,skip,C,C,G,G,0.55,rotate0
930,rotate0,4,D,D,D,D,D,D,D,D,D,D,D,D,D,D,D,D,D,D,D,D,0.75,rotate0
930,random,5,E,skip,I,H,G,D,E,B,H,C,A,I,skip,D,F,G,skip,skip,F,B,0.5,rotate0
930,rotate0,6,F,F,F,F,F,F,F,F,F,F,F,F,F,F,F,F,F,F,F,F,0.7,rotate0
931,rotate0,1,A,A,A,A,A,A,A,A,A,A,A,A,A,A,A,A,A,A,A,A,0.75,rotate0
931,rotate0,2,B,B,B,B,B,B,B,B,B,B,B,B,B,B,B,B,B,B,B,B,0.95,rotate0
931,random,3,I,J,H,J,skip,D,D,J,D,skip,F,H,A,skip,F,B,D,H,F,H,0.5,rotate0
931,random,4,J,E,H,D,C,D,F,A,G,D,E,F,I,skip,J,F,I,G,skip,skip,0.5,rotate0
931,random,5,skip,skip,skip,A,G,F,H,I,E,J,J,A,G,F,F,J,I,J,I,A,0.5,rotate0
931,rotate0,6,F,F,F,F,F,F,F,F,F,F,F,F,F,F,F,F,F,F,F,F,0.6,rotate0
932,random,1,skip,I,I,E,B,J,E,E,G,D,A,F,skip,F,G,G,E,H,J,A,0.45,rotate0
932,rotate0,2,B,B,B,B,B,B,B,B,B,B,B,B,B,B,B,B,B,B,B,B,0.65,rotate0
932,random,3,J,H,D,H,G,B,B,F,I,J,H,F,H,E,A,B,A,H,G,J,0.6,rotate0
932,rotate0,4,D,D,D,D,D,D,D,D,D,D,D,D,D,D,D,D,D,D,D,D,0.85,rotate0
932,rotate0,5,E,E,E,E,E,E,E,E,E,E,E,E,E,E,E,E,E,E,E,E,0.7,rotate0
932,random,6,G,C,E,B,skip,H,G,G,I,A,J,D,J,A,B,skip,F,J,J,B,0.55,rotate0
933,random,1,D,D,J,A,C,C,skip,F,D,skip,E,C,B,C,skip,D,B,skip,I,J,0.5,rotate0
933,rotate0,2,B,B,B,B,B,B,B,B,B,B,B,B,B,B,B,B,B,B,B,B,0.85,rotate0
933,random,3,skip,D,F,A,G,skip,G,A,J,H,I,D,C,I,H,E,C,J,C,F,0.65,rotate0
933,random,4,G,G,skip,E,A,I,C,F,B,F,A,I,skip,A,G,I,G,H,H,A,0.7,rotate0
933,rotate0,5,E,E,E,E,E,E,E,E,E,E,E,E,E,E,E,E,E,E,E,E,0.85,rotate0
933,rotate0,6,F,F,F,F,F,F,F,F,F,F,F,F,F,F,F,F,F,F,F,F,0.8,rotate0
934,random,1,F,skip,C,H,B,D,E,I,C,G,F,I,H,C,E,B,G,skip,I,C,0.4,rotate0
934,random,2,H,C,C,C,H,I,J,C,G,G,skip,J,I,C,E,H,A,D,skip,D,0.4,rotate0
934,rotate0,3,C,C,C,C,C,C,C,C,C,C,C,C,C,C,C,C,C,C,C,C,0.65,rotate0
934,rotate0,4,D,D,D,D,D,D,D,D,D,D,D,D,D,D,D,D,D,D,D,D,0.7,rotate0
934,random,5,H,D,A,D,B,A,A,skip,E,J,G,D,skip,C,E,E,J,skip,G,E,0.5,rotate0
934,rotate0,6,F,F,F,F,F,F,F,F,F,F,F,F,F,F,F,F,F,F,F,F,0.9,rotate0
935,rotate0,1,A,A,A,A,A,A,A,A,A,A,A,A,A,A,A,A,A,A,A,A,0.65,rotate0
935,random,2,B,C,A,E,G,D,skip,skip,F,C,I,C,C,F,C,A,C,G,H,F,0.3,rotate0
935,rotate0,3,C,C,C,C,C,C,C,C,C,C,C,C,C,C,C,C,C,C,C,C,0.55,rotate0
935,random,4,B,B,G,F,C,skip,H,F,A,F,C,A,E,I,H,D,I,J,H,skip,0.55,rotate0
935,rotate0,5,E,E,E,E,E,E,E,E,E,E,E,E,E,E,E,E,E,E,E,E,0.8,rotate0
935,random,6,B,G,skip,E,F,A,E,C,F,G,A,E,G,D,C,F,F,A,H,I,0.4,rotate0
936,rotate0,1,A,A,A,A,A,A,A,A,A,A,A,A,A,A,A,A,A,A,A,A,0.7,rotate0
936,random,2,I,F,B,H,G,F,skip,A,F,C,D,J,B,I,C,B,F,A,I,skip,0.75,rotate0
936,random,3,C,G,G,A,F,D,G,H,I,skip,C,A,F,skip,J,skip,A,skip,skip,B,0.55,rotate0
936,rotate0,4,D,D,D,D,D,D,D,D,D,D,D,D,D,D,D,D,D,D,D,D,0.75,rotate0
936,rotate0,5,E,E,E,E,E,E,E,E,E,E,E,E,E,E,E,E,E,E,E,E,0.9,rotate0
936,random,6,A,J,skip,J,D,D,D,J,D,F,H,A,H,B,I,G,skip,E,E,skip,0.45,rotate0
937,random,1,D,J,A,I,G,B,A,G,H,E,G,H,G,J,A,A,E,D,A,C,0.7,rotate0
937,random,2,D,F,F,G,C,B,E,J,J,C,I,G,J,H,skip,E,skip,H,E,F,0.5,rotate0
937,random,3,E,I,I,B,J,D,J,G,B,G,F,A,C,skip,H,G,A,G,I,D,0.7,rotate0
937,rotate0,4,D,D,D,D,D,D,D,D,D,D,D,D,D,D,D,D,D,D,D,D,0.8,rotate0
937,rotate0,5,E,E,E,E,E,E,E,E,E,E,E,E,E,E,E,E,E,E,E,E,0.7,rotate0
937,rotate0,6,F,F,F,F,F,F,F,F,F,F,F,F,F,F,F,F,F,F,F,F,0.8,rotate0
938,random,1,J,H,C,I,skip,F,D,D,G,F,E,I,E,G,skip,A,D,J,H,H,0.55,rotate0
938,rotate0,2,B,B,B,B,B,B,B,B,B,B,B,B,B,B,B,B,B,B,B,B,0.85,rotate0
938,rotate0,3,C,C,C,C,C,C,C,C,C,C,C,C,C,C,C,C,C,C,C,C,0.95,rotate0
938,random,4,A,I,H,I,I,E,D,E,F,B,B,F,skip,I,I,A,skip,G,A,A,0.4,rotate0
938,random,5,H,F,A,H,skip,E,A,skip,E,J,B,F,A,F,B,E,D,G,J,A,0.45,rotate0
938,rotate0,6,F,F,F,F,F,F,F,F,F,F,F,F,F,F,F,F,F,F,F,F,0.7,rotate0
939,rotate0,1,A,A,A,A,A,A,A,A,A,A,A,A,A,A,A,A,A,A,A,A,0.65,rotate0
939,random,2,D,J,C,G,D,B,A,J,skip,A,F,D,skip,B,A,I,A,G,D,B,0.6,rotate0
939,random,3,B,I,I,F,E,F,J,G,C,skip,F,E,A,skip,J,I,A,J,skip,H,0.4,rotate0
939,random,4,I,skip,D,H,C,G,C,A,skip,H,skip,A,J,D,G,B,D,D,F,H,0.65,rotate0
939,rotate0,5,E,E,E,E,E,E,E,E,E,E,E,E,E,E,E,E,E,E,E,E,0.9,rotate0
939,rotate0,6,F,F,F,F,F,F,F,F,F,F,F,F,F,F,F,F,F,F,F,F,0.8,rotate0
940,rotate0,1,A,A,A,A,A,A,A,A,A,A,A,A,A,A,A,A,A,A,A,A,0.65,rotate0
940,rotate0,2,B,B,B,B,B,B,B,B,B,B,B,B,B,B,B,B,B,B,B,B,0.8,rotate0
940,random,3,F,H,G,D,D,G,I,B,F,G,C,C,I,J,A,F,A,D,A,I,0.5,rotate0
940,rotate0,4,D,D,D,D,D,D,D,D,D,D,D,D,D,D,D,D,D,D,D,D,0.65,rotate0
940,random,5,H,H,J,A,G,G,A,F,H,I,H,skip,H,D,F,D,I,E,G,G,0.65,rotate0
940,random,6,G,B,B,C,A,E,H,D,B,A,F,J,J,H,C,C,A,F,D,I,0.55,rotate0
941,rotate,1,A,B,C,D,E,F,A,B,C,D,E,F,A,B,C,D,E,F,A,B,0.55,draw
941,rotate,2,B,C,D,E,F,A,B,C,D,E,F,A,B,C,D,E,F,A,B,C,0.5,draw
941,rotate0,3,C,C,C,C,C,C,C,C,C,C,C,C,C,C,C,C,C,C,C,C,0.5,draw
941,rotate0,4,D,D,D,D,D,D,D,D,D,D,D,D,D,D,D,D,D,D,D,D,0.55,draw
941,rotate,5,E,F,A,B,C,D,E,F,A,B,C,D,E,F,A,B,C,D,E,F,0.5,draw
941,rotate0,6,F,F,F,F,F,F,F,F,F,F,F,F,F,F,F,F,F,F,F,F,0.5,draw
942,rotate,1,A,B,C,D,E,F,A,B,C,D,E,F,A,B,C,D,E,F,A,B,0.55,draw
942,rotate,2,B,C,D,E,F,A,B,C,D,E,F,A,B,C,D,E,F,A,B,C,0.55,draw
942,rotate,3,C,D,E,F,A,B,C,D,E,F,A,B,C,D,E,F,A,B,C,D,0.5,draw
942,rotate0,4,D,D,D,D,D,D,D,D,D,D,D,D,D,D,D,D,D,D,D,D,0.5,draw
942,rotate0,5,E,E,E,E,E,E,E,E,E,E,E,E,E,E,E,E,E,E,E,E,0.55,draw
942,rotate0,6,F,F,F,F,F,F,F,F,F,F,F,F,F,F,F,F,F,F,F,F,0.55,draw
943,rotate,1,A,B,C,D,E,F,A,B,C,D,E,F,A,B,C,D,E,F,A,B,0.5,draw
943,rotate0,2,B,B,B,B,B,B,B,B,B,B,B,B,B,B,B,B,B,B,B,B,0.5,draw
943,rotate0,3,C,C,C,C,C,C,C,C,C,C,C,C,C,C,C,C,C,C,C,C,0.55,draw
943,rotate,4,D,E,F,A,B,C,D,E,F,A,B,C,D,E,F,A,B,C,D,E,0.55,draw
943,rotate,5,E,F,A,B,C,D,E,F,A,B,C,D,E,F,A,B,C,D,E,F,0.5,draw
943,rotate0,6,F,F,F,F,F,F,F,F,F,F,F,F,F,F,F,F,F,F,F,F,0.5,draw
944,rotate0,1,A,A,A,A,A,A,A,A,A,A,A,A,A,A,A,A,A,A,A,A,0.5,draw
944,rotate0,2,B,B,B,B,B,B,B,B,B,B,B,B,B,B,B,B,B,B,B,B,0.55,draw
944,rotate,3,C,D,E,F,A,B,C,D,E,F,A,B,C,D,E,F,A,B,C,D,0.5,draw
944,rotate0,4,D,D,D,D,D,D,D,D,D,D,D,D,D,D,D,D,D,D,D,D,0.5,draw
944,rotate,5,E,F,A,B,C,D,E,F,A,B,C,D,E,F,A,B,C,D,E,F,0.55,draw
944,rotate,6,F,A,B,C,D,E,F,A,B,C,D,E,F,A,B,C,D,E,F,A,0.5,draw
945,rotate,1,A,B,C,D,E,F,A,B,C,D,E,F,A,B,C,D,E,F,A,B,0.5,draw
945,rotate0,2,B,B,B,B,B,B,B,B,B,B,B,B,B,B,B,B,B,B,B,B,0.5,draw
945,rotate0,3,C,C,C,C,C,C,C,C,C,C,C,C,C,C,C,C,C,C,C,C,0.55,draw
945,rotate0,4,D,D,D,D,D,D,D,D,D,D,D,D,D,D,D,D,D,D,D,D,0.55,draw
945,rotate,5,E,F,A,B,C,D,E,F,A,B,C,D,E,F,A,B,C,D,E,F,0.55,draw
945,rotate,6,F,A,B,C,D,E,F,A,B,C,D,E,F,A,B,C,D,E,F,A,0.55,draw
946,rotate,1,A,B,C,D,E,F,A,B,C,D,E,F,A,B,C,D,E,F,A,B,0.5,draw
946,rotate0,2,B,B,B,B,B,B,B,B,B,B,B,B,B,B,B,B,B,B,B,B,0.5,draw
946,rotate0,3,C,C,C,C,C,C,C,C,C,C,C,C,C,C,C,C,C,C,C,C,0.55,draw
946,rotate,4,D,E,F,A,B,C,D,E,F,A,B,C,D,E,F,A,B,C,D,E,0.5,draw
946,rotate0,5,E,E,E,E,E,E,E,E,E,E,E,E,E,E,E,E,E,E,E,E,0.5,draw
946,rotate,6,F,A,B,C,D,E,F,A,B,C,D,E,F,A,B,C,D,E,F,A,0.55,draw
947,rotate0,1,A,A,A,A,A,A,A,A,A,A,A,A,A,A,A,A,A,A,A,A,0.5,draw
947,rotate,2,B,C,D,E,F,A,B,C,D,E,F,A,B,C,D,E,F,A,B,C,0.55,draw
947,rotate,3,C,D,E,F,A,B,C,D,E,F,A,B,C,D,E,F,A,B,C,D,0.5,draw
947,rotate0,4,D,D,D,D,D,D,D,D,D,D,D,D,D,D,D,D,D,D,D,D,0.5,draw
947,rotate0,5,E,E,E,E,E,E,E,E,E,E,E,E,E,E,E,E,E,E,E,E,0.55,draw
947,rotate,6,F,A,B,C,D,E,F,A,B,C,D,E,F,A,B,C,D,E,F,A,0.5,draw
948,rotate,1,A,B,C,D,E,F,A,B,C,D,E,F,A,B,C,D,E,F,A,B,0.5,draw
948,rotate0,2,B,B,B,B,B,B,B,B,B,B,B,B,B,B,B,B,B,B,B,B,0.5,draw
948,rotate,3,C,D,E,F,A,B,C,D,E,F,A,B,C,D,E,F,A,B,C,D,0.55,draw
948,rotate,4,D,E,F,A,B,C,D,E,F,A,B,C,D,E,F,A,B,C,D,E,0.5,draw
948,rotate0,5,E,E,E,E,E,E,E,E,E,E,E,E,E,E,E,E,E,E,E,E,0.5,draw
948,rotate0,6,F,F,F,F,F,F,F,F,F,F,F,F,F,F,F,F,F,F,F,F,0.55,draw
949,rotate0,1,A,A,A,A,A,A,A,A,A,A,A,A,A,A,A,A,A,A,A,A,0.55,draw
949,rotate0,2,B,B,B,B,B,B,B,B,B,B,B,B,B,B,B,B,B,B,B,B,0.55,draw
949,rotate,3,C,D,E,F,A,B,C,D,E,F,A,B,C,D,E,F,A,B,C,D,0.55,draw
949,rotate,4,D,E,F,A,B,C,D,E,F,A,B,C,D,E,F,A,B,C,D,E,0.55,draw
949,rotate,5,E,F,A,B,C,D,E,F,A,B,C,D,E,F,A,B,C,D,E,F,0.5,draw
949,rotate0,6,F,F,F,F,F,F,F,F,F,F,F,F,F,F,F,F,F,F,F,F,0.5,draw
950,rotate0,1,A,A,A,A,A,A,A,A,A,A,A,A,A,A,A,A,A,A,A,A,0.5,draw
950,rotate0,2,B,B,B,B,B,B,B,B,B,B,B,B,B,B,B,B,B,B,B,B,0.55,draw
950,rotate,3,C,D,E,F,A,B,C,D,E,F,A,B,C,D,E,F,A,B,C,D,0.55,draw
950,rotate,4,D,E,F,A,B,C,D,E,F,A,B,C,D,E,F,A,B,C,D,E,0.5,draw
950,rotate0,5,E,E,E,E,E,E,E,E,E,E,E,E,E,E,E,E,E,E,E,E,0.5,draw
950,rotate,6,F,A,B,C,D,E,F,A,B,C,D,E,F,A,B,C,D,E,F,A,0.5,draw
951,rotate0,1,A,A,A,A,A,A,A,A,A,A,A,A,A,A,A,A,A,A,A,A,0.5,draw
951,rotate0,2,B,B,B,B,B,B,B,B,B,B,B,B,B,B,B,B,B,B,B,B,0.55,draw
951,rotate0,3,C,C,C,C,C,C,C,C,C,C,C,C,C,C,C,C,C,C,C,C,0.55,draw
951,rotate,4,D,E,F,A,B,C,D,E,F,A,B,C,D,E,F,A,B,C,D,E,0.55,draw
951,rotate,5,E,F,A,B,C,D,E,F,A,B,C,D,E,F,A,B,C,D,E,F,0.55,draw
951,rotate,6,F,A,B,C,D,E,F,A,B,C,D,E,F,A,B,C,D,E,F,A,0.5,draw
952,rotate0,1,A,A,A,A,A,A,A,A,A,A,A,A,A,A,A,A,A,A,A,A,0.55,draw
952,rotate,2,B,C,D,E,F,A,B,C,D,E,F,A,B,C,D,E,F,A,B,C,0.55,draw
952,rotate,3,C,D,E,F,A,B,C,D,E,F,A,B,C,D,E,F,A,B,C,D,0.5,draw
952,rotate0,4,D,D,D,D,D,D,D,D,D,D,D,D,D,D,D,D,D,D,D,D,0.5,draw
952,rotate,5,E,F,A,B,C,D,E,F,A,B,C,D,E,F,A,B,C,D,E,F,0.5,draw
952,rotate0,6,F,F,F,F,F,F,F,F,F,F,F,F,F,F,F,F,F,F,F,F,0.5,draw
953,rotate0,1,A,A,A,A,A,A,A,A,A,A,A,A,A,A,A,A,A,A,A,A,0.55,draw
953,rotate,2,B,C,D,E,F,A,B,C,D,E,F,A,B,C,D,E,F,A,B,C,0.55,draw
953,rotate,3,C,D,E,F,A,B,C,D,E,F,A,B,C,D,E,F,A,B,C,D,0.55,draw
953,rotate,4,D,E,F,A,B,C,D,E,F,A,B,C,D,E,F,A,B,C,D,E,0.5,draw
953,rotate0,5,E,E,E,E,E,E,E,E,E,E,E,E,E,E,E,E,E,E,E,E,0.5,draw
953,rotate0,6,F,F,F,F,F,F,F,F,F,F,F,F,F,F,F,F,F,F,F,F,0.55,draw
954,rotate0,1,A,A,A,A,A,A,A,A,A,A,A,A,A,A,A,A,A,A,A,A,0.5,draw
954,rotate,2,B,C,D,E,F,A,B,C,D,E,F,A,B,C,D,E,F,A,B,C,0.5,draw
954,rotate0,3,C,C,C,C,C,C,C,C,C,C,C,C,C,C,C,C,C,C,C,C,0.5,draw
954,rotate0,4,D,D,D,D,D,D,D,D,D,D,D,D,D,D,D,D,D,D,D,D,0.55,draw
954,rotate,5,E,F,A,B,C,D,E,F,A,B,C,D,E,F,A,B,C,D,E,F,0.55,draw
954,rotate,6,F,A,B,C,D,E,F,A,B,C,D,E,F,A,B,C,D,E,F,A,0.5,draw
955,rotate0,1,A,A,A,A,A,A,A,A,A,A,A,A,A,A,A,A,A,A,A,A,0.55,draw
955,rotate,2,B,C,D,E,F,A,B,C,D,E,F,A,B,C,D,E,F,A,B,C,0.5,draw
955,rotate0,3,C,C,C,C,C,C,C,C,C,C,C,C,C,C,C,C,C,C,C,C,0.5,draw
955,rotate,4,D,E,F,A,B,C,D,E,F,A,B,C,D,E,F,A,B,C,D,E,0.55,draw
955,rotate,5,E,F,A,B,C,D,E,F,A,B,C,D,E,F,A,B,C,D,E,F,0.5,draw
955,rotate0,6,F,F,F,F,F,F,F,F,F,F,F,F,F,F,F,F,F,F,F,F,0.5,draw
956,rotate,1,A,B,C,D,E,F,A,B,C,D,E,F,A,B,C,D,E,F,A,B,0.5,draw
956,rotate0,2,B,B,B,B,B,B,B,B,B,B,B,B,B,B,B,B,B,B,B,B,0.5,draw
956,rotate,3,C,D,E,F,A,B,C,D,E,F,A,B,C,D,E,F,A,B,C,D,0.5,draw
956,rotate0,4,D,D,D,D,D,D,D,D,D,D,D,D,D,D,D,D,D,D,D,D,0.5,draw
956,rotate0,5,E,E,E,E,E,E,E,E,E,E,E,E,E,E,E,E,E,E,E,E,0.55,draw
956,rotate,6,F,A,B,C,D,E,F,A,B,C,D,E,F,A,B,C,D,E,F,A,0.55,draw
957,rotate,1,A,B,C,D,E,F,A,B,C,D,E,F,A,B,C,D,E,F,A,B,0.55,draw
957,rotate,2,B,C,D,E,F,A,B,C,D,E,F,A,B,C,D,E,F,A,B,C,0.5,draw
957,rotate0,3,C,C,C,C,C,C,C,C,C,C,C,C,C,C,C,C,C,C,C,C,0.5,draw
957,rotate,4,D,E,F,A,B,C,D,E,F,A,B,C,D,E,F,A,B,C,D,E,0.5,draw
957,rotate0,5,E,E,E,E,E,E,E,E,E,E,E,E,E,E,E,E,E,E,E,E,0.5,draw
957,rotate0,6,F,F,F,F,F,F,F,F,F,F,F,F,F,F,F,F,F,F,F,F,0.55,draw
958,rotate,1,A,B,C,D,E,F,A,B,C,D,E,F,A,B,C,D,E,F,A,B,0.55,draw
958,rotate,2,B,C,D,E,F,A,B,C,D,E,F,A,B,C,D,E,F,A,B,C,0.5,draw
958,rotate0,3,C,C,C,C,C,C,C,C,C,C,C,C,C,C,C,C,C,C,C,C,0.5,draw
958,rotate0,4,D,D,D,D,D,D,D,D,D,D,D,D,D,D,D,D,D,D,D,D,0.55,draw
958,rotate0,5,E,E,E,E,E,E,E,E,E,E,E,E,E,E,E,E,E,E,E,E,0.55,draw
958,rotate,6,F,A,B,C,D,E,F,A,B,C,D,E,F,A,B,C,D,E,F,A,0.55,draw
959,rotate0,1,A,A,A,A,A,A,A,A,A,A,A,A,A,A,A,A,A,A,A,A,0.5,draw
959,rotate,2,B,C,D,E,F,A,B,C,D,E,F,A,B,C,D,E,F,A,B,C,0.5,draw
959,rotate0,3,C,C,C,C,C,C,C,C,C,C,C,C,C,C,C,C,C,C,C,C,0.5,draw
959,rotate,4,D,E,F,A,B,C,D,E,F,A,B,C,D,E,F,A,B,C,D,E,0.5,draw
959,rotate0,5,E,E,E,E,E,E,E,E,E,E,E,E,E,E,E,E,E,E,E,E,0.5,draw
959,rotate,6,F,A,B,C,D,E,F,A,B,C,D,E,F,A,B,C,D,E,F,A,0.5,draw
960,rotate,1,A,B,C,D,E,F,A,B,C,D,E,F,A,B,C,D,E,F,A,B,0.5,draw
960,rotate0,2,B,B,B,B,B,B,B,B,B,B,B,B,B,B,B,B,B,B,B,B,0.5,draw
960,rotate,3,C,D,E,F,A,B,C,D,E,F,A,B,C,D,E,F,A,B,C,D,0.5,draw
960,rotate0,4,D,D,D,D,D,D,D,D,D,D,D,D,D,D,D,D,D,D,D,D,0.5,draw
960,rotate,5,E,F,A,B,C,D,E,F,A,B,C,D,E,F,A,B,C,D,E,F,0.5,draw
960,rotate0,6,F,F,F,F,F,F,F,F,F,F,F,F,F,F,F,F,F,F,F,F,0.5,draw
961,random3,1,D,D,D,D,D,D,D,D,D,D,D,D,D,D,D,D,D,D,D,D,1.0,draw
961,rotate0,2,B,B,B,B,B,B,B,B,B,B,B,B,B,B,B,B,B,B,B,B,1.0,draw
961,rotate0,3,C,C,C,C,C,C,C,C,C,C,C,C,C,C,C,C,C,C,C,C,1.0,draw
961,random3,4,J,J,J,J,J,J,J,J,J,J,J,J,J,J,J,J,J,J,J,J,1.0,draw
961,random3,5,A,A,A,A,A,A,A,A,A,A,A,A,A,A,A,A,A,A,A,A,1.0,draw
961,rotate0,6,F,F,F,F,F,F,F,F,F,F,F,F,F,F,F,F,F,F,F,F,1.0,draw
962,random3,1,E,E,E,E,E,E,E,E,E,E,E,E,E,E,E,E,E,E,E,E,1.0,draw
962,rotate0,2,B,B,B,B,B,B,B,B,B,B,B,B,B,B,B,B,B,B,B,B,1.0,draw
962,random3,3,D,D,A,A,A,A,A,A,A,A,A,A,A,A,A,A,A,A,A,A,0.9,draw
962,rotate0,4,D,D,D,D,D,D,D,D,D,D,D,D,D,D,D,D,D,D,D,D,0.9,draw
962,random3,5,F,F,F,I,I,I,I,I,I,I,I,I,I,I,I,I,I,I,I,I,0.85,draw
962,rotate0,6,F,F,F,F,F,F,F,F,F,F,F,F,F,F,F,F,F,F,F,F,0.85,draw
963,rotate0,1,A,A,A,A,A,A,A,A,A,A,A,A,A,A,A,A,A,A,A,A,1.0,rotate0
963,rotate0,2,B,B,B,B,B,B,B,B,B,B,B,B,B,B,B,B,B,B,B,B,1.0,rotate0
963,random3,3,H,H,H,H,H,H,H,H,H,H,H,H,H,H,H,H,H,H,H,H,1.0,rotate0
963,random3,4,E,E,E,E,E,E,E,I,I,I,I,I,I,I,I,I,I,I,I,I,0.65,rotate0
963,rotate0,5,E,E,E,E,E,E,E,E,E,E,E,E,E,E,E,E,E,E,E,E,0.65,rotate0
963,random3,6,E,E,E,E,E,F,F,F,F,F,F,F,F,F,F,F,F,F,F,F,0.75,rotate0
964,random3,1,B,B,H,H,H,H,H,H,H,H,H,H,H,H,H,H,H,H,H,H,0.9,draw
964,rotate0,2,B,B,B,B,B,B,B,B,B,B,B,B,B,B,B,B,B,B,B,B,0.9,draw
964,rotate0,3,C,C,C,C,C,C,C,C,C,C,C,C,C,C,C,C,C,C,C,C,1.0,draw
964,rotate0,4,D,D,D,D,D,D,D,D,D,D,D,D,D,D,D,D,D,D,D,D,0.75,draw
964,random3,5,E,E,E,E,E,E,E,E,E,E,E,E,E,E,E,E,E,E,E,E,1.0,draw
964,random3,6,D,D,D,D,D,J,J,J,J,J,J,J,J,J,J,J,J,J,J,J,0.75,draw
965,rotate0,1,A,A,A,A,A,A,A,A,A,A,A,A,A,A,A,A,A,A,A,A,1.0,draw
965,random3,2,D,D,D,D,I,I,I,I,I,I,I,I,I,I,I,I,I,I,I,I,0.8,draw
965,random3,3,E,E,E,E,E,E,E,E,E,E,E,E,E,E,E,E,E,E,E,E,1.0,draw
965,rotate0,4,D,D,D,D,D,D,D,D,D,D,D,D,D,D,D,D,D,D,D,D,0.8,draw
965,random3,5,G,G,G,G,G,G,G,G,G,G,G,G,G,G,G,G,G,G,G,G,1.0,draw
965,rotate0,6,F,F,F,F,F,F,F,F,F,F,F,F,F,F,F,F,F,F,F,F,1.0,draw
966,random3,1,C,C,C,C,C,C,C,C,C,C,C,C,C,C,C,C,C,C,C,C,1.0,draw
966,rotate0,2,B,B,B,B,B,B,B,B,B,B,B,B,B,B,B,B,B,B,B,B,1.0,draw
966,random3,3,I,I,I,I,I,I,I,I,I,I,I,I,I,I,I,I,I,I,I,I,1.0,draw
966,rotate0,4,D,D,D,D,D,D,D,D,D,D,D,D,D,D,D,D,D,D,D,D,1.0,draw
966,rotate0,5,E,E,E,E,E,E,E,E,E,E,E,E,E,E,E,E,E,E,E,E,1.0,draw
966,random3,6,A,A,A,A,A,A,A,A,A,A,A,A,A,A,A,A,A,A,A,A,1.0,draw
967,random3,1,D,D,D,I,I,I,I,I,I,I,I,I,I,I,I,I,I,I,I,I,0.85,draw
967,random3,2,J,J,J,J,J,J,J,J,J,J,J,J,J,J,J,J,J,J,J,J,1.0,draw
967,rotate0,3,C,C,C,C,C,C,C,C,C,C,C,C,C,C,C,C,C,C,C,C,1.0,draw
967,rotate0,4,D,D,D,D,D,D,D,D,D,D,D,D,D,D,D,D,D,D,D,D,0.85,draw
967,rotate0,5,E,E,E,E,E,E,E,E,E,E,E,E,E,E,E,E,E,E,E,E,1.0,draw
967,random3,6,G,G,G,G,G,G,G,G,G,G,G,G,G,G,G,G,G,G,G,G,1.0,draw
968,rotate0,1,A,A,A,A,A,A,A,A,A,A,A,A,A,A,A,A,A,A,A,A,1.0,draw
968,rotate0,2,B,B,B,B,B,B,B,B,B,B,B,B,B,B,B,B,B,B,B,B,0.9,draw
968,random3,3,B,B,D,D,D,D,D,D,D,D,D,D,D,D,D,D,D,D,D,D,0.9,draw
968,random3,4,G,G,G,G,G,G,G,G,G,G,G,G,G,G,G,G,G,G,G,G,1.0,draw
968,random3,5,C,C,C,C,C,C,C,C,C,C,C,C,C,C,C,C,C,C,C,C,1.0,draw
968,rotate0,6,F,F,F,F,F,F,F,F,F,F,F,F,F,F,F,F,F,F,F,F,1.0,draw
969,rotate0,1,A,A,A,A,A,A,A,A,A,A,A,A,A,A,A,A,A,A,A,A,1.0,draw
969,random3,2,G,G,G,G,G,G,G,G,G,G,G,G,G,G,G,G,G,G,G,G,1.0,draw
969,random3,3,H,H,H,H,H,H,H,H,H,H,H,H,H,H,H,H,H,H,H,H,1.0,draw
969,random3,4,J,J,J,J,J,J,J,J,J,J,J,J,J,J,J,J,J,J,J,J,1.0,draw
969,rotate0,5,E,E,E,E,E,E,E,E,E,E,E,E,E,E,E,E,E,E,E,E,1.0,draw
969,rotate0,6,F,F,F,F,F,F,F,F,F,F,F,F,F,F,F,F,F,F,F,F,1.0,draw
970,random3,1,G,G,G,G,G,G,G,G,G,G,G,G,G,G,G,G,G,G,G,G,0.9,rotate0
970,rotate0,2,B,B,B,B,B,B,B,B,B,B,B,B,B,B,B,B,B,B,B,B,1.0,rotate0
970,rotate0,3,C,C,C,C,C,C,C,C,C,C,C,C,C,C,C,C,C,C,C,C,1.0,rotate0
970,random3,4,J,J,J,J,J,J,J,J,J,J,J,J,J,J,J,J,J,J,J,J,1.0,rotate0
970,rotate0,5,E,E,E,E,E,E,E,E,E,E,E,E,E,E,E,E,E,E,E,E,1.0,rotate0
970,random3,6,G,G,H,H,H,H,H,H,H,H,H,H,H,H,H,H,H,H,H,H,0.9,rotate0
971,random3,1,D,D,D,D,D,E,E,E,E,E,E,E,E,E,E,E,E,E,E,E,0.75,draw
971,random3,2,I,I,I,I,I,I,I,I,I,I,I,I,I,I,I,I,I,I,I,I,1.0,draw
971,rotate0,3,C,C,C,C,C,C,C,C,C,C,C,C,C,C,C,C,C,C,C,C,1.0,draw
971,rotate0,4,D,D,D,D,D,D,D,D,D,D,D,D,D,D,D,D,D,D,D,D,0.75,draw
971,random3,5,B,B,B,B,B,B,B,B,B,B,B,B,B,B,B,B,B,B,B,B,1.0,draw
971,rotate0,6,F,F,F,F,F,F,F,F,F,F,F,F,F,F,F,F,F,F,F,F,1.0,draw
972,rotate0,1,A,A,A,A,A,A,A,A,A,A,A,A,A,A,A,A,A,A,A,A,1.0,draw
972,rotate0,2,B,B,B,B,B,B,B,B,B,B,B,B,B,B,B,B,B,B,B,B,0.5,draw
972,random3,3,H,H,H,H,H,H,H,H,H,H,H,H,H,H,H,H,H,H,H,H,1.0,draw
972,rotate0,4,D,D,D,D,D,D,D,D,D,D,D,D,D,D,D,D,D,D,D,D,1.0,draw
972,random3,5,G,G,G,G,G,G,G,G,G,G,G,G,G,G,G,G,G,G,G,G,1.0,draw
972,random3,6,B,B,B,B,B,B,B,B,B,B,C,C,C,C,C,C,C,C,C,C,0.5,draw
973,rotate0,1,A,A,A,A,A,A,A,A,A,A,A,A,A,A,A,A,A,A,A,A,1.0,random3
973,random3,2,D,D,D,D,D,F,F,F,F,F,F,F,F,F,F,F,F,F,F,F,0.75,random3
973,random3,3,E,E,E,J,J,J,J,J,J,J,J,J,J,J,J,J,J,J,J,J,0.85,random3
973,rotate0,4,D,D,D,D,D,D,D,D,D,D,D,D,D,D,D,D,D,D,D,D,0.75,random3
973,rotate0,5,E,E,E,E,E,E,E,E,E,E,E,E,E,E,E,E,E,E,E,E,0.85,random3
973,random3,6,B,B,B,B,B,B,B,B,B,B,B,B,B,B,B,B,B,B,B,B,1.0,random3
974,random3,1,C,C,C,C,C,C,C,C,C,C,C,C,C,C,C,C,C,C,C,C,0.95,rotate0
974,random3,2,C,G,G,G,G,G,G,G,G,G,G,G,G,G,G,G,G,G,G,G,0.95,rotate0
974,random3,3,I,I,I,I,I,I,I,I,I,I,I,I,I,I,I,I,I,I,I,I,1.0,rotate0
974,rotate0,4,D,D,D,D,D,D,D,D,D,D,D,D,D,D,D,D,D,D,D,D,1.0,rotate0
974,rotate0,5,E,E,E,E,E,E,E,E,E,E,E,E,E,E,E,E,E,E,E,E,1.0,rotate0
974,rotate0,6,F,F,F,F,F,F,F,F,F,F,F,F,F,F,F,F,F,F,F,F,1.0,rotate0
975,rotate0,1,A,A,A,A,A,A,A,A,A,A,A,A,A,A,A,A,A,A,A,A,1.0,rotate0
975,rotate0,2,B,B,B,B,B,B,B,B,B,B,B,B,B,B,B,B,B,B,B,B,1.0,rotate0
975,rotate0,3,C,C,C,C,C,C,C,C,C,C,C,C,C,C,C,C,C,C,C,C,1.0,rotate0
975,random3,4,E,E,E,E,D,D,D,D,D,D,D,D,D,D,D,D,D,D,D,D,0.8,rotate0
975,random3,5,F,F,F,F,F,F,F,F,F,F,F,F,F,F,F,F,F,F,F,F,1.0,rotate0
975,random3,6,E,E,E,E,E,E,E,E,E,E,E,E,E,E,E,E,E,E,E,E,0.8,rotate0
976,rotate0,1,A,A,A,A,A,A,A,A,A,A,A,A,A,A,A,A,A,A,A,A,0.9,draw
976,random3,2,I,I,I,I,I,I,I,I,I,I,I,I,I,I,I,I,I,I,I,I,1.0,draw
976,rotate0,3,C,C,C,C,C,C,C,C,C,C,C,C,C,C,C,C,C,C,C,C,1.0,draw
976,random3,4,A,A,H,H,H,H,H,H,H,H,H,H,H,H,H,H,H,H,H,H,0.9,draw
976,random3,5,B,B,B,B,B,B,B,B,B,B,B,B,B,B,B,B,B,B,B,B,1.0,draw
976,rotate0,6,F,F,F,F,F,F,F,F,F,F,F,F,F,F,F,F,F,F,F,F,1.0,draw
977,random3,1,I,I,I,I,I,I,I,I,I,I,I,I,I,I,I,I,I,I,I,I,1.0,rotate0
977,rotate0,2,B,B,B,B,B,B,B,B,B,B,B,B,B,B,B,B,B,B,B,B,1.0,rotate0
977,random3,3,J,J,J,A,A,A,A,A,A,A,A,A,A,A,A,A,A,A,A,A,0.85,rotate0
977,random3,4,J,J,J,J,J,J,J,J,J,J,J,J,J,J,J,J,J,J,J,J,0.85,rotate0
977,rotate0,5,E,E,E,E,E,E,E,E,E,E,E,E,E,E,E,E,E,E,E,E,1.0,rotate0
977,rotate0,6,F,F,F,F,F,F,F,F,F,F,F,F,F,F,F,F,F,F,F,F,1.0,rotate0
978,rotate0,1,A,A,A,A,A,A,A,A,A,A,A,A,A,A,A,A,A,A,A,A,1.0,draw
978,random3,2,G,G,G,G,G,G,G,G,G,G,G,G,G,G,G,G,G,G,G,G,1.0,draw
978,rotate0,3,C,C,C,C,C,C,C,C,C,C,C,C,C,C,C,C,C,C,C,C,0.9,draw
978,rotate0,4,D,D,D,D,D,D,D,D,D,D,D,D,D,D,D,D,D,D,D,D,1.0,draw
978,random3,5,J,J,J,J,J,J,J,J,J,J,J,J,J,J,J,J,J,J,J,J,1.0,draw
978,random3,6,C,C,F,F,F,F,F,F,F,F,F,F,F,F,F,F,F,F,F,F,0.9,draw
979,random3,1,D,D,D,D,D,D,D,D,D,D,D,D,D,D,D,D,D,D,D,D,1.0,draw
979,random3,2,H,H,H,H,H,H,H,H,H,H,H,H,H,H,H,H,H,H,H,H,1.0,draw
979,rotate0,3,C,C,C,C,C,C,C,C,C,C,C,C,C,C,C,C,C,C,C,C,1.0,draw
979,random3,4,G,G,G,G,G,G,G,G,G,G,G,G,G,G,G,G,G,G,G,G,1.0,draw
979,rotate0,5,E,E,E,E,E,E,E,E,E,E,E,E,E,E,E,E,E,E,E,E,1.0,draw
979,rotate0,6,F,F,F,F,F,F,F,F,F,F,F,F,F,F,F,F,F,F,F,F,1.0,draw
980,rotate0,1,A,A,A,A,A,A,A,A,A,A,A,A,A,A,A,A,A,A,A,A,1.0,draw
980,random3,2,B,B,B,B,B,B,B,B,B,B,B,B,B,B,B,B,B,B,B,B,1.0,draw
980,rotate0,3,C,C,C,C,C,C,C,C,C,C,C,C,C,C,C,C,C,C,C,C,1.0,draw
980,random3,4,E,E,E,H,H,H,H,H,H,H,H,H,H,H,H,H,H,H,H,H,0.85,draw
980,rotate0,5,E,E,E,E,E,E,E,E,E,E,E,E,E,E,E,E,E,E,E,E,0.85,draw
980,random3,6,J,J,J,J,J,J,J,J,J,J,J,J,J,J,J,J,J,J,J,J,1.0,draw
981,radicaleq,1,A,G,H,I,G,H,I,G,H,I,G,H,I,G,H,I,G,H,I,G,1.0,draw
981,rotate0,2,B,B,B,B,B,B,B,B,B,B,B,B,B,B,B,B,B,B,B,B,1.0,draw
981,rotate0,3,C,C,C,C,C,C,C,C,C,C,C,C,C,C,C,C,C,C,C,C,1.0,draw
981,radicaleq,4,D,J,D,E,D,J,D,E,D,J,A,E,D,J,A,E,D,J,A,E,1.0,draw
981,radicaleq,5,E,A,J,A,E,A,J,A,E,D,J,A,E,D,J,A,E,D,J,D,1.0,draw
981,rotate0,6,F,F,F,F,F,F,F,F,F,F,F,F,F,F,F,F,F,F,F,F,1.0,draw
982,radicaleq,1,A,G,I,G,B,G,I,E,I,E,I,E,I,E,A,E,H,E,B,I,1.0,draw
982,radicaleq,2,B,H,J,I,J,B,J,G,J,H,J,H,J,B,I,G,A,J,H,E,1.0,draw
982,rotate0,3,C,C,C,C,C,C,C,C,C,C,C,C,C,C,C,C,C,C,C,C,1.0,draw
982,rotate0,4,D,D,D,D,D,D,D,D,D,D,D,D,D,D,D,D,D,D,D,D,1.0,draw
982,radicaleq,5,E,A,H,E,A,H,B,A,G,B,A,G,H,J,B,I,G,A,J,H,1.0,draw
982,rotate0,6,F,F,F,F,F,F,F,F,F,F,F,F,F,F,F,F,F,F,F,F,1.0,draw
983,rotate0,1,A,A,A,A,A,A,A,A,A,A,A,A,A,A,A,A,A,A,A,A,0.95,radicaleq
983,radicaleq,2,B,H,B,J,B,D,B,J,B,H,B,D,B,J,B,D,B,H,B,D,1.0,radicaleq
983,rotate0,3,C,C,C,C,C,C,C,C,C,C,C,C,C,C,C,C,C,C,C,C,1.0,radicaleq
983,radicaleq,4,D,J,D,I,H,E,H,E,D,I,J,I,H,E,H,I,J,E,J,I,1.0,radicaleq
983,radicaleq,5,E,A,I,H,E,J,I,D,I,J,E,H,E,D,I,J,E,D,I,H,0.95,radicaleq
983,rotate0,6,F,F,F,F,F,F,F,F,F,F,F,F,F,F,F,F,F,F,F,F,1.0,radicaleq
984,radicaleq,1,A,G,I,G,H,G,I,D,H,D,I,J,I,G,B,H,A,H,A,H,1.0,draw
984,radicaleq,2,B,H,A,I,J,H,J,I,J,H,D,B,J,A,G,D,I,J,B,G,1.0,draw
984,rotate0,3,C,C,C,C,C,C,C,C,C,C,C,C,C,C,C,C,C,C,C,C,1.0,draw
984,radicaleq,4,D,J,B,D,A,B,G,A,B,G,A,H,D,I,J,B,G,D,I,J,1.0,draw
984,rotate0,5,E,E,E,E,E,E,E,E,E,E,E,E,E,E,E,E,E,E,E,E,1.0,draw
984,rotate0,6,F,F,F,F,F,F,F,F,F,F,F,F,F,F,F,F,F,F,F,F,1.0,draw
985,rotate0,1,A,A,A,A,A,A,A,A,A,A,A,A,A,A,A,A,A,A,A,A,0.95,draw
985,rotate0,2,B,B,B,B,B,B,B,B,B,B,B,B,B,B,B,B,B,B,B,B,0.95,draw
985,radicaleq,3,C,I,I,F,F,I,E,F,J,E,F,J,E,C,I,E,J,F,C,I,1.0,draw
985,rotate0,4,D,D,D,D,D,D,D,D,D,D,D,D,D,D,D,D,D,D,D,D,1.0,draw
985,radicaleq,5,E,A,J,E,I,E,F,J,E,F,J,E,C,I,E,J,F,C,I,E,0.95,draw
985,radicaleq,6,F,B,C,J,C,J,C,I,C,I,C,I,F,J,F,C,I,E,J,F,0.95,draw
986,radicaleq,1,A,G,A,I,A,C,A,I,A,F,A,I,A,C,A,I,A,F,A,I,1.0,radicaleq
986,rotate0,2,B,B,B,B,B,B,B,B,B,B,B,B,B,B,B,B,B,B,B,B,0.95,radicaleq
986,radicaleq,3,C,I,G,F,G,F,G,F,G,C,G,C,G,F,G,F,G,C,G,C,1.0,radicaleq
986,rotate0,4,D,D,D,D,D,D,D,D,D,D,D,D,D,D,D,D,D,D,D,D,1.0,radicaleq
986,rotate0,5,E,E,E,E,E,E,E,E,E,E,E,E,E,E,E,E,E,E,E,E,1.0,radicaleq
986,radicaleq,6,F,B,J,C,J,I,J,C,J,I,J,F,J,I,J,C,J,I,J,F,0.95,radicaleq
987,rotate0,1,A,A,A,A,A,A,A,A,A,A,A,A,A,A,A,A,A,A,A,A,0.95,draw
987,radicaleq,2,B,H,J,J,I,H,E,H,I,J,E,J,I,H,E,H,I,J,E,H,1.0,draw
987,rotate0,3,C,C,C,C,C,C,C,C,C,C,C,C,C,C,C,C,C,C,C,C,1.0,draw
987,rotate0,4,D,D,D,D,D,D,D,D,D,D,D,D,D,D,D,D,D,D,D,D,1.0,draw
987,radicaleq,5,E,A,I,H,E,J,I,J,E,H,I,H,E,J,I,J,E,H,I,J,0.95,draw
987,radicaleq,6,F,B,F,B,F,B,F,B,F,B,F,B,F,B,F,B,F,B,F,B,1.0,draw
988,rotate0,1,A,A,A,A,A,A,A,A,A,A,A,A,A,A,A,A,A,A,A,A,0.95,draw
988,rotate0,2,B,B,B,B,B,B,B,B,B,B,B,B,B,B,B,B,B,B,B,B,0.95,draw
988,rotate0,3,C,C,C,C,C,C,C,C,C,C,C,C,C,C,C,C,C,C,C,C,1.0,draw
988,radicaleq,4,D,J,E,E,I,J,F,D,E,I,J,F,I,E,D,J,F,F,E,D,1.0,draw
988,radicaleq,5,E,A,I,J,F,D,E,I,J,F,D,E,D,J,F,I,E,D,J,I,0.95,draw
988,radicaleq,6,F,B,D,I,J,F,D,E,I,J,F,I,E,D,J,F,I,E,D,J,0.95,draw
989,radicaleq,1,A,G,H,J,H,J,H,J,H,J,I,J,I,J,I,J,I,E,I,E,1.0,draw
989,rotate0,2,B,B,B,B,B,B,B,B,B,B,B,B,B,B,B,B,B,B,B,B,1.0,draw
989,radicaleq,3,C,I,G,C,E,A,E,A,C,H,G,E,A,C,H,G,J,A,C,H,1.0,draw
989,rotate0,4,D,D,D,D,D,D,D,D,D,D,D,D,D,D,D,D,D,D,D,D,1.0,draw
989,radicaleq,5,E,A,I,G,C,I,G,E,A,C,H,G,E,A,C,H,G,J,A,G,1.0,draw
989,rotate0,6,F,F,F,F,F,F,F,F,F,F,F,F,F,F,F,F,F,F,F,F,1.0,draw
990,rotate0,1,A,A,A,A,A,A,A,A,A,A,A,A,A,A,A,A,A,A,A,A,0.95,radicaleq
990,radicaleq,2,B,H,B,I,B,C,B,C,B,E,B,C,B,E,B,C,B,I,B,C,1.0,radicaleq
990,radicaleq,3,C,I,H,E,H,E,H,E,H,I,H,I,H,I,H,I,H,E,H,E,1.0,radicaleq
990,rotate0,4,D,D,D,D,D,D,D,D,D,D,D,D,D,D,D,D,D,D,D,D,1.0,radicaleq
990,radicaleq,5,E,A,J,C,J,I,J,I,J,C,J,E,J,C,J,E,J,C,J,I,0.95,radicaleq
990,rotate0,6,F,F,F,F,F,F,F,F,F,F,F,F,F,F,F,F,F,F,F,F,1.0,radicaleq
991,radicaleq,1,A,G,I,A,I,J,I,J,I,J,H,J,G,J,A,H,I,G,I,A,1.0,draw
991,radicaleq,2,B,H,J,G,H,A,G,H,A,G,I,A,H,I,G,J,A,H,J,G,1.0,draw
991,rotate0,3,C,C,C,C,C,C,C,C,C,C,C,C,C,C,C,C,C,C,C,C,1.0,draw
991,rotate0,4,D,D,D,D,D,D,D,D,D,D,D,D,D,D,D,D,D,D,D,D,1.0,draw
991,rotate0,5,E,E,E,E,E,E,E,E,E,E,E,E,E,E,E,E,E,E,E,E,1.0,draw
991,radicaleq,6,F,B,F,B,F,B,F,B,F,B,F,B,F,B,F,B,F,B,F,B,1.0,draw
992,radicaleq,1,A,G,H,A,H,J,H,J,H,J,H,J,D,J,D,J,D,J,D,C,1.0,draw
992,rotate0,2,B,B,B,B,B,B,B,B,B,B,B,B,B,B,B,B,B,B,B,B,1.0,draw
992,radicaleq,3,C,I,G,I,A,I,D,G,C,A,I,H,G,C,A,I,H,G,J,A,1.0,draw
992,radicaleq,4,D,J,C,D,G,C,A,I,D,G,C,A,I,H,G,C,A,I,H,G,1.0,draw
992,rotate0,5,E,E,E,E,E,E,E,E,E,E,E,E,E,E,E,E,E,E,E,E,1.0,draw
992,rotate0,6,F,F,F,F,F,F,F,F,F,F,F,F,F,F,F,F,F,F,F,F,1.0,draw
993,rotate0,1,A,A,A,A,A,A,A,A,A,A,A,A,A,A,A,A,A,A,A,A,1.0,radicaleq
993,rotate0,2,B,B,B,B,B,B,B,B,B,B,B,B,B,B,B,B,B,B,B,B,0.95,radicaleq
993,radicaleq,3,C,I,I,F,D,H,I,J,C,F,D,H,I,J,C,F,D,H,I,J,1.0,radicaleq
993,radicaleq,4,D,J,D,H,C,J,C,F,D,H,I,J,C,F,D,H,I,J,H,F,1.0,radicaleq
993,rotate0,5,E,E,E,E,E,E,E,E,E,E,E,E,E,E,E,E,E,E,E,E,1.0,radicaleq
993,radicaleq,6,F,B,H,C,J,I,F,D,H,I,J,C,F,D,H,I,J,C,F,D,0.95,radicaleq
994,rotate0,1,A,A,A,A,A,A,A,A,A,A,A,A,A,A,A,A,A,A,A,A,0.95,radicaleq
994,rotate0,2,B,B,B,B,B,B,B,B,B,B,B,B,B,B,B,B,B,B,B,B,1.0,radicaleq
994,radicaleq,3,C,I,I,E,C,H,I,E,C,H,I,E,C,H,I,E,C,H,I,J,1.0,radicaleq
994,radicaleq,4,D,J,D,H,D,J,D,J,D,J,D,J,D,J,D,J,D,J,D,E,1.0,radicaleq
994,radicaleq,5,E,A,H,C,J,I,E,C,H,I,E,C,H,I,E,C,H,I,E,C,0.95,radicaleq
994,rotate0,6,F,F,F,F,F,F,F,F,F,F,F,F,F,F,F,F,F,F,F,F,1.0,radicaleq
995,radicaleq,1,A,G,J,J,C,A,G,A,B,I,G,I,G,B,G,I,C,I,C,I,1.0,draw
995,radicaleq,2,B,H,A,B,I,B,H,G,H,A,J,C,I,H,A,J,G,B,H,A,1.0,draw
995,radicaleq,3,C,I,G,H,J,C,I,J,C,B,H,A,J,C,B,H,A,J,G,B,1.0,draw
995,rotate0,4,D,D,D,D,D,D,D,D,D,D,D,D,D,D,D,D,D,D,D,D,1.0,draw
995,rotate0,5,E,E,E,E,E,E,E,E,E,E,E,E,E,E,E,E,E,E,E,E,1.0,draw
995,rotate0,6,F,F,F,F,F,F,F,F,F,F,F,F,F,F,F,F,F,F,F,F,1.0,draw
996,rotate0,1,A,A,A,A,A,A,A,A,A,A,A,A,A,A,A,A,A,A,A,A,1.0,draw
996,radicaleq,2,B,H,J,J,I,H,C,J,I,H,C,J,C,H,I,J,C,H,I,J,1.0,draw
996,radicaleq,3,C,I,H,C,J,I,H,C,J,I,H,I,J,C,H,I,J,C,H,I,1.0,draw
996,rotate0,4,D,D,D,D,D,D,D,D,D,D,D,D,D,D,D,D,D,D,D,D,1.0,draw
996,rotate0,5,E,E,E,E,E,E,E,E,E,E,E,E,E,E,E,E,E,E,E,E,1.0,draw
996,radicaleq,6,F,B,F,B,F,B,F,B,F,B,F,B,F,B,F,B,F,B,F,B,1.0,draw
997,radicaleq,1,A,G,A,J,A,D,A,G,A,J,A,D,A,J,A,G,A,D,A,J,1.0,radicaleq
997,rotate0,2,B,B,B,B,B,B,B,B,B,B,B,B,B,B,B,B,B,B,B,B,0.95,radicaleq
997,rotate0,3,C,C,C,C,C,C,C,C,C,C,C,C,C,C,C,C,C,C,C,C,1.0,radicaleq
997,radicaleq,4,D,J,D,I,G,F,J,I,D,F,G,F,G,I,D,F,J,I,G,F,1.0,radicaleq
997,rotate0,5,E,E,E,E,E,E,E,E,E,E,E,E,E,E,E,E,E,E,E,E,1.0,radicaleq
997,radicaleq,6,F,B,I,G,F,J,I,D,F,G,I,J,I,D,F,J,I,G,F,D,0.95,radicaleq
998,rotate0,1,A,A,A,A,A,A,A,A,A,A,A,A,A,A,A,A,A,A,A,A,1.0,draw
998,radicaleq,2,B,H,B,I,B,C,B,C,B,I,B,I,B,H,B,H,B,C,B,I,1.0,draw
998,radicaleq,3,C,I,H,D,H,D,H,D,C,D,C,D,I,D,I,D,H,D,H,D,1.0,draw
998,radicaleq,4,D,J,C,J,I,J,I,J,H,J,H,J,C,J,C,J,I,J,C,J,1.0,draw
998,rotate0,5,E,E,E,E,E,E,E,E,E,E,E,E,E,E,E,E,E,E,E,E,1.0,draw
998,rotate0,6,F,F,F,F,F,F,F,F,F,F,F,F,F,F,F,F,F,F,F,F,1.0,draw
999,rotate0,1,A,A,A,A,A,A,A,A,A,A,A,A,A,A,A,A,A,A,A,A,1.0,draw
999,radicaleq,2,B,H,I,H,I,H,I,H,I,H,I,H,I,H,I,H,I,H,I,H,1.0,draw
999,rotate0,3,C,C,C,C,C,C,C,C,C,C,C,C,C,C,C,C,C,C,C,C,1.0,draw
999,radicaleq,4,D,J,D,J,B,J,B,J,B,J,B,J,B,J,B,J,B,J,B,J,1.0,draw
999,rotate0,5,E,E,E,E,E,E,E,E,E,E,E,E,E,E,E,E,E,E,E,E,1.0,draw
999,radicaleq,6,F,B,F,D,F,D,F,D,F,D,F,D,F,D,F,D,F,D,F,D,1.0,draw
1000,radicaleq,1,A,G,J,J,I,G,E,J,I,G,E,J,I,G,E,J,I,G,E,J,1.0,radicaleq
1000,rotate0,2,B,B,B,B,B,B,B,B,B,B,B,B,B,B,B,B,B,B,B,B,0.95,radicaleq
1000,rotate0,3,C,C,C,C,C,C,C,C,C,C,C,C,C,C,C,C,C,C,C,C,1.0,radicaleq
1000,rotate0,4,D,D,D,D,D,D,D,D,D,D,D,D,D,D,D,D,D,D,D,D,1.0,radicaleq
1000,radicaleq,5,E,A,F,A,F,A,F,A,F,A,F,A,F,A,F,A,F,A,F,A,1.0,radicaleq
1000,radicaleq,6,F,B,I,G,E,J,I,G,E,J,I,G,E,J,I,G,E,J,I,G,0.95,radicaleq
1001,rotate0,1,A,A,A,A,A,A,A,A,A,A,A,A,A,A,A,A,A,A,A,A,1.0,draw
1001,rotate0,2,B,B,B,B,B,B,B,B,B,B,B,B,B,B,B,B,B,B,B,B,1.0,draw
1001,rotate0,3,C,C,C,C,C,C,C,C,C,C,C,C,C,C,C,C,C,C,C,C,1.0,draw
1001,rotate0,4,D,D,D,D,D,D,D,D,D,D,D,D,D,D,D,D,D,D,D,D,1.0,draw
1001,rotate0,5,E,E,E,E,E,E,E,E,E,E,E,E,E,E,E,E,E,E,E,E,1.0,draw
1001,rotate0,6,F,F,F,F,F,F,F,F,F,F,F,F,F,F,F,F,F,F,F,F,1.0,draw
1002,rotate0,1,A,A,A,A,A,A,A,A,A,A,A,A,A,A,A,A,A,A,A,A,1.0,draw
1002,rotate0,2,B,B,B,B,B,B,B,B,B,B,B,B,B,B,B,B,B,B,B,B,1.0,draw
1002,rotate0,3,C,C,C,C,C,C,C,C,C,C,C,C,C,C,C,C,C,C,C,C,1.0,draw
1002,rotate0,4,D,D,D,D,D,D,D,D,D,D,D,D,D,D,D,D,D,D,D,D,1.0,draw
1002,rotate0,5,E,E,E,E,E,E,E,E,E,E,E,E,E,E,E,E,E,E,E,E,1.0,draw
1002,rotate0,6,F,F,F,F,F,F,F,F,F,F,F,F,F,F,F,F,F,F,F,F,1.0,draw
1003,rotate0,1,A,A,A,A,A,A,A,A,A,A,A,A,A,A,A,A,A,A,A,A,1.0,draw
1003,rotate0,2,B,B,B,B,B,B,B,B,B,B,B,B,B,B,B,B,B,B,B,B,1.0,draw
1003,rotate0,3,C,C,C,C,C,C,C,C,C,C,C,C,C,C,C,C,C,C,C,C,1.0,draw
1003,rotate0,4,D,D,D,D,D,D,D,D,D,D,D,D,D,D,D,D,D,D,D,D,1.0,draw
1003,rotate0,5,E,E,E,E,E,E,E,E,E,E,E,E,E,E,E,E,E,E,E,E,1.0,draw
1003,rotate0,6,F,F,F,F,F,F,F,F,F,F,F,F,F,F,F,F,F,F,F,F,1.0,draw
1004,rotate0,1,A,A,A,A,A,A,A,A,A,A,A,A,A,A,A,A,A,A,A,A,1.0,draw
1004,rotate0,2,B,B,B,B,B,B,B,B,B,B,B,B,B,B,B,B,B,B,B,B,1.0,draw
1004,rotate0,3,C,C,C,C,C,C,C,C,C,C,C,C,C,C,C,C,C,C,C,C,1.0,draw
1004,rotate0,4,D,D,D,D,D,D,D,D,D,D,D,D,D,D,D,D,D,D,D,D,1.0,draw
1004,rotate0,5,E,E,E,E,E,E,E,E,E,E,E,E,E,E,E,E,E,E,E,E,1.0,draw
1004,rotate0,6,F,F,F,F,F,F,F,F,F,F,F,F,F,F,F,F,F,F,F,F,1.0,draw
1005,rotate0,1,A,A,A,A,A,A,A,A,A,A,A,A,A,A,A,A,A,A,A,A,1.0,draw
1005,rotate0,2,B,B,B,B,B,B,B,B,B,B,B,B,B,B,B,B,B,B,B,B,1.0,draw
1005,rotate0,3,C,C,C,C,C,C,C,C,C,C,C,C,C,C,C,C,C,C,C,C,1.0,draw
1005,rotate0,4,D,D,D,D,D,D,D,D,D,D,D,D,D,D,D,D,D,D,D,D,1.0,draw
1005,rotate0,5,E,E,E,E,E,E,E,E,E,E,E,E,E,E,E,E,E,E,E,E,1.0,draw
1005,rotate0,6,F,F,F,F,F,F,F,F,F,F,F,F,F,F,F,F,F,F,F,F,1.0,draw
1006,rotate0,1,A,A,A,A,A,A,A,A,A,A,A,A,A,A,A,A,A,A,A,A,1.0,draw
1006,rotate0,2,B,B,B,B,B,B,B,B,B,B,B,B,B,B,B,B,B,B,B,B,1.0,draw
1006,rotate0,3,C,C,C,C,C,C,C,C,C,C,C,C,C,C,C,C,C,C,C,C,1.0,draw
1006,rotate0,4,D,D,D,D,D,D,D,D,D,D,D,D,D,D,D,D,D,D,D,D,1.0,draw
1006,rotate0,5,E,E,E,E,E,E,E,E,E,E,E,E,E,E,E,E,E,E,E,E,1.0,draw
1006,rotate0,6,F,F,F,F,F,F,F,F,F,F,F,F,F,F,F,F,F,F,F,F,1.0,draw
1007,rotate0,1,A,A,A,A,A,A,A,A,A,A,A,A,A,A,A,A,A,A,A,A,1.0,draw
1007,rotate0,2,B,B,B,B,B,B,B,B,B,B,B,B,B,B,B,B,B,B,B,B,1.0,draw
1007,rotate0,3,C,C,C,C,C,C,C,C,C,C,C,C,C,C,C,C,C,C,C,C,1.0,draw
1007,rotate0,4,D,D,D,D,D,D,D,D,D,D,D,D,D,D,D,D,D,D,D,D,1.0,draw
1007,rotate0,5,E,E,E,E,E,E,E,E,E,E,E,E,E,E,E,E,E,E,E,E,1.0,draw
1007,rotate0,6,F,F,F,F,F,F,F,F,F,F,F,F,F,F,F,F,F,F,F,F,1.0,draw
1008,rotate0,1,A,A,A,A,A,A,A,A,A,A,A,A,A,A,A,A,A,A,A,A,1.0,draw
1008,rotate0,2,B,B,B,B,B,B,B,B,B,B,B,B,B,B,B,B,B,B,B,B,1.0,draw
1008,rotate0,3,C,C,C,C,C,C,C,C,C,C,C,C,C,C,C,C,C,C,C,C,1.0,draw
1008,rotate0,4,D,D,D,D,D,D,D,D,D,D,D,D,D,D,D,D,D,D,D,D,1.0,draw
1008,rotate0,5,E,E,E,E,E,E,E,E,E,E,E,E,E,E,E,E,E,E,E,E,1.0,draw
1008,rotate0,6,F,F,F,F,F,F,F,F,F,F,F,F,F,F,F,F,F,F,F,F,1.0,draw
1009,rotate0,1,A,A,A,A,A,A,A,A,A,A,A,A,A,A,A,A,A,A,A,A,1.0,draw
1009,rotate0,2,B,B,B,B,B,B,B,B,B,B,B,B,B,B,B,B,B,B,B,B,1.0,draw
1009,rotate0,3,C,C,C,C,C,C,C,C,C,C,C,C,C,C,C,C,C,C,C,C,1.0,draw
1009,rotate0,4,D,D,D,D,D,D,D,D,D,D,D,D,D,D,D,D,D,D,D,D,1.0,draw
1009,rotate0,5,E,E,E,E,E,E,E,E,E,E,E,E,E,E,E,E,E,E,E,E,1.0,draw
1009,rotate0,6,F,F,F,F,F,F,F,F,F,F,F,F,F,F,F,F,F,F,F,F,1.0,draw
1010,rotate0,1,A,A,A,A,A,A,A,A,A,A,A,A,A,A,A,A,A,A,A,A,1.0,draw
1010,rotate0,2,B,B,B,B,B,B,B,B,B,B,B,B,B,B,B,B,B,B,B,B,1.0,draw
1010,rotate0,3,C,C,C,C,C,C,C,C,C,C,C,C,C,C,C,C,C,C,C,C,1.0,draw
1010,rotate0,4,D,D,D,D,D,D,D,D,D,D,D,D,D,D,D,D,D,D,D,D,1.0,draw
1010,rotate0,5,E,E,E,E,E,E,E,E,E,E,E,E,E,E,E,E,E,E,E,E,1.0,draw
1010,rotate0,6,F,F,F,F,F,F,F,F,F,F,F,F,F,F,F,F,F,F,F,F,1.0,draw
1011,rotate0,1,A,A,A,A,A,A,A,A,A,A,A,A,A,A,A,A,A,A,A,A,1.0,draw
1011,rotate0,2,B,B,B,B,B,B,B,B,B,B,B,B,B,B,B,B,B,B,B,B,1.0,draw
1011,rotate0,3,C,C,C,C,C,C,C,C,C,C,C,C,C,C,C,C,C,C,C,C,1.0,draw
1011,rotate0,4,D,D,D,D,D,D,D,D,D,D,D,D,D,D,D,D,D,D,D,D,1.0,draw
1011,rotate0,5,E,E,E,E,E,E,E,E,E,E,E,E,E,E,E,E,E,E,E,E,1.0,draw
1011,rotate0,6,F,F,F,F,F,F,F,F,F,F,F,F,F,F,F,F,F,F,F,F,1.0,draw
1012,rotate0,1,A,A,A,A,A,A,A,A,A,A,A,A,A,A,A,A,A,A,A,A,1.0,draw
1012,rotate0,2,B,B,B,B,B,B,B,B,B,B,B,B,B,B,B,B,B,B,B,B,1.0,draw
1012,rotate0,3,C,C,C,C,C,C,C,C,C,C,C,C,C,C,C,C,C,C,C,C,1.0,draw
1012,rotate0,4,D,D,D,D,D,D,D,D,D,D,D,D,D,D,D,D,D,D,D,D,1.0,draw
1012,rotate0,5,E,E,E,E,E,E,E,E,E,E,E,E,E,E,E,E,E,E,E,E,1.0,draw
1012,rotate0,6,F,F,F,F,F,F,F,F,F,F,F,F,F,F,F,F,F,F,F,F,1.0,draw
1013,rotate0,1,A,A,A,A,A,A,A,A,A,A,A,A,A,A,A,A,A,A,A,A,1.0,draw
1013,rotate0,2,B,B,B,B,B,B,B,B,B,B,B,B,B,B,B,B,B,B,B,B,1.0,draw
1013,rotate0,3,C,C,C,C,C,C,C,C,C,C,C,C,C,C,C,C,C,C,C,C,1.0,draw
1013,rotate0,4,D,D,D,D,D,D,D,D,D,D,D,D,D,D,D,D,D,D,D,D,1.0,draw
1013,rotate0,5,E,E,E,E,E,E,E,E,E,E,E,E,E,E,E,E,E,E,E,E,1.0,draw
1013,rotate0,6,F,F,F,F,F,F,F,F,F,F,F,F,F,F,F,F,F,F,F,F,1.0,draw
1014,rotate0,1,A,A,A,A,A,A,A,A,A,A,A,A,A,A,A,A,A,A,A,A,1.0,draw
1014,rotate0,2,B,B,B,B,B,B,B,B,B,B,B,B,B,B,B,B,B,B,B,B,1.0,draw
1014,rotate0,3,C,C,C,C,C,C,C,C,C,C,C,C,C,C,C,C,C,C,C,C,1.0,draw
1014,rotate0,4,D,D,D,D,D,D,D,D,D,D,D,D,D,D,D,D,D,D,D,D,1.0,draw
1014,rotate0,5,E,E,E,E,E,E,E,E,E,E,E,E,E,E,E,E,E,E,E,E,1.0,draw
1014,rotate0,6,F,F,F,F,F,F,F,F,F,F,F,F,F,F,F,F,F,F,F,F,1.0,draw
1015,rotate0,1,A,A,A,A,A,A,A,A,A,A,A,A,A,A,A,A,A,A,A,A,1.0,draw
1015,rotate0,2,B,B,B,B,B,B,B,B,B,B,B,B,B,B,B,B,B,B,B,B,1.0,draw
1015,rotate0,3,C,C,C,C,C,C,C,C,C,C,C,C,C,C,C,C,C,C,C,C,1.0,draw
1015,rotate0,4,D,D,D,D,D,D,D,D,D,D,D,D,D,D,D,D,D,D,D,D,1.0,draw
1015,rotate0,5,E,E,E,E,E,E,E,E,E,E,E,E,E,E,E,E,E,E,E,E,1.0,draw
1015,rotate0,6,F,F,F,F,F,F,F,F,F,F,F,F,F,F,F,F,F,F,F,F,1.0,draw
1016,rotate0,1,A,A,A,A,A,A,A,A,A,A,A,A,A,A,A,A,A,A,A,A,1.0,draw
1016,rotate0,2,B,B,B,B,B,B,B,B,B,B,B,B,B,B,B,B,B,B,B,B,1.0,draw
1016,rotate0,3,C,C,C,C,C,C,C,C,C,C,C,C,C,C,C,C,C,C,C,C,1.0,draw
1016,rotate0,4,D,D,D,D,D,D,D,D,D,D,D,D,D,D,D,D,D,D,D,D,1.0,draw
1016,rotate0,5,E,E,E,E,E,E,E,E,E,E,E,E,E,E,E,E,E,E,E,E,1.0,draw
1016,rotate0,6,F,F,F,F,F,F,F,F,F,F,F,F,F,F,F,F,F,F,F,F,1.0,draw
1017,rotate0,1,A,A,A,A,A,A,A,A,A,A,A,A,A,A,A,A,A,A,A,A,1.0,draw
1017,rotate0,2,B,B,B,B,B,B,B,B,B,B,B,B,B,B,B,B,B,B,B,B,1.0,draw
1017,rotate0,3,C,C,C,C,C,C,C,C,C,C,C,C,C,C,C,C,C,C,C,C,1.0,draw
1017,rotate0,4,D,D,D,D,D,D,D,D,D,D,D,D,D,D,D,D,D,D,D,D,1.0,draw
1017,rotate0,5,E,E,E,E,E,E,E,E,E,E,E,E,E,E,E,E,E,E,E,E,1.0,draw
1017,rotate0,6,F,F,F,F,F,F,F,F,F,F,F,F,F,F,F,F,F,F,F,F,1.0,draw
1018,rotate0,1,A,A,A,A,A,A,A,A,A,A,A,A,A,A,A,A,A,A,A,A,1.0,draw
1018,rotate0,2,B,B,B,B,B,B,B,B,B,B,B,B,B,B,B,B,B,B,B,B,1.0,draw
1018,rotate0,3,C,C,C,C,C,C,C,C,C,C,C,C,C,C,C,C,C,C,C,C,1.0,draw
1018,rotate0,4,D,D,D,D,D,D,D,D,D,D,D,D,D,D,D,D,D,D,D,D,1.0,draw
1018,rotate0,5,E,E,E,E,E,E,E,E,E,E,E,E,E,E,E,E,E,E,E,E,1.0,draw
1018,rotate0,6,F,F,F,F,F,F,F,F,F,F,F,F,F,F,F,F,F,F,F,F,1.0,draw
1019,rotate0,1,A,A,A,A,A,A,A,A,A,A,A,A,A,A,A,A,A,A,A,A,1.0,draw
1019,rotate0,2,B,B,B,B,B,B,B,B,B,B,B,B,B,B,B,B,B,B,B,B,1.0,draw
1019,rotate0,3,C,C,C,C,C,C,C,C,C,C,C,C,C,C,C,C,C,C,C,C,1.0,draw
1019,rotate0,4,D,D,D,D,D,D,D,D,D,D,D,D,D,D,D,D,D,D,D,D,1.0,draw
1019,rotate0,5,E,E,E,E,E,E,E,E,E,E,E,E,E,E,E,E,E,E,E,E,1.0,draw
1019,rotate0,6,F,F,F,F,F,F,F,F,F,F,F,F,F,F,F,F,F,F,F,F,1.0,draw
1020,rotate0,1,A,A,A,A,A,A,A,A,A,A,A,A,A,A,A,A,A,A,A,A,1.0,draw
1020,rotate0,2,B,B,B,B,B,B,B,B,B,B,B,B,B,B,B,B,B,B,B,B,1.0,draw
1020,rotate0,3,C,C,C,C,C,C,C,C,C,C,C,C,C,C,C,C,C,C,C,C,1.0,draw
1020,rotate0,4,D,D,D,D,D,D,D,D,D,D,D,D,D,D,D,D,D,D,D,D,1.0,draw
1020,rotate0,5,E,E,E,E,E,E,E,E,E,E,E,E,E,E,E,E,E,E,E,E,1.0,draw
1020,rotate0,6,F,F,F,F,F,F,F,F,F,F,F,F,F,F,F,F,F,F,F,F,1.0,draw
1021,random,1,E,C,G,E,A,J,C,J,F,I,H,C,F,skip,D,skip,D,A,B,skip,0.35,caste
1021,caste,2,B,A,I,B,C,F,C,E,G,E,B,E,G,A,J,J,C,G,G,H,0.8,caste
1021,caste,3,C,G,E,I,D,J,D,F,F,A,H,C,E,H,C,I,J,H,F,E,0.6,caste
1021,caste,4,D,H,A,D,H,H,E,H,A,H,G,D,F,G,I,G,E,F,B,C,0.8,caste
1021,random,5,F,J,A,B,B,I,J,J,skip,A,B,B,D,E,A,D,C,I,I,J,0.6,caste
1021,random,6,J,F,G,I,G,I,B,D,C,I,skip,D,B,H,F,A,J,E,D,B,0.6,caste
1022,caste,1,A,B,I,B,J,F,I,H,G,D,F,I,A,B,J,B,E,C,B,J,0.75,caste
1022,random,2,F,G,skip,D,E,B,D,D,C,G,B,skip,D,D,skip,G,F,C,F,G,0.6,caste
1022,random,3,G,H,C,C,J,J,I,B,J,G,F,D,I,I,J,H,G,G,A,A,0.65,caste
1022,caste,4,D,C,A,I,B,I,F,G,F,A,H,D,H,F,C,E,C,I,E,I,0.85,caste
1022,random,5,H,J,A,E,C,B,E,E,I,A,C,skip,G,A,H,J,skip,F,D,H,0.55,caste
1022,caste,6,F,E,C,D,G,H,A,J,H,G,E,J,E,A,H,F,B,A,D,H,0.6,caste
1023,caste,1,A,D,I,D,H,H,H,I,I,G,G,F,G,D,E,H,B,A,A,J,0.8,caste
1023,caste,2,B,F,J,B,A,C,J,A,E,D,B,D,A,E,H,C,A,C,C,E,0.85,caste
1023,random,3,C,G,J,E,F,A,E,D,C,skip,skip,F,G,I,skip,J,D,E,I,B,0.55,caste
1023,random,4,G,G,skip,B,D,F,F,skip,I,I,J,I,I,A,G,J,B,D,H,A,0.55,caste
1023,caste,5,E,H,A,I,D,E,B,H,J,H,J,H,B,C,B,D,E,H,F,C,0.85,caste
1023,random,6,C,G,J,F,I,C,B,C,A,E,I,F,J,G,skip,F,skip,B,G,skip,0.55,caste
1024,caste,1,A,F,E,D,C,C,C,D,D,J,D,D,I,J,B,A,F,C,D,E,0.75,caste
1024,caste,2,B,H,I,G,E,H,A,J,H,G,G,J,D,I,J,C,I,G,A,F,0.6,caste
1024,random,3,E,I,B,F,skip,J,E,I,A,H,A,E,C,I,B,G,I,B,C,H,0.55,caste
1024,caste,4,D,G,A,J,J,A,E,H,A,F,J,H,B,A,D,H,A,E,J,G,0.7,caste
1024,random,5,B,H,I,G,F,skip,B,I,E,C,B,F,H,E,B,J,B,H,A,E,0.45,caste
1024,random,6,C,F,B,D,I,G,E,C,C,F,G,F,G,skip,D,H,F,H,J,H,0.3,caste
1025,random,1,A,F,D,G,F,J,A,C,G,A,H,C,G,E,J,skip,E,A,skip,D,0.4,caste
1025,random,2,A,F,E,H,H,D,H,A,C,D,C,B,H,B,F,J,J,G,I,E,0.65,caste
1025,caste,3,C,B,H,H,I,C,G,E,D,B,F,J,D,I,J,E,F,B,H,C,0.8,caste
1025,caste,4,D,F,D,J,B,J,B,F,E,I,B,I,E,D,I,A,D,G,D,H,0.75,caste
1025,caste,5,E,G,B,G,E,I,A,I,G,H,E,F,J,F,D,G,I,C,I,E,0.75,caste
1025,random,6,I,J,C,A,skip,C,skip,J,G,skip,H,C,A,B,H,A,F,J,B,skip,0.45,caste
1026,random,1,C,J,F,D,J,F,E,J,skip,H,skip,skip,J,C,H,skip,B,skip,D,I,0.45,caste
1026,caste,2,B,D,I,I,C,E,D,B,E,A,E,G,F,A,H,D,B,C,A,E,0.7,caste
1026,caste,3,C,G,D,E,F,H,I,D,G,J,B,J,I,D,A,J,A,D,E,G,0.8,caste
1026,random,4,A,B,H,skip,J,H,H,C,I,F,A,skip,F,C,H,skip,B,B,A,G,0.4,caste
1026,caste,5,E,F,J,G,I,G,C,A,B,D,C,E,C,B,B,G,F,J,F,I,0.9,caste
1026,random,6,A,H,B,A,F,H,G,I,skip,D,skip,G,E,I,I,E,G,C,J,skip,0.55,caste
1027,random,1,J,C,E,H,C,D,F,skip,H,D,G,C,H,E,I,skip,J,H,J,H,0.6,caste
1027,caste,2,B,A,H,D,C,J,F,I,H,F,A,B,F,C,J,A,B,D,A,E,0.65,caste
1027,caste,3,C,D,I,A,I,D,G,A,A,I,C,J,A,B,A,B,D,A,F,C,0.9,caste
1027,random,4,skip,E,H,E,A,E,J,G,skip,H,H,E,G,D,G,C,H,D,A,D,0.6,caste
1027,random,5,skip,G,skip,G,C,E,E,D,G,F,G,G,J,I,F,E,J,G,H,C,0.5,caste
1027,caste,6,F,E,J,B,F,I,B,H,B,J,B,I,D,I,F,C,J,I,B,F,0.75,caste
1028,random,1,skip,skip,B,E,F,J,H,H,B,C,C,J,C,C,skip,G,H,E,D,skip,0.55,caste
1028,random,2,H,D,A,I,D,J,A,E,E,J,skip,skip,H,I,I,F,H,F,G,F,0.4,caste
1028,random,3,A,I,F,I,A,skip,skip,C,D,I,E,D,H,I,E,F,A,I,I,G,0.5,caste
1028,caste,4,D,B,J,I,D,J,F,C,I,H,F,H,A,G,E,F,D,C,B,E,0.7,caste
1028,caste,5,E,C,H,J,G,E,C,B,G,F,A,G,I,B,D,B,J,B,D,C,0.95,caste
1028,caste,6,F,G,A,C,B,H,G,E,D,G,B,J,F,I,A,G,A,J,G,J,0.6,caste
1029,random,1,F,A,C,J,B,A,G,A,B,F,G,B,A,G,F,B,D,J,skip,C,0.65,caste
1029,caste,2,B,C,H,H,D,A,H,F,J,E,J,A,I,H,D,H,A,I,H,I,0.75,caste
1029,random,3,G,B,B,skip,I,A,G,F,G,G,H,J,J,A,I,D,C,A,G,A,0.45,caste
1029,random,4,B,B,E,I,J,C,H,B,F,D,J,B,G,skip,J,E,J,B,C,skip,0.55,caste
1029,caste,5,E,A,J,J,H,D,G,I,C,D,C,I,D,F,I,D,H,E,F,A,0.65,caste
1029,caste,6,F,D,I,G,C,F,E,D,E,I,H,E,C,E,C,E,C,F,G,E,0.75,caste
1030,caste,1,A,E,E,H,J,B,G,G,F,I,F,A,J,D,G,F,D,B,F,I,0.6,caste
1030,random,2,C,G,C,I,I,H,C,I,D,I,B,H,J,I,skip,H,I,H,D,E,0.4,caste
1030,caste,3,C,G,D,B,G,D,F,D,A,C,H,G,D,G,E,A,G,A,A,E,0.8,caste
1030,random,4,A,A,I,A,J,B,J,G,E,E,B,C,I,D,H,F,G,C,B,F,0.45,caste
1030,random,5,D,H,C,F,J,B,H,E,B,B,skip,C,H,J,J,J,E,D,skip,C,0.7,caste
1030,caste,6,F,B,J,I,E,H,E,F,D,A,J,C,F,A,F,E,I,C,B,G,0.65,caste
1031,caste,1,A,H,B,F,J,G,H,E,J,I,I,J,C,F,E,I,C,I,H,B,0.65,caste
1031,random,2,B,skip,A,F,B,B,I,skip,H,J,A,G,H,B,E,E,C,skip,H,H,0.4,caste
1031,random,3,A,A,H,skip,D,D,D,H,H,F,D,A,H,J,skip,H,skip,J,D,J,0.55,caste
1031,caste,4,D,F,C,C,G,J,E,J,F,E,B,E,F,J,I,A,G,F,D,E,0.7,caste
1031,caste,5,E,G,I,D,I,C,G,C,G,C,A,C,E,B,G,F,D,J,G,I,0.8,caste
1031,random,6,J,H,A,E,I,F,skip,B,D,G,B,I,C,D,B,A,A,F,D,E,0.5,caste
1032,random,1,J,H,F,F,D,J,skip,F,B,I,B,H,A,B,C,E,D,skip,A,H,0.65,caste
1032,random,2,D,D,D,skip,G,J,E,D,B,C,B,F,J,H,I,H,B,H,E,G,0.6,caste
1032,caste,3,C,A,H,I,I,I,I,G,C,D,E,F,C,I,E,J,F,C,G,I,0.85,caste
1032,random,4,F,B,C,J,E,skip,J,G,F,skip,skip,E,B,D,E,D,I,E,C,G,0.55,caste
1032,caste,5,E,B,A,G,C,B,C,A,H,A,H,D,I,G,C,A,A,J,A,J,0.85,caste
1032,caste,6,F,G,J,E,H,A,H,B,I,E,G,A,J,D,G,F,G,H,F,G,0.75,caste
1033,caste,1,A,H,D,C,H,J,I,G,H,J,G,B,F,A,F,F,A,B,B,I,0.55,caste
1033,random,2,A,E,A,B,E,C,skip,J,H,skip,A,G,I,G,C,J,I,C,C,G,0.35,caste
1033,random,3,A,H,E,B,F,E,E,F,A,C,E,B,B,G,E,J,E,A,D,J,0.55,caste
1033,random,4,D,J,G,B,B,F,I,D,G,J,I,skip,E,D,C,I,A,J,B,I,0.55,caste
1033,caste,5,E,C,B,J,F,C,H,D,C,I,D,H,D,H,C,H,D,F,E,F,0.8,caste
1033,caste,6,F,G,I,B,I,D,G,J,A,C,F,G,I,J,A,J,H,D,H,G,0.6,caste
1034,caste,1,A,B,G,A,D,E,E,J,J,I,J,I,J,I,A,D,G,H,J,F,0.7,caste
1034,random,2,C,F,C,J,D,F,E,B,A,D,G,I,G,G,E,C,F,C,B,F,0.45,caste
1034,caste,3,C,F,I,G,F,A,B,A,D,E,G,J,E,F,E,C,J,G,A,H,0.65,caste
1034,random,4,C,E,H,G,I,H,skip,G,C,E,B,D,C,I,B,H,I,I,E,C,0.5,caste
1034,caste,5,E,D,H,B,A,J,G,I,C,H,F,A,F,A,B,F,A,B,E,D,0.75,caste
1034,random,6,skip,J,H,I,B,D,F,B,C,H,H,D,J,H,I,I,D,C,G,G,0.6,caste
1035,caste,1,A,D,J,H,J,F,B,D,A,I,E,A,F,F,C,B,A,F,H,F,0.65,caste
1035,caste,2,B,E,B,G,B,C,I,A,F,F,D,G,J,A,I,A,J,B,I,B,0.8,caste
1035,random,3,C,A,E,H,H,G,I,J,B,I,D,D,E,G,H,skip,G,D,D,E,0.4,caste
1035,random,4,G,E,J,A,H,skip,E,D,A,B,E,D,skip,G,E,E,skip,skip,A,D,0.3,caste
1035,random,5,skip,D,F,D,H,E,J,G,B,H,E,C,G,G,I,E,C,J,C,A,0.45,caste
1035,caste,6,F,I,H,C,I,G,J,C,B,C,F,C,I,J,H,F,C,D,A,J,0.6,caste
1036,random,1,skip,I,I,skip,I,H,C,A,B,A,G,H,D,J,A,J,D,J,D,A,0.55,caste
1036,random,2,I,E,D,I,A,skip,E,skip,H,A,I,J,D,H,D,C,E,J,B,skip,0.55,caste
1036,caste,3,C,A,C,H,F,H,A,B,C,G,B,D,B,J,C,E,B,I,B,I,0.8,caste
1036,caste,4,D,B,H,J,D,F,B,F,G,E,C,F,D,I,G,I,G,A,E,F,0.8,caste
1036,random,5,G,A,skip,J,skip,G,H,I,F,skip,G,F,A,D,D,J,C,D,C,F,0.5,caste
1036,caste,6,F,E,B,G,C,E,J,D,J,D,J,E,C,E,B,F,H,F,H,G,0.95,caste
1037,caste,1,A,B,H,B,B,C,F,G,F,D,F,G,J,E,H,I,H,H,J,B,0.85,caste
1037,random,2,skip,J,skip,F,E,B,E,C,A,C,H,F,G,E,A,G,C,skip,C,B,0.5,caste
1037,caste,3,C,F,I,H,H,D,A,I,G,B,D,I,G,F,J,B,F,G,H,E,0.75,caste
1037,caste,4,D,G,A,C,A,J,G,J,H,I,H,E,B,J,A,F,I,A,G,J,0.6,caste
1037,random,5,E,E,D,E,H,C,D,B,C,C,skip,I,D,E,D,C,B,A,C,J,0.5,caste
1037,random,6,J,skip,G,I,F,I,A,J,C,C,D,A,B,D,E,J,I,F,G,G,0.55,caste
1038,random,1,skip,B,A,J,E,H,F,B,C,E,A,E,H,H,F,H,C,A,F,A,0.55,caste
1038,caste,2,B,A,H,H,D,D,I,J,I,D,G,G,G,B,F,A,C,B,D,E,0.85,caste
1038,random,3,G,skip,B,J,F,F,A,C,J,F,C,H,A,G,I,I,C,G,skip,E,0.55,caste
1038,caste,4,D,C,J,G,E,C,B,C,J,I,A,H,I,G,B,E,A,J,J,D,0.65,caste
1038,random,5,E,F,A,skip,H,G,B,B,H,C,J,F,E,I,F,F,G,skip,B,F,0.55,caste
1038,caste,6,F,I,A,C,I,G,D,E,H,E,D,I,D,J,D,J,D,E,B,I,0.75,caste
1039,caste,1,A,D,G,G,F,G,J,E,G,H,G,D,J,A,A,C,A,G,C,E,0.75,caste
1039,caste,2,B,E,A,E,H,J,H,J,E,C,A,I,D,J,H,G,C,J,E,I,0.75,caste
1039,caste,3,C,F,D,C,I,B,G,B,J,D,H,C,H,I,D,I,H,H,B,A,0.75,caste
1039,random,4,H,B,skip,A,E,I,F,skip,E,J,E,F,B,E,B,skip,skip,G,J,J,0.7,caste
1039,random,5,I,skip,A,D,C,skip,skip,B,I,E,G,skip,C,B,F,I,D,H,C,I,0.4,caste
1039,random,6,skip,J,D,C,F,A,H,I,F,B,F,G,skip,J,F,D,A,skip,F,D,0.5,caste
1040,random,1,C,H,H,D,B,D,I,G,C,E,E,I,C,C,H,G,G,A,G,C,0.6,caste
1040,caste,2,B,G,C,I,G,F,G,A,A,G,I,C,B,B,F,I,D,E,B,C,0.75,caste
1040,random,3,B,G,C,J,I,J,C,H,F,H,A,E,C,E,skip,C,A,D,E,G,0.5,caste
1040,caste,4,D,A,I,A,F,A,E,F,B,E,A,G,D,H,G,A,J,B,I,F,0.85,caste
1040,caste,5,E,F,J,D,B,J,H,E,F,B,J,I,F,D,B,F,I,F,E,B,0.7,caste
1040,random,6,H,skip,C,E,D,skip,I,H,J,D,A,G,J,J,H,H,D,J,J,A,0.55,caste
1041,caste,1,A,G,H,G,J,H,G,J,H,I,B,C,H,J,H,I,J,I,D,G,0.85,caste
1041,rotate,2,B,C,D,E,F,A,B,C,D,E,F,A,B,C,D,E,F,A,B,C,1.0,caste
1041,rotate,3,C,D,E,F,A,B,C,D,E,F,A,B,C,D,E,F,A,B,C,D,1.0,caste
1041,rotate,4,D,E,F,A,B,C,D,E,F,A,B,C,D,E,F,A,B,C,D,E,0.6,caste
1041,caste,5,E,A,I,H,G,J,H,I,J,H,J,H,J,E,I,J,H,G,H,I,0.95,caste
1041,caste,6,F,B,J,I,C,I,D,G,F,G,I,G,I,G,A,G,B,C,J,H,0.8,caste
1042,caste,1,A,G,H,H,H,I,I,J,J,F,G,G,H,D,J,H,I,H,G,H,0.9,caste
1042,rotate,2,B,C,D,E,F,A,B,C,D,E,F,A,B,C,D,E,F,A,B,C,1.0,caste
1042,rotate,3,C,D,E,F,A,B,C,D,E,F,A,B,C,D,E,F,A,B,C,D,0.55,caste
1042,caste,4,D,J,I,I,G,J,G,H,G,H,J,J,G,I,G,F,J,B,I,G,0.9,caste
1042,caste,5,E,A,G,J,B,H,C,I,E,I,H,I,J,H,I,G,A,J,C,D,0.7,caste
1042,rotate,6,F,A,B,C,D,E,F,A,B,C,D,E,F,A,B,C,D,E,F,A,0.95,caste
1043,caste,1,A,G,I,I,I,J,H,H,G,H,J,G,H,I,G,C,I,G,J,H,0.95,caste
1043,caste,2,B,H,J,H,H,C,G,J,F,G,H,J,G,E,I,G,D,I,G,J,0.8,caste
1043,rotate,3,C,D,E,F,A,B,C,D,E,F,A,B,C,D,E,F,A,B,C,D,1.0,caste
1043,rotate,4,D,E,F,A,B,C,D,E,F,A,B,C,D,E,F,A,B,C,D,E,0.85,caste
1043,caste,5,E,A,G,J,G,I,J,I,B,I,D,I,J,H,J,H,J,H,F,I,0.8,caste
1043,rotate,6,F,A,B,C,D,E,F,A,B,C,D,E,F,A,B,C,D,E,F,A,0.7,caste
1044,caste,1,A,G,H,G,J,J,G,I,H,H,I,D,G,I,G,I,G,I,I,J,0.95,caste
1044,rotate,2,B,C,D,E,F,A,B,C,D,E,F,A,B,C,D,E,F,A,B,C,1.0,caste
1044,caste,3,C,I,J,H,G,D,H,J,G,C,H,E,H,F,A,J,C,G,E,I,0.75,caste
1044,rotate,4,D,E,F,A,B,C,D,E,F,A,B,C,D,E,F,A,B,C,D,E,1.0,caste
1044,rotate,5,E,F,A,B,C,D,E,F,A,B,C,D,E,F,A,B,C,D,E,F,0.6,caste
1044,caste,6,F,B,A,I,H,I,J,G,I,J,G,J,I,J,H,B,H,J,H,G,0.9,caste
1045,rotate,1,A,B,C,D,E,F,A,B,C,D,E,F,A,B,C,D,E,F,A,B,0.8,caste
1045,caste,2,B,H,G,G,J,D,H,J,G,H,I,G,I,I,H,I,H,G,I,H,0.95,caste
1045,caste,3,C,I,J,H,C,H,I,G,H,I,J,D,H,F,A,J,E,H,J,B,0.7,caste
1045,rotate,4,D,E,F,A,B,C,D,E,F,A,B,C,D,E,F,A,B,C,D,E,1.0,caste
1045,rotate,5,E,F,A,B,C,D,E,F,A,B,C,D,E,F,A,B,C,D,E,F,0.65,caste
1045,caste,6,F,B,A,I,G,J,E,I,J,G,H,J,G,J,C,G,I,J,G,I,0.8,caste
1046,caste,1,A,G,H,H,H,I,H,J,I,I,F,J,I,A,I,I,J,H,F,H,0.85,caste
1046,rotate,2,B,C,D,E,F,A,B,C,D,E,F,A,B,C,D,E,F,A,B,C,0.85,caste
1046,caste,3,C,I,G,I,G,E,G,H,J,G,H,G,H,J,H,G,G,I,G,I,0.95,caste
1046,caste,4,D,J,B,J,D,J,I,G,H,J,I,E,G,C,J,H,D,J,B,G,0.7,caste
1046,rotate,5,E,F,A,B,C,D,E,F,A,B,C,D,E,F,A,B,C,D,E,F,1.0,caste
1046,rotate,6,F,A,B,C,D,E,F,A,B,C,D,E,F,A,B,C,D,E,F,A,0.65,caste
1047,caste,1,A,G,H,H,H,I,I,J,J,H,G,J,H,G,I,H,G,H,J,J,1.0,rotate
1047,rotate,2,B,C,D,E,F,A,B,C,D,E,F,A,B,C,D,E,F,A,B,C,0.95,rotate
1047,caste,3,C,I,J,I,D,H,B,I,F,J,I,C,I,H,G,J,B,G,H,G,0.75,rotate
1047,rotate,4,D,E,F,A,B,C,D,E,F,A,B,C,D,E,F,A,B,C,D,E,0.8,rotate
1047,caste,5,E,A,G,J,G,J,G,H,G,I,H,G,J,E,J,I,D,I,F,I,0.8,rotate
1047,rotate,6,F,A,B,C,D,E,F,A,B,C,D,E,F,A,B,C,D,E,F,A,0.8,rotate
1048,rotate,1,A,B,C,D,E,F,A,B,C,D,E,F,A,B,C,D,E,F,A,B,0.55,caste
1048,caste,2,B,H,G,G,J,H,H,J,J,J,E,G,J,G,J,I,G,F,H,J,0.9,caste
1048,caste,3,C,I,H,I,E,I,G,H,I,G,F,J,A,B,H,J,I,G,A,H,0.8,caste
1048,caste,4,D,J,C,D,G,J,I,G,H,I,H,I,H,I,G,D,H,J,I,G,0.85,caste
1048,rotate,5,E,F,A,B,C,D,E,F,A,B,C,D,E,F,A,B,C,D,E,F,1.0,caste
1048,rotate,6,F,A,B,C,D,E,F,A,B,C,D,E,F,A,B,C,D,E,F,A,1.0,caste
1049,caste,1,A,G,I,G,J,I,H,H,H,H,C,I,E,G,G,B,C,I,F,I,0.8,caste
1049,caste,2,B,H,J,I,C,D,G,G,J,I,H,D,H,J,I,H,I,H,E,H,0.8,caste
1049,rotate,3,C,D,E,F,A,B,C,D,E,F,A,B,C,D,E,F,A,B,C,D,1.0,caste
1049,rotate,4,D,E,F,A,B,C,D,E,F,A,B,C,D,E,F,A,B,C,D,E,1.0,caste
1049,rotate,5,E,F,A,B,C,D,E,F,A,B,C,D,E,F,A,B,C,D,E,F,0.55,caste
1049,caste,6,F,B,A,H,G,J,I,J,I,G,J,G,J,I,H,J,G,J,G,J,0.95,caste
1050,rotate,1,A,B,C,D,E,F,A,B,C,D,E,F,A,B,C,D,E,F,A,B,0.95,caste
1050,rotate,2,B,C,D,E,F,A,B,C,D,E,F,A,B,C,D,E,F,A,B,C,1.0,caste
1050,caste,3,C,I,G,G,J,J,D,H,G,H,G,J,J,G,I,J,B,I,G,H,0.9,caste
1050,rotate,4,D,E,F,A,B,C,D,E,F,A,B,C,D,E,F,A,B,C,D,E,0.5,caste
1050,caste,5,E,A,H,I,G,H,G,I,F,I,H,G,I,J,F,I,G,H,J,E,0.85,caste
1050,caste,6,F,B,J,H,I,C,J,E,J,A,I,H,D,H,G,H,J,C,I,G,0.7,caste
1051,rotate,1,A,B,C,D,E,F,A,B,C,D,E,F,A,B,C,D,E,F,A,B,0.55,caste
1051,caste,2,B,H,G,I,G,G,G,J,J,G,E,I,J,H,J,H,G,I,G,G,0.95,caste
1051,caste,3,C,I,J,J,I,H,I,G,C,J,H,J,G,B,C,J,H,F,H,J,0.8,caste
1051,rotate,4,D,E,F,A,B,C,D,E,F,A,B,C,D,E,F,A,B,C,D,E,1.0,caste
1051,caste,5,E,A,H,D,J,F,H,I,H,I,G,H,I,G,I,D,E,J,I,H,0.75,caste
1051,rotate,6,F,A,B,C,D,E,F,A,B,C,D,E,F,A,B,C,D,E,F,A,0.95,caste
1052,rotate,1,A,B,C,D,E,F,A,B,C,D,E,F,A,B,C,D,E,F,A,B,0.9,draw
1052,caste,2,B,H,G,I,G,G,G,H,H,G,I,B,G,I,H,J,H,I,G,J,0.95,draw
1052,rotate,3,C,D,E,F,A,B,C,D,E,F,A,B,C,D,E,F,A,B,C,D,0.65,draw
1052,caste,4,D,J,I,J,I,J,C,J,I,H,J,H,J,H,G,F,A,J,H,G,0.85,draw
1052,caste,5,E,A,H,F,H,E,I,G,J,D,G,I,C,J,I,G,E,B,I,H,0.65,draw
1052,rotate,6,F,A,B,C,D,E,F,A,B,C,D,E,F,A,B,C,D,E,F,A,0.9,draw
1053,rotate,1,A,B,C,D,E,F,A,B,C,D,E,F,A,B,C,D,E,F,A,B,0.95,caste
1053,rotate,2,B,C,D,E,F,A,B,C,D,E,F,A,B,C,D,E,F,A,B,C,0.5,caste
1053,caste,3,C,I,G,G,F,I,G,H,G,I,F,G,H,I,D,I,F,J,G,C,0.75,caste
1053,caste,4,D,J,H,H,G,H,B,J,D,J,I,J,I,G,J,G,J,I,B,J,0.85,caste
1053,caste,5,E,A,I,J,E,J,I,C,H,G,H,A,J,H,E,H,G,H,I,H,0.8,caste
1053,rotate,6,F,A,B,C,D,E,F,A,B,C,D,E,F,A,B,C,D,E,F,A,0.95,caste
1054,rotate,1,A,B,C,D,E,F,A,B,C,D,E,F,A,B,C,D,E,F,A,B,0.75,draw
1054,caste,2,B,H,G,G,J,H,H,J,J,H,G,J,I,J,J,G,E,I,H,J,0.95,draw
1054,rotate,3,C,D,E,F,A,B,C,D,E,F,A,B,C,D,E,F,A,B,C,D,0.95,draw
1054,caste,4,D,J,I,H,C,J,E,H,I,D,H,G,C,I,H,J,G,J,G,B,0.75,draw
1054,rotate,5,E,F,A,B,C,D,E,F,A,B,C,D,E,F,A,B,C,D,E,F,0.75,draw
1054,caste,6,F,B,A,I,G,I,G,I,G,J,I,F,H,G,A,I,H,D,I,H,0.75,draw
1055,caste,1,A,G,J,J,I,G,G,I,I,I,D,J,G,J,G,H,J,E,I,G,0.9,caste
1055,caste,2,B,H,G,H,D,H,J,G,H,J,E,G,F,A,I,G,H,J,F,I,0.8,caste
1055,caste,3,C,I,B,C,J,I,H,J,G,H,I,H,I,H,J,C,I,G,H,J,0.85,caste
1055,rotate,4,D,E,F,A,B,C,D,E,F,A,B,C,D,E,F,A,B,C,D,E,1.0,caste
1055,rotate,5,E,F,A,B,C,D,E,F,A,B,C,D,E,F,A,B,C,D,E,F,1.0,caste
1055,rotate,6,F,A,B,C,D,E,F,A,B,C,D,E,F,A,B,C,D,E,F,A,0.55,caste
1056,rotate,1,A,B,C,D,E,F,A,B,C,D,E,F,A,B,C,D,E,F,A,B,0.95,caste
1056,caste,2,B,H,G,G,J,H,D,E,G,A,J,G,I,H,G,J,G,I,J,E,0.8,caste
1056,rotate,3,C,D,E,F,A,B,C,D,E,F,A,B,C,D,E,F,A,B,C,D,1.0,caste
1056,rotate,4,D,E,F,A,B,C,D,E,F,A,B,C,D,E,F,A,B,C,D,E,0.6,caste
1056,caste,5,E,A,I,H,C,J,H,J,F,I,H,C,J,J,F,I,J,D,H,G,0.85,caste
1056,caste,6,F,B,J,I,G,I,G,I,H,J,G,I,H,G,I,H,B,H,G,I,0.9,caste
1057,caste,1,A,G,I,I,J,H,I,G,G,G,D,J,G,I,G,J,I,G,H,I,0.95,caste
1057,caste,2,B,H,G,H,I,J,H,I,J,H,G,H,F,J,I,C,J,I,F,J,0.85,caste
1057,rotate,3,C,D,E,F,A,B,C,D,E,F,A,B,C,D,E,F,A,B,C,D,1.0,caste
1057,caste,4,D,J,B,C,G,E,J,H,I,J,I,E,H,A,H,G,H,J,G,H,0.75,caste
1057,rotate,5,E,F,A,B,C,D,E,F,A,B,C,D,E,F,A,B,C,D,E,F,1.0,caste
1057,rotate,6,F,A,B,C,D,E,F,A,B,C,D,E,F,A,B,C,D,E,F,A,0.55,caste
1058,caste,1,A,G,H,G,J,H,H,I,E,G,I,D,H,I,E,I,I,J,G,D,0.8,caste
1058,rotate,2,B,C,D,E,F,A,B,C,D,E,F,A,B,C,D,E,F,A,B,C,1.0,caste
1058,rotate,3,C,D,E,F,A,B,C,D,E,F,A,B,C,D,E,F,A,B,C,D,0.85,caste
1058,caste,4,D,J,I,H,G,J,G,H,J,H,J,G,I,F,H,G,H,G,I,I,0.95,caste
1058,rotate,5,E,F,A,B,C,D,E,F,A,B,C,D,E,F,A,B,C,D,E,F,0.65,caste
1058,caste,6,F,B,A,I,C,I,J,G,I,B,H,J,G,J,A,J,C,H,J,H,0.75,caste
1059,rotate,1,A,B,C,D,E,F,A,B,C,D,E,F,A,B,C,D,E,F,A,B,0.95,caste
1059,rotate,2,B,C,D,E,F,A,B,C,D,E,F,A,B,C,D,E,F,A,B,C,1.0,caste
1059,rotate,3,C,D,E,F,A,B,C,D,E,F,A,B,C,D,E,F,A,B,C,D,0.45,caste
1059,caste,4,D,J,G,J,G,G,I,J,E,H,G,B,H,G,H,G,I,H,C,I,0.85,caste
1059,caste,5,E,A,H,H,I,J,C,I,J,I,J,H,G,D,I,H,A,J,G,J,0.85,caste
1059,caste,6,F,B,I,F,A,H,G,H,G,F,I,J,I,J,E,J,G,I,H,D,0.7,caste
1060,rotate,1,A,B,C,D,E,F,A,B,C,D,E,F,A,B,C,D,E,F,A,B,0.9,caste
1060,rotate,2,B,C,D,E,F,A,B,C,D,E,F,A,B,C,D,E,F,A,B,C,0.6,caste
1060,caste,3,C,I,G,G,J,I,G,H,G,H,F,G,H,G,J,E,J,H,G,I,0.9,caste
1060,caste,4,D,J,H,I,G,J,I,C,I,G,H,A,J,H,D,H,F,I,J,G,0.8,caste
1060,rotate,5,E,F,A,B,C,D,E,F,A,B,C,D,E,F,A,B,C,D,E,F,0.95,caste
1060,caste,6,F,B,A,H,E,H,J,D,J,I,J,I,B,I,G,I,G,J,H,C,0.75,caste
1061,caste,1,A,H,H,I,J,B,E,B,J,B,E,G,H,G,H,G,H,E,C,E,0.95,random3
1061,random3,2,D,D,D,D,D,D,D,D,D,D,D,D,D,D,D,D,D,D,D,D,1.0,random3
1061,caste,3,C,B,I,B,E,H,J,G,E,C,H,I,B,J,C,E,I,B,J,H,1.0,random3
1061,random3,4,F,F,F,F,F,F,F,F,F,F,F,F,F,F,F,F,F,F,F,F,1.0,random3
1061,caste,5,E,G,J,C,G,I,C,H,I,G,J,C,E,I,B,J,C,G,I,B,1.0,random3
1061,random3,6,A,A,A,A,A,A,A,A,A,A,A,A,A,A,A,A,A,A,A,A,0.95,random3
1062,caste,1,A,B,J,J,G,A,F,J,E,J,B,I,A,I,A,E,A,B,G,B,1.0,draw
1062,random3,2,H,H,H,H,H,H,H,H,H,H,H,H,H,H,H,H,H,H,H,H,1.0,draw
1062,random3,3,E,C,C,C,C,C,C,C,C,C,C,C,C,C,C,C,C,C,C,C,0.95,draw
1062,random3,4,D,D,D,D,D,D,D,D,D,D,D,D,D,D,D,D,D,D,D,D,1.0,draw
1062,caste,5,E,I,B,F,B,E,A,F,I,E,G,B,F,J,I,G,E,F,J,I,0.95,draw
1062,caste,6,F,G,A,I,J,G,I,B,G,A,F,J,E,G,B,F,J,I,A,E,1.0,draw
1063,random3,1,E,E,I,C,C,C,C,C,C,C,C,C,C,C,C,C,C,C,C,C,0.85,caste
1063,caste,2,B,A,G,A,D,A,H,F,H,F,H,F,H,F,G,F,G,F,G,F,1.0,caste
1063,caste,3,C,D,H,B,H,B,I,A,I,G,I,D,A,B,H,I,D,A,B,H,1.0,caste
1063,random3,4,E,E,E,E,E,E,E,E,E,E,E,E,E,E,E,E,E,E,E,E,0.9,caste
1063,caste,5,E,F,I,G,F,D,G,B,D,A,B,G,I,D,A,B,H,I,D,A,0.9,caste
1063,random3,6,J,J,J,J,J,J,J,J,J,J,J,J,J,J,J,J,J,J,J,J,1.0,caste
1064,caste,1,A,C,J,J,F,B,D,B,C,B,D,F,J,F,J,F,J,F,A,F,1.0,caste
1064,caste,2,B,D,A,B,J,C,I,D,I,J,I,B,I,A,I,C,B,C,J,I,1.0,caste
1064,random3,3,I,H,H,H,H,H,H,H,H,H,H,H,H,H,H,H,H,H,H,H,0.95,caste
1064,random3,4,G,G,G,G,G,G,G,G,G,G,G,G,G,G,G,G,G,G,G,G,1.0,caste
1064,random3,5,I,E,E,E,E,E,E,E,E,E,E,E,E,E,E,E,E,E,E,E,0.9,caste
1064,caste,6,F,E,C,D,A,F,J,A,F,C,A,D,C,B,D,A,I,D,B,C,0.95,caste
1065,caste,1,A,D,G,D,F,D,I,H,F,H,F,H,F,H,B,H,B,H,B,F,1.0,caste
1065,caste,2,B,F,I,G,I,F,A,D,A,B,A,G,D,I,F,A,G,D,I,H,1.0,caste
1065,random3,3,C,C,C,C,C,C,C,C,C,C,C,C,C,C,C,C,C,C,C,C,1.0,caste
1065,random3,4,E,E,E,E,E,E,E,E,E,E,E,E,E,E,E,E,E,E,E,E,0.95,caste
1065,caste,5,E,H,A,B,H,G,B,I,G,D,I,B,A,G,D,I,F,A,G,D,0.95,caste
1065,random3,6,J,J,J,J,J,J,J,J,J,J,J,J,J,J,J,J,J,J,J,J,1.0,caste
1066,random3,1,E,E,E,E,E,E,E,E,E,E,E,E,E,E,E,E,E,E,E,E,0.95,caste
1066,random3,2,F,F,F,F,F,F,F,F,F,F,F,F,F,F,F,F,F,F,F,F,1.0,caste
1066,caste,3,C,A,H,C,D,C,A,G,D,G,D,H,D,A,B,A,B,A,B,A,1.0,caste
1066,caste,4,D,B,J,H,J,D,J,C,H,B,A,J,C,G,D,H,J,C,G,D,1.0,caste
1066,caste,5,E,G,A,B,G,H,B,A,J,C,G,B,H,J,C,G,D,H,J,C,0.95,caste
1066,random3,6,I,I,I,I,I,I,I,I,I,I,I,I,I,I,I,I,I,I,I,I,1.0,caste
1067,caste,1,A,C,G,G,F,A,D,A,C,I,G,I,G,D,G,C,H,C,H,C,1.0,draw
1067,random3,2,B,B,B,B,B,B,B,B,B,B,B,B,B,B,B,B,B,B,B,B,1.0,draw
1067,random3,3,E,E,E,E,E,E,E,E,E,E,E,E,E,E,E,E,E,E,E,E,1.0,draw
1067,caste,4,D,H,A,D,I,C,H,G,F,A,D,H,C,F,A,I,G,D,F,A,1.0,draw
1067,random3,5,J,J,J,J,J,J,J,J,J,J,J,J,J,J,J,J,J,J,J,J,1.0,draw
1067,caste,6,F,I,C,H,G,F,I,D,H,C,F,A,I,H,D,F,A,I,G,D,1.0,draw
1068,random3,1,I,I,I,I,I,I,I,I,I,I,I,I,I,I,I,I,I,I,I,I,1.0,draw
1068,caste,2,B,C,J,E,H,J,A,B,E,B,H,D,E,D,E,D,E,H,G,H,0.9,draw
1068,random3,3,B,C,C,C,C,C,C,C,C,C,C,C,C,C,C,C,C,C,C,C,0.9,draw
1068,random3,4,F,F,F,F,F,F,F,F,F,F,F,F,F,F,F,F,F,F,F,F,0.95,draw
1068,caste,5,E,A,G,J,G,B,H,D,H,G,E,A,B,J,G,H,A,B,J,E,1.0,draw
1068,caste,6,F,D,H,A,D,E,G,J,A,D,J,G,H,A,B,J,G,D,A,B,0.95,draw
1069,caste,1,A,F,H,H,D,A,C,A,D,J,H,J,H,C,H,D,I,D,I,D,1.0,draw
1069,random3,2,B,B,B,B,B,B,B,B,B,B,B,B,B,B,B,B,B,B,B,B,1.0,draw
1069,caste,3,C,I,A,C,J,D,I,H,F,A,C,I,D,F,A,J,H,C,F,A,1.0,draw
1069,caste,4,D,J,F,I,H,F,J,C,I,D,F,A,J,I,C,F,A,J,H,C,1.0,draw
1069,random3,5,E,E,E,E,E,E,E,E,E,E,E,E,E,E,E,E,E,E,E,E,1.0,draw
1069,random3,6,G,G,G,G,G,G,G,G,G,G,G,G,G,G,G,G,G,G,G,G,1.0,draw
1070,caste,1,A,B,G,B,H,G,D,G,H,F,B,A,B,D,B,H,C,H,C,H,1.0,draw
1070,random3,2,I,I,I,I,I,I,I,I,I,I,I,I,I,I,I,I,I,I,I,I,1.0,draw
1070,random3,3,D,J,J,J,J,J,J,J,J,J,J,J,J,J,J,J,J,J,J,J,0.95,draw
1070,caste,4,D,C,H,G,F,H,C,B,A,G,D,C,H,F,G,A,B,D,F,G,0.95,draw
1070,caste,5,E,F,A,C,B,A,F,D,C,H,F,G,A,C,D,F,G,A,B,D,0.95,draw
1070,random3,6,E,E,E,E,E,E,E,E,E,E,E,E,E,E,E,E,E,E,E,E,0.95,draw
1071,caste,1,A,H,B,C,C,F,C,B,A,F,A,F,E,F,B,H,C,H,C,H,0.95,draw
1071,caste,2,B,E,J,E,F,E,J,F,J,C,E,H,B,J,C,A,F,E,J,B,1.0,draw
1071,caste,3,C,F,H,J,B,H,A,E,H,B,J,C,A,H,E,J,B,A,F,E,1.0,draw
1071,random3,4,G,G,G,G,G,G,G,G,G,G,G,G,G,G,G,G,G,G,G,G,1.0,draw
1071,random3,5,A,I,I,I,I,I,I,I,I,I,I,I,I,I,I,I,I,I,I,I,0.95,draw
1071,random3,6,D,D,D,D,D,D,D,D,D,D,D,D,D,D,D,D,D,D,D,D,1.0,draw
1072,random3,1,F,F,F,F,F,F,F,F,F,F,F,F,F,F,F,F,F,F,F,F,0.75,caste
1072,caste,2,B,A,G,A,C,E,B,E,B,C,I,E,D,E,I,E,D,A,D,C,1.0,caste
1072,random3,3,F,F,F,F,F,J,J,J,J,J,J,J,J,J,J,J,J,J,J,J,0.7,caste
1072,caste,4,D,C,I,B,D,J,D,I,E,G,C,I,B,D,G,I,G,B,A,E,0.95,caste
1072,random3,5,H,H,H,H,H,H,H,H,H,H,H,H,H,H,H,H,H,H,H,H,1.0,caste
1072,caste,6,F,E,J,G,I,A,C,G,A,D,B,A,G,C,A,B,C,E,I,G,0.95,caste
1073,random3,1,G,G,G,G,G,G,G,G,G,G,G,G,G,G,G,G,G,G,G,G,1.0,draw
1073,caste,2,B,A,H,B,D,B,A,F,D,J,D,H,D,A,C,A,C,A,C,A,1.0,draw
1073,random3,3,I,I,I,I,I,I,I,I,I,I,I,I,I,I,I,I,I,I,I,I,1.0,draw
1073,caste,4,D,C,J,H,J,D,J,B,H,C,A,F,B,J,D,H,F,B,J,D,1.0,draw
1073,caste,5,E,F,A,C,F,H,C,A,F,B,J,C,H,F,B,J,D,H,F,B,0.95,draw
1073,random3,6,E,E,E,E,E,E,E,E,E,E,E,E,E,E,E,E,E,E,E,E,0.95,draw
1074,random3,1,H,H,H,H,H,H,H,H,H,H,H,H,H,H,H,H,H,H,H,H,1.0,draw
1074,caste,2,B,F,F,I,J,A,D,A,D,A,I,E,I,E,I,E,I,D,C,D,0.95,draw
1074,caste,3,C,A,I,A,D,F,J,E,I,C,D,J,A,F,C,D,J,A,F,I,1.0,draw
1074,caste,4,D,E,J,C,E,I,C,F,J,E,F,C,D,J,A,F,C,E,J,A,1.0,draw
1074,random3,5,B,B,B,B,B,B,B,B,B,B,B,B,B,B,B,B,B,B,B,B,0.95,draw
1074,random3,6,G,G,G,G,G,G,G,G,G,G,G,G,G,G,G,G,G,G,G,G,1.0,draw
1075,random3,1,B,B,B,B,B,B,B,B,B,B,B,B,B,B,B,B,B,B,B,B,1.0,draw
1075,random3,2,A,A,A,A,A,A,A,A,A,A,A,A,A,A,A,A,A,A,A,A,1.0,draw
1075,caste,3,C,D,J,J,F,C,E,C,D,I,J,I,J,E,J,D,G,D,G,D,1.0,draw
1075,random3,4,H,H,H,H,H,H,H,H,H,H,H,H,H,H,H,H,H,H,H,H,1.0,draw
1075,caste,5,E,G,C,E,I,D,G,J,F,C,E,G,D,F,C,I,J,E,F,C,1.0,draw
1075,caste,6,F,I,D,G,J,F,I,E,G,D,F,C,I,G,E,F,C,I,J,E,1.0,draw
1076,caste,1,A,B,H,D,A,B,J,C,J,C,B,C,D,F,D,F,D,F,D,F,0.95,caste
1076,random3,2,C,G,H,H,H,H,H,H,H,H,H,H,H,H,H,H,H,H,H,H,0.85,caste
1076,caste,3,C,G,A,F,C,D,A,D,F,D,G,A,J,C,B,G,A,J,C,B,0.9,caste
1076,random3,4,E,E,E,E,E,E,E,E,E,E,E,E,E,E,E,E,E,E,E,E,1.0,caste
1076,random3,5,I,I,I,I,I,I,I,I,I,I,I,I,I,I,I,I,I,I,I,I,1.0,caste
1076,caste,6,F,D,J,B,J,G,F,B,G,A,J,F,B,G,A,J,C,B,G,A,1.0,caste
1077,random3,1,I,A,A,A,A,A,A,A,A,A,A,A,A,A,A,A,A,A,A,A,0.9,caste
1077,random3,2,I,I,I,I,I,I,I,I,I,I,I,I,I,I,I,I,I,I,I,I,0.95,caste
1077,random3,3,J,J,J,J,J,J,J,J,J,J,J,J,J,J,J,J,J,J,J,J,1.0,caste
1077,caste,4,D,A,D,G,H,B,E,B,H,B,G,C,G,C,G,C,G,C,F,C,0.95,caste
1077,caste,5,E,B,G,B,C,D,H,F,G,F,D,E,B,H,F,D,E,B,H,G,1.0,caste
1077,caste,6,F,C,H,E,F,G,C,D,E,C,H,F,D,E,B,H,F,D,E,B,1.0,caste
1078,random3,1,J,J,J,J,J,J,J,J,J,J,J,J,J,J,J,J,J,J,J,J,1.0,caste
1078,caste,2,B,A,B,D,I,A,G,A,H,A,D,F,B,F,B,F,B,F,I,F,0.95,caste
1078,caste,3,C,D,H,G,B,H,F,D,I,B,G,A,H,I,D,G,A,H,B,D,0.95,caste
1078,random3,4,E,E,E,E,E,E,E,E,E,E,E,E,E,E,E,E,E,E,E,E,1.0,caste
1078,random3,5,F,A,H,C,C,C,C,C,C,C,C,C,C,C,C,C,C,C,C,C,0.8,caste
1078,caste,6,F,G,I,C,D,I,B,G,F,H,I,D,G,A,H,I,D,G,A,H,0.9,caste
1079,random3,1,C,A,A,A,A,A,A,A,A,A,A,A,A,A,A,A,A,A,A,A,0.9,caste
1079,random3,2,I,I,I,I,I,I,I,I,I,I,I,I,I,I,I,I,I,I,I,I,1.0,caste
1079,caste,3,C,E,J,D,H,E,B,E,D,E,B,F,B,J,B,J,B,J,F,C,0.95,caste
1079,caste,4,D,A,E,B,C,H,F,B,J,C,H,E,D,F,C,H,E,D,B,J,0.95,caste
1079,random3,5,G,G,G,G,G,G,G,G,G,G,G,G,G,G,G,G,G,G,G,G,1.0,caste
1079,caste,6,F,B,H,J,F,D,J,C,H,F,D,J,C,H,E,D,F,C,H,E,1.0,caste
1080,caste,1,A,F,F,G,I,B,D,B,G,B,I,E,I,E,I,E,I,E,C,E,0.95,random3
1080,caste,2,B,C,G,B,D,F,I,E,I,C,F,D,B,G,C,F,D,B,G,I,1.0,random3
1080,random3,3,H,H,H,H,H,H,H,H,H,H,H,H,H,H,H,H,H,H,H,H,1.0,random3
1080,caste,4,D,E,I,C,E,G,C,F,D,E,G,C,F,D,B,G,C,F,D,B,1.0,random3
1080,random3,5,J,J,J,J,J,J,J,J,J,J,J,J,J,J,J,J,J,J,J,J,1.0,random3
1080,random3,6,A,A,A,A,A,A,A,A,A,A,A,A,A,A,A,A,A,A,A,A,0.95,random3
1081,caste,1,A,G,G,E,E,G,C,H,D,I,G,F,I,J,D,G,J,D,E,J,1.0,draw
1081,caste,2,B,H,H,F,I,E,F,C,J,D,H,A,F,B,C,I,A,F,B,H,1.0,draw
1081,radicaleq,3,C,I,C,G,B,H,D,I,G,F,I,J,D,G,J,D,E,J,G,C,1.0,draw
1081,radicaleq,4,D,J,I,H,F,I,J,F,H,A,D,B,C,I,A,F,B,H,D,E,1.0,draw
1081,caste,5,E,A,D,A,D,A,G,A,C,J,C,G,A,F,E,H,G,C,I,A,1.0,draw
1081,radicaleq,6,F,B,J,C,J,B,E,B,E,B,E,H,E,H,B,C,I,A,F,B,1.0,draw
1082,radicaleq,1,A,G,G,E,E,G,C,H,D,I,G,F,I,J,D,G,J,D,E,J,1.0,draw
1082,radicaleq,2,B,H,H,F,I,E,F,C,J,D,H,A,F,B,C,I,A,F,B,H,1.0,draw
1082,caste,3,C,I,C,G,B,H,D,I,G,F,I,J,D,G,J,D,E,J,G,C,1.0,draw
1082,caste,4,D,J,I,H,F,I,J,F,H,A,D,B,C,I,A,F,B,H,D,E,1.0,draw
1082,radicaleq,5,E,A,D,A,D,A,G,A,C,J,C,G,A,F,E,H,G,C,I,A,1.0,draw
1082,caste,6,F,B,J,C,J,B,E,B,E,B,E,H,E,H,B,C,I,A,F,B,1.0,draw
1083,radicaleq,1,A,G,G,E,E,G,C,H,D,I,G,F,I,J,D,G,J,D,E,J,1.0,draw
1083,caste,2,B,H,H,F,I,E,F,C,J,D,H,A,F,B,C,I,A,F,B,H,1.0,draw
1083,caste,3,C,I,C,G,B,H,D,I,G,F,I,J,D,G,J,D,E,J,G,C,1.0,draw
1083,radicaleq,4,D,J,I,H,F,I,J,F,H,A,D,B,C,I,A,F,B,H,D,E,1.0,draw
1083,radicaleq,5,E,A,D,A,D,A,G,A,C,J,C,G,A,F,E,H,G,C,I,A,1.0,draw
1083,caste,6,F,B,J,C,J,B,E,B,E,B,E,H,E,H,B,C,I,A,F,B,1.0,draw
1084,radicaleq,1,A,G,G,E,E,G,C,H,D,I,G,F,I,J,D,G,J,D,E,J,1.0,draw
1084,caste,2,B,H,H,F,I,E,F,C,J,D,H,A,F,B,C,I,A,F,B,H,1.0,draw
1084,radicaleq,3,C,I,C,G,B,H,D,I,G,F,I,J,D,G,J,D,E,J,G,C,1.0,draw
1084,caste,4,D,J,I,H,F,I,J,F,H,A,D,B,C,I,A,F,B,H,D,E,1.0,draw
1084,radicaleq,5,E,A,D,A,D,A,G,A,C,J,C,G,A,F,E,H,G,C,I,A,1.0,draw
1084,caste,6,F,B,J,C,J,B,E,B,E,B,E,H,E,H,B,C,I,A,F,B,1.0,draw
1085,caste,1,A,G,G,E,E,G,C,H,D,I,G,F,I,J,D,G,J,D,E,J,1.0,draw
1085,caste,2,B,H,H,F,I,E,F,C,J,D,H,A,F,B,C,I,A,F,B,H,1.0,draw
1085,radicaleq,3,C,I,C,G,B,H,D,I,G,F,I,J,D,G,J,D,E,J,G,C,1.0,draw
1085,radicaleq,4,D,J,I,H,F,I,J,F,H,A,D,B,C,I,A,F,B,H,D,E,1.0,draw
1085,radicaleq,5,E,A,D,A,D,A,G,A,C,J,C,G,A,F,E,H,G,C,I,A,1.0,draw
1085,caste,6,F,B,J,C,J,B,E,B,E,B,E,H,E,H,B,C,I,A,F,B,1.0,draw
1086,radicaleq,1,A,G,G,E,E,G,C,H,D,I,G,F,I,J,D,G,J,D,E,J,1.0,draw
1086,caste,2,B,H,H,F,I,E,F,C,J,D,H,A,F,B,C,I,A,F,B,H,1.0,draw
1086,caste,3,C,I,C,G,B,H,D,I,G,F,I,J,D,G,J,D,E,J,G,C,1.0,draw
1086,radicaleq,4,D,J,I,H,F,I,J,F,H,A,D,B,C,I,A,F,B,H,D,E,1.0,draw
1086,caste,5,E,A,D,A,D,A,G,A,C,J,C,G,A,F,E,H,G,C,I,A,1.0,draw
1086,radicaleq,6,F,B,J,C,J,B,E,B,E,B,E,H,E,H,B,C,I,A,F,B,1.0,draw
1087,radicaleq,1,A,G,G,E,E,G,C,H,D,I,G,F,I,J,D,G,J,D,E,J,1.0,draw
1087,caste,2,B,H,H,F,I,E,F,C,J,D,H,A,F,B,C,I,A,F,B,H,1.0,draw
1087,radicaleq,3,C,I,C,G,B,H,D,I,G,F,I,J,D,G,J,D,E,J,G,C,1.0,draw
1087,radicaleq,4,D,J,I,H,F,I,J,F,H,A,D,B,C,I,A,F,B,H,D,E,1.0,draw
1087,caste,5,E,A,D,A,D,A,G,A,C,J,C,G,A,F,E,H,G,C,I,A,1.0,draw
1087,caste,6,F,B,J,C,J,B,E,B,E,B,E,H,E,H,B,C,I,A,F,B,1.0,draw
1088,caste,1,A,G,G,E,E,G,C,H,D,I,G,F,I,J,D,G,J,D,E,J,1.0,draw
1088,radicaleq,2,B,H,H,F,I,E,F,C,J,D,H,A,F,B,C,I,A,F,B,H,1.0,draw
1088,caste,3,C,I,C,G,B,H,D,I,G,F,I,J,D,G,J,D,E,J,G,C,1.0,draw
1088,radicaleq,4,D,J,I,H,F,I,J,F,H,A,D,B,C,I,A,F,B,H,D,E,1.0,draw
1088,radicaleq,5,E,A,D,A,D,A,G,A,C,J,C,G,A,F,E,H,G,C,I,A,1.0,draw
1088,caste,6,F,B,J,C,J,B,E,B,E,B,E,H,E,H,B,C,I,A,F,B,1.0,draw
1089,caste,1,A,G,G,E,E,G,C,H,D,I,G,F,I,J,D,G,J,D,E,J,1.0,draw
1089,radicaleq,2,B,H,H,F,I,E,F,C,J,D,H,A,F,B,C,I,A,F,B,H,1.0,draw
1089,radicaleq,3,C,I,C,G,B,H,D,I,G,F,I,J,D,G,J,D,E,J,G,C,1.0,draw
1089,caste,4,D,J,I,H,F,I,J,F,H,A,D,B,C,I,A,F,B,H,D,E,1.0,draw
1089,radicaleq,5,E,A,D,A,D,A,G,A,C,J,C,G,A,F,E,H,G,C,I,A,1.0,draw
1089,caste,6,F,B,J,C,J,B,E,B,E,B,E,H,E,H,B,C,I,A,F,B,1.0,draw
1090,caste,1,A,G,G,E,E,G,C,H,D,I,G,F,I,J,D,G,J,D,E,J,1.0,draw
1090,radicaleq,2,B,H,H,F,I,E,F,C,J,D,H,A,F,B,C,I,A,F,B,H,1.0,draw
1090,caste,3,C,I,C,G,B,H,D,I,G,F,I,J,D,G,J,D,E,J,G,C,1.0,draw
1090,caste,4,D,J,I,H,F,I,J,F,H,A,D,B,C,I,A,F,B,H,D,E,1.0,draw
1090,radicaleq,5,E,A,D,A,D,A,G,A,C,J,C,G,A,F,E,H,G,C,I,A,1.0,draw
1090,radicaleq,6,F,B,J,C,J,B,E,B,E,B,E,H,E,H,B,C,I,A,F,B,1.0,draw
1091,radicaleq,1,A,G,G,E,E,G,C,H,D,I,G,F,I,J,D,G,J,D,E,J,1.0,draw
1091,caste,2,B,H,H,F,I,E,F,C,J,D,H,A,F,B,C,I,A,F,B,H,1.0,draw
1091,radicaleq,3,C,I,C,G,B,H,D,I,G,F,I,J,D,G,J,D,E,J,G,C,1.0,draw
1091,caste,4,D,J,I,H,F,I,J,F,H,A,D,B,C,I,A,F,B,H,D,E,1.0,draw
1091,caste,5,E,A,D,A,D,A,G,A,C,J,C,G,A,F,E,H,G,C,I,A,1.0,draw
1091,radicaleq,6,F,B,J,C,J,B,E,B,E,B,E,H,E,H,B,C,I,A,F,B,1.0,draw
1092,radicaleq,1,A,G,G,E,E,G,C,H,D,I,G,F,I,J,D,G,J,D,E,J,1.0,draw
1092,radicaleq,2,B,H,H,F,I,E,F,C,J,D,H,A,F,B,C,I,A,F,B,H,1.0,draw
1092,caste,3,C,I,C,G,B,H,D,I,G,F,I,J,D,G,J,D,E,J,G,C,1.0,draw
1092,radicaleq,4,D,J,I,H,F,I,J,F,H,A,D,B,C,I,A,F,B,H,D,E,1.0,draw
1092,caste,5,E,A,D,A,D,A,G,A,C,J,C,G,A,F,E,H,G,C,I,A,1.0,draw
1092,caste,6,F,B,J,C,J,B,E,B,E,B,E,H,E,H,B,C,I,A,F,B,1.0,draw
1093,caste,1,A,G,G,E,E,G,C,H,D,I,G,F,I,J,D,G,J,D,E,J,1.0,draw
1093,radicaleq,2,B,H,H,F,I,E,F,C,J,D,H,A,F,B,C,I,A,F,B,H,1.0,draw
1093,caste,3,C,I,C,G,B,H,D,I,G,F,I,J,D,G,J,D,E,J,G,C,1.0,draw
1093,radicaleq,4,D,J,I,H,F,I,J,F,H,A,D,B,C,I,A,F,B,H,D,E,1.0,draw
1093,caste,5,E,A,D,A,D,A,G,A,C,J,C,G,A,F,E,H,G,C,I,A,1.0,draw
1093,radicaleq,6,F,B,J,C,J,B,E,B,E,B,E,H,E,H,B,C,I,A,F,B,1.0,draw
1094,radicaleq,1,A,G,G,E,E,G,C,H,D,I,G,F,I,J,D,G,J,D,E,J,1.0,draw
1094,caste,2,B,H,H,F,I,E,F,C,J,D,H,A,F,B,C,I,A,F,B,H,1.0,draw
1094,caste,3,C,I,C,G,B,H,D,I,G,F,I,J,D,G,J,D,E,J,G,C,1.0,draw
1094,caste,4,D,J,I,H,F,I,J,F,H,A,D,B,C,I,A,F,B,H,D,E,1.0,draw
1094,radicaleq,5,E,A,D,A,D,A,G,A,C,J,C,G,A,F,E,H,G,C,I,A,1.0,draw
1094,radicaleq,6,F,B,J,C,J,B,E,B,E,B,E,H,E,H,B,C,I,A,F,B,1.0,draw
1095,caste,1,A,G,G,E,E,G,C,H,D,I,G,F,I,J,D,G,J,D,E,J,1.0,draw
1095,radicaleq,2,B,H,H,F,I,E,F,C,J,D,H,A,F,B,C,I,A,F,B,H,1.0,draw
1095,radicaleq,3,C,I,C,G,B,H,D,I,G,F,I,J,D,G,J,D,E,J,G,C,1.0,draw
1095,radicaleq,4,D,J,I,H,F,I,J,F,H,A,D,B,C,I,A,F,B,H,D,E,1.0,draw
1095,caste,5,E,A,D,A,D,A,G,A,C,J,C,G,A,F,E,H,G,C,I,A,1.0,draw
1095,caste,6,F,B,J,C,J,B,E,B,E,B,E,H,E,H,B,C,I,A,F,B,1.0,draw
1096,caste,1,A,G,G,E,E,G,C,H,D,I,G,F,I,J,D,G,J,D,E,J,1.0,draw
1096,radicaleq,2,B,H,H,F,I,E,F,C,J,D,H,A,F,B,C,I,A,F,B,H,1.0,draw
1096,radicaleq,3,C,I,C,G,B,H,D,I,G,F,I,J,D,G,J,D,E,J,G,C,1.0,draw
1096,caste,4,D,J,I,H,F,I,J,F,H,A,D,B,C,I,A,F,B,H,D,E,1.0,draw
1096,caste,5,E,A,D,A,D,A,G,A,C,J,C,G,A,F,E,H,G,C,I,A,1.0,draw
1096,radicaleq,6,F,B,J,C,J,B,E,B,E,B,E,H,E,H,B,C,I,A,F,B,1.0,draw
1097,radicaleq,1,A,G,G,E,E,G,C,H,D,I,G,F,I,J,D,G,J,D,E,J,1.0,draw
1097,radicaleq,2,B,H,H,F,I,E,F,C,J,D,H,A,F,B,C,I,A,F,B,H,1.0,draw
1097,caste,3,C,I,C,G,B,H,D,I,G,F,I,J,D,G,J,D,E,J,G,C,1.0,draw
1097,caste,4,D,J,I,H,F,I,J,F,H,A,D,B,C,I,A,F,B,H,D,E,1.0,draw
1097,caste,5,E,A,D,A,D,A,G,A,C,J,C,G,A,F,E,H,G,C,I,A,1.0,draw
1097,radicaleq,6,F,B,J,C,J,B,E,B,E,B,E,H,E,H,B,C,I,A,F,B,1.0,draw
1098,caste,1,A,G,G,E,E,G,C,H,D,I,G,F,I,J,D,G,J,D,E,J,1.0,draw
1098,caste,2,B,H,H,F,I,E,F,C,J,D,H,A,F,B,C,I,A,F,B,H,1.0,draw
1098,radicaleq,3,C,I,C,G,B,H,D,I,G,F,I,J,D,G,J,D,E,J,G,C,1.0,draw
1098,caste,4,D,J,I,H,F,I,J,F,H,A,D,B,C,I,A,F,B,H,D,E,1.0,draw
1098,radicaleq,5,E,A,D,A,D,A,G,A,C,J,C,G,A,F,E,H,G,C,I,A,1.0,draw
1098,radicaleq,6,F,B,J,C,J,B,E,B,E,B,E,H,E,H,B,C,I,A,F,B,1.0,draw
1099,radicaleq,1,A,G,G,E,E,G,C,H,D,I,G,F,I,J,D,G,J,D,E,J,1.0,draw
1099,radicaleq,2,B,H,H,F,I,E,F,C,J,D,H,A,F,B,C,I,A,F,B,H,1.0,draw
1099,radicaleq,3,C,I,C,G,B,H,D,I,G,F,I,J,D,G,J,D,E,J,G,C,1.0,draw
1099,caste,4,D,J,I,H,F,I,J,F,H,A,D,B,C,I,A,F,B,H,D,E,1.0,draw
1099,caste,5,E,A,D,A,D,A,G,A,C,J,C,G,A,F,E,H,G,C,I,A,1.0,draw
1099,caste,6,F,B,J,C,J,B,E,B,E,B,E,H,E,H,B,C,I,A,F,B,1.0,draw
1100,caste,1,A,G,G,E,E,G,C,H,D,I,G,F,I,J,D,G,J,D,E,J,1.0,draw
1100,caste,2,B,H,H,F,I,E,F,C,J,D,H,A,F,B,C,I,A,F,B,H,1.0,draw
1100,caste,3,C,I,C,G,B,H,D,I,G,F,I,J,D,G,J,D,E,J,G,C,1.0,draw
1100,radicaleq,4,D,J,I,H,F,I,J,F,H,A,D,B,C,I,A,F,B,H,D,E,1.0,draw
1100,radicaleq,5,E,A,D,A,D,A,G,A,C,J,C,G,A,F,E,H,G,C,I,A,1.0,draw
1100,radicaleq,6,F,B,J,C,J,B,E,B,E,B,E,H,E,H,B,C,I,A,F,B,1.0,draw
1101,rotate0,1,A,A,A,A,A,A,A,A,A,A,A,A,A,A,A,A,A,A,A,A,0.95,caste
1101,caste,2,B,H,G,G,I,G,B,E,H,J,H,I,H,B,D,B,D,B,D,B,1.0,caste
1101,rotate0,3,C,C,C,C,C,C,C,C,C,C,C,C,C,C,C,C,C,C,C,C,1.0,caste
1101,caste,4,D,J,I,H,J,H,J,G,I,D,B,E,G,J,H,I,E,G,J,H,1.0,caste
1101,caste,5,E,A,B,D,E,I,D,B,E,G,J,D,I,E,G,J,H,I,E,G,0.95,caste
1101,rotate0,6,F,F,F,F,F,F,F,F,F,F,F,F,F,F,F,F,F,F,F,F,1.0,caste
1102,rotate0,1,A,A,A,A,A,A,A,A,A,A,A,A,A,A,A,A,A,A,A,A,0.95,caste
1102,rotate0,2,B,B,B,B,B,B,B,B,B,B,B,B,B,B,B,B,B,B,B,B,1.0,caste
1102,caste,3,C,I,G,G,H,G,C,E,H,E,H,I,H,C,D,C,D,C,D,C,1.0,caste
1102,caste,4,D,J,H,I,J,H,J,G,I,D,C,J,G,E,H,I,J,G,E,H,1.0,caste
1102,caste,5,E,A,C,D,E,I,D,C,J,G,E,D,I,J,G,E,H,I,J,G,0.95,caste
1102,rotate0,6,F,F,F,F,F,F,F,F,F,F,F,F,F,F,F,F,F,F,F,F,1.0,caste
1103,caste,1,A,G,H,H,D,A,C,A,D,J,H,J,H,C,H,D,I,D,I,D,1.0,draw
1103,rotate0,2,B,B,B,B,B,B,B,B,B,B,B,B,B,B,B,B,B,B,B,B,1.0,draw
1103,caste,3,C,I,A,C,J,D,I,H,G,A,C,I,D,G,A,J,H,C,G,A,1.0,draw
1103,caste,4,D,J,G,I,H,G,J,C,I,D,G,A,J,I,C,G,A,J,H,C,1.0,draw
1103,rotate0,5,E,E,E,E,E,E,E,E,E,E,E,E,E,E,E,E,E,E,E,E,1.0,draw
1103,rotate0,6,F,F,F,F,F,F,F,F,F,F,F,F,F,F,F,F,F,F,F,F,1.0,draw
1104,caste,1,A,G,I,I,J,J,G,J,I,H,I,H,I,H,I,B,A,B,A,B,1.0,draw
1104,caste,2,B,H,J,B,E,B,E,B,E,J,E,A,B,G,J,E,I,H,G,J,1.0,draw
1104,rotate0,3,C,C,C,C,C,C,C,C,C,C,C,C,C,C,C,C,C,C,C,C,1.0,draw
1104,rotate0,4,D,D,D,D,D,D,D,D,D,D,D,D,D,D,D,D,D,D,D,D,1.0,draw
1104,caste,5,E,A,G,H,I,A,H,G,A,B,G,J,E,A,H,G,J,E,I,H,1.0,draw
1104,rotate0,6,F,F,F,F,F,F,F,F,F,F,F,F,F,F,F,F,F,F,F,F,1.0,draw
1105,caste,1,A,G,H,G,I,G,A,F,H,F,H,I,H,F,D,F,D,F,D,F,1.0,caste
1105,rotate0,2,B,B,B,B,B,B,B,B,B,B,B,B,B,B,B,B,B,B,B,B,0.95,caste
1105,rotate0,3,C,C,C,C,C,C,C,C,C,C,C,C,C,C,C,C,C,C,C,C,1.0,caste
1105,caste,4,D,J,I,H,J,H,J,G,I,D,F,J,G,A,H,I,J,G,A,H,1.0,caste
1105,rotate0,5,E,E,E,E,E,E,E,E,E,E,E,E,E,E,E,E,E,E,E,E,1.0,caste
1105,caste,6,F,B,A,D,F,I,D,A,J,G,A,D,I,J,G,A,H,I,J,G,0.95,caste
1106,rotate0,1,A,A,A,A,A,A,A,A,A,A,A,A,A,A,A,A,A,A,A,A,0.95,caste
1106,caste,2,B,H,G,G,I,G,J,E,J,E,J,E,J,H,C,H,B,H,B,H,1.0,caste
1106,caste,3,C,I,J,H,J,H,B,G,I,C,H,B,G,I,J,E,C,G,I,J,1.0,caste
1106,rotate0,4,D,D,D,D,D,D,D,D,D,D,D,D,D,D,D,D,D,D,D,D,1.0,caste
1106,caste,5,E,A,B,C,E,I,C,H,B,G,I,C,E,B,G,I,J,E,C,G,0.95,caste
1106,rotate0,6,F,F,F,F,F,F,F,F,F,F,F,F,F,F,F,F,F,F,F,F,1.0,caste
1107,rotate0,1,A,A,A,A,A,A,A,A,A,A,A,A,A,A,A,A,A,A,A,A,0.95,draw
1107,rotate0,2,B,B,B,B,B,B,B,B,B,B,B,B,B,B,B,B,B,B,B,B,0.95,draw
1107,caste,3,C,I,G,C,E,J,G,H,G,E,G,H,F,C,J,C,J,C,J,F,1.0,draw
1107,rotate0,4,D,D,D,D,D,D,D,D,D,D,D,D,D,D,D,D,D,D,D,D,1.0,draw
1107,caste,5,E,A,H,G,H,C,I,F,H,J,C,I,G,E,F,H,I,G,E,C,0.95,draw
1107,caste,6,F,B,J,I,F,E,J,C,I,F,E,J,H,I,G,E,F,H,I,G,0.95,draw
1108,caste,1,A,G,H,H,J,J,G,J,A,I,G,C,G,H,G,A,E,A,E,A,1.0,draw
1108,rotate0,2,B,B,B,B,B,B,B,B,B,B,B,B,B,B,B,B,B,B,B,B,1.0,draw
1108,caste,3,C,I,J,C,E,A,E,G,C,J,H,E,A,I,J,C,G,H,I,J,1.0,draw
1108,rotate0,4,D,D,D,D,D,D,D,D,D,D,D,D,D,D,D,D,D,D,D,D,1.0,draw
1108,caste,5,E,A,G,I,H,C,I,H,E,A,I,J,C,E,H,I,J,C,G,H,1.0,draw
1108,rotate0,6,F,F,F,F,F,F,F,F,F,F,F,F,F,F,F,F,F,F,F,F,1.0,draw
1109,rotate0,1,A,A,A,A,A,A,A,A,A,A,A,A,A,A,A,A,A,A,A,A,1.0,caste
1109,rotate0,2,B,B,B,B,B,B,B,B,B,B,B,B,B,B,B,B,B,B,B,B,0.95,caste
1109,caste,3,C,I,G,G,H,G,J,F,J,F,J,F,J,F,D,F,D,F,D,F,1.0,caste
1109,caste,4,D,J,H,I,J,H,C,G,C,D,C,I,G,H,J,C,I,G,H,J,1.0,caste
1109,rotate0,5,E,E,E,E,E,E,E,E,E,E,E,E,E,E,E,E,E,E,E,E,1.0,caste
1109,caste,6,F,B,C,D,F,I,D,H,I,G,H,D,C,I,G,H,J,C,I,G,0.95,caste
1110,rotate0,1,A,A,A,A,A,A,A,A,A,A,A,A,A,A,A,A,A,A,A,A,0.95,draw
1110,rotate0,2,B,B,B,B,B,B,B,B,B,B,B,B,B,B,B,B,B,B,B,B,0.95,draw
1110,rotate0,3,C,C,C,C,C,C,C,C,C,C,C,C,C,C,C,C,C,C,C,C,1.0,draw
1110,caste,4,D,J,G,D,E,I,G,J,G,H,G,J,F,D,I,D,I,D,I,F,1.0,draw
1110,caste,5,E,A,H,G,H,D,H,F,J,I,D,E,G,H,F,J,E,G,H,D,0.95,draw
1110,caste,6,F,B,I,J,F,E,I,D,E,F,H,I,J,E,G,H,F,J,E,G,0.95,draw
1111,caste,1,A,G,H,G,I,G,I,J,A,E,A,H,A,I,F,I,F,I,F,I,1.0,caste
1111,rotate0,2,B,B,B,B,B,B,B,B,B,B,B,B,B,B,B,B,B,B,B,B,0.95,caste
1111,rotate0,3,C,C,C,C,C,C,C,C,C,C,C,C,C,C,C,C,C,C,C,C,1.0,caste
1111,rotate0,4,D,D,D,D,D,D,D,D,D,D,D,D,D,D,D,D,D,D,D,D,1.0,caste
1111,caste,5,E,A,I,H,F,A,E,G,H,F,I,J,G,E,A,H,J,G,E,A,1.0,caste
1111,caste,6,F,B,J,E,J,H,F,I,J,G,E,F,H,J,G,E,A,H,J,G,0.95,caste
1112,caste,1,A,G,H,G,I,G,J,F,J,F,J,F,J,I,C,I,C,I,C,I,1.0,caste
1112,rotate0,2,B,B,B,B,B,B,B,B,B,B,B,B,B,B,B,B,B,B,B,B,0.95,caste
1112,caste,3,C,I,J,H,J,H,A,G,I,C,I,A,G,A,J,F,H,G,A,J,1.0,caste
1112,rotate0,4,D,D,D,D,D,D,D,D,D,D,D,D,D,D,D,D,D,D,D,D,1.0,caste
1112,rotate0,5,E,E,E,E,E,E,E,E,E,E,E,E,E,E,E,E,E,E,E,E,1.0,caste
1112,caste,6,F,B,A,C,F,I,C,H,A,G,H,C,F,H,G,A,J,F,H,G,0.95,caste
1113,rotate0,1,A,A,A,A,A,A,A,A,A,A,A,A,A,A,A,A,A,A,A,A,1.0,draw
1113,caste,2,B,H,G,G,J,J,H,J,H,I,H,I,H,I,H,C,B,C,B,C,1.0,draw
1113,caste,3,C,I,J,C,F,C,F,C,F,J,F,B,C,G,J,F,H,I,G,J,1.0,draw
1113,rotate0,4,D,D,D,D,D,D,D,D,D,D,D,D,D,D,D,D,D,D,D,D,1.0,draw
1113,rotate0,5,E,E,E,E,E,E,E,E,E,E,E,E,E,E,E,E,E,E,E,E,1.0,draw
1113,caste,6,F,B,H,I,G,B,I,G,B,C,G,J,F,B,I,G,J,F,H,I,1.0,draw
1114,rotate0,1,A,A,A,A,A,A,A,A,A,A,A,A,A,A,A,A,A,A,A,A,0.95,draw
1114,caste,2,B,H,G,G,J,G,H,F,B,E,B,F,B,H,I,H,I,H,F,H,1.0,draw
1114,rotate0,3,C,C,C,C,C,C,C,C,C,C,C,C,C,C,C,C,C,C,C,C,1.0,draw
1114,rotate0,4,D,D,D,D,D,D,D,D,D,D,D,D,D,D,D,D,D,D,D,D,1.0,draw
1114,caste,5,E,A,J,E,I,B,I,H,F,G,E,I,F,J,G,E,B,I,J,F,0.95,draw
1114,caste,6,F,B,I,H,F,J,E,G,J,I,H,J,G,E,B,F,J,G,E,B,1.0,draw
1115,caste,1,A,G,I,I,D,A,G,A,I,J,G,J,G,J,G,I,D,I,D,I,1.0,draw
1115,caste,2,B,H,A,B,J,B,H,G,H,A,B,D,I,H,A,B,G,J,H,A,1.0,draw
1115,rotate0,3,C,C,C,C,C,C,C,C,C,C,C,C,C,C,C,C,C,C,C,C,1.0,draw
1115,caste,4,D,J,G,H,I,D,J,B,D,I,H,A,B,D,J,H,A,B,G,J,1.0,draw
1115,rotate0,5,E,E,E,E,E,E,E,E,E,E,E,E,E,E,E,E,E,E,E,E,1.0,draw
1115,rotate0,6,F,F,F,F,F,F,F,F,F,F,F,F,F,F,F,F,F,F,F,F,1.0,draw
1116,rotate0,1,A,A,A,A,A,A,A,A,A,A,A,A,A,A,A,A,A,A,A,A,1.0,draw
1116,caste,2,B,H,G,G,D,B,H,B,C,J,G,J,G,J,G,C,I,C,I,C,1.0,draw
1116,caste,3,C,I,B,C,J,C,I,G,D,B,H,I,C,D,B,H,G,J,D,B,1.0,draw
1116,caste,4,D,J,H,I,G,D,J,H,I,C,D,B,H,I,J,D,B,H,G,J,1.0,draw
1116,rotate0,5,E,E,E,E,E,E,E,E,E,E,E,E,E,E,E,E,E,E,E,E,1.0,draw
1116,rotate0,6,F,F,F,F,F,F,F,F,F,F,F,F,F,F,F,F,F,F,F,F,1.0,draw
1117,caste,1,A,G,H,H,J,J,D,J,A,I,H,G,H,D,H,A,E,A,E,A,1.0,draw
1117,rotate0,2,B,B,B,B,B,B,B,B,B,B,B,B,B,B,B,B,B,B,B,B,1.0,draw
1117,rotate0,3,C,C,C,C,C,C,C,C,C,C,C,C,C,C,C,C,C,C,C,C,1.0,draw
1117,caste,4,D,J,I,D,E,A,E,H,G,J,D,E,A,I,J,G,H,D,I,J,1.0,draw
1117,caste,5,E,A,G,I,H,G,I,D,E,A,I,J,G,E,D,I,J,G,H,D,1.0,draw
1117,rotate0,6,F,F,F,F,F,F,F,F,F,F,F,F,F,F,F,F,F,F,F,F,1.0,draw
1118,caste,1,A,G,I,G,J,I,B,I,B,H,B,H,B,H,B,H,A,H,A,H,1.0,draw
1118,caste,2,B,H,J,I,F,J,F,J,F,I,F,A,J,G,I,F,B,J,G,I,1.0,draw
1118,rotate0,3,C,C,C,C,C,C,C,C,C,C,C,C,C,C,C,C,C,C,C,C,1.0,draw
1118,rotate0,4,D,D,D,D,D,D,D,D,D,D,D,D,D,D,D,D,D,D,D,D,1.0,draw
1118,rotate0,5,E,E,E,E,E,E,E,E,E,E,E,E,E,E,E,E,E,E,E,E,1.0,draw
1118,caste,6,F,B,A,H,G,A,H,G,A,J,G,I,F,A,J,G,I,F,B,J,1.0,draw
1119,rotate0,1,A,A,A,A,A,A,A,A,A,A,A,A,A,A,A,A,A,A,A,A,1.0,draw
1119,caste,2,B,H,G,G,J,J,H,J,B,I,G,I,G,B,G,I,F,I,F,I,1.0,draw
1119,rotate0,3,C,C,C,C,C,C,C,C,C,C,C,C,C,C,C,C,C,C,C,C,1.0,draw
1119,caste,4,D,J,I,D,F,B,F,G,D,J,H,F,I,D,J,H,G,B,D,J,1.0,draw
1119,rotate0,5,E,E,E,E,E,E,E,E,E,E,E,E,E,E,E,E,E,E,E,E,1.0,draw
1119,caste,6,F,B,H,I,G,D,I,H,F,B,D,J,H,F,B,D,J,H,G,B,1.0,draw
1120,caste,1,A,G,J,J,C,A,G,A,B,I,G,I,G,B,G,I,C,I,C,I,1.0,draw
1120,caste,2,B,H,A,B,I,B,H,G,H,A,J,C,I,H,A,J,G,B,H,A,1.0,draw
1120,caste,3,C,I,G,H,J,C,I,J,C,B,H,A,J,C,B,H,A,J,G,B,1.0,draw
1120,rotate0,4,D,D,D,D,D,D,D,D,D,D,D,D,D,D,D,D,D,D,D,D,1.0,draw
1120,rotate0,5,E,E,E,E,E,E,E,E,E,E,E,E,E,E,E,E,E,E,E,E,1.0,draw
1120,rotate0,6,F,F,F,F,F,F,F,F,F,F,F,F,F,F,F,F,F,F,F,F,1.0,draw
1121,caste,1,A,G,G,E,E,G,C,H,D,I,G,F,I,J,D,G,J,D,E,J,1.0,draw
1121,caste,2,B,H,H,F,I,E,F,C,J,D,H,A,F,B,C,I,A,F,B,H,1.0,draw
1121,caste,3,C,I,C,G,B,H,D,I,G,F,I,J,D,G,J,D,E,J,G,C,1.0,draw
1121,caste,4,D,J,I,H,F,I,J,F,H,A,D,B,C,I,A,F,B,H,D,E,1.0,draw
1121,caste,5,E,A,D,A,D,A,G,A,C,J,C,G,A,F,E,H,G,C,I,A,1.0,draw
1121,caste,6,F,B,J,C,J,B,E,B,E,B,E,H,E,H,B,C,I,A,F,B,1.0,draw
1122,caste,1,A,G,G,E,E,G,C,H,D,I,G,F,I,J,D,G,J,D,E,J,1.0,draw
1122,caste,2,B,H,H,F,I,E,F,C,J,D,H,A,F,B,C,I,A,F,B,H,1.0,draw
1122,caste,3,C,I,C,G,B,H,D,I,G,F,I,J,D,G,J,D,E,J,G,C,1.0,draw
1122,caste,4,D,J,I,H,F,I,J,F,H,A,D,B,C,I,A,F,B,H,D,E,1.0,draw
1122,caste,5,E,A,D,A,D,A,G,A,C,J,C,G,A,F,E,H,G,C,I,A,1.0,draw
1122,caste,6,F,B,J,C,J,B,E,B,E,B,E,H,E,H,B,C,I,A,F,B,1.0,draw
1123,caste,1,A,G,G,E,E,G,C,H,D,I,G,F,I,J,D,G,J,D,E,J,1.0,draw
1123,caste,2,B,H,H,F,I,E,F,C,J,D,H,A,F,B,C,I,A,F,B,H,1.0,draw
1123,caste,3,C,I,C,G,B,H,D,I,G,F,I,J,D,G,J,D,E,J,G,C,1.0,draw
1123,caste,4,D,J,I,H,F,I,J,F,H,A,D,B,C,I,A,F,B,H,D,E,1.0,draw
1123,caste,5,E,A,D,A,D,A,G,A,C,J,C,G,A,F,E,H,G,C,I,A,1.0,draw
1123,caste,6,F,B,J,C,J,B,E,B,E,B,E,H,E,H,B,C,I,A,F,B,1.0,draw
1124,caste,1,A,G,G,E,E,G,C,H,D,I,G,F,I,J,D,G,J,D,E,J,1.0,draw
1124,caste,2,B,H,H,F,I,E,F,C,J,D,H,A,F,B,C,I,A,F,B,H,1.0,draw
1124,caste,3,C,I,C,G,B,H,D,I,G,F,I,J,D,G,J,D,E,J,G,C,1.0,draw
1124,caste,4,D,J,I,H,F,I,J,F,H,A,D,B,C,I,A,F,B,H,D,E,1.0,draw
1124,caste,5,E,A,D,A,D,A,G,A,C,J,C,G,A,F,E,H,G,C,I,A,1.0,draw
1124,caste,6,F,B,J,C,J,B,E,B,E,B,E,H,E,H,B,C,I,A,F,B,1.0,draw
1125,caste,1,A,G,G,E,E,G,C,H,D,I,G,F,I,J,D,G,J,D,E,J,1.0,draw
1125,caste,2,B,H,H,F,I,E,F,C,J,D,H,A,F,B,C,I,A,F,B,H,1.0,draw
1125,caste,3,C,I,C,G,B,H,D,I,G,F,I,J,D,G,J,D,E,J,G,C,1.0,draw
1125,caste,4,D,J,I,H,F,I,J,F,H,A,D,B,C,I,A,F,B,H,D,E,1.0,draw
1125,caste,5,E,A,D,A,D,A,G,A,C,J,C,G,A,F,E,H,G,C,I,A,1.0,draw
1125,caste,6,F,B,J,C,J,B,E,B,E,B,E,H,E,H,B,C,I,A,F,B,1.0,draw
1126,caste,1,A,G,G,E,E,G,C,H,D,I,G,F,I,J,D,G,J,D,E,J,1.0,draw
1126,caste,2,B,H,H,F,I,E,F,C,J,D,H,A,F,B,C,I,A,F,B,H,1.0,draw
1126,caste,3,C,I,C,G,B,H,D,I,G,F,I,J,D,G,J,D,E,J,G,C,1.0,draw
1126,caste,4,D,J,I,H,F,I,J,F,H,A,D,B,C,I,A,F,B,H,D,E,1.0,draw
1126,caste,5,E,A,D,A,D,A,G,A,C,J,C,G,A,F,E,H,G,C,I,A,1.0,draw
1126,caste,6,F,B,J,C,J,B,E,B,E,B,E,H,E,H,B,C,I,A,F,B,1.0,draw
1127,caste,1,A,G,G,E,E,G,C,H,D,I,G,F,I,J,D,G,J,D,E,J,1.0,draw
1127,caste,2,B,H,H,F,I,E,F,C,J,D,H,A,F,B,C,I,A,F,B,H,1.0,draw
1127,caste,3,C,I,C,G,B,H,D,I,G,F,I,J,D,G,J,D,E,J,G,C,1.0,draw
1127,caste,4,D,J,I,H,F,I,J,F,H,A,D,B,C,I,A,F,B,H,D,E,1.0,draw
1127,caste,5,E,A,D,A,D,A,G,A,C,J,C,G,A,F,E,H,G,C,I,A,1.0,draw
1127,caste,6,F,B,J,C,J,B,E,B,E,B,E,H,E,H,B,C,I,A,F,B,1.0,draw
1128,caste,1,A,G,G,E,E,G,C,H,D,I,G,F,I,J,D,G,J,D,E,J,1.0,draw
1128,caste,2,B,H,H,F,I,E,F,C,J,D,H,A,F,B,C,I,A,F,B,H,1.0,draw
1128,caste,3,C,I,C,G,B,H,D,I,G,F,I,J,D,G,J,D,E,J,G,C,1.0,draw
1128,caste,4,D,J,I,H,F,I,J,F,H,A,D,B,C,I,A,F,B,H,D,E,1.0,draw
1128,caste,5,E,A,D,A,D,A,G,A,C,J,C,G,A,F,E,H,G,C,I,A,1.0,draw
1128,caste,6,F,B,J,C,J,B,E,B,E,B,E,H,E,H,B,C,I,A,F,B,1.0,draw
1129,caste,1,A,G,G,E,E,G,C,H,D,I,G,F,I,J,D,G,J,D,E,J,1.0,draw
1129,caste,2,B,H,H,F,I,E,F,C,J,D,H,A,F,B,C,I,A,F,B,H,1.0,draw
1129,caste,3,C,I,C,G,B,H,D,I,G,F,I,J,D,G,J,D,E,J,G,C,1.0,draw
1129,caste,4,D,J,I,H,F,I,J,F,H,A,D,B,C,I,A,F,B,H,D,E,1.0,draw
1129,caste,5,E,A,D,A,D,A,G,A,C,J,C,G,A,F,E,H,G,C,I,A,1.0,draw
1129,caste,6,F,B,J,C,J,B,E,B,E,B,E,H,E,H,B,C,I,A,F,B,1.0,draw
1130,caste,1,A,G,G,E,E,G,C,H,D,I,G,F,I,J,D,G,J,D,E,J,1.0,draw
1130,caste,2,B,H,H,F,I,E,F,C,J,D,H,A,F,B,C,I,A,F,B,H,1.0,draw
1130,caste,3,C,I,C,G,B,H,D,I,G,F,I,J,D,G,J,D,E,J,G,C,1.0,draw
1130,caste,4,D,J,I,H,F,I,J,F,H,A,D,B,C,I,A,F,B,H,D,E,1.0,draw
1130,caste,5,E,A,D,A,D,A,G,A,C,J,C,G,A,F,E,H,G,C,I,A,1.0,draw
1130,caste,6,F,B,J,C,J,B,E,B,E,B,E,H,E,H,B,C,I,A,F,B,1.0,draw
1131,caste,1,A,G,G,E,E,G,C,H,D,I,G,F,I,J,D,G,J,D,E,J,1.0,draw
1131,caste,2,B,H,H,F,I,E,F,C,J,D,H,A,F,B,C,I,A,F,B,H,1.0,draw
1131,caste,3,C,I,C,G,B,H,D,I,G,F,I,J,D,G,J,D,E,J,G,C,1.0,draw
1131,caste,4,D,J,I,H,F,I,J,F,H,A,D,B,C,I,A,F,B,H,D,E,1.0,draw
1131,caste,5,E,A,D,A,D,A,G,A,C,J,C,G,A,F,E,H,G,C,I,A,1.0,draw
1131,caste,6,F,B,J,C,J,B,E,B,E,B,E,H,E,H,B,C,I,A,F,B,1.0,draw
1132,caste,1,A,G,G,E,E,G,C,H,D,I,G,F,I,J,D,G,J,D,E,J,1.0,draw
1132,caste,2,B,H,H,F,I,E,F,C,J,D,H,A,F,B,C,I,A,F,B,H,1.0,draw
1132,caste,3,C,I,C,G,B,H,D,I,G,F,I,J,D,G,J,D,E,J,G,C,1.0,draw
1132,caste,4,D,J,I,H,F,I,J,F,H,A,D,B,C,I,A,F,B,H,D,E,1.0,draw
1132,caste,5,E,A,D,A,D,A,G,A,C,J,C,G,A,F,E,H,G,C,I,A,1.0,draw
1132,caste,6,F,B,J,C,J,B,E,B,E,B,E,H,E,H,B,C,I,A,F,B,1.0,draw
1133,caste,1,A,G,G,E,E,G,C,H,D,I,G,F,I,J,D,G,J,D,E,J,1.0,draw
1133,caste,2,B,H,H,F,I,E,F,C,J,D,H,A,F,B,C,I,A,F,B,H,1.0,draw
1133,caste,3,C,I,C,G,B,H,D,I,G,F,I,J,D,G,J,D,E,J,G,C,1.0,draw
1133,caste,4,D,J,I,H,F,I,J,F,H,A,D,B,C,I,A,F,B,H,D,E,1.0,draw
1133,caste,5,E,A,D,A,D,A,G,A,C,J,C,G,A,F,E,H,G,C,I,A,1.0,draw
1133,caste,6,F,B,J,C,J,B,E,B,E,B,E,H,E,H,B,C,I,A,F,B,1.0,draw
1134,caste,1,A,G,G,E,E,G,C,H,D,I,G,F,I,J,D,G,J,D,E,J,1.0,draw
1134,caste,2,B,H,H,F,I,E,F,C,J,D,H,A,F,B,C,I,A,F,B,H,1.0,draw
1134,caste,3,C,I,C,G,B,H,D,I,G,F,I,J,D,G,J,D,E,J,G,C,1.0,draw
1134,caste,4,D,J,I,H,F,I,J,F,H,A,D,B,C,I,A,F,B,H,D,E,1.0,draw
1134,caste,5,E,A,D,A,D,A,G,A,C,J,C,G,A,F,E,H,G,C,I,A,1.0,draw
1134,caste,6,F,B,J,C,J,B,E,B,E,B,E,H,E,H,B,C,I,A,F,B,1.0,draw
1135,caste,1,A,G,G,E,E,G,C,H,D,I,G,F,I,J,D,G,J,D,E,J,1.0,draw
1135,caste,2,B,H,H,F,I,E,F,C,J,D,H,A,F,B,C,I,A,F,B,H,1.0,draw
1135,caste,3,C,I,C,G,B,H,D,I,G,F,I,J,D,G,J,D,E,J,G,C,1.0,draw
1135,caste,4,D,J,I,H,F,I,J,F,H,A,D,B,C,I,A,F,B,H,D,E,1.0,draw
1135,caste,5,E,A,D,A,D,A,G,A,C,J,C,G,A,F,E,H,G,C,I,A,1.0,draw
1135,caste,6,F,B,J,C,J,B,E,B,E,B,E,H,E,H,B,C,I,A,F,B,1.0,draw
1136,caste,1,A,G,G,E,E,G,C,H,D,I,G,F,I,J,D,G,J,D,E,J,1.0,draw
1136,caste,2,B,H,H,F,I,E,F,C,J,D,H,A,F,B,C,I,A,F,B,H,1.0,draw
1136,caste,3,C,I,C,G,B,H,D,I,G,F,I,J,D,G,J,D,E,J,G,C,1.0,draw
1136,caste,4,D,J,I,H,F,I,J,F,H,A,D,B,C,I,A,F,B,H,D,E,1.0,draw
1136,caste,5,E,A,D,A,D,A,G,A,C,J,C,G,A,F,E,H,G,C,I,A,1.0,draw
1136,caste,6,F,B,J,C,J,B,E,B,E,B,E,H,E,H,B,C,I,A,F,B,1.0,draw
1137,caste,1,A,G,G,E,E,G,C,H,D,I,G,F,I,J,D,G,J,D,E,J,1.0,draw
1137,caste,2,B,H,H,F,I,E,F,C,J,D,H,A,F,B,C,I,A,F,B,H,1.0,draw
1137,caste,3,C,I,C,G,B,H,D,I,G,F,I,J,D,G,J,D,E,J,G,C,1.0,draw
1137,caste,4,D,J,I,H,F,I,J,F,H,A,D,B,C,I,A,F,B,H,D,E,1.0,draw
1137,caste,5,E,A,D,A,D,A,G,A,C,J,C,G,A,F,E,H,G,C,I,A,1.0,draw
1137,caste,6,F,B,J,C,J,B,E,B,E,B,E,H,E,H,B,C,I,A,F,B,1.0,draw
1138,caste,1,A,G,G,E,E,G,C,H,D,I,G,F,I,J,D,G,J,D,E,J,1.0,draw
1138,caste,2,B,H,H,F,I,E,F,C,J,D,H,A,F,B,C,I,A,F,B,H,1.0,draw
1138,caste,3,C,I,C,G,B,H,D,I,G,F,I,J,D,G,J,D,E,J,G,C,1.0,draw
1138,caste,4,D,J,I,H,F,I,J,F,H,A,D,B,C,I,A,F,B,H,D,E,1.0,draw
1138,caste,5,E,A,D,A,D,A,G,A,C,J,C,G,A,F,E,H,G,C,I,A,1.0,draw
1138,caste,6,F,B,J,C,J,B,E,B,E,B,E,H,E,H,B,C,I,A,F,B,1.0,draw
1139,caste,1,A,G,G,E,E,G,C,H,D,I,G,F,I,J,D,G,J,D,E,J,1.0,draw
1139,caste,2,B,H,H,F,I,E,F,C,J,D,H,A,F,B,C,I,A,F,B,H,1.0,draw
1139,caste,3,C,I,C,G,B,H,D,I,G,F,I,J,D,G,J,D,E,J,G,C,1.0,draw
1139,caste,4,D,J,I,H,F,I,J,F,H,A,D,B,C,I,A,F,B,H,D,E,1.0,draw
1139,caste,5,E,A,D,A,D,A,G,A,C,J,C,G,A,F,E,H,G,C,I,A,1.0,draw
1139,caste,6,F,B,J,C,J,B,E,B,E,B,E,H,E,H,B,C,I,A,F,B,1.0,draw
1140,caste,1,A,G,G,E,E,G,C,H,D,I,G,F,I,J,D,G,J,D,E,J,1.0,draw
1140,caste,2,B,H,H,F,I,E,F,C,J,D,H,A,F,B,C,I,A,F,B,H,1.0,draw
1140,caste,3,C,I,C,G,B,H,D,I,G,F,I,J,D,G,J,D,E,J,G,C,1.0,draw
1140,caste,4,D,J,I,H,F,I,J,F,H,A,D,B,C,I,A,F,B,H,D,E,1.0,draw
1140,caste,5,E,A,D,A,D,A,G,A,C,J,C,G,A,F,E,H,G,C,I,A,1.0,draw
1140,caste,6,F,B,J,C,J,B,E,B,E,B,E,H,E,H,B,C,I,A,F,B,1.0,draw
1141,equalize,1,A,D,G,D,D,J,G,J,G,F,F,C,F,G,E,E,A,F,D,E,0.75,equalize
1141,equalize,2,B,E,I,I,I,D,A,B,E,C,B,H,C,F,A,C,J,C,F,D,0.85,equalize
1141,equalize,3,C,F,A,E,F,G,I,E,C,B,E,J,G,A,C,F,D,E,J,C,0.8,equalize
1141,random,4,skip,B,G,E,F,skip,I,J,I,I,I,B,B,J,G,B,A,H,A,E,0.4,equalize
1141,random,5,H,H,A,C,skip,D,A,D,G,H,D,E,D,B,I,H,B,B,B,H,0.7,equalize
1141,random,6,J,B,J,H,C,skip,F,H,I,A,skip,H,J,H,G,I,H,I,B,I,0.65,equalize
1142,random,1,B,skip,H,J,F,I,I,H,J,A,D,B,I,E,skip,F,D,C,J,A,0.5,equalize
1142,equalize,2,B,A,I,I,G,H,A,D,F,G,D,E,G,F,J,D,C,H,B,H,0.85,equalize
1142,equalize,3,C,F,C,F,A,D,H,A,D,F,C,A,A,B,C,B,J,J,A,C,0.8,equalize
1142,equalize,4,D,E,A,E,F,G,B,G,B,I,G,I,E,D,G,F,G,G,I,G,0.7,equalize
1142,random,5,D,J,C,I,J,C,skip,H,skip,B,F,J,E,E,H,I,D,F,skip,G,0.35,equalize
1142,random,6,H,G,J,B,E,C,E,E,H,J,C,I,A,H,E,B,A,F,E,A,0.65,equalize
1143,random,1,G,J,F,J,G,C,F,C,B,C,H,H,I,J,A,C,A,G,A,skip,0.65,equalize
1143,equalize,2,B,A,G,C,G,I,A,B,J,H,F,E,E,J,I,A,J,I,J,E,0.8,equalize
1143,equalize,3,C,D,A,E,C,D,I,H,B,E,J,D,G,C,H,G,F,G,E,F,0.75,equalize
1143,random,4,J,I,I,A,F,D,skip,G,B,skip,B,A,B,skip,E,C,C,B,A,I,0.65,equalize
1143,equalize,5,E,F,H,B,H,E,J,E,A,D,G,I,F,G,F,H,E,F,D,H,0.8,equalize
1143,random,6,skip,F,D,B,H,skip,C,I,A,B,J,D,D,D,C,I,H,I,J,G,0.5,equalize
1144,equalize,1,A,E,A,F,J,D,A,I,H,J,E,A,F,G,C,B,C,C,D,B,0.75,equalize
1144,equalize,2,B,F,B,H,H,G,J,A,I,I,C,E,C,H,G,H,B,E,H,C,0.7,equalize
1144,random,3,I,C,A,B,E,skip,G,D,F,J,I,I,J,F,I,F,H,E,G,E,0.6,equalize
1144,equalize,4,D,C,H,I,E,J,H,C,E,H,D,J,D,A,D,A,E,D,B,J,0.65,equalize
1144,random,5,G,E,G,I,skip,F,B,A,B,skip,H,J,I,F,skip,G,A,G,H,J,0.45,equalize
1144,random,6,D,J,B,F,C,D,G,G,C,F,B,E,I,I,G,A,J,E,F,D,0.5,equalize
1145,random,1,A,C,F,H,F,D,C,B,skip,C,B,B,C,I,B,J,E,F,J,H,0.6,equalize
1145,random,2,I,E,J,skip,E,F,D,B,H,I,F,A,G,I,D,D,C,A,F,F,0.35,equalize
1145,equalize,3,C,F,A,D,C,D,B,B,J,I,F,G,H,E,D,H,E,I,I,E,0.7,equalize
1145,equalize,4,D,G,I,G,B,H,C,I,A,J,A,C,J,H,F,G,F,A,H,B,0.85,equalize
1145,equalize,5,E,H,F,B,A,I,H,G,H,G,J,I,G,F,E,A,C,H,D,C,0.8,equalize
1145,random,6,skip,J,J,G,E,A,E,E,B,D,D,A,C,J,J,B,G,skip,G,A,0.65,equalize
1146,random,1,skip,H,A,B,C,I,A,skip,D,B,G,F,H,E,E,D,B,C,A,skip,0.5,equalize
1146,equalize,2,B,C,H,C,I,I,C,E,I,F,H,A,D,C,B,H,B,A,G,H,0.85,equalize
1146,random,3,E,A,A,B,E,B,C,G,A,J,F,B,E,F,J,D,J,J,E,A,0.55,equalize
1146,equalize,4,D,G,B,E,J,D,H,D,E,I,D,H,J,D,C,I,C,I,A,I,0.9,equalize
1146,random,5,F,skip,G,B,G,J,C,J,H,G,C,I,J,E,F,skip,B,E,E,D,0.45,equalize
1146,equalize,6,F,A,I,J,D,H,F,G,F,J,E,I,E,A,G,A,G,H,F,D,0.65,equalize
1147,equalize,1,A,G,I,C,C,F,A,A,B,F,I,A,J,A,J,E,H,A,A,J,0.8,equalize
1147,random,2,B,F,D,skip,D,G,F,J,C,G,E,skip,G,G,skip,I,G,C,H,skip,0.6,equalize
1147,random,3,C,A,J,B,J,D,B,skip,H,H,I,skip,I,I,skip,D,D,E,H,I,0.75,equalize
1147,equalize,4,D,J,G,A,G,H,F,H,I,B,E,G,D,F,D,F,E,B,F,D,0.8,equalize
1147,equalize,5,E,F,H,I,H,I,C,I,G,E,J,F,B,H,B,H,J,J,I,C,0.75,equalize
1147,random,6,E,B,E,D,E,J,C,A,skip,D,C,C,C,A,B,F,H,G,F,C,0.5,equalize
1148,random,1,E,F,E,H,C,skip,skip,H,A,H,B,A,D,skip,D,I,H,G,D,I,0.55,equalize
1148,equalize,2,B,A,J,J,J,A,H,I,F,G,F,A,J,J,B,A,G,B,H,I,0.85,equalize
1148,equalize,3,C,D,E,B,I,H,E,A,J,I,E,I,C,C,I,J,B,A,F,J,0.85,equalize
1148,random,4,G,F,C,C,skip,G,D,D,D,G,H,B,G,D,skip,C,C,E,G,A,0.5,equalize
1148,random,5,H,G,C,F,D,I,E,D,C,G,H,E,D,D,E,J,E,E,C,C,0.5,equalize
1148,equalize,6,F,I,A,D,B,G,J,B,A,B,J,E,F,I,F,H,F,I,A,B,0.85,equalize
1149,equalize,1,A,D,A,J,B,I,J,I,J,B,B,J,H,B,E,F,D,I,D,A,0.95,equalize
1149,random,2,skip,E,C,skip,F,F,G,F,J,I,H,B,G,F,I,C,G,A,E,J,0.6,equalize
1149,equalize,3,C,B,H,B,A,J,A,C,H,I,D,C,I,D,H,B,H,B,H,I,0.7,equalize
1149,random,4,G,F,D,I,G,G,skip,F,H,F,E,A,skip,C,skip,J,E,skip,C,E,0.45,equalize
1149,random,5,C,J,H,G,E,skip,E,G,E,skip,E,A,G,I,A,skip,J,B,H,J,0.4,equalize
1149,equalize,6,F,E,I,G,D,H,B,D,A,C,A,D,C,J,D,J,E,F,C,F,0.75,equalize
1150,equalize,1,A,C,A,E,A,J,J,I,J,I,C,J,H,A,G,C,D,H,D,B,0.95,equalize
1150,equalize,2,B,F,H,H,J,H,I,F,A,C,J,B,C,G,B,J,H,J,B,J,0.75,equalize
1150,random,3,D,F,C,B,D,H,E,D,G,F,I,E,skip,I,skip,G,I,skip,E,G,0.65,equalize
1150,random,4,skip,skip,G,F,C,A,B,D,F,F,A,B,I,E,G,I,A,C,A,H,0.45,equalize
1150,equalize,5,E,G,J,D,I,E,C,D,H,E,H,G,I,C,D,A,B,C,F,H,0.7,equalize
1150,random,6,I,G,B,G,skip,skip,B,F,A,E,D,skip,J,H,F,E,E,C,A,E,0.5,equalize
1151,random,1,H,C,E,E,E,skip,D,skip,B,E,C,B,G,A,B,E,D,J,F,skip,0.45,equalize
1151,random,2,H,B,H,I,H,skip,H,skip,G,H,D,B,F,A,D,G,A,skip,F,D,0.45,equalize
1151,random,3,F,A,skip,H,F,E,I,E,skip,I,B,J,C,skip,D,E,D,G,E,J,0.4,equalize
1151,equalize,4,D,B,I,I,G,A,J,F,G,F,J,A,I,H,F,H,F,H,I,A,0.85,equalize
1151,equalize,5,E,C,J,J,C,G,C,A,C,A,F,J,D,E,G,E,I,F,H,G,0.85,equalize
1151,equalize,6,F,A,G,D,B,D,I,B,J,D,B,G,C,A,I,J,C,J,C,B,0.65,equalize
1152,random,1,D,J,D,H,A,I,B,skip,J,H,J,I,B,B,A,C,F,skip,A,E,0.55,equalize
1152,random,2,C,F,skip,F,I,E,A,skip,D,I,C,G,skip,F,I,skip,E,G,A,C,0.5,equalize
1152,equalize,3,C,A,H,A,E,E,H,G,C,G,E,H,E,J,A,E,I,H,I,J,0.75,equalize
1152,random,4,C,C,I,I,B,A,A,F,A,F,skip,G,A,E,J,G,D,B,I,J,0.55,equalize
1152,equalize,5,E,B,D,H,B,J,D,J,H,B,J,G,D,H,D,B,F,J,A,H,0.65,equalize
1152,equalize,6,F,G,J,I,G,G,F,D,E,C,B,I,F,C,H,D,C,B,E,C,0.8,equalize
1153,random,1,C,A,B,E,G,C,G,I,D,D,J,C,C,skip,G,E,J,B,F,B,0.55,equalize
1153,random,2,I,A,F,I,skip,B,F,D,E,E,C,G,D,H,G,C,skip,I,J,C,0.5,equalize
1153,equalize,3,C,A,G,G,H,E,J,E,C,H,A,H,A,B,B,A,I,A,F,D,0.6,equalize
1153,equalize,4,D,B,J,D,C,D,G,H,A,J,I,F,I,F,J,E,J,H,C,H,0.8,equalize
1153,random,5,H,A,skip,skip,H,D,F,D,C,E,E,J,A,H,G,D,I,A,E,G,0.25,equalize
1153,equalize,6,F,E,I,J,B,F,I,J,B,G,B,G,H,I,F,B,F,B,E,C,0.8,equalize
1154,equalize,1,A,B,H,H,J,J,F,E,A,D,J,H,H,G,J,E,A,G,C,A,0.65,equalize
1154,random,2,C,E,skip,E,B,skip,J,F,I,I,G,skip,skip,I,G,E,A,I,J,I,0.5,equalize
1154,random,3,I,B,B,A,D,B,G,B,B,G,J,F,I,G,C,B,E,H,G,skip,0.5,equalize
1154,random,4,skip,A,skip,F,A,C,D,F,F,D,D,F,F,A,J,I,J,H,B,J,0.6,equalize
1154,equalize,5,E,D,J,I,G,C,G,H,I,H,A,C,E,C,H,B,D,H,J,E,0.7,equalize
1154,equalize,6,F,G,C,D,H,I,J,F,E,C,E,A,I,B,D,H,C,D,G,F,0.8,equalize
1155,equalize,1,A,E,G,B,J,F,H,H,H,H,F,B,H,E,A,J,A,C,H,F,0.8,equalize
1155,random,2,B,F,I,E,J,A,B,I,A,E,A,C,B,H,E,B,skip,D,H,H,0.5,equalize
1155,random,3,H,skip,E,A,G,I,A,E,G,I,I,skip,C,H,I,B,J,D,J,B,0.6,equalize
1155,equalize,4,D,I,A,C,I,D,B,C,C,B,C,F,B,F,E,G,I,G,I,G,0.85,equalize
1155,random,5,C,D,G,G,J,J,F,I,G,D,E,A,G,D,C,J,skip,E,D,B,0.5,equalize
1155,equalize,6,F,J,E,H,B,C,F,D,G,D,J,H,J,D,J,F,D,F,A,C,0.75,equalize
1156,equalize,1,A,C,H,H,F,C,B,D,C,C,E,A,I,H,I,I,H,G,B,H,0.75,equalize
1156,equalize,2,B,D,A,B,B,E,A,J,D,A,J,C,D,A,E,C,C,J,C,A,0.65,equalize
1156,random,3,I,G,skip,H,F,H,E,J,B,B,J,C,J,A,J,A,B,E,F,B,0.45,equalize
1156,random,4,G,J,E,I,H,I,F,E,I,G,G,skip,G,H,A,F,I,G,F,J,0.6,equalize
1156,random,5,J,G,D,J,I,G,A,G,H,H,G,B,B,D,E,D,D,H,C,H,0.65,equalize
1156,equalize,6,F,E,C,I,A,D,C,B,F,D,F,E,F,D,F,F,I,E,J,B,0.7,equalize
1157,equalize,1,A,B,G,G,F,F,I,D,A,E,C,J,E,G,B,C,H,E,I,D,0.6,equalize
1157,random,2,I,I,I,skip,H,G,A,G,I,F,G,A,C,A,J,F,F,A,G,I,0.75,equalize
1157,equalize,3,C,E,H,C,G,D,C,F,B,J,H,A,H,E,I,B,I,G,H,A,0.8,equalize
1157,equalize,4,D,F,A,E,C,G,H,I,C,F,E,C,D,I,G,E,D,D,C,I,0.7,equalize
1157,random,5,J,B,H,D,E,J,B,D,A,B,F,A,D,J,G,C,J,F,B,G,0.4,equalize
1157,random,6,J,J,B,A,E,F,H,D,B,I,F,J,J,H,skip,B,H,E,B,J,0.35,equalize
1158,random,1,G,D,J,E,H,C,H,I,D,E,J,F,skip,I,B,J,I,E,A,H,0.55,equalize
1158,equalize,2,B,F,J,B,H,G,G,F,A,J,B,B,J,F,E,G,E,G,A,D,0.75,equalize
1158,random,3,D,A,A,B,I,C,I,J,D,I,I,G,I,B,F,H,J,F,G,C,0.5,equalize
1158,equalize,4,D,A,H,G,C,F,H,E,F,G,A,G,E,B,A,J,D,C,D,B,0.65,equalize
1158,equalize,5,E,C,I,F,J,C,J,G,H,F,H,A,H,D,C,H,A,E,C,G,0.75,equalize
1158,random,6,E,A,D,I,B,D,B,E,I,C,C,skip,I,F,I,H,J,I,C,E,0.55,equalize
1159,random,1,A,A,G,H,J,G,G,D,F,D,skip,D,C,D,C,E,A,B,E,H,0.8,equalize
1159,equalize,2,B,H,G,D,J,D,F,B,E,J,H,E,H,E,E,I,G,G,C,C,0.75,equalize
1159,random,3,D,skip,skip,I,B,H,C,A,E,A,D,skip,H,B,B,H,I,D,H,E,0.6,equalize
1159,random,4,C,skip,skip,F,A,A,J,G,A,J,G,B,J,J,B,D,skip,A,F,A,0.6,equalize
1159,equalize,5,E,I,B,C,A,I,E,F,H,C,F,C,J,I,C,H,F,E,F,J,0.75,equalize
1159,equalize,6,F,J,H,E,G,C,D,I,B,I,B,I,F,G,F,A,I,J,G,I,0.95,equalize
1160,equalize,1,A,B,G,G,D,D,D,E,B,H,I,J,H,B,H,E,G,H,E,D,0.8,equalize
1160,random,2,A,I,H,skip,J,H,H,D,E,G,D,D,A,C,J,A,F,skip,H,skip,0.65,equalize
1160,equalize,3,C,F,J,C,G,H,G,J,A,D,E,A,C,J,I,B,D,I,G,B,0.6,equalize
1160,random,4,A,B,E,C,I,C,C,G,J,F,skip,I,C,F,G,skip,E,F,I,D,0.5,equalize
1160,equalize,5,E,D,H,I,F,B,F,F,J,F,A,H,B,E,D,I,H,D,A,C,0.7,equalize
1160,random,6,E,A,J,I,C,B,G,I,B,F,E,G,A,J,F,B,C,J,I,D,0.35,equalize
1161,rotate,1,A,B,C,D,E,F,A,B,C,D,E,F,A,B,C,D,E,F,A,B,0.55,equalize
1161,equalize,2,B,H,J,I,I,F,I,G,C,I,G,G,I,B,I,H,G,J,H,I,0.85,equalize
1161,equalize,3,C,I,H,D,G,J,H,I,G,H,J,H,G,J,C,I,F,G,A,G,0.85,equalize
1161,rotate,4,D,E,F,A,B,C,D,E,F,A,B,C,D,E,F,A,B,C,D,E,1.0,equalize
1161,equalize,5,E,A,G,J,H,G,J,H,J,D,E,I,J,H,G,J,H,I,J,B,0.8,equalize
1161,rotate,6,F,A,B,C,D,E,F,A,B,C,D,E,F,A,B,C,D,E,F,A,0.95,equalize
1162,rotate,1,A,B,C,D,E,F,A,B,C,D,E,F,A,B,C,D,E,F,A,B,0.95,equalize
1162,equalize,2,B,H,I,I,C,G,I,J,J,A,G,I,H,G,F,J,I,H,I,H,0.9,equalize
1162,rotate,3,C,D,E,F,A,B,C,D,E,F,A,B,C,D,E,F,A,B,C,D,1.0,equalize
1162,rotate,4,D,E,F,A,B,C,D,E,F,A,B,C,D,E,F,A,B,C,D,E,0.55,equalize
1162,equalize,5,E,A,J,G,I,J,G,I,G,I,H,G,E,J,I,H,G,C,G,E,0.9,equalize
1162,equalize,6,F,B,G,H,J,H,D,H,F,H,J,C,J,I,H,G,B,J,D,J,0.7,equalize
1163,rotate,1,A,B,C,D,E,F,A,B,C,D,E,F,A,B,C,D,E,F,A,B,0.8,equalize
1163,equalize,2,B,H,I,J,J,J,I,B,E,G,I,J,H,H,C,I,J,G,H,D,0.8,equalize
1163,rotate,3,C,D,E,F,A,B,C,D,E,F,A,B,C,D,E,F,A,B,C,D,0.65,equalize
1163,equalize,4,D,J,H,F,G,I,C,G,I,J,G,I,J,G,E,H,I,B,J,G,0.8,equalize
1163,equalize,5,E,A,G,I,H,G,H,J,H,D,H,F,G,I,J,G,A,H,I,J,0.8,equalize
1163,rotate,6,F,A,B,C,D,E,F,A,B,C,D,E,F,A,B,C,D,E,F,A,0.95,equalize
1164,equalize,1,A,G,I,H,H,J,G,H,E,H,I,I,I,J,G,I,J,H,C,H,0.9,equalize
1164,rotate,2,B,C,D,E,F,A,B,C,D,E,F,A,B,C,D,E,F,A,B,C,1.0,equalize
1164,rotate,3,C,D,E,F,A,B,C,D,E,F,A,B,C,D,E,F,A,B,C,D,0.6,equalize
1164,equalize,4,D,J,G,C,J,I,J,G,I,G,H,J,G,I,J,H,A,I,G,G,0.9,equalize
1164,equalize,5,E,A,H,I,G,B,H,I,J,F,J,G,H,D,H,F,G,B,J,I,0.7,equalize
1164,rotate,6,F,A,B,C,D,E,F,A,B,C,D,E,F,A,B,C,D,E,F,A,0.9,equalize
1165,equalize,1,A,G,H,G,J,H,G,I,F,I,B,J,H,E,J,H,I,G,D,I,0.8,equalize
1165,rotate,2,B,C,D,E,F,A,B,C,D,E,F,A,B,C,D,E,F,A,B,C,1.0,equalize
1165,rotate,3,C,D,E,F,A,B,C,D,E,F,A,B,C,D,E,F,A,B,C,D,1.0,equalize
1165,rotate,4,D,E,F,A,B,C,D,E,F,A,B,C,D,E,F,A,B,C,D,E,0.5,equalize
1165,equalize,5,E,A,I,H,G,J,H,G,J,A,H,G,I,H,F,G,B,I,G,J,0.85,equalize
1165,equalize,6,F,B,J,I,C,I,D,J,H,G,I,C,J,G,I,J,H,J,H,E,0.85,equalize
1166,equalize,1,A,G,I,H,H,E,H,J,G,G,D,I,F,G,H,J,G,G,J,I,0.85,equalize
1166,equalize,2,B,H,G,C,J,I,I,H,J,I,H,J,I,A,G,C,I,H,F,H,0.8,equalize
1166,rotate,3,C,D,E,F,A,B,C,D,E,F,A,B,C,D,E,F,A,B,C,D,1.0,equalize
1166,equalize,4,D,J,B,I,G,J,G,I,H,J,G,E,H,J,I,H,J,I,G,J,0.9,equalize
1166,rotate,5,E,F,A,B,C,D,E,F,A,B,C,D,E,F,A,B,C,D,E,F,1.0,equalize
1166,rotate,6,F,A,B,C,D,E,F,A,B,C,D,E,F,A,B,C,D,E,F,A,0.55,equalize
1167,rotate,1,A,B,C,D,E,F,A,B,C,D,E,F,A,B,C,D,E,F,A,B,0.95,equalize
1167,rotate,2,B,C,D,E,F,A,B,C,D,E,F,A,B,C,D,E,F,A,B,C,1.0,equalize
1167,rotate,3,C,D,E,F,A,B,C,D,E,F,A,B,C,D,E,F,A,B,C,D,0.55,equalize
1167,equalize,4,D,J,H,J,A,H,C,I,E,H,H,G,I,H,G,H,G,G,H,J,0.85,equalize
1167,equalize,5,E,A,I,I,J,G,H,D,F,I,I,B,J,I,E,I,A,I,C,G,0.75,equalize
1167,equalize,6,F,B,G,H,G,I,J,G,J,G,J,H,G,J,F,J,H,J,I,D,0.9,equalize
1168,equalize,1,A,G,H,H,H,J,G,H,I,G,H,I,G,J,A,H,I,D,G,G,0.9,equalize
1168,rotate,2,B,C,D,E,F,A,B,C,D,E,F,A,B,C,D,E,F,A,B,C,1.0,equalize
1168,rotate,3,C,D,E,F,A,B,C,D,E,F,A,B,C,D,E,F,A,B,C,D,1.0,equalize
1168,equalize,4,D,J,I,I,C,G,H,I,J,B,I,G,H,F,H,I,C,J,I,J,0.8,equalize
1168,rotate,5,E,F,A,B,C,D,E,F,A,B,C,D,E,F,A,B,C,D,E,F,0.5,equalize
1168,equalize,6,F,B,A,G,J,I,E,J,G,H,J,D,J,I,G,J,G,H,E,H,0.8,equalize
1169,rotate,1,A,B,C,D,E,F,A,B,C,D,E,F,A,B,C,D,E,F,A,B,0.8,equalize
1169,equalize,2,B,H,J,I,D,J,E,H,H,H,G,F,J,I,A,J,C,I,H,G,0.8,equalize
1169,equalize,3,C,I,A,H,G,I,I,G,J,D,I,H,G,J,H,G,E,G,I,H,0.85,equalize
1169,rotate,4,D,E,F,A,B,C,D,E,F,A,B,C,D,E,F,A,B,C,D,E,1.0,equalize
1169,rotate,5,E,F,A,B,C,D,E,F,A,B,C,D,E,F,A,B,C,D,E,F,0.65,equalize
1169,equalize,6,F,B,G,J,C,H,G,J,I,G,J,I,H,G,I,H,J,D,J,F,0.8,equalize
1170,equalize,1,A,G,J,C,H,H,H,H,I,G,D,G,H,J,J,H,G,J,F,G,0.85,equalize
1170,equalize,2,B,H,G,I,J,G,I,J,F,I,H,J,I,H,I,J,D,G,H,I,0.9,equalize
1170,rotate,3,C,D,E,F,A,B,C,D,E,F,A,B,C,D,E,F,A,B,C,D,1.0,equalize
1170,rotate,4,D,E,F,A,B,C,D,E,F,A,B,C,D,E,F,A,B,C,D,E,0.9,equalize
1170,equalize,5,E,A,I,J,G,I,J,G,B,H,J,I,G,E,G,C,I,H,I,J,0.8,equalize
1170,rotate,6,F,A,B,C,D,E,F,A,B,C,D,E,F,A,B,C,D,E,F,A,0.65,equalize
1171,rotate,1,A,B,C,D,E,F,A,B,C,D,E,F,A,B,C,D,E,F,A,B,0.95,equalize
1171,rotate,2,B,C,D,E,F,A,B,C,D,E,F,A,B,C,D,E,F,A,B,C,0.9,equalize
1171,equalize,3,C,I,H,J,J,G,I,C,I,G,G,G,D,G,F,I,B,J,I,H,0.8,equalize
1171,rotate,4,D,E,F,A,B,C,D,E,F,A,B,C,D,E,F,A,B,C,D,E,0.6,equalize
1171,equalize,5,E,A,J,A,I,I,D,H,F,H,I,H,J,I,H,J,I,H,G,E,0.8,equalize
1171,equalize,6,F,B,G,H,G,H,J,G,J,E,J,I,H,J,G,H,G,C,J,I,0.85,equalize
1172,equalize,1,A,G,I,I,C,H,I,J,G,H,J,J,I,G,J,B,G,D,G,J,0.85,equalize
1172,equalize,2,B,H,J,H,I,G,H,I,J,C,I,G,J,F,G,J,C,J,H,I,0.9,equalize
1172,rotate,3,C,D,E,F,A,B,C,D,E,F,A,B,C,D,E,F,A,B,C,D,1.0,equalize
1172,rotate,4,D,E,F,A,B,C,D,E,F,A,B,C,D,E,F,A,B,C,D,E,1.0,equalize
1172,rotate,5,E,F,A,B,C,D,E,F,A,B,C,D,E,F,A,B,C,D,E,F,0.6,equalize
1172,equalize,6,F,B,A,G,J,D,J,G,H,I,G,H,E,H,I,H,I,H,I,G,0.85,equalize
1173,rotate,1,A,B,C,D,E,F,A,B,C,D,E,F,A,B,C,D,E,F,A,B,0.85,equalize
1173,equalize,2,B,H,I,J,H,G,G,D,I,G,A,G,J,J,C,J,G,H,H,G,0.85,equalize
1173,rotate,3,C,D,E,F,A,B,C,D,E,F,A,B,C,D,E,F,A,B,C,D,0.85,equalize
1173,equalize,4,D,J,A,H,G,I,E,I,G,J,H,F,H,G,I,I,J,D,G,I,0.8,equalize
1173,rotate,5,E,F,A,B,C,D,E,F,A,B,C,D,E,F,A,B,C,D,E,F,0.7,equalize
1173,equalize,6,F,B,G,I,C,J,H,J,H,I,J,I,E,H,G,H,I,B,J,F,0.75,equalize
1174,equalize,1,A,G,J,H,D,J,J,I,H,H,H,I,I,H,G,J,B,G,H,I,0.9,draw
1174,rotate,2,B,C,D,E,F,A,B,C,D,E,F,A,B,C,D,E,F,A,B,C,0.95,draw
1174,equalize,3,C,I,G,G,H,G,B,J,I,G,J,C,H,G,J,G,D,H,I,J,0.85,draw
1174,rotate,4,D,E,F,A,B,C,D,E,F,A,B,C,D,E,F,A,B,C,D,E,0.8,draw
1174,equalize,5,E,A,H,J,I,I,H,G,F,J,I,G,J,E,I,H,I,J,F,G,0.8,draw
1174,rotate,6,F,A,B,C,D,E,F,A,B,C,D,E,F,A,B,C,D,E,F,A,0.8,draw
1175,rotate,1,A,B,C,D,E,F,A,B,C,D,E,F,A,B,C,D,E,F,A,B,1.0,equalize
1175,rotate,2,B,C,D,E,F,A,B,C,D,E,F,A,B,C,D,E,F,A,B,C,0.45,equalize
1175,equalize,3,C,I,H,J,I,G,G,C,I,H,F,A,H,H,D,H,J,G,H,J,0.8,equalize
1175,equalize,4,D,J,I,E,G,H,I,J,G,I,H,I,J,G,E,G,H,J,G,C,0.9,equalize
1175,equalize,5,E,A,G,H,F,J,B,H,D,J,G,J,G,I,J,I,F,I,B,I,0.7,equalize
1175,rotate,6,F,A,B,C,D,E,F,A,B,C,D,E,F,A,B,C,D,E,F,A,0.95,equalize
1176,equalize,1,A,G,H,I,I,J,H,H,D,J,H,G,J,A,J,J,I,I,B,H,0.85,equalize
1176,rotate,2,B,C,D,E,F,A,B,C,D,E,F,A,B,C,D,E,F,A,B,C,0.8,equalize
1176,equalize,3,C,I,G,J,H,I,J,J,H,G,J,E,G,C,G,H,D,J,G,I,0.85,equalize
1176,equalize,4,D,J,B,H,G,E,G,I,G,I,F,I,H,I,H,I,G,H,F,J,0.8,equalize
1176,rotate,5,E,F,A,B,C,D,E,F,A,B,C,D,E,F,A,B,C,D,E,F,1.0,equalize
1176,rotate,6,F,A,B,C,D,E,F,A,B,C,D,E,F,A,B,C,D,E,F,A,0.7,equalize
1177,rotate,1,A,B,C,D,E,F,A,B,C,D,E,F,A,B,C,D,E,F,A,B,0.55,equalize
1177,equalize,2,B,H,G,I,H,J,I,I,I,J,I,G,G,B,G,D,H,I,J,G,0.9,equalize
1177,equalize,3,C,I,H,D,J,G,G,H,J,G,F,J,I,H,H,I,J,G,A,H,0.9,equalize
1177,equalize,4,D,J,C,G,E,I,H,J,G,H,E,H,A,J,I,J,G,F,H,I,0.75,equalize
1177,rotate,5,E,F,A,B,C,D,E,F,A,B,C,D,E,F,A,B,C,D,E,F,1.0,equalize
1177,rotate,6,F,A,B,C,D,E,F,A,B,C,D,E,F,A,B,C,D,E,F,A,1.0,equalize
1178,equalize,1,A,G,J,H,G,I,J,J,J,H,J,I,H,A,H,C,G,J,I,H,0.9,equalize
1178,equalize,2,B,H,G,C,I,J,I,G,H,I,E,H,J,G,G,J,I,H,F,G,0.9,equalize
1178,equalize,3,C,I,B,J,D,H,G,H,I,G,D,G,F,I,J,I,H,E,G,J,0.75,equalize
1178,rotate,4,D,E,F,A,B,C,D,E,F,A,B,C,D,E,F,A,B,C,D,E,1.0,equalize
1178,rotate,5,E,F,A,B,C,D,E,F,A,B,C,D,E,F,A,B,C,D,E,F,1.0,equalize
1178,rotate,6,F,A,B,C,D,E,F,A,B,C,D,E,F,A,B,C,D,E,F,A,0.55,equalize
1179,equalize,1,A,G,H,H,H,G,G,G,J,B,I,D,E,H,J,I,I,J,J,J,0.85,equalize
1179,rotate,2,B,C,D,E,F,A,B,C,D,E,F,A,B,C,D,E,F,A,B,C,1.0,equalize
1179,equalize,3,C,I,J,I,C,D,J,I,H,G,J,H,I,I,H,J,C,I,E,I,0.8,equalize
1179,rotate,4,D,E,F,A,B,C,D,E,F,A,B,C,D,E,F,A,B,C,D,E,1.0,equalize
1179,rotate,5,E,F,A,B,C,D,E,F,A,B,C,D,E,F,A,B,C,D,E,F,0.55,equalize
1179,equalize,6,F,B,A,G,J,I,H,J,I,H,G,J,G,F,G,H,G,H,G,H,0.9,equalize
1180,rotate,1,A,B,C,D,E,F,A,B,C,D,E,F,A,B,C,D,E,F,A,B,0.95,equalize
1180,rotate,2,B,C,D,E,F,A,B,C,D,E,F,A,B,C,D,E,F,A,B,C,0.5,equalize
1180,equalize,3,C,I,H,E,J,J,I,J,I,E,F,G,J,J,H,H,J,G,J,G,0.85,equalize
1180,equalize,4,D,J,A,H,G,I,H,C,J,G,I,A,G,I,D,I,F,H,B,H,0.7,equalize
1180,rotate,5,E,F,A,B,C,D,E,F,A,B,C,D,E,F,A,B,C,D,E,F,0.95,equalize
1180,equalize,6,F,B,G,I,H,G,G,D,H,J,H,I,H,G,J,G,I,A,I,C,0.85,equalize
1181,equalize,1,A,F,I,F,G,F,A,H,G,H,G,I,G,A,C,A,C,A,C,A,1.0,equalize
1181,random3,2,D,D,D,D,D,D,D,D,D,D,D,D,D,D,D,D,D,D,D,D,1.0,equalize
1181,equalize,3,C,G,J,I,J,G,J,F,I,C,A,J,F,H,G,I,J,F,H,G,1.0,equalize
1181,random3,4,B,B,B,B,B,B,B,B,B,B,B,B,B,B,B,B,B,B,B,B,0.9,equalize
1181,equalize,5,E,H,A,C,H,I,C,A,J,F,H,C,I,J,F,H,G,I,J,F,1.0,equalize
1181,random3,6,B,B,E,E,E,E,E,E,E,E,E,E,E,E,E,E,E,E,E,E,0.9,equalize
1182,random3,1,C,C,C,C,F,F,C,C,C,C,C,C,C,C,C,C,C,C,C,C,0.7,equalize
1182,equalize,2,B,E,H,B,A,I,H,D,A,D,A,B,J,B,J,B,D,B,H,E,1.0,equalize
1182,equalize,3,C,A,G,J,H,D,A,I,H,I,J,D,E,H,I,A,J,E,D,I,0.9,equalize
1182,equalize,4,D,F,I,E,J,B,E,J,B,E,H,I,A,D,E,H,I,A,J,B,1.0,equalize
1182,random3,5,C,C,C,C,F,F,F,F,F,F,F,F,F,F,F,F,F,F,F,F,0.7,equalize
1182,random3,6,C,C,G,G,G,G,G,G,G,G,G,G,G,G,G,G,G,G,G,G,0.85,equalize
1183,equalize,1,A,D,I,I,E,A,E,A,I,H,I,H,I,H,I,B,D,B,D,B,1.0,draw
1183,equalize,2,B,F,A,B,H,B,F,B,F,A,F,D,B,E,A,F,I,H,E,A,1.0,draw
1183,random3,3,J,J,J,J,J,J,J,J,J,J,J,J,J,J,J,J,J,J,J,J,1.0,draw
1183,random3,4,G,G,G,G,G,G,G,G,G,G,G,G,G,G,G,G,G,G,G,G,1.0,draw
1183,equalize,5,E,H,D,F,I,D,H,E,D,B,E,A,F,D,H,E,A,F,I,H,1.0,draw
1183,random3,6,C,C,C,C,C,C,C,C,C,C,C,C,C,C,C,C,C,C,C,C,1.0,draw
1184,random3,1,J,J,J,J,J,J,J,J,J,J,J,J,J,J,J,J,J,J,J,J,1.0,equalize
1184,random3,2,A,B,B,B,B,B,B,B,B,B,B,B,B,B,B,B,B,B,B,B,0.9,equalize
1184,equalize,3,C,B,H,I,I,I,D,G,D,G,D,G,I,G,F,G,F,G,F,G,0.95,equalize
1184,equalize,4,D,E,C,H,F,C,E,I,H,F,C,E,D,H,I,C,E,D,H,I,1.0,equalize
1184,random3,5,A,A,A,A,A,A,A,A,A,A,A,A,A,A,A,A,A,A,A,A,0.95,equalize
1184,equalize,6,F,G,D,E,G,H,F,C,E,I,H,F,C,E,D,H,I,C,E,D,1.0,equalize
1185,random3,1,D,D,D,D,D,D,D,D,D,D,D,D,D,D,D,D,D,D,D,D,1.0,draw
1185,random3,2,A,A,A,A,A,A,A,A,A,A,A,A,A,A,A,A,A,A,A,A,1.0,draw
1185,equalize,3,C,B,J,J,F,B,E,B,C,I,J,I,J,E,J,C,H,C,H,C,1.0,draw
1185,random3,4,G,G,G,G,G,G,G,G,G,G,G,G,G,G,G,G,G,G,G,G,1.0,draw
1185,equalize,5,E,H,B,E,I,C,H,J,F,B,E,H,C,F,B,I,J,E,F,B,1.0,draw
1185,equalize,6,F,I,C,H,J,F,I,E,H,C,F,B,I,H,E,F,B,I,J,E,1.0,draw
1186,equalize,1,A,E,I,I,J,I,E,H,J,H,J,C,J,E,B,E,B,E,C,E,0.95,draw
1186,equalize,2,B,G,J,B,C,J,C,I,C,G,E,G,I,H,J,C,G,I,H,J,1.0,draw
1186,equalize,3,C,H,E,G,H,B,G,E,B,I,H,B,C,G,I,H,J,B,G,I,1.0,draw
1186,random3,4,A,A,A,A,A,A,A,A,A,A,A,A,A,A,A,A,A,A,A,A,0.95,draw
1186,random3,5,F,F,F,F,F,F,F,F,F,F,F,F,F,F,F,F,F,F,F,F,1.0,draw
1186,random3,6,D,D,D,D,D,D,D,D,D,D,D,D,D,D,D,D,D,D,D,D,1.0,draw
1187,equalize,1,A,C,I,I,D,A,D,A,I,F,D,F,D,F,D,I,C,I,C,I,1.0,draw
1187,equalize,2,B,E,A,B,F,B,E,D,E,A,B,C,I,E,A,B,D,F,E,A,1.0,draw
1187,random3,3,H,H,H,H,H,H,H,H,H,H,H,H,H,H,H,H,H,H,H,H,1.0,draw
1187,equalize,4,D,F,C,E,I,C,F,B,C,I,E,A,B,C,F,E,A,B,D,F,1.0,draw
1187,random3,5,G,G,G,G,G,G,G,G,G,G,G,G,G,G,G,G,G,G,G,G,1.0,draw
1187,random3,6,J,J,J,J,J,J,J,J,J,J,J,J,J,J,J,J,J,J,J,J,1.0,draw
1188,equalize,1,A,B,G,A,E,I,E,C,E,I,E,B,F,B,F,B,F,B,A,H,0.95,equalize
1188,random3,2,J,J,J,J,J,J,J,J,J,J,J,J,J,J,J,J,J,J,J,J,0.9,equalize
1188,equalize,3,C,E,H,B,H,A,I,F,B,H,A,C,E,I,H,A,C,E,I,B,1.0,equalize
1188,equalize,4,D,F,I,C,F,B,H,A,C,F,I,H,A,C,E,I,H,F,C,E,1.0,equalize
1188,random3,5,J,J,D,D,D,D,D,D,D,D,D,D,D,D,D,D,D,D,D,D,0.9,equalize
1188,random3,6,J,J,G,G,G,G,G,G,G,G,G,G,G,G,G,G,G,G,G,G,0.85,equalize
1189,equalize,1,A,E,E,I,E,B,F,B,F,B,F,I,F,D,B,A,B,E,B,F,1.0,random3
1189,equalize,2,B,D,I,A,G,I,G,I,G,I,G,D,G,A,F,E,I,G,D,E,0.95,random3
1189,random3,3,J,J,J,J,J,J,J,J,J,J,J,J,J,J,J,J,J,J,J,J,1.0,random3
1189,random3,4,C,C,C,C,C,C,C,C,C,C,C,C,C,C,C,C,C,C,C,C,1.0,random3
1189,random3,5,B,H,H,H,H,H,H,H,H,H,H,H,H,H,H,H,H,H,H,H,0.95,random3
1189,equalize,6,F,G,D,F,A,D,E,A,D,E,A,B,E,I,G,D,F,A,I,G,1.0,random3
1190,equalize,1,A,B,G,B,D,I,G,C,G,D,G,H,E,B,E,B,E,B,E,I,0.95,equalize
1190,random3,2,A,A,F,F,F,F,F,F,F,F,F,F,F,F,F,F,F,F,F,F,0.9,equalize
1190,equalize,3,C,D,H,G,H,B,H,E,H,I,B,C,G,D,I,H,C,G,D,B,1.0,equalize
1190,random3,4,A,A,A,A,A,A,A,A,A,A,A,A,A,A,A,A,A,A,A,A,0.9,equalize
1190,random3,5,J,J,J,J,J,J,J,J,J,J,J,J,J,J,J,J,J,J,J,J,1.0,equalize
1190,equalize,6,F,E,I,C,E,D,I,B,C,E,D,I,H,C,G,D,I,H,C,G,1.0,equalize
1191,equalize,1,A,B,H,H,F,A,D,A,B,G,H,G,H,D,H,B,E,B,E,B,1.0,draw
1191,random3,2,C,C,C,C,C,C,C,C,C,C,C,C,C,C,C,C,C,C,C,C,1.0,draw
1191,random3,3,J,J,J,J,J,J,J,J,J,J,J,J,J,J,J,J,J,J,J,J,1.0,draw
1191,random3,4,I,I,I,I,I,I,I,I,I,I,I,I,I,I,I,I,I,I,I,I,1.0,draw
1191,equalize,5,E,D,A,D,G,B,E,H,F,A,D,E,B,F,A,G,H,D,F,A,1.0,draw
1191,equalize,6,F,G,B,E,H,F,G,D,E,B,F,A,G,E,D,F,A,G,H,D,1.0,draw
1192,random3,1,A,A,A,A,A,A,A,A,A,A,A,A,A,A,A,A,A,A,A,A,1.0,draw
1192,equalize,2,B,D,F,F,I,F,D,H,D,H,D,H,D,I,G,I,G,I,G,I,0.95,draw
1192,equalize,3,C,G,I,C,E,I,E,F,C,G,I,E,F,C,D,H,E,F,C,D,1.0,draw
1192,random3,4,B,B,B,B,B,B,B,B,B,B,B,B,B,B,B,B,B,B,B,B,0.95,draw
1192,equalize,5,E,H,D,G,H,C,G,I,E,F,C,G,H,E,F,C,D,H,E,F,1.0,draw
1192,random3,6,J,J,J,J,J,J,J,J,J,J,J,J,J,J,J,J,J,J,J,J,1.0,draw
1193,equalize,1,A,C,J,J,F,C,H,C,F,G,J,A,J,A,J,F,B,F,B,F,1.0,random3
1193,random3,2,I,I,I,I,I,I,I,I,I,I,I,I,I,I,I,I,I,I,I,I,1.0,random3
1193,random3,3,E,E,E,E,E,E,E,E,E,E,E,E,E,E,E,E,E,E,E,E,1.0,random3
1193,equalize,4,D,B,H,C,H,J,F,G,H,B,F,G,C,H,B,A,G,C,H,J,0.95,random3
1193,random3,5,D,D,D,D,D,D,D,D,D,D,D,D,D,D,D,D,D,D,D,D,0.95,random3
1193,equalize,6,F,G,A,B,G,A,B,J,A,C,H,B,F,G,C,H,J,A,G,C,1.0,random3
1194,random3,1,A,A,A,A,A,A,A,A,A,A,A,A,A,A,A,A,A,A,A,A,1.0,draw
1194,equalize,2,B,H,J,J,E,H,G,H,E,I,E,B,E,G,E,J,F,J,F,J,1.0,draw
1194,random3,3,D,D,D,D,D,D,D,D,D,D,D,D,D,D,D,D,D,D,D,D,0.95,draw
1194,equalize,4,D,F,G,H,G,J,E,I,G,F,J,I,H,B,F,G,I,H,B,E,0.95,draw
1194,equalize,5,E,I,B,F,I,B,F,J,B,H,G,F,J,I,H,B,E,G,I,H,1.0,draw
1194,random3,6,C,C,C,C,C,C,C,C,C,C,C,C,C,C,C,C,C,C,C,C,1.0,draw
1195,random3,1,E,E,E,E,E,E,E,E,E,E,E,E,E,E,E,E,E,E,E,E,0.95,equalize
1195,random3,2,D,C,C,C,C,C,C,C,C,C,C,C,C,C,C,C,C,C,C,C,0.9,equalize
1195,random3,3,J,J,J,J,J,J,J,J,J,J,J,J,J,J,J,J,J,J,J,J,1.0,equalize
1195,equalize,4,D,A,G,A,H,D,H,I,H,I,H,I,H,I,F,I,F,D,F,D,0.95,equalize
1195,equalize,5,E,B,H,G,F,A,B,D,G,F,A,B,D,G,H,A,B,I,G,H,0.95,equalize
1195,equalize,6,F,C,I,B,I,G,F,A,B,D,G,F,A,B,D,G,H,A,B,I,0.95,equalize
1196,random3,1,G,G,E,E,E,E,E,E,E,E,E,E,E,E,E,E,E,E,E,E,0.9,equalize
1196,random3,2,G,G,G,G,G,G,G,G,G,G,G,G,G,G,G,G,G,G,G,G,0.9,equalize
1196,equalize,3,C,A,H,C,D,C,A,F,D,F,D,H,D,A,B,A,B,A,B,A,1.0,equalize
1196,equalize,4,D,B,J,H,J,D,J,C,H,B,A,J,C,F,D,H,J,C,F,D,1.0,equalize
1196,equalize,5,E,F,A,B,F,H,B,A,J,C,F,B,H,J,C,F,D,H,J,C,1.0,equalize
1196,random3,6,I,I,I,I,I,I,I,I,I,I,I,I,I,I,I,I,I,I,I,I,1.0,equalize
1197,random3,1,C,C,C,C,C,C,C,C,C,C,C,C,C,C,C,C,C,C,C,C,1.0,equalize
1197,equalize,2,B,D,I,D,G,D,B,A,G,J,G,I,G,B,E,B,E,B,E,B,1.0,equalize
1197,random3,3,F,F,F,F,F,F,F,F,F,F,F,F,F,F,F,F,F,F,F,F,0.9,equalize
1197,random3,4,F,F,H,H,H,H,H,H,H,H,H,H,H,H,H,H,H,H,H,H,0.85,equalize
1197,equalize,5,E,G,J,I,J,G,J,D,I,E,B,A,D,J,G,I,A,D,J,G,1.0,equalize
1197,equalize,6,F,A,H,B,E,A,I,E,B,A,D,J,E,I,A,D,J,G,I,A,0.9,equalize
1198,equalize,1,A,B,I,I,E,A,D,A,B,G,I,E,I,D,I,B,F,B,F,B,1.0,draw
1198,random3,2,H,H,H,H,H,H,H,H,H,H,H,H,H,H,H,H,H,H,H,H,1.0,draw
1198,random3,3,J,J,J,J,J,J,J,J,J,J,J,J,J,J,J,J,J,J,J,J,1.0,draw
1198,equalize,4,D,F,A,D,G,B,F,I,E,A,D,F,B,G,A,E,I,D,G,A,1.0,draw
1198,equalize,5,E,G,B,F,I,E,G,D,F,B,G,A,E,F,D,G,A,E,I,D,1.0,draw
1198,random3,6,C,C,C,C,C,C,C,C,C,C,C,C,C,C,C,C,C,C,C,C,1.0,draw
1199,random3,1,J,J,J,J,J,J,J,J,J,J,J,J,J,J,J,J,J,J,J,J,1.0,draw
1199,equalize,2,B,C,B,E,B,A,G,A,G,A,G,A,C,F,C,F,C,F,C,F,1.0,draw
1199,random3,3,I,I,I,I,I,I,I,I,I,I,I,I,I,I,I,I,I,I,I,I,1.0,draw
1199,equalize,4,D,E,C,A,C,D,B,E,F,C,D,B,E,A,G,D,B,E,A,G,1.0,draw
1199,random3,5,F,H,H,H,H,H,H,H,H,H,H,H,H,H,H,H,H,H,H,H,0.95,draw
1199,equalize,6,F,A,G,D,G,E,F,C,D,B,E,F,G,D,B,E,A,G,D,B,0.95,draw
1200,random3,1,I,I,I,I,I,I,I,I,I,I,I,I,I,I,I,I,I,I,I,I,1.0,draw
1200,equalize,2,B,D,H,H,F,B,F,B,H,G,H,G,H,G,H,C,D,C,D,C,1.0,draw
1200,equalize,3,C,E,B,C,G,C,E,C,E,B,E,D,C,F,B,E,H,G,F,B,1.0,draw
1200,random3,4,A,A,A,A,A,A,A,A,A,A,A,A,A,A,A,A,A,A,A,A,1.0,draw
1200,random3,5,J,J,J,J,J,J,J,J,J,J,J,J,J,J,J,J,J,J,J,J,1.0,draw
1200,equalize,6,F,G,D,E,H,D,G,F,D,C,F,B,E,D,G,F,B,E,H,G,1.0,draw
1201,equalize,1,A,G,G,E,E,G,C,H,D,I,G,F,I,J,D,G,J,D,E,J,1.0,draw
1201,radicaleq,2,B,H,H,F,I,E,F,C,J,D,H,A,F,B,C,I,A,F,B,H,1.0,draw
1201,equalize,3,C,I,C,G,B,H,D,I,G,F,I,J,D,G,J,D,E,J,G,C,1.0,draw
1201,equalize,4,D,J,I,H,F,I,J,F,H,A,D,B,C,I,A,F,B,H,D,E,1.0,draw
1201,radicaleq,5,E,A,D,A,D,A,G,A,C,J,C,G,A,F,E,H,G,C,I,A,1.0,draw
1201,radicaleq,6,F,B,J,C,J,B,E,B,E,B,E,H,E,H,B,C,I,A,F,B,1.0,draw
1202,equalize,1,A,G,G,E,E,G,C,H,D,I,G,F,I,J,D,G,J,D,E,J,1.0,draw
1202,equalize,2,B,H,H,F,I,E,F,C,J,D,H,A,F,B,C,I,A,F,B,H,1.0,draw
1202,radicaleq,3,C,I,C,G,B,H,D,I,G,F,I,J,D,G,J,D,E,J,G,C,1.0,draw
1202,equalize,4,D,J,I,H,F,I,J,F,H,A,D,B,C,I,A,F,B,H,D,E,1.0,draw
1202,radicaleq,5,E,A,D,A,D,A,G,A,C,J,C,G,A,F,E,H,G,C,I,A,1.0,draw
1202,radicaleq,6,F,B,J,C,J,B,E,B,E,B,E,H,E,H,B,C,I,A,F,B,1.0,draw
1203,equalize,1,A,G,G,E,E,G,C,H,D,I,G,F,I,J,D,G,J,D,E,J,1.0,draw
1203,radicaleq,2,B,H,H,F,I,E,F,C,J,D,H,A,F,B,C,I,A,F,B,H,1.0,draw
1203,equalize,3,C,I,C,G,B,H,D,I,G,F,I,J,D,G,J,D,E,J,G,C,1.0,draw
1203,radicaleq,4,D,J,I,H,F,I,J,F,H,A,D,B,C,I,A,F,B,H,D,E,1.0,draw
1203,radicaleq,5,E,A,D,A,D,A,G,A,C,J,C,G,A,F,E,H,G,C,I,A,1.0,draw
1203,equalize,6,F,B,J,C,J,B,E,B,E,B,E,H,E,H,B,C,I,A,F,B,1.0,draw
1204,radicaleq,1,A,G,G,E,E,G,C,H,D,I,G,F,I,J,D,G,J,D,E,J,1.0,draw
1204,equalize,2,B,H,H,F,I,E,F,C,J,D,H,A,F,B,C,I,A,F,B,H,1.0,draw
1204,radicaleq,3,C,I,C,G,B,H,D,I,G,F,I,J,D,G,J,D,E,J,G,C,1.0,draw
1204,equalize,4,D,J,I,H,F,I,J,F,H,A,D,B,C,I,A,F,B,H,D,E,1.0,draw
1204,radicaleq,5,E,A,D,A,D,A,G,A,C,J,C,G,A,F,E,H,G,C,I,A,1.0,draw
1204,equalize,6,F,B,J,C,J,B,E,B,E,B,E,H,E,H,B,C,I,A,F,B,1.0,draw
1205,radicaleq,1,A,G,G,E,E,G,C,H,D,I,G,F,I,J,D,G,J,D,E,J,1.0,draw
1205,equalize,2,B,H,H,F,I,E,F,C,J,D,H,A,F,B,C,I,A,F,B,H,1.0,draw
1205,equalize,3,C,I,C,G,B,H,D,I,G,F,I,J,D,G,J,D,E,J,G,C,1.0,draw
1205,radicaleq,4,D,J,I,H,F,I,J,F,H,A,D,B,C,I,A,F,B,H,D,E,1.0,draw
1205,equalize,5,E,A,D,A,D,A,G,A,C,J,C,G,A,F,E,H,G,C,I,A,1.0,draw
1205,radicaleq,6,F,B,J,C,J,B,E,B,E,B,E,H,E,H,B,C,I,A,F,B,1.0,draw
1206,equalize,1,A,G,G,E,E,G,C,H,D,I,G,F,I,J,D,G,J,D,E,J,1.0,draw
1206,radicaleq,2,B,H,H,F,I,E,F,C,J,D,H,A,F,B,C,I,A,F,B,H,1.0,draw
1206,radicaleq,3,C,I,C,G,B,H,D,I,G,F,I,J,D,G,J,D,E,J,G,C,1.0,draw
1206,radicaleq,4,D,J,I,H,F,I,J,F,H,A,D,B,C,I,A,F,B,H,D,E,1.0,draw
1206,equalize,5,E,A,D,A,D,A,G,A,C,J,C,G,A,F,E,H,G,C,I,A,1.0,draw
1206,equalize,6,F,B,J,C,J,B,E,B,E,B,E,H,E,H,B,C,I,A,F,B,1.0,draw
1207,radicaleq,1,A,G,G,E,E,G,C,H,D,I,G,F,I,J,D,G,J,D,E,J,1.0,draw
1207,equalize,2,B,H,H,F,I,E,F,C,J,D,H,A,F,B,C,I,A,F,B,H,1.0,draw
1207,radicaleq,3,C,I,C,G,B,H,D,I,G,F,I,J,D,G,J,D,E,J,G,C,1.0,draw
1207,radicaleq,4,D,J,I,H,F,I,J,F,H,A,D,B,C,I,A,F,B,H,D,E,1.0,draw
1207,equalize,5,E,A,D,A,D,A,G,A,C,J,C,G,A,F,E,H,G,C,I,A,1.0,draw
1207,equalize,6,F,B,J,C,J,B,E,B,E,B,E,H,E,H,B,C,I,A,F,B,1.0,draw
1208,equalize,1,A,G,G,E,E,G,C,H,D,I,G,F,I,J,D,G,J,D,E,J,1.0,draw
1208,radicaleq,2,B,H,H,F,I,E,F,C,J,D,H,A,F,B,C,I,A,F,B,H,1.0,draw
1208,radicaleq,3,C,I,C,G,B,H,D,I,G,F,I,J,D,G,J,D,E,J,G,C,1.0,draw
1208,equalize,4,D,J,I,H,F,I,J,F,H,A,D,B,C,I,A,F,B,H,D,E,1.0,draw
1208,radicaleq,5,E,A,D,A,D,A,G,A,C,J,C,G,A,F,E,H,G,C,I,A,1.0,draw
1208,equalize,6,F,B,J,C,J,B,E,B,E,B,E,H,E,H,B,C,I,A,F,B,1.0,draw
1209,equalize,1,A,G,G,E,E,G,C,H,D,I,G,F,I,J,D,G,J,D,E,J,1.0,draw
1209,equalize,2,B,H,H,F,I,E,F,C,J,D,H,A,F,B,C,I,A,F,B,H,1.0,draw
1209,equalize,3,C,I,C,G,B,H,D,I,G,F,I,J,D,G,J,D,E,J,G,C,1.0,draw
1209,radicaleq,4,D,J,I,H,F,I,J,F,H,A,D,B,C,I,A,F,B,H,D,E,1.0,draw
1209,radicaleq,5,E,A,D,A,D,A,G,A,C,J,C,G,A,F,E,H,G,C,I,A,1.0,draw
1209,radicaleq,6,F,B,J,C,J,B,E,B,E,B,E,H,E,H,B,C,I,A,F,B,1.0,draw
1210,equalize,1,A,G,G,E,E,G,C,H,D,I,G,F,I,J,D,G,J,D,E,J,1.0,draw
1210,equalize,2,B,H,H,F,I,E,F,C,J,D,H,A,F,B,C,I,A,F,B,H,1.0,draw
1210,radicaleq,3,C,I,C,G,B,H,D,I,G,F,I,J,D,G,J,D,E,J,G,C,1.0,draw
1210,radicaleq,4,D,J,I,H,F,I,J,F,H,A,D,B,C,I,A,F,B,H,D,E,1.0,draw
1210,equalize,5,E,A,D,A,D,A,G,A,C,J,C,G,A,F,E,H,G,C,I,A,1.0,draw
1210,radicaleq,6,F,B,J,C,J,B,E,B,E,B,E,H,E,H,B,C,I,A,F,B,1.0,draw
1211,radicaleq,1,A,G,G,E,E,G,C,H,D,I,G,F,I,J,D,G,J,D,E,J,1.0,draw
1211,radicaleq,2,B,H,H,F,I,E,F,C,J,D,H,A,F,B,C,I,A,F,B,H,1.0,draw
1211,equalize,3,C,I,C,G,B,H,D,I,G,F,I,J,D,G,J,D,E,J,G,C,1.0,draw
1211,equalize,4,D,J,I,H,F,I,J,F,H,A,D,B,C,I,A,F,B,H,D,E,1.0,draw
1211,radicaleq,5,E,A,D,A,D,A,G,A,C,J,C,G,A,F,E,H,G,C,I,A,1.0,draw
1211,equalize,6,F,B,J,C,J,B,E,B,E,B,E,H,E,H,B,C,I,A,F,B,1.0,draw
1212,radicaleq,1,A,G,G,E,E,G,C,H,D,I,G,F,I,J,D,G,J,D,E,J,1.0,draw
1212,radicaleq,2,B,H,H,F,I,E,F,C,J,D,H,A,F,B,C,I,A,F,B,H,1.0,draw
1212,radicaleq,3,C,I,C,G,B,H,D,I,G,F,I,J,D,G,J,D,E,J,G,C,1.0,draw
1212,equalize,4,D,J,I,H,F,I,J,F,H,A,D,B,C,I,A,F,B,H,D,E,1.0,draw
1212,equalize,5,E,A,D,A,D,A,G,A,C,J,C,G,A,F,E,H,G,C,I,A,1.0,draw
1212,equalize,6,F,B,J,C,J,B,E,B,E,B,E,H,E,H,B,C,I,A,F,B,1.0,draw
1213,radicaleq,1,A,G,G,E,E,G,C,H,D,I,G,F,I,J,D,G,J,D,E,J,1.0,draw
1213,radicaleq,2,B,H,H,F,I,E,F,C,J,D,H,A,F,B,C,I,A,F,B,H,1.0,draw
1213,equalize,3,C,I,C,G,B,H,D,I,G,F,I,J,D,G,J,D,E,J,G,C,1.0,draw
1213,radicaleq,4,D,J,I,H,F,I,J,F,H,A,D,B,C,I,A,F,B,H,D,E,1.0,draw
1213,equalize,5,E,A,D,A,D,A,G,A,C,J,C,G,A,F,E,H,G,C,I,A,1.0,draw
1213,equalize,6,F,B,J,C,J,B,E,B,E,B,E,H,E,H,B,C,I,A,F,B,1.0,draw
1214,equalize,1,A,G,G,E,E,G,C,H,D,I,G,F,I,J,D,G,J,D,E,J,1.0,draw
1214,radicaleq,2,B,H,H,F,I,E,F,C,J,D,H,A,F,B,C,I,A,F,B,H,1.0,draw
1214,radicaleq,3,C,I,C,G,B,H,D,I,G,F,I,J,D,G,J,D,E,J,G,C,1.0,draw
1214,equalize,4,D,J,I,H,F,I,J,F,H,A,D,B,C,I,A,F,B,H,D,E,1.0,draw
1214,equalize,5,E,A,D,A,D,A,G,A,C,J,C,G,A,F,E,H,G,C,I,A,1.0,draw
1214,radicaleq,6,F,B,J,C,J,B,E,B,E,B,E,H,E,H,B,C,I,A,F,B,1.0,draw
1215,equalize,1,A,G,G,E,E,G,C,H,D,I,G,F,I,J,D,G,J,D,E,J,1.0,draw
1215,equalize,2,B,H,H,F,I,E,F,C,J,D,H,A,F,B,C,I,A,F,B,H,1.0,draw
1215,radicaleq,3,C,I,C,G,B,H,D,I,G,F,I,J,D,G,J,D,E,J,G,C,1.0,draw
1215,radicaleq,4,D,J,I,H,F,I,J,F,H,A,D,B,C,I,A,F,B,H,D,E,1.0,draw
1215,radicaleq,5,E,A,D,A,D,A,G,A,C,J,C,G,A,F,E,H,G,C,I,A,1.0,draw
1215,equalize,6,F,B,J,C,J,B,E,B,E,B,E,H,E,H,B,C,I,A,F,B,1.0,draw
1216,radicaleq,1,A,G,G,E,E,G,C,H,D,I,G,F,I,J,D,G,J,D,E,J,1.0,draw
1216,equalize,2,B,H,H,F,I,E,F,C,J,D,H,A,F,B,C,I,A,F,B,H,1.0,draw
1216,equalize,3,C,I,C,G,B,H,D,I,G,F,I,J,D,G,J,D,E,J,G,C,1.0,draw
1216,equalize,4,D,J,I,H,F,I,J,F,H,A,D,B,C,I,A,F,B,H,D,E,1.0,draw
1216,radicaleq,5,E,A,D,A,D,A,G,A,C,J,C,G,A,F,E,H,G,C,I,A,1.0,draw
1216,radicaleq,6,F,B,J,C,J,B,E,B,E,B,E,H,E,H,B,C,I,A,F,B,1.0,draw
1217,radicaleq,1,A,G,G,E,E,G,C,H,D,I,G,F,I,J,D,G,J,D,E,J,1.0,draw
1217,radicaleq,2,B,H,H,F,I,E,F,C,J,D,H,A,F,B,C,I,A,F,B,H,1.0,draw
1217,equalize,3,C,I,C,G,B,H,D,I,G,F,I,J,D,G,J,D,E,J,G,C,1.0,draw
1217,equalize,4,D,J,I,H,F,I,J,F,H,A,D,B,C,I,A,F,B,H,D,E,1.0,draw
1217,equalize,5,E,A,D,A,D,A,G,A,C,J,C,G,A,F,E,H,G,C,I,A,1.0,draw
1217,radicaleq,6,F,B,J,C,J,B,E,B,E,B,E,H,E,H,B,C,I,A,F,B,1.0,draw
1218,radicaleq,1,A,G,G,E,E,G,C,H,D,I,G,F,I,J,D,G,J,D,E,J,1.0,draw
1218,equalize,2,B,H,H,F,I,E,F,C,J,D,H,A,F,B,C,I,A,F,B,H,1.0,draw
1218,radicaleq,3,C,I,C,G,B,H,D,I,G,F,I,J,D,G,J,D,E,J,G,C,1.0,draw
1218,equalize,4,D,J,I,H,F,I,J,F,H,A,D,B,C,I,A,F,B,H,D,E,1.0,draw
1218,equalize,5,E,A,D,A,D,A,G,A,C,J,C,G,A,F,E,H,G,C,I,A,1.0,draw
1218,radicaleq,6,F,B,J,C,J,B,E,B,E,B,E,H,E,H,B,C,I,A,F,B,1.0,draw
1219,radicaleq,1,A,G,G,E,E,G,C,H,D,I,G,F,I,J,D,G,J,D,E,J,1.0,draw
1219,equalize,2,B,H,H,F,I,E,F,C,J,D,H,A,F,B,C,I,A,F,B,H,1.0,draw
1219,equalize,3,C,I,C,G,B,H,D,I,G,F,I,J,D,G,J,D,E,J,G,C,1.0,draw
1219,radicaleq,4,D,J,I,H,F,I,J,F,H,A,D,B,C,I,A,F,B,H,D,E,1.0,draw
1219,radicaleq,5,E,A,D,A,D,A,G,A,C,J,C,G,A,F,E,H,G,C,I,A,1.0,draw
1219,equalize,6,F,B,J,C,J,B,E,B,E,B,E,H,E,H,B,C,I,A,F,B,1.0,draw
1220,equalize,1,A,G,G,E,E,G,C,H,D,I,G,F,I,J,D,G,J,D,E,J,1.0,draw
1220,radicaleq,2,B,H,H,F,I,E,F,C,J,D,H,A,F,B,C,I,A,F,B,H,1.0,draw
1220,equalize,3,C,I,C,G,B,H,D,I,G,F,I,J,D,G,J,D,E,J,G,C,1.0,draw
1220,radicaleq,4,D,J,I,H,F,I,J,F,H,A,D,B,C,I,A,F,B,H,D,E,1.0,draw
1220,equalize,5,E,A,D,A,D,A,G,A,C,J,C,G,A,F,E,H,G,C,I,A,1.0,draw
1220,radicaleq,6,F,B,J,C,J,B,E,B,E,B,E,H,E,H,B,C,I,A,F,B,1.0,draw
1221,equalize,1,A,G,I,I,J,J,G,J,I,H,I,H,I,H,I,B,A,B,A,B,1.0,draw
1221,equalize,2,B,H,J,B,E,B,E,B,E,J,E,A,B,G,J,E,I,H,G,J,1.0,draw
1221,rotate0,3,C,C,C,C,C,C,C,C,C,C,C,C,C,C,C,C,C,C,C,C,1.0,draw
1221,rotate0,4,D,D,D,D,D,D,D,D,D,D,D,D,D,D,D,D,D,D,D,D,1.0,draw
1221,equalize,5,E,A,G,H,I,A,H,G,A,B,G,J,E,A,H,G,J,E,I,H,1.0,draw
1221,rotate0,6,F,F,F,F,F,F,F,F,F,F,F,F,F,F,F,F,F,F,F,F,1.0,draw
1222,equalize,1,A,G,I,G,J,I,B,I,B,H,B,H,B,H,B,H,A,H,A,H,1.0,draw
1222,equalize,2,B,H,J,I,F,J,F,J,F,I,F,A,J,G,I,F,B,J,G,I,1.0,draw
1222,rotate0,3,C,C,C,C,C,C,C,C,C,C,C,C,C,C,C,C,C,C,C,C,1.0,draw
1222,rotate0,4,D,D,D,D,D,D,D,D,D,D,D,D,D,D,D,D,D,D,D,D,1.0,draw
1222,rotate0,5,E,E,E,E,E,E,E,E,E,E,E,E,E,E,E,E,E,E,E,E,1.0,draw
1222,equalize,6,F,B,A,H,G,A,H,G,A,J,G,I,F,A,J,G,I,F,B,J,1.0,draw
1223,rotate0,1,A,A,A,A,A,A,A,A,A,A,A,A,A,A,A,A,A,A,A,A,0.95,draw
1223,rotate0,2,B,B,B,B,B,B,B,B,B,B,B,B,B,B,B,B,B,B,B,B,0.95,draw
1223,equalize,3,C,I,J,J,F,C,E,C,F,H,J,I,J,E,J,F,G,F,G,F,1.0,draw
1223,rotate0,4,D,D,D,D,D,D,D,D,D,D,D,D,D,D,D,D,D,D,D,D,1.0,draw
1223,equalize,5,E,A,G,C,E,H,F,G,J,I,C,E,G,F,H,C,I,J,E,H,0.95,draw
1223,equalize,6,F,B,H,I,G,J,I,H,E,G,F,H,C,I,G,E,H,C,I,J,0.95,draw
1224,rotate0,1,A,A,A,A,A,A,A,A,A,A,A,A,A,A,A,A,A,A,A,A,1.0,draw
1224,equalize,2,B,H,G,G,J,J,H,J,B,I,G,I,G,B,G,I,F,I,F,I,1.0,draw
1224,rotate0,3,C,C,C,C,C,C,C,C,C,C,C,C,C,C,C,C,C,C,C,C,1.0,draw
1224,equalize,4,D,J,I,D,F,B,F,G,D,J,H,F,I,D,J,H,G,B,D,J,1.0,draw
1224,rotate0,5,E,E,E,E,E,E,E,E,E,E,E,E,E,E,E,E,E,E,E,E,1.0,draw
1224,equalize,6,F,B,H,I,G,D,I,H,F,B,D,J,H,F,B,D,J,H,G,B,1.0,draw
1225,rotate0,1,A,A,A,A,A,A,A,A,A,A,A,A,A,A,A,A,A,A,A,A,0.95,equalize
1225,equalize,2,B,H,J,J,E,B,H,B,H,I,C,I,C,J,C,H,E,H,E,H,1.0,equalize
1225,equalize,3,C,I,B,C,G,C,G,C,G,B,J,E,H,G,B,I,C,J,G,B,1.0,equalize
1225,rotate0,4,D,D,D,D,D,D,D,D,D,D,D,D,D,D,D,D,D,D,D,D,1.0,equalize
1225,equalize,5,E,A,G,H,I,J,E,I,J,E,H,G,B,I,E,J,G,B,I,C,0.95,equalize
1225,rotate0,6,F,F,F,F,F,F,F,F,F,F,F,F,F,F,F,F,F,F,F,F,1.0,equalize
1226,rotate0,1,A,A,A,A,A,A,A,A,A,A,A,A,A,A,A,A,A,A,A,A,1.0,draw
1226,equalize,2,B,H,G,G,J,J,H,J,H,I,H,I,H,I,H,C,B,C,B,C,1.0,draw
1226,equalize,3,C,I,J,C,F,C,F,C,F,J,F,B,C,G,J,F,H,I,G,J,1.0,draw
1226,rotate0,4,D,D,D,D,D,D,D,D,D,D,D,D,D,D,D,D,D,D,D,D,1.0,draw
1226,rotate0,5,E,E,E,E,E,E,E,E,E,E,E,E,E,E,E,E,E,E,E,E,1.0,draw
1226,equalize,6,F,B,H,I,G,B,I,G,B,C,G,J,F,B,I,G,J,F,H,I,1.0,draw
1227,equalize,1,A,G,H,H,D,A,C,A,D,J,H,J,H,C,H,D,I,D,I,D,1.0,draw
1227,rotate0,2,B,B,B,B,B,B,B,B,B,B,B,B,B,B,B,B,B,B,B,B,1.0,draw
1227,equalize,3,C,I,A,C,J,D,I,H,G,A,C,I,D,G,A,J,H,C,G,A,1.0,draw
1227,equalize,4,D,J,G,I,H,G,J,C,I,D,G,A,J,I,C,G,A,J,H,C,1.0,draw
1227,rotate0,5,E,E,E,E,E,E,E,E,E,E,E,E,E,E,E,E,E,E,E,E,1.0,draw
1227,rotate0,6,F,F,F,F,F,F,F,F,F,F,F,F,F,F,F,F,F,F,F,F,1.0,draw
1228,rotate0,1,A,A,A,A,A,A,A,A,A,A,A,A,A,A,A,A,A,A,A,A,0.95,equalize
1228,equalize,2,B,H,I,I,E,B,D,B,E,J,E,J,E,D,E,I,G,I,G,I,1.0,equalize
1228,rotate0,3,C,C,C,C,C,C,C,C,C,C,C,C,C,C,C,C,C,C,C,C,1.0,equalize
1228,equalize,4,D,J,B,D,G,E,G,I,H,B,D,G,I,H,B,J,E,D,H,B,1.0,equalize
1228,equalize,5,E,A,G,H,J,I,H,J,D,G,I,H,B,J,G,D,H,B,J,E,0.95,equalize
1228,rotate0,6,F,F,F,F,F,F,F,F,F,F,F,F,F,F,F,F,F,F,F,F,1.0,equalize
1229,rotate0,1,A,A,A,A,A,A,A,A,A,A,A,A,A,A,A,A,A,A,A,A,0.95,draw
1229,rotate0,2,B,B,B,B,B,B,B,B,B,B,B,B,B,B,B,B,B,B,B,B,0.95,draw
1229,rotate0,3,C,C,C,C,C,C,C,C,C,C,C,C,C,C,C,C,C,C,C,C,1.0,draw
1229,equalize,4,D,J,I,J,F,D,I,D,E,H,I,H,I,H,I,E,G,E,G,E,1.0,draw
1229,equalize,5,E,A,G,D,E,H,E,G,I,F,D,J,G,E,F,D,J,I,H,F,0.95,draw
1229,equalize,6,F,B,H,I,G,J,F,H,J,G,E,F,D,J,G,H,F,D,J,I,0.95,draw
1230,equalize,1,A,G,I,I,D,A,G,A,I,J,G,J,G,J,G,I,D,I,D,I,1.0,draw
1230,equalize,2,B,H,A,B,J,B,H,G,H,A,B,D,I,H,A,B,G,J,H,A,1.0,draw
1230,rotate0,3,C,C,C,C,C,C,C,C,C,C,C,C,C,C,C,C,C,C,C,C,1.0,draw
1230,equalize,4,D,J,G,H,I,D,J,B,D,I,H,A,B,D,J,H,A,B,G,J,1.0,draw
1230,rotate0,5,E,E,E,E,E,E,E,E,E,E,E,E,E,E,E,E,E,E,E,E,1.0,draw
1230,rotate0,6,F,F,F,F,F,F,F,F,F,F,F,F,F,F,F,F,F,F,F,F,1.0,draw
1231,equalize,1,A,G,J,J,C,A,G,A,B,I,G,I,G,B,G,I,C,I,C,I,1.0,draw
1231,equalize,2,B,H,A,B,I,B,H,G,H,A,J,C,I,H,A,J,G,B,H,A,1.0,draw
1231,equalize,3,C,I,G,H,J,C,I,J,C,B,H,A,J,C,B,H,A,J,G,B,1.0,draw
1231,rotate0,4,D,D,D,D,D,D,D,D,D,D,D,D,D,D,D,D,D,D,D,D,1.0,draw
1231,rotate0,5,E,E,E,E,E,E,E,E,E,E,E,E,E,E,E,E,E,E,E,E,1.0,draw
1231,rotate0,6,F,F,F,F,F,F,F,F,F,F,F,F,F,F,F,F,F,F,F,F,1.0,draw
1232,rotate0,1,A,A,A,A,A,A,A,A,A,A,A,A,A,A,A,A,A,A,A,A,1.0,equalize
1232,rotate0,2,B,B,B,B,B,B,B,B,B,B,B,B,B,B,B,B,B,B,B,B,0.95,equalize
1232,equalize,3,C,I,H,I,F,C,H,C,I,J,D,J,D,J,D,J,F,J,H,J,1.0,equalize
1232,equalize,4,D,J,C,D,G,D,G,D,G,C,G,F,I,H,C,G,D,I,F,C,1.0,equalize
1232,rotate0,5,E,E,E,E,E,E,E,E,E,E,E,E,E,E,E,E,E,E,E,E,1.0,equalize
1232,equalize,6,F,B,G,H,J,I,F,J,H,F,I,H,C,G,F,I,H,C,G,D,0.95,equalize
1233,rotate0,1,A,A,A,A,A,A,A,A,A,A,A,A,A,A,A,A,A,A,A,A,1.0,draw
1233,equalize,2,B,H,G,G,D,B,H,B,C,J,G,J,G,J,G,C,I,C,I,C,1.0,draw
1233,equalize,3,C,I,B,C,J,C,I,G,D,B,H,I,C,D,B,H,G,J,D,B,1.0,draw
1233,equalize,4,D,J,H,I,G,D,J,H,I,C,D,B,H,I,J,D,B,H,G,J,1.0,draw
1233,rotate0,5,E,E,E,E,E,E,E,E,E,E,E,E,E,E,E,E,E,E,E,E,1.0,draw
1233,rotate0,6,F,F,F,F,F,F,F,F,F,F,F,F,F,F,F,F,F,F,F,F,1.0,draw
1234,equalize,1,A,G,H,H,J,J,G,J,A,I,G,C,G,H,G,A,E,A,E,A,1.0,draw
1234,rotate0,2,B,B,B,B,B,B,B,B,B,B,B,B,B,B,B,B,B,B,B,B,1.0,draw
1234,equalize,3,C,I,J,C,E,A,E,G,C,J,H,E,A,I,J,C,G,H,I,J,1.0,draw
1234,rotate0,4,D,D,D,D,D,D,D,D,D,D,D,D,D,D,D,D,D,D,D,D,1.0,draw
1234,equalize,5,E,A,G,I,H,C,I,H,E,A,I,J,C,E,H,I,J,C,G,H,1.0,draw
1234,rotate0,6,F,F,F,F,F,F,F,F,F,F,F,F,F,F,F,F,F,F,F,F,1.0,draw
1235,rotate0,1,A,A,A,A,A,A,A,A,A,A,A,A,A,A,A,A,A,A,A,A,0.95,draw
1235,equalize,2,B,H,I,I,F,H,G,I,F,E,H,B,I,G,I,F,J,H,J,H,1.0,draw
1235,rotate0,3,C,C,C,C,C,C,C,C,C,C,C,C,C,C,C,C,C,C,C,C,1.0,draw
1235,rotate0,4,D,D,D,D,D,D,D,D,D,D,D,D,D,D,D,D,D,D,D,D,1.0,draw
1235,equalize,5,E,A,G,H,G,I,F,J,G,J,F,E,H,B,J,G,E,F,B,I,0.95,draw
1235,equalize,6,F,B,J,E,J,B,E,H,B,I,G,J,F,E,H,B,I,G,E,F,1.0,draw
1236,rotate0,1,A,A,A,A,A,A,A,A,A,A,A,A,A,A,A,A,A,A,A,A,0.95,equalize
1236,rotate0,2,B,B,B,B,B,B,B,B,B,B,B,B,B,B,B,B,B,B,B,B,1.0,equalize
1236,equalize,3,C,I,H,I,E,C,H,C,D,J,H,J,H,J,H,D,G,D,G,D,1.0,equalize
1236,equalize,4,D,J,C,D,G,D,G,H,E,C,I,G,D,E,C,I,H,J,E,C,1.0,equalize
1236,equalize,5,E,A,G,H,J,I,E,J,I,G,D,E,C,I,G,J,E,C,I,H,0.95,equalize
1236,rotate0,6,F,F,F,F,F,F,F,F,F,F,F,F,F,F,F,F,F,F,F,F,1.0,equalize
1237,equalize,1,A,G,H,H,J,J,D,J,A,I,H,G,H,D,H,A,E,A,E,A,1.0,draw
1237,rotate0,2,B,B,B,B,B,B,B,B,B,B,B,B,B,B,B,B,B,B,B,B,1.0,draw
1237,rotate0,3,C,C,C,C,C,C,C,C,C,C,C,C,C,C,C,C,C,C,C,C,1.0,draw
1237,equalize,4,D,J,I,D,E,A,E,H,G,J,D,E,A,I,J,G,H,D,I,J,1.0,draw
1237,equalize,5,E,A,G,I,H,G,I,D,E,A,I,J,G,E,D,I,J,G,H,D,1.0,draw
1237,rotate0,6,F,F,F,F,F,F,F,F,F,F,F,F,F,F,F,F,F,F,F,F,1.0,draw
1238,equalize,1,A,G,I,I,F,A,D,A,F,J,I,J,I,D,I,F,H,F,H,F,1.0,equalize
1238,rotate0,2,B,B,B,B,B,B,B,B,B,B,B,B,B,B,B,B,B,B,B,B,0.95,equalize
1238,rotate0,3,C,C,C,C,C,C,C,C,C,C,C,C,C,C,C,C,C,C,C,C,1.0,equalize
1238,equalize,4,D,J,A,D,H,F,H,I,G,A,D,H,F,G,A,J,I,D,G,A,1.0,equalize
1238,rotate0,5,E,E,E,E,E,E,E,E,E,E,E,E,E,E,E,E,E,E,E,E,1.0,equalize
1238,equalize,6,F,B,H,G,J,I,G,J,D,H,F,G,A,J,H,D,G,A,J,I,0.95,equalize
1239,equalize,1,A,G,I,I,F,A,E,A,F,J,I,J,I,E,I,F,H,F,H,F,1.0,equalize
1239,rotate0,2,B,B,B,B,B,B,B,B,B,B,B,B,B,B,B,B,B,B,B,B,0.95,equalize
1239,rotate0,3,C,C,C,C,C,C,C,C,C,C,C,C,C,C,C,C,C,C,C,C,1.0,equalize
1239,rotate0,4,D,D,D,D,D,D,D,D,D,D,D,D,D,D,D,D,D,D,D,D,1.0,equalize
1239,equalize,5,E,A,J,E,H,F,H,I,G,A,E,H,F,G,A,J,I,E,G,A,1.0,equalize
1239,equalize,6,F,B,H,G,J,I,G,J,E,H,F,G,A,J,H,E,G,A,J,I,0.95,equalize
1240,equalize,1,A,G,J,J,F,A,G,A,C,I,G,I,G,J,G,C,F,C,F,C,1.0,equalize
1240,rotate0,2,B,B,B,B,B,B,B,B,B,B,B,B,B,B,B,B,B,B,B,B,0.95,equalize
1240,equalize,3,C,I,A,C,H,C,H,G,H,A,J,F,C,H,A,I,G,J,H,A,1.0,equalize
1240,rotate0,4,D,D,D,D,D,D,D,D,D,D,D,D,D,D,D,D,D,D,D,D,1.0,equalize
1240,rotate0,5,E,E,E,E,E,E,E,E,E,E,E,E,E,E,E,E,E,E,E,E,1.0,equalize
1240,equalize,6,F,B,H,G,I,J,F,I,J,F,C,H,A,I,F,J,H,A,I,G,0.95,equalize
1241,caste,1,A,G,G,E,E,G,C,H,D,I,G,F,I,J,D,G,J,D,E,J,1.0,draw
1241,caste,2,B,H,H,F,I,E,F,C,J,D,H,A,F,B,C,I,A,F,B,H,1.0,draw
1241,caste,3,C,I,C,G,B,H,D,I,G,F,I,J,D,G,J,D,E,J,G,C,1.0,draw
1241,equalize,4,D,J,I,H,F,I,J,F,H,A,D,B,C,I,A,F,B,H,D,E,1.0,draw
1241,equalize,5,E,A,D,A,D,A,G,A,C,J,C,G,A,F,E,H,G,C,I,A,1.0,draw
1241,equalize,6,F,B,J,C,J,B,E,B,E,B,E,H,E,H,B,C,I,A,F,B,1.0,draw
1242,caste,1,A,G,G,E,E,G,C,H,D,I,G,F,I,J,D,G,J,D,E,J,1.0,draw
1242,equalize,2,B,H,H,F,I,E,F,C,J,D,H,A,F,B,C,I,A,F,B,H,1.0,draw
1242,equalize,3,C,I,C,G,B,H,D,I,G,F,I,J,D,G,J,D,E,J,G,C,1.0,draw
1242,caste,4,D,J,I,H,F,I,J,F,H,A,D,B,C,I,A,F,B,H,D,E,1.0,draw
1242,caste,5,E,A,D,A,D,A,G,A,C,J,C,G,A,F,E,H,G,C,I,A,1.0,draw
1242,equalize,6,F,B,J,C,J,B,E,B,E,B,E,H,E,H,B,C,I,A,F,B,1.0,draw
1243,caste,1,A,G,G,E,E,G,C,H,D,I,G,F,I,J,D,G,J,D,E,J,1.0,draw
1243,equalize,2,B,H,H,F,I,E,F,C,J,D,H,A,F,B,C,I,A,F,B,H,1.0,draw
1243,caste,3,C,I,C,G,B,H,D,I,G,F,I,J,D,G,J,D,E,J,G,C,1.0,draw
1243,caste,4,D,J,I,H,F,I,J,F,H,A,D,B,C,I,A,F,B,H,D,E,1.0,draw
1243,equalize,5,E,A,D,A,D,A,G,A,C,J,C,G,A,F,E,H,G,C,I,A,1.0,draw
1243,equalize,6,F,B,J,C,J,B,E,B,E,B,E,H,E,H,B,C,I,A,F,B,1.0,draw
1244,caste,1,A,G,G,E,E,G,C,H,D,I,G,F,I,J,D,G,J,D,E,J,1.0,draw
1244,equalize,2,B,H,H,F,I,E,F,C,J,D,H,A,F,B,C,I,A,F,B,H,1.0,draw
1244,equalize,3,C,I,C,G,B,H,D,I,G,F,I,J,D,G,J,D,E,J,G,C,1.0,draw
1244,caste,4,D,J,I,H,F,I,J,F,H,A,D,B,C,I,A,F,B,H,D,E,1.0,draw
1244,equalize,5,E,A,D,A,D,A,G,A,C,J,C,G,A,F,E,H,G,C,I,A,1.0,draw
1244,caste,6,F,B,J,C,J,B,E,B,E,B,E,H,E,H,B,C,I,A,F,B,1.0,draw
1245,caste,1,A,G,G,E,E,G,C,H,D,I,G,F,I,J,D,G,J,D,E,J,1.0,draw
1245,equalize,2,B,H,H,F,I,E,F,C,J,D,H,A,F,B,C,I,A,F,B,H,1.0,draw
1245,equalize,3,C,I,C,G,B,H,D,I,G,F,I,J,D,G,J,D,E,J,G,C,1.0,draw
1245,equalize,4,D,J,I,H,F,I,J,F,H,A,D,B,C,I,A,F,B,H,D,E,1.0,draw
1245,caste,5,E,A,D,A,D,A,G,A,C,J,C,G,A,F,E,H,G,C,I,A,1.0,draw
1245,caste,6,F,B,J,C,J,B,E,B,E,B,E,H,E,H,B,C,I,A,F,B,1.0,draw
1246,equalize,1,A,G,G,E,E,G,C,H,D,I,G,F,I,J,D,G,J,D,E,J,1.0,draw
1246,equalize,2,B,H,H,F,I,E,F,C,J,D,H,A,F,B,C,I,A,F,B,H,1.0,draw
1246,equalize,3,C,I,C,G,B,H,D,I,G,F,I,J,D,G,J,D,E,J,G,C,1.0,draw
1246,caste,4,D,J,I,H,F,I,J,F,H,A,D,B,C,I,A,F,B,H,D,E,1.0,draw
1246,caste,5,E,A,D,A,D,A,G,A,C,J,C,G,A,F,E,H,G,C,I,A,1.0,draw
1246,caste,6,F,B,J,C,J,B,E,B,E,B,E,H,E,H,B,C,I,A,F,B,1.0,draw
1247,caste,1,A,G,G,E,E,G,C,H,D,I,G,F,I,J,D,G,J,D,E,J,1.0,draw
1247,equalize,2,B,H,H,F,I,E,F,C,J,D,H,A,F,B,C,I,A,F,B,H,1.0,draw
1247,caste,3,C,I,C,G,B,H,D,I,G,F,I,J,D,G,J,D,E,J,G,C,1.0,draw
1247,equalize,4,D,J,I,H,F,I,J,F,H,A,D,B,C,I,A,F,B,H,D,E,1.0,draw
1247,equalize,5,E,A,D,A,D,A,G,A,C,J,C,G,A,F,E,H,G,C,I,A,1.0,draw
1247,caste,6,F,B,J,C,J,B,E,B,E,B,E,H,E,H,B,C,I,A,F,B,1.0,draw
1248,equalize,1,A,G,G,E,E,G,C,H,D,I,G,F,I,J,D,G,J,D,E,J,1.0,draw
1248,caste,2,B,H,H,F,I,E,F,C,J,D,H,A,F,B,C,I,A,F,B,H,1.0,draw
1248,caste,3,C,I,C,G,B,H,D,I,G,F,I,J,D,G,J,D,E,J,G,C,1.0,draw
1248,equalize,4,D,J,I,H,F,I,J,F,H,A,D,B,C,I,A,F,B,H,D,E,1.0,draw
1248,caste,5,E,A,D,A,D,A,G,A,C,J,C,G,A,F,E,H,G,C,I,A,1.0,draw
1248,equalize,6,F,B,J,C,J,B,E,B,E,B,E,H,E,H,B,C,I,A,F,B,1.0,draw
1249,equalize,1,A,G,G,E,E,G,C,H,D,I,G,F,I,J,D,G,J,D,E,J,1.0,draw
1249,caste,2,B,H,H,F,I,E,F,C,J,D,H,A,F,B,C,I,A,F,B,H,1.0,draw
1249,caste,3,C,I,C,G,B,H,D,I,G,F,I,J,D,G,J,D,E,J,G,C,1.0,draw
1249,caste,4,D,J,I,H,F,I,J,F,H,A,D,B,C,I,A,F,B,H,D,E,1.0,draw
1249,equalize,5,E,A,D,A,D,A,G,A,C,J,C,G,A,F,E,H,G,C,I,A,1.0,draw
1249,equalize,6,F,B,J,C,J,B,E,B,E,B,E,H,E,H,B,C,I,A,F,B,1.0,draw
1250,equalize,1,A,G,G,E,E,G,C,H,D,I,G,F,I,J,D,G,J,D,E,J,1.0,draw
1250,equalize,2,B,H,H,F,I,E,F,C,J,D,H,A,F,B,C,I,A,F,B,H,1.0,draw
1250,caste,3,C,I,C,G,B,H,D,I,G,F,I,J,D,G,J,D,E,J,G,C,1.0,draw
1250,caste,4,D,J,I,H,F,I,J,F,H,A,D,B,C,I,A,F,B,H,D,E,1.0,draw
1250,caste,5,E,A,D,A,D,A,G,A,C,J,C,G,A,F,E,H,G,C,I,A,1.0,draw
1250,equalize,6,F,B,J,C,J,B,E,B,E,B,E,H,E,H,B,C,I,A,F,B,1.0,draw
1251,caste,1,A,G,G,E,E,G,C,H,D,I,G,F,I,J,D,G,J,D,E,J,1.0,draw
1251,caste,2,B,H,H,F,I,E,F,C,J,D,H,A,F,B,C,I,A,F,B,H,1.0,draw
1251,equalize,3,C,I,C,G,B,H,D,I,G,F,I,J,D,G,J,D,E,J,G,C,1.0,draw
1251,caste,4,D,J,I,H,F,I,J,F,H,A,D,B,C,I,A,F,B,H,D,E,1.0,draw
1251,equalize,5,E,A,D,A,D,A,G,A,C,J,C,G,A,F,E,H,G,C,I,A,1.0,draw
1251,equalize,6,F,B,J,C,J,B,E,B,E,B,E,H,E,H,B,C,I,A,F,B,1.0,draw
1252,caste,1,A,G,G,E,E,G,C,H,D,I,G,F,I,J,D,G,J,D,E,J,1.0,draw
1252,caste,2,B,H,H,F,I,E,F,C,J,D,H,A,F,B,C,I,A,F,B,H,1.0,draw
1252,equalize,3,C,I,C,G,B,H,D,I,G,F,I,J,D,G,J,D,E,J,G,C,1.0,draw
1252,equalize,4,D,J,I,H,F,I,J,F,H,A,D,B,C,I,A,F,B,H,D,E,1.0,draw
1252,equalize,5,E,A,D,A,D,A,G,A,C,J,C,G,A,F,E,H,G,C,I,A,1.0,draw
1252,caste,6,F,B,J,C,J,B,E,B,E,B,E,H,E,H,B,C,I,A,F,B,1.0,draw
1253,equalize,1,A,G,G,E,E,G,C,H,D,I,G,F,I,J,D,G,J,D,E,J,1.0,draw
1253,equalize,2,B,H,H,F,I,E,F,C,J,D,H,A,F,B,C,I,A,F,B,H,1.0,draw
1253,caste,3,C,I,C,G,B,H,D,I,G,F,I,J,D,G,J,D,E,J,G,C,1.0,draw
1253,caste,4,D,J,I,H,F,I,J,F,H,A,D,B,C,I,A,F,B,H,D,E,1.0,draw
1253,equalize,5,E,A,D,A,D,A,G,A,C,J,C,G,A,F,E,H,G,C,I,A,1.0,draw
1253,caste,6,F,B,J,C,J,B,E,B,E,B,E,H,E,H,B,C,I,A,F,B,1.0,draw
1254,equalize,1,A,G,G,E,E,G,C,H,D,I,G,F,I,J,D,G,J,D,E,J,1.0,draw
1254,caste,2,B,H,H,F,I,E,F,C,J,D,H,A,F,B,C,I,A,F,B,H,1.0,draw
1254,caste,3,C,I,C,G,B,H,D,I,G,F,I,J,D,G,J,D,E,J,G,C,1.0,draw
1254,equalize,4,D,J,I,H,F,I,J,F,H,A,D,B,C,I,A,F,B,H,D,E,1.0,draw
1254,equalize,5,E,A,D,A,D,A,G,A,C,J,C,G,A,F,E,H,G,C,I,A,1.0,draw
1254,caste,6,F,B,J,C,J,B,E,B,E,B,E,H,E,H,B,C,I,A,F,B,1.0,draw
1255,caste,1,A,G,G,E,E,G,C,H,D,I,G,F,I,J,D,G,J,D,E,J,1.0,draw
1255,equalize,2,B,H,H,F,I,E,F,C,J,D,H,A,F,B,C,I,A,F,B,H,1.0,draw
1255,caste,3,C,I,C,G,B,H,D,I,G,F,I,J,D,G,J,D,E,J,G,C,1.0,draw
1255,equalize,4,D,J,I,H,F,I,J,F,H,A,D,B,C,I,A,F,B,H,D,E,1.0,draw
1255,caste,5,E,A,D,A,D,A,G,A,C,J,C,G,A,F,E,H,G,C,I,A,1.0,draw
1255,equalize,6,F,B,J,C,J,B,E,B,E,B,E,H,E,H,B,C,I,A,F,B,1.0,draw
1256,equalize,1,A,G,G,E,E,G,C,H,D,I,G,F,I,J,D,G,J,D,E,J,1.0,draw
1256,equalize,2,B,H,H,F,I,E,F,C,J,D,H,A,F,B,C,I,A,F,B,H,1.0,draw
1256,caste,3,C,I,C,G,B,H,D,I,G,F,I,J,D,G,J,D,E,J,G,C,1.0,draw
1256,equalize,4,D,J,I,H,F,I,J,F,H,A,D,B,C,I,A,F,B,H,D,E,1.0,draw
1256,caste,5,E,A,D,A,D,A,G,A,C,J,C,G,A,F,E,H,G,C,I,A,1.0,draw
1256,caste,6,F,B,J,C,J,B,E,B,E,B,E,H,E,H,B,C,I,A,F,B,1.0,draw
1257,equalize,1,A,G,G,E,E,G,C,H,D,I,G,F,I,J,D,G,J,D,E,J,1.0,draw
1257,caste,2,B,H,H,F,I,E,F,C,J,D,H,A,F,B,C,I,A,F,B,H,1.0,draw
1257,equalize,3,C,I,C,G,B,H,D,I,G,F,I,J,D,G,J,D,E,J,G,C,1.0,draw
1257,caste,4,D,J,I,H,F,I,J,F,H,A,D,B,C,I,A,F,B,H,D,E,1.0,draw
1257,caste,5,E,A,D,A,D,A,G,A,C,J,C,G,A,F,E,H,G,C,I,A,1.0,draw
1257,equalize,6,F,B,J,C,J,B,E,B,E,B,E,H,E,H,B,C,I,A,F,B,1.0,draw
1258,equalize,1,A,G,G,E,E,G,C,H,D,I,G,F,I,J,D,G,J,D,E,J,1.0,draw
1258,caste,2,B,H,H,F,I,E,F,C,J,D,H,A,F,B,C,I,A,F,B,H,1.0,draw
1258,equalize,3,C,I,C,G,B,H,D,I,G,F,I,J,D,G,J,D,E,J,G,C,1.0,draw
1258,equalize,4,D,J,I,H,F,I,J,F,H,A,D,B,C,I,A,F,B,H,D,E,1.0,draw
1258,caste,5,E,A,D,A,D,A,G,A,C,J,C,G,A,F,E,H,G,C,I,A,1.0,draw
1258,caste,6,F,B,J,C,J,B,E,B,E,B,E,H,E,H,B,C,I,A,F,B,1.0,draw
1259,caste,1,A,G,G,E,E,G,C,H,D,I,G,F,I,J,D,G,J,D,E,J,1.0,draw
1259,caste,2,B,H,H,F,I,E,F,C,J,D,H,A,F,B,C,I,A,F,B,H,1.0,draw
1259,equalize,3,C,I,C,G,B,H,D,I,G,F,I,J,D,G,J,D,E,J,G,C,1.0,draw
1259,equalize,4,D,J,I,H,F,I,J,F,H,A,D,B,C,I,A,F,B,H,D,E,1.0,draw
1259,caste,5,E,A,D,A,D,A,G,A,C,J,C,G,A,F,E,H,G,C,I,A,1.0,draw
1259,equalize,6,F,B,J,C,J,B,E,B,E,B,E,H,E,H,B,C,I,A,F,B,1.0,draw
1260,equalize,1,A,G,G,E,E,G,C,H,D,I,G,F,I,J,D,G,J,D,E,J,1.0,draw
1260,caste,2,B,H,H,F,I,E,F,C,J,D,H,A,F,B,C,I,A,F,B,H,1.0,draw
1260,equalize,3,C,I,C,G,B,H,D,I,G,F,I,J,D,G,J,D,E,J,G,C,1.0,draw
1260,caste,4,D,J,I,H,F,I,J,F,H,A,D,B,C,I,A,F,B,H,D,E,1.0,draw
1260,equalize,5,E,A,D,A,D,A,G,A,C,J,C,G,A,F,E,H,G,C,I,A,1.0,draw
1260,caste,6,F,B,J,C,J,B,E,B,E,B,E,H,E,H,B,C,I,A,F,B,1.0,draw
1261,equalize,1,A,G,G,E,E,G,C,H,D,I,G,F,I,J,D,G,J,D,E,J,1.0,draw
1261,equalize,2,B,H,H,F,I,E,F,C,J,D,H,A,F,B,C,I,A,F,B,H,1.0,draw
1261,equalize,3,C,I,C,G,B,H,D,I,G,F,I,J,D,G,J,D,E,J,G,C,1.0,draw
1261,equalize,4,D,J,I,H,F,I,J,F,H,A,D,B,C,I,A,F,B,H,D,E,1.0,draw
1261,equalize,5,E,A,D,A,D,A,G,A,C,J,C,G,A,F,E,H,G,C,I,A,1.0,draw
1261,equalize,6,F,B,J,C,J,B,E,B,E,B,E,H,E,H,B,C,I,A,F,B,1.0,draw
1262,equalize,1,A,G,G,E,E,G,C,H,D,I,G,F,I,J,D,G,J,D,E,J,1.0,draw
1262,equalize,2,B,H,H,F,I,E,F,C,J,D,H,A,F,B,C,I,A,F,B,H,1.0,draw
1262,equalize,3,C,I,C,G,B,H,D,I,G,F,I,J,D,G,J,D,E,J,G,C,1.0,draw
1262,equalize,4,D,J,I,H,F,I,J,F,H,A,D,B,C,I,A,F,B,H,D,E,1.0,draw
1262,equalize,5,E,A,D,A,D,A,G,A,C,J,C,G,A,F,E,H,G,C,I,A,1.0,draw
1262,equalize,6,F,B,J,C,J,B,E,B,E,B,E,H,E,H,B,C,I,A,F,B,1.0,draw
1263,equalize,1,A,G,G,E,E,G,C,H,D,I,G,F,I,J,D,G,J,D,E,J,1.0,draw
1263,equalize,2,B,H,H,F,I,E,F,C,J,D,H,A,F,B,C,I,A,F,B,H,1.0,draw
1263,equalize,3,C,I,C,G,B,H,D,I,G,F,I,J,D,G,J,D,E,J,G,C,1.0,draw
1263,equalize,4,D,J,I,H,F,I,J,F,H,A,D,B,C,I,A,F,B,H,D,E,1.0,draw
1263,equalize,5,E,A,D,A,D,A,G,A,C,J,C,G,A,F,E,H,G,C,I,A,1.0,draw
1263,equalize,6,F,B,J,C,J,B,E,B,E,B,E,H,E,H,B,C,I,A,F,B,1.0,draw
1264,equalize,1,A,G,G,E,E,G,C,H,D,I,G,F,I,J,D,G,J,D,E,J,1.0,draw
1264,equalize,2,B,H,H,F,I,E,F,C,J,D,H,A,F,B,C,I,A,F,B,H,1.0,draw
1264,equalize,3,C,I,C,G,B,H,D,I,G,F,I,J,D,G,J,D,E,J,G,C,1.0,draw
1264,equalize,4,D,J,I,H,F,I,J,F,H,A,D,B,C,I,A,F,B,H,D,E,1.0,draw
1264,equalize,5,E,A,D,A,D,A,G,A,C,J,C,G,A,F,E,H,G,C,I,A,1.0,draw
1264,equalize,6,F,B,J,C,J,B,E,B,E,B,E,H,E,H,B,C,I,A,F,B,1.0,draw
1265,equalize,1,A,G,G,E,E,G,C,H,D,I,G,F,I,J,D,G,J,D,E,J,1.0,draw
1265,equalize,2,B,H,H,F,I,E,F,C,J,D,H,A,F,B,C,I,A,F,B,H,1.0,draw
1265,equalize,3,C,I,C,G,B,H,D,I,G,F,I,J,D,G,J,D,E,J,G,C,1.0,draw
1265,equalize,4,D,J,I,H,F,I,J,F,H,A,D,B,C,I,A,F,B,H,D,E,1.0,draw
1265,equalize,5,E,A,D,A,D,A,G,A,C,J,C,G,A,F,E,H,G,C,I,A,1.0,draw
1265,equalize,6,F,B,J,C,J,B,E,B,E,B,E,H,E,H,B,C,I,A,F,B,1.0,draw
1266,equalize,1,A,G,G,E,E,G,C,H,D,I,G,F,I,J,D,G,J,D,E,J,1.0,draw
1266,equalize,2,B,H,H,F,I,E,F,C,J,D,H,A,F,B,C,I,A,F,B,H,1.0,draw
1266,equalize,3,C,I,C,G,B,H,D,I,G,F,I,J,D,G,J,D,E,J,G,C,1.0,draw
1266,equalize,4,D,J,I,H,F,I,J,F,H,A,D,B,C,I,A,F,B,H,D,E,1.0,draw
1266,equalize,5,E,A,D,A,D,A,G,A,C,J,C,G,A,F,E,H,G,C,I,A,1.0,draw
1266,equalize,6,F,B,J,C,J,B,E,B,E,B,E,H,E,H,B,C,I,A,F,B,1.0,draw
1267,equalize,1,A,G,G,E,E,G,C,H,D,I,G,F,I,J,D,G,J,D,E,J,1.0,draw
1267,equalize,2,B,H,H,F,I,E,F,C,J,D,H,A,F,B,C,I,A,F,B,H,1.0,draw
1267,equalize,3,C,I,C,G,B,H,D,I,G,F,I,J,D,G,J,D,E,J,G,C,1.0,draw
1267,equalize,4,D,J,I,H,F,I,J,F,H,A,D,B,C,I,A,F,B,H,D,E,1.0,draw
1267,equalize,5,E,A,D,A,D,A,G,A,C,J,C,G,A,F,E,H,G,C,I,A,1.0,draw
1267,equalize,6,F,B,J,C,J,B,E,B,E,B,E,H,E,H,B,C,I,A,F,B,1.0,draw
1268,equalize,1,A,G,G,E,E,G,C,H,D,I,G,F,I,J,D,G,J,D,E,J,1.0,draw
1268,equalize,2,B,H,H,F,I,E,F,C,J,D,H,A,F,B,C,I,A,F,B,H,1.0,draw
1268,equalize,3,C,I,C,G,B,H,D,I,G,F,I,J,D,G,J,D,E,J,G,C,1.0,draw
1268,equalize,4,D,J,I,H,F,I,J,F,H,A,D,B,C,I,A,F,B,H,D,E,1.0,draw
1268,equalize,5,E,A,D,A,D,A,G,A,C,J,C,G,A,F,E,H,G,C,I,A,1.0,draw
1268,equalize,6,F,B,J,C,J,B,E,B,E,B,E,H,E,H,B,C,I,A,F,B,1.0,draw
1269,equalize,1,A,G,G,E,E,G,C,H,D,I,G,F,I,J,D,G,J,D,E,J,1.0,draw
1269,equalize,2,B,H,H,F,I,E,F,C,J,D,H,A,F,B,C,I,A,F,B,H,1.0,draw
1269,equalize,3,C,I,C,G,B,H,D,I,G,F,I,J,D,G,J,D,E,J,G,C,1.0,draw
1269,equalize,4,D,J,I,H,F,I,J,F,H,A,D,B,C,I,A,F,B,H,D,E,1.0,draw
1269,equalize,5,E,A,D,A,D,A,G,A,C,J,C,G,A,F,E,H,G,C,I,A,1.0,draw
1269,equalize,6,F,B,J,C,J,B,E,B,E,B,E,H,E,H,B,C,I,A,F,B,1.0,draw
1270,equalize,1,A,G,G,E,E,G,C,H,D,I,G,F,I,J,D,G,J,D,E,J,1.0,draw
1270,equalize,2,B,H,H,F,I,E,F,C,J,D,H,A,F,B,C,I,A,F,B,H,1.0,draw
1270,equalize,3,C,I,C,G,B,H,D,I,G,F,I,J,D,G,J,D,E,J,G,C,1.0,draw
1270,equalize,4,D,J,I,H,F,I,J,F,H,A,D,B,C,I,A,F,B,H,D,E,1.0,draw
1270,equalize,5,E,A,D,A,D,A,G,A,C,J,C,G,A,F,E,H,G,C,I,A,1.0,draw
1270,equalize,6,F,B,J,C,J,B,E,B,E,B,E,H,E,H,B,C,I,A,F,B,1.0,draw
1271,equalize,1,A,G,G,E,E,G,C,H,D,I,G,F,I,J,D,G,J,D,E,J,1.0,draw
1271,equalize,2,B,H,H,F,I,E,F,C,J,D,H,A,F,B,C,I,A,F,B,H,1.0,draw
1271,equalize,3,C,I,C,G,B,H,D,I,G,F,I,J,D,G,J,D,E,J,G,C,1.0,draw
1271,equalize,4,D,J,I,H,F,I,J,F,H,A,D,B,C,I,A,F,B,H,D,E,1.0,draw
1271,equalize,5,E,A,D,A,D,A,G,A,C,J,C,G,A,F,E,H,G,C,I,A,1.0,draw
1271,equalize,6,F,B,J,C,J,B,E,B,E,B,E,H,E,H,B,C,I,A,F,B,1.0,draw
1272,equalize,1,A,G,G,E,E,G,C,H,D,I,G,F,I,J,D,G,J,D,E,J,1.0,draw
1272,equalize,2,B,H,H,F,I,E,F,C,J,D,H,A,F,B,C,I,A,F,B,H,1.0,draw
1272,equalize,3,C,I,C,G,B,H,D,I,G,F,I,J,D,G,J,D,E,J,G,C,1.0,draw
1272,equalize,4,D,J,I,H,F,I,J,F,H,A,D,B,C,I,A,F,B,H,D,E,1.0,draw
1272,equalize,5,E,A,D,A,D,A,G,A,C,J,C,G,A,F,E,H,G,C,I,A,1.0,draw
1272,equalize,6,F,B,J,C,J,B,E,B,E,B,E,H,E,H,B,C,I,A,F,B,1.0,draw
1273,equalize,1,A,G,G,E,E,G,C,H,D,I,G,F,I,J,D,G,J,D,E,J,1.0,draw
1273,equalize,2,B,H,H,F,I,E,F,C,J,D,H,A,F,B,C,I,A,F,B,H,1.0,draw
1273,equalize,3,C,I,C,G,B,H,D,I,G,F,I,J,D,G,J,D,E,J,G,C,1.0,draw
1273,equalize,4,D,J,I,H,F,I,J,F,H,A,D,B,C,I,A,F,B,H,D,E,1.0,draw
1273,equalize,5,E,A,D,A,D,A,G,A,C,J,C,G,A,F,E,H,G,C,I,A,1.0,draw
1273,equalize,6,F,B,J,C,J,B,E,B,E,B,E,H,E,H,B,C,I,A,F,B,1.0,draw
1274,equalize,1,A,G,G,E,E,G,C,H,D,I,G,F,I,J,D,G,J,D,E,J,1.0,draw
1274,equalize,2,B,H,H,F,I,E,F,C,J,D,H,A,F,B,C,I,A,F,B,H,1.0,draw
1274,equalize,3,C,I,C,G,B,H,D,I,G,F,I,J,D,G,J,D,E,J,G,C,1.0,draw
1274,equalize,4,D,J,I,H,F,I,J,F,H,A,D,B,C,I,A,F,B,H,D,E,1.0,draw
1274,equalize,5,E,A,D,A,D,A,G,A,C,J,C,G,A,F,E,H,G,C,I,A,1.0,draw
1274,equalize,6,F,B,J,C,J,B,E,B,E,B,E,H,E,H,B,C,I,A,F,B,1.0,draw
1275,equalize,1,A,G,G,E,E,G,C,H,D,I,G,F,I,J,D,G,J,D,E,J,1.0,draw
1275,equalize,2,B,H,H,F,I,E,F,C,J,D,H,A,F,B,C,I,A,F,B,H,1.0,draw
1275,equalize,3,C,I,C,G,B,H,D,I,G,F,I,J,D,G,J,D,E,J,G,C,1.0,draw
1275,equalize,4,D,J,I,H,F,I,J,F,H,A,D,B,C,I,A,F,B,H,D,E,1.0,draw
1275,equalize,5,E,A,D,A,D,A,G,A,C,J,C,G,A,F,E,H,G,C,I,A,1.0,draw
1275,equalize,6,F,B,J,C,J,B,E,B,E,B,E,H,E,H,B,C,I,A,F,B,1.0,draw
1276,equalize,1,A,G,G,E,E,G,C,H,D,I,G,F,I,J,D,G,J,D,E,J,1.0,draw
1276,equalize,2,B,H,H,F,I,E,F,C,J,D,H,A,F,B,C,I,A,F,B,H,1.0,draw
1276,equalize,3,C,I,C,G,B,H,D,I,G,F,I,J,D,G,J,D,E,J,G,C,1.0,draw
1276,equalize,4,D,J,I,H,F,I,J,F,H,A,D,B,C,I,A,F,B,H,D,E,1.0,draw
1276,equalize,5,E,A,D,A,D,A,G,A,C,J,C,G,A,F,E,H,G,C,I,A,1.0,draw
1276,equalize,6,F,B,J,C,J,B,E,B,E,B,E,H,E,H,B,C,I,A,F,B,1.0,draw
1277,equalize,1,A,G,G,E,E,G,C,H,D,I,G,F,I,J,D,G,J,D,E,J,1.0,draw
1277,equalize,2,B,H,H,F,I,E,F,C,J,D,H,A,F,B,C,I,A,F,B,H,1.0,draw
1277,equalize,3,C,I,C,G,B,H,D,I,G,F,I,J,D,G,J,D,E,J,G,C,1.0,draw
1277,equalize,4,D,J,I,H,F,I,J,F,H,A,D,B,C,I,A,F,B,H,D,E,1.0,draw
1277,equalize,5,E,A,D,A,D,A,G,A,C,J,C,G,A,F,E,H,G,C,I,A,1.0,draw
1277,equalize,6,F,B,J,C,J,B,E,B,E,B,E,H,E,H,B,C,I,A,F,B,1.0,draw
1278,equalize,1,A,G,G,E,E,G,C,H,D,I,G,F,I,J,D,G,J,D,E,J,1.0,draw
1278,equalize,2,B,H,H,F,I,E,F,C,J,D,H,A,F,B,C,I,A,F,B,H,1.0,draw
1278,equalize,3,C,I,C,G,B,H,D,I,G,F,I,J,D,G,J,D,E,J,G,C,1.0,draw
1278,equalize,4,D,J,I,H,F,I,J,F,H,A,D,B,C,I,A,F,B,H,D,E,1.0,draw
1278,equalize,5,E,A,D,A,D,A,G,A,C,J,C,G,A,F,E,H,G,C,I,A,1.0,draw
1278,equalize,6,F,B,J,C,J,B,E,B,E,B,E,H,E,H,B,C,I,A,F,B,1.0,draw
1279,equalize,1,A,G,G,E,E,G,C,H,D,I,G,F,I,J,D,G,J,D,E,J,1.0,draw
1279,equalize,2,B,H,H,F,I,E,F,C,J,D,H,A,F,B,C,I,A,F,B,H,1.0,draw
1279,equalize,3,C,I,C,G,B,H,D,I,G,F,I,J,D,G,J,D,E,J,G,C,1.0,draw
1279,equalize,4,D,J,I,H,F,I,J,F,H,A,D,B,C,I,A,F,B,H,D,E,1.0,draw
1279,equalize,5,E,A,D,A,D,A,G,A,C,J,C,G,A,F,E,H,G,C,I,A,1.0,draw
1279,equalize,6,F,B,J,C,J,B,E,B,E,B,E,H,E,H,B,C,I,A,F,B,1.0,draw
1280,equalize,1,A,G,G,E,E,G,C,H,D,I,G,F,I,J,D,G,J,D,E,J,1.0,draw
1280,equalize,2,B,H,H,F,I,E,F,C,J,D,H,A,F,B,C,I,A,F,B,H,1.0,draw
1280,equalize,3,C,I,C,G,B,H,D,I,G,F,I,J,D,G,J,D,E,J,G,C,1.0,draw
1280,equalize,4,D,J,I,H,F,I,J,F,H,A,D,B,C,I,A,F,B,H,D,E,1.0,draw
1280,equalize,5,E,A,D,A,D,A,G,A,C,J,C,G,A,F,E,H,G,C,I,A,1.0,draw
1280,equalize,6,F,B,J,C,J,B,E,B,E,B,E,H,E,H,B,C,I,A,F,B,1.0,draw
1281,turntaking,1,A,G,D,I,D,G,C,D,A,I,G,G,H,H,D,A,A,I,D,A,0.65,turntaking
1281,random,2,G,I,G,skip,J,H,H,H,E,skip,F,D,B,skip,D,G,D,F,D,J,0.55,turntaking
1281,turntaking,3,C,I,J,C,G,C,D,J,I,D,A,I,I,D,A,I,J,H,A,I,0.9,turntaking
1281,turntaking,4,D,J,C,D,H,A,I,A,C,G,D,A,A,I,C,H,I,J,H,G,0.8,turntaking
1281,random,5,H,H,E,J,H,G,B,J,C,C,J,F,B,E,C,G,B,J,D,skip,0.4,turntaking
1281,random,6,A,A,F,I,skip,F,E,H,J,C,J,G,J,G,C,C,F,J,skip,A,0.45,turntaking
1282,random,1,A,J,skip,E,skip,C,skip,I,E,E,H,C,B,C,B,D,J,skip,D,G,0.6,turntaking
1282,random,2,H,F,D,F,B,C,F,G,H,C,F,B,D,J,J,E,F,C,A,B,0.3,turntaking
1282,turntaking,3,C,J,B,A,A,F,A,D,B,A,E,E,J,A,E,C,B,D,E,B,0.85,turntaking
1282,turntaking,4,D,A,C,J,B,C,B,A,D,B,F,B,E,J,D,A,C,B,F,E,0.7,turntaking
1282,random,5,B,skip,G,H,H,E,J,E,G,E,I,J,I,A,J,F,A,I,A,E,0.65,turntaking
1282,turntaking,6,F,H,D,C,J,D,F,H,J,C,D,A,D,F,F,E,A,C,D,J,0.6,turntaking
1283,turntaking,1,A,I,H,G,A,J,B,B,A,H,G,D,G,E,D,I,G,D,D,I,0.75,turntaking
1283,turntaking,2,B,G,I,I,G,B,A,A,J,I,H,A,B,A,E,D,I,G,E,J,0.75,turntaking
1283,random,3,A,D,H,D,E,E,J,G,E,skip,I,C,B,H,A,C,J,B,D,I,0.6,turntaking
1283,turntaking,4,D,H,G,A,B,D,I,I,H,J,A,J,E,D,J,G,J,B,J,G,0.85,turntaking
1283,random,5,J,J,skip,I,skip,G,G,D,skip,B,E,E,J,I,B,A,E,I,E,D,0.6,turntaking
1283,random,6,J,B,H,H,F,D,E,D,B,I,C,E,G,A,F,E,A,B,F,B,0.55,turntaking
1284,turntaking,1,A,F,A,E,E,A,A,G,E,C,C,F,F,J,C,J,F,G,E,F,0.7,turntaking
1284,random,2,I,J,H,B,B,E,skip,H,A,E,A,E,G,J,E,J,C,C,B,E,0.55,turntaking
1284,turntaking,3,C,H,I,A,J,F,F,A,G,G,G,J,G,F,F,C,G,A,A,I,0.7,turntaking
1284,random,4,C,C,I,J,E,I,H,J,D,H,A,D,I,G,I,J,F,J,H,D,0.6,turntaking
1284,turntaking,5,E,G,F,G,F,G,G,J,F,E,I,I,C,E,E,A,C,I,F,E,0.65,turntaking
1284,random,6,C,C,skip,I,J,skip,I,A,F,J,C,I,A,I,D,skip,E,G,A,C,0.4,turntaking
1285,random,1,G,C,D,H,C,I,A,I,A,E,H,A,C,J,J,A,G,B,B,A,0.65,turntaking
1285,random,2,D,H,E,D,skip,skip,F,I,B,C,J,H,A,H,H,I,J,B,H,G,0.55,turntaking
1285,turntaking,3,C,J,J,I,F,J,F,E,F,C,J,G,J,G,F,E,C,F,E,C,0.75,turntaking
1285,random,4,H,C,I,D,H,D,J,A,I,D,D,E,B,G,skip,B,C,H,J,J,0.55,turntaking
1285,turntaking,5,E,G,E,J,C,G,G,C,E,D,G,E,F,J,C,G,H,E,D,F,0.75,turntaking
1285,turntaking,6,F,D,F,G,H,E,J,H,G,F,H,F,C,D,E,D,F,D,G,I,0.8,turntaking
1286,random,1,J,F,D,C,G,I,H,I,C,H,B,E,skip,B,G,H,skip,E,skip,E,0.3,turntaking
1286,random,2,skip,A,D,E,D,C,C,B,C,A,F,H,C,D,E,G,J,B,D,D,0.65,turntaking
1286,random,3,H,D,J,H,D,skip,J,D,J,E,J,B,skip,B,F,G,C,J,I,D,0.45,turntaking
1286,turntaking,4,D,G,H,I,G,I,J,G,I,F,I,E,F,H,F,I,D,E,I,J,0.65,turntaking
1286,turntaking,5,E,I,G,F,I,F,G,F,F,G,D,G,I,D,J,H,E,F,H,H,0.9,turntaking
1286,turntaking,6,F,J,E,H,J,E,H,E,E,H,J,D,G,I,G,J,I,D,F,G,0.75,turntaking
1287,random,1,I,B,J,G,G,skip,skip,E,G,E,G,G,C,A,J,E,I,H,I,F,0.45,turntaking
1287,turntaking,2,B,H,H,B,J,A,J,D,H,I,I,E,B,J,B,I,H,G,B,B,0.85,turntaking
1287,random,3,A,E,skip,H,B,F,skip,G,G,G,skip,F,B,F,F,J,A,J,F,E,0.5,turntaking
1287,turntaking,4,D,J,D,H,I,E,A,E,D,H,D,H,J,E,D,E,I,J,D,E,0.7,turntaking
1287,turntaking,5,E,I,J,D,A,D,H,I,B,A,J,G,D,H,G,D,G,D,E,G,0.9,turntaking
1287,random,6,A,E,I,B,skip,skip,F,J,skip,B,I,I,C,A,H,B,I,H,J,H,0.45,turntaking
1288,turntaking,1,A,G,B,C,D,B,B,G,B,I,A,B,J,B,E,G,D,I,C,G,0.7,turntaking
1288,random,2,skip,B,skip,E,D,F,D,D,G,A,C,B,skip,J,J,F,D,E,E,H,0.5,turntaking
1288,random,3,C,C,B,skip,G,J,F,J,D,E,H,D,D,A,E,E,skip,B,A,C,0.7,turntaking
1288,turntaking,4,D,I,D,E,I,C,D,E,J,B,I,E,E,G,I,D,C,G,G,I,0.75,turntaking
1288,turntaking,5,E,A,I,J,G,J,C,I,G,C,J,G,G,I,C,B,I,C,J,B,0.7,turntaking
1288,random,6,J,skip,G,skip,I,E,C,E,A,F,I,C,J,J,skip,B,skip,D,J,skip,0.35,turntaking
1289,random,1,H,F,B,I,A,E,C,I,J,G,C,C,D,I,C,D,I,C,C,skip,0.4,turntaking
1289,turntaking,2,B,G,J,I,E,E,I,D,G,G,I,H,G,I,B,D,I,H,B,D,0.5,turntaking
1289,turntaking,3,C,I,I,E,G,G,D,J,E,E,D,J,B,J,G,H,B,G,G,H,0.85,turntaking
1289,turntaking,4,D,J,D,J,C,H,G,I,C,C,H,D,I,B,C,J,H,B,J,G,0.65,turntaking
1289,random,5,H,G,H,skip,C,skip,A,D,J,A,B,B,skip,J,E,J,C,skip,B,B,0.35,turntaking
1289,random,6,F,E,D,C,J,H,B,H,B,E,B,H,D,A,G,A,E,D,I,G,0.6,turntaking
1290,random,1,J,I,J,A,G,C,C,D,I,I,A,G,C,F,G,H,skip,E,A,B,0.7,turntaking
1290,turntaking,2,B,G,J,B,J,I,I,G,B,C,C,G,B,E,I,E,I,J,J,H,0.6,turntaking
1290,turntaking,3,C,H,B,C,B,H,J,B,C,H,E,B,E,H,J,H,J,I,C,G,0.7,turntaking
1290,random,4,C,H,G,F,J,H,E,E,B,skip,C,skip,D,A,C,E,D,B,E,G,0.35,turntaking
1290,turntaking,5,E,I,G,H,C,E,E,H,G,J,G,J,H,J,B,D,B,G,H,I,0.75,turntaking
1290,random,6,E,I,E,G,D,B,I,J,I,H,C,I,G,A,D,A,B,A,J,A,0.55,turntaking
1291,turntaking,1,A,I,I,C,I,E,F,E,I,F,I,B,B,I,A,F,B,E,E,B,0.85,turntaking
1291,random,2,D,F,B,D,I,G,D,H,G,A,D,H,G,G,I,skip,C,J,I,skip,0.35,turntaking
1291,random,3,C,E,J,G,F,I,C,skip,D,C,C,G,C,E,skip,F,G,D,G,J,0.8,turntaking
1291,random,4,B,I,B,F,B,A,skip,H,B,C,D,D,G,B,G,F,A,F,H,I,0.45,turntaking
1291,turntaking,5,E,A,C,A,E,A,E,F,B,C,F,I,E,B,D,E,C,B,I,C,0.7,turntaking
1291,turntaking,6,F,D,B,D,C,C,D,A,E,A,E,F,A,F,I,A,D,I,A,E,0.75,turntaking
1292,turntaking,1,A,B,C,J,J,E,B,B,G,F,F,B,E,F,F,A,F,G,G,C,0.6,turntaking
1292,turntaking,2,B,I,E,F,F,C,C,F,A,B,C,G,C,B,G,C,H,E,C,A,0.9,turntaking
1292,random,3,A,J,D,skip,G,J,J,H,G,B,I,J,E,E,H,H,skip,B,H,C,0.45,turntaking
1292,random,4,G,E,C,A,A,skip,J,E,C,H,F,J,J,D,skip,D,B,D,I,skip,0.55,turntaking
1292,random,5,C,B,A,G,J,G,E,H,H,H,A,J,H,B,J,J,C,F,B,E,0.6,turntaking
1292,turntaking,6,F,J,G,E,B,F,E,C,F,A,A,E,G,C,A,G,B,A,E,F,0.8,turntaking
1293,turntaking,1,A,G,G,C,H,A,C,C,F,C,E,C,G,H,C,E,B,E,H,F,0.8,turntaking
1293,turntaking,2,B,H,H,A,A,F,G,B,B,H,C,B,B,A,E,I,A,I,C,I,0.85,turntaking
1293,random,3,A,F,J,J,C,H,A,A,B,A,I,F,F,I,D,G,D,skip,D,D,0.65,turntaking
1293,random,4,B,F,C,D,B,E,D,A,I,I,E,F,G,I,B,H,skip,A,G,I,0.4,turntaking
1293,turntaking,5,E,F,E,H,G,E,F,G,E,F,H,H,C,B,A,H,F,A,E,C,0.75,turntaking
1293,random,6,B,C,G,E,D,I,H,G,D,G,F,E,skip,G,J,C,skip,B,skip,skip,0.65,turntaking
1294,turntaking,1,A,I,H,H,F,B,I,F,I,I,D,D,D,D,D,F,H,I,A,C,0.7,turntaking
1294,random,2,F,B,C,I,skip,C,H,C,D,A,C,A,E,A,B,I,H,skip,A,H,0.45,turntaking
1294,turntaking,3,C,J,C,I,A,D,B,A,B,B,I,I,F,A,H,I,C,A,H,H,0.7,turntaking
1294,random,4,H,D,C,H,J,E,C,skip,G,F,H,H,C,I,C,D,F,C,I,F,0.8,turntaking
1294,random,5,B,I,D,C,E,J,G,A,A,H,F,J,B,G,D,F,B,B,G,skip,0.6,turntaking
1294,turntaking,6,F,A,D,A,B,F,H,D,F,H,B,B,I,F,C,A,B,D,F,D,0.7,turntaking
1295,turntaking,1,A,I,H,H,C,C,C,H,A,C,H,F,G,E,E,E,C,D,E,J,0.8,turntaking
1295,random,2,H,E,F,D,E,I,D,E,D,G,B,B,H,D,I,E,H,D,C,B,0.65,turntaking
1295,random,3,E,J,D,D,H,F,J,skip,J,D,A,I,C,J,A,D,H,C,C,D,0.65,turntaking
1295,turntaking,4,D,A,C,A,H,E,J,E,H,F,E,D,F,A,C,H,E,F,F,H,0.7,turntaking
1295,random,5,D,C,F,J,G,G,skip,skip,skip,J,C,D,J,A,J,F,C,J,A,J,0.4,turntaking
1295,turntaking,6,F,J,F,E,A,J,A,C,F,A,C,H,A,F,H,F,J,A,A,E,0.75,turntaking
1296,random,1,G,E,skip,I,skip,C,D,C,E,A,I,G,D,skip,H,A,G,I,skip,B,0.6,turntaking
1296,turntaking,2,B,I,I,A,G,F,F,F,F,J,G,H,J,G,G,J,J,H,H,C,0.85,turntaking
1296,turntaking,3,C,J,C,I,J,G,I,J,G,H,J,C,H,J,I,D,F,J,G,F,0.8,turntaking
1296,random,4,skip,F,D,H,D,E,A,B,skip,C,D,C,A,E,F,C,D,E,I,skip,0.6,turntaking
1296,random,5,H,A,C,D,H,J,B,I,F,A,A,F,B,skip,C,I,F,A,H,C,0.55,turntaking
1296,turntaking,6,F,G,J,H,D,C,G,H,D,I,D,F,I,H,C,G,D,I,J,D,0.6,turntaking
1297,random,1,H,F,skip,B,F,A,E,H,D,E,G,I,G,I,B,G,A,G,F,H,0.65,turntaking
1297,turntaking,2,B,G,B,B,D,D,C,E,E,J,G,D,C,E,D,J,A,C,E,G,0.75,turntaking
1297,random,3,E,C,A,C,C,J,I,A,B,E,skip,G,skip,skip,C,F,skip,B,D,D,0.55,turntaking
1297,turntaking,4,D,I,G,G,A,G,J,G,C,B,A,C,J,A,B,A,D,E,J,A,0.9,turntaking
1297,random,5,E,C,A,J,skip,B,D,F,C,J,I,B,F,H,B,H,G,D,E,E,0.5,turntaking
1297,turntaking,6,F,J,D,F,E,A,D,J,G,E,B,A,D,J,C,E,J,D,C,J,0.75,turntaking
1298,random,1,skip,J,F,J,D,I,I,C,J,J,A,D,E,E,H,H,J,H,B,H,0.7,turntaking
1298,turntaking,2,B,I,I,E,E,E,E,B,B,E,F,C,E,I,I,E,B,I,A,I,0.9,turntaking
1298,random,3,A,F,B,C,G,G,G,H,J,B,I,F,B,C,A,E,skip,E,H,D,0.6,turntaking
1298,random,4,C,F,A,A,C,H,J,J,J,skip,D,B,A,B,skip,G,G,C,E,J,0.65,turntaking
1298,turntaking,5,E,J,C,I,I,J,C,E,A,B,E,F,A,F,A,J,F,C,J,F,0.7,turntaking
1298,turntaking,6,F,B,A,J,B,F,A,F,I,C,A,I,C,C,F,I,C,B,F,A,0.8,turntaking
1299,random,1,J,D,F,C,A,I,A,D,E,E,H,I,H,A,C,A,I,B,J,H,0.7,turntaking
1299,random,2,C,B,D,H,D,skip,D,G,E,B,G,E,B,G,E,C,B,J,A,G,0.85,turntaking
1299,turntaking,3,C,J,A,F,E,H,C,F,A,F,J,A,D,D,C,D,F,H,D,D,0.9,turntaking
1299,turntaking,4,D,H,H,J,A,E,J,C,J,A,F,J,A,A,F,J,E,A,E,C,0.8,turntaking
1299,turntaking,5,E,I,E,C,J,F,H,E,H,C,H,F,C,H,J,H,D,F,C,E,0.8,turntaking
1299,random,6,A,F,G,D,I,B,B,E,B,D,C,J,F,I,I,J,J,F,H,B,0.8,turntaking
1300,turntaking,1,A,H,H,B,J,B,I,D,C,C,J,G,C,C,I,I,B,H,J,I,0.9,turntaking
1300,turntaking,2,B,J,I,J,D,G,J,C,G,J,G,B,G,I,B,B,I,G,I,H,0.85,turntaking
1300,turntaking,3,C,I,J,I,G,I,C,G,B,D,C,I,B,G,C,C,J,C,G,C,0.8,turntaking
1300,random,4,G,C,A,skip,skip,B,H,I,B,D,H,J,J,D,D,F,D,B,D,H,0.35,turntaking
1300,random,5,G,D,D,skip,D,E,H,J,skip,D,H,D,J,G,skip,E,skip,skip,A,G,0.4,turntaking
1300,random,6,B,C,H,F,H,F,H,I,A,F,F,H,E,H,F,skip,D,D,G,skip,0.55,turntaking
1301,turntaking,1,A,G,H,H,J,J,H,H,B,F,D,B,A,A,H,D,D,J,J,H,0.7,turntaking
1301,turntaking,2,B,H,C,C,D,F,A,A,J,H,H,F,J,J,C,J,H,F,F,A,0.75,turntaking
1301,rotate,3,C,D,E,F,A,B,C,D,E,F,A,B,C,D,E,F,A,B,C,D,0.85,turntaking
1301,turntaking,4,D,J,J,D,H,B,J,J,H,C,J,J,H,H,B,C,J,H,H,B,0.8,turntaking
1301,rotate,5,E,F,A,B,C,D,E,F,A,B,C,D,E,F,A,B,C,D,E,F,1.0,turntaking
1301,rotate,6,F,A,B,C,D,E,F,A,B,C,D,E,F,A,B,C,D,E,F,A,0.4,turntaking
1302,rotate,1,A,B,C,D,E,F,A,B,C,D,E,F,A,B,C,D,E,F,A,B,0.25,turntaking
1302,turntaking,2,B,H,I,C,F,A,A,C,B,E,E,F,B,C,I,D,F,F,I,B,0.6,turntaking
1302,turntaking,3,C,I,D,I,J,J,I,E,E,I,I,I,I,I,D,E,E,A,B,C,0.95,turntaking
1302,turntaking,4,D,J,J,D,I,F,B,I,C,D,F,A,A,B,C,I,I,I,A,D,0.6,turntaking
1302,rotate,5,E,F,A,B,C,D,E,F,A,B,C,D,E,F,A,B,C,D,E,F,1.0,turntaking
1302,rotate,6,F,A,B,C,D,E,F,A,B,C,D,E,F,A,B,C,D,E,F,A,0.9,turntaking
1303,rotate,1,A,B,C,D,E,F,A,B,C,D,E,F,A,B,C,D,E,F,A,B,0.9,turntaking
1303,rotate,2,B,C,D,E,F,A,B,C,D,E,F,A,B,C,D,E,F,A,B,C,0.3,turntaking
1303,turntaking,3,C,I,I,A,B,D,I,E,I,A,B,D,I,E,F,E,I,A,D,E,0.45,turntaking
1303,rotate,4,D,E,F,A,B,C,D,E,F,A,B,C,D,E,F,A,B,C,D,E,0.2,turntaking
1303,turntaking,5,E,A,D,I,C,C,D,F,F,E,F,A,B,C,A,B,D,I,E,I,0.55,turntaking
1303,turntaking,6,F,B,F,E,I,A,B,I,C,I,I,C,D,I,I,I,F,C,B,C,0.4,turntaking
1304,turntaking,1,A,G,B,I,F,F,I,A,B,A,I,I,I,C,D,C,I,I,I,E,0.55,rotate
1304,rotate,2,B,C,D,E,F,A,B,C,D,E,F,A,B,C,D,E,F,A,B,C,0.35,rotate
1304,turntaking,3,C,I,I,C,I,I,D,E,D,C,B,A,B,E,B,E,F,A,F,A,0.25,rotate
1304,rotate,4,D,E,F,A,B,C,D,E,F,A,B,C,D,E,F,A,B,C,D,E,0.5,rotate
1304,turntaking,5,E,A,D,E,B,C,F,I,I,E,D,F,F,I,I,A,D,C,B,I,0.35,rotate
1304,rotate,6,F,A,B,C,D,E,F,A,B,C,D,E,F,A,B,C,D,E,F,A,0.3,rotate
1305,turntaking,1,A,G,G,G,C,A,F,F,B,C,C,E,I,F,B,I,I,D,E,I,0.65,turntaking
1305,rotate,2,B,C,D,E,F,A,B,C,D,E,F,A,B,C,D,E,F,A,B,C,0.45,turntaking
1305,turntaking,3,C,I,I,C,A,D,E,A,D,B,F,I,A,C,D,E,F,A,F,C,0.45,turntaking
1305,rotate,4,D,E,F,A,B,C,D,E,F,A,B,C,D,E,F,A,B,C,D,E,1.0,turntaking
1305,rotate,5,E,F,A,B,C,D,E,F,A,B,C,D,E,F,A,B,C,D,E,F,0.25,turntaking
1305,turntaking,6,F,B,D,I,E,I,B,I,I,I,I,D,E,I,A,B,C,I,I,F,0.6,turntaking
1306,turntaking,1,A,G,G,G,G,G,G,E,A,A,C,E,G,F,F,G,D,E,G,E,0.8,turntaking
1306,rotate,2,B,C,D,E,F,A,B,C,D,E,F,A,B,C,D,E,F,A,B,C,0.95,turntaking
1306,rotate,3,C,D,E,F,A,B,C,D,E,F,A,B,C,D,E,F,A,B,C,D,1.0,turntaking
1306,rotate,4,D,E,F,A,B,C,D,E,F,A,B,C,D,E,F,A,B,C,D,E,0.35,turntaking
1306,turntaking,5,E,A,F,B,D,D,D,F,F,B,B,C,E,A,G,A,B,D,F,F,0.65,turntaking
1306,turntaking,6,F,B,C,A,C,E,B,G,G,C,G,G,D,G,A,B,C,G,E,G,0.85,turntaking
1307,turntaking,1,A,G,B,C,D,H,D,H,F,A,E,E,D,E,F,A,B,F,A,B,0.4,turntaking
1307,turntaking,2,B,H,H,H,H,E,F,E,C,H,H,H,H,B,B,H,H,H,H,H,0.8,turntaking
1307,rotate,3,C,D,E,F,A,B,C,D,E,F,A,B,C,D,E,F,A,B,C,D,1.0,turntaking
1307,rotate,4,D,E,F,A,B,C,D,E,F,A,B,C,D,E,F,A,B,C,D,E,0.45,turntaking
1307,turntaking,5,E,A,C,D,B,F,H,A,B,C,D,F,A,H,C,C,D,E,F,E,0.45,turntaking
1307,rotate,6,F,A,B,C,D,E,F,A,B,C,D,E,F,A,B,C,D,E,F,A,0.2,turntaking
1308,rotate,1,A,B,C,D,E,F,A,B,C,D,E,F,A,B,C,D,E,F,A,B,0.9,turntaking
1308,rotate,2,B,C,D,E,F,A,B,C,D,E,F,A,B,C,D,E,F,A,B,C,0.2,turntaking
1308,turntaking,3,C,I,I,A,E,C,B,F,D,E,C,D,C,C,D,B,A,A,C,C,0.4,turntaking
1308,turntaking,4,D,J,D,J,A,J,E,C,E,J,F,A,J,F,E,J,F,J,B,F,0.55,turntaking
1308,rotate,5,E,F,A,B,C,D,E,F,A,B,C,D,E,F,A,B,C,D,E,F,0.4,turntaking
1308,turntaking,6,F,B,J,I,F,D,J,J,A,B,J,J,B,J,A,E,J,D,J,J,0.55,turntaking
1309,turntaking,1,A,G,H,D,I,I,H,B,B,C,H,F,B,H,C,C,E,E,A,A,0.75,turntaking
1309,turntaking,2,B,H,C,H,E,D,I,F,D,D,F,A,H,A,H,D,D,A,H,H,0.8,turntaking
1309,turntaking,3,C,I,I,C,H,E,A,H,H,H,E,E,F,B,B,H,H,F,F,B,0.7,turntaking
1309,rotate,4,D,E,F,A,B,C,D,E,F,A,B,C,D,E,F,A,B,C,D,E,1.0,turntaking
1309,rotate,5,E,F,A,B,C,D,E,F,A,B,C,D,E,F,A,B,C,D,E,F,0.9,turntaking
1309,rotate,6,F,A,B,C,D,E,F,A,B,C,D,E,F,A,B,C,D,E,F,A,0.35,turntaking
1310,rotate,1,A,B,C,D,E,F,A,B,C,D,E,F,A,B,C,D,E,F,A,B,0.2,turntaking
1310,turntaking,2,B,H,H,H,D,D,I,I,D,D,E,F,I,B,A,D,B,D,I,C,0.55,turntaking
1310,turntaking,3,C,I,C,E,I,I,E,B,I,I,I,A,E,I,I,I,I,F,A,F,0.65,turntaking
1310,rotate,4,D,E,F,A,B,C,D,E,F,A,B,C,D,E,F,A,B,C,D,E,0.9,turntaking
1310,rotate,5,E,F,A,B,C,D,E,F,A,B,C,D,E,F,A,B,C,D,E,F,0.4,turntaking
1310,turntaking,6,F,B,I,A,C,F,A,F,C,B,C,D,A,F,C,E,E,I,B,I,0.3,turntaking
1311,turntaking,1,A,G,B,C,A,B,C,J,E,F,D,B,F,J,B,J,J,J,C,J,0.4,turntaking
1311,rotate,2,B,C,D,E,F,A,B,C,D,E,F,A,B,C,D,E,F,A,B,C,1.0,turntaking
1311,rotate,3,C,D,E,F,A,B,C,D,E,F,A,B,C,D,E,F,A,B,C,D,0.1,turntaking
1311,turntaking,4,D,J,J,F,B,J,F,D,F,J,A,C,C,E,J,A,D,B,F,E,0.6,turntaking
1311,turntaking,5,E,A,E,J,D,C,J,E,J,A,B,J,J,D,E,F,A,C,J,D,0.6,turntaking
1311,rotate,6,F,A,B,C,D,E,F,A,B,C,D,E,F,A,B,C,D,E,F,A,0.5,turntaking
1312,rotate,1,A,B,C,D,E,F,A,B,C,D,E,F,A,B,C,D,E,F,A,B,1.0,turntaking
1312,rotate,2,B,C,D,E,F,A,B,C,D,E,F,A,B,C,D,E,F,A,B,C,0.5,turntaking
1312,turntaking,3,C,I,D,E,A,B,D,D,F,E,F,B,C,D,B,J,J,B,D,J,0.75,turntaking
1312,turntaking,4,D,J,J,F,F,C,C,A,J,J,A,C,D,A,J,E,F,A,B,D,0.65,turntaking
1312,turntaking,5,E,A,E,J,B,J,J,J,E,F,B,J,J,J,E,F,A,C,J,C,0.9,turntaking
1312,rotate,6,F,A,B,C,D,E,F,A,B,C,D,E,F,A,B,C,D,E,F,A,0.8,turntaking
1313,rotate,1,A,B,C,D,E,F,A,B,C,D,E,F,A,B,C,D,E,F,A,B,0.3,turntaking
1313,turntaking,2,B,H,C,E,I,I,A,B,D,A,B,I,B,B,F,E,E,C,F,E,0.45,turntaking
1313,turntaking,3,C,I,I,I,F,F,I,E,C,E,I,F,I,I,C,I,I,I,I,I,0.75,turntaking
1313,rotate,4,D,E,F,A,B,C,D,E,F,A,B,C,D,E,F,A,B,C,D,E,0.6,turntaking
1313,turntaking,5,E,A,D,D,B,C,F,I,I,D,E,A,C,A,D,D,F,A,B,B,0.5,turntaking
1313,rotate,6,F,A,B,C,D,E,F,A,B,C,D,E,F,A,B,C,D,E,F,A,0.8,turntaking
1314,rotate,1,A,B,C,D,E,F,A,B,C,D,E,F,A,B,C,D,E,F,A,B,0.4,turntaking
1314,turntaking,2,B,H,C,D,E,C,D,J,E,F,A,B,F,B,J,J,J,C,C,B,0.45,turntaking
1314,rotate,3,C,D,E,F,A,B,C,D,E,F,A,B,C,D,E,F,A,B,C,D,0.3,turntaking
1314,turntaking,4,D,J,J,F,B,F,J,B,F,A,E,J,J,J,C,D,E,B,J,J,0.6,turntaking
1314,turntaking,5,E,A,E,J,A,J,C,D,J,J,B,C,D,A,E,F,A,F,D,E,0.5,turntaking
1314,rotate,6,F,A,B,C,D,E,F,A,B,C,D,E,F,A,B,C,D,E,F,A,0.85,turntaking
1315,turntaking,1,A,G,G,G,J,J,A,A,A,F,G,E,E,G,A,B,G,D,G,G,0.7,turntaking
1315,rotate,2,B,C,D,E,F,A,B,C,D,E,F,A,B,C,D,E,F,A,B,C,1.0,turntaking
1315,rotate,3,C,D,E,F,A,B,C,D,E,F,A,B,C,D,E,F,A,B,C,D,0.45,turntaking
1315,turntaking,4,D,J,J,C,G,D,E,G,G,G,A,B,C,D,E,C,C,E,E,F,0.5,turntaking
1315,rotate,5,E,F,A,B,C,D,E,F,A,B,C,D,E,F,A,B,C,D,E,F,0.35,turntaking
1315,turntaking,6,F,B,E,B,C,G,F,D,B,C,D,G,F,F,G,G,A,B,F,D,0.6,turntaking
1316,rotate,1,A,B,C,D,E,F,A,B,C,D,E,F,A,B,C,D,E,F,A,B,0.4,rotate
1316,turntaking,2,B,H,H,A,J,J,J,J,J,J,J,F,E,D,C,B,J,J,A,F,0.65,rotate
1316,rotate,3,C,D,E,F,A,B,C,D,E,F,A,B,C,D,E,F,A,B,C,D,0.5,rotate
1316,turntaking,4,D,J,C,E,A,F,B,D,C,B,C,J,J,J,E,D,C,D,J,J,0.45,rotate
1316,rotate,5,E,F,A,B,C,D,E,F,A,B,C,D,E,F,A,B,C,D,E,F,0.55,rotate
1316,turntaking,6,F,B,J,D,C,E,A,F,E,D,A,B,F,A,J,F,E,B,C,A,0.35,rotate
1317,turntaking,1,A,G,G,G,G,E,E,A,A,C,D,E,E,B,A,G,G,D,A,G,0.75,turntaking
1317,turntaking,2,B,H,H,H,H,D,F,G,G,B,C,G,F,A,G,C,C,G,F,B,0.8,turntaking
1317,rotate,3,C,D,E,F,A,B,C,D,E,F,A,B,C,D,E,F,A,B,C,D,0.9,turntaking
1317,rotate,4,D,E,F,A,B,C,D,E,F,A,B,C,D,E,F,A,B,C,D,E,0.95,turntaking
1317,rotate,5,E,F,A,B,C,D,E,F,A,B,C,D,E,F,A,B,C,D,E,F,0.4,turntaking
1317,turntaking,6,F,B,C,D,A,G,C,B,F,G,G,D,G,F,B,D,E,E,G,F,0.7,turntaking
1318,rotate,1,A,B,C,D,E,F,A,B,C,D,E,F,A,B,C,D,E,F,A,B,0.9,turntaking
1318,rotate,2,B,C,D,E,F,A,B,C,D,E,F,A,B,C,D,E,F,A,B,C,0.9,turntaking
1318,rotate,3,C,D,E,F,A,B,C,D,E,F,A,B,C,D,E,F,A,B,C,D,0.35,turntaking
1318,turntaking,4,D,J,J,A,C,J,J,E,E,F,A,D,E,E,J,J,B,D,J,J,0.85,turntaking
1318,turntaking,5,E,A,E,F,A,D,C,B,J,J,J,B,D,C,A,E,J,B,C,D,0.45,turntaking
1318,turntaking,6,F,B,F,J,B,C,D,J,F,A,B,C,J,J,F,F,A,C,D,E,0.85,turntaking
1319,turntaking,1,A,G,I,E,E,F,F,J,D,C,J,A,F,A,D,D,D,A,F,J,0.45,turntaking
1319,rotate,2,B,C,D,E,F,A,B,C,D,E,F,A,B,C,D,E,F,A,B,C,0.3,turntaking
1319,turntaking,3,C,I,D,B,I,E,B,A,B,E,F,E,C,C,J,C,E,B,B,C,0.35,turntaking
1319,turntaking,4,D,J,J,I,J,J,A,C,J,J,D,J,J,J,B,J,F,J,J,A,0.75,turntaking
1319,rotate,5,E,F,A,B,C,D,E,F,A,B,C,D,E,F,A,B,C,D,E,F,0.95,turntaking
1319,rotate,6,F,A,B,C,D,E,F,A,B,C,D,E,F,A,B,C,D,E,F,A,0.3,turntaking
1320,rotate,1,A,B,C,D,E,F,A,B,C,D,E,F,A,B,C,D,E,F,A,B,0.5,turntaking
1320,turntaking,2,B,H,H,H,H,H,D,F,F,A,C,D,H,H,H,H,H,H,H,E,0.8,turntaking
1320,rotate,3,C,D,E,F,A,B,C,D,E,F,A,B,C,D,E,F,A,B,C,D,1.0,turntaking
1320,rotate,4,D,E,F,A,B,C,D,E,F,A,B,C,D,E,F,A,B,C,D,E,0.25,turntaking
1320,turntaking,5,E,A,C,A,C,E,H,H,H,B,B,C,D,E,A,C,B,C,D,H,0.55,turntaking
1320,turntaking,6,F,B,F,D,B,C,E,A,D,H,E,F,A,F,B,D,E,F,A,F,0.4,turntaking
1321,random3,1,H,H,H,H,H,H,H,H,H,H,H,H,H,H,H,H,H,H,H,H,1.0,draw
1321,random3,2,E,E,E,E,E,E,E,E,E,E,E,E,E,E,E,E,E,E,E,E,0.95,draw
1321,turntaking,3,C,I,D,D,J,J,J,J,G,G,D,J,I,G,G,J,I,I,G,J,0.95,draw
1321,turntaking,4,D,G,I,J,G,I,D,G,I,D,J,I,G,D,J,I,D,G,J,D,1.0,draw
1321,turntaking,5,E,J,G,I,D,G,I,D,J,I,G,D,J,I,D,G,J,D,I,G,0.95,draw
1321,random3,6,C,C,C,C,C,C,C,C,C,C,C,C,C,C,C,C,C,C,C,C,0.95,draw
1322,turntaking,1,A,I,I,I,I,D,D,D,I,C,A,D,I,C,A,D,I,C,A,D,1.0,draw
1322,random3,2,F,F,D,F,F,F,F,F,F,F,F,F,F,F,F,F,F,F,F,F,0.9,draw
1322,turntaking,3,C,A,C,A,A,I,C,A,D,I,C,A,D,I,C,A,D,I,C,A,1.0,draw
1322,turntaking,4,D,F,D,C,C,A,I,C,A,D,I,C,A,D,I,C,A,D,I,C,0.9,draw
1322,random3,5,G,G,G,G,G,G,G,G,G,G,G,G,G,G,G,G,G,G,G,G,1.0,draw
1322,random3,6,J,J,J,J,J,J,J,J,J,J,J,J,J,J,J,J,J,J,J,J,1.0,draw
1323,random3,1,E,A,A,A,A,A,A,A,A,A,A,A,A,A,A,A,A,A,A,A,0.9,draw
1323,random3,2,B,B,B,B,B,B,B,B,B,B,B,B,B,B,B,B,B,B,B,B,0.95,draw
1323,random3,3,C,C,C,C,C,C,C,C,C,C,C,C,C,C,C,C,C,C,C,C,1.0,draw
1323,turntaking,4,D,I,A,E,J,J,J,E,F,D,J,E,F,D,J,E,F,D,J,E,0.95,draw
1323,turntaking,5,E,B,F,D,E,F,D,J,E,F,D,J,E,F,D,J,E,F,D,J,0.9,draw
1323,turntaking,6,F,J,D,J,F,D,E,F,D,J,E,F,D,J,E,F,D,J,E,F,1.0,draw
1324,turntaking,1,A,H,H,H,I,I,I,I,A,A,H,I,B,A,H,I,B,A,H,I,1.0,turntaking
1324,turntaking,2,B,I,B,B,H,A,B,H,I,B,A,H,I,B,A,H,I,B,A,H,1.0,turntaking
1324,random3,3,D,D,D,D,D,D,D,D,D,D,D,D,D,D,D,D,D,D,D,D,0.95,turntaking
1324,turntaking,4,D,A,I,A,B,H,A,B,H,I,B,A,H,I,B,A,H,I,B,A,0.95,turntaking
1324,random3,5,J,J,J,J,J,J,J,J,J,J,J,J,J,J,J,J,J,J,J,J,1.0,turntaking
1324,random3,6,E,E,E,E,E,E,E,E,E,E,E,E,E,E,E,E,E,E,E,E,1.0,turntaking
1325,turntaking,1,A,F,E,E,E,J,C,C,C,H,H,E,C,J,H,E,C,J,H,E,0.9,random3
1325,random3,2,F,F,F,F,F,F,F,F,F,F,F,F,F,F,F,F,F,F,F,F,0.95,random3
1325,turntaking,3,C,H,C,J,H,C,E,H,J,E,C,J,H,E,C,J,H,E,C,J,1.0,random3
1325,random3,4,D,D,D,D,D,D,D,D,D,D,D,D,D,D,D,D,D,D,D,D,1.0,random3
1325,turntaking,5,E,J,H,C,J,H,J,E,H,J,E,C,J,H,E,C,J,H,E,C,1.0,random3
1325,random3,6,A,A,A,A,A,A,A,A,A,A,A,A,A,A,A,A,A,A,A,A,0.95,random3
1326,turntaking,1,A,I,I,I,J,J,J,J,E,E,I,I,A,E,J,I,A,E,J,I,1.0,turntaking
1326,random3,2,F,F,F,F,F,F,F,F,F,F,F,F,F,F,F,F,F,F,F,F,0.95,turntaking
1326,random3,3,G,G,G,G,G,G,G,G,G,G,G,G,G,G,G,G,G,G,G,G,1.0,turntaking
1326,random3,4,H,H,H,H,H,H,H,H,H,H,H,H,H,H,H,H,H,H,H,H,1.0,turntaking
1326,turntaking,5,E,J,E,A,I,E,A,I,J,A,E,J,I,A,E,J,I,A,E,J,1.0,turntaking
1326,turntaking,6,F,A,J,E,A,I,E,A,I,J,A,E,J,I,A,E,J,I,A,E,0.95,turntaking
1327,turntaking,1,A,G,J,J,J,J,B,B,B,J,I,I,B,J,A,I,B,J,A,I,0.95,turntaking
1327,turntaking,2,B,I,A,A,I,I,A,J,I,A,B,J,A,I,B,J,A,I,B,J,0.95,turntaking
1327,random3,3,B,G,G,G,G,G,G,G,G,G,G,G,G,G,G,G,G,G,G,G,0.9,turntaking
1327,random3,4,D,D,D,D,D,D,D,D,D,D,D,D,D,D,D,D,D,D,D,D,1.0,turntaking
1327,turntaking,5,E,J,I,B,A,B,I,A,J,I,A,B,J,A,I,B,J,A,I,B,0.95,turntaking
1327,random3,6,E,E,E,E,E,E,E,E,E,E,E,E,E,E,E,E,E,E,E,E,0.95,turntaking
1328,turntaking,1,A,G,G,I,I,I,I,H,H,G,I,B,H,G,I,B,H,G,I,B,1.0,turntaking
1328,turntaking,2,B,H,B,G,H,B,G,I,B,H,G,I,B,H,G,I,B,H,G,I,1.0,turntaking
1328,random3,3,F,D,D,D,D,D,D,D,D,D,D,D,D,D,D,D,D,D,D,D,0.95,turntaking
1328,random3,4,E,E,E,E,E,E,E,E,E,E,E,E,E,E,E,E,E,E,E,E,1.0,turntaking
1328,random3,5,F,F,F,F,F,F,F,F,F,F,F,F,F,F,F,F,F,F,F,F,0.95,turntaking
1328,turntaking,6,F,I,H,B,G,H,B,G,I,B,H,G,I,B,H,G,I,B,H,G,0.95,turntaking
1329,random3,1,F,F,F,F,F,F,F,F,F,F,F,F,F,F,F,F,F,F,F,F,0.95,random3
1329,turntaking,2,B,I,B,J,J,J,J,D,D,D,J,I,B,D,J,I,B,D,J,I,1.0,random3
1329,turntaking,3,C,F,D,I,B,D,I,B,J,I,B,D,J,I,B,D,J,I,B,D,0.9,random3
1329,turntaking,4,D,J,I,B,D,I,B,J,I,B,D,J,I,B,D,J,I,B,D,J,1.0,random3
1329,random3,5,H,H,H,H,H,H,H,H,H,H,H,H,H,H,H,H,H,H,H,H,1.0,random3
1329,random3,6,C,C,C,C,C,C,C,C,C,C,C,C,C,C,C,C,C,C,C,C,0.95,random3
1330,random3,1,B,B,H,H,H,H,H,H,H,H,H,H,H,H,H,H,H,H,H,H,0.9,draw
1330,random3,2,G,G,E,E,E,E,E,E,E,E,E,E,E,E,E,E,E,E,E,E,0.9,draw
1330,turntaking,3,C,J,C,F,F,C,B,J,C,B,G,G,C,B,J,G,C,B,J,G,1.0,draw
1330,random3,4,I,I,I,I,I,I,I,I,I,I,I,I,I,I,I,I,I,I,I,I,1.0,draw
1330,turntaking,5,E,B,J,C,B,F,C,H,J,J,C,B,J,G,C,B,J,G,C,B,0.9,draw
1330,turntaking,6,F,G,E,J,G,J,G,B,G,C,B,J,G,C,B,J,G,C,B,J,0.9,draw
1331,turntaking,1,A,E,E,F,H,H,G,F,E,H,G,F,E,H,G,F,E,H,G,F,1.0,turntaking
1331,random3,2,C,I,I,I,I,I,I,I,I,I,I,I,I,I,I,I,I,I,I,I,0.9,turntaking
1331,turntaking,3,C,H,H,G,F,E,H,G,F,E,H,G,F,E,H,G,F,E,H,G,0.95,turntaking
1331,random3,4,C,C,C,C,C,C,C,C,C,C,C,C,C,C,C,C,C,C,C,C,0.95,turntaking
1331,random3,5,J,J,J,J,J,J,J,J,J,J,J,J,J,J,J,J,J,J,J,J,1.0,turntaking
1331,turntaking,6,F,G,I,E,G,F,E,H,G,F,E,H,G,F,E,H,G,F,E,H,0.95,turntaking
1332,random3,1,J,J,J,J,J,J,J,J,J,J,J,J,J,J,J,J,J,J,J,J,0.95,turntaking
1332,turntaking,2,B,H,B,B,E,H,H,C,E,B,H,C,E,B,H,C,E,B,H,C,1.0,turntaking
1332,turntaking,3,C,I,H,H,D,E,E,B,H,C,E,B,H,C,E,B,H,C,E,B,0.9,turntaking
1332,random3,4,F,F,F,F,F,F,F,F,F,F,F,F,F,F,F,F,F,F,F,F,1.0,turntaking
1332,turntaking,5,E,J,C,C,B,C,B,H,C,E,B,H,C,E,B,H,C,E,B,H,0.9,turntaking
1332,random3,6,E,I,D,D,D,D,D,D,D,D,D,D,D,D,D,D,D,D,D,D,0.85,turntaking
1333,random3,1,B,D,D,D,D,D,D,D,D,D,D,D,D,D,D,D,D,D,D,D,0.9,turntaking
1333,turntaking,2,B,I,E,E,G,G,G,G,F,I,E,G,F,F,E,G,I,F,E,G,0.95,turntaking
1333,random3,3,B,B,B,B,B,B,B,B,B,B,B,B,B,B,B,B,B,B,B,B,0.95,turntaking
1333,random3,4,H,H,H,H,H,H,H,H,H,H,H,H,H,H,H,H,H,H,H,H,1.0,turntaking
1333,turntaking,5,E,D,F,I,E,F,I,E,G,F,I,E,G,I,F,E,G,I,F,E,0.95,turntaking
1333,turntaking,6,F,G,I,G,F,I,E,F,I,E,G,F,I,E,G,I,F,E,G,I,1.0,turntaking
1334,turntaking,1,A,H,H,F,F,F,F,D,A,A,F,D,D,A,F,H,D,A,F,H,1.0,turntaking
1334,random3,2,E,E,E,E,E,E,E,E,E,E,E,E,E,E,E,E,E,E,E,E,0.95,turntaking
1334,random3,3,E,G,G,G,G,G,G,G,G,G,G,G,G,G,G,G,G,G,G,G,0.9,turntaking
1334,turntaking,4,D,J,G,A,H,D,A,H,F,D,H,A,F,H,D,A,F,H,D,A,0.95,turntaking
1334,random3,5,I,I,I,I,I,I,I,I,I,I,I,I,I,I,I,I,I,I,I,I,1.0,turntaking
1334,turntaking,6,F,A,D,H,D,A,H,F,D,H,A,F,H,D,A,F,H,D,A,F,1.0,turntaking
1335,random3,1,H,B,B,C,J,J,J,J,A,A,A,A,A,A,A,A,A,A,A,A,0.65,turntaking
1335,random3,2,H,H,H,H,H,H,H,H,H,H,H,H,H,H,H,H,H,H,H,H,0.95,turntaking
1335,turntaking,3,C,G,B,C,B,F,C,J,D,B,J,D,C,F,B,F,B,F,D,B,0.85,turntaking
1335,turntaking,4,D,J,G,F,D,G,J,D,C,C,F,C,J,D,C,D,J,A,C,C,0.9,turntaking
1335,random3,5,I,I,I,I,I,I,I,I,I,I,I,I,I,I,I,I,I,I,I,I,1.0,turntaking
1335,turntaking,6,F,C,D,G,F,D,B,F,B,F,D,B,F,B,J,A,C,D,B,F,0.95,turntaking
1336,random3,1,A,F,F,F,F,F,F,F,F,F,F,F,F,F,F,F,F,F,F,F,0.9,turntaking
1336,turntaking,2,B,G,B,H,G,B,J,J,J,B,H,H,J,B,G,G,J,B,H,G,1.0,turntaking
1336,random3,3,A,A,A,A,A,A,A,A,A,A,A,A,A,A,A,A,A,A,A,A,0.95,turntaking
1336,turntaking,4,D,J,J,B,H,G,B,H,G,J,B,G,H,J,B,H,G,J,B,H,0.95,turntaking
1336,turntaking,5,E,H,G,F,J,H,G,B,H,G,J,B,G,H,J,B,H,G,J,B,0.95,turntaking
1336,random3,6,D,D,D,D,D,D,D,D,D,D,D,D,D,D,D,D,D,D,D,D,0.95,turntaking
1337,turntaking,1,A,H,C,J,J,J,E,D,D,J,E,E,D,D,A,E,J,D,A,E,0.95,turntaking
1337,random3,2,D,C,C,C,C,C,C,C,C,C,C,C,C,C,C,C,C,C,C,C,0.9,turntaking
1337,random3,3,G,G,G,G,G,G,G,G,G,G,G,G,G,G,G,G,G,G,G,G,1.0,turntaking
1337,turntaking,4,D,A,J,D,A,E,D,A,J,E,A,D,J,A,E,J,D,A,E,J,0.95,turntaking
1337,turntaking,5,E,J,E,A,E,D,A,J,E,A,D,J,A,E,J,D,A,E,J,D,1.0,turntaking
1337,random3,6,I,I,I,I,I,I,I,I,I,I,I,I,I,I,I,I,I,I,I,I,1.0,turntaking
1338,random3,1,E,E,E,E,E,E,E,E,E,E,E,E,E,E,E,E,E,E,E,E,1.0,draw
1338,turntaking,2,B,H,C,C,F,B,J,C,F,B,J,C,F,B,J,C,F,B,J,C,1.0,draw
1338,turntaking,3,C,J,J,J,C,F,B,J,C,F,B,J,C,F,B,J,C,F,B,J,1.0,draw
1338,random3,4,D,D,D,D,D,D,D,D,D,D,D,D,D,D,D,D,D,D,D,D,1.0,draw
1338,random3,5,I,I,I,I,I,I,I,I,I,I,I,I,I,I,I,I,I,I,I,I,1.0,draw
1338,turntaking,6,F,B,F,B,J,C,F,B,J,C,F,B,J,C,F,B,J,C,F,B,1.0,draw
1339,turntaking,1,A,G,G,J,J,J,J,C,C,C,J,B,G,C,J,B,G,C,J,B,1.0,turntaking
1339,turntaking,2,B,I,C,B,G,C,B,G,J,B,G,C,J,B,G,C,J,B,G,C,0.95,turntaking
1339,turntaking,3,C,J,B,G,C,B,G,J,B,G,C,J,B,G,C,J,B,G,C,J,1.0,turntaking
1339,random3,4,H,H,H,H,H,H,H,H,H,H,H,H,H,H,H,H,H,H,H,H,1.0,turntaking
1339,random3,5,F,F,F,F,F,F,F,F,F,F,F,F,F,F,F,F,F,F,F,F,0.95,turntaking
1339,random3,6,F,I,I,I,I,I,I,I,I,I,I,I,I,I,I,I,I,I,I,I,0.9,turntaking
1340,random3,1,G,G,G,G,G,G,G,G,G,G,G,G,G,G,G,G,G,G,G,G,0.95,random3
1340,turntaking,2,B,H,B,J,J,J,J,F,H,H,J,F,B,B,J,F,F,B,J,H,1.0,random3
1340,random3,3,D,D,D,D,D,D,D,D,D,D,D,D,D,D,D,D,D,D,D,D,0.95,random3
1340,turntaking,4,D,G,F,H,B,F,H,B,J,F,B,H,J,F,H,B,J,H,F,B,0.9,random3
1340,random3,5,I,I,I,I,I,I,I,I,I,I,I,I,I,I,I,I,I,I,I,I,1.0,random3
1340,turntaking,6,F,J,H,B,F,H,B,J,F,B,H,J,F,H,B,J,H,F,B,J,1.0,random3
1341,turntaking,1,A,G,G,E,E,G,C,H,D,I,G,F,I,J,D,G,J,D,E,J,1.0,draw
1341,turntaking,2,B,H,H,F,I,E,F,C,J,D,H,A,F,B,C,I,A,F,B,H,1.0,draw
1341,radicaleq,3,C,I,C,G,B,H,D,I,G,F,I,J,D,G,J,D,E,J,G,C,1.0,draw
1341,turntaking,4,D,J,I,H,F,I,J,F,H,A,D,B,C,I,A,F,B,H,D,E,1.0,draw
1341,radicaleq,5,E,A,D,A,D,A,G,A,C,J,C,G,A,F,E,H,G,C,I,A,1.0,draw
1341,radicaleq,6,F,B,J,C,J,B,E,B,E,B,E,H,E,H,B,C,I,A,F,B,1.0,draw
1342,radicaleq,1,A,G,G,E,E,G,C,H,D,I,G,F,I,J,D,G,J,D,E,J,1.0,draw
1342,turntaking,2,B,H,H,F,I,E,F,C,J,D,H,A,F,B,C,I,A,F,B,H,1.0,draw
1342,turntaking,3,C,I,C,G,B,H,D,I,G,F,I,J,D,G,J,D,E,J,G,C,1.0,draw
1342,turntaking,4,D,J,I,H,F,I,J,F,H,A,D,B,C,I,A,F,B,H,D,E,1.0,draw
1342,radicaleq,5,E,A,D,A,D,A,G,A,C,J,C,G,A,F,E,H,G,C,I,A,1.0,draw
1342,radicaleq,6,F,B,J,C,J,B,E,B,E,B,E,H,E,H,B,C,I,A,F,B,1.0,draw
1343,turntaking,1,A,G,G,E,E,G,C,H,D,I,G,F,I,J,D,G,J,D,E,J,1.0,draw
1343,turntaking,2,B,H,H,F,I,E,F,C,J,D,H,A,F,B,C,I,A,F,B,H,1.0,draw
1343,radicaleq,3,C,I,C,G,B,H,D,I,G,F,I,J,D,G,J,D,E,J,G,C,1.0,draw
1343,radicaleq,4,D,J,I,H,F,I,J,F,H,A,D,B,C,I,A,F,B,H,D,E,1.0,draw
1343,radicaleq,5,E,A,D,A,D,A,G,A,C,J,C,G,A,F,E,H,G,C,I,A,1.0,draw
1343,turntaking,6,F,B,J,C,J,B,E,B,E,B,E,H,E,H,B,C,I,A,F,B,1.0,draw
1344,radicaleq,1,A,G,G,E,E,G,C,H,D,I,G,F,I,J,D,G,J,D,E,J,1.0,draw
1344,radicaleq,2,B,H,H,F,I,E,F,C,J,D,H,A,F,B,C,I,A,F,B,H,1.0,draw
1344,turntaking,3,C,I,C,G,B,H,D,I,G,F,I,J,D,G,J,D,E,J,G,C,1.0,draw
1344,turntaking,4,D,J,I,H,F,I,J,F,H,A,D,B,C,I,A,F,B,H,D,E,1.0,draw
1344,radicaleq,5,E,A,D,A,D,A,G,A,C,J,C,G,A,F,E,H,G,C,I,A,1.0,draw
1344,turntaking,6,F,B,J,C,J,B,E,B,E,B,E,H,E,H,B,C,I,A,F,B,1.0,draw
1345,turntaking,1,A,G,G,E,E,G,C,H,D,I,G,F,I,J,D,G,J,D,E,J,1.0,draw
1345,turntaking,2,B,H,H,F,I,E,F,C,J,D,H,A,F,B,C,I,A,F,B,H,1.0,draw
1345,turntaking,3,C,I,C,G,B,H,D,I,G,F,I,J,D,G,J,D,E,J,G,C,1.0,draw
1345,radicaleq,4,D,J,I,H,F,I,J,F,H,A,D,B,C,I,A,F,B,H,D,E,1.0,draw
1345,radicaleq,5,E,A,D,A,D,A,G,A,C,J,C,G,A,F,E,H,G,C,I,A,1.0,draw
1345,radicaleq,6,F,B,J,C,J,B,E,B,E,B,E,H,E,H,B,C,I,A,F,B,1.0,draw
1346,turntaking,1,A,G,G,E,E,G,C,H,D,I,G,F,I,J,D,G,J,D,E,J,1.0,draw
1346,radicaleq,2,B,H,H,F,I,E,F,C,J,D,H,A,F,B,C,I,A,F,B,H,1.0,draw
1346,turntaking,3,C,I,C,G,B,H,D,I,G,F,I,J,D,G,J,D,E,J,G,C,1.0,draw
1346,radicaleq,4,D,J,I,H,F,I,J,F,H,A,D,B,C,I,A,F,B,H,D,E,1.0,draw
1346,radicaleq,5,E,A,D,A,D,A,G,A,C,J,C,G,A,F,E,H,G,C,I,A,1.0,draw
1346,turntaking,6,F,B,J,C,J,B,E,B,E,B,E,H,E,H,B,C,I,A,F,B,1.0,draw
1347,radicaleq,1,A,G,G,E,E,G,C,H,D,I,G,F,I,J,D,G,J,D,E,J,1.0,draw
1347,turntaking,2,B,H,H,F,I,E,F,C,J,D,H,A,F,B,C,I,A,F,B,H,1.0,draw
1347,turntaking,3,C,I,C,G,B,H,D,I,G,F,I,J,D,G,J,D,E,J,G,C,1.0,draw
1347,radicaleq,4,D,J,I,H,F,I,J,F,H,A,D,B,C,I,A,F,B,H,D,E,1.0,draw
1347,radicaleq,5,E,A,D,A,D,A,G,A,C,J,C,G,A,F,E,H,G,C,I,A,1.0,draw
1347,turntaking,6,F,B,J,C,J,B,E,B,E,B,E,H,E,H,B,C,I,A,F,B,1.0,draw
1348,radicaleq,1,A,G,G,E,E,G,C,H,D,I,G,F,I,J,D,G,J,D,E,J,1.0,draw
1348,turntaking,2,B,H,H,F,I,E,F,C,J,D,H,A,F,B,C,I,A,F,B,H,1.0,draw
1348,radicaleq,3,C,I,C,G,B,H,D,I,G,F,I,J,D,G,J,D,E,J,G,C,1.0,draw
1348,turntaking,4,D,J,I,H,F,I,J,F,H,A,D,B,C,I,A,F,B,H,D,E,1.0,draw
1348,turntaking,5,E,A,D,A,D,A,G,A,C,J,C,G,A,F,E,H,G,C,I,A,1.0,draw
1348,radicaleq,6,F,B,J,C,J,B,E,B,E,B,E,H,E,H,B,C,I,A,F,B,1.0,draw
1349,radicaleq,1,A,G,G,E,E,G,C,H,D,I,G,F,I,J,D,G,J,D,E,J,1.0,draw
1349,turntaking,2,B,H,H,F,I,E,F,C,J,D,H,A,F,B,C,I,A,F,B,H,1.0,draw
1349,radicaleq,3,C,I,C,G,B,H,D,I,G,F,I,J,D,G,J,D,E,J,G,C,1.0,draw
1349,turntaking,4,D,J,I,H,F,I,J,F,H,A,D,B,C,I,A,F,B,H,D,E,1.0,draw
1349,radicaleq,5,E,A,D,A,D,A,G,A,C,J,C,G,A,F,E,H,G,C,I,A,1.0,draw
1349,turntaking,6,F,B,J,C,J,B,E,B,E,B,E,H,E,H,B,C,I,A,F,B,1.0,draw
1350,turntaking,1,A,G,G,E,E,G,C,H,D,I,G,F,I,J,D,G,J,D,E,J,1.0,draw
1350,radicaleq,2,B,H,H,F,I,E,F,C,J,D,H,A,F,B,C,I,A,F,B,H,1.0,draw
1350,turntaking,3,C,I,C,G,B,H,D,I,G,F,I,J,D,G,J,D,E,J,G,C,1.0,draw
1350,turntaking,4,D,J,I,H,F,I,J,F,H,A,D,B,C,I,A,F,B,H,D,E,1.0,draw
1350,radicaleq,5,E,A,D,A,D,A,G,A,C,J,C,G,A,F,E,H,G,C,I,A,1.0,draw
1350,radicaleq,6,F,B,J,C,J,B,E,B,E,B,E,H,E,H,B,C,I,A,F,B,1.0,draw
1351,turntaking,1,A,G,G,E,E,G,C,H,D,I,G,F,I,J,D,G,J,D,E,J,1.0,draw
1351,radicaleq,2,B,H,H,F,I,E,F,C,J,D,H,A,F,B,C,I,A,F,B,H,1.0,draw
1351,radicaleq,3,C,I,C,G,B,H,D,I,G,F,I,J,D,G,J,D,E,J,G,C,1.0,draw
1351,turntaking,4,D,J,I,H,F,I,J,F,H,A,D,B,C,I,A,F,B,H,D,E,1.0,draw
1351,radicaleq,5,E,A,D,A,D,A,G,A,C,J,C,G,A,F,E,H,G,C,I,A,1.0,draw
1351,turntaking,6,F,B,J,C,J,B,E,B,E,B,E,H,E,H,B,C,I,A,F,B,1.0,draw
1352,turntaking,1,A,G,G,E,E,G,C,H,D,I,G,F,I,J,D,G,J,D,E,J,1.0,draw
1352,radicaleq,2,B,H,H,F,I,E,F,C,J,D,H,A,F,B,C,I,A,F,B,H,1.0,draw
1352,radicaleq,3,C,I,C,G,B,H,D,I,G,F,I,J,D,G,J,D,E,J,G,C,1.0,draw
1352,turntaking,4,D,J,I,H,F,I,J,F,H,A,D,B,C,I,A,F,B,H,D,E,1.0,draw
1352,turntaking,5,E,A,D,A,D,A,G,A,C,J,C,G,A,F,E,H,G,C,I,A,1.0,draw
1352,radicaleq,6,F,B,J,C,J,B,E,B,E,B,E,H,E,H,B,C,I,A,F,B,1.0,draw
1353,turntaking,1,A,G,G,E,E,G,C,H,D,I,G,F,I,J,D,G,J,D,E,J,1.0,draw
1353,radicaleq,2,B,H,H,F,I,E,F,C,J,D,H,A,F,B,C,I,A,F,B,H,1.0,draw
1353,turntaking,3,C,I,C,G,B,H,D,I,G,F,I,J,D,G,J,D,E,J,G,C,1.0,draw
1353,radicaleq,4,D,J,I,H,F,I,J,F,H,A,D,B,C,I,A,F,B,H,D,E,1.0,draw
1353,turntaking,5,E,A,D,A,D,A,G,A,C,J,C,G,A,F,E,H,G,C,I,A,1.0,draw
1353,radicaleq,6,F,B,J,C,J,B,E,B,E,B,E,H,E,H,B,C,I,A,F,B,1.0,draw
1354,turntaking,1,A,G,G,E,E,G,C,H,D,I,G,F,I,J,D,G,J,D,E,J,1.0,draw
1354,radicaleq,2,B,H,H,F,I,E,F,C,J,D,H,A,F,B,C,I,A,F,B,H,1.0,draw
1354,radicaleq,3,C,I,C,G,B,H,D,I,G,F,I,J,D,G,J,D,E,J,G,C,1.0,draw
1354,radicaleq,4,D,J,I,H,F,I,J,F,H,A,D,B,C,I,A,F,B,H,D,E,1.0,draw
1354,turntaking,5,E,A,D,A,D,A,G,A,C,J,C,G,A,F,E,H,G,C,I,A,1.0,draw
1354,turntaking,6,F,B,J,C,J,B,E,B,E,B,E,H,E,H,B,C,I,A,F,B,1.0,draw
1355,radicaleq,1,A,G,G,E,E,G,C,H,D,I,G,F,I,J,D,G,J,D,E,J,1.0,draw
1355,turntaking,2,B,H,H,F,I,E,F,C,J,D,H,A,F,B,C,I,A,F,B,H,1.0,draw
1355,radicaleq,3,C,I,C,G,B,H,D,I,G,F,I,J,D,G,J,D,E,J,G,C,1.0,draw
1355,radicaleq,4,D,J,I,H,F,I,J,F,H,A,D,B,C,I,A,F,B,H,D,E,1.0,draw
1355,turntaking,5,E,A,D,A,D,A,G,A,C,J,C,G,A,F,E,H,G,C,I,A,1.0,draw
1355,turntaking,6,F,B,J,C,J,B,E,B,E,B,E,H,E,H,B,C,I,A,F,B,1.0,draw
1356,radicaleq,1,A,G,G,E,E,G,C,H,D,I,G,F,I,J,D,G,J,D,E,J,1.0,draw
1356,turntaking,2,B,H,H,F,I,E,F,C,J,D,H,A,F,B,C,I,A,F,B,H,1.0,draw
1356,turntaking,3,C,I,C,G,B,H,D,I,G,F,I,J,D,G,J,D,E,J,G,C,1.0,draw
1356,radicaleq,4,D,J,I,H,F,I,J,F,H,A,D,B,C,I,A,F,B,H,D,E,1.0,draw
1356,turntaking,5,E,A,D,A,D,A,G,A,C,J,C,G,A,F,E,H,G,C,I,A,1.0,draw
1356,radicaleq,6,F,B,J,C,J,B,E,B,E,B,E,H,E,H,B,C,I,A,F,B,1.0,draw
1357,turntaking,1,A,G,G,E,E,G,C,H,D,I,G,F,I,J,D,G,J,D,E,J,1.0,draw
1357,turntaking,2,B,H,H,F,I,E,F,C,J,D,H,A,F,B,C,I,A,F,B,H,1.0,draw
1357,radicaleq,3,C,I,C,G,B,H,D,I,G,F,I,J,D,G,J,D,E,J,G,C,1.0,draw
1357,radicaleq,4,D,J,I,H,F,I,J,F,H,A,D,B,C,I,A,F,B,H,D,E,1.0,draw
1357,turntaking,5,E,A,D,A,D,A,G,A,C,J,C,G,A,F,E,H,G,C,I,A,1.0,draw
1357,radicaleq,6,F,B,J,C,J,B,E,B,E,B,E,H,E,H,B,C,I,A,F,B,1.0,draw
1358,radicaleq,1,A,G,G,E,E,G,C,H,D,I,G,F,I,J,D,G,J,D,E,J,1.0,draw
1358,radicaleq,2,B,H,H,F,I,E,F,C,J,D,H,A,F,B,C,I,A,F,B,H,1.0,draw
1358,turntaking,3,C,I,C,G,B,H,D,I,G,F,I,J,D,G,J,D,E,J,G,C,1.0,draw
1358,radicaleq,4,D,J,I,H,F,I,J,F,H,A,D,B,C,I,A,F,B,H,D,E,1.0,draw
1358,turntaking,5,E,A,D,A,D,A,G,A,C,J,C,G,A,F,E,H,G,C,I,A,1.0,draw
1358,turntaking,6,F,B,J,C,J,B,E,B,E,B,E,H,E,H,B,C,I,A,F,B,1.0,draw
1359,radicaleq,1,A,G,G,E,E,G,C,H,D,I,G,F,I,J,D,G,J,D,E,J,1.0,draw
1359,radicaleq,2,B,H,H,F,I,E,F,C,J,D,H,A,F,B,C,I,A,F,B,H,1.0,draw
1359,turntaking,3,C,I,C,G,B,H,D,I,G,F,I,J,D,G,J,D,E,J,G,C,1.0,draw
1359,turntaking,4,D,J,I,H,F,I,J,F,H,A,D,B,C,I,A,F,B,H,D,E,1.0,draw
1359,turntaking,5,E,A,D,A,D,A,G,A,C,J,C,G,A,F,E,H,G,C,I,A,1.0,draw
1359,radicaleq,6,F,B,J,C,J,B,E,B,E,B,E,H,E,H,B,C,I,A,F,B,1.0,draw
1360,radicaleq,1,A,G,G,E,E,G,C,H,D,I,G,F,I,J,D,G,J,D,E,J,1.0,draw
1360,radicaleq,2,B,H,H,F,I,E,F,C,J,D,H,A,F,B,C,I,A,F,B,H,1.0,draw
1360,radicaleq,3,C,I,C,G,B,H,D,I,G,F,I,J,D,G,J,D,E,J,G,C,1.0,draw
1360,turntaking,4,D,J,I,H,F,I,J,F,H,A,D,B,C,I,A,F,B,H,D,E,1.0,draw
1360,turntaking,5,E,A,D,A,D,A,G,A,C,J,C,G,A,F,E,H,G,C,I,A,1.0,draw
1360,turntaking,6,F,B,J,C,J,B,E,B,E,B,E,H,E,H,B,C,I,A,F,B,1.0,draw
1361,rotate0,1,A,A,A,A,A,A,A,A,A,A,A,A,A,A,A,A,A,A,A,A,0.95,turntaking
1361,rotate0,2,B,B,B,B,B,B,B,B,B,B,B,B,B,B,B,B,B,B,B,B,1.0,turntaking
1361,turntaking,3,C,I,I,E,E,E,E,J,J,I,E,D,J,J,E,D,I,J,E,D,1.0,turntaking
1361,turntaking,4,D,J,D,I,J,D,I,E,D,J,I,E,D,I,J,E,D,I,J,E,1.0,turntaking
1361,turntaking,5,E,A,J,D,I,J,D,I,E,D,J,I,E,D,I,J,E,D,I,J,0.95,turntaking
1361,rotate0,6,F,F,F,F,F,F,F,F,F,F,F,F,F,F,F,F,F,F,F,F,1.0,turntaking
1362,turntaking,1,A,G,G,G,F,F,H,G,B,F,H,G,B,F,H,G,B,F,H,G,1.0,draw
1362,turntaking,2,B,H,H,H,G,B,F,H,G,B,F,H,G,B,F,H,G,B,F,H,1.0,draw
1362,rotate0,3,C,C,C,C,C,C,C,C,C,C,C,C,C,C,C,C,C,C,C,C,1.0,draw
1362,rotate0,4,D,D,D,D,D,D,D,D,D,D,D,D,D,D,D,D,D,D,D,D,1.0,draw
1362,rotate0,5,E,E,E,E,E,E,E,E,E,E,E,E,E,E,E,E,E,E,E,E,1.0,draw
1362,turntaking,6,F,B,F,B,H,G,B,F,H,G,B,F,H,G,B,F,H,G,B,F,1.0,draw
1363,rotate0,1,A,A,A,A,A,A,A,A,A,A,A,A,A,A,A,A,A,A,A,A,1.0,draw
1363,turntaking,2,B,H,C,J,J,J,J,D,D,D,J,I,I,D,J,C,C,D,J,I,1.0,draw
1363,turntaking,3,C,I,I,C,D,I,C,J,I,C,D,J,C,I,D,J,I,C,D,J,1.0,draw
1363,turntaking,4,D,J,D,I,C,D,I,C,J,I,C,D,J,C,I,D,J,I,C,D,1.0,draw
1363,rotate0,5,E,E,E,E,E,E,E,E,E,E,E,E,E,E,E,E,E,E,E,E,1.0,draw
1363,rotate0,6,F,F,F,F,F,F,F,F,F,F,F,F,F,F,F,F,F,F,F,F,1.0,draw
1364,rotate0,1,A,A,A,A,A,A,A,A,A,A,A,A,A,A,A,A,A,A,A,A,0.95,turntaking
1364,turntaking,2,B,H,H,E,E,E,E,I,I,I,E,C,H,I,E,C,H,I,E,C,1.0,turntaking
1364,turntaking,3,C,I,C,H,I,C,H,E,C,H,I,E,C,H,I,E,C,H,I,E,1.0,turntaking
1364,rotate0,4,D,D,D,D,D,D,D,D,D,D,D,D,D,D,D,D,D,D,D,D,1.0,turntaking
1364,turntaking,5,E,A,I,C,H,I,C,H,E,C,H,I,E,C,H,I,E,C,H,I,0.95,turntaking
1364,rotate0,6,F,F,F,F,F,F,F,F,F,F,F,F,F,F,F,F,F,F,F,F,1.0,turntaking
1365,turntaking,1,A,G,B,B,E,A,H,B,E,A,H,B,E,A,H,B,E,A,H,B,1.0,draw
1365,turntaking,2,B,H,H,H,B,E,A,H,B,E,A,H,B,E,A,H,B,E,A,H,1.0,draw
1365,rotate0,3,C,C,C,C,C,C,C,C,C,C,C,C,C,C,C,C,C,C,C,C,1.0,draw
1365,rotate0,4,D,D,D,D,D,D,D,D,D,D,D,D,D,D,D,D,D,D,D,D,1.0,draw
1365,turntaking,5,E,A,E,A,H,B,E,A,H,B,E,A,H,B,E,A,H,B,E,A,1.0,draw
1365,rotate0,6,F,F,F,F,F,F,F,F,F,F,F,F,F,F,F,F,F,F,F,F,1.0,draw
1366,rotate0,1,A,A,A,A,A,A,A,A,A,A,A,A,A,A,A,A,A,A,A,A,0.95,turntaking
1366,turntaking,2,B,H,H,E,E,E,E,J,J,J,E,D,H,J,E,D,H,H,E,D,1.0,turntaking
1366,rotate0,3,C,C,C,C,C,C,C,C,C,C,C,C,C,C,C,C,C,C,C,C,1.0,turntaking
1366,turntaking,4,D,J,D,H,J,D,H,E,D,H,J,E,D,H,J,E,D,J,H,E,1.0,turntaking
1366,turntaking,5,E,A,J,D,H,J,D,H,E,D,H,J,E,D,H,J,E,D,J,H,0.95,turntaking
1366,rotate0,6,F,F,F,F,F,F,F,F,F,F,F,F,F,F,F,F,F,F,F,F,1.0,turntaking
1367,rotate0,1,A,A,A,A,A,A,A,A,A,A,A,A,A,A,A,A,A,A,A,A,0.95,draw
1367,rotate0,2,B,B,B,B,B,B,B,B,B,B,B,B,B,B,B,B,B,B,B,B,0.95,draw
1367,rotate0,3,C,C,C,C,C,C,C,C,C,C,C,C,C,C,C,C,C,C,C,C,1.0,draw
1367,turntaking,4,D,J,D,F,F,F,F,E,J,D,F,E,J,D,F,E,E,D,F,J,1.0,draw
1367,turntaking,5,E,A,J,D,E,J,D,F,E,J,D,F,E,J,D,F,J,E,D,F,0.95,draw
1367,turntaking,6,F,B,E,J,D,E,J,D,F,E,J,D,F,E,J,D,F,J,E,D,0.95,draw
1368,turntaking,1,A,G,D,D,E,E,E,E,J,J,D,E,A,J,J,E,A,D,J,E,1.0,draw
1368,rotate0,2,B,B,B,B,B,B,B,B,B,B,B,B,B,B,B,B,B,B,B,B,1.0,draw
1368,rotate0,3,C,C,C,C,C,C,C,C,C,C,C,C,C,C,C,C,C,C,C,C,1.0,draw
1368,turntaking,4,D,J,J,A,D,J,A,D,E,A,J,D,E,A,D,J,E,A,D,J,1.0,draw
1368,turntaking,5,E,A,E,J,A,D,J,A,D,E,A,J,D,E,A,D,J,E,A,D,1.0,draw
1368,rotate0,6,F,F,F,F,F,F,F,F,F,F,F,F,F,F,F,F,F,F,F,F,1.0,draw
1369,rotate0,1,A,A,A,A,A,A,A,A,A,A,A,A,A,A,A,A,A,A,A,A,1.0,turntaking
1369,rotate0,2,B,B,B,B,B,B,B,B,B,B,B,B,B,B,B,B,B,B,B,B,0.95,turntaking
1369,turntaking,3,C,I,I,F,F,F,F,J,J,I,F,D,J,I,F,D,J,I,F,D,1.0,turntaking
1369,turntaking,4,D,J,D,I,J,D,I,F,D,J,I,F,D,J,I,F,D,J,I,F,1.0,turntaking
1369,rotate0,5,E,E,E,E,E,E,E,E,E,E,E,E,E,E,E,E,E,E,E,E,1.0,turntaking
1369,turntaking,6,F,B,J,D,I,J,D,I,F,D,J,I,F,D,J,I,F,D,J,I,0.95,turntaking
1370,turntaking,1,A,G,C,C,E,E,E,C,I,I,E,C,A,I,E,C,A,I,E,C,1.0,draw
1370,rotate0,2,B,B,B,B,B,B,B,B,B,B,B,B,B,B,B,B,B,B,B,B,1.0,draw
1370,turntaking,3,C,I,I,A,C,I,A,E,C,A,I,E,C,A,I,E,C,A,I,E,1.0,draw
1370,rotate0,4,D,D,D,D,D,D,D,D,D,D,D,D,D,D,D,D,D,D,D,D,1.0,draw
1370,turntaking,5,E,A,E,I,A,C,I,A,E,C,A,I,E,C,A,I,E,C,A,I,1.0,draw
1370,rotate0,6,F,F,F,F,F,F,F,F,F,F,F,F,F,F,F,F,F,F,F,F,1.0,draw
1371,turntaking,1,A,G,C,J,J,J,J,D,D,D,J,I,I,D,J,C,C,D,J,I,1.0,draw
1371,rotate0,2,B,B,B,B,B,B,B,B,B,B,B,B,B,B,B,B,B,B,B,B,1.0,draw
1371,turntaking,3,C,I,I,C,D,I,C,J,I,C,D,J,C,I,D,J,I,C,D,J,1.0,draw
1371,turntaking,4,D,J,D,I,C,D,I,C,J,I,C,D,J,C,I,D,J,I,C,D,1.0,draw
1371,rotate0,5,E,E,E,E,E,E,E,E,E,E,E,E,E,E,E,E,E,E,E,E,1.0,draw
1371,rotate0,6,F,F,F,F,F,F,F,F,F,F,F,F,F,F,F,F,F,F,F,F,1.0,draw
1372,rotate0,1,A,A,A,A,A,A,A,A,A,A,A,A,A,A,A,A,A,A,A,A,0.95,draw
1372,rotate0,2,B,B,B,B,B,B,B,B,B,B,B,B,B,B,B,B,B,B,B,B,0.95,draw
1372,turntaking,3,C,I,C,F,F,F,F,E,I,C,F,E,E,C,F,I,E,C,F,I,1.0,draw
1372,rotate0,4,D,D,D,D,D,D,D,D,D,D,D,D,D,D,D,D,D,D,D,D,1.0,draw
1372,turntaking,5,E,A,I,C,E,I,C,F,E,I,C,F,I,E,C,F,I,E,C,F,0.95,draw
1372,turntaking,6,F,B,E,I,C,E,I,C,F,E,I,C,F,I,E,C,F,I,E,C,0.95,draw
1373,rotate0,1,A,A,A,A,A,A,A,A,A,A,A,A,A,A,A,A,A,A,A,A,0.95,draw
1373,turntaking,2,B,H,H,H,F,F,F,F,E,E,H,F,B,E,H,F,B,E,H,F,1.0,draw
1373,rotate0,3,C,C,C,C,C,C,C,C,C,C,C,C,C,C,C,C,C,C,C,C,1.0,draw
1373,rotate0,4,D,D,D,D,D,D,D,D,D,D,D,D,D,D,D,D,D,D,D,D,1.0,draw
1373,turntaking,5,E,A,F,E,B,H,E,B,H,F,B,E,H,F,B,E,H,F,B,E,0.95,draw
1373,turntaking,6,F,B,E,B,H,E,B,H,F,B,E,H,F,B,E,H,F,B,E,H,1.0,draw
1374,turntaking,1,A,G,G,F,F,F,F,J,J,J,F,D,G,G,F,D,J,G,F,D,1.0,turntaking
1374,rotate0,2,B,B,B,B,B,B,B,B,B,B,B,B,B,B,B,B,B,B,B,B,0.95,turntaking
1374,rotate0,3,C,C,C,C,C,C,C,C,C,C,C,C,C,C,C,C,C,C,C,C,1.0,turntaking
1374,turntaking,4,D,J,D,G,J,D,G,F,D,G,J,F,D,J,G,F,D,J,G,F,1.0,turntaking
1374,rotate0,5,E,E,E,E,E,E,E,E,E,E,E,E,E,E,E,E,E,E,E,E,1.0,turntaking
1374,turntaking,6,F,B,J,D,G,J,D,G,F,D,G,J,F,D,J,G,F,D,J,G,0.95,turntaking
1375,turntaking,1,A,G,G,F,F,F,F,I,I,G,F,C,I,G,F,C,I,G,F,C,1.0,turntaking
1375,rotate0,2,B,B,B,B,B,B,B,B,B,B,B,B,B,B,B,B,B,B,B,B,0.95,turntaking
1375,turntaking,3,C,I,C,G,I,C,G,F,C,I,G,F,C,I,G,F,C,I,G,F,1.0,turntaking
1375,rotate0,4,D,D,D,D,D,D,D,D,D,D,D,D,D,D,D,D,D,D,D,D,1.0,turntaking
1375,rotate0,5,E,E,E,E,E,E,E,E,E,E,E,E,E,E,E,E,E,E,E,E,1.0,turntaking
1375,turntaking,6,F,B,I,C,G,I,C,G,F,C,I,G,F,C,I,G,F,C,I,G,0.95,turntaking
1376,turntaking,1,A,G,B,I,I,I,I,C,C,B,I,H,C,B,I,H,C,B,I,H,1.0,draw
1376,turntaking,2,B,H,H,B,C,H,B,I,H,C,B,I,H,C,B,I,H,C,B,I,1.0,draw
1376,turntaking,3,C,I,C,H,B,C,H,B,I,H,C,B,I,H,C,B,I,H,C,B,1.0,draw
1376,rotate0,4,D,D,D,D,D,D,D,D,D,D,D,D,D,D,D,D,D,D,D,D,1.0,draw
1376,rotate0,5,E,E,E,E,E,E,E,E,E,E,E,E,E,E,E,E,E,E,E,E,1.0,draw
1376,rotate0,6,F,F,F,F,F,F,F,F,F,F,F,F,F,F,F,F,F,F,F,F,1.0,draw
1377,turntaking,1,A,G,G,G,F,F,F,G,E,A,F,G,E,E,F,G,A,E,F,G,1.0,turntaking
1377,rotate0,2,B,B,B,B,B,B,B,B,B,B,B,B,B,B,B,B,B,B,B,B,0.95,turntaking
1377,rotate0,3,C,C,C,C,C,C,C,C,C,C,C,C,C,C,C,C,C,C,C,C,1.0,turntaking
1377,rotate0,4,D,D,D,D,D,D,D,D,D,D,D,D,D,D,D,D,D,D,D,D,1.0,turntaking
1377,turntaking,5,E,A,E,A,G,E,A,F,G,E,A,F,G,A,E,F,G,A,E,F,1.0,turntaking
1377,turntaking,6,F,B,F,E,A,G,E,A,F,G,E,A,F,G,A,E,F,G,A,E,0.95,turntaking
1378,turntaking,1,A,G,B,J,J,J,J,D,H,B,J,D,H,B,J,D,H,B,J,D,1.0,draw
1378,turntaking,2,B,H,H,B,D,H,B,J,D,H,B,J,D,H,B,J,D,H,B,J,1.0,draw
1378,rotate0,3,C,C,C,C,C,C,C,C,C,C,C,C,C,C,C,C,C,C,C,C,1.0,draw
1378,turntaking,4,D,J,D,H,B,D,H,B,J,D,H,B,J,D,H,B,J,D,H,B,1.0,draw
1378,rotate0,5,E,E,E,E,E,E,E,E,E,E,E,E,E,E,E,E,E,E,E,E,1.0,draw
1378,rotate0,6,F,F,F,F,F,F,F,F,F,F,F,F,F,F,F,F,F,F,F,F,1.0,draw
1379,rotate0,1,A,A,A,A,A,A,A,A,A,A,A,A,A,A,A,A,A,A,A,A,1.0,draw
1379,turntaking,2,B,H,C,C,F,B,I,C,F,B,I,C,F,B,I,C,F,B,I,C,1.0,draw
1379,turntaking,3,C,I,I,I,C,F,B,I,C,F,B,I,C,F,B,I,C,F,B,I,1.0,draw
1379,rotate0,4,D,D,D,D,D,D,D,D,D,D,D,D,D,D,D,D,D,D,D,D,1.0,draw
1379,rotate0,5,E,E,E,E,E,E,E,E,E,E,E,E,E,E,E,E,E,E,E,E,1.0,draw
1379,turntaking,6,F,B,F,B,I,C,F,B,I,C,F,B,I,C,F,B,I,C,F,B,1.0,draw
1380,rotate0,1,A,A,A,A,A,A,A,A,A,A,A,A,A,A,A,A,A,A,A,A,1.0,draw
1380,turntaking,2,B,H,D,D,F,F,F,D,J,J,F,D,B,J,F,D,B,J,F,D,1.0,draw
1380,rotate0,3,C,C,C,C,C,C,C,C,C,C,C,C,C,C,C,C,C,C,C,C,1.0,draw
1380,turntaking,4,D,J,J,B,D,J,B,F,D,B,J,F,D,B,J,F,D,B,J,F,1.0,draw
1380,rotate0,5,E,E,E,E,E,E,E,E,E,E,E,E,E,E,E,E,E,E,E,E,1.0,draw
1380,turntaking,6,F,B,F,J,B,D,J,B,F,D,B,J,F,D,B,J,F,D,B,J,1.0,draw
1381,caste,1,A,G,G,E,E,G,C,H,D,I,G,F,I,J,D,G,J,D,E,J,1.0,draw
1381,turntaking,2,B,H,H,F,I,E,F,C,J,D,H,A,F,B,C,I,A,F,B,H,1.0,draw
1381,turntaking,3,C,I,C,G,B,H,D,I,G,F,I,J,D,G,J,D,E,J,G,C,1.0,draw
1381,caste,4,D,J,I,H,F,I,J,F,H,A,D,B,C,I,A,F,B,H,D,E,1.0,draw
1381,caste,5,E,A,D,A,D,A,G,A,C,J,C,G,A,F,E,H,G,C,I,A,1.0,draw
1381,turntaking,6,F,B,J,C,J,B,E,B,E,B,E,H,E,H,B,C,I,A,F,B,1.0,draw
1382,turntaking,1,A,G,G,E,E,G,C,H,D,I,G,F,I,J,D,G,J,D,E,J,1.0,draw
1382,caste,2,B,H,H,F,I,E,F,C,J,D,H,A,F,B,C,I,A,F,B,H,1.0,draw
1382,caste,3,C,I,C,G,B,H,D,I,G,F,I,J,D,G,J,D,E,J,G,C,1.0,draw
1382,turntaking,4,D,J,I,H,F,I,J,F,H,A,D,B,C,I,A,F,B,H,D,E,1.0,draw
1382,caste,5,E,A,D,A,D,A,G,A,C,J,C,G,A,F,E,H,G,C,I,A,1.0,draw
1382,turntaking,6,F,B,J,C,J,B,E,B,E,B,E,H,E,H,B,C,I,A,F,B,1.0,draw
1383,turntaking,1,A,G,G,E,E,G,C,H,D,I,G,F,I,J,D,G,J,D,E,J,1.0,draw
1383,turntaking,2,B,H,H,F,I,E,F,C,J,D,H,A,F,B,C,I,A,F,B,H,1.0,draw
1383,turntaking,3,C,I,C,G,B,H,D,I,G,F,I,J,D,G,J,D,E,J,G,C,1.0,draw
1383,caste,4,D,J,I,H,F,I,J,F,H,A,D,B,C,I,A,F,B,H,D,E,1.0,draw
1383,caste,5,E,A,D,A,D,A,G,A,C,J,C,G,A,F,E,H,G,C,I,A,1.0,draw
1383,caste,6,F,B,J,C,J,B,E,B,E,B,E,H,E,H,B,C,I,A,F,B,1.0,draw
1384,caste,1,A,G,G,E,E,G,C,H,D,I,G,F,I,J,D,G,J,D,E,J,1.0,draw
1384,caste,2,B,H,H,F,I,E,F,C,J,D,H,A,F,B,C,I,A,F,B,H,1.0,draw
1384,turntaking,3,C,I,C,G,B,H,D,I,G,F,I,J,D,G,J,D,E,J,G,C,1.0,draw
1384,turntaking,4,D,J,I,H,F,I,J,F,H,A,D,B,C,I,A,F,B,H,D,E,1.0,draw
1384,turntaking,5,E,A,D,A,D,A,G,A,C,J,C,G,A,F,E,H,G,C,I,A,1.0,draw
1384,caste,6,F,B,J,C,J,B,E,B,E,B,E,H,E,H,B,C,I,A,F,B,1.0,draw
1385,turntaking,1,A,G,G,E,E,G,C,H,D,I,G,F,I,J,D,G,J,D,E,J,1.0,draw
1385,caste,2,B,H,H,F,I,E,F,C,J,D,H,A,F,B,C,I,A,F,B,H,1.0,draw
1385,turntaking,3,C,I,C,G,B,H,D,I,G,F,I,J,D,G,J,D,E,J,G,C,1.0,draw
1385,caste,4,D,J,I,H,F,I,J,F,H,A,D,B,C,I,A,F,B,H,D,E,1.0,draw
1385,turntaking,5,E,A,D,A,D,A,G,A,C,J,C,G,A,F,E,H,G,C,I,A,1.0,draw
1385,caste,6,F,B,J,C,J,B,E,B,E,B,E,H,E,H,B,C,I,A,F,B,1.0,draw
1386,caste,1,A,G,G,E,E,G,C,H,D,I,G,F,I,J,D,G,J,D,E,J,1.0,draw
1386,turntaking,2,B,H,H,F,I,E,F,C,J,D,H,A,F,B,C,I,A,F,B,H,1.0,draw
1386,turntaking,3,C,I,C,G,B,H,D,I,G,F,I,J,D,G,J,D,E,J,G,C,1.0,draw
1386,turntaking,4,D,J,I,H,F,I,J,F,H,A,D,B,C,I,A,F,B,H,D,E,1.0,draw
1386,caste,5,E,A,D,A,D,A,G,A,C,J,C,G,A,F,E,H,G,C,I,A,1.0,draw
1386,caste,6,F,B,J,C,J,B,E,B,E,B,E,H,E,H,B,C,I,A,F,B,1.0,draw
1387,caste,1,A,G,G,E,E,G,C,H,D,I,G,F,I,J,D,G,J,D,E,J,1.0,draw
1387,turntaking,2,B,H,H,F,I,E,F,C,J,D,H,A,F,B,C,I,A,F,B,H,1.0,draw
1387,caste,3,C,I,C,G,B,H,D,I,G,F,I,J,D,G,J,D,E,J,G,C,1.0,draw
1387,caste,4,D,J,I,H,F,I,J,F,H,A,D,B,C,I,A,F,B,H,D,E,1.0,draw
1387,turntaking,5,E,A,D,A,D,A,G,A,C,J,C,G,A,F,E,H,G,C,I,A,1.0,draw
1387,turntaking,6,F,B,J,C,J,B,E,B,E,B,E,H,E,H,B,C,I,A,F,B,1.0,draw
1388,caste,1,A,G,G,E,E,G,C,H,D,I,G,F,I,J,D,G,J,D,E,J,1.0,draw
1388,turntaking,2,B,H,H,F,I,E,F,C,J,D,H,A,F,B,C,I,A,F,B,H,1.0,draw
1388,caste,3,C,I,C,G,B,H,D,I,G,F,I,J,D,G,J,D,E,J,G,C,1.0,draw
1388,turntaking,4,D,J,I,H,F,I,J,F,H,A,D,B,C,I,A,F,B,H,D,E,1.0,draw
1388,caste,5,E,A,D,A,D,A,G,A,C,J,C,G,A,F,E,H,G,C,I,A,1.0,draw
1388,turntaking,6,F,B,J,C,J,B,E,B,E,B,E,H,E,H,B,C,I,A,F,B,1.0,draw
1389,turntaking,1,A,G,G,E,E,G,C,H,D,I,G,F,I,J,D,G,J,D,E,J,1.0,draw
1389,turntaking,2,B,H,H,F,I,E,F,C,J,D,H,A,F,B,C,I,A,F,B,H,1.0,draw
1389,caste,3,C,I,C,G,B,H,D,I,G,F,I,J,D,G,J,D,E,J,G,C,1.0,draw
1389,turntaking,4,D,J,I,H,F,I,J,F,H,A,D,B,C,I,A,F,B,H,D,E,1.0,draw
1389,caste,5,E,A,D,A,D,A,G,A,C,J,C,G,A,F,E,H,G,C,I,A,1.0,draw
1389,caste,6,F,B,J,C,J,B,E,B,E,B,E,H,E,H,B,C,I,A,F,B,1.0,draw
1390,caste,1,A,G,G,E,E,G,C,H,D,I,G,F,I,J,D,G,J,D,E,J,1.0,draw
1390,turntaking,2,B,H,H,F,I,E,F,C,J,D,H,A,F,B,C,I,A,F,B,H,1.0,draw
1390,caste,3,C,I,C,G,B,H,D,I,G,F,I,J,D,G,J,D,E,J,G,C,1.0,draw
1390,turntaking,4,D,J,I,H,F,I,J,F,H,A,D,B,C,I,A,F,B,H,D,E,1.0,draw
1390,turntaking,5,E,A,D,A,D,A,G,A,C,J,C,G,A,F,E,H,G,C,I,A,1.0,draw
1390,caste,6,F,B,J,C,J,B,E,B,E,B,E,H,E,H,B,C,I,A,F,B,1.0,draw
1391,turntaking,1,A,G,G,E,E,G,C,H,D,I,G,F,I,J,D,G,J,D,E,J,1.0,draw
1391,caste,2,B,H,H,F,I,E,F,C,J,D,H,A,F,B,C,I,A,F,B,H,1.0,draw
1391,turntaking,3,C,I,C,G,B,H,D,I,G,F,I,J,D,G,J,D,E,J,G,C,1.0,draw
1391,caste,4,D,J,I,H,F,I,J,F,H,A,D,B,C,I,A,F,B,H,D,E,1.0,draw
1391,caste,5,E,A,D,A,D,A,G,A,C,J,C,G,A,F,E,H,G,C,I,A,1.0,draw
1391,turntaking,6,F,B,J,C,J,B,E,B,E,B,E,H,E,H,B,C,I,A,F,B,1.0,draw
1392,caste,1,A,G,G,E,E,G,C,H,D,I,G,F,I,J,D,G,J,D,E,J,1.0,draw
1392,caste,2,B,H,H,F,I,E,F,C,J,D,H,A,F,B,C,I,A,F,B,H,1.0,draw
1392,caste,3,C,I,C,G,B,H,D,I,G,F,I,J,D,G,J,D,E,J,G,C,1.0,draw
1392,turntaking,4,D,J,I,H,F,I,J,F,H,A,D,B,C,I,A,F,B,H,D,E,1.0,draw
1392,turntaking,5,E,A,D,A,D,A,G,A,C,J,C,G,A,F,E,H,G,C,I,A,1.0,draw
1392,turntaking,6,F,B,J,C,J,B,E,B,E,B,E,H,E,H,B,C,I,A,F,B,1.0,draw
1393,turntaking,1,A,G,G,E,E,G,C,H,D,I,G,F,I,J,D,G,J,D,E,J,1.0,draw
1393,caste,2,B,H,H,F,I,E,F,C,J,D,H,A,F,B,C,I,A,F,B,H,1.0,draw
1393,turntaking,3,C,I,C,G,B,H,D,I,G,F,I,J,D,G,J,D,E,J,G,C,1.0,draw
1393,turntaking,4,D,J,I,H,F,I,J,F,H,A,D,B,C,I,A,F,B,H,D,E,1.0,draw
1393,caste,5,E,A,D,A,D,A,G,A,C,J,C,G,A,F,E,H,G,C,I,A,1.0,draw
1393,caste,6,F,B,J,C,J,B,E,B,E,B,E,H,E,H,B,C,I,A,F,B,1.0,draw
1394,caste,1,A,G,G,E,E,G,C,H,D,I,G,F,I,J,D,G,J,D,E,J,1.0,draw
1394,caste,2,B,H,H,F,I,E,F,C,J,D,H,A,F,B,C,I,A,F,B,H,1.0,draw
1394,turntaking,3,C,I,C,G,B,H,D,I,G,F,I,J,D,G,J,D,E,J,G,C,1.0,draw
1394,caste,4,D,J,I,H,F,I,J,F,H,A,D,B,C,I,A,F,B,H,D,E,1.0,draw
1394,turntaking,5,E,A,D,A,D,A,G,A,C,J,C,G,A,F,E,H,G,C,I,A,1.0,draw
1394,turntaking,6,F,B,J,C,J,B,E,B,E,B,E,H,E,H,B,C,I,A,F,B,1.0,draw
1395,turntaking,1,A,G,G,E,E,G,C,H,D,I,G,F,I,J,D,G,J,D,E,J,1.0,draw
1395,caste,2,B,H,H,F,I,E,F,C,J,D,H,A,F,B,C,I,A,F,B,H,1.0,draw
1395,caste,3,C,I,C,G,B,H,D,I,G,F,I,J,D,G,J,D,E,J,G,C,1.0,draw
1395,turntaking,4,D,J,I,H,F,I,J,F,H,A,D,B,C,I,A,F,B,H,D,E,1.0,draw
1395,turntaking,5,E,A,D,A,D,A,G,A,C,J,C,G,A,F,E,H,G,C,I,A,1.0,draw
1395,caste,6,F,B,J,C,J,B,E,B,E,B,E,H,E,H,B,C,I,A,F,B,1.0,draw
1396,caste,1,A,G,G,E,E,G,C,H,D,I,G,F,I,J,D,G,J,D,E,J,1.0,draw
1396,turntaking,2,B,H,H,F,I,E,F,C,J,D,H,A,F,B,C,I,A,F,B,H,1.0,draw
1396,turntaking,3,C,I,C,G,B,H,D,I,G,F,I,J,D,G,J,D,E,J,G,C,1.0,draw
1396,caste,4,D,J,I,H,F,I,J,F,H,A,D,B,C,I,A,F,B,H,D,E,1.0,draw
1396,turntaking,5,E,A,D,A,D,A,G,A,C,J,C,G,A,F,E,H,G,C,I,A,1.0,draw
1396,caste,6,F,B,J,C,J,B,E,B,E,B,E,H,E,H,B,C,I,A,F,B,1.0,draw
1397,turntaking,1,A,G,G,E,E,G,C,H,D,I,G,F,I,J,D,G,J,D,E,J,1.0,draw
1397,turntaking,2,B,H,H,F,I,E,F,C,J,D,H,A,F,B,C,I,A,F,B,H,1.0,draw
1397,caste,3,C,I,C,G,B,H,D,I,G,F,I,J,D,G,J,D,E,J,G,C,1.0,draw
1397,caste,4,D,J,I,H,F,I,J,F,H,A,D,B,C,I,A,F,B,H,D,E,1.0,draw
1397,caste,5,E,A,D,A,D,A,G,A,C,J,C,G,A,F,E,H,G,C,I,A,1.0,draw
1397,turntaking,6,F,B,J,C,J,B,E,B,E,B,E,H,E,H,B,C,I,A,F,B,1.0,draw
1398,caste,1,A,G,G,E,E,G,C,H,D,I,G,F,I,J,D,G,J,D,E,J,1.0,draw
1398,caste,2,B,H,H,F,I,E,F,C,J,D,H,A,F,B,C,I,A,F,B,H,1.0,draw
1398,turntaking,3,C,I,C,G,B,H,D,I,G,F,I,J,D,G,J,D,E,J,G,C,1.0,draw
1398,turntaking,4,D,J,I,H,F,I,J,F,H,A,D,B,C,I,A,F,B,H,D,E,1.0,draw
1398,caste,5,E,A,D,A,D,A,G,A,C,J,C,G,A,F,E,H,G,C,I,A,1.0,draw
1398,turntaking,6,F,B,J,C,J,B,E,B,E,B,E,H,E,H,B,C,I,A,F,B,1.0,draw
1399,turntaking,1,A,G,G,E,E,G,C,H,D,I,G,F,I,J,D,G,J,D,E,J,1.0,draw
1399,turntaking,2,B,H,H,F,I,E,F,C,J,D,H,A,F,B,C,I,A,F,B,H,1.0,draw
1399,caste,3,C,I,C,G,B,H,D,I,G,F,I,J,D,G,J,D,E,J,G,C,1.0,draw
1399,caste,4,D,J,I,H,F,I,J,F,H,A,D,B,C,I,A,F,B,H,D,E,1.0,draw
1399,turntaking,5,E,A,D,A,D,A,G,A,C,J,C,G,A,F,E,H,G,C,I,A,1.0,draw
1399,caste,6,F,B,J,C,J,B,E,B,E,B,E,H,E,H,B,C,I,A,F,B,1.0,draw
1400,turntaking,1,A,G,G,E,E,G,C,H,D,I,G,F,I,J,D,G,J,D,E,J,1.0,draw
1400,caste,2,B,H,H,F,I,E,F,C,J,D,H,A,F,B,C,I,A,F,B,H,1.0,draw
1400,caste,3,C,I,C,G,B,H,D,I,G,F,I,J,D,G,J,D,E,J,G,C,1.0,draw
1400,caste,4,D,J,I,H,F,I,J,F,H,A,D,B,C,I,A,F,B,H,D,E,1.0,draw
1400,turntaking,5,E,A,D,A,D,A,G,A,C,J,C,G,A,F,E,H,G,C,I,A,1.0,draw
1400,turntaking,6,F,B,J,C,J,B,E,B,E,B,E,H,E,H,B,C,I,A,F,B,1.0,draw
1401,turntaking,1,A,G,G,E,E,G,C,H,D,I,G,F,I,J,D,G,J,D,E,J,1.0,draw
1401,turntaking,2,B,H,H,F,I,E,F,C,J,D,H,A,F,B,C,I,A,F,B,H,1.0,draw
1401,equalize,3,C,I,C,G,B,H,D,I,G,F,I,J,D,G,J,D,E,J,G,C,1.0,draw
1401,equalize,4,D,J,I,H,F,I,J,F,H,A,D,B,C,I,A,F,B,H,D,E,1.0,draw
1401,turntaking,5,E,A,D,A,D,A,G,A,C,J,C,G,A,F,E,H,G,C,I,A,1.0,draw
1401,equalize,6,F,B,J,C,J,B,E,B,E,B,E,H,E,H,B,C,I,A,F,B,1.0,draw
1402,equalize,1,A,G,G,E,E,G,C,H,D,I,G,F,I,J,D,G,J,D,E,J,1.0,draw
1402,turntaking,2,B,H,H,F,I,E,F,C,J,D,H,A,F,B,C,I,A,F,B,H,1.0,draw
1402,turntaking,3,C,I,C,G,B,H,D,I,G,F,I,J,D,G,J,D,E,J,G,C,1.0,draw
1402,turntaking,4,D,J,I,H,F,I,J,F,H,A,D,B,C,I,A,F,B,H,D,E,1.0,draw
1402,equalize,5,E,A,D,A,D,A,G,A,C,J,C,G,A,F,E,H,G,C,I,A,1.0,draw
1402,equalize,6,F,B,J,C,J,B,E,B,E,B,E,H,E,H,B,C,I,A,F,B,1.0,draw
1403,equalize,1,A,G,G,E,E,G,C,H,D,I,G,F,I,J,D,G,J,D,E,J,1.0,draw
1403,turntaking,2,B,H,H,F,I,E,F,C,J,D,H,A,F,B,C,I,A,F,B,H,1.0,draw
1403,equalize,3,C,I,C,G,B,H,D,I,G,F,I,J,D,G,J,D,E,J,G,C,1.0,draw
1403,turntaking,4,D,J,I,H,F,I,J,F,H,A,D,B,C,I,A,F,B,H,D,E,1.0,draw
1403,turntaking,5,E,A,D,A,D,A,G,A,C,J,C,G,A,F,E,H,G,C,I,A,1.0,draw
1403,equalize,6,F,B,J,C,J,B,E,B,E,B,E,H,E,H,B,C,I,A,F,B,1.0,draw
1404,equalize,1,A,G,G,E,E,G,C,H,D,I,G,F,I,J,D,G,J,D,E,J,1.0,draw
1404,turntaking,2,B,H,H,F,I,E,F,C,J,D,H,A,F,B,C,I,A,F,B,H,1.0,draw
1404,equalize,3,C,I,C,G,B,H,D,I,G,F,I,J,D,G,J,D,E,J,G,C,1.0,draw
1404,turntaking,4,D,J,I,H,F,I,J,F,H,A,D,B,C,I,A,F,B,H,D,E,1.0,draw
1404,equalize,5,E,A,D,A,D,A,G,A,C,J,C,G,A,F,E,H,G,C,I,A,1.0,draw
1404,turntaking,6,F,B,J,C,J,B,E,B,E,B,E,H,E,H,B,C,I,A,F,B,1.0,draw
1405,equalize,1,A,G,G,E,E,G,C,H,D,I,G,F,I,J,D,G,J,D,E,J,1.0,draw
1405,equalize,2,B,H,H,F,I,E,F,C,J,D,H,A,F,B,C,I,A,F,B,H,1.0,draw
1405,turntaking,3,C,I,C,G,B,H,D,I,G,F,I,J,D,G,J,D,E,J,G,C,1.0,draw
1405,turntaking,4,D,J,I,H,F,I,J,F,H,A,D,B,C,I,A,F,B,H,D,E,1.0,draw
1405,turntaking,5,E,A,D,A,D,A,G,A,C,J,C,G,A,F,E,H,G,C,I,A,1.0,draw
1405,equalize,6,F,B,J,C,J,B,E,B,E,B,E,H,E,H,B,C,I,A,F,B,1.0,draw
1406,turntaking,1,A,G,G,E,E,G,C,H,D,I,G,F,I,J,D,G,J,D,E,J,1.0,draw
1406,turntaking,2,B,H,H,F,I,E,F,C,J,D,H,A,F,B,C,I,A,F,B,H,1.0,draw
1406,equalize,3,C,I,C,G,B,H,D,I,G,F,I,J,D,G,J,D,E,J,G,C,1.0,draw
1406,turntaking,4,D,J,I,H,F,I,J,F,H,A,D,B,C,I,A,F,B,H,D,E,1.0,draw
1406,equalize,5,E,A,D,A,D,A,G,A,C,J,C,G,A,F,E,H,G,C,I,A,1.0,draw
1406,equalize,6,F,B,J,C,J,B,E,B,E,B,E,H,E,H,B,C,I,A,F,B,1.0,draw
1407,turntaking,1,A,G,G,E,E,G,C,H,D,I,G,F,I,J,D,G,J,D,E,J,1.0,draw
1407,turntaking,2,B,H,H,F,I,E,F,C,J,D,H,A,F,B,C,I,A,F,B,H,1.0,draw
1407,equalize,3,C,I,C,G,B,H,D,I,G,F,I,J,D,G,J,D,E,J,G,C,1.0,draw
1407,equalize,4,D,J,I,H,F,I,J,F,H,A,D,B,C,I,A,F,B,H,D,E,1.0,draw
1407,equalize,5,E,A,D,A,D,A,G,A,C,J,C,G,A,F,E,H,G,C,I,A,1.0,draw
1407,turntaking,6,F,B,J,C,J,B,E,B,E,B,E,H,E,H,B,C,I,A,F,B,1.0,draw
1408,equalize,1,A,G,G,E,E,G,C,H,D,I,G,F,I,J,D,G,J,D,E,J,1.0,draw
1408,turntaking,2,B,H,H,F,I,E,F,C,J,D,H,A,F,B,C,I,A,F,B,H,1.0,draw
1408,turntaking,3,C,I,C,G,B,H,D,I,G,F,I,J,D,G,J,D,E,J,G,C,1.0,draw
1408,equalize,4,D,J,I,H,F,I,J,F,H,A,D,B,C,I,A,F,B,H,D,E,1.0,draw
1408,turntaking,5,E,A,D,A,D,A,G,A,C,J,C,G,A,F,E,H,G,C,I,A,1.0,draw
1408,equalize,6,F,B,J,C,J,B,E,B,E,B,E,H,E,H,B,C,I,A,F,B,1.0,draw
1409,turntaking,1,A,G,G,E,E,G,C,H,D,I,G,F,I,J,D,G,J,D,E,J,1.0,draw
1409,equalize,2,B,H,H,F,I,E,F,C,J,D,H,A,F,B,C,I,A,F,B,H,1.0,draw
1409,turntaking,3,C,I,C,G,B,H,D,I,G,F,I,J,D,G,J,D,E,J,G,C,1.0,draw
1409,equalize,4,D,J,I,H,F,I,J,F,H,A,D,B,C,I,A,F,B,H,D,E,1.0,draw
1409,equalize,5,E,A,D,A,D,A,G,A,C,J,C,G,A,F,E,H,G,C,I,A,1.0,draw
1409,turntaking,6,F,B,J,C,J,B,E,B,E,B,E,H,E,H,B,C,I,A,F,B,1.0,draw
1410,equalize,1,A,G,G,E,E,G,C,H,D,I,G,F,I,J,D,G,J,D,E,J,1.0,draw
1410,equalize,2,B,H,H,F,I,E,F,C,J,D,H,A,F,B,C,I,A,F,B,H,1.0,draw
1410,turntaking,3,C,I,C,G,B,H,D,I,G,F,I,J,D,G,J,D,E,J,G,C,1.0,draw
1410,equalize,4,D,J,I,H,F,I,J,F,H,A,D,B,C,I,A,F,B,H,D,E,1.0,draw
1410,turntaking,5,E,A,D,A,D,A,G,A,C,J,C,G,A,F,E,H,G,C,I,A,1.0,draw
1410,turntaking,6,F,B,J,C,J,B,E,B,E,B,E,H,E,H,B,C,I,A,F,B,1.0,draw
1411,equalize,1,A,G,G,E,E,G,C,H,D,I,G,F,I,J,D,G,J,D,E,J,1.0,draw
1411,turntaking,2,B,H,H,F,I,E,F,C,J,D,H,A,F,B,C,I,A,F,B,H,1.0,draw
1411,turntaking,3,C,I,C,G,B,H,D,I,G,F,I,J,D,G,J,D,E,J,G,C,1.0,draw
1411,equalize,4,D,J,I,H,F,I,J,F,H,A,D,B,C,I,A,F,B,H,D,E,1.0,draw
1411,equalize,5,E,A,D,A,D,A,G,A,C,J,C,G,A,F,E,H,G,C,I,A,1.0,draw
1411,turntaking,6,F,B,J,C,J,B,E,B,E,B,E,H,E,H,B,C,I,A,F,B,1.0,draw
1412,turntaking,1,A,G,G,E,E,G,C,H,D,I,G,F,I,J,D,G,J,D,E,J,1.0,draw
1412,equalize,2,B,H,H,F,I,E,F,C,J,D,H,A,F,B,C,I,A,F,B,H,1.0,draw
1412,turntaking,3,C,I,C,G,B,H,D,I,G,F,I,J,D,G,J,D,E,J,G,C,1.0,draw
1412,turntaking,4,D,J,I,H,F,I,J,F,H,A,D,B,C,I,A,F,B,H,D,E,1.0,draw
1412,equalize,5,E,A,D,A,D,A,G,A,C,J,C,G,A,F,E,H,G,C,I,A,1.0,draw
1412,equalize,6,F,B,J,C,J,B,E,B,E,B,E,H,E,H,B,C,I,A,F,B,1.0,draw
1413,turntaking,1,A,G,G,E,E,G,C,H,D,I,G,F,I,J,D,G,J,D,E,J,1.0,draw
1413,equalize,2,B,H,H,F,I,E,F,C,J,D,H,A,F,B,C,I,A,F,B,H,1.0,draw
1413,equalize,3,C,I,C,G,B,H,D,I,G,F,I,J,D,G,J,D,E,J,G,C,1.0,draw
1413,equalize,4,D,J,I,H,F,I,J,F,H,A,D,B,C,I,A,F,B,H,D,E,1.0,draw
1413,turntaking,5,E,A,D,A,D,A,G,A,C,J,C,G,A,F,E,H,G,C,I,A,1.0,draw
1413,turntaking,6,F,B,J,C,J,B,E,B,E,B,E,H,E,H,B,C,I,A,F,B,1.0,draw
1414,turntaking,1,A,G,G,E,E,G,C,H,D,I,G,F,I,J,D,G,J,D,E,J,1.0,draw
1414,equalize,2,B,H,H,F,I,E,F,C,J,D,H,A,F,B,C,I,A,F,B,H,1.0,draw
1414,turntaking,3,C,I,C,G,B,H,D,I,G,F,I,J,D,G,J,D,E,J,G,C,1.0,draw
1414,equalize,4,D,J,I,H,F,I,J,F,H,A,D,B,C,I,A,F,B,H,D,E,1.0,draw
1414,turntaking,5,E,A,D,A,D,A,G,A,C,J,C,G,A,F,E,H,G,C,I,A,1.0,draw
1414,equalize,6,F,B,J,C,J,B,E,B,E,B,E,H,E,H,B,C,I,A,F,B,1.0,draw
1415,turntaking,1,A,G,G,E,E,G,C,H,D,I,G,F,I,J,D,G,J,D,E,J,1.0,draw
1415,equalize,2,B,H,H,F,I,E,F,C,J,D,H,A,F,B,C,I,A,F,B,H,1.0,draw
1415,equalize,3,C,I,C,G,B,H,D,I,G,F,I,J,D,G,J,D,E,J,G,C,1.0,draw
1415,turntaking,4,D,J,I,H,F,I,J,F,H,A,D,B,C,I,A,F,B,H,D,E,1.0,draw
1415,turntaking,5,E,A,D,A,D,A,G,A,C,J,C,G,A,F,E,H,G,C,I,A,1.0,draw
1415,equalize,6,F,B,J,C,J,B,E,B,E,B,E,H,E,H,B,C,I,A,F,B,1.0,draw
1416,turntaking,1,A,G,G,E,E,G,C,H,D,I,G,F,I,J,D,G,J,D,E,J,1.0,draw
1416,equalize,2,B,H,H,F,I,E,F,C,J,D,H,A,F,B,C,I,A,F,B,H,1.0,draw
1416,equalize,3,C,I,C,G,B,H,D,I,G,F,I,J,D,G,J,D,E,J,G,C,1.0,draw
1416,turntaking,4,D,J,I,H,F,I,J,F,H,A,D,B,C,I,A,F,B,H,D,E,1.0,draw
1416,equalize,5,E,A,D,A,D,A,G,A,C,J,C,G,A,F,E,H,G,C,I,A,1.0,draw
1416,turntaking,6,F,B,J,C,J,B,E,B,E,B,E,H,E,H,B,C,I,A,F,B,1.0,draw
1417,equalize,1,A,G,G,E,E,G,C,H,D,I,G,F,I,J,D,G,J,D,E,J,1.0,draw
1417,turntaking,2,B,H,H,F,I,E,F,C,J,D,H,A,F,B,C,I,A,F,B,H,1.0,draw
1417,equalize,3,C,I,C,G,B,H,D,I,G,F,I,J,D,G,J,D,E,J,G,C,1.0,draw
1417,equalize,4,D,J,I,H,F,I,J,F,H,A,D,B,C,I,A,F,B,H,D,E,1.0,draw
1417,turntaking,5,E,A,D,A,D,A,G,A,C,J,C,G,A,F,E,H,G,C,I,A,1.0,draw
1417,turntaking,6,F,B,J,C,J,B,E,B,E,B,E,H,E,H,B,C,I,A,F,B,1.0,draw
1418,equalize,1,A,G,G,E,E,G,C,H,D,I,G,F,I,J,D,G,J,D,E,J,1.0,draw
1418,equalize,2,B,H,H,F,I,E,F,C,J,D,H,A,F,B,C,I,A,F,B,H,1.0,draw
1418,turntaking,3,C,I,C,G,B,H,D,I,G,F,I,J,D,G,J,D,E,J,G,C,1.0,draw
1418,turntaking,4,D,J,I,H,F,I,J,F,H,A,D,B,C,I,A,F,B,H,D,E,1.0,draw
1418,equalize,5,E,A,D,A,D,A,G,A,C,J,C,G,A,F,E,H,G,C,I,A,1.0,draw
1418,turntaking,6,F,B,J,C,J,B,E,B,E,B,E,H,E,H,B,C,I,A,F,B,1.0,draw
1419,equalize,1,A,G,G,E,E,G,C,H,D,I,G,F,I,J,D,G,J,D,E,J,1.0,draw
1419,equalize,2,B,H,H,F,I,E,F,C,J,D,H,A,F,B,C,I,A,F,B,H,1.0,draw
1419,equalize,3,C,I,C,G,B,H,D,I,G,F,I,J,D,G,J,D,E,J,G,C,1.0,draw
1419,turntaking,4,D,J,I,H,F,I,J,F,H,A,D,B,C,I,A,F,B,H,D,E,1.0,draw
1419,turntaking,5,E,A,D,A,D,A,G,A,C,J,C,G,A,F,E,H,G,C,I,A,1.0,draw
1419,turntaking,6,F,B,J,C,J,B,E,B,E,B,E,H,E,H,B,C,I,A,F,B,1.0,draw
1420,turntaking,1,A,G,G,E,E,G,C,H,D,I,G,F,I,J,D,G,J,D,E,J,1.0,draw
1420,turntaking,2,B,H,H,F,I,E,F,C,J,D,H,A,F,B,C,I,A,F,B,H,1.0,draw
1420,turntaking,3,C,I,C,G,B,H,D,I,G,F,I,J,D,G,J,D,E,J,G,C,1.0,draw
1420,equalize,4,D,J,I,H,F,I,J,F,H,A,D,B,C,I,A,F,B,H,D,E,1.0,draw
1420,equalize,5,E,A,D,A,D,A,G,A,C,J,C,G,A,F,E,H,G,C,I,A,1.0,draw
1420,equalize,6,F,B,J,C,J,B,E,B,E,B,E,H,E,H,B,C,I,A,F,B,1.0,draw
1421,turntaking,1,A,G,G,E,E,G,C,H,D,I,G,F,I,J,D,G,J,D,E,J,1.0,draw
1421,turntaking,2,B,H,H,F,I,E,F,C,J,D,H,A,F,B,C,I,A,F,B,H,1.0,draw
1421,turntaking,3,C,I,C,G,B,H,D,I,G,F,I,J,D,G,J,D,E,J,G,C,1.0,draw
1421,turntaking,4,D,J,I,H,F,I,J,F,H,A,D,B,C,I,A,F,B,H,D,E,1.0,draw
1421,turntaking,5,E,A,D,A,D,A,G,A,C,J,C,G,A,F,E,H,G,C,I,A,1.0,draw
1421,turntaking,6,F,B,J,C,J,B,E,B,E,B,E,H,E,H,B,C,I,A,F,B,1.0,draw
1422,turntaking,1,A,G,G,E,E,G,C,H,D,I,G,F,I,J,D,G,J,D,E,J,1.0,draw
1422,turntaking,2,B,H,H,F,I,E,F,C,J,D,H,A,F,B,C,I,A,F,B,H,1.0,draw
1422,turntaking,3,C,I,C,G,B,H,D,I,G,F,I,J,D,G,J,D,E,J,G,C,1.0,draw
1422,turntaking,4,D,J,I,H,F,I,J,F,H,A,D,B,C,I,A,F,B,H,D,E,1.0,draw
1422,turntaking,5,E,A,D,A,D,A,G,A,C,J,C,G,A,F,E,H,G,C,I,A,1.0,draw
1422,turntaking,6,F,B,J,C,J,B,E,B,E,B,E,H,E,H,B,C,I,A,F,B,1.0,draw
1423,turntaking,1,A,G,G,E,E,G,C,H,D,I,G,F,I,J,D,G,J,D,E,J,1.0,draw
1423,turntaking,2,B,H,H,F,I,E,F,C,J,D,H,A,F,B,C,I,A,F,B,H,1.0,draw
1423,turntaking,3,C,I,C,G,B,H,D,I,G,F,I,J,D,G,J,D,E,J,G,C,1.0,draw
1423,turntaking,4,D,J,I,H,F,I,J,F,H,A,D,B,C,I,A,F,B,H,D,E,1.0,draw
1423,turntaking,5,E,A,D,A,D,A,G,A,C,J,C,G,A,F,E,H,G,C,I,A,1.0,draw
1423,turntaking,6,F,B,J,C,J,B,E,B,E,B,E,H,E,H,B,C,I,A,F,B,1.0,draw
1424,turntaking,1,A,G,G,E,E,G,C,H,D,I,G,F,I,J,D,G,J,D,E,J,1.0,draw
1424,turntaking,2,B,H,H,F,I,E,F,C,J,D,H,A,F,B,C,I,A,F,B,H,1.0,draw
1424,turntaking,3,C,I,C,G,B,H,D,I,G,F,I,J,D,G,J,D,E,J,G,C,1.0,draw
1424,turntaking,4,D,J,I,H,F,I,J,F,H,A,D,B,C,I,A,F,B,H,D,E,1.0,draw
1424,turntaking,5,E,A,D,A,D,A,G,A,C,J,C,G,A,F,E,H,G,C,I,A,1.0,draw
1424,turntaking,6,F,B,J,C,J,B,E,B,E,B,E,H,E,H,B,C,I,A,F,B,1.0,draw
1425,turntaking,1,A,G,G,E,E,G,C,H,D,I,G,F,I,J,D,G,J,D,E,J,1.0,draw
1425,turntaking,2,B,H,H,F,I,E,F,C,J,D,H,A,F,B,C,I,A,F,B,H,1.0,draw
1425,turntaking,3,C,I,C,G,B,H,D,I,G,F,I,J,D,G,J,D,E,J,G,C,1.0,draw
1425,turntaking,4,D,J,I,H,F,I,J,F,H,A,D,B,C,I,A,F,B,H,D,E,1.0,draw
1425,turntaking,5,E,A,D,A,D,A,G,A,C,J,C,G,A,F,E,H,G,C,I,A,1.0,draw
1425,turntaking,6,F,B,J,C,J,B,E,B,E,B,E,H,E,H,B,C,I,A,F,B,1.0,draw
1426,turntaking,1,A,G,G,E,E,G,C,H,D,I,G,F,I,J,D,G,J,D,E,J,1.0,draw
1426,turntaking,2,B,H,H,F,I,E,F,C,J,D,H,A,F,B,C,I,A,F,B,H,1.0,draw
1426,turntaking,3,C,I,C,G,B,H,D,I,G,F,I,J,D,G,J,D,E,J,G,C,1.0,draw
1426,turntaking,4,D,J,I,H,F,I,J,F,H,A,D,B,C,I,A,F,B,H,D,E,1.0,draw
1426,turntaking,5,E,A,D,A,D,A,G,A,C,J,C,G,A,F,E,H,G,C,I,A,1.0,draw
1426,turntaking,6,F,B,J,C,J,B,E,B,E,B,E,H,E,H,B,C,I,A,F,B,1.0,draw
1427,turntaking,1,A,G,G,E,E,G,C,H,D,I,G,F,I,J,D,G,J,D,E,J,1.0,draw
1427,turntaking,2,B,H,H,F,I,E,F,C,J,D,H,A,F,B,C,I,A,F,B,H,1.0,draw
1427,turntaking,3,C,I,C,G,B,H,D,I,G,F,I,J,D,G,J,D,E,J,G,C,1.0,draw
1427,turntaking,4,D,J,I,H,F,I,J,F,H,A,D,B,C,I,A,F,B,H,D,E,1.0,draw
1427,turntaking,5,E,A,D,A,D,A,G,A,C,J,C,G,A,F,E,H,G,C,I,A,1.0,draw
1427,turntaking,6,F,B,J,C,J,B,E,B,E,B,E,H,E,H,B,C,I,A,F,B,1.0,draw
1428,turntaking,1,A,G,G,E,E,G,C,H,D,I,G,F,I,J,D,G,J,D,E,J,1.0,draw
1428,turntaking,2,B,H,H,F,I,E,F,C,J,D,H,A,F,B,C,I,A,F,B,H,1.0,draw
1428,turntaking,3,C,I,C,G,B,H,D,I,G,F,I,J,D,G,J,D,E,J,G,C,1.0,draw
1428,turntaking,4,D,J,I,H,F,I,J,F,H,A,D,B,C,I,A,F,B,H,D,E,1.0,draw
1428,turntaking,5,E,A,D,A,D,A,G,A,C,J,C,G,A,F,E,H,G,C,I,A,1.0,draw
1428,turntaking,6,F,B,J,C,J,B,E,B,E,B,E,H,E,H,B,C,I,A,F,B,1.0,draw
1429,turntaking,1,A,G,G,E,E,G,C,H,D,I,G,F,I,J,D,G,J,D,E,J,1.0,draw
1429,turntaking,2,B,H,H,F,I,E,F,C,J,D,H,A,F,B,C,I,A,F,B,H,1.0,draw
1429,turntaking,3,C,I,C,G,B,H,D,I,G,F,I,J,D,G,J,D,E,J,G,C,1.0,draw
1429,turntaking,4,D,J,I,H,F,I,J,F,H,A,D,B,C,I,A,F,B,H,D,E,1.0,draw
1429,turntaking,5,E,A,D,A,D,A,G,A,C,J,C,G,A,F,E,H,G,C,I,A,1.0,draw
1429,turntaking,6,F,B,J,C,J,B,E,B,E,B,E,H,E,H,B,C,I,A,F,B,1.0,draw
1430,turntaking,1,A,G,G,E,E,G,C,H,D,I,G,F,I,J,D,G,J,D,E,J,1.0,draw
1430,turntaking,2,B,H,H,F,I,E,F,C,J,D,H,A,F,B,C,I,A,F,B,H,1.0,draw
1430,turntaking,3,C,I,C,G,B,H,D,I,G,F,I,J,D,G,J,D,E,J,G,C,1.0,draw
1430,turntaking,4,D,J,I,H,F,I,J,F,H,A,D,B,C,I,A,F,B,H,D,E,1.0,draw
1430,turntaking,5,E,A,D,A,D,A,G,A,C,J,C,G,A,F,E,H,G,C,I,A,1.0,draw
1430,turntaking,6,F,B,J,C,J,B,E,B,E,B,E,H,E,H,B,C,I,A,F,B,1.0,draw
1431,turntaking,1,A,G,G,E,E,G,C,H,D,I,G,F,I,J,D,G,J,D,E,J,1.0,draw
1431,turntaking,2,B,H,H,F,I,E,F,C,J,D,H,A,F,B,C,I,A,F,B,H,1.0,draw
1431,turntaking,3,C,I,C,G,B,H,D,I,G,F,I,J,D,G,J,D,E,J,G,C,1.0,draw
1431,turntaking,4,D,J,I,H,F,I,J,F,H,A,D,B,C,I,A,F,B,H,D,E,1.0,draw
1431,turntaking,5,E,A,D,A,D,A,G,A,C,J,C,G,A,F,E,H,G,C,I,A,1.0,draw
1431,turntaking,6,F,B,J,C,J,B,E,B,E,B,E,H,E,H,B,C,I,A,F,B,1.0,draw
1432,turntaking,1,A,G,G,E,E,G,C,H,D,I,G,F,I,J,D,G,J,D,E,J,1.0,draw
1432,turntaking,2,B,H,H,F,I,E,F,C,J,D,H,A,F,B,C,I,A,F,B,H,1.0,draw
1432,turntaking,3,C,I,C,G,B,H,D,I,G,F,I,J,D,G,J,D,E,J,G,C,1.0,draw
1432,turntaking,4,D,J,I,H,F,I,J,F,H,A,D,B,C,I,A,F,B,H,D,E,1.0,draw
1432,turntaking,5,E,A,D,A,D,A,G,A,C,J,C,G,A,F,E,H,G,C,I,A,1.0,draw
1432,turntaking,6,F,B,J,C,J,B,E,B,E,B,E,H,E,H,B,C,I,A,F,B,1.0,draw
1433,turntaking,1,A,G,G,E,E,G,C,H,D,I,G,F,I,J,D,G,J,D,E,J,1.0,draw
1433,turntaking,2,B,H,H,F,I,E,F,C,J,D,H,A,F,B,C,I,A,F,B,H,1.0,draw
1433,turntaking,3,C,I,C,G,B,H,D,I,G,F,I,J,D,G,J,D,E,J,G,C,1.0,draw
1433,turntaking,4,D,J,I,H,F,I,J,F,H,A,D,B,C,I,A,F,B,H,D,E,1.0,draw
1433,turntaking,5,E,A,D,A,D,A,G,A,C,J,C,G,A,F,E,H,G,C,I,A,1.0,draw
1433,turntaking,6,F,B,J,C,J,B,E,B,E,B,E,H,E,H,B,C,I,A,F,B,1.0,draw
1434,turntaking,1,A,G,G,E,E,G,C,H,D,I,G,F,I,J,D,G,J,D,E,J,1.0,draw
1434,turntaking,2,B,H,H,F,I,E,F,C,J,D,H,A,F,B,C,I,A,F,B,H,1.0,draw
1434,turntaking,3,C,I,C,G,B,H,D,I,G,F,I,J,D,G,J,D,E,J,G,C,1.0,draw
1434,turntaking,4,D,J,I,H,F,I,J,F,H,A,D,B,C,I,A,F,B,H,D,E,1.0,draw
1434,turntaking,5,E,A,D,A,D,A,G,A,C,J,C,G,A,F,E,H,G,C,I,A,1.0,draw
1434,turntaking,6,F,B,J,C,J,B,E,B,E,B,E,H,E,H,B,C,I,A,F,B,1.0,draw
1435,turntaking,1,A,G,G,E,E,G,C,H,D,I,G,F,I,J,D,G,J,D,E,J,1.0,draw
1435,turntaking,2,B,H,H,F,I,E,F,C,J,D,H,A,F,B,C,I,A,F,B,H,1.0,draw
1435,turntaking,3,C,I,C,G,B,H,D,I,G,F,I,J,D,G,J,D,E,J,G,C,1.0,draw
1435,turntaking,4,D,J,I,H,F,I,J,F,H,A,D,B,C,I,A,F,B,H,D,E,1.0,draw
1435,turntaking,5,E,A,D,A,D,A,G,A,C,J,C,G,A,F,E,H,G,C,I,A,1.0,draw
1435,turntaking,6,F,B,J,C,J,B,E,B,E,B,E,H,E,H,B,C,I,A,F,B,1.0,draw
1436,turntaking,1,A,G,G,E,E,G,C,H,D,I,G,F,I,J,D,G,J,D,E,J,1.0,draw
1436,turntaking,2,B,H,H,F,I,E,F,C,J,D,H,A,F,B,C,I,A,F,B,H,1.0,draw
1436,turntaking,3,C,I,C,G,B,H,D,I,G,F,I,J,D,G,J,D,E,J,G,C,1.0,draw
1436,turntaking,4,D,J,I,H,F,I,J,F,H,A,D,B,C,I,A,F,B,H,D,E,1.0,draw
1436,turntaking,5,E,A,D,A,D,A,G,A,C,J,C,G,A,F,E,H,G,C,I,A,1.0,draw
1436,turntaking,6,F,B,J,C,J,B,E,B,E,B,E,H,E,H,B,C,I,A,F,B,1.0,draw
1437,turntaking,1,A,G,G,E,E,G,C,H,D,I,G,F,I,J,D,G,J,D,E,J,1.0,draw
1437,turntaking,2,B,H,H,F,I,E,F,C,J,D,H,A,F,B,C,I,A,F,B,H,1.0,draw
1437,turntaking,3,C,I,C,G,B,H,D,I,G,F,I,J,D,G,J,D,E,J,G,C,1.0,draw
1437,turntaking,4,D,J,I,H,F,I,J,F,H,A,D,B,C,I,A,F,B,H,D,E,1.0,draw
1437,turntaking,5,E,A,D,A,D,A,G,A,C,J,C,G,A,F,E,H,G,C,I,A,1.0,draw
1437,turntaking,6,F,B,J,C,J,B,E,B,E,B,E,H,E,H,B,C,I,A,F,B,1.0,draw
1438,turntaking,1,A,G,G,E,E,G,C,H,D,I,G,F,I,J,D,G,J,D,E,J,1.0,draw
1438,turntaking,2,B,H,H,F,I,E,F,C,J,D,H,A,F,B,C,I,A,F,B,H,1.0,draw
1438,turntaking,3,C,I,C,G,B,H,D,I,G,F,I,J,D,G,J,D,E,J,G,C,1.0,draw
1438,turntaking,4,D,J,I,H,F,I,J,F,H,A,D,B,C,I,A,F,B,H,D,E,1.0,draw
1438,turntaking,5,E,A,D,A,D,A,G,A,C,J,C,G,A,F,E,H,G,C,I,A,1.0,draw
1438,turntaking,6,F,B,J,C,J,B,E,B,E,B,E,H,E,H,B,C,I,A,F,B,1.0,draw
1439,turntaking,1,A,G,G,E,E,G,C,H,D,I,G,F,I,J,D,G,J,D,E,J,1.0,draw
1439,turntaking,2,B,H,H,F,I,E,F,C,J,D,H,A,F,B,C,I,A,F,B,H,1.0,draw
1439,turntaking,3,C,I,C,G,B,H,D,I,G,F,I,J,D,G,J,D,E,J,G,C,1.0,draw
1439,turntaking,4,D,J,I,H,F,I,J,F,H,A,D,B,C,I,A,F,B,H,D,E,1.0,draw
1439,turntaking,5,E,A,D,A,D,A,G,A,C,J,C,G,A,F,E,H,G,C,I,A,1.0,draw
1439,turntaking,6,F,B,J,C,J,B,E,B,E,B,E,H,E,H,B,C,I,A,F,B,1.0,draw
1440,turntaking,1,A,G,G,E,E,G,C,H,D,I,G,F,I,J,D,G,J,D,E,J,1.0,draw
1440,turntaking,2,B,H,H,F,I,E,F,C,J,D,H,A,F,B,C,I,A,F,B,H,1.0,draw
1440,turntaking,3,C,I,C,G,B,H,D,I,G,F,I,J,D,G,J,D,E,J,G,C,1.0,draw
1440,turntaking,4,D,J,I,H,F,I,J,F,H,A,D,B,C,I,A,F,B,H,D,E,1.0,draw
1440,turntaking,5,E,A,D,A,D,A,G,A,C,J,C,G,A,F,E,H,G,C,I,A,1.0,draw
1440,turntaking,6,F,B,J,C,J,B,E,B,E,B,E,H,E,H,B,C,I,A,F,B,1.0,draw
