Match,Strategy,Position,Round1,Round2,Round3,Round4,Round5,Round6,Round7,Round8,Round9,Round10,Round11,Round12,Round13,Round14,Round15,Round16,Round17,Round18,Round19,Round20,Win,Winner
1,random,1,skip,A,A,skip,skip,A,B,skip,B,skip,A,B,A,B,B,A,B,skip,skip,A,0.05,draw
1,random,2,skip,skip,A,skip,B,A,skip,B,skip,skip,skip,B,skip,B,skip,B,A,B,B,A,0.0,draw
1,random,3,A,A,A,A,skip,skip,skip,B,A,A,B,skip,B,B,B,B,A,B,skip,B,0.0,draw
1,random,4,A,B,B,A,skip,A,A,B,skip,A,A,skip,B,B,skip,skip,A,skip,B,skip,0.05,draw
1,random,5,A,B,skip,B,B,A,B,skip,A,B,skip,skip,skip,B,skip,skip,skip,skip,A,B,0.1,draw
1,random,6,A,B,skip,B,skip,B,A,B,B,A,B,skip,B,skip,A,A,B,skip,B,B,0.1,draw
2,random,1,A,B,A,A,skip,B,A,A,skip,A,skip,A,skip,A,B,B,B,B,A,A,0.2,draw
2,random,2,skip,B,A,B,skip,B,A,B,A,skip,B,skip,skip,A,A,A,skip,A,B,B,0.1,draw
2,random,3,skip,A,A,B,B,B,skip,B,skip,skip,skip,B,B,A,B,A,skip,skip,A,A,0.05,draw
2,random,4,B,A,skip,B,skip,skip,A,B,B,A,skip,B,skip,B,B,skip,skip,skip,A,A,0.05,draw
2,random,5,B,B,B,B,skip,A,B,skip,A,B,B,B,skip,skip,A,B,B,skip,A,A,0.2,draw
2,random,6,B,A,skip,A,B,B,skip,skip,B,skip,B,skip,skip,skip,B,B,A,A,skip,A,0.05,draw
3,random,1,A,skip,A,skip,B,skip,B,skip,skip,B,B,A,skip,A,skip,skip,B,B,A,B,0.1,draw
3,random,2,B,B,skip,B,skip,B,skip,B,A,A,A,skip,B,B,skip,skip,skip,B,skip,skip,0.05,draw
3,random,3,B,skip,B,B,skip,B,skip,B,B,A,skip,B,A,A,B,skip,skip,A,skip,skip,0.15,draw
3,random,4,B,B,skip,A,B,skip,skip,skip,skip,A,A,B,B,B,skip,skip,skip,B,skip,B,0.0,draw
3,random,5,skip,B,B,A,A,A,B,A,skip,B,A,A,skip,B,skip,skip,skip,A,A,B,0.15,draw
3,random,6,B,B,B,A,skip,skip,skip,B,skip,A,B,A,skip,B,skip,A,B,A,A,A,0.1,draw
4,random,1,B,A,skip,B,skip,B,skip,A,skip,A,skip,A,skip,skip,B,skip,A,skip,A,B,0.05,draw
4,random,2,A,skip,B,B,B,skip,B,B,A,B,A,skip,A,B,B,B,A,A,B,B,0.1,draw
4,random,3,A,B,B,A,skip,skip,A,A,B,B,B,skip,skip,A,B,B,B,skip,skip,B,0.15,draw
4,random,4,A,skip,B,skip,skip,A,B,A,skip,B,skip,A,A,skip,skip,skip,A,A,B,B,0.05,draw
4,random,5,skip,skip,skip,skip,skip,skip,skip,A,B,skip,skip,B,A,A,skip,A,B,skip,A,A,0.05,draw
4,random,6,B,skip,skip,B,B,B,A,B,skip,A,skip,B,A,B,B,skip,B,B,B,A,0.05,draw
5,random,1,B,B,skip,B,skip,skip,A,A,B,skip,skip,skip,B,A,skip,B,skip,A,skip,B,0.05,draw
5,random,2,B,A,skip,skip,B,A,skip,skip,B,skip,A,skip,B,skip,B,B,skip,A,A,B,0.0,draw
5,random,3,B,A,B,B,A,A,B,B,A,B,A,A,skip,skip,B,A,A,A,skip,A,0.25,draw
5,random,4,skip,A,skip,A,skip,skip,skip,A,A,A,skip,B,skip,A,A,A,B,A,skip,skip,0.05,draw
5,random,5,A,A,A,skip,A,skip,B,A,A,A,A,B,B,A,skip,A,skip,A,A,skip,0.05,draw
5,random,6,B,B,A,A,B,B,B,skip,A,skip,B,B,skip,skip,skip,A,B,skip,B,A,0.15,draw
6,random,1,A,skip,skip,B,B,A,A,B,B,B,skip,B,skip,A,skip,A,A,A,skip,skip,0.0,draw
6,random,2,A,B,skip,skip,B,B,A,B,B,B,skip,B,A,skip,B,skip,A,B,B,B,0.05,draw
6,random,3,A,skip,skip,skip,skip,B,A,skip,A,A,B,skip,B,skip,B,A,B,A,A,B,0.1,draw
6,random,4,A,skip,B,B,skip,A,B,B,A,B,skip,skip,skip,A,B,A,skip,B,A,B,0.0,draw
6,random,5,B,A,B,skip,A,skip,B,skip,A,B,A,A,B,B,B,skip,skip,A,A,skip,0.2,draw
6,random,6,A,B,skip,skip,A,skip,B,A,B,B,A,skip,A,skip,A,skip,B,A,skip,skip,0.1,draw
7,random,1,skip,skip,B,skip,B,A,B,B,A,skip,A,skip,A,A,skip,A,A,B,B,B,0.05,draw
7,random,2,B,B,A,A,A,A,A,A,B,A,skip,B,B,skip,skip,A,A,B,B,A,0.1,draw
7,random,3,skip,B,B,A,B,B,B,A,A,A,skip,skip,skip,skip,A,skip,A,A,B,B,0.1,draw
7,random,4,B,B,skip,A,skip,skip,A,skip,A,B,skip,skip,B,B,A,B,B,skip,B,skip,0.15,draw
7,random,5,A,B,A,A,A,A,B,A,A,A,B,skip,A,skip,skip,A,B,B,B,A,0.05,draw
7,random,6,skip,A,skip,B,skip,skip,A,B,skip,skip,B,skip,A,A,skip,A,skip,skip,B,skip,0.1,draw
8,random,1,A,B,A,skip,A,A,B,skip,A,skip,skip,B,A,A,A,B,B,skip,B,A,0.1,draw
8,random,2,A,skip,B,skip,A,B,B,A,B,skip,B,A,skip,A,B,A,skip,skip,B,B,0.05,draw
8,random,3,A,A,B,B,skip,A,A,skip,A,skip,skip,A,B,B,B,A,B,skip,A,A,0.15,draw
8,random,4,B,A,A,B,skip,B,B,B,B,A,skip,skip,A,skip,A,skip,B,B,B,skip,0.1,draw
8,random,5,A,B,B,B,B,A,skip,A,A,B,A,skip,A,skip,A,skip,skip,A,A,A,0.15,draw
8,random,6,skip,A,skip,B,B,skip,B,B,skip,skip,B,skip,A,skip,A,A,A,B,skip,A,0.05,draw
9,random,1,A,B,B,B,skip,skip,A,A,skip,B,skip,B,skip,A,skip,B,skip,skip,skip,B,0.05,draw
9,random,2,A,B,B,A,A,B,A,skip,B,B,A,A,B,skip,skip,skip,skip,A,A,skip,0.05,draw
9,random,3,skip,skip,A,A,skip,skip,skip,skip,B,B,skip,B,skip,skip,skip,skip,A,B,skip,A,0.05,draw
9,random,4,B,A,A,A,skip,B,skip,A,A,skip,A,B,A,B,A,skip,skip,A,skip,A,0.15,draw
9,random,5,B,A,skip,B,A,B,skip,skip,B,A,A,A,A,A,B,skip,skip,B,skip,A,0.1,draw
9,random,6,skip,skip,A,B,A,A,skip,B,skip,skip,skip,A,A,skip,skip,B,skip,skip,A,A,0.1,draw
10,random,1,skip,A,A,B,A,A,B,A,skip,A,skip,B,B,B,skip,B,B,A,skip,A,0.1,draw
10,random,2,B,B,B,B,B,skip,skip,B,A,skip,skip,skip,B,skip,A,B,skip,B,skip,A,0.15,draw
10,random,3,B,A,skip,B,A,skip,skip,B,B,A,A,B,A,B,B,B,skip,B,skip,A,0.05,draw
10,random,4,skip,skip,A,A,B,B,A,skip,B,A,A,A,skip,A,B,skip,B,A,B,A,0.25,draw
10,random,5,B,skip,skip,A,skip,skip,skip,B,B,B,B,B,B,skip,B,A,skip,skip,A,A,0.1,draw
10,random,6,A,skip,A,skip,A,skip,B,skip,A,skip,B,skip,B,B,B,skip,A,A,A,skip,0.1,draw
11,random,1,A,B,skip,B,B,A,B,skip,B,B,B,B,skip,B,skip,B,B,A,skip,B,0.05,draw
11,random,2,skip,A,A,A,B,skip,A,A,B,skip,skip,A,A,skip,skip,B,skip,B,B,A,0.2,draw
11,random,3,B,B,skip,A,skip,skip,skip,skip,skip,skip,skip,A,skip,skip,skip,A,skip,skip,skip,A,0.05,draw
11,random,4,skip,skip,skip,skip,A,A,skip,B,B,skip,A,A,B,skip,A,A,B,A,skip,skip,0.05,draw
11,random,5,A,B,A,skip,skip,A,B,B,skip,B,B,skip,B,A,skip,A,skip,A,A,B,0.05,draw
11,random,6,A,skip,B,B,A,skip,skip,A,A,skip,B,skip,skip,B,A,B,B,B,A,A,0.1,draw
12,random,1,A,A,B,skip,A,skip,A,A,B,B,skip,A,skip,skip,skip,skip,A,B,A,A,0.05,draw
12,random,2,A,B,B,skip,skip,A,B,skip,B,A,A,A,skip,B,skip,A,A,skip,A,B,0.1,draw
12,random,3,skip,A,B,A,skip,skip,B,A,A,skip,skip,B,A,skip,skip,A,B,skip,B,A,0.1,draw
12,random,4,A,A,skip,B,A,A,B,skip,B,skip,B,B,A,skip,skip,skip,skip,B,skip,A,0.0,draw
12,random,5,B,B,skip,B,skip,A,B,A,A,skip,A,A,A,skip,skip,B,A,A,skip,skip,0.1,draw
12,random,6,A,B,A,skip,skip,A,B,A,A,B,B,A,A,B,A,A,B,A,skip,skip,0.1,draw
13,random,1,A,skip,skip,skip,A,A,B,B,skip,A,B,skip,B,skip,A,B,B,B,B,skip,0.15,draw
13,random,2,skip,A,A,A,A,B,A,A,A,skip,A,skip,A,skip,B,A,A,skip,skip,B,0.2,draw
13,random,3,B,A,B,skip,B,skip,A,A,A,A,A,A,B,B,skip,B,A,skip,skip,skip,0.1,draw
13,random,4,B,B,B,B,A,A,A,B,skip,A,A,skip,B,A,A,B,skip,skip,skip,B,0.05,draw
13,random,5,B,A,B,B,B,skip,skip,skip,A,A,B,B,B,skip,B,B,B,B,A,skip,0.05,draw
13,random,6,skip,B,A,skip,B,skip,A,A,skip,A,A,B,skip,skip,B,B,B,B,skip,skip,0.0,draw
14,random,1,A,A,skip,B,B,A,skip,A,skip,A,A,skip,skip,A,B,B,A,A,A,A,0.05,draw
14,random,2,skip,skip,skip,skip,skip,skip,skip,skip,skip,B,skip,A,skip,A,skip,A,A,A,A,B,0.1,draw
14,random,3,skip,A,B,A,B,B,skip,A,A,B,skip,B,A,B,B,A,A,A,skip,skip,0.1,draw
14,random,4,B,B,A,A,A,B,A,B,B,skip,skip,B,B,skip,B,A,A,skip,B,A,0.15,draw
14,random,5,A,B,A,skip,skip,B,skip,skip,B,B,skip,B,B,skip,skip,B,B,A,B,skip,0.0,draw
14,random,6,A,A,A,B,skip,A,A,A,B,A,B,B,A,B,skip,A,B,A,A,A,0.05,draw
15,random,1,B,A,A,skip,skip,A,B,A,skip,A,B,B,B,skip,skip,A,skip,B,A,A,0.1,draw
15,random,2,B,skip,A,skip,A,A,A,skip,A,B,B,skip,A,skip,B,skip,B,skip,A,B,0.05,draw
15,random,3,skip,A,A,A,A,A,skip,A,B,skip,skip,A,B,A,B,skip,B,skip,skip,B,0.05,draw
15,random,4,A,B,A,B,B,B,B,skip,B,A,A,A,B,A,skip,A,A,A,A,skip,0.15,draw
15,random,5,skip,A,A,skip,skip,B,A,A,skip,B,B,A,A,B,A,B,B,skip,skip,B,0.15,draw
15,random,6,A,skip,B,B,B,B,B,skip,B,skip,B,B,A,skip,skip,A,skip,A,A,B,0.05,draw
16,random,1,skip,skip,skip,A,B,skip,A,B,A,B,skip,B,A,B,B,skip,A,A,skip,skip,0.0,draw
16,random,2,A,A,A,B,B,B,B,A,B,B,B,B,B,skip,A,B,skip,B,skip,B,0.1,draw
16,random,3,A,A,A,skip,B,skip,A,skip,skip,A,B,A,B,skip,B,skip,skip,skip,skip,B,0.05,draw
16,random,4,A,B,skip,B,skip,skip,skip,A,B,A,A,skip,A,B,skip,skip,skip,A,B,B,0.05,draw
16,random,5,B,A,A,skip,B,skip,B,B,A,B,B,B,B,skip,skip,skip,A,B,skip,B,0.0,draw
16,random,6,B,B,A,A,B,skip,skip,A,skip,skip,A,skip,A,A,A,skip,skip,A,A,A,0.15,draw
17,random,1,B,skip,A,A,skip,A,B,B,B,B,A,skip,A,skip,skip,B,skip,B,B,skip,0.05,draw
17,random,2,B,skip,skip,skip,skip,B,skip,skip,A,B,B,skip,A,B,B,A,A,B,skip,B,0.25,draw
17,random,3,B,A,B,A,skip,A,A,B,B,B,A,A,B,skip,B,A,skip,skip,B,B,0.15,draw
17,random,4,skip,skip,B,skip,B,A,skip,skip,skip,A,skip,A,skip,skip,B,skip,skip,B,B,skip,0.05,draw
17,random,5,B,B,skip,B,A,A,skip,A,B,skip,A,skip,A,skip,skip,B,B,skip,B,B,0.2,draw
17,random,6,A,B,skip,skip,skip,skip,B,B,skip,A,skip,skip,skip,skip,A,B,skip,skip,B,B,0.1,draw
18,random,1,skip,A,A,A,B,A,skip,A,B,A,A,A,B,A,B,B,A,B,A,A,0.05,draw
18,random,2,B,A,A,B,A,B,A,A,B,A,skip,A,skip,B,skip,A,skip,skip,A,B,0.1,draw
18,random,3,skip,A,skip,A,skip,A,skip,A,B,A,B,skip,B,B,A,B,B,B,skip,B,0.05,draw
18,random,4,skip,B,B,skip,skip,A,A,skip,B,skip,B,A,B,skip,B,A,skip,B,B,skip,0.1,draw
18,random,5,A,B,skip,B,B,A,skip,A,A,skip,B,B,skip,A,A,B,A,skip,A,A,0.1,draw
18,random,6,skip,A,skip,B,A,A,B,B,skip,A,B,B,skip,A,B,B,A,A,A,skip,0.15,draw
19,random,1,B,skip,skip,skip,A,B,B,skip,A,skip,skip,skip,B,A,B,skip,A,A,B,skip,0.05,draw
19,random,2,B,B,skip,skip,B,A,B,B,B,A,A,A,B,A,B,B,B,skip,A,A,0.05,draw
19,random,3,skip,skip,A,skip,skip,skip,B,B,skip,A,skip,skip,B,skip,skip,A,B,B,skip,skip,0.05,draw
19,random,4,B,A,A,B,skip,skip,skip,skip,skip,B,A,B,skip,skip,B,B,B,A,A,skip,0.15,draw
19,random,5,skip,skip,skip,skip,B,B,skip,skip,skip,skip,A,A,A,skip,skip,skip,A,skip,B,A,0.0,draw
19,random,6,B,B,A,A,skip,A,B,A,A,A,skip,B,A,A,A,A,A,skip,B,skip,0.15,draw
20,random,1,B,A,B,A,B,skip,B,skip,B,B,skip,skip,B,B,skip,B,B,B,A,B,0.1,draw
20,random,2,B,skip,B,B,skip,A,A,skip,B,B,B,A,B,skip,A,B,skip,A,B,A,0.0,draw
20,random,3,skip,B,B,A,B,B,skip,A,skip,skip,A,B,skip,skip,B,A,A,A,skip,B,0.1,draw
20,random,4,A,B,A,B,A,skip,A,skip,B,skip,skip,A,A,A,A,B,B,skip,B,A,0.15,draw
20,random,5,skip,A,B,A,skip,skip,B,A,B,B,B,B,A,B,A,skip,B,A,skip,A,0.0,draw
20,random,6,B,B,skip,skip,A,A,A,A,B,skip,A,skip,A,skip,skip,A,A,skip,skip,B,0.0,draw
21,rotate,1,A,B,skip,skip,skip,skip,A,B,skip,skip,skip,skip,A,B,skip,skip,skip,skip,A,B,0.1,rotate
21,random,2,A,A,A,A,A,skip,B,B,B,B,A,skip,B,skip,skip,skip,skip,A,skip,A,0.2,rotate
21,rotate,3,skip,skip,skip,skip,A,B,skip,skip,skip,skip,A,B,skip,skip,skip,skip,A,B,skip,skip,0.15,rotate
21,random,4,skip,B,skip,skip,A,skip,B,A,B,skip,skip,B,A,A,A,skip,skip,A,A,skip,0.0,rotate
21,random,5,skip,skip,skip,B,A,skip,A,B,B,skip,B,B,A,A,A,A,B,skip,A,A,0.2,rotate
21,rotate,6,skip,A,B,skip,skip,skip,skip,A,B,skip,skip,skip,skip,A,B,skip,skip,skip,skip,A,0.1,rotate
22,rotate,1,A,B,skip,skip,skip,skip,A,B,skip,skip,skip,skip,A,B,skip,skip,skip,skip,A,B,0.15,random
22,random,2,skip,B,B,skip,A,A,B,A,A,B,A,B,skip,skip,B,A,A,skip,B,A,0.3,random
22,rotate,3,skip,skip,skip,skip,A,B,skip,skip,skip,skip,A,B,skip,skip,skip,skip,A,B,skip,skip,0.0,random
22,rotate,4,skip,skip,skip,A,B,skip,skip,skip,skip,A,B,skip,skip,skip,skip,A,B,skip,skip,skip,0.1,random
22,random,5,skip,skip,skip,B,skip,B,B,B,skip,A,skip,skip,A,A,skip,B,A,B,A,B,0.15,random
22,random,6,B,A,A,A,A,skip,skip,skip,B,A,A,skip,B,skip,B,A,B,A,B,skip,0.3,random
23,random,1,A,skip,skip,A,A,B,skip,A,skip,B,B,skip,A,skip,skip,B,B,A,A,A,0.05,rotate
23,rotate,2,B,skip,skip,skip,skip,A,B,skip,skip,skip,skip,A,B,skip,skip,skip,skip,A,B,skip,0.15,rotate
23,rotate,3,skip,skip,skip,skip,A,B,skip,skip,skip,skip,A,B,skip,skip,skip,skip,A,B,skip,skip,0.05,rotate
23,rotate,4,skip,skip,skip,A,B,skip,skip,skip,skip,A,B,skip,skip,skip,skip,A,B,skip,skip,skip,0.1,rotate
23,random,5,B,skip,A,A,B,B,B,skip,skip,skip,B,B,A,skip,B,skip,A,A,B,skip,0.0,rotate
23,random,6,A,skip,A,A,A,skip,A,A,B,B,B,B,skip,B,B,B,skip,B,A,skip,0.15,rotate
24,random,1,B,A,A,skip,skip,A,skip,B,A,skip,A,skip,A,A,A,skip,B,skip,skip,skip,0.2,random
24,random,2,skip,skip,B,B,skip,B,B,skip,B,A,skip,B,skip,A,B,A,A,A,A,B,0.25,random
24,rotate,3,skip,skip,skip,skip,A,B,skip,skip,skip,skip,A,B,skip,skip,skip,skip,A,B,skip,skip,0.1,random
24,rotate,4,skip,skip,skip,A,B,skip,skip,skip,skip,A,B,skip,skip,skip,skip,A,B,skip,skip,skip,0.15,random
24,rotate,5,skip,skip,A,B,skip,skip,skip,skip,A,B,skip,skip,skip,skip,A,B,skip,skip,skip,skip,0.1,random
24,random,6,skip,B,A,B,skip,skip,B,B,A,skip,A,B,B,skip,skip,skip,A,skip,skip,B,0.1,random
25,rotate,1,A,B,skip,skip,skip,skip,A,B,skip,skip,skip,skip,A,B,skip,skip,skip,skip,A,B,0.15,random
25,rotate,2,B,skip,skip,skip,skip,A,B,skip,skip,skip,skip,A,B,skip,skip,skip,skip,A,B,skip,0.0,random
25,random,3,B,skip,A,A,B,A,B,B,skip,B,B,A,skip,A,skip,A,skip,skip,A,B,0.15,random
25,random,4,A,A,B,B,B,B,B,skip,skip,A,skip,B,skip,skip,A,skip,B,B,skip,A,0.25,random
25,random,5,A,skip,A,skip,B,B,B,B,skip,B,skip,B,B,B,skip,B,A,A,B,B,0.1,random
25,rotate,6,skip,A,B,skip,skip,skip,skip,A,B,skip,skip,skip,skip,A,B,skip,skip,skip,skip,A,0.15,random
26,random,1,A,skip,skip,B,skip,A,skip,B,A,A,skip,A,skip,B,A,A,skip,A,A,B,0.05,random
26,random,2,skip,A,B,B,B,skip,B,A,A,A,skip,A,B,A,B,skip,skip,A,A,A,0.1,random
26,rotate,3,skip,skip,skip,skip,A,B,skip,skip,skip,skip,A,B,skip,skip,skip,skip,A,B,skip,skip,0.3,random
26,random,4,A,skip,B,skip,skip,A,A,B,B,A,skip,A,B,B,A,B,B,skip,skip,B,0.1,random
26,rotate,5,skip,skip,A,B,skip,skip,skip,skip,A,B,skip,skip,skip,skip,A,B,skip,skip,skip,skip,0.1,random
26,rotate,6,skip,A,B,skip,skip,skip,skip,A,B,skip,skip,skip,skip,A,B,skip,skip,skip,skip,A,0.0,random
27,random,1,A,A,skip,skip,skip,skip,A,A,skip,A,B,skip,A,B,skip,B,skip,B,A,A,0.2,random
27,rotate,2,B,skip,skip,skip,skip,A,B,skip,skip,skip,skip,A,B,skip,skip,skip,skip,A,B,skip,0.15,random
27,random,3,B,skip,skip,B,A,skip,B,skip,A,A,skip,skip,A,A,skip,A,B,A,A,B,0.2,random
27,rotate,4,skip,skip,skip,A,B,skip,skip,skip,skip,A,B,skip,skip,skip,skip,A,B,skip,skip,skip,0.1,random
27,random,5,A,B,B,skip,skip,skip,skip,skip,B,B,B,B,skip,A,A,skip,A,A,B,skip,0.25,random
27,rotate,6,skip,A,B,skip,skip,skip,skip,A,B,skip,skip,skip,skip,A,B,skip,skip,skip,skip,A,0.05,random
28,rotate,1,A,B,skip,skip,skip,skip,A,B,skip,skip,skip,skip,A,B,skip,skip,skip,skip,A,B,0.05,random
28,random,2,skip,B,A,A,A,A,A,skip,B,A,B,B,skip,B,B,B,skip,B,A,B,0.15,random
28,rotate,3,skip,skip,skip,skip,A,B,skip,skip,skip,skip,A,B,skip,skip,skip,skip,A,B,skip,skip,0.05,random
28,random,4,B,skip,skip,B,skip,skip,A,skip,B,A,skip,skip,A,B,skip,skip,A,A,skip,A,0.15,random
28,rotate,5,skip,skip,A,B,skip,skip,skip,skip,A,B,skip,skip,skip,skip,A,B,skip,skip,skip,skip,0.05,random
28,random,6,skip,A,A,A,skip,skip,A,B,B,B,A,A,A,B,A,A,skip,skip,B,skip,0.2,random
29,rotate,1,A,B,skip,skip,skip,skip,A,B,skip,skip,skip,skip,A,B,skip,skip,skip,skip,A,B,0.0,random
29,random,2,B,B,skip,skip,A,B,B,B,skip,skip,B,skip,A,skip,B,A,A,skip,A,skip,0.1,random
29,random,3,A,A,skip,B,A,A,B,B,B,A,A,A,A,A,A,skip,A,skip,B,skip,0.3,random
29,rotate,4,skip,skip,skip,A,B,skip,skip,skip,skip,A,B,skip,skip,skip,skip,A,B,skip,skip,skip,0.15,random
29,random,5,A,A,skip,skip,A,skip,A,A,skip,B,B,skip,A,B,B,skip,A,A,skip,B,0.1,random
29,rotate,6,skip,A,B,skip,skip,skip,skip,A,B,skip,skip,skip,skip,A,B,skip,skip,skip,skip,A,0.1,random
30,random,1,A,A,A,skip,skip,A,B,A,A,skip,A,A,B,B,B,B,A,A,skip,B,0.2,random
30,rotate,2,B,skip,skip,skip,skip,A,B,skip,skip,skip,skip,A,B,skip,skip,skip,skip,A,B,skip,0.0,random
30,rotate,3,skip,skip,skip,skip,A,B,skip,skip,skip,skip,A,B,skip,skip,skip,skip,A,B,skip,skip,0.1,random
30,random,4,B,A,B,skip,skip,A,B,B,B,B,B,B,skip,B,B,skip,B,skip,A,skip,0.15,random
30,random,5,A,B,skip,A,skip,B,B,A,B,skip,B,B,skip,A,skip,A,B,A,B,skip,0.15,random
30,rotate,6,skip,A,B,skip,skip,skip,skip,A,B,skip,skip,skip,skip,A,B,skip,skip,skip,skip,A,0.05,random
31,rotate,1,A,B,skip,skip,skip,skip,A,B,skip,skip,skip,skip,A,B,skip,skip,skip,skip,A,B,0.1,random
31,rotate,2,B,skip,skip,skip,skip,A,B,skip,skip,skip,skip,A,B,skip,skip,skip,skip,A,B,skip,0.15,random
31,random,3,B,skip,skip,skip,B,A,A,A,skip,B,A,A,skip,A,A,skip,skip,A,A,A,0.15,random
31,random,4,B,B,skip,B,A,B,A,B,B,skip,skip,skip,skip,B,skip,skip,B,B,skip,skip,0.25,random
31,rotate,5,skip,skip,A,B,skip,skip,skip,skip,A,B,skip,skip,skip,skip,A,B,skip,skip,skip,skip,0.05,random
31,random,6,A,skip,skip,A,B,A,A,skip,A,B,A,B,skip,skip,A,B,A,skip,A,skip,0.15,random
32,random,1,A,B,B,B,B,skip,skip,B,A,A,skip,skip,A,skip,A,B,B,A,B,skip,0.1,random
32,random,2,B,skip,B,A,B,B,A,A,B,A,B,A,skip,A,B,B,B,skip,skip,skip,0.15,random
32,random,3,B,B,A,skip,A,A,B,B,skip,A,A,skip,A,B,skip,A,B,B,B,skip,0.3,random
32,rotate,4,skip,skip,skip,A,B,skip,skip,skip,skip,A,B,skip,skip,skip,skip,A,B,skip,skip,skip,0.0,random
32,rotate,5,skip,skip,A,B,skip,skip,skip,skip,A,B,skip,skip,skip,skip,A,B,skip,skip,skip,skip,0.05,random
32,rotate,6,skip,A,B,skip,skip,skip,skip,A,B,skip,skip,skip,skip,A,B,skip,skip,skip,skip,A,0.1,random
33,random,1,B,B,A,skip,B,A,A,B,A,skip,B,A,A,B,B,skip,skip,A,skip,A,0.3,random
33,random,2,B,A,A,B,B,skip,skip,A,skip,skip,A,skip,B,A,A,skip,A,skip,B,B,0.2,random
33,rotate,3,skip,skip,skip,skip,A,B,skip,skip,skip,skip,A,B,skip,skip,skip,skip,A,B,skip,skip,0.15,random
33,rotate,4,skip,skip,skip,A,B,skip,skip,skip,skip,A,B,skip,skip,skip,skip,A,B,skip,skip,skip,0.15,random
33,random,5,A,A,skip,B,A,skip,A,A,B,skip,skip,skip,A,A,skip,skip,B,A,skip,A,0.05,random
33,rotate,6,skip,A,B,skip,skip,skip,skip,A,B,skip,skip,skip,skip,A,B,skip,skip,skip,skip,A,0.05,random
34,rotate,1,A,B,skip,skip,skip,skip,A,B,skip,skip,skip,skip,A,B,skip,skip,skip,skip,A,B,0.2,random
34,random,2,skip,skip,skip,skip,A,A,skip,skip,A,skip,skip,skip,skip,A,B,A,B,skip,B,A,0.1,random
34,random,3,B,A,B,skip,skip,skip,B,A,B,skip,skip,B,A,A,A,A,B,A,B,skip,0.15,random
34,random,4,skip,B,B,skip,skip,skip,B,skip,skip,skip,B,skip,skip,B,B,skip,A,skip,skip,B,0.1,random
34,rotate,5,skip,skip,A,B,skip,skip,skip,skip,A,B,skip,skip,skip,skip,A,B,skip,skip,skip,skip,0.2,random
34,rotate,6,skip,A,B,skip,skip,skip,skip,A,B,skip,skip,skip,skip,A,B,skip,skip,skip,skip,A,0.0,random
35,random,1,A,skip,B,skip,A,A,B,skip,A,skip,B,B,B,B,B,A,skip,B,B,B,0.25,random
35,rotate,2,B,skip,skip,skip,skip,A,B,skip,skip,skip,skip,A,B,skip,skip,skip,skip,A,B,skip,0.05,random
35,random,3,B,B,skip,skip,skip,skip,A,A,A,A,A,skip,A,B,B,skip,B,A,B,B,0.15,random
35,random,4,B,B,skip,B,skip,A,skip,B,A,A,skip,B,B,A,B,B,B,skip,A,B,0.1,random
35,rotate,5,skip,skip,A,B,skip,skip,skip,skip,A,B,skip,skip,skip,skip,A,B,skip,skip,skip,skip,0.15,random
35,rotate,6,skip,A,B,skip,skip,skip,skip,A,B,skip,skip,skip,skip,A,B,skip,skip,skip,skip,A,0.15,random
36,rotate,1,A,B,skip,skip,skip,skip,A,B,skip,skip,skip,skip,A,B,skip,skip,skip,skip,A,B,0.25,random
36,rotate,2,B,skip,skip,skip,skip,A,B,skip,skip,skip,skip,A,B,skip,skip,skip,skip,A,B,skip,0.05,random
36,random,3,B,skip,A,skip,A,A,B,A,A,skip,B,skip,A,B,skip,B,skip,A,B,skip,0.15,random
36,rotate,4,skip,skip,skip,A,B,skip,skip,skip,skip,A,B,skip,skip,skip,skip,A,B,skip,skip,skip,0.05,random
36,random,5,skip,A,skip,B,skip,skip,skip,skip,A,B,A,skip,A,B,A,B,B,skip,skip,skip,0.2,random
36,random,6,skip,skip,B,A,B,A,skip,skip,skip,skip,A,B,B,skip,skip,A,A,A,A,skip,0.15,random
37,random,1,skip,skip,A,B,B,B,A,skip,A,skip,B,skip,B,skip,B,skip,A,B,B,A,0.2,random
37,rotate,2,B,skip,skip,skip,skip,A,B,skip,skip,skip,skip,A,B,skip,skip,skip,skip,A,B,skip,0.05,random
37,rotate,3,skip,skip,skip,skip,A,B,skip,skip,skip,skip,A,B,skip,skip,skip,skip,A,B,skip,skip,0.05,random
37,random,4,A,skip,A,B,skip,A,B,B,B,skip,B,A,A,A,skip,A,A,A,A,skip,0.15,random
37,rotate,5,skip,skip,A,B,skip,skip,skip,skip,A,B,skip,skip,skip,skip,A,B,skip,skip,skip,skip,0.15,random
37,random,6,A,A,B,skip,A,skip,skip,B,B,A,A,A,skip,skip,skip,A,A,skip,skip,skip,0.15,random
38,rotate,1,A,B,skip,skip,skip,skip,A,B,skip,skip,skip,skip,A,B,skip,skip,skip,skip,A,B,0.25,random
38,random,2,skip,skip,skip,skip,B,B,B,A,skip,B,skip,skip,A,A,B,A,skip,A,B,skip,0.15,random
38,random,3,B,A,A,skip,B,B,B,skip,B,A,B,A,skip,A,B,B,B,skip,A,B,0.1,random
38,rotate,4,skip,skip,skip,A,B,skip,skip,skip,skip,A,B,skip,skip,skip,skip,A,B,skip,skip,skip,0.05,random
38,rotate,5,skip,skip,A,B,skip,skip,skip,skip,A,B,skip,skip,skip,skip,A,B,skip,skip,skip,skip,0.1,random
38,random,6,skip,A,A,skip,A,A,skip,skip,A,A,B,A,skip,skip,skip,skip,B,B,skip,B,0.15,random
39,rotate,1,A,B,skip,skip,skip,skip,A,B,skip,skip,skip,skip,A,B,skip,skip,skip,skip,A,B,0.15,random
39,rotate,2,B,skip,skip,skip,skip,A,B,skip,skip,skip,skip,A,B,skip,skip,skip,skip,A,B,skip,0.05,random
39,rotate,3,skip,skip,skip,skip,A,B,skip,skip,skip,skip,A,B,skip,skip,skip,skip,A,B,skip,skip,0.15,random
39,random,4,A,skip,B,A,B,A,A,A,A,B,B,skip,A,B,B,A,A,B,B,skip,0.35,random
39,random,5,B,A,skip,skip,skip,B,skip,skip,skip,skip,skip,skip,skip,skip,A,B,A,B,B,A,0.1,random
39,random,6,B,A,skip,B,skip,A,skip,A,B,A,skip,A,B,skip,A,A,skip,A,skip,B,0.15,random
40,random,1,skip,A,skip,A,skip,skip,A,skip,skip,skip,B,skip,B,B,A,skip,skip,skip,B,B,0.15,random
40,rotate,2,B,skip,skip,skip,skip,A,B,skip,skip,skip,skip,A,B,skip,skip,skip,skip,A,B,skip,0.1,random
40,random,3,A,skip,A,skip,A,B,B,A,A,B,skip,B,B,B,B,skip,A,A,skip,skip,0.2,random
40,rotate,4,skip,skip,skip,A,B,skip,skip,skip,skip,A,B,skip,skip,skip,skip,A,B,skip,skip,skip,0.15,random
40,rotate,5,skip,skip,A,B,skip,skip,skip,skip,A,B,skip,skip,skip,skip,A,B,skip,skip,skip,skip,0.05,random
40,random,6,A,B,A,skip,A,A,skip,skip,B,skip,skip,skip,skip,B,B,B,B,B,B,A,0.2,random
41,rotate,1,A,B,skip,skip,skip,skip,A,B,skip,skip,skip,skip,A,B,skip,skip,skip,skip,A,B,0.4,draw
41,rotate,2,B,skip,skip,skip,skip,A,B,skip,skip,skip,skip,A,B,skip,skip,skip,skip,A,B,skip,0.35,draw
41,rotate,3,skip,skip,skip,skip,A,B,skip,skip,skip,skip,A,B,skip,skip,skip,skip,A,B,skip,skip,0.3,draw
41,rotate,4,skip,skip,skip,A,B,skip,skip,skip,skip,A,B,skip,skip,skip,skip,A,B,skip,skip,skip,0.3,draw
41,rotate,5,skip,skip,A,B,skip,skip,skip,skip,A,B,skip,skip,skip,skip,A,B,skip,skip,skip,skip,0.3,draw
41,rotate,6,skip,A,B,skip,skip,skip,skip,A,B,skip,skip,skip,skip,A,B,skip,skip,skip,skip,A,0.35,draw
42,rotate,1,A,B,skip,skip,skip,skip,A,B,skip,skip,skip,skip,A,B,skip,skip,skip,skip,A,B,0.4,draw
42,rotate,2,B,skip,skip,skip,skip,A,B,skip,skip,skip,skip,A,B,skip,skip,skip,skip,A,B,skip,0.35,draw
42,rotate,3,skip,skip,skip,skip,A,B,skip,skip,skip,skip,A,B,skip,skip,skip,skip,A,B,skip,skip,0.3,draw
42,rotate,4,skip,skip,skip,A,B,skip,skip,skip,skip,A,B,skip,skip,skip,skip,A,B,skip,skip,skip,0.3,draw
42,rotate,5,skip,skip,A,B,skip,skip,skip,skip,A,B,skip,skip,skip,skip,A,B,skip,skip,skip,skip,0.3,draw
42,rotate,6,skip,A,B,skip,skip,skip,skip,A,B,skip,skip,skip,skip,A,B,skip,skip,skip,skip,A,0.35,draw
43,rotate,1,A,B,skip,skip,skip,skip,A,B,skip,skip,skip,skip,A,B,skip,skip,skip,skip,A,B,0.4,draw
43,rotate,2,B,skip,skip,skip,skip,A,B,skip,skip,skip,skip,A,B,skip,skip,skip,skip,A,B,skip,0.35,draw
43,rotate,3,skip,skip,skip,skip,A,B,skip,skip,skip,skip,A,B,skip,skip,skip,skip,A,B,skip,skip,0.3,draw
43,rotate,4,skip,skip,skip,A,B,skip,skip,skip,skip,A,B,skip,skip,skip,skip,A,B,skip,skip,skip,0.3,draw
43,rotate,5,skip,skip,A,B,skip,skip,skip,skip,A,B,skip,skip,skip,skip,A,B,skip,skip,skip,skip,0.3,draw
43,rotate,6,skip,A,B,skip,skip,skip,skip,A,B,skip,skip,skip,skip,A,B,skip,skip,skip,skip,A,0.35,draw
44,rotate,1,A,B,skip,skip,skip,skip,A,B,skip,skip,skip,skip,A,B,skip,skip,skip,skip,A,B,0.4,draw
44,rotate,2,B,skip,skip,skip,skip,A,B,skip,skip,skip,skip,A,B,skip,skip,skip,skip,A,B,skip,0.35,draw
44,rotate,3,skip,skip,skip,skip,A,B,skip,skip,skip,skip,A,B,skip,skip,skip,skip,A,B,skip,skip,0.3,draw
44,rotate,4,skip,skip,skip,A,B,skip,skip,skip,skip,A,B,skip,skip,skip,skip,A,B,skip,skip,skip,0.3,draw
44,rotate,5,skip,skip,A,B,skip,skip,skip,skip,A,B,skip,skip,skip,skip,A,B,skip,skip,skip,skip,0.3,draw
44,rotate,6,skip,A,B,skip,skip,skip,skip,A,B,skip,skip,skip,skip,A,B,skip,skip,skip,skip,A,0.35,draw
45,rotate,1,A,B,skip,skip,skip,skip,A,B,skip,skip,skip,skip,A,B,skip,skip,skip,skip,A,B,0.4,draw
45,rotate,2,B,skip,skip,skip,skip,A,B,skip,skip,skip,skip,A,B,skip,skip,skip,skip,A,B,skip,0.35,draw
45,rotate,3,skip,skip,skip,skip,A,B,skip,skip,skip,skip,A,B,skip,skip,skip,skip,A,B,skip,skip,0.3,draw
45,rotate,4,skip,skip,skip,A,B,skip,skip,skip,skip,A,B,skip,skip,skip,skip,A,B,skip,skip,skip,0.3,draw
45,rotate,5,skip,skip,A,B,skip,skip,skip,skip,A,B,skip,skip,skip,skip,A,B,skip,skip,skip,skip,0.3,draw
45,rotate,6,skip,A,B,skip,skip,skip,skip,A,B,skip,skip,skip,skip,A,B,skip,skip,skip,skip,A,0.35,draw
46,rotate,1,A,B,skip,skip,skip,skip,A,B,skip,skip,skip,skip,A,B,skip,skip,skip,skip,A,B,0.4,draw
46,rotate,2,B,skip,skip,skip,skip,A,B,skip,skip,skip,skip,A,B,skip,skip,skip,skip,A,B,skip,0.35,draw
46,rotate,3,skip,skip,skip,skip,A,B,skip,skip,skip,skip,A,B,skip,skip,skip,skip,A,B,skip,skip,0.3,draw
46,rotate,4,skip,skip,skip,A,B,skip,skip,skip,skip,A,B,skip,skip,skip,skip,A,B,skip,skip,skip,0.3,draw
46,rotate,5,skip,skip,A,B,skip,skip,skip,skip,A,B,skip,skip,skip,skip,A,B,skip,skip,skip,skip,0.3,draw
46,rotate,6,skip,A,B,skip,skip,skip,skip,A,B,skip,skip,skip,skip,A,B,skip,skip,skip,skip,A,0.35,draw
47,rotate,1,A,B,skip,skip,skip,skip,A,B,skip,skip,skip,skip,A,B,skip,skip,skip,skip,A,B,0.4,draw
47,rotate,2,B,skip,skip,skip,skip,A,B,skip,skip,skip,skip,A,B,skip,skip,skip,skip,A,B,skip,0.35,draw
47,rotate,3,skip,skip,skip,skip,A,B,skip,skip,skip,skip,A,B,skip,skip,skip,skip,A,B,skip,skip,0.3,draw
47,rotate,4,skip,skip,skip,A,B,skip,skip,skip,skip,A,B,skip,skip,skip,skip,A,B,skip,skip,skip,0.3,draw
47,rotate,5,skip,skip,A,B,skip,skip,skip,skip,A,B,skip,skip,skip,skip,A,B,skip,skip,skip,skip,0.3,draw
47,rotate,6,skip,A,B,skip,skip,skip,skip,A,B,skip,skip,skip,skip,A,B,skip,skip,skip,skip,A,0.35,draw
48,rotate,1,A,B,skip,skip,skip,skip,A,B,skip,skip,skip,skip,A,B,skip,skip,skip,skip,A,B,0.4,draw
48,rotate,2,B,skip,skip,skip,skip,A,B,skip,skip,skip,skip,A,B,skip,skip,skip,skip,A,B,skip,0.35,draw
48,rotate,3,skip,skip,skip,skip,A,B,skip,skip,skip,skip,A,B,skip,skip,skip,skip,A,B,skip,skip,0.3,draw
48,rotate,4,skip,skip,skip,A,B,skip,skip,skip,skip,A,B,skip,skip,skip,skip,A,B,skip,skip,skip,0.3,draw
48,rotate,5,skip,skip,A,B,skip,skip,skip,skip,A,B,skip,skip,skip,skip,A,B,skip,skip,skip,skip,0.3,draw
48,rotate,6,skip,A,B,skip,skip,skip,skip,A,B,skip,skip,skip,skip,A,B,skip,skip,skip,skip,A,0.35,draw
49,rotate,1,A,B,skip,skip,skip,skip,A,B,skip,skip,skip,skip,A,B,skip,skip,skip,skip,A,B,0.4,draw
49,rotate,2,B,skip,skip,skip,skip,A,B,skip,skip,skip,skip,A,B,skip,skip,skip,skip,A,B,skip,0.35,draw
49,rotate,3,skip,skip,skip,skip,A,B,skip,skip,skip,skip,A,B,skip,skip,skip,skip,A,B,skip,skip,0.3,draw
49,rotate,4,skip,skip,skip,A,B,skip,skip,skip,skip,A,B,skip,skip,skip,skip,A,B,skip,skip,skip,0.3,draw
49,rotate,5,skip,skip,A,B,skip,skip,skip,skip,A,B,skip,skip,skip,skip,A,B,skip,skip,skip,skip,0.3,draw
49,rotate,6,skip,A,B,skip,skip,skip,skip,A,B,skip,skip,skip,skip,A,B,skip,skip,skip,skip,A,0.35,draw
50,rotate,1,A,B,skip,skip,skip,skip,A,B,skip,skip,skip,skip,A,B,skip,skip,skip,skip,A,B,0.4,draw
50,rotate,2,B,skip,skip,skip,skip,A,B,skip,skip,skip,skip,A,B,skip,skip,skip,skip,A,B,skip,0.35,draw
50,rotate,3,skip,skip,skip,skip,A,B,skip,skip,skip,skip,A,B,skip,skip,skip,skip,A,B,skip,skip,0.3,draw
50,rotate,4,skip,skip,skip,A,B,skip,skip,skip,skip,A,B,skip,skip,skip,skip,A,B,skip,skip,skip,0.3,draw
50,rotate,5,skip,skip,A,B,skip,skip,skip,skip,A,B,skip,skip,skip,skip,A,B,skip,skip,skip,skip,0.3,draw
50,rotate,6,skip,A,B,skip,skip,skip,skip,A,B,skip,skip,skip,skip,A,B,skip,skip,skip,skip,A,0.35,draw
51,rotate,1,A,B,skip,skip,skip,skip,A,B,skip,skip,skip,skip,A,B,skip,skip,skip,skip,A,B,0.4,draw
51,rotate,2,B,skip,skip,skip,skip,A,B,skip,skip,skip,skip,A,B,skip,skip,skip,skip,A,B,skip,0.35,draw
51,rotate,3,skip,skip,skip,skip,A,B,skip,skip,skip,skip,A,B,skip,skip,skip,skip,A,B,skip,skip,0.3,draw
51,rotate,4,skip,skip,skip,A,B,skip,skip,skip,skip,A,B,skip,skip,skip,skip,A,B,skip,skip,skip,0.3,draw
51,rotate,5,skip,skip,A,B,skip,skip,skip,skip,A,B,skip,skip,skip,skip,A,B,skip,skip,skip,skip,0.3,draw
51,rotate,6,skip,A,B,skip,skip,skip,skip,A,B,skip,skip,skip,skip,A,B,skip,skip,skip,skip,A,0.35,draw
52,rotate,1,A,B,skip,skip,skip,skip,A,B,skip,skip,skip,skip,A,B,skip,skip,skip,skip,A,B,0.4,draw
52,rotate,2,B,skip,skip,skip,skip,A,B,skip,skip,skip,skip,A,B,skip,skip,skip,skip,A,B,skip,0.35,draw
52,rotate,3,skip,skip,skip,skip,A,B,skip,skip,skip,skip,A,B,skip,skip,skip,skip,A,B,skip,skip,0.3,draw
52,rotate,4,skip,skip,skip,A,B,skip,skip,skip,skip,A,B,skip,skip,skip,skip,A,B,skip,skip,skip,0.3,draw
52,rotate,5,skip,skip,A,B,skip,skip,skip,skip,A,B,skip,skip,skip,skip,A,B,skip,skip,skip,skip,0.3,draw
52,rotate,6,skip,A,B,skip,skip,skip,skip,A,B,skip,skip,skip,skip,A,B,skip,skip,skip,skip,A,0.35,draw
53,rotate,1,A,B,skip,skip,skip,skip,A,B,skip,skip,skip,skip,A,B,skip,skip,skip,skip,A,B,0.4,draw
53,rotate,2,B,skip,skip,skip,skip,A,B,skip,skip,skip,skip,A,B,skip,skip,skip,skip,A,B,skip,0.35,draw
53,rotate,3,skip,skip,skip,skip,A,B,skip,skip,skip,skip,A,B,skip,skip,skip,skip,A,B,skip,skip,0.3,draw
53,rotate,4,skip,skip,skip,A,B,skip,skip,skip,skip,A,B,skip,skip,skip,skip,A,B,skip,skip,skip,0.3,draw
53,rotate,5,skip,skip,A,B,skip,skip,skip,skip,A,B,skip,skip,skip,skip,A,B,skip,skip,skip,skip,0.3,draw
53,rotate,6,skip,A,B,skip,skip,skip,skip,A,B,skip,skip,skip,skip,A,B,skip,skip,skip,skip,A,0.35,draw
54,rotate,1,A,B,skip,skip,skip,skip,A,B,skip,skip,skip,skip,A,B,skip,skip,skip,skip,A,B,0.4,draw
54,rotate,2,B,skip,skip,skip,skip,A,B,skip,skip,skip,skip,A,B,skip,skip,skip,skip,A,B,skip,0.35,draw
54,rotate,3,skip,skip,skip,skip,A,B,skip,skip,skip,skip,A,B,skip,skip,skip,skip,A,B,skip,skip,0.3,draw
54,rotate,4,skip,skip,skip,A,B,skip,skip,skip,skip,A,B,skip,skip,skip,skip,A,B,skip,skip,skip,0.3,draw
54,rotate,5,skip,skip,A,B,skip,skip,skip,skip,A,B,skip,skip,skip,skip,A,B,skip,skip,skip,skip,0.3,draw
54,rotate,6,skip,A,B,skip,skip,skip,skip,A,B,skip,skip,skip,skip,A,B,skip,skip,skip,skip,A,0.35,draw
55,rotate,1,A,B,skip,skip,skip,skip,A,B,skip,skip,skip,skip,A,B,skip,skip,skip,skip,A,B,0.4,draw
55,rotate,2,B,skip,skip,skip,skip,A,B,skip,skip,skip,skip,A,B,skip,skip,skip,skip,A,B,skip,0.35,draw
55,rotate,3,skip,skip,skip,skip,A,B,skip,skip,skip,skip,A,B,skip,skip,skip,skip,A,B,skip,skip,0.3,draw
55,rotate,4,skip,skip,skip,A,B,skip,skip,skip,skip,A,B,skip,skip,skip,skip,A,B,skip,skip,skip,0.3,draw
55,rotate,5,skip,skip,A,B,skip,skip,skip,skip,A,B,skip,skip,skip,skip,A,B,skip,skip,skip,skip,0.3,draw
55,rotate,6,skip,A,B,skip,skip,skip,skip,A,B,skip,skip,skip,skip,A,B,skip,skip,skip,skip,A,0.35,draw
56,rotate,1,A,B,skip,skip,skip,skip,A,B,skip,skip,skip,skip,A,B,skip,skip,skip,skip,A,B,0.4,draw
56,rotate,2,B,skip,skip,skip,skip,A,B,skip,skip,skip,skip,A,B,skip,skip,skip,skip,A,B,skip,0.35,draw
56,rotate,3,skip,skip,skip,skip,A,B,skip,skip,skip,skip,A,B,skip,skip,skip,skip,A,B,skip,skip,0.3,draw
56,rotate,4,skip,skip,skip,A,B,skip,skip,skip,skip,A,B,skip,skip,skip,skip,A,B,skip,skip,skip,0.3,draw
56,rotate,5,skip,skip,A,B,skip,skip,skip,skip,A,B,skip,skip,skip,skip,A,B,skip,skip,skip,skip,0.3,draw
56,rotate,6,skip,A,B,skip,skip,skip,skip,A,B,skip,skip,skip,skip,A,B,skip,skip,skip,skip,A,0.35,draw
57,rotate,1,A,B,skip,skip,skip,skip,A,B,skip,skip,skip,skip,A,B,skip,skip,skip,skip,A,B,0.4,draw
57,rotate,2,B,skip,skip,skip,skip,A,B,skip,skip,skip,skip,A,B,skip,skip,skip,skip,A,B,skip,0.35,draw
57,rotate,3,skip,skip,skip,skip,A,B,skip,skip,skip,skip,A,B,skip,skip,skip,skip,A,B,skip,skip,0.3,draw
57,rotate,4,skip,skip,skip,A,B,skip,skip,skip,skip,A,B,skip,skip,skip,skip,A,B,skip,skip,skip,0.3,draw
57,rotate,5,skip,skip,A,B,skip,skip,skip,skip,A,B,skip,skip,skip,skip,A,B,skip,skip,skip,skip,0.3,draw
57,rotate,6,skip,A,B,skip,skip,skip,skip,A,B,skip,skip,skip,skip,A,B,skip,skip,skip,skip,A,0.35,draw
58,rotate,1,A,B,skip,skip,skip,skip,A,B,skip,skip,skip,skip,A,B,skip,skip,skip,skip,A,B,0.4,draw
58,rotate,2,B,skip,skip,skip,skip,A,B,skip,skip,skip,skip,A,B,skip,skip,skip,skip,A,B,skip,0.35,draw
58,rotate,3,skip,skip,skip,skip,A,B,skip,skip,skip,skip,A,B,skip,skip,skip,skip,A,B,skip,skip,0.3,draw
58,rotate,4,skip,skip,skip,A,B,skip,skip,skip,skip,A,B,skip,skip,skip,skip,A,B,skip,skip,skip,0.3,draw
58,rotate,5,skip,skip,A,B,skip,skip,skip,skip,A,B,skip,skip,skip,skip,A,B,skip,skip,skip,skip,0.3,draw
58,rotate,6,skip,A,B,skip,skip,skip,skip,A,B,skip,skip,skip,skip,A,B,skip,skip,skip,skip,A,0.35,draw
59,rotate,1,A,B,skip,skip,skip,skip,A,B,skip,skip,skip,skip,A,B,skip,skip,skip,skip,A,B,0.4,draw
59,rotate,2,B,skip,skip,skip,skip,A,B,skip,skip,skip,skip,A,B,skip,skip,skip,skip,A,B,skip,0.35,draw
59,rotate,3,skip,skip,skip,skip,A,B,skip,skip,skip,skip,A,B,skip,skip,skip,skip,A,B,skip,skip,0.3,draw
59,rotate,4,skip,skip,skip,A,B,skip,skip,skip,skip,A,B,skip,skip,skip,skip,A,B,skip,skip,skip,0.3,draw
59,rotate,5,skip,skip,A,B,skip,skip,skip,skip,A,B,skip,skip,skip,skip,A,B,skip,skip,skip,skip,0.3,draw
59,rotate,6,skip,A,B,skip,skip,skip,skip,A,B,skip,skip,skip,skip,A,B,skip,skip,skip,skip,A,0.35,draw
60,rotate,1,A,B,skip,skip,skip,skip,A,B,skip,skip,skip,skip,A,B,skip,skip,skip,skip,A,B,0.4,draw
60,rotate,2,B,skip,skip,skip,skip,A,B,skip,skip,skip,skip,A,B,skip,skip,skip,skip,A,B,skip,0.35,draw
60,rotate,3,skip,skip,skip,skip,A,B,skip,skip,skip,skip,A,B,skip,skip,skip,skip,A,B,skip,skip,0.3,draw
60,rotate,4,skip,skip,skip,A,B,skip,skip,skip,skip,A,B,skip,skip,skip,skip,A,B,skip,skip,skip,0.3,draw
60,rotate,5,skip,skip,A,B,skip,skip,skip,skip,A,B,skip,skip,skip,skip,A,B,skip,skip,skip,skip,0.3,draw
60,rotate,6,skip,A,B,skip,skip,skip,skip,A,B,skip,skip,skip,skip,A,B,skip,skip,skip,skip,A,0.35,draw
61,random3,1,B,B,B,A,B,B,B,B,A,A,A,B,B,B,B,A,B,B,B,B,0.15,random3
61,random,2,A,A,B,skip,A,A,A,skip,skip,B,A,B,A,B,A,skip,B,A,A,B,0.0,random3
61,random,3,A,skip,skip,skip,A,B,B,A,B,A,B,A,skip,A,skip,A,B,skip,A,B,0.05,random3
61,random,4,skip,A,A,skip,A,A,B,B,B,B,skip,A,B,skip,A,A,A,A,skip,skip,0.05,random3
61,random3,5,B,B,B,A,A,A,A,A,A,A,A,A,A,A,B,A,A,A,A,A,0.0,random3
61,random3,6,B,B,B,A,A,A,A,B,B,B,A,A,A,A,A,A,A,A,A,A,0.0,random3
62,random,1,skip,skip,skip,A,skip,B,B,A,skip,A,skip,skip,B,skip,B,A,A,skip,A,A,0.0,draw
62,random,2,B,A,B,B,B,B,A,B,skip,A,skip,skip,B,B,B,A,B,B,B,A,0.0,draw
62,random3,3,B,B,B,A,A,A,A,A,A,A,A,B,A,B,B,B,B,A,A,B,0.0,draw
62,random3,4,A,B,B,A,A,A,B,B,B,B,B,B,A,A,A,A,A,A,A,A,0.0,draw
62,random3,5,A,A,A,A,A,A,A,A,A,A,A,A,A,A,A,B,B,B,B,B,0.0,draw
62,random,6,skip,skip,A,B,B,A,skip,A,B,B,B,A,B,skip,A,B,A,B,A,skip,0.0,draw
63,random,1,skip,skip,skip,skip,B,skip,A,B,skip,B,B,A,B,A,A,skip,B,skip,skip,skip,0.0,random3
63,random3,2,A,A,A,B,A,A,B,B,B,B,B,B,B,B,B,B,B,B,B,B,0.1,random3
63,random3,3,A,A,A,A,A,A,A,A,A,A,A,A,A,A,A,B,B,B,B,A,0.05,random3
63,random,4,A,B,A,skip,B,skip,A,A,A,A,skip,skip,B,skip,B,A,A,A,B,B,0.1,random3
63,random3,5,A,A,B,B,B,B,B,B,A,A,A,A,B,B,A,A,A,B,B,B,0.1,random3
63,random,6,A,skip,skip,B,B,skip,skip,B,A,A,B,A,A,skip,A,A,A,B,skip,A,0.0,random3
64,random,1,skip,B,B,B,skip,B,B,A,skip,A,A,skip,B,A,B,B,A,A,B,skip,0.0,random3
64,random,2,A,B,A,skip,B,skip,B,B,skip,skip,A,A,skip,B,A,A,B,B,B,A,0.05,random3
64,random3,3,B,B,B,B,B,B,B,B,A,A,B,B,B,A,B,B,B,B,B,B,0.05,random3
64,random,4,A,A,A,B,skip,skip,A,A,A,B,A,skip,skip,skip,B,A,B,A,B,A,0.0,random3
64,random3,5,A,A,A,B,B,B,A,A,A,A,A,A,A,A,A,A,A,B,B,A,0.05,random3
64,random3,6,B,A,B,B,A,A,A,A,B,B,B,B,B,A,B,B,B,B,B,A,0.15,random3
65,random3,1,A,A,A,A,A,B,B,B,B,A,A,A,B,B,B,B,B,B,B,B,0.2,random3
65,random3,2,B,B,B,B,B,A,A,A,A,A,B,A,B,B,A,B,A,B,B,B,0.0,random3
65,random,3,B,B,A,A,B,B,A,skip,skip,skip,A,A,skip,A,skip,A,A,skip,skip,B,0.0,random3
65,random,4,B,B,skip,B,B,skip,A,A,B,B,B,B,B,A,skip,A,A,skip,skip,skip,0.0,random3
65,random,5,skip,skip,skip,B,B,B,A,skip,B,B,B,A,A,skip,skip,skip,B,skip,B,A,0.1,random3
65,random3,6,B,B,B,A,A,A,A,B,A,A,A,B,B,A,A,B,B,B,B,B,0.0,random3
66,random3,1,B,B,B,B,B,B,B,B,B,B,B,B,B,B,A,A,B,A,A,B,0.1,random3
66,random3,2,B,B,A,A,A,A,A,A,A,A,A,B,A,A,B,B,B,B,A,A,0.05,random3
66,random,3,A,skip,A,B,skip,skip,A,A,B,A,skip,A,B,B,A,A,skip,B,A,A,0.0,random3
66,random3,4,A,A,A,B,B,B,A,A,A,A,A,A,A,A,A,A,A,B,B,B,0.1,random3
66,random,5,skip,B,skip,skip,skip,A,A,B,A,skip,skip,skip,B,B,B,A,skip,A,A,skip,0.0,random3
66,random,6,B,B,skip,skip,A,B,B,B,A,B,skip,A,A,A,B,B,A,skip,skip,B,0.0,random3
67,random,1,A,B,A,skip,A,A,B,A,skip,A,B,skip,skip,skip,A,skip,B,skip,B,B,0.0,random3
67,random3,2,B,B,B,B,B,B,B,A,A,B,B,B,A,A,A,A,B,B,B,A,0.0,random3
67,random3,3,B,B,A,A,A,A,A,A,A,A,A,A,A,A,A,B,A,A,A,A,0.2,random3
67,random3,4,B,B,B,B,B,B,B,B,B,B,B,B,B,B,B,B,B,B,B,B,0.1,random3
67,random,5,skip,skip,skip,A,B,B,B,A,skip,A,A,B,B,skip,B,A,B,skip,skip,B,0.0,random3
67,random,6,A,A,skip,skip,B,A,B,skip,A,B,A,A,skip,B,A,skip,skip,B,B,skip,0.05,random3
68,random,1,B,B,B,skip,skip,B,A,A,B,skip,skip,skip,A,A,B,B,A,A,B,skip,0.1,random3
68,random,2,B,skip,A,B,skip,skip,A,skip,B,B,A,A,B,B,B,A,A,B,skip,B,0.05,random3
68,random,3,A,A,B,B,A,skip,A,skip,skip,A,B,A,A,B,skip,skip,B,B,A,B,0.05,random3
68,random3,4,A,B,B,B,B,B,A,B,B,A,A,B,B,B,A,A,A,A,A,A,0.2,random3
68,random3,5,A,A,B,B,A,A,A,A,B,B,A,A,B,B,B,A,B,B,A,A,0.05,random3
68,random3,6,B,B,B,B,A,B,A,A,A,A,A,A,A,B,B,A,A,A,B,A,0.05,random3
69,random3,1,A,A,A,A,A,A,B,A,A,A,B,B,B,B,B,B,B,B,B,B,0.05,random3
69,random3,2,B,B,B,B,A,A,A,B,B,B,B,B,B,B,B,A,A,B,B,B,0.15,random3
69,random,3,B,B,A,B,skip,A,A,B,A,skip,A,A,skip,A,B,skip,B,A,B,B,0.05,random3
69,random,4,A,A,B,skip,B,skip,skip,A,skip,A,B,skip,A,B,A,B,B,B,A,A,0.0,random3
69,random3,5,B,B,B,B,A,A,B,A,A,A,A,A,B,B,B,B,A,A,A,A,0.0,random3
69,random,6,A,skip,B,B,B,B,B,A,A,skip,skip,A,A,skip,A,B,B,skip,A,A,0.05,random3
70,random,1,A,skip,skip,B,A,B,B,A,skip,skip,B,skip,A,B,A,A,A,B,A,skip,0.0,random3
70,random3,2,A,A,A,B,B,B,B,B,A,B,B,B,B,B,B,B,B,B,B,B,0.1,random3
70,random,3,A,B,skip,skip,B,B,A,B,A,skip,skip,A,B,B,skip,A,skip,A,B,B,0.05,random3
70,random,4,skip,A,A,B,skip,skip,B,skip,skip,A,A,B,skip,A,A,A,A,skip,A,skip,0.0,random3
70,random3,5,A,A,A,B,B,A,A,A,A,A,A,A,A,A,A,B,B,B,B,B,0.0,random3
70,random3,6,A,A,A,A,A,A,A,B,A,A,B,A,A,A,A,A,A,A,A,A,0.1,random3
71,random,1,A,A,A,B,B,skip,skip,A,B,A,skip,B,skip,B,A,skip,B,A,A,A,0.05,random3
71,random3,2,A,A,A,A,B,B,B,B,B,B,B,A,A,B,A,A,A,A,A,A,0.05,random3
71,random3,3,A,B,A,A,A,A,A,A,B,A,A,B,B,B,B,B,B,A,A,A,0.05,random3
71,random,4,B,skip,B,A,B,B,B,A,skip,B,A,A,A,A,B,A,skip,B,A,skip,0.1,random3
71,random,5,skip,A,B,skip,A,A,A,skip,B,B,B,skip,A,A,skip,A,B,A,B,A,0.0,random3
71,random3,6,A,B,A,A,A,A,A,A,A,A,B,B,B,A,A,A,A,A,B,B,0.1,random3
72,random3,1,B,B,B,B,A,A,A,A,B,B,B,A,B,B,B,B,B,A,B,B,0.0,random
72,random,2,B,skip,A,B,A,A,A,skip,skip,B,B,B,skip,B,skip,A,A,B,A,A,0.1,random
72,random3,3,B,B,B,B,A,B,B,B,B,A,A,A,B,A,A,A,B,A,A,A,0.0,random
72,random,4,skip,skip,skip,B,A,A,B,B,skip,A,A,A,skip,skip,A,skip,skip,skip,skip,A,0.0,random
72,random3,5,A,B,B,B,A,A,B,A,A,A,A,A,A,A,B,B,B,B,B,B,0.05,random
72,random,6,A,A,A,B,skip,B,A,B,A,A,skip,skip,B,skip,A,B,skip,skip,skip,skip,0.05,random
73,random,1,skip,A,B,A,skip,skip,B,B,A,B,skip,B,B,B,A,skip,skip,skip,B,skip,0.0,random3
73,random3,2,A,B,B,A,A,A,A,A,A,A,A,A,A,B,A,A,B,B,B,A,0.05,random3
73,random,3,B,A,B,B,skip,B,B,A,A,B,B,A,B,A,B,B,B,B,B,B,0.05,random3
73,random3,4,A,A,A,A,B,B,A,A,A,A,A,A,A,B,B,B,B,B,B,B,0.05,random3
73,random,5,B,A,B,B,A,B,B,skip,B,skip,skip,B,A,B,skip,B,B,skip,A,A,0.0,random3
73,random3,6,A,B,B,B,B,B,B,B,B,B,B,B,B,B,A,A,A,A,A,B,0.1,random3
74,random,1,A,B,A,skip,skip,B,skip,A,skip,A,A,A,A,A,skip,B,B,A,A,skip,0.0,random3
74,random,2,B,A,skip,skip,A,skip,skip,A,A,A,skip,A,A,A,A,B,A,B,skip,A,0.05,random3
74,random3,3,A,A,A,A,A,B,B,B,B,B,B,B,B,B,B,B,B,B,A,A,0.05,random3
74,random3,4,B,B,B,B,A,A,A,A,B,A,A,A,A,A,A,A,A,A,B,B,0.1,random3
74,random,5,A,A,B,B,skip,skip,skip,A,skip,A,A,B,B,A,A,A,A,B,skip,A,0.0,random3
74,random3,6,B,B,B,B,B,B,B,B,B,B,B,B,B,B,B,B,B,B,B,B,0.05,random3
75,random3,1,A,B,B,B,B,B,A,A,A,A,A,A,A,A,B,B,B,B,A,A,0.0,random
75,random3,2,A,A,A,A,A,A,A,A,A,A,A,A,A,A,B,A,A,A,B,A,0.0,random
75,random3,3,B,B,B,B,B,B,B,B,B,A,A,A,A,A,B,A,A,A,A,A,0.1,random
75,random,4,A,A,skip,A,skip,A,A,A,A,B,skip,skip,B,skip,B,skip,B,B,skip,B,0.05,random
75,random,5,B,B,A,B,A,skip,skip,A,B,A,A,B,A,A,A,B,skip,skip,skip,B,0.05,random
75,random,6,B,B,B,A,A,skip,A,A,B,B,A,B,A,B,B,A,skip,A,B,skip,0.05,random
76,random3,1,B,B,B,B,B,B,B,B,B,B,B,B,B,B,B,B,B,B,B,B,0.15,random3
76,random,2,A,A,skip,B,A,A,skip,skip,A,skip,B,skip,skip,B,skip,A,skip,B,B,skip,0.0,random3
76,random3,3,A,A,A,A,A,A,A,A,A,A,B,B,B,B,B,A,A,A,A,A,0.05,random3
76,random3,4,B,A,B,B,B,B,B,A,A,A,A,A,A,B,B,B,A,A,A,A,0.05,random3
76,random,5,B,skip,skip,B,skip,B,B,skip,B,A,A,B,A,A,A,B,A,A,A,skip,0.1,random3
76,random,6,skip,skip,A,skip,A,skip,A,B,A,B,B,skip,skip,skip,skip,A,skip,skip,A,A,0.0,random3
77,random3,1,B,B,B,B,B,B,A,A,A,B,B,B,B,B,B,B,B,B,B,B,0.0,random
77,random,2,skip,skip,B,A,B,skip,B,B,skip,skip,B,A,B,skip,B,skip,skip,skip,B,skip,0.05,random
77,random,3,A,skip,B,skip,B,B,A,skip,A,A,skip,B,skip,skip,B,B,B,skip,B,A,0.05,random
77,random3,4,B,A,A,A,A,A,A,A,A,B,B,B,A,A,A,A,A,A,A,A,0.25,random
77,random,5,A,B,B,skip,A,skip,A,B,A,B,A,skip,B,skip,A,skip,B,A,A,A,0.05,random
77,random3,6,A,A,B,B,B,B,B,B,B,B,B,B,A,B,A,B,B,B,B,B,0.05,random
78,random,1,skip,skip,skip,skip,B,B,skip,A,A,skip,A,B,skip,A,B,skip,skip,A,A,B,0.0,random3
78,random3,2,A,A,A,A,A,A,A,A,A,A,A,B,B,B,B,B,B,B,B,B,0.15,random3
78,random,3,A,B,skip,A,A,skip,B,B,skip,skip,A,B,skip,B,B,skip,skip,B,B,skip,0.0,random3
78,random3,4,B,B,B,B,B,B,B,B,B,B,A,B,B,B,B,B,B,B,B,B,0.05,random3
78,random3,5,B,B,B,B,B,A,A,A,A,B,A,B,A,A,A,A,A,A,A,A,0.2,random3
78,random,6,B,B,skip,A,skip,skip,skip,A,A,B,B,B,skip,B,A,B,skip,A,skip,skip,0.05,random3
79,random3,1,A,A,A,A,A,A,A,A,B,B,B,B,B,A,A,A,A,A,A,A,0.0,draw
79,random,2,B,A,skip,skip,B,B,skip,A,A,B,A,skip,B,skip,B,A,A,skip,B,skip,0.0,draw
79,random3,3,A,B,B,B,B,A,A,A,A,A,B,B,B,B,B,A,B,B,B,B,0.0,draw
79,random,4,A,B,A,A,skip,B,skip,A,B,A,skip,A,B,skip,B,A,skip,A,A,A,0.05,draw
79,random,5,skip,B,skip,A,A,B,A,B,B,A,A,B,A,B,B,A,B,A,skip,B,0.0,draw
79,random3,6,B,B,B,B,B,B,B,B,B,B,B,B,A,A,A,A,A,B,B,B,0.05,draw
80,random3,1,B,A,B,B,B,A,A,A,A,A,A,A,B,B,B,B,B,A,A,B,0.05,random3
80,random,2,A,A,A,B,B,A,B,A,B,skip,A,A,B,skip,A,A,B,B,A,skip,0.0,random3
80,random,3,A,skip,skip,A,B,A,A,A,A,skip,skip,A,A,B,A,B,skip,A,skip,B,0.0,random3
80,random3,4,B,B,B,B,B,B,B,A,B,B,B,A,A,A,A,A,A,A,A,A,0.15,random3
80,random3,5,B,B,B,A,A,A,B,B,B,B,B,A,A,A,B,B,B,B,B,B,0.15,random3
80,random,6,skip,A,A,B,B,A,skip,A,skip,B,skip,skip,B,A,skip,skip,B,B,A,skip,0.0,random3
81,random3,1,B,B,B,B,B,A,B,B,B,B,B,A,B,B,B,B,B,B,B,B,0.35,rotate
81,rotate,2,B,skip,skip,skip,skip,A,B,skip,skip,skip,skip,A,B,skip,skip,skip,skip,A,B,skip,0.0,rotate
81,random3,3,B,A,A,B,B,A,A,A,A,B,B,B,B,B,A,B,A,A,A,A,0.05,rotate
81,rotate,4,skip,skip,skip,A,B,skip,skip,skip,skip,A,B,skip,skip,skip,skip,A,B,skip,skip,skip,0.05,rotate
81,rotate,5,skip,skip,A,B,skip,skip,skip,skip,A,B,skip,skip,skip,skip,A,B,skip,skip,skip,skip,0.0,rotate
81,random3,6,A,A,A,A,A,A,A,A,A,A,A,A,B,A,A,B,A,A,A,A,0.2,rotate
82,random3,1,B,B,B,B,B,B,B,B,B,B,B,B,B,B,B,B,B,B,B,A,0.2,random3
82,rotate,2,B,skip,skip,skip,skip,A,B,skip,skip,skip,skip,A,B,skip,skip,skip,skip,A,B,skip,0.0,random3
82,rotate,3,skip,skip,skip,skip,A,B,skip,skip,skip,skip,A,B,skip,skip,skip,skip,A,B,skip,skip,0.0,random3
82,random3,4,B,A,A,A,A,A,A,A,A,A,A,A,A,A,A,A,A,A,A,A,0.25,random3
82,rotate,5,skip,skip,A,B,skip,skip,skip,skip,A,B,skip,skip,skip,skip,A,B,skip,skip,skip,skip,0.0,random3
82,random3,6,A,A,A,A,A,A,A,A,B,B,B,B,B,B,B,B,B,B,B,B,0.1,random3
83,rotate,1,A,B,skip,skip,skip,skip,A,B,skip,skip,skip,skip,A,B,skip,skip,skip,skip,A,B,0.0,rotate
83,random3,2,A,A,A,A,A,A,A,A,A,A,A,A,A,A,A,B,B,B,B,B,0.0,rotate
83,rotate,3,skip,skip,skip,skip,A,B,skip,skip,skip,skip,A,B,skip,skip,skip,skip,A,B,skip,skip,0.1,rotate
83,random3,4,A,A,A,A,A,A,A,A,A,A,A,A,A,A,A,B,B,B,B,A,0.0,rotate
83,rotate,5,skip,skip,A,B,skip,skip,skip,skip,A,B,skip,skip,skip,skip,A,B,skip,skip,skip,skip,0.05,rotate
83,random3,6,B,B,A,A,A,A,A,B,B,B,A,B,B,B,B,B,B,B,A,A,0.2,rotate
84,rotate,1,A,B,skip,skip,skip,skip,A,B,skip,skip,skip,skip,A,B,skip,skip,skip,skip,A,B,0.05,rotate
84,random3,2,B,B,B,B,B,B,A,A,A,B,B,B,B,A,A,A,A,A,A,A,0.2,rotate
84,random3,3,A,A,A,A,A,A,A,A,A,A,B,B,B,B,A,A,B,A,A,B,0.05,rotate
84,rotate,4,skip,skip,skip,A,B,skip,skip,skip,skip,A,B,skip,skip,skip,skip,A,B,skip,skip,skip,0.0,rotate
84,rotate,5,skip,skip,A,B,skip,skip,skip,skip,A,B,skip,skip,skip,skip,A,B,skip,skip,skip,skip,0.0,rotate
84,random3,6,A,A,B,A,A,B,A,A,A,B,B,B,A,B,B,B,B,B,B,B,0.15,rotate
85,rotate,1,A,B,skip,skip,skip,skip,A,B,skip,skip,skip,skip,A,B,skip,skip,skip,skip,A,B,0.05,rotate
85,rotate,2,B,skip,skip,skip,skip,A,B,skip,skip,skip,skip,A,B,skip,skip,skip,skip,A,B,skip,0.05,rotate
85,random3,3,A,B,B,B,B,B,B,B,B,B,A,A,A,A,A,A,A,A,B,B,0.25,rotate
85,random3,4,A,A,A,A,A,A,A,A,B,B,B,B,A,A,A,B,B,B,B,B,0.1,rotate
85,random3,5,A,A,A,A,A,A,A,B,A,A,A,B,B,B,B,B,B,A,B,A,0.1,rotate
85,rotate,6,skip,A,B,skip,skip,skip,skip,A,B,skip,skip,skip,skip,A,B,skip,skip,skip,skip,A,0.0,rotate
86,rotate,1,A,B,skip,skip,skip,skip,A,B,skip,skip,skip,skip,A,B,skip,skip,skip,skip,A,B,0.0,rotate
86,random3,2,B,B,B,B,B,B,A,B,B,B,B,B,B,B,B,B,B,B,B,B,0.25,rotate
86,rotate,3,skip,skip,skip,skip,A,B,skip,skip,skip,skip,A,B,skip,skip,skip,skip,A,B,skip,skip,0.05,rotate
86,rotate,4,skip,skip,skip,A,B,skip,skip,skip,skip,A,B,skip,skip,skip,skip,A,B,skip,skip,skip,0.0,rotate
86,random3,5,A,A,A,A,A,A,A,B,A,A,B,A,A,A,A,A,A,A,A,A,0.25,rotate
86,random3,6,A,A,A,A,B,B,A,A,A,B,B,B,B,B,B,B,B,B,A,A,0.05,rotate
87,rotate,1,A,B,skip,skip,skip,skip,A,B,skip,skip,skip,skip,A,B,skip,skip,skip,skip,A,B,0.05,rotate
87,rotate,2,B,skip,skip,skip,skip,A,B,skip,skip,skip,skip,A,B,skip,skip,skip,skip,A,B,skip,0.0,rotate
87,random3,3,A,A,A,B,A,A,A,A,A,A,A,B,B,B,A,A,B,B,B,B,0.05,rotate
87,random3,4,A,A,A,A,A,B,B,B,B,B,A,A,A,A,A,A,B,B,B,B,0.1,rotate
87,rotate,5,skip,skip,A,B,skip,skip,skip,skip,A,B,skip,skip,skip,skip,A,B,skip,skip,skip,skip,0.0,rotate
87,random3,6,B,B,B,B,B,B,B,A,B,B,B,B,B,B,B,B,B,A,B,A,0.25,rotate
88,random3,1,B,B,B,B,B,B,B,B,B,B,B,B,B,B,B,B,B,B,A,A,0.2,random3
88,rotate,2,B,skip,skip,skip,skip,A,B,skip,skip,skip,skip,A,B,skip,skip,skip,skip,A,B,skip,0.0,random3
88,rotate,3,skip,skip,skip,skip,A,B,skip,skip,skip,skip,A,B,skip,skip,skip,skip,A,B,skip,skip,0.0,random3
88,rotate,4,skip,skip,skip,A,B,skip,skip,skip,skip,A,B,skip,skip,skip,skip,A,B,skip,skip,skip,0.0,random3
88,random3,5,B,A,B,B,B,B,B,A,A,A,A,A,A,A,A,A,B,B,B,B,0.25,random3
88,random3,6,A,A,A,A,A,A,B,B,B,A,A,A,B,A,B,A,A,A,A,A,0.1,random3
89,rotate,1,A,B,skip,skip,skip,skip,A,B,skip,skip,skip,skip,A,B,skip,skip,skip,skip,A,B,0.0,rotate
89,random3,2,A,A,A,A,A,A,B,B,B,B,A,B,B,B,B,B,A,A,A,A,0.05,rotate
89,random3,3,B,B,A,A,A,A,A,A,A,A,A,A,A,A,B,B,B,B,B,B,0.25,rotate
89,random3,4,A,B,B,A,B,B,B,B,A,B,A,A,B,B,B,A,A,A,A,A,0.15,rotate
89,rotate,5,skip,skip,A,B,skip,skip,skip,skip,A,B,skip,skip,skip,skip,A,B,skip,skip,skip,skip,0.1,rotate
89,rotate,6,skip,A,B,skip,skip,skip,skip,A,B,skip,skip,skip,skip,A,B,skip,skip,skip,skip,A,0.0,rotate
90,rotate,1,A,B,skip,skip,skip,skip,A,B,skip,skip,skip,skip,A,B,skip,skip,skip,skip,A,B,0.05,rotate
90,rotate,2,B,skip,skip,skip,skip,A,B,skip,skip,skip,skip,A,B,skip,skip,skip,skip,A,B,skip,0.0,rotate
90,rotate,3,skip,skip,skip,skip,A,B,skip,skip,skip,skip,A,B,skip,skip,skip,skip,A,B,skip,skip,0.05,rotate
90,random3,4,A,A,A,A,B,B,B,B,B,B,B,B,B,A,A,A,A,A,A,A,0.3,rotate
90,random3,5,B,B,A,A,B,A,A,A,A,A,B,B,B,B,B,B,A,B,B,B,0.0,rotate
90,random3,6,B,B,A,A,A,A,B,A,A,A,B,A,B,B,B,B,A,A,A,A,0.0,rotate
91,rotate,1,A,B,skip,skip,skip,skip,A,B,skip,skip,skip,skip,A,B,skip,skip,skip,skip,A,B,0.0,random3
91,random3,2,A,A,B,A,B,B,B,B,B,A,A,B,A,B,B,B,B,B,B,B,0.15,random3
91,rotate,3,skip,skip,skip,skip,A,B,skip,skip,skip,skip,A,B,skip,skip,skip,skip,A,B,skip,skip,0.0,random3
91,random3,4,A,A,A,A,A,A,A,A,A,A,A,A,A,A,B,B,A,A,A,A,0.2,random3
91,random3,5,B,B,B,A,A,B,A,B,B,B,B,B,A,A,A,A,A,A,B,B,0.25,random3
91,rotate,6,skip,A,B,skip,skip,skip,skip,A,B,skip,skip,skip,skip,A,B,skip,skip,skip,skip,A,0.0,random3
92,rotate,1,A,B,skip,skip,skip,skip,A,B,skip,skip,skip,skip,A,B,skip,skip,skip,skip,A,B,0.0,rotate
92,random3,2,A,B,B,B,B,B,B,B,B,A,A,A,A,A,A,A,A,B,B,B,0.15,rotate
92,random3,3,B,B,A,A,A,A,A,A,A,B,B,B,B,B,B,A,A,A,B,B,0.25,rotate
92,rotate,4,skip,skip,skip,A,B,skip,skip,skip,skip,A,B,skip,skip,skip,skip,A,B,skip,skip,skip,0.05,rotate
92,random3,5,B,B,B,B,B,A,A,A,A,A,A,A,A,A,A,A,A,A,A,A,0.0,rotate
92,rotate,6,skip,A,B,skip,skip,skip,skip,A,B,skip,skip,skip,skip,A,B,skip,skip,skip,skip,A,0.05,rotate
93,random3,1,A,A,A,A,A,A,B,A,B,B,A,B,B,A,A,A,B,B,B,B,0.1,rotate
93,rotate,2,B,skip,skip,skip,skip,A,B,skip,skip,skip,skip,A,B,skip,skip,skip,skip,A,B,skip,0.0,rotate
93,rotate,3,skip,skip,skip,skip,A,B,skip,skip,skip,skip,A,B,skip,skip,skip,skip,A,B,skip,skip,0.0,rotate
93,random3,4,B,B,B,B,B,B,B,A,B,B,B,B,B,A,A,A,A,B,A,A,0.15,rotate
93,random3,5,A,A,A,A,B,B,B,B,B,A,A,A,A,A,A,A,A,A,A,A,0.15,rotate
93,rotate,6,skip,A,B,skip,skip,skip,skip,A,B,skip,skip,skip,skip,A,B,skip,skip,skip,skip,A,0.05,rotate
94,random3,1,B,A,A,B,A,A,B,A,A,A,A,A,A,A,A,A,A,A,A,A,0.2,rotate
94,random3,2,A,A,B,B,A,A,A,A,A,A,B,B,B,B,A,A,A,A,B,A,0.15,rotate
94,rotate,3,skip,skip,skip,skip,A,B,skip,skip,skip,skip,A,B,skip,skip,skip,skip,A,B,skip,skip,0.05,rotate
94,rotate,4,skip,skip,skip,A,B,skip,skip,skip,skip,A,B,skip,skip,skip,skip,A,B,skip,skip,skip,0.05,rotate
94,rotate,5,skip,skip,A,B,skip,skip,skip,skip,A,B,skip,skip,skip,skip,A,B,skip,skip,skip,skip,0.0,rotate
94,random3,6,B,A,A,B,B,A,B,A,A,B,B,B,B,B,B,B,B,B,B,B,0.1,rotate
95,random3,1,A,A,A,B,A,A,B,B,B,B,B,B,A,A,A,A,A,A,A,A,0.1,rotate
95,random3,2,A,B,B,B,B,A,B,B,A,A,A,A,A,B,B,B,B,B,B,A,0.15,rotate
95,random3,3,B,B,B,B,B,A,A,A,A,A,A,B,A,A,A,A,A,A,B,B,0.15,rotate
95,rotate,4,skip,skip,skip,A,B,skip,skip,skip,skip,A,B,skip,skip,skip,skip,A,B,skip,skip,skip,0.05,rotate
95,rotate,5,skip,skip,A,B,skip,skip,skip,skip,A,B,skip,skip,skip,skip,A,B,skip,skip,skip,skip,0.0,rotate
95,rotate,6,skip,A,B,skip,skip,skip,skip,A,B,skip,skip,skip,skip,A,B,skip,skip,skip,skip,A,0.0,rotate
96,random3,1,A,B,B,B,B,B,A,B,B,A,A,A,A,B,B,B,B,A,A,A,0.1,rotate
96,random3,2,A,A,A,A,B,B,A,A,A,A,A,A,A,A,A,A,B,B,A,A,0.15,rotate
96,rotate,3,skip,skip,skip,skip,A,B,skip,skip,skip,skip,A,B,skip,skip,skip,skip,A,B,skip,skip,0.1,rotate
96,rotate,4,skip,skip,skip,A,B,skip,skip,skip,skip,A,B,skip,skip,skip,skip,A,B,skip,skip,skip,0.0,rotate
96,random3,5,A,A,B,B,B,B,B,B,B,B,B,B,A,A,B,B,B,A,A,B,0.15,rotate
96,rotate,6,skip,A,B,skip,skip,skip,skip,A,B,skip,skip,skip,skip,A,B,skip,skip,skip,skip,A,0.0,rotate
97,random3,1,A,A,B,B,B,B,A,B,B,B,B,B,B,B,B,B,B,B,B,B,0.2,rotate
97,random3,2,A,A,A,A,A,A,A,A,A,A,A,A,A,B,B,B,A,A,A,B,0.1,rotate
97,rotate,3,skip,skip,skip,skip,A,B,skip,skip,skip,skip,A,B,skip,skip,skip,skip,A,B,skip,skip,0.0,rotate
97,random3,4,A,B,B,B,B,A,A,A,A,B,B,A,A,B,A,A,A,A,A,B,0.1,rotate
97,rotate,5,skip,skip,A,B,skip,skip,skip,skip,A,B,skip,skip,skip,skip,A,B,skip,skip,skip,skip,0.0,rotate
97,rotate,6,skip,A,B,skip,skip,skip,skip,A,B,skip,skip,skip,skip,A,B,skip,skip,skip,skip,A,0.1,rotate
98,random3,1,A,A,A,A,A,A,A,A,A,B,B,B,B,A,B,B,B,B,B,A,0.05,rotate
98,rotate,2,B,skip,skip,skip,skip,A,B,skip,skip,skip,skip,A,B,skip,skip,skip,skip,A,B,skip,0.0,rotate
98,random3,3,B,B,B,A,A,A,A,A,B,B,A,A,B,B,B,B,A,A,A,A,0.15,rotate
98,random3,4,A,A,B,B,A,B,B,B,B,B,A,B,B,B,B,B,B,B,B,B,0.15,rotate
98,rotate,5,skip,skip,A,B,skip,skip,skip,skip,A,B,skip,skip,skip,skip,A,B,skip,skip,skip,skip,0.05,rotate
98,rotate,6,skip,A,B,skip,skip,skip,skip,A,B,skip,skip,skip,skip,A,B,skip,skip,skip,skip,A,0.0,rotate
99,rotate,1,A,B,skip,skip,skip,skip,A,B,skip,skip,skip,skip,A,B,skip,skip,skip,skip,A,B,0.0,random3
99,rotate,2,B,skip,skip,skip,skip,A,B,skip,skip,skip,skip,A,B,skip,skip,skip,skip,A,B,skip,0.0,random3
99,random3,3,B,B,B,B,B,B,B,B,A,A,A,A,A,A,A,A,A,A,A,A,0.35,random3
99,rotate,4,skip,skip,skip,A,B,skip,skip,skip,skip,A,B,skip,skip,skip,skip,A,B,skip,skip,skip,0.0,random3
99,random3,5,A,A,A,A,B,A,A,A,A,A,A,A,A,B,B,B,B,B,B,B,0.15,random3
99,random3,6,A,A,A,A,A,A,B,B,B,B,B,B,B,B,B,A,B,A,A,B,0.2,random3
100,random3,1,B,B,B,B,B,A,A,A,A,A,A,A,A,A,B,A,A,A,B,B,0.05,rotate
100,rotate,2,B,skip,skip,skip,skip,A,B,skip,skip,skip,skip,A,B,skip,skip,skip,skip,A,B,skip,0.0,rotate
100,random3,3,B,B,B,B,A,A,A,A,A,A,A,A,A,A,A,A,A,A,A,A,0.1,rotate
100,rotate,4,skip,skip,skip,A,B,skip,skip,skip,skip,A,B,skip,skip,skip,skip,A,B,skip,skip,skip,0.1,rotate
100,random3,5,B,B,B,B,B,B,B,B,B,A,A,B,B,B,B,B,B,A,A,A,0.25,rotate
100,rotate,6,skip,A,B,skip,skip,skip,skip,A,B,skip,skip,skip,skip,A,B,skip,skip,skip,skip,A,0.05,rotate
101,random3,1,A,A,B,A,A,A,A,A,A,A,A,A,B,B,B,B,B,A,A,A,0.05,draw
101,random3,2,B,B,A,A,A,A,A,A,B,A,A,A,A,A,A,A,B,B,A,A,0.05,draw
101,random3,3,B,B,B,B,B,B,B,B,B,B,B,B,B,B,A,A,B,B,B,B,0.1,draw
101,random3,4,A,A,A,A,B,B,B,A,B,B,B,B,A,B,B,A,A,A,A,A,0.0,draw
101,random3,5,A,A,A,A,A,A,A,A,A,A,A,B,B,B,A,A,A,B,B,B,0.0,draw
101,random3,6,A,B,A,A,A,A,A,A,B,B,B,B,B,B,B,A,B,A,A,A,0.0,draw
102,random3,1,B,B,B,B,A,A,A,A,B,B,B,B,B,B,B,B,B,B,B,B,0.0,draw
102,random3,2,B,A,A,A,A,A,B,A,A,A,A,A,A,A,A,A,A,A,B,B,0.0,draw
102,random3,3,A,A,B,B,B,B,B,B,B,B,A,A,A,A,A,A,A,A,A,A,0.0,draw
102,random3,4,A,A,A,A,A,A,A,A,A,A,A,A,A,A,A,A,A,A,A,A,0.0,draw
102,random3,5,B,B,B,B,B,B,B,B,A,A,B,B,B,B,A,B,A,A,A,A,0.0,draw
102,random3,6,B,B,A,A,A,A,A,A,A,A,A,A,B,B,B,B,B,B,A,A,0.0,draw
103,random3,1,B,B,B,B,B,B,A,A,B,B,B,A,B,B,B,A,A,B,B,B,0.05,draw
103,random3,2,A,A,A,A,B,A,B,B,A,A,B,A,B,A,B,B,A,A,A,A,0.0,draw
103,random3,3,B,B,B,B,A,B,A,A,B,B,B,A,B,A,B,B,B,B,B,B,0.0,draw
103,random3,4,A,A,A,A,B,A,A,A,A,A,A,A,A,A,A,B,B,B,B,B,0.05,draw
103,random3,5,B,B,B,B,B,B,B,B,B,B,B,A,A,A,A,B,B,A,A,A,0.0,draw
103,random3,6,A,A,B,B,A,A,B,B,A,B,B,B,B,B,B,B,B,B,B,B,0.05,draw
104,random3,1,B,B,B,B,B,B,B,B,B,B,B,B,A,A,A,A,B,A,A,A,0.0,draw
104,random3,2,A,A,A,B,B,B,B,B,B,B,B,A,B,A,A,A,B,A,A,A,0.0,draw
104,random3,3,B,B,B,B,B,B,B,B,B,A,A,A,A,A,A,A,B,A,A,A,0.0,draw
104,random3,4,A,A,A,A,A,A,A,A,A,A,B,A,A,A,A,A,B,B,B,B,0.05,draw
104,random3,5,B,A,A,A,A,A,A,A,A,B,B,B,B,A,A,A,A,A,A,A,0.05,draw
104,random3,6,B,B,B,B,B,B,B,B,B,A,A,A,A,A,A,A,B,B,B,A,0.0,draw
105,random3,1,A,B,B,A,A,A,A,A,A,A,A,A,A,A,B,B,B,B,B,B,0.0,draw
105,random3,2,A,A,A,A,A,A,A,A,A,A,A,B,B,B,B,B,B,B,B,A,0.1,draw
105,random3,3,B,B,A,A,A,A,A,A,A,A,A,A,A,A,A,A,A,A,A,B,0.0,draw
105,random3,4,B,B,B,B,B,B,B,B,B,A,A,A,A,A,B,B,B,B,B,B,0.0,draw
105,random3,5,A,A,B,B,B,B,B,B,B,B,B,B,A,A,A,A,A,A,A,A,0.05,draw
105,random3,6,A,A,A,B,A,A,A,A,B,B,A,A,A,A,B,B,B,B,B,A,0.0,draw
106,random3,1,B,B,A,A,B,B,B,B,B,B,B,B,B,B,B,A,B,B,A,A,0.1,draw
106,random3,2,A,A,A,A,A,A,A,A,A,A,A,A,A,A,B,B,B,B,B,B,0.05,draw
106,random3,3,A,A,A,A,A,A,A,A,B,B,B,A,A,A,A,A,A,B,B,B,0.0,draw
106,random3,4,A,A,B,B,B,B,B,B,A,A,A,A,A,A,A,A,A,B,B,A,0.0,draw
106,random3,5,A,A,A,A,A,A,B,B,B,B,B,B,B,A,A,A,B,B,B,B,0.0,draw
106,random3,6,B,B,B,B,B,B,B,A,A,A,A,A,A,A,A,A,A,B,B,B,0.0,draw
107,random3,1,B,B,B,B,B,B,B,B,B,B,B,B,B,B,B,B,A,A,A,A,0.0,draw
107,random3,2,B,B,B,B,B,A,B,B,B,B,B,A,A,B,B,B,A,B,B,B,0.0,draw
107,random3,3,A,A,B,B,B,B,B,B,A,B,B,B,B,A,A,A,A,A,A,A,0.0,draw
107,random3,4,A,A,A,B,B,A,A,A,A,A,A,A,A,A,A,A,A,A,B,A,0.0,draw
107,random3,5,A,A,A,A,A,A,A,A,A,A,A,A,A,A,A,A,A,B,A,A,0.1,draw
107,random3,6,A,A,A,B,B,B,A,A,B,B,B,B,B,B,B,B,B,B,B,B,0.05,draw
108,random3,1,B,B,B,B,B,B,B,B,B,B,B,B,B,B,B,B,B,B,B,B,0.05,draw
108,random3,2,B,B,A,A,A,A,A,A,A,A,A,A,A,A,A,A,A,A,A,A,0.05,draw
108,random3,3,B,A,A,B,B,B,A,B,B,B,B,B,A,A,A,A,A,A,A,A,0.0,draw
108,random3,4,A,A,A,A,A,B,B,B,A,A,A,A,A,B,B,B,B,A,A,A,0.0,draw
108,random3,5,A,A,A,A,A,A,A,B,B,B,B,B,B,B,B,B,B,B,B,B,0.0,draw
108,random3,6,A,A,A,B,B,A,B,B,A,A,A,A,A,B,B,B,B,B,B,B,0.0,draw
109,random3,1,B,B,B,B,B,B,A,A,A,A,A,A,A,A,A,B,B,B,B,A,0.0,draw
109,random3,2,A,A,B,A,A,A,A,A,A,A,A,A,A,A,A,B,A,A,A,A,0.0,draw
109,random3,3,B,B,B,B,B,B,B,B,B,B,A,B,B,B,B,A,A,A,A,B,0.0,draw
109,random3,4,A,A,A,A,A,A,A,A,A,A,A,A,B,B,B,B,B,B,B,B,0.0,draw
109,random3,5,A,B,B,B,B,B,B,B,B,A,B,B,B,B,B,B,B,B,B,B,0.0,draw
109,random3,6,A,A,A,A,A,A,A,A,B,B,B,B,B,A,A,A,A,B,B,B,0.0,draw
110,random3,1,A,A,A,A,A,A,A,A,A,B,A,A,A,B,A,A,A,B,B,B,0.0,draw
110,random3,2,B,B,B,B,B,B,B,B,B,B,B,B,B,B,A,A,B,B,A,A,0.05,draw
110,random3,3,A,A,A,A,B,A,A,A,A,B,B,B,B,A,A,A,A,A,B,B,0.05,draw
110,random3,4,B,B,B,A,A,A,A,A,A,A,A,A,A,B,B,B,B,A,A,A,0.1,draw
110,random3,5,A,A,B,B,A,A,B,B,B,B,B,B,B,B,B,A,A,A,A,A,0.0,draw
110,random3,6,A,A,A,A,A,A,A,A,B,B,B,B,B,B,A,A,A,A,A,B,0.0,draw
111,random3,1,A,A,A,A,A,B,B,B,B,A,A,A,A,A,A,A,A,B,B,B,0.0,draw
111,random3,2,B,B,B,B,B,B,B,B,B,B,B,B,A,A,A,A,A,B,B,A,0.0,draw
111,random3,3,A,A,A,A,A,A,A,A,A,A,A,A,A,B,B,B,B,B,B,A,0.05,draw
111,random3,4,B,B,B,B,A,A,A,A,B,B,B,A,A,B,B,B,A,A,B,B,0.0,draw
111,random3,5,A,A,B,B,B,A,B,B,B,B,B,B,B,B,B,B,B,B,B,A,0.05,draw
111,random3,6,A,B,B,B,B,B,B,B,B,A,A,A,A,A,A,A,A,A,A,A,0.05,draw
112,random3,1,A,A,A,A,A,A,A,A,A,A,A,A,A,A,A,A,B,B,A,A,0.0,draw
112,random3,2,B,B,B,B,B,B,B,B,A,A,B,B,B,B,B,B,B,B,B,B,0.0,draw
112,random3,3,B,B,B,B,B,B,B,B,B,B,B,A,A,A,B,B,B,A,A,B,0.0,draw
112,random3,4,A,A,A,A,A,A,A,A,B,A,A,A,A,A,A,A,B,B,B,B,0.0,draw
112,random3,5,B,A,A,B,A,A,A,A,B,B,B,B,B,B,B,A,B,A,B,B,0.0,draw
112,random3,6,A,A,A,A,B,A,B,B,A,A,A,A,B,B,B,A,A,A,A,A,0.05,draw
113,random3,1,A,A,A,B,B,B,B,A,A,A,A,A,A,A,A,A,A,B,B,B,0.0,draw
113,random3,2,B,A,A,A,A,A,A,A,A,A,A,A,B,B,B,A,A,A,A,A,0.1,draw
113,random3,3,B,B,B,B,A,A,B,B,A,A,A,A,B,B,B,B,B,B,B,B,0.0,draw
113,random3,4,B,B,B,B,B,B,B,B,B,B,B,A,B,A,B,B,B,B,B,B,0.0,draw
113,random3,5,B,A,A,A,A,B,B,B,A,A,A,A,A,A,A,A,B,B,A,A,0.0,draw
113,random3,6,A,A,A,A,A,A,B,B,B,B,B,B,B,B,B,B,B,B,A,A,0.05,draw
114,random3,1,A,A,A,B,B,B,B,B,B,B,B,A,A,A,A,A,A,A,A,A,0.0,draw
114,random3,2,B,B,B,A,A,B,A,A,A,A,A,A,A,A,B,B,B,B,B,B,0.0,draw
114,random3,3,A,A,A,A,A,A,A,A,A,A,A,A,B,A,A,A,A,A,A,A,0.0,draw
114,random3,4,B,A,A,B,B,B,B,A,B,B,B,B,B,B,B,B,B,B,A,A,0.05,draw
114,random3,5,B,B,B,A,A,A,B,B,B,A,A,A,B,B,B,B,B,B,B,B,0.0,draw
114,random3,6,A,B,B,B,B,B,B,B,A,A,A,A,B,B,B,A,A,B,A,A,0.0,draw
115,random3,1,A,A,A,B,B,B,B,B,B,B,B,B,B,B,A,A,A,A,B,B,0.0,draw
115,random3,2,B,B,B,B,B,B,B,B,A,A,A,A,A,A,A,B,A,A,B,B,0.0,draw
115,random3,3,A,A,A,A,B,A,A,A,A,A,A,A,A,A,A,A,A,B,B,B,0.15,draw
115,random3,4,A,B,B,B,B,B,B,B,B,B,A,B,B,B,B,B,B,A,B,B,0.0,draw
115,random3,5,A,A,A,A,A,A,B,B,A,A,A,A,A,A,A,A,A,A,A,A,0.05,draw
115,random3,6,B,B,B,B,B,B,B,B,B,B,B,B,B,A,B,B,B,A,A,A,0.0,draw
116,random3,1,A,A,A,A,A,B,B,B,B,B,B,B,B,B,B,A,A,B,B,B,0.0,draw
116,random3,2,B,A,A,B,A,A,A,A,B,B,B,A,A,A,A,A,B,B,B,B,0.0,draw
116,random3,3,A,A,A,A,A,A,A,A,A,A,A,A,A,A,A,A,A,A,A,B,0.05,draw
116,random3,4,B,B,B,B,B,B,B,B,B,B,B,B,B,A,A,A,B,B,B,B,0.1,draw
116,random3,5,A,A,A,B,B,B,B,A,A,B,B,B,B,B,B,B,B,B,A,A,0.05,draw
116,random3,6,A,A,A,B,B,B,B,B,A,A,A,A,A,B,A,B,B,B,B,B,0.0,draw
117,random3,1,B,B,B,B,B,B,B,B,B,B,B,A,A,A,B,B,B,B,B,B,0.05,draw
117,random3,2,A,A,A,A,A,A,A,A,A,A,B,B,B,B,B,B,A,A,A,A,0.0,draw
117,random3,3,A,A,A,A,A,A,A,A,B,B,B,B,B,B,B,B,B,A,B,B,0.0,draw
117,random3,4,B,B,B,A,A,B,A,A,A,A,A,A,A,A,A,B,B,B,A,B,0.05,draw
117,random3,5,A,A,A,A,A,A,A,B,B,B,B,B,B,B,B,A,A,B,B,B,0.0,draw
117,random3,6,A,A,A,A,B,B,B,B,B,B,B,A,A,A,A,A,A,A,A,A,0.0,draw
118,random3,1,B,A,A,A,A,A,A,A,A,A,B,B,B,B,B,A,A,A,A,A,0.0,draw
118,random3,2,A,A,A,A,A,A,A,B,B,A,A,B,B,B,B,B,B,B,B,B,0.0,draw
118,random3,3,A,A,A,B,B,B,B,B,A,A,B,B,B,B,B,B,B,B,B,B,0.0,draw
118,random3,4,A,A,B,B,B,B,B,B,B,A,A,A,B,B,B,A,B,B,B,B,0.0,draw
118,random3,5,B,A,A,A,A,A,A,A,A,A,A,A,A,A,A,A,A,A,A,A,0.0,draw
118,random3,6,B,B,B,B,A,A,A,A,A,A,A,A,A,A,A,A,A,A,A,A,0.05,draw
119,random3,1,B,B,B,B,B,A,B,B,B,B,B,A,B,B,B,B,B,B,B,B,0.1,draw
119,random3,2,B,B,B,B,B,B,A,A,A,A,A,B,B,B,B,A,A,A,A,A,0.0,draw
119,random3,3,B,B,B,A,B,A,B,A,A,A,B,B,B,B,B,B,B,B,B,B,0.0,draw
119,random3,4,A,B,B,B,B,B,A,A,A,A,A,A,A,A,A,A,A,A,A,A,0.0,draw
119,random3,5,A,A,A,B,B,B,B,A,A,A,A,A,A,A,A,A,B,B,B,B,0.05,draw
119,random3,6,B,B,A,A,B,A,A,A,B,A,B,A,B,B,B,A,A,A,A,B,0.0,draw
120,random3,1,B,B,B,A,B,B,B,A,A,B,A,A,B,B,B,B,B,B,B,B,0.0,draw
120,random3,2,B,B,B,B,B,B,B,A,A,A,A,A,A,A,A,A,A,A,A,A,0.0,draw
120,random3,3,B,B,B,B,A,A,A,A,B,A,A,A,A,A,B,B,B,A,A,A,0.0,draw
120,random3,4,B,A,B,A,A,A,A,A,A,A,A,A,A,A,A,A,A,B,B,B,0.0,draw
120,random3,5,A,A,A,A,A,A,A,A,A,A,A,B,B,A,A,A,A,A,A,A,0.1,draw
120,random3,6,B,B,B,B,B,B,B,B,B,B,B,B,B,B,B,A,A,A,A,A,0.1,draw
121,random,1,skip,A,A,A,A,A,B,A,skip,B,skip,B,skip,B,skip,A,B,skip,skip,B,0.15,random
121,radicaleq,2,B,B,skip,skip,skip,skip,skip,skip,skip,A,skip,skip,skip,skip,A,A,A,B,B,skip,0.15,random
121,radicaleq,3,skip,skip,A,A,A,A,A,B,skip,skip,A,A,A,skip,skip,skip,skip,A,skip,skip,0.15,random
121,radicaleq,4,skip,skip,skip,skip,skip,skip,skip,A,B,skip,skip,skip,skip,A,skip,skip,skip,skip,A,B,0.1,random
121,random,5,B,skip,skip,A,skip,B,A,skip,A,B,A,B,skip,skip,skip,B,A,B,A,B,0.15,random
121,random,6,A,A,B,B,skip,skip,A,skip,skip,skip,A,A,skip,skip,A,skip,A,B,skip,skip,0.15,random
122,random,1,skip,skip,skip,skip,skip,skip,A,A,skip,skip,A,skip,B,B,A,A,skip,B,skip,A,0.1,random
122,radicaleq,2,B,skip,skip,skip,skip,skip,skip,skip,skip,skip,skip,skip,skip,A,skip,skip,skip,skip,skip,skip,0.1,random
122,random,3,A,A,A,A,B,A,A,skip,A,A,B,B,skip,skip,A,A,A,B,A,B,0.3,random
122,random,4,A,A,skip,B,A,A,A,A,A,skip,skip,B,skip,B,skip,skip,A,B,skip,skip,0.05,random
122,radicaleq,5,skip,skip,skip,skip,A,A,A,A,A,A,A,A,skip,skip,skip,skip,skip,skip,skip,skip,0.05,random
122,radicaleq,6,skip,skip,skip,skip,skip,skip,skip,skip,skip,skip,skip,skip,A,skip,skip,skip,skip,skip,skip,skip,0.05,random
123,random,1,A,A,skip,B,B,skip,B,B,skip,B,A,skip,skip,B,skip,skip,B,skip,skip,A,0.1,random
123,random,2,B,skip,B,B,A,B,skip,skip,A,B,skip,A,skip,A,skip,B,B,B,B,skip,0.25,random
123,random,3,skip,skip,skip,B,skip,skip,B,B,skip,A,B,B,B,skip,skip,A,B,B,A,A,0.15,random
123,radicaleq,4,skip,B,skip,skip,skip,skip,skip,skip,skip,skip,skip,B,B,A,A,skip,skip,skip,skip,B,0.15,random
123,radicaleq,5,skip,skip,B,B,B,B,B,B,B,skip,skip,skip,skip,B,B,skip,skip,skip,skip,skip,0.1,random
123,radicaleq,6,skip,skip,skip,skip,skip,skip,skip,skip,skip,B,A,A,A,skip,skip,A,A,skip,skip,skip,0.1,random
124,radicaleq,1,A,skip,skip,B,skip,skip,skip,skip,skip,B,skip,skip,skip,skip,skip,skip,skip,A,A,skip,0.2,random
124,radicaleq,2,B,A,skip,skip,B,skip,skip,skip,skip,skip,B,B,B,B,B,A,skip,B,B,A,0.15,random
124,random,3,B,B,skip,A,A,B,skip,B,skip,A,A,A,B,skip,B,B,skip,A,B,A,0.2,random
124,random,4,B,skip,skip,A,A,B,skip,skip,A,A,B,B,skip,skip,A,B,A,skip,skip,B,0.2,random
124,radicaleq,5,skip,skip,B,skip,skip,skip,skip,skip,B,skip,skip,skip,skip,skip,skip,skip,B,skip,skip,skip,0.15,random
124,random,6,B,skip,A,skip,skip,A,A,skip,skip,skip,skip,skip,skip,B,skip,B,skip,B,skip,skip,0.15,random
125,radicaleq,1,A,B,B,B,A,skip,skip,B,A,skip,skip,skip,skip,A,A,A,A,A,skip,skip,0.15,random
125,random,2,B,skip,B,A,B,B,A,A,skip,A,A,skip,skip,B,A,A,A,skip,B,skip,0.1,random
125,random,3,A,A,A,B,B,skip,A,B,B,A,A,B,A,A,A,B,B,B,A,B,0.1,random
125,random,4,A,B,A,B,skip,A,skip,A,B,A,A,A,A,skip,B,B,B,B,A,skip,0.1,random
125,radicaleq,5,skip,skip,skip,skip,skip,B,A,A,B,A,B,skip,B,skip,skip,skip,skip,skip,skip,skip,0.1,random
125,radicaleq,6,skip,skip,skip,skip,skip,skip,B,skip,skip,skip,skip,skip,A,B,B,B,B,B,B,B,0.05,random
126,radicaleq,1,A,B,skip,skip,skip,skip,skip,skip,skip,skip,skip,skip,B,B,B,skip,A,A,A,A,0.1,radicaleq
126,random,2,A,A,skip,B,A,A,B,B,A,A,B,skip,A,A,skip,skip,skip,skip,skip,B,0.25,radicaleq
126,radicaleq,3,skip,skip,B,skip,skip,skip,skip,skip,skip,skip,skip,skip,A,A,A,B,skip,skip,skip,skip,0.1,radicaleq
126,random,4,skip,skip,A,A,B,B,skip,skip,B,B,A,skip,B,B,A,skip,A,A,skip,A,0.1,radicaleq
126,radicaleq,5,skip,skip,skip,A,A,B,B,B,B,A,B,B,skip,skip,skip,A,skip,skip,skip,skip,0.1,radicaleq
126,random,6,A,skip,A,A,A,B,skip,B,skip,skip,A,A,A,skip,A,skip,A,A,A,skip,0.05,radicaleq
127,random,1,skip,A,B,skip,B,A,B,skip,A,B,A,skip,skip,skip,skip,A,B,A,A,A,0.15,random
127,radicaleq,2,B,skip,skip,skip,skip,skip,skip,B,B,B,B,B,B,skip,skip,skip,skip,skip,skip,skip,0.1,random
127,random,3,skip,A,skip,B,A,skip,B,skip,A,skip,B,B,skip,skip,skip,A,A,B,skip,B,0.05,random
127,radicaleq,4,skip,skip,skip,B,B,A,A,skip,skip,skip,skip,skip,skip,skip,skip,skip,skip,B,B,skip,0.1,random
127,random,5,skip,B,skip,B,B,A,skip,B,B,B,A,A,skip,A,A,skip,A,A,skip,A,0.2,random
127,radicaleq,6,skip,skip,skip,skip,skip,B,skip,skip,skip,skip,skip,skip,skip,skip,skip,skip,skip,skip,skip,B,0.05,random
128,radicaleq,1,A,B,A,skip,skip,skip,skip,skip,skip,B,B,skip,skip,B,A,A,A,A,skip,skip,0.15,radicaleq
128,random,2,A,B,B,A,B,A,A,B,skip,A,skip,skip,skip,B,A,skip,B,B,B,A,0.1,radicaleq
128,random,3,skip,B,skip,B,skip,A,skip,skip,skip,B,skip,A,A,B,skip,skip,B,skip,skip,skip,0.1,radicaleq
128,radicaleq,4,skip,skip,skip,skip,B,B,B,skip,skip,skip,skip,B,skip,skip,skip,skip,skip,skip,skip,skip,0.1,radicaleq
128,random,5,A,B,B,B,A,B,A,skip,skip,B,skip,skip,B,skip,skip,A,A,B,B,A,0.1,radicaleq
128,radicaleq,6,skip,skip,skip,skip,skip,skip,skip,B,B,skip,skip,skip,skip,A,skip,skip,skip,skip,skip,skip,0.1,radicaleq
129,radicaleq,1,A,B,B,B,B,A,skip,skip,skip,skip,B,skip,skip,skip,skip,skip,skip,skip,B,B,0.15,random
129,random,2,A,B,A,B,B,skip,skip,A,B,A,skip,B,skip,skip,B,skip,skip,A,A,A,0.1,random
129,random,3,A,skip,B,B,skip,B,B,B,A,A,A,skip,A,B,A,skip,A,B,A,A,0.15,random
129,radicaleq,4,skip,skip,skip,skip,skip,skip,B,B,A,A,A,A,skip,B,B,B,skip,skip,skip,skip,0.1,random
129,radicaleq,5,skip,skip,skip,skip,skip,skip,skip,skip,B,B,skip,skip,skip,skip,skip,skip,B,B,A,A,0.05,random
129,random,6,A,A,A,A,B,skip,B,skip,skip,A,skip,B,skip,B,A,A,B,skip,B,A,0.15,random
130,radicaleq,1,A,A,A,skip,skip,B,A,A,skip,skip,skip,skip,A,skip,skip,skip,skip,skip,skip,skip,0.15,random
130,radicaleq,2,B,B,skip,skip,skip,skip,B,B,A,A,A,skip,B,A,A,A,A,A,B,B,0.1,random
130,random,3,B,A,skip,B,A,B,A,B,A,A,B,skip,skip,B,A,B,B,A,A,skip,0.25,random
130,random,4,B,skip,skip,B,B,skip,B,B,B,B,skip,skip,B,A,skip,A,A,A,B,A,0.15,random
130,random,5,A,skip,B,B,skip,skip,B,B,B,skip,skip,A,skip,B,A,A,A,A,B,B,0.1,random
130,radicaleq,6,skip,skip,skip,skip,skip,A,skip,skip,skip,skip,skip,B,skip,skip,skip,skip,skip,skip,skip,skip,0.1,random
131,random,1,B,A,B,B,skip,skip,A,A,B,skip,skip,A,A,B,B,B,skip,A,skip,skip,0.25,random
131,radicaleq,2,B,A,A,B,B,B,A,A,A,skip,skip,skip,skip,B,A,A,A,skip,skip,skip,0.1,random
131,random,3,A,A,A,skip,skip,skip,A,B,B,B,B,skip,skip,A,skip,A,skip,skip,B,A,0.1,random
131,radicaleq,4,skip,skip,skip,skip,skip,skip,skip,skip,skip,B,B,B,skip,skip,skip,skip,skip,B,skip,skip,0.1,random
131,radicaleq,5,skip,skip,skip,skip,skip,skip,skip,skip,skip,skip,skip,skip,B,skip,skip,skip,skip,skip,B,B,0.05,random
131,random,6,A,A,skip,B,B,B,B,B,B,skip,skip,skip,A,skip,A,A,B,skip,A,B,0.15,random
132,radicaleq,1,A,A,skip,skip,skip,skip,skip,skip,skip,skip,B,skip,skip,skip,B,B,skip,skip,skip,skip,0.15,radicaleq
132,random,2,A,B,B,B,A,B,A,skip,B,A,A,A,skip,A,A,skip,skip,skip,B,skip,0.15,radicaleq
132,radicaleq,3,skip,skip,A,skip,skip,skip,skip,skip,skip,skip,skip,B,skip,skip,skip,skip,A,skip,skip,skip,0.15,radicaleq
132,random,4,B,skip,skip,skip,A,skip,skip,B,skip,A,skip,A,B,skip,B,A,skip,B,skip,skip,0.1,radicaleq
132,random,5,B,skip,B,B,B,B,B,skip,skip,A,A,A,A,A,skip,skip,B,B,A,A,0.25,radicaleq
132,radicaleq,6,skip,skip,skip,skip,skip,B,B,B,B,B,skip,skip,skip,B,skip,skip,skip,B,B,B,0.15,radicaleq
133,random,1,A,A,skip,A,skip,A,B,B,B,A,skip,A,A,skip,skip,skip,A,B,skip,skip,0.1,random
133,random,2,skip,skip,skip,A,A,B,skip,B,skip,B,A,B,B,skip,skip,B,B,skip,skip,A,0.1,random
133,radicaleq,3,skip,B,skip,skip,skip,skip,skip,skip,skip,skip,skip,skip,B,B,B,skip,skip,skip,skip,skip,0.1,random
133,radicaleq,4,skip,skip,A,skip,skip,skip,skip,skip,skip,skip,skip,skip,A,A,skip,skip,skip,skip,skip,skip,0.1,random
133,random,5,B,A,skip,skip,A,skip,skip,B,A,A,A,skip,A,B,A,B,A,B,A,skip,0.1,random
133,radicaleq,6,skip,skip,skip,A,A,A,B,B,B,B,B,skip,skip,skip,A,B,B,B,A,A,0.05,random
134,random,1,skip,skip,A,B,A,B,skip,A,skip,A,B,A,A,B,skip,B,A,skip,skip,A,0.15,random
134,radicaleq,2,B,B,B,A,A,A,skip,skip,skip,B,skip,skip,skip,skip,skip,skip,skip,skip,B,A,0.1,random
134,radicaleq,3,skip,skip,skip,B,B,B,A,skip,skip,skip,B,A,A,A,skip,skip,skip,skip,skip,B,0.1,random
134,random,4,A,B,B,A,B,skip,skip,B,A,skip,skip,skip,B,B,B,A,skip,B,B,B,0.1,random
134,random,5,B,skip,skip,A,B,skip,skip,B,A,A,A,A,A,skip,skip,A,B,A,skip,A,0.1,random
134,radicaleq,6,skip,skip,skip,skip,skip,skip,skip,B,B,skip,skip,skip,skip,skip,B,B,B,B,A,skip,0.1,random
135,random,1,B,A,B,B,B,skip,B,A,A,skip,B,skip,skip,A,B,A,B,B,skip,skip,0.1,random
135,random,2,B,A,A,skip,A,A,A,B,A,skip,skip,skip,A,A,skip,A,A,A,skip,A,0.25,random
135,radicaleq,3,skip,skip,skip,A,skip,skip,skip,skip,skip,skip,skip,skip,skip,B,skip,skip,skip,skip,skip,skip,0.1,random
135,random,4,A,A,A,B,skip,B,B,A,A,B,skip,B,skip,skip,B,B,B,skip,A,skip,0.1,random
135,radicaleq,5,skip,skip,skip,skip,A,A,A,A,B,skip,skip,skip,skip,A,B,B,B,B,A,B,0.1,random
135,radicaleq,6,skip,skip,skip,skip,skip,skip,skip,skip,A,B,B,B,B,skip,A,skip,skip,skip,skip,skip,0.1,random
136,radicaleq,1,A,B,skip,skip,skip,skip,skip,A,B,B,skip,skip,skip,skip,skip,skip,skip,skip,skip,A,0.1,random
136,radicaleq,2,B,A,B,skip,skip,skip,skip,skip,A,skip,skip,skip,skip,skip,skip,skip,skip,skip,skip,skip,0.1,random
136,random,3,B,A,A,skip,B,A,skip,B,B,A,A,A,A,A,B,B,B,skip,B,A,0.1,random
136,radicaleq,4,skip,skip,skip,A,skip,skip,skip,skip,skip,skip,A,A,A,A,A,A,B,B,B,B,0.1,random
136,random,5,skip,A,skip,B,A,skip,skip,A,skip,A,B,B,A,B,A,skip,A,B,B,skip,0.15,random
136,random,6,A,skip,A,B,B,A,B,A,skip,skip,B,skip,skip,B,B,A,skip,B,A,A,0.1,random
137,radicaleq,1,A,skip,skip,skip,skip,skip,skip,B,B,skip,skip,skip,skip,skip,skip,skip,B,A,A,A,0.1,random
137,random,2,skip,B,B,B,A,skip,skip,A,skip,B,skip,A,skip,A,B,B,A,skip,B,A,0.15,random
137,radicaleq,3,skip,B,B,B,B,skip,skip,skip,skip,B,B,skip,skip,skip,skip,skip,skip,skip,skip,B,0.1,random
137,radicaleq,4,skip,skip,skip,skip,skip,B,skip,skip,skip,skip,skip,B,skip,skip,skip,skip,skip,skip,skip,skip,0.1,random
137,random,5,B,skip,skip,B,skip,skip,B,A,skip,skip,skip,A,skip,A,skip,A,B,skip,A,B,0.1,random
137,random,6,B,A,B,A,A,A,A,B,A,A,skip,skip,skip,skip,A,B,B,A,skip,B,0.35,random
138,radicaleq,1,A,B,B,B,B,skip,skip,skip,skip,skip,skip,skip,B,B,B,B,B,A,A,A,0.05,random
138,radicaleq,2,B,skip,skip,skip,skip,skip,skip,skip,skip,skip,skip,skip,skip,skip,skip,skip,skip,B,B,B,0.05,random
138,radicaleq,3,skip,A,A,A,A,B,B,B,B,A,A,skip,skip,skip,skip,skip,skip,skip,skip,skip,0.05,random
138,random,4,A,skip,A,A,A,skip,skip,skip,B,A,B,A,A,B,A,B,B,skip,B,B,0.1,random
138,random,5,A,B,A,skip,A,A,skip,B,B,B,B,B,B,A,A,B,B,A,A,A,0.1,random
138,random,6,A,A,B,B,skip,B,B,B,skip,A,B,B,B,A,B,B,A,B,B,A,0.05,random
139,random,1,A,skip,B,B,B,B,skip,B,skip,skip,A,skip,A,B,skip,B,B,A,B,B,0.2,random
139,radicaleq,2,B,skip,skip,skip,A,A,A,skip,skip,skip,skip,skip,skip,skip,skip,skip,skip,A,A,skip,0.15,random
139,radicaleq,3,skip,A,A,skip,skip,skip,skip,A,A,A,A,B,B,B,B,B,B,B,B,B,0.05,random
139,random,4,A,A,skip,skip,A,A,skip,skip,A,A,B,skip,A,A,A,A,B,A,skip,B,0.1,random
139,radicaleq,5,skip,skip,skip,A,skip,skip,skip,skip,skip,skip,skip,skip,skip,skip,A,A,A,skip,skip,skip,0.1,random
139,random,6,skip,B,skip,skip,B,A,B,A,skip,B,A,B,B,skip,B,B,skip,B,B,A,0.2,random
140,random,1,A,A,A,skip,B,A,B,A,A,B,A,B,A,skip,B,skip,B,skip,A,A,0.2,radicaleq
140,random,2,B,B,A,skip,A,skip,A,A,A,B,skip,A,A,B,skip,skip,skip,skip,skip,A,0.1,radicaleq
140,radicaleq,3,skip,B,B,skip,skip,skip,skip,skip,skip,skip,skip,skip,A,B,B,B,A,B,skip,skip,0.1,radicaleq
140,radicaleq,4,skip,skip,skip,B,B,A,A,A,B,skip,skip,skip,skip,A,skip,skip,skip,skip,skip,skip,0.1,radicaleq
140,radicaleq,5,skip,skip,skip,skip,skip,B,skip,skip,skip,skip,skip,skip,skip,skip,A,skip,skip,skip,skip,skip,0.1,radicaleq
140,random,6,B,A,skip,B,skip,skip,A,A,skip,skip,skip,B,B,skip,B,B,A,skip,A,A,0.05,radicaleq
141,radicaleq,1,A,skip,skip,B,skip,skip,skip,B,skip,skip,skip,skip,skip,skip,B,A,skip,skip,skip,skip,0.2,rotate
141,rotate,2,B,skip,skip,skip,skip,A,B,skip,skip,skip,skip,A,B,skip,skip,skip,skip,A,B,skip,0.2,rotate
141,rotate,3,skip,skip,skip,skip,A,B,skip,skip,skip,skip,A,B,skip,skip,skip,skip,A,B,skip,skip,0.25,rotate
141,radicaleq,4,skip,B,skip,skip,skip,skip,B,A,B,A,skip,A,A,skip,skip,skip,A,A,A,skip,0.2,rotate
141,radicaleq,5,skip,skip,A,skip,skip,skip,A,skip,skip,skip,skip,skip,skip,B,skip,skip,skip,skip,skip,B,0.2,rotate
141,rotate,6,skip,A,B,skip,skip,skip,skip,A,B,skip,skip,skip,skip,A,B,skip,skip,skip,skip,A,0.2,rotate
142,radicaleq,1,A,skip,skip,skip,skip,skip,skip,skip,skip,skip,skip,skip,skip,skip,skip,skip,skip,skip,skip,skip,0.05,draw
142,rotate,2,B,skip,skip,skip,skip,A,B,skip,skip,skip,skip,A,B,skip,skip,skip,skip,A,B,skip,0.05,draw
142,radicaleq,3,skip,A,B,A,B,A,B,A,B,A,B,A,B,A,B,A,B,A,B,A,0.0,draw
142,rotate,4,skip,skip,skip,A,B,skip,skip,skip,skip,A,B,skip,skip,skip,skip,A,B,skip,skip,skip,0.0,draw
142,radicaleq,5,skip,skip,skip,skip,skip,skip,skip,skip,skip,skip,skip,skip,skip,skip,skip,skip,skip,skip,skip,skip,0.0,draw
142,rotate,6,skip,A,B,skip,skip,skip,skip,A,B,skip,skip,skip,skip,A,B,skip,skip,skip,skip,A,0.0,draw
143,rotate,1,A,B,skip,skip,skip,skip,A,B,skip,skip,skip,skip,A,B,skip,skip,skip,skip,A,B,0.2,radicaleq
143,rotate,2,B,skip,skip,skip,skip,A,B,skip,skip,skip,skip,A,B,skip,skip,skip,skip,A,B,skip,0.2,radicaleq
143,radicaleq,3,skip,A,skip,skip,skip,skip,skip,skip,A,A,skip,skip,skip,skip,A,A,skip,skip,skip,skip,0.15,radicaleq
143,radicaleq,4,skip,B,A,B,A,skip,skip,skip,skip,skip,B,skip,skip,skip,skip,skip,B,skip,skip,skip,0.15,radicaleq
143,rotate,5,skip,skip,A,B,skip,skip,skip,skip,A,B,skip,skip,skip,skip,A,B,skip,skip,skip,skip,0.1,radicaleq
143,radicaleq,6,skip,skip,skip,skip,skip,A,A,A,skip,skip,skip,A,A,A,skip,skip,skip,A,A,A,0.15,radicaleq
144,radicaleq,1,A,skip,skip,skip,skip,skip,B,skip,skip,skip,skip,skip,B,skip,skip,skip,skip,A,skip,skip,0.2,radicaleq
144,radicaleq,2,B,skip,skip,skip,skip,skip,skip,B,skip,skip,skip,skip,skip,B,skip,skip,skip,B,skip,skip,0.2,radicaleq
144,radicaleq,3,skip,A,B,B,B,A,skip,skip,A,A,B,A,skip,skip,B,B,A,skip,A,skip,0.2,radicaleq
144,rotate,4,skip,skip,skip,A,B,skip,skip,skip,skip,A,B,skip,skip,skip,skip,A,B,skip,skip,skip,0.15,radicaleq
144,rotate,5,skip,skip,A,B,skip,skip,skip,skip,A,B,skip,skip,skip,skip,A,B,skip,skip,skip,skip,0.15,radicaleq
144,rotate,6,skip,A,B,skip,skip,skip,skip,A,B,skip,skip,skip,skip,A,B,skip,skip,skip,skip,A,0.2,radicaleq
145,rotate,1,A,B,skip,skip,skip,skip,A,B,skip,skip,skip,skip,A,B,skip,skip,skip,skip,A,B,0.2,rotate
145,rotate,2,B,skip,skip,skip,skip,A,B,skip,skip,skip,skip,A,B,skip,skip,skip,skip,A,B,skip,0.35,rotate
145,radicaleq,3,skip,A,B,A,skip,skip,skip,B,A,skip,skip,skip,skip,B,A,skip,skip,skip,skip,B,0.15,rotate
145,radicaleq,4,skip,B,A,skip,skip,skip,skip,skip,B,A,skip,skip,skip,skip,B,A,skip,skip,skip,skip,0.15,rotate
145,radicaleq,5,skip,skip,skip,B,skip,skip,skip,skip,skip,B,skip,skip,skip,skip,skip,B,skip,skip,skip,skip,0.15,rotate
145,rotate,6,skip,A,B,skip,skip,skip,skip,A,B,skip,skip,skip,skip,A,B,skip,skip,skip,skip,A,0.15,rotate
146,radicaleq,1,A,skip,skip,skip,skip,skip,B,skip,skip,A,A,A,skip,skip,skip,A,A,A,skip,skip,0.2,rotate
146,radicaleq,2,B,skip,skip,skip,skip,skip,A,skip,skip,skip,skip,skip,B,skip,skip,skip,skip,skip,B,skip,0.2,rotate
146,rotate,3,skip,skip,skip,skip,A,B,skip,skip,skip,skip,A,B,skip,skip,skip,skip,A,B,skip,skip,0.15,rotate
146,rotate,4,skip,skip,skip,A,B,skip,skip,skip,skip,A,B,skip,skip,skip,skip,A,B,skip,skip,skip,0.2,rotate
146,radicaleq,5,skip,skip,skip,skip,A,A,skip,A,A,skip,skip,skip,skip,A,A,skip,skip,skip,skip,A,0.15,rotate
146,rotate,6,skip,A,B,skip,skip,skip,skip,A,B,skip,skip,skip,skip,A,B,skip,skip,skip,skip,A,0.2,rotate
147,radicaleq,1,A,skip,skip,skip,skip,skip,B,skip,A,A,A,A,skip,skip,A,A,A,A,skip,skip,0.2,radicaleq
147,radicaleq,2,B,skip,skip,skip,skip,skip,A,skip,skip,skip,skip,skip,B,skip,skip,skip,skip,skip,B,skip,0.2,radicaleq
147,rotate,3,skip,skip,skip,skip,A,B,skip,skip,skip,skip,A,B,skip,skip,skip,skip,A,B,skip,skip,0.15,radicaleq
147,rotate,4,skip,skip,skip,A,B,skip,skip,skip,skip,A,B,skip,skip,skip,skip,A,B,skip,skip,skip,0.2,radicaleq
147,rotate,5,skip,skip,A,B,skip,skip,skip,skip,A,B,skip,skip,skip,skip,A,B,skip,skip,skip,skip,0.2,radicaleq
147,radicaleq,6,skip,skip,skip,skip,A,A,skip,A,skip,skip,skip,skip,skip,A,skip,skip,skip,skip,skip,A,0.2,radicaleq
148,rotate,1,A,B,skip,skip,skip,skip,A,B,skip,skip,skip,skip,A,B,skip,skip,skip,skip,A,B,0.2,draw
148,radicaleq,2,B,skip,skip,skip,skip,B,B,skip,skip,skip,skip,B,B,skip,skip,skip,skip,B,B,skip,0.2,draw
148,rotate,3,skip,skip,skip,skip,A,B,skip,skip,skip,skip,A,B,skip,skip,skip,skip,A,B,skip,skip,0.15,draw
148,radicaleq,4,skip,B,B,skip,skip,skip,skip,B,B,skip,skip,skip,skip,B,B,skip,skip,skip,skip,B,0.15,draw
148,rotate,5,skip,skip,A,B,skip,skip,skip,skip,A,B,skip,skip,skip,skip,A,B,skip,skip,skip,skip,0.15,draw
148,radicaleq,6,skip,skip,skip,B,B,skip,skip,skip,skip,B,B,skip,skip,skip,skip,B,B,skip,skip,skip,0.15,draw
149,radicaleq,1,A,skip,skip,skip,skip,skip,skip,A,skip,skip,skip,skip,skip,A,skip,skip,skip,skip,skip,B,0.2,rotate
149,rotate,2,B,skip,skip,skip,skip,A,B,skip,skip,skip,skip,A,B,skip,skip,skip,skip,A,B,skip,0.15,rotate
149,rotate,3,skip,skip,skip,skip,A,B,skip,skip,skip,skip,A,B,skip,skip,skip,skip,A,B,skip,skip,0.2,rotate
149,rotate,4,skip,skip,skip,A,B,skip,skip,skip,skip,A,B,skip,skip,skip,skip,A,B,skip,skip,skip,0.25,rotate
149,radicaleq,5,skip,skip,skip,skip,A,A,B,B,skip,skip,skip,A,A,skip,A,skip,skip,skip,skip,skip,0.15,rotate
149,radicaleq,6,skip,skip,skip,skip,skip,skip,A,skip,skip,skip,skip,skip,skip,B,skip,A,A,A,A,skip,0.15,rotate
150,rotate,1,A,B,skip,skip,skip,skip,A,B,skip,skip,skip,skip,A,B,skip,skip,skip,skip,A,B,0.25,radicaleq
150,radicaleq,2,B,skip,skip,skip,skip,B,skip,skip,A,A,A,skip,skip,skip,A,A,A,skip,skip,skip,0.2,radicaleq
150,radicaleq,3,skip,A,skip,skip,skip,A,skip,skip,skip,skip,skip,B,skip,skip,skip,skip,skip,B,skip,skip,0.2,radicaleq
150,rotate,4,skip,skip,skip,A,B,skip,skip,skip,skip,A,B,skip,skip,skip,skip,A,B,skip,skip,skip,0.15,radicaleq
150,rotate,5,skip,skip,A,B,skip,skip,skip,skip,A,B,skip,skip,skip,skip,A,B,skip,skip,skip,skip,0.2,radicaleq
150,radicaleq,6,skip,skip,skip,A,A,skip,A,A,skip,skip,skip,skip,A,A,skip,skip,skip,skip,A,A,0.2,radicaleq
151,rotate,1,A,B,skip,skip,skip,skip,A,B,skip,skip,skip,skip,A,B,skip,skip,skip,skip,A,B,0.25,rotate
151,radicaleq,2,B,skip,skip,skip,skip,skip,skip,skip,skip,A,A,skip,skip,skip,skip,A,A,skip,skip,skip,0.15,rotate
151,radicaleq,3,skip,A,B,A,B,A,skip,skip,skip,skip,skip,B,skip,skip,skip,skip,skip,B,skip,skip,0.15,rotate
151,rotate,4,skip,skip,skip,A,B,skip,skip,skip,skip,A,B,skip,skip,skip,skip,A,B,skip,skip,skip,0.1,rotate
151,radicaleq,5,skip,skip,skip,skip,skip,skip,A,A,A,skip,skip,skip,A,A,A,skip,skip,skip,A,A,0.1,rotate
151,rotate,6,skip,A,B,skip,skip,skip,skip,A,B,skip,skip,skip,skip,A,B,skip,skip,skip,skip,A,0.1,rotate
152,radicaleq,1,A,skip,skip,skip,skip,B,skip,skip,skip,skip,skip,B,skip,skip,skip,skip,skip,B,skip,skip,0.2,rotate
152,rotate,2,B,skip,skip,skip,skip,A,B,skip,skip,skip,skip,A,B,skip,skip,skip,skip,A,B,skip,0.2,rotate
152,radicaleq,3,skip,A,skip,skip,skip,skip,B,B,skip,skip,skip,skip,B,B,skip,skip,skip,skip,B,B,0.2,rotate
152,rotate,4,skip,skip,skip,A,B,skip,skip,skip,skip,A,B,skip,skip,skip,skip,A,B,skip,skip,skip,0.15,rotate
152,rotate,5,skip,skip,A,B,skip,skip,skip,skip,A,B,skip,skip,skip,skip,A,B,skip,skip,skip,skip,0.2,rotate
152,radicaleq,6,skip,skip,skip,A,A,skip,skip,skip,A,A,A,skip,skip,skip,A,A,A,skip,skip,skip,0.15,rotate
153,rotate,1,A,B,skip,skip,skip,skip,A,B,skip,skip,skip,skip,A,B,skip,skip,skip,skip,A,B,0.2,rotate
153,radicaleq,2,B,skip,skip,skip,skip,B,B,skip,skip,skip,skip,B,B,skip,skip,skip,skip,B,B,skip,0.2,rotate
153,rotate,3,skip,skip,skip,skip,A,B,skip,skip,skip,skip,A,B,skip,skip,skip,skip,A,B,skip,skip,0.15,rotate
153,radicaleq,4,skip,B,B,B,skip,skip,skip,B,B,B,skip,skip,skip,B,B,B,skip,skip,skip,B,0.15,rotate
153,radicaleq,5,skip,skip,skip,skip,B,skip,skip,skip,skip,skip,B,skip,skip,skip,skip,skip,B,skip,skip,skip,0.15,rotate
153,rotate,6,skip,A,B,skip,skip,skip,skip,A,B,skip,skip,skip,skip,A,B,skip,skip,skip,skip,A,0.2,rotate
154,rotate,1,A,B,skip,skip,skip,skip,A,B,skip,skip,skip,skip,A,B,skip,skip,skip,skip,A,B,0.25,radicaleq
154,radicaleq,2,B,skip,skip,skip,skip,skip,skip,skip,A,A,skip,A,skip,skip,skip,skip,skip,A,skip,skip,0.2,radicaleq
154,radicaleq,3,skip,A,B,B,A,skip,skip,skip,skip,skip,B,skip,A,A,A,A,skip,skip,A,A,0.15,radicaleq
154,radicaleq,4,skip,B,A,A,skip,skip,skip,skip,skip,skip,A,skip,skip,skip,skip,skip,B,skip,skip,skip,0.15,radicaleq
154,rotate,5,skip,skip,A,B,skip,skip,skip,skip,A,B,skip,skip,skip,skip,A,B,skip,skip,skip,skip,0.1,radicaleq
154,rotate,6,skip,A,B,skip,skip,skip,skip,A,B,skip,skip,skip,skip,A,B,skip,skip,skip,skip,A,0.15,radicaleq
155,radicaleq,1,A,skip,skip,B,B,skip,skip,B,skip,skip,skip,A,skip,skip,skip,B,B,skip,skip,B,0.3,radicaleq
155,radicaleq,2,B,skip,skip,skip,skip,A,skip,skip,B,A,skip,B,A,skip,skip,skip,skip,A,skip,skip,0.25,radicaleq
155,rotate,3,skip,skip,skip,skip,A,B,skip,skip,skip,skip,A,B,skip,skip,skip,skip,A,B,skip,skip,0.25,radicaleq
155,radicaleq,4,skip,B,skip,skip,skip,skip,A,skip,skip,skip,B,skip,skip,B,skip,skip,skip,skip,A,skip,0.25,radicaleq
155,rotate,5,skip,skip,A,B,skip,skip,skip,skip,A,B,skip,skip,skip,skip,A,B,skip,skip,skip,skip,0.2,radicaleq
155,rotate,6,skip,A,B,skip,skip,skip,skip,A,B,skip,skip,skip,skip,A,B,skip,skip,skip,skip,A,0.3,radicaleq
156,radicaleq,1,A,skip,skip,skip,skip,A,A,skip,skip,A,skip,skip,skip,A,skip,skip,skip,skip,skip,B,0.25,draw
156,rotate,2,B,skip,skip,skip,skip,A,B,skip,skip,skip,skip,A,B,skip,skip,skip,skip,A,B,skip,0.2,draw
156,rotate,3,skip,skip,skip,skip,A,B,skip,skip,skip,skip,A,B,skip,skip,skip,skip,A,B,skip,skip,0.25,draw
156,radicaleq,4,skip,B,skip,skip,skip,skip,skip,A,skip,skip,skip,A,A,skip,A,A,skip,skip,skip,skip,0.2,draw
156,rotate,5,skip,skip,A,B,skip,skip,skip,skip,A,B,skip,skip,skip,skip,A,B,skip,skip,skip,skip,0.2,draw
156,radicaleq,6,skip,skip,skip,B,B,skip,skip,skip,B,skip,skip,skip,skip,B,skip,skip,A,A,A,skip,0.2,draw
157,rotate,1,A,B,skip,skip,skip,skip,A,B,skip,skip,skip,skip,A,B,skip,skip,skip,skip,A,B,0.25,rotate
157,radicaleq,2,B,skip,skip,skip,skip,skip,A,B,B,skip,skip,skip,B,skip,skip,B,skip,skip,skip,skip,0.2,rotate
157,rotate,3,skip,skip,skip,skip,A,B,skip,skip,skip,skip,A,B,skip,skip,skip,skip,A,B,skip,skip,0.2,rotate
157,rotate,4,skip,skip,skip,A,B,skip,skip,skip,skip,A,B,skip,skip,skip,skip,A,B,skip,skip,skip,0.25,rotate
157,radicaleq,5,skip,skip,skip,skip,A,A,skip,skip,skip,B,skip,skip,skip,A,skip,skip,skip,B,B,skip,0.2,rotate
157,radicaleq,6,skip,skip,skip,skip,skip,skip,B,skip,skip,skip,B,A,skip,B,A,skip,skip,skip,skip,A,0.2,rotate
158,radicaleq,1,A,skip,skip,skip,B,skip,skip,skip,skip,B,A,skip,skip,skip,A,A,skip,A,A,skip,0.25,radicaleq
158,rotate,2,B,skip,skip,skip,skip,A,B,skip,skip,skip,skip,A,B,skip,skip,skip,skip,A,B,skip,0.25,radicaleq
158,radicaleq,3,skip,A,B,A,skip,skip,B,B,skip,skip,skip,B,skip,skip,skip,skip,B,skip,skip,A,0.2,radicaleq
158,radicaleq,4,skip,B,skip,skip,skip,skip,skip,skip,A,A,skip,skip,A,skip,skip,skip,A,skip,skip,skip,0.2,radicaleq
158,rotate,5,skip,skip,A,B,skip,skip,skip,skip,A,B,skip,skip,skip,skip,A,B,skip,skip,skip,skip,0.15,radicaleq
158,rotate,6,skip,A,B,skip,skip,skip,skip,A,B,skip,skip,skip,skip,A,B,skip,skip,skip,skip,A,0.2,radicaleq
159,rotate,1,A,B,skip,skip,skip,skip,A,B,skip,skip,skip,skip,A,B,skip,skip,skip,skip,A,B,0.2,rotate
159,rotate,2,B,skip,skip,skip,skip,A,B,skip,skip,skip,skip,A,B,skip,skip,skip,skip,A,B,skip,0.2,rotate
159,rotate,3,skip,skip,skip,skip,A,B,skip,skip,skip,skip,A,B,skip,skip,skip,skip,A,B,skip,skip,0.3,rotate
159,radicaleq,4,skip,B,B,skip,skip,skip,B,A,skip,skip,skip,skip,B,A,skip,skip,skip,skip,B,A,0.2,rotate
159,radicaleq,5,skip,skip,skip,B,skip,skip,skip,B,A,skip,skip,skip,skip,B,A,skip,skip,skip,skip,B,0.15,rotate
159,radicaleq,6,skip,skip,skip,skip,B,skip,skip,skip,B,skip,skip,skip,skip,skip,B,skip,skip,skip,skip,skip,0.15,rotate
160,rotate,1,A,B,skip,skip,skip,skip,A,B,skip,skip,skip,skip,A,B,skip,skip,skip,skip,A,B,0.2,rotate
160,rotate,2,B,skip,skip,skip,skip,A,B,skip,skip,skip,skip,A,B,skip,skip,skip,skip,A,B,skip,0.25,rotate
160,radicaleq,3,skip,A,skip,skip,skip,A,A,B,B,skip,skip,skip,A,A,skip,skip,skip,A,A,A,0.2,rotate
160,rotate,4,skip,skip,skip,A,B,skip,skip,skip,skip,A,B,skip,skip,skip,skip,A,B,skip,skip,skip,0.15,rotate
160,radicaleq,5,skip,skip,A,skip,skip,skip,skip,skip,skip,A,A,skip,skip,skip,A,skip,skip,skip,skip,skip,0.15,rotate
160,radicaleq,6,skip,skip,skip,A,A,skip,skip,skip,skip,skip,skip,B,skip,skip,skip,A,A,skip,skip,skip,0.15,rotate
161,radicaleq,1,A,B,A,B,skip,skip,skip,skip,skip,skip,skip,skip,skip,skip,skip,skip,skip,skip,skip,skip,0.05,radicaleq
161,random3,2,B,B,A,A,B,B,B,B,A,A,A,A,A,A,A,B,B,B,B,B,0.0,radicaleq
161,radicaleq,3,skip,skip,skip,skip,A,A,A,A,A,A,A,A,A,A,A,A,A,skip,skip,skip,0.05,radicaleq
161,random3,4,B,B,A,A,B,B,B,B,B,B,B,B,B,B,B,A,B,A,B,B,0.15,radicaleq
161,radicaleq,5,skip,skip,skip,skip,skip,skip,skip,skip,skip,skip,skip,skip,skip,skip,skip,skip,skip,A,A,A,0.05,radicaleq
161,random3,6,A,A,A,A,A,A,A,A,A,A,A,B,B,B,B,B,B,B,A,B,0.05,radicaleq
162,random3,1,B,B,B,A,B,B,B,B,A,B,B,A,A,A,B,B,B,B,A,A,0.0,radicaleq
162,radicaleq,2,B,B,B,B,B,B,B,B,B,skip,skip,skip,skip,skip,skip,skip,skip,skip,skip,skip,0.05,radicaleq
162,random3,3,B,B,A,A,A,A,A,A,A,B,A,A,A,A,A,A,A,B,B,B,0.3,radicaleq
162,radicaleq,4,skip,skip,skip,skip,skip,skip,skip,skip,skip,B,B,B,B,B,B,B,B,B,B,B,0.0,radicaleq
162,random3,5,A,A,A,B,B,B,B,B,A,B,B,B,B,B,B,A,A,B,A,A,0.1,radicaleq
162,radicaleq,6,skip,skip,skip,skip,skip,skip,skip,skip,skip,skip,skip,skip,skip,skip,skip,skip,skip,skip,skip,skip,0.0,radicaleq
163,radicaleq,1,A,A,A,A,A,A,A,A,A,A,A,A,A,B,B,B,skip,skip,skip,skip,0.05,radicaleq
163,radicaleq,2,B,B,B,B,B,B,B,B,B,B,B,B,B,A,A,A,B,skip,skip,skip,0.05,radicaleq
163,random3,3,A,A,A,A,B,B,A,A,A,A,A,A,A,A,A,A,A,A,B,B,0.0,radicaleq
163,radicaleq,4,skip,skip,skip,skip,skip,skip,skip,skip,skip,skip,skip,skip,skip,skip,skip,skip,skip,A,A,A,0.0,radicaleq
163,random3,5,B,B,B,B,B,B,B,B,B,B,B,B,B,B,B,A,A,B,B,B,0.05,radicaleq
163,random3,6,B,B,B,B,A,A,A,A,A,A,A,A,A,A,A,A,A,A,A,A,0.0,radicaleq
164,random3,1,A,A,B,A,B,B,B,B,B,B,A,B,B,A,B,B,B,B,B,B,0.05,radicaleq
164,radicaleq,2,B,B,B,B,skip,skip,skip,skip,skip,skip,skip,skip,skip,skip,skip,skip,skip,skip,skip,skip,0.05,radicaleq
164,radicaleq,3,skip,skip,skip,skip,A,A,A,A,A,B,B,B,A,skip,skip,skip,skip,skip,skip,skip,0.05,radicaleq
164,random3,4,B,B,B,A,A,A,A,A,A,B,B,B,B,B,B,B,B,A,A,B,0.0,radicaleq
164,random3,5,A,A,A,A,B,B,B,B,A,A,A,B,B,A,A,A,A,A,A,A,0.3,radicaleq
164,radicaleq,6,skip,skip,skip,skip,skip,skip,skip,skip,skip,skip,skip,skip,skip,B,B,B,B,B,B,B,0.0,radicaleq
165,radicaleq,1,A,A,B,B,B,A,A,B,B,B,B,skip,A,A,A,A,A,A,skip,skip,0.1,radicaleq
165,random3,2,A,A,A,A,B,B,B,B,B,B,A,A,A,B,A,A,A,B,A,A,0.1,radicaleq
165,random3,3,B,A,A,A,A,A,A,A,A,A,A,A,B,B,B,B,B,B,A,B,0.05,radicaleq
165,radicaleq,4,skip,skip,skip,skip,skip,skip,skip,A,A,A,A,B,skip,skip,skip,skip,skip,skip,skip,skip,0.05,radicaleq
165,radicaleq,5,skip,skip,skip,skip,skip,skip,skip,skip,skip,skip,skip,A,B,B,B,B,B,B,B,B,0.0,radicaleq
165,random3,6,B,B,B,B,B,B,A,A,A,A,A,A,A,A,B,B,B,B,B,B,0.05,radicaleq
166,random3,1,B,A,A,B,B,B,A,A,A,A,A,A,A,A,B,B,B,A,A,A,0.05,radicaleq
166,radicaleq,2,B,B,B,skip,skip,skip,skip,skip,skip,skip,skip,skip,skip,skip,skip,skip,A,skip,skip,skip,0.1,radicaleq
166,radicaleq,3,skip,skip,skip,A,A,A,A,A,A,A,A,A,A,A,A,skip,skip,B,B,B,0.1,radicaleq
166,radicaleq,4,skip,skip,skip,skip,skip,skip,skip,skip,skip,skip,skip,skip,skip,skip,skip,A,skip,skip,skip,skip,0.05,radicaleq
166,random3,5,A,A,A,A,A,A,A,B,B,B,B,B,B,B,B,B,B,B,B,A,0.15,radicaleq
166,random3,6,B,B,A,B,B,B,B,B,B,B,B,A,A,B,B,B,B,B,A,A,0.05,radicaleq
167,radicaleq,1,A,B,A,A,B,B,B,A,B,A,B,B,B,B,B,B,B,B,B,B,0.0,random3
167,random3,2,B,B,B,B,B,A,A,A,A,A,A,A,A,A,A,A,A,A,A,A,0.15,random3
167,random3,3,B,B,B,A,A,B,B,A,B,B,B,B,B,B,A,A,A,A,A,A,0.05,random3
167,radicaleq,4,skip,skip,skip,skip,skip,skip,skip,skip,skip,skip,A,A,A,A,A,A,A,A,A,A,0.0,random3
167,random3,5,A,A,A,A,A,A,B,B,B,A,A,A,B,B,B,B,B,B,B,B,0.1,random3
167,radicaleq,6,skip,skip,skip,skip,skip,skip,skip,skip,skip,skip,skip,skip,skip,skip,skip,skip,skip,skip,skip,skip,0.0,random3
168,random3,1,B,B,A,A,A,A,B,A,A,B,B,B,A,A,A,B,B,B,A,A,0.05,radicaleq
168,random3,2,B,B,A,A,B,B,B,B,B,B,B,B,B,B,B,B,B,B,B,B,0.05,radicaleq
168,radicaleq,3,skip,skip,skip,skip,skip,A,B,B,B,B,B,B,A,A,A,B,A,A,A,A,0.0,radicaleq
168,random3,4,A,A,A,B,B,A,A,A,A,A,A,B,B,A,A,A,A,A,A,A,0.15,radicaleq
168,radicaleq,5,skip,skip,skip,skip,skip,skip,A,A,A,A,A,A,skip,skip,skip,skip,skip,skip,skip,skip,0.05,radicaleq
168,radicaleq,6,skip,skip,skip,skip,skip,skip,skip,skip,skip,skip,skip,skip,B,B,B,A,B,B,B,B,0.0,radicaleq
169,random3,1,A,B,B,A,A,B,B,B,A,A,A,A,A,A,A,A,A,A,A,A,0.05,radicaleq
169,radicaleq,2,B,skip,skip,skip,skip,skip,skip,skip,skip,skip,skip,skip,skip,skip,skip,skip,skip,skip,skip,skip,0.05,radicaleq
169,radicaleq,3,skip,A,B,B,skip,skip,skip,skip,skip,skip,skip,skip,skip,skip,skip,skip,skip,skip,skip,skip,0.05,radicaleq
169,random3,4,A,A,A,A,B,B,B,A,B,B,B,B,B,B,B,B,B,B,B,B,0.05,radicaleq
169,radicaleq,5,skip,skip,skip,skip,A,B,B,B,B,B,B,B,B,B,B,B,B,B,B,B,0.0,radicaleq
169,random3,6,A,A,A,A,A,A,A,A,A,A,A,A,A,A,A,A,A,A,A,A,0.1,radicaleq
170,random3,1,B,B,A,A,B,A,A,A,B,B,A,A,A,A,A,A,B,B,A,A,0.15,radicaleq
170,random3,2,B,A,A,A,A,A,A,A,B,B,A,A,B,B,B,A,A,A,A,A,0.1,radicaleq
170,radicaleq,3,skip,skip,B,B,B,B,B,skip,skip,skip,skip,B,skip,skip,skip,skip,skip,skip,skip,A,0.1,radicaleq
170,radicaleq,4,skip,skip,skip,skip,skip,skip,skip,B,skip,skip,skip,skip,B,B,A,A,A,B,B,skip,0.1,radicaleq
170,random3,5,B,B,B,B,B,B,A,A,A,A,A,A,B,B,A,A,A,A,A,B,0.15,radicaleq
170,radicaleq,6,skip,skip,skip,skip,skip,skip,skip,skip,skip,B,B,skip,skip,skip,B,B,skip,skip,skip,skip,0.1,radicaleq
171,random3,1,B,B,B,A,B,A,A,A,A,A,B,B,A,A,B,B,A,A,B,A,0.0,radicaleq
171,random3,2,A,A,B,B,B,B,B,A,B,B,B,B,B,B,B,B,B,B,B,A,0.05,radicaleq
171,radicaleq,3,skip,B,B,B,B,B,B,B,skip,skip,skip,skip,skip,skip,skip,skip,skip,skip,skip,skip,0.05,radicaleq
171,radicaleq,4,skip,skip,skip,skip,skip,skip,skip,skip,B,B,B,B,B,B,B,B,B,B,B,B,0.05,radicaleq
171,radicaleq,5,skip,skip,skip,skip,skip,skip,skip,skip,skip,skip,skip,skip,skip,skip,skip,skip,skip,skip,skip,skip,0.0,radicaleq
171,random3,6,B,A,A,A,A,A,A,A,A,A,A,A,A,A,A,A,A,A,A,A,0.35,radicaleq
172,radicaleq,1,A,skip,skip,skip,skip,skip,skip,skip,skip,skip,skip,skip,skip,skip,skip,B,B,B,A,A,0.05,radicaleq
172,random3,2,B,B,A,A,A,A,B,B,B,B,B,B,B,B,B,B,B,B,A,A,0.05,radicaleq
172,radicaleq,3,skip,B,B,B,A,A,A,A,A,A,A,A,skip,skip,skip,skip,skip,skip,skip,skip,0.05,radicaleq
172,random3,4,B,B,B,B,A,A,A,A,A,A,A,B,A,A,A,A,A,B,A,A,0.05,radicaleq
172,random3,5,B,B,A,B,B,B,B,B,B,B,B,B,A,A,B,B,B,B,B,B,0.2,radicaleq
172,radicaleq,6,skip,skip,skip,skip,skip,skip,skip,skip,skip,skip,skip,skip,B,B,B,A,A,A,skip,skip,0.05,radicaleq
173,radicaleq,1,A,B,B,B,B,B,B,B,B,skip,skip,skip,skip,skip,skip,skip,skip,skip,skip,skip,0.05,radicaleq
173,radicaleq,2,B,A,A,A,A,A,A,A,A,B,B,B,B,B,A,A,A,B,A,B,0.05,radicaleq
173,random3,3,A,A,B,A,B,A,A,B,A,B,B,B,B,B,B,B,A,B,A,A,0.0,radicaleq
173,random3,4,B,B,B,B,B,B,B,A,A,B,A,A,A,A,A,A,A,A,A,A,0.15,radicaleq
173,random3,5,A,A,A,A,A,A,A,A,A,B,A,A,B,B,B,B,B,B,A,A,0.05,radicaleq
173,radicaleq,6,skip,skip,skip,skip,skip,skip,skip,skip,skip,skip,skip,skip,skip,skip,skip,skip,skip,skip,skip,skip,0.0,radicaleq
174,radicaleq,1,A,A,A,A,B,B,B,B,B,B,B,B,B,B,B,B,B,B,B,A,0.0,draw
174,radicaleq,2,B,B,B,B,A,A,A,A,A,A,A,A,A,A,A,A,A,A,A,B,0.0,draw
174,radicaleq,3,skip,skip,skip,skip,skip,skip,skip,skip,skip,skip,skip,skip,skip,skip,skip,skip,skip,skip,skip,skip,0.0,draw
174,random3,4,B,B,B,B,B,B,B,B,B,B,B,B,A,A,A,B,A,A,A,A,0.0,draw
174,random3,5,A,A,A,A,A,A,A,A,A,A,A,A,A,A,A,A,B,B,B,A,0.0,draw
174,random3,6,B,B,A,A,A,A,A,A,B,B,B,B,B,B,B,B,B,B,B,B,0.0,draw
175,random3,1,B,B,B,B,B,B,B,B,A,B,B,B,B,B,B,A,A,B,B,B,0.05,radicaleq
175,radicaleq,2,B,A,B,B,B,B,B,B,A,B,A,A,A,A,A,A,A,B,B,B,0.0,radicaleq
175,random3,3,A,A,A,A,B,A,A,B,B,B,B,B,B,B,B,A,A,A,A,A,0.1,radicaleq
175,radicaleq,4,skip,skip,skip,skip,skip,skip,skip,skip,skip,A,B,B,B,B,B,B,skip,skip,skip,skip,0.05,radicaleq
175,radicaleq,5,skip,skip,skip,skip,skip,skip,skip,skip,skip,skip,skip,skip,skip,skip,skip,skip,B,skip,skip,skip,0.05,radicaleq
175,random3,6,A,A,A,A,A,A,A,A,A,A,A,A,A,A,A,A,A,A,A,B,0.1,radicaleq
176,radicaleq,1,A,B,A,B,A,A,B,B,B,B,B,B,B,A,A,A,B,A,A,skip,0.1,radicaleq
176,random3,2,A,B,A,B,B,B,B,A,B,B,B,B,B,B,B,B,B,A,B,B,0.05,radicaleq
176,radicaleq,3,skip,skip,skip,skip,skip,skip,A,A,A,A,A,A,A,skip,skip,skip,skip,skip,skip,B,0.05,radicaleq
176,radicaleq,4,skip,skip,skip,skip,skip,skip,skip,skip,skip,skip,skip,skip,skip,B,B,B,A,skip,skip,skip,0.05,radicaleq
176,random3,5,A,A,A,A,A,A,A,A,A,A,A,A,B,A,A,B,B,A,B,B,0.1,radicaleq
176,random3,6,B,B,B,B,B,A,B,B,A,A,B,B,B,B,B,B,B,B,B,A,0.2,radicaleq
177,radicaleq,1,A,B,B,B,B,A,A,A,A,A,B,B,B,skip,skip,skip,A,skip,skip,skip,0.1,radicaleq
177,random3,2,B,B,B,B,B,B,B,B,B,A,A,A,A,A,A,B,B,B,B,B,0.1,radicaleq
177,random3,3,A,A,A,A,A,A,B,B,B,B,B,B,A,A,A,B,B,B,A,A,0.15,radicaleq
177,random3,4,A,A,A,B,B,B,A,A,A,A,A,A,A,A,B,B,B,B,A,A,0.05,radicaleq
177,radicaleq,5,skip,skip,skip,skip,skip,skip,skip,skip,skip,skip,skip,skip,skip,A,A,B,B,B,A,B,0.0,radicaleq
177,radicaleq,6,skip,skip,skip,skip,skip,skip,skip,skip,skip,skip,skip,skip,skip,skip,skip,A,skip,skip,skip,skip,0.05,radicaleq
178,random3,1,B,A,A,B,B,B,B,B,A,B,A,A,A,B,B,B,A,A,B,B,0.1,radicaleq
178,radicaleq,2,B,B,skip,skip,skip,skip,skip,skip,skip,skip,B,A,A,A,A,skip,skip,skip,skip,B,0.1,radicaleq
178,random3,3,B,A,A,A,A,B,A,B,B,B,B,B,B,B,B,B,B,B,B,B,0.1,radicaleq
178,random3,4,A,A,B,B,A,A,B,B,A,B,B,B,A,A,B,B,B,B,B,B,0.1,radicaleq
178,radicaleq,5,skip,skip,skip,skip,A,B,B,B,A,A,skip,B,B,B,B,A,skip,skip,skip,skip,0.1,radicaleq
178,radicaleq,6,skip,skip,skip,skip,skip,A,A,A,skip,skip,skip,skip,skip,skip,skip,B,A,A,A,skip,0.1,radicaleq
179,random3,1,A,A,A,A,A,A,A,A,A,A,A,A,A,B,B,B,B,B,B,B,0.2,radicaleq
179,random3,2,B,B,B,B,A,A,A,A,A,A,A,A,A,B,B,B,A,A,A,A,0.1,radicaleq
179,random3,3,B,B,B,B,B,B,B,B,B,A,B,B,A,B,B,B,B,B,A,A,0.05,radicaleq
179,radicaleq,4,skip,skip,skip,skip,skip,B,B,B,B,B,skip,skip,skip,skip,skip,skip,skip,skip,B,B,0.05,radicaleq
179,radicaleq,5,skip,skip,skip,skip,skip,skip,skip,skip,skip,skip,B,B,B,skip,skip,skip,skip,skip,skip,skip,0.05,radicaleq
179,radicaleq,6,skip,skip,skip,skip,skip,skip,skip,skip,skip,skip,skip,skip,skip,A,skip,skip,skip,skip,skip,skip,0.05,radicaleq
180,radicaleq,1,A,A,A,A,A,A,A,A,A,A,A,A,A,A,A,A,A,A,skip,skip,0.05,radicaleq
180,radicaleq,2,B,B,B,B,B,B,B,B,B,B,B,B,B,B,B,B,skip,skip,skip,skip,0.05,radicaleq
180,random3,3,A,A,A,A,A,A,A,A,A,A,A,A,A,A,A,A,B,B,B,A,0.05,radicaleq
180,random3,4,B,B,B,B,B,B,B,B,B,B,B,B,B,B,B,A,A,B,B,B,0.0,radicaleq
180,radicaleq,5,skip,skip,skip,skip,skip,skip,skip,skip,skip,skip,skip,skip,skip,skip,skip,skip,skip,skip,skip,skip,0.0,radicaleq
180,random3,6,B,B,B,B,B,A,A,A,B,B,B,B,A,A,A,A,B,B,B,B,0.0,radicaleq
181,radicaleq,1,A,skip,skip,A,skip,skip,A,skip,skip,A,skip,skip,A,skip,skip,A,skip,skip,A,skip,0.35,draw
181,radicaleq,2,B,skip,skip,B,skip,skip,B,skip,skip,B,skip,skip,B,skip,skip,B,skip,skip,B,skip,0.35,draw
181,radicaleq,3,skip,A,skip,skip,A,skip,skip,A,skip,skip,A,skip,skip,A,skip,skip,A,skip,skip,A,0.35,draw
181,radicaleq,4,skip,B,skip,skip,B,skip,skip,B,skip,skip,B,skip,skip,B,skip,skip,B,skip,skip,B,0.35,draw
181,radicaleq,5,skip,skip,A,skip,skip,A,skip,skip,A,skip,skip,A,skip,skip,A,skip,skip,A,skip,skip,0.3,draw
181,radicaleq,6,skip,skip,B,skip,skip,B,skip,skip,B,skip,skip,B,skip,skip,B,skip,skip,B,skip,skip,0.3,draw
182,radicaleq,1,A,skip,skip,A,skip,skip,A,skip,skip,A,skip,skip,A,skip,skip,A,skip,skip,A,skip,0.35,draw
182,radicaleq,2,B,skip,skip,B,skip,skip,B,skip,skip,B,skip,skip,B,skip,skip,B,skip,skip,B,skip,0.35,draw
182,radicaleq,3,skip,A,skip,skip,A,skip,skip,A,skip,skip,A,skip,skip,A,skip,skip,A,skip,skip,A,0.35,draw
182,radicaleq,4,skip,B,skip,skip,B,skip,skip,B,skip,skip,B,skip,skip,B,skip,skip,B,skip,skip,B,0.35,draw
182,radicaleq,5,skip,skip,A,skip,skip,A,skip,skip,A,skip,skip,A,skip,skip,A,skip,skip,A,skip,skip,0.3,draw
182,radicaleq,6,skip,skip,B,skip,skip,B,skip,skip,B,skip,skip,B,skip,skip,B,skip,skip,B,skip,skip,0.3,draw
183,radicaleq,1,A,skip,skip,A,skip,skip,A,skip,skip,A,skip,skip,A,skip,skip,A,skip,skip,A,skip,0.35,draw
183,radicaleq,2,B,skip,skip,B,skip,skip,B,skip,skip,B,skip,skip,B,skip,skip,B,skip,skip,B,skip,0.35,draw
183,radicaleq,3,skip,A,skip,skip,A,skip,skip,A,skip,skip,A,skip,skip,A,skip,skip,A,skip,skip,A,0.35,draw
183,radicaleq,4,skip,B,skip,skip,B,skip,skip,B,skip,skip,B,skip,skip,B,skip,skip,B,skip,skip,B,0.35,draw
183,radicaleq,5,skip,skip,A,skip,skip,A,skip,skip,A,skip,skip,A,skip,skip,A,skip,skip,A,skip,skip,0.3,draw
183,radicaleq,6,skip,skip,B,skip,skip,B,skip,skip,B,skip,skip,B,skip,skip,B,skip,skip,B,skip,skip,0.3,draw
184,radicaleq,1,A,skip,skip,A,skip,skip,A,skip,skip,A,skip,skip,A,skip,skip,A,skip,skip,A,skip,0.35,draw
184,radicaleq,2,B,skip,skip,B,skip,skip,B,skip,skip,B,skip,skip,B,skip,skip,B,skip,skip,B,skip,0.35,draw
184,radicaleq,3,skip,A,skip,skip,A,skip,skip,A,skip,skip,A,skip,skip,A,skip,skip,A,skip,skip,A,0.35,draw
184,radicaleq,4,skip,B,skip,skip,B,skip,skip,B,skip,skip,B,skip,skip,B,skip,skip,B,skip,skip,B,0.35,draw
184,radicaleq,5,skip,skip,A,skip,skip,A,skip,skip,A,skip,skip,A,skip,skip,A,skip,skip,A,skip,skip,0.3,draw
184,radicaleq,6,skip,skip,B,skip,skip,B,skip,skip,B,skip,skip,B,skip,skip,B,skip,skip,B,skip,skip,0.3,draw
185,radicaleq,1,A,skip,skip,A,skip,skip,A,skip,skip,A,skip,skip,A,skip,skip,A,skip,skip,A,skip,0.35,draw
185,radicaleq,2,B,skip,skip,B,skip,skip,B,skip,skip,B,skip,skip,B,skip,skip,B,skip,skip,B,skip,0.35,draw
185,radicaleq,3,skip,A,skip,skip,A,skip,skip,A,skip,skip,A,skip,skip,A,skip,skip,A,skip,skip,A,0.35,draw
185,radicaleq,4,skip,B,skip,skip,B,skip,skip,B,skip,skip,B,skip,skip,B,skip,skip,B,skip,skip,B,0.35,draw
185,radicaleq,5,skip,skip,A,skip,skip,A,skip,skip,A,skip,skip,A,skip,skip,A,skip,skip,A,skip,skip,0.3,draw
185,radicaleq,6,skip,skip,B,skip,skip,B,skip,skip,B,skip,skip,B,skip,skip,B,skip,skip,B,skip,skip,0.3,draw
186,radicaleq,1,A,skip,skip,A,skip,skip,A,skip,skip,A,skip,skip,A,skip,skip,A,skip,skip,A,skip,0.35,draw
186,radicaleq,2,B,skip,skip,B,skip,skip,B,skip,skip,B,skip,skip,B,skip,skip,B,skip,skip,B,skip,0.35,draw
186,radicaleq,3,skip,A,skip,skip,A,skip,skip,A,skip,skip,A,skip,skip,A,skip,skip,A,skip,skip,A,0.35,draw
186,radicaleq,4,skip,B,skip,skip,B,skip,skip,B,skip,skip,B,skip,skip,B,skip,skip,B,skip,skip,B,0.35,draw
186,radicaleq,5,skip,skip,A,skip,skip,A,skip,skip,A,skip,skip,A,skip,skip,A,skip,skip,A,skip,skip,0.3,draw
186,radicaleq,6,skip,skip,B,skip,skip,B,skip,skip,B,skip,skip,B,skip,skip,B,skip,skip,B,skip,skip,0.3,draw
187,radicaleq,1,A,skip,skip,A,skip,skip,A,skip,skip,A,skip,skip,A,skip,skip,A,skip,skip,A,skip,0.35,draw
187,radicaleq,2,B,skip,skip,B,skip,skip,B,skip,skip,B,skip,skip,B,skip,skip,B,skip,skip,B,skip,0.35,draw
187,radicaleq,3,skip,A,skip,skip,A,skip,skip,A,skip,skip,A,skip,skip,A,skip,skip,A,skip,skip,A,0.35,draw
187,radicaleq,4,skip,B,skip,skip,B,skip,skip,B,skip,skip,B,skip,skip,B,skip,skip,B,skip,skip,B,0.35,draw
187,radicaleq,5,skip,skip,A,skip,skip,A,skip,skip,A,skip,skip,A,skip,skip,A,skip,skip,A,skip,skip,0.3,draw
187,radicaleq,6,skip,skip,B,skip,skip,B,skip,skip,B,skip,skip,B,skip,skip,B,skip,skip,B,skip,skip,0.3,draw
188,radicaleq,1,A,skip,skip,A,skip,skip,A,skip,skip,A,skip,skip,A,skip,skip,A,skip,skip,A,skip,0.35,draw
188,radicaleq,2,B,skip,skip,B,skip,skip,B,skip,skip,B,skip,skip,B,skip,skip,B,skip,skip,B,skip,0.35,draw
188,radicaleq,3,skip,A,skip,skip,A,skip,skip,A,skip,skip,A,skip,skip,A,skip,skip,A,skip,skip,A,0.35,draw
188,radicaleq,4,skip,B,skip,skip,B,skip,skip,B,skip,skip,B,skip,skip,B,skip,skip,B,skip,skip,B,0.35,draw
188,radicaleq,5,skip,skip,A,skip,skip,A,skip,skip,A,skip,skip,A,skip,skip,A,skip,skip,A,skip,skip,0.3,draw
188,radicaleq,6,skip,skip,B,skip,skip,B,skip,skip,B,skip,skip,B,skip,skip,B,skip,skip,B,skip,skip,0.3,draw
189,radicaleq,1,A,skip,skip,A,skip,skip,A,skip,skip,A,skip,skip,A,skip,skip,A,skip,skip,A,skip,0.35,draw
189,radicaleq,2,B,skip,skip,B,skip,skip,B,skip,skip,B,skip,skip,B,skip,skip,B,skip,skip,B,skip,0.35,draw
189,radicaleq,3,skip,A,skip,skip,A,skip,skip,A,skip,skip,A,skip,skip,A,skip,skip,A,skip,skip,A,0.35,draw
189,radicaleq,4,skip,B,skip,skip,B,skip,skip,B,skip,skip,B,skip,skip,B,skip,skip,B,skip,skip,B,0.35,draw
189,radicaleq,5,skip,skip,A,skip,skip,A,skip,skip,A,skip,skip,A,skip,skip,A,skip,skip,A,skip,skip,0.3,draw
189,radicaleq,6,skip,skip,B,skip,skip,B,skip,skip,B,skip,skip,B,skip,skip,B,skip,skip,B,skip,skip,0.3,draw
190,radicaleq,1,A,skip,skip,A,skip,skip,A,skip,skip,A,skip,skip,A,skip,skip,A,skip,skip,A,skip,0.35,draw
190,radicaleq,2,B,skip,skip,B,skip,skip,B,skip,skip,B,skip,skip,B,skip,skip,B,skip,skip,B,skip,0.35,draw
190,radicaleq,3,skip,A,skip,skip,A,skip,skip,A,skip,skip,A,skip,skip,A,skip,skip,A,skip,skip,A,0.35,draw
190,radicaleq,4,skip,B,skip,skip,B,skip,skip,B,skip,skip,B,skip,skip,B,skip,skip,B,skip,skip,B,0.35,draw
190,radicaleq,5,skip,skip,A,skip,skip,A,skip,skip,A,skip,skip,A,skip,skip,A,skip,skip,A,skip,skip,0.3,draw
190,radicaleq,6,skip,skip,B,skip,skip,B,skip,skip,B,skip,skip,B,skip,skip,B,skip,skip,B,skip,skip,0.3,draw
191,radicaleq,1,A,skip,skip,A,skip,skip,A,skip,skip,A,skip,skip,A,skip,skip,A,skip,skip,A,skip,0.35,draw
191,radicaleq,2,B,skip,skip,B,skip,skip,B,skip,skip,B,skip,skip,B,skip,skip,B,skip,skip,B,skip,0.35,draw
191,radicaleq,3,skip,A,skip,skip,A,skip,skip,A,skip,skip,A,skip,skip,A,skip,skip,A,skip,skip,A,0.35,draw
191,radicaleq,4,skip,B,skip,skip,B,skip,skip,B,skip,skip,B,skip,skip,B,skip,skip,B,skip,skip,B,0.35,draw
191,radicaleq,5,skip,skip,A,skip,skip,A,skip,skip,A,skip,skip,A,skip,skip,A,skip,skip,A,skip,skip,0.3,draw
191,radicaleq,6,skip,skip,B,skip,skip,B,skip,skip,B,skip,skip,B,skip,skip,B,skip,skip,B,skip,skip,0.3,draw
192,radicaleq,1,A,skip,skip,A,skip,skip,A,skip,skip,A,skip,skip,A,skip,skip,A,skip,skip,A,skip,0.35,draw
192,radicaleq,2,B,skip,skip,B,skip,skip,B,skip,skip,B,skip,skip,B,skip,skip,B,skip,skip,B,skip,0.35,draw
192,radicaleq,3,skip,A,skip,skip,A,skip,skip,A,skip,skip,A,skip,skip,A,skip,skip,A,skip,skip,A,0.35,draw
192,radicaleq,4,skip,B,skip,skip,B,skip,skip,B,skip,skip,B,skip,skip,B,skip,skip,B,skip,skip,B,0.35,draw
192,radicaleq,5,skip,skip,A,skip,skip,A,skip,skip,A,skip,skip,A,skip,skip,A,skip,skip,A,skip,skip,0.3,draw
192,radicaleq,6,skip,skip,B,skip,skip,B,skip,skip,B,skip,skip,B,skip,skip,B,skip,skip,B,skip,skip,0.3,draw
193,radicaleq,1,A,skip,skip,A,skip,skip,A,skip,skip,A,skip,skip,A,skip,skip,A,skip,skip,A,skip,0.35,draw
193,radicaleq,2,B,skip,skip,B,skip,skip,B,skip,skip,B,skip,skip,B,skip,skip,B,skip,skip,B,skip,0.35,draw
193,radicaleq,3,skip,A,skip,skip,A,skip,skip,A,skip,skip,A,skip,skip,A,skip,skip,A,skip,skip,A,0.35,draw
193,radicaleq,4,skip,B,skip,skip,B,skip,skip,B,skip,skip,B,skip,skip,B,skip,skip,B,skip,skip,B,0.35,draw
193,radicaleq,5,skip,skip,A,skip,skip,A,skip,skip,A,skip,skip,A,skip,skip,A,skip,skip,A,skip,skip,0.3,draw
193,radicaleq,6,skip,skip,B,skip,skip,B,skip,skip,B,skip,skip,B,skip,skip,B,skip,skip,B,skip,skip,0.3,draw
194,radicaleq,1,A,skip,skip,A,skip,skip,A,skip,skip,A,skip,skip,A,skip,skip,A,skip,skip,A,skip,0.35,draw
194,radicaleq,2,B,skip,skip,B,skip,skip,B,skip,skip,B,skip,skip,B,skip,skip,B,skip,skip,B,skip,0.35,draw
194,radicaleq,3,skip,A,skip,skip,A,skip,skip,A,skip,skip,A,skip,skip,A,skip,skip,A,skip,skip,A,0.35,draw
194,radicaleq,4,skip,B,skip,skip,B,skip,skip,B,skip,skip,B,skip,skip,B,skip,skip,B,skip,skip,B,0.35,draw
194,radicaleq,5,skip,skip,A,skip,skip,A,skip,skip,A,skip,skip,A,skip,skip,A,skip,skip,A,skip,skip,0.3,draw
194,radicaleq,6,skip,skip,B,skip,skip,B,skip,skip,B,skip,skip,B,skip,skip,B,skip,skip,B,skip,skip,0.3,draw
195,radicaleq,1,A,skip,skip,A,skip,skip,A,skip,skip,A,skip,skip,A,skip,skip,A,skip,skip,A,skip,0.35,draw
195,radicaleq,2,B,skip,skip,B,skip,skip,B,skip,skip,B,skip,skip,B,skip,skip,B,skip,skip,B,skip,0.35,draw
195,radicaleq,3,skip,A,skip,skip,A,skip,skip,A,skip,skip,A,skip,skip,A,skip,skip,A,skip,skip,A,0.35,draw
195,radicaleq,4,skip,B,skip,skip,B,skip,skip,B,skip,skip,B,skip,skip,B,skip,skip,B,skip,skip,B,0.35,draw
195,radicaleq,5,skip,skip,A,skip,skip,A,skip,skip,A,skip,skip,A,skip,skip,A,skip,skip,A,skip,skip,0.3,draw
195,radicaleq,6,skip,skip,B,skip,skip,B,skip,skip,B,skip,skip,B,skip,skip,B,skip,skip,B,skip,skip,0.3,draw
196,radicaleq,1,A,skip,skip,A,skip,skip,A,skip,skip,A,skip,skip,A,skip,skip,A,skip,skip,A,skip,0.35,draw
196,radicaleq,2,B,skip,skip,B,skip,skip,B,skip,skip,B,skip,skip,B,skip,skip,B,skip,skip,B,skip,0.35,draw
196,radicaleq,3,skip,A,skip,skip,A,skip,skip,A,skip,skip,A,skip,skip,A,skip,skip,A,skip,skip,A,0.35,draw
196,radicaleq,4,skip,B,skip,skip,B,skip,skip,B,skip,skip,B,skip,skip,B,skip,skip,B,skip,skip,B,0.35,draw
196,radicaleq,5,skip,skip,A,skip,skip,A,skip,skip,A,skip,skip,A,skip,skip,A,skip,skip,A,skip,skip,0.3,draw
196,radicaleq,6,skip,skip,B,skip,skip,B,skip,skip,B,skip,skip,B,skip,skip,B,skip,skip,B,skip,skip,0.3,draw
197,radicaleq,1,A,skip,skip,A,skip,skip,A,skip,skip,A,skip,skip,A,skip,skip,A,skip,skip,A,skip,0.35,draw
197,radicaleq,2,B,skip,skip,B,skip,skip,B,skip,skip,B,skip,skip,B,skip,skip,B,skip,skip,B,skip,0.35,draw
197,radicaleq,3,skip,A,skip,skip,A,skip,skip,A,skip,skip,A,skip,skip,A,skip,skip,A,skip,skip,A,0.35,draw
197,radicaleq,4,skip,B,skip,skip,B,skip,skip,B,skip,skip,B,skip,skip,B,skip,skip,B,skip,skip,B,0.35,draw
197,radicaleq,5,skip,skip,A,skip,skip,A,skip,skip,A,skip,skip,A,skip,skip,A,skip,skip,A,skip,skip,0.3,draw
197,radicaleq,6,skip,skip,B,skip,skip,B,skip,skip,B,skip,skip,B,skip,skip,B,skip,skip,B,skip,skip,0.3,draw
198,radicaleq,1,A,skip,skip,A,skip,skip,A,skip,skip,A,skip,skip,A,skip,skip,A,skip,skip,A,skip,0.35,draw
198,radicaleq,2,B,skip,skip,B,skip,skip,B,skip,skip,B,skip,skip,B,skip,skip,B,skip,skip,B,skip,0.35,draw
198,radicaleq,3,skip,A,skip,skip,A,skip,skip,A,skip,skip,A,skip,skip,A,skip,skip,A,skip,skip,A,0.35,draw
198,radicaleq,4,skip,B,skip,skip,B,skip,skip,B,skip,skip,B,skip,skip,B,skip,skip,B,skip,skip,B,0.35,draw
198,radicaleq,5,skip,skip,A,skip,skip,A,skip,skip,A,skip,skip,A,skip,skip,A,skip,skip,A,skip,skip,0.3,draw
198,radicaleq,6,skip,skip,B,skip,skip,B,skip,skip,B,skip,skip,B,skip,skip,B,skip,skip,B,skip,skip,0.3,draw
199,radicaleq,1,A,skip,skip,A,skip,skip,A,skip,skip,A,skip,skip,A,skip,skip,A,skip,skip,A,skip,0.35,draw
199,radicaleq,2,B,skip,skip,B,skip,skip,B,skip,skip,B,skip,skip,B,skip,skip,B,skip,skip,B,skip,0.35,draw
199,radicaleq,3,skip,A,skip,skip,A,skip,skip,A,skip,skip,A,skip,skip,A,skip,skip,A,skip,skip,A,0.35,draw
199,radicaleq,4,skip,B,skip,skip,B,skip,skip,B,skip,skip,B,skip,skip,B,skip,skip,B,skip,skip,B,0.35,draw
199,radicaleq,5,skip,skip,A,skip,skip,A,skip,skip,A,skip,skip,A,skip,skip,A,skip,skip,A,skip,skip,0.3,draw
199,radicaleq,6,skip,skip,B,skip,skip,B,skip,skip,B,skip,skip,B,skip,skip,B,skip,skip,B,skip,skip,0.3,draw
200,radicaleq,1,A,skip,skip,A,skip,skip,A,skip,skip,A,skip,skip,A,skip,skip,A,skip,skip,A,skip,0.35,draw
200,radicaleq,2,B,skip,skip,B,skip,skip,B,skip,skip,B,skip,skip,B,skip,skip,B,skip,skip,B,skip,0.35,draw
200,radicaleq,3,skip,A,skip,skip,A,skip,skip,A,skip,skip,A,skip,skip,A,skip,skip,A,skip,skip,A,0.35,draw
200,radicaleq,4,skip,B,skip,skip,B,skip,skip,B,skip,skip,B,skip,skip,B,skip,skip,B,skip,skip,B,0.35,draw
200,radicaleq,5,skip,skip,A,skip,skip,A,skip,skip,A,skip,skip,A,skip,skip,A,skip,skip,A,skip,skip,0.3,draw
200,radicaleq,6,skip,skip,B,skip,skip,B,skip,skip,B,skip,skip,B,skip,skip,B,skip,skip,B,skip,skip,0.3,draw
201,random,1,A,A,A,A,B,A,B,A,A,B,skip,skip,A,skip,B,A,A,A,skip,A,0.3,random
201,rotate0,2,B,B,B,B,B,B,B,B,B,B,B,B,B,B,B,B,B,B,B,B,0.15,random
201,random,3,B,B,A,B,skip,A,skip,B,skip,B,A,B,skip,B,A,skip,B,skip,B,A,0.05,random
201,rotate0,4,skip,skip,skip,skip,skip,skip,skip,skip,skip,skip,skip,skip,skip,skip,skip,skip,skip,skip,skip,skip,0.0,random
201,random,5,A,B,skip,A,A,skip,skip,skip,B,A,B,skip,B,skip,A,B,skip,A,B,B,0.1,random
201,rotate0,6,skip,skip,skip,skip,skip,skip,skip,skip,skip,skip,skip,skip,skip,skip,skip,skip,skip,skip,skip,skip,0.0,random
202,random,1,A,B,B,A,skip,B,B,skip,B,A,B,B,A,skip,B,B,A,A,A,A,0.15,random
202,rotate0,2,B,B,B,B,B,B,B,B,B,B,B,B,B,B,B,B,B,B,B,B,0.3,random
202,rotate0,3,skip,skip,skip,skip,skip,skip,skip,skip,skip,skip,skip,skip,skip,skip,skip,skip,skip,skip,skip,skip,0.0,random
202,random,4,A,skip,B,B,B,skip,A,A,skip,skip,B,A,B,A,skip,skip,skip,skip,A,A,0.1,random
202,rotate0,5,skip,skip,skip,skip,skip,skip,skip,skip,skip,skip,skip,skip,skip,skip,skip,skip,skip,skip,skip,skip,0.0,random
202,random,6,A,skip,A,skip,skip,B,B,A,skip,skip,B,A,B,B,B,A,A,A,B,A,0.1,random
203,rotate0,1,A,A,A,A,A,A,A,A,A,A,A,A,A,A,A,A,A,A,A,A,0.25,rotate0
203,rotate0,2,B,B,B,B,B,B,B,B,B,B,B,B,B,B,B,B,B,B,B,B,0.2,rotate0
203,rotate0,3,skip,skip,skip,skip,skip,skip,skip,skip,skip,skip,skip,skip,skip,skip,skip,skip,skip,skip,skip,skip,0.0,rotate0
203,random,4,A,B,skip,skip,skip,skip,skip,A,B,B,A,skip,A,B,A,B,B,B,A,skip,0.0,rotate0
203,random,5,skip,skip,A,B,B,skip,A,skip,B,A,B,A,skip,A,B,B,B,A,A,B,0.0,rotate0
203,random,6,B,A,A,skip,B,skip,B,B,A,A,A,A,B,B,B,A,B,skip,skip,skip,0.0,rotate0
204,rotate0,1,A,A,A,A,A,A,A,A,A,A,A,A,A,A,A,A,A,A,A,A,0.4,random
204,random,2,A,A,A,skip,B,skip,B,B,B,B,A,skip,A,A,B,B,B,skip,B,B,0.25,random
204,rotate0,3,skip,skip,skip,skip,skip,skip,skip,skip,skip,skip,skip,skip,skip,skip,skip,skip,skip,skip,skip,skip,0.0,random
204,rotate0,4,skip,skip,skip,skip,skip,skip,skip,skip,skip,skip,skip,skip,skip,skip,skip,skip,skip,skip,skip,skip,0.0,random
204,random,5,B,A,B,B,B,skip,A,B,skip,skip,B,A,A,B,skip,A,skip,B,A,B,0.15,random
204,random,6,A,A,B,skip,skip,B,B,B,skip,A,B,A,A,B,B,A,A,skip,skip,B,0.05,random
205,rotate0,1,A,A,A,A,A,A,A,A,A,A,A,A,A,A,A,A,A,A,A,A,0.3,rotate0
205,rotate0,2,B,B,B,B,B,B,B,B,B,B,B,B,B,B,B,B,B,B,B,B,0.4,rotate0
205,random,3,skip,B,skip,A,A,skip,skip,skip,A,B,skip,A,B,A,B,skip,A,skip,B,B,0.0,rotate0
205,random,4,skip,B,A,B,A,B,B,A,B,skip,skip,skip,B,skip,A,A,skip,A,B,A,0.0,rotate0
205,rotate0,5,skip,skip,skip,skip,skip,skip,skip,skip,skip,skip,skip,skip,skip,skip,skip,skip,skip,skip,skip,skip,0.0,rotate0
205,random,6,B,skip,skip,skip,A,B,A,B,A,A,skip,A,B,A,skip,A,skip,skip,skip,skip,0.0,rotate0
206,random,1,skip,B,A,skip,skip,B,B,skip,skip,B,A,B,skip,skip,A,skip,A,B,skip,skip,0.15,random
206,random,2,B,B,A,B,A,A,A,A,skip,B,skip,B,A,B,A,B,B,B,B,B,0.4,random
206,rotate0,3,skip,skip,skip,skip,skip,skip,skip,skip,skip,skip,skip,skip,skip,skip,skip,skip,skip,skip,skip,skip,0.0,random
206,random,4,A,B,B,A,B,B,A,B,B,B,B,skip,A,skip,skip,A,B,B,B,skip,0.4,random
206,rotate0,5,skip,skip,skip,skip,skip,skip,skip,skip,skip,skip,skip,skip,skip,skip,skip,skip,skip,skip,skip,skip,0.0,random
206,rotate0,6,skip,skip,skip,skip,skip,skip,skip,skip,skip,skip,skip,skip,skip,skip,skip,skip,skip,skip,skip,skip,0.0,random
207,random,1,A,A,skip,skip,A,B,B,skip,A,B,B,B,skip,A,skip,A,B,A,skip,B,0.35,random
207,random,2,B,A,skip,A,B,A,A,A,B,A,B,A,A,B,skip,A,skip,skip,skip,B,0.4,random
207,rotate0,3,skip,skip,skip,skip,skip,skip,skip,skip,skip,skip,skip,skip,skip,skip,skip,skip,skip,skip,skip,skip,0.0,random
207,rotate0,4,skip,skip,skip,skip,skip,skip,skip,skip,skip,skip,skip,skip,skip,skip,skip,skip,skip,skip,skip,skip,0.0,random
207,rotate0,5,skip,skip,skip,skip,skip,skip,skip,skip,skip,skip,skip,skip,skip,skip,skip,skip,skip,skip,skip,skip,0.0,random
207,random,6,B,B,A,skip,skip,skip,B,skip,B,B,B,B,B,B,skip,A,skip,B,skip,A,0.25,random
208,random,1,B,skip,skip,B,A,skip,skip,skip,skip,skip,A,skip,A,A,skip,A,B,A,A,A,0.3,random
208,rotate0,2,B,B,B,B,B,B,B,B,B,B,B,B,B,B,B,B,B,B,B,B,0.3,random
208,rotate0,3,skip,skip,skip,skip,skip,skip,skip,skip,skip,skip,skip,skip,skip,skip,skip,skip,skip,skip,skip,skip,0.0,random
208,rotate0,4,skip,skip,skip,skip,skip,skip,skip,skip,skip,skip,skip,skip,skip,skip,skip,skip,skip,skip,skip,skip,0.0,random
208,random,5,skip,B,A,A,B,B,skip,A,skip,skip,A,A,B,B,A,skip,A,skip,skip,skip,0.3,random
208,random,6,A,B,skip,B,skip,A,B,B,B,B,skip,B,A,skip,skip,B,B,skip,skip,skip,0.1,random
209,rotate0,1,A,A,A,A,A,A,A,A,A,A,A,A,A,A,A,A,A,A,A,A,0.4,rotate0
209,random,2,A,B,skip,B,skip,B,skip,B,skip,A,B,B,B,B,B,B,A,B,A,skip,0.15,rotate0
209,rotate0,3,skip,skip,skip,skip,skip,skip,skip,skip,skip,skip,skip,skip,skip,skip,skip,skip,skip,skip,skip,skip,0.0,rotate0
209,random,4,skip,B,skip,A,A,B,skip,B,B,A,A,A,A,A,A,skip,A,B,B,skip,0.0,rotate0
209,random,5,A,A,B,B,A,B,skip,B,B,skip,B,B,skip,B,skip,skip,B,B,B,B,0.15,rotate0
209,rotate0,6,skip,skip,skip,skip,skip,skip,skip,skip,skip,skip,skip,skip,skip,skip,skip,skip,skip,skip,skip,skip,0.0,rotate0
210,rotate0,1,A,A,A,A,A,A,A,A,A,A,A,A,A,A,A,A,A,A,A,A,0.35,random
210,random,2,A,B,skip,A,A,skip,B,B,B,skip,A,A,B,B,A,skip,B,skip,B,A,0.1,random
210,random,3,skip,B,skip,A,A,B,B,B,A,A,B,A,B,B,skip,B,skip,skip,B,B,0.2,random
210,rotate0,4,skip,skip,skip,skip,skip,skip,skip,skip,skip,skip,skip,skip,skip,skip,skip,skip,skip,skip,skip,skip,0.0,random
210,random,5,skip,A,B,A,B,A,B,B,skip,skip,A,A,skip,A,B,skip,skip,A,B,skip,0.15,random
210,rotate0,6,skip,skip,skip,skip,skip,skip,skip,skip,skip,skip,skip,skip,skip,skip,skip,skip,skip,skip,skip,skip,0.0,random
211,rotate0,1,A,A,A,A,A,A,A,A,A,A,A,A,A,A,A,A,A,A,A,A,0.45,rotate0
211,rotate0,2,B,B,B,B,B,B,B,B,B,B,B,B,B,B,B,B,B,B,B,B,0.25,rotate0
211,random,3,skip,skip,skip,B,B,B,skip,skip,B,B,skip,B,skip,skip,skip,B,B,A,B,skip,0.0,rotate0
211,random,4,B,skip,B,skip,B,skip,A,A,B,skip,B,skip,A,B,A,B,skip,B,A,skip,0.0,rotate0
211,random,5,B,B,skip,B,B,skip,A,A,skip,skip,A,A,A,A,A,B,A,A,B,A,0.0,rotate0
211,rotate0,6,skip,skip,skip,skip,skip,skip,skip,skip,skip,skip,skip,skip,skip,skip,skip,skip,skip,skip,skip,skip,0.0,rotate0
212,random,1,skip,B,skip,A,A,skip,skip,skip,A,A,B,B,A,skip,skip,A,skip,A,B,A,0.15,random
212,rotate0,2,B,B,B,B,B,B,B,B,B,B,B,B,B,B,B,B,B,B,B,B,0.35,random
212,random,3,A,A,A,skip,skip,B,B,A,A,skip,skip,B,skip,skip,B,A,B,skip,skip,B,0.15,random
212,rotate0,4,skip,skip,skip,skip,skip,skip,skip,skip,skip,skip,skip,skip,skip,skip,skip,skip,skip,skip,skip,skip,0.0,random
212,rotate0,5,skip,skip,skip,skip,skip,skip,skip,skip,skip,skip,skip,skip,skip,skip,skip,skip,skip,skip,skip,skip,0.0,random
212,random,6,A,B,B,A,skip,B,B,skip,B,A,B,B,A,B,A,A,A,B,A,B,0.15,random
213,random,1,skip,B,skip,B,A,skip,A,B,B,A,A,B,B,A,A,skip,B,B,B,skip,0.05,random
213,rotate0,2,B,B,B,B,B,B,B,B,B,B,B,B,B,B,B,B,B,B,B,B,0.25,random
213,random,3,A,A,B,skip,A,A,B,A,B,skip,A,skip,A,B,skip,skip,B,A,B,skip,0.1,random
213,random,4,A,A,skip,skip,A,B,A,skip,B,B,B,A,A,A,A,skip,A,A,skip,skip,0.1,random
213,rotate0,5,skip,skip,skip,skip,skip,skip,skip,skip,skip,skip,skip,skip,skip,skip,skip,skip,skip,skip,skip,skip,0.0,random
213,rotate0,6,skip,skip,skip,skip,skip,skip,skip,skip,skip,skip,skip,skip,skip,skip,skip,skip,skip,skip,skip,skip,0.0,random
214,random,1,skip,B,B,A,skip,skip,skip,A,B,B,skip,B,B,A,B,B,skip,B,B,A,0.15,random
214,random,2,B,A,A,B,A,skip,A,A,skip,B,skip,skip,skip,A,B,B,A,B,skip,A,0.35,random
214,rotate0,3,skip,skip,skip,skip,skip,skip,skip,skip,skip,skip,skip,skip,skip,skip,skip,skip,skip,skip,skip,skip,0.0,random
214,rotate0,4,skip,skip,skip,skip,skip,skip,skip,skip,skip,skip,skip,skip,skip,skip,skip,skip,skip,skip,skip,skip,0.0,random
214,random,5,A,B,B,A,B,skip,skip,A,skip,skip,skip,B,skip,A,skip,B,B,A,skip,B,0.25,random
214,rotate0,6,skip,skip,skip,skip,skip,skip,skip,skip,skip,skip,skip,skip,skip,skip,skip,skip,skip,skip,skip,skip,0.0,random
215,rotate0,1,A,A,A,A,A,A,A,A,A,A,A,A,A,A,A,A,A,A,A,A,0.4,rotate0
215,random,2,B,B,B,B,B,B,A,skip,skip,skip,A,B,skip,skip,B,B,A,skip,A,B,0.2,rotate0
215,rotate0,3,skip,skip,skip,skip,skip,skip,skip,skip,skip,skip,skip,skip,skip,skip,skip,skip,skip,skip,skip,skip,0.0,rotate0
215,random,4,B,A,A,skip,B,B,B,A,B,A,skip,B,skip,B,A,skip,skip,A,A,A,0.15,rotate0
215,rotate0,5,skip,skip,skip,skip,skip,skip,skip,skip,skip,skip,skip,skip,skip,skip,skip,skip,skip,skip,skip,skip,0.0,rotate0
215,random,6,skip,B,A,skip,skip,B,A,skip,skip,A,skip,skip,A,skip,B,skip,skip,skip,skip,skip,0.0,rotate0
216,rotate0,1,A,A,A,A,A,A,A,A,A,A,A,A,A,A,A,A,A,A,A,A,0.45,random
216,random,2,skip,A,B,B,B,B,B,B,B,B,A,B,skip,A,skip,B,skip,skip,B,skip,0.3,random
216,random,3,A,skip,skip,A,skip,B,skip,A,A,skip,B,skip,B,A,A,B,B,B,A,A,0.05,random
216,rotate0,4,skip,skip,skip,skip,skip,skip,skip,skip,skip,skip,skip,skip,skip,skip,skip,skip,skip,skip,skip,skip,0.0,random
216,rotate0,5,skip,skip,skip,skip,skip,skip,skip,skip,skip,skip,skip,skip,skip,skip,skip,skip,skip,skip,skip,skip,0.0,random
216,random,6,skip,B,B,A,skip,B,B,A,skip,B,B,skip,B,skip,B,A,B,skip,skip,A,0.1,random
217,random,1,skip,skip,A,skip,skip,B,B,B,skip,skip,skip,B,B,skip,B,A,B,A,B,skip,0.25,random
217,random,2,skip,skip,A,skip,B,B,skip,skip,A,skip,B,A,A,B,B,skip,A,B,skip,A,0.3,random
217,random,3,A,B,skip,A,A,skip,B,skip,B,skip,A,skip,B,B,skip,B,B,B,A,A,0.4,random
217,rotate0,4,skip,skip,skip,skip,skip,skip,skip,skip,skip,skip,skip,skip,skip,skip,skip,skip,skip,skip,skip,skip,0.0,random
217,rotate0,5,skip,skip,skip,skip,skip,skip,skip,skip,skip,skip,skip,skip,skip,skip,skip,skip,skip,skip,skip,skip,0.0,random
217,rotate0,6,skip,skip,skip,skip,skip,skip,skip,skip,skip,skip,skip,skip,skip,skip,skip,skip,skip,skip,skip,skip,0.0,random
218,random,1,A,skip,B,A,B,B,B,B,A,skip,A,B,A,skip,A,A,skip,B,B,B,0.1,random
218,rotate0,2,B,B,B,B,B,B,B,B,B,B,B,B,B,B,B,B,B,B,B,B,0.25,random
218,rotate0,3,skip,skip,skip,skip,skip,skip,skip,skip,skip,skip,skip,skip,skip,skip,skip,skip,skip,skip,skip,skip,0.0,random
218,random,4,skip,A,skip,A,skip,skip,A,A,skip,skip,A,skip,A,A,B,skip,B,B,B,skip,0.2,random
218,random,5,B,skip,skip,B,A,A,B,skip,A,skip,A,A,skip,B,A,B,skip,B,A,B,0.2,random
218,rotate0,6,skip,skip,skip,skip,skip,skip,skip,skip,skip,skip,skip,skip,skip,skip,skip,skip,skip,skip,skip,skip,0.0,random
219,rotate0,1,A,A,A,A,A,A,A,A,A,A,A,A,A,A,A,A,A,A,A,A,0.3,random
219,random,2,B,A,B,skip,skip,A,B,skip,skip,A,B,skip,A,skip,B,A,skip,skip,A,A,0.15,random
219,random,3,B,skip,skip,A,B,skip,A,A,skip,skip,skip,skip,skip,B,skip,skip,B,B,A,skip,0.1,random
219,random,4,B,A,B,skip,B,B,skip,skip,skip,skip,A,B,B,A,A,skip,A,B,B,A,0.2,random
219,rotate0,5,skip,skip,skip,skip,skip,skip,skip,skip,skip,skip,skip,skip,skip,skip,skip,skip,skip,skip,skip,skip,0.0,random
219,rotate0,6,skip,skip,skip,skip,skip,skip,skip,skip,skip,skip,skip,skip,skip,skip,skip,skip,skip,skip,skip,skip,0.0,random
220,rotate0,1,A,A,A,A,A,A,A,A,A,A,A,A,A,A,A,A,A,A,A,A,0.3,rotate0
220,rotate0,2,B,B,B,B,B,B,B,B,B,B,B,B,B,B,B,B,B,B,B,B,0.2,rotate0
220,random,3,B,B,skip,B,A,A,A,skip,B,A,B,B,B,A,skip,A,B,skip,B,B,0.0,rotate0
220,rotate0,4,skip,skip,skip,skip,skip,skip,skip,skip,skip,skip,skip,skip,skip,skip,skip,skip,skip,skip,skip,skip,0.0,rotate0
220,random,5,B,skip,A,A,A,skip,A,A,B,A,B,A,A,B,A,skip,skip,B,skip,skip,0.0,rotate0
220,random,6,A,skip,B,A,skip,skip,A,B,A,A,skip,B,A,B,B,B,B,skip,B,skip,0.0,rotate0
221,rotate,1,A,B,skip,skip,skip,skip,A,B,skip,skip,skip,skip,A,B,skip,skip,skip,skip,A,B,0.4,rotate
221,rotate,2,B,skip,skip,skip,skip,A,B,skip,skip,skip,skip,A,B,skip,skip,skip,skip,A,B,skip,0.35,rotate
221,rotate0,3,skip,skip,skip,skip,skip,skip,skip,skip,skip,skip,skip,skip,skip,skip,skip,skip,skip,skip,skip,skip,0.0,rotate
221,rotate0,4,skip,skip,skip,skip,skip,skip,skip,skip,skip,skip,skip,skip,skip,skip,skip,skip,skip,skip,skip,skip,0.0,rotate
221,rotate,5,skip,skip,A,B,skip,skip,skip,skip,A,B,skip,skip,skip,skip,A,B,skip,skip,skip,skip,0.3,rotate
221,rotate0,6,skip,skip,skip,skip,skip,skip,skip,skip,skip,skip,skip,skip,skip,skip,skip,skip,skip,skip,skip,skip,0.0,rotate
222,rotate,1,A,B,skip,skip,skip,skip,A,B,skip,skip,skip,skip,A,B,skip,skip,skip,skip,A,B,0.4,rotate
222,rotate,2,B,skip,skip,skip,skip,A,B,skip,skip,skip,skip,A,B,skip,skip,skip,skip,A,B,skip,0.35,rotate
222,rotate,3,skip,skip,skip,skip,A,B,skip,skip,skip,skip,A,B,skip,skip,skip,skip,A,B,skip,skip,0.3,rotate
222,rotate0,4,skip,skip,skip,skip,skip,skip,skip,skip,skip,skip,skip,skip,skip,skip,skip,skip,skip,skip,skip,skip,0.0,rotate
222,rotate0,5,skip,skip,skip,skip,skip,skip,skip,skip,skip,skip,skip,skip,skip,skip,skip,skip,skip,skip,skip,skip,0.0,rotate
222,rotate0,6,skip,skip,skip,skip,skip,skip,skip,skip,skip,skip,skip,skip,skip,skip,skip,skip,skip,skip,skip,skip,0.0,rotate
223,rotate,1,A,B,skip,skip,skip,skip,A,B,skip,skip,skip,skip,A,B,skip,skip,skip,skip,A,B,0.2,rotate
223,rotate0,2,B,B,B,B,B,B,B,B,B,B,B,B,B,B,B,B,B,B,B,B,0.5,rotate
223,rotate0,3,skip,skip,skip,skip,skip,skip,skip,skip,skip,skip,skip,skip,skip,skip,skip,skip,skip,skip,skip,skip,0.0,rotate
223,rotate,4,skip,skip,skip,A,B,skip,skip,skip,skip,A,B,skip,skip,skip,skip,A,B,skip,skip,skip,0.15,rotate
223,rotate,5,skip,skip,A,B,skip,skip,skip,skip,A,B,skip,skip,skip,skip,A,B,skip,skip,skip,skip,0.15,rotate
223,rotate0,6,skip,skip,skip,skip,skip,skip,skip,skip,skip,skip,skip,skip,skip,skip,skip,skip,skip,skip,skip,skip,0.0,rotate
224,rotate0,1,A,A,A,A,A,A,A,A,A,A,A,A,A,A,A,A,A,A,A,A,0.5,rotate0
224,rotate0,2,B,B,B,B,B,B,B,B,B,B,B,B,B,B,B,B,B,B,B,B,0.55,rotate0
224,rotate,3,skip,skip,skip,skip,A,B,skip,skip,skip,skip,A,B,skip,skip,skip,skip,A,B,skip,skip,0.0,rotate0
224,rotate0,4,skip,skip,skip,skip,skip,skip,skip,skip,skip,skip,skip,skip,skip,skip,skip,skip,skip,skip,skip,skip,0.0,rotate0
224,rotate,5,skip,skip,A,B,skip,skip,skip,skip,A,B,skip,skip,skip,skip,A,B,skip,skip,skip,skip,0.0,rotate0
224,rotate,6,skip,A,B,skip,skip,skip,skip,A,B,skip,skip,skip,skip,A,B,skip,skip,skip,skip,A,0.0,rotate0
225,rotate,1,A,B,skip,skip,skip,skip,A,B,skip,skip,skip,skip,A,B,skip,skip,skip,skip,A,B,0.2,rotate
225,rotate0,2,B,B,B,B,B,B,B,B,B,B,B,B,B,B,B,B,B,B,B,B,0.5,rotate
225,rotate0,3,skip,skip,skip,skip,skip,skip,skip,skip,skip,skip,skip,skip,skip,skip,skip,skip,skip,skip,skip,skip,0.0,rotate
225,rotate0,4,skip,skip,skip,skip,skip,skip,skip,skip,skip,skip,skip,skip,skip,skip,skip,skip,skip,skip,skip,skip,0.0,rotate
225,rotate,5,skip,skip,A,B,skip,skip,skip,skip,A,B,skip,skip,skip,skip,A,B,skip,skip,skip,skip,0.15,rotate
225,rotate,6,skip,A,B,skip,skip,skip,skip,A,B,skip,skip,skip,skip,A,B,skip,skip,skip,skip,A,0.2,rotate
226,rotate,1,A,B,skip,skip,skip,skip,A,B,skip,skip,skip,skip,A,B,skip,skip,skip,skip,A,B,0.2,rotate
226,rotate0,2,B,B,B,B,B,B,B,B,B,B,B,B,B,B,B,B,B,B,B,B,0.5,rotate
226,rotate0,3,skip,skip,skip,skip,skip,skip,skip,skip,skip,skip,skip,skip,skip,skip,skip,skip,skip,skip,skip,skip,0.0,rotate
226,rotate,4,skip,skip,skip,A,B,skip,skip,skip,skip,A,B,skip,skip,skip,skip,A,B,skip,skip,skip,0.15,rotate
226,rotate0,5,skip,skip,skip,skip,skip,skip,skip,skip,skip,skip,skip,skip,skip,skip,skip,skip,skip,skip,skip,skip,0.0,rotate
226,rotate,6,skip,A,B,skip,skip,skip,skip,A,B,skip,skip,skip,skip,A,B,skip,skip,skip,skip,A,0.2,rotate
227,rotate0,1,A,A,A,A,A,A,A,A,A,A,A,A,A,A,A,A,A,A,A,A,0.5,rotate
227,rotate,2,B,skip,skip,skip,skip,A,B,skip,skip,skip,skip,A,B,skip,skip,skip,skip,A,B,skip,0.2,rotate
227,rotate,3,skip,skip,skip,skip,A,B,skip,skip,skip,skip,A,B,skip,skip,skip,skip,A,B,skip,skip,0.15,rotate
227,rotate0,4,skip,skip,skip,skip,skip,skip,skip,skip,skip,skip,skip,skip,skip,skip,skip,skip,skip,skip,skip,skip,0.0,rotate
227,rotate0,5,skip,skip,skip,skip,skip,skip,skip,skip,skip,skip,skip,skip,skip,skip,skip,skip,skip,skip,skip,skip,0.0,rotate
227,rotate,6,skip,A,B,skip,skip,skip,skip,A,B,skip,skip,skip,skip,A,B,skip,skip,skip,skip,A,0.15,rotate
228,rotate,1,A,B,skip,skip,skip,skip,A,B,skip,skip,skip,skip,A,B,skip,skip,skip,skip,A,B,0.2,rotate
228,rotate0,2,B,B,B,B,B,B,B,B,B,B,B,B,B,B,B,B,B,B,B,B,0.5,rotate
228,rotate,3,skip,skip,skip,skip,A,B,skip,skip,skip,skip,A,B,skip,skip,skip,skip,A,B,skip,skip,0.15,rotate
228,rotate,4,skip,skip,skip,A,B,skip,skip,skip,skip,A,B,skip,skip,skip,skip,A,B,skip,skip,skip,0.15,rotate
228,rotate0,5,skip,skip,skip,skip,skip,skip,skip,skip,skip,skip,skip,skip,skip,skip,skip,skip,skip,skip,skip,skip,0.0,rotate
228,rotate0,6,skip,skip,skip,skip,skip,skip,skip,skip,skip,skip,skip,skip,skip,skip,skip,skip,skip,skip,skip,skip,0.0,rotate
229,rotate0,1,A,A,A,A,A,A,A,A,A,A,A,A,A,A,A,A,A,A,A,A,0.55,rotate0
229,rotate0,2,B,B,B,B,B,B,B,B,B,B,B,B,B,B,B,B,B,B,B,B,0.55,rotate0
229,rotate,3,skip,skip,skip,skip,A,B,skip,skip,skip,skip,A,B,skip,skip,skip,skip,A,B,skip,skip,0.0,rotate0
229,rotate,4,skip,skip,skip,A,B,skip,skip,skip,skip,A,B,skip,skip,skip,skip,A,B,skip,skip,skip,0.0,rotate0
229,rotate,5,skip,skip,A,B,skip,skip,skip,skip,A,B,skip,skip,skip,skip,A,B,skip,skip,skip,skip,0.0,rotate0
229,rotate0,6,skip,skip,skip,skip,skip,skip,skip,skip,skip,skip,skip,skip,skip,skip,skip,skip,skip,skip,skip,skip,0.0,rotate0
230,rotate0,1,A,A,A,A,A,A,A,A,A,A,A,A,A,A,A,A,A,A,A,A,0.5,rotate0
230,rotate0,2,B,B,B,B,B,B,B,B,B,B,B,B,B,B,B,B,B,B,B,B,0.55,rotate0
230,rotate,3,skip,skip,skip,skip,A,B,skip,skip,skip,skip,A,B,skip,skip,skip,skip,A,B,skip,skip,0.0,rotate0
230,rotate,4,skip,skip,skip,A,B,skip,skip,skip,skip,A,B,skip,skip,skip,skip,A,B,skip,skip,skip,0.0,rotate0
230,rotate0,5,skip,skip,skip,skip,skip,skip,skip,skip,skip,skip,skip,skip,skip,skip,skip,skip,skip,skip,skip,skip,0.0,rotate0
230,rotate,6,skip,A,B,skip,skip,skip,skip,A,B,skip,skip,skip,skip,A,B,skip,skip,skip,skip,A,0.0,rotate0
231,rotate0,1,A,A,A,A,A,A,A,A,A,A,A,A,A,A,A,A,A,A,A,A,0.5,rotate0
231,rotate0,2,B,B,B,B,B,B,B,B,B,B,B,B,B,B,B,B,B,B,B,B,0.55,rotate0
231,rotate0,3,skip,skip,skip,skip,skip,skip,skip,skip,skip,skip,skip,skip,skip,skip,skip,skip,skip,skip,skip,skip,0.0,rotate0
231,rotate,4,skip,skip,skip,A,B,skip,skip,skip,skip,A,B,skip,skip,skip,skip,A,B,skip,skip,skip,0.0,rotate0
231,rotate,5,skip,skip,A,B,skip,skip,skip,skip,A,B,skip,skip,skip,skip,A,B,skip,skip,skip,skip,0.0,rotate0
231,rotate,6,skip,A,B,skip,skip,skip,skip,A,B,skip,skip,skip,skip,A,B,skip,skip,skip,skip,A,0.0,rotate0
232,rotate0,1,A,A,A,A,A,A,A,A,A,A,A,A,A,A,A,A,A,A,A,A,0.55,rotate
232,rotate,2,B,skip,skip,skip,skip,A,B,skip,skip,skip,skip,A,B,skip,skip,skip,skip,A,B,skip,0.2,rotate
232,rotate,3,skip,skip,skip,skip,A,B,skip,skip,skip,skip,A,B,skip,skip,skip,skip,A,B,skip,skip,0.15,rotate
232,rotate0,4,skip,skip,skip,skip,skip,skip,skip,skip,skip,skip,skip,skip,skip,skip,skip,skip,skip,skip,skip,skip,0.0,rotate
232,rotate,5,skip,skip,A,B,skip,skip,skip,skip,A,B,skip,skip,skip,skip,A,B,skip,skip,skip,skip,0.15,rotate
232,rotate0,6,skip,skip,skip,skip,skip,skip,skip,skip,skip,skip,skip,skip,skip,skip,skip,skip,skip,skip,skip,skip,0.0,rotate
233,rotate0,1,A,A,A,A,A,A,A,A,A,A,A,A,A,A,A,A,A,A,A,A,0.55,rotate
233,rotate,2,B,skip,skip,skip,skip,A,B,skip,skip,skip,skip,A,B,skip,skip,skip,skip,A,B,skip,0.2,rotate
233,rotate,3,skip,skip,skip,skip,A,B,skip,skip,skip,skip,A,B,skip,skip,skip,skip,A,B,skip,skip,0.15,rotate
233,rotate,4,skip,skip,skip,A,B,skip,skip,skip,skip,A,B,skip,skip,skip,skip,A,B,skip,skip,skip,0.15,rotate
233,rotate0,5,skip,skip,skip,skip,skip,skip,skip,skip,skip,skip,skip,skip,skip,skip,skip,skip,skip,skip,skip,skip,0.0,rotate
233,rotate0,6,skip,skip,skip,skip,skip,skip,skip,skip,skip,skip,skip,skip,skip,skip,skip,skip,skip,skip,skip,skip,0.0,rotate
234,rotate0,1,A,A,A,A,A,A,A,A,A,A,A,A,A,A,A,A,A,A,A,A,0.5,rotate
234,rotate,2,B,skip,skip,skip,skip,A,B,skip,skip,skip,skip,A,B,skip,skip,skip,skip,A,B,skip,0.2,rotate
234,rotate0,3,skip,skip,skip,skip,skip,skip,skip,skip,skip,skip,skip,skip,skip,skip,skip,skip,skip,skip,skip,skip,0.0,rotate
234,rotate0,4,skip,skip,skip,skip,skip,skip,skip,skip,skip,skip,skip,skip,skip,skip,skip,skip,skip,skip,skip,skip,0.0,rotate
234,rotate,5,skip,skip,A,B,skip,skip,skip,skip,A,B,skip,skip,skip,skip,A,B,skip,skip,skip,skip,0.15,rotate
234,rotate,6,skip,A,B,skip,skip,skip,skip,A,B,skip,skip,skip,skip,A,B,skip,skip,skip,skip,A,0.15,rotate
235,rotate0,1,A,A,A,A,A,A,A,A,A,A,A,A,A,A,A,A,A,A,A,A,0.55,rotate
235,rotate,2,B,skip,skip,skip,skip,A,B,skip,skip,skip,skip,A,B,skip,skip,skip,skip,A,B,skip,0.2,rotate
235,rotate0,3,skip,skip,skip,skip,skip,skip,skip,skip,skip,skip,skip,skip,skip,skip,skip,skip,skip,skip,skip,skip,0.0,rotate
235,rotate,4,skip,skip,skip,A,B,skip,skip,skip,skip,A,B,skip,skip,skip,skip,A,B,skip,skip,skip,0.15,rotate
235,rotate,5,skip,skip,A,B,skip,skip,skip,skip,A,B,skip,skip,skip,skip,A,B,skip,skip,skip,skip,0.15,rotate
235,rotate0,6,skip,skip,skip,skip,skip,skip,skip,skip,skip,skip,skip,skip,skip,skip,skip,skip,skip,skip,skip,skip,0.0,rotate
236,rotate,1,A,B,skip,skip,skip,skip,A,B,skip,skip,skip,skip,A,B,skip,skip,skip,skip,A,B,0.2,rotate
236,rotate0,2,B,B,B,B,B,B,B,B,B,B,B,B,B,B,B,B,B,B,B,B,0.5,rotate
236,rotate,3,skip,skip,skip,skip,A,B,skip,skip,skip,skip,A,B,skip,skip,skip,skip,A,B,skip,skip,0.15,rotate
236,rotate0,4,skip,skip,skip,skip,skip,skip,skip,skip,skip,skip,skip,skip,skip,skip,skip,skip,skip,skip,skip,skip,0.0,rotate
236,rotate0,5,skip,skip,skip,skip,skip,skip,skip,skip,skip,skip,skip,skip,skip,skip,skip,skip,skip,skip,skip,skip,0.0,rotate
236,rotate,6,skip,A,B,skip,skip,skip,skip,A,B,skip,skip,skip,skip,A,B,skip,skip,skip,skip,A,0.2,rotate
237,rotate,1,A,B,skip,skip,skip,skip,A,B,skip,skip,skip,skip,A,B,skip,skip,skip,skip,A,B,0.4,rotate
237,rotate,2,B,skip,skip,skip,skip,A,B,skip,skip,skip,skip,A,B,skip,skip,skip,skip,A,B,skip,0.35,rotate
237,rotate0,3,skip,skip,skip,skip,skip,skip,skip,skip,skip,skip,skip,skip,skip,skip,skip,skip,skip,skip,skip,skip,0.0,rotate
237,rotate,4,skip,skip,skip,A,B,skip,skip,skip,skip,A,B,skip,skip,skip,skip,A,B,skip,skip,skip,0.3,rotate
237,rotate0,5,skip,skip,skip,skip,skip,skip,skip,skip,skip,skip,skip,skip,skip,skip,skip,skip,skip,skip,skip,skip,0.0,rotate
237,rotate0,6,skip,skip,skip,skip,skip,skip,skip,skip,skip,skip,skip,skip,skip,skip,skip,skip,skip,skip,skip,skip,0.0,rotate
238,rotate,1,A,B,skip,skip,skip,skip,A,B,skip,skip,skip,skip,A,B,skip,skip,skip,skip,A,B,0.4,rotate
238,rotate,2,B,skip,skip,skip,skip,A,B,skip,skip,skip,skip,A,B,skip,skip,skip,skip,A,B,skip,0.35,rotate
238,rotate0,3,skip,skip,skip,skip,skip,skip,skip,skip,skip,skip,skip,skip,skip,skip,skip,skip,skip,skip,skip,skip,0.0,rotate
238,rotate0,4,skip,skip,skip,skip,skip,skip,skip,skip,skip,skip,skip,skip,skip,skip,skip,skip,skip,skip,skip,skip,0.0,rotate
238,rotate0,5,skip,skip,skip,skip,skip,skip,skip,skip,skip,skip,skip,skip,skip,skip,skip,skip,skip,skip,skip,skip,0.0,rotate
238,rotate,6,skip,A,B,skip,skip,skip,skip,A,B,skip,skip,skip,skip,A,B,skip,skip,skip,skip,A,0.35,rotate
239,rotate0,1,A,A,A,A,A,A,A,A,A,A,A,A,A,A,A,A,A,A,A,A,0.5,rotate
239,rotate,2,B,skip,skip,skip,skip,A,B,skip,skip,skip,skip,A,B,skip,skip,skip,skip,A,B,skip,0.2,rotate
239,rotate0,3,skip,skip,skip,skip,skip,skip,skip,skip,skip,skip,skip,skip,skip,skip,skip,skip,skip,skip,skip,skip,0.0,rotate
239,rotate,4,skip,skip,skip,A,B,skip,skip,skip,skip,A,B,skip,skip,skip,skip,A,B,skip,skip,skip,0.15,rotate
239,rotate0,5,skip,skip,skip,skip,skip,skip,skip,skip,skip,skip,skip,skip,skip,skip,skip,skip,skip,skip,skip,skip,0.0,rotate
239,rotate,6,skip,A,B,skip,skip,skip,skip,A,B,skip,skip,skip,skip,A,B,skip,skip,skip,skip,A,0.15,rotate
240,rotate,1,A,B,skip,skip,skip,skip,A,B,skip,skip,skip,skip,A,B,skip,skip,skip,skip,A,B,0.2,rotate
240,rotate0,2,B,B,B,B,B,B,B,B,B,B,B,B,B,B,B,B,B,B,B,B,0.5,rotate
240,rotate,3,skip,skip,skip,skip,A,B,skip,skip,skip,skip,A,B,skip,skip,skip,skip,A,B,skip,skip,0.15,rotate
240,rotate0,4,skip,skip,skip,skip,skip,skip,skip,skip,skip,skip,skip,skip,skip,skip,skip,skip,skip,skip,skip,skip,0.0,rotate
240,rotate,5,skip,skip,A,B,skip,skip,skip,skip,A,B,skip,skip,skip,skip,A,B,skip,skip,skip,skip,0.15,rotate
240,rotate0,6,skip,skip,skip,skip,skip,skip,skip,skip,skip,skip,skip,skip,skip,skip,skip,skip,skip,skip,skip,skip,0.0,rotate
241,random3,1,A,B,A,A,B,A,B,A,B,B,B,B,B,B,B,B,B,B,A,A,0.0,random3
241,rotate0,2,B,B,B,B,B,B,B,B,B,B,B,B,B,B,B,B,B,B,B,B,0.1,random3
241,rotate0,3,skip,skip,skip,skip,skip,skip,skip,skip,skip,skip,skip,skip,skip,skip,skip,skip,skip,skip,skip,skip,0.0,random3
241,random3,4,A,A,A,A,A,A,A,A,B,A,A,A,A,A,A,A,A,A,A,A,0.45,random3
241,random3,5,A,B,B,B,B,B,B,A,A,A,B,B,B,B,B,A,A,B,B,B,0.05,random3
241,rotate0,6,skip,skip,skip,skip,skip,skip,skip,skip,skip,skip,skip,skip,skip,skip,skip,skip,skip,skip,skip,skip,0.0,random3
242,random3,1,B,B,A,A,B,B,B,B,B,B,A,A,A,B,B,B,B,A,A,A,0.0,rotate0
242,rotate0,2,B,B,B,B,B,B,B,B,B,B,B,B,B,B,B,B,B,B,B,B,0.1,rotate0
242,random3,3,A,A,A,B,A,A,A,A,A,B,A,A,A,A,B,B,B,B,B,B,0.0,rotate0
242,rotate0,4,skip,skip,skip,skip,skip,skip,skip,skip,skip,skip,skip,skip,skip,skip,skip,skip,skip,skip,skip,skip,0.0,rotate0
242,random3,5,A,A,A,A,A,A,A,A,A,A,A,B,B,A,B,B,B,A,A,A,0.05,rotate0
242,rotate0,6,skip,skip,skip,skip,skip,skip,skip,skip,skip,skip,skip,skip,skip,skip,skip,skip,skip,skip,skip,skip,0.0,rotate0
243,rotate0,1,A,A,A,A,A,A,A,A,A,A,A,A,A,A,A,A,A,A,A,A,0.0,rotate0
243,rotate0,2,B,B,B,B,B,B,B,B,B,B,B,B,B,B,B,B,B,B,B,B,0.05,rotate0
243,random3,3,B,B,A,A,A,A,A,A,A,A,A,A,A,A,A,B,B,A,A,B,0.0,rotate0
243,random3,4,B,B,B,B,B,B,B,B,A,B,B,B,B,B,B,A,B,B,B,A,0.0,rotate0
243,rotate0,5,skip,skip,skip,skip,skip,skip,skip,skip,skip,skip,skip,skip,skip,skip,skip,skip,skip,skip,skip,skip,0.0,rotate0
243,random3,6,A,A,A,A,A,A,A,A,A,A,A,A,B,B,B,B,A,A,A,A,0.0,rotate0
244,random3,1,A,A,A,A,A,A,A,A,A,A,A,A,A,A,A,A,A,B,B,B,0.25,random3
244,rotate0,2,B,B,B,B,B,B,B,B,B,B,B,B,B,B,B,B,B,B,B,B,0.15,random3
244,rotate0,3,skip,skip,skip,skip,skip,skip,skip,skip,skip,skip,skip,skip,skip,skip,skip,skip,skip,skip,skip,skip,0.0,random3
244,rotate0,4,skip,skip,skip,skip,skip,skip,skip,skip,skip,skip,skip,skip,skip,skip,skip,skip,skip,skip,skip,skip,0.0,random3
244,random3,5,A,A,B,B,B,B,A,A,A,B,B,B,B,B,B,B,B,B,A,A,0.0,random3
244,random3,6,A,A,A,B,B,B,B,B,A,A,A,A,A,A,B,B,A,A,A,A,0.05,random3
245,rotate0,1,A,A,A,A,A,A,A,A,A,A,A,A,A,A,A,A,A,A,A,A,0.05,random3
245,random3,2,A,A,A,A,A,A,A,B,B,B,B,B,A,A,A,A,A,A,A,B,0.05,random3
245,random3,3,B,B,B,A,A,B,B,A,A,A,A,A,B,B,B,B,A,A,A,B,0.0,random3
245,rotate0,4,skip,skip,skip,skip,skip,skip,skip,skip,skip,skip,skip,skip,skip,skip,skip,skip,skip,skip,skip,skip,0.0,random3
245,random3,5,B,B,B,B,B,B,B,B,B,A,B,B,B,B,B,B,B,B,B,B,0.25,random3
245,rotate0,6,skip,skip,skip,skip,skip,skip,skip,skip,skip,skip,skip,skip,skip,skip,skip,skip,skip,skip,skip,skip,0.0,random3
246,random3,1,A,A,A,A,A,B,A,B,B,A,A,A,A,A,A,A,A,A,A,A,0.4,random3
246,rotate0,2,B,B,B,B,B,B,B,B,B,B,B,B,B,B,B,B,B,B,B,B,0.05,random3
246,random3,3,B,B,B,B,B,B,A,B,B,A,B,B,B,B,B,B,B,A,A,B,0.0,random3
246,rotate0,4,skip,skip,skip,skip,skip,skip,skip,skip,skip,skip,skip,skip,skip,skip,skip,skip,skip,skip,skip,skip,0.0,random3
246,rotate0,5,skip,skip,skip,skip,skip,skip,skip,skip,skip,skip,skip,skip,skip,skip,skip,skip,skip,skip,skip,skip,0.0,random3
246,random3,6,A,A,A,A,A,B,B,A,A,A,B,B,B,B,B,B,B,B,B,B,0.1,random3
247,random3,1,B,B,B,B,B,B,B,B,B,A,B,B,B,B,B,B,A,A,A,B,0.15,random3
247,random3,2,A,A,B,A,B,B,B,B,B,B,B,B,B,B,A,A,A,A,A,A,0.2,random3
247,rotate0,3,skip,skip,skip,skip,skip,skip,skip,skip,skip,skip,skip,skip,skip,skip,skip,skip,skip,skip,skip,skip,0.0,random3
247,rotate0,4,skip,skip,skip,skip,skip,skip,skip,skip,skip,skip,skip,skip,skip,skip,skip,skip,skip,skip,skip,skip,0.0,random3
247,rotate0,5,skip,skip,skip,skip,skip,skip,skip,skip,skip,skip,skip,skip,skip,skip,skip,skip,skip,skip,skip,skip,0.0,random3
247,random3,6,B,A,A,A,A,A,A,A,A,A,B,A,A,A,A,B,A,A,A,B,0.45,random3
248,rotate0,1,A,A,A,A,A,A,A,A,A,A,A,A,A,A,A,A,A,A,A,A,0.05,rotate0
248,rotate0,2,B,B,B,B,B,B,B,B,B,B,B,B,B,B,B,B,B,B,B,B,0.4,rotate0
248,random3,3,A,A,B,B,B,B,A,A,A,A,B,A,A,A,A,B,A,B,A,A,0.0,rotate0
248,random3,4,B,A,A,A,A,A,A,A,A,A,B,B,A,A,A,A,A,B,A,A,0.0,rotate0
248,random3,5,B,A,A,A,B,B,B,A,A,A,A,A,A,A,A,A,A,B,B,B,0.0,rotate0
248,rotate0,6,skip,skip,skip,skip,skip,skip,skip,skip,skip,skip,skip,skip,skip,skip,skip,skip,skip,skip,skip,skip,0.0,rotate0
249,rotate0,1,A,A,A,A,A,A,A,A,A,A,A,A,A,A,A,A,A,A,A,A,0.05,random3
249,random3,2,A,B,B,A,A,A,B,B,B,B,B,B,B,B,B,B,B,B,B,B,0.1,random3
249,random3,3,A,A,A,A,B,A,B,B,B,B,B,B,B,B,A,A,B,B,B,B,0.0,random3
249,random3,4,A,B,B,B,B,B,B,A,A,A,A,A,A,A,A,A,A,A,A,A,0.1,random3
249,rotate0,5,skip,skip,skip,skip,skip,skip,skip,skip,skip,skip,skip,skip,skip,skip,skip,skip,skip,skip,skip,skip,0.0,random3
249,rotate0,6,skip,skip,skip,skip,skip,skip,skip,skip,skip,skip,skip,skip,skip,skip,skip,skip,skip,skip,skip,skip,0.0,random3
250,random3,1,A,A,A,A,A,A,B,A,A,A,A,A,A,A,A,A,A,A,A,B,0.35,random3
250,rotate0,2,B,B,B,B,B,B,B,B,B,B,B,B,B,B,B,B,B,B,B,B,0.05,random3
250,rotate0,3,skip,skip,skip,skip,skip,skip,skip,skip,skip,skip,skip,skip,skip,skip,skip,skip,skip,skip,skip,skip,0.0,random3
250,random3,4,B,B,B,B,A,A,A,A,A,A,A,B,B,A,B,A,A,A,A,A,0.1,random3
250,rotate0,5,skip,skip,skip,skip,skip,skip,skip,skip,skip,skip,skip,skip,skip,skip,skip,skip,skip,skip,skip,skip,0.0,random3
250,random3,6,B,B,B,B,B,B,B,B,A,B,B,B,B,B,B,B,B,B,B,B,0.0,random3
251,random3,1,B,B,B,B,B,B,B,B,A,B,A,A,B,B,B,B,B,B,B,B,0.5,random3
251,random3,2,A,A,A,A,A,A,A,B,A,B,B,A,A,B,A,A,B,B,B,B,0.05,random3
251,rotate0,3,skip,skip,skip,skip,skip,skip,skip,skip,skip,skip,skip,skip,skip,skip,skip,skip,skip,skip,skip,skip,0.0,random3
251,rotate0,4,skip,skip,skip,skip,skip,skip,skip,skip,skip,skip,skip,skip,skip,skip,skip,skip,skip,skip,skip,skip,0.0,random3
251,random3,5,B,A,A,A,A,A,A,A,A,B,B,A,A,A,A,A,A,A,A,A,0.3,random3
251,rotate0,6,skip,skip,skip,skip,skip,skip,skip,skip,skip,skip,skip,skip,skip,skip,skip,skip,skip,skip,skip,skip,0.0,random3
252,rotate0,1,A,A,A,A,A,A,A,A,A,A,A,A,A,A,A,A,A,A,A,A,0.15,rotate0
252,rotate0,2,B,B,B,B,B,B,B,B,B,B,B,B,B,B,B,B,B,B,B,B,0.2,rotate0
252,random3,3,A,B,B,B,A,A,B,B,B,A,B,A,A,B,B,B,B,B,B,B,0.0,rotate0
252,rotate0,4,skip,skip,skip,skip,skip,skip,skip,skip,skip,skip,skip,skip,skip,skip,skip,skip,skip,skip,skip,skip,0.0,rotate0
252,random3,5,A,A,A,B,A,A,A,A,A,A,A,A,A,A,A,B,A,A,A,B,0.0,rotate0
252,random3,6,A,A,A,B,B,B,B,B,B,A,A,A,A,B,B,B,B,A,A,B,0.0,rotate0
253,rotate0,1,A,A,A,A,A,A,A,A,A,A,A,A,A,A,A,A,A,A,A,A,0.2,rotate0
253,random3,2,B,B,B,B,B,B,B,B,B,B,B,B,B,A,A,A,A,A,A,A,0.15,rotate0
253,random3,3,A,A,A,B,B,B,B,B,B,B,B,B,B,B,B,B,B,B,B,B,0.0,rotate0
253,rotate0,4,skip,skip,skip,skip,skip,skip,skip,skip,skip,skip,skip,skip,skip,skip,skip,skip,skip,skip,skip,skip,0.0,rotate0
253,rotate0,5,skip,skip,skip,skip,skip,skip,skip,skip,skip,skip,skip,skip,skip,skip,skip,skip,skip,skip,skip,skip,0.0,rotate0
253,random3,6,A,A,A,A,A,A,A,B,B,A,A,B,B,B,B,B,B,B,B,B,0.0,rotate0
254,random3,1,A,A,A,A,B,A,B,B,A,A,B,A,A,A,A,B,B,B,B,B,0.15,random3
254,random3,2,B,B,B,B,B,B,B,B,A,B,B,A,A,B,B,B,A,A,A,A,0.45,random3
254,random3,3,A,B,A,A,A,A,B,A,A,A,A,A,A,A,A,A,A,A,B,B,0.2,random3
254,rotate0,4,skip,skip,skip,skip,skip,skip,skip,skip,skip,skip,skip,skip,skip,skip,skip,skip,skip,skip,skip,skip,0.0,random3
254,rotate0,5,skip,skip,skip,skip,skip,skip,skip,skip,skip,skip,skip,skip,skip,skip,skip,skip,skip,skip,skip,skip,0.0,random3
254,rotate0,6,skip,skip,skip,skip,skip,skip,skip,skip,skip,skip,skip,skip,skip,skip,skip,skip,skip,skip,skip,skip,0.0,random3
255,rotate0,1,A,A,A,A,A,A,A,A,A,A,A,A,A,A,A,A,A,A,A,A,0.15,rotate0
255,rotate0,2,B,B,B,B,B,B,B,B,B,B,B,B,B,B,B,B,B,B,B,B,0.15,rotate0
255,rotate0,3,skip,skip,skip,skip,skip,skip,skip,skip,skip,skip,skip,skip,skip,skip,skip,skip,skip,skip,skip,skip,0.0,rotate0
255,random3,4,A,A,A,B,B,A,A,A,A,A,A,B,A,A,A,A,A,B,B,B,0.0,rotate0
255,random3,5,A,A,A,A,A,A,A,A,A,A,A,B,A,A,B,B,B,B,B,B,0.0,rotate0
255,random3,6,A,A,A,A,A,B,B,B,B,B,B,B,B,B,A,A,B,B,B,A,0.0,rotate0
256,rotate0,1,A,A,A,A,A,A,A,A,A,A,A,A,A,A,A,A,A,A,A,A,0.0,random3
256,random3,2,B,B,B,B,B,B,B,A,B,B,B,B,B,B,A,A,A,A,A,A,0.1,random3
256,rotate0,3,skip,skip,skip,skip,skip,skip,skip,skip,skip,skip,skip,skip,skip,skip,skip,skip,skip,skip,skip,skip,0.0,random3
256,random3,4,B,B,B,B,B,B,B,A,A,B,B,B,A,A,A,A,B,B,B,B,0.05,random3
256,random3,5,A,A,A,A,A,A,A,A,A,A,A,A,A,B,B,B,B,A,B,B,0.1,random3
256,rotate0,6,skip,skip,skip,skip,skip,skip,skip,skip,skip,skip,skip,skip,skip,skip,skip,skip,skip,skip,skip,skip,0.0,random3
257,random3,1,B,B,A,A,A,B,B,B,B,B,B,B,B,A,B,B,B,B,B,B,0.0,random3
257,rotate0,2,B,B,B,B,B,B,B,B,B,B,B,B,B,B,B,B,B,B,B,B,0.2,random3
257,random3,3,A,A,A,A,A,A,A,A,A,A,A,A,A,A,A,A,A,A,A,A,0.3,random3
257,random3,4,A,A,A,A,A,B,A,A,A,A,A,B,B,A,B,A,B,B,A,A,0.0,random3
257,rotate0,5,skip,skip,skip,skip,skip,skip,skip,skip,skip,skip,skip,skip,skip,skip,skip,skip,skip,skip,skip,skip,0.0,random3
257,rotate0,6,skip,skip,skip,skip,skip,skip,skip,skip,skip,skip,skip,skip,skip,skip,skip,skip,skip,skip,skip,skip,0.0,random3
258,rotate0,1,A,A,A,A,A,A,A,A,A,A,A,A,A,A,A,A,A,A,A,A,0.15,random3
258,random3,2,A,B,B,B,B,A,B,B,B,B,B,B,B,A,A,B,A,A,B,A,0.1,random3
258,rotate0,3,skip,skip,skip,skip,skip,skip,skip,skip,skip,skip,skip,skip,skip,skip,skip,skip,skip,skip,skip,skip,0.0,random3
258,rotate0,4,skip,skip,skip,skip,skip,skip,skip,skip,skip,skip,skip,skip,skip,skip,skip,skip,skip,skip,skip,skip,0.0,random3
258,random3,5,B,B,B,A,B,B,B,B,B,A,A,A,A,A,A,B,A,A,B,B,0.1,random3
258,random3,6,A,B,A,A,A,A,A,A,A,A,B,B,B,A,B,B,B,B,B,B,0.15,random3
259,random3,1,A,A,A,A,A,A,A,A,A,A,A,A,A,A,A,A,B,A,A,A,0.35,random3
259,random3,2,A,B,B,B,A,B,B,A,A,A,A,A,B,A,B,A,B,A,A,A,0.0,random3
259,rotate0,3,skip,skip,skip,skip,skip,skip,skip,skip,skip,skip,skip,skip,skip,skip,skip,skip,skip,skip,skip,skip,0.0,random3
259,random3,4,B,B,B,B,A,B,B,B,B,B,B,B,B,A,B,A,A,A,B,B,0.45,random3
259,rotate0,5,skip,skip,skip,skip,skip,skip,skip,skip,skip,skip,skip,skip,skip,skip,skip,skip,skip,skip,skip,skip,0.0,random3
259,rotate0,6,skip,skip,skip,skip,skip,skip,skip,skip,skip,skip,skip,skip,skip,skip,skip,skip,skip,skip,skip,skip,0.0,random3
260,rotate0,1,A,A,A,A,A,A,A,A,A,A,A,A,A,A,A,A,A,A,A,A,0.2,random3
260,random3,2,B,B,B,A,B,B,B,B,A,B,B,B,B,B,B,A,A,A,B,A,0.1,random3
260,rotate0,3,skip,skip,skip,skip,skip,skip,skip,skip,skip,skip,skip,skip,skip,skip,skip,skip,skip,skip,skip,skip,0.0,random3
260,random3,4,A,A,B,A,A,A,A,A,B,B,B,A,A,B,B,A,A,A,B,B,0.05,random3
260,rotate0,5,skip,skip,skip,skip,skip,skip,skip,skip,skip,skip,skip,skip,skip,skip,skip,skip,skip,skip,skip,skip,0.0,random3
260,random3,6,B,B,B,B,B,B,B,B,A,A,A,A,A,B,B,B,B,B,B,B,0.2,random3
261,radicaleq,1,A,skip,skip,skip,skip,skip,skip,skip,skip,skip,skip,skip,skip,skip,skip,skip,skip,skip,skip,skip,0.05,radicaleq
261,rotate0,2,B,B,B,B,B,B,B,B,B,B,B,B,B,B,B,B,B,B,B,B,0.05,radicaleq
261,rotate0,3,skip,skip,skip,skip,skip,skip,skip,skip,skip,skip,skip,skip,skip,skip,skip,skip,skip,skip,skip,skip,0.0,radicaleq
261,radicaleq,4,skip,B,B,B,B,B,B,B,B,B,B,B,B,B,B,B,B,B,B,B,0.0,radicaleq
261,radicaleq,5,skip,skip,skip,skip,skip,skip,skip,skip,skip,skip,skip,skip,skip,skip,skip,skip,skip,skip,skip,skip,0.0,radicaleq
261,rotate0,6,skip,skip,skip,skip,skip,skip,skip,skip,skip,skip,skip,skip,skip,skip,skip,skip,skip,skip,skip,skip,0.0,radicaleq
262,radicaleq,1,A,skip,skip,skip,skip,skip,skip,skip,skip,skip,skip,skip,skip,skip,skip,skip,skip,skip,skip,skip,0.05,radicaleq
262,radicaleq,2,B,skip,skip,skip,skip,skip,skip,skip,skip,skip,skip,skip,skip,skip,skip,skip,skip,skip,skip,skip,0.05,radicaleq
262,rotate0,3,skip,skip,skip,skip,skip,skip,skip,skip,skip,skip,skip,skip,skip,skip,skip,skip,skip,skip,skip,skip,0.0,radicaleq
262,rotate0,4,skip,skip,skip,skip,skip,skip,skip,skip,skip,skip,skip,skip,skip,skip,skip,skip,skip,skip,skip,skip,0.0,radicaleq
262,radicaleq,5,skip,skip,skip,skip,skip,skip,skip,skip,skip,skip,skip,skip,skip,skip,skip,skip,skip,skip,skip,skip,0.0,radicaleq
262,rotate0,6,skip,skip,skip,skip,skip,skip,skip,skip,skip,skip,skip,skip,skip,skip,skip,skip,skip,skip,skip,skip,0.0,radicaleq
263,rotate0,1,A,A,A,A,A,A,A,A,A,A,A,A,A,A,A,A,A,A,A,A,1.0,radicaleq
263,radicaleq,2,B,skip,skip,skip,skip,skip,skip,skip,skip,skip,skip,skip,skip,skip,skip,skip,skip,skip,skip,skip,0.05,radicaleq
263,rotate0,3,skip,skip,skip,skip,skip,skip,skip,skip,skip,skip,skip,skip,skip,skip,skip,skip,skip,skip,skip,skip,0.0,radicaleq
263,radicaleq,4,skip,B,skip,skip,skip,skip,skip,skip,skip,skip,skip,skip,skip,skip,skip,skip,skip,skip,skip,skip,0.05,radicaleq
263,radicaleq,5,skip,skip,B,skip,skip,skip,skip,skip,skip,skip,skip,skip,skip,skip,skip,skip,skip,skip,skip,skip,0.05,radicaleq
263,rotate0,6,skip,skip,skip,skip,skip,skip,skip,skip,skip,skip,skip,skip,skip,skip,skip,skip,skip,skip,skip,skip,0.0,radicaleq
264,radicaleq,1,A,skip,skip,skip,skip,skip,skip,skip,skip,skip,skip,skip,skip,skip,skip,skip,skip,skip,skip,skip,0.05,radicaleq
264,radicaleq,2,B,skip,skip,skip,skip,skip,skip,skip,skip,skip,skip,skip,skip,skip,skip,skip,skip,skip,skip,skip,0.05,radicaleq
264,rotate0,3,skip,skip,skip,skip,skip,skip,skip,skip,skip,skip,skip,skip,skip,skip,skip,skip,skip,skip,skip,skip,0.0,radicaleq
264,radicaleq,4,skip,B,skip,skip,skip,skip,skip,skip,skip,skip,skip,skip,skip,skip,skip,skip,skip,skip,skip,skip,0.05,radicaleq
264,rotate0,5,skip,skip,skip,skip,skip,skip,skip,skip,skip,skip,skip,skip,skip,skip,skip,skip,skip,skip,skip,skip,0.0,radicaleq
264,rotate0,6,skip,skip,skip,skip,skip,skip,skip,skip,skip,skip,skip,skip,skip,skip,skip,skip,skip,skip,skip,skip,0.0,radicaleq
265,rotate0,1,A,A,A,A,A,A,A,A,A,A,A,A,A,A,A,A,A,A,A,A,0.5,rotate0
265,rotate0,2,B,B,B,B,B,B,B,B,B,B,B,B,B,B,B,B,B,B,B,B,0.55,rotate0
265,radicaleq,3,skip,A,B,A,B,A,B,A,B,A,B,A,B,A,B,A,B,A,B,A,0.0,rotate0
265,rotate0,4,skip,skip,skip,skip,skip,skip,skip,skip,skip,skip,skip,skip,skip,skip,skip,skip,skip,skip,skip,skip,0.0,rotate0
265,radicaleq,5,skip,skip,skip,skip,skip,skip,skip,skip,skip,skip,skip,skip,skip,skip,skip,skip,skip,skip,skip,skip,0.0,rotate0
265,radicaleq,6,skip,skip,skip,skip,skip,skip,skip,skip,skip,skip,skip,skip,skip,skip,skip,skip,skip,skip,skip,skip,0.0,rotate0
266,radicaleq,1,A,skip,skip,skip,skip,skip,skip,skip,skip,skip,skip,skip,skip,skip,skip,skip,skip,skip,skip,skip,0.05,radicaleq
266,rotate0,2,B,B,B,B,B,B,B,B,B,B,B,B,B,B,B,B,B,B,B,B,1.0,radicaleq
266,radicaleq,3,skip,A,skip,skip,skip,skip,skip,skip,skip,skip,skip,skip,skip,skip,skip,skip,skip,skip,skip,skip,0.05,radicaleq
266,rotate0,4,skip,skip,skip,skip,skip,skip,skip,skip,skip,skip,skip,skip,skip,skip,skip,skip,skip,skip,skip,skip,0.0,radicaleq
266,rotate0,5,skip,skip,skip,skip,skip,skip,skip,skip,skip,skip,skip,skip,skip,skip,skip,skip,skip,skip,skip,skip,0.0,radicaleq
266,radicaleq,6,skip,skip,skip,skip,skip,skip,skip,skip,skip,skip,skip,skip,skip,skip,skip,skip,skip,skip,skip,skip,0.0,radicaleq
267,rotate0,1,A,A,A,A,A,A,A,A,A,A,A,A,A,A,A,A,A,A,A,A,1.0,radicaleq
267,radicaleq,2,B,skip,skip,skip,skip,skip,skip,skip,skip,skip,skip,skip,skip,skip,skip,skip,skip,skip,skip,skip,0.05,radicaleq
267,rotate0,3,skip,skip,skip,skip,skip,skip,skip,skip,skip,skip,skip,skip,skip,skip,skip,skip,skip,skip,skip,skip,0.0,radicaleq
267,rotate0,4,skip,skip,skip,skip,skip,skip,skip,skip,skip,skip,skip,skip,skip,skip,skip,skip,skip,skip,skip,skip,0.0,radicaleq
267,radicaleq,5,skip,skip,skip,skip,skip,skip,skip,skip,skip,skip,skip,skip,skip,skip,skip,skip,skip,skip,skip,skip,0.0,radicaleq
267,radicaleq,6,skip,skip,skip,skip,skip,skip,skip,skip,skip,skip,skip,skip,skip,skip,skip,skip,skip,skip,skip,skip,0.0,radicaleq
268,rotate0,1,A,A,A,A,A,A,A,A,A,A,A,A,A,A,A,A,A,A,A,A,1.0,rotate0
268,rotate0,2,B,B,B,B,B,B,B,B,B,B,B,B,B,B,B,B,B,B,B,B,0.05,rotate0
268,rotate0,3,skip,skip,skip,skip,skip,skip,skip,skip,skip,skip,skip,skip,skip,skip,skip,skip,skip,skip,skip,skip,0.0,rotate0
268,radicaleq,4,skip,B,B,B,B,B,B,B,B,B,B,B,B,B,B,B,B,B,B,B,0.0,rotate0
268,radicaleq,5,skip,skip,skip,skip,skip,skip,skip,skip,skip,skip,skip,skip,skip,skip,skip,skip,skip,skip,skip,skip,0.0,rotate0
268,radicaleq,6,skip,skip,skip,skip,skip,skip,skip,skip,skip,skip,skip,skip,skip,skip,skip,skip,skip,skip,skip,skip,0.0,rotate0
269,radicaleq,1,A,skip,skip,skip,skip,skip,skip,skip,skip,skip,skip,skip,skip,skip,skip,skip,skip,skip,skip,skip,0.05,radicaleq
269,rotate0,2,B,B,B,B,B,B,B,B,B,B,B,B,B,B,B,B,B,B,B,B,0.1,radicaleq
269,radicaleq,3,skip,A,skip,skip,skip,skip,skip,skip,skip,skip,skip,skip,skip,skip,skip,skip,skip,skip,skip,skip,0.05,radicaleq
269,rotate0,4,skip,skip,skip,skip,skip,skip,skip,skip,skip,skip,skip,skip,skip,skip,skip,skip,skip,skip,skip,skip,0.0,radicaleq
269,radicaleq,5,skip,skip,B,B,B,B,B,B,B,B,B,B,B,B,B,B,B,B,B,B,0.0,radicaleq
269,rotate0,6,skip,skip,skip,skip,skip,skip,skip,skip,skip,skip,skip,skip,skip,skip,skip,skip,skip,skip,skip,skip,0.0,radicaleq
270,rotate0,1,A,A,A,A,A,A,A,A,A,A,A,A,A,A,A,A,A,A,A,A,0.1,radicaleq
270,radicaleq,2,B,skip,skip,skip,skip,skip,skip,skip,skip,skip,skip,skip,skip,skip,skip,skip,skip,skip,skip,skip,0.05,radicaleq
270,radicaleq,3,skip,A,B,skip,skip,skip,skip,skip,skip,skip,skip,skip,skip,skip,skip,skip,skip,skip,skip,skip,0.05,radicaleq
270,rotate0,4,skip,skip,skip,skip,skip,skip,skip,skip,skip,skip,skip,skip,skip,skip,skip,skip,skip,skip,skip,skip,0.0,radicaleq
270,radicaleq,5,skip,skip,skip,A,A,A,A,A,A,A,A,A,A,A,A,A,A,A,A,A,0.0,radicaleq
270,rotate0,6,skip,skip,skip,skip,skip,skip,skip,skip,skip,skip,skip,skip,skip,skip,skip,skip,skip,skip,skip,skip,0.0,radicaleq
271,radicaleq,1,A,skip,skip,skip,skip,skip,skip,skip,skip,skip,skip,skip,skip,skip,skip,skip,skip,skip,skip,skip,0.05,radicaleq
271,radicaleq,2,B,skip,skip,skip,skip,skip,skip,skip,skip,skip,skip,skip,skip,skip,skip,skip,skip,skip,skip,skip,0.05,radicaleq
271,rotate0,3,skip,skip,skip,skip,skip,skip,skip,skip,skip,skip,skip,skip,skip,skip,skip,skip,skip,skip,skip,skip,0.0,radicaleq
271,rotate0,4,skip,skip,skip,skip,skip,skip,skip,skip,skip,skip,skip,skip,skip,skip,skip,skip,skip,skip,skip,skip,0.0,radicaleq
271,rotate0,5,skip,skip,skip,skip,skip,skip,skip,skip,skip,skip,skip,skip,skip,skip,skip,skip,skip,skip,skip,skip,0.0,radicaleq
271,radicaleq,6,skip,skip,skip,skip,skip,skip,skip,skip,skip,skip,skip,skip,skip,skip,skip,skip,skip,skip,skip,skip,0.0,radicaleq
272,radicaleq,1,A,skip,skip,skip,skip,skip,skip,skip,skip,skip,skip,skip,skip,skip,skip,skip,skip,skip,skip,skip,0.05,radicaleq
272,rotate0,2,B,B,B,B,B,B,B,B,B,B,B,B,B,B,B,B,B,B,B,B,0.95,radicaleq
272,radicaleq,3,skip,A,skip,skip,skip,skip,skip,skip,skip,skip,skip,skip,skip,skip,skip,skip,skip,skip,skip,skip,0.05,radicaleq
272,radicaleq,4,skip,B,A,skip,skip,skip,skip,skip,skip,skip,skip,skip,skip,skip,skip,skip,skip,skip,skip,skip,0.05,radicaleq
272,rotate0,5,skip,skip,skip,skip,skip,skip,skip,skip,skip,skip,skip,skip,skip,skip,skip,skip,skip,skip,skip,skip,0.0,radicaleq
272,rotate0,6,skip,skip,skip,skip,skip,skip,skip,skip,skip,skip,skip,skip,skip,skip,skip,skip,skip,skip,skip,skip,0.0,radicaleq
273,rotate0,1,A,A,A,A,A,A,A,A,A,A,A,A,A,A,A,A,A,A,A,A,0.05,rotate0
273,rotate0,2,B,B,B,B,B,B,B,B,B,B,B,B,B,B,B,B,B,B,B,B,0.05,rotate0
273,radicaleq,3,skip,A,A,A,A,A,A,A,A,A,A,A,A,A,A,A,A,A,A,A,0.0,rotate0
273,radicaleq,4,skip,B,B,B,B,B,B,B,B,B,B,B,B,B,B,B,B,B,B,B,0.0,rotate0
273,rotate0,5,skip,skip,skip,skip,skip,skip,skip,skip,skip,skip,skip,skip,skip,skip,skip,skip,skip,skip,skip,skip,0.0,rotate0
273,radicaleq,6,skip,skip,skip,skip,skip,skip,skip,skip,skip,skip,skip,skip,skip,skip,skip,skip,skip,skip,skip,skip,0.0,rotate0
274,rotate0,1,A,A,A,A,A,A,A,A,A,A,A,A,A,A,A,A,A,A,A,A,0.05,rotate0
274,rotate0,2,B,B,B,B,B,B,B,B,B,B,B,B,B,B,B,B,B,B,B,B,0.05,rotate0
274,radicaleq,3,skip,A,A,A,A,A,A,A,A,A,A,A,A,A,A,A,A,A,A,A,0.0,rotate0
274,radicaleq,4,skip,B,B,B,B,B,B,B,B,B,B,B,B,B,B,B,B,B,B,B,0.0,rotate0
274,radicaleq,5,skip,skip,skip,skip,skip,skip,skip,skip,skip,skip,skip,skip,skip,skip,skip,skip,skip,skip,skip,skip,0.0,rotate0
274,rotate0,6,skip,skip,skip,skip,skip,skip,skip,skip,skip,skip,skip,skip,skip,skip,skip,skip,skip,skip,skip,skip,0.0,rotate0
275,radicaleq,1,A,skip,skip,skip,skip,skip,skip,skip,skip,skip,skip,skip,skip,skip,skip,skip,skip,skip,skip,skip,0.05,radicaleq
275,radicaleq,2,B,skip,skip,skip,skip,skip,skip,skip,skip,skip,skip,skip,skip,skip,skip,skip,skip,skip,skip,skip,0.05,radicaleq
275,radicaleq,3,skip,A,skip,skip,skip,skip,skip,skip,skip,skip,skip,skip,skip,skip,skip,skip,skip,skip,skip,skip,0.05,radicaleq
275,rotate0,4,skip,skip,skip,skip,skip,skip,skip,skip,skip,skip,skip,skip,skip,skip,skip,skip,skip,skip,skip,skip,0.0,radicaleq
275,rotate0,5,skip,skip,skip,skip,skip,skip,skip,skip,skip,skip,skip,skip,skip,skip,skip,skip,skip,skip,skip,skip,0.0,radicaleq
275,rotate0,6,skip,skip,skip,skip,skip,skip,skip,skip,skip,skip,skip,skip,skip,skip,skip,skip,skip,skip,skip,skip,0.0,radicaleq
276,rotate0,1,A,A,A,A,A,A,A,A,A,A,A,A,A,A,A,A,A,A,A,A,0.95,radicaleq
276,radicaleq,2,B,skip,skip,skip,skip,skip,skip,skip,skip,skip,skip,skip,skip,skip,skip,skip,skip,skip,skip,skip,0.05,radicaleq
276,radicaleq,3,skip,A,B,skip,skip,skip,skip,skip,skip,skip,skip,skip,skip,skip,skip,skip,skip,skip,skip,skip,0.05,radicaleq
276,rotate0,4,skip,skip,skip,skip,skip,skip,skip,skip,skip,skip,skip,skip,skip,skip,skip,skip,skip,skip,skip,skip,0.0,radicaleq
276,rotate0,5,skip,skip,skip,skip,skip,skip,skip,skip,skip,skip,skip,skip,skip,skip,skip,skip,skip,skip,skip,skip,0.0,radicaleq
276,radicaleq,6,skip,skip,skip,skip,skip,skip,skip,skip,skip,skip,skip,skip,skip,skip,skip,skip,skip,skip,skip,skip,0.0,radicaleq
277,radicaleq,1,A,skip,skip,skip,skip,skip,skip,skip,skip,skip,skip,skip,skip,skip,skip,skip,skip,skip,skip,skip,0.05,radicaleq
277,rotate0,2,B,B,B,B,B,B,B,B,B,B,B,B,B,B,B,B,B,B,B,B,0.05,radicaleq
277,rotate0,3,skip,skip,skip,skip,skip,skip,skip,skip,skip,skip,skip,skip,skip,skip,skip,skip,skip,skip,skip,skip,0.0,radicaleq
277,radicaleq,4,skip,B,B,B,B,B,B,B,B,B,B,B,B,B,B,B,B,B,B,B,0.0,radicaleq
277,rotate0,5,skip,skip,skip,skip,skip,skip,skip,skip,skip,skip,skip,skip,skip,skip,skip,skip,skip,skip,skip,skip,0.0,radicaleq
277,radicaleq,6,skip,skip,skip,skip,skip,skip,skip,skip,skip,skip,skip,skip,skip,skip,skip,skip,skip,skip,skip,skip,0.0,radicaleq
278,rotate0,1,A,A,A,A,A,A,A,A,A,A,A,A,A,A,A,A,A,A,A,A,0.95,radicaleq
278,radicaleq,2,B,skip,skip,skip,skip,skip,skip,skip,skip,skip,skip,skip,skip,skip,skip,skip,skip,skip,skip,skip,0.05,radicaleq
278,radicaleq,3,skip,A,B,skip,skip,skip,skip,skip,skip,skip,skip,skip,skip,skip,skip,skip,skip,skip,skip,skip,0.05,radicaleq
278,radicaleq,4,skip,B,skip,skip,skip,skip,skip,skip,skip,skip,skip,skip,skip,skip,skip,skip,skip,skip,skip,skip,0.05,radicaleq
278,rotate0,5,skip,skip,skip,skip,skip,skip,skip,skip,skip,skip,skip,skip,skip,skip,skip,skip,skip,skip,skip,skip,0.0,radicaleq
278,rotate0,6,skip,skip,skip,skip,skip,skip,skip,skip,skip,skip,skip,skip,skip,skip,skip,skip,skip,skip,skip,skip,0.0,radicaleq
279,rotate0,1,A,A,A,A,A,A,A,A,A,A,A,A,A,A,A,A,A,A,A,A,1.0,radicaleq
279,radicaleq,2,B,skip,skip,skip,skip,skip,skip,skip,skip,skip,skip,skip,skip,skip,skip,skip,skip,skip,skip,skip,0.05,radicaleq
279,rotate0,3,skip,skip,skip,skip,skip,skip,skip,skip,skip,skip,skip,skip,skip,skip,skip,skip,skip,skip,skip,skip,0.0,radicaleq
279,radicaleq,4,skip,B,skip,skip,skip,skip,skip,skip,skip,skip,skip,skip,skip,skip,skip,skip,skip,skip,skip,skip,0.05,radicaleq
279,rotate0,5,skip,skip,skip,skip,skip,skip,skip,skip,skip,skip,skip,skip,skip,skip,skip,skip,skip,skip,skip,skip,0.0,radicaleq
279,radicaleq,6,skip,skip,skip,skip,skip,skip,skip,skip,skip,skip,skip,skip,skip,skip,skip,skip,skip,skip,skip,skip,0.0,radicaleq
280,radicaleq,1,A,skip,skip,skip,skip,skip,skip,skip,skip,skip,skip,skip,skip,skip,skip,skip,skip,skip,skip,skip,0.05,radicaleq
280,rotate0,2,B,B,B,B,B,B,B,B,B,B,B,B,B,B,B,B,B,B,B,B,1.0,radicaleq
280,rotate0,3,skip,skip,skip,skip,skip,skip,skip,skip,skip,skip,skip,skip,skip,skip,skip,skip,skip,skip,skip,skip,0.0,radicaleq
280,rotate0,4,skip,skip,skip,skip,skip,skip,skip,skip,skip,skip,skip,skip,skip,skip,skip,skip,skip,skip,skip,skip,0.0,radicaleq
280,radicaleq,5,skip,skip,skip,skip,skip,skip,skip,skip,skip,skip,skip,skip,skip,skip,skip,skip,skip,skip,skip,skip,0.0,radicaleq
280,radicaleq,6,skip,skip,skip,skip,skip,skip,skip,skip,skip,skip,skip,skip,skip,skip,skip,skip,skip,skip,skip,skip,0.0,radicaleq
281,rotate0,1,A,A,A,A,A,A,A,A,A,A,A,A,A,A,A,A,A,A,A,A,1.0,draw
281,rotate0,2,B,B,B,B,B,B,B,B,B,B,B,B,B,B,B,B,B,B,B,B,1.0,draw
281,rotate0,3,skip,skip,skip,skip,skip,skip,skip,skip,skip,skip,skip,skip,skip,skip,skip,skip,skip,skip,skip,skip,0.0,draw
281,rotate0,4,skip,skip,skip,skip,skip,skip,skip,skip,skip,skip,skip,skip,skip,skip,skip,skip,skip,skip,skip,skip,0.0,draw
281,rotate0,5,skip,skip,skip,skip,skip,skip,skip,skip,skip,skip,skip,skip,skip,skip,skip,skip,skip,skip,skip,skip,0.0,draw
281,rotate0,6,skip,skip,skip,skip,skip,skip,skip,skip,skip,skip,skip,skip,skip,skip,skip,skip,skip,skip,skip,skip,0.0,draw
282,rotate0,1,A,A,A,A,A,A,A,A,A,A,A,A,A,A,A,A,A,A,A,A,1.0,draw
282,rotate0,2,B,B,B,B,B,B,B,B,B,B,B,B,B,B,B,B,B,B,B,B,1.0,draw
282,rotate0,3,skip,skip,skip,skip,skip,skip,skip,skip,skip,skip,skip,skip,skip,skip,skip,skip,skip,skip,skip,skip,0.0,draw
282,rotate0,4,skip,skip,skip,skip,skip,skip,skip,skip,skip,skip,skip,skip,skip,skip,skip,skip,skip,skip,skip,skip,0.0,draw
282,rotate0,5,skip,skip,skip,skip,skip,skip,skip,skip,skip,skip,skip,skip,skip,skip,skip,skip,skip,skip,skip,skip,0.0,draw
282,rotate0,6,skip,skip,skip,skip,skip,skip,skip,skip,skip,skip,skip,skip,skip,skip,skip,skip,skip,skip,skip,skip,0.0,draw
283,rotate0,1,A,A,A,A,A,A,A,A,A,A,A,A,A,A,A,A,A,A,A,A,1.0,draw
283,rotate0,2,B,B,B,B,B,B,B,B,B,B,B,B,B,B,B,B,B,B,B,B,1.0,draw
283,rotate0,3,skip,skip,skip,skip,skip,skip,skip,skip,skip,skip,skip,skip,skip,skip,skip,skip,skip,skip,skip,skip,0.0,draw
283,rotate0,4,skip,skip,skip,skip,skip,skip,skip,skip,skip,skip,skip,skip,skip,skip,skip,skip,skip,skip,skip,skip,0.0,draw
283,rotate0,5,skip,skip,skip,skip,skip,skip,skip,skip,skip,skip,skip,skip,skip,skip,skip,skip,skip,skip,skip,skip,0.0,draw
283,rotate0,6,skip,skip,skip,skip,skip,skip,skip,skip,skip,skip,skip,skip,skip,skip,skip,skip,skip,skip,skip,skip,0.0,draw
284,rotate0,1,A,A,A,A,A,A,A,A,A,A,A,A,A,A,A,A,A,A,A,A,1.0,draw
284,rotate0,2,B,B,B,B,B,B,B,B,B,B,B,B,B,B,B,B,B,B,B,B,1.0,draw
284,rotate0,3,skip,skip,skip,skip,skip,skip,skip,skip,skip,skip,skip,skip,skip,skip,skip,skip,skip,skip,skip,skip,0.0,draw
284,rotate0,4,skip,skip,skip,skip,skip,skip,skip,skip,skip,skip,skip,skip,skip,skip,skip,skip,skip,skip,skip,skip,0.0,draw
284,rotate0,5,skip,skip,skip,skip,skip,skip,skip,skip,skip,skip,skip,skip,skip,skip,skip,skip,skip,skip,skip,skip,0.0,draw
284,rotate0,6,skip,skip,skip,skip,skip,skip,skip,skip,skip,skip,skip,skip,skip,skip,skip,skip,skip,skip,skip,skip,0.0,draw
285,rotate0,1,A,A,A,A,A,A,A,A,A,A,A,A,A,A,A,A,A,A,A,A,1.0,draw
285,rotate0,2,B,B,B,B,B,B,B,B,B,B,B,B,B,B,B,B,B,B,B,B,1.0,draw
285,rotate0,3,skip,skip,skip,skip,skip,skip,skip,skip,skip,skip,skip,skip,skip,skip,skip,skip,skip,skip,skip,skip,0.0,draw
285,rotate0,4,skip,skip,skip,skip,skip,skip,skip,skip,skip,skip,skip,skip,skip,skip,skip,skip,skip,skip,skip,skip,0.0,draw
285,rotate0,5,skip,skip,skip,skip,skip,skip,skip,skip,skip,skip,skip,skip,skip,skip,skip,skip,skip,skip,skip,skip,0.0,draw
285,rotate0,6,skip,skip,skip,skip,skip,skip,skip,skip,skip,skip,skip,skip,skip,skip,skip,skip,skip,skip,skip,skip,0.0,draw
286,rotate0,1,A,A,A,A,A,A,A,A,A,A,A,A,A,A,A,A,A,A,A,A,1.0,draw
286,rotate0,2,B,B,B,B,B,B,B,B,B,B,B,B,B,B,B,B,B,B,B,B,1.0,draw
286,rotate0,3,skip,skip,skip,skip,skip,skip,skip,skip,skip,skip,skip,skip,skip,skip,skip,skip,skip,skip,skip,skip,0.0,draw
286,rotate0,4,skip,skip,skip,skip,skip,skip,skip,skip,skip,skip,skip,skip,skip,skip,skip,skip,skip,skip,skip,skip,0.0,draw
286,rotate0,5,skip,skip,skip,skip,skip,skip,skip,skip,skip,skip,skip,skip,skip,skip,skip,skip,skip,skip,skip,skip,0.0,draw
286,rotate0,6,skip,skip,skip,skip,skip,skip,skip,skip,skip,skip,skip,skip,skip,skip,skip,skip,skip,skip,skip,skip,0.0,draw
287,rotate0,1,A,A,A,A,A,A,A,A,A,A,A,A,A,A,A,A,A,A,A,A,1.0,draw
287,rotate0,2,B,B,B,B,B,B,B,B,B,B,B,B,B,B,B,B,B,B,B,B,1.0,draw
287,rotate0,3,skip,skip,skip,skip,skip,skip,skip,skip,skip,skip,skip,skip,skip,skip,skip,skip,skip,skip,skip,skip,0.0,draw
287,rotate0,4,skip,skip,skip,skip,skip,skip,skip,skip,skip,skip,skip,skip,skip,skip,skip,skip,skip,skip,skip,skip,0.0,draw
287,rotate0,5,skip,skip,skip,skip,skip,skip,skip,skip,skip,skip,skip,skip,skip,skip,skip,skip,skip,skip,skip,skip,0.0,draw
287,rotate0,6,skip,skip,skip,skip,skip,skip,skip,skip,skip,skip,skip,skip,skip,skip,skip,skip,skip,skip,skip,skip,0.0,draw
288,rotate0,1,A,A,A,A,A,A,A,A,A,A,A,A,A,A,A,A,A,A,A,A,1.0,draw
288,rotate0,2,B,B,B,B,B,B,B,B,B,B,B,B,B,B,B,B,B,B,B,B,1.0,draw
288,rotate0,3,skip,skip,skip,skip,skip,skip,skip,skip,skip,skip,skip,skip,skip,skip,skip,skip,skip,skip,skip,skip,0.0,draw
288,rotate0,4,skip,skip,skip,skip,skip,skip,skip,skip,skip,skip,skip,skip,skip,skip,skip,skip,skip,skip,skip,skip,0.0,draw
288,rotate0,5,skip,skip,skip,skip,skip,skip,skip,skip,skip,skip,skip,skip,skip,skip,skip,skip,skip,skip,skip,skip,0.0,draw
288,rotate0,6,skip,skip,skip,skip,skip,skip,skip,skip,skip,skip,skip,skip,skip,skip,skip,skip,skip,skip,skip,skip,0.0,draw
289,rotate0,1,A,A,A,A,A,A,A,A,A,A,A,A,A,A,A,A,A,A,A,A,1.0,draw
289,rotate0,2,B,B,B,B,B,B,B,B,B,B,B,B,B,B,B,B,B,B,B,B,1.0,draw
289,rotate0,3,skip,skip,skip,skip,skip,skip,skip,skip,skip,skip,skip,skip,skip,skip,skip,skip,skip,skip,skip,skip,0.0,draw
289,rotate0,4,skip,skip,skip,skip,skip,skip,skip,skip,skip,skip,skip,skip,skip,skip,skip,skip,skip,skip,skip,skip,0.0,draw
289,rotate0,5,skip,skip,skip,skip,skip,skip,skip,skip,skip,skip,skip,skip,skip,skip,skip,skip,skip,skip,skip,skip,0.0,draw
289,rotate0,6,skip,skip,skip,skip,skip,skip,skip,skip,skip,skip,skip,skip,skip,skip,skip,skip,skip,skip,skip,skip,0.0,draw
290,rotate0,1,A,A,A,A,A,A,A,A,A,A,A,A,A,A,A,A,A,A,A,A,1.0,draw
290,rotate0,2,B,B,B,B,B,B,B,B,B,B,B,B,B,B,B,B,B,B,B,B,1.0,draw
290,rotate0,3,skip,skip,skip,skip,skip,skip,skip,skip,skip,skip,skip,skip,skip,skip,skip,skip,skip,skip,skip,skip,0.0,draw
290,rotate0,4,skip,skip,skip,skip,skip,skip,skip,skip,skip,skip,skip,skip,skip,skip,skip,skip,skip,skip,skip,skip,0.0,draw
290,rotate0,5,skip,skip,skip,skip,skip,skip,skip,skip,skip,skip,skip,skip,skip,skip,skip,skip,skip,skip,skip,skip,0.0,draw
290,rotate0,6,skip,skip,skip,skip,skip,skip,skip,skip,skip,skip,skip,skip,skip,skip,skip,skip,skip,skip,skip,skip,0.0,draw
291,rotate0,1,A,A,A,A,A,A,A,A,A,A,A,A,A,A,A,A,A,A,A,A,1.0,draw
291,rotate0,2,B,B,B,B,B,B,B,B,B,B,B,B,B,B,B,B,B,B,B,B,1.0,draw
291,rotate0,3,skip,skip,skip,skip,skip,skip,skip,skip,skip,skip,skip,skip,skip,skip,skip,skip,skip,skip,skip,skip,0.0,draw
291,rotate0,4,skip,skip,skip,skip,skip,skip,skip,skip,skip,skip,skip,skip,skip,skip,skip,skip,skip,skip,skip,skip,0.0,draw
291,rotate0,5,skip,skip,skip,skip,skip,skip,skip,skip,skip,skip,skip,skip,skip,skip,skip,skip,skip,skip,skip,skip,0.0,draw
291,rotate0,6,skip,skip,skip,skip,skip,skip,skip,skip,skip,skip,skip,skip,skip,skip,skip,skip,skip,skip,skip,skip,0.0,draw
292,rotate0,1,A,A,A,A,A,A,A,A,A,A,A,A,A,A,A,A,A,A,A,A,1.0,draw
292,rotate0,2,B,B,B,B,B,B,B,B,B,B,B,B,B,B,B,B,B,B,B,B,1.0,draw
292,rotate0,3,skip,skip,skip,skip,skip,skip,skip,skip,skip,skip,skip,skip,skip,skip,skip,skip,skip,skip,skip,skip,0.0,draw
292,rotate0,4,skip,skip,skip,skip,skip,skip,skip,skip,skip,skip,skip,skip,skip,skip,skip,skip,skip,skip,skip,skip,0.0,draw
292,rotate0,5,skip,skip,skip,skip,skip,skip,skip,skip,skip,skip,skip,skip,skip,skip,skip,skip,skip,skip,skip,skip,0.0,draw
292,rotate0,6,skip,skip,skip,skip,skip,skip,skip,skip,skip,skip,skip,skip,skip,skip,skip,skip,skip,skip,skip,skip,0.0,draw
293,rotate0,1,A,A,A,A,A,A,A,A,A,A,A,A,A,A,A,A,A,A,A,A,1.0,draw
293,rotate0,2,B,B,B,B,B,B,B,B,B,B,B,B,B,B,B,B,B,B,B,B,1.0,draw
293,rotate0,3,skip,skip,skip,skip,skip,skip,skip,skip,skip,skip,skip,skip,skip,skip,skip,skip,skip,skip,skip,skip,0.0,draw
293,rotate0,4,skip,skip,skip,skip,skip,skip,skip,skip,skip,skip,skip,skip,skip,skip,skip,skip,skip,skip,skip,skip,0.0,draw
293,rotate0,5,skip,skip,skip,skip,skip,skip,skip,skip,skip,skip,skip,skip,skip,skip,skip,skip,skip,skip,skip,skip,0.0,draw
293,rotate0,6,skip,skip,skip,skip,skip,skip,skip,skip,skip,skip,skip,skip,skip,skip,skip,skip,skip,skip,skip,skip,0.0,draw
294,rotate0,1,A,A,A,A,A,A,A,A,A,A,A,A,A,A,A,A,A,A,A,A,1.0,draw
294,rotate0,2,B,B,B,B,B,B,B,B,B,B,B,B,B,B,B,B,B,B,B,B,1.0,draw
294,rotate0,3,skip,skip,skip,skip,skip,skip,skip,skip,skip,skip,skip,skip,skip,skip,skip,skip,skip,skip,skip,skip,0.0,draw
294,rotate0,4,skip,skip,skip,skip,skip,skip,skip,skip,skip,skip,skip,skip,skip,skip,skip,skip,skip,skip,skip,skip,0.0,draw
294,rotate0,5,skip,skip,skip,skip,skip,skip,skip,skip,skip,skip,skip,skip,skip,skip,skip,skip,skip,skip,skip,skip,0.0,draw
294,rotate0,6,skip,skip,skip,skip,skip,skip,skip,skip,skip,skip,skip,skip,skip,skip,skip,skip,skip,skip,skip,skip,0.0,draw
295,rotate0,1,A,A,A,A,A,A,A,A,A,A,A,A,A,A,A,A,A,A,A,A,1.0,draw
295,rotate0,2,B,B,B,B,B,B,B,B,B,B,B,B,B,B,B,B,B,B,B,B,1.0,draw
295,rotate0,3,skip,skip,skip,skip,skip,skip,skip,skip,skip,skip,skip,skip,skip,skip,skip,skip,skip,skip,skip,skip,0.0,draw
295,rotate0,4,skip,skip,skip,skip,skip,skip,skip,skip,skip,skip,skip,skip,skip,skip,skip,skip,skip,skip,skip,skip,0.0,draw
295,rotate0,5,skip,skip,skip,skip,skip,skip,skip,skip,skip,skip,skip,skip,skip,skip,skip,skip,skip,skip,skip,skip,0.0,draw
295,rotate0,6,skip,skip,skip,skip,skip,skip,skip,skip,skip,skip,skip,skip,skip,skip,skip,skip,skip,skip,skip,skip,0.0,draw
296,rotate0,1,A,A,A,A,A,A,A,A,A,A,A,A,A,A,A,A,A,A,A,A,1.0,draw
296,rotate0,2,B,B,B,B,B,B,B,B,B,B,B,B,B,B,B,B,B,B,B,B,1.0,draw
296,rotate0,3,skip,skip,skip,skip,skip,skip,skip,skip,skip,skip,skip,skip,skip,skip,skip,skip,skip,skip,skip,skip,0.0,draw
296,rotate0,4,skip,skip,skip,skip,skip,skip,skip,skip,skip,skip,skip,skip,skip,skip,skip,skip,skip,skip,skip,skip,0.0,draw
296,rotate0,5,skip,skip,skip,skip,skip,skip,skip,skip,skip,skip,skip,skip,skip,skip,skip,skip,skip,skip,skip,skip,0.0,draw
296,rotate0,6,skip,skip,skip,skip,skip,skip,skip,skip,skip,skip,skip,skip,skip,skip,skip,skip,skip,skip,skip,skip,0.0,draw
297,rotate0,1,A,A,A,A,A,A,A,A,A,A,A,A,A,A,A,A,A,A,A,A,1.0,draw
297,rotate0,2,B,B,B,B,B,B,B,B,B,B,B,B,B,B,B,B,B,B,B,B,1.0,draw
297,rotate0,3,skip,skip,skip,skip,skip,skip,skip,skip,skip,skip,skip,skip,skip,skip,skip,skip,skip,skip,skip,skip,0.0,draw
297,rotate0,4,skip,skip,skip,skip,skip,skip,skip,skip,skip,skip,skip,skip,skip,skip,skip,skip,skip,skip,skip,skip,0.0,draw
297,rotate0,5,skip,skip,skip,skip,skip,skip,skip,skip,skip,skip,skip,skip,skip,skip,skip,skip,skip,skip,skip,skip,0.0,draw
297,rotate0,6,skip,skip,skip,skip,skip,skip,skip,skip,skip,skip,skip,skip,skip,skip,skip,skip,skip,skip,skip,skip,0.0,draw
298,rotate0,1,A,A,A,A,A,A,A,A,A,A,A,A,A,A,A,A,A,A,A,A,1.0,draw
298,rotate0,2,B,B,B,B,B,B,B,B,B,B,B,B,B,B,B,B,B,B,B,B,1.0,draw
298,rotate0,3,skip,skip,skip,skip,skip,skip,skip,skip,skip,skip,skip,skip,skip,skip,skip,skip,skip,skip,skip,skip,0.0,draw
298,rotate0,4,skip,skip,skip,skip,skip,skip,skip,skip,skip,skip,skip,skip,skip,skip,skip,skip,skip,skip,skip,skip,0.0,draw
298,rotate0,5,skip,skip,skip,skip,skip,skip,skip,skip,skip,skip,skip,skip,skip,skip,skip,skip,skip,skip,skip,skip,0.0,draw
298,rotate0,6,skip,skip,skip,skip,skip,skip,skip,skip,skip,skip,skip,skip,skip,skip,skip,skip,skip,skip,skip,skip,0.0,draw
299,rotate0,1,A,A,A,A,A,A,A,A,A,A,A,A,A,A,A,A,A,A,A,A,1.0,draw
299,rotate0,2,B,B,B,B,B,B,B,B,B,B,B,B,B,B,B,B,B,B,B,B,1.0,draw
299,rotate0,3,skip,skip,skip,skip,skip,skip,skip,skip,skip,skip,skip,skip,skip,skip,skip,skip,skip,skip,skip,skip,0.0,draw
299,rotate0,4,skip,skip,skip,skip,skip,skip,skip,skip,skip,skip,skip,skip,skip,skip,skip,skip,skip,skip,skip,skip,0.0,draw
299,rotate0,5,skip,skip,skip,skip,skip,skip,skip,skip,skip,skip,skip,skip,skip,skip,skip,skip,skip,skip,skip,skip,0.0,draw
299,rotate0,6,skip,skip,skip,skip,skip,skip,skip,skip,skip,skip,skip,skip,skip,skip,skip,skip,skip,skip,skip,skip,0.0,draw
300,rotate0,1,A,A,A,A,A,A,A,A,A,A,A,A,A,A,A,A,A,A,A,A,1.0,draw
300,rotate0,2,B,B,B,B,B,B,B,B,B,B,B,B,B,B,B,B,B,B,B,B,1.0,draw
300,rotate0,3,skip,skip,skip,skip,skip,skip,skip,skip,skip,skip,skip,skip,skip,skip,skip,skip,skip,skip,skip,skip,0.0,draw
300,rotate0,4,skip,skip,skip,skip,skip,skip,skip,skip,skip,skip,skip,skip,skip,skip,skip,skip,skip,skip,skip,skip,0.0,draw
300,rotate0,5,skip,skip,skip,skip,skip,skip,skip,skip,skip,skip,skip,skip,skip,skip,skip,skip,skip,skip,skip,skip,0.0,draw
300,rotate0,6,skip,skip,skip,skip,skip,skip,skip,skip,skip,skip,skip,skip,skip,skip,skip,skip,skip,skip,skip,skip,0.0,draw
301,random,1,B,A,skip,B,B,skip,skip,B,skip,B,skip,B,B,skip,A,skip,B,skip,skip,skip,0.0,caste
301,caste,2,B,A,A,B,B,B,B,B,B,B,B,B,B,B,B,B,B,B,B,B,0.1,caste
301,caste,3,skip,B,B,A,A,A,A,A,A,A,A,A,A,A,A,A,A,A,A,A,0.55,caste
301,caste,4,skip,skip,skip,skip,skip,skip,skip,skip,skip,skip,skip,skip,skip,skip,skip,skip,skip,skip,skip,skip,0.0,caste
301,random,5,A,A,B,B,skip,A,skip,skip,B,B,A,B,B,B,B,A,skip,A,skip,skip,0.05,caste
301,random,6,skip,skip,skip,skip,skip,A,B,A,B,skip,B,A,B,skip,A,B,B,B,B,B,0.0,caste
302,caste,1,A,A,B,B,A,A,A,A,A,A,A,A,A,A,A,A,A,A,A,B,0.25,caste
302,random,2,B,A,B,skip,A,skip,A,A,A,skip,A,B,skip,B,B,B,A,B,B,B,0.05,caste
302,random,3,A,A,A,skip,A,skip,A,B,B,B,skip,skip,A,B,skip,B,skip,B,skip,A,0.0,caste
302,caste,4,skip,skip,A,A,B,B,B,B,B,B,B,B,B,B,B,B,B,B,B,A,0.25,caste
302,random,5,skip,A,skip,B,B,A,B,skip,A,A,skip,skip,A,A,B,skip,A,skip,skip,skip,0.0,caste
302,caste,6,skip,skip,skip,skip,skip,skip,skip,skip,skip,skip,skip,skip,skip,skip,skip,skip,skip,skip,skip,skip,0.0,caste
303,caste,1,A,A,A,A,A,A,A,A,A,A,A,A,A,A,A,A,A,A,A,A,0.45,caste
303,caste,2,B,B,B,B,B,B,B,B,B,B,B,B,B,B,B,B,B,B,B,B,0.2,caste
303,random,3,skip,skip,skip,skip,A,A,B,skip,skip,B,skip,A,skip,skip,B,skip,A,A,skip,skip,0.0,caste
303,random,4,B,B,A,skip,B,B,B,skip,A,skip,B,skip,B,B,skip,B,A,A,skip,B,0.0,caste
303,caste,5,skip,skip,skip,skip,skip,skip,skip,skip,skip,skip,skip,skip,skip,skip,skip,skip,skip,skip,skip,skip,0.0,caste
303,random,6,B,B,skip,B,skip,A,A,B,A,B,A,B,skip,skip,B,A,A,B,A,B,0.0,caste
304,caste,1,A,A,B,B,B,B,A,A,A,A,A,B,B,B,B,B,B,B,B,B,0.35,caste
304,caste,2,B,B,A,A,A,A,B,B,B,B,B,A,A,A,A,A,A,A,A,A,0.25,caste
304,random,3,B,skip,skip,B,A,A,skip,B,B,A,A,A,A,skip,A,A,B,B,B,A,0.0,caste
304,caste,4,skip,skip,skip,skip,skip,skip,skip,skip,skip,skip,skip,skip,skip,skip,skip,skip,skip,skip,skip,skip,0.0,caste
304,random,5,B,A,A,skip,B,skip,A,B,B,skip,skip,A,B,A,B,B,skip,A,A,A,0.0,caste
304,random,6,skip,skip,B,B,skip,A,B,skip,skip,A,A,A,skip,skip,A,B,skip,skip,skip,A,0.0,caste
305,random,1,B,A,B,A,B,B,skip,skip,skip,A,B,B,A,A,skip,A,A,skip,skip,A,0.05,caste
305,random,2,B,A,A,A,B,B,skip,B,B,skip,skip,A,skip,A,A,skip,A,A,A,skip,0.0,caste
305,caste,3,skip,B,A,B,B,B,B,A,A,A,A,A,A,A,A,A,A,A,A,A,0.15,caste
305,caste,4,skip,skip,skip,A,A,A,A,B,B,B,B,B,B,B,B,B,B,B,B,B,0.5,caste
305,caste,5,skip,skip,skip,skip,skip,skip,skip,skip,skip,skip,skip,skip,skip,skip,skip,skip,skip,skip,skip,skip,0.0,caste
305,random,6,skip,skip,A,B,A,B,A,B,A,skip,A,A,skip,skip,A,skip,A,skip,A,A,0.0,caste
306,random,1,B,skip,A,A,skip,A,skip,skip,A,A,A,skip,A,A,skip,A,A,A,B,skip,0.0,caste
306,caste,2,B,A,A,A,B,B,A,A,A,A,A,A,A,A,A,A,A,A,A,A,0.1,caste
306,caste,3,skip,B,skip,B,A,A,B,B,B,B,B,B,B,B,B,B,B,B,B,B,0.5,caste
306,random,4,A,B,B,A,B,A,B,B,skip,A,A,A,B,skip,B,skip,skip,skip,skip,skip,0.1,caste
306,caste,5,skip,skip,skip,skip,skip,skip,skip,skip,skip,skip,skip,skip,skip,skip,skip,skip,skip,skip,skip,skip,0.0,caste
306,random,6,B,B,skip,A,B,A,A,A,A,B,A,skip,A,skip,A,skip,skip,A,A,A,0.0,caste
307,random,1,A,B,skip,B,B,skip,B,skip,skip,A,A,A,A,skip,skip,B,skip,B,B,skip,0.05,random
307,caste,2,B,B,A,skip,skip,skip,B,skip,skip,skip,A,A,skip,A,A,A,B,B,B,B,0.05,random
307,caste,3,skip,skip,B,B,A,A,A,A,A,A,B,B,B,B,B,B,A,A,A,A,0.4,random
307,random,4,B,A,skip,skip,B,A,skip,B,A,skip,A,B,B,A,A,skip,B,B,B,B,0.1,random
307,random,5,A,skip,A,skip,B,B,skip,skip,skip,A,skip,skip,skip,B,B,B,B,B,A,skip,0.05,random
307,caste,6,skip,skip,skip,skip,skip,skip,skip,skip,skip,skip,skip,skip,skip,skip,skip,skip,skip,skip,skip,skip,0.0,random
308,random,1,B,skip,A,A,A,B,skip,A,skip,B,skip,skip,B,B,A,B,A,B,B,B,0.05,caste
308,random,2,A,A,B,skip,skip,skip,skip,skip,A,skip,skip,A,skip,B,A,B,skip,B,skip,B,0.1,caste
308,random,3,B,skip,skip,skip,B,skip,skip,B,B,skip,A,skip,skip,A,B,B,B,A,B,skip,0.0,caste
308,caste,4,skip,A,skip,skip,A,A,skip,A,A,A,B,B,B,B,A,B,B,B,B,B,0.2,caste
308,caste,5,skip,B,A,B,B,B,A,B,B,B,A,A,A,A,B,A,A,A,A,A,0.35,caste
308,caste,6,skip,skip,skip,skip,skip,skip,skip,skip,skip,skip,skip,skip,skip,skip,skip,skip,skip,skip,skip,skip,0.0,caste
309,random,1,A,skip,skip,A,B,skip,skip,A,B,A,A,B,skip,skip,B,A,B,A,skip,skip,0.05,caste
309,caste,2,B,B,A,A,B,B,B,B,B,B,B,B,B,B,B,B,B,B,B,B,0.45,caste
309,random,3,skip,skip,skip,B,A,B,A,A,A,A,B,skip,B,A,skip,A,skip,A,A,A,0.05,caste
309,random,4,skip,skip,skip,A,A,A,B,skip,A,B,skip,skip,skip,A,skip,skip,skip,A,A,A,0.0,caste
309,caste,5,skip,skip,skip,skip,A,A,A,A,A,A,A,A,A,A,A,A,A,A,A,A,0.2,caste
309,caste,6,skip,skip,skip,skip,skip,skip,skip,skip,skip,skip,skip,skip,skip,skip,skip,skip,skip,skip,skip,skip,0.0,caste
310,caste,1,A,A,B,B,B,B,B,A,A,B,A,A,A,A,A,A,A,A,A,A,0.35,caste
310,random,2,B,A,A,A,B,skip,B,B,A,skip,skip,skip,A,skip,A,B,A,skip,skip,A,0.05,caste
310,caste,3,skip,skip,A,A,A,A,A,B,B,A,B,B,B,B,B,B,B,B,B,B,0.15,caste
310,random,4,A,B,skip,A,B,skip,skip,A,B,skip,skip,A,B,B,skip,skip,B,skip,B,A,0.05,caste
310,random,5,skip,skip,B,B,B,A,skip,skip,B,A,skip,B,skip,B,B,B,skip,B,skip,B,0.0,caste
310,caste,6,skip,skip,skip,skip,skip,skip,skip,skip,skip,skip,skip,skip,skip,skip,skip,skip,skip,skip,skip,skip,0.0,caste
311,caste,1,A,A,B,B,A,A,A,A,A,A,A,A,A,A,A,A,A,A,A,A,0.4,caste
311,random,2,B,B,A,skip,skip,skip,B,B,B,B,B,B,A,A,B,A,A,skip,B,skip,0.1,caste
311,random,3,skip,B,B,B,B,skip,A,B,B,B,B,skip,A,A,B,A,B,B,B,skip,0.0,caste
311,caste,4,skip,skip,skip,skip,B,skip,B,B,B,B,B,B,B,B,B,B,B,B,B,B,0.15,caste
311,caste,5,skip,skip,skip,skip,skip,skip,skip,skip,skip,skip,skip,skip,skip,skip,skip,skip,skip,skip,skip,skip,0.0,caste
311,random,6,A,skip,B,B,skip,A,skip,A,A,A,skip,B,A,B,skip,A,B,B,skip,skip,0.0,caste
312,random,1,B,skip,B,A,A,skip,skip,skip,A,A,B,B,B,A,B,B,B,A,skip,B,0.0,caste
312,random,2,A,skip,B,A,A,skip,skip,skip,B,A,skip,B,skip,A,A,B,A,A,A,B,0.05,caste
312,caste,3,skip,A,A,A,B,B,B,B,B,B,B,A,B,B,B,B,A,A,A,A,0.3,caste
312,random,4,B,skip,B,skip,A,skip,B,A,skip,B,B,A,A,A,skip,skip,A,B,A,A,0.0,caste
312,caste,5,skip,B,B,B,A,A,A,A,A,A,A,B,A,A,A,A,B,B,B,B,0.35,caste
312,caste,6,skip,skip,skip,skip,skip,skip,skip,skip,skip,skip,skip,skip,skip,skip,skip,skip,skip,skip,skip,skip,0.0,caste
313,caste,1,A,B,A,A,A,B,B,B,B,B,B,B,B,B,B,A,A,A,A,A,0.3,caste
313,random,2,A,B,skip,A,A,skip,skip,skip,B,A,B,skip,B,B,skip,skip,skip,B,B,skip,0.0,caste
313,random,3,skip,B,B,A,A,A,skip,skip,B,skip,A,B,A,A,skip,B,skip,B,B,A,0.0,caste
313,random,4,skip,B,skip,skip,B,A,B,A,skip,skip,B,A,B,skip,B,B,B,A,A,skip,0.0,caste
313,caste,5,skip,skip,B,skip,B,A,A,A,A,A,A,A,A,A,A,B,B,B,B,B,0.2,caste
313,caste,6,skip,skip,skip,skip,skip,skip,skip,skip,skip,skip,skip,skip,skip,skip,skip,skip,skip,skip,skip,skip,0.0,caste
314,caste,1,A,B,B,B,B,B,B,B,B,B,B,A,A,A,A,B,B,B,A,A,0.25,caste
314,random,2,skip,B,A,A,A,B,A,A,skip,skip,skip,A,skip,skip,skip,B,A,B,A,B,0.0,caste
314,caste,3,skip,A,A,A,A,A,A,A,A,A,A,B,B,B,B,A,A,A,B,B,0.2,caste
314,random,4,A,A,A,A,B,skip,A,B,skip,B,skip,B,B,skip,skip,B,B,skip,B,skip,0.0,caste
314,caste,5,skip,skip,skip,skip,skip,skip,skip,skip,skip,skip,skip,skip,skip,skip,skip,skip,skip,skip,skip,skip,0.0,caste
314,random,6,skip,A,B,A,skip,A,A,A,B,A,B,B,A,skip,B,A,skip,skip,B,skip,0.0,caste
315,caste,1,A,A,A,A,A,A,A,A,A,A,A,A,A,A,A,A,A,B,B,B,0.4,caste
315,caste,2,B,B,B,B,B,B,B,B,B,B,B,B,B,B,B,B,B,A,A,A,0.45,caste
315,random,3,skip,B,skip,A,skip,A,skip,skip,B,skip,skip,B,A,B,skip,A,skip,skip,skip,A,0.0,caste
315,random,4,skip,B,B,B,B,skip,skip,A,skip,A,skip,B,B,B,A,skip,A,B,B,A,0.0,caste
315,random,5,B,skip,B,B,A,skip,skip,skip,skip,skip,skip,skip,B,A,skip,B,A,B,B,A,0.0,caste
315,caste,6,skip,skip,skip,skip,skip,skip,skip,skip,skip,skip,skip,skip,skip,skip,skip,skip,skip,skip,skip,skip,0.0,caste
316,random,1,B,B,A,A,B,B,A,B,B,A,B,B,B,B,skip,A,skip,A,B,skip,0.05,caste
316,random,2,skip,A,A,A,B,B,B,skip,skip,A,B,skip,skip,skip,B,A,skip,A,B,A,0.0,caste
316,caste,3,skip,B,B,B,B,B,B,B,B,A,A,B,B,B,B,B,B,B,B,B,0.3,caste
316,caste,4,skip,A,A,A,A,A,A,A,A,B,B,A,A,A,A,A,A,A,A,A,0.35,caste
316,random,5,A,A,skip,A,A,A,skip,B,B,skip,B,A,skip,A,B,B,skip,skip,B,skip,0.05,caste
316,caste,6,skip,skip,skip,skip,skip,skip,skip,skip,skip,skip,skip,skip,skip,skip,skip,skip,skip,skip,skip,skip,0.0,caste
317,caste,1,A,B,A,A,A,A,A,A,A,A,A,A,A,A,A,A,A,A,A,A,0.6,caste
317,random,2,skip,skip,B,skip,B,skip,skip,B,A,skip,skip,B,A,B,B,skip,B,B,B,skip,0.0,caste
317,caste,3,skip,A,B,B,B,B,B,B,B,B,B,B,B,B,B,B,B,B,B,B,0.35,caste
317,caste,4,skip,skip,skip,skip,skip,skip,skip,skip,skip,skip,skip,skip,skip,skip,skip,skip,skip,skip,skip,skip,0.0,caste
317,random,5,A,B,B,A,B,skip,skip,B,B,B,skip,B,A,A,skip,A,B,B,skip,skip,0.0,caste
317,random,6,A,skip,skip,skip,skip,skip,skip,skip,B,B,B,skip,A,skip,skip,skip,B,A,B,skip,0.0,caste
318,random,1,skip,B,B,skip,A,A,A,B,A,A,skip,A,skip,A,B,skip,A,B,skip,A,0.05,caste
318,caste,2,B,A,A,A,A,A,A,A,A,A,A,A,A,A,A,A,A,A,A,A,0.15,caste
318,random,3,skip,skip,A,A,skip,skip,A,B,skip,A,A,A,B,skip,A,A,skip,skip,B,skip,0.0,caste
318,caste,4,skip,skip,B,B,B,B,B,B,B,B,B,B,B,B,B,B,B,B,B,B,0.45,caste
318,random,5,B,skip,A,skip,skip,B,skip,A,skip,A,A,A,skip,B,A,skip,B,B,A,A,0.0,caste
318,caste,6,skip,skip,skip,skip,skip,skip,skip,skip,skip,skip,skip,skip,skip,skip,skip,skip,skip,skip,skip,skip,0.0,caste
319,caste,1,A,A,A,A,A,A,A,A,A,A,A,A,A,A,A,B,B,B,B,B,0.15,caste
319,caste,2,B,B,B,B,B,B,B,B,B,B,B,B,B,B,B,A,A,A,A,A,0.3,caste
319,caste,3,skip,skip,skip,skip,skip,skip,skip,skip,skip,skip,skip,skip,skip,skip,skip,skip,skip,skip,skip,skip,0.0,caste
319,random,4,A,B,skip,B,B,B,B,A,B,skip,skip,skip,A,A,A,B,skip,B,B,B,0.0,caste
319,random,5,skip,skip,A,B,A,A,A,B,A,B,skip,A,B,B,skip,A,skip,B,skip,A,0.0,caste
319,random,6,B,B,B,B,skip,B,A,skip,B,B,A,A,skip,skip,A,skip,B,B,B,A,0.0,caste
320,random,1,skip,A,B,A,skip,A,skip,skip,A,skip,skip,A,skip,skip,skip,A,B,B,skip,B,0.0,caste
320,caste,2,B,B,B,B,B,B,A,A,B,B,A,A,A,A,A,B,B,A,A,A,0.3,caste
320,random,3,A,B,skip,B,B,A,A,B,A,B,skip,skip,B,B,B,skip,skip,skip,B,A,0.05,caste
320,caste,4,skip,A,A,A,A,A,B,B,A,A,B,B,B,B,B,A,A,B,B,B,0.35,caste
320,caste,5,skip,skip,skip,skip,skip,skip,skip,skip,skip,skip,skip,skip,skip,skip,skip,skip,skip,skip,skip,skip,0.0,caste
320,random,6,skip,A,B,skip,skip,A,skip,B,A,skip,A,A,A,B,B,B,skip,A,A,A,0.0,caste
321,caste,1,A,A,B,A,B,B,B,A,A,A,A,A,A,A,A,A,A,A,A,A,0.5,rotate
321,rotate,2,B,skip,skip,skip,skip,A,B,skip,skip,skip,skip,A,B,skip,skip,skip,skip,A,B,skip,0.1,rotate
321,rotate,3,skip,skip,skip,skip,A,B,skip,skip,skip,skip,A,B,skip,skip,skip,skip,A,B,skip,skip,0.05,rotate
321,rotate,4,skip,skip,skip,A,B,skip,skip,skip,skip,A,B,skip,skip,skip,skip,A,B,skip,skip,skip,0.0,rotate
321,caste,5,skip,skip,skip,skip,skip,skip,A,B,B,B,B,B,B,B,B,B,B,B,B,B,0.4,rotate
321,caste,6,skip,skip,skip,skip,skip,skip,skip,skip,skip,skip,skip,skip,skip,skip,skip,skip,skip,skip,skip,skip,0.0,rotate
322,caste,1,A,A,B,A,B,B,A,A,B,A,A,B,B,A,A,A,A,A,A,A,0.4,rotate
322,rotate,2,B,skip,skip,skip,skip,A,B,skip,skip,skip,skip,A,B,skip,skip,skip,skip,A,B,skip,0.1,rotate
322,rotate,3,skip,skip,skip,skip,A,B,skip,skip,skip,skip,A,B,skip,skip,skip,skip,A,B,skip,skip,0.05,rotate
322,caste,4,skip,skip,skip,skip,skip,skip,B,skip,A,B,B,A,A,B,B,B,B,B,B,B,0.4,rotate
322,caste,5,skip,skip,skip,skip,skip,skip,skip,skip,skip,skip,skip,skip,skip,skip,skip,skip,skip,skip,skip,skip,0.0,rotate
322,rotate,6,skip,A,B,skip,skip,skip,skip,A,B,skip,skip,skip,skip,A,B,skip,skip,skip,skip,A,0.0,rotate
323,caste,1,A,A,A,A,A,A,A,A,A,A,A,A,A,A,A,A,A,A,A,A,0.5,caste
323,caste,2,B,B,B,B,B,B,B,B,B,B,B,B,B,B,B,B,B,B,B,B,0.55,caste
323,rotate,3,skip,skip,skip,skip,A,B,skip,skip,skip,skip,A,B,skip,skip,skip,skip,A,B,skip,skip,0.0,caste
323,rotate,4,skip,skip,skip,A,B,skip,skip,skip,skip,A,B,skip,skip,skip,skip,A,B,skip,skip,skip,0.0,caste
323,caste,5,skip,skip,skip,skip,skip,skip,skip,skip,skip,skip,skip,skip,skip,skip,skip,skip,skip,skip,skip,skip,0.0,caste
323,rotate,6,skip,A,B,skip,skip,skip,skip,A,B,skip,skip,skip,skip,A,B,skip,skip,skip,skip,A,0.0,caste
324,caste,1,A,A,B,B,B,B,B,B,B,B,B,B,B,B,B,B,B,B,B,B,0.55,rotate
324,rotate,2,B,skip,skip,skip,skip,A,B,skip,skip,skip,skip,A,B,skip,skip,skip,skip,A,B,skip,0.05,rotate
324,caste,3,skip,skip,A,skip,A,A,A,A,A,A,A,A,A,A,A,A,A,A,A,A,0.45,rotate
324,rotate,4,skip,skip,skip,A,B,skip,skip,skip,skip,A,B,skip,skip,skip,skip,A,B,skip,skip,skip,0.05,rotate
324,rotate,5,skip,skip,A,B,skip,skip,skip,skip,A,B,skip,skip,skip,skip,A,B,skip,skip,skip,skip,0.0,rotate
324,caste,6,skip,skip,skip,skip,skip,skip,skip,skip,skip,skip,skip,skip,skip,skip,skip,skip,skip,skip,skip,skip,0.0,rotate
325,rotate,1,A,B,skip,skip,skip,skip,A,B,skip,skip,skip,skip,A,B,skip,skip,skip,skip,A,B,0.05,rotate
325,caste,2,B,B,A,skip,A,A,A,B,B,A,B,B,B,B,B,B,B,B,B,B,0.45,rotate
325,caste,3,skip,skip,B,A,B,B,B,A,A,B,A,A,A,A,A,A,A,A,A,A,0.5,rotate
325,rotate,4,skip,skip,skip,A,B,skip,skip,skip,skip,A,B,skip,skip,skip,skip,A,B,skip,skip,skip,0.0,rotate
325,rotate,5,skip,skip,A,B,skip,skip,skip,skip,A,B,skip,skip,skip,skip,A,B,skip,skip,skip,skip,0.05,rotate
325,caste,6,skip,skip,skip,skip,skip,skip,skip,skip,skip,skip,skip,skip,skip,skip,skip,skip,skip,skip,skip,skip,0.0,rotate
326,caste,1,A,A,B,B,B,B,B,B,B,B,B,B,B,B,B,B,B,B,B,B,0.5,rotate
326,rotate,2,B,skip,skip,skip,skip,A,B,skip,skip,skip,skip,A,B,skip,skip,skip,skip,A,B,skip,0.05,rotate
326,caste,3,skip,skip,A,skip,A,A,A,A,A,A,A,A,A,A,A,A,A,A,A,A,0.4,rotate
326,caste,4,skip,skip,skip,skip,skip,skip,skip,skip,skip,skip,skip,skip,skip,skip,skip,skip,skip,skip,skip,skip,0.0,rotate
326,rotate,5,skip,skip,A,B,skip,skip,skip,skip,A,B,skip,skip,skip,skip,A,B,skip,skip,skip,skip,0.0,rotate
326,rotate,6,skip,A,B,skip,skip,skip,skip,A,B,skip,skip,skip,skip,A,B,skip,skip,skip,skip,A,0.0,rotate
327,caste,1,A,A,B,A,A,A,A,B,B,A,A,B,B,A,A,B,B,A,A,B,0.5,rotate
327,rotate,2,B,skip,skip,skip,skip,A,B,skip,skip,skip,skip,A,B,skip,skip,skip,skip,A,B,skip,0.05,rotate
327,caste,3,skip,skip,A,B,B,B,B,A,A,B,B,A,A,B,B,A,A,B,B,A,0.45,rotate
327,rotate,4,skip,skip,skip,A,B,skip,skip,skip,skip,A,B,skip,skip,skip,skip,A,B,skip,skip,skip,0.0,rotate
327,caste,5,skip,skip,skip,skip,skip,skip,skip,skip,skip,skip,skip,skip,skip,skip,skip,skip,skip,skip,skip,skip,0.0,rotate
327,rotate,6,skip,A,B,skip,skip,skip,skip,A,B,skip,skip,skip,skip,A,B,skip,skip,skip,skip,A,0.0,rotate
328,rotate,1,A,B,skip,skip,skip,skip,A,B,skip,skip,skip,skip,A,B,skip,skip,skip,skip,A,B,0.05,rotate
328,caste,2,B,B,A,B,A,A,A,B,B,B,B,B,B,B,B,B,B,B,B,A,0.45,rotate
328,caste,3,skip,skip,B,skip,B,B,B,A,A,A,A,A,A,A,A,A,A,A,A,B,0.45,rotate
328,caste,4,skip,skip,skip,skip,skip,skip,skip,skip,skip,skip,skip,skip,skip,skip,skip,skip,skip,skip,skip,skip,0.0,rotate
328,rotate,5,skip,skip,A,B,skip,skip,skip,skip,A,B,skip,skip,skip,skip,A,B,skip,skip,skip,skip,0.0,rotate
328,rotate,6,skip,A,B,skip,skip,skip,skip,A,B,skip,skip,skip,skip,A,B,skip,skip,skip,skip,A,0.05,rotate
329,caste,1,A,A,A,A,A,A,A,A,A,A,A,A,A,A,A,A,A,A,A,A,0.55,caste
329,caste,2,B,B,B,B,B,B,B,B,B,B,B,B,B,B,B,B,B,B,B,B,0.55,caste
329,rotate,3,skip,skip,skip,skip,A,B,skip,skip,skip,skip,A,B,skip,skip,skip,skip,A,B,skip,skip,0.0,caste
329,rotate,4,skip,skip,skip,A,B,skip,skip,skip,skip,A,B,skip,skip,skip,skip,A,B,skip,skip,skip,0.0,caste
329,rotate,5,skip,skip,A,B,skip,skip,skip,skip,A,B,skip,skip,skip,skip,A,B,skip,skip,skip,skip,0.0,caste
329,caste,6,skip,skip,skip,skip,skip,skip,skip,skip,skip,skip,skip,skip,skip,skip,skip,skip,skip,skip,skip,skip,0.0,caste
330,rotate,1,A,B,skip,skip,skip,skip,A,B,skip,skip,skip,skip,A,B,skip,skip,skip,skip,A,B,0.25,rotate
330,rotate,2,B,skip,skip,skip,skip,A,B,skip,skip,skip,skip,A,B,skip,skip,skip,skip,A,B,skip,0.05,rotate
330,caste,3,skip,skip,A,A,B,B,B,A,A,B,B,A,B,B,A,A,B,A,A,B,0.3,rotate
330,rotate,4,skip,skip,skip,A,B,skip,skip,skip,skip,A,B,skip,skip,skip,skip,A,B,skip,skip,skip,0.05,rotate
330,caste,5,skip,skip,skip,skip,skip,A,skip,skip,skip,skip,skip,skip,skip,A,B,B,A,B,B,A,0.3,rotate
330,caste,6,skip,skip,skip,skip,skip,skip,skip,skip,skip,skip,skip,skip,skip,skip,skip,skip,skip,skip,skip,skip,0.0,rotate
331,rotate,1,A,B,skip,skip,skip,skip,A,B,skip,skip,skip,skip,A,B,skip,skip,skip,skip,A,B,0.05,rotate
331,caste,2,B,B,A,A,B,A,A,B,A,A,B,B,B,B,A,A,A,A,A,B,0.45,rotate
331,caste,3,skip,skip,B,skip,A,B,B,A,B,B,A,A,A,A,B,B,B,B,B,A,0.45,rotate
331,rotate,4,skip,skip,skip,A,B,skip,skip,skip,skip,A,B,skip,skip,skip,skip,A,B,skip,skip,skip,0.0,rotate
331,caste,5,skip,skip,skip,skip,skip,skip,skip,skip,skip,skip,skip,skip,skip,skip,skip,skip,skip,skip,skip,skip,0.0,rotate
331,rotate,6,skip,A,B,skip,skip,skip,skip,A,B,skip,skip,skip,skip,A,B,skip,skip,skip,skip,A,0.05,rotate
332,rotate,1,A,B,skip,skip,skip,skip,A,B,skip,skip,skip,skip,A,B,skip,skip,skip,skip,A,B,0.05,rotate
332,caste,2,B,B,A,A,A,B,A,B,B,B,B,B,B,B,B,B,B,B,B,B,0.45,rotate
332,rotate,3,skip,skip,skip,skip,A,B,skip,skip,skip,skip,A,B,skip,skip,skip,skip,A,B,skip,skip,0.0,rotate
332,caste,4,skip,skip,skip,skip,skip,skip,skip,A,A,A,A,A,A,A,A,A,A,A,A,A,0.3,rotate
332,caste,5,skip,skip,skip,skip,skip,skip,skip,skip,skip,skip,skip,skip,skip,skip,skip,skip,skip,skip,skip,skip,0.0,rotate
332,rotate,6,skip,A,B,skip,skip,skip,skip,A,B,skip,skip,skip,skip,A,B,skip,skip,skip,skip,A,0.1,rotate
333,rotate,1,A,B,skip,skip,skip,skip,A,B,skip,skip,skip,skip,A,B,skip,skip,skip,skip,A,B,0.25,rotate
333,rotate,2,B,skip,skip,skip,skip,A,B,skip,skip,skip,skip,A,B,skip,skip,skip,skip,A,B,skip,0.05,rotate
333,caste,3,skip,skip,B,skip,skip,skip,skip,skip,skip,A,skip,A,skip,B,A,B,B,B,A,B,0.25,rotate
333,caste,4,skip,skip,A,B,A,A,B,A,A,B,B,B,B,A,B,A,A,A,B,A,0.45,rotate
333,caste,5,skip,skip,skip,skip,skip,skip,skip,skip,skip,skip,skip,skip,skip,skip,skip,skip,skip,skip,skip,skip,0.0,rotate
333,rotate,6,skip,A,B,skip,skip,skip,skip,A,B,skip,skip,skip,skip,A,B,skip,skip,skip,skip,A,0.1,rotate
334,rotate,1,A,B,skip,skip,skip,skip,A,B,skip,skip,skip,skip,A,B,skip,skip,skip,skip,A,B,0.05,rotate
334,caste,2,B,B,A,A,A,B,B,B,B,B,B,B,B,B,B,B,B,B,B,B,0.45,rotate
334,rotate,3,skip,skip,skip,skip,A,B,skip,skip,skip,skip,A,B,skip,skip,skip,skip,A,B,skip,skip,0.0,rotate
334,caste,4,skip,skip,skip,skip,skip,A,A,A,A,A,A,A,A,A,A,A,A,A,A,A,0.4,rotate
334,rotate,5,skip,skip,A,B,skip,skip,skip,skip,A,B,skip,skip,skip,skip,A,B,skip,skip,skip,skip,0.05,rotate
334,caste,6,skip,skip,skip,skip,skip,skip,skip,skip,skip,skip,skip,skip,skip,skip,skip,skip,skip,skip,skip,skip,0.0,rotate
335,caste,1,A,A,A,A,A,A,A,A,A,A,A,A,A,A,A,A,A,A,A,A,0.5,caste
335,caste,2,B,B,B,B,B,B,B,B,B,B,B,B,B,B,B,B,B,B,B,B,0.55,caste
335,caste,3,skip,skip,skip,skip,skip,skip,skip,skip,skip,skip,skip,skip,skip,skip,skip,skip,skip,skip,skip,skip,0.0,caste
335,rotate,4,skip,skip,skip,A,B,skip,skip,skip,skip,A,B,skip,skip,skip,skip,A,B,skip,skip,skip,0.0,caste
335,rotate,5,skip,skip,A,B,skip,skip,skip,skip,A,B,skip,skip,skip,skip,A,B,skip,skip,skip,skip,0.0,caste
335,rotate,6,skip,A,B,skip,skip,skip,skip,A,B,skip,skip,skip,skip,A,B,skip,skip,skip,skip,A,0.0,caste
336,rotate,1,A,B,skip,skip,skip,skip,A,B,skip,skip,skip,skip,A,B,skip,skip,skip,skip,A,B,0.1,rotate
336,caste,2,B,B,A,A,B,B,A,A,A,B,B,B,A,B,A,B,B,B,A,B,0.35,rotate
336,rotate,3,skip,skip,skip,skip,A,B,skip,skip,skip,skip,A,B,skip,skip,skip,skip,A,B,skip,skip,0.15,rotate
336,rotate,4,skip,skip,skip,A,B,skip,skip,skip,skip,A,B,skip,skip,skip,skip,A,B,skip,skip,skip,0.0,rotate
336,caste,5,skip,skip,skip,skip,skip,skip,skip,skip,skip,A,skip,skip,skip,skip,skip,A,skip,skip,skip,skip,0.0,rotate
336,caste,6,skip,skip,skip,skip,skip,skip,skip,skip,skip,skip,skip,skip,skip,skip,skip,skip,skip,skip,skip,skip,0.0,rotate
337,caste,1,A,A,A,A,A,A,A,A,A,A,A,A,A,A,A,A,A,A,A,A,0.5,caste
337,caste,2,B,B,B,B,B,B,B,B,B,B,B,B,B,B,B,B,B,B,B,B,0.55,caste
337,rotate,3,skip,skip,skip,skip,A,B,skip,skip,skip,skip,A,B,skip,skip,skip,skip,A,B,skip,skip,0.0,caste
337,caste,4,skip,skip,skip,skip,skip,skip,skip,skip,skip,skip,skip,skip,skip,skip,skip,skip,skip,skip,skip,skip,0.0,caste
337,rotate,5,skip,skip,A,B,skip,skip,skip,skip,A,B,skip,skip,skip,skip,A,B,skip,skip,skip,skip,0.0,caste
337,rotate,6,skip,A,B,skip,skip,skip,skip,A,B,skip,skip,skip,skip,A,B,skip,skip,skip,skip,A,0.0,caste
338,caste,1,A,A,B,B,A,B,B,A,A,B,A,B,B,B,B,A,A,A,B,B,0.4,rotate
338,rotate,2,B,skip,skip,skip,skip,A,B,skip,skip,skip,skip,A,B,skip,skip,skip,skip,A,B,skip,0.05,rotate
338,rotate,3,skip,skip,skip,skip,A,B,skip,skip,skip,skip,A,B,skip,skip,skip,skip,A,B,skip,skip,0.0,rotate
338,caste,4,skip,skip,skip,skip,skip,A,skip,B,B,A,B,A,A,A,A,B,B,B,A,A,0.45,rotate
338,rotate,5,skip,skip,A,B,skip,skip,skip,skip,A,B,skip,skip,skip,skip,A,B,skip,skip,skip,skip,0.05,rotate
338,caste,6,skip,skip,skip,skip,skip,skip,skip,skip,skip,skip,skip,skip,skip,skip,skip,skip,skip,skip,skip,skip,0.0,rotate
339,rotate,1,A,B,skip,skip,skip,skip,A,B,skip,skip,skip,skip,A,B,skip,skip,skip,skip,A,B,0.1,rotate
339,rotate,2,B,skip,skip,skip,skip,A,B,skip,skip,skip,skip,A,B,skip,skip,skip,skip,A,B,skip,0.1,rotate
339,rotate,3,skip,skip,skip,skip,A,B,skip,skip,skip,skip,A,B,skip,skip,skip,skip,A,B,skip,skip,0.0,rotate
339,caste,4,skip,skip,B,B,A,A,A,A,A,A,A,A,A,A,A,A,A,A,A,A,0.45,rotate
339,caste,5,skip,skip,skip,skip,skip,B,skip,B,B,B,B,B,B,B,B,B,B,B,B,B,0.3,rotate
339,caste,6,skip,skip,skip,skip,skip,skip,skip,skip,skip,skip,skip,skip,skip,skip,skip,skip,skip,skip,skip,skip,0.0,rotate
340,rotate,1,A,B,skip,skip,skip,skip,A,B,skip,skip,skip,skip,A,B,skip,skip,skip,skip,A,B,0.1,rotate
340,rotate,2,B,skip,skip,skip,skip,A,B,skip,skip,skip,skip,A,B,skip,skip,skip,skip,A,B,skip,0.1,rotate
340,caste,3,skip,skip,A,skip,skip,B,skip,A,A,A,B,B,B,B,A,A,A,B,B,B,0.4,rotate
340,caste,4,skip,skip,B,A,B,A,A,B,B,B,A,A,A,A,B,B,B,A,A,A,0.45,rotate
340,rotate,5,skip,skip,A,B,skip,skip,skip,skip,A,B,skip,skip,skip,skip,A,B,skip,skip,skip,skip,0.05,rotate
340,caste,6,skip,skip,skip,skip,skip,skip,skip,skip,skip,skip,skip,skip,skip,skip,skip,skip,skip,skip,skip,skip,0.0,rotate
341,caste,1,A,B,B,B,B,A,A,A,B,B,B,B,B,B,B,B,B,B,B,B,0.0,caste
341,random3,2,A,A,B,B,B,B,B,B,B,B,B,A,A,B,B,B,B,A,A,A,0.0,caste
341,caste,3,skip,A,A,A,A,B,B,B,A,A,A,A,A,A,A,A,A,A,A,A,0.1,caste
341,random3,4,B,B,B,A,A,A,B,B,B,B,B,B,A,A,A,A,A,A,A,A,0.05,caste
341,caste,5,skip,skip,skip,skip,skip,skip,skip,skip,skip,skip,skip,skip,skip,skip,skip,skip,skip,skip,skip,skip,0.0,caste
341,random3,6,A,B,B,A,A,A,A,A,A,A,B,B,B,B,B,B,B,B,B,B,0.0,caste
342,caste,1,A,A,A,B,A,A,A,B,B,B,B,B,B,B,A,A,B,B,B,B,0.15,caste
342,random3,2,B,B,B,B,B,B,B,B,A,B,B,B,B,B,B,B,A,A,A,A,0.05,caste
342,random3,3,B,B,A,A,A,A,A,A,A,A,A,A,A,B,B,A,A,B,B,B,0.05,caste
342,random3,4,B,A,A,B,A,A,A,A,B,A,A,A,B,B,B,A,A,A,A,A,0.0,caste
342,caste,5,skip,skip,skip,skip,B,B,B,A,A,A,A,A,A,A,B,B,A,A,A,A,0.05,caste
342,caste,6,skip,skip,skip,skip,skip,skip,skip,skip,skip,skip,skip,skip,skip,skip,skip,skip,skip,skip,skip,skip,0.0,caste
343,random3,1,B,B,A,B,B,A,A,B,B,B,B,B,B,B,B,B,B,B,B,B,0.0,caste
343,caste,2,B,B,A,B,B,B,B,B,B,B,B,B,B,B,B,B,A,B,B,B,0.1,caste
343,caste,3,skip,A,B,A,A,A,A,A,A,A,A,A,A,A,A,A,B,A,A,A,0.0,caste
343,random3,4,A,A,B,A,A,A,A,B,B,B,B,B,B,B,B,A,A,A,A,A,0.0,caste
343,caste,5,skip,skip,skip,skip,skip,skip,skip,skip,skip,skip,skip,skip,skip,skip,skip,skip,skip,skip,skip,skip,0.0,caste
343,random3,6,A,B,A,A,A,A,A,A,A,A,A,A,A,A,A,B,A,A,A,A,0.0,caste
344,caste,1,A,B,B,B,B,B,B,B,B,A,A,A,A,A,A,A,A,A,A,A,0.05,caste
344,caste,2,B,A,A,A,A,A,A,A,A,B,B,B,B,B,B,B,B,B,B,B,0.1,caste
344,random3,3,B,B,A,A,A,A,A,A,A,B,A,A,A,A,B,B,B,B,B,B,0.0,caste
344,random3,4,A,B,B,B,B,B,B,B,B,B,B,A,A,A,A,A,A,A,A,A,0.0,caste
344,random3,5,A,A,A,A,A,B,B,B,B,B,A,A,A,B,B,B,A,A,A,A,0.0,caste
344,caste,6,skip,skip,skip,skip,skip,skip,skip,skip,skip,skip,skip,skip,skip,skip,skip,skip,skip,skip,skip,skip,0.0,caste
345,caste,1,A,B,B,B,B,B,B,B,B,B,B,B,B,B,B,B,B,B,B,B,0.05,caste
345,caste,2,B,A,A,A,A,A,A,A,A,A,A,A,A,A,A,A,A,A,A,A,0.0,caste
345,random3,3,A,A,A,A,B,B,B,B,B,A,A,A,A,A,A,A,A,A,A,A,0.0,caste
345,random3,4,B,B,A,A,A,A,A,A,A,A,A,A,B,B,A,A,A,A,A,A,0.0,caste
345,caste,5,skip,skip,skip,skip,skip,skip,skip,skip,skip,skip,skip,skip,skip,skip,skip,skip,skip,skip,skip,skip,0.0,caste
345,random3,6,A,A,A,B,A,A,A,B,A,B,B,B,B,B,B,B,B,B,B,B,0.0,caste
346,random3,1,A,A,A,B,A,A,A,A,A,A,A,A,A,A,A,A,A,A,A,A,0.05,random3
346,random3,2,B,A,A,A,A,A,B,B,B,A,A,A,A,A,A,A,A,A,A,A,0.05,random3
346,caste,3,skip,skip,B,B,A,A,A,B,B,B,B,B,B,B,B,B,B,B,B,B,0.1,random3
346,caste,4,skip,skip,skip,skip,B,B,B,A,A,A,A,A,A,A,A,A,A,A,A,A,0.0,random3
346,caste,5,skip,skip,skip,skip,skip,skip,skip,skip,skip,skip,skip,skip,skip,skip,skip,skip,skip,skip,skip,skip,0.0,random3
346,random3,6,B,B,B,B,B,B,A,A,A,A,A,B,B,B,B,B,B,B,B,B,0.05,random3
347,caste,1,A,A,B,B,B,B,B,B,B,B,B,B,B,B,B,B,B,B,B,B,0.05,caste
347,random3,2,A,A,A,A,B,A,A,A,A,A,A,B,B,B,B,A,B,B,B,B,0.0,caste
347,random3,3,B,B,B,B,B,B,B,B,B,B,B,B,B,B,B,A,A,A,A,A,0.0,caste
347,caste,4,skip,B,A,A,A,A,A,A,A,A,A,A,A,A,A,A,A,A,A,A,0.1,caste
347,random3,5,B,A,A,B,B,B,B,B,B,B,B,A,A,A,B,A,A,A,A,A,0.0,caste
347,caste,6,skip,skip,skip,skip,skip,skip,skip,skip,skip,skip,skip,skip,skip,skip,skip,skip,skip,skip,skip,skip,0.0,caste
348,random3,1,A,A,B,B,B,B,B,B,B,B,A,A,A,B,B,B,B,B,B,B,0.0,caste
348,caste,2,B,B,B,B,B,A,A,B,A,A,A,A,A,B,B,B,B,B,B,B,0.1,caste
348,random3,3,A,A,B,B,B,A,A,A,A,A,A,B,A,A,A,A,A,A,A,A,0.0,caste
348,random3,4,A,A,A,A,B,A,A,B,B,B,B,B,A,B,B,B,B,B,B,B,0.05,caste
348,caste,5,skip,skip,skip,A,A,B,B,A,B,B,B,B,B,A,A,A,A,A,A,A,0.1,caste
348,caste,6,skip,skip,skip,skip,skip,skip,skip,skip,skip,skip,skip,skip,skip,skip,skip,skip,skip,skip,skip,skip,0.0,caste
349,caste,1,A,B,B,B,B,A,A,A,B,B,B,B,B,B,B,B,B,B,B,B,0.0,caste
349,random3,2,A,B,B,B,B,B,B,B,B,B,B,B,B,B,B,B,B,B,B,B,0.0,caste
349,caste,3,skip,A,A,A,A,B,B,B,A,A,A,A,A,A,A,A,A,A,A,A,0.05,caste
349,caste,4,skip,skip,skip,skip,skip,skip,skip,skip,skip,skip,skip,skip,skip,skip,skip,skip,skip,skip,skip,skip,0.0,caste
349,random3,5,A,A,A,A,B,A,A,A,A,A,A,A,A,A,A,A,A,A,A,A,0.0,caste
349,random3,6,A,A,A,B,B,B,B,B,B,B,B,B,B,B,B,B,B,B,B,B,0.0,caste
350,caste,1,A,B,B,B,B,B,B,B,A,B,A,A,A,B,B,B,B,B,B,B,0.0,random3
350,random3,2,A,A,A,A,A,A,A,A,A,B,B,A,A,A,B,B,B,B,B,B,0.0,random3
350,random3,3,B,B,B,B,B,B,B,B,B,B,B,B,B,B,B,A,A,A,A,B,0.05,random3
350,caste,4,skip,A,A,A,A,A,A,A,B,A,B,B,B,A,A,A,A,A,A,A,0.0,random3
350,caste,5,skip,skip,skip,skip,skip,skip,skip,skip,skip,skip,skip,skip,skip,skip,skip,skip,skip,skip,skip,skip,0.0,random3
350,random3,6,A,A,A,B,B,B,B,B,A,A,A,A,A,A,A,A,A,A,A,A,0.0,random3
351,caste,1,A,A,A,A,A,A,A,A,A,A,A,A,A,A,A,A,B,B,B,B,0.05,caste
351,caste,2,B,B,B,B,B,B,B,B,B,B,B,B,B,B,B,B,A,A,A,A,0.05,caste
351,caste,3,skip,skip,skip,skip,skip,skip,skip,skip,skip,skip,skip,skip,skip,skip,skip,skip,skip,skip,skip,skip,0.0,caste
351,random3,4,B,B,B,B,B,B,B,B,B,B,B,B,B,B,A,A,B,B,B,B,0.0,caste
351,random3,5,B,A,A,A,A,A,B,B,B,A,A,A,A,A,A,A,A,A,A,A,0.0,caste
351,random3,6,B,B,B,A,A,B,A,A,A,A,A,A,B,B,B,A,B,B,A,A,0.0,caste
352,random3,1,A,B,B,B,B,B,A,B,B,B,B,B,B,B,B,A,A,A,A,B,0.0,caste
352,caste,2,B,B,B,A,A,A,A,A,A,A,A,A,A,A,A,A,A,A,A,A,0.25,caste
352,random3,3,A,A,A,B,B,B,B,B,A,B,B,B,B,B,B,B,B,B,B,B,0.05,caste
352,caste,4,skip,skip,A,B,B,B,B,B,B,B,B,B,B,B,B,B,B,B,B,B,0.0,caste
352,random3,5,A,B,B,A,A,A,A,A,B,B,B,B,B,A,A,A,A,B,A,A,0.0,caste
352,caste,6,skip,skip,skip,skip,skip,skip,skip,skip,skip,skip,skip,skip,skip,skip,skip,skip,skip,skip,skip,skip,0.0,caste
353,random3,1,A,A,A,A,A,A,B,A,A,A,A,A,A,A,A,A,A,A,A,A,0.0,draw
353,caste,2,B,A,B,B,B,B,B,B,B,B,B,B,B,B,B,A,A,A,A,A,0.0,draw
353,random3,3,B,B,B,B,B,B,B,B,B,B,A,A,A,A,A,B,A,B,B,B,0.05,draw
353,caste,4,skip,skip,A,A,A,A,A,A,A,A,A,A,A,A,A,B,B,B,B,B,0.05,draw
353,caste,5,skip,skip,skip,skip,skip,skip,skip,skip,skip,skip,skip,skip,skip,skip,skip,skip,skip,skip,skip,skip,0.0,draw
353,random3,6,A,A,A,A,B,B,B,B,B,B,B,B,B,B,B,A,B,B,B,B,0.0,draw
354,random3,1,B,B,B,B,B,A,B,B,B,B,B,B,A,A,B,B,B,B,B,B,0.0,caste
354,caste,2,B,B,B,B,B,B,B,B,B,B,B,B,B,A,A,A,A,A,B,B,0.05,caste
354,caste,3,skip,A,A,A,A,A,A,A,A,A,A,A,A,B,B,B,B,B,A,A,0.1,caste
354,caste,4,skip,skip,skip,skip,skip,skip,skip,skip,skip,skip,skip,skip,skip,skip,skip,skip,skip,skip,skip,skip,0.0,caste
354,random3,5,A,A,A,A,B,A,A,A,A,A,A,A,A,A,A,A,A,A,A,A,0.0,caste
354,random3,6,A,A,A,B,B,B,B,B,B,B,B,A,A,A,A,B,B,B,B,B,0.0,caste
355,random3,1,A,A,B,B,B,B,A,A,A,A,A,A,A,A,A,A,A,A,A,A,0.05,random3
355,random3,2,B,B,B,A,A,A,A,A,A,A,B,B,B,B,B,A,A,B,B,B,0.1,random3
355,caste,3,skip,skip,skip,A,B,B,B,B,B,B,B,B,B,B,B,B,B,B,B,B,0.05,random3
355,random3,4,A,A,A,A,A,B,B,B,B,B,B,B,A,A,A,A,B,B,B,B,0.05,random3
355,caste,5,skip,skip,skip,skip,A,A,A,A,A,A,A,A,A,A,A,A,A,A,A,A,0.0,random3
355,caste,6,skip,skip,skip,skip,skip,skip,skip,skip,skip,skip,skip,skip,skip,skip,skip,skip,skip,skip,skip,skip,0.0,random3
356,caste,1,A,A,A,A,A,A,A,A,A,A,A,A,A,A,A,A,A,A,A,A,0.15,caste
356,random3,2,A,A,A,A,B,B,B,B,B,A,A,A,A,A,A,A,A,A,A,A,0.0,caste
356,caste,3,skip,B,B,B,B,B,B,B,B,B,B,B,B,B,B,B,B,B,B,B,0.1,caste
356,random3,4,B,B,B,B,B,B,B,B,B,B,B,A,A,A,A,B,B,A,A,B,0.0,caste
356,random3,5,B,B,B,A,A,A,B,B,B,B,B,B,B,A,A,B,B,B,B,B,0.0,caste
356,caste,6,skip,skip,skip,skip,skip,skip,skip,skip,skip,skip,skip,skip,skip,skip,skip,skip,skip,skip,skip,skip,0.0,caste
357,random3,1,B,B,B,A,A,A,B,A,B,B,B,B,B,B,B,B,B,B,B,B,0.05,draw
357,random3,2,A,A,A,A,A,A,B,A,A,A,A,A,A,A,A,A,A,A,A,A,0.0,draw
357,random3,3,A,A,B,B,B,B,B,B,B,B,A,A,A,A,A,A,A,A,A,A,0.0,draw
357,caste,4,skip,B,B,B,B,B,B,A,A,A,B,A,A,A,A,A,A,A,A,A,0.0,draw
357,caste,5,skip,A,A,A,A,A,A,B,B,B,A,B,B,B,B,B,B,B,B,B,0.05,draw
357,caste,6,skip,skip,skip,skip,skip,skip,skip,skip,skip,skip,skip,skip,skip,skip,skip,skip,skip,skip,skip,skip,0.0,draw
358,random3,1,B,B,A,A,A,A,A,A,A,B,B,B,B,B,B,B,B,B,A,A,0.0,caste
358,caste,2,B,A,A,A,A,A,A,B,A,A,A,B,B,B,B,B,B,B,B,B,0.05,caste
358,caste,3,skip,B,B,B,B,B,B,A,B,B,B,A,A,A,A,A,A,A,A,A,0.15,caste
358,random3,4,B,B,B,B,B,B,A,B,B,A,A,A,A,A,A,A,B,B,B,B,0.0,caste
358,random3,5,B,B,A,A,A,A,A,A,A,B,B,B,B,B,B,B,B,B,B,B,0.0,caste
358,caste,6,skip,skip,skip,skip,skip,skip,skip,skip,skip,skip,skip,skip,skip,skip,skip,skip,skip,skip,skip,skip,0.0,caste
359,random3,1,B,B,B,B,B,B,B,B,B,B,B,A,A,A,A,A,A,A,A,A,0.0,caste
359,random3,2,A,A,B,A,A,A,A,A,A,B,A,A,B,B,B,B,B,A,A,A,0.05,caste
359,caste,3,skip,A,B,A,B,B,B,B,B,B,B,B,B,B,B,B,B,B,B,B,0.1,caste
359,caste,4,skip,B,A,B,A,A,A,A,A,A,A,A,A,A,A,A,A,A,A,A,0.05,caste
359,random3,5,B,A,A,A,A,A,B,A,B,B,A,A,A,B,A,A,A,B,B,A,0.0,caste
359,caste,6,skip,skip,skip,skip,skip,skip,skip,skip,skip,skip,skip,skip,skip,skip,skip,skip,skip,skip,skip,skip,0.0,caste
360,caste,1,A,B,B,B,B,B,B,B,B,B,B,B,B,B,B,B,B,B,B,B,0.1,caste
360,caste,2,B,A,A,A,A,A,A,A,A,A,A,A,A,A,A,A,A,A,A,A,0.0,caste
360,random3,3,A,A,A,A,A,A,A,A,A,B,B,B,B,B,B,B,B,B,B,B,0.0,caste
360,caste,4,skip,skip,skip,skip,skip,skip,skip,skip,skip,skip,skip,skip,skip,skip,skip,skip,skip,skip,skip,skip,0.0,caste
360,random3,5,B,B,B,A,A,B,B,B,B,B,B,B,B,B,B,B,A,A,A,B,0.0,caste
360,random3,6,A,A,A,A,A,A,A,A,A,A,A,A,A,A,A,A,A,A,A,A,0.0,caste
361,caste,1,A,A,A,A,A,A,A,A,A,A,A,A,A,A,A,A,A,A,A,A,0.05,caste
361,caste,2,B,B,B,B,B,B,B,B,B,B,B,B,B,B,B,B,B,B,B,B,0.05,caste
361,radicaleq,3,skip,A,A,A,A,A,A,A,A,A,A,A,A,A,A,A,A,A,A,A,0.0,caste
361,radicaleq,4,skip,B,B,B,B,B,B,B,B,B,B,B,B,B,B,B,B,B,B,B,0.0,caste
361,caste,5,skip,skip,skip,skip,skip,skip,skip,skip,skip,skip,skip,skip,skip,skip,skip,skip,skip,skip,skip,skip,0.0,caste
361,radicaleq,6,skip,skip,skip,skip,skip,skip,skip,skip,skip,skip,skip,skip,skip,skip,skip,skip,skip,skip,skip,skip,0.0,caste
362,radicaleq,1,A,skip,skip,skip,skip,skip,skip,skip,skip,skip,skip,skip,skip,skip,skip,skip,skip,skip,skip,skip,0.05,radicaleq
362,radicaleq,2,B,skip,skip,skip,skip,skip,skip,skip,skip,skip,skip,skip,skip,skip,skip,skip,skip,skip,skip,skip,0.05,radicaleq
362,caste,3,skip,skip,A,A,A,A,A,A,A,A,A,A,A,A,A,A,A,A,A,A,0.45,radicaleq
362,caste,4,skip,skip,B,B,B,B,B,B,B,B,B,B,B,B,B,B,B,B,B,B,0.5,radicaleq
362,radicaleq,5,skip,skip,skip,A,B,A,B,A,B,A,B,A,B,A,B,A,B,A,B,A,0.0,radicaleq
362,caste,6,skip,skip,skip,skip,skip,skip,skip,skip,skip,skip,skip,skip,skip,skip,skip,skip,skip,skip,skip,skip,0.0,radicaleq
363,radicaleq,1,A,skip,skip,skip,skip,skip,skip,skip,skip,B,B,B,B,B,B,B,B,B,B,B,0.05,radicaleq
363,caste,2,B,B,A,A,A,A,A,A,A,A,A,A,A,A,A,A,A,A,A,A,0.95,radicaleq
363,caste,3,skip,skip,B,skip,B,B,skip,skip,B,B,B,B,B,B,B,B,B,B,B,B,0.05,radicaleq
363,radicaleq,4,skip,B,B,B,skip,skip,skip,skip,skip,skip,skip,skip,skip,skip,skip,skip,skip,skip,skip,skip,0.05,radicaleq
363,radicaleq,5,skip,skip,skip,skip,B,B,B,skip,skip,skip,skip,skip,skip,skip,skip,skip,skip,skip,skip,skip,0.05,radicaleq
363,caste,6,skip,skip,skip,skip,skip,skip,skip,skip,skip,skip,skip,skip,skip,skip,skip,skip,skip,skip,skip,skip,0.0,radicaleq
364,radicaleq,1,A,skip,skip,skip,skip,skip,B,B,B,B,B,B,B,B,B,B,B,B,B,B,0.05,radicaleq
364,caste,2,B,B,A,A,A,A,A,A,A,A,A,A,A,A,A,A,A,A,A,A,1.0,radicaleq
364,radicaleq,3,skip,A,skip,skip,skip,skip,skip,skip,skip,skip,skip,skip,skip,skip,skip,skip,skip,skip,skip,skip,0.05,radicaleq
364,caste,4,skip,skip,B,skip,skip,B,B,B,B,B,B,B,B,B,B,B,B,B,B,B,0.05,radicaleq
364,radicaleq,5,skip,skip,B,B,skip,skip,skip,skip,skip,skip,skip,skip,skip,skip,skip,skip,skip,skip,skip,skip,0.05,radicaleq
364,caste,6,skip,skip,skip,skip,skip,skip,skip,skip,skip,skip,skip,skip,skip,skip,skip,skip,skip,skip,skip,skip,0.0,radicaleq
365,caste,1,A,A,A,A,A,A,A,A,A,A,A,A,A,A,A,A,A,A,A,A,0.05,caste
365,caste,2,B,B,B,B,B,B,B,B,B,B,B,B,B,B,B,B,B,B,B,B,0.05,caste
365,radicaleq,3,skip,A,A,A,A,A,A,A,A,A,A,A,A,A,A,A,A,A,A,A,0.0,caste
365,radicaleq,4,skip,B,B,B,B,B,B,B,B,B,B,B,B,B,B,B,B,B,B,B,0.0,caste
365,radicaleq,5,skip,skip,skip,skip,skip,skip,skip,skip,skip,skip,skip,skip,skip,skip,skip,skip,skip,skip,skip,skip,0.0,caste
365,caste,6,skip,skip,skip,skip,skip,skip,skip,skip,skip,skip,skip,skip,skip,skip,skip,skip,skip,skip,skip,skip,0.0,caste
366,radicaleq,1,A,skip,skip,skip,skip,skip,skip,skip,skip,skip,skip,skip,skip,skip,skip,skip,skip,skip,skip,skip,0.05,radicaleq
366,caste,2,B,B,A,A,A,A,A,A,A,A,A,A,A,A,A,A,A,A,A,A,0.95,radicaleq
366,caste,3,skip,skip,B,skip,B,B,B,B,B,B,B,B,B,B,B,B,B,B,B,B,0.05,radicaleq
366,radicaleq,4,skip,B,B,B,skip,skip,skip,skip,skip,skip,skip,skip,skip,skip,skip,skip,skip,skip,skip,skip,0.05,radicaleq
366,caste,5,skip,skip,skip,skip,skip,skip,skip,skip,skip,skip,skip,skip,skip,skip,skip,skip,skip,skip,skip,skip,0.0,radicaleq
366,radicaleq,6,skip,skip,skip,skip,skip,B,B,B,B,B,B,B,B,B,B,B,B,B,B,B,0.0,radicaleq
367,radicaleq,1,A,skip,skip,skip,skip,skip,skip,skip,skip,skip,skip,skip,skip,skip,skip,skip,skip,skip,skip,skip,0.05,radicaleq
367,caste,2,B,B,A,skip,skip,B,B,A,A,B,B,A,A,B,B,A,A,B,B,A,0.45,radicaleq
367,radicaleq,3,skip,A,skip,skip,skip,skip,skip,skip,skip,skip,skip,skip,skip,skip,skip,skip,skip,skip,skip,skip,0.05,radicaleq
367,radicaleq,4,skip,B,A,A,B,A,B,B,A,A,B,B,A,A,B,B,A,A,B,B,0.0,radicaleq
367,caste,5,skip,skip,B,A,B,A,A,B,B,A,A,B,B,A,A,B,B,A,A,B,0.4,radicaleq
367,caste,6,skip,skip,skip,skip,skip,skip,skip,skip,skip,skip,skip,skip,skip,skip,skip,skip,skip,skip,skip,skip,0.0,radicaleq
368,caste,1,A,A,A,A,A,A,A,A,A,A,A,A,A,A,A,A,A,A,A,A,1.0,radicaleq
368,radicaleq,2,B,skip,skip,skip,skip,skip,B,B,B,B,B,B,B,B,B,B,B,B,B,B,0.05,radicaleq
368,caste,3,skip,skip,B,skip,skip,B,B,B,B,B,B,B,B,B,B,B,B,B,B,B,0.05,radicaleq
368,radicaleq,4,skip,B,skip,skip,skip,skip,skip,skip,skip,skip,skip,skip,skip,skip,skip,skip,skip,skip,skip,skip,0.05,radicaleq
368,radicaleq,5,skip,skip,B,B,skip,skip,skip,skip,skip,skip,skip,skip,skip,skip,skip,skip,skip,skip,skip,skip,0.05,radicaleq
368,caste,6,skip,skip,skip,skip,skip,skip,skip,skip,skip,skip,skip,skip,skip,skip,skip,skip,skip,skip,skip,skip,0.0,radicaleq
369,caste,1,A,A,B,A,A,A,A,A,A,A,A,A,A,A,A,A,A,B,B,A,0.05,radicaleq
369,radicaleq,2,B,skip,skip,skip,skip,skip,skip,skip,skip,skip,skip,skip,skip,skip,skip,skip,skip,skip,skip,skip,0.05,radicaleq
369,radicaleq,3,skip,A,B,B,B,B,B,B,B,B,B,B,B,B,B,B,B,B,B,A,0.0,radicaleq
369,caste,4,skip,skip,A,B,B,B,B,B,B,B,B,B,B,B,B,B,B,A,skip,B,0.1,radicaleq
369,radicaleq,5,skip,skip,skip,A,A,A,A,A,A,A,A,A,A,A,A,A,A,A,A,skip,0.05,radicaleq
369,caste,6,skip,skip,skip,skip,skip,skip,skip,skip,skip,skip,skip,skip,skip,skip,skip,skip,skip,skip,skip,skip,0.0,radicaleq
370,caste,1,A,A,B,B,B,B,B,B,B,B,B,B,B,B,B,B,B,B,B,B,1.0,radicaleq
370,radicaleq,2,B,skip,skip,skip,skip,skip,skip,skip,skip,skip,skip,skip,skip,skip,skip,skip,skip,skip,skip,skip,0.05,radicaleq
370,caste,3,skip,skip,A,A,A,A,A,A,A,A,A,A,A,A,A,A,A,A,A,A,0.05,radicaleq
370,caste,4,skip,skip,skip,skip,skip,skip,skip,skip,skip,skip,skip,skip,skip,skip,skip,skip,skip,skip,skip,skip,0.0,radicaleq
370,radicaleq,5,skip,skip,skip,A,A,A,A,A,A,A,A,A,A,A,A,A,A,A,A,A,0.0,radicaleq
370,radicaleq,6,skip,skip,skip,skip,skip,skip,skip,skip,skip,skip,skip,skip,skip,skip,skip,skip,skip,skip,skip,skip,0.0,radicaleq
371,radicaleq,1,A,skip,skip,skip,skip,skip,skip,skip,skip,skip,skip,skip,skip,skip,skip,skip,skip,skip,skip,skip,0.05,radicaleq
371,caste,2,B,B,A,A,A,A,A,A,A,A,A,A,A,A,A,A,A,A,A,A,1.0,radicaleq
371,radicaleq,3,skip,A,skip,skip,skip,skip,skip,skip,skip,skip,skip,skip,skip,skip,skip,skip,skip,skip,skip,skip,0.05,radicaleq
371,caste,4,skip,skip,B,B,B,B,B,B,B,B,B,B,B,B,B,B,B,B,B,B,0.05,radicaleq
371,caste,5,skip,skip,skip,skip,skip,skip,skip,skip,skip,skip,skip,skip,skip,skip,skip,skip,skip,skip,skip,skip,0.0,radicaleq
371,radicaleq,6,skip,skip,skip,B,B,B,B,B,B,B,B,B,B,B,B,B,B,B,B,B,0.0,radicaleq
372,radicaleq,1,A,skip,skip,B,B,B,B,B,B,B,B,B,B,B,B,B,B,B,B,B,0.05,radicaleq
372,radicaleq,2,B,skip,skip,skip,skip,skip,skip,skip,skip,skip,skip,skip,skip,skip,skip,skip,skip,skip,skip,skip,0.05,radicaleq
372,caste,3,skip,skip,A,A,A,A,A,A,A,A,A,A,A,A,A,A,A,A,A,A,0.9,radicaleq
372,radicaleq,4,skip,B,skip,skip,skip,skip,skip,skip,skip,skip,skip,skip,skip,skip,skip,skip,skip,skip,skip,skip,0.05,radicaleq
372,caste,5,skip,skip,B,B,B,B,B,B,B,B,B,B,B,B,B,B,B,B,B,B,0.05,radicaleq
372,caste,6,skip,skip,skip,skip,skip,skip,skip,skip,skip,skip,skip,skip,skip,skip,skip,skip,skip,skip,skip,skip,0.0,radicaleq
373,caste,1,A,A,A,A,A,A,A,A,A,A,A,A,A,A,A,A,A,A,A,A,1.0,radicaleq
373,radicaleq,2,B,skip,skip,skip,skip,skip,skip,skip,skip,skip,skip,skip,skip,skip,skip,skip,skip,skip,skip,skip,0.05,radicaleq
373,caste,3,skip,skip,B,B,B,B,B,B,B,B,B,B,B,B,B,B,B,B,B,B,0.05,radicaleq
373,radicaleq,4,skip,B,skip,skip,skip,skip,skip,skip,skip,skip,skip,skip,skip,skip,skip,skip,skip,skip,skip,skip,0.05,radicaleq
373,caste,5,skip,skip,skip,skip,skip,skip,skip,skip,skip,skip,skip,skip,skip,skip,skip,skip,skip,skip,skip,skip,0.0,radicaleq
373,radicaleq,6,skip,skip,skip,B,B,B,B,B,B,B,B,B,B,B,B,B,B,B,B,B,0.0,radicaleq
374,radicaleq,1,A,skip,skip,skip,skip,skip,skip,skip,skip,skip,skip,skip,skip,skip,skip,skip,skip,skip,skip,skip,0.05,radicaleq
374,caste,2,B,B,A,A,A,A,A,A,A,A,A,A,A,A,A,A,A,A,A,A,1.0,radicaleq
374,caste,3,skip,skip,B,B,B,B,B,B,B,B,B,B,B,B,B,B,B,B,B,B,0.05,radicaleq
374,caste,4,skip,skip,skip,skip,skip,skip,skip,skip,skip,skip,skip,skip,skip,skip,skip,skip,skip,skip,skip,skip,0.0,radicaleq
374,radicaleq,5,skip,skip,skip,B,B,B,B,B,B,B,B,B,B,B,B,B,B,B,B,B,0.0,radicaleq
374,radicaleq,6,skip,skip,skip,skip,skip,skip,skip,skip,skip,skip,skip,skip,skip,skip,skip,skip,skip,skip,skip,skip,0.0,radicaleq
375,caste,1,A,A,B,skip,A,B,A,A,B,B,A,A,B,B,A,A,B,B,A,A,0.45,radicaleq
375,radicaleq,2,B,skip,skip,skip,skip,skip,skip,skip,skip,skip,skip,skip,skip,skip,skip,skip,skip,skip,skip,skip,0.05,radicaleq
375,radicaleq,3,skip,A,B,A,B,B,B,A,A,B,B,A,A,B,B,A,A,B,B,A,0.0,radicaleq
375,radicaleq,4,skip,B,skip,skip,skip,skip,skip,skip,skip,skip,skip,skip,skip,skip,skip,skip,skip,skip,skip,skip,0.05,radicaleq
375,caste,5,skip,skip,A,A,B,A,B,B,A,A,B,B,A,A,B,B,A,A,B,B,0.45,radicaleq
375,caste,6,skip,skip,skip,skip,skip,skip,skip,skip,skip,skip,skip,skip,skip,skip,skip,skip,skip,skip,skip,skip,0.0,radicaleq
376,caste,1,A,A,B,A,A,A,A,A,A,A,A,A,A,A,A,A,A,A,A,A,0.5,radicaleq
376,radicaleq,2,B,skip,skip,skip,skip,skip,skip,skip,skip,skip,skip,skip,skip,skip,skip,skip,skip,skip,skip,skip,0.05,radicaleq
376,radicaleq,3,skip,A,B,B,A,B,A,B,A,B,A,B,A,B,A,B,A,B,A,B,0.0,radicaleq
376,caste,4,skip,skip,A,B,B,B,B,B,B,B,B,B,B,B,B,B,B,B,B,B,0.45,radicaleq
376,caste,5,skip,skip,skip,skip,skip,skip,skip,skip,skip,skip,skip,skip,skip,skip,skip,skip,skip,skip,skip,skip,0.0,radicaleq
376,radicaleq,6,skip,skip,skip,skip,skip,skip,skip,skip,skip,skip,skip,skip,skip,skip,skip,skip,skip,skip,skip,skip,0.0,radicaleq
377,radicaleq,1,A,skip,skip,skip,skip,skip,skip,skip,skip,skip,skip,skip,skip,skip,skip,skip,skip,skip,skip,skip,0.05,radicaleq
377,radicaleq,2,B,skip,skip,skip,skip,skip,skip,skip,skip,skip,skip,skip,skip,skip,skip,skip,skip,skip,skip,skip,0.05,radicaleq
377,caste,3,skip,skip,A,A,A,A,A,A,A,A,A,A,A,A,A,A,A,A,A,A,0.9,radicaleq
377,caste,4,skip,skip,B,B,B,B,B,B,B,B,B,B,B,B,B,B,B,B,B,B,0.05,radicaleq
377,caste,5,skip,skip,skip,skip,skip,skip,skip,skip,skip,skip,skip,skip,skip,skip,skip,skip,skip,skip,skip,skip,0.0,radicaleq
377,radicaleq,6,skip,skip,skip,B,B,B,B,B,B,B,B,B,B,B,B,B,B,B,B,B,0.0,radicaleq
378,caste,1,A,A,A,A,A,A,A,A,A,A,A,A,A,A,A,A,A,A,A,A,0.5,caste
378,caste,2,B,B,B,B,B,B,B,B,B,B,B,B,B,B,B,B,B,B,B,B,0.55,caste
378,radicaleq,3,skip,A,B,A,B,A,B,A,B,A,B,A,B,A,B,A,B,A,B,A,0.0,caste
378,caste,4,skip,skip,skip,skip,skip,skip,skip,skip,skip,skip,skip,skip,skip,skip,skip,skip,skip,skip,skip,skip,0.0,caste
378,radicaleq,5,skip,skip,skip,skip,skip,skip,skip,skip,skip,skip,skip,skip,skip,skip,skip,skip,skip,skip,skip,skip,0.0,caste
378,radicaleq,6,skip,skip,skip,skip,skip,skip,skip,skip,skip,skip,skip,skip,skip,skip,skip,skip,skip,skip,skip,skip,0.0,caste
379,radicaleq,1,A,skip,skip,A,A,A,A,A,A,A,A,A,A,A,A,A,A,A,A,A,0.05,radicaleq
379,radicaleq,2,B,skip,skip,skip,skip,skip,skip,skip,skip,skip,skip,skip,skip,skip,skip,skip,skip,skip,skip,skip,0.05,radicaleq
379,radicaleq,3,skip,A,skip,skip,skip,skip,skip,skip,skip,skip,skip,skip,skip,skip,skip,skip,skip,skip,skip,skip,0.05,radicaleq
379,caste,4,skip,skip,B,B,B,B,B,B,B,B,B,B,B,B,B,B,B,B,B,B,0.9,radicaleq
379,caste,5,skip,skip,A,A,A,A,A,A,A,A,A,A,A,A,A,A,A,A,A,A,0.05,radicaleq
379,caste,6,skip,skip,skip,skip,skip,skip,skip,skip,skip,skip,skip,skip,skip,skip,skip,skip,skip,skip,skip,skip,0.0,radicaleq
380,caste,1,A,A,A,A,A,A,A,A,A,A,A,A,A,A,A,A,A,A,A,A,1.0,caste
380,caste,2,B,B,B,B,B,B,B,B,B,B,B,B,B,B,B,B,B,B,B,B,0.05,caste
380,caste,3,skip,skip,skip,skip,skip,skip,skip,skip,skip,skip,skip,skip,skip,skip,skip,skip,skip,skip,skip,skip,0.0,caste
380,radicaleq,4,skip,B,B,B,B,B,B,B,B,B,B,B,B,B,B,B,B,B,B,B,0.0,caste
380,radicaleq,5,skip,skip,skip,skip,skip,skip,skip,skip,skip,skip,skip,skip,skip,skip,skip,skip,skip,skip,skip,skip,0.0,caste
380,radicaleq,6,skip,skip,skip,skip,skip,skip,skip,skip,skip,skip,skip,skip,skip,skip,skip,skip,skip,skip,skip,skip,0.0,caste
381,rotate0,1,A,A,A,A,A,A,A,A,A,A,A,A,A,A,A,A,A,A,A,A,0.45,caste
381,caste,2,B,B,B,B,B,B,A,B,B,B,B,B,B,B,B,B,B,B,B,B,0.95,caste
381,rotate0,3,skip,skip,skip,skip,skip,skip,skip,skip,skip,skip,skip,skip,skip,skip,skip,skip,skip,skip,skip,skip,0.0,caste
381,caste,4,skip,skip,skip,skip,skip,skip,skip,skip,A,skip,A,A,skip,A,A,A,skip,skip,skip,skip,0.0,caste
381,caste,5,skip,skip,skip,skip,skip,skip,skip,skip,skip,skip,skip,skip,skip,skip,skip,skip,A,A,A,A,0.0,caste
381,rotate0,6,skip,skip,skip,skip,skip,skip,skip,skip,skip,skip,skip,skip,skip,skip,skip,skip,skip,skip,skip,skip,0.0,caste
382,rotate0,1,A,A,A,A,A,A,A,A,A,A,A,A,A,A,A,A,A,A,A,A,0.35,rotate0
382,rotate0,2,B,B,B,B,B,B,B,B,B,B,B,B,B,B,B,B,B,B,B,B,0.35,rotate0
382,caste,3,skip,skip,skip,skip,skip,skip,skip,A,A,A,A,A,A,A,A,A,A,A,A,A,0.0,rotate0
382,caste,4,skip,skip,skip,skip,skip,skip,skip,B,B,B,B,B,B,B,B,B,B,B,B,B,0.0,rotate0
382,caste,5,skip,skip,skip,skip,skip,skip,skip,skip,skip,skip,skip,skip,skip,skip,skip,skip,skip,skip,skip,skip,0.0,rotate0
382,rotate0,6,skip,skip,skip,skip,skip,skip,skip,skip,skip,skip,skip,skip,skip,skip,skip,skip,skip,skip,skip,skip,0.0,rotate0
383,caste,1,A,A,A,A,A,A,B,A,A,A,A,A,A,A,A,A,A,A,A,A,0.95,caste
383,rotate0,2,B,B,B,B,B,B,B,B,B,B,B,B,B,B,B,B,B,B,B,B,0.4,caste
383,caste,3,skip,skip,skip,skip,skip,skip,skip,B,B,B,B,B,B,B,B,B,B,skip,skip,skip,0.0,caste
383,caste,4,skip,skip,skip,skip,skip,skip,skip,skip,skip,skip,skip,skip,skip,skip,skip,skip,skip,B,skip,skip,0.0,caste
383,rotate0,5,skip,skip,skip,skip,skip,skip,skip,skip,skip,skip,skip,skip,skip,skip,skip,skip,skip,skip,skip,skip,0.0,caste
383,rotate0,6,skip,skip,skip,skip,skip,skip,skip,skip,skip,skip,skip,skip,skip,skip,skip,skip,skip,skip,skip,skip,0.0,caste
384,caste,1,A,A,A,A,A,A,B,B,B,B,B,B,B,A,B,A,B,A,B,A,1.0,caste
384,caste,2,B,B,B,B,B,B,A,A,A,A,A,A,A,B,A,B,A,B,A,B,1.0,caste
384,rotate0,3,skip,skip,skip,skip,skip,skip,skip,skip,skip,skip,skip,skip,skip,skip,skip,skip,skip,skip,skip,skip,0.0,caste
384,rotate0,4,skip,skip,skip,skip,skip,skip,skip,skip,skip,skip,skip,skip,skip,skip,skip,skip,skip,skip,skip,skip,0.0,caste
384,caste,5,skip,skip,skip,skip,skip,skip,skip,skip,skip,skip,skip,skip,skip,skip,skip,skip,skip,skip,skip,skip,0.0,caste
384,rotate0,6,skip,skip,skip,skip,skip,skip,skip,skip,skip,skip,skip,skip,skip,skip,skip,skip,skip,skip,skip,skip,0.0,caste
385,caste,1,A,A,A,A,A,A,B,A,A,A,A,A,A,A,A,A,A,A,A,A,0.95,caste
385,rotate0,2,B,B,B,B,B,B,B,B,B,B,B,B,B,B,B,B,B,B,B,B,0.55,caste
385,rotate0,3,skip,skip,skip,skip,skip,skip,skip,skip,skip,skip,skip,skip,skip,skip,skip,skip,skip,skip,skip,skip,0.0,caste
385,caste,4,skip,skip,skip,skip,skip,skip,skip,skip,B,skip,B,B,skip,B,B,B,skip,skip,skip,skip,0.0,caste
385,rotate0,5,skip,skip,skip,skip,skip,skip,skip,skip,skip,skip,skip,skip,skip,skip,skip,skip,skip,skip,skip,skip,0.0,caste
385,caste,6,skip,skip,skip,skip,skip,skip,skip,skip,skip,skip,skip,skip,skip,skip,skip,skip,skip,B,skip,B,0.0,caste
386,rotate0,1,A,A,A,A,A,A,A,A,A,A,A,A,A,A,A,A,A,A,A,A,0.35,caste
386,caste,2,B,B,B,B,B,B,A,B,B,B,B,B,B,B,B,B,B,B,B,B,0.95,caste
386,caste,3,skip,skip,skip,skip,skip,skip,skip,A,A,A,A,A,A,A,A,A,A,skip,skip,skip,0.0,caste
386,rotate0,4,skip,skip,skip,skip,skip,skip,skip,skip,skip,skip,skip,skip,skip,skip,skip,skip,skip,skip,skip,skip,0.0,caste
386,caste,5,skip,skip,skip,skip,skip,skip,skip,skip,skip,skip,skip,skip,skip,skip,skip,skip,skip,skip,A,A,0.0,caste
386,rotate0,6,skip,skip,skip,skip,skip,skip,skip,skip,skip,skip,skip,skip,skip,skip,skip,skip,skip,skip,skip,skip,0.0,caste
387,rotate0,1,A,A,A,A,A,A,A,A,A,A,A,A,A,A,A,A,A,A,A,A,0.45,rotate0
387,rotate0,2,B,B,B,B,B,B,B,B,B,B,B,B,B,B,B,B,B,B,B,B,0.5,rotate0
387,caste,3,skip,skip,skip,skip,skip,skip,skip,A,B,B,A,A,A,B,B,B,A,A,A,B,0.0,rotate0
387,rotate0,4,skip,skip,skip,skip,skip,skip,skip,skip,skip,skip,skip,skip,skip,skip,skip,skip,skip,skip,skip,skip,0.0,rotate0
387,caste,5,skip,skip,skip,skip,skip,skip,skip,skip,A,skip,B,B,skip,A,A,skip,B,B,skip,A,0.0,rotate0
387,caste,6,skip,skip,skip,skip,skip,skip,skip,skip,skip,skip,skip,skip,skip,skip,skip,skip,skip,skip,skip,skip,0.0,rotate0
388,caste,1,A,A,A,A,A,A,B,A,A,A,A,A,A,A,A,A,A,A,A,A,0.95,caste
388,rotate0,2,B,B,B,B,B,B,B,B,B,B,B,B,B,B,B,B,B,B,B,B,0.35,caste
388,caste,3,skip,skip,skip,skip,skip,skip,skip,B,B,B,B,B,B,B,B,B,B,skip,skip,skip,0.0,caste
388,rotate0,4,skip,skip,skip,skip,skip,skip,skip,skip,skip,skip,skip,skip,skip,skip,skip,skip,skip,skip,skip,skip,0.0,caste
388,caste,5,skip,skip,skip,skip,skip,skip,skip,skip,skip,skip,skip,skip,skip,skip,skip,skip,skip,skip,B,B,0.0,caste
388,rotate0,6,skip,skip,skip,skip,skip,skip,skip,skip,skip,skip,skip,skip,skip,skip,skip,skip,skip,skip,skip,skip,0.0,caste
389,rotate0,1,A,A,A,A,A,A,A,A,A,A,A,A,A,A,A,A,A,A,A,A,0.35,rotate0
389,rotate0,2,B,B,B,B,B,B,B,B,B,B,B,B,B,B,B,B,B,B,B,B,0.35,rotate0
389,caste,3,skip,skip,skip,skip,skip,skip,skip,A,A,A,A,A,A,A,A,A,A,A,A,A,0.0,rotate0
389,caste,4,skip,skip,skip,skip,skip,skip,skip,B,B,B,B,B,B,B,B,B,B,B,B,B,0.0,rotate0
389,rotate0,5,skip,skip,skip,skip,skip,skip,skip,skip,skip,skip,skip,skip,skip,skip,skip,skip,skip,skip,skip,skip,0.0,rotate0
389,caste,6,skip,skip,skip,skip,skip,skip,skip,skip,skip,skip,skip,skip,skip,skip,skip,skip,skip,skip,skip,skip,0.0,rotate0
390,rotate0,1,A,A,A,A,A,A,A,A,A,A,A,A,A,A,A,A,A,A,A,A,0.6,rotate0
390,rotate0,2,B,B,B,B,B,B,B,B,B,B,B,B,B,B,B,B,B,B,B,B,0.35,rotate0
390,rotate0,3,skip,skip,skip,skip,skip,skip,skip,skip,skip,skip,skip,skip,skip,skip,skip,skip,skip,skip,skip,skip,0.0,rotate0
390,caste,4,skip,skip,skip,skip,skip,skip,skip,B,A,B,A,A,B,A,A,B,A,A,B,A,0.0,rotate0
390,caste,5,skip,skip,skip,skip,skip,skip,skip,skip,B,skip,B,B,skip,B,B,skip,B,B,skip,B,0.0,rotate0
390,caste,6,skip,skip,skip,skip,skip,skip,skip,skip,skip,skip,skip,skip,skip,skip,skip,skip,skip,skip,skip,skip,0.0,rotate0
391,caste,1,A,A,A,A,A,A,B,A,A,A,A,A,A,A,A,A,A,A,A,A,0.95,caste
391,rotate0,2,B,B,B,B,B,B,B,B,B,B,B,B,B,B,B,B,B,B,B,B,0.5,caste
391,rotate0,3,skip,skip,skip,skip,skip,skip,skip,skip,skip,skip,skip,skip,skip,skip,skip,skip,skip,skip,skip,skip,0.0,caste
391,rotate0,4,skip,skip,skip,skip,skip,skip,skip,skip,skip,skip,skip,skip,skip,skip,skip,skip,skip,skip,skip,skip,0.0,caste
391,caste,5,skip,skip,skip,skip,skip,skip,skip,skip,skip,skip,skip,B,B,B,B,B,B,B,B,B,0.0,caste
391,caste,6,skip,skip,skip,skip,skip,skip,skip,skip,skip,skip,skip,skip,skip,skip,skip,skip,skip,skip,skip,skip,0.0,caste
392,caste,1,A,A,A,A,A,A,B,A,A,A,A,A,A,A,A,A,A,A,A,A,0.95,caste
392,rotate0,2,B,B,B,B,B,B,B,B,B,B,B,B,B,B,B,B,B,B,B,B,0.4,caste
392,caste,3,skip,skip,skip,skip,skip,skip,skip,B,B,B,B,B,B,B,B,B,B,skip,skip,skip,0.0,caste
392,rotate0,4,skip,skip,skip,skip,skip,skip,skip,skip,skip,skip,skip,skip,skip,skip,skip,skip,skip,skip,skip,skip,0.0,caste
392,rotate0,5,skip,skip,skip,skip,skip,skip,skip,skip,skip,skip,skip,skip,skip,skip,skip,skip,skip,skip,skip,skip,0.0,caste
392,caste,6,skip,skip,skip,skip,skip,skip,skip,skip,skip,skip,skip,skip,skip,skip,skip,skip,skip,skip,skip,B,0.0,caste
393,rotate0,1,A,A,A,A,A,A,A,A,A,A,A,A,A,A,A,A,A,A,A,A,0.4,caste
393,caste,2,B,B,B,B,B,B,A,B,B,B,B,B,B,B,B,B,B,B,B,B,0.95,caste
393,caste,3,skip,skip,skip,skip,skip,skip,skip,A,A,A,A,A,A,A,A,A,A,skip,skip,skip,0.0,caste
393,rotate0,4,skip,skip,skip,skip,skip,skip,skip,skip,skip,skip,skip,skip,skip,skip,skip,skip,skip,skip,skip,skip,0.0,caste
393,rotate0,5,skip,skip,skip,skip,skip,skip,skip,skip,skip,skip,skip,skip,skip,skip,skip,skip,skip,skip,skip,skip,0.0,caste
393,caste,6,skip,skip,skip,skip,skip,skip,skip,skip,skip,skip,skip,skip,skip,skip,skip,skip,skip,skip,skip,A,0.0,caste
394,rotate0,1,A,A,A,A,A,A,A,A,A,A,A,A,A,A,A,A,A,A,A,A,0.5,caste
394,caste,2,B,B,B,B,B,B,A,B,B,B,B,B,B,B,B,B,B,B,B,B,0.95,caste
394,rotate0,3,skip,skip,skip,skip,skip,skip,skip,skip,skip,skip,skip,skip,skip,skip,skip,skip,skip,skip,skip,skip,0.0,caste
394,rotate0,4,skip,skip,skip,skip,skip,skip,skip,skip,skip,skip,skip,skip,skip,skip,skip,skip,skip,skip,skip,skip,0.0,caste
394,caste,5,skip,skip,skip,skip,skip,skip,skip,skip,skip,skip,skip,A,A,A,A,A,A,A,A,A,0.0,caste
394,caste,6,skip,skip,skip,skip,skip,skip,skip,skip,skip,skip,skip,skip,skip,skip,skip,skip,skip,skip,skip,skip,0.0,caste
395,caste,1,A,A,A,A,A,A,B,B,B,B,B,B,B,A,B,A,B,A,B,A,1.0,caste
395,caste,2,B,B,B,B,B,B,A,A,A,A,A,A,A,B,A,B,A,B,A,B,1.0,caste
395,rotate0,3,skip,skip,skip,skip,skip,skip,skip,skip,skip,skip,skip,skip,skip,skip,skip,skip,skip,skip,skip,skip,0.0,caste
395,caste,4,skip,skip,skip,skip,skip,skip,skip,skip,skip,skip,skip,skip,skip,skip,skip,skip,skip,skip,skip,skip,0.0,caste
395,rotate0,5,skip,skip,skip,skip,skip,skip,skip,skip,skip,skip,skip,skip,skip,skip,skip,skip,skip,skip,skip,skip,0.0,caste
395,rotate0,6,skip,skip,skip,skip,skip,skip,skip,skip,skip,skip,skip,skip,skip,skip,skip,skip,skip,skip,skip,skip,0.0,caste
396,rotate0,1,A,A,A,A,A,A,A,A,A,A,A,A,A,A,A,A,A,A,A,A,0.4,caste
396,caste,2,B,B,B,B,B,B,A,B,B,B,B,B,B,B,B,B,B,B,B,B,0.95,caste
396,caste,3,skip,skip,skip,skip,skip,skip,skip,A,A,A,A,A,A,A,A,A,A,skip,skip,skip,0.0,caste
396,caste,4,skip,skip,skip,skip,skip,skip,skip,skip,skip,skip,skip,skip,skip,skip,skip,skip,skip,A,skip,skip,0.0,caste
396,rotate0,5,skip,skip,skip,skip,skip,skip,skip,skip,skip,skip,skip,skip,skip,skip,skip,skip,skip,skip,skip,skip,0.0,caste
396,rotate0,6,skip,skip,skip,skip,skip,skip,skip,skip,skip,skip,skip,skip,skip,skip,skip,skip,skip,skip,skip,skip,0.0,caste
397,caste,1,A,A,A,A,A,A,B,A,A,A,A,A,A,A,A,A,A,A,A,A,0.95,caste
397,rotate0,2,B,B,B,B,B,B,B,B,B,B,B,B,B,B,B,B,B,B,B,B,0.45,caste
397,rotate0,3,skip,skip,skip,skip,skip,skip,skip,skip,skip,skip,skip,skip,skip,skip,skip,skip,skip,skip,skip,skip,0.0,caste
397,caste,4,skip,skip,skip,skip,skip,skip,skip,skip,B,skip,B,B,skip,B,B,B,skip,skip,skip,skip,0.0,caste
397,caste,5,skip,skip,skip,skip,skip,skip,skip,skip,skip,skip,skip,skip,skip,skip,skip,skip,B,B,B,B,0.0,caste
397,rotate0,6,skip,skip,skip,skip,skip,skip,skip,skip,skip,skip,skip,skip,skip,skip,skip,skip,skip,skip,skip,skip,0.0,caste
398,caste,1,A,A,A,A,A,A,B,B,B,B,B,B,B,A,B,A,B,A,B,A,1.0,caste
398,caste,2,B,B,B,B,B,B,A,A,A,A,A,A,A,B,A,B,A,B,A,B,1.0,caste
398,rotate0,3,skip,skip,skip,skip,skip,skip,skip,skip,skip,skip,skip,skip,skip,skip,skip,skip,skip,skip,skip,skip,0.0,caste
398,rotate0,4,skip,skip,skip,skip,skip,skip,skip,skip,skip,skip,skip,skip,skip,skip,skip,skip,skip,skip,skip,skip,0.0,caste
398,rotate0,5,skip,skip,skip,skip,skip,skip,skip,skip,skip,skip,skip,skip,skip,skip,skip,skip,skip,skip,skip,skip,0.0,caste
398,caste,6,skip,skip,skip,skip,skip,skip,skip,skip,skip,skip,skip,skip,skip,skip,skip,skip,skip,skip,skip,skip,0.0,caste
399,rotate0,1,A,A,A,A,A,A,A,A,A,A,A,A,A,A,A,A,A,A,A,A,0.55,caste
399,caste,2,B,B,B,B,B,B,A,B,B,B,B,B,B,B,B,B,B,B,B,B,0.95,caste
399,rotate0,3,skip,skip,skip,skip,skip,skip,skip,skip,skip,skip,skip,skip,skip,skip,skip,skip,skip,skip,skip,skip,0.0,caste
399,caste,4,skip,skip,skip,skip,skip,skip,skip,skip,A,skip,A,A,skip,A,A,A,skip,skip,skip,skip,0.0,caste
399,rotate0,5,skip,skip,skip,skip,skip,skip,skip,skip,skip,skip,skip,skip,skip,skip,skip,skip,skip,skip,skip,skip,0.0,caste
399,caste,6,skip,skip,skip,skip,skip,skip,skip,skip,skip,skip,skip,skip,skip,skip,skip,skip,skip,A,skip,A,0.0,caste
400,caste,1,A,A,A,A,A,A,B,B,B,B,B,B,B,A,B,A,B,A,B,A,1.0,caste
400,caste,2,B,B,B,B,B,B,A,A,A,A,A,A,A,B,A,B,A,B,A,B,1.0,caste
400,caste,3,skip,skip,skip,skip,skip,skip,skip,skip,skip,skip,skip,skip,skip,skip,skip,skip,skip,skip,skip,skip,0.0,caste
400,rotate0,4,skip,skip,skip,skip,skip,skip,skip,skip,skip,skip,skip,skip,skip,skip,skip,skip,skip,skip,skip,skip,0.0,caste
400,rotate0,5,skip,skip,skip,skip,skip,skip,skip,skip,skip,skip,skip,skip,skip,skip,skip,skip,skip,skip,skip,skip,0.0,caste
400,rotate0,6,skip,skip,skip,skip,skip,skip,skip,skip,skip,skip,skip,skip,skip,skip,skip,skip,skip,skip,skip,skip,0.0,caste
401,caste,1,A,A,A,A,A,A,B,B,B,B,B,B,B,A,B,A,B,A,B,A,1.0,draw
401,caste,2,B,B,B,B,B,B,A,A,A,A,A,A,A,B,A,B,A,B,A,B,1.0,draw
401,caste,3,skip,skip,skip,skip,skip,skip,skip,skip,skip,skip,skip,skip,skip,skip,skip,skip,skip,skip,skip,skip,0.0,draw
401,caste,4,skip,skip,skip,skip,skip,skip,skip,skip,skip,skip,skip,skip,skip,skip,skip,skip,skip,skip,skip,skip,0.0,draw
401,caste,5,skip,skip,skip,skip,skip,skip,skip,skip,skip,skip,skip,skip,skip,skip,skip,skip,skip,skip,skip,skip,0.0,draw
401,caste,6,skip,skip,skip,skip,skip,skip,skip,skip,skip,skip,skip,skip,skip,skip,skip,skip,skip,skip,skip,skip,0.0,draw
402,caste,1,A,A,A,A,A,A,B,B,B,B,B,B,B,A,B,A,B,A,B,A,1.0,draw
402,caste,2,B,B,B,B,B,B,A,A,A,A,A,A,A,B,A,B,A,B,A,B,1.0,draw
402,caste,3,skip,skip,skip,skip,skip,skip,skip,skip,skip,skip,skip,skip,skip,skip,skip,skip,skip,skip,skip,skip,0.0,draw
402,caste,4,skip,skip,skip,skip,skip,skip,skip,skip,skip,skip,skip,skip,skip,skip,skip,skip,skip,skip,skip,skip,0.0,draw
402,caste,5,skip,skip,skip,skip,skip,skip,skip,skip,skip,skip,skip,skip,skip,skip,skip,skip,skip,skip,skip,skip,0.0,draw
402,caste,6,skip,skip,skip,skip,skip,skip,skip,skip,skip,skip,skip,skip,skip,skip,skip,skip,skip,skip,skip,skip,0.0,draw
403,caste,1,A,A,A,A,A,A,B,B,B,B,B,B,B,A,B,A,B,A,B,A,1.0,draw
403,caste,2,B,B,B,B,B,B,A,A,A,A,A,A,A,B,A,B,A,B,A,B,1.0,draw
403,caste,3,skip,skip,skip,skip,skip,skip,skip,skip,skip,skip,skip,skip,skip,skip,skip,skip,skip,skip,skip,skip,0.0,draw
403,caste,4,skip,skip,skip,skip,skip,skip,skip,skip,skip,skip,skip,skip,skip,skip,skip,skip,skip,skip,skip,skip,0.0,draw
403,caste,5,skip,skip,skip,skip,skip,skip,skip,skip,skip,skip,skip,skip,skip,skip,skip,skip,skip,skip,skip,skip,0.0,draw
403,caste,6,skip,skip,skip,skip,skip,skip,skip,skip,skip,skip,skip,skip,skip,skip,skip,skip,skip,skip,skip,skip,0.0,draw
404,caste,1,A,A,A,A,A,A,B,B,B,B,B,B,B,A,B,A,B,A,B,A,1.0,draw
404,caste,2,B,B,B,B,B,B,A,A,A,A,A,A,A,B,A,B,A,B,A,B,1.0,draw
404,caste,3,skip,skip,skip,skip,skip,skip,skip,skip,skip,skip,skip,skip,skip,skip,skip,skip,skip,skip,skip,skip,0.0,draw
404,caste,4,skip,skip,skip,skip,skip,skip,skip,skip,skip,skip,skip,skip,skip,skip,skip,skip,skip,skip,skip,skip,0.0,draw
404,caste,5,skip,skip,skip,skip,skip,skip,skip,skip,skip,skip,skip,skip,skip,skip,skip,skip,skip,skip,skip,skip,0.0,draw
404,caste,6,skip,skip,skip,skip,skip,skip,skip,skip,skip,skip,skip,skip,skip,skip,skip,skip,skip,skip,skip,skip,0.0,draw
405,caste,1,A,A,A,A,A,A,B,B,B,B,B,B,B,A,B,A,B,A,B,A,1.0,draw
405,caste,2,B,B,B,B,B,B,A,A,A,A,A,A,A,B,A,B,A,B,A,B,1.0,draw
405,caste,3,skip,skip,skip,skip,skip,skip,skip,skip,skip,skip,skip,skip,skip,skip,skip,skip,skip,skip,skip,skip,0.0,draw
405,caste,4,skip,skip,skip,skip,skip,skip,skip,skip,skip,skip,skip,skip,skip,skip,skip,skip,skip,skip,skip,skip,0.0,draw
405,caste,5,skip,skip,skip,skip,skip,skip,skip,skip,skip,skip,skip,skip,skip,skip,skip,skip,skip,skip,skip,skip,0.0,draw
405,caste,6,skip,skip,skip,skip,skip,skip,skip,skip,skip,skip,skip,skip,skip,skip,skip,skip,skip,skip,skip,skip,0.0,draw
406,caste,1,A,A,A,A,A,A,B,B,B,B,B,B,B,A,B,A,B,A,B,A,1.0,draw
406,caste,2,B,B,B,B,B,B,A,A,A,A,A,A,A,B,A,B,A,B,A,B,1.0,draw
406,caste,3,skip,skip,skip,skip,skip,skip,skip,skip,skip,skip,skip,skip,skip,skip,skip,skip,skip,skip,skip,skip,0.0,draw
406,caste,4,skip,skip,skip,skip,skip,skip,skip,skip,skip,skip,skip,skip,skip,skip,skip,skip,skip,skip,skip,skip,0.0,draw
406,caste,5,skip,skip,skip,skip,skip,skip,skip,skip,skip,skip,skip,skip,skip,skip,skip,skip,skip,skip,skip,skip,0.0,draw
406,caste,6,skip,skip,skip,skip,skip,skip,skip,skip,skip,skip,skip,skip,skip,skip,skip,skip,skip,skip,skip,skip,0.0,draw
407,caste,1,A,A,A,A,A,A,B,B,B,B,B,B,B,A,B,A,B,A,B,A,1.0,draw
407,caste,2,B,B,B,B,B,B,A,A,A,A,A,A,A,B,A,B,A,B,A,B,1.0,draw
407,caste,3,skip,skip,skip,skip,skip,skip,skip,skip,skip,skip,skip,skip,skip,skip,skip,skip,skip,skip,skip,skip,0.0,draw
407,caste,4,skip,skip,skip,skip,skip,skip,skip,skip,skip,skip,skip,skip,skip,skip,skip,skip,skip,skip,skip,skip,0.0,draw
407,caste,5,skip,skip,skip,skip,skip,skip,skip,skip,skip,skip,skip,skip,skip,skip,skip,skip,skip,skip,skip,skip,0.0,draw
407,caste,6,skip,skip,skip,skip,skip,skip,skip,skip,skip,skip,skip,skip,skip,skip,skip,skip,skip,skip,skip,skip,0.0,draw
408,caste,1,A,A,A,A,A,A,B,B,B,B,B,B,B,A,B,A,B,A,B,A,1.0,draw
408,caste,2,B,B,B,B,B,B,A,A,A,A,A,A,A,B,A,B,A,B,A,B,1.0,draw
408,caste,3,skip,skip,skip,skip,skip,skip,skip,skip,skip,skip,skip,skip,skip,skip,skip,skip,skip,skip,skip,skip,0.0,draw
408,caste,4,skip,skip,skip,skip,skip,skip,skip,skip,skip,skip,skip,skip,skip,skip,skip,skip,skip,skip,skip,skip,0.0,draw
408,caste,5,skip,skip,skip,skip,skip,skip,skip,skip,skip,skip,skip,skip,skip,skip,skip,skip,skip,skip,skip,skip,0.0,draw
408,caste,6,skip,skip,skip,skip,skip,skip,skip,skip,skip,skip,skip,skip,skip,skip,skip,skip,skip,skip,skip,skip,0.0,draw
409,caste,1,A,A,A,A,A,A,B,B,B,B,B,B,B,A,B,A,B,A,B,A,1.0,draw
409,caste,2,B,B,B,B,B,B,A,A,A,A,A,A,A,B,A,B,A,B,A,B,1.0,draw
409,caste,3,skip,skip,skip,skip,skip,skip,skip,skip,skip,skip,skip,skip,skip,skip,skip,skip,skip,skip,skip,skip,0.0,draw
409,caste,4,skip,skip,skip,skip,skip,skip,skip,skip,skip,skip,skip,skip,skip,skip,skip,skip,skip,skip,skip,skip,0.0,draw
409,caste,5,skip,skip,skip,skip,skip,skip,skip,skip,skip,skip,skip,skip,skip,skip,skip,skip,skip,skip,skip,skip,0.0,draw
409,caste,6,skip,skip,skip,skip,skip,skip,skip,skip,skip,skip,skip,skip,skip,skip,skip,skip,skip,skip,skip,skip,0.0,draw
410,caste,1,A,A,A,A,A,A,B,B,B,B,B,B,B,A,B,A,B,A,B,A,1.0,draw
410,caste,2,B,B,B,B,B,B,A,A,A,A,A,A,A,B,A,B,A,B,A,B,1.0,draw
410,caste,3,skip,skip,skip,skip,skip,skip,skip,skip,skip,skip,skip,skip,skip,skip,skip,skip,skip,skip,skip,skip,0.0,draw
410,caste,4,skip,skip,skip,skip,skip,skip,skip,skip,skip,skip,skip,skip,skip,skip,skip,skip,skip,skip,skip,skip,0.0,draw
410,caste,5,skip,skip,skip,skip,skip,skip,skip,skip,skip,skip,skip,skip,skip,skip,skip,skip,skip,skip,skip,skip,0.0,draw
410,caste,6,skip,skip,skip,skip,skip,skip,skip,skip,skip,skip,skip,skip,skip,skip,skip,skip,skip,skip,skip,skip,0.0,draw
411,caste,1,A,A,A,A,A,A,B,B,B,B,B,B,B,A,B,A,B,A,B,A,1.0,draw
411,caste,2,B,B,B,B,B,B,A,A,A,A,A,A,A,B,A,B,A,B,A,B,1.0,draw
411,caste,3,skip,skip,skip,skip,skip,skip,skip,skip,skip,skip,skip,skip,skip,skip,skip,skip,skip,skip,skip,skip,0.0,draw
411,caste,4,skip,skip,skip,skip,skip,skip,skip,skip,skip,skip,skip,skip,skip,skip,skip,skip,skip,skip,skip,skip,0.0,draw
411,caste,5,skip,skip,skip,skip,skip,skip,skip,skip,skip,skip,skip,skip,skip,skip,skip,skip,skip,skip,skip,skip,0.0,draw
411,caste,6,skip,skip,skip,skip,skip,skip,skip,skip,skip,skip,skip,skip,skip,skip,skip,skip,skip,skip,skip,skip,0.0,draw
412,caste,1,A,A,A,A,A,A,B,B,B,B,B,B,B,A,B,A,B,A,B,A,1.0,draw
412,caste,2,B,B,B,B,B,B,A,A,A,A,A,A,A,B,A,B,A,B,A,B,1.0,draw
412,caste,3,skip,skip,skip,skip,skip,skip,skip,skip,skip,skip,skip,skip,skip,skip,skip,skip,skip,skip,skip,skip,0.0,draw
412,caste,4,skip,skip,skip,skip,skip,skip,skip,skip,skip,skip,skip,skip,skip,skip,skip,skip,skip,skip,skip,skip,0.0,draw
412,caste,5,skip,skip,skip,skip,skip,skip,skip,skip,skip,skip,skip,skip,skip,skip,skip,skip,skip,skip,skip,skip,0.0,draw
412,caste,6,skip,skip,skip,skip,skip,skip,skip,skip,skip,skip,skip,skip,skip,skip,skip,skip,skip,skip,skip,skip,0.0,draw
413,caste,1,A,A,A,A,A,A,B,B,B,B,B,B,B,A,B,A,B,A,B,A,1.0,draw
413,caste,2,B,B,B,B,B,B,A,A,A,A,A,A,A,B,A,B,A,B,A,B,1.0,draw
413,caste,3,skip,skip,skip,skip,skip,skip,skip,skip,skip,skip,skip,skip,skip,skip,skip,skip,skip,skip,skip,skip,0.0,draw
413,caste,4,skip,skip,skip,skip,skip,skip,skip,skip,skip,skip,skip,skip,skip,skip,skip,skip,skip,skip,skip,skip,0.0,draw
413,caste,5,skip,skip,skip,skip,skip,skip,skip,skip,skip,skip,skip,skip,skip,skip,skip,skip,skip,skip,skip,skip,0.0,draw
413,caste,6,skip,skip,skip,skip,skip,skip,skip,skip,skip,skip,skip,skip,skip,skip,skip,skip,skip,skip,skip,skip,0.0,draw
414,caste,1,A,A,A,A,A,A,B,B,B,B,B,B,B,A,B,A,B,A,B,A,1.0,draw
414,caste,2,B,B,B,B,B,B,A,A,A,A,A,A,A,B,A,B,A,B,A,B,1.0,draw
414,caste,3,skip,skip,skip,skip,skip,skip,skip,skip,skip,skip,skip,skip,skip,skip,skip,skip,skip,skip,skip,skip,0.0,draw
414,caste,4,skip,skip,skip,skip,skip,skip,skip,skip,skip,skip,skip,skip,skip,skip,skip,skip,skip,skip,skip,skip,0.0,draw
414,caste,5,skip,skip,skip,skip,skip,skip,skip,skip,skip,skip,skip,skip,skip,skip,skip,skip,skip,skip,skip,skip,0.0,draw
414,caste,6,skip,skip,skip,skip,skip,skip,skip,skip,skip,skip,skip,skip,skip,skip,skip,skip,skip,skip,skip,skip,0.0,draw
415,caste,1,A,A,A,A,A,A,B,B,B,B,B,B,B,A,B,A,B,A,B,A,1.0,draw
415,caste,2,B,B,B,B,B,B,A,A,A,A,A,A,A,B,A,B,A,B,A,B,1.0,draw
415,caste,3,skip,skip,skip,skip,skip,skip,skip,skip,skip,skip,skip,skip,skip,skip,skip,skip,skip,skip,skip,skip,0.0,draw
415,caste,4,skip,skip,skip,skip,skip,skip,skip,skip,skip,skip,skip,skip,skip,skip,skip,skip,skip,skip,skip,skip,0.0,draw
415,caste,5,skip,skip,skip,skip,skip,skip,skip,skip,skip,skip,skip,skip,skip,skip,skip,skip,skip,skip,skip,skip,0.0,draw
415,caste,6,skip,skip,skip,skip,skip,skip,skip,skip,skip,skip,skip,skip,skip,skip,skip,skip,skip,skip,skip,skip,0.0,draw
416,caste,1,A,A,A,A,A,A,B,B,B,B,B,B,B,A,B,A,B,A,B,A,1.0,draw
416,caste,2,B,B,B,B,B,B,A,A,A,A,A,A,A,B,A,B,A,B,A,B,1.0,draw
416,caste,3,skip,skip,skip,skip,skip,skip,skip,skip,skip,skip,skip,skip,skip,skip,skip,skip,skip,skip,skip,skip,0.0,draw
416,caste,4,skip,skip,skip,skip,skip,skip,skip,skip,skip,skip,skip,skip,skip,skip,skip,skip,skip,skip,skip,skip,0.0,draw
416,caste,5,skip,skip,skip,skip,skip,skip,skip,skip,skip,skip,skip,skip,skip,skip,skip,skip,skip,skip,skip,skip,0.0,draw
416,caste,6,skip,skip,skip,skip,skip,skip,skip,skip,skip,skip,skip,skip,skip,skip,skip,skip,skip,skip,skip,skip,0.0,draw
417,caste,1,A,A,A,A,A,A,B,B,B,B,B,B,B,A,B,A,B,A,B,A,1.0,draw
417,caste,2,B,B,B,B,B,B,A,A,A,A,A,A,A,B,A,B,A,B,A,B,1.0,draw
417,caste,3,skip,skip,skip,skip,skip,skip,skip,skip,skip,skip,skip,skip,skip,skip,skip,skip,skip,skip,skip,skip,0.0,draw
417,caste,4,skip,skip,skip,skip,skip,skip,skip,skip,skip,skip,skip,skip,skip,skip,skip,skip,skip,skip,skip,skip,0.0,draw
417,caste,5,skip,skip,skip,skip,skip,skip,skip,skip,skip,skip,skip,skip,skip,skip,skip,skip,skip,skip,skip,skip,0.0,draw
417,caste,6,skip,skip,skip,skip,skip,skip,skip,skip,skip,skip,skip,skip,skip,skip,skip,skip,skip,skip,skip,skip,0.0,draw
418,caste,1,A,A,A,A,A,A,B,B,B,B,B,B,B,A,B,A,B,A,B,A,1.0,draw
418,caste,2,B,B,B,B,B,B,A,A,A,A,A,A,A,B,A,B,A,B,A,B,1.0,draw
418,caste,3,skip,skip,skip,skip,skip,skip,skip,skip,skip,skip,skip,skip,skip,skip,skip,skip,skip,skip,skip,skip,0.0,draw
418,caste,4,skip,skip,skip,skip,skip,skip,skip,skip,skip,skip,skip,skip,skip,skip,skip,skip,skip,skip,skip,skip,0.0,draw
418,caste,5,skip,skip,skip,skip,skip,skip,skip,skip,skip,skip,skip,skip,skip,skip,skip,skip,skip,skip,skip,skip,0.0,draw
418,caste,6,skip,skip,skip,skip,skip,skip,skip,skip,skip,skip,skip,skip,skip,skip,skip,skip,skip,skip,skip,skip,0.0,draw
419,caste,1,A,A,A,A,A,A,B,B,B,B,B,B,B,A,B,A,B,A,B,A,1.0,draw
419,caste,2,B,B,B,B,B,B,A,A,A,A,A,A,A,B,A,B,A,B,A,B,1.0,draw
419,caste,3,skip,skip,skip,skip,skip,skip,skip,skip,skip,skip,skip,skip,skip,skip,skip,skip,skip,skip,skip,skip,0.0,draw
419,caste,4,skip,skip,skip,skip,skip,skip,skip,skip,skip,skip,skip,skip,skip,skip,skip,skip,skip,skip,skip,skip,0.0,draw
419,caste,5,skip,skip,skip,skip,skip,skip,skip,skip,skip,skip,skip,skip,skip,skip,skip,skip,skip,skip,skip,skip,0.0,draw
419,caste,6,skip,skip,skip,skip,skip,skip,skip,skip,skip,skip,skip,skip,skip,skip,skip,skip,skip,skip,skip,skip,0.0,draw
420,caste,1,A,A,A,A,A,A,B,B,B,B,B,B,B,A,B,A,B,A,B,A,1.0,draw
420,caste,2,B,B,B,B,B,B,A,A,A,A,A,A,A,B,A,B,A,B,A,B,1.0,draw
420,caste,3,skip,skip,skip,skip,skip,skip,skip,skip,skip,skip,skip,skip,skip,skip,skip,skip,skip,skip,skip,skip,0.0,draw
420,caste,4,skip,skip,skip,skip,skip,skip,skip,skip,skip,skip,skip,skip,skip,skip,skip,skip,skip,skip,skip,skip,0.0,draw
420,caste,5,skip,skip,skip,skip,skip,skip,skip,skip,skip,skip,skip,skip,skip,skip,skip,skip,skip,skip,skip,skip,0.0,draw
420,caste,6,skip,skip,skip,skip,skip,skip,skip,skip,skip,skip,skip,skip,skip,skip,skip,skip,skip,skip,skip,skip,0.0,draw
421,equalize,1,A,B,B,B,B,B,A,A,skip,skip,A,A,B,B,skip,A,skip,A,A,A,0.2,equalize
421,equalize,2,B,skip,skip,skip,skip,skip,skip,skip,A,B,skip,skip,A,A,B,skip,A,skip,skip,skip,0.2,equalize
421,equalize,3,skip,A,A,A,A,A,B,B,B,A,B,skip,skip,skip,A,B,B,B,B,B,0.15,equalize
421,random,4,A,A,A,B,B,A,A,B,A,A,A,skip,A,skip,A,B,skip,A,A,A,0.0,equalize
421,random,5,skip,A,B,A,A,skip,B,B,skip,A,A,A,B,A,A,skip,B,skip,A,skip,0.0,equalize
421,random,6,A,B,B,A,skip,skip,A,B,skip,skip,skip,skip,A,skip,A,B,B,A,B,B,0.0,equalize
422,random,1,A,A,A,skip,skip,A,B,A,skip,B,B,skip,A,skip,skip,A,skip,skip,skip,skip,0.05,equalize
422,equalize,2,B,A,A,A,skip,skip,B,B,skip,skip,skip,skip,skip,skip,B,B,skip,skip,skip,skip,0.15,equalize
422,equalize,3,skip,B,B,B,A,skip,skip,skip,B,B,B,A,A,A,A,A,B,B,A,B,0.05,equalize
422,equalize,4,skip,skip,skip,skip,B,A,A,A,A,A,A,B,B,B,skip,skip,A,A,skip,A,0.15,equalize
422,random,5,B,B,A,skip,skip,A,A,A,A,A,B,A,B,A,A,skip,A,A,A,B,0.0,equalize
422,random,6,B,B,B,B,B,skip,B,skip,B,B,skip,B,A,skip,B,A,B,B,skip,skip,0.0,equalize
423,random,1,A,B,B,B,B,A,A,A,skip,A,skip,skip,B,B,A,skip,skip,skip,B,A,0.1,equalize
423,equalize,2,B,A,skip,skip,B,B,A,A,A,B,skip,B,B,B,B,B,B,B,skip,B,0.2,equalize
423,equalize,3,skip,B,A,skip,skip,skip,B,B,skip,skip,B,skip,skip,skip,skip,skip,skip,skip,skip,skip,0.15,equalize
423,random,4,B,skip,B,skip,skip,skip,B,A,skip,A,skip,B,skip,B,A,A,B,B,B,skip,0.0,equalize
423,equalize,5,skip,skip,skip,B,A,skip,skip,skip,B,A,A,A,A,A,A,A,A,A,B,A,0.1,equalize
423,random,6,B,B,skip,B,B,B,B,skip,B,skip,A,A,A,A,B,B,A,skip,skip,skip,0.0,equalize
424,equalize,1,A,skip,skip,skip,A,skip,A,A,B,B,B,B,B,B,skip,skip,skip,skip,A,skip,0.25,equalize
424,equalize,2,B,A,A,B,skip,B,skip,skip,A,A,skip,skip,A,A,B,B,B,B,B,B,0.15,equalize
424,random,3,B,skip,skip,skip,B,A,A,skip,A,skip,A,B,A,A,skip,A,B,B,skip,skip,0.05,equalize
424,equalize,4,skip,B,skip,skip,skip,A,B,skip,skip,skip,A,A,skip,skip,A,A,A,A,skip,A,0.25,equalize
424,random,5,skip,A,A,A,skip,skip,skip,A,B,B,A,skip,A,A,B,B,A,B,B,B,0.0,equalize
424,random,6,skip,skip,skip,A,skip,A,A,skip,A,B,B,B,skip,skip,A,A,skip,B,skip,skip,0.0,equalize
425,random,1,skip,A,A,skip,B,A,B,A,skip,skip,skip,skip,B,B,B,A,B,A,A,B,0.0,equalize
425,random,2,A,A,skip,A,skip,skip,A,A,A,B,A,A,A,skip,skip,skip,B,skip,skip,B,0.1,equalize
425,equalize,3,skip,A,B,skip,skip,B,skip,skip,skip,skip,B,skip,skip,skip,A,A,skip,B,skip,skip,0.2,equalize
425,equalize,4,skip,B,A,B,B,A,B,B,B,B,A,A,B,B,B,B,B,A,A,A,0.1,equalize
425,equalize,5,skip,skip,skip,A,A,skip,skip,skip,skip,A,skip,skip,A,A,skip,skip,skip,skip,B,skip,0.15,equalize
425,random,6,B,B,skip,B,B,A,A,B,B,skip,A,B,skip,B,A,skip,B,A,B,B,0.1,equalize
426,random,1,skip,B,B,skip,skip,skip,B,A,B,A,skip,skip,A,B,A,skip,skip,B,B,B,0.05,equalize
426,equalize,2,B,A,A,A,skip,B,skip,skip,skip,skip,skip,B,A,A,A,A,skip,B,B,B,0.15,equalize
426,random,3,skip,skip,A,skip,B,A,B,skip,skip,B,skip,B,A,A,B,skip,B,A,skip,B,0.0,equalize
426,equalize,4,skip,skip,B,B,A,skip,skip,skip,B,A,A,skip,B,B,B,B,A,skip,skip,skip,0.15,equalize
426,random,5,B,A,skip,B,B,skip,A,B,skip,A,B,skip,B,skip,skip,B,B,A,A,A,0.05,equalize
426,equalize,6,skip,skip,skip,skip,B,A,A,A,A,B,B,A,skip,skip,skip,skip,B,A,A,A,0.1,equalize
427,equalize,1,A,skip,skip,B,skip,skip,skip,B,B,skip,A,B,B,B,B,A,A,B,B,B,0.2,equalize
427,random,2,skip,B,A,A,skip,A,skip,skip,A,skip,A,B,A,skip,skip,A,A,A,B,B,0.05,equalize
427,random,3,B,skip,skip,skip,skip,A,B,B,A,A,skip,B,B,B,A,B,skip,B,A,skip,0.05,equalize
427,equalize,4,skip,A,B,skip,A,skip,skip,A,A,B,skip,A,skip,skip,skip,skip,skip,A,A,A,0.2,equalize
427,equalize,5,skip,B,skip,A,B,A,A,skip,skip,A,B,skip,A,A,A,B,B,skip,skip,skip,0.2,equalize
427,random,6,B,A,skip,A,skip,skip,skip,A,A,skip,A,B,skip,A,A,B,skip,A,B,A,0.0,equalize
428,random,1,B,B,skip,skip,B,A,A,B,skip,skip,skip,skip,B,skip,skip,A,B,A,A,B,0.0,equalize
428,equalize,2,B,A,skip,skip,skip,B,skip,skip,skip,skip,skip,skip,B,A,A,B,B,A,A,A,0.15,equalize
428,equalize,3,skip,B,A,A,B,A,A,B,A,A,A,B,skip,B,skip,skip,skip,B,B,B,0.15,equalize
428,random,4,B,B,B,skip,skip,skip,A,B,A,B,A,A,skip,A,skip,B,skip,B,skip,A,0.05,equalize
428,random,5,skip,skip,A,A,B,A,A,A,B,B,B,A,skip,A,B,A,skip,A,B,skip,0.0,equalize
428,equalize,6,skip,skip,skip,B,skip,skip,skip,A,B,B,B,skip,A,skip,B,A,A,skip,skip,skip,0.15,equalize
429,equalize,1,A,B,skip,skip,B,A,A,A,A,B,A,A,A,A,A,A,A,A,A,B,0.05,equalize
429,random,2,A,skip,B,B,B,skip,A,skip,skip,B,skip,B,B,A,skip,skip,B,B,A,A,0.0,equalize
429,equalize,3,skip,A,skip,skip,skip,B,skip,skip,B,skip,skip,B,skip,skip,skip,skip,B,skip,skip,A,0.15,equalize
429,random,4,A,skip,B,B,B,A,skip,A,A,B,A,A,A,B,A,B,A,A,skip,B,0.05,equalize
429,random,5,B,skip,B,B,skip,skip,skip,A,A,skip,skip,skip,B,B,B,A,skip,B,B,A,0.15,equalize
429,equalize,6,skip,skip,skip,B,A,skip,B,skip,skip,skip,B,skip,skip,skip,skip,skip,skip,skip,skip,skip,0.15,equalize
430,equalize,1,A,B,B,A,A,A,B,B,B,B,B,B,B,B,B,A,B,B,A,A,0.15,equalize
430,equalize,2,B,skip,skip,skip,B,B,skip,skip,skip,skip,A,A,skip,skip,skip,skip,skip,skip,skip,skip,0.15,equalize
430,random,3,A,B,A,A,A,A,B,skip,B,B,skip,skip,A,skip,skip,A,skip,A,A,A,0.0,equalize
430,random,4,skip,skip,B,skip,B,skip,A,A,A,B,A,skip,B,B,B,A,A,skip,A,skip,0.0,equalize
430,equalize,5,skip,skip,A,B,skip,skip,A,A,A,A,skip,skip,A,A,A,skip,A,A,B,B,0.15,equalize
430,random,6,skip,A,B,skip,skip,A,A,skip,A,B,A,B,A,A,A,A,B,skip,B,skip,0.05,equalize
431,random,1,skip,A,B,A,skip,A,B,B,B,B,A,skip,B,skip,B,B,A,skip,B,B,0.0,equalize
431,random,2,A,A,skip,A,skip,A,B,B,A,skip,A,A,A,skip,B,B,skip,A,B,skip,0.05,equalize
431,random,3,B,B,skip,B,B,A,A,B,skip,skip,A,skip,A,skip,A,B,skip,B,A,A,0.05,equalize
431,equalize,4,skip,A,B,A,B,A,B,B,A,A,A,B,B,B,B,B,A,B,B,A,0.15,equalize
431,equalize,5,skip,B,A,skip,skip,B,skip,skip,B,B,B,skip,skip,skip,A,A,skip,A,A,B,0.2,equalize
431,equalize,6,skip,skip,skip,B,A,skip,A,A,skip,skip,skip,A,A,A,skip,skip,B,skip,skip,skip,0.2,equalize
432,random,1,A,skip,skip,B,B,skip,B,skip,A,A,B,B,A,B,skip,A,skip,B,A,A,0.05,equalize
432,random,2,B,skip,B,B,skip,A,A,A,skip,A,skip,A,B,skip,B,skip,skip,skip,A,skip,0.05,equalize
432,equalize,3,skip,A,skip,skip,B,B,skip,skip,skip,B,A,A,B,A,skip,skip,skip,B,skip,skip,0.15,equalize
432,random,4,A,B,B,B,A,skip,skip,skip,skip,B,A,B,A,skip,skip,B,A,B,B,B,0.05,equalize
432,equalize,5,skip,skip,B,B,A,A,A,A,A,A,B,B,A,B,A,A,A,A,B,B,0.1,equalize
432,equalize,6,skip,skip,A,skip,skip,skip,B,B,skip,skip,skip,skip,skip,skip,B,B,B,skip,skip,skip,0.15,equalize
433,random,1,skip,A,skip,skip,A,B,B,skip,B,A,skip,A,A,A,skip,skip,A,B,B,B,0.0,equalize
433,random,2,skip,A,A,skip,A,A,A,A,skip,B,A,skip,B,B,B,A,B,B,B,skip,0.0,equalize
433,equalize,3,skip,B,B,B,skip,skip,skip,skip,A,skip,skip,skip,skip,skip,skip,A,B,B,B,B,0.1,equalize
433,equalize,4,skip,A,A,A,A,B,B,B,skip,A,A,A,B,B,B,B,A,A,skip,skip,0.15,equalize
433,random,5,A,B,B,A,B,B,skip,skip,skip,A,B,skip,skip,A,skip,skip,A,B,A,B,0.1,equalize
433,equalize,6,skip,skip,skip,skip,skip,A,A,A,B,B,B,B,A,A,A,skip,skip,skip,A,A,0.15,equalize
434,equalize,1,A,skip,skip,skip,skip,A,A,A,B,B,B,A,A,A,B,skip,B,B,B,B,0.2,equalize
434,random,2,skip,B,A,A,skip,A,A,A,B,B,A,skip,B,A,skip,skip,B,B,B,A,0.0,equalize
434,random,3,skip,A,B,B,skip,skip,A,skip,B,B,skip,B,skip,A,A,skip,B,B,B,skip,0.05,equalize
434,random,4,skip,B,A,A,A,B,B,skip,B,A,skip,A,A,skip,A,skip,A,skip,A,A,0.0,equalize
434,equalize,5,skip,skip,A,B,B,skip,skip,skip,A,skip,skip,skip,skip,skip,A,B,A,A,skip,skip,0.2,equalize
434,equalize,6,skip,skip,B,A,A,B,B,B,skip,A,A,B,B,B,skip,A,skip,skip,A,A,0.15,equalize
435,equalize,1,A,skip,skip,A,A,B,B,B,B,A,B,B,B,B,A,A,A,B,skip,B,0.2,equalize
435,random,2,skip,skip,A,A,A,B,B,B,B,A,A,A,A,skip,B,A,A,A,skip,A,0.1,equalize
435,random,3,skip,skip,B,skip,A,skip,A,skip,skip,B,B,skip,B,A,skip,skip,A,A,skip,A,0.05,equalize
435,equalize,4,skip,A,skip,skip,skip,A,skip,skip,skip,skip,skip,skip,skip,skip,skip,skip,skip,A,B,A,0.15,equalize
435,random,5,skip,skip,B,skip,skip,B,B,A,A,skip,skip,B,B,skip,A,B,A,A,skip,A,0.0,equalize
435,equalize,6,skip,skip,skip,B,skip,skip,A,A,A,skip,skip,A,A,A,B,B,B,skip,A,skip,0.15,equalize
436,equalize,1,A,A,B,A,B,A,A,B,A,A,A,A,A,skip,skip,skip,B,skip,skip,B,0.25,equalize
436,equalize,2,B,B,skip,skip,skip,B,B,skip,B,skip,B,B,B,A,A,A,skip,B,B,skip,0.2,equalize
436,random,3,skip,A,B,skip,B,B,A,skip,skip,A,A,skip,B,A,A,skip,A,skip,skip,skip,0.0,equalize
436,random,4,A,skip,B,B,skip,A,B,B,skip,A,skip,skip,B,B,B,skip,skip,A,A,skip,0.0,equalize
436,random,5,B,A,B,B,skip,skip,skip,B,A,A,B,B,B,A,skip,B,A,B,A,skip,0.0,equalize
436,equalize,6,skip,skip,skip,B,A,skip,skip,skip,skip,B,skip,skip,skip,B,B,B,A,A,A,A,0.15,equalize
437,equalize,1,A,B,skip,skip,skip,B,A,A,B,B,A,A,A,A,A,A,skip,skip,skip,skip,0.15,equalize
437,random,2,skip,skip,skip,A,skip,B,B,skip,skip,A,A,B,A,A,A,B,skip,A,skip,B,0.0,equalize
437,equalize,3,skip,A,A,B,B,A,skip,skip,A,skip,skip,skip,skip,skip,skip,skip,A,A,A,B,0.1,equalize
437,equalize,4,skip,skip,skip,A,A,skip,skip,skip,skip,A,B,B,B,B,B,B,B,B,B,A,0.1,equalize
437,random,5,A,A,B,skip,skip,A,A,A,skip,skip,B,A,A,B,A,skip,A,B,A,skip,0.05,equalize
437,random,6,skip,skip,A,B,skip,skip,B,B,B,A,A,A,B,skip,B,skip,B,A,A,A,0.05,equalize
438,random,1,A,B,B,A,A,B,A,skip,A,A,A,A,B,B,A,skip,A,B,skip,A,0.1,equalize
438,equalize,2,B,skip,skip,skip,B,skip,skip,B,A,A,B,B,B,B,B,B,B,B,A,A,0.15,equalize
438,random,3,skip,B,skip,A,A,B,skip,B,A,B,B,B,B,A,B,B,B,B,skip,A,0.0,equalize
438,equalize,4,skip,B,A,skip,skip,A,skip,skip,B,skip,skip,skip,skip,skip,skip,skip,A,A,skip,skip,0.2,equalize
438,equalize,5,skip,skip,B,B,skip,skip,B,A,skip,B,A,A,A,A,A,A,skip,skip,B,B,0.15,equalize
438,random,6,skip,A,skip,skip,A,skip,B,skip,A,A,A,skip,A,A,skip,skip,B,B,B,B,0.05,equalize
439,random,1,A,B,A,B,B,skip,B,B,B,B,A,skip,skip,B,A,A,A,B,skip,skip,0.0,equalize
439,equalize,2,B,B,A,A,A,A,A,A,B,A,B,skip,B,B,A,B,A,A,B,skip,0.2,equalize
439,random,3,A,B,A,B,skip,A,skip,A,A,B,skip,A,skip,B,A,skip,skip,B,skip,A,0.0,equalize
439,random,4,B,A,B,A,A,A,A,A,B,B,A,skip,B,skip,A,skip,B,A,A,A,0.05,equalize
439,equalize,5,skip,skip,B,B,B,B,skip,skip,skip,skip,skip,B,skip,skip,B,skip,skip,skip,skip,A,0.15,equalize
439,equalize,6,skip,skip,skip,skip,skip,skip,B,B,A,B,A,A,A,A,skip,A,B,B,A,B,0.15,equalize
440,equalize,1,A,skip,B,A,A,B,A,A,A,A,A,A,A,A,A,A,A,A,A,A,0.2,equalize
440,random,2,skip,B,B,skip,A,B,B,A,B,B,skip,B,B,skip,B,A,A,A,skip,skip,0.05,equalize
440,equalize,3,skip,A,skip,B,skip,skip,skip,B,B,B,B,skip,skip,skip,skip,skip,skip,skip,B,B,0.15,equalize
440,random,4,skip,skip,B,skip,skip,B,A,B,B,A,A,B,skip,B,A,B,B,A,B,skip,0.0,equalize
440,equalize,5,skip,skip,A,skip,B,skip,skip,skip,skip,skip,skip,B,B,B,B,B,B,B,skip,skip,0.15,equalize
440,random,6,B,B,skip,A,skip,skip,skip,skip,A,B,skip,A,B,A,B,skip,B,A,skip,B,0.05,equalize
441,rotate,1,A,B,skip,skip,skip,skip,A,B,skip,skip,skip,skip,A,B,skip,skip,skip,skip,A,B,0.25,equalize
441,equalize,2,B,skip,skip,skip,B,B,skip,A,A,skip,skip,skip,skip,A,A,skip,skip,skip,skip,A,0.2,equalize
441,equalize,3,skip,A,B,B,A,skip,skip,B,B,B,skip,skip,skip,B,B,B,skip,skip,skip,B,0.2,equalize
441,rotate,4,skip,skip,skip,A,B,skip,skip,skip,skip,A,B,skip,skip,skip,skip,A,B,skip,skip,skip,0.15,equalize
441,equalize,5,skip,skip,A,skip,skip,skip,B,skip,skip,skip,B,A,skip,skip,skip,skip,B,A,skip,skip,0.2,equalize
441,rotate,6,skip,A,B,skip,skip,skip,skip,A,B,skip,skip,skip,skip,A,B,skip,skip,skip,skip,A,0.0,equalize
442,rotate,1,A,B,skip,skip,skip,skip,A,B,skip,skip,skip,skip,A,B,skip,skip,skip,skip,A,B,0.1,equalize
442,equalize,2,B,skip,skip,skip,B,B,A,A,B,skip,skip,B,A,A,skip,B,skip,skip,skip,B,0.25,equalize
442,rotate,3,skip,skip,skip,skip,A,B,skip,skip,skip,skip,A,B,skip,skip,skip,skip,A,B,skip,skip,0.05,equalize
442,rotate,4,skip,skip,skip,A,B,skip,skip,skip,skip,A,B,skip,skip,skip,skip,A,B,skip,skip,skip,0.15,equalize
442,equalize,5,skip,skip,A,skip,A,A,skip,B,skip,B,skip,skip,B,skip,skip,skip,A,B,A,A,0.25,equalize
442,equalize,6,skip,skip,B,skip,skip,skip,B,skip,skip,skip,B,A,skip,B,B,skip,B,skip,B,skip,0.25,equalize
443,rotate,1,A,B,skip,skip,skip,skip,A,B,skip,skip,skip,skip,A,B,skip,skip,skip,skip,A,B,0.15,equalize
443,equalize,2,B,skip,skip,skip,B,skip,skip,skip,A,skip,skip,skip,A,B,A,skip,B,skip,skip,skip,0.25,equalize
443,rotate,3,skip,skip,skip,skip,A,B,skip,skip,skip,skip,A,B,skip,skip,skip,skip,A,B,skip,skip,0.15,equalize
443,equalize,4,skip,B,A,skip,skip,A,skip,skip,B,B,skip,skip,B,skip,skip,skip,skip,B,A,B,0.2,equalize
443,equalize,5,skip,skip,B,B,skip,B,B,skip,skip,skip,A,A,skip,skip,B,B,skip,skip,B,skip,0.25,equalize
443,rotate,6,skip,A,B,skip,skip,skip,skip,A,B,skip,skip,skip,skip,A,B,skip,skip,skip,skip,A,0.2,equalize
444,equalize,1,A,skip,A,skip,skip,skip,B,A,A,skip,B,skip,skip,skip,B,B,skip,B,skip,B,0.3,equalize
444,rotate,2,B,skip,skip,skip,skip,A,B,skip,skip,skip,skip,A,B,skip,skip,skip,skip,A,B,skip,0.05,equalize
444,rotate,3,skip,skip,skip,skip,A,B,skip,skip,skip,skip,A,B,skip,skip,skip,skip,A,B,skip,skip,0.2,equalize
444,equalize,4,skip,B,skip,skip,B,skip,skip,B,skip,skip,skip,A,B,A,A,skip,B,skip,skip,skip,0.25,equalize
444,equalize,5,skip,skip,B,B,skip,A,A,skip,B,B,skip,B,skip,B,skip,skip,skip,A,B,A,0.2,equalize
444,rotate,6,skip,A,B,skip,skip,skip,skip,A,B,skip,skip,skip,skip,A,B,skip,skip,skip,skip,A,0.05,equalize
445,equalize,1,A,skip,skip,skip,B,A,A,skip,B,skip,skip,B,B,A,skip,B,skip,skip,skip,B,0.3,equalize
445,rotate,2,B,skip,skip,skip,skip,A,B,skip,skip,skip,skip,A,B,skip,skip,skip,skip,A,B,skip,0.05,equalize
445,rotate,3,skip,skip,skip,skip,A,B,skip,skip,skip,skip,A,B,skip,skip,skip,skip,A,B,skip,skip,0.15,equalize
445,rotate,4,skip,skip,skip,A,B,skip,skip,skip,skip,A,B,skip,skip,skip,skip,A,B,skip,skip,skip,0.15,equalize
445,equalize,5,skip,skip,A,skip,skip,B,B,A,skip,B,skip,skip,skip,B,skip,skip,B,A,A,skip,0.25,equalize
445,equalize,6,skip,skip,B,skip,skip,skip,skip,B,skip,skip,B,A,A,skip,B,skip,skip,B,B,A,0.25,equalize
446,equalize,1,A,skip,A,A,skip,A,skip,skip,A,skip,B,skip,A,skip,skip,skip,A,B,A,skip,0.3,equalize
446,equalize,2,B,skip,skip,skip,B,skip,skip,A,B,A,A,A,skip,A,B,A,skip,A,skip,skip,0.3,equalize
446,rotate,3,skip,skip,skip,skip,A,B,skip,skip,skip,skip,A,B,skip,skip,skip,skip,A,B,skip,skip,0.05,equalize
446,equalize,4,skip,B,skip,skip,A,B,B,B,skip,skip,skip,skip,B,skip,A,skip,B,skip,skip,A,0.25,equalize
446,rotate,5,skip,skip,A,B,skip,skip,skip,skip,A,B,skip,skip,skip,skip,A,B,skip,skip,skip,skip,0.15,equalize
446,rotate,6,skip,A,B,skip,skip,skip,skip,A,B,skip,skip,skip,skip,A,B,skip,skip,skip,skip,A,0.1,equalize
447,rotate,1,A,B,skip,skip,skip,skip,A,B,skip,skip,skip,skip,A,B,skip,skip,skip,skip,A,B,0.1,equalize
447,rotate,2,B,skip,skip,skip,skip,A,B,skip,skip,skip,skip,A,B,skip,skip,skip,skip,A,B,skip,0.1,equalize
447,rotate,3,skip,skip,skip,skip,A,B,skip,skip,skip,skip,A,B,skip,skip,skip,skip,A,B,skip,skip,0.15,equalize
447,equalize,4,skip,B,A,skip,skip,A,B,A,skip,B,skip,skip,skip,skip,B,skip,skip,B,A,A,0.25,equalize
447,equalize,5,skip,skip,B,skip,skip,B,skip,B,A,skip,skip,A,A,A,skip,B,skip,skip,B,B,0.2,equalize
447,equalize,6,skip,skip,skip,B,skip,skip,skip,skip,B,skip,skip,B,B,B,A,skip,B,skip,skip,skip,0.2,equalize
448,equalize,1,A,skip,skip,B,A,A,A,skip,B,skip,skip,skip,skip,skip,A,B,B,B,B,B,0.25,equalize
448,rotate,2,B,skip,skip,skip,skip,A,B,skip,skip,skip,skip,A,B,skip,skip,skip,skip,A,B,skip,0.05,equalize
448,rotate,3,skip,skip,skip,skip,A,B,skip,skip,skip,skip,A,B,skip,skip,skip,skip,A,B,skip,skip,0.1,equalize
448,equalize,4,skip,B,skip,skip,skip,B,B,A,skip,skip,skip,A,A,skip,B,skip,skip,skip,skip,skip,0.2,equalize
448,rotate,5,skip,skip,A,B,skip,skip,skip,skip,A,B,skip,skip,skip,skip,A,B,skip,skip,skip,skip,0.05,equalize
448,equalize,6,skip,skip,B,skip,skip,skip,skip,skip,A,B,B,B,B,B,skip,skip,skip,A,A,skip,0.2,equalize
449,rotate,1,A,B,skip,skip,skip,skip,A,B,skip,skip,skip,skip,A,B,skip,skip,skip,skip,A,B,0.2,equalize
449,equalize,2,B,skip,skip,skip,A,skip,skip,A,skip,skip,skip,skip,A,A,skip,skip,skip,skip,B,skip,0.25,equalize
449,equalize,3,skip,A,skip,skip,skip,A,skip,skip,skip,A,skip,A,skip,skip,A,B,B,A,A,A,0.25,equalize
449,rotate,4,skip,skip,skip,A,B,skip,skip,skip,skip,A,B,skip,skip,skip,skip,A,B,skip,skip,skip,0.0,equalize
449,rotate,5,skip,skip,A,B,skip,skip,skip,skip,A,B,skip,skip,skip,skip,A,B,skip,skip,skip,skip,0.05,equalize
449,equalize,6,skip,skip,A,A,B,B,A,B,A,B,B,B,B,skip,skip,A,A,skip,skip,skip,0.2,equalize
450,equalize,1,A,skip,A,skip,skip,skip,skip,A,A,skip,skip,skip,skip,B,skip,skip,A,A,skip,skip,0.25,equalize
450,equalize,2,B,skip,skip,skip,A,A,skip,skip,skip,A,B,B,B,A,A,skip,skip,skip,skip,B,0.25,equalize
450,rotate,3,skip,skip,skip,skip,A,B,skip,skip,skip,skip,A,B,skip,skip,skip,skip,A,B,skip,skip,0.0,equalize
450,rotate,4,skip,skip,skip,A,B,skip,skip,skip,skip,A,B,skip,skip,skip,skip,A,B,skip,skip,skip,0.05,equalize
450,equalize,5,skip,skip,B,skip,B,B,A,B,skip,skip,A,A,skip,skip,skip,A,B,B,B,A,0.2,equalize
450,rotate,6,skip,A,B,skip,skip,skip,skip,A,B,skip,skip,skip,skip,A,B,skip,skip,skip,skip,A,0.15,equalize
451,rotate,1,A,B,skip,skip,skip,skip,A,B,skip,skip,skip,skip,A,B,skip,skip,skip,skip,A,B,0.1,equalize
451,rotate,2,B,skip,skip,skip,skip,A,B,skip,skip,skip,skip,A,B,skip,skip,skip,skip,A,B,skip,0.05,equalize
451,equalize,3,skip,A,skip,skip,B,A,B,B,B,B,skip,skip,A,A,skip,skip,skip,A,B,B,0.2,equalize
451,rotate,4,skip,skip,skip,A,B,skip,skip,skip,skip,A,B,skip,skip,skip,skip,A,B,skip,skip,skip,0.15,equalize
451,equalize,5,skip,skip,B,skip,A,skip,skip,skip,skip,A,skip,B,skip,skip,skip,B,skip,skip,A,A,0.25,equalize
451,equalize,6,skip,skip,A,skip,skip,skip,A,A,skip,skip,skip,A,B,B,A,A,A,skip,skip,skip,0.2,equalize
452,equalize,1,A,skip,skip,skip,A,A,skip,A,skip,skip,B,B,A,skip,B,skip,skip,skip,B,skip,0.3,equalize
452,equalize,2,B,skip,skip,skip,B,B,A,B,skip,skip,skip,skip,B,skip,skip,B,A,A,skip,B,0.3,equalize
452,rotate,3,skip,skip,skip,skip,A,B,skip,skip,skip,skip,A,B,skip,skip,skip,skip,A,B,skip,skip,0.0,equalize
452,rotate,4,skip,skip,skip,A,B,skip,skip,skip,skip,A,B,skip,skip,skip,skip,A,B,skip,skip,skip,0.15,equalize
452,rotate,5,skip,skip,A,B,skip,skip,skip,skip,A,B,skip,skip,skip,skip,A,B,skip,skip,skip,skip,0.2,equalize
452,equalize,6,skip,skip,B,skip,skip,skip,B,skip,skip,B,A,A,skip,B,skip,skip,B,B,A,skip,0.25,equalize
453,rotate,1,A,B,skip,skip,skip,skip,A,B,skip,skip,skip,skip,A,B,skip,skip,skip,skip,A,B,0.1,equalize
453,equalize,2,B,skip,skip,skip,skip,A,skip,skip,B,skip,skip,skip,skip,skip,B,skip,skip,skip,B,skip,0.25,equalize
453,rotate,3,skip,skip,skip,skip,A,B,skip,skip,skip,skip,A,B,skip,skip,skip,skip,A,B,skip,skip,0.05,equalize
453,equalize,4,skip,B,A,A,skip,B,B,skip,skip,skip,skip,B,A,B,A,B,A,B,A,B,0.1,equalize
453,rotate,5,skip,skip,A,B,skip,skip,skip,skip,A,B,skip,skip,skip,skip,A,B,skip,skip,skip,skip,0.05,equalize
453,equalize,6,skip,skip,skip,skip,B,skip,skip,B,A,B,A,A,B,skip,skip,skip,B,skip,skip,skip,0.2,equalize
454,equalize,1,A,skip,skip,skip,B,B,skip,B,skip,skip,skip,B,skip,skip,B,skip,B,A,skip,A,0.2,equalize
454,rotate,2,B,skip,skip,skip,skip,A,B,skip,skip,skip,skip,A,B,skip,skip,skip,skip,A,B,skip,0.25,equalize
454,equalize,3,skip,A,B,B,skip,skip,A,skip,A,skip,skip,skip,skip,B,skip,skip,skip,skip,skip,B,0.25,equalize
454,rotate,4,skip,skip,skip,A,B,skip,skip,skip,skip,A,B,skip,skip,skip,skip,A,B,skip,skip,skip,0.15,equalize
454,equalize,5,skip,skip,A,skip,skip,skip,skip,A,B,B,B,A,skip,A,A,B,skip,skip,skip,skip,0.2,equalize
454,rotate,6,skip,A,B,skip,skip,skip,skip,A,B,skip,skip,skip,skip,A,B,skip,skip,skip,skip,A,0.0,equalize
455,rotate,1,A,B,skip,skip,skip,skip,A,B,skip,skip,skip,skip,A,B,skip,skip,skip,skip,A,B,0.2,equalize
455,rotate,2,B,skip,skip,skip,skip,A,B,skip,skip,skip,skip,A,B,skip,skip,skip,skip,A,B,skip,0.15,equalize
455,equalize,3,skip,A,B,A,skip,B,skip,skip,skip,B,skip,skip,skip,B,B,A,skip,B,skip,skip,0.25,equalize
455,equalize,4,skip,B,A,skip,skip,skip,B,A,A,skip,skip,A,B,A,A,B,skip,skip,B,A,0.2,equalize
455,equalize,5,skip,skip,skip,B,skip,skip,skip,B,B,A,skip,B,skip,skip,skip,skip,B,skip,skip,B,0.2,equalize
455,rotate,6,skip,A,B,skip,skip,skip,skip,A,B,skip,skip,skip,skip,A,B,skip,skip,skip,skip,A,0.0,equalize
456,equalize,1,A,skip,skip,B,A,skip,skip,A,A,B,B,B,skip,skip,A,A,skip,skip,skip,A,0.25,equalize
456,rotate,2,B,skip,skip,skip,skip,A,B,skip,skip,skip,skip,A,B,skip,skip,skip,skip,A,B,skip,0.25,equalize
456,equalize,3,skip,A,B,A,skip,B,skip,B,skip,skip,skip,A,A,skip,skip,skip,skip,B,skip,skip,0.25,equalize
456,equalize,4,skip,B,skip,skip,skip,skip,A,skip,skip,A,skip,skip,skip,A,B,B,B,A,A,skip,0.25,equalize
456,rotate,5,skip,skip,A,B,skip,skip,skip,skip,A,B,skip,skip,skip,skip,A,B,skip,skip,skip,skip,0.05,equalize
456,rotate,6,skip,A,B,skip,skip,skip,skip,A,B,skip,skip,skip,skip,A,B,skip,skip,skip,skip,A,0.05,equalize
457,rotate,1,A,B,skip,skip,skip,skip,A,B,skip,skip,skip,skip,A,B,skip,skip,skip,skip,A,B,0.2,equalize
457,equalize,2,B,skip,skip,skip,skip,A,skip,skip,skip,skip,skip,B,skip,skip,A,A,skip,skip,A,A,0.2,equalize
457,equalize,3,skip,A,B,B,A,skip,skip,B,B,B,B,A,skip,skip,skip,skip,A,skip,skip,skip,0.2,equalize
457,equalize,4,skip,B,A,A,skip,skip,skip,A,A,A,skip,skip,A,A,B,B,B,A,skip,skip,0.2,equalize
457,rotate,5,skip,skip,A,B,skip,skip,skip,skip,A,B,skip,skip,skip,skip,A,B,skip,skip,skip,skip,0.0,equalize
457,rotate,6,skip,A,B,skip,skip,skip,skip,A,B,skip,skip,skip,skip,A,B,skip,skip,skip,skip,A,0.0,equalize
458,equalize,1,A,skip,skip,skip,A,skip,skip,skip,B,B,B,A,B,skip,skip,B,B,A,skip,B,0.3,equalize
458,equalize,2,B,skip,skip,skip,skip,skip,A,skip,A,A,A,skip,skip,B,skip,skip,skip,B,skip,skip,0.25,equalize
458,equalize,3,skip,A,B,B,B,A,B,skip,skip,skip,skip,B,skip,skip,B,A,A,skip,B,skip,0.25,equalize
458,rotate,4,skip,skip,skip,A,B,skip,skip,skip,skip,A,B,skip,skip,skip,skip,A,B,skip,skip,skip,0.05,equalize
458,rotate,5,skip,skip,A,B,skip,skip,skip,skip,A,B,skip,skip,skip,skip,A,B,skip,skip,skip,skip,0.1,equalize
458,rotate,6,skip,A,B,skip,skip,skip,skip,A,B,skip,skip,skip,skip,A,B,skip,skip,skip,skip,A,0.15,equalize
459,equalize,1,A,skip,skip,skip,A,skip,skip,skip,A,B,B,B,A,skip,skip,skip,B,A,A,skip,0.25,equalize
459,rotate,2,B,skip,skip,skip,skip,A,B,skip,skip,skip,skip,A,B,skip,skip,skip,skip,A,B,skip,0.15,equalize
459,equalize,3,skip,A,skip,skip,skip,skip,B,B,skip,skip,A,skip,skip,skip,B,skip,skip,B,skip,skip,0.25,equalize
459,rotate,4,skip,skip,skip,A,B,skip,skip,skip,skip,A,B,skip,skip,skip,skip,A,B,skip,skip,skip,0.1,equalize
459,rotate,5,skip,skip,A,B,skip,skip,skip,skip,A,B,skip,skip,skip,skip,A,B,skip,skip,skip,skip,0.1,equalize
459,equalize,6,skip,skip,A,A,B,B,skip,A,skip,skip,skip,skip,B,B,skip,B,A,skip,B,B,0.25,equalize
460,rotate,1,A,B,skip,skip,skip,skip,A,B,skip,skip,skip,skip,A,B,skip,skip,skip,skip,A,B,0.1,equalize
460,rotate,2,B,skip,skip,skip,skip,A,B,skip,skip,skip,skip,A,B,skip,skip,skip,skip,A,B,skip,0.25,equalize
460,equalize,3,skip,A,skip,skip,skip,B,skip,skip,B,skip,skip,skip,A,B,A,A,skip,B,skip,skip,0.25,equalize
460,equalize,4,skip,B,A,B,B,skip,skip,A,skip,B,A,skip,B,skip,B,skip,skip,skip,A,B,0.2,equalize
460,rotate,5,skip,skip,A,B,skip,skip,skip,skip,A,B,skip,skip,skip,skip,A,B,skip,skip,skip,skip,0.0,equalize
460,equalize,6,skip,skip,skip,A,skip,skip,skip,B,A,A,B,skip,skip,skip,skip,B,A,skip,B,skip,0.2,equalize
461,equalize,1,A,B,B,B,A,skip,skip,skip,skip,skip,skip,skip,skip,skip,skip,skip,B,A,A,A,0.05,equalize
461,random3,2,A,B,B,B,B,B,A,A,B,B,B,B,B,B,A,A,B,B,B,B,0.0,equalize
461,equalize,3,skip,A,A,A,B,A,A,A,A,A,A,A,A,A,A,A,A,B,B,B,0.05,equalize
461,random3,4,B,B,B,B,B,B,B,B,B,B,B,B,B,A,A,A,B,A,A,A,0.05,equalize
461,equalize,5,skip,skip,skip,skip,skip,B,B,B,B,B,B,B,B,B,B,B,skip,skip,skip,skip,0.05,equalize
461,random3,6,A,A,A,A,B,A,A,A,A,A,A,A,A,B,B,A,B,B,A,A,0.0,equalize
462,random3,1,A,A,A,B,B,B,B,B,B,B,B,B,B,A,A,A,A,A,B,A,0.0,equalize
462,equalize,2,B,B,B,B,A,A,B,A,A,A,A,A,B,A,A,A,A,A,A,B,0.05,equalize
462,equalize,3,skip,skip,skip,skip,B,B,A,B,B,B,B,B,A,skip,skip,skip,skip,skip,skip,skip,0.05,equalize
462,equalize,4,skip,skip,skip,skip,skip,skip,skip,skip,skip,skip,skip,skip,skip,B,B,B,B,B,B,A,0.0,equalize
462,random3,5,A,A,A,A,A,A,A,A,A,A,A,A,B,B,B,B,B,B,B,B,0.05,equalize
462,random3,6,B,B,B,B,A,A,B,B,B,A,A,A,B,B,B,B,B,B,B,B,0.0,equalize
463,equalize,1,A,B,B,B,B,A,B,skip,A,B,B,B,B,B,B,B,B,B,B,B,0.1,equalize
463,equalize,2,B,skip,skip,skip,skip,skip,A,B,skip,A,skip,skip,skip,skip,skip,skip,skip,skip,A,A,0.15,equalize
463,random3,3,A,A,A,A,A,A,A,A,A,B,B,B,B,B,B,B,B,B,B,B,0.0,equalize
463,random3,4,A,A,A,A,A,A,A,A,A,B,B,B,A,A,B,B,B,B,A,B,0.0,equalize
463,equalize,5,skip,A,A,A,A,B,skip,A,B,skip,A,A,A,A,A,A,A,A,skip,skip,0.15,equalize
463,random3,6,A,B,B,B,A,A,A,A,A,B,A,A,A,A,A,A,A,B,A,A,0.0,equalize
464,random3,1,A,A,B,B,B,B,B,A,A,B,B,B,B,B,B,B,B,B,A,A,0.0,equalize
464,random3,2,B,B,B,A,B,B,B,B,B,B,B,B,B,B,B,B,B,B,A,B,0.1,equalize
464,equalize,3,skip,A,B,B,A,A,B,A,A,A,A,A,A,A,A,A,A,skip,B,skip,0.15,equalize
464,equalize,4,skip,skip,A,skip,skip,skip,skip,B,B,B,B,B,B,B,B,B,B,A,skip,B,0.1,equalize
464,random3,5,A,A,B,B,A,B,B,B,B,A,A,A,A,A,A,A,B,B,A,A,0.0,equalize
464,equalize,6,skip,skip,skip,A,B,B,A,skip,skip,skip,skip,skip,skip,skip,skip,skip,skip,B,A,A,0.05,equalize
465,random3,1,B,A,A,A,B,B,A,A,A,A,A,A,A,A,A,A,A,A,A,A,0.05,equalize
465,random3,2,B,B,B,B,B,B,B,B,B,B,B,B,B,B,B,B,B,B,B,A,0.0,equalize
465,equalize,3,skip,B,A,A,A,skip,B,B,B,B,B,B,B,B,B,B,B,B,B,B,0.1,equalize
465,random3,4,B,B,B,B,B,B,B,B,B,B,A,A,A,A,A,A,A,A,A,A,0.0,equalize
465,equalize,5,skip,skip,B,B,B,A,skip,skip,skip,skip,skip,skip,skip,skip,skip,skip,skip,skip,skip,skip,0.05,equalize
465,equalize,6,skip,skip,skip,skip,skip,B,A,A,A,A,A,A,A,A,A,A,A,A,A,A,0.0,equalize
466,equalize,1,A,A,A,A,A,A,A,A,A,B,B,skip,A,A,A,A,A,A,A,A,0.05,equalize
466,equalize,2,B,B,B,B,B,B,B,B,B,A,A,B,skip,skip,skip,skip,skip,skip,skip,skip,0.05,equalize
466,equalize,3,skip,skip,skip,skip,skip,skip,skip,skip,skip,skip,skip,A,B,B,B,B,B,B,B,B,0.0,equalize
466,random3,4,A,A,A,A,A,A,A,A,A,A,A,A,A,B,B,A,A,B,A,B,0.0,equalize
466,random3,5,B,B,B,B,B,B,B,B,B,B,A,A,A,A,A,A,A,A,A,A,0.0,equalize
466,random3,6,B,B,B,B,A,A,A,A,A,A,A,A,B,B,B,B,B,B,B,B,0.0,equalize
467,equalize,1,A,B,B,B,B,B,B,A,B,A,A,A,skip,skip,skip,B,B,B,B,B,0.05,equalize
467,equalize,2,B,A,A,A,A,A,A,B,A,B,B,B,A,A,A,skip,skip,skip,skip,skip,0.05,equalize
467,random3,3,A,A,A,A,B,B,B,B,B,B,B,B,A,A,B,B,B,B,B,B,0.0,equalize
467,equalize,4,skip,skip,skip,skip,skip,skip,skip,skip,skip,skip,skip,skip,B,B,B,A,A,A,A,A,0.0,equalize
467,random3,5,B,B,B,B,B,B,B,A,A,A,A,B,B,B,B,A,A,A,A,A,0.0,equalize
467,random3,6,A,A,A,B,A,A,A,A,B,B,B,B,B,B,B,B,B,B,A,A,0.0,equalize
468,equalize,1,A,A,A,B,B,B,B,A,skip,skip,skip,B,A,A,A,A,skip,skip,B,B,0.1,equalize
468,random3,2,B,B,B,B,B,B,B,B,A,A,B,B,A,A,A,B,B,A,A,A,0.0,equalize
468,equalize,3,skip,skip,skip,skip,A,A,A,B,A,A,A,skip,B,B,B,B,A,A,A,A,0.05,equalize
468,equalize,4,skip,skip,skip,skip,skip,skip,skip,skip,B,B,B,A,skip,skip,skip,skip,B,B,skip,skip,0.1,equalize
468,random3,5,B,B,B,A,A,B,B,B,B,B,B,B,B,B,B,B,B,A,B,B,0.0,equalize
468,random3,6,A,A,A,A,A,A,A,B,A,A,B,B,A,A,B,B,A,A,B,B,0.0,equalize
469,equalize,1,A,B,B,B,B,B,B,B,B,B,B,B,B,B,B,B,B,B,A,A,0.05,equalize
469,equalize,2,B,skip,skip,skip,skip,skip,skip,skip,skip,skip,skip,skip,skip,skip,skip,skip,skip,skip,skip,skip,0.05,equalize
469,random3,3,A,A,A,B,B,B,B,B,B,B,B,B,B,B,B,B,B,A,B,A,0.0,equalize
469,random3,4,A,A,A,A,A,A,A,A,A,A,A,A,A,A,A,A,A,A,A,A,0.0,equalize
469,random3,5,A,B,B,B,B,B,A,A,A,A,A,A,A,A,A,A,A,A,A,A,0.0,equalize
469,equalize,6,skip,A,A,A,A,A,A,A,A,A,A,A,A,A,A,A,A,A,B,B,0.05,equalize
470,equalize,1,A,A,B,B,B,B,B,B,B,B,B,B,B,B,B,B,B,B,B,B,0.0,random3
470,random3,2,B,A,A,A,A,A,A,A,A,A,A,A,A,A,A,A,A,A,A,A,0.0,random3
470,equalize,3,skip,skip,A,A,A,A,A,A,A,A,A,A,A,A,A,A,A,A,A,A,0.0,random3
470,random3,4,B,B,B,B,B,B,B,B,B,B,B,B,B,B,B,B,B,B,B,B,0.05,random3
470,random3,5,A,A,A,A,A,A,A,A,B,B,B,B,A,A,A,A,B,B,A,B,0.0,random3
470,equalize,6,skip,skip,skip,skip,skip,skip,skip,skip,skip,skip,skip,skip,skip,skip,skip,skip,skip,skip,skip,skip,0.0,random3
471,equalize,1,A,B,B,B,B,B,A,A,A,A,skip,B,B,B,B,B,B,B,B,B,0.05,equalize
471,random3,2,A,B,B,B,B,B,B,B,B,B,B,B,B,B,A,A,A,A,A,B,0.0,equalize
471,random3,3,A,B,B,B,B,B,B,A,B,B,B,A,B,B,B,B,B,B,B,A,0.0,equalize
471,random3,4,A,A,A,A,A,A,A,A,A,B,B,B,A,A,B,B,B,B,B,B,0.0,equalize
471,equalize,5,skip,A,A,A,A,A,B,B,B,B,A,skip,skip,skip,skip,skip,skip,skip,skip,skip,0.05,equalize
471,equalize,6,skip,skip,skip,skip,skip,skip,skip,skip,skip,skip,B,A,A,A,A,A,A,A,A,A,0.0,equalize
472,random3,1,B,B,B,B,B,B,A,A,B,A,A,A,A,A,A,A,B,B,B,B,0.0,equalize
472,equalize,2,B,A,A,skip,skip,skip,skip,skip,B,B,B,B,B,A,A,B,B,A,B,B,0.1,equalize
472,equalize,3,skip,B,B,A,A,A,A,A,A,A,A,A,A,B,B,A,A,skip,skip,skip,0.1,equalize
472,random3,4,B,B,B,B,B,B,B,A,A,A,A,A,A,A,A,B,B,B,B,B,0.0,equalize
472,equalize,5,skip,skip,skip,B,B,B,B,B,skip,skip,skip,skip,skip,skip,skip,skip,skip,B,A,A,0.05,equalize
472,random3,6,A,A,B,A,A,A,A,A,A,B,B,B,B,B,A,B,B,B,A,A,0.05,equalize
473,equalize,1,A,A,A,B,B,B,B,A,A,A,A,A,A,A,skip,B,B,B,B,skip,0.1,equalize
473,random3,2,B,B,A,A,B,B,B,B,B,A,A,A,A,B,B,B,B,B,A,A,0.0,equalize
473,random3,3,A,A,A,A,A,A,A,A,A,A,B,B,B,B,B,A,A,A,A,B,0.0,equalize
473,equalize,4,skip,skip,skip,A,A,A,A,B,B,B,B,B,B,B,A,skip,skip,skip,skip,B,0.05,equalize
473,random3,5,B,B,B,B,B,B,B,B,B,B,B,B,B,B,B,A,A,A,A,B,0.05,equalize
473,equalize,6,skip,skip,skip,skip,skip,skip,skip,skip,skip,skip,skip,skip,skip,skip,B,A,A,A,A,A,0.0,equalize
474,random3,1,A,B,B,B,B,B,B,B,B,B,B,B,B,B,B,B,A,B,B,B,0.0,equalize
474,equalize,2,B,B,A,A,A,A,A,skip,B,B,B,B,B,B,B,B,B,B,A,A,0.05,equalize
474,random3,3,A,A,A,A,A,A,B,B,B,B,B,B,A,A,A,B,B,B,A,A,0.05,equalize
474,equalize,4,skip,skip,B,B,B,B,B,A,skip,skip,skip,skip,skip,skip,skip,skip,skip,skip,B,B,0.05,equalize
474,equalize,5,skip,skip,skip,skip,skip,skip,skip,B,A,A,A,A,A,A,A,A,A,A,skip,skip,0.05,equalize
474,random3,6,B,B,B,B,B,B,B,B,A,A,A,A,A,A,A,A,B,B,B,B,0.0,equalize
475,random3,1,A,A,B,A,A,A,A,A,A,A,A,A,A,A,A,B,B,B,B,B,0.05,random3
475,random3,2,B,A,A,A,A,A,A,A,A,A,A,B,A,A,A,A,A,A,A,A,0.05,random3
475,random3,3,B,B,B,B,B,B,B,B,B,B,B,B,B,B,B,A,A,A,A,A,0.0,random3
475,equalize,4,skip,B,B,A,A,A,A,B,B,B,B,B,B,B,B,B,B,B,B,B,0.0,random3
475,equalize,5,skip,skip,skip,B,B,B,B,A,A,A,A,A,A,A,A,A,A,A,A,A,0.0,random3
475,equalize,6,skip,skip,skip,skip,skip,skip,skip,skip,skip,skip,skip,skip,skip,skip,skip,skip,skip,skip,skip,skip,0.0,random3
476,random3,1,B,B,B,B,B,B,B,A,A,A,A,A,A,A,A,A,A,B,B,A,0.0,equalize
476,random3,2,B,B,B,B,B,B,B,B,B,A,A,A,A,B,B,B,B,A,A,A,0.0,equalize
476,equalize,3,skip,B,A,A,A,skip,B,B,B,B,B,B,B,B,B,B,B,B,B,B,0.05,equalize
476,equalize,4,skip,skip,B,B,B,A,skip,skip,skip,skip,skip,skip,skip,skip,skip,skip,skip,skip,skip,skip,0.05,equalize
476,equalize,5,skip,skip,skip,skip,skip,B,A,A,A,A,A,A,A,A,A,A,A,A,A,A,0.0,equalize
476,random3,6,A,A,A,A,B,B,A,B,A,B,B,B,B,B,B,A,A,A,B,B,0.1,equalize
477,random3,1,B,B,A,A,A,A,A,A,A,B,B,B,B,B,B,B,B,B,A,A,0.0,equalize
477,equalize,2,B,A,A,A,B,A,B,B,B,B,B,B,A,A,skip,skip,skip,skip,skip,B,0.15,equalize
477,random3,3,A,A,A,A,B,B,A,A,A,A,A,B,B,B,A,A,A,A,A,A,0.05,equalize
477,random3,4,B,B,A,B,B,A,B,B,B,B,B,B,B,B,B,B,B,B,A,A,0.0,equalize
477,equalize,5,skip,B,B,skip,skip,skip,skip,skip,skip,skip,skip,skip,B,B,A,A,A,A,A,A,0.05,equalize
477,equalize,6,skip,skip,skip,B,A,B,A,A,A,A,A,A,skip,skip,B,B,B,B,B,skip,0.1,equalize
478,equalize,1,A,A,skip,skip,B,B,B,B,A,A,A,A,A,A,A,A,A,A,A,A,0.05,equalize
478,random3,2,B,B,B,B,A,A,A,B,A,A,A,A,A,A,A,A,A,A,A,A,0.0,equalize
478,random3,3,A,B,B,B,B,B,B,B,B,B,B,B,B,B,B,B,A,A,B,A,0.0,equalize
478,equalize,4,skip,skip,B,A,skip,skip,skip,skip,B,B,B,B,B,B,B,B,B,skip,B,B,0.1,equalize
478,equalize,5,skip,skip,skip,B,A,A,A,A,skip,skip,skip,skip,skip,skip,skip,skip,skip,B,skip,skip,0.1,equalize
478,random3,6,B,B,B,B,B,B,B,B,A,A,A,A,A,B,A,A,A,A,B,B,0.0,equalize
479,random3,1,A,A,A,A,A,A,A,A,B,B,A,A,A,A,B,B,B,B,B,B,0.0,draw
479,equalize,2,B,A,B,B,B,B,A,A,A,A,A,A,A,A,A,A,A,A,A,A,0.0,draw
479,random3,3,B,A,B,B,B,B,B,B,A,A,B,A,A,A,A,A,A,A,A,A,0.0,draw
479,equalize,4,skip,skip,A,A,A,A,B,B,B,B,B,B,B,B,B,B,B,B,B,B,0.0,draw
479,random3,5,A,A,B,B,B,B,B,B,B,B,B,B,B,B,B,B,B,B,B,B,0.0,draw
479,equalize,6,skip,skip,skip,skip,skip,skip,skip,skip,skip,skip,skip,skip,skip,skip,skip,skip,skip,skip,skip,skip,0.0,draw
480,random3,1,A,A,A,A,A,A,A,A,A,A,A,A,B,B,A,A,A,B,B,B,0.0,equalize
480,equalize,2,B,skip,skip,skip,skip,skip,skip,skip,A,A,A,A,B,B,B,skip,A,B,B,B,0.1,equalize
480,equalize,3,skip,A,B,B,B,B,A,B,skip,skip,skip,skip,A,A,A,B,skip,A,A,A,0.1,equalize
480,random3,4,A,B,B,B,B,B,A,A,A,B,B,A,A,A,A,A,A,B,B,A,0.05,equalize
480,random3,5,A,A,B,B,B,B,B,A,B,B,A,A,A,A,A,A,A,A,A,A,0.0,equalize
480,equalize,6,skip,skip,A,A,A,A,B,A,B,B,B,B,skip,skip,skip,A,B,skip,skip,skip,0.1,equalize
481,equalize,1,A,skip,skip,A,skip,skip,A,skip,skip,A,skip,skip,A,skip,skip,A,skip,skip,A,skip,0.35,equalize
481,radicaleq,2,B,skip,skip,B,skip,skip,B,skip,skip,B,skip,skip,B,skip,skip,B,skip,skip,B,skip,0.35,equalize
481,equalize,3,skip,A,skip,skip,A,skip,skip,A,skip,skip,A,skip,skip,A,skip,skip,A,skip,skip,A,0.35,equalize
481,equalize,4,skip,B,skip,skip,B,skip,skip,B,skip,skip,B,skip,skip,B,skip,skip,B,skip,skip,B,0.35,equalize
481,radicaleq,5,skip,skip,A,skip,skip,A,skip,skip,A,skip,skip,A,skip,skip,A,skip,skip,A,skip,skip,0.3,equalize
481,radicaleq,6,skip,skip,B,skip,skip,B,skip,skip,B,skip,skip,B,skip,skip,B,skip,skip,B,skip,skip,0.3,equalize
482,equalize,1,A,skip,skip,A,skip,skip,A,skip,skip,A,skip,skip,A,skip,skip,A,skip,skip,A,skip,0.35,equalize
482,equalize,2,B,skip,skip,B,skip,skip,B,skip,skip,B,skip,skip,B,skip,skip,B,skip,skip,B,skip,0.35,equalize
482,radicaleq,3,skip,A,skip,skip,A,skip,skip,A,skip,skip,A,skip,skip,A,skip,skip,A,skip,skip,A,0.35,equalize
482,equalize,4,skip,B,skip,skip,B,skip,skip,B,skip,skip,B,skip,skip,B,skip,skip,B,skip,skip,B,0.35,equalize
482,radicaleq,5,skip,skip,A,skip,skip,A,skip,skip,A,skip,skip,A,skip,skip,A,skip,skip,A,skip,skip,0.3,equalize
482,radicaleq,6,skip,skip,B,skip,skip,B,skip,skip,B,skip,skip,B,skip,skip,B,skip,skip,B,skip,skip,0.3,equalize
483,equalize,1,A,skip,skip,A,skip,skip,A,skip,skip,A,skip,skip,A,skip,skip,A,skip,skip,A,skip,0.35,draw
483,radicaleq,2,B,skip,skip,B,skip,skip,B,skip,skip,B,skip,skip,B,skip,skip,B,skip,skip,B,skip,0.35,draw
483,equalize,3,skip,A,skip,skip,A,skip,skip,A,skip,skip,A,skip,skip,A,skip,skip,A,skip,skip,A,0.35,draw
483,radicaleq,4,skip,B,skip,skip,B,skip,skip,B,skip,skip,B,skip,skip,B,skip,skip,B,skip,skip,B,0.35,draw
483,radicaleq,5,skip,skip,A,skip,skip,A,skip,skip,A,skip,skip,A,skip,skip,A,skip,skip,A,skip,skip,0.3,draw
483,equalize,6,skip,skip,B,skip,skip,B,skip,skip,B,skip,skip,B,skip,skip,B,skip,skip,B,skip,skip,0.3,draw
484,radicaleq,1,A,skip,skip,A,skip,skip,A,skip,skip,A,skip,skip,A,skip,skip,A,skip,skip,A,skip,0.35,draw
484,equalize,2,B,skip,skip,B,skip,skip,B,skip,skip,B,skip,skip,B,skip,skip,B,skip,skip,B,skip,0.35,draw
484,radicaleq,3,skip,A,skip,skip,A,skip,skip,A,skip,skip,A,skip,skip,A,skip,skip,A,skip,skip,A,0.35,draw
484,equalize,4,skip,B,skip,skip,B,skip,skip,B,skip,skip,B,skip,skip,B,skip,skip,B,skip,skip,B,0.35,draw
484,radicaleq,5,skip,skip,A,skip,skip,A,skip,skip,A,skip,skip,A,skip,skip,A,skip,skip,A,skip,skip,0.3,draw
484,equalize,6,skip,skip,B,skip,skip,B,skip,skip,B,skip,skip,B,skip,skip,B,skip,skip,B,skip,skip,0.3,draw
485,radicaleq,1,A,skip,skip,A,skip,skip,A,skip,skip,A,skip,skip,A,skip,skip,A,skip,skip,A,skip,0.35,draw
485,equalize,2,B,skip,skip,B,skip,skip,B,skip,skip,B,skip,skip,B,skip,skip,B,skip,skip,B,skip,0.35,draw
485,equalize,3,skip,A,skip,skip,A,skip,skip,A,skip,skip,A,skip,skip,A,skip,skip,A,skip,skip,A,0.35,draw
485,radicaleq,4,skip,B,skip,skip,B,skip,skip,B,skip,skip,B,skip,skip,B,skip,skip,B,skip,skip,B,0.35,draw
485,equalize,5,skip,skip,A,skip,skip,A,skip,skip,A,skip,skip,A,skip,skip,A,skip,skip,A,skip,skip,0.3,draw
485,radicaleq,6,skip,skip,B,skip,skip,B,skip,skip,B,skip,skip,B,skip,skip,B,skip,skip,B,skip,skip,0.3,draw
486,equalize,1,A,skip,skip,A,skip,skip,A,skip,skip,A,skip,skip,A,skip,skip,A,skip,skip,A,skip,0.35,radicaleq
486,radicaleq,2,B,skip,skip,B,skip,skip,B,skip,skip,B,skip,skip,B,skip,skip,B,skip,skip,B,skip,0.35,radicaleq
486,radicaleq,3,skip,A,skip,skip,A,skip,skip,A,skip,skip,A,skip,skip,A,skip,skip,A,skip,skip,A,0.35,radicaleq
486,radicaleq,4,skip,B,skip,skip,B,skip,skip,B,skip,skip,B,skip,skip,B,skip,skip,B,skip,skip,B,0.35,radicaleq
486,equalize,5,skip,skip,A,skip,skip,A,skip,skip,A,skip,skip,A,skip,skip,A,skip,skip,A,skip,skip,0.3,radicaleq
486,equalize,6,skip,skip,B,skip,skip,B,skip,skip,B,skip,skip,B,skip,skip,B,skip,skip,B,skip,skip,0.3,radicaleq
487,radicaleq,1,A,skip,skip,A,skip,skip,A,skip,skip,A,skip,skip,A,skip,skip,A,skip,skip,A,skip,0.35,radicaleq
487,equalize,2,B,skip,skip,B,skip,skip,B,skip,skip,B,skip,skip,B,skip,skip,B,skip,skip,B,skip,0.35,radicaleq
487,radicaleq,3,skip,A,skip,skip,A,skip,skip,A,skip,skip,A,skip,skip,A,skip,skip,A,skip,skip,A,0.35,radicaleq
487,radicaleq,4,skip,B,skip,skip,B,skip,skip,B,skip,skip,B,skip,skip,B,skip,skip,B,skip,skip,B,0.35,radicaleq
487,equalize,5,skip,skip,A,skip,skip,A,skip,skip,A,skip,skip,A,skip,skip,A,skip,skip,A,skip,skip,0.3,radicaleq
487,equalize,6,skip,skip,B,skip,skip,B,skip,skip,B,skip,skip,B,skip,skip,B,skip,skip,B,skip,skip,0.3,radicaleq
488,equalize,1,A,skip,skip,A,skip,skip,A,skip,skip,A,skip,skip,A,skip,skip,A,skip,skip,A,skip,0.35,draw
488,radicaleq,2,B,skip,skip,B,skip,skip,B,skip,skip,B,skip,skip,B,skip,skip,B,skip,skip,B,skip,0.35,draw
488,radicaleq,3,skip,A,skip,skip,A,skip,skip,A,skip,skip,A,skip,skip,A,skip,skip,A,skip,skip,A,0.35,draw
488,equalize,4,skip,B,skip,skip,B,skip,skip,B,skip,skip,B,skip,skip,B,skip,skip,B,skip,skip,B,0.35,draw
488,radicaleq,5,skip,skip,A,skip,skip,A,skip,skip,A,skip,skip,A,skip,skip,A,skip,skip,A,skip,skip,0.3,draw
488,equalize,6,skip,skip,B,skip,skip,B,skip,skip,B,skip,skip,B,skip,skip,B,skip,skip,B,skip,skip,0.3,draw
489,equalize,1,A,skip,skip,A,skip,skip,A,skip,skip,A,skip,skip,A,skip,skip,A,skip,skip,A,skip,0.35,equalize
489,equalize,2,B,skip,skip,B,skip,skip,B,skip,skip,B,skip,skip,B,skip,skip,B,skip,skip,B,skip,0.35,equalize
489,equalize,3,skip,A,skip,skip,A,skip,skip,A,skip,skip,A,skip,skip,A,skip,skip,A,skip,skip,A,0.35,equalize
489,radicaleq,4,skip,B,skip,skip,B,skip,skip,B,skip,skip,B,skip,skip,B,skip,skip,B,skip,skip,B,0.35,equalize
489,radicaleq,5,skip,skip,A,skip,skip,A,skip,skip,A,skip,skip,A,skip,skip,A,skip,skip,A,skip,skip,0.3,equalize
489,radicaleq,6,skip,skip,B,skip,skip,B,skip,skip,B,skip,skip,B,skip,skip,B,skip,skip,B,skip,skip,0.3,equalize
490,equalize,1,A,skip,skip,A,skip,skip,A,skip,skip,A,skip,skip,A,skip,skip,A,skip,skip,A,skip,0.35,draw
490,equalize,2,B,skip,skip,B,skip,skip,B,skip,skip,B,skip,skip,B,skip,skip,B,skip,skip,B,skip,0.35,draw
490,radicaleq,3,skip,A,skip,skip,A,skip,skip,A,skip,skip,A,skip,skip,A,skip,skip,A,skip,skip,A,0.35,draw
490,radicaleq,4,skip,B,skip,skip,B,skip,skip,B,skip,skip,B,skip,skip,B,skip,skip,B,skip,skip,B,0.35,draw
490,equalize,5,skip,skip,A,skip,skip,A,skip,skip,A,skip,skip,A,skip,skip,A,skip,skip,A,skip,skip,0.3,draw
490,radicaleq,6,skip,skip,B,skip,skip,B,skip,skip,B,skip,skip,B,skip,skip,B,skip,skip,B,skip,skip,0.3,draw
491,radicaleq,1,A,skip,skip,A,skip,skip,A,skip,skip,A,skip,skip,A,skip,skip,A,skip,skip,A,skip,0.35,draw
491,radicaleq,2,B,skip,skip,B,skip,skip,B,skip,skip,B,skip,skip,B,skip,skip,B,skip,skip,B,skip,0.35,draw
491,equalize,3,skip,A,skip,skip,A,skip,skip,A,skip,skip,A,skip,skip,A,skip,skip,A,skip,skip,A,0.35,draw
491,equalize,4,skip,B,skip,skip,B,skip,skip,B,skip,skip,B,skip,skip,B,skip,skip,B,skip,skip,B,0.35,draw
491,radicaleq,5,skip,skip,A,skip,skip,A,skip,skip,A,skip,skip,A,skip,skip,A,skip,skip,A,skip,skip,0.3,draw
491,equalize,6,skip,skip,B,skip,skip,B,skip,skip,B,skip,skip,B,skip,skip,B,skip,skip,B,skip,skip,0.3,draw
492,radicaleq,1,A,skip,skip,A,skip,skip,A,skip,skip,A,skip,skip,A,skip,skip,A,skip,skip,A,skip,0.35,radicaleq
492,radicaleq,2,B,skip,skip,B,skip,skip,B,skip,skip,B,skip,skip,B,skip,skip,B,skip,skip,B,skip,0.35,radicaleq
492,radicaleq,3,skip,A,skip,skip,A,skip,skip,A,skip,skip,A,skip,skip,A,skip,skip,A,skip,skip,A,0.35,radicaleq
492,equalize,4,skip,B,skip,skip,B,skip,skip,B,skip,skip,B,skip,skip,B,skip,skip,B,skip,skip,B,0.35,radicaleq
492,equalize,5,skip,skip,A,skip,skip,A,skip,skip,A,skip,skip,A,skip,skip,A,skip,skip,A,skip,skip,0.3,radicaleq
492,equalize,6,skip,skip,B,skip,skip,B,skip,skip,B,skip,skip,B,skip,skip,B,skip,skip,B,skip,skip,0.3,radicaleq
493,radicaleq,1,A,skip,skip,A,skip,skip,A,skip,skip,A,skip,skip,A,skip,skip,A,skip,skip,A,skip,0.35,radicaleq
493,radicaleq,2,B,skip,skip,B,skip,skip,B,skip,skip,B,skip,skip,B,skip,skip,B,skip,skip,B,skip,0.35,radicaleq
493,equalize,3,skip,A,skip,skip,A,skip,skip,A,skip,skip,A,skip,skip,A,skip,skip,A,skip,skip,A,0.35,radicaleq
493,radicaleq,4,skip,B,skip,skip,B,skip,skip,B,skip,skip,B,skip,skip,B,skip,skip,B,skip,skip,B,0.35,radicaleq
493,equalize,5,skip,skip,A,skip,skip,A,skip,skip,A,skip,skip,A,skip,skip,A,skip,skip,A,skip,skip,0.3,radicaleq
493,equalize,6,skip,skip,B,skip,skip,B,skip,skip,B,skip,skip,B,skip,skip,B,skip,skip,B,skip,skip,0.3,radicaleq
494,equalize,1,A,skip,skip,A,skip,skip,A,skip,skip,A,skip,skip,A,skip,skip,A,skip,skip,A,skip,0.35,draw
494,radicaleq,2,B,skip,skip,B,skip,skip,B,skip,skip,B,skip,skip,B,skip,skip,B,skip,skip,B,skip,0.35,draw
494,radicaleq,3,skip,A,skip,skip,A,skip,skip,A,skip,skip,A,skip,skip,A,skip,skip,A,skip,skip,A,0.35,draw
494,equalize,4,skip,B,skip,skip,B,skip,skip,B,skip,skip,B,skip,skip,B,skip,skip,B,skip,skip,B,0.35,draw
494,equalize,5,skip,skip,A,skip,skip,A,skip,skip,A,skip,skip,A,skip,skip,A,skip,skip,A,skip,skip,0.3,draw
494,radicaleq,6,skip,skip,B,skip,skip,B,skip,skip,B,skip,skip,B,skip,skip,B,skip,skip,B,skip,skip,0.3,draw
495,equalize,1,A,skip,skip,A,skip,skip,A,skip,skip,A,skip,skip,A,skip,skip,A,skip,skip,A,skip,0.35,draw
495,equalize,2,B,skip,skip,B,skip,skip,B,skip,skip,B,skip,skip,B,skip,skip,B,skip,skip,B,skip,0.35,draw
495,radicaleq,3,skip,A,skip,skip,A,skip,skip,A,skip,skip,A,skip,skip,A,skip,skip,A,skip,skip,A,0.35,draw
495,radicaleq,4,skip,B,skip,skip,B,skip,skip,B,skip,skip,B,skip,skip,B,skip,skip,B,skip,skip,B,0.35,draw
495,radicaleq,5,skip,skip,A,skip,skip,A,skip,skip,A,skip,skip,A,skip,skip,A,skip,skip,A,skip,skip,0.3,draw
495,equalize,6,skip,skip,B,skip,skip,B,skip,skip,B,skip,skip,B,skip,skip,B,skip,skip,B,skip,skip,0.3,draw
496,radicaleq,1,A,skip,skip,A,skip,skip,A,skip,skip,A,skip,skip,A,skip,skip,A,skip,skip,A,skip,0.35,equalize
496,equalize,2,B,skip,skip,B,skip,skip,B,skip,skip,B,skip,skip,B,skip,skip,B,skip,skip,B,skip,0.35,equalize
496,equalize,3,skip,A,skip,skip,A,skip,skip,A,skip,skip,A,skip,skip,A,skip,skip,A,skip,skip,A,0.35,equalize
496,equalize,4,skip,B,skip,skip,B,skip,skip,B,skip,skip,B,skip,skip,B,skip,skip,B,skip,skip,B,0.35,equalize
496,radicaleq,5,skip,skip,A,skip,skip,A,skip,skip,A,skip,skip,A,skip,skip,A,skip,skip,A,skip,skip,0.3,equalize
496,radicaleq,6,skip,skip,B,skip,skip,B,skip,skip,B,skip,skip,B,skip,skip,B,skip,skip,B,skip,skip,0.3,equalize
497,radicaleq,1,A,skip,skip,A,skip,skip,A,skip,skip,A,skip,skip,A,skip,skip,A,skip,skip,A,skip,0.35,draw
497,radicaleq,2,B,skip,skip,B,skip,skip,B,skip,skip,B,skip,skip,B,skip,skip,B,skip,skip,B,skip,0.35,draw
497,equalize,3,skip,A,skip,skip,A,skip,skip,A,skip,skip,A,skip,skip,A,skip,skip,A,skip,skip,A,0.35,draw
497,equalize,4,skip,B,skip,skip,B,skip,skip,B,skip,skip,B,skip,skip,B,skip,skip,B,skip,skip,B,0.35,draw
497,equalize,5,skip,skip,A,skip,skip,A,skip,skip,A,skip,skip,A,skip,skip,A,skip,skip,A,skip,skip,0.3,draw
497,radicaleq,6,skip,skip,B,skip,skip,B,skip,skip,B,skip,skip,B,skip,skip,B,skip,skip,B,skip,skip,0.3,draw
498,radicaleq,1,A,skip,skip,A,skip,skip,A,skip,skip,A,skip,skip,A,skip,skip,A,skip,skip,A,skip,0.35,draw
498,equalize,2,B,skip,skip,B,skip,skip,B,skip,skip,B,skip,skip,B,skip,skip,B,skip,skip,B,skip,0.35,draw
498,radicaleq,3,skip,A,skip,skip,A,skip,skip,A,skip,skip,A,skip,skip,A,skip,skip,A,skip,skip,A,0.35,draw
498,equalize,4,skip,B,skip,skip,B,skip,skip,B,skip,skip,B,skip,skip,B,skip,skip,B,skip,skip,B,0.35,draw
498,equalize,5,skip,skip,A,skip,skip,A,skip,skip,A,skip,skip,A,skip,skip,A,skip,skip,A,skip,skip,0.3,draw
498,radicaleq,6,skip,skip,B,skip,skip,B,skip,skip,B,skip,skip,B,skip,skip,B,skip,skip,B,skip,skip,0.3,draw
499,radicaleq,1,A,skip,skip,A,skip,skip,A,skip,skip,A,skip,skip,A,skip,skip,A,skip,skip,A,skip,0.35,draw
499,equalize,2,B,skip,skip,B,skip,skip,B,skip,skip,B,skip,skip,B,skip,skip,B,skip,skip,B,skip,0.35,draw
499,equalize,3,skip,A,skip,skip,A,skip,skip,A,skip,skip,A,skip,skip,A,skip,skip,A,skip,skip,A,0.35,draw
499,radicaleq,4,skip,B,skip,skip,B,skip,skip,B,skip,skip,B,skip,skip,B,skip,skip,B,skip,skip,B,0.35,draw
499,radicaleq,5,skip,skip,A,skip,skip,A,skip,skip,A,skip,skip,A,skip,skip,A,skip,skip,A,skip,skip,0.3,draw
499,equalize,6,skip,skip,B,skip,skip,B,skip,skip,B,skip,skip,B,skip,skip,B,skip,skip,B,skip,skip,0.3,draw
500,equalize,1,A,skip,skip,A,skip,skip,A,skip,skip,A,skip,skip,A,skip,skip,A,skip,skip,A,skip,0.35,draw
500,radicaleq,2,B,skip,skip,B,skip,skip,B,skip,skip,B,skip,skip,B,skip,skip,B,skip,skip,B,skip,0.35,draw
500,equalize,3,skip,A,skip,skip,A,skip,skip,A,skip,skip,A,skip,skip,A,skip,skip,A,skip,skip,A,0.35,draw
500,radicaleq,4,skip,B,skip,skip,B,skip,skip,B,skip,skip,B,skip,skip,B,skip,skip,B,skip,skip,B,0.35,draw
500,equalize,5,skip,skip,A,skip,skip,A,skip,skip,A,skip,skip,A,skip,skip,A,skip,skip,A,skip,skip,0.3,draw
500,radicaleq,6,skip,skip,B,skip,skip,B,skip,skip,B,skip,skip,B,skip,skip,B,skip,skip,B,skip,skip,0.3,draw
501,equalize,1,A,skip,skip,skip,A,skip,skip,A,skip,skip,A,skip,skip,A,skip,skip,A,skip,skip,A,0.35,equalize
501,equalize,2,B,skip,skip,skip,skip,B,skip,skip,B,skip,skip,B,skip,skip,B,skip,skip,B,skip,skip,0.3,equalize
501,rotate0,3,skip,skip,skip,skip,skip,skip,skip,skip,skip,skip,skip,skip,skip,skip,skip,skip,skip,skip,skip,skip,0.0,equalize
501,rotate0,4,skip,skip,skip,skip,skip,skip,skip,skip,skip,skip,skip,skip,skip,skip,skip,skip,skip,skip,skip,skip,0.0,equalize
501,equalize,5,skip,skip,A,skip,skip,A,skip,skip,A,skip,skip,A,skip,skip,A,skip,skip,A,skip,skip,0.3,equalize
501,rotate0,6,skip,skip,skip,skip,skip,skip,skip,skip,skip,skip,skip,skip,skip,skip,skip,skip,skip,skip,skip,skip,0.0,equalize
502,equalize,1,A,skip,skip,skip,B,skip,skip,B,skip,skip,B,skip,skip,B,skip,skip,B,skip,skip,B,0.35,equalize
502,equalize,2,B,skip,skip,skip,skip,A,skip,skip,A,skip,skip,A,skip,skip,A,skip,skip,A,skip,skip,0.3,equalize
502,rotate0,3,skip,skip,skip,skip,skip,skip,skip,skip,skip,skip,skip,skip,skip,skip,skip,skip,skip,skip,skip,skip,0.0,equalize
502,rotate0,4,skip,skip,skip,skip,skip,skip,skip,skip,skip,skip,skip,skip,skip,skip,skip,skip,skip,skip,skip,skip,0.0,equalize
502,rotate0,5,skip,skip,skip,skip,skip,skip,skip,skip,skip,skip,skip,skip,skip,skip,skip,skip,skip,skip,skip,skip,0.0,equalize
502,equalize,6,skip,skip,B,skip,skip,B,skip,skip,B,skip,skip,B,skip,skip,B,skip,skip,B,skip,skip,0.3,equalize
503,rotate0,1,A,A,A,A,A,A,A,A,A,A,A,A,A,A,A,A,A,A,A,A,0.2,rotate0
503,rotate0,2,B,B,B,B,B,B,B,B,B,B,B,B,B,B,B,B,B,B,B,B,0.25,rotate0
503,equalize,3,skip,A,B,B,A,A,A,B,B,B,A,A,A,B,B,B,A,A,A,B,0.0,rotate0
503,rotate0,4,skip,skip,skip,skip,skip,skip,skip,skip,skip,skip,skip,skip,skip,skip,skip,skip,skip,skip,skip,skip,0.0,rotate0
503,equalize,5,skip,skip,A,skip,B,B,skip,A,A,skip,B,B,skip,A,A,skip,B,B,skip,A,0.0,rotate0
503,equalize,6,skip,skip,skip,skip,skip,skip,skip,skip,skip,skip,skip,skip,skip,skip,skip,skip,skip,skip,skip,skip,0.0,rotate0
504,rotate0,1,A,A,A,A,A,A,A,A,A,A,A,A,A,A,A,A,A,A,A,A,0.25,equalize
504,equalize,2,B,skip,skip,B,skip,B,skip,skip,skip,skip,skip,skip,skip,skip,A,A,A,B,skip,skip,0.2,equalize
504,rotate0,3,skip,skip,skip,skip,skip,skip,skip,skip,skip,skip,skip,skip,skip,skip,skip,skip,skip,skip,skip,skip,0.0,equalize
504,equalize,4,skip,B,skip,skip,B,skip,skip,skip,A,A,A,B,skip,skip,skip,skip,skip,A,A,A,0.15,equalize
504,rotate0,5,skip,skip,skip,skip,skip,skip,skip,skip,skip,skip,skip,skip,skip,skip,skip,skip,skip,skip,skip,skip,0.0,equalize
504,equalize,6,skip,skip,B,skip,skip,A,A,A,B,skip,skip,A,A,A,B,skip,skip,skip,skip,skip,0.15,equalize
505,rotate0,1,A,A,A,A,A,A,A,A,A,A,A,A,A,A,A,A,A,A,A,A,0.35,equalize
505,equalize,2,B,skip,skip,skip,skip,B,skip,skip,A,skip,B,skip,skip,A,B,skip,skip,A,skip,B,0.25,equalize
505,equalize,3,skip,A,B,skip,skip,A,skip,B,skip,skip,A,B,skip,skip,A,skip,B,skip,skip,A,0.2,equalize
505,rotate0,4,skip,skip,skip,skip,skip,skip,skip,skip,skip,skip,skip,skip,skip,skip,skip,skip,skip,skip,skip,skip,0.0,equalize
505,equalize,5,skip,skip,A,A,B,skip,skip,A,B,skip,skip,A,skip,B,skip,skip,A,B,skip,skip,0.2,equalize
505,rotate0,6,skip,skip,skip,skip,skip,skip,skip,skip,skip,skip,skip,skip,skip,skip,skip,skip,skip,skip,skip,skip,0.0,equalize
506,rotate0,1,A,A,A,A,A,A,A,A,A,A,A,A,A,A,A,A,A,A,A,A,0.1,equalize
506,equalize,2,B,skip,skip,skip,skip,A,A,A,B,skip,skip,skip,skip,skip,A,A,A,B,skip,skip,0.15,equalize
506,equalize,3,skip,A,B,skip,skip,skip,skip,skip,A,A,A,B,skip,skip,skip,skip,skip,A,A,A,0.1,equalize
506,rotate0,4,skip,skip,skip,skip,skip,skip,skip,skip,skip,skip,skip,skip,skip,skip,skip,skip,skip,skip,skip,skip,0.0,equalize
506,rotate0,5,skip,skip,skip,skip,skip,skip,skip,skip,skip,skip,skip,skip,skip,skip,skip,skip,skip,skip,skip,skip,0.0,equalize
506,equalize,6,skip,skip,skip,A,A,B,skip,skip,skip,skip,skip,A,A,A,B,skip,skip,skip,skip,skip,0.1,equalize
507,equalize,1,A,skip,skip,B,B,B,A,skip,skip,skip,skip,skip,B,B,B,A,skip,skip,skip,skip,0.15,equalize
507,rotate0,2,B,B,B,B,B,B,B,B,B,B,B,B,B,B,B,B,B,B,B,B,0.1,equalize
507,equalize,3,skip,A,skip,skip,skip,skip,B,B,B,A,skip,skip,skip,skip,skip,B,B,B,A,skip,0.15,equalize
507,equalize,4,skip,B,A,skip,skip,skip,skip,skip,skip,B,B,B,A,skip,skip,skip,skip,skip,B,B,0.1,equalize
507,rotate0,5,skip,skip,skip,skip,skip,skip,skip,skip,skip,skip,skip,skip,skip,skip,skip,skip,skip,skip,skip,skip,0.0,equalize
507,rotate0,6,skip,skip,skip,skip,skip,skip,skip,skip,skip,skip,skip,skip,skip,skip,skip,skip,skip,skip,skip,skip,0.0,equalize
508,rotate0,1,A,A,A,A,A,A,A,A,A,A,A,A,A,A,A,A,A,A,A,A,0.15,equalize
508,equalize,2,B,skip,skip,skip,skip,B,skip,skip,skip,skip,skip,A,A,A,B,skip,skip,skip,skip,skip,0.15,equalize
508,rotate0,3,skip,skip,skip,skip,skip,skip,skip,skip,skip,skip,skip,skip,skip,skip,skip,skip,skip,skip,skip,skip,0.0,equalize
508,equalize,4,skip,B,skip,skip,skip,A,A,A,B,skip,skip,skip,skip,skip,A,A,A,B,skip,skip,0.15,equalize
508,equalize,5,skip,skip,A,A,B,skip,skip,skip,A,A,A,B,skip,skip,skip,skip,skip,A,A,A,0.1,equalize
508,rotate0,6,skip,skip,skip,skip,skip,skip,skip,skip,skip,skip,skip,skip,skip,skip,skip,skip,skip,skip,skip,skip,0.0,equalize
509,rotate0,1,A,A,A,A,A,A,A,A,A,A,A,A,A,A,A,A,A,A,A,A,0.4,rotate0
509,rotate0,2,B,B,B,B,B,B,B,B,B,B,B,B,B,B,B,B,B,B,B,B,0.05,rotate0
509,rotate0,3,skip,skip,skip,skip,skip,skip,skip,skip,skip,skip,skip,skip,skip,skip,skip,skip,skip,skip,skip,skip,0.0,rotate0
509,equalize,4,skip,B,A,B,A,A,B,A,A,B,A,A,B,A,A,B,A,A,B,A,0.0,rotate0
509,equalize,5,skip,skip,B,skip,B,B,skip,B,B,skip,B,B,skip,B,B,skip,B,B,skip,B,0.0,rotate0
509,equalize,6,skip,skip,skip,skip,skip,skip,skip,skip,skip,skip,skip,skip,skip,skip,skip,skip,skip,skip,skip,skip,0.0,rotate0
510,equalize,1,A,skip,skip,B,skip,skip,B,skip,skip,B,skip,skip,B,skip,skip,B,skip,skip,B,skip,0.35,equalize
510,equalize,2,B,skip,skip,skip,skip,A,skip,skip,A,skip,skip,A,skip,skip,A,skip,skip,A,skip,skip,0.3,equalize
510,rotate0,3,skip,skip,skip,skip,skip,skip,skip,skip,skip,skip,skip,skip,skip,skip,skip,skip,skip,skip,skip,skip,0.0,equalize
510,equalize,4,skip,B,skip,skip,skip,B,skip,skip,B,skip,skip,B,skip,skip,B,skip,skip,B,skip,skip,0.3,equalize
510,rotate0,5,skip,skip,skip,skip,skip,skip,skip,skip,skip,skip,skip,skip,skip,skip,skip,skip,skip,skip,skip,skip,0.0,equalize
510,rotate0,6,skip,skip,skip,skip,skip,skip,skip,skip,skip,skip,skip,skip,skip,skip,skip,skip,skip,skip,skip,skip,0.0,equalize
511,equalize,1,A,skip,skip,A,skip,skip,A,skip,skip,A,skip,skip,A,skip,skip,A,skip,skip,A,skip,0.35,equalize
511,equalize,2,B,skip,skip,skip,skip,B,skip,skip,B,skip,skip,B,skip,skip,B,skip,skip,B,skip,skip,0.3,equalize
511,equalize,3,skip,A,skip,skip,skip,A,skip,skip,A,skip,skip,A,skip,skip,A,skip,skip,A,skip,skip,0.3,equalize
511,rotate0,4,skip,skip,skip,skip,skip,skip,skip,skip,skip,skip,skip,skip,skip,skip,skip,skip,skip,skip,skip,skip,0.0,equalize
511,rotate0,5,skip,skip,skip,skip,skip,skip,skip,skip,skip,skip,skip,skip,skip,skip,skip,skip,skip,skip,skip,skip,0.0,equalize
511,rotate0,6,skip,skip,skip,skip,skip,skip,skip,skip,skip,skip,skip,skip,skip,skip,skip,skip,skip,skip,skip,skip,0.0,equalize
512,rotate0,1,A,A,A,A,A,A,A,A,A,A,A,A,A,A,A,A,A,A,A,A,0.05,rotate0
512,rotate0,2,B,B,B,B,B,B,B,B,B,B,B,B,B,B,B,B,B,B,B,B,0.05,rotate0
512,equalize,3,skip,A,A,A,A,A,A,A,A,A,A,A,A,A,A,A,A,A,A,A,0.0,rotate0
512,equalize,4,skip,B,B,B,B,B,B,B,B,B,B,B,B,B,B,B,B,B,B,B,0.0,rotate0
512,rotate0,5,skip,skip,skip,skip,skip,skip,skip,skip,skip,skip,skip,skip,skip,skip,skip,skip,skip,skip,skip,skip,0.0,rotate0
512,equalize,6,skip,skip,skip,skip,skip,skip,skip,skip,skip,skip,skip,skip,skip,skip,skip,skip,skip,skip,skip,skip,0.0,rotate0
513,rotate0,1,A,A,A,A,A,A,A,A,A,A,A,A,A,A,A,A,A,A,A,A,0.1,equalize
513,equalize,2,B,skip,skip,A,A,A,B,skip,skip,skip,skip,skip,A,A,A,B,skip,skip,skip,skip,0.15,equalize
513,equalize,3,skip,A,B,skip,skip,skip,A,A,A,B,skip,skip,skip,skip,skip,A,A,A,B,skip,0.15,equalize
513,equalize,4,skip,B,skip,skip,skip,skip,skip,skip,skip,A,A,A,B,skip,skip,skip,skip,skip,A,A,0.1,equalize
513,rotate0,5,skip,skip,skip,skip,skip,skip,skip,skip,skip,skip,skip,skip,skip,skip,skip,skip,skip,skip,skip,skip,0.0,equalize
513,rotate0,6,skip,skip,skip,skip,skip,skip,skip,skip,skip,skip,skip,skip,skip,skip,skip,skip,skip,skip,skip,skip,0.0,equalize
514,equalize,1,A,skip,skip,A,skip,A,skip,skip,skip,skip,skip,skip,skip,skip,B,B,B,A,skip,skip,0.2,equalize
514,rotate0,2,B,B,B,B,B,B,B,B,B,B,B,B,B,B,B,B,B,B,B,B,0.25,equalize
514,equalize,3,skip,A,skip,skip,A,skip,skip,skip,B,B,B,A,skip,skip,skip,skip,skip,B,B,B,0.15,equalize
514,rotate0,4,skip,skip,skip,skip,skip,skip,skip,skip,skip,skip,skip,skip,skip,skip,skip,skip,skip,skip,skip,skip,0.0,equalize
514,equalize,5,skip,skip,A,skip,skip,B,B,B,A,skip,skip,B,B,B,A,skip,skip,skip,skip,skip,0.15,equalize
514,rotate0,6,skip,skip,skip,skip,skip,skip,skip,skip,skip,skip,skip,skip,skip,skip,skip,skip,skip,skip,skip,skip,0.0,equalize
515,rotate0,1,A,A,A,A,A,A,A,A,A,A,A,A,A,A,A,A,A,A,A,A,0.4,equalize
515,equalize,2,B,skip,skip,skip,A,B,skip,skip,A,skip,B,skip,skip,A,B,skip,skip,A,skip,B,0.25,equalize
515,rotate0,3,skip,skip,skip,skip,skip,skip,skip,skip,skip,skip,skip,skip,skip,skip,skip,skip,skip,skip,skip,skip,0.0,equalize
515,rotate0,4,skip,skip,skip,skip,skip,skip,skip,skip,skip,skip,skip,skip,skip,skip,skip,skip,skip,skip,skip,skip,0.0,equalize
515,equalize,5,skip,skip,B,skip,skip,A,skip,B,skip,skip,A,B,skip,skip,A,skip,B,skip,skip,A,0.2,equalize
515,equalize,6,skip,skip,A,skip,B,skip,skip,A,B,skip,skip,A,skip,B,skip,skip,A,B,skip,skip,0.2,equalize
516,rotate0,1,A,A,A,A,A,A,A,A,A,A,A,A,A,A,A,A,A,A,A,A,0.05,rotate0
516,rotate0,2,B,B,B,B,B,B,B,B,B,B,B,B,B,B,B,B,B,B,B,B,0.05,rotate0
516,equalize,3,skip,A,A,A,A,A,A,A,A,A,A,A,A,A,A,A,A,A,A,A,0.0,rotate0
516,equalize,4,skip,B,B,B,B,B,B,B,B,B,B,B,B,B,B,B,B,B,B,B,0.0,rotate0
516,equalize,5,skip,skip,skip,skip,skip,skip,skip,skip,skip,skip,skip,skip,skip,skip,skip,skip,skip,skip,skip,skip,0.0,rotate0
516,rotate0,6,skip,skip,skip,skip,skip,skip,skip,skip,skip,skip,skip,skip,skip,skip,skip,skip,skip,skip,skip,skip,0.0,rotate0
517,equalize,1,A,skip,skip,skip,skip,A,skip,skip,B,skip,A,skip,skip,B,A,skip,skip,B,skip,A,0.25,equalize
517,rotate0,2,B,B,B,B,B,B,B,B,B,B,B,B,B,B,B,B,B,B,B,B,0.35,equalize
517,rotate0,3,skip,skip,skip,skip,skip,skip,skip,skip,skip,skip,skip,skip,skip,skip,skip,skip,skip,skip,skip,skip,0.0,equalize
517,equalize,4,skip,B,A,skip,skip,B,skip,A,skip,skip,B,A,skip,skip,B,skip,A,skip,skip,B,0.2,equalize
517,equalize,5,skip,skip,B,B,A,skip,skip,B,A,skip,skip,B,skip,A,skip,skip,B,A,skip,skip,0.2,equalize
517,rotate0,6,skip,skip,skip,skip,skip,skip,skip,skip,skip,skip,skip,skip,skip,skip,skip,skip,skip,skip,skip,skip,0.0,equalize
518,equalize,1,A,skip,skip,skip,skip,B,B,B,A,skip,skip,skip,skip,skip,B,B,B,A,skip,skip,0.15,equalize
518,rotate0,2,B,B,B,B,B,B,B,B,B,B,B,B,B,B,B,B,B,B,B,B,0.1,equalize
518,rotate0,3,skip,skip,skip,skip,skip,skip,skip,skip,skip,skip,skip,skip,skip,skip,skip,skip,skip,skip,skip,skip,0.0,equalize
518,equalize,4,skip,B,A,skip,skip,skip,skip,skip,B,B,B,A,skip,skip,skip,skip,skip,B,B,B,0.1,equalize
518,rotate0,5,skip,skip,skip,skip,skip,skip,skip,skip,skip,skip,skip,skip,skip,skip,skip,skip,skip,skip,skip,skip,0.0,equalize
518,equalize,6,skip,skip,skip,B,B,A,skip,skip,skip,skip,skip,B,B,B,A,skip,skip,skip,skip,skip,0.1,equalize
519,equalize,1,A,skip,skip,skip,B,A,skip,skip,B,skip,A,skip,skip,B,A,skip,skip,B,skip,A,0.25,equalize
519,rotate0,2,B,B,B,B,B,B,B,B,B,B,B,B,B,B,B,B,B,B,B,B,0.4,equalize
519,rotate0,3,skip,skip,skip,skip,skip,skip,skip,skip,skip,skip,skip,skip,skip,skip,skip,skip,skip,skip,skip,skip,0.0,equalize
519,rotate0,4,skip,skip,skip,skip,skip,skip,skip,skip,skip,skip,skip,skip,skip,skip,skip,skip,skip,skip,skip,skip,0.0,equalize
519,equalize,5,skip,skip,A,skip,skip,B,skip,A,skip,skip,B,A,skip,skip,B,skip,A,skip,skip,B,0.2,equalize
519,equalize,6,skip,skip,B,skip,A,skip,skip,B,A,skip,skip,B,skip,A,skip,skip,B,A,skip,skip,0.2,equalize
520,equalize,1,A,skip,skip,skip,skip,B,B,B,A,skip,skip,skip,skip,skip,B,B,B,A,skip,skip,0.15,equalize
520,rotate0,2,B,B,B,B,B,B,B,B,B,B,B,B,B,B,B,B,B,B,B,B,0.1,equalize
520,equalize,3,skip,A,skip,skip,skip,skip,skip,skip,B,B,B,A,skip,skip,skip,skip,skip,B,B,B,0.1,equalize
520,rotate0,4,skip,skip,skip,skip,skip,skip,skip,skip,skip,skip,skip,skip,skip,skip,skip,skip,skip,skip,skip,skip,0.0,equalize
520,rotate0,5,skip,skip,skip,skip,skip,skip,skip,skip,skip,skip,skip,skip,skip,skip,skip,skip,skip,skip,skip,skip,0.0,equalize
520,equalize,6,skip,skip,B,B,B,A,skip,skip,skip,skip,skip,B,B,B,A,skip,skip,skip,skip,skip,0.1,equalize
521,caste,1,A,A,A,A,A,A,A,A,A,A,A,A,A,A,A,A,A,A,A,A,0.4,caste
521,caste,2,B,B,B,B,B,B,B,B,B,B,B,B,B,B,B,B,B,B,B,B,0.05,caste
521,caste,3,skip,skip,skip,skip,skip,skip,skip,skip,skip,skip,skip,skip,skip,skip,skip,skip,skip,skip,skip,skip,0.0,caste
521,equalize,4,skip,B,A,B,A,A,B,A,A,B,A,A,B,A,A,B,A,A,B,A,0.0,caste
521,equalize,5,skip,skip,B,skip,B,B,skip,B,B,skip,B,B,skip,B,B,skip,B,B,skip,B,0.0,caste
521,equalize,6,skip,skip,skip,skip,skip,skip,skip,skip,skip,skip,skip,skip,skip,skip,skip,skip,skip,skip,skip,skip,0.0,caste
522,caste,1,A,A,B,A,A,A,A,A,A,A,A,A,A,A,A,A,A,A,A,A,0.2,equalize
522,equalize,2,B,skip,skip,skip,skip,skip,skip,skip,skip,skip,skip,skip,skip,skip,skip,skip,skip,skip,skip,skip,0.05,equalize
522,equalize,3,skip,A,B,B,B,A,A,A,B,B,B,A,A,A,B,B,B,A,A,A,0.0,equalize
522,caste,4,skip,skip,A,B,B,B,B,B,B,B,B,B,B,B,B,B,B,B,B,B,0.2,equalize
522,caste,5,skip,skip,skip,skip,skip,skip,skip,skip,skip,skip,skip,skip,skip,skip,skip,skip,skip,skip,skip,skip,0.0,equalize
522,equalize,6,skip,skip,skip,A,skip,B,B,skip,A,A,skip,B,B,skip,A,A,skip,B,B,skip,0.0,equalize
523,caste,1,A,A,B,B,B,B,B,B,B,B,B,B,B,B,B,B,B,B,B,B,0.4,equalize
523,equalize,2,B,skip,skip,skip,A,A,skip,B,B,A,B,B,A,B,B,A,B,B,A,B,0.1,equalize
523,caste,3,skip,skip,A,skip,A,A,skip,A,A,A,skip,A,A,A,skip,A,A,A,skip,A,0.0,equalize
523,caste,4,skip,skip,skip,skip,skip,skip,skip,skip,skip,skip,skip,skip,skip,skip,skip,skip,skip,skip,skip,skip,0.0,equalize
523,equalize,5,skip,skip,B,A,skip,skip,skip,A,A,skip,A,skip,skip,skip,skip,skip,A,A,skip,A,0.1,equalize
523,equalize,6,skip,skip,A,skip,B,B,A,skip,skip,skip,skip,A,skip,A,A,skip,skip,skip,skip,skip,0.1,equalize
524,caste,1,A,A,B,B,B,A,skip,B,B,skip,A,A,skip,B,B,skip,A,A,skip,B,0.05,equalize
524,equalize,2,B,skip,skip,skip,skip,A,skip,B,B,skip,A,A,skip,B,B,skip,A,A,skip,B,0.05,equalize
524,equalize,3,skip,A,B,B,B,B,B,A,A,A,B,B,B,A,A,A,B,B,B,A,0.0,equalize
524,caste,4,skip,skip,A,skip,A,B,B,A,A,A,B,B,B,A,A,A,B,B,B,A,0.05,equalize
524,equalize,5,skip,skip,A,A,skip,skip,skip,skip,skip,skip,skip,skip,skip,skip,skip,skip,skip,skip,skip,skip,0.05,equalize
524,caste,6,skip,skip,skip,skip,skip,skip,skip,skip,skip,skip,skip,skip,skip,skip,skip,skip,skip,skip,skip,skip,0.0,equalize
525,caste,1,A,A,B,skip,A,A,B,B,B,A,B,A,A,A,A,B,B,B,B,B,0.2,equalize
525,equalize,2,B,skip,skip,skip,A,skip,A,A,skip,A,B,skip,B,B,skip,B,B,skip,A,A,0.05,equalize
525,equalize,3,skip,A,B,A,B,B,B,B,B,B,A,B,A,A,A,A,A,A,B,B,0.0,equalize
525,equalize,4,skip,B,skip,skip,skip,skip,skip,skip,skip,skip,skip,skip,skip,skip,skip,skip,skip,skip,skip,skip,0.05,equalize
525,caste,5,skip,skip,A,A,B,B,A,A,A,B,A,B,B,B,B,A,A,A,A,A,0.15,equalize
525,caste,6,skip,skip,skip,skip,skip,skip,skip,skip,skip,skip,skip,skip,skip,skip,skip,skip,skip,skip,skip,skip,0.0,equalize
526,equalize,1,A,skip,skip,B,A,B,B,A,B,B,A,B,B,A,B,B,A,B,B,A,0.05,equalize
526,equalize,2,B,skip,skip,A,skip,A,A,skip,A,A,skip,A,A,skip,A,A,skip,A,A,skip,0.05,equalize
526,equalize,3,skip,A,skip,skip,skip,skip,skip,skip,skip,skip,skip,skip,skip,skip,skip,skip,skip,skip,skip,skip,0.05,equalize
526,caste,4,skip,skip,B,B,B,B,B,B,B,B,B,B,B,B,B,B,B,B,B,B,0.35,equalize
526,caste,5,skip,skip,A,A,A,A,A,A,A,A,A,A,A,A,A,A,A,A,A,A,0.05,equalize
526,caste,6,skip,skip,skip,skip,skip,skip,skip,skip,skip,skip,skip,skip,skip,skip,skip,skip,skip,skip,skip,skip,0.0,equalize
527,caste,1,A,A,A,B,B,B,A,B,B,B,B,B,A,B,B,B,B,B,A,B,0.25,equalize
527,equalize,2,B,skip,skip,A,skip,B,A,skip,A,A,skip,B,A,skip,A,A,skip,B,A,skip,0.05,equalize
527,caste,3,skip,skip,B,A,A,A,B,A,A,A,A,A,B,A,A,A,A,A,B,A,0.2,equalize
527,equalize,4,skip,B,skip,skip,skip,skip,skip,skip,skip,skip,skip,skip,skip,skip,skip,skip,skip,skip,skip,skip,0.05,equalize
527,equalize,5,skip,skip,A,B,B,A,B,A,B,B,B,A,B,A,B,B,B,A,B,A,0.0,equalize
527,caste,6,skip,skip,skip,skip,skip,skip,skip,skip,skip,skip,skip,skip,skip,skip,skip,skip,skip,skip,skip,skip,0.0,equalize
528,equalize,1,A,skip,skip,skip,skip,A,skip,skip,skip,B,skip,B,skip,skip,skip,A,skip,A,A,skip,0.2,equalize
528,caste,2,B,B,A,skip,B,B,A,A,skip,B,A,A,B,B,skip,A,B,B,B,A,0.2,equalize
528,caste,3,skip,skip,B,A,A,skip,B,B,B,A,B,skip,A,A,A,B,A,A,skip,B,0.2,equalize
528,equalize,4,skip,B,A,A,A,B,A,A,B,A,B,A,B,B,A,B,A,B,B,A,0.0,equalize
528,caste,5,skip,skip,skip,skip,skip,skip,skip,skip,skip,skip,skip,skip,skip,skip,skip,skip,skip,skip,skip,skip,0.0,equalize
528,equalize,6,skip,skip,skip,B,skip,skip,B,skip,A,skip,skip,skip,A,skip,B,skip,skip,skip,skip,skip,0.15,equalize
529,equalize,1,A,skip,skip,skip,B,B,skip,A,A,B,A,A,B,A,A,B,A,A,B,A,0.1,equalize
529,caste,2,B,B,A,A,A,A,A,A,A,A,A,A,A,A,A,A,A,A,A,A,0.4,equalize
529,caste,3,skip,skip,B,skip,B,B,skip,B,B,B,skip,B,B,B,skip,B,B,B,skip,B,0.0,equalize
529,caste,4,skip,skip,skip,skip,skip,skip,skip,skip,skip,skip,skip,skip,skip,skip,skip,skip,skip,skip,skip,skip,0.0,equalize
529,equalize,5,skip,skip,A,B,skip,skip,skip,B,B,skip,B,skip,skip,skip,skip,skip,B,B,skip,B,0.1,equalize
529,equalize,6,skip,skip,B,skip,A,A,B,skip,skip,skip,skip,B,skip,B,B,skip,skip,skip,skip,skip,0.1,equalize
530,equalize,1,A,skip,skip,B,skip,skip,skip,skip,A,A,skip,B,B,A,skip,skip,skip,skip,A,skip,0.15,equalize
530,equalize,2,B,skip,skip,skip,skip,skip,B,A,B,B,A,A,A,skip,B,B,A,B,B,A,0.1,equalize
530,caste,3,skip,skip,A,A,A,B,B,B,B,B,B,B,B,B,B,B,B,B,B,B,0.35,equalize
530,caste,4,skip,skip,B,skip,skip,skip,skip,A,A,A,skip,A,A,skip,A,A,A,skip,A,A,0.0,equalize
530,caste,5,skip,skip,skip,skip,skip,skip,skip,skip,skip,skip,skip,skip,skip,skip,skip,skip,skip,skip,skip,skip,0.0,equalize
530,equalize,6,skip,skip,B,A,A,A,A,skip,skip,skip,skip,skip,skip,skip,A,A,skip,A,skip,skip,0.15,equalize
531,caste,1,A,A,A,A,A,A,A,A,A,A,A,A,A,A,A,A,A,A,A,A,0.2,caste
531,caste,2,B,B,B,B,B,B,B,B,B,B,B,B,B,B,B,B,B,B,B,B,0.25,caste
531,equalize,3,skip,A,B,B,A,A,A,B,B,B,A,A,A,B,B,B,A,A,A,B,0.0,caste
531,caste,4,skip,skip,skip,skip,skip,skip,skip,skip,skip,skip,skip,skip,skip,skip,skip,skip,skip,skip,skip,skip,0.0,caste
531,equalize,5,skip,skip,A,skip,B,B,skip,A,A,skip,B,B,skip,A,A,skip,B,B,skip,A,0.0,caste
531,equalize,6,skip,skip,skip,skip,skip,skip,skip,skip,skip,skip,skip,skip,skip,skip,skip,skip,skip,skip,skip,skip,0.0,caste
532,caste,1,A,A,A,A,A,A,A,A,A,A,A,A,A,A,A,A,A,A,A,A,0.05,caste
532,caste,2,B,B,B,B,B,B,B,B,B,B,B,B,B,B,B,B,B,B,B,B,0.05,caste
532,equalize,3,skip,A,A,A,A,A,A,A,A,A,A,A,A,A,A,A,A,A,A,A,0.0,caste
532,equalize,4,skip,B,B,B,B,B,B,B,B,B,B,B,B,B,B,B,B,B,B,B,0.0,caste
532,equalize,5,skip,skip,skip,skip,skip,skip,skip,skip,skip,skip,skip,skip,skip,skip,skip,skip,skip,skip,skip,skip,0.0,caste
532,caste,6,skip,skip,skip,skip,skip,skip,skip,skip,skip,skip,skip,skip,skip,skip,skip,skip,skip,skip,skip,skip,0.0,caste
533,equalize,1,A,skip,skip,A,skip,skip,B,skip,skip,A,skip,skip,A,skip,skip,skip,skip,skip,skip,skip,0.25,equalize
533,equalize,2,B,skip,skip,skip,skip,B,skip,skip,A,skip,skip,B,skip,skip,skip,skip,skip,skip,B,skip,0.25,equalize
533,caste,3,skip,skip,A,skip,skip,skip,skip,A,skip,skip,B,skip,skip,B,B,skip,skip,B,skip,A,0.2,equalize
533,caste,4,skip,skip,B,B,B,A,A,B,B,B,A,A,B,A,A,B,A,A,A,B,0.4,equalize
533,equalize,5,skip,skip,A,B,A,skip,A,A,B,B,skip,A,B,skip,A,B,B,A,A,A,0.1,equalize
533,caste,6,skip,skip,skip,skip,skip,skip,skip,skip,skip,skip,skip,skip,skip,skip,skip,skip,skip,skip,skip,skip,0.0,equalize
534,equalize,1,A,skip,skip,skip,skip,B,skip,B,B,skip,A,A,skip,B,B,skip,A,A,skip,A,0.05,equalize
534,caste,2,B,B,A,B,A,B,B,A,A,A,A,A,A,A,A,A,A,A,B,B,0.2,equalize
534,caste,3,skip,skip,B,skip,B,A,A,B,B,B,B,B,B,B,B,B,B,B,A,A,0.15,equalize
534,equalize,4,skip,B,A,A,skip,skip,skip,skip,skip,skip,skip,skip,skip,skip,skip,skip,skip,skip,skip,skip,0.05,equalize
534,equalize,5,skip,skip,B,B,A,A,A,A,A,A,B,B,B,A,A,A,B,B,A,B,0.0,equalize
534,caste,6,skip,skip,skip,skip,skip,skip,skip,skip,skip,skip,skip,skip,skip,skip,skip,skip,skip,skip,skip,skip,0.0,equalize
535,caste,1,A,A,A,A,A,A,A,A,A,A,A,A,A,A,A,A,A,A,A,A,0.45,equalize
535,equalize,2,B,skip,skip,B,skip,skip,skip,skip,B,B,skip,B,B,skip,A,A,B,A,A,B,0.1,equalize
535,caste,3,skip,skip,B,skip,B,B,skip,B,B,B,skip,B,B,skip,B,B,B,B,skip,B,0.0,equalize
535,equalize,4,skip,B,skip,skip,skip,B,B,skip,skip,skip,skip,skip,skip,skip,B,B,skip,B,B,skip,0.15,equalize
535,caste,5,skip,skip,skip,skip,skip,skip,skip,skip,skip,skip,skip,skip,skip,skip,skip,skip,skip,skip,skip,skip,0.0,equalize
535,equalize,6,skip,skip,B,A,B,A,A,B,A,A,B,A,A,B,skip,skip,skip,skip,skip,skip,0.1,equalize
536,equalize,1,A,skip,skip,A,B,A,A,B,A,A,B,A,A,B,A,A,B,A,A,B,0.05,equalize
536,equalize,2,B,skip,skip,B,skip,B,B,skip,B,B,skip,B,B,skip,B,B,skip,B,B,skip,0.05,equalize
536,caste,3,skip,skip,A,A,A,A,A,A,A,A,A,A,A,A,A,A,A,A,A,A,0.35,equalize
536,equalize,4,skip,B,skip,skip,skip,skip,skip,skip,skip,skip,skip,skip,skip,skip,skip,skip,skip,skip,skip,skip,0.05,equalize
536,caste,5,skip,skip,B,B,B,B,B,B,B,B,B,B,B,B,B,B,B,B,B,B,0.05,equalize
536,caste,6,skip,skip,skip,skip,skip,skip,skip,skip,skip,skip,skip,skip,skip,skip,skip,skip,skip,skip,skip,skip,0.0,equalize
537,equalize,1,A,skip,skip,B,skip,skip,skip,skip,B,B,skip,B,B,skip,A,A,B,A,A,B,0.1,equalize
537,caste,2,B,B,A,A,A,A,A,A,A,A,A,A,A,A,A,A,A,A,A,A,0.45,equalize
537,equalize,3,skip,A,skip,skip,skip,B,B,skip,skip,skip,skip,skip,skip,skip,B,B,skip,B,B,skip,0.15,equalize
537,caste,4,skip,skip,B,skip,B,B,skip,B,B,B,skip,B,B,skip,B,B,B,B,skip,B,0.0,equalize
537,caste,5,skip,skip,skip,skip,skip,skip,skip,skip,skip,skip,skip,skip,skip,skip,skip,skip,skip,skip,skip,skip,0.0,equalize
537,equalize,6,skip,skip,B,A,B,A,A,B,A,A,B,A,A,B,skip,skip,skip,skip,skip,skip,0.1,equalize
538,equalize,1,A,skip,skip,skip,A,skip,skip,A,skip,skip,skip,skip,skip,skip,skip,skip,skip,skip,skip,skip,0.15,equalize
538,caste,2,B,B,A,skip,skip,skip,skip,skip,B,B,A,A,A,A,A,A,A,A,A,A,0.15,equalize
538,equalize,3,skip,A,skip,skip,skip,skip,A,skip,skip,skip,A,skip,A,A,skip,A,A,skip,A,A,0.1,equalize
538,equalize,4,skip,B,A,A,B,B,skip,B,skip,A,B,A,B,B,A,B,B,A,B,B,0.05,equalize
538,caste,5,skip,skip,B,A,B,A,B,B,A,A,B,B,B,B,B,B,B,B,B,B,0.35,equalize
538,caste,6,skip,skip,skip,skip,skip,skip,skip,skip,skip,skip,skip,skip,skip,skip,skip,skip,skip,skip,skip,skip,0.0,equalize
539,caste,1,A,A,A,A,A,A,A,A,A,A,A,A,A,A,A,A,A,A,A,A,0.05,caste
539,caste,2,B,B,B,B,B,B,B,B,B,B,B,B,B,B,B,B,B,B,B,B,0.05,caste
539,equalize,3,skip,A,A,A,A,A,A,A,A,A,A,A,A,A,A,A,A,A,A,A,0.0,caste
539,equalize,4,skip,B,B,B,B,B,B,B,B,B,B,B,B,B,B,B,B,B,B,B,0.0,caste
539,caste,5,skip,skip,skip,skip,skip,skip,skip,skip,skip,skip,skip,skip,skip,skip,skip,skip,skip,skip,skip,skip,0.0,caste
539,equalize,6,skip,skip,skip,skip,skip,skip,skip,skip,skip,skip,skip,skip,skip,skip,skip,skip,skip,skip,skip,skip,0.0,caste
540,equalize,1,A,skip,skip,A,skip,B,A,skip,A,A,skip,B,A,skip,A,A,skip,B,A,skip,0.05,equalize
540,caste,2,B,B,A,B,B,B,A,B,B,B,B,B,A,B,B,B,B,B,A,B,0.25,equalize
540,equalize,3,skip,A,skip,skip,skip,skip,skip,skip,skip,skip,skip,skip,skip,skip,skip,skip,skip,skip,skip,skip,0.05,equalize
540,caste,4,skip,skip,B,A,A,A,B,A,A,A,A,A,B,A,A,A,A,A,B,A,0.2,equalize
540,equalize,5,skip,skip,A,B,B,A,B,A,B,B,B,A,B,A,B,B,B,A,B,A,0.0,equalize
540,caste,6,skip,skip,skip,skip,skip,skip,skip,skip,skip,skip,skip,skip,skip,skip,skip,skip,skip,skip,skip,skip,0.0,equalize
541,equalize,1,A,skip,skip,A,skip,skip,A,skip,skip,A,skip,skip,A,skip,skip,A,skip,skip,A,skip,0.35,draw
541,equalize,2,B,skip,skip,B,skip,skip,B,skip,skip,B,skip,skip,B,skip,skip,B,skip,skip,B,skip,0.35,draw
541,equalize,3,skip,A,skip,skip,A,skip,skip,A,skip,skip,A,skip,skip,A,skip,skip,A,skip,skip,A,0.35,draw
541,equalize,4,skip,B,skip,skip,B,skip,skip,B,skip,skip,B,skip,skip,B,skip,skip,B,skip,skip,B,0.35,draw
541,equalize,5,skip,skip,A,skip,skip,A,skip,skip,A,skip,skip,A,skip,skip,A,skip,skip,A,skip,skip,0.3,draw
541,equalize,6,skip,skip,B,skip,skip,B,skip,skip,B,skip,skip,B,skip,skip,B,skip,skip,B,skip,skip,0.3,draw
542,equalize,1,A,skip,skip,A,skip,skip,A,skip,skip,A,skip,skip,A,skip,skip,A,skip,skip,A,skip,0.35,draw
542,equalize,2,B,skip,skip,B,skip,skip,B,skip,skip,B,skip,skip,B,skip,skip,B,skip,skip,B,skip,0.35,draw
542,equalize,3,skip,A,skip,skip,A,skip,skip,A,skip,skip,A,skip,skip,A,skip,skip,A,skip,skip,A,0.35,draw
542,equalize,4,skip,B,skip,skip,B,skip,skip,B,skip,skip,B,skip,skip,B,skip,skip,B,skip,skip,B,0.35,draw
542,equalize,5,skip,skip,A,skip,skip,A,skip,skip,A,skip,skip,A,skip,skip,A,skip,skip,A,skip,skip,0.3,draw
542,equalize,6,skip,skip,B,skip,skip,B,skip,skip,B,skip,skip,B,skip,skip,B,skip,skip,B,skip,skip,0.3,draw
543,equalize,1,A,skip,skip,A,skip,skip,A,skip,skip,A,skip,skip,A,skip,skip,A,skip,skip,A,skip,0.35,draw
543,equalize,2,B,skip,skip,B,skip,skip,B,skip,skip,B,skip,skip,B,skip,skip,B,skip,skip,B,skip,0.35,draw
543,equalize,3,skip,A,skip,skip,A,skip,skip,A,skip,skip,A,skip,skip,A,skip,skip,A,skip,skip,A,0.35,draw
543,equalize,4,skip,B,skip,skip,B,skip,skip,B,skip,skip,B,skip,skip,B,skip,skip,B,skip,skip,B,0.35,draw
543,equalize,5,skip,skip,A,skip,skip,A,skip,skip,A,skip,skip,A,skip,skip,A,skip,skip,A,skip,skip,0.3,draw
543,equalize,6,skip,skip,B,skip,skip,B,skip,skip,B,skip,skip,B,skip,skip,B,skip,skip,B,skip,skip,0.3,draw
544,equalize,1,A,skip,skip,A,skip,skip,A,skip,skip,A,skip,skip,A,skip,skip,A,skip,skip,A,skip,0.35,draw
544,equalize,2,B,skip,skip,B,skip,skip,B,skip,skip,B,skip,skip,B,skip,skip,B,skip,skip,B,skip,0.35,draw
544,equalize,3,skip,A,skip,skip,A,skip,skip,A,skip,skip,A,skip,skip,A,skip,skip,A,skip,skip,A,0.35,draw
544,equalize,4,skip,B,skip,skip,B,skip,skip,B,skip,skip,B,skip,skip,B,skip,skip,B,skip,skip,B,0.35,draw
544,equalize,5,skip,skip,A,skip,skip,A,skip,skip,A,skip,skip,A,skip,skip,A,skip,skip,A,skip,skip,0.3,draw
544,equalize,6,skip,skip,B,skip,skip,B,skip,skip,B,skip,skip,B,skip,skip,B,skip,skip,B,skip,skip,0.3,draw
545,equalize,1,A,skip,skip,A,skip,skip,A,skip,skip,A,skip,skip,A,skip,skip,A,skip,skip,A,skip,0.35,draw
545,equalize,2,B,skip,skip,B,skip,skip,B,skip,skip,B,skip,skip,B,skip,skip,B,skip,skip,B,skip,0.35,draw
545,equalize,3,skip,A,skip,skip,A,skip,skip,A,skip,skip,A,skip,skip,A,skip,skip,A,skip,skip,A,0.35,draw
545,equalize,4,skip,B,skip,skip,B,skip,skip,B,skip,skip,B,skip,skip,B,skip,skip,B,skip,skip,B,0.35,draw
545,equalize,5,skip,skip,A,skip,skip,A,skip,skip,A,skip,skip,A,skip,skip,A,skip,skip,A,skip,skip,0.3,draw
545,equalize,6,skip,skip,B,skip,skip,B,skip,skip,B,skip,skip,B,skip,skip,B,skip,skip,B,skip,skip,0.3,draw
546,equalize,1,A,skip,skip,A,skip,skip,A,skip,skip,A,skip,skip,A,skip,skip,A,skip,skip,A,skip,0.35,draw
546,equalize,2,B,skip,skip,B,skip,skip,B,skip,skip,B,skip,skip,B,skip,skip,B,skip,skip,B,skip,0.35,draw
546,equalize,3,skip,A,skip,skip,A,skip,skip,A,skip,skip,A,skip,skip,A,skip,skip,A,skip,skip,A,0.35,draw
546,equalize,4,skip,B,skip,skip,B,skip,skip,B,skip,skip,B,skip,skip,B,skip,skip,B,skip,skip,B,0.35,draw
546,equalize,5,skip,skip,A,skip,skip,A,skip,skip,A,skip,skip,A,skip,skip,A,skip,skip,A,skip,skip,0.3,draw
546,equalize,6,skip,skip,B,skip,skip,B,skip,skip,B,skip,skip,B,skip,skip,B,skip,skip,B,skip,skip,0.3,draw
547,equalize,1,A,skip,skip,A,skip,skip,A,skip,skip,A,skip,skip,A,skip,skip,A,skip,skip,A,skip,0.35,draw
547,equalize,2,B,skip,skip,B,skip,skip,B,skip,skip,B,skip,skip,B,skip,skip,B,skip,skip,B,skip,0.35,draw
547,equalize,3,skip,A,skip,skip,A,skip,skip,A,skip,skip,A,skip,skip,A,skip,skip,A,skip,skip,A,0.35,draw
547,equalize,4,skip,B,skip,skip,B,skip,skip,B,skip,skip,B,skip,skip,B,skip,skip,B,skip,skip,B,0.35,draw
547,equalize,5,skip,skip,A,skip,skip,A,skip,skip,A,skip,skip,A,skip,skip,A,skip,skip,A,skip,skip,0.3,draw
547,equalize,6,skip,skip,B,skip,skip,B,skip,skip,B,skip,skip,B,skip,skip,B,skip,skip,B,skip,skip,0.3,draw
548,equalize,1,A,skip,skip,A,skip,skip,A,skip,skip,A,skip,skip,A,skip,skip,A,skip,skip,A,skip,0.35,draw
548,equalize,2,B,skip,skip,B,skip,skip,B,skip,skip,B,skip,skip,B,skip,skip,B,skip,skip,B,skip,0.35,draw
548,equalize,3,skip,A,skip,skip,A,skip,skip,A,skip,skip,A,skip,skip,A,skip,skip,A,skip,skip,A,0.35,draw
548,equalize,4,skip,B,skip,skip,B,skip,skip,B,skip,skip,B,skip,skip,B,skip,skip,B,skip,skip,B,0.35,draw
548,equalize,5,skip,skip,A,skip,skip,A,skip,skip,A,skip,skip,A,skip,skip,A,skip,skip,A,skip,skip,0.3,draw
548,equalize,6,skip,skip,B,skip,skip,B,skip,skip,B,skip,skip,B,skip,skip,B,skip,skip,B,skip,skip,0.3,draw
549,equalize,1,A,skip,skip,A,skip,skip,A,skip,skip,A,skip,skip,A,skip,skip,A,skip,skip,A,skip,0.35,draw
549,equalize,2,B,skip,skip,B,skip,skip,B,skip,skip,B,skip,skip,B,skip,skip,B,skip,skip,B,skip,0.35,draw
549,equalize,3,skip,A,skip,skip,A,skip,skip,A,skip,skip,A,skip,skip,A,skip,skip,A,skip,skip,A,0.35,draw
549,equalize,4,skip,B,skip,skip,B,skip,skip,B,skip,skip,B,skip,skip,B,skip,skip,B,skip,skip,B,0.35,draw
549,equalize,5,skip,skip,A,skip,skip,A,skip,skip,A,skip,skip,A,skip,skip,A,skip,skip,A,skip,skip,0.3,draw
549,equalize,6,skip,skip,B,skip,skip,B,skip,skip,B,skip,skip,B,skip,skip,B,skip,skip,B,skip,skip,0.3,draw
550,equalize,1,A,skip,skip,A,skip,skip,A,skip,skip,A,skip,skip,A,skip,skip,A,skip,skip,A,skip,0.35,draw
550,equalize,2,B,skip,skip,B,skip,skip,B,skip,skip,B,skip,skip,B,skip,skip,B,skip,skip,B,skip,0.35,draw
550,equalize,3,skip,A,skip,skip,A,skip,skip,A,skip,skip,A,skip,skip,A,skip,skip,A,skip,skip,A,0.35,draw
550,equalize,4,skip,B,skip,skip,B,skip,skip,B,skip,skip,B,skip,skip,B,skip,skip,B,skip,skip,B,0.35,draw
550,equalize,5,skip,skip,A,skip,skip,A,skip,skip,A,skip,skip,A,skip,skip,A,skip,skip,A,skip,skip,0.3,draw
550,equalize,6,skip,skip,B,skip,skip,B,skip,skip,B,skip,skip,B,skip,skip,B,skip,skip,B,skip,skip,0.3,draw
551,equalize,1,A,skip,skip,A,skip,skip,A,skip,skip,A,skip,skip,A,skip,skip,A,skip,skip,A,skip,0.35,draw
551,equalize,2,B,skip,skip,B,skip,skip,B,skip,skip,B,skip,skip,B,skip,skip,B,skip,skip,B,skip,0.35,draw
551,equalize,3,skip,A,skip,skip,A,skip,skip,A,skip,skip,A,skip,skip,A,skip,skip,A,skip,skip,A,0.35,draw
551,equalize,4,skip,B,skip,skip,B,skip,skip,B,skip,skip,B,skip,skip,B,skip,skip,B,skip,skip,B,0.35,draw
551,equalize,5,skip,skip,A,skip,skip,A,skip,skip,A,skip,skip,A,skip,skip,A,skip,skip,A,skip,skip,0.3,draw
551,equalize,6,skip,skip,B,skip,skip,B,skip,skip,B,skip,skip,B,skip,skip,B,skip,skip,B,skip,skip,0.3,draw
552,equalize,1,A,skip,skip,A,skip,skip,A,skip,skip,A,skip,skip,A,skip,skip,A,skip,skip,A,skip,0.35,draw
552,equalize,2,B,skip,skip,B,skip,skip,B,skip,skip,B,skip,skip,B,skip,skip,B,skip,skip,B,skip,0.35,draw
552,equalize,3,skip,A,skip,skip,A,skip,skip,A,skip,skip,A,skip,skip,A,skip,skip,A,skip,skip,A,0.35,draw
552,equalize,4,skip,B,skip,skip,B,skip,skip,B,skip,skip,B,skip,skip,B,skip,skip,B,skip,skip,B,0.35,draw
552,equalize,5,skip,skip,A,skip,skip,A,skip,skip,A,skip,skip,A,skip,skip,A,skip,skip,A,skip,skip,0.3,draw
552,equalize,6,skip,skip,B,skip,skip,B,skip,skip,B,skip,skip,B,skip,skip,B,skip,skip,B,skip,skip,0.3,draw
553,equalize,1,A,skip,skip,A,skip,skip,A,skip,skip,A,skip,skip,A,skip,skip,A,skip,skip,A,skip,0.35,draw
553,equalize,2,B,skip,skip,B,skip,skip,B,skip,skip,B,skip,skip,B,skip,skip,B,skip,skip,B,skip,0.35,draw
553,equalize,3,skip,A,skip,skip,A,skip,skip,A,skip,skip,A,skip,skip,A,skip,skip,A,skip,skip,A,0.35,draw
553,equalize,4,skip,B,skip,skip,B,skip,skip,B,skip,skip,B,skip,skip,B,skip,skip,B,skip,skip,B,0.35,draw
553,equalize,5,skip,skip,A,skip,skip,A,skip,skip,A,skip,skip,A,skip,skip,A,skip,skip,A,skip,skip,0.3,draw
553,equalize,6,skip,skip,B,skip,skip,B,skip,skip,B,skip,skip,B,skip,skip,B,skip,skip,B,skip,skip,0.3,draw
554,equalize,1,A,skip,skip,A,skip,skip,A,skip,skip,A,skip,skip,A,skip,skip,A,skip,skip,A,skip,0.35,draw
554,equalize,2,B,skip,skip,B,skip,skip,B,skip,skip,B,skip,skip,B,skip,skip,B,skip,skip,B,skip,0.35,draw
554,equalize,3,skip,A,skip,skip,A,skip,skip,A,skip,skip,A,skip,skip,A,skip,skip,A,skip,skip,A,0.35,draw
554,equalize,4,skip,B,skip,skip,B,skip,skip,B,skip,skip,B,skip,skip,B,skip,skip,B,skip,skip,B,0.35,draw
554,equalize,5,skip,skip,A,skip,skip,A,skip,skip,A,skip,skip,A,skip,skip,A,skip,skip,A,skip,skip,0.3,draw
554,equalize,6,skip,skip,B,skip,skip,B,skip,skip,B,skip,skip,B,skip,skip,B,skip,skip,B,skip,skip,0.3,draw
555,equalize,1,A,skip,skip,A,skip,skip,A,skip,skip,A,skip,skip,A,skip,skip,A,skip,skip,A,skip,0.35,draw
555,equalize,2,B,skip,skip,B,skip,skip,B,skip,skip,B,skip,skip,B,skip,skip,B,skip,skip,B,skip,0.35,draw
555,equalize,3,skip,A,skip,skip,A,skip,skip,A,skip,skip,A,skip,skip,A,skip,skip,A,skip,skip,A,0.35,draw
555,equalize,4,skip,B,skip,skip,B,skip,skip,B,skip,skip,B,skip,skip,B,skip,skip,B,skip,skip,B,0.35,draw
555,equalize,5,skip,skip,A,skip,skip,A,skip,skip,A,skip,skip,A,skip,skip,A,skip,skip,A,skip,skip,0.3,draw
555,equalize,6,skip,skip,B,skip,skip,B,skip,skip,B,skip,skip,B,skip,skip,B,skip,skip,B,skip,skip,0.3,draw
556,equalize,1,A,skip,skip,A,skip,skip,A,skip,skip,A,skip,skip,A,skip,skip,A,skip,skip,A,skip,0.35,draw
556,equalize,2,B,skip,skip,B,skip,skip,B,skip,skip,B,skip,skip,B,skip,skip,B,skip,skip,B,skip,0.35,draw
556,equalize,3,skip,A,skip,skip,A,skip,skip,A,skip,skip,A,skip,skip,A,skip,skip,A,skip,skip,A,0.35,draw
556,equalize,4,skip,B,skip,skip,B,skip,skip,B,skip,skip,B,skip,skip,B,skip,skip,B,skip,skip,B,0.35,draw
556,equalize,5,skip,skip,A,skip,skip,A,skip,skip,A,skip,skip,A,skip,skip,A,skip,skip,A,skip,skip,0.3,draw
556,equalize,6,skip,skip,B,skip,skip,B,skip,skip,B,skip,skip,B,skip,skip,B,skip,skip,B,skip,skip,0.3,draw
557,equalize,1,A,skip,skip,A,skip,skip,A,skip,skip,A,skip,skip,A,skip,skip,A,skip,skip,A,skip,0.35,draw
557,equalize,2,B,skip,skip,B,skip,skip,B,skip,skip,B,skip,skip,B,skip,skip,B,skip,skip,B,skip,0.35,draw
557,equalize,3,skip,A,skip,skip,A,skip,skip,A,skip,skip,A,skip,skip,A,skip,skip,A,skip,skip,A,0.35,draw
557,equalize,4,skip,B,skip,skip,B,skip,skip,B,skip,skip,B,skip,skip,B,skip,skip,B,skip,skip,B,0.35,draw
557,equalize,5,skip,skip,A,skip,skip,A,skip,skip,A,skip,skip,A,skip,skip,A,skip,skip,A,skip,skip,0.3,draw
557,equalize,6,skip,skip,B,skip,skip,B,skip,skip,B,skip,skip,B,skip,skip,B,skip,skip,B,skip,skip,0.3,draw
558,equalize,1,A,skip,skip,A,skip,skip,A,skip,skip,A,skip,skip,A,skip,skip,A,skip,skip,A,skip,0.35,draw
558,equalize,2,B,skip,skip,B,skip,skip,B,skip,skip,B,skip,skip,B,skip,skip,B,skip,skip,B,skip,0.35,draw
558,equalize,3,skip,A,skip,skip,A,skip,skip,A,skip,skip,A,skip,skip,A,skip,skip,A,skip,skip,A,0.35,draw
558,equalize,4,skip,B,skip,skip,B,skip,skip,B,skip,skip,B,skip,skip,B,skip,skip,B,skip,skip,B,0.35,draw
558,equalize,5,skip,skip,A,skip,skip,A,skip,skip,A,skip,skip,A,skip,skip,A,skip,skip,A,skip,skip,0.3,draw
558,equalize,6,skip,skip,B,skip,skip,B,skip,skip,B,skip,skip,B,skip,skip,B,skip,skip,B,skip,skip,0.3,draw
559,equalize,1,A,skip,skip,A,skip,skip,A,skip,skip,A,skip,skip,A,skip,skip,A,skip,skip,A,skip,0.35,draw
559,equalize,2,B,skip,skip,B,skip,skip,B,skip,skip,B,skip,skip,B,skip,skip,B,skip,skip,B,skip,0.35,draw
559,equalize,3,skip,A,skip,skip,A,skip,skip,A,skip,skip,A,skip,skip,A,skip,skip,A,skip,skip,A,0.35,draw
559,equalize,4,skip,B,skip,skip,B,skip,skip,B,skip,skip,B,skip,skip,B,skip,skip,B,skip,skip,B,0.35,draw
559,equalize,5,skip,skip,A,skip,skip,A,skip,skip,A,skip,skip,A,skip,skip,A,skip,skip,A,skip,skip,0.3,draw
559,equalize,6,skip,skip,B,skip,skip,B,skip,skip,B,skip,skip,B,skip,skip,B,skip,skip,B,skip,skip,0.3,draw
560,equalize,1,A,skip,skip,A,skip,skip,A,skip,skip,A,skip,skip,A,skip,skip,A,skip,skip,A,skip,0.35,draw
560,equalize,2,B,skip,skip,B,skip,skip,B,skip,skip,B,skip,skip,B,skip,skip,B,skip,skip,B,skip,0.35,draw
560,equalize,3,skip,A,skip,skip,A,skip,skip,A,skip,skip,A,skip,skip,A,skip,skip,A,skip,skip,A,0.35,draw
560,equalize,4,skip,B,skip,skip,B,skip,skip,B,skip,skip,B,skip,skip,B,skip,skip,B,skip,skip,B,0.35,draw
560,equalize,5,skip,skip,A,skip,skip,A,skip,skip,A,skip,skip,A,skip,skip,A,skip,skip,A,skip,skip,0.3,draw
560,equalize,6,skip,skip,B,skip,skip,B,skip,skip,B,skip,skip,B,skip,skip,B,skip,skip,B,skip,skip,0.3,draw
561,turntaking,1,skip,skip,skip,skip,skip,skip,skip,B,A,A,skip,skip,skip,B,A,skip,skip,skip,skip,A,0.15,turntaking
561,random,2,skip,B,B,B,A,A,B,A,skip,B,skip,skip,A,skip,skip,skip,B,B,skip,skip,0.1,turntaking
561,turntaking,3,skip,skip,skip,skip,A,B,B,A,B,B,B,B,B,A,skip,A,A,B,B,B,0.1,turntaking
561,turntaking,4,skip,B,B,B,B,A,A,skip,skip,skip,A,skip,skip,skip,skip,skip,skip,A,A,skip,0.15,turntaking
561,random,5,A,A,skip,B,B,B,skip,B,A,B,B,B,B,B,B,A,skip,B,B,skip,0.05,turntaking
561,random,6,A,A,skip,A,A,B,skip,A,B,skip,skip,A,skip,B,skip,A,A,A,B,skip,0.1,turntaking
562,random,1,A,B,B,B,B,skip,A,A,skip,A,skip,B,skip,A,A,skip,A,B,A,A,0.05,turntaking
562,random,2,B,B,B,B,B,skip,B,skip,A,B,skip,B,B,skip,A,B,skip,A,A,skip,0.0,turntaking
562,turntaking,3,skip,skip,skip,B,A,skip,B,B,skip,skip,skip,B,B,B,skip,skip,B,B,B,B,0.2,turntaking
562,turntaking,4,skip,skip,B,A,skip,B,skip,skip,skip,B,A,skip,skip,skip,B,skip,skip,skip,skip,skip,0.2,turntaking
562,random,5,A,skip,B,B,skip,A,skip,skip,A,B,skip,A,skip,A,A,B,B,skip,B,skip,0.05,turntaking
562,turntaking,6,B,B,A,skip,B,A,A,A,B,skip,B,skip,skip,skip,skip,B,A,A,A,A,0.15,turntaking
563,turntaking,1,skip,skip,skip,skip,skip,B,A,B,B,skip,skip,A,A,A,A,A,B,B,skip,skip,0.15,turntaking
563,turntaking,2,skip,A,A,A,A,skip,B,A,A,B,skip,skip,skip,B,B,skip,skip,skip,A,A,0.2,turntaking
563,random,3,B,A,skip,A,B,skip,A,B,skip,skip,skip,A,A,B,A,skip,B,skip,B,B,0.05,turntaking
563,turntaking,4,skip,B,B,B,B,A,skip,skip,skip,A,A,skip,skip,skip,skip,B,A,skip,B,B,0.15,turntaking
563,random,5,skip,A,A,skip,B,B,B,A,A,skip,skip,B,A,A,skip,B,skip,skip,A,skip,0.05,turntaking
563,random,6,skip,B,B,B,skip,B,A,B,A,A,B,A,A,skip,A,B,skip,A,A,skip,0.1,turntaking
564,turntaking,1,skip,skip,A,skip,skip,skip,A,skip,skip,B,skip,skip,skip,skip,A,A,skip,A,skip,skip,0.25,turntaking
564,random,2,skip,B,B,A,A,A,skip,skip,skip,A,skip,A,A,skip,A,skip,B,skip,B,A,0.05,turntaking
564,turntaking,3,skip,A,skip,skip,A,B,skip,B,skip,A,A,B,skip,A,skip,skip,A,skip,skip,skip,0.25,turntaking
564,random,4,B,B,B,A,B,A,skip,skip,skip,skip,skip,skip,A,B,skip,B,skip,skip,A,skip,0.15,turntaking
564,turntaking,5,A,skip,skip,skip,B,A,B,A,skip,skip,skip,A,A,B,B,skip,B,B,skip,skip,0.2,turntaking
564,random,6,skip,B,skip,skip,B,A,skip,B,A,skip,A,A,A,skip,skip,skip,B,B,B,skip,0.05,turntaking
565,random,1,B,B,B,A,skip,A,A,A,B,skip,A,skip,skip,A,A,skip,skip,A,skip,B,0.1,turntaking
565,random,2,A,skip,B,B,B,A,A,B,B,A,skip,skip,A,skip,A,B,A,skip,B,A,0.05,turntaking
565,turntaking,3,skip,skip,skip,A,B,A,B,A,A,skip,skip,skip,skip,skip,skip,skip,skip,B,B,B,0.1,turntaking
565,random,4,A,skip,skip,skip,B,skip,skip,A,skip,B,B,A,skip,skip,A,B,skip,B,A,B,0.0,turntaking
565,turntaking,5,A,A,skip,B,skip,B,skip,skip,skip,A,A,A,A,B,skip,skip,skip,skip,A,A,0.15,turntaking
565,turntaking,6,B,B,A,skip,skip,skip,skip,B,B,B,B,B,skip,skip,skip,B,B,skip,skip,skip,0.15,turntaking
566,random,1,A,skip,skip,A,A,skip,skip,A,B,A,B,skip,B,B,B,skip,A,skip,skip,A,0.05,turntaking
566,random,2,A,skip,A,B,B,skip,A,B,B,B,B,A,skip,B,B,skip,skip,B,skip,A,0.1,turntaking
566,random,3,A,B,A,skip,A,skip,B,A,B,skip,B,A,skip,A,skip,skip,skip,B,skip,skip,0.0,turntaking
566,turntaking,4,skip,A,skip,skip,A,A,skip,skip,skip,skip,skip,A,B,B,B,B,A,A,skip,skip,0.2,turntaking
566,turntaking,5,A,B,B,skip,skip,skip,B,B,B,B,B,B,A,skip,skip,A,skip,skip,skip,A,0.2,turntaking
566,turntaking,6,B,skip,skip,skip,B,B,skip,skip,skip,A,A,skip,skip,A,A,skip,skip,skip,A,skip,0.25,turntaking
567,random,1,B,B,A,skip,skip,B,B,A,A,A,B,A,A,skip,skip,A,B,B,B,B,0.1,turntaking
567,turntaking,2,skip,skip,skip,A,skip,skip,skip,B,skip,skip,A,skip,skip,skip,skip,skip,skip,skip,skip,A,0.15,turntaking
567,random,3,A,A,A,B,skip,B,skip,A,A,A,B,skip,A,skip,B,skip,A,skip,B,A,0.1,turntaking
567,turntaking,4,skip,A,A,B,B,skip,skip,skip,A,B,skip,skip,A,A,skip,skip,skip,skip,skip,skip,0.15,turntaking
567,turntaking,5,A,B,B,skip,A,A,A,skip,skip,A,B,A,B,skip,A,A,skip,skip,A,skip,0.2,turntaking
567,random,6,A,A,A,B,A,A,B,skip,A,skip,skip,skip,skip,B,A,skip,B,B,B,A,0.05,turntaking
568,turntaking,1,skip,skip,skip,skip,skip,B,skip,A,B,B,skip,skip,A,A,B,skip,skip,A,A,A,0.1,turntaking
568,random,2,skip,skip,B,skip,A,A,B,skip,B,skip,A,A,B,skip,skip,skip,A,A,B,skip,0.05,turntaking
568,random,3,A,skip,skip,skip,A,skip,A,A,A,skip,skip,B,A,A,skip,skip,skip,A,B,A,0.05,turntaking
568,turntaking,4,skip,A,B,B,A,A,A,B,skip,skip,A,A,B,B,skip,A,A,B,B,B,0.15,turntaking
568,turntaking,5,A,B,skip,skip,skip,skip,skip,skip,A,A,B,skip,skip,skip,A,skip,skip,skip,skip,skip,0.15,turntaking
568,random,6,A,A,skip,B,B,B,skip,skip,B,A,skip,A,B,A,skip,A,A,B,A,A,0.05,turntaking
569,random,1,B,B,skip,B,A,B,B,skip,skip,B,A,A,A,A,skip,B,A,A,A,A,0.1,turntaking
569,turntaking,2,skip,skip,skip,A,A,B,B,A,A,A,A,A,A,A,A,A,B,skip,skip,B,0.15,turntaking
569,turntaking,3,skip,B,B,skip,skip,skip,skip,B,skip,skip,B,B,B,B,B,skip,skip,B,B,skip,0.2,turntaking
569,turntaking,4,skip,A,A,B,B,A,A,skip,B,skip,skip,skip,skip,skip,skip,B,A,A,A,A,0.1,turntaking
569,random,5,skip,A,A,A,B,A,B,A,A,A,B,A,A,B,skip,B,A,B,skip,A,0.0,turntaking
569,random,6,A,A,skip,A,B,A,skip,A,A,A,A,B,B,A,skip,B,skip,A,skip,B,0.05,turntaking
570,random,1,B,B,B,A,skip,A,B,B,skip,skip,A,A,B,skip,skip,B,skip,B,A,A,0.15,turntaking
570,turntaking,2,skip,skip,skip,B,B,skip,skip,skip,skip,B,B,skip,skip,skip,B,B,B,skip,skip,skip,0.15,turntaking
570,turntaking,3,skip,skip,B,A,A,skip,skip,B,B,A,skip,skip,skip,B,skip,skip,skip,skip,skip,skip,0.15,turntaking
570,random,4,skip,B,A,B,skip,B,B,skip,B,B,skip,skip,skip,A,B,B,skip,skip,skip,A,0.05,turntaking
570,turntaking,5,A,skip,skip,skip,skip,B,B,A,A,skip,skip,skip,B,A,A,A,A,B,skip,B,0.15,turntaking
570,random,6,B,B,B,A,skip,A,B,A,B,skip,skip,B,B,skip,A,A,skip,skip,B,B,0.1,turntaking
571,turntaking,1,skip,skip,skip,B,skip,skip,skip,A,skip,A,skip,skip,skip,skip,skip,skip,skip,skip,skip,skip,0.15,turntaking
571,random,2,skip,B,B,A,A,A,skip,B,B,B,B,skip,skip,A,A,B,skip,B,B,B,0.15,turntaking
571,random,3,skip,B,skip,A,B,A,A,B,B,B,A,B,B,B,A,skip,B,A,A,A,0.05,turntaking
571,random,4,B,skip,skip,A,A,B,A,B,B,B,B,A,A,skip,A,A,A,B,B,skip,0.0,turntaking
571,turntaking,5,A,skip,skip,skip,A,A,B,skip,A,skip,A,A,A,skip,skip,skip,A,A,A,A,0.15,turntaking
571,turntaking,6,B,B,A,skip,skip,B,A,B,B,B,B,B,B,B,B,A,B,B,B,B,0.1,turntaking
572,turntaking,1,skip,skip,A,B,B,B,A,A,skip,skip,skip,skip,B,B,B,A,A,A,A,B,0.1,turntaking
572,turntaking,2,skip,skip,B,A,A,A,skip,skip,B,B,B,B,A,A,A,skip,skip,skip,B,A,0.1,turntaking
572,random,3,skip,B,B,A,A,B,B,B,B,B,A,A,B,A,B,B,B,A,B,skip,0.05,turntaking
572,random,4,skip,A,B,B,B,skip,A,skip,skip,skip,skip,B,B,B,B,A,A,skip,A,A,0.05,turntaking
572,random,5,A,B,A,skip,skip,B,B,skip,B,skip,B,A,A,B,B,skip,B,skip,A,A,0.05,turntaking
572,turntaking,6,B,skip,skip,skip,skip,skip,B,B,A,skip,skip,skip,skip,skip,skip,B,B,B,skip,skip,0.15,turntaking
573,turntaking,1,skip,skip,A,skip,skip,A,skip,skip,skip,skip,skip,skip,A,B,B,A,A,skip,A,A,0.15,turntaking
573,turntaking,2,skip,A,skip,skip,skip,B,skip,B,skip,skip,skip,skip,skip,A,A,B,B,A,B,B,0.1,turntaking
573,random,3,B,skip,skip,skip,skip,B,skip,skip,A,B,A,A,B,B,B,B,B,skip,A,B,0.15,turntaking
573,random,4,A,B,skip,B,skip,skip,skip,skip,B,skip,A,B,A,skip,A,A,B,A,B,A,0.05,turntaking
573,turntaking,5,A,B,B,A,skip,skip,skip,A,skip,B,B,skip,skip,skip,skip,skip,skip,B,skip,skip,0.15,turntaking
573,random,6,A,B,B,B,skip,skip,A,A,A,skip,skip,B,A,A,skip,B,B,A,B,A,0.05,turntaking
574,turntaking,1,skip,skip,skip,skip,skip,skip,B,A,A,A,B,B,B,B,A,B,B,B,B,B,0.05,turntaking
574,random,2,B,skip,B,A,B,B,A,A,B,A,B,B,skip,skip,A,B,A,B,skip,skip,0.0,turntaking
574,turntaking,3,skip,B,B,B,B,A,skip,skip,skip,skip,A,skip,skip,skip,skip,A,A,A,skip,skip,0.15,turntaking
574,random,4,B,B,A,A,skip,B,B,B,A,A,skip,A,A,B,B,A,A,skip,B,B,0.0,turntaking
574,random,5,B,A,B,B,A,B,A,skip,B,A,B,B,B,B,B,B,skip,B,A,A,0.0,turntaking
574,turntaking,6,B,A,A,A,A,B,A,B,B,B,skip,A,A,A,skip,skip,skip,skip,A,A,0.1,turntaking
575,turntaking,1,skip,skip,skip,skip,skip,B,B,skip,skip,skip,skip,skip,skip,A,A,B,A,B,B,B,0.1,turntaking
575,random,2,A,skip,skip,B,A,A,skip,B,skip,B,skip,A,A,A,A,A,skip,B,B,A,0.0,turntaking
575,random,3,A,B,A,A,B,B,skip,skip,skip,skip,A,skip,A,skip,skip,skip,B,skip,A,A,0.1,turntaking
575,turntaking,4,skip,A,skip,skip,skip,skip,skip,A,skip,skip,skip,skip,skip,skip,skip,skip,skip,skip,skip,skip,0.1,turntaking
575,random,5,B,skip,B,B,B,B,A,B,A,skip,skip,A,B,A,A,B,A,A,skip,skip,0.05,turntaking
575,turntaking,6,B,B,B,A,A,A,A,B,A,B,A,A,A,B,skip,A,skip,A,A,A,0.05,turntaking
576,random,1,B,B,A,skip,B,skip,skip,A,skip,skip,skip,B,B,A,B,A,B,B,B,B,0.1,turntaking
576,turntaking,2,skip,skip,skip,skip,B,A,B,skip,skip,skip,skip,A,B,A,B,B,B,B,B,A,0.1,turntaking
576,turntaking,3,skip,B,skip,B,skip,skip,A,B,A,A,skip,skip,A,skip,skip,skip,skip,skip,skip,skip,0.15,turntaking
576,random,4,B,skip,A,A,A,A,skip,B,skip,skip,B,A,skip,B,skip,skip,A,B,B,A,0.05,turntaking
576,random,5,B,A,B,skip,B,skip,A,skip,A,skip,skip,A,B,B,A,A,A,A,A,B,0.05,turntaking
576,turntaking,6,B,A,A,A,A,B,skip,skip,skip,B,skip,skip,skip,B,A,skip,A,A,A,B,0.1,turntaking
577,random,1,A,skip,skip,A,skip,skip,skip,skip,A,A,B,A,skip,skip,A,skip,B,skip,A,A,0.05,turntaking
577,turntaking,2,skip,skip,skip,B,B,A,B,skip,skip,skip,B,B,A,skip,skip,A,skip,A,B,skip,0.2,turntaking
577,random,3,B,skip,B,A,skip,skip,A,A,A,B,skip,B,skip,skip,A,B,B,B,A,B,0.1,turntaking
577,turntaking,4,skip,B,A,skip,skip,skip,skip,skip,A,A,A,A,B,A,skip,skip,A,skip,skip,B,0.2,turntaking
577,random,5,B,B,B,B,B,A,A,skip,skip,skip,A,A,skip,skip,A,B,B,A,A,skip,0.0,turntaking
577,turntaking,6,B,A,skip,skip,skip,skip,skip,skip,B,skip,skip,skip,skip,B,skip,skip,B,B,A,A,0.15,turntaking
578,random,1,skip,A,skip,skip,skip,A,skip,A,skip,B,B,B,A,A,B,A,A,B,A,B,0.05,turntaking
578,turntaking,2,skip,A,skip,B,skip,skip,A,A,B,B,A,A,B,B,A,A,A,A,A,A,0.05,turntaking
578,random,3,A,skip,A,skip,skip,skip,B,skip,skip,skip,B,A,B,B,skip,A,A,skip,A,A,0.1,turntaking
578,random,4,A,skip,B,A,skip,B,A,A,B,B,A,B,skip,A,A,skip,B,A,B,skip,0.15,turntaking
578,turntaking,5,A,B,skip,skip,B,skip,skip,skip,A,skip,skip,skip,skip,skip,skip,skip,B,B,B,B,0.15,turntaking
578,turntaking,6,B,skip,skip,skip,A,skip,skip,B,skip,skip,B,B,A,A,B,B,skip,skip,skip,skip,0.2,turntaking
579,random,1,A,B,B,skip,skip,B,skip,B,skip,A,A,A,skip,skip,B,A,skip,B,A,skip,0.15,turntaking
579,random,2,B,skip,A,A,B,B,A,B,A,B,skip,B,B,A,skip,skip,B,skip,skip,A,0.1,turntaking
579,turntaking,3,skip,skip,B,B,skip,skip,A,B,B,skip,skip,skip,A,skip,skip,skip,skip,skip,skip,skip,0.15,turntaking
579,turntaking,4,skip,A,skip,skip,A,skip,skip,skip,skip,skip,skip,B,B,B,B,B,skip,skip,B,skip,0.2,turntaking
579,turntaking,5,A,B,A,A,B,B,B,skip,A,B,B,skip,skip,A,A,A,A,A,A,A,0.1,turntaking
579,random,6,A,B,A,skip,skip,A,A,A,A,A,skip,B,skip,B,A,skip,A,A,skip,A,0.1,turntaking
580,turntaking,1,skip,skip,skip,skip,A,B,A,skip,skip,skip,B,A,B,A,B,B,skip,skip,skip,B,0.2,turntaking
580,turntaking,2,skip,B,skip,A,B,A,skip,skip,skip,B,A,skip,skip,B,A,A,B,A,B,A,0.15,turntaking
580,turntaking,3,skip,A,B,B,skip,skip,B,B,B,A,skip,B,skip,skip,skip,skip,skip,B,skip,skip,0.2,turntaking
580,random,4,B,A,B,skip,A,skip,B,skip,skip,B,skip,skip,B,B,A,A,B,A,A,A,0.1,turntaking
580,random,5,A,B,skip,skip,B,B,skip,B,B,B,B,skip,A,skip,B,A,skip,skip,skip,skip,0.1,turntaking
580,random,6,skip,skip,skip,A,B,skip,skip,A,skip,B,B,A,skip,B,skip,skip,B,A,skip,skip,0.05,turntaking
581,turntaking,1,skip,skip,skip,skip,B,skip,skip,A,A,A,skip,skip,skip,skip,skip,A,skip,skip,skip,skip,0.15,turntaking
581,turntaking,2,skip,skip,B,A,skip,skip,A,skip,skip,skip,skip,skip,skip,A,B,B,A,B,B,skip,0.15,turntaking
581,rotate,3,skip,skip,skip,skip,A,B,skip,skip,skip,skip,A,B,skip,skip,skip,skip,A,B,skip,skip,0.0,turntaking
581,turntaking,4,skip,B,skip,skip,A,B,B,skip,skip,B,A,B,B,skip,skip,skip,skip,skip,skip,A,0.15,turntaking
581,rotate,5,skip,skip,A,B,skip,skip,skip,skip,A,B,skip,skip,skip,skip,A,B,skip,skip,skip,skip,0.15,turntaking
581,rotate,6,skip,A,B,skip,skip,skip,skip,A,B,skip,skip,skip,skip,A,B,skip,skip,skip,skip,A,0.1,turntaking
582,rotate,1,A,B,skip,skip,skip,skip,A,B,skip,skip,skip,skip,A,B,skip,skip,skip,skip,A,B,0.2,turntaking
582,turntaking,2,skip,skip,skip,skip,A,skip,skip,skip,skip,skip,skip,B,skip,skip,skip,skip,A,skip,skip,skip,0.15,turntaking
582,turntaking,3,skip,B,skip,B,B,skip,skip,skip,skip,A,skip,skip,skip,skip,skip,A,skip,skip,skip,skip,0.15,turntaking
582,turntaking,4,skip,A,B,A,skip,skip,A,B,B,B,A,skip,skip,A,B,B,B,skip,A,skip,0.15,turntaking
582,rotate,5,skip,skip,A,B,skip,skip,skip,skip,A,B,skip,skip,skip,skip,A,B,skip,skip,skip,skip,0.15,turntaking
582,rotate,6,skip,A,B,skip,skip,skip,skip,A,B,skip,skip,skip,skip,A,B,skip,skip,skip,skip,A,0.1,turntaking
583,rotate,1,A,B,skip,skip,skip,skip,A,B,skip,skip,skip,skip,A,B,skip,skip,skip,skip,A,B,0.15,turntaking
583,rotate,2,B,skip,skip,skip,skip,A,B,skip,skip,skip,skip,A,B,skip,skip,skip,skip,A,B,skip,0.05,turntaking
583,turntaking,3,skip,skip,skip,B,skip,skip,skip,B,A,skip,skip,skip,skip,skip,A,skip,skip,skip,skip,A,0.2,turntaking
583,rotate,4,skip,skip,skip,A,B,skip,skip,skip,skip,A,B,skip,skip,skip,skip,A,B,skip,skip,skip,0.2,turntaking
583,turntaking,5,A,A,skip,skip,A,skip,skip,skip,B,skip,skip,skip,skip,skip,skip,B,skip,skip,skip,skip,0.2,turntaking
583,turntaking,6,B,B,B,skip,skip,A,A,A,skip,skip,B,A,B,A,skip,skip,B,A,B,B,0.15,turntaking
584,turntaking,1,skip,skip,A,skip,skip,skip,A,skip,skip,skip,B,B,skip,skip,skip,A,B,A,A,skip,0.2,turntaking
584,rotate,2,B,skip,skip,skip,skip,A,B,skip,skip,skip,skip,A,B,skip,skip,skip,skip,A,B,skip,0.2,turntaking
584,turntaking,3,skip,B,skip,skip,skip,B,skip,skip,B,skip,A,skip,skip,A,B,B,skip,skip,B,skip,0.2,turntaking
584,rotate,4,skip,skip,skip,A,B,skip,skip,skip,skip,A,B,skip,skip,skip,skip,A,B,skip,skip,skip,0.1,turntaking
584,turntaking,5,A,skip,B,A,A,skip,B,skip,A,skip,skip,skip,skip,B,skip,skip,A,skip,skip,skip,0.25,turntaking
584,rotate,6,skip,A,B,skip,skip,skip,skip,A,B,skip,skip,skip,skip,A,B,skip,skip,skip,skip,A,0.15,turntaking
585,turntaking,1,skip,skip,skip,skip,skip,A,B,A,skip,skip,B,A,A,skip,skip,B,A,skip,skip,skip,0.15,turntaking
585,rotate,2,B,skip,skip,skip,skip,A,B,skip,skip,skip,skip,A,B,skip,skip,skip,skip,A,B,skip,0.15,turntaking
585,turntaking,3,skip,skip,A,A,B,B,skip,skip,A,skip,A,skip,skip,skip,B,skip,skip,skip,skip,A,0.2,turntaking
585,rotate,4,skip,skip,skip,A,B,skip,skip,skip,skip,A,B,skip,skip,skip,skip,A,B,skip,skip,skip,0.1,turntaking
585,rotate,5,skip,skip,A,B,skip,skip,skip,skip,A,B,skip,skip,skip,skip,A,B,skip,skip,skip,skip,0.15,turntaking
585,turntaking,6,B,B,skip,skip,skip,skip,A,skip,skip,skip,skip,skip,skip,A,skip,skip,B,B,skip,skip,0.2,turntaking
586,turntaking,1,skip,skip,skip,A,skip,B,B,B,skip,A,B,B,B,A,skip,skip,skip,B,B,A,0.15,turntaking
586,rotate,2,B,skip,skip,skip,skip,A,B,skip,skip,skip,skip,A,B,skip,skip,skip,skip,A,B,skip,0.05,turntaking
586,rotate,3,skip,skip,skip,skip,A,B,skip,skip,skip,skip,A,B,skip,skip,skip,skip,A,B,skip,skip,0.15,turntaking
586,rotate,4,skip,skip,skip,A,B,skip,skip,skip,skip,A,B,skip,skip,skip,skip,A,B,skip,skip,skip,0.05,turntaking
586,turntaking,5,A,skip,skip,skip,skip,A,A,skip,skip,skip,skip,skip,skip,skip,A,skip,skip,skip,skip,skip,0.15,turntaking
586,turntaking,6,B,B,skip,skip,skip,skip,skip,A,skip,skip,skip,skip,skip,skip,skip,A,B,A,A,skip,0.15,turntaking
587,turntaking,1,skip,skip,B,skip,A,A,skip,skip,skip,skip,skip,skip,B,skip,skip,skip,skip,skip,B,skip,0.15,turntaking
587,turntaking,2,skip,skip,A,skip,skip,skip,skip,A,B,A,B,B,A,skip,skip,skip,skip,skip,A,skip,0.15,turntaking
587,rotate,3,skip,skip,skip,skip,A,B,skip,skip,skip,skip,A,B,skip,skip,skip,skip,A,B,skip,skip,0.15,turntaking
587,rotate,4,skip,skip,skip,A,B,skip,skip,skip,skip,A,B,skip,skip,skip,skip,A,B,skip,skip,skip,0.05,turntaking
587,turntaking,5,A,skip,skip,skip,B,B,A,skip,skip,skip,skip,skip,skip,skip,B,A,B,A,skip,skip,0.15,turntaking
587,rotate,6,skip,A,B,skip,skip,skip,skip,A,B,skip,skip,skip,skip,A,B,skip,skip,skip,skip,A,0.15,turntaking
588,rotate,1,A,B,skip,skip,skip,skip,A,B,skip,skip,skip,skip,A,B,skip,skip,skip,skip,A,B,0.05,turntaking
588,rotate,2,B,skip,skip,skip,skip,A,B,skip,skip,skip,skip,A,B,skip,skip,skip,skip,A,B,skip,0.15,turntaking
588,turntaking,3,skip,skip,skip,B,B,skip,skip,skip,skip,B,A,skip,skip,skip,skip,B,A,skip,skip,skip,0.15,turntaking
588,turntaking,4,skip,A,skip,skip,skip,A,A,B,B,skip,skip,A,A,B,B,skip,skip,skip,skip,B,0.15,turntaking
588,rotate,5,skip,skip,A,B,skip,skip,skip,skip,A,B,skip,skip,skip,skip,A,B,skip,skip,skip,skip,0.15,turntaking
588,turntaking,6,B,B,B,skip,skip,skip,skip,A,skip,skip,skip,skip,skip,A,skip,skip,skip,A,A,A,0.2,turntaking
589,turntaking,1,skip,skip,skip,skip,skip,skip,A,skip,skip,skip,skip,A,skip,skip,skip,skip,skip,skip,A,skip,0.15,turntaking
589,turntaking,2,skip,skip,skip,skip,B,A,skip,skip,skip,skip,A,skip,skip,A,B,A,A,skip,B,skip,0.2,turntaking
589,turntaking,3,skip,A,B,B,A,skip,skip,skip,B,B,B,B,skip,skip,skip,skip,B,A,skip,skip,0.15,turntaking
589,rotate,4,skip,skip,skip,A,B,skip,skip,skip,skip,A,B,skip,skip,skip,skip,A,B,skip,skip,skip,0.1,turntaking
589,rotate,5,skip,skip,A,B,skip,skip,skip,skip,A,B,skip,skip,skip,skip,A,B,skip,skip,skip,skip,0.2,turntaking
589,rotate,6,skip,A,B,skip,skip,skip,skip,A,B,skip,skip,skip,skip,A,B,skip,skip,skip,skip,A,0.1,turntaking
590,rotate,1,A,B,skip,skip,skip,skip,A,B,skip,skip,skip,skip,A,B,skip,skip,skip,skip,A,B,0.25,turntaking
590,turntaking,2,skip,skip,A,B,A,skip,skip,A,skip,skip,skip,A,skip,skip,skip,skip,skip,A,skip,skip,0.2,turntaking
590,turntaking,3,skip,A,skip,skip,skip,A,skip,skip,skip,B,B,B,skip,skip,skip,skip,skip,B,skip,B,0.2,turntaking
590,rotate,4,skip,skip,skip,A,B,skip,skip,skip,skip,A,B,skip,skip,skip,skip,A,B,skip,skip,skip,0.15,turntaking
590,rotate,5,skip,skip,A,B,skip,skip,skip,skip,A,B,skip,skip,skip,skip,A,B,skip,skip,skip,skip,0.05,turntaking
590,turntaking,6,B,skip,skip,skip,B,B,skip,B,skip,A,A,skip,skip,B,A,B,A,skip,skip,A,0.25,turntaking
591,turntaking,1,skip,skip,B,B,skip,skip,skip,skip,B,B,skip,skip,skip,A,A,skip,skip,skip,B,B,0.2,turntaking
591,rotate,2,B,skip,skip,skip,skip,A,B,skip,skip,skip,skip,A,B,skip,skip,skip,skip,A,B,skip,0.2,turntaking
591,rotate,3,skip,skip,skip,skip,A,B,skip,skip,skip,skip,A,B,skip,skip,skip,skip,A,B,skip,skip,0.15,turntaking
591,turntaking,4,skip,A,A,skip,skip,skip,B,B,skip,skip,skip,skip,skip,B,skip,skip,A,skip,A,skip,0.2,turntaking
591,turntaking,5,A,skip,skip,skip,A,B,A,skip,skip,skip,skip,A,A,skip,skip,B,skip,skip,skip,skip,0.2,turntaking
591,rotate,6,skip,A,B,skip,skip,skip,skip,A,B,skip,skip,skip,skip,A,B,skip,skip,skip,skip,A,0.15,turntaking
592,rotate,1,A,B,skip,skip,skip,skip,A,B,skip,skip,skip,skip,A,B,skip,skip,skip,skip,A,B,0.2,turntaking
592,rotate,2,B,skip,skip,skip,skip,A,B,skip,skip,skip,skip,A,B,skip,skip,skip,skip,A,B,skip,0.15,turntaking
592,turntaking,3,skip,skip,skip,B,skip,skip,skip,skip,B,B,skip,skip,B,A,B,B,skip,A,A,B,0.15,turntaking
592,turntaking,4,skip,B,B,A,skip,skip,B,A,A,skip,A,skip,skip,skip,skip,skip,A,skip,skip,skip,0.2,turntaking
592,turntaking,5,A,A,A,skip,skip,B,skip,skip,skip,skip,B,skip,skip,skip,skip,A,skip,skip,B,skip,0.2,turntaking
592,rotate,6,skip,A,B,skip,skip,skip,skip,A,B,skip,skip,skip,skip,A,B,skip,skip,skip,skip,A,0.05,turntaking
593,rotate,1,A,B,skip,skip,skip,skip,A,B,skip,skip,skip,skip,A,B,skip,skip,skip,skip,A,B,0.15,turntaking
593,turntaking,2,skip,skip,skip,skip,A,skip,skip,B,A,skip,skip,skip,B,skip,skip,A,B,B,skip,skip,0.2,turntaking
593,turntaking,3,skip,skip,B,B,skip,skip,B,skip,skip,skip,B,B,skip,skip,skip,B,skip,skip,A,B,0.2,turntaking
593,rotate,4,skip,skip,skip,A,B,skip,skip,skip,skip,A,B,skip,skip,skip,skip,A,B,skip,skip,skip,0.1,turntaking
593,turntaking,5,A,A,A,skip,skip,B,skip,skip,skip,A,A,skip,skip,B,A,skip,skip,A,skip,skip,0.25,turntaking
593,rotate,6,skip,A,B,skip,skip,skip,skip,A,B,skip,skip,skip,skip,A,B,skip,skip,skip,skip,A,0.25,turntaking
594,rotate,1,A,B,skip,skip,skip,skip,A,B,skip,skip,skip,skip,A,B,skip,skip,skip,skip,A,B,0.15,turntaking
594,turntaking,2,skip,skip,skip,skip,A,B,A,B,B,A,skip,skip,B,skip,skip,skip,B,skip,skip,B,0.15,turntaking
594,rotate,3,skip,skip,skip,skip,A,B,skip,skip,skip,skip,A,B,skip,skip,skip,skip,A,B,skip,skip,0.15,turntaking
594,turntaking,4,skip,B,B,A,skip,skip,skip,skip,skip,skip,skip,A,skip,skip,B,A,skip,skip,skip,A,0.15,turntaking
594,turntaking,5,A,A,A,skip,skip,skip,skip,skip,skip,B,skip,skip,skip,skip,A,skip,skip,B,B,skip,0.2,turntaking
594,rotate,6,skip,A,B,skip,skip,skip,skip,A,B,skip,skip,skip,skip,A,B,skip,skip,skip,skip,A,0.1,turntaking
595,turntaking,1,skip,skip,skip,A,skip,skip,skip,A,skip,skip,skip,A,A,skip,skip,skip,skip,skip,skip,A,0.2,turntaking
595,rotate,2,B,skip,skip,skip,skip,A,B,skip,skip,skip,skip,A,B,skip,skip,skip,skip,A,B,skip,0.1,turntaking
595,rotate,3,skip,skip,skip,skip,A,B,skip,skip,skip,skip,A,B,skip,skip,skip,skip,A,B,skip,skip,0.05,turntaking
595,turntaking,4,skip,A,skip,skip,skip,skip,A,skip,skip,B,skip,B,B,B,skip,skip,A,B,B,B,0.2,turntaking
595,rotate,5,skip,skip,A,B,skip,skip,skip,skip,A,B,skip,skip,skip,skip,A,B,skip,skip,skip,skip,0.2,turntaking
595,turntaking,6,B,B,skip,skip,A,B,B,B,skip,A,skip,skip,skip,skip,A,A,skip,skip,skip,skip,0.2,turntaking
596,rotate,1,A,B,skip,skip,skip,skip,A,B,skip,skip,skip,skip,A,B,skip,skip,skip,skip,A,B,0.2,turntaking
596,turntaking,2,skip,skip,skip,skip,A,B,A,B,skip,A,skip,B,skip,B,A,A,B,skip,skip,skip,0.15,turntaking
596,rotate,3,skip,skip,skip,skip,A,B,skip,skip,skip,skip,A,B,skip,skip,skip,skip,A,B,skip,skip,0.1,turntaking
596,turntaking,4,skip,B,A,B,B,skip,skip,A,skip,skip,skip,skip,skip,A,skip,skip,skip,B,skip,A,0.2,turntaking
596,rotate,5,skip,skip,A,B,skip,skip,skip,skip,A,B,skip,skip,skip,skip,A,B,skip,skip,skip,skip,0.1,turntaking
596,turntaking,6,B,skip,skip,skip,skip,A,skip,skip,skip,B,skip,A,skip,skip,skip,skip,skip,A,skip,skip,0.2,turntaking
597,turntaking,1,skip,skip,skip,skip,B,B,B,skip,skip,B,A,A,skip,A,skip,skip,skip,skip,skip,A,0.2,turntaking
597,turntaking,2,skip,skip,A,skip,A,A,skip,skip,B,skip,skip,skip,skip,B,skip,skip,skip,skip,A,skip,0.2,turntaking
597,rotate,3,skip,skip,skip,skip,A,B,skip,skip,skip,skip,A,B,skip,skip,skip,skip,A,B,skip,skip,0.0,turntaking
597,rotate,4,skip,skip,skip,A,B,skip,skip,skip,skip,A,B,skip,skip,skip,skip,A,B,skip,skip,skip,0.25,turntaking
597,rotate,5,skip,skip,A,B,skip,skip,skip,skip,A,B,skip,skip,skip,skip,A,B,skip,skip,skip,skip,0.15,turntaking
597,turntaking,6,B,skip,skip,skip,skip,skip,A,skip,skip,skip,skip,B,B,skip,skip,B,A,B,B,skip,0.2,turntaking
598,rotate,1,A,B,skip,skip,skip,skip,A,B,skip,skip,skip,skip,A,B,skip,skip,skip,skip,A,B,0.1,turntaking
598,rotate,2,B,skip,skip,skip,skip,A,B,skip,skip,skip,skip,A,B,skip,skip,skip,skip,A,B,skip,0.15,turntaking
598,rotate,3,skip,skip,skip,skip,A,B,skip,skip,skip,skip,A,B,skip,skip,skip,skip,A,B,skip,skip,0.15,turntaking
598,turntaking,4,skip,skip,A,skip,skip,skip,skip,skip,skip,A,skip,skip,skip,skip,A,skip,skip,skip,A,A,0.2,turntaking
598,turntaking,5,A,A,skip,skip,A,B,A,A,skip,B,skip,skip,skip,skip,skip,skip,B,skip,skip,skip,0.2,turntaking
598,turntaking,6,B,B,B,skip,skip,skip,skip,B,A,skip,skip,B,B,skip,B,skip,skip,A,B,B,0.15,turntaking
599,turntaking,1,skip,skip,skip,A,skip,skip,skip,skip,skip,skip,B,skip,skip,skip,skip,A,skip,skip,skip,skip,0.15,turntaking
599,rotate,2,B,skip,skip,skip,skip,A,B,skip,skip,skip,skip,A,B,skip,skip,skip,skip,A,B,skip,0.1,turntaking
599,turntaking,3,skip,A,B,B,B,skip,skip,skip,skip,skip,A,skip,skip,skip,skip,skip,skip,A,B,A,0.1,turntaking
599,turntaking,4,skip,B,skip,skip,skip,A,B,A,B,A,skip,skip,B,A,B,B,B,skip,A,skip,0.2,turntaking
599,rotate,5,skip,skip,A,B,skip,skip,skip,skip,A,B,skip,skip,skip,skip,A,B,skip,skip,skip,skip,0.2,turntaking
599,rotate,6,skip,A,B,skip,skip,skip,skip,A,B,skip,skip,skip,skip,A,B,skip,skip,skip,skip,A,0.0,turntaking
600,rotate,1,A,B,skip,skip,skip,skip,A,B,skip,skip,skip,skip,A,B,skip,skip,skip,skip,A,B,0.15,turntaking
600,turntaking,2,skip,skip,B,skip,skip,skip,A,A,skip,A,skip,A,skip,skip,skip,skip,B,A,skip,skip,0.2,turntaking
600,rotate,3,skip,skip,skip,skip,A,B,skip,skip,skip,skip,A,B,skip,skip,skip,skip,A,B,skip,skip,0.2,turntaking
600,rotate,4,skip,skip,skip,A,B,skip,skip,skip,skip,A,B,skip,skip,skip,skip,A,B,skip,skip,skip,0.2,turntaking
600,turntaking,5,A,A,skip,skip,A,A,skip,B,B,skip,skip,skip,skip,B,A,skip,skip,skip,A,A,0.25,turntaking
600,turntaking,6,B,skip,skip,B,skip,skip,B,skip,skip,skip,skip,B,B,skip,skip,skip,skip,skip,B,skip,0.25,turntaking
601,random3,1,A,B,B,B,A,A,A,A,A,A,A,A,A,A,A,A,A,A,A,A,0.0,turntaking
601,random3,2,B,B,A,A,B,B,B,B,B,B,B,B,B,B,B,B,B,B,B,A,0.05,turntaking
601,turntaking,3,skip,skip,B,A,A,A,A,A,A,A,A,A,A,A,A,A,A,A,A,A,0.0,turntaking
601,turntaking,4,skip,A,skip,skip,skip,skip,skip,skip,skip,skip,skip,skip,skip,skip,skip,skip,skip,skip,skip,skip,0.05,turntaking
601,turntaking,5,A,B,A,B,B,B,B,B,B,B,B,B,B,B,B,B,B,B,B,B,0.0,turntaking
601,random3,6,A,B,B,B,B,A,A,A,A,B,B,B,B,A,B,B,B,B,B,B,0.0,turntaking
602,turntaking,1,skip,skip,skip,skip,skip,skip,skip,A,A,A,A,A,B,B,B,B,B,B,B,B,0.0,turntaking
602,random3,2,A,A,A,A,B,B,B,A,A,B,A,A,A,A,B,B,B,B,B,B,0.0,turntaking
602,turntaking,3,skip,skip,skip,skip,A,B,B,B,B,B,B,B,A,A,A,A,skip,skip,skip,skip,0.05,turntaking
602,turntaking,4,skip,B,B,A,B,A,A,skip,skip,skip,skip,skip,skip,skip,skip,skip,A,A,A,A,0.05,turntaking
602,random3,5,A,A,A,A,A,A,B,B,B,B,B,B,B,B,B,B,B,B,B,B,0.0,turntaking
602,random3,6,B,B,B,B,B,B,B,A,A,A,A,A,A,A,A,B,A,A,A,A,0.1,turntaking
603,random3,1,B,B,A,A,A,A,A,A,A,A,A,A,A,A,A,A,A,A,A,A,0.0,turntaking
603,random3,2,B,B,B,B,A,A,B,B,B,B,B,B,B,A,A,A,A,A,A,A,0.0,turntaking
603,random3,3,A,A,A,A,B,A,A,A,A,A,A,A,A,A,A,A,B,B,B,B,0.0,turntaking
603,turntaking,4,skip,skip,skip,skip,skip,skip,B,B,B,B,B,B,B,B,skip,B,skip,skip,skip,skip,0.1,turntaking
603,turntaking,5,A,B,B,A,B,B,skip,skip,skip,skip,skip,skip,skip,skip,B,skip,B,B,B,B,0.1,turntaking
603,turntaking,6,B,A,A,B,A,A,A,A,A,A,A,A,A,A,A,A,A,A,A,A,0.0,turntaking
604,turntaking,1,skip,skip,skip,skip,skip,skip,skip,skip,skip,A,A,A,A,A,A,B,B,A,B,B,0.0,turntaking
604,turntaking,2,skip,skip,A,B,B,A,A,A,A,skip,skip,skip,skip,skip,skip,A,A,B,A,A,0.05,turntaking
604,random3,3,B,B,B,B,B,B,B,B,B,A,A,A,B,B,A,B,B,B,B,B,0.05,turntaking
604,turntaking,4,skip,B,B,A,A,B,B,B,B,B,B,B,B,B,B,skip,skip,skip,skip,skip,0.05,turntaking
604,random3,5,A,B,B,A,A,A,A,B,B,B,B,B,A,A,A,A,A,B,B,B,0.0,turntaking
604,random3,6,A,A,A,B,B,B,A,A,B,A,A,A,A,B,A,A,A,A,A,A,0.05,turntaking
605,turntaking,1,skip,skip,skip,A,skip,skip,skip,skip,skip,skip,skip,skip,skip,A,skip,skip,skip,skip,skip,A,0.1,turntaking
605,random3,2,A,A,B,B,A,A,A,A,A,A,A,A,B,B,B,B,B,B,B,B,0.0,turntaking
605,turntaking,3,skip,A,A,skip,A,A,A,A,A,A,A,A,A,skip,A,A,A,A,A,skip,0.15,turntaking
605,random3,4,A,B,B,B,B,A,B,B,B,B,B,B,B,B,B,A,A,A,B,B,0.0,turntaking
605,turntaking,5,A,B,B,B,B,B,B,B,B,B,B,B,B,B,B,B,B,B,B,B,0.0,turntaking
605,random3,6,A,B,B,B,B,B,B,B,B,B,A,B,B,B,A,B,A,B,B,A,0.0,turntaking
606,turntaking,1,skip,skip,skip,skip,skip,skip,skip,skip,skip,skip,skip,A,A,A,A,A,A,A,A,A,0.0,turntaking
606,random3,2,A,A,A,A,A,A,A,A,A,A,B,A,A,A,A,A,A,B,A,B,0.0,turntaking
606,random3,3,A,B,B,B,B,B,B,B,B,B,B,B,B,A,A,A,A,A,A,A,0.0,turntaking
606,random3,4,B,B,B,B,B,B,B,A,A,B,B,B,B,B,B,B,B,B,B,B,0.0,turntaking
606,turntaking,5,A,A,A,A,A,A,A,A,A,A,A,skip,skip,skip,skip,skip,skip,skip,skip,skip,0.05,turntaking
606,turntaking,6,B,B,B,B,B,B,B,B,B,B,B,B,B,B,B,B,B,B,B,B,0.0,turntaking
607,turntaking,1,skip,skip,B,B,B,B,A,A,A,B,B,B,B,B,B,B,B,B,B,B,0.05,turntaking
607,turntaking,2,skip,B,A,A,A,A,skip,skip,skip,skip,skip,skip,skip,skip,skip,skip,skip,skip,skip,skip,0.05,turntaking
607,random3,3,B,B,B,B,B,B,A,B,B,B,B,B,B,B,B,B,B,A,A,A,0.0,turntaking
607,random3,4,B,B,B,B,B,B,A,A,A,A,A,A,A,A,A,A,A,A,A,A,0.0,turntaking
607,turntaking,5,A,skip,skip,skip,skip,skip,B,B,B,A,A,A,A,A,A,A,A,A,A,A,0.05,turntaking
607,random3,6,B,B,A,A,A,B,B,B,B,B,B,B,A,B,B,B,B,B,B,A,0.0,turntaking
608,turntaking,1,skip,skip,skip,skip,skip,skip,skip,skip,A,skip,skip,A,skip,skip,skip,skip,skip,skip,A,A,0.1,turntaking
608,turntaking,2,skip,B,B,B,B,B,B,B,B,B,B,B,B,B,B,B,B,B,B,B,0.0,turntaking
608,random3,3,A,A,A,A,A,A,A,B,B,B,B,B,B,B,B,B,B,B,B,B,0.05,turntaking
608,random3,4,B,A,A,A,A,B,B,B,B,A,B,B,A,A,A,B,B,B,B,B,0.0,turntaking
608,random3,5,B,B,B,B,B,B,B,B,B,B,B,B,B,A,A,A,A,B,A,A,0.0,turntaking
608,turntaking,6,B,A,A,A,A,A,A,A,skip,A,A,skip,A,A,A,A,A,A,skip,skip,0.15,turntaking
609,random3,1,B,B,A,B,B,B,A,A,A,A,B,A,A,A,A,A,A,A,A,B,0.1,turntaking
609,turntaking,2,skip,skip,skip,skip,A,skip,skip,skip,skip,skip,skip,A,A,A,A,A,A,A,A,A,0.05,turntaking
609,turntaking,3,skip,skip,skip,A,B,A,A,A,A,A,A,skip,skip,skip,skip,skip,skip,skip,skip,B,0.05,turntaking
609,turntaking,4,skip,B,B,skip,skip,B,B,B,B,B,B,B,B,B,B,B,B,B,B,skip,0.1,turntaking
609,random3,5,A,A,A,A,B,B,B,B,B,B,B,B,B,B,B,B,B,B,A,A,0.0,turntaking
609,random3,6,A,A,A,A,B,A,A,B,B,A,B,B,B,B,A,A,A,A,A,A,0.0,turntaking
610,random3,1,B,B,B,B,B,B,B,B,B,B,B,B,B,B,B,B,B,B,B,B,0.0,turntaking
610,random3,2,A,A,A,B,A,B,B,B,B,B,B,B,B,A,A,A,A,A,A,A,0.0,turntaking
610,turntaking,3,skip,skip,skip,skip,B,A,skip,skip,skip,skip,skip,skip,skip,skip,skip,skip,skip,skip,skip,skip,0.05,turntaking
610,random3,4,B,B,B,B,B,B,A,A,A,A,A,A,A,A,A,A,A,B,B,B,0.0,turntaking
610,turntaking,5,A,B,B,A,skip,skip,B,A,A,A,A,A,A,A,A,A,A,A,A,A,0.05,turntaking
610,turntaking,6,B,A,A,B,A,B,A,B,B,B,B,B,B,B,B,B,B,B,B,B,0.0,turntaking
611,turntaking,1,skip,skip,skip,skip,skip,skip,skip,skip,B,A,B,A,A,A,A,A,A,A,skip,A,0.1,turntaking
611,random3,2,B,A,A,B,B,B,B,B,B,A,A,B,B,B,B,B,B,B,B,A,0.0,turntaking
611,turntaking,3,skip,B,B,B,B,B,B,A,skip,B,skip,skip,skip,skip,skip,skip,skip,skip,A,skip,0.15,turntaking
611,random3,4,B,B,B,A,A,A,A,B,B,A,A,A,A,A,A,A,A,B,B,A,0.0,turntaking
611,random3,5,B,B,B,B,B,B,B,B,B,A,A,A,A,B,B,B,A,B,B,B,0.0,turntaking
611,turntaking,6,B,A,A,A,A,A,A,B,A,skip,A,B,B,B,B,B,B,B,B,B,0.05,turntaking
612,random3,1,B,B,B,B,B,B,A,B,B,A,B,B,B,B,B,B,A,A,A,A,0.0,turntaking
612,turntaking,2,skip,skip,skip,skip,skip,skip,skip,skip,skip,skip,B,B,B,B,B,B,B,B,B,B,0.0,turntaking
612,turntaking,3,skip,skip,B,B,B,A,A,A,A,A,A,A,skip,A,A,skip,skip,skip,skip,skip,0.1,turntaking
612,random3,4,A,B,B,B,A,B,B,A,A,A,B,B,B,A,B,A,B,B,A,A,0.0,turntaking
612,turntaking,5,A,B,A,A,A,B,B,B,B,B,skip,skip,A,skip,skip,A,A,A,A,A,0.1,turntaking
612,random3,6,B,A,A,A,A,A,A,A,A,A,A,B,B,A,B,B,B,B,B,B,0.05,turntaking
613,random3,1,B,B,B,A,B,B,B,B,B,A,A,B,B,B,B,A,A,B,B,B,0.0,turntaking
613,turntaking,2,skip,skip,skip,skip,A,B,A,A,A,A,A,A,A,A,A,A,A,A,A,A,0.0,turntaking
613,random3,3,A,A,A,A,B,B,A,A,A,A,A,A,A,A,A,A,B,B,B,B,0.0,turntaking
613,random3,4,A,A,A,A,A,B,A,A,A,B,B,B,A,A,A,A,A,A,A,A,0.0,turntaking
613,turntaking,5,A,A,A,B,skip,skip,B,B,B,B,B,B,B,B,B,B,skip,skip,skip,skip,0.1,turntaking
613,turntaking,6,B,B,B,A,B,A,skip,skip,skip,skip,skip,skip,skip,skip,skip,skip,B,B,B,B,0.05,turntaking
614,turntaking,1,skip,skip,A,B,B,A,A,A,A,A,A,A,A,A,A,A,A,A,A,A,0.0,turntaking
614,random3,2,B,A,A,A,A,A,A,A,A,A,B,A,A,A,A,A,A,A,A,A,0.0,turntaking
614,random3,3,A,A,A,B,B,B,B,B,B,A,B,B,B,B,B,B,B,B,B,A,0.05,turntaking
614,turntaking,4,skip,B,skip,A,A,B,B,B,B,B,skip,skip,skip,skip,skip,skip,skip,skip,skip,skip,0.1,turntaking
614,random3,5,B,A,A,A,A,B,A,A,A,A,A,A,B,B,B,B,B,B,B,B,0.0,turntaking
614,turntaking,6,B,A,B,skip,skip,skip,skip,skip,skip,skip,B,B,B,B,B,B,B,B,B,B,0.05,turntaking
615,random3,1,A,B,B,B,B,B,B,B,B,B,B,B,B,B,B,B,B,B,B,A,0.05,turntaking
615,random3,2,A,A,A,A,A,A,A,A,A,A,A,A,A,A,A,A,B,A,A,A,0.0,turntaking
615,turntaking,3,skip,skip,A,A,A,B,B,B,B,B,B,B,B,B,B,B,B,A,A,A,0.0,turntaking
615,turntaking,4,skip,A,B,B,B,A,A,A,A,A,A,A,A,A,A,A,A,skip,skip,skip,0.05,turntaking
615,random3,5,A,A,A,B,A,A,A,A,A,A,A,A,B,B,B,B,B,B,B,B,0.0,turntaking
615,turntaking,6,B,skip,skip,skip,skip,skip,skip,skip,skip,skip,skip,skip,skip,skip,skip,skip,skip,B,B,B,0.05,turntaking
616,random3,1,B,B,B,B,A,A,A,A,A,B,B,B,B,B,B,B,B,B,A,B,0.05,turntaking
616,turntaking,2,skip,skip,skip,B,B,B,B,B,skip,skip,skip,skip,skip,skip,skip,skip,skip,skip,skip,A,0.05,turntaking
616,random3,3,A,A,B,B,B,B,B,A,B,B,B,B,B,B,B,B,B,A,A,A,0.0,turntaking
616,turntaking,4,skip,A,A,skip,A,A,A,A,A,A,A,A,B,B,B,B,B,B,B,skip,0.1,turntaking
616,turntaking,5,A,B,B,A,skip,skip,skip,skip,B,B,B,B,A,A,A,A,A,A,A,B,0.05,turntaking
616,random3,6,A,A,B,B,B,A,A,A,A,A,A,A,A,A,A,A,A,B,A,A,0.0,turntaking
617,turntaking,1,skip,skip,skip,skip,skip,skip,skip,skip,skip,skip,skip,skip,skip,skip,skip,B,skip,skip,B,B,0.05,turntaking
617,random3,2,B,A,A,B,B,A,A,B,B,B,B,A,A,A,A,A,B,A,A,A,0.0,turntaking
617,random3,3,A,A,A,A,A,A,A,A,B,B,B,B,B,B,A,A,B,A,B,B,0.0,turntaking
617,turntaking,4,skip,skip,A,A,B,B,B,B,B,B,B,B,B,B,B,skip,B,B,skip,skip,0.1,turntaking
617,turntaking,5,A,A,B,B,A,A,A,A,A,A,A,A,A,A,A,A,A,A,A,A,0.0,turntaking
617,random3,6,B,B,B,B,B,B,B,A,A,A,A,A,A,A,A,A,A,A,A,A,0.05,turntaking
618,random3,1,B,A,A,A,A,A,A,A,B,B,B,B,B,B,B,B,A,A,B,A,0.0,turntaking
618,turntaking,2,skip,skip,skip,skip,skip,skip,skip,skip,skip,skip,skip,skip,skip,skip,skip,skip,skip,skip,skip,A,0.0,turntaking
618,turntaking,3,skip,skip,A,A,A,A,A,B,B,B,B,B,B,B,B,B,B,B,B,B,0.05,turntaking
618,random3,4,A,A,B,B,B,B,B,B,A,A,A,A,B,B,B,B,B,B,B,A,0.0,turntaking
618,random3,5,A,A,A,A,A,A,A,A,B,B,B,A,A,A,A,A,B,B,B,A,0.0,turntaking
618,turntaking,6,B,A,B,B,B,B,B,A,A,A,A,A,A,A,A,A,A,A,A,skip,0.05,turntaking
619,turntaking,1,skip,skip,skip,skip,skip,skip,skip,skip,skip,A,A,A,A,A,skip,skip,skip,A,A,A,0.05,turntaking
619,turntaking,2,skip,skip,A,B,B,A,A,A,A,B,B,B,B,B,B,B,B,skip,skip,skip,0.05,turntaking
619,turntaking,3,skip,B,B,A,A,B,B,B,B,skip,skip,skip,skip,skip,A,A,A,B,B,B,0.05,turntaking
619,random3,4,A,B,B,B,B,B,B,B,A,A,A,A,A,B,B,A,A,B,B,B,0.0,turntaking
619,random3,5,A,A,A,A,A,A,A,A,A,B,B,B,B,B,A,A,A,A,A,A,0.05,turntaking
619,random3,6,B,B,B,B,B,B,B,A,A,B,B,B,B,B,B,B,A,A,A,A,0.05,turntaking
620,random3,1,A,A,A,A,B,B,B,A,B,A,A,A,B,B,B,A,A,A,A,B,0.0,turntaking
620,turntaking,2,skip,skip,skip,skip,skip,A,B,A,A,skip,skip,skip,skip,A,A,A,B,B,A,A,0.05,turntaking
620,random3,3,A,A,A,A,B,A,B,A,B,B,B,B,B,A,A,A,B,B,B,B,0.0,turntaking
620,turntaking,4,skip,A,A,B,B,B,A,B,skip,A,A,A,A,skip,skip,skip,A,A,B,B,0.1,turntaking
620,random3,5,B,B,B,B,B,A,A,A,B,B,B,B,B,A,A,A,A,A,A,A,0.0,turntaking
620,turntaking,6,B,B,B,A,A,skip,skip,skip,B,B,B,B,B,B,B,B,skip,skip,skip,skip,0.1,turntaking
621,turntaking,1,skip,skip,skip,skip,skip,B,A,skip,B,A,skip,A,A,A,skip,skip,skip,A,A,skip,0.2,turntaking
621,turntaking,2,skip,skip,skip,A,skip,skip,skip,B,skip,skip,A,B,skip,skip,skip,skip,B,B,skip,skip,0.2,turntaking
621,radicaleq,3,skip,skip,skip,skip,B,skip,skip,skip,B,B,skip,skip,skip,skip,B,A,B,A,B,B,0.15,turntaking
621,turntaking,4,skip,B,skip,skip,skip,A,skip,skip,A,skip,skip,skip,skip,skip,B,A,A,skip,skip,B,0.2,turntaking
621,radicaleq,5,skip,skip,skip,skip,skip,B,B,skip,skip,skip,A,A,A,B,A,skip,skip,skip,skip,A,0.2,turntaking
621,radicaleq,6,skip,skip,skip,skip,skip,skip,skip,A,skip,skip,B,skip,skip,skip,skip,B,skip,skip,skip,skip,0.15,turntaking
622,radicaleq,1,A,skip,skip,skip,skip,skip,skip,skip,skip,skip,B,skip,skip,skip,skip,skip,skip,skip,skip,skip,0.1,turntaking
622,turntaking,2,skip,skip,skip,A,A,A,A,A,A,B,A,skip,skip,skip,skip,skip,skip,skip,skip,skip,0.1,turntaking
622,turntaking,3,skip,B,skip,skip,skip,skip,B,skip,skip,skip,skip,B,A,A,A,A,A,A,A,A,0.1,turntaking
622,turntaking,4,skip,A,skip,skip,B,skip,skip,skip,skip,skip,skip,A,B,B,B,B,B,B,B,B,0.1,turntaking
622,radicaleq,5,skip,skip,A,skip,skip,skip,skip,skip,skip,skip,skip,B,B,B,B,B,B,B,B,B,0.05,turntaking
622,radicaleq,6,skip,skip,skip,A,A,A,A,A,A,A,skip,A,A,A,A,A,A,A,A,A,0.05,turntaking
623,turntaking,1,skip,skip,skip,skip,A,skip,skip,A,skip,skip,skip,skip,skip,skip,skip,skip,skip,skip,skip,skip,0.1,turntaking
623,turntaking,2,skip,skip,A,skip,skip,A,B,skip,A,A,A,A,A,A,A,A,A,A,A,A,0.1,turntaking
623,radicaleq,3,skip,skip,skip,B,skip,skip,skip,B,skip,skip,skip,skip,skip,skip,skip,skip,skip,skip,skip,skip,0.1,turntaking
623,radicaleq,4,skip,skip,skip,skip,B,skip,skip,skip,A,A,A,A,A,A,A,A,A,A,A,A,0.05,turntaking
623,radicaleq,5,skip,skip,skip,skip,skip,A,A,skip,B,B,B,B,B,B,B,B,B,B,B,B,0.05,turntaking
623,turntaking,6,B,skip,skip,skip,skip,B,skip,skip,B,B,B,B,B,B,B,B,B,B,B,B,0.1,turntaking
624,radicaleq,1,A,skip,skip,skip,skip,skip,B,skip,skip,skip,skip,skip,skip,skip,skip,skip,skip,skip,skip,skip,0.1,turntaking
624,radicaleq,2,B,A,A,B,B,A,skip,A,A,B,A,B,A,B,A,B,A,B,A,B,0.05,turntaking
624,turntaking,3,skip,skip,skip,B,B,B,skip,skip,skip,skip,skip,skip,skip,skip,skip,skip,skip,skip,skip,skip,0.05,turntaking
624,turntaking,4,skip,A,A,A,skip,skip,skip,B,B,A,B,A,B,A,B,A,B,A,B,A,0.05,turntaking
624,radicaleq,5,skip,skip,skip,skip,skip,skip,A,B,B,A,B,A,B,A,B,A,B,A,B,A,0.0,turntaking
624,turntaking,6,B,B,skip,skip,skip,skip,A,A,A,B,A,B,A,B,A,B,A,B,A,B,0.05,turntaking
625,turntaking,1,skip,skip,skip,skip,skip,A,B,skip,A,B,skip,B,B,B,skip,skip,skip,B,B,skip,0.2,turntaking
625,turntaking,2,skip,skip,skip,B,skip,skip,skip,A,skip,skip,B,A,skip,skip,skip,skip,A,A,skip,skip,0.2,turntaking
625,turntaking,3,skip,A,skip,skip,skip,B,skip,skip,B,skip,skip,skip,skip,skip,A,B,B,skip,skip,A,0.2,turntaking
625,radicaleq,4,skip,skip,skip,skip,A,skip,skip,skip,A,A,skip,skip,skip,skip,A,B,A,B,A,A,0.15,turntaking
625,radicaleq,5,skip,skip,skip,skip,skip,A,A,skip,skip,skip,B,B,B,A,B,skip,skip,skip,skip,B,0.2,turntaking
625,radicaleq,6,skip,skip,skip,skip,skip,skip,skip,B,skip,skip,A,skip,skip,skip,skip,A,skip,skip,skip,skip,0.15,turntaking
626,turntaking,1,skip,skip,skip,skip,skip,A,skip,skip,skip,A,skip,skip,skip,skip,B,B,B,B,B,B,0.1,turntaking
626,radicaleq,2,B,B,B,B,skip,skip,skip,skip,B,B,A,skip,skip,skip,B,B,B,B,B,B,0.1,turntaking
626,turntaking,3,skip,skip,skip,skip,A,skip,skip,skip,B,B,B,skip,A,B,skip,skip,skip,skip,skip,skip,0.15,turntaking
626,radicaleq,4,skip,skip,skip,skip,skip,B,skip,skip,skip,skip,skip,A,A,A,skip,skip,skip,skip,skip,skip,0.1,turntaking
626,radicaleq,5,skip,skip,skip,skip,skip,skip,A,A,skip,skip,skip,B,skip,skip,skip,skip,skip,skip,skip,skip,0.1,turntaking
626,turntaking,6,B,B,B,A,skip,skip,A,B,skip,skip,skip,A,B,skip,skip,A,skip,skip,skip,skip,0.2,turntaking
627,radicaleq,1,A,skip,skip,A,B,B,skip,skip,skip,skip,skip,A,skip,skip,A,A,A,A,A,A,0.15,turntaking
627,turntaking,2,skip,skip,B,skip,skip,skip,A,A,A,A,B,B,A,skip,skip,skip,skip,skip,skip,skip,0.15,turntaking
627,turntaking,3,skip,A,skip,skip,B,A,skip,skip,skip,B,skip,skip,skip,skip,B,B,B,B,B,A,0.15,turntaking
627,radicaleq,4,skip,skip,A,skip,skip,skip,A,A,A,A,A,skip,skip,A,skip,skip,skip,skip,skip,skip,0.15,turntaking
627,radicaleq,5,skip,skip,skip,B,skip,skip,skip,skip,skip,skip,skip,B,B,B,B,B,B,B,B,B,0.05,turntaking
627,turntaking,6,B,skip,skip,A,A,skip,skip,B,skip,skip,skip,skip,B,B,A,A,A,A,A,B,0.15,turntaking
628,radicaleq,1,A,B,B,A,skip,B,B,B,B,B,B,B,B,B,B,B,B,B,B,B,0.05,turntaking
628,turntaking,2,skip,skip,skip,skip,A,skip,skip,skip,skip,skip,skip,skip,skip,skip,skip,skip,skip,skip,skip,skip,0.05,turntaking
628,radicaleq,3,skip,skip,skip,skip,B,skip,skip,skip,skip,skip,skip,skip,skip,skip,skip,skip,skip,skip,skip,skip,0.05,turntaking
628,turntaking,4,skip,B,B,B,skip,A,A,A,A,A,B,B,A,A,A,A,A,A,A,A,0.05,turntaking
628,turntaking,5,A,A,skip,skip,skip,B,B,B,B,B,A,A,B,B,B,B,B,B,B,B,0.05,turntaking
628,radicaleq,6,skip,skip,skip,skip,skip,A,A,A,A,A,A,A,A,A,A,A,A,A,A,A,0.0,turntaking
629,radicaleq,1,A,skip,skip,skip,skip,skip,skip,skip,A,A,A,A,A,B,A,B,A,B,A,B,0.05,turntaking
629,turntaking,2,skip,skip,skip,B,B,B,B,A,A,A,A,A,A,B,A,B,A,B,A,B,0.05,turntaking
629,radicaleq,3,skip,B,B,skip,skip,skip,skip,skip,skip,skip,skip,skip,skip,skip,skip,skip,skip,skip,skip,skip,0.05,turntaking
629,turntaking,4,skip,B,A,skip,skip,A,skip,skip,skip,skip,skip,skip,skip,skip,skip,skip,skip,skip,skip,skip,0.1,turntaking
629,radicaleq,5,skip,skip,skip,B,B,B,B,B,skip,skip,skip,skip,skip,skip,skip,skip,skip,skip,skip,skip,0.05,turntaking
629,turntaking,6,B,skip,skip,A,skip,skip,skip,skip,skip,skip,skip,skip,skip,skip,skip,skip,skip,skip,skip,skip,0.1,turntaking
630,turntaking,1,skip,skip,skip,B,B,B,B,B,B,A,B,A,skip,skip,skip,skip,A,skip,skip,skip,0.15,turntaking
630,radicaleq,2,B,skip,skip,skip,skip,skip,skip,skip,skip,skip,B,B,A,skip,skip,skip,B,skip,skip,skip,0.15,turntaking
630,turntaking,3,skip,A,skip,skip,skip,skip,A,skip,skip,skip,skip,skip,skip,B,skip,skip,skip,B,B,B,0.15,turntaking
630,turntaking,4,skip,B,skip,skip,A,skip,skip,skip,skip,skip,skip,B,skip,A,A,B,skip,A,A,A,0.15,turntaking
630,radicaleq,5,skip,skip,B,skip,skip,skip,skip,skip,skip,skip,skip,skip,B,skip,skip,skip,skip,A,A,A,0.1,turntaking
630,radicaleq,6,skip,skip,skip,B,B,B,B,B,B,B,skip,skip,skip,A,A,A,skip,B,B,B,0.1,turntaking
631,turntaking,1,skip,skip,skip,skip,A,skip,skip,A,skip,skip,skip,skip,skip,skip,skip,skip,skip,skip,skip,skip,0.1,turntaking
631,radicaleq,2,B,B,B,B,skip,skip,skip,B,skip,skip,skip,skip,skip,skip,skip,skip,skip,skip,skip,skip,0.1,turntaking
631,radicaleq,3,skip,skip,skip,skip,B,skip,skip,skip,A,A,A,A,A,A,A,A,A,A,A,A,0.05,turntaking
631,turntaking,4,skip,A,skip,skip,skip,B,skip,skip,B,B,B,B,A,A,A,A,A,A,A,B,0.1,turntaking
631,radicaleq,5,skip,skip,skip,skip,skip,A,A,skip,B,B,B,B,B,B,B,B,B,B,B,B,0.05,turntaking
631,turntaking,6,B,B,B,A,skip,A,B,skip,A,A,A,A,B,B,B,B,B,B,B,A,0.1,turntaking
632,turntaking,1,skip,skip,skip,A,A,A,A,B,B,skip,skip,skip,A,A,skip,A,B,B,A,skip,0.2,turntaking
632,radicaleq,2,B,skip,skip,skip,skip,skip,skip,skip,A,skip,skip,skip,A,A,A,skip,skip,skip,skip,A,0.2,turntaking
632,radicaleq,3,skip,A,A,skip,skip,skip,skip,skip,skip,B,B,B,skip,skip,skip,A,A,skip,skip,skip,0.15,turntaking
632,turntaking,4,skip,A,B,skip,skip,B,skip,skip,skip,skip,B,A,skip,skip,skip,B,skip,skip,skip,skip,0.2,turntaking
632,turntaking,5,A,skip,skip,B,skip,skip,skip,skip,skip,B,A,skip,skip,B,skip,skip,skip,skip,B,skip,0.2,turntaking
632,radicaleq,6,skip,skip,skip,A,A,A,A,A,skip,A,skip,skip,skip,skip,skip,skip,skip,B,B,B,0.15,turntaking
633,turntaking,1,skip,skip,A,skip,skip,A,skip,skip,skip,skip,A,B,B,skip,skip,skip,B,B,skip,skip,0.2,turntaking
633,radicaleq,2,B,skip,skip,skip,B,B,A,skip,skip,skip,skip,skip,skip,A,B,A,B,A,A,B,0.15,turntaking
633,turntaking,3,skip,B,skip,skip,B,B,B,skip,A,A,B,skip,skip,skip,skip,A,A,skip,skip,skip,0.2,turntaking
633,radicaleq,4,skip,skip,B,skip,skip,skip,skip,A,A,A,A,B,A,B,skip,skip,skip,skip,B,skip,0.2,turntaking
633,turntaking,5,A,skip,skip,B,skip,skip,skip,A,B,skip,skip,skip,skip,A,B,B,skip,skip,A,B,0.2,turntaking
633,radicaleq,6,skip,skip,skip,A,skip,skip,skip,B,skip,skip,skip,skip,skip,skip,A,skip,skip,skip,skip,A,0.2,turntaking
634,turntaking,1,skip,skip,skip,skip,A,skip,skip,skip,A,skip,skip,skip,skip,skip,skip,skip,skip,skip,skip,skip,0.1,turntaking
634,radicaleq,2,B,B,B,B,skip,skip,skip,skip,B,skip,skip,skip,skip,skip,skip,skip,skip,skip,skip,skip,0.1,turntaking
634,radicaleq,3,skip,skip,skip,skip,B,skip,skip,skip,skip,A,A,A,A,A,A,A,A,A,A,A,0.05,turntaking
634,radicaleq,4,skip,skip,skip,skip,skip,A,A,A,skip,B,B,B,B,B,B,B,B,B,B,B,0.05,turntaking
634,turntaking,5,A,skip,skip,skip,skip,A,B,skip,skip,B,B,B,B,B,B,B,A,A,A,B,0.1,turntaking
634,turntaking,6,B,B,B,A,skip,skip,A,B,skip,A,A,A,A,A,A,A,B,B,B,A,0.1,turntaking
635,radicaleq,1,A,B,skip,A,skip,skip,skip,skip,skip,skip,skip,A,skip,skip,skip,skip,A,A,A,A,0.15,turntaking
635,turntaking,2,skip,skip,B,skip,skip,skip,A,A,A,A,B,skip,B,B,A,skip,skip,skip,skip,skip,0.15,turntaking
635,radicaleq,3,skip,skip,A,skip,skip,skip,A,A,A,A,A,skip,skip,skip,skip,A,skip,skip,skip,skip,0.15,turntaking
635,radicaleq,4,skip,skip,skip,B,A,B,skip,skip,skip,skip,skip,B,B,B,B,B,B,B,B,B,0.1,turntaking
635,turntaking,5,A,A,skip,skip,A,A,skip,skip,skip,skip,skip,B,A,skip,skip,skip,skip,B,B,B,0.15,turntaking
635,turntaking,6,B,skip,skip,B,B,skip,B,skip,skip,skip,skip,skip,skip,skip,B,B,A,A,A,A,0.15,turntaking
636,radicaleq,1,A,B,skip,skip,A,skip,skip,skip,skip,skip,skip,skip,skip,skip,skip,A,skip,skip,skip,skip,0.15,turntaking
636,turntaking,2,skip,skip,skip,B,skip,skip,skip,A,A,A,A,A,A,A,B,skip,B,B,A,skip,0.15,turntaking
636,turntaking,3,skip,skip,B,skip,skip,A,A,skip,skip,skip,skip,skip,skip,skip,skip,B,A,skip,skip,skip,0.15,turntaking
636,radicaleq,4,skip,skip,skip,A,skip,skip,skip,A,A,A,A,A,A,A,A,skip,skip,skip,skip,A,0.15,turntaking
636,turntaking,5,A,A,skip,skip,B,B,skip,skip,B,skip,skip,skip,skip,skip,skip,skip,skip,skip,B,B,0.15,turntaking
636,radicaleq,6,skip,skip,skip,skip,B,A,B,skip,skip,skip,skip,skip,skip,skip,skip,B,B,B,B,B,0.05,turntaking
637,turntaking,1,skip,skip,skip,skip,B,skip,skip,B,skip,skip,skip,skip,skip,skip,skip,skip,skip,skip,skip,skip,0.1,turntaking
637,turntaking,2,skip,skip,B,skip,skip,B,A,skip,B,B,B,B,B,B,B,B,B,B,B,B,0.1,turntaking
637,radicaleq,3,skip,skip,skip,A,skip,skip,skip,A,skip,skip,skip,skip,skip,skip,skip,skip,skip,skip,skip,skip,0.1,turntaking
637,radicaleq,4,skip,skip,skip,skip,A,skip,skip,skip,B,B,B,B,B,B,B,B,B,B,B,B,0.05,turntaking
637,turntaking,5,A,skip,skip,skip,skip,A,skip,skip,A,A,A,A,A,A,A,A,A,A,A,A,0.1,turntaking
637,radicaleq,6,skip,skip,skip,skip,skip,B,B,skip,A,A,A,A,A,A,A,A,A,A,A,A,0.05,turntaking
638,radicaleq,1,A,A,A,A,A,A,A,A,A,A,A,A,A,A,A,A,A,A,A,A,0.0,draw
638,radicaleq,2,B,B,B,B,B,B,B,B,B,B,B,B,B,B,B,B,B,B,B,B,0.0,draw
638,turntaking,3,skip,skip,skip,skip,skip,skip,skip,skip,skip,skip,skip,skip,skip,skip,skip,skip,skip,skip,skip,skip,0.0,draw
638,radicaleq,4,skip,skip,skip,skip,skip,skip,skip,skip,skip,skip,skip,skip,skip,skip,skip,skip,skip,skip,skip,skip,0.0,draw
638,turntaking,5,A,A,A,A,A,A,A,A,A,A,A,A,A,A,A,A,A,A,A,A,0.0,draw
638,turntaking,6,B,B,B,B,B,B,B,B,B,B,B,B,B,B,B,B,B,B,B,B,0.0,draw
639,radicaleq,1,A,B,B,A,A,B,A,skip,skip,skip,skip,A,B,B,A,B,A,skip,skip,skip,0.2,turntaking
639,radicaleq,2,B,skip,skip,skip,skip,skip,skip,B,skip,skip,skip,skip,A,skip,skip,skip,skip,B,B,B,0.15,turntaking
639,turntaking,3,skip,skip,skip,A,A,A,skip,skip,skip,A,A,skip,skip,skip,A,A,skip,skip,skip,skip,0.15,turntaking
639,turntaking,4,skip,B,B,B,skip,skip,skip,skip,B,B,skip,skip,skip,B,B,skip,skip,A,A,A,0.15,turntaking
639,turntaking,5,A,A,skip,skip,skip,skip,B,A,A,skip,skip,A,B,A,skip,skip,B,B,B,B,0.15,turntaking
639,radicaleq,6,skip,skip,skip,skip,skip,skip,B,A,B,A,B,B,skip,skip,skip,skip,B,A,A,A,0.1,turntaking
640,radicaleq,1,A,A,A,A,A,A,A,A,A,A,A,A,A,A,A,A,A,A,A,A,0.0,draw
640,radicaleq,2,B,B,B,B,B,B,B,B,B,B,B,B,B,B,B,B,B,B,B,B,0.0,draw
640,radicaleq,3,skip,skip,skip,skip,skip,skip,skip,skip,skip,skip,skip,skip,skip,skip,skip,skip,skip,skip,skip,skip,0.0,draw
640,turntaking,4,skip,skip,skip,skip,skip,skip,skip,skip,skip,skip,skip,skip,skip,skip,skip,skip,skip,skip,skip,skip,0.0,draw
640,turntaking,5,A,A,A,A,A,A,A,A,A,A,A,A,A,A,A,A,A,A,A,A,0.0,draw
640,turntaking,6,B,B,B,B,B,B,B,B,B,B,B,B,B,B,B,B,B,B,B,B,0.0,draw
641,rotate0,1,A,A,A,A,A,A,A,A,A,A,A,A,A,A,A,A,A,A,A,A,0.25,rotate0
641,rotate0,2,B,B,B,B,B,B,B,B,B,B,B,B,B,B,B,B,B,B,B,B,0.25,rotate0
641,turntaking,3,skip,skip,skip,skip,skip,skip,skip,skip,skip,skip,skip,skip,skip,skip,skip,skip,skip,skip,skip,skip,0.0,rotate0
641,turntaking,4,skip,B,skip,A,skip,A,skip,A,skip,A,skip,B,skip,B,skip,A,skip,B,skip,A,0.0,rotate0
641,turntaking,5,A,A,B,B,A,B,A,B,A,B,B,A,B,A,B,B,A,A,B,B,0.0,rotate0
641,rotate0,6,skip,skip,skip,skip,skip,skip,skip,skip,skip,skip,skip,skip,skip,skip,skip,skip,skip,skip,skip,skip,0.0,rotate0
642,turntaking,1,skip,skip,skip,skip,A,skip,skip,skip,skip,skip,B,skip,skip,skip,skip,skip,A,skip,skip,skip,0.15,turntaking
642,turntaking,2,skip,skip,A,skip,skip,skip,skip,skip,A,skip,skip,skip,skip,skip,B,skip,skip,skip,skip,skip,0.15,turntaking
642,rotate0,3,skip,skip,skip,skip,skip,skip,skip,skip,skip,skip,skip,skip,skip,skip,skip,skip,skip,skip,skip,skip,0.0,turntaking
642,rotate0,4,skip,skip,skip,skip,skip,skip,skip,skip,skip,skip,skip,skip,skip,skip,skip,skip,skip,skip,skip,skip,0.0,turntaking
642,rotate0,5,skip,skip,skip,skip,skip,skip,skip,skip,skip,skip,skip,skip,skip,skip,skip,skip,skip,skip,skip,skip,0.0,turntaking
642,turntaking,6,B,skip,skip,skip,skip,skip,B,skip,skip,skip,skip,skip,A,skip,skip,skip,skip,skip,B,skip,0.2,turntaking
643,rotate0,1,A,A,A,A,A,A,A,A,A,A,A,A,A,A,A,A,A,A,A,A,0.5,turntaking
643,turntaking,2,skip,skip,skip,B,skip,skip,skip,B,skip,skip,skip,B,skip,skip,skip,B,skip,skip,skip,B,0.25,turntaking
643,turntaking,3,skip,B,skip,skip,skip,B,skip,skip,skip,B,skip,skip,skip,B,skip,skip,skip,B,skip,skip,0.25,turntaking
643,turntaking,4,skip,A,skip,A,skip,A,skip,A,skip,A,skip,A,skip,A,skip,A,skip,A,skip,A,0.0,turntaking
643,rotate0,5,skip,skip,skip,skip,skip,skip,skip,skip,skip,skip,skip,skip,skip,skip,skip,skip,skip,skip,skip,skip,0.0,turntaking
643,rotate0,6,skip,skip,skip,skip,skip,skip,skip,skip,skip,skip,skip,skip,skip,skip,skip,skip,skip,skip,skip,skip,0.0,turntaking
644,rotate0,1,A,A,A,A,A,A,A,A,A,A,A,A,A,A,A,A,A,A,A,A,0.9,turntaking
644,turntaking,2,skip,skip,skip,skip,B,skip,skip,B,skip,skip,B,skip,skip,B,skip,skip,B,skip,skip,B,0.3,turntaking
644,turntaking,3,skip,skip,skip,B,skip,skip,B,skip,skip,B,skip,skip,B,skip,skip,B,skip,skip,B,skip,0.3,turntaking
644,rotate0,4,skip,skip,skip,skip,skip,skip,skip,skip,skip,skip,skip,skip,skip,skip,skip,skip,skip,skip,skip,skip,0.0,turntaking
644,turntaking,5,A,A,B,skip,skip,B,skip,skip,B,skip,skip,B,skip,skip,B,skip,skip,B,skip,skip,0.3,turntaking
644,rotate0,6,skip,skip,skip,skip,skip,skip,skip,skip,skip,skip,skip,skip,skip,skip,skip,skip,skip,skip,skip,skip,0.0,turntaking
645,turntaking,1,skip,skip,skip,skip,B,skip,skip,skip,skip,skip,A,skip,skip,skip,skip,skip,B,skip,skip,skip,0.15,turntaking
645,turntaking,2,skip,skip,B,skip,skip,skip,skip,skip,B,skip,skip,skip,skip,skip,A,skip,skip,skip,skip,skip,0.15,turntaking
645,rotate0,3,skip,skip,skip,skip,skip,skip,skip,skip,skip,skip,skip,skip,skip,skip,skip,skip,skip,skip,skip,skip,0.0,turntaking
645,rotate0,4,skip,skip,skip,skip,skip,skip,skip,skip,skip,skip,skip,skip,skip,skip,skip,skip,skip,skip,skip,skip,0.0,turntaking
645,turntaking,5,A,skip,skip,skip,skip,skip,A,skip,skip,skip,skip,skip,B,skip,skip,skip,skip,skip,A,skip,0.2,turntaking
645,rotate0,6,skip,skip,skip,skip,skip,skip,skip,skip,skip,skip,skip,skip,skip,skip,skip,skip,skip,skip,skip,skip,0.0,turntaking
646,rotate0,1,A,A,A,A,A,A,A,A,A,A,A,A,A,A,A,A,A,A,A,A,0.9,turntaking
646,turntaking,2,skip,skip,skip,B,skip,skip,B,skip,skip,B,skip,skip,B,skip,skip,B,skip,skip,B,skip,0.3,turntaking
646,rotate0,3,skip,skip,skip,skip,skip,skip,skip,skip,skip,skip,skip,skip,skip,skip,skip,skip,skip,skip,skip,skip,0.0,turntaking
646,turntaking,4,skip,B,skip,skip,B,skip,skip,B,skip,skip,B,skip,skip,B,skip,skip,B,skip,skip,B,0.35,turntaking
646,turntaking,5,A,A,B,skip,skip,B,skip,skip,B,skip,skip,B,skip,skip,B,skip,skip,B,skip,skip,0.3,turntaking
646,rotate0,6,skip,skip,skip,skip,skip,skip,skip,skip,skip,skip,skip,skip,skip,skip,skip,skip,skip,skip,skip,skip,0.0,turntaking
647,rotate0,1,A,A,A,A,A,A,A,A,A,A,A,A,A,A,A,A,A,A,A,A,0.0,draw
647,rotate0,2,B,B,B,B,B,B,B,B,B,B,B,B,B,B,B,B,B,B,B,B,0.0,draw
647,rotate0,3,skip,skip,skip,skip,skip,skip,skip,skip,skip,skip,skip,skip,skip,skip,skip,skip,skip,skip,skip,skip,0.0,draw
647,turntaking,4,skip,skip,skip,skip,skip,skip,skip,skip,skip,skip,skip,skip,skip,skip,skip,skip,skip,skip,skip,skip,0.0,draw
647,turntaking,5,A,A,A,A,A,A,A,A,A,A,A,A,A,A,A,A,A,A,A,A,0.0,draw
647,turntaking,6,B,B,B,B,B,B,B,B,B,B,B,B,B,B,B,B,B,B,B,B,0.0,draw
648,turntaking,1,skip,skip,B,A,skip,skip,A,skip,skip,A,skip,skip,A,skip,skip,A,skip,skip,A,skip,0.3,turntaking
648,rotate0,2,B,B,B,B,B,B,B,B,B,B,B,B,B,B,B,B,B,B,B,B,0.95,turntaking
648,rotate0,3,skip,skip,skip,skip,skip,skip,skip,skip,skip,skip,skip,skip,skip,skip,skip,skip,skip,skip,skip,skip,0.0,turntaking
648,turntaking,4,skip,A,skip,skip,skip,A,skip,skip,A,skip,skip,A,skip,skip,A,skip,skip,A,skip,skip,0.3,turntaking
648,turntaking,5,A,skip,skip,skip,A,skip,skip,A,skip,skip,A,skip,skip,A,skip,skip,A,skip,skip,A,0.35,turntaking
648,rotate0,6,skip,skip,skip,skip,skip,skip,skip,skip,skip,skip,skip,skip,skip,skip,skip,skip,skip,skip,skip,skip,0.0,turntaking
649,rotate0,1,A,A,A,A,A,A,A,A,A,A,A,A,A,A,A,A,A,A,A,A,0.4,rotate0
649,rotate0,2,B,B,B,B,B,B,B,B,B,B,B,B,B,B,B,B,B,B,B,B,0.1,rotate0
649,turntaking,3,skip,skip,skip,skip,skip,skip,skip,skip,skip,skip,skip,skip,skip,skip,skip,skip,skip,skip,skip,skip,0.0,rotate0
649,turntaking,4,skip,A,skip,B,skip,B,skip,A,skip,A,skip,A,skip,A,skip,A,skip,A,skip,A,0.0,rotate0
649,rotate0,5,skip,skip,skip,skip,skip,skip,skip,skip,skip,skip,skip,skip,skip,skip,skip,skip,skip,skip,skip,skip,0.0,rotate0
649,turntaking,6,B,B,B,A,A,A,A,B,B,B,B,B,B,B,B,B,B,B,B,B,0.0,rotate0
650,turntaking,1,skip,skip,skip,A,skip,skip,A,skip,skip,A,skip,skip,A,skip,skip,A,skip,skip,A,skip,0.3,turntaking
650,rotate0,2,B,B,B,B,B,B,B,B,B,B,B,B,B,B,B,B,B,B,B,B,0.95,turntaking
650,turntaking,3,skip,B,A,skip,skip,A,skip,skip,A,skip,skip,A,skip,skip,A,skip,skip,A,skip,skip,0.3,turntaking
650,rotate0,4,skip,skip,skip,skip,skip,skip,skip,skip,skip,skip,skip,skip,skip,skip,skip,skip,skip,skip,skip,skip,0.0,turntaking
650,turntaking,5,A,skip,skip,skip,A,skip,skip,A,skip,skip,A,skip,skip,A,skip,skip,A,skip,skip,A,0.35,turntaking
650,rotate0,6,skip,skip,skip,skip,skip,skip,skip,skip,skip,skip,skip,skip,skip,skip,skip,skip,skip,skip,skip,skip,0.0,turntaking
651,turntaking,1,skip,skip,skip,A,skip,skip,skip,A,skip,skip,skip,A,skip,skip,skip,A,skip,skip,skip,A,0.25,turntaking
651,rotate0,2,B,B,B,B,B,B,B,B,B,B,B,B,B,B,B,B,B,B,B,B,0.5,turntaking
651,turntaking,3,skip,A,skip,skip,skip,A,skip,skip,skip,A,skip,skip,skip,A,skip,skip,skip,A,skip,skip,0.25,turntaking
651,turntaking,4,skip,B,skip,B,skip,B,skip,B,skip,B,skip,B,skip,B,skip,B,skip,B,skip,B,0.0,turntaking
651,rotate0,5,skip,skip,skip,skip,skip,skip,skip,skip,skip,skip,skip,skip,skip,skip,skip,skip,skip,skip,skip,skip,0.0,turntaking
651,rotate0,6,skip,skip,skip,skip,skip,skip,skip,skip,skip,skip,skip,skip,skip,skip,skip,skip,skip,skip,skip,skip,0.0,turntaking
652,rotate0,1,A,A,A,A,A,A,A,A,A,A,A,A,A,A,A,A,A,A,A,A,0.0,draw
652,rotate0,2,B,B,B,B,B,B,B,B,B,B,B,B,B,B,B,B,B,B,B,B,0.0,draw
652,turntaking,3,skip,skip,skip,skip,skip,skip,skip,skip,skip,skip,skip,skip,skip,skip,skip,skip,skip,skip,skip,skip,0.0,draw
652,rotate0,4,skip,skip,skip,skip,skip,skip,skip,skip,skip,skip,skip,skip,skip,skip,skip,skip,skip,skip,skip,skip,0.0,draw
652,turntaking,5,A,A,A,A,A,A,A,A,A,A,A,A,A,A,A,A,A,A,A,A,0.0,draw
652,turntaking,6,B,B,B,B,B,B,B,B,B,B,B,B,B,B,B,B,B,B,B,B,0.0,draw
653,rotate0,1,A,A,A,A,A,A,A,A,A,A,A,A,A,A,A,A,A,A,A,A,0.85,turntaking
653,turntaking,2,skip,skip,skip,skip,B,skip,skip,B,skip,skip,B,skip,skip,B,skip,skip,B,skip,skip,B,0.3,turntaking
653,rotate0,3,skip,skip,skip,skip,skip,skip,skip,skip,skip,skip,skip,skip,skip,skip,skip,skip,skip,skip,skip,skip,0.0,turntaking
653,rotate0,4,skip,skip,skip,skip,skip,skip,skip,skip,skip,skip,skip,skip,skip,skip,skip,skip,skip,skip,skip,skip,0.0,turntaking
653,turntaking,5,A,A,A,B,skip,skip,B,skip,skip,B,skip,skip,B,skip,skip,B,skip,skip,B,skip,0.3,turntaking
653,turntaking,6,B,skip,skip,skip,skip,B,skip,skip,B,skip,skip,B,skip,skip,B,skip,skip,B,skip,skip,0.3,turntaking
654,turntaking,1,skip,skip,skip,skip,A,skip,skip,A,skip,skip,A,skip,skip,A,skip,skip,A,skip,skip,A,0.3,turntaking
654,rotate0,2,B,B,B,B,B,B,B,B,B,B,B,B,B,B,B,B,B,B,B,B,0.85,turntaking
654,rotate0,3,skip,skip,skip,skip,skip,skip,skip,skip,skip,skip,skip,skip,skip,skip,skip,skip,skip,skip,skip,skip,0.0,turntaking
654,turntaking,4,skip,A,skip,skip,skip,A,skip,skip,A,skip,skip,A,skip,skip,A,skip,skip,A,skip,skip,0.3,turntaking
654,rotate0,5,skip,skip,skip,skip,skip,skip,skip,skip,skip,skip,skip,skip,skip,skip,skip,skip,skip,skip,skip,skip,0.0,turntaking
654,turntaking,6,B,B,B,A,skip,skip,A,skip,skip,A,skip,skip,A,skip,skip,A,skip,skip,A,skip,0.3,turntaking
655,turntaking,1,skip,skip,skip,skip,skip,A,skip,skip,A,skip,skip,A,skip,skip,A,skip,skip,A,skip,skip,0.25,turntaking
655,rotate0,2,B,B,B,B,B,B,B,B,B,B,B,B,B,B,B,B,B,B,B,B,0.85,turntaking
655,turntaking,3,skip,skip,skip,skip,A,skip,skip,A,skip,skip,A,skip,skip,A,skip,skip,A,skip,skip,A,0.3,turntaking
655,rotate0,4,skip,skip,skip,skip,skip,skip,skip,skip,skip,skip,skip,skip,skip,skip,skip,skip,skip,skip,skip,skip,0.0,turntaking
655,rotate0,5,skip,skip,skip,skip,skip,skip,skip,skip,skip,skip,skip,skip,skip,skip,skip,skip,skip,skip,skip,skip,0.0,turntaking
655,turntaking,6,B,B,B,A,skip,skip,A,skip,skip,A,skip,skip,A,skip,skip,A,skip,skip,A,skip,0.3,turntaking
656,turntaking,1,skip,skip,skip,skip,skip,B,skip,skip,skip,skip,skip,A,skip,skip,skip,skip,skip,B,skip,skip,0.15,turntaking
656,turntaking,2,skip,skip,skip,B,skip,skip,skip,skip,skip,B,skip,skip,skip,skip,skip,A,skip,skip,skip,skip,0.15,turntaking
656,turntaking,3,skip,A,skip,skip,skip,skip,skip,A,skip,skip,skip,skip,skip,B,skip,skip,skip,skip,skip,A,0.2,turntaking
656,rotate0,4,skip,skip,skip,skip,skip,skip,skip,skip,skip,skip,skip,skip,skip,skip,skip,skip,skip,skip,skip,skip,0.0,turntaking
656,rotate0,5,skip,skip,skip,skip,skip,skip,skip,skip,skip,skip,skip,skip,skip,skip,skip,skip,skip,skip,skip,skip,0.0,turntaking
656,rotate0,6,skip,skip,skip,skip,skip,skip,skip,skip,skip,skip,skip,skip,skip,skip,skip,skip,skip,skip,skip,skip,0.0,turntaking
657,turntaking,1,skip,skip,skip,skip,A,skip,skip,A,skip,skip,A,skip,skip,A,skip,skip,A,skip,skip,A,0.3,turntaking
657,rotate0,2,B,B,B,B,B,B,B,B,B,B,B,B,B,B,B,B,B,B,B,B,0.85,turntaking
657,rotate0,3,skip,skip,skip,skip,skip,skip,skip,skip,skip,skip,skip,skip,skip,skip,skip,skip,skip,skip,skip,skip,0.0,turntaking
657,rotate0,4,skip,skip,skip,skip,skip,skip,skip,skip,skip,skip,skip,skip,skip,skip,skip,skip,skip,skip,skip,skip,0.0,turntaking
657,turntaking,5,A,skip,skip,skip,skip,A,skip,skip,A,skip,skip,A,skip,skip,A,skip,skip,A,skip,skip,0.3,turntaking
657,turntaking,6,B,B,B,A,skip,skip,A,skip,skip,A,skip,skip,A,skip,skip,A,skip,skip,A,skip,0.3,turntaking
658,turntaking,1,skip,skip,skip,skip,skip,A,skip,skip,skip,skip,skip,B,skip,skip,skip,skip,skip,A,skip,skip,0.15,turntaking
658,turntaking,2,skip,skip,skip,A,skip,skip,skip,skip,skip,A,skip,skip,skip,skip,skip,B,skip,skip,skip,skip,0.15,turntaking
658,rotate0,3,skip,skip,skip,skip,skip,skip,skip,skip,skip,skip,skip,skip,skip,skip,skip,skip,skip,skip,skip,skip,0.0,turntaking
658,turntaking,4,skip,B,skip,skip,skip,skip,skip,B,skip,skip,skip,skip,skip,A,skip,skip,skip,skip,skip,B,0.2,turntaking
658,rotate0,5,skip,skip,skip,skip,skip,skip,skip,skip,skip,skip,skip,skip,skip,skip,skip,skip,skip,skip,skip,skip,0.0,turntaking
658,rotate0,6,skip,skip,skip,skip,skip,skip,skip,skip,skip,skip,skip,skip,skip,skip,skip,skip,skip,skip,skip,skip,0.0,turntaking
659,rotate0,1,A,A,A,A,A,A,A,A,A,A,A,A,A,A,A,A,A,A,A,A,0.95,turntaking
659,turntaking,2,skip,skip,skip,B,skip,skip,B,skip,skip,B,skip,skip,B,skip,skip,B,skip,skip,B,skip,0.3,turntaking
659,turntaking,3,skip,A,B,skip,skip,B,skip,skip,B,skip,skip,B,skip,skip,B,skip,skip,B,skip,skip,0.3,turntaking
659,rotate0,4,skip,skip,skip,skip,skip,skip,skip,skip,skip,skip,skip,skip,skip,skip,skip,skip,skip,skip,skip,skip,0.0,turntaking
659,rotate0,5,skip,skip,skip,skip,skip,skip,skip,skip,skip,skip,skip,skip,skip,skip,skip,skip,skip,skip,skip,skip,0.0,turntaking
659,turntaking,6,B,skip,skip,skip,B,skip,skip,B,skip,skip,B,skip,skip,B,skip,skip,B,skip,skip,B,0.35,turntaking
660,rotate0,1,A,A,A,A,A,A,A,A,A,A,A,A,A,A,A,A,A,A,A,A,0.95,turntaking
660,turntaking,2,skip,skip,A,B,skip,skip,B,skip,skip,B,skip,skip,B,skip,skip,B,skip,skip,B,skip,0.3,turntaking
660,rotate0,3,skip,skip,skip,skip,skip,skip,skip,skip,skip,skip,skip,skip,skip,skip,skip,skip,skip,skip,skip,skip,0.0,turntaking
660,turntaking,4,skip,B,skip,skip,skip,B,skip,skip,B,skip,skip,B,skip,skip,B,skip,skip,B,skip,skip,0.3,turntaking
660,rotate0,5,skip,skip,skip,skip,skip,skip,skip,skip,skip,skip,skip,skip,skip,skip,skip,skip,skip,skip,skip,skip,0.0,turntaking
660,turntaking,6,B,skip,skip,skip,B,skip,skip,B,skip,skip,B,skip,skip,B,skip,skip,B,skip,skip,B,0.35,turntaking
661,caste,1,A,A,B,A,B,A,A,A,A,A,A,A,A,A,A,A,A,A,A,A,0.15,turntaking
661,turntaking,2,skip,skip,skip,skip,skip,B,skip,A,skip,B,skip,A,skip,B,skip,A,skip,A,skip,A,0.0,turntaking
661,turntaking,3,skip,A,B,A,B,A,B,B,A,A,B,B,A,A,A,B,A,B,A,B,0.0,turntaking
661,caste,4,skip,skip,skip,skip,A,B,B,B,B,B,B,B,B,B,B,B,B,B,B,B,0.3,turntaking
661,caste,5,skip,skip,skip,skip,skip,skip,skip,skip,skip,skip,skip,skip,skip,skip,skip,skip,skip,skip,skip,skip,0.0,turntaking
661,turntaking,6,B,skip,skip,skip,skip,skip,skip,skip,skip,skip,skip,skip,skip,skip,skip,skip,skip,skip,skip,skip,0.05,turntaking
662,turntaking,1,skip,skip,skip,skip,skip,skip,skip,B,skip,A,skip,B,skip,A,skip,A,skip,A,skip,B,0.0,turntaking
662,caste,2,B,A,B,A,A,skip,B,B,skip,B,B,A,A,A,A,A,A,A,A,A,0.05,turntaking
662,caste,3,skip,B,skip,B,B,A,A,A,A,A,A,B,B,B,B,B,B,B,B,B,0.3,turntaking
662,turntaking,4,skip,A,skip,B,skip,B,skip,skip,skip,skip,skip,skip,skip,skip,skip,skip,skip,skip,skip,skip,0.05,turntaking
662,caste,5,skip,skip,skip,skip,skip,skip,skip,skip,skip,skip,skip,skip,skip,skip,skip,skip,skip,skip,skip,skip,0.0,turntaking
662,turntaking,6,B,B,B,A,A,A,B,A,A,B,A,A,A,B,A,B,A,B,A,A,0.0,turntaking
663,turntaking,1,skip,skip,skip,A,skip,A,skip,skip,skip,skip,skip,skip,skip,skip,skip,skip,skip,skip,skip,skip,0.05,turntaking
663,turntaking,2,skip,skip,skip,B,skip,skip,skip,A,skip,B,skip,A,skip,B,skip,A,skip,B,skip,A,0.05,turntaking
663,turntaking,3,skip,A,skip,skip,skip,B,skip,B,A,A,B,B,A,A,B,B,A,A,B,B,0.05,turntaking
663,caste,4,skip,B,B,A,A,B,A,A,A,B,B,A,A,A,A,A,A,A,A,A,0.3,turntaking
663,caste,5,skip,skip,skip,skip,skip,skip,B,B,B,A,A,B,B,B,B,B,B,B,B,B,0.25,turntaking
663,caste,6,skip,skip,skip,skip,skip,skip,skip,skip,skip,skip,skip,skip,skip,skip,skip,skip,skip,skip,skip,skip,0.0,turntaking
664,caste,1,A,A,A,A,A,A,A,A,A,A,A,A,A,A,A,A,A,A,A,A,0.25,caste
664,caste,2,B,B,B,B,B,B,B,B,B,B,B,B,B,B,B,B,B,B,B,B,0.25,caste
664,turntaking,3,skip,skip,skip,skip,skip,skip,skip,skip,skip,skip,skip,skip,skip,skip,skip,skip,skip,skip,skip,skip,0.0,caste
664,turntaking,4,skip,B,skip,A,skip,A,skip,A,skip,A,skip,B,skip,B,skip,A,skip,B,skip,A,0.0,caste
664,turntaking,5,A,A,B,B,A,B,A,B,A,B,B,A,B,A,B,B,A,A,B,B,0.0,caste
664,caste,6,skip,skip,skip,skip,skip,skip,skip,skip,skip,skip,skip,skip,skip,skip,skip,skip,skip,skip,skip,skip,0.0,caste
665,turntaking,1,skip,skip,skip,skip,skip,A,skip,B,skip,A,skip,B,skip,A,skip,B,skip,B,skip,B,0.0,turntaking
665,caste,2,B,B,A,B,A,B,B,B,B,B,B,B,B,B,B,B,B,B,B,B,0.15,turntaking
665,turntaking,3,skip,B,A,B,A,B,A,A,B,B,A,A,B,B,B,A,B,A,B,A,0.0,turntaking
665,caste,4,skip,skip,skip,skip,B,A,A,A,A,A,A,A,A,A,A,A,A,A,A,A,0.3,turntaking
665,turntaking,5,A,skip,skip,skip,skip,skip,skip,skip,skip,skip,skip,skip,skip,skip,skip,skip,skip,skip,skip,skip,0.05,turntaking
665,caste,6,skip,skip,skip,skip,skip,skip,skip,skip,skip,skip,skip,skip,skip,skip,skip,skip,skip,skip,skip,skip,0.0,turntaking
666,caste,1,A,B,B,A,A,A,A,B,B,B,A,A,A,B,B,B,B,B,B,B,0.35,turntaking
666,turntaking,2,skip,skip,skip,A,skip,B,A,A,B,B,B,B,A,B,A,A,A,B,A,B,0.0,turntaking
666,turntaking,3,skip,B,skip,B,skip,skip,skip,skip,skip,skip,skip,skip,skip,skip,skip,skip,skip,skip,skip,skip,0.05,turntaking
666,turntaking,4,skip,A,skip,skip,skip,A,skip,B,skip,A,skip,A,skip,A,skip,B,skip,A,skip,A,0.05,turntaking
666,caste,5,skip,skip,skip,skip,B,B,B,A,A,A,B,B,B,A,A,A,A,A,A,A,0.2,turntaking
666,caste,6,skip,skip,skip,skip,skip,skip,skip,skip,skip,skip,skip,skip,skip,skip,skip,skip,skip,skip,skip,skip,0.0,turntaking
667,caste,1,A,B,B,B,B,B,A,A,A,A,A,A,A,A,A,A,A,A,A,A,0.4,turntaking
667,turntaking,2,skip,skip,B,skip,A,B,A,B,B,B,A,B,A,B,A,B,A,B,A,A,0.0,turntaking
667,caste,3,skip,A,skip,A,A,A,B,B,B,B,B,B,B,B,B,B,B,B,B,B,0.15,turntaking
667,caste,4,skip,skip,skip,skip,skip,skip,skip,skip,skip,skip,skip,skip,skip,skip,skip,skip,skip,skip,skip,skip,0.0,turntaking
667,turntaking,5,A,A,A,skip,skip,skip,skip,skip,skip,skip,skip,skip,skip,skip,skip,skip,skip,skip,skip,skip,0.05,turntaking
667,turntaking,6,B,skip,skip,skip,B,skip,B,skip,A,skip,B,skip,B,skip,B,skip,B,skip,B,skip,0.05,turntaking
668,caste,1,A,A,A,B,B,A,A,B,B,B,A,A,A,A,A,A,A,A,A,A,0.4,turntaking
668,turntaking,2,skip,skip,skip,skip,B,B,A,A,B,B,B,B,B,A,B,A,B,A,B,A,0.0,turntaking
668,caste,3,skip,B,skip,skip,A,B,B,A,A,A,B,B,B,B,B,B,B,B,B,B,0.15,turntaking
668,turntaking,4,skip,B,A,A,skip,skip,skip,skip,skip,skip,skip,skip,skip,skip,skip,skip,skip,skip,skip,skip,0.05,turntaking
668,caste,5,skip,skip,skip,skip,skip,skip,skip,skip,skip,skip,skip,skip,skip,skip,skip,skip,skip,skip,skip,skip,0.0,turntaking
668,turntaking,6,B,skip,skip,skip,skip,A,skip,B,skip,A,skip,A,skip,B,skip,B,skip,B,skip,B,0.05,turntaking
669,turntaking,1,skip,skip,skip,B,skip,A,skip,skip,skip,skip,skip,skip,skip,skip,skip,skip,skip,skip,skip,skip,0.05,turntaking
669,turntaking,2,skip,skip,skip,A,skip,skip,skip,A,skip,B,skip,A,skip,B,skip,A,skip,B,skip,A,0.05,turntaking
669,caste,3,skip,A,A,B,A,B,A,A,A,B,B,A,A,A,A,A,A,A,A,A,0.3,turntaking
669,turntaking,4,skip,B,skip,skip,skip,B,skip,B,A,A,B,B,A,A,B,B,A,A,B,B,0.05,turntaking
669,caste,5,skip,skip,skip,skip,skip,skip,B,B,B,A,A,B,B,B,B,B,B,B,B,B,0.25,turntaking
669,caste,6,skip,skip,skip,skip,skip,skip,skip,skip,skip,skip,skip,skip,skip,skip,skip,skip,skip,skip,skip,skip,0.0,turntaking
670,caste,1,A,B,B,B,B,B,B,B,B,B,B,B,B,B,B,B,B,B,B,B,0.2,caste
670,turntaking,2,skip,skip,skip,skip,skip,skip,skip,skip,skip,skip,skip,skip,skip,skip,skip,skip,skip,skip,skip,skip,0.0,caste
670,caste,3,skip,A,skip,A,A,A,A,A,A,A,A,A,A,A,A,A,A,A,A,A,0.2,caste
670,turntaking,4,skip,B,skip,B,skip,A,skip,B,skip,B,skip,B,skip,A,skip,B,skip,A,skip,B,0.0,caste
670,turntaking,5,A,A,B,A,B,B,A,A,B,A,A,A,B,B,A,A,B,B,A,A,0.0,caste
670,caste,6,skip,skip,skip,skip,skip,skip,skip,skip,skip,skip,skip,skip,skip,skip,skip,skip,skip,skip,skip,skip,0.0,caste
671,turntaking,1,skip,skip,skip,skip,skip,A,skip,B,skip,A,skip,B,skip,A,skip,A,skip,A,skip,A,0.0,turntaking
671,caste,2,B,A,A,A,A,A,A,A,A,A,A,A,A,A,A,A,A,A,A,A,0.15,turntaking
671,turntaking,3,skip,skip,A,A,B,B,A,A,B,B,A,A,A,B,A,B,A,B,A,B,0.0,turntaking
671,caste,4,skip,skip,skip,B,B,B,B,B,B,B,B,B,B,B,B,B,B,B,B,B,0.35,turntaking
671,caste,5,skip,skip,skip,skip,skip,skip,skip,skip,skip,skip,skip,skip,skip,skip,skip,skip,skip,skip,skip,skip,0.0,turntaking
671,turntaking,6,B,B,skip,skip,skip,skip,skip,skip,skip,skip,skip,skip,skip,skip,skip,skip,skip,skip,skip,skip,0.05,turntaking
672,caste,1,A,A,A,A,A,A,A,A,A,A,A,A,A,A,A,A,A,A,A,A,0.0,draw
672,caste,2,B,B,B,B,B,B,B,B,B,B,B,B,B,B,B,B,B,B,B,B,0.0,draw
672,caste,3,skip,skip,skip,skip,skip,skip,skip,skip,skip,skip,skip,skip,skip,skip,skip,skip,skip,skip,skip,skip,0.0,draw
672,turntaking,4,skip,skip,skip,skip,skip,skip,skip,skip,skip,skip,skip,skip,skip,skip,skip,skip,skip,skip,skip,skip,0.0,draw
672,turntaking,5,A,A,A,A,A,A,A,A,A,A,A,A,A,A,A,A,A,A,A,A,0.0,draw
672,turntaking,6,B,B,B,B,B,B,B,B,B,B,B,B,B,B,B,B,B,B,B,B,0.0,draw
673,turntaking,1,skip,skip,skip,B,skip,A,B,B,A,A,A,A,B,A,A,A,A,B,A,B,0.0,turntaking
673,caste,2,B,A,A,B,B,B,B,A,A,A,B,B,B,A,B,B,B,B,B,B,0.35,turntaking
673,turntaking,3,skip,A,skip,A,skip,skip,skip,skip,skip,skip,skip,skip,skip,skip,skip,skip,skip,skip,skip,skip,0.05,turntaking
673,turntaking,4,skip,B,skip,skip,skip,B,skip,A,skip,B,skip,B,skip,B,skip,B,skip,A,skip,A,0.05,turntaking
673,caste,5,skip,skip,skip,skip,A,A,A,B,B,B,A,A,A,B,A,A,A,A,A,A,0.2,turntaking
673,caste,6,skip,skip,skip,skip,skip,skip,skip,skip,skip,skip,skip,skip,skip,skip,skip,skip,skip,skip,skip,skip,0.0,turntaking
674,caste,1,A,A,A,A,A,A,A,A,A,A,A,A,A,A,A,A,A,A,A,A,0.0,draw
674,caste,2,B,B,B,B,B,B,B,B,B,B,B,B,B,B,B,B,B,B,B,B,0.0,draw
674,turntaking,3,skip,skip,skip,skip,skip,skip,skip,skip,skip,skip,skip,skip,skip,skip,skip,skip,skip,skip,skip,skip,0.0,draw
674,caste,4,skip,skip,skip,skip,skip,skip,skip,skip,skip,skip,skip,skip,skip,skip,skip,skip,skip,skip,skip,skip,0.0,draw
674,turntaking,5,A,A,A,A,A,A,A,A,A,A,A,A,A,A,A,A,A,A,A,A,0.0,draw
674,turntaking,6,B,B,B,B,B,B,B,B,B,B,B,B,B,B,B,B,B,B,B,B,0.0,draw
675,turntaking,1,skip,skip,skip,skip,A,B,B,B,A,A,B,B,B,A,B,A,B,A,B,A,0.0,turntaking
675,caste,2,B,B,B,A,A,A,B,A,A,A,A,A,A,A,A,A,A,A,A,A,0.4,turntaking
675,caste,3,skip,A,skip,skip,B,B,A,B,B,B,B,B,B,B,B,B,B,B,B,B,0.15,turntaking
675,turntaking,4,skip,A,B,B,skip,skip,skip,skip,skip,skip,skip,skip,skip,skip,skip,skip,skip,skip,skip,skip,0.05,turntaking
675,turntaking,5,A,skip,skip,skip,skip,A,skip,A,skip,B,skip,A,skip,B,skip,B,skip,B,skip,B,0.05,turntaking
675,caste,6,skip,skip,skip,skip,skip,skip,skip,skip,skip,skip,skip,skip,skip,skip,skip,skip,skip,skip,skip,skip,0.0,turntaking
676,caste,1,A,B,B,B,B,B,B,B,B,B,B,B,B,B,B,B,B,B,B,B,0.15,turntaking
676,turntaking,2,skip,skip,skip,skip,skip,B,skip,A,skip,B,skip,A,skip,B,skip,B,skip,B,skip,B,0.0,turntaking
676,turntaking,3,skip,skip,B,B,A,A,B,B,A,A,B,B,B,A,B,A,B,A,B,A,0.0,turntaking
676,caste,4,skip,skip,skip,A,A,A,A,A,A,A,A,A,A,A,A,A,A,A,A,A,0.35,turntaking
676,turntaking,5,A,A,skip,skip,skip,skip,skip,skip,skip,skip,skip,skip,skip,skip,skip,skip,skip,skip,skip,skip,0.05,turntaking
676,caste,6,skip,skip,skip,skip,skip,skip,skip,skip,skip,skip,skip,skip,skip,skip,skip,skip,skip,skip,skip,skip,0.0,turntaking
677,turntaking,1,skip,skip,skip,A,skip,B,skip,A,skip,B,skip,A,skip,A,skip,A,skip,A,skip,A,0.0,turntaking
677,turntaking,2,skip,skip,A,B,A,A,B,B,A,A,A,B,A,B,A,B,A,B,A,B,0.0,turntaking
677,caste,3,skip,A,A,B,B,B,B,B,B,B,B,B,B,B,B,B,B,B,B,B,0.4,turntaking
677,caste,4,skip,B,B,A,A,A,A,A,A,A,A,A,A,A,A,A,A,A,A,A,0.15,turntaking
677,caste,5,skip,skip,skip,skip,skip,skip,skip,skip,skip,skip,skip,skip,skip,skip,skip,skip,skip,skip,skip,skip,0.0,turntaking
677,turntaking,6,B,skip,skip,skip,skip,skip,skip,skip,skip,skip,skip,skip,skip,skip,skip,skip,skip,skip,skip,skip,0.05,turntaking
678,caste,1,A,A,A,A,A,A,A,B,B,B,B,B,B,B,B,B,B,B,B,B,0.1,caste
678,caste,2,B,B,B,B,B,B,B,A,A,A,A,A,A,A,A,A,A,A,A,A,0.4,caste
678,turntaking,3,skip,skip,skip,skip,skip,skip,skip,skip,skip,skip,skip,skip,skip,skip,skip,skip,skip,skip,skip,skip,0.0,caste
678,turntaking,4,skip,A,skip,B,skip,B,skip,A,skip,A,skip,A,skip,A,skip,A,skip,A,skip,A,0.0,caste
678,caste,5,skip,skip,skip,skip,skip,skip,skip,skip,skip,skip,skip,skip,skip,skip,skip,skip,skip,skip,skip,skip,0.0,caste
678,turntaking,6,B,B,B,A,A,A,A,B,B,B,B,B,B,B,B,B,B,B,B,B,0.0,caste
679,turntaking,1,skip,skip,skip,B,skip,A,skip,B,skip,A,skip,B,skip,B,skip,B,skip,B,skip,B,0.0,turntaking
679,turntaking,2,skip,skip,B,A,B,B,A,A,B,B,B,A,B,A,B,A,B,A,B,A,0.0,turntaking
679,caste,3,skip,B,B,A,A,A,A,A,A,A,A,A,A,A,A,A,A,A,A,A,0.4,turntaking
679,caste,4,skip,A,A,B,B,B,B,B,B,B,B,B,B,B,B,B,B,B,B,B,0.15,turntaking
679,turntaking,5,A,skip,skip,skip,skip,skip,skip,skip,skip,skip,skip,skip,skip,skip,skip,skip,skip,skip,skip,skip,0.05,turntaking
679,caste,6,skip,skip,skip,skip,skip,skip,skip,skip,skip,skip,skip,skip,skip,skip,skip,skip,skip,skip,skip,skip,0.0,turntaking
680,turntaking,1,skip,skip,A,skip,B,A,B,A,A,A,B,A,B,A,B,A,B,A,B,B,0.0,turntaking
680,caste,2,B,A,A,A,A,A,B,B,B,B,B,B,B,B,B,B,B,B,B,B,0.4,turntaking
680,caste,3,skip,B,skip,B,B,B,A,A,A,A,A,A,A,A,A,A,A,A,A,A,0.15,turntaking
680,caste,4,skip,skip,skip,skip,skip,skip,skip,skip,skip,skip,skip,skip,skip,skip,skip,skip,skip,skip,skip,skip,0.0,turntaking
680,turntaking,5,A,skip,skip,skip,A,skip,A,skip,B,skip,A,skip,A,skip,A,skip,A,skip,A,skip,0.05,turntaking
680,turntaking,6,B,B,B,skip,skip,skip,skip,skip,skip,skip,skip,skip,skip,skip,skip,skip,skip,skip,skip,skip,0.05,turntaking
681,turntaking,1,skip,skip,skip,A,B,A,skip,skip,skip,skip,B,B,B,B,B,B,A,A,A,A,0.05,turntaking
681,turntaking,2,skip,skip,B,skip,skip,skip,skip,A,A,A,skip,skip,skip,skip,skip,skip,skip,skip,skip,skip,0.1,turntaking
681,equalize,3,skip,B,skip,A,B,skip,B,A,A,B,A,A,A,A,A,A,A,A,A,A,0.05,turntaking
681,equalize,4,skip,A,skip,skip,skip,skip,skip,B,B,skip,B,B,B,B,B,B,B,B,B,B,0.05,turntaking
681,turntaking,5,A,skip,skip,B,A,B,B,B,B,B,A,A,A,A,A,A,B,B,B,B,0.05,turntaking
681,equalize,6,skip,skip,skip,B,A,B,A,skip,skip,skip,skip,skip,skip,skip,skip,skip,skip,skip,skip,skip,0.05,turntaking
682,equalize,1,A,skip,skip,A,B,B,B,B,B,B,skip,skip,skip,skip,skip,skip,skip,skip,skip,skip,0.1,draw
682,turntaking,2,skip,skip,skip,A,A,skip,skip,skip,skip,skip,B,B,A,A,A,A,B,B,B,B,0.05,draw
682,turntaking,3,skip,B,skip,skip,skip,B,B,B,B,A,A,A,B,B,B,B,A,A,A,A,0.05,draw
682,turntaking,4,skip,A,skip,skip,B,A,A,A,A,skip,skip,skip,skip,skip,skip,skip,skip,skip,skip,skip,0.1,draw
682,equalize,5,skip,skip,A,skip,skip,A,A,A,skip,A,B,B,B,B,B,B,B,B,B,B,0.05,draw
682,equalize,6,skip,skip,skip,B,skip,skip,skip,skip,skip,skip,A,A,A,A,A,A,A,A,A,A,0.05,draw
683,equalize,1,A,B,B,B,B,A,B,A,A,A,A,A,A,A,A,A,A,A,A,A,0.0,equalize
683,turntaking,2,skip,skip,skip,skip,skip,skip,skip,A,A,B,A,A,A,A,A,A,A,A,A,A,0.0,equalize
683,equalize,3,skip,A,skip,A,A,skip,skip,B,B,B,B,B,B,B,B,B,B,B,B,B,0.05,equalize
683,turntaking,4,skip,B,skip,B,skip,A,B,B,B,A,B,B,B,B,B,B,B,B,B,B,0.0,equalize
683,turntaking,5,A,A,B,A,B,B,skip,skip,skip,skip,skip,skip,skip,skip,skip,skip,skip,skip,skip,skip,0.05,equalize
683,equalize,6,skip,skip,skip,skip,skip,skip,A,skip,skip,skip,skip,skip,skip,skip,skip,skip,skip,skip,skip,skip,0.05,equalize
684,equalize,1,A,skip,skip,A,skip,skip,A,skip,B,skip,skip,skip,skip,skip,skip,skip,skip,skip,skip,skip,0.2,equalize
684,turntaking,2,skip,skip,A,skip,skip,A,skip,skip,A,A,A,A,A,A,A,A,A,A,B,A,0.1,equalize
684,equalize,3,skip,A,skip,skip,A,skip,skip,A,skip,A,A,A,A,A,A,A,A,A,A,A,0.15,equalize
684,turntaking,4,skip,B,skip,skip,B,skip,skip,B,skip,skip,skip,skip,skip,skip,skip,skip,skip,skip,skip,skip,0.15,equalize
684,equalize,5,skip,skip,B,skip,skip,B,skip,skip,A,B,B,B,B,B,B,B,B,B,B,B,0.1,equalize
684,turntaking,6,B,skip,skip,B,skip,skip,B,skip,skip,B,B,B,B,B,B,B,B,B,A,B,0.15,equalize
685,equalize,1,A,B,B,A,B,B,B,B,B,B,B,B,B,B,B,B,B,B,B,B,0.05,equalize
685,equalize,2,B,skip,skip,skip,A,A,A,A,A,A,A,A,A,A,A,A,A,A,A,A,0.05,equalize
685,turntaking,3,skip,skip,skip,A,A,A,A,B,B,A,A,A,A,A,A,A,A,A,A,A,0.0,equalize
685,turntaking,4,skip,B,B,B,skip,skip,skip,skip,skip,skip,skip,skip,skip,skip,skip,skip,skip,skip,skip,skip,0.05,equalize
685,turntaking,5,A,A,skip,skip,skip,B,B,A,A,B,B,B,B,B,B,B,B,B,B,B,0.05,equalize
685,equalize,6,skip,skip,A,skip,skip,skip,skip,skip,skip,skip,skip,skip,skip,skip,skip,skip,skip,skip,skip,skip,0.05,equalize
686,turntaking,1,skip,skip,skip,A,A,A,A,A,A,A,A,A,A,A,A,A,A,A,A,A,0.0,draw
686,turntaking,2,skip,skip,skip,B,B,B,B,B,B,B,B,B,B,B,B,B,B,B,B,B,0.0,draw
686,equalize,3,skip,A,skip,skip,skip,skip,skip,skip,skip,skip,skip,skip,skip,skip,skip,skip,skip,skip,skip,skip,0.05,draw
686,turntaking,4,skip,B,skip,skip,skip,skip,skip,skip,skip,skip,skip,skip,skip,skip,skip,skip,skip,skip,skip,skip,0.05,draw
686,equalize,5,skip,skip,skip,A,A,A,A,A,A,A,A,A,A,A,A,A,A,A,A,A,0.0,draw
686,equalize,6,skip,skip,skip,B,B,B,B,B,B,B,B,B,B,B,B,B,B,B,B,B,0.0,draw
687,turntaking,1,skip,skip,skip,B,A,B,skip,skip,skip,skip,A,A,A,A,A,A,B,B,B,B,0.05,turntaking
687,turntaking,2,skip,skip,A,skip,skip,skip,skip,B,B,B,skip,skip,skip,skip,skip,skip,skip,skip,skip,skip,0.1,turntaking
687,equalize,3,skip,A,skip,B,A,skip,A,B,B,A,B,B,B,B,B,B,B,B,B,B,0.05,turntaking
687,equalize,4,skip,B,skip,skip,skip,skip,skip,A,A,skip,A,A,A,A,A,A,A,A,A,A,0.05,turntaking
687,equalize,5,skip,skip,skip,A,B,A,B,skip,skip,skip,skip,skip,skip,skip,skip,skip,skip,skip,skip,skip,0.05,turntaking
687,turntaking,6,B,skip,skip,A,B,A,A,A,A,A,B,B,B,B,B,B,A,A,A,A,0.05,turntaking
688,equalize,1,A,B,skip,A,A,A,A,A,A,A,A,A,A,A,A,A,A,A,A,A,0.05,draw
688,turntaking,2,skip,skip,skip,A,A,A,A,B,B,B,A,A,A,A,A,A,A,A,A,A,0.0,draw
688,turntaking,3,skip,skip,B,skip,skip,skip,skip,skip,skip,skip,skip,skip,skip,skip,skip,skip,skip,skip,skip,skip,0.05,draw
688,equalize,4,skip,skip,A,skip,skip,skip,skip,skip,skip,skip,skip,skip,skip,skip,skip,skip,skip,skip,skip,skip,0.05,draw
688,turntaking,5,A,A,skip,B,B,B,B,A,A,A,B,B,B,B,B,B,B,B,B,B,0.05,draw
688,equalize,6,skip,skip,skip,B,B,B,B,B,B,B,B,B,B,B,B,B,B,B,B,B,0.0,draw
689,turntaking,1,skip,skip,skip,B,B,B,B,A,A,A,B,B,B,B,B,B,B,B,B,B,0.0,draw
689,equalize,2,B,A,skip,B,B,B,B,B,B,B,B,B,B,B,B,B,B,B,B,B,0.05,draw
689,turntaking,3,skip,skip,A,skip,skip,skip,skip,skip,skip,skip,skip,skip,skip,skip,skip,skip,skip,skip,skip,skip,0.05,draw
689,equalize,4,skip,skip,B,skip,skip,skip,skip,skip,skip,skip,skip,skip,skip,skip,skip,skip,skip,skip,skip,skip,0.05,draw
689,equalize,5,skip,skip,skip,A,A,A,A,A,A,A,A,A,A,A,A,A,A,A,A,A,0.0,draw
689,turntaking,6,B,B,skip,A,A,A,A,B,B,B,A,A,A,A,A,A,A,A,A,A,0.05,draw
690,equalize,1,A,A,A,A,A,A,A,A,A,A,A,A,A,A,A,A,A,A,A,A,0.0,draw
690,equalize,2,B,B,B,B,B,B,B,B,B,B,B,B,B,B,B,B,B,B,B,B,0.0,draw
690,turntaking,3,skip,skip,skip,skip,skip,skip,skip,skip,skip,skip,skip,skip,skip,skip,skip,skip,skip,skip,skip,skip,0.0,draw
690,equalize,4,skip,skip,skip,skip,skip,skip,skip,skip,skip,skip,skip,skip,skip,skip,skip,skip,skip,skip,skip,skip,0.0,draw
690,turntaking,5,A,A,A,A,A,A,A,A,A,A,A,A,A,A,A,A,A,A,A,A,0.0,draw
690,turntaking,6,B,B,B,B,B,B,B,B,B,B,B,B,B,B,B,B,B,B,B,B,0.0,draw
691,equalize,1,A,skip,skip,A,skip,skip,A,skip,B,skip,skip,skip,skip,skip,skip,skip,skip,skip,skip,skip,0.2,draw
691,turntaking,2,skip,skip,A,skip,skip,A,skip,skip,A,A,skip,skip,A,A,A,A,A,A,A,B,0.15,draw
691,turntaking,3,skip,A,skip,skip,A,skip,skip,A,skip,skip,skip,A,skip,skip,skip,skip,skip,skip,skip,skip,0.2,draw
691,equalize,4,skip,B,skip,skip,B,skip,skip,B,skip,skip,B,B,A,A,A,A,A,A,A,A,0.15,draw
691,equalize,5,skip,skip,B,skip,skip,B,skip,skip,A,B,A,skip,B,B,B,B,B,B,B,B,0.15,draw
691,turntaking,6,B,skip,skip,B,skip,skip,B,skip,skip,B,B,B,B,B,B,B,B,B,B,A,0.15,draw
692,turntaking,1,skip,skip,skip,B,B,skip,skip,skip,skip,skip,B,B,B,B,B,B,B,B,A,A,0.05,draw
692,equalize,2,B,skip,skip,B,A,A,A,A,B,A,skip,skip,skip,skip,skip,skip,skip,skip,skip,skip,0.1,draw
692,turntaking,3,skip,A,skip,skip,skip,A,A,A,A,skip,skip,skip,skip,skip,skip,skip,skip,skip,skip,skip,0.1,draw
692,turntaking,4,skip,B,skip,skip,A,B,B,B,B,B,A,A,A,A,A,A,A,A,B,B,0.05,draw
692,equalize,5,skip,skip,B,skip,skip,B,B,B,skip,B,A,A,A,A,A,A,A,A,A,A,0.05,draw
692,equalize,6,skip,skip,skip,A,skip,skip,skip,skip,skip,skip,B,B,B,B,B,B,B,B,B,B,0.05,draw
693,turntaking,1,skip,skip,A,skip,skip,skip,A,skip,skip,skip,skip,skip,skip,skip,skip,skip,skip,skip,skip,skip,0.1,draw
693,equalize,2,B,A,skip,skip,skip,B,B,A,A,A,A,A,A,A,A,A,A,A,A,A,0.05,draw
693,equalize,3,skip,B,B,A,A,A,skip,B,skip,skip,skip,skip,skip,skip,skip,skip,skip,skip,skip,skip,0.1,draw
693,equalize,4,skip,skip,skip,B,skip,skip,skip,skip,B,B,B,B,B,B,B,B,B,B,B,B,0.05,draw
693,turntaking,5,A,skip,skip,skip,A,B,B,A,B,A,A,A,B,B,B,B,B,B,B,B,0.05,draw
693,turntaking,6,B,B,B,A,B,skip,skip,skip,A,B,B,B,A,A,A,A,A,A,A,A,0.05,draw
694,turntaking,1,skip,skip,B,skip,skip,skip,B,B,B,B,A,A,A,A,A,A,A,A,B,B,0.05,draw
694,equalize,2,B,skip,skip,A,B,skip,skip,skip,skip,skip,skip,skip,skip,skip,skip,skip,skip,skip,skip,skip,0.1,draw
694,turntaking,3,skip,B,skip,skip,skip,A,A,A,A,A,B,B,B,B,B,B,B,B,A,A,0.05,draw
694,equalize,4,skip,A,skip,skip,skip,A,B,B,B,B,B,B,B,B,B,B,B,B,B,B,0.05,draw
694,turntaking,5,A,skip,skip,A,A,skip,skip,skip,skip,skip,skip,skip,skip,skip,skip,skip,skip,skip,skip,skip,0.1,draw
694,equalize,6,skip,skip,A,skip,skip,skip,A,A,A,A,A,A,A,A,A,A,A,A,A,A,0.05,draw
695,turntaking,1,skip,skip,B,skip,skip,skip,skip,skip,B,skip,skip,skip,A,A,B,B,B,B,B,B,0.1,draw
695,equalize,2,B,skip,skip,A,B,A,B,skip,skip,skip,A,skip,skip,skip,skip,skip,skip,skip,skip,skip,0.15,draw
695,equalize,3,skip,B,skip,skip,A,skip,A,B,skip,skip,skip,skip,B,B,B,B,B,B,B,B,0.1,draw
695,turntaking,4,skip,A,skip,skip,B,B,skip,skip,skip,A,skip,skip,skip,skip,skip,skip,skip,skip,skip,skip,0.15,draw
695,turntaking,5,A,skip,skip,A,A,A,A,A,A,B,B,A,B,B,A,A,A,A,A,A,0.1,draw
695,equalize,6,skip,skip,A,skip,skip,skip,skip,A,A,B,B,B,A,A,A,A,A,A,A,A,0.1,draw
696,turntaking,1,skip,skip,skip,skip,skip,skip,skip,B,B,B,B,B,B,B,A,A,A,A,A,A,0.0,equalize
696,equalize,2,B,A,B,A,A,B,A,B,B,B,B,B,B,B,B,B,B,B,B,B,0.05,equalize
696,equalize,3,skip,B,skip,B,B,skip,skip,skip,skip,skip,skip,skip,skip,skip,skip,skip,skip,skip,skip,skip,0.05,equalize
696,turntaking,4,skip,A,skip,B,skip,B,B,A,A,A,A,A,A,A,B,B,B,B,B,B,0.0,equalize
696,equalize,5,skip,skip,skip,skip,skip,skip,B,A,A,A,A,A,A,A,A,A,A,A,A,A,0.0,equalize
696,turntaking,6,B,B,B,A,A,A,skip,skip,skip,skip,skip,skip,skip,skip,skip,skip,skip,skip,skip,skip,0.05,equalize
697,equalize,1,A,B,skip,skip,A,A,A,A,A,A,A,A,A,A,A,A,A,A,A,A,0.05,draw
697,turntaking,2,skip,skip,B,skip,skip,skip,skip,skip,skip,skip,skip,skip,skip,skip,skip,skip,skip,skip,skip,skip,0.05,draw
697,equalize,3,skip,A,A,B,B,B,B,B,B,B,B,B,B,B,B,B,B,B,B,B,0.0,draw
697,equalize,4,skip,skip,skip,A,skip,skip,skip,skip,skip,skip,skip,skip,skip,skip,skip,skip,skip,skip,skip,skip,0.05,draw
697,turntaking,5,A,A,A,B,A,B,B,B,B,A,A,A,A,A,A,A,A,A,A,A,0.0,draw
697,turntaking,6,B,skip,skip,skip,B,A,A,A,A,B,B,B,B,B,B,B,B,B,B,B,0.05,draw
698,equalize,1,A,skip,skip,skip,B,A,A,A,A,A,A,A,A,A,A,A,A,A,A,A,0.05,equalize
698,equalize,2,B,A,A,B,A,B,B,B,B,B,B,B,B,B,B,B,B,B,B,B,0.05,equalize
698,turntaking,3,skip,skip,skip,B,B,B,B,A,A,B,B,B,B,B,B,B,B,B,B,B,0.0,equalize
698,turntaking,4,skip,A,A,A,skip,skip,skip,skip,skip,skip,skip,skip,skip,skip,skip,skip,skip,skip,skip,skip,0.05,equalize
698,equalize,5,skip,skip,B,skip,skip,skip,skip,skip,skip,skip,skip,skip,skip,skip,skip,skip,skip,skip,skip,skip,0.05,equalize
698,turntaking,6,B,B,skip,skip,skip,A,A,B,B,A,A,A,A,A,A,A,A,A,A,A,0.05,equalize
699,equalize,1,A,A,A,A,A,A,A,A,A,A,A,A,A,A,A,A,A,A,A,A,0.0,draw
699,equalize,2,B,B,B,B,B,B,B,B,B,B,B,B,B,B,B,B,B,B,B,B,0.0,draw
699,equalize,3,skip,skip,skip,skip,skip,skip,skip,skip,skip,skip,skip,skip,skip,skip,skip,skip,skip,skip,skip,skip,0.0,draw
699,turntaking,4,skip,skip,skip,skip,skip,skip,skip,skip,skip,skip,skip,skip,skip,skip,skip,skip,skip,skip,skip,skip,0.0,draw
699,turntaking,5,A,A,A,A,A,A,A,A,A,A,A,A,A,A,A,A,A,A,A,A,0.0,draw
699,turntaking,6,B,B,B,B,B,B,B,B,B,B,B,B,B,B,B,B,B,B,B,B,0.0,draw
700,turntaking,1,skip,skip,skip,A,A,A,A,A,A,A,A,A,A,A,A,A,A,A,A,A,0.0,draw
700,turntaking,2,skip,skip,skip,B,B,B,B,B,B,B,B,B,B,B,B,B,B,B,B,B,0.0,draw
700,turntaking,3,skip,A,skip,skip,skip,skip,skip,skip,skip,skip,skip,skip,skip,skip,skip,skip,skip,skip,skip,skip,0.05,draw
700,equalize,4,skip,B,skip,skip,skip,skip,skip,skip,skip,skip,skip,skip,skip,skip,skip,skip,skip,skip,skip,skip,0.05,draw
700,equalize,5,skip,skip,skip,A,A,A,A,A,A,A,A,A,A,A,A,A,A,A,A,A,0.0,draw
700,equalize,6,skip,skip,skip,B,B,B,B,B,B,B,B,B,B,B,B,B,B,B,B,B,0.0,draw
701,turntaking,1,skip,skip,A,skip,skip,A,skip,skip,A,skip,skip,A,skip,skip,A,skip,skip,A,skip,skip,0.3,draw
701,turntaking,2,skip,skip,B,skip,skip,B,skip,skip,B,skip,skip,B,skip,skip,B,skip,skip,B,skip,skip,0.3,draw
701,turntaking,3,skip,A,skip,skip,A,skip,skip,A,skip,skip,A,skip,skip,A,skip,skip,A,skip,skip,A,0.35,draw
701,turntaking,4,skip,B,skip,skip,B,skip,skip,B,skip,skip,B,skip,skip,B,skip,skip,B,skip,skip,B,0.35,draw
701,turntaking,5,A,skip,skip,A,skip,skip,A,skip,skip,A,skip,skip,A,skip,skip,A,skip,skip,A,skip,0.35,draw
701,turntaking,6,B,skip,skip,B,skip,skip,B,skip,skip,B,skip,skip,B,skip,skip,B,skip,skip,B,skip,0.35,draw
702,turntaking,1,skip,skip,A,skip,skip,A,skip,skip,A,skip,skip,A,skip,skip,A,skip,skip,A,skip,skip,0.3,draw
702,turntaking,2,skip,skip,B,skip,skip,B,skip,skip,B,skip,skip,B,skip,skip,B,skip,skip,B,skip,skip,0.3,draw
702,turntaking,3,skip,A,skip,skip,A,skip,skip,A,skip,skip,A,skip,skip,A,skip,skip,A,skip,skip,A,0.35,draw
702,turntaking,4,skip,B,skip,skip,B,skip,skip,B,skip,skip,B,skip,skip,B,skip,skip,B,skip,skip,B,0.35,draw
702,turntaking,5,A,skip,skip,A,skip,skip,A,skip,skip,A,skip,skip,A,skip,skip,A,skip,skip,A,skip,0.35,draw
702,turntaking,6,B,skip,skip,B,skip,skip,B,skip,skip,B,skip,skip,B,skip,skip,B,skip,skip,B,skip,0.35,draw
703,turntaking,1,skip,skip,A,skip,skip,A,skip,skip,A,skip,skip,A,skip,skip,A,skip,skip,A,skip,skip,0.3,draw
703,turntaking,2,skip,skip,B,skip,skip,B,skip,skip,B,skip,skip,B,skip,skip,B,skip,skip,B,skip,skip,0.3,draw
703,turntaking,3,skip,A,skip,skip,A,skip,skip,A,skip,skip,A,skip,skip,A,skip,skip,A,skip,skip,A,0.35,draw
703,turntaking,4,skip,B,skip,skip,B,skip,skip,B,skip,skip,B,skip,skip,B,skip,skip,B,skip,skip,B,0.35,draw
703,turntaking,5,A,skip,skip,A,skip,skip,A,skip,skip,A,skip,skip,A,skip,skip,A,skip,skip,A,skip,0.35,draw
703,turntaking,6,B,skip,skip,B,skip,skip,B,skip,skip,B,skip,skip,B,skip,skip,B,skip,skip,B,skip,0.35,draw
704,turntaking,1,skip,skip,A,skip,skip,A,skip,skip,A,skip,skip,A,skip,skip,A,skip,skip,A,skip,skip,0.3,draw
704,turntaking,2,skip,skip,B,skip,skip,B,skip,skip,B,skip,skip,B,skip,skip,B,skip,skip,B,skip,skip,0.3,draw
704,turntaking,3,skip,A,skip,skip,A,skip,skip,A,skip,skip,A,skip,skip,A,skip,skip,A,skip,skip,A,0.35,draw
704,turntaking,4,skip,B,skip,skip,B,skip,skip,B,skip,skip,B,skip,skip,B,skip,skip,B,skip,skip,B,0.35,draw
704,turntaking,5,A,skip,skip,A,skip,skip,A,skip,skip,A,skip,skip,A,skip,skip,A,skip,skip,A,skip,0.35,draw
704,turntaking,6,B,skip,skip,B,skip,skip,B,skip,skip,B,skip,skip,B,skip,skip,B,skip,skip,B,skip,0.35,draw
705,turntaking,1,skip,skip,A,skip,skip,A,skip,skip,A,skip,skip,A,skip,skip,A,skip,skip,A,skip,skip,0.3,draw
705,turntaking,2,skip,skip,B,skip,skip,B,skip,skip,B,skip,skip,B,skip,skip,B,skip,skip,B,skip,skip,0.3,draw
705,turntaking,3,skip,A,skip,skip,A,skip,skip,A,skip,skip,A,skip,skip,A,skip,skip,A,skip,skip,A,0.35,draw
705,turntaking,4,skip,B,skip,skip,B,skip,skip,B,skip,skip,B,skip,skip,B,skip,skip,B,skip,skip,B,0.35,draw
705,turntaking,5,A,skip,skip,A,skip,skip,A,skip,skip,A,skip,skip,A,skip,skip,A,skip,skip,A,skip,0.35,draw
705,turntaking,6,B,skip,skip,B,skip,skip,B,skip,skip,B,skip,skip,B,skip,skip,B,skip,skip,B,skip,0.35,draw
706,turntaking,1,skip,skip,A,skip,skip,A,skip,skip,A,skip,skip,A,skip,skip,A,skip,skip,A,skip,skip,0.3,draw
706,turntaking,2,skip,skip,B,skip,skip,B,skip,skip,B,skip,skip,B,skip,skip,B,skip,skip,B,skip,skip,0.3,draw
706,turntaking,3,skip,A,skip,skip,A,skip,skip,A,skip,skip,A,skip,skip,A,skip,skip,A,skip,skip,A,0.35,draw
706,turntaking,4,skip,B,skip,skip,B,skip,skip,B,skip,skip,B,skip,skip,B,skip,skip,B,skip,skip,B,0.35,draw
706,turntaking,5,A,skip,skip,A,skip,skip,A,skip,skip,A,skip,skip,A,skip,skip,A,skip,skip,A,skip,0.35,draw
706,turntaking,6,B,skip,skip,B,skip,skip,B,skip,skip,B,skip,skip,B,skip,skip,B,skip,skip,B,skip,0.35,draw
707,turntaking,1,skip,skip,A,skip,skip,A,skip,skip,A,skip,skip,A,skip,skip,A,skip,skip,A,skip,skip,0.3,draw
707,turntaking,2,skip,skip,B,skip,skip,B,skip,skip,B,skip,skip,B,skip,skip,B,skip,skip,B,skip,skip,0.3,draw
707,turntaking,3,skip,A,skip,skip,A,skip,skip,A,skip,skip,A,skip,skip,A,skip,skip,A,skip,skip,A,0.35,draw
707,turntaking,4,skip,B,skip,skip,B,skip,skip,B,skip,skip,B,skip,skip,B,skip,skip,B,skip,skip,B,0.35,draw
707,turntaking,5,A,skip,skip,A,skip,skip,A,skip,skip,A,skip,skip,A,skip,skip,A,skip,skip,A,skip,0.35,draw
707,turntaking,6,B,skip,skip,B,skip,skip,B,skip,skip,B,skip,skip,B,skip,skip,B,skip,skip,B,skip,0.35,draw
708,turntaking,1,skip,skip,A,skip,skip,A,skip,skip,A,skip,skip,A,skip,skip,A,skip,skip,A,skip,skip,0.3,draw
708,turntaking,2,skip,skip,B,skip,skip,B,skip,skip,B,skip,skip,B,skip,skip,B,skip,skip,B,skip,skip,0.3,draw
708,turntaking,3,skip,A,skip,skip,A,skip,skip,A,skip,skip,A,skip,skip,A,skip,skip,A,skip,skip,A,0.35,draw
708,turntaking,4,skip,B,skip,skip,B,skip,skip,B,skip,skip,B,skip,skip,B,skip,skip,B,skip,skip,B,0.35,draw
708,turntaking,5,A,skip,skip,A,skip,skip,A,skip,skip,A,skip,skip,A,skip,skip,A,skip,skip,A,skip,0.35,draw
708,turntaking,6,B,skip,skip,B,skip,skip,B,skip,skip,B,skip,skip,B,skip,skip,B,skip,skip,B,skip,0.35,draw
709,turntaking,1,skip,skip,A,skip,skip,A,skip,skip,A,skip,skip,A,skip,skip,A,skip,skip,A,skip,skip,0.3,draw
709,turntaking,2,skip,skip,B,skip,skip,B,skip,skip,B,skip,skip,B,skip,skip,B,skip,skip,B,skip,skip,0.3,draw
709,turntaking,3,skip,A,skip,skip,A,skip,skip,A,skip,skip,A,skip,skip,A,skip,skip,A,skip,skip,A,0.35,draw
709,turntaking,4,skip,B,skip,skip,B,skip,skip,B,skip,skip,B,skip,skip,B,skip,skip,B,skip,skip,B,0.35,draw
709,turntaking,5,A,skip,skip,A,skip,skip,A,skip,skip,A,skip,skip,A,skip,skip,A,skip,skip,A,skip,0.35,draw
709,turntaking,6,B,skip,skip,B,skip,skip,B,skip,skip,B,skip,skip,B,skip,skip,B,skip,skip,B,skip,0.35,draw
710,turntaking,1,skip,skip,A,skip,skip,A,skip,skip,A,skip,skip,A,skip,skip,A,skip,skip,A,skip,skip,0.3,draw
710,turntaking,2,skip,skip,B,skip,skip,B,skip,skip,B,skip,skip,B,skip,skip,B,skip,skip,B,skip,skip,0.3,draw
710,turntaking,3,skip,A,skip,skip,A,skip,skip,A,skip,skip,A,skip,skip,A,skip,skip,A,skip,skip,A,0.35,draw
710,turntaking,4,skip,B,skip,skip,B,skip,skip,B,skip,skip,B,skip,skip,B,skip,skip,B,skip,skip,B,0.35,draw
710,turntaking,5,A,skip,skip,A,skip,skip,A,skip,skip,A,skip,skip,A,skip,skip,A,skip,skip,A,skip,0.35,draw
710,turntaking,6,B,skip,skip,B,skip,skip,B,skip,skip,B,skip,skip,B,skip,skip,B,skip,skip,B,skip,0.35,draw
711,turntaking,1,skip,skip,A,skip,skip,A,skip,skip,A,skip,skip,A,skip,skip,A,skip,skip,A,skip,skip,0.3,draw
711,turntaking,2,skip,skip,B,skip,skip,B,skip,skip,B,skip,skip,B,skip,skip,B,skip,skip,B,skip,skip,0.3,draw
711,turntaking,3,skip,A,skip,skip,A,skip,skip,A,skip,skip,A,skip,skip,A,skip,skip,A,skip,skip,A,0.35,draw
711,turntaking,4,skip,B,skip,skip,B,skip,skip,B,skip,skip,B,skip,skip,B,skip,skip,B,skip,skip,B,0.35,draw
711,turntaking,5,A,skip,skip,A,skip,skip,A,skip,skip,A,skip,skip,A,skip,skip,A,skip,skip,A,skip,0.35,draw
711,turntaking,6,B,skip,skip,B,skip,skip,B,skip,skip,B,skip,skip,B,skip,skip,B,skip,skip,B,skip,0.35,draw
712,turntaking,1,skip,skip,A,skip,skip,A,skip,skip,A,skip,skip,A,skip,skip,A,skip,skip,A,skip,skip,0.3,draw
712,turntaking,2,skip,skip,B,skip,skip,B,skip,skip,B,skip,skip,B,skip,skip,B,skip,skip,B,skip,skip,0.3,draw
712,turntaking,3,skip,A,skip,skip,A,skip,skip,A,skip,skip,A,skip,skip,A,skip,skip,A,skip,skip,A,0.35,draw
712,turntaking,4,skip,B,skip,skip,B,skip,skip,B,skip,skip,B,skip,skip,B,skip,skip,B,skip,skip,B,0.35,draw
712,turntaking,5,A,skip,skip,A,skip,skip,A,skip,skip,A,skip,skip,A,skip,skip,A,skip,skip,A,skip,0.35,draw
712,turntaking,6,B,skip,skip,B,skip,skip,B,skip,skip,B,skip,skip,B,skip,skip,B,skip,skip,B,skip,0.35,draw
713,turntaking,1,skip,skip,A,skip,skip,A,skip,skip,A,skip,skip,A,skip,skip,A,skip,skip,A,skip,skip,0.3,draw
713,turntaking,2,skip,skip,B,skip,skip,B,skip,skip,B,skip,skip,B,skip,skip,B,skip,skip,B,skip,skip,0.3,draw
713,turntaking,3,skip,A,skip,skip,A,skip,skip,A,skip,skip,A,skip,skip,A,skip,skip,A,skip,skip,A,0.35,draw
713,turntaking,4,skip,B,skip,skip,B,skip,skip,B,skip,skip,B,skip,skip,B,skip,skip,B,skip,skip,B,0.35,draw
713,turntaking,5,A,skip,skip,A,skip,skip,A,skip,skip,A,skip,skip,A,skip,skip,A,skip,skip,A,skip,0.35,draw
713,turntaking,6,B,skip,skip,B,skip,skip,B,skip,skip,B,skip,skip,B,skip,skip,B,skip,skip,B,skip,0.35,draw
714,turntaking,1,skip,skip,A,skip,skip,A,skip,skip,A,skip,skip,A,skip,skip,A,skip,skip,A,skip,skip,0.3,draw
714,turntaking,2,skip,skip,B,skip,skip,B,skip,skip,B,skip,skip,B,skip,skip,B,skip,skip,B,skip,skip,0.3,draw
714,turntaking,3,skip,A,skip,skip,A,skip,skip,A,skip,skip,A,skip,skip,A,skip,skip,A,skip,skip,A,0.35,draw
714,turntaking,4,skip,B,skip,skip,B,skip,skip,B,skip,skip,B,skip,skip,B,skip,skip,B,skip,skip,B,0.35,draw
714,turntaking,5,A,skip,skip,A,skip,skip,A,skip,skip,A,skip,skip,A,skip,skip,A,skip,skip,A,skip,0.35,draw
714,turntaking,6,B,skip,skip,B,skip,skip,B,skip,skip,B,skip,skip,B,skip,skip,B,skip,skip,B,skip,0.35,draw
715,turntaking,1,skip,skip,A,skip,skip,A,skip,skip,A,skip,skip,A,skip,skip,A,skip,skip,A,skip,skip,0.3,draw
715,turntaking,2,skip,skip,B,skip,skip,B,skip,skip,B,skip,skip,B,skip,skip,B,skip,skip,B,skip,skip,0.3,draw
715,turntaking,3,skip,A,skip,skip,A,skip,skip,A,skip,skip,A,skip,skip,A,skip,skip,A,skip,skip,A,0.35,draw
715,turntaking,4,skip,B,skip,skip,B,skip,skip,B,skip,skip,B,skip,skip,B,skip,skip,B,skip,skip,B,0.35,draw
715,turntaking,5,A,skip,skip,A,skip,skip,A,skip,skip,A,skip,skip,A,skip,skip,A,skip,skip,A,skip,0.35,draw
715,turntaking,6,B,skip,skip,B,skip,skip,B,skip,skip,B,skip,skip,B,skip,skip,B,skip,skip,B,skip,0.35,draw
716,turntaking,1,skip,skip,A,skip,skip,A,skip,skip,A,skip,skip,A,skip,skip,A,skip,skip,A,skip,skip,0.3,draw
716,turntaking,2,skip,skip,B,skip,skip,B,skip,skip,B,skip,skip,B,skip,skip,B,skip,skip,B,skip,skip,0.3,draw
716,turntaking,3,skip,A,skip,skip,A,skip,skip,A,skip,skip,A,skip,skip,A,skip,skip,A,skip,skip,A,0.35,draw
716,turntaking,4,skip,B,skip,skip,B,skip,skip,B,skip,skip,B,skip,skip,B,skip,skip,B,skip,skip,B,0.35,draw
716,turntaking,5,A,skip,skip,A,skip,skip,A,skip,skip,A,skip,skip,A,skip,skip,A,skip,skip,A,skip,0.35,draw
716,turntaking,6,B,skip,skip,B,skip,skip,B,skip,skip,B,skip,skip,B,skip,skip,B,skip,skip,B,skip,0.35,draw
717,turntaking,1,skip,skip,A,skip,skip,A,skip,skip,A,skip,skip,A,skip,skip,A,skip,skip,A,skip,skip,0.3,draw
717,turntaking,2,skip,skip,B,skip,skip,B,skip,skip,B,skip,skip,B,skip,skip,B,skip,skip,B,skip,skip,0.3,draw
717,turntaking,3,skip,A,skip,skip,A,skip,skip,A,skip,skip,A,skip,skip,A,skip,skip,A,skip,skip,A,0.35,draw
717,turntaking,4,skip,B,skip,skip,B,skip,skip,B,skip,skip,B,skip,skip,B,skip,skip,B,skip,skip,B,0.35,draw
717,turntaking,5,A,skip,skip,A,skip,skip,A,skip,skip,A,skip,skip,A,skip,skip,A,skip,skip,A,skip,0.35,draw
717,turntaking,6,B,skip,skip,B,skip,skip,B,skip,skip,B,skip,skip,B,skip,skip,B,skip,skip,B,skip,0.35,draw
718,turntaking,1,skip,skip,A,skip,skip,A,skip,skip,A,skip,skip,A,skip,skip,A,skip,skip,A,skip,skip,0.3,draw
718,turntaking,2,skip,skip,B,skip,skip,B,skip,skip,B,skip,skip,B,skip,skip,B,skip,skip,B,skip,skip,0.3,draw
718,turntaking,3,skip,A,skip,skip,A,skip,skip,A,skip,skip,A,skip,skip,A,skip,skip,A,skip,skip,A,0.35,draw
718,turntaking,4,skip,B,skip,skip,B,skip,skip,B,skip,skip,B,skip,skip,B,skip,skip,B,skip,skip,B,0.35,draw
718,turntaking,5,A,skip,skip,A,skip,skip,A,skip,skip,A,skip,skip,A,skip,skip,A,skip,skip,A,skip,0.35,draw
718,turntaking,6,B,skip,skip,B,skip,skip,B,skip,skip,B,skip,skip,B,skip,skip,B,skip,skip,B,skip,0.35,draw
719,turntaking,1,skip,skip,A,skip,skip,A,skip,skip,A,skip,skip,A,skip,skip,A,skip,skip,A,skip,skip,0.3,draw
719,turntaking,2,skip,skip,B,skip,skip,B,skip,skip,B,skip,skip,B,skip,skip,B,skip,skip,B,skip,skip,0.3,draw
719,turntaking,3,skip,A,skip,skip,A,skip,skip,A,skip,skip,A,skip,skip,A,skip,skip,A,skip,skip,A,0.35,draw
719,turntaking,4,skip,B,skip,skip,B,skip,skip,B,skip,skip,B,skip,skip,B,skip,skip,B,skip,skip,B,0.35,draw
719,turntaking,5,A,skip,skip,A,skip,skip,A,skip,skip,A,skip,skip,A,skip,skip,A,skip,skip,A,skip,0.35,draw
719,turntaking,6,B,skip,skip,B,skip,skip,B,skip,skip,B,skip,skip,B,skip,skip,B,skip,skip,B,skip,0.35,draw
720,turntaking,1,skip,skip,A,skip,skip,A,skip,skip,A,skip,skip,A,skip,skip,A,skip,skip,A,skip,skip,0.3,draw
720,turntaking,2,skip,skip,B,skip,skip,B,skip,skip,B,skip,skip,B,skip,skip,B,skip,skip,B,skip,skip,0.3,draw
720,turntaking,3,skip,A,skip,skip,A,skip,skip,A,skip,skip,A,skip,skip,A,skip,skip,A,skip,skip,A,0.35,draw
720,turntaking,4,skip,B,skip,skip,B,skip,skip,B,skip,skip,B,skip,skip,B,skip,skip,B,skip,skip,B,0.35,draw
720,turntaking,5,A,skip,skip,A,skip,skip,A,skip,skip,A,skip,skip,A,skip,skip,A,skip,skip,A,skip,0.35,draw
720,turntaking,6,B,skip,skip,B,skip,skip,B,skip,skip,B,skip,skip,B,skip,skip,B,skip,skip,B,skip,0.35,draw
721,random,1,A,B,B,B,skip,skip,A,A,skip,A,A,skip,B,A,skip,skip,B,A,skip,A,0.0,draw
721,random,2,B,skip,B,B,A,skip,A,A,A,A,B,skip,B,skip,B,skip,B,A,A,A,0.0,draw
721,random,3,skip,A,A,skip,skip,B,A,A,A,B,B,skip,skip,skip,B,B,skip,skip,A,B,0.15,draw
721,random,4,skip,B,skip,B,skip,skip,B,skip,B,A,skip,skip,skip,A,A,A,B,B,A,skip,0.2,draw
721,random,5,A,A,skip,A,A,skip,A,B,A,skip,A,skip,B,B,B,B,B,A,A,skip,0.15,draw
721,random,6,B,skip,A,skip,B,skip,skip,skip,skip,A,A,A,skip,skip,skip,skip,skip,B,B,skip,0.15,draw
722,random,1,B,A,B,A,skip,skip,skip,A,A,A,A,skip,skip,B,B,A,B,A,A,B,0.05,draw
722,random,2,B,A,skip,B,A,B,A,A,A,B,skip,A,B,skip,skip,B,skip,B,A,A,0.05,draw
722,random,3,A,A,skip,skip,A,skip,A,A,skip,B,skip,A,A,skip,skip,B,B,B,B,B,0.0,draw
722,random,4,A,A,B,skip,B,A,A,skip,A,skip,B,B,skip,A,skip,skip,skip,A,B,skip,0.1,draw
722,random,5,B,A,A,skip,B,B,skip,skip,A,skip,A,skip,skip,B,B,B,B,A,A,A,0.0,draw
722,random,6,B,A,A,B,A,skip,skip,B,skip,A,B,B,A,skip,B,A,skip,A,A,skip,0.05,draw
723,random,1,skip,A,skip,A,B,B,skip,skip,skip,skip,skip,skip,A,A,skip,skip,A,A,A,A,0.0,draw
723,random,2,skip,A,A,skip,A,skip,skip,B,A,B,skip,A,B,B,A,skip,B,A,A,skip,0.1,draw
723,random,3,A,A,B,skip,B,B,B,A,A,skip,B,A,A,A,B,skip,B,A,skip,skip,0.0,draw
723,random,4,skip,B,skip,skip,skip,B,B,skip,skip,B,B,skip,B,A,B,A,skip,skip,skip,skip,0.1,draw
723,random,5,skip,A,A,skip,A,skip,B,skip,skip,B,skip,B,A,skip,A,B,A,skip,A,B,0.1,draw
723,random,6,A,A,B,A,A,B,A,A,A,skip,B,B,A,skip,skip,skip,skip,skip,A,A,0.05,draw
724,random,1,B,B,B,B,B,B,B,A,skip,skip,skip,skip,skip,A,skip,B,A,A,A,skip,0.15,draw
724,random,2,B,skip,B,skip,skip,A,A,B,B,B,A,A,B,B,B,B,A,B,A,A,0.1,draw
724,random,3,A,A,skip,skip,skip,skip,A,B,B,B,skip,A,B,skip,skip,A,B,skip,B,B,0.2,draw
724,random,4,skip,A,skip,A,skip,skip,A,skip,skip,skip,skip,B,skip,skip,A,B,A,A,A,A,0.05,draw
724,random,5,B,B,skip,A,skip,B,skip,skip,B,A,B,A,B,B,skip,B,skip,B,skip,A,0.1,draw
724,random,6,B,B,A,skip,A,B,A,A,B,skip,A,skip,skip,A,A,A,A,B,A,A,0.1,draw
725,random,1,A,skip,A,A,B,B,skip,A,B,A,B,A,skip,B,skip,A,B,A,skip,skip,0.1,draw
725,random,2,A,skip,skip,skip,A,A,B,skip,A,A,skip,A,B,A,A,skip,A,A,A,B,0.15,draw
725,random,3,A,skip,B,A,A,A,B,B,skip,A,B,skip,A,skip,A,A,skip,A,B,B,0.05,draw
725,random,4,A,skip,skip,A,A,A,skip,skip,B,skip,B,B,A,skip,B,A,skip,B,B,B,0.15,draw
725,random,5,skip,skip,A,B,B,B,B,skip,skip,B,B,skip,A,B,A,A,A,A,B,B,0.05,draw
725,random,6,skip,A,A,A,A,B,A,B,B,B,B,A,B,B,A,B,skip,skip,skip,A,0.2,draw
726,random,1,A,skip,skip,B,B,A,A,B,skip,A,B,B,B,skip,B,skip,A,B,B,skip,0.1,draw
726,random,2,B,A,skip,skip,A,B,skip,B,skip,A,A,skip,B,A,B,A,skip,skip,B,B,0.05,draw
726,random,3,skip,skip,skip,skip,skip,skip,B,B,skip,B,B,skip,skip,skip,A,skip,skip,A,skip,skip,0.05,draw
726,random,4,B,A,B,skip,B,A,B,B,A,A,B,skip,A,B,B,skip,skip,A,A,B,0.15,draw
726,random,5,A,A,B,skip,A,B,A,B,skip,A,B,A,B,A,A,B,A,B,skip,skip,0.05,draw
726,random,6,skip,skip,skip,skip,skip,skip,skip,skip,skip,A,A,skip,B,B,B,B,B,skip,B,A,0.1,draw
727,random,1,B,A,skip,B,B,skip,B,skip,skip,B,skip,A,skip,B,skip,A,skip,A,skip,A,0.0,draw
727,random,2,skip,skip,B,A,B,skip,B,skip,skip,skip,A,A,B,B,B,A,skip,B,B,skip,0.05,draw
727,random,3,skip,B,A,A,A,A,A,A,B,A,B,A,A,skip,skip,B,B,B,B,skip,0.25,draw
727,random,4,B,A,A,A,B,B,A,skip,skip,B,A,B,skip,A,A,B,B,skip,A,skip,0.15,draw
727,random,5,skip,B,B,B,A,B,skip,B,B,skip,skip,skip,B,skip,skip,A,B,A,A,A,0.0,draw
727,random,6,B,A,B,skip,A,skip,A,B,A,B,A,skip,skip,B,skip,skip,A,skip,skip,skip,0.1,draw
728,random,1,skip,B,skip,A,skip,A,B,A,B,skip,skip,A,skip,skip,A,A,A,A,B,B,0.1,draw
728,random,2,A,A,skip,A,skip,A,skip,A,A,A,B,A,B,B,A,skip,A,B,B,skip,0.1,draw
728,random,3,skip,A,A,A,B,B,B,skip,skip,skip,B,A,A,B,skip,skip,A,skip,B,A,0.05,draw
728,random,4,A,A,A,skip,skip,B,A,A,skip,B,B,B,skip,A,B,B,skip,B,B,B,0.2,draw
728,random,5,skip,skip,B,A,skip,skip,B,A,A,B,skip,skip,skip,B,skip,skip,B,B,B,A,0.1,draw
728,random,6,skip,A,A,skip,B,B,B,skip,B,B,A,skip,skip,B,skip,B,skip,A,A,skip,0.1,draw
729,random,1,skip,skip,A,B,skip,skip,A,skip,A,A,B,skip,B,B,skip,B,skip,B,A,B,0.0,draw
729,random,2,A,skip,A,skip,A,skip,B,A,A,B,A,B,A,skip,skip,skip,A,A,A,A,0.15,draw
729,random,3,B,A,B,skip,skip,A,A,skip,B,A,B,skip,B,skip,B,B,skip,B,B,B,0.2,draw
729,random,4,skip,B,B,skip,A,skip,B,skip,B,skip,B,skip,A,B,A,A,B,skip,B,B,0.1,draw
729,random,5,A,skip,B,skip,A,B,skip,A,A,B,B,skip,B,skip,skip,A,skip,A,skip,B,0.0,draw
729,random,6,skip,B,B,B,A,B,skip,B,A,skip,B,skip,A,B,skip,skip,skip,B,A,A,0.05,draw
730,random,1,skip,skip,B,skip,A,B,B,B,skip,A,skip,B,A,skip,A,A,B,B,A,B,0.15,draw
730,random,2,skip,A,B,skip,A,skip,skip,B,A,skip,B,A,skip,A,skip,skip,A,A,skip,A,0.05,draw
730,random,3,skip,B,skip,A,A,skip,B,skip,B,B,B,skip,A,A,skip,skip,A,skip,skip,skip,0.05,draw
730,random,4,B,B,A,B,A,B,B,B,A,A,A,A,skip,A,B,B,skip,A,skip,A,0.15,draw
730,random,5,skip,skip,B,A,A,B,skip,A,A,A,A,B,A,A,skip,B,skip,A,A,skip,0.0,draw
730,random,6,A,skip,B,B,skip,A,B,A,skip,B,A,B,B,B,A,B,B,skip,skip,skip,0.2,draw
731,random,1,skip,B,A,B,A,skip,A,B,skip,A,B,skip,skip,skip,A,B,B,skip,A,A,0.2,draw
731,random,2,B,B,skip,skip,skip,A,A,B,A,B,skip,B,skip,skip,skip,A,skip,A,skip,A,0.0,draw
731,random,3,A,A,B,A,B,A,skip,A,B,A,A,B,A,skip,skip,skip,A,A,A,A,0.1,draw
731,random,4,B,B,B,A,B,skip,A,B,skip,B,B,B,skip,skip,B,A,skip,A,A,skip,0.0,draw
731,random,5,A,A,skip,A,skip,A,A,skip,B,skip,skip,skip,skip,B,B,A,A,skip,A,A,0.05,draw
731,random,6,A,A,A,skip,A,A,B,A,A,A,skip,A,B,A,B,A,A,A,skip,B,0.25,draw
732,random,1,skip,B,A,B,skip,A,B,B,A,skip,B,skip,skip,B,B,skip,skip,A,A,A,0.05,draw
732,random,2,B,skip,A,skip,B,skip,A,B,B,A,B,A,B,A,B,B,A,skip,A,A,0.05,draw
732,random,3,skip,A,B,A,skip,A,B,A,B,A,A,skip,A,A,A,B,A,B,B,B,0.15,draw
732,random,4,B,skip,B,skip,A,B,A,skip,A,B,B,B,A,B,skip,A,A,skip,B,B,0.15,draw
732,random,5,A,skip,B,B,A,A,skip,B,B,B,B,skip,A,A,B,B,B,A,B,B,0.1,draw
732,random,6,B,A,A,B,A,A,A,skip,A,A,A,A,B,B,skip,skip,skip,B,B,A,0.0,draw
733,random,1,B,skip,A,A,A,skip,A,A,skip,skip,skip,skip,A,A,B,B,A,A,B,A,0.0,draw
733,random,2,B,skip,B,A,A,A,A,A,A,B,B,A,A,B,skip,skip,skip,skip,skip,skip,0.0,draw
733,random,3,skip,A,skip,B,skip,B,skip,A,A,B,skip,skip,A,skip,A,B,skip,B,skip,A,0.15,draw
733,random,4,skip,B,B,skip,B,A,skip,B,skip,B,B,skip,B,A,A,skip,A,A,B,A,0.1,draw
733,random,5,B,B,B,A,A,A,skip,skip,A,B,skip,A,B,skip,B,B,skip,skip,A,skip,0.05,draw
733,random,6,skip,skip,A,A,skip,B,A,A,B,A,B,skip,skip,B,A,B,B,skip,B,skip,0.15,draw
734,random,1,A,A,A,B,B,A,B,skip,skip,skip,skip,A,skip,A,skip,skip,skip,B,B,skip,0.0,draw
734,random,2,B,A,B,A,skip,A,skip,B,skip,A,skip,A,skip,skip,A,B,B,B,skip,A,0.15,draw
734,random,3,A,B,skip,skip,skip,A,skip,skip,B,skip,A,skip,B,A,skip,B,B,skip,A,A,0.15,draw
734,random,4,A,B,skip,A,skip,A,skip,skip,A,skip,skip,skip,A,skip,skip,B,A,skip,B,A,0.05,draw
734,random,5,skip,skip,skip,skip,B,skip,skip,B,A,skip,B,B,skip,skip,skip,A,B,B,B,A,0.1,draw
734,random,6,A,skip,A,B,skip,A,B,B,B,B,B,A,A,skip,A,B,B,skip,skip,A,0.05,draw
735,random,1,B,B,A,A,B,skip,A,skip,A,skip,A,B,A,A,B,A,skip,A,B,B,0.1,draw
735,random,2,skip,skip,skip,skip,A,skip,A,skip,B,skip,skip,skip,A,A,B,B,B,skip,A,B,0.05,draw
735,random,3,B,skip,skip,skip,A,B,A,skip,B,skip,B,A,B,A,A,A,B,B,skip,B,0.15,draw
735,random,4,skip,skip,B,A,B,A,skip,B,B,skip,skip,B,B,B,B,B,A,skip,skip,B,0.05,draw
735,random,5,A,skip,B,B,B,A,A,B,A,A,A,skip,skip,skip,A,B,skip,A,B,A,0.15,draw
735,random,6,A,A,skip,skip,B,A,skip,B,skip,B,B,skip,B,skip,B,skip,A,skip,B,skip,0.1,draw
736,random,1,B,A,A,B,B,B,A,skip,B,skip,A,skip,skip,skip,skip,B,skip,A,B,A,0.1,draw
736,random,2,A,A,B,B,skip,skip,skip,A,A,B,B,A,skip,B,skip,B,skip,A,B,A,0.15,draw
736,random,3,B,A,B,skip,B,skip,A,A,B,skip,skip,skip,A,skip,B,skip,A,B,A,A,0.15,draw
736,random,4,B,skip,skip,B,A,B,skip,B,A,B,skip,skip,skip,skip,skip,B,B,A,B,skip,0.0,draw
736,random,5,skip,A,skip,B,A,skip,skip,skip,B,skip,skip,A,skip,A,A,skip,B,A,skip,B,0.0,draw
736,random,6,B,A,skip,A,B,skip,A,B,B,A,skip,B,A,A,A,skip,B,B,B,B,0.15,draw
737,random,1,A,B,skip,skip,A,A,B,A,skip,A,skip,B,A,A,skip,B,A,A,skip,A,0.05,draw
737,random,2,A,A,A,A,skip,A,B,skip,skip,A,B,B,A,B,B,B,A,A,A,B,0.1,draw
737,random,3,skip,B,B,A,skip,skip,skip,A,skip,B,A,skip,skip,A,A,skip,skip,skip,B,B,0.0,draw
737,random,4,B,A,B,skip,skip,A,A,A,skip,A,B,skip,B,A,A,A,B,A,B,B,0.05,draw
737,random,5,B,skip,skip,skip,B,skip,B,skip,B,B,A,skip,skip,B,skip,B,A,A,A,B,0.1,draw
737,random,6,B,skip,B,skip,A,B,A,A,skip,skip,A,A,B,skip,skip,A,A,B,A,skip,0.15,draw
738,random,1,A,B,skip,skip,A,A,B,skip,A,skip,B,skip,skip,B,B,A,skip,A,skip,A,0.1,draw
738,random,2,skip,B,skip,skip,A,B,skip,skip,B,B,skip,A,B,A,skip,B,skip,A,A,A,0.1,draw
738,random,3,B,B,B,A,skip,skip,A,A,B,skip,skip,A,A,B,B,B,skip,skip,B,B,0.2,draw
738,random,4,A,B,B,skip,skip,A,A,B,A,B,A,A,B,B,skip,skip,skip,A,skip,skip,0.0,draw
738,random,5,A,A,A,B,B,skip,skip,B,skip,A,skip,B,A,B,skip,A,A,B,B,skip,0.3,draw
738,random,6,A,skip,skip,B,skip,B,A,skip,A,B,A,B,skip,skip,A,B,skip,skip,B,A,0.05,draw
739,random,1,B,A,B,B,B,skip,skip,A,A,B,B,B,B,A,B,A,B,B,B,A,0.2,draw
739,random,2,B,A,B,B,B,B,skip,skip,A,skip,skip,A,B,skip,skip,A,skip,skip,skip,B,0.05,draw
739,random,3,A,skip,A,A,A,skip,skip,B,skip,A,skip,skip,B,skip,A,B,skip,skip,A,skip,0.1,draw
739,random,4,A,A,skip,skip,B,B,skip,B,skip,A,skip,skip,skip,skip,B,A,skip,skip,A,B,0.0,draw
739,random,5,A,skip,A,skip,A,A,B,skip,B,A,B,B,B,B,B,skip,B,skip,A,A,0.15,draw
739,random,6,skip,B,skip,B,skip,skip,A,skip,A,A,skip,B,B,B,skip,B,B,skip,B,B,0.1,draw
740,random,1,skip,A,B,skip,skip,B,A,skip,B,B,B,skip,skip,skip,B,B,skip,B,skip,skip,0.05,draw
740,random,2,skip,A,A,skip,skip,skip,A,A,skip,A,skip,skip,B,A,A,A,skip,skip,skip,skip,0.0,draw
740,random,3,A,A,A,skip,A,B,skip,skip,B,A,B,B,skip,skip,A,B,B,skip,skip,A,0.15,draw
740,random,4,A,B,A,B,skip,skip,skip,A,skip,A,A,A,skip,skip,A,skip,A,B,skip,skip,0.1,draw
740,random,5,skip,B,A,B,skip,A,A,B,A,skip,B,skip,A,B,A,A,skip,B,A,A,0.25,draw
740,random,6,B,skip,B,A,B,A,B,A,skip,skip,A,skip,B,A,B,A,skip,skip,B,B,0.3,draw
741,rotate,1,A,B,skip,skip,skip,skip,A,B,skip,skip,skip,skip,A,B,skip,skip,skip,skip,A,B,0.1,rotate
741,random,2,A,A,A,B,A,skip,B,B,skip,B,B,B,skip,skip,B,B,skip,B,A,B,0.15,rotate
741,rotate,3,skip,skip,skip,skip,A,B,skip,skip,skip,skip,A,B,skip,skip,skip,skip,A,B,skip,skip,0.05,rotate
741,random,4,skip,skip,A,skip,skip,A,B,A,A,A,skip,A,A,B,skip,B,B,A,B,A,0.2,rotate
741,random,5,A,A,B,skip,A,B,B,A,A,skip,skip,B,A,A,skip,skip,A,A,B,A,0.0,rotate
741,rotate,6,skip,A,B,skip,skip,skip,skip,A,B,skip,skip,skip,skip,A,B,skip,skip,skip,skip,A,0.05,rotate
742,rotate,1,A,B,skip,skip,skip,skip,A,B,skip,skip,skip,skip,A,B,skip,skip,skip,skip,A,B,0.2,random
742,random,2,B,A,skip,skip,B,B,B,A,skip,B,B,skip,skip,A,A,B,skip,B,B,A,0.2,random
742,rotate,3,skip,skip,skip,skip,A,B,skip,skip,skip,skip,A,B,skip,skip,skip,skip,A,B,skip,skip,0.05,random
742,rotate,4,skip,skip,skip,A,B,skip,skip,skip,skip,A,B,skip,skip,skip,skip,A,B,skip,skip,skip,0.1,random
742,random,5,B,B,skip,skip,B,A,skip,B,skip,B,A,A,A,skip,A,A,A,A,skip,skip,0.1,random
742,random,6,B,skip,skip,A,B,B,skip,A,B,B,B,B,B,B,skip,B,skip,A,skip,A,0.1,random
743,random,1,skip,B,B,A,skip,A,skip,B,B,B,A,skip,A,B,A,A,skip,B,B,skip,0.2,random
743,rotate,2,B,skip,skip,skip,skip,A,B,skip,skip,skip,skip,A,B,skip,skip,skip,skip,A,B,skip,0.05,random
743,rotate,3,skip,skip,skip,skip,A,B,skip,skip,skip,skip,A,B,skip,skip,skip,skip,A,B,skip,skip,0.05,random
743,rotate,4,skip,skip,skip,A,B,skip,skip,skip,skip,A,B,skip,skip,skip,skip,A,B,skip,skip,skip,0.05,random
743,random,5,skip,B,skip,B,B,A,skip,A,skip,skip,B,B,B,A,skip,B,skip,A,A,B,0.15,random
743,random,6,A,B,skip,B,A,B,B,A,B,B,A,A,B,A,A,skip,B,B,skip,skip,0.05,random
744,random,1,skip,A,A,A,skip,skip,A,A,B,skip,A,B,skip,B,skip,A,A,B,B,A,0.2,random
744,random,2,A,B,skip,B,B,skip,B,A,A,B,skip,A,A,B,A,B,B,skip,skip,skip,0.2,random
744,rotate,3,skip,skip,skip,skip,A,B,skip,skip,skip,skip,A,B,skip,skip,skip,skip,A,B,skip,skip,0.05,random
744,rotate,4,skip,skip,skip,A,B,skip,skip,skip,skip,A,B,skip,skip,skip,skip,A,B,skip,skip,skip,0.1,random
744,rotate,5,skip,skip,A,B,skip,skip,skip,skip,A,B,skip,skip,skip,skip,A,B,skip,skip,skip,skip,0.0,random
744,random,6,B,A,B,skip,B,B,skip,A,skip,B,skip,skip,A,A,skip,A,A,skip,A,B,0.25,random
745,rotate,1,A,B,skip,skip,skip,skip,A,B,skip,skip,skip,skip,A,B,skip,skip,skip,skip,A,B,0.15,rotate
745,rotate,2,B,skip,skip,skip,skip,A,B,skip,skip,skip,skip,A,B,skip,skip,skip,skip,A,B,skip,0.15,rotate
745,random,3,skip,skip,A,skip,A,B,skip,skip,skip,skip,A,skip,skip,A,B,B,A,B,skip,B,0.1,rotate
745,random,4,B,B,B,skip,A,A,A,A,A,skip,A,skip,B,skip,B,B,skip,skip,skip,B,0.05,rotate
745,random,5,B,skip,B,skip,A,B,B,B,B,B,skip,skip,skip,skip,skip,skip,B,B,A,A,0.1,rotate
745,rotate,6,skip,A,B,skip,skip,skip,skip,A,B,skip,skip,skip,skip,A,B,skip,skip,skip,skip,A,0.05,rotate
746,random,1,skip,skip,A,A,skip,skip,B,skip,B,A,B,B,B,skip,A,B,B,A,B,A,0.15,random
746,random,2,A,skip,skip,A,skip,skip,skip,B,B,A,A,skip,B,B,B,skip,A,skip,B,A,0.1,random
746,rotate,3,skip,skip,skip,skip,A,B,skip,skip,skip,skip,A,B,skip,skip,skip,skip,A,B,skip,skip,0.1,random
746,random,4,B,A,B,A,B,B,A,B,B,skip,A,A,skip,A,skip,B,skip,A,skip,B,0.25,random
746,rotate,5,skip,skip,A,B,skip,skip,skip,skip,A,B,skip,skip,skip,skip,A,B,skip,skip,skip,skip,0.15,random
746,rotate,6,skip,A,B,skip,skip,skip,skip,A,B,skip,skip,skip,skip,A,B,skip,skip,skip,skip,A,0.05,random
747,random,1,skip,A,B,skip,A,A,B,B,B,B,B,B,B,A,B,skip,skip,skip,skip,A,0.1,random
747,rotate,2,B,skip,skip,skip,skip,A,B,skip,skip,skip,skip,A,B,skip,skip,skip,skip,A,B,skip,0.1,random
747,random,3,A,A,B,A,A,B,B,skip,skip,B,A,skip,A,A,A,skip,skip,A,skip,A,0.15,random
747,rotate,4,skip,skip,skip,A,B,skip,skip,skip,skip,A,B,skip,skip,skip,skip,A,B,skip,skip,skip,0.15,random
747,random,5,B,A,A,B,skip,B,skip,skip,B,B,A,skip,B,A,skip,A,skip,B,skip,skip,0.15,random
747,rotate,6,skip,A,B,skip,skip,skip,skip,A,B,skip,skip,skip,skip,A,B,skip,skip,skip,skip,A,0.05,random
748,rotate,1,A,B,skip,skip,skip,skip,A,B,skip,skip,skip,skip,A,B,skip,skip,skip,skip,A,B,0.05,random
748,random,2,B,A,A,A,B,B,B,B,B,skip,B,skip,skip,B,A,A,B,A,A,skip,0.25,random
748,rotate,3,skip,skip,skip,skip,A,B,skip,skip,skip,skip,A,B,skip,skip,skip,skip,A,B,skip,skip,0.05,random
748,random,4,skip,skip,A,B,skip,B,A,B,A,B,A,A,A,B,skip,A,B,B,B,skip,0.05,random
748,rotate,5,skip,skip,A,B,skip,skip,skip,skip,A,B,skip,skip,skip,skip,A,B,skip,skip,skip,skip,0.0,random
748,random,6,B,B,skip,A,A,skip,skip,B,B,A,skip,skip,skip,A,B,B,A,skip,B,B,0.15,random
749,rotate,1,A,B,skip,skip,skip,skip,A,B,skip,skip,skip,skip,A,B,skip,skip,skip,skip,A,B,0.1,random
749,random,2,skip,skip,B,skip,skip,A,skip,skip,A,B,A,A,A,B,B,B,skip,A,skip,B,0.2,random
749,random,3,B,A,B,B,B,A,B,skip,skip,skip,B,B,A,A,A,skip,A,A,A,B,0.2,random
749,rotate,4,skip,skip,skip,A,B,skip,skip,skip,skip,A,B,skip,skip,skip,skip,A,B,skip,skip,skip,0.1,random
749,random,5,A,skip,A,A,A,A,A,skip,A,skip,B,skip,B,A,A,A,A,B,A,skip,0.2,random
749,rotate,6,skip,A,B,skip,skip,skip,skip,A,B,skip,skip,skip,skip,A,B,skip,skip,skip,skip,A,0.15,random
750,random,1,B,B,A,skip,skip,skip,A,skip,A,skip,skip,A,A,skip,skip,B,A,skip,B,A,0.2,rotate
750,rotate,2,B,skip,skip,skip,skip,A,B,skip,skip,skip,skip,A,B,skip,skip,skip,skip,A,B,skip,0.1,rotate
750,rotate,3,skip,skip,skip,skip,A,B,skip,skip,skip,skip,A,B,skip,skip,skip,skip,A,B,skip,skip,0.15,rotate
750,random,4,B,skip,B,skip,A,skip,skip,B,A,skip,B,skip,B,A,A,skip,B,B,B,skip,0.1,rotate
750,random,5,B,skip,B,A,skip,skip,A,skip,skip,B,skip,skip,skip,skip,A,skip,B,A,B,A,0.1,rotate
750,rotate,6,skip,A,B,skip,skip,skip,skip,A,B,skip,skip,skip,skip,A,B,skip,skip,skip,skip,A,0.2,rotate
751,rotate,1,A,B,skip,skip,skip,skip,A,B,skip,skip,skip,skip,A,B,skip,skip,skip,skip,A,B,0.1,random
751,rotate,2,B,skip,skip,skip,skip,A,B,skip,skip,skip,skip,A,B,skip,skip,skip,skip,A,B,skip,0.1,random
751,random,3,skip,A,A,skip,skip,A,A,skip,A,A,skip,B,B,A,skip,B,skip,B,skip,B,0.1,random
751,random,4,B,skip,skip,A,B,A,A,A,A,skip,A,A,skip,A,B,skip,B,A,skip,skip,0.25,random
751,rotate,5,skip,skip,A,B,skip,skip,skip,skip,A,B,skip,skip,skip,skip,A,B,skip,skip,skip,skip,0.15,random
751,random,6,A,A,skip,skip,B,B,skip,B,skip,skip,skip,B,A,B,skip,A,skip,skip,skip,A,0.15,random
752,random,1,skip,B,skip,B,B,skip,skip,A,B,A,skip,B,A,skip,skip,A,B,A,A,skip,0.05,rotate
752,random,2,skip,skip,skip,B,A,B,B,skip,A,skip,A,B,B,B,B,skip,A,B,B,A,0.25,rotate
752,random,3,A,B,A,skip,skip,B,A,B,B,skip,A,B,A,skip,B,B,A,A,B,A,0.15,rotate
752,rotate,4,skip,skip,skip,A,B,skip,skip,skip,skip,A,B,skip,skip,skip,skip,A,B,skip,skip,skip,0.1,rotate
752,rotate,5,skip,skip,A,B,skip,skip,skip,skip,A,B,skip,skip,skip,skip,A,B,skip,skip,skip,skip,0.1,rotate
752,rotate,6,skip,A,B,skip,skip,skip,skip,A,B,skip,skip,skip,skip,A,B,skip,skip,skip,skip,A,0.15,rotate
753,random,1,A,B,B,skip,skip,A,B,skip,skip,skip,skip,skip,skip,skip,skip,A,A,B,skip,skip,0.1,random
753,random,2,A,A,A,A,B,A,skip,A,B,skip,B,A,A,B,A,A,A,A,skip,B,0.2,random
753,rotate,3,skip,skip,skip,skip,A,B,skip,skip,skip,skip,A,B,skip,skip,skip,skip,A,B,skip,skip,0.15,random
753,rotate,4,skip,skip,skip,A,B,skip,skip,skip,skip,A,B,skip,skip,skip,skip,A,B,skip,skip,skip,0.05,random
753,random,5,B,A,B,A,A,skip,skip,A,skip,B,skip,A,skip,A,A,skip,B,skip,A,B,0.15,random
753,rotate,6,skip,A,B,skip,skip,skip,skip,A,B,skip,skip,skip,skip,A,B,skip,skip,skip,skip,A,0.1,random
754,rotate,1,A,B,skip,skip,skip,skip,A,B,skip,skip,skip,skip,A,B,skip,skip,skip,skip,A,B,0.05,random
754,random,2,B,B,B,A,B,A,skip,skip,A,skip,A,B,skip,B,B,B,B,skip,B,A,0.3,random
754,random,3,A,B,B,skip,skip,A,A,A,B,B,skip,A,A,B,skip,skip,skip,skip,skip,B,0.05,random
754,random,4,skip,skip,B,skip,A,skip,A,A,A,B,B,B,B,A,A,skip,skip,B,A,skip,0.2,random
754,rotate,5,skip,skip,A,B,skip,skip,skip,skip,A,B,skip,skip,skip,skip,A,B,skip,skip,skip,skip,0.1,random
754,rotate,6,skip,A,B,skip,skip,skip,skip,A,B,skip,skip,skip,skip,A,B,skip,skip,skip,skip,A,0.05,random
755,random,1,skip,B,skip,A,B,A,A,A,B,B,A,skip,skip,B,B,B,B,skip,A,B,0.15,random
755,rotate,2,B,skip,skip,skip,skip,A,B,skip,skip,skip,skip,A,B,skip,skip,skip,skip,A,B,skip,0.2,random
755,random,3,A,B,B,B,A,B,skip,A,B,skip,B,B,B,B,B,A,B,B,skip,skip,0.3,random
755,random,4,skip,B,A,skip,B,B,skip,A,skip,skip,A,skip,A,B,skip,skip,A,A,A,skip,0.1,random
755,rotate,5,skip,skip,A,B,skip,skip,skip,skip,A,B,skip,skip,skip,skip,A,B,skip,skip,skip,skip,0.1,random
755,rotate,6,skip,A,B,skip,skip,skip,skip,A,B,skip,skip,skip,skip,A,B,skip,skip,skip,skip,A,0.15,random
756,rotate,1,A,B,skip,skip,skip,skip,A,B,skip,skip,skip,skip,A,B,skip,skip,skip,skip,A,B,0.2,rotate
756,rotate,2,B,skip,skip,skip,skip,A,B,skip,skip,skip,skip,A,B,skip,skip,skip,skip,A,B,skip,0.2,rotate
756,random,3,B,A,B,skip,skip,skip,skip,skip,skip,A,B,A,B,A,A,skip,B,skip,A,B,0.1,rotate
756,rotate,4,skip,skip,skip,A,B,skip,skip,skip,skip,A,B,skip,skip,skip,skip,A,B,skip,skip,skip,0.1,rotate
756,random,5,skip,skip,B,B,A,skip,A,B,A,A,skip,A,B,skip,skip,A,B,skip,A,skip,0.05,rotate
756,random,6,B,skip,B,B,A,skip,skip,skip,B,skip,skip,B,B,skip,A,A,A,skip,A,A,0.2,rotate
757,random,1,A,skip,A,skip,skip,skip,A,B,skip,B,B,A,B,skip,skip,skip,skip,B,A,B,0.1,rotate
757,rotate,2,B,skip,skip,skip,skip,A,B,skip,skip,skip,skip,A,B,skip,skip,skip,skip,A,B,skip,0.1,rotate
757,rotate,3,skip,skip,skip,skip,A,B,skip,skip,skip,skip,A,B,skip,skip,skip,skip,A,B,skip,skip,0.1,rotate
757,random,4,B,B,skip,skip,skip,B,skip,A,skip,skip,A,skip,B,A,B,A,A,B,A,skip,0.1,rotate
757,rotate,5,skip,skip,A,B,skip,skip,skip,skip,A,B,skip,skip,skip,skip,A,B,skip,skip,skip,skip,0.2,rotate
757,random,6,A,A,skip,skip,skip,A,A,A,skip,skip,B,A,skip,B,B,A,skip,A,skip,skip,0.1,rotate
758,rotate,1,A,B,skip,skip,skip,skip,A,B,skip,skip,skip,skip,A,B,skip,skip,skip,skip,A,B,0.15,random
758,random,2,B,skip,skip,skip,B,A,A,A,B,A,A,skip,B,skip,A,skip,B,A,B,B,0.1,random
758,random,3,A,A,A,B,A,skip,skip,B,A,A,A,skip,skip,B,A,skip,B,skip,B,skip,0.1,random
758,rotate,4,skip,skip,skip,A,B,skip,skip,skip,skip,A,B,skip,skip,skip,skip,A,B,skip,skip,skip,0.15,random
758,rotate,5,skip,skip,A,B,skip,skip,skip,skip,A,B,skip,skip,skip,skip,A,B,skip,skip,skip,skip,0.05,random
758,random,6,B,skip,B,skip,skip,B,skip,B,B,skip,A,skip,B,skip,A,B,skip,A,skip,B,0.1,random
759,rotate,1,A,B,skip,skip,skip,skip,A,B,skip,skip,skip,skip,A,B,skip,skip,skip,skip,A,B,0.15,rotate
759,rotate,2,B,skip,skip,skip,skip,A,B,skip,skip,skip,skip,A,B,skip,skip,skip,skip,A,B,skip,0.1,rotate
759,rotate,3,skip,skip,skip,skip,A,B,skip,skip,skip,skip,A,B,skip,skip,skip,skip,A,B,skip,skip,0.15,rotate
759,random,4,skip,A,A,skip,A,B,skip,A,B,A,B,skip,B,B,A,A,B,skip,skip,A,0.3,rotate
759,random,5,skip,skip,skip,A,B,skip,B,B,A,B,B,skip,A,A,B,B,B,skip,A,B,0.2,rotate
759,random,6,B,skip,A,A,skip,A,skip,B,B,skip,skip,A,B,skip,B,B,skip,B,A,B,0.0,rotate
760,random,1,B,A,B,skip,A,B,skip,B,B,skip,A,B,skip,skip,B,skip,A,A,A,skip,0.45,random
760,rotate,2,B,skip,skip,skip,skip,A,B,skip,skip,skip,skip,A,B,skip,skip,skip,skip,A,B,skip,0.2,random
760,random,3,B,B,B,B,B,A,skip,B,A,B,skip,skip,A,B,A,B,skip,B,skip,B,0.15,random
760,rotate,4,skip,skip,skip,A,B,skip,skip,skip,skip,A,B,skip,skip,skip,skip,A,B,skip,skip,skip,0.15,random
760,rotate,5,skip,skip,A,B,skip,skip,skip,skip,A,B,skip,skip,skip,skip,A,B,skip,skip,skip,skip,0.05,random
760,random,6,A,B,skip,A,skip,A,A,A,skip,B,skip,skip,A,A,A,A,skip,skip,skip,skip,0.2,random
761,rotate,1,A,B,skip,skip,skip,skip,A,B,skip,skip,skip,skip,A,B,skip,skip,skip,skip,A,B,0.4,draw
761,rotate,2,B,skip,skip,skip,skip,A,B,skip,skip,skip,skip,A,B,skip,skip,skip,skip,A,B,skip,0.35,draw
761,rotate,3,skip,skip,skip,skip,A,B,skip,skip,skip,skip,A,B,skip,skip,skip,skip,A,B,skip,skip,0.3,draw
761,rotate,4,skip,skip,skip,A,B,skip,skip,skip,skip,A,B,skip,skip,skip,skip,A,B,skip,skip,skip,0.3,draw
761,rotate,5,skip,skip,A,B,skip,skip,skip,skip,A,B,skip,skip,skip,skip,A,B,skip,skip,skip,skip,0.3,draw
761,rotate,6,skip,A,B,skip,skip,skip,skip,A,B,skip,skip,skip,skip,A,B,skip,skip,skip,skip,A,0.35,draw
762,rotate,1,A,B,skip,skip,skip,skip,A,B,skip,skip,skip,skip,A,B,skip,skip,skip,skip,A,B,0.4,draw
762,rotate,2,B,skip,skip,skip,skip,A,B,skip,skip,skip,skip,A,B,skip,skip,skip,skip,A,B,skip,0.35,draw
762,rotate,3,skip,skip,skip,skip,A,B,skip,skip,skip,skip,A,B,skip,skip,skip,skip,A,B,skip,skip,0.3,draw
762,rotate,4,skip,skip,skip,A,B,skip,skip,skip,skip,A,B,skip,skip,skip,skip,A,B,skip,skip,skip,0.3,draw
762,rotate,5,skip,skip,A,B,skip,skip,skip,skip,A,B,skip,skip,skip,skip,A,B,skip,skip,skip,skip,0.3,draw
762,rotate,6,skip,A,B,skip,skip,skip,skip,A,B,skip,skip,skip,skip,A,B,skip,skip,skip,skip,A,0.35,draw
763,rotate,1,A,B,skip,skip,skip,skip,A,B,skip,skip,skip,skip,A,B,skip,skip,skip,skip,A,B,0.4,draw
763,rotate,2,B,skip,skip,skip,skip,A,B,skip,skip,skip,skip,A,B,skip,skip,skip,skip,A,B,skip,0.35,draw
763,rotate,3,skip,skip,skip,skip,A,B,skip,skip,skip,skip,A,B,skip,skip,skip,skip,A,B,skip,skip,0.3,draw
763,rotate,4,skip,skip,skip,A,B,skip,skip,skip,skip,A,B,skip,skip,skip,skip,A,B,skip,skip,skip,0.3,draw
763,rotate,5,skip,skip,A,B,skip,skip,skip,skip,A,B,skip,skip,skip,skip,A,B,skip,skip,skip,skip,0.3,draw
763,rotate,6,skip,A,B,skip,skip,skip,skip,A,B,skip,skip,skip,skip,A,B,skip,skip,skip,skip,A,0.35,draw
764,rotate,1,A,B,skip,skip,skip,skip,A,B,skip,skip,skip,skip,A,B,skip,skip,skip,skip,A,B,0.4,draw
764,rotate,2,B,skip,skip,skip,skip,A,B,skip,skip,skip,skip,A,B,skip,skip,skip,skip,A,B,skip,0.35,draw
764,rotate,3,skip,skip,skip,skip,A,B,skip,skip,skip,skip,A,B,skip,skip,skip,skip,A,B,skip,skip,0.3,draw
764,rotate,4,skip,skip,skip,A,B,skip,skip,skip,skip,A,B,skip,skip,skip,skip,A,B,skip,skip,skip,0.3,draw
764,rotate,5,skip,skip,A,B,skip,skip,skip,skip,A,B,skip,skip,skip,skip,A,B,skip,skip,skip,skip,0.3,draw
764,rotate,6,skip,A,B,skip,skip,skip,skip,A,B,skip,skip,skip,skip,A,B,skip,skip,skip,skip,A,0.35,draw
765,rotate,1,A,B,skip,skip,skip,skip,A,B,skip,skip,skip,skip,A,B,skip,skip,skip,skip,A,B,0.4,draw
765,rotate,2,B,skip,skip,skip,skip,A,B,skip,skip,skip,skip,A,B,skip,skip,skip,skip,A,B,skip,0.35,draw
765,rotate,3,skip,skip,skip,skip,A,B,skip,skip,skip,skip,A,B,skip,skip,skip,skip,A,B,skip,skip,0.3,draw
765,rotate,4,skip,skip,skip,A,B,skip,skip,skip,skip,A,B,skip,skip,skip,skip,A,B,skip,skip,skip,0.3,draw
765,rotate,5,skip,skip,A,B,skip,skip,skip,skip,A,B,skip,skip,skip,skip,A,B,skip,skip,skip,skip,0.3,draw
765,rotate,6,skip,A,B,skip,skip,skip,skip,A,B,skip,skip,skip,skip,A,B,skip,skip,skip,skip,A,0.35,draw
766,rotate,1,A,B,skip,skip,skip,skip,A,B,skip,skip,skip,skip,A,B,skip,skip,skip,skip,A,B,0.4,draw
766,rotate,2,B,skip,skip,skip,skip,A,B,skip,skip,skip,skip,A,B,skip,skip,skip,skip,A,B,skip,0.35,draw
766,rotate,3,skip,skip,skip,skip,A,B,skip,skip,skip,skip,A,B,skip,skip,skip,skip,A,B,skip,skip,0.3,draw
766,rotate,4,skip,skip,skip,A,B,skip,skip,skip,skip,A,B,skip,skip,skip,skip,A,B,skip,skip,skip,0.3,draw
766,rotate,5,skip,skip,A,B,skip,skip,skip,skip,A,B,skip,skip,skip,skip,A,B,skip,skip,skip,skip,0.3,draw
766,rotate,6,skip,A,B,skip,skip,skip,skip,A,B,skip,skip,skip,skip,A,B,skip,skip,skip,skip,A,0.35,draw
767,rotate,1,A,B,skip,skip,skip,skip,A,B,skip,skip,skip,skip,A,B,skip,skip,skip,skip,A,B,0.4,draw
767,rotate,2,B,skip,skip,skip,skip,A,B,skip,skip,skip,skip,A,B,skip,skip,skip,skip,A,B,skip,0.35,draw
767,rotate,3,skip,skip,skip,skip,A,B,skip,skip,skip,skip,A,B,skip,skip,skip,skip,A,B,skip,skip,0.3,draw
767,rotate,4,skip,skip,skip,A,B,skip,skip,skip,skip,A,B,skip,skip,skip,skip,A,B,skip,skip,skip,0.3,draw
767,rotate,5,skip,skip,A,B,skip,skip,skip,skip,A,B,skip,skip,skip,skip,A,B,skip,skip,skip,skip,0.3,draw
767,rotate,6,skip,A,B,skip,skip,skip,skip,A,B,skip,skip,skip,skip,A,B,skip,skip,skip,skip,A,0.35,draw
768,rotate,1,A,B,skip,skip,skip,skip,A,B,skip,skip,skip,skip,A,B,skip,skip,skip,skip,A,B,0.4,draw
768,rotate,2,B,skip,skip,skip,skip,A,B,skip,skip,skip,skip,A,B,skip,skip,skip,skip,A,B,skip,0.35,draw
768,rotate,3,skip,skip,skip,skip,A,B,skip,skip,skip,skip,A,B,skip,skip,skip,skip,A,B,skip,skip,0.3,draw
768,rotate,4,skip,skip,skip,A,B,skip,skip,skip,skip,A,B,skip,skip,skip,skip,A,B,skip,skip,skip,0.3,draw
768,rotate,5,skip,skip,A,B,skip,skip,skip,skip,A,B,skip,skip,skip,skip,A,B,skip,skip,skip,skip,0.3,draw
768,rotate,6,skip,A,B,skip,skip,skip,skip,A,B,skip,skip,skip,skip,A,B,skip,skip,skip,skip,A,0.35,draw
769,rotate,1,A,B,skip,skip,skip,skip,A,B,skip,skip,skip,skip,A,B,skip,skip,skip,skip,A,B,0.4,draw
769,rotate,2,B,skip,skip,skip,skip,A,B,skip,skip,skip,skip,A,B,skip,skip,skip,skip,A,B,skip,0.35,draw
769,rotate,3,skip,skip,skip,skip,A,B,skip,skip,skip,skip,A,B,skip,skip,skip,skip,A,B,skip,skip,0.3,draw
769,rotate,4,skip,skip,skip,A,B,skip,skip,skip,skip,A,B,skip,skip,skip,skip,A,B,skip,skip,skip,0.3,draw
769,rotate,5,skip,skip,A,B,skip,skip,skip,skip,A,B,skip,skip,skip,skip,A,B,skip,skip,skip,skip,0.3,draw
769,rotate,6,skip,A,B,skip,skip,skip,skip,A,B,skip,skip,skip,skip,A,B,skip,skip,skip,skip,A,0.35,draw
770,rotate,1,A,B,skip,skip,skip,skip,A,B,skip,skip,skip,skip,A,B,skip,skip,skip,skip,A,B,0.4,draw
770,rotate,2,B,skip,skip,skip,skip,A,B,skip,skip,skip,skip,A,B,skip,skip,skip,skip,A,B,skip,0.35,draw
770,rotate,3,skip,skip,skip,skip,A,B,skip,skip,skip,skip,A,B,skip,skip,skip,skip,A,B,skip,skip,0.3,draw
770,rotate,4,skip,skip,skip,A,B,skip,skip,skip,skip,A,B,skip,skip,skip,skip,A,B,skip,skip,skip,0.3,draw
770,rotate,5,skip,skip,A,B,skip,skip,skip,skip,A,B,skip,skip,skip,skip,A,B,skip,skip,skip,skip,0.3,draw
770,rotate,6,skip,A,B,skip,skip,skip,skip,A,B,skip,skip,skip,skip,A,B,skip,skip,skip,skip,A,0.35,draw
771,rotate,1,A,B,skip,skip,skip,skip,A,B,skip,skip,skip,skip,A,B,skip,skip,skip,skip,A,B,0.4,draw
771,rotate,2,B,skip,skip,skip,skip,A,B,skip,skip,skip,skip,A,B,skip,skip,skip,skip,A,B,skip,0.35,draw
771,rotate,3,skip,skip,skip,skip,A,B,skip,skip,skip,skip,A,B,skip,skip,skip,skip,A,B,skip,skip,0.3,draw
771,rotate,4,skip,skip,skip,A,B,skip,skip,skip,skip,A,B,skip,skip,skip,skip,A,B,skip,skip,skip,0.3,draw
771,rotate,5,skip,skip,A,B,skip,skip,skip,skip,A,B,skip,skip,skip,skip,A,B,skip,skip,skip,skip,0.3,draw
771,rotate,6,skip,A,B,skip,skip,skip,skip,A,B,skip,skip,skip,skip,A,B,skip,skip,skip,skip,A,0.35,draw
772,rotate,1,A,B,skip,skip,skip,skip,A,B,skip,skip,skip,skip,A,B,skip,skip,skip,skip,A,B,0.4,draw
772,rotate,2,B,skip,skip,skip,skip,A,B,skip,skip,skip,skip,A,B,skip,skip,skip,skip,A,B,skip,0.35,draw
772,rotate,3,skip,skip,skip,skip,A,B,skip,skip,skip,skip,A,B,skip,skip,skip,skip,A,B,skip,skip,0.3,draw
772,rotate,4,skip,skip,skip,A,B,skip,skip,skip,skip,A,B,skip,skip,skip,skip,A,B,skip,skip,skip,0.3,draw
772,rotate,5,skip,skip,A,B,skip,skip,skip,skip,A,B,skip,skip,skip,skip,A,B,skip,skip,skip,skip,0.3,draw
772,rotate,6,skip,A,B,skip,skip,skip,skip,A,B,skip,skip,skip,skip,A,B,skip,skip,skip,skip,A,0.35,draw
773,rotate,1,A,B,skip,skip,skip,skip,A,B,skip,skip,skip,skip,A,B,skip,skip,skip,skip,A,B,0.4,draw
773,rotate,2,B,skip,skip,skip,skip,A,B,skip,skip,skip,skip,A,B,skip,skip,skip,skip,A,B,skip,0.35,draw
773,rotate,3,skip,skip,skip,skip,A,B,skip,skip,skip,skip,A,B,skip,skip,skip,skip,A,B,skip,skip,0.3,draw
773,rotate,4,skip,skip,skip,A,B,skip,skip,skip,skip,A,B,skip,skip,skip,skip,A,B,skip,skip,skip,0.3,draw
773,rotate,5,skip,skip,A,B,skip,skip,skip,skip,A,B,skip,skip,skip,skip,A,B,skip,skip,skip,skip,0.3,draw
773,rotate,6,skip,A,B,skip,skip,skip,skip,A,B,skip,skip,skip,skip,A,B,skip,skip,skip,skip,A,0.35,draw
774,rotate,1,A,B,skip,skip,skip,skip,A,B,skip,skip,skip,skip,A,B,skip,skip,skip,skip,A,B,0.4,draw
774,rotate,2,B,skip,skip,skip,skip,A,B,skip,skip,skip,skip,A,B,skip,skip,skip,skip,A,B,skip,0.35,draw
774,rotate,3,skip,skip,skip,skip,A,B,skip,skip,skip,skip,A,B,skip,skip,skip,skip,A,B,skip,skip,0.3,draw
774,rotate,4,skip,skip,skip,A,B,skip,skip,skip,skip,A,B,skip,skip,skip,skip,A,B,skip,skip,skip,0.3,draw
774,rotate,5,skip,skip,A,B,skip,skip,skip,skip,A,B,skip,skip,skip,skip,A,B,skip,skip,skip,skip,0.3,draw
774,rotate,6,skip,A,B,skip,skip,skip,skip,A,B,skip,skip,skip,skip,A,B,skip,skip,skip,skip,A,0.35,draw
775,rotate,1,A,B,skip,skip,skip,skip,A,B,skip,skip,skip,skip,A,B,skip,skip,skip,skip,A,B,0.4,draw
775,rotate,2,B,skip,skip,skip,skip,A,B,skip,skip,skip,skip,A,B,skip,skip,skip,skip,A,B,skip,0.35,draw
775,rotate,3,skip,skip,skip,skip,A,B,skip,skip,skip,skip,A,B,skip,skip,skip,skip,A,B,skip,skip,0.3,draw
775,rotate,4,skip,skip,skip,A,B,skip,skip,skip,skip,A,B,skip,skip,skip,skip,A,B,skip,skip,skip,0.3,draw
775,rotate,5,skip,skip,A,B,skip,skip,skip,skip,A,B,skip,skip,skip,skip,A,B,skip,skip,skip,skip,0.3,draw
775,rotate,6,skip,A,B,skip,skip,skip,skip,A,B,skip,skip,skip,skip,A,B,skip,skip,skip,skip,A,0.35,draw
776,rotate,1,A,B,skip,skip,skip,skip,A,B,skip,skip,skip,skip,A,B,skip,skip,skip,skip,A,B,0.4,draw
776,rotate,2,B,skip,skip,skip,skip,A,B,skip,skip,skip,skip,A,B,skip,skip,skip,skip,A,B,skip,0.35,draw
776,rotate,3,skip,skip,skip,skip,A,B,skip,skip,skip,skip,A,B,skip,skip,skip,skip,A,B,skip,skip,0.3,draw
776,rotate,4,skip,skip,skip,A,B,skip,skip,skip,skip,A,B,skip,skip,skip,skip,A,B,skip,skip,skip,0.3,draw
776,rotate,5,skip,skip,A,B,skip,skip,skip,skip,A,B,skip,skip,skip,skip,A,B,skip,skip,skip,skip,0.3,draw
776,rotate,6,skip,A,B,skip,skip,skip,skip,A,B,skip,skip,skip,skip,A,B,skip,skip,skip,skip,A,0.35,draw
777,rotate,1,A,B,skip,skip,skip,skip,A,B,skip,skip,skip,skip,A,B,skip,skip,skip,skip,A,B,0.4,draw
777,rotate,2,B,skip,skip,skip,skip,A,B,skip,skip,skip,skip,A,B,skip,skip,skip,skip,A,B,skip,0.35,draw
777,rotate,3,skip,skip,skip,skip,A,B,skip,skip,skip,skip,A,B,skip,skip,skip,skip,A,B,skip,skip,0.3,draw
777,rotate,4,skip,skip,skip,A,B,skip,skip,skip,skip,A,B,skip,skip,skip,skip,A,B,skip,skip,skip,0.3,draw
777,rotate,5,skip,skip,A,B,skip,skip,skip,skip,A,B,skip,skip,skip,skip,A,B,skip,skip,skip,skip,0.3,draw
777,rotate,6,skip,A,B,skip,skip,skip,skip,A,B,skip,skip,skip,skip,A,B,skip,skip,skip,skip,A,0.35,draw
778,rotate,1,A,B,skip,skip,skip,skip,A,B,skip,skip,skip,skip,A,B,skip,skip,skip,skip,A,B,0.4,draw
778,rotate,2,B,skip,skip,skip,skip,A,B,skip,skip,skip,skip,A,B,skip,skip,skip,skip,A,B,skip,0.35,draw
778,rotate,3,skip,skip,skip,skip,A,B,skip,skip,skip,skip,A,B,skip,skip,skip,skip,A,B,skip,skip,0.3,draw
778,rotate,4,skip,skip,skip,A,B,skip,skip,skip,skip,A,B,skip,skip,skip,skip,A,B,skip,skip,skip,0.3,draw
778,rotate,5,skip,skip,A,B,skip,skip,skip,skip,A,B,skip,skip,skip,skip,A,B,skip,skip,skip,skip,0.3,draw
778,rotate,6,skip,A,B,skip,skip,skip,skip,A,B,skip,skip,skip,skip,A,B,skip,skip,skip,skip,A,0.35,draw
779,rotate,1,A,B,skip,skip,skip,skip,A,B,skip,skip,skip,skip,A,B,skip,skip,skip,skip,A,B,0.4,draw
779,rotate,2,B,skip,skip,skip,skip,A,B,skip,skip,skip,skip,A,B,skip,skip,skip,skip,A,B,skip,0.35,draw
779,rotate,3,skip,skip,skip,skip,A,B,skip,skip,skip,skip,A,B,skip,skip,skip,skip,A,B,skip,skip,0.3,draw
779,rotate,4,skip,skip,skip,A,B,skip,skip,skip,skip,A,B,skip,skip,skip,skip,A,B,skip,skip,skip,0.3,draw
779,rotate,5,skip,skip,A,B,skip,skip,skip,skip,A,B,skip,skip,skip,skip,A,B,skip,skip,skip,skip,0.3,draw
779,rotate,6,skip,A,B,skip,skip,skip,skip,A,B,skip,skip,skip,skip,A,B,skip,skip,skip,skip,A,0.35,draw
780,rotate,1,A,B,skip,skip,skip,skip,A,B,skip,skip,skip,skip,A,B,skip,skip,skip,skip,A,B,0.4,draw
780,rotate,2,B,skip,skip,skip,skip,A,B,skip,skip,skip,skip,A,B,skip,skip,skip,skip,A,B,skip,0.35,draw
780,rotate,3,skip,skip,skip,skip,A,B,skip,skip,skip,skip,A,B,skip,skip,skip,skip,A,B,skip,skip,0.3,draw
780,rotate,4,skip,skip,skip,A,B,skip,skip,skip,skip,A,B,skip,skip,skip,skip,A,B,skip,skip,skip,0.3,draw
780,rotate,5,skip,skip,A,B,skip,skip,skip,skip,A,B,skip,skip,skip,skip,A,B,skip,skip,skip,skip,0.3,draw
780,rotate,6,skip,A,B,skip,skip,skip,skip,A,B,skip,skip,skip,skip,A,B,skip,skip,skip,skip,A,0.35,draw
781,random3,1,A,A,A,B,B,B,B,A,B,B,B,B,B,A,B,B,B,B,B,B,0.0,random3
781,random,2,B,A,A,skip,A,B,skip,B,skip,B,B,A,skip,skip,B,B,B,A,skip,A,0.05,random3
781,random,3,B,A,skip,B,skip,B,skip,skip,skip,A,skip,A,skip,A,A,B,skip,A,B,A,0.05,random3
781,random,4,A,A,A,B,skip,B,B,skip,skip,B,A,skip,skip,skip,skip,skip,A,B,B,A,0.0,random3
781,random3,5,A,B,B,B,B,B,B,A,B,B,A,A,A,A,A,A,A,A,A,A,0.2,random3
781,random3,6,A,A,A,A,A,A,A,A,B,B,B,B,B,B,B,B,B,B,A,B,0.2,random3
782,random,1,B,A,B,skip,B,B,skip,skip,skip,skip,skip,B,skip,A,skip,B,skip,B,B,A,0.15,random
782,random,2,skip,skip,skip,B,A,B,A,skip,B,A,skip,A,A,B,skip,A,skip,A,A,skip,0.0,random
782,random3,3,A,A,B,B,B,B,B,B,B,B,A,A,A,A,A,A,A,A,B,B,0.05,random
782,random3,4,B,B,B,B,B,A,A,A,B,B,A,B,A,A,A,A,A,A,A,B,0.0,random
782,random3,5,B,B,B,B,A,A,A,A,A,A,A,B,B,B,A,A,A,A,B,B,0.0,random
782,random,6,A,skip,B,A,A,skip,B,skip,A,skip,skip,A,B,skip,B,skip,A,skip,B,skip,0.1,random
783,random,1,B,A,skip,B,B,A,A,B,B,skip,skip,skip,skip,A,skip,A,B,A,A,B,0.0,random3
783,random3,2,A,A,A,A,A,A,A,B,B,B,B,B,B,B,B,B,B,B,B,B,0.1,random3
783,random3,3,A,B,A,A,B,B,B,B,B,A,A,A,A,A,A,B,B,B,B,B,0.1,random3
783,random,4,A,A,B,A,B,A,skip,skip,A,B,A,B,B,A,A,B,B,skip,skip,A,0.05,random3
783,random3,5,B,B,B,B,B,A,A,A,A,A,B,B,A,B,A,A,B,A,A,B,0.0,random3
783,random,6,B,skip,B,A,B,B,A,A,B,A,B,skip,A,A,skip,B,skip,skip,B,B,0.0,random3
784,random,1,skip,A,A,B,skip,A,B,B,A,B,skip,A,B,skip,B,B,A,B,B,B,0.05,random3
784,random,2,A,skip,B,skip,skip,skip,B,A,B,B,skip,B,A,skip,skip,skip,A,A,B,skip,0.1,random3
784,random3,3,B,B,B,B,B,B,B,B,A,A,B,B,B,B,A,B,B,B,A,A,0.25,random3
784,random,4,A,A,A,A,skip,B,skip,B,A,skip,A,B,B,B,skip,A,B,B,skip,skip,0.05,random3
784,random3,5,A,A,A,A,A,A,A,A,A,A,A,A,A,B,A,B,B,B,B,A,0.05,random3
784,random3,6,A,A,A,A,A,A,B,A,A,A,A,A,A,A,A,B,B,B,B,B,0.05,random3
785,random3,1,B,B,A,A,B,B,B,A,B,A,A,B,B,B,B,B,B,B,A,B,0.05,random3
785,random3,2,B,B,A,A,B,A,A,A,A,A,A,A,A,A,B,A,A,A,A,A,0.15,random3
785,random,3,skip,B,skip,B,A,skip,skip,skip,skip,B,skip,skip,B,skip,B,skip,B,skip,B,B,0.1,random3
785,random,4,skip,skip,B,skip,B,skip,A,skip,skip,skip,A,skip,skip,A,B,skip,B,A,A,skip,0.05,random3
785,random,5,B,skip,skip,skip,A,A,B,A,B,B,skip,B,B,B,skip,A,skip,B,A,A,0.0,random3
785,random3,6,A,A,A,A,B,B,B,B,B,A,A,B,B,B,A,A,A,A,A,A,0.2,random3
786,random3,1,B,B,B,A,B,B,B,B,B,B,A,B,B,B,A,A,A,A,A,A,0.0,random3
786,random3,2,B,A,A,A,B,A,A,A,A,A,A,A,A,A,A,A,A,A,A,A,0.05,random3
786,random,3,A,skip,skip,B,skip,A,B,A,A,skip,A,B,skip,skip,A,B,A,A,skip,skip,0.0,random3
786,random3,4,A,A,B,B,B,B,B,B,B,B,B,B,B,A,A,B,B,B,B,B,0.15,random3
786,random,5,A,B,B,A,skip,skip,A,skip,skip,A,A,skip,B,B,skip,skip,skip,B,skip,B,0.0,random3
786,random,6,skip,B,A,B,A,A,skip,A,A,A,A,A,B,B,B,B,A,skip,A,skip,0.1,random3
787,random,1,skip,A,skip,skip,B,A,skip,B,B,skip,A,B,A,skip,B,B,B,skip,skip,skip,0.0,random3
787,random3,2,A,A,A,A,B,B,A,B,B,B,B,B,B,B,B,B,B,B,B,B,0.15,random3
787,random3,3,B,B,B,B,B,B,B,B,B,B,B,B,B,B,B,A,A,A,A,A,0.15,random3
787,random3,4,A,B,B,A,B,A,A,A,A,A,A,A,A,A,A,A,A,A,A,A,0.05,random3
787,random,5,skip,A,B,A,B,A,skip,A,skip,A,A,A,B,A,B,B,skip,B,skip,skip,0.0,random3
787,random,6,skip,skip,skip,skip,skip,B,skip,A,skip,B,A,A,skip,B,A,B,A,A,A,skip,0.0,random3
788,random,1,skip,skip,A,B,skip,skip,skip,B,skip,skip,skip,A,skip,B,A,skip,skip,B,skip,A,0.0,random3
788,random,2,skip,B,B,B,A,A,B,skip,A,skip,B,skip,skip,skip,skip,B,skip,skip,A,A,0.0,random3
788,random,3,A,B,A,B,B,B,skip,skip,A,A,skip,skip,A,A,skip,skip,A,A,B,B,0.05,random3
788,random3,4,A,B,B,B,B,B,B,B,B,B,A,A,A,A,A,A,A,B,B,B,0.05,random3
788,random3,5,A,A,A,A,A,A,A,A,A,B,B,B,B,B,B,B,B,B,B,B,0.2,random3
788,random3,6,B,B,A,A,A,A,A,A,A,B,A,A,B,B,A,A,A,A,A,A,0.05,random3
789,random3,1,A,A,A,A,A,B,B,B,B,B,A,A,A,A,A,A,A,A,A,B,0.0,draw
789,random3,2,A,A,A,B,A,B,B,B,A,A,A,A,A,A,A,A,A,A,A,A,0.0,draw
789,random,3,A,skip,B,B,A,B,A,B,A,A,skip,B,A,skip,B,skip,B,B,A,A,0.05,draw
789,random,4,B,A,skip,B,skip,B,A,skip,B,skip,A,skip,B,skip,skip,B,skip,B,A,B,0.0,draw
789,random3,5,A,B,A,A,A,A,B,B,B,B,B,B,B,A,A,A,B,B,B,B,0.1,draw
789,random,6,B,B,B,skip,A,A,B,B,A,B,skip,A,B,B,A,B,skip,B,A,skip,0.05,draw
790,random,1,A,B,B,B,A,B,A,skip,skip,B,A,A,B,B,B,skip,B,B,A,skip,0.0,random3
790,random3,2,B,B,B,B,A,B,A,B,B,B,A,B,B,B,B,A,A,A,A,A,0.05,random3
790,random,3,A,B,A,B,skip,B,skip,A,skip,B,B,A,skip,A,A,B,A,A,skip,A,0.05,random3
790,random,4,A,A,skip,B,A,skip,B,skip,skip,skip,B,skip,skip,skip,A,skip,B,skip,skip,A,0.05,random3
790,random3,5,B,B,A,A,A,B,B,B,B,B,A,A,A,A,A,A,A,B,A,B,0.05,random3
790,random3,6,B,B,B,B,B,B,B,B,B,B,A,A,A,A,B,B,B,B,B,B,0.1,random3
791,random,1,A,B,A,skip,skip,B,A,B,skip,A,A,B,skip,B,skip,skip,A,B,skip,A,0.0,random3
791,random3,2,A,B,B,B,B,B,B,B,B,B,B,B,B,B,B,B,B,B,B,B,0.15,random3
791,random3,3,B,A,A,A,A,A,B,B,B,B,B,B,A,A,A,A,A,A,A,A,0.05,random3
791,random,4,skip,skip,A,B,A,B,skip,A,skip,A,A,skip,A,A,B,B,A,skip,B,B,0.0,random3
791,random,5,skip,A,B,A,skip,skip,B,B,A,skip,A,B,skip,skip,B,B,skip,B,skip,B,0.0,random3
791,random3,6,B,A,A,A,A,A,A,A,A,A,A,A,A,A,A,A,A,A,B,A,0.05,random3
792,random3,1,A,A,A,A,A,A,A,A,A,A,B,A,B,B,B,B,B,B,B,B,0.0,random3
792,random,2,A,A,skip,B,B,A,B,skip,A,A,skip,skip,B,B,A,B,A,B,B,skip,0.0,random3
792,random3,3,B,B,B,B,B,B,B,A,A,B,B,B,B,B,B,B,B,B,B,B,0.1,random3
792,random,4,skip,skip,A,skip,B,skip,B,A,A,B,skip,skip,A,B,B,B,A,B,A,skip,0.0,random3
792,random3,5,B,A,A,B,A,A,A,B,B,B,A,A,A,A,A,A,A,A,A,A,0.2,random3
792,random,6,B,A,skip,A,skip,B,B,skip,B,A,B,B,skip,skip,A,A,A,B,skip,A,0.0,random3
793,random,1,A,B,skip,B,B,A,A,skip,A,B,skip,B,B,B,skip,B,skip,B,A,skip,0.05,random3
793,random3,2,A,A,A,A,A,A,A,A,A,A,A,A,A,A,B,B,B,B,B,B,0.15,random3
793,random,3,skip,skip,skip,skip,A,B,skip,skip,B,A,B,A,skip,skip,B,B,skip,A,B,skip,0.0,random3
793,random3,4,A,A,A,B,B,B,A,B,B,B,B,B,B,A,B,B,B,A,A,A,0.0,random3
793,random,5,B,A,B,A,skip,B,B,B,B,skip,skip,B,skip,skip,skip,skip,skip,A,skip,A,0.1,random3
793,random3,6,A,B,B,A,A,B,A,A,A,B,B,B,B,A,A,A,A,A,A,A,0.15,random3
794,random,1,A,B,A,B,A,skip,A,skip,A,B,A,B,A,A,B,skip,skip,B,skip,B,0.1,random
794,random,2,B,B,skip,skip,B,A,skip,B,B,skip,skip,B,B,B,skip,B,A,skip,skip,B,0.05,random
794,random3,3,A,A,A,A,A,B,B,A,A,A,A,A,A,A,A,A,A,A,A,A,0.1,random
794,random3,4,B,A,A,A,A,B,B,B,B,A,A,A,A,A,B,B,B,B,B,B,0.05,random
794,random,5,A,skip,B,skip,B,A,skip,skip,B,B,A,A,B,skip,skip,skip,B,B,A,A,0.05,random
794,random3,6,A,A,A,A,A,A,B,B,B,B,A,A,A,A,B,A,A,A,A,A,0.0,random
795,random3,1,B,A,A,B,B,B,B,B,A,A,A,B,B,B,B,B,B,B,B,B,0.05,random3
795,random3,2,B,A,A,B,B,B,B,B,B,B,B,B,B,B,B,B,B,B,A,B,0.0,random3
795,random3,3,B,A,A,A,A,A,A,B,A,A,A,A,A,A,A,A,A,A,A,A,0.2,random3
795,random,4,skip,B,B,B,B,A,skip,B,A,B,skip,A,A,skip,A,A,B,B,A,B,0.05,random3
795,random,5,B,B,A,B,skip,skip,skip,A,B,A,skip,skip,A,skip,skip,B,skip,skip,skip,B,0.05,random3
795,random,6,skip,A,A,A,B,A,A,skip,A,A,B,B,skip,B,B,B,skip,B,A,A,0.0,random3
796,random3,1,A,A,A,B,B,B,B,B,B,B,A,B,B,A,B,B,A,A,A,A,0.1,random3
796,random,2,skip,A,A,B,skip,B,A,skip,A,skip,A,skip,skip,A,B,B,A,A,skip,skip,0.0,random3
796,random3,3,B,B,B,B,B,B,B,B,B,B,B,B,B,B,B,B,B,B,B,B,0.2,random3
796,random3,4,B,A,A,A,A,A,B,B,A,B,A,A,A,A,A,A,A,B,B,B,0.25,random3
796,random,5,skip,skip,B,B,A,A,B,B,B,skip,A,skip,B,A,skip,skip,A,B,skip,skip,0.0,random3
796,random,6,A,A,B,skip,skip,A,A,B,skip,B,skip,B,skip,skip,skip,skip,A,skip,B,skip,0.0,random3
797,random3,1,B,B,A,A,A,A,B,A,A,A,B,A,A,A,A,A,A,A,A,A,0.0,random3
797,random,2,skip,A,B,skip,B,A,skip,skip,B,skip,B,skip,skip,skip,skip,B,skip,A,skip,skip,0.05,random3
797,random,3,skip,skip,A,A,skip,A,B,B,skip,skip,skip,skip,skip,A,skip,B,skip,skip,B,B,0.0,random3
797,random3,4,B,B,A,A,A,A,A,A,A,A,B,A,A,B,B,A,A,A,A,A,0.05,random3
797,random,5,A,skip,B,skip,skip,A,skip,skip,B,A,skip,skip,A,B,A,skip,A,B,skip,B,0.05,random3
797,random3,6,B,B,A,A,B,B,B,B,B,B,B,B,B,B,B,B,B,B,B,B,0.25,random3
798,random,1,skip,A,skip,A,A,B,A,B,skip,skip,A,B,skip,A,B,B,B,B,A,B,0.0,random3
798,random3,2,A,A,A,A,B,B,B,B,B,B,B,B,B,B,B,B,B,B,B,B,0.05,random3
798,random,3,A,B,B,B,skip,B,B,B,skip,B,A,A,skip,B,skip,A,B,skip,skip,B,0.05,random3
798,random3,4,B,B,B,A,A,A,A,A,A,A,B,B,B,B,B,A,A,A,A,A,0.1,random3
798,random3,5,B,B,A,A,A,A,B,B,A,A,A,A,A,A,A,A,A,A,B,B,0.05,random3
798,random,6,B,A,skip,skip,skip,B,skip,skip,B,skip,skip,skip,A,B,skip,skip,skip,skip,skip,skip,0.0,random3
799,random3,1,A,A,A,B,B,B,B,B,B,B,B,B,A,A,A,A,A,A,A,A,0.2,random3
799,random,2,skip,A,B,skip,A,skip,skip,A,skip,B,A,skip,B,B,A,B,A,skip,A,skip,0.05,random3
799,random3,3,A,A,A,A,A,A,A,A,A,A,A,A,A,B,B,B,B,B,B,B,0.1,random3
799,random,4,B,A,skip,skip,A,B,A,A,B,skip,skip,B,skip,B,A,A,skip,A,skip,A,0.0,random3
799,random,5,skip,A,skip,A,skip,B,B,skip,A,A,skip,skip,B,A,A,A,A,A,skip,B,0.0,random3
799,random3,6,B,A,A,A,A,A,A,A,A,A,A,A,A,A,A,A,A,B,B,B,0.0,random3
800,random3,1,B,A,A,A,A,A,A,A,A,A,A,A,A,A,B,B,B,B,B,A,0.0,random3
800,random,2,A,A,B,A,skip,A,B,B,B,skip,B,skip,A,A,A,skip,B,A,B,B,0.0,random3
800,random,3,skip,A,skip,A,B,skip,B,B,A,A,skip,A,skip,B,A,B,A,B,A,skip,0.0,random3
800,random3,4,A,A,B,B,B,A,A,B,B,B,B,B,B,B,B,B,B,B,A,B,0.05,random3
800,random3,5,B,B,A,A,A,B,B,B,B,B,B,B,B,B,B,B,B,A,A,A,0.05,random3
800,random,6,skip,B,skip,skip,skip,skip,A,A,A,A,A,skip,A,B,B,B,A,B,B,A,0.0,random3
801,random3,1,B,B,A,A,A,B,B,B,B,B,B,B,B,A,A,A,A,A,B,A,0.1,rotate
801,rotate,2,B,skip,skip,skip,skip,A,B,skip,skip,skip,skip,A,B,skip,skip,skip,skip,A,B,skip,0.05,rotate
801,random3,3,B,B,B,A,A,A,A,A,A,B,B,B,B,B,B,B,B,B,B,B,0.2,rotate
801,rotate,4,skip,skip,skip,A,B,skip,skip,skip,skip,A,B,skip,skip,skip,skip,A,B,skip,skip,skip,0.0,rotate
801,rotate,5,skip,skip,A,B,skip,skip,skip,skip,A,B,skip,skip,skip,skip,A,B,skip,skip,skip,skip,0.0,rotate
801,random3,6,B,B,B,B,B,B,B,B,A,A,B,B,B,A,B,B,A,A,B,B,0.0,rotate
802,random3,1,A,A,A,A,A,B,A,A,A,A,B,B,B,B,B,A,A,B,B,B,0.0,random3
802,rotate,2,B,skip,skip,skip,skip,A,B,skip,skip,skip,skip,A,B,skip,skip,skip,skip,A,B,skip,0.0,random3
802,rotate,3,skip,skip,skip,skip,A,B,skip,skip,skip,skip,A,B,skip,skip,skip,skip,A,B,skip,skip,0.0,random3
802,random3,4,B,A,A,A,A,A,A,A,A,A,A,A,B,B,B,A,A,A,B,B,0.0,random3
802,rotate,5,skip,skip,A,B,skip,skip,skip,skip,A,B,skip,skip,skip,skip,A,B,skip,skip,skip,skip,0.0,random3
802,random3,6,A,A,B,B,B,B,B,B,B,B,B,B,B,A,A,B,B,B,B,B,0.3,random3
803,rotate,1,A,B,skip,skip,skip,skip,A,B,skip,skip,skip,skip,A,B,skip,skip,skip,skip,A,B,0.0,rotate
803,random3,2,B,B,B,B,B,A,A,A,A,A,A,A,A,A,B,B,B,B,A,A,0.3,rotate
803,rotate,3,skip,skip,skip,skip,A,B,skip,skip,skip,skip,A,B,skip,skip,skip,skip,A,B,skip,skip,0.05,rotate
803,random3,4,A,A,A,A,A,B,B,B,B,B,B,B,A,A,A,B,B,A,A,B,0.2,rotate
803,rotate,5,skip,skip,A,B,skip,skip,skip,skip,A,B,skip,skip,skip,skip,A,B,skip,skip,skip,skip,0.0,rotate
803,random3,6,A,B,A,B,B,B,B,B,B,A,A,B,B,B,B,B,B,B,B,B,0.1,rotate
804,rotate,1,A,B,skip,skip,skip,skip,A,B,skip,skip,skip,skip,A,B,skip,skip,skip,skip,A,B,0.0,rotate
804,random3,2,B,A,A,A,A,A,A,A,A,A,A,A,A,B,B,B,B,B,B,B,0.2,rotate
804,random3,3,A,B,B,B,A,A,A,B,B,B,A,A,A,B,A,A,A,A,A,A,0.05,rotate
804,rotate,4,skip,skip,skip,A,B,skip,skip,skip,skip,A,B,skip,skip,skip,skip,A,B,skip,skip,skip,0.05,rotate
804,rotate,5,skip,skip,A,B,skip,skip,skip,skip,A,B,skip,skip,skip,skip,A,B,skip,skip,skip,skip,0.0,rotate
804,random3,6,B,B,B,A,A,B,B,B,B,B,B,B,B,B,B,B,A,A,A,B,0.2,rotate
805,rotate,1,A,B,skip,skip,skip,skip,A,B,skip,skip,skip,skip,A,B,skip,skip,skip,skip,A,B,0.05,rotate
805,rotate,2,B,skip,skip,skip,skip,A,B,skip,skip,skip,skip,A,B,skip,skip,skip,skip,A,B,skip,0.0,rotate
805,random3,3,A,A,A,A,B,A,B,A,A,B,B,A,A,A,A,A,A,A,A,A,0.1,rotate
805,random3,4,B,B,B,A,B,A,A,A,B,A,B,B,B,A,A,A,B,B,B,B,0.1,rotate
805,random3,5,B,B,B,A,B,B,B,A,A,A,A,A,B,B,B,A,A,B,B,B,0.1,rotate
805,rotate,6,skip,A,B,skip,skip,skip,skip,A,B,skip,skip,skip,skip,A,B,skip,skip,skip,skip,A,0.0,rotate
806,rotate,1,A,B,skip,skip,skip,skip,A,B,skip,skip,skip,skip,A,B,skip,skip,skip,skip,A,B,0.05,rotate
806,random3,2,A,A,A,A,B,B,A,A,A,A,A,A,A,A,A,A,A,A,A,A,0.25,rotate
806,rotate,3,skip,skip,skip,skip,A,B,skip,skip,skip,skip,A,B,skip,skip,skip,skip,A,B,skip,skip,0.0,rotate
806,rotate,4,skip,skip,skip,A,B,skip,skip,skip,skip,A,B,skip,skip,skip,skip,A,B,skip,skip,skip,0.0,rotate
806,random3,5,A,B,B,B,B,B,B,B,B,B,B,A,A,B,B,B,B,B,A,A,0.1,rotate
806,random3,6,A,B,B,A,A,A,A,A,B,B,B,B,B,B,B,B,A,A,A,A,0.1,rotate
807,rotate,1,A,B,skip,skip,skip,skip,A,B,skip,skip,skip,skip,A,B,skip,skip,skip,skip,A,B,0.05,rotate
807,rotate,2,B,skip,skip,skip,skip,A,B,skip,skip,skip,skip,A,B,skip,skip,skip,skip,A,B,skip,0.0,rotate
807,random3,3,A,A,A,A,A,A,B,B,B,B,B,B,B,A,A,A,A,A,B,B,0.25,rotate
807,random3,4,A,A,A,A,A,A,A,A,A,A,A,A,B,B,A,B,B,B,A,A,0.15,rotate
807,rotate,5,skip,skip,A,B,skip,skip,skip,skip,A,B,skip,skip,skip,skip,A,B,skip,skip,skip,skip,0.0,rotate
807,random3,6,B,B,B,B,B,B,B,B,A,A,B,A,B,B,B,B,B,B,B,B,0.2,rotate
808,random3,1,A,A,B,B,B,A,A,B,B,B,B,B,B,B,B,B,B,B,B,B,0.2,rotate
808,rotate,2,B,skip,skip,skip,skip,A,B,skip,skip,skip,skip,A,B,skip,skip,skip,skip,A,B,skip,0.05,rotate
808,rotate,3,skip,skip,skip,skip,A,B,skip,skip,skip,skip,A,B,skip,skip,skip,skip,A,B,skip,skip,0.05,rotate
808,rotate,4,skip,skip,skip,A,B,skip,skip,skip,skip,A,B,skip,skip,skip,skip,A,B,skip,skip,skip,0.05,rotate
808,random3,5,A,A,B,B,B,B,A,A,A,A,A,A,A,A,A,A,A,A,A,A,0.25,rotate
808,random3,6,A,B,B,B,B,B,B,B,A,A,A,B,B,B,A,A,B,B,B,B,0.05,rotate
809,rotate,1,A,B,skip,skip,skip,skip,A,B,skip,skip,skip,skip,A,B,skip,skip,skip,skip,A,B,0.05,rotate
809,random3,2,B,B,B,A,A,A,B,A,A,A,A,A,A,A,A,A,B,A,B,B,0.1,rotate
809,random3,3,A,B,B,B,B,B,B,B,B,A,B,B,B,A,A,A,B,B,B,A,0.2,rotate
809,random3,4,A,A,B,A,A,A,A,B,A,A,A,B,B,B,B,A,A,A,B,A,0.05,rotate
809,rotate,5,skip,skip,A,B,skip,skip,skip,skip,A,B,skip,skip,skip,skip,A,B,skip,skip,skip,skip,0.15,rotate
809,rotate,6,skip,A,B,skip,skip,skip,skip,A,B,skip,skip,skip,skip,A,B,skip,skip,skip,skip,A,0.0,rotate
810,rotate,1,A,B,skip,skip,skip,skip,A,B,skip,skip,skip,skip,A,B,skip,skip,skip,skip,A,B,0.0,rotate
810,rotate,2,B,skip,skip,skip,skip,A,B,skip,skip,skip,skip,A,B,skip,skip,skip,skip,A,B,skip,0.1,rotate
810,rotate,3,skip,skip,skip,skip,A,B,skip,skip,skip,skip,A,B,skip,skip,skip,skip,A,B,skip,skip,0.1,rotate
810,random3,4,B,B,A,B,A,A,A,A,A,A,B,A,A,A,B,A,A,B,A,A,0.0,rotate
810,random3,5,B,B,B,B,A,A,A,B,B,B,B,A,A,A,B,B,B,B,B,B,0.2,rotate
810,random3,6,A,B,A,A,A,A,A,A,A,A,B,B,B,B,A,A,B,B,A,A,0.1,rotate
811,rotate,1,A,B,skip,skip,skip,skip,A,B,skip,skip,skip,skip,A,B,skip,skip,skip,skip,A,B,0.05,rotate
811,random3,2,A,A,A,B,B,B,B,B,B,B,A,B,B,B,B,A,B,B,B,B,0.1,rotate
811,rotate,3,skip,skip,skip,skip,A,B,skip,skip,skip,skip,A,B,skip,skip,skip,skip,A,B,skip,skip,0.0,rotate
811,random3,4,A,A,A,A,A,A,B,A,B,B,B,B,B,B,B,B,B,B,B,B,0.1,rotate
811,random3,5,B,B,A,A,A,A,A,A,B,A,A,B,B,A,A,A,A,A,A,A,0.2,rotate
811,rotate,6,skip,A,B,skip,skip,skip,skip,A,B,skip,skip,skip,skip,A,B,skip,skip,skip,skip,A,0.05,rotate
812,rotate,1,A,B,skip,skip,skip,skip,A,B,skip,skip,skip,skip,A,B,skip,skip,skip,skip,A,B,0.0,random3
812,random3,2,B,A,A,A,A,A,A,B,B,B,B,B,B,B,B,B,B,B,B,B,0.15,random3
812,random3,3,B,B,B,B,B,A,A,A,A,A,B,B,A,B,A,A,A,B,B,A,0.05,random3
812,rotate,4,skip,skip,skip,A,B,skip,skip,skip,skip,A,B,skip,skip,skip,skip,A,B,skip,skip,skip,0.0,random3
812,random3,5,A,A,A,A,A,A,A,A,A,A,B,B,A,A,A,A,A,A,A,A,0.05,random3
812,rotate,6,skip,A,B,skip,skip,skip,skip,A,B,skip,skip,skip,skip,A,B,skip,skip,skip,skip,A,0.0,random3
813,random3,1,B,B,B,A,A,A,A,A,A,A,B,B,B,B,B,B,A,A,A,A,0.05,rotate
813,rotate,2,B,skip,skip,skip,skip,A,B,skip,skip,skip,skip,A,B,skip,skip,skip,skip,A,B,skip,0.05,rotate
813,rotate,3,skip,skip,skip,skip,A,B,skip,skip,skip,skip,A,B,skip,skip,skip,skip,A,B,skip,skip,0.05,rotate
813,random3,4,B,B,B,B,B,A,A,A,A,A,A,A,B,B,B,B,A,A,A,A,0.0,rotate
813,random3,5,A,A,B,B,B,B,B,B,B,A,B,B,A,A,A,A,A,A,A,B,0.3,rotate
813,rotate,6,skip,A,B,skip,skip,skip,skip,A,B,skip,skip,skip,skip,A,B,skip,skip,skip,skip,A,0.0,rotate
814,random3,1,B,B,A,B,B,B,B,B,B,B,B,B,B,A,A,A,A,A,A,A,0.2,rotate
814,random3,2,A,A,A,A,B,B,A,A,A,A,B,B,B,B,B,A,A,A,A,A,0.1,rotate
814,rotate,3,skip,skip,skip,skip,A,B,skip,skip,skip,skip,A,B,skip,skip,skip,skip,A,B,skip,skip,0.05,rotate
814,rotate,4,skip,skip,skip,A,B,skip,skip,skip,skip,A,B,skip,skip,skip,skip,A,B,skip,skip,skip,0.0,rotate
814,rotate,5,skip,skip,A,B,skip,skip,skip,skip,A,B,skip,skip,skip,skip,A,B,skip,skip,skip,skip,0.0,rotate
814,random3,6,A,B,B,B,A,B,B,A,A,B,B,B,B,B,B,B,B,B,B,B,0.15,rotate
815,random3,1,B,B,B,B,B,B,A,B,B,A,A,A,B,B,B,B,B,A,A,A,0.1,rotate
815,random3,2,B,B,B,A,A,A,A,A,A,A,A,A,B,A,A,A,B,B,B,B,0.1,rotate
815,random3,3,B,A,A,B,B,B,B,B,A,B,A,B,B,B,B,B,B,B,B,B,0.1,rotate
815,rotate,4,skip,skip,skip,A,B,skip,skip,skip,skip,A,B,skip,skip,skip,skip,A,B,skip,skip,skip,0.05,rotate
815,rotate,5,skip,skip,A,B,skip,skip,skip,skip,A,B,skip,skip,skip,skip,A,B,skip,skip,skip,skip,0.0,rotate
815,rotate,6,skip,A,B,skip,skip,skip,skip,A,B,skip,skip,skip,skip,A,B,skip,skip,skip,skip,A,0.0,rotate
816,random3,1,B,B,B,B,B,B,A,A,A,A,B,B,A,B,A,A,A,A,A,A,0.3,rotate
816,random3,2,A,A,B,A,A,A,A,A,A,A,A,A,A,B,B,B,B,B,B,B,0.15,rotate
816,rotate,3,skip,skip,skip,skip,A,B,skip,skip,skip,skip,A,B,skip,skip,skip,skip,A,B,skip,skip,0.0,rotate
816,rotate,4,skip,skip,skip,A,B,skip,skip,skip,skip,A,B,skip,skip,skip,skip,A,B,skip,skip,skip,0.0,rotate
816,random3,5,A,A,A,A,B,B,B,B,B,B,B,B,B,B,B,B,B,B,B,A,0.25,rotate
816,rotate,6,skip,A,B,skip,skip,skip,skip,A,B,skip,skip,skip,skip,A,B,skip,skip,skip,skip,A,0.05,rotate
817,random3,1,A,A,A,A,A,A,A,A,A,A,A,B,B,B,B,B,A,A,A,A,0.2,rotate
817,random3,2,A,A,A,A,B,B,B,B,A,A,B,B,A,A,A,A,A,A,B,B,0.2,rotate
817,rotate,3,skip,skip,skip,skip,A,B,skip,skip,skip,skip,A,B,skip,skip,skip,skip,A,B,skip,skip,0.05,rotate
817,random3,4,A,B,B,B,B,B,B,B,B,B,A,B,A,A,B,B,A,A,A,A,0.05,rotate
817,rotate,5,skip,skip,A,B,skip,skip,skip,skip,A,B,skip,skip,skip,skip,A,B,skip,skip,skip,skip,0.0,rotate
817,rotate,6,skip,A,B,skip,skip,skip,skip,A,B,skip,skip,skip,skip,A,B,skip,skip,skip,skip,A,0.0,rotate
818,random3,1,A,A,A,A,B,B,B,B,B,B,B,B,B,B,B,B,B,B,B,B,0.1,random3
818,rotate,2,B,skip,skip,skip,skip,A,B,skip,skip,skip,skip,A,B,skip,skip,skip,skip,A,B,skip,0.0,random3
818,random3,3,A,B,B,B,B,B,B,B,A,B,A,A,A,A,A,A,A,A,A,A,0.2,random3
818,random3,4,B,B,A,A,A,A,A,A,B,B,A,B,B,B,B,B,B,B,B,A,0.1,random3
818,rotate,5,skip,skip,A,B,skip,skip,skip,skip,A,B,skip,skip,skip,skip,A,B,skip,skip,skip,skip,0.0,random3
818,rotate,6,skip,A,B,skip,skip,skip,skip,A,B,skip,skip,skip,skip,A,B,skip,skip,skip,skip,A,0.0,random3
819,rotate,1,A,B,skip,skip,skip,skip,A,B,skip,skip,skip,skip,A,B,skip,skip,skip,skip,A,B,0.05,rotate
819,rotate,2,B,skip,skip,skip,skip,A,B,skip,skip,skip,skip,A,B,skip,skip,skip,skip,A,B,skip,0.0,rotate
819,random3,3,A,A,A,A,A,A,A,A,A,A,A,A,A,A,A,A,A,B,B,B,0.3,rotate
819,rotate,4,skip,skip,skip,A,B,skip,skip,skip,skip,A,B,skip,skip,skip,skip,A,B,skip,skip,skip,0.0,rotate
819,random3,5,A,B,B,B,B,A,B,B,A,A,B,B,B,B,A,A,A,A,B,B,0.05,rotate
819,random3,6,B,B,A,B,B,B,B,B,B,B,B,B,B,B,B,B,B,A,B,A,0.3,rotate
820,random3,1,B,A,A,A,B,B,B,B,B,B,B,B,B,B,B,A,A,A,A,B,0.15,random3
820,rotate,2,B,skip,skip,skip,skip,A,B,skip,skip,skip,skip,A,B,skip,skip,skip,skip,A,B,skip,0.0,random3
820,random3,3,B,B,B,B,B,B,B,B,B,B,B,A,A,A,A,A,A,A,A,A,0.05,random3
820,rotate,4,skip,skip,skip,A,B,skip,skip,skip,skip,A,B,skip,skip,skip,skip,A,B,skip,skip,skip,0.0,random3
820,random3,5,B,B,B,A,B,A,A,A,A,A,A,A,A,A,A,B,B,B,B,B,0.25,random3
820,rotate,6,skip,A,B,skip,skip,skip,skip,A,B,skip,skip,skip,skip,A,B,skip,skip,skip,skip,A,0.0,random3
821,random3,1,B,B,B,B,B,B,A,A,A,A,A,A,A,A,A,A,B,B,B,B,0.0,draw
821,random3,2,A,A,B,B,B,B,B,B,B,B,B,A,A,B,B,B,B,B,B,B,0.05,draw
821,random3,3,A,A,A,A,A,A,A,B,B,B,B,B,B,A,A,A,A,A,A,B,0.0,draw
821,random3,4,A,A,A,A,A,A,A,A,A,A,A,A,B,B,B,A,A,A,A,A,0.05,draw
821,random3,5,B,B,B,B,B,A,A,B,B,B,B,B,A,A,A,A,B,B,B,B,0.0,draw
821,random3,6,B,B,B,A,A,B,B,B,A,A,A,A,A,A,A,A,A,B,B,B,0.0,draw
822,random3,1,A,A,A,A,A,B,A,A,A,A,A,A,A,A,A,A,A,A,A,A,0.1,draw
822,random3,2,B,A,A,A,A,A,A,A,A,A,A,B,B,B,B,B,B,B,B,B,0.0,draw
822,random3,3,A,A,A,A,A,A,A,B,A,A,A,B,B,A,B,B,B,B,B,B,0.0,draw
822,random3,4,A,A,A,A,A,B,B,A,A,A,A,A,B,B,B,B,B,B,B,B,0.0,draw
822,random3,5,B,B,B,B,A,B,B,B,B,B,B,A,A,A,A,A,A,A,B,B,0.0,draw
822,random3,6,B,B,B,B,B,B,B,B,B,B,B,B,A,A,B,B,B,B,B,B,0.05,draw
823,random3,1,B,B,B,B,B,B,B,B,B,B,B,A,A,A,A,B,A,A,A,B,0.05,draw
823,random3,2,A,A,A,A,A,A,A,A,B,B,B,A,A,A,A,A,A,A,A,A,0.0,draw
823,random3,3,B,B,B,B,B,A,A,A,A,A,A,A,A,A,B,B,B,A,A,A,0.05,draw
823,random3,4,A,A,A,A,A,A,B,A,A,A,B,B,B,B,B,A,A,A,A,B,0.0,draw
823,random3,5,A,A,A,A,A,A,A,B,B,B,B,A,A,A,A,A,A,A,A,A,0.0,draw
823,random3,6,A,A,A,B,B,A,A,B,B,B,B,B,B,B,B,B,B,B,B,B,0.1,draw
824,random3,1,B,A,A,A,A,A,B,B,B,B,B,B,B,B,A,B,B,A,A,B,0.05,draw
824,random3,2,B,B,B,B,B,B,A,A,A,A,B,A,A,B,B,B,B,B,B,B,0.05,draw
824,random3,3,A,A,A,A,A,A,A,B,B,B,A,A,A,A,A,A,A,A,A,A,0.0,draw
824,random3,4,A,B,B,A,A,A,A,A,A,A,A,A,A,A,A,A,A,A,B,A,0.0,draw
824,random3,5,B,B,B,B,B,A,A,B,A,B,B,B,B,B,B,A,A,A,B,B,0.0,draw
824,random3,6,B,B,B,B,B,B,A,A,A,A,A,A,A,A,A,A,A,A,A,A,0.0,draw
825,random3,1,B,B,B,B,A,A,A,B,B,B,B,B,B,A,A,A,A,A,A,A,0.0,draw
825,random3,2,A,A,B,B,B,B,B,A,A,A,A,A,A,A,A,B,B,B,B,B,0.1,draw
825,random3,3,A,B,A,B,B,B,B,B,B,B,B,B,B,B,B,A,A,B,B,B,0.05,draw
825,random3,4,A,B,B,B,B,A,A,A,B,B,B,B,B,A,B,B,B,A,A,A,0.0,draw
825,random3,5,A,A,A,A,A,A,A,A,A,A,A,B,B,A,A,A,A,A,A,A,0.05,draw
825,random3,6,B,B,B,B,A,B,B,B,A,A,A,B,B,A,A,A,A,A,A,A,0.0,draw
826,random3,1,A,A,A,A,A,A,A,A,A,A,B,B,B,B,B,B,B,B,B,A,0.0,draw
826,random3,2,B,B,B,B,B,A,A,B,B,A,A,B,B,B,B,B,B,A,A,A,0.0,draw
826,random3,3,A,A,A,A,B,B,B,A,A,A,A,A,A,A,B,B,B,B,B,B,0.05,draw
826,random3,4,A,A,A,A,A,A,A,B,B,B,B,A,A,A,B,B,B,A,B,B,0.05,draw
826,random3,5,A,A,A,A,A,A,B,B,B,A,A,B,B,A,A,A,B,B,B,B,0.0,draw
826,random3,6,B,B,B,B,B,A,A,A,A,A,B,B,A,A,A,A,A,A,A,A,0.05,draw
827,random3,1,A,A,A,A,A,B,B,A,A,A,A,A,A,A,A,A,A,A,B,A,0.0,draw
827,random3,2,A,A,A,A,A,A,B,B,B,B,A,B,B,B,B,B,B,B,B,B,0.05,draw
827,random3,3,A,A,A,A,A,B,B,B,B,B,B,B,B,B,A,A,A,B,B,A,0.0,draw
827,random3,4,B,A,B,B,B,B,B,B,B,B,B,B,B,B,B,B,A,A,B,A,0.05,draw
827,random3,5,A,A,A,A,A,A,A,A,A,A,A,A,B,B,A,A,B,B,B,A,0.0,draw
827,random3,6,B,A,B,B,A,A,A,A,A,A,A,A,A,A,B,B,B,A,A,A,0.05,draw
828,random3,1,A,A,A,B,B,A,B,B,B,A,A,A,A,A,A,B,B,B,B,B,0.0,draw
828,random3,2,B,B,B,B,B,B,A,B,B,B,B,B,B,B,B,B,A,A,A,A,0.0,draw
828,random3,3,A,B,B,B,B,B,B,B,B,B,A,A,A,A,A,A,A,A,A,A,0.05,draw
828,random3,4,B,B,B,B,B,A,A,B,B,A,B,B,B,B,B,B,B,B,B,B,0.0,draw
828,random3,5,A,A,A,A,A,A,A,A,A,A,A,A,A,A,A,B,A,A,B,B,0.15,draw
828,random3,6,B,B,B,B,B,A,A,A,B,B,A,A,A,A,B,B,B,B,B,B,0.0,draw
829,random3,1,B,B,B,B,A,A,A,A,A,A,A,A,A,A,A,A,A,A,A,B,0.0,draw
829,random3,2,A,A,A,B,A,A,A,A,A,A,A,A,B,B,B,B,B,B,B,B,0.0,draw
829,random3,3,A,A,A,A,A,A,A,A,A,A,B,B,B,B,B,B,B,B,B,B,0.05,draw
829,random3,4,B,B,B,B,A,A,A,B,B,B,B,A,A,A,A,A,A,A,B,A,0.0,draw
829,random3,5,B,B,B,B,B,B,B,B,B,B,A,B,A,A,A,A,A,A,B,B,0.05,draw
829,random3,6,A,A,B,B,A,B,B,B,B,B,A,A,A,B,B,A,B,A,A,A,0.0,draw
830,random3,1,A,A,B,A,A,A,A,B,B,B,B,A,A,A,A,A,A,A,A,A,0.05,draw
830,random3,2,B,B,A,A,A,A,A,A,B,A,A,A,A,B,A,A,A,B,B,B,0.0,draw
830,random3,3,B,B,A,A,A,A,A,A,B,B,B,B,B,B,B,A,A,A,A,A,0.0,draw
830,random3,4,A,A,A,A,B,B,A,A,A,B,B,B,B,B,B,B,B,B,B,B,0.0,draw
830,random3,5,B,B,B,A,B,B,B,A,A,A,A,A,A,A,A,A,A,A,A,A,0.0,draw
830,random3,6,B,B,B,B,B,B,B,A,A,B,B,B,B,B,B,B,B,B,B,B,0.05,draw
831,random3,1,A,A,A,A,A,A,B,A,A,A,A,B,B,B,B,B,B,A,A,A,0.0,draw
831,random3,2,A,B,B,B,B,B,B,B,B,B,B,B,B,B,B,B,A,A,A,B,0.05,draw
831,random3,3,A,A,A,A,A,A,A,A,A,A,A,A,B,B,A,A,A,A,A,B,0.05,draw
831,random3,4,B,B,B,B,B,A,A,B,B,B,B,A,A,A,B,B,B,B,B,B,0.1,draw
831,random3,5,B,B,B,B,A,A,A,B,B,B,B,B,B,B,B,B,A,A,A,A,0.0,draw
831,random3,6,B,B,B,B,B,A,A,A,A,A,A,A,A,A,A,B,A,A,A,A,0.0,draw
832,random3,1,B,B,A,B,B,B,B,B,B,B,B,A,A,A,A,B,B,B,B,B,0.05,draw
832,random3,2,A,A,A,A,A,A,A,A,B,B,B,B,B,A,B,B,B,B,B,B,0.05,draw
832,random3,3,A,B,A,A,A,A,A,A,A,A,A,A,A,A,A,A,A,B,B,B,0.0,draw
832,random3,4,B,B,A,B,B,A,A,A,B,B,B,B,B,B,B,A,A,A,A,A,0.05,draw
832,random3,5,B,B,A,A,A,B,A,A,A,A,A,A,A,A,A,A,A,A,A,B,0.0,draw
832,random3,6,B,B,A,A,B,B,B,A,A,A,B,B,B,B,B,B,B,B,B,B,0.0,draw
833,random3,1,A,A,A,B,B,A,A,A,A,A,A,A,A,A,A,A,A,A,A,A,0.05,draw
833,random3,2,A,A,A,A,A,A,A,A,A,B,A,A,A,A,B,B,A,A,B,B,0.05,draw
833,random3,3,A,A,A,A,B,B,B,B,A,A,B,B,B,B,A,B,B,B,B,B,0.05,draw
833,random3,4,B,A,A,A,A,A,A,B,A,A,A,A,B,B,A,B,A,B,A,A,0.0,draw
833,random3,5,B,B,B,A,A,A,A,A,A,B,B,A,A,A,A,B,A,A,B,B,0.0,draw
833,random3,6,B,B,B,B,B,B,B,B,B,B,B,A,A,A,A,B,B,B,B,B,0.05,draw
834,random3,1,B,B,B,B,B,B,B,A,A,A,B,B,B,B,B,B,B,A,B,B,0.0,draw
834,random3,2,B,B,B,B,B,B,A,A,A,A,B,B,B,B,B,B,B,B,B,B,0.0,draw
834,random3,3,A,A,B,B,B,A,A,A,B,B,B,B,B,B,A,A,A,A,A,B,0.05,draw
834,random3,4,A,A,A,A,A,B,A,A,A,A,A,A,A,A,A,A,A,A,B,B,0.0,draw
834,random3,5,B,B,B,A,B,B,B,B,B,B,B,B,A,A,B,B,B,B,B,B,0.0,draw
834,random3,6,A,A,A,A,A,B,A,B,B,B,A,A,A,A,A,A,A,A,A,A,0.05,draw
835,random3,1,A,A,A,A,A,A,A,A,A,A,A,A,A,A,A,B,B,A,A,A,0.0,draw
835,random3,2,A,A,A,A,A,A,A,A,A,B,B,B,B,B,B,B,B,A,B,B,0.0,draw
835,random3,3,A,A,B,B,B,B,B,B,B,B,B,B,B,B,B,A,A,A,B,B,0.05,draw
835,random3,4,A,B,B,B,B,B,B,A,A,A,A,A,A,B,B,B,B,A,B,B,0.05,draw
835,random3,5,A,A,A,A,A,A,A,B,B,B,B,A,B,B,A,B,A,A,A,A,0.0,draw
835,random3,6,A,A,A,A,A,A,B,B,A,A,A,A,B,A,B,B,B,B,B,B,0.05,draw
836,random3,1,B,B,B,B,B,B,B,B,B,B,B,B,B,B,B,A,A,B,B,A,0.0,draw
836,random3,2,B,B,B,B,A,A,A,A,A,B,B,B,B,B,B,B,B,B,B,B,0.0,draw
836,random3,3,B,B,B,A,A,A,A,A,B,B,B,B,A,B,B,B,B,A,A,B,0.0,draw
836,random3,4,A,A,A,A,A,A,A,A,A,B,B,B,A,A,A,A,A,A,A,A,0.0,draw
836,random3,5,A,A,A,A,A,B,B,B,B,A,A,A,A,A,A,A,A,A,A,A,0.05,draw
836,random3,6,A,B,B,B,B,A,A,A,A,A,A,B,A,A,A,A,A,A,A,A,0.0,draw
837,random3,1,A,A,A,B,B,B,B,A,A,B,A,A,A,A,A,A,A,A,A,A,0.1,draw
837,random3,2,A,A,A,A,A,A,B,B,B,B,B,B,B,B,B,B,B,B,B,A,0.05,draw
837,random3,3,B,B,B,B,A,A,B,B,B,B,B,B,B,B,B,B,B,B,B,B,0.0,draw
837,random3,4,A,A,B,B,A,A,B,B,A,A,A,A,A,B,B,B,A,B,B,B,0.05,draw
837,random3,5,A,A,B,B,A,B,B,B,B,B,B,B,B,B,B,B,B,A,B,B,0.0,draw
837,random3,6,B,B,B,B,B,B,B,B,B,B,B,B,B,A,A,A,A,A,B,B,0.0,draw
838,random3,1,B,A,B,B,B,A,A,A,A,A,A,A,A,A,B,B,A,A,A,A,0.0,draw
838,random3,2,A,B,A,A,A,A,A,A,B,B,A,A,A,B,B,A,B,B,B,B,0.0,draw
838,random3,3,A,A,A,A,A,B,B,B,B,B,B,B,B,A,A,A,A,A,A,A,0.05,draw
838,random3,4,B,B,A,A,A,B,B,A,A,A,B,B,B,B,B,A,A,B,B,B,0.0,draw
838,random3,5,A,B,A,A,A,B,B,B,B,B,B,B,B,B,B,B,B,B,A,A,0.0,draw
838,random3,6,B,B,B,B,B,A,A,B,B,B,B,B,B,B,B,B,B,B,B,B,0.0,draw
839,random3,1,A,A,A,B,A,A,A,A,A,A,B,B,B,B,B,B,B,B,B,B,0.05,draw
839,random3,2,B,B,B,B,B,B,B,B,B,B,B,B,B,B,B,B,B,A,A,A,0.0,draw
839,random3,3,B,A,A,A,A,A,A,B,B,B,B,B,B,B,B,B,B,B,A,B,0.0,draw
839,random3,4,A,A,A,A,A,A,A,A,A,A,A,B,B,B,A,A,A,A,A,A,0.0,draw
839,random3,5,A,B,B,B,B,B,B,B,B,B,A,A,A,A,A,A,A,A,A,A,0.0,draw
839,random3,6,A,A,A,A,A,A,A,A,A,A,A,A,A,A,B,B,B,B,A,B,0.0,draw
840,random3,1,A,A,A,B,B,B,B,B,B,A,A,A,A,A,A,A,A,A,A,A,0.0,draw
840,random3,2,A,A,A,B,B,B,B,B,B,B,A,A,A,A,A,A,A,A,B,B,0.0,draw
840,random3,3,B,B,B,B,B,B,A,A,B,A,A,A,A,A,A,A,A,A,A,A,0.1,draw
840,random3,4,A,A,A,A,A,A,A,A,B,B,A,A,A,A,B,B,B,B,B,B,0.0,draw
840,random3,5,A,A,A,A,A,A,A,A,A,A,A,B,B,B,B,A,A,A,A,B,0.0,draw
840,random3,6,B,A,A,A,B,B,A,A,A,A,A,B,B,B,B,B,B,B,B,A,0.0,draw
841,random,1,A,skip,B,A,skip,A,A,A,skip,skip,skip,B,skip,A,skip,B,A,B,skip,skip,0.25,radicaleq
841,radicaleq,2,B,B,skip,skip,skip,skip,skip,skip,A,skip,skip,skip,skip,skip,skip,skip,A,A,skip,skip,0.15,radicaleq
841,radicaleq,3,skip,skip,A,skip,skip,skip,skip,skip,skip,B,B,B,B,B,B,skip,skip,skip,A,A,0.1,radicaleq
841,radicaleq,4,skip,skip,skip,B,skip,skip,skip,skip,skip,A,A,A,A,skip,skip,skip,skip,skip,skip,skip,0.1,radicaleq
841,random,5,B,A,skip,skip,A,skip,skip,skip,skip,B,B,A,B,B,A,skip,skip,skip,A,A,0.05,radicaleq
841,random,6,A,A,skip,A,skip,A,A,skip,B,A,A,skip,B,skip,A,A,B,skip,skip,B,0.2,radicaleq
842,random,1,skip,B,A,B,skip,A,A,B,B,A,B,B,A,skip,A,A,skip,A,skip,skip,0.25,random
842,radicaleq,2,B,skip,skip,skip,skip,skip,skip,skip,skip,skip,skip,skip,skip,skip,B,skip,skip,skip,skip,skip,0.1,random
842,random,3,A,skip,skip,B,B,skip,skip,A,skip,skip,A,skip,A,B,skip,skip,skip,skip,A,B,0.1,random
842,random,4,A,B,skip,skip,B,skip,skip,skip,B,A,A,skip,B,A,A,skip,skip,skip,B,B,0.1,random
842,radicaleq,5,skip,skip,skip,skip,skip,skip,skip,skip,B,B,skip,skip,skip,skip,skip,skip,skip,skip,skip,A,0.1,random
842,radicaleq,6,skip,skip,skip,skip,skip,skip,skip,skip,skip,skip,B,B,B,B,A,A,A,skip,skip,B,0.05,random
843,random,1,A,A,B,B,B,B,skip,B,B,B,A,B,B,B,A,B,B,skip,skip,B,0.35,random
843,random,2,skip,B,B,A,skip,B,skip,B,skip,A,A,skip,B,skip,A,skip,B,A,B,B,0.1,random
843,random,3,skip,A,A,skip,skip,B,B,A,A,B,A,skip,A,skip,skip,A,B,A,skip,B,0.1,random
843,radicaleq,4,skip,skip,A,A,A,skip,skip,skip,A,A,A,A,skip,skip,skip,skip,skip,skip,skip,skip,0.1,random
843,radicaleq,5,skip,skip,skip,skip,skip,A,skip,skip,skip,skip,skip,skip,A,A,skip,skip,skip,skip,skip,skip,0.1,random
843,radicaleq,6,skip,skip,skip,skip,skip,skip,A,skip,skip,skip,skip,skip,skip,skip,A,A,A,skip,skip,skip,0.1,random
844,radicaleq,1,A,B,skip,skip,A,A,skip,skip,skip,skip,skip,skip,skip,skip,A,A,A,B,B,B,0.1,random
844,radicaleq,2,B,skip,skip,skip,skip,skip,A,B,B,B,B,skip,skip,skip,skip,skip,skip,A,skip,skip,0.15,random
844,random,3,A,A,B,B,B,skip,A,skip,B,B,A,B,A,skip,A,A,A,B,A,A,0.15,random
844,random,4,A,skip,B,A,A,skip,A,A,B,A,skip,A,B,A,B,skip,A,B,skip,B,0.35,random
844,radicaleq,5,skip,skip,skip,skip,B,B,B,skip,skip,skip,skip,B,A,B,skip,skip,skip,skip,skip,A,0.1,random
844,random,6,skip,A,A,skip,A,B,A,B,skip,skip,skip,B,A,skip,skip,A,B,skip,B,A,0.1,random
845,radicaleq,1,A,B,skip,skip,skip,skip,skip,skip,skip,skip,skip,skip,skip,skip,skip,skip,A,A,A,A,0.05,radicaleq
845,random,2,A,skip,A,B,B,B,B,B,skip,B,skip,B,A,skip,A,skip,A,A,A,A,0.25,radicaleq
845,random,3,skip,skip,A,skip,A,A,A,A,A,skip,A,A,A,B,A,skip,A,skip,skip,B,0.0,radicaleq
845,random,4,A,A,B,A,B,skip,skip,B,B,A,B,A,skip,B,skip,skip,B,B,skip,B,0.35,radicaleq
845,radicaleq,5,skip,skip,skip,skip,A,A,A,A,A,A,A,A,A,A,skip,skip,skip,skip,skip,skip,0.05,radicaleq
845,radicaleq,6,skip,skip,skip,skip,skip,skip,skip,skip,skip,skip,skip,skip,skip,skip,A,A,skip,skip,skip,skip,0.05,radicaleq
846,radicaleq,1,A,B,B,B,A,B,skip,skip,B,B,skip,skip,skip,skip,skip,skip,skip,skip,A,A,0.1,radicaleq
846,random,2,A,A,B,B,skip,skip,B,B,A,A,skip,A,B,skip,B,A,skip,skip,A,B,0.15,radicaleq
846,radicaleq,3,skip,skip,A,A,skip,skip,skip,skip,skip,skip,B,A,B,A,B,B,skip,skip,skip,skip,0.1,radicaleq
846,random,4,A,B,skip,skip,A,skip,B,A,B,skip,B,A,B,A,A,skip,skip,skip,B,B,0.05,radicaleq
846,radicaleq,5,skip,skip,skip,skip,skip,skip,A,skip,skip,skip,skip,skip,skip,skip,skip,skip,A,skip,skip,skip,0.1,radicaleq
846,random,6,skip,B,A,B,A,skip,B,skip,skip,A,A,A,B,skip,A,A,skip,B,B,A,0.1,radicaleq
847,random,1,B,A,A,A,B,B,A,A,A,A,skip,skip,A,B,B,skip,skip,A,B,B,0.2,random
847,radicaleq,2,B,B,A,A,A,A,skip,skip,skip,B,skip,skip,skip,skip,skip,skip,skip,skip,skip,skip,0.1,random
847,random,3,B,skip,B,skip,A,skip,B,skip,A,skip,B,skip,B,A,B,skip,B,A,skip,B,0.1,random
847,radicaleq,4,skip,skip,skip,B,skip,skip,skip,skip,skip,skip,skip,B,B,B,B,B,B,B,skip,skip,0.1,random
847,random,5,skip,B,A,A,B,skip,skip,B,skip,A,skip,B,A,A,B,B,B,skip,A,B,0.05,random
847,radicaleq,6,skip,skip,skip,skip,skip,skip,B,B,B,skip,skip,skip,skip,skip,skip,skip,skip,skip,B,B,0.05,random
848,radicaleq,1,A,B,skip,skip,skip,skip,skip,A,skip,skip,skip,skip,skip,skip,A,A,skip,skip,skip,A,0.2,radicaleq
848,random,2,skip,skip,skip,skip,skip,A,A,skip,A,A,B,skip,skip,B,B,B,skip,B,skip,B,0.05,radicaleq
848,random,3,A,skip,skip,B,skip,A,A,B,B,A,skip,A,B,skip,skip,skip,skip,B,skip,B,0.2,radicaleq
848,radicaleq,4,skip,skip,skip,skip,B,B,skip,skip,A,A,A,skip,skip,skip,skip,skip,A,A,skip,skip,0.15,radicaleq
848,random,5,skip,skip,B,A,B,A,A,skip,skip,skip,B,B,A,B,A,B,A,skip,B,B,0.2,radicaleq
848,radicaleq,6,skip,skip,skip,skip,skip,skip,B,skip,skip,skip,skip,A,A,A,skip,skip,skip,skip,A,skip,0.15,radicaleq
849,radicaleq,1,A,B,skip,skip,skip,skip,skip,skip,skip,A,skip,skip,skip,skip,skip,skip,A,A,A,skip,0.15,random
849,random,2,A,skip,B,A,B,A,A,A,A,skip,A,A,A,skip,skip,B,A,skip,skip,A,0.15,random
849,random,3,skip,A,skip,A,A,B,B,B,skip,B,skip,B,A,A,B,skip,A,skip,B,B,0.15,random
849,radicaleq,4,skip,skip,skip,A,A,A,B,B,B,skip,skip,A,A,A,A,skip,skip,skip,skip,A,0.1,random
849,radicaleq,5,skip,skip,skip,skip,skip,skip,A,A,A,B,B,skip,skip,skip,skip,A,skip,skip,skip,skip,0.1,random
849,random,6,skip,A,A,A,A,skip,A,B,A,skip,A,B,B,A,B,skip,skip,A,skip,skip,0.1,random
850,radicaleq,1,A,B,B,B,A,skip,skip,skip,skip,skip,skip,skip,skip,B,B,B,B,B,skip,skip,0.1,radicaleq
850,radicaleq,2,B,A,A,skip,skip,skip,skip,skip,skip,skip,skip,skip,skip,skip,skip,skip,skip,skip,B,B,0.05,radicaleq
850,random,3,A,skip,skip,B,skip,A,A,A,skip,skip,skip,B,skip,B,skip,B,A,A,B,A,0.1,radicaleq
850,random,4,B,B,B,B,skip,skip,B,A,B,B,B,B,A,skip,B,A,A,A,B,B,0.0,radicaleq
850,random,5,A,A,skip,skip,B,A,B,B,B,B,A,B,A,B,skip,A,B,A,B,skip,0.1,radicaleq
850,radicaleq,6,skip,skip,skip,skip,skip,skip,skip,B,B,B,B,B,B,skip,skip,skip,skip,skip,skip,skip,0.05,radicaleq
851,random,1,B,B,B,A,A,skip,B,B,B,A,B,B,B,B,B,skip,B,A,skip,A,0.1,random
851,radicaleq,2,B,B,B,B,skip,skip,skip,skip,skip,B,B,B,B,B,B,B,skip,skip,skip,skip,0.1,random
851,random,3,B,B,skip,skip,B,A,B,A,skip,B,B,A,A,skip,skip,skip,skip,B,skip,skip,0.1,random
851,radicaleq,4,skip,skip,skip,skip,skip,A,A,A,A,skip,skip,skip,skip,skip,skip,skip,B,B,A,A,0.05,random
851,radicaleq,5,skip,skip,skip,skip,skip,B,skip,skip,skip,skip,skip,skip,skip,skip,skip,skip,skip,skip,B,skip,0.1,random
851,random,6,A,A,B,A,skip,A,A,B,B,A,B,skip,A,skip,B,A,B,B,A,B,0.2,random
852,radicaleq,1,A,B,B,B,skip,skip,skip,A,A,skip,skip,skip,skip,skip,skip,skip,A,A,A,B,0.1,random
852,random,2,A,A,A,skip,skip,B,B,B,skip,B,A,skip,B,B,A,A,A,B,A,A,0.2,random
852,radicaleq,3,skip,skip,A,A,B,skip,skip,skip,skip,A,A,B,skip,skip,skip,skip,skip,skip,skip,A,0.1,random
852,random,4,skip,skip,B,skip,skip,A,B,A,skip,B,B,skip,A,skip,A,B,A,A,A,B,0.1,random
852,random,5,skip,B,skip,A,A,A,skip,skip,skip,A,skip,A,B,A,skip,skip,B,skip,skip,A,0.1,random
852,radicaleq,6,skip,skip,skip,skip,skip,A,A,skip,skip,skip,skip,skip,A,A,A,A,B,B,B,skip,0.1,random
853,random,1,A,A,A,skip,skip,B,skip,A,skip,B,B,A,B,B,A,skip,A,A,B,B,0.15,random
853,random,2,B,B,skip,A,B,B,B,B,A,B,A,B,A,B,skip,B,B,B,B,skip,0.3,random
853,radicaleq,3,skip,A,A,B,skip,skip,skip,A,A,A,skip,skip,skip,skip,skip,skip,skip,skip,skip,skip,0.1,random
853,radicaleq,4,skip,B,B,skip,skip,skip,skip,skip,skip,skip,A,A,A,B,B,B,B,B,A,A,0.1,random
853,random,5,skip,skip,A,skip,A,B,A,skip,skip,skip,B,A,A,B,B,A,B,B,A,B,0.1,random
853,radicaleq,6,skip,skip,skip,skip,A,A,skip,skip,skip,skip,skip,skip,skip,skip,skip,skip,A,A,B,B,0.05,random
854,random,1,skip,skip,B,A,A,A,A,B,skip,B,skip,A,skip,A,A,B,A,skip,skip,A,0.15,radicaleq
854,radicaleq,2,B,B,B,B,A,A,A,A,skip,skip,skip,B,skip,skip,skip,skip,skip,skip,skip,B,0.1,radicaleq
854,radicaleq,3,skip,skip,skip,skip,B,skip,skip,skip,skip,skip,skip,skip,B,skip,skip,skip,skip,skip,skip,skip,0.1,radicaleq
854,random,4,B,B,B,skip,skip,skip,skip,skip,skip,B,A,A,skip,B,skip,skip,B,skip,skip,A,0.1,radicaleq
854,random,5,skip,skip,skip,B,A,A,skip,skip,B,B,B,A,A,skip,skip,B,B,B,skip,B,0.05,radicaleq
854,radicaleq,6,skip,skip,skip,skip,skip,skip,skip,skip,skip,B,B,A,A,A,A,A,B,B,B,skip,0.1,radicaleq
855,random,1,skip,skip,skip,A,B,A,B,B,skip,A,skip,B,B,B,B,skip,skip,B,B,skip,0.1,random
855,random,2,B,B,A,B,B,skip,A,A,skip,skip,A,B,skip,A,skip,skip,skip,B,B,skip,0.15,random
855,radicaleq,3,skip,B,B,skip,skip,skip,skip,skip,skip,skip,skip,skip,skip,B,B,A,A,skip,skip,B,0.1,random
855,random,4,skip,B,A,A,B,skip,A,B,A,A,B,A,A,skip,skip,A,B,A,B,B,0.1,random
855,radicaleq,5,skip,skip,skip,skip,skip,skip,B,B,B,skip,skip,skip,skip,skip,skip,B,skip,skip,skip,skip,0.1,random
855,radicaleq,6,skip,skip,skip,skip,skip,skip,skip,skip,skip,A,A,A,A,A,A,skip,B,A,A,skip,0.1,random
856,radicaleq,1,A,A,A,A,A,B,skip,skip,skip,skip,A,A,skip,skip,skip,skip,skip,skip,skip,A,0.1,radicaleq
856,radicaleq,2,B,B,B,B,skip,skip,skip,skip,skip,skip,skip,skip,A,skip,skip,skip,skip,skip,skip,skip,0.1,radicaleq
856,random,3,skip,skip,B,skip,A,skip,skip,B,A,B,skip,skip,B,B,B,skip,B,B,A,skip,0.1,radicaleq
856,radicaleq,4,skip,skip,skip,skip,skip,skip,A,A,skip,skip,skip,skip,skip,skip,skip,skip,skip,B,B,skip,0.1,radicaleq
856,random,5,B,A,B,A,skip,A,A,B,skip,skip,skip,B,skip,B,B,skip,A,A,A,skip,0.05,radicaleq
856,random,6,A,B,A,skip,B,A,A,skip,A,A,A,B,B,B,skip,skip,skip,A,A,A,0.1,radicaleq
857,radicaleq,1,A,B,B,A,skip,skip,skip,B,skip,skip,skip,skip,skip,skip,B,A,A,A,skip,skip,0.15,random
857,random,2,A,skip,B,B,B,skip,skip,skip,skip,A,skip,skip,skip,A,B,skip,B,skip,A,B,0.15,random
857,radicaleq,3,skip,skip,skip,skip,A,A,A,skip,skip,B,A,A,A,skip,skip,skip,skip,skip,B,A,0.1,random
857,radicaleq,4,skip,skip,skip,skip,B,B,B,A,A,skip,B,B,B,A,A,skip,skip,skip,skip,B,0.1,random
857,random,5,A,A,B,skip,A,A,B,skip,skip,B,B,B,skip,B,skip,A,B,skip,B,B,0.1,random
857,random,6,B,B,skip,skip,A,B,skip,A,B,B,A,A,B,A,B,skip,A,B,skip,A,0.15,random
858,radicaleq,1,A,B,B,skip,skip,skip,A,A,A,A,A,A,B,B,skip,skip,skip,skip,B,B,0.1,random
858,radicaleq,2,B,skip,skip,skip,skip,skip,skip,skip,skip,skip,skip,skip,A,A,B,skip,skip,skip,A,A,0.1,random
858,radicaleq,3,skip,A,A,B,B,B,skip,skip,skip,skip,skip,skip,skip,skip,A,skip,skip,skip,skip,skip,0.1,random
858,random,4,A,A,skip,B,skip,skip,B,A,A,skip,B,B,skip,A,skip,B,A,A,A,B,0.1,random
858,random,5,skip,skip,A,B,B,A,B,skip,A,A,A,A,B,A,skip,B,A,B,B,A,0.1,random
858,random,6,A,B,skip,A,A,skip,A,B,skip,B,B,skip,A,skip,skip,A,A,skip,skip,B,0.25,random
859,random,1,skip,skip,B,B,B,B,B,skip,B,A,B,B,B,skip,B,skip,A,B,B,B,0.1,random
859,radicaleq,2,B,skip,skip,skip,skip,skip,skip,skip,skip,skip,skip,B,B,B,B,B,A,A,A,A,0.05,random
859,radicaleq,3,skip,A,skip,skip,skip,skip,skip,skip,skip,skip,skip,skip,skip,skip,skip,skip,B,skip,skip,skip,0.1,random
859,random,4,skip,skip,B,A,B,B,A,B,A,B,skip,B,A,B,skip,skip,skip,A,B,A,0.15,random
859,radicaleq,5,skip,skip,skip,skip,B,B,B,B,B,B,A,A,A,A,A,A,skip,B,B,B,0.05,random
859,random,6,A,skip,B,B,skip,A,B,A,B,skip,A,A,B,A,A,B,A,skip,A,A,0.15,random
860,random,1,B,B,B,B,A,A,B,B,B,A,skip,skip,B,A,B,A,skip,B,skip,B,0.15,random
860,random,2,B,skip,skip,B,B,skip,A,A,skip,B,A,A,B,B,skip,skip,B,skip,B,skip,0.15,random
860,radicaleq,3,skip,skip,B,B,B,B,skip,skip,skip,skip,B,B,skip,skip,skip,skip,skip,skip,B,A,0.15,random
860,radicaleq,4,skip,skip,skip,skip,skip,skip,B,A,A,skip,skip,skip,B,B,B,B,skip,skip,skip,B,0.1,random
860,radicaleq,5,skip,skip,skip,skip,skip,skip,skip,B,B,A,A,A,A,A,A,A,A,A,A,skip,0.1,random
860,random,6,skip,A,B,A,B,A,skip,B,B,skip,B,skip,A,A,A,A,skip,A,skip,B,0.1,random
861,radicaleq,1,A,skip,skip,B,skip,skip,skip,B,skip,skip,skip,skip,skip,skip,B,A,skip,skip,skip,skip,0.2,rotate
861,rotate,2,B,skip,skip,skip,skip,A,B,skip,skip,skip,skip,A,B,skip,skip,skip,skip,A,B,skip,0.2,rotate
861,rotate,3,skip,skip,skip,skip,A,B,skip,skip,skip,skip,A,B,skip,skip,skip,skip,A,B,skip,skip,0.25,rotate
861,radicaleq,4,skip,B,skip,skip,skip,skip,B,A,B,A,skip,A,A,skip,skip,skip,A,A,A,skip,0.2,rotate
861,radicaleq,5,skip,skip,A,skip,skip,skip,A,skip,skip,skip,skip,skip,skip,B,skip,skip,skip,skip,skip,B,0.2,rotate
861,rotate,6,skip,A,B,skip,skip,skip,skip,A,B,skip,skip,skip,skip,A,B,skip,skip,skip,skip,A,0.2,rotate
862,radicaleq,1,A,skip,skip,skip,skip,skip,skip,skip,skip,skip,skip,skip,skip,skip,skip,skip,skip,skip,skip,skip,0.05,draw
862,rotate,2,B,skip,skip,skip,skip,A,B,skip,skip,skip,skip,A,B,skip,skip,skip,skip,A,B,skip,0.05,draw
862,radicaleq,3,skip,A,B,A,B,A,B,A,B,A,B,A,B,A,B,A,B,A,B,A,0.0,draw
862,rotate,4,skip,skip,skip,A,B,skip,skip,skip,skip,A,B,skip,skip,skip,skip,A,B,skip,skip,skip,0.0,draw
862,radicaleq,5,skip,skip,skip,skip,skip,skip,skip,skip,skip,skip,skip,skip,skip,skip,skip,skip,skip,skip,skip,skip,0.0,draw
862,rotate,6,skip,A,B,skip,skip,skip,skip,A,B,skip,skip,skip,skip,A,B,skip,skip,skip,skip,A,0.0,draw
863,rotate,1,A,B,skip,skip,skip,skip,A,B,skip,skip,skip,skip,A,B,skip,skip,skip,skip,A,B,0.2,radicaleq
863,rotate,2,B,skip,skip,skip,skip,A,B,skip,skip,skip,skip,A,B,skip,skip,skip,skip,A,B,skip,0.2,radicaleq
863,radicaleq,3,skip,A,skip,skip,skip,skip,skip,skip,A,A,skip,skip,skip,skip,A,A,skip,skip,skip,skip,0.15,radicaleq
863,radicaleq,4,skip,B,A,B,A,skip,skip,skip,skip,skip,B,skip,skip,skip,skip,skip,B,skip,skip,skip,0.15,radicaleq
863,rotate,5,skip,skip,A,B,skip,skip,skip,skip,A,B,skip,skip,skip,skip,A,B,skip,skip,skip,skip,0.1,radicaleq
863,radicaleq,6,skip,skip,skip,skip,skip,A,A,A,skip,skip,skip,A,A,A,skip,skip,skip,A,A,A,0.15,radicaleq
864,radicaleq,1,A,skip,skip,skip,skip,skip,B,skip,skip,skip,skip,skip,B,skip,skip,skip,skip,A,skip,skip,0.2,radicaleq
864,radicaleq,2,B,skip,skip,skip,skip,skip,skip,B,skip,skip,skip,skip,skip,B,skip,skip,skip,B,skip,skip,0.2,radicaleq
864,radicaleq,3,skip,A,B,B,B,A,skip,skip,A,A,B,A,skip,skip,B,B,A,skip,A,skip,0.2,radicaleq
864,rotate,4,skip,skip,skip,A,B,skip,skip,skip,skip,A,B,skip,skip,skip,skip,A,B,skip,skip,skip,0.15,radicaleq
864,rotate,5,skip,skip,A,B,skip,skip,skip,skip,A,B,skip,skip,skip,skip,A,B,skip,skip,skip,skip,0.15,radicaleq
864,rotate,6,skip,A,B,skip,skip,skip,skip,A,B,skip,skip,skip,skip,A,B,skip,skip,skip,skip,A,0.2,radicaleq
865,rotate,1,A,B,skip,skip,skip,skip,A,B,skip,skip,skip,skip,A,B,skip,skip,skip,skip,A,B,0.2,rotate
865,rotate,2,B,skip,skip,skip,skip,A,B,skip,skip,skip,skip,A,B,skip,skip,skip,skip,A,B,skip,0.35,rotate
865,radicaleq,3,skip,A,B,A,skip,skip,skip,B,A,skip,skip,skip,skip,B,A,skip,skip,skip,skip,B,0.15,rotate
865,radicaleq,4,skip,B,A,skip,skip,skip,skip,skip,B,A,skip,skip,skip,skip,B,A,skip,skip,skip,skip,0.15,rotate
865,radicaleq,5,skip,skip,skip,B,skip,skip,skip,skip,skip,B,skip,skip,skip,skip,skip,B,skip,skip,skip,skip,0.15,rotate
865,rotate,6,skip,A,B,skip,skip,skip,skip,A,B,skip,skip,skip,skip,A,B,skip,skip,skip,skip,A,0.15,rotate
866,radicaleq,1,A,skip,skip,skip,skip,skip,B,skip,skip,A,A,A,skip,skip,skip,A,A,A,skip,skip,0.2,rotate
866,radicaleq,2,B,skip,skip,skip,skip,skip,A,skip,skip,skip,skip,skip,B,skip,skip,skip,skip,skip,B,skip,0.2,rotate
866,rotate,3,skip,skip,skip,skip,A,B,skip,skip,skip,skip,A,B,skip,skip,skip,skip,A,B,skip,skip,0.15,rotate
866,rotate,4,skip,skip,skip,A,B,skip,skip,skip,skip,A,B,skip,skip,skip,skip,A,B,skip,skip,skip,0.2,rotate
866,radicaleq,5,skip,skip,skip,skip,A,A,skip,A,A,skip,skip,skip,skip,A,A,skip,skip,skip,skip,A,0.15,rotate
866,rotate,6,skip,A,B,skip,skip,skip,skip,A,B,skip,skip,skip,skip,A,B,skip,skip,skip,skip,A,0.2,rotate
867,radicaleq,1,A,skip,skip,skip,skip,skip,B,skip,A,A,A,A,skip,skip,A,A,A,A,skip,skip,0.2,radicaleq
867,radicaleq,2,B,skip,skip,skip,skip,skip,A,skip,skip,skip,skip,skip,B,skip,skip,skip,skip,skip,B,skip,0.2,radicaleq
867,rotate,3,skip,skip,skip,skip,A,B,skip,skip,skip,skip,A,B,skip,skip,skip,skip,A,B,skip,skip,0.15,radicaleq
867,rotate,4,skip,skip,skip,A,B,skip,skip,skip,skip,A,B,skip,skip,skip,skip,A,B,skip,skip,skip,0.2,radicaleq
867,rotate,5,skip,skip,A,B,skip,skip,skip,skip,A,B,skip,skip,skip,skip,A,B,skip,skip,skip,skip,0.2,radicaleq
867,radicaleq,6,skip,skip,skip,skip,A,A,skip,A,skip,skip,skip,skip,skip,A,skip,skip,skip,skip,skip,A,0.2,radicaleq
868,rotate,1,A,B,skip,skip,skip,skip,A,B,skip,skip,skip,skip,A,B,skip,skip,skip,skip,A,B,0.2,draw
868,radicaleq,2,B,skip,skip,skip,skip,B,B,skip,skip,skip,skip,B,B,skip,skip,skip,skip,B,B,skip,0.2,draw
868,rotate,3,skip,skip,skip,skip,A,B,skip,skip,skip,skip,A,B,skip,skip,skip,skip,A,B,skip,skip,0.15,draw
868,radicaleq,4,skip,B,B,skip,skip,skip,skip,B,B,skip,skip,skip,skip,B,B,skip,skip,skip,skip,B,0.15,draw
868,rotate,5,skip,skip,A,B,skip,skip,skip,skip,A,B,skip,skip,skip,skip,A,B,skip,skip,skip,skip,0.15,draw
868,radicaleq,6,skip,skip,skip,B,B,skip,skip,skip,skip,B,B,skip,skip,skip,skip,B,B,skip,skip,skip,0.15,draw
869,radicaleq,1,A,skip,skip,skip,skip,skip,skip,A,skip,skip,skip,skip,skip,A,skip,skip,skip,skip,skip,B,0.2,rotate
869,rotate,2,B,skip,skip,skip,skip,A,B,skip,skip,skip,skip,A,B,skip,skip,skip,skip,A,B,skip,0.15,rotate
869,rotate,3,skip,skip,skip,skip,A,B,skip,skip,skip,skip,A,B,skip,skip,skip,skip,A,B,skip,skip,0.2,rotate
869,rotate,4,skip,skip,skip,A,B,skip,skip,skip,skip,A,B,skip,skip,skip,skip,A,B,skip,skip,skip,0.25,rotate
869,radicaleq,5,skip,skip,skip,skip,A,A,B,B,skip,skip,skip,A,A,skip,A,skip,skip,skip,skip,skip,0.15,rotate
869,radicaleq,6,skip,skip,skip,skip,skip,skip,A,skip,skip,skip,skip,skip,skip,B,skip,A,A,A,A,skip,0.15,rotate
870,rotate,1,A,B,skip,skip,skip,skip,A,B,skip,skip,skip,skip,A,B,skip,skip,skip,skip,A,B,0.25,radicaleq
870,radicaleq,2,B,skip,skip,skip,skip,B,skip,skip,A,A,A,skip,skip,skip,A,A,A,skip,skip,skip,0.2,radicaleq
870,radicaleq,3,skip,A,skip,skip,skip,A,skip,skip,skip,skip,skip,B,skip,skip,skip,skip,skip,B,skip,skip,0.2,radicaleq
870,rotate,4,skip,skip,skip,A,B,skip,skip,skip,skip,A,B,skip,skip,skip,skip,A,B,skip,skip,skip,0.15,radicaleq
870,rotate,5,skip,skip,A,B,skip,skip,skip,skip,A,B,skip,skip,skip,skip,A,B,skip,skip,skip,skip,0.2,radicaleq
870,radicaleq,6,skip,skip,skip,A,A,skip,A,A,skip,skip,skip,skip,A,A,skip,skip,skip,skip,A,A,0.2,radicaleq
871,rotate,1,A,B,skip,skip,skip,skip,A,B,skip,skip,skip,skip,A,B,skip,skip,skip,skip,A,B,0.25,rotate
871,radicaleq,2,B,skip,skip,skip,skip,skip,skip,skip,skip,A,A,skip,skip,skip,skip,A,A,skip,skip,skip,0.15,rotate
871,radicaleq,3,skip,A,B,A,B,A,skip,skip,skip,skip,skip,B,skip,skip,skip,skip,skip,B,skip,skip,0.15,rotate
871,rotate,4,skip,skip,skip,A,B,skip,skip,skip,skip,A,B,skip,skip,skip,skip,A,B,skip,skip,skip,0.1,rotate
871,radicaleq,5,skip,skip,skip,skip,skip,skip,A,A,A,skip,skip,skip,A,A,A,skip,skip,skip,A,A,0.1,rotate
871,rotate,6,skip,A,B,skip,skip,skip,skip,A,B,skip,skip,skip,skip,A,B,skip,skip,skip,skip,A,0.1,rotate
872,radicaleq,1,A,skip,skip,skip,skip,B,skip,skip,skip,skip,skip,B,skip,skip,skip,skip,skip,B,skip,skip,0.2,rotate
872,rotate,2,B,skip,skip,skip,skip,A,B,skip,skip,skip,skip,A,B,skip,skip,skip,skip,A,B,skip,0.2,rotate
872,radicaleq,3,skip,A,skip,skip,skip,skip,B,B,skip,skip,skip,skip,B,B,skip,skip,skip,skip,B,B,0.2,rotate
872,rotate,4,skip,skip,skip,A,B,skip,skip,skip,skip,A,B,skip,skip,skip,skip,A,B,skip,skip,skip,0.15,rotate
872,rotate,5,skip,skip,A,B,skip,skip,skip,skip,A,B,skip,skip,skip,skip,A,B,skip,skip,skip,skip,0.2,rotate
872,radicaleq,6,skip,skip,skip,A,A,skip,skip,skip,A,A,A,skip,skip,skip,A,A,A,skip,skip,skip,0.15,rotate
873,rotate,1,A,B,skip,skip,skip,skip,A,B,skip,skip,skip,skip,A,B,skip,skip,skip,skip,A,B,0.2,rotate
873,radicaleq,2,B,skip,skip,skip,skip,B,B,skip,skip,skip,skip,B,B,skip,skip,skip,skip,B,B,skip,0.2,rotate
873,rotate,3,skip,skip,skip,skip,A,B,skip,skip,skip,skip,A,B,skip,skip,skip,skip,A,B,skip,skip,0.15,rotate
873,radicaleq,4,skip,B,B,B,skip,skip,skip,B,B,B,skip,skip,skip,B,B,B,skip,skip,skip,B,0.15,rotate
873,radicaleq,5,skip,skip,skip,skip,B,skip,skip,skip,skip,skip,B,skip,skip,skip,skip,skip,B,skip,skip,skip,0.15,rotate
873,rotate,6,skip,A,B,skip,skip,skip,skip,A,B,skip,skip,skip,skip,A,B,skip,skip,skip,skip,A,0.2,rotate
874,rotate,1,A,B,skip,skip,skip,skip,A,B,skip,skip,skip,skip,A,B,skip,skip,skip,skip,A,B,0.25,radicaleq
874,radicaleq,2,B,skip,skip,skip,skip,skip,skip,skip,A,A,skip,A,skip,skip,skip,skip,skip,A,skip,skip,0.2,radicaleq
874,radicaleq,3,skip,A,B,B,A,skip,skip,skip,skip,skip,B,skip,A,A,A,A,skip,skip,A,A,0.15,radicaleq
874,radicaleq,4,skip,B,A,A,skip,skip,skip,skip,skip,skip,A,skip,skip,skip,skip,skip,B,skip,skip,skip,0.15,radicaleq
874,rotate,5,skip,skip,A,B,skip,skip,skip,skip,A,B,skip,skip,skip,skip,A,B,skip,skip,skip,skip,0.1,radicaleq
874,rotate,6,skip,A,B,skip,skip,skip,skip,A,B,skip,skip,skip,skip,A,B,skip,skip,skip,skip,A,0.15,radicaleq
875,radicaleq,1,A,skip,skip,B,B,skip,skip,B,skip,skip,skip,A,skip,skip,skip,B,B,skip,skip,B,0.3,radicaleq
875,radicaleq,2,B,skip,skip,skip,skip,A,skip,skip,B,A,skip,B,A,skip,skip,skip,skip,A,skip,skip,0.25,radicaleq
875,rotate,3,skip,skip,skip,skip,A,B,skip,skip,skip,skip,A,B,skip,skip,skip,skip,A,B,skip,skip,0.25,radicaleq
875,radicaleq,4,skip,B,skip,skip,skip,skip,A,skip,skip,skip,B,skip,skip,B,skip,skip,skip,skip,A,skip,0.25,radicaleq
875,rotate,5,skip,skip,A,B,skip,skip,skip,skip,A,B,skip,skip,skip,skip,A,B,skip,skip,skip,skip,0.2,radicaleq
875,rotate,6,skip,A,B,skip,skip,skip,skip,A,B,skip,skip,skip,skip,A,B,skip,skip,skip,skip,A,0.3,radicaleq
876,radicaleq,1,A,skip,skip,skip,skip,A,A,skip,skip,A,skip,skip,skip,A,skip,skip,skip,skip,skip,B,0.25,draw
876,rotate,2,B,skip,skip,skip,skip,A,B,skip,skip,skip,skip,A,B,skip,skip,skip,skip,A,B,skip,0.2,draw
876,rotate,3,skip,skip,skip,skip,A,B,skip,skip,skip,skip,A,B,skip,skip,skip,skip,A,B,skip,skip,0.25,draw
876,radicaleq,4,skip,B,skip,skip,skip,skip,skip,A,skip,skip,skip,A,A,skip,A,A,skip,skip,skip,skip,0.2,draw
876,rotate,5,skip,skip,A,B,skip,skip,skip,skip,A,B,skip,skip,skip,skip,A,B,skip,skip,skip,skip,0.2,draw
876,radicaleq,6,skip,skip,skip,B,B,skip,skip,skip,B,skip,skip,skip,skip,B,skip,skip,A,A,A,skip,0.2,draw
877,rotate,1,A,B,skip,skip,skip,skip,A,B,skip,skip,skip,skip,A,B,skip,skip,skip,skip,A,B,0.25,rotate
877,radicaleq,2,B,skip,skip,skip,skip,skip,A,B,B,skip,skip,skip,B,skip,skip,B,skip,skip,skip,skip,0.2,rotate
877,rotate,3,skip,skip,skip,skip,A,B,skip,skip,skip,skip,A,B,skip,skip,skip,skip,A,B,skip,skip,0.2,rotate
877,rotate,4,skip,skip,skip,A,B,skip,skip,skip,skip,A,B,skip,skip,skip,skip,A,B,skip,skip,skip,0.25,rotate
877,radicaleq,5,skip,skip,skip,skip,A,A,skip,skip,skip,B,skip,skip,skip,A,skip,skip,skip,B,B,skip,0.2,rotate
877,radicaleq,6,skip,skip,skip,skip,skip,skip,B,skip,skip,skip,B,A,skip,B,A,skip,skip,skip,skip,A,0.2,rotate
878,radicaleq,1,A,skip,skip,skip,B,skip,skip,skip,skip,B,A,skip,skip,skip,A,A,skip,A,A,skip,0.25,radicaleq
878,rotate,2,B,skip,skip,skip,skip,A,B,skip,skip,skip,skip,A,B,skip,skip,skip,skip,A,B,skip,0.25,radicaleq
878,radicaleq,3,skip,A,B,A,skip,skip,B,B,skip,skip,skip,B,skip,skip,skip,skip,B,skip,skip,A,0.2,radicaleq
878,radicaleq,4,skip,B,skip,skip,skip,skip,skip,skip,A,A,skip,skip,A,skip,skip,skip,A,skip,skip,skip,0.2,radicaleq
878,rotate,5,skip,skip,A,B,skip,skip,skip,skip,A,B,skip,skip,skip,skip,A,B,skip,skip,skip,skip,0.15,radicaleq
878,rotate,6,skip,A,B,skip,skip,skip,skip,A,B,skip,skip,skip,skip,A,B,skip,skip,skip,skip,A,0.2,radicaleq
879,rotate,1,A,B,skip,skip,skip,skip,A,B,skip,skip,skip,skip,A,B,skip,skip,skip,skip,A,B,0.2,rotate
879,rotate,2,B,skip,skip,skip,skip,A,B,skip,skip,skip,skip,A,B,skip,skip,skip,skip,A,B,skip,0.2,rotate
879,rotate,3,skip,skip,skip,skip,A,B,skip,skip,skip,skip,A,B,skip,skip,skip,skip,A,B,skip,skip,0.3,rotate
879,radicaleq,4,skip,B,B,skip,skip,skip,B,A,skip,skip,skip,skip,B,A,skip,skip,skip,skip,B,A,0.2,rotate
879,radicaleq,5,skip,skip,skip,B,skip,skip,skip,B,A,skip,skip,skip,skip,B,A,skip,skip,skip,skip,B,0.15,rotate
879,radicaleq,6,skip,skip,skip,skip,B,skip,skip,skip,B,skip,skip,skip,skip,skip,B,skip,skip,skip,skip,skip,0.15,rotate
880,rotate,1,A,B,skip,skip,skip,skip,A,B,skip,skip,skip,skip,A,B,skip,skip,skip,skip,A,B,0.2,rotate
880,rotate,2,B,skip,skip,skip,skip,A,B,skip,skip,skip,skip,A,B,skip,skip,skip,skip,A,B,skip,0.25,rotate
880,radicaleq,3,skip,A,skip,skip,skip,A,A,B,B,skip,skip,skip,A,A,skip,skip,skip,A,A,A,0.2,rotate
880,rotate,4,skip,skip,skip,A,B,skip,skip,skip,skip,A,B,skip,skip,skip,skip,A,B,skip,skip,skip,0.15,rotate
880,radicaleq,5,skip,skip,A,skip,skip,skip,skip,skip,skip,A,A,skip,skip,skip,A,skip,skip,skip,skip,skip,0.15,rotate
880,radicaleq,6,skip,skip,skip,A,A,skip,skip,skip,skip,skip,skip,B,skip,skip,skip,A,A,skip,skip,skip,0.15,rotate
881,radicaleq,1,A,B,A,B,B,B,B,B,B,A,A,B,B,B,B,B,B,B,B,B,0.0,radicaleq
881,random3,2,B,B,A,A,A,A,A,A,A,A,A,A,A,A,A,A,A,A,A,A,0.1,radicaleq
881,radicaleq,3,skip,A,skip,skip,skip,skip,skip,skip,skip,skip,skip,skip,skip,skip,skip,skip,skip,skip,skip,skip,0.05,radicaleq
881,random3,4,A,B,A,A,B,B,B,B,B,B,B,B,B,B,B,B,B,B,B,B,0.05,radicaleq
881,radicaleq,5,skip,skip,skip,skip,skip,skip,skip,skip,skip,skip,skip,A,A,A,A,A,A,A,A,A,0.0,radicaleq
881,random3,6,A,B,B,B,A,A,A,A,B,B,A,A,A,A,A,A,A,A,A,A,0.05,radicaleq
882,random3,1,A,A,B,B,B,A,A,A,A,A,A,A,A,A,B,B,A,A,A,A,0.35,radicaleq
882,radicaleq,2,B,A,A,skip,skip,skip,skip,skip,skip,skip,skip,skip,skip,skip,skip,skip,skip,skip,skip,skip,0.05,radicaleq
882,random3,3,B,B,B,B,B,B,B,B,B,B,B,B,B,B,B,B,B,B,B,B,0.0,radicaleq
882,radicaleq,4,skip,skip,skip,B,B,B,B,B,B,B,B,B,B,B,B,B,B,B,B,B,0.0,radicaleq
882,random3,5,B,B,B,A,A,A,A,B,B,B,B,B,A,A,A,A,A,B,A,A,0.2,radicaleq
882,radicaleq,6,skip,skip,skip,skip,skip,skip,skip,skip,skip,skip,skip,skip,skip,skip,skip,skip,skip,skip,skip,skip,0.0,radicaleq
883,radicaleq,1,A,B,B,A,A,A,A,A,A,A,B,A,A,B,skip,A,A,A,A,A,0.05,radicaleq
883,radicaleq,2,B,skip,skip,skip,skip,skip,skip,skip,skip,skip,skip,skip,skip,skip,skip,skip,skip,skip,skip,skip,0.05,radicaleq
883,random3,3,A,A,A,A,A,A,A,A,A,A,A,A,A,A,A,B,A,A,A,A,0.05,radicaleq
883,radicaleq,4,skip,skip,A,B,B,B,B,B,B,B,A,B,B,skip,skip,skip,skip,skip,skip,skip,0.05,radicaleq
883,random3,5,A,B,B,B,B,B,B,B,B,B,B,B,A,A,B,B,B,B,B,A,0.15,radicaleq
883,random3,6,A,B,B,B,B,B,A,A,A,A,B,B,A,A,A,A,A,A,B,A,0.0,radicaleq
884,random3,1,B,A,A,B,A,A,A,A,A,B,A,A,A,A,A,A,B,B,B,B,0.1,radicaleq
884,radicaleq,2,B,B,B,B,B,B,B,B,B,B,B,A,A,A,A,A,A,A,skip,skip,0.05,radicaleq
884,radicaleq,3,skip,skip,skip,skip,skip,skip,skip,skip,skip,skip,skip,B,B,B,B,B,skip,skip,skip,skip,0.05,radicaleq
884,random3,4,B,B,B,B,B,B,B,B,B,B,B,A,A,A,A,A,A,B,B,A,0.0,radicaleq
884,random3,5,A,A,A,B,A,A,A,A,A,B,B,B,B,B,B,A,A,B,B,A,0.05,radicaleq
884,radicaleq,6,skip,skip,skip,skip,skip,skip,skip,skip,skip,skip,skip,skip,skip,skip,skip,skip,skip,skip,B,B,0.0,radicaleq
885,radicaleq,1,A,B,A,skip,skip,skip,skip,skip,skip,skip,skip,skip,skip,skip,skip,skip,B,B,B,B,0.05,radicaleq
885,random3,2,A,B,B,B,B,A,B,B,B,B,B,B,B,B,B,A,A,A,B,A,0.0,radicaleq
885,random3,3,B,B,B,A,A,A,B,A,A,A,A,A,A,A,A,A,B,B,B,B,0.25,radicaleq
885,radicaleq,4,skip,skip,skip,B,B,B,skip,skip,skip,skip,skip,skip,skip,skip,skip,skip,skip,skip,skip,skip,0.05,radicaleq
885,radicaleq,5,skip,skip,skip,skip,skip,skip,B,B,B,B,B,B,B,B,B,B,skip,skip,skip,skip,0.05,radicaleq
885,random3,6,A,B,B,B,A,A,A,A,B,A,A,A,A,B,B,A,A,A,A,A,0.1,radicaleq
886,random3,1,B,A,A,B,B,B,B,A,A,A,A,A,B,B,B,A,A,A,A,A,0.0,radicaleq
886,radicaleq,2,B,B,skip,skip,skip,skip,skip,skip,skip,skip,skip,skip,skip,skip,skip,skip,skip,skip,skip,skip,0.05,radicaleq
886,radicaleq,3,skip,skip,A,A,A,A,A,A,A,A,A,A,A,A,A,A,A,A,A,A,0.0,radicaleq
886,radicaleq,4,skip,skip,skip,skip,skip,skip,skip,skip,skip,skip,skip,skip,skip,skip,skip,skip,skip,skip,skip,skip,0.0,radicaleq
886,random3,5,B,A,A,B,B,A,A,A,B,B,B,B,B,B,B,B,B,B,B,B,0.05,radicaleq
886,random3,6,A,A,A,A,A,B,B,B,B,B,B,B,A,A,A,A,B,B,B,B,0.1,radicaleq
887,radicaleq,1,A,B,B,B,B,B,A,B,B,B,B,B,B,B,B,B,A,A,skip,skip,0.05,radicaleq
887,random3,2,A,A,A,A,A,B,A,A,A,A,A,A,A,A,A,B,B,B,B,B,0.0,radicaleq
887,random3,3,A,A,A,A,A,A,A,A,A,A,A,A,A,A,A,A,A,B,A,A,0.15,radicaleq
887,radicaleq,4,skip,skip,skip,skip,skip,skip,skip,skip,skip,skip,skip,skip,skip,skip,skip,skip,skip,skip,B,B,0.0,radicaleq
887,random3,5,B,B,B,B,B,B,B,B,B,B,B,B,B,B,B,B,B,B,B,A,0.1,radicaleq
887,radicaleq,6,skip,skip,skip,skip,skip,skip,skip,skip,skip,skip,skip,skip,skip,skip,skip,skip,skip,skip,skip,skip,0.0,radicaleq
888,random3,1,B,B,B,B,B,B,A,B,A,A,A,A,B,B,B,B,B,B,A,A,0.05,radicaleq
888,random3,2,B,A,A,A,A,B,B,B,B,B,B,B,A,A,A,A,A,A,A,B,0.15,radicaleq
888,radicaleq,3,skip,skip,B,B,B,B,B,B,B,A,A,A,A,A,A,A,A,A,A,A,0.0,radicaleq
888,random3,4,B,B,B,B,A,A,A,B,B,B,B,A,A,A,A,A,A,A,A,A,0.05,radicaleq
888,radicaleq,5,skip,skip,skip,skip,skip,skip,skip,skip,skip,B,B,B,B,B,B,B,B,B,B,skip,0.05,radicaleq
888,radicaleq,6,skip,skip,skip,skip,skip,skip,skip,skip,skip,skip,skip,skip,skip,skip,skip,skip,skip,skip,skip,B,0.0,radicaleq
889,random3,1,B,B,A,A,B,A,A,A,A,A,A,A,A,A,A,A,B,B,B,B,0.25,radicaleq
889,radicaleq,2,B,B,B,skip,skip,skip,skip,skip,skip,B,B,B,B,B,B,skip,skip,skip,skip,skip,0.1,radicaleq
889,radicaleq,3,skip,skip,skip,B,skip,skip,skip,skip,skip,skip,skip,skip,skip,skip,skip,B,skip,skip,skip,skip,0.1,radicaleq
889,random3,4,B,B,A,A,B,B,A,A,B,A,A,B,B,B,A,A,A,B,A,A,0.05,radicaleq
889,radicaleq,5,skip,skip,skip,skip,skip,skip,B,skip,skip,skip,skip,skip,skip,skip,skip,skip,B,B,B,B,0.05,radicaleq
889,random3,6,B,A,A,A,B,B,A,B,B,B,B,B,B,B,A,A,A,A,A,B,0.15,radicaleq
890,random3,1,A,A,A,A,A,A,B,B,B,A,B,B,B,B,B,B,A,B,B,A,0.05,radicaleq
890,random3,2,B,B,B,B,B,B,B,B,B,B,B,A,B,B,B,A,A,A,A,A,0.35,radicaleq
890,radicaleq,3,skip,A,A,A,A,A,A,skip,skip,skip,skip,skip,skip,skip,skip,skip,skip,skip,skip,skip,0.05,radicaleq
890,radicaleq,4,skip,skip,skip,skip,skip,skip,skip,A,skip,skip,skip,skip,skip,skip,skip,skip,skip,skip,skip,skip,0.05,radicaleq
890,random3,5,A,A,B,A,A,A,B,B,A,A,A,A,B,A,A,A,B,B,B,B,0.2,radicaleq
890,radicaleq,6,skip,skip,skip,skip,skip,skip,skip,skip,skip,A,A,A,B,B,B,B,B,B,A,A,0.0,radicaleq
891,random3,1,B,B,B,B,B,B,A,A,A,A,A,A,A,A,A,B,B,A,A,A,0.05,random3
891,random3,2,B,B,A,A,A,B,B,B,B,B,B,B,B,B,B,B,B,B,B,B,0.05,random3
891,radicaleq,3,skip,skip,skip,B,A,A,A,A,A,B,B,B,B,B,B,B,B,B,B,B,0.0,random3
891,radicaleq,4,skip,skip,skip,skip,B,B,B,B,B,A,A,A,A,A,A,A,A,A,A,A,0.0,random3
891,radicaleq,5,skip,skip,skip,skip,skip,skip,skip,skip,skip,skip,skip,skip,skip,skip,skip,skip,skip,skip,skip,skip,0.0,random3
891,random3,6,A,A,A,B,A,A,A,A,A,A,A,A,A,A,A,A,A,B,B,B,0.1,random3
892,radicaleq,1,A,B,B,B,A,A,A,skip,skip,skip,skip,skip,skip,skip,skip,skip,skip,skip,skip,skip,0.05,radicaleq
892,random3,2,B,B,B,B,B,B,B,A,A,A,A,A,A,A,A,A,A,B,A,A,0.05,radicaleq
892,radicaleq,3,skip,A,A,A,B,B,B,A,A,A,A,A,A,A,A,A,A,A,A,A,0.0,radicaleq
892,random3,4,A,B,B,B,B,B,B,B,B,B,B,A,B,B,B,B,B,B,B,B,0.05,radicaleq
892,random3,5,A,A,A,A,A,A,B,B,B,B,B,B,B,B,B,B,A,A,A,B,0.05,radicaleq
892,radicaleq,6,skip,skip,skip,skip,skip,skip,skip,skip,skip,skip,skip,skip,skip,skip,skip,skip,skip,B,B,B,0.0,radicaleq
893,radicaleq,1,A,B,skip,skip,skip,skip,skip,skip,skip,skip,skip,skip,skip,skip,skip,skip,skip,skip,skip,skip,0.05,radicaleq
893,radicaleq,2,B,A,B,B,B,B,B,B,B,skip,skip,skip,skip,skip,skip,skip,skip,skip,skip,skip,0.05,radicaleq
893,random3,3,A,A,A,A,A,A,A,A,A,A,B,B,A,A,B,A,B,B,A,A,0.15,radicaleq
893,random3,4,A,A,B,B,B,A,A,A,A,A,A,B,A,A,A,A,A,B,B,B,0.0,radicaleq
893,random3,5,B,A,A,A,B,B,B,B,A,A,A,B,B,B,B,A,A,A,B,B,0.1,radicaleq
893,radicaleq,6,skip,skip,skip,skip,skip,skip,skip,skip,skip,skip,skip,skip,skip,A,A,A,A,A,A,A,0.0,radicaleq
894,radicaleq,1,A,skip,skip,skip,skip,skip,skip,skip,skip,skip,skip,skip,skip,skip,skip,skip,skip,skip,skip,skip,0.05,radicaleq
894,radicaleq,2,B,A,A,A,A,A,A,A,A,A,A,A,A,A,A,A,B,B,A,B,0.0,radicaleq
894,radicaleq,3,skip,B,B,B,B,B,B,B,B,B,B,B,B,B,B,skip,skip,skip,skip,skip,0.05,radicaleq
894,random3,4,B,B,B,A,A,A,A,A,A,A,A,A,B,A,A,A,B,B,B,B,0.05,radicaleq
894,random3,5,B,B,B,B,B,B,B,B,A,A,A,A,A,A,A,A,B,B,A,A,0.0,radicaleq
894,random3,6,B,A,A,A,B,B,B,B,B,B,B,B,B,B,A,A,A,A,A,A,0.1,radicaleq
895,random3,1,A,A,A,A,A,A,A,A,A,A,B,B,B,B,B,A,A,A,A,A,0.05,radicaleq
895,radicaleq,2,B,B,B,B,B,B,A,A,A,A,A,skip,skip,skip,skip,skip,skip,skip,skip,skip,0.05,radicaleq
895,random3,3,A,A,A,A,A,B,B,B,B,B,B,A,A,A,A,A,B,A,A,A,0.05,radicaleq
895,radicaleq,4,skip,skip,skip,skip,skip,skip,skip,skip,skip,skip,skip,B,A,A,A,A,A,A,A,A,0.0,radicaleq
895,radicaleq,5,skip,skip,skip,skip,skip,skip,skip,skip,skip,skip,skip,skip,B,B,B,B,B,B,B,B,0.0,radicaleq
895,random3,6,B,B,B,B,B,B,B,B,B,B,B,B,B,B,A,B,B,B,B,B,0.0,radicaleq
896,radicaleq,1,A,A,A,B,A,A,skip,skip,skip,skip,B,B,B,skip,skip,skip,skip,skip,skip,B,0.1,radicaleq
896,random3,2,B,B,A,B,B,B,B,A,A,B,A,A,A,A,B,A,B,B,B,B,0.2,radicaleq
896,radicaleq,3,skip,skip,skip,skip,skip,B,A,skip,skip,skip,skip,skip,skip,B,skip,skip,skip,skip,skip,skip,0.1,radicaleq
896,radicaleq,4,skip,skip,skip,skip,skip,skip,B,A,A,A,skip,skip,skip,skip,B,B,skip,skip,skip,skip,0.1,radicaleq
896,random3,5,A,A,B,B,A,B,B,B,B,B,B,B,A,A,A,A,B,A,A,A,0.15,radicaleq
896,random3,6,B,B,A,B,A,B,B,B,B,B,B,B,A,A,A,A,A,A,B,B,0.05,radicaleq
897,radicaleq,1,A,B,B,A,A,skip,skip,skip,skip,skip,skip,skip,skip,skip,skip,skip,skip,skip,skip,skip,0.05,radicaleq
897,random3,2,A,A,B,A,B,B,A,A,B,B,B,B,B,B,B,B,A,A,A,A,0.05,radicaleq
897,random3,3,B,B,B,B,B,B,A,A,B,B,A,A,A,A,A,B,B,B,B,B,0.05,radicaleq
897,random3,4,A,A,B,B,B,B,B,B,B,A,A,A,A,A,A,A,A,A,A,B,0.15,radicaleq
897,radicaleq,5,skip,skip,skip,skip,skip,skip,skip,B,B,B,B,B,B,B,B,B,B,B,B,B,0.0,radicaleq
897,radicaleq,6,skip,skip,skip,skip,skip,skip,skip,skip,skip,skip,skip,skip,skip,skip,skip,skip,skip,skip,skip,skip,0.0,radicaleq
898,random3,1,B,B,B,B,A,A,B,B,B,A,A,A,A,A,A,A,B,B,B,B,0.15,radicaleq
898,radicaleq,2,B,B,B,B,B,skip,skip,skip,skip,skip,skip,skip,skip,skip,skip,skip,skip,skip,skip,skip,0.05,radicaleq
898,random3,3,B,B,B,B,A,A,A,B,B,B,B,B,B,A,A,A,A,A,B,B,0.05,radicaleq
898,random3,4,B,A,A,A,A,A,A,B,B,A,A,B,B,B,B,B,B,A,A,A,0.15,radicaleq
898,radicaleq,5,skip,skip,skip,skip,skip,skip,skip,B,B,B,B,B,B,B,B,B,B,A,A,A,0.0,radicaleq
898,radicaleq,6,skip,skip,skip,skip,skip,skip,skip,skip,skip,skip,skip,skip,skip,skip,skip,skip,skip,B,B,B,0.0,radicaleq
899,random3,1,B,B,A,A,A,B,B,B,B,B,B,B,B,B,B,A,A,A,A,A,0.05,radicaleq
899,random3,2,B,B,B,B,B,B,B,A,A,A,A,A,A,A,A,A,A,A,A,B,0.05,radicaleq
899,random3,3,A,A,A,B,B,B,A,A,A,A,A,A,A,A,A,B,B,B,B,B,0.1,radicaleq
899,radicaleq,4,skip,skip,skip,B,A,A,skip,skip,skip,skip,skip,skip,skip,skip,skip,skip,skip,skip,skip,skip,0.05,radicaleq
899,radicaleq,5,skip,skip,skip,skip,B,B,A,A,A,A,A,A,A,A,A,B,B,B,B,B,0.0,radicaleq
899,radicaleq,6,skip,skip,skip,skip,skip,skip,B,B,B,B,B,B,B,B,B,A,A,A,A,A,0.0,radicaleq
900,radicaleq,1,A,A,A,A,A,A,A,A,A,A,A,A,A,A,A,A,A,A,A,B,0.0,radicaleq
900,radicaleq,2,B,B,B,B,B,B,B,B,B,B,B,B,B,B,B,B,B,B,B,skip,0.05,radicaleq
900,random3,3,B,B,B,B,A,A,B,B,B,B,B,B,B,B,B,B,B,B,A,B,0.0,radicaleq
900,random3,4,B,B,B,B,B,B,B,B,B,B,B,A,A,A,A,A,A,A,A,A,0.05,radicaleq
900,radicaleq,5,skip,skip,skip,skip,skip,skip,skip,skip,skip,skip,skip,skip,skip,skip,skip,skip,skip,skip,skip,skip,0.0,radicaleq
900,random3,6,A,A,A,A,A,A,A,A,A,A,A,A,A,A,B,A,A,A,A,B,0.0,radicaleq
901,radicaleq,1,A,skip,skip,A,skip,skip,A,skip,skip,A,skip,skip,A,skip,skip,A,skip,skip,A,skip,0.35,draw
901,radicaleq,2,B,skip,skip,B,skip,skip,B,skip,skip,B,skip,skip,B,skip,skip,B,skip,skip,B,skip,0.35,draw
901,radicaleq,3,skip,A,skip,skip,A,skip,skip,A,skip,skip,A,skip,skip,A,skip,skip,A,skip,skip,A,0.35,draw
901,radicaleq,4,skip,B,skip,skip,B,skip,skip,B,skip,skip,B,skip,skip,B,skip,skip,B,skip,skip,B,0.35,draw
901,radicaleq,5,skip,skip,A,skip,skip,A,skip,skip,A,skip,skip,A,skip,skip,A,skip,skip,A,skip,skip,0.3,draw
901,radicaleq,6,skip,skip,B,skip,skip,B,skip,skip,B,skip,skip,B,skip,skip,B,skip,skip,B,skip,skip,0.3,draw
902,radicaleq,1,A,skip,skip,A,skip,skip,A,skip,skip,A,skip,skip,A,skip,skip,A,skip,skip,A,skip,0.35,draw
902,radicaleq,2,B,skip,skip,B,skip,skip,B,skip,skip,B,skip,skip,B,skip,skip,B,skip,skip,B,skip,0.35,draw
902,radicaleq,3,skip,A,skip,skip,A,skip,skip,A,skip,skip,A,skip,skip,A,skip,skip,A,skip,skip,A,0.35,draw
902,radicaleq,4,skip,B,skip,skip,B,skip,skip,B,skip,skip,B,skip,skip,B,skip,skip,B,skip,skip,B,0.35,draw
902,radicaleq,5,skip,skip,A,skip,skip,A,skip,skip,A,skip,skip,A,skip,skip,A,skip,skip,A,skip,skip,0.3,draw
902,radicaleq,6,skip,skip,B,skip,skip,B,skip,skip,B,skip,skip,B,skip,skip,B,skip,skip,B,skip,skip,0.3,draw
903,radicaleq,1,A,skip,skip,A,skip,skip,A,skip,skip,A,skip,skip,A,skip,skip,A,skip,skip,A,skip,0.35,draw
903,radicaleq,2,B,skip,skip,B,skip,skip,B,skip,skip,B,skip,skip,B,skip,skip,B,skip,skip,B,skip,0.35,draw
903,radicaleq,3,skip,A,skip,skip,A,skip,skip,A,skip,skip,A,skip,skip,A,skip,skip,A,skip,skip,A,0.35,draw
903,radicaleq,4,skip,B,skip,skip,B,skip,skip,B,skip,skip,B,skip,skip,B,skip,skip,B,skip,skip,B,0.35,draw
903,radicaleq,5,skip,skip,A,skip,skip,A,skip,skip,A,skip,skip,A,skip,skip,A,skip,skip,A,skip,skip,0.3,draw
903,radicaleq,6,skip,skip,B,skip,skip,B,skip,skip,B,skip,skip,B,skip,skip,B,skip,skip,B,skip,skip,0.3,draw
904,radicaleq,1,A,skip,skip,A,skip,skip,A,skip,skip,A,skip,skip,A,skip,skip,A,skip,skip,A,skip,0.35,draw
904,radicaleq,2,B,skip,skip,B,skip,skip,B,skip,skip,B,skip,skip,B,skip,skip,B,skip,skip,B,skip,0.35,draw
904,radicaleq,3,skip,A,skip,skip,A,skip,skip,A,skip,skip,A,skip,skip,A,skip,skip,A,skip,skip,A,0.35,draw
904,radicaleq,4,skip,B,skip,skip,B,skip,skip,B,skip,skip,B,skip,skip,B,skip,skip,B,skip,skip,B,0.35,draw
904,radicaleq,5,skip,skip,A,skip,skip,A,skip,skip,A,skip,skip,A,skip,skip,A,skip,skip,A,skip,skip,0.3,draw
904,radicaleq,6,skip,skip,B,skip,skip,B,skip,skip,B,skip,skip,B,skip,skip,B,skip,skip,B,skip,skip,0.3,draw
905,radicaleq,1,A,skip,skip,A,skip,skip,A,skip,skip,A,skip,skip,A,skip,skip,A,skip,skip,A,skip,0.35,draw
905,radicaleq,2,B,skip,skip,B,skip,skip,B,skip,skip,B,skip,skip,B,skip,skip,B,skip,skip,B,skip,0.35,draw
905,radicaleq,3,skip,A,skip,skip,A,skip,skip,A,skip,skip,A,skip,skip,A,skip,skip,A,skip,skip,A,0.35,draw
905,radicaleq,4,skip,B,skip,skip,B,skip,skip,B,skip,skip,B,skip,skip,B,skip,skip,B,skip,skip,B,0.35,draw
905,radicaleq,5,skip,skip,A,skip,skip,A,skip,skip,A,skip,skip,A,skip,skip,A,skip,skip,A,skip,skip,0.3,draw
905,radicaleq,6,skip,skip,B,skip,skip,B,skip,skip,B,skip,skip,B,skip,skip,B,skip,skip,B,skip,skip,0.3,draw
906,radicaleq,1,A,skip,skip,A,skip,skip,A,skip,skip,A,skip,skip,A,skip,skip,A,skip,skip,A,skip,0.35,draw
906,radicaleq,2,B,skip,skip,B,skip,skip,B,skip,skip,B,skip,skip,B,skip,skip,B,skip,skip,B,skip,0.35,draw
906,radicaleq,3,skip,A,skip,skip,A,skip,skip,A,skip,skip,A,skip,skip,A,skip,skip,A,skip,skip,A,0.35,draw
906,radicaleq,4,skip,B,skip,skip,B,skip,skip,B,skip,skip,B,skip,skip,B,skip,skip,B,skip,skip,B,0.35,draw
906,radicaleq,5,skip,skip,A,skip,skip,A,skip,skip,A,skip,skip,A,skip,skip,A,skip,skip,A,skip,skip,0.3,draw
906,radicaleq,6,skip,skip,B,skip,skip,B,skip,skip,B,skip,skip,B,skip,skip,B,skip,skip,B,skip,skip,0.3,draw
907,radicaleq,1,A,skip,skip,A,skip,skip,A,skip,skip,A,skip,skip,A,skip,skip,A,skip,skip,A,skip,0.35,draw
907,radicaleq,2,B,skip,skip,B,skip,skip,B,skip,skip,B,skip,skip,B,skip,skip,B,skip,skip,B,skip,0.35,draw
907,radicaleq,3,skip,A,skip,skip,A,skip,skip,A,skip,skip,A,skip,skip,A,skip,skip,A,skip,skip,A,0.35,draw
907,radicaleq,4,skip,B,skip,skip,B,skip,skip,B,skip,skip,B,skip,skip,B,skip,skip,B,skip,skip,B,0.35,draw
907,radicaleq,5,skip,skip,A,skip,skip,A,skip,skip,A,skip,skip,A,skip,skip,A,skip,skip,A,skip,skip,0.3,draw
907,radicaleq,6,skip,skip,B,skip,skip,B,skip,skip,B,skip,skip,B,skip,skip,B,skip,skip,B,skip,skip,0.3,draw
908,radicaleq,1,A,skip,skip,A,skip,skip,A,skip,skip,A,skip,skip,A,skip,skip,A,skip,skip,A,skip,0.35,draw
908,radicaleq,2,B,skip,skip,B,skip,skip,B,skip,skip,B,skip,skip,B,skip,skip,B,skip,skip,B,skip,0.35,draw
908,radicaleq,3,skip,A,skip,skip,A,skip,skip,A,skip,skip,A,skip,skip,A,skip,skip,A,skip,skip,A,0.35,draw
908,radicaleq,4,skip,B,skip,skip,B,skip,skip,B,skip,skip,B,skip,skip,B,skip,skip,B,skip,skip,B,0.35,draw
908,radicaleq,5,skip,skip,A,skip,skip,A,skip,skip,A,skip,skip,A,skip,skip,A,skip,skip,A,skip,skip,0.3,draw
908,radicaleq,6,skip,skip,B,skip,skip,B,skip,skip,B,skip,skip,B,skip,skip,B,skip,skip,B,skip,skip,0.3,draw
909,radicaleq,1,A,skip,skip,A,skip,skip,A,skip,skip,A,skip,skip,A,skip,skip,A,skip,skip,A,skip,0.35,draw
909,radicaleq,2,B,skip,skip,B,skip,skip,B,skip,skip,B,skip,skip,B,skip,skip,B,skip,skip,B,skip,0.35,draw
909,radicaleq,3,skip,A,skip,skip,A,skip,skip,A,skip,skip,A,skip,skip,A,skip,skip,A,skip,skip,A,0.35,draw
909,radicaleq,4,skip,B,skip,skip,B,skip,skip,B,skip,skip,B,skip,skip,B,skip,skip,B,skip,skip,B,0.35,draw
909,radicaleq,5,skip,skip,A,skip,skip,A,skip,skip,A,skip,skip,A,skip,skip,A,skip,skip,A,skip,skip,0.3,draw
909,radicaleq,6,skip,skip,B,skip,skip,B,skip,skip,B,skip,skip,B,skip,skip,B,skip,skip,B,skip,skip,0.3,draw
910,radicaleq,1,A,skip,skip,A,skip,skip,A,skip,skip,A,skip,skip,A,skip,skip,A,skip,skip,A,skip,0.35,draw
910,radicaleq,2,B,skip,skip,B,skip,skip,B,skip,skip,B,skip,skip,B,skip,skip,B,skip,skip,B,skip,0.35,draw
910,radicaleq,3,skip,A,skip,skip,A,skip,skip,A,skip,skip,A,skip,skip,A,skip,skip,A,skip,skip,A,0.35,draw
910,radicaleq,4,skip,B,skip,skip,B,skip,skip,B,skip,skip,B,skip,skip,B,skip,skip,B,skip,skip,B,0.35,draw
910,radicaleq,5,skip,skip,A,skip,skip,A,skip,skip,A,skip,skip,A,skip,skip,A,skip,skip,A,skip,skip,0.3,draw
910,radicaleq,6,skip,skip,B,skip,skip,B,skip,skip,B,skip,skip,B,skip,skip,B,skip,skip,B,skip,skip,0.3,draw
911,radicaleq,1,A,skip,skip,A,skip,skip,A,skip,skip,A,skip,skip,A,skip,skip,A,skip,skip,A,skip,0.35,draw
911,radicaleq,2,B,skip,skip,B,skip,skip,B,skip,skip,B,skip,skip,B,skip,skip,B,skip,skip,B,skip,0.35,draw
911,radicaleq,3,skip,A,skip,skip,A,skip,skip,A,skip,skip,A,skip,skip,A,skip,skip,A,skip,skip,A,0.35,draw
911,radicaleq,4,skip,B,skip,skip,B,skip,skip,B,skip,skip,B,skip,skip,B,skip,skip,B,skip,skip,B,0.35,draw
911,radicaleq,5,skip,skip,A,skip,skip,A,skip,skip,A,skip,skip,A,skip,skip,A,skip,skip,A,skip,skip,0.3,draw
911,radicaleq,6,skip,skip,B,skip,skip,B,skip,skip,B,skip,skip,B,skip,skip,B,skip,skip,B,skip,skip,0.3,draw
912,radicaleq,1,A,skip,skip,A,skip,skip,A,skip,skip,A,skip,skip,A,skip,skip,A,skip,skip,A,skip,0.35,draw
912,radicaleq,2,B,skip,skip,B,skip,skip,B,skip,skip,B,skip,skip,B,skip,skip,B,skip,skip,B,skip,0.35,draw
912,radicaleq,3,skip,A,skip,skip,A,skip,skip,A,skip,skip,A,skip,skip,A,skip,skip,A,skip,skip,A,0.35,draw
912,radicaleq,4,skip,B,skip,skip,B,skip,skip,B,skip,skip,B,skip,skip,B,skip,skip,B,skip,skip,B,0.35,draw
912,radicaleq,5,skip,skip,A,skip,skip,A,skip,skip,A,skip,skip,A,skip,skip,A,skip,skip,A,skip,skip,0.3,draw
912,radicaleq,6,skip,skip,B,skip,skip,B,skip,skip,B,skip,skip,B,skip,skip,B,skip,skip,B,skip,skip,0.3,draw
913,radicaleq,1,A,skip,skip,A,skip,skip,A,skip,skip,A,skip,skip,A,skip,skip,A,skip,skip,A,skip,0.35,draw
913,radicaleq,2,B,skip,skip,B,skip,skip,B,skip,skip,B,skip,skip,B,skip,skip,B,skip,skip,B,skip,0.35,draw
913,radicaleq,3,skip,A,skip,skip,A,skip,skip,A,skip,skip,A,skip,skip,A,skip,skip,A,skip,skip,A,0.35,draw
913,radicaleq,4,skip,B,skip,skip,B,skip,skip,B,skip,skip,B,skip,skip,B,skip,skip,B,skip,skip,B,0.35,draw
913,radicaleq,5,skip,skip,A,skip,skip,A,skip,skip,A,skip,skip,A,skip,skip,A,skip,skip,A,skip,skip,0.3,draw
913,radicaleq,6,skip,skip,B,skip,skip,B,skip,skip,B,skip,skip,B,skip,skip,B,skip,skip,B,skip,skip,0.3,draw
914,radicaleq,1,A,skip,skip,A,skip,skip,A,skip,skip,A,skip,skip,A,skip,skip,A,skip,skip,A,skip,0.35,draw
914,radicaleq,2,B,skip,skip,B,skip,skip,B,skip,skip,B,skip,skip,B,skip,skip,B,skip,skip,B,skip,0.35,draw
914,radicaleq,3,skip,A,skip,skip,A,skip,skip,A,skip,skip,A,skip,skip,A,skip,skip,A,skip,skip,A,0.35,draw
914,radicaleq,4,skip,B,skip,skip,B,skip,skip,B,skip,skip,B,skip,skip,B,skip,skip,B,skip,skip,B,0.35,draw
914,radicaleq,5,skip,skip,A,skip,skip,A,skip,skip,A,skip,skip,A,skip,skip,A,skip,skip,A,skip,skip,0.3,draw
914,radicaleq,6,skip,skip,B,skip,skip,B,skip,skip,B,skip,skip,B,skip,skip,B,skip,skip,B,skip,skip,0.3,draw
915,radicaleq,1,A,skip,skip,A,skip,skip,A,skip,skip,A,skip,skip,A,skip,skip,A,skip,skip,A,skip,0.35,draw
915,radicaleq,2,B,skip,skip,B,skip,skip,B,skip,skip,B,skip,skip,B,skip,skip,B,skip,skip,B,skip,0.35,draw
915,radicaleq,3,skip,A,skip,skip,A,skip,skip,A,skip,skip,A,skip,skip,A,skip,skip,A,skip,skip,A,0.35,draw
915,radicaleq,4,skip,B,skip,skip,B,skip,skip,B,skip,skip,B,skip,skip,B,skip,skip,B,skip,skip,B,0.35,draw
915,radicaleq,5,skip,skip,A,skip,skip,A,skip,skip,A,skip,skip,A,skip,skip,A,skip,skip,A,skip,skip,0.3,draw
915,radicaleq,6,skip,skip,B,skip,skip,B,skip,skip,B,skip,skip,B,skip,skip,B,skip,skip,B,skip,skip,0.3,draw
916,radicaleq,1,A,skip,skip,A,skip,skip,A,skip,skip,A,skip,skip,A,skip,skip,A,skip,skip,A,skip,0.35,draw
916,radicaleq,2,B,skip,skip,B,skip,skip,B,skip,skip,B,skip,skip,B,skip,skip,B,skip,skip,B,skip,0.35,draw
916,radicaleq,3,skip,A,skip,skip,A,skip,skip,A,skip,skip,A,skip,skip,A,skip,skip,A,skip,skip,A,0.35,draw
916,radicaleq,4,skip,B,skip,skip,B,skip,skip,B,skip,skip,B,skip,skip,B,skip,skip,B,skip,skip,B,0.35,draw
916,radicaleq,5,skip,skip,A,skip,skip,A,skip,skip,A,skip,skip,A,skip,skip,A,skip,skip,A,skip,skip,0.3,draw
916,radicaleq,6,skip,skip,B,skip,skip,B,skip,skip,B,skip,skip,B,skip,skip,B,skip,skip,B,skip,skip,0.3,draw
917,radicaleq,1,A,skip,skip,A,skip,skip,A,skip,skip,A,skip,skip,A,skip,skip,A,skip,skip,A,skip,0.35,draw
917,radicaleq,2,B,skip,skip,B,skip,skip,B,skip,skip,B,skip,skip,B,skip,skip,B,skip,skip,B,skip,0.35,draw
917,radicaleq,3,skip,A,skip,skip,A,skip,skip,A,skip,skip,A,skip,skip,A,skip,skip,A,skip,skip,A,0.35,draw
917,radicaleq,4,skip,B,skip,skip,B,skip,skip,B,skip,skip,B,skip,skip,B,skip,skip,B,skip,skip,B,0.35,draw
917,radicaleq,5,skip,skip,A,skip,skip,A,skip,skip,A,skip,skip,A,skip,skip,A,skip,skip,A,skip,skip,0.3,draw
917,radicaleq,6,skip,skip,B,skip,skip,B,skip,skip,B,skip,skip,B,skip,skip,B,skip,skip,B,skip,skip,0.3,draw
918,radicaleq,1,A,skip,skip,A,skip,skip,A,skip,skip,A,skip,skip,A,skip,skip,A,skip,skip,A,skip,0.35,draw
918,radicaleq,2,B,skip,skip,B,skip,skip,B,skip,skip,B,skip,skip,B,skip,skip,B,skip,skip,B,skip,0.35,draw
918,radicaleq,3,skip,A,skip,skip,A,skip,skip,A,skip,skip,A,skip,skip,A,skip,skip,A,skip,skip,A,0.35,draw
918,radicaleq,4,skip,B,skip,skip,B,skip,skip,B,skip,skip,B,skip,skip,B,skip,skip,B,skip,skip,B,0.35,draw
918,radicaleq,5,skip,skip,A,skip,skip,A,skip,skip,A,skip,skip,A,skip,skip,A,skip,skip,A,skip,skip,0.3,draw
918,radicaleq,6,skip,skip,B,skip,skip,B,skip,skip,B,skip,skip,B,skip,skip,B,skip,skip,B,skip,skip,0.3,draw
919,radicaleq,1,A,skip,skip,A,skip,skip,A,skip,skip,A,skip,skip,A,skip,skip,A,skip,skip,A,skip,0.35,draw
919,radicaleq,2,B,skip,skip,B,skip,skip,B,skip,skip,B,skip,skip,B,skip,skip,B,skip,skip,B,skip,0.35,draw
919,radicaleq,3,skip,A,skip,skip,A,skip,skip,A,skip,skip,A,skip,skip,A,skip,skip,A,skip,skip,A,0.35,draw
919,radicaleq,4,skip,B,skip,skip,B,skip,skip,B,skip,skip,B,skip,skip,B,skip,skip,B,skip,skip,B,0.35,draw
919,radicaleq,5,skip,skip,A,skip,skip,A,skip,skip,A,skip,skip,A,skip,skip,A,skip,skip,A,skip,skip,0.3,draw
919,radicaleq,6,skip,skip,B,skip,skip,B,skip,skip,B,skip,skip,B,skip,skip,B,skip,skip,B,skip,skip,0.3,draw
920,radicaleq,1,A,skip,skip,A,skip,skip,A,skip,skip,A,skip,skip,A,skip,skip,A,skip,skip,A,skip,0.35,draw
920,radicaleq,2,B,skip,skip,B,skip,skip,B,skip,skip,B,skip,skip,B,skip,skip,B,skip,skip,B,skip,0.35,draw
920,radicaleq,3,skip,A,skip,skip,A,skip,skip,A,skip,skip,A,skip,skip,A,skip,skip,A,skip,skip,A,0.35,draw
920,radicaleq,4,skip,B,skip,skip,B,skip,skip,B,skip,skip,B,skip,skip,B,skip,skip,B,skip,skip,B,0.35,draw
920,radicaleq,5,skip,skip,A,skip,skip,A,skip,skip,A,skip,skip,A,skip,skip,A,skip,skip,A,skip,skip,0.3,draw
920,radicaleq,6,skip,skip,B,skip,skip,B,skip,skip,B,skip,skip,B,skip,skip,B,skip,skip,B,skip,skip,0.3,draw
921,random,1,A,A,skip,A,B,B,B,B,B,B,A,skip,A,B,B,A,B,A,skip,A,0.25,random
921,rotate0,2,B,B,B,B,B,B,B,B,B,B,B,B,B,B,B,B,B,B,B,B,0.15,random
921,random,3,skip,B,skip,A,skip,A,skip,skip,B,skip,skip,B,skip,A,B,B,A,B,B,skip,0.1,random
921,rotate0,4,skip,skip,skip,skip,skip,skip,skip,skip,skip,skip,skip,skip,skip,skip,skip,skip,skip,skip,skip,skip,0.0,random
921,random,5,skip,A,A,B,A,skip,B,A,A,B,A,skip,B,skip,B,skip,A,skip,A,B,0.25,random
921,rotate0,6,skip,skip,skip,skip,skip,skip,skip,skip,skip,skip,skip,skip,skip,skip,skip,skip,skip,skip,skip,skip,0.0,random
922,random,1,skip,A,skip,B,skip,A,B,B,skip,B,skip,A,B,A,B,B,B,A,skip,A,0.15,draw
922,rotate0,2,B,B,B,B,B,B,B,B,B,B,B,B,B,B,B,B,B,B,B,B,0.25,draw
922,rotate0,3,skip,skip,skip,skip,skip,skip,skip,skip,skip,skip,skip,skip,skip,skip,skip,skip,skip,skip,skip,skip,0.0,draw
922,random,4,skip,skip,skip,B,A,skip,A,B,skip,A,B,B,B,B,A,B,A,B,B,A,0.1,draw
922,rotate0,5,skip,skip,skip,skip,skip,skip,skip,skip,skip,skip,skip,skip,skip,skip,skip,skip,skip,skip,skip,skip,0.0,draw
922,random,6,skip,B,B,skip,A,skip,A,B,skip,A,B,A,B,A,skip,skip,B,B,B,skip,0.0,draw
923,rotate0,1,A,A,A,A,A,A,A,A,A,A,A,A,A,A,A,A,A,A,A,A,0.4,rotate0
923,rotate0,2,B,B,B,B,B,B,B,B,B,B,B,B,B,B,B,B,B,B,B,B,0.3,rotate0
923,rotate0,3,skip,skip,skip,skip,skip,skip,skip,skip,skip,skip,skip,skip,skip,skip,skip,skip,skip,skip,skip,skip,0.0,rotate0
923,random,4,skip,A,A,skip,skip,A,skip,skip,A,B,B,B,B,skip,skip,B,A,A,B,A,0.0,rotate0
923,random,5,skip,A,A,skip,A,skip,skip,B,B,B,skip,skip,B,skip,B,A,skip,skip,A,B,0.0,rotate0
923,random,6,B,B,skip,skip,skip,B,A,skip,A,skip,skip,skip,B,A,skip,skip,skip,B,skip,skip,0.0,rotate0
924,rotate0,1,A,A,A,A,A,A,A,A,A,A,A,A,A,A,A,A,A,A,A,A,0.35,random
924,random,2,skip,B,B,skip,B,A,A,B,A,skip,skip,B,skip,A,skip,skip,skip,B,A,skip,0.1,random
924,rotate0,3,skip,skip,skip,skip,skip,skip,skip,skip,skip,skip,skip,skip,skip,skip,skip,skip,skip,skip,skip,skip,0.0,random
924,rotate0,4,skip,skip,skip,skip,skip,skip,skip,skip,skip,skip,skip,skip,skip,skip,skip,skip,skip,skip,skip,skip,0.0,random
924,random,5,skip,skip,skip,skip,skip,skip,B,A,B,A,B,A,B,skip,skip,A,B,B,skip,B,0.15,random
924,random,6,B,A,B,A,B,A,B,B,B,skip,skip,A,skip,B,A,A,skip,A,B,B,0.15,random
925,rotate0,1,A,A,A,A,A,A,A,A,A,A,A,A,A,A,A,A,A,A,A,A,0.35,rotate0
925,rotate0,2,B,B,B,B,B,B,B,B,B,B,B,B,B,B,B,B,B,B,B,B,0.5,rotate0
925,random,3,B,skip,skip,B,skip,B,A,skip,A,A,B,skip,skip,skip,A,A,B,B,A,B,0.0,rotate0
925,random,4,B,A,skip,B,skip,A,skip,skip,skip,B,skip,skip,skip,skip,skip,A,B,skip,skip,B,0.0,rotate0
925,rotate0,5,skip,skip,skip,skip,skip,skip,skip,skip,skip,skip,skip,skip,skip,skip,skip,skip,skip,skip,skip,skip,0.0,rotate0
925,random,6,B,skip,skip,B,A,skip,B,skip,skip,A,A,A,A,skip,B,A,A,B,A,B,0.0,rotate0
926,random,1,skip,A,B,B,skip,skip,B,skip,B,B,skip,A,B,skip,skip,A,B,A,A,B,0.2,random
926,random,2,B,skip,A,B,B,skip,skip,skip,A,B,B,A,A,A,B,skip,B,B,A,A,0.45,random
926,rotate0,3,skip,skip,skip,skip,skip,skip,skip,skip,skip,skip,skip,skip,skip,skip,skip,skip,skip,skip,skip,skip,0.0,random
926,random,4,skip,A,B,skip,A,A,skip,A,B,skip,skip,skip,A,B,skip,B,B,skip,skip,B,0.25,random
926,rotate0,5,skip,skip,skip,skip,skip,skip,skip,skip,skip,skip,skip,skip,skip,skip,skip,skip,skip,skip,skip,skip,0.0,random
926,rotate0,6,skip,skip,skip,skip,skip,skip,skip,skip,skip,skip,skip,skip,skip,skip,skip,skip,skip,skip,skip,skip,0.0,random
927,random,1,B,skip,A,B,B,B,skip,skip,skip,skip,B,B,B,skip,B,B,A,A,B,skip,0.25,random
927,random,2,skip,skip,A,B,B,A,B,skip,skip,A,skip,skip,A,B,B,B,A,A,A,A,0.15,random
927,rotate0,3,skip,skip,skip,skip,skip,skip,skip,skip,skip,skip,skip,skip,skip,skip,skip,skip,skip,skip,skip,skip,0.0,random
927,rotate0,4,skip,skip,skip,skip,skip,skip,skip,skip,skip,skip,skip,skip,skip,skip,skip,skip,skip,skip,skip,skip,0.0,random
927,rotate0,5,skip,skip,skip,skip,skip,skip,skip,skip,skip,skip,skip,skip,skip,skip,skip,skip,skip,skip,skip,skip,0.0,random
927,random,6,A,skip,skip,A,A,A,B,A,skip,skip,skip,A,B,B,skip,A,B,B,skip,A,0.4,random
928,random,1,B,B,A,A,B,B,B,B,B,A,B,skip,A,A,skip,skip,A,A,B,A,0.15,random
928,rotate0,2,B,B,B,B,B,B,B,B,B,B,B,B,B,B,B,B,B,B,B,B,0.2,random
928,rotate0,3,skip,skip,skip,skip,skip,skip,skip,skip,skip,skip,skip,skip,skip,skip,skip,skip,skip,skip,skip,skip,0.0,random
928,rotate0,4,skip,skip,skip,skip,skip,skip,skip,skip,skip,skip,skip,skip,skip,skip,skip,skip,skip,skip,skip,skip,0.0,random
928,random,5,A,skip,B,B,A,B,B,A,A,A,skip,B,B,B,skip,B,A,A,skip,A,0.1,random
928,random,6,skip,skip,B,B,A,B,A,skip,A,skip,skip,B,A,skip,skip,A,skip,B,B,skip,0.1,random
929,rotate0,1,A,A,A,A,A,A,A,A,A,A,A,A,A,A,A,A,A,A,A,A,0.2,random
929,random,2,B,A,A,A,skip,A,B,B,A,skip,B,B,A,B,A,A,B,skip,skip,A,0.15,random
929,rotate0,3,skip,skip,skip,skip,skip,skip,skip,skip,skip,skip,skip,skip,skip,skip,skip,skip,skip,skip,skip,skip,0.0,random
929,random,4,A,B,skip,skip,B,B,A,A,A,B,B,skip,skip,skip,B,skip,B,A,B,A,0.3,random
929,random,5,A,A,skip,skip,A,A,B,B,skip,A,skip,skip,A,A,skip,A,B,B,skip,A,0.05,random
929,rotate0,6,skip,skip,skip,skip,skip,skip,skip,skip,skip,skip,skip,skip,skip,skip,skip,skip,skip,skip,skip,skip,0.0,random
930,rotate0,1,A,A,A,A,A,A,A,A,A,A,A,A,A,A,A,A,A,A,A,A,0.25,random
930,random,2,B,A,A,skip,B,skip,B,skip,B,A,skip,B,B,B,A,A,B,B,B,A,0.2,random
930,random,3,skip,skip,skip,skip,skip,skip,B,A,B,A,A,B,A,A,B,skip,A,B,B,B,0.1,random
930,rotate0,4,skip,skip,skip,skip,skip,skip,skip,skip,skip,skip,skip,skip,skip,skip,skip,skip,skip,skip,skip,skip,0.0,random
930,random,5,B,B,A,skip,skip,skip,A,skip,A,B,A,A,A,skip,A,B,skip,A,B,skip,0.15,random
930,rotate0,6,skip,skip,skip,skip,skip,skip,skip,skip,skip,skip,skip,skip,skip,skip,skip,skip,skip,skip,skip,skip,0.0,random
931,rotate0,1,A,A,A,A,A,A,A,A,A,A,A,A,A,A,A,A,A,A,A,A,0.7,rotate0
931,rotate0,2,B,B,B,B,B,B,B,B,B,B,B,B,B,B,B,B,B,B,B,B,0.15,rotate0
931,random,3,skip,B,B,A,A,B,skip,skip,B,skip,B,B,skip,skip,B,A,B,B,A,B,0.0,rotate0
931,random,4,B,B,skip,skip,A,skip,skip,skip,skip,B,skip,B,skip,skip,skip,skip,B,B,skip,B,0.0,rotate0
931,random,5,B,skip,B,B,B,B,skip,B,B,A,B,B,skip,B,B,B,skip,skip,A,A,0.0,rotate0
931,rotate0,6,skip,skip,skip,skip,skip,skip,skip,skip,skip,skip,skip,skip,skip,skip,skip,skip,skip,skip,skip,skip,0.0,rotate0
932,random,1,A,A,A,B,skip,A,B,A,skip,A,skip,B,skip,A,skip,A,A,skip,A,skip,0.25,random
932,rotate0,2,B,B,B,B,B,B,B,B,B,B,B,B,B,B,B,B,B,B,B,B,0.25,random
932,random,3,B,skip,A,A,A,B,B,skip,B,skip,skip,skip,A,skip,B,B,B,B,B,skip,0.15,random
932,rotate0,4,skip,skip,skip,skip,skip,skip,skip,skip,skip,skip,skip,skip,skip,skip,skip,skip,skip,skip,skip,skip,0.0,random
932,rotate0,5,skip,skip,skip,skip,skip,skip,skip,skip,skip,skip,skip,skip,skip,skip,skip,skip,skip,skip,skip,skip,0.0,random
932,random,6,skip,A,skip,B,B,skip,skip,B,B,B,B,A,skip,A,B,A,A,skip,B,skip,0.05,random
933,random,1,A,B,skip,A,B,skip,skip,B,skip,skip,A,skip,B,skip,A,B,B,B,A,B,0.1,random
933,rotate0,2,B,B,B,B,B,B,B,B,B,B,B,B,B,B,B,B,B,B,B,B,0.2,random
933,random,3,B,A,B,A,skip,B,A,skip,A,skip,B,skip,B,A,skip,A,A,A,A,B,0.25,random
933,random,4,skip,B,skip,B,A,A,skip,A,A,B,A,B,B,skip,B,B,B,A,skip,skip,0.15,random
933,rotate0,5,skip,skip,skip,skip,skip,skip,skip,skip,skip,skip,skip,skip,skip,skip,skip,skip,skip,skip,skip,skip,0.0,random
933,rotate0,6,skip,skip,skip,skip,skip,skip,skip,skip,skip,skip,skip,skip,skip,skip,skip,skip,skip,skip,skip,skip,0.0,random
934,random,1,skip,A,A,A,B,skip,A,A,skip,B,skip,A,A,B,skip,A,B,skip,B,skip,0.3,random
934,random,2,skip,B,skip,A,A,skip,B,skip,A,A,A,skip,skip,skip,skip,A,A,A,skip,A,0.15,random
934,rotate0,3,skip,skip,skip,skip,skip,skip,skip,skip,skip,skip,skip,skip,skip,skip,skip,skip,skip,skip,skip,skip,0.0,random
934,rotate0,4,skip,skip,skip,skip,skip,skip,skip,skip,skip,skip,skip,skip,skip,skip,skip,skip,skip,skip,skip,skip,0.0,random
934,random,5,skip,A,A,skip,A,skip,B,B,B,A,skip,B,A,B,A,B,A,A,B,A,0.25,random
934,rotate0,6,skip,skip,skip,skip,skip,skip,skip,skip,skip,skip,skip,skip,skip,skip,skip,skip,skip,skip,skip,skip,0.0,random
935,rotate0,1,A,A,A,A,A,A,A,A,A,A,A,A,A,A,A,A,A,A,A,A,0.25,random
935,random,2,B,A,B,B,A,A,skip,skip,B,skip,A,B,A,skip,skip,B,A,skip,B,B,0.3,random
935,rotate0,3,skip,skip,skip,skip,skip,skip,skip,skip,skip,skip,skip,skip,skip,skip,skip,skip,skip,skip,skip,skip,0.0,random
935,random,4,A,skip,skip,skip,B,skip,A,B,skip,skip,B,B,A,A,skip,A,B,skip,skip,A,0.05,random
935,rotate0,5,skip,skip,skip,skip,skip,skip,skip,skip,skip,skip,skip,skip,skip,skip,skip,skip,skip,skip,skip,skip,0.0,random
935,random,6,A,skip,A,A,B,skip,A,B,skip,A,A,skip,A,skip,A,B,B,B,skip,A,0.05,random
936,rotate0,1,A,A,A,A,A,A,A,A,A,A,A,A,A,A,A,A,A,A,A,A,0.4,random
936,random,2,A,B,A,B,B,A,skip,B,skip,B,B,B,A,A,skip,skip,A,skip,B,A,0.25,random
936,random,3,skip,B,B,A,skip,A,A,B,B,B,skip,A,skip,A,B,skip,B,B,skip,B,0.2,random
936,rotate0,4,skip,skip,skip,skip,skip,skip,skip,skip,skip,skip,skip,skip,skip,skip,skip,skip,skip,skip,skip,skip,0.0,random
936,rotate0,5,skip,skip,skip,skip,skip,skip,skip,skip,skip,skip,skip,skip,skip,skip,skip,skip,skip,skip,skip,skip,0.0,random
936,random,6,B,B,A,skip,A,B,B,skip,skip,skip,skip,skip,A,B,skip,A,B,B,skip,skip,0.2,random
937,random,1,A,B,A,B,A,A,A,skip,A,B,B,B,skip,B,A,skip,skip,A,B,A,0.5,random
937,random,2,skip,skip,B,A,B,skip,skip,B,B,skip,skip,B,A,B,B,B,A,skip,B,B,0.3,random
937,random,3,B,B,skip,skip,B,B,skip,B,skip,A,A,B,A,B,skip,A,A,A,A,A,0.3,random
937,rotate0,4,skip,skip,skip,skip,skip,skip,skip,skip,skip,skip,skip,skip,skip,skip,skip,skip,skip,skip,skip,skip,0.0,random
937,rotate0,5,skip,skip,skip,skip,skip,skip,skip,skip,skip,skip,skip,skip,skip,skip,skip,skip,skip,skip,skip,skip,0.0,random
937,rotate0,6,skip,skip,skip,skip,skip,skip,skip,skip,skip,skip,skip,skip,skip,skip,skip,skip,skip,skip,skip,skip,0.0,random
938,random,1,skip,A,B,B,B,A,skip,A,B,B,B,A,skip,B,A,skip,A,skip,A,skip,0.15,random
938,rotate0,2,B,B,B,B,B,B,B,B,B,B,B,B,B,B,B,B,B,B,B,B,0.4,random
938,rotate0,3,skip,skip,skip,skip,skip,skip,skip,skip,skip,skip,skip,skip,skip,skip,skip,skip,skip,skip,skip,skip,0.0,random
938,random,4,A,skip,B,skip,B,skip,skip,A,B,A,A,A,A,skip,A,skip,skip,A,B,A,0.25,random
938,random,5,B,A,skip,skip,B,B,A,A,B,A,B,skip,B,B,skip,A,B,skip,skip,skip,0.1,random
938,rotate0,6,skip,skip,skip,skip,skip,skip,skip,skip,skip,skip,skip,skip,skip,skip,skip,skip,skip,skip,skip,skip,0.0,random
939,rotate0,1,A,A,A,A,A,A,A,A,A,A,A,A,A,A,A,A,A,A,A,A,0.2,random
939,random,2,B,skip,skip,A,A,skip,skip,skip,skip,A,skip,skip,A,skip,B,B,A,B,B,A,0.2,random
939,random,3,A,B,B,A,A,A,B,B,B,skip,B,B,skip,A,A,A,skip,A,A,B,0.35,random
939,random,4,skip,skip,A,A,B,skip,A,A,skip,B,skip,B,A,B,A,B,A,A,A,skip,0.15,random
939,rotate0,5,skip,skip,skip,skip,skip,skip,skip,skip,skip,skip,skip,skip,skip,skip,skip,skip,skip,skip,skip,skip,0.0,random
939,rotate0,6,skip,skip,skip,skip,skip,skip,skip,skip,skip,skip,skip,skip,skip,skip,skip,skip,skip,skip,skip,skip,0.0,random
940,rotate0,1,A,A,A,A,A,A,A,A,A,A,A,A,A,A,A,A,A,A,A,A,0.35,rotate0
940,rotate0,2,B,B,B,B,B,B,B,B,B,B,B,B,B,B,B,B,B,B,B,B,0.3,rotate0
940,random,3,skip,A,skip,skip,skip,skip,A,A,B,skip,B,B,skip,B,skip,B,A,A,A,B,0.0,rotate0
940,rotate0,4,skip,skip,skip,skip,skip,skip,skip,skip,skip,skip,skip,skip,skip,skip,skip,skip,skip,skip,skip,skip,0.0,rotate0
940,random,5,B,skip,skip,B,A,A,B,A,A,skip,skip,B,B,B,A,A,B,A,B,A,0.0,rotate0
940,random,6,B,skip,B,B,skip,B,skip,A,A,skip,skip,skip,A,B,skip,A,B,A,skip,A,0.0,rotate0
941,rotate,1,A,B,skip,skip,skip,skip,A,B,skip,skip,skip,skip,A,B,skip,skip,skip,skip,A,B,0.4,rotate
941,rotate,2,B,skip,skip,skip,skip,A,B,skip,skip,skip,skip,A,B,skip,skip,skip,skip,A,B,skip,0.35,rotate
941,rotate0,3,skip,skip,skip,skip,skip,skip,skip,skip,skip,skip,skip,skip,skip,skip,skip,skip,skip,skip,skip,skip,0.0,rotate
941,rotate0,4,skip,skip,skip,skip,skip,skip,skip,skip,skip,skip,skip,skip,skip,skip,skip,skip,skip,skip,skip,skip,0.0,rotate
941,rotate,5,skip,skip,A,B,skip,skip,skip,skip,A,B,skip,skip,skip,skip,A,B,skip,skip,skip,skip,0.3,rotate
941,rotate0,6,skip,skip,skip,skip,skip,skip,skip,skip,skip,skip,skip,skip,skip,skip,skip,skip,skip,skip,skip,skip,0.0,rotate
942,rotate,1,A,B,skip,skip,skip,skip,A,B,skip,skip,skip,skip,A,B,skip,skip,skip,skip,A,B,0.4,rotate
942,rotate,2,B,skip,skip,skip,skip,A,B,skip,skip,skip,skip,A,B,skip,skip,skip,skip,A,B,skip,0.35,rotate
942,rotate,3,skip,skip,skip,skip,A,B,skip,skip,skip,skip,A,B,skip,skip,skip,skip,A,B,skip,skip,0.3,rotate
942,rotate0,4,skip,skip,skip,skip,skip,skip,skip,skip,skip,skip,skip,skip,skip,skip,skip,skip,skip,skip,skip,skip,0.0,rotate
942,rotate0,5,skip,skip,skip,skip,skip,skip,skip,skip,skip,skip,skip,skip,skip,skip,skip,skip,skip,skip,skip,skip,0.0,rotate
942,rotate0,6,skip,skip,skip,skip,skip,skip,skip,skip,skip,skip,skip,skip,skip,skip,skip,skip,skip,skip,skip,skip,0.0,rotate
943,rotate,1,A,B,skip,skip,skip,skip,A,B,skip,skip,skip,skip,A,B,skip,skip,skip,skip,A,B,0.2,rotate
943,rotate0,2,B,B,B,B,B,B,B,B,B,B,B,B,B,B,B,B,B,B,B,B,0.5,rotate
943,rotate0,3,skip,skip,skip,skip,skip,skip,skip,skip,skip,skip,skip,skip,skip,skip,skip,skip,skip,skip,skip,skip,0.0,rotate
943,rotate,4,skip,skip,skip,A,B,skip,skip,skip,skip,A,B,skip,skip,skip,skip,A,B,skip,skip,skip,0.15,rotate
943,rotate,5,skip,skip,A,B,skip,skip,skip,skip,A,B,skip,skip,skip,skip,A,B,skip,skip,skip,skip,0.15,rotate
943,rotate0,6,skip,skip,skip,skip,skip,skip,skip,skip,skip,skip,skip,skip,skip,skip,skip,skip,skip,skip,skip,skip,0.0,rotate
944,rotate0,1,A,A,A,A,A,A,A,A,A,A,A,A,A,A,A,A,A,A,A,A,0.5,rotate0
944,rotate0,2,B,B,B,B,B,B,B,B,B,B,B,B,B,B,B,B,B,B,B,B,0.55,rotate0
944,rotate,3,skip,skip,skip,skip,A,B,skip,skip,skip,skip,A,B,skip,skip,skip,skip,A,B,skip,skip,0.0,rotate0
944,rotate0,4,skip,skip,skip,skip,skip,skip,skip,skip,skip,skip,skip,skip,skip,skip,skip,skip,skip,skip,skip,skip,0.0,rotate0
944,rotate,5,skip,skip,A,B,skip,skip,skip,skip,A,B,skip,skip,skip,skip,A,B,skip,skip,skip,skip,0.0,rotate0
944,rotate,6,skip,A,B,skip,skip,skip,skip,A,B,skip,skip,skip,skip,A,B,skip,skip,skip,skip,A,0.0,rotate0
945,rotate,1,A,B,skip,skip,skip,skip,A,B,skip,skip,skip,skip,A,B,skip,skip,skip,skip,A,B,0.2,rotate
945,rotate0,2,B,B,B,B,B,B,B,B,B,B,B,B,B,B,B,B,B,B,B,B,0.5,rotate
945,rotate0,3,skip,skip,skip,skip,skip,skip,skip,skip,skip,skip,skip,skip,skip,skip,skip,skip,skip,skip,skip,skip,0.0,rotate
945,rotate0,4,skip,skip,skip,skip,skip,skip,skip,skip,skip,skip,skip,skip,skip,skip,skip,skip,skip,skip,skip,skip,0.0,rotate
945,rotate,5,skip,skip,A,B,skip,skip,skip,skip,A,B,skip,skip,skip,skip,A,B,skip,skip,skip,skip,0.15,rotate
945,rotate,6,skip,A,B,skip,skip,skip,skip,A,B,skip,skip,skip,skip,A,B,skip,skip,skip,skip,A,0.2,rotate
946,rotate,1,A,B,skip,skip,skip,skip,A,B,skip,skip,skip,skip,A,B,skip,skip,skip,skip,A,B,0.2,rotate
946,rotate0,2,B,B,B,B,B,B,B,B,B,B,B,B,B,B,B,B,B,B,B,B,0.5,rotate
946,rotate0,3,skip,skip,skip,skip,skip,skip,skip,skip,skip,skip,skip,skip,skip,skip,skip,skip,skip,skip,skip,skip,0.0,rotate
946,rotate,4,skip,skip,skip,A,B,skip,skip,skip,skip,A,B,skip,skip,skip,skip,A,B,skip,skip,skip,0.15,rotate
946,rotate0,5,skip,skip,skip,skip,skip,skip,skip,skip,skip,skip,skip,skip,skip,skip,skip,skip,skip,skip,skip,skip,0.0,rotate
946,rotate,6,skip,A,B,skip,skip,skip,skip,A,B,skip,skip,skip,skip,A,B,skip,skip,skip,skip,A,0.2,rotate
947,rotate0,1,A,A,A,A,A,A,A,A,A,A,A,A,A,A,A,A,A,A,A,A,0.5,rotate
947,rotate,2,B,skip,skip,skip,skip,A,B,skip,skip,skip,skip,A,B,skip,skip,skip,skip,A,B,skip,0.2,rotate
947,rotate,3,skip,skip,skip,skip,A,B,skip,skip,skip,skip,A,B,skip,skip,skip,skip,A,B,skip,skip,0.15,rotate
947,rotate0,4,skip,skip,skip,skip,skip,skip,skip,skip,skip,skip,skip,skip,skip,skip,skip,skip,skip,skip,skip,skip,0.0,rotate
947,rotate0,5,skip,skip,skip,skip,skip,skip,skip,skip,skip,skip,skip,skip,skip,skip,skip,skip,skip,skip,skip,skip,0.0,rotate
947,rotate,6,skip,A,B,skip,skip,skip,skip,A,B,skip,skip,skip,skip,A,B,skip,skip,skip,skip,A,0.15,rotate
948,rotate,1,A,B,skip,skip,skip,skip,A,B,skip,skip,skip,skip,A,B,skip,skip,skip,skip,A,B,0.2,rotate
948,rotate0,2,B,B,B,B,B,B,B,B,B,B,B,B,B,B,B,B,B,B,B,B,0.5,rotate
948,rotate,3,skip,skip,skip,skip,A,B,skip,skip,skip,skip,A,B,skip,skip,skip,skip,A,B,skip,skip,0.15,rotate
948,rotate,4,skip,skip,skip,A,B,skip,skip,skip,skip,A,B,skip,skip,skip,skip,A,B,skip,skip,skip,0.15,rotate
948,rotate0,5,skip,skip,skip,skip,skip,skip,skip,skip,skip,skip,skip,skip,skip,skip,skip,skip,skip,skip,skip,skip,0.0,rotate
948,rotate0,6,skip,skip,skip,skip,skip,skip,skip,skip,skip,skip,skip,skip,skip,skip,skip,skip,skip,skip,skip,skip,0.0,rotate
949,rotate0,1,A,A,A,A,A,A,A,A,A,A,A,A,A,A,A,A,A,A,A,A,0.55,rotate0
949,rotate0,2,B,B,B,B,B,B,B,B,B,B,B,B,B,B,B,B,B,B,B,B,0.55,rotate0
949,rotate,3,skip,skip,skip,skip,A,B,skip,skip,skip,skip,A,B,skip,skip,skip,skip,A,B,skip,skip,0.0,rotate0
949,rotate,4,skip,skip,skip,A,B,skip,skip,skip,skip,A,B,skip,skip,skip,skip,A,B,skip,skip,skip,0.0,rotate0
949,rotate,5,skip,skip,A,B,skip,skip,skip,skip,A,B,skip,skip,skip,skip,A,B,skip,skip,skip,skip,0.0,rotate0
949,rotate0,6,skip,skip,skip,skip,skip,skip,skip,skip,skip,skip,skip,skip,skip,skip,skip,skip,skip,skip,skip,skip,0.0,rotate0
950,rotate0,1,A,A,A,A,A,A,A,A,A,A,A,A,A,A,A,A,A,A,A,A,0.5,rotate0
950,rotate0,2,B,B,B,B,B,B,B,B,B,B,B,B,B,B,B,B,B,B,B,B,0.55,rotate0
950,rotate,3,skip,skip,skip,skip,A,B,skip,skip,skip,skip,A,B,skip,skip,skip,skip,A,B,skip,skip,0.0,rotate0
950,rotate,4,skip,skip,skip,A,B,skip,skip,skip,skip,A,B,skip,skip,skip,skip,A,B,skip,skip,skip,0.0,rotate0
950,rotate0,5,skip,skip,skip,skip,skip,skip,skip,skip,skip,skip,skip,skip,skip,skip,skip,skip,skip,skip,skip,skip,0.0,rotate0
950,rotate,6,skip,A,B,skip,skip,skip,skip,A,B,skip,skip,skip,skip,A,B,skip,skip,skip,skip,A,0.0,rotate0
951,rotate0,1,A,A,A,A,A,A,A,A,A,A,A,A,A,A,A,A,A,A,A,A,0.5,rotate0
951,rotate0,2,B,B,B,B,B,B,B,B,B,B,B,B,B,B,B,B,B,B,B,B,0.55,rotate0
951,rotate0,3,skip,skip,skip,skip,skip,skip,skip,skip,skip,skip,skip,skip,skip,skip,skip,skip,skip,skip,skip,skip,0.0,rotate0
951,rotate,4,skip,skip,skip,A,B,skip,skip,skip,skip,A,B,skip,skip,skip,skip,A,B,skip,skip,skip,0.0,rotate0
951,rotate,5,skip,skip,A,B,skip,skip,skip,skip,A,B,skip,skip,skip,skip,A,B,skip,skip,skip,skip,0.0,rotate0
951,rotate,6,skip,A,B,skip,skip,skip,skip,A,B,skip,skip,skip,skip,A,B,skip,skip,skip,skip,A,0.0,rotate0
952,rotate0,1,A,A,A,A,A,A,A,A,A,A,A,A,A,A,A,A,A,A,A,A,0.55,rotate
952,rotate,2,B,skip,skip,skip,skip,A,B,skip,skip,skip,skip,A,B,skip,skip,skip,skip,A,B,skip,0.2,rotate
952,rotate,3,skip,skip,skip,skip,A,B,skip,skip,skip,skip,A,B,skip,skip,skip,skip,A,B,skip,skip,0.15,rotate
952,rotate0,4,skip,skip,skip,skip,skip,skip,skip,skip,skip,skip,skip,skip,skip,skip,skip,skip,skip,skip,skip,skip,0.0,rotate
952,rotate,5,skip,skip,A,B,skip,skip,skip,skip,A,B,skip,skip,skip,skip,A,B,skip,skip,skip,skip,0.15,rotate
952,rotate0,6,skip,skip,skip,skip,skip,skip,skip,skip,skip,skip,skip,skip,skip,skip,skip,skip,skip,skip,skip,skip,0.0,rotate
953,rotate0,1,A,A,A,A,A,A,A,A,A,A,A,A,A,A,A,A,A,A,A,A,0.55,rotate
953,rotate,2,B,skip,skip,skip,skip,A,B,skip,skip,skip,skip,A,B,skip,skip,skip,skip,A,B,skip,0.2,rotate
953,rotate,3,skip,skip,skip,skip,A,B,skip,skip,skip,skip,A,B,skip,skip,skip,skip,A,B,skip,skip,0.15,rotate
953,rotate,4,skip,skip,skip,A,B,skip,skip,skip,skip,A,B,skip,skip,skip,skip,A,B,skip,skip,skip,0.15,rotate
953,rotate0,5,skip,skip,skip,skip,skip,skip,skip,skip,skip,skip,skip,skip,skip,skip,skip,skip,skip,skip,skip,skip,0.0,rotate
953,rotate0,6,skip,skip,skip,skip,skip,skip,skip,skip,skip,skip,skip,skip,skip,skip,skip,skip,skip,skip,skip,skip,0.0,rotate
954,rotate0,1,A,A,A,A,A,A,A,A,A,A,A,A,A,A,A,A,A,A,A,A,0.5,rotate
954,rotate,2,B,skip,skip,skip,skip,A,B,skip,skip,skip,skip,A,B,skip,skip,skip,skip,A,B,skip,0.2,rotate
954,rotate0,3,skip,skip,skip,skip,skip,skip,skip,skip,skip,skip,skip,skip,skip,skip,skip,skip,skip,skip,skip,skip,0.0,rotate
954,rotate0,4,skip,skip,skip,skip,skip,skip,skip,skip,skip,skip,skip,skip,skip,skip,skip,skip,skip,skip,skip,skip,0.0,rotate
954,rotate,5,skip,skip,A,B,skip,skip,skip,skip,A,B,skip,skip,skip,skip,A,B,skip,skip,skip,skip,0.15,rotate
954,rotate,6,skip,A,B,skip,skip,skip,skip,A,B,skip,skip,skip,skip,A,B,skip,skip,skip,skip,A,0.15,rotate
955,rotate0,1,A,A,A,A,A,A,A,A,A,A,A,A,A,A,A,A,A,A,A,A,0.55,rotate
955,rotate,2,B,skip,skip,skip,skip,A,B,skip,skip,skip,skip,A,B,skip,skip,skip,skip,A,B,skip,0.2,rotate
955,rotate0,3,skip,skip,skip,skip,skip,skip,skip,skip,skip,skip,skip,skip,skip,skip,skip,skip,skip,skip,skip,skip,0.0,rotate
955,rotate,4,skip,skip,skip,A,B,skip,skip,skip,skip,A,B,skip,skip,skip,skip,A,B,skip,skip,skip,0.15,rotate
955,rotate,5,skip,skip,A,B,skip,skip,skip,skip,A,B,skip,skip,skip,skip,A,B,skip,skip,skip,skip,0.15,rotate
955,rotate0,6,skip,skip,skip,skip,skip,skip,skip,skip,skip,skip,skip,skip,skip,skip,skip,skip,skip,skip,skip,skip,0.0,rotate
956,rotate,1,A,B,skip,skip,skip,skip,A,B,skip,skip,skip,skip,A,B,skip,skip,skip,skip,A,B,0.2,rotate
956,rotate0,2,B,B,B,B,B,B,B,B,B,B,B,B,B,B,B,B,B,B,B,B,0.5,rotate
956,rotate,3,skip,skip,skip,skip,A,B,skip,skip,skip,skip,A,B,skip,skip,skip,skip,A,B,skip,skip,0.15,rotate
956,rotate0,4,skip,skip,skip,skip,skip,skip,skip,skip,skip,skip,skip,skip,skip,skip,skip,skip,skip,skip,skip,skip,0.0,rotate
956,rotate0,5,skip,skip,skip,skip,skip,skip,skip,skip,skip,skip,skip,skip,skip,skip,skip,skip,skip,skip,skip,skip,0.0,rotate
956,rotate,6,skip,A,B,skip,skip,skip,skip,A,B,skip,skip,skip,skip,A,B,skip,skip,skip,skip,A,0.2,rotate
957,rotate,1,A,B,skip,skip,skip,skip,A,B,skip,skip,skip,skip,A,B,skip,skip,skip,skip,A,B,0.4,rotate
957,rotate,2,B,skip,skip,skip,skip,A,B,skip,skip,skip,skip,A,B,skip,skip,skip,skip,A,B,skip,0.35,rotate
957,rotate0,3,skip,skip,skip,skip,skip,skip,skip,skip,skip,skip,skip,skip,skip,skip,skip,skip,skip,skip,skip,skip,0.0,rotate
957,rotate,4,skip,skip,skip,A,B,skip,skip,skip,skip,A,B,skip,skip,skip,skip,A,B,skip,skip,skip,0.3,rotate
957,rotate0,5,skip,skip,skip,skip,skip,skip,skip,skip,skip,skip,skip,skip,skip,skip,skip,skip,skip,skip,skip,skip,0.0,rotate
957,rotate0,6,skip,skip,skip,skip,skip,skip,skip,skip,skip,skip,skip,skip,skip,skip,skip,skip,skip,skip,skip,skip,0.0,rotate
958,rotate,1,A,B,skip,skip,skip,skip,A,B,skip,skip,skip,skip,A,B,skip,skip,skip,skip,A,B,0.4,rotate
958,rotate,2,B,skip,skip,skip,skip,A,B,skip,skip,skip,skip,A,B,skip,skip,skip,skip,A,B,skip,0.35,rotate
958,rotate0,3,skip,skip,skip,skip,skip,skip,skip,skip,skip,skip,skip,skip,skip,skip,skip,skip,skip,skip,skip,skip,0.0,rotate
958,rotate0,4,skip,skip,skip,skip,skip,skip,skip,skip,skip,skip,skip,skip,skip,skip,skip,skip,skip,skip,skip,skip,0.0,rotate
958,rotate0,5,skip,skip,skip,skip,skip,skip,skip,skip,skip,skip,skip,skip,skip,skip,skip,skip,skip,skip,skip,skip,0.0,rotate
958,rotate,6,skip,A,B,skip,skip,skip,skip,A,B,skip,skip,skip,skip,A,B,skip,skip,skip,skip,A,0.35,rotate
959,rotate0,1,A,A,A,A,A,A,A,A,A,A,A,A,A,A,A,A,A,A,A,A,0.5,rotate
959,rotate,2,B,skip,skip,skip,skip,A,B,skip,skip,skip,skip,A,B,skip,skip,skip,skip,A,B,skip,0.2,rotate
959,rotate0,3,skip,skip,skip,skip,skip,skip,skip,skip,skip,skip,skip,skip,skip,skip,skip,skip,skip,skip,skip,skip,0.0,rotate
959,rotate,4,skip,skip,skip,A,B,skip,skip,skip,skip,A,B,skip,skip,skip,skip,A,B,skip,skip,skip,0.15,rotate
959,rotate0,5,skip,skip,skip,skip,skip,skip,skip,skip,skip,skip,skip,skip,skip,skip,skip,skip,skip,skip,skip,skip,0.0,rotate
959,rotate,6,skip,A,B,skip,skip,skip,skip,A,B,skip,skip,skip,skip,A,B,skip,skip,skip,skip,A,0.15,rotate
960,rotate,1,A,B,skip,skip,skip,skip,A,B,skip,skip,skip,skip,A,B,skip,skip,skip,skip,A,B,0.2,rotate
960,rotate0,2,B,B,B,B,B,B,B,B,B,B,B,B,B,B,B,B,B,B,B,B,0.5,rotate
960,rotate,3,skip,skip,skip,skip,A,B,skip,skip,skip,skip,A,B,skip,skip,skip,skip,A,B,skip,skip,0.15,rotate
960,rotate0,4,skip,skip,skip,skip,skip,skip,skip,skip,skip,skip,skip,skip,skip,skip,skip,skip,skip,skip,skip,skip,0.0,rotate
960,rotate,5,skip,skip,A,B,skip,skip,skip,skip,A,B,skip,skip,skip,skip,A,B,skip,skip,skip,skip,0.15,rotate
960,rotate0,6,skip,skip,skip,skip,skip,skip,skip,skip,skip,skip,skip,skip,skip,skip,skip,skip,skip,skip,skip,skip,0.0,rotate
961,random3,1,B,A,A,A,A,B,A,A,B,B,A,A,A,A,A,A,A,A,A,A,0.1,random3
961,rotate0,2,B,B,B,B,B,B,B,B,B,B,B,B,B,B,B,B,B,B,B,B,0.1,random3
961,rotate0,3,skip,skip,skip,skip,skip,skip,skip,skip,skip,skip,skip,skip,skip,skip,skip,skip,skip,skip,skip,skip,0.0,random3
961,random3,4,B,B,B,B,B,B,A,A,A,A,A,B,B,B,B,B,B,B,B,B,0.05,random3
961,random3,5,A,A,A,B,A,A,A,A,B,A,B,B,A,A,A,A,A,A,A,A,0.1,random3
961,rotate0,6,skip,skip,skip,skip,skip,skip,skip,skip,skip,skip,skip,skip,skip,skip,skip,skip,skip,skip,skip,skip,0.0,random3
962,random3,1,A,A,A,A,B,B,A,B,A,A,A,A,A,A,A,A,A,A,B,B,0.0,random3
962,rotate0,2,B,B,B,B,B,B,B,B,B,B,B,B,B,B,B,B,B,B,B,B,0.1,random3
962,random3,3,B,B,B,A,A,A,A,A,A,A,A,A,A,A,A,A,A,A,B,B,0.15,random3
962,rotate0,4,skip,skip,skip,skip,skip,skip,skip,skip,skip,skip,skip,skip,skip,skip,skip,skip,skip,skip,skip,skip,0.0,random3
962,random3,5,A,A,A,A,B,B,B,B,B,B,B,B,B,B,B,B,B,A,A,A,0.1,random3
962,rotate0,6,skip,skip,skip,skip,skip,skip,skip,skip,skip,skip,skip,skip,skip,skip,skip,skip,skip,skip,skip,skip,0.0,random3
963,rotate0,1,A,A,A,A,A,A,A,A,A,A,A,A,A,A,A,A,A,A,A,A,0.25,rotate0
963,rotate0,2,B,B,B,B,B,B,B,B,B,B,B,B,B,B,B,B,B,B,B,B,0.1,rotate0
963,random3,3,B,B,A,B,B,B,B,B,B,B,A,A,A,B,A,A,A,A,A,A,0.0,rotate0
963,random3,4,B,B,A,A,B,B,A,A,B,A,A,A,A,B,A,A,A,A,A,A,0.0,rotate0
963,rotate0,5,skip,skip,skip,skip,skip,skip,skip,skip,skip,skip,skip,skip,skip,skip,skip,skip,skip,skip,skip,skip,0.0,rotate0
963,random3,6,B,B,A,B,B,B,A,A,A,A,A,B,B,B,B,B,B,B,B,B,0.0,rotate0
964,random3,1,B,B,B,B,B,B,B,A,B,B,A,A,B,B,A,A,A,A,B,B,0.05,random3
964,rotate0,2,B,B,B,B,B,B,B,B,B,B,B,B,B,B,B,B,B,B,B,B,0.1,random3
964,rotate0,3,skip,skip,skip,skip,skip,skip,skip,skip,skip,skip,skip,skip,skip,skip,skip,skip,skip,skip,skip,skip,0.0,random3
964,rotate0,4,skip,skip,skip,skip,skip,skip,skip,skip,skip,skip,skip,skip,skip,skip,skip,skip,skip,skip,skip,skip,0.0,random3
964,random3,5,B,A,A,A,A,A,A,A,B,B,B,B,B,B,B,B,A,A,A,A,0.2,random3
964,random3,6,A,A,A,B,B,B,B,A,A,A,A,A,A,A,A,B,B,A,A,A,0.25,random3
965,rotate0,1,A,A,A,A,A,A,A,A,A,A,A,A,A,A,A,A,A,A,A,A,0.35,rotate0
965,random3,2,B,A,A,A,A,B,B,B,B,B,B,B,B,B,B,B,B,A,A,B,0.0,rotate0
965,random3,3,A,B,B,B,B,B,B,B,B,B,B,B,B,B,B,B,B,B,B,B,0.15,rotate0
965,rotate0,4,skip,skip,skip,skip,skip,skip,skip,skip,skip,skip,skip,skip,skip,skip,skip,skip,skip,skip,skip,skip,0.0,rotate0
965,random3,5,B,B,A,A,A,A,B,A,A,B,B,A,A,A,B,B,B,B,B,B,0.0,rotate0
965,rotate0,6,skip,skip,skip,skip,skip,skip,skip,skip,skip,skip,skip,skip,skip,skip,skip,skip,skip,skip,skip,skip,0.0,rotate0
966,random3,1,B,B,B,B,B,B,B,A,A,A,A,A,A,A,A,A,A,A,A,A,0.0,rotate0
966,rotate0,2,B,B,B,B,B,B,B,B,B,B,B,B,B,B,B,B,B,B,B,B,0.15,rotate0
966,random3,3,A,A,A,A,B,B,A,A,A,A,A,A,A,A,A,A,A,A,A,A,0.1,rotate0
966,rotate0,4,skip,skip,skip,skip,skip,skip,skip,skip,skip,skip,skip,skip,skip,skip,skip,skip,skip,skip,skip,skip,0.0,rotate0
966,rotate0,5,skip,skip,skip,skip,skip,skip,skip,skip,skip,skip,skip,skip,skip,skip,skip,skip,skip,skip,skip,skip,0.0,rotate0
966,random3,6,B,A,A,A,B,B,B,B,B,B,B,B,B,B,B,B,B,A,A,A,0.0,rotate0
967,random3,1,A,A,A,A,A,A,A,A,A,A,A,A,A,B,B,B,B,B,A,A,0.55,random3
967,random3,2,B,A,B,B,B,B,B,B,B,B,B,A,A,A,A,A,B,B,B,B,0.2,random3
967,rotate0,3,skip,skip,skip,skip,skip,skip,skip,skip,skip,skip,skip,skip,skip,skip,skip,skip,skip,skip,skip,skip,0.0,random3
967,rotate0,4,skip,skip,skip,skip,skip,skip,skip,skip,skip,skip,skip,skip,skip,skip,skip,skip,skip,skip,skip,skip,0.0,random3
967,rotate0,5,skip,skip,skip,skip,skip,skip,skip,skip,skip,skip,skip,skip,skip,skip,skip,skip,skip,skip,skip,skip,0.0,random3
967,random3,6,B,B,B,B,B,B,B,A,A,B,B,B,B,B,B,A,B,B,B,B,0.15,random3
968,rotate0,1,A,A,A,A,A,A,A,A,A,A,A,A,A,A,A,A,A,A,A,A,0.05,rotate0
968,rotate0,2,B,B,B,B,B,B,B,B,B,B,B,B,B,B,B,B,B,B,B,B,0.2,rotate0
968,random3,3,B,A,A,A,A,B,A,A,A,A,A,A,B,B,B,B,B,B,B,B,0.0,rotate0
968,random3,4,B,A,B,B,B,B,B,B,B,A,A,A,B,A,A,A,A,A,A,A,0.0,rotate0
968,random3,5,B,A,A,A,A,A,A,A,A,A,A,A,A,A,B,B,B,B,B,B,0.0,rotate0
968,rotate0,6,skip,skip,skip,skip,skip,skip,skip,skip,skip,skip,skip,skip,skip,skip,skip,skip,skip,skip,skip,skip,0.0,rotate0
969,rotate0,1,A,A,A,A,A,A,A,A,A,A,A,A,A,A,A,A,A,A,A,A,0.05,random3
969,random3,2,B,B,B,B,B,B,B,B,B,B,B,A,B,A,A,A,B,B,A,A,0.25,random3
969,random3,3,B,A,A,A,A,A,A,B,B,B,B,B,B,B,B,B,B,A,A,A,0.1,random3
969,random3,4,A,A,A,A,B,A,A,A,A,A,A,A,A,A,B,B,B,B,B,B,0.1,random3
969,rotate0,5,skip,skip,skip,skip,skip,skip,skip,skip,skip,skip,skip,skip,skip,skip,skip,skip,skip,skip,skip,skip,0.0,random3
969,rotate0,6,skip,skip,skip,skip,skip,skip,skip,skip,skip,skip,skip,skip,skip,skip,skip,skip,skip,skip,skip,skip,0.0,random3
970,random3,1,A,A,A,A,A,A,B,A,A,A,A,B,B,B,B,B,B,B,B,A,0.05,random3
970,rotate0,2,B,B,B,B,B,B,B,B,B,B,B,B,B,B,B,B,B,B,B,B,0.25,random3
970,rotate0,3,skip,skip,skip,skip,skip,skip,skip,skip,skip,skip,skip,skip,skip,skip,skip,skip,skip,skip,skip,skip,0.0,random3
970,random3,4,B,A,A,B,B,A,A,A,B,B,B,B,A,A,A,A,A,A,A,A,0.1,random3
970,rotate0,5,skip,skip,skip,skip,skip,skip,skip,skip,skip,skip,skip,skip,skip,skip,skip,skip,skip,skip,skip,skip,0.0,random3
970,random3,6,A,A,A,A,A,A,A,A,B,A,A,A,A,A,A,A,B,B,A,A,0.05,random3
971,random3,1,B,A,A,B,B,B,B,B,B,A,A,A,A,A,A,A,A,A,B,B,0.4,random3
971,random3,2,B,B,B,B,A,B,B,A,B,A,A,B,A,B,B,B,B,A,A,A,0.15,random3
971,rotate0,3,skip,skip,skip,skip,skip,skip,skip,skip,skip,skip,skip,skip,skip,skip,skip,skip,skip,skip,skip,skip,0.0,random3
971,rotate0,4,skip,skip,skip,skip,skip,skip,skip,skip,skip,skip,skip,skip,skip,skip,skip,skip,skip,skip,skip,skip,0.0,random3
971,random3,5,B,A,A,A,A,B,A,A,A,A,B,B,A,B,B,A,B,A,A,A,0.2,random3
971,rotate0,6,skip,skip,skip,skip,skip,skip,skip,skip,skip,skip,skip,skip,skip,skip,skip,skip,skip,skip,skip,skip,0.0,random3
972,rotate0,1,A,A,A,A,A,A,A,A,A,A,A,A,A,A,A,A,A,A,A,A,0.2,rotate0
972,rotate0,2,B,B,B,B,B,B,B,B,B,B,B,B,B,B,B,B,B,B,B,B,0.05,rotate0
972,random3,3,B,B,B,B,B,B,B,B,B,B,B,B,B,B,B,B,B,B,B,A,0.0,rotate0
972,rotate0,4,skip,skip,skip,skip,skip,skip,skip,skip,skip,skip,skip,skip,skip,skip,skip,skip,skip,skip,skip,skip,0.0,rotate0
972,random3,5,A,A,A,A,A,A,B,A,A,A,A,B,B,B,B,A,B,A,A,A,0.0,rotate0
972,random3,6,A,A,A,A,B,B,B,B,B,B,B,B,B,A,A,B,B,A,A,A,0.0,rotate0
973,rotate0,1,A,A,A,A,A,A,A,A,A,A,A,A,A,A,A,A,A,A,A,A,0.15,random3
973,random3,2,A,A,A,B,B,A,A,B,B,B,B,B,B,B,A,A,A,A,A,B,0.0,random3
973,random3,3,A,A,B,B,B,A,B,B,B,B,B,B,B,B,B,B,B,B,B,B,0.1,random3
973,rotate0,4,skip,skip,skip,skip,skip,skip,skip,skip,skip,skip,skip,skip,skip,skip,skip,skip,skip,skip,skip,skip,0.0,random3
973,rotate0,5,skip,skip,skip,skip,skip,skip,skip,skip,skip,skip,skip,skip,skip,skip,skip,skip,skip,skip,skip,skip,0.0,random3
973,random3,6,B,B,B,B,B,A,A,A,A,A,A,A,A,A,A,B,B,B,B,B,0.1,random3
974,random3,1,A,A,A,A,A,A,B,B,B,A,A,A,A,A,A,A,A,A,A,A,0.45,random3
974,random3,2,A,A,B,B,B,B,B,B,B,A,B,B,B,B,B,B,B,B,B,B,0.25,random3
974,random3,3,A,B,B,B,B,A,B,B,B,B,B,A,B,B,A,A,B,B,B,A,0.1,random3
974,rotate0,4,skip,skip,skip,skip,skip,skip,skip,skip,skip,skip,skip,skip,skip,skip,skip,skip,skip,skip,skip,skip,0.0,random3
974,rotate0,5,skip,skip,skip,skip,skip,skip,skip,skip,skip,skip,skip,skip,skip,skip,skip,skip,skip,skip,skip,skip,0.0,random3
974,rotate0,6,skip,skip,skip,skip,skip,skip,skip,skip,skip,skip,skip,skip,skip,skip,skip,skip,skip,skip,skip,skip,0.0,random3
975,rotate0,1,A,A,A,A,A,A,A,A,A,A,A,A,A,A,A,A,A,A,A,A,0.0,rotate0
975,rotate0,2,B,B,B,B,B,B,B,B,B,B,B,B,B,B,B,B,B,B,B,B,0.1,rotate0
975,rotate0,3,skip,skip,skip,skip,skip,skip,skip,skip,skip,skip,skip,skip,skip,skip,skip,skip,skip,skip,skip,skip,0.0,rotate0
975,random3,4,B,B,B,B,B,B,B,B,B,B,A,A,A,A,A,A,A,A,A,A,0.0,rotate0
975,random3,5,A,A,A,A,B,B,B,B,A,A,A,B,B,B,B,B,B,A,B,B,0.0,rotate0
975,random3,6,A,A,A,A,A,A,A,A,A,A,A,B,B,A,A,A,A,A,B,B,0.0,rotate0
976,rotate0,1,A,A,A,A,A,A,A,A,A,A,A,A,A,A,A,A,A,A,A,A,0.1,random3
976,random3,2,A,A,A,A,B,B,B,B,B,B,A,A,B,B,B,B,B,B,B,B,0.1,random3
976,rotate0,3,skip,skip,skip,skip,skip,skip,skip,skip,skip,skip,skip,skip,skip,skip,skip,skip,skip,skip,skip,skip,0.0,random3
976,random3,4,A,A,A,A,B,B,A,A,A,A,B,A,A,A,A,A,A,A,A,A,0.0,random3
976,random3,5,B,B,B,B,B,B,A,A,B,B,B,B,B,B,B,B,B,B,B,B,0.25,random3
976,rotate0,6,skip,skip,skip,skip,skip,skip,skip,skip,skip,skip,skip,skip,skip,skip,skip,skip,skip,skip,skip,skip,0.0,random3
977,random3,1,A,A,B,A,A,A,A,A,A,A,A,A,A,A,A,A,B,B,B,B,0.15,rotate0
977,rotate0,2,B,B,B,B,B,B,B,B,B,B,B,B,B,B,B,B,B,B,B,B,0.3,rotate0
977,random3,3,A,A,A,A,B,A,A,B,B,B,B,B,A,A,A,A,A,A,B,B,0.0,rotate0
977,random3,4,A,A,A,A,A,A,B,B,A,A,B,B,B,B,A,A,A,A,A,A,0.1,rotate0
977,rotate0,5,skip,skip,skip,skip,skip,skip,skip,skip,skip,skip,skip,skip,skip,skip,skip,skip,skip,skip,skip,skip,0.0,rotate0
977,rotate0,6,skip,skip,skip,skip,skip,skip,skip,skip,skip,skip,skip,skip,skip,skip,skip,skip,skip,skip,skip,skip,0.0,rotate0
978,rotate0,1,A,A,A,A,A,A,A,A,A,A,A,A,A,A,A,A,A,A,A,A,0.3,random3
978,random3,2,B,B,B,B,B,B,B,B,B,B,B,B,B,B,B,B,B,A,A,A,0.25,random3
978,rotate0,3,skip,skip,skip,skip,skip,skip,skip,skip,skip,skip,skip,skip,skip,skip,skip,skip,skip,skip,skip,skip,0.0,random3
978,rotate0,4,skip,skip,skip,skip,skip,skip,skip,skip,skip,skip,skip,skip,skip,skip,skip,skip,skip,skip,skip,skip,0.0,random3
978,random3,5,A,B,A,B,B,B,B,B,B,B,B,B,B,A,A,A,B,A,B,A,0.0,random3
978,random3,6,A,A,A,B,B,B,B,B,A,A,A,A,A,A,A,A,B,B,B,B,0.1,random3
979,random3,1,B,B,A,A,A,A,A,A,B,B,B,B,B,B,B,B,A,A,A,A,0.3,random3
979,random3,2,B,B,A,B,B,A,A,A,B,A,A,A,B,B,B,B,A,A,B,A,0.0,random3
979,rotate0,3,skip,skip,skip,skip,skip,skip,skip,skip,skip,skip,skip,skip,skip,skip,skip,skip,skip,skip,skip,skip,0.0,random3
979,random3,4,B,B,B,B,B,A,B,B,B,A,A,A,A,A,A,A,A,A,B,B,0.4,random3
979,rotate0,5,skip,skip,skip,skip,skip,skip,skip,skip,skip,skip,skip,skip,skip,skip,skip,skip,skip,skip,skip,skip,0.0,random3
979,rotate0,6,skip,skip,skip,skip,skip,skip,skip,skip,skip,skip,skip,skip,skip,skip,skip,skip,skip,skip,skip,skip,0.0,random3
980,rotate0,1,A,A,A,A,A,A,A,A,A,A,A,A,A,A,A,A,A,A,A,A,0.2,random3
980,random3,2,B,B,B,B,B,A,A,A,B,B,B,B,B,B,B,B,B,B,A,B,0.3,random3
980,rotate0,3,skip,skip,skip,skip,skip,skip,skip,skip,skip,skip,skip,skip,skip,skip,skip,skip,skip,skip,skip,skip,0.0,random3
980,random3,4,B,A,A,B,B,B,B,B,B,A,A,A,A,A,A,A,A,B,B,B,0.2,random3
980,rotate0,5,skip,skip,skip,skip,skip,skip,skip,skip,skip,skip,skip,skip,skip,skip,skip,skip,skip,skip,skip,skip,0.0,random3
980,random3,6,B,A,B,A,A,A,A,A,B,A,A,B,B,B,A,A,A,B,A,B,0.0,random3
981,radicaleq,1,A,skip,skip,skip,skip,skip,skip,skip,skip,skip,skip,skip,skip,skip,skip,skip,skip,skip,skip,skip,0.05,radicaleq
981,rotate0,2,B,B,B,B,B,B,B,B,B,B,B,B,B,B,B,B,B,B,B,B,0.05,radicaleq
981,rotate0,3,skip,skip,skip,skip,skip,skip,skip,skip,skip,skip,skip,skip,skip,skip,skip,skip,skip,skip,skip,skip,0.0,radicaleq
981,radicaleq,4,skip,B,B,B,B,B,B,B,B,B,B,B,B,B,B,B,B,B,B,B,0.0,radicaleq
981,radicaleq,5,skip,skip,skip,skip,skip,skip,skip,skip,skip,skip,skip,skip,skip,skip,skip,skip,skip,skip,skip,skip,0.0,radicaleq
981,rotate0,6,skip,skip,skip,skip,skip,skip,skip,skip,skip,skip,skip,skip,skip,skip,skip,skip,skip,skip,skip,skip,0.0,radicaleq
982,radicaleq,1,A,skip,skip,skip,skip,skip,skip,skip,skip,skip,skip,skip,skip,skip,skip,skip,skip,skip,skip,skip,0.05,radicaleq
982,radicaleq,2,B,skip,skip,skip,skip,skip,skip,skip,skip,skip,skip,skip,skip,skip,skip,skip,skip,skip,skip,skip,0.05,radicaleq
982,rotate0,3,skip,skip,skip,skip,skip,skip,skip,skip,skip,skip,skip,skip,skip,skip,skip,skip,skip,skip,skip,skip,0.0,radicaleq
982,rotate0,4,skip,skip,skip,skip,skip,skip,skip,skip,skip,skip,skip,skip,skip,skip,skip,skip,skip,skip,skip,skip,0.0,radicaleq
982,radicaleq,5,skip,skip,skip,skip,skip,skip,skip,skip,skip,skip,skip,skip,skip,skip,skip,skip,skip,skip,skip,skip,0.0,radicaleq
982,rotate0,6,skip,skip,skip,skip,skip,skip,skip,skip,skip,skip,skip,skip,skip,skip,skip,skip,skip,skip,skip,skip,0.0,radicaleq
983,rotate0,1,A,A,A,A,A,A,A,A,A,A,A,A,A,A,A,A,A,A,A,A,1.0,radicaleq
983,radicaleq,2,B,skip,skip,skip,skip,skip,skip,skip,skip,skip,skip,skip,skip,skip,skip,skip,skip,skip,skip,skip,0.05,radicaleq
983,rotate0,3,skip,skip,skip,skip,skip,skip,skip,skip,skip,skip,skip,skip,skip,skip,skip,skip,skip,skip,skip,skip,0.0,radicaleq
983,radicaleq,4,skip,B,skip,skip,skip,skip,skip,skip,skip,skip,skip,skip,skip,skip,skip,skip,skip,skip,skip,skip,0.05,radicaleq
983,radicaleq,5,skip,skip,B,skip,skip,skip,skip,skip,skip,skip,skip,skip,skip,skip,skip,skip,skip,skip,skip,skip,0.05,radicaleq
983,rotate0,6,skip,skip,skip,skip,skip,skip,skip,skip,skip,skip,skip,skip,skip,skip,skip,skip,skip,skip,skip,skip,0.0,radicaleq
984,radicaleq,1,A,skip,skip,skip,skip,skip,skip,skip,skip,skip,skip,skip,skip,skip,skip,skip,skip,skip,skip,skip,0.05,radicaleq
984,radicaleq,2,B,skip,skip,skip,skip,skip,skip,skip,skip,skip,skip,skip,skip,skip,skip,skip,skip,skip,skip,skip,0.05,radicaleq
984,rotate0,3,skip,skip,skip,skip,skip,skip,skip,skip,skip,skip,skip,skip,skip,skip,skip,skip,skip,skip,skip,skip,0.0,radicaleq
984,radicaleq,4,skip,B,skip,skip,skip,skip,skip,skip,skip,skip,skip,skip,skip,skip,skip,skip,skip,skip,skip,skip,0.05,radicaleq
984,rotate0,5,skip,skip,skip,skip,skip,skip,skip,skip,skip,skip,skip,skip,skip,skip,skip,skip,skip,skip,skip,skip,0.0,radicaleq
984,rotate0,6,skip,skip,skip,skip,skip,skip,skip,skip,skip,skip,skip,skip,skip,skip,skip,skip,skip,skip,skip,skip,0.0,radicaleq
985,rotate0,1,A,A,A,A,A,A,A,A,A,A,A,A,A,A,A,A,A,A,A,A,0.5,rotate0
985,rotate0,2,B,B,B,B,B,B,B,B,B,B,B,B,B,B,B,B,B,B,B,B,0.55,rotate0
985,radicaleq,3,skip,A,B,A,B,A,B,A,B,A,B,A,B,A,B,A,B,A,B,A,0.0,rotate0
985,rotate0,4,skip,skip,skip,skip,skip,skip,skip,skip,skip,skip,skip,skip,skip,skip,skip,skip,skip,skip,skip,skip,0.0,rotate0
985,radicaleq,5,skip,skip,skip,skip,skip,skip,skip,skip,skip,skip,skip,skip,skip,skip,skip,skip,skip,skip,skip,skip,0.0,rotate0
985,radicaleq,6,skip,skip,skip,skip,skip,skip,skip,skip,skip,skip,skip,skip,skip,skip,skip,skip,skip,skip,skip,skip,0.0,rotate0
986,radicaleq,1,A,skip,skip,skip,skip,skip,skip,skip,skip,skip,skip,skip,skip,skip,skip,skip,skip,skip,skip,skip,0.05,radicaleq
986,rotate0,2,B,B,B,B,B,B,B,B,B,B,B,B,B,B,B,B,B,B,B,B,1.0,radicaleq
986,radicaleq,3,skip,A,skip,skip,skip,skip,skip,skip,skip,skip,skip,skip,skip,skip,skip,skip,skip,skip,skip,skip,0.05,radicaleq
986,rotate0,4,skip,skip,skip,skip,skip,skip,skip,skip,skip,skip,skip,skip,skip,skip,skip,skip,skip,skip,skip,skip,0.0,radicaleq
986,rotate0,5,skip,skip,skip,skip,skip,skip,skip,skip,skip,skip,skip,skip,skip,skip,skip,skip,skip,skip,skip,skip,0.0,radicaleq
986,radicaleq,6,skip,skip,skip,skip,skip,skip,skip,skip,skip,skip,skip,skip,skip,skip,skip,skip,skip,skip,skip,skip,0.0,radicaleq
987,rotate0,1,A,A,A,A,A,A,A,A,A,A,A,A,A,A,A,A,A,A,A,A,1.0,radicaleq
987,radicaleq,2,B,skip,skip,skip,skip,skip,skip,skip,skip,skip,skip,skip,skip,skip,skip,skip,skip,skip,skip,skip,0.05,radicaleq
987,rotate0,3,skip,skip,skip,skip,skip,skip,skip,skip,skip,skip,skip,skip,skip,skip,skip,skip,skip,skip,skip,skip,0.0,radicaleq
987,rotate0,4,skip,skip,skip,skip,skip,skip,skip,skip,skip,skip,skip,skip,skip,skip,skip,skip,skip,skip,skip,skip,0.0,radicaleq
987,radicaleq,5,skip,skip,skip,skip,skip,skip,skip,skip,skip,skip,skip,skip,skip,skip,skip,skip,skip,skip,skip,skip,0.0,radicaleq
987,radicaleq,6,skip,skip,skip,skip,skip,skip,skip,skip,skip,skip,skip,skip,skip,skip,skip,skip,skip,skip,skip,skip,0.0,radicaleq
988,rotate0,1,A,A,A,A,A,A,A,A,A,A,A,A,A,A,A,A,A,A,A,A,1.0,rotate0
988,rotate0,2,B,B,B,B,B,B,B,B,B,B,B,B,B,B,B,B,B,B,B,B,0.05,rotate0
988,rotate0,3,skip,skip,skip,skip,skip,skip,skip,skip,skip,skip,skip,skip,skip,skip,skip,skip,skip,skip,skip,skip,0.0,rotate0
988,radicaleq,4,skip,B,B,B,B,B,B,B,B,B,B,B,B,B,B,B,B,B,B,B,0.0,rotate0
988,radicaleq,5,skip,skip,skip,skip,skip,skip,skip,skip,skip,skip,skip,skip,skip,skip,skip,skip,skip,skip,skip,skip,0.0,rotate0
988,radicaleq,6,skip,skip,skip,skip,skip,skip,skip,skip,skip,skip,skip,skip,skip,skip,skip,skip,skip,skip,skip,skip,0.0,rotate0
989,radicaleq,1,A,skip,skip,skip,skip,skip,skip,skip,skip,skip,skip,skip,skip,skip,skip,skip,skip,skip,skip,skip,0.05,radicaleq
989,rotate0,2,B,B,B,B,B,B,B,B,B,B,B,B,B,B,B,B,B,B,B,B,0.1,radicaleq
989,radicaleq,3,skip,A,skip,skip,skip,skip,skip,skip,skip,skip,skip,skip,skip,skip,skip,skip,skip,skip,skip,skip,0.05,radicaleq
989,rotate0,4,skip,skip,skip,skip,skip,skip,skip,skip,skip,skip,skip,skip,skip,skip,skip,skip,skip,skip,skip,skip,0.0,radicaleq
989,radicaleq,5,skip,skip,B,B,B,B,B,B,B,B,B,B,B,B,B,B,B,B,B,B,0.0,radicaleq
989,rotate0,6,skip,skip,skip,skip,skip,skip,skip,skip,skip,skip,skip,skip,skip,skip,skip,skip,skip,skip,skip,skip,0.0,radicaleq
990,rotate0,1,A,A,A,A,A,A,A,A,A,A,A,A,A,A,A,A,A,A,A,A,0.1,radicaleq
990,radicaleq,2,B,skip,skip,skip,skip,skip,skip,skip,skip,skip,skip,skip,skip,skip,skip,skip,skip,skip,skip,skip,0.05,radicaleq
990,radicaleq,3,skip,A,B,skip,skip,skip,skip,skip,skip,skip,skip,skip,skip,skip,skip,skip,skip,skip,skip,skip,0.05,radicaleq
990,rotate0,4,skip,skip,skip,skip,skip,skip,skip,skip,skip,skip,skip,skip,skip,skip,skip,skip,skip,skip,skip,skip,0.0,radicaleq
990,radicaleq,5,skip,skip,skip,A,A,A,A,A,A,A,A,A,A,A,A,A,A,A,A,A,0.0,radicaleq
990,rotate0,6,skip,skip,skip,skip,skip,skip,skip,skip,skip,skip,skip,skip,skip,skip,skip,skip,skip,skip,skip,skip,0.0,radicaleq
991,radicaleq,1,A,skip,skip,skip,skip,skip,skip,skip,skip,skip,skip,skip,skip,skip,skip,skip,skip,skip,skip,skip,0.05,radicaleq
991,radicaleq,2,B,skip,skip,skip,skip,skip,skip,skip,skip,skip,skip,skip,skip,skip,skip,skip,skip,skip,skip,skip,0.05,radicaleq
991,rotate0,3,skip,skip,skip,skip,skip,skip,skip,skip,skip,skip,skip,skip,skip,skip,skip,skip,skip,skip,skip,skip,0.0,radicaleq
991,rotate0,4,skip,skip,skip,skip,skip,skip,skip,skip,skip,skip,skip,skip,skip,skip,skip,skip,skip,skip,skip,skip,0.0,radicaleq
991,rotate0,5,skip,skip,skip,skip,skip,skip,skip,skip,skip,skip,skip,skip,skip,skip,skip,skip,skip,skip,skip,skip,0.0,radicaleq
991,radicaleq,6,skip,skip,skip,skip,skip,skip,skip,skip,skip,skip,skip,skip,skip,skip,skip,skip,skip,skip,skip,skip,0.0,radicaleq
992,radicaleq,1,A,skip,skip,skip,skip,skip,skip,skip,skip,skip,skip,skip,skip,skip,skip,skip,skip,skip,skip,skip,0.05,radicaleq
992,rotate0,2,B,B,B,B,B,B,B,B,B,B,B,B,B,B,B,B,B,B,B,B,0.95,radicaleq
992,radicaleq,3,skip,A,skip,skip,skip,skip,skip,skip,skip,skip,skip,skip,skip,skip,skip,skip,skip,skip,skip,skip,0.05,radicaleq
992,radicaleq,4,skip,B,A,skip,skip,skip,skip,skip,skip,skip,skip,skip,skip,skip,skip,skip,skip,skip,skip,skip,0.05,radicaleq
992,rotate0,5,skip,skip,skip,skip,skip,skip,skip,skip,skip,skip,skip,skip,skip,skip,skip,skip,skip,skip,skip,skip,0.0,radicaleq
992,rotate0,6,skip,skip,skip,skip,skip,skip,skip,skip,skip,skip,skip,skip,skip,skip,skip,skip,skip,skip,skip,skip,0.0,radicaleq
993,rotate0,1,A,A,A,A,A,A,A,A,A,A,A,A,A,A,A,A,A,A,A,A,0.05,rotate0
993,rotate0,2,B,B,B,B,B,B,B,B,B,B,B,B,B,B,B,B,B,B,B,B,0.05,rotate0
993,radicaleq,3,skip,A,A,A,A,A,A,A,A,A,A,A,A,A,A,A,A,A,A,A,0.0,rotate0
993,radicaleq,4,skip,B,B,B,B,B,B,B,B,B,B,B,B,B,B,B,B,B,B,B,0.0,rotate0
993,rotate0,5,skip,skip,skip,skip,skip,skip,skip,skip,skip,skip,skip,skip,skip,skip,skip,skip,skip,skip,skip,skip,0.0,rotate0
993,radicaleq,6,skip,skip,skip,skip,skip,skip,skip,skip,skip,skip,skip,skip,skip,skip,skip,skip,skip,skip,skip,skip,0.0,rotate0
994,rotate0,1,A,A,A,A,A,A,A,A,A,A,A,A,A,A,A,A,A,A,A,A,0.05,rotate0
994,rotate0,2,B,B,B,B,B,B,B,B,B,B,B,B,B,B,B,B,B,B,B,B,0.05,rotate0
994,radicaleq,3,skip,A,A,A,A,A,A,A,A,A,A,A,A,A,A,A,A,A,A,A,0.0,rotate0
994,radicaleq,4,skip,B,B,B,B,B,B,B,B,B,B,B,B,B,B,B,B,B,B,B,0.0,rotate0
994,radicaleq,5,skip,skip,skip,skip,skip,skip,skip,skip,skip,skip,skip,skip,skip,skip,skip,skip,skip,skip,skip,skip,0.0,rotate0
994,rotate0,6,skip,skip,skip,skip,skip,skip,skip,skip,skip,skip,skip,skip,skip,skip,skip,skip,skip,skip,skip,skip,0.0,rotate0
995,radicaleq,1,A,skip,skip,skip,skip,skip,skip,skip,skip,skip,skip,skip,skip,skip,skip,skip,skip,skip,skip,skip,0.05,radicaleq
995,radicaleq,2,B,skip,skip,skip,skip,skip,skip,skip,skip,skip,skip,skip,skip,skip,skip,skip,skip,skip,skip,skip,0.05,radicaleq
995,radicaleq,3,skip,A,skip,skip,skip,skip,skip,skip,skip,skip,skip,skip,skip,skip,skip,skip,skip,skip,skip,skip,0.05,radicaleq
995,rotate0,4,skip,skip,skip,skip,skip,skip,skip,skip,skip,skip,skip,skip,skip,skip,skip,skip,skip,skip,skip,skip,0.0,radicaleq
995,rotate0,5,skip,skip,skip,skip,skip,skip,skip,skip,skip,skip,skip,skip,skip,skip,skip,skip,skip,skip,skip,skip,0.0,radicaleq
995,rotate0,6,skip,skip,skip,skip,skip,skip,skip,skip,skip,skip,skip,skip,skip,skip,skip,skip,skip,skip,skip,skip,0.0,radicaleq
996,rotate0,1,A,A,A,A,A,A,A,A,A,A,A,A,A,A,A,A,A,A,A,A,0.95,radicaleq
996,radicaleq,2,B,skip,skip,skip,skip,skip,skip,skip,skip,skip,skip,skip,skip,skip,skip,skip,skip,skip,skip,skip,0.05,radicaleq
996,radicaleq,3,skip,A,B,skip,skip,skip,skip,skip,skip,skip,skip,skip,skip,skip,skip,skip,skip,skip,skip,skip,0.05,radicaleq
996,rotate0,4,skip,skip,skip,skip,skip,skip,skip,skip,skip,skip,skip,skip,skip,skip,skip,skip,skip,skip,skip,skip,0.0,radicaleq
996,rotate0,5,skip,skip,skip,skip,skip,skip,skip,skip,skip,skip,skip,skip,skip,skip,skip,skip,skip,skip,skip,skip,0.0,radicaleq
996,radicaleq,6,skip,skip,skip,skip,skip,skip,skip,skip,skip,skip,skip,skip,skip,skip,skip,skip,skip,skip,skip,skip,0.0,radicaleq
997,radicaleq,1,A,skip,skip,skip,skip,skip,skip,skip,skip,skip,skip,skip,skip,skip,skip,skip,skip,skip,skip,skip,0.05,radicaleq
997,rotate0,2,B,B,B,B,B,B,B,B,B,B,B,B,B,B,B,B,B,B,B,B,0.05,radicaleq
997,rotate0,3,skip,skip,skip,skip,skip,skip,skip,skip,skip,skip,skip,skip,skip,skip,skip,skip,skip,skip,skip,skip,0.0,radicaleq
997,radicaleq,4,skip,B,B,B,B,B,B,B,B,B,B,B,B,B,B,B,B,B,B,B,0.0,radicaleq
997,rotate0,5,skip,skip,skip,skip,skip,skip,skip,skip,skip,skip,skip,skip,skip,skip,skip,skip,skip,skip,skip,skip,0.0,radicaleq
997,radicaleq,6,skip,skip,skip,skip,skip,skip,skip,skip,skip,skip,skip,skip,skip,skip,skip,skip,skip,skip,skip,skip,0.0,radicaleq
998,rotate0,1,A,A,A,A,A,A,A,A,A,A,A,A,A,A,A,A,A,A,A,A,0.95,radicaleq
998,radicaleq,2,B,skip,skip,skip,skip,skip,skip,skip,skip,skip,skip,skip,skip,skip,skip,skip,skip,skip,skip,skip,0.05,radicaleq
998,radicaleq,3,skip,A,B,skip,skip,skip,skip,skip,skip,skip,skip,skip,skip,skip,skip,skip,skip,skip,skip,skip,0.05,radicaleq
998,radicaleq,4,skip,B,skip,skip,skip,skip,skip,skip,skip,skip,skip,skip,skip,skip,skip,skip,skip,skip,skip,skip,0.05,radicaleq
998,rotate0,5,skip,skip,skip,skip,skip,skip,skip,skip,skip,skip,skip,skip,skip,skip,skip,skip,skip,skip,skip,skip,0.0,radicaleq
998,rotate0,6,skip,skip,skip,skip,skip,skip,skip,skip,skip,skip,skip,skip,skip,skip,skip,skip,skip,skip,skip,skip,0.0,radicaleq
999,rotate0,1,A,A,A,A,A,A,A,A,A,A,A,A,A,A,A,A,A,A,A,A,1.0,radicaleq
999,radicaleq,2,B,skip,skip,skip,skip,skip,skip,skip,skip,skip,skip,skip,skip,skip,skip,skip,skip,skip,skip,skip,0.05,radicaleq
999,rotate0,3,skip,skip,skip,skip,skip,skip,skip,skip,skip,skip,skip,skip,skip,skip,skip,skip,skip,skip,skip,skip,0.0,radicaleq
999,radicaleq,4,skip,B,skip,skip,skip,skip,skip,skip,skip,skip,skip,skip,skip,skip,skip,skip,skip,skip,skip,skip,0.05,radicaleq
999,rotate0,5,skip,skip,skip,skip,skip,skip,skip,skip,skip,skip,skip,skip,skip,skip,skip,skip,skip,skip,skip,skip,0.0,radicaleq
999,radicaleq,6,skip,skip,skip,skip,skip,skip,skip,skip,skip,skip,skip,skip,skip,skip,skip,skip,skip,skip,skip,skip,0.0,radicaleq
1000,radicaleq,1,A,skip,skip,skip,skip,skip,skip,skip,skip,skip,skip,skip,skip,skip,skip,skip,skip,skip,skip,skip,0.05,radicaleq
1000,rotate0,2,B,B,B,B,B,B,B,B,B,B,B,B,B,B,B,B,B,B,B,B,1.0,radicaleq
1000,rotate0,3,skip,skip,skip,skip,skip,skip,skip,skip,skip,skip,skip,skip,skip,skip,skip,skip,skip,skip,skip,skip,0.0,radicaleq
1000,rotate0,4,skip,skip,skip,skip,skip,skip,skip,skip,skip,skip,skip,skip,skip,skip,skip,skip,skip,skip,skip,skip,0.0,radicaleq
1000,radicaleq,5,skip,skip,skip,skip,skip,skip,skip,skip,skip,skip,skip,skip,skip,skip,skip,skip,skip,skip,skip,skip,0.0,radicaleq
1000,radicaleq,6,skip,skip,skip,skip,skip,skip,skip,skip,skip,skip,skip,skip,skip,skip,skip,skip,skip,skip,skip,skip,0.0,radicaleq
1001,rotate0,1,A,A,A,A,A,A,A,A,A,A,A,A,A,A,A,A,A,A,A,A,1.0,draw
1001,rotate0,2,B,B,B,B,B,B,B,B,B,B,B,B,B,B,B,B,B,B,B,B,1.0,draw
1001,rotate0,3,skip,skip,skip,skip,skip,skip,skip,skip,skip,skip,skip,skip,skip,skip,skip,skip,skip,skip,skip,skip,0.0,draw
1001,rotate0,4,skip,skip,skip,skip,skip,skip,skip,skip,skip,skip,skip,skip,skip,skip,skip,skip,skip,skip,skip,skip,0.0,draw
1001,rotate0,5,skip,skip,skip,skip,skip,skip,skip,skip,skip,skip,skip,skip,skip,skip,skip,skip,skip,skip,skip,skip,0.0,draw
1001,rotate0,6,skip,skip,skip,skip,skip,skip,skip,skip,skip,skip,skip,skip,skip,skip,skip,skip,skip,skip,skip,skip,0.0,draw
1002,rotate0,1,A,A,A,A,A,A,A,A,A,A,A,A,A,A,A,A,A,A,A,A,1.0,draw
1002,rotate0,2,B,B,B,B,B,B,B,B,B,B,B,B,B,B,B,B,B,B,B,B,1.0,draw
1002,rotate0,3,skip,skip,skip,skip,skip,skip,skip,skip,skip,skip,skip,skip,skip,skip,skip,skip,skip,skip,skip,skip,0.0,draw
1002,rotate0,4,skip,skip,skip,skip,skip,skip,skip,skip,skip,skip,skip,skip,skip,skip,skip,skip,skip,skip,skip,skip,0.0,draw
1002,rotate0,5,skip,skip,skip,skip,skip,skip,skip,skip,skip,skip,skip,skip,skip,skip,skip,skip,skip,skip,skip,skip,0.0,draw
1002,rotate0,6,skip,skip,skip,skip,skip,skip,skip,skip,skip,skip,skip,skip,skip,skip,skip,skip,skip,skip,skip,skip,0.0,draw
1003,rotate0,1,A,A,A,A,A,A,A,A,A,A,A,A,A,A,A,A,A,A,A,A,1.0,draw
1003,rotate0,2,B,B,B,B,B,B,B,B,B,B,B,B,B,B,B,B,B,B,B,B,1.0,draw
1003,rotate0,3,skip,skip,skip,skip,skip,skip,skip,skip,skip,skip,skip,skip,skip,skip,skip,skip,skip,skip,skip,skip,0.0,draw
1003,rotate0,4,skip,skip,skip,skip,skip,skip,skip,skip,skip,skip,skip,skip,skip,skip,skip,skip,skip,skip,skip,skip,0.0,draw
1003,rotate0,5,skip,skip,skip,skip,skip,skip,skip,skip,skip,skip,skip,skip,skip,skip,skip,skip,skip,skip,skip,skip,0.0,draw
1003,rotate0,6,skip,skip,skip,skip,skip,skip,skip,skip,skip,skip,skip,skip,skip,skip,skip,skip,skip,skip,skip,skip,0.0,draw
1004,rotate0,1,A,A,A,A,A,A,A,A,A,A,A,A,A,A,A,A,A,A,A,A,1.0,draw
1004,rotate0,2,B,B,B,B,B,B,B,B,B,B,B,B,B,B,B,B,B,B,B,B,1.0,draw
1004,rotate0,3,skip,skip,skip,skip,skip,skip,skip,skip,skip,skip,skip,skip,skip,skip,skip,skip,skip,skip,skip,skip,0.0,draw
1004,rotate0,4,skip,skip,skip,skip,skip,skip,skip,skip,skip,skip,skip,skip,skip,skip,skip,skip,skip,skip,skip,skip,0.0,draw
1004,rotate0,5,skip,skip,skip,skip,skip,skip,skip,skip,skip,skip,skip,skip,skip,skip,skip,skip,skip,skip,skip,skip,0.0,draw
1004,rotate0,6,skip,skip,skip,skip,skip,skip,skip,skip,skip,skip,skip,skip,skip,skip,skip,skip,skip,skip,skip,skip,0.0,draw
1005,rotate0,1,A,A,A,A,A,A,A,A,A,A,A,A,A,A,A,A,A,A,A,A,1.0,draw
1005,rotate0,2,B,B,B,B,B,B,B,B,B,B,B,B,B,B,B,B,B,B,B,B,1.0,draw
1005,rotate0,3,skip,skip,skip,skip,skip,skip,skip,skip,skip,skip,skip,skip,skip,skip,skip,skip,skip,skip,skip,skip,0.0,draw
1005,rotate0,4,skip,skip,skip,skip,skip,skip,skip,skip,skip,skip,skip,skip,skip,skip,skip,skip,skip,skip,skip,skip,0.0,draw
1005,rotate0,5,skip,skip,skip,skip,skip,skip,skip,skip,skip,skip,skip,skip,skip,skip,skip,skip,skip,skip,skip,skip,0.0,draw
1005,rotate0,6,skip,skip,skip,skip,skip,skip,skip,skip,skip,skip,skip,skip,skip,skip,skip,skip,skip,skip,skip,skip,0.0,draw
1006,rotate0,1,A,A,A,A,A,A,A,A,A,A,A,A,A,A,A,A,A,A,A,A,1.0,draw
1006,rotate0,2,B,B,B,B,B,B,B,B,B,B,B,B,B,B,B,B,B,B,B,B,1.0,draw
1006,rotate0,3,skip,skip,skip,skip,skip,skip,skip,skip,skip,skip,skip,skip,skip,skip,skip,skip,skip,skip,skip,skip,0.0,draw
1006,rotate0,4,skip,skip,skip,skip,skip,skip,skip,skip,skip,skip,skip,skip,skip,skip,skip,skip,skip,skip,skip,skip,0.0,draw
1006,rotate0,5,skip,skip,skip,skip,skip,skip,skip,skip,skip,skip,skip,skip,skip,skip,skip,skip,skip,skip,skip,skip,0.0,draw
1006,rotate0,6,skip,skip,skip,skip,skip,skip,skip,skip,skip,skip,skip,skip,skip,skip,skip,skip,skip,skip,skip,skip,0.0,draw
1007,rotate0,1,A,A,A,A,A,A,A,A,A,A,A,A,A,A,A,A,A,A,A,A,1.0,draw
1007,rotate0,2,B,B,B,B,B,B,B,B,B,B,B,B,B,B,B,B,B,B,B,B,1.0,draw
1007,rotate0,3,skip,skip,skip,skip,skip,skip,skip,skip,skip,skip,skip,skip,skip,skip,skip,skip,skip,skip,skip,skip,0.0,draw
1007,rotate0,4,skip,skip,skip,skip,skip,skip,skip,skip,skip,skip,skip,skip,skip,skip,skip,skip,skip,skip,skip,skip,0.0,draw
1007,rotate0,5,skip,skip,skip,skip,skip,skip,skip,skip,skip,skip,skip,skip,skip,skip,skip,skip,skip,skip,skip,skip,0.0,draw
1007,rotate0,6,skip,skip,skip,skip,skip,skip,skip,skip,skip,skip,skip,skip,skip,skip,skip,skip,skip,skip,skip,skip,0.0,draw
1008,rotate0,1,A,A,A,A,A,A,A,A,A,A,A,A,A,A,A,A,A,A,A,A,1.0,draw
1008,rotate0,2,B,B,B,B,B,B,B,B,B,B,B,B,B,B,B,B,B,B,B,B,1.0,draw
1008,rotate0,3,skip,skip,skip,skip,skip,skip,skip,skip,skip,skip,skip,skip,skip,skip,skip,skip,skip,skip,skip,skip,0.0,draw
1008,rotate0,4,skip,skip,skip,skip,skip,skip,skip,skip,skip,skip,skip,skip,skip,skip,skip,skip,skip,skip,skip,skip,0.0,draw
1008,rotate0,5,skip,skip,skip,skip,skip,skip,skip,skip,skip,skip,skip,skip,skip,skip,skip,skip,skip,skip,skip,skip,0.0,draw
1008,rotate0,6,skip,skip,skip,skip,skip,skip,skip,skip,skip,skip,skip,skip,skip,skip,skip,skip,skip,skip,skip,skip,0.0,draw
1009,rotate0,1,A,A,A,A,A,A,A,A,A,A,A,A,A,A,A,A,A,A,A,A,1.0,draw
1009,rotate0,2,B,B,B,B,B,B,B,B,B,B,B,B,B,B,B,B,B,B,B,B,1.0,draw
1009,rotate0,3,skip,skip,skip,skip,skip,skip,skip,skip,skip,skip,skip,skip,skip,skip,skip,skip,skip,skip,skip,skip,0.0,draw
1009,rotate0,4,skip,skip,skip,skip,skip,skip,skip,skip,skip,skip,skip,skip,skip,skip,skip,skip,skip,skip,skip,skip,0.0,draw
1009,rotate0,5,skip,skip,skip,skip,skip,skip,skip,skip,skip,skip,skip,skip,skip,skip,skip,skip,skip,skip,skip,skip,0.0,draw
1009,rotate0,6,skip,skip,skip,skip,skip,skip,skip,skip,skip,skip,skip,skip,skip,skip,skip,skip,skip,skip,skip,skip,0.0,draw
1010,rotate0,1,A,A,A,A,A,A,A,A,A,A,A,A,A,A,A,A,A,A,A,A,1.0,draw
1010,rotate0,2,B,B,B,B,B,B,B,B,B,B,B,B,B,B,B,B,B,B,B,B,1.0,draw
1010,rotate0,3,skip,skip,skip,skip,skip,skip,skip,skip,skip,skip,skip,skip,skip,skip,skip,skip,skip,skip,skip,skip,0.0,draw
1010,rotate0,4,skip,skip,skip,skip,skip,skip,skip,skip,skip,skip,skip,skip,skip,skip,skip,skip,skip,skip,skip,skip,0.0,draw
1010,rotate0,5,skip,skip,skip,skip,skip,skip,skip,skip,skip,skip,skip,skip,skip,skip,skip,skip,skip,skip,skip,skip,0.0,draw
1010,rotate0,6,skip,skip,skip,skip,skip,skip,skip,skip,skip,skip,skip,skip,skip,skip,skip,skip,skip,skip,skip,skip,0.0,draw
1011,rotate0,1,A,A,A,A,A,A,A,A,A,A,A,A,A,A,A,A,A,A,A,A,1.0,draw
1011,rotate0,2,B,B,B,B,B,B,B,B,B,B,B,B,B,B,B,B,B,B,B,B,1.0,draw
1011,rotate0,3,skip,skip,skip,skip,skip,skip,skip,skip,skip,skip,skip,skip,skip,skip,skip,skip,skip,skip,skip,skip,0.0,draw
1011,rotate0,4,skip,skip,skip,skip,skip,skip,skip,skip,skip,skip,skip,skip,skip,skip,skip,skip,skip,skip,skip,skip,0.0,draw
1011,rotate0,5,skip,skip,skip,skip,skip,skip,skip,skip,skip,skip,skip,skip,skip,skip,skip,skip,skip,skip,skip,skip,0.0,draw
1011,rotate0,6,skip,skip,skip,skip,skip,skip,skip,skip,skip,skip,skip,skip,skip,skip,skip,skip,skip,skip,skip,skip,0.0,draw
1012,rotate0,1,A,A,A,A,A,A,A,A,A,A,A,A,A,A,A,A,A,A,A,A,1.0,draw
1012,rotate0,2,B,B,B,B,B,B,B,B,B,B,B,B,B,B,B,B,B,B,B,B,1.0,draw
1012,rotate0,3,skip,skip,skip,skip,skip,skip,skip,skip,skip,skip,skip,skip,skip,skip,skip,skip,skip,skip,skip,skip,0.0,draw
1012,rotate0,4,skip,skip,skip,skip,skip,skip,skip,skip,skip,skip,skip,skip,skip,skip,skip,skip,skip,skip,skip,skip,0.0,draw
1012,rotate0,5,skip,skip,skip,skip,skip,skip,skip,skip,skip,skip,skip,skip,skip,skip,skip,skip,skip,skip,skip,skip,0.0,draw
1012,rotate0,6,skip,skip,skip,skip,skip,skip,skip,skip,skip,skip,skip,skip,skip,skip,skip,skip,skip,skip,skip,skip,0.0,draw
1013,rotate0,1,A,A,A,A,A,A,A,A,A,A,A,A,A,A,A,A,A,A,A,A,1.0,draw
1013,rotate0,2,B,B,B,B,B,B,B,B,B,B,B,B,B,B,B,B,B,B,B,B,1.0,draw
1013,rotate0,3,skip,skip,skip,skip,skip,skip,skip,skip,skip,skip,skip,skip,skip,skip,skip,skip,skip,skip,skip,skip,0.0,draw
1013,rotate0,4,skip,skip,skip,skip,skip,skip,skip,skip,skip,skip,skip,skip,skip,skip,skip,skip,skip,skip,skip,skip,0.0,draw
1013,rotate0,5,skip,skip,skip,skip,skip,skip,skip,skip,skip,skip,skip,skip,skip,skip,skip,skip,skip,skip,skip,skip,0.0,draw
1013,rotate0,6,skip,skip,skip,skip,skip,skip,skip,skip,skip,skip,skip,skip,skip,skip,skip,skip,skip,skip,skip,skip,0.0,draw
1014,rotate0,1,A,A,A,A,A,A,A,A,A,A,A,A,A,A,A,A,A,A,A,A,1.0,draw
1014,rotate0,2,B,B,B,B,B,B,B,B,B,B,B,B,B,B,B,B,B,B,B,B,1.0,draw
1014,rotate0,3,skip,skip,skip,skip,skip,skip,skip,skip,skip,skip,skip,skip,skip,skip,skip,skip,skip,skip,skip,skip,0.0,draw
1014,rotate0,4,skip,skip,skip,skip,skip,skip,skip,skip,skip,skip,skip,skip,skip,skip,skip,skip,skip,skip,skip,skip,0.0,draw
1014,rotate0,5,skip,skip,skip,skip,skip,skip,skip,skip,skip,skip,skip,skip,skip,skip,skip,skip,skip,skip,skip,skip,0.0,draw
1014,rotate0,6,skip,skip,skip,skip,skip,skip,skip,skip,skip,skip,skip,skip,skip,skip,skip,skip,skip,skip,skip,skip,0.0,draw
1015,rotate0,1,A,A,A,A,A,A,A,A,A,A,A,A,A,A,A,A,A,A,A,A,1.0,draw
1015,rotate0,2,B,B,B,B,B,B,B,B,B,B,B,B,B,B,B,B,B,B,B,B,1.0,draw
1015,rotate0,3,skip,skip,skip,skip,skip,skip,skip,skip,skip,skip,skip,skip,skip,skip,skip,skip,skip,skip,skip,skip,0.0,draw
1015,rotate0,4,skip,skip,skip,skip,skip,skip,skip,skip,skip,skip,skip,skip,skip,skip,skip,skip,skip,skip,skip,skip,0.0,draw
1015,rotate0,5,skip,skip,skip,skip,skip,skip,skip,skip,skip,skip,skip,skip,skip,skip,skip,skip,skip,skip,skip,skip,0.0,draw
1015,rotate0,6,skip,skip,skip,skip,skip,skip,skip,skip,skip,skip,skip,skip,skip,skip,skip,skip,skip,skip,skip,skip,0.0,draw
1016,rotate0,1,A,A,A,A,A,A,A,A,A,A,A,A,A,A,A,A,A,A,A,A,1.0,draw
1016,rotate0,2,B,B,B,B,B,B,B,B,B,B,B,B,B,B,B,B,B,B,B,B,1.0,draw
1016,rotate0,3,skip,skip,skip,skip,skip,skip,skip,skip,skip,skip,skip,skip,skip,skip,skip,skip,skip,skip,skip,skip,0.0,draw
1016,rotate0,4,skip,skip,skip,skip,skip,skip,skip,skip,skip,skip,skip,skip,skip,skip,skip,skip,skip,skip,skip,skip,0.0,draw
1016,rotate0,5,skip,skip,skip,skip,skip,skip,skip,skip,skip,skip,skip,skip,skip,skip,skip,skip,skip,skip,skip,skip,0.0,draw
1016,rotate0,6,skip,skip,skip,skip,skip,skip,skip,skip,skip,skip,skip,skip,skip,skip,skip,skip,skip,skip,skip,skip,0.0,draw
1017,rotate0,1,A,A,A,A,A,A,A,A,A,A,A,A,A,A,A,A,A,A,A,A,1.0,draw
1017,rotate0,2,B,B,B,B,B,B,B,B,B,B,B,B,B,B,B,B,B,B,B,B,1.0,draw
1017,rotate0,3,skip,skip,skip,skip,skip,skip,skip,skip,skip,skip,skip,skip,skip,skip,skip,skip,skip,skip,skip,skip,0.0,draw
1017,rotate0,4,skip,skip,skip,skip,skip,skip,skip,skip,skip,skip,skip,skip,skip,skip,skip,skip,skip,skip,skip,skip,0.0,draw
1017,rotate0,5,skip,skip,skip,skip,skip,skip,skip,skip,skip,skip,skip,skip,skip,skip,skip,skip,skip,skip,skip,skip,0.0,draw
1017,rotate0,6,skip,skip,skip,skip,skip,skip,skip,skip,skip,skip,skip,skip,skip,skip,skip,skip,skip,skip,skip,skip,0.0,draw
1018,rotate0,1,A,A,A,A,A,A,A,A,A,A,A,A,A,A,A,A,A,A,A,A,1.0,draw
1018,rotate0,2,B,B,B,B,B,B,B,B,B,B,B,B,B,B,B,B,B,B,B,B,1.0,draw
1018,rotate0,3,skip,skip,skip,skip,skip,skip,skip,skip,skip,skip,skip,skip,skip,skip,skip,skip,skip,skip,skip,skip,0.0,draw
1018,rotate0,4,skip,skip,skip,skip,skip,skip,skip,skip,skip,skip,skip,skip,skip,skip,skip,skip,skip,skip,skip,skip,0.0,draw
1018,rotate0,5,skip,skip,skip,skip,skip,skip,skip,skip,skip,skip,skip,skip,skip,skip,skip,skip,skip,skip,skip,skip,0.0,draw
1018,rotate0,6,skip,skip,skip,skip,skip,skip,skip,skip,skip,skip,skip,skip,skip,skip,skip,skip,skip,skip,skip,skip,0.0,draw
1019,rotate0,1,A,A,A,A,A,A,A,A,A,A,A,A,A,A,A,A,A,A,A,A,1.0,draw
1019,rotate0,2,B,B,B,B,B,B,B,B,B,B,B,B,B,B,B,B,B,B,B,B,1.0,draw
1019,rotate0,3,skip,skip,skip,skip,skip,skip,skip,skip,skip,skip,skip,skip,skip,skip,skip,skip,skip,skip,skip,skip,0.0,draw
1019,rotate0,4,skip,skip,skip,skip,skip,skip,skip,skip,skip,skip,skip,skip,skip,skip,skip,skip,skip,skip,skip,skip,0.0,draw
1019,rotate0,5,skip,skip,skip,skip,skip,skip,skip,skip,skip,skip,skip,skip,skip,skip,skip,skip,skip,skip,skip,skip,0.0,draw
1019,rotate0,6,skip,skip,skip,skip,skip,skip,skip,skip,skip,skip,skip,skip,skip,skip,skip,skip,skip,skip,skip,skip,0.0,draw
1020,rotate0,1,A,A,A,A,A,A,A,A,A,A,A,A,A,A,A,A,A,A,A,A,1.0,draw
1020,rotate0,2,B,B,B,B,B,B,B,B,B,B,B,B,B,B,B,B,B,B,B,B,1.0,draw
1020,rotate0,3,skip,skip,skip,skip,skip,skip,skip,skip,skip,skip,skip,skip,skip,skip,skip,skip,skip,skip,skip,skip,0.0,draw
1020,rotate0,4,skip,skip,skip,skip,skip,skip,skip,skip,skip,skip,skip,skip,skip,skip,skip,skip,skip,skip,skip,skip,0.0,draw
1020,rotate0,5,skip,skip,skip,skip,skip,skip,skip,skip,skip,skip,skip,skip,skip,skip,skip,skip,skip,skip,skip,skip,0.0,draw
1020,rotate0,6,skip,skip,skip,skip,skip,skip,skip,skip,skip,skip,skip,skip,skip,skip,skip,skip,skip,skip,skip,skip,0.0,draw
1021,random,1,skip,A,A,B,A,A,skip,B,B,B,skip,skip,A,B,B,A,B,A,A,skip,0.0,caste
1021,caste,2,B,B,B,B,B,B,B,B,B,B,B,B,B,B,B,B,B,B,B,B,0.25,caste
1021,caste,3,skip,A,A,A,A,A,A,A,A,A,A,A,A,A,A,A,A,A,A,A,0.3,caste
1021,caste,4,skip,skip,skip,skip,skip,skip,skip,skip,skip,skip,skip,skip,skip,skip,skip,skip,skip,skip,skip,skip,0.0,caste
1021,random,5,A,A,skip,B,B,A,skip,A,skip,A,B,B,skip,B,B,B,B,B,A,A,0.0,caste
1021,random,6,A,skip,skip,A,A,B,B,B,B,B,skip,A,B,skip,B,A,B,A,skip,skip,0.0,caste
1022,caste,1,A,A,A,B,A,A,A,A,B,B,B,B,A,A,A,A,A,A,A,A,0.35,caste
1022,random,2,skip,B,A,B,B,A,B,A,skip,A,B,A,A,A,skip,B,skip,A,skip,A,0.0,caste
1022,random,3,skip,B,skip,A,B,A,skip,skip,skip,B,skip,B,B,B,B,A,A,skip,B,A,0.05,caste
1022,caste,4,skip,skip,skip,skip,skip,skip,B,skip,A,A,A,A,B,B,B,B,B,B,B,B,0.2,caste
1022,random,5,B,skip,skip,skip,B,B,skip,A,skip,skip,skip,B,B,A,B,A,skip,B,B,A,0.1,caste
1022,caste,6,skip,skip,skip,skip,skip,skip,skip,skip,skip,skip,skip,skip,skip,skip,skip,skip,skip,skip,skip,skip,0.0,caste
1023,caste,1,A,A,B,B,B,B,B,B,B,B,B,A,A,B,A,A,A,A,A,B,0.3,caste
1023,caste,2,B,B,A,A,A,A,A,A,A,A,A,B,B,A,B,B,B,B,B,A,0.45,caste
1023,random,3,B,A,skip,B,B,skip,A,skip,skip,A,A,B,A,A,A,A,B,skip,B,B,0.0,caste
1023,random,4,B,skip,B,skip,B,A,skip,B,skip,B,A,B,A,A,skip,A,A,B,B,B,0.0,caste
1023,caste,5,skip,skip,skip,skip,skip,skip,skip,skip,skip,skip,skip,skip,skip,skip,skip,skip,skip,skip,skip,skip,0.0,caste
1023,random,6,B,skip,skip,B,skip,skip,skip,B,A,A,skip,A,A,B,skip,skip,skip,A,B,skip,0.0,caste
1024,caste,1,A,A,A,A,A,A,A,A,A,A,B,B,A,A,A,A,A,A,A,A,0.45,caste
1024,caste,2,B,B,B,B,B,B,B,B,B,B,A,A,B,B,B,B,B,B,B,B,0.3,caste
1024,random,3,B,B,A,B,skip,B,skip,skip,A,skip,B,skip,B,skip,skip,B,A,A,A,skip,0.0,caste
1024,caste,4,skip,skip,skip,skip,skip,skip,skip,skip,skip,skip,skip,skip,skip,skip,skip,skip,skip,skip,skip,skip,0.0,caste
1024,random,5,B,skip,A,skip,skip,B,A,skip,A,skip,A,A,A,skip,B,skip,B,B,A,B,0.0,caste
1024,random,6,B,B,B,B,skip,skip,skip,A,A,A,skip,skip,B,B,A,B,A,B,skip,skip,0.0,caste
1025,random,1,A,B,B,A,B,A,B,skip,A,B,skip,skip,A,skip,B,B,B,A,skip,B,0.05,caste
1025,random,2,skip,B,B,B,B,skip,A,B,B,skip,A,skip,A,B,skip,skip,B,B,skip,A,0.05,caste
1025,caste,3,skip,A,A,A,B,A,A,A,A,A,A,A,A,A,A,A,A,A,A,A,0.45,caste
1025,caste,4,skip,skip,skip,skip,A,B,B,B,B,B,B,B,B,B,B,B,B,B,B,B,0.15,caste
1025,caste,5,skip,skip,skip,skip,skip,skip,skip,skip,skip,skip,skip,skip,skip,skip,skip,skip,skip,skip,skip,skip,0.0,caste
1025,random,6,skip,B,skip,A,skip,A,skip,skip,B,skip,A,B,B,B,A,skip,skip,A,B,A,0.0,caste
1026,random,1,skip,A,A,B,skip,A,skip,A,B,skip,B,A,B,skip,B,skip,skip,A,A,B,0.0,caste
1026,caste,2,B,A,A,A,A,A,A,A,B,B,B,B,B,B,B,B,B,B,A,A,0.3,caste
1026,caste,3,skip,B,B,B,B,B,B,B,A,A,A,A,A,A,A,A,A,A,B,B,0.3,caste
1026,random,4,B,A,B,A,skip,skip,skip,A,skip,skip,A,B,skip,B,skip,skip,A,skip,A,B,0.0,caste
1026,caste,5,skip,skip,skip,skip,skip,skip,skip,skip,skip,skip,skip,skip,skip,skip,skip,skip,skip,skip,skip,skip,0.0,caste
1026,random,6,B,B,A,A,B,B,B,A,B,B,B,A,skip,A,skip,A,A,skip,skip,skip,0.0,caste
1027,random,1,A,A,A,A,skip,B,A,skip,B,skip,skip,A,A,A,B,skip,B,B,skip,A,0.15,caste
1027,caste,2,B,B,B,B,B,A,A,A,A,A,A,A,A,A,A,A,A,A,A,A,0.3,caste
1027,caste,3,skip,skip,skip,skip,skip,B,B,B,B,B,B,B,B,B,B,B,B,B,B,B,0.1,caste
1027,random,4,skip,B,skip,B,A,skip,A,B,skip,skip,B,A,B,B,A,skip,A,skip,B,B,0.05,caste
1027,random,5,A,B,skip,skip,B,A,skip,A,B,B,A,B,A,A,B,skip,A,A,B,B,0.0,caste
1027,caste,6,skip,skip,skip,skip,skip,skip,skip,skip,skip,skip,skip,skip,skip,skip,skip,skip,skip,skip,skip,skip,0.0,caste
1028,random,1,skip,A,B,skip,skip,A,B,skip,B,skip,A,skip,B,skip,skip,skip,B,B,skip,B,0.0,caste
1028,random,2,skip,A,A,A,A,B,skip,A,skip,B,A,B,A,skip,A,A,A,A,skip,skip,0.0,caste
1028,random,3,A,A,A,skip,skip,B,A,B,A,skip,A,skip,skip,A,B,B,B,B,A,A,0.05,caste
1028,caste,4,skip,B,B,B,B,B,B,B,B,B,B,B,B,B,B,B,B,B,B,B,0.3,caste
1028,caste,5,skip,A,A,A,A,A,A,A,A,A,A,A,A,A,A,A,A,A,A,A,0.1,caste
1028,caste,6,skip,skip,skip,skip,skip,skip,skip,skip,skip,skip,skip,skip,skip,skip,skip,skip,skip,skip,skip,skip,0.0,caste
1029,random,1,A,skip,A,B,A,A,A,skip,A,B,skip,B,B,B,A,B,B,skip,A,A,0.05,caste
1029,caste,2,B,B,A,B,B,B,B,A,A,A,A,A,A,A,A,A,A,A,A,A,0.25,caste
1029,random,3,skip,A,A,A,A,B,A,B,skip,A,B,A,B,skip,skip,A,B,B,skip,A,0.05,caste
1029,random,4,B,B,skip,B,B,skip,B,skip,skip,A,A,B,skip,skip,A,skip,skip,B,B,A,0.0,caste
1029,caste,5,skip,skip,B,A,A,A,A,B,B,B,B,B,B,B,B,B,B,B,B,B,0.2,caste
1029,caste,6,skip,skip,skip,skip,skip,skip,skip,skip,skip,skip,skip,skip,skip,skip,skip,skip,skip,skip,skip,skip,0.0,caste
1030,caste,1,A,A,B,skip,B,B,B,B,B,skip,skip,A,A,B,A,B,B,B,B,B,0.25,random
1030,random,2,B,A,skip,B,A,A,skip,B,B,skip,A,B,B,skip,B,skip,B,B,skip,skip,0.05,random
1030,caste,3,skip,skip,A,B,A,A,A,A,A,A,A,B,B,A,B,A,A,A,A,A,0.35,random
1030,random,4,A,A,B,A,skip,B,skip,skip,skip,B,A,A,B,skip,skip,A,B,B,skip,A,0.1,random
1030,random,5,A,B,B,B,B,skip,B,skip,A,skip,skip,A,B,A,skip,A,skip,B,B,skip,0.05,random
1030,caste,6,skip,skip,skip,skip,skip,skip,skip,skip,skip,skip,skip,skip,skip,skip,skip,skip,skip,skip,skip,skip,0.0,random
1031,caste,1,A,B,A,A,A,A,A,A,A,A,A,A,A,A,A,A,A,A,A,A,0.4,caste
1031,random,2,B,B,skip,A,skip,skip,B,B,A,B,A,B,A,A,skip,B,A,B,A,B,0.0,caste
1031,random,3,B,skip,B,A,B,B,B,A,B,A,skip,B,B,skip,B,A,skip,B,A,B,0.05,caste
1031,caste,4,skip,skip,skip,skip,B,B,skip,skip,skip,B,B,B,B,B,B,B,B,B,B,B,0.1,caste
1031,caste,5,skip,skip,skip,skip,skip,skip,skip,skip,skip,skip,skip,skip,skip,skip,skip,skip,skip,skip,skip,skip,0.0,caste
1031,random,6,A,B,B,B,skip,B,B,B,skip,skip,skip,B,B,B,skip,skip,B,B,skip,skip,0.05,caste
1032,random,1,A,skip,skip,skip,B,B,skip,A,A,B,skip,skip,skip,B,B,A,B,skip,skip,A,0.0,caste
1032,random,2,A,B,skip,A,skip,A,A,skip,B,skip,A,skip,A,skip,B,A,skip,skip,B,A,0.05,caste
1032,caste,3,skip,A,B,A,A,A,A,A,A,A,A,A,A,B,B,B,B,B,B,B,0.25,caste
1032,random,4,B,skip,B,B,B,B,B,B,B,B,A,A,skip,A,B,B,B,skip,A,A,0.1,caste
1032,caste,5,skip,skip,skip,skip,B,B,B,B,B,B,B,B,B,A,A,A,A,A,A,A,0.3,caste
1032,caste,6,skip,skip,skip,skip,skip,skip,skip,skip,skip,skip,skip,skip,skip,skip,skip,skip,skip,skip,skip,skip,0.0,caste
1033,caste,1,A,A,B,B,A,B,A,A,A,A,A,A,A,A,A,B,B,B,B,B,0.25,random
1033,random,2,B,A,B,B,A,A,B,A,skip,B,skip,skip,B,B,A,skip,A,A,skip,B,0.05,random
1033,random,3,A,skip,skip,A,A,A,skip,A,B,A,B,A,A,skip,B,A,A,B,A,skip,0.05,random
1033,random,4,skip,B,skip,B,skip,B,B,A,A,B,B,A,A,B,A,skip,skip,B,B,skip,0.05,random
1033,caste,5,skip,skip,skip,skip,B,A,B,B,B,B,B,B,B,B,B,A,A,A,A,A,0.2,random
1033,caste,6,skip,skip,skip,skip,skip,skip,skip,skip,skip,skip,skip,skip,skip,skip,skip,skip,skip,skip,skip,skip,0.0,random
1034,caste,1,A,A,B,B,B,A,A,A,A,A,A,A,A,A,A,A,A,A,A,A,0.25,caste
1034,random,2,B,A,A,skip,B,A,A,skip,B,skip,skip,B,B,skip,A,B,skip,A,A,B,0.05,caste
1034,caste,3,skip,skip,A,A,A,B,B,B,B,B,B,B,B,B,B,B,B,B,B,B,0.35,caste
1034,random,4,A,skip,skip,B,skip,skip,A,A,A,skip,B,B,B,skip,skip,B,skip,skip,B,A,0.0,caste
1034,caste,5,skip,skip,skip,skip,skip,skip,skip,skip,skip,skip,skip,skip,skip,skip,skip,skip,skip,skip,skip,skip,0.0,caste
1034,random,6,A,skip,B,A,skip,A,A,A,B,A,skip,B,B,A,A,B,B,B,B,skip,0.0,caste
1035,caste,1,A,A,A,A,A,A,A,A,A,A,A,A,A,A,B,B,B,B,B,B,0.3,caste
1035,caste,2,B,B,B,B,B,B,B,B,B,B,B,B,B,B,A,A,A,A,A,A,0.25,caste
1035,random,3,A,B,skip,B,A,skip,A,B,B,skip,A,A,A,skip,A,skip,skip,skip,A,skip,0.0,caste
1035,random,4,B,B,B,skip,B,skip,B,A,A,A,A,skip,B,skip,B,skip,skip,B,A,B,0.0,caste
1035,random,5,skip,skip,B,skip,skip,A,skip,skip,A,skip,B,B,skip,A,skip,A,skip,A,A,skip,0.0,caste
1035,caste,6,skip,skip,skip,skip,skip,skip,skip,skip,skip,skip,skip,skip,skip,skip,skip,skip,skip,skip,skip,skip,0.0,caste
1036,random,1,skip,A,B,B,A,B,skip,skip,B,B,A,B,A,B,B,skip,B,skip,A,B,0.0,caste
1036,random,2,B,B,skip,B,B,A,skip,B,B,B,A,A,A,A,A,skip,B,A,B,B,0.0,caste
1036,caste,3,skip,B,A,B,A,A,A,A,A,A,A,B,B,B,B,B,B,B,B,B,0.15,caste
1036,caste,4,skip,skip,B,skip,B,B,B,B,B,B,B,A,A,A,A,A,A,A,A,A,0.2,caste
1036,random,5,B,A,A,skip,skip,skip,skip,A,skip,A,A,B,B,B,skip,B,skip,A,skip,A,0.0,caste
1036,caste,6,skip,skip,skip,skip,skip,skip,skip,skip,skip,skip,skip,skip,skip,skip,skip,skip,skip,skip,skip,skip,0.0,caste
1037,caste,1,A,B,A,A,A,A,A,A,A,A,A,A,A,A,A,A,A,A,A,A,0.45,caste
1037,random,2,skip,skip,B,B,A,B,skip,B,B,B,A,B,skip,B,A,B,skip,A,skip,B,0.0,caste
1037,caste,3,skip,A,B,B,B,B,B,B,B,B,B,B,B,B,B,B,B,B,B,B,0.2,caste
1037,caste,4,skip,skip,skip,skip,skip,skip,skip,skip,skip,skip,skip,skip,skip,skip,skip,skip,skip,skip,skip,skip,0.0,caste
1037,random,5,A,skip,skip,B,B,skip,B,A,B,skip,A,B,A,skip,skip,B,B,A,B,A,0.0,caste
1037,random,6,skip,B,B,skip,B,skip,B,B,skip,B,skip,B,B,A,A,skip,B,A,A,B,0.0,caste
1038,random,1,skip,A,B,B,A,A,A,A,A,skip,skip,B,skip,A,skip,A,B,A,skip,A,0.0,caste
1038,caste,2,B,A,A,A,A,A,A,skip,A,A,A,A,A,A,A,A,A,A,A,A,0.15,caste
1038,random,3,B,A,skip,A,B,A,skip,A,A,skip,A,B,B,skip,B,B,A,A,A,A,0.0,caste
1038,caste,4,skip,B,B,B,B,B,B,B,B,B,B,B,B,B,B,B,B,B,B,B,0.4,caste
1038,random,5,A,A,A,A,skip,skip,skip,skip,A,A,B,B,B,B,skip,A,A,skip,A,B,0.05,caste
1038,caste,6,skip,skip,skip,skip,skip,skip,skip,skip,skip,skip,skip,skip,skip,skip,skip,skip,skip,skip,skip,skip,0.0,caste
1039,caste,1,A,A,A,A,A,A,A,A,A,A,A,A,A,A,A,A,A,A,B,B,0.25,caste
1039,caste,2,B,B,B,B,B,B,B,B,B,B,B,B,B,B,B,B,B,B,A,A,0.25,caste
1039,caste,3,skip,skip,skip,skip,skip,skip,skip,skip,skip,skip,skip,skip,skip,skip,skip,skip,skip,skip,skip,skip,0.0,caste
1039,random,4,B,A,A,skip,A,skip,B,A,skip,A,B,skip,A,A,skip,A,B,B,skip,B,0.0,caste
1039,random,5,A,skip,A,A,B,A,A,A,A,skip,skip,A,skip,A,B,B,B,B,A,B,0.0,caste
1039,random,6,skip,skip,A,B,A,B,B,B,skip,A,skip,B,B,B,skip,A,skip,skip,A,B,0.0,caste
1040,random,1,skip,B,B,B,B,A,skip,B,B,A,skip,skip,A,skip,B,A,A,skip,B,A,0.05,caste
1040,caste,2,B,A,B,B,B,B,B,B,A,A,A,A,A,A,A,A,A,A,A,A,0.2,caste
1040,random,3,skip,A,A,B,A,B,A,B,A,A,A,B,A,B,skip,B,B,B,skip,B,0.0,caste
1040,caste,4,skip,skip,A,A,A,A,A,A,B,B,B,B,B,B,B,B,B,B,B,B,0.15,caste
1040,caste,5,skip,skip,skip,skip,skip,skip,skip,skip,skip,skip,skip,skip,skip,skip,skip,skip,skip,skip,skip,skip,0.0,caste
1040,random,6,skip,skip,A,A,skip,skip,skip,skip,B,A,B,A,skip,A,skip,B,skip,B,A,B,0.0,caste
1041,caste,1,A,A,B,A,B,B,B,A,A,A,A,A,A,A,A,A,A,A,A,A,0.5,rotate
1041,rotate,2,B,skip,skip,skip,skip,A,B,skip,skip,skip,skip,A,B,skip,skip,skip,skip,A,B,skip,0.1,rotate
1041,rotate,3,skip,skip,skip,skip,A,B,skip,skip,skip,skip,A,B,skip,skip,skip,skip,A,B,skip,skip,0.05,rotate
1041,rotate,4,skip,skip,skip,A,B,skip,skip,skip,skip,A,B,skip,skip,skip,skip,A,B,skip,skip,skip,0.0,rotate
1041,caste,5,skip,skip,skip,skip,skip,skip,A,B,B,B,B,B,B,B,B,B,B,B,B,B,0.4,rotate
1041,caste,6,skip,skip,skip,skip,skip,skip,skip,skip,skip,skip,skip,skip,skip,skip,skip,skip,skip,skip,skip,skip,0.0,rotate
1042,caste,1,A,A,B,A,B,B,A,A,B,A,A,B,B,A,A,A,A,A,A,A,0.4,rotate
1042,rotate,2,B,skip,skip,skip,skip,A,B,skip,skip,skip,skip,A,B,skip,skip,skip,skip,A,B,skip,0.1,rotate
1042,rotate,3,skip,skip,skip,skip,A,B,skip,skip,skip,skip,A,B,skip,skip,skip,skip,A,B,skip,skip,0.05,rotate
1042,caste,4,skip,skip,skip,skip,skip,skip,B,skip,A,B,B,A,A,B,B,B,B,B,B,B,0.4,rotate
1042,caste,5,skip,skip,skip,skip,skip,skip,skip,skip,skip,skip,skip,skip,skip,skip,skip,skip,skip,skip,skip,skip,0.0,rotate
1042,rotate,6,skip,A,B,skip,skip,skip,skip,A,B,skip,skip,skip,skip,A,B,skip,skip,skip,skip,A,0.0,rotate
1043,caste,1,A,A,A,A,A,A,A,A,A,A,A,A,A,A,A,A,A,A,A,A,0.5,caste
1043,caste,2,B,B,B,B,B,B,B,B,B,B,B,B,B,B,B,B,B,B,B,B,0.55,caste
1043,rotate,3,skip,skip,skip,skip,A,B,skip,skip,skip,skip,A,B,skip,skip,skip,skip,A,B,skip,skip,0.0,caste
1043,rotate,4,skip,skip,skip,A,B,skip,skip,skip,skip,A,B,skip,skip,skip,skip,A,B,skip,skip,skip,0.0,caste
1043,caste,5,skip,skip,skip,skip,skip,skip,skip,skip,skip,skip,skip,skip,skip,skip,skip,skip,skip,skip,skip,skip,0.0,caste
1043,rotate,6,skip,A,B,skip,skip,skip,skip,A,B,skip,skip,skip,skip,A,B,skip,skip,skip,skip,A,0.0,caste
1044,caste,1,A,A,B,B,B,B,B,B,B,B,B,B,B,B,B,B,B,B,B,B,0.55,rotate
1044,rotate,2,B,skip,skip,skip,skip,A,B,skip,skip,skip,skip,A,B,skip,skip,skip,skip,A,B,skip,0.05,rotate
1044,caste,3,skip,skip,A,skip,A,A,A,A,A,A,A,A,A,A,A,A,A,A,A,A,0.45,rotate
1044,rotate,4,skip,skip,skip,A,B,skip,skip,skip,skip,A,B,skip,skip,skip,skip,A,B,skip,skip,skip,0.05,rotate
1044,rotate,5,skip,skip,A,B,skip,skip,skip,skip,A,B,skip,skip,skip,skip,A,B,skip,skip,skip,skip,0.0,rotate
1044,caste,6,skip,skip,skip,skip,skip,skip,skip,skip,skip,skip,skip,skip,skip,skip,skip,skip,skip,skip,skip,skip,0.0,rotate
1045,rotate,1,A,B,skip,skip,skip,skip,A,B,skip,skip,skip,skip,A,B,skip,skip,skip,skip,A,B,0.05,rotate
1045,caste,2,B,B,A,skip,A,A,A,B,B,A,B,B,B,B,B,B,B,B,B,B,0.45,rotate
1045,caste,3,skip,skip,B,A,B,B,B,A,A,B,A,A,A,A,A,A,A,A,A,A,0.5,rotate
1045,rotate,4,skip,skip,skip,A,B,skip,skip,skip,skip,A,B,skip,skip,skip,skip,A,B,skip,skip,skip,0.0,rotate
1045,rotate,5,skip,skip,A,B,skip,skip,skip,skip,A,B,skip,skip,skip,skip,A,B,skip,skip,skip,skip,0.05,rotate
1045,caste,6,skip,skip,skip,skip,skip,skip,skip,skip,skip,skip,skip,skip,skip,skip,skip,skip,skip,skip,skip,skip,0.0,rotate
1046,caste,1,A,A,B,B,B,B,B,B,B,B,B,B,B,B,B,B,B,B,B,B,0.5,rotate
1046,rotate,2,B,skip,skip,skip,skip,A,B,skip,skip,skip,skip,A,B,skip,skip,skip,skip,A,B,skip,0.05,rotate
1046,caste,3,skip,skip,A,skip,A,A,A,A,A,A,A,A,A,A,A,A,A,A,A,A,0.4,rotate
1046,caste,4,skip,skip,skip,skip,skip,skip,skip,skip,skip,skip,skip,skip,skip,skip,skip,skip,skip,skip,skip,skip,0.0,rotate
1046,rotate,5,skip,skip,A,B,skip,skip,skip,skip,A,B,skip,skip,skip,skip,A,B,skip,skip,skip,skip,0.0,rotate
1046,rotate,6,skip,A,B,skip,skip,skip,skip,A,B,skip,skip,skip,skip,A,B,skip,skip,skip,skip,A,0.0,rotate
1047,caste,1,A,A,B,A,A,A,A,B,B,A,A,B,B,A,A,B,B,A,A,B,0.5,rotate
1047,rotate,2,B,skip,skip,skip,skip,A,B,skip,skip,skip,skip,A,B,skip,skip,skip,skip,A,B,skip,0.05,rotate
1047,caste,3,skip,skip,A,B,B,B,B,A,A,B,B,A,A,B,B,A,A,B,B,A,0.45,rotate
1047,rotate,4,skip,skip,skip,A,B,skip,skip,skip,skip,A,B,skip,skip,skip,skip,A,B,skip,skip,skip,0.0,rotate
1047,caste,5,skip,skip,skip,skip,skip,skip,skip,skip,skip,skip,skip,skip,skip,skip,skip,skip,skip,skip,skip,skip,0.0,rotate
1047,rotate,6,skip,A,B,skip,skip,skip,skip,A,B,skip,skip,skip,skip,A,B,skip,skip,skip,skip,A,0.0,rotate
1048,rotate,1,A,B,skip,skip,skip,skip,A,B,skip,skip,skip,skip,A,B,skip,skip,skip,skip,A,B,0.05,rotate
1048,caste,2,B,B,A,B,A,A,A,B,B,B,B,B,B,B,B,B,B,B,B,A,0.45,rotate
1048,caste,3,skip,skip,B,skip,B,B,B,A,A,A,A,A,A,A,A,A,A,A,A,B,0.45,rotate
1048,caste,4,skip,skip,skip,skip,skip,skip,skip,skip,skip,skip,skip,skip,skip,skip,skip,skip,skip,skip,skip,skip,0.0,rotate
1048,rotate,5,skip,skip,A,B,skip,skip,skip,skip,A,B,skip,skip,skip,skip,A,B,skip,skip,skip,skip,0.0,rotate
1048,rotate,6,skip,A,B,skip,skip,skip,skip,A,B,skip,skip,skip,skip,A,B,skip,skip,skip,skip,A,0.05,rotate
1049,caste,1,A,A,A,A,A,A,A,A,A,A,A,A,A,A,A,A,A,A,A,A,0.55,caste
1049,caste,2,B,B,B,B,B,B,B,B,B,B,B,B,B,B,B,B,B,B,B,B,0.55,caste
1049,rotate,3,skip,skip,skip,skip,A,B,skip,skip,skip,skip,A,B,skip,skip,skip,skip,A,B,skip,skip,0.0,caste
1049,rotate,4,skip,skip,skip,A,B,skip,skip,skip,skip,A,B,skip,skip,skip,skip,A,B,skip,skip,skip,0.0,caste
1049,rotate,5,skip,skip,A,B,skip,skip,skip,skip,A,B,skip,skip,skip,skip,A,B,skip,skip,skip,skip,0.0,caste
1049,caste,6,skip,skip,skip,skip,skip,skip,skip,skip,skip,skip,skip,skip,skip,skip,skip,skip,skip,skip,skip,skip,0.0,caste
1050,rotate,1,A,B,skip,skip,skip,skip,A,B,skip,skip,skip,skip,A,B,skip,skip,skip,skip,A,B,0.25,rotate
1050,rotate,2,B,skip,skip,skip,skip,A,B,skip,skip,skip,skip,A,B,skip,skip,skip,skip,A,B,skip,0.05,rotate
1050,caste,3,skip,skip,A,A,B,B,B,A,A,B,B,A,B,B,A,A,B,A,A,B,0.3,rotate
1050,rotate,4,skip,skip,skip,A,B,skip,skip,skip,skip,A,B,skip,skip,skip,skip,A,B,skip,skip,skip,0.05,rotate
1050,caste,5,skip,skip,skip,skip,skip,A,skip,skip,skip,skip,skip,skip,skip,A,B,B,A,B,B,A,0.3,rotate
1050,caste,6,skip,skip,skip,skip,skip,skip,skip,skip,skip,skip,skip,skip,skip,skip,skip,skip,skip,skip,skip,skip,0.0,rotate
1051,rotate,1,A,B,skip,skip,skip,skip,A,B,skip,skip,skip,skip,A,B,skip,skip,skip,skip,A,B,0.05,rotate
1051,caste,2,B,B,A,A,B,A,A,B,A,A,B,B,B,B,A,A,A,A,A,B,0.45,rotate
1051,caste,3,skip,skip,B,skip,A,B,B,A,B,B,A,A,A,A,B,B,B,B,B,A,0.45,rotate
1051,rotate,4,skip,skip,skip,A,B,skip,skip,skip,skip,A,B,skip,skip,skip,skip,A,B,skip,skip,skip,0.0,rotate
1051,caste,5,skip,skip,skip,skip,skip,skip,skip,skip,skip,skip,skip,skip,skip,skip,skip,skip,skip,skip,skip,skip,0.0,rotate
1051,rotate,6,skip,A,B,skip,skip,skip,skip,A,B,skip,skip,skip,skip,A,B,skip,skip,skip,skip,A,0.05,rotate
1052,rotate,1,A,B,skip,skip,skip,skip,A,B,skip,skip,skip,skip,A,B,skip,skip,skip,skip,A,B,0.05,rotate
1052,caste,2,B,B,A,A,A,B,A,B,B,B,B,B,B,B,B,B,B,B,B,B,0.45,rotate
1052,rotate,3,skip,skip,skip,skip,A,B,skip,skip,skip,skip,A,B,skip,skip,skip,skip,A,B,skip,skip,0.0,rotate
1052,caste,4,skip,skip,skip,skip,skip,skip,skip,A,A,A,A,A,A,A,A,A,A,A,A,A,0.3,rotate
1052,caste,5,skip,skip,skip,skip,skip,skip,skip,skip,skip,skip,skip,skip,skip,skip,skip,skip,skip,skip,skip,skip,0.0,rotate
1052,rotate,6,skip,A,B,skip,skip,skip,skip,A,B,skip,skip,skip,skip,A,B,skip,skip,skip,skip,A,0.1,rotate
1053,rotate,1,A,B,skip,skip,skip,skip,A,B,skip,skip,skip,skip,A,B,skip,skip,skip,skip,A,B,0.25,rotate
1053,rotate,2,B,skip,skip,skip,skip,A,B,skip,skip,skip,skip,A,B,skip,skip,skip,skip,A,B,skip,0.05,rotate
1053,caste,3,skip,skip,B,skip,skip,skip,skip,skip,skip,A,skip,A,skip,B,A,B,B,B,A,B,0.25,rotate
1053,caste,4,skip,skip,A,B,A,A,B,A,A,B,B,B,B,A,B,A,A,A,B,A,0.45,rotate
1053,caste,5,skip,skip,skip,skip,skip,skip,skip,skip,skip,skip,skip,skip,skip,skip,skip,skip,skip,skip,skip,skip,0.0,rotate
1053,rotate,6,skip,A,B,skip,skip,skip,skip,A,B,skip,skip,skip,skip,A,B,skip,skip,skip,skip,A,0.1,rotate
1054,rotate,1,A,B,skip,skip,skip,skip,A,B,skip,skip,skip,skip,A,B,skip,skip,skip,skip,A,B,0.05,rotate
1054,caste,2,B,B,A,A,A,B,B,B,B,B,B,B,B,B,B,B,B,B,B,B,0.45,rotate
1054,rotate,3,skip,skip,skip,skip,A,B,skip,skip,skip,skip,A,B,skip,skip,skip,skip,A,B,skip,skip,0.0,rotate
1054,caste,4,skip,skip,skip,skip,skip,A,A,A,A,A,A,A,A,A,A,A,A,A,A,A,0.4,rotate
1054,rotate,5,skip,skip,A,B,skip,skip,skip,skip,A,B,skip,skip,skip,skip,A,B,skip,skip,skip,skip,0.05,rotate
1054,caste,6,skip,skip,skip,skip,skip,skip,skip,skip,skip,skip,skip,skip,skip,skip,skip,skip,skip,skip,skip,skip,0.0,rotate
1055,caste,1,A,A,A,A,A,A,A,A,A,A,A,A,A,A,A,A,A,A,A,A,0.5,caste
1055,caste,2,B,B,B,B,B,B,B,B,B,B,B,B,B,B,B,B,B,B,B,B,0.55,caste
1055,caste,3,skip,skip,skip,skip,skip,skip,skip,skip,skip,skip,skip,skip,skip,skip,skip,skip,skip,skip,skip,skip,0.0,caste
1055,rotate,4,skip,skip,skip,A,B,skip,skip,skip,skip,A,B,skip,skip,skip,skip,A,B,skip,skip,skip,0.0,caste
1055,rotate,5,skip,skip,A,B,skip,skip,skip,skip,A,B,skip,skip,skip,skip,A,B,skip,skip,skip,skip,0.0,caste
1055,rotate,6,skip,A,B,skip,skip,skip,skip,A,B,skip,skip,skip,skip,A,B,skip,skip,skip,skip,A,0.0,caste
1056,rotate,1,A,B,skip,skip,skip,skip,A,B,skip,skip,skip,skip,A,B,skip,skip,skip,skip,A,B,0.1,rotate
1056,caste,2,B,B,A,A,B,B,A,A,A,B,B,B,A,B,A,B,B,B,A,B,0.35,rotate
1056,rotate,3,skip,skip,skip,skip,A,B,skip,skip,skip,skip,A,B,skip,skip,skip,skip,A,B,skip,skip,0.15,rotate
1056,rotate,4,skip,skip,skip,A,B,skip,skip,skip,skip,A,B,skip,skip,skip,skip,A,B,skip,skip,skip,0.0,rotate
1056,caste,5,skip,skip,skip,skip,skip,skip,skip,skip,skip,A,skip,skip,skip,skip,skip,A,skip,skip,skip,skip,0.0,rotate
1056,caste,6,skip,skip,skip,skip,skip,skip,skip,skip,skip,skip,skip,skip,skip,skip,skip,skip,skip,skip,skip,skip,0.0,rotate
1057,caste,1,A,A,A,A,A,A,A,A,A,A,A,A,A,A,A,A,A,A,A,A,0.5,caste
1057,caste,2,B,B,B,B,B,B,B,B,B,B,B,B,B,B,B,B,B,B,B,B,0.55,caste
1057,rotate,3,skip,skip,skip,skip,A,B,skip,skip,skip,skip,A,B,skip,skip,skip,skip,A,B,skip,skip,0.0,caste
1057,caste,4,skip,skip,skip,skip,skip,skip,skip,skip,skip,skip,skip,skip,skip,skip,skip,skip,skip,skip,skip,skip,0.0,caste
1057,rotate,5,skip,skip,A,B,skip,skip,skip,skip,A,B,skip,skip,skip,skip,A,B,skip,skip,skip,skip,0.0,caste
1057,rotate,6,skip,A,B,skip,skip,skip,skip,A,B,skip,skip,skip,skip,A,B,skip,skip,skip,skip,A,0.0,caste
1058,caste,1,A,A,B,B,A,B,B,A,A,B,A,B,B,B,B,A,A,A,B,B,0.4,rotate
1058,rotate,2,B,skip,skip,skip,skip,A,B,skip,skip,skip,skip,A,B,skip,skip,skip,skip,A,B,skip,0.05,rotate
1058,rotate,3,skip,skip,skip,skip,A,B,skip,skip,skip,skip,A,B,skip,skip,skip,skip,A,B,skip,skip,0.0,rotate
1058,caste,4,skip,skip,skip,skip,skip,A,skip,B,B,A,B,A,A,A,A,B,B,B,A,A,0.45,rotate
1058,rotate,5,skip,skip,A,B,skip,skip,skip,skip,A,B,skip,skip,skip,skip,A,B,skip,skip,skip,skip,0.05,rotate
1058,caste,6,skip,skip,skip,skip,skip,skip,skip,skip,skip,skip,skip,skip,skip,skip,skip,skip,skip,skip,skip,skip,0.0,rotate
1059,rotate,1,A,B,skip,skip,skip,skip,A,B,skip,skip,skip,skip,A,B,skip,skip,skip,skip,A,B,0.1,rotate
1059,rotate,2,B,skip,skip,skip,skip,A,B,skip,skip,skip,skip,A,B,skip,skip,skip,skip,A,B,skip,0.1,rotate
1059,rotate,3,skip,skip,skip,skip,A,B,skip,skip,skip,skip,A,B,skip,skip,skip,skip,A,B,skip,skip,0.0,rotate
1059,caste,4,skip,skip,B,B,A,A,A,A,A,A,A,A,A,A,A,A,A,A,A,A,0.45,rotate
1059,caste,5,skip,skip,skip,skip,skip,B,skip,B,B,B,B,B,B,B,B,B,B,B,B,B,0.3,rotate
1059,caste,6,skip,skip,skip,skip,skip,skip,skip,skip,skip,skip,skip,skip,skip,skip,skip,skip,skip,skip,skip,skip,0.0,rotate
1060,rotate,1,A,B,skip,skip,skip,skip,A,B,skip,skip,skip,skip,A,B,skip,skip,skip,skip,A,B,0.1,rotate
1060,rotate,2,B,skip,skip,skip,skip,A,B,skip,skip,skip,skip,A,B,skip,skip,skip,skip,A,B,skip,0.1,rotate
1060,caste,3,skip,skip,A,skip,skip,B,skip,A,A,A,B,B,B,B,A,A,A,B,B,B,0.4,rotate
1060,caste,4,skip,skip,B,A,B,A,A,B,B,B,A,A,A,A,B,B,B,A,A,A,0.45,rotate
1060,rotate,5,skip,skip,A,B,skip,skip,skip,skip,A,B,skip,skip,skip,skip,A,B,skip,skip,skip,skip,0.05,rotate
1060,caste,6,skip,skip,skip,skip,skip,skip,skip,skip,skip,skip,skip,skip,skip,skip,skip,skip,skip,skip,skip,skip,0.0,rotate
1061,caste,1,A,A,A,A,A,A,B,B,B,B,B,B,B,B,B,B,B,B,B,B,0.0,draw
1061,random3,2,A,A,A,A,A,A,A,A,A,A,A,A,A,A,A,A,B,B,B,A,0.0,draw
1061,caste,3,skip,B,B,B,B,B,A,A,A,A,A,A,A,A,A,A,A,A,A,A,0.0,draw
1061,random3,4,B,B,B,B,B,B,B,B,A,A,A,B,B,B,B,B,B,B,B,B,0.0,draw
1061,caste,5,skip,skip,skip,skip,skip,skip,skip,skip,skip,skip,skip,skip,skip,skip,skip,skip,skip,skip,skip,skip,0.0,draw
1061,random3,6,B,B,B,A,A,A,A,A,B,B,B,B,B,B,A,A,A,A,A,B,0.0,draw
1062,caste,1,A,A,A,A,A,A,A,A,A,A,A,A,B,B,B,B,B,B,B,B,0.0,random3
1062,random3,2,B,B,B,B,B,B,B,B,B,B,B,A,A,A,A,A,B,B,B,B,0.1,random3
1062,random3,3,A,A,A,A,A,A,A,A,A,A,A,A,A,A,A,A,A,A,A,A,0.0,random3
1062,random3,4,A,A,B,B,B,B,B,B,B,B,B,A,B,B,B,B,B,B,A,A,0.0,random3
1062,caste,5,skip,skip,skip,skip,skip,skip,skip,skip,skip,skip,skip,skip,A,A,A,A,A,A,A,A,0.0,random3
1062,caste,6,skip,skip,skip,skip,skip,skip,skip,skip,skip,skip,skip,skip,skip,skip,skip,skip,skip,skip,skip,skip,0.0,random3
1063,random3,1,A,A,A,A,A,A,A,A,A,B,A,A,B,B,B,B,A,A,B,B,0.1,random3
1063,caste,2,B,B,B,B,B,B,B,B,B,B,A,A,B,B,B,B,B,B,B,B,0.0,random3
1063,caste,3,skip,skip,skip,skip,skip,skip,skip,skip,skip,skip,B,B,A,A,A,A,A,A,A,A,0.1,random3
1063,random3,4,B,B,A,A,A,A,A,A,A,A,A,A,A,A,A,B,B,B,B,A,0.05,random3
1063,caste,5,skip,skip,skip,skip,skip,skip,skip,skip,skip,skip,skip,skip,skip,skip,skip,skip,skip,skip,skip,skip,0.0,random3
1063,random3,6,B,B,B,B,B,B,B,B,B,B,B,A,B,B,B,B,A,A,A,A,0.0,random3
1064,caste,1,A,A,A,A,A,A,A,A,A,A,A,A,A,A,A,A,A,A,A,A,0.3,caste
1064,caste,2,B,B,B,B,B,B,B,B,B,B,B,B,B,B,B,B,B,B,B,B,0.05,caste
1064,random3,3,B,B,B,B,B,B,B,B,B,A,A,B,A,B,A,A,A,A,A,A,0.0,caste
1064,random3,4,B,B,B,B,B,B,B,B,B,B,B,B,B,B,B,A,B,B,B,B,0.0,caste
1064,random3,5,A,A,A,A,B,B,B,B,B,B,B,B,B,A,A,A,A,A,A,A,0.0,caste
1064,caste,6,skip,skip,skip,skip,skip,skip,skip,skip,skip,skip,skip,skip,skip,skip,skip,skip,skip,skip,skip,skip,0.0,caste
1065,caste,1,A,A,A,B,A,A,A,A,A,A,A,A,A,A,A,A,A,A,A,A,0.05,caste
1065,caste,2,B,B,B,A,B,B,B,B,B,B,B,B,B,B,B,B,B,B,B,B,0.0,caste
1065,random3,3,A,A,A,A,B,B,B,A,A,B,B,A,A,A,A,A,A,A,A,A,0.0,caste
1065,random3,4,B,B,B,B,B,A,A,B,B,B,B,B,B,B,B,B,B,B,B,B,0.0,caste
1065,caste,5,skip,skip,skip,skip,skip,skip,skip,skip,skip,skip,skip,skip,skip,skip,skip,skip,skip,skip,skip,skip,0.0,caste
1065,random3,6,B,A,A,B,B,B,A,A,A,A,A,A,B,B,B,B,A,A,B,B,0.0,caste
1066,random3,1,A,A,A,A,A,A,A,A,A,A,A,A,A,A,A,A,A,A,A,B,0.1,random3
1066,random3,2,B,B,B,B,B,A,A,A,A,A,A,A,A,A,B,B,B,B,B,B,0.15,random3
1066,caste,3,skip,skip,skip,skip,skip,skip,A,B,B,B,B,B,B,B,B,B,B,B,B,B,0.0,random3
1066,caste,4,skip,skip,skip,skip,skip,skip,skip,A,A,A,A,A,A,A,A,A,A,A,A,A,0.05,random3
1066,caste,5,skip,skip,skip,skip,skip,skip,skip,skip,skip,skip,skip,skip,skip,skip,skip,skip,skip,skip,skip,skip,0.0,random3
1066,random3,6,A,A,B,A,B,B,B,B,B,B,B,B,B,B,B,B,B,A,A,B,0.1,random3
1067,caste,1,A,B,B,B,B,B,B,B,B,B,B,B,B,B,B,B,B,B,B,B,0.05,caste
1067,random3,2,A,A,B,B,A,A,A,A,B,B,B,B,B,B,B,B,B,B,B,B,0.0,caste
1067,random3,3,A,A,A,A,A,A,A,A,A,A,A,A,A,A,A,A,A,A,A,A,0.0,caste
1067,caste,4,skip,A,A,A,A,A,A,A,A,A,A,A,A,A,A,A,A,A,A,A,0.0,caste
1067,random3,5,A,B,B,A,B,B,B,A,A,A,A,A,A,A,A,B,B,B,B,B,0.0,caste
1067,caste,6,skip,skip,skip,skip,skip,skip,skip,skip,skip,skip,skip,skip,skip,skip,skip,skip,skip,skip,skip,skip,0.0,caste
1068,random3,1,B,A,A,A,A,A,A,B,B,B,B,A,A,B,B,B,A,A,A,A,0.0,caste
1068,caste,2,B,A,A,A,A,B,B,B,B,B,B,B,B,B,B,B,B,B,B,B,0.1,caste
1068,random3,3,B,B,A,A,A,A,B,B,B,A,A,A,A,A,A,A,B,B,B,A,0.0,caste
1068,random3,4,B,B,B,B,A,A,B,B,A,B,B,B,B,B,B,B,B,B,B,A,0.0,caste
1068,caste,5,skip,B,B,B,B,A,A,A,A,A,A,A,A,A,A,A,A,A,A,A,0.1,caste
1068,caste,6,skip,skip,skip,skip,skip,skip,skip,skip,skip,skip,skip,skip,skip,skip,skip,skip,skip,skip,skip,skip,0.0,caste
1069,caste,1,A,A,A,A,A,A,A,A,A,A,A,A,A,A,A,A,A,A,A,A,0.25,caste
1069,random3,2,B,B,B,B,B,B,A,B,B,B,B,B,A,A,B,B,A,A,A,A,0.05,caste
1069,caste,3,skip,skip,skip,skip,skip,skip,skip,B,B,B,B,B,B,B,B,B,B,B,B,B,0.0,caste
1069,caste,4,skip,skip,skip,skip,skip,skip,skip,skip,skip,skip,skip,skip,skip,skip,skip,skip,skip,skip,skip,skip,0.0,caste
1069,random3,5,A,B,B,B,B,A,A,A,A,A,A,B,B,B,B,A,A,A,A,A,0.0,caste
1069,random3,6,A,B,B,B,B,B,B,B,B,B,B,B,A,A,A,B,B,B,B,B,0.05,caste
1070,caste,1,A,A,A,A,A,A,A,A,A,A,A,A,A,A,A,A,A,A,A,A,0.1,caste
1070,random3,2,B,B,B,B,B,B,B,B,A,A,A,A,A,A,B,A,A,A,A,A,0.0,caste
1070,random3,3,B,A,A,A,A,A,A,B,B,B,B,B,B,B,B,B,B,B,B,B,0.05,caste
1070,caste,4,skip,skip,skip,skip,skip,skip,skip,skip,skip,B,B,B,B,B,B,B,B,B,B,B,0.0,caste
1070,caste,5,skip,skip,skip,skip,skip,skip,skip,skip,skip,skip,skip,skip,skip,skip,skip,skip,skip,skip,skip,skip,0.0,caste
1070,random3,6,B,B,B,B,B,B,B,B,A,B,B,B,A,A,A,A,A,A,A,A,0.0,caste
1071,caste,1,A,B,B,B,B,B,B,B,B,B,B,B,B,B,B,B,A,A,A,A,0.0,caste
1071,caste,2,B,A,A,A,A,A,A,A,A,A,A,A,A,A,A,A,B,B,B,B,0.1,caste
1071,caste,3,skip,skip,skip,skip,skip,skip,skip,skip,skip,skip,skip,skip,skip,skip,skip,skip,skip,skip,skip,skip,0.0,caste
1071,random3,4,B,B,B,B,B,B,B,B,B,A,B,B,B,B,B,B,A,A,A,A,0.0,caste
1071,random3,5,A,A,A,A,A,A,A,B,B,B,B,B,A,B,B,B,A,A,A,A,0.0,caste
1071,random3,6,A,A,A,A,A,A,A,A,A,A,A,A,A,A,A,B,B,B,B,A,0.0,caste
1072,random3,1,A,A,A,A,A,A,A,A,B,A,B,B,B,B,B,B,B,B,B,B,0.05,random3
1072,caste,2,B,B,B,B,B,B,B,B,B,A,B,A,A,A,A,A,A,A,B,B,0.0,random3
1072,random3,3,A,A,A,B,B,B,B,B,B,A,A,A,A,A,A,A,A,A,A,A,0.0,random3
1072,caste,4,skip,skip,skip,skip,skip,skip,skip,skip,skip,B,A,B,B,B,B,B,B,B,A,A,0.05,random3
1072,random3,5,B,B,B,B,A,A,A,A,A,A,A,A,A,A,B,B,B,B,B,B,0.05,random3
1072,caste,6,skip,skip,skip,skip,skip,skip,skip,skip,skip,skip,skip,skip,skip,skip,skip,skip,skip,skip,skip,skip,0.0,random3
1073,random3,1,A,A,B,A,A,A,A,B,B,B,A,A,A,A,A,A,A,A,A,B,0.0,caste
1073,caste,2,B,A,B,B,B,B,B,B,B,B,B,B,B,B,B,B,B,B,B,B,0.15,caste
1073,random3,3,B,B,B,B,B,B,A,A,A,A,B,B,B,B,B,B,B,A,A,A,0.05,caste
1073,caste,4,skip,skip,A,A,A,A,A,A,A,A,A,A,A,A,A,A,A,A,A,A,0.0,caste
1073,caste,5,skip,skip,skip,skip,skip,skip,skip,skip,skip,skip,skip,skip,skip,skip,skip,skip,skip,skip,skip,skip,0.0,caste
1073,random3,6,A,A,A,A,A,A,A,B,B,B,A,A,A,A,A,A,A,A,A,A,0.0,caste
1074,random3,1,A,A,A,A,B,B,B,B,B,B,B,B,B,B,A,A,B,B,B,B,0.0,caste
1074,caste,2,B,B,B,B,B,B,B,B,A,A,A,A,A,A,A,A,B,B,B,B,0.1,caste
1074,caste,3,skip,skip,skip,skip,skip,A,A,A,B,B,B,B,B,B,B,B,A,A,A,A,0.1,caste
1074,caste,4,skip,skip,skip,skip,skip,skip,skip,skip,skip,skip,skip,skip,skip,skip,skip,skip,skip,skip,skip,skip,0.0,caste
1074,random3,5,A,A,A,A,B,A,A,A,A,A,A,A,A,B,A,A,A,A,B,A,0.0,caste
1074,random3,6,B,B,B,A,A,A,B,B,B,B,B,B,B,B,A,A,A,B,A,B,0.05,caste
1075,random3,1,B,B,B,B,B,B,B,B,A,A,A,A,A,A,A,A,A,B,A,A,0.0,caste
1075,random3,2,A,A,A,A,A,B,B,B,B,B,B,B,B,B,A,A,A,A,A,A,0.05,caste
1075,caste,3,skip,A,A,A,A,A,A,A,A,A,A,A,A,A,A,A,A,A,A,A,0.15,caste
1075,random3,4,B,B,B,B,B,B,B,B,B,B,B,B,A,A,A,B,B,A,A,B,0.0,caste
1075,caste,5,skip,B,B,B,B,B,B,B,B,B,B,B,B,B,B,B,B,B,B,B,0.1,caste
1075,caste,6,skip,skip,skip,skip,skip,skip,skip,skip,skip,skip,skip,skip,skip,skip,skip,skip,skip,skip,skip,skip,0.0,caste
1076,caste,1,A,B,B,B,B,B,B,B,B,B,B,B,B,B,B,B,B,B,B,B,0.1,caste
1076,random3,2,A,A,A,A,B,A,A,A,A,A,A,A,A,A,A,A,A,B,B,B,0.0,caste
1076,caste,3,skip,A,A,A,A,A,A,A,A,A,A,A,A,A,A,A,A,A,A,A,0.2,caste
1076,random3,4,A,A,B,B,B,B,B,B,B,A,A,B,B,A,A,B,B,B,B,B,0.0,caste
1076,random3,5,B,B,B,B,B,B,B,B,B,B,B,A,A,A,A,A,B,B,B,B,0.05,caste
1076,caste,6,skip,skip,skip,skip,skip,skip,skip,skip,skip,skip,skip,skip,skip,skip,skip,skip,skip,skip,skip,skip,0.0,caste
1077,random3,1,A,A,A,A,A,A,A,A,B,B,B,B,B,B,B,B,B,B,B,B,0.0,random3
1077,random3,2,A,A,B,B,B,B,B,B,A,A,A,A,A,A,A,A,A,A,A,A,0.0,random3
1077,random3,3,B,B,B,B,B,B,A,A,A,B,B,B,A,A,A,B,B,B,B,B,0.1,random3
1077,caste,4,skip,A,B,B,B,A,A,A,B,B,B,A,A,A,B,B,B,B,A,A,0.0,random3
1077,caste,5,skip,skip,A,A,A,B,B,B,A,A,A,B,B,B,A,A,A,A,B,B,0.0,random3
1077,caste,6,skip,skip,skip,skip,skip,skip,skip,skip,skip,skip,skip,skip,skip,skip,skip,skip,skip,skip,skip,skip,0.0,random3
1078,random3,1,B,A,A,A,A,B,B,B,A,A,A,A,A,A,A,A,A,A,A,B,0.0,draw
1078,caste,2,B,A,A,A,A,A,A,A,A,A,A,A,A,A,A,A,A,A,B,B,0.0,draw
1078,caste,3,skip,B,B,B,B,B,B,B,B,B,B,B,B,B,B,B,B,B,A,A,0.0,draw
1078,random3,4,B,A,B,B,A,A,A,A,A,A,A,B,A,A,A,A,A,A,A,A,0.0,draw
1078,random3,5,B,B,B,B,B,B,B,B,B,B,B,B,B,B,B,B,B,B,B,B,0.0,draw
1078,caste,6,skip,skip,skip,skip,skip,skip,skip,skip,skip,skip,skip,skip,skip,skip,skip,skip,skip,skip,skip,skip,0.0,draw
1079,random3,1,A,A,B,B,B,A,A,A,B,B,B,B,B,B,B,A,B,A,A,A,0.05,random3
1079,random3,2,B,B,B,B,B,B,B,B,B,B,A,A,A,A,A,A,B,B,B,B,0.25,random3
1079,caste,3,skip,skip,skip,A,A,A,A,A,A,A,A,B,B,B,B,B,B,B,B,B,0.05,random3
1079,caste,4,skip,skip,skip,skip,skip,skip,skip,skip,skip,skip,skip,A,A,A,A,A,A,A,A,A,0.0,random3
1079,random3,5,A,A,A,A,A,A,A,A,A,B,A,B,B,B,B,B,A,A,A,A,0.05,random3
1079,caste,6,skip,skip,skip,skip,skip,skip,skip,skip,skip,skip,skip,skip,skip,skip,skip,skip,skip,skip,skip,skip,0.0,random3
1080,caste,1,A,B,B,B,B,B,B,B,B,B,B,B,B,B,B,B,B,B,B,B,0.05,caste
1080,caste,2,B,A,A,A,A,A,A,A,A,A,A,A,A,A,A,A,A,A,A,A,0.0,caste
1080,random3,3,A,A,A,B,B,A,B,A,A,A,A,A,A,B,B,B,B,B,B,B,0.0,caste
1080,caste,4,skip,skip,skip,skip,skip,skip,skip,skip,skip,skip,skip,skip,skip,skip,skip,skip,skip,skip,skip,skip,0.0,caste
1080,random3,5,A,A,A,A,A,B,B,B,B,B,B,B,B,B,B,B,B,A,A,A,0.0,caste
1080,random3,6,B,B,A,A,B,A,A,B,A,A,A,A,A,A,A,A,A,A,B,B,0.0,caste
1081,caste,1,A,A,A,A,A,A,A,A,A,A,A,A,A,A,A,A,A,A,A,A,0.05,caste
1081,caste,2,B,B,B,B,B,B,B,B,B,B,B,B,B,B,B,B,B,B,B,B,0.05,caste
1081,radicaleq,3,skip,A,A,A,A,A,A,A,A,A,A,A,A,A,A,A,A,A,A,A,0.0,caste
1081,radicaleq,4,skip,B,B,B,B,B,B,B,B,B,B,B,B,B,B,B,B,B,B,B,0.0,caste
1081,caste,5,skip,skip,skip,skip,skip,skip,skip,skip,skip,skip,skip,skip,skip,skip,skip,skip,skip,skip,skip,skip,0.0,caste
1081,radicaleq,6,skip,skip,skip,skip,skip,skip,skip,skip,skip,skip,skip,skip,skip,skip,skip,skip,skip,skip,skip,skip,0.0,caste
1082,radicaleq,1,A,skip,skip,skip,skip,skip,skip,skip,skip,skip,skip,skip,skip,skip,skip,skip,skip,skip,skip,skip,0.05,radicaleq
1082,radicaleq,2,B,skip,skip,skip,skip,skip,skip,skip,skip,skip,skip,skip,skip,skip,skip,skip,skip,skip,skip,skip,0.05,radicaleq
1082,caste,3,skip,skip,A,A,A,A,A,A,A,A,A,A,A,A,A,A,A,A,A,A,0.45,radicaleq
1082,caste,4,skip,skip,B,B,B,B,B,B,B,B,B,B,B,B,B,B,B,B,B,B,0.5,radicaleq
1082,radicaleq,5,skip,skip,skip,A,B,A,B,A,B,A,B,A,B,A,B,A,B,A,B,A,0.0,radicaleq
1082,caste,6,skip,skip,skip,skip,skip,skip,skip,skip,skip,skip,skip,skip,skip,skip,skip,skip,skip,skip,skip,skip,0.0,radicaleq
1083,radicaleq,1,A,skip,skip,skip,skip,skip,skip,skip,skip,B,B,B,B,B,B,B,B,B,B,B,0.05,radicaleq
1083,caste,2,B,B,A,A,A,A,A,A,A,A,A,A,A,A,A,A,A,A,A,A,0.95,radicaleq
1083,caste,3,skip,skip,B,skip,B,B,skip,skip,B,B,B,B,B,B,B,B,B,B,B,B,0.05,radicaleq
1083,radicaleq,4,skip,B,B,B,skip,skip,skip,skip,skip,skip,skip,skip,skip,skip,skip,skip,skip,skip,skip,skip,0.05,radicaleq
1083,radicaleq,5,skip,skip,skip,skip,B,B,B,skip,skip,skip,skip,skip,skip,skip,skip,skip,skip,skip,skip,skip,0.05,radicaleq
1083,caste,6,skip,skip,skip,skip,skip,skip,skip,skip,skip,skip,skip,skip,skip,skip,skip,skip,skip,skip,skip,skip,0.0,radicaleq
1084,radicaleq,1,A,skip,skip,skip,skip,skip,B,B,B,B,B,B,B,B,B,B,B,B,B,B,0.05,radicaleq
1084,caste,2,B,B,A,A,A,A,A,A,A,A,A,A,A,A,A,A,A,A,A,A,1.0,radicaleq
1084,radicaleq,3,skip,A,skip,skip,skip,skip,skip,skip,skip,skip,skip,skip,skip,skip,skip,skip,skip,skip,skip,skip,0.05,radicaleq
1084,caste,4,skip,skip,B,skip,skip,B,B,B,B,B,B,B,B,B,B,B,B,B,B,B,0.05,radicaleq
1084,radicaleq,5,skip,skip,B,B,skip,skip,skip,skip,skip,skip,skip,skip,skip,skip,skip,skip,skip,skip,skip,skip,0.05,radicaleq
1084,caste,6,skip,skip,skip,skip,skip,skip,skip,skip,skip,skip,skip,skip,skip,skip,skip,skip,skip,skip,skip,skip,0.0,radicaleq
1085,caste,1,A,A,A,A,A,A,A,A,A,A,A,A,A,A,A,A,A,A,A,A,0.05,caste
1085,caste,2,B,B,B,B,B,B,B,B,B,B,B,B,B,B,B,B,B,B,B,B,0.05,caste
1085,radicaleq,3,skip,A,A,A,A,A,A,A,A,A,A,A,A,A,A,A,A,A,A,A,0.0,caste
1085,radicaleq,4,skip,B,B,B,B,B,B,B,B,B,B,B,B,B,B,B,B,B,B,B,0.0,caste
1085,radicaleq,5,skip,skip,skip,skip,skip,skip,skip,skip,skip,skip,skip,skip,skip,skip,skip,skip,skip,skip,skip,skip,0.0,caste
1085,caste,6,skip,skip,skip,skip,skip,skip,skip,skip,skip,skip,skip,skip,skip,skip,skip,skip,skip,skip,skip,skip,0.0,caste
1086,radicaleq,1,A,skip,skip,skip,skip,skip,skip,skip,skip,skip,skip,skip,skip,skip,skip,skip,skip,skip,skip,skip,0.05,radicaleq
1086,caste,2,B,B,A,A,A,A,A,A,A,A,A,A,A,A,A,A,A,A,A,A,0.95,radicaleq
1086,caste,3,skip,skip,B,skip,B,B,B,B,B,B,B,B,B,B,B,B,B,B,B,B,0.05,radicaleq
1086,radicaleq,4,skip,B,B,B,skip,skip,skip,skip,skip,skip,skip,skip,skip,skip,skip,skip,skip,skip,skip,skip,0.05,radicaleq
1086,caste,5,skip,skip,skip,skip,skip,skip,skip,skip,skip,skip,skip,skip,skip,skip,skip,skip,skip,skip,skip,skip,0.0,radicaleq
1086,radicaleq,6,skip,skip,skip,skip,skip,B,B,B,B,B,B,B,B,B,B,B,B,B,B,B,0.0,radicaleq
1087,radicaleq,1,A,skip,skip,skip,skip,skip,skip,skip,skip,skip,skip,skip,skip,skip,skip,skip,skip,skip,skip,skip,0.05,radicaleq
1087,caste,2,B,B,A,skip,skip,B,B,A,A,B,B,A,A,B,B,A,A,B,B,A,0.45,radicaleq
1087,radicaleq,3,skip,A,skip,skip,skip,skip,skip,skip,skip,skip,skip,skip,skip,skip,skip,skip,skip,skip,skip,skip,0.05,radicaleq
1087,radicaleq,4,skip,B,A,A,B,A,B,B,A,A,B,B,A,A,B,B,A,A,B,B,0.0,radicaleq
1087,caste,5,skip,skip,B,A,B,A,A,B,B,A,A,B,B,A,A,B,B,A,A,B,0.4,radicaleq
1087,caste,6,skip,skip,skip,skip,skip,skip,skip,skip,skip,skip,skip,skip,skip,skip,skip,skip,skip,skip,skip,skip,0.0,radicaleq
1088,caste,1,A,A,A,A,A,A,A,A,A,A,A,A,A,A,A,A,A,A,A,A,1.0,radicaleq
1088,radicaleq,2,B,skip,skip,skip,skip,skip,B,B,B,B,B,B,B,B,B,B,B,B,B,B,0.05,radicaleq
1088,caste,3,skip,skip,B,skip,skip,B,B,B,B,B,B,B,B,B,B,B,B,B,B,B,0.05,radicaleq
1088,radicaleq,4,skip,B,skip,skip,skip,skip,skip,skip,skip,skip,skip,skip,skip,skip,skip,skip,skip,skip,skip,skip,0.05,radicaleq
1088,radicaleq,5,skip,skip,B,B,skip,skip,skip,skip,skip,skip,skip,skip,skip,skip,skip,skip,skip,skip,skip,skip,0.05,radicaleq
1088,caste,6,skip,skip,skip,skip,skip,skip,skip,skip,skip,skip,skip,skip,skip,skip,skip,skip,skip,skip,skip,skip,0.0,radicaleq
1089,caste,1,A,A,B,A,A,A,A,A,A,A,A,A,A,A,A,A,A,B,B,A,0.05,radicaleq
1089,radicaleq,2,B,skip,skip,skip,skip,skip,skip,skip,skip,skip,skip,skip,skip,skip,skip,skip,skip,skip,skip,skip,0.05,radicaleq
1089,radicaleq,3,skip,A,B,B,B,B,B,B,B,B,B,B,B,B,B,B,B,B,B,A,0.0,radicaleq
1089,caste,4,skip,skip,A,B,B,B,B,B,B,B,B,B,B,B,B,B,B,A,skip,B,0.1,radicaleq
1089,radicaleq,5,skip,skip,skip,A,A,A,A,A,A,A,A,A,A,A,A,A,A,A,A,skip,0.05,radicaleq
1089,caste,6,skip,skip,skip,skip,skip,skip,skip,skip,skip,skip,skip,skip,skip,skip,skip,skip,skip,skip,skip,skip,0.0,radicaleq
1090,caste,1,A,A,B,B,B,B,B,B,B,B,B,B,B,B,B,B,B,B,B,B,1.0,radicaleq
1090,radicaleq,2,B,skip,skip,skip,skip,skip,skip,skip,skip,skip,skip,skip,skip,skip,skip,skip,skip,skip,skip,skip,0.05,radicaleq
1090,caste,3,skip,skip,A,A,A,A,A,A,A,A,A,A,A,A,A,A,A,A,A,A,0.05,radicaleq
1090,caste,4,skip,skip,skip,skip,skip,skip,skip,skip,skip,skip,skip,skip,skip,skip,skip,skip,skip,skip,skip,skip,0.0,radicaleq
1090,radicaleq,5,skip,skip,skip,A,A,A,A,A,A,A,A,A,A,A,A,A,A,A,A,A,0.0,radicaleq
1090,radicaleq,6,skip,skip,skip,skip,skip,skip,skip,skip,skip,skip,skip,skip,skip,skip,skip,skip,skip,skip,skip,skip,0.0,radicaleq
1091,radicaleq,1,A,skip,skip,skip,skip,skip,skip,skip,skip,skip,skip,skip,skip,skip,skip,skip,skip,skip,skip,skip,0.05,radicaleq
1091,caste,2,B,B,A,A,A,A,A,A,A,A,A,A,A,A,A,A,A,A,A,A,1.0,radicaleq
1091,radicaleq,3,skip,A,skip,skip,skip,skip,skip,skip,skip,skip,skip,skip,skip,skip,skip,skip,skip,skip,skip,skip,0.05,radicaleq
1091,caste,4,skip,skip,B,B,B,B,B,B,B,B,B,B,B,B,B,B,B,B,B,B,0.05,radicaleq
1091,caste,5,skip,skip,skip,skip,skip,skip,skip,skip,skip,skip,skip,skip,skip,skip,skip,skip,skip,skip,skip,skip,0.0,radicaleq
1091,radicaleq,6,skip,skip,skip,B,B,B,B,B,B,B,B,B,B,B,B,B,B,B,B,B,0.0,radicaleq
1092,radicaleq,1,A,skip,skip,B,B,B,B,B,B,B,B,B,B,B,B,B,B,B,B,B,0.05,radicaleq
1092,radicaleq,2,B,skip,skip,skip,skip,skip,skip,skip,skip,skip,skip,skip,skip,skip,skip,skip,skip,skip,skip,skip,0.05,radicaleq
1092,caste,3,skip,skip,A,A,A,A,A,A,A,A,A,A,A,A,A,A,A,A,A,A,0.9,radicaleq
1092,radicaleq,4,skip,B,skip,skip,skip,skip,skip,skip,skip,skip,skip,skip,skip,skip,skip,skip,skip,skip,skip,skip,0.05,radicaleq
1092,caste,5,skip,skip,B,B,B,B,B,B,B,B,B,B,B,B,B,B,B,B,B,B,0.05,radicaleq
1092,caste,6,skip,skip,skip,skip,skip,skip,skip,skip,skip,skip,skip,skip,skip,skip,skip,skip,skip,skip,skip,skip,0.0,radicaleq
1093,caste,1,A,A,A,A,A,A,A,A,A,A,A,A,A,A,A,A,A,A,A,A,1.0,radicaleq
1093,radicaleq,2,B,skip,skip,skip,skip,skip,skip,skip,skip,skip,skip,skip,skip,skip,skip,skip,skip,skip,skip,skip,0.05,radicaleq
1093,caste,3,skip,skip,B,B,B,B,B,B,B,B,B,B,B,B,B,B,B,B,B,B,0.05,radicaleq
1093,radicaleq,4,skip,B,skip,skip,skip,skip,skip,skip,skip,skip,skip,skip,skip,skip,skip,skip,skip,skip,skip,skip,0.05,radicaleq
1093,caste,5,skip,skip,skip,skip,skip,skip,skip,skip,skip,skip,skip,skip,skip,skip,skip,skip,skip,skip,skip,skip,0.0,radicaleq
1093,radicaleq,6,skip,skip,skip,B,B,B,B,B,B,B,B,B,B,B,B,B,B,B,B,B,0.0,radicaleq
1094,radicaleq,1,A,skip,skip,skip,skip,skip,skip,skip,skip,skip,skip,skip,skip,skip,skip,skip,skip,skip,skip,skip,0.05,radicaleq
1094,caste,2,B,B,A,A,A,A,A,A,A,A,A,A,A,A,A,A,A,A,A,A,1.0,radicaleq
1094,caste,3,skip,skip,B,B,B,B,B,B,B,B,B,B,B,B,B,B,B,B,B,B,0.05,radicaleq
1094,caste,4,skip,skip,skip,skip,skip,skip,skip,skip,skip,skip,skip,skip,skip,skip,skip,skip,skip,skip,skip,skip,0.0,radicaleq
1094,radicaleq,5,skip,skip,skip,B,B,B,B,B,B,B,B,B,B,B,B,B,B,B,B,B,0.0,radicaleq
1094,radicaleq,6,skip,skip,skip,skip,skip,skip,skip,skip,skip,skip,skip,skip,skip,skip,skip,skip,skip,skip,skip,skip,0.0,radicaleq
1095,caste,1,A,A,B,skip,A,B,A,A,B,B,A,A,B,B,A,A,B,B,A,A,0.45,radicaleq
1095,radicaleq,2,B,skip,skip,skip,skip,skip,skip,skip,skip,skip,skip,skip,skip,skip,skip,skip,skip,skip,skip,skip,0.05,radicaleq
1095,radicaleq,3,skip,A,B,A,B,B,B,A,A,B,B,A,A,B,B,A,A,B,B,A,0.0,radicaleq
1095,radicaleq,4,skip,B,skip,skip,skip,skip,skip,skip,skip,skip,skip,skip,skip,skip,skip,skip,skip,skip,skip,skip,0.05,radicaleq
1095,caste,5,skip,skip,A,A,B,A,B,B,A,A,B,B,A,A,B,B,A,A,B,B,0.45,radicaleq
1095,caste,6,skip,skip,skip,skip,skip,skip,skip,skip,skip,skip,skip,skip,skip,skip,skip,skip,skip,skip,skip,skip,0.0,radicaleq
1096,caste,1,A,A,B,A,A,A,A,A,A,A,A,A,A,A,A,A,A,A,A,A,0.5,radicaleq
1096,radicaleq,2,B,skip,skip,skip,skip,skip,skip,skip,skip,skip,skip,skip,skip,skip,skip,skip,skip,skip,skip,skip,0.05,radicaleq
1096,radicaleq,3,skip,A,B,B,A,B,A,B,A,B,A,B,A,B,A,B,A,B,A,B,0.0,radicaleq
1096,caste,4,skip,skip,A,B,B,B,B,B,B,B,B,B,B,B,B,B,B,B,B,B,0.45,radicaleq
1096,caste,5,skip,skip,skip,skip,skip,skip,skip,skip,skip,skip,skip,skip,skip,skip,skip,skip,skip,skip,skip,skip,0.0,radicaleq
1096,radicaleq,6,skip,skip,skip,skip,skip,skip,skip,skip,skip,skip,skip,skip,skip,skip,skip,skip,skip,skip,skip,skip,0.0,radicaleq
1097,radicaleq,1,A,skip,skip,skip,skip,skip,skip,skip,skip,skip,skip,skip,skip,skip,skip,skip,skip,skip,skip,skip,0.05,radicaleq
1097,radicaleq,2,B,skip,skip,skip,skip,skip,skip,skip,skip,skip,skip,skip,skip,skip,skip,skip,skip,skip,skip,skip,0.05,radicaleq
1097,caste,3,skip,skip,A,A,A,A,A,A,A,A,A,A,A,A,A,A,A,A,A,A,0.9,radicaleq
1097,caste,4,skip,skip,B,B,B,B,B,B,B,B,B,B,B,B,B,B,B,B,B,B,0.05,radicaleq
1097,caste,5,skip,skip,skip,skip,skip,skip,skip,skip,skip,skip,skip,skip,skip,skip,skip,skip,skip,skip,skip,skip,0.0,radicaleq
1097,radicaleq,6,skip,skip,skip,B,B,B,B,B,B,B,B,B,B,B,B,B,B,B,B,B,0.0,radicaleq
1098,caste,1,A,A,A,A,A,A,A,A,A,A,A,A,A,A,A,A,A,A,A,A,0.5,caste
1098,caste,2,B,B,B,B,B,B,B,B,B,B,B,B,B,B,B,B,B,B,B,B,0.55,caste
1098,radicaleq,3,skip,A,B,A,B,A,B,A,B,A,B,A,B,A,B,A,B,A,B,A,0.0,caste
1098,caste,4,skip,skip,skip,skip,skip,skip,skip,skip,skip,skip,skip,skip,skip,skip,skip,skip,skip,skip,skip,skip,0.0,caste
1098,radicaleq,5,skip,skip,skip,skip,skip,skip,skip,skip,skip,skip,skip,skip,skip,skip,skip,skip,skip,skip,skip,skip,0.0,caste
1098,radicaleq,6,skip,skip,skip,skip,skip,skip,skip,skip,skip,skip,skip,skip,skip,skip,skip,skip,skip,skip,skip,skip,0.0,caste
1099,radicaleq,1,A,skip,skip,A,A,A,A,A,A,A,A,A,A,A,A,A,A,A,A,A,0.05,radicaleq
1099,radicaleq,2,B,skip,skip,skip,skip,skip,skip,skip,skip,skip,skip,skip,skip,skip,skip,skip,skip,skip,skip,skip,0.05,radicaleq
1099,radicaleq,3,skip,A,skip,skip,skip,skip,skip,skip,skip,skip,skip,skip,skip,skip,skip,skip,skip,skip,skip,skip,0.05,radicaleq
1099,caste,4,skip,skip,B,B,B,B,B,B,B,B,B,B,B,B,B,B,B,B,B,B,0.9,radicaleq
1099,caste,5,skip,skip,A,A,A,A,A,A,A,A,A,A,A,A,A,A,A,A,A,A,0.05,radicaleq
1099,caste,6,skip,skip,skip,skip,skip,skip,skip,skip,skip,skip,skip,skip,skip,skip,skip,skip,skip,skip,skip,skip,0.0,radicaleq
1100,caste,1,A,A,A,A,A,A,A,A,A,A,A,A,A,A,A,A,A,A,A,A,1.0,caste
1100,caste,2,B,B,B,B,B,B,B,B,B,B,B,B,B,B,B,B,B,B,B,B,0.05,caste
1100,caste,3,skip,skip,skip,skip,skip,skip,skip,skip,skip,skip,skip,skip,skip,skip,skip,skip,skip,skip,skip,skip,0.0,caste
1100,radicaleq,4,skip,B,B,B,B,B,B,B,B,B,B,B,B,B,B,B,B,B,B,B,0.0,caste
1100,radicaleq,5,skip,skip,skip,skip,skip,skip,skip,skip,skip,skip,skip,skip,skip,skip,skip,skip,skip,skip,skip,skip,0.0,caste
1100,radicaleq,6,skip,skip,skip,skip,skip,skip,skip,skip,skip,skip,skip,skip,skip,skip,skip,skip,skip,skip,skip,skip,0.0,caste
1101,rotate0,1,A,A,A,A,A,A,A,A,A,A,A,A,A,A,A,A,A,A,A,A,0.45,caste
1101,caste,2,B,B,B,B,B,B,A,B,B,B,B,B,B,B,B,B,B,B,B,B,0.95,caste
1101,rotate0,3,skip,skip,skip,skip,skip,skip,skip,skip,skip,skip,skip,skip,skip,skip,skip,skip,skip,skip,skip,skip,0.0,caste
1101,caste,4,skip,skip,skip,skip,skip,skip,skip,skip,A,skip,A,A,skip,A,A,A,skip,skip,skip,skip,0.0,caste
1101,caste,5,skip,skip,skip,skip,skip,skip,skip,skip,skip,skip,skip,skip,skip,skip,skip,skip,A,A,A,A,0.0,caste
1101,rotate0,6,skip,skip,skip,skip,skip,skip,skip,skip,skip,skip,skip,skip,skip,skip,skip,skip,skip,skip,skip,skip,0.0,caste
1102,rotate0,1,A,A,A,A,A,A,A,A,A,A,A,A,A,A,A,A,A,A,A,A,0.35,rotate0
1102,rotate0,2,B,B,B,B,B,B,B,B,B,B,B,B,B,B,B,B,B,B,B,B,0.35,rotate0
1102,caste,3,skip,skip,skip,skip,skip,skip,skip,A,A,A,A,A,A,A,A,A,A,A,A,A,0.0,rotate0
1102,caste,4,skip,skip,skip,skip,skip,skip,skip,B,B,B,B,B,B,B,B,B,B,B,B,B,0.0,rotate0
1102,caste,5,skip,skip,skip,skip,skip,skip,skip,skip,skip,skip,skip,skip,skip,skip,skip,skip,skip,skip,skip,skip,0.0,rotate0
1102,rotate0,6,skip,skip,skip,skip,skip,skip,skip,skip,skip,skip,skip,skip,skip,skip,skip,skip,skip,skip,skip,skip,0.0,rotate0
1103,caste,1,A,A,A,A,A,A,B,A,A,A,A,A,A,A,A,A,A,A,A,A,0.95,caste
1103,rotate0,2,B,B,B,B,B,B,B,B,B,B,B,B,B,B,B,B,B,B,B,B,0.4,caste
1103,caste,3,skip,skip,skip,skip,skip,skip,skip,B,B,B,B,B,B,B,B,B,B,skip,skip,skip,0.0,caste
1103,caste,4,skip,skip,skip,skip,skip,skip,skip,skip,skip,skip,skip,skip,skip,skip,skip,skip,skip,B,skip,skip,0.0,caste
1103,rotate0,5,skip,skip,skip,skip,skip,skip,skip,skip,skip,skip,skip,skip,skip,skip,skip,skip,skip,skip,skip,skip,0.0,caste
1103,rotate0,6,skip,skip,skip,skip,skip,skip,skip,skip,skip,skip,skip,skip,skip,skip,skip,skip,skip,skip,skip,skip,0.0,caste
1104,caste,1,A,A,A,A,A,A,B,B,B,B,B,B,B,A,B,A,B,A,B,A,1.0,caste
1104,caste,2,B,B,B,B,B,B,A,A,A,A,A,A,A,B,A,B,A,B,A,B,1.0,caste
1104,rotate0,3,skip,skip,skip,skip,skip,skip,skip,skip,skip,skip,skip,skip,skip,skip,skip,skip,skip,skip,skip,skip,0.0,caste
1104,rotate0,4,skip,skip,skip,skip,skip,skip,skip,skip,skip,skip,skip,skip,skip,skip,skip,skip,skip,skip,skip,skip,0.0,caste
1104,caste,5,skip,skip,skip,skip,skip,skip,skip,skip,skip,skip,skip,skip,skip,skip,skip,skip,skip,skip,skip,skip,0.0,caste
1104,rotate0,6,skip,skip,skip,skip,skip,skip,skip,skip,skip,skip,skip,skip,skip,skip,skip,skip,skip,skip,skip,skip,0.0,caste
1105,caste,1,A,A,A,A,A,A,B,A,A,A,A,A,A,A,A,A,A,A,A,A,0.95,caste
1105,rotate0,2,B,B,B,B,B,B,B,B,B,B,B,B,B,B,B,B,B,B,B,B,0.55,caste
1105,rotate0,3,skip,skip,skip,skip,skip,skip,skip,skip,skip,skip,skip,skip,skip,skip,skip,skip,skip,skip,skip,skip,0.0,caste
1105,caste,4,skip,skip,skip,skip,skip,skip,skip,skip,B,skip,B,B,skip,B,B,B,skip,skip,skip,skip,0.0,caste
1105,rotate0,5,skip,skip,skip,skip,skip,skip,skip,skip,skip,skip,skip,skip,skip,skip,skip,skip,skip,skip,skip,skip,0.0,caste
1105,caste,6,skip,skip,skip,skip,skip,skip,skip,skip,skip,skip,skip,skip,skip,skip,skip,skip,skip,B,skip,B,0.0,caste
1106,rotate0,1,A,A,A,A,A,A,A,A,A,A,A,A,A,A,A,A,A,A,A,A,0.35,caste
1106,caste,2,B,B,B,B,B,B,A,B,B,B,B,B,B,B,B,B,B,B,B,B,0.95,caste
1106,caste,3,skip,skip,skip,skip,skip,skip,skip,A,A,A,A,A,A,A,A,A,A,skip,skip,skip,0.0,caste
1106,rotate0,4,skip,skip,skip,skip,skip,skip,skip,skip,skip,skip,skip,skip,skip,skip,skip,skip,skip,skip,skip,skip,0.0,caste
1106,caste,5,skip,skip,skip,skip,skip,skip,skip,skip,skip,skip,skip,skip,skip,skip,skip,skip,skip,skip,A,A,0.0,caste
1106,rotate0,6,skip,skip,skip,skip,skip,skip,skip,skip,skip,skip,skip,skip,skip,skip,skip,skip,skip,skip,skip,skip,0.0,caste
1107,rotate0,1,A,A,A,A,A,A,A,A,A,A,A,A,A,A,A,A,A,A,A,A,0.45,rotate0
1107,rotate0,2,B,B,B,B,B,B,B,B,B,B,B,B,B,B,B,B,B,B,B,B,0.5,rotate0
1107,caste,3,skip,skip,skip,skip,skip,skip,skip,A,B,B,A,A,A,B,B,B,A,A,A,B,0.0,rotate0
1107,rotate0,4,skip,skip,skip,skip,skip,skip,skip,skip,skip,skip,skip,skip,skip,skip,skip,skip,skip,skip,skip,skip,0.0,rotate0
1107,caste,5,skip,skip,skip,skip,skip,skip,skip,skip,A,skip,B,B,skip,A,A,skip,B,B,skip,A,0.0,rotate0
1107,caste,6,skip,skip,skip,skip,skip,skip,skip,skip,skip,skip,skip,skip,skip,skip,skip,skip,skip,skip,skip,skip,0.0,rotate0
1108,caste,1,A,A,A,A,A,A,B,A,A,A,A,A,A,A,A,A,A,A,A,A,0.95,caste
1108,rotate0,2,B,B,B,B,B,B,B,B,B,B,B,B,B,B,B,B,B,B,B,B,0.35,caste
1108,caste,3,skip,skip,skip,skip,skip,skip,skip,B,B,B,B,B,B,B,B,B,B,skip,skip,skip,0.0,caste
1108,rotate0,4,skip,skip,skip,skip,skip,skip,skip,skip,skip,skip,skip,skip,skip,skip,skip,skip,skip,skip,skip,skip,0.0,caste
1108,caste,5,skip,skip,skip,skip,skip,skip,skip,skip,skip,skip,skip,skip,skip,skip,skip,skip,skip,skip,B,B,0.0,caste
1108,rotate0,6,skip,skip,skip,skip,skip,skip,skip,skip,skip,skip,skip,skip,skip,skip,skip,skip,skip,skip,skip,skip,0.0,caste
1109,rotate0,1,A,A,A,A,A,A,A,A,A,A,A,A,A,A,A,A,A,A,A,A,0.35,rotate0
1109,rotate0,2,B,B,B,B,B,B,B,B,B,B,B,B,B,B,B,B,B,B,B,B,0.35,rotate0
1109,caste,3,skip,skip,skip,skip,skip,skip,skip,A,A,A,A,A,A,A,A,A,A,A,A,A,0.0,rotate0
1109,caste,4,skip,skip,skip,skip,skip,skip,skip,B,B,B,B,B,B,B,B,B,B,B,B,B,0.0,rotate0
1109,rotate0,5,skip,skip,skip,skip,skip,skip,skip,skip,skip,skip,skip,skip,skip,skip,skip,skip,skip,skip,skip,skip,0.0,rotate0
1109,caste,6,skip,skip,skip,skip,skip,skip,skip,skip,skip,skip,skip,skip,skip,skip,skip,skip,skip,skip,skip,skip,0.0,rotate0
1110,rotate0,1,A,A,A,A,A,A,A,A,A,A,A,A,A,A,A,A,A,A,A,A,0.6,rotate0
1110,rotate0,2,B,B,B,B,B,B,B,B,B,B,B,B,B,B,B,B,B,B,B,B,0.35,rotate0
1110,rotate0,3,skip,skip,skip,skip,skip,skip,skip,skip,skip,skip,skip,skip,skip,skip,skip,skip,skip,skip,skip,skip,0.0,rotate0
1110,caste,4,skip,skip,skip,skip,skip,skip,skip,B,A,B,A,A,B,A,A,B,A,A,B,A,0.0,rotate0
1110,caste,5,skip,skip,skip,skip,skip,skip,skip,skip,B,skip,B,B,skip,B,B,skip,B,B,skip,B,0.0,rotate0
1110,caste,6,skip,skip,skip,skip,skip,skip,skip,skip,skip,skip,skip,skip,skip,skip,skip,skip,skip,skip,skip,skip,0.0,rotate0
1111,caste,1,A,A,A,A,A,A,B,A,A,A,A,A,A,A,A,A,A,A,A,A,0.95,caste
1111,rotate0,2,B,B,B,B,B,B,B,B,B,B,B,B,B,B,B,B,B,B,B,B,0.5,caste
1111,rotate0,3,skip,skip,skip,skip,skip,skip,skip,skip,skip,skip,skip,skip,skip,skip,skip,skip,skip,skip,skip,skip,0.0,caste
1111,rotate0,4,skip,skip,skip,skip,skip,skip,skip,skip,skip,skip,skip,skip,skip,skip,skip,skip,skip,skip,skip,skip,0.0,caste
1111,caste,5,skip,skip,skip,skip,skip,skip,skip,skip,skip,skip,skip,B,B,B,B,B,B,B,B,B,0.0,caste
1111,caste,6,skip,skip,skip,skip,skip,skip,skip,skip,skip,skip,skip,skip,skip,skip,skip,skip,skip,skip,skip,skip,0.0,caste
1112,caste,1,A,A,A,A,A,A,B,A,A,A,A,A,A,A,A,A,A,A,A,A,0.95,caste
1112,rotate0,2,B,B,B,B,B,B,B,B,B,B,B,B,B,B,B,B,B,B,B,B,0.4,caste
1112,caste,3,skip,skip,skip,skip,skip,skip,skip,B,B,B,B,B,B,B,B,B,B,skip,skip,skip,0.0,caste
1112,rotate0,4,skip,skip,skip,skip,skip,skip,skip,skip,skip,skip,skip,skip,skip,skip,skip,skip,skip,skip,skip,skip,0.0,caste
1112,rotate0,5,skip,skip,skip,skip,skip,skip,skip,skip,skip,skip,skip,skip,skip,skip,skip,skip,skip,skip,skip,skip,0.0,caste
1112,caste,6,skip,skip,skip,skip,skip,skip,skip,skip,skip,skip,skip,skip,skip,skip,skip,skip,skip,skip,skip,B,0.0,caste
1113,rotate0,1,A,A,A,A,A,A,A,A,A,A,A,A,A,A,A,A,A,A,A,A,0.4,caste
1113,caste,2,B,B,B,B,B,B,A,B,B,B,B,B,B,B,B,B,B,B,B,B,0.95,caste
1113,caste,3,skip,skip,skip,skip,skip,skip,skip,A,A,A,A,A,A,A,A,A,A,skip,skip,skip,0.0,caste
1113,rotate0,4,skip,skip,skip,skip,skip,skip,skip,skip,skip,skip,skip,skip,skip,skip,skip,skip,skip,skip,skip,skip,0.0,caste
1113,rotate0,5,skip,skip,skip,skip,skip,skip,skip,skip,skip,skip,skip,skip,skip,skip,skip,skip,skip,skip,skip,skip,0.0,caste
1113,caste,6,skip,skip,skip,skip,skip,skip,skip,skip,skip,skip,skip,skip,skip,skip,skip,skip,skip,skip,skip,A,0.0,caste
1114,rotate0,1,A,A,A,A,A,A,A,A,A,A,A,A,A,A,A,A,A,A,A,A,0.5,caste
1114,caste,2,B,B,B,B,B,B,A,B,B,B,B,B,B,B,B,B,B,B,B,B,0.95,caste
1114,rotate0,3,skip,skip,skip,skip,skip,skip,skip,skip,skip,skip,skip,skip,skip,skip,skip,skip,skip,skip,skip,skip,0.0,caste
1114,rotate0,4,skip,skip,skip,skip,skip,skip,skip,skip,skip,skip,skip,skip,skip,skip,skip,skip,skip,skip,skip,skip,0.0,caste
1114,caste,5,skip,skip,skip,skip,skip,skip,skip,skip,skip,skip,skip,A,A,A,A,A,A,A,A,A,0.0,caste
1114,caste,6,skip,skip,skip,skip,skip,skip,skip,skip,skip,skip,skip,skip,skip,skip,skip,skip,skip,skip,skip,skip,0.0,caste
1115,caste,1,A,A,A,A,A,A,B,B,B,B,B,B,B,A,B,A,B,A,B,A,1.0,caste
1115,caste,2,B,B,B,B,B,B,A,A,A,A,A,A,A,B,A,B,A,B,A,B,1.0,caste
1115,rotate0,3,skip,skip,skip,skip,skip,skip,skip,skip,skip,skip,skip,skip,skip,skip,skip,skip,skip,skip,skip,skip,0.0,caste
1115,caste,4,skip,skip,skip,skip,skip,skip,skip,skip,skip,skip,skip,skip,skip,skip,skip,skip,skip,skip,skip,skip,0.0,caste
1115,rotate0,5,skip,skip,skip,skip,skip,skip,skip,skip,skip,skip,skip,skip,skip,skip,skip,skip,skip,skip,skip,skip,0.0,caste
1115,rotate0,6,skip,skip,skip,skip,skip,skip,skip,skip,skip,skip,skip,skip,skip,skip,skip,skip,skip,skip,skip,skip,0.0,caste
1116,rotate0,1,A,A,A,A,A,A,A,A,A,A,A,A,A,A,A,A,A,A,A,A,0.4,caste
1116,caste,2,B,B,B,B,B,B,A,B,B,B,B,B,B,B,B,B,B,B,B,B,0.95,caste
1116,caste,3,skip,skip,skip,skip,skip,skip,skip,A,A,A,A,A,A,A,A,A,A,skip,skip,skip,0.0,caste
1116,caste,4,skip,skip,skip,skip,skip,skip,skip,skip,skip,skip,skip,skip,skip,skip,skip,skip,skip,A,skip,skip,0.0,caste
1116,rotate0,5,skip,skip,skip,skip,skip,skip,skip,skip,skip,skip,skip,skip,skip,skip,skip,skip,skip,skip,skip,skip,0.0,caste
1116,rotate0,6,skip,skip,skip,skip,skip,skip,skip,skip,skip,skip,skip,skip,skip,skip,skip,skip,skip,skip,skip,skip,0.0,caste
1117,caste,1,A,A,A,A,A,A,B,A,A,A,A,A,A,A,A,A,A,A,A,A,0.95,caste
1117,rotate0,2,B,B,B,B,B,B,B,B,B,B,B,B,B,B,B,B,B,B,B,B,0.45,caste
1117,rotate0,3,skip,skip,skip,skip,skip,skip,skip,skip,skip,skip,skip,skip,skip,skip,skip,skip,skip,skip,skip,skip,0.0,caste
1117,caste,4,skip,skip,skip,skip,skip,skip,skip,skip,B,skip,B,B,skip,B,B,B,skip,skip,skip,skip,0.0,caste
1117,caste,5,skip,skip,skip,skip,skip,skip,skip,skip,skip,skip,skip,skip,skip,skip,skip,skip,B,B,B,B,0.0,caste
1117,rotate0,6,skip,skip,skip,skip,skip,skip,skip,skip,skip,skip,skip,skip,skip,skip,skip,skip,skip,skip,skip,skip,0.0,caste
1118,caste,1,A,A,A,A,A,A,B,B,B,B,B,B,B,A,B,A,B,A,B,A,1.0,caste
1118,caste,2,B,B,B,B,B,B,A,A,A,A,A,A,A,B,A,B,A,B,A,B,1.0,caste
1118,rotate0,3,skip,skip,skip,skip,skip,skip,skip,skip,skip,skip,skip,skip,skip,skip,skip,skip,skip,skip,skip,skip,0.0,caste
1118,rotate0,4,skip,skip,skip,skip,skip,skip,skip,skip,skip,skip,skip,skip,skip,skip,skip,skip,skip,skip,skip,skip,0.0,caste
1118,rotate0,5,skip,skip,skip,skip,skip,skip,skip,skip,skip,skip,skip,skip,skip,skip,skip,skip,skip,skip,skip,skip,0.0,caste
1118,caste,6,skip,skip,skip,skip,skip,skip,skip,skip,skip,skip,skip,skip,skip,skip,skip,skip,skip,skip,skip,skip,0.0,caste
1119,rotate0,1,A,A,A,A,A,A,A,A,A,A,A,A,A,A,A,A,A,A,A,A,0.55,caste
1119,caste,2,B,B,B,B,B,B,A,B,B,B,B,B,B,B,B,B,B,B,B,B,0.95,caste
1119,rotate0,3,skip,skip,skip,skip,skip,skip,skip,skip,skip,skip,skip,skip,skip,skip,skip,skip,skip,skip,skip,skip,0.0,caste
1119,caste,4,skip,skip,skip,skip,skip,skip,skip,skip,A,skip,A,A,skip,A,A,A,skip,skip,skip,skip,0.0,caste
1119,rotate0,5,skip,skip,skip,skip,skip,skip,skip,skip,skip,skip,skip,skip,skip,skip,skip,skip,skip,skip,skip,skip,0.0,caste
1119,caste,6,skip,skip,skip,skip,skip,skip,skip,skip,skip,skip,skip,skip,skip,skip,skip,skip,skip,A,skip,A,0.0,caste
1120,caste,1,A,A,A,A,A,A,B,B,B,B,B,B,B,A,B,A,B,A,B,A,1.0,caste
1120,caste,2,B,B,B,B,B,B,A,A,A,A,A,A,A,B,A,B,A,B,A,B,1.0,caste
1120,caste,3,skip,skip,skip,skip,skip,skip,skip,skip,skip,skip,skip,skip,skip,skip,skip,skip,skip,skip,skip,skip,0.0,caste
1120,rotate0,4,skip,skip,skip,skip,skip,skip,skip,skip,skip,skip,skip,skip,skip,skip,skip,skip,skip,skip,skip,skip,0.0,caste
1120,rotate0,5,skip,skip,skip,skip,skip,skip,skip,skip,skip,skip,skip,skip,skip,skip,skip,skip,skip,skip,skip,skip,0.0,caste
1120,rotate0,6,skip,skip,skip,skip,skip,skip,skip,skip,skip,skip,skip,skip,skip,skip,skip,skip,skip,skip,skip,skip,0.0,caste
1121,caste,1,A,A,A,A,A,A,B,B,B,B,B,B,B,A,B,A,B,A,B,A,1.0,draw
1121,caste,2,B,B,B,B,B,B,A,A,A,A,A,A,A,B,A,B,A,B,A,B,1.0,draw
1121,caste,3,skip,skip,skip,skip,skip,skip,skip,skip,skip,skip,skip,skip,skip,skip,skip,skip,skip,skip,skip,skip,0.0,draw
1121,caste,4,skip,skip,skip,skip,skip,skip,skip,skip,skip,skip,skip,skip,skip,skip,skip,skip,skip,skip,skip,skip,0.0,draw
1121,caste,5,skip,skip,skip,skip,skip,skip,skip,skip,skip,skip,skip,skip,skip,skip,skip,skip,skip,skip,skip,skip,0.0,draw
1121,caste,6,skip,skip,skip,skip,skip,skip,skip,skip,skip,skip,skip,skip,skip,skip,skip,skip,skip,skip,skip,skip,0.0,draw
1122,caste,1,A,A,A,A,A,A,B,B,B,B,B,B,B,A,B,A,B,A,B,A,1.0,draw
1122,caste,2,B,B,B,B,B,B,A,A,A,A,A,A,A,B,A,B,A,B,A,B,1.0,draw
1122,caste,3,skip,skip,skip,skip,skip,skip,skip,skip,skip,skip,skip,skip,skip,skip,skip,skip,skip,skip,skip,skip,0.0,draw
1122,caste,4,skip,skip,skip,skip,skip,skip,skip,skip,skip,skip,skip,skip,skip,skip,skip,skip,skip,skip,skip,skip,0.0,draw
1122,caste,5,skip,skip,skip,skip,skip,skip,skip,skip,skip,skip,skip,skip,skip,skip,skip,skip,skip,skip,skip,skip,0.0,draw
1122,caste,6,skip,skip,skip,skip,skip,skip,skip,skip,skip,skip,skip,skip,skip,skip,skip,skip,skip,skip,skip,skip,0.0,draw
1123,caste,1,A,A,A,A,A,A,B,B,B,B,B,B,B,A,B,A,B,A,B,A,1.0,draw
1123,caste,2,B,B,B,B,B,B,A,A,A,A,A,A,A,B,A,B,A,B,A,B,1.0,draw
1123,caste,3,skip,skip,skip,skip,skip,skip,skip,skip,skip,skip,skip,skip,skip,skip,skip,skip,skip,skip,skip,skip,0.0,draw
1123,caste,4,skip,skip,skip,skip,skip,skip,skip,skip,skip,skip,skip,skip,skip,skip,skip,skip,skip,skip,skip,skip,0.0,draw
1123,caste,5,skip,skip,skip,skip,skip,skip,skip,skip,skip,skip,skip,skip,skip,skip,skip,skip,skip,skip,skip,skip,0.0,draw
1123,caste,6,skip,skip,skip,skip,skip,skip,skip,skip,skip,skip,skip,skip,skip,skip,skip,skip,skip,skip,skip,skip,0.0,draw
1124,caste,1,A,A,A,A,A,A,B,B,B,B,B,B,B,A,B,A,B,A,B,A,1.0,draw
1124,caste,2,B,B,B,B,B,B,A,A,A,A,A,A,A,B,A,B,A,B,A,B,1.0,draw
1124,caste,3,skip,skip,skip,skip,skip,skip,skip,skip,skip,skip,skip,skip,skip,skip,skip,skip,skip,skip,skip,skip,0.0,draw
1124,caste,4,skip,skip,skip,skip,skip,skip,skip,skip,skip,skip,skip,skip,skip,skip,skip,skip,skip,skip,skip,skip,0.0,draw
1124,caste,5,skip,skip,skip,skip,skip,skip,skip,skip,skip,skip,skip,skip,skip,skip,skip,skip,skip,skip,skip,skip,0.0,draw
1124,caste,6,skip,skip,skip,skip,skip,skip,skip,skip,skip,skip,skip,skip,skip,skip,skip,skip,skip,skip,skip,skip,0.0,draw
1125,caste,1,A,A,A,A,A,A,B,B,B,B,B,B,B,A,B,A,B,A,B,A,1.0,draw
1125,caste,2,B,B,B,B,B,B,A,A,A,A,A,A,A,B,A,B,A,B,A,B,1.0,draw
1125,caste,3,skip,skip,skip,skip,skip,skip,skip,skip,skip,skip,skip,skip,skip,skip,skip,skip,skip,skip,skip,skip,0.0,draw
1125,caste,4,skip,skip,skip,skip,skip,skip,skip,skip,skip,skip,skip,skip,skip,skip,skip,skip,skip,skip,skip,skip,0.0,draw
1125,caste,5,skip,skip,skip,skip,skip,skip,skip,skip,skip,skip,skip,skip,skip,skip,skip,skip,skip,skip,skip,skip,0.0,draw
1125,caste,6,skip,skip,skip,skip,skip,skip,skip,skip,skip,skip,skip,skip,skip,skip,skip,skip,skip,skip,skip,skip,0.0,draw
1126,caste,1,A,A,A,A,A,A,B,B,B,B,B,B,B,A,B,A,B,A,B,A,1.0,draw
1126,caste,2,B,B,B,B,B,B,A,A,A,A,A,A,A,B,A,B,A,B,A,B,1.0,draw
1126,caste,3,skip,skip,skip,skip,skip,skip,skip,skip,skip,skip,skip,skip,skip,skip,skip,skip,skip,skip,skip,skip,0.0,draw
1126,caste,4,skip,skip,skip,skip,skip,skip,skip,skip,skip,skip,skip,skip,skip,skip,skip,skip,skip,skip,skip,skip,0.0,draw
1126,caste,5,skip,skip,skip,skip,skip,skip,skip,skip,skip,skip,skip,skip,skip,skip,skip,skip,skip,skip,skip,skip,0.0,draw
1126,caste,6,skip,skip,skip,skip,skip,skip,skip,skip,skip,skip,skip,skip,skip,skip,skip,skip,skip,skip,skip,skip,0.0,draw
1127,caste,1,A,A,A,A,A,A,B,B,B,B,B,B,B,A,B,A,B,A,B,A,1.0,draw
1127,caste,2,B,B,B,B,B,B,A,A,A,A,A,A,A,B,A,B,A,B,A,B,1.0,draw
1127,caste,3,skip,skip,skip,skip,skip,skip,skip,skip,skip,skip,skip,skip,skip,skip,skip,skip,skip,skip,skip,skip,0.0,draw
1127,caste,4,skip,skip,skip,skip,skip,skip,skip,skip,skip,skip,skip,skip,skip,skip,skip,skip,skip,skip,skip,skip,0.0,draw
1127,caste,5,skip,skip,skip,skip,skip,skip,skip,skip,skip,skip,skip,skip,skip,skip,skip,skip,skip,skip,skip,skip,0.0,draw
1127,caste,6,skip,skip,skip,skip,skip,skip,skip,skip,skip,skip,skip,skip,skip,skip,skip,skip,skip,skip,skip,skip,0.0,draw
1128,caste,1,A,A,A,A,A,A,B,B,B,B,B,B,B,A,B,A,B,A,B,A,1.0,draw
1128,caste,2,B,B,B,B,B,B,A,A,A,A,A,A,A,B,A,B,A,B,A,B,1.0,draw
1128,caste,3,skip,skip,skip,skip,skip,skip,skip,skip,skip,skip,skip,skip,skip,skip,skip,skip,skip,skip,skip,skip,0.0,draw
1128,caste,4,skip,skip,skip,skip,skip,skip,skip,skip,skip,skip,skip,skip,skip,skip,skip,skip,skip,skip,skip,skip,0.0,draw
1128,caste,5,skip,skip,skip,skip,skip,skip,skip,skip,skip,skip,skip,skip,skip,skip,skip,skip,skip,skip,skip,skip,0.0,draw
1128,caste,6,skip,skip,skip,skip,skip,skip,skip,skip,skip,skip,skip,skip,skip,skip,skip,skip,skip,skip,skip,skip,0.0,draw
1129,caste,1,A,A,A,A,A,A,B,B,B,B,B,B,B,A,B,A,B,A,B,A,1.0,draw
1129,caste,2,B,B,B,B,B,B,A,A,A,A,A,A,A,B,A,B,A,B,A,B,1.0,draw
1129,caste,3,skip,skip,skip,skip,skip,skip,skip,skip,skip,skip,skip,skip,skip,skip,skip,skip,skip,skip,skip,skip,0.0,draw
1129,caste,4,skip,skip,skip,skip,skip,skip,skip,skip,skip,skip,skip,skip,skip,skip,skip,skip,skip,skip,skip,skip,0.0,draw
1129,caste,5,skip,skip,skip,skip,skip,skip,skip,skip,skip,skip,skip,skip,skip,skip,skip,skip,skip,skip,skip,skip,0.0,draw
1129,caste,6,skip,skip,skip,skip,skip,skip,skip,skip,skip,skip,skip,skip,skip,skip,skip,skip,skip,skip,skip,skip,0.0,draw
1130,caste,1,A,A,A,A,A,A,B,B,B,B,B,B,B,A,B,A,B,A,B,A,1.0,draw
1130,caste,2,B,B,B,B,B,B,A,A,A,A,A,A,A,B,A,B,A,B,A,B,1.0,draw
1130,caste,3,skip,skip,skip,skip,skip,skip,skip,skip,skip,skip,skip,skip,skip,skip,skip,skip,skip,skip,skip,skip,0.0,draw
1130,caste,4,skip,skip,skip,skip,skip,skip,skip,skip,skip,skip,skip,skip,skip,skip,skip,skip,skip,skip,skip,skip,0.0,draw
1130,caste,5,skip,skip,skip,skip,skip,skip,skip,skip,skip,skip,skip,skip,skip,skip,skip,skip,skip,skip,skip,skip,0.0,draw
1130,caste,6,skip,skip,skip,skip,skip,skip,skip,skip,skip,skip,skip,skip,skip,skip,skip,skip,skip,skip,skip,skip,0.0,draw
1131,caste,1,A,A,A,A,A,A,B,B,B,B,B,B,B,A,B,A,B,A,B,A,1.0,draw
1131,caste,2,B,B,B,B,B,B,A,A,A,A,A,A,A,B,A,B,A,B,A,B,1.0,draw
1131,caste,3,skip,skip,skip,skip,skip,skip,skip,skip,skip,skip,skip,skip,skip,skip,skip,skip,skip,skip,skip,skip,0.0,draw
1131,caste,4,skip,skip,skip,skip,skip,skip,skip,skip,skip,skip,skip,skip,skip,skip,skip,skip,skip,skip,skip,skip,0.0,draw
1131,caste,5,skip,skip,skip,skip,skip,skip,skip,skip,skip,skip,skip,skip,skip,skip,skip,skip,skip,skip,skip,skip,0.0,draw
1131,caste,6,skip,skip,skip,skip,skip,skip,skip,skip,skip,skip,skip,skip,skip,skip,skip,skip,skip,skip,skip,skip,0.0,draw
1132,caste,1,A,A,A,A,A,A,B,B,B,B,B,B,B,A,B,A,B,A,B,A,1.0,draw
1132,caste,2,B,B,B,B,B,B,A,A,A,A,A,A,A,B,A,B,A,B,A,B,1.0,draw
1132,caste,3,skip,skip,skip,skip,skip,skip,skip,skip,skip,skip,skip,skip,skip,skip,skip,skip,skip,skip,skip,skip,0.0,draw
1132,caste,4,skip,skip,skip,skip,skip,skip,skip,skip,skip,skip,skip,skip,skip,skip,skip,skip,skip,skip,skip,skip,0.0,draw
1132,caste,5,skip,skip,skip,skip,skip,skip,skip,skip,skip,skip,skip,skip,skip,skip,skip,skip,skip,skip,skip,skip,0.0,draw
1132,caste,6,skip,skip,skip,skip,skip,skip,skip,skip,skip,skip,skip,skip,skip,skip,skip,skip,skip,skip,skip,skip,0.0,draw
1133,caste,1,A,A,A,A,A,A,B,B,B,B,B,B,B,A,B,A,B,A,B,A,1.0,draw
1133,caste,2,B,B,B,B,B,B,A,A,A,A,A,A,A,B,A,B,A,B,A,B,1.0,draw
1133,caste,3,skip,skip,skip,skip,skip,skip,skip,skip,skip,skip,skip,skip,skip,skip,skip,skip,skip,skip,skip,skip,0.0,draw
1133,caste,4,skip,skip,skip,skip,skip,skip,skip,skip,skip,skip,skip,skip,skip,skip,skip,skip,skip,skip,skip,skip,0.0,draw
1133,caste,5,skip,skip,skip,skip,skip,skip,skip,skip,skip,skip,skip,skip,skip,skip,skip,skip,skip,skip,skip,skip,0.0,draw
1133,caste,6,skip,skip,skip,skip,skip,skip,skip,skip,skip,skip,skip,skip,skip,skip,skip,skip,skip,skip,skip,skip,0.0,draw
1134,caste,1,A,A,A,A,A,A,B,B,B,B,B,B,B,A,B,A,B,A,B,A,1.0,draw
1134,caste,2,B,B,B,B,B,B,A,A,A,A,A,A,A,B,A,B,A,B,A,B,1.0,draw
1134,caste,3,skip,skip,skip,skip,skip,skip,skip,skip,skip,skip,skip,skip,skip,skip,skip,skip,skip,skip,skip,skip,0.0,draw
1134,caste,4,skip,skip,skip,skip,skip,skip,skip,skip,skip,skip,skip,skip,skip,skip,skip,skip,skip,skip,skip,skip,0.0,draw
1134,caste,5,skip,skip,skip,skip,skip,skip,skip,skip,skip,skip,skip,skip,skip,skip,skip,skip,skip,skip,skip,skip,0.0,draw
1134,caste,6,skip,skip,skip,skip,skip,skip,skip,skip,skip,skip,skip,skip,skip,skip,skip,skip,skip,skip,skip,skip,0.0,draw
1135,caste,1,A,A,A,A,A,A,B,B,B,B,B,B,B,A,B,A,B,A,B,A,1.0,draw
1135,caste,2,B,B,B,B,B,B,A,A,A,A,A,A,A,B,A,B,A,B,A,B,1.0,draw
1135,caste,3,skip,skip,skip,skip,skip,skip,skip,skip,skip,skip,skip,skip,skip,skip,skip,skip,skip,skip,skip,skip,0.0,draw
1135,caste,4,skip,skip,skip,skip,skip,skip,skip,skip,skip,skip,skip,skip,skip,skip,skip,skip,skip,skip,skip,skip,0.0,draw
1135,caste,5,skip,skip,skip,skip,skip,skip,skip,skip,skip,skip,skip,skip,skip,skip,skip,skip,skip,skip,skip,skip,0.0,draw
1135,caste,6,skip,skip,skip,skip,skip,skip,skip,skip,skip,skip,skip,skip,skip,skip,skip,skip,skip,skip,skip,skip,0.0,draw
1136,caste,1,A,A,A,A,A,A,B,B,B,B,B,B,B,A,B,A,B,A,B,A,1.0,draw
1136,caste,2,B,B,B,B,B,B,A,A,A,A,A,A,A,B,A,B,A,B,A,B,1.0,draw
1136,caste,3,skip,skip,skip,skip,skip,skip,skip,skip,skip,skip,skip,skip,skip,skip,skip,skip,skip,skip,skip,skip,0.0,draw
1136,caste,4,skip,skip,skip,skip,skip,skip,skip,skip,skip,skip,skip,skip,skip,skip,skip,skip,skip,skip,skip,skip,0.0,draw
1136,caste,5,skip,skip,skip,skip,skip,skip,skip,skip,skip,skip,skip,skip,skip,skip,skip,skip,skip,skip,skip,skip,0.0,draw
1136,caste,6,skip,skip,skip,skip,skip,skip,skip,skip,skip,skip,skip,skip,skip,skip,skip,skip,skip,skip,skip,skip,0.0,draw
1137,caste,1,A,A,A,A,A,A,B,B,B,B,B,B,B,A,B,A,B,A,B,A,1.0,draw
1137,caste,2,B,B,B,B,B,B,A,A,A,A,A,A,A,B,A,B,A,B,A,B,1.0,draw
1137,caste,3,skip,skip,skip,skip,skip,skip,skip,skip,skip,skip,skip,skip,skip,skip,skip,skip,skip,skip,skip,skip,0.0,draw
1137,caste,4,skip,skip,skip,skip,skip,skip,skip,skip,skip,skip,skip,skip,skip,skip,skip,skip,skip,skip,skip,skip,0.0,draw
1137,caste,5,skip,skip,skip,skip,skip,skip,skip,skip,skip,skip,skip,skip,skip,skip,skip,skip,skip,skip,skip,skip,0.0,draw
1137,caste,6,skip,skip,skip,skip,skip,skip,skip,skip,skip,skip,skip,skip,skip,skip,skip,skip,skip,skip,skip,skip,0.0,draw
1138,caste,1,A,A,A,A,A,A,B,B,B,B,B,B,B,A,B,A,B,A,B,A,1.0,draw
1138,caste,2,B,B,B,B,B,B,A,A,A,A,A,A,A,B,A,B,A,B,A,B,1.0,draw
1138,caste,3,skip,skip,skip,skip,skip,skip,skip,skip,skip,skip,skip,skip,skip,skip,skip,skip,skip,skip,skip,skip,0.0,draw
1138,caste,4,skip,skip,skip,skip,skip,skip,skip,skip,skip,skip,skip,skip,skip,skip,skip,skip,skip,skip,skip,skip,0.0,draw
1138,caste,5,skip,skip,skip,skip,skip,skip,skip,skip,skip,skip,skip,skip,skip,skip,skip,skip,skip,skip,skip,skip,0.0,draw
1138,caste,6,skip,skip,skip,skip,skip,skip,skip,skip,skip,skip,skip,skip,skip,skip,skip,skip,skip,skip,skip,skip,0.0,draw
1139,caste,1,A,A,A,A,A,A,B,B,B,B,B,B,B,A,B,A,B,A,B,A,1.0,draw
1139,caste,2,B,B,B,B,B,B,A,A,A,A,A,A,A,B,A,B,A,B,A,B,1.0,draw
1139,caste,3,skip,skip,skip,skip,skip,skip,skip,skip,skip,skip,skip,skip,skip,skip,skip,skip,skip,skip,skip,skip,0.0,draw
1139,caste,4,skip,skip,skip,skip,skip,skip,skip,skip,skip,skip,skip,skip,skip,skip,skip,skip,skip,skip,skip,skip,0.0,draw
1139,caste,5,skip,skip,skip,skip,skip,skip,skip,skip,skip,skip,skip,skip,skip,skip,skip,skip,skip,skip,skip,skip,0.0,draw
1139,caste,6,skip,skip,skip,skip,skip,skip,skip,skip,skip,skip,skip,skip,skip,skip,skip,skip,skip,skip,skip,skip,0.0,draw
1140,caste,1,A,A,A,A,A,A,B,B,B,B,B,B,B,A,B,A,B,A,B,A,1.0,draw
1140,caste,2,B,B,B,B,B,B,A,A,A,A,A,A,A,B,A,B,A,B,A,B,1.0,draw
1140,caste,3,skip,skip,skip,skip,skip,skip,skip,skip,skip,skip,skip,skip,skip,skip,skip,skip,skip,skip,skip,skip,0.0,draw
1140,caste,4,skip,skip,skip,skip,skip,skip,skip,skip,skip,skip,skip,skip,skip,skip,skip,skip,skip,skip,skip,skip,0.0,draw
1140,caste,5,skip,skip,skip,skip,skip,skip,skip,skip,skip,skip,skip,skip,skip,skip,skip,skip,skip,skip,skip,skip,0.0,draw
1140,caste,6,skip,skip,skip,skip,skip,skip,skip,skip,skip,skip,skip,skip,skip,skip,skip,skip,skip,skip,skip,skip,0.0,draw
1141,equalize,1,A,B,A,B,B,B,A,B,B,B,B,B,B,skip,A,B,A,B,B,B,0.1,equalize
1141,equalize,2,B,A,B,skip,skip,skip,skip,A,A,A,A,A,A,B,skip,A,skip,skip,skip,skip,0.15,equalize
1141,equalize,3,skip,skip,skip,A,A,A,B,skip,skip,skip,skip,skip,skip,A,B,skip,skip,A,A,A,0.1,equalize
1141,random,4,A,B,A,A,B,skip,skip,A,A,skip,B,skip,skip,A,skip,skip,A,A,A,A,0.0,equalize
1141,random,5,A,B,A,B,A,A,skip,B,B,A,B,A,A,A,A,skip,A,B,A,B,0.0,equalize
1141,random,6,B,A,A,A,skip,skip,A,B,A,B,A,B,A,A,A,B,B,A,B,B,0.05,equalize
1142,random,1,A,skip,skip,skip,B,B,A,skip,B,A,A,skip,B,B,A,skip,skip,B,B,A,0.1,equalize
1142,equalize,2,B,A,A,B,skip,skip,A,A,skip,skip,A,A,A,A,A,A,A,A,A,skip,0.15,equalize
1142,equalize,3,skip,B,B,skip,skip,skip,skip,skip,A,B,skip,skip,skip,skip,skip,skip,skip,skip,skip,A,0.1,equalize
1142,equalize,4,skip,skip,skip,A,B,A,B,B,B,A,B,B,B,B,B,B,B,B,B,B,0.05,equalize
1142,random,5,B,B,A,A,B,skip,B,skip,A,skip,A,B,A,B,B,B,A,skip,skip,skip,0.0,equalize
1142,random,6,skip,A,A,skip,skip,A,A,B,B,A,skip,A,skip,A,skip,A,B,A,skip,B,0.0,equalize
1143,random,1,skip,B,skip,skip,B,skip,A,skip,skip,B,A,A,A,A,B,skip,B,B,A,A,0.0,equalize
1143,equalize,2,B,A,A,skip,skip,skip,A,A,A,skip,skip,A,A,A,A,A,B,B,A,A,0.15,equalize
1143,equalize,3,skip,B,B,A,B,A,B,B,skip,skip,skip,B,skip,skip,B,B,skip,skip,skip,skip,0.2,equalize
1143,random,4,skip,B,B,B,B,skip,B,skip,skip,skip,skip,A,skip,A,skip,skip,A,B,skip,B,0.0,equalize
1143,equalize,5,skip,skip,skip,B,skip,B,skip,skip,B,B,B,skip,B,B,skip,skip,skip,skip,B,B,0.15,equalize
1143,random,6,B,A,B,A,skip,skip,A,A,B,A,A,A,B,skip,A,skip,A,skip,B,B,0.05,equalize
1144,equalize,1,A,B,skip,skip,skip,skip,B,A,B,B,A,A,A,A,B,B,skip,skip,skip,B,0.25,equalize
1144,equalize,2,B,A,B,B,B,A,skip,B,skip,skip,skip,skip,B,B,skip,skip,B,skip,skip,skip,0.2,equalize
1144,random,3,B,skip,B,B,A,skip,skip,skip,A,B,B,A,skip,skip,B,skip,skip,A,B,skip,0.0,equalize
1144,equalize,4,skip,skip,skip,A,A,B,A,skip,skip,skip,B,B,skip,skip,A,A,A,B,A,skip,0.2,equalize
1144,random,5,A,A,B,skip,B,skip,skip,A,A,B,B,A,skip,skip,B,skip,A,skip,B,A,0.0,equalize
1144,random,6,skip,A,A,A,B,B,B,A,B,A,A,skip,B,skip,A,A,A,A,B,A,0.1,equalize
1145,random,1,B,B,A,B,B,skip,B,A,B,B,B,B,skip,B,A,A,A,A,B,B,0.05,equalize
1145,random,2,A,skip,A,A,B,A,skip,A,skip,skip,B,A,B,A,B,B,A,skip,skip,A,0.05,equalize
1145,equalize,3,skip,B,B,B,B,B,skip,A,B,B,B,B,B,A,A,A,A,A,B,B,0.05,equalize
1145,equalize,4,skip,A,A,A,A,A,B,B,A,skip,skip,skip,skip,B,B,B,B,skip,A,skip,0.2,equalize
1145,equalize,5,skip,skip,skip,skip,skip,skip,A,skip,skip,A,A,A,A,skip,skip,skip,skip,B,skip,A,0.15,equalize
1145,random,6,skip,A,B,A,A,skip,B,skip,skip,A,A,A,B,B,B,B,A,A,skip,B,0.0,equalize
1146,random,1,skip,skip,A,skip,skip,B,B,A,B,skip,skip,A,A,A,A,B,B,B,A,A,0.0,equalize
1146,equalize,2,B,A,B,skip,skip,skip,B,A,A,A,A,B,A,B,B,B,B,B,B,B,0.2,equalize
1146,random,3,B,A,A,A,A,B,A,A,A,skip,A,B,skip,B,A,A,skip,A,skip,A,0.1,equalize
1146,equalize,4,skip,B,skip,B,A,A,skip,B,skip,skip,B,skip,skip,A,A,A,A,A,A,A,0.15,equalize
1146,random,5,skip,B,A,B,A,B,skip,skip,B,A,skip,B,skip,skip,A,A,A,A,skip,skip,0.0,equalize
1146,equalize,6,skip,skip,skip,skip,B,skip,skip,skip,B,B,skip,A,B,skip,skip,skip,skip,skip,skip,skip,0.15,equalize
1147,equalize,1,A,B,B,A,B,A,B,B,B,B,A,A,A,B,skip,skip,A,B,skip,skip,0.2,equalize
1147,random,2,skip,B,B,skip,A,A,B,A,B,skip,A,B,B,skip,skip,A,skip,skip,B,skip,0.0,equalize
1147,random,3,A,skip,B,A,A,skip,skip,B,skip,A,skip,A,A,A,skip,skip,A,A,skip,A,0.0,equalize
1147,equalize,4,skip,A,skip,B,skip,skip,A,skip,skip,skip,skip,skip,skip,skip,A,B,skip,A,A,skip,0.2,equalize
1147,equalize,5,skip,skip,skip,skip,A,B,skip,A,A,A,B,B,B,A,B,A,B,skip,skip,A,0.15,equalize
1147,random,6,skip,A,B,A,skip,skip,B,B,A,skip,B,skip,B,A,A,A,skip,A,B,skip,0.0,equalize
1148,random,1,skip,A,skip,B,B,B,skip,skip,B,B,B,B,B,A,A,A,A,skip,A,B,0.15,equalize
1148,equalize,2,B,skip,A,skip,skip,skip,skip,skip,skip,B,A,skip,A,B,B,B,B,skip,B,A,0.25,equalize
1148,equalize,3,skip,B,skip,A,skip,skip,A,B,skip,A,skip,skip,skip,A,A,A,A,B,A,skip,0.2,equalize
1148,random,4,A,A,skip,skip,B,B,A,skip,skip,skip,B,skip,A,B,skip,A,skip,skip,skip,skip,0.0,equalize
1148,random,5,A,A,B,A,A,skip,skip,A,skip,skip,B,B,skip,A,B,B,skip,skip,B,skip,0.0,equalize
1148,equalize,6,skip,A,B,B,A,A,skip,A,A,skip,skip,A,skip,skip,skip,skip,skip,A,skip,skip,0.2,equalize
1149,equalize,1,A,B,skip,skip,skip,A,B,A,A,A,A,A,A,A,B,skip,skip,skip,skip,skip,0.15,equalize
1149,random,2,B,skip,B,skip,skip,A,A,skip,A,skip,skip,B,B,skip,skip,A,B,A,skip,A,0.1,equalize
1149,equalize,3,skip,A,B,A,skip,skip,skip,B,B,B,B,B,B,B,skip,B,B,B,B,A,0.1,equalize
1149,random,4,A,A,skip,skip,skip,B,skip,A,B,B,B,A,skip,skip,skip,B,skip,B,B,skip,0.05,equalize
1149,random,5,skip,skip,B,B,skip,skip,B,B,skip,A,A,A,A,skip,A,B,A,B,skip,B,0.0,equalize
1149,equalize,6,skip,skip,skip,B,B,skip,skip,skip,skip,skip,skip,skip,skip,skip,A,A,A,A,A,B,0.1,equalize
1150,equalize,1,A,B,B,B,B,A,A,B,skip,skip,skip,skip,A,skip,skip,A,B,B,B,A,0.15,equalize
1150,equalize,2,B,skip,skip,skip,A,skip,skip,A,B,B,B,B,B,B,A,B,A,A,A,B,0.2,equalize
1150,random,3,A,B,A,A,skip,B,A,A,A,B,A,B,B,B,skip,B,A,skip,skip,A,0.05,equalize
1150,random,4,A,skip,A,B,skip,B,B,A,B,skip,B,skip,skip,skip,skip,B,skip,B,B,A,0.05,equalize
1150,equalize,5,skip,A,skip,skip,skip,skip,skip,skip,A,A,A,A,skip,skip,B,skip,skip,skip,skip,skip,0.15,equalize
1150,random,6,A,skip,B,B,A,A,skip,A,skip,A,skip,B,B,skip,A,A,B,B,B,skip,0.0,equalize
1151,random,1,A,A,A,A,skip,B,B,B,A,B,B,A,skip,skip,B,A,skip,B,B,B,0.0,equalize
1151,random,2,A,skip,B,A,skip,A,skip,A,skip,B,B,A,skip,skip,skip,A,skip,A,B,skip,0.05,equalize
1151,random,3,B,B,skip,B,A,B,B,skip,A,A,A,skip,B,B,A,skip,A,B,A,B,0.1,equalize
1151,equalize,4,skip,A,A,B,B,skip,skip,A,A,B,B,B,skip,A,skip,skip,skip,skip,skip,skip,0.15,equalize
1151,equalize,5,skip,skip,skip,A,A,B,B,B,B,A,A,A,B,B,B,A,B,B,B,B,0.1,equalize
1151,equalize,6,skip,skip,skip,skip,skip,A,A,skip,skip,skip,skip,skip,A,skip,A,skip,A,A,A,A,0.15,equalize
1152,random,1,A,B,A,skip,skip,A,skip,A,skip,skip,B,B,B,skip,skip,B,skip,B,A,A,0.1,equalize
1152,random,2,A,B,A,A,A,A,B,B,B,skip,A,skip,skip,A,A,A,B,skip,B,B,0.05,equalize
1152,equalize,3,skip,A,A,B,skip,skip,skip,A,A,skip,skip,skip,skip,A,A,A,A,B,B,B,0.1,equalize
1152,random,4,B,A,skip,skip,A,B,skip,skip,skip,B,A,skip,B,skip,A,A,A,skip,A,A,0.05,equalize
1152,equalize,5,skip,skip,skip,A,A,B,B,B,B,B,A,B,B,B,B,skip,skip,A,skip,skip,0.15,equalize
1152,equalize,6,skip,skip,skip,skip,skip,A,A,skip,skip,skip,skip,skip,A,skip,skip,skip,skip,skip,A,A,0.1,equalize
1153,random,1,A,skip,A,B,A,skip,B,A,B,skip,skip,skip,A,skip,A,B,B,A,B,B,0.15,equalize
1153,random,2,skip,A,B,A,A,B,A,A,B,B,B,B,skip,skip,skip,B,A,A,B,A,0.0,equalize
1153,equalize,3,skip,B,B,A,A,B,A,A,B,A,A,A,B,A,B,skip,skip,skip,B,A,0.15,equalize
1153,equalize,4,skip,A,A,B,B,skip,B,skip,A,skip,skip,skip,skip,skip,skip,A,A,A,A,B,0.15,equalize
1153,random,5,skip,B,B,B,skip,skip,skip,B,B,A,skip,A,B,skip,skip,A,B,skip,B,skip,0.05,equalize
1153,equalize,6,skip,skip,skip,skip,skip,A,skip,skip,skip,B,B,B,skip,B,skip,B,B,B,skip,skip,0.15,equalize
1154,equalize,1,A,B,B,skip,A,B,B,B,A,B,B,B,B,A,skip,skip,skip,skip,A,B,0.25,equalize
1154,random,2,A,B,A,skip,A,A,skip,A,A,B,B,A,skip,B,A,A,skip,skip,skip,skip,0.0,equalize
1154,random,3,skip,B,A,A,A,skip,skip,A,skip,A,skip,A,skip,skip,A,skip,A,skip,A,skip,0.0,equalize
1154,random,4,A,A,skip,A,skip,B,B,A,A,B,A,B,skip,skip,A,skip,B,B,skip,A,0.05,equalize
1154,equalize,5,skip,skip,A,B,skip,A,A,skip,skip,A,A,A,A,skip,skip,A,B,B,B,A,0.2,equalize
1154,equalize,6,skip,skip,skip,A,B,skip,skip,A,B,skip,skip,skip,skip,B,A,B,A,A,skip,skip,0.2,equalize
1155,equalize,1,A,B,skip,skip,A,B,A,A,A,A,A,A,A,A,A,B,A,A,A,A,0.15,equalize
1155,random,2,A,A,B,B,B,skip,A,B,skip,A,skip,skip,A,skip,B,B,B,B,A,skip,0.0,equalize
1155,random,3,B,skip,B,B,B,B,B,A,skip,B,B,A,A,A,B,skip,A,A,B,B,0.05,equalize
1155,equalize,4,skip,A,B,B,B,A,B,B,B,skip,skip,skip,skip,skip,skip,skip,B,B,B,B,0.1,equalize
1155,random,5,skip,A,A,skip,A,B,skip,A,A,skip,A,B,B,B,B,skip,B,skip,A,B,0.0,equalize
1155,equalize,6,skip,skip,A,A,skip,skip,skip,skip,skip,B,B,B,B,B,B,A,skip,skip,skip,skip,0.1,equalize
1156,equalize,1,A,skip,skip,skip,skip,skip,B,skip,A,skip,skip,B,skip,skip,skip,skip,A,A,B,B,0.2,equalize
1156,equalize,2,B,A,B,B,B,skip,A,B,skip,skip,skip,A,A,B,B,B,B,B,A,A,0.15,equalize
1156,random,3,skip,A,A,A,skip,skip,A,A,B,B,skip,A,A,A,B,skip,B,A,A,A,0.0,equalize
1156,random,4,B,skip,A,A,A,skip,A,skip,A,A,skip,A,skip,skip,A,B,skip,A,B,A,0.0,equalize
1156,random,5,skip,skip,B,B,A,B,skip,skip,skip,B,skip,skip,skip,B,skip,skip,A,A,skip,A,0.05,equalize
1156,equalize,6,skip,skip,skip,skip,skip,A,skip,A,B,A,A,skip,skip,A,A,A,skip,skip,skip,skip,0.15,equalize
1157,equalize,1,A,B,B,B,A,B,skip,B,B,skip,skip,A,A,B,B,B,B,A,A,A,0.15,equalize
1157,random,2,A,A,B,skip,B,skip,A,B,A,A,B,skip,A,skip,B,skip,A,skip,B,A,0.0,equalize
1157,equalize,3,skip,A,A,A,skip,skip,skip,A,skip,skip,skip,skip,skip,A,skip,skip,skip,skip,skip,skip,0.15,equalize
1157,equalize,4,skip,skip,skip,skip,B,A,B,skip,A,A,B,B,B,skip,A,A,A,B,B,B,0.15,equalize
1157,random,5,skip,B,skip,skip,A,skip,skip,skip,skip,B,A,B,A,B,B,A,skip,A,B,skip,0.1,equalize
1157,random,6,B,skip,A,B,A,A,A,skip,A,skip,skip,A,skip,B,A,B,skip,B,A,skip,0.05,equalize
1158,random,1,skip,A,B,A,A,skip,skip,A,A,skip,B,skip,A,B,B,B,B,B,A,A,0.05,equalize
1158,equalize,2,B,skip,skip,A,A,B,B,A,B,B,B,B,A,A,skip,skip,skip,B,B,B,0.25,equalize
1158,random,3,skip,B,B,B,skip,skip,B,A,A,skip,A,skip,A,B,skip,B,B,A,B,A,0.05,equalize
1158,equalize,4,skip,A,B,B,B,A,skip,skip,A,A,skip,skip,skip,skip,A,B,A,A,A,A,0.2,equalize
1158,equalize,5,skip,skip,A,skip,skip,skip,skip,B,skip,skip,A,A,skip,skip,skip,A,skip,skip,skip,skip,0.2,equalize
1158,random,6,A,A,skip,skip,A,B,skip,A,skip,B,skip,skip,B,B,A,skip,skip,skip,A,A,0.1,equalize
1159,random,1,B,skip,B,A,A,skip,B,skip,A,skip,skip,skip,A,skip,A,A,A,A,B,B,0.0,equalize
1159,equalize,2,B,A,skip,skip,skip,skip,B,A,skip,skip,B,A,skip,skip,B,skip,B,B,B,B,0.2,equalize
1159,random,3,B,B,skip,B,A,B,skip,skip,skip,A,B,skip,B,A,A,A,B,skip,A,skip,0.05,equalize
1159,random,4,A,skip,B,B,B,B,skip,B,A,A,A,B,A,skip,skip,A,A,B,skip,skip,0.1,equalize
1159,equalize,5,skip,B,B,A,A,A,skip,B,A,B,skip,B,B,B,skip,B,skip,skip,skip,skip,0.2,equalize
1159,equalize,6,skip,skip,skip,B,B,B,A,skip,B,skip,skip,skip,skip,skip,A,A,A,A,A,A,0.15,equalize
1160,equalize,1,A,B,A,skip,skip,A,A,skip,B,skip,skip,skip,skip,skip,skip,skip,A,skip,A,A,0.2,equalize
1160,random,2,skip,B,B,A,skip,B,B,A,A,A,skip,B,A,B,A,skip,B,skip,skip,A,0.0,equalize
1160,equalize,3,skip,A,B,A,A,B,B,A,A,B,B,B,A,B,B,B,skip,A,skip,skip,0.2,equalize
1160,random,4,A,A,skip,skip,A,B,B,A,A,A,A,A,A,A,skip,A,skip,skip,A,A,0.0,equalize
1160,equalize,5,skip,skip,skip,B,skip,skip,skip,B,skip,A,A,A,skip,A,A,A,B,B,B,B,0.2,equalize
1160,random,6,B,B,B,A,skip,A,B,skip,skip,A,skip,skip,A,skip,B,A,skip,B,A,A,0.05,equalize
1161,rotate,1,A,B,skip,skip,skip,skip,A,B,skip,skip,skip,skip,A,B,skip,skip,skip,skip,A,B,0.25,equalize
1161,equalize,2,B,skip,skip,skip,B,B,skip,A,A,skip,skip,skip,skip,A,A,skip,skip,skip,skip,A,0.2,equalize
1161,equalize,3,skip,A,B,B,A,skip,skip,B,B,B,skip,skip,skip,B,B,B,skip,skip,skip,B,0.2,equalize
1161,rotate,4,skip,skip,skip,A,B,skip,skip,skip,skip,A,B,skip,skip,skip,skip,A,B,skip,skip,skip,0.15,equalize
1161,equalize,5,skip,skip,A,skip,skip,skip,B,skip,skip,skip,B,A,skip,skip,skip,skip,B,A,skip,skip,0.2,equalize
1161,rotate,6,skip,A,B,skip,skip,skip,skip,A,B,skip,skip,skip,skip,A,B,skip,skip,skip,skip,A,0.0,equalize
1162,rotate,1,A,B,skip,skip,skip,skip,A,B,skip,skip,skip,skip,A,B,skip,skip,skip,skip,A,B,0.1,equalize
1162,equalize,2,B,skip,skip,skip,B,B,A,A,B,skip,skip,B,A,A,skip,B,skip,skip,skip,B,0.25,equalize
1162,rotate,3,skip,skip,skip,skip,A,B,skip,skip,skip,skip,A,B,skip,skip,skip,skip,A,B,skip,skip,0.05,equalize
1162,rotate,4,skip,skip,skip,A,B,skip,skip,skip,skip,A,B,skip,skip,skip,skip,A,B,skip,skip,skip,0.15,equalize
1162,equalize,5,skip,skip,A,skip,A,A,skip,B,skip,B,skip,skip,B,skip,skip,skip,A,B,A,A,0.25,equalize
1162,equalize,6,skip,skip,B,skip,skip,skip,B,skip,skip,skip,B,A,skip,B,B,skip,B,skip,B,skip,0.25,equalize
1163,rotate,1,A,B,skip,skip,skip,skip,A,B,skip,skip,skip,skip,A,B,skip,skip,skip,skip,A,B,0.15,equalize
1163,equalize,2,B,skip,skip,skip,B,skip,skip,skip,A,skip,skip,skip,A,B,A,skip,B,skip,skip,skip,0.25,equalize
1163,rotate,3,skip,skip,skip,skip,A,B,skip,skip,skip,skip,A,B,skip,skip,skip,skip,A,B,skip,skip,0.15,equalize
1163,equalize,4,skip,B,A,skip,skip,A,skip,skip,B,B,skip,skip,B,skip,skip,skip,skip,B,A,B,0.2,equalize
1163,equalize,5,skip,skip,B,B,skip,B,B,skip,skip,skip,A,A,skip,skip,B,B,skip,skip,B,skip,0.25,equalize
1163,rotate,6,skip,A,B,skip,skip,skip,skip,A,B,skip,skip,skip,skip,A,B,skip,skip,skip,skip,A,0.2,equalize
1164,equalize,1,A,skip,A,skip,skip,skip,B,A,A,skip,B,skip,skip,skip,B,B,skip,B,skip,B,0.3,equalize
1164,rotate,2,B,skip,skip,skip,skip,A,B,skip,skip,skip,skip,A,B,skip,skip,skip,skip,A,B,skip,0.05,equalize
1164,rotate,3,skip,skip,skip,skip,A,B,skip,skip,skip,skip,A,B,skip,skip,skip,skip,A,B,skip,skip,0.2,equalize
1164,equalize,4,skip,B,skip,skip,B,skip,skip,B,skip,skip,skip,A,B,A,A,skip,B,skip,skip,skip,0.25,equalize
1164,equalize,5,skip,skip,B,B,skip,A,A,skip,B,B,skip,B,skip,B,skip,skip,skip,A,B,A,0.2,equalize
1164,rotate,6,skip,A,B,skip,skip,skip,skip,A,B,skip,skip,skip,skip,A,B,skip,skip,skip,skip,A,0.05,equalize
1165,equalize,1,A,skip,skip,skip,B,A,A,skip,B,skip,skip,B,B,A,skip,B,skip,skip,skip,B,0.3,equalize
1165,rotate,2,B,skip,skip,skip,skip,A,B,skip,skip,skip,skip,A,B,skip,skip,skip,skip,A,B,skip,0.05,equalize
1165,rotate,3,skip,skip,skip,skip,A,B,skip,skip,skip,skip,A,B,skip,skip,skip,skip,A,B,skip,skip,0.15,equalize
1165,rotate,4,skip,skip,skip,A,B,skip,skip,skip,skip,A,B,skip,skip,skip,skip,A,B,skip,skip,skip,0.15,equalize
1165,equalize,5,skip,skip,A,skip,skip,B,B,A,skip,B,skip,skip,skip,B,skip,skip,B,A,A,skip,0.25,equalize
1165,equalize,6,skip,skip,B,skip,skip,skip,skip,B,skip,skip,B,A,A,skip,B,skip,skip,B,B,A,0.25,equalize
1166,equalize,1,A,skip,A,A,skip,A,skip,skip,A,skip,B,skip,A,skip,skip,skip,A,B,A,skip,0.3,equalize
1166,equalize,2,B,skip,skip,skip,B,skip,skip,A,B,A,A,A,skip,A,B,A,skip,A,skip,skip,0.3,equalize
1166,rotate,3,skip,skip,skip,skip,A,B,skip,skip,skip,skip,A,B,skip,skip,skip,skip,A,B,skip,skip,0.05,equalize
1166,equalize,4,skip,B,skip,skip,A,B,B,B,skip,skip,skip,skip,B,skip,A,skip,B,skip,skip,A,0.25,equalize
1166,rotate,5,skip,skip,A,B,skip,skip,skip,skip,A,B,skip,skip,skip,skip,A,B,skip,skip,skip,skip,0.15,equalize
1166,rotate,6,skip,A,B,skip,skip,skip,skip,A,B,skip,skip,skip,skip,A,B,skip,skip,skip,skip,A,0.1,equalize
1167,rotate,1,A,B,skip,skip,skip,skip,A,B,skip,skip,skip,skip,A,B,skip,skip,skip,skip,A,B,0.1,equalize
1167,rotate,2,B,skip,skip,skip,skip,A,B,skip,skip,skip,skip,A,B,skip,skip,skip,skip,A,B,skip,0.1,equalize
1167,rotate,3,skip,skip,skip,skip,A,B,skip,skip,skip,skip,A,B,skip,skip,skip,skip,A,B,skip,skip,0.15,equalize
1167,equalize,4,skip,B,A,skip,skip,A,B,A,skip,B,skip,skip,skip,skip,B,skip,skip,B,A,A,0.25,equalize
1167,equalize,5,skip,skip,B,skip,skip,B,skip,B,A,skip,skip,A,A,A,skip,B,skip,skip,B,B,0.2,equalize
1167,equalize,6,skip,skip,skip,B,skip,skip,skip,skip,B,skip,skip,B,B,B,A,skip,B,skip,skip,skip,0.2,equalize
1168,equalize,1,A,skip,skip,B,A,A,A,skip,B,skip,skip,skip,skip,skip,A,B,B,B,B,B,0.25,equalize
1168,rotate,2,B,skip,skip,skip,skip,A,B,skip,skip,skip,skip,A,B,skip,skip,skip,skip,A,B,skip,0.05,equalize
1168,rotate,3,skip,skip,skip,skip,A,B,skip,skip,skip,skip,A,B,skip,skip,skip,skip,A,B,skip,skip,0.1,equalize
1168,equalize,4,skip,B,skip,skip,skip,B,B,A,skip,skip,skip,A,A,skip,B,skip,skip,skip,skip,skip,0.2,equalize
1168,rotate,5,skip,skip,A,B,skip,skip,skip,skip,A,B,skip,skip,skip,skip,A,B,skip,skip,skip,skip,0.05,equalize
1168,equalize,6,skip,skip,B,skip,skip,skip,skip,skip,A,B,B,B,B,B,skip,skip,skip,A,A,skip,0.2,equalize
1169,rotate,1,A,B,skip,skip,skip,skip,A,B,skip,skip,skip,skip,A,B,skip,skip,skip,skip,A,B,0.2,equalize
1169,equalize,2,B,skip,skip,skip,A,skip,skip,A,skip,skip,skip,skip,A,A,skip,skip,skip,skip,B,skip,0.25,equalize
1169,equalize,3,skip,A,skip,skip,skip,A,skip,skip,skip,A,skip,A,skip,skip,A,B,B,A,A,A,0.25,equalize
1169,rotate,4,skip,skip,skip,A,B,skip,skip,skip,skip,A,B,skip,skip,skip,skip,A,B,skip,skip,skip,0.0,equalize
1169,rotate,5,skip,skip,A,B,skip,skip,skip,skip,A,B,skip,skip,skip,skip,A,B,skip,skip,skip,skip,0.05,equalize
1169,equalize,6,skip,skip,A,A,B,B,A,B,A,B,B,B,B,skip,skip,A,A,skip,skip,skip,0.2,equalize
1170,equalize,1,A,skip,A,skip,skip,skip,skip,A,A,skip,skip,skip,skip,B,skip,skip,A,A,skip,skip,0.25,equalize
1170,equalize,2,B,skip,skip,skip,A,A,skip,skip,skip,A,B,B,B,A,A,skip,skip,skip,skip,B,0.25,equalize
1170,rotate,3,skip,skip,skip,skip,A,B,skip,skip,skip,skip,A,B,skip,skip,skip,skip,A,B,skip,skip,0.0,equalize
1170,rotate,4,skip,skip,skip,A,B,skip,skip,skip,skip,A,B,skip,skip,skip,skip,A,B,skip,skip,skip,0.05,equalize
1170,equalize,5,skip,skip,B,skip,B,B,A,B,skip,skip,A,A,skip,skip,skip,A,B,B,B,A,0.2,equalize
1170,rotate,6,skip,A,B,skip,skip,skip,skip,A,B,skip,skip,skip,skip,A,B,skip,skip,skip,skip,A,0.15,equalize
1171,rotate,1,A,B,skip,skip,skip,skip,A,B,skip,skip,skip,skip,A,B,skip,skip,skip,skip,A,B,0.1,equalize
1171,rotate,2,B,skip,skip,skip,skip,A,B,skip,skip,skip,skip,A,B,skip,skip,skip,skip,A,B,skip,0.05,equalize
1171,equalize,3,skip,A,skip,skip,B,A,B,B,B,B,skip,skip,A,A,skip,skip,skip,A,B,B,0.2,equalize
1171,rotate,4,skip,skip,skip,A,B,skip,skip,skip,skip,A,B,skip,skip,skip,skip,A,B,skip,skip,skip,0.15,equalize
1171,equalize,5,skip,skip,B,skip,A,skip,skip,skip,skip,A,skip,B,skip,skip,skip,B,skip,skip,A,A,0.25,equalize
1171,equalize,6,skip,skip,A,skip,skip,skip,A,A,skip,skip,skip,A,B,B,A,A,A,skip,skip,skip,0.2,equalize
1172,equalize,1,A,skip,skip,skip,A,A,skip,A,skip,skip,B,B,A,skip,B,skip,skip,skip,B,skip,0.3,equalize
1172,equalize,2,B,skip,skip,skip,B,B,A,B,skip,skip,skip,skip,B,skip,skip,B,A,A,skip,B,0.3,equalize
1172,rotate,3,skip,skip,skip,skip,A,B,skip,skip,skip,skip,A,B,skip,skip,skip,skip,A,B,skip,skip,0.0,equalize
1172,rotate,4,skip,skip,skip,A,B,skip,skip,skip,skip,A,B,skip,skip,skip,skip,A,B,skip,skip,skip,0.15,equalize
1172,rotate,5,skip,skip,A,B,skip,skip,skip,skip,A,B,skip,skip,skip,skip,A,B,skip,skip,skip,skip,0.2,equalize
1172,equalize,6,skip,skip,B,skip,skip,skip,B,skip,skip,B,A,A,skip,B,skip,skip,B,B,A,skip,0.25,equalize
1173,rotate,1,A,B,skip,skip,skip,skip,A,B,skip,skip,skip,skip,A,B,skip,skip,skip,skip,A,B,0.1,equalize
1173,equalize,2,B,skip,skip,skip,skip,A,skip,skip,B,skip,skip,skip,skip,skip,B,skip,skip,skip,B,skip,0.25,equalize
1173,rotate,3,skip,skip,skip,skip,A,B,skip,skip,skip,skip,A,B,skip,skip,skip,skip,A,B,skip,skip,0.05,equalize
1173,equalize,4,skip,B,A,A,skip,B,B,skip,skip,skip,skip,B,A,B,A,B,A,B,A,B,0.1,equalize
1173,rotate,5,skip,skip,A,B,skip,skip,skip,skip,A,B,skip,skip,skip,skip,A,B,skip,skip,skip,skip,0.05,equalize
1173,equalize,6,skip,skip,skip,skip,B,skip,skip,B,A,B,A,A,B,skip,skip,skip,B,skip,skip,skip,0.2,equalize
1174,equalize,1,A,skip,skip,skip,B,B,skip,B,skip,skip,skip,B,skip,skip,B,skip,B,A,skip,A,0.2,equalize
1174,rotate,2,B,skip,skip,skip,skip,A,B,skip,skip,skip,skip,A,B,skip,skip,skip,skip,A,B,skip,0.25,equalize
1174,equalize,3,skip,A,B,B,skip,skip,A,skip,A,skip,skip,skip,skip,B,skip,skip,skip,skip,skip,B,0.25,equalize
1174,rotate,4,skip,skip,skip,A,B,skip,skip,skip,skip,A,B,skip,skip,skip,skip,A,B,skip,skip,skip,0.15,equalize
1174,equalize,5,skip,skip,A,skip,skip,skip,skip,A,B,B,B,A,skip,A,A,B,skip,skip,skip,skip,0.2,equalize
1174,rotate,6,skip,A,B,skip,skip,skip,skip,A,B,skip,skip,skip,skip,A,B,skip,skip,skip,skip,A,0.0,equalize
1175,rotate,1,A,B,skip,skip,skip,skip,A,B,skip,skip,skip,skip,A,B,skip,skip,skip,skip,A,B,0.2,equalize
1175,rotate,2,B,skip,skip,skip,skip,A,B,skip,skip,skip,skip,A,B,skip,skip,skip,skip,A,B,skip,0.15,equalize
1175,equalize,3,skip,A,B,A,skip,B,skip,skip,skip,B,skip,skip,skip,B,B,A,skip,B,skip,skip,0.25,equalize
1175,equalize,4,skip,B,A,skip,skip,skip,B,A,A,skip,skip,A,B,A,A,B,skip,skip,B,A,0.2,equalize
1175,equalize,5,skip,skip,skip,B,skip,skip,skip,B,B,A,skip,B,skip,skip,skip,skip,B,skip,skip,B,0.2,equalize
1175,rotate,6,skip,A,B,skip,skip,skip,skip,A,B,skip,skip,skip,skip,A,B,skip,skip,skip,skip,A,0.0,equalize
1176,equalize,1,A,skip,skip,B,A,skip,skip,A,A,B,B,B,skip,skip,A,A,skip,skip,skip,A,0.25,equalize
1176,rotate,2,B,skip,skip,skip,skip,A,B,skip,skip,skip,skip,A,B,skip,skip,skip,skip,A,B,skip,0.25,equalize
1176,equalize,3,skip,A,B,A,skip,B,skip,B,skip,skip,skip,A,A,skip,skip,skip,skip,B,skip,skip,0.25,equalize
1176,equalize,4,skip,B,skip,skip,skip,skip,A,skip,skip,A,skip,skip,skip,A,B,B,B,A,A,skip,0.25,equalize
1176,rotate,5,skip,skip,A,B,skip,skip,skip,skip,A,B,skip,skip,skip,skip,A,B,skip,skip,skip,skip,0.05,equalize
1176,rotate,6,skip,A,B,skip,skip,skip,skip,A,B,skip,skip,skip,skip,A,B,skip,skip,skip,skip,A,0.05,equalize
1177,rotate,1,A,B,skip,skip,skip,skip,A,B,skip,skip,skip,skip,A,B,skip,skip,skip,skip,A,B,0.2,equalize
1177,equalize,2,B,skip,skip,skip,skip,A,skip,skip,skip,skip,skip,B,skip,skip,A,A,skip,skip,A,A,0.2,equalize
1177,equalize,3,skip,A,B,B,A,skip,skip,B,B,B,B,A,skip,skip,skip,skip,A,skip,skip,skip,0.2,equalize
1177,equalize,4,skip,B,A,A,skip,skip,skip,A,A,A,skip,skip,A,A,B,B,B,A,skip,skip,0.2,equalize
1177,rotate,5,skip,skip,A,B,skip,skip,skip,skip,A,B,skip,skip,skip,skip,A,B,skip,skip,skip,skip,0.0,equalize
1177,rotate,6,skip,A,B,skip,skip,skip,skip,A,B,skip,skip,skip,skip,A,B,skip,skip,skip,skip,A,0.0,equalize
1178,equalize,1,A,skip,skip,skip,A,skip,skip,skip,B,B,B,A,B,skip,skip,B,B,A,skip,B,0.3,equalize
1178,equalize,2,B,skip,skip,skip,skip,skip,A,skip,A,A,A,skip,skip,B,skip,skip,skip,B,skip,skip,0.25,equalize
1178,equalize,3,skip,A,B,B,B,A,B,skip,skip,skip,skip,B,skip,skip,B,A,A,skip,B,skip,0.25,equalize
1178,rotate,4,skip,skip,skip,A,B,skip,skip,skip,skip,A,B,skip,skip,skip,skip,A,B,skip,skip,skip,0.05,equalize
1178,rotate,5,skip,skip,A,B,skip,skip,skip,skip,A,B,skip,skip,skip,skip,A,B,skip,skip,skip,skip,0.1,equalize
1178,rotate,6,skip,A,B,skip,skip,skip,skip,A,B,skip,skip,skip,skip,A,B,skip,skip,skip,skip,A,0.15,equalize
1179,equalize,1,A,skip,skip,skip,A,skip,skip,skip,A,B,B,B,A,skip,skip,skip,B,A,A,skip,0.25,equalize
1179,rotate,2,B,skip,skip,skip,skip,A,B,skip,skip,skip,skip,A,B,skip,skip,skip,skip,A,B,skip,0.15,equalize
1179,equalize,3,skip,A,skip,skip,skip,skip,B,B,skip,skip,A,skip,skip,skip,B,skip,skip,B,skip,skip,0.25,equalize
1179,rotate,4,skip,skip,skip,A,B,skip,skip,skip,skip,A,B,skip,skip,skip,skip,A,B,skip,skip,skip,0.1,equalize
1179,rotate,5,skip,skip,A,B,skip,skip,skip,skip,A,B,skip,skip,skip,skip,A,B,skip,skip,skip,skip,0.1,equalize
1179,equalize,6,skip,skip,A,A,B,B,skip,A,skip,skip,skip,skip,B,B,skip,B,A,skip,B,B,0.25,equalize
1180,rotate,1,A,B,skip,skip,skip,skip,A,B,skip,skip,skip,skip,A,B,skip,skip,skip,skip,A,B,0.1,equalize
1180,rotate,2,B,skip,skip,skip,skip,A,B,skip,skip,skip,skip,A,B,skip,skip,skip,skip,A,B,skip,0.25,equalize
1180,equalize,3,skip,A,skip,skip,skip,B,skip,skip,B,skip,skip,skip,A,B,A,A,skip,B,skip,skip,0.25,equalize
1180,equalize,4,skip,B,A,B,B,skip,skip,A,skip,B,A,skip,B,skip,B,skip,skip,skip,A,B,0.2,equalize
1180,rotate,5,skip,skip,A,B,skip,skip,skip,skip,A,B,skip,skip,skip,skip,A,B,skip,skip,skip,skip,0.0,equalize
1180,equalize,6,skip,skip,skip,A,skip,skip,skip,B,A,A,B,skip,skip,skip,skip,B,A,skip,B,skip,0.2,equalize
1181,equalize,1,A,B,A,A,B,B,B,B,B,B,A,A,A,skip,B,B,skip,skip,skip,skip,0.15,equalize
1181,random3,2,A,B,A,B,B,B,B,A,B,B,B,B,B,B,B,A,A,A,A,A,0.0,equalize
1181,equalize,3,skip,A,skip,skip,skip,skip,skip,skip,skip,skip,B,B,B,A,skip,skip,B,B,B,B,0.1,equalize
1181,random3,4,A,B,B,B,B,B,B,B,B,B,B,B,B,B,A,A,B,B,B,B,0.0,equalize
1181,equalize,5,skip,skip,B,B,A,A,A,A,A,A,skip,skip,skip,B,A,A,A,A,A,A,0.05,equalize
1181,random3,6,B,B,B,B,A,A,A,A,A,B,A,A,B,B,B,A,A,B,A,A,0.05,equalize
1182,random3,1,A,A,A,B,A,A,A,A,A,A,A,A,A,A,B,B,B,A,A,A,0.0,equalize
1182,equalize,2,B,skip,skip,skip,skip,skip,skip,skip,skip,skip,skip,skip,skip,skip,skip,skip,A,skip,skip,skip,0.1,equalize
1182,equalize,3,skip,A,B,B,B,B,B,B,B,B,B,B,B,B,B,B,B,B,B,B,0.0,equalize
1182,equalize,4,skip,skip,A,A,A,A,A,A,A,A,A,A,A,A,A,A,skip,A,A,A,0.05,equalize
1182,random3,5,A,B,B,B,B,B,B,B,B,B,B,B,B,B,A,B,B,A,A,A,0.05,equalize
1182,random3,6,A,A,A,A,A,A,A,A,A,A,A,B,A,A,B,B,B,B,B,B,0.0,equalize
1183,equalize,1,A,B,B,B,B,B,skip,skip,skip,skip,skip,skip,skip,skip,skip,skip,skip,skip,skip,skip,0.05,equalize
1183,equalize,2,B,A,A,A,A,A,B,B,B,B,B,B,B,B,B,B,B,B,B,B,0.0,equalize
1183,random3,3,B,B,B,A,A,A,B,B,B,B,B,A,A,A,A,A,B,B,A,A,0.0,equalize
1183,random3,4,A,A,A,B,B,A,A,A,A,A,A,A,A,A,A,B,B,B,B,B,0.0,equalize
1183,equalize,5,skip,skip,skip,skip,skip,skip,A,A,A,A,A,A,A,A,A,A,A,A,A,A,0.0,equalize
1183,random3,6,A,A,A,A,A,A,A,A,A,A,A,B,B,B,B,B,A,A,A,B,0.0,equalize
1184,random3,1,A,A,A,A,A,A,A,B,A,A,B,B,B,B,B,A,A,A,A,A,0.0,equalize
1184,random3,2,A,B,B,B,B,B,B,B,B,B,A,B,B,B,B,A,B,B,B,B,0.0,equalize
1184,equalize,3,skip,A,B,A,A,A,B,A,skip,skip,skip,skip,skip,skip,skip,B,skip,skip,skip,skip,0.1,equalize
1184,equalize,4,skip,skip,A,B,B,B,A,B,A,A,A,A,A,A,A,skip,B,B,B,B,0.05,equalize
1184,random3,5,B,B,B,B,A,A,B,B,B,A,A,A,A,A,B,A,A,A,A,A,0.05,equalize
1184,equalize,6,skip,skip,skip,skip,skip,skip,skip,skip,B,B,B,B,B,B,B,A,A,A,A,A,0.0,equalize
1185,random3,1,B,B,B,A,A,A,A,A,B,B,A,A,A,A,A,A,A,A,A,A,0.0,equalize
1185,random3,2,A,A,B,A,A,A,B,B,B,B,A,B,B,B,B,B,A,A,A,B,0.05,equalize
1185,equalize,3,skip,A,A,skip,skip,skip,skip,skip,skip,skip,B,B,B,B,B,B,B,B,B,B,0.05,equalize
1185,random3,4,B,B,B,B,B,B,A,A,A,B,B,A,A,B,B,B,B,B,B,A,0.0,equalize
1185,equalize,5,skip,B,B,A,A,A,A,A,A,A,skip,skip,skip,skip,skip,skip,skip,skip,skip,skip,0.05,equalize
1185,equalize,6,skip,skip,skip,B,B,B,B,B,B,B,A,A,A,A,A,A,A,A,A,A,0.0,equalize
1186,equalize,1,A,B,B,B,B,B,B,B,B,skip,skip,skip,skip,skip,skip,skip,skip,skip,skip,skip,0.05,equalize
1186,equalize,2,B,A,A,A,A,A,A,A,A,B,B,B,B,B,B,B,B,B,B,B,0.0,equalize
1186,equalize,3,skip,skip,skip,skip,skip,skip,skip,skip,skip,A,A,A,A,A,A,A,A,A,A,A,0.0,equalize
1186,random3,4,B,B,B,B,B,B,B,B,A,A,A,A,A,A,A,A,A,A,A,B,0.0,equalize
1186,random3,5,A,A,A,A,A,A,A,A,A,A,A,B,B,B,B,A,A,A,A,A,0.0,equalize
1186,random3,6,A,A,A,A,A,A,A,A,A,B,B,B,B,B,B,B,B,B,B,B,0.0,equalize
1187,equalize,1,A,A,A,skip,skip,skip,skip,skip,B,B,B,B,B,B,B,B,B,B,B,B,0.05,equalize
1187,equalize,2,B,B,B,A,A,A,A,A,skip,skip,skip,skip,skip,skip,skip,skip,skip,skip,skip,skip,0.05,equalize
1187,random3,3,B,B,B,A,A,A,B,B,B,B,B,B,A,A,A,A,A,A,A,A,0.0,equalize
1187,equalize,4,skip,skip,skip,B,B,B,B,B,A,A,A,A,A,A,A,A,A,A,A,A,0.0,equalize
1187,random3,5,A,A,B,B,B,B,B,B,A,A,A,A,B,B,B,B,B,B,B,B,0.0,equalize
1187,random3,6,B,B,B,B,B,B,A,B,B,B,B,B,B,B,B,B,B,B,A,B,0.0,equalize
1188,equalize,1,A,B,skip,skip,skip,skip,skip,skip,A,A,A,A,A,A,A,A,A,A,skip,A,0.15,equalize
1188,random3,2,A,A,A,A,A,A,A,A,A,A,B,B,B,A,A,A,A,B,B,B,0.0,equalize
1188,equalize,3,skip,A,B,B,B,B,B,B,skip,skip,skip,skip,skip,skip,skip,skip,skip,skip,A,skip,0.1,equalize
1188,equalize,4,skip,skip,A,A,A,A,A,A,B,B,B,B,B,B,B,B,B,B,B,B,0.0,equalize
1188,random3,5,A,A,A,A,A,A,A,A,B,B,B,B,B,B,B,B,B,B,B,B,0.0,equalize
1188,random3,6,A,A,B,B,B,B,B,A,A,A,A,A,A,A,A,B,B,B,B,B,0.0,equalize
1189,equalize,1,A,B,B,B,skip,A,A,A,A,A,skip,skip,skip,skip,skip,skip,skip,skip,skip,skip,0.1,equalize
1189,equalize,2,B,A,A,A,B,skip,skip,skip,skip,skip,A,A,A,A,A,B,B,B,B,B,0.05,equalize
1189,random3,3,B,B,B,A,A,B,B,B,B,B,A,B,B,A,A,A,A,A,B,B,0.0,equalize
1189,random3,4,A,A,A,A,A,A,A,A,A,B,B,B,B,B,A,A,A,A,A,A,0.0,equalize
1189,random3,5,A,A,A,A,A,A,A,A,A,B,B,A,A,A,A,B,B,B,B,A,0.0,equalize
1189,equalize,6,skip,skip,skip,skip,A,B,B,B,B,B,B,B,B,B,B,A,A,A,A,A,0.05,equalize
1190,equalize,1,A,B,B,B,A,B,B,B,B,B,B,B,B,B,A,skip,skip,skip,skip,skip,0.1,equalize
1190,random3,2,B,B,B,B,B,A,B,A,A,A,A,B,A,B,B,A,A,A,A,A,0.05,equalize
1190,equalize,3,skip,A,A,A,skip,skip,skip,skip,skip,skip,skip,skip,skip,skip,B,A,A,A,A,A,0.05,equalize
1190,random3,4,A,A,A,B,B,B,B,A,A,B,B,B,B,B,B,B,A,A,A,B,0.0,equalize
1190,random3,5,A,B,B,B,B,A,A,B,B,A,A,A,A,B,B,B,B,B,B,B,0.0,equalize
1190,equalize,6,skip,skip,skip,skip,B,A,A,A,A,A,A,A,A,A,skip,B,B,B,B,B,0.05,equalize
1191,equalize,1,A,A,A,A,A,A,A,A,A,A,B,B,B,A,A,A,B,B,B,B,0.05,equalize
1191,random3,2,A,A,A,A,A,A,B,A,A,A,B,B,B,B,B,B,B,B,B,B,0.0,equalize
1191,random3,3,B,B,B,B,B,B,B,B,B,A,A,A,A,A,A,B,B,B,A,B,0.0,equalize
1191,random3,4,B,B,B,B,A,A,A,A,A,A,B,B,B,B,B,B,A,A,A,A,0.0,equalize
1191,equalize,5,skip,B,B,B,B,B,B,B,B,B,skip,skip,skip,skip,skip,skip,skip,skip,skip,skip,0.05,equalize
1191,equalize,6,skip,skip,skip,skip,skip,skip,skip,skip,skip,skip,A,A,A,B,B,B,A,A,A,A,0.0,equalize
1192,random3,1,B,A,A,A,A,A,B,B,B,B,A,A,A,A,A,A,B,A,A,B,0.0,equalize
1192,equalize,2,B,A,B,A,A,A,B,B,B,B,B,B,skip,skip,skip,skip,skip,skip,skip,skip,0.15,equalize
1192,equalize,3,skip,B,skip,skip,skip,skip,A,A,A,skip,A,A,B,B,B,B,B,B,B,B,0.1,equalize
1192,random3,4,B,A,A,A,A,A,A,A,B,B,A,A,A,A,A,A,A,A,A,B,0.0,equalize
1192,equalize,5,skip,skip,A,B,B,B,skip,skip,skip,A,skip,skip,A,A,A,A,A,A,A,A,0.15,equalize
1192,random3,6,A,A,A,B,B,A,A,B,B,B,A,A,B,B,B,B,B,B,B,B,0.05,equalize
1193,equalize,1,A,skip,skip,skip,skip,skip,skip,skip,A,A,A,A,A,A,A,A,A,A,B,A,0.05,equalize
1193,random3,2,B,B,B,B,A,A,A,A,A,A,A,B,A,A,B,B,B,B,B,B,0.0,equalize
1193,random3,3,B,A,B,B,B,B,B,A,B,B,B,B,B,B,B,B,B,B,A,A,0.0,equalize
1193,equalize,4,skip,B,A,A,A,A,A,A,B,B,B,B,B,B,B,B,B,B,A,B,0.0,equalize
1193,random3,5,B,A,A,A,A,A,A,A,A,A,A,A,B,A,A,A,A,A,A,A,0.0,equalize
1193,equalize,6,skip,skip,B,B,B,B,B,B,skip,skip,skip,skip,skip,skip,skip,skip,skip,skip,skip,skip,0.05,equalize
1194,random3,1,A,A,B,B,A,A,A,A,A,A,A,A,A,A,A,A,A,A,B,B,0.0,equalize
1194,equalize,2,B,skip,skip,skip,skip,skip,skip,skip,skip,skip,skip,skip,skip,skip,skip,skip,skip,skip,skip,skip,0.05,equalize
1194,random3,3,A,A,B,B,B,B,B,B,B,B,B,B,B,B,B,A,A,A,A,A,0.0,equalize
1194,equalize,4,skip,A,B,B,B,B,B,B,B,B,A,A,A,A,A,A,A,B,B,B,0.0,equalize
1194,equalize,5,skip,skip,A,A,A,A,A,A,A,A,B,B,B,B,B,B,B,A,A,A,0.0,equalize
1194,random3,6,A,A,A,A,A,B,B,B,B,B,B,B,A,A,B,B,B,B,B,B,0.0,equalize
1195,random3,1,B,B,B,B,B,B,B,B,B,A,A,A,A,A,A,A,A,A,B,B,0.0,random3
1195,random3,2,A,A,A,B,B,B,B,B,B,B,B,B,B,B,B,B,B,A,A,A,0.05,random3
1195,random3,3,B,A,A,A,A,A,A,A,A,A,A,A,A,A,A,B,B,B,B,B,0.0,random3
1195,equalize,4,skip,A,B,B,B,A,A,A,A,A,A,A,A,A,B,B,B,A,B,A,0.0,random3
1195,equalize,5,skip,B,A,A,A,B,B,B,B,B,B,B,B,B,A,A,A,B,A,B,0.0,random3
1195,equalize,6,skip,skip,skip,skip,skip,skip,skip,skip,skip,skip,skip,skip,skip,skip,skip,skip,skip,skip,skip,skip,0.0,random3
1196,random3,1,B,B,B,B,B,B,B,B,B,B,A,B,B,B,B,B,B,B,A,A,0.0,equalize
1196,random3,2,B,B,B,B,A,B,A,A,B,A,A,A,A,A,A,A,A,B,B,B,0.0,equalize
1196,equalize,3,skip,B,A,A,A,A,A,A,A,skip,skip,B,B,B,B,B,B,B,A,A,0.05,equalize
1196,equalize,4,skip,skip,B,B,B,B,B,B,B,A,A,A,A,A,A,A,A,A,B,B,0.05,equalize
1196,equalize,5,skip,skip,skip,skip,skip,skip,skip,skip,skip,B,B,skip,skip,skip,skip,skip,skip,skip,skip,skip,0.05,equalize
1196,random3,6,B,B,A,A,A,A,A,A,B,B,A,A,A,A,B,B,B,B,B,B,0.0,equalize
1197,random3,1,B,B,B,B,B,B,B,B,B,B,B,B,B,B,B,B,B,B,B,B,0.0,draw
1197,equalize,2,B,B,B,B,B,B,B,B,B,B,B,B,B,B,B,B,B,B,B,B,0.0,draw
1197,random3,3,A,A,B,A,A,A,A,A,A,A,A,A,A,A,A,A,A,A,A,A,0.0,draw
1197,random3,4,A,A,A,A,A,A,A,A,A,A,A,A,A,A,A,A,B,B,B,B,0.0,draw
1197,equalize,5,skip,A,A,A,A,A,A,A,A,A,A,A,A,A,A,A,A,A,A,A,0.0,draw
1197,equalize,6,skip,skip,skip,skip,skip,skip,skip,skip,skip,skip,skip,skip,skip,skip,skip,skip,skip,skip,skip,skip,0.0,draw
1198,equalize,1,A,A,A,A,B,B,B,B,A,A,A,A,B,B,B,B,B,B,B,B,0.05,equalize
1198,random3,2,A,A,A,A,B,B,A,A,B,B,A,A,A,B,A,A,A,A,A,A,0.0,equalize
1198,random3,3,B,B,B,A,B,B,B,A,B,B,B,A,B,B,B,B,B,B,B,B,0.0,equalize
1198,equalize,4,skip,B,B,B,skip,skip,skip,skip,skip,skip,skip,skip,A,A,skip,skip,skip,skip,skip,skip,0.1,equalize
1198,equalize,5,skip,skip,skip,skip,A,A,A,A,B,B,B,B,skip,skip,A,A,A,A,A,A,0.05,equalize
1198,random3,6,B,B,A,A,A,A,A,A,A,A,A,A,B,B,B,B,B,A,B,B,0.0,equalize
1199,random3,1,A,A,A,A,A,A,A,A,B,B,B,A,A,A,B,B,B,B,B,B,0.0,equalize
1199,equalize,2,B,skip,skip,skip,skip,skip,A,A,A,A,A,A,A,A,B,B,B,B,B,B,0.05,equalize
1199,random3,3,A,A,A,A,A,A,B,B,B,A,B,B,B,A,B,A,A,A,B,A,0.0,equalize
1199,equalize,4,skip,A,B,B,B,B,skip,skip,skip,skip,skip,skip,skip,skip,A,skip,skip,skip,skip,A,0.1,equalize
1199,random3,5,A,B,B,B,B,A,B,B,A,A,A,A,A,A,B,B,B,B,B,B,0.05,equalize
1199,equalize,6,skip,skip,A,A,A,A,B,B,B,B,B,B,B,B,skip,A,A,A,A,skip,0.1,equalize
1200,random3,1,A,B,B,B,B,A,A,B,A,A,B,B,A,A,A,B,A,A,A,A,0.0,equalize
1200,equalize,2,B,skip,skip,skip,skip,skip,skip,skip,skip,A,A,A,A,A,A,A,skip,skip,skip,skip,0.1,equalize
1200,equalize,3,skip,A,A,A,A,A,B,B,B,skip,skip,skip,skip,skip,skip,skip,A,A,A,A,0.05,equalize
1200,random3,4,A,A,A,A,A,A,A,A,A,B,B,B,B,B,B,B,A,A,A,A,0.0,equalize
1200,random3,5,A,B,B,B,B,B,B,A,A,A,A,A,A,A,A,B,B,B,B,B,0.05,equalize
1200,equalize,6,skip,skip,skip,skip,skip,skip,A,A,A,B,B,B,B,B,B,B,B,B,B,B,0.0,equalize
1201,equalize,1,A,skip,skip,A,skip,skip,A,skip,skip,A,skip,skip,A,skip,skip,A,skip,skip,A,skip,0.35,equalize
1201,radicaleq,2,B,skip,skip,B,skip,skip,B,skip,skip,B,skip,skip,B,skip,skip,B,skip,skip,B,skip,0.35,equalize
1201,equalize,3,skip,A,skip,skip,A,skip,skip,A,skip,skip,A,skip,skip,A,skip,skip,A,skip,skip,A,0.35,equalize
1201,equalize,4,skip,B,skip,skip,B,skip,skip,B,skip,skip,B,skip,skip,B,skip,skip,B,skip,skip,B,0.35,equalize
1201,radicaleq,5,skip,skip,A,skip,skip,A,skip,skip,A,skip,skip,A,skip,skip,A,skip,skip,A,skip,skip,0.3,equalize
1201,radicaleq,6,skip,skip,B,skip,skip,B,skip,skip,B,skip,skip,B,skip,skip,B,skip,skip,B,skip,skip,0.3,equalize
1202,equalize,1,A,skip,skip,A,skip,skip,A,skip,skip,A,skip,skip,A,skip,skip,A,skip,skip,A,skip,0.35,equalize
1202,equalize,2,B,skip,skip,B,skip,skip,B,skip,skip,B,skip,skip,B,skip,skip,B,skip,skip,B,skip,0.35,equalize
1202,radicaleq,3,skip,A,skip,skip,A,skip,skip,A,skip,skip,A,skip,skip,A,skip,skip,A,skip,skip,A,0.35,equalize
1202,equalize,4,skip,B,skip,skip,B,skip,skip,B,skip,skip,B,skip,skip,B,skip,skip,B,skip,skip,B,0.35,equalize
1202,radicaleq,5,skip,skip,A,skip,skip,A,skip,skip,A,skip,skip,A,skip,skip,A,skip,skip,A,skip,skip,0.3,equalize
1202,radicaleq,6,skip,skip,B,skip,skip,B,skip,skip,B,skip,skip,B,skip,skip,B,skip,skip,B,skip,skip,0.3,equalize
1203,equalize,1,A,skip,skip,A,skip,skip,A,skip,skip,A,skip,skip,A,skip,skip,A,skip,skip,A,skip,0.35,draw
1203,radicaleq,2,B,skip,skip,B,skip,skip,B,skip,skip,B,skip,skip,B,skip,skip,B,skip,skip,B,skip,0.35,draw
1203,equalize,3,skip,A,skip,skip,A,skip,skip,A,skip,skip,A,skip,skip,A,skip,skip,A,skip,skip,A,0.35,draw
1203,radicaleq,4,skip,B,skip,skip,B,skip,skip,B,skip,skip,B,skip,skip,B,skip,skip,B,skip,skip,B,0.35,draw
1203,radicaleq,5,skip,skip,A,skip,skip,A,skip,skip,A,skip,skip,A,skip,skip,A,skip,skip,A,skip,skip,0.3,draw
1203,equalize,6,skip,skip,B,skip,skip,B,skip,skip,B,skip,skip,B,skip,skip,B,skip,skip,B,skip,skip,0.3,draw
1204,radicaleq,1,A,skip,skip,A,skip,skip,A,skip,skip,A,skip,skip,A,skip,skip,A,skip,skip,A,skip,0.35,draw
1204,equalize,2,B,skip,skip,B,skip,skip,B,skip,skip,B,skip,skip,B,skip,skip,B,skip,skip,B,skip,0.35,draw
1204,radicaleq,3,skip,A,skip,skip,A,skip,skip,A,skip,skip,A,skip,skip,A,skip,skip,A,skip,skip,A,0.35,draw
1204,equalize,4,skip,B,skip,skip,B,skip,skip,B,skip,skip,B,skip,skip,B,skip,skip,B,skip,skip,B,0.35,draw
1204,radicaleq,5,skip,skip,A,skip,skip,A,skip,skip,A,skip,skip,A,skip,skip,A,skip,skip,A,skip,skip,0.3,draw
1204,equalize,6,skip,skip,B,skip,skip,B,skip,skip,B,skip,skip,B,skip,skip,B,skip,skip,B,skip,skip,0.3,draw
1205,radicaleq,1,A,skip,skip,A,skip,skip,A,skip,skip,A,skip,skip,A,skip,skip,A,skip,skip,A,skip,0.35,draw
1205,equalize,2,B,skip,skip,B,skip,skip,B,skip,skip,B,skip,skip,B,skip,skip,B,skip,skip,B,skip,0.35,draw
1205,equalize,3,skip,A,skip,skip,A,skip,skip,A,skip,skip,A,skip,skip,A,skip,skip,A,skip,skip,A,0.35,draw
1205,radicaleq,4,skip,B,skip,skip,B,skip,skip,B,skip,skip,B,skip,skip,B,skip,skip,B,skip,skip,B,0.35,draw
1205,equalize,5,skip,skip,A,skip,skip,A,skip,skip,A,skip,skip,A,skip,skip,A,skip,skip,A,skip,skip,0.3,draw
1205,radicaleq,6,skip,skip,B,skip,skip,B,skip,skip,B,skip,skip,B,skip,skip,B,skip,skip,B,skip,skip,0.3,draw
1206,equalize,1,A,skip,skip,A,skip,skip,A,skip,skip,A,skip,skip,A,skip,skip,A,skip,skip,A,skip,0.35,radicaleq
1206,radicaleq,2,B,skip,skip,B,skip,skip,B,skip,skip,B,skip,skip,B,skip,skip,B,skip,skip,B,skip,0.35,radicaleq
1206,radicaleq,3,skip,A,skip,skip,A,skip,skip,A,skip,skip,A,skip,skip,A,skip,skip,A,skip,skip,A,0.35,radicaleq
1206,radicaleq,4,skip,B,skip,skip,B,skip,skip,B,skip,skip,B,skip,skip,B,skip,skip,B,skip,skip,B,0.35,radicaleq
1206,equalize,5,skip,skip,A,skip,skip,A,skip,skip,A,skip,skip,A,skip,skip,A,skip,skip,A,skip,skip,0.3,radicaleq
1206,equalize,6,skip,skip,B,skip,skip,B,skip,skip,B,skip,skip,B,skip,skip,B,skip,skip,B,skip,skip,0.3,radicaleq
1207,radicaleq,1,A,skip,skip,A,skip,skip,A,skip,skip,A,skip,skip,A,skip,skip,A,skip,skip,A,skip,0.35,radicaleq
1207,equalize,2,B,skip,skip,B,skip,skip,B,skip,skip,B,skip,skip,B,skip,skip,B,skip,skip,B,skip,0.35,radicaleq
1207,radicaleq,3,skip,A,skip,skip,A,skip,skip,A,skip,skip,A,skip,skip,A,skip,skip,A,skip,skip,A,0.35,radicaleq
1207,radicaleq,4,skip,B,skip,skip,B,skip,skip,B,skip,skip,B,skip,skip,B,skip,skip,B,skip,skip,B,0.35,radicaleq
1207,equalize,5,skip,skip,A,skip,skip,A,skip,skip,A,skip,skip,A,skip,skip,A,skip,skip,A,skip,skip,0.3,radicaleq
1207,equalize,6,skip,skip,B,skip,skip,B,skip,skip,B,skip,skip,B,skip,skip,B,skip,skip,B,skip,skip,0.3,radicaleq
1208,equalize,1,A,skip,skip,A,skip,skip,A,skip,skip,A,skip,skip,A,skip,skip,A,skip,skip,A,skip,0.35,draw
1208,radicaleq,2,B,skip,skip,B,skip,skip,B,skip,skip,B,skip,skip,B,skip,skip,B,skip,skip,B,skip,0.35,draw
1208,radicaleq,3,skip,A,skip,skip,A,skip,skip,A,skip,skip,A,skip,skip,A,skip,skip,A,skip,skip,A,0.35,draw
1208,equalize,4,skip,B,skip,skip,B,skip,skip,B,skip,skip,B,skip,skip,B,skip,skip,B,skip,skip,B,0.35,draw
1208,radicaleq,5,skip,skip,A,skip,skip,A,skip,skip,A,skip,skip,A,skip,skip,A,skip,skip,A,skip,skip,0.3,draw
1208,equalize,6,skip,skip,B,skip,skip,B,skip,skip,B,skip,skip,B,skip,skip,B,skip,skip,B,skip,skip,0.3,draw
1209,equalize,1,A,skip,skip,A,skip,skip,A,skip,skip,A,skip,skip,A,skip,skip,A,skip,skip,A,skip,0.35,equalize
1209,equalize,2,B,skip,skip,B,skip,skip,B,skip,skip,B,skip,skip,B,skip,skip,B,skip,skip,B,skip,0.35,equalize
1209,equalize,3,skip,A,skip,skip,A,skip,skip,A,skip,skip,A,skip,skip,A,skip,skip,A,skip,skip,A,0.35,equalize
1209,radicaleq,4,skip,B,skip,skip,B,skip,skip,B,skip,skip,B,skip,skip,B,skip,skip,B,skip,skip,B,0.35,equalize
1209,radicaleq,5,skip,skip,A,skip,skip,A,skip,skip,A,skip,skip,A,skip,skip,A,skip,skip,A,skip,skip,0.3,equalize
1209,radicaleq,6,skip,skip,B,skip,skip,B,skip,skip,B,skip,skip,B,skip,skip,B,skip,skip,B,skip,skip,0.3,equalize
1210,equalize,1,A,skip,skip,A,skip,skip,A,skip,skip,A,skip,skip,A,skip,skip,A,skip,skip,A,skip,0.35,draw
1210,equalize,2,B,skip,skip,B,skip,skip,B,skip,skip,B,skip,skip,B,skip,skip,B,skip,skip,B,skip,0.35,draw
1210,radicaleq,3,skip,A,skip,skip,A,skip,skip,A,skip,skip,A,skip,skip,A,skip,skip,A,skip,skip,A,0.35,draw
1210,radicaleq,4,skip,B,skip,skip,B,skip,skip,B,skip,skip,B,skip,skip,B,skip,skip,B,skip,skip,B,0.35,draw
1210,equalize,5,skip,skip,A,skip,skip,A,skip,skip,A,skip,skip,A,skip,skip,A,skip,skip,A,skip,skip,0.3,draw
1210,radicaleq,6,skip,skip,B,skip,skip,B,skip,skip,B,skip,skip,B,skip,skip,B,skip,skip,B,skip,skip,0.3,draw
1211,radicaleq,1,A,skip,skip,A,skip,skip,A,skip,skip,A,skip,skip,A,skip,skip,A,skip,skip,A,skip,0.35,draw
1211,radicaleq,2,B,skip,skip,B,skip,skip,B,skip,skip,B,skip,skip,B,skip,skip,B,skip,skip,B,skip,0.35,draw
1211,equalize,3,skip,A,skip,skip,A,skip,skip,A,skip,skip,A,skip,skip,A,skip,skip,A,skip,skip,A,0.35,draw
1211,equalize,4,skip,B,skip,skip,B,skip,skip,B,skip,skip,B,skip,skip,B,skip,skip,B,skip,skip,B,0.35,draw
1211,radicaleq,5,skip,skip,A,skip,skip,A,skip,skip,A,skip,skip,A,skip,skip,A,skip,skip,A,skip,skip,0.3,draw
1211,equalize,6,skip,skip,B,skip,skip,B,skip,skip,B,skip,skip,B,skip,skip,B,skip,skip,B,skip,skip,0.3,draw
1212,radicaleq,1,A,skip,skip,A,skip,skip,A,skip,skip,A,skip,skip,A,skip,skip,A,skip,skip,A,skip,0.35,radicaleq
1212,radicaleq,2,B,skip,skip,B,skip,skip,B,skip,skip,B,skip,skip,B,skip,skip,B,skip,skip,B,skip,0.35,radicaleq
1212,radicaleq,3,skip,A,skip,skip,A,skip,skip,A,skip,skip,A,skip,skip,A,skip,skip,A,skip,skip,A,0.35,radicaleq
1212,equalize,4,skip,B,skip,skip,B,skip,skip,B,skip,skip,B,skip,skip,B,skip,skip,B,skip,skip,B,0.35,radicaleq
1212,equalize,5,skip,skip,A,skip,skip,A,skip,skip,A,skip,skip,A,skip,skip,A,skip,skip,A,skip,skip,0.3,radicaleq
1212,equalize,6,skip,skip,B,skip,skip,B,skip,skip,B,skip,skip,B,skip,skip,B,skip,skip,B,skip,skip,0.3,radicaleq
1213,radicaleq,1,A,skip,skip,A,skip,skip,A,skip,skip,A,skip,skip,A,skip,skip,A,skip,skip,A,skip,0.35,radicaleq
1213,radicaleq,2,B,skip,skip,B,skip,skip,B,skip,skip,B,skip,skip,B,skip,skip,B,skip,skip,B,skip,0.35,radicaleq
1213,equalize,3,skip,A,skip,skip,A,skip,skip,A,skip,skip,A,skip,skip,A,skip,skip,A,skip,skip,A,0.35,radicaleq
1213,radicaleq,4,skip,B,skip,skip,B,skip,skip,B,skip,skip,B,skip,skip,B,skip,skip,B,skip,skip,B,0.35,radicaleq
1213,equalize,5,skip,skip,A,skip,skip,A,skip,skip,A,skip,skip,A,skip,skip,A,skip,skip,A,skip,skip,0.3,radicaleq
1213,equalize,6,skip,skip,B,skip,skip,B,skip,skip,B,skip,skip,B,skip,skip,B,skip,skip,B,skip,skip,0.3,radicaleq
1214,equalize,1,A,skip,skip,A,skip,skip,A,skip,skip,A,skip,skip,A,skip,skip,A,skip,skip,A,skip,0.35,draw
1214,radicaleq,2,B,skip,skip,B,skip,skip,B,skip,skip,B,skip,skip,B,skip,skip,B,skip,skip,B,skip,0.35,draw
1214,radicaleq,3,skip,A,skip,skip,A,skip,skip,A,skip,skip,A,skip,skip,A,skip,skip,A,skip,skip,A,0.35,draw
1214,equalize,4,skip,B,skip,skip,B,skip,skip,B,skip,skip,B,skip,skip,B,skip,skip,B,skip,skip,B,0.35,draw
1214,equalize,5,skip,skip,A,skip,skip,A,skip,skip,A,skip,skip,A,skip,skip,A,skip,skip,A,skip,skip,0.3,draw
1214,radicaleq,6,skip,skip,B,skip,skip,B,skip,skip,B,skip,skip,B,skip,skip,B,skip,skip,B,skip,skip,0.3,draw
1215,equalize,1,A,skip,skip,A,skip,skip,A,skip,skip,A,skip,skip,A,skip,skip,A,skip,skip,A,skip,0.35,draw
1215,equalize,2,B,skip,skip,B,skip,skip,B,skip,skip,B,skip,skip,B,skip,skip,B,skip,skip,B,skip,0.35,draw
1215,radicaleq,3,skip,A,skip,skip,A,skip,skip,A,skip,skip,A,skip,skip,A,skip,skip,A,skip,skip,A,0.35,draw
1215,radicaleq,4,skip,B,skip,skip,B,skip,skip,B,skip,skip,B,skip,skip,B,skip,skip,B,skip,skip,B,0.35,draw
1215,radicaleq,5,skip,skip,A,skip,skip,A,skip,skip,A,skip,skip,A,skip,skip,A,skip,skip,A,skip,skip,0.3,draw
1215,equalize,6,skip,skip,B,skip,skip,B,skip,skip,B,skip,skip,B,skip,skip,B,skip,skip,B,skip,skip,0.3,draw
1216,radicaleq,1,A,skip,skip,A,skip,skip,A,skip,skip,A,skip,skip,A,skip,skip,A,skip,skip,A,skip,0.35,equalize
1216,equalize,2,B,skip,skip,B,skip,skip,B,skip,skip,B,skip,skip,B,skip,skip,B,skip,skip,B,skip,0.35,equalize
1216,equalize,3,skip,A,skip,skip,A,skip,skip,A,skip,skip,A,skip,skip,A,skip,skip,A,skip,skip,A,0.35,equalize
1216,equalize,4,skip,B,skip,skip,B,skip,skip,B,skip,skip,B,skip,skip,B,skip,skip,B,skip,skip,B,0.35,equalize
1216,radicaleq,5,skip,skip,A,skip,skip,A,skip,skip,A,skip,skip,A,skip,skip,A,skip,skip,A,skip,skip,0.3,equalize
1216,radicaleq,6,skip,skip,B,skip,skip,B,skip,skip,B,skip,skip,B,skip,skip,B,skip,skip,B,skip,skip,0.3,equalize
1217,radicaleq,1,A,skip,skip,A,skip,skip,A,skip,skip,A,skip,skip,A,skip,skip,A,skip,skip,A,skip,0.35,draw
1217,radicaleq,2,B,skip,skip,B,skip,skip,B,skip,skip,B,skip,skip,B,skip,skip,B,skip,skip,B,skip,0.35,draw
1217,equalize,3,skip,A,skip,skip,A,skip,skip,A,skip,skip,A,skip,skip,A,skip,skip,A,skip,skip,A,0.35,draw
1217,equalize,4,skip,B,skip,skip,B,skip,skip,B,skip,skip,B,skip,skip,B,skip,skip,B,skip,skip,B,0.35,draw
1217,equalize,5,skip,skip,A,skip,skip,A,skip,skip,A,skip,skip,A,skip,skip,A,skip,skip,A,skip,skip,0.3,draw
1217,radicaleq,6,skip,skip,B,skip,skip,B,skip,skip,B,skip,skip,B,skip,skip,B,skip,skip,B,skip,skip,0.3,draw
1218,radicaleq,1,A,skip,skip,A,skip,skip,A,skip,skip,A,skip,skip,A,skip,skip,A,skip,skip,A,skip,0.35,draw
1218,equalize,2,B,skip,skip,B,skip,skip,B,skip,skip,B,skip,skip,B,skip,skip,B,skip,skip,B,skip,0.35,draw
1218,radicaleq,3,skip,A,skip,skip,A,skip,skip,A,skip,skip,A,skip,skip,A,skip,skip,A,skip,skip,A,0.35,draw
1218,equalize,4,skip,B,skip,skip,B,skip,skip,B,skip,skip,B,skip,skip,B,skip,skip,B,skip,skip,B,0.35,draw
1218,equalize,5,skip,skip,A,skip,skip,A,skip,skip,A,skip,skip,A,skip,skip,A,skip,skip,A,skip,skip,0.3,draw
1218,radicaleq,6,skip,skip,B,skip,skip,B,skip,skip,B,skip,skip,B,skip,skip,B,skip,skip,B,skip,skip,0.3,draw
1219,radicaleq,1,A,skip,skip,A,skip,skip,A,skip,skip,A,skip,skip,A,skip,skip,A,skip,skip,A,skip,0.35,draw
1219,equalize,2,B,skip,skip,B,skip,skip,B,skip,skip,B,skip,skip,B,skip,skip,B,skip,skip,B,skip,0.35,draw
1219,equalize,3,skip,A,skip,skip,A,skip,skip,A,skip,skip,A,skip,skip,A,skip,skip,A,skip,skip,A,0.35,draw
1219,radicaleq,4,skip,B,skip,skip,B,skip,skip,B,skip,skip,B,skip,skip,B,skip,skip,B,skip,skip,B,0.35,draw
1219,radicaleq,5,skip,skip,A,skip,skip,A,skip,skip,A,skip,skip,A,skip,skip,A,skip,skip,A,skip,skip,0.3,draw
1219,equalize,6,skip,skip,B,skip,skip,B,skip,skip,B,skip,skip,B,skip,skip,B,skip,skip,B,skip,skip,0.3,draw
1220,equalize,1,A,skip,skip,A,skip,skip,A,skip,skip,A,skip,skip,A,skip,skip,A,skip,skip,A,skip,0.35,draw
1220,radicaleq,2,B,skip,skip,B,skip,skip,B,skip,skip,B,skip,skip,B,skip,skip,B,skip,skip,B,skip,0.35,draw
1220,equalize,3,skip,A,skip,skip,A,skip,skip,A,skip,skip,A,skip,skip,A,skip,skip,A,skip,skip,A,0.35,draw
1220,radicaleq,4,skip,B,skip,skip,B,skip,skip,B,skip,skip,B,skip,skip,B,skip,skip,B,skip,skip,B,0.35,draw
1220,equalize,5,skip,skip,A,skip,skip,A,skip,skip,A,skip,skip,A,skip,skip,A,skip,skip,A,skip,skip,0.3,draw
1220,radicaleq,6,skip,skip,B,skip,skip,B,skip,skip,B,skip,skip,B,skip,skip,B,skip,skip,B,skip,skip,0.3,draw
1221,equalize,1,A,skip,skip,skip,A,skip,skip,A,skip,skip,A,skip,skip,A,skip,skip,A,skip,skip,A,0.35,equalize
1221,equalize,2,B,skip,skip,skip,skip,B,skip,skip,B,skip,skip,B,skip,skip,B,skip,skip,B,skip,skip,0.3,equalize
1221,rotate0,3,skip,skip,skip,skip,skip,skip,skip,skip,skip,skip,skip,skip,skip,skip,skip,skip,skip,skip,skip,skip,0.0,equalize
1221,rotate0,4,skip,skip,skip,skip,skip,skip,skip,skip,skip,skip,skip,skip,skip,skip,skip,skip,skip,skip,skip,skip,0.0,equalize
1221,equalize,5,skip,skip,A,skip,skip,A,skip,skip,A,skip,skip,A,skip,skip,A,skip,skip,A,skip,skip,0.3,equalize
1221,rotate0,6,skip,skip,skip,skip,skip,skip,skip,skip,skip,skip,skip,skip,skip,skip,skip,skip,skip,skip,skip,skip,0.0,equalize
1222,equalize,1,A,skip,skip,skip,B,skip,skip,B,skip,skip,B,skip,skip,B,skip,skip,B,skip,skip,B,0.35,equalize
1222,equalize,2,B,skip,skip,skip,skip,A,skip,skip,A,skip,skip,A,skip,skip,A,skip,skip,A,skip,skip,0.3,equalize
1222,rotate0,3,skip,skip,skip,skip,skip,skip,skip,skip,skip,skip,skip,skip,skip,skip,skip,skip,skip,skip,skip,skip,0.0,equalize
1222,rotate0,4,skip,skip,skip,skip,skip,skip,skip,skip,skip,skip,skip,skip,skip,skip,skip,skip,skip,skip,skip,skip,0.0,equalize
1222,rotate0,5,skip,skip,skip,skip,skip,skip,skip,skip,skip,skip,skip,skip,skip,skip,skip,skip,skip,skip,skip,skip,0.0,equalize
1222,equalize,6,skip,skip,B,skip,skip,B,skip,skip,B,skip,skip,B,skip,skip,B,skip,skip,B,skip,skip,0.3,equalize
1223,rotate0,1,A,A,A,A,A,A,A,A,A,A,A,A,A,A,A,A,A,A,A,A,0.2,rotate0
1223,rotate0,2,B,B,B,B,B,B,B,B,B,B,B,B,B,B,B,B,B,B,B,B,0.25,rotate0
1223,equalize,3,skip,A,B,B,A,A,A,B,B,B,A,A,A,B,B,B,A,A,A,B,0.0,rotate0
1223,rotate0,4,skip,skip,skip,skip,skip,skip,skip,skip,skip,skip,skip,skip,skip,skip,skip,skip,skip,skip,skip,skip,0.0,rotate0
1223,equalize,5,skip,skip,A,skip,B,B,skip,A,A,skip,B,B,skip,A,A,skip,B,B,skip,A,0.0,rotate0
1223,equalize,6,skip,skip,skip,skip,skip,skip,skip,skip,skip,skip,skip,skip,skip,skip,skip,skip,skip,skip,skip,skip,0.0,rotate0
1224,rotate0,1,A,A,A,A,A,A,A,A,A,A,A,A,A,A,A,A,A,A,A,A,0.25,equalize
1224,equalize,2,B,skip,skip,B,skip,B,skip,skip,skip,skip,skip,skip,skip,skip,A,A,A,B,skip,skip,0.2,equalize
1224,rotate0,3,skip,skip,skip,skip,skip,skip,skip,skip,skip,skip,skip,skip,skip,skip,skip,skip,skip,skip,skip,skip,0.0,equalize
1224,equalize,4,skip,B,skip,skip,B,skip,skip,skip,A,A,A,B,skip,skip,skip,skip,skip,A,A,A,0.15,equalize
1224,rotate0,5,skip,skip,skip,skip,skip,skip,skip,skip,skip,skip,skip,skip,skip,skip,skip,skip,skip,skip,skip,skip,0.0,equalize
1224,equalize,6,skip,skip,B,skip,skip,A,A,A,B,skip,skip,A,A,A,B,skip,skip,skip,skip,skip,0.15,equalize
1225,rotate0,1,A,A,A,A,A,A,A,A,A,A,A,A,A,A,A,A,A,A,A,A,0.35,equalize
1225,equalize,2,B,skip,skip,skip,skip,B,skip,skip,A,skip,B,skip,skip,A,B,skip,skip,A,skip,B,0.25,equalize
1225,equalize,3,skip,A,B,skip,skip,A,skip,B,skip,skip,A,B,skip,skip,A,skip,B,skip,skip,A,0.2,equalize
1225,rotate0,4,skip,skip,skip,skip,skip,skip,skip,skip,skip,skip,skip,skip,skip,skip,skip,skip,skip,skip,skip,skip,0.0,equalize
1225,equalize,5,skip,skip,A,A,B,skip,skip,A,B,skip,skip,A,skip,B,skip,skip,A,B,skip,skip,0.2,equalize
1225,rotate0,6,skip,skip,skip,skip,skip,skip,skip,skip,skip,skip,skip,skip,skip,skip,skip,skip,skip,skip,skip,skip,0.0,equalize
1226,rotate0,1,A,A,A,A,A,A,A,A,A,A,A,A,A,A,A,A,A,A,A,A,0.1,equalize
1226,equalize,2,B,skip,skip,skip,skip,A,A,A,B,skip,skip,skip,skip,skip,A,A,A,B,skip,skip,0.15,equalize
1226,equalize,3,skip,A,B,skip,skip,skip,skip,skip,A,A,A,B,skip,skip,skip,skip,skip,A,A,A,0.1,equalize
1226,rotate0,4,skip,skip,skip,skip,skip,skip,skip,skip,skip,skip,skip,skip,skip,skip,skip,skip,skip,skip,skip,skip,0.0,equalize
1226,rotate0,5,skip,skip,skip,skip,skip,skip,skip,skip,skip,skip,skip,skip,skip,skip,skip,skip,skip,skip,skip,skip,0.0,equalize
1226,equalize,6,skip,skip,skip,A,A,B,skip,skip,skip,skip,skip,A,A,A,B,skip,skip,skip,skip,skip,0.1,equalize
1227,equalize,1,A,skip,skip,B,B,B,A,skip,skip,skip,skip,skip,B,B,B,A,skip,skip,skip,skip,0.15,equalize
1227,rotate0,2,B,B,B,B,B,B,B,B,B,B,B,B,B,B,B,B,B,B,B,B,0.1,equalize
1227,equalize,3,skip,A,skip,skip,skip,skip,B,B,B,A,skip,skip,skip,skip,skip,B,B,B,A,skip,0.15,equalize
1227,equalize,4,skip,B,A,skip,skip,skip,skip,skip,skip,B,B,B,A,skip,skip,skip,skip,skip,B,B,0.1,equalize
1227,rotate0,5,skip,skip,skip,skip,skip,skip,skip,skip,skip,skip,skip,skip,skip,skip,skip,skip,skip,skip,skip,skip,0.0,equalize
1227,rotate0,6,skip,skip,skip,skip,skip,skip,skip,skip,skip,skip,skip,skip,skip,skip,skip,skip,skip,skip,skip,skip,0.0,equalize
1228,rotate0,1,A,A,A,A,A,A,A,A,A,A,A,A,A,A,A,A,A,A,A,A,0.15,equalize
1228,equalize,2,B,skip,skip,skip,skip,B,skip,skip,skip,skip,skip,A,A,A,B,skip,skip,skip,skip,skip,0.15,equalize
1228,rotate0,3,skip,skip,skip,skip,skip,skip,skip,skip,skip,skip,skip,skip,skip,skip,skip,skip,skip,skip,skip,skip,0.0,equalize
1228,equalize,4,skip,B,skip,skip,skip,A,A,A,B,skip,skip,skip,skip,skip,A,A,A,B,skip,skip,0.15,equalize
1228,equalize,5,skip,skip,A,A,B,skip,skip,skip,A,A,A,B,skip,skip,skip,skip,skip,A,A,A,0.1,equalize
1228,rotate0,6,skip,skip,skip,skip,skip,skip,skip,skip,skip,skip,skip,skip,skip,skip,skip,skip,skip,skip,skip,skip,0.0,equalize
1229,rotate0,1,A,A,A,A,A,A,A,A,A,A,A,A,A,A,A,A,A,A,A,A,0.4,rotate0
1229,rotate0,2,B,B,B,B,B,B,B,B,B,B,B,B,B,B,B,B,B,B,B,B,0.05,rotate0
1229,rotate0,3,skip,skip,skip,skip,skip,skip,skip,skip,skip,skip,skip,skip,skip,skip,skip,skip,skip,skip,skip,skip,0.0,rotate0
1229,equalize,4,skip,B,A,B,A,A,B,A,A,B,A,A,B,A,A,B,A,A,B,A,0.0,rotate0
1229,equalize,5,skip,skip,B,skip,B,B,skip,B,B,skip,B,B,skip,B,B,skip,B,B,skip,B,0.0,rotate0
1229,equalize,6,skip,skip,skip,skip,skip,skip,skip,skip,skip,skip,skip,skip,skip,skip,skip,skip,skip,skip,skip,skip,0.0,rotate0
1230,equalize,1,A,skip,skip,B,skip,skip,B,skip,skip,B,skip,skip,B,skip,skip,B,skip,skip,B,skip,0.35,equalize
1230,equalize,2,B,skip,skip,skip,skip,A,skip,skip,A,skip,skip,A,skip,skip,A,skip,skip,A,skip,skip,0.3,equalize
1230,rotate0,3,skip,skip,skip,skip,skip,skip,skip,skip,skip,skip,skip,skip,skip,skip,skip,skip,skip,skip,skip,skip,0.0,equalize
1230,equalize,4,skip,B,skip,skip,skip,B,skip,skip,B,skip,skip,B,skip,skip,B,skip,skip,B,skip,skip,0.3,equalize
1230,rotate0,5,skip,skip,skip,skip,skip,skip,skip,skip,skip,skip,skip,skip,skip,skip,skip,skip,skip,skip,skip,skip,0.0,equalize
1230,rotate0,6,skip,skip,skip,skip,skip,skip,skip,skip,skip,skip,skip,skip,skip,skip,skip,skip,skip,skip,skip,skip,0.0,equalize
1231,equalize,1,A,skip,skip,A,skip,skip,A,skip,skip,A,skip,skip,A,skip,skip,A,skip,skip,A,skip,0.35,equalize
1231,equalize,2,B,skip,skip,skip,skip,B,skip,skip,B,skip,skip,B,skip,skip,B,skip,skip,B,skip,skip,0.3,equalize
1231,equalize,3,skip,A,skip,skip,skip,A,skip,skip,A,skip,skip,A,skip,skip,A,skip,skip,A,skip,skip,0.3,equalize
1231,rotate0,4,skip,skip,skip,skip,skip,skip,skip,skip,skip,skip,skip,skip,skip,skip,skip,skip,skip,skip,skip,skip,0.0,equalize
1231,rotate0,5,skip,skip,skip,skip,skip,skip,skip,skip,skip,skip,skip,skip,skip,skip,skip,skip,skip,skip,skip,skip,0.0,equalize
1231,rotate0,6,skip,skip,skip,skip,skip,skip,skip,skip,skip,skip,skip,skip,skip,skip,skip,skip,skip,skip,skip,skip,0.0,equalize
1232,rotate0,1,A,A,A,A,A,A,A,A,A,A,A,A,A,A,A,A,A,A,A,A,0.05,rotate0
1232,rotate0,2,B,B,B,B,B,B,B,B,B,B,B,B,B,B,B,B,B,B,B,B,0.05,rotate0
1232,equalize,3,skip,A,A,A,A,A,A,A,A,A,A,A,A,A,A,A,A,A,A,A,0.0,rotate0
1232,equalize,4,skip,B,B,B,B,B,B,B,B,B,B,B,B,B,B,B,B,B,B,B,0.0,rotate0
1232,rotate0,5,skip,skip,skip,skip,skip,skip,skip,skip,skip,skip,skip,skip,skip,skip,skip,skip,skip,skip,skip,skip,0.0,rotate0
1232,equalize,6,skip,skip,skip,skip,skip,skip,skip,skip,skip,skip,skip,skip,skip,skip,skip,skip,skip,skip,skip,skip,0.0,rotate0
1233,rotate0,1,A,A,A,A,A,A,A,A,A,A,A,A,A,A,A,A,A,A,A,A,0.1,equalize
1233,equalize,2,B,skip,skip,A,A,A,B,skip,skip,skip,skip,skip,A,A,A,B,skip,skip,skip,skip,0.15,equalize
1233,equalize,3,skip,A,B,skip,skip,skip,A,A,A,B,skip,skip,skip,skip,skip,A,A,A,B,skip,0.15,equalize
1233,equalize,4,skip,B,skip,skip,skip,skip,skip,skip,skip,A,A,A,B,skip,skip,skip,skip,skip,A,A,0.1,equalize
1233,rotate0,5,skip,skip,skip,skip,skip,skip,skip,skip,skip,skip,skip,skip,skip,skip,skip,skip,skip,skip,skip,skip,0.0,equalize
1233,rotate0,6,skip,skip,skip,skip,skip,skip,skip,skip,skip,skip,skip,skip,skip,skip,skip,skip,skip,skip,skip,skip,0.0,equalize
1234,equalize,1,A,skip,skip,A,skip,A,skip,skip,skip,skip,skip,skip,skip,skip,B,B,B,A,skip,skip,0.2,equalize
1234,rotate0,2,B,B,B,B,B,B,B,B,B,B,B,B,B,B,B,B,B,B,B,B,0.25,equalize
1234,equalize,3,skip,A,skip,skip,A,skip,skip,skip,B,B,B,A,skip,skip,skip,skip,skip,B,B,B,0.15,equalize
1234,rotate0,4,skip,skip,skip,skip,skip,skip,skip,skip,skip,skip,skip,skip,skip,skip,skip,skip,skip,skip,skip,skip,0.0,equalize
1234,equalize,5,skip,skip,A,skip,skip,B,B,B,A,skip,skip,B,B,B,A,skip,skip,skip,skip,skip,0.15,equalize
1234,rotate0,6,skip,skip,skip,skip,skip,skip,skip,skip,skip,skip,skip,skip,skip,skip,skip,skip,skip,skip,skip,skip,0.0,equalize
1235,rotate0,1,A,A,A,A,A,A,A,A,A,A,A,A,A,A,A,A,A,A,A,A,0.4,equalize
1235,equalize,2,B,skip,skip,skip,A,B,skip,skip,A,skip,B,skip,skip,A,B,skip,skip,A,skip,B,0.25,equalize
1235,rotate0,3,skip,skip,skip,skip,skip,skip,skip,skip,skip,skip,skip,skip,skip,skip,skip,skip,skip,skip,skip,skip,0.0,equalize
1235,rotate0,4,skip,skip,skip,skip,skip,skip,skip,skip,skip,skip,skip,skip,skip,skip,skip,skip,skip,skip,skip,skip,0.0,equalize
1235,equalize,5,skip,skip,B,skip,skip,A,skip,B,skip,skip,A,B,skip,skip,A,skip,B,skip,skip,A,0.2,equalize
1235,equalize,6,skip,skip,A,skip,B,skip,skip,A,B,skip,skip,A,skip,B,skip,skip,A,B,skip,skip,0.2,equalize
1236,rotate0,1,A,A,A,A,A,A,A,A,A,A,A,A,A,A,A,A,A,A,A,A,0.05,rotate0
1236,rotate0,2,B,B,B,B,B,B,B,B,B,B,B,B,B,B,B,B,B,B,B,B,0.05,rotate0
1236,equalize,3,skip,A,A,A,A,A,A,A,A,A,A,A,A,A,A,A,A,A,A,A,0.0,rotate0
1236,equalize,4,skip,B,B,B,B,B,B,B,B,B,B,B,B,B,B,B,B,B,B,B,0.0,rotate0
1236,equalize,5,skip,skip,skip,skip,skip,skip,skip,skip,skip,skip,skip,skip,skip,skip,skip,skip,skip,skip,skip,skip,0.0,rotate0
1236,rotate0,6,skip,skip,skip,skip,skip,skip,skip,skip,skip,skip,skip,skip,skip,skip,skip,skip,skip,skip,skip,skip,0.0,rotate0
1237,equalize,1,A,skip,skip,skip,skip,A,skip,skip,B,skip,A,skip,skip,B,A,skip,skip,B,skip,A,0.25,equalize
1237,rotate0,2,B,B,B,B,B,B,B,B,B,B,B,B,B,B,B,B,B,B,B,B,0.35,equalize
1237,rotate0,3,skip,skip,skip,skip,skip,skip,skip,skip,skip,skip,skip,skip,skip,skip,skip,skip,skip,skip,skip,skip,0.0,equalize
1237,equalize,4,skip,B,A,skip,skip,B,skip,A,skip,skip,B,A,skip,skip,B,skip,A,skip,skip,B,0.2,equalize
1237,equalize,5,skip,skip,B,B,A,skip,skip,B,A,skip,skip,B,skip,A,skip,skip,B,A,skip,skip,0.2,equalize
1237,rotate0,6,skip,skip,skip,skip,skip,skip,skip,skip,skip,skip,skip,skip,skip,skip,skip,skip,skip,skip,skip,skip,0.0,equalize
1238,equalize,1,A,skip,skip,skip,skip,B,B,B,A,skip,skip,skip,skip,skip,B,B,B,A,skip,skip,0.15,equalize
1238,rotate0,2,B,B,B,B,B,B,B,B,B,B,B,B,B,B,B,B,B,B,B,B,0.1,equalize
1238,rotate0,3,skip,skip,skip,skip,skip,skip,skip,skip,skip,skip,skip,skip,skip,skip,skip,skip,skip,skip,skip,skip,0.0,equalize
1238,equalize,4,skip,B,A,skip,skip,skip,skip,skip,B,B,B,A,skip,skip,skip,skip,skip,B,B,B,0.1,equalize
1238,rotate0,5,skip,skip,skip,skip,skip,skip,skip,skip,skip,skip,skip,skip,skip,skip,skip,skip,skip,skip,skip,skip,0.0,equalize
1238,equalize,6,skip,skip,skip,B,B,A,skip,skip,skip,skip,skip,B,B,B,A,skip,skip,skip,skip,skip,0.1,equalize
1239,equalize,1,A,skip,skip,skip,B,A,skip,skip,B,skip,A,skip,skip,B,A,skip,skip,B,skip,A,0.25,equalize
1239,rotate0,2,B,B,B,B,B,B,B,B,B,B,B,B,B,B,B,B,B,B,B,B,0.4,equalize
1239,rotate0,3,skip,skip,skip,skip,skip,skip,skip,skip,skip,skip,skip,skip,skip,skip,skip,skip,skip,skip,skip,skip,0.0,equalize
1239,rotate0,4,skip,skip,skip,skip,skip,skip,skip,skip,skip,skip,skip,skip,skip,skip,skip,skip,skip,skip,skip,skip,0.0,equalize
1239,equalize,5,skip,skip,A,skip,skip,B,skip,A,skip,skip,B,A,skip,skip,B,skip,A,skip,skip,B,0.2,equalize
1239,equalize,6,skip,skip,B,skip,A,skip,skip,B,A,skip,skip,B,skip,A,skip,skip,B,A,skip,skip,0.2,equalize
1240,equalize,1,A,skip,skip,skip,skip,B,B,B,A,skip,skip,skip,skip,skip,B,B,B,A,skip,skip,0.15,equalize
1240,rotate0,2,B,B,B,B,B,B,B,B,B,B,B,B,B,B,B,B,B,B,B,B,0.1,equalize
1240,equalize,3,skip,A,skip,skip,skip,skip,skip,skip,B,B,B,A,skip,skip,skip,skip,skip,B,B,B,0.1,equalize
1240,rotate0,4,skip,skip,skip,skip,skip,skip,skip,skip,skip,skip,skip,skip,skip,skip,skip,skip,skip,skip,skip,skip,0.0,equalize
1240,rotate0,5,skip,skip,skip,skip,skip,skip,skip,skip,skip,skip,skip,skip,skip,skip,skip,skip,skip,skip,skip,skip,0.0,equalize
1240,equalize,6,skip,skip,B,B,B,A,skip,skip,skip,skip,skip,B,B,B,A,skip,skip,skip,skip,skip,0.1,equalize
1241,caste,1,A,A,A,A,A,A,A,A,A,A,A,A,A,A,A,A,A,A,A,A,0.4,caste
1241,caste,2,B,B,B,B,B,B,B,B,B,B,B,B,B,B,B,B,B,B,B,B,0.05,caste
1241,caste,3,skip,skip,skip,skip,skip,skip,skip,skip,skip,skip,skip,skip,skip,skip,skip,skip,skip,skip,skip,skip,0.0,caste
1241,equalize,4,skip,B,A,B,A,A,B,A,A,B,A,A,B,A,A,B,A,A,B,A,0.0,caste
1241,equalize,5,skip,skip,B,skip,B,B,skip,B,B,skip,B,B,skip,B,B,skip,B,B,skip,B,0.0,caste
1241,equalize,6,skip,skip,skip,skip,skip,skip,skip,skip,skip,skip,skip,skip,skip,skip,skip,skip,skip,skip,skip,skip,0.0,caste
1242,caste,1,A,A,B,A,A,A,A,A,A,A,A,A,A,A,A,A,A,A,A,A,0.2,equalize
1242,equalize,2,B,skip,skip,skip,skip,skip,skip,skip,skip,skip,skip,skip,skip,skip,skip,skip,skip,skip,skip,skip,0.05,equalize
1242,equalize,3,skip,A,B,B,B,A,A,A,B,B,B,A,A,A,B,B,B,A,A,A,0.0,equalize
1242,caste,4,skip,skip,A,B,B,B,B,B,B,B,B,B,B,B,B,B,B,B,B,B,0.2,equalize
1242,caste,5,skip,skip,skip,skip,skip,skip,skip,skip,skip,skip,skip,skip,skip,skip,skip,skip,skip,skip,skip,skip,0.0,equalize
1242,equalize,6,skip,skip,skip,A,skip,B,B,skip,A,A,skip,B,B,skip,A,A,skip,B,B,skip,0.0,equalize
1243,caste,1,A,A,B,B,B,B,B,B,B,B,B,B,B,B,B,B,B,B,B,B,0.4,equalize
1243,equalize,2,B,skip,skip,skip,A,A,skip,B,B,A,B,B,A,B,B,A,B,B,A,B,0.1,equalize
1243,caste,3,skip,skip,A,skip,A,A,skip,A,A,A,skip,A,A,A,skip,A,A,A,skip,A,0.0,equalize
1243,caste,4,skip,skip,skip,skip,skip,skip,skip,skip,skip,skip,skip,skip,skip,skip,skip,skip,skip,skip,skip,skip,0.0,equalize
1243,equalize,5,skip,skip,B,A,skip,skip,skip,A,A,skip,A,skip,skip,skip,skip,skip,A,A,skip,A,0.1,equalize
1243,equalize,6,skip,skip,A,skip,B,B,A,skip,skip,skip,skip,A,skip,A,A,skip,skip,skip,skip,skip,0.1,equalize
1244,caste,1,A,A,B,B,B,A,skip,B,B,skip,A,A,skip,B,B,skip,A,A,skip,B,0.05,equalize
1244,equalize,2,B,skip,skip,skip,skip,A,skip,B,B,skip,A,A,skip,B,B,skip,A,A,skip,B,0.05,equalize
1244,equalize,3,skip,A,B,B,B,B,B,A,A,A,B,B,B,A,A,A,B,B,B,A,0.0,equalize
1244,caste,4,skip,skip,A,skip,A,B,B,A,A,A,B,B,B,A,A,A,B,B,B,A,0.05,equalize
1244,equalize,5,skip,skip,A,A,skip,skip,skip,skip,skip,skip,skip,skip,skip,skip,skip,skip,skip,skip,skip,skip,0.05,equalize
1244,caste,6,skip,skip,skip,skip,skip,skip,skip,skip,skip,skip,skip,skip,skip,skip,skip,skip,skip,skip,skip,skip,0.0,equalize
1245,caste,1,A,A,B,skip,A,A,B,B,B,A,B,A,A,A,A,B,B,B,B,B,0.2,equalize
1245,equalize,2,B,skip,skip,skip,A,skip,A,A,skip,A,B,skip,B,B,skip,B,B,skip,A,A,0.05,equalize
1245,equalize,3,skip,A,B,A,B,B,B,B,B,B,A,B,A,A,A,A,A,A,B,B,0.0,equalize
1245,equalize,4,skip,B,skip,skip,skip,skip,skip,skip,skip,skip,skip,skip,skip,skip,skip,skip,skip,skip,skip,skip,0.05,equalize
1245,caste,5,skip,skip,A,A,B,B,A,A,A,B,A,B,B,B,B,A,A,A,A,A,0.15,equalize
1245,caste,6,skip,skip,skip,skip,skip,skip,skip,skip,skip,skip,skip,skip,skip,skip,skip,skip,skip,skip,skip,skip,0.0,equalize
1246,equalize,1,A,skip,skip,B,A,B,B,A,B,B,A,B,B,A,B,B,A,B,B,A,0.05,equalize
1246,equalize,2,B,skip,skip,A,skip,A,A,skip,A,A,skip,A,A,skip,A,A,skip,A,A,skip,0.05,equalize
1246,equalize,3,skip,A,skip,skip,skip,skip,skip,skip,skip,skip,skip,skip,skip,skip,skip,skip,skip,skip,skip,skip,0.05,equalize
1246,caste,4,skip,skip,B,B,B,B,B,B,B,B,B,B,B,B,B,B,B,B,B,B,0.35,equalize
1246,caste,5,skip,skip,A,A,A,A,A,A,A,A,A,A,A,A,A,A,A,A,A,A,0.05,equalize
1246,caste,6,skip,skip,skip,skip,skip,skip,skip,skip,skip,skip,skip,skip,skip,skip,skip,skip,skip,skip,skip,skip,0.0,equalize
1247,caste,1,A,A,A,B,B,B,A,B,B,B,B,B,A,B,B,B,B,B,A,B,0.25,equalize
1247,equalize,2,B,skip,skip,A,skip,B,A,skip,A,A,skip,B,A,skip,A,A,skip,B,A,skip,0.05,equalize
1247,caste,3,skip,skip,B,A,A,A,B,A,A,A,A,A,B,A,A,A,A,A,B,A,0.2,equalize
1247,equalize,4,skip,B,skip,skip,skip,skip,skip,skip,skip,skip,skip,skip,skip,skip,skip,skip,skip,skip,skip,skip,0.05,equalize
1247,equalize,5,skip,skip,A,B,B,A,B,A,B,B,B,A,B,A,B,B,B,A,B,A,0.0,equalize
1247,caste,6,skip,skip,skip,skip,skip,skip,skip,skip,skip,skip,skip,skip,skip,skip,skip,skip,skip,skip,skip,skip,0.0,equalize
1248,equalize,1,A,skip,skip,skip,skip,A,skip,skip,skip,B,skip,B,skip,skip,skip,A,skip,A,A,skip,0.2,equalize
1248,caste,2,B,B,A,skip,B,B,A,A,skip,B,A,A,B,B,skip,A,B,B,B,A,0.2,equalize
1248,caste,3,skip,skip,B,A,A,skip,B,B,B,A,B,skip,A,A,A,B,A,A,skip,B,0.2,equalize
1248,equalize,4,skip,B,A,A,A,B,A,A,B,A,B,A,B,B,A,B,A,B,B,A,0.0,equalize
1248,caste,5,skip,skip,skip,skip,skip,skip,skip,skip,skip,skip,skip,skip,skip,skip,skip,skip,skip,skip,skip,skip,0.0,equalize
1248,equalize,6,skip,skip,skip,B,skip,skip,B,skip,A,skip,skip,skip,A,skip,B,skip,skip,skip,skip,skip,0.15,equalize
1249,equalize,1,A,skip,skip,skip,B,B,skip,A,A,B,A,A,B,A,A,B,A,A,B,A,0.1,equalize
1249,caste,2,B,B,A,A,A,A,A,A,A,A,A,A,A,A,A,A,A,A,A,A,0.4,equalize
1249,caste,3,skip,skip,B,skip,B,B,skip,B,B,B,skip,B,B,B,skip,B,B,B,skip,B,0.0,equalize
1249,caste,4,skip,skip,skip,skip,skip,skip,skip,skip,skip,skip,skip,skip,skip,skip,skip,skip,skip,skip,skip,skip,0.0,equalize
1249,equalize,5,skip,skip,A,B,skip,skip,skip,B,B,skip,B,skip,skip,skip,skip,skip,B,B,skip,B,0.1,equalize
1249,equalize,6,skip,skip,B,skip,A,A,B,skip,skip,skip,skip,B,skip,B,B,skip,skip,skip,skip,skip,0.1,equalize
1250,equalize,1,A,skip,skip,B,skip,skip,skip,skip,A,A,skip,B,B,A,skip,skip,skip,skip,A,skip,0.15,equalize
1250,equalize,2,B,skip,skip,skip,skip,skip,B,A,B,B,A,A,A,skip,B,B,A,B,B,A,0.1,equalize
1250,caste,3,skip,skip,A,A,A,B,B,B,B,B,B,B,B,B,B,B,B,B,B,B,0.35,equalize
1250,caste,4,skip,skip,B,skip,skip,skip,skip,A,A,A,skip,A,A,skip,A,A,A,skip,A,A,0.0,equalize
1250,caste,5,skip,skip,skip,skip,skip,skip,skip,skip,skip,skip,skip,skip,skip,skip,skip,skip,skip,skip,skip,skip,0.0,equalize
1250,equalize,6,skip,skip,B,A,A,A,A,skip,skip,skip,skip,skip,skip,skip,A,A,skip,A,skip,skip,0.15,equalize
1251,caste,1,A,A,A,A,A,A,A,A,A,A,A,A,A,A,A,A,A,A,A,A,0.2,caste
1251,caste,2,B,B,B,B,B,B,B,B,B,B,B,B,B,B,B,B,B,B,B,B,0.25,caste
1251,equalize,3,skip,A,B,B,A,A,A,B,B,B,A,A,A,B,B,B,A,A,A,B,0.0,caste
1251,caste,4,skip,skip,skip,skip,skip,skip,skip,skip,skip,skip,skip,skip,skip,skip,skip,skip,skip,skip,skip,skip,0.0,caste
1251,equalize,5,skip,skip,A,skip,B,B,skip,A,A,skip,B,B,skip,A,A,skip,B,B,skip,A,0.0,caste
1251,equalize,6,skip,skip,skip,skip,skip,skip,skip,skip,skip,skip,skip,skip,skip,skip,skip,skip,skip,skip,skip,skip,0.0,caste
1252,caste,1,A,A,A,A,A,A,A,A,A,A,A,A,A,A,A,A,A,A,A,A,0.05,caste
1252,caste,2,B,B,B,B,B,B,B,B,B,B,B,B,B,B,B,B,B,B,B,B,0.05,caste
1252,equalize,3,skip,A,A,A,A,A,A,A,A,A,A,A,A,A,A,A,A,A,A,A,0.0,caste
1252,equalize,4,skip,B,B,B,B,B,B,B,B,B,B,B,B,B,B,B,B,B,B,B,0.0,caste
1252,equalize,5,skip,skip,skip,skip,skip,skip,skip,skip,skip,skip,skip,skip,skip,skip,skip,skip,skip,skip,skip,skip,0.0,caste
1252,caste,6,skip,skip,skip,skip,skip,skip,skip,skip,skip,skip,skip,skip,skip,skip,skip,skip,skip,skip,skip,skip,0.0,caste
1253,equalize,1,A,skip,skip,A,skip,skip,B,skip,skip,A,skip,skip,A,skip,skip,skip,skip,skip,skip,skip,0.25,equalize
1253,equalize,2,B,skip,skip,skip,skip,B,skip,skip,A,skip,skip,B,skip,skip,skip,skip,skip,skip,B,skip,0.25,equalize
1253,caste,3,skip,skip,A,skip,skip,skip,skip,A,skip,skip,B,skip,skip,B,B,skip,skip,B,skip,A,0.2,equalize
1253,caste,4,skip,skip,B,B,B,A,A,B,B,B,A,A,B,A,A,B,A,A,A,B,0.4,equalize
1253,equalize,5,skip,skip,A,B,A,skip,A,A,B,B,skip,A,B,skip,A,B,B,A,A,A,0.1,equalize
1253,caste,6,skip,skip,skip,skip,skip,skip,skip,skip,skip,skip,skip,skip,skip,skip,skip,skip,skip,skip,skip,skip,0.0,equalize
1254,equalize,1,A,skip,skip,skip,skip,B,skip,B,B,skip,A,A,skip,B,B,skip,A,A,skip,A,0.05,equalize
1254,caste,2,B,B,A,B,A,B,B,A,A,A,A,A,A,A,A,A,A,A,B,B,0.2,equalize
1254,caste,3,skip,skip,B,skip,B,A,A,B,B,B,B,B,B,B,B,B,B,B,A,A,0.15,equalize
1254,equalize,4,skip,B,A,A,skip,skip,skip,skip,skip,skip,skip,skip,skip,skip,skip,skip,skip,skip,skip,skip,0.05,equalize
1254,equalize,5,skip,skip,B,B,A,A,A,A,A,A,B,B,B,A,A,A,B,B,A,B,0.0,equalize
1254,caste,6,skip,skip,skip,skip,skip,skip,skip,skip,skip,skip,skip,skip,skip,skip,skip,skip,skip,skip,skip,skip,0.0,equalize
1255,caste,1,A,A,A,A,A,A,A,A,A,A,A,A,A,A,A,A,A,A,A,A,0.45,equalize
1255,equalize,2,B,skip,skip,B,skip,skip,skip,skip,B,B,skip,B,B,skip,A,A,B,A,A,B,0.1,equalize
1255,caste,3,skip,skip,B,skip,B,B,skip,B,B,B,skip,B,B,skip,B,B,B,B,skip,B,0.0,equalize
1255,equalize,4,skip,B,skip,skip,skip,B,B,skip,skip,skip,skip,skip,skip,skip,B,B,skip,B,B,skip,0.15,equalize
1255,caste,5,skip,skip,skip,skip,skip,skip,skip,skip,skip,skip,skip,skip,skip,skip,skip,skip,skip,skip,skip,skip,0.0,equalize
1255,equalize,6,skip,skip,B,A,B,A,A,B,A,A,B,A,A,B,skip,skip,skip,skip,skip,skip,0.1,equalize
1256,equalize,1,A,skip,skip,A,B,A,A,B,A,A,B,A,A,B,A,A,B,A,A,B,0.05,equalize
1256,equalize,2,B,skip,skip,B,skip,B,B,skip,B,B,skip,B,B,skip,B,B,skip,B,B,skip,0.05,equalize
1256,caste,3,skip,skip,A,A,A,A,A,A,A,A,A,A,A,A,A,A,A,A,A,A,0.35,equalize
1256,equalize,4,skip,B,skip,skip,skip,skip,skip,skip,skip,skip,skip,skip,skip,skip,skip,skip,skip,skip,skip,skip,0.05,equalize
1256,caste,5,skip,skip,B,B,B,B,B,B,B,B,B,B,B,B,B,B,B,B,B,B,0.05,equalize
1256,caste,6,skip,skip,skip,skip,skip,skip,skip,skip,skip,skip,skip,skip,skip,skip,skip,skip,skip,skip,skip,skip,0.0,equalize
1257,equalize,1,A,skip,skip,B,skip,skip,skip,skip,B,B,skip,B,B,skip,A,A,B,A,A,B,0.1,equalize
1257,caste,2,B,B,A,A,A,A,A,A,A,A,A,A,A,A,A,A,A,A,A,A,0.45,equalize
1257,equalize,3,skip,A,skip,skip,skip,B,B,skip,skip,skip,skip,skip,skip,skip,B,B,skip,B,B,skip,0.15,equalize
1257,caste,4,skip,skip,B,skip,B,B,skip,B,B,B,skip,B,B,skip,B,B,B,B,skip,B,0.0,equalize
1257,caste,5,skip,skip,skip,skip,skip,skip,skip,skip,skip,skip,skip,skip,skip,skip,skip,skip,skip,skip,skip,skip,0.0,equalize
1257,equalize,6,skip,skip,B,A,B,A,A,B,A,A,B,A,A,B,skip,skip,skip,skip,skip,skip,0.1,equalize
1258,equalize,1,A,skip,skip,skip,A,skip,skip,A,skip,skip,skip,skip,skip,skip,skip,skip,skip,skip,skip,skip,0.15,equalize
1258,caste,2,B,B,A,skip,skip,skip,skip,skip,B,B,A,A,A,A,A,A,A,A,A,A,0.15,equalize
1258,equalize,3,skip,A,skip,skip,skip,skip,A,skip,skip,skip,A,skip,A,A,skip,A,A,skip,A,A,0.1,equalize
1258,equalize,4,skip,B,A,A,B,B,skip,B,skip,A,B,A,B,B,A,B,B,A,B,B,0.05,equalize
1258,caste,5,skip,skip,B,A,B,A,B,B,A,A,B,B,B,B,B,B,B,B,B,B,0.35,equalize
1258,caste,6,skip,skip,skip,skip,skip,skip,skip,skip,skip,skip,skip,skip,skip,skip,skip,skip,skip,skip,skip,skip,0.0,equalize
1259,caste,1,A,A,A,A,A,A,A,A,A,A,A,A,A,A,A,A,A,A,A,A,0.05,caste
1259,caste,2,B,B,B,B,B,B,B,B,B,B,B,B,B,B,B,B,B,B,B,B,0.05,caste
1259,equalize,3,skip,A,A,A,A,A,A,A,A,A,A,A,A,A,A,A,A,A,A,A,0.0,caste
1259,equalize,4,skip,B,B,B,B,B,B,B,B,B,B,B,B,B,B,B,B,B,B,B,0.0,caste
1259,caste,5,skip,skip,skip,skip,skip,skip,skip,skip,skip,skip,skip,skip,skip,skip,skip,skip,skip,skip,skip,skip,0.0,caste
1259,equalize,6,skip,skip,skip,skip,skip,skip,skip,skip,skip,skip,skip,skip,skip,skip,skip,skip,skip,skip,skip,skip,0.0,caste
1260,equalize,1,A,skip,skip,A,skip,B,A,skip,A,A,skip,B,A,skip,A,A,skip,B,A,skip,0.05,equalize
1260,caste,2,B,B,A,B,B,B,A,B,B,B,B,B,A,B,B,B,B,B,A,B,0.25,equalize
1260,equalize,3,skip,A,skip,skip,skip,skip,skip,skip,skip,skip,skip,skip,skip,skip,skip,skip,skip,skip,skip,skip,0.05,equalize
1260,caste,4,skip,skip,B,A,A,A,B,A,A,A,A,A,B,A,A,A,A,A,B,A,0.2,equalize
1260,equalize,5,skip,skip,A,B,B,A,B,A,B,B,B,A,B,A,B,B,B,A,B,A,0.0,equalize
1260,caste,6,skip,skip,skip,skip,skip,skip,skip,skip,skip,skip,skip,skip,skip,skip,skip,skip,skip,skip,skip,skip,0.0,equalize
1261,equalize,1,A,skip,skip,A,skip,skip,A,skip,skip,A,skip,skip,A,skip,skip,A,skip,skip,A,skip,0.35,draw
1261,equalize,2,B,skip,skip,B,skip,skip,B,skip,skip,B,skip,skip,B,skip,skip,B,skip,skip,B,skip,0.35,draw
1261,equalize,3,skip,A,skip,skip,A,skip,skip,A,skip,skip,A,skip,skip,A,skip,skip,A,skip,skip,A,0.35,draw
1261,equalize,4,skip,B,skip,skip,B,skip,skip,B,skip,skip,B,skip,skip,B,skip,skip,B,skip,skip,B,0.35,draw
1261,equalize,5,skip,skip,A,skip,skip,A,skip,skip,A,skip,skip,A,skip,skip,A,skip,skip,A,skip,skip,0.3,draw
1261,equalize,6,skip,skip,B,skip,skip,B,skip,skip,B,skip,skip,B,skip,skip,B,skip,skip,B,skip,skip,0.3,draw
1262,equalize,1,A,skip,skip,A,skip,skip,A,skip,skip,A,skip,skip,A,skip,skip,A,skip,skip,A,skip,0.35,draw
1262,equalize,2,B,skip,skip,B,skip,skip,B,skip,skip,B,skip,skip,B,skip,skip,B,skip,skip,B,skip,0.35,draw
1262,equalize,3,skip,A,skip,skip,A,skip,skip,A,skip,skip,A,skip,skip,A,skip,skip,A,skip,skip,A,0.35,draw
1262,equalize,4,skip,B,skip,skip,B,skip,skip,B,skip,skip,B,skip,skip,B,skip,skip,B,skip,skip,B,0.35,draw
1262,equalize,5,skip,skip,A,skip,skip,A,skip,skip,A,skip,skip,A,skip,skip,A,skip,skip,A,skip,skip,0.3,draw
1262,equalize,6,skip,skip,B,skip,skip,B,skip,skip,B,skip,skip,B,skip,skip,B,skip,skip,B,skip,skip,0.3,draw
1263,equalize,1,A,skip,skip,A,skip,skip,A,skip,skip,A,skip,skip,A,skip,skip,A,skip,skip,A,skip,0.35,draw
1263,equalize,2,B,skip,skip,B,skip,skip,B,skip,skip,B,skip,skip,B,skip,skip,B,skip,skip,B,skip,0.35,draw
1263,equalize,3,skip,A,skip,skip,A,skip,skip,A,skip,skip,A,skip,skip,A,skip,skip,A,skip,skip,A,0.35,draw
1263,equalize,4,skip,B,skip,skip,B,skip,skip,B,skip,skip,B,skip,skip,B,skip,skip,B,skip,skip,B,0.35,draw
1263,equalize,5,skip,skip,A,skip,skip,A,skip,skip,A,skip,skip,A,skip,skip,A,skip,skip,A,skip,skip,0.3,draw
1263,equalize,6,skip,skip,B,skip,skip,B,skip,skip,B,skip,skip,B,skip,skip,B,skip,skip,B,skip,skip,0.3,draw
1264,equalize,1,A,skip,skip,A,skip,skip,A,skip,skip,A,skip,skip,A,skip,skip,A,skip,skip,A,skip,0.35,draw
1264,equalize,2,B,skip,skip,B,skip,skip,B,skip,skip,B,skip,skip,B,skip,skip,B,skip,skip,B,skip,0.35,draw
1264,equalize,3,skip,A,skip,skip,A,skip,skip,A,skip,skip,A,skip,skip,A,skip,skip,A,skip,skip,A,0.35,draw
1264,equalize,4,skip,B,skip,skip,B,skip,skip,B,skip,skip,B,skip,skip,B,skip,skip,B,skip,skip,B,0.35,draw
1264,equalize,5,skip,skip,A,skip,skip,A,skip,skip,A,skip,skip,A,skip,skip,A,skip,skip,A,skip,skip,0.3,draw
1264,equalize,6,skip,skip,B,skip,skip,B,skip,skip,B,skip,skip,B,skip,skip,B,skip,skip,B,skip,skip,0.3,draw
1265,equalize,1,A,skip,skip,A,skip,skip,A,skip,skip,A,skip,skip,A,skip,skip,A,skip,skip,A,skip,0.35,draw
1265,equalize,2,B,skip,skip,B,skip,skip,B,skip,skip,B,skip,skip,B,skip,skip,B,skip,skip,B,skip,0.35,draw
1265,equalize,3,skip,A,skip,skip,A,skip,skip,A,skip,skip,A,skip,skip,A,skip,skip,A,skip,skip,A,0.35,draw
1265,equalize,4,skip,B,skip,skip,B,skip,skip,B,skip,skip,B,skip,skip,B,skip,skip,B,skip,skip,B,0.35,draw
1265,equalize,5,skip,skip,A,skip,skip,A,skip,skip,A,skip,skip,A,skip,skip,A,skip,skip,A,skip,skip,0.3,draw
1265,equalize,6,skip,skip,B,skip,skip,B,skip,skip,B,skip,skip,B,skip,skip,B,skip,skip,B,skip,skip,0.3,draw
1266,equalize,1,A,skip,skip,A,skip,skip,A,skip,skip,A,skip,skip,A,skip,skip,A,skip,skip,A,skip,0.35,draw
1266,equalize,2,B,skip,skip,B,skip,skip,B,skip,skip,B,skip,skip,B,skip,skip,B,skip,skip,B,skip,0.35,draw
1266,equalize,3,skip,A,skip,skip,A,skip,skip,A,skip,skip,A,skip,skip,A,skip,skip,A,skip,skip,A,0.35,draw
1266,equalize,4,skip,B,skip,skip,B,skip,skip,B,skip,skip,B,skip,skip,B,skip,skip,B,skip,skip,B,0.35,draw
1266,equalize,5,skip,skip,A,skip,skip,A,skip,skip,A,skip,skip,A,skip,skip,A,skip,skip,A,skip,skip,0.3,draw
1266,equalize,6,skip,skip,B,skip,skip,B,skip,skip,B,skip,skip,B,skip,skip,B,skip,skip,B,skip,skip,0.3,draw
1267,equalize,1,A,skip,skip,A,skip,skip,A,skip,skip,A,skip,skip,A,skip,skip,A,skip,skip,A,skip,0.35,draw
1267,equalize,2,B,skip,skip,B,skip,skip,B,skip,skip,B,skip,skip,B,skip,skip,B,skip,skip,B,skip,0.35,draw
1267,equalize,3,skip,A,skip,skip,A,skip,skip,A,skip,skip,A,skip,skip,A,skip,skip,A,skip,skip,A,0.35,draw
1267,equalize,4,skip,B,skip,skip,B,skip,skip,B,skip,skip,B,skip,skip,B,skip,skip,B,skip,skip,B,0.35,draw
1267,equalize,5,skip,skip,A,skip,skip,A,skip,skip,A,skip,skip,A,skip,skip,A,skip,skip,A,skip,skip,0.3,draw
1267,equalize,6,skip,skip,B,skip,skip,B,skip,skip,B,skip,skip,B,skip,skip,B,skip,skip,B,skip,skip,0.3,draw
1268,equalize,1,A,skip,skip,A,skip,skip,A,skip,skip,A,skip,skip,A,skip,skip,A,skip,skip,A,skip,0.35,draw
1268,equalize,2,B,skip,skip,B,skip,skip,B,skip,skip,B,skip,skip,B,skip,skip,B,skip,skip,B,skip,0.35,draw
1268,equalize,3,skip,A,skip,skip,A,skip,skip,A,skip,skip,A,skip,skip,A,skip,skip,A,skip,skip,A,0.35,draw
1268,equalize,4,skip,B,skip,skip,B,skip,skip,B,skip,skip,B,skip,skip,B,skip,skip,B,skip,skip,B,0.35,draw
1268,equalize,5,skip,skip,A,skip,skip,A,skip,skip,A,skip,skip,A,skip,skip,A,skip,skip,A,skip,skip,0.3,draw
1268,equalize,6,skip,skip,B,skip,skip,B,skip,skip,B,skip,skip,B,skip,skip,B,skip,skip,B,skip,skip,0.3,draw
1269,equalize,1,A,skip,skip,A,skip,skip,A,skip,skip,A,skip,skip,A,skip,skip,A,skip,skip,A,skip,0.35,draw
1269,equalize,2,B,skip,skip,B,skip,skip,B,skip,skip,B,skip,skip,B,skip,skip,B,skip,skip,B,skip,0.35,draw
1269,equalize,3,skip,A,skip,skip,A,skip,skip,A,skip,skip,A,skip,skip,A,skip,skip,A,skip,skip,A,0.35,draw
1269,equalize,4,skip,B,skip,skip,B,skip,skip,B,skip,skip,B,skip,skip,B,skip,skip,B,skip,skip,B,0.35,draw
1269,equalize,5,skip,skip,A,skip,skip,A,skip,skip,A,skip,skip,A,skip,skip,A,skip,skip,A,skip,skip,0.3,draw
1269,equalize,6,skip,skip,B,skip,skip,B,skip,skip,B,skip,skip,B,skip,skip,B,skip,skip,B,skip,skip,0.3,draw
1270,equalize,1,A,skip,skip,A,skip,skip,A,skip,skip,A,skip,skip,A,skip,skip,A,skip,skip,A,skip,0.35,draw
1270,equalize,2,B,skip,skip,B,skip,skip,B,skip,skip,B,skip,skip,B,skip,skip,B,skip,skip,B,skip,0.35,draw
1270,equalize,3,skip,A,skip,skip,A,skip,skip,A,skip,skip,A,skip,skip,A,skip,skip,A,skip,skip,A,0.35,draw
1270,equalize,4,skip,B,skip,skip,B,skip,skip,B,skip,skip,B,skip,skip,B,skip,skip,B,skip,skip,B,0.35,draw
1270,equalize,5,skip,skip,A,skip,skip,A,skip,skip,A,skip,skip,A,skip,skip,A,skip,skip,A,skip,skip,0.3,draw
1270,equalize,6,skip,skip,B,skip,skip,B,skip,skip,B,skip,skip,B,skip,skip,B,skip,skip,B,skip,skip,0.3,draw
1271,equalize,1,A,skip,skip,A,skip,skip,A,skip,skip,A,skip,skip,A,skip,skip,A,skip,skip,A,skip,0.35,draw
1271,equalize,2,B,skip,skip,B,skip,skip,B,skip,skip,B,skip,skip,B,skip,skip,B,skip,skip,B,skip,0.35,draw
1271,equalize,3,skip,A,skip,skip,A,skip,skip,A,skip,skip,A,skip,skip,A,skip,skip,A,skip,skip,A,0.35,draw
1271,equalize,4,skip,B,skip,skip,B,skip,skip,B,skip,skip,B,skip,skip,B,skip,skip,B,skip,skip,B,0.35,draw
1271,equalize,5,skip,skip,A,skip,skip,A,skip,skip,A,skip,skip,A,skip,skip,A,skip,skip,A,skip,skip,0.3,draw
1271,equalize,6,skip,skip,B,skip,skip,B,skip,skip,B,skip,skip,B,skip,skip,B,skip,skip,B,skip,skip,0.3,draw
1272,equalize,1,A,skip,skip,A,skip,skip,A,skip,skip,A,skip,skip,A,skip,skip,A,skip,skip,A,skip,0.35,draw
1272,equalize,2,B,skip,skip,B,skip,skip,B,skip,skip,B,skip,skip,B,skip,skip,B,skip,skip,B,skip,0.35,draw
1272,equalize,3,skip,A,skip,skip,A,skip,skip,A,skip,skip,A,skip,skip,A,skip,skip,A,skip,skip,A,0.35,draw
1272,equalize,4,skip,B,skip,skip,B,skip,skip,B,skip,skip,B,skip,skip,B,skip,skip,B,skip,skip,B,0.35,draw
1272,equalize,5,skip,skip,A,skip,skip,A,skip,skip,A,skip,skip,A,skip,skip,A,skip,skip,A,skip,skip,0.3,draw
1272,equalize,6,skip,skip,B,skip,skip,B,skip,skip,B,skip,skip,B,skip,skip,B,skip,skip,B,skip,skip,0.3,draw
1273,equalize,1,A,skip,skip,A,skip,skip,A,skip,skip,A,skip,skip,A,skip,skip,A,skip,skip,A,skip,0.35,draw
1273,equalize,2,B,skip,skip,B,skip,skip,B,skip,skip,B,skip,skip,B,skip,skip,B,skip,skip,B,skip,0.35,draw
1273,equalize,3,skip,A,skip,skip,A,skip,skip,A,skip,skip,A,skip,skip,A,skip,skip,A,skip,skip,A,0.35,draw
1273,equalize,4,skip,B,skip,skip,B,skip,skip,B,skip,skip,B,skip,skip,B,skip,skip,B,skip,skip,B,0.35,draw
1273,equalize,5,skip,skip,A,skip,skip,A,skip,skip,A,skip,skip,A,skip,skip,A,skip,skip,A,skip,skip,0.3,draw
1273,equalize,6,skip,skip,B,skip,skip,B,skip,skip,B,skip,skip,B,skip,skip,B,skip,skip,B,skip,skip,0.3,draw
1274,equalize,1,A,skip,skip,A,skip,skip,A,skip,skip,A,skip,skip,A,skip,skip,A,skip,skip,A,skip,0.35,draw
1274,equalize,2,B,skip,skip,B,skip,skip,B,skip,skip,B,skip,skip,B,skip,skip,B,skip,skip,B,skip,0.35,draw
1274,equalize,3,skip,A,skip,skip,A,skip,skip,A,skip,skip,A,skip,skip,A,skip,skip,A,skip,skip,A,0.35,draw
1274,equalize,4,skip,B,skip,skip,B,skip,skip,B,skip,skip,B,skip,skip,B,skip,skip,B,skip,skip,B,0.35,draw
1274,equalize,5,skip,skip,A,skip,skip,A,skip,skip,A,skip,skip,A,skip,skip,A,skip,skip,A,skip,skip,0.3,draw
1274,equalize,6,skip,skip,B,skip,skip,B,skip,skip,B,skip,skip,B,skip,skip,B,skip,skip,B,skip,skip,0.3,draw
1275,equalize,1,A,skip,skip,A,skip,skip,A,skip,skip,A,skip,skip,A,skip,skip,A,skip,skip,A,skip,0.35,draw
1275,equalize,2,B,skip,skip,B,skip,skip,B,skip,skip,B,skip,skip,B,skip,skip,B,skip,skip,B,skip,0.35,draw
1275,equalize,3,skip,A,skip,skip,A,skip,skip,A,skip,skip,A,skip,skip,A,skip,skip,A,skip,skip,A,0.35,draw
1275,equalize,4,skip,B,skip,skip,B,skip,skip,B,skip,skip,B,skip,skip,B,skip,skip,B,skip,skip,B,0.35,draw
1275,equalize,5,skip,skip,A,skip,skip,A,skip,skip,A,skip,skip,A,skip,skip,A,skip,skip,A,skip,skip,0.3,draw
1275,equalize,6,skip,skip,B,skip,skip,B,skip,skip,B,skip,skip,B,skip,skip,B,skip,skip,B,skip,skip,0.3,draw
1276,equalize,1,A,skip,skip,A,skip,skip,A,skip,skip,A,skip,skip,A,skip,skip,A,skip,skip,A,skip,0.35,draw
1276,equalize,2,B,skip,skip,B,skip,skip,B,skip,skip,B,skip,skip,B,skip,skip,B,skip,skip,B,skip,0.35,draw
1276,equalize,3,skip,A,skip,skip,A,skip,skip,A,skip,skip,A,skip,skip,A,skip,skip,A,skip,skip,A,0.35,draw
1276,equalize,4,skip,B,skip,skip,B,skip,skip,B,skip,skip,B,skip,skip,B,skip,skip,B,skip,skip,B,0.35,draw
1276,equalize,5,skip,skip,A,skip,skip,A,skip,skip,A,skip,skip,A,skip,skip,A,skip,skip,A,skip,skip,0.3,draw
1276,equalize,6,skip,skip,B,skip,skip,B,skip,skip,B,skip,skip,B,skip,skip,B,skip,skip,B,skip,skip,0.3,draw
1277,equalize,1,A,skip,skip,A,skip,skip,A,skip,skip,A,skip,skip,A,skip,skip,A,skip,skip,A,skip,0.35,draw
1277,equalize,2,B,skip,skip,B,skip,skip,B,skip,skip,B,skip,skip,B,skip,skip,B,skip,skip,B,skip,0.35,draw
1277,equalize,3,skip,A,skip,skip,A,skip,skip,A,skip,skip,A,skip,skip,A,skip,skip,A,skip,skip,A,0.35,draw
1277,equalize,4,skip,B,skip,skip,B,skip,skip,B,skip,skip,B,skip,skip,B,skip,skip,B,skip,skip,B,0.35,draw
1277,equalize,5,skip,skip,A,skip,skip,A,skip,skip,A,skip,skip,A,skip,skip,A,skip,skip,A,skip,skip,0.3,draw
1277,equalize,6,skip,skip,B,skip,skip,B,skip,skip,B,skip,skip,B,skip,skip,B,skip,skip,B,skip,skip,0.3,draw
1278,equalize,1,A,skip,skip,A,skip,skip,A,skip,skip,A,skip,skip,A,skip,skip,A,skip,skip,A,skip,0.35,draw
1278,equalize,2,B,skip,skip,B,skip,skip,B,skip,skip,B,skip,skip,B,skip,skip,B,skip,skip,B,skip,0.35,draw
1278,equalize,3,skip,A,skip,skip,A,skip,skip,A,skip,skip,A,skip,skip,A,skip,skip,A,skip,skip,A,0.35,draw
1278,equalize,4,skip,B,skip,skip,B,skip,skip,B,skip,skip,B,skip,skip,B,skip,skip,B,skip,skip,B,0.35,draw
1278,equalize,5,skip,skip,A,skip,skip,A,skip,skip,A,skip,skip,A,skip,skip,A,skip,skip,A,skip,skip,0.3,draw
1278,equalize,6,skip,skip,B,skip,skip,B,skip,skip,B,skip,skip,B,skip,skip,B,skip,skip,B,skip,skip,0.3,draw
1279,equalize,1,A,skip,skip,A,skip,skip,A,skip,skip,A,skip,skip,A,skip,skip,A,skip,skip,A,skip,0.35,draw
1279,equalize,2,B,skip,skip,B,skip,skip,B,skip,skip,B,skip,skip,B,skip,skip,B,skip,skip,B,skip,0.35,draw
1279,equalize,3,skip,A,skip,skip,A,skip,skip,A,skip,skip,A,skip,skip,A,skip,skip,A,skip,skip,A,0.35,draw
1279,equalize,4,skip,B,skip,skip,B,skip,skip,B,skip,skip,B,skip,skip,B,skip,skip,B,skip,skip,B,0.35,draw
1279,equalize,5,skip,skip,A,skip,skip,A,skip,skip,A,skip,skip,A,skip,skip,A,skip,skip,A,skip,skip,0.3,draw
1279,equalize,6,skip,skip,B,skip,skip,B,skip,skip,B,skip,skip,B,skip,skip,B,skip,skip,B,skip,skip,0.3,draw
1280,equalize,1,A,skip,skip,A,skip,skip,A,skip,skip,A,skip,skip,A,skip,skip,A,skip,skip,A,skip,0.35,draw
1280,equalize,2,B,skip,skip,B,skip,skip,B,skip,skip,B,skip,skip,B,skip,skip,B,skip,skip,B,skip,0.35,draw
1280,equalize,3,skip,A,skip,skip,A,skip,skip,A,skip,skip,A,skip,skip,A,skip,skip,A,skip,skip,A,0.35,draw
1280,equalize,4,skip,B,skip,skip,B,skip,skip,B,skip,skip,B,skip,skip,B,skip,skip,B,skip,skip,B,0.35,draw
1280,equalize,5,skip,skip,A,skip,skip,A,skip,skip,A,skip,skip,A,skip,skip,A,skip,skip,A,skip,skip,0.3,draw
1280,equalize,6,skip,skip,B,skip,skip,B,skip,skip,B,skip,skip,B,skip,skip,B,skip,skip,B,skip,skip,0.3,draw
1281,turntaking,1,skip,skip,A,A,skip,A,A,B,B,skip,A,A,skip,skip,skip,skip,skip,skip,skip,skip,0.1,turntaking
1281,random,2,skip,B,A,skip,skip,A,A,B,A,skip,A,skip,A,B,B,skip,B,A,A,B,0.05,turntaking
1281,turntaking,3,skip,B,B,B,B,skip,skip,skip,skip,A,B,B,skip,skip,skip,A,A,B,B,skip,0.15,turntaking
1281,turntaking,4,skip,A,skip,skip,skip,B,B,A,A,B,skip,skip,A,A,A,B,B,A,A,B,0.1,turntaking
1281,random,5,A,skip,B,B,A,B,B,skip,skip,skip,B,skip,B,B,skip,A,A,B,skip,A,0.15,turntaking
1281,random,6,skip,B,A,A,skip,B,B,A,skip,A,B,skip,B,A,A,B,A,skip,skip,skip,0.0,turntaking
1282,random,1,A,skip,A,B,A,A,skip,skip,skip,B,A,A,A,B,A,A,A,B,skip,A,0.0,turntaking
1282,random,2,A,B,B,skip,A,B,A,B,A,skip,B,A,A,skip,skip,B,B,B,skip,B,0.05,turntaking
1282,turntaking,3,skip,B,A,B,B,B,B,B,B,skip,B,B,B,skip,skip,skip,skip,skip,skip,B,0.15,turntaking
1282,turntaking,4,skip,A,skip,skip,skip,A,A,A,skip,B,A,A,A,A,B,skip,B,B,B,A,0.15,turntaking
1282,random,5,skip,skip,A,skip,B,B,A,skip,A,skip,A,B,A,skip,B,A,skip,A,B,B,0.0,turntaking
1282,turntaking,6,B,skip,skip,A,skip,skip,skip,skip,skip,A,skip,skip,skip,B,A,B,A,A,A,skip,0.2,turntaking
1283,turntaking,1,skip,skip,skip,skip,skip,skip,A,A,B,A,B,skip,A,A,skip,B,B,B,skip,B,0.1,turntaking
1283,turntaking,2,skip,skip,A,skip,skip,A,B,skip,skip,skip,skip,A,B,B,A,skip,skip,skip,skip,skip,0.15,turntaking
1283,random,3,skip,B,skip,A,A,A,A,skip,skip,B,skip,A,A,skip,B,A,skip,skip,skip,B,0.05,turntaking
1283,turntaking,4,skip,B,B,B,B,skip,skip,skip,A,skip,A,B,skip,skip,B,A,A,A,B,A,0.1,turntaking
1283,random,5,A,skip,A,A,A,B,A,B,A,A,A,skip,B,skip,B,B,A,B,B,B,0.1,turntaking
1283,random,6,A,B,B,B,A,skip,skip,A,B,A,skip,A,B,skip,B,A,B,A,B,A,0.0,turntaking
1284,turntaking,1,skip,skip,B,skip,skip,B,skip,skip,skip,skip,skip,skip,skip,B,B,B,skip,B,skip,skip,0.2,turntaking
1284,random,2,B,A,A,B,skip,A,B,skip,A,A,B,A,B,A,A,A,skip,skip,A,skip,0.15,turntaking
1284,turntaking,3,skip,B,skip,skip,B,skip,B,skip,A,A,A,A,A,skip,skip,skip,B,skip,skip,skip,0.2,turntaking
1284,random,4,skip,A,A,A,skip,A,skip,B,skip,A,A,skip,B,A,skip,A,skip,skip,skip,B,0.1,turntaking
1284,turntaking,5,A,skip,skip,skip,A,skip,A,A,B,B,B,B,B,A,A,A,A,skip,skip,B,0.15,turntaking
1284,random,6,skip,A,skip,skip,skip,skip,A,A,B,B,B,B,skip,B,B,skip,skip,A,B,B,0.1,turntaking
1285,random,1,skip,skip,B,B,skip,A,skip,A,skip,B,skip,B,B,B,A,A,skip,B,B,B,0.05,turntaking
1285,random,2,skip,skip,B,B,B,A,skip,A,B,B,B,skip,skip,skip,B,A,B,B,skip,B,0.0,turntaking
1285,turntaking,3,skip,A,skip,skip,skip,skip,B,skip,B,A,skip,skip,skip,skip,skip,B,B,A,skip,skip,0.2,turntaking
1285,random,4,B,B,skip,B,skip,A,A,A,B,skip,skip,B,A,B,skip,B,B,B,A,skip,0.1,turntaking
1285,turntaking,5,A,skip,skip,skip,B,B,skip,B,skip,skip,B,skip,B,skip,B,A,A,skip,B,B,0.2,turntaking
1285,turntaking,6,B,B,B,A,skip,skip,skip,A,A,B,A,skip,skip,skip,skip,skip,skip,B,A,A,0.2,turntaking
1286,random,1,A,A,B,A,skip,A,B,B,A,B,skip,B,B,skip,B,skip,A,B,A,A,0.05,turntaking
1286,random,2,skip,skip,skip,skip,B,A,B,skip,A,A,skip,A,skip,B,B,B,A,skip,B,A,0.0,turntaking
1286,random,3,B,A,skip,skip,A,B,skip,A,A,skip,A,B,skip,A,A,skip,B,B,skip,B,0.05,turntaking
1286,turntaking,4,skip,skip,A,skip,skip,A,A,skip,skip,B,B,skip,skip,skip,skip,skip,A,A,skip,skip,0.2,turntaking
1286,turntaking,5,A,A,B,B,skip,skip,skip,A,A,A,A,A,A,B,B,A,skip,skip,A,A,0.15,turntaking
1286,turntaking,6,B,B,skip,skip,B,B,B,B,B,skip,skip,B,B,A,A,B,B,B,B,B,0.1,turntaking
1287,random,1,A,A,A,A,skip,B,A,B,A,A,B,A,B,B,A,A,A,A,B,A,0.05,turntaking
1287,turntaking,2,skip,skip,skip,skip,skip,skip,B,skip,B,B,skip,skip,skip,B,B,A,B,A,A,A,0.05,turntaking
1287,random,3,B,A,B,A,A,skip,B,skip,B,A,skip,B,skip,B,A,B,A,A,A,B,0.05,turntaking
1287,turntaking,4,skip,A,A,B,B,B,A,B,A,A,A,skip,skip,skip,skip,B,skip,B,B,B,0.05,turntaking
1287,turntaking,5,A,B,B,A,A,A,skip,skip,skip,skip,B,A,A,A,skip,skip,skip,skip,skip,skip,0.1,turntaking
1287,random,6,A,B,B,B,B,skip,skip,A,A,skip,skip,B,A,skip,B,skip,B,B,A,B,0.05,turntaking
1288,turntaking,1,skip,skip,skip,skip,B,A,A,B,skip,B,A,A,A,skip,skip,skip,skip,A,skip,skip,0.2,turntaking
1288,random,2,A,B,skip,skip,B,skip,A,A,B,A,B,skip,skip,B,B,A,B,skip,B,B,0.05,turntaking
1288,random,3,skip,B,B,B,B,skip,skip,A,B,A,A,B,B,A,B,A,skip,skip,skip,B,0.05,turntaking
1288,turntaking,4,skip,B,B,A,skip,B,skip,skip,B,A,B,B,B,A,A,skip,A,skip,skip,A,0.25,turntaking
1288,turntaking,5,A,A,A,skip,A,skip,B,skip,skip,skip,skip,skip,skip,skip,skip,A,B,B,A,B,0.15,turntaking
1288,random,6,skip,A,B,skip,B,skip,A,A,skip,B,A,A,B,B,B,skip,B,B,A,skip,0.0,turntaking
1289,random,1,A,skip,A,skip,B,A,skip,skip,A,skip,skip,skip,A,B,A,skip,B,skip,B,skip,0.05,turntaking
1289,turntaking,2,skip,skip,skip,B,skip,A,A,skip,skip,skip,A,skip,skip,skip,A,A,skip,A,A,skip,0.25,turntaking
1289,turntaking,3,skip,B,skip,skip,A,skip,skip,B,skip,skip,skip,skip,A,B,B,B,B,B,B,B,0.2,turntaking
1289,turntaking,4,skip,A,B,A,B,B,B,A,skip,A,B,B,B,A,skip,skip,A,skip,skip,A,0.25,turntaking
1289,random,5,skip,A,B,A,B,A,B,skip,B,A,B,B,A,skip,B,skip,B,A,skip,B,0.05,turntaking
1289,random,6,A,skip,skip,A,B,B,skip,skip,A,B,B,skip,A,B,B,B,skip,A,skip,skip,0.05,turntaking
1290,random,1,A,B,B,skip,skip,B,skip,skip,B,A,skip,skip,B,B,B,A,A,skip,A,A,0.05,turntaking
1290,turntaking,2,skip,skip,skip,skip,skip,skip,B,A,skip,skip,A,skip,skip,skip,skip,skip,A,A,skip,skip,0.15,turntaking
1290,turntaking,3,skip,A,A,skip,A,A,skip,skip,B,B,skip,skip,skip,skip,B,B,skip,skip,skip,skip,0.15,turntaking
1290,random,4,A,B,A,B,B,skip,B,B,B,skip,B,B,skip,A,B,A,skip,skip,A,B,0.15,turntaking
1290,turntaking,5,A,B,B,A,B,B,A,skip,skip,A,B,B,B,A,A,A,B,skip,A,A,0.1,turntaking
1290,random,6,skip,A,skip,A,A,B,skip,skip,A,skip,skip,B,skip,A,A,skip,skip,B,skip,A,0.1,turntaking
1291,turntaking,1,skip,skip,skip,skip,skip,A,A,B,A,B,skip,skip,skip,skip,B,skip,A,A,skip,skip,0.1,turntaking
1291,random,2,B,B,B,A,skip,B,A,B,A,A,B,skip,skip,skip,skip,skip,B,B,skip,B,0.0,turntaking
1291,random,3,A,A,skip,B,A,B,skip,A,skip,skip,A,B,B,A,A,B,B,B,skip,A,0.05,turntaking
1291,random,4,B,B,skip,B,skip,A,skip,A,B,A,skip,skip,A,skip,B,skip,A,skip,skip,B,0.05,turntaking
1291,turntaking,5,A,B,B,A,A,B,B,skip,skip,skip,skip,B,B,A,A,B,B,B,B,A,0.1,turntaking
1291,turntaking,6,B,A,A,skip,skip,skip,skip,A,B,A,B,A,skip,skip,skip,skip,skip,skip,skip,B,0.1,turntaking
1292,turntaking,1,skip,skip,skip,skip,B,skip,skip,B,B,A,B,A,skip,skip,skip,skip,skip,A,skip,skip,0.15,turntaking
1292,turntaking,2,skip,skip,B,B,A,A,B,skip,skip,B,skip,B,A,A,A,A,B,skip,B,B,0.1,turntaking
1292,random,3,A,B,B,skip,A,A,skip,skip,B,skip,skip,B,A,B,A,A,skip,B,skip,A,0.0,turntaking
1292,random,4,B,A,A,B,skip,B,skip,B,B,B,A,skip,B,B,skip,skip,A,skip,A,skip,0.1,turntaking
1292,random,5,A,B,B,B,skip,skip,A,B,B,A,B,skip,B,A,B,A,A,B,B,B,0.05,turntaking
1292,turntaking,6,B,B,A,A,skip,B,skip,A,skip,skip,skip,skip,B,B,B,B,skip,skip,A,A,0.15,turntaking
1293,turntaking,1,skip,skip,skip,skip,skip,A,skip,skip,skip,A,skip,skip,skip,A,B,A,A,A,A,A,0.1,turntaking
1293,turntaking,2,skip,skip,A,skip,A,skip,skip,B,B,skip,skip,skip,B,skip,skip,skip,B,skip,B,B,0.2,turntaking
1293,random,3,skip,A,A,B,B,skip,B,B,A,B,A,skip,A,B,B,skip,A,A,B,skip,0.05,turntaking
1293,random,4,A,A,skip,A,skip,skip,A,B,skip,skip,skip,A,A,A,skip,A,A,A,A,B,0.1,turntaking
1293,turntaking,5,A,A,B,B,B,B,B,A,A,B,B,A,A,B,A,B,skip,B,skip,skip,0.2,turntaking
1293,random,6,B,B,B,skip,skip,B,skip,A,skip,skip,skip,A,A,A,B,A,A,A,B,A,0.1,turntaking
1294,turntaking,1,skip,skip,skip,skip,A,skip,B,B,B,B,A,A,A,A,skip,B,skip,A,A,A,0.2,turntaking
1294,random,2,A,skip,B,skip,skip,skip,A,B,skip,A,skip,skip,A,B,skip,A,B,B,B,B,0.1,turntaking
1294,turntaking,3,skip,A,A,skip,skip,skip,A,A,skip,skip,skip,skip,B,B,A,skip,A,skip,skip,skip,0.2,turntaking
1294,random,4,B,B,skip,A,B,B,skip,skip,B,B,A,skip,A,B,skip,A,B,B,A,B,0.0,turntaking
1294,random,5,skip,A,B,A,B,B,B,skip,skip,B,B,A,B,skip,B,A,B,A,skip,skip,0.0,turntaking
1294,turntaking,6,B,B,B,A,B,A,skip,skip,skip,skip,B,B,skip,skip,B,A,B,B,B,B,0.1,turntaking
1295,turntaking,1,skip,skip,skip,skip,A,B,B,A,B,A,A,B,A,B,A,A,A,A,B,B,0.05,turntaking
1295,random,2,skip,skip,A,B,skip,B,skip,skip,B,A,B,skip,skip,B,A,A,skip,A,B,B,0.05,turntaking
1295,random,3,skip,B,skip,A,A,A,B,A,B,skip,skip,B,A,A,skip,B,B,skip,B,skip,0.05,turntaking
1295,turntaking,4,skip,A,skip,skip,skip,A,A,skip,skip,skip,B,skip,B,skip,B,B,B,B,skip,A,0.15,turntaking
1295,random,5,B,B,B,skip,A,skip,skip,B,B,skip,B,B,B,skip,B,A,A,skip,B,A,0.1,turntaking
1295,turntaking,6,B,B,A,A,B,skip,skip,skip,skip,B,skip,skip,skip,skip,skip,skip,skip,skip,A,skip,0.15,turntaking
1296,random,1,skip,A,A,A,A,skip,B,B,A,skip,B,A,skip,A,skip,skip,skip,skip,B,skip,0.15,turntaking
1296,turntaking,2,skip,skip,skip,skip,skip,skip,B,A,A,A,skip,B,skip,B,skip,skip,skip,skip,skip,skip,0.15,turntaking
1296,turntaking,3,skip,skip,skip,skip,skip,skip,A,skip,skip,skip,A,skip,A,skip,B,B,skip,B,skip,skip,0.15,turntaking
1296,random,4,skip,B,skip,A,skip,A,skip,A,A,B,B,skip,B,A,B,A,B,B,B,A,0.1,turntaking
1296,random,5,B,skip,B,skip,A,skip,skip,skip,B,B,skip,A,skip,A,A,B,A,skip,A,B,0.05,turntaking
1296,turntaking,6,B,B,B,A,B,skip,skip,skip,B,B,B,A,B,A,A,A,A,A,A,A,0.1,turntaking
1297,random,1,skip,A,A,B,skip,skip,B,B,A,skip,A,skip,B,skip,A,skip,A,A,B,skip,0.1,turntaking
1297,turntaking,2,skip,skip,A,B,B,A,B,A,B,skip,skip,skip,skip,skip,skip,B,B,skip,skip,B,0.15,turntaking
1297,random,3,skip,skip,skip,A,B,A,B,B,A,B,B,B,B,B,B,B,A,A,B,B,0.0,turntaking
1297,turntaking,4,skip,B,B,skip,skip,skip,skip,skip,A,B,A,A,B,B,B,A,A,A,A,A,0.15,turntaking
1297,random,5,A,B,A,A,B,skip,skip,skip,skip,skip,A,B,A,skip,B,A,skip,skip,skip,A,0.05,turntaking
1297,turntaking,6,B,skip,skip,skip,skip,B,skip,skip,skip,skip,B,B,A,A,skip,skip,skip,B,skip,skip,0.2,turntaking
1298,random,1,skip,B,B,skip,A,B,A,B,A,B,A,B,skip,B,A,A,skip,skip,skip,B,0.0,turntaking
1298,turntaking,2,skip,skip,skip,B,A,A,A,B,A,B,A,B,B,B,A,A,A,A,A,A,0.1,turntaking
1298,random,3,skip,B,B,B,skip,B,A,skip,skip,skip,A,A,skip,B,B,skip,skip,skip,skip,B,0.0,turntaking
1298,random,4,A,A,B,A,A,A,B,skip,A,skip,A,A,B,B,skip,skip,A,B,skip,A,0.15,turntaking
1298,turntaking,5,A,A,A,skip,skip,skip,skip,skip,skip,A,skip,skip,skip,A,skip,skip,skip,skip,skip,skip,0.15,turntaking
1298,turntaking,6,B,skip,skip,skip,skip,skip,skip,A,skip,skip,skip,A,A,skip,B,B,skip,skip,skip,skip,0.2,turntaking
1299,random,1,A,skip,B,skip,skip,B,B,B,B,A,skip,B,B,B,skip,A,skip,B,A,skip,0.0,turntaking
1299,random,2,skip,A,skip,A,A,skip,A,skip,skip,skip,A,skip,skip,B,B,A,A,A,B,skip,0.05,turntaking
1299,turntaking,3,skip,skip,A,A,B,B,B,B,B,B,A,A,A,skip,A,skip,skip,skip,skip,skip,0.15,turntaking
1299,turntaking,4,skip,B,skip,skip,skip,A,skip,skip,skip,skip,B,skip,skip,skip,skip,skip,B,B,B,A,0.15,turntaking
1299,turntaking,5,A,A,B,B,skip,skip,A,skip,A,skip,skip,B,B,B,B,B,A,A,A,B,0.2,turntaking
1299,random,6,B,A,A,A,B,skip,skip,skip,B,A,skip,A,skip,A,skip,skip,B,A,A,A,0.1,turntaking
1300,turntaking,1,skip,skip,skip,A,A,B,skip,A,A,B,B,B,B,B,B,A,skip,skip,skip,B,0.15,turntaking
1300,turntaking,2,skip,B,skip,skip,B,skip,skip,skip,skip,A,A,skip,A,A,A,skip,B,B,A,skip,0.2,turntaking
1300,turntaking,3,skip,A,B,skip,skip,A,B,B,skip,skip,skip,A,skip,skip,skip,skip,A,A,B,A,0.15,turntaking
1300,random,4,B,A,A,A,A,A,B,A,skip,A,B,B,A,skip,skip,skip,A,skip,B,A,0.1,turntaking
1300,random,5,A,A,skip,skip,A,skip,A,skip,A,A,B,B,B,A,B,skip,B,B,B,A,0.1,turntaking
1300,random,6,skip,skip,skip,B,skip,skip,skip,skip,A,B,skip,B,skip,A,A,skip,B,A,B,B,0.05,turntaking
1301,turntaking,1,skip,skip,skip,skip,B,skip,skip,A,A,A,skip,skip,skip,skip,skip,A,skip,skip,skip,skip,0.15,turntaking
1301,turntaking,2,skip,skip,B,A,skip,skip,A,skip,skip,skip,skip,skip,skip,A,B,B,A,B,B,skip,0.15,turntaking
1301,rotate,3,skip,skip,skip,skip,A,B,skip,skip,skip,skip,A,B,skip,skip,skip,skip,A,B,skip,skip,0.0,turntaking
1301,turntaking,4,skip,B,skip,skip,A,B,B,skip,skip,B,A,B,B,skip,skip,skip,skip,skip,skip,A,0.15,turntaking
1301,rotate,5,skip,skip,A,B,skip,skip,skip,skip,A,B,skip,skip,skip,skip,A,B,skip,skip,skip,skip,0.15,turntaking
1301,rotate,6,skip,A,B,skip,skip,skip,skip,A,B,skip,skip,skip,skip,A,B,skip,skip,skip,skip,A,0.1,turntaking
1302,rotate,1,A,B,skip,skip,skip,skip,A,B,skip,skip,skip,skip,A,B,skip,skip,skip,skip,A,B,0.2,turntaking
1302,turntaking,2,skip,skip,skip,skip,A,skip,skip,skip,skip,skip,skip,B,skip,skip,skip,skip,A,skip,skip,skip,0.15,turntaking
1302,turntaking,3,skip,B,skip,B,B,skip,skip,skip,skip,A,skip,skip,skip,skip,skip,A,skip,skip,skip,skip,0.15,turntaking
1302,turntaking,4,skip,A,B,A,skip,skip,A,B,B,B,A,skip,skip,A,B,B,B,skip,A,skip,0.15,turntaking
1302,rotate,5,skip,skip,A,B,skip,skip,skip,skip,A,B,skip,skip,skip,skip,A,B,skip,skip,skip,skip,0.15,turntaking
1302,rotate,6,skip,A,B,skip,skip,skip,skip,A,B,skip,skip,skip,skip,A,B,skip,skip,skip,skip,A,0.1,turntaking
1303,rotate,1,A,B,skip,skip,skip,skip,A,B,skip,skip,skip,skip,A,B,skip,skip,skip,skip,A,B,0.15,turntaking
1303,rotate,2,B,skip,skip,skip,skip,A,B,skip,skip,skip,skip,A,B,skip,skip,skip,skip,A,B,skip,0.05,turntaking
1303,turntaking,3,skip,skip,skip,B,skip,skip,skip,B,A,skip,skip,skip,skip,skip,A,skip,skip,skip,skip,A,0.2,turntaking
1303,rotate,4,skip,skip,skip,A,B,skip,skip,skip,skip,A,B,skip,skip,skip,skip,A,B,skip,skip,skip,0.2,turntaking
1303,turntaking,5,A,A,skip,skip,A,skip,skip,skip,B,skip,skip,skip,skip,skip,skip,B,skip,skip,skip,skip,0.2,turntaking
1303,turntaking,6,B,B,B,skip,skip,A,A,A,skip,skip,B,A,B,A,skip,skip,B,A,B,B,0.15,turntaking
1304,turntaking,1,skip,skip,A,skip,skip,skip,A,skip,skip,skip,B,B,skip,skip,skip,A,B,A,A,skip,0.2,turntaking
1304,rotate,2,B,skip,skip,skip,skip,A,B,skip,skip,skip,skip,A,B,skip,skip,skip,skip,A,B,skip,0.2,turntaking
1304,turntaking,3,skip,B,skip,skip,skip,B,skip,skip,B,skip,A,skip,skip,A,B,B,skip,skip,B,skip,0.2,turntaking
1304,rotate,4,skip,skip,skip,A,B,skip,skip,skip,skip,A,B,skip,skip,skip,skip,A,B,skip,skip,skip,0.1,turntaking
1304,turntaking,5,A,skip,B,A,A,skip,B,skip,A,skip,skip,skip,skip,B,skip,skip,A,skip,skip,skip,0.25,turntaking
1304,rotate,6,skip,A,B,skip,skip,skip,skip,A,B,skip,skip,skip,skip,A,B,skip,skip,skip,skip,A,0.15,turntaking
1305,turntaking,1,skip,skip,skip,skip,skip,A,B,A,skip,skip,B,A,A,skip,skip,B,A,skip,skip,skip,0.15,turntaking
1305,rotate,2,B,skip,skip,skip,skip,A,B,skip,skip,skip,skip,A,B,skip,skip,skip,skip,A,B,skip,0.15,turntaking
1305,turntaking,3,skip,skip,A,A,B,B,skip,skip,A,skip,A,skip,skip,skip,B,skip,skip,skip,skip,A,0.2,turntaking
1305,rotate,4,skip,skip,skip,A,B,skip,skip,skip,skip,A,B,skip,skip,skip,skip,A,B,skip,skip,skip,0.1,turntaking
1305,rotate,5,skip,skip,A,B,skip,skip,skip,skip,A,B,skip,skip,skip,skip,A,B,skip,skip,skip,skip,0.15,turntaking
1305,turntaking,6,B,B,skip,skip,skip,skip,A,skip,skip,skip,skip,skip,skip,A,skip,skip,B,B,skip,skip,0.2,turntaking
1306,turntaking,1,skip,skip,skip,A,skip,B,B,B,skip,A,B,B,B,A,skip,skip,skip,B,B,A,0.15,turntaking
1306,rotate,2,B,skip,skip,skip,skip,A,B,skip,skip,skip,skip,A,B,skip,skip,skip,skip,A,B,skip,0.05,turntaking
1306,rotate,3,skip,skip,skip,skip,A,B,skip,skip,skip,skip,A,B,skip,skip,skip,skip,A,B,skip,skip,0.15,turntaking
1306,rotate,4,skip,skip,skip,A,B,skip,skip,skip,skip,A,B,skip,skip,skip,skip,A,B,skip,skip,skip,0.05,turntaking
1306,turntaking,5,A,skip,skip,skip,skip,A,A,skip,skip,skip,skip,skip,skip,skip,A,skip,skip,skip,skip,skip,0.15,turntaking
1306,turntaking,6,B,B,skip,skip,skip,skip,skip,A,skip,skip,skip,skip,skip,skip,skip,A,B,A,A,skip,0.15,turntaking
1307,turntaking,1,skip,skip,B,skip,A,A,skip,skip,skip,skip,skip,skip,B,skip,skip,skip,skip,skip,B,skip,0.15,turntaking
1307,turntaking,2,skip,skip,A,skip,skip,skip,skip,A,B,A,B,B,A,skip,skip,skip,skip,skip,A,skip,0.15,turntaking
1307,rotate,3,skip,skip,skip,skip,A,B,skip,skip,skip,skip,A,B,skip,skip,skip,skip,A,B,skip,skip,0.15,turntaking
1307,rotate,4,skip,skip,skip,A,B,skip,skip,skip,skip,A,B,skip,skip,skip,skip,A,B,skip,skip,skip,0.05,turntaking
1307,turntaking,5,A,skip,skip,skip,B,B,A,skip,skip,skip,skip,skip,skip,skip,B,A,B,A,skip,skip,0.15,turntaking
1307,rotate,6,skip,A,B,skip,skip,skip,skip,A,B,skip,skip,skip,skip,A,B,skip,skip,skip,skip,A,0.15,turntaking
1308,rotate,1,A,B,skip,skip,skip,skip,A,B,skip,skip,skip,skip,A,B,skip,skip,skip,skip,A,B,0.05,turntaking
1308,rotate,2,B,skip,skip,skip,skip,A,B,skip,skip,skip,skip,A,B,skip,skip,skip,skip,A,B,skip,0.15,turntaking
1308,turntaking,3,skip,skip,skip,B,B,skip,skip,skip,skip,B,A,skip,skip,skip,skip,B,A,skip,skip,skip,0.15,turntaking
1308,turntaking,4,skip,A,skip,skip,skip,A,A,B,B,skip,skip,A,A,B,B,skip,skip,skip,skip,B,0.15,turntaking
1308,rotate,5,skip,skip,A,B,skip,skip,skip,skip,A,B,skip,skip,skip,skip,A,B,skip,skip,skip,skip,0.15,turntaking
1308,turntaking,6,B,B,B,skip,skip,skip,skip,A,skip,skip,skip,skip,skip,A,skip,skip,skip,A,A,A,0.2,turntaking
1309,turntaking,1,skip,skip,skip,skip,skip,skip,A,skip,skip,skip,skip,A,skip,skip,skip,skip,skip,skip,A,skip,0.15,turntaking
1309,turntaking,2,skip,skip,skip,skip,B,A,skip,skip,skip,skip,A,skip,skip,A,B,A,A,skip,B,skip,0.2,turntaking
1309,turntaking,3,skip,A,B,B,A,skip,skip,skip,B,B,B,B,skip,skip,skip,skip,B,A,skip,skip,0.15,turntaking
1309,rotate,4,skip,skip,skip,A,B,skip,skip,skip,skip,A,B,skip,skip,skip,skip,A,B,skip,skip,skip,0.1,turntaking
1309,rotate,5,skip,skip,A,B,skip,skip,skip,skip,A,B,skip,skip,skip,skip,A,B,skip,skip,skip,skip,0.2,turntaking
1309,rotate,6,skip,A,B,skip,skip,skip,skip,A,B,skip,skip,skip,skip,A,B,skip,skip,skip,skip,A,0.1,turntaking
1310,rotate,1,A,B,skip,skip,skip,skip,A,B,skip,skip,skip,skip,A,B,skip,skip,skip,skip,A,B,0.25,turntaking
1310,turntaking,2,skip,skip,A,B,A,skip,skip,A,skip,skip,skip,A,skip,skip,skip,skip,skip,A,skip,skip,0.2,turntaking
1310,turntaking,3,skip,A,skip,skip,skip,A,skip,skip,skip,B,B,B,skip,skip,skip,skip,skip,B,skip,B,0.2,turntaking
1310,rotate,4,skip,skip,skip,A,B,skip,skip,skip,skip,A,B,skip,skip,skip,skip,A,B,skip,skip,skip,0.15,turntaking
1310,rotate,5,skip,skip,A,B,skip,skip,skip,skip,A,B,skip,skip,skip,skip,A,B,skip,skip,skip,skip,0.05,turntaking
1310,turntaking,6,B,skip,skip,skip,B,B,skip,B,skip,A,A,skip,skip,B,A,B,A,skip,skip,A,0.25,turntaking
1311,turntaking,1,skip,skip,B,B,skip,skip,skip,skip,B,B,skip,skip,skip,A,A,skip,skip,skip,B,B,0.2,turntaking
1311,rotate,2,B,skip,skip,skip,skip,A,B,skip,skip,skip,skip,A,B,skip,skip,skip,skip,A,B,skip,0.2,turntaking
1311,rotate,3,skip,skip,skip,skip,A,B,skip,skip,skip,skip,A,B,skip,skip,skip,skip,A,B,skip,skip,0.15,turntaking
1311,turntaking,4,skip,A,A,skip,skip,skip,B,B,skip,skip,skip,skip,skip,B,skip,skip,A,skip,A,skip,0.2,turntaking
1311,turntaking,5,A,skip,skip,skip,A,B,A,skip,skip,skip,skip,A,A,skip,skip,B,skip,skip,skip,skip,0.2,turntaking
1311,rotate,6,skip,A,B,skip,skip,skip,skip,A,B,skip,skip,skip,skip,A,B,skip,skip,skip,skip,A,0.15,turntaking
1312,rotate,1,A,B,skip,skip,skip,skip,A,B,skip,skip,skip,skip,A,B,skip,skip,skip,skip,A,B,0.2,turntaking
1312,rotate,2,B,skip,skip,skip,skip,A,B,skip,skip,skip,skip,A,B,skip,skip,skip,skip,A,B,skip,0.15,turntaking
1312,turntaking,3,skip,skip,skip,B,skip,skip,skip,skip,B,B,skip,skip,B,A,B,B,skip,A,A,B,0.15,turntaking
1312,turntaking,4,skip,B,B,A,skip,skip,B,A,A,skip,A,skip,skip,skip,skip,skip,A,skip,skip,skip,0.2,turntaking
1312,turntaking,5,A,A,A,skip,skip,B,skip,skip,skip,skip,B,skip,skip,skip,skip,A,skip,skip,B,skip,0.2,turntaking
1312,rotate,6,skip,A,B,skip,skip,skip,skip,A,B,skip,skip,skip,skip,A,B,skip,skip,skip,skip,A,0.05,turntaking
1313,rotate,1,A,B,skip,skip,skip,skip,A,B,skip,skip,skip,skip,A,B,skip,skip,skip,skip,A,B,0.15,turntaking
1313,turntaking,2,skip,skip,skip,skip,A,skip,skip,B,A,skip,skip,skip,B,skip,skip,A,B,B,skip,skip,0.2,turntaking
1313,turntaking,3,skip,skip,B,B,skip,skip,B,skip,skip,skip,B,B,skip,skip,skip,B,skip,skip,A,B,0.2,turntaking
1313,rotate,4,skip,skip,skip,A,B,skip,skip,skip,skip,A,B,skip,skip,skip,skip,A,B,skip,skip,skip,0.1,turntaking
1313,turntaking,5,A,A,A,skip,skip,B,skip,skip,skip,A,A,skip,skip,B,A,skip,skip,A,skip,skip,0.25,turntaking
1313,rotate,6,skip,A,B,skip,skip,skip,skip,A,B,skip,skip,skip,skip,A,B,skip,skip,skip,skip,A,0.25,turntaking
1314,rotate,1,A,B,skip,skip,skip,skip,A,B,skip,skip,skip,skip,A,B,skip,skip,skip,skip,A,B,0.15,turntaking
1314,turntaking,2,skip,skip,skip,skip,A,B,A,B,B,A,skip,skip,B,skip,skip,skip,B,skip,skip,B,0.15,turntaking
1314,rotate,3,skip,skip,skip,skip,A,B,skip,skip,skip,skip,A,B,skip,skip,skip,skip,A,B,skip,skip,0.15,turntaking
1314,turntaking,4,skip,B,B,A,skip,skip,skip,skip,skip,skip,skip,A,skip,skip,B,A,skip,skip,skip,A,0.15,turntaking
1314,turntaking,5,A,A,A,skip,skip,skip,skip,skip,skip,B,skip,skip,skip,skip,A,skip,skip,B,B,skip,0.2,turntaking
1314,rotate,6,skip,A,B,skip,skip,skip,skip,A,B,skip,skip,skip,skip,A,B,skip,skip,skip,skip,A,0.1,turntaking
1315,turntaking,1,skip,skip,skip,A,skip,skip,skip,A,skip,skip,skip,A,A,skip,skip,skip,skip,skip,skip,A,0.2,turntaking
1315,rotate,2,B,skip,skip,skip,skip,A,B,skip,skip,skip,skip,A,B,skip,skip,skip,skip,A,B,skip,0.1,turntaking
1315,rotate,3,skip,skip,skip,skip,A,B,skip,skip,skip,skip,A,B,skip,skip,skip,skip,A,B,skip,skip,0.05,turntaking
1315,turntaking,4,skip,A,skip,skip,skip,skip,A,skip,skip,B,skip,B,B,B,skip,skip,A,B,B,B,0.2,turntaking
1315,rotate,5,skip,skip,A,B,skip,skip,skip,skip,A,B,skip,skip,skip,skip,A,B,skip,skip,skip,skip,0.2,turntaking
1315,turntaking,6,B,B,skip,skip,A,B,B,B,skip,A,skip,skip,skip,skip,A,A,skip,skip,skip,skip,0.2,turntaking
1316,rotate,1,A,B,skip,skip,skip,skip,A,B,skip,skip,skip,skip,A,B,skip,skip,skip,skip,A,B,0.2,turntaking
1316,turntaking,2,skip,skip,skip,skip,A,B,A,B,skip,A,skip,B,skip,B,A,A,B,skip,skip,skip,0.15,turntaking
1316,rotate,3,skip,skip,skip,skip,A,B,skip,skip,skip,skip,A,B,skip,skip,skip,skip,A,B,skip,skip,0.1,turntaking
1316,turntaking,4,skip,B,A,B,B,skip,skip,A,skip,skip,skip,skip,skip,A,skip,skip,skip,B,skip,A,0.2,turntaking
1316,rotate,5,skip,skip,A,B,skip,skip,skip,skip,A,B,skip,skip,skip,skip,A,B,skip,skip,skip,skip,0.1,turntaking
1316,turntaking,6,B,skip,skip,skip,skip,A,skip,skip,skip,B,skip,A,skip,skip,skip,skip,skip,A,skip,skip,0.2,turntaking
1317,turntaking,1,skip,skip,skip,skip,B,B,B,skip,skip,B,A,A,skip,A,skip,skip,skip,skip,skip,A,0.2,turntaking
1317,turntaking,2,skip,skip,A,skip,A,A,skip,skip,B,skip,skip,skip,skip,B,skip,skip,skip,skip,A,skip,0.2,turntaking
1317,rotate,3,skip,skip,skip,skip,A,B,skip,skip,skip,skip,A,B,skip,skip,skip,skip,A,B,skip,skip,0.0,turntaking
1317,rotate,4,skip,skip,skip,A,B,skip,skip,skip,skip,A,B,skip,skip,skip,skip,A,B,skip,skip,skip,0.25,turntaking
1317,rotate,5,skip,skip,A,B,skip,skip,skip,skip,A,B,skip,skip,skip,skip,A,B,skip,skip,skip,skip,0.15,turntaking
1317,turntaking,6,B,skip,skip,skip,skip,skip,A,skip,skip,skip,skip,B,B,skip,skip,B,A,B,B,skip,0.2,turntaking
1318,rotate,1,A,B,skip,skip,skip,skip,A,B,skip,skip,skip,skip,A,B,skip,skip,skip,skip,A,B,0.1,turntaking
1318,rotate,2,B,skip,skip,skip,skip,A,B,skip,skip,skip,skip,A,B,skip,skip,skip,skip,A,B,skip,0.15,turntaking
1318,rotate,3,skip,skip,skip,skip,A,B,skip,skip,skip,skip,A,B,skip,skip,skip,skip,A,B,skip,skip,0.15,turntaking
1318,turntaking,4,skip,skip,A,skip,skip,skip,skip,skip,skip,A,skip,skip,skip,skip,A,skip,skip,skip,A,A,0.2,turntaking
1318,turntaking,5,A,A,skip,skip,A,B,A,A,skip,B,skip,skip,skip,skip,skip,skip,B,skip,skip,skip,0.2,turntaking
1318,turntaking,6,B,B,B,skip,skip,skip,skip,B,A,skip,skip,B,B,skip,B,skip,skip,A,B,B,0.15,turntaking
1319,turntaking,1,skip,skip,skip,A,skip,skip,skip,skip,skip,skip,B,skip,skip,skip,skip,A,skip,skip,skip,skip,0.15,turntaking
1319,rotate,2,B,skip,skip,skip,skip,A,B,skip,skip,skip,skip,A,B,skip,skip,skip,skip,A,B,skip,0.1,turntaking
1319,turntaking,3,skip,A,B,B,B,skip,skip,skip,skip,skip,A,skip,skip,skip,skip,skip,skip,A,B,A,0.1,turntaking
1319,turntaking,4,skip,B,skip,skip,skip,A,B,A,B,A,skip,skip,B,A,B,B,B,skip,A,skip,0.2,turntaking
1319,rotate,5,skip,skip,A,B,skip,skip,skip,skip,A,B,skip,skip,skip,skip,A,B,skip,skip,skip,skip,0.2,turntaking
1319,rotate,6,skip,A,B,skip,skip,skip,skip,A,B,skip,skip,skip,skip,A,B,skip,skip,skip,skip,A,0.0,turntaking
1320,rotate,1,A,B,skip,skip,skip,skip,A,B,skip,skip,skip,skip,A,B,skip,skip,skip,skip,A,B,0.15,turntaking
1320,turntaking,2,skip,skip,B,skip,skip,skip,A,A,skip,A,skip,A,skip,skip,skip,skip,B,A,skip,skip,0.2,turntaking
1320,rotate,3,skip,skip,skip,skip,A,B,skip,skip,skip,skip,A,B,skip,skip,skip,skip,A,B,skip,skip,0.2,turntaking
1320,rotate,4,skip,skip,skip,A,B,skip,skip,skip,skip,A,B,skip,skip,skip,skip,A,B,skip,skip,skip,0.2,turntaking
1320,turntaking,5,A,A,skip,skip,A,A,skip,B,B,skip,skip,skip,skip,B,A,skip,skip,skip,A,A,0.25,turntaking
1320,turntaking,6,B,skip,skip,B,skip,skip,B,skip,skip,skip,skip,B,B,skip,skip,skip,skip,skip,B,skip,0.25,turntaking
1321,random3,1,B,B,B,A,A,A,A,A,B,B,B,B,B,B,B,B,A,A,A,A,0.0,turntaking
1321,random3,2,B,B,B,B,B,A,A,A,B,B,A,B,B,B,B,B,A,A,B,A,0.0,turntaking
1321,turntaking,3,skip,skip,B,B,B,B,A,A,A,skip,A,A,skip,A,A,A,skip,skip,skip,skip,0.15,turntaking
1321,turntaking,4,skip,B,A,A,A,A,B,B,B,B,B,B,B,B,B,B,B,B,B,B,0.1,turntaking
1321,turntaking,5,A,skip,skip,skip,skip,skip,skip,skip,skip,A,skip,skip,A,skip,skip,skip,A,A,A,A,0.15,turntaking
1321,random3,6,B,A,A,B,B,B,B,B,B,B,B,B,B,A,A,B,A,A,B,B,0.05,turntaking
1322,turntaking,1,skip,skip,skip,B,A,A,A,B,B,B,B,B,B,B,B,B,B,B,B,B,0.0,turntaking
1322,random3,2,B,B,B,B,B,A,A,A,A,A,A,A,A,A,A,B,B,B,B,B,0.0,turntaking
1322,turntaking,3,skip,A,B,A,skip,skip,skip,skip,skip,skip,skip,skip,skip,skip,skip,skip,skip,skip,skip,skip,0.05,turntaking
1322,turntaking,4,skip,B,A,skip,B,B,B,A,A,A,A,A,A,A,A,A,A,A,A,A,0.05,turntaking
1322,random3,5,B,B,B,B,A,A,A,A,A,A,A,B,B,A,A,A,A,A,B,B,0.0,turntaking
1322,random3,6,A,A,B,B,B,B,B,B,B,B,B,B,B,B,B,B,A,A,A,A,0.05,turntaking
1323,random3,1,A,A,B,B,B,B,B,B,A,A,A,A,A,A,B,B,B,B,A,B,0.0,turntaking
1323,random3,2,B,A,A,A,A,A,B,A,A,A,B,B,B,A,B,A,A,A,A,B,0.0,turntaking
1323,random3,3,A,A,A,A,A,B,A,A,A,B,A,A,A,A,A,A,A,A,A,B,0.0,turntaking
1323,turntaking,4,skip,skip,A,A,A,B,B,B,B,skip,skip,skip,skip,skip,B,B,B,B,B,skip,0.1,turntaking
1323,turntaking,5,A,A,B,B,B,A,A,A,A,A,A,A,A,A,A,A,A,A,A,A,0.05,turntaking
1323,turntaking,6,B,B,skip,skip,skip,skip,skip,skip,skip,B,B,B,B,B,skip,skip,skip,skip,skip,B,0.1,turntaking
1324,turntaking,1,skip,skip,skip,skip,skip,skip,skip,skip,skip,skip,skip,skip,skip,skip,skip,B,B,skip,B,B,0.05,turntaking
1324,turntaking,2,skip,skip,A,A,B,B,B,B,B,B,B,B,B,B,B,skip,skip,B,skip,skip,0.1,turntaking
1324,random3,3,A,B,B,B,B,B,B,B,B,B,B,B,B,B,A,B,A,A,A,A,0.0,turntaking
1324,turntaking,4,skip,B,B,B,A,A,A,A,A,A,A,A,A,A,A,A,A,A,A,A,0.0,turntaking
1324,random3,5,A,A,A,A,A,A,A,A,B,B,A,A,A,A,A,A,A,A,B,B,0.05,turntaking
1324,random3,6,B,B,A,A,A,A,A,A,A,A,A,A,A,A,A,A,A,A,B,B,0.05,turntaking
1325,turntaking,1,skip,skip,skip,A,A,B,B,B,B,B,B,B,B,B,B,B,B,B,B,A,0.0,turntaking
1325,random3,2,B,A,A,A,B,B,B,A,A,A,A,A,B,B,A,A,A,A,A,A,0.0,turntaking
1325,turntaking,3,skip,skip,A,B,B,A,A,A,A,A,A,A,A,A,A,A,A,A,A,B,0.0,turntaking
1325,random3,4,A,A,A,A,A,A,A,A,A,A,A,A,A,A,B,B,B,B,B,B,0.0,turntaking
1325,turntaking,5,A,B,skip,skip,skip,skip,skip,skip,skip,skip,skip,skip,skip,skip,skip,skip,skip,skip,skip,skip,0.05,turntaking
1325,random3,6,B,A,B,B,B,B,B,B,B,B,B,B,B,B,B,B,B,B,B,A,0.05,turntaking
1326,turntaking,1,skip,skip,skip,skip,skip,skip,A,A,A,A,A,A,skip,skip,A,A,A,B,B,B,0.05,turntaking
1326,random3,2,B,B,A,A,A,B,A,A,A,A,A,B,A,A,A,A,A,B,B,B,0.0,turntaking
1326,random3,3,B,B,B,B,B,B,A,B,B,B,B,B,B,A,B,B,A,A,A,A,0.0,turntaking
1326,random3,4,A,A,B,B,B,B,B,B,B,B,B,B,A,A,A,A,A,B,B,B,0.0,turntaking
1326,turntaking,5,A,B,B,A,A,A,skip,skip,skip,skip,skip,skip,A,A,B,B,B,skip,skip,skip,0.1,turntaking
1326,turntaking,6,B,A,A,B,B,B,B,B,B,B,B,B,B,B,skip,skip,skip,A,A,A,0.05,turntaking
1327,turntaking,1,skip,skip,skip,skip,skip,skip,B,skip,skip,skip,skip,skip,skip,B,A,skip,A,skip,skip,skip,0.15,turntaking
1327,turntaking,2,skip,skip,skip,skip,A,B,skip,B,B,B,B,B,B,A,skip,B,B,B,B,B,0.1,turntaking
1327,random3,3,B,B,B,A,A,A,A,A,A,A,B,B,B,B,B,B,B,B,B,B,0.0,turntaking
1327,random3,4,A,A,A,A,B,A,A,B,B,B,B,A,B,B,B,B,B,A,A,A,0.0,turntaking
1327,turntaking,5,A,A,A,A,B,A,A,A,A,A,A,A,A,skip,B,A,skip,A,A,A,0.1,turntaking
1327,random3,6,B,B,B,B,B,A,A,A,A,A,A,A,B,B,B,B,B,A,A,A,0.05,turntaking
1328,turntaking,1,skip,skip,skip,skip,skip,skip,skip,skip,skip,skip,B,B,B,A,skip,skip,B,B,B,B,0.05,turntaking
1328,turntaking,2,skip,A,A,A,A,A,A,A,B,B,skip,skip,skip,B,B,B,skip,skip,skip,skip,0.1,turntaking
1328,random3,3,A,A,B,B,B,B,A,A,A,A,B,A,B,B,A,A,B,A,A,A,0.0,turntaking
1328,random3,4,A,A,A,A,A,A,A,A,A,A,B,B,B,B,B,A,A,A,A,A,0.0,turntaking
1328,random3,5,B,B,B,B,B,A,B,B,B,A,A,A,B,B,A,A,B,B,B,B,0.0,turntaking
1328,turntaking,6,B,B,B,B,B,B,B,B,A,A,A,A,A,skip,A,A,A,A,A,A,0.05,turntaking
1329,random3,1,B,B,B,B,A,B,B,B,A,A,A,A,A,A,A,A,A,A,B,A,0.0,turntaking
1329,turntaking,2,skip,skip,skip,skip,B,A,A,A,A,A,A,A,B,skip,skip,skip,skip,skip,skip,skip,0.05,turntaking
1329,turntaking,3,skip,A,B,B,A,B,B,B,B,B,B,B,skip,A,A,A,A,A,A,A,0.05,turntaking
1329,turntaking,4,skip,B,A,A,skip,skip,skip,skip,skip,skip,skip,skip,A,B,B,B,B,B,B,B,0.05,turntaking
1329,random3,5,B,B,B,B,B,B,A,A,A,B,B,A,A,B,B,A,A,B,B,B,0.0,turntaking
1329,random3,6,A,A,A,B,A,A,A,B,B,B,B,A,A,B,B,B,B,B,A,A,0.05,turntaking
1330,random3,1,B,B,B,B,B,B,B,B,B,B,A,A,A,A,A,B,A,A,A,A,0.0,turntaking
1330,random3,2,A,B,B,B,B,B,B,B,B,A,A,B,B,A,A,A,A,B,B,B,0.0,turntaking
1330,turntaking,3,skip,skip,skip,skip,skip,skip,skip,skip,A,skip,skip,skip,skip,skip,skip,A,A,B,B,B,0.05,turntaking
1330,random3,4,B,A,A,A,A,A,A,B,B,B,B,B,B,B,A,A,A,B,B,B,0.0,turntaking
1330,turntaking,5,A,B,B,A,A,A,A,A,skip,A,A,A,A,A,A,B,B,skip,skip,skip,0.1,turntaking
1330,turntaking,6,B,A,A,B,B,B,B,B,B,B,B,B,B,B,B,skip,skip,A,A,A,0.05,turntaking
1331,turntaking,1,skip,skip,skip,A,B,B,B,B,B,B,B,B,B,B,B,B,B,B,B,B,0.0,turntaking
1331,random3,2,B,B,B,B,B,B,B,B,B,B,B,B,B,A,B,B,B,B,A,B,0.05,turntaking
1331,turntaking,3,skip,skip,A,skip,skip,skip,skip,skip,skip,skip,skip,skip,skip,skip,skip,A,A,A,A,A,0.05,turntaking
1331,random3,4,A,A,B,A,A,A,A,A,A,A,A,A,B,B,B,A,A,A,A,A,0.0,turntaking
1331,random3,5,A,A,B,A,A,A,A,A,A,B,B,A,A,B,B,B,B,A,B,B,0.0,turntaking
1331,turntaking,6,B,A,B,B,A,A,A,A,A,A,A,A,A,A,A,skip,skip,skip,skip,skip,0.05,turntaking
1332,random3,1,A,A,A,A,A,A,B,B,B,B,B,B,B,B,B,B,B,B,B,B,0.0,turntaking
1332,turntaking,2,skip,skip,skip,skip,skip,skip,B,B,B,B,B,B,B,B,B,B,B,B,B,B,0.0,turntaking
1332,turntaking,3,skip,skip,skip,A,B,B,skip,skip,skip,skip,skip,A,skip,skip,skip,skip,skip,A,A,A,0.1,turntaking
1332,random3,4,B,B,A,B,B,A,B,B,B,B,B,B,B,B,B,A,B,A,A,B,0.0,turntaking
1332,turntaking,5,A,A,A,B,A,A,A,A,A,A,A,skip,A,A,A,A,A,skip,skip,skip,0.1,turntaking
1332,random3,6,B,B,B,B,A,A,A,A,A,A,B,B,A,A,A,A,B,A,A,A,0.05,turntaking
1333,random3,1,B,B,B,B,B,A,A,A,A,B,B,B,B,B,B,A,A,B,B,B,0.0,turntaking
1333,turntaking,2,skip,B,B,A,B,B,B,B,A,A,A,A,A,A,A,A,A,A,A,A,0.0,turntaking
1333,random3,3,B,A,A,A,B,B,B,B,A,A,B,A,A,A,B,B,B,B,A,A,0.0,turntaking
1333,random3,4,B,A,A,A,B,A,A,A,A,A,A,A,A,A,A,B,B,A,A,A,0.0,turntaking
1333,turntaking,5,A,skip,skip,skip,skip,A,A,A,B,skip,skip,skip,skip,skip,skip,skip,skip,skip,skip,skip,0.1,turntaking
1333,turntaking,6,B,A,A,B,A,skip,skip,skip,skip,B,B,B,B,B,B,B,B,B,B,B,0.05,turntaking
1334,turntaking,1,skip,skip,skip,skip,skip,A,skip,skip,skip,skip,skip,skip,skip,skip,skip,skip,skip,skip,skip,skip,0.05,turntaking
1334,random3,2,A,A,B,B,B,B,B,A,A,A,A,A,A,A,B,B,B,B,B,A,0.0,turntaking
1334,random3,3,B,A,A,A,B,B,B,B,B,B,B,B,B,B,A,A,A,A,A,A,0.0,turntaking
1334,turntaking,4,skip,skip,A,A,A,skip,B,A,A,A,A,A,A,A,A,A,A,A,A,A,0.05,turntaking
1334,random3,5,A,B,B,B,B,B,A,A,B,B,B,B,B,A,A,B,A,A,B,B,0.0,turntaking
1334,turntaking,6,B,B,B,B,B,B,A,B,B,B,B,B,B,B,B,B,B,B,B,B,0.0,turntaking
1335,random3,1,B,B,B,B,B,B,B,B,B,A,A,A,A,A,A,A,A,B,A,A,0.0,turntaking
1335,random3,2,A,A,A,A,A,A,A,A,A,A,A,A,A,B,B,B,A,A,B,B,0.05,turntaking
1335,turntaking,3,skip,skip,skip,skip,skip,skip,skip,skip,skip,skip,skip,skip,skip,B,B,B,B,B,B,A,0.0,turntaking
1335,turntaking,4,skip,B,B,B,B,A,A,A,A,A,A,A,B,skip,skip,skip,skip,skip,skip,skip,0.05,turntaking
1335,random3,5,B,B,B,B,B,A,A,A,A,B,B,B,A,B,B,B,B,B,B,B,0.0,turntaking
1335,turntaking,6,B,A,A,A,A,B,B,B,B,B,B,B,A,A,A,A,A,A,A,B,0.0,turntaking
1336,random3,1,A,A,B,A,A,A,B,B,A,B,B,B,A,A,A,B,B,B,A,A,0.0,turntaking
1336,turntaking,2,skip,skip,skip,skip,skip,skip,A,skip,skip,skip,skip,skip,skip,skip,skip,skip,skip,skip,skip,skip,0.05,turntaking
1336,random3,3,B,B,B,B,B,B,B,B,B,B,B,B,B,B,B,A,A,A,A,B,0.05,turntaking
1336,turntaking,4,skip,skip,skip,B,B,A,B,B,B,B,B,B,B,B,B,B,B,B,B,B,0.0,turntaking
1336,turntaking,5,A,A,A,skip,skip,skip,skip,A,A,A,A,A,A,A,A,A,A,A,A,A,0.05,turntaking
1336,random3,6,B,B,B,A,A,A,B,A,A,A,A,A,B,B,B,B,B,B,B,B,0.0,turntaking
1337,turntaking,1,skip,skip,A,A,B,B,B,B,A,A,A,A,A,A,A,A,A,A,A,A,0.0,turntaking
1337,random3,2,B,A,B,B,B,B,B,B,B,A,B,B,B,A,A,B,B,A,A,B,0.0,turntaking
1337,random3,3,B,A,A,B,B,B,B,B,B,A,A,A,B,B,B,B,B,B,A,A,0.0,turntaking
1337,turntaking,4,skip,B,skip,skip,skip,skip,skip,skip,skip,skip,B,B,B,B,B,B,B,B,B,skip,0.1,turntaking
1337,turntaking,5,A,A,B,B,A,A,A,A,B,B,skip,skip,skip,skip,skip,skip,skip,skip,skip,B,0.05,turntaking
1337,random3,6,A,A,A,A,A,A,A,A,A,A,A,A,A,A,A,A,A,A,A,B,0.0,turntaking
1338,random3,1,A,A,A,A,A,B,B,B,B,A,B,A,A,A,A,A,A,A,A,A,0.05,turntaking
1338,turntaking,2,skip,skip,skip,skip,skip,skip,skip,A,A,A,A,A,B,skip,A,A,A,A,A,A,0.05,turntaking
1338,turntaking,3,skip,B,B,B,B,A,A,skip,skip,skip,skip,skip,A,B,skip,B,B,B,B,B,0.1,turntaking
1338,random3,4,B,B,B,B,B,B,B,B,B,B,B,A,A,A,A,A,A,A,A,A,0.0,turntaking
1338,random3,5,B,B,B,B,A,A,B,A,A,A,A,A,A,A,A,B,B,B,B,B,0.0,turntaking
1338,turntaking,6,B,A,A,A,A,B,B,B,B,B,B,B,skip,A,B,skip,skip,skip,skip,skip,0.1,turntaking
1339,turntaking,1,skip,skip,skip,skip,skip,skip,skip,skip,skip,skip,skip,skip,skip,skip,skip,skip,skip,skip,skip,skip,0.0,random3
1339,turntaking,2,skip,skip,B,A,A,B,B,B,B,B,B,B,B,B,B,B,B,B,B,B,0.0,random3
1339,turntaking,3,skip,A,A,B,B,A,A,A,A,A,A,A,A,A,A,A,A,A,A,A,0.0,random3
1339,random3,4,A,A,A,A,A,A,A,A,A,B,B,B,B,B,B,B,B,B,B,B,0.05,random3
1339,random3,5,B,B,B,B,B,B,B,B,B,A,A,B,B,B,B,A,A,A,A,A,0.05,random3
1339,random3,6,B,A,A,A,A,A,A,A,A,A,A,A,A,A,A,A,B,B,A,A,0.0,random3
1340,random3,1,B,B,B,B,B,B,B,B,B,B,B,A,A,A,B,B,B,B,B,B,0.0,turntaking
1340,turntaking,2,skip,skip,skip,skip,skip,skip,skip,skip,skip,skip,skip,skip,B,B,B,B,B,A,skip,skip,0.05,turntaking
1340,random3,3,A,A,A,A,A,A,A,A,A,A,A,A,A,A,A,A,B,B,A,A,0.05,turntaking
1340,turntaking,4,skip,B,B,B,B,B,B,B,B,B,B,B,skip,skip,skip,skip,skip,B,A,A,0.05,turntaking
1340,random3,5,B,A,A,A,A,A,A,A,A,A,A,A,B,B,A,B,B,B,B,B,0.0,turntaking
1340,turntaking,6,B,A,A,A,A,A,A,A,A,A,A,A,A,A,A,A,A,skip,B,B,0.05,turntaking
1341,turntaking,1,skip,skip,skip,skip,skip,B,A,skip,B,A,skip,A,A,A,skip,skip,skip,A,A,skip,0.2,turntaking
1341,turntaking,2,skip,skip,skip,A,skip,skip,skip,B,skip,skip,A,B,skip,skip,skip,skip,B,B,skip,skip,0.2,turntaking
1341,radicaleq,3,skip,skip,skip,skip,B,skip,skip,skip,B,B,skip,skip,skip,skip,B,A,B,A,B,B,0.15,turntaking
1341,turntaking,4,skip,B,skip,skip,skip,A,skip,skip,A,skip,skip,skip,skip,skip,B,A,A,skip,skip,B,0.2,turntaking
1341,radicaleq,5,skip,skip,skip,skip,skip,B,B,skip,skip,skip,A,A,A,B,A,skip,skip,skip,skip,A,0.2,turntaking
1341,radicaleq,6,skip,skip,skip,skip,skip,skip,skip,A,skip,skip,B,skip,skip,skip,skip,B,skip,skip,skip,skip,0.15,turntaking
1342,radicaleq,1,A,skip,skip,skip,skip,skip,skip,skip,skip,skip,B,skip,skip,skip,skip,skip,skip,skip,skip,skip,0.1,turntaking
1342,turntaking,2,skip,skip,skip,A,A,A,A,A,A,B,A,skip,skip,skip,skip,skip,skip,skip,skip,skip,0.1,turntaking
1342,turntaking,3,skip,B,skip,skip,skip,skip,B,skip,skip,skip,skip,B,A,A,A,A,A,A,A,A,0.1,turntaking
1342,turntaking,4,skip,A,skip,skip,B,skip,skip,skip,skip,skip,skip,A,B,B,B,B,B,B,B,B,0.1,turntaking
1342,radicaleq,5,skip,skip,A,skip,skip,skip,skip,skip,skip,skip,skip,B,B,B,B,B,B,B,B,B,0.05,turntaking
1342,radicaleq,6,skip,skip,skip,A,A,A,A,A,A,A,skip,A,A,A,A,A,A,A,A,A,0.05,turntaking
1343,turntaking,1,skip,skip,skip,skip,A,skip,skip,A,skip,skip,skip,skip,skip,skip,skip,skip,skip,skip,skip,skip,0.1,turntaking
1343,turntaking,2,skip,skip,A,skip,skip,A,B,skip,A,A,A,A,A,A,A,A,A,A,A,A,0.1,turntaking
1343,radicaleq,3,skip,skip,skip,B,skip,skip,skip,B,skip,skip,skip,skip,skip,skip,skip,skip,skip,skip,skip,skip,0.1,turntaking
1343,radicaleq,4,skip,skip,skip,skip,B,skip,skip,skip,A,A,A,A,A,A,A,A,A,A,A,A,0.05,turntaking
1343,radicaleq,5,skip,skip,skip,skip,skip,A,A,skip,B,B,B,B,B,B,B,B,B,B,B,B,0.05,turntaking
1343,turntaking,6,B,skip,skip,skip,skip,B,skip,skip,B,B,B,B,B,B,B,B,B,B,B,B,0.1,turntaking
1344,radicaleq,1,A,skip,skip,skip,skip,skip,B,skip,skip,skip,skip,skip,skip,skip,skip,skip,skip,skip,skip,skip,0.1,turntaking
1344,radicaleq,2,B,A,A,B,B,A,skip,A,A,B,A,B,A,B,A,B,A,B,A,B,0.05,turntaking
1344,turntaking,3,skip,skip,skip,B,B,B,skip,skip,skip,skip,skip,skip,skip,skip,skip,skip,skip,skip,skip,skip,0.05,turntaking
1344,turntaking,4,skip,A,A,A,skip,skip,skip,B,B,A,B,A,B,A,B,A,B,A,B,A,0.05,turntaking
1344,radicaleq,5,skip,skip,skip,skip,skip,skip,A,B,B,A,B,A,B,A,B,A,B,A,B,A,0.0,turntaking
1344,turntaking,6,B,B,skip,skip,skip,skip,A,A,A,B,A,B,A,B,A,B,A,B,A,B,0.05,turntaking
1345,turntaking,1,skip,skip,skip,skip,skip,A,B,skip,A,B,skip,B,B,B,skip,skip,skip,B,B,skip,0.2,turntaking
1345,turntaking,2,skip,skip,skip,B,skip,skip,skip,A,skip,skip,B,A,skip,skip,skip,skip,A,A,skip,skip,0.2,turntaking
1345,turntaking,3,skip,A,skip,skip,skip,B,skip,skip,B,skip,skip,skip,skip,skip,A,B,B,skip,skip,A,0.2,turntaking
1345,radicaleq,4,skip,skip,skip,skip,A,skip,skip,skip,A,A,skip,skip,skip,skip,A,B,A,B,A,A,0.15,turntaking
1345,radicaleq,5,skip,skip,skip,skip,skip,A,A,skip,skip,skip,B,B,B,A,B,skip,skip,skip,skip,B,0.2,turntaking
1345,radicaleq,6,skip,skip,skip,skip,skip,skip,skip,B,skip,skip,A,skip,skip,skip,skip,A,skip,skip,skip,skip,0.15,turntaking
1346,turntaking,1,skip,skip,skip,skip,skip,A,skip,skip,skip,A,skip,skip,skip,skip,B,B,B,B,B,B,0.1,turntaking
1346,radicaleq,2,B,B,B,B,skip,skip,skip,skip,B,B,A,skip,skip,skip,B,B,B,B,B,B,0.1,turntaking
1346,turntaking,3,skip,skip,skip,skip,A,skip,skip,skip,B,B,B,skip,A,B,skip,skip,skip,skip,skip,skip,0.15,turntaking
1346,radicaleq,4,skip,skip,skip,skip,skip,B,skip,skip,skip,skip,skip,A,A,A,skip,skip,skip,skip,skip,skip,0.1,turntaking
1346,radicaleq,5,skip,skip,skip,skip,skip,skip,A,A,skip,skip,skip,B,skip,skip,skip,skip,skip,skip,skip,skip,0.1,turntaking
1346,turntaking,6,B,B,B,A,skip,skip,A,B,skip,skip,skip,A,B,skip,skip,A,skip,skip,skip,skip,0.2,turntaking
1347,radicaleq,1,A,skip,skip,A,B,B,skip,skip,skip,skip,skip,A,skip,skip,A,A,A,A,A,A,0.15,turntaking
1347,turntaking,2,skip,skip,B,skip,skip,skip,A,A,A,A,B,B,A,skip,skip,skip,skip,skip,skip,skip,0.15,turntaking
1347,turntaking,3,skip,A,skip,skip,B,A,skip,skip,skip,B,skip,skip,skip,skip,B,B,B,B,B,A,0.15,turntaking
1347,radicaleq,4,skip,skip,A,skip,skip,skip,A,A,A,A,A,skip,skip,A,skip,skip,skip,skip,skip,skip,0.15,turntaking
1347,radicaleq,5,skip,skip,skip,B,skip,skip,skip,skip,skip,skip,skip,B,B,B,B,B,B,B,B,B,0.05,turntaking
1347,turntaking,6,B,skip,skip,A,A,skip,skip,B,skip,skip,skip,skip,B,B,A,A,A,A,A,B,0.15,turntaking
1348,radicaleq,1,A,B,B,A,skip,B,B,B,B,B,B,B,B,B,B,B,B,B,B,B,0.05,turntaking
1348,turntaking,2,skip,skip,skip,skip,A,skip,skip,skip,skip,skip,skip,skip,skip,skip,skip,skip,skip,skip,skip,skip,0.05,turntaking
1348,radicaleq,3,skip,skip,skip,skip,B,skip,skip,skip,skip,skip,skip,skip,skip,skip,skip,skip,skip,skip,skip,skip,0.05,turntaking
1348,turntaking,4,skip,B,B,B,skip,A,A,A,A,A,B,B,A,A,A,A,A,A,A,A,0.05,turntaking
1348,turntaking,5,A,A,skip,skip,skip,B,B,B,B,B,A,A,B,B,B,B,B,B,B,B,0.05,turntaking
1348,radicaleq,6,skip,skip,skip,skip,skip,A,A,A,A,A,A,A,A,A,A,A,A,A,A,A,0.0,turntaking
1349,radicaleq,1,A,skip,skip,skip,skip,skip,skip,skip,A,A,A,A,A,B,A,B,A,B,A,B,0.05,turntaking
1349,turntaking,2,skip,skip,skip,B,B,B,B,A,A,A,A,A,A,B,A,B,A,B,A,B,0.05,turntaking
1349,radicaleq,3,skip,B,B,skip,skip,skip,skip,skip,skip,skip,skip,skip,skip,skip,skip,skip,skip,skip,skip,skip,0.05,turntaking
1349,turntaking,4,skip,B,A,skip,skip,A,skip,skip,skip,skip,skip,skip,skip,skip,skip,skip,skip,skip,skip,skip,0.1,turntaking
1349,radicaleq,5,skip,skip,skip,B,B,B,B,B,skip,skip,skip,skip,skip,skip,skip,skip,skip,skip,skip,skip,0.05,turntaking
1349,turntaking,6,B,skip,skip,A,skip,skip,skip,skip,skip,skip,skip,skip,skip,skip,skip,skip,skip,skip,skip,skip,0.1,turntaking
1350,turntaking,1,skip,skip,skip,B,B,B,B,B,B,A,B,A,skip,skip,skip,skip,A,skip,skip,skip,0.15,turntaking
1350,radicaleq,2,B,skip,skip,skip,skip,skip,skip,skip,skip,skip,B,B,A,skip,skip,skip,B,skip,skip,skip,0.15,turntaking
1350,turntaking,3,skip,A,skip,skip,skip,skip,A,skip,skip,skip,skip,skip,skip,B,skip,skip,skip,B,B,B,0.15,turntaking
1350,turntaking,4,skip,B,skip,skip,A,skip,skip,skip,skip,skip,skip,B,skip,A,A,B,skip,A,A,A,0.15,turntaking
1350,radicaleq,5,skip,skip,B,skip,skip,skip,skip,skip,skip,skip,skip,skip,B,skip,skip,skip,skip,A,A,A,0.1,turntaking
1350,radicaleq,6,skip,skip,skip,B,B,B,B,B,B,B,skip,skip,skip,A,A,A,skip,B,B,B,0.1,turntaking
1351,turntaking,1,skip,skip,skip,skip,A,skip,skip,A,skip,skip,skip,skip,skip,skip,skip,skip,skip,skip,skip,skip,0.1,turntaking
1351,radicaleq,2,B,B,B,B,skip,skip,skip,B,skip,skip,skip,skip,skip,skip,skip,skip,skip,skip,skip,skip,0.1,turntaking
1351,radicaleq,3,skip,skip,skip,skip,B,skip,skip,skip,A,A,A,A,A,A,A,A,A,A,A,A,0.05,turntaking
1351,turntaking,4,skip,A,skip,skip,skip,B,skip,skip,B,B,B,B,A,A,A,A,A,A,A,B,0.1,turntaking
1351,radicaleq,5,skip,skip,skip,skip,skip,A,A,skip,B,B,B,B,B,B,B,B,B,B,B,B,0.05,turntaking
1351,turntaking,6,B,B,B,A,skip,A,B,skip,A,A,A,A,B,B,B,B,B,B,B,A,0.1,turntaking
1352,turntaking,1,skip,skip,skip,A,A,A,A,B,B,skip,skip,skip,A,A,skip,A,B,B,A,skip,0.2,turntaking
1352,radicaleq,2,B,skip,skip,skip,skip,skip,skip,skip,A,skip,skip,skip,A,A,A,skip,skip,skip,skip,A,0.2,turntaking
1352,radicaleq,3,skip,A,A,skip,skip,skip,skip,skip,skip,B,B,B,skip,skip,skip,A,A,skip,skip,skip,0.15,turntaking
1352,turntaking,4,skip,A,B,skip,skip,B,skip,skip,skip,skip,B,A,skip,skip,skip,B,skip,skip,skip,skip,0.2,turntaking
1352,turntaking,5,A,skip,skip,B,skip,skip,skip,skip,skip,B,A,skip,skip,B,skip,skip,skip,skip,B,skip,0.2,turntaking
1352,radicaleq,6,skip,skip,skip,A,A,A,A,A,skip,A,skip,skip,skip,skip,skip,skip,skip,B,B,B,0.15,turntaking
1353,turntaking,1,skip,skip,A,skip,skip,A,skip,skip,skip,skip,A,B,B,skip,skip,skip,B,B,skip,skip,0.2,turntaking
1353,radicaleq,2,B,skip,skip,skip,B,B,A,skip,skip,skip,skip,skip,skip,A,B,A,B,A,A,B,0.15,turntaking
1353,turntaking,3,skip,B,skip,skip,B,B,B,skip,A,A,B,skip,skip,skip,skip,A,A,skip,skip,skip,0.2,turntaking
1353,radicaleq,4,skip,skip,B,skip,skip,skip,skip,A,A,A,A,B,A,B,skip,skip,skip,skip,B,skip,0.2,turntaking
1353,turntaking,5,A,skip,skip,B,skip,skip,skip,A,B,skip,skip,skip,skip,A,B,B,skip,skip,A,B,0.2,turntaking
1353,radicaleq,6,skip,skip,skip,A,skip,skip,skip,B,skip,skip,skip,skip,skip,skip,A,skip,skip,skip,skip,A,0.2,turntaking
1354,turntaking,1,skip,skip,skip,skip,A,skip,skip,skip,A,skip,skip,skip,skip,skip,skip,skip,skip,skip,skip,skip,0.1,turntaking
1354,radicaleq,2,B,B,B,B,skip,skip,skip,skip,B,skip,skip,skip,skip,skip,skip,skip,skip,skip,skip,skip,0.1,turntaking
1354,radicaleq,3,skip,skip,skip,skip,B,skip,skip,skip,skip,A,A,A,A,A,A,A,A,A,A,A,0.05,turntaking
1354,radicaleq,4,skip,skip,skip,skip,skip,A,A,A,skip,B,B,B,B,B,B,B,B,B,B,B,0.05,turntaking
1354,turntaking,5,A,skip,skip,skip,skip,A,B,skip,skip,B,B,B,B,B,B,B,A,A,A,B,0.1,turntaking
1354,turntaking,6,B,B,B,A,skip,skip,A,B,skip,A,A,A,A,A,A,A,B,B,B,A,0.1,turntaking
1355,radicaleq,1,A,B,skip,A,skip,skip,skip,skip,skip,skip,skip,A,skip,skip,skip,skip,A,A,A,A,0.15,turntaking
1355,turntaking,2,skip,skip,B,skip,skip,skip,A,A,A,A,B,skip,B,B,A,skip,skip,skip,skip,skip,0.15,turntaking
1355,radicaleq,3,skip,skip,A,skip,skip,skip,A,A,A,A,A,skip,skip,skip,skip,A,skip,skip,skip,skip,0.15,turntaking
1355,radicaleq,4,skip,skip,skip,B,A,B,skip,skip,skip,skip,skip,B,B,B,B,B,B,B,B,B,0.1,turntaking
1355,turntaking,5,A,A,skip,skip,A,A,skip,skip,skip,skip,skip,B,A,skip,skip,skip,skip,B,B,B,0.15,turntaking
1355,turntaking,6,B,skip,skip,B,B,skip,B,skip,skip,skip,skip,skip,skip,skip,B,B,A,A,A,A,0.15,turntaking
1356,radicaleq,1,A,B,skip,skip,A,skip,skip,skip,skip,skip,skip,skip,skip,skip,skip,A,skip,skip,skip,skip,0.15,turntaking
1356,turntaking,2,skip,skip,skip,B,skip,skip,skip,A,A,A,A,A,A,A,B,skip,B,B,A,skip,0.15,turntaking
1356,turntaking,3,skip,skip,B,skip,skip,A,A,skip,skip,skip,skip,skip,skip,skip,skip,B,A,skip,skip,skip,0.15,turntaking
1356,radicaleq,4,skip,skip,skip,A,skip,skip,skip,A,A,A,A,A,A,A,A,skip,skip,skip,skip,A,0.15,turntaking
1356,turntaking,5,A,A,skip,skip,B,B,skip,skip,B,skip,skip,skip,skip,skip,skip,skip,skip,skip,B,B,0.15,turntaking
1356,radicaleq,6,skip,skip,skip,skip,B,A,B,skip,skip,skip,skip,skip,skip,skip,skip,B,B,B,B,B,0.05,turntaking
1357,turntaking,1,skip,skip,skip,skip,B,skip,skip,B,skip,skip,skip,skip,skip,skip,skip,skip,skip,skip,skip,skip,0.1,turntaking
1357,turntaking,2,skip,skip,B,skip,skip,B,A,skip,B,B,B,B,B,B,B,B,B,B,B,B,0.1,turntaking
1357,radicaleq,3,skip,skip,skip,A,skip,skip,skip,A,skip,skip,skip,skip,skip,skip,skip,skip,skip,skip,skip,skip,0.1,turntaking
1357,radicaleq,4,skip,skip,skip,skip,A,skip,skip,skip,B,B,B,B,B,B,B,B,B,B,B,B,0.05,turntaking
1357,turntaking,5,A,skip,skip,skip,skip,A,skip,skip,A,A,A,A,A,A,A,A,A,A,A,A,0.1,turntaking
1357,radicaleq,6,skip,skip,skip,skip,skip,B,B,skip,A,A,A,A,A,A,A,A,A,A,A,A,0.05,turntaking
1358,radicaleq,1,A,A,A,A,A,A,A,A,A,A,A,A,A,A,A,A,A,A,A,A,0.0,draw
1358,radicaleq,2,B,B,B,B,B,B,B,B,B,B,B,B,B,B,B,B,B,B,B,B,0.0,draw
1358,turntaking,3,skip,skip,skip,skip,skip,skip,skip,skip,skip,skip,skip,skip,skip,skip,skip,skip,skip,skip,skip,skip,0.0,draw
1358,radicaleq,4,skip,skip,skip,skip,skip,skip,skip,skip,skip,skip,skip,skip,skip,skip,skip,skip,skip,skip,skip,skip,0.0,draw
1358,turntaking,5,A,A,A,A,A,A,A,A,A,A,A,A,A,A,A,A,A,A,A,A,0.0,draw
1358,turntaking,6,B,B,B,B,B,B,B,B,B,B,B,B,B,B,B,B,B,B,B,B,0.0,draw
1359,radicaleq,1,A,B,B,A,A,B,A,skip,skip,skip,skip,A,B,B,A,B,A,skip,skip,skip,0.2,turntaking
1359,radicaleq,2,B,skip,skip,skip,skip,skip,skip,B,skip,skip,skip,skip,A,skip,skip,skip,skip,B,B,B,0.15,turntaking
1359,turntaking,3,skip,skip,skip,A,A,A,skip,skip,skip,A,A,skip,skip,skip,A,A,skip,skip,skip,skip,0.15,turntaking
1359,turntaking,4,skip,B,B,B,skip,skip,skip,skip,B,B,skip,skip,skip,B,B,skip,skip,A,A,A,0.15,turntaking
1359,turntaking,5,A,A,skip,skip,skip,skip,B,A,A,skip,skip,A,B,A,skip,skip,B,B,B,B,0.15,turntaking
1359,radicaleq,6,skip,skip,skip,skip,skip,skip,B,A,B,A,B,B,skip,skip,skip,skip,B,A,A,A,0.1,turntaking
1360,radicaleq,1,A,A,A,A,A,A,A,A,A,A,A,A,A,A,A,A,A,A,A,A,0.0,draw
1360,radicaleq,2,B,B,B,B,B,B,B,B,B,B,B,B,B,B,B,B,B,B,B,B,0.0,draw
1360,radicaleq,3,skip,skip,skip,skip,skip,skip,skip,skip,skip,skip,skip,skip,skip,skip,skip,skip,skip,skip,skip,skip,0.0,draw
1360,turntaking,4,skip,skip,skip,skip,skip,skip,skip,skip,skip,skip,skip,skip,skip,skip,skip,skip,skip,skip,skip,skip,0.0,draw
1360,turntaking,5,A,A,A,A,A,A,A,A,A,A,A,A,A,A,A,A,A,A,A,A,0.0,draw
1360,turntaking,6,B,B,B,B,B,B,B,B,B,B,B,B,B,B,B,B,B,B,B,B,0.0,draw
1361,rotate0,1,A,A,A,A,A,A,A,A,A,A,A,A,A,A,A,A,A,A,A,A,0.25,rotate0
1361,rotate0,2,B,B,B,B,B,B,B,B,B,B,B,B,B,B,B,B,B,B,B,B,0.25,rotate0
1361,turntaking,3,skip,skip,skip,skip,skip,skip,skip,skip,skip,skip,skip,skip,skip,skip,skip,skip,skip,skip,skip,skip,0.0,rotate0
1361,turntaking,4,skip,B,skip,A,skip,A,skip,A,skip,A,skip,B,skip,B,skip,A,skip,B,skip,A,0.0,rotate0
1361,turntaking,5,A,A,B,B,A,B,A,B,A,B,B,A,B,A,B,B,A,A,B,B,0.0,rotate0
1361,rotate0,6,skip,skip,skip,skip,skip,skip,skip,skip,skip,skip,skip,skip,skip,skip,skip,skip,skip,skip,skip,skip,0.0,rotate0
1362,turntaking,1,skip,skip,skip,skip,A,skip,skip,skip,skip,skip,B,skip,skip,skip,skip,skip,A,skip,skip,skip,0.15,turntaking
1362,turntaking,2,skip,skip,A,skip,skip,skip,skip,skip,A,skip,skip,skip,skip,skip,B,skip,skip,skip,skip,skip,0.15,turntaking
1362,rotate0,3,skip,skip,skip,skip,skip,skip,skip,skip,skip,skip,skip,skip,skip,skip,skip,skip,skip,skip,skip,skip,0.0,turntaking
1362,rotate0,4,skip,skip,skip,skip,skip,skip,skip,skip,skip,skip,skip,skip,skip,skip,skip,skip,skip,skip,skip,skip,0.0,turntaking
1362,rotate0,5,skip,skip,skip,skip,skip,skip,skip,skip,skip,skip,skip,skip,skip,skip,skip,skip,skip,skip,skip,skip,0.0,turntaking
1362,turntaking,6,B,skip,skip,skip,skip,skip,B,skip,skip,skip,skip,skip,A,skip,skip,skip,skip,skip,B,skip,0.2,turntaking
1363,rotate0,1,A,A,A,A,A,A,A,A,A,A,A,A,A,A,A,A,A,A,A,A,0.5,turntaking
1363,turntaking,2,skip,skip,skip,B,skip,skip,skip,B,skip,skip,skip,B,skip,skip,skip,B,skip,skip,skip,B,0.25,turntaking
1363,turntaking,3,skip,B,skip,skip,skip,B,skip,skip,skip,B,skip,skip,skip,B,skip,skip,skip,B,skip,skip,0.25,turntaking
1363,turntaking,4,skip,A,skip,A,skip,A,skip,A,skip,A,skip,A,skip,A,skip,A,skip,A,skip,A,0.0,turntaking
1363,rotate0,5,skip,skip,skip,skip,skip,skip,skip,skip,skip,skip,skip,skip,skip,skip,skip,skip,skip,skip,skip,skip,0.0,turntaking
1363,rotate0,6,skip,skip,skip,skip,skip,skip,skip,skip,skip,skip,skip,skip,skip,skip,skip,skip,skip,skip,skip,skip,0.0,turntaking
1364,rotate0,1,A,A,A,A,A,A,A,A,A,A,A,A,A,A,A,A,A,A,A,A,0.9,turntaking
1364,turntaking,2,skip,skip,skip,skip,B,skip,skip,B,skip,skip,B,skip,skip,B,skip,skip,B,skip,skip,B,0.3,turntaking
1364,turntaking,3,skip,skip,skip,B,skip,skip,B,skip,skip,B,skip,skip,B,skip,skip,B,skip,skip,B,skip,0.3,turntaking
1364,rotate0,4,skip,skip,skip,skip,skip,skip,skip,skip,skip,skip,skip,skip,skip,skip,skip,skip,skip,skip,skip,skip,0.0,turntaking
1364,turntaking,5,A,A,B,skip,skip,B,skip,skip,B,skip,skip,B,skip,skip,B,skip,skip,B,skip,skip,0.3,turntaking
1364,rotate0,6,skip,skip,skip,skip,skip,skip,skip,skip,skip,skip,skip,skip,skip,skip,skip,skip,skip,skip,skip,skip,0.0,turntaking
1365,turntaking,1,skip,skip,skip,skip,B,skip,skip,skip,skip,skip,A,skip,skip,skip,skip,skip,B,skip,skip,skip,0.15,turntaking
1365,turntaking,2,skip,skip,B,skip,skip,skip,skip,skip,B,skip,skip,skip,skip,skip,A,skip,skip,skip,skip,skip,0.15,turntaking
1365,rotate0,3,skip,skip,skip,skip,skip,skip,skip,skip,skip,skip,skip,skip,skip,skip,skip,skip,skip,skip,skip,skip,0.0,turntaking
1365,rotate0,4,skip,skip,skip,skip,skip,skip,skip,skip,skip,skip,skip,skip,skip,skip,skip,skip,skip,skip,skip,skip,0.0,turntaking
1365,turntaking,5,A,skip,skip,skip,skip,skip,A,skip,skip,skip,skip,skip,B,skip,skip,skip,skip,skip,A,skip,0.2,turntaking
1365,rotate0,6,skip,skip,skip,skip,skip,skip,skip,skip,skip,skip,skip,skip,skip,skip,skip,skip,skip,skip,skip,skip,0.0,turntaking
1366,rotate0,1,A,A,A,A,A,A,A,A,A,A,A,A,A,A,A,A,A,A,A,A,0.9,turntaking
1366,turntaking,2,skip,skip,skip,B,skip,skip,B,skip,skip,B,skip,skip,B,skip,skip,B,skip,skip,B,skip,0.3,turntaking
1366,rotate0,3,skip,skip,skip,skip,skip,skip,skip,skip,skip,skip,skip,skip,skip,skip,skip,skip,skip,skip,skip,skip,0.0,turntaking
1366,turntaking,4,skip,B,skip,skip,B,skip,skip,B,skip,skip,B,skip,skip,B,skip,skip,B,skip,skip,B,0.35,turntaking
1366,turntaking,5,A,A,B,skip,skip,B,skip,skip,B,skip,skip,B,skip,skip,B,skip,skip,B,skip,skip,0.3,turntaking
1366,rotate0,6,skip,skip,skip,skip,skip,skip,skip,skip,skip,skip,skip,skip,skip,skip,skip,skip,skip,skip,skip,skip,0.0,turntaking
1367,rotate0,1,A,A,A,A,A,A,A,A,A,A,A,A,A,A,A,A,A,A,A,A,0.0,draw
1367,rotate0,2,B,B,B,B,B,B,B,B,B,B,B,B,B,B,B,B,B,B,B,B,0.0,draw
1367,rotate0,3,skip,skip,skip,skip,skip,skip,skip,skip,skip,skip,skip,skip,skip,skip,skip,skip,skip,skip,skip,skip,0.0,draw
1367,turntaking,4,skip,skip,skip,skip,skip,skip,skip,skip,skip,skip,skip,skip,skip,skip,skip,skip,skip,skip,skip,skip,0.0,draw
1367,turntaking,5,A,A,A,A,A,A,A,A,A,A,A,A,A,A,A,A,A,A,A,A,0.0,draw
1367,turntaking,6,B,B,B,B,B,B,B,B,B,B,B,B,B,B,B,B,B,B,B,B,0.0,draw
1368,turntaking,1,skip,skip,B,A,skip,skip,A,skip,skip,A,skip,skip,A,skip,skip,A,skip,skip,A,skip,0.3,turntaking
1368,rotate0,2,B,B,B,B,B,B,B,B,B,B,B,B,B,B,B,B,B,B,B,B,0.95,turntaking
1368,rotate0,3,skip,skip,skip,skip,skip,skip,skip,skip,skip,skip,skip,skip,skip,skip,skip,skip,skip,skip,skip,skip,0.0,turntaking
1368,turntaking,4,skip,A,skip,skip,skip,A,skip,skip,A,skip,skip,A,skip,skip,A,skip,skip,A,skip,skip,0.3,turntaking
1368,turntaking,5,A,skip,skip,skip,A,skip,skip,A,skip,skip,A,skip,skip,A,skip,skip,A,skip,skip,A,0.35,turntaking
1368,rotate0,6,skip,skip,skip,skip,skip,skip,skip,skip,skip,skip,skip,skip,skip,skip,skip,skip,skip,skip,skip,skip,0.0,turntaking
1369,rotate0,1,A,A,A,A,A,A,A,A,A,A,A,A,A,A,A,A,A,A,A,A,0.4,rotate0
1369,rotate0,2,B,B,B,B,B,B,B,B,B,B,B,B,B,B,B,B,B,B,B,B,0.1,rotate0
1369,turntaking,3,skip,skip,skip,skip,skip,skip,skip,skip,skip,skip,skip,skip,skip,skip,skip,skip,skip,skip,skip,skip,0.0,rotate0
1369,turntaking,4,skip,A,skip,B,skip,B,skip,A,skip,A,skip,A,skip,A,skip,A,skip,A,skip,A,0.0,rotate0
1369,rotate0,5,skip,skip,skip,skip,skip,skip,skip,skip,skip,skip,skip,skip,skip,skip,skip,skip,skip,skip,skip,skip,0.0,rotate0
1369,turntaking,6,B,B,B,A,A,A,A,B,B,B,B,B,B,B,B,B,B,B,B,B,0.0,rotate0
1370,turntaking,1,skip,skip,skip,A,skip,skip,A,skip,skip,A,skip,skip,A,skip,skip,A,skip,skip,A,skip,0.3,turntaking
1370,rotate0,2,B,B,B,B,B,B,B,B,B,B,B,B,B,B,B,B,B,B,B,B,0.95,turntaking
1370,turntaking,3,skip,B,A,skip,skip,A,skip,skip,A,skip,skip,A,skip,skip,A,skip,skip,A,skip,skip,0.3,turntaking
1370,rotate0,4,skip,skip,skip,skip,skip,skip,skip,skip,skip,skip,skip,skip,skip,skip,skip,skip,skip,skip,skip,skip,0.0,turntaking
1370,turntaking,5,A,skip,skip,skip,A,skip,skip,A,skip,skip,A,skip,skip,A,skip,skip,A,skip,skip,A,0.35,turntaking
1370,rotate0,6,skip,skip,skip,skip,skip,skip,skip,skip,skip,skip,skip,skip,skip,skip,skip,skip,skip,skip,skip,skip,0.0,turntaking
1371,turntaking,1,skip,skip,skip,A,skip,skip,skip,A,skip,skip,skip,A,skip,skip,skip,A,skip,skip,skip,A,0.25,turntaking
1371,rotate0,2,B,B,B,B,B,B,B,B,B,B,B,B,B,B,B,B,B,B,B,B,0.5,turntaking
1371,turntaking,3,skip,A,skip,skip,skip,A,skip,skip,skip,A,skip,skip,skip,A,skip,skip,skip,A,skip,skip,0.25,turntaking
1371,turntaking,4,skip,B,skip,B,skip,B,skip,B,skip,B,skip,B,skip,B,skip,B,skip,B,skip,B,0.0,turntaking
1371,rotate0,5,skip,skip,skip,skip,skip,skip,skip,skip,skip,skip,skip,skip,skip,skip,skip,skip,skip,skip,skip,skip,0.0,turntaking
1371,rotate0,6,skip,skip,skip,skip,skip,skip,skip,skip,skip,skip,skip,skip,skip,skip,skip,skip,skip,skip,skip,skip,0.0,turntaking
1372,rotate0,1,A,A,A,A,A,A,A,A,A,A,A,A,A,A,A,A,A,A,A,A,0.0,draw
1372,rotate0,2,B,B,B,B,B,B,B,B,B,B,B,B,B,B,B,B,B,B,B,B,0.0,draw
1372,turntaking,3,skip,skip,skip,skip,skip,skip,skip,skip,skip,skip,skip,skip,skip,skip,skip,skip,skip,skip,skip,skip,0.0,draw
1372,rotate0,4,skip,skip,skip,skip,skip,skip,skip,skip,skip,skip,skip,skip,skip,skip,skip,skip,skip,skip,skip,skip,0.0,draw
1372,turntaking,5,A,A,A,A,A,A,A,A,A,A,A,A,A,A,A,A,A,A,A,A,0.0,draw
1372,turntaking,6,B,B,B,B,B,B,B,B,B,B,B,B,B,B,B,B,B,B,B,B,0.0,draw
1373,rotate0,1,A,A,A,A,A,A,A,A,A,A,A,A,A,A,A,A,A,A,A,A,0.85,turntaking
1373,turntaking,2,skip,skip,skip,skip,B,skip,skip,B,skip,skip,B,skip,skip,B,skip,skip,B,skip,skip,B,0.3,turntaking
1373,rotate0,3,skip,skip,skip,skip,skip,skip,skip,skip,skip,skip,skip,skip,skip,skip,skip,skip,skip,skip,skip,skip,0.0,turntaking
1373,rotate0,4,skip,skip,skip,skip,skip,skip,skip,skip,skip,skip,skip,skip,skip,skip,skip,skip,skip,skip,skip,skip,0.0,turntaking
1373,turntaking,5,A,A,A,B,skip,skip,B,skip,skip,B,skip,skip,B,skip,skip,B,skip,skip,B,skip,0.3,turntaking
1373,turntaking,6,B,skip,skip,skip,skip,B,skip,skip,B,skip,skip,B,skip,skip,B,skip,skip,B,skip,skip,0.3,turntaking
1374,turntaking,1,skip,skip,skip,skip,A,skip,skip,A,skip,skip,A,skip,skip,A,skip,skip,A,skip,skip,A,0.3,turntaking
1374,rotate0,2,B,B,B,B,B,B,B,B,B,B,B,B,B,B,B,B,B,B,B,B,0.85,turntaking
1374,rotate0,3,skip,skip,skip,skip,skip,skip,skip,skip,skip,skip,skip,skip,skip,skip,skip,skip,skip,skip,skip,skip,0.0,turntaking
1374,turntaking,4,skip,A,skip,skip,skip,A,skip,skip,A,skip,skip,A,skip,skip,A,skip,skip,A,skip,skip,0.3,turntaking
1374,rotate0,5,skip,skip,skip,skip,skip,skip,skip,skip,skip,skip,skip,skip,skip,skip,skip,skip,skip,skip,skip,skip,0.0,turntaking
1374,turntaking,6,B,B,B,A,skip,skip,A,skip,skip,A,skip,skip,A,skip,skip,A,skip,skip,A,skip,0.3,turntaking
1375,turntaking,1,skip,skip,skip,skip,skip,A,skip,skip,A,skip,skip,A,skip,skip,A,skip,skip,A,skip,skip,0.25,turntaking
1375,rotate0,2,B,B,B,B,B,B,B,B,B,B,B,B,B,B,B,B,B,B,B,B,0.85,turntaking
1375,turntaking,3,skip,skip,skip,skip,A,skip,skip,A,skip,skip,A,skip,skip,A,skip,skip,A,skip,skip,A,0.3,turntaking
1375,rotate0,4,skip,skip,skip,skip,skip,skip,skip,skip,skip,skip,skip,skip,skip,skip,skip,skip,skip,skip,skip,skip,0.0,turntaking
1375,rotate0,5,skip,skip,skip,skip,skip,skip,skip,skip,skip,skip,skip,skip,skip,skip,skip,skip,skip,skip,skip,skip,0.0,turntaking
1375,turntaking,6,B,B,B,A,skip,skip,A,skip,skip,A,skip,skip,A,skip,skip,A,skip,skip,A,skip,0.3,turntaking
1376,turntaking,1,skip,skip,skip,skip,skip,B,skip,skip,skip,skip,skip,A,skip,skip,skip,skip,skip,B,skip,skip,0.15,turntaking
1376,turntaking,2,skip,skip,skip,B,skip,skip,skip,skip,skip,B,skip,skip,skip,skip,skip,A,skip,skip,skip,skip,0.15,turntaking
1376,turntaking,3,skip,A,skip,skip,skip,skip,skip,A,skip,skip,skip,skip,skip,B,skip,skip,skip,skip,skip,A,0.2,turntaking
1376,rotate0,4,skip,skip,skip,skip,skip,skip,skip,skip,skip,skip,skip,skip,skip,skip,skip,skip,skip,skip,skip,skip,0.0,turntaking
1376,rotate0,5,skip,skip,skip,skip,skip,skip,skip,skip,skip,skip,skip,skip,skip,skip,skip,skip,skip,skip,skip,skip,0.0,turntaking
1376,rotate0,6,skip,skip,skip,skip,skip,skip,skip,skip,skip,skip,skip,skip,skip,skip,skip,skip,skip,skip,skip,skip,0.0,turntaking
1377,turntaking,1,skip,skip,skip,skip,A,skip,skip,A,skip,skip,A,skip,skip,A,skip,skip,A,skip,skip,A,0.3,turntaking
1377,rotate0,2,B,B,B,B,B,B,B,B,B,B,B,B,B,B,B,B,B,B,B,B,0.85,turntaking
1377,rotate0,3,skip,skip,skip,skip,skip,skip,skip,skip,skip,skip,skip,skip,skip,skip,skip,skip,skip,skip,skip,skip,0.0,turntaking
1377,rotate0,4,skip,skip,skip,skip,skip,skip,skip,skip,skip,skip,skip,skip,skip,skip,skip,skip,skip,skip,skip,skip,0.0,turntaking
1377,turntaking,5,A,skip,skip,skip,skip,A,skip,skip,A,skip,skip,A,skip,skip,A,skip,skip,A,skip,skip,0.3,turntaking
1377,turntaking,6,B,B,B,A,skip,skip,A,skip,skip,A,skip,skip,A,skip,skip,A,skip,skip,A,skip,0.3,turntaking
1378,turntaking,1,skip,skip,skip,skip,skip,A,skip,skip,skip,skip,skip,B,skip,skip,skip,skip,skip,A,skip,skip,0.15,turntaking
1378,turntaking,2,skip,skip,skip,A,skip,skip,skip,skip,skip,A,skip,skip,skip,skip,skip,B,skip,skip,skip,skip,0.15,turntaking
1378,rotate0,3,skip,skip,skip,skip,skip,skip,skip,skip,skip,skip,skip,skip,skip,skip,skip,skip,skip,skip,skip,skip,0.0,turntaking
1378,turntaking,4,skip,B,skip,skip,skip,skip,skip,B,skip,skip,skip,skip,skip,A,skip,skip,skip,skip,skip,B,0.2,turntaking
1378,rotate0,5,skip,skip,skip,skip,skip,skip,skip,skip,skip,skip,skip,skip,skip,skip,skip,skip,skip,skip,skip,skip,0.0,turntaking
1378,rotate0,6,skip,skip,skip,skip,skip,skip,skip,skip,skip,skip,skip,skip,skip,skip,skip,skip,skip,skip,skip,skip,0.0,turntaking
1379,rotate0,1,A,A,A,A,A,A,A,A,A,A,A,A,A,A,A,A,A,A,A,A,0.95,turntaking
1379,turntaking,2,skip,skip,skip,B,skip,skip,B,skip,skip,B,skip,skip,B,skip,skip,B,skip,skip,B,skip,0.3,turntaking
1379,turntaking,3,skip,A,B,skip,skip,B,skip,skip,B,skip,skip,B,skip,skip,B,skip,skip,B,skip,skip,0.3,turntaking
1379,rotate0,4,skip,skip,skip,skip,skip,skip,skip,skip,skip,skip,skip,skip,skip,skip,skip,skip,skip,skip,skip,skip,0.0,turntaking
1379,rotate0,5,skip,skip,skip,skip,skip,skip,skip,skip,skip,skip,skip,skip,skip,skip,skip,skip,skip,skip,skip,skip,0.0,turntaking
1379,turntaking,6,B,skip,skip,skip,B,skip,skip,B,skip,skip,B,skip,skip,B,skip,skip,B,skip,skip,B,0.35,turntaking
1380,rotate0,1,A,A,A,A,A,A,A,A,A,A,A,A,A,A,A,A,A,A,A,A,0.95,turntaking
1380,turntaking,2,skip,skip,A,B,skip,skip,B,skip,skip,B,skip,skip,B,skip,skip,B,skip,skip,B,skip,0.3,turntaking
1380,rotate0,3,skip,skip,skip,skip,skip,skip,skip,skip,skip,skip,skip,skip,skip,skip,skip,skip,skip,skip,skip,skip,0.0,turntaking
1380,turntaking,4,skip,B,skip,skip,skip,B,skip,skip,B,skip,skip,B,skip,skip,B,skip,skip,B,skip,skip,0.3,turntaking
1380,rotate0,5,skip,skip,skip,skip,skip,skip,skip,skip,skip,skip,skip,skip,skip,skip,skip,skip,skip,skip,skip,skip,0.0,turntaking
1380,turntaking,6,B,skip,skip,skip,B,skip,skip,B,skip,skip,B,skip,skip,B,skip,skip,B,skip,skip,B,0.35,turntaking
1381,caste,1,A,A,B,A,B,A,A,A,A,A,A,A,A,A,A,A,A,A,A,A,0.15,turntaking
1381,turntaking,2,skip,skip,skip,skip,skip,B,skip,A,skip,B,skip,A,skip,B,skip,A,skip,A,skip,A,0.0,turntaking
1381,turntaking,3,skip,A,B,A,B,A,B,B,A,A,B,B,A,A,A,B,A,B,A,B,0.0,turntaking
1381,caste,4,skip,skip,skip,skip,A,B,B,B,B,B,B,B,B,B,B,B,B,B,B,B,0.3,turntaking
1381,caste,5,skip,skip,skip,skip,skip,skip,skip,skip,skip,skip,skip,skip,skip,skip,skip,skip,skip,skip,skip,skip,0.0,turntaking
1381,turntaking,6,B,skip,skip,skip,skip,skip,skip,skip,skip,skip,skip,skip,skip,skip,skip,skip,skip,skip,skip,skip,0.05,turntaking
1382,turntaking,1,skip,skip,skip,skip,skip,skip,skip,B,skip,A,skip,B,skip,A,skip,A,skip,A,skip,B,0.0,turntaking
1382,caste,2,B,A,B,A,A,skip,B,B,skip,B,B,A,A,A,A,A,A,A,A,A,0.05,turntaking
1382,caste,3,skip,B,skip,B,B,A,A,A,A,A,A,B,B,B,B,B,B,B,B,B,0.3,turntaking
1382,turntaking,4,skip,A,skip,B,skip,B,skip,skip,skip,skip,skip,skip,skip,skip,skip,skip,skip,skip,skip,skip,0.05,turntaking
1382,caste,5,skip,skip,skip,skip,skip,skip,skip,skip,skip,skip,skip,skip,skip,skip,skip,skip,skip,skip,skip,skip,0.0,turntaking
1382,turntaking,6,B,B,B,A,A,A,B,A,A,B,A,A,A,B,A,B,A,B,A,A,0.0,turntaking
1383,turntaking,1,skip,skip,skip,A,skip,A,skip,skip,skip,skip,skip,skip,skip,skip,skip,skip,skip,skip,skip,skip,0.05,turntaking
1383,turntaking,2,skip,skip,skip,B,skip,skip,skip,A,skip,B,skip,A,skip,B,skip,A,skip,B,skip,A,0.05,turntaking
1383,turntaking,3,skip,A,skip,skip,skip,B,skip,B,A,A,B,B,A,A,B,B,A,A,B,B,0.05,turntaking
1383,caste,4,skip,B,B,A,A,B,A,A,A,B,B,A,A,A,A,A,A,A,A,A,0.3,turntaking
1383,caste,5,skip,skip,skip,skip,skip,skip,B,B,B,A,A,B,B,B,B,B,B,B,B,B,0.25,turntaking
1383,caste,6,skip,skip,skip,skip,skip,skip,skip,skip,skip,skip,skip,skip,skip,skip,skip,skip,skip,skip,skip,skip,0.0,turntaking
1384,caste,1,A,A,A,A,A,A,A,A,A,A,A,A,A,A,A,A,A,A,A,A,0.25,caste
1384,caste,2,B,B,B,B,B,B,B,B,B,B,B,B,B,B,B,B,B,B,B,B,0.25,caste
1384,turntaking,3,skip,skip,skip,skip,skip,skip,skip,skip,skip,skip,skip,skip,skip,skip,skip,skip,skip,skip,skip,skip,0.0,caste
1384,turntaking,4,skip,B,skip,A,skip,A,skip,A,skip,A,skip,B,skip,B,skip,A,skip,B,skip,A,0.0,caste
1384,turntaking,5,A,A,B,B,A,B,A,B,A,B,B,A,B,A,B,B,A,A,B,B,0.0,caste
1384,caste,6,skip,skip,skip,skip,skip,skip,skip,skip,skip,skip,skip,skip,skip,skip,skip,skip,skip,skip,skip,skip,0.0,caste
1385,turntaking,1,skip,skip,skip,skip,skip,A,skip,B,skip,A,skip,B,skip,A,skip,B,skip,B,skip,B,0.0,turntaking
1385,caste,2,B,B,A,B,A,B,B,B,B,B,B,B,B,B,B,B,B,B,B,B,0.15,turntaking
1385,turntaking,3,skip,B,A,B,A,B,A,A,B,B,A,A,B,B,B,A,B,A,B,A,0.0,turntaking
1385,caste,4,skip,skip,skip,skip,B,A,A,A,A,A,A,A,A,A,A,A,A,A,A,A,0.3,turntaking
1385,turntaking,5,A,skip,skip,skip,skip,skip,skip,skip,skip,skip,skip,skip,skip,skip,skip,skip,skip,skip,skip,skip,0.05,turntaking
1385,caste,6,skip,skip,skip,skip,skip,skip,skip,skip,skip,skip,skip,skip,skip,skip,skip,skip,skip,skip,skip,skip,0.0,turntaking
1386,caste,1,A,B,B,A,A,A,A,B,B,B,A,A,A,B,B,B,B,B,B,B,0.35,turntaking
1386,turntaking,2,skip,skip,skip,A,skip,B,A,A,B,B,B,B,A,B,A,A,A,B,A,B,0.0,turntaking
1386,turntaking,3,skip,B,skip,B,skip,skip,skip,skip,skip,skip,skip,skip,skip,skip,skip,skip,skip,skip,skip,skip,0.05,turntaking
1386,turntaking,4,skip,A,skip,skip,skip,A,skip,B,skip,A,skip,A,skip,A,skip,B,skip,A,skip,A,0.05,turntaking
1386,caste,5,skip,skip,skip,skip,B,B,B,A,A,A,B,B,B,A,A,A,A,A,A,A,0.2,turntaking
1386,caste,6,skip,skip,skip,skip,skip,skip,skip,skip,skip,skip,skip,skip,skip,skip,skip,skip,skip,skip,skip,skip,0.0,turntaking
1387,caste,1,A,B,B,B,B,B,A,A,A,A,A,A,A,A,A,A,A,A,A,A,0.4,turntaking
1387,turntaking,2,skip,skip,B,skip,A,B,A,B,B,B,A,B,A,B,A,B,A,B,A,A,0.0,turntaking
1387,caste,3,skip,A,skip,A,A,A,B,B,B,B,B,B,B,B,B,B,B,B,B,B,0.15,turntaking
1387,caste,4,skip,skip,skip,skip,skip,skip,skip,skip,skip,skip,skip,skip,skip,skip,skip,skip,skip,skip,skip,skip,0.0,turntaking
1387,turntaking,5,A,A,A,skip,skip,skip,skip,skip,skip,skip,skip,skip,skip,skip,skip,skip,skip,skip,skip,skip,0.05,turntaking
1387,turntaking,6,B,skip,skip,skip,B,skip,B,skip,A,skip,B,skip,B,skip,B,skip,B,skip,B,skip,0.05,turntaking
1388,caste,1,A,A,A,B,B,A,A,B,B,B,A,A,A,A,A,A,A,A,A,A,0.4,turntaking
1388,turntaking,2,skip,skip,skip,skip,B,B,A,A,B,B,B,B,B,A,B,A,B,A,B,A,0.0,turntaking
1388,caste,3,skip,B,skip,skip,A,B,B,A,A,A,B,B,B,B,B,B,B,B,B,B,0.15,turntaking
1388,turntaking,4,skip,B,A,A,skip,skip,skip,skip,skip,skip,skip,skip,skip,skip,skip,skip,skip,skip,skip,skip,0.05,turntaking
1388,caste,5,skip,skip,skip,skip,skip,skip,skip,skip,skip,skip,skip,skip,skip,skip,skip,skip,skip,skip,skip,skip,0.0,turntaking
1388,turntaking,6,B,skip,skip,skip,skip,A,skip,B,skip,A,skip,A,skip,B,skip,B,skip,B,skip,B,0.05,turntaking
1389,turntaking,1,skip,skip,skip,B,skip,A,skip,skip,skip,skip,skip,skip,skip,skip,skip,skip,skip,skip,skip,skip,0.05,turntaking
1389,turntaking,2,skip,skip,skip,A,skip,skip,skip,A,skip,B,skip,A,skip,B,skip,A,skip,B,skip,A,0.05,turntaking
1389,caste,3,skip,A,A,B,A,B,A,A,A,B,B,A,A,A,A,A,A,A,A,A,0.3,turntaking
1389,turntaking,4,skip,B,skip,skip,skip,B,skip,B,A,A,B,B,A,A,B,B,A,A,B,B,0.05,turntaking
1389,caste,5,skip,skip,skip,skip,skip,skip,B,B,B,A,A,B,B,B,B,B,B,B,B,B,0.25,turntaking
1389,caste,6,skip,skip,skip,skip,skip,skip,skip,skip,skip,skip,skip,skip,skip,skip,skip,skip,skip,skip,skip,skip,0.0,turntaking
1390,caste,1,A,B,B,B,B,B,B,B,B,B,B,B,B,B,B,B,B,B,B,B,0.2,caste
1390,turntaking,2,skip,skip,skip,skip,skip,skip,skip,skip,skip,skip,skip,skip,skip,skip,skip,skip,skip,skip,skip,skip,0.0,caste
1390,caste,3,skip,A,skip,A,A,A,A,A,A,A,A,A,A,A,A,A,A,A,A,A,0.2,caste
1390,turntaking,4,skip,B,skip,B,skip,A,skip,B,skip,B,skip,B,skip,A,skip,B,skip,A,skip,B,0.0,caste
1390,turntaking,5,A,A,B,A,B,B,A,A,B,A,A,A,B,B,A,A,B,B,A,A,0.0,caste
1390,caste,6,skip,skip,skip,skip,skip,skip,skip,skip,skip,skip,skip,skip,skip,skip,skip,skip,skip,skip,skip,skip,0.0,caste
1391,turntaking,1,skip,skip,skip,skip,skip,A,skip,B,skip,A,skip,B,skip,A,skip,A,skip,A,skip,A,0.0,turntaking
1391,caste,2,B,A,A,A,A,A,A,A,A,A,A,A,A,A,A,A,A,A,A,A,0.15,turntaking
1391,turntaking,3,skip,skip,A,A,B,B,A,A,B,B,A,A,A,B,A,B,A,B,A,B,0.0,turntaking
1391,caste,4,skip,skip,skip,B,B,B,B,B,B,B,B,B,B,B,B,B,B,B,B,B,0.35,turntaking
1391,caste,5,skip,skip,skip,skip,skip,skip,skip,skip,skip,skip,skip,skip,skip,skip,skip,skip,skip,skip,skip,skip,0.0,turntaking
1391,turntaking,6,B,B,skip,skip,skip,skip,skip,skip,skip,skip,skip,skip,skip,skip,skip,skip,skip,skip,skip,skip,0.05,turntaking
1392,caste,1,A,A,A,A,A,A,A,A,A,A,A,A,A,A,A,A,A,A,A,A,0.0,draw
1392,caste,2,B,B,B,B,B,B,B,B,B,B,B,B,B,B,B,B,B,B,B,B,0.0,draw
1392,caste,3,skip,skip,skip,skip,skip,skip,skip,skip,skip,skip,skip,skip,skip,skip,skip,skip,skip,skip,skip,skip,0.0,draw
1392,turntaking,4,skip,skip,skip,skip,skip,skip,skip,skip,skip,skip,skip,skip,skip,skip,skip,skip,skip,skip,skip,skip,0.0,draw
1392,turntaking,5,A,A,A,A,A,A,A,A,A,A,A,A,A,A,A,A,A,A,A,A,0.0,draw
1392,turntaking,6,B,B,B,B,B,B,B,B,B,B,B,B,B,B,B,B,B,B,B,B,0.0,draw
1393,turntaking,1,skip,skip,skip,B,skip,A,B,B,A,A,A,A,B,A,A,A,A,B,A,B,0.0,turntaking
1393,caste,2,B,A,A,B,B,B,B,A,A,A,B,B,B,A,B,B,B,B,B,B,0.35,turntaking
1393,turntaking,3,skip,A,skip,A,skip,skip,skip,skip,skip,skip,skip,skip,skip,skip,skip,skip,skip,skip,skip,skip,0.05,turntaking
1393,turntaking,4,skip,B,skip,skip,skip,B,skip,A,skip,B,skip,B,skip,B,skip,B,skip,A,skip,A,0.05,turntaking
1393,caste,5,skip,skip,skip,skip,A,A,A,B,B,B,A,A,A,B,A,A,A,A,A,A,0.2,turntaking
1393,caste,6,skip,skip,skip,skip,skip,skip,skip,skip,skip,skip,skip,skip,skip,skip,skip,skip,skip,skip,skip,skip,0.0,turntaking
1394,caste,1,A,A,A,A,A,A,A,A,A,A,A,A,A,A,A,A,A,A,A,A,0.0,draw
1394,caste,2,B,B,B,B,B,B,B,B,B,B,B,B,B,B,B,B,B,B,B,B,0.0,draw
1394,turntaking,3,skip,skip,skip,skip,skip,skip,skip,skip,skip,skip,skip,skip,skip,skip,skip,skip,skip,skip,skip,skip,0.0,draw
1394,caste,4,skip,skip,skip,skip,skip,skip,skip,skip,skip,skip,skip,skip,skip,skip,skip,skip,skip,skip,skip,skip,0.0,draw
1394,turntaking,5,A,A,A,A,A,A,A,A,A,A,A,A,A,A,A,A,A,A,A,A,0.0,draw
1394,turntaking,6,B,B,B,B,B,B,B,B,B,B,B,B,B,B,B,B,B,B,B,B,0.0,draw
1395,turntaking,1,skip,skip,skip,skip,A,B,B,B,A,A,B,B,B,A,B,A,B,A,B,A,0.0,turntaking
1395,caste,2,B,B,B,A,A,A,B,A,A,A,A,A,A,A,A,A,A,A,A,A,0.4,turntaking
1395,caste,3,skip,A,skip,skip,B,B,A,B,B,B,B,B,B,B,B,B,B,B,B,B,0.15,turntaking
1395,turntaking,4,skip,A,B,B,skip,skip,skip,skip,skip,skip,skip,skip,skip,skip,skip,skip,skip,skip,skip,skip,0.05,turntaking
1395,turntaking,5,A,skip,skip,skip,skip,A,skip,A,skip,B,skip,A,skip,B,skip,B,skip,B,skip,B,0.05,turntaking
1395,caste,6,skip,skip,skip,skip,skip,skip,skip,skip,skip,skip,skip,skip,skip,skip,skip,skip,skip,skip,skip,skip,0.0,turntaking
1396,caste,1,A,B,B,B,B,B,B,B,B,B,B,B,B,B,B,B,B,B,B,B,0.15,turntaking
1396,turntaking,2,skip,skip,skip,skip,skip,B,skip,A,skip,B,skip,A,skip,B,skip,B,skip,B,skip,B,0.0,turntaking
1396,turntaking,3,skip,skip,B,B,A,A,B,B,A,A,B,B,B,A,B,A,B,A,B,A,0.0,turntaking
1396,caste,4,skip,skip,skip,A,A,A,A,A,A,A,A,A,A,A,A,A,A,A,A,A,0.35,turntaking
1396,turntaking,5,A,A,skip,skip,skip,skip,skip,skip,skip,skip,skip,skip,skip,skip,skip,skip,skip,skip,skip,skip,0.05,turntaking
1396,caste,6,skip,skip,skip,skip,skip,skip,skip,skip,skip,skip,skip,skip,skip,skip,skip,skip,skip,skip,skip,skip,0.0,turntaking
1397,turntaking,1,skip,skip,skip,A,skip,B,skip,A,skip,B,skip,A,skip,A,skip,A,skip,A,skip,A,0.0,turntaking
1397,turntaking,2,skip,skip,A,B,A,A,B,B,A,A,A,B,A,B,A,B,A,B,A,B,0.0,turntaking
1397,caste,3,skip,A,A,B,B,B,B,B,B,B,B,B,B,B,B,B,B,B,B,B,0.4,turntaking
1397,caste,4,skip,B,B,A,A,A,A,A,A,A,A,A,A,A,A,A,A,A,A,A,0.15,turntaking
1397,caste,5,skip,skip,skip,skip,skip,skip,skip,skip,skip,skip,skip,skip,skip,skip,skip,skip,skip,skip,skip,skip,0.0,turntaking
1397,turntaking,6,B,skip,skip,skip,skip,skip,skip,skip,skip,skip,skip,skip,skip,skip,skip,skip,skip,skip,skip,skip,0.05,turntaking
1398,caste,1,A,A,A,A,A,A,A,B,B,B,B,B,B,B,B,B,B,B,B,B,0.1,caste
1398,caste,2,B,B,B,B,B,B,B,A,A,A,A,A,A,A,A,A,A,A,A,A,0.4,caste
1398,turntaking,3,skip,skip,skip,skip,skip,skip,skip,skip,skip,skip,skip,skip,skip,skip,skip,skip,skip,skip,skip,skip,0.0,caste
1398,turntaking,4,skip,A,skip,B,skip,B,skip,A,skip,A,skip,A,skip,A,skip,A,skip,A,skip,A,0.0,caste
1398,caste,5,skip,skip,skip,skip,skip,skip,skip,skip,skip,skip,skip,skip,skip,skip,skip,skip,skip,skip,skip,skip,0.0,caste
1398,turntaking,6,B,B,B,A,A,A,A,B,B,B,B,B,B,B,B,B,B,B,B,B,0.0,caste
1399,turntaking,1,skip,skip,skip,B,skip,A,skip,B,skip,A,skip,B,skip,B,skip,B,skip,B,skip,B,0.0,turntaking
1399,turntaking,2,skip,skip,B,A,B,B,A,A,B,B,B,A,B,A,B,A,B,A,B,A,0.0,turntaking
1399,caste,3,skip,B,B,A,A,A,A,A,A,A,A,A,A,A,A,A,A,A,A,A,0.4,turntaking
1399,caste,4,skip,A,A,B,B,B,B,B,B,B,B,B,B,B,B,B,B,B,B,B,0.15,turntaking
1399,turntaking,5,A,skip,skip,skip,skip,skip,skip,skip,skip,skip,skip,skip,skip,skip,skip,skip,skip,skip,skip,skip,0.05,turntaking
1399,caste,6,skip,skip,skip,skip,skip,skip,skip,skip,skip,skip,skip,skip,skip,skip,skip,skip,skip,skip,skip,skip,0.0,turntaking
1400,turntaking,1,skip,skip,A,skip,B,A,B,A,A,A,B,A,B,A,B,A,B,A,B,B,0.0,turntaking
1400,caste,2,B,A,A,A,A,A,B,B,B,B,B,B,B,B,B,B,B,B,B,B,0.4,turntaking
1400,caste,3,skip,B,skip,B,B,B,A,A,A,A,A,A,A,A,A,A,A,A,A,A,0.15,turntaking
1400,caste,4,skip,skip,skip,skip,skip,skip,skip,skip,skip,skip,skip,skip,skip,skip,skip,skip,skip,skip,skip,skip,0.0,turntaking
1400,turntaking,5,A,skip,skip,skip,A,skip,A,skip,B,skip,A,skip,A,skip,A,skip,A,skip,A,skip,0.05,turntaking
1400,turntaking,6,B,B,B,skip,skip,skip,skip,skip,skip,skip,skip,skip,skip,skip,skip,skip,skip,skip,skip,skip,0.05,turntaking
1401,turntaking,1,skip,skip,skip,A,B,A,skip,skip,skip,skip,B,B,B,B,B,B,A,A,A,A,0.05,turntaking
1401,turntaking,2,skip,skip,B,skip,skip,skip,skip,A,A,A,skip,skip,skip,skip,skip,skip,skip,skip,skip,skip,0.1,turntaking
1401,equalize,3,skip,B,skip,A,B,skip,B,A,A,B,A,A,A,A,A,A,A,A,A,A,0.05,turntaking
1401,equalize,4,skip,A,skip,skip,skip,skip,skip,B,B,skip,B,B,B,B,B,B,B,B,B,B,0.05,turntaking
1401,turntaking,5,A,skip,skip,B,A,B,B,B,B,B,A,A,A,A,A,A,B,B,B,B,0.05,turntaking
1401,equalize,6,skip,skip,skip,B,A,B,A,skip,skip,skip,skip,skip,skip,skip,skip,skip,skip,skip,skip,skip,0.05,turntaking
1402,equalize,1,A,skip,skip,A,B,B,B,B,B,B,skip,skip,skip,skip,skip,skip,skip,skip,skip,skip,0.1,draw
1402,turntaking,2,skip,skip,skip,A,A,skip,skip,skip,skip,skip,B,B,A,A,A,A,B,B,B,B,0.05,draw
1402,turntaking,3,skip,B,skip,skip,skip,B,B,B,B,A,A,A,B,B,B,B,A,A,A,A,0.05,draw
1402,turntaking,4,skip,A,skip,skip,B,A,A,A,A,skip,skip,skip,skip,skip,skip,skip,skip,skip,skip,skip,0.1,draw
1402,equalize,5,skip,skip,A,skip,skip,A,A,A,skip,A,B,B,B,B,B,B,B,B,B,B,0.05,draw
1402,equalize,6,skip,skip,skip,B,skip,skip,skip,skip,skip,skip,A,A,A,A,A,A,A,A,A,A,0.05,draw
1403,equalize,1,A,B,B,B,B,A,B,A,A,A,A,A,A,A,A,A,A,A,A,A,0.0,equalize
1403,turntaking,2,skip,skip,skip,skip,skip,skip,skip,A,A,B,A,A,A,A,A,A,A,A,A,A,0.0,equalize
1403,equalize,3,skip,A,skip,A,A,skip,skip,B,B,B,B,B,B,B,B,B,B,B,B,B,0.05,equalize
1403,turntaking,4,skip,B,skip,B,skip,A,B,B,B,A,B,B,B,B,B,B,B,B,B,B,0.0,equalize
1403,turntaking,5,A,A,B,A,B,B,skip,skip,skip,skip,skip,skip,skip,skip,skip,skip,skip,skip,skip,skip,0.05,equalize
1403,equalize,6,skip,skip,skip,skip,skip,skip,A,skip,skip,skip,skip,skip,skip,skip,skip,skip,skip,skip,skip,skip,0.05,equalize
1404,equalize,1,A,skip,skip,A,skip,skip,A,skip,B,skip,skip,skip,skip,skip,skip,skip,skip,skip,skip,skip,0.2,equalize
1404,turntaking,2,skip,skip,A,skip,skip,A,skip,skip,A,A,A,A,A,A,A,A,A,A,B,A,0.1,equalize
1404,equalize,3,skip,A,skip,skip,A,skip,skip,A,skip,A,A,A,A,A,A,A,A,A,A,A,0.15,equalize
1404,turntaking,4,skip,B,skip,skip,B,skip,skip,B,skip,skip,skip,skip,skip,skip,skip,skip,skip,skip,skip,skip,0.15,equalize
1404,equalize,5,skip,skip,B,skip,skip,B,skip,skip,A,B,B,B,B,B,B,B,B,B,B,B,0.1,equalize
1404,turntaking,6,B,skip,skip,B,skip,skip,B,skip,skip,B,B,B,B,B,B,B,B,B,A,B,0.15,equalize
1405,equalize,1,A,B,B,A,B,B,B,B,B,B,B,B,B,B,B,B,B,B,B,B,0.05,equalize
1405,equalize,2,B,skip,skip,skip,A,A,A,A,A,A,A,A,A,A,A,A,A,A,A,A,0.05,equalize
1405,turntaking,3,skip,skip,skip,A,A,A,A,B,B,A,A,A,A,A,A,A,A,A,A,A,0.0,equalize
1405,turntaking,4,skip,B,B,B,skip,skip,skip,skip,skip,skip,skip,skip,skip,skip,skip,skip,skip,skip,skip,skip,0.05,equalize
1405,turntaking,5,A,A,skip,skip,skip,B,B,A,A,B,B,B,B,B,B,B,B,B,B,B,0.05,equalize
1405,equalize,6,skip,skip,A,skip,skip,skip,skip,skip,skip,skip,skip,skip,skip,skip,skip,skip,skip,skip,skip,skip,0.05,equalize
1406,turntaking,1,skip,skip,skip,A,A,A,A,A,A,A,A,A,A,A,A,A,A,A,A,A,0.0,draw
1406,turntaking,2,skip,skip,skip,B,B,B,B,B,B,B,B,B,B,B,B,B,B,B,B,B,0.0,draw
1406,equalize,3,skip,A,skip,skip,skip,skip,skip,skip,skip,skip,skip,skip,skip,skip,skip,skip,skip,skip,skip,skip,0.05,draw
1406,turntaking,4,skip,B,skip,skip,skip,skip,skip,skip,skip,skip,skip,skip,skip,skip,skip,skip,skip,skip,skip,skip,0.05,draw
1406,equalize,5,skip,skip,skip,A,A,A,A,A,A,A,A,A,A,A,A,A,A,A,A,A,0.0,draw
1406,equalize,6,skip,skip,skip,B,B,B,B,B,B,B,B,B,B,B,B,B,B,B,B,B,0.0,draw
1407,turntaking,1,skip,skip,skip,B,A,B,skip,skip,skip,skip,A,A,A,A,A,A,B,B,B,B,0.05,turntaking
1407,turntaking,2,skip,skip,A,skip,skip,skip,skip,B,B,B,skip,skip,skip,skip,skip,skip,skip,skip,skip,skip,0.1,turntaking
1407,equalize,3,skip,A,skip,B,A,skip,A,B,B,A,B,B,B,B,B,B,B,B,B,B,0.05,turntaking
1407,equalize,4,skip,B,skip,skip,skip,skip,skip,A,A,skip,A,A,A,A,A,A,A,A,A,A,0.05,turntaking
1407,equalize,5,skip,skip,skip,A,B,A,B,skip,skip,skip,skip,skip,skip,skip,skip,skip,skip,skip,skip,skip,0.05,turntaking
1407,turntaking,6,B,skip,skip,A,B,A,A,A,A,A,B,B,B,B,B,B,A,A,A,A,0.05,turntaking
1408,equalize,1,A,B,skip,A,A,A,A,A,A,A,A,A,A,A,A,A,A,A,A,A,0.05,draw
1408,turntaking,2,skip,skip,skip,A,A,A,A,B,B,B,A,A,A,A,A,A,A,A,A,A,0.0,draw
1408,turntaking,3,skip,skip,B,skip,skip,skip,skip,skip,skip,skip,skip,skip,skip,skip,skip,skip,skip,skip,skip,skip,0.05,draw
1408,equalize,4,skip,skip,A,skip,skip,skip,skip,skip,skip,skip,skip,skip,skip,skip,skip,skip,skip,skip,skip,skip,0.05,draw
1408,turntaking,5,A,A,skip,B,B,B,B,A,A,A,B,B,B,B,B,B,B,B,B,B,0.05,draw
1408,equalize,6,skip,skip,skip,B,B,B,B,B,B,B,B,B,B,B,B,B,B,B,B,B,0.0,draw
1409,turntaking,1,skip,skip,skip,B,B,B,B,A,A,A,B,B,B,B,B,B,B,B,B,B,0.0,draw
1409,equalize,2,B,A,skip,B,B,B,B,B,B,B,B,B,B,B,B,B,B,B,B,B,0.05,draw
1409,turntaking,3,skip,skip,A,skip,skip,skip,skip,skip,skip,skip,skip,skip,skip,skip,skip,skip,skip,skip,skip,skip,0.05,draw
1409,equalize,4,skip,skip,B,skip,skip,skip,skip,skip,skip,skip,skip,skip,skip,skip,skip,skip,skip,skip,skip,skip,0.05,draw
1409,equalize,5,skip,skip,skip,A,A,A,A,A,A,A,A,A,A,A,A,A,A,A,A,A,0.0,draw
1409,turntaking,6,B,B,skip,A,A,A,A,B,B,B,A,A,A,A,A,A,A,A,A,A,0.05,draw
1410,equalize,1,A,A,A,A,A,A,A,A,A,A,A,A,A,A,A,A,A,A,A,A,0.0,draw
1410,equalize,2,B,B,B,B,B,B,B,B,B,B,B,B,B,B,B,B,B,B,B,B,0.0,draw
1410,turntaking,3,skip,skip,skip,skip,skip,skip,skip,skip,skip,skip,skip,skip,skip,skip,skip,skip,skip,skip,skip,skip,0.0,draw
1410,equalize,4,skip,skip,skip,skip,skip,skip,skip,skip,skip,skip,skip,skip,skip,skip,skip,skip,skip,skip,skip,skip,0.0,draw
1410,turntaking,5,A,A,A,A,A,A,A,A,A,A,A,A,A,A,A,A,A,A,A,A,0.0,draw
1410,turntaking,6,B,B,B,B,B,B,B,B,B,B,B,B,B,B,B,B,B,B,B,B,0.0,draw
1411,equalize,1,A,skip,skip,A,skip,skip,A,skip,B,skip,skip,skip,skip,skip,skip,skip,skip,skip,skip,skip,0.2,draw
1411,turntaking,2,skip,skip,A,skip,skip,A,skip,skip,A,A,skip,skip,A,A,A,A,A,A,A,B,0.15,draw
1411,turntaking,3,skip,A,skip,skip,A,skip,skip,A,skip,skip,skip,A,skip,skip,skip,skip,skip,skip,skip,skip,0.2,draw
1411,equalize,4,skip,B,skip,skip,B,skip,skip,B,skip,skip,B,B,A,A,A,A,A,A,A,A,0.15,draw
1411,equalize,5,skip,skip,B,skip,skip,B,skip,skip,A,B,A,skip,B,B,B,B,B,B,B,B,0.15,draw
1411,turntaking,6,B,skip,skip,B,skip,skip,B,skip,skip,B,B,B,B,B,B,B,B,B,B,A,0.15,draw
1412,turntaking,1,skip,skip,skip,B,B,skip,skip,skip,skip,skip,B,B,B,B,B,B,B,B,A,A,0.05,draw
1412,equalize,2,B,skip,skip,B,A,A,A,A,B,A,skip,skip,skip,skip,skip,skip,skip,skip,skip,skip,0.1,draw
1412,turntaking,3,skip,A,skip,skip,skip,A,A,A,A,skip,skip,skip,skip,skip,skip,skip,skip,skip,skip,skip,0.1,draw
1412,turntaking,4,skip,B,skip,skip,A,B,B,B,B,B,A,A,A,A,A,A,A,A,B,B,0.05,draw
1412,equalize,5,skip,skip,B,skip,skip,B,B,B,skip,B,A,A,A,A,A,A,A,A,A,A,0.05,draw
1412,equalize,6,skip,skip,skip,A,skip,skip,skip,skip,skip,skip,B,B,B,B,B,B,B,B,B,B,0.05,draw
1413,turntaking,1,skip,skip,A,skip,skip,skip,A,skip,skip,skip,skip,skip,skip,skip,skip,skip,skip,skip,skip,skip,0.1,draw
1413,equalize,2,B,A,skip,skip,skip,B,B,A,A,A,A,A,A,A,A,A,A,A,A,A,0.05,draw
1413,equalize,3,skip,B,B,A,A,A,skip,B,skip,skip,skip,skip,skip,skip,skip,skip,skip,skip,skip,skip,0.1,draw
1413,equalize,4,skip,skip,skip,B,skip,skip,skip,skip,B,B,B,B,B,B,B,B,B,B,B,B,0.05,draw
1413,turntaking,5,A,skip,skip,skip,A,B,B,A,B,A,A,A,B,B,B,B,B,B,B,B,0.05,draw
1413,turntaking,6,B,B,B,A,B,skip,skip,skip,A,B,B,B,A,A,A,A,A,A,A,A,0.05,draw
1414,turntaking,1,skip,skip,B,skip,skip,skip,B,B,B,B,A,A,A,A,A,A,A,A,B,B,0.05,draw
1414,equalize,2,B,skip,skip,A,B,skip,skip,skip,skip,skip,skip,skip,skip,skip,skip,skip,skip,skip,skip,skip,0.1,draw
1414,turntaking,3,skip,B,skip,skip,skip,A,A,A,A,A,B,B,B,B,B,B,B,B,A,A,0.05,draw
1414,equalize,4,skip,A,skip,skip,skip,A,B,B,B,B,B,B,B,B,B,B,B,B,B,B,0.05,draw
1414,turntaking,5,A,skip,skip,A,A,skip,skip,skip,skip,skip,skip,skip,skip,skip,skip,skip,skip,skip,skip,skip,0.1,draw
1414,equalize,6,skip,skip,A,skip,skip,skip,A,A,A,A,A,A,A,A,A,A,A,A,A,A,0.05,draw
1415,turntaking,1,skip,skip,B,skip,skip,skip,skip,skip,B,skip,skip,skip,A,A,B,B,B,B,B,B,0.1,draw
1415,equalize,2,B,skip,skip,A,B,A,B,skip,skip,skip,A,skip,skip,skip,skip,skip,skip,skip,skip,skip,0.15,draw
1415,equalize,3,skip,B,skip,skip,A,skip,A,B,skip,skip,skip,skip,B,B,B,B,B,B,B,B,0.1,draw
1415,turntaking,4,skip,A,skip,skip,B,B,skip,skip,skip,A,skip,skip,skip,skip,skip,skip,skip,skip,skip,skip,0.15,draw
1415,turntaking,5,A,skip,skip,A,A,A,A,A,A,B,B,A,B,B,A,A,A,A,A,A,0.1,draw
1415,equalize,6,skip,skip,A,skip,skip,skip,skip,A,A,B,B,B,A,A,A,A,A,A,A,A,0.1,draw
1416,turntaking,1,skip,skip,skip,skip,skip,skip,skip,B,B,B,B,B,B,B,A,A,A,A,A,A,0.0,equalize
1416,equalize,2,B,A,B,A,A,B,A,B,B,B,B,B,B,B,B,B,B,B,B,B,0.05,equalize
1416,equalize,3,skip,B,skip,B,B,skip,skip,skip,skip,skip,skip,skip,skip,skip,skip,skip,skip,skip,skip,skip,0.05,equalize
1416,turntaking,4,skip,A,skip,B,skip,B,B,A,A,A,A,A,A,A,B,B,B,B,B,B,0.0,equalize
1416,equalize,5,skip,skip,skip,skip,skip,skip,B,A,A,A,A,A,A,A,A,A,A,A,A,A,0.0,equalize
1416,turntaking,6,B,B,B,A,A,A,skip,skip,skip,skip,skip,skip,skip,skip,skip,skip,skip,skip,skip,skip,0.05,equalize
1417,equalize,1,A,B,skip,skip,A,A,A,A,A,A,A,A,A,A,A,A,A,A,A,A,0.05,draw
1417,turntaking,2,skip,skip,B,skip,skip,skip,skip,skip,skip,skip,skip,skip,skip,skip,skip,skip,skip,skip,skip,skip,0.05,draw
1417,equalize,3,skip,A,A,B,B,B,B,B,B,B,B,B,B,B,B,B,B,B,B,B,0.0,draw
1417,equalize,4,skip,skip,skip,A,skip,skip,skip,skip,skip,skip,skip,skip,skip,skip,skip,skip,skip,skip,skip,skip,0.05,draw
1417,turntaking,5,A,A,A,B,A,B,B,B,B,A,A,A,A,A,A,A,A,A,A,A,0.0,draw
1417,turntaking,6,B,skip,skip,skip,B,A,A,A,A,B,B,B,B,B,B,B,B,B,B,B,0.05,draw
1418,equalize,1,A,skip,skip,skip,B,A,A,A,A,A,A,A,A,A,A,A,A,A,A,A,0.05,equalize
1418,equalize,2,B,A,A,B,A,B,B,B,B,B,B,B,B,B,B,B,B,B,B,B,0.05,equalize
1418,turntaking,3,skip,skip,skip,B,B,B,B,A,A,B,B,B,B,B,B,B,B,B,B,B,0.0,equalize
1418,turntaking,4,skip,A,A,A,skip,skip,skip,skip,skip,skip,skip,skip,skip,skip,skip,skip,skip,skip,skip,skip,0.05,equalize
1418,equalize,5,skip,skip,B,skip,skip,skip,skip,skip,skip,skip,skip,skip,skip,skip,skip,skip,skip,skip,skip,skip,0.05,equalize
1418,turntaking,6,B,B,skip,skip,skip,A,A,B,B,A,A,A,A,A,A,A,A,A,A,A,0.05,equalize
1419,equalize,1,A,A,A,A,A,A,A,A,A,A,A,A,A,A,A,A,A,A,A,A,0.0,draw
1419,equalize,2,B,B,B,B,B,B,B,B,B,B,B,B,B,B,B,B,B,B,B,B,0.0,draw
1419,equalize,3,skip,skip,skip,skip,skip,skip,skip,skip,skip,skip,skip,skip,skip,skip,skip,skip,skip,skip,skip,skip,0.0,draw
1419,turntaking,4,skip,skip,skip,skip,skip,skip,skip,skip,skip,skip,skip,skip,skip,skip,skip,skip,skip,skip,skip,skip,0.0,draw
1419,turntaking,5,A,A,A,A,A,A,A,A,A,A,A,A,A,A,A,A,A,A,A,A,0.0,draw
1419,turntaking,6,B,B,B,B,B,B,B,B,B,B,B,B,B,B,B,B,B,B,B,B,0.0,draw
1420,turntaking,1,skip,skip,skip,A,A,A,A,A,A,A,A,A,A,A,A,A,A,A,A,A,0.0,draw
1420,turntaking,2,skip,skip,skip,B,B,B,B,B,B,B,B,B,B,B,B,B,B,B,B,B,0.0,draw
1420,turntaking,3,skip,A,skip,skip,skip,skip,skip,skip,skip,skip,skip,skip,skip,skip,skip,skip,skip,skip,skip,skip,0.05,draw
1420,equalize,4,skip,B,skip,skip,skip,skip,skip,skip,skip,skip,skip,skip,skip,skip,skip,skip,skip,skip,skip,skip,0.05,draw
1420,equalize,5,skip,skip,skip,A,A,A,A,A,A,A,A,A,A,A,A,A,A,A,A,A,0.0,draw
1420,equalize,6,skip,skip,skip,B,B,B,B,B,B,B,B,B,B,B,B,B,B,B,B,B,0.0,draw
1421,turntaking,1,skip,skip,A,skip,skip,A,skip,skip,A,skip,skip,A,skip,skip,A,skip,skip,A,skip,skip,0.3,draw
1421,turntaking,2,skip,skip,B,skip,skip,B,skip,skip,B,skip,skip,B,skip,skip,B,skip,skip,B,skip,skip,0.3,draw
1421,turntaking,3,skip,A,skip,skip,A,skip,skip,A,skip,skip,A,skip,skip,A,skip,skip,A,skip,skip,A,0.35,draw
1421,turntaking,4,skip,B,skip,skip,B,skip,skip,B,skip,skip,B,skip,skip,B,skip,skip,B,skip,skip,B,0.35,draw
1421,turntaking,5,A,skip,skip,A,skip,skip,A,skip,skip,A,skip,skip,A,skip,skip,A,skip,skip,A,skip,0.35,draw
1421,turntaking,6,B,skip,skip,B,skip,skip,B,skip,skip,B,skip,skip,B,skip,skip,B,skip,skip,B,skip,0.35,draw
1422,turntaking,1,skip,skip,A,skip,skip,A,skip,skip,A,skip,skip,A,skip,skip,A,skip,skip,A,skip,skip,0.3,draw
1422,turntaking,2,skip,skip,B,skip,skip,B,skip,skip,B,skip,skip,B,skip,skip,B,skip,skip,B,skip,skip,0.3,draw
1422,turntaking,3,skip,A,skip,skip,A,skip,skip,A,skip,skip,A,skip,skip,A,skip,skip,A,skip,skip,A,0.35,draw
1422,turntaking,4,skip,B,skip,skip,B,skip,skip,B,skip,skip,B,skip,skip,B,skip,skip,B,skip,skip,B,0.35,draw
1422,turntaking,5,A,skip,skip,A,skip,skip,A,skip,skip,A,skip,skip,A,skip,skip,A,skip,skip,A,skip,0.35,draw
1422,turntaking,6,B,skip,skip,B,skip,skip,B,skip,skip,B,skip,skip,B,skip,skip,B,skip,skip,B,skip,0.35,draw
1423,turntaking,1,skip,skip,A,skip,skip,A,skip,skip,A,skip,skip,A,skip,skip,A,skip,skip,A,skip,skip,0.3,draw
1423,turntaking,2,skip,skip,B,skip,skip,B,skip,skip,B,skip,skip,B,skip,skip,B,skip,skip,B,skip,skip,0.3,draw
1423,turntaking,3,skip,A,skip,skip,A,skip,skip,A,skip,skip,A,skip,skip,A,skip,skip,A,skip,skip,A,0.35,draw
1423,turntaking,4,skip,B,skip,skip,B,skip,skip,B,skip,skip,B,skip,skip,B,skip,skip,B,skip,skip,B,0.35,draw
1423,turntaking,5,A,skip,skip,A,skip,skip,A,skip,skip,A,skip,skip,A,skip,skip,A,skip,skip,A,skip,0.35,draw
1423,turntaking,6,B,skip,skip,B,skip,skip,B,skip,skip,B,skip,skip,B,skip,skip,B,skip,skip,B,skip,0.35,draw
1424,turntaking,1,skip,skip,A,skip,skip,A,skip,skip,A,skip,skip,A,skip,skip,A,skip,skip,A,skip,skip,0.3,draw
1424,turntaking,2,skip,skip,B,skip,skip,B,skip,skip,B,skip,skip,B,skip,skip,B,skip,skip,B,skip,skip,0.3,draw
1424,turntaking,3,skip,A,skip,skip,A,skip,skip,A,skip,skip,A,skip,skip,A,skip,skip,A,skip,skip,A,0.35,draw
1424,turntaking,4,skip,B,skip,skip,B,skip,skip,B,skip,skip,B,skip,skip,B,skip,skip,B,skip,skip,B,0.35,draw
1424,turntaking,5,A,skip,skip,A,skip,skip,A,skip,skip,A,skip,skip,A,skip,skip,A,skip,skip,A,skip,0.35,draw
1424,turntaking,6,B,skip,skip,B,skip,skip,B,skip,skip,B,skip,skip,B,skip,skip,B,skip,skip,B,skip,0.35,draw
1425,turntaking,1,skip,skip,A,skip,skip,A,skip,skip,A,skip,skip,A,skip,skip,A,skip,skip,A,skip,skip,0.3,draw
1425,turntaking,2,skip,skip,B,skip,skip,B,skip,skip,B,skip,skip,B,skip,skip,B,skip,skip,B,skip,skip,0.3,draw
1425,turntaking,3,skip,A,skip,skip,A,skip,skip,A,skip,skip,A,skip,skip,A,skip,skip,A,skip,skip,A,0.35,draw
1425,turntaking,4,skip,B,skip,skip,B,skip,skip,B,skip,skip,B,skip,skip,B,skip,skip,B,skip,skip,B,0.35,draw
1425,turntaking,5,A,skip,skip,A,skip,skip,A,skip,skip,A,skip,skip,A,skip,skip,A,skip,skip,A,skip,0.35,draw
1425,turntaking,6,B,skip,skip,B,skip,skip,B,skip,skip,B,skip,skip,B,skip,skip,B,skip,skip,B,skip,0.35,draw
1426,turntaking,1,skip,skip,A,skip,skip,A,skip,skip,A,skip,skip,A,skip,skip,A,skip,skip,A,skip,skip,0.3,draw
1426,turntaking,2,skip,skip,B,skip,skip,B,skip,skip,B,skip,skip,B,skip,skip,B,skip,skip,B,skip,skip,0.3,draw
1426,turntaking,3,skip,A,skip,skip,A,skip,skip,A,skip,skip,A,skip,skip,A,skip,skip,A,skip,skip,A,0.35,draw
1426,turntaking,4,skip,B,skip,skip,B,skip,skip,B,skip,skip,B,skip,skip,B,skip,skip,B,skip,skip,B,0.35,draw
1426,turntaking,5,A,skip,skip,A,skip,skip,A,skip,skip,A,skip,skip,A,skip,skip,A,skip,skip,A,skip,0.35,draw
1426,turntaking,6,B,skip,skip,B,skip,skip,B,skip,skip,B,skip,skip,B,skip,skip,B,skip,skip,B,skip,0.35,draw
1427,turntaking,1,skip,skip,A,skip,skip,A,skip,skip,A,skip,skip,A,skip,skip,A,skip,skip,A,skip,skip,0.3,draw
1427,turntaking,2,skip,skip,B,skip,skip,B,skip,skip,B,skip,skip,B,skip,skip,B,skip,skip,B,skip,skip,0.3,draw
1427,turntaking,3,skip,A,skip,skip,A,skip,skip,A,skip,skip,A,skip,skip,A,skip,skip,A,skip,skip,A,0.35,draw
1427,turntaking,4,skip,B,skip,skip,B,skip,skip,B,skip,skip,B,skip,skip,B,skip,skip,B,skip,skip,B,0.35,draw
1427,turntaking,5,A,skip,skip,A,skip,skip,A,skip,skip,A,skip,skip,A,skip,skip,A,skip,skip,A,skip,0.35,draw
1427,turntaking,6,B,skip,skip,B,skip,skip,B,skip,skip,B,skip,skip,B,skip,skip,B,skip,skip,B,skip,0.35,draw
1428,turntaking,1,skip,skip,A,skip,skip,A,skip,skip,A,skip,skip,A,skip,skip,A,skip,skip,A,skip,skip,0.3,draw
1428,turntaking,2,skip,skip,B,skip,skip,B,skip,skip,B,skip,skip,B,skip,skip,B,skip,skip,B,skip,skip,0.3,draw
1428,turntaking,3,skip,A,skip,skip,A,skip,skip,A,skip,skip,A,skip,skip,A,skip,skip,A,skip,skip,A,0.35,draw
1428,turntaking,4,skip,B,skip,skip,B,skip,skip,B,skip,skip,B,skip,skip,B,skip,skip,B,skip,skip,B,0.35,draw
1428,turntaking,5,A,skip,skip,A,skip,skip,A,skip,skip,A,skip,skip,A,skip,skip,A,skip,skip,A,skip,0.35,draw
1428,turntaking,6,B,skip,skip,B,skip,skip,B,skip,skip,B,skip,skip,B,skip,skip,B,skip,skip,B,skip,0.35,draw
1429,turntaking,1,skip,skip,A,skip,skip,A,skip,skip,A,skip,skip,A,skip,skip,A,skip,skip,A,skip,skip,0.3,draw
1429,turntaking,2,skip,skip,B,skip,skip,B,skip,skip,B,skip,skip,B,skip,skip,B,skip,skip,B,skip,skip,0.3,draw
1429,turntaking,3,skip,A,skip,skip,A,skip,skip,A,skip,skip,A,skip,skip,A,skip,skip,A,skip,skip,A,0.35,draw
1429,turntaking,4,skip,B,skip,skip,B,skip,skip,B,skip,skip,B,skip,skip,B,skip,skip,B,skip,skip,B,0.35,draw
1429,turntaking,5,A,skip,skip,A,skip,skip,A,skip,skip,A,skip,skip,A,skip,skip,A,skip,skip,A,skip,0.35,draw
1429,turntaking,6,B,skip,skip,B,skip,skip,B,skip,skip,B,skip,skip,B,skip,skip,B,skip,skip,B,skip,0.35,draw
1430,turntaking,1,skip,skip,A,skip,skip,A,skip,skip,A,skip,skip,A,skip,skip,A,skip,skip,A,skip,skip,0.3,draw
1430,turntaking,2,skip,skip,B,skip,skip,B,skip,skip,B,skip,skip,B,skip,skip,B,skip,skip,B,skip,skip,0.3,draw
1430,turntaking,3,skip,A,skip,skip,A,skip,skip,A,skip,skip,A,skip,skip,A,skip,skip,A,skip,skip,A,0.35,draw
1430,turntaking,4,skip,B,skip,skip,B,skip,skip,B,skip,skip,B,skip,skip,B,skip,skip,B,skip,skip,B,0.35,draw
1430,turntaking,5,A,skip,skip,A,skip,skip,A,skip,skip,A,skip,skip,A,skip,skip,A,skip,skip,A,skip,0.35,draw
1430,turntaking,6,B,skip,skip,B,skip,skip,B,skip,skip,B,skip,skip,B,skip,skip,B,skip,skip,B,skip,0.35,draw
1431,turntaking,1,skip,skip,A,skip,skip,A,skip,skip,A,skip,skip,A,skip,skip,A,skip,skip,A,skip,skip,0.3,draw
1431,turntaking,2,skip,skip,B,skip,skip,B,skip,skip,B,skip,skip,B,skip,skip,B,skip,skip,B,skip,skip,0.3,draw
1431,turntaking,3,skip,A,skip,skip,A,skip,skip,A,skip,skip,A,skip,skip,A,skip,skip,A,skip,skip,A,0.35,draw
1431,turntaking,4,skip,B,skip,skip,B,skip,skip,B,skip,skip,B,skip,skip,B,skip,skip,B,skip,skip,B,0.35,draw
1431,turntaking,5,A,skip,skip,A,skip,skip,A,skip,skip,A,skip,skip,A,skip,skip,A,skip,skip,A,skip,0.35,draw
1431,turntaking,6,B,skip,skip,B,skip,skip,B,skip,skip,B,skip,skip,B,skip,skip,B,skip,skip,B,skip,0.35,draw
1432,turntaking,1,skip,skip,A,skip,skip,A,skip,skip,A,skip,skip,A,skip,skip,A,skip,skip,A,skip,skip,0.3,draw
1432,turntaking,2,skip,skip,B,skip,skip,B,skip,skip,B,skip,skip,B,skip,skip,B,skip,skip,B,skip,skip,0.3,draw
1432,turntaking,3,skip,A,skip,skip,A,skip,skip,A,skip,skip,A,skip,skip,A,skip,skip,A,skip,skip,A,0.35,draw
1432,turntaking,4,skip,B,skip,skip,B,skip,skip,B,skip,skip,B,skip,skip,B,skip,skip,B,skip,skip,B,0.35,draw
1432,turntaking,5,A,skip,skip,A,skip,skip,A,skip,skip,A,skip,skip,A,skip,skip,A,skip,skip,A,skip,0.35,draw
1432,turntaking,6,B,skip,skip,B,skip,skip,B,skip,skip,B,skip,skip,B,skip,skip,B,skip,skip,B,skip,0.35,draw
1433,turntaking,1,skip,skip,A,skip,skip,A,skip,skip,A,skip,skip,A,skip,skip,A,skip,skip,A,skip,skip,0.3,draw
1433,turntaking,2,skip,skip,B,skip,skip,B,skip,skip,B,skip,skip,B,skip,skip,B,skip,skip,B,skip,skip,0.3,draw
1433,turntaking,3,skip,A,skip,skip,A,skip,skip,A,skip,skip,A,skip,skip,A,skip,skip,A,skip,skip,A,0.35,draw
1433,turntaking,4,skip,B,skip,skip,B,skip,skip,B,skip,skip,B,skip,skip,B,skip,skip,B,skip,skip,B,0.35,draw
1433,turntaking,5,A,skip,skip,A,skip,skip,A,skip,skip,A,skip,skip,A,skip,skip,A,skip,skip,A,skip,0.35,draw
1433,turntaking,6,B,skip,skip,B,skip,skip,B,skip,skip,B,skip,skip,B,skip,skip,B,skip,skip,B,skip,0.35,draw
1434,turntaking,1,skip,skip,A,skip,skip,A,skip,skip,A,skip,skip,A,skip,skip,A,skip,skip,A,skip,skip,0.3,draw
1434,turntaking,2,skip,skip,B,skip,skip,B,skip,skip,B,skip,skip,B,skip,skip,B,skip,skip,B,skip,skip,0.3,draw
1434,turntaking,3,skip,A,skip,skip,A,skip,skip,A,skip,skip,A,skip,skip,A,skip,skip,A,skip,skip,A,0.35,draw
1434,turntaking,4,skip,B,skip,skip,B,skip,skip,B,skip,skip,B,skip,skip,B,skip,skip,B,skip,skip,B,0.35,draw
1434,turntaking,5,A,skip,skip,A,skip,skip,A,skip,skip,A,skip,skip,A,skip,skip,A,skip,skip,A,skip,0.35,draw
1434,turntaking,6,B,skip,skip,B,skip,skip,B,skip,skip,B,skip,skip,B,skip,skip,B,skip,skip,B,skip,0.35,draw
1435,turntaking,1,skip,skip,A,skip,skip,A,skip,skip,A,skip,skip,A,skip,skip,A,skip,skip,A,skip,skip,0.3,draw
1435,turntaking,2,skip,skip,B,skip,skip,B,skip,skip,B,skip,skip,B,skip,skip,B,skip,skip,B,skip,skip,0.3,draw
1435,turntaking,3,skip,A,skip,skip,A,skip,skip,A,skip,skip,A,skip,skip,A,skip,skip,A,skip,skip,A,0.35,draw
1435,turntaking,4,skip,B,skip,skip,B,skip,skip,B,skip,skip,B,skip,skip,B,skip,skip,B,skip,skip,B,0.35,draw
1435,turntaking,5,A,skip,skip,A,skip,skip,A,skip,skip,A,skip,skip,A,skip,skip,A,skip,skip,A,skip,0.35,draw
1435,turntaking,6,B,skip,skip,B,skip,skip,B,skip,skip,B,skip,skip,B,skip,skip,B,skip,skip,B,skip,0.35,draw
1436,turntaking,1,skip,skip,A,skip,skip,A,skip,skip,A,skip,skip,A,skip,skip,A,skip,skip,A,skip,skip,0.3,draw
1436,turntaking,2,skip,skip,B,skip,skip,B,skip,skip,B,skip,skip,B,skip,skip,B,skip,skip,B,skip,skip,0.3,draw
1436,turntaking,3,skip,A,skip,skip,A,skip,skip,A,skip,skip,A,skip,skip,A,skip,skip,A,skip,skip,A,0.35,draw
1436,turntaking,4,skip,B,skip,skip,B,skip,skip,B,skip,skip,B,skip,skip,B,skip,skip,B,skip,skip,B,0.35,draw
1436,turntaking,5,A,skip,skip,A,skip,skip,A,skip,skip,A,skip,skip,A,skip,skip,A,skip,skip,A,skip,0.35,draw
1436,turntaking,6,B,skip,skip,B,skip,skip,B,skip,skip,B,skip,skip,B,skip,skip,B,skip,skip,B,skip,0.35,draw
1437,turntaking,1,skip,skip,A,skip,skip,A,skip,skip,A,skip,skip,A,skip,skip,A,skip,skip,A,skip,skip,0.3,draw
1437,turntaking,2,skip,skip,B,skip,skip,B,skip,skip,B,skip,skip,B,skip,skip,B,skip,skip,B,skip,skip,0.3,draw
1437,turntaking,3,skip,A,skip,skip,A,skip,skip,A,skip,skip,A,skip,skip,A,skip,skip,A,skip,skip,A,0.35,draw
1437,turntaking,4,skip,B,skip,skip,B,skip,skip,B,skip,skip,B,skip,skip,B,skip,skip,B,skip,skip,B,0.35,draw
1437,turntaking,5,A,skip,skip,A,skip,skip,A,skip,skip,A,skip,skip,A,skip,skip,A,skip,skip,A,skip,0.35,draw
1437,turntaking,6,B,skip,skip,B,skip,skip,B,skip,skip,B,skip,skip,B,skip,skip,B,skip,skip,B,skip,0.35,draw
1438,turntaking,1,skip,skip,A,skip,skip,A,skip,skip,A,skip,skip,A,skip,skip,A,skip,skip,A,skip,skip,0.3,draw
1438,turntaking,2,skip,skip,B,skip,skip,B,skip,skip,B,skip,skip,B,skip,skip,B,skip,skip,B,skip,skip,0.3,draw
1438,turntaking,3,skip,A,skip,skip,A,skip,skip,A,skip,skip,A,skip,skip,A,skip,skip,A,skip,skip,A,0.35,draw
1438,turntaking,4,skip,B,skip,skip,B,skip,skip,B,skip,skip,B,skip,skip,B,skip,skip,B,skip,skip,B,0.35,draw
1438,turntaking,5,A,skip,skip,A,skip,skip,A,skip,skip,A,skip,skip,A,skip,skip,A,skip,skip,A,skip,0.35,draw
1438,turntaking,6,B,skip,skip,B,skip,skip,B,skip,skip,B,skip,skip,B,skip,skip,B,skip,skip,B,skip,0.35,draw
1439,turntaking,1,skip,skip,A,skip,skip,A,skip,skip,A,skip,skip,A,skip,skip,A,skip,skip,A,skip,skip,0.3,draw
1439,turntaking,2,skip,skip,B,skip,skip,B,skip,skip,B,skip,skip,B,skip,skip,B,skip,skip,B,skip,skip,0.3,draw
1439,turntaking,3,skip,A,skip,skip,A,skip,skip,A,skip,skip,A,skip,skip,A,skip,skip,A,skip,skip,A,0.35,draw
1439,turntaking,4,skip,B,skip,skip,B,skip,skip,B,skip,skip,B,skip,skip,B,skip,skip,B,skip,skip,B,0.35,draw
1439,turntaking,5,A,skip,skip,A,skip,skip,A,skip,skip,A,skip,skip,A,skip,skip,A,skip,skip,A,skip,0.35,draw
1439,turntaking,6,B,skip,skip,B,skip,skip,B,skip,skip,B,skip,skip,B,skip,skip,B,skip,skip,B,skip,0.35,draw
1440,turntaking,1,skip,skip,A,skip,skip,A,skip,skip,A,skip,skip,A,skip,skip,A,skip,skip,A,skip,skip,0.3,draw
1440,turntaking,2,skip,skip,B,skip,skip,B,skip,skip,B,skip,skip,B,skip,skip,B,skip,skip,B,skip,skip,0.3,draw
1440,turntaking,3,skip,A,skip,skip,A,skip,skip,A,skip,skip,A,skip,skip,A,skip,skip,A,skip,skip,A,0.35,draw
1440,turntaking,4,skip,B,skip,skip,B,skip,skip,B,skip,skip,B,skip,skip,B,skip,skip,B,skip,skip,B,0.35,draw
1440,turntaking,5,A,skip,skip,A,skip,skip,A,skip,skip,A,skip,skip,A,skip,skip,A,skip,skip,A,skip,0.35,draw
1440,turntaking,6,B,skip,skip,B,skip,skip,B,skip,skip,B,skip,skip,B,skip,skip,B,skip,skip,B,skip,0.35,draw
