Match,Strategy,Position,Round1,Round2,Round3,Round4,Round5,Round6,Round7,Round8,Round9,Round10,Round11,Round12,Round13,Round14,Round15,Round16,Round17,Round18,Round19,Round20,Win,Winner
1,random,1,C,skip,E,B,B,A,D,skip,E,E,C,D,C,skip,B,A,A,E,skip,skip,0.25,draw
1,random,2,A,A,E,skip,C,D,D,E,D,B,D,C,D,E,B,C,E,E,B,skip,0.15,draw
1,random,3,D,A,skip,E,C,A,C,E,C,B,D,D,C,A,E,E,B,A,skip,skip,0.2,draw
1,random,4,E,B,A,skip,A,A,D,C,A,D,D,A,A,E,E,C,E,C,A,C,0.45,draw
1,random,5,C,D,skip,skip,B,D,D,A,B,D,D,C,C,E,D,B,B,C,E,skip,0.3,draw
1,random,6,D,E,B,D,E,skip,C,skip,D,E,D,skip,skip,B,E,D,E,A,A,B,0.35,draw
2,random,1,skip,skip,B,skip,A,C,C,B,D,B,C,A,D,E,C,E,E,E,skip,E,0.4,draw
2,random,2,B,A,D,skip,B,E,D,skip,E,E,E,B,A,E,skip,A,skip,skip,skip,E,0.35,draw
2,random,3,skip,A,D,B,B,E,E,D,skip,C,B,E,skip,A,B,C,E,C,D,C,0.45,draw
2,random,4,skip,A,C,E,A,A,C,E,C,skip,A,skip,C,skip,A,D,E,C,B,skip,0.3,draw
2,random,5,skip,A,C,E,C,B,B,D,D,D,A,C,D,D,E,C,B,C,A,B,0.4,draw
2,random,6,D,E,D,A,D,D,B,A,skip,B,E,D,C,C,E,skip,skip,B,E,E,0.5,draw
3,random,1,B,C,E,D,skip,C,E,A,C,B,E,A,C,D,skip,skip,D,skip,B,D,0.25,draw
3,random,2,A,A,C,E,D,D,skip,E,skip,skip,E,D,skip,B,B,B,skip,E,skip,A,0.2,draw
3,random,3,E,D,B,C,D,C,E,A,C,B,A,B,D,B,D,B,E,B,A,D,0.5,draw
3,random,4,A,A,C,E,D,A,A,B,E,A,C,A,A,A,A,E,B,D,A,A,0.35,draw
3,random,5,skip,A,D,E,A,skip,E,D,E,E,E,C,A,E,E,A,skip,skip,C,A,0.4,draw
3,random,6,B,A,skip,skip,D,D,E,C,A,D,E,E,C,A,A,A,D,D,skip,B,0.25,draw
4,random,1,A,skip,skip,E,A,C,B,C,skip,E,E,C,C,C,B,D,skip,E,skip,D,0.3,draw
4,random,2,A,C,C,B,E,C,A,B,skip,A,A,C,B,B,C,A,skip,C,E,B,0.15,draw
4,random,3,D,C,skip,E,A,A,A,B,B,A,E,C,A,B,D,C,D,D,D,B,0.2,draw
4,random,4,A,E,A,A,B,C,A,D,A,E,D,C,E,B,B,D,D,A,B,A,0.4,draw
4,random,5,C,B,A,B,A,C,C,skip,D,A,C,skip,B,A,B,C,E,skip,E,A,0.25,draw
4,random,6,C,skip,C,A,C,C,E,skip,B,C,B,A,A,A,C,B,A,C,D,E,0.4,draw
5,random,1,C,C,D,D,skip,E,skip,D,A,D,skip,E,D,skip,A,skip,A,E,A,B,0.3,draw
5,random,2,A,D,A,D,C,D,A,skip,D,skip,A,B,E,C,A,E,E,skip,skip,skip,0.4,draw
5,random,3,E,B,C,skip,B,skip,skip,D,A,A,C,E,B,E,C,D,A,skip,E,A,0.25,draw
5,random,4,skip,C,C,A,D,E,B,E,D,E,B,E,B,E,E,B,A,B,E,C,0.4,draw
5,random,5,B,D,D,E,E,C,A,skip,skip,skip,E,D,B,E,C,D,E,A,B,skip,0.25,draw
5,random,6,skip,skip,B,E,E,C,skip,C,B,C,skip,B,C,A,E,D,E,B,skip,A,0.3,draw
6,random,1,C,A,A,C,A,C,skip,skip,skip,E,C,E,C,skip,C,E,B,C,D,D,0.1,draw
6,random,2,C,A,D,C,D,C,E,C,D,E,E,E,E,B,D,E,A,D,E,D,0.25,draw
6,random,3,E,A,D,C,A,A,B,E,E,C,C,C,C,D,C,E,skip,A,A,A,0.35,draw
6,random,4,B,D,A,C,D,B,B,B,skip,B,C,B,C,B,A,B,skip,D,D,B,0.3,draw
6,random,5,B,E,skip,E,B,skip,E,skip,A,B,skip,A,C,skip,E,skip,skip,E,C,D,0.25,draw
6,random,6,E,D,E,B,B,A,skip,A,E,D,D,D,C,B,E,C,A,E,E,E,0.4,draw
7,random,1,B,A,C,E,C,C,C,C,D,E,B,A,D,D,D,A,C,D,A,E,0.55,draw
7,random,2,A,E,E,D,B,C,D,E,D,B,D,B,skip,B,B,C,A,B,D,B,0.55,draw
7,random,3,E,B,B,skip,A,E,D,skip,A,D,A,A,D,C,skip,E,B,A,A,skip,0.3,draw
7,random,4,skip,B,A,A,D,B,A,A,E,C,E,D,D,C,C,A,C,B,skip,skip,0.3,draw
7,random,5,E,B,A,E,D,E,B,B,E,A,E,B,D,E,E,B,B,skip,B,C,0.35,draw
7,random,6,B,B,skip,skip,D,B,D,E,C,B,D,B,skip,C,A,D,D,A,B,A,0.25,draw
8,random,1,C,C,C,B,B,B,A,C,C,D,A,C,D,skip,D,B,skip,D,E,D,0.65,draw
8,random,2,E,D,E,A,D,E,B,C,A,skip,skip,A,A,A,D,D,E,B,E,E,0.35,draw
8,random,3,skip,D,A,D,C,D,skip,E,skip,E,D,C,skip,A,B,E,A,A,C,B,0.3,draw
8,random,4,skip,A,D,C,A,A,E,A,E,E,skip,skip,skip,C,C,D,C,skip,skip,B,0.45,draw
8,random,5,E,B,A,C,C,A,C,C,D,skip,B,skip,A,skip,B,C,D,C,B,A,0.4,draw
8,random,6,D,skip,E,E,D,C,C,C,B,skip,D,B,B,A,B,B,A,B,A,C,0.4,draw
9,random,1,skip,D,A,skip,A,B,C,E,A,skip,skip,D,skip,E,C,A,C,D,B,B,0.3,draw
9,random,2,C,B,E,A,C,C,skip,B,D,E,D,E,E,D,C,A,D,skip,A,A,0.35,draw
9,random,3,E,A,A,C,C,A,B,E,A,E,A,skip,skip,B,E,B,skip,D,B,skip,0.35,draw
9,random,4,D,D,A,E,B,C,skip,A,A,E,D,C,A,C,C,B,C,C,C,A,0.3,draw
9,random,5,A,C,E,D,E,C,E,D,C,B,B,skip,A,A,E,E,D,skip,skip,C,0.55,draw
9,random,6,D,skip,D,skip,D,skip,E,E,B,D,C,B,E,D,E,D,C,C,B,D,0.4,draw
10,random,1,D,D,A,E,D,B,skip,A,A,skip,E,A,C,B,C,D,skip,D,skip,C,0.3,draw
10,random,2,B,skip,C,A,C,C,E,D,A,skip,D,E,E,skip,D,B,A,A,B,E,0.35,draw
10,random,3,skip,C,D,E,B,C,A,A,A,C,D,skip,E,D,E,C,D,C,skip,skip,0.15,draw
10,random,4,D,A,skip,skip,C,skip,B,D,B,skip,E,B,D,C,E,C,A,C,A,C,0.25,draw
10,random,5,D,B,D,A,skip,C,A,E,E,B,D,C,A,C,C,E,E,D,B,B,0.35,draw
10,random,6,B,C,A,D,E,A,C,C,D,C,B,B,C,C,C,E,E,D,D,A,0.45,draw
11,random,1,D,A,skip,C,D,D,D,B,A,C,C,skip,skip,A,A,A,skip,C,C,skip,0.4,draw
11,random,2,C,skip,D,A,C,A,D,D,A,skip,skip,skip,skip,B,skip,B,A,A,C,C,0.2,draw
11,random,3,skip,skip,C,skip,skip,A,B,B,A,C,A,B,C,D,D,skip,E,A,C,skip,0.25,draw
11,random,4,A,skip,A,D,skip,C,A,D,A,C,B,skip,E,skip,E,B,skip,skip,B,A,0.4,draw
11,random,5,A,E,skip,B,D,skip,C,B,C,skip,A,D,D,E,C,A,A,skip,C,A,0.35,draw
11,random,6,A,C,D,skip,B,E,C,C,B,C,D,B,skip,B,B,C,E,A,D,E,0.5,draw
12,random,1,A,E,skip,E,B,D,D,skip,C,D,A,A,D,E,skip,E,E,B,D,D,0.25,draw
12,random,2,A,A,D,A,C,skip,E,A,D,A,B,E,A,E,C,B,C,A,C,E,0.6,draw
12,random,3,skip,E,E,B,E,B,D,D,A,skip,D,A,A,C,E,E,E,D,C,C,0.25,draw
12,random,4,A,B,B,E,E,E,D,B,B,E,C,E,D,D,B,B,B,D,A,A,0.35,draw
12,random,5,C,D,E,E,C,D,D,B,B,C,skip,B,skip,C,A,C,B,skip,D,D,0.2,draw
12,random,6,A,D,B,D,C,C,A,E,E,B,D,B,A,E,B,E,A,D,skip,C,0.35,draw
13,random,1,B,skip,A,B,skip,skip,C,D,E,A,B,skip,D,skip,D,C,A,B,B,A,0.35,draw
13,random,2,skip,A,C,E,A,D,D,E,D,B,A,A,E,C,D,C,A,D,E,C,0.3,draw
13,random,3,B,D,B,E,B,B,B,skip,B,skip,skip,D,skip,skip,skip,E,D,E,B,C,0.2,draw
13,random,4,C,D,A,C,B,skip,D,C,A,skip,C,A,D,skip,D,D,skip,E,E,C,0.3,draw
13,random,5,B,B,skip,E,A,skip,C,A,D,B,skip,skip,E,C,skip,E,A,E,A,skip,0.1,draw
13,random,6,skip,E,B,D,skip,skip,C,B,B,B,D,C,E,C,E,skip,B,C,A,C,0.4,draw
14,random,1,E,C,C,E,C,skip,C,A,B,D,A,D,D,skip,B,A,A,C,E,A,0.3,draw
14,random,2,A,D,E,A,C,B,A,C,B,A,E,E,C,D,skip,A,B,A,D,skip,0.3,draw
14,random,3,B,A,B,B,C,D,A,D,A,E,E,B,E,skip,E,skip,skip,B,D,C,0.4,draw
14,random,4,C,E,A,C,A,E,skip,A,skip,skip,skip,E,C,A,B,C,skip,A,B,D,0.45,draw
14,random,5,A,B,B,B,E,skip,skip,B,A,A,E,A,D,skip,skip,C,A,E,A,B,0.25,draw
14,random,6,E,skip,C,E,C,C,skip,B,E,E,A,E,C,skip,E,E,B,C,D,B,0.15,draw
15,random,1,A,B,D,E,skip,B,A,C,skip,B,C,D,B,E,E,D,E,skip,B,A,0.35,draw
15,random,2,E,A,E,C,skip,D,E,A,A,E,C,E,skip,C,skip,E,skip,B,D,B,0.6,draw
15,random,3,C,B,A,E,D,B,skip,C,E,skip,E,A,skip,skip,D,C,D,skip,C,E,0.4,draw
15,random,4,skip,skip,C,E,E,skip,E,A,B,A,A,D,A,D,D,A,A,E,A,E,0.25,draw
15,random,5,B,D,E,B,E,B,C,D,B,C,D,A,B,A,D,skip,B,E,skip,A,0.35,draw
15,random,6,B,skip,E,E,skip,E,B,A,B,D,D,A,A,skip,E,D,A,D,A,C,0.25,draw
16,rotate,1,A,B,C,D,E,skip,A,B,C,D,E,skip,A,B,C,D,E,skip,A,B,0.45,rotate
16,random,2,A,E,E,B,skip,B,D,skip,E,A,E,skip,skip,skip,E,skip,skip,C,E,B,0.2,rotate
16,random,3,skip,D,skip,D,B,C,B,B,skip,D,E,skip,B,E,A,E,E,E,A,A,0.2,rotate
16,rotate,4,D,E,skip,A,B,C,D,E,skip,A,B,C,D,E,skip,A,B,C,D,E,0.5,rotate
16,rotate,5,E,skip,A,B,C,D,E,skip,A,B,C,D,E,skip,A,B,C,D,E,skip,0.65,rotate
16,rotate,6,skip,A,B,C,D,E,skip,A,B,C,D,E,skip,A,B,C,D,E,skip,A,0.7,rotate
17,rotate,1,A,B,C,D,E,skip,A,B,C,D,E,skip,A,B,C,D,E,skip,A,B,0.55,rotate
17,rotate,2,B,C,D,E,skip,A,B,C,D,E,skip,A,B,C,D,E,skip,A,B,C,0.5,rotate
17,random,3,D,skip,skip,E,B,A,A,C,skip,D,A,E,E,C,E,E,C,A,skip,D,0.2,rotate
17,rotate,4,D,E,skip,A,B,C,D,E,skip,A,B,C,D,E,skip,A,B,C,D,E,0.65,rotate
17,rotate,5,E,skip,A,B,C,D,E,skip,A,B,C,D,E,skip,A,B,C,D,E,skip,0.55,rotate
17,random,6,C,skip,C,C,C,E,E,E,B,A,D,D,B,B,C,skip,skip,E,A,skip,0.3,rotate
18,rotate,1,A,B,C,D,E,skip,A,B,C,D,E,skip,A,B,C,D,E,skip,A,B,0.45,rotate
18,rotate,2,B,C,D,E,skip,A,B,C,D,E,skip,A,B,C,D,E,skip,A,B,C,0.5,rotate
18,random,3,skip,C,A,E,E,D,B,skip,B,E,D,B,C,D,C,E,A,A,E,B,0.2,rotate
18,random,4,skip,skip,A,C,E,C,A,B,A,B,A,C,D,B,C,D,E,D,D,C,0.25,rotate
18,rotate,5,E,skip,A,B,C,D,E,skip,A,B,C,D,E,skip,A,B,C,D,E,skip,0.5,rotate
18,rotate,6,skip,A,B,C,D,E,skip,A,B,C,D,E,skip,A,B,C,D,E,skip,A,0.65,rotate
19,rotate,1,A,B,C,D,E,skip,A,B,C,D,E,skip,A,B,C,D,E,skip,A,B,0.6,rotate
19,random,2,skip,E,D,B,C,B,skip,E,C,B,skip,B,E,D,A,A,A,skip,A,A,0.2,rotate
19,rotate,3,C,D,E,skip,A,B,C,D,E,skip,A,B,C,D,E,skip,A,B,C,D,0.6,rotate
19,rotate,4,D,E,skip,A,B,C,D,E,skip,A,B,C,D,E,skip,A,B,C,D,E,0.5,rotate
19,random,5,skip,B,D,A,E,D,B,skip,C,A,A,B,B,skip,A,D,B,A,skip,E,0.2,rotate
19,rotate,6,skip,A,B,C,D,E,skip,A,B,C,D,E,skip,A,B,C,D,E,skip,A,0.75,rotate
20,rotate,1,A,B,C,D,E,skip,A,B,C,D,E,skip,A,B,C,D,E,skip,A,B,0.55,rotate
20,rotate,2,B,C,D,E,skip,A,B,C,D,E,skip,A,B,C,D,E,skip,A,B,C,0.65,rotate
20,random,3,E,skip,C,A,B,A,E,A,D,B,skip,D,B,A,A,C,skip,skip,skip,D,0.25,rotate
20,rotate,4,D,E,skip,A,B,C,D,E,skip,A,B,C,D,E,skip,A,B,C,D,E,0.6,rotate
20,random,5,D,A,C,C,D,C,D,skip,C,B,skip,A,A,skip,E,D,E,D,skip,B,0.1,rotate
20,rotate,6,skip,A,B,C,D,E,skip,A,B,C,D,E,skip,A,B,C,D,E,skip,A,0.5,rotate
21,rotate,1,A,B,C,D,E,skip,A,B,C,D,E,skip,A,B,C,D,E,skip,A,B,0.65,rotate
21,rotate,2,B,C,D,E,skip,A,B,C,D,E,skip,A,B,C,D,E,skip,A,B,C,0.55,rotate
21,rotate,3,C,D,E,skip,A,B,C,D,E,skip,A,B,C,D,E,skip,A,B,C,D,0.6,rotate
21,rotate,4,D,E,skip,A,B,C,D,E,skip,A,B,C,D,E,skip,A,B,C,D,E,0.6,rotate
21,random,5,D,B,A,D,D,A,C,A,D,E,A,skip,C,skip,C,C,skip,D,E,A,0.25,rotate
21,random,6,E,D,A,B,B,D,B,E,C,A,C,A,B,D,B,B,B,skip,skip,A,0.3,rotate
22,random,1,D,D,skip,skip,C,A,C,E,skip,E,B,C,E,E,C,skip,A,A,D,skip,0.1,rotate
22,random,2,E,B,B,skip,skip,A,B,E,A,C,D,A,D,A,C,B,C,C,A,D,0.2,rotate
22,rotate,3,C,D,E,skip,A,B,C,D,E,skip,A,B,C,D,E,skip,A,B,C,D,0.65,rotate
22,rotate,4,D,E,skip,A,B,C,D,E,skip,A,B,C,D,E,skip,A,B,C,D,E,0.45,rotate
22,rotate,5,E,skip,A,B,C,D,E,skip,A,B,C,D,E,skip,A,B,C,D,E,skip,0.5,rotate
22,rotate,6,skip,A,B,C,D,E,skip,A,B,C,D,E,skip,A,B,C,D,E,skip,A,0.6,rotate
23,random,1,E,C,B,E,C,C,C,C,A,C,B,B,D,B,D,A,C,E,B,D,0.2,rotate
23,rotate,2,B,C,D,E,skip,A,B,C,D,E,skip,A,B,C,D,E,skip,A,B,C,0.5,rotate
23,random,3,E,skip,C,D,E,E,E,C,D,D,B,skip,A,D,B,A,C,A,A,A,0.35,rotate
23,rotate,4,D,E,skip,A,B,C,D,E,skip,A,B,C,D,E,skip,A,B,C,D,E,0.65,rotate
23,rotate,5,E,skip,A,B,C,D,E,skip,A,B,C,D,E,skip,A,B,C,D,E,skip,0.55,rotate
23,rotate,6,skip,A,B,C,D,E,skip,A,B,C,D,E,skip,A,B,C,D,E,skip,A,0.5,rotate
24,random,1,B,A,A,E,B,skip,skip,B,D,E,A,C,C,B,D,C,C,D,B,A,0.15,rotate
24,rotate,2,B,C,D,E,skip,A,B,C,D,E,skip,A,B,C,D,E,skip,A,B,C,0.4,rotate
24,rotate,3,C,D,E,skip,A,B,C,D,E,skip,A,B,C,D,E,skip,A,B,C,D,0.55,rotate
24,rotate,4,D,E,skip,A,B,C,D,E,skip,A,B,C,D,E,skip,A,B,C,D,E,0.6,rotate
24,rotate,5,E,skip,A,B,C,D,E,skip,A,B,C,D,E,skip,A,B,C,D,E,skip,0.65,rotate
24,random,6,B,A,E,E,A,A,D,B,C,D,A,A,B,E,D,skip,skip,C,C,D,0.1,rotate
25,rotate,1,A,B,C,D,E,skip,A,B,C,D,E,skip,A,B,C,D,E,skip,A,B,0.5,rotate
25,random,2,A,A,D,D,C,A,D,D,D,B,A,A,A,A,D,skip,skip,skip,skip,skip,0.3,rotate
25,rotate,3,C,D,E,skip,A,B,C,D,E,skip,A,B,C,D,E,skip,A,B,C,D,0.65,rotate
25,random,4,C,C,C,D,E,E,E,skip,A,C,C,skip,E,E,E,C,E,A,A,skip,0.15,rotate
25,rotate,5,E,skip,A,B,C,D,E,skip,A,B,C,D,E,skip,A,B,C,D,E,skip,0.5,rotate
25,rotate,6,skip,A,B,C,D,E,skip,A,B,C,D,E,skip,A,B,C,D,E,skip,A,0.55,rotate
26,rotate,1,A,B,C,D,E,skip,A,B,C,D,E,skip,A,B,C,D,E,skip,A,B,0.65,rotate
26,rotate,2,B,C,D,E,skip,A,B,C,D,E,skip,A,B,C,D,E,skip,A,B,C,0.7,rotate
26,rotate,3,C,D,E,skip,A,B,C,D,E,skip,A,B,C,D,E,skip,A,B,C,D,0.6,rotate
26,random,4,B,skip,C,B,C,B,D,D,B,E,D,skip,E,D,C,A,D,B,skip,skip,0.2,rotate
26,random,5,B,A,skip,E,E,E,skip,E,C,A,B,skip,E,D,E,C,D,E,E,E,0.25,rotate
26,rotate,6,skip,A,B,C,D,E,skip,A,B,C,D,E,skip,A,B,C,D,E,skip,A,0.45,rotate
27,rotate,1,A,B,C,D,E,skip,A,B,C,D,E,skip,A,B,C,D,E,skip,A,B,0.65,rotate
27,rotate,2,B,C,D,E,skip,A,B,C,D,E,skip,A,B,C,D,E,skip,A,B,C,0.7,rotate
27,rotate,3,C,D,E,skip,A,B,C,D,E,skip,A,B,C,D,E,skip,A,B,C,D,0.5,rotate
27,random,4,E,A,skip,E,E,skip,D,E,E,E,A,E,E,B,E,skip,B,skip,E,A,0.3,rotate
27,rotate,5,E,skip,A,B,C,D,E,skip,A,B,C,D,E,skip,A,B,C,D,E,skip,0.5,rotate
27,random,6,B,D,skip,A,skip,skip,C,D,B,B,A,D,D,B,A,D,A,C,A,E,0.25,rotate
28,random,1,A,D,E,C,A,D,B,C,A,A,E,A,B,skip,E,A,A,D,D,A,0.2,rotate
28,rotate,2,B,C,D,E,skip,A,B,C,D,E,skip,A,B,C,D,E,skip,A,B,C,0.5,rotate
28,rotate,3,C,D,E,skip,A,B,C,D,E,skip,A,B,C,D,E,skip,A,B,C,D,0.45,rotate
28,random,4,D,C,D,E,C,D,skip,skip,B,skip,skip,D,C,skip,C,A,B,C,C,D,0.2,rotate
28,rotate,5,E,skip,A,B,C,D,E,skip,A,B,C,D,E,skip,A,B,C,D,E,skip,0.55,rotate
28,rotate,6,skip,A,B,C,D,E,skip,A,B,C,D,E,skip,A,B,C,D,E,skip,A,0.65,rotate
29,rotate,1,A,B,C,D,E,skip,A,B,C,D,E,skip,A,B,C,D,E,skip,A,B,0.6,rotate
29,random,2,A,skip,skip,A,skip,C,skip,D,A,D,E,C,B,E,skip,D,D,skip,D,E,0.05,rotate
29,rotate,3,C,D,E,skip,A,B,C,D,E,skip,A,B,C,D,E,skip,A,B,C,D,0.7,rotate
29,rotate,4,D,E,skip,A,B,C,D,E,skip,A,B,C,D,E,skip,A,B,C,D,E,0.5,rotate
29,rotate,5,E,skip,A,B,C,D,E,skip,A,B,C,D,E,skip,A,B,C,D,E,skip,0.65,rotate
29,random,6,B,A,D,B,B,skip,skip,C,E,D,E,A,A,C,E,D,D,D,D,E,0.3,rotate
30,random,1,D,D,A,E,C,D,B,E,A,B,E,E,E,skip,E,E,C,C,D,A,0.2,rotate
30,rotate,2,B,C,D,E,skip,A,B,C,D,E,skip,A,B,C,D,E,skip,A,B,C,0.6,rotate
30,rotate,3,C,D,E,skip,A,B,C,D,E,skip,A,B,C,D,E,skip,A,B,C,D,0.6,rotate
30,rotate,4,D,E,skip,A,B,C,D,E,skip,A,B,C,D,E,skip,A,B,C,D,E,0.6,rotate
30,random,5,E,A,A,E,C,E,A,A,E,B,D,A,C,E,skip,B,C,B,B,B,0.2,rotate
30,rotate,6,skip,A,B,C,D,E,skip,A,B,C,D,E,skip,A,B,C,D,E,skip,A,0.5,rotate
31,rotate,1,A,B,C,D,E,skip,A,B,C,D,E,skip,A,B,C,D,E,skip,A,B,0.85,draw
31,rotate,2,B,C,D,E,skip,A,B,C,D,E,skip,A,B,C,D,E,skip,A,B,C,0.85,draw
31,rotate,3,C,D,E,skip,A,B,C,D,E,skip,A,B,C,D,E,skip,A,B,C,D,0.85,draw
31,rotate,4,D,E,skip,A,B,C,D,E,skip,A,B,C,D,E,skip,A,B,C,D,E,0.85,draw
31,rotate,5,E,skip,A,B,C,D,E,skip,A,B,C,D,E,skip,A,B,C,D,E,skip,0.8,draw
31,rotate,6,skip,A,B,C,D,E,skip,A,B,C,D,E,skip,A,B,C,D,E,skip,A,0.8,draw
32,rotate,1,A,B,C,D,E,skip,A,B,C,D,E,skip,A,B,C,D,E,skip,A,B,0.85,draw
32,rotate,2,B,C,D,E,skip,A,B,C,D,E,skip,A,B,C,D,E,skip,A,B,C,0.85,draw
32,rotate,3,C,D,E,skip,A,B,C,D,E,skip,A,B,C,D,E,skip,A,B,C,D,0.85,draw
32,rotate,4,D,E,skip,A,B,C,D,E,skip,A,B,C,D,E,skip,A,B,C,D,E,0.85,draw
32,rotate,5,E,skip,A,B,C,D,E,skip,A,B,C,D,E,skip,A,B,C,D,E,skip,0.8,draw
32,rotate,6,skip,A,B,C,D,E,skip,A,B,C,D,E,skip,A,B,C,D,E,skip,A,0.8,draw
33,rotate,1,A,B,C,D,E,skip,A,B,C,D,E,skip,A,B,C,D,E,skip,A,B,0.85,draw
33,rotate,2,B,C,D,E,skip,A,B,C,D,E,skip,A,B,C,D,E,skip,A,B,C,0.85,draw
33,rotate,3,C,D,E,skip,A,B,C,D,E,skip,A,B,C,D,E,skip,A,B,C,D,0.85,draw
33,rotate,4,D,E,skip,A,B,C,D,E,skip,A,B,C,D,E,skip,A,B,C,D,E,0.85,draw
33,rotate,5,E,skip,A,B,C,D,E,skip,A,B,C,D,E,skip,A,B,C,D,E,skip,0.8,draw
33,rotate,6,skip,A,B,C,D,E,skip,A,B,C,D,E,skip,A,B,C,D,E,skip,A,0.8,draw
34,rotate,1,A,B,C,D,E,skip,A,B,C,D,E,skip,A,B,C,D,E,skip,A,B,0.85,draw
34,rotate,2,B,C,D,E,skip,A,B,C,D,E,skip,A,B,C,D,E,skip,A,B,C,0.85,draw
34,rotate,3,C,D,E,skip,A,B,C,D,E,skip,A,B,C,D,E,skip,A,B,C,D,0.85,draw
34,rotate,4,D,E,skip,A,B,C,D,E,skip,A,B,C,D,E,skip,A,B,C,D,E,0.85,draw
34,rotate,5,E,skip,A,B,C,D,E,skip,A,B,C,D,E,skip,A,B,C,D,E,skip,0.8,draw
34,rotate,6,skip,A,B,C,D,E,skip,A,B,C,D,E,skip,A,B,C,D,E,skip,A,0.8,draw
35,rotate,1,A,B,C,D,E,skip,A,B,C,D,E,skip,A,B,C,D,E,skip,A,B,0.85,draw
35,rotate,2,B,C,D,E,skip,A,B,C,D,E,skip,A,B,C,D,E,skip,A,B,C,0.85,draw
35,rotate,3,C,D,E,skip,A,B,C,D,E,skip,A,B,C,D,E,skip,A,B,C,D,0.85,draw
35,rotate,4,D,E,skip,A,B,C,D,E,skip,A,B,C,D,E,skip,A,B,C,D,E,0.85,draw
35,rotate,5,E,skip,A,B,C,D,E,skip,A,B,C,D,E,skip,A,B,C,D,E,skip,0.8,draw
35,rotate,6,skip,A,B,C,D,E,skip,A,B,C,D,E,skip,A,B,C,D,E,skip,A,0.8,draw
36,rotate,1,A,B,C,D,E,skip,A,B,C,D,E,skip,A,B,C,D,E,skip,A,B,0.85,draw
36,rotate,2,B,C,D,E,skip,A,B,C,D,E,skip,A,B,C,D,E,skip,A,B,C,0.85,draw
36,rotate,3,C,D,E,skip,A,B,C,D,E,skip,A,B,C,D,E,skip,A,B,C,D,0.85,draw
36,rotate,4,D,E,skip,A,B,C,D,E,skip,A,B,C,D,E,skip,A,B,C,D,E,0.85,draw
36,rotate,5,E,skip,A,B,C,D,E,skip,A,B,C,D,E,skip,A,B,C,D,E,skip,0.8,draw
36,rotate,6,skip,A,B,C,D,E,skip,A,B,C,D,E,skip,A,B,C,D,E,skip,A,0.8,draw
37,rotate,1,A,B,C,D,E,skip,A,B,C,D,E,skip,A,B,C,D,E,skip,A,B,0.85,draw
37,rotate,2,B,C,D,E,skip,A,B,C,D,E,skip,A,B,C,D,E,skip,A,B,C,0.85,draw
37,rotate,3,C,D,E,skip,A,B,C,D,E,skip,A,B,C,D,E,skip,A,B,C,D,0.85,draw
37,rotate,4,D,E,skip,A,B,C,D,E,skip,A,B,C,D,E,skip,A,B,C,D,E,0.85,draw
37,rotate,5,E,skip,A,B,C,D,E,skip,A,B,C,D,E,skip,A,B,C,D,E,skip,0.8,draw
37,rotate,6,skip,A,B,C,D,E,skip,A,B,C,D,E,skip,A,B,C,D,E,skip,A,0.8,draw
38,rotate,1,A,B,C,D,E,skip,A,B,C,D,E,skip,A,B,C,D,E,skip,A,B,0.85,draw
38,rotate,2,B,C,D,E,skip,A,B,C,D,E,skip,A,B,C,D,E,skip,A,B,C,0.85,draw
38,rotate,3,C,D,E,skip,A,B,C,D,E,skip,A,B,C,D,E,skip,A,B,C,D,0.85,draw
38,rotate,4,D,E,skip,A,B,C,D,E,skip,A,B,C,D,E,skip,A,B,C,D,E,0.85,draw
38,rotate,5,E,skip,A,B,C,D,E,skip,A,B,C,D,E,skip,A,B,C,D,E,skip,0.8,draw
38,rotate,6,skip,A,B,C,D,E,skip,A,B,C,D,E,skip,A,B,C,D,E,skip,A,0.8,draw
39,rotate,1,A,B,C,D,E,skip,A,B,C,D,E,skip,A,B,C,D,E,skip,A,B,0.85,draw
39,rotate,2,B,C,D,E,skip,A,B,C,D,E,skip,A,B,C,D,E,skip,A,B,C,0.85,draw
39,rotate,3,C,D,E,skip,A,B,C,D,E,skip,A,B,C,D,E,skip,A,B,C,D,0.85,draw
39,rotate,4,D,E,skip,A,B,C,D,E,skip,A,B,C,D,E,skip,A,B,C,D,E,0.85,draw
39,rotate,5,E,skip,A,B,C,D,E,skip,A,B,C,D,E,skip,A,B,C,D,E,skip,0.8,draw
39,rotate,6,skip,A,B,C,D,E,skip,A,B,C,D,E,skip,A,B,C,D,E,skip,A,0.8,draw
40,rotate,1,A,B,C,D,E,skip,A,B,C,D,E,skip,A,B,C,D,E,skip,A,B,0.85,draw
40,rotate,2,B,C,D,E,skip,A,B,C,D,E,skip,A,B,C,D,E,skip,A,B,C,0.85,draw
40,rotate,3,C,D,E,skip,A,B,C,D,E,skip,A,B,C,D,E,skip,A,B,C,D,0.85,draw
40,rotate,4,D,E,skip,A,B,C,D,E,skip,A,B,C,D,E,skip,A,B,C,D,E,0.85,draw
40,rotate,5,E,skip,A,B,C,D,E,skip,A,B,C,D,E,skip,A,B,C,D,E,skip,0.8,draw
40,rotate,6,skip,A,B,C,D,E,skip,A,B,C,D,E,skip,A,B,C,D,E,skip,A,0.8,draw
41,rotate,1,A,B,C,D,E,skip,A,B,C,D,E,skip,A,B,C,D,E,skip,A,B,0.85,draw
41,rotate,2,B,C,D,E,skip,A,B,C,D,E,skip,A,B,C,D,E,skip,A,B,C,0.85,draw
41,rotate,3,C,D,E,skip,A,B,C,D,E,skip,A,B,C,D,E,skip,A,B,C,D,0.85,draw
41,rotate,4,D,E,skip,A,B,C,D,E,skip,A,B,C,D,E,skip,A,B,C,D,E,0.85,draw
41,rotate,5,E,skip,A,B,C,D,E,skip,A,B,C,D,E,skip,A,B,C,D,E,skip,0.8,draw
41,rotate,6,skip,A,B,C,D,E,skip,A,B,C,D,E,skip,A,B,C,D,E,skip,A,0.8,draw
42,rotate,1,A,B,C,D,E,skip,A,B,C,D,E,skip,A,B,C,D,E,skip,A,B,0.85,draw
42,rotate,2,B,C,D,E,skip,A,B,C,D,E,skip,A,B,C,D,E,skip,A,B,C,0.85,draw
42,rotate,3,C,D,E,skip,A,B,C,D,E,skip,A,B,C,D,E,skip,A,B,C,D,0.85,draw
42,rotate,4,D,E,skip,A,B,C,D,E,skip,A,B,C,D,E,skip,A,B,C,D,E,0.85,draw
42,rotate,5,E,skip,A,B,C,D,E,skip,A,B,C,D,E,skip,A,B,C,D,E,skip,0.8,draw
42,rotate,6,skip,A,B,C,D,E,skip,A,B,C,D,E,skip,A,B,C,D,E,skip,A,0.8,draw
43,rotate,1,A,B,C,D,E,skip,A,B,C,D,E,skip,A,B,C,D,E,skip,A,B,0.85,draw
43,rotate,2,B,C,D,E,skip,A,B,C,D,E,skip,A,B,C,D,E,skip,A,B,C,0.85,draw
43,rotate,3,C,D,E,skip,A,B,C,D,E,skip,A,B,C,D,E,skip,A,B,C,D,0.85,draw
43,rotate,4,D,E,skip,A,B,C,D,E,skip,A,B,C,D,E,skip,A,B,C,D,E,0.85,draw
43,rotate,5,E,skip,A,B,C,D,E,skip,A,B,C,D,E,skip,A,B,C,D,E,skip,0.8,draw
43,rotate,6,skip,A,B,C,D,E,skip,A,B,C,D,E,skip,A,B,C,D,E,skip,A,0.8,draw
44,rotate,1,A,B,C,D,E,skip,A,B,C,D,E,skip,A,B,C,D,E,skip,A,B,0.85,draw
44,rotate,2,B,C,D,E,skip,A,B,C,D,E,skip,A,B,C,D,E,skip,A,B,C,0.85,draw
44,rotate,3,C,D,E,skip,A,B,C,D,E,skip,A,B,C,D,E,skip,A,B,C,D,0.85,draw
44,rotate,4,D,E,skip,A,B,C,D,E,skip,A,B,C,D,E,skip,A,B,C,D,E,0.85,draw
44,rotate,5,E,skip,A,B,C,D,E,skip,A,B,C,D,E,skip,A,B,C,D,E,skip,0.8,draw
44,rotate,6,skip,A,B,C,D,E,skip,A,B,C,D,E,skip,A,B,C,D,E,skip,A,0.8,draw
45,rotate,1,A,B,C,D,E,skip,A,B,C,D,E,skip,A,B,C,D,E,skip,A,B,0.85,draw
45,rotate,2,B,C,D,E,skip,A,B,C,D,E,skip,A,B,C,D,E,skip,A,B,C,0.85,draw
45,rotate,3,C,D,E,skip,A,B,C,D,E,skip,A,B,C,D,E,skip,A,B,C,D,0.85,draw
45,rotate,4,D,E,skip,A,B,C,D,E,skip,A,B,C,D,E,skip,A,B,C,D,E,0.85,draw
45,rotate,5,E,skip,A,B,C,D,E,skip,A,B,C,D,E,skip,A,B,C,D,E,skip,0.8,draw
45,rotate,6,skip,A,B,C,D,E,skip,A,B,C,D,E,skip,A,B,C,D,E,skip,A,0.8,draw
46,random3,1,C,C,C,C,C,C,C,C,C,C,B,B,C,C,C,C,C,C,C,C,0.4,random3
46,random,2,C,C,E,D,A,D,D,A,skip,E,A,E,skip,A,E,B,E,D,skip,skip,0.2,random3
46,random,3,A,C,A,C,B,D,A,skip,B,skip,A,A,skip,B,B,B,B,E,skip,B,0.25,random3
46,random3,4,E,E,E,B,B,B,B,B,B,D,D,D,D,D,D,D,D,D,D,D,0.8,random3
46,random3,5,A,A,A,A,A,A,A,C,C,C,B,B,C,C,C,A,A,A,A,A,0.4,random3
46,random3,6,C,C,C,C,E,E,E,E,E,E,E,E,E,E,E,E,E,B,B,B,0.55,random3
47,random3,1,D,D,D,D,D,D,D,E,E,E,D,D,E,E,A,D,D,D,D,D,0.55,random3
47,random3,2,B,B,B,B,B,B,B,B,B,B,D,D,D,D,A,A,A,A,A,A,0.65,random3
47,random,3,C,skip,A,B,A,E,A,D,C,E,B,A,C,C,B,C,E,D,skip,D,0.25,random3
47,random3,4,C,C,C,C,C,C,C,C,C,C,C,C,C,C,A,C,C,C,C,C,0.55,random3
47,random3,5,C,C,C,B,B,E,A,A,A,A,A,A,E,E,E,E,E,E,E,E,0.45,random3
47,random,6,skip,A,E,E,B,E,D,skip,skip,B,E,B,skip,D,skip,B,E,D,B,C,0.35,random3
48,random3,1,E,E,E,E,E,E,E,E,E,E,E,A,A,E,E,E,E,E,E,E,0.55,random3
48,random3,2,D,B,A,A,B,B,B,B,B,B,B,A,A,A,A,A,A,A,A,D,0.3,random3
48,random,3,E,B,skip,C,A,B,B,skip,E,C,E,C,D,D,skip,B,E,B,A,A,0.2,random3
48,random,4,A,D,B,C,E,E,B,D,B,B,B,D,C,E,B,skip,skip,A,A,D,0.15,random3
48,random3,5,C,C,C,C,C,C,C,C,C,C,C,C,C,E,C,C,C,C,C,C,0.75,random3
48,random3,6,D,B,A,A,D,D,D,D,D,D,D,D,B,B,B,B,B,B,B,B,0.55,random3
49,random3,1,B,A,A,A,B,B,A,A,A,A,A,A,A,A,A,A,A,A,A,A,0.7,random3
49,random,2,E,C,D,E,D,B,C,skip,skip,A,B,B,A,D,E,D,C,C,E,B,0.15,random3
49,random3,3,B,B,B,E,E,E,E,E,E,E,E,E,E,E,E,D,D,D,D,D,0.6,random3
49,random3,4,C,C,C,C,C,C,C,C,C,B,B,C,C,C,C,C,C,C,C,C,0.6,random3
49,random,5,skip,skip,B,A,E,skip,skip,C,C,skip,skip,D,A,E,B,E,B,D,C,A,0.05,random3
49,random3,6,E,D,D,D,D,D,D,D,D,D,D,D,B,B,B,B,B,B,B,B,0.65,random3
50,random3,1,C,C,C,C,C,C,C,C,C,C,C,C,C,C,C,C,C,C,A,A,0.75,random3
50,random3,2,D,A,A,A,A,A,A,A,A,A,D,D,A,A,A,A,D,D,D,D,0.65,random3
50,random,3,E,skip,D,C,skip,D,B,B,B,A,D,B,B,skip,D,A,E,C,A,skip,0.1,random3
50,random3,4,D,D,D,E,E,E,E,E,E,E,D,D,D,E,E,E,E,E,E,E,0.5,random3
50,random,5,skip,E,skip,skip,B,A,E,D,C,E,C,B,D,D,D,A,B,C,D,E,0.15,random3
50,random3,6,D,D,B,B,B,B,B,B,B,B,B,B,B,B,B,B,B,B,B,B,0.55,random3
51,random3,1,C,C,E,E,E,E,E,E,E,E,E,E,E,E,E,E,E,A,A,A,0.75,random3
51,random3,2,C,C,C,C,C,C,C,C,C,C,C,C,C,C,C,C,C,C,C,C,0.6,random3
51,random3,3,D,D,D,D,D,D,D,D,D,D,D,D,B,B,B,B,B,B,B,B,0.6,random3
51,random3,4,D,B,B,B,B,B,B,B,B,B,A,A,A,A,A,A,D,D,E,E,0.45,random3
51,random,5,E,A,B,B,E,A,skip,A,E,B,B,D,A,C,A,A,E,D,E,B,0.15,random3
51,random,6,E,B,A,skip,skip,C,C,B,A,D,B,C,B,D,C,B,B,B,C,B,0.15,random3
52,random,1,A,E,skip,D,B,E,D,D,E,B,B,C,C,B,A,B,skip,E,D,B,0.1,random3
52,random,2,skip,C,E,E,A,A,D,D,A,E,A,E,B,A,A,A,C,A,D,skip,0.2,random3
52,random3,3,E,E,E,E,E,E,E,E,E,E,D,E,E,E,C,C,C,A,A,A,0.4,random3
52,random3,4,A,A,A,A,A,A,D,D,A,A,A,E,E,E,E,E,E,E,C,C,0.45,random3
52,random3,5,A,D,D,D,C,C,C,C,C,C,C,C,C,D,D,D,D,D,D,D,0.65,random3
52,random3,6,B,B,B,B,B,B,B,B,B,B,D,E,E,D,D,B,B,B,B,B,0.55,random3
53,random,1,C,skip,D,D,D,E,D,D,B,skip,D,D,A,skip,E,skip,C,C,E,E,0.2,random3
53,random3,2,A,A,A,A,A,A,A,A,A,A,A,A,A,D,D,D,D,D,D,D,0.8,random3
53,random,3,C,skip,D,B,skip,skip,C,skip,A,D,B,B,B,C,D,A,skip,skip,D,E,0.1,random3
53,random3,4,C,C,C,C,C,C,C,C,C,C,C,C,C,C,C,C,C,A,A,A,0.65,random3
53,random3,5,D,D,D,E,E,E,D,D,D,D,D,E,E,E,E,E,E,E,E,E,0.55,random3
53,random3,6,B,B,B,B,B,B,B,B,B,B,B,B,C,C,C,C,B,B,B,B,0.6,random3
54,random,1,skip,skip,B,D,C,B,B,skip,D,C,A,C,D,D,A,skip,skip,D,A,B,0.15,random3
54,random3,2,E,E,E,E,E,E,E,E,E,E,E,E,E,E,E,E,E,E,E,E,0.95,random3
54,random3,3,C,C,C,D,C,B,B,B,B,B,D,D,D,A,B,B,B,B,B,B,0.4,random3
54,random3,4,A,A,A,A,A,A,A,A,A,A,A,A,A,A,A,D,D,A,A,D,0.5,random3
54,random3,5,D,B,B,D,D,D,D,C,C,C,C,C,C,C,C,C,C,C,C,C,0.65,random3
54,random,6,D,E,C,skip,A,A,D,B,A,B,skip,D,B,skip,B,A,D,A,C,D,0.1,random3
55,random3,1,A,D,D,D,D,D,D,E,E,E,E,E,E,E,E,E,E,E,E,E,0.45,random3
55,random,2,A,C,A,E,skip,C,D,B,C,C,skip,A,C,A,A,C,B,D,A,E,0.1,random3
55,random3,3,B,B,B,B,B,B,B,B,D,D,D,D,C,B,B,B,B,B,B,B,0.55,random3
55,random,4,E,C,B,A,skip,E,skip,A,B,C,C,B,E,E,B,C,E,skip,A,A,0.3,random3
55,random3,5,A,D,D,D,D,D,A,A,D,D,D,D,D,D,D,D,D,D,D,D,0.35,random3
55,random3,6,A,A,A,C,C,C,A,A,C,C,C,A,A,A,C,C,C,C,C,C,0.45,random3
56,random3,1,D,D,C,C,C,C,C,C,C,C,C,C,C,C,C,C,C,C,C,C,0.65,random3
56,random3,2,E,E,E,E,E,E,E,E,E,E,E,E,E,E,E,E,E,E,E,E,0.7,random3
56,random3,3,B,B,B,B,B,B,B,B,B,B,B,B,B,B,B,B,B,B,B,B,0.8,random3
56,random,4,C,D,A,skip,D,E,E,C,A,D,skip,A,skip,skip,C,D,skip,skip,E,skip,0.2,random3
56,random,5,E,A,D,skip,E,C,E,skip,B,C,skip,skip,B,E,D,skip,B,A,C,B,0.1,random3
56,random3,6,D,D,D,A,A,A,A,A,A,A,A,A,D,D,D,D,D,D,D,D,0.65,random3
57,random3,1,E,E,B,B,B,B,B,B,B,B,E,E,E,E,A,A,A,A,A,A,0.4,random3
57,random3,2,C,C,C,C,C,C,C,A,A,A,A,A,A,C,C,C,C,C,C,C,0.9,random3
57,random3,3,E,E,B,B,B,E,E,E,E,C,E,E,E,E,B,B,B,B,B,B,0.25,random3
57,random,4,B,A,skip,E,skip,skip,C,skip,skip,B,C,D,B,D,D,B,E,A,B,A,0.2,random3
57,random3,5,A,A,A,D,D,D,D,D,D,D,D,D,D,D,D,D,D,D,D,D,0.6,random3
57,random,6,E,E,A,E,A,skip,E,D,E,C,D,C,A,D,B,E,skip,E,D,A,0.2,random3
58,random,1,B,E,skip,skip,C,C,skip,A,D,B,C,skip,A,B,D,E,C,C,A,C,0.05,random3
58,random3,2,A,A,A,A,A,A,A,A,C,C,C,C,C,C,C,C,C,C,E,E,0.5,random3
58,random3,3,C,C,C,C,C,C,C,B,B,B,A,A,A,E,E,E,E,A,A,C,0.4,random3
58,random,4,skip,B,C,A,skip,A,C,B,B,skip,skip,E,C,C,D,E,E,C,A,E,0.05,random3
58,random3,5,D,D,D,D,D,D,D,D,D,D,D,D,D,D,D,D,D,D,D,D,0.9,random3
58,random3,6,A,E,E,E,E,E,E,E,E,E,E,E,B,B,B,B,B,B,B,B,0.8,random3
59,random3,1,E,E,E,E,B,B,E,B,B,B,B,E,E,E,E,D,E,E,E,E,0.45,random3
59,random,2,A,E,E,E,E,B,E,skip,C,C,A,B,D,skip,E,skip,D,skip,C,C,0.15,random3
59,random3,3,C,C,D,D,D,D,D,D,D,D,D,D,D,B,B,B,B,B,B,B,0.8,random3
59,random3,4,B,B,B,C,C,A,A,A,A,A,A,A,A,A,A,A,A,A,A,A,0.75,random3
59,random3,5,E,E,E,C,C,C,C,C,C,C,C,C,C,C,C,C,C,C,C,C,0.45,random3
59,random,6,skip,C,B,A,E,C,D,C,C,E,B,E,E,A,E,D,B,D,C,skip,0.15,random3
60,random,1,B,skip,C,D,A,C,D,C,B,skip,A,A,skip,skip,A,E,E,skip,C,D,0.2,random3
60,random3,2,C,C,A,A,A,A,A,A,D,D,D,D,C,D,D,D,C,C,C,C,0.35,random3
60,random3,3,C,D,D,D,C,C,A,E,D,D,D,D,C,A,A,A,A,A,A,A,0.4,random3
60,random3,4,E,E,E,E,E,D,D,E,D,D,E,E,E,E,E,E,E,E,D,D,0.5,random3
60,random,5,A,C,A,E,E,E,D,A,B,C,skip,D,C,A,skip,D,B,E,C,B,0.15,random3
60,random3,6,B,B,B,B,B,B,B,B,B,B,B,B,B,B,B,B,B,B,B,B,0.8,random3
61,random3,1,B,B,B,B,B,B,B,B,B,B,B,B,B,D,D,B,B,B,B,B,0.55,random3
61,rotate,2,B,C,D,E,skip,A,B,C,D,E,skip,A,B,C,D,E,skip,A,B,C,0.05,random3
61,rotate,3,C,D,E,skip,A,B,C,D,E,skip,A,B,C,D,E,skip,A,B,C,D,0.05,random3
61,random3,4,D,D,D,D,D,D,D,D,D,C,C,C,C,C,C,C,C,C,C,C,0.6,random3
61,random3,5,C,C,A,A,A,A,A,A,A,A,A,A,A,A,A,A,A,A,E,E,0.6,random3
61,random3,6,E,E,E,E,E,E,E,E,E,E,E,E,E,E,E,E,D,D,D,D,0.65,random3
62,random3,1,D,D,C,C,C,C,C,D,C,C,C,C,C,C,C,C,C,C,C,C,0.6,random3
62,random3,2,E,E,E,E,E,E,E,E,E,D,D,D,D,D,D,D,D,B,D,D,0.55,random3
62,rotate,3,C,D,E,skip,A,B,C,D,E,skip,A,B,C,D,E,skip,A,B,C,D,0.05,random3
62,random3,4,B,B,B,B,B,B,B,B,B,B,B,B,A,A,A,A,A,A,A,A,0.65,random3
62,random3,5,A,A,A,A,A,A,A,A,A,A,A,E,E,E,E,E,E,E,D,B,0.6,random3
62,rotate,6,skip,A,B,C,D,E,skip,A,B,C,D,E,skip,A,B,C,D,E,skip,A,0.1,random3
63,random3,1,A,E,B,B,B,C,C,B,B,B,B,B,B,B,B,B,B,B,B,B,0.55,random3
63,random3,2,D,E,A,A,E,E,E,E,E,A,E,E,E,E,C,D,D,D,D,D,0.5,random3
63,rotate,3,C,D,E,skip,A,B,C,D,E,skip,A,B,C,D,E,skip,A,B,C,D,0.35,random3
63,rotate,4,D,E,skip,A,B,C,D,E,skip,A,B,C,D,E,skip,A,B,C,D,E,0.05,random3
63,random3,5,C,C,C,C,C,C,C,C,C,C,C,C,A,A,A,A,A,A,A,A,0.65,random3
63,random3,6,A,E,E,D,D,D,D,D,D,D,D,D,D,A,C,C,C,C,C,C,0.5,random3
64,random3,1,C,C,C,C,C,E,C,C,C,C,C,C,C,C,C,C,C,C,C,C,0.6,random3
64,rotate,2,B,C,D,E,skip,A,B,C,D,E,skip,A,B,C,D,E,skip,A,B,C,0.2,random3
64,random3,3,B,B,B,B,A,E,E,A,A,A,A,A,A,A,A,A,A,A,E,E,0.45,random3
64,random3,4,E,E,E,E,A,A,A,A,A,B,B,B,B,B,B,B,D,D,D,A,0.35,random3
64,rotate,5,E,skip,A,B,C,D,E,skip,A,B,C,D,E,skip,A,B,C,D,E,skip,0.05,random3
64,random3,6,E,E,D,D,D,D,D,D,D,B,D,D,E,E,E,E,D,D,D,D,0.4,random3
65,random3,1,E,B,B,B,A,A,A,A,A,D,D,D,D,D,D,D,D,D,D,D,0.6,random3
65,random3,2,E,D,D,D,D,D,D,D,B,B,B,B,B,B,B,B,B,E,E,B,0.55,random3
65,rotate,3,C,D,E,skip,A,B,C,D,E,skip,A,B,C,D,E,skip,A,B,C,D,0.2,random3
65,random3,4,C,C,C,C,C,C,C,C,C,C,C,C,C,C,C,C,C,C,C,C,0.65,random3
65,rotate,5,E,skip,A,B,C,D,E,skip,A,B,C,D,E,skip,A,B,C,D,E,skip,0.05,random3
65,random3,6,A,A,A,E,E,E,E,E,E,E,E,E,E,E,E,B,B,B,A,A,0.6,random3
66,random3,1,C,C,E,E,E,E,D,D,D,D,D,D,D,D,D,D,D,D,D,D,0.6,random3
66,random3,2,D,D,D,D,D,B,B,B,B,E,E,E,E,E,E,E,E,E,E,C,0.7,random3
66,random3,3,C,C,B,C,A,A,A,A,A,A,A,B,B,B,B,B,A,A,A,A,0.45,random3
66,random3,4,A,A,E,C,C,C,C,C,C,C,A,A,A,A,C,C,A,B,B,B,0.55,random3
66,rotate,5,E,skip,A,B,C,D,E,skip,A,B,C,D,E,skip,A,B,C,D,E,skip,0.45,random3
66,rotate,6,skip,A,B,C,D,E,skip,A,B,C,D,E,skip,A,B,C,D,E,skip,A,0.0,random3
67,rotate,1,A,B,C,D,E,skip,A,B,C,D,E,skip,A,B,C,D,E,skip,A,B,0.35,random3
67,rotate,2,B,C,D,E,skip,A,B,C,D,E,skip,A,B,C,D,E,skip,A,B,C,0.05,random3
67,random3,3,E,E,E,E,E,E,E,E,E,E,E,D,D,D,D,E,E,E,E,E,0.65,random3
67,random3,4,A,D,D,D,D,D,D,D,D,D,C,C,C,C,C,C,C,C,C,C,0.55,random3
67,random3,5,A,A,A,A,A,A,A,A,A,A,A,A,A,A,A,A,A,A,D,D,0.6,random3
67,random3,6,C,C,D,D,D,B,B,C,A,B,B,B,B,B,B,B,B,B,B,D,0.45,random3
68,rotate,1,A,B,C,D,E,skip,A,B,C,D,E,skip,A,B,C,D,E,skip,A,B,0.1,random3
68,random3,2,D,D,D,D,E,E,E,E,E,E,E,C,C,C,C,C,C,C,C,D,0.55,random3
68,rotate,3,C,D,E,skip,A,B,C,D,E,skip,A,B,C,D,E,skip,A,B,C,D,0.05,random3
68,random3,4,E,E,E,A,E,C,C,C,C,A,A,A,A,A,A,A,A,D,D,D,0.55,random3
68,random3,5,B,B,B,B,B,B,B,B,B,B,B,B,B,B,B,B,B,B,B,B,0.65,random3
68,random3,6,C,C,C,A,A,A,A,D,D,D,D,D,D,D,D,D,E,E,E,E,0.5,random3
69,rotate,1,A,B,C,D,E,skip,A,B,C,D,E,skip,A,B,C,D,E,skip,A,B,0.15,random3
69,random3,2,A,A,A,A,A,A,A,A,A,A,A,A,A,A,A,A,A,A,A,A,0.6,random3
69,random3,3,D,D,D,D,D,D,D,D,D,D,D,B,B,E,E,E,E,E,E,E,0.6,random3
69,random3,4,E,E,E,E,E,B,B,B,B,E,E,B,B,D,D,D,D,D,D,D,0.55,random3
69,random3,5,C,C,C,C,C,C,C,C,C,E,E,E,C,C,C,C,C,C,C,C,0.6,random3
69,rotate,6,skip,A,B,C,D,E,skip,A,B,C,D,E,skip,A,B,C,D,E,skip,A,0.2,random3
70,random3,1,B,B,B,B,B,B,B,B,B,B,B,B,B,B,B,B,B,D,D,D,0.65,random3
70,rotate,2,B,C,D,E,skip,A,B,C,D,E,skip,A,B,C,D,E,skip,A,B,C,0.2,random3
70,random3,3,A,A,A,A,A,A,A,A,A,A,D,D,D,A,A,A,A,A,B,A,0.65,random3
70,rotate,4,D,E,skip,A,B,C,D,E,skip,A,B,C,D,E,skip,A,B,C,D,E,0.05,random3
70,random3,5,D,D,D,E,D,D,D,E,E,E,E,E,E,E,E,E,E,E,E,E,0.55,random3
70,random3,6,C,C,C,C,C,C,C,C,C,C,C,C,C,C,C,C,C,C,B,B,0.65,random3
71,random3,1,B,B,B,B,B,B,B,B,B,B,B,B,B,B,B,B,B,B,B,B,0.7,random3
71,random3,2,D,C,C,C,C,C,E,C,C,C,C,E,E,C,C,C,C,C,A,A,0.45,random3
71,random3,3,A,A,A,A,A,A,A,A,A,A,A,A,A,A,A,E,E,E,E,C,0.5,random3
71,rotate,4,D,E,skip,A,B,C,D,E,skip,A,B,C,D,E,skip,A,B,C,D,E,0.35,random3
71,rotate,5,E,skip,A,B,C,D,E,skip,A,B,C,D,E,skip,A,B,C,D,E,skip,0.1,random3
71,random3,6,A,A,A,A,A,A,E,E,D,D,D,D,D,C,D,D,D,D,A,A,0.3,random3
72,random3,1,E,E,E,E,E,E,E,E,E,E,E,E,E,E,E,E,E,E,B,B,0.7,random3
72,random3,2,D,D,B,B,B,A,A,A,B,B,B,A,A,A,D,D,D,D,D,E,0.35,random3
72,random3,3,A,A,C,C,C,C,C,C,C,C,C,C,C,C,C,C,C,C,C,C,0.65,random3
72,rotate,4,D,E,skip,A,B,C,D,E,skip,A,B,C,D,E,skip,A,B,C,D,E,0.15,random3
72,random3,5,D,D,D,D,D,A,A,A,A,A,D,D,D,B,B,B,B,A,A,A,0.4,random3
72,rotate,6,skip,A,B,C,D,E,skip,A,B,C,D,E,skip,A,B,C,D,E,skip,A,0.0,random3
73,rotate,1,A,B,C,D,E,skip,A,B,C,D,E,skip,A,B,C,D,E,skip,A,B,0.1,random3
73,random3,2,C,C,C,E,E,E,E,E,A,A,E,A,A,C,C,C,C,C,C,C,0.6,random3
73,random3,3,E,E,A,B,B,B,B,B,B,B,B,D,D,D,D,D,B,B,B,B,0.45,random3
73,rotate,4,D,E,skip,A,B,C,D,E,skip,A,B,C,D,E,skip,A,B,C,D,E,0.15,random3
73,random3,5,B,B,A,A,C,C,C,C,C,C,C,C,B,B,B,B,B,B,B,E,0.4,random3
73,random3,6,B,D,D,D,D,D,D,D,D,D,E,E,E,E,E,E,E,A,A,E,0.55,random3
74,random3,1,A,A,A,A,A,A,D,D,D,D,D,C,C,C,D,D,D,D,D,D,0.55,random3
74,rotate,2,B,C,D,E,skip,A,B,C,D,E,skip,A,B,C,D,E,skip,A,B,C,0.0,random3
74,random3,3,D,D,D,E,D,E,D,D,B,A,A,A,A,A,A,A,A,A,A,A,0.45,random3
74,random3,4,B,B,B,B,B,B,B,E,E,E,E,E,E,E,E,E,B,B,B,B,0.65,random3
74,random3,5,C,C,C,C,C,C,C,C,C,C,B,B,B,B,B,C,C,C,C,C,0.6,random3
74,rotate,6,skip,A,B,C,D,E,skip,A,B,C,D,E,skip,A,B,C,D,E,skip,A,0.1,random3
75,rotate,1,A,B,C,D,E,skip,A,B,C,D,E,skip,A,B,C,D,E,skip,A,B,0.1,random3
75,random3,2,D,D,D,D,A,A,A,A,A,A,A,A,A,A,A,E,E,E,E,E,0.65,random3
75,random3,3,B,B,A,C,C,C,C,C,C,D,D,D,C,C,C,C,C,C,C,C,0.55,random3
75,random3,4,B,B,B,B,B,B,B,B,B,B,B,B,B,B,B,B,B,B,B,B,0.6,random3
75,rotate,5,E,skip,A,B,C,D,E,skip,A,B,C,D,E,skip,A,B,C,D,E,skip,0.2,random3
75,random3,6,E,E,E,E,E,E,E,E,E,E,E,D,D,D,D,D,A,A,A,D,0.65,random3
76,random3,1,C,C,C,B,B,B,B,B,B,B,B,B,B,B,B,B,B,B,B,C,0.7,draw
76,random3,2,D,D,D,D,D,D,D,D,D,D,D,D,D,D,D,D,D,D,D,C,0.8,draw
76,random3,3,E,E,E,E,E,E,E,E,C,E,C,C,C,C,E,A,D,C,D,C,0.2,draw
76,random3,4,E,B,B,B,E,E,E,E,D,E,E,E,E,E,E,E,E,E,E,E,0.55,draw
76,random3,5,A,A,A,A,A,A,A,A,A,A,A,A,A,A,A,A,A,A,A,A,0.9,draw
76,random3,6,C,C,C,C,C,C,C,C,C,C,C,A,C,C,C,C,C,C,B,B,0.5,draw
77,random3,1,C,B,B,B,B,B,B,B,E,E,E,E,E,E,E,E,E,D,D,D,0.55,draw
77,random3,2,E,E,E,A,A,E,E,E,E,E,E,B,B,B,B,B,B,B,B,B,0.5,draw
77,random3,3,A,A,A,A,A,A,A,A,A,A,A,A,A,B,D,E,E,E,A,E,0.5,draw
77,random3,4,D,B,E,E,E,E,E,B,B,B,B,B,A,A,A,A,A,A,A,D,0.5,draw
77,random3,5,D,D,D,D,D,D,D,D,D,D,D,D,D,D,D,E,E,E,E,E,0.7,draw
77,random3,6,C,C,C,C,C,C,C,C,C,C,C,C,C,C,C,C,C,C,C,C,0.95,draw
78,random3,1,A,A,A,E,B,B,B,B,B,C,C,C,C,C,C,C,C,C,C,E,0.4,draw
78,random3,2,E,E,E,E,E,E,E,E,E,E,E,E,E,E,E,E,E,E,E,E,0.75,draw
78,random3,3,D,D,D,D,D,D,D,D,D,D,D,D,D,D,D,D,D,D,D,D,1.0,draw
78,random3,4,A,B,B,B,B,B,B,B,B,A,B,E,E,E,A,B,B,B,C,C,0.2,draw
78,random3,5,C,C,C,C,C,C,C,C,C,C,B,E,E,B,B,B,B,B,B,B,0.65,draw
78,random3,6,A,A,A,A,A,A,A,A,A,A,A,A,A,A,A,A,A,A,A,A,0.75,draw
79,random3,1,B,B,B,B,B,B,B,B,B,B,B,B,B,B,B,A,B,A,A,A,0.65,draw
79,random3,2,D,D,D,D,D,D,D,D,C,C,C,C,C,C,C,C,C,C,C,C,0.75,draw
79,random3,3,E,E,E,E,E,E,E,E,E,E,E,E,E,E,E,E,E,E,E,E,0.75,draw
79,random3,4,A,A,A,A,A,A,A,A,A,A,A,A,A,A,A,A,A,A,A,A,0.7,draw
79,random3,5,E,C,C,C,C,E,D,D,D,D,D,D,D,D,D,D,D,D,D,D,0.65,draw
79,random3,6,B,C,E,E,C,C,C,C,C,C,C,A,D,A,B,E,B,B,B,B,0.3,draw
80,random3,1,B,B,B,B,B,B,D,D,D,D,D,D,D,D,D,D,D,D,D,D,0.8,draw
80,random3,2,D,D,D,D,D,D,D,B,B,E,E,E,E,E,E,E,E,E,E,E,0.6,draw
80,random3,3,D,C,C,C,C,B,D,B,B,C,B,B,B,B,B,A,A,E,D,D,0.15,draw
80,random3,4,E,E,E,E,E,E,E,E,E,E,E,C,E,C,B,B,B,B,B,B,0.6,draw
80,random3,5,E,E,C,C,C,C,C,C,C,C,B,C,B,C,C,C,C,C,C,C,0.5,draw
80,random3,6,A,A,A,A,A,A,A,A,A,A,A,A,A,A,A,A,A,A,A,A,0.9,draw
81,random3,1,E,A,A,A,A,A,A,A,A,A,A,A,A,A,A,A,A,A,A,A,0.7,draw
81,random3,2,C,C,C,C,C,C,C,C,C,C,B,B,B,B,B,B,B,B,B,E,0.5,draw
81,random3,3,D,D,D,D,E,E,E,E,E,E,E,E,E,D,D,D,D,D,D,D,0.65,draw
81,random3,4,E,E,E,E,E,C,C,C,C,C,E,E,E,E,E,E,E,E,E,E,0.45,draw
81,random3,5,B,B,B,B,B,B,B,B,B,B,B,B,C,C,C,C,C,C,C,C,0.9,draw
81,random3,6,C,A,A,D,D,D,D,D,D,D,D,D,D,D,D,A,A,A,B,B,0.5,draw
82,random3,1,A,A,A,B,B,B,C,C,C,C,C,C,C,C,C,C,C,C,C,E,0.5,draw
82,random3,2,E,E,E,E,E,E,E,E,E,E,E,E,E,E,E,E,E,E,B,B,0.9,draw
82,random3,3,D,D,A,B,B,B,B,B,B,B,B,B,A,B,B,B,E,E,E,E,0.25,draw
82,random3,4,C,C,C,C,C,C,C,D,D,D,D,D,D,D,D,D,D,D,D,D,0.85,draw
82,random3,5,A,D,D,D,D,D,D,D,D,B,B,B,B,B,B,B,C,C,C,C,0.35,draw
82,random3,6,B,B,B,B,A,A,A,A,A,A,A,A,A,A,A,A,A,A,A,A,0.9,draw
83,random3,1,A,A,E,A,A,A,A,A,A,A,A,A,A,A,A,A,A,A,A,A,0.85,draw
83,random3,2,B,B,B,B,B,B,B,B,B,B,B,B,B,B,D,D,D,D,D,C,0.7,draw
83,random3,3,A,A,C,C,C,C,C,C,C,C,C,C,C,C,C,C,E,E,D,D,0.5,draw
83,random3,4,C,C,C,C,C,D,D,D,D,D,D,D,D,D,D,B,B,B,B,B,0.6,draw
83,random3,5,E,E,E,E,E,E,E,E,E,E,E,E,E,E,E,E,E,E,E,E,0.75,draw
83,random3,6,D,D,D,D,D,D,D,D,D,E,E,B,B,B,C,C,C,C,C,C,0.4,draw
84,random3,1,E,E,E,E,E,E,E,E,E,E,E,E,E,E,E,E,E,E,E,E,0.75,draw
84,random3,2,A,A,A,A,A,A,A,A,A,A,A,A,A,A,A,A,C,C,C,C,0.5,draw
84,random3,3,D,D,C,C,C,E,C,A,D,D,D,D,D,D,D,D,D,D,D,D,0.5,draw
84,random3,4,A,A,A,D,D,D,D,D,D,D,C,C,C,A,A,A,A,A,A,A,0.45,draw
84,random3,5,D,D,C,C,C,C,C,C,C,C,C,C,C,E,E,E,C,C,C,E,0.2,draw
84,random3,6,B,B,B,B,B,B,B,B,B,B,B,B,B,B,B,B,B,B,B,B,1.0,draw
85,random3,1,A,A,A,A,C,A,B,B,B,B,B,B,B,B,B,B,B,B,B,B,0.7,draw
85,random3,2,C,C,C,C,C,C,C,C,C,C,C,C,C,C,C,C,C,D,D,D,0.7,draw
85,random3,3,C,B,B,B,B,A,A,A,A,A,A,A,A,A,A,A,A,A,A,A,0.65,draw
85,random3,4,B,B,B,A,B,B,B,B,B,E,E,E,E,E,E,E,C,E,C,D,0.25,draw
85,random3,5,E,E,E,E,E,E,E,E,E,E,A,A,E,E,C,E,E,E,E,E,0.6,draw
85,random3,6,D,D,D,D,D,D,D,D,D,D,D,D,D,D,D,D,D,D,C,C,0.9,draw
86,random3,1,B,E,E,E,E,E,E,E,E,E,E,A,A,B,A,A,A,A,A,A,0.6,draw
86,random3,2,C,C,C,A,A,A,A,A,A,A,A,A,A,A,A,A,C,C,B,E,0.4,draw
86,random3,3,A,A,A,A,D,D,D,D,D,D,D,D,D,D,D,D,D,D,D,D,0.7,draw
86,random3,4,B,B,B,B,B,B,B,B,B,B,B,B,B,B,B,B,B,B,B,E,0.8,draw
86,random3,5,C,C,C,C,C,C,C,C,C,C,C,C,C,C,C,C,C,C,C,C,0.75,draw
86,random3,6,D,D,D,D,D,D,D,D,D,E,E,E,E,E,E,E,E,E,E,E,0.6,draw
87,random3,1,A,A,A,A,A,A,A,A,A,A,A,A,A,A,A,A,A,A,A,A,0.7,draw
87,random3,2,C,C,C,C,C,D,A,A,B,B,B,D,E,C,E,E,E,E,E,E,0.5,draw
87,random3,3,D,D,D,D,D,D,D,D,D,D,D,D,D,D,D,D,D,D,D,D,0.7,draw
87,random3,4,D,B,B,B,B,B,B,B,B,B,B,B,B,B,B,B,A,A,A,A,0.55,draw
87,random3,5,E,E,E,E,E,E,E,E,E,E,E,E,E,C,C,B,B,B,B,B,0.8,draw
87,random3,6,D,D,D,D,C,C,C,C,C,C,C,C,C,C,C,C,C,C,C,C,0.65,draw
88,random3,1,E,B,D,B,D,D,D,D,D,D,D,D,D,D,D,D,D,D,D,D,0.45,draw
88,random3,2,E,B,B,B,B,B,B,B,B,B,B,B,B,B,B,B,B,B,B,B,0.85,draw
88,random3,3,A,A,A,A,A,A,A,A,A,A,E,E,E,E,E,E,E,E,E,E,0.75,draw
88,random3,4,E,E,E,E,E,E,E,E,E,A,A,A,A,A,A,A,A,A,A,A,0.7,draw
88,random3,5,C,C,C,C,C,C,C,C,C,C,C,C,C,C,C,C,C,C,C,C,1.0,draw
88,random3,6,D,D,D,D,D,E,E,E,E,E,E,E,E,E,D,D,D,D,D,D,0.2,draw
89,random3,1,D,D,D,D,D,D,D,D,D,D,D,D,D,D,D,D,D,A,A,D,0.35,draw
89,random3,2,C,C,C,C,C,C,D,A,A,A,A,A,A,A,A,A,A,A,A,A,0.5,draw
89,random3,3,C,C,C,C,C,C,C,C,C,C,C,C,C,C,C,C,C,C,C,C,0.7,draw
89,random3,4,A,A,A,A,A,A,A,A,D,D,D,D,D,D,D,D,D,D,D,D,0.45,draw
89,random3,5,C,C,C,C,E,E,E,E,E,E,E,E,E,E,E,E,E,E,E,E,0.8,draw
89,random3,6,B,B,B,B,B,B,B,B,B,B,B,B,B,B,B,B,B,B,B,B,1.0,draw
90,random3,1,A,A,A,A,A,E,A,D,E,E,E,E,E,E,E,E,E,A,A,A,0.4,draw
90,random3,2,E,E,E,E,E,E,E,E,E,A,A,A,A,E,E,E,E,E,E,E,0.4,draw
90,random3,3,D,D,D,D,D,D,D,D,D,D,D,D,D,D,D,D,D,D,D,D,0.95,draw
90,random3,4,C,C,C,C,C,C,C,C,C,C,C,C,C,C,C,C,C,C,C,C,1.0,draw
90,random3,5,E,B,B,B,B,B,B,B,B,B,B,B,B,B,B,B,B,B,B,B,0.8,draw
90,random3,6,A,B,B,B,A,A,A,A,A,A,A,A,A,A,A,A,A,A,A,E,0.35,draw
91,radicaleq,1,A,B,E,skip,E,D,B,D,D,D,D,A,skip,E,skip,E,A,skip,A,E,0.55,radicaleq
91,random,2,skip,A,B,E,E,B,skip,C,D,C,E,B,A,C,B,B,C,E,C,C,0.5,radicaleq
91,random,3,A,E,A,skip,skip,D,A,C,B,A,skip,C,B,A,D,D,D,E,A,B,0.2,radicaleq
91,radicaleq,4,D,A,A,D,A,skip,E,skip,E,A,E,D,D,A,D,D,D,B,D,D,0.5,radicaleq
91,radicaleq,5,E,skip,skip,E,D,E,A,E,A,skip,A,skip,E,skip,E,A,skip,E,E,A,0.55,radicaleq
91,radicaleq,6,skip,E,D,A,skip,A,skip,A,skip,E,skip,E,A,D,A,skip,E,A,skip,skip,0.5,radicaleq
92,radicaleq,1,A,C,D,D,D,B,skip,D,skip,D,D,skip,B,skip,D,skip,B,D,C,B,0.55,radicaleq
92,radicaleq,2,B,D,C,E,A,E,A,E,E,E,E,C,E,C,E,C,D,skip,B,D,0.55,radicaleq
92,random,3,A,B,D,E,C,D,E,C,C,B,A,A,skip,C,B,B,A,D,skip,C,0.3,radicaleq
92,radicaleq,4,D,B,B,skip,B,skip,D,skip,B,skip,skip,B,skip,D,skip,B,C,C,D,skip,0.5,radicaleq
92,radicaleq,5,E,skip,skip,B,skip,D,C,B,D,B,B,D,C,E,C,D,skip,B,skip,C,0.45,radicaleq
92,random,6,B,D,C,C,A,C,A,skip,D,D,E,D,C,C,B,A,A,D,A,A,0.25,radicaleq
93,radicaleq,1,A,C,B,E,skip,B,E,A,E,skip,E,skip,E,B,E,A,A,A,B,A,0.55,radicaleq
93,radicaleq,2,B,skip,D,skip,B,D,A,B,skip,A,B,A,A,A,A,B,skip,B,E,skip,0.55,radicaleq
93,random,3,E,D,E,B,C,skip,E,C,C,E,B,A,D,C,C,E,D,D,A,C,0.4,radicaleq
93,random,4,A,skip,C,B,B,A,E,E,C,A,C,B,E,skip,E,A,C,A,A,C,0.2,radicaleq
93,radicaleq,5,E,A,E,D,A,E,skip,E,A,B,skip,B,B,E,skip,E,B,E,skip,E,0.55,radicaleq
93,radicaleq,6,skip,E,skip,A,E,skip,B,skip,B,E,A,E,skip,skip,B,skip,E,skip,A,B,0.5,radicaleq
94,radicaleq,1,A,B,E,B,A,B,C,B,E,C,C,B,C,B,C,B,B,A,skip,A,0.45,radicaleq
94,random,2,E,D,D,D,A,C,C,B,B,skip,D,B,E,B,D,C,E,E,B,A,0.4,radicaleq
94,radicaleq,3,C,A,skip,skip,D,skip,A,D,skip,D,A,skip,D,A,A,A,A,D,B,B,0.45,radicaleq
94,radicaleq,4,D,skip,D,A,skip,A,D,skip,A,A,D,A,skip,D,skip,skip,D,skip,A,D,0.5,radicaleq
94,random,5,A,B,C,D,A,B,E,E,A,D,C,D,D,A,A,E,skip,D,E,C,0.25,radicaleq
94,radicaleq,6,skip,C,C,D,B,D,skip,A,D,skip,skip,D,A,skip,D,D,skip,B,D,skip,0.45,radicaleq
95,radicaleq,1,A,C,skip,C,B,skip,B,skip,B,C,B,skip,B,skip,D,skip,C,D,skip,skip,0.55,radicaleq
95,radicaleq,2,B,E,E,D,C,C,D,C,C,B,C,C,D,B,skip,B,D,skip,D,C,0.55,radicaleq
95,random,3,B,B,D,skip,skip,D,D,C,B,B,skip,D,C,D,skip,C,A,B,A,A,0.15,radicaleq
95,radicaleq,4,D,B,C,B,skip,D,C,B,D,skip,D,B,skip,D,C,C,B,C,C,B,0.5,radicaleq
95,random,5,C,B,D,D,skip,D,D,skip,A,skip,D,D,D,A,C,C,E,A,D,B,0.25,radicaleq
95,radicaleq,6,skip,D,B,skip,D,B,skip,D,skip,D,skip,D,C,C,B,D,skip,B,B,D,0.55,radicaleq
96,radicaleq,1,A,E,B,E,D,skip,A,skip,D,A,skip,A,skip,D,skip,D,D,A,skip,A,0.6,radicaleq
96,radicaleq,2,B,D,C,C,A,D,skip,D,A,skip,D,skip,D,A,D,A,skip,skip,D,D,0.55,radicaleq
96,radicaleq,3,C,A,skip,A,B,C,B,E,E,E,C,C,C,E,E,E,E,E,B,E,0.5,radicaleq
96,radicaleq,4,D,skip,D,D,skip,A,D,A,skip,D,A,D,A,skip,A,skip,A,D,A,skip,0.55,radicaleq
96,random,5,A,C,E,A,A,C,B,B,E,B,A,B,skip,A,C,E,A,E,D,C,0.3,radicaleq
96,random,6,A,D,skip,B,B,A,E,C,B,E,E,E,skip,skip,B,D,E,B,skip,C,0.4,radicaleq
97,random,1,B,skip,C,E,skip,C,A,A,E,C,D,A,D,E,C,D,skip,C,B,C,0.4,radicaleq
97,random,2,B,D,skip,A,D,D,E,E,skip,C,B,C,E,skip,D,B,B,skip,A,E,0.15,radicaleq
97,radicaleq,3,C,E,D,skip,D,E,D,skip,E,B,D,D,D,B,E,skip,D,skip,E,D,0.6,radicaleq
97,radicaleq,4,D,B,skip,B,E,skip,skip,E,B,D,E,skip,E,D,skip,D,E,E,D,skip,0.55,radicaleq
97,radicaleq,5,E,skip,B,D,skip,D,B,D,skip,E,skip,E,skip,E,B,E,skip,D,skip,E,0.5,radicaleq
97,radicaleq,6,skip,D,E,E,B,B,E,B,D,skip,B,B,B,skip,D,B,B,B,B,B,0.45,radicaleq
98,random,1,B,skip,skip,A,E,E,skip,D,D,A,A,C,A,C,skip,C,E,B,B,D,0.35,radicaleq
98,radicaleq,2,B,C,C,D,D,D,skip,B,C,B,E,skip,E,skip,B,skip,C,skip,E,skip,0.55,radicaleq
98,random,3,E,D,C,C,A,skip,E,B,B,C,B,C,skip,A,E,D,skip,C,D,A,0.35,radicaleq
98,radicaleq,4,D,skip,B,E,skip,E,C,E,skip,E,skip,E,skip,B,E,B,E,C,C,B,0.55,radicaleq
98,radicaleq,5,E,B,E,skip,B,skip,B,skip,B,C,C,C,C,C,C,C,B,B,B,C,0.45,radicaleq
98,radicaleq,6,skip,E,skip,B,E,C,E,C,E,skip,B,B,B,E,skip,E,skip,E,skip,E,0.55,radicaleq
99,random,1,skip,B,D,D,E,D,skip,A,A,B,D,A,E,A,E,A,A,C,skip,skip,0.35,radicaleq
99,radicaleq,2,B,C,C,C,E,D,D,D,E,E,E,E,D,skip,B,skip,D,B,skip,D,0.6,radicaleq
99,radicaleq,3,C,E,skip,E,B,skip,E,B,skip,D,D,B,E,E,E,D,E,E,E,E,0.55,radicaleq
99,radicaleq,4,D,B,E,B,skip,E,B,skip,D,B,B,skip,B,D,skip,E,B,skip,D,B,0.6,radicaleq
99,radicaleq,5,E,skip,B,skip,D,B,skip,E,B,skip,skip,D,skip,B,D,B,skip,D,B,skip,0.55,radicaleq
99,random,6,B,skip,skip,D,C,skip,A,D,skip,D,E,B,B,B,E,D,A,A,C,skip,0.2,radicaleq
100,radicaleq,1,A,D,C,C,D,C,C,E,D,skip,C,D,skip,E,skip,D,E,D,skip,E,0.6,radicaleq
100,random,2,D,D,B,skip,D,D,D,B,E,C,E,skip,skip,skip,D,D,B,E,skip,C,0.2,radicaleq
100,radicaleq,3,C,E,skip,E,skip,E,skip,D,skip,E,D,skip,C,D,E,skip,D,skip,C,D,0.55,radicaleq
100,random,4,skip,skip,skip,D,B,C,A,skip,A,C,skip,C,E,D,skip,B,C,A,A,D,0.3,radicaleq
100,radicaleq,5,E,skip,E,D,C,D,E,skip,C,D,skip,E,D,skip,D,E,skip,C,D,skip,0.55,radicaleq
100,radicaleq,6,skip,A,D,skip,E,skip,D,C,E,C,E,C,E,C,C,C,C,E,E,C,0.4,radicaleq
101,radicaleq,1,A,E,skip,D,B,skip,C,skip,B,E,E,B,E,E,E,B,C,skip,B,skip,0.55,radicaleq
101,radicaleq,2,B,C,D,A,E,E,skip,E,D,B,B,E,B,B,skip,C,skip,B,skip,E,0.5,radicaleq
101,radicaleq,3,C,D,E,B,C,B,E,B,C,skip,C,C,skip,C,B,E,E,E,E,C,0.55,radicaleq
101,random,4,E,C,B,C,C,B,skip,D,B,E,B,B,A,E,D,D,B,A,D,E,0.4,radicaleq
101,random,5,C,A,D,skip,skip,C,skip,E,E,B,C,skip,A,C,B,A,E,D,skip,A,0.25,radicaleq
101,radicaleq,6,skip,B,C,skip,D,C,B,C,skip,C,skip,skip,C,skip,C,skip,B,C,C,B,0.55,radicaleq
102,radicaleq,1,A,E,skip,E,skip,E,skip,B,skip,B,E,skip,D,skip,D,skip,D,skip,E,D,0.6,radicaleq
102,radicaleq,2,B,skip,D,skip,E,skip,D,E,B,E,skip,E,skip,E,skip,D,skip,E,D,skip,0.55,radicaleq
102,radicaleq,3,C,D,A,B,A,A,B,C,C,C,C,B,B,B,E,E,E,D,skip,E,0.55,radicaleq
102,random,4,C,D,A,B,skip,A,A,C,skip,D,skip,D,E,D,B,B,C,skip,A,B,0.1,radicaleq
102,radicaleq,5,E,B,E,D,B,D,E,skip,E,skip,D,D,E,D,B,B,B,B,B,B,0.4,radicaleq
102,random,6,E,C,E,D,skip,C,B,E,D,D,D,D,B,skip,skip,skip,skip,C,A,B,0.2,radicaleq
103,random,1,E,A,B,A,skip,E,skip,B,D,A,E,C,B,A,C,C,A,skip,B,A,0.25,radicaleq
103,radicaleq,2,B,E,skip,E,skip,C,skip,C,C,E,skip,E,B,E,B,skip,C,skip,B,B,0.55,radicaleq
103,radicaleq,3,C,skip,B,C,C,B,C,B,B,C,C,B,skip,B,skip,B,skip,B,E,E,0.55,radicaleq
103,random,4,skip,A,E,A,D,B,D,C,B,B,D,skip,C,skip,E,C,E,skip,E,skip,0.15,radicaleq
103,radicaleq,5,E,B,C,skip,B,E,B,E,skip,B,E,C,C,C,C,C,E,C,C,C,0.45,radicaleq
103,radicaleq,6,skip,C,E,B,E,skip,E,skip,E,skip,B,skip,E,skip,E,E,B,E,skip,skip,0.5,radicaleq
104,radicaleq,1,A,C,skip,C,E,skip,D,B,D,B,B,B,B,B,D,B,B,E,C,B,0.55,radicaleq
104,random,2,D,B,skip,A,B,A,A,E,C,A,B,C,D,C,A,E,C,A,C,E,0.45,radicaleq
104,radicaleq,3,C,A,D,E,skip,E,C,skip,E,skip,D,C,C,C,E,E,C,B,B,E,0.55,radicaleq
104,radicaleq,4,D,E,E,D,D,C,skip,D,skip,D,C,E,skip,E,skip,C,skip,C,skip,C,0.6,radicaleq
104,radicaleq,5,E,skip,C,skip,C,B,B,E,B,C,E,skip,E,skip,C,skip,E,skip,E,skip,0.55,radicaleq
104,random,6,C,skip,E,B,C,skip,D,E,D,E,A,B,A,A,D,E,C,A,C,B,0.25,radicaleq
105,random,1,B,D,C,C,B,D,B,A,A,skip,C,B,D,A,skip,E,B,C,E,E,0.2,radicaleq
105,radicaleq,2,B,E,A,D,D,C,B,C,D,C,C,C,A,skip,A,skip,C,skip,skip,C,0.5,radicaleq
105,radicaleq,3,C,B,skip,B,skip,skip,D,skip,C,skip,A,A,skip,A,C,C,A,C,C,B,0.45,radicaleq
105,radicaleq,4,D,skip,B,skip,B,D,A,B,skip,A,skip,skip,B,C,skip,A,skip,B,B,skip,0.45,radicaleq
105,random,5,skip,A,A,E,D,E,C,C,A,B,A,B,C,D,skip,C,B,B,skip,B,0.2,radicaleq
105,radicaleq,6,skip,D,C,C,A,A,C,A,A,B,D,B,C,B,B,B,B,A,A,A,0.45,radicaleq
106,radicaleq,1,A,B,A,C,D,skip,D,skip,A,D,B,skip,skip,A,B,skip,D,B,A,skip,0.65,radicaleq
106,rotate,2,B,C,D,E,skip,A,B,C,D,E,skip,A,B,C,D,E,skip,A,B,C,0.6,radicaleq
106,rotate,3,C,D,E,skip,A,B,C,D,E,skip,A,B,C,D,E,skip,A,B,C,D,0.5,radicaleq
106,radicaleq,4,D,E,skip,A,C,D,B,D,C,C,C,A,D,B,skip,A,B,skip,B,D,0.6,radicaleq
106,radicaleq,5,E,skip,B,B,B,B,A,A,B,skip,A,C,A,skip,A,B,skip,D,skip,A,0.65,radicaleq
106,radicaleq,6,skip,A,C,D,E,E,skip,B,skip,A,D,B,B,D,C,C,C,A,D,B,0.65,radicaleq
107,radicaleq,1,A,B,A,E,B,skip,B,skip,E,E,B,skip,skip,E,B,B,skip,E,E,B,0.6,radicaleq
107,radicaleq,2,B,C,D,B,skip,C,skip,E,B,B,skip,E,E,B,skip,skip,E,B,B,skip,0.55,radicaleq
107,rotate,3,C,D,E,skip,A,B,C,D,E,skip,A,B,C,D,E,skip,A,B,C,D,0.4,radicaleq
107,radicaleq,4,D,E,skip,D,C,B,E,B,skip,skip,E,B,B,skip,E,E,B,skip,skip,A,0.5,radicaleq
107,radicaleq,5,E,skip,B,C,A,E,A,D,C,A,A,C,A,A,A,A,A,A,A,E,0.55,radicaleq
107,rotate,6,skip,A,B,C,D,E,skip,A,B,C,D,E,skip,A,B,C,D,E,skip,A,0.35,radicaleq
108,radicaleq,1,A,B,A,C,D,skip,B,skip,A,D,B,A,skip,A,B,skip,A,D,B,skip,0.65,radicaleq
108,radicaleq,2,B,C,D,E,skip,D,skip,A,D,B,skip,skip,A,B,skip,D,B,A,skip,A,0.65,radicaleq
108,rotate,3,C,D,E,skip,A,B,C,D,E,skip,A,B,C,D,E,skip,A,B,C,D,0.55,radicaleq
108,rotate,4,D,E,skip,A,B,C,D,E,skip,A,B,C,D,E,skip,A,B,C,D,E,0.5,radicaleq
108,radicaleq,5,E,skip,B,B,B,A,D,C,C,C,A,D,B,skip,A,B,skip,B,D,D,0.55,radicaleq
108,radicaleq,6,skip,A,C,D,E,B,A,B,skip,A,C,B,D,C,C,C,D,skip,A,B,0.65,radicaleq
109,radicaleq,1,A,B,A,D,A,E,skip,E,skip,C,skip,E,skip,E,skip,C,skip,E,skip,E,0.6,radicaleq
109,rotate,2,B,C,D,E,skip,A,B,C,D,E,skip,A,B,C,D,E,skip,A,B,C,0.4,radicaleq
109,radicaleq,3,C,D,E,skip,E,skip,C,skip,C,E,C,A,D,A,C,E,C,A,A,A,0.55,radicaleq
109,radicaleq,4,D,E,skip,C,skip,A,D,A,E,skip,E,skip,C,skip,E,skip,E,skip,C,skip,0.55,radicaleq
109,rotate,5,E,skip,A,B,C,D,E,skip,A,B,C,D,E,skip,A,B,C,D,E,skip,0.4,radicaleq
109,radicaleq,6,skip,A,C,E,D,C,E,C,A,D,A,C,E,C,A,A,A,C,E,C,0.5,radicaleq
110,radicaleq,1,A,B,A,D,D,E,A,skip,D,C,skip,C,D,skip,C,skip,C,D,D,C,0.65,radicaleq
110,radicaleq,2,B,C,D,A,skip,A,skip,E,C,skip,A,D,E,A,A,E,A,E,A,A,0.6,radicaleq
110,rotate,3,C,D,E,skip,A,B,C,D,E,skip,A,B,C,D,E,skip,A,B,C,D,0.4,radicaleq
110,radicaleq,4,D,E,skip,C,E,skip,D,C,skip,A,D,A,skip,C,skip,C,skip,C,skip,skip,0.6,radicaleq
110,rotate,5,E,skip,A,B,C,D,E,skip,A,B,C,D,E,skip,A,B,C,D,E,skip,0.5,radicaleq
110,radicaleq,6,skip,A,C,E,A,C,C,D,E,D,E,E,C,E,D,D,D,skip,C,D,0.55,radicaleq
111,radicaleq,1,A,B,A,B,E,C,E,B,B,E,A,E,B,E,D,skip,B,skip,D,skip,0.6,radicaleq
111,radicaleq,2,B,C,D,A,skip,D,B,E,D,skip,D,B,skip,D,skip,E,D,B,skip,E,0.6,radicaleq
111,radicaleq,3,C,D,E,skip,D,B,A,D,skip,B,E,D,E,B,B,B,A,E,E,B,0.5,radicaleq
111,radicaleq,4,D,E,skip,D,A,skip,D,skip,E,D,skip,skip,D,skip,E,D,skip,D,B,D,0.6,radicaleq
111,rotate,5,E,skip,A,B,C,D,E,skip,A,B,C,D,E,skip,A,B,C,D,E,skip,0.3,radicaleq
111,rotate,6,skip,A,B,C,D,E,skip,A,B,C,D,E,skip,A,B,C,D,E,skip,A,0.45,radicaleq
112,rotate,1,A,B,C,D,E,skip,A,B,C,D,E,skip,A,B,C,D,E,skip,A,B,0.45,radicaleq
112,rotate,2,B,C,D,E,skip,A,B,C,D,E,skip,A,B,C,D,E,skip,A,B,C,0.45,radicaleq
112,radicaleq,3,C,D,E,skip,skip,C,E,D,skip,D,A,D,skip,D,skip,D,A,D,skip,D,0.6,radicaleq
112,radicaleq,4,D,E,skip,D,A,E,D,skip,A,skip,D,skip,A,C,C,C,C,C,A,C,0.5,radicaleq
112,radicaleq,5,E,skip,B,E,C,D,skip,A,D,A,skip,C,D,skip,A,skip,D,skip,D,skip,0.55,radicaleq
112,radicaleq,6,skip,A,C,A,D,skip,A,C,B,B,C,A,C,A,D,A,skip,A,C,A,0.55,radicaleq
113,rotate,1,A,B,C,D,E,skip,A,B,C,D,E,skip,A,B,C,D,E,skip,A,B,0.45,radicaleq
113,radicaleq,2,B,C,D,C,skip,E,skip,E,skip,E,skip,E,skip,D,E,D,C,C,C,C,0.55,radicaleq
113,rotate,3,C,D,E,skip,A,B,C,D,E,skip,A,B,C,D,E,skip,A,B,C,D,0.4,radicaleq
113,radicaleq,4,D,E,skip,D,A,C,C,D,B,A,C,D,D,E,skip,E,skip,skip,D,E,0.6,radicaleq
113,radicaleq,5,E,skip,B,E,D,skip,E,skip,D,skip,D,skip,E,skip,D,skip,E,D,E,skip,0.55,radicaleq
113,radicaleq,6,skip,A,C,A,E,A,D,C,E,D,E,C,C,C,C,C,D,E,skip,D,0.5,radicaleq
114,rotate,1,A,B,C,D,E,skip,A,B,C,D,E,skip,A,B,C,D,E,skip,A,B,0.4,radicaleq
114,radicaleq,2,B,C,D,B,skip,D,skip,E,skip,B,skip,E,D,B,D,B,E,B,skip,D,0.6,radicaleq
114,radicaleq,3,C,D,E,skip,B,skip,E,skip,B,D,C,C,B,E,skip,E,skip,E,D,B,0.55,radicaleq
114,radicaleq,4,D,E,skip,D,A,E,C,D,E,skip,E,D,E,skip,B,D,C,C,B,E,0.6,radicaleq
114,radicaleq,5,E,skip,B,A,E,C,B,B,A,E,B,skip,skip,D,E,skip,B,skip,E,skip,0.55,radicaleq
114,rotate,6,skip,A,B,C,D,E,skip,A,B,C,D,E,skip,A,B,C,D,E,skip,A,0.5,radicaleq
115,radicaleq,1,A,B,A,C,D,skip,A,skip,B,skip,A,skip,B,E,E,E,E,E,B,E,0.55,radicaleq
115,rotate,2,B,C,D,E,skip,A,B,C,D,E,skip,A,B,C,D,E,skip,A,B,C,0.45,radicaleq
115,radicaleq,3,C,D,E,skip,A,E,B,E,C,C,B,A,E,A,B,skip,B,A,E,A,0.6,radicaleq
115,rotate,4,D,E,skip,A,B,C,D,E,skip,A,B,C,D,E,skip,A,B,C,D,E,0.45,radicaleq
115,radicaleq,5,E,skip,B,B,B,A,C,C,A,A,E,E,A,B,skip,A,A,B,skip,B,0.6,radicaleq
115,radicaleq,6,skip,A,C,D,E,B,skip,B,skip,B,skip,B,skip,skip,A,B,skip,skip,A,skip,0.55,radicaleq
116,radicaleq,1,A,B,A,D,D,E,A,skip,skip,A,C,D,D,C,D,D,E,E,A,skip,0.6,radicaleq
116,radicaleq,2,B,C,D,A,E,A,skip,E,C,E,skip,E,A,skip,skip,E,skip,A,skip,E,0.55,radicaleq
116,radicaleq,3,C,D,E,skip,A,skip,E,C,A,C,E,A,skip,E,A,A,D,D,C,C,0.55,radicaleq
116,rotate,4,D,E,skip,A,B,C,D,E,skip,A,B,C,D,E,skip,A,B,C,D,E,0.5,radicaleq
116,rotate,5,E,skip,A,B,C,D,E,skip,A,B,C,D,E,skip,A,B,C,D,E,skip,0.3,radicaleq
116,radicaleq,6,skip,A,C,E,skip,D,C,D,E,skip,A,skip,E,A,E,skip,A,skip,E,A,0.55,radicaleq
117,radicaleq,1,A,B,A,E,B,D,B,skip,B,B,skip,B,skip,D,B,D,B,B,skip,B,0.6,radicaleq
117,radicaleq,2,B,C,D,B,skip,B,skip,B,skip,skip,E,skip,E,B,skip,B,skip,skip,D,D,0.55,radicaleq
117,radicaleq,3,C,D,E,skip,E,skip,D,E,E,D,B,D,B,skip,D,skip,D,D,B,skip,0.55,radicaleq
117,rotate,4,D,E,skip,A,B,C,D,E,skip,A,B,C,D,E,skip,A,B,C,D,E,0.45,radicaleq
117,radicaleq,5,E,skip,B,C,D,A,A,A,D,E,D,E,A,A,A,A,E,E,A,E,0.45,radicaleq
117,rotate,6,skip,A,B,C,D,E,skip,A,B,C,D,E,skip,A,B,C,D,E,skip,A,0.25,radicaleq
118,rotate,1,A,B,C,D,E,skip,A,B,C,D,E,skip,A,B,C,D,E,skip,A,B,0.35,radicaleq
118,radicaleq,2,B,C,D,C,skip,E,skip,C,skip,C,skip,E,skip,C,skip,skip,C,skip,skip,E,0.5,radicaleq
118,radicaleq,3,C,D,E,skip,E,C,E,E,C,E,E,C,E,E,E,E,E,E,E,C,0.55,radicaleq
118,rotate,4,D,E,skip,A,B,C,D,E,skip,A,B,C,D,E,skip,A,B,C,D,E,0.3,radicaleq
118,radicaleq,5,E,skip,B,E,C,skip,C,skip,E,skip,C,skip,C,skip,C,C,skip,C,C,skip,0.5,radicaleq
118,radicaleq,6,skip,A,C,A,B,D,D,B,B,D,B,D,B,B,B,B,B,B,B,B,0.45,radicaleq
119,radicaleq,1,A,B,A,E,B,E,D,E,skip,E,D,B,D,E,skip,E,D,B,D,E,0.6,radicaleq
119,rotate,2,B,C,D,E,skip,A,B,C,D,E,skip,A,B,C,D,E,skip,A,B,C,0.45,radicaleq
119,radicaleq,3,C,D,E,skip,E,skip,E,skip,D,D,E,skip,E,skip,D,D,E,skip,E,skip,0.55,radicaleq
119,radicaleq,4,D,E,skip,D,skip,D,skip,D,E,skip,skip,D,skip,D,E,skip,skip,D,skip,D,0.55,radicaleq
119,radicaleq,5,E,skip,B,C,A,A,C,B,B,A,B,E,B,B,B,B,B,E,B,B,0.5,radicaleq
119,rotate,6,skip,A,B,C,D,E,skip,A,B,C,D,E,skip,A,B,C,D,E,skip,A,0.35,radicaleq
120,rotate,1,A,B,C,D,E,skip,A,B,C,D,E,skip,A,B,C,D,E,skip,A,B,0.3,radicaleq
120,radicaleq,2,B,C,D,C,skip,C,skip,C,skip,skip,A,skip,A,A,A,A,C,A,C,skip,0.55,radicaleq
120,radicaleq,3,C,D,E,skip,A,skip,A,A,A,A,C,A,C,skip,C,C,skip,C,skip,A,0.55,radicaleq
120,radicaleq,4,D,E,skip,A,C,A,C,skip,C,C,skip,C,skip,C,skip,skip,A,skip,B,C,0.55,radicaleq
120,rotate,5,E,skip,A,B,C,D,E,skip,A,B,C,D,E,skip,A,B,C,D,E,skip,0.4,radicaleq
120,radicaleq,6,skip,A,C,B,E,D,B,B,D,D,B,B,B,B,B,B,B,B,A,B,0.45,radicaleq
121,radicaleq,1,A,E,skip,D,skip,D,E,C,skip,B,A,A,E,E,B,B,D,D,D,B,0.6,radicaleq
121,random3,2,C,C,C,C,A,A,A,A,A,A,A,A,A,A,A,A,C,C,C,C,0.35,radicaleq
121,random3,3,C,C,C,B,B,B,B,B,B,B,B,B,B,B,B,B,B,E,E,E,0.65,radicaleq
121,radicaleq,4,D,C,E,C,D,E,C,skip,E,D,C,skip,D,C,skip,skip,C,C,B,A,0.6,radicaleq
121,radicaleq,5,E,skip,D,skip,E,C,skip,E,D,C,skip,D,C,skip,A,D,skip,skip,A,C,0.55,radicaleq
121,radicaleq,6,skip,D,C,E,C,skip,D,D,C,skip,D,C,skip,A,D,A,B,A,C,D,0.55,radicaleq
122,radicaleq,1,A,C,D,B,C,E,B,C,C,E,C,C,C,C,C,C,C,C,C,C,0.6,radicaleq
122,radicaleq,2,B,E,skip,E,A,skip,A,skip,D,A,skip,B,D,D,B,D,B,D,skip,E,0.55,radicaleq
122,random3,3,A,A,B,B,B,B,B,B,B,B,B,B,B,B,B,B,B,B,B,B,0.55,radicaleq
122,radicaleq,4,D,A,E,A,skip,A,skip,D,A,skip,D,A,skip,A,skip,A,skip,B,D,A,0.6,radicaleq
122,radicaleq,5,E,skip,A,skip,D,D,D,A,skip,D,A,skip,A,skip,D,skip,D,skip,A,B,0.55,radicaleq
122,random3,6,A,A,D,D,D,E,C,C,C,E,E,E,E,E,E,E,E,E,E,E,0.55,radicaleq
123,radicaleq,1,A,D,A,D,A,D,E,skip,B,B,A,C,C,B,D,C,B,D,D,E,0.65,radicaleq
123,radicaleq,2,B,E,B,E,skip,E,skip,C,C,A,C,A,A,A,B,E,D,C,B,D,0.6,radicaleq
123,random3,3,D,D,D,D,D,B,B,B,B,B,B,B,B,B,E,E,A,A,A,A,0.65,radicaleq
123,random3,4,E,E,E,C,C,C,C,C,C,C,C,D,D,D,D,D,D,E,E,C,0.35,radicaleq
123,radicaleq,5,E,A,E,A,D,A,A,D,E,skip,E,skip,E,skip,skip,B,skip,B,E,C,0.5,radicaleq
123,radicaleq,6,skip,B,skip,B,E,skip,D,E,skip,E,skip,E,skip,D,C,D,C,E,C,B,0.55,radicaleq
124,radicaleq,1,A,skip,A,C,skip,C,skip,D,C,A,C,A,E,D,C,A,A,A,A,A,0.7,radicaleq
124,random3,2,D,D,D,D,D,A,A,A,A,A,A,A,A,A,A,D,E,E,E,A,0.1,radicaleq
124,radicaleq,3,C,E,C,E,D,A,E,E,A,E,E,E,D,C,A,E,C,C,C,C,0.7,radicaleq
124,radicaleq,4,D,A,skip,A,C,skip,A,A,E,D,D,D,C,A,E,D,E,E,E,E,0.5,radicaleq
124,random3,5,C,C,C,B,B,B,B,B,B,B,B,B,B,B,B,B,B,B,B,B,0.85,radicaleq
124,radicaleq,6,skip,C,E,D,E,D,C,skip,D,C,A,C,A,E,D,C,D,D,D,D,0.7,radicaleq
125,radicaleq,1,A,C,E,A,C,A,D,E,A,D,E,D,A,E,skip,A,E,skip,A,E,0.55,radicaleq
125,radicaleq,2,B,D,skip,D,skip,skip,skip,skip,E,A,skip,A,E,skip,B,B,C,C,C,C,0.45,radicaleq
125,random3,3,C,C,A,A,A,A,A,A,A,B,B,B,B,B,B,B,B,B,B,B,0.5,radicaleq
125,radicaleq,4,D,E,A,B,A,C,A,D,skip,E,D,E,skip,D,A,E,skip,A,E,skip,0.5,radicaleq
125,random3,5,D,E,E,E,E,E,E,E,E,E,E,C,C,C,C,C,C,D,D,D,0.45,radicaleq
125,radicaleq,6,skip,B,D,skip,E,E,E,A,D,skip,A,skip,D,A,E,skip,A,E,skip,A,0.5,radicaleq
126,radicaleq,1,A,D,skip,E,B,E,skip,E,C,skip,E,C,skip,C,skip,C,C,skip,C,skip,0.55,radicaleq
126,radicaleq,2,B,skip,E,B,D,C,D,C,skip,E,C,skip,C,skip,B,skip,skip,C,skip,A,0.5,radicaleq
126,radicaleq,3,C,E,B,D,E,skip,E,skip,E,C,skip,A,D,B,A,A,A,B,B,B,0.5,radicaleq
126,radicaleq,4,D,A,D,C,C,B,C,A,B,D,D,D,B,D,E,B,E,A,E,E,0.5,radicaleq
126,random3,5,C,C,C,C,C,C,C,B,B,B,B,B,B,B,A,A,A,A,A,A,0.35,radicaleq
126,random3,6,D,E,E,E,A,A,A,A,A,A,A,A,E,E,E,C,E,D,D,D,0.55,radicaleq
127,random3,1,E,E,E,E,E,E,B,B,B,B,B,B,B,B,D,D,D,D,D,D,0.5,radicaleq
127,random3,2,D,A,A,A,A,D,D,E,E,C,C,C,C,C,C,C,C,C,C,C,0.6,radicaleq
127,radicaleq,3,C,skip,D,skip,E,A,skip,A,skip,A,E,skip,D,A,E,skip,E,skip,E,skip,0.55,radicaleq
127,radicaleq,4,D,C,E,D,skip,E,C,E,D,E,skip,D,A,E,skip,A,skip,E,skip,A,0.55,radicaleq
127,radicaleq,5,E,D,skip,E,C,skip,D,C,A,skip,D,A,E,skip,D,C,C,B,B,B,0.5,radicaleq
127,radicaleq,6,skip,E,A,C,A,C,A,skip,E,D,A,E,skip,B,B,D,A,A,A,D,0.5,radicaleq
128,random3,1,B,B,D,D,A,A,A,E,B,B,B,B,A,A,E,E,E,D,B,C,0.1,radicaleq
128,radicaleq,2,B,C,A,D,A,D,D,D,E,E,E,A,B,B,B,B,B,B,B,E,0.75,radicaleq
128,random3,3,B,A,A,C,C,C,C,C,C,C,C,C,C,C,C,C,C,C,C,C,0.85,radicaleq
128,radicaleq,4,D,B,E,B,skip,E,B,skip,A,B,A,B,D,E,A,A,A,E,E,B,0.75,radicaleq
128,radicaleq,5,E,skip,B,skip,E,B,skip,A,B,A,B,D,E,A,D,E,D,A,A,A,0.65,radicaleq
128,radicaleq,6,skip,E,skip,E,B,skip,A,E,D,D,D,E,A,D,E,D,E,D,D,D,0.55,radicaleq
129,random3,1,A,A,B,B,B,B,E,E,E,E,E,E,E,A,A,A,C,C,C,C,0.3,radicaleq
129,radicaleq,2,B,E,C,skip,skip,skip,B,D,skip,E,B,D,D,E,E,skip,E,E,D,B,0.55,radicaleq
129,radicaleq,3,C,A,B,E,E,C,D,skip,E,B,E,C,C,C,A,A,A,A,B,E,0.6,radicaleq
129,radicaleq,4,D,C,skip,D,D,B,E,E,C,C,C,B,B,B,B,B,D,B,E,skip,0.55,radicaleq
129,radicaleq,5,E,skip,D,B,C,D,skip,C,B,D,D,E,E,D,D,D,skip,skip,skip,D,0.5,radicaleq
129,random3,6,C,D,D,D,D,A,A,A,A,A,A,A,A,A,B,B,E,E,D,D,0.45,radicaleq
130,radicaleq,1,A,D,E,B,E,A,D,D,C,C,skip,B,D,A,C,B,C,D,D,D,0.6,radicaleq
130,random3,2,B,B,B,B,A,A,A,A,A,A,A,A,A,A,B,B,B,B,C,E,0.15,radicaleq
130,radicaleq,3,C,A,B,E,B,skip,C,skip,A,D,C,D,A,C,B,C,B,C,C,C,0.5,radicaleq
130,random3,4,A,A,A,D,D,D,D,D,D,D,E,E,E,E,E,E,E,E,E,E,0.65,radicaleq
130,radicaleq,5,E,skip,C,skip,A,C,A,B,skip,A,D,skip,C,B,D,D,D,B,B,B,0.6,radicaleq
130,radicaleq,6,skip,C,A,C,skip,B,skip,A,B,skip,A,C,B,D,A,A,A,A,A,A,0.65,radicaleq
131,radicaleq,1,A,D,E,E,skip,D,E,D,skip,B,D,B,skip,D,B,skip,A,C,skip,A,0.45,radicaleq
131,radicaleq,2,B,E,D,B,E,skip,B,E,E,D,skip,skip,D,B,skip,E,D,A,C,D,0.5,radicaleq
131,radicaleq,3,C,skip,A,D,A,E,A,skip,B,C,C,E,E,E,E,C,E,D,A,E,0.4,radicaleq
131,random3,4,B,D,D,D,D,D,C,C,C,C,C,C,C,C,C,C,D,D,E,E,0.4,radicaleq
131,random3,5,A,A,A,B,A,B,B,B,B,B,B,A,A,A,A,A,A,A,A,A,0.4,radicaleq
131,radicaleq,6,skip,B,skip,skip,D,A,skip,A,D,skip,B,D,B,skip,D,B,skip,skip,D,skip,0.45,radicaleq
132,radicaleq,1,A,E,D,A,E,C,C,D,D,D,D,C,C,D,C,E,A,D,C,C,0.8,radicaleq
132,radicaleq,2,B,D,A,E,C,A,E,E,E,C,E,E,E,E,E,A,D,C,E,E,0.65,radicaleq
132,radicaleq,3,C,A,E,C,A,E,A,A,A,E,A,A,A,A,A,D,C,E,A,A,0.75,radicaleq
132,random3,4,C,D,D,C,C,A,D,A,A,C,C,C,C,C,C,C,C,C,E,E,0.0,radicaleq
132,radicaleq,5,E,C,skip,D,D,D,D,C,C,A,C,D,D,C,D,C,E,A,D,D,0.75,radicaleq
132,random3,6,D,D,B,B,B,B,B,B,B,B,B,B,B,B,B,B,B,B,B,B,0.95,radicaleq
133,random3,1,D,D,D,A,A,A,A,A,A,A,A,A,A,A,A,A,A,A,A,E,0.75,radicaleq
133,radicaleq,2,B,C,E,E,D,D,D,D,B,B,B,B,C,C,C,C,C,C,C,A,0.65,radicaleq
133,radicaleq,3,C,A,D,B,B,C,E,B,D,C,C,C,B,D,D,E,E,E,B,B,0.75,radicaleq
133,random3,4,C,C,E,E,E,E,E,D,D,D,B,B,B,B,B,A,A,A,A,A,0.0,radicaleq
133,radicaleq,5,E,skip,B,C,skip,E,B,C,C,D,D,D,D,B,B,D,D,D,D,D,0.7,radicaleq
133,radicaleq,6,skip,B,C,skip,E,B,C,E,E,E,E,E,E,E,E,B,B,skip,skip,skip,0.7,radicaleq
134,radicaleq,1,A,B,D,D,A,B,E,E,E,E,A,E,B,A,C,E,B,A,A,A,0.65,radicaleq
134,random3,2,A,B,B,B,B,B,D,D,D,D,D,D,D,D,D,D,D,D,D,D,0.65,radicaleq
134,radicaleq,3,C,E,E,skip,E,C,skip,C,skip,B,C,skip,C,E,E,B,A,E,E,D,0.6,radicaleq
134,radicaleq,4,D,C,C,E,C,skip,C,skip,B,C,skip,B,A,C,B,A,C,C,C,skip,0.65,radicaleq
134,radicaleq,5,E,skip,skip,C,skip,A,B,B,C,skip,E,A,E,B,A,C,E,B,B,B,0.65,radicaleq
134,random3,6,C,C,C,A,A,A,D,A,A,A,A,A,C,C,C,C,A,D,D,A,0.2,radicaleq
135,random3,1,C,C,C,C,E,E,E,E,E,E,E,E,E,E,E,E,E,E,E,E,0.8,radicaleq
135,radicaleq,2,B,skip,A,B,C,skip,A,C,skip,A,D,D,C,D,D,D,D,D,D,D,0.6,radicaleq
135,radicaleq,3,C,E,B,skip,skip,A,C,skip,A,D,B,B,D,B,B,B,B,B,C,B,0.6,radicaleq
135,radicaleq,4,D,B,C,A,D,C,skip,B,D,B,C,C,B,C,C,C,A,C,B,C,0.65,radicaleq
135,random3,5,D,A,A,A,A,B,B,B,A,A,E,B,C,D,D,A,A,B,C,C,0.1,radicaleq
135,radicaleq,6,skip,D,skip,C,A,B,D,D,B,C,A,A,A,A,A,A,C,A,A,A,0.7,radicaleq
136,radicaleq,1,A,B,A,C,D,skip,A,C,D,B,E,skip,D,C,B,E,A,skip,D,B,0.85,draw
136,radicaleq,2,B,C,D,E,skip,A,C,D,B,E,skip,D,C,B,E,A,skip,D,B,C,0.85,draw
136,radicaleq,3,C,D,E,skip,A,C,D,B,E,skip,D,C,B,E,A,skip,D,B,C,E,0.85,draw
136,radicaleq,4,D,E,skip,A,C,D,B,E,skip,D,C,B,E,A,skip,D,B,C,E,A,0.85,draw
136,radicaleq,5,E,skip,B,B,B,B,E,skip,C,C,B,E,A,skip,D,B,C,E,A,skip,0.8,draw
136,radicaleq,6,skip,A,C,D,E,E,skip,A,A,A,A,A,skip,D,C,C,E,A,skip,D,0.8,draw
137,radicaleq,1,A,B,A,C,D,skip,A,C,D,B,E,skip,D,C,B,E,A,skip,D,B,0.85,draw
137,radicaleq,2,B,C,D,E,skip,A,C,D,B,E,skip,D,C,B,E,A,skip,D,B,C,0.85,draw
137,radicaleq,3,C,D,E,skip,A,C,D,B,E,skip,D,C,B,E,A,skip,D,B,C,E,0.85,draw
137,radicaleq,4,D,E,skip,A,C,D,B,E,skip,D,C,B,E,A,skip,D,B,C,E,A,0.85,draw
137,radicaleq,5,E,skip,B,B,B,B,E,skip,C,C,B,E,A,skip,D,B,C,E,A,skip,0.8,draw
137,radicaleq,6,skip,A,C,D,E,E,skip,A,A,A,A,A,skip,D,C,C,E,A,skip,D,0.8,draw
138,radicaleq,1,A,B,A,C,D,skip,A,C,D,B,E,skip,D,C,B,E,A,skip,D,B,0.85,draw
138,radicaleq,2,B,C,D,E,skip,A,C,D,B,E,skip,D,C,B,E,A,skip,D,B,C,0.85,draw
138,radicaleq,3,C,D,E,skip,A,C,D,B,E,skip,D,C,B,E,A,skip,D,B,C,E,0.85,draw
138,radicaleq,4,D,E,skip,A,C,D,B,E,skip,D,C,B,E,A,skip,D,B,C,E,A,0.85,draw
138,radicaleq,5,E,skip,B,B,B,B,E,skip,C,C,B,E,A,skip,D,B,C,E,A,skip,0.8,draw
138,radicaleq,6,skip,A,C,D,E,E,skip,A,A,A,A,A,skip,D,C,C,E,A,skip,D,0.8,draw
139,radicaleq,1,A,B,A,C,D,skip,A,C,D,B,E,skip,D,C,B,E,A,skip,D,B,0.85,draw
139,radicaleq,2,B,C,D,E,skip,A,C,D,B,E,skip,D,C,B,E,A,skip,D,B,C,0.85,draw
139,radicaleq,3,C,D,E,skip,A,C,D,B,E,skip,D,C,B,E,A,skip,D,B,C,E,0.85,draw
139,radicaleq,4,D,E,skip,A,C,D,B,E,skip,D,C,B,E,A,skip,D,B,C,E,A,0.85,draw
139,radicaleq,5,E,skip,B,B,B,B,E,skip,C,C,B,E,A,skip,D,B,C,E,A,skip,0.8,draw
139,radicaleq,6,skip,A,C,D,E,E,skip,A,A,A,A,A,skip,D,C,C,E,A,skip,D,0.8,draw
140,radicaleq,1,A,B,A,C,D,skip,A,C,D,B,E,skip,D,C,B,E,A,skip,D,B,0.85,draw
140,radicaleq,2,B,C,D,E,skip,A,C,D,B,E,skip,D,C,B,E,A,skip,D,B,C,0.85,draw
140,radicaleq,3,C,D,E,skip,A,C,D,B,E,skip,D,C,B,E,A,skip,D,B,C,E,0.85,draw
140,radicaleq,4,D,E,skip,A,C,D,B,E,skip,D,C,B,E,A,skip,D,B,C,E,A,0.85,draw
140,radicaleq,5,E,skip,B,B,B,B,E,skip,C,C,B,E,A,skip,D,B,C,E,A,skip,0.8,draw
140,radicaleq,6,skip,A,C,D,E,E,skip,A,A,A,A,A,skip,D,C,C,E,A,skip,D,0.8,draw
141,radicaleq,1,A,B,A,C,D,skip,A,C,D,B,E,skip,D,C,B,E,A,skip,D,B,0.85,draw
141,radicaleq,2,B,C,D,E,skip,A,C,D,B,E,skip,D,C,B,E,A,skip,D,B,C,0.85,draw
141,radicaleq,3,C,D,E,skip,A,C,D,B,E,skip,D,C,B,E,A,skip,D,B,C,E,0.85,draw
141,radicaleq,4,D,E,skip,A,C,D,B,E,skip,D,C,B,E,A,skip,D,B,C,E,A,0.85,draw
141,radicaleq,5,E,skip,B,B,B,B,E,skip,C,C,B,E,A,skip,D,B,C,E,A,skip,0.8,draw
141,radicaleq,6,skip,A,C,D,E,E,skip,A,A,A,A,A,skip,D,C,C,E,A,skip,D,0.8,draw
142,radicaleq,1,A,B,A,C,D,skip,A,C,D,B,E,skip,D,C,B,E,A,skip,D,B,0.85,draw
142,radicaleq,2,B,C,D,E,skip,A,C,D,B,E,skip,D,C,B,E,A,skip,D,B,C,0.85,draw
142,radicaleq,3,C,D,E,skip,A,C,D,B,E,skip,D,C,B,E,A,skip,D,B,C,E,0.85,draw
142,radicaleq,4,D,E,skip,A,C,D,B,E,skip,D,C,B,E,A,skip,D,B,C,E,A,0.85,draw
142,radicaleq,5,E,skip,B,B,B,B,E,skip,C,C,B,E,A,skip,D,B,C,E,A,skip,0.8,draw
142,radicaleq,6,skip,A,C,D,E,E,skip,A,A,A,A,A,skip,D,C,C,E,A,skip,D,0.8,draw
143,radicaleq,1,A,B,A,C,D,skip,A,C,D,B,E,skip,D,C,B,E,A,skip,D,B,0.85,draw
143,radicaleq,2,B,C,D,E,skip,A,C,D,B,E,skip,D,C,B,E,A,skip,D,B,C,0.85,draw
143,radicaleq,3,C,D,E,skip,A,C,D,B,E,skip,D,C,B,E,A,skip,D,B,C,E,0.85,draw
143,radicaleq,4,D,E,skip,A,C,D,B,E,skip,D,C,B,E,A,skip,D,B,C,E,A,0.85,draw
143,radicaleq,5,E,skip,B,B,B,B,E,skip,C,C,B,E,A,skip,D,B,C,E,A,skip,0.8,draw
143,radicaleq,6,skip,A,C,D,E,E,skip,A,A,A,A,A,skip,D,C,C,E,A,skip,D,0.8,draw
144,radicaleq,1,A,B,A,C,D,skip,A,C,D,B,E,skip,D,C,B,E,A,skip,D,B,0.85,draw
144,radicaleq,2,B,C,D,E,skip,A,C,D,B,E,skip,D,C,B,E,A,skip,D,B,C,0.85,draw
144,radicaleq,3,C,D,E,skip,A,C,D,B,E,skip,D,C,B,E,A,skip,D,B,C,E,0.85,draw
144,radicaleq,4,D,E,skip,A,C,D,B,E,skip,D,C,B,E,A,skip,D,B,C,E,A,0.85,draw
144,radicaleq,5,E,skip,B,B,B,B,E,skip,C,C,B,E,A,skip,D,B,C,E,A,skip,0.8,draw
144,radicaleq,6,skip,A,C,D,E,E,skip,A,A,A,A,A,skip,D,C,C,E,A,skip,D,0.8,draw
145,radicaleq,1,A,B,A,C,D,skip,A,C,D,B,E,skip,D,C,B,E,A,skip,D,B,0.85,draw
145,radicaleq,2,B,C,D,E,skip,A,C,D,B,E,skip,D,C,B,E,A,skip,D,B,C,0.85,draw
145,radicaleq,3,C,D,E,skip,A,C,D,B,E,skip,D,C,B,E,A,skip,D,B,C,E,0.85,draw
145,radicaleq,4,D,E,skip,A,C,D,B,E,skip,D,C,B,E,A,skip,D,B,C,E,A,0.85,draw
145,radicaleq,5,E,skip,B,B,B,B,E,skip,C,C,B,E,A,skip,D,B,C,E,A,skip,0.8,draw
145,radicaleq,6,skip,A,C,D,E,E,skip,A,A,A,A,A,skip,D,C,C,E,A,skip,D,0.8,draw
146,radicaleq,1,A,B,A,C,D,skip,A,C,D,B,E,skip,D,C,B,E,A,skip,D,B,0.85,draw
146,radicaleq,2,B,C,D,E,skip,A,C,D,B,E,skip,D,C,B,E,A,skip,D,B,C,0.85,draw
146,radicaleq,3,C,D,E,skip,A,C,D,B,E,skip,D,C,B,E,A,skip,D,B,C,E,0.85,draw
146,radicaleq,4,D,E,skip,A,C,D,B,E,skip,D,C,B,E,A,skip,D,B,C,E,A,0.85,draw
146,radicaleq,5,E,skip,B,B,B,B,E,skip,C,C,B,E,A,skip,D,B,C,E,A,skip,0.8,draw
146,radicaleq,6,skip,A,C,D,E,E,skip,A,A,A,A,A,skip,D,C,C,E,A,skip,D,0.8,draw
147,radicaleq,1,A,B,A,C,D,skip,A,C,D,B,E,skip,D,C,B,E,A,skip,D,B,0.85,draw
147,radicaleq,2,B,C,D,E,skip,A,C,D,B,E,skip,D,C,B,E,A,skip,D,B,C,0.85,draw
147,radicaleq,3,C,D,E,skip,A,C,D,B,E,skip,D,C,B,E,A,skip,D,B,C,E,0.85,draw
147,radicaleq,4,D,E,skip,A,C,D,B,E,skip,D,C,B,E,A,skip,D,B,C,E,A,0.85,draw
147,radicaleq,5,E,skip,B,B,B,B,E,skip,C,C,B,E,A,skip,D,B,C,E,A,skip,0.8,draw
147,radicaleq,6,skip,A,C,D,E,E,skip,A,A,A,A,A,skip,D,C,C,E,A,skip,D,0.8,draw
148,radicaleq,1,A,B,A,C,D,skip,A,C,D,B,E,skip,D,C,B,E,A,skip,D,B,0.85,draw
148,radicaleq,2,B,C,D,E,skip,A,C,D,B,E,skip,D,C,B,E,A,skip,D,B,C,0.85,draw
148,radicaleq,3,C,D,E,skip,A,C,D,B,E,skip,D,C,B,E,A,skip,D,B,C,E,0.85,draw
148,radicaleq,4,D,E,skip,A,C,D,B,E,skip,D,C,B,E,A,skip,D,B,C,E,A,0.85,draw
148,radicaleq,5,E,skip,B,B,B,B,E,skip,C,C,B,E,A,skip,D,B,C,E,A,skip,0.8,draw
148,radicaleq,6,skip,A,C,D,E,E,skip,A,A,A,A,A,skip,D,C,C,E,A,skip,D,0.8,draw
149,radicaleq,1,A,B,A,C,D,skip,A,C,D,B,E,skip,D,C,B,E,A,skip,D,B,0.85,draw
149,radicaleq,2,B,C,D,E,skip,A,C,D,B,E,skip,D,C,B,E,A,skip,D,B,C,0.85,draw
149,radicaleq,3,C,D,E,skip,A,C,D,B,E,skip,D,C,B,E,A,skip,D,B,C,E,0.85,draw
149,radicaleq,4,D,E,skip,A,C,D,B,E,skip,D,C,B,E,A,skip,D,B,C,E,A,0.85,draw
149,radicaleq,5,E,skip,B,B,B,B,E,skip,C,C,B,E,A,skip,D,B,C,E,A,skip,0.8,draw
149,radicaleq,6,skip,A,C,D,E,E,skip,A,A,A,A,A,skip,D,C,C,E,A,skip,D,0.8,draw
150,radicaleq,1,A,B,A,C,D,skip,A,C,D,B,E,skip,D,C,B,E,A,skip,D,B,0.85,draw
150,radicaleq,2,B,C,D,E,skip,A,C,D,B,E,skip,D,C,B,E,A,skip,D,B,C,0.85,draw
150,radicaleq,3,C,D,E,skip,A,C,D,B,E,skip,D,C,B,E,A,skip,D,B,C,E,0.85,draw
150,radicaleq,4,D,E,skip,A,C,D,B,E,skip,D,C,B,E,A,skip,D,B,C,E,A,0.85,draw
150,radicaleq,5,E,skip,B,B,B,B,E,skip,C,C,B,E,A,skip,D,B,C,E,A,skip,0.8,draw
150,radicaleq,6,skip,A,C,D,E,E,skip,A,A,A,A,A,skip,D,C,C,E,A,skip,D,0.8,draw
151,rotate0,1,A,A,A,A,A,A,A,A,A,A,A,A,A,A,A,A,A,A,A,A,0.85,random
151,random,2,A,C,B,B,B,skip,skip,C,E,A,B,D,D,D,B,E,E,E,A,skip,0.3,random
151,random,3,E,skip,C,D,skip,B,skip,E,skip,E,B,skip,skip,D,D,B,B,E,skip,D,0.2,random
151,rotate0,4,D,D,D,D,D,D,D,D,D,D,D,D,D,D,D,D,D,D,D,D,0.7,random
151,rotate0,5,E,E,E,E,E,E,E,E,E,E,E,E,E,E,E,E,E,E,E,E,0.65,random
151,rotate0,6,skip,skip,skip,skip,skip,skip,skip,skip,skip,skip,skip,skip,skip,skip,skip,skip,skip,skip,skip,skip,0.0,random
152,rotate0,1,A,A,A,A,A,A,A,A,A,A,A,A,A,A,A,A,A,A,A,A,0.65,rotate0
152,rotate0,2,B,B,B,B,B,B,B,B,B,B,B,B,B,B,B,B,B,B,B,B,0.7,rotate0
152,random,3,A,D,B,D,D,E,skip,E,C,E,A,D,skip,D,C,A,D,E,A,E,0.05,rotate0
152,rotate0,4,D,D,D,D,D,D,D,D,D,D,D,D,D,D,D,D,D,D,D,D,0.6,rotate0
152,rotate0,5,E,E,E,E,E,E,E,E,E,E,E,E,E,E,E,E,E,E,E,E,0.6,rotate0
152,random,6,D,D,E,D,A,B,A,skip,B,B,C,B,E,A,C,D,E,skip,B,skip,0.05,rotate0
153,rotate0,1,A,A,A,A,A,A,A,A,A,A,A,A,A,A,A,A,A,A,A,A,0.7,random
153,rotate0,2,B,B,B,B,B,B,B,B,B,B,B,B,B,B,B,B,B,B,B,B,0.7,random
153,random,3,A,E,C,A,C,skip,A,D,D,skip,A,A,D,skip,C,B,A,skip,D,skip,0.35,random
153,random,4,A,B,B,E,skip,E,B,C,E,D,D,D,C,B,D,E,B,D,C,E,0.4,random
153,rotate0,5,E,E,E,E,E,E,E,E,E,E,E,E,E,E,E,E,E,E,E,E,0.7,random
153,rotate0,6,skip,skip,skip,skip,skip,skip,skip,skip,skip,skip,skip,skip,skip,skip,skip,skip,skip,skip,skip,skip,0.0,random
154,rotate0,1,A,A,A,A,A,A,A,A,A,A,A,A,A,A,A,A,A,A,A,A,0.6,random
154,random,2,D,E,E,D,A,E,skip,E,C,A,A,skip,E,C,A,D,D,D,B,A,0.3,random
154,rotate0,3,C,C,C,C,C,C,C,C,C,C,C,C,C,C,C,C,C,C,C,C,0.8,random
154,rotate0,4,D,D,D,D,D,D,D,D,D,D,D,D,D,D,D,D,D,D,D,D,0.65,random
154,random,5,D,D,skip,E,D,skip,A,B,C,A,C,E,skip,A,skip,skip,C,skip,A,skip,0.15,random
154,rotate0,6,skip,skip,skip,skip,skip,skip,skip,skip,skip,skip,skip,skip,skip,skip,skip,skip,skip,skip,skip,skip,0.0,random
155,rotate0,1,A,A,A,A,A,A,A,A,A,A,A,A,A,A,A,A,A,A,A,A,0.55,random
155,rotate0,2,B,B,B,B,B,B,B,B,B,B,B,B,B,B,B,B,B,B,B,B,0.85,random
155,random,3,A,A,A,C,C,D,E,A,C,B,C,A,D,C,D,E,D,skip,A,C,0.4,random
155,rotate0,4,D,D,D,D,D,D,D,D,D,D,D,D,D,D,D,D,D,D,D,D,0.65,random
155,random,5,A,D,C,skip,A,C,skip,skip,A,B,skip,B,D,B,E,A,D,D,E,D,0.2,random
155,rotate0,6,skip,skip,skip,skip,skip,skip,skip,skip,skip,skip,skip,skip,skip,skip,skip,skip,skip,skip,skip,skip,0.0,random
156,rotate0,1,A,A,A,A,A,A,A,A,A,A,A,A,A,A,A,A,A,A,A,A,0.65,rotate0
156,rotate0,2,B,B,B,B,B,B,B,B,B,B,B,B,B,B,B,B,B,B,B,B,0.6,rotate0
156,rotate0,3,C,C,C,C,C,C,C,C,C,C,C,C,C,C,C,C,C,C,C,C,0.85,rotate0
156,rotate0,4,D,D,D,D,D,D,D,D,D,D,D,D,D,D,D,D,D,D,D,D,0.8,rotate0
156,random,5,A,C,D,B,skip,skip,C,E,E,D,B,B,skip,D,B,B,D,skip,A,E,0.15,rotate0
156,random,6,A,skip,E,A,A,skip,B,C,B,D,A,A,skip,B,A,skip,D,E,E,skip,0.15,rotate0
157,random,1,C,D,E,A,A,C,E,B,C,skip,B,D,C,B,C,B,B,skip,D,skip,0.3,random
157,random,2,B,C,skip,E,E,skip,C,B,E,D,A,A,skip,E,D,skip,A,skip,A,A,0.3,random
157,rotate0,3,C,C,C,C,C,C,C,C,C,C,C,C,C,C,C,C,C,C,C,C,0.65,random
157,rotate0,4,D,D,D,D,D,D,D,D,D,D,D,D,D,D,D,D,D,D,D,D,0.75,random
157,rotate0,5,E,E,E,E,E,E,E,E,E,E,E,E,E,E,E,E,E,E,E,E,0.7,random
157,rotate0,6,skip,skip,skip,skip,skip,skip,skip,skip,skip,skip,skip,skip,skip,skip,skip,skip,skip,skip,skip,skip,0.0,random
158,random,1,D,C,E,skip,B,skip,E,B,B,A,B,skip,B,E,D,A,C,A,E,E,0.25,random
158,rotate0,2,B,B,B,B,B,B,B,B,B,B,B,B,B,B,B,B,B,B,B,B,0.55,random
158,random,3,C,E,C,E,B,E,skip,C,D,B,D,B,A,B,C,B,A,C,skip,A,0.4,random
158,rotate0,4,D,D,D,D,D,D,D,D,D,D,D,D,D,D,D,D,D,D,D,D,0.8,random
158,rotate0,5,E,E,E,E,E,E,E,E,E,E,E,E,E,E,E,E,E,E,E,E,0.6,random
158,rotate0,6,skip,skip,skip,skip,skip,skip,skip,skip,skip,skip,skip,skip,skip,skip,skip,skip,skip,skip,skip,skip,0.0,random
159,random,1,B,B,E,E,D,B,A,C,B,A,D,A,B,E,B,A,B,B,E,B,0.2,rotate0
159,rotate0,2,B,B,B,B,B,B,B,B,B,B,B,B,B,B,B,B,B,B,B,B,0.5,rotate0
159,rotate0,3,C,C,C,C,C,C,C,C,C,C,C,C,C,C,C,C,C,C,C,C,0.9,rotate0
159,rotate0,4,D,D,D,D,D,D,D,D,D,D,D,D,D,D,D,D,D,D,D,D,0.65,rotate0
159,rotate0,5,E,E,E,E,E,E,E,E,E,E,E,E,E,E,E,E,E,E,E,E,0.65,rotate0
159,random,6,B,E,D,A,A,E,D,D,skip,D,D,C,skip,A,E,B,B,B,A,D,0.2,rotate0
160,rotate0,1,A,A,A,A,A,A,A,A,A,A,A,A,A,A,A,A,A,A,A,A,0.65,random
160,random,2,B,B,D,skip,C,E,skip,skip,E,D,A,A,skip,C,B,A,A,D,A,D,0.25,random
160,rotate0,3,C,C,C,C,C,C,C,C,C,C,C,C,C,C,C,C,C,C,C,C,0.7,random
160,random,4,C,E,skip,A,skip,B,E,D,C,D,C,A,A,D,D,E,C,E,E,D,0.2,random
160,rotate0,5,E,E,E,E,E,E,E,E,E,E,E,E,E,E,E,E,E,E,E,E,0.65,random
160,rotate0,6,skip,skip,skip,skip,skip,skip,skip,skip,skip,skip,skip,skip,skip,skip,skip,skip,skip,skip,skip,skip,0.0,random
161,rotate0,1,A,A,A,A,A,A,A,A,A,A,A,A,A,A,A,A,A,A,A,A,0.7,random
161,rotate0,2,B,B,B,B,B,B,B,B,B,B,B,B,B,B,B,B,B,B,B,B,0.75,random
161,rotate0,3,C,C,C,C,C,C,C,C,C,C,C,C,C,C,C,C,C,C,C,C,0.75,random
161,random,4,E,A,E,B,skip,E,C,D,E,D,C,D,B,C,E,E,skip,B,skip,E,0.5,random
161,random,5,skip,A,B,skip,C,A,E,E,A,E,E,E,skip,C,A,A,A,C,E,B,0.3,random
161,rotate0,6,skip,skip,skip,skip,skip,skip,skip,skip,skip,skip,skip,skip,skip,skip,skip,skip,skip,skip,skip,skip,0.0,random
162,rotate0,1,A,A,A,A,A,A,A,A,A,A,A,A,A,A,A,A,A,A,A,A,0.75,rotate0
162,rotate0,2,B,B,B,B,B,B,B,B,B,B,B,B,B,B,B,B,B,B,B,B,0.85,rotate0
162,rotate0,3,C,C,C,C,C,C,C,C,C,C,C,C,C,C,C,C,C,C,C,C,0.65,rotate0
162,random,4,D,B,D,E,E,A,D,D,A,E,E,C,A,C,C,E,D,skip,B,E,0.25,rotate0
162,rotate0,5,E,E,E,E,E,E,E,E,E,E,E,E,E,E,E,E,E,E,E,E,0.65,rotate0
162,random,6,C,C,A,C,D,skip,skip,skip,D,D,D,B,skip,D,A,E,skip,C,E,D,0.3,rotate0
163,random,1,B,C,C,E,D,B,B,D,skip,D,D,C,A,skip,A,E,skip,D,skip,A,0.35,random
163,rotate0,2,B,B,B,B,B,B,B,B,B,B,B,B,B,B,B,B,B,B,B,B,0.7,random
163,rotate0,3,C,C,C,C,C,C,C,C,C,C,C,C,C,C,C,C,C,C,C,C,0.8,random
163,random,4,B,B,E,E,skip,D,D,B,skip,E,skip,E,A,skip,B,skip,D,A,E,C,0.2,random
163,rotate0,5,E,E,E,E,E,E,E,E,E,E,E,E,E,E,E,E,E,E,E,E,0.7,random
163,rotate0,6,skip,skip,skip,skip,skip,skip,skip,skip,skip,skip,skip,skip,skip,skip,skip,skip,skip,skip,skip,skip,0.0,random
164,rotate0,1,A,A,A,A,A,A,A,A,A,A,A,A,A,A,A,A,A,A,A,A,0.75,rotate0
164,random,2,skip,C,D,A,A,skip,B,skip,A,B,skip,C,D,skip,B,A,E,E,skip,E,0.15,rotate0
164,rotate0,3,C,C,C,C,C,C,C,C,C,C,C,C,C,C,C,C,C,C,C,C,0.7,rotate0
164,rotate0,4,D,D,D,D,D,D,D,D,D,D,D,D,D,D,D,D,D,D,D,D,0.85,rotate0
164,rotate0,5,E,E,E,E,E,E,E,E,E,E,E,E,E,E,E,E,E,E,E,E,0.65,rotate0
164,random,6,B,skip,skip,C,skip,E,E,B,E,C,B,B,E,A,D,C,E,B,C,skip,0.25,rotate0
165,random,1,C,D,D,B,A,E,D,A,C,skip,B,C,skip,skip,D,D,D,D,A,C,0.15,random
165,rotate0,2,B,B,B,B,B,B,B,B,B,B,B,B,B,B,B,B,B,B,B,B,0.8,random
165,rotate0,3,C,C,C,C,C,C,C,C,C,C,C,C,C,C,C,C,C,C,C,C,0.7,random
165,rotate0,4,D,D,D,D,D,D,D,D,D,D,D,D,D,D,D,D,D,D,D,D,0.5,random
165,random,5,skip,B,skip,skip,C,E,B,C,D,skip,B,D,E,E,A,A,A,skip,D,skip,0.25,random
165,rotate0,6,skip,skip,skip,skip,skip,skip,skip,skip,skip,skip,skip,skip,skip,skip,skip,skip,skip,skip,skip,skip,0.0,random
166,rotate0,1,A,A,A,A,A,A,A,A,A,A,A,A,A,A,A,A,A,A,A,A,0.7,rotate
166,rotate,2,B,C,D,E,skip,A,B,C,D,E,skip,A,B,C,D,E,skip,A,B,C,0.4,rotate
166,rotate,3,C,D,E,skip,A,B,C,D,E,skip,A,B,C,D,E,skip,A,B,C,D,0.35,rotate
166,rotate0,4,D,D,D,D,D,D,D,D,D,D,D,D,D,D,D,D,D,D,D,D,0.65,rotate
166,rotate0,5,E,E,E,E,E,E,E,E,E,E,E,E,E,E,E,E,E,E,E,E,0.7,rotate
166,rotate0,6,skip,skip,skip,skip,skip,skip,skip,skip,skip,skip,skip,skip,skip,skip,skip,skip,skip,skip,skip,skip,0.0,rotate
167,rotate0,1,A,A,A,A,A,A,A,A,A,A,A,A,A,A,A,A,A,A,A,A,0.65,rotate
167,rotate0,2,B,B,B,B,B,B,B,B,B,B,B,B,B,B,B,B,B,B,B,B,0.7,rotate
167,rotate,3,C,D,E,skip,A,B,C,D,E,skip,A,B,C,D,E,skip,A,B,C,D,0.2,rotate
167,rotate0,4,D,D,D,D,D,D,D,D,D,D,D,D,D,D,D,D,D,D,D,D,0.65,rotate
167,rotate0,5,E,E,E,E,E,E,E,E,E,E,E,E,E,E,E,E,E,E,E,E,0.7,rotate
167,rotate,6,skip,A,B,C,D,E,skip,A,B,C,D,E,skip,A,B,C,D,E,skip,A,0.15,rotate
168,rotate0,1,A,A,A,A,A,A,A,A,A,A,A,A,A,A,A,A,A,A,A,A,0.7,rotate
168,rotate0,2,B,B,B,B,B,B,B,B,B,B,B,B,B,B,B,B,B,B,B,B,0.7,rotate
168,rotate,3,C,D,E,skip,A,B,C,D,E,skip,A,B,C,D,E,skip,A,B,C,D,0.4,rotate
168,rotate,4,D,E,skip,A,B,C,D,E,skip,A,B,C,D,E,skip,A,B,C,D,E,0.35,rotate
168,rotate0,5,E,E,E,E,E,E,E,E,E,E,E,E,E,E,E,E,E,E,E,E,0.65,rotate
168,rotate0,6,skip,skip,skip,skip,skip,skip,skip,skip,skip,skip,skip,skip,skip,skip,skip,skip,skip,skip,skip,skip,0.0,rotate
169,rotate0,1,A,A,A,A,A,A,A,A,A,A,A,A,A,A,A,A,A,A,A,A,0.7,rotate
169,rotate,2,B,C,D,E,skip,A,B,C,D,E,skip,A,B,C,D,E,skip,A,B,C,0.35,rotate
169,rotate0,3,C,C,C,C,C,C,C,C,C,C,C,C,C,C,C,C,C,C,C,C,0.65,rotate
169,rotate0,4,D,D,D,D,D,D,D,D,D,D,D,D,D,D,D,D,D,D,D,D,0.7,rotate
169,rotate,5,E,skip,A,B,C,D,E,skip,A,B,C,D,E,skip,A,B,C,D,E,skip,0.35,rotate
169,rotate0,6,skip,skip,skip,skip,skip,skip,skip,skip,skip,skip,skip,skip,skip,skip,skip,skip,skip,skip,skip,skip,0.0,rotate
170,rotate0,1,A,A,A,A,A,A,A,A,A,A,A,A,A,A,A,A,A,A,A,A,0.7,rotate
170,rotate0,2,B,B,B,B,B,B,B,B,B,B,B,B,B,B,B,B,B,B,B,B,0.7,rotate
170,rotate,3,C,D,E,skip,A,B,C,D,E,skip,A,B,C,D,E,skip,A,B,C,D,0.35,rotate
170,rotate0,4,D,D,D,D,D,D,D,D,D,D,D,D,D,D,D,D,D,D,D,D,0.65,rotate
170,rotate,5,E,skip,A,B,C,D,E,skip,A,B,C,D,E,skip,A,B,C,D,E,skip,0.35,rotate
170,rotate0,6,skip,skip,skip,skip,skip,skip,skip,skip,skip,skip,skip,skip,skip,skip,skip,skip,skip,skip,skip,skip,0.0,rotate
171,rotate0,1,A,A,A,A,A,A,A,A,A,A,A,A,A,A,A,A,A,A,A,A,0.65,rotate
171,rotate0,2,B,B,B,B,B,B,B,B,B,B,B,B,B,B,B,B,B,B,B,B,0.7,rotate
171,rotate0,3,C,C,C,C,C,C,C,C,C,C,C,C,C,C,C,C,C,C,C,C,0.7,rotate
171,rotate0,4,D,D,D,D,D,D,D,D,D,D,D,D,D,D,D,D,D,D,D,D,0.7,rotate
171,rotate,5,E,skip,A,B,C,D,E,skip,A,B,C,D,E,skip,A,B,C,D,E,skip,0.2,rotate
171,rotate,6,skip,A,B,C,D,E,skip,A,B,C,D,E,skip,A,B,C,D,E,skip,A,0.15,rotate
172,rotate,1,A,B,C,D,E,skip,A,B,C,D,E,skip,A,B,C,D,E,skip,A,B,0.4,rotate
172,rotate,2,B,C,D,E,skip,A,B,C,D,E,skip,A,B,C,D,E,skip,A,B,C,0.35,rotate
172,rotate0,3,C,C,C,C,C,C,C,C,C,C,C,C,C,C,C,C,C,C,C,C,0.65,rotate
172,rotate0,4,D,D,D,D,D,D,D,D,D,D,D,D,D,D,D,D,D,D,D,D,0.7,rotate
172,rotate0,5,E,E,E,E,E,E,E,E,E,E,E,E,E,E,E,E,E,E,E,E,0.7,rotate
172,rotate0,6,skip,skip,skip,skip,skip,skip,skip,skip,skip,skip,skip,skip,skip,skip,skip,skip,skip,skip,skip,skip,0.0,rotate
173,rotate,1,A,B,C,D,E,skip,A,B,C,D,E,skip,A,B,C,D,E,skip,A,B,0.35,rotate
173,rotate0,2,B,B,B,B,B,B,B,B,B,B,B,B,B,B,B,B,B,B,B,B,0.65,rotate
173,rotate,3,C,D,E,skip,A,B,C,D,E,skip,A,B,C,D,E,skip,A,B,C,D,0.35,rotate
173,rotate0,4,D,D,D,D,D,D,D,D,D,D,D,D,D,D,D,D,D,D,D,D,0.65,rotate
173,rotate0,5,E,E,E,E,E,E,E,E,E,E,E,E,E,E,E,E,E,E,E,E,0.7,rotate
173,rotate0,6,skip,skip,skip,skip,skip,skip,skip,skip,skip,skip,skip,skip,skip,skip,skip,skip,skip,skip,skip,skip,0.0,rotate
174,rotate,1,A,B,C,D,E,skip,A,B,C,D,E,skip,A,B,C,D,E,skip,A,B,0.2,rotate
174,rotate0,2,B,B,B,B,B,B,B,B,B,B,B,B,B,B,B,B,B,B,B,B,0.65,rotate
174,rotate0,3,C,C,C,C,C,C,C,C,C,C,C,C,C,C,C,C,C,C,C,C,0.7,rotate
174,rotate0,4,D,D,D,D,D,D,D,D,D,D,D,D,D,D,D,D,D,D,D,D,0.7,rotate
174,rotate0,5,E,E,E,E,E,E,E,E,E,E,E,E,E,E,E,E,E,E,E,E,0.7,rotate
174,rotate,6,skip,A,B,C,D,E,skip,A,B,C,D,E,skip,A,B,C,D,E,skip,A,0.2,rotate
175,rotate0,1,A,A,A,A,A,A,A,A,A,A,A,A,A,A,A,A,A,A,A,A,0.7,rotate
175,rotate,2,B,C,D,E,skip,A,B,C,D,E,skip,A,B,C,D,E,skip,A,B,C,0.35,rotate
175,rotate0,3,C,C,C,C,C,C,C,C,C,C,C,C,C,C,C,C,C,C,C,C,0.65,rotate
175,rotate,4,D,E,skip,A,B,C,D,E,skip,A,B,C,D,E,skip,A,B,C,D,E,0.35,rotate
175,rotate0,5,E,E,E,E,E,E,E,E,E,E,E,E,E,E,E,E,E,E,E,E,0.65,rotate
175,rotate0,6,skip,skip,skip,skip,skip,skip,skip,skip,skip,skip,skip,skip,skip,skip,skip,skip,skip,skip,skip,skip,0.0,rotate
176,rotate0,1,A,A,A,A,A,A,A,A,A,A,A,A,A,A,A,A,A,A,A,A,0.7,rotate
176,rotate0,2,B,B,B,B,B,B,B,B,B,B,B,B,B,B,B,B,B,B,B,B,0.7,rotate
176,rotate0,3,C,C,C,C,C,C,C,C,C,C,C,C,C,C,C,C,C,C,C,C,0.7,rotate
176,rotate,4,D,E,skip,A,B,C,D,E,skip,A,B,C,D,E,skip,A,B,C,D,E,0.4,rotate
176,rotate,5,E,skip,A,B,C,D,E,skip,A,B,C,D,E,skip,A,B,C,D,E,skip,0.35,rotate
176,rotate0,6,skip,skip,skip,skip,skip,skip,skip,skip,skip,skip,skip,skip,skip,skip,skip,skip,skip,skip,skip,skip,0.0,rotate
177,rotate0,1,A,A,A,A,A,A,A,A,A,A,A,A,A,A,A,A,A,A,A,A,0.65,rotate
177,rotate0,2,B,B,B,B,B,B,B,B,B,B,B,B,B,B,B,B,B,B,B,B,0.7,rotate
177,rotate0,3,C,C,C,C,C,C,C,C,C,C,C,C,C,C,C,C,C,C,C,C,0.7,rotate
177,rotate,4,D,E,skip,A,B,C,D,E,skip,A,B,C,D,E,skip,A,B,C,D,E,0.2,rotate
177,rotate0,5,E,E,E,E,E,E,E,E,E,E,E,E,E,E,E,E,E,E,E,E,0.65,rotate
177,rotate,6,skip,A,B,C,D,E,skip,A,B,C,D,E,skip,A,B,C,D,E,skip,A,0.15,rotate
178,rotate,1,A,B,C,D,E,skip,A,B,C,D,E,skip,A,B,C,D,E,skip,A,B,0.35,rotate
178,rotate0,2,B,B,B,B,B,B,B,B,B,B,B,B,B,B,B,B,B,B,B,B,0.65,rotate
178,rotate0,3,C,C,C,C,C,C,C,C,C,C,C,C,C,C,C,C,C,C,C,C,0.7,rotate
178,rotate,4,D,E,skip,A,B,C,D,E,skip,A,B,C,D,E,skip,A,B,C,D,E,0.35,rotate
178,rotate0,5,E,E,E,E,E,E,E,E,E,E,E,E,E,E,E,E,E,E,E,E,0.65,rotate
178,rotate0,6,skip,skip,skip,skip,skip,skip,skip,skip,skip,skip,skip,skip,skip,skip,skip,skip,skip,skip,skip,skip,0.0,rotate
179,rotate0,1,A,A,A,A,A,A,A,A,A,A,A,A,A,A,A,A,A,A,A,A,0.65,rotate
179,rotate,2,B,C,D,E,skip,A,B,C,D,E,skip,A,B,C,D,E,skip,A,B,C,0.2,rotate
179,rotate0,3,C,C,C,C,C,C,C,C,C,C,C,C,C,C,C,C,C,C,C,C,0.65,rotate
179,rotate0,4,D,D,D,D,D,D,D,D,D,D,D,D,D,D,D,D,D,D,D,D,0.7,rotate
179,rotate0,5,E,E,E,E,E,E,E,E,E,E,E,E,E,E,E,E,E,E,E,E,0.7,rotate
179,rotate,6,skip,A,B,C,D,E,skip,A,B,C,D,E,skip,A,B,C,D,E,skip,A,0.15,rotate
180,rotate,1,A,B,C,D,E,skip,A,B,C,D,E,skip,A,B,C,D,E,skip,A,B,0.35,rotate
180,rotate0,2,B,B,B,B,B,B,B,B,B,B,B,B,B,B,B,B,B,B,B,B,0.65,rotate
180,rotate0,3,C,C,C,C,C,C,C,C,C,C,C,C,C,C,C,C,C,C,C,C,0.7,rotate
180,rotate0,4,D,D,D,D,D,D,D,D,D,D,D,D,D,D,D,D,D,D,D,D,0.7,rotate
180,rotate,5,E,skip,A,B,C,D,E,skip,A,B,C,D,E,skip,A,B,C,D,E,skip,0.35,rotate
180,rotate0,6,skip,skip,skip,skip,skip,skip,skip,skip,skip,skip,skip,skip,skip,skip,skip,skip,skip,skip,skip,skip,0.0,rotate
181,random3,1,B,A,A,D,D,C,C,C,C,C,C,C,B,A,A,A,A,A,A,A,0.15,rotate0
181,rotate0,2,B,B,B,B,B,B,B,B,B,B,B,B,B,B,B,B,B,B,B,B,0.8,rotate0
181,rotate0,3,C,C,C,C,C,C,C,C,C,C,C,C,C,C,C,C,C,C,C,C,0.6,rotate0
181,random3,4,C,D,D,D,D,D,D,D,D,D,D,D,D,D,D,D,D,B,B,A,0.65,rotate0
181,random3,5,E,E,E,E,E,E,E,E,E,E,E,E,E,E,E,E,E,E,E,E,1.0,rotate0
181,random3,6,B,A,A,A,A,A,A,A,A,A,A,A,A,A,A,A,D,D,D,D,0.65,rotate0
182,random3,1,A,B,B,B,B,B,B,B,B,B,B,B,B,B,B,B,B,B,B,B,0.95,random3
182,random3,2,A,D,D,D,D,D,D,D,D,D,D,D,D,D,D,D,D,D,D,D,0.95,random3
182,rotate0,3,C,C,C,C,C,C,C,C,C,C,C,C,C,C,C,C,C,C,C,C,1.0,random3
182,random3,4,E,E,E,E,E,E,E,E,E,E,E,E,E,E,E,E,E,E,E,E,1.0,random3
182,random3,5,A,A,A,A,A,A,A,A,A,A,A,A,A,A,A,A,A,A,A,A,0.95,random3
182,rotate0,6,skip,skip,skip,skip,skip,skip,skip,skip,skip,skip,skip,skip,skip,skip,skip,skip,skip,skip,skip,skip,0.0,random3
183,random3,1,D,D,D,D,D,D,D,D,D,D,D,D,D,D,C,C,C,E,C,C,0.0,rotate0
183,random3,2,B,E,E,E,E,E,E,E,E,E,E,E,E,E,E,E,E,E,E,E,0.7,rotate0
183,rotate0,3,C,C,C,C,C,C,C,C,C,C,C,C,C,C,C,C,C,C,C,C,0.75,rotate0
183,rotate0,4,D,D,D,D,D,D,D,D,D,D,D,D,D,D,D,D,D,D,D,D,0.3,rotate0
183,random3,5,B,E,E,E,E,A,A,A,A,A,A,A,A,A,A,A,A,A,A,A,0.75,rotate0
183,random3,6,D,D,B,B,B,B,B,B,B,B,B,B,B,B,B,B,B,B,B,B,0.9,rotate0
184,random3,1,A,A,B,A,A,A,A,A,A,A,A,A,A,A,A,A,A,A,A,A,0.8,rotate0
184,rotate0,2,B,B,B,B,B,B,B,B,B,B,B,B,B,B,B,B,B,B,B,B,0.9,rotate0
184,random3,3,C,C,C,C,C,C,C,C,C,C,C,C,C,C,C,C,C,C,C,C,0.8,rotate0
184,random3,4,A,A,E,E,E,E,E,C,C,C,B,E,A,E,E,E,C,E,D,D,0.0,rotate0
184,rotate0,5,E,E,E,E,E,E,E,E,E,E,E,E,E,E,E,E,E,E,E,E,0.45,rotate0
184,random3,6,E,D,D,D,D,D,D,D,D,D,D,D,D,D,D,D,D,D,D,D,0.85,rotate0
185,random3,1,D,D,D,D,D,D,D,D,D,D,D,D,D,D,D,D,D,D,D,A,0.95,rotate0
185,random3,2,B,B,B,B,A,A,A,A,A,A,A,A,A,A,A,A,A,A,B,B,0.65,rotate0
185,rotate0,3,C,C,C,C,C,C,C,C,C,C,C,C,C,C,C,C,C,C,C,C,0.9,rotate0
185,random3,4,E,E,E,E,E,E,E,E,B,B,E,E,E,C,B,C,E,A,D,D,0.05,rotate0
185,rotate0,5,E,E,E,E,E,E,E,E,E,E,E,E,E,E,E,E,E,E,E,E,0.4,rotate0
185,random3,6,B,B,B,B,B,B,B,B,B,B,B,B,B,B,B,B,B,B,B,B,0.55,rotate0
186,random3,1,D,D,A,A,A,A,A,A,A,A,A,A,A,A,A,A,A,A,A,A,0.8,random3
186,random3,2,D,D,A,A,D,D,D,D,D,D,D,D,D,D,D,D,D,D,D,D,0.8,random3
186,random3,3,B,B,B,B,B,B,B,B,B,B,B,B,B,B,B,B,B,B,B,B,0.95,random3
186,random3,4,B,C,C,C,C,C,C,C,C,C,C,C,C,C,C,C,C,C,C,C,0.95,random3
186,rotate0,5,E,E,E,E,E,E,E,E,E,E,E,E,E,E,E,E,E,E,E,E,1.0,random3
186,rotate0,6,skip,skip,skip,skip,skip,skip,skip,skip,skip,skip,skip,skip,skip,skip,skip,skip,skip,skip,skip,skip,0.0,random3
187,rotate0,1,A,A,A,A,A,A,A,A,A,A,A,A,A,A,A,A,A,A,A,A,0.45,random3
187,rotate0,2,B,B,B,B,B,B,B,B,B,B,B,B,B,B,B,B,B,B,B,B,0.7,random3
187,random3,3,D,E,E,E,E,E,A,A,A,A,D,D,D,D,D,D,D,D,D,D,0.6,random3
187,random3,4,D,D,D,D,D,D,D,D,D,D,D,E,A,A,A,B,D,C,C,C,0.5,random3
187,random3,5,A,A,A,A,C,C,C,C,C,C,C,C,C,C,C,C,C,C,C,B,0.6,random3
187,random3,6,B,B,B,B,C,E,E,E,E,E,E,E,E,E,E,E,E,E,E,E,0.65,random3
188,rotate0,1,A,A,A,A,A,A,A,A,A,A,A,A,A,A,A,A,A,A,A,A,0.6,rotate0
188,random3,2,C,C,C,B,B,B,B,B,B,B,B,B,B,B,B,B,B,B,B,B,0.75,rotate0
188,rotate0,3,C,C,C,C,C,C,C,C,C,C,C,C,C,C,C,C,C,C,C,C,0.7,rotate0
188,random3,4,E,E,E,E,E,E,E,E,E,E,E,E,A,A,E,E,E,C,C,C,0.55,rotate0
188,random3,5,D,D,D,D,D,D,D,D,D,D,D,D,D,D,D,D,D,D,D,D,1.0,rotate0
188,random3,6,B,B,B,B,B,A,A,A,A,A,A,E,A,A,E,E,E,E,E,E,0.3,rotate0
189,rotate0,1,A,A,A,A,A,A,A,A,A,A,A,A,A,A,A,A,A,A,A,A,1.0,random3
189,random3,2,B,B,B,B,B,B,B,B,B,B,B,B,B,B,B,B,B,B,B,B,0.85,random3
189,random3,3,B,B,C,C,C,C,C,C,C,C,C,C,C,C,C,C,C,C,C,C,0.9,random3
189,random3,4,E,E,E,E,E,E,E,E,E,E,E,E,E,E,E,E,E,E,E,E,1.0,random3
189,random3,5,B,B,B,D,D,D,D,D,D,D,D,D,D,D,D,D,D,D,D,D,0.85,random3
189,rotate0,6,skip,skip,skip,skip,skip,skip,skip,skip,skip,skip,skip,skip,skip,skip,skip,skip,skip,skip,skip,skip,0.0,random3
190,random3,1,D,E,E,E,E,E,E,E,E,E,E,E,E,E,E,E,E,E,E,E,0.7,rotate0
190,rotate0,2,B,B,B,B,B,B,B,B,B,B,B,B,B,B,B,B,B,B,B,B,0.95,rotate0
190,random3,3,A,A,A,A,C,C,C,C,C,C,C,C,C,C,C,C,C,C,C,C,0.55,rotate0
190,rotate0,4,D,D,D,D,D,D,D,D,D,D,D,D,D,D,D,D,D,D,D,D,0.95,rotate0
190,random3,5,A,A,A,A,A,A,A,A,A,A,A,A,A,E,E,A,A,B,A,A,0.35,rotate0
190,random3,6,D,C,C,C,C,C,C,C,C,A,A,A,A,A,A,A,A,E,E,E,0.25,rotate0
191,random3,1,E,C,C,C,E,A,B,B,C,C,C,C,C,C,C,C,C,C,C,C,0.5,rotate0
191,random3,2,B,B,B,B,B,B,B,B,B,B,B,B,B,B,B,B,B,B,B,B,0.85,rotate0
191,random3,3,D,C,A,A,A,A,A,A,A,A,A,A,A,A,A,A,A,A,A,A,0.85,rotate0
191,rotate0,4,D,D,D,D,D,D,D,D,D,D,D,D,D,D,D,D,D,D,D,D,0.55,rotate0
191,rotate0,5,E,E,E,E,E,E,E,E,E,E,E,E,E,E,E,E,E,E,E,E,0.8,rotate0
191,random3,6,D,D,D,C,C,C,C,C,C,C,C,B,D,D,D,D,D,D,E,E,0.2,rotate0
192,random3,1,E,E,E,E,E,E,E,E,E,E,E,E,E,E,E,E,E,E,E,E,0.95,random3
192,random3,2,E,A,A,A,A,A,A,A,A,A,A,A,A,A,A,A,A,A,A,A,0.95,random3
192,random3,3,C,C,C,C,C,C,C,C,C,C,C,C,C,C,C,C,C,C,C,C,1.0,random3
192,rotate0,4,D,D,D,D,D,D,D,D,D,D,D,D,D,D,D,D,D,D,D,D,1.0,random3
192,random3,5,B,B,B,B,B,B,B,B,B,B,B,B,B,B,B,B,B,B,B,B,1.0,random3
192,rotate0,6,skip,skip,skip,skip,skip,skip,skip,skip,skip,skip,skip,skip,skip,skip,skip,skip,skip,skip,skip,skip,0.0,random3
193,rotate0,1,A,A,A,A,A,A,A,A,A,A,A,A,A,A,A,A,A,A,A,A,0.75,rotate0
193,random3,2,C,B,C,C,C,C,C,C,C,C,C,C,C,C,C,C,C,C,E,E,0.55,rotate0
193,random3,3,C,B,B,B,B,B,B,B,B,B,B,B,B,B,B,C,C,C,C,C,0.55,rotate0
193,rotate0,4,D,D,D,D,D,D,D,D,D,D,D,D,D,D,D,D,D,D,D,D,0.95,rotate0
193,random3,5,E,E,E,E,E,E,E,E,E,E,E,E,E,E,E,E,E,E,E,E,0.8,rotate0
193,random3,6,A,B,B,C,C,B,A,A,A,A,E,E,D,B,B,B,B,B,B,B,0.25,rotate0
194,random3,1,B,B,D,D,D,D,D,D,D,D,D,D,D,D,D,D,D,D,D,D,0.9,random3
194,rotate0,2,B,B,B,B,B,B,B,B,B,B,B,B,B,B,B,B,B,B,B,B,0.9,random3
194,random3,3,E,E,E,E,E,E,E,E,E,E,E,E,E,E,E,E,E,E,E,E,1.0,random3
194,random3,4,B,A,A,A,A,A,A,A,A,A,A,A,A,A,A,A,A,A,A,A,0.95,random3
194,random3,5,C,C,C,C,C,C,C,C,C,C,C,C,C,C,C,C,C,C,C,C,1.0,random3
194,rotate0,6,skip,skip,skip,skip,skip,skip,skip,skip,skip,skip,skip,skip,skip,skip,skip,skip,skip,skip,skip,skip,0.0,random3
195,rotate0,1,A,A,A,A,A,A,A,A,A,A,A,A,A,A,A,A,A,A,A,A,0.75,rotate0
195,random3,2,D,D,D,B,B,B,B,B,B,B,B,B,B,B,B,E,E,E,D,D,0.35,rotate0
195,random3,3,D,D,D,D,D,D,D,D,D,D,D,D,D,D,D,D,D,D,D,D,0.75,rotate0
195,random3,4,C,C,C,C,C,C,C,C,C,C,C,C,C,B,B,B,B,B,B,B,0.8,rotate0
195,rotate0,5,E,E,E,E,E,E,E,E,E,E,E,E,E,E,E,E,E,E,E,E,0.7,rotate0
195,random3,6,A,A,A,A,A,E,E,E,B,B,B,C,C,C,C,C,C,C,C,C,0.35,rotate0
196,radicaleq,1,A,B,D,D,A,C,E,B,E,B,A,B,E,B,A,B,E,B,A,B,0.55,radicaleq
196,rotate0,2,B,B,B,B,B,B,B,B,B,B,B,B,B,B,B,B,B,B,B,B,0.15,radicaleq
196,rotate0,3,C,C,C,C,C,C,C,C,C,C,C,C,C,C,C,C,C,C,C,C,0.55,radicaleq
196,radicaleq,4,D,E,skip,A,E,skip,B,A,B,E,B,A,B,E,B,A,B,E,B,A,0.55,radicaleq
196,radicaleq,5,E,skip,A,E,B,E,skip,E,skip,A,skip,E,skip,A,skip,E,skip,A,skip,E,0.55,radicaleq
196,radicaleq,6,skip,A,E,B,C,A,A,C,A,C,E,C,A,C,E,C,A,C,E,C,0.5,radicaleq
197,radicaleq,1,A,B,C,D,C,D,C,D,C,D,C,D,C,D,C,D,C,D,C,D,0.55,radicaleq
197,radicaleq,2,B,C,D,E,skip,E,skip,E,skip,E,skip,E,skip,E,skip,E,skip,E,skip,E,0.55,radicaleq
197,rotate0,3,C,C,C,C,C,C,C,C,C,C,C,C,C,C,C,C,C,C,C,C,0.05,radicaleq
197,radicaleq,4,D,E,skip,C,D,C,D,C,D,C,D,C,D,C,D,C,D,C,D,C,0.5,radicaleq
197,radicaleq,5,E,skip,E,skip,E,skip,E,skip,E,skip,E,skip,E,skip,E,skip,E,skip,E,skip,0.5,radicaleq
197,rotate0,6,skip,skip,skip,skip,skip,skip,skip,skip,skip,skip,skip,skip,skip,skip,skip,skip,skip,skip,skip,skip,0.0,radicaleq
198,radicaleq,1,A,B,C,A,skip,D,C,A,skip,D,C,A,skip,D,C,A,skip,D,C,A,0.35,radicaleq
198,radicaleq,2,B,C,E,D,B,skip,D,C,A,skip,D,C,A,skip,D,C,A,skip,D,C,0.3,radicaleq
198,rotate0,3,C,C,C,C,C,C,C,C,C,C,C,C,C,C,C,C,C,C,C,C,0.1,radicaleq
198,rotate0,4,D,D,D,D,D,D,D,D,D,D,D,D,D,D,D,D,D,D,D,D,0.1,radicaleq
198,radicaleq,5,E,skip,A,skip,C,A,skip,D,C,A,skip,D,C,A,skip,D,C,A,skip,D,0.3,radicaleq
198,radicaleq,6,skip,A,D,E,D,C,A,skip,D,C,A,skip,D,C,A,skip,D,C,A,skip,0.3,radicaleq
199,radicaleq,1,A,B,C,D,E,D,E,D,E,D,E,D,E,D,E,D,E,D,E,D,0.55,radicaleq
199,rotate0,2,B,B,B,B,B,B,B,B,B,B,B,B,B,B,B,B,B,B,B,B,0.55,radicaleq
199,radicaleq,3,C,D,skip,E,A,E,A,E,A,E,A,E,A,E,A,E,A,E,A,E,0.5,radicaleq
199,radicaleq,4,D,E,D,skip,D,skip,D,skip,D,skip,D,skip,D,skip,D,skip,D,skip,D,skip,0.5,radicaleq
199,rotate0,5,E,E,E,E,E,E,E,E,E,E,E,E,E,E,E,E,E,E,E,E,0.05,radicaleq
199,radicaleq,6,skip,A,E,A,B,A,B,A,B,A,B,A,B,A,B,A,B,A,B,A,0.5,radicaleq
200,radicaleq,1,A,B,skip,A,skip,A,skip,A,skip,A,skip,A,skip,A,skip,A,skip,A,skip,A,0.55,radicaleq
200,radicaleq,2,B,C,D,C,B,C,B,C,B,C,B,C,B,C,B,C,B,C,B,C,0.5,radicaleq
200,rotate0,3,C,C,C,C,C,C,C,C,C,C,C,C,C,C,C,C,C,C,C,C,0.5,radicaleq
200,radicaleq,4,D,E,A,skip,A,skip,A,skip,A,skip,A,skip,A,skip,A,skip,A,skip,A,skip,0.5,radicaleq
200,rotate0,5,E,E,E,E,E,E,E,E,E,E,E,E,E,E,E,E,E,E,E,E,0.5,radicaleq
200,radicaleq,6,skip,A,E,D,E,D,E,D,E,D,E,D,E,D,E,D,E,D,E,D,0.5,radicaleq
201,radicaleq,1,A,B,D,skip,D,skip,B,skip,D,skip,B,skip,D,skip,B,skip,D,skip,B,skip,0.55,radicaleq
201,radicaleq,2,B,C,E,B,E,D,E,B,E,D,E,B,E,D,E,B,E,D,E,B,0.55,radicaleq
201,radicaleq,3,C,D,skip,D,skip,B,skip,D,skip,B,skip,D,skip,B,skip,D,skip,B,skip,D,0.55,radicaleq
201,radicaleq,4,D,E,B,E,B,E,D,E,B,E,D,E,B,E,D,E,B,E,D,E,0.5,radicaleq
201,rotate0,5,E,E,E,E,E,E,E,E,E,E,E,E,E,E,E,E,E,E,E,E,0.05,radicaleq
201,rotate0,6,skip,skip,skip,skip,skip,skip,skip,skip,skip,skip,skip,skip,skip,skip,skip,skip,skip,skip,skip,skip,0.0,radicaleq
202,rotate0,1,A,A,A,A,A,A,A,A,A,A,A,A,A,A,A,A,A,A,A,A,0.1,radicaleq
202,rotate0,2,B,B,B,B,B,B,B,B,B,B,B,B,B,B,B,B,B,B,B,B,0.15,radicaleq
202,radicaleq,3,C,D,A,B,E,B,E,skip,A,B,E,skip,A,B,E,skip,A,B,E,skip,0.35,radicaleq
202,radicaleq,4,D,E,skip,D,skip,A,B,E,skip,A,B,E,skip,A,B,E,skip,A,B,E,0.35,radicaleq
202,radicaleq,5,E,skip,D,A,D,skip,A,B,E,skip,A,B,E,skip,A,B,E,skip,A,B,0.3,radicaleq
202,radicaleq,6,skip,A,C,E,B,E,skip,A,B,E,skip,A,B,E,skip,A,B,E,skip,A,0.3,radicaleq
203,rotate0,1,A,A,A,A,A,A,A,A,A,A,A,A,A,A,A,A,A,A,A,A,0.55,radicaleq
203,radicaleq,2,B,C,E,C,B,C,B,C,B,C,B,C,B,C,B,C,B,C,B,C,0.5,radicaleq
203,rotate0,3,C,C,C,C,C,C,C,C,C,C,C,C,C,C,C,C,C,C,C,C,0.05,radicaleq
203,radicaleq,4,D,E,skip,skip,E,skip,E,skip,E,skip,E,skip,E,skip,E,skip,E,skip,E,skip,0.5,radicaleq
203,radicaleq,5,E,skip,C,B,A,B,A,B,A,B,A,B,A,B,A,B,A,B,A,B,0.5,radicaleq
203,radicaleq,6,skip,A,B,E,C,E,C,E,C,E,C,E,C,E,C,E,C,E,C,E,0.5,radicaleq
204,rotate0,1,A,A,A,A,A,A,A,A,A,A,A,A,A,A,A,A,A,A,A,A,0.1,radicaleq
204,radicaleq,2,B,C,D,A,E,skip,E,skip,E,skip,E,skip,E,skip,E,skip,E,skip,E,skip,0.55,radicaleq
204,radicaleq,3,C,D,E,skip,A,C,A,C,A,C,A,C,A,C,A,C,A,C,A,C,0.55,radicaleq
204,radicaleq,4,D,E,skip,E,skip,E,skip,E,skip,E,skip,E,skip,E,skip,E,skip,E,skip,E,0.55,radicaleq
204,radicaleq,5,E,skip,A,C,C,A,C,A,C,A,C,A,C,A,C,A,C,A,C,A,0.5,radicaleq
204,rotate0,6,skip,skip,skip,skip,skip,skip,skip,skip,skip,skip,skip,skip,skip,skip,skip,skip,skip,skip,skip,skip,0.0,radicaleq
205,radicaleq,1,A,B,C,B,E,B,E,B,E,B,E,B,E,B,E,B,E,B,E,B,0.5,radicaleq
205,rotate0,2,B,B,B,B,B,B,B,B,B,B,B,B,B,B,B,B,B,B,B,B,0.5,radicaleq
205,radicaleq,3,C,D,A,skip,A,skip,A,skip,A,skip,A,skip,A,skip,A,skip,A,skip,A,skip,0.5,radicaleq
205,rotate0,4,D,D,D,D,D,D,D,D,D,D,D,D,D,D,D,D,D,D,D,D,0.5,radicaleq
205,radicaleq,5,E,skip,D,C,D,C,D,C,D,C,D,C,D,C,D,C,D,C,D,C,0.5,radicaleq
205,radicaleq,6,skip,A,skip,A,skip,A,skip,A,skip,A,skip,A,skip,A,skip,A,skip,A,skip,A,0.5,radicaleq
206,radicaleq,1,A,B,E,B,E,E,A,skip,D,D,A,skip,E,D,A,skip,E,D,A,skip,0.35,radicaleq
206,radicaleq,2,B,C,D,A,skip,D,E,A,skip,E,D,A,skip,E,D,A,skip,E,D,A,0.35,radicaleq
206,radicaleq,3,C,D,B,E,C,skip,D,E,A,skip,E,D,A,skip,E,D,A,skip,E,D,0.3,radicaleq
206,rotate0,4,D,D,D,D,D,D,D,D,D,D,D,D,D,D,D,D,D,D,D,D,0.1,radicaleq
206,rotate0,5,E,E,E,E,E,E,E,E,E,E,E,E,E,E,E,E,E,E,E,E,0.1,radicaleq
206,radicaleq,6,skip,A,A,skip,D,A,skip,D,E,A,skip,E,D,A,skip,E,D,A,skip,E,0.3,radicaleq
207,radicaleq,1,A,B,D,E,D,E,D,E,D,E,D,E,D,E,D,E,D,E,D,E,0.55,radicaleq
207,radicaleq,2,B,C,skip,C,skip,C,skip,C,skip,C,skip,C,skip,C,skip,C,skip,C,skip,C,0.55,radicaleq
207,radicaleq,3,C,D,E,D,E,D,E,D,E,D,E,D,E,D,E,D,E,D,E,D,0.5,radicaleq
207,rotate0,4,D,D,D,D,D,D,D,D,D,D,D,D,D,D,D,D,D,D,D,D,0.05,radicaleq
207,radicaleq,5,E,skip,C,skip,C,skip,C,skip,C,skip,C,skip,C,skip,C,skip,C,skip,C,skip,0.5,radicaleq
207,rotate0,6,skip,skip,skip,skip,skip,skip,skip,skip,skip,skip,skip,skip,skip,skip,skip,skip,skip,skip,skip,skip,0.0,radicaleq
208,rotate0,1,A,A,A,A,A,A,A,A,A,A,A,A,A,A,A,A,A,A,A,A,0.55,radicaleq
208,radicaleq,2,B,C,skip,D,B,D,B,D,B,D,B,D,B,D,B,D,B,D,B,D,0.5,radicaleq
208,radicaleq,3,C,D,C,skip,C,skip,C,skip,C,skip,C,skip,C,skip,C,skip,C,skip,C,skip,0.5,radicaleq
208,rotate0,4,D,D,D,D,D,D,D,D,D,D,D,D,D,D,D,D,D,D,D,D,0.05,radicaleq
208,radicaleq,5,E,skip,D,B,A,B,A,B,A,B,A,B,A,B,A,B,A,B,A,B,0.5,radicaleq
208,radicaleq,6,skip,A,B,C,D,C,D,C,D,C,D,C,D,C,D,C,D,C,D,C,0.5,radicaleq
209,radicaleq,1,A,B,C,D,B,D,B,D,B,D,B,D,B,D,B,D,B,D,B,D,0.55,radicaleq
209,rotate0,2,B,B,B,B,B,B,B,B,B,B,B,B,B,B,B,B,B,B,B,B,0.05,radicaleq
209,radicaleq,3,C,D,B,E,skip,E,skip,E,skip,E,skip,E,skip,E,skip,E,skip,E,skip,E,0.55,radicaleq
209,radicaleq,4,D,E,skip,B,D,B,D,B,D,B,D,B,D,B,D,B,D,B,D,B,0.5,radicaleq
209,radicaleq,5,E,skip,E,skip,E,skip,E,skip,E,skip,E,skip,E,skip,E,skip,E,skip,E,skip,0.5,radicaleq
209,rotate0,6,skip,skip,skip,skip,skip,skip,skip,skip,skip,skip,skip,skip,skip,skip,skip,skip,skip,skip,skip,skip,0.0,radicaleq
210,rotate0,1,A,A,A,A,A,A,A,A,A,A,A,A,A,A,A,A,A,A,A,A,0.1,radicaleq
210,radicaleq,2,B,C,E,A,B,skip,E,A,B,skip,E,A,B,skip,E,A,B,skip,E,A,0.3,radicaleq
210,radicaleq,3,C,D,skip,E,A,B,skip,E,A,B,skip,E,A,B,skip,E,A,B,skip,E,0.3,radicaleq
210,radicaleq,4,D,E,D,skip,E,A,B,skip,E,A,B,skip,E,A,B,skip,E,A,B,skip,0.3,radicaleq
210,rotate0,5,E,E,E,E,E,E,E,E,E,E,E,E,E,E,E,E,E,E,E,E,0.05,radicaleq
210,radicaleq,6,skip,A,B,B,skip,E,A,B,skip,E,A,B,skip,E,A,B,skip,E,A,B,0.3,radicaleq
211,rotate0,1,A,A,A,A,A,A,A,A,A,A,A,A,A,A,A,A,A,A,A,A,1.0,draw
211,rotate0,2,B,B,B,B,B,B,B,B,B,B,B,B,B,B,B,B,B,B,B,B,1.0,draw
211,rotate0,3,C,C,C,C,C,C,C,C,C,C,C,C,C,C,C,C,C,C,C,C,1.0,draw
211,rotate0,4,D,D,D,D,D,D,D,D,D,D,D,D,D,D,D,D,D,D,D,D,1.0,draw
211,rotate0,5,E,E,E,E,E,E,E,E,E,E,E,E,E,E,E,E,E,E,E,E,1.0,draw
211,rotate0,6,skip,skip,skip,skip,skip,skip,skip,skip,skip,skip,skip,skip,skip,skip,skip,skip,skip,skip,skip,skip,0.0,draw
212,rotate0,1,A,A,A,A,A,A,A,A,A,A,A,A,A,A,A,A,A,A,A,A,1.0,draw
212,rotate0,2,B,B,B,B,B,B,B,B,B,B,B,B,B,B,B,B,B,B,B,B,1.0,draw
212,rotate0,3,C,C,C,C,C,C,C,C,C,C,C,C,C,C,C,C,C,C,C,C,1.0,draw
212,rotate0,4,D,D,D,D,D,D,D,D,D,D,D,D,D,D,D,D,D,D,D,D,1.0,draw
212,rotate0,5,E,E,E,E,E,E,E,E,E,E,E,E,E,E,E,E,E,E,E,E,1.0,draw
212,rotate0,6,skip,skip,skip,skip,skip,skip,skip,skip,skip,skip,skip,skip,skip,skip,skip,skip,skip,skip,skip,skip,0.0,draw
213,rotate0,1,A,A,A,A,A,A,A,A,A,A,A,A,A,A,A,A,A,A,A,A,1.0,draw
213,rotate0,2,B,B,B,B,B,B,B,B,B,B,B,B,B,B,B,B,B,B,B,B,1.0,draw
213,rotate0,3,C,C,C,C,C,C,C,C,C,C,C,C,C,C,C,C,C,C,C,C,1.0,draw
213,rotate0,4,D,D,D,D,D,D,D,D,D,D,D,D,D,D,D,D,D,D,D,D,1.0,draw
213,rotate0,5,E,E,E,E,E,E,E,E,E,E,E,E,E,E,E,E,E,E,E,E,1.0,draw
213,rotate0,6,skip,skip,skip,skip,skip,skip,skip,skip,skip,skip,skip,skip,skip,skip,skip,skip,skip,skip,skip,skip,0.0,draw
214,rotate0,1,A,A,A,A,A,A,A,A,A,A,A,A,A,A,A,A,A,A,A,A,1.0,draw
214,rotate0,2,B,B,B,B,B,B,B,B,B,B,B,B,B,B,B,B,B,B,B,B,1.0,draw
214,rotate0,3,C,C,C,C,C,C,C,C,C,C,C,C,C,C,C,C,C,C,C,C,1.0,draw
214,rotate0,4,D,D,D,D,D,D,D,D,D,D,D,D,D,D,D,D,D,D,D,D,1.0,draw
214,rotate0,5,E,E,E,E,E,E,E,E,E,E,E,E,E,E,E,E,E,E,E,E,1.0,draw
214,rotate0,6,skip,skip,skip,skip,skip,skip,skip,skip,skip,skip,skip,skip,skip,skip,skip,skip,skip,skip,skip,skip,0.0,draw
215,rotate0,1,A,A,A,A,A,A,A,A,A,A,A,A,A,A,A,A,A,A,A,A,1.0,draw
215,rotate0,2,B,B,B,B,B,B,B,B,B,B,B,B,B,B,B,B,B,B,B,B,1.0,draw
215,rotate0,3,C,C,C,C,C,C,C,C,C,C,C,C,C,C,C,C,C,C,C,C,1.0,draw
215,rotate0,4,D,D,D,D,D,D,D,D,D,D,D,D,D,D,D,D,D,D,D,D,1.0,draw
215,rotate0,5,E,E,E,E,E,E,E,E,E,E,E,E,E,E,E,E,E,E,E,E,1.0,draw
215,rotate0,6,skip,skip,skip,skip,skip,skip,skip,skip,skip,skip,skip,skip,skip,skip,skip,skip,skip,skip,skip,skip,0.0,draw
216,rotate0,1,A,A,A,A,A,A,A,A,A,A,A,A,A,A,A,A,A,A,A,A,1.0,draw
216,rotate0,2,B,B,B,B,B,B,B,B,B,B,B,B,B,B,B,B,B,B,B,B,1.0,draw
216,rotate0,3,C,C,C,C,C,C,C,C,C,C,C,C,C,C,C,C,C,C,C,C,1.0,draw
216,rotate0,4,D,D,D,D,D,D,D,D,D,D,D,D,D,D,D,D,D,D,D,D,1.0,draw
216,rotate0,5,E,E,E,E,E,E,E,E,E,E,E,E,E,E,E,E,E,E,E,E,1.0,draw
216,rotate0,6,skip,skip,skip,skip,skip,skip,skip,skip,skip,skip,skip,skip,skip,skip,skip,skip,skip,skip,skip,skip,0.0,draw
217,rotate0,1,A,A,A,A,A,A,A,A,A,A,A,A,A,A,A,A,A,A,A,A,1.0,draw
217,rotate0,2,B,B,B,B,B,B,B,B,B,B,B,B,B,B,B,B,B,B,B,B,1.0,draw
217,rotate0,3,C,C,C,C,C,C,C,C,C,C,C,C,C,C,C,C,C,C,C,C,1.0,draw
217,rotate0,4,D,D,D,D,D,D,D,D,D,D,D,D,D,D,D,D,D,D,D,D,1.0,draw
217,rotate0,5,E,E,E,E,E,E,E,E,E,E,E,E,E,E,E,E,E,E,E,E,1.0,draw
217,rotate0,6,skip,skip,skip,skip,skip,skip,skip,skip,skip,skip,skip,skip,skip,skip,skip,skip,skip,skip,skip,skip,0.0,draw
218,rotate0,1,A,A,A,A,A,A,A,A,A,A,A,A,A,A,A,A,A,A,A,A,1.0,draw
218,rotate0,2,B,B,B,B,B,B,B,B,B,B,B,B,B,B,B,B,B,B,B,B,1.0,draw
218,rotate0,3,C,C,C,C,C,C,C,C,C,C,C,C,C,C,C,C,C,C,C,C,1.0,draw
218,rotate0,4,D,D,D,D,D,D,D,D,D,D,D,D,D,D,D,D,D,D,D,D,1.0,draw
218,rotate0,5,E,E,E,E,E,E,E,E,E,E,E,E,E,E,E,E,E,E,E,E,1.0,draw
218,rotate0,6,skip,skip,skip,skip,skip,skip,skip,skip,skip,skip,skip,skip,skip,skip,skip,skip,skip,skip,skip,skip,0.0,draw
219,rotate0,1,A,A,A,A,A,A,A,A,A,A,A,A,A,A,A,A,A,A,A,A,1.0,draw
219,rotate0,2,B,B,B,B,B,B,B,B,B,B,B,B,B,B,B,B,B,B,B,B,1.0,draw
219,rotate0,3,C,C,C,C,C,C,C,C,C,C,C,C,C,C,C,C,C,C,C,C,1.0,draw
219,rotate0,4,D,D,D,D,D,D,D,D,D,D,D,D,D,D,D,D,D,D,D,D,1.0,draw
219,rotate0,5,E,E,E,E,E,E,E,E,E,E,E,E,E,E,E,E,E,E,E,E,1.0,draw
219,rotate0,6,skip,skip,skip,skip,skip,skip,skip,skip,skip,skip,skip,skip,skip,skip,skip,skip,skip,skip,skip,skip,0.0,draw
220,rotate0,1,A,A,A,A,A,A,A,A,A,A,A,A,A,A,A,A,A,A,A,A,1.0,draw
220,rotate0,2,B,B,B,B,B,B,B,B,B,B,B,B,B,B,B,B,B,B,B,B,1.0,draw
220,rotate0,3,C,C,C,C,C,C,C,C,C,C,C,C,C,C,C,C,C,C,C,C,1.0,draw
220,rotate0,4,D,D,D,D,D,D,D,D,D,D,D,D,D,D,D,D,D,D,D,D,1.0,draw
220,rotate0,5,E,E,E,E,E,E,E,E,E,E,E,E,E,E,E,E,E,E,E,E,1.0,draw
220,rotate0,6,skip,skip,skip,skip,skip,skip,skip,skip,skip,skip,skip,skip,skip,skip,skip,skip,skip,skip,skip,skip,0.0,draw
221,rotate0,1,A,A,A,A,A,A,A,A,A,A,A,A,A,A,A,A,A,A,A,A,1.0,draw
221,rotate0,2,B,B,B,B,B,B,B,B,B,B,B,B,B,B,B,B,B,B,B,B,1.0,draw
221,rotate0,3,C,C,C,C,C,C,C,C,C,C,C,C,C,C,C,C,C,C,C,C,1.0,draw
221,rotate0,4,D,D,D,D,D,D,D,D,D,D,D,D,D,D,D,D,D,D,D,D,1.0,draw
221,rotate0,5,E,E,E,E,E,E,E,E,E,E,E,E,E,E,E,E,E,E,E,E,1.0,draw
221,rotate0,6,skip,skip,skip,skip,skip,skip,skip,skip,skip,skip,skip,skip,skip,skip,skip,skip,skip,skip,skip,skip,0.0,draw
222,rotate0,1,A,A,A,A,A,A,A,A,A,A,A,A,A,A,A,A,A,A,A,A,1.0,draw
222,rotate0,2,B,B,B,B,B,B,B,B,B,B,B,B,B,B,B,B,B,B,B,B,1.0,draw
222,rotate0,3,C,C,C,C,C,C,C,C,C,C,C,C,C,C,C,C,C,C,C,C,1.0,draw
222,rotate0,4,D,D,D,D,D,D,D,D,D,D,D,D,D,D,D,D,D,D,D,D,1.0,draw
222,rotate0,5,E,E,E,E,E,E,E,E,E,E,E,E,E,E,E,E,E,E,E,E,1.0,draw
222,rotate0,6,skip,skip,skip,skip,skip,skip,skip,skip,skip,skip,skip,skip,skip,skip,skip,skip,skip,skip,skip,skip,0.0,draw
223,rotate0,1,A,A,A,A,A,A,A,A,A,A,A,A,A,A,A,A,A,A,A,A,1.0,draw
223,rotate0,2,B,B,B,B,B,B,B,B,B,B,B,B,B,B,B,B,B,B,B,B,1.0,draw
223,rotate0,3,C,C,C,C,C,C,C,C,C,C,C,C,C,C,C,C,C,C,C,C,1.0,draw
223,rotate0,4,D,D,D,D,D,D,D,D,D,D,D,D,D,D,D,D,D,D,D,D,1.0,draw
223,rotate0,5,E,E,E,E,E,E,E,E,E,E,E,E,E,E,E,E,E,E,E,E,1.0,draw
223,rotate0,6,skip,skip,skip,skip,skip,skip,skip,skip,skip,skip,skip,skip,skip,skip,skip,skip,skip,skip,skip,skip,0.0,draw
224,rotate0,1,A,A,A,A,A,A,A,A,A,A,A,A,A,A,A,A,A,A,A,A,1.0,draw
224,rotate0,2,B,B,B,B,B,B,B,B,B,B,B,B,B,B,B,B,B,B,B,B,1.0,draw
224,rotate0,3,C,C,C,C,C,C,C,C,C,C,C,C,C,C,C,C,C,C,C,C,1.0,draw
224,rotate0,4,D,D,D,D,D,D,D,D,D,D,D,D,D,D,D,D,D,D,D,D,1.0,draw
224,rotate0,5,E,E,E,E,E,E,E,E,E,E,E,E,E,E,E,E,E,E,E,E,1.0,draw
224,rotate0,6,skip,skip,skip,skip,skip,skip,skip,skip,skip,skip,skip,skip,skip,skip,skip,skip,skip,skip,skip,skip,0.0,draw
225,rotate0,1,A,A,A,A,A,A,A,A,A,A,A,A,A,A,A,A,A,A,A,A,1.0,draw
225,rotate0,2,B,B,B,B,B,B,B,B,B,B,B,B,B,B,B,B,B,B,B,B,1.0,draw
225,rotate0,3,C,C,C,C,C,C,C,C,C,C,C,C,C,C,C,C,C,C,C,C,1.0,draw
225,rotate0,4,D,D,D,D,D,D,D,D,D,D,D,D,D,D,D,D,D,D,D,D,1.0,draw
225,rotate0,5,E,E,E,E,E,E,E,E,E,E,E,E,E,E,E,E,E,E,E,E,1.0,draw
225,rotate0,6,skip,skip,skip,skip,skip,skip,skip,skip,skip,skip,skip,skip,skip,skip,skip,skip,skip,skip,skip,skip,0.0,draw
226,caste,1,A,B,B,B,B,B,B,E,C,D,C,E,A,C,B,A,B,C,E,B,0.55,caste
226,random,2,skip,skip,E,skip,C,D,A,E,C,C,E,C,A,skip,A,A,skip,C,skip,skip,0.1,caste
226,random,3,E,skip,D,D,B,C,B,C,D,D,C,A,skip,B,D,skip,C,E,skip,skip,0.1,caste
226,caste,4,D,C,C,C,C,C,E,D,D,B,B,B,B,B,E,C,C,B,D,D,0.75,caste
226,caste,5,E,A,A,A,A,D,A,B,B,A,A,A,E,D,A,B,E,E,B,C,0.7,caste
226,caste,6,skip,D,E,E,E,A,D,C,A,E,E,D,D,E,D,E,D,D,A,A,0.75,caste
227,caste,1,A,C,C,C,C,B,D,A,A,C,A,D,E,C,D,A,E,A,E,C,0.75,caste
227,caste,2,B,E,D,E,B,D,A,E,E,B,B,B,C,E,C,C,A,B,A,E,0.65,caste
227,random,3,B,skip,D,skip,C,B,E,E,E,E,C,C,E,skip,E,A,B,skip,A,skip,0.1,caste
227,caste,4,D,A,A,A,A,C,E,D,D,D,D,C,B,B,B,D,C,C,D,B,0.8,caste
227,caste,5,E,D,E,B,D,A,C,C,C,A,C,E,D,A,A,B,B,E,C,D,0.8,caste
227,random,6,B,skip,skip,E,skip,B,B,D,B,A,A,A,D,E,skip,D,D,skip,A,A,0.25,caste
228,caste,1,A,A,C,D,B,B,D,C,A,A,A,C,A,D,A,C,C,A,A,E,0.6,caste
228,caste,2,B,B,E,E,D,E,B,D,D,D,B,B,B,B,B,B,B,B,D,B,0.8,caste
228,random,3,D,skip,C,skip,C,E,D,B,A,skip,C,skip,C,C,A,C,C,C,E,skip,0.25,caste
228,random,4,C,A,E,E,B,skip,B,skip,B,C,D,skip,C,skip,A,D,C,E,B,skip,0.1,caste
228,caste,5,E,D,B,A,A,A,A,E,E,E,E,E,E,E,E,E,E,E,B,D,0.9,caste
228,caste,6,skip,C,D,B,C,D,C,A,C,C,D,A,D,A,D,D,A,D,E,A,0.7,caste
229,caste,1,A,C,C,C,C,D,D,B,A,A,A,A,A,A,E,C,B,D,C,C,0.6,caste
229,random,2,skip,D,D,B,A,B,A,E,E,B,skip,B,skip,C,E,E,B,C,E,C,0.3,caste
229,caste,3,C,B,B,B,A,E,C,C,C,C,C,C,C,B,B,B,C,A,A,A,0.8,caste
229,caste,4,D,E,A,A,B,B,E,E,D,D,D,B,E,E,A,A,A,E,E,B,0.75,caste
229,random,5,A,E,skip,E,C,A,D,D,B,skip,skip,E,C,A,C,B,D,D,E,C,0.2,caste
229,caste,6,skip,D,E,E,D,C,B,A,B,E,E,D,D,D,D,D,D,C,B,D,0.7,caste
230,caste,1,A,E,D,E,A,A,D,E,A,D,A,D,E,A,D,D,B,B,A,B,0.45,caste
230,caste,2,B,C,C,C,C,C,C,C,C,C,C,C,C,C,C,C,C,C,C,C,0.85,caste
230,random,3,E,skip,D,A,skip,A,E,D,skip,A,C,E,E,A,A,A,C,E,A,D,0.25,caste
230,caste,4,D,B,A,A,E,B,E,A,E,E,E,E,A,D,E,E,D,D,B,D,0.65,caste
230,random,5,A,E,E,D,skip,D,D,A,C,D,A,D,A,D,B,B,skip,A,skip,D,0.15,caste
230,caste,6,skip,D,B,B,B,D,B,B,B,B,B,B,B,B,B,B,E,E,D,E,0.75,caste
231,caste,1,A,A,E,E,E,E,A,A,A,D,B,B,B,D,D,D,D,D,D,D,0.75,caste
231,caste,2,B,B,D,D,D,D,C,C,C,C,A,A,C,B,A,B,B,B,B,B,0.6,caste
231,caste,3,C,C,A,A,A,A,B,B,B,B,D,D,D,E,E,E,E,E,E,E,0.8,caste
231,caste,4,D,D,C,B,C,C,E,E,E,A,C,C,E,A,C,A,C,A,C,A,0.55,caste
231,random,5,skip,B,E,D,A,D,D,D,E,C,skip,A,D,B,B,A,A,A,D,skip,0.2,caste
231,random,6,E,B,C,E,B,C,skip,E,A,B,E,B,C,A,C,C,C,C,E,B,0.25,caste
232,random,1,C,A,B,E,A,D,skip,skip,C,skip,E,D,skip,E,D,D,skip,D,skip,B,0.15,caste
232,random,2,B,C,B,A,skip,skip,A,skip,D,skip,skip,skip,skip,skip,skip,E,skip,skip,E,A,0.05,caste
232,caste,3,C,E,E,E,E,A,C,C,C,E,E,E,B,C,B,B,C,C,C,B,0.75,caste
232,caste,4,D,B,A,A,D,C,B,B,B,B,B,A,A,A,A,E,A,A,E,A,0.8,caste
232,caste,5,E,D,B,D,A,E,A,E,A,C,D,B,C,B,C,A,B,B,A,C,0.85,caste
232,caste,6,skip,C,D,C,B,D,E,D,D,A,C,D,E,D,D,C,E,D,B,D,0.65,caste
233,random,1,skip,C,D,B,C,A,B,E,D,B,D,E,D,B,D,C,E,D,skip,C,0.05,caste
233,caste,2,B,C,B,B,A,D,E,D,D,E,E,E,D,B,C,C,A,B,E,D,0.55,caste
233,random,3,A,A,C,C,C,E,C,skip,B,C,E,D,C,C,A,C,B,skip,skip,D,0.2,caste
233,caste,4,D,B,E,E,E,E,D,E,C,C,A,C,C,C,E,A,E,E,D,C,0.65,caste
233,caste,5,E,A,D,C,B,B,B,B,A,A,B,A,A,A,A,B,D,D,A,B,0.7,caste
233,caste,6,skip,D,C,A,D,A,A,A,E,D,D,B,B,E,D,E,B,A,C,A,0.7,caste
234,random,1,skip,E,E,C,B,E,C,A,A,B,skip,D,A,D,A,B,skip,D,B,C,0.1,caste
234,caste,2,B,A,A,A,D,A,A,A,B,E,A,E,A,B,B,C,C,E,D,B,0.5,caste
234,caste,3,C,B,B,E,B,D,E,E,C,C,C,C,D,D,A,B,A,A,E,E,0.7,caste
234,caste,4,D,C,C,C,C,B,C,B,A,B,E,B,E,E,E,E,E,B,C,C,0.55,caste
234,caste,5,E,D,D,D,A,E,D,D,D,D,D,D,C,C,C,D,D,D,A,A,0.8,caste
234,random,6,skip,E,B,A,C,B,A,E,B,E,A,B,skip,skip,C,skip,C,B,D,B,0.0,caste
235,caste,1,A,B,C,C,B,C,A,D,E,C,B,D,D,B,D,C,C,C,C,C,0.6,caste
235,random,2,skip,B,A,skip,skip,C,C,D,D,B,A,C,D,E,A,A,D,A,B,A,0.0,caste
235,caste,3,C,D,D,D,D,E,C,E,D,A,A,C,A,D,C,A,D,A,A,A,0.45,caste
235,random,4,E,E,D,A,D,E,skip,C,A,D,C,C,skip,B,D,D,D,D,C,C,0.3,caste
235,caste,5,E,A,B,B,C,B,B,B,B,B,E,E,E,E,A,E,E,E,E,E,0.8,caste
235,caste,6,skip,C,A,E,E,A,D,A,A,E,C,B,B,A,E,B,B,B,B,B,0.75,caste
236,caste,1,A,D,D,D,D,A,D,A,A,D,D,A,B,D,C,B,C,E,E,D,0.65,caste
236,caste,2,B,E,A,A,A,D,A,D,D,A,A,B,C,E,E,A,A,C,C,C,0.75,caste
236,caste,3,C,A,C,C,C,C,C,E,E,E,E,E,A,B,A,D,D,A,B,E,0.65,caste
236,random,4,B,B,E,skip,B,E,C,D,A,A,skip,E,A,C,E,E,B,B,B,D,0.2,caste
236,random,5,E,B,D,B,E,C,C,B,B,B,D,skip,B,D,E,A,D,A,E,skip,0.25,caste
236,caste,6,skip,B,E,E,E,B,B,C,C,C,C,D,D,C,B,C,B,D,D,A,0.7,caste
237,caste,1,A,E,E,E,A,E,E,E,E,B,B,B,B,B,B,B,B,B,D,A,0.7,caste
237,caste,2,B,D,D,D,D,D,D,D,D,D,D,C,C,C,C,C,C,C,C,C,0.8,caste
237,caste,3,C,A,A,C,C,C,C,C,C,C,C,D,D,D,D,D,D,D,A,E,0.8,caste
237,random,4,C,B,B,E,B,E,B,A,E,A,E,A,D,E,D,E,A,B,D,C,0.05,caste
237,caste,5,E,B,B,A,B,A,A,A,B,A,E,A,E,E,A,E,A,E,B,D,0.4,caste
237,random,6,A,C,skip,E,B,B,A,A,E,skip,D,A,skip,C,skip,skip,D,C,B,B,0.15,caste
238,random,1,skip,E,A,D,skip,C,C,A,D,D,D,A,C,D,C,D,C,D,C,A,0.2,caste
238,caste,2,B,A,A,A,C,C,C,C,C,A,A,A,C,A,D,A,A,A,A,A,0.7,caste
238,caste,3,C,D,E,C,E,E,E,E,E,E,E,E,E,E,E,E,E,E,E,E,0.9,caste
238,random,4,E,D,A,D,D,A,A,skip,D,B,B,skip,E,B,skip,C,D,B,C,B,0.2,caste
238,caste,5,E,B,D,B,B,B,B,B,B,B,B,B,B,D,A,B,B,B,B,B,0.7,caste
238,caste,6,skip,C,C,D,A,A,D,D,D,C,C,C,A,B,C,D,C,D,C,D,0.5,caste
239,caste,1,A,B,B,E,C,C,C,C,C,E,A,A,C,D,D,A,C,A,A,A,0.65,caste
239,random,2,C,C,B,A,B,C,E,D,C,E,C,skip,D,C,C,A,skip,D,skip,E,0.1,caste
239,caste,3,C,E,D,D,A,B,B,E,D,D,B,B,B,B,B,B,B,E,E,E,0.75,caste
239,caste,4,D,A,A,B,B,D,D,D,B,B,C,D,D,E,E,D,D,D,B,D,0.7,caste
239,caste,5,E,D,E,A,E,A,A,A,E,A,D,E,E,A,A,E,E,B,C,C,0.8,caste
239,random,6,skip,C,skip,D,E,E,B,A,skip,skip,C,A,C,C,A,skip,B,skip,B,skip,0.05,caste
240,random,1,A,skip,B,skip,B,B,B,C,A,B,C,E,C,C,A,skip,B,E,A,E,0.3,caste
240,caste,2,B,A,E,E,E,C,C,E,C,C,A,A,A,B,B,B,B,E,A,E,0.6,caste
240,caste,3,C,B,A,D,D,E,E,C,E,E,C,B,B,E,E,E,E,C,C,C,0.8,caste
240,caste,4,D,C,B,C,C,A,A,A,B,B,E,C,C,A,A,C,A,B,E,A,0.6,caste
240,random,5,skip,skip,B,B,E,A,E,E,skip,B,E,A,A,C,D,E,A,B,B,E,0.1,caste
240,caste,6,skip,D,C,A,A,D,D,D,D,D,D,D,D,D,D,D,D,D,D,D,0.9,caste
241,caste,1,A,A,B,B,B,B,C,B,B,B,B,E,E,E,E,E,B,D,D,D,0.75,rotate
241,rotate,2,B,C,D,E,skip,A,B,C,D,E,skip,A,B,C,D,E,skip,A,B,C,0.5,rotate
241,rotate,3,C,D,E,skip,A,B,C,D,E,skip,A,B,C,D,E,skip,A,B,C,D,0.05,rotate
241,caste,4,D,D,C,D,C,A,E,D,C,C,C,B,D,A,A,A,A,B,A,A,0.7,rotate
241,caste,5,E,E,A,C,A,C,B,E,E,D,D,C,C,D,B,B,E,E,E,E,0.75,rotate
241,caste,6,skip,skip,E,E,D,D,A,A,A,A,A,D,B,C,D,C,C,C,C,B,0.55,rotate
242,caste,1,A,A,E,E,E,E,B,C,E,B,D,B,B,E,D,A,A,A,A,A,0.6,rotate
242,caste,2,B,B,C,C,D,A,D,D,C,C,A,A,E,B,C,C,C,C,C,E,0.65,rotate
242,rotate,3,C,D,E,skip,A,B,C,D,E,skip,A,B,C,D,E,skip,A,B,C,D,0.1,rotate
242,caste,4,D,D,A,D,C,C,C,E,B,A,B,C,C,D,B,E,D,B,B,C,0.6,rotate
242,caste,5,E,E,B,A,B,B,A,A,D,D,E,E,D,A,E,D,B,E,D,D,0.6,rotate
242,rotate,6,skip,A,B,C,D,E,skip,A,B,C,D,E,skip,A,B,C,D,E,skip,A,0.0,rotate
243,caste,1,A,A,C,C,C,C,C,E,E,A,E,E,B,B,A,A,B,D,A,A,0.65,rotate
243,caste,2,B,B,A,A,D,B,E,B,B,B,B,C,A,D,E,B,A,B,C,B,0.55,rotate
243,rotate,3,C,D,E,skip,A,B,C,D,E,skip,A,B,C,D,E,skip,A,B,C,D,0.3,rotate
243,rotate,4,D,E,skip,A,B,C,D,E,skip,A,B,C,D,E,skip,A,B,C,D,E,0.05,rotate
243,caste,5,E,E,B,D,B,D,D,A,A,C,C,B,E,E,B,D,D,C,D,D,0.6,rotate
243,caste,6,skip,skip,D,E,A,E,A,C,C,D,D,D,D,A,C,C,C,E,E,E,0.75,rotate
244,caste,1,A,A,B,B,B,B,B,D,E,C,C,B,B,C,A,B,A,E,E,B,0.6,rotate
244,rotate,2,B,C,D,E,skip,A,B,C,D,E,skip,A,B,C,D,E,skip,A,B,C,0.05,rotate
244,caste,3,C,C,A,C,E,A,E,A,A,D,E,E,E,D,D,A,D,B,C,C,0.6,rotate
244,caste,4,D,D,E,E,C,E,C,C,D,B,D,A,D,B,B,E,E,A,D,D,0.6,rotate
244,rotate,5,E,skip,A,B,C,D,E,skip,A,B,C,D,E,skip,A,B,C,D,E,skip,0.1,rotate
244,caste,6,skip,skip,D,A,D,D,A,B,B,E,A,C,C,A,E,C,C,D,B,A,0.6,rotate
245,caste,1,A,A,C,C,C,C,C,A,A,D,D,D,E,B,C,C,C,E,E,E,0.65,rotate
245,caste,2,B,B,E,B,E,E,E,C,B,B,A,A,D,D,A,E,A,B,D,D,0.5,rotate
245,rotate,3,C,D,E,skip,A,B,C,D,E,skip,A,B,C,D,E,skip,A,B,C,D,0.05,rotate
245,caste,4,D,D,A,D,D,B,A,D,E,A,B,B,A,A,E,B,B,C,C,B,0.55,rotate
245,rotate,5,E,skip,A,B,C,D,E,skip,A,B,C,D,E,skip,A,B,C,D,E,skip,0.05,rotate
245,caste,6,skip,skip,B,E,A,D,B,E,C,C,C,E,C,E,B,D,D,D,A,A,0.65,rotate
246,caste,1,A,A,D,C,D,D,C,B,C,A,A,A,B,B,E,C,D,B,C,C,0.7,rotate
246,caste,2,B,B,E,E,E,E,A,A,B,D,D,B,E,D,D,D,A,A,B,B,0.75,rotate
246,caste,3,C,C,B,B,C,B,B,D,D,C,C,D,C,C,A,B,C,D,E,D,0.45,rotate
246,caste,4,D,D,C,D,A,A,E,C,E,E,E,E,A,A,B,E,E,E,A,A,0.7,rotate
246,rotate,5,E,skip,A,B,C,D,E,skip,A,B,C,D,E,skip,A,B,C,D,E,skip,0.2,rotate
246,rotate,6,skip,A,B,C,D,E,skip,A,B,C,D,E,skip,A,B,C,D,E,skip,A,0.0,rotate
247,rotate,1,A,B,C,D,E,skip,A,B,C,D,E,skip,A,B,C,D,E,skip,A,B,0.3,rotate
247,rotate,2,B,C,D,E,skip,A,B,C,D,E,skip,A,B,C,D,E,skip,A,B,C,0.05,rotate
247,caste,3,C,C,D,D,E,C,C,B,B,C,C,D,E,D,E,E,B,B,B,C,0.6,rotate
247,caste,4,D,D,A,B,A,A,B,C,E,D,E,C,A,B,C,D,E,D,D,A,0.5,rotate
247,caste,5,E,E,B,E,B,B,A,E,D,E,B,B,B,E,A,A,A,A,E,E,0.7,rotate
247,caste,6,skip,skip,E,C,C,D,D,A,A,A,A,A,D,C,D,B,C,C,C,D,0.75,rotate
248,rotate,1,A,B,C,D,E,skip,A,B,C,D,E,skip,A,B,C,D,E,skip,A,B,0.05,rotate
248,caste,2,B,B,C,D,D,A,C,A,B,B,E,B,C,A,A,A,A,E,E,B,0.55,rotate
248,rotate,3,C,D,E,skip,A,B,C,D,E,skip,A,B,C,D,E,skip,A,B,C,D,0.05,rotate
248,caste,4,D,D,E,B,E,D,D,D,A,D,C,E,A,E,E,C,B,C,C,E,0.6,rotate
248,caste,5,E,E,A,A,A,B,E,B,E,C,A,C,E,D,B,B,E,D,A,D,0.55,rotate
248,caste,6,skip,skip,B,C,C,C,A,E,C,A,B,D,D,B,C,D,D,B,D,C,0.6,rotate
249,rotate,1,A,B,C,D,E,skip,A,B,C,D,E,skip,A,B,C,D,E,skip,A,B,0.1,rotate
249,caste,2,B,B,E,C,B,C,B,B,C,A,D,B,B,B,A,A,D,B,D,E,0.65,rotate
249,caste,3,C,C,C,B,E,E,C,A,B,C,B,C,C,C,C,B,B,E,B,B,0.55,rotate
249,caste,4,D,D,A,A,D,B,A,C,D,D,A,E,D,E,E,D,A,A,A,D,0.7,rotate
249,caste,5,E,E,D,E,A,A,D,D,E,E,E,A,A,D,D,E,E,C,C,C,0.85,rotate
249,rotate,6,skip,A,B,C,D,E,skip,A,B,C,D,E,skip,A,B,C,D,E,skip,A,0.3,rotate
250,caste,1,A,A,B,B,B,B,B,E,A,B,D,D,D,D,A,A,C,C,E,E,0.65,rotate
250,rotate,2,B,C,D,E,skip,A,B,C,D,E,skip,A,B,C,D,E,skip,A,B,C,0.1,rotate
250,caste,3,C,C,D,E,A,C,A,A,C,A,C,C,A,E,C,B,A,E,B,A,0.6,rotate
250,rotate,4,D,E,skip,A,B,C,D,E,skip,A,B,C,D,E,skip,A,B,C,D,E,0.05,rotate
250,caste,5,E,E,A,A,D,D,E,C,B,E,E,A,E,C,B,E,D,A,D,B,0.55,rotate
250,caste,6,skip,skip,C,D,C,E,D,B,D,C,B,E,B,B,D,D,B,D,C,C,0.55,rotate
251,caste,1,A,A,D,D,D,D,D,D,C,E,E,E,E,E,C,B,D,D,B,B,0.7,rotate
251,caste,2,B,B,A,B,A,B,A,E,D,D,D,D,B,B,B,E,E,E,E,E,0.7,rotate
251,caste,3,C,C,B,E,E,E,E,A,A,C,C,A,A,A,A,C,C,A,A,A,0.75,rotate
251,rotate,4,D,E,skip,A,B,C,D,E,skip,A,B,C,D,E,skip,A,B,C,D,E,0.4,rotate
251,rotate,5,E,skip,A,B,C,D,E,skip,A,B,C,D,E,skip,A,B,C,D,E,skip,0.1,rotate
251,caste,6,skip,skip,C,C,C,C,B,B,B,A,B,C,D,C,D,D,A,B,C,C,0.6,rotate
252,caste,1,A,A,C,C,E,E,A,C,D,C,E,A,A,A,D,E,E,E,A,A,0.65,rotate
252,caste,2,B,B,D,D,D,D,D,D,C,D,B,E,D,C,A,C,D,D,D,B,0.6,rotate
252,caste,3,C,C,B,A,C,C,E,A,E,E,D,D,C,B,B,A,C,B,B,E,0.6,rotate
252,rotate,4,D,E,skip,A,B,C,D,E,skip,A,B,C,D,E,skip,A,B,C,D,E,0.2,rotate
252,caste,5,E,E,A,E,B,A,B,B,B,A,C,B,B,E,C,D,B,A,E,C,0.7,rotate
252,rotate,6,skip,A,B,C,D,E,skip,A,B,C,D,E,skip,A,B,C,D,E,skip,A,0.0,rotate
253,rotate,1,A,B,C,D,E,skip,A,B,C,D,E,skip,A,B,C,D,E,skip,A,B,0.1,rotate
253,caste,2,B,B,D,D,E,B,A,A,B,A,D,E,E,E,D,B,C,C,B,C,0.65,rotate
253,caste,3,C,C,A,A,D,D,D,E,D,B,E,A,B,B,C,D,A,A,E,B,0.6,rotate
253,rotate,4,D,E,skip,A,B,C,D,E,skip,A,B,C,D,E,skip,A,B,C,D,E,0.1,rotate
253,caste,5,E,E,C,C,B,C,B,D,A,D,B,D,C,D,B,E,E,D,D,E,0.55,rotate
253,caste,6,skip,skip,B,E,A,A,E,C,C,E,C,C,A,C,A,A,B,E,A,D,0.6,rotate
254,caste,1,A,A,E,C,C,B,B,B,E,E,A,B,B,B,D,A,A,A,D,E,0.65,rotate
254,rotate,2,B,C,D,E,skip,A,B,C,D,E,skip,A,B,C,D,E,skip,A,B,C,0.05,rotate
254,caste,3,C,C,A,E,A,C,D,D,D,A,E,E,D,C,B,D,E,E,C,C,0.6,rotate
254,caste,4,D,D,B,B,D,A,E,A,C,D,B,A,A,D,E,E,B,B,B,D,0.65,rotate
254,caste,5,E,E,D,A,B,E,C,C,B,C,D,C,E,A,C,C,D,C,A,B,0.55,rotate
254,rotate,6,skip,A,B,C,D,E,skip,A,B,C,D,E,skip,A,B,C,D,E,skip,A,0.05,rotate
255,rotate,1,A,B,C,D,E,skip,A,B,C,D,E,skip,A,B,C,D,E,skip,A,B,0.05,rotate
255,caste,2,B,B,C,D,B,B,B,D,D,D,A,A,A,C,C,D,D,D,C,A,0.6,rotate
255,caste,3,C,C,A,B,A,E,C,C,C,B,C,D,D,A,E,E,A,A,A,D,0.65,rotate
255,caste,4,D,D,E,E,E,D,E,B,E,C,D,B,B,B,A,B,C,E,E,B,0.5,rotate
255,rotate,5,E,skip,A,B,C,D,E,skip,A,B,C,D,E,skip,A,B,C,D,E,skip,0.05,rotate
255,caste,6,skip,skip,D,A,C,A,A,E,A,E,E,C,E,D,B,C,E,B,B,C,0.6,rotate
256,caste,1,A,D,D,D,D,D,D,D,D,D,D,D,A,D,D,D,A,A,A,D,0.55,caste
256,random3,2,A,A,A,A,A,A,A,B,A,D,D,D,D,D,D,E,A,A,E,E,0.2,caste
256,random3,3,B,B,B,B,B,B,B,B,B,B,B,B,B,B,B,B,B,B,B,D,0.6,caste
256,caste,4,D,C,C,C,C,C,C,C,C,C,C,C,C,C,C,C,C,C,C,C,1.0,caste
256,caste,5,E,B,A,B,A,B,A,B,A,A,A,A,B,A,A,B,D,D,B,A,0.45,caste
256,caste,6,skip,E,E,E,E,E,E,E,E,E,E,E,E,E,E,E,E,E,E,E,0.8,caste
257,caste,1,A,A,A,A,A,A,A,A,A,D,D,D,D,E,E,B,D,D,D,D,0.75,caste
257,caste,2,B,B,B,B,B,B,B,B,D,B,B,B,B,B,B,E,E,E,E,E,0.85,caste
257,random3,3,C,C,C,C,C,C,C,C,C,C,C,C,C,C,C,C,C,C,C,C,1.0,caste
257,caste,4,D,D,D,D,D,D,D,D,B,A,A,A,A,A,A,A,A,B,B,B,0.65,caste
257,caste,5,E,E,E,E,E,E,E,E,E,E,E,E,E,D,D,D,B,A,A,A,0.75,caste
257,random3,6,A,B,D,D,E,E,E,B,A,A,A,A,D,D,B,B,B,B,B,D,0.0,caste
258,caste,1,A,A,A,A,A,A,A,A,A,A,A,A,A,A,A,B,B,B,B,E,0.9,random3
258,caste,2,B,B,B,B,B,B,B,B,B,B,B,B,B,C,D,E,D,C,C,C,0.75,random3
258,random3,3,C,C,C,C,C,C,C,C,C,C,C,C,C,C,E,E,B,B,C,A,0.65,random3
258,random3,4,D,D,D,D,D,D,D,D,D,D,D,D,D,D,D,D,D,D,D,D,0.85,random3
258,caste,5,E,E,E,E,E,E,E,E,E,E,E,E,E,B,E,A,C,A,A,A,0.9,random3
258,caste,6,skip,skip,skip,skip,skip,skip,skip,skip,skip,skip,skip,skip,skip,skip,C,C,E,E,E,D,0.25,random3
259,caste,1,A,B,B,B,B,B,B,B,B,B,B,B,B,B,B,B,B,B,B,B,1.0,caste
259,random3,2,C,C,A,D,E,E,E,A,C,C,C,C,C,C,C,C,C,C,A,A,0.25,caste
259,caste,3,C,A,A,A,A,A,E,D,D,D,D,D,D,D,D,D,D,D,D,D,0.85,caste
259,caste,4,D,E,E,E,E,E,C,E,E,E,E,E,E,E,E,E,E,E,E,E,0.85,caste
259,random3,5,C,C,C,C,C,C,C,A,A,A,A,A,A,A,A,A,A,A,A,A,0.45,caste
259,caste,6,skip,D,D,D,D,D,D,A,A,A,C,C,A,C,A,C,A,C,A,C,0.3,caste
260,caste,1,A,E,E,E,E,E,E,D,D,D,B,B,B,E,E,E,D,B,B,D,0.65,caste
260,caste,2,B,C,C,C,C,C,C,C,C,C,C,C,C,C,C,C,C,C,C,C,1.0,caste
260,random3,3,E,E,D,D,D,E,E,E,E,E,A,A,A,A,A,A,A,A,A,A,0.6,caste
260,caste,4,D,B,B,B,B,B,B,B,B,B,D,D,D,D,D,D,E,D,D,B,0.75,caste
260,random3,5,A,A,A,A,A,A,A,A,A,B,B,B,B,D,D,D,E,E,E,E,0.25,caste
260,caste,6,skip,D,D,A,D,D,A,E,A,E,A,E,E,B,B,B,B,E,E,E,0.4,caste
261,caste,1,A,E,A,E,A,E,D,D,A,C,C,C,C,C,C,C,C,C,C,C,0.2,caste
261,caste,2,B,B,B,B,B,B,B,B,B,B,B,B,B,B,B,B,B,B,B,B,0.95,caste
261,caste,3,C,C,C,C,C,C,C,C,C,E,E,D,E,D,E,D,E,D,E,D,0.85,caste
261,caste,4,D,D,D,D,D,D,E,E,E,D,D,E,D,E,D,E,D,E,D,E,0.9,caste
261,random3,5,A,A,A,A,A,A,A,A,A,A,A,A,A,A,A,A,A,A,A,A,0.8,caste
261,random3,6,E,E,E,E,D,D,C,C,C,C,C,C,C,C,B,C,C,C,C,C,0.1,caste
262,random3,1,D,B,D,D,D,D,C,B,B,D,D,D,D,D,E,E,E,C,E,E,0.15,caste
262,random3,2,A,A,A,A,A,A,A,A,A,A,A,A,A,A,A,A,A,A,A,E,0.55,caste
262,caste,3,C,B,C,C,C,C,B,B,E,E,E,E,E,E,E,B,B,B,C,C,0.85,caste
262,caste,4,D,C,B,B,B,B,C,A,B,B,B,A,B,B,B,E,E,E,D,E,0.6,caste
262,caste,5,E,A,E,E,E,E,E,E,C,C,C,C,C,C,C,C,C,C,B,B,0.9,caste
262,caste,6,skip,E,D,A,D,D,D,D,A,D,D,D,A,D,A,D,D,D,A,D,0.35,caste
263,random3,1,B,B,B,B,B,B,C,C,C,C,C,C,C,C,C,D,D,D,D,D,0.3,caste
263,caste,2,B,E,E,E,E,E,A,D,D,D,D,D,D,E,D,E,E,E,E,E,0.9,caste
263,random3,3,C,C,C,C,C,A,A,A,A,C,C,C,B,B,B,B,B,B,B,B,0.35,caste
263,caste,4,D,C,D,D,D,D,E,E,E,E,E,E,E,D,E,D,D,A,A,A,0.85,caste
263,caste,5,E,D,A,A,A,A,D,A,A,A,A,A,A,A,A,A,A,D,D,D,0.7,caste
263,caste,6,skip,B,C,B,C,B,C,B,B,B,B,B,B,B,C,B,C,C,C,C,0.45,caste
264,random3,1,B,B,C,C,C,C,C,C,C,B,C,C,A,D,D,B,B,B,B,E,0.2,caste
264,caste,2,B,E,C,B,A,D,A,E,D,A,E,D,A,A,D,D,D,D,E,E,0.7,caste
264,caste,3,C,B,A,C,B,C,C,B,C,B,C,C,C,B,C,C,B,C,C,C,0.2,caste
264,caste,4,D,A,D,D,E,E,E,D,A,E,D,A,E,E,E,E,E,E,D,D,0.85,caste
264,caste,5,E,D,E,E,D,A,D,A,E,D,A,E,D,D,A,A,A,A,A,A,0.95,caste
264,random3,6,C,A,A,B,B,B,B,B,B,B,B,B,B,B,C,C,E,E,B,B,0.35,caste
265,caste,1,A,B,E,E,E,E,E,E,E,A,A,A,A,A,A,A,A,A,A,A,0.85,caste
265,random3,2,C,B,B,D,D,D,D,D,D,D,D,D,B,B,D,D,B,D,B,B,0.3,caste
265,caste,3,C,E,A,A,A,A,A,B,A,E,E,E,E,E,B,E,E,E,E,E,0.75,caste
265,random3,4,D,D,D,D,D,B,A,A,E,E,A,D,E,E,D,D,D,D,D,D,0.25,caste
265,caste,5,E,D,C,C,B,B,B,A,C,C,C,C,C,C,C,C,C,C,C,C,0.85,caste
265,caste,6,skip,C,B,D,C,C,C,C,B,B,B,B,B,B,D,B,B,B,B,B,0.55,caste
266,caste,1,A,C,B,C,B,C,B,B,B,B,B,B,D,C,A,A,A,D,D,D,0.7,caste
266,caste,2,B,E,E,E,E,E,E,E,E,E,E,E,E,E,E,E,E,E,E,E,0.85,caste
266,caste,3,C,B,C,B,C,B,C,C,C,D,D,D,C,D,D,D,D,A,A,A,0.75,caste
266,random3,4,A,A,A,A,A,A,A,A,A,A,A,A,C,C,C,D,D,B,E,E,0.35,caste
266,random3,5,D,D,D,D,E,D,C,C,B,B,B,B,C,C,C,C,C,C,C,C,0.35,caste
266,caste,6,skip,D,A,D,A,D,D,D,A,C,C,A,B,B,B,B,B,B,B,B,0.55,caste
267,caste,1,A,D,E,D,D,D,D,D,D,B,D,B,D,B,D,B,B,A,B,D,0.65,caste
267,caste,2,B,B,B,B,B,B,B,B,B,D,B,D,B,D,B,D,D,D,D,B,0.8,caste
267,caste,3,C,C,A,E,C,E,E,E,E,E,E,E,E,E,E,E,E,E,A,A,0.45,caste
267,random3,4,A,D,A,A,A,A,A,A,A,A,A,A,A,A,A,A,A,A,B,B,0.65,caste
267,caste,5,E,E,C,C,E,C,C,C,C,C,C,C,C,C,C,C,C,C,C,C,1.0,caste
267,random3,6,D,D,A,A,B,E,E,E,E,E,E,E,E,E,E,B,B,D,D,D,0.05,caste
268,random3,1,D,D,D,D,D,C,C,C,C,C,D,D,D,B,D,D,D,A,B,B,0.1,caste
268,caste,2,B,C,C,C,C,C,C,C,D,B,D,D,B,B,D,B,B,C,B,B,0.4,caste
268,caste,3,C,A,A,A,A,A,A,A,A,A,A,A,A,A,A,A,A,A,E,E,0.95,caste
268,random3,4,B,B,B,B,B,B,B,B,B,B,D,C,C,C,C,C,C,C,C,C,0.6,caste
268,caste,5,E,D,D,B,D,B,D,D,C,C,B,C,D,C,B,D,D,D,D,D,0.4,caste
268,caste,6,skip,E,E,E,E,E,E,E,E,E,E,E,E,E,E,E,E,E,A,A,0.95,caste
269,caste,1,A,A,A,A,A,A,A,A,A,A,A,A,A,A,A,A,A,A,A,A,0.85,caste
269,random3,2,E,E,E,E,E,E,E,E,B,B,B,D,C,D,D,A,A,E,E,A,0.15,caste
269,caste,3,C,C,C,C,C,B,B,B,B,B,C,C,C,C,C,D,D,D,D,D,0.8,caste
269,caste,4,D,D,D,D,D,D,D,D,D,D,D,D,D,D,D,C,C,C,C,C,0.85,caste
269,caste,5,E,B,E,B,B,C,E,C,C,C,B,B,B,B,B,B,B,B,B,B,0.7,caste
269,random3,6,B,B,E,E,C,C,E,E,E,E,E,E,E,E,E,E,E,E,E,E,0.55,caste
270,random3,1,B,A,D,D,D,D,B,D,D,D,D,D,D,B,B,B,B,D,D,D,0.35,caste
270,caste,2,B,E,E,E,E,E,E,E,E,E,E,E,E,C,C,C,C,C,C,C,0.85,caste
270,caste,3,C,A,B,B,B,B,B,B,B,D,D,B,D,B,D,D,B,D,B,B,0.3,caste
270,caste,4,D,C,A,A,A,A,A,A,A,A,A,A,A,A,A,A,A,A,A,A,0.95,caste
270,random3,5,D,D,D,D,D,D,B,B,B,B,B,B,E,B,D,D,E,D,B,C,0.15,caste
270,caste,6,skip,B,C,C,C,C,C,C,C,C,C,C,C,E,E,E,E,E,E,E,0.9,caste
271,caste,1,A,A,B,B,E,C,C,D,B,C,E,B,B,E,E,B,B,E,E,B,0.55,radicaleq
271,radicaleq,2,B,C,D,skip,A,D,E,C,D,B,A,E,C,B,D,E,A,B,C,E,0.15,radicaleq
271,radicaleq,3,C,D,A,B,C,B,C,D,E,C,D,B,A,E,C,B,D,E,A,B,0.05,radicaleq
271,caste,4,D,D,C,E,C,D,A,B,E,A,D,C,A,D,C,A,D,C,A,D,0.55,radicaleq
271,caste,5,E,E,A,A,B,B,E,A,D,E,A,D,C,A,D,C,A,D,C,A,0.55,radicaleq
271,caste,6,skip,skip,E,D,A,E,B,C,A,B,C,E,D,B,A,E,C,B,D,E,0.5,radicaleq
272,caste,1,A,A,E,A,A,B,B,A,E,B,B,D,D,B,B,D,D,B,C,D,0.5,radicaleq
272,caste,2,B,B,C,D,D,A,C,B,A,E,E,B,C,D,A,B,E,D,B,C,0.5,radicaleq
272,radicaleq,3,C,D,E,D,C,A,D,B,C,E,A,B,E,D,C,B,A,D,E,C,0.05,radicaleq
272,caste,4,D,D,A,C,E,D,E,C,D,A,C,E,A,C,E,A,C,E,A,B,0.55,radicaleq
272,caste,5,E,E,B,B,C,C,D,E,C,D,A,C,E,A,C,E,A,C,E,A,0.55,radicaleq
272,radicaleq,6,skip,A,C,B,E,B,E,A,D,B,C,D,A,B,E,D,C,B,A,D,0.0,radicaleq
273,caste,1,A,A,C,C,B,E,B,C,E,A,C,C,B,B,C,D,B,B,D,D,0.55,radicaleq
273,caste,2,B,B,A,D,C,C,E,A,C,D,A,A,C,E,B,C,D,A,B,E,0.55,radicaleq
273,radicaleq,3,C,D,skip,E,B,D,E,B,C,E,A,D,C,A,B,E,D,C,B,A,0.1,radicaleq
273,radicaleq,4,D,E,A,C,A,C,B,D,E,B,C,E,B,D,C,A,B,E,D,C,0.05,radicaleq
273,caste,5,E,E,B,B,A,D,A,B,D,E,B,D,E,A,D,E,A,C,E,A,0.5,radicaleq
273,caste,6,skip,skip,D,E,D,A,C,D,A,B,D,E,A,D,E,A,C,E,A,C,0.5,radicaleq
274,caste,1,A,A,B,B,B,B,E,A,D,E,A,B,E,C,B,D,C,A,D,E,0.55,radicaleq
274,radicaleq,2,B,C,E,A,B,B,E,C,D,B,A,C,E,D,B,A,C,E,D,B,0.05,radicaleq
274,caste,3,C,C,A,A,E,A,B,C,C,B,D,C,A,D,E,A,B,E,C,B,0.5,radicaleq
274,caste,4,D,D,E,C,D,C,A,B,E,C,B,D,C,A,D,E,A,B,E,C,0.5,radicaleq
274,radicaleq,5,E,skip,D,C,E,C,D,B,A,C,E,D,B,A,C,E,D,B,A,C,0.05,radicaleq
274,caste,6,skip,skip,D,E,A,D,D,E,A,D,E,A,B,E,C,B,D,C,A,D,0.5,radicaleq
275,caste,1,A,A,C,C,C,C,B,A,D,B,B,C,A,E,C,D,E,B,D,A,0.55,radicaleq
275,caste,2,B,B,E,E,D,E,A,C,B,E,C,D,E,B,D,A,B,C,A,E,0.5,radicaleq
275,radicaleq,3,C,D,E,A,C,C,B,E,D,C,B,E,A,D,C,B,E,A,D,C,0.05,radicaleq
275,caste,4,D,D,A,A,B,A,C,E,E,C,D,E,B,D,A,B,C,A,E,C,0.5,radicaleq
275,radicaleq,5,E,skip,B,E,B,E,D,C,A,E,A,D,C,B,E,A,D,C,B,E,0.05,radicaleq
275,caste,6,skip,skip,B,D,A,D,D,B,A,D,A,B,C,A,E,C,D,E,B,D,0.5,radicaleq
276,caste,1,A,A,D,A,A,E,B,B,C,C,B,A,C,D,A,E,D,B,E,C,0.5,radicaleq
276,caste,2,B,B,E,D,D,A,C,D,A,E,D,B,E,C,B,A,C,D,A,E,0.55,radicaleq
276,caste,3,C,C,B,B,E,B,D,E,E,B,A,C,D,A,E,D,B,E,C,B,0.55,radicaleq
276,caste,4,D,D,C,E,C,D,A,C,D,A,E,D,B,E,C,B,A,C,D,A,0.55,radicaleq
276,radicaleq,5,E,skip,C,A,C,E,A,B,D,C,E,A,B,D,C,E,A,B,D,C,0.05,radicaleq
276,radicaleq,6,skip,A,E,B,D,B,C,E,A,B,D,C,E,A,B,D,C,E,A,B,0.0,radicaleq
277,radicaleq,1,A,B,E,D,C,D,C,D,A,B,E,D,C,B,A,E,D,C,B,A,0.1,radicaleq
277,radicaleq,2,B,C,B,C,A,A,E,B,C,D,A,B,E,D,C,B,A,E,D,C,0.05,radicaleq
277,caste,3,C,C,D,C,E,D,D,D,E,B,C,D,B,B,D,E,C,E,A,C,0.5,radicaleq
277,caste,4,D,D,A,A,A,A,E,A,C,E,A,C,E,A,C,D,A,B,D,E,0.55,radicaleq
277,caste,5,E,E,B,D,C,B,A,B,B,D,D,B,A,D,E,B,B,C,E,A,0.5,radicaleq
277,caste,6,skip,skip,E,B,B,E,C,E,A,C,E,A,C,E,A,C,D,A,B,D,0.5,radicaleq
278,radicaleq,1,A,B,C,C,D,A,A,E,C,D,A,B,E,C,D,A,B,E,D,C,0.05,radicaleq
278,caste,2,B,B,C,D,D,E,B,A,A,C,E,D,D,E,B,D,D,B,B,D,0.5,radicaleq
278,radicaleq,3,C,D,B,E,C,E,C,D,A,B,E,C,D,A,B,E,D,C,B,A,0.05,radicaleq
278,caste,4,D,D,E,C,C,D,C,B,B,D,C,B,A,C,E,A,C,E,A,C,0.5,radicaleq
278,caste,5,E,E,A,A,A,A,A,E,C,B,D,C,B,A,C,E,A,C,E,A,0.5,radicaleq
278,caste,6,skip,skip,B,E,B,B,D,D,E,E,A,A,E,B,D,C,B,A,D,E,0.5,radicaleq
279,radicaleq,1,A,B,C,B,E,A,D,B,C,A,E,D,B,C,A,E,D,B,C,A,0.05,radicaleq
279,caste,2,B,B,E,A,C,B,A,A,B,D,C,C,D,E,C,B,E,A,B,D,0.5,radicaleq
279,caste,3,C,C,C,E,E,C,D,E,C,B,E,A,B,D,A,C,D,E,C,B,0.55,radicaleq
279,caste,4,D,D,A,B,B,A,E,B,D,A,A,D,E,C,B,E,A,B,D,A,0.55,radicaleq
279,caste,5,E,E,D,C,D,E,C,D,E,C,B,E,A,B,D,A,C,D,E,C,0.55,radicaleq
279,radicaleq,6,skip,A,D,A,D,B,C,A,E,D,B,C,A,E,D,B,C,A,E,D,0.05,radicaleq
280,caste,1,A,A,B,B,B,B,B,E,D,E,D,B,E,E,B,C,E,E,C,A,0.5,radicaleq
280,radicaleq,2,B,C,D,A,D,B,B,E,D,B,A,E,C,B,D,E,A,C,B,E,0.05,radicaleq
280,caste,3,C,C,D,D,D,E,C,A,A,D,C,A,D,C,A,D,B,A,D,B,0.5,radicaleq
280,radicaleq,4,D,E,C,E,A,E,D,B,A,E,C,B,D,E,A,C,B,E,D,A,0.05,radicaleq
280,caste,5,E,E,A,A,A,D,D,C,E,B,B,E,A,B,C,E,D,C,A,E,0.5,radicaleq
280,caste,6,skip,skip,C,E,C,C,A,B,C,C,A,D,C,A,D,B,A,D,B,C,0.5,radicaleq
281,caste,1,A,A,D,D,B,E,B,B,E,E,B,C,E,E,C,D,E,E,D,D,0.55,radicaleq
281,caste,2,B,B,A,B,A,A,E,A,B,D,E,B,C,A,E,C,D,B,E,A,0.55,radicaleq
281,caste,3,C,C,B,E,E,D,C,D,A,C,D,A,B,D,A,B,C,A,B,C,0.55,radicaleq
281,radicaleq,4,D,E,skip,C,B,D,E,C,B,A,E,D,C,B,E,A,D,C,E,B,0.1,radicaleq
281,radicaleq,5,E,skip,A,D,E,A,B,D,E,C,B,A,E,D,C,B,E,A,D,C,0.05,radicaleq
281,caste,6,skip,skip,C,C,D,C,A,C,D,A,C,D,A,B,D,A,B,C,A,B,0.5,radicaleq
282,caste,1,A,A,C,C,C,E,E,C,D,E,E,D,D,E,C,D,D,C,B,D,0.5,radicaleq
282,caste,2,B,B,D,E,B,C,A,E,C,D,A,E,B,D,E,C,A,D,C,B,0.5,radicaleq
282,caste,3,C,C,B,B,D,A,B,D,A,A,C,B,A,C,B,A,E,B,A,E,0.55,radicaleq
282,radicaleq,4,D,E,C,E,D,C,B,E,A,D,C,E,A,D,B,C,E,D,A,B,0.05,radicaleq
282,caste,5,E,E,A,D,A,B,D,A,B,C,B,A,C,B,A,E,B,A,E,C,0.55,radicaleq
282,radicaleq,6,skip,A,D,B,A,E,D,C,B,E,B,D,C,E,A,D,B,C,E,D,0.0,radicaleq
283,radicaleq,1,A,B,D,D,C,A,A,E,D,A,C,E,B,D,C,A,E,B,C,D,0.05,radicaleq
283,caste,2,B,B,D,C,C,E,B,D,C,D,B,C,C,B,E,C,C,E,A,C,0.5,radicaleq
283,caste,3,C,C,A,A,A,A,A,E,D,E,D,D,E,A,D,B,A,D,B,E,0.5,radicaleq
283,radicaleq,4,D,E,B,E,D,E,C,A,C,E,B,D,C,A,E,B,C,D,A,E,0.05,radicaleq
283,caste,5,E,E,C,D,D,C,C,B,E,A,A,E,A,D,B,A,D,B,E,D,0.5,radicaleq
283,caste,6,skip,skip,B,E,B,B,D,A,B,B,C,A,B,E,C,D,E,A,C,B,0.5,radicaleq
284,caste,1,A,A,E,A,A,D,D,A,C,D,D,B,B,D,A,B,B,A,E,B,0.5,radicaleq
284,radicaleq,2,B,C,E,D,B,A,B,D,E,C,A,D,C,B,E,A,D,B,C,E,0.05,radicaleq
284,caste,3,C,C,A,B,E,B,C,E,B,A,E,C,A,E,C,D,E,C,D,A,0.55,radicaleq
284,caste,4,D,D,B,D,C,A,E,D,A,C,C,D,E,B,D,A,C,B,A,E,0.5,radicaleq
284,caste,5,E,E,D,C,B,E,B,C,E,B,A,E,C,A,E,C,D,E,C,D,0.55,radicaleq
284,radicaleq,6,skip,A,B,C,E,D,C,A,B,D,E,B,A,D,C,B,E,A,D,B,0.0,radicaleq
285,radicaleq,1,A,B,E,B,A,A,E,C,D,A,B,C,E,D,A,C,B,E,D,A,0.05,radicaleq
285,caste,2,B,B,C,B,E,B,A,C,C,A,D,C,C,D,E,C,A,E,B,A,0.5,radicaleq
285,caste,3,C,C,A,A,A,A,E,B,D,E,B,A,E,B,A,D,B,C,D,E,0.55,radicaleq
285,caste,4,D,D,E,C,D,C,B,A,E,C,A,D,B,C,D,E,C,A,E,B,0.5,radicaleq
285,radicaleq,5,E,skip,D,C,E,C,D,A,B,C,E,D,A,C,B,E,D,A,C,B,0.05,radicaleq
285,caste,6,skip,skip,D,E,B,D,D,E,B,D,E,B,A,E,B,A,D,B,C,D,0.5,radicaleq
286,caste,1,A,A,A,A,A,A,A,A,A,A,A,A,A,A,E,E,E,E,A,A,1.0,rotate0
286,rotate0,2,B,B,B,B,B,B,B,B,B,B,B,B,B,B,B,B,B,B,B,B,0.8,rotate0
286,rotate0,3,C,C,C,C,C,C,C,C,C,C,C,C,C,C,C,C,C,C,C,C,0.85,rotate0
286,caste,4,D,D,D,D,D,D,D,D,D,D,D,D,D,D,A,A,A,A,E,E,1.0,rotate0
286,caste,5,E,E,E,E,E,E,E,E,E,E,E,E,E,B,C,D,D,D,D,D,0.9,rotate0
286,caste,6,skip,skip,skip,skip,skip,skip,skip,skip,skip,skip,skip,skip,skip,skip,D,B,C,B,C,B,0.05,rotate0
287,caste,1,A,A,A,A,A,A,A,A,A,A,A,A,A,A,A,B,B,B,B,B,1.0,caste
287,caste,2,B,B,B,B,B,B,B,B,B,B,B,B,B,C,D,D,D,D,D,C,0.9,caste
287,rotate0,3,C,C,C,C,C,C,C,C,C,C,C,C,C,C,C,C,C,C,C,C,0.9,caste
287,caste,4,D,D,D,D,D,D,D,D,D,D,D,D,D,D,B,A,A,A,A,A,1.0,caste
287,caste,5,E,E,E,E,E,E,E,E,E,E,E,E,E,B,E,E,E,E,E,E,1.0,caste
287,rotate0,6,skip,skip,skip,skip,skip,skip,skip,skip,skip,skip,skip,skip,skip,skip,skip,skip,skip,skip,skip,skip,0.0,caste
288,caste,1,A,A,A,A,A,A,A,A,A,A,A,A,A,A,A,E,E,E,E,E,1.0,rotate0
288,caste,2,B,B,B,B,B,B,B,B,B,B,B,B,B,C,D,A,A,A,A,A,0.9,rotate0
288,rotate0,3,C,C,C,C,C,C,C,C,C,C,C,C,C,C,C,C,C,C,C,C,0.8,rotate0
288,rotate0,4,D,D,D,D,D,D,D,D,D,D,D,D,D,D,D,D,D,D,D,D,0.8,rotate0
288,caste,5,E,E,E,E,E,E,E,E,E,E,E,E,E,B,E,B,B,B,B,B,1.0,rotate0
288,caste,6,skip,skip,skip,skip,skip,skip,skip,skip,skip,skip,skip,skip,skip,skip,C,D,C,D,C,D,0.0,rotate0
289,caste,1,A,A,A,A,A,A,A,A,A,A,A,A,A,A,C,C,C,C,A,A,1.0,rotate0
289,rotate0,2,B,B,B,B,B,B,B,B,B,B,B,B,B,B,B,B,B,B,B,B,0.8,rotate0
289,caste,3,C,C,C,C,C,C,C,C,C,C,C,C,C,E,B,D,D,D,D,D,0.9,rotate0
289,caste,4,D,D,D,D,D,D,D,D,D,D,D,D,D,D,A,A,A,A,C,C,1.0,rotate0
289,rotate0,5,E,E,E,E,E,E,E,E,E,E,E,E,E,E,E,E,E,E,E,E,0.85,rotate0
289,caste,6,skip,skip,skip,skip,skip,skip,skip,skip,skip,skip,skip,skip,skip,skip,D,B,E,B,E,B,0.05,rotate0
290,caste,1,A,A,A,A,A,A,A,A,A,A,A,A,A,A,B,A,A,A,A,A,1.0,rotate0
290,caste,2,B,B,B,B,B,B,B,B,B,B,B,B,B,C,D,D,D,D,D,D,0.95,rotate0
290,rotate0,3,C,C,C,C,C,C,C,C,C,C,C,C,C,C,C,C,C,C,C,C,0.8,rotate0
290,caste,4,D,D,D,D,D,D,D,D,D,D,D,D,D,D,A,B,B,B,B,B,1.0,rotate0
290,rotate0,5,E,E,E,E,E,E,E,E,E,E,E,E,E,E,E,E,E,E,E,E,0.85,rotate0
290,caste,6,skip,skip,skip,skip,skip,skip,skip,skip,skip,skip,skip,skip,skip,skip,E,C,E,C,E,C,0.0,rotate0
291,caste,1,A,A,A,A,A,A,A,A,A,A,A,A,A,A,B,A,A,A,A,C,1.0,caste
291,caste,2,B,B,B,B,B,B,B,B,B,B,B,B,B,C,C,C,C,C,C,A,1.0,caste
291,caste,3,C,C,C,C,C,C,C,C,C,C,C,C,C,E,D,D,D,D,D,E,0.9,caste
291,caste,4,D,D,D,D,D,D,D,D,D,D,D,D,D,D,A,B,B,B,B,B,1.0,caste
291,rotate0,5,E,E,E,E,E,E,E,E,E,E,E,E,E,E,E,E,E,E,E,E,0.9,caste
291,rotate0,6,skip,skip,skip,skip,skip,skip,skip,skip,skip,skip,skip,skip,skip,skip,skip,skip,skip,skip,skip,skip,0.0,caste
292,rotate0,1,A,A,A,A,A,A,A,A,A,A,A,A,A,A,A,A,A,A,A,A,0.8,rotate0
292,rotate0,2,B,B,B,B,B,B,B,B,B,B,B,B,B,B,B,B,B,B,B,B,0.8,rotate0
292,caste,3,C,C,C,C,C,C,C,C,C,C,C,C,C,E,D,C,C,C,C,C,1.0,rotate0
292,caste,4,D,D,D,D,D,D,D,D,D,D,D,D,D,D,A,E,E,E,E,E,0.95,rotate0
292,caste,5,E,E,E,E,E,E,E,E,E,E,E,E,E,B,E,D,D,D,D,D,0.95,rotate0
292,caste,6,skip,skip,skip,skip,skip,skip,skip,skip,skip,skip,skip,skip,skip,skip,B,A,A,B,A,B,0.0,rotate0
293,rotate0,1,A,A,A,A,A,A,A,A,A,A,A,A,A,A,A,A,A,A,A,A,0.8,rotate0
293,caste,2,B,B,B,B,B,B,B,B,B,B,B,B,B,C,D,D,E,E,E,E,0.95,rotate0
293,rotate0,3,C,C,C,C,C,C,C,C,C,C,C,C,C,C,C,C,C,C,C,C,0.8,rotate0
293,caste,4,D,D,D,D,D,D,D,D,D,D,D,D,D,D,B,A,D,D,D,D,0.95,rotate0
293,caste,5,E,E,E,E,E,E,E,E,E,E,E,E,E,B,E,E,B,B,B,B,1.0,rotate0
293,caste,6,skip,skip,skip,skip,skip,skip,skip,skip,skip,skip,skip,skip,skip,skip,C,C,A,A,A,C,0.0,rotate0
294,rotate0,1,A,A,A,A,A,A,A,A,A,A,A,A,A,A,A,A,A,A,A,A,0.95,caste
294,caste,2,B,B,B,B,B,B,B,B,B,B,B,B,B,C,D,D,D,D,D,D,1.0,caste
294,caste,3,C,C,C,C,C,C,C,C,C,C,C,C,C,E,E,C,C,C,C,C,1.0,caste
294,caste,4,D,D,D,D,D,D,D,D,D,D,D,D,D,D,C,B,B,B,B,B,1.0,caste
294,caste,5,E,E,E,E,E,E,E,E,E,E,E,E,E,B,A,E,E,E,E,E,0.95,caste
294,rotate0,6,skip,skip,skip,skip,skip,skip,skip,skip,skip,skip,skip,skip,skip,skip,skip,skip,skip,skip,skip,skip,0.0,caste
295,caste,1,A,A,A,A,A,A,A,A,A,A,A,A,A,A,C,A,A,A,A,A,1.0,rotate0
295,rotate0,2,B,B,B,B,B,B,B,B,B,B,B,B,B,B,B,B,B,B,B,B,0.8,rotate0
295,caste,3,C,C,C,C,C,C,C,C,C,C,C,C,C,E,D,E,E,E,E,E,0.95,rotate0
295,rotate0,4,D,D,D,D,D,D,D,D,D,D,D,D,D,D,D,D,D,D,D,D,0.8,rotate0
295,caste,5,E,E,E,E,E,E,E,E,E,E,E,E,E,B,E,C,C,C,C,C,0.95,rotate0
295,caste,6,skip,skip,skip,skip,skip,skip,skip,skip,skip,skip,skip,skip,skip,skip,B,D,B,D,B,D,0.0,rotate0
296,caste,1,A,A,A,A,A,A,A,A,A,A,A,A,A,A,B,A,A,A,A,B,1.0,rotate0
296,caste,2,B,B,B,B,B,B,B,B,B,B,B,B,B,C,C,B,B,B,B,A,1.0,rotate0
296,caste,3,C,C,C,C,C,C,C,C,C,C,C,C,C,E,D,C,C,C,C,C,0.9,rotate0
296,rotate0,4,D,D,D,D,D,D,D,D,D,D,D,D,D,D,D,D,D,D,D,D,0.8,rotate0
296,rotate0,5,E,E,E,E,E,E,E,E,E,E,E,E,E,E,E,E,E,E,E,E,0.8,rotate0
296,caste,6,skip,skip,skip,skip,skip,skip,skip,skip,skip,skip,skip,skip,skip,skip,E,D,D,E,D,E,0.0,rotate0
297,caste,1,A,A,A,A,A,A,A,A,A,A,A,A,A,A,B,A,B,B,B,B,1.0,caste
297,caste,2,B,B,B,B,B,B,B,B,B,B,B,B,B,C,D,E,E,E,E,E,0.95,caste
297,caste,3,C,C,C,C,C,C,C,C,C,C,C,C,C,E,E,B,A,A,A,A,1.0,caste
297,rotate0,4,D,D,D,D,D,D,D,D,D,D,D,D,D,D,D,D,D,D,D,D,0.95,caste
297,caste,5,E,E,E,E,E,E,E,E,E,E,E,E,E,B,A,C,C,C,C,C,1.0,caste
297,rotate0,6,skip,skip,skip,skip,skip,skip,skip,skip,skip,skip,skip,skip,skip,skip,skip,skip,skip,skip,skip,skip,0.0,caste
298,rotate0,1,A,A,A,A,A,A,A,A,A,A,A,A,A,A,A,A,A,A,A,A,0.8,rotate0
298,caste,2,B,B,B,B,B,B,B,B,B,B,B,B,B,C,D,C,C,E,E,E,0.95,rotate0
298,caste,3,C,C,C,C,C,C,C,C,C,C,C,C,C,E,E,B,B,B,B,B,1.0,rotate0
298,rotate0,4,D,D,D,D,D,D,D,D,D,D,D,D,D,D,D,D,D,D,D,D,0.85,rotate0
298,caste,5,E,E,E,E,E,E,E,E,E,E,E,E,E,B,A,E,E,C,C,C,0.95,rotate0
298,caste,6,skip,skip,skip,skip,skip,skip,skip,skip,skip,skip,skip,skip,skip,skip,skip,A,D,A,D,A,0.0,rotate0
299,caste,1,A,A,A,A,A,A,A,A,A,A,A,A,A,A,C,A,D,D,D,D,1.0,caste
299,rotate0,2,B,B,B,B,B,B,B,B,B,B,B,B,B,B,B,B,B,B,B,B,0.95,caste
299,caste,3,C,C,C,C,C,C,C,C,C,C,C,C,C,E,D,D,A,A,A,A,1.0,caste
299,caste,4,D,D,D,D,D,D,D,D,D,D,D,D,D,D,A,C,C,C,C,C,1.0,caste
299,caste,5,E,E,E,E,E,E,E,E,E,E,E,E,E,B,E,E,E,E,E,E,0.95,caste
299,rotate0,6,skip,skip,skip,skip,skip,skip,skip,skip,skip,skip,skip,skip,skip,skip,skip,skip,skip,skip,skip,skip,0.0,caste
300,rotate0,1,A,A,A,A,A,A,A,A,A,A,A,A,A,A,A,A,A,A,A,A,0.8,rotate0
300,caste,2,B,B,B,B,B,B,B,B,B,B,B,B,B,C,C,B,B,B,B,B,1.0,rotate0
300,caste,3,C,C,C,C,C,C,C,C,C,C,C,C,C,E,D,C,C,C,C,C,0.95,rotate0
300,caste,4,D,D,D,D,D,D,D,D,D,D,D,D,D,D,A,D,D,D,D,D,0.95,rotate0
300,rotate0,5,E,E,E,E,E,E,E,E,E,E,E,E,E,E,E,E,E,E,E,E,0.8,rotate0
300,caste,6,skip,skip,skip,skip,skip,skip,skip,skip,skip,skip,skip,skip,skip,skip,E,A,A,E,A,E,0.0,rotate0
301,caste,1,A,A,A,A,A,A,A,A,A,A,A,A,A,A,B,C,D,D,D,E,1.0,draw
301,caste,2,B,B,B,B,B,B,B,B,B,B,B,B,B,C,D,E,E,E,E,D,1.0,draw
301,caste,3,C,C,C,C,C,C,C,C,C,C,C,C,C,E,E,D,C,C,C,C,1.0,draw
301,caste,4,D,D,D,D,D,D,D,D,D,D,D,D,D,D,C,B,B,B,B,B,1.0,draw
301,caste,5,E,E,E,E,E,E,E,E,E,E,E,E,E,B,A,A,A,A,A,A,1.0,draw
301,caste,6,skip,skip,skip,skip,skip,skip,skip,skip,skip,skip,skip,skip,skip,skip,skip,skip,skip,skip,skip,skip,0.0,draw
302,caste,1,A,A,A,A,A,A,A,A,A,A,A,A,A,A,B,C,D,D,D,E,1.0,draw
302,caste,2,B,B,B,B,B,B,B,B,B,B,B,B,B,C,D,E,E,E,E,D,1.0,draw
302,caste,3,C,C,C,C,C,C,C,C,C,C,C,C,C,E,E,D,C,C,C,C,1.0,draw
302,caste,4,D,D,D,D,D,D,D,D,D,D,D,D,D,D,C,B,B,B,B,B,1.0,draw
302,caste,5,E,E,E,E,E,E,E,E,E,E,E,E,E,B,A,A,A,A,A,A,1.0,draw
302,caste,6,skip,skip,skip,skip,skip,skip,skip,skip,skip,skip,skip,skip,skip,skip,skip,skip,skip,skip,skip,skip,0.0,draw
303,caste,1,A,A,A,A,A,A,A,A,A,A,A,A,A,A,B,C,D,D,D,E,1.0,draw
303,caste,2,B,B,B,B,B,B,B,B,B,B,B,B,B,C,D,E,E,E,E,D,1.0,draw
303,caste,3,C,C,C,C,C,C,C,C,C,C,C,C,C,E,E,D,C,C,C,C,1.0,draw
303,caste,4,D,D,D,D,D,D,D,D,D,D,D,D,D,D,C,B,B,B,B,B,1.0,draw
303,caste,5,E,E,E,E,E,E,E,E,E,E,E,E,E,B,A,A,A,A,A,A,1.0,draw
303,caste,6,skip,skip,skip,skip,skip,skip,skip,skip,skip,skip,skip,skip,skip,skip,skip,skip,skip,skip,skip,skip,0.0,draw
304,caste,1,A,A,A,A,A,A,A,A,A,A,A,A,A,A,B,C,D,D,D,E,1.0,draw
304,caste,2,B,B,B,B,B,B,B,B,B,B,B,B,B,C,D,E,E,E,E,D,1.0,draw
304,caste,3,C,C,C,C,C,C,C,C,C,C,C,C,C,E,E,D,C,C,C,C,1.0,draw
304,caste,4,D,D,D,D,D,D,D,D,D,D,D,D,D,D,C,B,B,B,B,B,1.0,draw
304,caste,5,E,E,E,E,E,E,E,E,E,E,E,E,E,B,A,A,A,A,A,A,1.0,draw
304,caste,6,skip,skip,skip,skip,skip,skip,skip,skip,skip,skip,skip,skip,skip,skip,skip,skip,skip,skip,skip,skip,0.0,draw
305,caste,1,A,A,A,A,A,A,A,A,A,A,A,A,A,A,B,C,D,D,D,E,1.0,draw
305,caste,2,B,B,B,B,B,B,B,B,B,B,B,B,B,C,D,E,E,E,E,D,1.0,draw
305,caste,3,C,C,C,C,C,C,C,C,C,C,C,C,C,E,E,D,C,C,C,C,1.0,draw
305,caste,4,D,D,D,D,D,D,D,D,D,D,D,D,D,D,C,B,B,B,B,B,1.0,draw
305,caste,5,E,E,E,E,E,E,E,E,E,E,E,E,E,B,A,A,A,A,A,A,1.0,draw
305,caste,6,skip,skip,skip,skip,skip,skip,skip,skip,skip,skip,skip,skip,skip,skip,skip,skip,skip,skip,skip,skip,0.0,draw
306,caste,1,A,A,A,A,A,A,A,A,A,A,A,A,A,A,B,C,D,D,D,E,1.0,draw
306,caste,2,B,B,B,B,B,B,B,B,B,B,B,B,B,C,D,E,E,E,E,D,1.0,draw
306,caste,3,C,C,C,C,C,C,C,C,C,C,C,C,C,E,E,D,C,C,C,C,1.0,draw
306,caste,4,D,D,D,D,D,D,D,D,D,D,D,D,D,D,C,B,B,B,B,B,1.0,draw
306,caste,5,E,E,E,E,E,E,E,E,E,E,E,E,E,B,A,A,A,A,A,A,1.0,draw
306,caste,6,skip,skip,skip,skip,skip,skip,skip,skip,skip,skip,skip,skip,skip,skip,skip,skip,skip,skip,skip,skip,0.0,draw
307,caste,1,A,A,A,A,A,A,A,A,A,A,A,A,A,A,B,C,D,D,D,E,1.0,draw
307,caste,2,B,B,B,B,B,B,B,B,B,B,B,B,B,C,D,E,E,E,E,D,1.0,draw
307,caste,3,C,C,C,C,C,C,C,C,C,C,C,C,C,E,E,D,C,C,C,C,1.0,draw
307,caste,4,D,D,D,D,D,D,D,D,D,D,D,D,D,D,C,B,B,B,B,B,1.0,draw
307,caste,5,E,E,E,E,E,E,E,E,E,E,E,E,E,B,A,A,A,A,A,A,1.0,draw
307,caste,6,skip,skip,skip,skip,skip,skip,skip,skip,skip,skip,skip,skip,skip,skip,skip,skip,skip,skip,skip,skip,0.0,draw
308,caste,1,A,A,A,A,A,A,A,A,A,A,A,A,A,A,B,C,D,D,D,E,1.0,draw
308,caste,2,B,B,B,B,B,B,B,B,B,B,B,B,B,C,D,E,E,E,E,D,1.0,draw
308,caste,3,C,C,C,C,C,C,C,C,C,C,C,C,C,E,E,D,C,C,C,C,1.0,draw
308,caste,4,D,D,D,D,D,D,D,D,D,D,D,D,D,D,C,B,B,B,B,B,1.0,draw
308,caste,5,E,E,E,E,E,E,E,E,E,E,E,E,E,B,A,A,A,A,A,A,1.0,draw
308,caste,6,skip,skip,skip,skip,skip,skip,skip,skip,skip,skip,skip,skip,skip,skip,skip,skip,skip,skip,skip,skip,0.0,draw
309,caste,1,A,A,A,A,A,A,A,A,A,A,A,A,A,A,B,C,D,D,D,E,1.0,draw
309,caste,2,B,B,B,B,B,B,B,B,B,B,B,B,B,C,D,E,E,E,E,D,1.0,draw
309,caste,3,C,C,C,C,C,C,C,C,C,C,C,C,C,E,E,D,C,C,C,C,1.0,draw
309,caste,4,D,D,D,D,D,D,D,D,D,D,D,D,D,D,C,B,B,B,B,B,1.0,draw
309,caste,5,E,E,E,E,E,E,E,E,E,E,E,E,E,B,A,A,A,A,A,A,1.0,draw
309,caste,6,skip,skip,skip,skip,skip,skip,skip,skip,skip,skip,skip,skip,skip,skip,skip,skip,skip,skip,skip,skip,0.0,draw
310,caste,1,A,A,A,A,A,A,A,A,A,A,A,A,A,A,B,C,D,D,D,E,1.0,draw
310,caste,2,B,B,B,B,B,B,B,B,B,B,B,B,B,C,D,E,E,E,E,D,1.0,draw
310,caste,3,C,C,C,C,C,C,C,C,C,C,C,C,C,E,E,D,C,C,C,C,1.0,draw
310,caste,4,D,D,D,D,D,D,D,D,D,D,D,D,D,D,C,B,B,B,B,B,1.0,draw
310,caste,5,E,E,E,E,E,E,E,E,E,E,E,E,E,B,A,A,A,A,A,A,1.0,draw
310,caste,6,skip,skip,skip,skip,skip,skip,skip,skip,skip,skip,skip,skip,skip,skip,skip,skip,skip,skip,skip,skip,0.0,draw
311,caste,1,A,A,A,A,A,A,A,A,A,A,A,A,A,A,B,C,D,D,D,E,1.0,draw
311,caste,2,B,B,B,B,B,B,B,B,B,B,B,B,B,C,D,E,E,E,E,D,1.0,draw
311,caste,3,C,C,C,C,C,C,C,C,C,C,C,C,C,E,E,D,C,C,C,C,1.0,draw
311,caste,4,D,D,D,D,D,D,D,D,D,D,D,D,D,D,C,B,B,B,B,B,1.0,draw
311,caste,5,E,E,E,E,E,E,E,E,E,E,E,E,E,B,A,A,A,A,A,A,1.0,draw
311,caste,6,skip,skip,skip,skip,skip,skip,skip,skip,skip,skip,skip,skip,skip,skip,skip,skip,skip,skip,skip,skip,0.0,draw
312,caste,1,A,A,A,A,A,A,A,A,A,A,A,A,A,A,B,C,D,D,D,E,1.0,draw
312,caste,2,B,B,B,B,B,B,B,B,B,B,B,B,B,C,D,E,E,E,E,D,1.0,draw
312,caste,3,C,C,C,C,C,C,C,C,C,C,C,C,C,E,E,D,C,C,C,C,1.0,draw
312,caste,4,D,D,D,D,D,D,D,D,D,D,D,D,D,D,C,B,B,B,B,B,1.0,draw
312,caste,5,E,E,E,E,E,E,E,E,E,E,E,E,E,B,A,A,A,A,A,A,1.0,draw
312,caste,6,skip,skip,skip,skip,skip,skip,skip,skip,skip,skip,skip,skip,skip,skip,skip,skip,skip,skip,skip,skip,0.0,draw
313,caste,1,A,A,A,A,A,A,A,A,A,A,A,A,A,A,B,C,D,D,D,E,1.0,draw
313,caste,2,B,B,B,B,B,B,B,B,B,B,B,B,B,C,D,E,E,E,E,D,1.0,draw
313,caste,3,C,C,C,C,C,C,C,C,C,C,C,C,C,E,E,D,C,C,C,C,1.0,draw
313,caste,4,D,D,D,D,D,D,D,D,D,D,D,D,D,D,C,B,B,B,B,B,1.0,draw
313,caste,5,E,E,E,E,E,E,E,E,E,E,E,E,E,B,A,A,A,A,A,A,1.0,draw
313,caste,6,skip,skip,skip,skip,skip,skip,skip,skip,skip,skip,skip,skip,skip,skip,skip,skip,skip,skip,skip,skip,0.0,draw
314,caste,1,A,A,A,A,A,A,A,A,A,A,A,A,A,A,B,C,D,D,D,E,1.0,draw
314,caste,2,B,B,B,B,B,B,B,B,B,B,B,B,B,C,D,E,E,E,E,D,1.0,draw
314,caste,3,C,C,C,C,C,C,C,C,C,C,C,C,C,E,E,D,C,C,C,C,1.0,draw
314,caste,4,D,D,D,D,D,D,D,D,D,D,D,D,D,D,C,B,B,B,B,B,1.0,draw
314,caste,5,E,E,E,E,E,E,E,E,E,E,E,E,E,B,A,A,A,A,A,A,1.0,draw
314,caste,6,skip,skip,skip,skip,skip,skip,skip,skip,skip,skip,skip,skip,skip,skip,skip,skip,skip,skip,skip,skip,0.0,draw
315,caste,1,A,A,A,A,A,A,A,A,A,A,A,A,A,A,B,C,D,D,D,E,1.0,draw
315,caste,2,B,B,B,B,B,B,B,B,B,B,B,B,B,C,D,E,E,E,E,D,1.0,draw
315,caste,3,C,C,C,C,C,C,C,C,C,C,C,C,C,E,E,D,C,C,C,C,1.0,draw
315,caste,4,D,D,D,D,D,D,D,D,D,D,D,D,D,D,C,B,B,B,B,B,1.0,draw
315,caste,5,E,E,E,E,E,E,E,E,E,E,E,E,E,B,A,A,A,A,A,A,1.0,draw
315,caste,6,skip,skip,skip,skip,skip,skip,skip,skip,skip,skip,skip,skip,skip,skip,skip,skip,skip,skip,skip,skip,0.0,draw
316,equalize,1,A,B,A,B,A,A,A,A,C,B,B,B,A,A,B,C,B,A,A,E,0.75,equalize
316,random,2,B,C,C,A,skip,C,B,C,C,C,D,C,D,B,D,E,E,C,A,E,0.25,equalize
316,random,3,C,D,C,C,skip,E,B,E,skip,C,skip,A,B,C,C,C,E,A,A,B,0.2,equalize
316,equalize,4,D,E,skip,E,B,B,E,E,B,A,A,A,D,C,E,A,D,B,B,C,0.75,equalize
316,equalize,5,E,skip,B,A,E,E,D,D,A,E,E,D,B,D,A,B,A,C,E,B,0.7,equalize
316,equalize,6,skip,A,C,D,D,D,B,C,D,D,D,E,E,E,D,E,E,D,D,D,0.6,equalize
317,equalize,1,A,C,C,C,D,D,B,B,D,D,C,D,D,D,D,D,D,D,A,A,0.75,equalize
317,equalize,2,B,B,D,D,E,C,E,C,A,C,A,B,B,B,C,B,B,B,D,D,0.65,equalize
317,random,3,A,E,skip,C,A,A,E,C,A,E,A,A,D,E,E,skip,skip,B,E,D,0.15,equalize
317,equalize,4,D,D,E,A,C,A,C,A,E,E,E,E,A,C,A,A,A,C,B,B,0.7,equalize
317,equalize,5,E,E,B,B,B,E,D,D,B,B,D,C,C,E,B,C,C,E,E,C,0.7,equalize
317,random,6,A,A,skip,C,B,E,skip,B,A,B,C,E,A,E,C,E,A,C,skip,skip,0.1,equalize
318,equalize,1,A,A,B,A,D,D,D,E,E,E,E,E,A,A,A,E,E,C,E,D,0.75,equalize
318,equalize,2,B,C,D,D,E,E,E,D,B,A,A,A,B,B,C,D,A,B,B,B,0.9,equalize
318,random,3,B,C,skip,A,C,C,D,skip,D,C,skip,C,C,skip,E,skip,E,D,A,A,0.2,equalize
318,random,4,B,E,B,C,skip,C,D,skip,C,D,C,B,E,D,B,A,B,D,skip,D,0.15,equalize
318,equalize,5,E,E,A,C,A,A,A,A,D,B,B,B,E,E,E,A,B,D,C,C,0.55,equalize
318,equalize,6,skip,D,C,E,B,B,B,C,A,C,D,D,D,D,B,C,C,A,A,E,0.75,equalize
319,equalize,1,A,B,A,B,C,D,B,D,E,A,A,C,D,B,E,B,B,E,B,A,0.65,equalize
319,random,2,A,E,C,skip,B,E,E,C,B,B,skip,D,E,D,skip,D,skip,E,B,B,0.15,equalize
319,equalize,3,C,C,E,D,D,B,C,E,A,B,E,E,B,E,D,D,E,D,D,B,0.8,equalize
319,equalize,4,D,D,C,E,E,E,A,C,B,C,C,A,A,D,A,E,C,B,C,E,0.65,equalize
319,random,5,skip,D,B,B,A,C,B,A,E,E,B,skip,A,B,C,skip,A,skip,D,D,0.15,equalize
319,equalize,6,skip,E,B,A,A,C,D,A,D,D,D,D,C,C,C,A,A,C,A,C,0.55,equalize
320,equalize,1,A,A,B,C,A,E,C,C,C,C,C,C,A,A,A,E,E,D,D,D,0.7,equalize
320,equalize,2,B,B,D,E,E,C,A,E,B,A,B,D,B,B,D,B,B,B,E,A,0.9,equalize
320,random,3,C,E,A,D,skip,B,E,skip,skip,E,A,D,skip,skip,skip,A,E,B,A,C,0.25,equalize
320,equalize,4,D,D,E,B,B,A,B,A,E,B,A,E,E,E,E,D,A,A,A,E,0.7,equalize
320,random,5,skip,A,B,C,A,E,B,D,E,skip,D,B,D,skip,B,D,E,skip,B,E,0.15,equalize
320,equalize,6,skip,E,C,D,C,D,D,D,A,D,D,B,C,C,C,A,C,C,C,C,0.6,equalize
321,equalize,1,A,A,E,E,E,D,E,C,E,E,E,E,E,E,E,D,D,D,D,D,0.7,equalize
321,equalize,2,B,B,C,C,C,E,B,E,D,D,D,D,D,D,A,E,E,E,A,C,0.75,equalize
321,equalize,3,C,C,D,D,B,C,C,A,C,C,B,B,B,C,B,B,B,C,C,A,0.75,equalize
321,equalize,4,D,D,A,A,D,A,A,B,A,B,A,A,A,B,D,A,A,A,E,E,0.7,equalize
321,random,5,skip,B,skip,A,C,skip,B,B,skip,C,D,E,A,C,E,C,B,B,A,A,0.05,equalize
321,random,6,E,A,B,skip,B,D,D,C,A,C,E,C,skip,B,C,C,B,A,B,A,0.3,equalize
322,random,1,C,C,skip,skip,D,D,A,E,B,B,D,A,D,A,D,C,A,D,A,D,0.1,equalize
322,random,2,B,B,C,skip,C,E,E,B,D,E,D,B,A,C,skip,B,A,A,B,D,0.2,equalize
322,equalize,3,C,A,D,A,D,A,B,A,C,C,E,B,A,E,D,B,D,C,D,D,0.65,equalize
322,equalize,4,D,E,B,B,C,B,D,D,B,B,C,E,D,B,C,A,B,B,B,B,0.75,equalize
322,equalize,5,E,C,E,E,E,E,C,C,D,A,D,C,E,A,B,C,A,D,E,E,0.6,equalize
322,equalize,6,skip,B,A,D,A,D,A,B,A,E,A,A,C,C,E,E,E,E,C,C,0.6,equalize
323,random,1,A,E,skip,C,B,C,D,B,B,C,C,E,E,skip,E,C,A,B,C,C,0.15,equalize
323,equalize,2,B,C,A,C,E,A,E,A,A,E,B,B,C,B,B,C,C,A,B,A,0.8,equalize
323,random,3,C,E,B,skip,skip,A,C,skip,skip,B,A,E,A,C,skip,B,C,E,A,C,0.1,equalize
323,equalize,4,D,E,B,D,D,C,D,D,D,D,E,D,A,D,D,A,E,B,C,E,0.65,equalize
323,equalize,5,E,skip,D,B,B,E,C,E,E,A,A,E,D,E,A,B,D,E,D,B,0.65,equalize
323,equalize,6,skip,A,C,A,A,B,B,B,C,C,C,A,B,C,E,D,A,D,A,D,0.6,equalize
324,random,1,C,C,A,A,A,skip,E,D,C,D,B,A,E,A,C,E,E,D,D,E,0.1,equalize
324,equalize,2,B,D,E,E,C,E,E,C,B,B,B,A,C,C,C,E,A,D,C,C,0.45,equalize
324,equalize,3,C,B,A,B,B,C,C,D,C,D,C,C,B,B,E,D,D,C,B,E,0.65,equalize
324,equalize,4,D,E,C,A,E,B,B,B,E,E,E,B,E,A,D,C,C,B,A,B,0.7,equalize
324,equalize,5,E,A,D,D,D,D,D,A,A,A,D,E,A,D,B,B,E,A,D,D,0.8,equalize
324,random,6,A,D,C,A,E,A,E,C,B,B,D,skip,D,B,A,B,A,E,A,skip,0.25,equalize
325,equalize,1,A,A,A,C,A,D,E,A,D,D,C,A,A,A,A,E,D,D,B,B,0.75,equalize
325,random,2,E,skip,skip,C,E,C,B,C,skip,E,A,D,D,skip,E,D,E,D,E,skip,0.1,equalize
325,equalize,3,C,C,C,B,E,B,D,D,E,E,D,D,D,D,B,B,A,A,E,D,0.6,equalize
325,random,4,E,E,B,B,A,B,C,A,skip,E,B,C,B,E,A,skip,B,A,skip,E,0.15,equalize
325,equalize,5,E,B,B,D,D,A,A,C,B,B,B,C,B,E,D,D,B,C,C,C,0.55,equalize
325,equalize,6,skip,D,D,A,C,C,B,E,A,A,E,E,C,C,C,C,E,B,A,A,0.8,equalize
326,equalize,1,A,B,C,B,B,E,E,C,C,E,B,A,A,A,B,A,D,C,C,B,0.85,equalize
326,equalize,2,B,C,E,C,C,A,C,E,E,D,D,B,B,C,C,C,A,D,D,C,0.75,equalize
326,equalize,3,C,E,B,D,E,D,D,A,A,C,A,D,D,D,D,D,C,B,B,E,0.5,equalize
326,random,4,E,E,B,A,E,A,B,B,skip,B,E,E,E,skip,E,D,C,E,A,E,0.2,equalize
326,random,5,D,A,C,A,C,skip,C,B,E,C,A,skip,D,A,E,D,A,skip,B,B,0.05,equalize
326,equalize,6,skip,A,D,A,D,B,B,D,D,A,E,C,C,B,E,B,B,E,A,D,0.6,equalize
327,equalize,1,A,C,B,D,C,C,D,D,D,D,A,A,E,E,E,D,D,D,D,D,0.65,equalize
327,equalize,2,B,A,A,A,D,D,C,B,B,E,E,E,D,D,D,E,B,E,E,B,0.75,equalize
327,equalize,3,C,E,C,C,A,B,B,E,E,C,C,D,A,A,A,C,E,B,B,C,0.7,equalize
327,random,4,B,B,E,D,E,C,skip,A,A,B,C,A,skip,C,E,A,C,skip,skip,skip,0.3,equalize
327,equalize,5,E,D,E,B,E,A,A,C,C,B,D,B,B,B,B,B,A,A,A,E,0.85,equalize
327,random,6,D,E,B,A,A,E,C,D,B,D,skip,C,C,skip,A,C,E,C,skip,B,0.25,equalize
328,random,1,A,D,A,D,C,C,skip,C,D,C,B,E,E,B,skip,D,A,B,skip,C,0.3,equalize
328,equalize,2,B,C,A,D,D,E,D,D,E,A,E,E,D,D,D,D,D,C,C,C,0.6,equalize
328,equalize,3,C,E,C,C,B,D,E,E,A,E,D,D,C,C,A,A,B,D,D,D,0.6,equalize
328,random,4,A,E,D,C,B,D,C,E,C,A,E,E,D,C,C,A,B,B,B,skip,0.15,equalize
328,equalize,5,E,A,E,E,C,A,A,A,B,C,B,A,A,A,E,E,C,A,A,A,0.85,equalize
328,equalize,6,skip,B,B,B,A,B,B,B,C,B,A,B,B,B,C,B,E,E,E,E,0.8,equalize
329,equalize,1,A,B,B,B,D,D,D,C,C,C,C,E,B,B,B,D,E,A,A,B,0.6,equalize
329,random,2,A,B,A,B,E,B,B,B,C,skip,A,skip,E,C,C,C,C,skip,skip,skip,0.15,equalize
329,equalize,3,C,D,E,E,B,A,B,A,E,B,B,D,D,C,D,B,D,D,B,C,0.75,equalize
329,equalize,4,D,A,A,C,C,B,E,E,D,D,E,B,C,E,C,E,B,B,C,D,0.75,equalize
329,equalize,5,E,C,D,D,E,C,C,D,A,E,A,C,E,A,A,A,A,E,E,E,0.55,equalize
329,random,6,E,C,A,skip,E,A,D,D,A,D,A,C,D,E,B,D,A,D,A,A,0.05,equalize
330,random,1,skip,C,D,A,D,B,D,A,C,B,B,skip,D,skip,C,A,skip,B,C,C,0.15,equalize
330,equalize,2,B,B,D,C,B,E,E,E,C,E,A,A,A,C,E,E,B,D,D,A,0.75,equalize
330,equalize,3,C,C,B,A,E,C,C,C,A,A,D,C,C,A,D,D,C,B,C,D,0.7,equalize
330,equalize,4,D,D,A,D,D,B,A,A,E,C,E,E,E,E,A,A,E,E,E,E,0.65,equalize
330,random,5,E,A,skip,skip,B,D,D,D,D,C,D,E,A,C,C,D,A,A,E,B,0.25,equalize
330,equalize,6,skip,A,E,B,C,A,B,B,B,B,C,D,B,B,B,B,A,C,B,B,0.75,equalize
331,equalize,1,A,B,A,C,D,skip,A,C,D,B,B,E,B,E,D,E,C,D,C,E,0.65,equalize
331,rotate,2,B,C,D,E,skip,A,B,C,D,E,skip,A,B,C,D,E,skip,A,B,C,0.5,equalize
331,rotate,3,C,D,E,skip,A,B,C,D,E,skip,A,B,C,D,E,skip,A,B,C,D,0.2,equalize
331,equalize,4,D,E,skip,A,C,D,E,E,C,D,C,C,C,B,B,B,B,B,A,A,0.85,equalize
331,equalize,5,E,skip,B,B,B,B,C,D,A,A,A,B,E,D,E,C,D,C,D,D,0.55,equalize
331,equalize,6,skip,A,C,D,E,E,B,A,E,C,D,D,A,A,A,A,A,E,E,C,0.75,equalize
332,equalize,1,A,B,A,D,B,E,A,C,C,D,D,E,B,B,C,A,A,E,D,D,0.7,equalize
332,equalize,2,B,C,D,E,E,A,B,A,D,E,E,A,A,C,A,E,E,D,B,B,0.95,equalize
332,rotate,3,C,D,E,skip,A,B,C,D,E,skip,A,B,C,D,E,skip,A,B,C,D,0.15,equalize
332,equalize,4,D,E,skip,A,A,B,D,D,E,A,A,C,D,D,E,C,B,C,A,E,0.55,equalize
332,equalize,5,E,skip,B,C,D,C,C,E,B,C,B,B,C,E,B,D,D,B,C,A,0.3,equalize
332,rotate,6,skip,A,B,C,D,E,skip,A,B,C,D,E,skip,A,B,C,D,E,skip,A,0.1,equalize
333,equalize,1,A,B,A,C,D,B,A,E,D,D,D,D,A,D,B,D,D,A,C,D,0.75,equalize
333,equalize,2,B,C,D,E,skip,A,C,D,C,A,C,C,E,E,A,A,C,C,E,E,0.55,equalize
333,rotate,3,C,D,E,skip,A,B,C,D,E,skip,A,B,C,D,E,skip,A,B,C,D,0.35,equalize
333,rotate,4,D,E,skip,A,B,C,D,E,skip,A,B,C,D,E,skip,A,B,C,D,E,0.2,equalize
333,equalize,5,E,skip,B,B,B,C,D,A,A,C,E,E,D,A,C,C,E,D,A,A,0.75,equalize
333,equalize,6,skip,A,C,D,E,E,E,B,B,B,A,B,C,B,E,B,B,E,D,B,0.65,equalize
334,equalize,1,A,B,A,B,B,B,B,D,D,C,C,D,E,A,B,B,C,E,C,C,0.5,equalize
334,rotate,2,B,C,D,E,skip,A,B,C,D,E,skip,A,B,C,D,E,skip,A,B,C,0.25,equalize
334,equalize,3,C,D,E,A,A,C,A,A,A,D,E,C,D,D,D,A,A,A,A,B,0.85,equalize
334,equalize,4,D,E,skip,D,D,D,C,C,E,E,D,B,B,C,A,C,B,B,E,D,0.6,equalize
334,rotate,5,E,skip,A,B,C,D,E,skip,A,B,C,D,E,skip,A,B,C,D,E,skip,0.1,equalize
334,equalize,6,skip,A,C,C,E,E,E,B,B,B,A,A,C,E,E,E,D,D,B,E,0.65,equalize
335,equalize,1,A,B,A,B,B,B,A,A,C,D,A,E,C,D,C,D,A,B,E,A,0.55,equalize
335,equalize,2,B,C,D,E,E,C,B,E,E,A,E,C,D,E,E,A,E,C,B,E,0.9,equalize
335,rotate,3,C,D,E,skip,A,B,C,D,E,skip,A,B,C,D,E,skip,A,B,C,D,0.15,equalize
335,equalize,4,D,E,skip,D,A,E,E,D,A,C,C,D,A,A,A,C,C,D,A,D,0.45,equalize
335,rotate,5,E,skip,A,B,C,D,E,skip,A,B,C,D,E,skip,A,B,C,D,E,skip,0.1,equalize
335,equalize,6,skip,A,C,C,D,D,C,B,B,B,D,B,E,B,B,B,D,E,C,B,0.6,equalize
336,equalize,1,A,B,A,C,D,A,A,A,C,C,E,E,A,A,C,C,D,E,A,A,0.45,equalize
336,equalize,2,B,C,D,D,A,E,B,D,D,B,C,D,C,B,B,D,A,B,B,B,0.75,equalize
336,equalize,3,C,D,E,E,E,D,E,C,A,D,D,A,E,C,E,E,C,A,E,C,0.65,equalize
336,equalize,4,D,E,skip,B,C,B,C,B,B,E,A,B,B,D,A,B,E,D,C,D,0.65,equalize
336,rotate,5,E,skip,A,B,C,D,E,skip,A,B,C,D,E,skip,A,B,C,D,E,skip,0.05,equalize
336,rotate,6,skip,A,B,C,D,E,skip,A,B,C,D,E,skip,A,B,C,D,E,skip,A,0.1,equalize
337,rotate,1,A,B,C,D,E,skip,A,B,C,D,E,skip,A,B,C,D,E,skip,A,B,0.25,equalize
337,rotate,2,B,C,D,E,skip,A,B,C,D,E,skip,A,B,C,D,E,skip,A,B,C,0.25,equalize
337,equalize,3,C,D,E,C,D,D,A,A,C,A,E,A,B,D,D,A,A,A,C,C,0.6,equalize
337,equalize,4,D,E,skip,B,E,A,E,D,D,B,B,B,D,B,A,E,C,C,A,D,0.65,equalize
337,equalize,5,E,skip,B,D,A,C,C,C,E,E,C,D,E,E,B,B,E,B,E,E,0.75,equalize
337,equalize,6,skip,A,C,A,B,B,B,E,A,D,A,C,C,C,E,D,B,D,D,B,0.65,equalize
338,rotate,1,A,B,C,D,E,skip,A,B,C,D,E,skip,A,B,C,D,E,skip,A,B,0.2,equalize
338,equalize,2,B,C,D,E,E,C,D,C,D,B,C,E,E,A,D,E,E,A,B,B,0.85,equalize
338,rotate,3,C,D,E,skip,A,B,C,D,E,skip,A,B,C,D,E,skip,A,B,C,D,0.15,equalize
338,equalize,4,D,E,skip,B,B,A,A,B,B,D,A,C,D,B,A,D,A,C,E,D,0.55,equalize
338,equalize,5,E,skip,B,D,A,D,E,D,E,A,E,D,A,E,E,B,C,B,C,E,0.5,equalize
338,equalize,6,skip,A,C,A,C,B,C,E,A,C,B,B,C,D,C,A,B,D,D,A,0.6,equalize
339,rotate,1,A,B,C,D,E,skip,A,B,C,D,E,skip,A,B,C,D,E,skip,A,B,0.15,equalize
339,equalize,2,B,C,D,D,E,A,A,A,C,E,E,B,B,B,B,E,E,A,A,C,0.5,equalize
339,equalize,3,C,D,E,E,D,E,C,C,A,A,C,C,C,C,C,D,B,C,B,E,0.8,equalize
339,equalize,4,D,E,skip,C,A,C,B,B,E,C,B,E,A,E,E,A,A,E,C,A,0.6,equalize
339,equalize,5,E,skip,B,A,B,B,D,D,D,D,A,A,D,D,D,B,D,B,D,B,0.75,equalize
339,rotate,6,skip,A,B,C,D,E,skip,A,B,C,D,E,skip,A,B,C,D,E,skip,A,0.25,equalize
340,equalize,1,A,B,A,C,D,B,B,D,C,D,A,B,C,D,D,E,A,B,A,D,0.85,equalize
340,rotate,2,B,C,D,E,skip,A,B,C,D,E,skip,A,B,C,D,E,skip,A,B,C,0.3,equalize
340,equalize,3,C,D,E,skip,A,D,C,C,A,E,D,D,D,C,A,B,B,E,D,E,0.6,equalize
340,rotate,4,D,E,skip,A,B,C,D,E,skip,A,B,C,D,E,skip,A,B,C,D,E,0.25,equalize
340,equalize,5,E,skip,B,B,B,C,A,A,D,A,B,E,E,E,B,C,C,C,E,C,0.55,equalize
340,equalize,6,skip,A,C,D,E,E,E,E,B,C,C,A,B,A,E,A,D,D,B,A,0.7,equalize
341,equalize,1,A,B,A,B,D,D,D,C,C,C,C,E,E,B,B,E,D,A,D,E,0.6,equalize
341,equalize,2,B,C,D,E,C,B,B,D,D,A,B,C,D,E,A,B,E,E,E,A,0.55,equalize
341,equalize,3,C,D,E,A,B,E,E,B,A,D,E,D,A,A,D,D,B,D,A,C,0.65,equalize
341,rotate,4,D,E,skip,A,B,C,D,E,skip,A,B,C,D,E,skip,A,B,C,D,E,0.25,equalize
341,rotate,5,E,skip,A,B,C,D,E,skip,A,B,C,D,E,skip,A,B,C,D,E,skip,0.05,equalize
341,equalize,6,skip,A,C,C,E,A,A,E,B,B,D,A,C,C,C,C,C,B,B,B,0.8,equalize
342,equalize,1,A,B,A,D,E,C,D,B,A,C,D,C,B,B,D,A,B,E,B,E,0.55,equalize
342,equalize,2,B,C,D,E,C,D,E,E,C,E,A,B,C,C,E,E,A,A,C,D,0.95,equalize
342,equalize,3,C,D,E,B,B,E,C,C,D,D,E,A,A,A,C,C,E,B,A,A,0.75,equalize
342,rotate,4,D,E,skip,A,B,C,D,E,skip,A,B,C,D,E,skip,A,B,C,D,E,0.15,equalize
342,equalize,5,E,skip,B,C,D,A,A,A,B,A,B,E,D,E,B,D,D,C,D,B,0.25,equalize
342,rotate,6,skip,A,B,C,D,E,skip,A,B,C,D,E,skip,A,B,C,D,E,skip,A,0.05,equalize
343,rotate,1,A,B,C,D,E,skip,A,B,C,D,E,skip,A,B,C,D,E,skip,A,B,0.1,equalize
343,equalize,2,B,C,D,E,A,A,B,A,B,B,D,E,E,A,B,B,D,E,E,A,1.0,equalize
343,equalize,3,C,D,E,C,C,C,D,C,A,A,C,D,D,E,A,A,B,D,D,E,0.55,equalize
343,rotate,4,D,E,skip,A,B,C,D,E,skip,A,B,C,D,E,skip,A,B,C,D,E,0.1,equalize
343,equalize,5,E,skip,B,D,E,B,A,B,D,E,B,A,B,B,C,E,E,A,A,B,0.45,equalize
343,equalize,6,skip,A,C,A,B,D,E,E,C,D,E,C,A,C,D,D,C,C,B,C,0.4,equalize
344,equalize,1,A,B,A,D,E,A,A,D,B,C,B,B,D,E,C,D,E,E,A,D,0.8,equalize
344,rotate,2,B,C,D,E,skip,A,B,C,D,E,skip,A,B,C,D,E,skip,A,B,C,0.2,equalize
344,equalize,3,C,D,E,B,B,B,B,A,E,A,D,A,B,D,E,E,B,C,B,A,0.6,equalize
344,equalize,4,D,E,skip,A,A,E,D,E,C,D,E,E,A,B,B,C,D,B,D,E,0.7,equalize
344,equalize,5,E,skip,B,C,D,C,C,C,D,E,A,C,C,C,D,A,A,A,C,C,0.45,equalize
344,rotate,6,skip,A,B,C,D,E,skip,A,B,C,D,E,skip,A,B,C,D,E,skip,A,0.1,equalize
345,rotate,1,A,B,C,D,E,skip,A,B,C,D,E,skip,A,B,C,D,E,skip,A,B,0.1,equalize
345,equalize,2,B,C,D,A,B,E,E,B,E,B,E,A,A,C,C,B,A,A,B,B,0.6,equalize
345,equalize,3,C,D,E,E,E,A,C,A,B,A,D,C,C,A,A,C,B,E,C,A,0.9,equalize
345,equalize,4,D,E,skip,D,A,B,A,C,D,E,A,D,B,D,D,D,C,B,E,C,0.65,equalize
345,rotate,5,E,skip,A,B,C,D,E,skip,A,B,C,D,E,skip,A,B,C,D,E,skip,0.15,equalize
345,equalize,6,skip,A,C,B,C,D,B,D,C,D,C,B,E,B,E,E,E,D,A,D,0.35,equalize
346,equalize,1,A,C,D,B,A,B,B,B,D,D,D,D,D,D,D,D,D,D,D,A,0.7,equalize
346,random3,2,E,E,D,D,A,B,B,B,E,B,B,B,B,B,E,B,B,B,B,B,0.2,equalize
346,random3,3,C,C,C,C,C,C,C,C,C,C,E,E,E,E,E,B,B,C,C,C,0.4,equalize
346,equalize,4,D,E,B,A,D,D,A,D,E,B,E,A,A,A,C,B,A,A,C,C,0.65,equalize
346,equalize,5,E,B,A,E,E,E,E,E,B,C,B,C,E,C,E,A,C,C,A,E,0.7,equalize
346,equalize,6,skip,A,C,D,B,A,D,A,A,A,A,E,C,B,A,C,E,E,E,B,0.7,equalize
347,equalize,1,A,A,B,A,B,E,B,A,E,B,C,A,E,B,B,B,B,B,B,B,0.9,equalize
347,equalize,2,B,B,E,E,E,D,A,E,B,C,A,E,B,C,C,C,C,C,C,C,0.75,equalize
347,random3,3,D,D,D,D,D,B,B,B,B,B,B,B,B,C,C,E,E,E,E,E,0.0,equalize
347,equalize,4,D,C,A,C,C,B,C,C,C,A,E,B,C,E,E,E,A,A,E,A,0.75,equalize
347,equalize,5,E,E,D,B,A,A,E,B,A,E,B,C,A,A,A,A,E,E,A,E,0.7,equalize
347,random3,6,D,D,D,D,D,D,D,D,D,D,D,D,D,D,D,D,D,D,D,D,0.7,equalize
348,equalize,1,A,B,C,D,D,A,E,D,D,A,C,E,A,E,B,A,E,C,D,A,0.7,equalize
348,equalize,2,B,C,D,A,A,C,D,A,A,C,B,D,C,D,A,E,B,D,A,E,0.7,equalize
348,random3,3,B,B,B,B,B,B,B,B,B,B,B,C,C,C,C,C,B,C,B,B,0.4,equalize
348,random3,4,E,C,C,C,E,C,E,E,E,E,E,E,B,B,B,B,B,C,C,C,0.25,equalize
348,equalize,5,E,D,A,E,B,E,C,E,C,E,D,A,B,A,E,C,D,A,E,C,0.65,equalize
348,equalize,6,skip,A,E,C,E,D,A,C,B,D,A,C,D,C,D,D,A,E,B,D,0.65,equalize
349,equalize,1,A,B,C,E,E,E,E,E,A,D,E,A,A,E,E,A,E,E,E,A,0.75,equalize
349,random3,2,B,B,C,C,C,B,B,D,D,D,D,D,A,D,C,A,C,C,C,C,0.15,equalize
349,equalize,3,C,D,E,A,D,A,B,A,D,E,A,B,B,D,A,B,B,D,A,B,0.75,equalize
349,equalize,4,D,E,A,B,B,B,A,D,E,A,D,E,E,A,B,C,C,A,B,D,0.7,equalize
349,random3,5,D,D,C,C,C,C,C,C,C,C,C,C,C,D,D,D,D,D,D,D,0.55,equalize
349,equalize,6,skip,A,B,C,A,D,D,B,B,B,B,D,C,B,C,E,A,B,C,E,0.7,equalize
350,equalize,1,A,B,D,A,D,C,C,D,D,A,A,B,B,D,B,D,B,A,A,C,0.75,equalize
350,equalize,2,B,D,A,B,C,D,B,B,C,D,D,A,A,E,A,E,A,C,C,D,0.75,equalize
350,random3,3,E,E,C,C,C,D,D,A,A,B,B,B,B,B,B,A,A,A,A,A,0.1,equalize
350,equalize,4,D,E,C,C,A,A,A,A,B,B,C,C,C,C,C,C,C,D,D,B,0.75,equalize
350,random3,5,E,E,E,E,E,E,E,E,E,E,E,E,E,E,E,E,E,E,E,E,0.75,equalize
350,equalize,6,skip,A,B,D,B,B,D,C,A,C,B,D,D,A,D,A,D,B,B,E,0.7,equalize
351,equalize,1,A,E,C,C,B,B,B,B,B,B,B,A,B,B,D,B,B,D,B,B,0.65,equalize
351,equalize,2,B,C,D,B,C,A,A,A,A,A,A,D,A,D,C,A,A,E,D,D,0.8,equalize
351,equalize,3,C,A,A,D,D,E,D,E,D,D,D,C,C,A,A,D,D,C,C,C,0.8,equalize
351,equalize,4,D,B,B,A,A,D,C,D,C,C,C,E,D,C,E,C,C,A,A,A,0.8,equalize
351,random3,5,A,E,D,C,C,C,C,E,E,E,E,E,E,E,E,E,E,D,B,E,0.2,equalize
351,random3,6,D,E,E,E,E,E,E,E,E,E,E,A,A,A,A,B,E,E,E,E,0.25,equalize
352,random3,1,C,C,C,C,C,C,C,C,A,C,E,D,D,C,A,A,C,C,C,C,0.15,equalize
352,random3,2,A,A,A,A,A,A,A,A,A,A,A,A,A,A,A,A,A,A,A,A,0.65,equalize
352,equalize,3,C,B,E,B,E,C,B,D,E,C,B,D,B,D,D,D,D,E,C,B,0.75,equalize
352,equalize,4,D,D,C,E,A,B,D,E,A,B,D,E,E,E,A,E,E,C,B,D,0.75,equalize
352,equalize,5,E,E,A,C,B,D,E,C,B,D,E,B,D,B,B,B,B,B,D,E,0.75,equalize
352,equalize,6,skip,A,B,D,D,E,A,B,D,E,C,C,C,C,E,C,C,D,E,C,0.7,equalize
353,random3,1,B,B,E,B,B,A,B,B,C,C,C,E,E,A,A,A,A,C,B,B,0.0,equalize
353,equalize,2,B,A,A,B,A,A,C,C,C,A,C,A,C,C,C,A,B,B,C,E,0.7,equalize
353,random3,3,D,D,D,D,D,D,D,D,D,D,D,D,D,D,D,D,D,D,D,D,0.8,equalize
353,equalize,4,D,C,C,E,B,C,E,B,A,E,E,C,E,B,B,B,A,E,E,B,0.7,equalize
353,equalize,5,E,B,E,A,C,E,B,A,E,B,B,B,B,E,E,E,E,A,A,A,0.85,equalize
353,equalize,6,skip,E,D,C,E,D,A,E,D,C,A,E,A,A,A,C,C,C,B,C,0.5,equalize
354,random3,1,B,B,B,B,B,B,B,B,B,A,A,A,A,A,B,B,B,B,A,A,0.35,equalize
354,equalize,2,B,A,D,D,D,D,D,A,A,A,C,D,C,C,D,D,D,D,D,E,0.7,equalize
354,equalize,3,C,D,E,A,C,E,A,C,C,C,A,A,D,D,C,C,E,E,E,B,0.7,equalize
354,equalize,4,D,B,A,C,B,A,C,D,D,D,D,E,A,E,A,A,A,B,C,C,0.8,equalize
354,equalize,5,E,C,C,E,A,C,E,E,E,E,E,B,E,A,E,E,C,C,A,D,0.65,equalize
354,random3,6,E,A,E,E,B,E,D,B,B,B,B,B,C,C,C,C,C,C,A,A,0.1,equalize
355,equalize,1,A,B,C,E,C,D,E,B,B,C,B,E,E,E,C,C,C,B,B,E,0.7,equalize
355,random3,2,D,D,D,D,D,D,E,E,E,C,C,B,B,B,B,C,C,D,E,D,0.1,equalize
355,equalize,3,C,C,A,C,D,E,B,E,C,E,E,C,C,C,B,B,B,D,C,C,0.75,equalize
355,random3,4,A,A,A,A,A,A,A,A,A,A,A,A,A,A,A,A,A,A,A,A,0.8,equalize
355,equalize,5,E,E,D,A,E,B,C,D,D,D,D,D,D,D,D,D,D,C,D,D,0.85,equalize
355,equalize,6,skip,D,B,B,B,C,A,C,E,B,C,B,B,B,E,E,E,E,E,B,0.55,equalize
356,equalize,1,A,B,D,E,D,A,A,E,A,E,D,E,E,E,D,D,D,C,C,C,0.75,equalize
356,equalize,2,B,D,E,A,A,E,C,D,D,A,A,D,D,D,C,C,C,A,A,A,0.65,equalize
356,equalize,3,C,E,A,D,E,D,D,A,B,D,B,A,A,A,A,A,A,D,D,D,0.7,equalize
356,random3,4,C,C,C,C,C,C,C,D,D,D,B,B,B,B,B,B,B,B,B,A,0.45,equalize
356,random3,5,B,B,A,E,E,E,E,E,B,E,B,B,B,E,E,E,C,B,B,B,0.1,equalize
356,equalize,6,skip,A,B,B,B,B,B,C,C,C,C,C,C,C,E,E,E,E,E,E,0.85,equalize
357,equalize,1,A,B,E,D,A,B,B,B,B,E,E,E,E,A,A,A,E,C,A,D,0.8,equalize
357,equalize,2,B,C,A,B,B,E,A,A,C,C,C,A,A,B,C,C,D,A,E,C,0.75,equalize
357,equalize,3,C,E,C,E,E,A,C,C,E,B,A,C,C,C,D,B,A,E,C,A,0.75,equalize
357,random3,4,D,D,D,D,A,D,D,C,B,A,C,D,B,B,D,A,A,A,D,B,0.05,equalize
357,equalize,5,E,D,B,C,C,D,E,E,A,A,B,B,B,E,E,E,C,B,D,E,0.7,equalize
357,random3,6,D,C,C,A,A,D,D,D,D,D,D,D,B,B,B,B,D,B,B,B,0.35,equalize
358,random3,1,E,E,E,E,E,E,C,A,E,E,B,B,B,B,B,B,D,D,E,A,0.1,equalize
358,equalize,2,B,E,A,D,B,E,D,A,D,D,D,A,A,B,D,D,D,D,A,A,0.65,equalize
358,equalize,3,C,A,D,B,C,D,A,B,B,B,A,B,B,D,A,A,A,A,D,D,0.8,equalize
358,random3,4,C,C,C,C,C,E,E,E,E,E,E,E,E,E,E,E,E,E,E,E,0.65,equalize
358,equalize,5,E,D,B,E,D,A,B,C,C,C,C,C,C,C,B,B,C,C,C,C,0.8,equalize
358,equalize,6,skip,B,C,A,A,B,C,D,A,A,B,D,D,A,C,C,B,B,B,B,0.8,equalize
359,equalize,1,A,E,D,B,E,B,E,A,E,E,E,D,D,D,D,D,D,D,D,A,0.75,equalize
359,random3,2,C,C,C,C,C,B,B,B,B,B,B,B,B,B,B,B,B,B,B,B,0.55,equalize
359,equalize,3,C,B,A,A,A,E,D,D,D,D,D,E,A,A,C,E,A,C,B,C,0.7,equalize
359,equalize,4,D,A,E,D,C,D,C,C,C,C,C,C,E,C,B,A,C,E,A,E,0.75,equalize
359,equalize,5,E,C,B,E,D,A,A,E,A,A,A,A,C,E,A,C,B,A,C,D,0.7,equalize
359,random3,6,D,B,B,B,D,B,B,A,B,E,E,E,E,E,E,E,E,E,C,C,0.1,equalize
360,random3,1,C,C,C,C,D,C,E,E,E,E,E,E,E,E,D,D,D,D,D,B,0.2,equalize
360,equalize,2,B,C,A,E,B,C,E,A,A,A,B,C,C,E,A,B,B,C,E,E,0.8,equalize
360,equalize,3,C,A,E,B,D,E,A,E,B,B,E,A,A,A,B,C,C,A,A,B,0.65,equalize
360,equalize,4,D,E,B,C,E,A,B,B,E,E,A,B,B,B,C,E,E,E,D,C,0.75,equalize
360,random3,5,D,D,D,D,D,D,D,D,D,D,D,D,D,E,D,D,C,A,C,B,0.45,equalize
360,equalize,6,skip,B,D,A,A,B,C,C,C,C,C,E,D,C,D,A,A,B,C,A,0.7,equalize
361,equalize,1,A,B,A,C,D,skip,A,C,D,B,E,skip,D,C,B,E,A,skip,D,B,0.85,equalize
361,radicaleq,2,B,C,D,E,skip,A,C,D,B,E,skip,D,C,B,E,A,skip,D,B,C,0.85,equalize
361,radicaleq,3,C,D,E,skip,A,C,D,B,E,skip,D,C,B,E,A,skip,D,B,C,E,0.85,equalize
361,equalize,4,D,E,skip,A,C,D,B,E,skip,D,C,B,E,A,skip,D,B,C,E,A,0.85,equalize
361,equalize,5,E,skip,B,B,B,B,E,skip,C,C,B,E,A,skip,D,B,C,E,A,skip,0.8,equalize
361,equalize,6,skip,A,C,D,E,E,skip,A,A,A,A,A,skip,D,C,C,E,A,skip,D,0.8,equalize
362,equalize,1,A,B,A,C,D,skip,A,C,D,B,E,skip,D,C,B,E,A,skip,D,B,0.85,equalize
362,equalize,2,B,C,D,E,skip,A,C,D,B,E,skip,D,C,B,E,A,skip,D,B,C,0.85,equalize
362,radicaleq,3,C,D,E,skip,A,C,D,B,E,skip,D,C,B,E,A,skip,D,B,C,E,0.85,equalize
362,equalize,4,D,E,skip,A,C,D,B,E,skip,D,C,B,E,A,skip,D,B,C,E,A,0.85,equalize
362,equalize,5,E,skip,B,B,B,B,E,skip,C,C,B,E,A,skip,D,B,C,E,A,skip,0.8,equalize
362,radicaleq,6,skip,A,C,D,E,E,skip,A,A,A,A,A,skip,D,C,C,E,A,skip,D,0.8,equalize
363,equalize,1,A,B,A,C,D,skip,A,C,D,B,E,skip,D,C,B,E,A,skip,D,B,0.85,equalize
363,equalize,2,B,C,D,E,skip,A,C,D,B,E,skip,D,C,B,E,A,skip,D,B,C,0.85,equalize
363,radicaleq,3,C,D,E,skip,A,C,D,B,E,skip,D,C,B,E,A,skip,D,B,C,E,0.85,equalize
363,radicaleq,4,D,E,skip,A,C,D,B,E,skip,D,C,B,E,A,skip,D,B,C,E,A,0.85,equalize
363,equalize,5,E,skip,B,B,B,B,E,skip,C,C,B,E,A,skip,D,B,C,E,A,skip,0.8,equalize
363,equalize,6,skip,A,C,D,E,E,skip,A,A,A,A,A,skip,D,C,C,E,A,skip,D,0.8,equalize
364,equalize,1,A,B,A,C,D,skip,A,C,D,B,E,skip,D,C,B,E,A,skip,D,B,0.85,equalize
364,radicaleq,2,B,C,D,E,skip,A,C,D,B,E,skip,D,C,B,E,A,skip,D,B,C,0.85,equalize
364,equalize,3,C,D,E,skip,A,C,D,B,E,skip,D,C,B,E,A,skip,D,B,C,E,0.85,equalize
364,equalize,4,D,E,skip,A,C,D,B,E,skip,D,C,B,E,A,skip,D,B,C,E,A,0.85,equalize
364,radicaleq,5,E,skip,B,B,B,B,E,skip,C,C,B,E,A,skip,D,B,C,E,A,skip,0.8,equalize
364,equalize,6,skip,A,C,D,E,E,skip,A,A,A,A,A,skip,D,C,C,E,A,skip,D,0.8,equalize
365,equalize,1,A,B,A,C,D,skip,A,C,D,B,E,skip,D,C,B,E,A,skip,D,B,0.85,equalize
365,equalize,2,B,C,D,E,skip,A,C,D,B,E,skip,D,C,B,E,A,skip,D,B,C,0.85,equalize
365,radicaleq,3,C,D,E,skip,A,C,D,B,E,skip,D,C,B,E,A,skip,D,B,C,E,0.85,equalize
365,equalize,4,D,E,skip,A,C,D,B,E,skip,D,C,B,E,A,skip,D,B,C,E,A,0.85,equalize
365,radicaleq,5,E,skip,B,B,B,B,E,skip,C,C,B,E,A,skip,D,B,C,E,A,skip,0.8,equalize
365,equalize,6,skip,A,C,D,E,E,skip,A,A,A,A,A,skip,D,C,C,E,A,skip,D,0.8,equalize
366,equalize,1,A,B,A,C,D,skip,A,C,D,B,E,skip,D,C,B,E,A,skip,D,B,0.85,equalize
366,equalize,2,B,C,D,E,skip,A,C,D,B,E,skip,D,C,B,E,A,skip,D,B,C,0.85,equalize
366,equalize,3,C,D,E,skip,A,C,D,B,E,skip,D,C,B,E,A,skip,D,B,C,E,0.85,equalize
366,equalize,4,D,E,skip,A,C,D,B,E,skip,D,C,B,E,A,skip,D,B,C,E,A,0.85,equalize
366,radicaleq,5,E,skip,B,B,B,B,E,skip,C,C,B,E,A,skip,D,B,C,E,A,skip,0.8,equalize
366,radicaleq,6,skip,A,C,D,E,E,skip,A,A,A,A,A,skip,D,C,C,E,A,skip,D,0.8,equalize
367,radicaleq,1,A,B,A,C,D,skip,A,C,D,B,E,skip,D,C,B,E,A,skip,D,B,0.85,equalize
367,radicaleq,2,B,C,D,E,skip,A,C,D,B,E,skip,D,C,B,E,A,skip,D,B,C,0.85,equalize
367,equalize,3,C,D,E,skip,A,C,D,B,E,skip,D,C,B,E,A,skip,D,B,C,E,0.85,equalize
367,equalize,4,D,E,skip,A,C,D,B,E,skip,D,C,B,E,A,skip,D,B,C,E,A,0.85,equalize
367,equalize,5,E,skip,B,B,B,B,E,skip,C,C,B,E,A,skip,D,B,C,E,A,skip,0.8,equalize
367,equalize,6,skip,A,C,D,E,E,skip,A,A,A,A,A,skip,D,C,C,E,A,skip,D,0.8,equalize
368,radicaleq,1,A,B,A,C,D,skip,A,C,D,B,E,skip,D,C,B,E,A,skip,D,B,0.85,equalize
368,equalize,2,B,C,D,E,skip,A,C,D,B,E,skip,D,C,B,E,A,skip,D,B,C,0.85,equalize
368,radicaleq,3,C,D,E,skip,A,C,D,B,E,skip,D,C,B,E,A,skip,D,B,C,E,0.85,equalize
368,equalize,4,D,E,skip,A,C,D,B,E,skip,D,C,B,E,A,skip,D,B,C,E,A,0.85,equalize
368,equalize,5,E,skip,B,B,B,B,E,skip,C,C,B,E,A,skip,D,B,C,E,A,skip,0.8,equalize
368,equalize,6,skip,A,C,D,E,E,skip,A,A,A,A,A,skip,D,C,C,E,A,skip,D,0.8,equalize
369,radicaleq,1,A,B,A,C,D,skip,A,C,D,B,E,skip,D,C,B,E,A,skip,D,B,0.85,equalize
369,equalize,2,B,C,D,E,skip,A,C,D,B,E,skip,D,C,B,E,A,skip,D,B,C,0.85,equalize
369,equalize,3,C,D,E,skip,A,C,D,B,E,skip,D,C,B,E,A,skip,D,B,C,E,0.85,equalize
369,equalize,4,D,E,skip,A,C,D,B,E,skip,D,C,B,E,A,skip,D,B,C,E,A,0.85,equalize
369,equalize,5,E,skip,B,B,B,B,E,skip,C,C,B,E,A,skip,D,B,C,E,A,skip,0.8,equalize
369,radicaleq,6,skip,A,C,D,E,E,skip,A,A,A,A,A,skip,D,C,C,E,A,skip,D,0.8,equalize
370,equalize,1,A,B,A,C,D,skip,A,C,D,B,E,skip,D,C,B,E,A,skip,D,B,0.85,equalize
370,radicaleq,2,B,C,D,E,skip,A,C,D,B,E,skip,D,C,B,E,A,skip,D,B,C,0.85,equalize
370,equalize,3,C,D,E,skip,A,C,D,B,E,skip,D,C,B,E,A,skip,D,B,C,E,0.85,equalize
370,radicaleq,4,D,E,skip,A,C,D,B,E,skip,D,C,B,E,A,skip,D,B,C,E,A,0.85,equalize
370,equalize,5,E,skip,B,B,B,B,E,skip,C,C,B,E,A,skip,D,B,C,E,A,skip,0.8,equalize
370,equalize,6,skip,A,C,D,E,E,skip,A,A,A,A,A,skip,D,C,C,E,A,skip,D,0.8,equalize
371,equalize,1,A,B,A,C,D,skip,A,C,D,B,E,skip,D,C,B,E,A,skip,D,B,0.85,equalize
371,equalize,2,B,C,D,E,skip,A,C,D,B,E,skip,D,C,B,E,A,skip,D,B,C,0.85,equalize
371,equalize,3,C,D,E,skip,A,C,D,B,E,skip,D,C,B,E,A,skip,D,B,C,E,0.85,equalize
371,radicaleq,4,D,E,skip,A,C,D,B,E,skip,D,C,B,E,A,skip,D,B,C,E,A,0.85,equalize
371,radicaleq,5,E,skip,B,B,B,B,E,skip,C,C,B,E,A,skip,D,B,C,E,A,skip,0.8,equalize
371,equalize,6,skip,A,C,D,E,E,skip,A,A,A,A,A,skip,D,C,C,E,A,skip,D,0.8,equalize
372,equalize,1,A,B,A,C,D,skip,A,C,D,B,E,skip,D,C,B,E,A,skip,D,B,0.85,equalize
372,equalize,2,B,C,D,E,skip,A,C,D,B,E,skip,D,C,B,E,A,skip,D,B,C,0.85,equalize
372,equalize,3,C,D,E,skip,A,C,D,B,E,skip,D,C,B,E,A,skip,D,B,C,E,0.85,equalize
372,radicaleq,4,D,E,skip,A,C,D,B,E,skip,D,C,B,E,A,skip,D,B,C,E,A,0.85,equalize
372,equalize,5,E,skip,B,B,B,B,E,skip,C,C,B,E,A,skip,D,B,C,E,A,skip,0.8,equalize
372,radicaleq,6,skip,A,C,D,E,E,skip,A,A,A,A,A,skip,D,C,C,E,A,skip,D,0.8,equalize
373,radicaleq,1,A,B,A,C,D,skip,A,C,D,B,E,skip,D,C,B,E,A,skip,D,B,0.85,equalize
373,equalize,2,B,C,D,E,skip,A,C,D,B,E,skip,D,C,B,E,A,skip,D,B,C,0.85,equalize
373,equalize,3,C,D,E,skip,A,C,D,B,E,skip,D,C,B,E,A,skip,D,B,C,E,0.85,equalize
373,radicaleq,4,D,E,skip,A,C,D,B,E,skip,D,C,B,E,A,skip,D,B,C,E,A,0.85,equalize
373,equalize,5,E,skip,B,B,B,B,E,skip,C,C,B,E,A,skip,D,B,C,E,A,skip,0.8,equalize
373,equalize,6,skip,A,C,D,E,E,skip,A,A,A,A,A,skip,D,C,C,E,A,skip,D,0.8,equalize
374,equalize,1,A,B,A,C,D,skip,A,C,D,B,E,skip,D,C,B,E,A,skip,D,B,0.85,equalize
374,radicaleq,2,B,C,D,E,skip,A,C,D,B,E,skip,D,C,B,E,A,skip,D,B,C,0.85,equalize
374,equalize,3,C,D,E,skip,A,C,D,B,E,skip,D,C,B,E,A,skip,D,B,C,E,0.85,equalize
374,equalize,4,D,E,skip,A,C,D,B,E,skip,D,C,B,E,A,skip,D,B,C,E,A,0.85,equalize
374,equalize,5,E,skip,B,B,B,B,E,skip,C,C,B,E,A,skip,D,B,C,E,A,skip,0.8,equalize
374,radicaleq,6,skip,A,C,D,E,E,skip,A,A,A,A,A,skip,D,C,C,E,A,skip,D,0.8,equalize
375,radicaleq,1,A,B,A,C,D,skip,A,C,D,B,E,skip,D,C,B,E,A,skip,D,B,0.85,equalize
375,equalize,2,B,C,D,E,skip,A,C,D,B,E,skip,D,C,B,E,A,skip,D,B,C,0.85,equalize
375,equalize,3,C,D,E,skip,A,C,D,B,E,skip,D,C,B,E,A,skip,D,B,C,E,0.85,equalize
375,equalize,4,D,E,skip,A,C,D,B,E,skip,D,C,B,E,A,skip,D,B,C,E,A,0.85,equalize
375,radicaleq,5,E,skip,B,B,B,B,E,skip,C,C,B,E,A,skip,D,B,C,E,A,skip,0.8,equalize
375,equalize,6,skip,A,C,D,E,E,skip,A,A,A,A,A,skip,D,C,C,E,A,skip,D,0.8,equalize
376,equalize,1,A,B,D,E,E,C,D,A,E,C,D,A,E,C,D,A,E,C,D,A,0.75,equalize
376,rotate0,2,B,B,B,B,B,B,B,B,B,B,B,B,B,B,B,B,B,B,B,B,0.5,equalize
376,rotate0,3,C,C,C,C,C,C,C,C,C,C,C,C,C,C,C,C,C,C,C,C,0.5,equalize
376,equalize,4,D,E,E,C,B,D,A,E,B,D,A,E,B,D,A,E,B,D,A,E,0.75,equalize
376,equalize,5,E,skip,C,D,D,A,E,C,D,A,E,C,D,A,E,C,D,A,E,C,0.7,equalize
376,equalize,6,skip,A,A,B,A,E,B,D,A,E,B,D,A,E,B,D,A,E,B,D,0.7,equalize
377,equalize,1,A,B,B,B,B,B,B,B,B,B,B,B,B,B,B,B,B,B,B,B,1.0,equalize
377,equalize,2,B,C,A,A,A,A,A,A,A,A,A,A,A,A,A,A,A,A,A,A,0.95,equalize
377,rotate0,3,C,C,C,C,C,C,C,C,C,C,C,C,C,C,C,C,C,C,C,C,0.95,equalize
377,equalize,4,D,E,E,E,E,E,E,E,E,E,E,E,E,E,E,E,E,E,E,E,1.0,equalize
377,equalize,5,E,skip,D,D,D,D,D,D,D,D,D,D,D,D,D,D,D,D,D,D,0.95,equalize
377,rotate0,6,skip,skip,skip,skip,skip,skip,skip,skip,skip,skip,skip,skip,skip,skip,skip,skip,skip,skip,skip,skip,0.0,equalize
378,equalize,1,A,B,D,E,B,D,E,A,B,D,E,A,B,D,E,A,B,D,E,A,0.75,equalize
378,equalize,2,B,C,E,B,C,E,A,B,C,E,A,B,C,E,A,B,C,E,A,B,0.75,equalize
378,rotate0,3,C,C,C,C,C,C,C,C,C,C,C,C,C,C,C,C,C,C,C,C,0.5,equalize
378,rotate0,4,D,D,D,D,D,D,D,D,D,D,D,D,D,D,D,D,D,D,D,D,0.5,equalize
378,equalize,5,E,skip,B,C,E,A,B,D,E,A,B,D,E,A,B,D,E,A,B,D,0.7,equalize
378,equalize,6,skip,A,A,D,A,B,C,E,A,B,C,E,A,B,C,E,A,B,C,E,0.7,equalize
379,equalize,1,A,B,C,C,A,D,B,C,D,A,B,C,A,D,B,C,A,D,B,C,0.75,equalize
379,rotate0,2,B,B,B,B,B,B,B,B,B,B,B,B,B,B,B,B,B,B,B,B,0.5,equalize
379,equalize,3,C,D,B,A,D,E,C,D,A,E,C,A,D,E,C,A,D,E,C,A,0.75,equalize
379,equalize,4,D,E,A,D,B,C,D,A,B,C,A,D,B,C,A,D,B,C,A,D,0.75,equalize
379,rotate0,5,E,E,E,E,E,E,E,E,E,E,E,E,E,E,E,E,E,E,E,E,0.5,equalize
379,equalize,6,skip,A,D,E,C,A,A,E,C,D,D,E,C,A,D,E,C,A,D,E,0.7,equalize
380,equalize,1,A,B,C,D,B,A,C,D,B,A,C,D,B,A,C,D,B,A,C,D,0.75,equalize
380,equalize,2,B,C,D,B,A,E,D,B,A,E,D,B,A,E,D,B,A,E,D,B,0.75,equalize
380,rotate0,3,C,C,C,C,C,C,C,C,C,C,C,C,C,C,C,C,C,C,C,C,0.5,equalize
380,equalize,4,D,E,B,A,C,D,B,A,C,D,B,A,C,D,B,A,C,D,B,A,0.75,equalize
380,rotate0,5,E,E,E,E,E,E,E,E,E,E,E,E,E,E,E,E,E,E,E,E,0.5,equalize
380,equalize,6,skip,A,A,E,D,B,A,E,D,B,A,E,D,B,A,E,D,B,A,E,0.7,equalize
381,equalize,1,A,B,B,B,B,B,B,B,B,B,B,B,B,B,B,B,B,B,B,B,1.0,equalize
381,equalize,2,B,C,C,C,C,C,C,C,C,C,C,C,C,C,C,C,C,C,C,C,1.0,equalize
381,equalize,3,C,D,D,D,D,D,D,D,D,D,D,D,D,D,D,D,D,D,D,D,1.0,equalize
381,equalize,4,D,E,A,A,A,A,A,A,A,A,A,A,A,A,A,A,A,A,A,A,0.95,equalize
381,rotate0,5,E,E,E,E,E,E,E,E,E,E,E,E,E,E,E,E,E,E,E,E,0.95,equalize
381,rotate0,6,skip,skip,skip,skip,skip,skip,skip,skip,skip,skip,skip,skip,skip,skip,skip,skip,skip,skip,skip,skip,0.0,equalize
382,rotate0,1,A,A,A,A,A,A,A,A,A,A,A,A,A,A,A,A,A,A,A,A,0.5,equalize
382,rotate0,2,B,B,B,B,B,B,B,B,B,B,B,B,B,B,B,B,B,B,B,B,0.5,equalize
382,equalize,3,C,D,D,A,D,B,E,C,D,B,E,C,D,B,E,C,D,B,E,C,0.75,equalize
382,equalize,4,D,E,E,B,A,E,C,D,A,E,C,D,A,E,C,D,A,E,C,D,0.75,equalize
382,equalize,5,E,skip,B,C,E,C,D,B,E,C,D,B,E,C,D,B,E,C,D,B,0.7,equalize
382,equalize,6,skip,A,C,D,C,D,A,E,C,D,A,E,C,D,A,E,C,D,A,E,0.7,equalize
383,rotate0,1,A,A,A,A,A,A,A,A,A,A,A,A,A,A,A,A,A,A,A,A,0.5,equalize
383,equalize,2,B,C,D,B,E,C,B,D,E,C,B,D,E,C,B,D,E,C,B,D,0.75,equalize
383,rotate0,3,C,C,C,C,C,C,C,C,C,C,C,C,C,C,C,C,C,C,C,C,0.5,equalize
383,equalize,4,D,E,A,E,A,B,D,E,A,B,D,E,A,B,D,E,A,B,D,E,0.75,equalize
383,equalize,5,E,skip,E,C,B,D,E,C,B,D,E,C,B,D,E,C,B,D,E,C,0.7,equalize
383,equalize,6,skip,A,B,D,D,E,A,B,D,E,A,B,D,E,A,B,D,E,A,B,0.7,equalize
384,rotate0,1,A,A,A,A,A,A,A,A,A,A,A,A,A,A,A,A,A,A,A,A,0.95,equalize
384,equalize,2,B,C,A,B,B,B,B,B,B,B,B,B,B,B,B,B,B,B,B,B,0.95,equalize
384,equalize,3,C,D,C,C,C,C,C,C,C,C,C,C,C,C,C,C,C,C,C,C,1.0,equalize
384,equalize,4,D,E,D,D,D,D,D,D,D,D,D,D,D,D,D,D,D,D,D,D,1.0,equalize
384,equalize,5,E,skip,B,E,E,E,E,E,E,E,E,E,E,E,E,E,E,E,E,E,0.95,equalize
384,rotate0,6,skip,skip,skip,skip,skip,skip,skip,skip,skip,skip,skip,skip,skip,skip,skip,skip,skip,skip,skip,skip,0.0,equalize
385,equalize,1,A,B,C,E,A,D,E,C,A,D,E,C,A,D,E,C,A,D,E,C,0.75,equalize
385,rotate0,2,B,B,B,B,B,B,B,B,B,B,B,B,B,B,B,B,B,B,B,B,0.5,equalize
385,equalize,3,C,D,E,A,B,E,C,A,B,E,C,A,B,E,C,A,B,E,C,A,0.75,equalize
385,rotate0,4,D,D,D,D,D,D,D,D,D,D,D,D,D,D,D,D,D,D,D,D,0.5,equalize
385,equalize,5,E,skip,A,D,E,C,A,D,E,C,A,D,E,C,A,D,E,C,A,D,0.7,equalize
385,equalize,6,skip,A,B,C,C,A,B,E,C,A,B,E,C,A,B,E,C,A,B,E,0.7,equalize
386,equalize,1,A,B,A,E,B,A,D,C,A,B,D,C,A,B,D,C,A,B,D,C,0.75,equalize
386,equalize,2,B,C,E,B,A,D,C,A,B,E,C,A,B,E,C,A,B,E,C,A,0.75,equalize
386,equalize,3,C,D,B,A,E,C,A,B,D,C,A,B,D,C,A,B,D,C,A,B,0.75,equalize
386,rotate0,4,D,D,D,D,D,D,D,D,D,D,D,D,D,D,D,D,D,D,D,D,0.5,equalize
386,rotate0,5,E,E,E,E,E,E,E,E,E,E,E,E,E,E,E,E,E,E,E,E,0.5,equalize
386,equalize,6,skip,A,C,D,C,B,B,E,C,A,B,E,C,A,B,E,C,A,B,E,0.7,equalize
387,equalize,1,A,B,B,B,B,B,B,B,B,B,B,B,B,B,B,B,B,B,B,B,1.0,equalize
387,equalize,2,B,C,C,C,C,C,C,C,C,C,C,C,C,C,C,C,C,C,C,C,1.0,equalize
387,equalize,3,C,D,A,A,A,A,A,A,A,A,A,A,A,A,A,A,A,A,A,A,0.95,equalize
387,rotate0,4,D,D,D,D,D,D,D,D,D,D,D,D,D,D,D,D,D,D,D,D,0.95,equalize
387,equalize,5,E,skip,E,E,E,E,E,E,E,E,E,E,E,E,E,E,E,E,E,E,0.95,equalize
387,rotate0,6,skip,skip,skip,skip,skip,skip,skip,skip,skip,skip,skip,skip,skip,skip,skip,skip,skip,skip,skip,skip,0.0,equalize
388,rotate0,1,A,A,A,A,A,A,A,A,A,A,A,A,A,A,A,A,A,A,A,A,0.5,equalize
388,equalize,2,B,C,A,E,C,D,E,B,C,D,E,B,C,D,E,B,C,D,E,B,0.75,equalize
388,equalize,3,C,D,E,C,A,E,B,C,A,E,B,C,A,E,B,C,A,E,B,C,0.75,equalize
388,rotate0,4,D,D,D,D,D,D,D,D,D,D,D,D,D,D,D,D,D,D,D,D,0.5,equalize
388,equalize,5,E,skip,C,D,E,B,C,D,E,B,C,D,E,B,C,D,E,B,C,D,0.7,equalize
388,equalize,6,skip,A,B,B,B,C,A,E,B,C,A,E,B,C,A,E,B,C,A,E,0.7,equalize
389,equalize,1,A,B,A,A,A,A,A,A,A,A,A,A,A,A,A,A,A,A,A,A,0.95,equalize
389,rotate0,2,B,B,B,B,B,B,B,B,B,B,B,B,B,B,B,B,B,B,B,B,0.95,equalize
389,equalize,3,C,D,D,D,D,D,D,D,D,D,D,D,D,D,D,D,D,D,D,D,1.0,equalize
389,equalize,4,D,E,E,E,E,E,E,E,E,E,E,E,E,E,E,E,E,E,E,E,1.0,equalize
389,equalize,5,E,skip,C,C,C,C,C,C,C,C,C,C,C,C,C,C,C,C,C,C,0.95,equalize
389,rotate0,6,skip,skip,skip,skip,skip,skip,skip,skip,skip,skip,skip,skip,skip,skip,skip,skip,skip,skip,skip,skip,0.0,equalize
390,rotate0,1,A,A,A,A,A,A,A,A,A,A,A,A,A,A,A,A,A,A,A,A,0.5,equalize
390,equalize,2,B,C,D,E,C,D,A,B,D,C,A,B,D,C,A,B,D,C,A,B,0.75,equalize
390,equalize,3,C,D,A,C,D,E,B,D,C,E,B,D,C,E,B,D,C,E,B,D,0.75,equalize
390,equalize,4,D,E,C,D,A,B,D,C,A,B,D,C,A,B,D,C,A,B,D,C,0.75,equalize
390,rotate0,5,E,E,E,E,E,E,E,E,E,E,E,E,E,E,E,E,E,E,E,E,0.5,equalize
390,equalize,6,skip,A,B,B,B,C,C,E,B,D,C,E,B,D,C,E,B,D,C,E,0.7,equalize
391,equalize,1,A,B,D,B,C,D,A,E,D,C,B,A,E,C,B,D,A,E,B,C,0.05,equalize
391,caste,2,B,B,C,D,A,E,D,C,B,A,E,C,B,D,A,E,B,C,D,A,0.05,equalize
391,caste,3,C,C,D,B,C,D,A,E,D,C,B,A,E,C,B,D,A,E,B,C,0.1,equalize
391,equalize,4,D,E,E,A,B,C,C,A,E,D,C,B,A,E,C,B,D,A,E,B,1.0,equalize
391,equalize,5,E,skip,C,D,A,E,D,C,B,A,E,C,B,D,A,E,B,C,D,A,0.05,equalize
391,equalize,6,skip,A,A,E,E,B,B,B,A,E,D,D,D,A,E,C,C,D,A,E,0.95,equalize
392,equalize,1,A,B,B,C,A,E,A,D,C,D,C,A,C,A,D,E,D,C,D,B,0.75,equalize
392,equalize,2,B,C,A,B,D,A,B,B,D,A,A,C,B,B,A,C,C,D,E,A,0.3,equalize
392,caste,3,C,C,A,C,D,A,A,B,D,D,A,C,C,B,A,E,C,D,E,A,0.05,equalize
392,equalize,4,D,E,E,E,C,C,C,A,E,E,D,D,D,C,E,A,E,B,B,E,0.75,equalize
392,equalize,5,E,skip,D,A,B,D,E,E,B,C,B,E,A,E,B,D,B,A,C,D,0.3,equalize
392,caste,6,skip,skip,D,E,B,D,C,E,B,E,B,E,D,E,B,A,B,A,C,D,0.0,equalize
393,equalize,1,A,B,D,A,C,B,D,A,E,B,D,A,E,C,D,A,B,E,C,A,1.0,equalize
393,equalize,2,B,C,E,C,B,D,A,E,B,D,A,E,C,D,A,B,E,C,A,D,0.05,equalize
393,caste,3,C,C,B,D,A,E,B,D,A,E,C,D,A,B,E,C,A,D,B,E,0.05,equalize
393,caste,4,D,D,E,C,B,D,A,E,B,D,A,E,C,D,A,B,E,C,A,D,0.1,equalize
393,equalize,5,E,skip,B,D,A,E,B,D,A,E,C,D,A,B,E,C,A,D,B,E,0.05,equalize
393,equalize,6,skip,A,A,E,E,C,C,C,C,C,B,B,B,E,C,D,D,B,E,C,0.95,equalize
394,equalize,1,A,B,C,C,A,D,E,B,C,A,D,E,B,C,D,A,E,B,D,A,0.05,equalize
394,caste,2,B,B,C,C,A,D,E,B,C,A,D,E,D,A,E,B,D,A,E,C,0.05,equalize
394,equalize,3,C,D,B,B,B,A,D,E,B,C,A,D,E,B,C,D,A,E,B,D,1.0,equalize
394,equalize,4,D,E,A,D,E,B,C,A,D,E,B,C,D,A,E,B,D,A,E,C,0.05,equalize
394,caste,5,E,E,A,D,E,B,C,A,D,E,B,C,B,C,D,A,E,B,D,A,0.05,equalize
394,equalize,6,skip,A,D,E,C,C,A,D,E,B,C,A,A,E,B,C,C,C,C,B,0.95,equalize
395,equalize,1,A,B,C,C,D,B,A,E,D,B,A,C,E,B,D,A,C,E,B,D,1.0,equalize
395,equalize,2,B,C,D,D,B,A,E,D,B,A,C,E,B,D,A,C,E,B,D,A,0.05,equalize
395,caste,3,C,C,D,D,B,A,E,D,B,A,C,D,A,C,E,B,D,A,C,E,0.05,equalize
395,equalize,4,D,E,B,A,E,D,B,A,C,E,B,D,A,C,E,B,D,A,C,E,0.05,equalize
395,caste,5,E,E,B,A,E,D,B,A,C,E,B,E,B,D,A,C,E,B,D,A,0.05,equalize
395,equalize,6,skip,A,A,E,C,C,C,C,E,D,D,A,C,E,B,D,A,C,E,B,0.95,equalize
396,equalize,1,A,B,B,A,D,E,E,E,C,B,A,B,A,E,D,E,B,C,E,D,0.25,equalize
396,equalize,2,B,C,C,D,E,B,A,C,D,E,B,C,B,D,A,B,C,E,D,A,0.85,equalize
396,equalize,3,C,D,D,E,C,C,B,D,A,D,C,E,C,A,B,C,E,D,A,B,0.85,equalize
396,equalize,4,D,E,A,C,B,A,D,A,B,C,E,D,D,B,C,A,D,A,B,C,0.2,equalize
396,caste,5,E,E,A,C,B,B,D,A,D,C,E,C,D,B,C,A,D,A,B,C,0.05,equalize
396,caste,6,skip,skip,B,A,D,C,E,E,A,B,A,E,A,E,D,E,B,C,E,D,0.0,equalize
397,caste,1,A,A,B,E,A,D,D,E,D,D,A,D,E,D,E,E,B,E,B,A,0.05,equalize
397,caste,2,B,B,C,C,B,E,A,C,B,C,B,E,A,C,B,D,A,C,D,E,0.1,equalize
397,equalize,3,C,D,D,C,D,B,A,B,E,C,E,B,A,B,C,D,C,B,A,C,0.75,equalize
397,equalize,4,D,E,E,E,C,A,D,A,C,D,C,A,E,A,D,E,D,A,C,D,0.75,equalize
397,equalize,5,E,skip,B,D,A,D,B,E,D,E,A,D,B,D,E,C,B,E,B,A,0.3,equalize
397,equalize,6,skip,A,C,A,B,E,C,C,B,A,B,E,C,C,B,A,A,C,D,E,0.25,equalize
398,caste,1,A,A,B,C,A,C,B,E,C,D,E,C,B,A,D,E,C,A,B,D,0.05,equalize
398,equalize,2,B,C,D,D,B,E,C,B,A,D,E,C,B,A,D,E,C,A,B,D,0.05,equalize
398,caste,3,C,C,D,D,B,E,C,B,A,B,A,D,E,C,B,A,D,E,C,A,0.05,equalize
398,equalize,4,D,E,A,E,D,A,D,A,E,C,B,A,A,E,C,B,A,D,E,C,1.0,equalize
398,equalize,5,E,skip,E,B,E,D,A,D,D,E,C,B,D,D,E,C,B,B,D,E,0.95,equalize
398,equalize,6,skip,A,B,C,A,C,B,E,C,B,A,D,E,C,B,A,D,E,C,A,0.0,equalize
399,caste,1,A,A,B,E,A,D,C,B,B,E,C,B,A,E,B,A,C,E,D,B,0.1,equalize
399,equalize,2,B,C,A,B,C,E,E,C,A,A,E,D,D,A,C,E,D,B,A,E,0.25,equalize
399,equalize,3,C,D,C,C,E,D,B,A,B,C,D,B,E,C,E,D,B,A,E,C,0.85,equalize
399,equalize,4,D,E,D,D,D,A,D,D,D,B,B,C,B,D,D,B,A,C,C,D,0.85,equalize
399,equalize,5,E,skip,B,E,A,B,C,B,E,E,C,A,A,E,B,A,C,E,D,B,0.2,equalize
399,caste,6,skip,skip,A,B,C,A,E,C,D,A,E,C,D,A,C,E,D,B,A,E,0.0,equalize
400,equalize,1,A,B,C,C,B,D,A,E,B,C,A,E,D,B,A,C,E,D,B,A,0.05,equalize
400,caste,2,B,B,C,C,B,D,A,E,B,C,A,B,A,C,E,D,B,A,C,D,0.05,equalize
400,equalize,3,C,D,E,D,A,E,B,C,A,E,D,B,A,C,E,D,B,A,C,D,0.05,equalize
400,caste,4,D,D,E,D,A,E,B,C,A,E,D,E,D,B,A,C,E,D,B,A,0.05,equalize
400,equalize,5,E,skip,A,A,E,B,C,A,E,D,B,A,C,E,D,B,A,C,D,E,0.95,equalize
400,equalize,6,skip,A,B,E,C,C,D,D,D,B,C,C,E,D,B,A,C,E,E,B,0.95,equalize
401,equalize,1,A,B,A,E,D,A,E,B,C,E,C,A,C,A,E,C,E,B,D,E,0.75,equalize
401,equalize,2,B,C,E,B,E,E,D,E,E,B,E,D,D,C,C,A,C,D,E,C,0.75,equalize
401,equalize,3,C,D,B,A,A,D,C,C,B,A,A,C,E,E,A,B,B,E,C,A,0.3,equalize
401,caste,4,D,D,C,B,C,B,D,A,D,B,D,B,D,B,D,A,D,A,B,D,0.05,equalize
401,caste,5,E,E,B,E,A,D,E,C,B,E,A,C,C,E,A,C,B,E,C,A,0.1,equalize
401,equalize,6,skip,A,C,D,C,B,A,A,D,C,D,B,A,B,D,E,D,A,B,D,0.3,equalize
402,equalize,1,A,B,B,A,C,E,A,D,C,D,B,A,D,A,C,E,A,D,C,B,0.8,equalize
402,equalize,2,B,C,C,D,A,A,C,A,E,E,D,D,B,D,E,A,D,B,B,E,0.8,equalize
402,equalize,3,C,D,A,B,E,C,B,B,D,A,A,B,C,C,A,D,B,C,E,A,0.25,equalize
402,caste,4,D,D,A,A,E,C,A,B,D,D,A,B,D,C,A,D,B,C,E,A,0.05,equalize
402,equalize,5,E,skip,E,C,B,D,E,E,B,C,C,E,A,E,B,C,E,A,D,C,0.25,equalize
402,caste,6,skip,skip,E,D,B,D,C,E,B,E,C,E,B,E,B,C,E,A,D,C,0.0,equalize
403,caste,1,A,A,B,B,A,C,E,D,B,C,D,B,C,D,E,A,B,C,D,E,0.05,equalize
403,equalize,2,B,C,A,E,B,B,C,E,D,B,C,D,A,E,B,C,D,E,A,B,1.0,equalize
403,equalize,3,C,D,E,C,E,D,B,C,E,A,D,B,C,D,E,A,B,C,D,E,0.05,equalize
403,caste,4,D,D,E,C,E,D,B,C,E,A,E,A,E,B,C,D,E,A,B,C,0.05,equalize
403,equalize,5,E,skip,C,D,D,A,A,A,A,D,B,C,D,A,A,B,C,D,E,A,0.95,equalize
403,equalize,6,skip,A,B,B,A,C,E,D,B,C,E,A,E,B,C,D,E,A,B,C,0.0,equalize
404,equalize,1,A,B,A,A,C,B,D,D,E,B,B,A,E,E,B,A,E,D,C,B,0.25,equalize
404,caste,2,B,B,A,D,C,B,B,D,E,E,B,A,A,E,B,A,E,D,C,B,0.05,equalize
404,equalize,3,C,D,D,D,B,E,B,E,A,E,A,B,A,B,D,C,B,A,E,D,0.8,equalize
404,equalize,4,D,E,E,E,D,A,A,B,C,C,E,D,D,A,C,B,A,E,D,C,0.8,equalize
404,equalize,5,E,skip,C,B,A,C,E,C,D,A,D,C,B,C,E,D,C,B,A,E,0.25,equalize
404,caste,6,skip,skip,C,E,A,C,A,C,D,C,D,C,D,C,E,D,C,B,A,E,0.0,equalize
405,caste,1,A,A,B,E,D,B,D,C,A,D,B,C,C,D,A,C,B,A,B,E,0.05,equalize
405,equalize,2,B,C,D,E,B,E,D,A,C,D,C,B,C,A,D,C,D,B,E,D,0.75,equalize
405,equalize,3,C,D,A,A,E,D,B,D,D,A,D,E,E,C,C,A,C,E,D,C,0.75,equalize
405,equalize,4,D,E,C,D,C,A,E,E,B,C,E,A,B,B,E,D,E,A,B,E,0.3,equalize
405,caste,5,E,E,C,A,C,A,B,E,B,A,E,A,E,B,E,A,E,D,C,A,0.05,equalize
405,equalize,6,skip,A,B,B,D,B,C,C,A,E,B,C,D,D,A,B,B,D,C,A,0.25,equalize
406,equalize,1,A,B,A,C,D,skip,A,C,D,B,E,skip,D,C,B,E,A,skip,D,B,0.85,draw
406,equalize,2,B,C,D,E,skip,A,C,D,B,E,skip,D,C,B,E,A,skip,D,B,C,0.85,draw
406,equalize,3,C,D,E,skip,A,C,D,B,E,skip,D,C,B,E,A,skip,D,B,C,E,0.85,draw
406,equalize,4,D,E,skip,A,C,D,B,E,skip,D,C,B,E,A,skip,D,B,C,E,A,0.85,draw
406,equalize,5,E,skip,B,B,B,B,E,skip,C,C,B,E,A,skip,D,B,C,E,A,skip,0.8,draw
406,equalize,6,skip,A,C,D,E,E,skip,A,A,A,A,A,skip,D,C,C,E,A,skip,D,0.8,draw
407,equalize,1,A,B,A,C,D,skip,A,C,D,B,E,skip,D,C,B,E,A,skip,D,B,0.85,draw
407,equalize,2,B,C,D,E,skip,A,C,D,B,E,skip,D,C,B,E,A,skip,D,B,C,0.85,draw
407,equalize,3,C,D,E,skip,A,C,D,B,E,skip,D,C,B,E,A,skip,D,B,C,E,0.85,draw
407,equalize,4,D,E,skip,A,C,D,B,E,skip,D,C,B,E,A,skip,D,B,C,E,A,0.85,draw
407,equalize,5,E,skip,B,B,B,B,E,skip,C,C,B,E,A,skip,D,B,C,E,A,skip,0.8,draw
407,equalize,6,skip,A,C,D,E,E,skip,A,A,A,A,A,skip,D,C,C,E,A,skip,D,0.8,draw
408,equalize,1,A,B,A,C,D,skip,A,C,D,B,E,skip,D,C,B,E,A,skip,D,B,0.85,draw
408,equalize,2,B,C,D,E,skip,A,C,D,B,E,skip,D,C,B,E,A,skip,D,B,C,0.85,draw
408,equalize,3,C,D,E,skip,A,C,D,B,E,skip,D,C,B,E,A,skip,D,B,C,E,0.85,draw
408,equalize,4,D,E,skip,A,C,D,B,E,skip,D,C,B,E,A,skip,D,B,C,E,A,0.85,draw
408,equalize,5,E,skip,B,B,B,B,E,skip,C,C,B,E,A,skip,D,B,C,E,A,skip,0.8,draw
408,equalize,6,skip,A,C,D,E,E,skip,A,A,A,A,A,skip,D,C,C,E,A,skip,D,0.8,draw
409,equalize,1,A,B,A,C,D,skip,A,C,D,B,E,skip,D,C,B,E,A,skip,D,B,0.85,draw
409,equalize,2,B,C,D,E,skip,A,C,D,B,E,skip,D,C,B,E,A,skip,D,B,C,0.85,draw
409,equalize,3,C,D,E,skip,A,C,D,B,E,skip,D,C,B,E,A,skip,D,B,C,E,0.85,draw
409,equalize,4,D,E,skip,A,C,D,B,E,skip,D,C,B,E,A,skip,D,B,C,E,A,0.85,draw
409,equalize,5,E,skip,B,B,B,B,E,skip,C,C,B,E,A,skip,D,B,C,E,A,skip,0.8,draw
409,equalize,6,skip,A,C,D,E,E,skip,A,A,A,A,A,skip,D,C,C,E,A,skip,D,0.8,draw
410,equalize,1,A,B,A,C,D,skip,A,C,D,B,E,skip,D,C,B,E,A,skip,D,B,0.85,draw
410,equalize,2,B,C,D,E,skip,A,C,D,B,E,skip,D,C,B,E,A,skip,D,B,C,0.85,draw
410,equalize,3,C,D,E,skip,A,C,D,B,E,skip,D,C,B,E,A,skip,D,B,C,E,0.85,draw
410,equalize,4,D,E,skip,A,C,D,B,E,skip,D,C,B,E,A,skip,D,B,C,E,A,0.85,draw
410,equalize,5,E,skip,B,B,B,B,E,skip,C,C,B,E,A,skip,D,B,C,E,A,skip,0.8,draw
410,equalize,6,skip,A,C,D,E,E,skip,A,A,A,A,A,skip,D,C,C,E,A,skip,D,0.8,draw
411,equalize,1,A,B,A,C,D,skip,A,C,D,B,E,skip,D,C,B,E,A,skip,D,B,0.85,draw
411,equalize,2,B,C,D,E,skip,A,C,D,B,E,skip,D,C,B,E,A,skip,D,B,C,0.85,draw
411,equalize,3,C,D,E,skip,A,C,D,B,E,skip,D,C,B,E,A,skip,D,B,C,E,0.85,draw
411,equalize,4,D,E,skip,A,C,D,B,E,skip,D,C,B,E,A,skip,D,B,C,E,A,0.85,draw
411,equalize,5,E,skip,B,B,B,B,E,skip,C,C,B,E,A,skip,D,B,C,E,A,skip,0.8,draw
411,equalize,6,skip,A,C,D,E,E,skip,A,A,A,A,A,skip,D,C,C,E,A,skip,D,0.8,draw
412,equalize,1,A,B,A,C,D,skip,A,C,D,B,E,skip,D,C,B,E,A,skip,D,B,0.85,draw
412,equalize,2,B,C,D,E,skip,A,C,D,B,E,skip,D,C,B,E,A,skip,D,B,C,0.85,draw
412,equalize,3,C,D,E,skip,A,C,D,B,E,skip,D,C,B,E,A,skip,D,B,C,E,0.85,draw
412,equalize,4,D,E,skip,A,C,D,B,E,skip,D,C,B,E,A,skip,D,B,C,E,A,0.85,draw
412,equalize,5,E,skip,B,B,B,B,E,skip,C,C,B,E,A,skip,D,B,C,E,A,skip,0.8,draw
412,equalize,6,skip,A,C,D,E,E,skip,A,A,A,A,A,skip,D,C,C,E,A,skip,D,0.8,draw
413,equalize,1,A,B,A,C,D,skip,A,C,D,B,E,skip,D,C,B,E,A,skip,D,B,0.85,draw
413,equalize,2,B,C,D,E,skip,A,C,D,B,E,skip,D,C,B,E,A,skip,D,B,C,0.85,draw
413,equalize,3,C,D,E,skip,A,C,D,B,E,skip,D,C,B,E,A,skip,D,B,C,E,0.85,draw
413,equalize,4,D,E,skip,A,C,D,B,E,skip,D,C,B,E,A,skip,D,B,C,E,A,0.85,draw
413,equalize,5,E,skip,B,B,B,B,E,skip,C,C,B,E,A,skip,D,B,C,E,A,skip,0.8,draw
413,equalize,6,skip,A,C,D,E,E,skip,A,A,A,A,A,skip,D,C,C,E,A,skip,D,0.8,draw
414,equalize,1,A,B,A,C,D,skip,A,C,D,B,E,skip,D,C,B,E,A,skip,D,B,0.85,draw
414,equalize,2,B,C,D,E,skip,A,C,D,B,E,skip,D,C,B,E,A,skip,D,B,C,0.85,draw
414,equalize,3,C,D,E,skip,A,C,D,B,E,skip,D,C,B,E,A,skip,D,B,C,E,0.85,draw
414,equalize,4,D,E,skip,A,C,D,B,E,skip,D,C,B,E,A,skip,D,B,C,E,A,0.85,draw
414,equalize,5,E,skip,B,B,B,B,E,skip,C,C,B,E,A,skip,D,B,C,E,A,skip,0.8,draw
414,equalize,6,skip,A,C,D,E,E,skip,A,A,A,A,A,skip,D,C,C,E,A,skip,D,0.8,draw
415,equalize,1,A,B,A,C,D,skip,A,C,D,B,E,skip,D,C,B,E,A,skip,D,B,0.85,draw
415,equalize,2,B,C,D,E,skip,A,C,D,B,E,skip,D,C,B,E,A,skip,D,B,C,0.85,draw
415,equalize,3,C,D,E,skip,A,C,D,B,E,skip,D,C,B,E,A,skip,D,B,C,E,0.85,draw
415,equalize,4,D,E,skip,A,C,D,B,E,skip,D,C,B,E,A,skip,D,B,C,E,A,0.85,draw
415,equalize,5,E,skip,B,B,B,B,E,skip,C,C,B,E,A,skip,D,B,C,E,A,skip,0.8,draw
415,equalize,6,skip,A,C,D,E,E,skip,A,A,A,A,A,skip,D,C,C,E,A,skip,D,0.8,draw
416,equalize,1,A,B,A,C,D,skip,A,C,D,B,E,skip,D,C,B,E,A,skip,D,B,0.85,draw
416,equalize,2,B,C,D,E,skip,A,C,D,B,E,skip,D,C,B,E,A,skip,D,B,C,0.85,draw
416,equalize,3,C,D,E,skip,A,C,D,B,E,skip,D,C,B,E,A,skip,D,B,C,E,0.85,draw
416,equalize,4,D,E,skip,A,C,D,B,E,skip,D,C,B,E,A,skip,D,B,C,E,A,0.85,draw
416,equalize,5,E,skip,B,B,B,B,E,skip,C,C,B,E,A,skip,D,B,C,E,A,skip,0.8,draw
416,equalize,6,skip,A,C,D,E,E,skip,A,A,A,A,A,skip,D,C,C,E,A,skip,D,0.8,draw
417,equalize,1,A,B,A,C,D,skip,A,C,D,B,E,skip,D,C,B,E,A,skip,D,B,0.85,draw
417,equalize,2,B,C,D,E,skip,A,C,D,B,E,skip,D,C,B,E,A,skip,D,B,C,0.85,draw
417,equalize,3,C,D,E,skip,A,C,D,B,E,skip,D,C,B,E,A,skip,D,B,C,E,0.85,draw
417,equalize,4,D,E,skip,A,C,D,B,E,skip,D,C,B,E,A,skip,D,B,C,E,A,0.85,draw
417,equalize,5,E,skip,B,B,B,B,E,skip,C,C,B,E,A,skip,D,B,C,E,A,skip,0.8,draw
417,equalize,6,skip,A,C,D,E,E,skip,A,A,A,A,A,skip,D,C,C,E,A,skip,D,0.8,draw
418,equalize,1,A,B,A,C,D,skip,A,C,D,B,E,skip,D,C,B,E,A,skip,D,B,0.85,draw
418,equalize,2,B,C,D,E,skip,A,C,D,B,E,skip,D,C,B,E,A,skip,D,B,C,0.85,draw
418,equalize,3,C,D,E,skip,A,C,D,B,E,skip,D,C,B,E,A,skip,D,B,C,E,0.85,draw
418,equalize,4,D,E,skip,A,C,D,B,E,skip,D,C,B,E,A,skip,D,B,C,E,A,0.85,draw
418,equalize,5,E,skip,B,B,B,B,E,skip,C,C,B,E,A,skip,D,B,C,E,A,skip,0.8,draw
418,equalize,6,skip,A,C,D,E,E,skip,A,A,A,A,A,skip,D,C,C,E,A,skip,D,0.8,draw
419,equalize,1,A,B,A,C,D,skip,A,C,D,B,E,skip,D,C,B,E,A,skip,D,B,0.85,draw
419,equalize,2,B,C,D,E,skip,A,C,D,B,E,skip,D,C,B,E,A,skip,D,B,C,0.85,draw
419,equalize,3,C,D,E,skip,A,C,D,B,E,skip,D,C,B,E,A,skip,D,B,C,E,0.85,draw
419,equalize,4,D,E,skip,A,C,D,B,E,skip,D,C,B,E,A,skip,D,B,C,E,A,0.85,draw
419,equalize,5,E,skip,B,B,B,B,E,skip,C,C,B,E,A,skip,D,B,C,E,A,skip,0.8,draw
419,equalize,6,skip,A,C,D,E,E,skip,A,A,A,A,A,skip,D,C,C,E,A,skip,D,0.8,draw
420,equalize,1,A,B,A,C,D,skip,A,C,D,B,E,skip,D,C,B,E,A,skip,D,B,0.85,draw
420,equalize,2,B,C,D,E,skip,A,C,D,B,E,skip,D,C,B,E,A,skip,D,B,C,0.85,draw
420,equalize,3,C,D,E,skip,A,C,D,B,E,skip,D,C,B,E,A,skip,D,B,C,E,0.85,draw
420,equalize,4,D,E,skip,A,C,D,B,E,skip,D,C,B,E,A,skip,D,B,C,E,A,0.85,draw
420,equalize,5,E,skip,B,B,B,B,E,skip,C,C,B,E,A,skip,D,B,C,E,A,skip,0.8,draw
420,equalize,6,skip,A,C,D,E,E,skip,A,A,A,A,A,skip,D,C,C,E,A,skip,D,0.8,draw
421,turntaking,1,skip,E,E,D,C,C,C,C,C,C,C,C,C,C,A,C,C,C,C,C,0.75,turntaking
421,random,2,B,B,B,B,B,E,A,skip,B,skip,C,D,skip,skip,E,C,A,C,A,B,0.15,turntaking
421,random,3,C,D,E,skip,skip,A,B,A,skip,D,E,skip,D,D,E,D,B,C,A,D,0.05,turntaking
421,turntaking,4,C,C,B,B,B,D,B,B,B,B,B,B,B,B,B,B,D,D,D,D,0.65,turntaking
421,turntaking,5,D,B,C,E,E,A,D,D,D,D,D,D,E,E,C,D,B,B,B,B,0.65,turntaking
421,turntaking,6,E,D,D,C,D,E,E,E,E,E,E,E,D,D,E,E,E,E,E,E,0.7,turntaking
422,turntaking,1,skip,A,C,B,D,D,C,C,D,B,C,A,A,A,C,A,A,A,C,C,0.4,turntaking
422,turntaking,2,A,E,E,D,B,B,B,B,E,E,B,B,B,B,E,B,B,B,E,E,0.8,turntaking
422,random,3,D,A,B,C,skip,skip,A,A,A,D,C,A,B,skip,A,skip,A,C,D,E,0.1,turntaking
422,turntaking,4,C,D,B,C,C,C,D,D,B,D,A,C,C,C,D,C,C,C,D,D,0.6,turntaking
422,turntaking,5,D,C,A,A,A,A,A,A,C,C,D,D,D,D,B,D,D,D,B,B,0.75,turntaking
422,random,6,C,B,A,D,A,D,C,A,B,B,C,skip,A,A,D,skip,B,A,A,C,0.1,turntaking
423,turntaking,1,skip,E,D,D,B,B,B,D,D,D,B,D,D,D,D,D,D,D,D,D,0.65,turntaking
423,turntaking,2,A,C,C,A,A,A,A,A,A,A,C,A,A,A,A,A,A,A,A,A,0.6,turntaking
423,random,3,B,E,A,E,skip,D,E,A,A,D,skip,B,C,B,B,D,A,D,C,A,0.2,turntaking
423,random,4,D,B,D,B,A,E,B,B,C,C,A,A,E,E,A,A,C,C,E,skip,0.2,turntaking
423,turntaking,5,D,D,E,E,D,D,D,B,E,E,D,E,E,E,E,E,E,E,E,E,0.65,turntaking
423,turntaking,6,E,B,B,B,E,E,E,E,B,B,A,B,B,B,B,B,B,B,B,B,0.6,turntaking
424,turntaking,1,skip,C,B,B,B,B,B,C,E,B,B,B,B,B,B,B,B,B,B,B,0.7,turntaking
424,random,2,B,skip,skip,D,skip,C,A,skip,skip,A,D,D,B,skip,A,A,A,C,E,C,0.25,turntaking
424,turntaking,3,B,E,E,E,C,C,D,D,A,D,D,D,D,D,D,D,D,D,D,D,0.75,turntaking
424,turntaking,4,C,A,A,D,D,D,E,E,D,E,C,C,C,E,E,E,C,C,C,C,0.65,turntaking
424,random,5,B,C,B,A,E,D,C,B,skip,E,A,E,C,E,B,C,B,A,D,E,0.15,turntaking
424,turntaking,6,E,D,D,C,E,E,C,B,C,C,E,E,E,C,C,C,E,E,E,E,0.65,turntaking
425,turntaking,1,skip,E,E,C,C,A,A,A,A,A,A,A,A,A,A,A,C,E,E,E,0.55,turntaking
425,turntaking,2,A,A,A,D,B,C,C,C,C,C,C,C,C,C,B,C,E,A,A,A,0.7,turntaking
425,random,3,skip,C,E,skip,skip,A,B,skip,E,skip,B,C,D,D,E,skip,E,D,D,E,0.15,turntaking
425,turntaking,4,C,D,D,B,A,B,B,B,B,B,B,B,B,B,E,E,B,C,C,C,0.8,turntaking
425,random,5,A,skip,B,B,B,D,A,A,C,C,skip,C,skip,A,E,A,E,E,D,B,0.1,turntaking
425,turntaking,6,E,C,C,A,E,E,E,E,E,E,E,E,E,E,D,B,D,B,B,B,0.85,turntaking
426,turntaking,1,skip,C,C,B,C,B,B,B,B,A,A,A,E,E,E,C,C,C,C,B,0.6,turntaking
426,turntaking,2,A,E,D,D,D,C,C,A,A,B,B,B,B,B,B,D,B,B,B,D,0.7,turntaking
426,turntaking,3,B,B,A,A,A,E,E,E,E,C,C,C,C,A,A,E,E,E,E,A,0.6,turntaking
426,turntaking,4,C,A,E,E,B,A,A,C,C,E,E,E,A,C,C,B,A,A,A,C,0.65,turntaking
426,random,5,skip,skip,E,skip,D,A,E,C,E,D,C,A,E,skip,A,E,C,A,D,B,0.1,turntaking
426,random,6,B,C,skip,E,A,C,C,B,B,E,B,D,A,skip,skip,D,E,skip,skip,D,0.05,turntaking
427,random,1,E,C,B,B,C,B,D,D,skip,skip,E,B,A,E,A,skip,A,C,skip,A,0.15,turntaking
427,random,2,A,B,B,B,A,B,A,D,E,E,skip,E,C,E,skip,E,C,A,C,A,0.1,turntaking
427,turntaking,3,B,B,C,D,D,D,A,E,E,B,E,E,E,E,E,E,E,E,E,E,0.65,turntaking
427,turntaking,4,C,C,E,C,C,B,C,B,B,D,D,D,D,D,D,D,D,D,D,D,0.85,turntaking
427,turntaking,5,D,D,D,A,A,E,D,C,C,C,C,C,C,C,C,C,C,C,C,C,0.7,turntaking
427,turntaking,6,E,E,B,E,E,C,E,D,D,E,B,B,B,B,B,B,B,B,B,B,0.75,turntaking
428,random,1,C,D,E,C,D,D,E,D,A,C,D,E,E,D,C,D,skip,skip,E,E,0.05,turntaking
428,turntaking,2,A,A,A,B,A,B,B,E,A,E,A,A,A,E,E,A,A,A,A,E,0.7,turntaking
428,random,3,D,C,B,D,D,C,B,D,C,skip,A,D,A,B,A,B,A,skip,E,A,0.15,turntaking
428,turntaking,4,C,C,C,C,C,E,E,D,C,C,D,D,C,D,D,D,D,D,D,D,0.45,turntaking
428,turntaking,5,D,D,D,D,D,C,C,C,E,D,E,C,E,C,C,C,C,C,C,C,0.65,turntaking
428,turntaking,6,E,E,E,A,E,A,A,A,B,A,B,E,B,A,A,E,E,E,E,A,0.75,turntaking
429,random,1,D,C,E,B,E,B,C,E,A,E,skip,E,C,D,A,A,skip,E,C,A,0.2,turntaking
429,turntaking,2,A,A,E,B,B,B,B,C,C,B,B,C,B,C,C,C,C,B,B,B,0.75,turntaking
429,turntaking,3,B,D,A,D,D,D,D,D,D,A,A,D,A,B,D,D,D,D,D,D,0.8,turntaking
429,turntaking,4,C,C,B,C,C,C,C,B,B,D,D,B,D,D,B,B,B,C,C,C,0.75,turntaking
429,turntaking,5,D,B,C,E,E,E,E,E,E,C,C,E,C,E,E,E,E,E,E,E,0.5,turntaking
429,random,6,B,E,skip,E,skip,E,C,E,E,skip,E,C,A,skip,A,E,B,D,B,D,0.1,turntaking
430,turntaking,1,skip,E,D,D,D,C,C,B,E,D,D,B,B,B,B,B,B,B,B,B,0.9,turntaking
430,random,2,A,A,C,A,E,D,skip,C,skip,C,C,D,skip,D,A,A,A,A,D,E,0.25,turntaking
430,turntaking,3,B,B,A,E,E,A,A,A,C,B,A,A,A,C,C,C,C,C,C,C,0.7,turntaking
430,random,4,B,C,B,A,C,A,C,C,B,B,E,skip,A,D,C,D,E,A,D,E,0.1,turntaking
430,turntaking,5,D,A,B,B,A,B,B,E,B,A,C,C,C,A,A,A,A,A,A,A,0.6,turntaking
430,turntaking,6,E,D,E,C,C,E,E,C,A,E,E,E,E,E,E,E,E,E,E,E,0.75,turntaking
431,turntaking,1,skip,E,E,B,A,A,A,A,B,B,B,D,B,B,D,B,D,D,B,B,0.75,turntaking
431,turntaking,2,A,A,A,D,D,D,D,E,A,A,E,B,E,E,E,E,E,E,E,A,0.6,turntaking
431,turntaking,3,B,D,D,skip,B,B,C,D,D,D,C,E,A,A,A,A,A,A,A,D,0.75,turntaking
431,random,4,skip,E,skip,skip,A,C,D,E,C,C,D,E,C,A,skip,C,E,B,A,A,0.1,turntaking
431,random,5,A,E,C,A,E,E,B,D,C,A,B,C,C,E,C,E,D,skip,skip,E,0.35,turntaking
431,turntaking,6,E,B,B,C,C,C,B,B,E,E,D,A,D,D,B,D,B,B,D,C,0.8,turntaking
432,turntaking,1,skip,B,B,E,D,E,D,E,D,D,D,D,D,D,D,D,D,D,E,E,0.6,turntaking
432,turntaking,2,A,A,A,B,B,C,B,B,B,B,A,E,E,E,E,E,E,E,D,D,0.65,turntaking
432,turntaking,3,B,E,E,A,A,B,A,A,A,A,B,B,B,B,B,B,B,B,B,B,0.65,turntaking
432,random,4,A,B,E,skip,D,D,A,E,skip,B,A,skip,skip,D,A,C,B,E,B,skip,0.1,turntaking
432,turntaking,5,D,D,D,D,E,A,E,D,E,E,E,A,A,A,A,A,A,A,A,A,0.7,turntaking
432,random,6,D,D,E,E,D,A,E,B,C,D,D,skip,B,E,E,B,skip,A,skip,B,0.05,turntaking
433,random,1,C,A,A,skip,D,skip,D,B,A,D,C,skip,B,skip,C,B,skip,D,A,A,0.15,turntaking
433,turntaking,2,A,A,A,B,A,D,A,D,B,D,E,D,D,B,B,B,B,B,D,D,0.65,turntaking
433,turntaking,3,B,B,B,E,D,B,D,E,E,E,B,E,E,E,E,E,E,E,C,C,0.8,turntaking
433,random,4,B,A,A,C,A,E,E,A,C,A,C,A,skip,B,E,B,C,skip,A,D,0.1,turntaking
433,turntaking,5,D,D,D,C,B,E,E,A,A,A,D,A,A,A,A,A,A,A,B,B,0.65,turntaking
433,turntaking,6,E,E,E,D,E,C,B,B,D,B,C,B,B,D,D,D,D,D,E,E,0.8,turntaking
434,turntaking,1,skip,C,C,C,D,E,E,D,E,E,B,E,C,D,D,B,B,B,B,B,0.65,turntaking
434,random,2,D,skip,A,skip,A,A,B,C,D,skip,skip,A,E,skip,E,C,skip,C,C,B,0.05,turntaking
434,turntaking,3,B,E,A,D,E,C,C,C,B,B,C,B,B,B,B,C,C,C,C,C,0.5,turntaking
434,turntaking,4,C,B,E,E,A,D,D,E,D,D,D,A,D,E,E,E,E,E,E,E,0.75,turntaking
434,turntaking,5,D,D,B,B,C,B,B,B,C,C,E,D,E,C,C,D,D,D,D,D,0.75,turntaking
434,random,6,skip,C,B,B,E,C,B,skip,E,E,C,skip,D,skip,D,B,C,C,skip,C,0.0,turntaking
435,random,1,skip,skip,A,A,E,D,skip,D,skip,C,B,skip,B,B,E,B,skip,E,E,skip,0.0,turntaking
435,turntaking,2,A,D,C,C,C,D,B,C,C,C,B,C,A,A,A,A,A,A,A,A,0.6,turntaking
435,turntaking,3,B,A,A,A,A,B,A,B,A,E,E,A,E,E,E,E,E,E,E,E,0.65,turntaking
435,turntaking,4,C,B,B,B,B,C,C,D,B,B,C,D,C,C,C,C,C,C,C,C,0.95,turntaking
435,random,5,E,E,skip,E,skip,E,skip,B,A,skip,skip,C,A,A,A,A,B,B,E,skip,0.05,turntaking
435,turntaking,6,E,E,E,E,E,A,E,A,E,A,A,B,B,B,B,B,B,B,B,B,0.55,turntaking
436,turntaking,1,skip,E,E,C,E,E,B,B,D,D,D,D,D,E,E,E,D,E,E,D,0.65,turntaking
436,rotate,2,B,C,D,E,skip,A,B,C,D,E,skip,A,B,C,D,E,skip,A,B,C,0.2,turntaking
436,rotate,3,C,D,E,skip,A,B,C,D,E,skip,A,B,C,D,E,skip,A,B,C,D,0.2,turntaking
436,turntaking,4,C,C,C,E,D,D,C,C,C,C,C,C,C,C,C,C,C,C,B,B,0.6,turntaking
436,turntaking,5,D,B,B,B,B,B,A,D,B,B,B,B,A,D,D,D,E,D,A,E,0.75,turntaking
436,turntaking,6,E,D,D,D,C,C,E,E,E,E,E,E,B,B,B,B,B,B,D,C,0.65,turntaking
437,turntaking,1,skip,D,A,A,D,D,D,D,A,A,D,D,D,D,A,A,D,D,A,D,0.6,turntaking
437,turntaking,2,A,E,E,D,A,A,A,C,C,C,A,A,A,C,E,E,E,C,C,A,0.65,turntaking
437,rotate,3,C,D,E,skip,A,B,C,D,E,skip,A,B,C,D,E,skip,A,B,C,D,0.15,turntaking
437,turntaking,4,C,C,D,B,B,E,E,E,E,E,E,E,E,E,C,C,C,E,E,E,0.7,turntaking
437,turntaking,5,D,A,C,E,E,C,C,A,D,D,C,C,C,A,D,D,A,A,D,C,0.7,turntaking
437,rotate,6,skip,A,B,C,D,E,skip,A,B,C,D,E,skip,A,B,C,D,E,skip,A,0.2,turntaking
438,turntaking,1,skip,E,E,D,D,E,E,C,C,C,C,C,C,A,A,A,A,A,A,C,0.65,turntaking
438,turntaking,2,A,A,A,A,A,D,D,D,D,E,E,D,E,E,E,D,D,D,E,E,0.65,turntaking
438,rotate,3,C,D,E,skip,A,B,C,D,E,skip,A,B,C,D,E,skip,A,B,C,D,0.2,turntaking
438,rotate,4,D,E,skip,A,B,C,D,E,skip,A,B,C,D,E,skip,A,B,C,D,E,0.15,turntaking
438,turntaking,5,D,D,D,E,E,A,A,E,E,D,D,E,D,D,D,E,E,E,D,D,0.6,turntaking
438,turntaking,6,E,C,C,C,C,C,C,A,A,A,A,A,A,C,C,C,C,C,C,A,0.7,turntaking
439,turntaking,1,skip,C,E,B,B,C,B,B,C,C,C,B,B,B,C,C,C,B,B,B,0.6,turntaking
439,rotate,2,B,C,D,E,skip,A,B,C,D,E,skip,A,B,C,D,E,skip,A,B,C,0.2,turntaking
439,turntaking,3,B,B,C,A,D,D,C,C,B,B,B,C,C,C,B,B,B,C,C,C,0.65,turntaking
439,turntaking,4,C,D,D,C,E,E,D,D,D,D,D,D,D,D,D,D,D,D,D,D,0.75,turntaking
439,rotate,5,E,skip,A,B,C,D,E,skip,A,B,C,D,E,skip,A,B,C,D,E,skip,0.15,turntaking
439,turntaking,6,E,E,B,D,C,B,E,E,E,E,E,E,E,E,E,E,E,E,E,E,0.65,turntaking
440,turntaking,1,skip,A,A,C,C,E,A,A,A,C,C,C,C,E,E,E,E,C,C,C,0.6,turntaking
440,turntaking,2,A,D,E,E,E,C,D,D,E,E,E,A,D,D,D,D,D,D,D,D,0.65,turntaking
440,rotate,3,C,D,E,skip,A,B,C,D,E,skip,A,B,C,D,E,skip,A,B,C,D,0.15,turntaking
440,turntaking,4,C,C,D,D,D,D,E,E,C,A,A,E,A,A,A,C,A,A,A,A,0.7,turntaking
440,rotate,5,E,skip,A,B,C,D,E,skip,A,B,C,D,E,skip,A,B,C,D,E,skip,0.15,turntaking
440,turntaking,6,E,E,C,A,A,A,C,C,D,D,D,D,E,C,C,A,C,E,E,E,0.65,turntaking
441,turntaking,1,skip,E,E,E,A,A,A,A,E,E,E,E,E,E,E,E,E,E,E,E,0.7,turntaking
441,turntaking,2,A,A,C,C,C,B,B,C,B,B,B,B,B,B,B,B,B,B,B,B,0.65,turntaking
441,turntaking,3,B,B,D,D,E,E,E,B,C,A,A,A,A,A,A,A,A,A,A,A,0.75,turntaking
441,turntaking,4,C,C,B,B,B,C,C,E,A,C,C,C,C,C,C,C,C,C,C,C,0.65,turntaking
441,rotate,5,E,skip,A,B,C,D,E,skip,A,B,C,D,E,skip,A,B,C,D,E,skip,0.25,turntaking
441,rotate,6,skip,A,B,C,D,E,skip,A,B,C,D,E,skip,A,B,C,D,E,skip,A,0.15,turntaking
442,rotate,1,A,B,C,D,E,skip,A,B,C,D,E,skip,A,B,C,D,E,skip,A,B,0.4,turntaking
442,rotate,2,B,C,D,E,skip,A,B,C,D,E,skip,A,B,C,D,E,skip,A,B,C,0.1,turntaking
442,turntaking,3,B,B,B,B,B,B,B,E,E,E,D,D,D,C,C,C,D,D,D,C,0.65,turntaking
442,turntaking,4,C,C,C,C,C,C,C,A,A,A,A,A,B,B,B,B,B,E,E,E,0.75,turntaking
442,turntaking,5,D,D,D,D,D,D,D,C,B,B,B,B,E,E,E,E,E,B,B,B,0.65,turntaking
442,turntaking,6,E,E,E,E,E,E,E,D,D,C,C,C,C,D,D,D,C,C,C,D,0.75,turntaking
443,rotate,1,A,B,C,D,E,skip,A,B,C,D,E,skip,A,B,C,D,E,skip,A,B,0.2,turntaking
443,turntaking,2,A,A,A,A,A,C,C,C,C,C,C,C,C,C,C,C,C,C,C,C,0.65,turntaking
443,rotate,3,C,D,E,skip,A,B,C,D,E,skip,A,B,C,D,E,skip,A,B,C,D,0.15,turntaking
443,turntaking,4,C,C,C,C,C,A,A,A,A,A,A,A,A,A,A,A,A,A,A,A,0.65,turntaking
443,turntaking,5,D,D,D,D,D,D,D,D,D,D,D,D,D,D,D,D,D,D,D,D,0.65,turntaking
443,turntaking,6,E,E,E,E,E,E,E,E,E,E,E,E,E,E,E,E,E,E,E,E,0.7,turntaking
444,rotate,1,A,B,C,D,E,skip,A,B,C,D,E,skip,A,B,C,D,E,skip,A,B,0.1,turntaking
444,turntaking,2,A,A,A,A,A,A,A,D,D,D,D,D,D,A,A,A,A,B,B,B,0.65,turntaking
444,turntaking,3,B,B,B,B,B,B,B,E,E,E,E,A,A,B,B,B,B,D,D,D,0.7,turntaking
444,turntaking,4,C,C,C,C,C,C,C,B,A,A,A,C,C,E,C,C,C,C,C,C,0.75,turntaking
444,turntaking,5,D,D,D,D,D,D,D,C,C,B,B,B,B,C,D,D,D,A,A,A,0.65,turntaking
444,rotate,6,skip,A,B,C,D,E,skip,A,B,C,D,E,skip,A,B,C,D,E,skip,A,0.3,turntaking
445,turntaking,1,skip,E,D,D,E,B,E,E,B,B,B,D,D,D,E,E,E,B,B,D,0.6,turntaking
445,rotate,2,B,C,D,E,skip,A,B,C,D,E,skip,A,B,C,D,E,skip,A,B,C,0.15,turntaking
445,turntaking,3,B,B,C,C,C,C,D,D,E,E,D,E,B,B,C,C,C,C,E,E,0.65,turntaking
445,rotate,4,D,E,skip,A,B,C,D,E,skip,A,B,C,D,E,skip,A,B,C,D,E,0.15,turntaking
445,turntaking,5,D,D,B,B,B,D,C,C,D,D,E,B,C,C,D,D,D,E,C,C,0.65,turntaking
445,turntaking,6,E,C,E,E,D,E,B,B,C,C,C,C,E,E,B,B,B,D,D,B,0.65,turntaking
446,turntaking,1,skip,D,B,B,E,E,E,A,A,E,E,E,E,A,A,A,A,A,A,E,0.6,turntaking
446,turntaking,2,A,A,A,D,B,B,B,B,B,B,B,B,B,B,B,B,B,B,B,B,0.7,turntaking
446,turntaking,3,B,B,D,C,D,D,D,D,D,D,D,D,D,D,D,D,D,D,D,D,0.7,turntaking
446,rotate,4,D,E,skip,A,B,C,D,E,skip,A,B,C,D,E,skip,A,B,C,D,E,0.2,turntaking
446,rotate,5,E,skip,A,B,C,D,E,skip,A,B,C,D,E,skip,A,B,C,D,E,skip,0.15,turntaking
446,turntaking,6,E,E,E,A,A,A,A,E,E,A,A,A,A,E,E,E,E,E,E,A,0.65,turntaking
447,turntaking,1,skip,B,B,A,A,A,A,A,A,A,A,A,A,A,A,A,A,A,A,A,0.6,turntaking
447,turntaking,2,A,E,A,E,E,E,D,D,D,D,E,E,D,D,E,E,E,E,D,B,0.65,turntaking
447,turntaking,3,B,A,D,B,D,D,E,E,B,B,B,B,B,B,D,D,D,D,E,E,0.65,turntaking
447,rotate,4,D,E,skip,A,B,C,D,E,skip,A,B,C,D,E,skip,A,B,C,D,E,0.15,turntaking
447,turntaking,5,D,D,E,C,B,B,B,B,E,E,D,D,E,E,B,B,B,B,B,D,0.65,turntaking
447,rotate,6,skip,A,B,C,D,E,skip,A,B,C,D,E,skip,A,B,C,D,E,skip,A,0.1,turntaking
448,rotate,1,A,B,C,D,E,skip,A,B,C,D,E,skip,A,B,C,D,E,skip,A,B,0.15,turntaking
448,turntaking,2,A,A,A,A,A,A,A,A,A,A,A,A,A,A,A,A,A,A,A,A,0.65,turntaking
448,turntaking,3,B,B,D,D,D,D,D,D,D,D,D,D,D,D,D,D,D,D,D,D,0.65,turntaking
448,rotate,4,D,E,skip,A,B,C,D,E,skip,A,B,C,D,E,skip,A,B,C,D,E,0.15,turntaking
448,turntaking,5,D,D,B,B,B,B,B,B,B,B,B,B,B,B,B,B,B,B,B,B,0.65,turntaking
448,turntaking,6,E,E,E,E,E,E,E,E,E,E,E,E,E,E,E,E,E,E,E,E,0.65,turntaking
449,turntaking,1,skip,D,A,E,B,B,E,E,E,E,E,E,B,C,C,B,B,B,B,C,0.6,turntaking
449,rotate,2,B,C,D,E,skip,A,B,C,D,E,skip,A,B,C,D,E,skip,A,B,C,0.15,turntaking
449,turntaking,3,B,B,D,C,C,C,C,C,C,C,C,C,C,B,B,C,C,C,C,B,0.65,turntaking
449,turntaking,4,C,E,E,A,E,E,B,B,B,B,B,B,E,E,E,E,E,E,E,E,0.75,turntaking
449,turntaking,5,D,C,C,B,D,D,D,D,D,D,D,D,D,D,D,D,D,D,D,D,0.7,turntaking
449,rotate,6,skip,A,B,C,D,E,skip,A,B,C,D,E,skip,A,B,C,D,E,skip,A,0.25,turntaking
450,rotate,1,A,B,C,D,E,skip,A,B,C,D,E,skip,A,B,C,D,E,skip,A,B,0.15,turntaking
450,turntaking,2,A,A,A,A,A,A,A,A,A,A,A,A,A,A,A,A,A,A,A,A,0.65,turntaking
450,turntaking,3,B,B,E,B,B,B,B,B,B,B,B,B,B,B,B,B,B,B,B,B,0.65,turntaking
450,turntaking,4,C,C,C,E,E,C,E,E,E,E,E,E,E,E,E,E,E,E,E,E,0.65,turntaking
450,rotate,5,E,skip,A,B,C,D,E,skip,A,B,C,D,E,skip,A,B,C,D,E,skip,0.15,turntaking
450,turntaking,6,E,E,B,C,C,E,C,C,C,C,C,C,C,C,C,C,C,C,C,C,0.7,turntaking
451,turntaking,1,skip,E,D,D,E,E,A,A,E,A,E,A,E,E,E,E,E,E,E,D,0.85,turntaking
451,random3,2,A,A,A,A,E,B,C,E,E,B,C,C,A,A,A,A,A,A,A,E,0.05,turntaking
451,random3,3,C,C,C,C,C,B,B,B,B,B,B,B,B,B,B,B,B,B,B,B,0.65,turntaking
451,turntaking,4,C,C,C,A,C,A,C,C,C,C,C,C,C,C,C,C,A,A,A,C,0.45,turntaking
451,turntaking,5,D,A,A,E,A,D,E,E,A,E,A,E,A,A,A,A,C,C,C,E,0.6,turntaking
451,turntaking,6,E,D,E,B,D,B,D,D,D,D,D,D,D,D,D,D,D,D,D,B,0.9,turntaking
452,turntaking,1,skip,B,B,E,A,E,E,D,A,C,A,A,A,A,A,A,A,A,A,A,0.75,turntaking
452,turntaking,2,A,E,E,D,D,D,D,E,D,E,D,D,D,D,E,D,E,E,E,B,0.8,turntaking
452,random3,3,E,E,A,A,A,A,A,A,A,B,B,B,B,B,B,B,B,B,B,B,0.45,turntaking
452,turntaking,4,C,C,C,A,E,C,C,C,C,D,C,C,C,C,C,C,C,C,C,C,0.6,turntaking
452,turntaking,5,D,D,D,C,C,B,B,B,E,B,E,E,E,E,D,E,D,D,B,E,0.9,turntaking
452,random3,6,B,B,A,A,A,A,D,C,C,C,C,C,C,C,C,B,E,B,B,B,0.05,turntaking
453,turntaking,1,skip,E,E,A,E,E,E,E,E,E,E,E,E,E,E,E,E,E,E,E,0.8,turntaking
453,turntaking,2,A,B,C,C,C,B,B,B,C,C,C,C,C,C,C,C,B,B,B,B,0.65,turntaking
453,random3,3,C,B,B,B,B,D,D,D,D,D,D,D,D,D,D,D,D,D,D,D,0.7,turntaking
453,random3,4,C,C,C,C,C,D,C,B,C,A,A,A,E,E,A,B,C,C,B,E,0.05,turntaking
453,turntaking,5,D,A,B,B,B,A,C,C,B,B,B,B,A,A,A,A,A,A,A,A,0.75,turntaking
453,turntaking,6,E,D,A,E,A,D,A,A,A,A,A,A,B,B,B,B,C,C,C,C,0.65,turntaking
454,turntaking,1,skip,B,A,E,A,E,D,B,B,B,D,D,A,A,A,B,A,A,A,B,0.75,turntaking
454,random3,2,C,C,C,C,C,C,C,C,A,A,A,E,E,E,E,E,D,D,E,E,0.25,turntaking
454,turntaking,3,B,A,C,A,C,A,C,A,A,A,C,C,C,C,C,A,D,D,D,C,0.6,turntaking
454,turntaking,4,C,E,E,B,B,D,A,D,D,D,A,A,D,D,D,C,C,C,C,E,0.65,turntaking
454,random3,5,C,A,A,D,D,D,C,C,D,D,D,D,D,E,E,E,E,B,B,B,0.15,turntaking
454,turntaking,6,E,D,B,D,E,B,B,E,E,E,B,B,B,B,B,E,E,E,E,A,0.8,turntaking
455,turntaking,1,skip,A,A,D,B,E,E,E,E,C,C,C,C,C,D,C,A,D,D,D,0.8,turntaking
455,turntaking,2,A,D,B,B,C,C,C,C,C,A,A,A,A,A,C,A,D,A,A,A,0.85,turntaking
455,random3,3,C,B,B,B,B,B,B,B,B,B,B,B,B,B,A,A,A,C,C,C,0.45,turntaking
455,turntaking,4,C,C,C,A,A,A,A,A,A,D,D,D,D,D,E,D,E,E,E,E,0.55,turntaking
455,random3,5,E,E,E,D,D,D,D,D,D,D,D,D,E,E,E,E,E,E,E,E,0.35,turntaking
455,turntaking,6,E,E,E,C,E,B,B,B,B,E,E,E,E,B,B,B,B,B,B,B,0.55,turntaking
456,turntaking,1,skip,A,C,A,A,D,A,D,C,A,D,E,D,A,D,C,C,C,D,D,0.75,turntaking
456,turntaking,2,A,D,A,D,E,C,E,C,E,C,C,D,C,D,C,A,E,A,E,E,0.7,turntaking
456,turntaking,3,B,C,B,E,B,E,B,E,B,E,E,B,E,B,E,B,B,B,A,A,0.45,turntaking
456,turntaking,4,C,E,E,C,C,A,C,A,A,D,A,C,A,E,A,E,A,E,C,C,0.75,turntaking
456,random3,5,B,E,B,B,B,B,B,B,B,B,B,B,B,B,A,A,A,A,D,D,0.3,turntaking
456,random3,6,B,E,B,D,E,E,E,D,D,D,D,A,A,C,C,B,B,B,B,B,0.25,turntaking
457,random3,1,D,D,D,D,D,D,D,C,C,D,E,E,C,D,D,D,D,D,D,D,0.2,turntaking
457,random3,2,B,B,B,B,B,A,A,A,A,A,A,A,A,A,A,A,A,A,A,A,0.6,turntaking
457,turntaking,3,B,B,B,C,E,C,D,B,B,D,D,D,D,D,D,D,D,D,B,B,0.5,turntaking
457,turntaking,4,C,C,C,D,C,A,E,C,C,B,B,B,B,C,C,C,C,C,E,A,0.75,turntaking
457,turntaking,5,D,D,D,E,B,E,B,E,D,C,C,C,E,E,E,E,E,E,A,C,0.75,turntaking
457,turntaking,6,E,E,E,A,A,B,C,A,E,E,E,E,C,B,B,B,B,B,C,E,0.8,turntaking
458,random3,1,A,B,B,B,B,B,B,E,E,E,E,D,D,C,C,C,E,B,E,E,0.3,turntaking
458,turntaking,2,A,A,A,E,E,E,C,C,C,C,E,B,C,B,E,B,E,E,E,E,0.75,turntaking
458,random3,3,D,D,D,D,D,A,A,A,A,A,A,A,A,A,A,A,A,A,A,A,0.4,turntaking
458,turntaking,4,C,C,C,B,A,C,B,B,B,B,C,C,E,C,C,D,B,B,C,C,0.75,turntaking
458,turntaking,5,D,D,D,A,D,A,D,D,A,A,D,A,D,A,D,A,D,D,D,D,0.45,turntaking
458,turntaking,6,E,E,E,C,C,B,A,A,D,D,B,D,B,D,B,C,C,C,B,B,0.75,turntaking
459,random3,1,D,D,D,D,D,B,D,D,D,D,D,D,D,D,D,D,E,E,E,E,0.5,turntaking
459,turntaking,2,A,E,D,B,A,B,A,A,A,C,C,A,C,C,A,C,A,C,C,C,0.7,turntaking
459,turntaking,3,B,A,E,E,D,A,B,B,B,B,B,C,B,A,B,A,E,B,A,A,0.8,turntaking
459,turntaking,4,C,B,A,C,E,E,E,E,E,E,E,B,E,B,E,B,B,A,B,B,0.75,turntaking
459,turntaking,5,D,C,B,A,C,C,C,C,C,A,A,D,A,D,C,D,C,D,D,D,0.55,turntaking
459,random3,6,D,D,D,D,C,C,C,A,A,A,A,C,C,C,E,B,B,B,B,B,0.0,turntaking
460,turntaking,1,skip,E,E,E,D,B,B,B,B,B,D,D,D,D,D,D,E,E,E,E,0.5,turntaking
460,random3,2,B,A,A,A,A,A,A,A,A,D,D,D,A,A,A,A,A,A,A,A,0.75,turntaking
460,turntaking,3,B,B,B,D,B,E,E,E,E,E,A,E,C,C,C,C,C,C,C,C,0.85,turntaking
460,random3,4,D,D,B,E,E,B,B,B,A,C,C,C,C,E,E,E,E,E,E,D,0.05,turntaking
460,turntaking,5,D,D,D,B,E,D,D,D,D,D,E,B,B,B,B,B,B,B,B,B,0.8,turntaking
460,turntaking,6,E,C,C,C,C,C,C,C,C,A,C,C,E,E,E,E,D,D,D,D,0.7,turntaking
461,turntaking,1,skip,E,A,D,D,E,B,B,E,E,B,A,A,B,B,B,B,B,E,A,0.75,turntaking
461,turntaking,2,A,A,D,E,B,B,E,A,A,D,A,D,D,A,A,A,A,A,B,E,0.8,turntaking
461,turntaking,3,B,B,E,B,E,A,D,E,D,A,E,B,B,D,D,D,D,D,C,D,0.55,turntaking
461,random3,4,B,D,D,D,A,A,D,D,C,C,A,A,E,E,E,E,E,E,E,D,0.3,turntaking
461,random3,5,C,C,C,C,C,C,C,A,A,B,B,B,B,D,D,D,E,E,A,D,0.15,turntaking
461,turntaking,6,E,C,C,C,C,D,C,D,C,C,D,C,C,C,C,C,C,C,A,C,0.55,turntaking
462,turntaking,1,skip,D,C,C,C,B,E,E,E,E,E,B,C,C,C,C,C,C,C,C,0.65,turntaking
462,turntaking,2,A,C,E,E,E,C,C,B,B,A,A,A,A,A,A,A,B,B,B,B,0.55,turntaking
462,turntaking,3,B,A,D,D,D,A,B,C,C,B,B,E,B,B,B,B,A,A,A,A,0.8,turntaking
462,random3,4,E,E,E,E,E,B,B,A,A,D,D,D,D,D,D,D,D,D,D,D,0.6,turntaking
462,turntaking,5,D,B,B,B,B,D,D,D,A,C,C,C,E,E,E,E,E,E,E,E,0.9,turntaking
462,random3,6,E,C,C,C,A,A,A,A,A,A,B,C,C,C,C,B,B,B,B,B,0.1,turntaking
463,random3,1,B,C,C,C,A,A,A,A,B,A,A,A,A,A,A,A,A,A,A,A,0.55,turntaking
463,turntaking,2,A,B,B,E,D,D,D,C,D,D,D,D,D,C,B,E,B,D,D,D,0.7,turntaking
463,turntaking,3,B,A,A,B,A,B,B,E,E,C,C,C,C,A,C,A,C,C,C,C,0.55,turntaking
463,random3,4,A,A,A,A,A,A,A,C,C,C,C,C,D,E,E,A,D,D,D,D,0.1,turntaking
463,turntaking,5,D,D,D,C,B,E,E,D,B,E,E,E,E,D,E,C,E,B,B,B,0.85,turntaking
463,turntaking,6,E,E,E,D,E,C,C,A,C,B,B,B,B,B,D,B,D,E,E,E,0.85,turntaking
464,turntaking,1,skip,A,A,D,A,B,A,A,B,A,D,D,A,A,E,D,D,D,D,D,0.8,turntaking
464,random3,2,C,C,C,C,C,C,C,C,C,E,E,B,B,B,B,B,A,A,A,A,0.4,turntaking
464,turntaking,3,B,B,B,E,D,A,D,B,D,D,B,B,D,C,D,C,E,C,C,C,0.75,turntaking
464,turntaking,4,C,C,C,A,C,D,C,D,C,B,C,C,B,B,C,B,B,B,B,B,0.45,turntaking
464,turntaking,5,D,D,D,B,B,E,B,E,A,E,A,A,E,D,A,E,C,E,E,E,0.7,turntaking
464,random3,6,A,A,E,E,D,D,B,B,B,E,E,E,E,E,E,E,E,E,E,B,0.2,turntaking
465,random3,1,A,A,A,B,B,D,E,E,E,E,E,C,C,E,E,E,E,E,E,E,0.25,turntaking
465,turntaking,2,A,E,C,D,C,C,C,D,B,D,D,D,D,D,D,D,D,D,B,B,0.9,turntaking
465,turntaking,3,B,D,A,E,A,B,A,B,A,E,E,E,E,A,A,A,A,A,C,C,0.6,turntaking
465,turntaking,4,C,B,D,B,B,E,B,C,D,B,B,B,B,C,C,C,C,E,E,E,0.5,turntaking
465,random3,5,A,D,A,B,A,A,A,D,D,C,C,C,C,C,C,C,C,C,C,C,0.2,turntaking
465,turntaking,6,E,C,E,C,E,D,E,E,E,A,A,A,A,B,B,B,B,B,A,A,0.8,turntaking
466,turntaking,1,skip,E,C,D,D,D,B,C,C,D,C,D,D,C,D,E,B,B,B,B,0.65,turntaking
466,radicaleq,2,B,E,E,B,A,D,A,E,A,A,B,A,D,A,B,E,A,C,A,B,0.4,turntaking
466,radicaleq,3,C,B,D,A,C,A,D,A,C,E,A,C,A,E,A,A,D,A,E,A,0.4,turntaking
466,turntaking,4,C,C,E,E,E,E,D,D,B,E,E,E,E,E,C,D,D,D,D,D,0.7,turntaking
466,turntaking,5,D,B,B,C,C,B,C,B,A,C,D,C,C,D,B,B,C,E,E,C,0.7,turntaking
466,turntaking,6,E,D,D,B,B,C,E,E,D,B,B,B,B,B,A,C,E,C,C,E,0.7,turntaking
467,turntaking,1,skip,D,D,C,E,E,D,E,D,B,C,C,C,C,C,A,A,D,E,E,0.65,turntaking
467,turntaking,2,A,E,C,D,D,C,C,C,C,A,E,D,E,D,D,E,C,C,C,C,0.7,turntaking
467,radicaleq,3,C,E,E,B,C,B,A,B,E,B,B,A,B,E,B,A,D,B,D,B,0.4,turntaking
467,turntaking,4,C,C,A,A,A,A,A,A,A,D,D,E,D,E,E,C,D,A,A,A,0.7,turntaking
467,turntaking,5,D,A,E,E,C,D,E,D,E,C,A,A,A,A,A,B,E,E,D,D,0.7,turntaking
467,radicaleq,6,skip,D,A,D,B,E,B,C,B,D,E,B,C,B,D,B,B,C,B,E,0.35,turntaking
468,turntaking,1,skip,E,C,B,E,A,A,A,D,E,E,E,D,C,C,A,A,A,B,E,0.7,turntaking
468,turntaking,2,A,A,A,C,C,D,D,D,C,C,C,D,C,E,A,C,C,C,D,D,0.7,turntaking
468,radicaleq,3,C,D,D,C,B,B,B,A,B,A,B,E,B,B,C,B,E,B,A,C,0.4,turntaking
468,radicaleq,4,D,A,B,E,C,E,A,B,E,B,C,B,A,E,B,D,B,C,B,B,0.4,turntaking
468,turntaking,5,D,D,D,A,D,C,C,C,A,A,D,C,A,A,D,E,E,D,E,C,0.65,turntaking
468,turntaking,6,E,C,E,D,B,E,E,E,E,D,A,A,B,D,E,D,D,E,A,A,0.7,turntaking
469,turntaking,1,skip,C,C,C,B,C,C,C,E,B,B,D,D,B,A,C,C,C,C,C,0.7,turntaking
469,radicaleq,2,B,D,A,C,A,D,A,C,A,A,B,A,C,A,B,D,A,C,A,D,0.4,turntaking
469,turntaking,3,B,B,B,E,D,D,D,D,D,D,C,C,C,C,E,D,D,D,D,D,0.65,turntaking
469,turntaking,4,C,D,E,D,C,B,B,B,A,E,E,E,E,E,B,B,B,B,B,B,0.7,turntaking
469,radicaleq,5,E,B,D,A,C,A,E,A,D,C,A,E,A,D,A,A,E,A,B,A,0.4,turntaking
469,turntaking,6,E,E,D,B,E,E,E,E,B,C,D,B,B,D,C,E,E,E,E,E,0.7,turntaking
470,turntaking,1,skip,A,A,A,C,A,A,A,E,D,D,C,D,C,B,A,A,A,A,A,0.7,turntaking
470,turntaking,2,A,D,E,D,A,C,C,C,B,E,E,E,E,E,C,C,C,C,C,C,0.7,turntaking
470,radicaleq,3,C,D,B,A,B,D,B,A,B,B,D,B,A,B,C,D,B,A,B,D,0.4,turntaking
470,turntaking,4,C,C,C,E,D,D,D,D,C,C,A,A,A,A,E,D,D,D,D,D,0.65,turntaking
470,radicaleq,5,E,C,D,B,A,B,E,B,C,A,B,E,B,D,B,B,E,B,C,B,0.4,turntaking
470,turntaking,6,E,E,D,C,E,E,E,E,D,A,C,D,C,D,A,E,E,E,E,E,0.7,turntaking
471,turntaking,1,skip,E,E,A,A,C,A,D,B,C,C,B,B,B,B,B,B,B,A,B,0.7,turntaking
471,turntaking,2,A,A,C,C,C,E,E,A,A,A,A,A,A,E,E,E,E,E,E,A,0.7,turntaking
471,turntaking,3,B,B,D,B,B,B,B,E,E,E,E,C,C,A,C,C,C,C,C,D,0.7,turntaking
471,turntaking,4,C,C,B,E,E,A,C,B,C,B,B,E,E,D,A,A,A,A,B,C,0.7,turntaking
471,radicaleq,5,E,skip,C,A,D,B,D,A,E,D,C,D,C,D,D,C,D,B,D,C,0.4,turntaking
471,radicaleq,6,skip,A,D,D,E,D,C,D,D,B,D,A,D,B,E,D,A,D,E,D,0.35,turntaking
472,radicaleq,1,A,D,A,E,B,E,D,E,E,B,E,D,E,B,A,E,D,E,B,E,0.4,turntaking
472,radicaleq,2,B,A,C,A,E,C,E,A,D,E,C,E,A,E,E,C,E,A,E,C,0.4,turntaking
472,turntaking,3,B,B,B,A,A,A,A,E,C,C,C,B,B,B,B,A,A,A,A,D,0.7,turntaking
472,turntaking,4,C,C,A,C,C,C,C,B,D,A,A,A,A,D,C,C,C,C,C,E,0.7,turntaking
472,turntaking,5,D,D,D,B,B,B,B,A,A,D,D,D,D,C,A,B,B,B,B,A,0.7,turntaking
472,turntaking,6,E,E,C,D,D,D,D,C,B,B,B,C,C,E,D,D,D,D,D,C,0.7,turntaking
473,radicaleq,1,A,B,D,B,B,C,B,E,B,D,A,B,E,B,A,B,B,E,B,A,0.4,turntaking
473,turntaking,2,A,A,A,B,C,D,D,C,D,D,D,D,D,D,D,E,A,C,E,E,0.7,turntaking
473,radicaleq,3,C,E,B,A,E,B,D,B,A,B,B,C,B,D,B,C,A,B,D,B,0.4,turntaking
473,turntaking,4,C,C,C,A,A,E,E,E,E,C,A,A,A,A,A,D,E,E,C,C,0.7,turntaking
473,turntaking,5,D,D,D,D,D,C,C,D,C,B,E,E,E,E,E,C,C,A,A,A,0.7,turntaking
473,turntaking,6,E,E,E,C,E,A,A,A,A,E,C,C,C,C,C,B,D,D,D,D,0.7,turntaking
474,radicaleq,1,A,E,B,E,E,A,E,D,E,A,C,E,B,E,A,E,E,D,E,A,0.4,turntaking
474,turntaking,2,A,A,A,D,D,D,D,D,B,D,C,A,A,A,A,C,D,D,B,B,0.7,turntaking
474,turntaking,3,B,B,B,B,A,A,A,A,A,E,B,B,B,D,D,B,B,A,A,A,0.7,turntaking
474,turntaking,4,C,C,C,A,C,C,C,C,C,B,D,D,D,B,B,E,C,C,C,C,0.7,turntaking
474,turntaking,5,D,D,D,E,B,B,B,B,D,A,A,C,C,C,C,D,A,B,D,D,0.75,turntaking
474,radicaleq,6,skip,C,E,D,C,E,B,E,C,E,E,D,E,C,E,B,A,E,C,E,0.4,turntaking
475,turntaking,1,skip,E,E,E,B,E,E,E,C,B,B,D,B,D,A,E,E,E,E,E,0.7,turntaking
475,radicaleq,2,B,C,A,E,A,D,A,E,A,A,B,A,E,A,D,B,A,E,A,B,0.4,turntaking
475,turntaking,3,B,B,B,D,D,D,D,D,D,D,E,E,E,E,C,B,D,D,B,B,0.65,turntaking
475,radicaleq,4,D,B,C,A,E,A,C,A,D,E,A,C,A,B,A,A,C,A,D,A,0.4,turntaking
475,turntaking,5,D,D,C,B,C,C,C,C,B,E,D,B,D,B,E,C,C,C,C,C,0.7,turntaking
475,turntaking,6,E,C,D,C,E,B,B,B,A,C,C,C,C,C,D,D,B,B,D,D,0.7,turntaking
476,turntaking,1,skip,D,D,D,D,A,E,E,E,A,D,D,A,D,E,B,B,B,B,B,0.7,turntaking
476,turntaking,2,A,A,A,A,B,D,D,D,B,B,B,B,B,C,A,A,A,A,A,D,0.65,turntaking
476,turntaking,3,B,B,C,E,E,E,A,B,A,E,E,E,E,A,D,D,D,D,D,C,0.7,turntaking
476,radicaleq,4,D,skip,A,B,C,E,C,E,A,C,A,C,E,C,C,D,C,E,C,D,0.4,turntaking
476,radicaleq,5,E,A,C,C,D,C,D,C,C,B,C,D,C,B,E,C,A,C,B,C,0.35,turntaking
476,turntaking,6,E,E,B,B,A,B,B,C,D,D,A,A,D,B,B,E,E,E,E,A,0.7,turntaking
477,turntaking,1,skip,B,D,D,D,D,B,A,B,C,A,A,A,A,A,E,E,D,D,D,0.65,turntaking
477,turntaking,2,A,E,B,A,A,A,D,D,D,E,D,B,D,B,B,B,A,A,A,A,0.7,turntaking
477,turntaking,3,B,A,A,B,B,B,A,B,A,A,E,E,E,E,E,C,B,B,B,B,0.7,turntaking
477,radicaleq,4,D,E,A,C,B,C,E,C,A,C,C,E,C,D,C,E,D,C,B,C,0.4,turntaking
477,turntaking,5,D,D,E,E,E,E,E,E,E,B,B,D,B,D,D,A,D,E,E,E,0.7,turntaking
477,radicaleq,6,skip,B,E,A,C,D,C,D,C,B,D,C,A,C,B,C,C,A,C,D,0.35,turntaking
478,radicaleq,1,A,C,B,C,C,B,C,E,C,D,B,C,E,C,B,C,C,A,C,B,0.4,turntaking
478,turntaking,2,A,A,A,C,D,D,D,D,B,D,D,D,D,D,D,A,B,E,E,E,0.7,turntaking
478,turntaking,3,B,B,B,D,B,B,A,A,D,C,E,E,E,E,E,E,E,B,B,B,0.7,turntaking
478,radicaleq,4,D,E,C,A,E,C,D,C,A,C,C,A,C,D,C,E,B,C,D,C,0.4,turntaking
478,turntaking,5,D,D,D,A,A,E,E,E,E,B,B,B,B,B,B,D,A,A,A,A,0.7,turntaking
478,turntaking,6,E,E,E,B,E,A,B,B,A,E,A,A,A,A,A,C,D,D,D,D,0.7,turntaking
479,turntaking,1,skip,D,D,E,D,D,B,B,C,A,C,C,C,C,C,D,D,D,D,D,0.65,turntaking
479,radicaleq,2,B,E,E,A,E,A,C,A,B,A,A,E,A,B,A,D,E,A,B,A,0.4,turntaking
479,turntaking,3,B,B,C,C,C,C,C,C,D,C,B,B,B,B,B,C,E,E,E,E,0.7,turntaking
479,turntaking,4,C,E,B,B,B,E,E,E,E,D,D,D,E,E,E,B,C,C,C,C,0.7,turntaking
479,turntaking,5,D,C,E,D,E,B,D,D,B,B,E,E,D,D,D,A,B,B,B,B,0.7,turntaking
479,radicaleq,6,skip,D,C,B,A,D,A,E,A,C,D,A,C,A,E,A,A,C,A,D,0.35,turntaking
480,radicaleq,1,A,D,B,D,D,B,D,E,D,A,B,D,E,D,B,D,D,E,D,B,0.4,turntaking
480,turntaking,2,A,A,A,D,C,C,C,C,C,A,A,A,A,A,A,E,B,C,C,C,0.7,turntaking
480,turntaking,3,B,B,B,C,B,B,A,A,A,D,E,E,E,E,E,C,C,B,B,B,0.7,turntaking
480,turntaking,4,C,C,E,B,E,A,B,B,B,E,C,C,C,C,C,D,A,A,A,A,0.7,turntaking
480,radicaleq,5,E,C,D,A,E,D,C,D,B,D,D,C,D,A,D,C,B,D,A,D,0.4,turntaking
480,turntaking,6,E,E,C,A,A,E,E,E,E,C,B,B,B,B,B,A,E,E,E,E,0.7,turntaking
481,turntaking,1,skip,E,D,D,E,A,A,C,E,A,B,A,C,D,E,E,A,A,B,A,0.75,turntaking
481,rotate0,2,B,B,B,B,B,B,B,B,B,B,B,B,B,B,B,B,B,B,B,B,0.45,turntaking
481,rotate0,3,C,C,C,C,C,C,C,C,C,C,C,C,C,C,C,C,C,C,C,C,0.3,turntaking
481,turntaking,4,C,C,C,B,C,E,B,E,B,D,D,D,D,B,D,B,D,B,E,D,0.5,turntaking
481,turntaking,5,D,B,B,E,B,D,D,D,D,E,A,C,E,E,A,A,C,D,A,C,0.7,turntaking
481,turntaking,6,E,D,E,A,D,C,E,A,A,C,C,E,A,A,C,D,E,E,C,E,0.75,turntaking
482,turntaking,1,skip,D,A,A,D,A,D,A,D,A,A,D,A,D,A,D,A,D,A,A,0.95,turntaking
482,turntaking,2,A,E,E,B,E,B,E,B,E,E,B,E,E,A,E,A,E,A,E,E,1.0,turntaking
482,rotate0,3,C,C,C,C,C,C,C,C,C,C,C,C,C,C,C,C,C,C,C,C,0.5,turntaking
482,turntaking,4,C,C,C,D,C,D,C,D,C,D,D,C,D,C,D,C,D,C,D,D,0.5,turntaking
482,turntaking,5,D,A,D,E,A,E,A,E,A,B,E,A,B,E,B,E,B,E,B,B,1.0,turntaking
482,rotate0,6,skip,skip,skip,skip,skip,skip,skip,skip,skip,skip,skip,skip,skip,skip,skip,skip,skip,skip,skip,skip,0.0,turntaking
483,turntaking,1,skip,E,E,A,E,B,B,D,A,B,C,E,A,A,B,B,D,B,C,E,0.75,turntaking
483,turntaking,2,A,A,A,B,A,D,A,B,B,C,B,B,C,E,A,A,C,E,B,C,0.75,turntaking
483,rotate0,3,C,C,C,C,C,C,C,C,C,C,C,C,C,C,C,C,C,C,C,C,0.3,turntaking
483,rotate0,4,D,D,D,D,D,D,D,D,D,D,D,D,D,D,D,D,D,D,D,D,0.5,turntaking
483,turntaking,5,D,D,D,C,D,E,C,E,C,E,E,D,E,D,E,D,A,A,A,A,0.5,turntaking
483,turntaking,6,E,C,C,E,C,A,E,A,E,A,A,A,B,B,C,E,B,C,E,B,0.75,turntaking
484,turntaking,1,skip,C,C,A,A,E,D,A,A,B,A,E,D,D,A,A,E,C,A,E,0.7,turntaking
484,rotate0,2,B,B,B,B,B,B,B,B,B,B,B,B,B,B,B,B,B,B,B,B,0.45,turntaking
484,turntaking,3,B,B,B,D,C,D,C,D,C,A,E,D,A,A,E,C,D,D,E,D,0.7,turntaking
484,turntaking,4,C,D,D,E,D,A,A,E,D,E,D,A,E,C,D,D,A,A,B,A,0.75,turntaking
484,rotate0,5,E,E,E,E,E,E,E,E,E,E,E,E,E,E,E,E,E,E,E,E,0.3,turntaking
484,turntaking,6,E,E,E,C,B,C,B,C,B,C,C,C,C,B,C,B,C,B,D,C,0.55,turntaking
485,turntaking,1,skip,A,A,B,B,E,D,B,B,C,B,E,D,D,B,B,E,A,B,E,0.7,turntaking
485,turntaking,2,A,D,D,E,D,B,B,E,D,E,D,B,E,A,D,D,B,B,C,B,0.75,turntaking
485,rotate0,3,C,C,C,C,C,C,C,C,C,C,C,C,C,C,C,C,C,C,C,C,0.45,turntaking
485,turntaking,4,C,C,C,D,A,D,A,D,A,B,E,D,B,B,E,A,D,D,E,D,0.7,turntaking
485,rotate0,5,E,E,E,E,E,E,E,E,E,E,E,E,E,E,E,E,E,E,E,E,0.3,turntaking
485,turntaking,6,E,E,E,A,C,A,C,A,C,A,A,A,A,C,A,C,A,C,D,A,0.55,turntaking
486,turntaking,1,skip,E,E,E,E,C,E,C,E,B,C,E,C,E,C,E,C,E,C,A,0.45,turntaking
486,turntaking,2,A,A,A,A,A,D,A,D,A,A,D,A,B,B,B,B,B,B,B,B,1.0,turntaking
486,turntaking,3,B,B,B,B,B,A,B,A,C,C,B,B,A,C,A,C,A,C,A,C,1.0,turntaking
486,turntaking,4,C,C,C,C,C,B,C,B,B,D,A,C,D,A,D,A,D,A,D,D,1.0,turntaking
486,rotate0,5,E,E,E,E,E,E,E,E,E,E,E,E,E,E,E,E,E,E,E,E,0.5,turntaking
486,rotate0,6,skip,skip,skip,skip,skip,skip,skip,skip,skip,skip,skip,skip,skip,skip,skip,skip,skip,skip,skip,skip,0.0,turntaking
487,rotate0,1,A,A,A,A,A,A,A,A,A,A,A,A,A,A,A,A,A,A,A,A,0.45,turntaking
487,rotate0,2,B,B,B,B,B,B,B,B,B,B,B,B,B,B,B,B,B,B,B,B,0.35,turntaking
487,turntaking,3,B,B,B,E,B,A,B,A,B,A,D,D,D,A,D,A,D,A,D,D,0.4,turntaking
487,turntaking,4,C,C,C,A,A,D,A,E,E,D,C,E,E,D,E,E,C,C,A,E,0.8,turntaking
487,turntaking,5,D,D,D,C,E,C,D,C,C,E,B,B,C,C,B,D,E,E,B,C,0.8,turntaking
487,turntaking,6,E,E,E,D,D,E,E,D,D,C,A,C,B,E,C,C,B,D,C,B,0.8,turntaking
488,rotate0,1,A,A,A,A,A,A,A,A,A,A,A,A,A,A,A,A,A,A,A,A,0.45,turntaking
488,turntaking,2,A,A,A,D,E,D,E,D,E,B,B,C,E,E,B,B,C,D,B,C,0.7,turntaking
488,rotate0,3,C,C,C,C,C,C,C,C,C,C,C,C,C,C,C,C,C,C,C,C,0.3,turntaking
488,turntaking,4,C,C,C,E,A,E,A,E,A,D,D,D,D,A,D,A,D,A,E,E,0.55,turntaking
488,turntaking,5,D,D,D,C,D,B,B,C,D,C,E,B,C,D,E,E,B,B,A,B,0.75,turntaking
488,turntaking,6,E,E,E,B,B,C,D,B,B,A,C,E,B,B,C,D,E,E,C,D,0.75,turntaking
489,rotate0,1,A,A,A,A,A,A,A,A,A,A,A,A,A,A,A,A,A,A,A,A,0.5,turntaking
489,turntaking,2,A,A,A,D,A,D,A,C,A,D,C,A,D,A,D,A,D,A,D,B,0.5,turntaking
489,turntaking,3,B,B,B,E,B,E,B,E,B,B,B,B,C,C,C,C,C,C,C,C,1.0,turntaking
489,turntaking,4,C,C,C,B,C,B,D,B,C,C,D,D,B,D,B,D,B,D,B,D,1.0,turntaking
489,turntaking,5,D,D,D,C,D,C,C,D,D,E,E,C,E,B,E,B,E,B,E,E,1.0,turntaking
489,rotate0,6,skip,skip,skip,skip,skip,skip,skip,skip,skip,skip,skip,skip,skip,skip,skip,skip,skip,skip,skip,skip,0.0,turntaking
490,turntaking,1,skip,E,E,A,A,D,C,A,A,B,A,D,C,C,A,A,D,E,A,D,0.7,turntaking
490,rotate0,2,B,B,B,B,B,B,B,B,B,B,B,B,B,B,B,B,B,B,B,B,0.45,turntaking
490,turntaking,3,B,B,B,C,E,C,E,C,E,A,D,C,A,A,D,E,C,C,D,C,0.7,turntaking
490,rotate0,4,D,D,D,D,D,D,D,D,D,D,D,D,D,D,D,D,D,D,D,D,0.3,turntaking
490,turntaking,5,D,D,D,E,B,E,B,E,B,E,E,E,E,B,E,B,E,B,C,E,0.55,turntaking
490,turntaking,6,E,C,C,D,C,A,A,D,C,D,C,A,D,E,C,C,A,A,B,A,0.75,turntaking
491,turntaking,1,skip,D,D,B,D,A,B,A,B,A,C,A,A,A,C,C,E,B,C,E,0.7,turntaking
491,turntaking,2,A,A,A,C,A,E,A,C,C,E,E,C,E,B,A,A,C,C,D,C,0.75,turntaking
491,turntaking,3,B,B,B,A,B,C,C,E,A,C,D,E,C,C,E,B,A,A,E,A,0.75,turntaking
491,rotate0,4,D,D,D,D,D,D,D,D,D,D,D,D,D,D,D,D,D,D,D,D,0.45,turntaking
491,rotate0,5,E,E,E,E,E,E,E,E,E,E,E,E,E,E,E,E,E,E,E,E,0.3,turntaking
491,turntaking,6,E,E,E,D,E,B,D,B,D,B,B,B,B,D,B,D,B,D,A,B,0.5,turntaking
492,turntaking,1,skip,B,A,A,B,A,B,A,B,A,A,B,A,B,A,B,A,B,A,A,0.95,turntaking
492,turntaking,2,A,E,E,C,E,C,E,C,E,C,C,E,E,A,E,A,E,A,E,E,1.0,turntaking
492,turntaking,3,B,A,B,E,A,E,A,E,A,E,E,A,C,E,C,E,C,E,C,C,1.0,turntaking
492,rotate0,4,D,D,D,D,D,D,D,D,D,D,D,D,D,D,D,D,D,D,D,D,0.5,turntaking
492,turntaking,5,D,D,D,B,D,B,D,B,D,B,B,D,B,D,B,D,B,D,B,B,0.5,turntaking
492,rotate0,6,skip,skip,skip,skip,skip,skip,skip,skip,skip,skip,skip,skip,skip,skip,skip,skip,skip,skip,skip,skip,0.0,turntaking
493,rotate0,1,A,A,A,A,A,A,A,A,A,A,A,A,A,A,A,A,A,A,A,A,0.45,turntaking
493,turntaking,2,A,A,A,B,E,B,E,B,E,C,C,D,B,B,C,C,D,E,C,D,0.7,turntaking
493,turntaking,3,B,B,B,D,B,C,C,D,B,D,B,C,D,E,B,B,C,C,A,C,0.75,turntaking
493,rotate0,4,D,D,D,D,D,D,D,D,D,D,D,D,D,D,D,D,D,D,D,D,0.3,turntaking
493,turntaking,5,D,D,D,E,A,E,A,E,A,E,E,E,E,A,E,A,E,A,B,E,0.55,turntaking
493,turntaking,6,E,E,E,C,C,D,B,C,C,A,D,B,C,C,D,E,B,B,D,B,0.75,turntaking
494,turntaking,1,skip,D,C,C,D,D,C,C,D,D,D,C,D,C,D,C,C,D,D,D,0.95,turntaking
494,rotate0,2,B,B,B,B,B,B,B,B,B,B,B,B,B,B,B,B,B,B,B,B,0.5,turntaking
494,turntaking,3,B,B,B,D,B,C,B,D,B,C,C,B,C,B,C,B,D,B,C,C,0.5,turntaking
494,turntaking,4,C,E,E,A,E,A,E,A,E,E,E,D,E,D,E,D,E,C,E,E,1.0,turntaking
494,turntaking,5,D,C,D,E,C,E,D,E,C,A,A,E,A,E,A,E,A,E,A,A,1.0,turntaking
494,rotate0,6,skip,skip,skip,skip,skip,skip,skip,skip,skip,skip,skip,skip,skip,skip,skip,skip,skip,skip,skip,skip,0.0,turntaking
495,rotate0,1,A,A,A,A,A,A,A,A,A,A,A,A,A,A,A,A,A,A,A,A,0.45,turntaking
495,turntaking,2,A,A,A,B,C,B,C,B,C,D,D,E,B,B,D,D,E,C,D,E,0.7,turntaking
495,turntaking,3,B,B,B,E,B,D,D,E,B,E,B,D,E,C,B,B,D,D,A,D,0.75,turntaking
495,turntaking,4,C,C,C,D,D,E,B,D,D,A,E,B,D,D,E,C,B,B,E,B,0.75,turntaking
495,rotate0,5,E,E,E,E,E,E,E,E,E,E,E,E,E,E,E,E,E,E,E,E,0.3,turntaking
495,turntaking,6,E,E,E,C,A,C,A,C,A,C,C,C,C,A,C,A,C,A,B,C,0.55,turntaking
496,turntaking,1,skip,E,D,D,E,C,E,E,C,B,C,C,B,B,D,D,B,C,B,B,0.7,turntaking
496,caste,2,B,A,A,A,A,A,A,A,A,A,A,A,A,A,A,A,A,A,A,A,1.0,turntaking
496,caste,3,C,B,E,D,D,B,C,E,E,D,B,C,E,C,B,D,E,D,C,B,0.0,turntaking
496,turntaking,4,C,C,B,B,D,D,D,D,E,E,E,E,E,E,E,E,E,E,E,E,0.75,turntaking
496,turntaking,5,D,B,C,C,B,B,B,B,D,D,D,D,C,C,C,C,D,D,D,D,0.75,turntaking
496,turntaking,6,E,D,E,E,C,E,C,C,B,C,B,B,D,D,B,B,C,B,C,C,0.75,turntaking
497,turntaking,1,skip,D,A,A,D,D,C,C,D,D,C,C,D,D,C,C,D,D,C,C,0.7,turntaking
497,turntaking,2,A,E,C,C,A,A,A,A,A,A,A,A,A,A,A,A,A,A,A,A,0.75,turntaking
497,caste,3,C,B,B,B,B,B,B,B,B,B,B,B,B,B,B,B,B,B,B,B,0.95,turntaking
497,turntaking,4,C,C,E,E,E,E,E,E,E,E,E,E,E,E,E,E,E,E,E,E,0.75,turntaking
497,turntaking,5,D,A,D,D,C,C,D,D,C,C,D,D,C,C,D,D,C,C,D,D,0.75,turntaking
497,caste,6,skip,E,D,A,E,A,D,C,E,A,D,C,E,A,D,C,E,A,D,C,0.0,turntaking
498,turntaking,1,skip,E,C,C,E,E,D,D,E,E,D,D,E,E,D,D,E,E,D,D,0.7,turntaking
498,turntaking,2,A,A,D,D,A,A,C,C,A,A,C,C,A,A,C,C,A,A,C,C,0.75,turntaking
498,caste,3,C,B,B,B,B,B,B,B,B,B,B,B,B,B,B,B,B,B,B,B,1.0,turntaking
498,caste,4,D,A,E,C,C,A,E,D,C,A,E,D,C,A,E,D,C,A,E,D,0.0,turntaking
498,turntaking,5,D,D,A,A,C,C,A,A,C,C,A,A,C,C,A,A,C,C,A,A,0.75,turntaking
498,turntaking,6,E,C,E,E,D,D,E,E,D,D,E,E,D,D,E,E,D,D,E,E,0.75,turntaking
499,turntaking,1,skip,C,C,E,D,B,B,C,E,C,C,B,B,D,D,C,B,E,E,D,0.7,turntaking
499,caste,2,B,A,A,A,A,A,A,A,A,A,A,A,A,A,A,A,A,A,A,A,0.95,turntaking
499,turntaking,3,B,B,D,D,E,E,E,E,D,D,D,D,E,E,E,E,C,C,C,C,0.7,turntaking
499,turntaking,4,C,D,E,B,B,D,C,D,C,E,B,E,D,B,C,B,E,B,D,B,0.75,turntaking
499,caste,5,E,D,C,D,C,D,B,E,B,E,C,D,C,B,D,E,D,B,E,C,0.0,turntaking
499,turntaking,6,E,E,B,C,C,C,D,B,B,B,E,C,C,C,B,D,D,D,B,E,0.75,turntaking
500,turntaking,1,skip,A,A,E,D,D,D,C,A,C,C,D,D,D,D,C,C,C,C,D,0.7,turntaking
500,turntaking,2,A,D,E,C,C,C,A,A,C,A,D,A,A,A,C,A,A,A,D,A,0.75,turntaking
500,caste,3,C,B,B,B,B,B,B,B,B,B,B,B,B,B,B,B,B,B,B,B,0.95,turntaking
500,turntaking,4,C,C,D,D,E,E,E,E,E,E,E,E,E,E,E,E,E,E,E,E,0.7,turntaking
500,caste,5,E,D,A,D,A,C,D,E,D,A,C,E,C,A,D,E,D,A,C,E,0.0,turntaking
500,turntaking,6,E,E,C,A,A,A,C,D,D,D,A,C,C,C,A,D,D,D,A,C,0.75,turntaking
501,turntaking,1,skip,E,C,E,E,C,B,C,C,B,B,E,E,B,C,B,B,C,C,E,0.75,turntaking
501,turntaking,2,A,A,A,A,A,A,A,A,A,A,A,A,A,A,A,A,A,A,A,A,0.75,turntaking
501,turntaking,3,B,B,B,B,B,E,E,E,E,C,C,C,C,E,E,E,E,B,B,B,0.75,turntaking
501,turntaking,4,C,C,E,C,C,B,C,B,B,E,E,B,B,C,B,C,C,E,E,C,0.75,turntaking
501,caste,5,E,D,D,D,D,D,D,D,D,D,D,D,D,D,D,D,D,D,D,D,1.0,turntaking
501,caste,6,skip,A,B,C,E,A,E,B,C,A,C,B,E,A,E,C,B,A,B,C,0.0,turntaking
502,caste,1,A,A,A,A,A,A,A,A,A,A,A,A,A,A,A,A,A,A,A,A,1.0,turntaking
502,caste,2,B,C,D,E,B,C,D,E,B,C,D,E,B,C,D,E,B,C,D,E,0.0,turntaking
502,turntaking,3,B,B,B,B,B,B,B,B,B,B,B,B,B,B,B,B,B,B,B,B,0.75,turntaking
502,turntaking,4,C,C,C,C,C,C,C,C,C,C,C,C,C,C,C,C,C,C,C,C,0.75,turntaking
502,turntaking,5,D,D,D,D,D,D,D,D,D,D,D,D,D,D,D,D,D,D,D,D,0.75,turntaking
502,turntaking,6,E,E,E,E,E,E,E,E,E,E,E,E,E,E,E,E,E,E,E,E,0.75,turntaking
503,caste,1,A,B,B,B,B,B,B,B,B,B,B,B,B,B,B,B,B,B,B,B,0.95,turntaking
503,turntaking,2,A,A,A,A,A,A,A,A,A,A,A,A,A,A,A,A,A,A,A,A,0.7,turntaking
503,caste,3,C,D,E,A,C,D,E,A,C,D,E,A,C,D,E,A,C,D,E,A,0.0,turntaking
503,turntaking,4,C,C,C,C,C,C,C,C,C,C,C,C,C,C,C,C,C,C,C,C,0.75,turntaking
503,turntaking,5,D,D,D,D,D,D,D,D,D,D,D,D,D,D,D,D,D,D,D,D,0.75,turntaking
503,turntaking,6,E,E,E,E,E,E,E,E,E,E,E,E,E,E,E,E,E,E,E,E,0.75,turntaking
504,caste,1,A,E,E,E,E,E,E,E,E,E,E,E,E,E,E,E,E,E,E,E,0.95,turntaking
504,turntaking,2,A,A,A,A,A,A,A,A,A,A,A,A,A,A,A,A,A,A,A,A,0.75,turntaking
504,turntaking,3,B,B,B,B,B,B,B,B,B,B,B,B,B,B,B,B,B,B,B,B,0.75,turntaking
504,turntaking,4,C,C,C,C,C,C,C,C,C,C,C,C,C,C,C,C,C,C,C,C,0.75,turntaking
504,turntaking,5,D,D,D,D,D,D,D,D,D,D,D,D,D,D,D,D,D,D,D,D,0.75,turntaking
504,caste,6,skip,B,C,D,A,B,C,D,A,B,C,D,A,B,C,D,A,B,C,D,0.0,turntaking
505,turntaking,1,skip,E,E,D,C,D,D,E,E,B,B,D,C,D,D,B,E,B,B,E,0.7,turntaking
505,caste,2,B,A,A,A,A,A,A,A,A,A,A,A,A,A,A,A,A,A,A,A,0.95,turntaking
505,turntaking,3,B,B,C,C,D,B,B,B,C,C,C,C,E,E,E,E,C,C,C,C,0.7,turntaking
505,caste,4,D,C,E,C,E,C,D,B,D,E,B,C,B,C,D,E,D,E,B,C,0.0,turntaking
505,turntaking,5,D,D,B,E,E,E,C,D,D,D,E,B,B,B,C,D,D,D,D,B,0.75,turntaking
505,turntaking,6,E,C,D,B,B,C,E,C,B,E,D,E,D,C,B,C,B,E,E,D,0.75,turntaking
506,turntaking,1,skip,D,B,B,E,E,D,D,A,A,E,E,D,A,D,D,B,E,B,B,0.7,turntaking
506,turntaking,2,A,A,E,A,A,A,B,B,B,B,D,B,B,B,E,A,A,A,D,A,0.75,turntaking
506,turntaking,3,B,B,D,E,D,D,E,E,E,E,A,D,A,D,A,E,E,B,E,D,0.75,turntaking
506,caste,4,D,C,C,C,C,C,C,C,C,C,C,C,C,C,C,C,C,C,C,C,1.0,turntaking
506,caste,5,E,A,D,B,B,A,E,D,D,B,A,E,E,B,A,D,D,A,E,B,0.0,turntaking
506,turntaking,6,E,E,A,D,B,B,A,A,D,D,B,A,E,E,B,B,D,D,A,E,0.75,turntaking
507,turntaking,1,skip,B,A,A,D,D,B,B,D,D,D,D,B,B,D,D,B,B,D,D,0.7,turntaking
507,turntaking,2,A,E,D,B,A,A,A,A,A,A,A,A,A,A,A,A,A,A,A,A,0.75,turntaking
507,turntaking,3,B,A,B,D,B,B,D,D,B,B,B,B,D,D,B,B,D,D,B,B,0.75,turntaking
507,caste,4,D,C,C,C,C,C,C,C,C,C,C,C,C,C,C,C,C,C,C,C,0.95,turntaking
507,turntaking,5,D,D,E,E,E,E,E,E,E,E,E,E,E,E,E,E,E,E,E,E,0.75,turntaking
507,caste,6,skip,E,B,A,E,A,D,B,E,A,B,D,E,A,B,D,E,A,B,D,0.0,turntaking
508,caste,1,A,C,C,C,C,C,C,C,C,C,C,C,C,C,C,C,C,C,C,C,0.95,turntaking
508,turntaking,2,A,A,A,A,A,A,A,A,A,A,A,A,A,A,A,A,A,A,A,A,0.7,turntaking
508,turntaking,3,B,B,D,D,D,D,B,B,D,D,B,B,D,D,B,B,D,D,B,B,0.75,turntaking
508,caste,4,D,B,E,A,B,D,E,A,B,D,E,A,B,D,E,A,B,D,E,A,0.0,turntaking
508,turntaking,5,D,D,B,B,B,B,D,D,B,B,D,D,B,B,D,D,B,B,D,D,0.75,turntaking
508,turntaking,6,E,E,E,E,E,E,E,E,E,E,E,E,E,E,E,E,E,E,E,E,0.75,turntaking
509,turntaking,1,skip,D,C,C,D,D,C,C,D,B,E,E,B,B,C,C,B,D,E,E,0.7,turntaking
509,caste,2,B,A,A,A,A,A,A,A,A,A,A,A,A,A,A,A,A,A,A,A,0.95,turntaking
509,turntaking,3,B,B,E,E,E,E,E,E,E,E,D,D,D,C,D,D,D,E,B,B,0.75,turntaking
509,turntaking,4,C,E,B,B,B,B,B,B,C,C,C,C,E,E,E,E,C,C,C,C,0.75,turntaking
509,turntaking,5,D,C,D,D,C,C,D,D,B,D,B,B,C,D,B,B,E,B,D,D,0.75,turntaking
509,caste,6,skip,E,D,C,E,B,D,C,E,C,B,E,D,E,B,C,D,C,D,E,0.0,turntaking
510,caste,1,A,D,D,D,D,D,D,D,D,D,D,D,D,D,D,D,D,D,D,D,0.95,turntaking
510,turntaking,2,A,A,A,A,A,A,A,A,A,A,A,A,A,A,A,A,A,A,A,A,0.7,turntaking
510,turntaking,3,B,B,E,C,B,B,C,B,E,E,B,C,B,B,C,E,C,C,E,B,0.75,turntaking
510,turntaking,4,C,C,C,E,E,E,E,E,C,C,C,B,E,E,E,C,B,B,B,E,0.75,turntaking
510,caste,5,E,B,C,A,C,B,E,A,B,E,C,A,C,B,E,A,E,C,B,A,0.0,turntaking
510,turntaking,6,E,E,B,B,C,C,B,C,B,B,E,E,C,C,B,B,E,E,C,C,0.75,turntaking
511,turntaking,1,skip,E,E,C,A,B,B,A,B,B,B,B,B,D,E,E,E,A,A,A,0.65,turntaking
511,equalize,2,B,B,A,D,E,D,B,D,D,B,D,E,D,B,C,D,E,D,B,D,0.4,turntaking
511,equalize,3,C,A,E,A,D,A,D,C,E,D,A,D,C,D,D,A,D,C,D,A,0.4,turntaking
511,turntaking,4,C,C,B,A,B,C,C,D,A,A,A,A,A,B,B,C,C,C,C,E,0.7,turntaking
511,turntaking,5,D,B,C,E,E,E,A,C,C,E,E,E,E,A,C,B,B,B,B,C,0.7,turntaking
511,turntaking,6,E,D,A,B,C,A,E,B,E,C,C,C,C,E,A,A,A,E,E,D,0.7,turntaking
512,turntaking,1,skip,D,A,B,A,A,A,A,A,E,E,E,D,D,E,E,B,A,A,A,0.7,turntaking
512,turntaking,2,A,E,C,E,D,D,C,D,D,D,A,A,A,A,A,C,D,D,D,D,0.7,turntaking
512,equalize,3,C,B,D,B,B,E,B,C,B,E,B,C,E,C,B,C,C,E,C,B,0.4,turntaking
512,turntaking,4,C,C,E,A,C,C,D,C,C,A,B,B,B,B,B,D,E,E,E,E,0.7,turntaking
512,turntaking,5,D,A,D,C,E,E,E,E,E,B,D,D,E,E,D,A,A,B,B,B,0.7,turntaking
512,equalize,6,skip,E,B,A,D,B,A,B,D,B,C,A,C,D,C,A,B,C,D,C,0.4,turntaking
513,turntaking,1,skip,E,E,D,E,D,D,D,D,D,D,D,D,C,A,A,A,B,B,B,0.65,turntaking
513,turntaking,2,A,A,D,A,A,A,A,B,B,B,B,B,B,B,E,D,D,D,D,E,0.7,turntaking
513,equalize,3,C,A,B,C,A,C,D,C,C,D,C,B,C,D,E,C,A,C,D,C,0.4,turntaking
513,equalize,4,D,B,E,B,C,E,C,B,E,C,A,C,E,C,C,B,C,E,C,B,0.4,turntaking
513,turntaking,5,D,D,A,B,B,B,B,C,A,A,A,A,A,D,D,E,E,E,E,A,0.7,turntaking
513,turntaking,6,E,C,B,E,D,E,E,A,E,E,E,E,E,A,B,B,B,A,A,C,0.7,turntaking
514,turntaking,1,skip,C,C,A,D,C,C,C,D,D,D,E,E,E,E,E,D,C,C,C,0.7,turntaking
514,equalize,2,B,A,D,A,A,D,A,B,A,D,E,A,B,A,D,A,A,E,A,D,0.4,turntaking
514,turntaking,3,B,B,D,E,C,D,D,D,C,A,B,B,B,B,B,C,C,D,D,D,0.65,turntaking
514,turntaking,4,C,D,E,D,B,E,E,E,E,B,C,C,C,C,C,A,B,B,B,B,0.7,turntaking
514,equalize,5,E,D,A,C,B,A,C,A,E,A,A,C,A,E,A,C,D,A,B,A,0.4,turntaking
514,turntaking,6,E,E,B,C,E,B,B,B,B,C,E,D,D,D,D,B,E,E,E,E,0.7,turntaking
515,turntaking,1,skip,A,A,B,D,A,A,D,A,A,A,E,E,E,C,C,D,A,D,A,0.7,turntaking
515,turntaking,2,A,D,E,D,C,E,E,C,C,C,D,D,D,D,A,B,E,E,E,C,0.7,turntaking
515,equalize,3,C,B,D,B,B,D,B,E,B,A,E,B,C,B,D,B,B,C,B,D,0.4,turntaking
515,turntaking,4,C,C,D,E,A,D,D,A,D,B,C,C,C,C,E,A,A,D,A,D,0.65,turntaking
515,equalize,5,E,D,B,A,C,B,A,B,C,B,B,D,B,E,B,A,D,B,E,B,0.4,turntaking
515,turntaking,6,E,E,C,A,E,C,C,E,E,D,E,A,A,A,D,E,C,C,C,E,0.7,turntaking
516,turntaking,1,skip,E,E,E,B,B,E,C,E,E,E,E,E,B,B,B,B,B,B,B,0.7,turntaking
516,turntaking,2,A,A,A,D,D,D,D,E,A,A,A,A,A,E,D,D,D,D,D,A,0.7,turntaking
516,turntaking,3,B,B,D,A,A,A,A,D,D,D,D,D,D,A,E,E,E,E,E,C,0.7,turntaking
516,turntaking,4,C,C,B,B,E,E,B,A,B,B,B,B,B,C,A,A,A,A,A,E,0.7,turntaking
516,equalize,5,E,A,D,C,D,C,B,C,C,B,C,A,C,B,D,C,A,C,D,C,0.4,turntaking
516,equalize,6,skip,D,B,E,C,A,C,E,D,C,E,C,D,C,C,E,C,B,C,E,0.4,turntaking
517,equalize,1,A,C,A,E,B,E,D,E,E,B,E,D,E,B,A,E,D,E,B,E,0.4,turntaking
517,equalize,2,B,A,D,A,E,C,E,A,D,E,C,E,A,E,E,C,E,A,E,C,0.4,turntaking
517,turntaking,3,B,B,B,A,A,A,A,E,C,C,C,B,C,B,B,A,A,A,A,D,0.7,turntaking
517,turntaking,4,C,C,C,B,B,B,B,A,A,D,D,D,D,C,A,B,B,B,B,A,0.7,turntaking
517,turntaking,5,D,D,A,C,C,C,C,B,D,A,A,A,A,D,C,C,C,C,C,E,0.7,turntaking
517,turntaking,6,E,E,D,D,D,D,D,C,B,B,B,C,B,E,D,D,D,D,D,C,0.7,turntaking
518,equalize,1,A,B,E,B,B,C,B,E,B,E,A,B,C,B,E,B,B,C,B,E,0.4,turntaking
518,turntaking,2,A,A,A,B,D,D,D,C,E,E,E,A,A,A,A,C,E,D,C,C,0.7,turntaking
518,equalize,3,C,D,B,A,E,B,D,B,A,B,B,D,B,A,B,D,E,B,A,B,0.4,turntaking
518,turntaking,4,C,C,C,A,A,E,E,E,C,D,A,E,E,E,E,A,C,C,D,D,0.7,turntaking
518,turntaking,5,D,D,D,C,E,A,A,A,A,C,D,D,D,D,D,B,A,A,A,A,0.7,turntaking
518,turntaking,6,E,E,E,D,C,C,C,D,D,B,C,C,C,C,C,D,D,E,E,E,0.7,turntaking
519,equalize,1,A,E,C,E,E,A,E,C,E,A,B,E,B,E,A,E,E,B,E,A,0.4,turntaking
519,turntaking,2,A,A,A,D,D,B,C,C,B,C,B,A,A,A,A,D,B,B,C,C,0.7,turntaking
519,turntaking,3,B,B,B,A,B,D,D,D,D,D,C,C,C,C,C,E,D,D,D,D,0.7,turntaking
519,turntaking,4,C,C,C,C,A,A,A,A,A,E,D,B,B,B,B,C,C,A,A,A,0.7,turntaking
519,turntaking,5,D,D,D,E,C,C,B,B,C,A,A,D,D,D,D,B,A,C,B,B,0.75,turntaking
519,equalize,6,skip,B,E,D,B,E,B,E,D,E,E,C,E,D,E,C,A,E,D,E,0.4,turntaking
520,turntaking,1,skip,E,E,A,B,E,E,B,E,E,E,D,D,D,D,B,E,C,C,C,0.7,turntaking
520,equalize,2,B,A,C,A,A,B,A,C,A,E,D,A,C,A,E,A,A,B,A,E,0.4,turntaking
520,turntaking,3,B,B,C,D,E,B,B,E,B,A,C,C,C,C,C,C,C,E,E,E,0.65,turntaking
520,equalize,4,D,C,A,E,C,A,E,A,D,A,A,B,A,D,A,C,E,A,D,A,0.4,turntaking
520,turntaking,5,D,D,B,E,D,C,C,C,C,B,D,E,E,E,E,D,B,B,B,B,0.7,turntaking
520,turntaking,6,E,C,D,B,C,D,D,D,D,C,B,B,B,B,B,A,D,D,D,D,0.7,turntaking
521,turntaking,1,skip,D,D,E,E,E,E,E,D,D,D,D,D,B,E,E,E,A,E,E,0.65,turntaking
521,turntaking,2,A,A,E,D,D,D,D,C,C,A,A,A,E,A,C,D,D,D,D,C,0.7,turntaking
521,turntaking,3,B,B,C,A,A,A,A,D,A,C,C,C,C,E,A,A,A,E,A,B,0.7,turntaking
521,equalize,4,D,A,C,B,D,B,E,B,B,D,B,A,B,D,C,B,E,B,D,B,0.4,turntaking
521,equalize,5,E,C,D,C,B,A,B,C,A,B,E,B,C,B,B,A,B,C,B,E,0.4,turntaking
521,turntaking,6,E,E,A,C,C,C,C,B,E,E,E,E,A,D,D,C,C,C,C,A,0.7,turntaking
522,turntaking,1,skip,B,A,C,B,B,B,B,B,E,A,E,A,A,E,E,C,B,B,B,0.7,turntaking
522,turntaking,2,A,E,D,E,E,E,D,A,A,A,B,B,B,B,B,D,A,A,A,E,0.7,turntaking
522,turntaking,3,B,A,B,B,D,D,A,E,E,C,E,A,E,E,A,B,B,C,C,C,0.7,turntaking
522,equalize,4,D,C,B,C,C,D,C,D,C,E,C,D,E,D,C,D,D,E,D,C,0.4,turntaking
522,turntaking,5,D,D,E,A,A,A,E,D,D,B,C,C,C,C,C,A,E,E,E,A,0.7,turntaking
522,equalize,6,skip,E,C,A,E,C,B,C,A,C,D,B,D,A,D,B,C,D,A,D,0.4,turntaking
523,equalize,1,A,C,E,C,C,B,C,E,C,D,A,C,B,C,D,C,C,B,C,D,0.4,turntaking
523,turntaking,2,A,A,A,C,D,D,D,B,D,D,D,A,A,A,A,B,D,E,E,E,0.7,turntaking
523,turntaking,3,B,B,D,B,E,A,A,A,A,E,E,E,E,E,E,C,A,A,A,A,0.7,turntaking
523,equalize,4,D,B,C,A,E,C,D,C,A,C,C,E,C,A,C,E,D,C,A,C,0.4,turntaking
523,turntaking,5,D,D,B,A,A,E,E,E,E,B,A,D,D,D,D,A,B,B,B,B,0.7,turntaking
523,turntaking,6,E,E,E,D,B,B,B,D,B,C,B,B,B,B,B,E,E,D,D,D,0.7,turntaking
524,turntaking,1,skip,D,C,A,B,B,B,B,B,E,E,E,C,C,E,E,A,B,E,E,0.7,turntaking
524,equalize,2,B,A,D,A,A,E,A,C,A,E,D,A,E,A,D,A,D,E,D,A,0.4,turntaking
524,turntaking,3,B,B,E,C,C,C,C,C,C,B,D,D,D,D,D,C,E,E,B,B,0.7,turntaking
524,turntaking,4,C,E,B,E,D,D,D,D,D,C,B,B,B,B,B,A,C,C,C,C,0.7,turntaking
524,turntaking,5,D,C,D,B,E,E,E,E,E,A,C,C,E,E,C,B,B,A,A,A,0.7,turntaking
524,equalize,6,skip,E,A,C,D,A,B,A,D,A,A,B,A,C,A,B,A,D,C,D,0.4,turntaking
525,equalize,1,A,D,C,D,D,C,D,E,D,A,C,D,E,D,C,D,D,E,D,C,0.4,turntaking
525,turntaking,2,A,A,A,D,B,B,B,B,A,A,A,A,A,A,A,E,C,B,B,B,0.7,turntaking
525,turntaking,3,B,B,E,C,E,A,C,C,C,E,B,B,B,C,B,D,A,A,A,A,0.7,turntaking
525,turntaking,4,C,C,C,B,C,C,A,A,B,D,E,E,E,E,E,B,B,C,C,C,0.7,turntaking
525,equalize,5,E,B,D,A,E,D,B,D,C,D,D,B,D,A,D,B,C,D,A,D,0.4,turntaking
525,turntaking,6,E,E,B,A,A,E,E,E,E,B,C,C,C,B,C,A,E,E,E,E,0.7,turntaking
526,turntaking,1,skip,E,C,B,A,A,skip,E,E,E,E,E,skip,B,C,C,A,E,skip,B,0.8,draw
526,turntaking,2,A,skip,D,D,D,D,A,skip,C,C,D,A,E,skip,B,D,C,A,E,skip,0.8,draw
526,turntaking,3,B,A,skip,E,C,B,D,A,skip,B,C,D,A,E,skip,B,D,C,A,E,0.85,draw
526,turntaking,4,C,B,A,skip,E,C,B,D,A,skip,B,C,D,A,E,skip,B,D,C,A,0.85,draw
526,turntaking,5,D,C,B,A,skip,E,C,B,D,A,skip,B,C,D,A,E,skip,B,D,C,0.85,draw
526,turntaking,6,E,D,E,C,B,skip,E,C,B,D,A,skip,B,C,D,A,E,skip,B,D,0.85,draw
527,turntaking,1,skip,E,C,B,A,A,skip,E,E,E,E,E,skip,B,C,C,A,E,skip,B,0.8,draw
527,turntaking,2,A,skip,D,D,D,D,A,skip,C,C,D,A,E,skip,B,D,C,A,E,skip,0.8,draw
527,turntaking,3,B,A,skip,E,C,B,D,A,skip,B,C,D,A,E,skip,B,D,C,A,E,0.85,draw
527,turntaking,4,C,B,A,skip,E,C,B,D,A,skip,B,C,D,A,E,skip,B,D,C,A,0.85,draw
527,turntaking,5,D,C,B,A,skip,E,C,B,D,A,skip,B,C,D,A,E,skip,B,D,C,0.85,draw
527,turntaking,6,E,D,E,C,B,skip,E,C,B,D,A,skip,B,C,D,A,E,skip,B,D,0.85,draw
528,turntaking,1,skip,E,C,B,A,A,skip,E,E,E,E,E,skip,B,C,C,A,E,skip,B,0.8,draw
528,turntaking,2,A,skip,D,D,D,D,A,skip,C,C,D,A,E,skip,B,D,C,A,E,skip,0.8,draw
528,turntaking,3,B,A,skip,E,C,B,D,A,skip,B,C,D,A,E,skip,B,D,C,A,E,0.85,draw
528,turntaking,4,C,B,A,skip,E,C,B,D,A,skip,B,C,D,A,E,skip,B,D,C,A,0.85,draw
528,turntaking,5,D,C,B,A,skip,E,C,B,D,A,skip,B,C,D,A,E,skip,B,D,C,0.85,draw
528,turntaking,6,E,D,E,C,B,skip,E,C,B,D,A,skip,B,C,D,A,E,skip,B,D,0.85,draw
529,turntaking,1,skip,E,C,B,A,A,skip,E,E,E,E,E,skip,B,C,C,A,E,skip,B,0.8,draw
529,turntaking,2,A,skip,D,D,D,D,A,skip,C,C,D,A,E,skip,B,D,C,A,E,skip,0.8,draw
529,turntaking,3,B,A,skip,E,C,B,D,A,skip,B,C,D,A,E,skip,B,D,C,A,E,0.85,draw
529,turntaking,4,C,B,A,skip,E,C,B,D,A,skip,B,C,D,A,E,skip,B,D,C,A,0.85,draw
529,turntaking,5,D,C,B,A,skip,E,C,B,D,A,skip,B,C,D,A,E,skip,B,D,C,0.85,draw
529,turntaking,6,E,D,E,C,B,skip,E,C,B,D,A,skip,B,C,D,A,E,skip,B,D,0.85,draw
530,turntaking,1,skip,E,C,B,A,A,skip,E,E,E,E,E,skip,B,C,C,A,E,skip,B,0.8,draw
530,turntaking,2,A,skip,D,D,D,D,A,skip,C,C,D,A,E,skip,B,D,C,A,E,skip,0.8,draw
530,turntaking,3,B,A,skip,E,C,B,D,A,skip,B,C,D,A,E,skip,B,D,C,A,E,0.85,draw
530,turntaking,4,C,B,A,skip,E,C,B,D,A,skip,B,C,D,A,E,skip,B,D,C,A,0.85,draw
530,turntaking,5,D,C,B,A,skip,E,C,B,D,A,skip,B,C,D,A,E,skip,B,D,C,0.85,draw
530,turntaking,6,E,D,E,C,B,skip,E,C,B,D,A,skip,B,C,D,A,E,skip,B,D,0.85,draw
531,turntaking,1,skip,E,C,B,A,A,skip,E,E,E,E,E,skip,B,C,C,A,E,skip,B,0.8,draw
531,turntaking,2,A,skip,D,D,D,D,A,skip,C,C,D,A,E,skip,B,D,C,A,E,skip,0.8,draw
531,turntaking,3,B,A,skip,E,C,B,D,A,skip,B,C,D,A,E,skip,B,D,C,A,E,0.85,draw
531,turntaking,4,C,B,A,skip,E,C,B,D,A,skip,B,C,D,A,E,skip,B,D,C,A,0.85,draw
531,turntaking,5,D,C,B,A,skip,E,C,B,D,A,skip,B,C,D,A,E,skip,B,D,C,0.85,draw
531,turntaking,6,E,D,E,C,B,skip,E,C,B,D,A,skip,B,C,D,A,E,skip,B,D,0.85,draw
532,turntaking,1,skip,E,C,B,A,A,skip,E,E,E,E,E,skip,B,C,C,A,E,skip,B,0.8,draw
532,turntaking,2,A,skip,D,D,D,D,A,skip,C,C,D,A,E,skip,B,D,C,A,E,skip,0.8,draw
532,turntaking,3,B,A,skip,E,C,B,D,A,skip,B,C,D,A,E,skip,B,D,C,A,E,0.85,draw
532,turntaking,4,C,B,A,skip,E,C,B,D,A,skip,B,C,D,A,E,skip,B,D,C,A,0.85,draw
532,turntaking,5,D,C,B,A,skip,E,C,B,D,A,skip,B,C,D,A,E,skip,B,D,C,0.85,draw
532,turntaking,6,E,D,E,C,B,skip,E,C,B,D,A,skip,B,C,D,A,E,skip,B,D,0.85,draw
533,turntaking,1,skip,E,C,B,A,A,skip,E,E,E,E,E,skip,B,C,C,A,E,skip,B,0.8,draw
533,turntaking,2,A,skip,D,D,D,D,A,skip,C,C,D,A,E,skip,B,D,C,A,E,skip,0.8,draw
533,turntaking,3,B,A,skip,E,C,B,D,A,skip,B,C,D,A,E,skip,B,D,C,A,E,0.85,draw
533,turntaking,4,C,B,A,skip,E,C,B,D,A,skip,B,C,D,A,E,skip,B,D,C,A,0.85,draw
533,turntaking,5,D,C,B,A,skip,E,C,B,D,A,skip,B,C,D,A,E,skip,B,D,C,0.85,draw
533,turntaking,6,E,D,E,C,B,skip,E,C,B,D,A,skip,B,C,D,A,E,skip,B,D,0.85,draw
534,turntaking,1,skip,E,C,B,A,A,skip,E,E,E,E,E,skip,B,C,C,A,E,skip,B,0.8,draw
534,turntaking,2,A,skip,D,D,D,D,A,skip,C,C,D,A,E,skip,B,D,C,A,E,skip,0.8,draw
534,turntaking,3,B,A,skip,E,C,B,D,A,skip,B,C,D,A,E,skip,B,D,C,A,E,0.85,draw
534,turntaking,4,C,B,A,skip,E,C,B,D,A,skip,B,C,D,A,E,skip,B,D,C,A,0.85,draw
534,turntaking,5,D,C,B,A,skip,E,C,B,D,A,skip,B,C,D,A,E,skip,B,D,C,0.85,draw
534,turntaking,6,E,D,E,C,B,skip,E,C,B,D,A,skip,B,C,D,A,E,skip,B,D,0.85,draw
535,turntaking,1,skip,E,C,B,A,A,skip,E,E,E,E,E,skip,B,C,C,A,E,skip,B,0.8,draw
535,turntaking,2,A,skip,D,D,D,D,A,skip,C,C,D,A,E,skip,B,D,C,A,E,skip,0.8,draw
535,turntaking,3,B,A,skip,E,C,B,D,A,skip,B,C,D,A,E,skip,B,D,C,A,E,0.85,draw
535,turntaking,4,C,B,A,skip,E,C,B,D,A,skip,B,C,D,A,E,skip,B,D,C,A,0.85,draw
535,turntaking,5,D,C,B,A,skip,E,C,B,D,A,skip,B,C,D,A,E,skip,B,D,C,0.85,draw
535,turntaking,6,E,D,E,C,B,skip,E,C,B,D,A,skip,B,C,D,A,E,skip,B,D,0.85,draw
536,turntaking,1,skip,E,C,B,A,A,skip,E,E,E,E,E,skip,B,C,C,A,E,skip,B,0.8,draw
536,turntaking,2,A,skip,D,D,D,D,A,skip,C,C,D,A,E,skip,B,D,C,A,E,skip,0.8,draw
536,turntaking,3,B,A,skip,E,C,B,D,A,skip,B,C,D,A,E,skip,B,D,C,A,E,0.85,draw
536,turntaking,4,C,B,A,skip,E,C,B,D,A,skip,B,C,D,A,E,skip,B,D,C,A,0.85,draw
536,turntaking,5,D,C,B,A,skip,E,C,B,D,A,skip,B,C,D,A,E,skip,B,D,C,0.85,draw
536,turntaking,6,E,D,E,C,B,skip,E,C,B,D,A,skip,B,C,D,A,E,skip,B,D,0.85,draw
537,turntaking,1,skip,E,C,B,A,A,skip,E,E,E,E,E,skip,B,C,C,A,E,skip,B,0.8,draw
537,turntaking,2,A,skip,D,D,D,D,A,skip,C,C,D,A,E,skip,B,D,C,A,E,skip,0.8,draw
537,turntaking,3,B,A,skip,E,C,B,D,A,skip,B,C,D,A,E,skip,B,D,C,A,E,0.85,draw
537,turntaking,4,C,B,A,skip,E,C,B,D,A,skip,B,C,D,A,E,skip,B,D,C,A,0.85,draw
537,turntaking,5,D,C,B,A,skip,E,C,B,D,A,skip,B,C,D,A,E,skip,B,D,C,0.85,draw
537,turntaking,6,E,D,E,C,B,skip,E,C,B,D,A,skip,B,C,D,A,E,skip,B,D,0.85,draw
538,turntaking,1,skip,E,C,B,A,A,skip,E,E,E,E,E,skip,B,C,C,A,E,skip,B,0.8,draw
538,turntaking,2,A,skip,D,D,D,D,A,skip,C,C,D,A,E,skip,B,D,C,A,E,skip,0.8,draw
538,turntaking,3,B,A,skip,E,C,B,D,A,skip,B,C,D,A,E,skip,B,D,C,A,E,0.85,draw
538,turntaking,4,C,B,A,skip,E,C,B,D,A,skip,B,C,D,A,E,skip,B,D,C,A,0.85,draw
538,turntaking,5,D,C,B,A,skip,E,C,B,D,A,skip,B,C,D,A,E,skip,B,D,C,0.85,draw
538,turntaking,6,E,D,E,C,B,skip,E,C,B,D,A,skip,B,C,D,A,E,skip,B,D,0.85,draw
539,turntaking,1,skip,E,C,B,A,A,skip,E,E,E,E,E,skip,B,C,C,A,E,skip,B,0.8,draw
539,turntaking,2,A,skip,D,D,D,D,A,skip,C,C,D,A,E,skip,B,D,C,A,E,skip,0.8,draw
539,turntaking,3,B,A,skip,E,C,B,D,A,skip,B,C,D,A,E,skip,B,D,C,A,E,0.85,draw
539,turntaking,4,C,B,A,skip,E,C,B,D,A,skip,B,C,D,A,E,skip,B,D,C,A,0.85,draw
539,turntaking,5,D,C,B,A,skip,E,C,B,D,A,skip,B,C,D,A,E,skip,B,D,C,0.85,draw
539,turntaking,6,E,D,E,C,B,skip,E,C,B,D,A,skip,B,C,D,A,E,skip,B,D,0.85,draw
540,turntaking,1,skip,E,C,B,A,A,skip,E,E,E,E,E,skip,B,C,C,A,E,skip,B,0.8,draw
540,turntaking,2,A,skip,D,D,D,D,A,skip,C,C,D,A,E,skip,B,D,C,A,E,skip,0.8,draw
540,turntaking,3,B,A,skip,E,C,B,D,A,skip,B,C,D,A,E,skip,B,D,C,A,E,0.85,draw
540,turntaking,4,C,B,A,skip,E,C,B,D,A,skip,B,C,D,A,E,skip,B,D,C,A,0.85,draw
540,turntaking,5,D,C,B,A,skip,E,C,B,D,A,skip,B,C,D,A,E,skip,B,D,C,0.85,draw
540,turntaking,6,E,D,E,C,B,skip,E,C,B,D,A,skip,B,C,D,A,E,skip,B,D,0.85,draw
541,random,1,C,skip,B,C,A,E,skip,C,skip,A,skip,B,A,D,D,D,E,E,A,A,0.3,draw
541,random,2,A,E,C,E,D,E,A,A,D,E,E,B,B,C,B,C,skip,skip,skip,C,0.25,draw
541,random,3,E,skip,B,B,E,D,C,A,A,B,C,C,C,E,A,C,C,C,A,E,0.6,draw
541,random,4,D,E,C,C,skip,skip,B,E,C,skip,D,skip,A,C,D,skip,skip,A,D,skip,0.3,draw
541,random,5,skip,skip,E,E,E,B,skip,B,skip,skip,A,A,A,D,B,C,C,A,skip,B,0.3,draw
541,random,6,B,E,skip,E,A,C,D,D,D,skip,E,C,skip,A,skip,E,B,E,C,C,0.4,draw
542,random,1,B,C,D,A,B,B,E,C,A,C,E,B,E,skip,skip,B,D,E,skip,A,0.45,draw
542,random,2,D,A,A,B,B,E,C,D,E,C,D,E,C,E,D,A,A,B,D,E,0.3,draw
542,random,3,E,D,B,C,D,C,C,D,D,A,D,E,E,C,A,E,A,A,skip,E,0.2,draw
542,random,4,D,E,E,D,A,E,skip,A,A,skip,C,E,D,C,skip,B,C,B,C,C,0.35,draw
542,random,5,E,E,B,C,B,A,A,C,C,A,A,B,skip,A,A,D,A,E,skip,skip,0.25,draw
542,random,6,D,B,E,E,D,E,B,E,C,C,C,E,C,E,D,E,B,E,A,skip,0.3,draw
543,random,1,skip,A,C,E,A,D,A,E,E,B,C,A,B,C,A,skip,D,B,D,skip,0.3,draw
543,random,2,E,B,D,A,B,A,skip,A,skip,A,E,E,D,A,C,E,D,skip,D,skip,0.35,draw
543,random,3,C,A,D,D,C,E,C,D,E,A,D,D,skip,D,A,A,skip,E,C,skip,0.35,draw
543,random,4,E,D,B,B,D,skip,D,E,B,C,C,A,D,A,D,E,C,A,C,B,0.4,draw
543,random,5,C,C,E,A,A,B,D,E,A,E,D,D,C,skip,A,D,skip,A,C,E,0.4,draw
543,random,6,skip,skip,B,E,C,D,B,C,C,skip,A,A,skip,B,A,C,A,D,C,skip,0.4,draw
544,random,1,E,skip,E,E,A,E,D,A,A,skip,A,skip,C,D,B,A,D,A,C,A,0.25,draw
544,random,2,A,B,D,skip,C,E,D,B,A,E,C,C,B,A,skip,D,C,C,A,D,0.35,draw
544,random,3,C,E,skip,skip,D,skip,skip,skip,B,B,skip,skip,D,D,E,E,E,skip,A,B,0.4,draw
544,random,4,A,skip,E,A,D,D,D,B,skip,D,D,D,C,C,B,D,C,A,B,E,0.4,draw
544,random,5,E,A,B,skip,skip,A,B,E,skip,skip,A,B,A,D,E,skip,B,D,E,skip,0.4,draw
544,random,6,E,B,B,E,D,E,C,C,E,E,B,C,C,E,C,A,B,E,D,skip,0.4,draw
545,random,1,E,A,E,B,C,skip,C,D,D,C,skip,C,B,C,C,A,B,A,skip,skip,0.3,draw
545,random,2,B,C,B,C,B,D,E,skip,skip,A,E,A,A,A,skip,E,E,A,B,E,0.4,draw
545,random,3,A,B,A,E,E,D,B,D,D,A,D,C,skip,skip,B,B,D,skip,C,E,0.45,draw
545,random,4,skip,A,skip,C,D,B,E,D,B,E,skip,skip,skip,skip,C,A,skip,B,skip,E,0.1,draw
545,random,5,E,A,C,B,A,A,A,D,A,E,E,E,D,skip,skip,A,D,B,B,B,0.3,draw
545,random,6,D,B,B,skip,D,A,A,A,E,A,A,D,C,E,D,C,B,C,E,D,0.6,draw
546,random,1,E,skip,skip,C,E,B,A,D,D,D,D,E,skip,E,B,E,C,D,B,skip,0.3,draw
546,random,2,skip,C,B,E,E,A,skip,B,skip,A,C,E,skip,E,A,skip,D,skip,C,skip,0.1,draw
546,random,3,D,C,E,skip,A,skip,C,skip,B,B,D,D,B,A,skip,B,E,E,skip,C,0.3,draw
546,random,4,B,A,D,E,D,E,C,skip,C,C,C,skip,A,C,D,E,skip,E,E,C,0.35,draw
546,random,5,B,skip,C,C,A,E,D,E,D,A,skip,A,C,skip,E,A,E,B,E,E,0.35,draw
546,random,6,skip,B,B,B,D,D,A,B,E,A,D,A,E,A,A,B,C,D,C,E,0.25,draw
547,random,1,C,A,B,E,E,B,C,C,skip,D,D,A,skip,C,E,E,C,A,B,E,0.4,draw
547,random,2,A,C,B,A,D,C,B,C,skip,D,D,C,skip,E,C,skip,B,D,B,skip,0.35,draw
547,random,3,B,skip,B,skip,B,skip,skip,skip,D,B,B,B,B,E,D,skip,skip,E,C,C,0.4,draw
547,random,4,B,C,A,B,skip,B,E,B,B,E,E,A,A,D,skip,E,A,skip,C,skip,0.4,draw
547,random,5,skip,B,skip,B,C,B,D,skip,E,C,A,skip,A,E,E,A,D,skip,A,A,0.3,draw
547,random,6,E,D,E,C,C,A,D,C,skip,skip,D,C,A,C,D,D,D,D,E,A,0.35,draw
548,random,1,D,C,B,E,C,B,C,B,skip,B,A,skip,B,C,B,D,A,E,E,E,0.35,draw
548,random,2,skip,A,C,B,D,E,D,C,A,B,B,D,skip,D,B,B,C,D,D,C,0.2,draw
548,random,3,D,A,B,skip,E,A,B,D,A,D,D,A,B,C,E,A,A,E,skip,skip,0.25,draw
548,random,4,C,A,B,C,E,A,E,C,D,C,D,E,D,D,B,B,A,C,D,E,0.3,draw
548,random,5,D,skip,D,skip,D,B,skip,E,A,A,B,B,C,E,skip,E,B,D,skip,C,0.4,draw
548,random,6,skip,A,skip,C,skip,E,C,D,A,skip,skip,E,A,A,D,B,C,D,C,skip,0.2,draw
549,random,1,C,skip,A,A,B,A,E,C,B,C,D,D,E,skip,skip,skip,skip,C,skip,skip,0.25,draw
549,random,2,skip,C,A,D,skip,skip,skip,E,C,B,skip,C,D,D,D,E,C,skip,C,D,0.4,draw
549,random,3,B,skip,E,C,A,A,A,B,A,B,B,skip,C,B,D,skip,A,C,B,D,0.3,draw
549,random,4,D,D,B,B,E,B,A,B,B,E,D,E,B,B,D,E,C,C,D,skip,0.45,draw
549,random,5,E,B,C,A,C,C,B,skip,skip,C,E,E,C,E,B,E,A,B,A,B,0.45,draw
549,random,6,C,A,C,A,A,skip,B,B,E,skip,D,skip,skip,E,E,A,skip,A,E,A,0.35,draw
550,random,1,A,E,skip,A,D,B,D,B,E,D,skip,A,B,A,D,B,C,D,C,C,0.35,draw
550,random,2,E,D,D,A,D,E,skip,C,B,E,skip,C,skip,D,skip,B,B,C,skip,C,0.25,draw
550,random,3,E,C,C,B,C,C,B,B,A,skip,A,skip,A,skip,E,C,B,A,D,D,0.6,draw
550,random,4,E,B,skip,D,A,E,skip,B,D,E,skip,skip,B,B,C,C,B,skip,B,B,0.25,draw
550,random,5,skip,B,A,skip,E,B,skip,B,D,skip,E,E,skip,B,skip,C,A,E,A,A,0.4,draw
550,random,6,D,skip,E,A,D,C,D,D,E,B,skip,A,C,D,skip,skip,C,C,E,E,0.35,draw
551,random,1,D,E,skip,A,C,D,skip,D,skip,C,skip,D,B,C,B,A,B,B,B,B,0.3,draw
551,random,2,C,B,A,E,C,B,B,A,D,B,E,A,B,D,D,B,C,skip,C,D,0.4,draw
551,random,3,B,D,skip,C,skip,A,E,A,B,E,E,B,B,D,C,D,B,E,skip,E,0.3,draw
551,random,4,skip,E,C,B,B,skip,A,skip,A,E,A,B,A,B,C,A,E,D,D,skip,0.35,draw
551,random,5,B,C,skip,A,D,A,B,C,D,C,B,C,D,B,A,B,D,E,E,skip,0.4,draw
551,random,6,B,B,A,B,skip,E,A,E,E,skip,D,A,C,C,B,skip,D,A,D,B,0.3,draw
552,random,1,skip,B,E,A,E,skip,skip,C,B,A,skip,skip,E,B,E,D,skip,skip,E,D,0.25,draw
552,random,2,skip,E,C,skip,E,A,E,A,E,E,B,E,A,B,skip,A,D,skip,A,D,0.3,draw
552,random,3,D,B,B,B,D,A,E,E,skip,C,A,skip,skip,D,A,C,E,A,C,A,0.4,draw
552,random,4,A,E,B,D,C,A,skip,skip,E,D,E,D,skip,B,C,skip,E,A,E,A,0.25,draw
552,random,5,C,E,A,C,E,A,skip,B,C,E,D,B,D,A,skip,C,C,D,B,D,0.5,draw
552,random,6,A,C,E,E,D,skip,B,C,B,B,B,A,skip,B,C,A,C,E,B,skip,0.3,draw
553,random,1,D,A,skip,C,D,D,B,skip,C,B,B,C,D,B,skip,B,E,B,D,E,0.25,draw
553,random,2,D,D,skip,E,E,A,A,B,B,D,skip,C,C,A,C,E,B,A,A,D,0.35,draw
553,random,3,A,A,B,E,C,E,C,skip,A,D,B,B,C,A,B,skip,A,C,D,E,0.25,draw
553,random,4,E,C,C,D,C,A,D,B,E,D,A,C,D,A,E,skip,A,C,C,A,0.25,draw
553,random,5,E,C,C,C,skip,C,B,C,B,A,B,C,A,B,B,E,C,C,B,A,0.25,draw
553,random,6,E,A,B,skip,C,B,E,B,skip,A,B,D,D,E,E,E,E,B,A,A,0.2,draw
554,random,1,D,C,D,E,D,E,A,skip,skip,B,skip,skip,D,D,B,D,A,B,A,A,0.35,draw
554,random,2,A,A,skip,C,C,A,E,E,skip,skip,skip,B,E,D,C,C,B,B,E,skip,0.3,draw
554,random,3,A,D,A,E,D,E,B,A,D,A,D,E,B,D,A,C,skip,C,D,skip,0.35,draw
554,random,4,B,C,B,E,C,skip,E,A,C,C,B,skip,A,B,E,D,E,A,B,skip,0.45,draw
554,random,5,C,B,E,D,skip,A,skip,C,E,B,E,D,A,D,A,skip,C,skip,D,skip,0.35,draw
554,random,6,A,D,E,skip,C,D,skip,E,E,B,skip,B,D,E,skip,C,E,C,skip,B,0.15,draw
555,random,1,D,D,D,E,D,A,skip,E,C,A,A,D,D,D,D,skip,A,skip,E,skip,0.2,draw
555,random,2,D,B,C,E,B,A,E,skip,E,skip,A,C,A,skip,D,D,E,C,B,D,0.4,draw
555,random,3,D,skip,B,E,C,D,D,C,skip,skip,B,D,C,B,A,skip,E,E,C,E,0.45,draw
555,random,4,D,A,D,A,B,C,C,B,skip,C,E,E,C,D,skip,D,A,A,D,E,0.35,draw
555,random,5,B,C,D,E,B,C,C,D,B,E,C,B,B,C,B,B,skip,B,A,C,0.55,draw
555,random,6,C,C,E,D,A,skip,A,E,B,C,skip,D,D,B,skip,C,skip,C,E,C,0.3,draw
556,rotate,1,A,B,C,D,E,skip,A,B,C,D,E,skip,A,B,C,D,E,skip,A,B,0.55,rotate
556,random,2,skip,skip,A,E,E,B,B,A,A,D,A,A,B,skip,C,E,D,A,A,E,0.35,rotate
556,random,3,E,C,skip,skip,D,E,A,C,D,A,E,A,C,C,D,B,B,skip,B,A,0.35,rotate
556,rotate,4,D,E,skip,A,B,C,D,E,skip,A,B,C,D,E,skip,A,B,C,D,E,0.7,rotate
556,rotate,5,E,skip,A,B,C,D,E,skip,A,B,C,D,E,skip,A,B,C,D,E,skip,0.6,rotate
556,rotate,6,skip,A,B,C,D,E,skip,A,B,C,D,E,skip,A,B,C,D,E,skip,A,0.55,rotate
557,rotate,1,A,B,C,D,E,skip,A,B,C,D,E,skip,A,B,C,D,E,skip,A,B,0.6,rotate
557,rotate,2,B,C,D,E,skip,A,B,C,D,E,skip,A,B,C,D,E,skip,A,B,C,0.7,rotate
557,random,3,E,D,skip,B,skip,C,D,E,skip,skip,B,C,skip,A,E,skip,C,D,E,A,0.15,rotate
557,rotate,4,D,E,skip,A,B,C,D,E,skip,A,B,C,D,E,skip,A,B,C,D,E,0.45,rotate
557,rotate,5,E,skip,A,B,C,D,E,skip,A,B,C,D,E,skip,A,B,C,D,E,skip,0.45,rotate
557,random,6,A,B,C,A,C,A,E,skip,B,skip,E,B,B,E,E,C,A,A,A,E,0.2,rotate
558,rotate,1,A,B,C,D,E,skip,A,B,C,D,E,skip,A,B,C,D,E,skip,A,B,0.7,rotate
558,rotate,2,B,C,D,E,skip,A,B,C,D,E,skip,A,B,C,D,E,skip,A,B,C,0.55,rotate
558,random,3,D,skip,skip,E,B,D,E,A,A,skip,E,A,D,A,A,B,skip,D,A,skip,0.15,rotate
558,random,4,C,A,B,skip,A,A,skip,D,D,A,C,skip,B,D,D,B,A,E,skip,B,0.3,rotate
558,rotate,5,E,skip,A,B,C,D,E,skip,A,B,C,D,E,skip,A,B,C,D,E,skip,0.45,rotate
558,rotate,6,skip,A,B,C,D,E,skip,A,B,C,D,E,skip,A,B,C,D,E,skip,A,0.55,rotate
559,rotate,1,A,B,C,D,E,skip,A,B,C,D,E,skip,A,B,C,D,E,skip,A,B,0.55,rotate
559,random,2,skip,A,B,C,B,C,E,E,skip,C,D,E,B,C,C,skip,E,C,B,A,0.15,rotate
559,rotate,3,C,D,E,skip,A,B,C,D,E,skip,A,B,C,D,E,skip,A,B,C,D,0.8,rotate
559,rotate,4,D,E,skip,A,B,C,D,E,skip,A,B,C,D,E,skip,A,B,C,D,E,0.55,rotate
559,random,5,A,B,D,D,D,skip,skip,D,skip,skip,C,skip,A,skip,A,skip,B,skip,B,E,0.15,rotate
559,rotate,6,skip,A,B,C,D,E,skip,A,B,C,D,E,skip,A,B,C,D,E,skip,A,0.4,rotate
560,rotate,1,A,B,C,D,E,skip,A,B,C,D,E,skip,A,B,C,D,E,skip,A,B,0.5,rotate
560,rotate,2,B,C,D,E,skip,A,B,C,D,E,skip,A,B,C,D,E,skip,A,B,C,0.7,rotate
560,random,3,E,B,E,D,E,B,E,A,B,B,E,D,A,skip,C,C,skip,A,skip,E,0.1,rotate
560,rotate,4,D,E,skip,A,B,C,D,E,skip,A,B,C,D,E,skip,A,B,C,D,E,0.5,rotate
560,random,5,E,skip,E,B,B,B,D,A,C,B,E,C,B,E,skip,C,B,C,B,skip,0.05,rotate
560,rotate,6,skip,A,B,C,D,E,skip,A,B,C,D,E,skip,A,B,C,D,E,skip,A,0.65,rotate
561,rotate,1,A,B,C,D,E,skip,A,B,C,D,E,skip,A,B,C,D,E,skip,A,B,0.65,rotate
561,rotate,2,B,C,D,E,skip,A,B,C,D,E,skip,A,B,C,D,E,skip,A,B,C,0.6,rotate
561,rotate,3,C,D,E,skip,A,B,C,D,E,skip,A,B,C,D,E,skip,A,B,C,D,0.55,rotate
561,rotate,4,D,E,skip,A,B,C,D,E,skip,A,B,C,D,E,skip,A,B,C,D,E,0.65,rotate
561,random,5,E,A,B,D,skip,skip,skip,skip,B,A,A,B,B,C,B,B,A,C,skip,skip,0.25,rotate
561,random,6,D,A,A,D,skip,B,C,B,C,E,A,B,skip,A,E,D,skip,A,D,C,0.1,rotate
562,random,1,skip,skip,B,D,skip,B,A,E,E,E,A,D,C,E,D,A,C,A,C,B,0.25,rotate
562,random,2,E,C,E,A,E,D,B,D,E,D,A,A,A,A,B,B,B,C,C,B,0.3,rotate
562,rotate,3,C,D,E,skip,A,B,C,D,E,skip,A,B,C,D,E,skip,A,B,C,D,0.5,rotate
562,rotate,4,D,E,skip,A,B,C,D,E,skip,A,B,C,D,E,skip,A,B,C,D,E,0.55,rotate
562,rotate,5,E,skip,A,B,C,D,E,skip,A,B,C,D,E,skip,A,B,C,D,E,skip,0.55,rotate
562,rotate,6,skip,A,B,C,D,E,skip,A,B,C,D,E,skip,A,B,C,D,E,skip,A,0.65,rotate
563,random,1,B,skip,skip,C,skip,B,D,B,D,B,C,B,D,A,D,A,A,A,E,D,0.2,rotate
563,rotate,2,B,C,D,E,skip,A,B,C,D,E,skip,A,B,C,D,E,skip,A,B,C,0.55,rotate
563,random,3,skip,A,C,C,D,skip,A,D,D,E,A,D,skip,E,B,E,B,skip,D,D,0.2,rotate
563,rotate,4,D,E,skip,A,B,C,D,E,skip,A,B,C,D,E,skip,A,B,C,D,E,0.55,rotate
563,rotate,5,E,skip,A,B,C,D,E,skip,A,B,C,D,E,skip,A,B,C,D,E,skip,0.6,rotate
563,rotate,6,skip,A,B,C,D,E,skip,A,B,C,D,E,skip,A,B,C,D,E,skip,A,0.55,rotate
564,random,1,skip,D,C,E,skip,C,E,A,B,skip,B,B,C,D,skip,E,B,B,D,skip,0.05,rotate
564,rotate,2,B,C,D,E,skip,A,B,C,D,E,skip,A,B,C,D,E,skip,A,B,C,0.55,rotate
564,rotate,3,C,D,E,skip,A,B,C,D,E,skip,A,B,C,D,E,skip,A,B,C,D,0.5,rotate
564,rotate,4,D,E,skip,A,B,C,D,E,skip,A,B,C,D,E,skip,A,B,C,D,E,0.55,rotate
564,rotate,5,E,skip,A,B,C,D,E,skip,A,B,C,D,E,skip,A,B,C,D,E,skip,0.6,rotate
564,random,6,E,C,C,B,skip,B,B,D,B,A,B,C,skip,D,B,C,C,A,B,A,0.15,rotate
565,rotate,1,A,B,C,D,E,skip,A,B,C,D,E,skip,A,B,C,D,E,skip,A,B,0.55,rotate
565,random,2,A,D,D,C,skip,E,A,B,B,skip,C,E,B,D,B,skip,C,skip,C,C,0.15,rotate
565,rotate,3,C,D,E,skip,A,B,C,D,E,skip,A,B,C,D,E,skip,A,B,C,D,0.45,rotate
565,random,4,C,D,E,D,skip,C,D,D,D,B,A,B,A,B,A,skip,D,C,skip,E,0.25,rotate
565,rotate,5,E,skip,A,B,C,D,E,skip,A,B,C,D,E,skip,A,B,C,D,E,skip,0.6,rotate
565,rotate,6,skip,A,B,C,D,E,skip,A,B,C,D,E,skip,A,B,C,D,E,skip,A,0.5,rotate
566,rotate,1,A,B,C,D,E,skip,A,B,C,D,E,skip,A,B,C,D,E,skip,A,B,0.55,rotate
566,rotate,2,B,C,D,E,skip,A,B,C,D,E,skip,A,B,C,D,E,skip,A,B,C,0.6,rotate
566,rotate,3,C,D,E,skip,A,B,C,D,E,skip,A,B,C,D,E,skip,A,B,C,D,0.55,rotate
566,random,4,D,A,skip,B,D,B,C,E,D,B,A,D,B,C,D,C,B,C,D,B,0.25,rotate
566,random,5,A,B,skip,B,E,C,A,D,skip,E,D,E,B,D,B,D,A,C,D,A,0.05,rotate
566,rotate,6,skip,A,B,C,D,E,skip,A,B,C,D,E,skip,A,B,C,D,E,skip,A,0.45,rotate
567,rotate,1,A,B,C,D,E,skip,A,B,C,D,E,skip,A,B,C,D,E,skip,A,B,0.55,rotate
567,rotate,2,B,C,D,E,skip,A,B,C,D,E,skip,A,B,C,D,E,skip,A,B,C,0.45,rotate
567,rotate,3,C,D,E,skip,A,B,C,D,E,skip,A,B,C,D,E,skip,A,B,C,D,0.6,rotate
567,random,4,E,skip,E,A,C,B,E,B,C,E,B,skip,D,D,E,A,B,skip,D,C,0.3,rotate
567,rotate,5,E,skip,A,B,C,D,E,skip,A,B,C,D,E,skip,A,B,C,D,E,skip,0.55,rotate
567,random,6,B,D,D,skip,D,A,E,A,D,B,E,A,E,B,B,E,E,skip,A,C,0.15,rotate
568,random,1,skip,E,E,D,skip,E,skip,E,E,E,skip,B,B,A,A,E,D,A,A,C,0.2,rotate
568,rotate,2,B,C,D,E,skip,A,B,C,D,E,skip,A,B,C,D,E,skip,A,B,C,0.4,rotate
568,rotate,3,C,D,E,skip,A,B,C,D,E,skip,A,B,C,D,E,skip,A,B,C,D,0.65,rotate
568,random,4,skip,C,A,A,E,C,B,C,skip,D,D,B,D,skip,skip,E,A,D,B,E,0.3,rotate
568,rotate,5,E,skip,A,B,C,D,E,skip,A,B,C,D,E,skip,A,B,C,D,E,skip,0.65,rotate
568,rotate,6,skip,A,B,C,D,E,skip,A,B,C,D,E,skip,A,B,C,D,E,skip,A,0.6,rotate
569,rotate,1,A,B,C,D,E,skip,A,B,C,D,E,skip,A,B,C,D,E,skip,A,B,0.5,rotate
569,random,2,skip,skip,C,A,E,A,B,B,E,C,C,B,B,A,D,C,E,skip,skip,E,0.35,rotate
569,rotate,3,C,D,E,skip,A,B,C,D,E,skip,A,B,C,D,E,skip,A,B,C,D,0.6,rotate
569,rotate,4,D,E,skip,A,B,C,D,E,skip,A,B,C,D,E,skip,A,B,C,D,E,0.7,rotate
569,rotate,5,E,skip,A,B,C,D,E,skip,A,B,C,D,E,skip,A,B,C,D,E,skip,0.6,rotate
569,random,6,A,E,skip,skip,A,E,E,A,skip,B,E,A,skip,D,B,E,A,D,A,skip,0.25,rotate
570,random,1,B,B,C,D,skip,B,A,A,E,E,skip,D,D,B,D,E,A,skip,B,C,0.3,rotate
570,rotate,2,B,C,D,E,skip,A,B,C,D,E,skip,A,B,C,D,E,skip,A,B,C,0.45,rotate
570,rotate,3,C,D,E,skip,A,B,C,D,E,skip,A,B,C,D,E,skip,A,B,C,D,0.55,rotate
570,rotate,4,D,E,skip,A,B,C,D,E,skip,A,B,C,D,E,skip,A,B,C,D,E,0.7,rotate
570,random,5,skip,A,E,A,C,skip,C,D,E,E,E,skip,E,C,skip,E,D,A,E,E,0.2,rotate
570,rotate,6,skip,A,B,C,D,E,skip,A,B,C,D,E,skip,A,B,C,D,E,skip,A,0.65,rotate
571,rotate,1,A,B,C,D,E,skip,A,B,C,D,E,skip,A,B,C,D,E,skip,A,B,0.85,draw
571,rotate,2,B,C,D,E,skip,A,B,C,D,E,skip,A,B,C,D,E,skip,A,B,C,0.85,draw
571,rotate,3,C,D,E,skip,A,B,C,D,E,skip,A,B,C,D,E,skip,A,B,C,D,0.85,draw
571,rotate,4,D,E,skip,A,B,C,D,E,skip,A,B,C,D,E,skip,A,B,C,D,E,0.85,draw
571,rotate,5,E,skip,A,B,C,D,E,skip,A,B,C,D,E,skip,A,B,C,D,E,skip,0.8,draw
571,rotate,6,skip,A,B,C,D,E,skip,A,B,C,D,E,skip,A,B,C,D,E,skip,A,0.8,draw
572,rotate,1,A,B,C,D,E,skip,A,B,C,D,E,skip,A,B,C,D,E,skip,A,B,0.85,draw
572,rotate,2,B,C,D,E,skip,A,B,C,D,E,skip,A,B,C,D,E,skip,A,B,C,0.85,draw
572,rotate,3,C,D,E,skip,A,B,C,D,E,skip,A,B,C,D,E,skip,A,B,C,D,0.85,draw
572,rotate,4,D,E,skip,A,B,C,D,E,skip,A,B,C,D,E,skip,A,B,C,D,E,0.85,draw
572,rotate,5,E,skip,A,B,C,D,E,skip,A,B,C,D,E,skip,A,B,C,D,E,skip,0.8,draw
572,rotate,6,skip,A,B,C,D,E,skip,A,B,C,D,E,skip,A,B,C,D,E,skip,A,0.8,draw
573,rotate,1,A,B,C,D,E,skip,A,B,C,D,E,skip,A,B,C,D,E,skip,A,B,0.85,draw
573,rotate,2,B,C,D,E,skip,A,B,C,D,E,skip,A,B,C,D,E,skip,A,B,C,0.85,draw
573,rotate,3,C,D,E,skip,A,B,C,D,E,skip,A,B,C,D,E,skip,A,B,C,D,0.85,draw
573,rotate,4,D,E,skip,A,B,C,D,E,skip,A,B,C,D,E,skip,A,B,C,D,E,0.85,draw
573,rotate,5,E,skip,A,B,C,D,E,skip,A,B,C,D,E,skip,A,B,C,D,E,skip,0.8,draw
573,rotate,6,skip,A,B,C,D,E,skip,A,B,C,D,E,skip,A,B,C,D,E,skip,A,0.8,draw
574,rotate,1,A,B,C,D,E,skip,A,B,C,D,E,skip,A,B,C,D,E,skip,A,B,0.85,draw
574,rotate,2,B,C,D,E,skip,A,B,C,D,E,skip,A,B,C,D,E,skip,A,B,C,0.85,draw
574,rotate,3,C,D,E,skip,A,B,C,D,E,skip,A,B,C,D,E,skip,A,B,C,D,0.85,draw
574,rotate,4,D,E,skip,A,B,C,D,E,skip,A,B,C,D,E,skip,A,B,C,D,E,0.85,draw
574,rotate,5,E,skip,A,B,C,D,E,skip,A,B,C,D,E,skip,A,B,C,D,E,skip,0.8,draw
574,rotate,6,skip,A,B,C,D,E,skip,A,B,C,D,E,skip,A,B,C,D,E,skip,A,0.8,draw
575,rotate,1,A,B,C,D,E,skip,A,B,C,D,E,skip,A,B,C,D,E,skip,A,B,0.85,draw
575,rotate,2,B,C,D,E,skip,A,B,C,D,E,skip,A,B,C,D,E,skip,A,B,C,0.85,draw
575,rotate,3,C,D,E,skip,A,B,C,D,E,skip,A,B,C,D,E,skip,A,B,C,D,0.85,draw
575,rotate,4,D,E,skip,A,B,C,D,E,skip,A,B,C,D,E,skip,A,B,C,D,E,0.85,draw
575,rotate,5,E,skip,A,B,C,D,E,skip,A,B,C,D,E,skip,A,B,C,D,E,skip,0.8,draw
575,rotate,6,skip,A,B,C,D,E,skip,A,B,C,D,E,skip,A,B,C,D,E,skip,A,0.8,draw
576,rotate,1,A,B,C,D,E,skip,A,B,C,D,E,skip,A,B,C,D,E,skip,A,B,0.85,draw
576,rotate,2,B,C,D,E,skip,A,B,C,D,E,skip,A,B,C,D,E,skip,A,B,C,0.85,draw
576,rotate,3,C,D,E,skip,A,B,C,D,E,skip,A,B,C,D,E,skip,A,B,C,D,0.85,draw
576,rotate,4,D,E,skip,A,B,C,D,E,skip,A,B,C,D,E,skip,A,B,C,D,E,0.85,draw
576,rotate,5,E,skip,A,B,C,D,E,skip,A,B,C,D,E,skip,A,B,C,D,E,skip,0.8,draw
576,rotate,6,skip,A,B,C,D,E,skip,A,B,C,D,E,skip,A,B,C,D,E,skip,A,0.8,draw
577,rotate,1,A,B,C,D,E,skip,A,B,C,D,E,skip,A,B,C,D,E,skip,A,B,0.85,draw
577,rotate,2,B,C,D,E,skip,A,B,C,D,E,skip,A,B,C,D,E,skip,A,B,C,0.85,draw
577,rotate,3,C,D,E,skip,A,B,C,D,E,skip,A,B,C,D,E,skip,A,B,C,D,0.85,draw
577,rotate,4,D,E,skip,A,B,C,D,E,skip,A,B,C,D,E,skip,A,B,C,D,E,0.85,draw
577,rotate,5,E,skip,A,B,C,D,E,skip,A,B,C,D,E,skip,A,B,C,D,E,skip,0.8,draw
577,rotate,6,skip,A,B,C,D,E,skip,A,B,C,D,E,skip,A,B,C,D,E,skip,A,0.8,draw
578,rotate,1,A,B,C,D,E,skip,A,B,C,D,E,skip,A,B,C,D,E,skip,A,B,0.85,draw
578,rotate,2,B,C,D,E,skip,A,B,C,D,E,skip,A,B,C,D,E,skip,A,B,C,0.85,draw
578,rotate,3,C,D,E,skip,A,B,C,D,E,skip,A,B,C,D,E,skip,A,B,C,D,0.85,draw
578,rotate,4,D,E,skip,A,B,C,D,E,skip,A,B,C,D,E,skip,A,B,C,D,E,0.85,draw
578,rotate,5,E,skip,A,B,C,D,E,skip,A,B,C,D,E,skip,A,B,C,D,E,skip,0.8,draw
578,rotate,6,skip,A,B,C,D,E,skip,A,B,C,D,E,skip,A,B,C,D,E,skip,A,0.8,draw
579,rotate,1,A,B,C,D,E,skip,A,B,C,D,E,skip,A,B,C,D,E,skip,A,B,0.85,draw
579,rotate,2,B,C,D,E,skip,A,B,C,D,E,skip,A,B,C,D,E,skip,A,B,C,0.85,draw
579,rotate,3,C,D,E,skip,A,B,C,D,E,skip,A,B,C,D,E,skip,A,B,C,D,0.85,draw
579,rotate,4,D,E,skip,A,B,C,D,E,skip,A,B,C,D,E,skip,A,B,C,D,E,0.85,draw
579,rotate,5,E,skip,A,B,C,D,E,skip,A,B,C,D,E,skip,A,B,C,D,E,skip,0.8,draw
579,rotate,6,skip,A,B,C,D,E,skip,A,B,C,D,E,skip,A,B,C,D,E,skip,A,0.8,draw
580,rotate,1,A,B,C,D,E,skip,A,B,C,D,E,skip,A,B,C,D,E,skip,A,B,0.85,draw
580,rotate,2,B,C,D,E,skip,A,B,C,D,E,skip,A,B,C,D,E,skip,A,B,C,0.85,draw
580,rotate,3,C,D,E,skip,A,B,C,D,E,skip,A,B,C,D,E,skip,A,B,C,D,0.85,draw
580,rotate,4,D,E,skip,A,B,C,D,E,skip,A,B,C,D,E,skip,A,B,C,D,E,0.85,draw
580,rotate,5,E,skip,A,B,C,D,E,skip,A,B,C,D,E,skip,A,B,C,D,E,skip,0.8,draw
580,rotate,6,skip,A,B,C,D,E,skip,A,B,C,D,E,skip,A,B,C,D,E,skip,A,0.8,draw
581,rotate,1,A,B,C,D,E,skip,A,B,C,D,E,skip,A,B,C,D,E,skip,A,B,0.85,draw
581,rotate,2,B,C,D,E,skip,A,B,C,D,E,skip,A,B,C,D,E,skip,A,B,C,0.85,draw
581,rotate,3,C,D,E,skip,A,B,C,D,E,skip,A,B,C,D,E,skip,A,B,C,D,0.85,draw
581,rotate,4,D,E,skip,A,B,C,D,E,skip,A,B,C,D,E,skip,A,B,C,D,E,0.85,draw
581,rotate,5,E,skip,A,B,C,D,E,skip,A,B,C,D,E,skip,A,B,C,D,E,skip,0.8,draw
581,rotate,6,skip,A,B,C,D,E,skip,A,B,C,D,E,skip,A,B,C,D,E,skip,A,0.8,draw
582,rotate,1,A,B,C,D,E,skip,A,B,C,D,E,skip,A,B,C,D,E,skip,A,B,0.85,draw
582,rotate,2,B,C,D,E,skip,A,B,C,D,E,skip,A,B,C,D,E,skip,A,B,C,0.85,draw
582,rotate,3,C,D,E,skip,A,B,C,D,E,skip,A,B,C,D,E,skip,A,B,C,D,0.85,draw
582,rotate,4,D,E,skip,A,B,C,D,E,skip,A,B,C,D,E,skip,A,B,C,D,E,0.85,draw
582,rotate,5,E,skip,A,B,C,D,E,skip,A,B,C,D,E,skip,A,B,C,D,E,skip,0.8,draw
582,rotate,6,skip,A,B,C,D,E,skip,A,B,C,D,E,skip,A,B,C,D,E,skip,A,0.8,draw
583,rotate,1,A,B,C,D,E,skip,A,B,C,D,E,skip,A,B,C,D,E,skip,A,B,0.85,draw
583,rotate,2,B,C,D,E,skip,A,B,C,D,E,skip,A,B,C,D,E,skip,A,B,C,0.85,draw
583,rotate,3,C,D,E,skip,A,B,C,D,E,skip,A,B,C,D,E,skip,A,B,C,D,0.85,draw
583,rotate,4,D,E,skip,A,B,C,D,E,skip,A,B,C,D,E,skip,A,B,C,D,E,0.85,draw
583,rotate,5,E,skip,A,B,C,D,E,skip,A,B,C,D,E,skip,A,B,C,D,E,skip,0.8,draw
583,rotate,6,skip,A,B,C,D,E,skip,A,B,C,D,E,skip,A,B,C,D,E,skip,A,0.8,draw
584,rotate,1,A,B,C,D,E,skip,A,B,C,D,E,skip,A,B,C,D,E,skip,A,B,0.85,draw
584,rotate,2,B,C,D,E,skip,A,B,C,D,E,skip,A,B,C,D,E,skip,A,B,C,0.85,draw
584,rotate,3,C,D,E,skip,A,B,C,D,E,skip,A,B,C,D,E,skip,A,B,C,D,0.85,draw
584,rotate,4,D,E,skip,A,B,C,D,E,skip,A,B,C,D,E,skip,A,B,C,D,E,0.85,draw
584,rotate,5,E,skip,A,B,C,D,E,skip,A,B,C,D,E,skip,A,B,C,D,E,skip,0.8,draw
584,rotate,6,skip,A,B,C,D,E,skip,A,B,C,D,E,skip,A,B,C,D,E,skip,A,0.8,draw
585,rotate,1,A,B,C,D,E,skip,A,B,C,D,E,skip,A,B,C,D,E,skip,A,B,0.85,draw
585,rotate,2,B,C,D,E,skip,A,B,C,D,E,skip,A,B,C,D,E,skip,A,B,C,0.85,draw
585,rotate,3,C,D,E,skip,A,B,C,D,E,skip,A,B,C,D,E,skip,A,B,C,D,0.85,draw
585,rotate,4,D,E,skip,A,B,C,D,E,skip,A,B,C,D,E,skip,A,B,C,D,E,0.85,draw
585,rotate,5,E,skip,A,B,C,D,E,skip,A,B,C,D,E,skip,A,B,C,D,E,skip,0.8,draw
585,rotate,6,skip,A,B,C,D,E,skip,A,B,C,D,E,skip,A,B,C,D,E,skip,A,0.8,draw
586,random3,1,A,A,A,A,A,A,A,C,B,B,B,B,B,B,B,B,B,A,A,A,0.5,random3
586,random,2,B,C,E,B,A,skip,skip,C,A,D,B,D,A,E,D,C,D,D,E,skip,0.3,random3
586,random,3,D,E,B,skip,A,B,A,A,D,C,D,A,C,A,E,D,B,C,B,A,0.1,random3
586,random3,4,E,E,E,E,E,E,E,E,E,E,E,E,E,E,E,E,E,E,E,E,0.75,random3
586,random3,5,B,B,B,B,B,B,B,B,B,C,C,C,C,C,C,C,C,C,C,C,0.55,random3
586,random3,6,D,D,D,D,D,D,D,D,D,D,D,A,B,B,D,D,A,A,B,B,0.45,random3
587,random3,1,E,B,B,B,B,B,B,B,B,B,B,B,B,B,B,B,C,C,C,C,0.75,random3
587,random3,2,D,D,D,D,D,D,D,D,D,E,E,E,E,E,E,E,E,E,E,E,0.65,random3
587,random,3,A,B,skip,D,E,A,E,A,D,B,D,A,skip,A,C,B,E,A,skip,E,0.05,random3
587,random3,4,C,C,C,C,C,C,C,C,C,C,C,C,C,C,C,D,D,D,D,D,0.75,random3
587,random3,5,E,E,E,E,E,A,E,A,D,D,D,A,A,A,A,A,A,A,A,A,0.5,random3
587,random,6,E,C,skip,D,E,C,D,E,skip,skip,E,D,E,skip,skip,B,D,B,C,D,0.15,random3
588,random3,1,A,A,A,A,A,B,B,B,B,B,B,B,B,B,B,B,B,B,B,B,0.65,random3
588,random3,2,B,B,C,C,C,C,C,C,C,C,C,D,D,D,D,D,D,D,D,D,0.5,random3
588,random,3,D,E,D,A,A,D,skip,skip,D,C,B,E,C,skip,E,C,D,D,E,C,0.2,random3
588,random,4,C,A,skip,D,D,D,B,A,C,skip,C,skip,A,E,D,D,B,skip,D,C,0.1,random3
588,random3,5,B,B,B,B,B,B,A,A,A,A,A,A,A,A,A,A,A,A,A,A,0.75,random3
588,random3,6,D,D,D,D,E,E,E,E,E,E,E,E,C,E,C,C,C,C,C,C,0.6,random3
589,random3,1,A,A,A,E,A,A,A,A,A,A,A,A,A,A,A,A,A,A,A,A,0.65,random3
589,random,2,C,B,D,A,A,E,skip,D,B,B,C,B,D,A,E,skip,skip,B,E,skip,0.2,random3
589,random3,3,E,B,B,B,B,B,B,B,B,D,D,D,D,D,C,C,C,C,C,C,0.55,random3
589,random3,4,C,D,D,D,D,D,D,E,E,E,E,B,B,B,B,B,B,B,B,B,0.6,random3
589,random,5,E,A,skip,E,B,E,D,C,A,B,E,skip,C,D,skip,E,C,E,skip,C,0.15,random3
589,random3,6,A,A,A,C,C,C,C,C,C,C,C,B,B,B,C,D,D,D,D,D,0.55,random3
590,random3,1,C,C,C,C,B,C,C,C,C,B,B,B,C,B,B,D,D,D,D,D,0.55,random3
590,random3,2,D,D,D,D,D,D,D,D,D,D,D,D,D,B,B,B,B,B,B,B,0.7,random3
590,random,3,skip,skip,D,E,A,C,B,D,C,C,skip,B,C,D,B,skip,skip,A,A,A,0.2,random3
590,random3,4,B,E,E,E,E,E,E,E,E,E,E,E,C,E,E,E,E,E,E,E,0.7,random3
590,random,5,B,skip,D,C,B,B,skip,A,E,C,skip,E,D,skip,C,B,C,skip,E,D,0.15,random3
590,random3,6,A,A,A,A,A,A,A,A,A,A,A,A,A,A,A,A,A,A,C,C,0.85,random3
591,random3,1,C,C,C,C,A,A,A,A,A,A,A,A,A,A,A,A,A,A,A,A,0.75,random3
591,random3,2,E,E,D,D,E,C,C,C,C,C,C,C,C,C,C,C,C,C,C,C,0.5,random3
591,random3,3,E,E,B,B,B,B,B,B,B,B,B,E,E,D,D,D,D,D,D,D,0.55,random3
591,random3,4,C,C,D,D,D,D,E,E,E,E,D,D,D,D,E,E,E,E,E,E,0.55,random3
591,random,5,E,A,E,D,E,E,C,skip,C,E,B,skip,E,D,B,A,E,skip,A,B,0.2,random3
591,random,6,A,A,A,C,E,D,B,E,D,D,C,B,B,C,D,skip,skip,D,D,C,0.3,random3
592,random,1,C,D,B,D,C,E,B,C,B,skip,A,A,C,D,D,C,D,A,B,B,0.25,random3
592,random,2,E,A,E,D,C,C,A,skip,skip,E,A,A,D,E,E,B,B,B,D,C,0.1,random3
592,random3,3,B,B,B,D,D,D,D,D,D,D,D,D,D,D,D,D,D,A,A,A,0.55,random3
592,random3,4,B,B,E,C,C,C,B,B,B,E,B,B,B,B,B,B,B,B,B,D,0.35,random3
592,random3,5,A,A,A,A,A,A,A,A,A,A,A,A,E,E,E,E,E,E,E,E,0.7,random3
592,random3,6,B,B,B,B,B,B,B,B,B,C,C,C,C,C,C,C,C,C,C,C,0.55,random3
593,random,1,E,C,skip,E,C,B,E,B,B,D,D,D,C,A,B,E,C,D,B,B,0.3,random3
593,random3,2,A,A,A,E,E,E,E,C,E,E,E,E,E,E,E,E,E,E,E,E,0.6,random3
593,random,3,A,A,A,E,skip,A,E,C,A,B,B,A,A,D,C,D,B,A,C,E,0.05,random3
593,random3,4,C,C,C,C,C,A,A,A,A,C,C,C,C,C,C,C,C,C,C,C,0.55,random3
593,random3,5,B,B,B,B,B,B,B,B,B,B,B,B,B,B,B,B,B,D,D,D,0.6,random3
593,random3,6,D,D,D,D,D,D,D,D,D,D,A,A,A,D,C,C,A,A,A,A,0.65,random3
594,random,1,B,C,A,C,E,E,E,B,E,E,E,skip,B,B,skip,skip,skip,skip,skip,B,0.15,random3
594,random3,2,E,E,E,E,E,E,E,E,E,E,E,E,E,E,E,E,C,C,C,C,0.5,random3
594,random3,3,A,A,A,A,A,A,A,A,A,A,A,A,A,A,A,A,A,A,A,A,0.75,random3
594,random3,4,D,D,B,B,B,B,B,B,B,B,B,B,B,B,B,B,B,B,B,B,0.6,random3
594,random3,5,D,D,D,D,D,D,D,D,D,D,D,D,D,D,D,D,D,D,D,D,0.75,random3
594,random,6,C,skip,A,E,skip,A,A,A,E,A,skip,B,E,D,D,E,D,skip,B,C,0.05,random3
595,random3,1,D,D,D,D,D,E,E,E,E,E,E,E,E,E,E,E,E,E,E,E,0.75,random3
595,random,2,skip,E,C,C,A,skip,C,E,C,C,B,D,A,C,E,D,D,A,D,D,0.25,random3
595,random3,3,C,B,B,B,B,B,B,B,B,B,B,B,B,B,B,B,B,B,B,B,0.65,random3
595,random,4,A,B,B,A,D,A,B,A,D,skip,C,skip,C,D,C,A,C,skip,skip,C,0.3,random3
595,random3,5,C,E,E,E,E,E,E,D,D,D,D,D,D,D,D,D,D,D,D,D,0.45,random3
595,random3,6,A,A,A,A,C,C,C,C,C,A,A,A,A,B,B,A,A,A,C,C,0.5,random3
596,random3,1,C,C,C,C,C,C,C,C,C,C,C,C,B,B,B,B,B,B,B,B,0.7,random3
596,random3,2,A,A,A,A,B,B,A,A,A,B,A,A,A,A,A,A,A,A,A,A,0.7,random3
596,random3,3,E,E,E,E,D,D,D,B,D,D,D,D,D,D,D,D,D,D,E,E,0.55,random3
596,random,4,C,C,D,A,C,skip,E,E,D,skip,D,A,D,skip,B,C,B,D,E,A,0.0,random3
596,random,5,B,skip,B,A,A,B,D,B,A,B,B,C,E,E,B,skip,E,C,E,E,0.25,random3
596,random3,6,D,D,D,E,E,E,E,E,E,E,E,E,E,C,C,C,E,C,C,C,0.6,random3
597,random3,1,D,D,D,D,A,A,A,A,A,A,A,A,A,A,A,A,A,A,A,A,0.55,random3
597,random3,2,D,D,D,D,A,B,B,C,E,E,E,E,D,D,D,D,D,D,D,D,0.35,random3
597,random3,3,C,C,C,C,C,C,C,C,E,B,B,B,B,B,B,B,B,B,D,D,0.7,random3
597,random,4,D,skip,A,B,skip,skip,E,B,E,D,C,C,C,skip,skip,skip,B,B,A,C,0.3,random3
597,random3,5,B,B,E,E,E,D,D,D,D,D,E,E,E,E,E,E,E,E,E,E,0.65,random3
597,random,6,E,B,D,D,E,A,B,B,D,C,E,C,A,A,E,D,skip,C,C,skip,0.2,random3
598,random,1,E,D,A,B,E,A,B,A,skip,E,A,D,C,skip,D,B,B,C,B,skip,0.2,random3
598,random3,2,B,D,D,D,C,C,C,C,B,B,B,B,B,B,B,B,B,D,D,D,0.5,random3
598,random3,3,B,A,A,E,C,D,D,D,D,D,D,D,D,D,D,C,E,E,E,E,0.5,random3
598,random,4,skip,B,C,E,A,E,A,C,skip,D,B,C,B,E,E,B,C,E,C,B,0.2,random3
598,random3,5,C,A,A,E,E,E,E,E,E,E,C,C,C,A,A,A,A,A,A,A,0.55,random3
598,random3,6,C,D,D,D,A,A,A,A,A,A,A,E,E,E,C,C,C,C,C,C,0.3,random3
599,random3,1,A,A,A,D,D,D,E,E,E,E,E,E,E,E,E,E,E,E,E,E,0.7,random3
599,random,2,A,A,E,skip,E,D,A,skip,C,C,D,B,B,C,skip,D,skip,D,C,B,0.05,random3
599,random3,3,A,A,A,A,A,A,A,A,A,A,A,A,A,A,A,A,A,A,B,B,0.5,random3
599,random3,4,C,C,C,C,C,C,C,C,C,C,D,D,D,D,D,D,D,D,D,D,0.5,random3
599,random3,5,C,C,B,B,B,B,B,B,B,B,B,B,B,B,B,B,C,C,C,A,0.6,random3
599,random,6,B,A,E,C,E,A,B,E,A,A,skip,A,D,B,C,B,E,A,D,B,0.1,random3
600,random,1,E,E,B,B,A,C,D,C,C,B,D,skip,B,A,D,A,D,C,D,B,0.3,random3
600,random3,2,A,E,D,D,D,D,E,B,B,B,C,C,C,C,C,C,C,A,A,A,0.4,random3
600,random3,3,C,C,C,C,C,C,C,C,C,E,D,D,D,D,D,D,C,C,C,A,0.4,random3
600,random3,4,A,C,D,A,E,D,E,B,B,B,B,B,B,E,E,E,E,E,E,E,0.35,random3
600,random,5,D,E,D,A,B,B,D,skip,D,E,skip,B,C,A,E,D,B,skip,C,skip,0.2,random3
600,random3,6,B,B,B,A,E,A,A,A,A,A,A,A,A,A,B,B,B,A,B,B,0.65,random3
601,random3,1,C,A,B,C,B,B,C,C,C,C,C,C,D,D,D,D,D,D,D,D,0.25,random3
601,rotate,2,B,C,D,E,skip,A,B,C,D,E,skip,A,B,C,D,E,skip,A,B,C,0.4,random3
601,rotate,3,C,D,E,skip,A,B,C,D,E,skip,A,B,C,D,E,skip,A,B,C,D,0.1,random3
601,random3,4,E,E,E,E,E,E,E,E,E,E,B,B,B,A,A,A,A,A,A,A,0.6,random3
601,random3,5,D,D,B,C,B,B,C,C,C,C,C,C,C,C,C,C,C,C,C,E,0.25,random3
601,random3,6,A,A,B,A,A,A,A,A,A,A,A,E,E,E,E,E,E,E,E,E,0.6,random3
602,random3,1,E,E,C,A,A,A,A,A,A,A,A,A,A,A,A,A,A,A,A,A,0.55,random3
602,random3,2,E,E,C,C,E,E,D,D,E,D,E,E,E,E,E,E,E,E,E,E,0.45,random3
602,rotate,3,C,D,E,skip,A,B,C,D,E,skip,A,B,C,D,E,skip,A,B,C,D,0.2,random3
602,random3,4,E,E,C,D,D,C,C,C,C,C,B,B,D,D,B,B,B,B,B,B,0.5,random3
602,random3,5,E,B,B,B,B,B,B,B,B,D,D,C,C,C,C,C,C,C,C,C,0.55,random3
602,rotate,6,skip,A,B,C,D,E,skip,A,B,C,D,E,skip,A,B,C,D,E,skip,A,0.1,random3
603,random3,1,B,E,E,E,E,E,A,B,B,B,C,C,C,C,C,C,C,C,C,C,0.4,random3
603,random3,2,B,B,B,B,B,E,A,B,B,B,B,E,A,A,A,A,A,A,A,A,0.45,random3
603,rotate,3,C,D,E,skip,A,B,C,D,E,skip,A,B,C,D,E,skip,A,B,C,D,0.25,random3
603,rotate,4,D,E,skip,A,B,C,D,E,skip,A,B,C,D,E,skip,A,B,C,D,E,0.1,random3
603,random3,5,D,D,D,D,D,D,D,D,D,D,D,D,D,B,B,B,B,B,B,B,0.65,random3
603,random3,6,C,C,C,C,C,C,A,E,E,A,A,E,E,E,E,D,D,D,D,D,0.4,random3
604,random3,1,D,D,D,E,D,D,D,D,D,D,D,D,D,D,D,D,D,D,B,B,0.45,random3
604,rotate,2,B,C,D,E,skip,A,B,C,D,E,skip,A,B,C,D,E,skip,A,B,C,0.2,random3
604,random3,3,E,C,C,C,C,C,C,C,B,B,B,B,B,B,B,B,B,B,B,B,0.55,random3
604,random3,4,A,A,A,A,D,E,E,D,E,E,E,E,E,E,E,E,E,E,E,E,0.45,random3
604,rotate,5,E,skip,A,B,C,D,E,skip,A,B,C,D,E,skip,A,B,C,D,E,skip,0.1,random3
604,random3,6,A,A,A,A,A,A,A,A,A,C,C,C,C,C,C,C,C,C,C,C,0.5,random3
605,random3,1,C,C,C,C,C,C,C,C,C,C,C,E,E,D,E,E,E,E,E,B,0.55,random3
605,random3,2,E,E,E,E,E,E,E,B,B,B,B,B,B,B,B,B,D,D,D,D,0.55,random3
605,rotate,3,C,D,E,skip,A,B,C,D,E,skip,A,B,C,D,E,skip,A,B,C,D,0.2,random3
605,random3,4,E,E,B,B,D,D,D,D,D,D,D,D,A,A,A,A,A,A,A,A,0.6,random3
605,rotate,5,E,skip,A,B,C,D,E,skip,A,B,C,D,E,skip,A,B,C,D,E,skip,0.0,random3
605,random3,6,A,A,A,A,A,A,A,A,A,A,A,E,C,C,C,C,C,C,C,C,0.6,random3
606,random3,1,E,E,E,E,E,E,E,E,E,E,E,E,E,E,E,E,E,E,E,E,0.55,random3
606,random3,2,D,D,D,D,D,D,D,D,D,D,D,D,A,A,A,A,A,A,A,A,0.65,random3
606,random3,3,A,A,B,B,B,B,B,B,B,E,E,B,B,B,B,B,B,B,B,B,0.55,random3
606,random3,4,C,C,C,C,C,C,C,C,C,C,C,C,C,C,C,C,C,B,C,C,0.65,random3
606,rotate,5,E,skip,A,B,C,D,E,skip,A,B,C,D,E,skip,A,B,C,D,E,skip,0.2,random3
606,rotate,6,skip,A,B,C,D,E,skip,A,B,C,D,E,skip,A,B,C,D,E,skip,A,0.1,random3
607,rotate,1,A,B,C,D,E,skip,A,B,C,D,E,skip,A,B,C,D,E,skip,A,B,0.4,random3
607,rotate,2,B,C,D,E,skip,A,B,C,D,E,skip,A,B,C,D,E,skip,A,B,C,0.15,random3
607,random3,3,C,C,C,C,C,C,C,C,C,C,C,C,C,C,A,A,A,A,E,E,0.7,random3
607,random3,4,D,E,A,A,A,A,A,A,A,B,B,B,B,B,B,B,B,B,B,B,0.35,random3
607,random3,5,D,D,D,E,E,E,E,E,E,E,E,D,D,D,D,D,D,D,D,D,0.6,random3
607,random3,6,E,E,A,A,A,A,A,A,A,A,A,A,A,E,E,E,C,C,C,C,0.4,random3
608,rotate,1,A,B,C,D,E,skip,A,B,C,D,E,skip,A,B,C,D,E,skip,A,B,0.15,random3
608,random3,2,B,B,A,A,A,A,A,B,B,B,B,B,B,B,E,B,B,B,D,D,0.55,random3
608,rotate,3,C,D,E,skip,A,B,C,D,E,skip,A,B,C,D,E,skip,A,B,C,D,0.1,random3
608,random3,4,E,E,E,E,B,B,B,B,A,A,A,A,A,A,A,A,A,A,A,B,0.45,random3
608,random3,5,E,E,E,E,E,E,E,E,E,E,E,C,C,C,C,C,C,C,C,C,0.5,random3
608,random3,6,D,D,D,D,D,D,D,D,D,D,D,D,D,D,D,D,E,E,E,E,0.65,random3
609,rotate,1,A,B,C,D,E,skip,A,B,C,D,E,skip,A,B,C,D,E,skip,A,B,0.1,random3
609,random3,2,B,B,B,B,B,B,B,B,D,A,A,A,A,E,E,E,E,C,C,C,0.55,random3
609,random3,3,E,E,E,E,E,E,E,E,E,E,E,E,D,D,D,D,C,C,C,C,0.6,random3
609,random3,4,C,C,C,C,C,C,C,C,C,C,B,C,C,C,C,A,A,A,A,A,0.6,random3
609,random3,5,D,D,D,D,D,D,D,D,D,D,B,B,B,B,B,B,B,B,B,B,0.6,random3
609,rotate,6,skip,A,B,C,D,E,skip,A,B,C,D,E,skip,A,B,C,D,E,skip,A,0.4,random3
610,random3,1,A,C,B,B,D,D,D,E,E,E,D,D,D,D,D,D,D,D,D,D,0.5,random3
610,rotate,2,B,C,D,E,skip,A,B,C,D,E,skip,A,B,C,D,E,skip,A,B,C,0.25,random3
610,random3,3,A,A,A,A,A,A,A,A,A,A,A,A,A,A,A,A,C,C,C,C,0.6,random3
610,rotate,4,D,E,skip,A,B,C,D,E,skip,A,B,C,D,E,skip,A,B,C,D,E,0.05,random3
610,random3,5,C,C,C,C,C,C,C,C,C,C,C,C,B,C,B,B,B,B,B,A,0.6,random3
610,random3,6,E,E,B,B,B,B,B,B,B,B,B,E,E,E,E,E,E,E,E,E,0.55,random3
611,random3,1,E,B,B,B,E,E,E,E,D,D,D,D,E,C,C,C,C,A,A,B,0.4,random3
611,random3,2,D,B,B,B,B,B,B,B,B,B,B,B,B,B,B,B,D,A,A,B,0.4,random3
611,random3,3,C,C,C,C,C,C,C,C,C,C,C,E,E,E,E,E,E,E,E,E,0.65,random3
611,rotate,4,D,E,skip,A,B,C,D,E,skip,A,B,C,D,E,skip,A,B,C,D,E,0.25,random3
611,rotate,5,E,skip,A,B,C,D,E,skip,A,B,C,D,E,skip,A,B,C,D,E,skip,0.05,random3
611,random3,6,E,E,A,A,A,A,A,A,A,A,A,A,A,A,A,A,D,D,D,D,0.45,random3
612,random3,1,B,B,B,B,B,B,B,B,B,B,B,A,A,A,D,C,C,C,C,C,0.45,rotate
612,random3,2,C,C,C,C,E,E,E,C,C,C,D,D,B,B,B,B,B,E,A,A,0.15,rotate
612,random3,3,C,C,C,C,E,E,E,E,E,E,E,E,B,B,B,B,B,B,B,B,0.3,rotate
612,rotate,4,D,E,skip,A,B,C,D,E,skip,A,B,C,D,E,skip,A,B,C,D,E,0.5,rotate
612,random3,5,B,B,B,B,B,A,A,A,A,A,D,D,B,B,D,C,D,D,D,D,0.25,rotate
612,rotate,6,skip,A,B,C,D,E,skip,A,B,C,D,E,skip,A,B,C,D,E,skip,A,0.1,rotate
613,rotate,1,A,B,C,D,E,skip,A,B,C,D,E,skip,A,B,C,D,E,skip,A,B,0.2,random3
613,random3,2,D,D,D,B,B,B,B,B,B,B,B,B,B,B,A,A,A,D,D,D,0.35,random3
613,random3,3,A,E,E,E,E,E,E,E,E,E,E,E,E,E,D,D,C,C,E,E,0.55,random3
613,rotate,4,D,E,skip,A,B,C,D,E,skip,A,B,C,D,E,skip,A,B,C,D,E,0.05,random3
613,random3,5,C,C,C,C,C,C,A,C,C,A,C,C,C,C,C,B,B,B,B,B,0.55,random3
613,random3,6,D,D,D,D,D,D,D,D,D,D,D,D,D,E,A,A,A,D,D,D,0.3,random3
614,random3,1,A,A,A,A,A,A,E,E,E,E,B,B,B,B,B,B,B,B,B,A,0.65,random3
614,rotate,2,B,C,D,E,skip,A,B,C,D,E,skip,A,B,C,D,E,skip,A,B,C,0.1,random3
614,random3,3,C,C,B,C,B,C,C,C,A,A,A,A,A,A,A,A,A,A,D,D,0.5,random3
614,random3,4,D,D,D,D,D,D,D,D,D,C,C,C,C,C,C,E,D,D,D,D,0.35,random3
614,random3,5,E,E,E,E,B,B,B,B,B,C,C,C,C,C,C,C,C,C,C,C,0.4,random3
614,rotate,6,skip,A,B,C,D,E,skip,A,B,C,D,E,skip,A,B,C,D,E,skip,A,0.25,random3
615,rotate,1,A,B,C,D,E,skip,A,B,C,D,E,skip,A,B,C,D,E,skip,A,B,0.05,random3
615,random3,2,B,B,B,B,A,A,A,C,C,B,B,B,B,B,B,B,B,B,B,B,0.6,random3
615,random3,3,C,C,C,D,D,D,D,D,D,D,C,C,C,C,C,E,E,D,D,D,0.55,random3
615,random3,4,E,E,E,E,E,E,E,E,E,E,E,D,D,D,D,D,C,C,C,C,0.65,random3
615,rotate,5,E,skip,A,B,C,D,E,skip,A,B,C,D,E,skip,A,B,C,D,E,skip,0.2,random3
615,random3,6,D,D,D,D,D,B,B,B,A,A,A,A,A,A,A,A,A,A,A,A,0.65,random3
616,random3,1,B,B,B,B,B,C,C,C,C,C,C,C,C,C,C,C,C,C,C,C,0.7,draw
616,random3,2,A,A,A,A,A,A,A,A,A,A,A,A,A,A,A,A,A,A,A,A,0.95,draw
616,random3,3,D,E,E,E,E,E,E,E,E,E,E,E,E,E,E,E,B,E,E,B,0.5,draw
616,random3,4,D,D,D,D,D,D,D,D,D,D,D,D,D,D,D,D,D,D,D,D,0.9,draw
616,random3,5,C,C,B,B,B,B,B,B,B,B,B,B,B,B,B,B,B,B,B,B,0.6,draw
616,random3,6,C,C,C,C,C,C,C,C,B,A,E,D,E,E,E,E,E,E,E,E,0.25,draw
617,random3,1,E,E,E,E,E,E,E,D,D,D,D,D,D,D,D,D,D,E,C,C,0.65,draw
617,random3,2,A,A,A,A,A,A,A,A,A,C,B,C,C,C,C,C,C,C,C,C,0.75,draw
617,random3,3,C,C,C,C,C,C,C,C,C,C,E,E,B,E,E,E,E,E,E,E,0.65,draw
617,random3,4,B,B,B,B,B,B,E,E,E,E,E,E,E,E,B,D,D,D,D,D,0.35,draw
617,random3,5,D,D,D,D,D,D,D,D,A,A,A,A,A,A,A,A,A,A,A,A,0.9,draw
617,random3,6,B,B,B,B,B,B,B,B,B,B,B,B,B,B,B,E,B,B,B,B,0.5,draw
618,random3,1,C,C,B,B,B,B,B,B,B,B,B,B,D,D,E,E,E,E,E,E,0.5,draw
618,random3,2,C,C,A,C,C,C,C,C,C,C,C,C,C,C,C,C,C,C,B,B,0.65,draw
618,random3,3,E,E,E,E,E,E,E,E,E,E,E,E,E,E,E,B,C,C,C,C,0.75,draw
618,random3,4,C,B,B,C,B,A,A,A,A,A,B,B,D,B,B,B,B,B,B,C,0.35,draw
618,random3,5,C,D,D,D,D,D,D,D,D,A,A,A,A,A,A,A,A,A,A,A,0.85,draw
618,random3,6,A,A,A,A,A,A,A,B,D,D,D,D,D,D,D,D,D,D,D,D,0.65,draw
619,random3,1,B,B,B,B,D,D,D,D,D,D,D,D,D,D,D,D,D,D,D,D,0.75,draw
619,random3,2,B,B,A,A,A,A,A,A,A,A,A,A,A,A,A,E,C,C,C,A,0.45,draw
619,random3,3,E,E,E,E,E,E,E,E,E,A,B,B,B,B,B,B,B,B,B,B,0.8,draw
619,random3,4,C,C,C,C,C,C,A,C,E,E,E,E,E,E,A,A,A,A,A,A,0.6,draw
619,random3,5,D,D,D,D,D,B,B,B,B,B,B,B,D,E,E,E,E,E,E,E,0.7,draw
619,random3,6,B,A,A,B,C,C,C,C,C,C,C,C,C,C,C,C,C,C,C,C,0.55,draw
620,random3,1,A,C,C,C,C,C,C,C,C,C,E,E,E,E,E,E,E,E,E,E,0.35,draw
620,random3,2,D,D,D,A,A,A,A,A,A,A,A,A,A,A,A,A,A,A,A,A,0.75,draw
620,random3,3,A,C,C,C,C,C,C,C,C,C,C,C,C,C,C,C,C,C,C,C,0.5,draw
620,random3,4,D,D,D,D,D,D,D,D,D,D,D,D,D,D,D,D,D,D,D,D,0.65,draw
620,random3,5,B,B,B,B,B,B,B,B,B,B,B,B,B,E,A,A,D,D,D,D,0.6,draw
620,random3,6,E,E,E,E,E,E,E,E,E,E,E,E,B,B,B,B,B,B,B,B,0.85,draw
621,random3,1,E,E,E,E,E,E,E,E,E,E,E,E,E,A,A,A,E,C,E,E,0.3,draw
621,random3,2,E,E,E,E,C,C,C,C,C,C,C,C,C,C,C,C,C,C,C,C,0.6,draw
621,random3,3,B,B,B,B,B,B,D,E,E,D,D,D,D,D,D,D,D,D,D,D,0.75,draw
621,random3,4,B,D,D,D,D,D,D,B,B,B,B,B,B,B,B,E,E,C,C,C,0.45,draw
621,random3,5,A,A,A,A,A,A,A,A,A,A,A,A,A,A,A,A,A,A,A,A,0.85,draw
621,random3,6,C,C,C,C,C,B,B,B,B,B,E,E,E,B,B,B,B,B,B,B,0.5,draw
622,random3,1,E,E,E,C,C,C,C,C,C,C,C,C,C,C,C,C,C,C,C,C,0.6,draw
622,random3,2,C,C,E,A,A,E,E,E,E,E,A,A,A,A,A,A,A,A,A,A,0.35,draw
622,random3,3,D,C,C,C,C,C,C,E,A,E,A,A,A,C,A,A,A,A,C,C,0.05,draw
622,random3,4,A,A,A,A,A,A,A,A,A,D,D,D,D,D,D,D,D,D,D,D,0.8,draw
622,random3,5,B,B,B,B,B,B,B,B,B,B,B,B,B,B,B,B,B,B,B,B,1.0,draw
622,random3,6,D,D,D,D,D,D,D,D,D,D,A,E,E,E,E,E,E,E,E,E,0.85,draw
623,random3,1,D,D,D,D,D,D,D,D,D,D,D,D,D,D,D,D,D,D,D,D,1.0,draw
623,random3,2,A,A,A,A,A,A,A,C,A,A,B,B,E,E,A,A,E,B,B,B,0.25,draw
623,random3,3,C,E,E,E,E,E,E,E,E,C,C,C,C,C,C,C,C,C,C,C,0.7,draw
623,random3,4,B,B,B,B,B,B,B,B,B,B,B,B,B,B,B,B,B,B,B,B,0.65,draw
623,random3,5,C,E,E,C,C,C,C,C,A,A,E,A,A,A,A,A,A,A,A,A,0.55,draw
623,random3,6,B,E,E,E,B,A,A,E,E,E,E,E,E,E,E,E,E,E,E,E,0.35,draw
624,random3,1,E,E,E,D,A,A,A,A,A,A,A,A,A,A,A,A,A,A,D,D,0.6,draw
624,random3,2,E,E,A,A,A,D,D,D,D,D,D,D,C,D,D,D,D,A,A,A,0.45,draw
624,random3,3,B,B,B,D,D,D,C,C,C,C,C,D,C,C,C,C,C,C,C,C,0.35,draw
624,random3,4,C,C,C,C,C,C,C,C,C,C,C,B,B,B,B,B,B,B,B,B,0.65,draw
624,random3,5,E,E,E,E,E,E,E,E,E,E,E,E,E,E,E,E,E,E,E,E,0.85,draw
624,random3,6,B,B,B,B,B,B,B,B,B,B,B,B,B,D,D,D,D,C,D,D,0.4,draw
625,random3,1,B,B,B,B,B,B,B,B,B,B,B,B,B,B,B,B,B,B,B,B,0.95,draw
625,random3,2,A,A,A,A,A,E,E,E,E,E,E,E,E,E,E,E,E,B,C,E,0.45,draw
625,random3,3,C,C,C,C,C,C,C,D,D,D,D,D,D,D,D,D,D,D,D,D,0.7,draw
625,random3,4,E,D,D,D,D,D,D,D,D,D,D,C,E,E,E,E,E,E,E,E,0.3,draw
625,random3,5,C,D,D,A,A,A,A,A,A,A,A,A,A,A,A,A,A,A,A,A,0.6,draw
625,random3,6,E,E,E,E,E,E,C,A,A,A,C,C,C,C,C,C,C,C,C,C,0.6,draw
626,random3,1,D,D,D,D,D,D,D,D,D,D,D,D,D,D,D,C,E,E,E,D,0.65,draw
626,random3,2,B,B,B,B,B,B,B,B,B,B,B,B,B,B,B,B,B,B,B,B,0.75,draw
626,random3,3,E,E,E,E,E,E,E,D,E,E,E,E,E,C,D,D,D,D,D,D,0.55,draw
626,random3,4,A,A,A,A,A,A,E,E,E,A,E,E,E,E,E,E,E,E,C,C,0.55,draw
626,random3,5,B,C,C,C,C,C,C,C,C,C,C,C,C,C,C,C,E,E,E,E,0.7,draw
626,random3,6,B,B,B,B,B,A,A,A,A,A,A,A,A,A,A,A,A,A,A,A,0.65,draw
627,random3,1,E,E,E,E,E,E,E,E,E,A,E,E,E,E,B,B,B,B,B,B,0.4,draw
627,random3,2,C,C,D,D,D,D,D,D,D,D,D,D,D,D,D,D,D,D,D,D,0.9,draw
627,random3,3,A,B,B,B,B,B,B,B,B,B,B,B,A,A,A,A,A,A,A,A,0.6,draw
627,random3,4,C,C,C,C,C,C,E,E,E,B,B,B,B,B,B,E,A,A,A,A,0.15,draw
627,random3,5,A,A,A,A,A,A,A,A,A,A,E,E,E,E,E,E,E,E,E,E,0.65,draw
627,random3,6,E,E,E,C,C,C,C,C,C,C,C,C,C,C,C,C,C,C,C,C,0.7,draw
628,random3,1,E,E,E,E,E,E,E,E,E,E,E,D,E,E,E,C,C,C,C,C,0.55,draw
628,random3,2,D,D,D,D,D,D,D,D,D,D,D,D,A,D,D,D,D,D,D,D,0.85,draw
628,random3,3,A,A,A,A,A,A,A,A,A,A,A,A,A,A,A,A,A,A,A,A,0.8,draw
628,random3,4,A,C,C,C,C,C,C,A,A,E,E,E,E,E,E,D,E,E,E,C,0.1,draw
628,random3,5,B,C,C,B,B,B,B,B,B,B,B,B,B,B,B,B,B,B,B,B,0.85,draw
628,random3,6,B,C,C,C,C,C,C,C,C,C,C,C,C,C,C,C,E,C,E,E,0.45,draw
629,random3,1,C,C,A,A,A,A,A,A,A,A,A,E,E,A,A,E,B,B,D,D,0.25,draw
629,random3,2,A,B,B,B,B,B,B,B,B,B,B,B,B,B,B,B,B,B,B,B,0.8,draw
629,random3,3,A,B,A,C,C,C,C,A,C,C,C,C,C,C,C,C,C,C,C,C,0.65,draw
629,random3,4,E,E,E,E,E,E,E,E,E,E,E,E,E,A,A,A,A,A,A,A,0.75,draw
629,random3,5,C,C,A,C,D,D,D,D,D,D,D,D,D,D,D,D,D,D,D,D,0.65,draw
629,random3,6,D,D,D,D,D,C,C,A,A,E,A,A,A,A,A,E,E,E,E,E,0.5,draw
630,random3,1,A,A,A,A,A,A,A,A,A,A,A,A,B,B,A,B,A,A,A,A,0.55,draw
630,random3,2,E,E,E,E,C,E,E,C,C,C,B,A,A,E,A,E,A,A,A,A,0.1,draw
630,random3,3,A,B,B,B,B,B,B,B,B,B,B,A,A,B,B,B,B,B,B,B,0.7,draw
630,random3,4,A,D,D,D,C,E,E,E,E,C,C,C,C,C,C,C,C,C,C,C,0.5,draw
630,random3,5,E,E,E,E,C,E,E,E,E,E,E,E,E,E,E,E,E,E,E,E,0.45,draw
630,random3,6,E,D,D,D,D,D,D,D,D,D,D,D,D,D,D,D,D,D,D,D,0.8,draw
631,radicaleq,1,A,D,skip,A,E,A,D,A,skip,A,skip,A,D,E,E,D,D,D,D,D,0.45,radicaleq
631,random,2,B,A,A,E,C,B,E,D,D,E,D,B,D,E,skip,D,C,C,C,C,0.25,radicaleq
631,random,3,E,skip,A,A,C,A,C,C,A,C,D,A,skip,B,E,E,E,C,D,C,0.2,radicaleq
631,radicaleq,4,D,skip,E,skip,A,skip,E,D,D,D,D,E,E,D,D,A,skip,E,skip,E,0.55,radicaleq
631,radicaleq,5,E,A,D,D,skip,D,A,skip,E,skip,A,skip,A,skip,A,skip,A,skip,E,skip,0.5,radicaleq
631,radicaleq,6,skip,B,A,E,D,E,skip,E,A,E,E,D,skip,A,skip,E,E,A,A,A,0.5,radicaleq
632,radicaleq,1,A,D,A,B,E,A,A,A,E,E,D,E,A,E,E,A,A,D,skip,E,0.55,radicaleq
632,radicaleq,2,B,skip,B,A,D,skip,D,skip,D,D,skip,D,skip,D,skip,skip,E,A,D,A,0.45,radicaleq
632,random,3,E,D,A,skip,E,C,A,B,A,C,D,skip,E,E,D,B,B,B,B,A,0.35,radicaleq
632,radicaleq,4,D,A,E,D,skip,E,skip,D,skip,skip,E,skip,E,A,A,E,D,skip,E,skip,0.5,radicaleq
632,radicaleq,5,E,B,D,skip,B,D,E,E,A,A,A,A,D,skip,D,D,skip,E,A,D,0.5,radicaleq
632,random,6,D,C,skip,C,skip,D,E,E,D,skip,D,E,B,A,E,skip,E,E,D,A,0.15,radicaleq
633,radicaleq,1,A,D,B,B,B,E,E,C,E,E,E,E,C,B,A,skip,A,skip,A,skip,0.6,radicaleq
633,radicaleq,2,B,E,skip,E,C,A,skip,B,skip,C,C,skip,E,skip,skip,E,B,B,B,B,0.6,radicaleq
633,random,3,C,A,E,C,D,skip,D,C,D,D,skip,E,skip,A,B,E,skip,A,D,A,0.35,radicaleq
633,random,4,A,A,B,skip,B,skip,A,A,C,skip,skip,skip,A,E,B,C,B,A,D,E,0.15,radicaleq
633,radicaleq,5,E,skip,C,A,skip,C,B,skip,B,A,skip,B,A,E,B,B,E,E,skip,E,0.55,radicaleq
633,radicaleq,6,skip,C,A,skip,E,B,A,E,A,skip,B,A,skip,A,E,A,skip,A,E,A,0.55,radicaleq
634,radicaleq,1,A,skip,A,skip,A,C,skip,C,skip,A,skip,A,skip,A,skip,E,A,A,A,E,0.5,radicaleq
634,random,2,D,B,C,A,B,A,D,D,D,C,B,C,B,C,D,E,D,E,skip,A,0.4,radicaleq
634,radicaleq,3,C,E,C,E,C,skip,A,skip,A,C,A,C,A,C,E,A,C,E,E,C,0.55,radicaleq
634,radicaleq,4,D,A,skip,A,E,E,C,E,E,D,E,E,E,E,A,C,skip,C,skip,skip,0.5,radicaleq
634,random,5,C,C,C,skip,B,A,C,E,E,E,D,E,D,C,skip,D,C,A,C,E,0.2,radicaleq
634,radicaleq,6,skip,C,E,C,skip,A,E,A,C,skip,C,skip,C,skip,C,skip,E,skip,C,A,0.45,radicaleq
635,radicaleq,1,A,C,A,D,skip,skip,E,A,A,D,E,E,skip,D,D,D,D,E,D,D,0.45,radicaleq
635,radicaleq,2,B,skip,B,skip,E,D,skip,E,skip,E,skip,A,D,E,A,E,A,skip,A,E,0.5,radicaleq
635,random,3,D,E,E,A,B,E,E,A,A,A,skip,A,B,B,A,D,E,E,B,D,0.2,radicaleq
635,radicaleq,4,D,B,skip,E,D,E,D,skip,E,skip,A,skip,E,A,skip,A,skip,A,skip,A,0.5,radicaleq
635,random,5,A,D,skip,E,E,C,A,skip,B,skip,C,B,skip,D,B,B,C,skip,A,skip,0.35,radicaleq
635,radicaleq,6,skip,D,E,A,B,A,A,D,D,A,D,D,A,skip,E,skip,E,D,E,skip,0.45,radicaleq
636,radicaleq,1,A,E,C,E,A,B,B,B,C,C,C,C,D,E,B,E,B,skip,B,skip,0.5,radicaleq
636,radicaleq,2,B,D,skip,A,skip,C,skip,C,skip,B,B,skip,B,skip,C,skip,skip,E,C,E,0.5,radicaleq
636,radicaleq,3,C,skip,B,skip,C,skip,C,skip,B,skip,skip,B,skip,C,E,C,E,B,skip,B,0.45,radicaleq
636,radicaleq,4,D,B,A,C,E,D,D,D,E,E,D,D,C,B,skip,B,C,C,E,C,0.45,radicaleq
636,random,5,D,B,A,B,D,skip,B,B,E,A,C,skip,E,C,B,B,A,C,skip,C,0.15,radicaleq
636,random,6,A,E,C,C,E,skip,E,D,skip,B,skip,C,E,D,skip,C,A,skip,C,B,0.1,radicaleq
637,random,1,B,B,A,C,skip,C,E,C,D,A,C,D,B,E,E,E,C,C,skip,skip,0.35,radicaleq
637,random,2,A,skip,D,D,skip,A,C,A,E,E,B,skip,E,skip,A,B,D,skip,skip,D,0.3,radicaleq
637,radicaleq,3,C,D,B,skip,E,B,skip,E,skip,skip,E,skip,B,B,skip,B,D,D,D,D,0.5,radicaleq
637,radicaleq,4,D,E,skip,E,B,skip,E,A,D,D,D,B,E,E,D,E,B,E,skip,B,0.55,radicaleq
637,radicaleq,5,E,skip,E,B,skip,E,B,skip,E,B,skip,E,skip,skip,B,skip,E,skip,B,E,0.55,radicaleq
637,radicaleq,6,skip,B,A,C,A,D,A,D,B,E,B,D,D,D,E,D,skip,B,E,skip,0.5,radicaleq
638,random,1,E,A,E,A,E,D,C,B,D,skip,skip,skip,C,D,D,A,C,skip,A,D,0.3,radicaleq
638,radicaleq,2,B,E,skip,E,B,E,skip,D,E,E,B,D,skip,D,D,B,B,B,E,skip,0.55,radicaleq
638,random,3,skip,D,E,E,E,C,A,B,E,E,A,E,E,B,A,A,skip,E,skip,skip,0.2,radicaleq
638,radicaleq,4,D,skip,E,B,D,skip,D,E,skip,skip,D,E,B,E,skip,E,skip,D,skip,B,0.55,radicaleq
638,radicaleq,5,E,B,D,skip,E,B,E,skip,D,B,E,skip,D,skip,E,skip,D,E,B,D,0.5,radicaleq
638,radicaleq,6,skip,D,A,D,skip,D,B,B,B,D,skip,B,E,B,B,D,E,skip,D,E,0.55,radicaleq
639,random,1,skip,C,A,E,B,C,A,D,C,C,A,skip,D,E,skip,C,skip,E,C,skip,0.45,radicaleq
639,radicaleq,2,B,D,B,E,B,B,B,B,skip,B,E,skip,D,B,D,E,skip,E,B,E,0.6,radicaleq
639,radicaleq,3,C,E,skip,D,skip,E,skip,D,B,D,skip,C,C,D,E,skip,D,skip,D,skip,0.55,radicaleq
639,radicaleq,4,D,skip,D,C,E,D,D,E,D,E,C,B,E,skip,skip,D,E,B,E,B,0.55,radicaleq
639,radicaleq,5,E,B,E,skip,D,skip,E,skip,E,skip,B,D,skip,E,B,B,B,D,skip,D,0.55,radicaleq
639,random,6,E,D,D,B,E,A,C,E,A,E,skip,C,B,E,B,skip,E,C,E,A,0.35,radicaleq
640,radicaleq,1,A,B,B,D,B,A,E,skip,E,skip,C,skip,E,skip,E,A,A,A,A,A,0.55,radicaleq
640,random,2,A,D,D,skip,C,D,D,E,C,C,D,skip,B,C,E,A,D,skip,skip,B,0.35,radicaleq
640,radicaleq,3,C,skip,C,E,A,E,skip,C,skip,E,skip,E,C,A,C,skip,C,skip,E,C,0.55,radicaleq
640,random,4,E,C,B,E,C,D,C,skip,C,C,E,D,C,C,E,C,A,B,skip,C,0.15,radicaleq
640,radicaleq,5,E,A,E,skip,E,skip,A,E,A,C,A,C,skip,E,skip,E,skip,E,C,skip,0.55,radicaleq
640,radicaleq,6,skip,E,skip,A,skip,C,C,A,C,A,E,A,A,C,A,C,E,C,skip,E,0.55,radicaleq
641,radicaleq,1,A,B,skip,C,C,B,skip,B,A,B,skip,B,skip,A,B,skip,B,C,B,A,0.55,radicaleq
641,radicaleq,2,B,D,D,B,skip,skip,A,skip,C,A,A,A,A,C,A,B,C,skip,skip,B,0.55,radicaleq
641,radicaleq,3,C,skip,C,skip,B,A,B,A,B,skip,C,C,C,B,skip,C,skip,B,C,skip,0.5,radicaleq
641,random,4,B,skip,B,A,A,E,B,E,C,D,skip,E,skip,D,C,A,A,A,A,D,0.25,radicaleq
641,random,5,skip,skip,A,C,B,D,skip,B,E,A,C,skip,E,C,skip,E,B,B,B,D,0.25,radicaleq
641,radicaleq,6,skip,C,B,A,A,C,C,C,skip,C,B,skip,B,skip,C,A,A,A,A,C,0.4,radicaleq
642,radicaleq,1,A,E,skip,E,C,E,skip,B,skip,E,C,C,C,C,E,C,E,skip,E,skip,0.55,radicaleq
642,radicaleq,2,B,D,C,C,B,C,C,C,C,C,B,E,skip,B,C,B,skip,B,B,B,0.55,radicaleq
642,radicaleq,3,C,skip,E,B,E,skip,B,skip,E,skip,E,skip,B,E,skip,E,C,E,skip,E,0.55,radicaleq
642,random,4,B,B,C,E,skip,C,skip,E,D,D,A,D,A,skip,E,skip,D,B,C,C,0.25,radicaleq
642,radicaleq,5,E,C,B,skip,skip,B,E,E,B,B,skip,B,E,skip,B,skip,B,C,C,C,0.4,radicaleq
642,random,6,E,B,E,E,B,B,A,C,D,E,C,A,skip,B,A,E,B,C,D,skip,0.2,radicaleq
643,random,1,E,skip,D,B,B,A,D,B,C,E,D,D,C,D,E,C,skip,C,B,E,0.2,radicaleq
643,radicaleq,2,B,D,B,E,D,skip,B,skip,skip,E,E,E,D,D,B,B,D,skip,E,B,0.6,radicaleq
643,radicaleq,3,C,E,skip,D,skip,D,skip,B,E,D,B,skip,B,skip,D,D,skip,B,D,skip,0.55,radicaleq
643,random,4,D,D,D,B,skip,B,C,B,C,skip,E,A,skip,E,D,skip,C,E,B,D,0.2,radicaleq
643,radicaleq,5,E,B,E,skip,B,E,D,E,D,B,skip,B,skip,B,skip,skip,B,D,skip,D,0.5,radicaleq
643,radicaleq,6,skip,C,D,B,E,B,E,D,B,skip,D,D,E,E,E,E,E,E,B,E,0.4,radicaleq
644,radicaleq,1,A,D,B,E,C,C,D,D,E,E,B,C,B,C,B,C,skip,B,C,skip,0.55,radicaleq
644,random,2,B,E,skip,A,C,A,E,B,C,A,E,C,E,E,D,E,B,D,E,skip,0.3,radicaleq
644,radicaleq,3,C,E,D,C,B,E,B,skip,skip,B,skip,skip,C,skip,C,skip,E,C,skip,E,0.55,radicaleq
644,radicaleq,4,D,B,skip,B,skip,B,skip,B,C,C,E,E,E,E,E,E,B,E,E,B,0.4,radicaleq
644,radicaleq,5,E,skip,C,skip,E,skip,C,C,B,skip,C,B,skip,B,skip,B,C,skip,B,C,0.55,radicaleq
644,random,6,B,C,B,E,B,C,C,A,E,C,C,skip,skip,C,A,A,B,skip,E,skip,0.2,radicaleq
645,random,1,A,skip,C,D,B,D,A,skip,skip,C,D,skip,E,A,skip,skip,C,E,E,A,0.35,radicaleq
645,radicaleq,2,B,E,D,B,skip,B,skip,D,C,B,C,B,skip,B,D,C,skip,C,B,skip,0.6,radicaleq
645,radicaleq,3,C,B,C,D,A,A,D,C,B,skip,B,skip,C,skip,C,B,D,B,skip,D,0.6,radicaleq
645,radicaleq,4,D,skip,B,skip,C,skip,C,B,skip,D,skip,C,B,D,B,skip,C,D,D,C,0.6,radicaleq
645,random,5,B,B,skip,A,E,D,skip,E,E,B,skip,E,B,B,A,B,E,A,A,E,0.5,radicaleq
645,radicaleq,6,skip,C,skip,C,B,C,B,skip,D,C,D,D,D,C,skip,D,B,skip,C,B,0.6,radicaleq
646,radicaleq,1,A,B,A,C,D,skip,D,skip,A,D,B,skip,skip,A,B,skip,D,B,A,skip,0.65,radicaleq
646,rotate,2,B,C,D,E,skip,A,B,C,D,E,skip,A,B,C,D,E,skip,A,B,C,0.6,radicaleq
646,rotate,3,C,D,E,skip,A,B,C,D,E,skip,A,B,C,D,E,skip,A,B,C,D,0.5,radicaleq
646,radicaleq,4,D,E,skip,A,C,D,B,D,C,C,C,A,D,B,skip,A,B,skip,B,D,0.6,radicaleq
646,radicaleq,5,E,skip,B,B,B,B,A,A,B,skip,A,C,A,skip,A,B,skip,D,skip,A,0.65,radicaleq
646,radicaleq,6,skip,A,C,D,E,E,skip,B,skip,A,D,B,B,D,C,C,C,A,D,B,0.65,radicaleq
647,radicaleq,1,A,B,A,E,B,skip,B,skip,E,E,B,skip,skip,E,B,B,skip,E,E,B,0.6,radicaleq
647,radicaleq,2,B,C,D,B,skip,C,skip,E,B,B,skip,E,E,B,skip,skip,E,B,B,skip,0.55,radicaleq
647,rotate,3,C,D,E,skip,A,B,C,D,E,skip,A,B,C,D,E,skip,A,B,C,D,0.4,radicaleq
647,radicaleq,4,D,E,skip,D,C,B,E,B,skip,skip,E,B,B,skip,E,E,B,skip,skip,A,0.5,radicaleq
647,radicaleq,5,E,skip,B,C,A,E,A,D,C,A,A,C,A,A,A,A,A,A,A,E,0.55,radicaleq
647,rotate,6,skip,A,B,C,D,E,skip,A,B,C,D,E,skip,A,B,C,D,E,skip,A,0.35,radicaleq
648,radicaleq,1,A,B,A,C,D,skip,B,skip,A,D,B,A,skip,A,B,skip,A,D,B,skip,0.65,radicaleq
648,radicaleq,2,B,C,D,E,skip,D,skip,A,D,B,skip,skip,A,B,skip,D,B,A,skip,A,0.65,radicaleq
648,rotate,3,C,D,E,skip,A,B,C,D,E,skip,A,B,C,D,E,skip,A,B,C,D,0.55,radicaleq
648,rotate,4,D,E,skip,A,B,C,D,E,skip,A,B,C,D,E,skip,A,B,C,D,E,0.5,radicaleq
648,radicaleq,5,E,skip,B,B,B,A,D,C,C,C,A,D,B,skip,A,B,skip,B,D,D,0.55,radicaleq
648,radicaleq,6,skip,A,C,D,E,B,A,B,skip,A,C,B,D,C,C,C,D,skip,A,B,0.65,radicaleq
649,radicaleq,1,A,B,A,D,A,E,skip,E,skip,C,skip,E,skip,E,skip,C,skip,E,skip,E,0.6,radicaleq
649,rotate,2,B,C,D,E,skip,A,B,C,D,E,skip,A,B,C,D,E,skip,A,B,C,0.4,radicaleq
649,radicaleq,3,C,D,E,skip,E,skip,C,skip,C,E,C,A,D,A,C,E,C,A,A,A,0.55,radicaleq
649,radicaleq,4,D,E,skip,C,skip,A,D,A,E,skip,E,skip,C,skip,E,skip,E,skip,C,skip,0.55,radicaleq
649,rotate,5,E,skip,A,B,C,D,E,skip,A,B,C,D,E,skip,A,B,C,D,E,skip,0.4,radicaleq
649,radicaleq,6,skip,A,C,E,D,C,E,C,A,D,A,C,E,C,A,A,A,C,E,C,0.5,radicaleq
650,radicaleq,1,A,B,A,D,D,E,A,skip,D,C,skip,C,D,skip,C,skip,C,D,D,C,0.65,radicaleq
650,radicaleq,2,B,C,D,A,skip,A,skip,E,C,skip,A,D,E,A,A,E,A,E,A,A,0.6,radicaleq
650,rotate,3,C,D,E,skip,A,B,C,D,E,skip,A,B,C,D,E,skip,A,B,C,D,0.4,radicaleq
650,radicaleq,4,D,E,skip,C,E,skip,D,C,skip,A,D,A,skip,C,skip,C,skip,C,skip,skip,0.6,radicaleq
650,rotate,5,E,skip,A,B,C,D,E,skip,A,B,C,D,E,skip,A,B,C,D,E,skip,0.5,radicaleq
650,radicaleq,6,skip,A,C,E,A,C,C,D,E,D,E,E,C,E,D,D,D,skip,C,D,0.55,radicaleq
651,radicaleq,1,A,B,A,B,E,C,E,B,B,E,A,E,B,E,D,skip,B,skip,D,skip,0.6,radicaleq
651,radicaleq,2,B,C,D,A,skip,D,B,E,D,skip,D,B,skip,D,skip,E,D,B,skip,E,0.6,radicaleq
651,radicaleq,3,C,D,E,skip,D,B,A,D,skip,B,E,D,E,B,B,B,A,E,E,B,0.5,radicaleq
651,radicaleq,4,D,E,skip,D,A,skip,D,skip,E,D,skip,skip,D,skip,E,D,skip,D,B,D,0.6,radicaleq
651,rotate,5,E,skip,A,B,C,D,E,skip,A,B,C,D,E,skip,A,B,C,D,E,skip,0.3,radicaleq
651,rotate,6,skip,A,B,C,D,E,skip,A,B,C,D,E,skip,A,B,C,D,E,skip,A,0.45,radicaleq
652,rotate,1,A,B,C,D,E,skip,A,B,C,D,E,skip,A,B,C,D,E,skip,A,B,0.45,radicaleq
652,rotate,2,B,C,D,E,skip,A,B,C,D,E,skip,A,B,C,D,E,skip,A,B,C,0.45,radicaleq
652,radicaleq,3,C,D,E,skip,skip,C,E,D,skip,D,A,D,skip,D,skip,D,A,D,skip,D,0.6,radicaleq
652,radicaleq,4,D,E,skip,D,A,E,D,skip,A,skip,D,skip,A,C,C,C,C,C,A,C,0.5,radicaleq
652,radicaleq,5,E,skip,B,E,C,D,skip,A,D,A,skip,C,D,skip,A,skip,D,skip,D,skip,0.55,radicaleq
652,radicaleq,6,skip,A,C,A,D,skip,A,C,B,B,C,A,C,A,D,A,skip,A,C,A,0.55,radicaleq
653,rotate,1,A,B,C,D,E,skip,A,B,C,D,E,skip,A,B,C,D,E,skip,A,B,0.45,radicaleq
653,radicaleq,2,B,C,D,C,skip,E,skip,E,skip,E,skip,E,skip,D,E,D,C,C,C,C,0.55,radicaleq
653,rotate,3,C,D,E,skip,A,B,C,D,E,skip,A,B,C,D,E,skip,A,B,C,D,0.4,radicaleq
653,radicaleq,4,D,E,skip,D,A,C,C,D,B,A,C,D,D,E,skip,E,skip,skip,D,E,0.6,radicaleq
653,radicaleq,5,E,skip,B,E,D,skip,E,skip,D,skip,D,skip,E,skip,D,skip,E,D,E,skip,0.55,radicaleq
653,radicaleq,6,skip,A,C,A,E,A,D,C,E,D,E,C,C,C,C,C,D,E,skip,D,0.5,radicaleq
654,rotate,1,A,B,C,D,E,skip,A,B,C,D,E,skip,A,B,C,D,E,skip,A,B,0.4,radicaleq
654,radicaleq,2,B,C,D,B,skip,D,skip,E,skip,B,skip,E,D,B,D,B,E,B,skip,D,0.6,radicaleq
654,radicaleq,3,C,D,E,skip,B,skip,E,skip,B,D,C,C,B,E,skip,E,skip,E,D,B,0.55,radicaleq
654,radicaleq,4,D,E,skip,D,A,E,C,D,E,skip,E,D,E,skip,B,D,C,C,B,E,0.6,radicaleq
654,radicaleq,5,E,skip,B,A,E,C,B,B,A,E,B,skip,skip,D,E,skip,B,skip,E,skip,0.55,radicaleq
654,rotate,6,skip,A,B,C,D,E,skip,A,B,C,D,E,skip,A,B,C,D,E,skip,A,0.5,radicaleq
655,radicaleq,1,A,B,A,C,D,skip,A,skip,B,skip,A,skip,B,E,E,E,E,E,B,E,0.55,radicaleq
655,rotate,2,B,C,D,E,skip,A,B,C,D,E,skip,A,B,C,D,E,skip,A,B,C,0.45,radicaleq
655,radicaleq,3,C,D,E,skip,A,E,B,E,C,C,B,A,E,A,B,skip,B,A,E,A,0.6,radicaleq
655,rotate,4,D,E,skip,A,B,C,D,E,skip,A,B,C,D,E,skip,A,B,C,D,E,0.45,radicaleq
655,radicaleq,5,E,skip,B,B,B,A,C,C,A,A,E,E,A,B,skip,A,A,B,skip,B,0.6,radicaleq
655,radicaleq,6,skip,A,C,D,E,B,skip,B,skip,B,skip,B,skip,skip,A,B,skip,skip,A,skip,0.55,radicaleq
656,radicaleq,1,A,B,A,D,D,E,A,skip,skip,A,C,D,D,C,D,D,E,E,A,skip,0.6,radicaleq
656,radicaleq,2,B,C,D,A,E,A,skip,E,C,E,skip,E,A,skip,skip,E,skip,A,skip,E,0.55,radicaleq
656,radicaleq,3,C,D,E,skip,A,skip,E,C,A,C,E,A,skip,E,A,A,D,D,C,C,0.55,radicaleq
656,rotate,4,D,E,skip,A,B,C,D,E,skip,A,B,C,D,E,skip,A,B,C,D,E,0.5,radicaleq
656,rotate,5,E,skip,A,B,C,D,E,skip,A,B,C,D,E,skip,A,B,C,D,E,skip,0.3,radicaleq
656,radicaleq,6,skip,A,C,E,skip,D,C,D,E,skip,A,skip,E,A,E,skip,A,skip,E,A,0.55,radicaleq
657,radicaleq,1,A,B,A,E,B,D,B,skip,B,B,skip,B,skip,D,B,D,B,B,skip,B,0.6,radicaleq
657,radicaleq,2,B,C,D,B,skip,B,skip,B,skip,skip,E,skip,E,B,skip,B,skip,skip,D,D,0.55,radicaleq
657,radicaleq,3,C,D,E,skip,E,skip,D,E,E,D,B,D,B,skip,D,skip,D,D,B,skip,0.55,radicaleq
657,rotate,4,D,E,skip,A,B,C,D,E,skip,A,B,C,D,E,skip,A,B,C,D,E,0.45,radicaleq
657,radicaleq,5,E,skip,B,C,D,A,A,A,D,E,D,E,A,A,A,A,E,E,A,E,0.45,radicaleq
657,rotate,6,skip,A,B,C,D,E,skip,A,B,C,D,E,skip,A,B,C,D,E,skip,A,0.25,radicaleq
658,rotate,1,A,B,C,D,E,skip,A,B,C,D,E,skip,A,B,C,D,E,skip,A,B,0.35,radicaleq
658,radicaleq,2,B,C,D,C,skip,E,skip,C,skip,C,skip,E,skip,C,skip,skip,C,skip,skip,E,0.5,radicaleq
658,radicaleq,3,C,D,E,skip,E,C,E,E,C,E,E,C,E,E,E,E,E,E,E,C,0.55,radicaleq
658,rotate,4,D,E,skip,A,B,C,D,E,skip,A,B,C,D,E,skip,A,B,C,D,E,0.3,radicaleq
658,radicaleq,5,E,skip,B,E,C,skip,C,skip,E,skip,C,skip,C,skip,C,C,skip,C,C,skip,0.5,radicaleq
658,radicaleq,6,skip,A,C,A,B,D,D,B,B,D,B,D,B,B,B,B,B,B,B,B,0.45,radicaleq
659,radicaleq,1,A,B,A,E,B,E,D,E,skip,E,D,B,D,E,skip,E,D,B,D,E,0.6,radicaleq
659,rotate,2,B,C,D,E,skip,A,B,C,D,E,skip,A,B,C,D,E,skip,A,B,C,0.45,radicaleq
659,radicaleq,3,C,D,E,skip,E,skip,E,skip,D,D,E,skip,E,skip,D,D,E,skip,E,skip,0.55,radicaleq
659,radicaleq,4,D,E,skip,D,skip,D,skip,D,E,skip,skip,D,skip,D,E,skip,skip,D,skip,D,0.55,radicaleq
659,radicaleq,5,E,skip,B,C,A,A,C,B,B,A,B,E,B,B,B,B,B,E,B,B,0.5,radicaleq
659,rotate,6,skip,A,B,C,D,E,skip,A,B,C,D,E,skip,A,B,C,D,E,skip,A,0.35,radicaleq
660,rotate,1,A,B,C,D,E,skip,A,B,C,D,E,skip,A,B,C,D,E,skip,A,B,0.3,radicaleq
660,radicaleq,2,B,C,D,C,skip,C,skip,C,skip,skip,A,skip,A,A,A,A,C,A,C,skip,0.55,radicaleq
660,radicaleq,3,C,D,E,skip,A,skip,A,A,A,A,C,A,C,skip,C,C,skip,C,skip,A,0.55,radicaleq
660,radicaleq,4,D,E,skip,A,C,A,C,skip,C,C,skip,C,skip,C,skip,skip,A,skip,B,C,0.55,radicaleq
660,rotate,5,E,skip,A,B,C,D,E,skip,A,B,C,D,E,skip,A,B,C,D,E,skip,0.4,radicaleq
660,radicaleq,6,skip,A,C,B,E,D,B,B,D,D,B,B,B,B,B,B,B,B,A,B,0.45,radicaleq
661,radicaleq,1,A,E,skip,D,A,skip,B,skip,C,D,D,D,D,D,D,D,D,D,C,C,0.75,radicaleq
661,random3,2,B,B,C,C,C,C,C,E,E,E,E,E,E,E,E,E,E,E,E,E,0.8,radicaleq
661,random3,3,D,D,D,D,D,D,D,D,B,B,B,B,B,A,C,C,C,C,C,A,0.1,radicaleq
661,radicaleq,4,D,A,B,skip,D,B,skip,C,skip,B,A,C,C,B,B,B,B,C,D,D,0.65,radicaleq
661,radicaleq,5,E,skip,D,B,skip,D,A,D,B,A,B,A,A,A,A,A,C,A,A,A,0.5,radicaleq
661,radicaleq,6,skip,B,C,A,C,A,C,A,A,C,C,B,B,C,C,C,A,B,B,B,0.55,radicaleq
662,radicaleq,1,A,C,E,E,A,D,C,D,C,A,D,C,C,D,D,A,skip,A,C,skip,0.6,radicaleq
662,radicaleq,2,B,D,D,skip,C,A,D,A,D,D,C,B,B,skip,C,D,A,C,skip,A,0.6,radicaleq
662,random3,3,A,C,C,C,C,C,C,E,E,E,E,E,C,C,C,C,B,B,B,B,0.55,radicaleq
662,radicaleq,4,D,B,B,D,B,skip,B,skip,B,skip,B,A,skip,B,A,skip,C,skip,A,C,0.6,radicaleq
662,radicaleq,5,E,skip,skip,B,skip,B,skip,B,skip,C,A,D,D,A,skip,C,B,D,D,D,0.55,radicaleq
662,random3,6,B,B,B,A,A,A,A,A,A,A,A,E,E,E,E,E,E,E,E,E,0.55,radicaleq
663,radicaleq,1,A,B,D,A,C,D,D,D,D,E,E,C,D,E,A,B,C,C,C,D,0.75,radicaleq
663,radicaleq,2,B,D,E,C,D,E,E,A,A,A,A,A,A,A,C,C,B,D,D,B,0.7,radicaleq
663,random3,3,D,D,D,D,D,E,E,E,E,E,E,D,E,E,B,B,B,B,B,B,0.15,radicaleq
663,random3,4,C,C,C,B,B,B,B,B,B,B,B,B,B,B,B,B,B,A,A,A,0.8,radicaleq
663,radicaleq,5,E,skip,A,skip,E,A,A,E,C,C,C,D,C,C,D,D,D,E,skip,E,0.75,radicaleq
663,radicaleq,6,skip,A,C,E,A,C,C,C,E,D,D,E,E,D,E,E,E,skip,B,C,0.7,radicaleq
664,radicaleq,1,A,D,skip,C,skip,C,E,skip,D,E,skip,D,E,skip,A,D,A,D,D,D,0.6,random3
664,random3,2,E,E,A,A,A,A,D,A,A,A,A,A,A,A,A,D,A,A,A,A,0.6,random3
664,radicaleq,3,C,E,D,E,C,E,skip,D,E,skip,D,E,skip,D,E,skip,E,skip,E,skip,0.6,random3
664,radicaleq,4,D,skip,C,skip,D,skip,C,E,skip,D,E,skip,D,E,skip,E,skip,E,skip,E,0.6,random3
664,random3,5,E,E,E,E,E,B,B,B,B,B,C,B,C,C,C,C,C,C,C,C,0.5,random3
664,radicaleq,6,skip,C,E,D,E,A,D,A,B,B,C,B,C,B,B,B,B,B,B,B,0.45,random3
665,radicaleq,1,A,B,skip,D,A,A,D,E,D,D,C,skip,C,D,A,D,D,D,E,skip,0.6,radicaleq
665,radicaleq,2,B,C,D,B,C,E,A,D,C,C,E,D,D,C,C,C,C,C,C,C,0.6,radicaleq
665,random3,3,C,C,C,C,C,E,E,E,E,E,E,D,D,D,D,E,B,B,B,B,0.25,radicaleq
665,radicaleq,4,D,E,A,E,skip,C,skip,A,skip,skip,skip,A,A,E,E,E,E,E,skip,D,0.6,radicaleq
665,random3,5,E,E,D,D,A,A,A,B,B,B,B,B,B,B,B,B,B,B,B,A,0.55,radicaleq
665,radicaleq,6,skip,A,E,skip,D,skip,C,skip,E,E,A,E,skip,A,D,A,A,A,D,E,0.6,radicaleq
666,radicaleq,1,A,C,E,skip,A,E,skip,skip,D,A,D,skip,D,skip,D,skip,A,E,D,B,0.65,radicaleq
666,radicaleq,2,B,D,skip,A,E,skip,D,B,A,E,skip,A,B,E,B,A,E,D,B,skip,0.6,radicaleq
666,radicaleq,3,C,E,C,E,skip,D,B,A,E,B,A,E,skip,D,skip,E,D,B,skip,A,0.6,radicaleq
666,radicaleq,4,D,skip,A,D,C,C,A,E,skip,D,E,B,A,B,A,D,B,A,A,D,0.6,radicaleq
666,random3,5,E,A,A,D,D,D,D,D,D,D,C,C,C,C,C,C,C,C,C,E,0.55,radicaleq
666,random3,6,E,E,B,B,B,B,B,B,B,B,B,B,B,B,B,B,B,C,C,C,0.4,radicaleq
667,random3,1,E,E,E,D,B,B,B,B,B,B,B,B,B,B,C,C,C,C,C,C,0.65,radicaleq
667,random3,2,C,A,A,D,D,D,D,D,D,D,D,D,D,D,D,D,D,D,D,D,0.3,radicaleq
667,radicaleq,3,C,D,C,skip,C,E,skip,C,E,skip,E,skip,skip,D,E,skip,A,B,E,D,0.55,radicaleq
667,radicaleq,4,D,skip,E,C,E,skip,C,E,skip,D,D,E,E,skip,D,A,B,E,D,A,0.55,radicaleq
667,radicaleq,5,E,C,skip,E,skip,C,E,skip,A,E,skip,D,D,A,skip,B,E,D,A,B,0.55,radicaleq
667,radicaleq,6,skip,E,A,D,A,A,A,A,D,B,B,A,A,B,A,E,D,A,B,E,0.55,radicaleq
668,random3,1,C,C,C,B,B,B,B,B,B,B,B,B,B,B,B,C,C,E,E,E,0.55,radicaleq
668,radicaleq,2,B,E,skip,C,skip,A,D,E,A,skip,C,C,E,C,skip,B,skip,B,C,skip,0.55,radicaleq
668,random3,3,E,A,A,A,A,A,A,C,C,C,C,C,C,D,D,D,D,D,D,D,0.55,radicaleq
668,radicaleq,4,D,skip,C,E,E,C,skip,C,E,C,B,E,A,skip,E,C,A,C,skip,A,0.55,radicaleq
668,radicaleq,5,E,C,A,D,D,D,E,A,skip,A,skip,skip,B,E,A,skip,B,skip,A,B,0.55,radicaleq
668,radicaleq,6,skip,B,E,skip,C,skip,A,B,B,D,E,A,C,A,B,E,C,A,B,C,0.55,radicaleq
669,random3,1,C,C,C,C,C,C,C,C,C,A,A,A,A,A,A,A,A,A,A,A,0.55,radicaleq
669,radicaleq,2,B,E,skip,E,skip,E,skip,B,skip,E,skip,B,skip,E,C,skip,E,B,C,skip,0.6,radicaleq
669,radicaleq,3,C,B,B,C,B,C,E,C,B,C,E,C,B,C,skip,E,B,C,skip,E,0.6,radicaleq
669,radicaleq,4,D,C,E,skip,E,skip,B,skip,E,skip,B,skip,E,skip,E,B,C,skip,E,B,0.6,radicaleq
669,radicaleq,5,E,skip,C,B,C,B,C,E,C,B,C,E,C,B,B,C,skip,E,B,C,0.6,radicaleq
669,random3,6,C,C,C,C,C,C,C,C,C,C,C,C,C,D,D,D,D,D,D,D,0.35,radicaleq
670,radicaleq,1,A,E,skip,D,E,C,D,skip,C,D,skip,D,skip,B,D,skip,B,D,C,D,0.65,radicaleq
670,random3,2,D,D,D,D,D,D,A,A,A,A,A,A,C,C,C,C,C,D,D,E,0.2,radicaleq
670,radicaleq,3,C,D,B,E,B,D,E,A,B,C,C,B,B,D,skip,C,C,B,B,B,0.6,radicaleq
670,random3,4,D,B,B,A,A,A,A,B,B,B,B,E,E,E,E,E,E,E,E,E,0.65,radicaleq
670,radicaleq,5,E,skip,C,skip,D,E,B,C,D,skip,D,skip,D,skip,B,D,skip,C,D,C,0.6,radicaleq
670,radicaleq,6,skip,C,D,C,skip,B,C,D,skip,B,B,A,C,C,A,A,A,A,A,A,0.55,radicaleq
671,radicaleq,1,A,E,D,B,B,D,D,D,D,C,B,E,E,C,B,E,D,C,C,B,0.65,radicaleq
671,radicaleq,2,B,C,skip,D,skip,skip,C,E,C,D,D,D,C,B,E,D,C,B,B,D,0.65,radicaleq
671,radicaleq,3,C,D,A,E,C,C,B,C,B,B,E,C,B,E,D,C,B,E,E,E,0.7,radicaleq
671,random3,4,E,E,E,E,E,A,A,A,A,A,A,A,A,A,A,A,A,A,A,A,0.85,radicaleq
671,random3,5,C,D,D,B,B,B,B,E,C,E,E,B,E,E,E,E,E,D,B,B,0.05,radicaleq
671,radicaleq,6,skip,B,C,skip,E,E,skip,B,E,E,C,B,D,D,C,B,E,D,D,C,0.6,radicaleq
672,radicaleq,1,A,C,skip,E,D,A,A,D,E,skip,A,D,E,skip,B,E,skip,D,E,skip,0.65,radicaleq
672,radicaleq,2,B,E,D,A,E,skip,D,E,skip,C,D,E,skip,A,E,skip,D,E,skip,D,0.65,radicaleq
672,radicaleq,3,C,skip,C,skip,skip,D,E,skip,C,D,E,A,A,E,skip,D,E,skip,D,E,0.65,radicaleq
672,random3,4,E,D,D,D,D,C,C,C,A,A,E,B,B,B,C,C,C,C,C,C,0.45,radicaleq
672,radicaleq,5,E,A,E,D,A,E,skip,C,A,A,C,C,C,B,D,A,B,B,B,B,0.5,radicaleq
672,random3,6,E,E,E,E,B,B,B,B,B,B,B,B,B,D,D,A,A,A,A,A,0.6,radicaleq
673,random3,1,C,D,D,D,B,B,C,B,B,B,B,B,B,B,B,B,C,C,C,C,0.45,random3
673,radicaleq,2,B,E,skip,A,skip,A,skip,E,skip,E,skip,A,skip,D,B,A,D,skip,B,D,0.55,random3
673,radicaleq,3,C,B,B,skip,D,skip,E,D,A,A,A,D,A,skip,D,B,E,C,C,A,0.4,random3
673,random3,4,A,A,A,E,E,E,E,D,D,D,D,D,D,D,D,E,E,E,E,E,0.5,random3
673,radicaleq,5,E,skip,A,D,C,D,A,skip,E,skip,E,skip,D,E,skip,D,skip,B,D,skip,0.5,random3
673,radicaleq,6,skip,A,D,C,E,B,C,B,C,C,C,C,C,B,A,skip,B,D,skip,B,0.5,random3
674,radicaleq,1,A,E,skip,E,C,skip,E,C,skip,B,C,skip,skip,skip,C,B,C,skip,A,E,0.6,radicaleq
674,random3,2,C,C,C,D,D,D,D,D,D,A,A,A,A,C,C,C,D,D,D,D,0.4,radicaleq
674,radicaleq,3,C,A,A,C,skip,E,C,skip,B,C,skip,A,E,E,B,A,skip,A,E,C,0.6,radicaleq
674,radicaleq,4,D,C,E,skip,E,C,skip,A,C,skip,A,B,A,A,skip,E,B,E,C,skip,0.55,radicaleq
674,radicaleq,5,E,skip,C,B,A,A,A,B,D,A,D,E,B,B,A,C,A,C,skip,A,0.55,radicaleq
674,random3,6,C,C,B,B,B,B,B,B,E,E,E,E,E,E,E,E,D,D,B,B,0.5,radicaleq
675,random3,1,C,C,E,E,E,E,E,E,E,E,C,C,C,C,C,D,D,D,D,D,0.65,radicaleq
675,radicaleq,2,B,A,B,A,skip,C,A,skip,B,C,C,D,D,B,skip,B,C,skip,A,B,0.65,radicaleq
675,radicaleq,3,C,B,D,skip,C,A,skip,B,C,A,A,B,skip,C,A,C,skip,A,B,C,0.65,radicaleq
675,radicaleq,4,D,C,A,B,A,skip,B,C,A,B,B,skip,A,skip,B,skip,A,B,C,skip,0.6,radicaleq
675,random3,5,A,A,A,C,D,B,B,B,B,E,E,E,E,E,E,E,E,E,E,E,0.5,radicaleq
675,radicaleq,6,skip,D,skip,C,D,B,D,D,D,D,D,A,C,D,C,A,B,C,skip,E,0.55,radicaleq
676,radicaleq,1,A,B,A,C,D,skip,A,C,D,B,E,skip,D,C,B,E,A,skip,D,B,0.85,draw
676,radicaleq,2,B,C,D,E,skip,A,C,D,B,E,skip,D,C,B,E,A,skip,D,B,C,0.85,draw
676,radicaleq,3,C,D,E,skip,A,C,D,B,E,skip,D,C,B,E,A,skip,D,B,C,E,0.85,draw
676,radicaleq,4,D,E,skip,A,C,D,B,E,skip,D,C,B,E,A,skip,D,B,C,E,A,0.85,draw
676,radicaleq,5,E,skip,B,B,B,B,E,skip,C,C,B,E,A,skip,D,B,C,E,A,skip,0.8,draw
676,radicaleq,6,skip,A,C,D,E,E,skip,A,A,A,A,A,skip,D,C,C,E,A,skip,D,0.8,draw
677,radicaleq,1,A,B,A,C,D,skip,A,C,D,B,E,skip,D,C,B,E,A,skip,D,B,0.85,draw
677,radicaleq,2,B,C,D,E,skip,A,C,D,B,E,skip,D,C,B,E,A,skip,D,B,C,0.85,draw
677,radicaleq,3,C,D,E,skip,A,C,D,B,E,skip,D,C,B,E,A,skip,D,B,C,E,0.85,draw
677,radicaleq,4,D,E,skip,A,C,D,B,E,skip,D,C,B,E,A,skip,D,B,C,E,A,0.85,draw
677,radicaleq,5,E,skip,B,B,B,B,E,skip,C,C,B,E,A,skip,D,B,C,E,A,skip,0.8,draw
677,radicaleq,6,skip,A,C,D,E,E,skip,A,A,A,A,A,skip,D,C,C,E,A,skip,D,0.8,draw
678,radicaleq,1,A,B,A,C,D,skip,A,C,D,B,E,skip,D,C,B,E,A,skip,D,B,0.85,draw
678,radicaleq,2,B,C,D,E,skip,A,C,D,B,E,skip,D,C,B,E,A,skip,D,B,C,0.85,draw
678,radicaleq,3,C,D,E,skip,A,C,D,B,E,skip,D,C,B,E,A,skip,D,B,C,E,0.85,draw
678,radicaleq,4,D,E,skip,A,C,D,B,E,skip,D,C,B,E,A,skip,D,B,C,E,A,0.85,draw
678,radicaleq,5,E,skip,B,B,B,B,E,skip,C,C,B,E,A,skip,D,B,C,E,A,skip,0.8,draw
678,radicaleq,6,skip,A,C,D,E,E,skip,A,A,A,A,A,skip,D,C,C,E,A,skip,D,0.8,draw
679,radicaleq,1,A,B,A,C,D,skip,A,C,D,B,E,skip,D,C,B,E,A,skip,D,B,0.85,draw
679,radicaleq,2,B,C,D,E,skip,A,C,D,B,E,skip,D,C,B,E,A,skip,D,B,C,0.85,draw
679,radicaleq,3,C,D,E,skip,A,C,D,B,E,skip,D,C,B,E,A,skip,D,B,C,E,0.85,draw
679,radicaleq,4,D,E,skip,A,C,D,B,E,skip,D,C,B,E,A,skip,D,B,C,E,A,0.85,draw
679,radicaleq,5,E,skip,B,B,B,B,E,skip,C,C,B,E,A,skip,D,B,C,E,A,skip,0.8,draw
679,radicaleq,6,skip,A,C,D,E,E,skip,A,A,A,A,A,skip,D,C,C,E,A,skip,D,0.8,draw
680,radicaleq,1,A,B,A,C,D,skip,A,C,D,B,E,skip,D,C,B,E,A,skip,D,B,0.85,draw
680,radicaleq,2,B,C,D,E,skip,A,C,D,B,E,skip,D,C,B,E,A,skip,D,B,C,0.85,draw
680,radicaleq,3,C,D,E,skip,A,C,D,B,E,skip,D,C,B,E,A,skip,D,B,C,E,0.85,draw
680,radicaleq,4,D,E,skip,A,C,D,B,E,skip,D,C,B,E,A,skip,D,B,C,E,A,0.85,draw
680,radicaleq,5,E,skip,B,B,B,B,E,skip,C,C,B,E,A,skip,D,B,C,E,A,skip,0.8,draw
680,radicaleq,6,skip,A,C,D,E,E,skip,A,A,A,A,A,skip,D,C,C,E,A,skip,D,0.8,draw
681,radicaleq,1,A,B,A,C,D,skip,A,C,D,B,E,skip,D,C,B,E,A,skip,D,B,0.85,draw
681,radicaleq,2,B,C,D,E,skip,A,C,D,B,E,skip,D,C,B,E,A,skip,D,B,C,0.85,draw
681,radicaleq,3,C,D,E,skip,A,C,D,B,E,skip,D,C,B,E,A,skip,D,B,C,E,0.85,draw
681,radicaleq,4,D,E,skip,A,C,D,B,E,skip,D,C,B,E,A,skip,D,B,C,E,A,0.85,draw
681,radicaleq,5,E,skip,B,B,B,B,E,skip,C,C,B,E,A,skip,D,B,C,E,A,skip,0.8,draw
681,radicaleq,6,skip,A,C,D,E,E,skip,A,A,A,A,A,skip,D,C,C,E,A,skip,D,0.8,draw
682,radicaleq,1,A,B,A,C,D,skip,A,C,D,B,E,skip,D,C,B,E,A,skip,D,B,0.85,draw
682,radicaleq,2,B,C,D,E,skip,A,C,D,B,E,skip,D,C,B,E,A,skip,D,B,C,0.85,draw
682,radicaleq,3,C,D,E,skip,A,C,D,B,E,skip,D,C,B,E,A,skip,D,B,C,E,0.85,draw
682,radicaleq,4,D,E,skip,A,C,D,B,E,skip,D,C,B,E,A,skip,D,B,C,E,A,0.85,draw
682,radicaleq,5,E,skip,B,B,B,B,E,skip,C,C,B,E,A,skip,D,B,C,E,A,skip,0.8,draw
682,radicaleq,6,skip,A,C,D,E,E,skip,A,A,A,A,A,skip,D,C,C,E,A,skip,D,0.8,draw
683,radicaleq,1,A,B,A,C,D,skip,A,C,D,B,E,skip,D,C,B,E,A,skip,D,B,0.85,draw
683,radicaleq,2,B,C,D,E,skip,A,C,D,B,E,skip,D,C,B,E,A,skip,D,B,C,0.85,draw
683,radicaleq,3,C,D,E,skip,A,C,D,B,E,skip,D,C,B,E,A,skip,D,B,C,E,0.85,draw
683,radicaleq,4,D,E,skip,A,C,D,B,E,skip,D,C,B,E,A,skip,D,B,C,E,A,0.85,draw
683,radicaleq,5,E,skip,B,B,B,B,E,skip,C,C,B,E,A,skip,D,B,C,E,A,skip,0.8,draw
683,radicaleq,6,skip,A,C,D,E,E,skip,A,A,A,A,A,skip,D,C,C,E,A,skip,D,0.8,draw
684,radicaleq,1,A,B,A,C,D,skip,A,C,D,B,E,skip,D,C,B,E,A,skip,D,B,0.85,draw
684,radicaleq,2,B,C,D,E,skip,A,C,D,B,E,skip,D,C,B,E,A,skip,D,B,C,0.85,draw
684,radicaleq,3,C,D,E,skip,A,C,D,B,E,skip,D,C,B,E,A,skip,D,B,C,E,0.85,draw
684,radicaleq,4,D,E,skip,A,C,D,B,E,skip,D,C,B,E,A,skip,D,B,C,E,A,0.85,draw
684,radicaleq,5,E,skip,B,B,B,B,E,skip,C,C,B,E,A,skip,D,B,C,E,A,skip,0.8,draw
684,radicaleq,6,skip,A,C,D,E,E,skip,A,A,A,A,A,skip,D,C,C,E,A,skip,D,0.8,draw
685,radicaleq,1,A,B,A,C,D,skip,A,C,D,B,E,skip,D,C,B,E,A,skip,D,B,0.85,draw
685,radicaleq,2,B,C,D,E,skip,A,C,D,B,E,skip,D,C,B,E,A,skip,D,B,C,0.85,draw
685,radicaleq,3,C,D,E,skip,A,C,D,B,E,skip,D,C,B,E,A,skip,D,B,C,E,0.85,draw
685,radicaleq,4,D,E,skip,A,C,D,B,E,skip,D,C,B,E,A,skip,D,B,C,E,A,0.85,draw
685,radicaleq,5,E,skip,B,B,B,B,E,skip,C,C,B,E,A,skip,D,B,C,E,A,skip,0.8,draw
685,radicaleq,6,skip,A,C,D,E,E,skip,A,A,A,A,A,skip,D,C,C,E,A,skip,D,0.8,draw
686,radicaleq,1,A,B,A,C,D,skip,A,C,D,B,E,skip,D,C,B,E,A,skip,D,B,0.85,draw
686,radicaleq,2,B,C,D,E,skip,A,C,D,B,E,skip,D,C,B,E,A,skip,D,B,C,0.85,draw
686,radicaleq,3,C,D,E,skip,A,C,D,B,E,skip,D,C,B,E,A,skip,D,B,C,E,0.85,draw
686,radicaleq,4,D,E,skip,A,C,D,B,E,skip,D,C,B,E,A,skip,D,B,C,E,A,0.85,draw
686,radicaleq,5,E,skip,B,B,B,B,E,skip,C,C,B,E,A,skip,D,B,C,E,A,skip,0.8,draw
686,radicaleq,6,skip,A,C,D,E,E,skip,A,A,A,A,A,skip,D,C,C,E,A,skip,D,0.8,draw
687,radicaleq,1,A,B,A,C,D,skip,A,C,D,B,E,skip,D,C,B,E,A,skip,D,B,0.85,draw
687,radicaleq,2,B,C,D,E,skip,A,C,D,B,E,skip,D,C,B,E,A,skip,D,B,C,0.85,draw
687,radicaleq,3,C,D,E,skip,A,C,D,B,E,skip,D,C,B,E,A,skip,D,B,C,E,0.85,draw
687,radicaleq,4,D,E,skip,A,C,D,B,E,skip,D,C,B,E,A,skip,D,B,C,E,A,0.85,draw
687,radicaleq,5,E,skip,B,B,B,B,E,skip,C,C,B,E,A,skip,D,B,C,E,A,skip,0.8,draw
687,radicaleq,6,skip,A,C,D,E,E,skip,A,A,A,A,A,skip,D,C,C,E,A,skip,D,0.8,draw
688,radicaleq,1,A,B,A,C,D,skip,A,C,D,B,E,skip,D,C,B,E,A,skip,D,B,0.85,draw
688,radicaleq,2,B,C,D,E,skip,A,C,D,B,E,skip,D,C,B,E,A,skip,D,B,C,0.85,draw
688,radicaleq,3,C,D,E,skip,A,C,D,B,E,skip,D,C,B,E,A,skip,D,B,C,E,0.85,draw
688,radicaleq,4,D,E,skip,A,C,D,B,E,skip,D,C,B,E,A,skip,D,B,C,E,A,0.85,draw
688,radicaleq,5,E,skip,B,B,B,B,E,skip,C,C,B,E,A,skip,D,B,C,E,A,skip,0.8,draw
688,radicaleq,6,skip,A,C,D,E,E,skip,A,A,A,A,A,skip,D,C,C,E,A,skip,D,0.8,draw
689,radicaleq,1,A,B,A,C,D,skip,A,C,D,B,E,skip,D,C,B,E,A,skip,D,B,0.85,draw
689,radicaleq,2,B,C,D,E,skip,A,C,D,B,E,skip,D,C,B,E,A,skip,D,B,C,0.85,draw
689,radicaleq,3,C,D,E,skip,A,C,D,B,E,skip,D,C,B,E,A,skip,D,B,C,E,0.85,draw
689,radicaleq,4,D,E,skip,A,C,D,B,E,skip,D,C,B,E,A,skip,D,B,C,E,A,0.85,draw
689,radicaleq,5,E,skip,B,B,B,B,E,skip,C,C,B,E,A,skip,D,B,C,E,A,skip,0.8,draw
689,radicaleq,6,skip,A,C,D,E,E,skip,A,A,A,A,A,skip,D,C,C,E,A,skip,D,0.8,draw
690,radicaleq,1,A,B,A,C,D,skip,A,C,D,B,E,skip,D,C,B,E,A,skip,D,B,0.85,draw
690,radicaleq,2,B,C,D,E,skip,A,C,D,B,E,skip,D,C,B,E,A,skip,D,B,C,0.85,draw
690,radicaleq,3,C,D,E,skip,A,C,D,B,E,skip,D,C,B,E,A,skip,D,B,C,E,0.85,draw
690,radicaleq,4,D,E,skip,A,C,D,B,E,skip,D,C,B,E,A,skip,D,B,C,E,A,0.85,draw
690,radicaleq,5,E,skip,B,B,B,B,E,skip,C,C,B,E,A,skip,D,B,C,E,A,skip,0.8,draw
690,radicaleq,6,skip,A,C,D,E,E,skip,A,A,A,A,A,skip,D,C,C,E,A,skip,D,0.8,draw
691,rotate0,1,A,A,A,A,A,A,A,A,A,A,A,A,A,A,A,A,A,A,A,A,0.55,random
691,random,2,skip,E,C,skip,B,C,E,A,C,skip,C,D,skip,B,C,D,E,D,E,D,0.25,random
691,random,3,A,A,A,E,skip,C,C,skip,E,A,A,E,A,E,C,E,E,A,A,skip,0.05,random
691,rotate0,4,D,D,D,D,D,D,D,D,D,D,D,D,D,D,D,D,D,D,D,D,0.8,random
691,rotate0,5,E,E,E,E,E,E,E,E,E,E,E,E,E,E,E,E,E,E,E,E,0.55,random
691,rotate0,6,skip,skip,skip,skip,skip,skip,skip,skip,skip,skip,skip,skip,skip,skip,skip,skip,skip,skip,skip,skip,0.0,random
692,rotate0,1,A,A,A,A,A,A,A,A,A,A,A,A,A,A,A,A,A,A,A,A,0.8,rotate0
692,rotate0,2,B,B,B,B,B,B,B,B,B,B,B,B,B,B,B,B,B,B,B,B,0.65,rotate0
692,random,3,A,D,B,skip,C,B,C,D,A,C,C,A,B,skip,D,E,E,E,E,E,0.15,rotate0
692,rotate0,4,D,D,D,D,D,D,D,D,D,D,D,D,D,D,D,D,D,D,D,D,0.7,rotate0
692,rotate0,5,E,E,E,E,E,E,E,E,E,E,E,E,E,E,E,E,E,E,E,E,0.75,rotate0
692,random,6,C,B,D,D,B,B,C,B,skip,B,skip,A,D,C,D,A,C,skip,skip,C,0.2,rotate0
693,rotate0,1,A,A,A,A,A,A,A,A,A,A,A,A,A,A,A,A,A,A,A,A,0.6,random
693,rotate0,2,B,B,B,B,B,B,B,B,B,B,B,B,B,B,B,B,B,B,B,B,0.65,random
693,random,3,B,C,D,A,D,E,D,B,A,D,E,skip,D,A,E,A,A,D,D,B,0.3,random
693,random,4,skip,A,B,skip,D,A,B,skip,skip,skip,E,A,E,D,E,E,B,B,D,D,0.1,random
693,rotate0,5,E,E,E,E,E,E,E,E,E,E,E,E,E,E,E,E,E,E,E,E,0.75,random
693,rotate0,6,skip,skip,skip,skip,skip,skip,skip,skip,skip,skip,skip,skip,skip,skip,skip,skip,skip,skip,skip,skip,0.0,random
694,rotate0,1,A,A,A,A,A,A,A,A,A,A,A,A,A,A,A,A,A,A,A,A,0.6,random
694,random,2,A,E,A,D,D,skip,skip,skip,skip,A,B,D,A,skip,C,skip,C,skip,C,D,0.1,random
694,rotate0,3,C,C,C,C,C,C,C,C,C,C,C,C,C,C,C,C,C,C,C,C,0.65,random
694,rotate0,4,D,D,D,D,D,D,D,D,D,D,D,D,D,D,D,D,D,D,D,D,0.65,random
694,random,5,skip,C,A,A,A,C,A,C,D,B,D,E,D,C,C,B,B,A,E,skip,0.25,random
694,rotate0,6,skip,skip,skip,skip,skip,skip,skip,skip,skip,skip,skip,skip,skip,skip,skip,skip,skip,skip,skip,skip,0.0,random
695,rotate0,1,A,A,A,A,A,A,A,A,A,A,A,A,A,A,A,A,A,A,A,A,0.8,random
695,rotate0,2,B,B,B,B,B,B,B,B,B,B,B,B,B,B,B,B,B,B,B,B,0.8,random
695,random,3,C,skip,E,skip,D,E,E,skip,C,skip,C,A,B,B,C,D,D,skip,D,C,0.35,random
695,rotate0,4,D,D,D,D,D,D,D,D,D,D,D,D,D,D,D,D,D,D,D,D,0.55,random
695,random,5,C,D,skip,skip,B,C,A,D,B,A,A,C,E,D,D,C,C,D,E,E,0.35,random
695,rotate0,6,skip,skip,skip,skip,skip,skip,skip,skip,skip,skip,skip,skip,skip,skip,skip,skip,skip,skip,skip,skip,0.0,random
696,rotate0,1,A,A,A,A,A,A,A,A,A,A,A,A,A,A,A,A,A,A,A,A,0.6,rotate0
696,rotate0,2,B,B,B,B,B,B,B,B,B,B,B,B,B,B,B,B,B,B,B,B,0.75,rotate0
696,rotate0,3,C,C,C,C,C,C,C,C,C,C,C,C,C,C,C,C,C,C,C,C,0.65,rotate0
696,rotate0,4,D,D,D,D,D,D,D,D,D,D,D,D,D,D,D,D,D,D,D,D,0.75,rotate0
696,random,5,C,E,C,A,C,E,E,D,skip,B,A,D,C,B,D,skip,D,skip,C,E,0.15,rotate0
696,random,6,A,A,B,A,C,E,B,E,skip,skip,B,D,A,skip,A,C,A,D,A,C,0.05,rotate0
697,random,1,B,B,E,skip,skip,B,A,skip,D,B,E,C,E,D,skip,E,D,D,D,A,0.2,random
697,random,2,B,C,D,D,B,D,C,E,B,B,skip,E,A,A,D,B,E,skip,D,skip,0.25,random
697,rotate0,3,C,C,C,C,C,C,C,C,C,C,C,C,C,C,C,C,C,C,C,C,0.85,random
697,rotate0,4,D,D,D,D,D,D,D,D,D,D,D,D,D,D,D,D,D,D,D,D,0.55,random
697,rotate0,5,E,E,E,E,E,E,E,E,E,E,E,E,E,E,E,E,E,E,E,E,0.65,random
697,rotate0,6,skip,skip,skip,skip,skip,skip,skip,skip,skip,skip,skip,skip,skip,skip,skip,skip,skip,skip,skip,skip,0.0,random
698,random,1,C,E,A,E,D,B,D,D,D,skip,A,D,C,C,C,A,D,D,A,E,0.4,random
698,rotate0,2,B,B,B,B,B,B,B,B,B,B,B,B,B,B,B,B,B,B,B,B,0.75,random
698,random,3,E,D,skip,A,B,A,skip,skip,skip,B,C,E,B,D,skip,skip,B,A,C,C,0.3,random
698,rotate0,4,D,D,D,D,D,D,D,D,D,D,D,D,D,D,D,D,D,D,D,D,0.55,random
698,rotate0,5,E,E,E,E,E,E,E,E,E,E,E,E,E,E,E,E,E,E,E,E,0.75,random
698,rotate0,6,skip,skip,skip,skip,skip,skip,skip,skip,skip,skip,skip,skip,skip,skip,skip,skip,skip,skip,skip,skip,0.0,random
699,random,1,E,B,B,skip,C,D,A,C,C,skip,B,skip,skip,D,skip,E,skip,E,C,B,0.05,rotate0
699,rotate0,2,B,B,B,B,B,B,B,B,B,B,B,B,B,B,B,B,B,B,B,B,0.75,rotate0
699,rotate0,3,C,C,C,C,C,C,C,C,C,C,C,C,C,C,C,C,C,C,C,C,0.75,rotate0
699,rotate0,4,D,D,D,D,D,D,D,D,D,D,D,D,D,D,D,D,D,D,D,D,0.7,rotate0
699,rotate0,5,E,E,E,E,E,E,E,E,E,E,E,E,E,E,E,E,E,E,E,E,0.7,rotate0
699,random,6,A,E,A,skip,E,E,D,skip,skip,skip,skip,B,C,skip,D,D,D,A,skip,skip,0.15,rotate0
700,rotate0,1,A,A,A,A,A,A,A,A,A,A,A,A,A,A,A,A,A,A,A,A,0.8,random
700,random,2,E,C,D,C,skip,D,E,B,skip,C,B,A,E,skip,E,B,E,skip,A,C,0.15,random
700,rotate0,3,C,C,C,C,C,C,C,C,C,C,C,C,C,C,C,C,C,C,C,C,0.75,random
700,random,4,D,C,skip,B,E,D,skip,A,D,E,B,C,E,D,A,D,E,B,D,D,0.4,random
700,rotate0,5,E,E,E,E,E,E,E,E,E,E,E,E,E,E,E,E,E,E,E,E,0.65,random
700,rotate0,6,skip,skip,skip,skip,skip,skip,skip,skip,skip,skip,skip,skip,skip,skip,skip,skip,skip,skip,skip,skip,0.0,random
701,rotate0,1,A,A,A,A,A,A,A,A,A,A,A,A,A,A,A,A,A,A,A,A,0.65,random
701,rotate0,2,B,B,B,B,B,B,B,B,B,B,B,B,B,B,B,B,B,B,B,B,0.8,random
701,rotate0,3,C,C,C,C,C,C,C,C,C,C,C,C,C,C,C,C,C,C,C,C,0.55,random
701,random,4,E,E,A,E,E,C,C,skip,A,D,C,B,A,B,skip,D,C,A,skip,skip,0.3,random
701,random,5,skip,B,skip,C,C,skip,A,skip,B,C,skip,C,E,A,D,E,A,E,D,C,0.25,random
701,rotate0,6,skip,skip,skip,skip,skip,skip,skip,skip,skip,skip,skip,skip,skip,skip,skip,skip,skip,skip,skip,skip,0.0,random
702,rotate0,1,A,A,A,A,A,A,A,A,A,A,A,A,A,A,A,A,A,A,A,A,0.7,rotate0
702,rotate0,2,B,B,B,B,B,B,B,B,B,B,B,B,B,B,B,B,B,B,B,B,0.65,rotate0
702,rotate0,3,C,C,C,C,C,C,C,C,C,C,C,C,C,C,C,C,C,C,C,C,0.85,rotate0
702,random,4,A,B,A,E,skip,skip,E,D,B,B,A,C,B,A,B,E,B,D,E,skip,0.1,rotate0
702,rotate0,5,E,E,E,E,E,E,E,E,E,E,E,E,E,E,E,E,E,E,E,E,0.5,rotate0
702,random,6,skip,skip,C,D,D,E,E,E,E,E,E,B,E,A,A,skip,C,skip,D,A,0.15,rotate0
703,random,1,B,C,A,E,C,skip,skip,D,D,E,C,C,C,C,E,B,skip,B,E,A,0.2,random
703,rotate0,2,B,B,B,B,B,B,B,B,B,B,B,B,B,B,B,B,B,B,B,B,0.75,random
703,rotate0,3,C,C,C,C,C,C,C,C,C,C,C,C,C,C,C,C,C,C,C,C,0.7,random
703,random,4,E,E,skip,D,B,A,skip,A,B,D,A,C,A,C,D,D,skip,A,E,E,0.45,random
703,rotate0,5,E,E,E,E,E,E,E,E,E,E,E,E,E,E,E,E,E,E,E,E,0.65,random
703,rotate0,6,skip,skip,skip,skip,skip,skip,skip,skip,skip,skip,skip,skip,skip,skip,skip,skip,skip,skip,skip,skip,0.0,random
704,rotate0,1,A,A,A,A,A,A,A,A,A,A,A,A,A,A,A,A,A,A,A,A,0.65,rotate0
704,random,2,E,D,A,D,C,D,C,B,E,A,skip,skip,B,D,B,E,C,B,C,skip,0.2,rotate0
704,rotate0,3,C,C,C,C,C,C,C,C,C,C,C,C,C,C,C,C,C,C,C,C,0.75,rotate0
704,rotate0,4,D,D,D,D,D,D,D,D,D,D,D,D,D,D,D,D,D,D,D,D,0.7,rotate0
704,rotate0,5,E,E,E,E,E,E,E,E,E,E,E,E,E,E,E,E,E,E,E,E,0.7,rotate0
704,random,6,B,skip,B,E,E,A,B,skip,B,C,B,E,A,A,A,E,C,D,A,D,0.25,rotate0
705,random,1,D,B,D,E,D,A,A,C,E,E,A,D,E,D,skip,C,A,C,B,B,0.25,random
705,rotate0,2,B,B,B,B,B,B,B,B,B,B,B,B,B,B,B,B,B,B,B,B,0.7,random
705,rotate0,3,C,C,C,C,C,C,C,C,C,C,C,C,C,C,C,C,C,C,C,C,0.75,random
705,rotate0,4,D,D,D,D,D,D,D,D,D,D,D,D,D,D,D,D,D,D,D,D,0.6,random
705,random,5,C,A,E,E,B,E,D,A,B,A,A,E,E,D,D,C,B,D,C,E,0.35,random
705,rotate0,6,skip,skip,skip,skip,skip,skip,skip,skip,skip,skip,skip,skip,skip,skip,skip,skip,skip,skip,skip,skip,0.0,random
706,rotate0,1,A,A,A,A,A,A,A,A,A,A,A,A,A,A,A,A,A,A,A,A,0.7,rotate
706,rotate,2,B,C,D,E,skip,A,B,C,D,E,skip,A,B,C,D,E,skip,A,B,C,0.4,rotate
706,rotate,3,C,D,E,skip,A,B,C,D,E,skip,A,B,C,D,E,skip,A,B,C,D,0.35,rotate
706,rotate0,4,D,D,D,D,D,D,D,D,D,D,D,D,D,D,D,D,D,D,D,D,0.65,rotate
706,rotate0,5,E,E,E,E,E,E,E,E,E,E,E,E,E,E,E,E,E,E,E,E,0.7,rotate
706,rotate0,6,skip,skip,skip,skip,skip,skip,skip,skip,skip,skip,skip,skip,skip,skip,skip,skip,skip,skip,skip,skip,0.0,rotate
707,rotate0,1,A,A,A,A,A,A,A,A,A,A,A,A,A,A,A,A,A,A,A,A,0.65,rotate
707,rotate0,2,B,B,B,B,B,B,B,B,B,B,B,B,B,B,B,B,B,B,B,B,0.7,rotate
707,rotate,3,C,D,E,skip,A,B,C,D,E,skip,A,B,C,D,E,skip,A,B,C,D,0.2,rotate
707,rotate0,4,D,D,D,D,D,D,D,D,D,D,D,D,D,D,D,D,D,D,D,D,0.65,rotate
707,rotate0,5,E,E,E,E,E,E,E,E,E,E,E,E,E,E,E,E,E,E,E,E,0.7,rotate
707,rotate,6,skip,A,B,C,D,E,skip,A,B,C,D,E,skip,A,B,C,D,E,skip,A,0.15,rotate
708,rotate0,1,A,A,A,A,A,A,A,A,A,A,A,A,A,A,A,A,A,A,A,A,0.7,rotate
708,rotate0,2,B,B,B,B,B,B,B,B,B,B,B,B,B,B,B,B,B,B,B,B,0.7,rotate
708,rotate,3,C,D,E,skip,A,B,C,D,E,skip,A,B,C,D,E,skip,A,B,C,D,0.4,rotate
708,rotate,4,D,E,skip,A,B,C,D,E,skip,A,B,C,D,E,skip,A,B,C,D,E,0.35,rotate
708,rotate0,5,E,E,E,E,E,E,E,E,E,E,E,E,E,E,E,E,E,E,E,E,0.65,rotate
708,rotate0,6,skip,skip,skip,skip,skip,skip,skip,skip,skip,skip,skip,skip,skip,skip,skip,skip,skip,skip,skip,skip,0.0,rotate
709,rotate0,1,A,A,A,A,A,A,A,A,A,A,A,A,A,A,A,A,A,A,A,A,0.7,rotate
709,rotate,2,B,C,D,E,skip,A,B,C,D,E,skip,A,B,C,D,E,skip,A,B,C,0.35,rotate
709,rotate0,3,C,C,C,C,C,C,C,C,C,C,C,C,C,C,C,C,C,C,C,C,0.65,rotate
709,rotate0,4,D,D,D,D,D,D,D,D,D,D,D,D,D,D,D,D,D,D,D,D,0.7,rotate
709,rotate,5,E,skip,A,B,C,D,E,skip,A,B,C,D,E,skip,A,B,C,D,E,skip,0.35,rotate
709,rotate0,6,skip,skip,skip,skip,skip,skip,skip,skip,skip,skip,skip,skip,skip,skip,skip,skip,skip,skip,skip,skip,0.0,rotate
710,rotate0,1,A,A,A,A,A,A,A,A,A,A,A,A,A,A,A,A,A,A,A,A,0.7,rotate
710,rotate0,2,B,B,B,B,B,B,B,B,B,B,B,B,B,B,B,B,B,B,B,B,0.7,rotate
710,rotate,3,C,D,E,skip,A,B,C,D,E,skip,A,B,C,D,E,skip,A,B,C,D,0.35,rotate
710,rotate0,4,D,D,D,D,D,D,D,D,D,D,D,D,D,D,D,D,D,D,D,D,0.65,rotate
710,rotate,5,E,skip,A,B,C,D,E,skip,A,B,C,D,E,skip,A,B,C,D,E,skip,0.35,rotate
710,rotate0,6,skip,skip,skip,skip,skip,skip,skip,skip,skip,skip,skip,skip,skip,skip,skip,skip,skip,skip,skip,skip,0.0,rotate
711,rotate0,1,A,A,A,A,A,A,A,A,A,A,A,A,A,A,A,A,A,A,A,A,0.65,rotate
711,rotate0,2,B,B,B,B,B,B,B,B,B,B,B,B,B,B,B,B,B,B,B,B,0.7,rotate
711,rotate0,3,C,C,C,C,C,C,C,C,C,C,C,C,C,C,C,C,C,C,C,C,0.7,rotate
711,rotate0,4,D,D,D,D,D,D,D,D,D,D,D,D,D,D,D,D,D,D,D,D,0.7,rotate
711,rotate,5,E,skip,A,B,C,D,E,skip,A,B,C,D,E,skip,A,B,C,D,E,skip,0.2,rotate
711,rotate,6,skip,A,B,C,D,E,skip,A,B,C,D,E,skip,A,B,C,D,E,skip,A,0.15,rotate
712,rotate,1,A,B,C,D,E,skip,A,B,C,D,E,skip,A,B,C,D,E,skip,A,B,0.4,rotate
712,rotate,2,B,C,D,E,skip,A,B,C,D,E,skip,A,B,C,D,E,skip,A,B,C,0.35,rotate
712,rotate0,3,C,C,C,C,C,C,C,C,C,C,C,C,C,C,C,C,C,C,C,C,0.65,rotate
712,rotate0,4,D,D,D,D,D,D,D,D,D,D,D,D,D,D,D,D,D,D,D,D,0.7,rotate
712,rotate0,5,E,E,E,E,E,E,E,E,E,E,E,E,E,E,E,E,E,E,E,E,0.7,rotate
712,rotate0,6,skip,skip,skip,skip,skip,skip,skip,skip,skip,skip,skip,skip,skip,skip,skip,skip,skip,skip,skip,skip,0.0,rotate
713,rotate,1,A,B,C,D,E,skip,A,B,C,D,E,skip,A,B,C,D,E,skip,A,B,0.35,rotate
713,rotate0,2,B,B,B,B,B,B,B,B,B,B,B,B,B,B,B,B,B,B,B,B,0.65,rotate
713,rotate,3,C,D,E,skip,A,B,C,D,E,skip,A,B,C,D,E,skip,A,B,C,D,0.35,rotate
713,rotate0,4,D,D,D,D,D,D,D,D,D,D,D,D,D,D,D,D,D,D,D,D,0.65,rotate
713,rotate0,5,E,E,E,E,E,E,E,E,E,E,E,E,E,E,E,E,E,E,E,E,0.7,rotate
713,rotate0,6,skip,skip,skip,skip,skip,skip,skip,skip,skip,skip,skip,skip,skip,skip,skip,skip,skip,skip,skip,skip,0.0,rotate
714,rotate,1,A,B,C,D,E,skip,A,B,C,D,E,skip,A,B,C,D,E,skip,A,B,0.2,rotate
714,rotate0,2,B,B,B,B,B,B,B,B,B,B,B,B,B,B,B,B,B,B,B,B,0.65,rotate
714,rotate0,3,C,C,C,C,C,C,C,C,C,C,C,C,C,C,C,C,C,C,C,C,0.7,rotate
714,rotate0,4,D,D,D,D,D,D,D,D,D,D,D,D,D,D,D,D,D,D,D,D,0.7,rotate
714,rotate0,5,E,E,E,E,E,E,E,E,E,E,E,E,E,E,E,E,E,E,E,E,0.7,rotate
714,rotate,6,skip,A,B,C,D,E,skip,A,B,C,D,E,skip,A,B,C,D,E,skip,A,0.2,rotate
715,rotate0,1,A,A,A,A,A,A,A,A,A,A,A,A,A,A,A,A,A,A,A,A,0.7,rotate
715,rotate,2,B,C,D,E,skip,A,B,C,D,E,skip,A,B,C,D,E,skip,A,B,C,0.35,rotate
715,rotate0,3,C,C,C,C,C,C,C,C,C,C,C,C,C,C,C,C,C,C,C,C,0.65,rotate
715,rotate,4,D,E,skip,A,B,C,D,E,skip,A,B,C,D,E,skip,A,B,C,D,E,0.35,rotate
715,rotate0,5,E,E,E,E,E,E,E,E,E,E,E,E,E,E,E,E,E,E,E,E,0.65,rotate
715,rotate0,6,skip,skip,skip,skip,skip,skip,skip,skip,skip,skip,skip,skip,skip,skip,skip,skip,skip,skip,skip,skip,0.0,rotate
716,rotate0,1,A,A,A,A,A,A,A,A,A,A,A,A,A,A,A,A,A,A,A,A,0.7,rotate
716,rotate0,2,B,B,B,B,B,B,B,B,B,B,B,B,B,B,B,B,B,B,B,B,0.7,rotate
716,rotate0,3,C,C,C,C,C,C,C,C,C,C,C,C,C,C,C,C,C,C,C,C,0.7,rotate
716,rotate,4,D,E,skip,A,B,C,D,E,skip,A,B,C,D,E,skip,A,B,C,D,E,0.4,rotate
716,rotate,5,E,skip,A,B,C,D,E,skip,A,B,C,D,E,skip,A,B,C,D,E,skip,0.35,rotate
716,rotate0,6,skip,skip,skip,skip,skip,skip,skip,skip,skip,skip,skip,skip,skip,skip,skip,skip,skip,skip,skip,skip,0.0,rotate
717,rotate0,1,A,A,A,A,A,A,A,A,A,A,A,A,A,A,A,A,A,A,A,A,0.65,rotate
717,rotate0,2,B,B,B,B,B,B,B,B,B,B,B,B,B,B,B,B,B,B,B,B,0.7,rotate
717,rotate0,3,C,C,C,C,C,C,C,C,C,C,C,C,C,C,C,C,C,C,C,C,0.7,rotate
717,rotate,4,D,E,skip,A,B,C,D,E,skip,A,B,C,D,E,skip,A,B,C,D,E,0.2,rotate
717,rotate0,5,E,E,E,E,E,E,E,E,E,E,E,E,E,E,E,E,E,E,E,E,0.65,rotate
717,rotate,6,skip,A,B,C,D,E,skip,A,B,C,D,E,skip,A,B,C,D,E,skip,A,0.15,rotate
718,rotate,1,A,B,C,D,E,skip,A,B,C,D,E,skip,A,B,C,D,E,skip,A,B,0.35,rotate
718,rotate0,2,B,B,B,B,B,B,B,B,B,B,B,B,B,B,B,B,B,B,B,B,0.65,rotate
718,rotate0,3,C,C,C,C,C,C,C,C,C,C,C,C,C,C,C,C,C,C,C,C,0.7,rotate
718,rotate,4,D,E,skip,A,B,C,D,E,skip,A,B,C,D,E,skip,A,B,C,D,E,0.35,rotate
718,rotate0,5,E,E,E,E,E,E,E,E,E,E,E,E,E,E,E,E,E,E,E,E,0.65,rotate
718,rotate0,6,skip,skip,skip,skip,skip,skip,skip,skip,skip,skip,skip,skip,skip,skip,skip,skip,skip,skip,skip,skip,0.0,rotate
719,rotate0,1,A,A,A,A,A,A,A,A,A,A,A,A,A,A,A,A,A,A,A,A,0.65,rotate
719,rotate,2,B,C,D,E,skip,A,B,C,D,E,skip,A,B,C,D,E,skip,A,B,C,0.2,rotate
719,rotate0,3,C,C,C,C,C,C,C,C,C,C,C,C,C,C,C,C,C,C,C,C,0.65,rotate
719,rotate0,4,D,D,D,D,D,D,D,D,D,D,D,D,D,D,D,D,D,D,D,D,0.7,rotate
719,rotate0,5,E,E,E,E,E,E,E,E,E,E,E,E,E,E,E,E,E,E,E,E,0.7,rotate
719,rotate,6,skip,A,B,C,D,E,skip,A,B,C,D,E,skip,A,B,C,D,E,skip,A,0.15,rotate
720,rotate,1,A,B,C,D,E,skip,A,B,C,D,E,skip,A,B,C,D,E,skip,A,B,0.35,rotate
720,rotate0,2,B,B,B,B,B,B,B,B,B,B,B,B,B,B,B,B,B,B,B,B,0.65,rotate
720,rotate0,3,C,C,C,C,C,C,C,C,C,C,C,C,C,C,C,C,C,C,C,C,0.7,rotate
720,rotate0,4,D,D,D,D,D,D,D,D,D,D,D,D,D,D,D,D,D,D,D,D,0.7,rotate
720,rotate,5,E,skip,A,B,C,D,E,skip,A,B,C,D,E,skip,A,B,C,D,E,skip,0.35,rotate
720,rotate0,6,skip,skip,skip,skip,skip,skip,skip,skip,skip,skip,skip,skip,skip,skip,skip,skip,skip,skip,skip,skip,0.0,rotate
721,random3,1,D,D,A,A,A,A,A,A,A,A,A,A,A,A,A,A,D,D,D,D,0.5,rotate0
721,rotate0,2,B,B,B,B,B,B,B,B,B,B,B,B,B,B,B,B,B,B,B,B,0.55,rotate0
721,rotate0,3,C,C,C,C,C,C,C,C,C,C,C,C,C,C,C,C,C,C,C,C,0.95,rotate0
721,random3,4,B,B,B,E,A,A,B,B,B,B,B,B,A,A,A,A,A,A,A,A,0.1,rotate0
721,random3,5,D,D,D,D,D,D,D,D,D,D,D,D,D,D,D,D,D,A,A,C,0.7,rotate0
721,random3,6,B,B,A,E,E,E,E,E,E,E,E,E,E,E,E,E,E,E,E,E,0.8,rotate0
722,random3,1,D,D,A,A,A,A,A,A,A,A,A,A,A,A,A,A,A,A,A,A,0.85,random3
722,random3,2,E,E,E,E,E,E,E,E,E,E,E,E,E,E,E,E,E,E,E,E,1.0,random3
722,rotate0,3,C,C,C,C,C,C,C,C,C,C,C,C,C,C,C,C,C,C,C,C,1.0,random3
722,random3,4,B,B,B,B,B,B,B,B,B,B,B,B,B,B,B,B,B,B,B,B,1.0,random3
722,random3,5,D,D,A,D,D,D,D,D,D,D,D,D,D,D,D,D,D,D,D,D,0.85,random3
722,rotate0,6,skip,skip,skip,skip,skip,skip,skip,skip,skip,skip,skip,skip,skip,skip,skip,skip,skip,skip,skip,skip,0.0,random3
723,random3,1,E,B,B,B,E,E,E,E,E,E,C,C,C,C,E,E,E,E,E,E,0.25,rotate0
723,random3,2,E,E,E,E,E,E,E,E,B,E,E,E,E,E,E,E,D,D,A,A,0.35,rotate0
723,rotate0,3,C,C,C,C,C,C,C,C,C,C,C,C,C,C,C,C,C,C,C,C,0.8,rotate0
723,rotate0,4,D,D,D,D,D,D,D,D,D,D,D,D,D,D,D,D,D,D,D,D,0.85,rotate0
723,random3,5,D,B,B,B,B,B,B,B,B,B,B,B,B,B,B,B,B,B,B,B,0.75,rotate0
723,random3,6,A,A,A,A,A,A,A,A,A,A,A,A,A,A,A,A,A,A,A,A,0.9,rotate0
724,random3,1,E,C,C,C,C,C,C,C,C,C,C,C,C,C,C,C,C,C,C,C,0.9,rotate0
724,rotate0,2,B,B,B,B,B,B,B,B,B,B,B,B,B,B,B,B,B,B,B,B,1.0,rotate0
724,random3,3,A,A,A,A,A,A,A,A,A,A,E,A,A,A,A,A,A,A,A,A,0.8,rotate0
724,random3,4,D,D,D,D,D,D,D,D,D,D,D,D,D,D,D,D,D,D,D,D,0.3,rotate0
724,rotate0,5,E,E,E,E,E,E,E,E,E,E,E,E,E,E,E,E,E,E,E,E,0.85,rotate0
724,random3,6,D,C,D,D,D,D,D,D,E,A,A,A,D,D,D,D,D,D,D,A,0.05,rotate0
725,random3,1,C,D,D,D,D,D,D,D,B,B,A,C,A,A,C,C,D,D,D,D,0.3,rotate0
725,random3,2,C,C,C,B,B,B,B,B,B,B,B,B,B,B,B,B,B,B,B,E,0.55,rotate0
725,rotate0,3,C,C,C,C,C,C,C,C,C,C,C,C,C,C,C,C,C,C,C,C,0.65,rotate0
725,random3,4,C,D,D,B,A,A,A,A,A,A,A,A,A,A,A,A,A,A,A,A,0.6,rotate0
725,rotate0,5,E,E,E,E,E,E,E,E,E,E,E,E,E,E,E,E,E,E,E,E,0.95,rotate0
725,random3,6,A,A,A,A,A,C,D,D,D,D,D,D,D,D,D,D,D,B,B,B,0.65,rotate0
726,random3,1,A,A,A,A,A,A,A,A,A,A,A,A,A,A,A,A,A,A,A,A,0.95,random3
726,random3,2,A,D,D,D,D,D,D,D,D,D,D,D,D,D,D,D,D,D,D,D,0.95,random3
726,random3,3,C,C,C,C,C,C,C,C,C,C,C,C,C,C,C,C,C,C,C,C,1.0,random3
726,random3,4,B,B,B,B,B,B,B,B,B,B,B,B,B,B,B,B,B,B,B,B,1.0,random3
726,rotate0,5,E,E,E,E,E,E,E,E,E,E,E,E,E,E,E,E,E,E,E,E,1.0,random3
726,rotate0,6,skip,skip,skip,skip,skip,skip,skip,skip,skip,skip,skip,skip,skip,skip,skip,skip,skip,skip,skip,skip,0.0,random3
727,rotate0,1,A,A,A,A,A,A,A,A,A,A,A,A,A,A,A,A,A,A,A,A,0.7,rotate0
727,rotate0,2,B,B,B,B,B,B,B,B,B,B,B,B,B,B,B,B,B,B,B,B,0.7,rotate0
727,random3,3,D,D,D,D,D,D,D,D,D,D,D,E,E,E,E,E,E,E,E,E,0.9,rotate0
727,random3,4,A,A,A,A,A,E,E,E,E,E,C,C,C,C,C,C,C,C,C,C,0.35,rotate0
727,random3,5,B,C,C,C,C,C,C,C,C,C,C,C,B,C,B,B,B,B,A,E,0.45,rotate0
727,random3,6,E,E,E,E,E,E,E,E,E,E,D,D,D,D,D,D,D,D,D,D,0.7,rotate0
728,rotate0,1,A,A,A,A,A,A,A,A,A,A,A,A,A,A,A,A,A,A,A,A,0.65,rotate0
728,random3,2,C,D,D,E,E,E,E,E,E,E,B,B,B,B,B,B,B,C,C,C,0.45,rotate0
728,rotate0,3,C,C,C,C,C,C,C,C,C,C,C,C,C,C,C,C,C,C,C,C,0.8,rotate0
728,random3,4,E,E,E,E,E,D,D,D,D,D,D,D,D,D,D,D,D,D,D,D,0.75,rotate0
728,random3,5,A,B,B,B,B,B,B,B,E,E,E,E,E,E,E,E,E,E,E,E,0.8,rotate0
728,random3,6,A,A,D,D,D,D,D,B,B,B,B,A,A,A,A,A,B,D,B,B,0.3,rotate0
729,rotate0,1,A,A,A,A,A,A,A,A,A,A,A,A,A,A,A,A,A,A,A,A,1.0,random3
729,random3,2,D,D,D,D,D,D,D,D,D,D,D,D,D,D,D,D,D,D,D,D,0.85,random3
729,random3,3,E,C,C,C,C,C,C,C,C,C,C,C,C,C,C,C,C,C,C,C,0.95,random3
729,random3,4,D,D,D,B,B,B,B,B,B,B,B,B,B,B,B,B,B,B,B,B,0.85,random3
729,random3,5,E,E,E,E,E,E,E,E,E,E,E,E,E,E,E,E,E,E,E,E,0.95,random3
729,rotate0,6,skip,skip,skip,skip,skip,skip,skip,skip,skip,skip,skip,skip,skip,skip,skip,skip,skip,skip,skip,skip,0.0,random3
730,random3,1,D,D,D,D,D,A,A,E,B,A,A,A,A,A,A,A,A,A,A,A,0.5,rotate0
730,rotate0,2,B,B,B,B,B,B,B,B,B,B,B,B,B,B,B,B,B,B,B,B,0.65,rotate0
730,random3,3,C,C,C,C,C,C,C,C,C,C,C,C,C,C,D,D,D,D,B,B,0.5,rotate0
730,rotate0,4,D,D,D,D,D,D,D,D,D,D,D,D,D,D,D,D,D,D,D,D,0.55,rotate0
730,random3,5,B,E,E,E,E,E,E,E,E,E,E,E,E,E,E,E,E,E,E,E,0.9,rotate0
730,random3,6,C,C,C,A,A,A,A,A,A,A,B,B,B,C,C,C,C,C,C,C,0.5,rotate0
731,random3,1,E,E,E,E,B,B,B,B,B,B,B,B,B,B,B,B,B,B,B,B,0.8,rotate0
731,random3,2,C,C,C,C,C,C,C,C,C,C,C,C,C,C,C,E,D,D,D,D,0.5,rotate0
731,random3,3,E,E,E,E,E,E,E,E,E,E,C,C,C,C,C,C,C,C,C,C,0.25,rotate0
731,rotate0,4,D,D,D,D,D,D,D,D,D,D,D,D,D,D,D,D,D,D,D,D,0.8,rotate0
731,rotate0,5,E,E,E,E,E,E,E,E,E,E,E,E,E,E,E,E,E,E,E,E,0.45,rotate0
731,random3,6,A,A,A,A,A,A,A,A,A,A,A,A,A,A,A,A,A,A,A,A,1.0,rotate0
732,random3,1,C,C,C,C,C,C,C,C,C,C,C,C,C,C,C,C,C,C,C,C,1.0,random3
732,random3,2,B,B,B,B,B,B,B,B,B,B,B,B,B,B,B,B,B,B,B,B,1.0,random3
732,random3,3,D,A,A,A,A,A,A,A,A,A,A,A,A,A,A,A,A,A,A,A,0.95,random3
732,rotate0,4,D,D,D,D,D,D,D,D,D,D,D,D,D,D,D,D,D,D,D,D,0.95,random3
732,random3,5,E,E,E,E,E,E,E,E,E,E,E,E,E,E,E,E,E,E,E,E,1.0,random3
732,rotate0,6,skip,skip,skip,skip,skip,skip,skip,skip,skip,skip,skip,skip,skip,skip,skip,skip,skip,skip,skip,skip,0.0,random3
733,rotate0,1,A,A,A,A,A,A,A,A,A,A,A,A,A,A,A,A,A,A,A,A,0.75,rotate0
733,random3,2,B,B,E,E,E,E,C,B,B,B,D,D,D,E,B,E,B,B,A,A,0.15,rotate0
733,random3,3,A,A,A,C,C,E,E,E,E,E,E,E,E,E,B,E,E,E,E,E,0.55,rotate0
733,rotate0,4,D,D,D,D,D,D,D,D,D,D,D,D,D,D,D,D,D,D,D,D,0.85,rotate0
733,random3,5,C,C,C,C,C,C,C,C,C,C,C,C,C,C,C,C,C,C,C,B,0.75,rotate0
733,random3,6,B,B,B,B,B,B,B,B,B,B,B,B,B,B,B,B,B,B,C,B,0.5,rotate0
734,random3,1,D,D,D,D,D,D,D,D,D,D,D,D,D,D,D,D,D,D,D,D,1.0,random3
734,rotate0,2,B,B,B,B,B,B,B,B,B,B,B,B,B,B,B,B,B,B,B,B,1.0,random3
734,random3,3,C,C,C,C,C,C,C,C,C,C,C,C,C,C,C,C,C,C,C,C,1.0,random3
734,random3,4,E,E,E,E,E,E,E,E,E,E,E,E,E,E,E,E,E,E,E,E,0.95,random3
734,random3,5,E,A,A,A,A,A,A,A,A,A,A,A,A,A,A,A,A,A,A,A,0.95,random3
734,rotate0,6,skip,skip,skip,skip,skip,skip,skip,skip,skip,skip,skip,skip,skip,skip,skip,skip,skip,skip,skip,skip,0.0,random3
735,rotate0,1,A,A,A,A,A,A,A,A,A,A,A,A,A,A,A,A,A,A,A,A,0.6,rotate0
735,random3,2,C,C,C,C,C,C,C,C,C,C,C,C,C,C,C,C,C,C,C,C,0.5,rotate0
735,random3,3,A,A,A,A,A,D,D,D,D,B,B,B,B,B,B,B,B,B,B,B,0.6,rotate0
735,random3,4,A,A,A,A,A,A,B,B,B,B,D,D,D,D,D,D,D,D,D,D,0.55,rotate0
735,rotate0,5,E,E,E,E,E,E,E,E,E,E,E,E,E,E,E,E,E,E,E,E,1.0,rotate0
735,random3,6,C,C,B,B,B,B,B,B,D,A,A,B,C,C,C,C,C,C,C,C,0.2,rotate0
736,radicaleq,1,A,B,D,D,A,C,E,B,E,B,A,B,E,B,A,B,E,B,A,B,0.55,radicaleq
736,rotate0,2,B,B,B,B,B,B,B,B,B,B,B,B,B,B,B,B,B,B,B,B,0.15,radicaleq
736,rotate0,3,C,C,C,C,C,C,C,C,C,C,C,C,C,C,C,C,C,C,C,C,0.55,radicaleq
736,radicaleq,4,D,E,skip,A,E,skip,B,A,B,E,B,A,B,E,B,A,B,E,B,A,0.55,radicaleq
736,radicaleq,5,E,skip,A,E,B,E,skip,E,skip,A,skip,E,skip,A,skip,E,skip,A,skip,E,0.55,radicaleq
736,radicaleq,6,skip,A,E,B,C,A,A,C,A,C,E,C,A,C,E,C,A,C,E,C,0.5,radicaleq
737,radicaleq,1,A,B,C,D,C,D,C,D,C,D,C,D,C,D,C,D,C,D,C,D,0.55,radicaleq
737,radicaleq,2,B,C,D,E,skip,E,skip,E,skip,E,skip,E,skip,E,skip,E,skip,E,skip,E,0.55,radicaleq
737,rotate0,3,C,C,C,C,C,C,C,C,C,C,C,C,C,C,C,C,C,C,C,C,0.05,radicaleq
737,radicaleq,4,D,E,skip,C,D,C,D,C,D,C,D,C,D,C,D,C,D,C,D,C,0.5,radicaleq
737,radicaleq,5,E,skip,E,skip,E,skip,E,skip,E,skip,E,skip,E,skip,E,skip,E,skip,E,skip,0.5,radicaleq
737,rotate0,6,skip,skip,skip,skip,skip,skip,skip,skip,skip,skip,skip,skip,skip,skip,skip,skip,skip,skip,skip,skip,0.0,radicaleq
738,radicaleq,1,A,B,C,A,skip,D,C,A,skip,D,C,A,skip,D,C,A,skip,D,C,A,0.35,radicaleq
738,radicaleq,2,B,C,E,D,B,skip,D,C,A,skip,D,C,A,skip,D,C,A,skip,D,C,0.3,radicaleq
738,rotate0,3,C,C,C,C,C,C,C,C,C,C,C,C,C,C,C,C,C,C,C,C,0.1,radicaleq
738,rotate0,4,D,D,D,D,D,D,D,D,D,D,D,D,D,D,D,D,D,D,D,D,0.1,radicaleq
738,radicaleq,5,E,skip,A,skip,C,A,skip,D,C,A,skip,D,C,A,skip,D,C,A,skip,D,0.3,radicaleq
738,radicaleq,6,skip,A,D,E,D,C,A,skip,D,C,A,skip,D,C,A,skip,D,C,A,skip,0.3,radicaleq
739,radicaleq,1,A,B,C,D,E,D,E,D,E,D,E,D,E,D,E,D,E,D,E,D,0.55,radicaleq
739,rotate0,2,B,B,B,B,B,B,B,B,B,B,B,B,B,B,B,B,B,B,B,B,0.55,radicaleq
739,radicaleq,3,C,D,skip,E,A,E,A,E,A,E,A,E,A,E,A,E,A,E,A,E,0.5,radicaleq
739,radicaleq,4,D,E,D,skip,D,skip,D,skip,D,skip,D,skip,D,skip,D,skip,D,skip,D,skip,0.5,radicaleq
739,rotate0,5,E,E,E,E,E,E,E,E,E,E,E,E,E,E,E,E,E,E,E,E,0.05,radicaleq
739,radicaleq,6,skip,A,E,A,B,A,B,A,B,A,B,A,B,A,B,A,B,A,B,A,0.5,radicaleq
740,radicaleq,1,A,B,skip,A,skip,A,skip,A,skip,A,skip,A,skip,A,skip,A,skip,A,skip,A,0.55,radicaleq
740,radicaleq,2,B,C,D,C,B,C,B,C,B,C,B,C,B,C,B,C,B,C,B,C,0.5,radicaleq
740,rotate0,3,C,C,C,C,C,C,C,C,C,C,C,C,C,C,C,C,C,C,C,C,0.5,radicaleq
740,radicaleq,4,D,E,A,skip,A,skip,A,skip,A,skip,A,skip,A,skip,A,skip,A,skip,A,skip,0.5,radicaleq
740,rotate0,5,E,E,E,E,E,E,E,E,E,E,E,E,E,E,E,E,E,E,E,E,0.5,radicaleq
740,radicaleq,6,skip,A,E,D,E,D,E,D,E,D,E,D,E,D,E,D,E,D,E,D,0.5,radicaleq
741,radicaleq,1,A,B,D,skip,D,skip,B,skip,D,skip,B,skip,D,skip,B,skip,D,skip,B,skip,0.55,radicaleq
741,radicaleq,2,B,C,E,B,E,D,E,B,E,D,E,B,E,D,E,B,E,D,E,B,0.55,radicaleq
741,radicaleq,3,C,D,skip,D,skip,B,skip,D,skip,B,skip,D,skip,B,skip,D,skip,B,skip,D,0.55,radicaleq
741,radicaleq,4,D,E,B,E,B,E,D,E,B,E,D,E,B,E,D,E,B,E,D,E,0.5,radicaleq
741,rotate0,5,E,E,E,E,E,E,E,E,E,E,E,E,E,E,E,E,E,E,E,E,0.05,radicaleq
741,rotate0,6,skip,skip,skip,skip,skip,skip,skip,skip,skip,skip,skip,skip,skip,skip,skip,skip,skip,skip,skip,skip,0.0,radicaleq
742,rotate0,1,A,A,A,A,A,A,A,A,A,A,A,A,A,A,A,A,A,A,A,A,0.1,radicaleq
742,rotate0,2,B,B,B,B,B,B,B,B,B,B,B,B,B,B,B,B,B,B,B,B,0.15,radicaleq
742,radicaleq,3,C,D,A,B,E,B,E,skip,A,B,E,skip,A,B,E,skip,A,B,E,skip,0.35,radicaleq
742,radicaleq,4,D,E,skip,D,skip,A,B,E,skip,A,B,E,skip,A,B,E,skip,A,B,E,0.35,radicaleq
742,radicaleq,5,E,skip,D,A,D,skip,A,B,E,skip,A,B,E,skip,A,B,E,skip,A,B,0.3,radicaleq
742,radicaleq,6,skip,A,C,E,B,E,skip,A,B,E,skip,A,B,E,skip,A,B,E,skip,A,0.3,radicaleq
743,rotate0,1,A,A,A,A,A,A,A,A,A,A,A,A,A,A,A,A,A,A,A,A,0.55,radicaleq
743,radicaleq,2,B,C,E,C,B,C,B,C,B,C,B,C,B,C,B,C,B,C,B,C,0.5,radicaleq
743,rotate0,3,C,C,C,C,C,C,C,C,C,C,C,C,C,C,C,C,C,C,C,C,0.05,radicaleq
743,radicaleq,4,D,E,skip,skip,E,skip,E,skip,E,skip,E,skip,E,skip,E,skip,E,skip,E,skip,0.5,radicaleq
743,radicaleq,5,E,skip,C,B,A,B,A,B,A,B,A,B,A,B,A,B,A,B,A,B,0.5,radicaleq
743,radicaleq,6,skip,A,B,E,C,E,C,E,C,E,C,E,C,E,C,E,C,E,C,E,0.5,radicaleq
744,rotate0,1,A,A,A,A,A,A,A,A,A,A,A,A,A,A,A,A,A,A,A,A,0.1,radicaleq
744,radicaleq,2,B,C,D,A,E,skip,E,skip,E,skip,E,skip,E,skip,E,skip,E,skip,E,skip,0.55,radicaleq
744,radicaleq,3,C,D,E,skip,A,C,A,C,A,C,A,C,A,C,A,C,A,C,A,C,0.55,radicaleq
744,radicaleq,4,D,E,skip,E,skip,E,skip,E,skip,E,skip,E,skip,E,skip,E,skip,E,skip,E,0.55,radicaleq
744,radicaleq,5,E,skip,A,C,C,A,C,A,C,A,C,A,C,A,C,A,C,A,C,A,0.5,radicaleq
744,rotate0,6,skip,skip,skip,skip,skip,skip,skip,skip,skip,skip,skip,skip,skip,skip,skip,skip,skip,skip,skip,skip,0.0,radicaleq
745,radicaleq,1,A,B,C,B,E,B,E,B,E,B,E,B,E,B,E,B,E,B,E,B,0.5,radicaleq
745,rotate0,2,B,B,B,B,B,B,B,B,B,B,B,B,B,B,B,B,B,B,B,B,0.5,radicaleq
745,radicaleq,3,C,D,A,skip,A,skip,A,skip,A,skip,A,skip,A,skip,A,skip,A,skip,A,skip,0.5,radicaleq
745,rotate0,4,D,D,D,D,D,D,D,D,D,D,D,D,D,D,D,D,D,D,D,D,0.5,radicaleq
745,radicaleq,5,E,skip,D,C,D,C,D,C,D,C,D,C,D,C,D,C,D,C,D,C,0.5,radicaleq
745,radicaleq,6,skip,A,skip,A,skip,A,skip,A,skip,A,skip,A,skip,A,skip,A,skip,A,skip,A,0.5,radicaleq
746,radicaleq,1,A,B,E,B,E,E,A,skip,D,D,A,skip,E,D,A,skip,E,D,A,skip,0.35,radicaleq
746,radicaleq,2,B,C,D,A,skip,D,E,A,skip,E,D,A,skip,E,D,A,skip,E,D,A,0.35,radicaleq
746,radicaleq,3,C,D,B,E,C,skip,D,E,A,skip,E,D,A,skip,E,D,A,skip,E,D,0.3,radicaleq
746,rotate0,4,D,D,D,D,D,D,D,D,D,D,D,D,D,D,D,D,D,D,D,D,0.1,radicaleq
746,rotate0,5,E,E,E,E,E,E,E,E,E,E,E,E,E,E,E,E,E,E,E,E,0.1,radicaleq
746,radicaleq,6,skip,A,A,skip,D,A,skip,D,E,A,skip,E,D,A,skip,E,D,A,skip,E,0.3,radicaleq
747,radicaleq,1,A,B,D,E,D,E,D,E,D,E,D,E,D,E,D,E,D,E,D,E,0.55,radicaleq
747,radicaleq,2,B,C,skip,C,skip,C,skip,C,skip,C,skip,C,skip,C,skip,C,skip,C,skip,C,0.55,radicaleq
747,radicaleq,3,C,D,E,D,E,D,E,D,E,D,E,D,E,D,E,D,E,D,E,D,0.5,radicaleq
747,rotate0,4,D,D,D,D,D,D,D,D,D,D,D,D,D,D,D,D,D,D,D,D,0.05,radicaleq
747,radicaleq,5,E,skip,C,skip,C,skip,C,skip,C,skip,C,skip,C,skip,C,skip,C,skip,C,skip,0.5,radicaleq
747,rotate0,6,skip,skip,skip,skip,skip,skip,skip,skip,skip,skip,skip,skip,skip,skip,skip,skip,skip,skip,skip,skip,0.0,radicaleq
748,rotate0,1,A,A,A,A,A,A,A,A,A,A,A,A,A,A,A,A,A,A,A,A,0.55,radicaleq
748,radicaleq,2,B,C,skip,D,B,D,B,D,B,D,B,D,B,D,B,D,B,D,B,D,0.5,radicaleq
748,radicaleq,3,C,D,C,skip,C,skip,C,skip,C,skip,C,skip,C,skip,C,skip,C,skip,C,skip,0.5,radicaleq
748,rotate0,4,D,D,D,D,D,D,D,D,D,D,D,D,D,D,D,D,D,D,D,D,0.05,radicaleq
748,radicaleq,5,E,skip,D,B,A,B,A,B,A,B,A,B,A,B,A,B,A,B,A,B,0.5,radicaleq
748,radicaleq,6,skip,A,B,C,D,C,D,C,D,C,D,C,D,C,D,C,D,C,D,C,0.5,radicaleq
749,radicaleq,1,A,B,C,D,B,D,B,D,B,D,B,D,B,D,B,D,B,D,B,D,0.55,radicaleq
749,rotate0,2,B,B,B,B,B,B,B,B,B,B,B,B,B,B,B,B,B,B,B,B,0.05,radicaleq
749,radicaleq,3,C,D,B,E,skip,E,skip,E,skip,E,skip,E,skip,E,skip,E,skip,E,skip,E,0.55,radicaleq
749,radicaleq,4,D,E,skip,B,D,B,D,B,D,B,D,B,D,B,D,B,D,B,D,B,0.5,radicaleq
749,radicaleq,5,E,skip,E,skip,E,skip,E,skip,E,skip,E,skip,E,skip,E,skip,E,skip,E,skip,0.5,radicaleq
749,rotate0,6,skip,skip,skip,skip,skip,skip,skip,skip,skip,skip,skip,skip,skip,skip,skip,skip,skip,skip,skip,skip,0.0,radicaleq
750,rotate0,1,A,A,A,A,A,A,A,A,A,A,A,A,A,A,A,A,A,A,A,A,0.1,radicaleq
750,radicaleq,2,B,C,E,A,B,skip,E,A,B,skip,E,A,B,skip,E,A,B,skip,E,A,0.3,radicaleq
750,radicaleq,3,C,D,skip,E,A,B,skip,E,A,B,skip,E,A,B,skip,E,A,B,skip,E,0.3,radicaleq
750,radicaleq,4,D,E,D,skip,E,A,B,skip,E,A,B,skip,E,A,B,skip,E,A,B,skip,0.3,radicaleq
750,rotate0,5,E,E,E,E,E,E,E,E,E,E,E,E,E,E,E,E,E,E,E,E,0.05,radicaleq
750,radicaleq,6,skip,A,B,B,skip,E,A,B,skip,E,A,B,skip,E,A,B,skip,E,A,B,0.3,radicaleq
751,rotate0,1,A,A,A,A,A,A,A,A,A,A,A,A,A,A,A,A,A,A,A,A,1.0,draw
751,rotate0,2,B,B,B,B,B,B,B,B,B,B,B,B,B,B,B,B,B,B,B,B,1.0,draw
751,rotate0,3,C,C,C,C,C,C,C,C,C,C,C,C,C,C,C,C,C,C,C,C,1.0,draw
751,rotate0,4,D,D,D,D,D,D,D,D,D,D,D,D,D,D,D,D,D,D,D,D,1.0,draw
751,rotate0,5,E,E,E,E,E,E,E,E,E,E,E,E,E,E,E,E,E,E,E,E,1.0,draw
751,rotate0,6,skip,skip,skip,skip,skip,skip,skip,skip,skip,skip,skip,skip,skip,skip,skip,skip,skip,skip,skip,skip,0.0,draw
752,rotate0,1,A,A,A,A,A,A,A,A,A,A,A,A,A,A,A,A,A,A,A,A,1.0,draw
752,rotate0,2,B,B,B,B,B,B,B,B,B,B,B,B,B,B,B,B,B,B,B,B,1.0,draw
752,rotate0,3,C,C,C,C,C,C,C,C,C,C,C,C,C,C,C,C,C,C,C,C,1.0,draw
752,rotate0,4,D,D,D,D,D,D,D,D,D,D,D,D,D,D,D,D,D,D,D,D,1.0,draw
752,rotate0,5,E,E,E,E,E,E,E,E,E,E,E,E,E,E,E,E,E,E,E,E,1.0,draw
752,rotate0,6,skip,skip,skip,skip,skip,skip,skip,skip,skip,skip,skip,skip,skip,skip,skip,skip,skip,skip,skip,skip,0.0,draw
753,rotate0,1,A,A,A,A,A,A,A,A,A,A,A,A,A,A,A,A,A,A,A,A,1.0,draw
753,rotate0,2,B,B,B,B,B,B,B,B,B,B,B,B,B,B,B,B,B,B,B,B,1.0,draw
753,rotate0,3,C,C,C,C,C,C,C,C,C,C,C,C,C,C,C,C,C,C,C,C,1.0,draw
753,rotate0,4,D,D,D,D,D,D,D,D,D,D,D,D,D,D,D,D,D,D,D,D,1.0,draw
753,rotate0,5,E,E,E,E,E,E,E,E,E,E,E,E,E,E,E,E,E,E,E,E,1.0,draw
753,rotate0,6,skip,skip,skip,skip,skip,skip,skip,skip,skip,skip,skip,skip,skip,skip,skip,skip,skip,skip,skip,skip,0.0,draw
754,rotate0,1,A,A,A,A,A,A,A,A,A,A,A,A,A,A,A,A,A,A,A,A,1.0,draw
754,rotate0,2,B,B,B,B,B,B,B,B,B,B,B,B,B,B,B,B,B,B,B,B,1.0,draw
754,rotate0,3,C,C,C,C,C,C,C,C,C,C,C,C,C,C,C,C,C,C,C,C,1.0,draw
754,rotate0,4,D,D,D,D,D,D,D,D,D,D,D,D,D,D,D,D,D,D,D,D,1.0,draw
754,rotate0,5,E,E,E,E,E,E,E,E,E,E,E,E,E,E,E,E,E,E,E,E,1.0,draw
754,rotate0,6,skip,skip,skip,skip,skip,skip,skip,skip,skip,skip,skip,skip,skip,skip,skip,skip,skip,skip,skip,skip,0.0,draw
755,rotate0,1,A,A,A,A,A,A,A,A,A,A,A,A,A,A,A,A,A,A,A,A,1.0,draw
755,rotate0,2,B,B,B,B,B,B,B,B,B,B,B,B,B,B,B,B,B,B,B,B,1.0,draw
755,rotate0,3,C,C,C,C,C,C,C,C,C,C,C,C,C,C,C,C,C,C,C,C,1.0,draw
755,rotate0,4,D,D,D,D,D,D,D,D,D,D,D,D,D,D,D,D,D,D,D,D,1.0,draw
755,rotate0,5,E,E,E,E,E,E,E,E,E,E,E,E,E,E,E,E,E,E,E,E,1.0,draw
755,rotate0,6,skip,skip,skip,skip,skip,skip,skip,skip,skip,skip,skip,skip,skip,skip,skip,skip,skip,skip,skip,skip,0.0,draw
756,rotate0,1,A,A,A,A,A,A,A,A,A,A,A,A,A,A,A,A,A,A,A,A,1.0,draw
756,rotate0,2,B,B,B,B,B,B,B,B,B,B,B,B,B,B,B,B,B,B,B,B,1.0,draw
756,rotate0,3,C,C,C,C,C,C,C,C,C,C,C,C,C,C,C,C,C,C,C,C,1.0,draw
756,rotate0,4,D,D,D,D,D,D,D,D,D,D,D,D,D,D,D,D,D,D,D,D,1.0,draw
756,rotate0,5,E,E,E,E,E,E,E,E,E,E,E,E,E,E,E,E,E,E,E,E,1.0,draw
756,rotate0,6,skip,skip,skip,skip,skip,skip,skip,skip,skip,skip,skip,skip,skip,skip,skip,skip,skip,skip,skip,skip,0.0,draw
757,rotate0,1,A,A,A,A,A,A,A,A,A,A,A,A,A,A,A,A,A,A,A,A,1.0,draw
757,rotate0,2,B,B,B,B,B,B,B,B,B,B,B,B,B,B,B,B,B,B,B,B,1.0,draw
757,rotate0,3,C,C,C,C,C,C,C,C,C,C,C,C,C,C,C,C,C,C,C,C,1.0,draw
757,rotate0,4,D,D,D,D,D,D,D,D,D,D,D,D,D,D,D,D,D,D,D,D,1.0,draw
757,rotate0,5,E,E,E,E,E,E,E,E,E,E,E,E,E,E,E,E,E,E,E,E,1.0,draw
757,rotate0,6,skip,skip,skip,skip,skip,skip,skip,skip,skip,skip,skip,skip,skip,skip,skip,skip,skip,skip,skip,skip,0.0,draw
758,rotate0,1,A,A,A,A,A,A,A,A,A,A,A,A,A,A,A,A,A,A,A,A,1.0,draw
758,rotate0,2,B,B,B,B,B,B,B,B,B,B,B,B,B,B,B,B,B,B,B,B,1.0,draw
758,rotate0,3,C,C,C,C,C,C,C,C,C,C,C,C,C,C,C,C,C,C,C,C,1.0,draw
758,rotate0,4,D,D,D,D,D,D,D,D,D,D,D,D,D,D,D,D,D,D,D,D,1.0,draw
758,rotate0,5,E,E,E,E,E,E,E,E,E,E,E,E,E,E,E,E,E,E,E,E,1.0,draw
758,rotate0,6,skip,skip,skip,skip,skip,skip,skip,skip,skip,skip,skip,skip,skip,skip,skip,skip,skip,skip,skip,skip,0.0,draw
759,rotate0,1,A,A,A,A,A,A,A,A,A,A,A,A,A,A,A,A,A,A,A,A,1.0,draw
759,rotate0,2,B,B,B,B,B,B,B,B,B,B,B,B,B,B,B,B,B,B,B,B,1.0,draw
759,rotate0,3,C,C,C,C,C,C,C,C,C,C,C,C,C,C,C,C,C,C,C,C,1.0,draw
759,rotate0,4,D,D,D,D,D,D,D,D,D,D,D,D,D,D,D,D,D,D,D,D,1.0,draw
759,rotate0,5,E,E,E,E,E,E,E,E,E,E,E,E,E,E,E,E,E,E,E,E,1.0,draw
759,rotate0,6,skip,skip,skip,skip,skip,skip,skip,skip,skip,skip,skip,skip,skip,skip,skip,skip,skip,skip,skip,skip,0.0,draw
760,rotate0,1,A,A,A,A,A,A,A,A,A,A,A,A,A,A,A,A,A,A,A,A,1.0,draw
760,rotate0,2,B,B,B,B,B,B,B,B,B,B,B,B,B,B,B,B,B,B,B,B,1.0,draw
760,rotate0,3,C,C,C,C,C,C,C,C,C,C,C,C,C,C,C,C,C,C,C,C,1.0,draw
760,rotate0,4,D,D,D,D,D,D,D,D,D,D,D,D,D,D,D,D,D,D,D,D,1.0,draw
760,rotate0,5,E,E,E,E,E,E,E,E,E,E,E,E,E,E,E,E,E,E,E,E,1.0,draw
760,rotate0,6,skip,skip,skip,skip,skip,skip,skip,skip,skip,skip,skip,skip,skip,skip,skip,skip,skip,skip,skip,skip,0.0,draw
761,rotate0,1,A,A,A,A,A,A,A,A,A,A,A,A,A,A,A,A,A,A,A,A,1.0,draw
761,rotate0,2,B,B,B,B,B,B,B,B,B,B,B,B,B,B,B,B,B,B,B,B,1.0,draw
761,rotate0,3,C,C,C,C,C,C,C,C,C,C,C,C,C,C,C,C,C,C,C,C,1.0,draw
761,rotate0,4,D,D,D,D,D,D,D,D,D,D,D,D,D,D,D,D,D,D,D,D,1.0,draw
761,rotate0,5,E,E,E,E,E,E,E,E,E,E,E,E,E,E,E,E,E,E,E,E,1.0,draw
761,rotate0,6,skip,skip,skip,skip,skip,skip,skip,skip,skip,skip,skip,skip,skip,skip,skip,skip,skip,skip,skip,skip,0.0,draw
762,rotate0,1,A,A,A,A,A,A,A,A,A,A,A,A,A,A,A,A,A,A,A,A,1.0,draw
762,rotate0,2,B,B,B,B,B,B,B,B,B,B,B,B,B,B,B,B,B,B,B,B,1.0,draw
762,rotate0,3,C,C,C,C,C,C,C,C,C,C,C,C,C,C,C,C,C,C,C,C,1.0,draw
762,rotate0,4,D,D,D,D,D,D,D,D,D,D,D,D,D,D,D,D,D,D,D,D,1.0,draw
762,rotate0,5,E,E,E,E,E,E,E,E,E,E,E,E,E,E,E,E,E,E,E,E,1.0,draw
762,rotate0,6,skip,skip,skip,skip,skip,skip,skip,skip,skip,skip,skip,skip,skip,skip,skip,skip,skip,skip,skip,skip,0.0,draw
763,rotate0,1,A,A,A,A,A,A,A,A,A,A,A,A,A,A,A,A,A,A,A,A,1.0,draw
763,rotate0,2,B,B,B,B,B,B,B,B,B,B,B,B,B,B,B,B,B,B,B,B,1.0,draw
763,rotate0,3,C,C,C,C,C,C,C,C,C,C,C,C,C,C,C,C,C,C,C,C,1.0,draw
763,rotate0,4,D,D,D,D,D,D,D,D,D,D,D,D,D,D,D,D,D,D,D,D,1.0,draw
763,rotate0,5,E,E,E,E,E,E,E,E,E,E,E,E,E,E,E,E,E,E,E,E,1.0,draw
763,rotate0,6,skip,skip,skip,skip,skip,skip,skip,skip,skip,skip,skip,skip,skip,skip,skip,skip,skip,skip,skip,skip,0.0,draw
764,rotate0,1,A,A,A,A,A,A,A,A,A,A,A,A,A,A,A,A,A,A,A,A,1.0,draw
764,rotate0,2,B,B,B,B,B,B,B,B,B,B,B,B,B,B,B,B,B,B,B,B,1.0,draw
764,rotate0,3,C,C,C,C,C,C,C,C,C,C,C,C,C,C,C,C,C,C,C,C,1.0,draw
764,rotate0,4,D,D,D,D,D,D,D,D,D,D,D,D,D,D,D,D,D,D,D,D,1.0,draw
764,rotate0,5,E,E,E,E,E,E,E,E,E,E,E,E,E,E,E,E,E,E,E,E,1.0,draw
764,rotate0,6,skip,skip,skip,skip,skip,skip,skip,skip,skip,skip,skip,skip,skip,skip,skip,skip,skip,skip,skip,skip,0.0,draw
765,rotate0,1,A,A,A,A,A,A,A,A,A,A,A,A,A,A,A,A,A,A,A,A,1.0,draw
765,rotate0,2,B,B,B,B,B,B,B,B,B,B,B,B,B,B,B,B,B,B,B,B,1.0,draw
765,rotate0,3,C,C,C,C,C,C,C,C,C,C,C,C,C,C,C,C,C,C,C,C,1.0,draw
765,rotate0,4,D,D,D,D,D,D,D,D,D,D,D,D,D,D,D,D,D,D,D,D,1.0,draw
765,rotate0,5,E,E,E,E,E,E,E,E,E,E,E,E,E,E,E,E,E,E,E,E,1.0,draw
765,rotate0,6,skip,skip,skip,skip,skip,skip,skip,skip,skip,skip,skip,skip,skip,skip,skip,skip,skip,skip,skip,skip,0.0,draw
766,caste,1,A,B,B,A,A,A,D,C,A,D,A,D,C,C,C,D,D,B,B,B,0.65,caste
766,random,2,C,C,skip,C,B,C,skip,E,A,D,A,C,D,D,A,A,A,D,C,D,0.25,caste
766,random,3,E,D,B,skip,A,E,D,skip,C,D,skip,D,skip,B,D,A,B,skip,A,C,0.05,caste
766,caste,4,D,A,A,B,B,C,A,E,C,A,C,C,A,A,A,C,C,D,A,C,0.55,caste
766,caste,5,E,C,E,E,E,E,C,A,D,E,E,E,E,E,E,E,E,E,E,E,0.85,caste
766,caste,6,skip,D,C,D,D,D,B,B,B,B,B,B,B,B,B,B,B,C,C,D,0.7,caste
767,caste,1,A,C,E,D,D,D,D,D,D,D,D,D,D,E,E,E,E,E,E,E,0.75,caste
767,caste,2,B,D,D,C,C,C,C,C,C,C,C,C,C,C,C,C,C,C,C,C,0.8,caste
767,random,3,B,E,B,B,skip,A,E,C,A,skip,E,B,D,D,skip,D,D,D,E,C,0.15,caste
767,caste,4,D,A,A,A,B,A,B,B,A,B,B,E,E,A,A,A,B,B,B,B,0.65,caste
767,caste,5,E,B,B,E,E,B,E,A,E,E,E,B,A,D,B,D,A,D,A,A,0.5,caste
767,random,6,E,C,A,A,E,A,skip,B,A,D,A,D,B,B,skip,A,A,B,C,skip,0.15,caste
768,caste,1,A,E,D,D,B,D,A,E,B,B,B,B,E,E,E,E,D,D,D,A,0.55,caste
768,caste,2,B,D,E,E,D,C,C,C,E,E,E,A,A,A,C,D,C,B,B,D,0.6,caste
768,random,3,C,A,B,C,B,D,B,A,C,C,E,D,B,A,C,A,D,C,B,B,0.25,caste
768,random,4,A,D,D,E,E,A,D,C,C,D,D,B,D,skip,A,E,C,E,D,A,0.1,caste
768,caste,5,E,C,B,B,A,A,E,A,C,A,A,E,B,C,A,B,E,E,C,E,0.65,caste
768,caste,6,skip,A,C,C,E,B,B,D,D,D,D,C,C,B,B,A,B,A,A,C,0.6,caste
769,caste,1,A,C,C,C,D,B,E,C,D,B,C,C,C,E,E,D,B,D,E,D,0.6,caste
769,random,2,skip,E,A,C,E,B,C,B,C,E,A,skip,B,D,A,E,skip,B,C,E,0.1,caste
769,caste,3,C,B,B,B,E,C,B,A,A,A,A,A,A,A,A,C,C,C,C,A,0.75,caste
769,caste,4,D,E,D,A,C,D,D,D,E,D,D,D,D,D,B,E,A,A,A,E,0.65,caste
769,random,5,A,A,D,B,E,A,E,D,E,B,skip,E,C,E,A,skip,B,skip,C,E,0.1,caste
769,caste,6,skip,D,E,E,B,A,C,B,C,E,B,B,B,C,D,B,D,E,D,B,0.65,caste
770,caste,1,A,C,C,C,E,E,E,E,B,E,C,C,C,D,C,C,A,C,C,C,0.65,caste
770,caste,2,B,E,E,E,C,A,C,D,E,A,A,D,A,E,A,A,B,D,B,B,0.65,caste
770,random,3,skip,B,E,B,C,A,C,E,C,B,A,A,C,D,B,E,A,A,skip,D,0.15,caste
770,caste,4,D,A,D,B,D,C,A,C,A,B,D,E,E,C,E,E,C,E,E,E,0.6,caste
770,random,5,D,A,skip,C,D,D,A,skip,B,D,E,D,skip,A,skip,C,A,E,B,D,0.1,caste
770,caste,6,skip,B,A,D,A,B,B,B,D,D,E,B,B,B,B,D,D,B,D,D,0.7,caste
771,caste,1,A,E,E,A,B,B,A,A,A,D,E,E,A,C,D,D,D,D,B,B,0.8,caste
771,caste,2,B,A,D,E,A,E,E,B,B,B,B,B,B,B,B,B,B,B,D,D,0.85,caste
771,caste,3,C,B,B,B,E,A,D,D,E,A,A,A,D,E,A,A,A,A,C,C,0.65,caste
771,caste,4,D,C,C,D,D,D,B,C,C,C,C,C,E,A,C,C,C,C,E,E,0.75,caste
771,random,5,skip,skip,C,C,B,A,E,D,E,D,D,C,skip,skip,E,E,skip,skip,skip,C,0.2,caste
771,random,6,D,A,E,skip,C,C,E,D,A,E,C,skip,D,E,A,C,E,B,A,C,0.25,caste
772,random,1,E,C,D,E,C,B,A,B,skip,C,skip,skip,C,C,A,C,E,skip,skip,skip,0.05,caste
772,random,2,B,C,C,A,E,E,skip,A,C,C,D,skip,B,D,B,C,B,B,skip,A,0.25,caste
772,caste,3,C,B,A,A,B,B,B,B,A,E,E,E,B,D,A,A,A,E,A,A,0.65,caste
772,caste,4,D,C,E,E,C,E,C,C,B,C,A,D,D,C,D,B,B,C,C,E,0.65,caste
772,caste,5,E,D,B,B,A,A,A,D,D,D,D,A,A,A,E,E,E,D,D,D,0.8,caste
772,caste,6,skip,E,D,C,D,D,D,A,E,A,B,B,E,E,B,C,D,A,E,B,0.75,caste
773,random,1,C,D,D,D,B,E,skip,B,C,D,B,C,C,D,E,skip,E,C,D,C,0.2,caste
773,caste,2,B,A,A,A,A,A,A,A,A,E,E,E,E,E,E,E,B,D,D,B,0.8,caste
773,random,3,E,skip,B,D,skip,skip,C,D,A,E,A,C,D,skip,B,skip,C,C,C,D,0.05,caste
773,caste,4,D,C,C,E,E,E,E,E,E,A,A,A,A,A,A,A,A,A,A,A,0.9,caste
773,caste,5,E,B,B,C,C,C,C,D,C,B,B,C,B,D,C,C,C,E,E,E,0.55,caste
773,caste,6,skip,D,D,B,B,D,B,C,B,D,C,D,D,B,B,D,E,B,B,D,0.55,caste
774,random,1,skip,skip,B,B,A,B,E,E,A,A,B,skip,skip,A,E,B,A,D,D,B,0.1,caste
774,caste,2,B,A,A,C,C,C,C,C,B,B,B,D,A,A,D,D,D,D,A,A,0.75,caste
774,caste,3,C,B,B,D,D,D,A,A,A,C,C,C,C,E,C,C,C,C,C,C,0.85,caste
774,caste,4,D,C,C,E,E,B,E,E,C,A,E,B,B,B,B,A,A,B,E,E,0.65,caste
774,caste,5,E,D,D,A,B,E,D,D,D,D,D,E,D,D,E,B,E,E,D,B,0.65,caste
774,random,6,skip,E,A,A,E,skip,B,C,E,A,D,E,C,A,E,skip,B,skip,B,E,0.25,caste
775,caste,1,A,C,E,E,B,A,A,A,A,B,E,E,C,C,B,A,B,B,B,B,0.7,caste
775,random,2,A,C,B,C,A,C,B,C,E,C,B,A,A,C,E,C,E,C,A,C,0.15,caste
775,caste,3,C,B,B,A,C,C,B,C,B,C,B,C,A,B,C,E,E,A,A,C,0.4,caste
775,random,4,skip,skip,C,A,B,B,skip,C,E,B,D,B,A,skip,C,skip,A,C,skip,B,0.15,caste
775,caste,5,E,D,D,D,D,D,D,D,D,D,D,D,D,D,D,D,D,D,D,D,0.95,caste
775,caste,6,skip,E,A,B,E,E,E,E,E,A,A,A,E,E,E,B,A,C,E,E,0.7,caste
776,caste,1,A,D,D,A,E,E,E,E,E,D,D,D,D,D,D,D,D,D,D,D,0.8,caste
776,caste,2,B,A,B,B,B,D,B,B,B,E,E,E,E,E,E,E,E,B,E,E,0.75,caste
776,caste,3,C,E,A,D,D,B,D,D,D,C,A,A,A,B,A,B,A,A,A,A,0.65,caste
776,random,4,C,D,B,A,C,skip,B,C,D,B,C,skip,C,B,skip,skip,E,B,D,A,0.1,caste
776,random,5,E,C,skip,A,A,C,skip,E,B,C,B,B,A,C,C,B,E,skip,B,A,0.25,caste
776,caste,6,skip,C,E,E,C,C,A,A,A,A,C,B,C,A,C,A,C,C,C,C,0.6,caste
777,caste,1,A,D,D,D,D,D,A,A,A,A,A,A,A,A,A,A,A,D,A,E,0.65,caste
777,caste,2,B,E,C,E,C,B,C,B,D,D,D,D,C,E,C,C,C,E,D,A,0.55,caste
777,caste,3,C,C,B,B,B,A,D,E,E,B,B,B,B,B,B,B,B,B,B,B,0.8,caste
777,random,4,C,E,skip,E,E,D,skip,B,E,A,skip,D,D,E,skip,A,A,E,A,E,0.0,caste
777,caste,5,E,A,A,A,E,C,B,D,C,E,C,C,E,C,E,E,D,C,C,C,0.7,caste
777,random,6,B,skip,C,A,B,D,C,D,C,E,E,skip,D,C,D,skip,E,D,B,E,0.15,caste
778,random,1,C,A,D,C,C,B,D,E,A,A,D,B,C,skip,C,E,C,B,C,E,0.1,caste
778,caste,2,B,A,E,E,E,E,D,C,B,A,D,C,A,A,A,A,A,E,C,D,0.65,caste
778,caste,3,C,E,A,A,A,A,A,A,A,B,B,B,B,B,D,B,B,B,B,A,0.75,caste
778,random,4,D,C,skip,B,C,E,skip,skip,E,C,C,skip,D,B,E,D,A,skip,E,B,0.15,caste
778,caste,5,E,D,B,B,B,B,E,E,C,C,A,A,D,C,C,E,D,A,D,B,0.6,caste
778,caste,6,skip,C,D,C,D,D,B,D,D,D,E,E,E,E,E,D,C,D,E,C,0.6,caste
779,caste,1,A,B,B,D,D,A,D,A,A,A,A,A,A,A,C,B,B,A,C,A,0.6,caste
779,random,2,skip,E,C,C,E,E,E,E,B,B,E,skip,C,E,A,skip,B,B,C,A,0.2,caste
779,caste,3,C,E,E,E,E,C,B,B,C,C,C,C,B,E,A,C,E,B,A,B,0.6,caste
779,caste,4,D,A,A,B,B,D,A,D,D,D,D,D,D,D,D,D,D,D,D,D,0.95,caste
779,caste,5,E,D,D,A,A,B,C,C,B,B,E,B,C,B,E,E,A,C,E,E,0.65,caste
779,random,6,C,C,B,skip,E,B,E,C,A,E,A,C,B,A,C,skip,D,skip,skip,E,0.1,caste
780,random,1,D,skip,C,C,B,skip,A,E,E,E,C,A,A,A,A,skip,skip,B,E,B,0.15,caste
780,caste,2,B,A,A,A,A,A,A,C,C,C,C,C,C,C,C,C,C,C,C,C,0.8,caste
780,caste,3,C,E,E,E,E,E,E,E,E,D,D,D,D,D,D,D,D,D,D,D,0.9,caste
780,caste,4,D,B,D,B,B,B,C,A,D,A,A,A,A,E,E,E,E,E,A,B,0.6,caste
780,random,5,D,B,A,skip,skip,D,D,B,E,E,B,B,A,skip,B,C,A,E,A,skip,0.15,caste
780,caste,6,skip,C,C,D,C,D,B,B,A,B,B,E,E,B,B,B,B,B,E,A,0.6,caste
781,caste,1,A,A,B,B,B,B,C,B,B,B,B,E,E,E,E,E,B,D,D,D,0.75,rotate
781,rotate,2,B,C,D,E,skip,A,B,C,D,E,skip,A,B,C,D,E,skip,A,B,C,0.5,rotate
781,rotate,3,C,D,E,skip,A,B,C,D,E,skip,A,B,C,D,E,skip,A,B,C,D,0.05,rotate
781,caste,4,D,D,C,D,C,A,E,D,C,C,C,B,D,A,A,A,A,B,A,A,0.7,rotate
781,caste,5,E,E,A,C,A,C,B,E,E,D,D,C,C,D,B,B,E,E,E,E,0.75,rotate
781,caste,6,skip,skip,E,E,D,D,A,A,A,A,A,D,B,C,D,C,C,C,C,B,0.55,rotate
782,caste,1,A,A,E,E,E,E,B,C,E,B,D,B,B,E,D,A,A,A,A,A,0.6,rotate
782,caste,2,B,B,C,C,D,A,D,D,C,C,A,A,E,B,C,C,C,C,C,E,0.65,rotate
782,rotate,3,C,D,E,skip,A,B,C,D,E,skip,A,B,C,D,E,skip,A,B,C,D,0.1,rotate
782,caste,4,D,D,A,D,C,C,C,E,B,A,B,C,C,D,B,E,D,B,B,C,0.6,rotate
782,caste,5,E,E,B,A,B,B,A,A,D,D,E,E,D,A,E,D,B,E,D,D,0.6,rotate
782,rotate,6,skip,A,B,C,D,E,skip,A,B,C,D,E,skip,A,B,C,D,E,skip,A,0.0,rotate
783,caste,1,A,A,C,C,C,C,C,E,E,A,E,E,B,B,A,A,B,D,A,A,0.65,rotate
783,caste,2,B,B,A,A,D,B,E,B,B,B,B,C,A,D,E,B,A,B,C,B,0.55,rotate
783,rotate,3,C,D,E,skip,A,B,C,D,E,skip,A,B,C,D,E,skip,A,B,C,D,0.3,rotate
783,rotate,4,D,E,skip,A,B,C,D,E,skip,A,B,C,D,E,skip,A,B,C,D,E,0.05,rotate
783,caste,5,E,E,B,D,B,D,D,A,A,C,C,B,E,E,B,D,D,C,D,D,0.6,rotate
783,caste,6,skip,skip,D,E,A,E,A,C,C,D,D,D,D,A,C,C,C,E,E,E,0.75,rotate
784,caste,1,A,A,B,B,B,B,B,D,E,C,C,B,B,C,A,B,A,E,E,B,0.6,rotate
784,rotate,2,B,C,D,E,skip,A,B,C,D,E,skip,A,B,C,D,E,skip,A,B,C,0.05,rotate
784,caste,3,C,C,A,C,E,A,E,A,A,D,E,E,E,D,D,A,D,B,C,C,0.6,rotate
784,caste,4,D,D,E,E,C,E,C,C,D,B,D,A,D,B,B,E,E,A,D,D,0.6,rotate
784,rotate,5,E,skip,A,B,C,D,E,skip,A,B,C,D,E,skip,A,B,C,D,E,skip,0.1,rotate
784,caste,6,skip,skip,D,A,D,D,A,B,B,E,A,C,C,A,E,C,C,D,B,A,0.6,rotate
785,caste,1,A,A,C,C,C,C,C,A,A,D,D,D,E,B,C,C,C,E,E,E,0.65,rotate
785,caste,2,B,B,E,B,E,E,E,C,B,B,A,A,D,D,A,E,A,B,D,D,0.5,rotate
785,rotate,3,C,D,E,skip,A,B,C,D,E,skip,A,B,C,D,E,skip,A,B,C,D,0.05,rotate
785,caste,4,D,D,A,D,D,B,A,D,E,A,B,B,A,A,E,B,B,C,C,B,0.55,rotate
785,rotate,5,E,skip,A,B,C,D,E,skip,A,B,C,D,E,skip,A,B,C,D,E,skip,0.05,rotate
785,caste,6,skip,skip,B,E,A,D,B,E,C,C,C,E,C,E,B,D,D,D,A,A,0.65,rotate
786,caste,1,A,A,D,C,D,D,C,B,C,A,A,A,B,B,E,C,D,B,C,C,0.7,rotate
786,caste,2,B,B,E,E,E,E,A,A,B,D,D,B,E,D,D,D,A,A,B,B,0.75,rotate
786,caste,3,C,C,B,B,C,B,B,D,D,C,C,D,C,C,A,B,C,D,E,D,0.45,rotate
786,caste,4,D,D,C,D,A,A,E,C,E,E,E,E,A,A,B,E,E,E,A,A,0.7,rotate
786,rotate,5,E,skip,A,B,C,D,E,skip,A,B,C,D,E,skip,A,B,C,D,E,skip,0.2,rotate
786,rotate,6,skip,A,B,C,D,E,skip,A,B,C,D,E,skip,A,B,C,D,E,skip,A,0.0,rotate
787,rotate,1,A,B,C,D,E,skip,A,B,C,D,E,skip,A,B,C,D,E,skip,A,B,0.3,rotate
787,rotate,2,B,C,D,E,skip,A,B,C,D,E,skip,A,B,C,D,E,skip,A,B,C,0.05,rotate
787,caste,3,C,C,D,D,E,C,C,B,B,C,C,D,E,D,E,E,B,B,B,C,0.6,rotate
787,caste,4,D,D,A,B,A,A,B,C,E,D,E,C,A,B,C,D,E,D,D,A,0.5,rotate
787,caste,5,E,E,B,E,B,B,A,E,D,E,B,B,B,E,A,A,A,A,E,E,0.7,rotate
787,caste,6,skip,skip,E,C,C,D,D,A,A,A,A,A,D,C,D,B,C,C,C,D,0.75,rotate
788,rotate,1,A,B,C,D,E,skip,A,B,C,D,E,skip,A,B,C,D,E,skip,A,B,0.05,rotate
788,caste,2,B,B,C,D,D,A,C,A,B,B,E,B,C,A,A,A,A,E,E,B,0.55,rotate
788,rotate,3,C,D,E,skip,A,B,C,D,E,skip,A,B,C,D,E,skip,A,B,C,D,0.05,rotate
788,caste,4,D,D,E,B,E,D,D,D,A,D,C,E,A,E,E,C,B,C,C,E,0.6,rotate
788,caste,5,E,E,A,A,A,B,E,B,E,C,A,C,E,D,B,B,E,D,A,D,0.55,rotate
788,caste,6,skip,skip,B,C,C,C,A,E,C,A,B,D,D,B,C,D,D,B,D,C,0.6,rotate
789,rotate,1,A,B,C,D,E,skip,A,B,C,D,E,skip,A,B,C,D,E,skip,A,B,0.1,rotate
789,caste,2,B,B,E,C,B,C,B,B,C,A,D,B,B,B,A,A,D,B,D,E,0.65,rotate
789,caste,3,C,C,C,B,E,E,C,A,B,C,B,C,C,C,C,B,B,E,B,B,0.55,rotate
789,caste,4,D,D,A,A,D,B,A,C,D,D,A,E,D,E,E,D,A,A,A,D,0.7,rotate
789,caste,5,E,E,D,E,A,A,D,D,E,E,E,A,A,D,D,E,E,C,C,C,0.85,rotate
789,rotate,6,skip,A,B,C,D,E,skip,A,B,C,D,E,skip,A,B,C,D,E,skip,A,0.3,rotate
790,caste,1,A,A,B,B,B,B,B,E,A,B,D,D,D,D,A,A,C,C,E,E,0.65,rotate
790,rotate,2,B,C,D,E,skip,A,B,C,D,E,skip,A,B,C,D,E,skip,A,B,C,0.1,rotate
790,caste,3,C,C,D,E,A,C,A,A,C,A,C,C,A,E,C,B,A,E,B,A,0.6,rotate
790,rotate,4,D,E,skip,A,B,C,D,E,skip,A,B,C,D,E,skip,A,B,C,D,E,0.05,rotate
790,caste,5,E,E,A,A,D,D,E,C,B,E,E,A,E,C,B,E,D,A,D,B,0.55,rotate
790,caste,6,skip,skip,C,D,C,E,D,B,D,C,B,E,B,B,D,D,B,D,C,C,0.55,rotate
791,caste,1,A,A,D,D,D,D,D,D,C,E,E,E,E,E,C,B,D,D,B,B,0.7,rotate
791,caste,2,B,B,A,B,A,B,A,E,D,D,D,D,B,B,B,E,E,E,E,E,0.7,rotate
791,caste,3,C,C,B,E,E,E,E,A,A,C,C,A,A,A,A,C,C,A,A,A,0.75,rotate
791,rotate,4,D,E,skip,A,B,C,D,E,skip,A,B,C,D,E,skip,A,B,C,D,E,0.4,rotate
791,rotate,5,E,skip,A,B,C,D,E,skip,A,B,C,D,E,skip,A,B,C,D,E,skip,0.1,rotate
791,caste,6,skip,skip,C,C,C,C,B,B,B,A,B,C,D,C,D,D,A,B,C,C,0.6,rotate
792,caste,1,A,A,C,C,E,E,A,C,D,C,E,A,A,A,D,E,E,E,A,A,0.65,rotate
792,caste,2,B,B,D,D,D,D,D,D,C,D,B,E,D,C,A,C,D,D,D,B,0.6,rotate
792,caste,3,C,C,B,A,C,C,E,A,E,E,D,D,C,B,B,A,C,B,B,E,0.6,rotate
792,rotate,4,D,E,skip,A,B,C,D,E,skip,A,B,C,D,E,skip,A,B,C,D,E,0.2,rotate
792,caste,5,E,E,A,E,B,A,B,B,B,A,C,B,B,E,C,D,B,A,E,C,0.7,rotate
792,rotate,6,skip,A,B,C,D,E,skip,A,B,C,D,E,skip,A,B,C,D,E,skip,A,0.0,rotate
793,rotate,1,A,B,C,D,E,skip,A,B,C,D,E,skip,A,B,C,D,E,skip,A,B,0.1,rotate
793,caste,2,B,B,D,D,E,B,A,A,B,A,D,E,E,E,D,B,C,C,B,C,0.65,rotate
793,caste,3,C,C,A,A,D,D,D,E,D,B,E,A,B,B,C,D,A,A,E,B,0.6,rotate
793,rotate,4,D,E,skip,A,B,C,D,E,skip,A,B,C,D,E,skip,A,B,C,D,E,0.1,rotate
793,caste,5,E,E,C,C,B,C,B,D,A,D,B,D,C,D,B,E,E,D,D,E,0.55,rotate
793,caste,6,skip,skip,B,E,A,A,E,C,C,E,C,C,A,C,A,A,B,E,A,D,0.6,rotate
794,caste,1,A,A,E,C,C,B,B,B,E,E,A,B,B,B,D,A,A,A,D,E,0.65,rotate
794,rotate,2,B,C,D,E,skip,A,B,C,D,E,skip,A,B,C,D,E,skip,A,B,C,0.05,rotate
794,caste,3,C,C,A,E,A,C,D,D,D,A,E,E,D,C,B,D,E,E,C,C,0.6,rotate
794,caste,4,D,D,B,B,D,A,E,A,C,D,B,A,A,D,E,E,B,B,B,D,0.65,rotate
794,caste,5,E,E,D,A,B,E,C,C,B,C,D,C,E,A,C,C,D,C,A,B,0.55,rotate
794,rotate,6,skip,A,B,C,D,E,skip,A,B,C,D,E,skip,A,B,C,D,E,skip,A,0.05,rotate
795,rotate,1,A,B,C,D,E,skip,A,B,C,D,E,skip,A,B,C,D,E,skip,A,B,0.05,rotate
795,caste,2,B,B,C,D,B,B,B,D,D,D,A,A,A,C,C,D,D,D,C,A,0.6,rotate
795,caste,3,C,C,A,B,A,E,C,C,C,B,C,D,D,A,E,E,A,A,A,D,0.65,rotate
795,caste,4,D,D,E,E,E,D,E,B,E,C,D,B,B,B,A,B,C,E,E,B,0.5,rotate
795,rotate,5,E,skip,A,B,C,D,E,skip,A,B,C,D,E,skip,A,B,C,D,E,skip,0.05,rotate
795,caste,6,skip,skip,D,A,C,A,A,E,A,E,E,C,E,D,B,C,E,B,B,C,0.6,rotate
796,caste,1,A,E,E,E,E,E,E,E,E,E,E,E,E,E,E,E,E,E,E,E,0.95,caste
796,random3,2,A,B,B,B,B,B,B,A,A,A,A,A,A,A,A,A,A,D,D,D,0.45,caste
796,random3,3,C,C,C,C,A,A,A,A,B,C,C,D,D,D,C,C,C,C,A,C,0.15,caste
796,caste,4,D,C,A,D,A,A,B,A,B,B,B,C,C,A,D,D,C,B,D,D,0.5,caste
796,caste,5,E,D,B,C,B,C,C,C,C,C,C,B,B,B,C,C,A,C,A,C,0.45,caste
796,caste,6,skip,A,D,B,D,D,D,D,D,D,D,D,D,D,B,B,B,D,B,B,0.7,caste
797,caste,1,A,D,D,A,A,A,A,D,A,D,C,C,C,C,C,C,C,C,C,C,0.75,caste
797,caste,2,B,C,A,D,E,B,D,E,D,A,A,A,A,E,A,E,E,E,D,D,0.55,caste
797,random3,3,A,C,D,A,E,D,D,A,A,E,E,E,B,E,A,A,D,D,D,D,0.15,caste
797,caste,4,D,B,C,C,C,D,B,B,C,C,D,D,D,D,D,D,D,D,E,E,0.75,caste
797,caste,5,E,A,B,B,B,C,C,C,B,B,B,B,B,B,B,B,B,B,B,B,0.9,caste
797,random3,6,E,E,E,E,E,E,E,E,C,C,C,E,A,A,A,A,A,A,A,A,0.5,caste
798,caste,1,A,D,C,D,C,D,D,D,D,B,D,B,E,D,B,B,B,C,C,C,0.6,caste
798,caste,2,B,E,E,E,E,E,E,E,E,E,E,E,B,B,E,E,E,B,B,B,0.85,caste
798,random3,3,A,A,A,A,A,A,A,A,A,A,A,A,A,A,A,A,A,A,A,A,0.55,caste
798,random3,4,B,B,B,B,B,D,D,D,D,D,E,E,D,A,A,C,C,C,C,C,0.1,caste
798,caste,5,E,C,D,C,D,C,C,C,C,C,C,C,C,C,C,C,C,E,E,E,0.9,caste
798,caste,6,skip,A,B,A,B,A,B,B,B,D,A,D,D,A,D,D,A,D,D,A,0.4,caste
799,caste,1,A,E,D,E,E,E,E,E,E,E,E,E,E,E,E,E,E,E,E,E,0.9,caste
799,random3,2,B,B,A,C,B,A,A,D,D,E,B,B,B,B,B,C,C,C,C,C,0.05,caste
799,caste,3,C,D,A,A,C,C,B,B,B,B,B,B,B,B,B,B,B,B,B,B,0.6,caste
799,caste,4,D,B,B,C,D,D,D,D,C,C,C,C,C,C,C,C,D,D,D,D,0.8,caste
799,random3,5,C,E,A,A,B,A,A,A,A,A,A,A,A,A,A,A,A,A,A,A,0.65,caste
799,caste,6,skip,C,E,D,B,A,C,C,D,D,D,D,D,D,D,D,C,C,C,C,0.6,caste
800,caste,1,A,E,B,B,B,B,B,B,B,B,B,B,B,D,D,D,D,D,D,D,0.8,caste
800,caste,2,B,C,C,C,C,C,C,C,C,C,C,C,C,C,C,C,C,C,C,C,1.0,caste
800,random3,3,D,E,E,E,E,E,E,E,E,D,E,E,B,B,B,B,B,A,A,A,0.15,caste
800,caste,4,D,B,E,E,E,A,E,A,E,A,E,E,E,E,E,E,E,A,E,E,0.4,caste
800,random3,5,A,A,A,A,A,A,A,A,A,A,A,A,A,A,A,A,D,A,A,A,0.5,caste
800,caste,6,skip,A,D,D,D,D,D,D,D,D,D,D,D,B,B,A,B,B,B,B,0.65,caste
801,caste,1,A,E,E,E,E,B,E,D,B,D,D,D,D,D,D,D,D,D,A,A,0.55,caste
801,caste,2,B,C,C,A,C,A,C,A,C,A,C,C,C,C,C,C,C,A,E,E,0.8,caste
801,caste,3,C,A,A,C,A,C,A,C,A,C,A,A,A,A,A,A,A,C,C,C,0.9,caste
801,caste,4,D,B,D,D,D,D,D,E,D,E,E,E,E,E,E,E,E,E,D,D,0.75,caste
801,random3,5,D,E,E,E,E,D,D,D,B,B,E,B,B,B,B,B,A,A,B,B,0.2,caste
801,random3,6,B,B,B,B,B,B,B,B,B,B,C,C,B,D,B,B,A,A,A,C,0.25,caste
802,random3,1,D,B,B,A,A,A,A,A,A,A,A,A,C,A,C,E,C,C,C,C,0.25,caste
802,random3,2,C,C,C,C,C,C,C,E,E,C,C,C,C,C,C,D,C,C,B,B,0.3,caste
802,caste,3,C,B,D,D,A,A,A,C,A,C,C,A,C,A,A,A,A,A,A,A,0.45,caste
802,caste,4,D,E,B,B,B,B,C,B,B,B,B,B,B,B,B,B,B,B,B,B,0.75,caste
802,caste,5,E,A,A,A,D,D,D,E,E,E,E,E,E,E,E,E,E,E,E,E,0.8,caste
802,caste,6,skip,C,E,E,E,E,B,D,D,D,D,D,D,D,D,D,D,D,D,D,0.85,caste
803,random3,1,B,A,B,A,A,C,C,E,E,B,B,B,B,B,D,D,D,D,D,D,0.1,caste
803,caste,2,B,D,D,D,D,D,D,D,D,D,D,D,D,D,D,C,C,C,C,C,0.9,caste
803,random3,3,B,A,A,A,A,E,A,A,A,A,A,A,A,A,A,A,A,A,A,A,0.6,caste
803,caste,4,D,A,B,A,B,B,E,E,E,E,E,E,B,B,B,B,B,B,B,A,0.6,caste
803,caste,5,E,C,C,C,C,C,C,C,C,C,C,C,C,C,C,D,D,D,A,D,0.65,caste
803,caste,6,skip,E,E,E,E,E,B,B,B,B,B,A,E,E,E,E,E,E,E,E,0.75,caste
804,random3,1,C,C,C,C,D,C,C,C,E,E,E,E,E,E,D,D,B,D,D,D,0.1,caste
804,caste,2,B,A,A,A,A,A,A,A,A,A,A,A,A,A,A,A,A,A,A,A,1.0,caste
804,caste,3,C,E,E,B,E,B,E,B,E,E,D,E,E,C,D,E,C,E,C,E,0.65,caste
804,caste,4,D,C,D,C,D,C,C,C,C,C,C,C,D,E,C,D,B,D,B,B,0.4,caste
804,caste,5,E,B,B,E,B,E,B,E,B,B,B,B,B,B,B,C,E,C,E,C,0.8,caste
804,random3,6,D,D,D,D,D,D,D,D,D,D,D,B,B,B,B,B,B,D,D,D,0.4,caste
805,caste,1,A,D,B,D,B,D,D,D,D,D,D,D,D,D,D,D,D,D,D,D,0.85,caste
805,random3,2,E,E,E,E,E,B,B,A,A,A,A,A,A,A,A,A,A,A,A,A,0.5,caste
805,caste,3,C,B,D,B,D,B,C,C,C,C,C,C,C,C,C,A,E,E,E,E,0.5,caste
805,random3,4,A,A,A,A,A,A,E,E,E,C,C,C,C,C,C,E,E,E,D,D,0.2,caste
805,caste,5,E,C,E,C,C,C,B,B,B,B,B,B,B,B,B,B,B,B,B,B,0.85,caste
805,caste,6,skip,A,A,E,E,A,E,A,E,A,E,E,E,E,E,C,C,C,A,C,0.45,caste
806,caste,1,A,E,A,A,C,B,A,B,E,B,E,E,E,E,E,E,E,A,A,A,0.7,caste
806,caste,2,B,D,D,D,D,D,D,D,A,A,A,A,A,A,A,A,A,E,E,E,0.75,caste
806,caste,3,C,B,B,B,B,A,B,A,D,D,D,B,D,D,D,D,D,D,C,C,0.7,caste
806,random3,4,A,E,E,E,C,C,C,B,B,B,C,C,C,C,A,A,A,D,E,A,0.1,caste
806,random3,5,C,C,C,C,C,C,C,D,D,D,D,B,B,B,B,B,B,B,B,B,0.45,caste
806,caste,6,skip,A,E,E,E,E,E,E,B,E,C,D,B,C,B,C,C,C,D,D,0.6,caste
807,caste,1,A,A,A,A,A,A,A,A,A,A,E,D,D,D,D,D,D,D,C,C,0.9,caste
807,caste,2,B,B,B,B,B,B,B,B,B,B,D,E,E,B,E,B,E,E,E,E,0.35,caste
807,caste,3,C,C,C,C,C,C,C,C,C,C,C,C,C,C,C,C,C,C,D,D,0.9,caste
807,random3,4,D,D,D,D,D,D,D,D,D,C,E,E,E,B,E,A,A,A,D,E,0.4,caste
807,caste,5,E,E,E,E,E,E,E,E,E,D,A,A,A,A,A,A,A,A,A,A,0.8,caste
807,random3,6,A,B,B,B,B,B,B,E,D,B,E,E,E,B,B,B,B,B,B,B,0.25,caste
808,random3,1,D,D,D,D,D,D,E,E,E,A,A,A,A,A,A,A,A,E,E,E,0.2,caste
808,caste,2,B,A,C,B,A,C,C,A,C,A,A,D,D,D,D,D,D,D,D,D,0.85,caste
808,caste,3,C,D,E,D,E,D,B,D,D,D,D,A,A,A,A,A,A,A,A,E,0.35,caste
808,random3,4,E,A,E,E,E,B,E,E,E,E,E,E,E,E,E,E,E,E,A,A,0.5,caste
808,caste,5,E,B,A,C,B,A,A,C,A,C,C,C,C,C,C,C,C,C,C,C,0.95,caste
808,caste,6,skip,C,B,A,C,B,E,B,B,B,B,B,B,B,B,B,B,B,B,B,0.85,caste
809,caste,1,A,A,A,A,A,A,A,A,A,A,A,A,A,A,B,B,A,A,A,A,0.95,caste
809,random3,2,B,B,B,B,B,B,B,B,B,B,B,B,B,B,B,A,D,D,D,E,0.7,caste
809,caste,3,C,C,C,C,C,C,C,C,C,C,C,C,C,C,C,A,B,B,B,B,0.9,caste
809,caste,4,D,D,D,D,D,D,E,E,E,E,E,E,E,E,E,C,C,C,C,C,0.8,caste
809,caste,5,E,E,E,E,E,E,D,D,D,D,D,D,D,D,D,E,E,E,D,E,0.35,caste
809,random3,6,E,E,E,D,D,D,D,D,D,C,D,D,D,D,E,E,D,D,D,E,0.0,caste
810,random3,1,B,B,C,B,B,B,B,B,A,A,B,C,C,C,C,C,C,C,C,C,0.35,random3
810,caste,2,B,E,A,E,A,E,A,E,A,D,D,D,D,E,E,E,E,E,E,E,0.85,random3
810,caste,3,C,D,D,D,D,D,D,D,D,A,A,A,A,A,A,A,A,A,A,A,0.9,random3
810,caste,4,D,A,E,A,E,A,E,A,E,E,E,E,E,D,D,D,D,D,D,D,0.95,random3
810,random3,5,C,C,C,B,C,C,C,C,C,C,C,C,E,E,B,B,B,B,B,B,0.4,random3
810,caste,6,skip,B,C,B,C,B,C,B,C,B,B,B,B,B,B,B,C,C,B,C,0.2,random3
811,caste,1,A,A,B,B,E,C,C,D,B,C,E,B,B,E,E,B,B,E,E,B,0.55,radicaleq
811,radicaleq,2,B,C,D,skip,A,D,E,C,D,B,A,E,C,B,D,E,A,B,C,E,0.15,radicaleq
811,radicaleq,3,C,D,A,B,C,B,C,D,E,C,D,B,A,E,C,B,D,E,A,B,0.05,radicaleq
811,caste,4,D,D,C,E,C,D,A,B,E,A,D,C,A,D,C,A,D,C,A,D,0.55,radicaleq
811,caste,5,E,E,A,A,B,B,E,A,D,E,A,D,C,A,D,C,A,D,C,A,0.55,radicaleq
811,caste,6,skip,skip,E,D,A,E,B,C,A,B,C,E,D,B,A,E,C,B,D,E,0.5,radicaleq
812,caste,1,A,A,E,A,A,B,B,A,E,B,B,D,D,B,B,D,D,B,C,D,0.5,radicaleq
812,caste,2,B,B,C,D,D,A,C,B,A,E,E,B,C,D,A,B,E,D,B,C,0.5,radicaleq
812,radicaleq,3,C,D,E,D,C,A,D,B,C,E,A,B,E,D,C,B,A,D,E,C,0.05,radicaleq
812,caste,4,D,D,A,C,E,D,E,C,D,A,C,E,A,C,E,A,C,E,A,B,0.55,radicaleq
812,caste,5,E,E,B,B,C,C,D,E,C,D,A,C,E,A,C,E,A,C,E,A,0.55,radicaleq
812,radicaleq,6,skip,A,C,B,E,B,E,A,D,B,C,D,A,B,E,D,C,B,A,D,0.0,radicaleq
813,caste,1,A,A,C,C,B,E,B,C,E,A,C,C,B,B,C,D,B,B,D,D,0.55,radicaleq
813,caste,2,B,B,A,D,C,C,E,A,C,D,A,A,C,E,B,C,D,A,B,E,0.55,radicaleq
813,radicaleq,3,C,D,skip,E,B,D,E,B,C,E,A,D,C,A,B,E,D,C,B,A,0.1,radicaleq
813,radicaleq,4,D,E,A,C,A,C,B,D,E,B,C,E,B,D,C,A,B,E,D,C,0.05,radicaleq
813,caste,5,E,E,B,B,A,D,A,B,D,E,B,D,E,A,D,E,A,C,E,A,0.5,radicaleq
813,caste,6,skip,skip,D,E,D,A,C,D,A,B,D,E,A,D,E,A,C,E,A,C,0.5,radicaleq
814,caste,1,A,A,B,B,B,B,E,A,D,E,A,B,E,C,B,D,C,A,D,E,0.55,radicaleq
814,radicaleq,2,B,C,E,A,B,B,E,C,D,B,A,C,E,D,B,A,C,E,D,B,0.05,radicaleq
814,caste,3,C,C,A,A,E,A,B,C,C,B,D,C,A,D,E,A,B,E,C,B,0.5,radicaleq
814,caste,4,D,D,E,C,D,C,A,B,E,C,B,D,C,A,D,E,A,B,E,C,0.5,radicaleq
814,radicaleq,5,E,skip,D,C,E,C,D,B,A,C,E,D,B,A,C,E,D,B,A,C,0.05,radicaleq
814,caste,6,skip,skip,D,E,A,D,D,E,A,D,E,A,B,E,C,B,D,C,A,D,0.5,radicaleq
815,caste,1,A,A,C,C,C,C,B,A,D,B,B,C,A,E,C,D,E,B,D,A,0.55,radicaleq
815,caste,2,B,B,E,E,D,E,A,C,B,E,C,D,E,B,D,A,B,C,A,E,0.5,radicaleq
815,radicaleq,3,C,D,E,A,C,C,B,E,D,C,B,E,A,D,C,B,E,A,D,C,0.05,radicaleq
815,caste,4,D,D,A,A,B,A,C,E,E,C,D,E,B,D,A,B,C,A,E,C,0.5,radicaleq
815,radicaleq,5,E,skip,B,E,B,E,D,C,A,E,A,D,C,B,E,A,D,C,B,E,0.05,radicaleq
815,caste,6,skip,skip,B,D,A,D,D,B,A,D,A,B,C,A,E,C,D,E,B,D,0.5,radicaleq
816,caste,1,A,A,D,A,A,E,B,B,C,C,B,A,C,D,A,E,D,B,E,C,0.5,radicaleq
816,caste,2,B,B,E,D,D,A,C,D,A,E,D,B,E,C,B,A,C,D,A,E,0.55,radicaleq
816,caste,3,C,C,B,B,E,B,D,E,E,B,A,C,D,A,E,D,B,E,C,B,0.55,radicaleq
816,caste,4,D,D,C,E,C,D,A,C,D,A,E,D,B,E,C,B,A,C,D,A,0.55,radicaleq
816,radicaleq,5,E,skip,C,A,C,E,A,B,D,C,E,A,B,D,C,E,A,B,D,C,0.05,radicaleq
816,radicaleq,6,skip,A,E,B,D,B,C,E,A,B,D,C,E,A,B,D,C,E,A,B,0.0,radicaleq
817,radicaleq,1,A,B,E,D,C,D,C,D,A,B,E,D,C,B,A,E,D,C,B,A,0.1,radicaleq
817,radicaleq,2,B,C,B,C,A,A,E,B,C,D,A,B,E,D,C,B,A,E,D,C,0.05,radicaleq
817,caste,3,C,C,D,C,E,D,D,D,E,B,C,D,B,B,D,E,C,E,A,C,0.5,radicaleq
817,caste,4,D,D,A,A,A,A,E,A,C,E,A,C,E,A,C,D,A,B,D,E,0.55,radicaleq
817,caste,5,E,E,B,D,C,B,A,B,B,D,D,B,A,D,E,B,B,C,E,A,0.5,radicaleq
817,caste,6,skip,skip,E,B,B,E,C,E,A,C,E,A,C,E,A,C,D,A,B,D,0.5,radicaleq
818,radicaleq,1,A,B,C,C,D,A,A,E,C,D,A,B,E,C,D,A,B,E,D,C,0.05,radicaleq
818,caste,2,B,B,C,D,D,E,B,A,A,C,E,D,D,E,B,D,D,B,B,D,0.5,radicaleq
818,radicaleq,3,C,D,B,E,C,E,C,D,A,B,E,C,D,A,B,E,D,C,B,A,0.05,radicaleq
818,caste,4,D,D,E,C,C,D,C,B,B,D,C,B,A,C,E,A,C,E,A,C,0.5,radicaleq
818,caste,5,E,E,A,A,A,A,A,E,C,B,D,C,B,A,C,E,A,C,E,A,0.5,radicaleq
818,caste,6,skip,skip,B,E,B,B,D,D,E,E,A,A,E,B,D,C,B,A,D,E,0.5,radicaleq
819,radicaleq,1,A,B,C,B,E,A,D,B,C,A,E,D,B,C,A,E,D,B,C,A,0.05,radicaleq
819,caste,2,B,B,E,A,C,B,A,A,B,D,C,C,D,E,C,B,E,A,B,D,0.5,radicaleq
819,caste,3,C,C,C,E,E,C,D,E,C,B,E,A,B,D,A,C,D,E,C,B,0.55,radicaleq
819,caste,4,D,D,A,B,B,A,E,B,D,A,A,D,E,C,B,E,A,B,D,A,0.55,radicaleq
819,caste,5,E,E,D,C,D,E,C,D,E,C,B,E,A,B,D,A,C,D,E,C,0.55,radicaleq
819,radicaleq,6,skip,A,D,A,D,B,C,A,E,D,B,C,A,E,D,B,C,A,E,D,0.05,radicaleq
820,caste,1,A,A,B,B,B,B,B,E,D,E,D,B,E,E,B,C,E,E,C,A,0.5,radicaleq
820,radicaleq,2,B,C,D,A,D,B,B,E,D,B,A,E,C,B,D,E,A,C,B,E,0.05,radicaleq
820,caste,3,C,C,D,D,D,E,C,A,A,D,C,A,D,C,A,D,B,A,D,B,0.5,radicaleq
820,radicaleq,4,D,E,C,E,A,E,D,B,A,E,C,B,D,E,A,C,B,E,D,A,0.05,radicaleq
820,caste,5,E,E,A,A,A,D,D,C,E,B,B,E,A,B,C,E,D,C,A,E,0.5,radicaleq
820,caste,6,skip,skip,C,E,C,C,A,B,C,C,A,D,C,A,D,B,A,D,B,C,0.5,radicaleq
821,caste,1,A,A,D,D,B,E,B,B,E,E,B,C,E,E,C,D,E,E,D,D,0.55,radicaleq
821,caste,2,B,B,A,B,A,A,E,A,B,D,E,B,C,A,E,C,D,B,E,A,0.55,radicaleq
821,caste,3,C,C,B,E,E,D,C,D,A,C,D,A,B,D,A,B,C,A,B,C,0.55,radicaleq
821,radicaleq,4,D,E,skip,C,B,D,E,C,B,A,E,D,C,B,E,A,D,C,E,B,0.1,radicaleq
821,radicaleq,5,E,skip,A,D,E,A,B,D,E,C,B,A,E,D,C,B,E,A,D,C,0.05,radicaleq
821,caste,6,skip,skip,C,C,D,C,A,C,D,A,C,D,A,B,D,A,B,C,A,B,0.5,radicaleq
822,caste,1,A,A,C,C,C,E,E,C,D,E,E,D,D,E,C,D,D,C,B,D,0.5,radicaleq
822,caste,2,B,B,D,E,B,C,A,E,C,D,A,E,B,D,E,C,A,D,C,B,0.5,radicaleq
822,caste,3,C,C,B,B,D,A,B,D,A,A,C,B,A,C,B,A,E,B,A,E,0.55,radicaleq
822,radicaleq,4,D,E,C,E,D,C,B,E,A,D,C,E,A,D,B,C,E,D,A,B,0.05,radicaleq
822,caste,5,E,E,A,D,A,B,D,A,B,C,B,A,C,B,A,E,B,A,E,C,0.55,radicaleq
822,radicaleq,6,skip,A,D,B,A,E,D,C,B,E,B,D,C,E,A,D,B,C,E,D,0.0,radicaleq
823,radicaleq,1,A,B,D,D,C,A,A,E,D,A,C,E,B,D,C,A,E,B,C,D,0.05,radicaleq
823,caste,2,B,B,D,C,C,E,B,D,C,D,B,C,C,B,E,C,C,E,A,C,0.5,radicaleq
823,caste,3,C,C,A,A,A,A,A,E,D,E,D,D,E,A,D,B,A,D,B,E,0.5,radicaleq
823,radicaleq,4,D,E,B,E,D,E,C,A,C,E,B,D,C,A,E,B,C,D,A,E,0.05,radicaleq
823,caste,5,E,E,C,D,D,C,C,B,E,A,A,E,A,D,B,A,D,B,E,D,0.5,radicaleq
823,caste,6,skip,skip,B,E,B,B,D,A,B,B,C,A,B,E,C,D,E,A,C,B,0.5,radicaleq
824,caste,1,A,A,E,A,A,D,D,A,C,D,D,B,B,D,A,B,B,A,E,B,0.5,radicaleq
824,radicaleq,2,B,C,E,D,B,A,B,D,E,C,A,D,C,B,E,A,D,B,C,E,0.05,radicaleq
824,caste,3,C,C,A,B,E,B,C,E,B,A,E,C,A,E,C,D,E,C,D,A,0.55,radicaleq
824,caste,4,D,D,B,D,C,A,E,D,A,C,C,D,E,B,D,A,C,B,A,E,0.5,radicaleq
824,caste,5,E,E,D,C,B,E,B,C,E,B,A,E,C,A,E,C,D,E,C,D,0.55,radicaleq
824,radicaleq,6,skip,A,B,C,E,D,C,A,B,D,E,B,A,D,C,B,E,A,D,B,0.0,radicaleq
825,radicaleq,1,A,B,E,B,A,A,E,C,D,A,B,C,E,D,A,C,B,E,D,A,0.05,radicaleq
825,caste,2,B,B,C,B,E,B,A,C,C,A,D,C,C,D,E,C,A,E,B,A,0.5,radicaleq
825,caste,3,C,C,A,A,A,A,E,B,D,E,B,A,E,B,A,D,B,C,D,E,0.55,radicaleq
825,caste,4,D,D,E,C,D,C,B,A,E,C,A,D,B,C,D,E,C,A,E,B,0.5,radicaleq
825,radicaleq,5,E,skip,D,C,E,C,D,A,B,C,E,D,A,C,B,E,D,A,C,B,0.05,radicaleq
825,caste,6,skip,skip,D,E,B,D,D,E,B,D,E,B,A,E,B,A,D,B,C,D,0.5,radicaleq
826,caste,1,A,A,A,A,A,A,A,A,A,A,A,A,A,A,E,E,E,E,A,A,1.0,rotate0
826,rotate0,2,B,B,B,B,B,B,B,B,B,B,B,B,B,B,B,B,B,B,B,B,0.8,rotate0
826,rotate0,3,C,C,C,C,C,C,C,C,C,C,C,C,C,C,C,C,C,C,C,C,0.85,rotate0
826,caste,4,D,D,D,D,D,D,D,D,D,D,D,D,D,D,A,A,A,A,E,E,1.0,rotate0
826,caste,5,E,E,E,E,E,E,E,E,E,E,E,E,E,B,C,D,D,D,D,D,0.9,rotate0
826,caste,6,skip,skip,skip,skip,skip,skip,skip,skip,skip,skip,skip,skip,skip,skip,D,B,C,B,C,B,0.05,rotate0
827,caste,1,A,A,A,A,A,A,A,A,A,A,A,A,A,A,A,B,B,B,B,B,1.0,caste
827,caste,2,B,B,B,B,B,B,B,B,B,B,B,B,B,C,D,D,D,D,D,C,0.9,caste
827,rotate0,3,C,C,C,C,C,C,C,C,C,C,C,C,C,C,C,C,C,C,C,C,0.9,caste
827,caste,4,D,D,D,D,D,D,D,D,D,D,D,D,D,D,B,A,A,A,A,A,1.0,caste
827,caste,5,E,E,E,E,E,E,E,E,E,E,E,E,E,B,E,E,E,E,E,E,1.0,caste
827,rotate0,6,skip,skip,skip,skip,skip,skip,skip,skip,skip,skip,skip,skip,skip,skip,skip,skip,skip,skip,skip,skip,0.0,caste
828,caste,1,A,A,A,A,A,A,A,A,A,A,A,A,A,A,A,E,E,E,E,E,1.0,rotate0
828,caste,2,B,B,B,B,B,B,B,B,B,B,B,B,B,C,D,A,A,A,A,A,0.9,rotate0
828,rotate0,3,C,C,C,C,C,C,C,C,C,C,C,C,C,C,C,C,C,C,C,C,0.8,rotate0
828,rotate0,4,D,D,D,D,D,D,D,D,D,D,D,D,D,D,D,D,D,D,D,D,0.8,rotate0
828,caste,5,E,E,E,E,E,E,E,E,E,E,E,E,E,B,E,B,B,B,B,B,1.0,rotate0
828,caste,6,skip,skip,skip,skip,skip,skip,skip,skip,skip,skip,skip,skip,skip,skip,C,D,C,D,C,D,0.0,rotate0
829,caste,1,A,A,A,A,A,A,A,A,A,A,A,A,A,A,C,C,C,C,A,A,1.0,rotate0
829,rotate0,2,B,B,B,B,B,B,B,B,B,B,B,B,B,B,B,B,B,B,B,B,0.8,rotate0
829,caste,3,C,C,C,C,C,C,C,C,C,C,C,C,C,E,B,D,D,D,D,D,0.9,rotate0
829,caste,4,D,D,D,D,D,D,D,D,D,D,D,D,D,D,A,A,A,A,C,C,1.0,rotate0
829,rotate0,5,E,E,E,E,E,E,E,E,E,E,E,E,E,E,E,E,E,E,E,E,0.85,rotate0
829,caste,6,skip,skip,skip,skip,skip,skip,skip,skip,skip,skip,skip,skip,skip,skip,D,B,E,B,E,B,0.05,rotate0
830,caste,1,A,A,A,A,A,A,A,A,A,A,A,A,A,A,B,A,A,A,A,A,1.0,rotate0
830,caste,2,B,B,B,B,B,B,B,B,B,B,B,B,B,C,D,D,D,D,D,D,0.95,rotate0
830,rotate0,3,C,C,C,C,C,C,C,C,C,C,C,C,C,C,C,C,C,C,C,C,0.8,rotate0
830,caste,4,D,D,D,D,D,D,D,D,D,D,D,D,D,D,A,B,B,B,B,B,1.0,rotate0
830,rotate0,5,E,E,E,E,E,E,E,E,E,E,E,E,E,E,E,E,E,E,E,E,0.85,rotate0
830,caste,6,skip,skip,skip,skip,skip,skip,skip,skip,skip,skip,skip,skip,skip,skip,E,C,E,C,E,C,0.0,rotate0
831,caste,1,A,A,A,A,A,A,A,A,A,A,A,A,A,A,B,A,A,A,A,C,1.0,caste
831,caste,2,B,B,B,B,B,B,B,B,B,B,B,B,B,C,C,C,C,C,C,A,1.0,caste
831,caste,3,C,C,C,C,C,C,C,C,C,C,C,C,C,E,D,D,D,D,D,E,0.9,caste
831,caste,4,D,D,D,D,D,D,D,D,D,D,D,D,D,D,A,B,B,B,B,B,1.0,caste
831,rotate0,5,E,E,E,E,E,E,E,E,E,E,E,E,E,E,E,E,E,E,E,E,0.9,caste
831,rotate0,6,skip,skip,skip,skip,skip,skip,skip,skip,skip,skip,skip,skip,skip,skip,skip,skip,skip,skip,skip,skip,0.0,caste
832,rotate0,1,A,A,A,A,A,A,A,A,A,A,A,A,A,A,A,A,A,A,A,A,0.8,rotate0
832,rotate0,2,B,B,B,B,B,B,B,B,B,B,B,B,B,B,B,B,B,B,B,B,0.8,rotate0
832,caste,3,C,C,C,C,C,C,C,C,C,C,C,C,C,E,D,C,C,C,C,C,1.0,rotate0
832,caste,4,D,D,D,D,D,D,D,D,D,D,D,D,D,D,A,E,E,E,E,E,0.95,rotate0
832,caste,5,E,E,E,E,E,E,E,E,E,E,E,E,E,B,E,D,D,D,D,D,0.95,rotate0
832,caste,6,skip,skip,skip,skip,skip,skip,skip,skip,skip,skip,skip,skip,skip,skip,B,A,A,B,A,B,0.0,rotate0
833,rotate0,1,A,A,A,A,A,A,A,A,A,A,A,A,A,A,A,A,A,A,A,A,0.8,rotate0
833,caste,2,B,B,B,B,B,B,B,B,B,B,B,B,B,C,D,D,E,E,E,E,0.95,rotate0
833,rotate0,3,C,C,C,C,C,C,C,C,C,C,C,C,C,C,C,C,C,C,C,C,0.8,rotate0
833,caste,4,D,D,D,D,D,D,D,D,D,D,D,D,D,D,B,A,D,D,D,D,0.95,rotate0
833,caste,5,E,E,E,E,E,E,E,E,E,E,E,E,E,B,E,E,B,B,B,B,1.0,rotate0
833,caste,6,skip,skip,skip,skip,skip,skip,skip,skip,skip,skip,skip,skip,skip,skip,C,C,A,A,A,C,0.0,rotate0
834,rotate0,1,A,A,A,A,A,A,A,A,A,A,A,A,A,A,A,A,A,A,A,A,0.95,caste
834,caste,2,B,B,B,B,B,B,B,B,B,B,B,B,B,C,D,D,D,D,D,D,1.0,caste
834,caste,3,C,C,C,C,C,C,C,C,C,C,C,C,C,E,E,C,C,C,C,C,1.0,caste
834,caste,4,D,D,D,D,D,D,D,D,D,D,D,D,D,D,C,B,B,B,B,B,1.0,caste
834,caste,5,E,E,E,E,E,E,E,E,E,E,E,E,E,B,A,E,E,E,E,E,0.95,caste
834,rotate0,6,skip,skip,skip,skip,skip,skip,skip,skip,skip,skip,skip,skip,skip,skip,skip,skip,skip,skip,skip,skip,0.0,caste
835,caste,1,A,A,A,A,A,A,A,A,A,A,A,A,A,A,C,A,A,A,A,A,1.0,rotate0
835,rotate0,2,B,B,B,B,B,B,B,B,B,B,B,B,B,B,B,B,B,B,B,B,0.8,rotate0
835,caste,3,C,C,C,C,C,C,C,C,C,C,C,C,C,E,D,E,E,E,E,E,0.95,rotate0
835,rotate0,4,D,D,D,D,D,D,D,D,D,D,D,D,D,D,D,D,D,D,D,D,0.8,rotate0
835,caste,5,E,E,E,E,E,E,E,E,E,E,E,E,E,B,E,C,C,C,C,C,0.95,rotate0
835,caste,6,skip,skip,skip,skip,skip,skip,skip,skip,skip,skip,skip,skip,skip,skip,B,D,B,D,B,D,0.0,rotate0
836,caste,1,A,A,A,A,A,A,A,A,A,A,A,A,A,A,B,A,A,A,A,B,1.0,rotate0
836,caste,2,B,B,B,B,B,B,B,B,B,B,B,B,B,C,C,B,B,B,B,A,1.0,rotate0
836,caste,3,C,C,C,C,C,C,C,C,C,C,C,C,C,E,D,C,C,C,C,C,0.9,rotate0
836,rotate0,4,D,D,D,D,D,D,D,D,D,D,D,D,D,D,D,D,D,D,D,D,0.8,rotate0
836,rotate0,5,E,E,E,E,E,E,E,E,E,E,E,E,E,E,E,E,E,E,E,E,0.8,rotate0
836,caste,6,skip,skip,skip,skip,skip,skip,skip,skip,skip,skip,skip,skip,skip,skip,E,D,D,E,D,E,0.0,rotate0
837,caste,1,A,A,A,A,A,A,A,A,A,A,A,A,A,A,B,A,B,B,B,B,1.0,caste
837,caste,2,B,B,B,B,B,B,B,B,B,B,B,B,B,C,D,E,E,E,E,E,0.95,caste
837,caste,3,C,C,C,C,C,C,C,C,C,C,C,C,C,E,E,B,A,A,A,A,1.0,caste
837,rotate0,4,D,D,D,D,D,D,D,D,D,D,D,D,D,D,D,D,D,D,D,D,0.95,caste
837,caste,5,E,E,E,E,E,E,E,E,E,E,E,E,E,B,A,C,C,C,C,C,1.0,caste
837,rotate0,6,skip,skip,skip,skip,skip,skip,skip,skip,skip,skip,skip,skip,skip,skip,skip,skip,skip,skip,skip,skip,0.0,caste
838,rotate0,1,A,A,A,A,A,A,A,A,A,A,A,A,A,A,A,A,A,A,A,A,0.8,rotate0
838,caste,2,B,B,B,B,B,B,B,B,B,B,B,B,B,C,D,C,C,E,E,E,0.95,rotate0
838,caste,3,C,C,C,C,C,C,C,C,C,C,C,C,C,E,E,B,B,B,B,B,1.0,rotate0
838,rotate0,4,D,D,D,D,D,D,D,D,D,D,D,D,D,D,D,D,D,D,D,D,0.85,rotate0
838,caste,5,E,E,E,E,E,E,E,E,E,E,E,E,E,B,A,E,E,C,C,C,0.95,rotate0
838,caste,6,skip,skip,skip,skip,skip,skip,skip,skip,skip,skip,skip,skip,skip,skip,skip,A,D,A,D,A,0.0,rotate0
839,caste,1,A,A,A,A,A,A,A,A,A,A,A,A,A,A,C,A,D,D,D,D,1.0,caste
839,rotate0,2,B,B,B,B,B,B,B,B,B,B,B,B,B,B,B,B,B,B,B,B,0.95,caste
839,caste,3,C,C,C,C,C,C,C,C,C,C,C,C,C,E,D,D,A,A,A,A,1.0,caste
839,caste,4,D,D,D,D,D,D,D,D,D,D,D,D,D,D,A,C,C,C,C,C,1.0,caste
839,caste,5,E,E,E,E,E,E,E,E,E,E,E,E,E,B,E,E,E,E,E,E,0.95,caste
839,rotate0,6,skip,skip,skip,skip,skip,skip,skip,skip,skip,skip,skip,skip,skip,skip,skip,skip,skip,skip,skip,skip,0.0,caste
840,rotate0,1,A,A,A,A,A,A,A,A,A,A,A,A,A,A,A,A,A,A,A,A,0.8,rotate0
840,caste,2,B,B,B,B,B,B,B,B,B,B,B,B,B,C,C,B,B,B,B,B,1.0,rotate0
840,caste,3,C,C,C,C,C,C,C,C,C,C,C,C,C,E,D,C,C,C,C,C,0.95,rotate0
840,caste,4,D,D,D,D,D,D,D,D,D,D,D,D,D,D,A,D,D,D,D,D,0.95,rotate0
840,rotate0,5,E,E,E,E,E,E,E,E,E,E,E,E,E,E,E,E,E,E,E,E,0.8,rotate0
840,caste,6,skip,skip,skip,skip,skip,skip,skip,skip,skip,skip,skip,skip,skip,skip,E,A,A,E,A,E,0.0,rotate0
841,caste,1,A,A,A,A,A,A,A,A,A,A,A,A,A,A,B,C,D,D,D,E,1.0,draw
841,caste,2,B,B,B,B,B,B,B,B,B,B,B,B,B,C,D,E,E,E,E,D,1.0,draw
841,caste,3,C,C,C,C,C,C,C,C,C,C,C,C,C,E,E,D,C,C,C,C,1.0,draw
841,caste,4,D,D,D,D,D,D,D,D,D,D,D,D,D,D,C,B,B,B,B,B,1.0,draw
841,caste,5,E,E,E,E,E,E,E,E,E,E,E,E,E,B,A,A,A,A,A,A,1.0,draw
841,caste,6,skip,skip,skip,skip,skip,skip,skip,skip,skip,skip,skip,skip,skip,skip,skip,skip,skip,skip,skip,skip,0.0,draw
842,caste,1,A,A,A,A,A,A,A,A,A,A,A,A,A,A,B,C,D,D,D,E,1.0,draw
842,caste,2,B,B,B,B,B,B,B,B,B,B,B,B,B,C,D,E,E,E,E,D,1.0,draw
842,caste,3,C,C,C,C,C,C,C,C,C,C,C,C,C,E,E,D,C,C,C,C,1.0,draw
842,caste,4,D,D,D,D,D,D,D,D,D,D,D,D,D,D,C,B,B,B,B,B,1.0,draw
842,caste,5,E,E,E,E,E,E,E,E,E,E,E,E,E,B,A,A,A,A,A,A,1.0,draw
842,caste,6,skip,skip,skip,skip,skip,skip,skip,skip,skip,skip,skip,skip,skip,skip,skip,skip,skip,skip,skip,skip,0.0,draw
843,caste,1,A,A,A,A,A,A,A,A,A,A,A,A,A,A,B,C,D,D,D,E,1.0,draw
843,caste,2,B,B,B,B,B,B,B,B,B,B,B,B,B,C,D,E,E,E,E,D,1.0,draw
843,caste,3,C,C,C,C,C,C,C,C,C,C,C,C,C,E,E,D,C,C,C,C,1.0,draw
843,caste,4,D,D,D,D,D,D,D,D,D,D,D,D,D,D,C,B,B,B,B,B,1.0,draw
843,caste,5,E,E,E,E,E,E,E,E,E,E,E,E,E,B,A,A,A,A,A,A,1.0,draw
843,caste,6,skip,skip,skip,skip,skip,skip,skip,skip,skip,skip,skip,skip,skip,skip,skip,skip,skip,skip,skip,skip,0.0,draw
844,caste,1,A,A,A,A,A,A,A,A,A,A,A,A,A,A,B,C,D,D,D,E,1.0,draw
844,caste,2,B,B,B,B,B,B,B,B,B,B,B,B,B,C,D,E,E,E,E,D,1.0,draw
844,caste,3,C,C,C,C,C,C,C,C,C,C,C,C,C,E,E,D,C,C,C,C,1.0,draw
844,caste,4,D,D,D,D,D,D,D,D,D,D,D,D,D,D,C,B,B,B,B,B,1.0,draw
844,caste,5,E,E,E,E,E,E,E,E,E,E,E,E,E,B,A,A,A,A,A,A,1.0,draw
844,caste,6,skip,skip,skip,skip,skip,skip,skip,skip,skip,skip,skip,skip,skip,skip,skip,skip,skip,skip,skip,skip,0.0,draw
845,caste,1,A,A,A,A,A,A,A,A,A,A,A,A,A,A,B,C,D,D,D,E,1.0,draw
845,caste,2,B,B,B,B,B,B,B,B,B,B,B,B,B,C,D,E,E,E,E,D,1.0,draw
845,caste,3,C,C,C,C,C,C,C,C,C,C,C,C,C,E,E,D,C,C,C,C,1.0,draw
845,caste,4,D,D,D,D,D,D,D,D,D,D,D,D,D,D,C,B,B,B,B,B,1.0,draw
845,caste,5,E,E,E,E,E,E,E,E,E,E,E,E,E,B,A,A,A,A,A,A,1.0,draw
845,caste,6,skip,skip,skip,skip,skip,skip,skip,skip,skip,skip,skip,skip,skip,skip,skip,skip,skip,skip,skip,skip,0.0,draw
846,caste,1,A,A,A,A,A,A,A,A,A,A,A,A,A,A,B,C,D,D,D,E,1.0,draw
846,caste,2,B,B,B,B,B,B,B,B,B,B,B,B,B,C,D,E,E,E,E,D,1.0,draw
846,caste,3,C,C,C,C,C,C,C,C,C,C,C,C,C,E,E,D,C,C,C,C,1.0,draw
846,caste,4,D,D,D,D,D,D,D,D,D,D,D,D,D,D,C,B,B,B,B,B,1.0,draw
846,caste,5,E,E,E,E,E,E,E,E,E,E,E,E,E,B,A,A,A,A,A,A,1.0,draw
846,caste,6,skip,skip,skip,skip,skip,skip,skip,skip,skip,skip,skip,skip,skip,skip,skip,skip,skip,skip,skip,skip,0.0,draw
847,caste,1,A,A,A,A,A,A,A,A,A,A,A,A,A,A,B,C,D,D,D,E,1.0,draw
847,caste,2,B,B,B,B,B,B,B,B,B,B,B,B,B,C,D,E,E,E,E,D,1.0,draw
847,caste,3,C,C,C,C,C,C,C,C,C,C,C,C,C,E,E,D,C,C,C,C,1.0,draw
847,caste,4,D,D,D,D,D,D,D,D,D,D,D,D,D,D,C,B,B,B,B,B,1.0,draw
847,caste,5,E,E,E,E,E,E,E,E,E,E,E,E,E,B,A,A,A,A,A,A,1.0,draw
847,caste,6,skip,skip,skip,skip,skip,skip,skip,skip,skip,skip,skip,skip,skip,skip,skip,skip,skip,skip,skip,skip,0.0,draw
848,caste,1,A,A,A,A,A,A,A,A,A,A,A,A,A,A,B,C,D,D,D,E,1.0,draw
848,caste,2,B,B,B,B,B,B,B,B,B,B,B,B,B,C,D,E,E,E,E,D,1.0,draw
848,caste,3,C,C,C,C,C,C,C,C,C,C,C,C,C,E,E,D,C,C,C,C,1.0,draw
848,caste,4,D,D,D,D,D,D,D,D,D,D,D,D,D,D,C,B,B,B,B,B,1.0,draw
848,caste,5,E,E,E,E,E,E,E,E,E,E,E,E,E,B,A,A,A,A,A,A,1.0,draw
848,caste,6,skip,skip,skip,skip,skip,skip,skip,skip,skip,skip,skip,skip,skip,skip,skip,skip,skip,skip,skip,skip,0.0,draw
849,caste,1,A,A,A,A,A,A,A,A,A,A,A,A,A,A,B,C,D,D,D,E,1.0,draw
849,caste,2,B,B,B,B,B,B,B,B,B,B,B,B,B,C,D,E,E,E,E,D,1.0,draw
849,caste,3,C,C,C,C,C,C,C,C,C,C,C,C,C,E,E,D,C,C,C,C,1.0,draw
849,caste,4,D,D,D,D,D,D,D,D,D,D,D,D,D,D,C,B,B,B,B,B,1.0,draw
849,caste,5,E,E,E,E,E,E,E,E,E,E,E,E,E,B,A,A,A,A,A,A,1.0,draw
849,caste,6,skip,skip,skip,skip,skip,skip,skip,skip,skip,skip,skip,skip,skip,skip,skip,skip,skip,skip,skip,skip,0.0,draw
850,caste,1,A,A,A,A,A,A,A,A,A,A,A,A,A,A,B,C,D,D,D,E,1.0,draw
850,caste,2,B,B,B,B,B,B,B,B,B,B,B,B,B,C,D,E,E,E,E,D,1.0,draw
850,caste,3,C,C,C,C,C,C,C,C,C,C,C,C,C,E,E,D,C,C,C,C,1.0,draw
850,caste,4,D,D,D,D,D,D,D,D,D,D,D,D,D,D,C,B,B,B,B,B,1.0,draw
850,caste,5,E,E,E,E,E,E,E,E,E,E,E,E,E,B,A,A,A,A,A,A,1.0,draw
850,caste,6,skip,skip,skip,skip,skip,skip,skip,skip,skip,skip,skip,skip,skip,skip,skip,skip,skip,skip,skip,skip,0.0,draw
851,caste,1,A,A,A,A,A,A,A,A,A,A,A,A,A,A,B,C,D,D,D,E,1.0,draw
851,caste,2,B,B,B,B,B,B,B,B,B,B,B,B,B,C,D,E,E,E,E,D,1.0,draw
851,caste,3,C,C,C,C,C,C,C,C,C,C,C,C,C,E,E,D,C,C,C,C,1.0,draw
851,caste,4,D,D,D,D,D,D,D,D,D,D,D,D,D,D,C,B,B,B,B,B,1.0,draw
851,caste,5,E,E,E,E,E,E,E,E,E,E,E,E,E,B,A,A,A,A,A,A,1.0,draw
851,caste,6,skip,skip,skip,skip,skip,skip,skip,skip,skip,skip,skip,skip,skip,skip,skip,skip,skip,skip,skip,skip,0.0,draw
852,caste,1,A,A,A,A,A,A,A,A,A,A,A,A,A,A,B,C,D,D,D,E,1.0,draw
852,caste,2,B,B,B,B,B,B,B,B,B,B,B,B,B,C,D,E,E,E,E,D,1.0,draw
852,caste,3,C,C,C,C,C,C,C,C,C,C,C,C,C,E,E,D,C,C,C,C,1.0,draw
852,caste,4,D,D,D,D,D,D,D,D,D,D,D,D,D,D,C,B,B,B,B,B,1.0,draw
852,caste,5,E,E,E,E,E,E,E,E,E,E,E,E,E,B,A,A,A,A,A,A,1.0,draw
852,caste,6,skip,skip,skip,skip,skip,skip,skip,skip,skip,skip,skip,skip,skip,skip,skip,skip,skip,skip,skip,skip,0.0,draw
853,caste,1,A,A,A,A,A,A,A,A,A,A,A,A,A,A,B,C,D,D,D,E,1.0,draw
853,caste,2,B,B,B,B,B,B,B,B,B,B,B,B,B,C,D,E,E,E,E,D,1.0,draw
853,caste,3,C,C,C,C,C,C,C,C,C,C,C,C,C,E,E,D,C,C,C,C,1.0,draw
853,caste,4,D,D,D,D,D,D,D,D,D,D,D,D,D,D,C,B,B,B,B,B,1.0,draw
853,caste,5,E,E,E,E,E,E,E,E,E,E,E,E,E,B,A,A,A,A,A,A,1.0,draw
853,caste,6,skip,skip,skip,skip,skip,skip,skip,skip,skip,skip,skip,skip,skip,skip,skip,skip,skip,skip,skip,skip,0.0,draw
854,caste,1,A,A,A,A,A,A,A,A,A,A,A,A,A,A,B,C,D,D,D,E,1.0,draw
854,caste,2,B,B,B,B,B,B,B,B,B,B,B,B,B,C,D,E,E,E,E,D,1.0,draw
854,caste,3,C,C,C,C,C,C,C,C,C,C,C,C,C,E,E,D,C,C,C,C,1.0,draw
854,caste,4,D,D,D,D,D,D,D,D,D,D,D,D,D,D,C,B,B,B,B,B,1.0,draw
854,caste,5,E,E,E,E,E,E,E,E,E,E,E,E,E,B,A,A,A,A,A,A,1.0,draw
854,caste,6,skip,skip,skip,skip,skip,skip,skip,skip,skip,skip,skip,skip,skip,skip,skip,skip,skip,skip,skip,skip,0.0,draw
855,caste,1,A,A,A,A,A,A,A,A,A,A,A,A,A,A,B,C,D,D,D,E,1.0,draw
855,caste,2,B,B,B,B,B,B,B,B,B,B,B,B,B,C,D,E,E,E,E,D,1.0,draw
855,caste,3,C,C,C,C,C,C,C,C,C,C,C,C,C,E,E,D,C,C,C,C,1.0,draw
855,caste,4,D,D,D,D,D,D,D,D,D,D,D,D,D,D,C,B,B,B,B,B,1.0,draw
855,caste,5,E,E,E,E,E,E,E,E,E,E,E,E,E,B,A,A,A,A,A,A,1.0,draw
855,caste,6,skip,skip,skip,skip,skip,skip,skip,skip,skip,skip,skip,skip,skip,skip,skip,skip,skip,skip,skip,skip,0.0,draw
856,equalize,1,A,B,C,D,B,A,A,B,B,A,E,B,B,A,C,E,B,B,B,B,0.85,equalize
856,random,2,B,B,A,E,D,skip,A,C,B,D,A,A,skip,C,D,D,skip,D,A,C,0.15,equalize
856,random,3,D,E,A,E,D,D,E,skip,E,C,C,D,D,E,E,B,D,skip,A,skip,0.2,equalize
856,equalize,4,D,C,A,C,C,B,B,D,D,D,C,E,C,C,A,B,E,E,E,E,0.7,equalize
856,equalize,5,E,D,B,B,A,E,E,A,E,B,B,A,D,B,D,C,C,C,C,C,0.7,equalize
856,equalize,6,skip,A,E,E,D,C,C,C,C,C,A,D,E,E,B,A,A,A,A,D,0.55,equalize
857,equalize,1,A,C,C,A,A,B,C,C,C,B,B,C,C,D,D,D,D,B,B,B,0.6,equalize
857,equalize,2,B,D,D,E,B,C,A,A,B,C,E,B,B,C,E,A,B,D,D,D,0.65,equalize
857,random,3,B,C,C,E,E,E,E,A,D,skip,B,D,B,A,skip,C,skip,E,E,C,0.25,equalize
857,equalize,4,D,E,E,D,D,D,D,D,A,A,A,E,E,B,B,C,E,E,A,A,0.85,equalize
857,equalize,5,E,B,A,C,C,A,B,B,E,D,C,A,A,E,C,E,A,A,C,C,0.8,equalize
857,random,6,A,B,D,E,A,B,E,D,C,D,E,skip,A,C,skip,C,D,E,E,C,0.0,equalize
858,equalize,1,A,C,C,D,D,A,A,E,D,E,B,C,E,D,B,B,B,D,E,E,0.75,equalize
858,equalize,2,B,B,A,A,A,B,B,A,A,C,C,D,B,B,C,D,D,A,A,A,0.85,equalize
858,random,3,skip,E,D,skip,B,E,skip,E,A,B,B,D,C,D,C,C,A,E,D,B,0.05,equalize
858,random,4,A,A,B,E,E,skip,C,E,C,A,D,B,C,D,skip,C,A,C,skip,E,0.25,equalize
858,equalize,5,E,E,D,C,B,C,C,C,B,B,D,A,A,A,A,A,A,E,B,B,0.55,equalize
858,equalize,6,skip,D,B,E,C,D,D,D,C,D,E,E,C,E,E,E,E,B,D,C,0.7,equalize
859,equalize,1,A,C,C,A,D,C,E,E,E,E,C,D,D,E,D,B,B,B,B,A,0.85,equalize
859,random,2,B,skip,E,skip,D,skip,skip,A,B,D,E,skip,D,E,A,D,D,skip,C,skip,0.05,equalize
859,equalize,3,C,D,D,C,A,A,B,B,B,D,A,C,C,C,C,E,E,E,C,B,0.65,equalize
859,equalize,4,D,B,B,B,C,D,C,C,C,C,D,E,E,B,B,A,A,A,A,D,0.95,equalize
859,random,5,B,A,D,C,B,E,D,skip,skip,B,A,A,B,skip,C,D,skip,skip,D,D,0.25,equalize
859,equalize,6,skip,A,E,E,E,E,A,A,D,A,E,B,B,A,A,D,C,C,E,E,0.55,equalize
860,equalize,1,A,C,A,A,A,B,B,E,E,A,B,B,E,C,C,B,E,B,A,A,0.65,equalize
860,equalize,2,B,D,D,B,B,C,E,B,B,D,A,D,C,B,B,D,D,E,B,B,0.7,equalize
860,random,3,A,C,D,E,C,C,skip,D,E,skip,E,D,A,E,D,A,B,E,skip,C,0.05,equalize
860,equalize,4,D,E,E,D,D,D,D,D,A,E,D,A,A,E,D,A,C,D,D,D,0.7,equalize
860,random,5,E,B,skip,skip,E,C,B,A,B,E,A,D,E,E,A,C,E,B,E,E,0.2,equalize
860,equalize,6,skip,B,C,E,C,A,A,A,C,C,C,C,B,D,A,C,B,C,C,C,0.55,equalize
861,equalize,1,A,A,C,D,A,A,C,B,D,E,B,B,B,D,D,D,A,A,A,B,0.9,equalize
861,equalize,2,B,E,A,C,C,C,E,E,B,A,A,A,A,E,E,A,E,E,B,E,0.5,equalize
861,equalize,3,C,C,D,E,D,E,A,C,E,B,E,E,E,A,A,B,D,B,D,D,0.75,equalize
861,equalize,4,D,D,B,A,B,B,B,A,C,D,D,D,C,B,B,E,C,C,C,A,0.75,equalize
861,random,5,B,E,skip,B,D,D,D,C,C,C,B,skip,A,skip,skip,skip,D,E,B,A,0.15,equalize
861,random,6,B,E,A,E,D,C,A,E,D,C,C,D,C,C,E,A,B,skip,C,skip,0.15,equalize
862,random,1,A,D,skip,skip,A,D,C,E,D,E,C,skip,A,A,D,E,D,skip,D,B,0.25,equalize
862,random,2,A,E,C,E,C,C,A,B,E,E,D,A,C,E,B,D,skip,skip,C,D,0.1,equalize
862,equalize,3,C,D,B,E,B,A,A,B,B,B,B,C,C,B,C,A,A,A,A,D,0.7,equalize
862,equalize,4,D,E,C,B,C,B,B,D,C,A,D,A,B,E,B,B,B,B,B,B,0.6,equalize
862,equalize,5,E,A,D,A,D,E,E,A,A,E,A,D,D,A,E,E,D,E,E,E,0.8,equalize
862,equalize,6,skip,C,A,D,E,C,D,E,D,C,C,B,E,D,D,C,C,C,C,A,0.65,equalize
863,random,1,A,D,D,B,C,C,B,D,D,B,D,D,A,A,E,A,E,B,skip,C,0.25,equalize
863,equalize,2,B,C,D,B,E,A,B,D,E,E,E,E,E,E,E,D,C,C,D,D,0.6,equalize
863,random,3,C,skip,A,D,B,D,A,D,E,skip,skip,D,E,B,C,B,B,D,A,D,0.15,equalize
863,equalize,4,D,E,A,E,A,B,C,A,A,C,D,C,A,C,B,B,A,A,B,B,0.8,equalize
863,equalize,5,E,skip,B,C,C,D,E,C,C,A,A,A,C,A,D,A,E,E,E,E,0.7,equalize
863,equalize,6,skip,A,C,D,B,E,A,E,B,B,C,B,B,B,C,E,D,D,C,C,0.55,equalize
864,random,1,A,E,C,A,E,B,D,E,B,A,A,D,C,skip,E,C,E,D,skip,skip,0.15,equalize
864,equalize,2,B,D,B,A,B,B,B,B,B,B,D,D,C,A,A,A,D,A,B,A,0.55,equalize
864,equalize,3,C,A,A,C,E,A,A,C,A,E,A,E,E,C,E,D,B,B,E,D,0.7,equalize
864,equalize,4,D,E,E,B,C,C,E,A,D,A,B,C,A,E,B,C,A,C,A,E,0.55,equalize
864,equalize,5,E,C,D,D,D,D,C,E,C,C,E,B,D,D,D,B,E,D,C,C,0.75,equalize
864,random,6,C,D,E,A,skip,D,E,C,D,B,B,B,skip,C,B,E,D,C,B,B,0.1,equalize
865,equalize,1,A,C,D,A,D,C,E,D,C,D,D,B,B,C,B,B,E,D,D,B,0.85,equalize
865,random,2,E,C,E,skip,E,A,D,skip,skip,C,B,C,A,C,E,C,A,B,D,skip,0.0,equalize
865,equalize,3,C,D,C,C,E,B,D,B,B,E,E,A,A,A,D,A,B,C,C,C,0.8,equalize
865,random,4,D,A,E,C,skip,skip,A,skip,A,C,B,C,D,skip,skip,C,D,B,skip,E,0.1,equalize
865,equalize,5,E,B,E,B,B,D,C,E,D,C,A,D,D,B,A,E,A,E,E,E,0.7,equalize
865,equalize,6,skip,A,B,D,A,A,B,C,A,B,B,E,E,E,E,D,D,B,A,A,0.6,equalize
866,equalize,1,A,A,C,D,D,E,E,E,E,B,B,A,E,E,E,E,E,E,E,D,0.6,equalize
866,equalize,2,B,D,E,E,A,A,D,A,B,D,A,D,D,C,A,C,A,C,D,B,0.7,equalize
866,equalize,3,C,C,B,A,C,B,A,D,A,E,E,B,B,D,D,D,D,D,B,C,0.65,equalize
866,random,4,skip,B,C,C,D,A,E,skip,E,skip,E,A,A,C,B,B,C,C,A,C,0.1,equalize
866,random,5,B,B,B,D,skip,B,D,D,A,C,B,skip,B,B,skip,A,A,skip,E,C,0.05,equalize
866,equalize,6,skip,E,A,C,E,D,C,C,C,C,D,C,C,A,B,A,C,B,A,E,0.65,equalize
867,equalize,1,A,A,C,B,A,B,D,D,E,B,A,D,E,D,E,E,A,A,A,E,0.55,equalize
867,equalize,2,B,B,D,C,C,E,A,A,A,C,B,B,D,C,D,C,C,D,B,C,0.8,equalize
867,equalize,3,C,D,B,A,B,C,B,B,D,A,E,E,B,E,A,A,E,E,E,A,0.65,equalize
867,random,4,skip,A,skip,E,A,C,E,B,E,skip,C,D,skip,D,B,E,C,skip,B,E,0.1,equalize
867,equalize,5,E,E,E,E,D,A,C,C,C,D,C,A,A,B,C,D,B,B,D,D,0.7,equalize
867,random,6,C,D,D,D,skip,E,skip,B,D,skip,A,C,B,B,C,D,C,B,A,A,0.1,equalize
868,random,1,skip,skip,B,skip,A,skip,A,skip,B,A,B,B,C,D,skip,B,A,B,A,D,0.25,equalize
868,equalize,2,B,B,B,D,D,B,E,E,E,C,D,A,E,C,B,E,B,A,E,A,0.85,equalize
868,equalize,3,C,C,C,C,B,C,B,B,B,D,E,D,D,D,D,D,D,C,A,D,0.7,equalize
868,random,4,D,skip,D,skip,skip,C,A,A,skip,C,E,C,B,D,E,C,B,E,skip,E,0.2,equalize
868,equalize,5,E,E,E,E,C,A,A,C,C,B,C,C,B,E,E,A,A,D,D,C,0.75,equalize
868,equalize,6,skip,A,A,A,A,E,D,D,D,E,B,E,A,A,A,C,E,E,C,B,0.75,equalize
869,equalize,1,A,B,E,B,B,B,B,B,B,D,D,D,E,D,C,D,B,C,A,A,0.5,equalize
869,random,2,D,A,A,D,B,D,C,B,B,skip,E,C,skip,B,skip,skip,B,C,D,E,0.25,equalize
869,equalize,3,C,E,D,E,E,A,A,E,A,A,C,B,B,A,B,E,E,A,E,E,0.8,equalize
869,equalize,4,D,C,B,A,A,D,D,A,D,E,E,C,D,B,D,C,C,D,C,C,0.55,equalize
869,equalize,5,E,D,C,C,C,C,E,D,C,C,B,A,A,E,A,A,A,B,B,B,0.85,equalize
869,random,6,A,C,E,skip,E,C,E,A,B,A,skip,C,E,E,D,D,E,D,skip,A,0.0,equalize
870,random,1,C,A,E,A,B,C,A,B,B,A,skip,D,D,A,E,D,E,B,skip,skip,0.2,equalize
870,equalize,2,B,D,B,A,B,D,D,E,B,E,D,E,D,C,A,A,D,E,E,A,0.75,equalize
870,equalize,3,C,A,A,C,C,E,E,D,D,C,C,C,C,E,E,C,C,C,C,B,0.5,equalize
870,equalize,4,D,E,C,B,E,B,A,C,C,D,B,A,B,A,C,B,E,A,A,C,0.65,equalize
870,random,5,E,E,A,A,C,B,E,A,D,B,skip,A,C,D,D,B,B,C,E,B,0.25,equalize
870,equalize,6,skip,B,D,D,D,C,B,A,E,A,E,D,E,B,B,E,A,D,D,D,0.75,equalize
871,equalize,1,A,B,A,C,D,skip,A,C,D,B,B,E,B,E,D,E,C,D,C,E,0.65,equalize
871,rotate,2,B,C,D,E,skip,A,B,C,D,E,skip,A,B,C,D,E,skip,A,B,C,0.5,equalize
871,rotate,3,C,D,E,skip,A,B,C,D,E,skip,A,B,C,D,E,skip,A,B,C,D,0.2,equalize
871,equalize,4,D,E,skip,A,C,D,E,E,C,D,C,C,C,B,B,B,B,B,A,A,0.85,equalize
871,equalize,5,E,skip,B,B,B,B,C,D,A,A,A,B,E,D,E,C,D,C,D,D,0.55,equalize
871,equalize,6,skip,A,C,D,E,E,B,A,E,C,D,D,A,A,A,A,A,E,E,C,0.75,equalize
872,equalize,1,A,B,A,D,B,E,A,C,C,D,D,E,B,B,C,A,A,E,D,D,0.7,equalize
872,equalize,2,B,C,D,E,E,A,B,A,D,E,E,A,A,C,A,E,E,D,B,B,0.95,equalize
872,rotate,3,C,D,E,skip,A,B,C,D,E,skip,A,B,C,D,E,skip,A,B,C,D,0.15,equalize
872,equalize,4,D,E,skip,A,A,B,D,D,E,A,A,C,D,D,E,C,B,C,A,E,0.55,equalize
872,equalize,5,E,skip,B,C,D,C,C,E,B,C,B,B,C,E,B,D,D,B,C,A,0.3,equalize
872,rotate,6,skip,A,B,C,D,E,skip,A,B,C,D,E,skip,A,B,C,D,E,skip,A,0.1,equalize
873,equalize,1,A,B,A,C,D,B,A,E,D,D,D,D,A,D,B,D,D,A,C,D,0.75,equalize
873,equalize,2,B,C,D,E,skip,A,C,D,C,A,C,C,E,E,A,A,C,C,E,E,0.55,equalize
873,rotate,3,C,D,E,skip,A,B,C,D,E,skip,A,B,C,D,E,skip,A,B,C,D,0.35,equalize
873,rotate,4,D,E,skip,A,B,C,D,E,skip,A,B,C,D,E,skip,A,B,C,D,E,0.2,equalize
873,equalize,5,E,skip,B,B,B,C,D,A,A,C,E,E,D,A,C,C,E,D,A,A,0.75,equalize
873,equalize,6,skip,A,C,D,E,E,E,B,B,B,A,B,C,B,E,B,B,E,D,B,0.65,equalize
874,equalize,1,A,B,A,B,B,B,B,D,D,C,C,D,E,A,B,B,C,E,C,C,0.5,equalize
874,rotate,2,B,C,D,E,skip,A,B,C,D,E,skip,A,B,C,D,E,skip,A,B,C,0.25,equalize
874,equalize,3,C,D,E,A,A,C,A,A,A,D,E,C,D,D,D,A,A,A,A,B,0.85,equalize
874,equalize,4,D,E,skip,D,D,D,C,C,E,E,D,B,B,C,A,C,B,B,E,D,0.6,equalize
874,rotate,5,E,skip,A,B,C,D,E,skip,A,B,C,D,E,skip,A,B,C,D,E,skip,0.1,equalize
874,equalize,6,skip,A,C,C,E,E,E,B,B,B,A,A,C,E,E,E,D,D,B,E,0.65,equalize
875,equalize,1,A,B,A,B,B,B,A,A,C,D,A,E,C,D,C,D,A,B,E,A,0.55,equalize
875,equalize,2,B,C,D,E,E,C,B,E,E,A,E,C,D,E,E,A,E,C,B,E,0.9,equalize
875,rotate,3,C,D,E,skip,A,B,C,D,E,skip,A,B,C,D,E,skip,A,B,C,D,0.15,equalize
875,equalize,4,D,E,skip,D,A,E,E,D,A,C,C,D,A,A,A,C,C,D,A,D,0.45,equalize
875,rotate,5,E,skip,A,B,C,D,E,skip,A,B,C,D,E,skip,A,B,C,D,E,skip,0.1,equalize
875,equalize,6,skip,A,C,C,D,D,C,B,B,B,D,B,E,B,B,B,D,E,C,B,0.6,equalize
876,equalize,1,A,B,A,C,D,A,A,A,C,C,E,E,A,A,C,C,D,E,A,A,0.45,equalize
876,equalize,2,B,C,D,D,A,E,B,D,D,B,C,D,C,B,B,D,A,B,B,B,0.75,equalize
876,equalize,3,C,D,E,E,E,D,E,C,A,D,D,A,E,C,E,E,C,A,E,C,0.65,equalize
876,equalize,4,D,E,skip,B,C,B,C,B,B,E,A,B,B,D,A,B,E,D,C,D,0.65,equalize
876,rotate,5,E,skip,A,B,C,D,E,skip,A,B,C,D,E,skip,A,B,C,D,E,skip,0.05,equalize
876,rotate,6,skip,A,B,C,D,E,skip,A,B,C,D,E,skip,A,B,C,D,E,skip,A,0.1,equalize
877,rotate,1,A,B,C,D,E,skip,A,B,C,D,E,skip,A,B,C,D,E,skip,A,B,0.25,equalize
877,rotate,2,B,C,D,E,skip,A,B,C,D,E,skip,A,B,C,D,E,skip,A,B,C,0.25,equalize
877,equalize,3,C,D,E,C,D,D,A,A,C,A,E,A,B,D,D,A,A,A,C,C,0.6,equalize
877,equalize,4,D,E,skip,B,E,A,E,D,D,B,B,B,D,B,A,E,C,C,A,D,0.65,equalize
877,equalize,5,E,skip,B,D,A,C,C,C,E,E,C,D,E,E,B,B,E,B,E,E,0.75,equalize
877,equalize,6,skip,A,C,A,B,B,B,E,A,D,A,C,C,C,E,D,B,D,D,B,0.65,equalize
878,rotate,1,A,B,C,D,E,skip,A,B,C,D,E,skip,A,B,C,D,E,skip,A,B,0.2,equalize
878,equalize,2,B,C,D,E,E,C,D,C,D,B,C,E,E,A,D,E,E,A,B,B,0.85,equalize
878,rotate,3,C,D,E,skip,A,B,C,D,E,skip,A,B,C,D,E,skip,A,B,C,D,0.15,equalize
878,equalize,4,D,E,skip,B,B,A,A,B,B,D,A,C,D,B,A,D,A,C,E,D,0.55,equalize
878,equalize,5,E,skip,B,D,A,D,E,D,E,A,E,D,A,E,E,B,C,B,C,E,0.5,equalize
878,equalize,6,skip,A,C,A,C,B,C,E,A,C,B,B,C,D,C,A,B,D,D,A,0.6,equalize
879,rotate,1,A,B,C,D,E,skip,A,B,C,D,E,skip,A,B,C,D,E,skip,A,B,0.15,equalize
879,equalize,2,B,C,D,D,E,A,A,A,C,E,E,B,B,B,B,E,E,A,A,C,0.5,equalize
879,equalize,3,C,D,E,E,D,E,C,C,A,A,C,C,C,C,C,D,B,C,B,E,0.8,equalize
879,equalize,4,D,E,skip,C,A,C,B,B,E,C,B,E,A,E,E,A,A,E,C,A,0.6,equalize
879,equalize,5,E,skip,B,A,B,B,D,D,D,D,A,A,D,D,D,B,D,B,D,B,0.75,equalize
879,rotate,6,skip,A,B,C,D,E,skip,A,B,C,D,E,skip,A,B,C,D,E,skip,A,0.25,equalize
880,equalize,1,A,B,A,C,D,B,B,D,C,D,A,B,C,D,D,E,A,B,A,D,0.85,equalize
880,rotate,2,B,C,D,E,skip,A,B,C,D,E,skip,A,B,C,D,E,skip,A,B,C,0.3,equalize
880,equalize,3,C,D,E,skip,A,D,C,C,A,E,D,D,D,C,A,B,B,E,D,E,0.6,equalize
880,rotate,4,D,E,skip,A,B,C,D,E,skip,A,B,C,D,E,skip,A,B,C,D,E,0.25,equalize
880,equalize,5,E,skip,B,B,B,C,A,A,D,A,B,E,E,E,B,C,C,C,E,C,0.55,equalize
880,equalize,6,skip,A,C,D,E,E,E,E,B,C,C,A,B,A,E,A,D,D,B,A,0.7,equalize
881,equalize,1,A,B,A,B,D,D,D,C,C,C,C,E,E,B,B,E,D,A,D,E,0.6,equalize
881,equalize,2,B,C,D,E,C,B,B,D,D,A,B,C,D,E,A,B,E,E,E,A,0.55,equalize
881,equalize,3,C,D,E,A,B,E,E,B,A,D,E,D,A,A,D,D,B,D,A,C,0.65,equalize
881,rotate,4,D,E,skip,A,B,C,D,E,skip,A,B,C,D,E,skip,A,B,C,D,E,0.25,equalize
881,rotate,5,E,skip,A,B,C,D,E,skip,A,B,C,D,E,skip,A,B,C,D,E,skip,0.05,equalize
881,equalize,6,skip,A,C,C,E,A,A,E,B,B,D,A,C,C,C,C,C,B,B,B,0.8,equalize
882,equalize,1,A,B,A,D,E,C,D,B,A,C,D,C,B,B,D,A,B,E,B,E,0.55,equalize
882,equalize,2,B,C,D,E,C,D,E,E,C,E,A,B,C,C,E,E,A,A,C,D,0.95,equalize
882,equalize,3,C,D,E,B,B,E,C,C,D,D,E,A,A,A,C,C,E,B,A,A,0.75,equalize
882,rotate,4,D,E,skip,A,B,C,D,E,skip,A,B,C,D,E,skip,A,B,C,D,E,0.15,equalize
882,equalize,5,E,skip,B,C,D,A,A,A,B,A,B,E,D,E,B,D,D,C,D,B,0.25,equalize
882,rotate,6,skip,A,B,C,D,E,skip,A,B,C,D,E,skip,A,B,C,D,E,skip,A,0.05,equalize
883,rotate,1,A,B,C,D,E,skip,A,B,C,D,E,skip,A,B,C,D,E,skip,A,B,0.1,equalize
883,equalize,2,B,C,D,E,A,A,B,A,B,B,D,E,E,A,B,B,D,E,E,A,1.0,equalize
883,equalize,3,C,D,E,C,C,C,D,C,A,A,C,D,D,E,A,A,B,D,D,E,0.55,equalize
883,rotate,4,D,E,skip,A,B,C,D,E,skip,A,B,C,D,E,skip,A,B,C,D,E,0.1,equalize
883,equalize,5,E,skip,B,D,E,B,A,B,D,E,B,A,B,B,C,E,E,A,A,B,0.45,equalize
883,equalize,6,skip,A,C,A,B,D,E,E,C,D,E,C,A,C,D,D,C,C,B,C,0.4,equalize
884,equalize,1,A,B,A,D,E,A,A,D,B,C,B,B,D,E,C,D,E,E,A,D,0.8,equalize
884,rotate,2,B,C,D,E,skip,A,B,C,D,E,skip,A,B,C,D,E,skip,A,B,C,0.2,equalize
884,equalize,3,C,D,E,B,B,B,B,A,E,A,D,A,B,D,E,E,B,C,B,A,0.6,equalize
884,equalize,4,D,E,skip,A,A,E,D,E,C,D,E,E,A,B,B,C,D,B,D,E,0.7,equalize
884,equalize,5,E,skip,B,C,D,C,C,C,D,E,A,C,C,C,D,A,A,A,C,C,0.45,equalize
884,rotate,6,skip,A,B,C,D,E,skip,A,B,C,D,E,skip,A,B,C,D,E,skip,A,0.1,equalize
885,rotate,1,A,B,C,D,E,skip,A,B,C,D,E,skip,A,B,C,D,E,skip,A,B,0.1,equalize
885,equalize,2,B,C,D,A,B,E,E,B,E,B,E,A,A,C,C,B,A,A,B,B,0.6,equalize
885,equalize,3,C,D,E,E,E,A,C,A,B,A,D,C,C,A,A,C,B,E,C,A,0.9,equalize
885,equalize,4,D,E,skip,D,A,B,A,C,D,E,A,D,B,D,D,D,C,B,E,C,0.65,equalize
885,rotate,5,E,skip,A,B,C,D,E,skip,A,B,C,D,E,skip,A,B,C,D,E,skip,0.15,equalize
885,equalize,6,skip,A,C,B,C,D,B,D,C,D,C,B,E,B,E,E,E,D,A,D,0.35,equalize
886,equalize,1,A,C,B,A,B,A,A,A,A,E,E,E,E,E,E,E,E,E,E,E,0.65,equalize
886,random3,2,C,C,C,C,B,B,C,A,A,A,E,E,C,C,C,C,C,C,C,D,0.25,equalize
886,random3,3,E,B,B,D,B,B,B,B,B,B,B,B,B,B,B,A,A,A,A,A,0.4,equalize
886,equalize,4,D,D,E,C,D,D,D,C,B,A,D,D,D,A,A,C,B,A,D,B,0.75,equalize
886,equalize,5,E,B,A,E,A,E,E,D,C,C,A,A,A,C,B,D,A,D,B,A,0.7,equalize
886,equalize,6,skip,A,D,D,E,C,C,E,D,D,C,C,C,D,D,A,D,B,C,D,0.65,equalize
887,equalize,1,A,C,C,D,D,D,D,D,D,D,C,D,D,D,D,E,B,B,E,A,0.75,equalize
887,equalize,2,B,D,D,E,C,C,C,C,E,B,B,B,A,C,E,B,A,A,A,C,0.75,equalize
887,random3,3,B,C,C,E,E,E,E,B,B,C,C,C,C,C,C,C,C,C,C,C,0.3,equalize
887,equalize,4,D,E,E,C,E,B,B,A,B,C,D,E,E,E,B,C,E,E,B,E,0.65,equalize
887,equalize,5,E,B,B,B,B,A,E,B,C,E,E,C,B,B,A,D,D,D,D,B,0.65,equalize
887,random3,6,A,A,A,A,A,A,A,A,A,A,A,A,A,A,A,D,D,E,E,E,0.5,equalize
888,equalize,1,A,C,D,D,D,D,C,B,C,B,D,C,C,C,D,B,C,C,C,E,0.8,equalize
888,equalize,2,B,A,C,B,A,C,B,E,E,E,E,E,E,E,E,E,D,E,D,B,0.75,equalize
888,random3,3,A,A,A,A,A,A,A,A,A,A,A,A,A,A,A,A,A,A,B,B,0.7,equalize
888,random3,4,E,C,E,E,A,E,E,C,C,B,B,D,D,D,C,D,D,D,D,D,0.1,equalize
888,equalize,5,E,D,B,E,C,B,E,D,B,C,C,B,B,B,B,C,E,A,E,A,0.8,equalize
888,equalize,6,skip,B,E,C,B,E,D,C,D,D,B,D,D,D,C,D,B,B,B,C,0.45,equalize
889,equalize,1,A,D,A,B,C,D,C,D,C,C,D,D,D,A,B,E,A,C,D,A,0.7,equalize
889,random3,2,C,B,B,B,C,B,D,D,E,B,B,B,B,E,E,E,E,E,E,E,0.25,equalize
889,equalize,3,C,B,B,A,A,A,A,C,B,B,A,A,A,C,D,A,C,B,A,C,0.7,equalize
889,equalize,4,D,E,C,C,D,C,B,B,D,D,B,E,B,D,A,C,B,E,C,B,0.7,equalize
889,random3,5,E,E,E,E,E,E,E,E,E,E,E,E,D,D,D,D,D,B,D,D,0.45,equalize
889,equalize,6,skip,A,D,D,E,B,D,A,A,A,C,C,C,E,C,B,D,A,B,D,0.65,equalize
890,equalize,1,A,C,E,D,E,A,C,A,D,C,A,D,B,E,D,E,D,A,A,A,0.75,equalize
890,equalize,2,B,E,D,A,A,B,A,E,C,E,D,C,D,A,A,D,A,E,E,D,0.6,equalize
890,random3,3,C,C,C,E,C,C,C,D,C,C,C,C,C,C,A,A,A,E,E,E,0.2,equalize
890,equalize,4,D,B,A,C,C,E,E,B,E,D,B,A,E,D,E,A,E,D,D,E,0.65,equalize
890,random3,5,B,B,B,B,B,B,B,B,B,B,B,A,B,C,D,C,C,C,C,C,0.55,equalize
890,equalize,6,skip,A,C,E,D,D,D,D,A,A,E,E,A,B,B,B,B,B,B,B,0.8,equalize
891,equalize,1,A,E,E,E,C,B,D,E,C,B,E,B,E,C,E,C,E,B,B,B,0.7,equalize
891,equalize,2,B,C,D,C,B,A,E,C,B,A,C,A,C,B,B,B,B,C,C,C,0.75,equalize
891,equalize,3,C,A,C,B,D,E,C,B,D,E,B,E,B,D,D,D,D,D,D,D,0.75,equalize
891,equalize,4,D,B,B,A,E,C,B,A,E,C,D,C,D,E,C,E,C,E,E,E,0.6,equalize
891,random3,5,A,A,A,A,A,A,A,A,A,A,D,A,A,A,A,A,A,A,A,A,0.6,equalize
891,random3,6,D,D,D,D,D,D,D,D,D,B,B,B,D,C,C,C,C,C,E,D,0.2,equalize
892,random3,1,E,E,E,E,E,E,E,E,B,B,A,A,A,A,C,C,C,C,C,A,0.25,equalize
892,random3,2,B,B,B,C,C,C,C,C,C,C,C,C,C,C,C,C,C,B,D,D,0.4,equalize
892,equalize,3,C,D,B,C,A,D,D,B,C,D,E,E,E,E,B,B,B,B,B,A,0.75,equalize
892,equalize,4,D,E,A,D,B,C,B,E,A,B,A,A,D,D,D,D,D,D,E,D,0.65,equalize
892,equalize,5,E,A,D,E,C,A,A,A,D,E,B,B,B,B,A,A,A,A,C,B,0.8,equalize
892,equalize,6,skip,B,C,A,D,B,C,D,B,A,D,D,A,A,E,E,E,E,A,E,0.7,equalize
893,random3,1,A,A,A,A,A,C,A,E,E,C,C,C,C,C,B,C,C,C,C,B,0.3,equalize
893,equalize,2,B,C,D,B,E,C,E,D,E,D,D,D,D,D,B,B,B,B,E,B,0.65,equalize
893,random3,3,C,C,C,C,D,C,C,C,C,C,C,C,D,D,D,D,D,D,D,D,0.3,equalize
893,equalize,4,D,E,A,E,A,E,D,A,A,A,A,A,A,C,E,A,D,A,D,A,0.75,equalize
893,equalize,5,E,skip,E,C,B,D,A,B,D,E,E,E,E,A,A,D,A,D,A,C,0.75,equalize
893,equalize,6,skip,A,B,D,D,B,B,E,B,B,B,B,B,E,D,E,E,E,C,E,0.7,equalize
894,random3,1,C,C,C,C,C,C,C,C,C,E,C,E,E,D,C,C,C,C,C,C,0.3,equalize
894,equalize,2,B,A,D,D,D,D,D,E,A,B,A,E,D,A,D,D,E,B,B,B,0.8,equalize
894,equalize,3,C,D,A,E,E,B,E,A,C,D,E,C,C,C,C,E,C,D,D,D,0.75,equalize
894,equalize,4,D,E,E,B,C,E,A,B,D,E,D,D,A,E,E,B,D,E,E,E,0.7,equalize
894,equalize,5,E,C,B,A,A,A,C,D,E,A,C,A,E,D,A,A,A,A,A,A,0.7,equalize
894,random3,6,B,A,B,B,B,B,B,B,B,B,B,B,B,B,B,B,C,C,C,E,0.4,equalize
895,equalize,1,A,D,A,E,C,A,E,A,A,A,E,A,A,A,A,A,A,C,E,B,0.75,equalize
895,random3,2,D,D,D,D,C,D,E,B,C,E,E,B,B,D,D,D,D,D,D,B,0.15,equalize
895,equalize,3,C,C,E,D,B,E,C,C,C,E,A,C,C,C,C,C,C,E,D,A,0.75,equalize
895,random3,4,E,B,B,B,B,B,B,B,B,B,B,B,B,B,B,B,B,B,B,B,0.55,equalize
895,equalize,5,E,B,C,A,A,D,A,E,E,C,C,D,D,D,E,E,E,D,A,C,0.75,equalize
895,equalize,6,skip,A,B,C,E,C,D,D,D,D,D,E,E,E,D,D,B,A,C,E,0.75,equalize
896,equalize,1,A,D,D,E,B,C,E,E,B,E,D,B,E,E,E,D,A,B,E,D,0.7,equalize
896,equalize,2,B,A,E,B,C,E,D,D,A,A,A,A,C,B,D,A,C,E,D,E,0.7,equalize
896,equalize,3,C,E,B,A,E,D,B,B,E,D,B,E,D,D,A,B,E,D,A,A,0.75,equalize
896,random3,4,A,A,A,A,C,C,A,B,B,B,B,B,B,B,B,B,C,C,C,C,0.3,equalize
896,random3,5,C,C,C,A,A,A,A,C,C,C,C,C,C,C,C,C,C,B,E,E,0.45,equalize
896,equalize,6,skip,B,C,D,D,B,C,C,D,B,E,D,A,A,C,E,D,A,B,B,0.75,equalize
897,equalize,1,A,B,C,A,B,B,B,B,E,B,B,E,E,E,B,E,E,E,E,A,0.7,equalize
897,equalize,2,B,E,D,B,A,E,E,E,A,E,E,B,B,B,A,A,A,A,C,D,0.85,equalize
897,equalize,3,C,A,B,E,E,A,A,A,C,C,C,C,C,C,D,B,C,C,B,C,0.85,equalize
897,random3,4,C,C,C,A,A,D,D,D,D,B,B,D,D,D,B,E,D,D,D,D,0.15,equalize
897,equalize,5,E,D,E,C,C,C,C,C,D,A,A,A,A,A,C,C,B,B,A,B,0.85,equalize
897,random3,6,D,D,D,D,D,D,D,D,D,D,D,D,D,D,B,B,D,B,B,D,0.25,equalize
898,random3,1,E,D,D,E,D,B,C,C,C,C,C,C,C,C,C,C,B,C,C,C,0.15,equalize
898,equalize,2,B,B,C,D,D,C,B,B,C,D,D,C,A,B,D,C,A,B,E,E,0.8,equalize
898,equalize,3,C,C,D,C,C,B,A,C,A,A,A,A,B,D,E,A,B,A,A,A,0.75,equalize
898,random3,4,E,E,E,E,E,E,E,E,E,E,E,E,E,E,E,E,E,C,C,C,0.55,equalize
898,equalize,5,E,A,B,B,B,D,D,D,D,C,E,B,D,C,A,B,D,C,B,B,0.75,equalize
898,equalize,6,skip,D,A,A,A,A,C,A,B,B,B,D,E,A,B,D,E,D,D,D,0.75,equalize
899,equalize,1,A,B,B,D,E,E,E,E,E,E,E,E,E,E,E,C,B,B,C,B,0.65,equalize
899,random3,2,C,B,B,D,D,D,D,D,D,D,D,D,D,D,D,D,D,D,D,D,0.45,equalize
899,equalize,3,C,D,D,E,B,B,B,C,D,B,C,A,B,C,A,D,E,E,E,C,0.7,equalize
899,equalize,4,D,E,E,B,D,C,C,A,B,C,D,B,C,A,B,E,C,C,A,E,0.7,equalize
899,equalize,5,E,C,C,C,C,A,D,B,C,A,B,C,D,B,C,A,A,A,D,A,0.75,equalize
899,random3,6,A,A,A,A,A,A,A,A,A,A,A,A,E,A,E,E,B,E,E,E,0.35,equalize
900,random3,1,C,C,C,C,C,C,C,C,C,C,C,C,C,C,C,C,C,C,C,C,0.75,equalize
900,equalize,2,B,B,D,A,A,E,E,E,E,E,E,E,E,B,B,B,B,E,B,D,0.8,equalize
900,equalize,3,C,A,E,E,E,A,B,A,D,A,A,B,B,A,A,A,A,A,A,B,0.7,equalize
900,equalize,4,D,D,C,B,B,B,D,D,A,B,B,A,A,E,E,E,E,B,E,E,0.6,equalize
900,random3,5,C,C,D,A,A,D,C,D,D,E,B,A,A,A,A,E,E,B,A,B,0.0,equalize
900,equalize,6,skip,E,B,D,D,D,A,B,B,D,D,D,D,D,D,D,D,D,D,C,0.85,equalize
901,equalize,1,A,B,A,C,D,skip,A,C,D,B,E,skip,D,C,B,E,A,skip,D,B,0.85,equalize
901,radicaleq,2,B,C,D,E,skip,A,C,D,B,E,skip,D,C,B,E,A,skip,D,B,C,0.85,equalize
901,radicaleq,3,C,D,E,skip,A,C,D,B,E,skip,D,C,B,E,A,skip,D,B,C,E,0.85,equalize
901,equalize,4,D,E,skip,A,C,D,B,E,skip,D,C,B,E,A,skip,D,B,C,E,A,0.85,equalize
901,equalize,5,E,skip,B,B,B,B,E,skip,C,C,B,E,A,skip,D,B,C,E,A,skip,0.8,equalize
901,equalize,6,skip,A,C,D,E,E,skip,A,A,A,A,A,skip,D,C,C,E,A,skip,D,0.8,equalize
902,equalize,1,A,B,A,C,D,skip,A,C,D,B,E,skip,D,C,B,E,A,skip,D,B,0.85,equalize
902,equalize,2,B,C,D,E,skip,A,C,D,B,E,skip,D,C,B,E,A,skip,D,B,C,0.85,equalize
902,radicaleq,3,C,D,E,skip,A,C,D,B,E,skip,D,C,B,E,A,skip,D,B,C,E,0.85,equalize
902,equalize,4,D,E,skip,A,C,D,B,E,skip,D,C,B,E,A,skip,D,B,C,E,A,0.85,equalize
902,equalize,5,E,skip,B,B,B,B,E,skip,C,C,B,E,A,skip,D,B,C,E,A,skip,0.8,equalize
902,radicaleq,6,skip,A,C,D,E,E,skip,A,A,A,A,A,skip,D,C,C,E,A,skip,D,0.8,equalize
903,equalize,1,A,B,A,C,D,skip,A,C,D,B,E,skip,D,C,B,E,A,skip,D,B,0.85,equalize
903,equalize,2,B,C,D,E,skip,A,C,D,B,E,skip,D,C,B,E,A,skip,D,B,C,0.85,equalize
903,radicaleq,3,C,D,E,skip,A,C,D,B,E,skip,D,C,B,E,A,skip,D,B,C,E,0.85,equalize
903,radicaleq,4,D,E,skip,A,C,D,B,E,skip,D,C,B,E,A,skip,D,B,C,E,A,0.85,equalize
903,equalize,5,E,skip,B,B,B,B,E,skip,C,C,B,E,A,skip,D,B,C,E,A,skip,0.8,equalize
903,equalize,6,skip,A,C,D,E,E,skip,A,A,A,A,A,skip,D,C,C,E,A,skip,D,0.8,equalize
904,equalize,1,A,B,A,C,D,skip,A,C,D,B,E,skip,D,C,B,E,A,skip,D,B,0.85,equalize
904,radicaleq,2,B,C,D,E,skip,A,C,D,B,E,skip,D,C,B,E,A,skip,D,B,C,0.85,equalize
904,equalize,3,C,D,E,skip,A,C,D,B,E,skip,D,C,B,E,A,skip,D,B,C,E,0.85,equalize
904,equalize,4,D,E,skip,A,C,D,B,E,skip,D,C,B,E,A,skip,D,B,C,E,A,0.85,equalize
904,radicaleq,5,E,skip,B,B,B,B,E,skip,C,C,B,E,A,skip,D,B,C,E,A,skip,0.8,equalize
904,equalize,6,skip,A,C,D,E,E,skip,A,A,A,A,A,skip,D,C,C,E,A,skip,D,0.8,equalize
905,equalize,1,A,B,A,C,D,skip,A,C,D,B,E,skip,D,C,B,E,A,skip,D,B,0.85,equalize
905,equalize,2,B,C,D,E,skip,A,C,D,B,E,skip,D,C,B,E,A,skip,D,B,C,0.85,equalize
905,radicaleq,3,C,D,E,skip,A,C,D,B,E,skip,D,C,B,E,A,skip,D,B,C,E,0.85,equalize
905,equalize,4,D,E,skip,A,C,D,B,E,skip,D,C,B,E,A,skip,D,B,C,E,A,0.85,equalize
905,radicaleq,5,E,skip,B,B,B,B,E,skip,C,C,B,E,A,skip,D,B,C,E,A,skip,0.8,equalize
905,equalize,6,skip,A,C,D,E,E,skip,A,A,A,A,A,skip,D,C,C,E,A,skip,D,0.8,equalize
906,equalize,1,A,B,A,C,D,skip,A,C,D,B,E,skip,D,C,B,E,A,skip,D,B,0.85,equalize
906,equalize,2,B,C,D,E,skip,A,C,D,B,E,skip,D,C,B,E,A,skip,D,B,C,0.85,equalize
906,equalize,3,C,D,E,skip,A,C,D,B,E,skip,D,C,B,E,A,skip,D,B,C,E,0.85,equalize
906,equalize,4,D,E,skip,A,C,D,B,E,skip,D,C,B,E,A,skip,D,B,C,E,A,0.85,equalize
906,radicaleq,5,E,skip,B,B,B,B,E,skip,C,C,B,E,A,skip,D,B,C,E,A,skip,0.8,equalize
906,radicaleq,6,skip,A,C,D,E,E,skip,A,A,A,A,A,skip,D,C,C,E,A,skip,D,0.8,equalize
907,radicaleq,1,A,B,A,C,D,skip,A,C,D,B,E,skip,D,C,B,E,A,skip,D,B,0.85,equalize
907,radicaleq,2,B,C,D,E,skip,A,C,D,B,E,skip,D,C,B,E,A,skip,D,B,C,0.85,equalize
907,equalize,3,C,D,E,skip,A,C,D,B,E,skip,D,C,B,E,A,skip,D,B,C,E,0.85,equalize
907,equalize,4,D,E,skip,A,C,D,B,E,skip,D,C,B,E,A,skip,D,B,C,E,A,0.85,equalize
907,equalize,5,E,skip,B,B,B,B,E,skip,C,C,B,E,A,skip,D,B,C,E,A,skip,0.8,equalize
907,equalize,6,skip,A,C,D,E,E,skip,A,A,A,A,A,skip,D,C,C,E,A,skip,D,0.8,equalize
908,radicaleq,1,A,B,A,C,D,skip,A,C,D,B,E,skip,D,C,B,E,A,skip,D,B,0.85,equalize
908,equalize,2,B,C,D,E,skip,A,C,D,B,E,skip,D,C,B,E,A,skip,D,B,C,0.85,equalize
908,radicaleq,3,C,D,E,skip,A,C,D,B,E,skip,D,C,B,E,A,skip,D,B,C,E,0.85,equalize
908,equalize,4,D,E,skip,A,C,D,B,E,skip,D,C,B,E,A,skip,D,B,C,E,A,0.85,equalize
908,equalize,5,E,skip,B,B,B,B,E,skip,C,C,B,E,A,skip,D,B,C,E,A,skip,0.8,equalize
908,equalize,6,skip,A,C,D,E,E,skip,A,A,A,A,A,skip,D,C,C,E,A,skip,D,0.8,equalize
909,radicaleq,1,A,B,A,C,D,skip,A,C,D,B,E,skip,D,C,B,E,A,skip,D,B,0.85,equalize
909,equalize,2,B,C,D,E,skip,A,C,D,B,E,skip,D,C,B,E,A,skip,D,B,C,0.85,equalize
909,equalize,3,C,D,E,skip,A,C,D,B,E,skip,D,C,B,E,A,skip,D,B,C,E,0.85,equalize
909,equalize,4,D,E,skip,A,C,D,B,E,skip,D,C,B,E,A,skip,D,B,C,E,A,0.85,equalize
909,equalize,5,E,skip,B,B,B,B,E,skip,C,C,B,E,A,skip,D,B,C,E,A,skip,0.8,equalize
909,radicaleq,6,skip,A,C,D,E,E,skip,A,A,A,A,A,skip,D,C,C,E,A,skip,D,0.8,equalize
910,equalize,1,A,B,A,C,D,skip,A,C,D,B,E,skip,D,C,B,E,A,skip,D,B,0.85,equalize
910,radicaleq,2,B,C,D,E,skip,A,C,D,B,E,skip,D,C,B,E,A,skip,D,B,C,0.85,equalize
910,equalize,3,C,D,E,skip,A,C,D,B,E,skip,D,C,B,E,A,skip,D,B,C,E,0.85,equalize
910,radicaleq,4,D,E,skip,A,C,D,B,E,skip,D,C,B,E,A,skip,D,B,C,E,A,0.85,equalize
910,equalize,5,E,skip,B,B,B,B,E,skip,C,C,B,E,A,skip,D,B,C,E,A,skip,0.8,equalize
910,equalize,6,skip,A,C,D,E,E,skip,A,A,A,A,A,skip,D,C,C,E,A,skip,D,0.8,equalize
911,equalize,1,A,B,A,C,D,skip,A,C,D,B,E,skip,D,C,B,E,A,skip,D,B,0.85,equalize
911,equalize,2,B,C,D,E,skip,A,C,D,B,E,skip,D,C,B,E,A,skip,D,B,C,0.85,equalize
911,equalize,3,C,D,E,skip,A,C,D,B,E,skip,D,C,B,E,A,skip,D,B,C,E,0.85,equalize
911,radicaleq,4,D,E,skip,A,C,D,B,E,skip,D,C,B,E,A,skip,D,B,C,E,A,0.85,equalize
911,radicaleq,5,E,skip,B,B,B,B,E,skip,C,C,B,E,A,skip,D,B,C,E,A,skip,0.8,equalize
911,equalize,6,skip,A,C,D,E,E,skip,A,A,A,A,A,skip,D,C,C,E,A,skip,D,0.8,equalize
912,equalize,1,A,B,A,C,D,skip,A,C,D,B,E,skip,D,C,B,E,A,skip,D,B,0.85,equalize
912,equalize,2,B,C,D,E,skip,A,C,D,B,E,skip,D,C,B,E,A,skip,D,B,C,0.85,equalize
912,equalize,3,C,D,E,skip,A,C,D,B,E,skip,D,C,B,E,A,skip,D,B,C,E,0.85,equalize
912,radicaleq,4,D,E,skip,A,C,D,B,E,skip,D,C,B,E,A,skip,D,B,C,E,A,0.85,equalize
912,equalize,5,E,skip,B,B,B,B,E,skip,C,C,B,E,A,skip,D,B,C,E,A,skip,0.8,equalize
912,radicaleq,6,skip,A,C,D,E,E,skip,A,A,A,A,A,skip,D,C,C,E,A,skip,D,0.8,equalize
913,radicaleq,1,A,B,A,C,D,skip,A,C,D,B,E,skip,D,C,B,E,A,skip,D,B,0.85,equalize
913,equalize,2,B,C,D,E,skip,A,C,D,B,E,skip,D,C,B,E,A,skip,D,B,C,0.85,equalize
913,equalize,3,C,D,E,skip,A,C,D,B,E,skip,D,C,B,E,A,skip,D,B,C,E,0.85,equalize
913,radicaleq,4,D,E,skip,A,C,D,B,E,skip,D,C,B,E,A,skip,D,B,C,E,A,0.85,equalize
913,equalize,5,E,skip,B,B,B,B,E,skip,C,C,B,E,A,skip,D,B,C,E,A,skip,0.8,equalize
913,equalize,6,skip,A,C,D,E,E,skip,A,A,A,A,A,skip,D,C,C,E,A,skip,D,0.8,equalize
914,equalize,1,A,B,A,C,D,skip,A,C,D,B,E,skip,D,C,B,E,A,skip,D,B,0.85,equalize
914,radicaleq,2,B,C,D,E,skip,A,C,D,B,E,skip,D,C,B,E,A,skip,D,B,C,0.85,equalize
914,equalize,3,C,D,E,skip,A,C,D,B,E,skip,D,C,B,E,A,skip,D,B,C,E,0.85,equalize
914,equalize,4,D,E,skip,A,C,D,B,E,skip,D,C,B,E,A,skip,D,B,C,E,A,0.85,equalize
914,equalize,5,E,skip,B,B,B,B,E,skip,C,C,B,E,A,skip,D,B,C,E,A,skip,0.8,equalize
914,radicaleq,6,skip,A,C,D,E,E,skip,A,A,A,A,A,skip,D,C,C,E,A,skip,D,0.8,equalize
915,radicaleq,1,A,B,A,C,D,skip,A,C,D,B,E,skip,D,C,B,E,A,skip,D,B,0.85,equalize
915,equalize,2,B,C,D,E,skip,A,C,D,B,E,skip,D,C,B,E,A,skip,D,B,C,0.85,equalize
915,equalize,3,C,D,E,skip,A,C,D,B,E,skip,D,C,B,E,A,skip,D,B,C,E,0.85,equalize
915,equalize,4,D,E,skip,A,C,D,B,E,skip,D,C,B,E,A,skip,D,B,C,E,A,0.85,equalize
915,radicaleq,5,E,skip,B,B,B,B,E,skip,C,C,B,E,A,skip,D,B,C,E,A,skip,0.8,equalize
915,equalize,6,skip,A,C,D,E,E,skip,A,A,A,A,A,skip,D,C,C,E,A,skip,D,0.8,equalize
916,equalize,1,A,B,D,E,E,C,D,A,E,C,D,A,E,C,D,A,E,C,D,A,0.75,equalize
916,rotate0,2,B,B,B,B,B,B,B,B,B,B,B,B,B,B,B,B,B,B,B,B,0.5,equalize
916,rotate0,3,C,C,C,C,C,C,C,C,C,C,C,C,C,C,C,C,C,C,C,C,0.5,equalize
916,equalize,4,D,E,E,C,B,D,A,E,B,D,A,E,B,D,A,E,B,D,A,E,0.75,equalize
916,equalize,5,E,skip,C,D,D,A,E,C,D,A,E,C,D,A,E,C,D,A,E,C,0.7,equalize
916,equalize,6,skip,A,A,B,A,E,B,D,A,E,B,D,A,E,B,D,A,E,B,D,0.7,equalize
917,equalize,1,A,B,B,B,B,B,B,B,B,B,B,B,B,B,B,B,B,B,B,B,1.0,equalize
917,equalize,2,B,C,A,A,A,A,A,A,A,A,A,A,A,A,A,A,A,A,A,A,0.95,equalize
917,rotate0,3,C,C,C,C,C,C,C,C,C,C,C,C,C,C,C,C,C,C,C,C,0.95,equalize
917,equalize,4,D,E,E,E,E,E,E,E,E,E,E,E,E,E,E,E,E,E,E,E,1.0,equalize
917,equalize,5,E,skip,D,D,D,D,D,D,D,D,D,D,D,D,D,D,D,D,D,D,0.95,equalize
917,rotate0,6,skip,skip,skip,skip,skip,skip,skip,skip,skip,skip,skip,skip,skip,skip,skip,skip,skip,skip,skip,skip,0.0,equalize
918,equalize,1,A,B,D,E,B,D,E,A,B,D,E,A,B,D,E,A,B,D,E,A,0.75,equalize
918,equalize,2,B,C,E,B,C,E,A,B,C,E,A,B,C,E,A,B,C,E,A,B,0.75,equalize
918,rotate0,3,C,C,C,C,C,C,C,C,C,C,C,C,C,C,C,C,C,C,C,C,0.5,equalize
918,rotate0,4,D,D,D,D,D,D,D,D,D,D,D,D,D,D,D,D,D,D,D,D,0.5,equalize
918,equalize,5,E,skip,B,C,E,A,B,D,E,A,B,D,E,A,B,D,E,A,B,D,0.7,equalize
918,equalize,6,skip,A,A,D,A,B,C,E,A,B,C,E,A,B,C,E,A,B,C,E,0.7,equalize
919,equalize,1,A,B,C,C,A,D,B,C,D,A,B,C,A,D,B,C,A,D,B,C,0.75,equalize
919,rotate0,2,B,B,B,B,B,B,B,B,B,B,B,B,B,B,B,B,B,B,B,B,0.5,equalize
919,equalize,3,C,D,B,A,D,E,C,D,A,E,C,A,D,E,C,A,D,E,C,A,0.75,equalize
919,equalize,4,D,E,A,D,B,C,D,A,B,C,A,D,B,C,A,D,B,C,A,D,0.75,equalize
919,rotate0,5,E,E,E,E,E,E,E,E,E,E,E,E,E,E,E,E,E,E,E,E,0.5,equalize
919,equalize,6,skip,A,D,E,C,A,A,E,C,D,D,E,C,A,D,E,C,A,D,E,0.7,equalize
920,equalize,1,A,B,C,D,B,A,C,D,B,A,C,D,B,A,C,D,B,A,C,D,0.75,equalize
920,equalize,2,B,C,D,B,A,E,D,B,A,E,D,B,A,E,D,B,A,E,D,B,0.75,equalize
920,rotate0,3,C,C,C,C,C,C,C,C,C,C,C,C,C,C,C,C,C,C,C,C,0.5,equalize
920,equalize,4,D,E,B,A,C,D,B,A,C,D,B,A,C,D,B,A,C,D,B,A,0.75,equalize
920,rotate0,5,E,E,E,E,E,E,E,E,E,E,E,E,E,E,E,E,E,E,E,E,0.5,equalize
920,equalize,6,skip,A,A,E,D,B,A,E,D,B,A,E,D,B,A,E,D,B,A,E,0.7,equalize
921,equalize,1,A,B,B,B,B,B,B,B,B,B,B,B,B,B,B,B,B,B,B,B,1.0,equalize
921,equalize,2,B,C,C,C,C,C,C,C,C,C,C,C,C,C,C,C,C,C,C,C,1.0,equalize
921,equalize,3,C,D,D,D,D,D,D,D,D,D,D,D,D,D,D,D,D,D,D,D,1.0,equalize
921,equalize,4,D,E,A,A,A,A,A,A,A,A,A,A,A,A,A,A,A,A,A,A,0.95,equalize
921,rotate0,5,E,E,E,E,E,E,E,E,E,E,E,E,E,E,E,E,E,E,E,E,0.95,equalize
921,rotate0,6,skip,skip,skip,skip,skip,skip,skip,skip,skip,skip,skip,skip,skip,skip,skip,skip,skip,skip,skip,skip,0.0,equalize
922,rotate0,1,A,A,A,A,A,A,A,A,A,A,A,A,A,A,A,A,A,A,A,A,0.5,equalize
922,rotate0,2,B,B,B,B,B,B,B,B,B,B,B,B,B,B,B,B,B,B,B,B,0.5,equalize
922,equalize,3,C,D,D,A,D,B,E,C,D,B,E,C,D,B,E,C,D,B,E,C,0.75,equalize
922,equalize,4,D,E,E,B,A,E,C,D,A,E,C,D,A,E,C,D,A,E,C,D,0.75,equalize
922,equalize,5,E,skip,B,C,E,C,D,B,E,C,D,B,E,C,D,B,E,C,D,B,0.7,equalize
922,equalize,6,skip,A,C,D,C,D,A,E,C,D,A,E,C,D,A,E,C,D,A,E,0.7,equalize
923,rotate0,1,A,A,A,A,A,A,A,A,A,A,A,A,A,A,A,A,A,A,A,A,0.5,equalize
923,equalize,2,B,C,D,B,E,C,B,D,E,C,B,D,E,C,B,D,E,C,B,D,0.75,equalize
923,rotate0,3,C,C,C,C,C,C,C,C,C,C,C,C,C,C,C,C,C,C,C,C,0.5,equalize
923,equalize,4,D,E,A,E,A,B,D,E,A,B,D,E,A,B,D,E,A,B,D,E,0.75,equalize
923,equalize,5,E,skip,E,C,B,D,E,C,B,D,E,C,B,D,E,C,B,D,E,C,0.7,equalize
923,equalize,6,skip,A,B,D,D,E,A,B,D,E,A,B,D,E,A,B,D,E,A,B,0.7,equalize
924,rotate0,1,A,A,A,A,A,A,A,A,A,A,A,A,A,A,A,A,A,A,A,A,0.95,equalize
924,equalize,2,B,C,A,B,B,B,B,B,B,B,B,B,B,B,B,B,B,B,B,B,0.95,equalize
924,equalize,3,C,D,C,C,C,C,C,C,C,C,C,C,C,C,C,C,C,C,C,C,1.0,equalize
924,equalize,4,D,E,D,D,D,D,D,D,D,D,D,D,D,D,D,D,D,D,D,D,1.0,equalize
924,equalize,5,E,skip,B,E,E,E,E,E,E,E,E,E,E,E,E,E,E,E,E,E,0.95,equalize
924,rotate0,6,skip,skip,skip,skip,skip,skip,skip,skip,skip,skip,skip,skip,skip,skip,skip,skip,skip,skip,skip,skip,0.0,equalize
925,equalize,1,A,B,C,E,A,D,E,C,A,D,E,C,A,D,E,C,A,D,E,C,0.75,equalize
925,rotate0,2,B,B,B,B,B,B,B,B,B,B,B,B,B,B,B,B,B,B,B,B,0.5,equalize
925,equalize,3,C,D,E,A,B,E,C,A,B,E,C,A,B,E,C,A,B,E,C,A,0.75,equalize
925,rotate0,4,D,D,D,D,D,D,D,D,D,D,D,D,D,D,D,D,D,D,D,D,0.5,equalize
925,equalize,5,E,skip,A,D,E,C,A,D,E,C,A,D,E,C,A,D,E,C,A,D,0.7,equalize
925,equalize,6,skip,A,B,C,C,A,B,E,C,A,B,E,C,A,B,E,C,A,B,E,0.7,equalize
926,equalize,1,A,B,A,E,B,A,D,C,A,B,D,C,A,B,D,C,A,B,D,C,0.75,equalize
926,equalize,2,B,C,E,B,A,D,C,A,B,E,C,A,B,E,C,A,B,E,C,A,0.75,equalize
926,equalize,3,C,D,B,A,E,C,A,B,D,C,A,B,D,C,A,B,D,C,A,B,0.75,equalize
926,rotate0,4,D,D,D,D,D,D,D,D,D,D,D,D,D,D,D,D,D,D,D,D,0.5,equalize
926,rotate0,5,E,E,E,E,E,E,E,E,E,E,E,E,E,E,E,E,E,E,E,E,0.5,equalize
926,equalize,6,skip,A,C,D,C,B,B,E,C,A,B,E,C,A,B,E,C,A,B,E,0.7,equalize
927,equalize,1,A,B,B,B,B,B,B,B,B,B,B,B,B,B,B,B,B,B,B,B,1.0,equalize
927,equalize,2,B,C,C,C,C,C,C,C,C,C,C,C,C,C,C,C,C,C,C,C,1.0,equalize
927,equalize,3,C,D,A,A,A,A,A,A,A,A,A,A,A,A,A,A,A,A,A,A,0.95,equalize
927,rotate0,4,D,D,D,D,D,D,D,D,D,D,D,D,D,D,D,D,D,D,D,D,0.95,equalize
927,equalize,5,E,skip,E,E,E,E,E,E,E,E,E,E,E,E,E,E,E,E,E,E,0.95,equalize
927,rotate0,6,skip,skip,skip,skip,skip,skip,skip,skip,skip,skip,skip,skip,skip,skip,skip,skip,skip,skip,skip,skip,0.0,equalize
928,rotate0,1,A,A,A,A,A,A,A,A,A,A,A,A,A,A,A,A,A,A,A,A,0.5,equalize
928,equalize,2,B,C,A,E,C,D,E,B,C,D,E,B,C,D,E,B,C,D,E,B,0.75,equalize
928,equalize,3,C,D,E,C,A,E,B,C,A,E,B,C,A,E,B,C,A,E,B,C,0.75,equalize
928,rotate0,4,D,D,D,D,D,D,D,D,D,D,D,D,D,D,D,D,D,D,D,D,0.5,equalize
928,equalize,5,E,skip,C,D,E,B,C,D,E,B,C,D,E,B,C,D,E,B,C,D,0.7,equalize
928,equalize,6,skip,A,B,B,B,C,A,E,B,C,A,E,B,C,A,E,B,C,A,E,0.7,equalize
929,equalize,1,A,B,A,A,A,A,A,A,A,A,A,A,A,A,A,A,A,A,A,A,0.95,equalize
929,rotate0,2,B,B,B,B,B,B,B,B,B,B,B,B,B,B,B,B,B,B,B,B,0.95,equalize
929,equalize,3,C,D,D,D,D,D,D,D,D,D,D,D,D,D,D,D,D,D,D,D,1.0,equalize
929,equalize,4,D,E,E,E,E,E,E,E,E,E,E,E,E,E,E,E,E,E,E,E,1.0,equalize
929,equalize,5,E,skip,C,C,C,C,C,C,C,C,C,C,C,C,C,C,C,C,C,C,0.95,equalize
929,rotate0,6,skip,skip,skip,skip,skip,skip,skip,skip,skip,skip,skip,skip,skip,skip,skip,skip,skip,skip,skip,skip,0.0,equalize
930,rotate0,1,A,A,A,A,A,A,A,A,A,A,A,A,A,A,A,A,A,A,A,A,0.5,equalize
930,equalize,2,B,C,D,E,C,D,A,B,D,C,A,B,D,C,A,B,D,C,A,B,0.75,equalize
930,equalize,3,C,D,A,C,D,E,B,D,C,E,B,D,C,E,B,D,C,E,B,D,0.75,equalize
930,equalize,4,D,E,C,D,A,B,D,C,A,B,D,C,A,B,D,C,A,B,D,C,0.75,equalize
930,rotate0,5,E,E,E,E,E,E,E,E,E,E,E,E,E,E,E,E,E,E,E,E,0.5,equalize
930,equalize,6,skip,A,B,B,B,C,C,E,B,D,C,E,B,D,C,E,B,D,C,E,0.7,equalize
931,equalize,1,A,B,D,B,C,D,A,E,D,C,B,A,E,C,B,D,A,E,B,C,0.05,equalize
931,caste,2,B,B,C,D,A,E,D,C,B,A,E,C,B,D,A,E,B,C,D,A,0.05,equalize
931,caste,3,C,C,D,B,C,D,A,E,D,C,B,A,E,C,B,D,A,E,B,C,0.1,equalize
931,equalize,4,D,E,E,A,B,C,C,A,E,D,C,B,A,E,C,B,D,A,E,B,1.0,equalize
931,equalize,5,E,skip,C,D,A,E,D,C,B,A,E,C,B,D,A,E,B,C,D,A,0.05,equalize
931,equalize,6,skip,A,A,E,E,B,B,B,A,E,D,D,D,A,E,C,C,D,A,E,0.95,equalize
932,equalize,1,A,B,B,C,A,E,A,D,C,D,C,A,C,A,D,E,D,C,D,B,0.75,equalize
932,equalize,2,B,C,A,B,D,A,B,B,D,A,A,C,B,B,A,C,C,D,E,A,0.3,equalize
932,caste,3,C,C,A,C,D,A,A,B,D,D,A,C,C,B,A,E,C,D,E,A,0.05,equalize
932,equalize,4,D,E,E,E,C,C,C,A,E,E,D,D,D,C,E,A,E,B,B,E,0.75,equalize
932,equalize,5,E,skip,D,A,B,D,E,E,B,C,B,E,A,E,B,D,B,A,C,D,0.3,equalize
932,caste,6,skip,skip,D,E,B,D,C,E,B,E,B,E,D,E,B,A,B,A,C,D,0.0,equalize
933,equalize,1,A,B,D,A,C,B,D,A,E,B,D,A,E,C,D,A,B,E,C,A,1.0,equalize
933,equalize,2,B,C,E,C,B,D,A,E,B,D,A,E,C,D,A,B,E,C,A,D,0.05,equalize
933,caste,3,C,C,B,D,A,E,B,D,A,E,C,D,A,B,E,C,A,D,B,E,0.05,equalize
933,caste,4,D,D,E,C,B,D,A,E,B,D,A,E,C,D,A,B,E,C,A,D,0.1,equalize
933,equalize,5,E,skip,B,D,A,E,B,D,A,E,C,D,A,B,E,C,A,D,B,E,0.05,equalize
933,equalize,6,skip,A,A,E,E,C,C,C,C,C,B,B,B,E,C,D,D,B,E,C,0.95,equalize
934,equalize,1,A,B,C,C,A,D,E,B,C,A,D,E,B,C,D,A,E,B,D,A,0.05,equalize
934,caste,2,B,B,C,C,A,D,E,B,C,A,D,E,D,A,E,B,D,A,E,C,0.05,equalize
934,equalize,3,C,D,B,B,B,A,D,E,B,C,A,D,E,B,C,D,A,E,B,D,1.0,equalize
934,equalize,4,D,E,A,D,E,B,C,A,D,E,B,C,D,A,E,B,D,A,E,C,0.05,equalize
934,caste,5,E,E,A,D,E,B,C,A,D,E,B,C,B,C,D,A,E,B,D,A,0.05,equalize
934,equalize,6,skip,A,D,E,C,C,A,D,E,B,C,A,A,E,B,C,C,C,C,B,0.95,equalize
935,equalize,1,A,B,C,C,D,B,A,E,D,B,A,C,E,B,D,A,C,E,B,D,1.0,equalize
935,equalize,2,B,C,D,D,B,A,E,D,B,A,C,E,B,D,A,C,E,B,D,A,0.05,equalize
935,caste,3,C,C,D,D,B,A,E,D,B,A,C,D,A,C,E,B,D,A,C,E,0.05,equalize
935,equalize,4,D,E,B,A,E,D,B,A,C,E,B,D,A,C,E,B,D,A,C,E,0.05,equalize
935,caste,5,E,E,B,A,E,D,B,A,C,E,B,E,B,D,A,C,E,B,D,A,0.05,equalize
935,equalize,6,skip,A,A,E,C,C,C,C,E,D,D,A,C,E,B,D,A,C,E,B,0.95,equalize
936,equalize,1,A,B,B,A,D,E,E,E,C,B,A,B,A,E,D,E,B,C,E,D,0.25,equalize
936,equalize,2,B,C,C,D,E,B,A,C,D,E,B,C,B,D,A,B,C,E,D,A,0.85,equalize
936,equalize,3,C,D,D,E,C,C,B,D,A,D,C,E,C,A,B,C,E,D,A,B,0.85,equalize
936,equalize,4,D,E,A,C,B,A,D,A,B,C,E,D,D,B,C,A,D,A,B,C,0.2,equalize
936,caste,5,E,E,A,C,B,B,D,A,D,C,E,C,D,B,C,A,D,A,B,C,0.05,equalize
936,caste,6,skip,skip,B,A,D,C,E,E,A,B,A,E,A,E,D,E,B,C,E,D,0.0,equalize
937,caste,1,A,A,B,E,A,D,D,E,D,D,A,D,E,D,E,E,B,E,B,A,0.05,equalize
937,caste,2,B,B,C,C,B,E,A,C,B,C,B,E,A,C,B,D,A,C,D,E,0.1,equalize
937,equalize,3,C,D,D,C,D,B,A,B,E,C,E,B,A,B,C,D,C,B,A,C,0.75,equalize
937,equalize,4,D,E,E,E,C,A,D,A,C,D,C,A,E,A,D,E,D,A,C,D,0.75,equalize
937,equalize,5,E,skip,B,D,A,D,B,E,D,E,A,D,B,D,E,C,B,E,B,A,0.3,equalize
937,equalize,6,skip,A,C,A,B,E,C,C,B,A,B,E,C,C,B,A,A,C,D,E,0.25,equalize
938,caste,1,A,A,B,C,A,C,B,E,C,D,E,C,B,A,D,E,C,A,B,D,0.05,equalize
938,equalize,2,B,C,D,D,B,E,C,B,A,D,E,C,B,A,D,E,C,A,B,D,0.05,equalize
938,caste,3,C,C,D,D,B,E,C,B,A,B,A,D,E,C,B,A,D,E,C,A,0.05,equalize
938,equalize,4,D,E,A,E,D,A,D,A,E,C,B,A,A,E,C,B,A,D,E,C,1.0,equalize
938,equalize,5,E,skip,E,B,E,D,A,D,D,E,C,B,D,D,E,C,B,B,D,E,0.95,equalize
938,equalize,6,skip,A,B,C,A,C,B,E,C,B,A,D,E,C,B,A,D,E,C,A,0.0,equalize
939,caste,1,A,A,B,E,A,D,C,B,B,E,C,B,A,E,B,A,C,E,D,B,0.1,equalize
939,equalize,2,B,C,A,B,C,E,E,C,A,A,E,D,D,A,C,E,D,B,A,E,0.25,equalize
939,equalize,3,C,D,C,C,E,D,B,A,B,C,D,B,E,C,E,D,B,A,E,C,0.85,equalize
939,equalize,4,D,E,D,D,D,A,D,D,D,B,B,C,B,D,D,B,A,C,C,D,0.85,equalize
939,equalize,5,E,skip,B,E,A,B,C,B,E,E,C,A,A,E,B,A,C,E,D,B,0.2,equalize
939,caste,6,skip,skip,A,B,C,A,E,C,D,A,E,C,D,A,C,E,D,B,A,E,0.0,equalize
940,equalize,1,A,B,C,C,B,D,A,E,B,C,A,E,D,B,A,C,E,D,B,A,0.05,equalize
940,caste,2,B,B,C,C,B,D,A,E,B,C,A,B,A,C,E,D,B,A,C,D,0.05,equalize
940,equalize,3,C,D,E,D,A,E,B,C,A,E,D,B,A,C,E,D,B,A,C,D,0.05,equalize
940,caste,4,D,D,E,D,A,E,B,C,A,E,D,E,D,B,A,C,E,D,B,A,0.05,equalize
940,equalize,5,E,skip,A,A,E,B,C,A,E,D,B,A,C,E,D,B,A,C,D,E,0.95,equalize
940,equalize,6,skip,A,B,E,C,C,D,D,D,B,C,C,E,D,B,A,C,E,E,B,0.95,equalize
941,equalize,1,A,B,A,E,D,A,E,B,C,E,C,A,C,A,E,C,E,B,D,E,0.75,equalize
941,equalize,2,B,C,E,B,E,E,D,E,E,B,E,D,D,C,C,A,C,D,E,C,0.75,equalize
941,equalize,3,C,D,B,A,A,D,C,C,B,A,A,C,E,E,A,B,B,E,C,A,0.3,equalize
941,caste,4,D,D,C,B,C,B,D,A,D,B,D,B,D,B,D,A,D,A,B,D,0.05,equalize
941,caste,5,E,E,B,E,A,D,E,C,B,E,A,C,C,E,A,C,B,E,C,A,0.1,equalize
941,equalize,6,skip,A,C,D,C,B,A,A,D,C,D,B,A,B,D,E,D,A,B,D,0.3,equalize
942,equalize,1,A,B,B,A,C,E,A,D,C,D,B,A,D,A,C,E,A,D,C,B,0.8,equalize
942,equalize,2,B,C,C,D,A,A,C,A,E,E,D,D,B,D,E,A,D,B,B,E,0.8,equalize
942,equalize,3,C,D,A,B,E,C,B,B,D,A,A,B,C,C,A,D,B,C,E,A,0.25,equalize
942,caste,4,D,D,A,A,E,C,A,B,D,D,A,B,D,C,A,D,B,C,E,A,0.05,equalize
942,equalize,5,E,skip,E,C,B,D,E,E,B,C,C,E,A,E,B,C,E,A,D,C,0.25,equalize
942,caste,6,skip,skip,E,D,B,D,C,E,B,E,C,E,B,E,B,C,E,A,D,C,0.0,equalize
943,caste,1,A,A,B,B,A,C,E,D,B,C,D,B,C,D,E,A,B,C,D,E,0.05,equalize
943,equalize,2,B,C,A,E,B,B,C,E,D,B,C,D,A,E,B,C,D,E,A,B,1.0,equalize
943,equalize,3,C,D,E,C,E,D,B,C,E,A,D,B,C,D,E,A,B,C,D,E,0.05,equalize
943,caste,4,D,D,E,C,E,D,B,C,E,A,E,A,E,B,C,D,E,A,B,C,0.05,equalize
943,equalize,5,E,skip,C,D,D,A,A,A,A,D,B,C,D,A,A,B,C,D,E,A,0.95,equalize
943,equalize,6,skip,A,B,B,A,C,E,D,B,C,E,A,E,B,C,D,E,A,B,C,0.0,equalize
944,equalize,1,A,B,A,A,C,B,D,D,E,B,B,A,E,E,B,A,E,D,C,B,0.25,equalize
944,caste,2,B,B,A,D,C,B,B,D,E,E,B,A,A,E,B,A,E,D,C,B,0.05,equalize
944,equalize,3,C,D,D,D,B,E,B,E,A,E,A,B,A,B,D,C,B,A,E,D,0.8,equalize
944,equalize,4,D,E,E,E,D,A,A,B,C,C,E,D,D,A,C,B,A,E,D,C,0.8,equalize
944,equalize,5,E,skip,C,B,A,C,E,C,D,A,D,C,B,C,E,D,C,B,A,E,0.25,equalize
944,caste,6,skip,skip,C,E,A,C,A,C,D,C,D,C,D,C,E,D,C,B,A,E,0.0,equalize
945,caste,1,A,A,B,E,D,B,D,C,A,D,B,C,C,D,A,C,B,A,B,E,0.05,equalize
945,equalize,2,B,C,D,E,B,E,D,A,C,D,C,B,C,A,D,C,D,B,E,D,0.75,equalize
945,equalize,3,C,D,A,A,E,D,B,D,D,A,D,E,E,C,C,A,C,E,D,C,0.75,equalize
945,equalize,4,D,E,C,D,C,A,E,E,B,C,E,A,B,B,E,D,E,A,B,E,0.3,equalize
945,caste,5,E,E,C,A,C,A,B,E,B,A,E,A,E,B,E,A,E,D,C,A,0.05,equalize
945,equalize,6,skip,A,B,B,D,B,C,C,A,E,B,C,D,D,A,B,B,D,C,A,0.25,equalize
946,equalize,1,A,B,A,C,D,skip,A,C,D,B,E,skip,D,C,B,E,A,skip,D,B,0.85,draw
946,equalize,2,B,C,D,E,skip,A,C,D,B,E,skip,D,C,B,E,A,skip,D,B,C,0.85,draw
946,equalize,3,C,D,E,skip,A,C,D,B,E,skip,D,C,B,E,A,skip,D,B,C,E,0.85,draw
946,equalize,4,D,E,skip,A,C,D,B,E,skip,D,C,B,E,A,skip,D,B,C,E,A,0.85,draw
946,equalize,5,E,skip,B,B,B,B,E,skip,C,C,B,E,A,skip,D,B,C,E,A,skip,0.8,draw
946,equalize,6,skip,A,C,D,E,E,skip,A,A,A,A,A,skip,D,C,C,E,A,skip,D,0.8,draw
947,equalize,1,A,B,A,C,D,skip,A,C,D,B,E,skip,D,C,B,E,A,skip,D,B,0.85,draw
947,equalize,2,B,C,D,E,skip,A,C,D,B,E,skip,D,C,B,E,A,skip,D,B,C,0.85,draw
947,equalize,3,C,D,E,skip,A,C,D,B,E,skip,D,C,B,E,A,skip,D,B,C,E,0.85,draw
947,equalize,4,D,E,skip,A,C,D,B,E,skip,D,C,B,E,A,skip,D,B,C,E,A,0.85,draw
947,equalize,5,E,skip,B,B,B,B,E,skip,C,C,B,E,A,skip,D,B,C,E,A,skip,0.8,draw
947,equalize,6,skip,A,C,D,E,E,skip,A,A,A,A,A,skip,D,C,C,E,A,skip,D,0.8,draw
948,equalize,1,A,B,A,C,D,skip,A,C,D,B,E,skip,D,C,B,E,A,skip,D,B,0.85,draw
948,equalize,2,B,C,D,E,skip,A,C,D,B,E,skip,D,C,B,E,A,skip,D,B,C,0.85,draw
948,equalize,3,C,D,E,skip,A,C,D,B,E,skip,D,C,B,E,A,skip,D,B,C,E,0.85,draw
948,equalize,4,D,E,skip,A,C,D,B,E,skip,D,C,B,E,A,skip,D,B,C,E,A,0.85,draw
948,equalize,5,E,skip,B,B,B,B,E,skip,C,C,B,E,A,skip,D,B,C,E,A,skip,0.8,draw
948,equalize,6,skip,A,C,D,E,E,skip,A,A,A,A,A,skip,D,C,C,E,A,skip,D,0.8,draw
949,equalize,1,A,B,A,C,D,skip,A,C,D,B,E,skip,D,C,B,E,A,skip,D,B,0.85,draw
949,equalize,2,B,C,D,E,skip,A,C,D,B,E,skip,D,C,B,E,A,skip,D,B,C,0.85,draw
949,equalize,3,C,D,E,skip,A,C,D,B,E,skip,D,C,B,E,A,skip,D,B,C,E,0.85,draw
949,equalize,4,D,E,skip,A,C,D,B,E,skip,D,C,B,E,A,skip,D,B,C,E,A,0.85,draw
949,equalize,5,E,skip,B,B,B,B,E,skip,C,C,B,E,A,skip,D,B,C,E,A,skip,0.8,draw
949,equalize,6,skip,A,C,D,E,E,skip,A,A,A,A,A,skip,D,C,C,E,A,skip,D,0.8,draw
950,equalize,1,A,B,A,C,D,skip,A,C,D,B,E,skip,D,C,B,E,A,skip,D,B,0.85,draw
950,equalize,2,B,C,D,E,skip,A,C,D,B,E,skip,D,C,B,E,A,skip,D,B,C,0.85,draw
950,equalize,3,C,D,E,skip,A,C,D,B,E,skip,D,C,B,E,A,skip,D,B,C,E,0.85,draw
950,equalize,4,D,E,skip,A,C,D,B,E,skip,D,C,B,E,A,skip,D,B,C,E,A,0.85,draw
950,equalize,5,E,skip,B,B,B,B,E,skip,C,C,B,E,A,skip,D,B,C,E,A,skip,0.8,draw
950,equalize,6,skip,A,C,D,E,E,skip,A,A,A,A,A,skip,D,C,C,E,A,skip,D,0.8,draw
951,equalize,1,A,B,A,C,D,skip,A,C,D,B,E,skip,D,C,B,E,A,skip,D,B,0.85,draw
951,equalize,2,B,C,D,E,skip,A,C,D,B,E,skip,D,C,B,E,A,skip,D,B,C,0.85,draw
951,equalize,3,C,D,E,skip,A,C,D,B,E,skip,D,C,B,E,A,skip,D,B,C,E,0.85,draw
951,equalize,4,D,E,skip,A,C,D,B,E,skip,D,C,B,E,A,skip,D,B,C,E,A,0.85,draw
951,equalize,5,E,skip,B,B,B,B,E,skip,C,C,B,E,A,skip,D,B,C,E,A,skip,0.8,draw
951,equalize,6,skip,A,C,D,E,E,skip,A,A,A,A,A,skip,D,C,C,E,A,skip,D,0.8,draw
952,equalize,1,A,B,A,C,D,skip,A,C,D,B,E,skip,D,C,B,E,A,skip,D,B,0.85,draw
952,equalize,2,B,C,D,E,skip,A,C,D,B,E,skip,D,C,B,E,A,skip,D,B,C,0.85,draw
952,equalize,3,C,D,E,skip,A,C,D,B,E,skip,D,C,B,E,A,skip,D,B,C,E,0.85,draw
952,equalize,4,D,E,skip,A,C,D,B,E,skip,D,C,B,E,A,skip,D,B,C,E,A,0.85,draw
952,equalize,5,E,skip,B,B,B,B,E,skip,C,C,B,E,A,skip,D,B,C,E,A,skip,0.8,draw
952,equalize,6,skip,A,C,D,E,E,skip,A,A,A,A,A,skip,D,C,C,E,A,skip,D,0.8,draw
953,equalize,1,A,B,A,C,D,skip,A,C,D,B,E,skip,D,C,B,E,A,skip,D,B,0.85,draw
953,equalize,2,B,C,D,E,skip,A,C,D,B,E,skip,D,C,B,E,A,skip,D,B,C,0.85,draw
953,equalize,3,C,D,E,skip,A,C,D,B,E,skip,D,C,B,E,A,skip,D,B,C,E,0.85,draw
953,equalize,4,D,E,skip,A,C,D,B,E,skip,D,C,B,E,A,skip,D,B,C,E,A,0.85,draw
953,equalize,5,E,skip,B,B,B,B,E,skip,C,C,B,E,A,skip,D,B,C,E,A,skip,0.8,draw
953,equalize,6,skip,A,C,D,E,E,skip,A,A,A,A,A,skip,D,C,C,E,A,skip,D,0.8,draw
954,equalize,1,A,B,A,C,D,skip,A,C,D,B,E,skip,D,C,B,E,A,skip,D,B,0.85,draw
954,equalize,2,B,C,D,E,skip,A,C,D,B,E,skip,D,C,B,E,A,skip,D,B,C,0.85,draw
954,equalize,3,C,D,E,skip,A,C,D,B,E,skip,D,C,B,E,A,skip,D,B,C,E,0.85,draw
954,equalize,4,D,E,skip,A,C,D,B,E,skip,D,C,B,E,A,skip,D,B,C,E,A,0.85,draw
954,equalize,5,E,skip,B,B,B,B,E,skip,C,C,B,E,A,skip,D,B,C,E,A,skip,0.8,draw
954,equalize,6,skip,A,C,D,E,E,skip,A,A,A,A,A,skip,D,C,C,E,A,skip,D,0.8,draw
955,equalize,1,A,B,A,C,D,skip,A,C,D,B,E,skip,D,C,B,E,A,skip,D,B,0.85,draw
955,equalize,2,B,C,D,E,skip,A,C,D,B,E,skip,D,C,B,E,A,skip,D,B,C,0.85,draw
955,equalize,3,C,D,E,skip,A,C,D,B,E,skip,D,C,B,E,A,skip,D,B,C,E,0.85,draw
955,equalize,4,D,E,skip,A,C,D,B,E,skip,D,C,B,E,A,skip,D,B,C,E,A,0.85,draw
955,equalize,5,E,skip,B,B,B,B,E,skip,C,C,B,E,A,skip,D,B,C,E,A,skip,0.8,draw
955,equalize,6,skip,A,C,D,E,E,skip,A,A,A,A,A,skip,D,C,C,E,A,skip,D,0.8,draw
956,equalize,1,A,B,A,C,D,skip,A,C,D,B,E,skip,D,C,B,E,A,skip,D,B,0.85,draw
956,equalize,2,B,C,D,E,skip,A,C,D,B,E,skip,D,C,B,E,A,skip,D,B,C,0.85,draw
956,equalize,3,C,D,E,skip,A,C,D,B,E,skip,D,C,B,E,A,skip,D,B,C,E,0.85,draw
956,equalize,4,D,E,skip,A,C,D,B,E,skip,D,C,B,E,A,skip,D,B,C,E,A,0.85,draw
956,equalize,5,E,skip,B,B,B,B,E,skip,C,C,B,E,A,skip,D,B,C,E,A,skip,0.8,draw
956,equalize,6,skip,A,C,D,E,E,skip,A,A,A,A,A,skip,D,C,C,E,A,skip,D,0.8,draw
957,equalize,1,A,B,A,C,D,skip,A,C,D,B,E,skip,D,C,B,E,A,skip,D,B,0.85,draw
957,equalize,2,B,C,D,E,skip,A,C,D,B,E,skip,D,C,B,E,A,skip,D,B,C,0.85,draw
957,equalize,3,C,D,E,skip,A,C,D,B,E,skip,D,C,B,E,A,skip,D,B,C,E,0.85,draw
957,equalize,4,D,E,skip,A,C,D,B,E,skip,D,C,B,E,A,skip,D,B,C,E,A,0.85,draw
957,equalize,5,E,skip,B,B,B,B,E,skip,C,C,B,E,A,skip,D,B,C,E,A,skip,0.8,draw
957,equalize,6,skip,A,C,D,E,E,skip,A,A,A,A,A,skip,D,C,C,E,A,skip,D,0.8,draw
958,equalize,1,A,B,A,C,D,skip,A,C,D,B,E,skip,D,C,B,E,A,skip,D,B,0.85,draw
958,equalize,2,B,C,D,E,skip,A,C,D,B,E,skip,D,C,B,E,A,skip,D,B,C,0.85,draw
958,equalize,3,C,D,E,skip,A,C,D,B,E,skip,D,C,B,E,A,skip,D,B,C,E,0.85,draw
958,equalize,4,D,E,skip,A,C,D,B,E,skip,D,C,B,E,A,skip,D,B,C,E,A,0.85,draw
958,equalize,5,E,skip,B,B,B,B,E,skip,C,C,B,E,A,skip,D,B,C,E,A,skip,0.8,draw
958,equalize,6,skip,A,C,D,E,E,skip,A,A,A,A,A,skip,D,C,C,E,A,skip,D,0.8,draw
959,equalize,1,A,B,A,C,D,skip,A,C,D,B,E,skip,D,C,B,E,A,skip,D,B,0.85,draw
959,equalize,2,B,C,D,E,skip,A,C,D,B,E,skip,D,C,B,E,A,skip,D,B,C,0.85,draw
959,equalize,3,C,D,E,skip,A,C,D,B,E,skip,D,C,B,E,A,skip,D,B,C,E,0.85,draw
959,equalize,4,D,E,skip,A,C,D,B,E,skip,D,C,B,E,A,skip,D,B,C,E,A,0.85,draw
959,equalize,5,E,skip,B,B,B,B,E,skip,C,C,B,E,A,skip,D,B,C,E,A,skip,0.8,draw
959,equalize,6,skip,A,C,D,E,E,skip,A,A,A,A,A,skip,D,C,C,E,A,skip,D,0.8,draw
960,equalize,1,A,B,A,C,D,skip,A,C,D,B,E,skip,D,C,B,E,A,skip,D,B,0.85,draw
960,equalize,2,B,C,D,E,skip,A,C,D,B,E,skip,D,C,B,E,A,skip,D,B,C,0.85,draw
960,equalize,3,C,D,E,skip,A,C,D,B,E,skip,D,C,B,E,A,skip,D,B,C,E,0.85,draw
960,equalize,4,D,E,skip,A,C,D,B,E,skip,D,C,B,E,A,skip,D,B,C,E,A,0.85,draw
960,equalize,5,E,skip,B,B,B,B,E,skip,C,C,B,E,A,skip,D,B,C,E,A,skip,0.8,draw
960,equalize,6,skip,A,C,D,E,E,skip,A,A,A,A,A,skip,D,C,C,E,A,skip,D,0.8,draw
961,turntaking,1,skip,D,C,C,C,C,C,C,D,D,D,B,B,B,B,B,B,B,D,D,0.65,turntaking
961,random,2,E,B,D,E,skip,B,A,C,skip,C,E,B,A,E,skip,B,D,D,A,B,0.15,turntaking
961,random,3,skip,B,E,skip,skip,B,D,B,E,C,D,A,E,C,A,D,B,E,D,B,0.1,turntaking
961,turntaking,4,C,B,E,E,E,E,B,E,E,B,E,E,E,E,E,E,E,E,E,E,0.6,turntaking
961,turntaking,5,D,C,D,B,B,D,D,B,B,E,B,D,D,D,D,D,D,D,B,B,0.65,turntaking
961,turntaking,6,E,E,B,D,D,B,E,D,C,C,C,C,C,C,C,C,C,C,C,C,0.8,turntaking
962,turntaking,1,skip,C,D,D,D,C,D,D,D,A,D,D,D,D,D,D,D,D,D,D,0.55,turntaking
962,turntaking,2,A,A,E,E,E,B,E,E,E,E,E,E,E,E,E,E,E,E,E,E,0.8,turntaking
962,random,3,A,E,A,skip,B,D,B,E,D,A,C,skip,D,C,E,E,A,D,B,B,0.2,turntaking
962,turntaking,4,C,E,C,C,C,E,C,C,C,C,C,C,C,C,C,C,C,C,C,C,0.85,turntaking
962,turntaking,5,D,D,A,A,A,D,A,A,A,D,A,A,A,A,A,A,A,A,A,A,0.6,turntaking
962,random,6,D,C,D,A,A,skip,A,E,D,B,skip,B,B,C,A,E,A,D,D,D,0.15,turntaking
963,turntaking,1,skip,D,A,D,B,B,A,B,A,A,A,A,D,A,A,D,A,A,A,A,0.85,turntaking
963,turntaking,2,A,E,E,A,E,E,E,E,C,C,C,C,B,E,E,E,B,B,B,B,0.7,turntaking
963,random,3,A,E,B,C,B,D,C,D,E,B,skip,E,D,skip,skip,skip,skip,B,E,E,0.15,turntaking
963,random,4,A,E,E,B,skip,E,C,C,B,C,D,D,skip,C,B,C,E,D,skip,skip,0.2,turntaking
963,turntaking,5,D,B,C,B,C,C,C,C,E,E,E,E,C,C,C,B,C,C,C,C,0.7,turntaking
963,turntaking,6,E,C,D,C,A,A,B,A,B,B,B,B,A,B,B,A,E,E,E,E,0.65,turntaking
964,turntaking,1,skip,C,C,E,B,B,E,E,E,E,E,B,A,A,A,A,A,A,A,B,0.65,turntaking
964,random,2,A,skip,C,E,D,E,A,A,E,D,C,A,skip,E,E,E,A,D,D,A,0.2,turntaking
964,turntaking,3,B,A,A,A,A,A,A,C,C,C,C,C,B,B,B,B,B,B,B,D,0.9,turntaking
964,turntaking,4,C,B,E,C,C,C,C,A,A,A,A,D,C,C,C,C,C,C,C,C,0.85,turntaking
964,random,5,E,B,B,D,B,E,D,A,skip,D,skip,A,A,D,skip,E,D,skip,C,skip,0.2,turntaking
964,turntaking,6,E,E,B,B,E,E,B,B,B,B,B,A,E,E,E,E,E,E,E,A,0.6,turntaking
965,turntaking,1,skip,E,E,E,E,B,B,B,B,B,B,D,D,D,D,D,D,D,D,D,0.8,turntaking
965,turntaking,2,A,skip,D,D,B,E,E,E,E,E,E,E,E,E,B,B,B,E,E,E,0.7,turntaking
965,random,3,B,B,B,D,A,A,skip,E,A,D,D,skip,B,A,skip,C,skip,C,skip,C,0.2,turntaking
965,turntaking,4,C,B,B,B,D,A,A,A,A,A,A,A,A,A,A,A,A,A,A,A,0.6,turntaking
965,random,5,D,A,E,C,E,A,skip,A,B,E,A,C,B,E,E,B,skip,B,A,B,0.2,turntaking
965,turntaking,6,E,D,A,A,A,D,D,D,D,D,D,B,B,B,E,E,E,B,B,B,0.65,turntaking
966,turntaking,1,skip,D,B,B,A,A,E,E,C,C,C,C,D,D,A,A,A,A,A,C,0.7,turntaking
966,turntaking,2,A,E,E,C,C,C,C,A,A,A,A,A,A,A,D,D,D,D,D,E,0.65,turntaking
966,turntaking,3,B,A,A,E,E,E,A,C,E,E,E,E,E,E,E,C,C,C,C,A,0.75,turntaking
966,turntaking,4,C,C,D,D,D,D,D,D,D,D,D,D,C,C,C,E,E,E,E,D,0.7,turntaking
966,random,5,D,A,skip,E,C,A,D,E,D,C,skip,D,A,A,D,D,skip,E,A,B,0.1,turntaking
966,random,6,C,skip,E,C,skip,skip,A,skip,C,C,D,skip,skip,E,E,B,B,E,B,skip,0.15,turntaking
967,random,1,B,D,D,E,C,C,A,E,A,D,B,A,D,skip,C,D,A,B,E,A,0.05,turntaking
967,random,2,skip,E,skip,A,skip,B,A,E,A,A,B,A,skip,D,E,skip,E,A,A,A,0.2,turntaking
967,turntaking,3,B,B,B,B,B,A,E,E,C,B,C,C,C,C,C,B,B,B,B,B,0.8,turntaking
967,turntaking,4,C,C,C,C,C,B,C,C,D,D,E,B,B,B,B,C,C,C,C,C,0.85,turntaking
967,turntaking,5,D,D,D,D,D,C,D,D,E,E,D,E,E,E,E,E,E,E,E,D,0.7,turntaking
967,turntaking,6,E,E,E,E,E,D,B,B,B,C,B,D,D,D,D,D,D,D,D,E,0.7,turntaking
968,random,1,A,D,D,E,skip,E,A,A,E,E,C,C,C,C,A,C,B,skip,A,C,0.05,turntaking
968,turntaking,2,A,A,A,E,E,C,A,D,D,D,A,A,A,E,E,A,A,A,A,A,0.7,turntaking
968,random,3,C,D,D,A,B,B,skip,E,D,E,D,D,C,B,D,A,C,skip,B,E,0.2,turntaking
968,turntaking,4,C,C,C,A,A,A,E,E,E,E,D,D,D,D,C,D,D,D,D,D,0.65,turntaking
968,turntaking,5,D,D,D,C,D,D,D,A,A,A,C,E,E,C,D,C,C,C,C,C,0.55,turntaking
968,turntaking,6,E,E,E,B,C,E,C,C,C,C,B,C,C,A,A,E,E,E,E,E,0.75,turntaking
969,random,1,B,D,C,skip,B,D,A,skip,A,D,E,D,D,E,A,A,D,D,A,C,0.05,turntaking
969,turntaking,2,A,A,A,E,D,D,C,A,B,B,D,D,D,C,C,C,C,C,C,C,0.6,turntaking
969,turntaking,3,B,B,B,A,C,C,A,C,C,C,C,C,C,A,D,A,A,A,A,A,0.6,turntaking
969,turntaking,4,C,C,C,C,B,B,B,B,A,A,A,A,A,B,B,B,B,B,B,B,0.8,turntaking
969,turntaking,5,D,D,D,B,A,A,D,D,D,D,B,B,B,E,A,D,D,D,D,D,0.65,turntaking
969,random,6,skip,skip,E,A,E,skip,C,C,C,E,D,skip,skip,skip,E,C,A,B,C,D,0.2,turntaking
970,turntaking,1,skip,D,B,D,D,D,D,D,D,D,C,C,C,C,C,C,C,C,C,C,0.7,turntaking
970,random,2,E,skip,D,skip,B,D,A,C,E,A,D,skip,B,A,E,B,D,C,skip,A,0.15,turntaking
970,turntaking,3,B,A,A,A,A,A,A,C,C,C,A,A,A,A,A,A,A,A,A,A,0.65,turntaking
970,random,4,C,C,E,B,E,B,D,E,A,E,A,D,C,D,A,A,E,E,B,C,0.25,turntaking
970,turntaking,5,D,C,C,C,C,C,C,A,A,A,D,D,D,D,D,D,D,D,D,D,0.65,turntaking
970,turntaking,6,E,E,D,E,E,E,E,E,E,E,E,E,E,E,E,E,E,E,E,E,0.55,turntaking
971,turntaking,1,skip,B,D,A,E,C,A,A,A,A,A,A,A,A,A,A,B,A,A,A,0.8,turntaking
971,turntaking,2,A,A,C,C,B,E,E,D,D,E,E,E,E,E,E,E,C,E,E,E,0.4,turntaking
971,turntaking,3,B,D,skip,E,C,A,C,C,C,C,C,C,C,C,C,C,D,C,C,C,0.65,turntaking
971,random,4,E,skip,D,D,C,C,B,B,D,skip,E,E,E,E,E,skip,C,C,C,B,0.15,turntaking
971,random,5,A,C,skip,skip,B,D,E,C,E,E,C,D,skip,C,skip,E,skip,C,D,A,0.05,turntaking
971,turntaking,6,E,E,A,D,A,D,D,E,E,D,D,D,D,D,D,D,A,D,D,D,0.7,turntaking
972,turntaking,1,skip,A,A,B,B,B,B,A,D,D,D,D,D,D,D,D,B,B,A,A,0.55,turntaking
972,turntaking,2,A,C,E,C,E,E,C,C,C,C,C,B,B,B,B,B,D,D,B,B,0.7,turntaking
972,turntaking,3,B,E,B,E,D,D,D,D,B,B,B,C,C,C,C,C,C,C,C,C,0.75,turntaking
972,random,4,D,A,skip,B,B,C,D,E,E,D,D,A,C,skip,skip,A,A,A,skip,C,0.1,turntaking
972,turntaking,5,D,B,D,A,A,A,A,B,A,A,A,A,A,A,A,A,A,A,D,D,0.65,turntaking
972,random,6,D,A,D,B,C,C,A,D,C,skip,C,D,B,E,B,B,B,D,C,A,0.1,turntaking
973,random,1,D,D,A,E,A,A,skip,C,A,E,skip,B,B,C,C,D,skip,E,B,B,0.15,turntaking
973,turntaking,2,A,A,A,E,A,A,A,E,A,A,A,A,A,A,A,E,B,D,A,B,0.55,turntaking
973,turntaking,3,B,B,B,C,C,D,D,C,E,E,E,E,E,E,E,D,D,E,D,E,0.65,turntaking
973,random,4,C,A,D,skip,B,E,A,B,C,B,skip,B,E,D,A,D,C,skip,D,E,0.15,turntaking
973,turntaking,5,D,D,D,A,E,E,E,B,B,B,B,B,B,B,B,A,A,B,E,D,0.6,turntaking
973,turntaking,6,E,E,E,B,B,B,B,D,D,D,D,D,D,D,D,C,E,C,C,A,0.9,turntaking
974,turntaking,1,skip,C,E,A,D,D,D,E,D,D,D,D,D,E,E,C,E,E,E,E,0.6,turntaking
974,random,2,skip,E,skip,C,C,skip,skip,B,D,A,A,E,A,E,A,E,D,E,D,B,0.1,turntaking
974,turntaking,3,B,E,D,C,C,C,C,C,C,C,C,C,C,C,C,E,A,A,A,A,0.6,turntaking
974,turntaking,4,C,B,C,skip,E,E,E,D,E,E,E,E,E,D,D,D,D,D,D,D,0.7,turntaking
974,turntaking,5,D,D,B,E,A,A,A,A,A,A,A,A,A,A,A,A,C,C,C,C,0.6,turntaking
974,random,6,D,skip,A,A,A,C,B,skip,C,A,D,C,E,D,E,B,E,A,C,C,0.15,turntaking
975,random,1,C,C,E,skip,B,E,E,A,C,E,B,A,skip,E,E,skip,skip,B,skip,B,0.0,turntaking
975,turntaking,2,A,A,A,D,A,A,A,D,A,A,D,A,A,A,A,D,C,A,A,A,0.85,turntaking
975,turntaking,3,B,B,B,A,B,C,C,C,C,C,A,C,C,C,C,A,A,D,E,E,0.8,turntaking
975,turntaking,4,C,C,C,B,C,B,B,A,B,E,B,E,E,E,E,B,E,B,B,B,0.45,turntaking
975,random,5,D,E,skip,skip,B,C,E,E,B,D,skip,D,A,skip,skip,D,skip,D,B,D,0.25,turntaking
975,turntaking,6,E,E,E,E,E,E,E,B,E,B,C,B,B,B,B,C,B,C,C,C,0.8,turntaking
976,turntaking,1,skip,E,E,C,E,E,B,B,D,D,D,D,D,E,E,E,D,E,E,D,0.65,turntaking
976,rotate,2,B,C,D,E,skip,A,B,C,D,E,skip,A,B,C,D,E,skip,A,B,C,0.2,turntaking
976,rotate,3,C,D,E,skip,A,B,C,D,E,skip,A,B,C,D,E,skip,A,B,C,D,0.2,turntaking
976,turntaking,4,C,C,C,E,D,D,C,C,C,C,C,C,C,C,C,C,C,C,B,B,0.6,turntaking
976,turntaking,5,D,B,B,B,B,B,A,D,B,B,B,B,A,D,D,D,E,D,A,E,0.75,turntaking
976,turntaking,6,E,D,D,D,C,C,E,E,E,E,E,E,B,B,B,B,B,B,D,C,0.65,turntaking
977,turntaking,1,skip,D,A,A,D,D,D,D,A,A,D,D,D,D,A,A,D,D,A,D,0.6,turntaking
977,turntaking,2,A,E,E,D,A,A,A,C,C,C,A,A,A,C,E,E,E,C,C,A,0.65,turntaking
977,rotate,3,C,D,E,skip,A,B,C,D,E,skip,A,B,C,D,E,skip,A,B,C,D,0.15,turntaking
977,turntaking,4,C,C,D,B,B,E,E,E,E,E,E,E,E,E,C,C,C,E,E,E,0.7,turntaking
977,turntaking,5,D,A,C,E,E,C,C,A,D,D,C,C,C,A,D,D,A,A,D,C,0.7,turntaking
977,rotate,6,skip,A,B,C,D,E,skip,A,B,C,D,E,skip,A,B,C,D,E,skip,A,0.2,turntaking
978,turntaking,1,skip,E,E,D,D,E,E,C,C,C,C,C,C,A,A,A,A,A,A,C,0.65,turntaking
978,turntaking,2,A,A,A,A,A,D,D,D,D,E,E,D,E,E,E,D,D,D,E,E,0.65,turntaking
978,rotate,3,C,D,E,skip,A,B,C,D,E,skip,A,B,C,D,E,skip,A,B,C,D,0.2,turntaking
978,rotate,4,D,E,skip,A,B,C,D,E,skip,A,B,C,D,E,skip,A,B,C,D,E,0.15,turntaking
978,turntaking,5,D,D,D,E,E,A,A,E,E,D,D,E,D,D,D,E,E,E,D,D,0.6,turntaking
978,turntaking,6,E,C,C,C,C,C,C,A,A,A,A,A,A,C,C,C,C,C,C,A,0.7,turntaking
979,turntaking,1,skip,C,E,B,B,C,B,B,C,C,C,B,B,B,C,C,C,B,B,B,0.6,turntaking
979,rotate,2,B,C,D,E,skip,A,B,C,D,E,skip,A,B,C,D,E,skip,A,B,C,0.2,turntaking
979,turntaking,3,B,B,C,A,D,D,C,C,B,B,B,C,C,C,B,B,B,C,C,C,0.65,turntaking
979,turntaking,4,C,D,D,C,E,E,D,D,D,D,D,D,D,D,D,D,D,D,D,D,0.75,turntaking
979,rotate,5,E,skip,A,B,C,D,E,skip,A,B,C,D,E,skip,A,B,C,D,E,skip,0.15,turntaking
979,turntaking,6,E,E,B,D,C,B,E,E,E,E,E,E,E,E,E,E,E,E,E,E,0.65,turntaking
980,turntaking,1,skip,A,A,C,C,E,A,A,A,C,C,C,C,E,E,E,E,C,C,C,0.6,turntaking
980,turntaking,2,A,D,E,E,E,C,D,D,E,E,E,A,D,D,D,D,D,D,D,D,0.65,turntaking
980,rotate,3,C,D,E,skip,A,B,C,D,E,skip,A,B,C,D,E,skip,A,B,C,D,0.15,turntaking
980,turntaking,4,C,C,D,D,D,D,E,E,C,A,A,E,A,A,A,C,A,A,A,A,0.7,turntaking
980,rotate,5,E,skip,A,B,C,D,E,skip,A,B,C,D,E,skip,A,B,C,D,E,skip,0.15,turntaking
980,turntaking,6,E,E,C,A,A,A,C,C,D,D,D,D,E,C,C,A,C,E,E,E,0.65,turntaking
981,turntaking,1,skip,E,E,E,A,A,A,A,E,E,E,E,E,E,E,E,E,E,E,E,0.7,turntaking
981,turntaking,2,A,A,C,C,C,B,B,C,B,B,B,B,B,B,B,B,B,B,B,B,0.65,turntaking
981,turntaking,3,B,B,D,D,E,E,E,B,C,A,A,A,A,A,A,A,A,A,A,A,0.75,turntaking
981,turntaking,4,C,C,B,B,B,C,C,E,A,C,C,C,C,C,C,C,C,C,C,C,0.65,turntaking
981,rotate,5,E,skip,A,B,C,D,E,skip,A,B,C,D,E,skip,A,B,C,D,E,skip,0.25,turntaking
981,rotate,6,skip,A,B,C,D,E,skip,A,B,C,D,E,skip,A,B,C,D,E,skip,A,0.15,turntaking
982,rotate,1,A,B,C,D,E,skip,A,B,C,D,E,skip,A,B,C,D,E,skip,A,B,0.4,turntaking
982,rotate,2,B,C,D,E,skip,A,B,C,D,E,skip,A,B,C,D,E,skip,A,B,C,0.1,turntaking
982,turntaking,3,B,B,B,B,B,B,B,E,E,E,D,D,D,C,C,C,D,D,D,C,0.65,turntaking
982,turntaking,4,C,C,C,C,C,C,C,A,A,A,A,A,B,B,B,B,B,E,E,E,0.75,turntaking
982,turntaking,5,D,D,D,D,D,D,D,C,B,B,B,B,E,E,E,E,E,B,B,B,0.65,turntaking
982,turntaking,6,E,E,E,E,E,E,E,D,D,C,C,C,C,D,D,D,C,C,C,D,0.75,turntaking
983,rotate,1,A,B,C,D,E,skip,A,B,C,D,E,skip,A,B,C,D,E,skip,A,B,0.2,turntaking
983,turntaking,2,A,A,A,A,A,C,C,C,C,C,C,C,C,C,C,C,C,C,C,C,0.65,turntaking
983,rotate,3,C,D,E,skip,A,B,C,D,E,skip,A,B,C,D,E,skip,A,B,C,D,0.15,turntaking
983,turntaking,4,C,C,C,C,C,A,A,A,A,A,A,A,A,A,A,A,A,A,A,A,0.65,turntaking
983,turntaking,5,D,D,D,D,D,D,D,D,D,D,D,D,D,D,D,D,D,D,D,D,0.65,turntaking
983,turntaking,6,E,E,E,E,E,E,E,E,E,E,E,E,E,E,E,E,E,E,E,E,0.7,turntaking
984,rotate,1,A,B,C,D,E,skip,A,B,C,D,E,skip,A,B,C,D,E,skip,A,B,0.1,turntaking
984,turntaking,2,A,A,A,A,A,A,A,D,D,D,D,D,D,A,A,A,A,B,B,B,0.65,turntaking
984,turntaking,3,B,B,B,B,B,B,B,E,E,E,E,A,A,B,B,B,B,D,D,D,0.7,turntaking
984,turntaking,4,C,C,C,C,C,C,C,B,A,A,A,C,C,E,C,C,C,C,C,C,0.75,turntaking
984,turntaking,5,D,D,D,D,D,D,D,C,C,B,B,B,B,C,D,D,D,A,A,A,0.65,turntaking
984,rotate,6,skip,A,B,C,D,E,skip,A,B,C,D,E,skip,A,B,C,D,E,skip,A,0.3,turntaking
985,turntaking,1,skip,E,D,D,E,B,E,E,B,B,B,D,D,D,E,E,E,B,B,D,0.6,turntaking
985,rotate,2,B,C,D,E,skip,A,B,C,D,E,skip,A,B,C,D,E,skip,A,B,C,0.15,turntaking
985,turntaking,3,B,B,C,C,C,C,D,D,E,E,D,E,B,B,C,C,C,C,E,E,0.65,turntaking
985,rotate,4,D,E,skip,A,B,C,D,E,skip,A,B,C,D,E,skip,A,B,C,D,E,0.15,turntaking
985,turntaking,5,D,D,B,B,B,D,C,C,D,D,E,B,C,C,D,D,D,E,C,C,0.65,turntaking
985,turntaking,6,E,C,E,E,D,E,B,B,C,C,C,C,E,E,B,B,B,D,D,B,0.65,turntaking
986,turntaking,1,skip,D,B,B,E,E,E,A,A,E,E,E,E,A,A,A,A,A,A,E,0.6,turntaking
986,turntaking,2,A,A,A,D,B,B,B,B,B,B,B,B,B,B,B,B,B,B,B,B,0.7,turntaking
986,turntaking,3,B,B,D,C,D,D,D,D,D,D,D,D,D,D,D,D,D,D,D,D,0.7,turntaking
986,rotate,4,D,E,skip,A,B,C,D,E,skip,A,B,C,D,E,skip,A,B,C,D,E,0.2,turntaking
986,rotate,5,E,skip,A,B,C,D,E,skip,A,B,C,D,E,skip,A,B,C,D,E,skip,0.15,turntaking
986,turntaking,6,E,E,E,A,A,A,A,E,E,A,A,A,A,E,E,E,E,E,E,A,0.65,turntaking
987,turntaking,1,skip,B,B,A,A,A,A,A,A,A,A,A,A,A,A,A,A,A,A,A,0.6,turntaking
987,turntaking,2,A,E,A,E,E,E,D,D,D,D,E,E,D,D,E,E,E,E,D,B,0.65,turntaking
987,turntaking,3,B,A,D,B,D,D,E,E,B,B,B,B,B,B,D,D,D,D,E,E,0.65,turntaking
987,rotate,4,D,E,skip,A,B,C,D,E,skip,A,B,C,D,E,skip,A,B,C,D,E,0.15,turntaking
987,turntaking,5,D,D,E,C,B,B,B,B,E,E,D,D,E,E,B,B,B,B,B,D,0.65,turntaking
987,rotate,6,skip,A,B,C,D,E,skip,A,B,C,D,E,skip,A,B,C,D,E,skip,A,0.1,turntaking
988,rotate,1,A,B,C,D,E,skip,A,B,C,D,E,skip,A,B,C,D,E,skip,A,B,0.15,turntaking
988,turntaking,2,A,A,A,A,A,A,A,A,A,A,A,A,A,A,A,A,A,A,A,A,0.65,turntaking
988,turntaking,3,B,B,D,D,D,D,D,D,D,D,D,D,D,D,D,D,D,D,D,D,0.65,turntaking
988,rotate,4,D,E,skip,A,B,C,D,E,skip,A,B,C,D,E,skip,A,B,C,D,E,0.15,turntaking
988,turntaking,5,D,D,B,B,B,B,B,B,B,B,B,B,B,B,B,B,B,B,B,B,0.65,turntaking
988,turntaking,6,E,E,E,E,E,E,E,E,E,E,E,E,E,E,E,E,E,E,E,E,0.65,turntaking
989,turntaking,1,skip,D,A,E,B,B,E,E,E,E,E,E,B,C,C,B,B,B,B,C,0.6,turntaking
989,rotate,2,B,C,D,E,skip,A,B,C,D,E,skip,A,B,C,D,E,skip,A,B,C,0.15,turntaking
989,turntaking,3,B,B,D,C,C,C,C,C,C,C,C,C,C,B,B,C,C,C,C,B,0.65,turntaking
989,turntaking,4,C,E,E,A,E,E,B,B,B,B,B,B,E,E,E,E,E,E,E,E,0.75,turntaking
989,turntaking,5,D,C,C,B,D,D,D,D,D,D,D,D,D,D,D,D,D,D,D,D,0.7,turntaking
989,rotate,6,skip,A,B,C,D,E,skip,A,B,C,D,E,skip,A,B,C,D,E,skip,A,0.25,turntaking
990,rotate,1,A,B,C,D,E,skip,A,B,C,D,E,skip,A,B,C,D,E,skip,A,B,0.15,turntaking
990,turntaking,2,A,A,A,A,A,A,A,A,A,A,A,A,A,A,A,A,A,A,A,A,0.65,turntaking
990,turntaking,3,B,B,E,B,B,B,B,B,B,B,B,B,B,B,B,B,B,B,B,B,0.65,turntaking
990,turntaking,4,C,C,C,E,E,C,E,E,E,E,E,E,E,E,E,E,E,E,E,E,0.65,turntaking
990,rotate,5,E,skip,A,B,C,D,E,skip,A,B,C,D,E,skip,A,B,C,D,E,skip,0.15,turntaking
990,turntaking,6,E,E,B,C,C,E,C,C,C,C,C,C,C,C,C,C,C,C,C,C,0.7,turntaking
991,turntaking,1,skip,E,E,A,E,A,D,E,E,A,D,E,A,E,E,E,E,E,B,B,0.7,turntaking
991,random3,2,C,C,C,C,C,C,C,C,C,A,C,C,C,C,A,A,A,A,A,A,0.5,turntaking
991,random3,3,D,B,B,B,B,A,A,A,B,B,C,A,B,E,A,C,E,E,C,C,0.05,turntaking
991,turntaking,4,C,C,C,D,B,D,B,D,B,D,C,D,D,B,D,B,B,B,E,E,0.7,turntaking
991,turntaking,5,D,D,B,B,C,B,C,B,C,B,B,B,B,C,B,C,C,C,C,C,0.4,turntaking
991,turntaking,6,E,B,D,E,D,E,E,A,D,E,E,A,E,D,A,D,D,D,D,D,0.8,turntaking
992,turntaking,1,skip,A,A,B,B,C,C,E,C,C,E,E,E,E,E,B,E,B,B,B,0.75,turntaking
992,turntaking,2,A,E,E,D,A,A,E,A,E,E,B,C,C,D,D,D,D,D,E,D,0.7,turntaking
992,random3,3,D,D,D,D,D,D,D,A,A,A,A,A,A,A,A,A,A,A,A,A,0.7,turntaking
992,turntaking,4,C,D,D,C,C,B,D,B,D,D,D,D,D,C,C,C,C,C,C,C,0.6,turntaking
992,turntaking,5,D,C,C,E,E,E,B,C,B,B,C,B,B,B,B,E,B,E,D,E,0.65,turntaking
992,random3,6,C,C,B,B,B,B,B,B,D,E,C,C,C,C,E,E,E,E,E,E,0.05,turntaking
993,turntaking,1,skip,E,D,D,D,B,B,B,B,B,C,E,B,A,E,A,A,A,C,E,0.75,turntaking
993,turntaking,2,A,B,B,C,A,D,D,D,D,D,E,D,A,D,D,B,D,B,D,B,0.65,turntaking
993,random3,3,C,C,C,C,E,D,D,E,C,C,C,C,C,D,C,C,C,C,C,C,0.25,turntaking
993,random3,4,C,C,C,C,C,C,C,C,C,C,C,D,B,B,B,B,B,B,E,E,0.2,turntaking
993,turntaking,5,D,A,A,B,B,C,A,A,A,A,B,B,C,E,A,E,C,E,A,A,0.85,turntaking
993,turntaking,6,E,D,E,A,E,A,E,E,E,E,A,A,E,B,B,D,E,D,E,D,0.75,turntaking
994,turntaking,1,skip,E,E,E,B,E,D,E,E,D,B,B,E,D,D,A,D,D,A,D,0.65,turntaking
994,random3,2,C,C,C,C,C,C,C,C,C,D,D,D,D,D,D,D,D,D,D,E,0.3,turntaking
994,turntaking,3,B,B,B,D,E,D,E,D,B,E,E,E,D,B,B,B,B,E,B,E,0.75,turntaking
994,turntaking,4,C,C,C,A,A,A,A,A,C,A,A,A,C,A,C,C,C,A,C,A,0.5,turntaking
994,random3,5,A,A,A,A,C,D,D,D,A,A,A,A,C,C,C,E,E,E,E,E,0.2,turntaking
994,turntaking,6,E,A,A,B,C,B,B,B,A,B,C,C,B,C,A,D,A,B,D,B,0.65,turntaking
995,turntaking,1,skip,E,E,A,E,B,B,C,E,E,B,B,B,E,C,E,E,B,E,E,0.85,turntaking
995,turntaking,2,A,A,A,B,A,C,A,B,B,B,C,E,E,A,B,A,A,E,A,A,0.85,turntaking
995,random3,3,D,D,D,D,D,D,D,A,D,D,D,D,D,D,B,B,B,B,B,B,0.3,turntaking
995,turntaking,4,C,C,C,D,C,E,D,E,D,D,A,D,C,C,A,C,C,D,D,D,0.35,turntaking
995,random3,5,C,C,C,C,C,C,C,C,C,C,C,A,C,C,B,B,B,D,D,C,0.2,turntaking
995,turntaking,6,E,D,D,E,D,A,E,A,A,A,E,A,A,D,E,D,D,A,C,C,0.65,turntaking
996,turntaking,1,skip,D,D,A,A,C,A,B,A,C,B,C,B,B,D,C,C,A,C,C,0.75,turntaking
996,turntaking,2,A,A,A,D,D,A,D,A,D,A,A,E,A,E,E,E,E,D,E,E,0.5,turntaking
996,turntaking,3,B,E,C,C,C,B,C,E,E,E,C,A,C,A,C,A,A,E,A,A,0.6,turntaking
996,turntaking,4,C,B,B,B,B,E,B,C,C,B,D,B,D,C,B,B,B,C,B,B,0.85,turntaking
996,random3,5,D,D,D,D,D,D,D,D,D,D,D,D,D,D,D,D,D,D,D,D,0.5,turntaking
996,random3,6,A,A,C,E,E,E,E,E,E,E,E,E,E,E,E,A,A,A,A,A,0.25,turntaking
997,random3,1,B,A,A,A,A,A,A,B,A,C,C,C,C,C,C,B,B,B,B,B,0.2,turntaking
997,random3,2,A,A,E,E,E,E,E,E,E,E,E,E,E,E,E,E,C,C,A,A,0.3,turntaking
997,turntaking,3,B,B,A,A,A,E,E,D,A,A,A,E,A,E,C,E,C,E,C,E,0.4,turntaking
997,turntaking,4,C,C,C,C,C,B,C,B,B,B,B,D,B,D,B,D,B,D,D,B,0.85,turntaking
997,turntaking,5,D,D,D,D,D,C,D,E,C,C,D,C,D,C,D,A,D,A,A,D,0.75,turntaking
997,turntaking,6,E,E,E,E,E,D,A,C,D,D,C,A,C,A,A,C,A,C,E,A,0.6,turntaking
998,random3,1,D,D,D,B,B,B,A,A,A,A,A,A,A,A,A,A,B,B,B,B,0.15,turntaking
998,turntaking,2,A,A,A,C,B,A,A,A,C,A,A,C,A,C,D,C,C,C,A,D,0.45,turntaking
998,random3,3,C,C,C,C,C,C,C,C,C,C,C,C,C,C,B,B,B,A,A,A,0.35,turntaking
998,turntaking,4,C,D,D,A,E,E,D,E,A,D,D,A,D,A,E,A,D,A,C,E,0.6,turntaking
998,turntaking,5,D,C,C,E,D,D,C,D,D,E,E,D,E,D,B,D,E,D,D,B,0.7,turntaking
998,turntaking,6,E,E,E,B,A,B,E,B,E,B,B,E,B,E,C,E,B,E,E,A,0.8,turntaking
999,random3,1,E,E,E,E,C,A,E,E,E,B,B,D,D,C,C,C,D,E,E,E,0.25,turntaking
999,turntaking,2,A,A,A,A,B,A,C,A,A,D,A,A,D,C,B,C,B,C,C,B,0.8,turntaking
999,turntaking,3,B,B,B,B,D,B,D,B,C,A,B,B,C,B,A,B,A,A,A,D,0.85,turntaking
999,turntaking,4,C,C,C,E,E,C,E,C,E,C,E,E,B,E,C,E,C,E,E,C,0.35,turntaking
999,turntaking,5,D,D,D,D,C,D,A,D,D,B,C,C,A,A,D,A,D,B,B,A,0.85,turntaking
999,random3,6,C,C,E,E,E,A,E,B,B,B,E,E,E,E,E,E,D,D,D,D,0.25,turntaking
1000,turntaking,1,skip,E,D,E,D,D,E,E,B,B,B,B,D,D,D,E,D,D,D,D,0.8,turntaking
1000,random3,2,C,C,C,C,C,C,C,C,C,C,C,E,E,E,B,B,B,B,B,B,0.5,turntaking
1000,turntaking,3,B,B,B,B,B,C,C,B,C,E,C,A,E,A,A,A,A,E,E,E,0.65,turntaking
1000,random3,4,A,A,A,A,A,A,A,A,A,D,D,D,D,D,D,D,E,E,E,B,0.25,turntaking
1000,turntaking,5,D,A,A,A,A,E,A,C,A,C,A,C,C,C,C,C,C,C,C,C,0.6,turntaking
1000,turntaking,6,E,D,E,D,E,B,B,D,E,D,E,E,B,E,E,D,E,A,A,A,0.75,turntaking
1001,turntaking,1,skip,A,A,A,A,A,A,C,E,E,E,B,B,A,E,E,D,D,D,D,0.6,turntaking
1001,turntaking,2,A,D,E,B,B,B,B,A,B,B,B,A,E,B,A,A,A,A,A,A,0.9,turntaking
1001,turntaking,3,B,B,D,E,E,E,E,B,C,C,C,E,D,E,D,D,E,E,E,E,0.75,turntaking
1001,random3,4,B,C,C,C,C,C,C,C,C,C,C,C,C,C,C,C,B,B,B,B,0.5,turntaking
1001,random3,5,E,D,D,D,D,D,D,C,D,A,A,A,A,A,E,E,B,D,D,D,0.15,turntaking
1001,turntaking,6,E,E,B,D,D,D,D,E,D,D,D,C,C,D,C,C,C,C,C,C,0.5,turntaking
1002,turntaking,1,skip,D,D,B,A,C,B,C,C,C,C,D,D,C,D,C,C,E,C,C,0.75,turntaking
1002,turntaking,2,A,A,A,D,B,B,A,A,A,A,A,B,B,A,B,A,A,A,A,A,0.5,turntaking
1002,turntaking,3,B,E,E,E,D,D,D,D,D,D,D,E,E,D,E,D,E,C,E,E,0.8,turntaking
1002,random3,4,C,C,C,C,A,A,A,A,E,E,A,E,E,E,E,E,E,E,A,D,0.15,turntaking
1002,turntaking,5,D,C,C,C,C,A,C,B,B,B,B,C,C,B,C,B,B,B,B,B,0.7,turntaking
1002,random3,6,A,A,B,B,B,B,B,B,B,E,A,A,A,A,E,E,A,D,D,D,0.25,turntaking
1003,random3,1,A,C,C,C,C,C,C,E,E,E,E,E,E,E,E,C,E,E,E,E,0.25,turntaking
1003,turntaking,2,A,A,A,A,A,C,A,E,E,A,E,A,E,A,E,E,E,A,E,E,0.45,turntaking
1003,turntaking,3,B,B,B,B,B,D,B,C,A,D,D,B,B,C,A,A,A,D,A,A,0.85,turntaking
1003,random3,4,C,C,C,C,A,C,C,C,C,C,C,C,C,C,A,C,C,C,B,B,0.25,turntaking
1003,turntaking,5,D,D,D,D,D,E,D,B,D,B,B,C,A,D,D,D,D,B,B,D,0.9,turntaking
1003,turntaking,6,E,E,E,E,E,A,E,D,B,C,A,D,D,B,B,B,B,C,D,B,0.85,turntaking
1004,turntaking,1,skip,C,B,B,B,E,B,B,A,A,A,A,A,A,E,B,C,C,A,E,0.75,turntaking
1004,random3,2,A,A,A,E,C,C,B,B,B,E,E,E,E,E,E,E,E,E,E,E,0.35,turntaking
1004,turntaking,3,B,A,A,C,A,B,C,E,B,B,C,C,C,C,A,A,E,B,C,A,0.75,turntaking
1004,turntaking,4,C,B,C,E,C,C,A,C,C,C,E,B,B,B,C,C,A,A,E,C,0.75,turntaking
1004,turntaking,5,D,D,D,A,D,A,D,A,D,D,B,D,D,D,B,D,B,D,B,B,0.4,turntaking
1004,random3,6,D,D,D,D,D,D,D,E,D,D,E,D,D,D,D,D,D,D,D,D,0.3,turntaking
1005,random3,1,E,D,D,D,D,D,D,D,D,E,E,E,E,E,E,E,B,B,B,B,0.55,turntaking
1005,turntaking,2,A,A,A,D,A,A,A,A,A,A,E,C,A,C,A,C,A,C,C,E,0.65,turntaking
1005,turntaking,3,B,B,B,A,E,E,E,E,E,E,A,A,D,D,B,A,D,D,D,D,0.85,turntaking
1005,turntaking,4,C,E,E,B,B,B,B,B,B,D,D,D,B,A,D,D,B,A,A,A,0.85,turntaking
1005,random3,5,C,C,C,A,A,A,C,C,D,E,E,E,B,B,B,C,C,C,C,C,0.05,turntaking
1005,turntaking,6,E,C,C,E,C,C,C,C,C,C,C,E,C,E,C,E,C,E,E,C,0.5,turntaking
1006,turntaking,1,skip,E,C,D,D,D,B,C,C,D,C,D,D,C,D,E,B,B,B,B,0.65,turntaking
1006,radicaleq,2,B,E,E,B,A,D,A,E,A,A,B,A,D,A,B,E,A,C,A,B,0.4,turntaking
1006,radicaleq,3,C,B,D,A,C,A,D,A,C,E,A,C,A,E,A,A,D,A,E,A,0.4,turntaking
1006,turntaking,4,C,C,E,E,E,E,D,D,B,E,E,E,E,E,C,D,D,D,D,D,0.7,turntaking
1006,turntaking,5,D,B,B,C,C,B,C,B,A,C,D,C,C,D,B,B,C,E,E,C,0.7,turntaking
1006,turntaking,6,E,D,D,B,B,C,E,E,D,B,B,B,B,B,A,C,E,C,C,E,0.7,turntaking
1007,turntaking,1,skip,D,D,C,E,E,D,E,D,B,C,C,C,C,C,A,A,D,E,E,0.65,turntaking
1007,turntaking,2,A,E,C,D,D,C,C,C,C,A,E,D,E,D,D,E,C,C,C,C,0.7,turntaking
1007,radicaleq,3,C,E,E,B,C,B,A,B,E,B,B,A,B,E,B,A,D,B,D,B,0.4,turntaking
1007,turntaking,4,C,C,A,A,A,A,A,A,A,D,D,E,D,E,E,C,D,A,A,A,0.7,turntaking
1007,turntaking,5,D,A,E,E,C,D,E,D,E,C,A,A,A,A,A,B,E,E,D,D,0.7,turntaking
1007,radicaleq,6,skip,D,A,D,B,E,B,C,B,D,E,B,C,B,D,B,B,C,B,E,0.35,turntaking
1008,turntaking,1,skip,E,C,B,E,A,A,A,D,E,E,E,D,C,C,A,A,A,B,E,0.7,turntaking
1008,turntaking,2,A,A,A,C,C,D,D,D,C,C,C,D,C,E,A,C,C,C,D,D,0.7,turntaking
1008,radicaleq,3,C,D,D,C,B,B,B,A,B,A,B,E,B,B,C,B,E,B,A,C,0.4,turntaking
1008,radicaleq,4,D,A,B,E,C,E,A,B,E,B,C,B,A,E,B,D,B,C,B,B,0.4,turntaking
1008,turntaking,5,D,D,D,A,D,C,C,C,A,A,D,C,A,A,D,E,E,D,E,C,0.65,turntaking
1008,turntaking,6,E,C,E,D,B,E,E,E,E,D,A,A,B,D,E,D,D,E,A,A,0.7,turntaking
1009,turntaking,1,skip,C,C,C,B,C,C,C,E,B,B,D,D,B,A,C,C,C,C,C,0.7,turntaking
1009,radicaleq,2,B,D,A,C,A,D,A,C,A,A,B,A,C,A,B,D,A,C,A,D,0.4,turntaking
1009,turntaking,3,B,B,B,E,D,D,D,D,D,D,C,C,C,C,E,D,D,D,D,D,0.65,turntaking
1009,turntaking,4,C,D,E,D,C,B,B,B,A,E,E,E,E,E,B,B,B,B,B,B,0.7,turntaking
1009,radicaleq,5,E,B,D,A,C,A,E,A,D,C,A,E,A,D,A,A,E,A,B,A,0.4,turntaking
1009,turntaking,6,E,E,D,B,E,E,E,E,B,C,D,B,B,D,C,E,E,E,E,E,0.7,turntaking
1010,turntaking,1,skip,A,A,A,C,A,A,A,E,D,D,C,D,C,B,A,A,A,A,A,0.7,turntaking
1010,turntaking,2,A,D,E,D,A,C,C,C,B,E,E,E,E,E,C,C,C,C,C,C,0.7,turntaking
1010,radicaleq,3,C,D,B,A,B,D,B,A,B,B,D,B,A,B,C,D,B,A,B,D,0.4,turntaking
1010,turntaking,4,C,C,C,E,D,D,D,D,C,C,A,A,A,A,E,D,D,D,D,D,0.65,turntaking
1010,radicaleq,5,E,C,D,B,A,B,E,B,C,A,B,E,B,D,B,B,E,B,C,B,0.4,turntaking
1010,turntaking,6,E,E,D,C,E,E,E,E,D,A,C,D,C,D,A,E,E,E,E,E,0.7,turntaking
1011,turntaking,1,skip,E,E,A,A,C,A,D,B,C,C,B,B,B,B,B,B,B,A,B,0.7,turntaking
1011,turntaking,2,A,A,C,C,C,E,E,A,A,A,A,A,A,E,E,E,E,E,E,A,0.7,turntaking
1011,turntaking,3,B,B,D,B,B,B,B,E,E,E,E,C,C,A,C,C,C,C,C,D,0.7,turntaking
1011,turntaking,4,C,C,B,E,E,A,C,B,C,B,B,E,E,D,A,A,A,A,B,C,0.7,turntaking
1011,radicaleq,5,E,skip,C,A,D,B,D,A,E,D,C,D,C,D,D,C,D,B,D,C,0.4,turntaking
1011,radicaleq,6,skip,A,D,D,E,D,C,D,D,B,D,A,D,B,E,D,A,D,E,D,0.35,turntaking
1012,radicaleq,1,A,D,A,E,B,E,D,E,E,B,E,D,E,B,A,E,D,E,B,E,0.4,turntaking
1012,radicaleq,2,B,A,C,A,E,C,E,A,D,E,C,E,A,E,E,C,E,A,E,C,0.4,turntaking
1012,turntaking,3,B,B,B,A,A,A,A,E,C,C,C,B,B,B,B,A,A,A,A,D,0.7,turntaking
1012,turntaking,4,C,C,A,C,C,C,C,B,D,A,A,A,A,D,C,C,C,C,C,E,0.7,turntaking
1012,turntaking,5,D,D,D,B,B,B,B,A,A,D,D,D,D,C,A,B,B,B,B,A,0.7,turntaking
1012,turntaking,6,E,E,C,D,D,D,D,C,B,B,B,C,C,E,D,D,D,D,D,C,0.7,turntaking
1013,radicaleq,1,A,B,D,B,B,C,B,E,B,D,A,B,E,B,A,B,B,E,B,A,0.4,turntaking
1013,turntaking,2,A,A,A,B,C,D,D,C,D,D,D,D,D,D,D,E,A,C,E,E,0.7,turntaking
1013,radicaleq,3,C,E,B,A,E,B,D,B,A,B,B,C,B,D,B,C,A,B,D,B,0.4,turntaking
1013,turntaking,4,C,C,C,A,A,E,E,E,E,C,A,A,A,A,A,D,E,E,C,C,0.7,turntaking
1013,turntaking,5,D,D,D,D,D,C,C,D,C,B,E,E,E,E,E,C,C,A,A,A,0.7,turntaking
1013,turntaking,6,E,E,E,C,E,A,A,A,A,E,C,C,C,C,C,B,D,D,D,D,0.7,turntaking
1014,radicaleq,1,A,E,B,E,E,A,E,D,E,A,C,E,B,E,A,E,E,D,E,A,0.4,turntaking
1014,turntaking,2,A,A,A,D,D,D,D,D,B,D,C,A,A,A,A,C,D,D,B,B,0.7,turntaking
1014,turntaking,3,B,B,B,B,A,A,A,A,A,E,B,B,B,D,D,B,B,A,A,A,0.7,turntaking
1014,turntaking,4,C,C,C,A,C,C,C,C,C,B,D,D,D,B,B,E,C,C,C,C,0.7,turntaking
1014,turntaking,5,D,D,D,E,B,B,B,B,D,A,A,C,C,C,C,D,A,B,D,D,0.75,turntaking
1014,radicaleq,6,skip,C,E,D,C,E,B,E,C,E,E,D,E,C,E,B,A,E,C,E,0.4,turntaking
1015,turntaking,1,skip,E,E,E,B,E,E,E,C,B,B,D,B,D,A,E,E,E,E,E,0.7,turntaking
1015,radicaleq,2,B,C,A,E,A,D,A,E,A,A,B,A,E,A,D,B,A,E,A,B,0.4,turntaking
1015,turntaking,3,B,B,B,D,D,D,D,D,D,D,E,E,E,E,C,B,D,D,B,B,0.65,turntaking
1015,radicaleq,4,D,B,C,A,E,A,C,A,D,E,A,C,A,B,A,A,C,A,D,A,0.4,turntaking
1015,turntaking,5,D,D,C,B,C,C,C,C,B,E,D,B,D,B,E,C,C,C,C,C,0.7,turntaking
1015,turntaking,6,E,C,D,C,E,B,B,B,A,C,C,C,C,C,D,D,B,B,D,D,0.7,turntaking
1016,turntaking,1,skip,D,D,D,D,A,E,E,E,A,D,D,A,D,E,B,B,B,B,B,0.7,turntaking
1016,turntaking,2,A,A,A,A,B,D,D,D,B,B,B,B,B,C,A,A,A,A,A,D,0.65,turntaking
1016,turntaking,3,B,B,C,E,E,E,A,B,A,E,E,E,E,A,D,D,D,D,D,C,0.7,turntaking
1016,radicaleq,4,D,skip,A,B,C,E,C,E,A,C,A,C,E,C,C,D,C,E,C,D,0.4,turntaking
1016,radicaleq,5,E,A,C,C,D,C,D,C,C,B,C,D,C,B,E,C,A,C,B,C,0.35,turntaking
1016,turntaking,6,E,E,B,B,A,B,B,C,D,D,A,A,D,B,B,E,E,E,E,A,0.7,turntaking
1017,turntaking,1,skip,B,D,D,D,D,B,A,B,C,A,A,A,A,A,E,E,D,D,D,0.65,turntaking
1017,turntaking,2,A,E,B,A,A,A,D,D,D,E,D,B,D,B,B,B,A,A,A,A,0.7,turntaking
1017,turntaking,3,B,A,A,B,B,B,A,B,A,A,E,E,E,E,E,C,B,B,B,B,0.7,turntaking
1017,radicaleq,4,D,E,A,C,B,C,E,C,A,C,C,E,C,D,C,E,D,C,B,C,0.4,turntaking
1017,turntaking,5,D,D,E,E,E,E,E,E,E,B,B,D,B,D,D,A,D,E,E,E,0.7,turntaking
1017,radicaleq,6,skip,B,E,A,C,D,C,D,C,B,D,C,A,C,B,C,C,A,C,D,0.35,turntaking
1018,radicaleq,1,A,C,B,C,C,B,C,E,C,D,B,C,E,C,B,C,C,A,C,B,0.4,turntaking
1018,turntaking,2,A,A,A,C,D,D,D,D,B,D,D,D,D,D,D,A,B,E,E,E,0.7,turntaking
1018,turntaking,3,B,B,B,D,B,B,A,A,D,C,E,E,E,E,E,E,E,B,B,B,0.7,turntaking
1018,radicaleq,4,D,E,C,A,E,C,D,C,A,C,C,A,C,D,C,E,B,C,D,C,0.4,turntaking
1018,turntaking,5,D,D,D,A,A,E,E,E,E,B,B,B,B,B,B,D,A,A,A,A,0.7,turntaking
1018,turntaking,6,E,E,E,B,E,A,B,B,A,E,A,A,A,A,A,C,D,D,D,D,0.7,turntaking
1019,turntaking,1,skip,D,D,E,D,D,B,B,C,A,C,C,C,C,C,D,D,D,D,D,0.65,turntaking
1019,radicaleq,2,B,E,E,A,E,A,C,A,B,A,A,E,A,B,A,D,E,A,B,A,0.4,turntaking
1019,turntaking,3,B,B,C,C,C,C,C,C,D,C,B,B,B,B,B,C,E,E,E,E,0.7,turntaking
1019,turntaking,4,C,E,B,B,B,E,E,E,E,D,D,D,E,E,E,B,C,C,C,C,0.7,turntaking
1019,turntaking,5,D,C,E,D,E,B,D,D,B,B,E,E,D,D,D,A,B,B,B,B,0.7,turntaking
1019,radicaleq,6,skip,D,C,B,A,D,A,E,A,C,D,A,C,A,E,A,A,C,A,D,0.35,turntaking
1020,radicaleq,1,A,D,B,D,D,B,D,E,D,A,B,D,E,D,B,D,D,E,D,B,0.4,turntaking
1020,turntaking,2,A,A,A,D,C,C,C,C,C,A,A,A,A,A,A,E,B,C,C,C,0.7,turntaking
1020,turntaking,3,B,B,B,C,B,B,A,A,A,D,E,E,E,E,E,C,C,B,B,B,0.7,turntaking
1020,turntaking,4,C,C,E,B,E,A,B,B,B,E,C,C,C,C,C,D,A,A,A,A,0.7,turntaking
1020,radicaleq,5,E,C,D,A,E,D,C,D,B,D,D,C,D,A,D,C,B,D,A,D,0.4,turntaking
1020,turntaking,6,E,E,C,A,A,E,E,E,E,C,B,B,B,B,B,A,E,E,E,E,0.7,turntaking
1021,turntaking,1,skip,E,D,D,E,A,A,C,E,A,B,A,C,D,E,E,A,A,B,A,0.75,turntaking
1021,rotate0,2,B,B,B,B,B,B,B,B,B,B,B,B,B,B,B,B,B,B,B,B,0.45,turntaking
1021,rotate0,3,C,C,C,C,C,C,C,C,C,C,C,C,C,C,C,C,C,C,C,C,0.3,turntaking
1021,turntaking,4,C,C,C,B,C,E,B,E,B,D,D,D,D,B,D,B,D,B,E,D,0.5,turntaking
1021,turntaking,5,D,B,B,E,B,D,D,D,D,E,A,C,E,E,A,A,C,D,A,C,0.7,turntaking
1021,turntaking,6,E,D,E,A,D,C,E,A,A,C,C,E,A,A,C,D,E,E,C,E,0.75,turntaking
1022,turntaking,1,skip,D,A,A,D,A,D,A,D,A,A,D,A,D,A,D,A,D,A,A,0.95,turntaking
1022,turntaking,2,A,E,E,B,E,B,E,B,E,E,B,E,E,A,E,A,E,A,E,E,1.0,turntaking
1022,rotate0,3,C,C,C,C,C,C,C,C,C,C,C,C,C,C,C,C,C,C,C,C,0.5,turntaking
1022,turntaking,4,C,C,C,D,C,D,C,D,C,D,D,C,D,C,D,C,D,C,D,D,0.5,turntaking
1022,turntaking,5,D,A,D,E,A,E,A,E,A,B,E,A,B,E,B,E,B,E,B,B,1.0,turntaking
1022,rotate0,6,skip,skip,skip,skip,skip,skip,skip,skip,skip,skip,skip,skip,skip,skip,skip,skip,skip,skip,skip,skip,0.0,turntaking
1023,turntaking,1,skip,E,E,A,E,B,B,D,A,B,C,E,A,A,B,B,D,B,C,E,0.75,turntaking
1023,turntaking,2,A,A,A,B,A,D,A,B,B,C,B,B,C,E,A,A,C,E,B,C,0.75,turntaking
1023,rotate0,3,C,C,C,C,C,C,C,C,C,C,C,C,C,C,C,C,C,C,C,C,0.3,turntaking
1023,rotate0,4,D,D,D,D,D,D,D,D,D,D,D,D,D,D,D,D,D,D,D,D,0.5,turntaking
1023,turntaking,5,D,D,D,C,D,E,C,E,C,E,E,D,E,D,E,D,A,A,A,A,0.5,turntaking
1023,turntaking,6,E,C,C,E,C,A,E,A,E,A,A,A,B,B,C,E,B,C,E,B,0.75,turntaking
1024,turntaking,1,skip,C,C,A,A,E,D,A,A,B,A,E,D,D,A,A,E,C,A,E,0.7,turntaking
1024,rotate0,2,B,B,B,B,B,B,B,B,B,B,B,B,B,B,B,B,B,B,B,B,0.45,turntaking
1024,turntaking,3,B,B,B,D,C,D,C,D,C,A,E,D,A,A,E,C,D,D,E,D,0.7,turntaking
1024,turntaking,4,C,D,D,E,D,A,A,E,D,E,D,A,E,C,D,D,A,A,B,A,0.75,turntaking
1024,rotate0,5,E,E,E,E,E,E,E,E,E,E,E,E,E,E,E,E,E,E,E,E,0.3,turntaking
1024,turntaking,6,E,E,E,C,B,C,B,C,B,C,C,C,C,B,C,B,C,B,D,C,0.55,turntaking
1025,turntaking,1,skip,A,A,B,B,E,D,B,B,C,B,E,D,D,B,B,E,A,B,E,0.7,turntaking
1025,turntaking,2,A,D,D,E,D,B,B,E,D,E,D,B,E,A,D,D,B,B,C,B,0.75,turntaking
1025,rotate0,3,C,C,C,C,C,C,C,C,C,C,C,C,C,C,C,C,C,C,C,C,0.45,turntaking
1025,turntaking,4,C,C,C,D,A,D,A,D,A,B,E,D,B,B,E,A,D,D,E,D,0.7,turntaking
1025,rotate0,5,E,E,E,E,E,E,E,E,E,E,E,E,E,E,E,E,E,E,E,E,0.3,turntaking
1025,turntaking,6,E,E,E,A,C,A,C,A,C,A,A,A,A,C,A,C,A,C,D,A,0.55,turntaking
1026,turntaking,1,skip,E,E,E,E,C,E,C,E,B,C,E,C,E,C,E,C,E,C,A,0.45,turntaking
1026,turntaking,2,A,A,A,A,A,D,A,D,A,A,D,A,B,B,B,B,B,B,B,B,1.0,turntaking
1026,turntaking,3,B,B,B,B,B,A,B,A,C,C,B,B,A,C,A,C,A,C,A,C,1.0,turntaking
1026,turntaking,4,C,C,C,C,C,B,C,B,B,D,A,C,D,A,D,A,D,A,D,D,1.0,turntaking
1026,rotate0,5,E,E,E,E,E,E,E,E,E,E,E,E,E,E,E,E,E,E,E,E,0.5,turntaking
1026,rotate0,6,skip,skip,skip,skip,skip,skip,skip,skip,skip,skip,skip,skip,skip,skip,skip,skip,skip,skip,skip,skip,0.0,turntaking
1027,rotate0,1,A,A,A,A,A,A,A,A,A,A,A,A,A,A,A,A,A,A,A,A,0.45,turntaking
1027,rotate0,2,B,B,B,B,B,B,B,B,B,B,B,B,B,B,B,B,B,B,B,B,0.35,turntaking
1027,turntaking,3,B,B,B,E,B,A,B,A,B,A,D,D,D,A,D,A,D,A,D,D,0.4,turntaking
1027,turntaking,4,C,C,C,A,A,D,A,E,E,D,C,E,E,D,E,E,C,C,A,E,0.8,turntaking
1027,turntaking,5,D,D,D,C,E,C,D,C,C,E,B,B,C,C,B,D,E,E,B,C,0.8,turntaking
1027,turntaking,6,E,E,E,D,D,E,E,D,D,C,A,C,B,E,C,C,B,D,C,B,0.8,turntaking
1028,rotate0,1,A,A,A,A,A,A,A,A,A,A,A,A,A,A,A,A,A,A,A,A,0.45,turntaking
1028,turntaking,2,A,A,A,D,E,D,E,D,E,B,B,C,E,E,B,B,C,D,B,C,0.7,turntaking
1028,rotate0,3,C,C,C,C,C,C,C,C,C,C,C,C,C,C,C,C,C,C,C,C,0.3,turntaking
1028,turntaking,4,C,C,C,E,A,E,A,E,A,D,D,D,D,A,D,A,D,A,E,E,0.55,turntaking
1028,turntaking,5,D,D,D,C,D,B,B,C,D,C,E,B,C,D,E,E,B,B,A,B,0.75,turntaking
1028,turntaking,6,E,E,E,B,B,C,D,B,B,A,C,E,B,B,C,D,E,E,C,D,0.75,turntaking
1029,rotate0,1,A,A,A,A,A,A,A,A,A,A,A,A,A,A,A,A,A,A,A,A,0.5,turntaking
1029,turntaking,2,A,A,A,D,A,D,A,C,A,D,C,A,D,A,D,A,D,A,D,B,0.5,turntaking
1029,turntaking,3,B,B,B,E,B,E,B,E,B,B,B,B,C,C,C,C,C,C,C,C,1.0,turntaking
1029,turntaking,4,C,C,C,B,C,B,D,B,C,C,D,D,B,D,B,D,B,D,B,D,1.0,turntaking
1029,turntaking,5,D,D,D,C,D,C,C,D,D,E,E,C,E,B,E,B,E,B,E,E,1.0,turntaking
1029,rotate0,6,skip,skip,skip,skip,skip,skip,skip,skip,skip,skip,skip,skip,skip,skip,skip,skip,skip,skip,skip,skip,0.0,turntaking
1030,turntaking,1,skip,E,E,A,A,D,C,A,A,B,A,D,C,C,A,A,D,E,A,D,0.7,turntaking
1030,rotate0,2,B,B,B,B,B,B,B,B,B,B,B,B,B,B,B,B,B,B,B,B,0.45,turntaking
1030,turntaking,3,B,B,B,C,E,C,E,C,E,A,D,C,A,A,D,E,C,C,D,C,0.7,turntaking
1030,rotate0,4,D,D,D,D,D,D,D,D,D,D,D,D,D,D,D,D,D,D,D,D,0.3,turntaking
1030,turntaking,5,D,D,D,E,B,E,B,E,B,E,E,E,E,B,E,B,E,B,C,E,0.55,turntaking
1030,turntaking,6,E,C,C,D,C,A,A,D,C,D,C,A,D,E,C,C,A,A,B,A,0.75,turntaking
1031,turntaking,1,skip,D,D,B,D,A,B,A,B,A,C,A,A,A,C,C,E,B,C,E,0.7,turntaking
1031,turntaking,2,A,A,A,C,A,E,A,C,C,E,E,C,E,B,A,A,C,C,D,C,0.75,turntaking
1031,turntaking,3,B,B,B,A,B,C,C,E,A,C,D,E,C,C,E,B,A,A,E,A,0.75,turntaking
1031,rotate0,4,D,D,D,D,D,D,D,D,D,D,D,D,D,D,D,D,D,D,D,D,0.45,turntaking
1031,rotate0,5,E,E,E,E,E,E,E,E,E,E,E,E,E,E,E,E,E,E,E,E,0.3,turntaking
1031,turntaking,6,E,E,E,D,E,B,D,B,D,B,B,B,B,D,B,D,B,D,A,B,0.5,turntaking
1032,turntaking,1,skip,B,A,A,B,A,B,A,B,A,A,B,A,B,A,B,A,B,A,A,0.95,turntaking
1032,turntaking,2,A,E,E,C,E,C,E,C,E,C,C,E,E,A,E,A,E,A,E,E,1.0,turntaking
1032,turntaking,3,B,A,B,E,A,E,A,E,A,E,E,A,C,E,C,E,C,E,C,C,1.0,turntaking
1032,rotate0,4,D,D,D,D,D,D,D,D,D,D,D,D,D,D,D,D,D,D,D,D,0.5,turntaking
1032,turntaking,5,D,D,D,B,D,B,D,B,D,B,B,D,B,D,B,D,B,D,B,B,0.5,turntaking
1032,rotate0,6,skip,skip,skip,skip,skip,skip,skip,skip,skip,skip,skip,skip,skip,skip,skip,skip,skip,skip,skip,skip,0.0,turntaking
1033,rotate0,1,A,A,A,A,A,A,A,A,A,A,A,A,A,A,A,A,A,A,A,A,0.45,turntaking
1033,turntaking,2,A,A,A,B,E,B,E,B,E,C,C,D,B,B,C,C,D,E,C,D,0.7,turntaking
1033,turntaking,3,B,B,B,D,B,C,C,D,B,D,B,C,D,E,B,B,C,C,A,C,0.75,turntaking
1033,rotate0,4,D,D,D,D,D,D,D,D,D,D,D,D,D,D,D,D,D,D,D,D,0.3,turntaking
1033,turntaking,5,D,D,D,E,A,E,A,E,A,E,E,E,E,A,E,A,E,A,B,E,0.55,turntaking
1033,turntaking,6,E,E,E,C,C,D,B,C,C,A,D,B,C,C,D,E,B,B,D,B,0.75,turntaking
1034,turntaking,1,skip,D,C,C,D,D,C,C,D,D,D,C,D,C,D,C,C,D,D,D,0.95,turntaking
1034,rotate0,2,B,B,B,B,B,B,B,B,B,B,B,B,B,B,B,B,B,B,B,B,0.5,turntaking
1034,turntaking,3,B,B,B,D,B,C,B,D,B,C,C,B,C,B,C,B,D,B,C,C,0.5,turntaking
1034,turntaking,4,C,E,E,A,E,A,E,A,E,E,E,D,E,D,E,D,E,C,E,E,1.0,turntaking
1034,turntaking,5,D,C,D,E,C,E,D,E,C,A,A,E,A,E,A,E,A,E,A,A,1.0,turntaking
1034,rotate0,6,skip,skip,skip,skip,skip,skip,skip,skip,skip,skip,skip,skip,skip,skip,skip,skip,skip,skip,skip,skip,0.0,turntaking
1035,rotate0,1,A,A,A,A,A,A,A,A,A,A,A,A,A,A,A,A,A,A,A,A,0.45,turntaking
1035,turntaking,2,A,A,A,B,C,B,C,B,C,D,D,E,B,B,D,D,E,C,D,E,0.7,turntaking
1035,turntaking,3,B,B,B,E,B,D,D,E,B,E,B,D,E,C,B,B,D,D,A,D,0.75,turntaking
1035,turntaking,4,C,C,C,D,D,E,B,D,D,A,E,B,D,D,E,C,B,B,E,B,0.75,turntaking
1035,rotate0,5,E,E,E,E,E,E,E,E,E,E,E,E,E,E,E,E,E,E,E,E,0.3,turntaking
1035,turntaking,6,E,E,E,C,A,C,A,C,A,C,C,C,C,A,C,A,C,A,B,C,0.55,turntaking
1036,turntaking,1,skip,E,D,D,E,C,E,E,C,B,C,C,B,B,D,D,B,C,B,B,0.7,turntaking
1036,caste,2,B,A,A,A,A,A,A,A,A,A,A,A,A,A,A,A,A,A,A,A,1.0,turntaking
1036,caste,3,C,B,E,D,D,B,C,E,E,D,B,C,E,C,B,D,E,D,C,B,0.0,turntaking
1036,turntaking,4,C,C,B,B,D,D,D,D,E,E,E,E,E,E,E,E,E,E,E,E,0.75,turntaking
1036,turntaking,5,D,B,C,C,B,B,B,B,D,D,D,D,C,C,C,C,D,D,D,D,0.75,turntaking
1036,turntaking,6,E,D,E,E,C,E,C,C,B,C,B,B,D,D,B,B,C,B,C,C,0.75,turntaking
1037,turntaking,1,skip,D,A,A,D,D,C,C,D,D,C,C,D,D,C,C,D,D,C,C,0.7,turntaking
1037,turntaking,2,A,E,C,C,A,A,A,A,A,A,A,A,A,A,A,A,A,A,A,A,0.75,turntaking
1037,caste,3,C,B,B,B,B,B,B,B,B,B,B,B,B,B,B,B,B,B,B,B,0.95,turntaking
1037,turntaking,4,C,C,E,E,E,E,E,E,E,E,E,E,E,E,E,E,E,E,E,E,0.75,turntaking
1037,turntaking,5,D,A,D,D,C,C,D,D,C,C,D,D,C,C,D,D,C,C,D,D,0.75,turntaking
1037,caste,6,skip,E,D,A,E,A,D,C,E,A,D,C,E,A,D,C,E,A,D,C,0.0,turntaking
1038,turntaking,1,skip,E,C,C,E,E,D,D,E,E,D,D,E,E,D,D,E,E,D,D,0.7,turntaking
1038,turntaking,2,A,A,D,D,A,A,C,C,A,A,C,C,A,A,C,C,A,A,C,C,0.75,turntaking
1038,caste,3,C,B,B,B,B,B,B,B,B,B,B,B,B,B,B,B,B,B,B,B,1.0,turntaking
1038,caste,4,D,A,E,C,C,A,E,D,C,A,E,D,C,A,E,D,C,A,E,D,0.0,turntaking
1038,turntaking,5,D,D,A,A,C,C,A,A,C,C,A,A,C,C,A,A,C,C,A,A,0.75,turntaking
1038,turntaking,6,E,C,E,E,D,D,E,E,D,D,E,E,D,D,E,E,D,D,E,E,0.75,turntaking
1039,turntaking,1,skip,C,C,E,D,B,B,C,E,C,C,B,B,D,D,C,B,E,E,D,0.7,turntaking
1039,caste,2,B,A,A,A,A,A,A,A,A,A,A,A,A,A,A,A,A,A,A,A,0.95,turntaking
1039,turntaking,3,B,B,D,D,E,E,E,E,D,D,D,D,E,E,E,E,C,C,C,C,0.7,turntaking
1039,turntaking,4,C,D,E,B,B,D,C,D,C,E,B,E,D,B,C,B,E,B,D,B,0.75,turntaking
1039,caste,5,E,D,C,D,C,D,B,E,B,E,C,D,C,B,D,E,D,B,E,C,0.0,turntaking
1039,turntaking,6,E,E,B,C,C,C,D,B,B,B,E,C,C,C,B,D,D,D,B,E,0.75,turntaking
1040,turntaking,1,skip,A,A,E,D,D,D,C,A,C,C,D,D,D,D,C,C,C,C,D,0.7,turntaking
1040,turntaking,2,A,D,E,C,C,C,A,A,C,A,D,A,A,A,C,A,A,A,D,A,0.75,turntaking
1040,caste,3,C,B,B,B,B,B,B,B,B,B,B,B,B,B,B,B,B,B,B,B,0.95,turntaking
1040,turntaking,4,C,C,D,D,E,E,E,E,E,E,E,E,E,E,E,E,E,E,E,E,0.7,turntaking
1040,caste,5,E,D,A,D,A,C,D,E,D,A,C,E,C,A,D,E,D,A,C,E,0.0,turntaking
1040,turntaking,6,E,E,C,A,A,A,C,D,D,D,A,C,C,C,A,D,D,D,A,C,0.75,turntaking
1041,turntaking,1,skip,E,C,E,E,C,B,C,C,B,B,E,E,B,C,B,B,C,C,E,0.75,turntaking
1041,turntaking,2,A,A,A,A,A,A,A,A,A,A,A,A,A,A,A,A,A,A,A,A,0.75,turntaking
1041,turntaking,3,B,B,B,B,B,E,E,E,E,C,C,C,C,E,E,E,E,B,B,B,0.75,turntaking
1041,turntaking,4,C,C,E,C,C,B,C,B,B,E,E,B,B,C,B,C,C,E,E,C,0.75,turntaking
1041,caste,5,E,D,D,D,D,D,D,D,D,D,D,D,D,D,D,D,D,D,D,D,1.0,turntaking
1041,caste,6,skip,A,B,C,E,A,E,B,C,A,C,B,E,A,E,C,B,A,B,C,0.0,turntaking
1042,caste,1,A,A,A,A,A,A,A,A,A,A,A,A,A,A,A,A,A,A,A,A,1.0,turntaking
1042,caste,2,B,C,D,E,B,C,D,E,B,C,D,E,B,C,D,E,B,C,D,E,0.0,turntaking
1042,turntaking,3,B,B,B,B,B,B,B,B,B,B,B,B,B,B,B,B,B,B,B,B,0.75,turntaking
1042,turntaking,4,C,C,C,C,C,C,C,C,C,C,C,C,C,C,C,C,C,C,C,C,0.75,turntaking
1042,turntaking,5,D,D,D,D,D,D,D,D,D,D,D,D,D,D,D,D,D,D,D,D,0.75,turntaking
1042,turntaking,6,E,E,E,E,E,E,E,E,E,E,E,E,E,E,E,E,E,E,E,E,0.75,turntaking
1043,caste,1,A,B,B,B,B,B,B,B,B,B,B,B,B,B,B,B,B,B,B,B,0.95,turntaking
1043,turntaking,2,A,A,A,A,A,A,A,A,A,A,A,A,A,A,A,A,A,A,A,A,0.7,turntaking
1043,caste,3,C,D,E,A,C,D,E,A,C,D,E,A,C,D,E,A,C,D,E,A,0.0,turntaking
1043,turntaking,4,C,C,C,C,C,C,C,C,C,C,C,C,C,C,C,C,C,C,C,C,0.75,turntaking
1043,turntaking,5,D,D,D,D,D,D,D,D,D,D,D,D,D,D,D,D,D,D,D,D,0.75,turntaking
1043,turntaking,6,E,E,E,E,E,E,E,E,E,E,E,E,E,E,E,E,E,E,E,E,0.75,turntaking
1044,caste,1,A,E,E,E,E,E,E,E,E,E,E,E,E,E,E,E,E,E,E,E,0.95,turntaking
1044,turntaking,2,A,A,A,A,A,A,A,A,A,A,A,A,A,A,A,A,A,A,A,A,0.75,turntaking
1044,turntaking,3,B,B,B,B,B,B,B,B,B,B,B,B,B,B,B,B,B,B,B,B,0.75,turntaking
1044,turntaking,4,C,C,C,C,C,C,C,C,C,C,C,C,C,C,C,C,C,C,C,C,0.75,turntaking
1044,turntaking,5,D,D,D,D,D,D,D,D,D,D,D,D,D,D,D,D,D,D,D,D,0.75,turntaking
1044,caste,6,skip,B,C,D,A,B,C,D,A,B,C,D,A,B,C,D,A,B,C,D,0.0,turntaking
1045,turntaking,1,skip,E,E,D,C,D,D,E,E,B,B,D,C,D,D,B,E,B,B,E,0.7,turntaking
1045,caste,2,B,A,A,A,A,A,A,A,A,A,A,A,A,A,A,A,A,A,A,A,0.95,turntaking
1045,turntaking,3,B,B,C,C,D,B,B,B,C,C,C,C,E,E,E,E,C,C,C,C,0.7,turntaking
1045,caste,4,D,C,E,C,E,C,D,B,D,E,B,C,B,C,D,E,D,E,B,C,0.0,turntaking
1045,turntaking,5,D,D,B,E,E,E,C,D,D,D,E,B,B,B,C,D,D,D,D,B,0.75,turntaking
1045,turntaking,6,E,C,D,B,B,C,E,C,B,E,D,E,D,C,B,C,B,E,E,D,0.75,turntaking
1046,turntaking,1,skip,D,B,B,E,E,D,D,A,A,E,E,D,A,D,D,B,E,B,B,0.7,turntaking
1046,turntaking,2,A,A,E,A,A,A,B,B,B,B,D,B,B,B,E,A,A,A,D,A,0.75,turntaking
1046,turntaking,3,B,B,D,E,D,D,E,E,E,E,A,D,A,D,A,E,E,B,E,D,0.75,turntaking
1046,caste,4,D,C,C,C,C,C,C,C,C,C,C,C,C,C,C,C,C,C,C,C,1.0,turntaking
1046,caste,5,E,A,D,B,B,A,E,D,D,B,A,E,E,B,A,D,D,A,E,B,0.0,turntaking
1046,turntaking,6,E,E,A,D,B,B,A,A,D,D,B,A,E,E,B,B,D,D,A,E,0.75,turntaking
1047,turntaking,1,skip,B,A,A,D,D,B,B,D,D,D,D,B,B,D,D,B,B,D,D,0.7,turntaking
1047,turntaking,2,A,E,D,B,A,A,A,A,A,A,A,A,A,A,A,A,A,A,A,A,0.75,turntaking
1047,turntaking,3,B,A,B,D,B,B,D,D,B,B,B,B,D,D,B,B,D,D,B,B,0.75,turntaking
1047,caste,4,D,C,C,C,C,C,C,C,C,C,C,C,C,C,C,C,C,C,C,C,0.95,turntaking
1047,turntaking,5,D,D,E,E,E,E,E,E,E,E,E,E,E,E,E,E,E,E,E,E,0.75,turntaking
1047,caste,6,skip,E,B,A,E,A,D,B,E,A,B,D,E,A,B,D,E,A,B,D,0.0,turntaking
1048,caste,1,A,C,C,C,C,C,C,C,C,C,C,C,C,C,C,C,C,C,C,C,0.95,turntaking
1048,turntaking,2,A,A,A,A,A,A,A,A,A,A,A,A,A,A,A,A,A,A,A,A,0.7,turntaking
1048,turntaking,3,B,B,D,D,D,D,B,B,D,D,B,B,D,D,B,B,D,D,B,B,0.75,turntaking
1048,caste,4,D,B,E,A,B,D,E,A,B,D,E,A,B,D,E,A,B,D,E,A,0.0,turntaking
1048,turntaking,5,D,D,B,B,B,B,D,D,B,B,D,D,B,B,D,D,B,B,D,D,0.75,turntaking
1048,turntaking,6,E,E,E,E,E,E,E,E,E,E,E,E,E,E,E,E,E,E,E,E,0.75,turntaking
1049,turntaking,1,skip,D,C,C,D,D,C,C,D,B,E,E,B,B,C,C,B,D,E,E,0.7,turntaking
1049,caste,2,B,A,A,A,A,A,A,A,A,A,A,A,A,A,A,A,A,A,A,A,0.95,turntaking
1049,turntaking,3,B,B,E,E,E,E,E,E,E,E,D,D,D,C,D,D,D,E,B,B,0.75,turntaking
1049,turntaking,4,C,E,B,B,B,B,B,B,C,C,C,C,E,E,E,E,C,C,C,C,0.75,turntaking
1049,turntaking,5,D,C,D,D,C,C,D,D,B,D,B,B,C,D,B,B,E,B,D,D,0.75,turntaking
1049,caste,6,skip,E,D,C,E,B,D,C,E,C,B,E,D,E,B,C,D,C,D,E,0.0,turntaking
1050,caste,1,A,D,D,D,D,D,D,D,D,D,D,D,D,D,D,D,D,D,D,D,0.95,turntaking
1050,turntaking,2,A,A,A,A,A,A,A,A,A,A,A,A,A,A,A,A,A,A,A,A,0.7,turntaking
1050,turntaking,3,B,B,E,C,B,B,C,B,E,E,B,C,B,B,C,E,C,C,E,B,0.75,turntaking
1050,turntaking,4,C,C,C,E,E,E,E,E,C,C,C,B,E,E,E,C,B,B,B,E,0.75,turntaking
1050,caste,5,E,B,C,A,C,B,E,A,B,E,C,A,C,B,E,A,E,C,B,A,0.0,turntaking
1050,turntaking,6,E,E,B,B,C,C,B,C,B,B,E,E,C,C,B,B,E,E,C,C,0.75,turntaking
1051,turntaking,1,skip,E,E,C,A,B,B,A,B,B,B,B,B,D,E,E,E,A,A,A,0.65,turntaking
1051,equalize,2,B,B,A,D,E,D,B,D,D,B,D,E,D,B,C,D,E,D,B,D,0.4,turntaking
1051,equalize,3,C,A,E,A,D,A,D,C,E,D,A,D,C,D,D,A,D,C,D,A,0.4,turntaking
1051,turntaking,4,C,C,B,A,B,C,C,D,A,A,A,A,A,B,B,C,C,C,C,E,0.7,turntaking
1051,turntaking,5,D,B,C,E,E,E,A,C,C,E,E,E,E,A,C,B,B,B,B,C,0.7,turntaking
1051,turntaking,6,E,D,A,B,C,A,E,B,E,C,C,C,C,E,A,A,A,E,E,D,0.7,turntaking
1052,turntaking,1,skip,D,A,B,A,A,A,A,A,E,E,E,D,D,E,E,B,A,A,A,0.7,turntaking
1052,turntaking,2,A,E,C,E,D,D,C,D,D,D,A,A,A,A,A,C,D,D,D,D,0.7,turntaking
1052,equalize,3,C,B,D,B,B,E,B,C,B,E,B,C,E,C,B,C,C,E,C,B,0.4,turntaking
1052,turntaking,4,C,C,E,A,C,C,D,C,C,A,B,B,B,B,B,D,E,E,E,E,0.7,turntaking
1052,turntaking,5,D,A,D,C,E,E,E,E,E,B,D,D,E,E,D,A,A,B,B,B,0.7,turntaking
1052,equalize,6,skip,E,B,A,D,B,A,B,D,B,C,A,C,D,C,A,B,C,D,C,0.4,turntaking
1053,turntaking,1,skip,E,E,D,E,D,D,D,D,D,D,D,D,C,A,A,A,B,B,B,0.65,turntaking
1053,turntaking,2,A,A,D,A,A,A,A,B,B,B,B,B,B,B,E,D,D,D,D,E,0.7,turntaking
1053,equalize,3,C,A,B,C,A,C,D,C,C,D,C,B,C,D,E,C,A,C,D,C,0.4,turntaking
1053,equalize,4,D,B,E,B,C,E,C,B,E,C,A,C,E,C,C,B,C,E,C,B,0.4,turntaking
1053,turntaking,5,D,D,A,B,B,B,B,C,A,A,A,A,A,D,D,E,E,E,E,A,0.7,turntaking
1053,turntaking,6,E,C,B,E,D,E,E,A,E,E,E,E,E,A,B,B,B,A,A,C,0.7,turntaking
1054,turntaking,1,skip,C,C,A,D,C,C,C,D,D,D,E,E,E,E,E,D,C,C,C,0.7,turntaking
1054,equalize,2,B,A,D,A,A,D,A,B,A,D,E,A,B,A,D,A,A,E,A,D,0.4,turntaking
1054,turntaking,3,B,B,D,E,C,D,D,D,C,A,B,B,B,B,B,C,C,D,D,D,0.65,turntaking
1054,turntaking,4,C,D,E,D,B,E,E,E,E,B,C,C,C,C,C,A,B,B,B,B,0.7,turntaking
1054,equalize,5,E,D,A,C,B,A,C,A,E,A,A,C,A,E,A,C,D,A,B,A,0.4,turntaking
1054,turntaking,6,E,E,B,C,E,B,B,B,B,C,E,D,D,D,D,B,E,E,E,E,0.7,turntaking
1055,turntaking,1,skip,A,A,B,D,A,A,D,A,A,A,E,E,E,C,C,D,A,D,A,0.7,turntaking
1055,turntaking,2,A,D,E,D,C,E,E,C,C,C,D,D,D,D,A,B,E,E,E,C,0.7,turntaking
1055,equalize,3,C,B,D,B,B,D,B,E,B,A,E,B,C,B,D,B,B,C,B,D,0.4,turntaking
1055,turntaking,4,C,C,D,E,A,D,D,A,D,B,C,C,C,C,E,A,A,D,A,D,0.65,turntaking
1055,equalize,5,E,D,B,A,C,B,A,B,C,B,B,D,B,E,B,A,D,B,E,B,0.4,turntaking
1055,turntaking,6,E,E,C,A,E,C,C,E,E,D,E,A,A,A,D,E,C,C,C,E,0.7,turntaking
1056,turntaking,1,skip,E,E,E,B,B,E,C,E,E,E,E,E,B,B,B,B,B,B,B,0.7,turntaking
1056,turntaking,2,A,A,A,D,D,D,D,E,A,A,A,A,A,E,D,D,D,D,D,A,0.7,turntaking
1056,turntaking,3,B,B,D,A,A,A,A,D,D,D,D,D,D,A,E,E,E,E,E,C,0.7,turntaking
1056,turntaking,4,C,C,B,B,E,E,B,A,B,B,B,B,B,C,A,A,A,A,A,E,0.7,turntaking
1056,equalize,5,E,A,D,C,D,C,B,C,C,B,C,A,C,B,D,C,A,C,D,C,0.4,turntaking
1056,equalize,6,skip,D,B,E,C,A,C,E,D,C,E,C,D,C,C,E,C,B,C,E,0.4,turntaking
1057,equalize,1,A,C,A,E,B,E,D,E,E,B,E,D,E,B,A,E,D,E,B,E,0.4,turntaking
1057,equalize,2,B,A,D,A,E,C,E,A,D,E,C,E,A,E,E,C,E,A,E,C,0.4,turntaking
1057,turntaking,3,B,B,B,A,A,A,A,E,C,C,C,B,C,B,B,A,A,A,A,D,0.7,turntaking
1057,turntaking,4,C,C,C,B,B,B,B,A,A,D,D,D,D,C,A,B,B,B,B,A,0.7,turntaking
1057,turntaking,5,D,D,A,C,C,C,C,B,D,A,A,A,A,D,C,C,C,C,C,E,0.7,turntaking
1057,turntaking,6,E,E,D,D,D,D,D,C,B,B,B,C,B,E,D,D,D,D,D,C,0.7,turntaking
1058,equalize,1,A,B,E,B,B,C,B,E,B,E,A,B,C,B,E,B,B,C,B,E,0.4,turntaking
1058,turntaking,2,A,A,A,B,D,D,D,C,E,E,E,A,A,A,A,C,E,D,C,C,0.7,turntaking
1058,equalize,3,C,D,B,A,E,B,D,B,A,B,B,D,B,A,B,D,E,B,A,B,0.4,turntaking
1058,turntaking,4,C,C,C,A,A,E,E,E,C,D,A,E,E,E,E,A,C,C,D,D,0.7,turntaking
1058,turntaking,5,D,D,D,C,E,A,A,A,A,C,D,D,D,D,D,B,A,A,A,A,0.7,turntaking
1058,turntaking,6,E,E,E,D,C,C,C,D,D,B,C,C,C,C,C,D,D,E,E,E,0.7,turntaking
1059,equalize,1,A,E,C,E,E,A,E,C,E,A,B,E,B,E,A,E,E,B,E,A,0.4,turntaking
1059,turntaking,2,A,A,A,D,D,B,C,C,B,C,B,A,A,A,A,D,B,B,C,C,0.7,turntaking
1059,turntaking,3,B,B,B,A,B,D,D,D,D,D,C,C,C,C,C,E,D,D,D,D,0.7,turntaking
1059,turntaking,4,C,C,C,C,A,A,A,A,A,E,D,B,B,B,B,C,C,A,A,A,0.7,turntaking
1059,turntaking,5,D,D,D,E,C,C,B,B,C,A,A,D,D,D,D,B,A,C,B,B,0.75,turntaking
1059,equalize,6,skip,B,E,D,B,E,B,E,D,E,E,C,E,D,E,C,A,E,D,E,0.4,turntaking
1060,turntaking,1,skip,E,E,A,B,E,E,B,E,E,E,D,D,D,D,B,E,C,C,C,0.7,turntaking
1060,equalize,2,B,A,C,A,A,B,A,C,A,E,D,A,C,A,E,A,A,B,A,E,0.4,turntaking
1060,turntaking,3,B,B,C,D,E,B,B,E,B,A,C,C,C,C,C,C,C,E,E,E,0.65,turntaking
1060,equalize,4,D,C,A,E,C,A,E,A,D,A,A,B,A,D,A,C,E,A,D,A,0.4,turntaking
1060,turntaking,5,D,D,B,E,D,C,C,C,C,B,D,E,E,E,E,D,B,B,B,B,0.7,turntaking
1060,turntaking,6,E,C,D,B,C,D,D,D,D,C,B,B,B,B,B,A,D,D,D,D,0.7,turntaking
1061,turntaking,1,skip,D,D,E,E,E,E,E,D,D,D,D,D,B,E,E,E,A,E,E,0.65,turntaking
1061,turntaking,2,A,A,E,D,D,D,D,C,C,A,A,A,E,A,C,D,D,D,D,C,0.7,turntaking
1061,turntaking,3,B,B,C,A,A,A,A,D,A,C,C,C,C,E,A,A,A,E,A,B,0.7,turntaking
1061,equalize,4,D,A,C,B,D,B,E,B,B,D,B,A,B,D,C,B,E,B,D,B,0.4,turntaking
1061,equalize,5,E,C,D,C,B,A,B,C,A,B,E,B,C,B,B,A,B,C,B,E,0.4,turntaking
1061,turntaking,6,E,E,A,C,C,C,C,B,E,E,E,E,A,D,D,C,C,C,C,A,0.7,turntaking
1062,turntaking,1,skip,B,A,C,B,B,B,B,B,E,A,E,A,A,E,E,C,B,B,B,0.7,turntaking
1062,turntaking,2,A,E,D,E,E,E,D,A,A,A,B,B,B,B,B,D,A,A,A,E,0.7,turntaking
1062,turntaking,3,B,A,B,B,D,D,A,E,E,C,E,A,E,E,A,B,B,C,C,C,0.7,turntaking
1062,equalize,4,D,C,B,C,C,D,C,D,C,E,C,D,E,D,C,D,D,E,D,C,0.4,turntaking
1062,turntaking,5,D,D,E,A,A,A,E,D,D,B,C,C,C,C,C,A,E,E,E,A,0.7,turntaking
1062,equalize,6,skip,E,C,A,E,C,B,C,A,C,D,B,D,A,D,B,C,D,A,D,0.4,turntaking
1063,equalize,1,A,C,E,C,C,B,C,E,C,D,A,C,B,C,D,C,C,B,C,D,0.4,turntaking
1063,turntaking,2,A,A,A,C,D,D,D,B,D,D,D,A,A,A,A,B,D,E,E,E,0.7,turntaking
1063,turntaking,3,B,B,D,B,E,A,A,A,A,E,E,E,E,E,E,C,A,A,A,A,0.7,turntaking
1063,equalize,4,D,B,C,A,E,C,D,C,A,C,C,E,C,A,C,E,D,C,A,C,0.4,turntaking
1063,turntaking,5,D,D,B,A,A,E,E,E,E,B,A,D,D,D,D,A,B,B,B,B,0.7,turntaking
1063,turntaking,6,E,E,E,D,B,B,B,D,B,C,B,B,B,B,B,E,E,D,D,D,0.7,turntaking
1064,turntaking,1,skip,D,C,A,B,B,B,B,B,E,E,E,C,C,E,E,A,B,E,E,0.7,turntaking
1064,equalize,2,B,A,D,A,A,E,A,C,A,E,D,A,E,A,D,A,D,E,D,A,0.4,turntaking
1064,turntaking,3,B,B,E,C,C,C,C,C,C,B,D,D,D,D,D,C,E,E,B,B,0.7,turntaking
1064,turntaking,4,C,E,B,E,D,D,D,D,D,C,B,B,B,B,B,A,C,C,C,C,0.7,turntaking
1064,turntaking,5,D,C,D,B,E,E,E,E,E,A,C,C,E,E,C,B,B,A,A,A,0.7,turntaking
1064,equalize,6,skip,E,A,C,D,A,B,A,D,A,A,B,A,C,A,B,A,D,C,D,0.4,turntaking
1065,equalize,1,A,D,C,D,D,C,D,E,D,A,C,D,E,D,C,D,D,E,D,C,0.4,turntaking
1065,turntaking,2,A,A,A,D,B,B,B,B,A,A,A,A,A,A,A,E,C,B,B,B,0.7,turntaking
1065,turntaking,3,B,B,E,C,E,A,C,C,C,E,B,B,B,C,B,D,A,A,A,A,0.7,turntaking
1065,turntaking,4,C,C,C,B,C,C,A,A,B,D,E,E,E,E,E,B,B,C,C,C,0.7,turntaking
1065,equalize,5,E,B,D,A,E,D,B,D,C,D,D,B,D,A,D,B,C,D,A,D,0.4,turntaking
1065,turntaking,6,E,E,B,A,A,E,E,E,E,B,C,C,C,B,C,A,E,E,E,E,0.7,turntaking
1066,turntaking,1,skip,E,C,B,A,A,skip,E,E,E,E,E,skip,B,C,C,A,E,skip,B,0.8,draw
1066,turntaking,2,A,skip,D,D,D,D,A,skip,C,C,D,A,E,skip,B,D,C,A,E,skip,0.8,draw
1066,turntaking,3,B,A,skip,E,C,B,D,A,skip,B,C,D,A,E,skip,B,D,C,A,E,0.85,draw
1066,turntaking,4,C,B,A,skip,E,C,B,D,A,skip,B,C,D,A,E,skip,B,D,C,A,0.85,draw
1066,turntaking,5,D,C,B,A,skip,E,C,B,D,A,skip,B,C,D,A,E,skip,B,D,C,0.85,draw
1066,turntaking,6,E,D,E,C,B,skip,E,C,B,D,A,skip,B,C,D,A,E,skip,B,D,0.85,draw
1067,turntaking,1,skip,E,C,B,A,A,skip,E,E,E,E,E,skip,B,C,C,A,E,skip,B,0.8,draw
1067,turntaking,2,A,skip,D,D,D,D,A,skip,C,C,D,A,E,skip,B,D,C,A,E,skip,0.8,draw
1067,turntaking,3,B,A,skip,E,C,B,D,A,skip,B,C,D,A,E,skip,B,D,C,A,E,0.85,draw
1067,turntaking,4,C,B,A,skip,E,C,B,D,A,skip,B,C,D,A,E,skip,B,D,C,A,0.85,draw
1067,turntaking,5,D,C,B,A,skip,E,C,B,D,A,skip,B,C,D,A,E,skip,B,D,C,0.85,draw
1067,turntaking,6,E,D,E,C,B,skip,E,C,B,D,A,skip,B,C,D,A,E,skip,B,D,0.85,draw
1068,turntaking,1,skip,E,C,B,A,A,skip,E,E,E,E,E,skip,B,C,C,A,E,skip,B,0.8,draw
1068,turntaking,2,A,skip,D,D,D,D,A,skip,C,C,D,A,E,skip,B,D,C,A,E,skip,0.8,draw
1068,turntaking,3,B,A,skip,E,C,B,D,A,skip,B,C,D,A,E,skip,B,D,C,A,E,0.85,draw
1068,turntaking,4,C,B,A,skip,E,C,B,D,A,skip,B,C,D,A,E,skip,B,D,C,A,0.85,draw
1068,turntaking,5,D,C,B,A,skip,E,C,B,D,A,skip,B,C,D,A,E,skip,B,D,C,0.85,draw
1068,turntaking,6,E,D,E,C,B,skip,E,C,B,D,A,skip,B,C,D,A,E,skip,B,D,0.85,draw
1069,turntaking,1,skip,E,C,B,A,A,skip,E,E,E,E,E,skip,B,C,C,A,E,skip,B,0.8,draw
1069,turntaking,2,A,skip,D,D,D,D,A,skip,C,C,D,A,E,skip,B,D,C,A,E,skip,0.8,draw
1069,turntaking,3,B,A,skip,E,C,B,D,A,skip,B,C,D,A,E,skip,B,D,C,A,E,0.85,draw
1069,turntaking,4,C,B,A,skip,E,C,B,D,A,skip,B,C,D,A,E,skip,B,D,C,A,0.85,draw
1069,turntaking,5,D,C,B,A,skip,E,C,B,D,A,skip,B,C,D,A,E,skip,B,D,C,0.85,draw
1069,turntaking,6,E,D,E,C,B,skip,E,C,B,D,A,skip,B,C,D,A,E,skip,B,D,0.85,draw
1070,turntaking,1,skip,E,C,B,A,A,skip,E,E,E,E,E,skip,B,C,C,A,E,skip,B,0.8,draw
1070,turntaking,2,A,skip,D,D,D,D,A,skip,C,C,D,A,E,skip,B,D,C,A,E,skip,0.8,draw
1070,turntaking,3,B,A,skip,E,C,B,D,A,skip,B,C,D,A,E,skip,B,D,C,A,E,0.85,draw
1070,turntaking,4,C,B,A,skip,E,C,B,D,A,skip,B,C,D,A,E,skip,B,D,C,A,0.85,draw
1070,turntaking,5,D,C,B,A,skip,E,C,B,D,A,skip,B,C,D,A,E,skip,B,D,C,0.85,draw
1070,turntaking,6,E,D,E,C,B,skip,E,C,B,D,A,skip,B,C,D,A,E,skip,B,D,0.85,draw
1071,turntaking,1,skip,E,C,B,A,A,skip,E,E,E,E,E,skip,B,C,C,A,E,skip,B,0.8,draw
1071,turntaking,2,A,skip,D,D,D,D,A,skip,C,C,D,A,E,skip,B,D,C,A,E,skip,0.8,draw
1071,turntaking,3,B,A,skip,E,C,B,D,A,skip,B,C,D,A,E,skip,B,D,C,A,E,0.85,draw
1071,turntaking,4,C,B,A,skip,E,C,B,D,A,skip,B,C,D,A,E,skip,B,D,C,A,0.85,draw
1071,turntaking,5,D,C,B,A,skip,E,C,B,D,A,skip,B,C,D,A,E,skip,B,D,C,0.85,draw
1071,turntaking,6,E,D,E,C,B,skip,E,C,B,D,A,skip,B,C,D,A,E,skip,B,D,0.85,draw
1072,turntaking,1,skip,E,C,B,A,A,skip,E,E,E,E,E,skip,B,C,C,A,E,skip,B,0.8,draw
1072,turntaking,2,A,skip,D,D,D,D,A,skip,C,C,D,A,E,skip,B,D,C,A,E,skip,0.8,draw
1072,turntaking,3,B,A,skip,E,C,B,D,A,skip,B,C,D,A,E,skip,B,D,C,A,E,0.85,draw
1072,turntaking,4,C,B,A,skip,E,C,B,D,A,skip,B,C,D,A,E,skip,B,D,C,A,0.85,draw
1072,turntaking,5,D,C,B,A,skip,E,C,B,D,A,skip,B,C,D,A,E,skip,B,D,C,0.85,draw
1072,turntaking,6,E,D,E,C,B,skip,E,C,B,D,A,skip,B,C,D,A,E,skip,B,D,0.85,draw
1073,turntaking,1,skip,E,C,B,A,A,skip,E,E,E,E,E,skip,B,C,C,A,E,skip,B,0.8,draw
1073,turntaking,2,A,skip,D,D,D,D,A,skip,C,C,D,A,E,skip,B,D,C,A,E,skip,0.8,draw
1073,turntaking,3,B,A,skip,E,C,B,D,A,skip,B,C,D,A,E,skip,B,D,C,A,E,0.85,draw
1073,turntaking,4,C,B,A,skip,E,C,B,D,A,skip,B,C,D,A,E,skip,B,D,C,A,0.85,draw
1073,turntaking,5,D,C,B,A,skip,E,C,B,D,A,skip,B,C,D,A,E,skip,B,D,C,0.85,draw
1073,turntaking,6,E,D,E,C,B,skip,E,C,B,D,A,skip,B,C,D,A,E,skip,B,D,0.85,draw
1074,turntaking,1,skip,E,C,B,A,A,skip,E,E,E,E,E,skip,B,C,C,A,E,skip,B,0.8,draw
1074,turntaking,2,A,skip,D,D,D,D,A,skip,C,C,D,A,E,skip,B,D,C,A,E,skip,0.8,draw
1074,turntaking,3,B,A,skip,E,C,B,D,A,skip,B,C,D,A,E,skip,B,D,C,A,E,0.85,draw
1074,turntaking,4,C,B,A,skip,E,C,B,D,A,skip,B,C,D,A,E,skip,B,D,C,A,0.85,draw
1074,turntaking,5,D,C,B,A,skip,E,C,B,D,A,skip,B,C,D,A,E,skip,B,D,C,0.85,draw
1074,turntaking,6,E,D,E,C,B,skip,E,C,B,D,A,skip,B,C,D,A,E,skip,B,D,0.85,draw
1075,turntaking,1,skip,E,C,B,A,A,skip,E,E,E,E,E,skip,B,C,C,A,E,skip,B,0.8,draw
1075,turntaking,2,A,skip,D,D,D,D,A,skip,C,C,D,A,E,skip,B,D,C,A,E,skip,0.8,draw
1075,turntaking,3,B,A,skip,E,C,B,D,A,skip,B,C,D,A,E,skip,B,D,C,A,E,0.85,draw
1075,turntaking,4,C,B,A,skip,E,C,B,D,A,skip,B,C,D,A,E,skip,B,D,C,A,0.85,draw
1075,turntaking,5,D,C,B,A,skip,E,C,B,D,A,skip,B,C,D,A,E,skip,B,D,C,0.85,draw
1075,turntaking,6,E,D,E,C,B,skip,E,C,B,D,A,skip,B,C,D,A,E,skip,B,D,0.85,draw
1076,turntaking,1,skip,E,C,B,A,A,skip,E,E,E,E,E,skip,B,C,C,A,E,skip,B,0.8,draw
1076,turntaking,2,A,skip,D,D,D,D,A,skip,C,C,D,A,E,skip,B,D,C,A,E,skip,0.8,draw
1076,turntaking,3,B,A,skip,E,C,B,D,A,skip,B,C,D,A,E,skip,B,D,C,A,E,0.85,draw
1076,turntaking,4,C,B,A,skip,E,C,B,D,A,skip,B,C,D,A,E,skip,B,D,C,A,0.85,draw
1076,turntaking,5,D,C,B,A,skip,E,C,B,D,A,skip,B,C,D,A,E,skip,B,D,C,0.85,draw
1076,turntaking,6,E,D,E,C,B,skip,E,C,B,D,A,skip,B,C,D,A,E,skip,B,D,0.85,draw
1077,turntaking,1,skip,E,C,B,A,A,skip,E,E,E,E,E,skip,B,C,C,A,E,skip,B,0.8,draw
1077,turntaking,2,A,skip,D,D,D,D,A,skip,C,C,D,A,E,skip,B,D,C,A,E,skip,0.8,draw
1077,turntaking,3,B,A,skip,E,C,B,D,A,skip,B,C,D,A,E,skip,B,D,C,A,E,0.85,draw
1077,turntaking,4,C,B,A,skip,E,C,B,D,A,skip,B,C,D,A,E,skip,B,D,C,A,0.85,draw
1077,turntaking,5,D,C,B,A,skip,E,C,B,D,A,skip,B,C,D,A,E,skip,B,D,C,0.85,draw
1077,turntaking,6,E,D,E,C,B,skip,E,C,B,D,A,skip,B,C,D,A,E,skip,B,D,0.85,draw
1078,turntaking,1,skip,E,C,B,A,A,skip,E,E,E,E,E,skip,B,C,C,A,E,skip,B,0.8,draw
1078,turntaking,2,A,skip,D,D,D,D,A,skip,C,C,D,A,E,skip,B,D,C,A,E,skip,0.8,draw
1078,turntaking,3,B,A,skip,E,C,B,D,A,skip,B,C,D,A,E,skip,B,D,C,A,E,0.85,draw
1078,turntaking,4,C,B,A,skip,E,C,B,D,A,skip,B,C,D,A,E,skip,B,D,C,A,0.85,draw
1078,turntaking,5,D,C,B,A,skip,E,C,B,D,A,skip,B,C,D,A,E,skip,B,D,C,0.85,draw
1078,turntaking,6,E,D,E,C,B,skip,E,C,B,D,A,skip,B,C,D,A,E,skip,B,D,0.85,draw
1079,turntaking,1,skip,E,C,B,A,A,skip,E,E,E,E,E,skip,B,C,C,A,E,skip,B,0.8,draw
1079,turntaking,2,A,skip,D,D,D,D,A,skip,C,C,D,A,E,skip,B,D,C,A,E,skip,0.8,draw
1079,turntaking,3,B,A,skip,E,C,B,D,A,skip,B,C,D,A,E,skip,B,D,C,A,E,0.85,draw
1079,turntaking,4,C,B,A,skip,E,C,B,D,A,skip,B,C,D,A,E,skip,B,D,C,A,0.85,draw
1079,turntaking,5,D,C,B,A,skip,E,C,B,D,A,skip,B,C,D,A,E,skip,B,D,C,0.85,draw
1079,turntaking,6,E,D,E,C,B,skip,E,C,B,D,A,skip,B,C,D,A,E,skip,B,D,0.85,draw
1080,turntaking,1,skip,E,C,B,A,A,skip,E,E,E,E,E,skip,B,C,C,A,E,skip,B,0.8,draw
1080,turntaking,2,A,skip,D,D,D,D,A,skip,C,C,D,A,E,skip,B,D,C,A,E,skip,0.8,draw
1080,turntaking,3,B,A,skip,E,C,B,D,A,skip,B,C,D,A,E,skip,B,D,C,A,E,0.85,draw
1080,turntaking,4,C,B,A,skip,E,C,B,D,A,skip,B,C,D,A,E,skip,B,D,C,A,0.85,draw
1080,turntaking,5,D,C,B,A,skip,E,C,B,D,A,skip,B,C,D,A,E,skip,B,D,C,0.85,draw
1080,turntaking,6,E,D,E,C,B,skip,E,C,B,D,A,skip,B,C,D,A,E,skip,B,D,0.85,draw
1081,random,1,B,A,C,C,A,skip,A,B,E,E,B,skip,A,skip,C,C,B,D,E,D,0.45,draw
1081,random,2,C,B,skip,A,D,D,skip,D,skip,A,E,D,B,E,E,D,E,skip,A,C,0.45,draw
1081,random,3,B,A,D,A,A,E,skip,C,D,B,E,A,D,skip,C,A,B,B,C,skip,0.25,draw
1081,random,4,C,C,B,C,B,B,skip,C,A,skip,skip,skip,D,A,A,skip,C,B,A,A,0.4,draw
1081,random,5,D,D,E,B,skip,skip,skip,C,B,skip,B,A,B,C,skip,B,B,skip,skip,E,0.35,draw
1081,random,6,B,skip,skip,B,E,C,E,A,A,skip,E,skip,A,skip,C,A,E,E,B,C,0.3,draw
1082,random,1,A,E,D,C,A,D,E,skip,skip,B,C,D,E,C,B,C,B,A,B,B,0.25,draw
1082,random,2,D,A,A,C,D,C,B,D,A,D,C,E,E,C,skip,skip,E,C,C,E,0.4,draw
1082,random,3,E,C,A,skip,E,C,skip,skip,E,skip,skip,C,D,C,D,skip,C,B,E,C,0.3,draw
1082,random,4,B,E,D,A,B,A,A,E,A,A,skip,A,B,B,B,B,C,skip,E,C,0.45,draw
1082,random,5,skip,E,A,E,B,A,E,B,E,B,E,E,D,A,C,E,A,A,C,A,0.35,draw
1082,random,6,C,D,A,B,skip,C,skip,D,skip,E,C,skip,C,A,A,skip,B,A,B,B,0.3,draw
1083,random,1,D,E,skip,D,A,B,A,D,C,D,A,skip,D,B,skip,B,D,D,D,B,0.3,draw
1083,random,2,A,C,A,D,C,A,C,B,C,D,D,B,skip,D,skip,B,C,C,C,B,0.35,draw
1083,random,3,B,skip,E,C,E,D,B,B,skip,B,A,E,D,skip,E,A,D,C,B,skip,0.3,draw
1083,random,4,E,skip,D,E,C,E,B,C,B,E,E,E,B,C,B,D,A,B,B,C,0.45,draw
1083,random,5,B,C,skip,A,B,E,A,A,B,B,skip,A,A,skip,A,C,E,D,C,E,0.35,draw
1083,random,6,E,D,D,E,skip,skip,C,skip,D,D,skip,A,C,B,A,B,B,B,C,B,0.2,draw
1084,random,1,skip,D,B,A,A,D,B,skip,B,E,skip,D,D,E,E,A,skip,E,C,skip,0.35,draw
1084,random,2,A,E,D,C,skip,C,E,B,skip,D,D,D,skip,C,D,skip,skip,E,C,D,0.2,draw
1084,random,3,A,E,C,B,A,A,B,skip,C,D,C,E,E,A,B,skip,C,A,B,skip,0.45,draw
1084,random,4,B,skip,A,A,B,B,D,B,A,A,B,E,A,A,D,skip,D,skip,D,D,0.5,draw
1084,random,5,A,D,E,E,E,skip,E,A,skip,B,B,B,skip,C,B,skip,A,D,C,E,0.4,draw
1084,random,6,D,skip,B,E,A,E,A,skip,E,skip,E,A,C,skip,A,E,E,C,C,B,0.6,draw
1085,random,1,D,E,E,C,D,skip,skip,C,D,D,B,A,D,skip,skip,E,E,B,skip,A,0.3,draw
1085,random,2,A,D,B,B,skip,B,D,C,B,D,D,E,C,D,A,E,E,D,A,skip,0.25,draw
1085,random,3,A,A,D,B,B,D,E,B,E,A,B,E,skip,C,D,C,skip,C,C,D,0.5,draw
1085,random,4,B,B,C,B,C,skip,E,E,A,skip,D,skip,E,B,skip,C,B,A,D,E,0.4,draw
1085,random,5,D,D,C,D,C,D,skip,skip,D,A,C,D,C,D,A,skip,E,E,B,A,0.25,draw
1085,random,6,C,D,skip,E,A,E,C,A,B,D,B,B,skip,B,E,skip,skip,B,D,B,0.45,draw
1086,random,1,A,E,A,E,E,E,A,B,B,B,A,skip,B,A,C,B,skip,B,C,E,0.15,draw
1086,random,2,A,B,skip,skip,A,E,B,C,B,B,A,D,E,E,C,A,A,E,B,A,0.4,draw
1086,random,3,skip,D,A,D,D,D,A,B,C,C,skip,B,B,skip,D,C,C,E,E,D,0.35,draw
1086,random,4,C,E,skip,skip,E,skip,B,skip,D,E,C,skip,D,A,A,B,B,D,A,C,0.15,draw
1086,random,5,B,D,A,C,skip,B,B,D,A,D,C,A,B,D,C,D,A,D,A,A,0.35,draw
1086,random,6,C,C,A,D,E,B,D,D,C,C,E,B,D,B,B,E,B,A,C,C,0.35,draw
1087,random,1,C,A,A,C,E,skip,A,E,E,D,B,E,A,A,C,A,C,D,C,B,0.5,draw
1087,random,2,B,C,skip,E,skip,B,A,C,skip,A,D,A,E,A,B,C,D,B,E,B,0.3,draw
1087,random,3,skip,B,A,D,B,A,D,C,D,D,A,skip,skip,skip,skip,skip,B,skip,skip,D,0.25,draw
1087,random,4,E,E,C,skip,B,A,C,B,skip,skip,A,A,E,A,skip,E,skip,C,skip,C,0.2,draw
1087,random,5,E,E,A,A,B,E,D,E,C,D,D,E,skip,B,D,C,D,skip,C,A,0.25,draw
1087,random,6,skip,C,D,skip,B,E,B,B,E,E,D,skip,B,C,A,skip,skip,E,E,C,0.35,draw
1088,random,1,skip,skip,C,A,A,D,A,B,B,B,B,B,skip,E,D,A,E,A,D,skip,0.25,draw
1088,random,2,A,D,A,B,A,B,E,skip,E,E,E,A,skip,C,skip,B,C,E,A,A,0.3,draw
1088,random,3,B,C,B,A,C,B,E,skip,skip,E,skip,B,B,E,D,B,A,C,C,skip,0.35,draw
1088,random,4,A,D,A,C,E,B,E,D,C,B,E,A,E,D,B,skip,B,skip,D,C,0.35,draw
1088,random,5,B,B,A,C,D,C,A,A,E,E,skip,C,A,A,skip,C,E,skip,E,E,0.45,draw
1088,random,6,skip,B,skip,A,A,A,E,C,E,C,B,skip,skip,E,A,skip,B,A,D,D,0.25,draw
1089,random,1,A,E,skip,B,skip,A,E,skip,E,B,E,B,A,skip,B,A,B,C,A,skip,0.1,draw
1089,random,2,A,C,skip,D,skip,B,A,E,E,B,D,B,skip,A,B,skip,A,C,C,B,0.25,draw
1089,random,3,B,C,C,C,skip,D,skip,B,skip,E,B,C,E,D,A,A,E,B,A,C,0.45,draw
1089,random,4,A,skip,D,E,B,skip,E,E,B,E,D,A,skip,D,C,D,E,A,D,D,0.4,draw
1089,random,5,E,E,C,B,B,C,skip,E,C,C,C,B,D,skip,skip,E,D,C,E,B,0.35,draw
1089,random,6,D,skip,E,B,skip,C,C,B,D,skip,D,E,A,A,E,B,B,A,E,skip,0.35,draw
1090,random,1,D,D,B,A,C,C,A,A,A,C,skip,B,C,B,C,A,D,E,D,skip,0.6,draw
1090,random,2,E,C,A,D,B,skip,B,D,C,C,D,A,D,A,C,skip,D,D,B,E,0.2,draw
1090,random,3,B,E,A,D,D,A,D,E,E,E,C,D,B,D,C,E,C,B,C,C,0.4,draw
1090,random,4,skip,D,skip,B,D,skip,C,E,C,E,D,A,D,C,C,B,C,D,skip,A,0.15,draw
1090,random,5,C,A,B,D,D,E,E,skip,C,E,E,skip,A,C,skip,E,E,B,C,A,0.3,draw
1090,random,6,A,E,A,skip,B,E,B,C,B,skip,C,A,skip,A,skip,C,B,E,A,E,0.3,draw
1091,random,1,A,E,B,C,C,E,skip,skip,E,B,skip,skip,A,B,B,skip,skip,E,B,D,0.35,draw
1091,random,2,B,E,skip,A,A,C,D,B,D,E,skip,B,B,skip,C,A,D,C,E,skip,0.4,draw
1091,random,3,B,C,skip,C,skip,D,A,A,C,A,D,A,D,C,A,skip,E,D,E,C,0.5,draw
1091,random,4,E,B,C,D,A,C,skip,A,B,D,B,E,B,B,D,skip,C,E,C,skip,0.45,draw
1091,random,5,B,C,E,B,skip,E,C,E,A,C,E,E,C,skip,skip,skip,D,B,B,A,0.45,draw
1091,random,6,E,C,D,B,B,A,skip,A,skip,A,skip,skip,A,A,A,A,A,A,E,E,0.35,draw
1092,random,1,C,D,E,D,skip,E,B,E,C,B,B,B,A,A,C,A,C,B,E,A,0.55,draw
1092,random,2,B,D,skip,skip,D,A,skip,D,E,D,B,skip,E,E,D,A,skip,B,E,A,0.2,draw
1092,random,3,B,A,B,D,A,B,C,skip,skip,C,A,D,skip,C,B,B,D,D,skip,E,0.35,draw
1092,random,4,D,C,B,B,D,B,D,B,E,A,skip,A,A,C,E,A,B,skip,D,E,0.3,draw
1092,random,5,A,skip,skip,skip,A,A,D,skip,A,E,E,A,D,E,E,E,A,D,skip,E,0.25,draw
1092,random,6,E,C,D,C,skip,skip,D,skip,D,skip,C,skip,D,skip,B,C,A,E,B,E,0.4,draw
1093,random,1,B,skip,skip,D,D,C,A,D,D,C,A,A,skip,E,skip,A,A,A,B,B,0.2,draw
1093,random,2,D,C,skip,E,A,skip,A,skip,D,skip,skip,C,C,D,A,A,C,C,B,B,0.2,draw
1093,random,3,A,C,C,skip,A,D,D,D,E,A,E,B,A,D,skip,A,skip,E,C,B,0.25,draw
1093,random,4,C,E,B,A,skip,C,B,A,D,D,B,B,B,E,B,B,skip,B,E,E,0.5,draw
1093,random,5,A,skip,C,B,D,D,D,A,A,C,A,C,skip,skip,E,skip,E,A,C,skip,0.15,draw
1093,random,6,D,C,skip,A,skip,B,B,D,D,C,C,skip,skip,skip,skip,B,E,C,skip,A,0.15,draw
1094,random,1,C,E,C,A,E,A,C,E,B,B,B,A,E,D,A,D,E,C,E,B,0.3,draw
1094,random,2,E,B,C,skip,C,A,B,D,D,C,skip,E,skip,B,skip,skip,E,A,C,skip,0.3,draw
1094,random,3,skip,A,C,skip,C,E,B,E,skip,E,D,D,E,B,D,D,D,D,skip,D,0.25,draw
1094,random,4,E,A,skip,C,B,B,skip,skip,C,D,B,B,B,C,skip,D,A,D,B,B,0.3,draw
1094,random,5,skip,A,B,C,E,B,C,skip,B,E,skip,A,B,B,C,A,skip,D,E,skip,0.05,draw
1094,random,6,B,E,B,skip,C,E,C,E,A,A,E,C,C,C,B,A,C,A,A,skip,0.45,draw
1095,random,1,B,skip,D,B,B,E,D,E,B,C,B,B,B,E,D,D,skip,E,E,skip,0.4,draw
1095,random,2,E,C,C,skip,C,B,B,B,D,C,D,E,D,C,E,C,A,D,A,C,0.5,draw
1095,random,3,A,E,B,C,B,E,A,C,C,skip,C,C,skip,A,D,E,A,E,B,skip,0.5,draw
1095,random,4,C,C,skip,D,C,D,B,A,skip,E,C,D,skip,B,C,B,skip,E,D,E,0.3,draw
1095,random,5,C,C,skip,B,A,A,C,A,skip,skip,C,A,D,B,B,skip,skip,C,E,B,0.25,draw
1095,random,6,E,skip,C,D,E,C,A,skip,B,C,C,D,C,D,B,D,D,D,C,B,0.3,draw
1096,rotate,1,A,B,C,D,E,skip,A,B,C,D,E,skip,A,B,C,D,E,skip,A,B,0.45,rotate
1096,random,2,E,E,A,skip,B,A,B,E,A,B,A,C,D,C,C,B,A,B,A,B,0.3,rotate
1096,random,3,C,B,D,D,skip,E,skip,B,skip,A,E,A,B,E,skip,D,C,C,skip,D,0.25,rotate
1096,rotate,4,D,E,skip,A,B,C,D,E,skip,A,B,C,D,E,skip,A,B,C,D,E,0.45,rotate
1096,rotate,5,E,skip,A,B,C,D,E,skip,A,B,C,D,E,skip,A,B,C,D,E,skip,0.5,rotate
1096,rotate,6,skip,A,B,C,D,E,skip,A,B,C,D,E,skip,A,B,C,D,E,skip,A,0.75,rotate
1097,rotate,1,A,B,C,D,E,skip,A,B,C,D,E,skip,A,B,C,D,E,skip,A,B,0.35,rotate
1097,rotate,2,B,C,D,E,skip,A,B,C,D,E,skip,A,B,C,D,E,skip,A,B,C,0.6,rotate
1097,random,3,A,D,skip,A,D,E,B,skip,C,B,C,E,B,B,B,E,skip,B,A,A,0.3,rotate
1097,rotate,4,D,E,skip,A,B,C,D,E,skip,A,B,C,D,E,skip,A,B,C,D,E,0.75,rotate
1097,rotate,5,E,skip,A,B,C,D,E,skip,A,B,C,D,E,skip,A,B,C,D,E,skip,0.6,rotate
1097,random,6,skip,E,C,B,E,skip,C,C,B,D,E,D,B,B,B,E,E,A,C,B,0.15,rotate
1098,rotate,1,A,B,C,D,E,skip,A,B,C,D,E,skip,A,B,C,D,E,skip,A,B,0.7,rotate
1098,rotate,2,B,C,D,E,skip,A,B,C,D,E,skip,A,B,C,D,E,skip,A,B,C,0.55,rotate
1098,random,3,skip,D,D,skip,B,D,D,skip,skip,E,E,E,B,C,A,D,A,B,skip,A,0.15,rotate
1098,random,4,skip,D,B,D,skip,C,B,D,skip,C,A,A,skip,skip,B,skip,A,C,E,A,0.2,rotate
1098,rotate,5,E,skip,A,B,C,D,E,skip,A,B,C,D,E,skip,A,B,C,D,E,skip,0.65,rotate
1098,rotate,6,skip,A,B,C,D,E,skip,A,B,C,D,E,skip,A,B,C,D,E,skip,A,0.55,rotate
1099,rotate,1,A,B,C,D,E,skip,A,B,C,D,E,skip,A,B,C,D,E,skip,A,B,0.55,rotate
1099,random,2,skip,C,C,skip,D,E,A,E,D,C,skip,D,E,skip,C,E,D,A,skip,E,0.15,rotate
1099,rotate,3,C,D,E,skip,A,B,C,D,E,skip,A,B,C,D,E,skip,A,B,C,D,0.7,rotate
1099,rotate,4,D,E,skip,A,B,C,D,E,skip,A,B,C,D,E,skip,A,B,C,D,E,0.6,rotate
1099,random,5,D,C,C,C,A,A,B,A,C,C,A,B,A,B,A,E,B,A,D,E,0.15,rotate
1099,rotate,6,skip,A,B,C,D,E,skip,A,B,C,D,E,skip,A,B,C,D,E,skip,A,0.5,rotate
1100,rotate,1,A,B,C,D,E,skip,A,B,C,D,E,skip,A,B,C,D,E,skip,A,B,0.45,rotate
1100,rotate,2,B,C,D,E,skip,A,B,C,D,E,skip,A,B,C,D,E,skip,A,B,C,0.6,rotate
1100,random,3,E,B,skip,C,skip,E,D,E,E,A,E,skip,skip,A,A,C,skip,skip,skip,skip,0.15,rotate
1100,rotate,4,D,E,skip,A,B,C,D,E,skip,A,B,C,D,E,skip,A,B,C,D,E,0.6,rotate
1100,random,5,B,B,B,skip,E,C,A,A,C,E,B,A,B,skip,C,D,skip,B,A,C,0.05,rotate
1100,rotate,6,skip,A,B,C,D,E,skip,A,B,C,D,E,skip,A,B,C,D,E,skip,A,0.5,rotate
1101,rotate,1,A,B,C,D,E,skip,A,B,C,D,E,skip,A,B,C,D,E,skip,A,B,0.35,rotate
1101,rotate,2,B,C,D,E,skip,A,B,C,D,E,skip,A,B,C,D,E,skip,A,B,C,0.7,rotate
1101,rotate,3,C,D,E,skip,A,B,C,D,E,skip,A,B,C,D,E,skip,A,B,C,D,0.55,rotate
1101,rotate,4,D,E,skip,A,B,C,D,E,skip,A,B,C,D,E,skip,A,B,C,D,E,0.65,rotate
1101,random,5,skip,C,D,A,skip,B,A,E,B,skip,skip,E,C,E,C,D,A,E,skip,skip,0.15,rotate
1101,random,6,C,B,C,D,A,E,E,D,C,skip,E,skip,B,A,A,C,C,C,A,B,0.3,rotate
1102,random,1,B,D,B,skip,B,skip,E,E,E,E,C,E,skip,C,B,C,B,D,A,B,0.2,rotate
1102,random,2,E,E,skip,skip,E,B,B,B,A,E,skip,B,C,A,skip,E,A,B,C,A,0.2,rotate
1102,rotate,3,C,D,E,skip,A,B,C,D,E,skip,A,B,C,D,E,skip,A,B,C,D,0.45,rotate
1102,rotate,4,D,E,skip,A,B,C,D,E,skip,A,B,C,D,E,skip,A,B,C,D,E,0.65,rotate
1102,rotate,5,E,skip,A,B,C,D,E,skip,A,B,C,D,E,skip,A,B,C,D,E,skip,0.55,rotate
1102,rotate,6,skip,A,B,C,D,E,skip,A,B,C,D,E,skip,A,B,C,D,E,skip,A,0.5,rotate
1103,random,1,A,skip,D,E,C,skip,A,skip,skip,A,A,B,skip,B,D,D,D,B,A,A,0.3,rotate
1103,rotate,2,B,C,D,E,skip,A,B,C,D,E,skip,A,B,C,D,E,skip,A,B,C,0.5,rotate
1103,random,3,B,D,E,A,B,A,A,C,A,B,C,D,skip,B,A,E,skip,D,skip,E,0.1,rotate
1103,rotate,4,D,E,skip,A,B,C,D,E,skip,A,B,C,D,E,skip,A,B,C,D,E,0.65,rotate
1103,rotate,5,E,skip,A,B,C,D,E,skip,A,B,C,D,E,skip,A,B,C,D,E,skip,0.45,rotate
1103,rotate,6,skip,A,B,C,D,E,skip,A,B,C,D,E,skip,A,B,C,D,E,skip,A,0.7,rotate
1104,random,1,E,B,E,skip,B,B,E,D,C,E,A,E,D,A,skip,skip,D,C,skip,C,0.2,rotate
1104,rotate,2,B,C,D,E,skip,A,B,C,D,E,skip,A,B,C,D,E,skip,A,B,C,0.55,rotate
1104,rotate,3,C,D,E,skip,A,B,C,D,E,skip,A,B,C,D,E,skip,A,B,C,D,0.6,rotate
1104,rotate,4,D,E,skip,A,B,C,D,E,skip,A,B,C,D,E,skip,A,B,C,D,E,0.6,rotate
1104,rotate,5,E,skip,A,B,C,D,E,skip,A,B,C,D,E,skip,A,B,C,D,E,skip,0.6,rotate
1104,random,6,skip,C,E,skip,C,B,B,B,C,A,D,D,A,C,skip,E,skip,skip,C,E,0.15,rotate
1105,rotate,1,A,B,C,D,E,skip,A,B,C,D,E,skip,A,B,C,D,E,skip,A,B,0.55,rotate
1105,random,2,C,B,skip,skip,B,C,C,E,C,B,A,skip,D,C,D,A,C,E,B,A,0.4,rotate
1105,rotate,3,C,D,E,skip,A,B,C,D,E,skip,A,B,C,D,E,skip,A,B,C,D,0.55,rotate
1105,random,4,C,A,C,A,C,E,C,C,skip,D,D,C,C,B,E,B,B,D,C,B,0.2,rotate
1105,rotate,5,E,skip,A,B,C,D,E,skip,A,B,C,D,E,skip,A,B,C,D,E,skip,0.55,rotate
1105,rotate,6,skip,A,B,C,D,E,skip,A,B,C,D,E,skip,A,B,C,D,E,skip,A,0.55,rotate
1106,rotate,1,A,B,C,D,E,skip,A,B,C,D,E,skip,A,B,C,D,E,skip,A,B,0.45,rotate
1106,rotate,2,B,C,D,E,skip,A,B,C,D,E,skip,A,B,C,D,E,skip,A,B,C,0.8,rotate
1106,rotate,3,C,D,E,skip,A,B,C,D,E,skip,A,B,C,D,E,skip,A,B,C,D,0.5,rotate
1106,random,4,A,skip,D,D,A,C,D,E,C,A,A,E,A,B,B,A,C,C,skip,D,0.25,rotate
1106,random,5,skip,D,E,A,D,E,A,D,C,A,E,C,A,E,C,C,C,B,E,skip,0.2,rotate
1106,rotate,6,skip,A,B,C,D,E,skip,A,B,C,D,E,skip,A,B,C,D,E,skip,A,0.55,rotate
1107,rotate,1,A,B,C,D,E,skip,A,B,C,D,E,skip,A,B,C,D,E,skip,A,B,0.45,rotate
1107,rotate,2,B,C,D,E,skip,A,B,C,D,E,skip,A,B,C,D,E,skip,A,B,C,0.4,rotate
1107,rotate,3,C,D,E,skip,A,B,C,D,E,skip,A,B,C,D,E,skip,A,B,C,D,0.7,rotate
1107,random,4,B,C,D,D,E,skip,D,E,C,C,A,D,A,C,D,D,B,C,C,C,0.2,rotate
1107,rotate,5,E,skip,A,B,C,D,E,skip,A,B,C,D,E,skip,A,B,C,D,E,skip,0.65,rotate
1107,random,6,D,skip,E,C,E,skip,D,B,A,E,skip,D,D,B,B,E,E,A,E,C,0.2,rotate
1108,random,1,D,skip,D,A,D,skip,A,D,A,D,skip,E,D,C,skip,B,A,E,skip,D,0.25,rotate
1108,rotate,2,B,C,D,E,skip,A,B,C,D,E,skip,A,B,C,D,E,skip,A,B,C,0.55,rotate
1108,rotate,3,C,D,E,skip,A,B,C,D,E,skip,A,B,C,D,E,skip,A,B,C,D,0.5,rotate
1108,random,4,B,C,A,D,skip,C,C,D,D,C,skip,B,C,A,E,A,A,D,B,skip,0.15,rotate
1108,rotate,5,E,skip,A,B,C,D,E,skip,A,B,C,D,E,skip,A,B,C,D,E,skip,0.6,rotate
1108,rotate,6,skip,A,B,C,D,E,skip,A,B,C,D,E,skip,A,B,C,D,E,skip,A,0.55,rotate
1109,rotate,1,A,B,C,D,E,skip,A,B,C,D,E,skip,A,B,C,D,E,skip,A,B,0.55,rotate
1109,random,2,skip,B,E,D,E,B,C,C,skip,C,A,D,skip,C,A,D,C,C,skip,C,0.1,rotate
1109,rotate,3,C,D,E,skip,A,B,C,D,E,skip,A,B,C,D,E,skip,A,B,C,D,0.55,rotate
1109,rotate,4,D,E,skip,A,B,C,D,E,skip,A,B,C,D,E,skip,A,B,C,D,E,0.7,rotate
1109,rotate,5,E,skip,A,B,C,D,E,skip,A,B,C,D,E,skip,A,B,C,D,E,skip,0.45,rotate
1109,random,6,B,E,D,B,A,D,B,C,C,B,D,A,B,A,C,B,D,B,D,C,0.4,rotate
1110,random,1,E,B,C,A,A,E,A,skip,skip,D,B,E,B,skip,skip,D,A,E,D,E,0.25,rotate
1110,rotate,2,B,C,D,E,skip,A,B,C,D,E,skip,A,B,C,D,E,skip,A,B,C,0.7,rotate
1110,rotate,3,C,D,E,skip,A,B,C,D,E,skip,A,B,C,D,E,skip,A,B,C,D,0.55,rotate
1110,rotate,4,D,E,skip,A,B,C,D,E,skip,A,B,C,D,E,skip,A,B,C,D,E,0.6,rotate
1110,random,5,B,A,C,C,A,B,C,B,C,A,E,A,A,A,C,C,skip,B,A,D,0.3,rotate
1110,rotate,6,skip,A,B,C,D,E,skip,A,B,C,D,E,skip,A,B,C,D,E,skip,A,0.45,rotate
1111,rotate,1,A,B,C,D,E,skip,A,B,C,D,E,skip,A,B,C,D,E,skip,A,B,0.85,draw
1111,rotate,2,B,C,D,E,skip,A,B,C,D,E,skip,A,B,C,D,E,skip,A,B,C,0.85,draw
1111,rotate,3,C,D,E,skip,A,B,C,D,E,skip,A,B,C,D,E,skip,A,B,C,D,0.85,draw
1111,rotate,4,D,E,skip,A,B,C,D,E,skip,A,B,C,D,E,skip,A,B,C,D,E,0.85,draw
1111,rotate,5,E,skip,A,B,C,D,E,skip,A,B,C,D,E,skip,A,B,C,D,E,skip,0.8,draw
1111,rotate,6,skip,A,B,C,D,E,skip,A,B,C,D,E,skip,A,B,C,D,E,skip,A,0.8,draw
1112,rotate,1,A,B,C,D,E,skip,A,B,C,D,E,skip,A,B,C,D,E,skip,A,B,0.85,draw
1112,rotate,2,B,C,D,E,skip,A,B,C,D,E,skip,A,B,C,D,E,skip,A,B,C,0.85,draw
1112,rotate,3,C,D,E,skip,A,B,C,D,E,skip,A,B,C,D,E,skip,A,B,C,D,0.85,draw
1112,rotate,4,D,E,skip,A,B,C,D,E,skip,A,B,C,D,E,skip,A,B,C,D,E,0.85,draw
1112,rotate,5,E,skip,A,B,C,D,E,skip,A,B,C,D,E,skip,A,B,C,D,E,skip,0.8,draw
1112,rotate,6,skip,A,B,C,D,E,skip,A,B,C,D,E,skip,A,B,C,D,E,skip,A,0.8,draw
1113,rotate,1,A,B,C,D,E,skip,A,B,C,D,E,skip,A,B,C,D,E,skip,A,B,0.85,draw
1113,rotate,2,B,C,D,E,skip,A,B,C,D,E,skip,A,B,C,D,E,skip,A,B,C,0.85,draw
1113,rotate,3,C,D,E,skip,A,B,C,D,E,skip,A,B,C,D,E,skip,A,B,C,D,0.85,draw
1113,rotate,4,D,E,skip,A,B,C,D,E,skip,A,B,C,D,E,skip,A,B,C,D,E,0.85,draw
1113,rotate,5,E,skip,A,B,C,D,E,skip,A,B,C,D,E,skip,A,B,C,D,E,skip,0.8,draw
1113,rotate,6,skip,A,B,C,D,E,skip,A,B,C,D,E,skip,A,B,C,D,E,skip,A,0.8,draw
1114,rotate,1,A,B,C,D,E,skip,A,B,C,D,E,skip,A,B,C,D,E,skip,A,B,0.85,draw
1114,rotate,2,B,C,D,E,skip,A,B,C,D,E,skip,A,B,C,D,E,skip,A,B,C,0.85,draw
1114,rotate,3,C,D,E,skip,A,B,C,D,E,skip,A,B,C,D,E,skip,A,B,C,D,0.85,draw
1114,rotate,4,D,E,skip,A,B,C,D,E,skip,A,B,C,D,E,skip,A,B,C,D,E,0.85,draw
1114,rotate,5,E,skip,A,B,C,D,E,skip,A,B,C,D,E,skip,A,B,C,D,E,skip,0.8,draw
1114,rotate,6,skip,A,B,C,D,E,skip,A,B,C,D,E,skip,A,B,C,D,E,skip,A,0.8,draw
1115,rotate,1,A,B,C,D,E,skip,A,B,C,D,E,skip,A,B,C,D,E,skip,A,B,0.85,draw
1115,rotate,2,B,C,D,E,skip,A,B,C,D,E,skip,A,B,C,D,E,skip,A,B,C,0.85,draw
1115,rotate,3,C,D,E,skip,A,B,C,D,E,skip,A,B,C,D,E,skip,A,B,C,D,0.85,draw
1115,rotate,4,D,E,skip,A,B,C,D,E,skip,A,B,C,D,E,skip,A,B,C,D,E,0.85,draw
1115,rotate,5,E,skip,A,B,C,D,E,skip,A,B,C,D,E,skip,A,B,C,D,E,skip,0.8,draw
1115,rotate,6,skip,A,B,C,D,E,skip,A,B,C,D,E,skip,A,B,C,D,E,skip,A,0.8,draw
1116,rotate,1,A,B,C,D,E,skip,A,B,C,D,E,skip,A,B,C,D,E,skip,A,B,0.85,draw
1116,rotate,2,B,C,D,E,skip,A,B,C,D,E,skip,A,B,C,D,E,skip,A,B,C,0.85,draw
1116,rotate,3,C,D,E,skip,A,B,C,D,E,skip,A,B,C,D,E,skip,A,B,C,D,0.85,draw
1116,rotate,4,D,E,skip,A,B,C,D,E,skip,A,B,C,D,E,skip,A,B,C,D,E,0.85,draw
1116,rotate,5,E,skip,A,B,C,D,E,skip,A,B,C,D,E,skip,A,B,C,D,E,skip,0.8,draw
1116,rotate,6,skip,A,B,C,D,E,skip,A,B,C,D,E,skip,A,B,C,D,E,skip,A,0.8,draw
1117,rotate,1,A,B,C,D,E,skip,A,B,C,D,E,skip,A,B,C,D,E,skip,A,B,0.85,draw
1117,rotate,2,B,C,D,E,skip,A,B,C,D,E,skip,A,B,C,D,E,skip,A,B,C,0.85,draw
1117,rotate,3,C,D,E,skip,A,B,C,D,E,skip,A,B,C,D,E,skip,A,B,C,D,0.85,draw
1117,rotate,4,D,E,skip,A,B,C,D,E,skip,A,B,C,D,E,skip,A,B,C,D,E,0.85,draw
1117,rotate,5,E,skip,A,B,C,D,E,skip,A,B,C,D,E,skip,A,B,C,D,E,skip,0.8,draw
1117,rotate,6,skip,A,B,C,D,E,skip,A,B,C,D,E,skip,A,B,C,D,E,skip,A,0.8,draw
1118,rotate,1,A,B,C,D,E,skip,A,B,C,D,E,skip,A,B,C,D,E,skip,A,B,0.85,draw
1118,rotate,2,B,C,D,E,skip,A,B,C,D,E,skip,A,B,C,D,E,skip,A,B,C,0.85,draw
1118,rotate,3,C,D,E,skip,A,B,C,D,E,skip,A,B,C,D,E,skip,A,B,C,D,0.85,draw
1118,rotate,4,D,E,skip,A,B,C,D,E,skip,A,B,C,D,E,skip,A,B,C,D,E,0.85,draw
1118,rotate,5,E,skip,A,B,C,D,E,skip,A,B,C,D,E,skip,A,B,C,D,E,skip,0.8,draw
1118,rotate,6,skip,A,B,C,D,E,skip,A,B,C,D,E,skip,A,B,C,D,E,skip,A,0.8,draw
1119,rotate,1,A,B,C,D,E,skip,A,B,C,D,E,skip,A,B,C,D,E,skip,A,B,0.85,draw
1119,rotate,2,B,C,D,E,skip,A,B,C,D,E,skip,A,B,C,D,E,skip,A,B,C,0.85,draw
1119,rotate,3,C,D,E,skip,A,B,C,D,E,skip,A,B,C,D,E,skip,A,B,C,D,0.85,draw
1119,rotate,4,D,E,skip,A,B,C,D,E,skip,A,B,C,D,E,skip,A,B,C,D,E,0.85,draw
1119,rotate,5,E,skip,A,B,C,D,E,skip,A,B,C,D,E,skip,A,B,C,D,E,skip,0.8,draw
1119,rotate,6,skip,A,B,C,D,E,skip,A,B,C,D,E,skip,A,B,C,D,E,skip,A,0.8,draw
1120,rotate,1,A,B,C,D,E,skip,A,B,C,D,E,skip,A,B,C,D,E,skip,A,B,0.85,draw
1120,rotate,2,B,C,D,E,skip,A,B,C,D,E,skip,A,B,C,D,E,skip,A,B,C,0.85,draw
1120,rotate,3,C,D,E,skip,A,B,C,D,E,skip,A,B,C,D,E,skip,A,B,C,D,0.85,draw
1120,rotate,4,D,E,skip,A,B,C,D,E,skip,A,B,C,D,E,skip,A,B,C,D,E,0.85,draw
1120,rotate,5,E,skip,A,B,C,D,E,skip,A,B,C,D,E,skip,A,B,C,D,E,skip,0.8,draw
1120,rotate,6,skip,A,B,C,D,E,skip,A,B,C,D,E,skip,A,B,C,D,E,skip,A,0.8,draw
1121,rotate,1,A,B,C,D,E,skip,A,B,C,D,E,skip,A,B,C,D,E,skip,A,B,0.85,draw
1121,rotate,2,B,C,D,E,skip,A,B,C,D,E,skip,A,B,C,D,E,skip,A,B,C,0.85,draw
1121,rotate,3,C,D,E,skip,A,B,C,D,E,skip,A,B,C,D,E,skip,A,B,C,D,0.85,draw
1121,rotate,4,D,E,skip,A,B,C,D,E,skip,A,B,C,D,E,skip,A,B,C,D,E,0.85,draw
1121,rotate,5,E,skip,A,B,C,D,E,skip,A,B,C,D,E,skip,A,B,C,D,E,skip,0.8,draw
1121,rotate,6,skip,A,B,C,D,E,skip,A,B,C,D,E,skip,A,B,C,D,E,skip,A,0.8,draw
1122,rotate,1,A,B,C,D,E,skip,A,B,C,D,E,skip,A,B,C,D,E,skip,A,B,0.85,draw
1122,rotate,2,B,C,D,E,skip,A,B,C,D,E,skip,A,B,C,D,E,skip,A,B,C,0.85,draw
1122,rotate,3,C,D,E,skip,A,B,C,D,E,skip,A,B,C,D,E,skip,A,B,C,D,0.85,draw
1122,rotate,4,D,E,skip,A,B,C,D,E,skip,A,B,C,D,E,skip,A,B,C,D,E,0.85,draw
1122,rotate,5,E,skip,A,B,C,D,E,skip,A,B,C,D,E,skip,A,B,C,D,E,skip,0.8,draw
1122,rotate,6,skip,A,B,C,D,E,skip,A,B,C,D,E,skip,A,B,C,D,E,skip,A,0.8,draw
1123,rotate,1,A,B,C,D,E,skip,A,B,C,D,E,skip,A,B,C,D,E,skip,A,B,0.85,draw
1123,rotate,2,B,C,D,E,skip,A,B,C,D,E,skip,A,B,C,D,E,skip,A,B,C,0.85,draw
1123,rotate,3,C,D,E,skip,A,B,C,D,E,skip,A,B,C,D,E,skip,A,B,C,D,0.85,draw
1123,rotate,4,D,E,skip,A,B,C,D,E,skip,A,B,C,D,E,skip,A,B,C,D,E,0.85,draw
1123,rotate,5,E,skip,A,B,C,D,E,skip,A,B,C,D,E,skip,A,B,C,D,E,skip,0.8,draw
1123,rotate,6,skip,A,B,C,D,E,skip,A,B,C,D,E,skip,A,B,C,D,E,skip,A,0.8,draw
1124,rotate,1,A,B,C,D,E,skip,A,B,C,D,E,skip,A,B,C,D,E,skip,A,B,0.85,draw
1124,rotate,2,B,C,D,E,skip,A,B,C,D,E,skip,A,B,C,D,E,skip,A,B,C,0.85,draw
1124,rotate,3,C,D,E,skip,A,B,C,D,E,skip,A,B,C,D,E,skip,A,B,C,D,0.85,draw
1124,rotate,4,D,E,skip,A,B,C,D,E,skip,A,B,C,D,E,skip,A,B,C,D,E,0.85,draw
1124,rotate,5,E,skip,A,B,C,D,E,skip,A,B,C,D,E,skip,A,B,C,D,E,skip,0.8,draw
1124,rotate,6,skip,A,B,C,D,E,skip,A,B,C,D,E,skip,A,B,C,D,E,skip,A,0.8,draw
1125,rotate,1,A,B,C,D,E,skip,A,B,C,D,E,skip,A,B,C,D,E,skip,A,B,0.85,draw
1125,rotate,2,B,C,D,E,skip,A,B,C,D,E,skip,A,B,C,D,E,skip,A,B,C,0.85,draw
1125,rotate,3,C,D,E,skip,A,B,C,D,E,skip,A,B,C,D,E,skip,A,B,C,D,0.85,draw
1125,rotate,4,D,E,skip,A,B,C,D,E,skip,A,B,C,D,E,skip,A,B,C,D,E,0.85,draw
1125,rotate,5,E,skip,A,B,C,D,E,skip,A,B,C,D,E,skip,A,B,C,D,E,skip,0.8,draw
1125,rotate,6,skip,A,B,C,D,E,skip,A,B,C,D,E,skip,A,B,C,D,E,skip,A,0.8,draw
1126,random3,1,D,D,B,A,E,A,B,B,B,B,B,B,B,B,B,E,E,E,E,E,0.55,random3
1126,random,2,B,A,B,C,B,A,C,C,A,D,skip,skip,C,skip,B,B,C,B,E,E,0.25,random3
1126,random,3,E,D,E,B,A,C,E,E,A,C,D,C,D,E,B,B,skip,C,B,E,0.25,random3
1126,random3,4,C,C,E,A,E,E,E,E,E,E,E,E,E,E,C,C,C,B,B,B,0.45,random3
1126,random3,5,C,C,C,C,C,C,C,A,A,A,A,A,A,A,D,D,D,D,D,D,0.65,random3
1126,random3,6,D,D,D,D,D,D,D,D,D,D,D,C,D,A,A,A,A,A,A,A,0.65,random3
1127,random3,1,B,B,B,B,B,D,D,D,A,A,A,A,A,A,A,A,A,A,A,B,0.5,random3
1127,random3,2,A,A,E,E,E,E,E,E,E,E,D,D,D,E,E,E,E,E,E,B,0.45,random3
1127,random,3,E,B,C,D,A,E,D,C,D,C,E,C,D,C,C,B,skip,B,A,E,0.15,random3
1127,random3,4,A,A,E,E,E,D,D,D,A,B,B,B,B,B,B,B,D,D,D,D,0.45,random3
1127,random3,5,B,C,C,C,C,C,C,C,C,C,C,C,C,C,C,C,C,C,E,E,0.4,random3
1127,random,6,E,A,C,D,B,D,C,B,A,E,E,C,D,skip,E,C,A,C,A,D,0.05,random3
1128,random3,1,D,B,E,E,E,E,E,E,E,D,D,A,A,A,A,A,A,A,A,C,0.5,random3
1128,random3,2,C,C,C,C,C,C,C,B,B,D,D,D,D,D,D,A,A,A,A,A,0.5,random3
1128,random,3,A,B,B,D,skip,D,C,skip,E,B,B,E,B,B,B,skip,E,D,D,A,0.35,random3
1128,random,4,D,A,skip,skip,skip,B,D,A,B,A,A,E,skip,B,D,D,D,C,B,B,0.3,random3
1128,random3,5,A,A,A,A,A,A,A,A,A,A,E,E,E,E,E,E,E,B,B,C,0.55,random3
1128,random3,6,D,D,D,D,D,D,A,A,C,C,C,C,C,C,C,C,C,C,E,E,0.7,random3
1129,random3,1,D,B,B,B,B,B,B,B,B,B,B,B,B,B,B,B,B,B,B,B,0.7,random3
1129,random,2,D,B,D,B,D,D,B,D,skip,D,C,C,C,B,E,skip,C,E,E,A,0.2,random3
1129,random3,3,D,D,D,D,D,D,D,E,E,E,E,D,D,E,D,D,D,D,D,D,0.5,random3
1129,random3,4,C,C,C,C,C,C,C,C,C,C,C,C,E,E,E,C,C,E,E,E,0.6,random3
1129,random,5,D,A,D,E,E,B,D,skip,C,A,E,D,D,E,E,skip,D,skip,A,C,0.05,random3
1129,random3,6,E,E,E,E,E,A,A,A,A,A,A,A,A,A,A,A,A,A,A,C,0.75,random3
1130,random3,1,B,B,B,B,B,B,B,E,E,E,E,E,E,E,E,E,E,D,D,E,0.6,random3
1130,random3,2,D,D,C,C,C,C,C,C,C,C,C,C,C,C,C,C,C,C,C,C,0.85,random3
1130,random,3,C,D,skip,E,B,D,E,D,B,B,E,A,B,D,D,D,E,skip,D,A,0.25,random3
1130,random3,4,D,D,A,A,A,A,A,A,A,A,A,A,A,A,A,A,A,A,A,A,0.7,random3
1130,random,5,E,E,B,A,B,skip,B,skip,C,skip,D,D,D,A,E,D,skip,skip,B,skip,0.0,random3
1130,random3,6,E,E,E,E,D,D,D,D,D,D,D,D,D,D,D,B,B,B,B,E,0.4,random3
1131,random3,1,A,B,B,A,A,A,C,C,C,C,C,C,C,C,C,C,C,C,E,E,0.45,random3
1131,random3,2,A,B,B,A,A,A,A,D,D,A,A,A,A,B,B,B,B,B,E,E,0.3,random3
1131,random3,3,E,E,E,E,E,E,E,E,E,E,E,E,E,E,E,A,A,A,A,A,0.65,random3
1131,random3,4,D,D,C,C,C,B,B,B,B,B,D,D,D,D,D,D,D,D,D,D,0.6,random3
1131,random,5,C,A,D,D,E,E,C,skip,D,skip,E,A,A,E,D,D,D,B,A,skip,0.2,random3
1131,random,6,D,D,E,B,C,skip,A,A,C,B,A,A,A,A,E,E,E,C,D,skip,0.25,random3
1132,random,1,skip,D,C,B,skip,A,C,skip,E,E,A,C,E,D,C,D,E,A,C,C,0.2,random3
1132,random,2,C,A,D,E,A,C,A,skip,B,D,A,E,A,A,D,B,skip,E,D,C,0.25,random3
1132,random3,3,B,B,B,B,B,D,D,D,D,D,C,E,D,D,D,D,D,D,D,D,0.4,random3
1132,random3,4,B,B,C,C,C,C,C,C,C,C,C,C,C,C,C,C,C,C,C,C,0.5,random3
1132,random3,5,E,E,E,E,E,E,E,E,E,A,A,A,A,A,A,A,A,A,A,A,0.7,random3
1132,random3,6,B,B,B,B,B,B,B,B,B,B,B,B,B,B,B,B,E,E,E,E,0.55,random3
1133,random,1,E,A,skip,A,D,A,skip,E,C,E,A,D,D,E,E,C,D,E,E,A,0.25,random3
1133,random3,2,A,A,C,C,B,B,B,B,B,B,B,E,E,E,E,E,E,E,E,E,0.4,random3
1133,random,3,B,B,C,C,E,D,B,C,B,skip,B,A,A,skip,skip,D,skip,E,A,B,0.2,random3
1133,random3,4,A,C,C,C,B,A,A,A,A,A,A,A,B,B,B,B,B,B,B,B,0.35,random3
1133,random3,5,D,D,D,D,D,D,C,C,D,D,D,D,B,B,B,B,B,C,C,C,0.55,random3
1133,random3,6,E,E,E,E,E,E,E,E,E,E,C,C,C,C,C,C,A,A,A,D,0.7,random3
1134,random,1,skip,A,A,skip,B,B,skip,D,A,B,skip,E,skip,E,E,E,E,B,A,D,0.25,random3
1134,random3,2,B,B,B,B,B,B,B,B,B,B,B,D,D,D,D,D,C,C,C,C,0.65,random3
1134,random3,3,A,A,C,C,C,C,C,C,C,C,C,C,C,C,B,B,B,D,E,E,0.6,random3
1134,random3,4,E,E,E,E,A,D,A,A,A,A,A,A,A,A,A,A,A,A,A,B,0.6,random3
1134,random3,5,D,D,D,E,E,E,E,E,E,E,E,E,E,E,B,B,B,D,D,D,0.55,random3
1134,random,6,C,E,D,E,A,D,skip,B,A,D,B,C,B,C,E,D,C,A,E,B,0.15,random3
1135,random3,1,B,D,D,D,D,D,D,D,D,D,D,D,D,D,D,C,C,D,D,D,0.7,random3
1135,random,2,B,E,C,skip,B,C,A,B,B,C,B,skip,B,C,D,E,C,B,C,E,0.2,random3
1135,random3,3,E,E,E,E,E,C,E,E,E,E,E,E,B,E,E,E,E,E,E,E,0.55,random3
1135,random,4,C,D,C,B,E,B,D,C,D,B,A,E,A,C,D,D,C,C,skip,skip,0.2,random3
1135,random3,5,A,D,B,B,B,B,E,C,C,C,C,C,C,C,A,A,A,A,A,B,0.45,random3
1135,random3,6,A,A,A,A,A,A,A,C,C,A,A,A,A,E,B,B,B,B,A,A,0.55,random3
1136,random3,1,D,D,D,D,D,B,B,B,B,B,B,B,B,A,B,B,B,B,D,D,0.55,random3
1136,random3,2,A,A,A,A,A,A,A,D,D,D,D,D,D,D,D,D,D,B,B,B,0.6,random3
1136,random3,3,E,B,B,B,C,C,C,C,C,C,C,A,C,C,C,C,C,C,C,C,0.75,random3
1136,random,4,C,E,C,D,D,skip,B,A,D,D,C,E,B,D,skip,A,D,B,skip,E,0.15,random3
1136,random,5,E,D,D,B,C,A,A,A,B,D,A,A,skip,A,E,D,A,A,A,E,0.2,random3
1136,random3,6,E,E,E,E,E,E,E,E,E,E,E,E,E,E,E,E,E,E,E,E,0.75,random3
1137,random3,1,B,B,B,B,B,B,B,B,A,E,E,E,E,E,E,E,E,E,E,E,0.7,random3
1137,random3,2,A,A,A,A,A,D,E,C,C,C,C,C,C,C,C,D,D,D,D,C,0.3,random3
1137,random3,3,A,A,E,A,A,A,A,C,A,A,A,A,A,A,A,A,A,A,A,A,0.5,random3
1137,random,4,A,A,E,C,E,skip,A,C,D,C,B,D,D,D,E,skip,E,D,D,A,0.15,random3
1137,random3,5,B,D,D,D,D,D,D,D,D,B,B,B,B,B,B,B,B,B,B,B,0.75,random3
1137,random,6,skip,D,C,C,C,B,E,B,D,A,B,D,skip,C,C,D,D,D,skip,skip,0.1,random3
1138,random,1,D,A,B,E,skip,D,C,skip,D,B,skip,skip,C,A,E,A,B,E,skip,skip,0.1,random3
1138,random3,2,A,A,A,C,B,B,B,B,B,B,E,E,E,E,E,B,E,E,E,E,0.65,random3
1138,random3,3,E,E,E,E,E,A,A,A,A,A,A,A,A,A,A,B,B,B,B,B,0.6,random3
1138,random,4,skip,C,A,C,E,D,A,C,skip,B,B,skip,A,B,A,D,B,C,D,A,0.05,random3
1138,random3,5,D,D,D,D,D,D,D,D,D,D,D,D,D,D,D,D,D,D,D,A,0.7,random3
1138,random3,6,C,C,C,C,C,C,C,C,C,C,C,C,C,B,C,C,C,C,C,C,0.65,random3
1139,random3,1,A,A,A,A,A,D,D,D,A,A,A,B,B,B,B,B,B,B,B,B,0.6,random3
1139,random,2,E,C,D,D,A,E,D,D,A,C,A,skip,A,skip,skip,C,C,C,A,skip,0.15,random3
1139,random3,3,B,B,B,B,B,B,B,B,A,D,D,D,D,D,D,D,D,D,D,D,0.85,random3
1139,random3,4,D,D,D,E,E,E,E,E,E,E,E,E,E,E,E,E,E,E,E,E,0.7,random3
1139,random3,5,E,C,C,C,C,C,C,C,C,C,C,C,C,C,C,C,C,A,A,B,0.6,random3
1139,random,6,D,E,skip,B,D,D,D,B,A,B,E,E,C,B,A,skip,A,E,C,skip,0.3,random3
1140,random,1,B,D,E,B,D,skip,skip,A,skip,E,C,A,C,D,skip,E,B,B,D,E,0.15,random3
1140,random3,2,D,D,E,B,B,E,E,E,E,E,E,E,E,D,D,D,D,D,D,D,0.5,random3
1140,random3,3,C,C,C,C,C,C,C,C,C,C,C,C,C,C,C,C,C,C,C,B,0.7,random3
1140,random3,4,A,A,A,A,A,A,A,A,A,A,A,A,A,A,A,A,A,A,A,A,0.8,random3
1140,random,5,skip,D,A,D,B,D,skip,C,D,C,D,E,E,B,A,skip,skip,E,C,B,0.0,random3
1140,random3,6,D,D,D,D,D,D,D,D,D,D,D,B,B,B,E,E,E,E,E,E,0.45,random3
1141,random3,1,C,C,C,C,C,C,C,E,E,E,E,E,E,E,E,E,E,E,E,E,0.2,rotate
1141,rotate,2,B,C,D,E,skip,A,B,C,D,E,skip,A,B,C,D,E,skip,A,B,C,0.3,rotate
1141,rotate,3,C,D,E,skip,A,B,C,D,E,skip,A,B,C,D,E,skip,A,B,C,D,0.25,rotate
1141,random3,4,B,B,B,B,B,B,B,E,E,E,E,E,E,E,B,B,B,B,B,B,0.4,rotate
1141,random3,5,C,C,C,C,C,C,C,C,A,A,A,A,A,A,A,A,A,A,A,A,0.4,rotate
1141,random3,6,C,C,C,C,C,C,C,D,D,D,D,D,D,D,D,C,C,C,C,D,0.35,rotate
1142,random3,1,A,A,A,C,C,C,A,A,A,C,C,C,C,D,D,D,D,C,C,C,0.25,random3
1142,random3,2,A,A,A,A,A,E,A,A,A,A,A,A,A,A,A,A,A,C,C,A,0.3,random3
1142,rotate,3,C,D,E,skip,A,B,C,D,E,skip,A,B,C,D,E,skip,A,B,C,D,0.2,random3
1142,random3,4,A,A,A,C,C,C,C,D,D,D,D,E,E,E,E,E,E,E,D,D,0.35,random3
1142,random3,5,B,B,B,B,B,B,B,B,B,B,B,B,B,B,B,B,B,B,B,B,0.7,random3
1142,rotate,6,skip,A,B,C,D,E,skip,A,B,C,D,E,skip,A,B,C,D,E,skip,A,0.1,random3
1143,random3,1,A,A,C,C,C,C,C,C,C,C,C,C,E,E,E,E,E,E,E,E,0.55,random3
1143,random3,2,D,D,C,D,D,D,D,D,D,D,D,D,D,D,C,C,C,C,C,B,0.5,random3
1143,rotate,3,C,D,E,skip,A,B,C,D,E,skip,A,B,C,D,E,skip,A,B,C,D,0.3,random3
1143,rotate,4,D,E,skip,A,B,C,D,E,skip,A,B,C,D,E,skip,A,B,C,D,E,0.05,random3
1143,random3,5,A,A,A,A,A,A,A,A,A,A,A,A,A,A,A,A,A,A,A,A,0.6,random3
1143,random3,6,E,E,E,E,E,E,E,E,B,B,B,B,B,B,B,B,B,D,D,B,0.6,random3
1144,random3,1,C,C,B,B,A,B,B,B,B,B,C,C,C,C,C,C,C,D,C,C,0.45,random3
1144,rotate,2,B,C,D,E,skip,A,B,C,D,E,skip,A,B,C,D,E,skip,A,B,C,0.15,random3
1144,random3,3,C,A,A,C,C,C,C,C,A,A,A,A,A,A,A,B,B,B,B,D,0.55,random3
1144,random3,4,E,E,E,E,A,E,E,E,E,E,E,E,E,E,E,E,E,E,E,E,0.6,random3
1144,rotate,5,E,skip,A,B,C,D,E,skip,A,B,C,D,E,skip,A,B,C,D,E,skip,0.0,random3
1144,random3,6,D,D,D,D,D,D,D,D,D,D,D,D,B,B,B,B,A,A,A,A,0.65,random3
1145,random3,1,B,B,B,B,E,E,E,B,B,B,B,B,B,B,B,B,B,B,E,D,0.6,random3
1145,random3,2,C,C,C,C,C,C,C,C,C,C,C,E,E,E,E,D,D,D,E,E,0.6,random3
1145,rotate,3,C,D,E,skip,A,B,C,D,E,skip,A,B,C,D,E,skip,A,B,C,D,0.15,random3
1145,random3,4,D,D,E,D,D,D,D,D,D,D,D,D,D,D,C,C,C,C,C,C,0.6,random3
1145,rotate,5,E,skip,A,B,C,D,E,skip,A,B,C,D,E,skip,A,B,C,D,E,skip,0.05,random3
1145,random3,6,A,A,A,A,A,A,A,A,A,A,A,A,A,A,A,A,A,A,A,A,0.7,random3
1146,random3,1,B,B,B,E,E,E,E,C,C,C,C,C,C,C,C,C,C,C,C,C,0.65,random3
1146,random3,2,A,A,A,A,A,A,A,A,E,E,E,E,E,A,E,E,E,E,B,D,0.6,random3
1146,random3,3,C,D,D,D,D,D,D,D,D,D,D,D,D,D,D,D,D,B,B,B,0.5,random3
1146,random3,4,C,D,D,D,D,B,B,B,B,B,B,B,B,B,B,B,A,A,A,A,0.5,random3
1146,rotate,5,E,skip,A,B,C,D,E,skip,A,B,C,D,E,skip,A,B,C,D,E,skip,0.35,random3
1146,rotate,6,skip,A,B,C,D,E,skip,A,B,C,D,E,skip,A,B,C,D,E,skip,A,0.05,random3
1147,rotate,1,A,B,C,D,E,skip,A,B,C,D,E,skip,A,B,C,D,E,skip,A,B,0.4,random3
1147,rotate,2,B,C,D,E,skip,A,B,C,D,E,skip,A,B,C,D,E,skip,A,B,C,0.1,random3
1147,random3,3,D,D,D,A,A,A,A,E,E,E,E,D,D,D,D,B,B,B,B,B,0.55,random3
1147,random3,4,D,C,C,C,C,C,C,C,C,C,C,C,C,C,E,E,E,E,E,E,0.35,random3
1147,random3,5,E,C,C,C,B,B,B,B,B,B,B,B,B,B,E,E,E,E,E,E,0.25,random3
1147,random3,6,E,E,E,E,B,D,D,D,D,A,A,A,A,A,A,A,A,A,D,D,0.65,random3
1148,rotate,1,A,B,C,D,E,skip,A,B,C,D,E,skip,A,B,C,D,E,skip,A,B,0.15,random3
1148,random3,2,E,E,E,D,D,D,D,D,D,D,D,D,D,D,D,D,B,B,D,D,0.6,random3
1148,rotate,3,C,D,E,skip,A,B,C,D,E,skip,A,B,C,D,E,skip,A,B,C,D,0.15,random3
1148,random3,4,D,A,C,C,C,C,C,C,C,C,C,C,C,C,C,C,C,C,C,B,0.55,random3
1148,random3,5,B,B,B,B,B,B,B,B,B,B,B,B,E,E,E,E,E,E,E,E,0.7,random3
1148,random3,6,D,A,A,A,A,A,A,A,A,A,A,A,A,B,A,A,A,A,A,A,0.55,random3
1149,rotate,1,A,B,C,D,E,skip,A,B,C,D,E,skip,A,B,C,D,E,skip,A,B,0.05,random3
1149,random3,2,D,D,D,D,B,B,B,B,B,B,B,B,B,B,E,E,E,C,C,C,0.6,random3
1149,random3,3,C,C,C,A,A,A,A,A,A,A,A,A,A,A,A,A,A,A,A,E,0.7,random3
1149,random3,4,E,E,E,E,E,E,E,E,E,E,E,E,D,D,D,D,D,D,D,D,0.65,random3
1149,random3,5,A,B,B,B,B,B,B,C,C,C,E,C,C,C,C,D,D,D,B,B,0.3,random3
1149,rotate,6,skip,A,B,C,D,E,skip,A,B,C,D,E,skip,A,B,C,D,E,skip,A,0.4,random3
1150,random3,1,D,D,D,D,D,D,D,D,D,D,D,D,D,D,D,E,D,D,D,D,0.6,random3
1150,rotate,2,B,C,D,E,skip,A,B,C,D,E,skip,A,B,C,D,E,skip,A,B,C,0.25,random3
1150,random3,3,C,C,B,A,A,A,A,A,A,A,C,C,C,C,C,C,C,C,E,E,0.5,random3
1150,rotate,4,D,E,skip,A,B,C,D,E,skip,A,B,C,D,E,skip,A,B,C,D,E,0.0,random3
1150,random3,5,E,E,E,E,C,C,C,C,C,C,C,E,E,E,B,B,B,B,B,B,0.55,random3
1150,random3,6,E,E,B,B,B,E,E,E,B,B,B,B,B,A,A,A,A,A,A,A,0.55,random3
1151,random3,1,E,E,E,E,E,E,E,E,E,E,E,E,E,E,E,E,E,E,E,C,0.6,random3
1151,random3,2,A,A,A,A,A,A,A,A,A,A,A,A,A,A,A,A,A,A,A,A,0.7,random3
1151,random3,3,C,C,C,C,C,D,D,D,D,D,D,D,D,C,C,C,C,C,C,C,0.6,random3
1151,rotate,4,D,E,skip,A,B,C,D,E,skip,A,B,C,D,E,skip,A,B,C,D,E,0.25,random3
1151,rotate,5,E,skip,A,B,C,D,E,skip,A,B,C,D,E,skip,A,B,C,D,E,skip,0.1,random3
1151,random3,6,E,B,B,B,B,B,B,B,B,B,B,B,B,B,B,B,B,B,B,B,0.65,random3
1152,random3,1,A,A,D,D,D,D,D,D,D,D,D,D,D,D,D,D,D,D,D,D,0.6,random3
1152,random3,2,C,C,C,C,C,C,C,C,C,C,C,C,C,C,C,C,C,C,A,A,0.65,random3
1152,random3,3,E,E,D,E,E,E,B,B,B,A,A,A,A,A,A,A,E,E,E,E,0.45,random3
1152,rotate,4,D,E,skip,A,B,C,D,E,skip,A,B,C,D,E,skip,A,B,C,D,E,0.25,random3
1152,random3,5,B,B,B,E,E,E,E,E,E,E,E,E,B,B,B,B,B,B,B,B,0.6,random3
1152,rotate,6,skip,A,B,C,D,E,skip,A,B,C,D,E,skip,A,B,C,D,E,skip,A,0.05,random3
1153,rotate,1,A,B,C,D,E,skip,A,B,C,D,E,skip,A,B,C,D,E,skip,A,B,0.1,random3
1153,random3,2,D,D,D,D,E,E,E,E,E,E,E,E,E,E,E,E,E,A,B,C,0.5,random3
1153,random3,3,A,A,A,A,A,A,A,A,A,A,B,B,B,B,B,B,B,A,B,B,0.5,random3
1153,rotate,4,D,E,skip,A,B,C,D,E,skip,A,B,C,D,E,skip,A,B,C,D,E,0.1,random3
1153,random3,5,B,B,B,B,B,B,B,B,D,D,D,D,D,D,D,D,D,D,D,C,0.6,random3
1153,random3,6,E,E,C,C,C,C,C,C,C,C,C,C,C,C,C,C,C,C,E,E,0.6,random3
1154,random3,1,A,A,A,A,A,A,B,B,B,B,B,B,B,E,E,E,E,E,E,E,0.45,random3
1154,rotate,2,B,C,D,E,skip,A,B,C,D,E,skip,A,B,C,D,E,skip,A,B,C,0.1,random3
1154,random3,3,C,C,C,C,C,C,C,C,C,C,D,D,D,D,D,D,D,D,D,D,0.65,random3
1154,random3,4,D,D,D,D,D,D,D,D,D,E,A,A,C,C,C,C,C,C,C,C,0.6,random3
1154,random3,5,E,E,E,E,E,E,B,B,B,B,B,B,B,B,B,B,B,B,B,B,0.45,random3
1154,rotate,6,skip,A,B,C,D,E,skip,A,B,C,D,E,skip,A,B,C,D,E,skip,A,0.25,random3
1155,rotate,1,A,B,C,D,E,skip,A,B,C,D,E,skip,A,B,C,D,E,skip,A,B,0.1,random3
1155,random3,2,A,B,B,B,B,B,B,B,D,D,C,B,B,B,B,B,B,B,B,B,0.55,random3
1155,random3,3,E,E,E,E,E,E,E,E,E,E,E,D,D,D,D,E,E,E,E,D,0.4,random3
1155,random3,4,D,D,D,D,A,A,A,A,A,A,A,A,A,D,D,D,D,D,D,D,0.55,random3
1155,rotate,5,E,skip,A,B,C,D,E,skip,A,B,C,D,E,skip,A,B,C,D,E,skip,0.2,random3
1155,random3,6,E,E,E,C,C,C,C,C,C,B,C,C,C,C,C,C,C,C,C,C,0.55,random3
1156,random3,1,B,B,B,B,B,B,B,B,C,C,C,C,C,C,C,C,C,C,C,C,0.55,draw
1156,random3,2,B,D,D,D,D,D,D,D,D,D,D,D,E,E,E,E,E,E,E,E,0.75,draw
1156,random3,3,E,E,E,E,E,E,E,E,E,E,E,E,E,E,E,C,B,A,A,A,0.6,draw
1156,random3,4,B,A,A,A,A,A,A,A,A,A,A,A,A,A,A,A,A,A,B,B,0.75,draw
1156,random3,5,C,C,C,C,C,C,C,C,C,C,C,D,D,D,D,D,D,D,D,D,0.8,draw
1156,random3,6,B,B,B,B,E,E,A,B,B,B,B,B,B,B,B,B,B,B,B,B,0.45,draw
1157,random3,1,C,C,C,C,C,C,C,C,C,C,C,C,C,A,A,A,A,A,A,A,0.9,draw
1157,random3,2,D,D,D,D,D,D,D,D,D,D,D,D,D,D,D,D,D,D,D,D,1.0,draw
1157,random3,3,E,E,E,B,B,B,B,B,B,B,B,B,B,B,B,B,B,B,B,B,0.4,draw
1157,random3,4,E,E,E,E,E,E,B,B,B,B,A,C,C,C,C,B,B,B,C,C,0.1,draw
1157,random3,5,A,A,A,B,B,E,E,E,E,E,E,E,E,E,E,E,E,E,E,E,0.7,draw
1157,random3,6,A,A,A,B,A,A,A,A,A,A,A,C,C,C,C,C,C,C,C,C,0.45,draw
1158,random3,1,C,C,C,C,C,C,C,C,C,C,C,B,B,B,B,B,B,B,B,B,0.65,draw
1158,random3,2,E,E,E,E,E,E,E,E,E,E,E,B,B,B,C,C,C,C,C,C,0.6,draw
1158,random3,3,C,B,B,B,B,B,B,B,B,B,E,E,E,E,E,E,E,E,E,E,0.55,draw
1158,random3,4,A,A,A,A,A,A,A,A,A,A,A,A,A,A,A,A,A,A,B,B,0.75,draw
1158,random3,5,D,D,D,D,D,D,D,D,D,D,D,D,D,D,D,D,D,D,D,D,1.0,draw
1158,random3,6,E,B,B,B,B,B,A,A,B,B,C,C,C,C,C,C,C,A,A,A,0.25,draw
1159,random3,1,C,C,B,B,B,B,B,B,B,B,B,D,D,D,B,B,B,B,B,B,0.45,draw
1159,random3,2,B,E,E,E,E,A,E,C,C,C,C,C,C,C,C,C,C,C,C,C,0.6,draw
1159,random3,3,D,D,D,D,D,D,D,D,D,D,D,D,D,D,B,B,B,E,E,E,0.6,draw
1159,random3,4,B,E,E,E,E,C,E,C,E,E,E,E,E,E,E,E,E,E,E,B,0.4,draw
1159,random3,5,A,A,A,A,A,A,A,A,A,A,A,A,A,A,A,A,A,A,A,A,0.95,draw
1159,random3,6,C,C,C,C,C,C,E,C,E,B,B,B,B,B,B,B,D,D,D,D,0.5,draw
1160,random3,1,B,B,B,B,B,B,B,B,E,E,E,E,E,E,E,C,C,C,C,C,0.35,draw
1160,random3,2,D,C,C,C,C,C,C,C,C,C,C,C,C,C,C,C,E,C,E,E,0.65,draw
1160,random3,3,A,A,A,A,A,A,A,D,D,D,D,D,D,D,D,D,D,D,D,D,0.85,draw
1160,random3,4,E,E,E,E,E,E,E,E,E,E,E,C,B,B,E,C,E,E,E,C,0.45,draw
1160,random3,5,D,C,D,D,A,A,A,A,A,A,A,A,A,A,A,A,A,A,A,A,0.65,draw
1160,random3,6,B,B,D,D,B,B,B,B,B,B,B,B,B,B,B,B,B,B,B,B,0.5,draw
1161,random3,1,C,A,A,A,A,A,A,A,A,A,A,A,A,A,A,A,A,A,A,A,0.85,draw
1161,random3,2,D,D,D,D,D,D,D,D,D,D,D,D,D,D,D,D,D,D,D,D,0.95,draw
1161,random3,3,C,C,C,C,C,C,B,B,B,B,B,E,E,E,E,E,E,E,E,E,0.55,draw
1161,random3,4,B,B,B,B,B,B,B,C,C,C,B,B,B,B,B,B,B,B,B,B,0.6,draw
1161,random3,5,A,A,C,C,C,C,C,C,C,C,C,C,C,C,C,C,A,E,B,D,0.3,draw
1161,random3,6,E,E,E,E,E,E,E,E,E,E,E,E,B,B,C,C,C,C,C,C,0.75,draw
1162,random3,1,D,D,D,D,D,D,D,D,D,D,A,D,D,D,C,C,C,C,C,B,0.45,draw
1162,random3,2,C,C,C,C,C,C,A,C,C,C,C,C,C,C,C,C,C,C,C,A,0.6,draw
1162,random3,3,A,A,E,E,E,E,E,E,E,E,E,E,E,E,E,E,E,E,E,E,0.85,draw
1162,random3,4,B,B,B,B,B,B,B,B,B,B,B,B,B,B,B,B,B,B,B,B,0.9,draw
1162,random3,5,A,A,A,A,A,C,A,A,E,D,D,D,D,D,D,D,D,D,D,D,0.35,draw
1162,random3,6,A,A,A,A,A,B,A,A,A,A,A,A,A,A,A,A,A,A,A,A,0.5,draw
1163,random3,1,C,C,D,D,D,D,D,D,D,D,D,D,D,D,D,D,D,D,D,D,0.85,draw
1163,random3,2,C,C,A,A,A,A,A,A,A,A,A,A,A,A,A,A,A,A,A,A,0.5,draw
1163,random3,3,D,D,D,C,C,C,C,C,C,C,C,C,C,C,C,C,C,C,C,C,0.75,draw
1163,random3,4,B,B,B,B,B,B,B,B,B,B,C,C,C,A,A,A,A,A,A,A,0.35,draw
1163,random3,5,E,E,E,E,E,B,E,E,B,B,B,B,B,B,B,B,B,B,B,B,0.7,draw
1163,random3,6,A,A,A,C,E,E,E,E,E,E,E,E,E,E,E,E,E,E,E,E,0.75,draw
1164,random3,1,E,E,E,C,E,E,E,E,E,E,C,C,C,C,E,E,C,C,C,C,0.3,draw
1164,random3,2,E,E,E,C,C,C,C,C,E,E,C,C,C,C,C,C,C,C,A,E,0.15,draw
1164,random3,3,B,B,B,B,B,B,B,B,B,B,B,B,B,B,B,B,B,B,B,B,1.0,draw
1164,random3,4,E,D,D,D,D,D,D,D,D,D,D,D,D,D,D,D,D,E,E,E,0.65,draw
1164,random3,5,E,D,D,D,D,C,C,C,C,C,C,E,E,E,E,E,D,D,D,D,0.4,draw
1164,random3,6,A,A,A,A,A,A,A,A,A,A,A,A,A,A,A,A,A,A,A,A,0.95,draw
1165,random3,1,C,C,C,C,C,B,B,B,D,D,D,D,D,D,D,D,D,D,D,C,0.4,draw
1165,random3,2,B,B,B,B,B,B,B,B,B,B,B,B,B,B,B,B,B,B,B,B,0.65,draw
1165,random3,3,A,A,A,A,A,A,A,A,A,A,A,A,A,A,A,A,A,A,D,D,0.7,draw
1165,random3,4,C,C,C,C,C,C,C,C,C,C,C,C,C,C,C,C,C,C,C,C,0.7,draw
1165,random3,5,C,C,C,E,E,E,E,E,E,E,E,E,E,E,E,E,E,E,E,E,0.85,draw
1165,random3,6,B,D,D,D,D,D,D,D,D,D,B,B,B,A,A,A,A,A,A,A,0.45,draw
1166,random3,1,A,A,D,D,C,C,C,C,C,C,C,C,C,C,C,C,C,C,C,C,0.6,draw
1166,random3,2,C,C,D,D,C,D,D,D,D,D,D,D,D,D,D,D,D,D,D,D,0.7,draw
1166,random3,3,C,C,C,C,C,D,B,C,B,B,B,B,B,B,C,B,B,B,B,C,0.15,draw
1166,random3,4,A,A,A,A,A,A,A,A,A,A,A,A,A,A,A,A,A,A,A,A,0.9,draw
1166,random3,5,E,E,E,E,E,E,E,E,E,E,E,E,E,E,E,E,E,E,E,E,0.9,draw
1166,random3,6,B,B,B,B,B,B,B,B,B,E,B,B,B,B,C,B,B,B,B,E,0.35,draw
1167,random3,1,B,B,B,B,B,B,B,B,B,B,B,B,B,B,B,B,B,B,B,B,0.95,draw
1167,random3,2,E,E,E,E,E,E,A,A,A,A,A,A,A,A,A,A,A,A,A,A,0.7,draw
1167,random3,3,D,A,A,A,E,E,A,A,A,D,A,E,E,E,E,E,E,E,E,E,0.0,draw
1167,random3,4,B,A,A,C,C,C,C,C,C,C,C,C,C,C,C,C,C,C,C,C,0.85,draw
1167,random3,5,B,A,A,A,D,D,A,D,D,D,D,D,D,D,D,D,D,D,D,D,0.6,draw
1167,random3,6,D,D,D,D,D,D,A,A,E,E,E,E,E,E,E,E,E,E,E,E,0.3,draw
1168,random3,1,C,C,C,C,C,C,C,C,C,C,C,B,B,E,C,C,C,C,C,C,0.6,draw
1168,random3,2,A,A,A,A,A,A,A,A,A,A,A,A,A,A,A,A,A,A,A,A,0.95,draw
1168,random3,3,D,D,D,D,D,D,D,D,D,D,D,D,D,D,D,E,E,B,E,E,0.7,draw
1168,random3,4,E,E,E,E,E,E,E,E,C,C,C,C,C,C,C,C,D,D,E,E,0.4,draw
1168,random3,5,B,B,B,E,E,E,B,E,E,E,E,E,E,E,D,E,E,D,D,D,0.4,draw
1168,random3,6,A,B,B,B,B,B,B,B,B,B,B,B,B,B,B,B,B,B,B,B,0.65,draw
1169,random3,1,B,B,B,B,B,B,B,B,B,B,B,B,B,B,B,B,B,B,B,B,0.9,draw
1169,random3,2,D,D,D,D,D,D,D,D,D,D,D,D,A,A,A,A,A,C,C,C,0.55,draw
1169,random3,3,A,A,A,A,A,A,A,A,A,A,A,A,A,A,A,A,A,A,A,A,0.55,draw
1169,random3,4,C,C,C,C,A,A,A,A,E,D,D,D,D,D,D,D,D,D,D,D,0.4,draw
1169,random3,5,E,E,E,E,E,E,E,E,E,E,E,E,E,E,E,E,E,E,E,E,0.95,draw
1169,random3,6,C,C,C,C,C,C,C,C,C,C,C,C,C,C,C,C,C,C,B,B,0.65,draw
1170,random3,1,C,C,C,C,C,C,C,C,C,C,C,C,C,C,C,C,C,C,C,C,1.0,draw
1170,random3,2,A,A,A,B,A,A,A,A,A,D,D,D,D,D,D,D,D,D,D,D,0.2,draw
1170,random3,3,B,E,E,E,E,E,E,E,E,E,E,E,E,E,E,E,E,E,E,E,0.95,draw
1170,random3,4,D,D,D,D,D,D,D,D,D,D,D,B,B,B,D,D,D,D,D,A,0.4,draw
1170,random3,5,B,B,B,B,B,B,B,B,B,B,B,B,B,B,B,B,B,B,B,B,0.75,draw
1170,random3,6,A,A,A,D,A,A,A,A,A,A,A,A,A,A,A,A,A,A,A,A,0.5,draw
1171,radicaleq,1,A,B,B,C,B,C,D,B,B,A,C,skip,skip,A,skip,C,skip,A,A,E,0.5,radicaleq
1171,random,2,C,E,B,C,A,C,E,skip,skip,skip,B,E,B,E,A,skip,D,skip,C,D,0.35,radicaleq
1171,random,3,A,C,E,A,C,A,skip,C,E,B,E,C,B,C,C,skip,B,A,E,E,0.25,radicaleq
1171,radicaleq,4,D,A,skip,E,skip,E,skip,C,A,C,skip,E,A,E,A,A,A,E,C,C,0.55,radicaleq
1171,radicaleq,5,E,skip,E,A,C,B,A,A,C,skip,E,A,E,C,E,skip,E,C,skip,skip,0.5,radicaleq
1171,radicaleq,6,skip,D,D,skip,E,skip,C,skip,skip,E,A,C,C,skip,C,E,C,skip,E,A,0.5,radicaleq
1172,radicaleq,1,A,C,C,D,skip,B,D,skip,D,E,skip,E,B,D,E,skip,skip,E,skip,skip,0.55,radicaleq
1172,radicaleq,2,B,D,skip,E,B,D,E,C,C,B,B,B,D,E,skip,D,D,D,D,D,0.55,radicaleq
1172,random,3,D,B,E,C,skip,A,C,C,B,B,skip,E,skip,A,D,D,B,skip,D,B,0.25,radicaleq
1172,radicaleq,4,D,E,E,B,D,E,skip,D,E,skip,E,skip,E,skip,B,E,E,skip,E,E,0.5,radicaleq
1172,radicaleq,5,E,skip,D,skip,E,skip,B,E,skip,D,D,D,skip,B,D,B,B,B,B,B,0.45,radicaleq
1172,random,6,A,A,E,E,skip,C,E,B,B,D,skip,C,skip,B,A,E,D,B,E,E,0.25,radicaleq
1173,radicaleq,1,A,C,A,B,D,D,A,E,skip,skip,E,A,E,B,skip,B,E,skip,E,skip,0.55,radicaleq
1173,radicaleq,2,B,E,D,skip,E,skip,E,skip,E,E,A,E,skip,E,A,A,B,B,B,A,0.45,radicaleq
1173,random,3,A,skip,E,E,D,A,D,B,A,E,E,B,E,E,A,C,skip,A,C,E,0.2,radicaleq
1173,random,4,D,B,skip,D,B,A,B,skip,E,B,E,B,C,skip,D,A,C,B,B,E,0.3,radicaleq
1173,radicaleq,5,E,skip,B,E,A,E,skip,A,A,A,skip,skip,B,skip,B,E,skip,A,A,B,0.55,radicaleq
1173,radicaleq,6,skip,D,E,A,B,A,B,D,B,B,B,B,A,A,E,skip,A,E,skip,E,0.5,radicaleq
1174,radicaleq,1,A,B,E,B,E,C,B,B,E,E,E,E,E,D,skip,D,skip,E,D,skip,0.5,radicaleq
1174,random,2,A,A,D,B,E,skip,A,skip,D,E,D,skip,A,A,D,B,B,D,E,D,0.15,radicaleq
1174,radicaleq,3,C,skip,A,skip,A,skip,D,skip,D,A,A,D,skip,skip,A,skip,E,A,skip,A,0.45,radicaleq
1174,radicaleq,4,D,C,D,A,D,A,A,E,A,D,skip,skip,A,E,D,E,A,D,E,E,0.45,radicaleq
1174,random,5,D,B,E,C,D,A,E,B,skip,A,skip,C,D,B,D,skip,skip,skip,E,A,0.2,radicaleq
1174,radicaleq,6,skip,D,skip,D,skip,D,skip,D,skip,skip,D,A,D,A,E,A,D,skip,A,D,0.45,radicaleq
1175,radicaleq,1,A,C,B,D,A,skip,D,B,D,A,skip,A,B,A,skip,A,skip,D,A,skip,0.6,radicaleq
1175,radicaleq,2,B,A,D,A,skip,B,A,skip,A,skip,D,skip,D,skip,A,skip,D,A,skip,B,0.6,radicaleq
1175,random,3,A,skip,skip,C,E,C,D,A,E,E,A,skip,C,B,B,E,skip,E,E,A,0.35,radicaleq
1175,radicaleq,4,D,skip,A,skip,B,D,B,A,B,B,A,B,A,B,B,B,B,B,B,D,0.6,radicaleq
1175,random,5,skip,A,skip,C,skip,D,E,A,skip,D,A,A,A,D,B,E,C,skip,skip,skip,0.1,radicaleq
1175,radicaleq,6,skip,D,skip,B,D,A,skip,D,skip,D,B,D,skip,D,D,D,A,skip,D,A,0.55,radicaleq
1176,radicaleq,1,A,E,B,B,C,E,C,B,B,C,C,A,E,A,B,B,C,B,A,B,0.55,radicaleq
1176,radicaleq,2,B,D,C,D,A,skip,E,skip,C,E,B,E,skip,E,skip,E,skip,skip,E,skip,0.55,radicaleq
1176,radicaleq,3,C,A,skip,A,skip,B,A,C,E,A,skip,skip,C,skip,A,A,A,A,skip,A,0.5,radicaleq
1176,radicaleq,4,D,skip,A,skip,B,A,skip,E,A,skip,E,C,B,B,E,skip,E,E,B,E,0.5,radicaleq
1176,random,5,skip,D,skip,skip,E,E,A,skip,skip,E,E,C,E,A,A,B,A,skip,D,A,0.05,radicaleq
1176,random,6,A,C,B,E,E,C,D,A,B,D,E,B,skip,skip,B,D,E,E,A,E,0.4,radicaleq
1177,random,1,B,E,D,skip,E,B,skip,B,D,skip,A,C,skip,D,A,skip,A,D,E,A,0.3,radicaleq
1177,random,2,E,C,D,E,D,skip,C,skip,B,skip,D,A,D,B,B,E,A,C,E,C,0.2,radicaleq
1177,radicaleq,3,C,E,C,E,C,skip,D,E,skip,D,E,skip,C,D,E,D,skip,D,E,D,0.55,radicaleq
1177,radicaleq,4,D,skip,E,skip,E,C,E,skip,C,E,skip,D,E,skip,D,skip,D,skip,D,skip,0.55,radicaleq
1177,radicaleq,5,E,B,skip,C,skip,E,skip,C,E,skip,C,E,skip,E,skip,E,E,E,skip,E,0.55,radicaleq
1177,radicaleq,6,skip,C,D,B,D,D,C,D,D,C,D,C,D,C,C,C,C,C,C,C,0.45,radicaleq
1178,random,1,C,skip,A,B,C,A,C,E,C,E,A,skip,E,E,A,E,A,D,skip,B,0.5,radicaleq
1178,radicaleq,2,B,D,E,D,E,B,D,B,D,C,skip,C,skip,C,skip,C,skip,D,D,C,0.6,radicaleq
1178,random,3,skip,skip,E,E,E,C,D,C,B,E,D,E,E,A,E,B,B,C,E,D,0.2,radicaleq
1178,radicaleq,4,D,E,skip,C,skip,C,B,D,C,D,C,E,D,E,D,E,D,C,C,E,0.6,radicaleq
1178,radicaleq,5,E,skip,D,E,B,D,C,C,B,B,B,B,C,skip,C,skip,C,E,skip,skip,0.55,radicaleq
1178,radicaleq,6,skip,C,C,skip,D,E,E,skip,E,skip,E,skip,E,D,E,D,E,skip,E,D,0.5,radicaleq
1179,random,1,A,C,C,A,skip,E,E,A,D,D,A,skip,skip,C,C,E,C,E,E,D,0.2,radicaleq
1179,radicaleq,2,B,E,C,E,A,D,skip,skip,E,skip,D,skip,E,C,C,C,C,C,C,D,0.45,radicaleq
1179,radicaleq,3,C,D,skip,D,skip,skip,D,E,D,E,skip,E,D,skip,D,skip,D,skip,D,skip,0.5,radicaleq
1179,radicaleq,4,D,A,A,C,E,E,A,D,skip,D,C,C,C,E,skip,E,E,E,E,C,0.45,radicaleq
1179,radicaleq,5,E,skip,D,skip,D,C,E,A,C,C,E,D,skip,D,E,D,skip,D,skip,E,0.5,radicaleq
1179,random,6,D,E,A,C,D,C,D,skip,B,B,C,B,E,D,A,E,B,A,skip,B,0.35,radicaleq
1180,radicaleq,1,A,E,C,D,skip,E,D,E,C,C,C,C,E,E,E,C,C,C,D,skip,0.55,radicaleq
1180,random,2,D,D,D,C,A,B,B,E,B,C,D,A,C,A,B,B,D,D,B,skip,0.35,radicaleq
1180,radicaleq,3,C,D,E,skip,E,D,skip,C,D,skip,D,E,D,skip,D,skip,E,skip,skip,C,0.55,radicaleq
1180,random,4,D,E,D,skip,skip,A,D,A,B,D,A,B,E,skip,E,C,D,E,B,D,0.2,radicaleq
1180,radicaleq,5,E,skip,D,C,C,C,E,D,skip,E,skip,D,skip,D,skip,E,D,E,C,E,0.55,radicaleq
1180,radicaleq,6,skip,C,skip,E,D,skip,C,skip,E,D,E,skip,C,C,C,D,skip,D,E,D,0.5,radicaleq
1181,radicaleq,1,A,C,B,C,E,D,C,B,skip,E,C,E,B,C,B,skip,E,skip,E,skip,0.6,radicaleq
1181,radicaleq,2,B,E,skip,E,D,C,B,C,C,C,B,C,C,E,C,C,C,E,B,E,0.6,radicaleq
1181,radicaleq,3,C,skip,C,B,B,skip,E,skip,E,B,skip,B,skip,B,skip,E,B,C,C,C,0.5,radicaleq
1181,random,4,E,D,A,A,E,skip,B,D,C,E,skip,D,B,D,A,C,B,A,B,C,0.3,radicaleq
1181,random,5,E,B,B,E,E,B,B,A,D,A,B,D,skip,E,A,E,D,skip,C,B,0.25,radicaleq
1181,radicaleq,6,skip,B,D,D,C,E,skip,E,B,skip,E,skip,E,skip,E,B,skip,B,skip,B,0.55,radicaleq
1182,radicaleq,1,A,B,C,D,E,skip,E,C,D,C,E,skip,E,skip,C,E,skip,C,E,D,0.6,radicaleq
1182,radicaleq,2,B,C,D,skip,skip,D,skip,D,E,skip,skip,E,skip,D,E,skip,C,E,skip,C,0.55,radicaleq
1182,radicaleq,3,C,E,skip,E,B,C,C,E,skip,E,D,D,D,C,D,D,D,D,D,E,0.55,radicaleq
1182,random,4,skip,D,E,E,A,E,skip,C,C,E,D,B,A,B,D,A,A,A,B,C,0.3,radicaleq
1182,radicaleq,5,E,D,E,C,C,E,D,skip,C,D,C,C,C,E,skip,C,E,skip,C,skip,0.55,radicaleq
1182,random,6,D,B,E,A,B,skip,E,skip,C,E,C,B,A,C,D,B,B,skip,E,E,0.2,radicaleq
1183,random,1,E,E,A,A,E,B,skip,skip,D,A,B,B,skip,skip,C,D,A,B,E,D,0.3,radicaleq
1183,radicaleq,2,B,E,C,E,skip,skip,skip,B,skip,E,B,C,B,C,B,skip,B,skip,skip,E,0.5,radicaleq
1183,radicaleq,3,C,skip,E,skip,B,B,E,skip,C,B,skip,E,skip,E,C,C,C,C,C,B,0.5,radicaleq
1183,random,4,skip,C,B,B,B,E,B,A,E,skip,A,skip,B,E,skip,B,C,E,D,A,0.2,radicaleq
1183,radicaleq,5,E,B,skip,B,E,C,B,C,E,C,C,B,C,B,skip,E,skip,E,E,C,0.45,radicaleq
1183,radicaleq,6,skip,C,B,A,A,E,C,E,B,skip,E,skip,E,skip,E,B,E,B,B,skip,0.45,radicaleq
1184,radicaleq,1,A,D,skip,D,A,skip,skip,D,C,D,E,E,D,A,C,skip,A,C,skip,skip,0.55,radicaleq
1184,random,2,C,A,skip,C,C,C,C,skip,B,D,E,skip,A,C,D,B,E,A,C,E,0.2,radicaleq
1184,radicaleq,3,C,A,C,C,E,E,E,C,skip,A,C,skip,C,skip,skip,A,C,skip,C,D,0.55,radicaleq
1184,radicaleq,4,D,E,D,A,skip,C,D,E,E,C,skip,C,skip,C,D,E,D,D,D,A,0.55,radicaleq
1184,radicaleq,5,E,skip,A,skip,C,D,A,skip,A,skip,A,D,A,D,A,C,skip,A,A,C,0.55,radicaleq
1184,random,6,D,A,E,C,B,B,D,B,C,B,A,skip,A,B,E,skip,D,A,skip,E,0.35,radicaleq
1185,random,1,B,C,skip,D,B,A,skip,skip,C,D,D,skip,D,A,E,D,D,A,C,D,0.2,radicaleq
1185,radicaleq,2,B,C,A,A,B,A,C,A,A,C,C,C,C,C,D,skip,skip,B,D,skip,0.55,radicaleq
1185,radicaleq,3,C,A,C,D,D,skip,B,D,skip,B,B,skip,D,B,C,C,C,D,skip,B,0.55,radicaleq
1185,radicaleq,4,D,B,B,skip,skip,B,D,skip,B,D,D,B,skip,D,skip,B,B,skip,C,C,0.45,radicaleq
1185,random,5,A,E,D,D,B,A,E,C,A,B,C,D,E,B,C,B,D,E,C,C,0.3,radicaleq
1185,radicaleq,6,skip,D,D,C,C,D,skip,B,D,skip,skip,D,B,skip,B,D,D,C,B,D,0.5,radicaleq
1186,radicaleq,1,A,B,A,C,D,skip,D,skip,A,D,B,skip,skip,A,B,skip,D,B,A,skip,0.65,radicaleq
1186,rotate,2,B,C,D,E,skip,A,B,C,D,E,skip,A,B,C,D,E,skip,A,B,C,0.6,radicaleq
1186,rotate,3,C,D,E,skip,A,B,C,D,E,skip,A,B,C,D,E,skip,A,B,C,D,0.5,radicaleq
1186,radicaleq,4,D,E,skip,A,C,D,B,D,C,C,C,A,D,B,skip,A,B,skip,B,D,0.6,radicaleq
1186,radicaleq,5,E,skip,B,B,B,B,A,A,B,skip,A,C,A,skip,A,B,skip,D,skip,A,0.65,radicaleq
1186,radicaleq,6,skip,A,C,D,E,E,skip,B,skip,A,D,B,B,D,C,C,C,A,D,B,0.65,radicaleq
1187,radicaleq,1,A,B,A,E,B,skip,B,skip,E,E,B,skip,skip,E,B,B,skip,E,E,B,0.6,radicaleq
1187,radicaleq,2,B,C,D,B,skip,C,skip,E,B,B,skip,E,E,B,skip,skip,E,B,B,skip,0.55,radicaleq
1187,rotate,3,C,D,E,skip,A,B,C,D,E,skip,A,B,C,D,E,skip,A,B,C,D,0.4,radicaleq
1187,radicaleq,4,D,E,skip,D,C,B,E,B,skip,skip,E,B,B,skip,E,E,B,skip,skip,A,0.5,radicaleq
1187,radicaleq,5,E,skip,B,C,A,E,A,D,C,A,A,C,A,A,A,A,A,A,A,E,0.55,radicaleq
1187,rotate,6,skip,A,B,C,D,E,skip,A,B,C,D,E,skip,A,B,C,D,E,skip,A,0.35,radicaleq
1188,radicaleq,1,A,B,A,C,D,skip,B,skip,A,D,B,A,skip,A,B,skip,A,D,B,skip,0.65,radicaleq
1188,radicaleq,2,B,C,D,E,skip,D,skip,A,D,B,skip,skip,A,B,skip,D,B,A,skip,A,0.65,radicaleq
1188,rotate,3,C,D,E,skip,A,B,C,D,E,skip,A,B,C,D,E,skip,A,B,C,D,0.55,radicaleq
1188,rotate,4,D,E,skip,A,B,C,D,E,skip,A,B,C,D,E,skip,A,B,C,D,E,0.5,radicaleq
1188,radicaleq,5,E,skip,B,B,B,A,D,C,C,C,A,D,B,skip,A,B,skip,B,D,D,0.55,radicaleq
1188,radicaleq,6,skip,A,C,D,E,B,A,B,skip,A,C,B,D,C,C,C,D,skip,A,B,0.65,radicaleq
1189,radicaleq,1,A,B,A,D,A,E,skip,E,skip,C,skip,E,skip,E,skip,C,skip,E,skip,E,0.6,radicaleq
1189,rotate,2,B,C,D,E,skip,A,B,C,D,E,skip,A,B,C,D,E,skip,A,B,C,0.4,radicaleq
1189,radicaleq,3,C,D,E,skip,E,skip,C,skip,C,E,C,A,D,A,C,E,C,A,A,A,0.55,radicaleq
1189,radicaleq,4,D,E,skip,C,skip,A,D,A,E,skip,E,skip,C,skip,E,skip,E,skip,C,skip,0.55,radicaleq
1189,rotate,5,E,skip,A,B,C,D,E,skip,A,B,C,D,E,skip,A,B,C,D,E,skip,0.4,radicaleq
1189,radicaleq,6,skip,A,C,E,D,C,E,C,A,D,A,C,E,C,A,A,A,C,E,C,0.5,radicaleq
1190,radicaleq,1,A,B,A,D,D,E,A,skip,D,C,skip,C,D,skip,C,skip,C,D,D,C,0.65,radicaleq
1190,radicaleq,2,B,C,D,A,skip,A,skip,E,C,skip,A,D,E,A,A,E,A,E,A,A,0.6,radicaleq
1190,rotate,3,C,D,E,skip,A,B,C,D,E,skip,A,B,C,D,E,skip,A,B,C,D,0.4,radicaleq
1190,radicaleq,4,D,E,skip,C,E,skip,D,C,skip,A,D,A,skip,C,skip,C,skip,C,skip,skip,0.6,radicaleq
1190,rotate,5,E,skip,A,B,C,D,E,skip,A,B,C,D,E,skip,A,B,C,D,E,skip,0.5,radicaleq
1190,radicaleq,6,skip,A,C,E,A,C,C,D,E,D,E,E,C,E,D,D,D,skip,C,D,0.55,radicaleq
1191,radicaleq,1,A,B,A,B,E,C,E,B,B,E,A,E,B,E,D,skip,B,skip,D,skip,0.6,radicaleq
1191,radicaleq,2,B,C,D,A,skip,D,B,E,D,skip,D,B,skip,D,skip,E,D,B,skip,E,0.6,radicaleq
1191,radicaleq,3,C,D,E,skip,D,B,A,D,skip,B,E,D,E,B,B,B,A,E,E,B,0.5,radicaleq
1191,radicaleq,4,D,E,skip,D,A,skip,D,skip,E,D,skip,skip,D,skip,E,D,skip,D,B,D,0.6,radicaleq
1191,rotate,5,E,skip,A,B,C,D,E,skip,A,B,C,D,E,skip,A,B,C,D,E,skip,0.3,radicaleq
1191,rotate,6,skip,A,B,C,D,E,skip,A,B,C,D,E,skip,A,B,C,D,E,skip,A,0.45,radicaleq
1192,rotate,1,A,B,C,D,E,skip,A,B,C,D,E,skip,A,B,C,D,E,skip,A,B,0.45,radicaleq
1192,rotate,2,B,C,D,E,skip,A,B,C,D,E,skip,A,B,C,D,E,skip,A,B,C,0.45,radicaleq
1192,radicaleq,3,C,D,E,skip,skip,C,E,D,skip,D,A,D,skip,D,skip,D,A,D,skip,D,0.6,radicaleq
1192,radicaleq,4,D,E,skip,D,A,E,D,skip,A,skip,D,skip,A,C,C,C,C,C,A,C,0.5,radicaleq
1192,radicaleq,5,E,skip,B,E,C,D,skip,A,D,A,skip,C,D,skip,A,skip,D,skip,D,skip,0.55,radicaleq
1192,radicaleq,6,skip,A,C,A,D,skip,A,C,B,B,C,A,C,A,D,A,skip,A,C,A,0.55,radicaleq
1193,rotate,1,A,B,C,D,E,skip,A,B,C,D,E,skip,A,B,C,D,E,skip,A,B,0.45,radicaleq
1193,radicaleq,2,B,C,D,C,skip,E,skip,E,skip,E,skip,E,skip,D,E,D,C,C,C,C,0.55,radicaleq
1193,rotate,3,C,D,E,skip,A,B,C,D,E,skip,A,B,C,D,E,skip,A,B,C,D,0.4,radicaleq
1193,radicaleq,4,D,E,skip,D,A,C,C,D,B,A,C,D,D,E,skip,E,skip,skip,D,E,0.6,radicaleq
1193,radicaleq,5,E,skip,B,E,D,skip,E,skip,D,skip,D,skip,E,skip,D,skip,E,D,E,skip,0.55,radicaleq
1193,radicaleq,6,skip,A,C,A,E,A,D,C,E,D,E,C,C,C,C,C,D,E,skip,D,0.5,radicaleq
1194,rotate,1,A,B,C,D,E,skip,A,B,C,D,E,skip,A,B,C,D,E,skip,A,B,0.4,radicaleq
1194,radicaleq,2,B,C,D,B,skip,D,skip,E,skip,B,skip,E,D,B,D,B,E,B,skip,D,0.6,radicaleq
1194,radicaleq,3,C,D,E,skip,B,skip,E,skip,B,D,C,C,B,E,skip,E,skip,E,D,B,0.55,radicaleq
1194,radicaleq,4,D,E,skip,D,A,E,C,D,E,skip,E,D,E,skip,B,D,C,C,B,E,0.6,radicaleq
1194,radicaleq,5,E,skip,B,A,E,C,B,B,A,E,B,skip,skip,D,E,skip,B,skip,E,skip,0.55,radicaleq
1194,rotate,6,skip,A,B,C,D,E,skip,A,B,C,D,E,skip,A,B,C,D,E,skip,A,0.5,radicaleq
1195,radicaleq,1,A,B,A,C,D,skip,A,skip,B,skip,A,skip,B,E,E,E,E,E,B,E,0.55,radicaleq
1195,rotate,2,B,C,D,E,skip,A,B,C,D,E,skip,A,B,C,D,E,skip,A,B,C,0.45,radicaleq
1195,radicaleq,3,C,D,E,skip,A,E,B,E,C,C,B,A,E,A,B,skip,B,A,E,A,0.6,radicaleq
1195,rotate,4,D,E,skip,A,B,C,D,E,skip,A,B,C,D,E,skip,A,B,C,D,E,0.45,radicaleq
1195,radicaleq,5,E,skip,B,B,B,A,C,C,A,A,E,E,A,B,skip,A,A,B,skip,B,0.6,radicaleq
1195,radicaleq,6,skip,A,C,D,E,B,skip,B,skip,B,skip,B,skip,skip,A,B,skip,skip,A,skip,0.55,radicaleq
1196,radicaleq,1,A,B,A,D,D,E,A,skip,skip,A,C,D,D,C,D,D,E,E,A,skip,0.6,radicaleq
1196,radicaleq,2,B,C,D,A,E,A,skip,E,C,E,skip,E,A,skip,skip,E,skip,A,skip,E,0.55,radicaleq
1196,radicaleq,3,C,D,E,skip,A,skip,E,C,A,C,E,A,skip,E,A,A,D,D,C,C,0.55,radicaleq
1196,rotate,4,D,E,skip,A,B,C,D,E,skip,A,B,C,D,E,skip,A,B,C,D,E,0.5,radicaleq
1196,rotate,5,E,skip,A,B,C,D,E,skip,A,B,C,D,E,skip,A,B,C,D,E,skip,0.3,radicaleq
1196,radicaleq,6,skip,A,C,E,skip,D,C,D,E,skip,A,skip,E,A,E,skip,A,skip,E,A,0.55,radicaleq
1197,radicaleq,1,A,B,A,E,B,D,B,skip,B,B,skip,B,skip,D,B,D,B,B,skip,B,0.6,radicaleq
1197,radicaleq,2,B,C,D,B,skip,B,skip,B,skip,skip,E,skip,E,B,skip,B,skip,skip,D,D,0.55,radicaleq
1197,radicaleq,3,C,D,E,skip,E,skip,D,E,E,D,B,D,B,skip,D,skip,D,D,B,skip,0.55,radicaleq
1197,rotate,4,D,E,skip,A,B,C,D,E,skip,A,B,C,D,E,skip,A,B,C,D,E,0.45,radicaleq
1197,radicaleq,5,E,skip,B,C,D,A,A,A,D,E,D,E,A,A,A,A,E,E,A,E,0.45,radicaleq
1197,rotate,6,skip,A,B,C,D,E,skip,A,B,C,D,E,skip,A,B,C,D,E,skip,A,0.25,radicaleq
1198,rotate,1,A,B,C,D,E,skip,A,B,C,D,E,skip,A,B,C,D,E,skip,A,B,0.35,radicaleq
1198,radicaleq,2,B,C,D,C,skip,E,skip,C,skip,C,skip,E,skip,C,skip,skip,C,skip,skip,E,0.5,radicaleq
1198,radicaleq,3,C,D,E,skip,E,C,E,E,C,E,E,C,E,E,E,E,E,E,E,C,0.55,radicaleq
1198,rotate,4,D,E,skip,A,B,C,D,E,skip,A,B,C,D,E,skip,A,B,C,D,E,0.3,radicaleq
1198,radicaleq,5,E,skip,B,E,C,skip,C,skip,E,skip,C,skip,C,skip,C,C,skip,C,C,skip,0.5,radicaleq
1198,radicaleq,6,skip,A,C,A,B,D,D,B,B,D,B,D,B,B,B,B,B,B,B,B,0.45,radicaleq
1199,radicaleq,1,A,B,A,E,B,E,D,E,skip,E,D,B,D,E,skip,E,D,B,D,E,0.6,radicaleq
1199,rotate,2,B,C,D,E,skip,A,B,C,D,E,skip,A,B,C,D,E,skip,A,B,C,0.45,radicaleq
1199,radicaleq,3,C,D,E,skip,E,skip,E,skip,D,D,E,skip,E,skip,D,D,E,skip,E,skip,0.55,radicaleq
1199,radicaleq,4,D,E,skip,D,skip,D,skip,D,E,skip,skip,D,skip,D,E,skip,skip,D,skip,D,0.55,radicaleq
1199,radicaleq,5,E,skip,B,C,A,A,C,B,B,A,B,E,B,B,B,B,B,E,B,B,0.5,radicaleq
1199,rotate,6,skip,A,B,C,D,E,skip,A,B,C,D,E,skip,A,B,C,D,E,skip,A,0.35,radicaleq
1200,rotate,1,A,B,C,D,E,skip,A,B,C,D,E,skip,A,B,C,D,E,skip,A,B,0.3,radicaleq
1200,radicaleq,2,B,C,D,C,skip,C,skip,C,skip,skip,A,skip,A,A,A,A,C,A,C,skip,0.55,radicaleq
1200,radicaleq,3,C,D,E,skip,A,skip,A,A,A,A,C,A,C,skip,C,C,skip,C,skip,A,0.55,radicaleq
1200,radicaleq,4,D,E,skip,A,C,A,C,skip,C,C,skip,C,skip,C,skip,skip,A,skip,B,C,0.55,radicaleq
1200,rotate,5,E,skip,A,B,C,D,E,skip,A,B,C,D,E,skip,A,B,C,D,E,skip,0.4,radicaleq
1200,radicaleq,6,skip,A,C,B,E,D,B,B,D,D,B,B,B,B,B,B,B,B,A,B,0.45,radicaleq
1201,radicaleq,1,A,E,B,skip,B,skip,B,skip,B,skip,D,C,skip,B,A,B,D,D,B,C,0.65,radicaleq
1201,random3,2,B,C,C,C,A,A,A,A,A,A,A,B,B,B,B,B,A,A,A,A,0.6,radicaleq
1201,random3,3,B,C,C,C,C,C,C,C,C,C,E,E,E,E,E,E,E,E,E,E,0.5,radicaleq
1201,radicaleq,4,D,B,skip,D,C,D,C,D,C,D,C,skip,D,C,skip,C,skip,B,C,skip,0.6,radicaleq
1201,radicaleq,5,E,skip,E,B,skip,B,skip,B,skip,B,skip,D,C,skip,B,D,B,C,skip,D,0.6,radicaleq
1201,radicaleq,6,skip,D,D,C,D,C,D,C,D,C,A,A,A,A,C,skip,C,skip,D,B,0.6,radicaleq
1202,radicaleq,1,A,C,B,A,B,A,B,B,B,B,A,B,D,D,D,D,C,skip,C,skip,0.55,radicaleq
1202,radicaleq,2,B,D,skip,D,E,skip,A,C,C,D,B,D,E,B,B,B,B,D,skip,A,0.5,radicaleq
1202,random3,3,C,C,B,A,A,A,A,D,D,D,D,D,D,A,A,A,A,A,A,A,0.45,radicaleq
1202,radicaleq,4,D,skip,D,C,skip,D,E,skip,A,skip,skip,C,skip,C,skip,C,skip,A,D,C,0.55,radicaleq
1202,radicaleq,5,E,A,C,E,D,E,skip,A,skip,C,C,skip,C,skip,C,skip,A,E,E,B,0.45,radicaleq
1202,random3,6,E,E,E,E,B,C,C,C,C,C,A,E,E,E,E,E,E,E,E,E,0.5,radicaleq
1203,radicaleq,1,A,C,D,D,D,E,A,C,A,D,D,E,B,E,B,E,E,A,skip,A,0.55,random3
1203,radicaleq,2,B,skip,A,skip,B,D,E,B,skip,A,C,skip,C,skip,C,skip,B,D,D,C,0.5,random3
1203,random3,3,E,C,C,C,C,C,C,C,A,A,A,A,A,A,D,D,D,D,E,E,0.45,random3
1203,random3,4,A,A,B,B,B,B,A,D,D,D,B,B,B,B,B,B,B,B,B,B,0.45,random3
1203,radicaleq,5,E,A,E,E,A,skip,B,skip,C,skip,A,C,skip,C,skip,C,A,skip,A,skip,0.5,random3
1203,radicaleq,6,skip,E,skip,A,skip,B,C,E,E,C,skip,A,E,A,E,A,skip,B,B,E,0.4,random3
1204,radicaleq,1,A,B,E,E,C,A,D,D,B,B,E,skip,E,skip,B,E,A,skip,B,E,0.65,radicaleq
1204,random3,2,C,E,E,E,B,A,A,A,A,A,A,C,C,C,C,C,C,C,C,C,0.5,radicaleq
1204,radicaleq,3,C,A,D,C,D,E,A,A,E,skip,A,B,A,B,E,A,skip,B,E,A,0.65,radicaleq
1204,radicaleq,4,D,C,skip,D,E,B,skip,skip,A,E,skip,E,skip,E,A,skip,B,E,A,skip,0.6,radicaleq
1204,random3,5,B,B,A,A,A,A,A,A,A,A,A,A,A,D,D,D,D,D,D,D,0.55,radicaleq
1204,radicaleq,6,skip,D,B,skip,B,D,E,E,skip,A,B,A,B,A,skip,B,E,A,skip,B,0.6,radicaleq
1205,radicaleq,1,A,D,skip,C,E,C,E,C,E,C,skip,C,skip,B,skip,B,skip,D,C,B,0.6,radicaleq
1205,radicaleq,2,B,E,E,B,A,B,A,B,skip,B,E,B,D,D,D,D,D,C,B,skip,0.55,radicaleq
1205,random3,3,C,C,C,C,C,C,C,C,B,B,B,B,B,C,A,A,A,E,E,E,0.35,radicaleq
1205,radicaleq,4,D,skip,B,E,B,E,B,E,C,skip,C,skip,E,skip,B,skip,C,B,skip,D,0.55,radicaleq
1205,random3,5,B,B,B,B,B,B,B,D,D,D,D,D,D,D,A,A,A,A,A,A,0.45,radicaleq
1205,radicaleq,6,skip,C,A,A,skip,A,skip,A,B,E,B,E,B,C,C,C,B,skip,D,C,0.55,radicaleq
1206,radicaleq,1,A,E,D,D,C,A,D,E,skip,E,skip,C,E,A,skip,E,A,A,skip,E,0.65,radicaleq
1206,radicaleq,2,B,C,skip,C,skip,E,C,A,C,A,C,E,A,skip,D,D,D,C,C,C,0.6,radicaleq
1206,radicaleq,3,C,B,E,E,D,D,A,D,E,skip,E,A,skip,C,E,A,E,E,E,A,0.6,radicaleq
1206,radicaleq,4,D,skip,C,A,E,C,E,skip,A,C,A,skip,D,D,C,C,C,D,D,D,0.6,radicaleq
1206,random3,5,C,E,E,E,E,E,B,B,B,B,B,B,B,B,B,B,B,B,B,B,0.65,radicaleq
1206,random3,6,A,A,A,A,A,A,A,A,A,A,D,D,D,D,D,A,D,B,A,A,0.3,radicaleq
1207,random3,1,B,B,B,B,B,B,B,B,B,B,B,C,C,C,C,C,C,E,E,E,0.5,random3
1207,random3,2,A,A,A,A,A,A,A,A,A,A,D,D,D,D,D,D,D,D,D,D,0.55,random3
1207,radicaleq,3,C,D,B,A,E,A,E,skip,B,A,E,B,skip,E,A,B,skip,A,B,skip,0.55,random3
1207,radicaleq,4,D,E,skip,D,skip,B,A,E,skip,B,A,skip,E,A,B,skip,A,B,skip,A,0.55,random3
1207,radicaleq,5,E,skip,D,B,D,skip,B,A,E,skip,B,E,A,B,skip,A,B,skip,A,B,0.55,random3
1207,radicaleq,6,skip,B,C,E,A,E,skip,B,A,E,skip,A,B,skip,D,D,C,C,C,C,0.45,random3
1208,random3,1,D,C,A,A,A,A,A,A,B,B,B,A,A,A,A,A,A,A,A,A,0.75,radicaleq
1208,radicaleq,2,B,skip,B,D,E,skip,C,A,B,A,D,E,B,E,E,E,E,C,D,E,0.6,radicaleq
1208,random3,3,E,C,C,C,C,C,C,C,D,E,D,E,D,D,D,D,D,D,D,D,0.25,radicaleq
1208,radicaleq,4,D,B,D,E,skip,B,D,E,skip,C,skip,C,skip,C,skip,D,C,D,E,B,0.6,radicaleq
1208,radicaleq,5,E,D,E,skip,B,D,E,skip,C,skip,C,skip,C,skip,D,C,D,E,B,C,0.6,radicaleq
1208,radicaleq,6,skip,E,skip,B,D,E,skip,C,D,E,B,B,D,B,B,B,B,B,C,D,0.55,radicaleq
1209,random3,1,C,A,A,A,A,A,A,A,A,A,A,A,C,C,D,D,D,D,A,A,0.25,radicaleq
1209,radicaleq,2,B,E,skip,B,E,C,skip,skip,skip,D,skip,E,C,E,C,C,D,E,E,C,0.65,radicaleq
1209,radicaleq,3,C,B,B,E,C,skip,A,D,E,A,E,C,D,D,D,D,E,C,C,A,0.6,radicaleq
1209,radicaleq,4,D,C,E,C,skip,A,E,A,C,skip,C,D,A,A,A,A,A,D,D,D,0.7,radicaleq
1209,radicaleq,5,E,skip,C,skip,A,B,D,E,D,E,D,A,E,C,E,E,C,A,A,E,0.6,radicaleq
1209,random3,6,C,C,D,D,D,D,D,D,D,B,B,B,B,B,B,B,B,B,B,B,0.75,radicaleq
1210,radicaleq,1,A,E,skip,C,B,C,E,skip,A,D,C,E,A,D,D,D,C,skip,C,skip,0.65,radicaleq
1210,random3,2,C,C,C,C,C,C,C,D,D,C,C,B,E,E,E,B,B,B,D,D,0.15,radicaleq
1210,radicaleq,3,C,A,E,skip,E,skip,C,A,D,A,E,D,D,C,C,C,skip,C,skip,D,0.6,radicaleq
1210,random3,4,D,D,D,D,D,A,B,B,B,B,B,B,B,B,B,B,B,B,D,D,0.5,radicaleq
1210,radicaleq,5,E,skip,D,A,D,A,A,D,E,E,D,C,skip,E,A,E,E,E,E,C,0.65,radicaleq
1210,radicaleq,6,skip,D,B,E,skip,E,skip,C,skip,C,A,A,E,A,E,A,A,A,D,E,0.55,radicaleq
1211,radicaleq,1,A,E,D,E,skip,C,skip,A,skip,C,A,skip,A,C,C,A,C,A,E,C,0.65,radicaleq
1211,radicaleq,2,B,C,B,C,A,E,B,C,C,A,skip,A,C,E,B,E,E,E,C,A,0.6,radicaleq
1211,radicaleq,3,C,D,E,skip,B,skip,C,skip,A,skip,E,B,E,A,E,C,A,C,A,B,0.6,radicaleq
1211,random3,4,E,E,A,A,A,A,A,D,D,D,D,D,D,D,D,D,D,D,D,D,0.75,radicaleq
1211,random3,5,C,C,A,C,C,E,E,E,E,E,E,C,C,E,A,A,A,A,A,A,0.15,radicaleq
1211,radicaleq,6,skip,B,skip,B,C,A,A,E,B,B,B,C,B,B,A,B,B,B,B,E,0.6,radicaleq
1212,radicaleq,1,A,B,B,A,skip,E,D,C,skip,B,skip,D,B,C,B,E,C,D,D,skip,0.55,radicaleq
1212,radicaleq,2,B,D,A,D,E,A,skip,D,A,D,B,skip,D,skip,D,skip,B,E,C,C,0.55,radicaleq
1212,radicaleq,3,C,E,skip,C,A,D,B,E,B,E,A,E,C,B,E,C,E,C,B,B,0.55,radicaleq
1212,random3,4,D,D,D,D,D,D,D,D,D,D,D,D,A,A,A,A,A,A,A,A,0.5,radicaleq
1212,radicaleq,5,E,skip,C,E,C,skip,A,skip,C,skip,D,C,skip,D,skip,D,skip,B,E,A,0.45,radicaleq
1212,random3,6,A,C,C,C,B,B,B,B,B,E,E,E,B,B,B,C,B,B,A,A,0.25,radicaleq
1213,random3,1,C,C,C,C,A,A,A,A,A,A,A,D,D,D,D,D,D,D,D,D,0.6,random3
1213,radicaleq,2,B,C,D,C,E,C,skip,E,C,skip,E,C,skip,B,B,E,E,E,B,E,0.6,random3
1213,radicaleq,3,C,D,E,skip,C,skip,D,D,A,A,A,D,A,A,A,A,A,A,A,A,0.55,random3
1213,random3,4,C,C,B,B,D,D,D,D,B,B,B,B,B,B,B,B,B,B,B,B,0.6,random3
1213,radicaleq,5,E,skip,C,B,B,B,E,C,skip,E,C,skip,E,C,skip,C,skip,C,skip,C,0.6,random3
1213,radicaleq,6,skip,E,skip,E,skip,E,C,skip,E,C,skip,E,C,skip,C,skip,C,skip,E,skip,0.55,random3
1214,radicaleq,1,A,B,D,D,B,D,D,C,B,B,A,B,A,A,A,A,A,A,D,A,0.75,radicaleq
1214,random3,2,C,C,C,C,E,E,E,E,E,E,E,E,E,E,E,E,E,E,E,E,0.85,radicaleq
1214,radicaleq,3,C,E,C,B,D,B,A,D,D,A,D,D,D,D,D,D,C,C,C,C,0.5,radicaleq
1214,radicaleq,4,D,A,skip,C,C,skip,B,skip,C,C,B,A,B,B,B,C,D,B,A,B,0.65,radicaleq
1214,radicaleq,5,E,skip,A,skip,skip,C,skip,A,A,D,C,C,C,C,C,B,B,D,B,D,0.65,radicaleq
1214,random3,6,A,B,B,B,B,B,A,A,A,A,A,A,D,D,D,D,D,D,A,A,0.05,radicaleq
1215,random3,1,B,A,A,A,A,A,A,A,A,D,D,C,C,E,E,E,E,E,E,E,0.45,radicaleq
1215,radicaleq,2,B,E,C,D,skip,D,skip,skip,B,A,B,skip,D,B,skip,D,B,skip,A,D,0.6,radicaleq
1215,radicaleq,3,C,skip,D,skip,D,skip,A,D,skip,B,skip,D,B,skip,D,B,skip,A,D,B,0.6,radicaleq
1215,radicaleq,4,D,C,skip,A,E,A,C,B,C,skip,A,B,skip,D,B,skip,A,D,B,skip,0.55,radicaleq
1215,random3,5,D,D,B,B,B,B,B,B,B,D,D,C,C,E,C,C,C,C,C,C,0.45,radicaleq
1215,radicaleq,6,skip,D,E,B,A,C,B,C,A,D,D,A,A,A,A,A,D,B,skip,A,0.55,radicaleq
1216,radicaleq,1,A,B,A,C,D,skip,A,C,D,B,E,skip,D,C,B,E,A,skip,D,B,0.85,draw
1216,radicaleq,2,B,C,D,E,skip,A,C,D,B,E,skip,D,C,B,E,A,skip,D,B,C,0.85,draw
1216,radicaleq,3,C,D,E,skip,A,C,D,B,E,skip,D,C,B,E,A,skip,D,B,C,E,0.85,draw
1216,radicaleq,4,D,E,skip,A,C,D,B,E,skip,D,C,B,E,A,skip,D,B,C,E,A,0.85,draw
1216,radicaleq,5,E,skip,B,B,B,B,E,skip,C,C,B,E,A,skip,D,B,C,E,A,skip,0.8,draw
1216,radicaleq,6,skip,A,C,D,E,E,skip,A,A,A,A,A,skip,D,C,C,E,A,skip,D,0.8,draw
1217,radicaleq,1,A,B,A,C,D,skip,A,C,D,B,E,skip,D,C,B,E,A,skip,D,B,0.85,draw
1217,radicaleq,2,B,C,D,E,skip,A,C,D,B,E,skip,D,C,B,E,A,skip,D,B,C,0.85,draw
1217,radicaleq,3,C,D,E,skip,A,C,D,B,E,skip,D,C,B,E,A,skip,D,B,C,E,0.85,draw
1217,radicaleq,4,D,E,skip,A,C,D,B,E,skip,D,C,B,E,A,skip,D,B,C,E,A,0.85,draw
1217,radicaleq,5,E,skip,B,B,B,B,E,skip,C,C,B,E,A,skip,D,B,C,E,A,skip,0.8,draw
1217,radicaleq,6,skip,A,C,D,E,E,skip,A,A,A,A,A,skip,D,C,C,E,A,skip,D,0.8,draw
1218,radicaleq,1,A,B,A,C,D,skip,A,C,D,B,E,skip,D,C,B,E,A,skip,D,B,0.85,draw
1218,radicaleq,2,B,C,D,E,skip,A,C,D,B,E,skip,D,C,B,E,A,skip,D,B,C,0.85,draw
1218,radicaleq,3,C,D,E,skip,A,C,D,B,E,skip,D,C,B,E,A,skip,D,B,C,E,0.85,draw
1218,radicaleq,4,D,E,skip,A,C,D,B,E,skip,D,C,B,E,A,skip,D,B,C,E,A,0.85,draw
1218,radicaleq,5,E,skip,B,B,B,B,E,skip,C,C,B,E,A,skip,D,B,C,E,A,skip,0.8,draw
1218,radicaleq,6,skip,A,C,D,E,E,skip,A,A,A,A,A,skip,D,C,C,E,A,skip,D,0.8,draw
1219,radicaleq,1,A,B,A,C,D,skip,A,C,D,B,E,skip,D,C,B,E,A,skip,D,B,0.85,draw
1219,radicaleq,2,B,C,D,E,skip,A,C,D,B,E,skip,D,C,B,E,A,skip,D,B,C,0.85,draw
1219,radicaleq,3,C,D,E,skip,A,C,D,B,E,skip,D,C,B,E,A,skip,D,B,C,E,0.85,draw
1219,radicaleq,4,D,E,skip,A,C,D,B,E,skip,D,C,B,E,A,skip,D,B,C,E,A,0.85,draw
1219,radicaleq,5,E,skip,B,B,B,B,E,skip,C,C,B,E,A,skip,D,B,C,E,A,skip,0.8,draw
1219,radicaleq,6,skip,A,C,D,E,E,skip,A,A,A,A,A,skip,D,C,C,E,A,skip,D,0.8,draw
1220,radicaleq,1,A,B,A,C,D,skip,A,C,D,B,E,skip,D,C,B,E,A,skip,D,B,0.85,draw
1220,radicaleq,2,B,C,D,E,skip,A,C,D,B,E,skip,D,C,B,E,A,skip,D,B,C,0.85,draw
1220,radicaleq,3,C,D,E,skip,A,C,D,B,E,skip,D,C,B,E,A,skip,D,B,C,E,0.85,draw
1220,radicaleq,4,D,E,skip,A,C,D,B,E,skip,D,C,B,E,A,skip,D,B,C,E,A,0.85,draw
1220,radicaleq,5,E,skip,B,B,B,B,E,skip,C,C,B,E,A,skip,D,B,C,E,A,skip,0.8,draw
1220,radicaleq,6,skip,A,C,D,E,E,skip,A,A,A,A,A,skip,D,C,C,E,A,skip,D,0.8,draw
1221,radicaleq,1,A,B,A,C,D,skip,A,C,D,B,E,skip,D,C,B,E,A,skip,D,B,0.85,draw
1221,radicaleq,2,B,C,D,E,skip,A,C,D,B,E,skip,D,C,B,E,A,skip,D,B,C,0.85,draw
1221,radicaleq,3,C,D,E,skip,A,C,D,B,E,skip,D,C,B,E,A,skip,D,B,C,E,0.85,draw
1221,radicaleq,4,D,E,skip,A,C,D,B,E,skip,D,C,B,E,A,skip,D,B,C,E,A,0.85,draw
1221,radicaleq,5,E,skip,B,B,B,B,E,skip,C,C,B,E,A,skip,D,B,C,E,A,skip,0.8,draw
1221,radicaleq,6,skip,A,C,D,E,E,skip,A,A,A,A,A,skip,D,C,C,E,A,skip,D,0.8,draw
1222,radicaleq,1,A,B,A,C,D,skip,A,C,D,B,E,skip,D,C,B,E,A,skip,D,B,0.85,draw
1222,radicaleq,2,B,C,D,E,skip,A,C,D,B,E,skip,D,C,B,E,A,skip,D,B,C,0.85,draw
1222,radicaleq,3,C,D,E,skip,A,C,D,B,E,skip,D,C,B,E,A,skip,D,B,C,E,0.85,draw
1222,radicaleq,4,D,E,skip,A,C,D,B,E,skip,D,C,B,E,A,skip,D,B,C,E,A,0.85,draw
1222,radicaleq,5,E,skip,B,B,B,B,E,skip,C,C,B,E,A,skip,D,B,C,E,A,skip,0.8,draw
1222,radicaleq,6,skip,A,C,D,E,E,skip,A,A,A,A,A,skip,D,C,C,E,A,skip,D,0.8,draw
1223,radicaleq,1,A,B,A,C,D,skip,A,C,D,B,E,skip,D,C,B,E,A,skip,D,B,0.85,draw
1223,radicaleq,2,B,C,D,E,skip,A,C,D,B,E,skip,D,C,B,E,A,skip,D,B,C,0.85,draw
1223,radicaleq,3,C,D,E,skip,A,C,D,B,E,skip,D,C,B,E,A,skip,D,B,C,E,0.85,draw
1223,radicaleq,4,D,E,skip,A,C,D,B,E,skip,D,C,B,E,A,skip,D,B,C,E,A,0.85,draw
1223,radicaleq,5,E,skip,B,B,B,B,E,skip,C,C,B,E,A,skip,D,B,C,E,A,skip,0.8,draw
1223,radicaleq,6,skip,A,C,D,E,E,skip,A,A,A,A,A,skip,D,C,C,E,A,skip,D,0.8,draw
1224,radicaleq,1,A,B,A,C,D,skip,A,C,D,B,E,skip,D,C,B,E,A,skip,D,B,0.85,draw
1224,radicaleq,2,B,C,D,E,skip,A,C,D,B,E,skip,D,C,B,E,A,skip,D,B,C,0.85,draw
1224,radicaleq,3,C,D,E,skip,A,C,D,B,E,skip,D,C,B,E,A,skip,D,B,C,E,0.85,draw
1224,radicaleq,4,D,E,skip,A,C,D,B,E,skip,D,C,B,E,A,skip,D,B,C,E,A,0.85,draw
1224,radicaleq,5,E,skip,B,B,B,B,E,skip,C,C,B,E,A,skip,D,B,C,E,A,skip,0.8,draw
1224,radicaleq,6,skip,A,C,D,E,E,skip,A,A,A,A,A,skip,D,C,C,E,A,skip,D,0.8,draw
1225,radicaleq,1,A,B,A,C,D,skip,A,C,D,B,E,skip,D,C,B,E,A,skip,D,B,0.85,draw
1225,radicaleq,2,B,C,D,E,skip,A,C,D,B,E,skip,D,C,B,E,A,skip,D,B,C,0.85,draw
1225,radicaleq,3,C,D,E,skip,A,C,D,B,E,skip,D,C,B,E,A,skip,D,B,C,E,0.85,draw
1225,radicaleq,4,D,E,skip,A,C,D,B,E,skip,D,C,B,E,A,skip,D,B,C,E,A,0.85,draw
1225,radicaleq,5,E,skip,B,B,B,B,E,skip,C,C,B,E,A,skip,D,B,C,E,A,skip,0.8,draw
1225,radicaleq,6,skip,A,C,D,E,E,skip,A,A,A,A,A,skip,D,C,C,E,A,skip,D,0.8,draw
1226,radicaleq,1,A,B,A,C,D,skip,A,C,D,B,E,skip,D,C,B,E,A,skip,D,B,0.85,draw
1226,radicaleq,2,B,C,D,E,skip,A,C,D,B,E,skip,D,C,B,E,A,skip,D,B,C,0.85,draw
1226,radicaleq,3,C,D,E,skip,A,C,D,B,E,skip,D,C,B,E,A,skip,D,B,C,E,0.85,draw
1226,radicaleq,4,D,E,skip,A,C,D,B,E,skip,D,C,B,E,A,skip,D,B,C,E,A,0.85,draw
1226,radicaleq,5,E,skip,B,B,B,B,E,skip,C,C,B,E,A,skip,D,B,C,E,A,skip,0.8,draw
1226,radicaleq,6,skip,A,C,D,E,E,skip,A,A,A,A,A,skip,D,C,C,E,A,skip,D,0.8,draw
1227,radicaleq,1,A,B,A,C,D,skip,A,C,D,B,E,skip,D,C,B,E,A,skip,D,B,0.85,draw
1227,radicaleq,2,B,C,D,E,skip,A,C,D,B,E,skip,D,C,B,E,A,skip,D,B,C,0.85,draw
1227,radicaleq,3,C,D,E,skip,A,C,D,B,E,skip,D,C,B,E,A,skip,D,B,C,E,0.85,draw
1227,radicaleq,4,D,E,skip,A,C,D,B,E,skip,D,C,B,E,A,skip,D,B,C,E,A,0.85,draw
1227,radicaleq,5,E,skip,B,B,B,B,E,skip,C,C,B,E,A,skip,D,B,C,E,A,skip,0.8,draw
1227,radicaleq,6,skip,A,C,D,E,E,skip,A,A,A,A,A,skip,D,C,C,E,A,skip,D,0.8,draw
1228,radicaleq,1,A,B,A,C,D,skip,A,C,D,B,E,skip,D,C,B,E,A,skip,D,B,0.85,draw
1228,radicaleq,2,B,C,D,E,skip,A,C,D,B,E,skip,D,C,B,E,A,skip,D,B,C,0.85,draw
1228,radicaleq,3,C,D,E,skip,A,C,D,B,E,skip,D,C,B,E,A,skip,D,B,C,E,0.85,draw
1228,radicaleq,4,D,E,skip,A,C,D,B,E,skip,D,C,B,E,A,skip,D,B,C,E,A,0.85,draw
1228,radicaleq,5,E,skip,B,B,B,B,E,skip,C,C,B,E,A,skip,D,B,C,E,A,skip,0.8,draw
1228,radicaleq,6,skip,A,C,D,E,E,skip,A,A,A,A,A,skip,D,C,C,E,A,skip,D,0.8,draw
1229,radicaleq,1,A,B,A,C,D,skip,A,C,D,B,E,skip,D,C,B,E,A,skip,D,B,0.85,draw
1229,radicaleq,2,B,C,D,E,skip,A,C,D,B,E,skip,D,C,B,E,A,skip,D,B,C,0.85,draw
1229,radicaleq,3,C,D,E,skip,A,C,D,B,E,skip,D,C,B,E,A,skip,D,B,C,E,0.85,draw
1229,radicaleq,4,D,E,skip,A,C,D,B,E,skip,D,C,B,E,A,skip,D,B,C,E,A,0.85,draw
1229,radicaleq,5,E,skip,B,B,B,B,E,skip,C,C,B,E,A,skip,D,B,C,E,A,skip,0.8,draw
1229,radicaleq,6,skip,A,C,D,E,E,skip,A,A,A,A,A,skip,D,C,C,E,A,skip,D,0.8,draw
1230,radicaleq,1,A,B,A,C,D,skip,A,C,D,B,E,skip,D,C,B,E,A,skip,D,B,0.85,draw
1230,radicaleq,2,B,C,D,E,skip,A,C,D,B,E,skip,D,C,B,E,A,skip,D,B,C,0.85,draw
1230,radicaleq,3,C,D,E,skip,A,C,D,B,E,skip,D,C,B,E,A,skip,D,B,C,E,0.85,draw
1230,radicaleq,4,D,E,skip,A,C,D,B,E,skip,D,C,B,E,A,skip,D,B,C,E,A,0.85,draw
1230,radicaleq,5,E,skip,B,B,B,B,E,skip,C,C,B,E,A,skip,D,B,C,E,A,skip,0.8,draw
1230,radicaleq,6,skip,A,C,D,E,E,skip,A,A,A,A,A,skip,D,C,C,E,A,skip,D,0.8,draw
1231,rotate0,1,A,A,A,A,A,A,A,A,A,A,A,A,A,A,A,A,A,A,A,A,0.75,random
1231,random,2,C,E,A,B,skip,D,skip,skip,skip,C,D,skip,B,B,E,skip,D,C,A,skip,0.2,random
1231,random,3,D,D,E,D,E,A,skip,skip,C,A,B,E,D,B,B,D,D,C,D,A,0.15,random
1231,rotate0,4,D,D,D,D,D,D,D,D,D,D,D,D,D,D,D,D,D,D,D,D,0.55,random
1231,rotate0,5,E,E,E,E,E,E,E,E,E,E,E,E,E,E,E,E,E,E,E,E,0.75,random
1231,rotate0,6,skip,skip,skip,skip,skip,skip,skip,skip,skip,skip,skip,skip,skip,skip,skip,skip,skip,skip,skip,skip,0.0,random
1232,rotate0,1,A,A,A,A,A,A,A,A,A,A,A,A,A,A,A,A,A,A,A,A,0.65,rotate0
1232,rotate0,2,B,B,B,B,B,B,B,B,B,B,B,B,B,B,B,B,B,B,B,B,0.65,rotate0
1232,random,3,C,B,C,A,E,C,A,D,B,B,C,A,E,A,B,B,A,E,D,E,0.2,rotate0
1232,rotate0,4,D,D,D,D,D,D,D,D,D,D,D,D,D,D,D,D,D,D,D,D,0.85,rotate0
1232,rotate0,5,E,E,E,E,E,E,E,E,E,E,E,E,E,E,E,E,E,E,E,E,0.55,rotate0
1232,random,6,B,E,skip,skip,E,E,E,E,B,A,skip,C,E,skip,C,E,C,D,B,A,0.15,rotate0
1233,rotate0,1,A,A,A,A,A,A,A,A,A,A,A,A,A,A,A,A,A,A,A,A,0.6,random
1233,rotate0,2,B,B,B,B,B,B,B,B,B,B,B,B,B,B,B,B,B,B,B,B,0.45,random
1233,random,3,A,B,skip,D,A,C,A,B,E,B,skip,D,skip,D,B,A,C,E,C,B,0.3,random
1233,random,4,B,E,C,A,B,D,E,A,B,A,D,skip,B,A,B,E,B,D,B,skip,0.2,random
1233,rotate0,5,E,E,E,E,E,E,E,E,E,E,E,E,E,E,E,E,E,E,E,E,0.75,random
1233,rotate0,6,skip,skip,skip,skip,skip,skip,skip,skip,skip,skip,skip,skip,skip,skip,skip,skip,skip,skip,skip,skip,0.0,random
1234,rotate0,1,A,A,A,A,A,A,A,A,A,A,A,A,A,A,A,A,A,A,A,A,0.65,random
1234,random,2,A,E,D,D,A,E,skip,E,B,B,E,C,C,B,A,B,skip,B,A,C,0.4,random
1234,rotate0,3,C,C,C,C,C,C,C,C,C,C,C,C,C,C,C,C,C,C,C,C,0.6,random
1234,rotate0,4,D,D,D,D,D,D,D,D,D,D,D,D,D,D,D,D,D,D,D,D,0.75,random
1234,random,5,C,B,B,A,C,D,C,D,D,skip,A,B,E,B,C,A,skip,C,A,B,0.25,random
1234,rotate0,6,skip,skip,skip,skip,skip,skip,skip,skip,skip,skip,skip,skip,skip,skip,skip,skip,skip,skip,skip,skip,0.0,random
1235,rotate0,1,A,A,A,A,A,A,A,A,A,A,A,A,A,A,A,A,A,A,A,A,0.45,random
1235,rotate0,2,B,B,B,B,B,B,B,B,B,B,B,B,B,B,B,B,B,B,B,B,0.75,random
1235,random,3,C,B,C,A,A,B,skip,A,B,D,A,E,C,A,C,A,C,skip,skip,D,0.25,random
1235,rotate0,4,D,D,D,D,D,D,D,D,D,D,D,D,D,D,D,D,D,D,D,D,0.85,random
1235,random,5,skip,A,A,A,D,B,A,C,A,B,skip,E,E,skip,A,C,skip,E,B,E,0.25,random
1235,rotate0,6,skip,skip,skip,skip,skip,skip,skip,skip,skip,skip,skip,skip,skip,skip,skip,skip,skip,skip,skip,skip,0.0,random
1236,rotate0,1,A,A,A,A,A,A,A,A,A,A,A,A,A,A,A,A,A,A,A,A,0.8,rotate0
1236,rotate0,2,B,B,B,B,B,B,B,B,B,B,B,B,B,B,B,B,B,B,B,B,0.75,rotate0
1236,rotate0,3,C,C,C,C,C,C,C,C,C,C,C,C,C,C,C,C,C,C,C,C,0.65,rotate0
1236,rotate0,4,D,D,D,D,D,D,D,D,D,D,D,D,D,D,D,D,D,D,D,D,0.5,rotate0
1236,random,5,skip,C,B,A,C,A,E,E,D,E,D,skip,D,D,C,C,A,D,B,D,0.15,rotate0
1236,random,6,C,D,C,B,D,A,skip,D,skip,B,B,D,C,A,skip,skip,A,skip,B,D,0.0,rotate0
1237,random,1,E,C,C,E,B,A,E,D,D,C,skip,C,E,C,A,B,C,B,D,D,0.2,random
1237,random,2,A,B,skip,A,B,B,B,B,B,B,E,skip,A,A,skip,A,D,skip,skip,D,0.55,random
1237,rotate0,3,C,C,C,C,C,C,C,C,C,C,C,C,C,C,C,C,C,C,C,C,0.7,random
1237,rotate0,4,D,D,D,D,D,D,D,D,D,D,D,D,D,D,D,D,D,D,D,D,0.75,random
1237,rotate0,5,E,E,E,E,E,E,E,E,E,E,E,E,E,E,E,E,E,E,E,E,0.75,random
1237,rotate0,6,skip,skip,skip,skip,skip,skip,skip,skip,skip,skip,skip,skip,skip,skip,skip,skip,skip,skip,skip,skip,0.0,random
1238,random,1,B,B,C,B,E,D,C,B,B,skip,A,B,B,C,D,C,C,B,A,B,0.3,random
1238,rotate0,2,B,B,B,B,B,B,B,B,B,B,B,B,B,B,B,B,B,B,B,B,0.45,random
1238,random,3,A,E,B,skip,skip,C,E,E,E,E,C,B,skip,skip,B,C,E,B,D,C,0.2,random
1238,rotate0,4,D,D,D,D,D,D,D,D,D,D,D,D,D,D,D,D,D,D,D,D,0.85,random
1238,rotate0,5,E,E,E,E,E,E,E,E,E,E,E,E,E,E,E,E,E,E,E,E,0.65,random
1238,rotate0,6,skip,skip,skip,skip,skip,skip,skip,skip,skip,skip,skip,skip,skip,skip,skip,skip,skip,skip,skip,skip,0.0,random
1239,random,1,E,A,A,B,C,B,A,D,A,D,skip,B,skip,skip,skip,B,B,E,C,D,0.15,rotate0
1239,rotate0,2,B,B,B,B,B,B,B,B,B,B,B,B,B,B,B,B,B,B,B,B,0.7,rotate0
1239,rotate0,3,C,C,C,C,C,C,C,C,C,C,C,C,C,C,C,C,C,C,C,C,0.8,rotate0
1239,rotate0,4,D,D,D,D,D,D,D,D,D,D,D,D,D,D,D,D,D,D,D,D,0.65,rotate0
1239,rotate0,5,E,E,E,E,E,E,E,E,E,E,E,E,E,E,E,E,E,E,E,E,0.7,rotate0
1239,random,6,skip,A,C,D,A,A,E,D,C,D,E,A,B,E,A,D,E,D,D,skip,0.2,rotate0
1240,rotate0,1,A,A,A,A,A,A,A,A,A,A,A,A,A,A,A,A,A,A,A,A,0.8,random
1240,random,2,D,B,D,E,D,C,skip,D,E,E,skip,C,skip,A,B,C,D,skip,E,E,0.35,random
1240,rotate0,3,C,C,C,C,C,C,C,C,C,C,C,C,C,C,C,C,C,C,C,C,0.75,random
1240,random,4,A,skip,E,C,skip,skip,E,skip,E,C,D,D,A,D,D,skip,E,A,D,E,0.25,random
1240,rotate0,5,E,E,E,E,E,E,E,E,E,E,E,E,E,E,E,E,E,E,E,E,0.6,random
1240,rotate0,6,skip,skip,skip,skip,skip,skip,skip,skip,skip,skip,skip,skip,skip,skip,skip,skip,skip,skip,skip,skip,0.0,random
1241,rotate0,1,A,A,A,A,A,A,A,A,A,A,A,A,A,A,A,A,A,A,A,A,0.6,random
1241,rotate0,2,B,B,B,B,B,B,B,B,B,B,B,B,B,B,B,B,B,B,B,B,0.7,random
1241,rotate0,3,C,C,C,C,C,C,C,C,C,C,C,C,C,C,C,C,C,C,C,C,0.75,random
1241,random,4,E,D,C,E,A,E,skip,D,B,E,A,D,A,B,A,C,B,skip,E,D,0.35,random
1241,random,5,skip,E,B,A,E,E,C,E,A,D,A,D,C,A,B,A,C,B,D,E,0.3,random
1241,rotate0,6,skip,skip,skip,skip,skip,skip,skip,skip,skip,skip,skip,skip,skip,skip,skip,skip,skip,skip,skip,skip,0.0,random
1242,rotate0,1,A,A,A,A,A,A,A,A,A,A,A,A,A,A,A,A,A,A,A,A,0.6,rotate0
1242,rotate0,2,B,B,B,B,B,B,B,B,B,B,B,B,B,B,B,B,B,B,B,B,0.85,rotate0
1242,rotate0,3,C,C,C,C,C,C,C,C,C,C,C,C,C,C,C,C,C,C,C,C,0.75,rotate0
1242,random,4,C,E,B,D,B,A,A,E,E,A,skip,C,A,E,A,skip,E,A,D,skip,0.1,rotate0
1242,rotate0,5,E,E,E,E,E,E,E,E,E,E,E,E,E,E,E,E,E,E,E,E,0.6,rotate0
1242,random,6,skip,C,E,skip,C,C,A,skip,E,A,D,D,A,D,E,E,A,skip,B,A,0.15,rotate0
1243,random,1,A,E,D,skip,A,C,B,skip,E,A,skip,B,C,D,A,E,B,skip,skip,skip,0.3,random
1243,rotate0,2,B,B,B,B,B,B,B,B,B,B,B,B,B,B,B,B,B,B,B,B,0.6,random
1243,rotate0,3,C,C,C,C,C,C,C,C,C,C,C,C,C,C,C,C,C,C,C,C,0.8,random
1243,random,4,D,A,E,A,B,D,C,D,A,B,A,D,C,E,B,skip,skip,C,B,B,0.4,random
1243,rotate0,5,E,E,E,E,E,E,E,E,E,E,E,E,E,E,E,E,E,E,E,E,0.75,random
1243,rotate0,6,skip,skip,skip,skip,skip,skip,skip,skip,skip,skip,skip,skip,skip,skip,skip,skip,skip,skip,skip,skip,0.0,random
1244,rotate0,1,A,A,A,A,A,A,A,A,A,A,A,A,A,A,A,A,A,A,A,A,0.85,rotate0
1244,random,2,D,skip,E,E,D,E,C,E,skip,skip,C,skip,D,B,C,B,A,A,B,E,0.1,rotate0
1244,rotate0,3,C,C,C,C,C,C,C,C,C,C,C,C,C,C,C,C,C,C,C,C,0.75,rotate0
1244,rotate0,4,D,D,D,D,D,D,D,D,D,D,D,D,D,D,D,D,D,D,D,D,0.75,rotate0
1244,rotate0,5,E,E,E,E,E,E,E,E,E,E,E,E,E,E,E,E,E,E,E,E,0.55,rotate0
1244,random,6,D,E,E,D,C,C,E,E,B,skip,skip,B,skip,E,E,A,A,D,B,B,0.15,rotate0
1245,random,1,A,B,D,A,E,B,A,A,A,C,B,E,A,skip,A,skip,skip,E,skip,D,0.45,random
1245,rotate0,2,B,B,B,B,B,B,B,B,B,B,B,B,B,B,B,B,B,B,B,B,0.75,random
1245,rotate0,3,C,C,C,C,C,C,C,C,C,C,C,C,C,C,C,C,C,C,C,C,0.65,random
1245,rotate0,4,D,D,D,D,D,D,D,D,D,D,D,D,D,D,D,D,D,D,D,D,0.85,random
1245,random,5,D,A,C,A,A,A,E,skip,B,A,C,skip,skip,C,B,C,C,skip,skip,C,0.25,random
1245,rotate0,6,skip,skip,skip,skip,skip,skip,skip,skip,skip,skip,skip,skip,skip,skip,skip,skip,skip,skip,skip,skip,0.0,random
1246,rotate0,1,A,A,A,A,A,A,A,A,A,A,A,A,A,A,A,A,A,A,A,A,0.7,rotate
1246,rotate,2,B,C,D,E,skip,A,B,C,D,E,skip,A,B,C,D,E,skip,A,B,C,0.4,rotate
1246,rotate,3,C,D,E,skip,A,B,C,D,E,skip,A,B,C,D,E,skip,A,B,C,D,0.35,rotate
1246,rotate0,4,D,D,D,D,D,D,D,D,D,D,D,D,D,D,D,D,D,D,D,D,0.65,rotate
1246,rotate0,5,E,E,E,E,E,E,E,E,E,E,E,E,E,E,E,E,E,E,E,E,0.7,rotate
1246,rotate0,6,skip,skip,skip,skip,skip,skip,skip,skip,skip,skip,skip,skip,skip,skip,skip,skip,skip,skip,skip,skip,0.0,rotate
1247,rotate0,1,A,A,A,A,A,A,A,A,A,A,A,A,A,A,A,A,A,A,A,A,0.65,rotate
1247,rotate0,2,B,B,B,B,B,B,B,B,B,B,B,B,B,B,B,B,B,B,B,B,0.7,rotate
1247,rotate,3,C,D,E,skip,A,B,C,D,E,skip,A,B,C,D,E,skip,A,B,C,D,0.2,rotate
1247,rotate0,4,D,D,D,D,D,D,D,D,D,D,D,D,D,D,D,D,D,D,D,D,0.65,rotate
1247,rotate0,5,E,E,E,E,E,E,E,E,E,E,E,E,E,E,E,E,E,E,E,E,0.7,rotate
1247,rotate,6,skip,A,B,C,D,E,skip,A,B,C,D,E,skip,A,B,C,D,E,skip,A,0.15,rotate
1248,rotate0,1,A,A,A,A,A,A,A,A,A,A,A,A,A,A,A,A,A,A,A,A,0.7,rotate
1248,rotate0,2,B,B,B,B,B,B,B,B,B,B,B,B,B,B,B,B,B,B,B,B,0.7,rotate
1248,rotate,3,C,D,E,skip,A,B,C,D,E,skip,A,B,C,D,E,skip,A,B,C,D,0.4,rotate
1248,rotate,4,D,E,skip,A,B,C,D,E,skip,A,B,C,D,E,skip,A,B,C,D,E,0.35,rotate
1248,rotate0,5,E,E,E,E,E,E,E,E,E,E,E,E,E,E,E,E,E,E,E,E,0.65,rotate
1248,rotate0,6,skip,skip,skip,skip,skip,skip,skip,skip,skip,skip,skip,skip,skip,skip,skip,skip,skip,skip,skip,skip,0.0,rotate
1249,rotate0,1,A,A,A,A,A,A,A,A,A,A,A,A,A,A,A,A,A,A,A,A,0.7,rotate
1249,rotate,2,B,C,D,E,skip,A,B,C,D,E,skip,A,B,C,D,E,skip,A,B,C,0.35,rotate
1249,rotate0,3,C,C,C,C,C,C,C,C,C,C,C,C,C,C,C,C,C,C,C,C,0.65,rotate
1249,rotate0,4,D,D,D,D,D,D,D,D,D,D,D,D,D,D,D,D,D,D,D,D,0.7,rotate
1249,rotate,5,E,skip,A,B,C,D,E,skip,A,B,C,D,E,skip,A,B,C,D,E,skip,0.35,rotate
1249,rotate0,6,skip,skip,skip,skip,skip,skip,skip,skip,skip,skip,skip,skip,skip,skip,skip,skip,skip,skip,skip,skip,0.0,rotate
1250,rotate0,1,A,A,A,A,A,A,A,A,A,A,A,A,A,A,A,A,A,A,A,A,0.7,rotate
1250,rotate0,2,B,B,B,B,B,B,B,B,B,B,B,B,B,B,B,B,B,B,B,B,0.7,rotate
1250,rotate,3,C,D,E,skip,A,B,C,D,E,skip,A,B,C,D,E,skip,A,B,C,D,0.35,rotate
1250,rotate0,4,D,D,D,D,D,D,D,D,D,D,D,D,D,D,D,D,D,D,D,D,0.65,rotate
1250,rotate,5,E,skip,A,B,C,D,E,skip,A,B,C,D,E,skip,A,B,C,D,E,skip,0.35,rotate
1250,rotate0,6,skip,skip,skip,skip,skip,skip,skip,skip,skip,skip,skip,skip,skip,skip,skip,skip,skip,skip,skip,skip,0.0,rotate
1251,rotate0,1,A,A,A,A,A,A,A,A,A,A,A,A,A,A,A,A,A,A,A,A,0.65,rotate
1251,rotate0,2,B,B,B,B,B,B,B,B,B,B,B,B,B,B,B,B,B,B,B,B,0.7,rotate
1251,rotate0,3,C,C,C,C,C,C,C,C,C,C,C,C,C,C,C,C,C,C,C,C,0.7,rotate
1251,rotate0,4,D,D,D,D,D,D,D,D,D,D,D,D,D,D,D,D,D,D,D,D,0.7,rotate
1251,rotate,5,E,skip,A,B,C,D,E,skip,A,B,C,D,E,skip,A,B,C,D,E,skip,0.2,rotate
1251,rotate,6,skip,A,B,C,D,E,skip,A,B,C,D,E,skip,A,B,C,D,E,skip,A,0.15,rotate
1252,rotate,1,A,B,C,D,E,skip,A,B,C,D,E,skip,A,B,C,D,E,skip,A,B,0.4,rotate
1252,rotate,2,B,C,D,E,skip,A,B,C,D,E,skip,A,B,C,D,E,skip,A,B,C,0.35,rotate
1252,rotate0,3,C,C,C,C,C,C,C,C,C,C,C,C,C,C,C,C,C,C,C,C,0.65,rotate
1252,rotate0,4,D,D,D,D,D,D,D,D,D,D,D,D,D,D,D,D,D,D,D,D,0.7,rotate
1252,rotate0,5,E,E,E,E,E,E,E,E,E,E,E,E,E,E,E,E,E,E,E,E,0.7,rotate
1252,rotate0,6,skip,skip,skip,skip,skip,skip,skip,skip,skip,skip,skip,skip,skip,skip,skip,skip,skip,skip,skip,skip,0.0,rotate
1253,rotate,1,A,B,C,D,E,skip,A,B,C,D,E,skip,A,B,C,D,E,skip,A,B,0.35,rotate
1253,rotate0,2,B,B,B,B,B,B,B,B,B,B,B,B,B,B,B,B,B,B,B,B,0.65,rotate
1253,rotate,3,C,D,E,skip,A,B,C,D,E,skip,A,B,C,D,E,skip,A,B,C,D,0.35,rotate
1253,rotate0,4,D,D,D,D,D,D,D,D,D,D,D,D,D,D,D,D,D,D,D,D,0.65,rotate
1253,rotate0,5,E,E,E,E,E,E,E,E,E,E,E,E,E,E,E,E,E,E,E,E,0.7,rotate
1253,rotate0,6,skip,skip,skip,skip,skip,skip,skip,skip,skip,skip,skip,skip,skip,skip,skip,skip,skip,skip,skip,skip,0.0,rotate
1254,rotate,1,A,B,C,D,E,skip,A,B,C,D,E,skip,A,B,C,D,E,skip,A,B,0.2,rotate
1254,rotate0,2,B,B,B,B,B,B,B,B,B,B,B,B,B,B,B,B,B,B,B,B,0.65,rotate
1254,rotate0,3,C,C,C,C,C,C,C,C,C,C,C,C,C,C,C,C,C,C,C,C,0.7,rotate
1254,rotate0,4,D,D,D,D,D,D,D,D,D,D,D,D,D,D,D,D,D,D,D,D,0.7,rotate
1254,rotate0,5,E,E,E,E,E,E,E,E,E,E,E,E,E,E,E,E,E,E,E,E,0.7,rotate
1254,rotate,6,skip,A,B,C,D,E,skip,A,B,C,D,E,skip,A,B,C,D,E,skip,A,0.2,rotate
1255,rotate0,1,A,A,A,A,A,A,A,A,A,A,A,A,A,A,A,A,A,A,A,A,0.7,rotate
1255,rotate,2,B,C,D,E,skip,A,B,C,D,E,skip,A,B,C,D,E,skip,A,B,C,0.35,rotate
1255,rotate0,3,C,C,C,C,C,C,C,C,C,C,C,C,C,C,C,C,C,C,C,C,0.65,rotate
1255,rotate,4,D,E,skip,A,B,C,D,E,skip,A,B,C,D,E,skip,A,B,C,D,E,0.35,rotate
1255,rotate0,5,E,E,E,E,E,E,E,E,E,E,E,E,E,E,E,E,E,E,E,E,0.65,rotate
1255,rotate0,6,skip,skip,skip,skip,skip,skip,skip,skip,skip,skip,skip,skip,skip,skip,skip,skip,skip,skip,skip,skip,0.0,rotate
1256,rotate0,1,A,A,A,A,A,A,A,A,A,A,A,A,A,A,A,A,A,A,A,A,0.7,rotate
1256,rotate0,2,B,B,B,B,B,B,B,B,B,B,B,B,B,B,B,B,B,B,B,B,0.7,rotate
1256,rotate0,3,C,C,C,C,C,C,C,C,C,C,C,C,C,C,C,C,C,C,C,C,0.7,rotate
1256,rotate,4,D,E,skip,A,B,C,D,E,skip,A,B,C,D,E,skip,A,B,C,D,E,0.4,rotate
1256,rotate,5,E,skip,A,B,C,D,E,skip,A,B,C,D,E,skip,A,B,C,D,E,skip,0.35,rotate
1256,rotate0,6,skip,skip,skip,skip,skip,skip,skip,skip,skip,skip,skip,skip,skip,skip,skip,skip,skip,skip,skip,skip,0.0,rotate
1257,rotate0,1,A,A,A,A,A,A,A,A,A,A,A,A,A,A,A,A,A,A,A,A,0.65,rotate
1257,rotate0,2,B,B,B,B,B,B,B,B,B,B,B,B,B,B,B,B,B,B,B,B,0.7,rotate
1257,rotate0,3,C,C,C,C,C,C,C,C,C,C,C,C,C,C,C,C,C,C,C,C,0.7,rotate
1257,rotate,4,D,E,skip,A,B,C,D,E,skip,A,B,C,D,E,skip,A,B,C,D,E,0.2,rotate
1257,rotate0,5,E,E,E,E,E,E,E,E,E,E,E,E,E,E,E,E,E,E,E,E,0.65,rotate
1257,rotate,6,skip,A,B,C,D,E,skip,A,B,C,D,E,skip,A,B,C,D,E,skip,A,0.15,rotate
1258,rotate,1,A,B,C,D,E,skip,A,B,C,D,E,skip,A,B,C,D,E,skip,A,B,0.35,rotate
1258,rotate0,2,B,B,B,B,B,B,B,B,B,B,B,B,B,B,B,B,B,B,B,B,0.65,rotate
1258,rotate0,3,C,C,C,C,C,C,C,C,C,C,C,C,C,C,C,C,C,C,C,C,0.7,rotate
1258,rotate,4,D,E,skip,A,B,C,D,E,skip,A,B,C,D,E,skip,A,B,C,D,E,0.35,rotate
1258,rotate0,5,E,E,E,E,E,E,E,E,E,E,E,E,E,E,E,E,E,E,E,E,0.65,rotate
1258,rotate0,6,skip,skip,skip,skip,skip,skip,skip,skip,skip,skip,skip,skip,skip,skip,skip,skip,skip,skip,skip,skip,0.0,rotate
1259,rotate0,1,A,A,A,A,A,A,A,A,A,A,A,A,A,A,A,A,A,A,A,A,0.65,rotate
1259,rotate,2,B,C,D,E,skip,A,B,C,D,E,skip,A,B,C,D,E,skip,A,B,C,0.2,rotate
1259,rotate0,3,C,C,C,C,C,C,C,C,C,C,C,C,C,C,C,C,C,C,C,C,0.65,rotate
1259,rotate0,4,D,D,D,D,D,D,D,D,D,D,D,D,D,D,D,D,D,D,D,D,0.7,rotate
1259,rotate0,5,E,E,E,E,E,E,E,E,E,E,E,E,E,E,E,E,E,E,E,E,0.7,rotate
1259,rotate,6,skip,A,B,C,D,E,skip,A,B,C,D,E,skip,A,B,C,D,E,skip,A,0.15,rotate
1260,rotate,1,A,B,C,D,E,skip,A,B,C,D,E,skip,A,B,C,D,E,skip,A,B,0.35,rotate
1260,rotate0,2,B,B,B,B,B,B,B,B,B,B,B,B,B,B,B,B,B,B,B,B,0.65,rotate
1260,rotate0,3,C,C,C,C,C,C,C,C,C,C,C,C,C,C,C,C,C,C,C,C,0.7,rotate
1260,rotate0,4,D,D,D,D,D,D,D,D,D,D,D,D,D,D,D,D,D,D,D,D,0.7,rotate
1260,rotate,5,E,skip,A,B,C,D,E,skip,A,B,C,D,E,skip,A,B,C,D,E,skip,0.35,rotate
1260,rotate0,6,skip,skip,skip,skip,skip,skip,skip,skip,skip,skip,skip,skip,skip,skip,skip,skip,skip,skip,skip,skip,0.0,rotate
1261,random3,1,C,A,E,E,E,E,E,E,E,E,E,E,E,E,E,C,C,C,C,C,0.55,rotate0
1261,rotate0,2,B,B,B,B,B,B,B,B,B,B,B,B,B,B,B,B,B,B,B,B,0.9,rotate0
1261,rotate0,3,C,C,C,C,C,C,C,C,C,C,C,C,C,C,C,C,C,C,C,C,0.6,rotate0
1261,random3,4,E,A,A,A,A,A,A,A,A,A,A,A,A,A,D,D,D,D,D,D,0.75,rotate0
1261,random3,5,D,D,D,D,D,D,D,D,D,D,D,D,D,E,E,E,E,E,E,E,0.65,rotate0
1261,random3,6,E,A,A,A,C,C,D,D,D,B,B,D,D,A,A,A,A,A,A,A,0.3,rotate0
1262,random3,1,C,C,D,D,D,D,D,D,D,D,D,D,D,D,D,D,D,D,D,D,0.9,random3
1262,random3,2,E,E,E,E,E,E,E,E,E,E,E,E,E,E,E,E,E,E,E,E,0.75,random3
1262,rotate0,3,C,C,C,C,C,C,C,C,C,C,C,C,C,C,C,C,C,C,C,C,0.7,random3
1262,random3,4,C,C,C,C,C,C,A,A,A,A,A,A,A,A,A,A,A,A,A,A,0.7,random3
1262,random3,5,E,E,E,E,E,B,B,B,B,B,B,B,B,B,B,B,B,B,B,B,0.75,random3
1262,rotate0,6,skip,skip,skip,skip,skip,skip,skip,skip,skip,skip,skip,skip,skip,skip,skip,skip,skip,skip,skip,skip,0.0,random3
1263,random3,1,D,D,D,D,D,D,D,D,D,D,D,D,C,C,A,A,A,A,B,B,0.0,rotate0
1263,random3,2,E,B,B,B,B,B,B,B,B,B,B,B,B,B,B,B,B,B,B,B,0.85,rotate0
1263,rotate0,3,C,C,C,C,C,C,C,C,C,C,C,C,C,C,C,C,C,C,C,C,0.9,rotate0
1263,rotate0,4,D,D,D,D,D,D,D,D,D,D,D,D,D,D,D,D,D,D,D,D,0.4,rotate0
1263,random3,5,A,A,A,A,A,A,A,A,A,A,A,A,A,A,A,A,A,A,A,A,0.8,rotate0
1263,random3,6,E,E,E,E,E,E,E,E,E,E,E,E,E,E,E,E,E,E,E,E,0.95,rotate0
1264,random3,1,D,C,C,C,C,C,E,E,E,E,E,E,A,A,A,A,A,A,A,D,0.4,rotate0
1264,rotate0,2,B,B,B,B,B,B,B,B,B,B,B,B,B,B,B,B,B,B,B,B,0.65,rotate0
1264,random3,3,A,A,A,A,A,A,A,A,A,A,A,A,A,B,E,D,D,D,D,D,0.6,rotate0
1264,random3,4,D,D,D,D,D,D,D,D,D,D,D,D,D,D,D,D,D,A,A,C,0.7,rotate0
1264,rotate0,5,E,E,E,E,E,E,E,E,E,E,E,E,E,E,E,E,E,E,E,E,0.55,rotate0
1264,random3,6,E,E,B,A,A,C,B,B,B,B,B,C,C,C,C,C,C,C,C,C,0.4,rotate0
1265,random3,1,C,D,D,D,D,D,D,B,B,B,B,B,E,D,D,A,D,D,D,B,0.35,rotate0
1265,random3,2,C,C,C,C,B,B,D,D,D,D,D,D,D,D,D,B,D,D,D,B,0.2,rotate0
1265,rotate0,3,C,C,C,C,C,C,C,C,C,C,C,C,C,C,C,C,C,C,C,C,0.75,rotate0
1265,random3,4,E,E,E,B,B,B,C,B,B,D,D,B,B,B,B,B,D,D,D,D,0.25,rotate0
1265,rotate0,5,E,E,E,E,E,E,E,E,E,E,E,E,E,E,E,E,E,E,E,E,0.8,rotate0
1265,random3,6,A,A,A,A,A,A,A,A,A,A,A,A,A,A,A,A,A,A,A,A,0.95,rotate0
1266,random3,1,A,A,A,A,A,A,A,A,A,A,A,A,A,A,A,A,A,A,A,A,1.0,random3
1266,random3,2,E,E,E,D,D,D,D,D,D,D,D,D,D,D,D,D,D,D,D,D,0.85,random3
1266,random3,3,E,E,C,C,C,C,C,C,C,C,C,C,C,C,C,C,C,C,C,C,0.9,random3
1266,random3,4,B,B,B,B,B,B,B,B,B,B,B,B,B,B,B,B,B,B,B,B,1.0,random3
1266,rotate0,5,E,E,E,E,E,E,E,E,E,E,E,E,E,E,E,E,E,E,E,E,0.85,random3
1266,rotate0,6,skip,skip,skip,skip,skip,skip,skip,skip,skip,skip,skip,skip,skip,skip,skip,skip,skip,skip,skip,skip,0.0,random3
1267,rotate0,1,A,A,A,A,A,A,A,A,A,A,A,A,A,A,A,A,A,A,A,A,0.7,rotate0
1267,rotate0,2,B,B,B,B,B,B,B,B,B,B,B,B,B,B,B,B,B,B,B,B,0.95,rotate0
1267,random3,3,E,C,C,C,C,C,D,C,C,E,E,E,E,E,E,E,E,E,E,A,0.55,rotate0
1267,random3,4,A,A,D,D,D,D,D,D,C,C,C,C,C,C,C,C,C,C,C,C,0.75,rotate0
1267,random3,5,E,E,E,E,E,C,D,D,D,D,D,D,B,A,D,D,D,E,E,E,0.35,rotate0
1267,random3,6,A,A,A,A,E,E,E,E,E,E,E,D,D,D,D,D,D,D,D,D,0.45,rotate0
1268,rotate0,1,A,A,A,A,A,A,A,A,A,A,A,A,A,A,A,A,A,A,A,A,0.9,rotate0
1268,random3,2,C,C,C,C,C,C,C,B,B,C,E,B,B,B,D,A,C,E,C,C,0.0,rotate0
1268,rotate0,3,C,C,C,C,C,C,C,C,C,C,C,C,C,C,C,C,C,C,C,C,0.45,rotate0
1268,random3,4,B,E,E,E,E,E,E,E,E,E,E,B,B,E,E,E,E,E,D,E,0.65,rotate0
1268,random3,5,A,D,D,D,D,D,D,D,D,D,D,D,D,D,D,D,D,D,D,E,0.8,rotate0
1268,random3,6,B,B,B,B,B,B,B,B,B,B,B,B,B,B,B,B,B,B,B,B,0.7,rotate0
1269,rotate0,1,A,A,A,A,A,A,A,A,A,A,A,A,A,A,A,A,A,A,A,A,1.0,random3
1269,random3,2,E,E,E,E,E,E,E,E,E,E,E,E,E,E,E,E,E,E,E,E,1.0,random3
1269,random3,3,D,D,D,D,D,D,D,D,D,D,D,D,D,D,D,D,D,D,D,D,0.9,random3
1269,random3,4,D,D,B,B,B,B,B,B,B,B,B,B,B,B,B,B,B,B,B,B,0.9,random3
1269,random3,5,C,C,C,C,C,C,C,C,C,C,C,C,C,C,C,C,C,C,C,C,1.0,random3
1269,rotate0,6,skip,skip,skip,skip,skip,skip,skip,skip,skip,skip,skip,skip,skip,skip,skip,skip,skip,skip,skip,skip,0.0,random3
1270,random3,1,E,E,E,E,E,A,A,A,A,A,A,A,B,B,B,B,B,B,B,A,0.4,random3
1270,rotate0,2,B,B,B,B,B,B,B,B,B,B,B,B,B,B,B,B,B,B,B,B,0.25,random3
1270,random3,3,B,B,C,C,C,C,C,C,C,C,C,C,C,A,A,A,A,A,A,A,0.75,random3
1270,rotate0,4,D,D,D,D,D,D,D,D,D,D,D,D,D,D,D,D,D,D,D,D,1.0,random3
1270,random3,5,B,A,A,B,E,B,E,E,E,E,E,E,E,E,E,E,E,E,E,E,0.7,random3
1270,random3,6,B,A,A,A,A,A,A,B,B,B,B,A,C,A,C,C,C,C,C,C,0.4,random3
1271,random3,1,E,B,C,B,B,B,B,B,B,B,B,B,B,B,C,C,C,C,C,C,0.7,rotate0
1271,random3,2,C,B,B,B,C,C,D,C,C,D,D,D,D,B,B,B,B,B,B,A,0.25,rotate0
1271,random3,3,C,C,C,D,D,C,C,C,C,C,C,C,C,C,C,E,A,B,B,A,0.35,rotate0
1271,rotate0,4,D,D,D,D,D,D,D,D,D,D,D,D,D,D,D,D,D,D,D,D,0.65,rotate0
1271,rotate0,5,E,E,E,E,E,E,E,E,E,E,E,E,E,E,E,E,E,E,E,E,0.9,rotate0
1271,random3,6,A,A,A,A,A,A,A,A,A,A,A,A,A,A,A,A,A,B,B,B,0.85,rotate0
1272,random3,1,A,A,A,A,A,A,A,A,A,A,A,A,A,A,A,A,A,A,A,A,1.0,random3
1272,random3,2,E,E,E,E,E,E,E,E,E,E,E,E,E,E,E,E,E,E,E,E,0.95,random3
1272,random3,3,E,B,B,B,B,B,B,B,B,B,B,B,B,B,B,B,B,B,B,B,0.95,random3
1272,rotate0,4,D,D,D,D,D,D,D,D,D,D,D,D,D,D,D,D,D,D,D,D,0.85,random3
1272,random3,5,D,D,D,C,C,C,C,C,C,C,C,C,C,C,C,C,C,C,C,C,0.85,random3
1272,rotate0,6,skip,skip,skip,skip,skip,skip,skip,skip,skip,skip,skip,skip,skip,skip,skip,skip,skip,skip,skip,skip,0.0,random3
1273,rotate0,1,A,A,A,A,A,A,A,A,A,A,A,A,A,A,A,A,A,A,A,A,0.55,rotate0
1273,random3,2,C,E,E,E,E,E,E,E,E,E,E,E,E,E,E,E,E,E,E,E,0.75,rotate0
1273,random3,3,B,B,B,B,B,B,B,C,B,B,A,A,A,A,A,A,A,A,E,E,0.25,rotate0
1273,rotate0,4,D,D,D,D,D,D,D,D,D,D,D,D,D,D,D,D,D,D,D,D,0.95,rotate0
1273,random3,5,C,C,C,C,C,B,B,C,B,B,B,B,B,B,B,B,B,B,B,B,0.65,rotate0
1273,random3,6,A,E,E,D,C,C,C,C,C,C,C,C,C,C,C,C,C,C,C,C,0.7,rotate0
1274,random3,1,B,E,E,E,E,E,E,E,E,E,E,E,E,E,E,E,E,E,E,E,0.95,random3
1274,rotate0,2,B,B,B,B,B,B,B,B,B,B,B,B,B,B,B,B,B,B,B,B,0.9,random3
1274,random3,3,B,B,D,D,D,D,D,D,D,D,D,D,D,D,D,D,D,D,D,D,0.65,random3
1274,random3,4,B,B,D,D,D,D,D,A,A,A,A,A,A,A,A,A,A,A,A,A,0.65,random3
1274,random3,5,C,C,C,C,C,C,C,C,C,C,C,C,C,C,C,C,C,C,C,C,1.0,random3
1274,rotate0,6,skip,skip,skip,skip,skip,skip,skip,skip,skip,skip,skip,skip,skip,skip,skip,skip,skip,skip,skip,skip,0.0,random3
1275,rotate0,1,A,A,A,A,A,A,A,A,A,A,A,A,A,A,A,A,A,A,A,A,0.9,rotate0
1275,random3,2,D,D,D,C,D,B,B,B,B,B,D,A,A,C,C,B,B,B,B,B,0.0,rotate0
1275,random3,3,B,B,B,B,B,B,B,B,B,B,D,D,D,D,D,D,D,D,D,D,0.7,rotate0
1275,random3,4,D,D,D,C,C,C,C,C,C,C,C,C,C,C,C,C,C,C,C,C,0.7,rotate0
1275,rotate0,5,E,E,E,E,E,E,E,E,E,E,E,E,E,E,E,E,E,E,E,E,0.8,rotate0
1275,random3,6,E,E,E,E,D,B,B,B,B,B,B,B,B,B,B,B,B,B,B,B,0.25,rotate0
1276,radicaleq,1,A,B,D,D,A,C,E,B,E,B,A,B,E,B,A,B,E,B,A,B,0.55,radicaleq
1276,rotate0,2,B,B,B,B,B,B,B,B,B,B,B,B,B,B,B,B,B,B,B,B,0.15,radicaleq
1276,rotate0,3,C,C,C,C,C,C,C,C,C,C,C,C,C,C,C,C,C,C,C,C,0.55,radicaleq
1276,radicaleq,4,D,E,skip,A,E,skip,B,A,B,E,B,A,B,E,B,A,B,E,B,A,0.55,radicaleq
1276,radicaleq,5,E,skip,A,E,B,E,skip,E,skip,A,skip,E,skip,A,skip,E,skip,A,skip,E,0.55,radicaleq
1276,radicaleq,6,skip,A,E,B,C,A,A,C,A,C,E,C,A,C,E,C,A,C,E,C,0.5,radicaleq
1277,radicaleq,1,A,B,C,D,C,D,C,D,C,D,C,D,C,D,C,D,C,D,C,D,0.55,radicaleq
1277,radicaleq,2,B,C,D,E,skip,E,skip,E,skip,E,skip,E,skip,E,skip,E,skip,E,skip,E,0.55,radicaleq
1277,rotate0,3,C,C,C,C,C,C,C,C,C,C,C,C,C,C,C,C,C,C,C,C,0.05,radicaleq
1277,radicaleq,4,D,E,skip,C,D,C,D,C,D,C,D,C,D,C,D,C,D,C,D,C,0.5,radicaleq
1277,radicaleq,5,E,skip,E,skip,E,skip,E,skip,E,skip,E,skip,E,skip,E,skip,E,skip,E,skip,0.5,radicaleq
1277,rotate0,6,skip,skip,skip,skip,skip,skip,skip,skip,skip,skip,skip,skip,skip,skip,skip,skip,skip,skip,skip,skip,0.0,radicaleq
1278,radicaleq,1,A,B,C,A,skip,D,C,A,skip,D,C,A,skip,D,C,A,skip,D,C,A,0.35,radicaleq
1278,radicaleq,2,B,C,E,D,B,skip,D,C,A,skip,D,C,A,skip,D,C,A,skip,D,C,0.3,radicaleq
1278,rotate0,3,C,C,C,C,C,C,C,C,C,C,C,C,C,C,C,C,C,C,C,C,0.1,radicaleq
1278,rotate0,4,D,D,D,D,D,D,D,D,D,D,D,D,D,D,D,D,D,D,D,D,0.1,radicaleq
1278,radicaleq,5,E,skip,A,skip,C,A,skip,D,C,A,skip,D,C,A,skip,D,C,A,skip,D,0.3,radicaleq
1278,radicaleq,6,skip,A,D,E,D,C,A,skip,D,C,A,skip,D,C,A,skip,D,C,A,skip,0.3,radicaleq
1279,radicaleq,1,A,B,C,D,E,D,E,D,E,D,E,D,E,D,E,D,E,D,E,D,0.55,radicaleq
1279,rotate0,2,B,B,B,B,B,B,B,B,B,B,B,B,B,B,B,B,B,B,B,B,0.55,radicaleq
1279,radicaleq,3,C,D,skip,E,A,E,A,E,A,E,A,E,A,E,A,E,A,E,A,E,0.5,radicaleq
1279,radicaleq,4,D,E,D,skip,D,skip,D,skip,D,skip,D,skip,D,skip,D,skip,D,skip,D,skip,0.5,radicaleq
1279,rotate0,5,E,E,E,E,E,E,E,E,E,E,E,E,E,E,E,E,E,E,E,E,0.05,radicaleq
1279,radicaleq,6,skip,A,E,A,B,A,B,A,B,A,B,A,B,A,B,A,B,A,B,A,0.5,radicaleq
1280,radicaleq,1,A,B,skip,A,skip,A,skip,A,skip,A,skip,A,skip,A,skip,A,skip,A,skip,A,0.55,radicaleq
1280,radicaleq,2,B,C,D,C,B,C,B,C,B,C,B,C,B,C,B,C,B,C,B,C,0.5,radicaleq
1280,rotate0,3,C,C,C,C,C,C,C,C,C,C,C,C,C,C,C,C,C,C,C,C,0.5,radicaleq
1280,radicaleq,4,D,E,A,skip,A,skip,A,skip,A,skip,A,skip,A,skip,A,skip,A,skip,A,skip,0.5,radicaleq
1280,rotate0,5,E,E,E,E,E,E,E,E,E,E,E,E,E,E,E,E,E,E,E,E,0.5,radicaleq
1280,radicaleq,6,skip,A,E,D,E,D,E,D,E,D,E,D,E,D,E,D,E,D,E,D,0.5,radicaleq
1281,radicaleq,1,A,B,D,skip,D,skip,B,skip,D,skip,B,skip,D,skip,B,skip,D,skip,B,skip,0.55,radicaleq
1281,radicaleq,2,B,C,E,B,E,D,E,B,E,D,E,B,E,D,E,B,E,D,E,B,0.55,radicaleq
1281,radicaleq,3,C,D,skip,D,skip,B,skip,D,skip,B,skip,D,skip,B,skip,D,skip,B,skip,D,0.55,radicaleq
1281,radicaleq,4,D,E,B,E,B,E,D,E,B,E,D,E,B,E,D,E,B,E,D,E,0.5,radicaleq
1281,rotate0,5,E,E,E,E,E,E,E,E,E,E,E,E,E,E,E,E,E,E,E,E,0.05,radicaleq
1281,rotate0,6,skip,skip,skip,skip,skip,skip,skip,skip,skip,skip,skip,skip,skip,skip,skip,skip,skip,skip,skip,skip,0.0,radicaleq
1282,rotate0,1,A,A,A,A,A,A,A,A,A,A,A,A,A,A,A,A,A,A,A,A,0.1,radicaleq
1282,rotate0,2,B,B,B,B,B,B,B,B,B,B,B,B,B,B,B,B,B,B,B,B,0.15,radicaleq
1282,radicaleq,3,C,D,A,B,E,B,E,skip,A,B,E,skip,A,B,E,skip,A,B,E,skip,0.35,radicaleq
1282,radicaleq,4,D,E,skip,D,skip,A,B,E,skip,A,B,E,skip,A,B,E,skip,A,B,E,0.35,radicaleq
1282,radicaleq,5,E,skip,D,A,D,skip,A,B,E,skip,A,B,E,skip,A,B,E,skip,A,B,0.3,radicaleq
1282,radicaleq,6,skip,A,C,E,B,E,skip,A,B,E,skip,A,B,E,skip,A,B,E,skip,A,0.3,radicaleq
1283,rotate0,1,A,A,A,A,A,A,A,A,A,A,A,A,A,A,A,A,A,A,A,A,0.55,radicaleq
1283,radicaleq,2,B,C,E,C,B,C,B,C,B,C,B,C,B,C,B,C,B,C,B,C,0.5,radicaleq
1283,rotate0,3,C,C,C,C,C,C,C,C,C,C,C,C,C,C,C,C,C,C,C,C,0.05,radicaleq
1283,radicaleq,4,D,E,skip,skip,E,skip,E,skip,E,skip,E,skip,E,skip,E,skip,E,skip,E,skip,0.5,radicaleq
1283,radicaleq,5,E,skip,C,B,A,B,A,B,A,B,A,B,A,B,A,B,A,B,A,B,0.5,radicaleq
1283,radicaleq,6,skip,A,B,E,C,E,C,E,C,E,C,E,C,E,C,E,C,E,C,E,0.5,radicaleq
1284,rotate0,1,A,A,A,A,A,A,A,A,A,A,A,A,A,A,A,A,A,A,A,A,0.1,radicaleq
1284,radicaleq,2,B,C,D,A,E,skip,E,skip,E,skip,E,skip,E,skip,E,skip,E,skip,E,skip,0.55,radicaleq
1284,radicaleq,3,C,D,E,skip,A,C,A,C,A,C,A,C,A,C,A,C,A,C,A,C,0.55,radicaleq
1284,radicaleq,4,D,E,skip,E,skip,E,skip,E,skip,E,skip,E,skip,E,skip,E,skip,E,skip,E,0.55,radicaleq
1284,radicaleq,5,E,skip,A,C,C,A,C,A,C,A,C,A,C,A,C,A,C,A,C,A,0.5,radicaleq
1284,rotate0,6,skip,skip,skip,skip,skip,skip,skip,skip,skip,skip,skip,skip,skip,skip,skip,skip,skip,skip,skip,skip,0.0,radicaleq
1285,radicaleq,1,A,B,C,B,E,B,E,B,E,B,E,B,E,B,E,B,E,B,E,B,0.5,radicaleq
1285,rotate0,2,B,B,B,B,B,B,B,B,B,B,B,B,B,B,B,B,B,B,B,B,0.5,radicaleq
1285,radicaleq,3,C,D,A,skip,A,skip,A,skip,A,skip,A,skip,A,skip,A,skip,A,skip,A,skip,0.5,radicaleq
1285,rotate0,4,D,D,D,D,D,D,D,D,D,D,D,D,D,D,D,D,D,D,D,D,0.5,radicaleq
1285,radicaleq,5,E,skip,D,C,D,C,D,C,D,C,D,C,D,C,D,C,D,C,D,C,0.5,radicaleq
1285,radicaleq,6,skip,A,skip,A,skip,A,skip,A,skip,A,skip,A,skip,A,skip,A,skip,A,skip,A,0.5,radicaleq
1286,radicaleq,1,A,B,E,B,E,E,A,skip,D,D,A,skip,E,D,A,skip,E,D,A,skip,0.35,radicaleq
1286,radicaleq,2,B,C,D,A,skip,D,E,A,skip,E,D,A,skip,E,D,A,skip,E,D,A,0.35,radicaleq
1286,radicaleq,3,C,D,B,E,C,skip,D,E,A,skip,E,D,A,skip,E,D,A,skip,E,D,0.3,radicaleq
1286,rotate0,4,D,D,D,D,D,D,D,D,D,D,D,D,D,D,D,D,D,D,D,D,0.1,radicaleq
1286,rotate0,5,E,E,E,E,E,E,E,E,E,E,E,E,E,E,E,E,E,E,E,E,0.1,radicaleq
1286,radicaleq,6,skip,A,A,skip,D,A,skip,D,E,A,skip,E,D,A,skip,E,D,A,skip,E,0.3,radicaleq
1287,radicaleq,1,A,B,D,E,D,E,D,E,D,E,D,E,D,E,D,E,D,E,D,E,0.55,radicaleq
1287,radicaleq,2,B,C,skip,C,skip,C,skip,C,skip,C,skip,C,skip,C,skip,C,skip,C,skip,C,0.55,radicaleq
1287,radicaleq,3,C,D,E,D,E,D,E,D,E,D,E,D,E,D,E,D,E,D,E,D,0.5,radicaleq
1287,rotate0,4,D,D,D,D,D,D,D,D,D,D,D,D,D,D,D,D,D,D,D,D,0.05,radicaleq
1287,radicaleq,5,E,skip,C,skip,C,skip,C,skip,C,skip,C,skip,C,skip,C,skip,C,skip,C,skip,0.5,radicaleq
1287,rotate0,6,skip,skip,skip,skip,skip,skip,skip,skip,skip,skip,skip,skip,skip,skip,skip,skip,skip,skip,skip,skip,0.0,radicaleq
1288,rotate0,1,A,A,A,A,A,A,A,A,A,A,A,A,A,A,A,A,A,A,A,A,0.55,radicaleq
1288,radicaleq,2,B,C,skip,D,B,D,B,D,B,D,B,D,B,D,B,D,B,D,B,D,0.5,radicaleq
1288,radicaleq,3,C,D,C,skip,C,skip,C,skip,C,skip,C,skip,C,skip,C,skip,C,skip,C,skip,0.5,radicaleq
1288,rotate0,4,D,D,D,D,D,D,D,D,D,D,D,D,D,D,D,D,D,D,D,D,0.05,radicaleq
1288,radicaleq,5,E,skip,D,B,A,B,A,B,A,B,A,B,A,B,A,B,A,B,A,B,0.5,radicaleq
1288,radicaleq,6,skip,A,B,C,D,C,D,C,D,C,D,C,D,C,D,C,D,C,D,C,0.5,radicaleq
1289,radicaleq,1,A,B,C,D,B,D,B,D,B,D,B,D,B,D,B,D,B,D,B,D,0.55,radicaleq
1289,rotate0,2,B,B,B,B,B,B,B,B,B,B,B,B,B,B,B,B,B,B,B,B,0.05,radicaleq
1289,radicaleq,3,C,D,B,E,skip,E,skip,E,skip,E,skip,E,skip,E,skip,E,skip,E,skip,E,0.55,radicaleq
1289,radicaleq,4,D,E,skip,B,D,B,D,B,D,B,D,B,D,B,D,B,D,B,D,B,0.5,radicaleq
1289,radicaleq,5,E,skip,E,skip,E,skip,E,skip,E,skip,E,skip,E,skip,E,skip,E,skip,E,skip,0.5,radicaleq
1289,rotate0,6,skip,skip,skip,skip,skip,skip,skip,skip,skip,skip,skip,skip,skip,skip,skip,skip,skip,skip,skip,skip,0.0,radicaleq
1290,rotate0,1,A,A,A,A,A,A,A,A,A,A,A,A,A,A,A,A,A,A,A,A,0.1,radicaleq
1290,radicaleq,2,B,C,E,A,B,skip,E,A,B,skip,E,A,B,skip,E,A,B,skip,E,A,0.3,radicaleq
1290,radicaleq,3,C,D,skip,E,A,B,skip,E,A,B,skip,E,A,B,skip,E,A,B,skip,E,0.3,radicaleq
1290,radicaleq,4,D,E,D,skip,E,A,B,skip,E,A,B,skip,E,A,B,skip,E,A,B,skip,0.3,radicaleq
1290,rotate0,5,E,E,E,E,E,E,E,E,E,E,E,E,E,E,E,E,E,E,E,E,0.05,radicaleq
1290,radicaleq,6,skip,A,B,B,skip,E,A,B,skip,E,A,B,skip,E,A,B,skip,E,A,B,0.3,radicaleq
1291,rotate0,1,A,A,A,A,A,A,A,A,A,A,A,A,A,A,A,A,A,A,A,A,1.0,draw
1291,rotate0,2,B,B,B,B,B,B,B,B,B,B,B,B,B,B,B,B,B,B,B,B,1.0,draw
1291,rotate0,3,C,C,C,C,C,C,C,C,C,C,C,C,C,C,C,C,C,C,C,C,1.0,draw
1291,rotate0,4,D,D,D,D,D,D,D,D,D,D,D,D,D,D,D,D,D,D,D,D,1.0,draw
1291,rotate0,5,E,E,E,E,E,E,E,E,E,E,E,E,E,E,E,E,E,E,E,E,1.0,draw
1291,rotate0,6,skip,skip,skip,skip,skip,skip,skip,skip,skip,skip,skip,skip,skip,skip,skip,skip,skip,skip,skip,skip,0.0,draw
1292,rotate0,1,A,A,A,A,A,A,A,A,A,A,A,A,A,A,A,A,A,A,A,A,1.0,draw
1292,rotate0,2,B,B,B,B,B,B,B,B,B,B,B,B,B,B,B,B,B,B,B,B,1.0,draw
1292,rotate0,3,C,C,C,C,C,C,C,C,C,C,C,C,C,C,C,C,C,C,C,C,1.0,draw
1292,rotate0,4,D,D,D,D,D,D,D,D,D,D,D,D,D,D,D,D,D,D,D,D,1.0,draw
1292,rotate0,5,E,E,E,E,E,E,E,E,E,E,E,E,E,E,E,E,E,E,E,E,1.0,draw
1292,rotate0,6,skip,skip,skip,skip,skip,skip,skip,skip,skip,skip,skip,skip,skip,skip,skip,skip,skip,skip,skip,skip,0.0,draw
1293,rotate0,1,A,A,A,A,A,A,A,A,A,A,A,A,A,A,A,A,A,A,A,A,1.0,draw
1293,rotate0,2,B,B,B,B,B,B,B,B,B,B,B,B,B,B,B,B,B,B,B,B,1.0,draw
1293,rotate0,3,C,C,C,C,C,C,C,C,C,C,C,C,C,C,C,C,C,C,C,C,1.0,draw
1293,rotate0,4,D,D,D,D,D,D,D,D,D,D,D,D,D,D,D,D,D,D,D,D,1.0,draw
1293,rotate0,5,E,E,E,E,E,E,E,E,E,E,E,E,E,E,E,E,E,E,E,E,1.0,draw
1293,rotate0,6,skip,skip,skip,skip,skip,skip,skip,skip,skip,skip,skip,skip,skip,skip,skip,skip,skip,skip,skip,skip,0.0,draw
1294,rotate0,1,A,A,A,A,A,A,A,A,A,A,A,A,A,A,A,A,A,A,A,A,1.0,draw
1294,rotate0,2,B,B,B,B,B,B,B,B,B,B,B,B,B,B,B,B,B,B,B,B,1.0,draw
1294,rotate0,3,C,C,C,C,C,C,C,C,C,C,C,C,C,C,C,C,C,C,C,C,1.0,draw
1294,rotate0,4,D,D,D,D,D,D,D,D,D,D,D,D,D,D,D,D,D,D,D,D,1.0,draw
1294,rotate0,5,E,E,E,E,E,E,E,E,E,E,E,E,E,E,E,E,E,E,E,E,1.0,draw
1294,rotate0,6,skip,skip,skip,skip,skip,skip,skip,skip,skip,skip,skip,skip,skip,skip,skip,skip,skip,skip,skip,skip,0.0,draw
1295,rotate0,1,A,A,A,A,A,A,A,A,A,A,A,A,A,A,A,A,A,A,A,A,1.0,draw
1295,rotate0,2,B,B,B,B,B,B,B,B,B,B,B,B,B,B,B,B,B,B,B,B,1.0,draw
1295,rotate0,3,C,C,C,C,C,C,C,C,C,C,C,C,C,C,C,C,C,C,C,C,1.0,draw
1295,rotate0,4,D,D,D,D,D,D,D,D,D,D,D,D,D,D,D,D,D,D,D,D,1.0,draw
1295,rotate0,5,E,E,E,E,E,E,E,E,E,E,E,E,E,E,E,E,E,E,E,E,1.0,draw
1295,rotate0,6,skip,skip,skip,skip,skip,skip,skip,skip,skip,skip,skip,skip,skip,skip,skip,skip,skip,skip,skip,skip,0.0,draw
1296,rotate0,1,A,A,A,A,A,A,A,A,A,A,A,A,A,A,A,A,A,A,A,A,1.0,draw
1296,rotate0,2,B,B,B,B,B,B,B,B,B,B,B,B,B,B,B,B,B,B,B,B,1.0,draw
1296,rotate0,3,C,C,C,C,C,C,C,C,C,C,C,C,C,C,C,C,C,C,C,C,1.0,draw
1296,rotate0,4,D,D,D,D,D,D,D,D,D,D,D,D,D,D,D,D,D,D,D,D,1.0,draw
1296,rotate0,5,E,E,E,E,E,E,E,E,E,E,E,E,E,E,E,E,E,E,E,E,1.0,draw
1296,rotate0,6,skip,skip,skip,skip,skip,skip,skip,skip,skip,skip,skip,skip,skip,skip,skip,skip,skip,skip,skip,skip,0.0,draw
1297,rotate0,1,A,A,A,A,A,A,A,A,A,A,A,A,A,A,A,A,A,A,A,A,1.0,draw
1297,rotate0,2,B,B,B,B,B,B,B,B,B,B,B,B,B,B,B,B,B,B,B,B,1.0,draw
1297,rotate0,3,C,C,C,C,C,C,C,C,C,C,C,C,C,C,C,C,C,C,C,C,1.0,draw
1297,rotate0,4,D,D,D,D,D,D,D,D,D,D,D,D,D,D,D,D,D,D,D,D,1.0,draw
1297,rotate0,5,E,E,E,E,E,E,E,E,E,E,E,E,E,E,E,E,E,E,E,E,1.0,draw
1297,rotate0,6,skip,skip,skip,skip,skip,skip,skip,skip,skip,skip,skip,skip,skip,skip,skip,skip,skip,skip,skip,skip,0.0,draw
1298,rotate0,1,A,A,A,A,A,A,A,A,A,A,A,A,A,A,A,A,A,A,A,A,1.0,draw
1298,rotate0,2,B,B,B,B,B,B,B,B,B,B,B,B,B,B,B,B,B,B,B,B,1.0,draw
1298,rotate0,3,C,C,C,C,C,C,C,C,C,C,C,C,C,C,C,C,C,C,C,C,1.0,draw
1298,rotate0,4,D,D,D,D,D,D,D,D,D,D,D,D,D,D,D,D,D,D,D,D,1.0,draw
1298,rotate0,5,E,E,E,E,E,E,E,E,E,E,E,E,E,E,E,E,E,E,E,E,1.0,draw
1298,rotate0,6,skip,skip,skip,skip,skip,skip,skip,skip,skip,skip,skip,skip,skip,skip,skip,skip,skip,skip,skip,skip,0.0,draw
1299,rotate0,1,A,A,A,A,A,A,A,A,A,A,A,A,A,A,A,A,A,A,A,A,1.0,draw
1299,rotate0,2,B,B,B,B,B,B,B,B,B,B,B,B,B,B,B,B,B,B,B,B,1.0,draw
1299,rotate0,3,C,C,C,C,C,C,C,C,C,C,C,C,C,C,C,C,C,C,C,C,1.0,draw
1299,rotate0,4,D,D,D,D,D,D,D,D,D,D,D,D,D,D,D,D,D,D,D,D,1.0,draw
1299,rotate0,5,E,E,E,E,E,E,E,E,E,E,E,E,E,E,E,E,E,E,E,E,1.0,draw
1299,rotate0,6,skip,skip,skip,skip,skip,skip,skip,skip,skip,skip,skip,skip,skip,skip,skip,skip,skip,skip,skip,skip,0.0,draw
1300,rotate0,1,A,A,A,A,A,A,A,A,A,A,A,A,A,A,A,A,A,A,A,A,1.0,draw
1300,rotate0,2,B,B,B,B,B,B,B,B,B,B,B,B,B,B,B,B,B,B,B,B,1.0,draw
1300,rotate0,3,C,C,C,C,C,C,C,C,C,C,C,C,C,C,C,C,C,C,C,C,1.0,draw
1300,rotate0,4,D,D,D,D,D,D,D,D,D,D,D,D,D,D,D,D,D,D,D,D,1.0,draw
1300,rotate0,5,E,E,E,E,E,E,E,E,E,E,E,E,E,E,E,E,E,E,E,E,1.0,draw
1300,rotate0,6,skip,skip,skip,skip,skip,skip,skip,skip,skip,skip,skip,skip,skip,skip,skip,skip,skip,skip,skip,skip,0.0,draw
1301,rotate0,1,A,A,A,A,A,A,A,A,A,A,A,A,A,A,A,A,A,A,A,A,1.0,draw
1301,rotate0,2,B,B,B,B,B,B,B,B,B,B,B,B,B,B,B,B,B,B,B,B,1.0,draw
1301,rotate0,3,C,C,C,C,C,C,C,C,C,C,C,C,C,C,C,C,C,C,C,C,1.0,draw
1301,rotate0,4,D,D,D,D,D,D,D,D,D,D,D,D,D,D,D,D,D,D,D,D,1.0,draw
1301,rotate0,5,E,E,E,E,E,E,E,E,E,E,E,E,E,E,E,E,E,E,E,E,1.0,draw
1301,rotate0,6,skip,skip,skip,skip,skip,skip,skip,skip,skip,skip,skip,skip,skip,skip,skip,skip,skip,skip,skip,skip,0.0,draw
1302,rotate0,1,A,A,A,A,A,A,A,A,A,A,A,A,A,A,A,A,A,A,A,A,1.0,draw
1302,rotate0,2,B,B,B,B,B,B,B,B,B,B,B,B,B,B,B,B,B,B,B,B,1.0,draw
1302,rotate0,3,C,C,C,C,C,C,C,C,C,C,C,C,C,C,C,C,C,C,C,C,1.0,draw
1302,rotate0,4,D,D,D,D,D,D,D,D,D,D,D,D,D,D,D,D,D,D,D,D,1.0,draw
1302,rotate0,5,E,E,E,E,E,E,E,E,E,E,E,E,E,E,E,E,E,E,E,E,1.0,draw
1302,rotate0,6,skip,skip,skip,skip,skip,skip,skip,skip,skip,skip,skip,skip,skip,skip,skip,skip,skip,skip,skip,skip,0.0,draw
1303,rotate0,1,A,A,A,A,A,A,A,A,A,A,A,A,A,A,A,A,A,A,A,A,1.0,draw
1303,rotate0,2,B,B,B,B,B,B,B,B,B,B,B,B,B,B,B,B,B,B,B,B,1.0,draw
1303,rotate0,3,C,C,C,C,C,C,C,C,C,C,C,C,C,C,C,C,C,C,C,C,1.0,draw
1303,rotate0,4,D,D,D,D,D,D,D,D,D,D,D,D,D,D,D,D,D,D,D,D,1.0,draw
1303,rotate0,5,E,E,E,E,E,E,E,E,E,E,E,E,E,E,E,E,E,E,E,E,1.0,draw
1303,rotate0,6,skip,skip,skip,skip,skip,skip,skip,skip,skip,skip,skip,skip,skip,skip,skip,skip,skip,skip,skip,skip,0.0,draw
1304,rotate0,1,A,A,A,A,A,A,A,A,A,A,A,A,A,A,A,A,A,A,A,A,1.0,draw
1304,rotate0,2,B,B,B,B,B,B,B,B,B,B,B,B,B,B,B,B,B,B,B,B,1.0,draw
1304,rotate0,3,C,C,C,C,C,C,C,C,C,C,C,C,C,C,C,C,C,C,C,C,1.0,draw
1304,rotate0,4,D,D,D,D,D,D,D,D,D,D,D,D,D,D,D,D,D,D,D,D,1.0,draw
1304,rotate0,5,E,E,E,E,E,E,E,E,E,E,E,E,E,E,E,E,E,E,E,E,1.0,draw
1304,rotate0,6,skip,skip,skip,skip,skip,skip,skip,skip,skip,skip,skip,skip,skip,skip,skip,skip,skip,skip,skip,skip,0.0,draw
1305,rotate0,1,A,A,A,A,A,A,A,A,A,A,A,A,A,A,A,A,A,A,A,A,1.0,draw
1305,rotate0,2,B,B,B,B,B,B,B,B,B,B,B,B,B,B,B,B,B,B,B,B,1.0,draw
1305,rotate0,3,C,C,C,C,C,C,C,C,C,C,C,C,C,C,C,C,C,C,C,C,1.0,draw
1305,rotate0,4,D,D,D,D,D,D,D,D,D,D,D,D,D,D,D,D,D,D,D,D,1.0,draw
1305,rotate0,5,E,E,E,E,E,E,E,E,E,E,E,E,E,E,E,E,E,E,E,E,1.0,draw
1305,rotate0,6,skip,skip,skip,skip,skip,skip,skip,skip,skip,skip,skip,skip,skip,skip,skip,skip,skip,skip,skip,skip,0.0,draw
1306,caste,1,A,E,A,E,B,A,A,D,C,B,E,E,B,E,B,A,B,A,C,E,0.65,caste
1306,random,2,B,E,A,D,B,B,D,E,D,B,A,E,skip,skip,D,E,E,D,A,B,0.2,caste
1306,random,3,A,E,C,B,A,C,C,B,skip,D,C,A,B,A,skip,E,skip,C,B,A,0.05,caste
1306,caste,4,D,B,C,D,A,E,E,E,E,C,C,A,E,A,E,D,D,D,E,A,0.55,caste
1306,caste,5,E,D,B,C,C,C,C,B,D,E,B,B,D,D,C,C,C,C,B,C,0.7,caste
1306,caste,6,skip,A,D,B,E,D,D,C,A,A,A,D,C,C,D,B,A,B,A,D,0.7,caste
1307,caste,1,A,D,B,C,B,E,A,A,D,C,D,C,A,C,C,C,C,B,C,C,0.65,caste
1307,caste,2,B,C,C,E,A,B,E,E,A,A,B,B,C,A,B,A,B,E,A,A,0.55,caste
1307,random,3,A,skip,C,B,A,skip,A,B,E,skip,E,C,A,A,B,C,C,E,skip,B,0.0,caste
1307,caste,4,D,B,D,B,E,D,B,B,E,B,E,A,B,B,E,E,E,A,B,B,0.6,caste
1307,caste,5,E,A,E,D,D,C,C,D,C,D,C,D,D,D,D,D,D,D,D,D,0.9,caste
1307,random,6,E,skip,A,C,skip,D,C,E,skip,A,E,B,E,skip,skip,A,E,A,E,B,0.15,caste
1308,caste,1,A,C,E,B,B,E,B,B,E,B,B,C,C,D,B,D,D,D,E,D,0.55,caste
1308,caste,2,B,D,D,D,D,D,D,D,D,D,D,E,E,E,E,E,E,C,D,A,0.75,caste
1308,random,3,E,E,skip,skip,B,A,skip,E,skip,C,A,skip,D,D,skip,E,E,C,E,skip,0.15,caste
1308,random,4,E,C,E,A,skip,skip,D,B,E,D,C,A,C,B,A,A,E,A,C,D,0.05,caste
1308,caste,5,E,A,A,C,C,C,C,C,C,C,A,B,B,A,A,C,B,B,B,B,0.8,caste
1308,caste,6,skip,B,B,A,A,B,E,A,A,A,C,D,D,B,C,A,C,A,C,E,0.6,caste
1309,caste,1,A,B,B,A,B,B,B,D,D,C,A,B,C,C,C,C,E,B,E,E,0.7,caste
1309,random,2,C,skip,B,C,A,C,B,E,D,A,E,D,B,D,E,A,C,B,D,D,0.2,caste
1309,caste,3,C,A,D,C,D,A,C,C,C,D,D,E,A,A,D,A,A,C,C,C,0.65,caste
1309,caste,4,D,E,E,E,E,E,E,E,A,A,C,D,E,B,B,B,D,D,A,A,0.75,caste
1309,random,5,skip,A,D,skip,C,D,skip,E,E,E,C,D,A,A,C,B,E,skip,B,B,0.2,caste
1309,caste,6,skip,D,C,B,A,D,A,B,B,B,B,A,B,E,E,D,C,E,D,B,0.6,caste
1310,caste,1,A,C,E,B,E,A,B,E,E,E,E,E,E,E,E,E,E,E,C,E,0.7,caste
1310,caste,2,B,A,D,D,D,D,D,B,A,A,A,A,C,D,A,A,C,D,E,D,0.6,caste
1310,random,3,E,C,skip,C,A,C,A,B,D,C,D,B,C,D,A,E,C,B,D,B,0.3,caste
1310,caste,4,D,B,A,A,A,B,E,D,D,D,B,D,D,A,C,C,D,A,B,B,0.65,caste
1310,random,5,skip,C,C,skip,E,C,D,C,skip,D,B,A,skip,E,D,C,D,E,C,D,0.1,caste
1310,caste,6,skip,E,B,E,B,C,A,C,B,B,C,C,A,B,B,B,B,B,A,A,0.75,caste
1311,caste,1,A,A,A,E,E,E,E,E,E,E,E,E,E,E,E,E,E,E,E,E,0.9,caste
1311,caste,2,B,B,B,D,A,A,A,A,B,B,A,C,C,C,C,C,C,C,B,B,0.65,caste
1311,caste,3,C,C,C,B,C,D,D,D,A,C,C,D,A,A,A,D,D,D,A,A,0.6,caste
1311,caste,4,D,D,D,A,D,B,C,C,D,A,B,A,B,D,D,B,A,B,C,C,0.55,caste
1311,random,5,E,E,C,skip,D,B,D,C,D,skip,B,C,D,E,A,A,skip,C,skip,B,0.2,caste
1311,random,6,B,C,B,A,C,skip,B,A,skip,B,E,D,B,B,skip,B,A,D,D,A,0.15,caste
1312,random,1,D,C,E,E,B,E,E,A,B,A,D,skip,E,D,E,A,E,A,D,A,0.1,caste
1312,random,2,A,C,A,D,C,B,skip,E,B,skip,C,B,E,D,skip,A,C,skip,D,E,0.1,caste
1312,caste,3,C,B,B,B,B,B,B,B,B,A,B,C,D,B,B,B,B,B,B,B,0.8,caste
1312,caste,4,D,C,E,A,E,D,C,C,C,E,E,E,E,D,E,C,C,E,D,E,0.55,caste
1312,caste,5,E,A,D,D,C,E,D,D,A,D,D,B,C,C,C,D,E,A,E,A,0.6,caste
1312,caste,6,skip,E,A,C,D,A,A,A,D,C,C,A,A,A,A,A,D,D,C,C,0.75,caste
1313,random,1,E,skip,C,C,E,E,skip,B,skip,skip,A,skip,E,A,D,C,B,B,D,skip,0.05,caste
1313,caste,2,B,C,A,E,E,B,A,A,D,D,E,E,E,D,D,C,A,E,C,C,0.6,caste
1313,random,3,B,skip,A,A,C,C,B,D,E,D,C,D,A,C,D,E,D,E,skip,skip,0.05,caste
1313,caste,4,D,A,C,B,D,D,D,D,A,A,A,B,B,B,B,B,B,B,D,E,0.7,caste
1313,caste,5,E,D,E,C,B,A,B,C,E,C,D,A,A,C,E,E,C,A,A,A,0.65,caste
1313,caste,6,skip,B,D,A,C,E,E,B,C,B,C,D,C,E,A,A,D,C,B,B,0.6,caste
1314,random,1,A,D,skip,D,skip,E,A,skip,A,C,C,E,B,D,A,C,D,B,skip,B,0.1,caste
1314,caste,2,B,B,A,A,A,A,A,B,B,B,D,A,A,A,C,C,E,E,C,C,0.75,caste
1314,caste,3,C,C,E,E,E,D,D,D,A,D,B,D,E,C,D,D,C,C,D,D,0.75,caste
1314,caste,4,D,D,C,D,C,E,C,E,D,C,C,B,C,E,B,A,B,A,A,A,0.6,caste
1314,caste,5,E,E,B,B,B,B,B,A,C,E,E,E,D,D,A,E,D,B,E,B,0.6,caste
1314,random,6,C,D,skip,C,E,C,skip,A,A,B,B,B,E,A,B,A,skip,E,E,E,0.15,caste
1315,caste,1,A,D,B,E,B,A,D,C,B,E,E,A,E,E,E,B,B,B,B,B,0.8,caste
1315,random,2,E,skip,D,skip,skip,C,E,A,C,C,E,skip,skip,skip,C,C,D,A,C,A,0.2,caste
1315,caste,3,C,B,D,A,A,D,A,E,E,D,D,D,A,D,A,D,D,A,D,D,0.6,caste
1315,random,4,A,skip,B,C,skip,skip,A,C,C,A,D,D,B,B,C,D,A,A,D,skip,0.1,caste
1315,caste,5,E,C,E,D,D,C,B,D,D,A,B,B,C,C,C,A,A,C,C,C,0.7,caste
1315,caste,6,skip,A,C,B,E,B,E,B,C,B,A,E,B,A,D,E,E,E,E,E,0.8,caste
1316,caste,1,A,D,D,D,D,D,D,D,D,D,D,A,A,A,B,B,B,E,A,A,0.7,caste
1316,caste,2,B,A,A,B,E,E,E,C,A,A,C,D,C,C,C,C,C,A,E,D,0.6,caste
1316,caste,3,C,E,E,E,A,C,C,A,E,E,E,B,E,D,A,A,A,D,D,C,0.7,caste
1316,random,4,B,E,A,C,A,B,E,B,B,A,E,C,E,E,E,E,C,C,B,D,0.25,caste
1316,random,5,skip,D,skip,C,B,E,C,D,B,skip,D,D,E,A,D,A,B,E,skip,E,0.0,caste
1316,caste,6,skip,C,B,C,B,A,A,B,C,C,B,C,B,B,D,D,D,B,B,E,0.6,caste
1317,caste,1,A,D,D,D,E,E,C,C,C,C,C,C,B,B,D,D,D,D,D,D,0.8,caste
1317,caste,2,B,A,A,A,A,A,E,E,E,A,A,A,E,A,E,B,E,C,C,C,0.6,caste
1317,caste,3,C,B,B,C,D,C,D,D,B,E,E,D,A,E,C,A,A,A,E,E,0.7,caste
1317,random,4,skip,D,E,D,skip,A,A,D,B,skip,skip,C,E,A,B,B,B,A,B,skip,0.15,caste
1317,caste,5,E,C,E,B,B,D,B,B,D,B,D,B,C,C,B,C,C,E,A,A,0.65,caste
1317,random,6,E,C,B,C,B,A,E,A,D,E,C,A,D,skip,E,B,C,B,C,skip,0.15,caste
1318,random,1,D,A,C,skip,B,B,E,E,C,skip,B,C,E,A,skip,skip,D,E,C,skip,0.1,caste
1318,caste,2,B,A,D,D,D,D,D,D,A,A,B,C,E,D,E,E,E,E,C,A,0.6,caste
1318,caste,3,C,D,E,E,E,E,E,E,B,C,C,E,B,C,A,B,B,B,B,B,0.75,caste
1318,random,4,skip,B,A,C,B,E,D,skip,E,A,skip,E,D,skip,C,D,D,C,A,B,0.1,caste
1318,caste,5,E,B,C,A,A,C,C,C,C,B,E,D,D,B,B,D,A,A,A,D,0.7,caste
1318,caste,6,skip,C,A,B,B,A,A,B,D,D,D,A,A,A,C,A,C,C,D,E,0.7,caste
1319,caste,1,A,B,B,B,D,D,A,D,D,D,D,D,C,C,C,C,C,C,E,E,0.8,caste
1319,random,2,E,A,A,A,D,E,C,B,A,E,C,D,E,A,skip,B,D,C,C,B,0.1,caste
1319,caste,3,C,A,E,A,E,E,D,C,E,C,E,E,D,B,D,B,A,A,A,A,0.7,caste
1319,caste,4,D,C,C,C,B,B,B,B,C,B,A,A,A,A,B,E,D,E,C,B,0.65,caste
1319,caste,5,E,E,D,D,C,C,C,A,A,E,B,B,E,D,A,D,B,D,B,C,0.55,caste
1319,random,6,D,A,E,B,skip,skip,E,B,skip,C,skip,B,skip,skip,A,E,B,D,skip,D,0.1,caste
1320,random,1,A,A,E,C,C,E,B,E,B,skip,C,E,C,C,A,D,B,C,E,A,0.2,caste
1320,caste,2,B,D,D,D,A,A,A,A,A,A,A,A,A,A,A,A,E,E,E,A,0.75,caste
1320,caste,3,C,A,A,C,D,D,D,D,D,D,D,D,D,D,E,D,C,C,C,D,0.65,caste
1320,caste,4,D,C,E,A,B,B,B,B,E,B,C,B,B,B,D,C,A,A,A,E,0.75,caste
1320,random,5,B,E,E,D,C,C,skip,B,E,skip,B,E,skip,D,E,B,skip,B,skip,D,0.2,caste
1320,caste,6,skip,B,C,B,E,E,E,C,C,C,E,E,C,C,B,B,D,D,D,B,0.7,caste
1321,caste,1,A,A,B,B,B,B,C,B,B,B,B,E,E,E,E,E,B,D,D,D,0.75,rotate
1321,rotate,2,B,C,D,E,skip,A,B,C,D,E,skip,A,B,C,D,E,skip,A,B,C,0.5,rotate
1321,rotate,3,C,D,E,skip,A,B,C,D,E,skip,A,B,C,D,E,skip,A,B,C,D,0.05,rotate
1321,caste,4,D,D,C,D,C,A,E,D,C,C,C,B,D,A,A,A,A,B,A,A,0.7,rotate
1321,caste,5,E,E,A,C,A,C,B,E,E,D,D,C,C,D,B,B,E,E,E,E,0.75,rotate
1321,caste,6,skip,skip,E,E,D,D,A,A,A,A,A,D,B,C,D,C,C,C,C,B,0.55,rotate
1322,caste,1,A,A,E,E,E,E,B,C,E,B,D,B,B,E,D,A,A,A,A,A,0.6,rotate
1322,caste,2,B,B,C,C,D,A,D,D,C,C,A,A,E,B,C,C,C,C,C,E,0.65,rotate
1322,rotate,3,C,D,E,skip,A,B,C,D,E,skip,A,B,C,D,E,skip,A,B,C,D,0.1,rotate
1322,caste,4,D,D,A,D,C,C,C,E,B,A,B,C,C,D,B,E,D,B,B,C,0.6,rotate
1322,caste,5,E,E,B,A,B,B,A,A,D,D,E,E,D,A,E,D,B,E,D,D,0.6,rotate
1322,rotate,6,skip,A,B,C,D,E,skip,A,B,C,D,E,skip,A,B,C,D,E,skip,A,0.0,rotate
1323,caste,1,A,A,C,C,C,C,C,E,E,A,E,E,B,B,A,A,B,D,A,A,0.65,rotate
1323,caste,2,B,B,A,A,D,B,E,B,B,B,B,C,A,D,E,B,A,B,C,B,0.55,rotate
1323,rotate,3,C,D,E,skip,A,B,C,D,E,skip,A,B,C,D,E,skip,A,B,C,D,0.3,rotate
1323,rotate,4,D,E,skip,A,B,C,D,E,skip,A,B,C,D,E,skip,A,B,C,D,E,0.05,rotate
1323,caste,5,E,E,B,D,B,D,D,A,A,C,C,B,E,E,B,D,D,C,D,D,0.6,rotate
1323,caste,6,skip,skip,D,E,A,E,A,C,C,D,D,D,D,A,C,C,C,E,E,E,0.75,rotate
1324,caste,1,A,A,B,B,B,B,B,D,E,C,C,B,B,C,A,B,A,E,E,B,0.6,rotate
1324,rotate,2,B,C,D,E,skip,A,B,C,D,E,skip,A,B,C,D,E,skip,A,B,C,0.05,rotate
1324,caste,3,C,C,A,C,E,A,E,A,A,D,E,E,E,D,D,A,D,B,C,C,0.6,rotate
1324,caste,4,D,D,E,E,C,E,C,C,D,B,D,A,D,B,B,E,E,A,D,D,0.6,rotate
1324,rotate,5,E,skip,A,B,C,D,E,skip,A,B,C,D,E,skip,A,B,C,D,E,skip,0.1,rotate
1324,caste,6,skip,skip,D,A,D,D,A,B,B,E,A,C,C,A,E,C,C,D,B,A,0.6,rotate
1325,caste,1,A,A,C,C,C,C,C,A,A,D,D,D,E,B,C,C,C,E,E,E,0.65,rotate
1325,caste,2,B,B,E,B,E,E,E,C,B,B,A,A,D,D,A,E,A,B,D,D,0.5,rotate
1325,rotate,3,C,D,E,skip,A,B,C,D,E,skip,A,B,C,D,E,skip,A,B,C,D,0.05,rotate
1325,caste,4,D,D,A,D,D,B,A,D,E,A,B,B,A,A,E,B,B,C,C,B,0.55,rotate
1325,rotate,5,E,skip,A,B,C,D,E,skip,A,B,C,D,E,skip,A,B,C,D,E,skip,0.05,rotate
1325,caste,6,skip,skip,B,E,A,D,B,E,C,C,C,E,C,E,B,D,D,D,A,A,0.65,rotate
1326,caste,1,A,A,D,C,D,D,C,B,C,A,A,A,B,B,E,C,D,B,C,C,0.7,rotate
1326,caste,2,B,B,E,E,E,E,A,A,B,D,D,B,E,D,D,D,A,A,B,B,0.75,rotate
1326,caste,3,C,C,B,B,C,B,B,D,D,C,C,D,C,C,A,B,C,D,E,D,0.45,rotate
1326,caste,4,D,D,C,D,A,A,E,C,E,E,E,E,A,A,B,E,E,E,A,A,0.7,rotate
1326,rotate,5,E,skip,A,B,C,D,E,skip,A,B,C,D,E,skip,A,B,C,D,E,skip,0.2,rotate
1326,rotate,6,skip,A,B,C,D,E,skip,A,B,C,D,E,skip,A,B,C,D,E,skip,A,0.0,rotate
1327,rotate,1,A,B,C,D,E,skip,A,B,C,D,E,skip,A,B,C,D,E,skip,A,B,0.3,rotate
1327,rotate,2,B,C,D,E,skip,A,B,C,D,E,skip,A,B,C,D,E,skip,A,B,C,0.05,rotate
1327,caste,3,C,C,D,D,E,C,C,B,B,C,C,D,E,D,E,E,B,B,B,C,0.6,rotate
1327,caste,4,D,D,A,B,A,A,B,C,E,D,E,C,A,B,C,D,E,D,D,A,0.5,rotate
1327,caste,5,E,E,B,E,B,B,A,E,D,E,B,B,B,E,A,A,A,A,E,E,0.7,rotate
1327,caste,6,skip,skip,E,C,C,D,D,A,A,A,A,A,D,C,D,B,C,C,C,D,0.75,rotate
1328,rotate,1,A,B,C,D,E,skip,A,B,C,D,E,skip,A,B,C,D,E,skip,A,B,0.05,rotate
1328,caste,2,B,B,C,D,D,A,C,A,B,B,E,B,C,A,A,A,A,E,E,B,0.55,rotate
1328,rotate,3,C,D,E,skip,A,B,C,D,E,skip,A,B,C,D,E,skip,A,B,C,D,0.05,rotate
1328,caste,4,D,D,E,B,E,D,D,D,A,D,C,E,A,E,E,C,B,C,C,E,0.6,rotate
1328,caste,5,E,E,A,A,A,B,E,B,E,C,A,C,E,D,B,B,E,D,A,D,0.55,rotate
1328,caste,6,skip,skip,B,C,C,C,A,E,C,A,B,D,D,B,C,D,D,B,D,C,0.6,rotate
1329,rotate,1,A,B,C,D,E,skip,A,B,C,D,E,skip,A,B,C,D,E,skip,A,B,0.1,rotate
1329,caste,2,B,B,E,C,B,C,B,B,C,A,D,B,B,B,A,A,D,B,D,E,0.65,rotate
1329,caste,3,C,C,C,B,E,E,C,A,B,C,B,C,C,C,C,B,B,E,B,B,0.55,rotate
1329,caste,4,D,D,A,A,D,B,A,C,D,D,A,E,D,E,E,D,A,A,A,D,0.7,rotate
1329,caste,5,E,E,D,E,A,A,D,D,E,E,E,A,A,D,D,E,E,C,C,C,0.85,rotate
1329,rotate,6,skip,A,B,C,D,E,skip,A,B,C,D,E,skip,A,B,C,D,E,skip,A,0.3,rotate
1330,caste,1,A,A,B,B,B,B,B,E,A,B,D,D,D,D,A,A,C,C,E,E,0.65,rotate
1330,rotate,2,B,C,D,E,skip,A,B,C,D,E,skip,A,B,C,D,E,skip,A,B,C,0.1,rotate
1330,caste,3,C,C,D,E,A,C,A,A,C,A,C,C,A,E,C,B,A,E,B,A,0.6,rotate
1330,rotate,4,D,E,skip,A,B,C,D,E,skip,A,B,C,D,E,skip,A,B,C,D,E,0.05,rotate
1330,caste,5,E,E,A,A,D,D,E,C,B,E,E,A,E,C,B,E,D,A,D,B,0.55,rotate
1330,caste,6,skip,skip,C,D,C,E,D,B,D,C,B,E,B,B,D,D,B,D,C,C,0.55,rotate
1331,caste,1,A,A,D,D,D,D,D,D,C,E,E,E,E,E,C,B,D,D,B,B,0.7,rotate
1331,caste,2,B,B,A,B,A,B,A,E,D,D,D,D,B,B,B,E,E,E,E,E,0.7,rotate
1331,caste,3,C,C,B,E,E,E,E,A,A,C,C,A,A,A,A,C,C,A,A,A,0.75,rotate
1331,rotate,4,D,E,skip,A,B,C,D,E,skip,A,B,C,D,E,skip,A,B,C,D,E,0.4,rotate
1331,rotate,5,E,skip,A,B,C,D,E,skip,A,B,C,D,E,skip,A,B,C,D,E,skip,0.1,rotate
1331,caste,6,skip,skip,C,C,C,C,B,B,B,A,B,C,D,C,D,D,A,B,C,C,0.6,rotate
1332,caste,1,A,A,C,C,E,E,A,C,D,C,E,A,A,A,D,E,E,E,A,A,0.65,rotate
1332,caste,2,B,B,D,D,D,D,D,D,C,D,B,E,D,C,A,C,D,D,D,B,0.6,rotate
1332,caste,3,C,C,B,A,C,C,E,A,E,E,D,D,C,B,B,A,C,B,B,E,0.6,rotate
1332,rotate,4,D,E,skip,A,B,C,D,E,skip,A,B,C,D,E,skip,A,B,C,D,E,0.2,rotate
1332,caste,5,E,E,A,E,B,A,B,B,B,A,C,B,B,E,C,D,B,A,E,C,0.7,rotate
1332,rotate,6,skip,A,B,C,D,E,skip,A,B,C,D,E,skip,A,B,C,D,E,skip,A,0.0,rotate
1333,rotate,1,A,B,C,D,E,skip,A,B,C,D,E,skip,A,B,C,D,E,skip,A,B,0.1,rotate
1333,caste,2,B,B,D,D,E,B,A,A,B,A,D,E,E,E,D,B,C,C,B,C,0.65,rotate
1333,caste,3,C,C,A,A,D,D,D,E,D,B,E,A,B,B,C,D,A,A,E,B,0.6,rotate
1333,rotate,4,D,E,skip,A,B,C,D,E,skip,A,B,C,D,E,skip,A,B,C,D,E,0.1,rotate
1333,caste,5,E,E,C,C,B,C,B,D,A,D,B,D,C,D,B,E,E,D,D,E,0.55,rotate
1333,caste,6,skip,skip,B,E,A,A,E,C,C,E,C,C,A,C,A,A,B,E,A,D,0.6,rotate
1334,caste,1,A,A,E,C,C,B,B,B,E,E,A,B,B,B,D,A,A,A,D,E,0.65,rotate
1334,rotate,2,B,C,D,E,skip,A,B,C,D,E,skip,A,B,C,D,E,skip,A,B,C,0.05,rotate
1334,caste,3,C,C,A,E,A,C,D,D,D,A,E,E,D,C,B,D,E,E,C,C,0.6,rotate
1334,caste,4,D,D,B,B,D,A,E,A,C,D,B,A,A,D,E,E,B,B,B,D,0.65,rotate
1334,caste,5,E,E,D,A,B,E,C,C,B,C,D,C,E,A,C,C,D,C,A,B,0.55,rotate
1334,rotate,6,skip,A,B,C,D,E,skip,A,B,C,D,E,skip,A,B,C,D,E,skip,A,0.05,rotate
1335,rotate,1,A,B,C,D,E,skip,A,B,C,D,E,skip,A,B,C,D,E,skip,A,B,0.05,rotate
1335,caste,2,B,B,C,D,B,B,B,D,D,D,A,A,A,C,C,D,D,D,C,A,0.6,rotate
1335,caste,3,C,C,A,B,A,E,C,C,C,B,C,D,D,A,E,E,A,A,A,D,0.65,rotate
1335,caste,4,D,D,E,E,E,D,E,B,E,C,D,B,B,B,A,B,C,E,E,B,0.5,rotate
1335,rotate,5,E,skip,A,B,C,D,E,skip,A,B,C,D,E,skip,A,B,C,D,E,skip,0.05,rotate
1335,caste,6,skip,skip,D,A,C,A,A,E,A,E,E,C,E,D,B,C,E,B,B,C,0.6,rotate
1336,caste,1,A,D,A,A,D,C,C,C,C,C,C,C,C,C,C,C,C,C,C,C,0.9,caste
1336,random3,2,A,C,A,D,A,A,A,A,A,A,E,E,E,E,E,E,E,E,E,D,0.45,caste
1336,random3,3,B,B,B,B,B,E,E,E,E,E,E,A,A,B,B,B,B,B,B,B,0.25,caste
1336,caste,4,D,C,C,D,B,A,B,E,E,A,E,A,A,A,A,A,E,B,E,B,0.3,caste
1336,caste,5,E,B,E,E,A,D,E,D,B,D,B,D,B,D,D,D,D,D,D,D,0.8,caste
1336,caste,6,skip,E,D,C,C,E,D,B,D,B,D,B,D,B,B,B,B,A,A,A,0.7,caste
1337,caste,1,A,E,E,E,E,E,E,E,E,E,E,E,E,E,E,E,E,E,E,E,0.9,caste
1337,caste,2,B,C,B,B,B,B,B,B,B,B,B,B,B,B,B,B,B,B,B,B,0.8,caste
1337,random3,3,D,C,C,C,D,D,D,D,D,D,D,D,D,D,D,D,D,D,D,D,0.65,caste
1337,caste,4,D,A,D,A,C,C,C,C,C,C,C,C,C,C,C,C,C,C,C,C,0.5,caste
1337,caste,5,E,B,C,C,D,A,A,A,A,A,A,A,A,A,A,A,A,A,A,A,0.7,caste
1337,random3,6,A,A,D,A,D,D,D,C,C,C,C,C,C,E,B,B,B,A,A,A,0.0,caste
1338,caste,1,A,E,B,C,E,E,E,E,E,C,C,C,C,C,C,C,C,C,C,C,0.8,caste
1338,caste,2,B,D,E,B,D,C,C,C,D,A,A,E,A,E,E,A,E,A,E,E,0.5,caste
1338,random3,3,C,C,B,B,C,C,A,A,E,E,E,E,A,A,A,A,A,A,E,C,0.1,caste
1338,random3,4,A,D,D,D,D,D,D,D,D,D,D,D,D,D,D,D,D,D,D,D,0.6,caste
1338,caste,5,E,C,A,E,C,B,B,B,B,E,B,B,B,B,B,B,B,B,B,B,0.85,caste
1338,caste,6,skip,A,D,A,B,A,A,A,A,B,E,D,E,A,D,E,A,D,A,A,0.5,caste
1339,caste,1,A,C,C,C,C,C,C,C,C,C,C,C,C,C,C,C,C,C,C,C,0.95,caste
1339,random3,2,E,E,E,E,E,B,B,B,B,B,B,E,E,E,E,E,E,A,A,A,0.15,caste
1339,caste,3,C,B,B,B,B,B,D,D,D,D,D,D,D,D,D,D,D,D,D,D,0.95,caste
1339,caste,4,D,E,E,A,E,A,E,A,A,E,B,E,B,B,B,B,B,B,A,A,0.45,caste
1339,random3,5,A,A,A,A,A,A,E,E,E,E,B,E,E,E,E,E,E,A,A,A,0.25,caste
1339,caste,6,skip,D,D,D,D,D,B,B,B,A,A,A,A,A,A,A,A,A,B,B,0.75,caste
1340,caste,1,A,A,A,A,A,A,A,A,A,A,A,A,A,A,B,A,A,A,A,A,0.95,random3
1340,caste,2,B,B,B,B,B,B,B,B,B,B,B,B,B,C,D,D,D,D,D,E,0.85,random3
1340,random3,3,C,C,C,C,C,C,C,C,C,C,C,C,C,C,C,C,C,C,C,C,0.85,random3
1340,caste,4,D,D,D,D,D,D,D,D,D,D,D,D,D,D,A,B,B,B,B,B,1.0,random3
1340,random3,5,E,E,E,E,E,E,E,E,E,E,E,E,E,E,E,E,E,D,D,A,0.75,random3
1340,caste,6,skip,skip,skip,skip,skip,skip,skip,skip,skip,skip,skip,skip,skip,skip,E,C,E,C,E,D,0.1,random3
1341,caste,1,A,C,B,C,C,D,D,A,D,D,D,B,B,D,D,B,B,B,B,B,0.8,caste
1341,caste,2,B,E,E,E,E,E,E,E,E,E,B,D,D,B,B,D,D,D,D,D,0.85,caste
1341,caste,3,C,B,C,B,B,B,B,B,B,B,E,E,E,E,E,E,E,E,E,E,1.0,caste
1341,caste,4,D,A,D,A,D,C,C,C,A,C,A,C,C,C,A,C,C,A,C,A,0.2,caste
1341,random3,5,A,A,A,A,A,A,A,A,A,A,A,A,A,A,A,A,A,A,C,C,0.45,caste
1341,random3,6,D,D,D,C,C,C,C,C,C,C,B,C,D,A,B,C,C,C,C,C,0.15,caste
1342,random3,1,B,B,E,A,D,D,D,D,D,D,D,D,D,C,C,C,C,C,C,E,0.2,caste
1342,random3,2,E,E,E,E,E,E,E,E,E,E,E,E,E,E,E,E,E,C,D,D,0.65,caste
1342,caste,3,C,A,A,A,B,B,B,B,B,B,B,B,B,B,B,B,B,B,B,B,0.95,caste
1342,caste,4,D,B,B,B,D,E,D,E,D,D,D,D,D,D,D,D,D,E,C,D,0.4,caste
1342,caste,5,E,C,C,C,A,A,A,A,A,A,A,A,C,C,C,C,E,C,E,E,0.65,caste
1342,caste,6,skip,D,D,D,C,C,C,C,C,C,C,C,A,A,A,A,A,A,A,A,0.95,caste
1343,random3,1,E,E,E,D,D,D,D,D,D,D,D,D,D,D,D,A,A,D,D,D,0.35,caste
1343,caste,2,B,C,C,C,C,C,C,C,C,C,C,C,C,C,C,C,C,C,C,C,1.0,caste
1343,random3,3,A,A,A,A,E,A,B,B,A,A,A,A,A,A,D,D,D,D,D,D,0.3,caste
1343,caste,4,D,B,B,B,B,B,B,B,A,B,B,B,B,B,B,B,B,B,B,B,0.85,caste
1343,caste,5,E,A,E,A,D,E,D,E,E,A,D,A,D,A,D,A,A,A,A,A,0.3,caste
1343,caste,6,skip,D,D,D,E,A,E,A,B,E,E,E,E,E,E,E,E,E,E,E,0.8,caste
1344,random3,1,D,A,A,A,A,A,A,A,A,C,C,C,A,A,A,A,A,A,A,A,0.25,random3
1344,caste,2,B,E,E,E,E,E,E,E,E,E,E,E,E,E,D,D,D,D,D,D,0.95,random3
1344,caste,3,C,A,D,A,A,B,A,B,A,B,A,A,B,A,A,A,B,A,B,B,0.2,random3
1344,caste,4,D,D,C,C,C,D,D,D,D,D,D,D,D,D,E,E,E,E,E,E,0.95,random3
1344,caste,5,E,C,A,D,B,C,C,C,C,C,C,C,A,C,C,B,C,C,C,C,0.65,random3
1344,random3,6,B,B,B,B,B,B,B,B,B,B,B,B,B,B,B,B,B,A,B,B,0.45,random3
1345,caste,1,A,D,C,C,C,C,A,B,C,C,C,C,C,C,C,A,A,A,A,D,0.6,caste
1345,random3,2,C,D,C,B,E,E,E,C,C,C,A,E,A,E,E,E,E,E,E,E,0.25,caste
1345,caste,3,C,E,D,D,D,D,D,C,B,B,B,B,B,D,B,D,B,B,B,B,0.9,caste
1345,random3,4,A,A,A,A,A,A,A,A,E,E,E,E,E,E,C,C,D,D,D,D,0.35,caste
1345,caste,5,E,B,B,B,B,B,B,D,D,D,D,D,D,B,D,B,D,D,D,A,0.8,caste
1345,caste,6,skip,A,E,E,E,E,E,A,E,A,A,E,A,A,E,C,C,C,C,C,0.4,caste
1346,caste,1,A,E,E,E,A,A,A,A,A,A,A,A,E,A,A,A,E,A,A,A,0.4,caste
1346,caste,2,B,D,D,D,D,D,D,D,D,D,D,D,D,D,D,D,D,D,D,D,1.0,caste
1346,caste,3,C,B,B,B,B,C,B,B,B,B,B,E,B,B,B,B,B,E,B,B,0.4,caste
1346,random3,4,A,A,A,A,A,C,C,B,B,B,A,A,B,B,B,B,B,A,A,A,0.1,caste
1346,random3,5,C,E,E,E,E,E,E,E,E,E,E,E,E,E,E,E,E,E,E,E,0.55,caste
1346,caste,6,skip,A,C,C,E,B,C,C,C,C,C,C,C,C,C,C,C,C,C,C,0.8,caste
1347,caste,1,A,D,C,C,B,E,E,B,E,E,B,E,E,B,C,C,B,C,C,B,0.4,caste
1347,caste,2,B,E,E,D,E,C,C,C,C,C,E,C,C,C,E,E,C,E,E,E,0.55,caste
1347,caste,3,C,A,A,A,A,A,A,A,A,A,A,A,A,A,D,D,D,D,D,D,0.8,caste
1347,random3,4,B,D,C,C,E,E,E,E,E,C,C,C,C,C,C,A,D,D,D,D,0.1,caste
1347,caste,5,E,C,D,E,D,D,D,D,D,D,D,D,D,D,A,A,A,A,A,A,0.95,caste
1347,random3,6,B,B,B,B,B,B,B,B,B,B,B,B,B,B,B,B,B,E,E,E,0.55,caste
1348,random3,1,A,A,A,E,E,B,B,B,B,B,E,E,E,B,C,C,E,E,D,D,0.2,caste
1348,caste,2,B,A,C,C,B,C,C,C,C,C,C,A,A,A,A,A,A,A,A,A,0.85,caste
1348,caste,3,C,B,D,D,D,D,D,D,D,D,D,D,D,D,D,D,D,D,D,D,0.9,caste
1348,random3,4,E,E,E,E,E,E,E,E,E,C,C,B,B,B,C,B,E,E,E,E,0.35,caste
1348,caste,5,E,C,B,B,C,B,B,A,A,A,A,C,C,C,C,C,E,C,C,C,0.7,caste
1348,caste,6,skip,E,A,A,A,A,A,B,E,B,B,B,E,E,E,B,C,B,B,B,0.55,caste
1349,caste,1,A,B,B,D,A,D,A,D,A,D,B,B,B,B,D,B,B,B,B,B,0.65,caste
1349,random3,2,E,E,B,B,C,E,C,E,E,D,A,A,A,A,A,A,E,E,E,E,0.25,caste
1349,caste,3,C,D,D,A,D,A,D,A,D,A,A,D,D,D,B,D,D,D,D,D,0.9,caste
1349,caste,4,D,A,A,B,B,B,B,B,B,B,D,A,C,C,C,C,C,C,C,C,0.9,caste
1349,caste,5,E,E,C,E,C,E,C,E,C,C,C,E,A,A,E,A,A,A,A,A,0.35,caste
1349,random3,6,C,C,C,E,E,E,C,E,E,E,E,E,E,E,E,B,B,B,B,B,0.3,caste
1350,random3,1,D,E,C,C,C,B,B,B,D,B,B,E,B,B,B,B,B,B,B,A,0.25,caste
1350,caste,2,B,A,A,A,A,A,A,A,A,A,A,A,A,A,A,A,A,A,A,A,0.9,caste
1350,caste,3,C,E,C,C,D,C,D,B,C,D,D,D,D,D,D,D,D,D,B,D,0.4,caste
1350,caste,4,D,B,E,E,E,B,B,C,D,B,C,C,C,C,C,C,C,C,C,C,0.65,caste
1350,random3,5,D,D,D,D,D,B,D,C,C,B,B,B,B,C,D,D,A,D,D,D,0.25,caste
1350,caste,6,skip,C,B,B,C,E,E,E,E,E,E,E,E,E,E,E,E,E,E,E,0.85,caste
1351,caste,1,A,A,B,B,E,C,C,D,B,C,E,B,B,E,E,B,B,E,E,B,0.55,radicaleq
1351,radicaleq,2,B,C,D,skip,A,D,E,C,D,B,A,E,C,B,D,E,A,B,C,E,0.15,radicaleq
1351,radicaleq,3,C,D,A,B,C,B,C,D,E,C,D,B,A,E,C,B,D,E,A,B,0.05,radicaleq
1351,caste,4,D,D,C,E,C,D,A,B,E,A,D,C,A,D,C,A,D,C,A,D,0.55,radicaleq
1351,caste,5,E,E,A,A,B,B,E,A,D,E,A,D,C,A,D,C,A,D,C,A,0.55,radicaleq
1351,caste,6,skip,skip,E,D,A,E,B,C,A,B,C,E,D,B,A,E,C,B,D,E,0.5,radicaleq
1352,caste,1,A,A,E,A,A,B,B,A,E,B,B,D,D,B,B,D,D,B,C,D,0.5,radicaleq
1352,caste,2,B,B,C,D,D,A,C,B,A,E,E,B,C,D,A,B,E,D,B,C,0.5,radicaleq
1352,radicaleq,3,C,D,E,D,C,A,D,B,C,E,A,B,E,D,C,B,A,D,E,C,0.05,radicaleq
1352,caste,4,D,D,A,C,E,D,E,C,D,A,C,E,A,C,E,A,C,E,A,B,0.55,radicaleq
1352,caste,5,E,E,B,B,C,C,D,E,C,D,A,C,E,A,C,E,A,C,E,A,0.55,radicaleq
1352,radicaleq,6,skip,A,C,B,E,B,E,A,D,B,C,D,A,B,E,D,C,B,A,D,0.0,radicaleq
1353,caste,1,A,A,C,C,B,E,B,C,E,A,C,C,B,B,C,D,B,B,D,D,0.55,radicaleq
1353,caste,2,B,B,A,D,C,C,E,A,C,D,A,A,C,E,B,C,D,A,B,E,0.55,radicaleq
1353,radicaleq,3,C,D,skip,E,B,D,E,B,C,E,A,D,C,A,B,E,D,C,B,A,0.1,radicaleq
1353,radicaleq,4,D,E,A,C,A,C,B,D,E,B,C,E,B,D,C,A,B,E,D,C,0.05,radicaleq
1353,caste,5,E,E,B,B,A,D,A,B,D,E,B,D,E,A,D,E,A,C,E,A,0.5,radicaleq
1353,caste,6,skip,skip,D,E,D,A,C,D,A,B,D,E,A,D,E,A,C,E,A,C,0.5,radicaleq
1354,caste,1,A,A,B,B,B,B,E,A,D,E,A,B,E,C,B,D,C,A,D,E,0.55,radicaleq
1354,radicaleq,2,B,C,E,A,B,B,E,C,D,B,A,C,E,D,B,A,C,E,D,B,0.05,radicaleq
1354,caste,3,C,C,A,A,E,A,B,C,C,B,D,C,A,D,E,A,B,E,C,B,0.5,radicaleq
1354,caste,4,D,D,E,C,D,C,A,B,E,C,B,D,C,A,D,E,A,B,E,C,0.5,radicaleq
1354,radicaleq,5,E,skip,D,C,E,C,D,B,A,C,E,D,B,A,C,E,D,B,A,C,0.05,radicaleq
1354,caste,6,skip,skip,D,E,A,D,D,E,A,D,E,A,B,E,C,B,D,C,A,D,0.5,radicaleq
1355,caste,1,A,A,C,C,C,C,B,A,D,B,B,C,A,E,C,D,E,B,D,A,0.55,radicaleq
1355,caste,2,B,B,E,E,D,E,A,C,B,E,C,D,E,B,D,A,B,C,A,E,0.5,radicaleq
1355,radicaleq,3,C,D,E,A,C,C,B,E,D,C,B,E,A,D,C,B,E,A,D,C,0.05,radicaleq
1355,caste,4,D,D,A,A,B,A,C,E,E,C,D,E,B,D,A,B,C,A,E,C,0.5,radicaleq
1355,radicaleq,5,E,skip,B,E,B,E,D,C,A,E,A,D,C,B,E,A,D,C,B,E,0.05,radicaleq
1355,caste,6,skip,skip,B,D,A,D,D,B,A,D,A,B,C,A,E,C,D,E,B,D,0.5,radicaleq
1356,caste,1,A,A,D,A,A,E,B,B,C,C,B,A,C,D,A,E,D,B,E,C,0.5,radicaleq
1356,caste,2,B,B,E,D,D,A,C,D,A,E,D,B,E,C,B,A,C,D,A,E,0.55,radicaleq
1356,caste,3,C,C,B,B,E,B,D,E,E,B,A,C,D,A,E,D,B,E,C,B,0.55,radicaleq
1356,caste,4,D,D,C,E,C,D,A,C,D,A,E,D,B,E,C,B,A,C,D,A,0.55,radicaleq
1356,radicaleq,5,E,skip,C,A,C,E,A,B,D,C,E,A,B,D,C,E,A,B,D,C,0.05,radicaleq
1356,radicaleq,6,skip,A,E,B,D,B,C,E,A,B,D,C,E,A,B,D,C,E,A,B,0.0,radicaleq
1357,radicaleq,1,A,B,E,D,C,D,C,D,A,B,E,D,C,B,A,E,D,C,B,A,0.1,radicaleq
1357,radicaleq,2,B,C,B,C,A,A,E,B,C,D,A,B,E,D,C,B,A,E,D,C,0.05,radicaleq
1357,caste,3,C,C,D,C,E,D,D,D,E,B,C,D,B,B,D,E,C,E,A,C,0.5,radicaleq
1357,caste,4,D,D,A,A,A,A,E,A,C,E,A,C,E,A,C,D,A,B,D,E,0.55,radicaleq
1357,caste,5,E,E,B,D,C,B,A,B,B,D,D,B,A,D,E,B,B,C,E,A,0.5,radicaleq
1357,caste,6,skip,skip,E,B,B,E,C,E,A,C,E,A,C,E,A,C,D,A,B,D,0.5,radicaleq
1358,radicaleq,1,A,B,C,C,D,A,A,E,C,D,A,B,E,C,D,A,B,E,D,C,0.05,radicaleq
1358,caste,2,B,B,C,D,D,E,B,A,A,C,E,D,D,E,B,D,D,B,B,D,0.5,radicaleq
1358,radicaleq,3,C,D,B,E,C,E,C,D,A,B,E,C,D,A,B,E,D,C,B,A,0.05,radicaleq
1358,caste,4,D,D,E,C,C,D,C,B,B,D,C,B,A,C,E,A,C,E,A,C,0.5,radicaleq
1358,caste,5,E,E,A,A,A,A,A,E,C,B,D,C,B,A,C,E,A,C,E,A,0.5,radicaleq
1358,caste,6,skip,skip,B,E,B,B,D,D,E,E,A,A,E,B,D,C,B,A,D,E,0.5,radicaleq
1359,radicaleq,1,A,B,C,B,E,A,D,B,C,A,E,D,B,C,A,E,D,B,C,A,0.05,radicaleq
1359,caste,2,B,B,E,A,C,B,A,A,B,D,C,C,D,E,C,B,E,A,B,D,0.5,radicaleq
1359,caste,3,C,C,C,E,E,C,D,E,C,B,E,A,B,D,A,C,D,E,C,B,0.55,radicaleq
1359,caste,4,D,D,A,B,B,A,E,B,D,A,A,D,E,C,B,E,A,B,D,A,0.55,radicaleq
1359,caste,5,E,E,D,C,D,E,C,D,E,C,B,E,A,B,D,A,C,D,E,C,0.55,radicaleq
1359,radicaleq,6,skip,A,D,A,D,B,C,A,E,D,B,C,A,E,D,B,C,A,E,D,0.05,radicaleq
1360,caste,1,A,A,B,B,B,B,B,E,D,E,D,B,E,E,B,C,E,E,C,A,0.5,radicaleq
1360,radicaleq,2,B,C,D,A,D,B,B,E,D,B,A,E,C,B,D,E,A,C,B,E,0.05,radicaleq
1360,caste,3,C,C,D,D,D,E,C,A,A,D,C,A,D,C,A,D,B,A,D,B,0.5,radicaleq
1360,radicaleq,4,D,E,C,E,A,E,D,B,A,E,C,B,D,E,A,C,B,E,D,A,0.05,radicaleq
1360,caste,5,E,E,A,A,A,D,D,C,E,B,B,E,A,B,C,E,D,C,A,E,0.5,radicaleq
1360,caste,6,skip,skip,C,E,C,C,A,B,C,C,A,D,C,A,D,B,A,D,B,C,0.5,radicaleq
1361,caste,1,A,A,D,D,B,E,B,B,E,E,B,C,E,E,C,D,E,E,D,D,0.55,radicaleq
1361,caste,2,B,B,A,B,A,A,E,A,B,D,E,B,C,A,E,C,D,B,E,A,0.55,radicaleq
1361,caste,3,C,C,B,E,E,D,C,D,A,C,D,A,B,D,A,B,C,A,B,C,0.55,radicaleq
1361,radicaleq,4,D,E,skip,C,B,D,E,C,B,A,E,D,C,B,E,A,D,C,E,B,0.1,radicaleq
1361,radicaleq,5,E,skip,A,D,E,A,B,D,E,C,B,A,E,D,C,B,E,A,D,C,0.05,radicaleq
1361,caste,6,skip,skip,C,C,D,C,A,C,D,A,C,D,A,B,D,A,B,C,A,B,0.5,radicaleq
1362,caste,1,A,A,C,C,C,E,E,C,D,E,E,D,D,E,C,D,D,C,B,D,0.5,radicaleq
1362,caste,2,B,B,D,E,B,C,A,E,C,D,A,E,B,D,E,C,A,D,C,B,0.5,radicaleq
1362,caste,3,C,C,B,B,D,A,B,D,A,A,C,B,A,C,B,A,E,B,A,E,0.55,radicaleq
1362,radicaleq,4,D,E,C,E,D,C,B,E,A,D,C,E,A,D,B,C,E,D,A,B,0.05,radicaleq
1362,caste,5,E,E,A,D,A,B,D,A,B,C,B,A,C,B,A,E,B,A,E,C,0.55,radicaleq
1362,radicaleq,6,skip,A,D,B,A,E,D,C,B,E,B,D,C,E,A,D,B,C,E,D,0.0,radicaleq
1363,radicaleq,1,A,B,D,D,C,A,A,E,D,A,C,E,B,D,C,A,E,B,C,D,0.05,radicaleq
1363,caste,2,B,B,D,C,C,E,B,D,C,D,B,C,C,B,E,C,C,E,A,C,0.5,radicaleq
1363,caste,3,C,C,A,A,A,A,A,E,D,E,D,D,E,A,D,B,A,D,B,E,0.5,radicaleq
1363,radicaleq,4,D,E,B,E,D,E,C,A,C,E,B,D,C,A,E,B,C,D,A,E,0.05,radicaleq
1363,caste,5,E,E,C,D,D,C,C,B,E,A,A,E,A,D,B,A,D,B,E,D,0.5,radicaleq
1363,caste,6,skip,skip,B,E,B,B,D,A,B,B,C,A,B,E,C,D,E,A,C,B,0.5,radicaleq
1364,caste,1,A,A,E,A,A,D,D,A,C,D,D,B,B,D,A,B,B,A,E,B,0.5,radicaleq
1364,radicaleq,2,B,C,E,D,B,A,B,D,E,C,A,D,C,B,E,A,D,B,C,E,0.05,radicaleq
1364,caste,3,C,C,A,B,E,B,C,E,B,A,E,C,A,E,C,D,E,C,D,A,0.55,radicaleq
1364,caste,4,D,D,B,D,C,A,E,D,A,C,C,D,E,B,D,A,C,B,A,E,0.5,radicaleq
1364,caste,5,E,E,D,C,B,E,B,C,E,B,A,E,C,A,E,C,D,E,C,D,0.55,radicaleq
1364,radicaleq,6,skip,A,B,C,E,D,C,A,B,D,E,B,A,D,C,B,E,A,D,B,0.0,radicaleq
1365,radicaleq,1,A,B,E,B,A,A,E,C,D,A,B,C,E,D,A,C,B,E,D,A,0.05,radicaleq
1365,caste,2,B,B,C,B,E,B,A,C,C,A,D,C,C,D,E,C,A,E,B,A,0.5,radicaleq
1365,caste,3,C,C,A,A,A,A,E,B,D,E,B,A,E,B,A,D,B,C,D,E,0.55,radicaleq
1365,caste,4,D,D,E,C,D,C,B,A,E,C,A,D,B,C,D,E,C,A,E,B,0.5,radicaleq
1365,radicaleq,5,E,skip,D,C,E,C,D,A,B,C,E,D,A,C,B,E,D,A,C,B,0.05,radicaleq
1365,caste,6,skip,skip,D,E,B,D,D,E,B,D,E,B,A,E,B,A,D,B,C,D,0.5,radicaleq
1366,caste,1,A,A,A,A,A,A,A,A,A,A,A,A,A,A,E,E,E,E,A,A,1.0,rotate0
1366,rotate0,2,B,B,B,B,B,B,B,B,B,B,B,B,B,B,B,B,B,B,B,B,0.8,rotate0
1366,rotate0,3,C,C,C,C,C,C,C,C,C,C,C,C,C,C,C,C,C,C,C,C,0.85,rotate0
1366,caste,4,D,D,D,D,D,D,D,D,D,D,D,D,D,D,A,A,A,A,E,E,1.0,rotate0
1366,caste,5,E,E,E,E,E,E,E,E,E,E,E,E,E,B,C,D,D,D,D,D,0.9,rotate0
1366,caste,6,skip,skip,skip,skip,skip,skip,skip,skip,skip,skip,skip,skip,skip,skip,D,B,C,B,C,B,0.05,rotate0
1367,caste,1,A,A,A,A,A,A,A,A,A,A,A,A,A,A,A,B,B,B,B,B,1.0,caste
1367,caste,2,B,B,B,B,B,B,B,B,B,B,B,B,B,C,D,D,D,D,D,C,0.9,caste
1367,rotate0,3,C,C,C,C,C,C,C,C,C,C,C,C,C,C,C,C,C,C,C,C,0.9,caste
1367,caste,4,D,D,D,D,D,D,D,D,D,D,D,D,D,D,B,A,A,A,A,A,1.0,caste
1367,caste,5,E,E,E,E,E,E,E,E,E,E,E,E,E,B,E,E,E,E,E,E,1.0,caste
1367,rotate0,6,skip,skip,skip,skip,skip,skip,skip,skip,skip,skip,skip,skip,skip,skip,skip,skip,skip,skip,skip,skip,0.0,caste
1368,caste,1,A,A,A,A,A,A,A,A,A,A,A,A,A,A,A,E,E,E,E,E,1.0,rotate0
1368,caste,2,B,B,B,B,B,B,B,B,B,B,B,B,B,C,D,A,A,A,A,A,0.9,rotate0
1368,rotate0,3,C,C,C,C,C,C,C,C,C,C,C,C,C,C,C,C,C,C,C,C,0.8,rotate0
1368,rotate0,4,D,D,D,D,D,D,D,D,D,D,D,D,D,D,D,D,D,D,D,D,0.8,rotate0
1368,caste,5,E,E,E,E,E,E,E,E,E,E,E,E,E,B,E,B,B,B,B,B,1.0,rotate0
1368,caste,6,skip,skip,skip,skip,skip,skip,skip,skip,skip,skip,skip,skip,skip,skip,C,D,C,D,C,D,0.0,rotate0
1369,caste,1,A,A,A,A,A,A,A,A,A,A,A,A,A,A,C,C,C,C,A,A,1.0,rotate0
1369,rotate0,2,B,B,B,B,B,B,B,B,B,B,B,B,B,B,B,B,B,B,B,B,0.8,rotate0
1369,caste,3,C,C,C,C,C,C,C,C,C,C,C,C,C,E,B,D,D,D,D,D,0.9,rotate0
1369,caste,4,D,D,D,D,D,D,D,D,D,D,D,D,D,D,A,A,A,A,C,C,1.0,rotate0
1369,rotate0,5,E,E,E,E,E,E,E,E,E,E,E,E,E,E,E,E,E,E,E,E,0.85,rotate0
1369,caste,6,skip,skip,skip,skip,skip,skip,skip,skip,skip,skip,skip,skip,skip,skip,D,B,E,B,E,B,0.05,rotate0
1370,caste,1,A,A,A,A,A,A,A,A,A,A,A,A,A,A,B,A,A,A,A,A,1.0,rotate0
1370,caste,2,B,B,B,B,B,B,B,B,B,B,B,B,B,C,D,D,D,D,D,D,0.95,rotate0
1370,rotate0,3,C,C,C,C,C,C,C,C,C,C,C,C,C,C,C,C,C,C,C,C,0.8,rotate0
1370,caste,4,D,D,D,D,D,D,D,D,D,D,D,D,D,D,A,B,B,B,B,B,1.0,rotate0
1370,rotate0,5,E,E,E,E,E,E,E,E,E,E,E,E,E,E,E,E,E,E,E,E,0.85,rotate0
1370,caste,6,skip,skip,skip,skip,skip,skip,skip,skip,skip,skip,skip,skip,skip,skip,E,C,E,C,E,C,0.0,rotate0
1371,caste,1,A,A,A,A,A,A,A,A,A,A,A,A,A,A,B,A,A,A,A,C,1.0,caste
1371,caste,2,B,B,B,B,B,B,B,B,B,B,B,B,B,C,C,C,C,C,C,A,1.0,caste
1371,caste,3,C,C,C,C,C,C,C,C,C,C,C,C,C,E,D,D,D,D,D,E,0.9,caste
1371,caste,4,D,D,D,D,D,D,D,D,D,D,D,D,D,D,A,B,B,B,B,B,1.0,caste
1371,rotate0,5,E,E,E,E,E,E,E,E,E,E,E,E,E,E,E,E,E,E,E,E,0.9,caste
1371,rotate0,6,skip,skip,skip,skip,skip,skip,skip,skip,skip,skip,skip,skip,skip,skip,skip,skip,skip,skip,skip,skip,0.0,caste
1372,rotate0,1,A,A,A,A,A,A,A,A,A,A,A,A,A,A,A,A,A,A,A,A,0.8,rotate0
1372,rotate0,2,B,B,B,B,B,B,B,B,B,B,B,B,B,B,B,B,B,B,B,B,0.8,rotate0
1372,caste,3,C,C,C,C,C,C,C,C,C,C,C,C,C,E,D,C,C,C,C,C,1.0,rotate0
1372,caste,4,D,D,D,D,D,D,D,D,D,D,D,D,D,D,A,E,E,E,E,E,0.95,rotate0
1372,caste,5,E,E,E,E,E,E,E,E,E,E,E,E,E,B,E,D,D,D,D,D,0.95,rotate0
1372,caste,6,skip,skip,skip,skip,skip,skip,skip,skip,skip,skip,skip,skip,skip,skip,B,A,A,B,A,B,0.0,rotate0
1373,rotate0,1,A,A,A,A,A,A,A,A,A,A,A,A,A,A,A,A,A,A,A,A,0.8,rotate0
1373,caste,2,B,B,B,B,B,B,B,B,B,B,B,B,B,C,D,D,E,E,E,E,0.95,rotate0
1373,rotate0,3,C,C,C,C,C,C,C,C,C,C,C,C,C,C,C,C,C,C,C,C,0.8,rotate0
1373,caste,4,D,D,D,D,D,D,D,D,D,D,D,D,D,D,B,A,D,D,D,D,0.95,rotate0
1373,caste,5,E,E,E,E,E,E,E,E,E,E,E,E,E,B,E,E,B,B,B,B,1.0,rotate0
1373,caste,6,skip,skip,skip,skip,skip,skip,skip,skip,skip,skip,skip,skip,skip,skip,C,C,A,A,A,C,0.0,rotate0
1374,rotate0,1,A,A,A,A,A,A,A,A,A,A,A,A,A,A,A,A,A,A,A,A,0.95,caste
1374,caste,2,B,B,B,B,B,B,B,B,B,B,B,B,B,C,D,D,D,D,D,D,1.0,caste
1374,caste,3,C,C,C,C,C,C,C,C,C,C,C,C,C,E,E,C,C,C,C,C,1.0,caste
1374,caste,4,D,D,D,D,D,D,D,D,D,D,D,D,D,D,C,B,B,B,B,B,1.0,caste
1374,caste,5,E,E,E,E,E,E,E,E,E,E,E,E,E,B,A,E,E,E,E,E,0.95,caste
1374,rotate0,6,skip,skip,skip,skip,skip,skip,skip,skip,skip,skip,skip,skip,skip,skip,skip,skip,skip,skip,skip,skip,0.0,caste
1375,caste,1,A,A,A,A,A,A,A,A,A,A,A,A,A,A,C,A,A,A,A,A,1.0,rotate0
1375,rotate0,2,B,B,B,B,B,B,B,B,B,B,B,B,B,B,B,B,B,B,B,B,0.8,rotate0
1375,caste,3,C,C,C,C,C,C,C,C,C,C,C,C,C,E,D,E,E,E,E,E,0.95,rotate0
1375,rotate0,4,D,D,D,D,D,D,D,D,D,D,D,D,D,D,D,D,D,D,D,D,0.8,rotate0
1375,caste,5,E,E,E,E,E,E,E,E,E,E,E,E,E,B,E,C,C,C,C,C,0.95,rotate0
1375,caste,6,skip,skip,skip,skip,skip,skip,skip,skip,skip,skip,skip,skip,skip,skip,B,D,B,D,B,D,0.0,rotate0
1376,caste,1,A,A,A,A,A,A,A,A,A,A,A,A,A,A,B,A,A,A,A,B,1.0,rotate0
1376,caste,2,B,B,B,B,B,B,B,B,B,B,B,B,B,C,C,B,B,B,B,A,1.0,rotate0
1376,caste,3,C,C,C,C,C,C,C,C,C,C,C,C,C,E,D,C,C,C,C,C,0.9,rotate0
1376,rotate0,4,D,D,D,D,D,D,D,D,D,D,D,D,D,D,D,D,D,D,D,D,0.8,rotate0
1376,rotate0,5,E,E,E,E,E,E,E,E,E,E,E,E,E,E,E,E,E,E,E,E,0.8,rotate0
1376,caste,6,skip,skip,skip,skip,skip,skip,skip,skip,skip,skip,skip,skip,skip,skip,E,D,D,E,D,E,0.0,rotate0
1377,caste,1,A,A,A,A,A,A,A,A,A,A,A,A,A,A,B,A,B,B,B,B,1.0,caste
1377,caste,2,B,B,B,B,B,B,B,B,B,B,B,B,B,C,D,E,E,E,E,E,0.95,caste
1377,caste,3,C,C,C,C,C,C,C,C,C,C,C,C,C,E,E,B,A,A,A,A,1.0,caste
1377,rotate0,4,D,D,D,D,D,D,D,D,D,D,D,D,D,D,D,D,D,D,D,D,0.95,caste
1377,caste,5,E,E,E,E,E,E,E,E,E,E,E,E,E,B,A,C,C,C,C,C,1.0,caste
1377,rotate0,6,skip,skip,skip,skip,skip,skip,skip,skip,skip,skip,skip,skip,skip,skip,skip,skip,skip,skip,skip,skip,0.0,caste
1378,rotate0,1,A,A,A,A,A,A,A,A,A,A,A,A,A,A,A,A,A,A,A,A,0.8,rotate0
1378,caste,2,B,B,B,B,B,B,B,B,B,B,B,B,B,C,D,C,C,E,E,E,0.95,rotate0
1378,caste,3,C,C,C,C,C,C,C,C,C,C,C,C,C,E,E,B,B,B,B,B,1.0,rotate0
1378,rotate0,4,D,D,D,D,D,D,D,D,D,D,D,D,D,D,D,D,D,D,D,D,0.85,rotate0
1378,caste,5,E,E,E,E,E,E,E,E,E,E,E,E,E,B,A,E,E,C,C,C,0.95,rotate0
1378,caste,6,skip,skip,skip,skip,skip,skip,skip,skip,skip,skip,skip,skip,skip,skip,skip,A,D,A,D,A,0.0,rotate0
1379,caste,1,A,A,A,A,A,A,A,A,A,A,A,A,A,A,C,A,D,D,D,D,1.0,caste
1379,rotate0,2,B,B,B,B,B,B,B,B,B,B,B,B,B,B,B,B,B,B,B,B,0.95,caste
1379,caste,3,C,C,C,C,C,C,C,C,C,C,C,C,C,E,D,D,A,A,A,A,1.0,caste
1379,caste,4,D,D,D,D,D,D,D,D,D,D,D,D,D,D,A,C,C,C,C,C,1.0,caste
1379,caste,5,E,E,E,E,E,E,E,E,E,E,E,E,E,B,E,E,E,E,E,E,0.95,caste
1379,rotate0,6,skip,skip,skip,skip,skip,skip,skip,skip,skip,skip,skip,skip,skip,skip,skip,skip,skip,skip,skip,skip,0.0,caste
1380,rotate0,1,A,A,A,A,A,A,A,A,A,A,A,A,A,A,A,A,A,A,A,A,0.8,rotate0
1380,caste,2,B,B,B,B,B,B,B,B,B,B,B,B,B,C,C,B,B,B,B,B,1.0,rotate0
1380,caste,3,C,C,C,C,C,C,C,C,C,C,C,C,C,E,D,C,C,C,C,C,0.95,rotate0
1380,caste,4,D,D,D,D,D,D,D,D,D,D,D,D,D,D,A,D,D,D,D,D,0.95,rotate0
1380,rotate0,5,E,E,E,E,E,E,E,E,E,E,E,E,E,E,E,E,E,E,E,E,0.8,rotate0
1380,caste,6,skip,skip,skip,skip,skip,skip,skip,skip,skip,skip,skip,skip,skip,skip,E,A,A,E,A,E,0.0,rotate0
1381,caste,1,A,A,A,A,A,A,A,A,A,A,A,A,A,A,B,C,D,D,D,E,1.0,draw
1381,caste,2,B,B,B,B,B,B,B,B,B,B,B,B,B,C,D,E,E,E,E,D,1.0,draw
1381,caste,3,C,C,C,C,C,C,C,C,C,C,C,C,C,E,E,D,C,C,C,C,1.0,draw
1381,caste,4,D,D,D,D,D,D,D,D,D,D,D,D,D,D,C,B,B,B,B,B,1.0,draw
1381,caste,5,E,E,E,E,E,E,E,E,E,E,E,E,E,B,A,A,A,A,A,A,1.0,draw
1381,caste,6,skip,skip,skip,skip,skip,skip,skip,skip,skip,skip,skip,skip,skip,skip,skip,skip,skip,skip,skip,skip,0.0,draw
1382,caste,1,A,A,A,A,A,A,A,A,A,A,A,A,A,A,B,C,D,D,D,E,1.0,draw
1382,caste,2,B,B,B,B,B,B,B,B,B,B,B,B,B,C,D,E,E,E,E,D,1.0,draw
1382,caste,3,C,C,C,C,C,C,C,C,C,C,C,C,C,E,E,D,C,C,C,C,1.0,draw
1382,caste,4,D,D,D,D,D,D,D,D,D,D,D,D,D,D,C,B,B,B,B,B,1.0,draw
1382,caste,5,E,E,E,E,E,E,E,E,E,E,E,E,E,B,A,A,A,A,A,A,1.0,draw
1382,caste,6,skip,skip,skip,skip,skip,skip,skip,skip,skip,skip,skip,skip,skip,skip,skip,skip,skip,skip,skip,skip,0.0,draw
1383,caste,1,A,A,A,A,A,A,A,A,A,A,A,A,A,A,B,C,D,D,D,E,1.0,draw
1383,caste,2,B,B,B,B,B,B,B,B,B,B,B,B,B,C,D,E,E,E,E,D,1.0,draw
1383,caste,3,C,C,C,C,C,C,C,C,C,C,C,C,C,E,E,D,C,C,C,C,1.0,draw
1383,caste,4,D,D,D,D,D,D,D,D,D,D,D,D,D,D,C,B,B,B,B,B,1.0,draw
1383,caste,5,E,E,E,E,E,E,E,E,E,E,E,E,E,B,A,A,A,A,A,A,1.0,draw
1383,caste,6,skip,skip,skip,skip,skip,skip,skip,skip,skip,skip,skip,skip,skip,skip,skip,skip,skip,skip,skip,skip,0.0,draw
1384,caste,1,A,A,A,A,A,A,A,A,A,A,A,A,A,A,B,C,D,D,D,E,1.0,draw
1384,caste,2,B,B,B,B,B,B,B,B,B,B,B,B,B,C,D,E,E,E,E,D,1.0,draw
1384,caste,3,C,C,C,C,C,C,C,C,C,C,C,C,C,E,E,D,C,C,C,C,1.0,draw
1384,caste,4,D,D,D,D,D,D,D,D,D,D,D,D,D,D,C,B,B,B,B,B,1.0,draw
1384,caste,5,E,E,E,E,E,E,E,E,E,E,E,E,E,B,A,A,A,A,A,A,1.0,draw
1384,caste,6,skip,skip,skip,skip,skip,skip,skip,skip,skip,skip,skip,skip,skip,skip,skip,skip,skip,skip,skip,skip,0.0,draw
1385,caste,1,A,A,A,A,A,A,A,A,A,A,A,A,A,A,B,C,D,D,D,E,1.0,draw
1385,caste,2,B,B,B,B,B,B,B,B,B,B,B,B,B,C,D,E,E,E,E,D,1.0,draw
1385,caste,3,C,C,C,C,C,C,C,C,C,C,C,C,C,E,E,D,C,C,C,C,1.0,draw
1385,caste,4,D,D,D,D,D,D,D,D,D,D,D,D,D,D,C,B,B,B,B,B,1.0,draw
1385,caste,5,E,E,E,E,E,E,E,E,E,E,E,E,E,B,A,A,A,A,A,A,1.0,draw
1385,caste,6,skip,skip,skip,skip,skip,skip,skip,skip,skip,skip,skip,skip,skip,skip,skip,skip,skip,skip,skip,skip,0.0,draw
1386,caste,1,A,A,A,A,A,A,A,A,A,A,A,A,A,A,B,C,D,D,D,E,1.0,draw
1386,caste,2,B,B,B,B,B,B,B,B,B,B,B,B,B,C,D,E,E,E,E,D,1.0,draw
1386,caste,3,C,C,C,C,C,C,C,C,C,C,C,C,C,E,E,D,C,C,C,C,1.0,draw
1386,caste,4,D,D,D,D,D,D,D,D,D,D,D,D,D,D,C,B,B,B,B,B,1.0,draw
1386,caste,5,E,E,E,E,E,E,E,E,E,E,E,E,E,B,A,A,A,A,A,A,1.0,draw
1386,caste,6,skip,skip,skip,skip,skip,skip,skip,skip,skip,skip,skip,skip,skip,skip,skip,skip,skip,skip,skip,skip,0.0,draw
1387,caste,1,A,A,A,A,A,A,A,A,A,A,A,A,A,A,B,C,D,D,D,E,1.0,draw
1387,caste,2,B,B,B,B,B,B,B,B,B,B,B,B,B,C,D,E,E,E,E,D,1.0,draw
1387,caste,3,C,C,C,C,C,C,C,C,C,C,C,C,C,E,E,D,C,C,C,C,1.0,draw
1387,caste,4,D,D,D,D,D,D,D,D,D,D,D,D,D,D,C,B,B,B,B,B,1.0,draw
1387,caste,5,E,E,E,E,E,E,E,E,E,E,E,E,E,B,A,A,A,A,A,A,1.0,draw
1387,caste,6,skip,skip,skip,skip,skip,skip,skip,skip,skip,skip,skip,skip,skip,skip,skip,skip,skip,skip,skip,skip,0.0,draw
1388,caste,1,A,A,A,A,A,A,A,A,A,A,A,A,A,A,B,C,D,D,D,E,1.0,draw
1388,caste,2,B,B,B,B,B,B,B,B,B,B,B,B,B,C,D,E,E,E,E,D,1.0,draw
1388,caste,3,C,C,C,C,C,C,C,C,C,C,C,C,C,E,E,D,C,C,C,C,1.0,draw
1388,caste,4,D,D,D,D,D,D,D,D,D,D,D,D,D,D,C,B,B,B,B,B,1.0,draw
1388,caste,5,E,E,E,E,E,E,E,E,E,E,E,E,E,B,A,A,A,A,A,A,1.0,draw
1388,caste,6,skip,skip,skip,skip,skip,skip,skip,skip,skip,skip,skip,skip,skip,skip,skip,skip,skip,skip,skip,skip,0.0,draw
1389,caste,1,A,A,A,A,A,A,A,A,A,A,A,A,A,A,B,C,D,D,D,E,1.0,draw
1389,caste,2,B,B,B,B,B,B,B,B,B,B,B,B,B,C,D,E,E,E,E,D,1.0,draw
1389,caste,3,C,C,C,C,C,C,C,C,C,C,C,C,C,E,E,D,C,C,C,C,1.0,draw
1389,caste,4,D,D,D,D,D,D,D,D,D,D,D,D,D,D,C,B,B,B,B,B,1.0,draw
1389,caste,5,E,E,E,E,E,E,E,E,E,E,E,E,E,B,A,A,A,A,A,A,1.0,draw
1389,caste,6,skip,skip,skip,skip,skip,skip,skip,skip,skip,skip,skip,skip,skip,skip,skip,skip,skip,skip,skip,skip,0.0,draw
1390,caste,1,A,A,A,A,A,A,A,A,A,A,A,A,A,A,B,C,D,D,D,E,1.0,draw
1390,caste,2,B,B,B,B,B,B,B,B,B,B,B,B,B,C,D,E,E,E,E,D,1.0,draw
1390,caste,3,C,C,C,C,C,C,C,C,C,C,C,C,C,E,E,D,C,C,C,C,1.0,draw
1390,caste,4,D,D,D,D,D,D,D,D,D,D,D,D,D,D,C,B,B,B,B,B,1.0,draw
1390,caste,5,E,E,E,E,E,E,E,E,E,E,E,E,E,B,A,A,A,A,A,A,1.0,draw
1390,caste,6,skip,skip,skip,skip,skip,skip,skip,skip,skip,skip,skip,skip,skip,skip,skip,skip,skip,skip,skip,skip,0.0,draw
1391,caste,1,A,A,A,A,A,A,A,A,A,A,A,A,A,A,B,C,D,D,D,E,1.0,draw
1391,caste,2,B,B,B,B,B,B,B,B,B,B,B,B,B,C,D,E,E,E,E,D,1.0,draw
1391,caste,3,C,C,C,C,C,C,C,C,C,C,C,C,C,E,E,D,C,C,C,C,1.0,draw
1391,caste,4,D,D,D,D,D,D,D,D,D,D,D,D,D,D,C,B,B,B,B,B,1.0,draw
1391,caste,5,E,E,E,E,E,E,E,E,E,E,E,E,E,B,A,A,A,A,A,A,1.0,draw
1391,caste,6,skip,skip,skip,skip,skip,skip,skip,skip,skip,skip,skip,skip,skip,skip,skip,skip,skip,skip,skip,skip,0.0,draw
1392,caste,1,A,A,A,A,A,A,A,A,A,A,A,A,A,A,B,C,D,D,D,E,1.0,draw
1392,caste,2,B,B,B,B,B,B,B,B,B,B,B,B,B,C,D,E,E,E,E,D,1.0,draw
1392,caste,3,C,C,C,C,C,C,C,C,C,C,C,C,C,E,E,D,C,C,C,C,1.0,draw
1392,caste,4,D,D,D,D,D,D,D,D,D,D,D,D,D,D,C,B,B,B,B,B,1.0,draw
1392,caste,5,E,E,E,E,E,E,E,E,E,E,E,E,E,B,A,A,A,A,A,A,1.0,draw
1392,caste,6,skip,skip,skip,skip,skip,skip,skip,skip,skip,skip,skip,skip,skip,skip,skip,skip,skip,skip,skip,skip,0.0,draw
1393,caste,1,A,A,A,A,A,A,A,A,A,A,A,A,A,A,B,C,D,D,D,E,1.0,draw
1393,caste,2,B,B,B,B,B,B,B,B,B,B,B,B,B,C,D,E,E,E,E,D,1.0,draw
1393,caste,3,C,C,C,C,C,C,C,C,C,C,C,C,C,E,E,D,C,C,C,C,1.0,draw
1393,caste,4,D,D,D,D,D,D,D,D,D,D,D,D,D,D,C,B,B,B,B,B,1.0,draw
1393,caste,5,E,E,E,E,E,E,E,E,E,E,E,E,E,B,A,A,A,A,A,A,1.0,draw
1393,caste,6,skip,skip,skip,skip,skip,skip,skip,skip,skip,skip,skip,skip,skip,skip,skip,skip,skip,skip,skip,skip,0.0,draw
1394,caste,1,A,A,A,A,A,A,A,A,A,A,A,A,A,A,B,C,D,D,D,E,1.0,draw
1394,caste,2,B,B,B,B,B,B,B,B,B,B,B,B,B,C,D,E,E,E,E,D,1.0,draw
1394,caste,3,C,C,C,C,C,C,C,C,C,C,C,C,C,E,E,D,C,C,C,C,1.0,draw
1394,caste,4,D,D,D,D,D,D,D,D,D,D,D,D,D,D,C,B,B,B,B,B,1.0,draw
1394,caste,5,E,E,E,E,E,E,E,E,E,E,E,E,E,B,A,A,A,A,A,A,1.0,draw
1394,caste,6,skip,skip,skip,skip,skip,skip,skip,skip,skip,skip,skip,skip,skip,skip,skip,skip,skip,skip,skip,skip,0.0,draw
1395,caste,1,A,A,A,A,A,A,A,A,A,A,A,A,A,A,B,C,D,D,D,E,1.0,draw
1395,caste,2,B,B,B,B,B,B,B,B,B,B,B,B,B,C,D,E,E,E,E,D,1.0,draw
1395,caste,3,C,C,C,C,C,C,C,C,C,C,C,C,C,E,E,D,C,C,C,C,1.0,draw
1395,caste,4,D,D,D,D,D,D,D,D,D,D,D,D,D,D,C,B,B,B,B,B,1.0,draw
1395,caste,5,E,E,E,E,E,E,E,E,E,E,E,E,E,B,A,A,A,A,A,A,1.0,draw
1395,caste,6,skip,skip,skip,skip,skip,skip,skip,skip,skip,skip,skip,skip,skip,skip,skip,skip,skip,skip,skip,skip,0.0,draw
1396,equalize,1,A,B,E,C,E,A,A,C,E,E,B,B,B,B,B,E,D,A,A,D,0.8,equalize
1396,random,2,D,D,D,skip,B,E,skip,D,A,E,D,skip,E,D,C,A,C,D,C,A,0.05,equalize
1396,random,3,B,C,skip,A,E,E,B,C,skip,E,B,D,E,A,D,B,C,D,skip,B,0.1,equalize
1396,equalize,4,D,C,B,A,B,D,D,A,A,C,C,C,C,C,C,B,C,B,B,B,0.55,equalize
1396,equalize,5,E,E,D,B,A,C,C,E,B,D,D,E,E,D,D,C,B,E,C,E,0.7,equalize
1396,equalize,6,skip,A,C,E,C,B,B,D,D,A,A,A,A,A,A,A,E,D,E,A,0.65,equalize
1397,equalize,1,A,C,E,D,A,B,B,C,E,C,B,D,E,E,E,E,B,B,B,C,0.45,equalize
1397,equalize,2,B,E,B,A,D,C,D,E,A,A,A,C,D,A,C,D,E,D,E,E,0.85,equalize
1397,random,3,A,A,E,D,C,skip,skip,B,C,C,E,C,C,B,E,A,B,A,B,E,0.15,equalize
1397,equalize,4,D,B,C,C,B,E,A,A,C,B,E,B,B,B,B,B,C,C,C,D,0.6,equalize
1397,equalize,5,E,A,D,E,E,D,E,D,D,D,D,A,A,D,D,A,D,A,D,B,0.75,equalize
1397,random,6,D,B,C,C,A,skip,skip,A,E,C,skip,C,A,D,skip,E,E,B,A,skip,0.05,equalize
1398,equalize,1,A,B,A,E,A,C,C,D,B,E,D,D,E,E,E,E,A,E,B,B,0.8,equalize
1398,equalize,2,B,E,E,B,B,A,D,E,C,C,B,E,B,C,C,C,C,C,C,C,0.65,equalize
1398,random,3,D,C,D,skip,A,A,B,E,A,D,C,D,B,skip,A,E,C,A,A,skip,0.2,equalize
1398,random,4,D,D,B,E,B,E,skip,E,E,D,A,E,A,A,skip,C,B,B,skip,D,0.15,equalize
1398,equalize,5,E,D,C,A,E,E,B,C,D,D,C,C,C,B,B,B,B,A,D,D,0.6,equalize
1398,equalize,6,skip,A,B,C,C,D,A,A,A,B,A,B,A,D,D,D,D,D,E,E,0.75,equalize
1399,equalize,1,A,E,E,E,A,A,A,A,A,D,D,D,C,C,C,A,D,D,C,E,0.5,equalize
1399,random,2,B,E,skip,D,B,skip,skip,E,A,A,B,D,B,C,D,A,A,skip,C,A,0.05,equalize
1399,equalize,3,C,D,B,A,B,D,C,C,D,C,C,A,D,D,D,C,B,B,E,A,0.75,equalize
1399,equalize,4,D,A,C,D,C,B,B,B,B,A,E,E,E,E,E,B,A,E,A,D,0.85,equalize
1399,random,5,A,C,B,E,E,D,D,E,A,E,B,D,B,B,C,E,skip,D,D,C,0.3,equalize
1399,equalize,6,skip,B,D,C,E,C,E,E,C,B,B,C,A,A,A,E,C,C,B,B,0.75,equalize
1400,equalize,1,A,E,C,A,E,C,C,C,C,C,C,A,A,D,D,D,A,B,C,B,0.7,equalize
1400,equalize,2,B,C,A,D,C,A,A,A,A,A,E,E,B,B,A,B,D,D,B,E,0.75,equalize
1400,random,3,E,E,E,D,E,skip,skip,E,skip,D,A,E,skip,B,skip,E,E,C,C,A,0.15,equalize
1400,equalize,4,D,D,D,B,B,E,E,E,B,B,D,D,E,A,C,A,E,A,A,C,0.75,equalize
1400,random,5,B,E,B,D,D,D,D,skip,C,B,B,C,A,C,skip,B,E,A,A,B,0.2,equalize
1400,equalize,6,skip,A,B,C,A,B,B,B,D,D,A,C,C,C,E,E,C,C,D,D,0.6,equalize
1401,equalize,1,A,B,C,B,E,D,D,B,B,B,B,B,E,E,B,B,B,B,B,E,0.6,equalize
1401,equalize,2,B,C,D,C,B,B,B,A,A,A,A,E,B,A,A,A,A,A,A,B,0.7,equalize
1401,equalize,3,C,D,E,D,C,A,A,D,C,E,E,A,A,D,D,D,C,D,C,D,0.8,equalize
1401,equalize,4,D,E,A,E,D,E,E,E,E,C,C,D,D,C,E,E,D,E,E,A,0.75,equalize
1401,random,5,A,A,A,C,B,skip,D,D,B,skip,A,B,B,E,skip,skip,C,D,B,E,0.0,equalize
1401,random,6,E,A,D,C,E,C,C,D,C,D,C,C,skip,C,C,E,D,C,A,skip,0.35,equalize
1402,random,1,E,E,skip,E,C,D,skip,B,A,skip,A,D,A,A,skip,D,B,C,B,A,0.3,equalize
1402,random,2,skip,B,C,skip,C,C,skip,skip,B,B,skip,A,B,skip,C,A,C,skip,D,B,0.2,equalize
1402,equalize,3,C,C,D,D,D,D,B,B,D,A,A,A,D,D,D,D,E,E,E,E,0.75,equalize
1402,equalize,4,D,D,E,B,B,B,D,C,B,C,C,C,B,E,B,A,D,B,B,A,0.75,equalize
1402,equalize,5,E,A,B,C,C,A,A,A,E,D,D,E,E,C,C,E,B,D,D,C,0.75,equalize
1402,equalize,6,skip,B,A,A,A,E,E,E,C,E,E,B,C,A,E,B,C,A,A,D,0.8,equalize
1403,random,1,E,C,E,C,D,C,skip,A,C,D,C,skip,E,A,B,C,E,E,E,A,0.1,equalize
1403,equalize,2,B,A,E,A,D,A,D,D,A,D,D,D,E,D,B,E,B,A,D,A,0.65,equalize
1403,random,3,B,D,D,skip,D,B,A,E,E,A,skip,skip,A,B,skip,skip,D,E,C,A,0.1,equalize
1403,equalize,4,D,B,B,B,B,E,E,C,C,C,A,C,D,A,D,A,A,E,A,C,0.85,equalize
1403,equalize,5,E,C,A,C,A,C,A,A,B,B,B,B,B,B,C,C,E,C,C,B,0.5,equalize
1403,equalize,6,skip,D,C,E,E,B,C,E,D,A,E,E,A,C,E,D,D,B,B,D,0.65,equalize
1404,random,1,C,E,skip,A,E,B,C,C,B,A,B,C,A,C,D,A,C,A,C,A,0.2,equalize
1404,equalize,2,B,B,C,A,A,A,A,A,A,D,D,D,D,D,D,D,D,E,C,E,0.7,equalize
1404,equalize,3,C,A,B,B,B,B,D,D,E,C,C,C,A,E,E,C,E,D,D,D,0.65,equalize
1404,equalize,4,D,D,E,E,D,D,B,C,B,A,E,E,E,B,B,E,B,B,E,C,0.7,equalize
1404,equalize,5,E,E,D,D,C,C,C,B,D,E,A,A,B,A,A,B,A,A,B,A,0.7,equalize
1404,random,6,C,skip,C,E,E,E,A,B,A,B,skip,C,C,A,B,C,E,B,D,skip,0.15,equalize
1405,equalize,1,A,D,B,E,E,C,C,B,C,D,D,C,C,A,C,A,B,A,A,A,0.75,equalize
1405,random,2,C,B,B,A,B,A,A,D,B,C,E,skip,B,A,B,D,E,E,skip,C,0.05,equalize
1405,equalize,3,C,B,E,C,C,E,B,C,B,E,A,A,A,D,D,D,E,E,C,D,0.6,equalize
1405,random,4,D,D,D,skip,C,A,A,skip,skip,C,B,B,A,skip,C,skip,B,skip,skip,B,0.1,equalize
1405,equalize,5,E,C,D,A,B,A,E,E,E,C,E,E,E,E,E,E,A,C,B,C,0.65,equalize
1405,equalize,6,skip,A,A,B,D,D,D,D,A,B,B,D,D,C,B,C,D,D,E,B,0.75,equalize
1406,equalize,1,A,D,D,D,D,C,A,A,E,D,C,D,D,A,C,A,A,D,E,D,0.65,equalize
1406,equalize,2,B,A,B,E,C,E,D,D,B,C,B,C,C,C,B,D,D,C,B,A,0.75,equalize
1406,equalize,3,C,E,C,B,B,D,E,E,A,E,E,E,E,D,E,E,E,E,A,E,0.55,equalize
1406,random,4,C,E,skip,E,skip,D,C,C,B,skip,B,A,E,D,C,B,C,E,A,C,0.05,equalize
1406,random,5,A,D,A,A,B,C,skip,B,A,D,B,C,B,D,B,B,B,D,A,D,0.15,equalize
1406,equalize,6,skip,B,E,C,A,B,C,B,D,A,A,A,B,E,A,C,C,A,D,C,0.65,equalize
1407,equalize,1,A,C,C,D,C,A,A,E,A,A,A,A,A,C,C,A,B,E,E,E,0.75,equalize
1407,equalize,2,B,D,D,A,A,E,E,C,C,E,B,D,E,D,D,B,C,B,C,B,0.75,equalize
1407,equalize,3,C,E,E,C,D,C,C,B,E,C,C,B,D,E,E,C,D,C,D,C,0.75,equalize
1407,random,4,B,skip,D,E,D,skip,skip,skip,B,D,skip,skip,skip,B,C,D,skip,D,skip,D,0.15,equalize
1407,equalize,5,E,B,B,B,B,B,D,D,B,D,E,E,C,B,A,D,A,A,A,A,0.6,equalize
1407,random,6,skip,skip,E,D,C,B,D,E,C,A,skip,B,E,skip,E,skip,A,B,D,A,0.0,equalize
1408,random,1,E,B,B,C,C,E,B,D,D,D,C,C,skip,E,E,B,skip,C,A,C,0.15,equalize
1408,equalize,2,B,C,E,D,C,A,E,A,A,E,C,E,E,D,E,A,D,C,A,E,0.75,equalize
1408,equalize,3,C,D,D,E,B,B,C,E,C,A,E,A,A,E,D,D,A,A,B,B,0.7,equalize
1408,random,4,D,B,D,skip,A,B,A,E,E,C,C,C,D,B,A,D,C,A,C,C,0.15,equalize
1408,equalize,5,E,A,C,C,A,D,D,C,D,B,A,B,B,A,B,B,E,E,E,C,0.7,equalize
1408,equalize,6,skip,B,A,A,E,E,A,D,B,C,B,D,D,B,A,C,C,B,D,D,0.5,equalize
1409,equalize,1,A,B,B,E,B,B,B,B,D,C,C,C,C,A,A,A,A,A,A,D,0.55,equalize
1409,random,2,A,C,D,D,E,D,B,B,D,D,E,D,C,C,C,skip,C,B,A,E,0.1,equalize
1409,equalize,3,C,C,D,B,C,C,C,E,E,E,A,A,A,B,E,E,E,D,D,E,0.7,equalize
1409,equalize,4,D,D,E,C,E,A,A,C,B,B,E,B,E,D,D,D,B,B,C,C,0.85,equalize
1409,equalize,5,E,E,C,D,A,D,E,A,A,A,B,D,B,C,B,B,C,E,E,B,0.7,equalize
1409,random,6,A,A,A,E,D,B,C,skip,D,E,D,E,C,B,A,skip,C,skip,A,B,0.25,equalize
1410,random,1,B,D,C,B,E,skip,A,A,A,B,D,B,D,B,skip,E,E,B,E,B,0.05,equalize
1410,equalize,2,B,A,A,E,A,A,A,D,D,D,D,E,E,E,E,E,E,C,E,B,0.5,equalize
1410,equalize,3,C,C,B,C,C,C,C,C,C,B,B,B,C,D,A,A,D,E,C,E,0.85,equalize
1410,equalize,4,D,D,E,B,D,B,B,B,B,C,C,D,A,B,D,C,C,B,A,A,0.7,equalize
1410,random,5,skip,B,D,E,A,E,E,A,skip,A,A,skip,A,skip,D,A,A,C,D,C,0.35,equalize
1410,equalize,6,skip,E,C,A,E,D,D,A,E,E,E,C,D,C,C,B,B,D,D,C,0.65,equalize
1411,equalize,1,A,B,A,C,D,skip,A,C,D,B,B,E,B,E,D,E,C,D,C,E,0.65,equalize
1411,rotate,2,B,C,D,E,skip,A,B,C,D,E,skip,A,B,C,D,E,skip,A,B,C,0.5,equalize
1411,rotate,3,C,D,E,skip,A,B,C,D,E,skip,A,B,C,D,E,skip,A,B,C,D,0.2,equalize
1411,equalize,4,D,E,skip,A,C,D,E,E,C,D,C,C,C,B,B,B,B,B,A,A,0.85,equalize
1411,equalize,5,E,skip,B,B,B,B,C,D,A,A,A,B,E,D,E,C,D,C,D,D,0.55,equalize
1411,equalize,6,skip,A,C,D,E,E,B,A,E,C,D,D,A,A,A,A,A,E,E,C,0.75,equalize
1412,equalize,1,A,B,A,D,B,E,A,C,C,D,D,E,B,B,C,A,A,E,D,D,0.7,equalize
1412,equalize,2,B,C,D,E,E,A,B,A,D,E,E,A,A,C,A,E,E,D,B,B,0.95,equalize
1412,rotate,3,C,D,E,skip,A,B,C,D,E,skip,A,B,C,D,E,skip,A,B,C,D,0.15,equalize
1412,equalize,4,D,E,skip,A,A,B,D,D,E,A,A,C,D,D,E,C,B,C,A,E,0.55,equalize
1412,equalize,5,E,skip,B,C,D,C,C,E,B,C,B,B,C,E,B,D,D,B,C,A,0.3,equalize
1412,rotate,6,skip,A,B,C,D,E,skip,A,B,C,D,E,skip,A,B,C,D,E,skip,A,0.1,equalize
1413,equalize,1,A,B,A,C,D,B,A,E,D,D,D,D,A,D,B,D,D,A,C,D,0.75,equalize
1413,equalize,2,B,C,D,E,skip,A,C,D,C,A,C,C,E,E,A,A,C,C,E,E,0.55,equalize
1413,rotate,3,C,D,E,skip,A,B,C,D,E,skip,A,B,C,D,E,skip,A,B,C,D,0.35,equalize
1413,rotate,4,D,E,skip,A,B,C,D,E,skip,A,B,C,D,E,skip,A,B,C,D,E,0.2,equalize
1413,equalize,5,E,skip,B,B,B,C,D,A,A,C,E,E,D,A,C,C,E,D,A,A,0.75,equalize
1413,equalize,6,skip,A,C,D,E,E,E,B,B,B,A,B,C,B,E,B,B,E,D,B,0.65,equalize
1414,equalize,1,A,B,A,B,B,B,B,D,D,C,C,D,E,A,B,B,C,E,C,C,0.5,equalize
1414,rotate,2,B,C,D,E,skip,A,B,C,D,E,skip,A,B,C,D,E,skip,A,B,C,0.25,equalize
1414,equalize,3,C,D,E,A,A,C,A,A,A,D,E,C,D,D,D,A,A,A,A,B,0.85,equalize
1414,equalize,4,D,E,skip,D,D,D,C,C,E,E,D,B,B,C,A,C,B,B,E,D,0.6,equalize
1414,rotate,5,E,skip,A,B,C,D,E,skip,A,B,C,D,E,skip,A,B,C,D,E,skip,0.1,equalize
1414,equalize,6,skip,A,C,C,E,E,E,B,B,B,A,A,C,E,E,E,D,D,B,E,0.65,equalize
1415,equalize,1,A,B,A,B,B,B,A,A,C,D,A,E,C,D,C,D,A,B,E,A,0.55,equalize
1415,equalize,2,B,C,D,E,E,C,B,E,E,A,E,C,D,E,E,A,E,C,B,E,0.9,equalize
1415,rotate,3,C,D,E,skip,A,B,C,D,E,skip,A,B,C,D,E,skip,A,B,C,D,0.15,equalize
1415,equalize,4,D,E,skip,D,A,E,E,D,A,C,C,D,A,A,A,C,C,D,A,D,0.45,equalize
1415,rotate,5,E,skip,A,B,C,D,E,skip,A,B,C,D,E,skip,A,B,C,D,E,skip,0.1,equalize
1415,equalize,6,skip,A,C,C,D,D,C,B,B,B,D,B,E,B,B,B,D,E,C,B,0.6,equalize
1416,equalize,1,A,B,A,C,D,A,A,A,C,C,E,E,A,A,C,C,D,E,A,A,0.45,equalize
1416,equalize,2,B,C,D,D,A,E,B,D,D,B,C,D,C,B,B,D,A,B,B,B,0.75,equalize
1416,equalize,3,C,D,E,E,E,D,E,C,A,D,D,A,E,C,E,E,C,A,E,C,0.65,equalize
1416,equalize,4,D,E,skip,B,C,B,C,B,B,E,A,B,B,D,A,B,E,D,C,D,0.65,equalize
1416,rotate,5,E,skip,A,B,C,D,E,skip,A,B,C,D,E,skip,A,B,C,D,E,skip,0.05,equalize
1416,rotate,6,skip,A,B,C,D,E,skip,A,B,C,D,E,skip,A,B,C,D,E,skip,A,0.1,equalize
1417,rotate,1,A,B,C,D,E,skip,A,B,C,D,E,skip,A,B,C,D,E,skip,A,B,0.25,equalize
1417,rotate,2,B,C,D,E,skip,A,B,C,D,E,skip,A,B,C,D,E,skip,A,B,C,0.25,equalize
1417,equalize,3,C,D,E,C,D,D,A,A,C,A,E,A,B,D,D,A,A,A,C,C,0.6,equalize
1417,equalize,4,D,E,skip,B,E,A,E,D,D,B,B,B,D,B,A,E,C,C,A,D,0.65,equalize
1417,equalize,5,E,skip,B,D,A,C,C,C,E,E,C,D,E,E,B,B,E,B,E,E,0.75,equalize
1417,equalize,6,skip,A,C,A,B,B,B,E,A,D,A,C,C,C,E,D,B,D,D,B,0.65,equalize
1418,rotate,1,A,B,C,D,E,skip,A,B,C,D,E,skip,A,B,C,D,E,skip,A,B,0.2,equalize
1418,equalize,2,B,C,D,E,E,C,D,C,D,B,C,E,E,A,D,E,E,A,B,B,0.85,equalize
1418,rotate,3,C,D,E,skip,A,B,C,D,E,skip,A,B,C,D,E,skip,A,B,C,D,0.15,equalize
1418,equalize,4,D,E,skip,B,B,A,A,B,B,D,A,C,D,B,A,D,A,C,E,D,0.55,equalize
1418,equalize,5,E,skip,B,D,A,D,E,D,E,A,E,D,A,E,E,B,C,B,C,E,0.5,equalize
1418,equalize,6,skip,A,C,A,C,B,C,E,A,C,B,B,C,D,C,A,B,D,D,A,0.6,equalize
1419,rotate,1,A,B,C,D,E,skip,A,B,C,D,E,skip,A,B,C,D,E,skip,A,B,0.15,equalize
1419,equalize,2,B,C,D,D,E,A,A,A,C,E,E,B,B,B,B,E,E,A,A,C,0.5,equalize
1419,equalize,3,C,D,E,E,D,E,C,C,A,A,C,C,C,C,C,D,B,C,B,E,0.8,equalize
1419,equalize,4,D,E,skip,C,A,C,B,B,E,C,B,E,A,E,E,A,A,E,C,A,0.6,equalize
1419,equalize,5,E,skip,B,A,B,B,D,D,D,D,A,A,D,D,D,B,D,B,D,B,0.75,equalize
1419,rotate,6,skip,A,B,C,D,E,skip,A,B,C,D,E,skip,A,B,C,D,E,skip,A,0.25,equalize
1420,equalize,1,A,B,A,C,D,B,B,D,C,D,A,B,C,D,D,E,A,B,A,D,0.85,equalize
1420,rotate,2,B,C,D,E,skip,A,B,C,D,E,skip,A,B,C,D,E,skip,A,B,C,0.3,equalize
1420,equalize,3,C,D,E,skip,A,D,C,C,A,E,D,D,D,C,A,B,B,E,D,E,0.6,equalize
1420,rotate,4,D,E,skip,A,B,C,D,E,skip,A,B,C,D,E,skip,A,B,C,D,E,0.25,equalize
1420,equalize,5,E,skip,B,B,B,C,A,A,D,A,B,E,E,E,B,C,C,C,E,C,0.55,equalize
1420,equalize,6,skip,A,C,D,E,E,E,E,B,C,C,A,B,A,E,A,D,D,B,A,0.7,equalize
1421,equalize,1,A,B,A,B,D,D,D,C,C,C,C,E,E,B,B,E,D,A,D,E,0.6,equalize
1421,equalize,2,B,C,D,E,C,B,B,D,D,A,B,C,D,E,A,B,E,E,E,A,0.55,equalize
1421,equalize,3,C,D,E,A,B,E,E,B,A,D,E,D,A,A,D,D,B,D,A,C,0.65,equalize
1421,rotate,4,D,E,skip,A,B,C,D,E,skip,A,B,C,D,E,skip,A,B,C,D,E,0.25,equalize
1421,rotate,5,E,skip,A,B,C,D,E,skip,A,B,C,D,E,skip,A,B,C,D,E,skip,0.05,equalize
1421,equalize,6,skip,A,C,C,E,A,A,E,B,B,D,A,C,C,C,C,C,B,B,B,0.8,equalize
1422,equalize,1,A,B,A,D,E,C,D,B,A,C,D,C,B,B,D,A,B,E,B,E,0.55,equalize
1422,equalize,2,B,C,D,E,C,D,E,E,C,E,A,B,C,C,E,E,A,A,C,D,0.95,equalize
1422,equalize,3,C,D,E,B,B,E,C,C,D,D,E,A,A,A,C,C,E,B,A,A,0.75,equalize
1422,rotate,4,D,E,skip,A,B,C,D,E,skip,A,B,C,D,E,skip,A,B,C,D,E,0.15,equalize
1422,equalize,5,E,skip,B,C,D,A,A,A,B,A,B,E,D,E,B,D,D,C,D,B,0.25,equalize
1422,rotate,6,skip,A,B,C,D,E,skip,A,B,C,D,E,skip,A,B,C,D,E,skip,A,0.05,equalize
1423,rotate,1,A,B,C,D,E,skip,A,B,C,D,E,skip,A,B,C,D,E,skip,A,B,0.1,equalize
1423,equalize,2,B,C,D,E,A,A,B,A,B,B,D,E,E,A,B,B,D,E,E,A,1.0,equalize
1423,equalize,3,C,D,E,C,C,C,D,C,A,A,C,D,D,E,A,A,B,D,D,E,0.55,equalize
1423,rotate,4,D,E,skip,A,B,C,D,E,skip,A,B,C,D,E,skip,A,B,C,D,E,0.1,equalize
1423,equalize,5,E,skip,B,D,E,B,A,B,D,E,B,A,B,B,C,E,E,A,A,B,0.45,equalize
1423,equalize,6,skip,A,C,A,B,D,E,E,C,D,E,C,A,C,D,D,C,C,B,C,0.4,equalize
1424,equalize,1,A,B,A,D,E,A,A,D,B,C,B,B,D,E,C,D,E,E,A,D,0.8,equalize
1424,rotate,2,B,C,D,E,skip,A,B,C,D,E,skip,A,B,C,D,E,skip,A,B,C,0.2,equalize
1424,equalize,3,C,D,E,B,B,B,B,A,E,A,D,A,B,D,E,E,B,C,B,A,0.6,equalize
1424,equalize,4,D,E,skip,A,A,E,D,E,C,D,E,E,A,B,B,C,D,B,D,E,0.7,equalize
1424,equalize,5,E,skip,B,C,D,C,C,C,D,E,A,C,C,C,D,A,A,A,C,C,0.45,equalize
1424,rotate,6,skip,A,B,C,D,E,skip,A,B,C,D,E,skip,A,B,C,D,E,skip,A,0.1,equalize
1425,rotate,1,A,B,C,D,E,skip,A,B,C,D,E,skip,A,B,C,D,E,skip,A,B,0.1,equalize
1425,equalize,2,B,C,D,A,B,E,E,B,E,B,E,A,A,C,C,B,A,A,B,B,0.6,equalize
1425,equalize,3,C,D,E,E,E,A,C,A,B,A,D,C,C,A,A,C,B,E,C,A,0.9,equalize
1425,equalize,4,D,E,skip,D,A,B,A,C,D,E,A,D,B,D,D,D,C,B,E,C,0.65,equalize
1425,rotate,5,E,skip,A,B,C,D,E,skip,A,B,C,D,E,skip,A,B,C,D,E,skip,0.15,equalize
1425,equalize,6,skip,A,C,B,C,D,B,D,C,D,C,B,E,B,E,E,E,D,A,D,0.35,equalize
1426,equalize,1,A,C,D,E,A,A,A,E,A,A,D,E,E,A,C,C,A,A,A,A,0.75,equalize
1426,random3,2,B,B,B,B,B,B,B,B,D,D,D,D,D,D,B,B,B,B,B,B,0.3,equalize
1426,random3,3,A,C,C,B,B,B,B,B,B,B,B,A,A,A,B,C,D,D,B,C,0.1,equalize
1426,equalize,4,D,E,E,B,E,E,E,C,E,E,C,C,D,D,A,A,C,D,C,C,0.75,equalize
1426,equalize,5,E,A,A,C,C,C,C,B,C,C,B,D,C,C,D,D,D,C,D,D,0.8,equalize
1426,equalize,6,skip,B,C,D,D,D,D,A,D,D,E,A,A,E,E,E,E,E,E,E,0.65,equalize
1427,equalize,1,A,E,D,E,B,B,C,D,A,B,E,E,E,A,B,B,B,A,A,A,0.75,equalize
1427,equalize,2,B,C,A,A,A,A,B,E,C,D,A,A,A,B,C,C,C,C,C,C,0.8,equalize
1427,random3,3,B,C,D,D,D,D,C,C,C,D,D,D,E,E,E,A,A,A,D,E,0.1,equalize
1427,equalize,4,D,A,E,D,E,E,A,A,B,C,C,C,C,C,E,E,E,E,E,E,0.75,equalize
1427,equalize,5,E,B,B,B,C,D,E,B,E,A,B,B,B,E,A,A,A,B,B,B,0.65,equalize
1427,random3,6,D,C,C,C,C,E,E,D,E,D,D,D,D,D,D,D,D,D,D,D,0.45,equalize
1428,equalize,1,A,B,E,C,E,D,A,E,D,E,C,A,E,C,D,C,D,B,C,A,0.7,equalize
1428,equalize,2,B,E,C,D,B,A,C,B,A,B,E,E,C,A,B,E,B,C,E,B,0.65,equalize
1428,random3,3,C,D,D,D,D,D,D,D,D,D,D,D,D,D,D,A,A,A,E,E,0.4,equalize
1428,random3,4,C,C,C,E,E,E,C,C,A,A,A,A,A,A,E,E,D,D,D,D,0.15,equalize
1428,equalize,5,E,C,B,E,D,B,B,A,E,C,A,C,D,B,E,B,C,E,D,C,0.65,equalize
1428,equalize,6,skip,A,A,A,A,E,D,C,B,A,B,B,B,E,C,A,E,A,B,E,0.6,equalize
1429,equalize,1,A,B,E,B,B,B,C,C,C,C,C,C,C,C,C,C,C,D,E,E,0.7,equalize
1429,random3,2,A,A,E,E,E,E,E,E,E,E,E,E,E,E,E,E,E,A,A,E,0.3,equalize
1429,equalize,3,C,C,D,C,E,D,A,B,A,B,D,A,E,D,A,B,D,A,C,D,0.7,equalize
1429,equalize,4,D,D,A,E,C,C,D,A,E,D,A,B,D,A,E,D,A,B,D,A,0.7,equalize
1429,random3,5,A,A,A,B,B,B,B,B,B,B,B,B,B,B,B,B,B,B,B,B,0.35,equalize
1429,equalize,6,skip,E,C,D,D,E,B,D,D,A,E,D,A,B,D,A,E,C,A,C,0.65,equalize
1430,equalize,1,A,C,C,E,B,A,E,B,E,C,B,A,B,A,C,E,B,A,C,E,0.7,equalize
1430,equalize,2,B,A,E,B,D,E,C,A,C,B,D,B,D,C,E,B,D,C,E,B,0.7,equalize
1430,random3,3,A,A,A,A,A,A,B,B,D,E,E,A,A,A,A,A,A,A,A,A,0.3,equalize
1430,equalize,4,D,E,B,A,E,C,B,E,B,A,E,C,C,E,B,A,C,E,B,A,0.65,equalize
1430,random3,5,D,D,D,D,D,D,D,A,A,A,D,D,D,D,D,D,D,D,D,D,0.45,equalize
1430,equalize,6,skip,B,D,C,C,B,D,C,D,E,C,E,E,B,D,C,E,B,D,C,0.65,equalize
1431,equalize,1,A,D,C,E,C,B,A,C,A,B,D,B,B,B,A,E,C,D,A,A,0.75,equalize
1431,equalize,2,B,E,A,A,A,A,C,D,B,D,A,D,C,A,B,C,D,A,B,B,0.75,equalize
1431,equalize,3,C,A,D,C,E,C,D,E,D,A,E,C,A,C,C,D,A,E,C,C,0.7,equalize
1431,equalize,4,D,B,E,D,D,D,B,A,C,C,C,A,D,D,D,A,B,C,D,D,0.65,equalize
1431,random3,5,B,B,B,B,B,B,B,A,B,B,A,A,A,B,B,B,B,E,E,D,0.2,equalize
1431,random3,6,C,E,E,E,E,E,E,E,E,E,E,E,E,E,E,E,E,E,E,E,0.5,equalize
1432,random3,1,B,B,E,E,C,E,E,E,E,E,E,E,E,E,E,E,E,E,E,E,0.55,equalize
1432,random3,2,C,C,C,D,D,E,E,C,C,D,D,E,C,D,C,C,C,B,C,C,0.1,equalize
1432,equalize,3,C,A,E,D,A,A,C,C,A,A,B,B,B,B,C,A,A,A,B,D,0.75,equalize
1432,equalize,4,D,D,C,B,C,D,D,D,B,B,D,C,C,D,A,B,B,B,A,A,0.7,equalize
1432,equalize,5,E,E,B,E,B,B,B,B,C,C,C,D,D,C,D,E,C,E,D,C,0.7,equalize
1432,equalize,6,skip,B,A,A,D,E,A,A,D,D,A,A,A,A,B,D,D,D,C,B,0.7,equalize
1433,random3,1,D,D,D,A,B,C,C,C,B,E,E,E,E,E,E,E,E,E,E,E,0.25,equalize
1433,equalize,2,B,A,C,E,E,E,A,C,D,D,D,C,C,B,D,B,D,C,E,D,0.75,equalize
1433,random3,3,B,B,B,A,B,B,B,B,B,B,B,B,B,B,B,B,B,B,C,C,0.45,equalize
1433,equalize,4,D,C,E,D,D,D,D,D,C,C,C,E,E,C,E,D,C,B,A,C,0.7,equalize
1433,equalize,5,E,B,D,A,C,C,E,A,A,A,A,D,D,D,C,C,E,A,D,B,0.75,equalize
1433,equalize,6,skip,E,B,C,A,A,C,E,E,E,E,A,A,A,A,A,A,D,C,A,0.7,equalize
1434,random3,1,C,C,C,C,C,C,C,C,C,C,C,C,C,C,C,C,C,C,C,C,0.65,equalize
1434,equalize,2,B,E,D,A,B,B,D,A,B,E,E,B,E,A,B,E,E,A,E,E,0.75,equalize
1434,equalize,3,C,A,A,B,E,E,C,B,E,D,D,D,D,D,D,D,D,C,D,C,0.75,equalize
1434,equalize,4,D,B,B,E,D,D,B,E,D,A,A,A,A,B,E,A,B,B,B,B,0.7,equalize
1434,equalize,5,E,C,E,C,A,A,E,D,A,B,B,E,B,E,A,B,A,D,A,A,0.65,equalize
1434,random3,6,D,D,D,C,C,D,D,D,D,A,E,E,E,E,E,A,E,D,D,A,0.05,equalize
1435,equalize,1,A,D,B,E,A,D,B,E,A,A,B,E,E,A,A,A,C,C,C,A,0.75,equalize
1435,random3,2,D,D,D,D,D,D,D,D,D,A,A,D,D,D,D,D,D,D,D,D,0.5,equalize
1435,equalize,3,C,B,A,A,C,B,E,A,C,C,C,A,A,C,C,C,A,D,A,B,0.75,equalize
1435,random3,4,C,C,C,C,C,C,C,D,D,A,A,D,C,E,E,A,A,D,A,A,0.15,equalize
1435,equalize,5,E,E,C,D,B,E,A,D,B,B,E,C,C,E,B,B,B,B,B,E,0.75,equalize
1435,equalize,6,skip,A,D,B,E,A,C,B,E,E,A,B,B,B,E,E,E,E,E,C,0.75,equalize
1436,equalize,1,A,C,B,C,D,D,C,E,E,D,E,E,A,A,C,E,D,A,C,E,0.75,equalize
1436,equalize,2,B,D,D,A,A,A,A,A,A,E,C,C,E,C,D,A,A,C,E,B,0.75,equalize
1436,equalize,3,C,E,C,D,C,C,D,D,D,A,A,A,C,E,E,D,C,E,D,A,0.7,equalize
1436,random3,4,E,E,D,D,B,C,C,B,D,D,D,E,E,B,D,D,D,D,D,D,0.1,equalize
1436,random3,5,B,B,B,B,B,A,B,B,B,B,B,B,D,B,B,B,B,B,D,D,0.45,equalize
1436,equalize,6,skip,A,E,E,E,E,E,C,C,C,D,B,D,B,A,C,E,B,A,C,0.7,equalize
1437,equalize,1,A,E,D,E,B,D,E,D,C,B,E,E,E,E,D,B,B,C,E,D,0.75,equalize
1437,equalize,2,B,D,A,A,A,B,D,E,A,D,A,A,A,B,B,A,A,B,A,A,0.65,equalize
1437,equalize,3,C,A,E,B,C,E,A,A,B,E,D,D,D,D,C,D,D,E,D,E,0.7,equalize
1437,random3,4,C,C,C,C,C,C,C,C,C,C,C,C,B,B,B,A,E,E,E,E,0.3,equalize
1437,equalize,5,E,C,B,D,E,A,B,B,D,A,B,B,B,A,E,E,E,D,B,B,0.7,equalize
1437,random3,6,B,D,D,D,E,E,E,E,D,D,C,C,C,C,C,C,C,C,C,C,0.3,equalize
1438,random3,1,E,A,C,C,C,C,E,E,E,E,E,E,E,E,E,E,E,E,E,E,0.5,equalize
1438,equalize,2,B,E,A,B,E,B,A,C,D,B,A,E,B,A,D,B,B,C,E,B,0.7,equalize
1438,equalize,3,C,A,D,D,B,A,E,D,B,A,C,D,A,D,B,C,C,A,D,C,0.65,equalize
1438,random3,4,C,A,A,E,E,E,E,C,C,C,C,A,A,A,A,A,A,A,C,C,0.15,equalize
1438,equalize,5,E,D,C,E,D,D,D,B,A,E,D,B,C,C,C,A,E,D,B,A,0.7,equalize
1438,equalize,6,skip,B,B,C,A,C,B,A,C,D,B,A,D,B,A,D,D,B,C,D,0.65,equalize
1439,equalize,1,A,B,B,B,B,B,B,D,C,E,D,C,B,D,D,D,A,C,C,C,0.8,equalize
1439,random3,2,C,B,C,E,E,E,E,E,E,E,E,E,E,E,E,E,E,E,E,E,0.45,equalize
1439,equalize,3,C,D,D,D,C,E,D,C,A,B,C,B,D,A,A,A,C,D,D,D,0.65,equalize
1439,equalize,4,D,E,E,A,E,D,C,E,B,D,A,A,C,E,B,B,D,B,B,B,0.65,equalize
1439,equalize,5,E,C,C,E,D,C,A,B,D,C,B,D,A,C,C,C,E,A,A,A,0.75,equalize
1439,random3,6,A,A,A,A,A,A,A,A,A,C,C,C,C,E,E,B,C,B,D,D,0.25,equalize
1440,random3,1,E,E,E,E,C,C,C,E,C,C,A,A,E,E,D,C,C,E,A,A,0.1,equalize
1440,equalize,2,B,B,E,A,D,B,D,E,A,B,D,D,A,D,A,D,C,D,D,C,0.8,equalize
1440,equalize,3,C,A,B,B,C,D,C,A,B,D,C,C,C,C,C,C,D,C,C,A,0.7,equalize
1440,equalize,4,D,D,C,E,B,E,A,B,D,C,A,B,B,B,B,A,A,A,A,B,0.7,equalize
1440,random3,5,C,C,C,D,D,E,E,E,E,E,E,E,E,E,E,E,E,E,C,E,0.5,equalize
1440,equalize,6,skip,E,A,D,A,A,B,D,C,A,B,A,D,A,D,B,B,B,B,D,0.7,equalize
1441,equalize,1,A,B,A,C,D,skip,A,C,D,B,E,skip,D,C,B,E,A,skip,D,B,0.85,equalize
1441,radicaleq,2,B,C,D,E,skip,A,C,D,B,E,skip,D,C,B,E,A,skip,D,B,C,0.85,equalize
1441,radicaleq,3,C,D,E,skip,A,C,D,B,E,skip,D,C,B,E,A,skip,D,B,C,E,0.85,equalize
1441,equalize,4,D,E,skip,A,C,D,B,E,skip,D,C,B,E,A,skip,D,B,C,E,A,0.85,equalize
1441,equalize,5,E,skip,B,B,B,B,E,skip,C,C,B,E,A,skip,D,B,C,E,A,skip,0.8,equalize
1441,equalize,6,skip,A,C,D,E,E,skip,A,A,A,A,A,skip,D,C,C,E,A,skip,D,0.8,equalize
1442,equalize,1,A,B,A,C,D,skip,A,C,D,B,E,skip,D,C,B,E,A,skip,D,B,0.85,equalize
1442,equalize,2,B,C,D,E,skip,A,C,D,B,E,skip,D,C,B,E,A,skip,D,B,C,0.85,equalize
1442,radicaleq,3,C,D,E,skip,A,C,D,B,E,skip,D,C,B,E,A,skip,D,B,C,E,0.85,equalize
1442,equalize,4,D,E,skip,A,C,D,B,E,skip,D,C,B,E,A,skip,D,B,C,E,A,0.85,equalize
1442,equalize,5,E,skip,B,B,B,B,E,skip,C,C,B,E,A,skip,D,B,C,E,A,skip,0.8,equalize
1442,radicaleq,6,skip,A,C,D,E,E,skip,A,A,A,A,A,skip,D,C,C,E,A,skip,D,0.8,equalize
1443,equalize,1,A,B,A,C,D,skip,A,C,D,B,E,skip,D,C,B,E,A,skip,D,B,0.85,equalize
1443,equalize,2,B,C,D,E,skip,A,C,D,B,E,skip,D,C,B,E,A,skip,D,B,C,0.85,equalize
1443,radicaleq,3,C,D,E,skip,A,C,D,B,E,skip,D,C,B,E,A,skip,D,B,C,E,0.85,equalize
1443,radicaleq,4,D,E,skip,A,C,D,B,E,skip,D,C,B,E,A,skip,D,B,C,E,A,0.85,equalize
1443,equalize,5,E,skip,B,B,B,B,E,skip,C,C,B,E,A,skip,D,B,C,E,A,skip,0.8,equalize
1443,equalize,6,skip,A,C,D,E,E,skip,A,A,A,A,A,skip,D,C,C,E,A,skip,D,0.8,equalize
1444,equalize,1,A,B,A,C,D,skip,A,C,D,B,E,skip,D,C,B,E,A,skip,D,B,0.85,equalize
1444,radicaleq,2,B,C,D,E,skip,A,C,D,B,E,skip,D,C,B,E,A,skip,D,B,C,0.85,equalize
1444,equalize,3,C,D,E,skip,A,C,D,B,E,skip,D,C,B,E,A,skip,D,B,C,E,0.85,equalize
1444,equalize,4,D,E,skip,A,C,D,B,E,skip,D,C,B,E,A,skip,D,B,C,E,A,0.85,equalize
1444,radicaleq,5,E,skip,B,B,B,B,E,skip,C,C,B,E,A,skip,D,B,C,E,A,skip,0.8,equalize
1444,equalize,6,skip,A,C,D,E,E,skip,A,A,A,A,A,skip,D,C,C,E,A,skip,D,0.8,equalize
1445,equalize,1,A,B,A,C,D,skip,A,C,D,B,E,skip,D,C,B,E,A,skip,D,B,0.85,equalize
1445,equalize,2,B,C,D,E,skip,A,C,D,B,E,skip,D,C,B,E,A,skip,D,B,C,0.85,equalize
1445,radicaleq,3,C,D,E,skip,A,C,D,B,E,skip,D,C,B,E,A,skip,D,B,C,E,0.85,equalize
1445,equalize,4,D,E,skip,A,C,D,B,E,skip,D,C,B,E,A,skip,D,B,C,E,A,0.85,equalize
1445,radicaleq,5,E,skip,B,B,B,B,E,skip,C,C,B,E,A,skip,D,B,C,E,A,skip,0.8,equalize
1445,equalize,6,skip,A,C,D,E,E,skip,A,A,A,A,A,skip,D,C,C,E,A,skip,D,0.8,equalize
1446,equalize,1,A,B,A,C,D,skip,A,C,D,B,E,skip,D,C,B,E,A,skip,D,B,0.85,equalize
1446,equalize,2,B,C,D,E,skip,A,C,D,B,E,skip,D,C,B,E,A,skip,D,B,C,0.85,equalize
1446,equalize,3,C,D,E,skip,A,C,D,B,E,skip,D,C,B,E,A,skip,D,B,C,E,0.85,equalize
1446,equalize,4,D,E,skip,A,C,D,B,E,skip,D,C,B,E,A,skip,D,B,C,E,A,0.85,equalize
1446,radicaleq,5,E,skip,B,B,B,B,E,skip,C,C,B,E,A,skip,D,B,C,E,A,skip,0.8,equalize
1446,radicaleq,6,skip,A,C,D,E,E,skip,A,A,A,A,A,skip,D,C,C,E,A,skip,D,0.8,equalize
1447,radicaleq,1,A,B,A,C,D,skip,A,C,D,B,E,skip,D,C,B,E,A,skip,D,B,0.85,equalize
1447,radicaleq,2,B,C,D,E,skip,A,C,D,B,E,skip,D,C,B,E,A,skip,D,B,C,0.85,equalize
1447,equalize,3,C,D,E,skip,A,C,D,B,E,skip,D,C,B,E,A,skip,D,B,C,E,0.85,equalize
1447,equalize,4,D,E,skip,A,C,D,B,E,skip,D,C,B,E,A,skip,D,B,C,E,A,0.85,equalize
1447,equalize,5,E,skip,B,B,B,B,E,skip,C,C,B,E,A,skip,D,B,C,E,A,skip,0.8,equalize
1447,equalize,6,skip,A,C,D,E,E,skip,A,A,A,A,A,skip,D,C,C,E,A,skip,D,0.8,equalize
1448,radicaleq,1,A,B,A,C,D,skip,A,C,D,B,E,skip,D,C,B,E,A,skip,D,B,0.85,equalize
1448,equalize,2,B,C,D,E,skip,A,C,D,B,E,skip,D,C,B,E,A,skip,D,B,C,0.85,equalize
1448,radicaleq,3,C,D,E,skip,A,C,D,B,E,skip,D,C,B,E,A,skip,D,B,C,E,0.85,equalize
1448,equalize,4,D,E,skip,A,C,D,B,E,skip,D,C,B,E,A,skip,D,B,C,E,A,0.85,equalize
1448,equalize,5,E,skip,B,B,B,B,E,skip,C,C,B,E,A,skip,D,B,C,E,A,skip,0.8,equalize
1448,equalize,6,skip,A,C,D,E,E,skip,A,A,A,A,A,skip,D,C,C,E,A,skip,D,0.8,equalize
1449,radicaleq,1,A,B,A,C,D,skip,A,C,D,B,E,skip,D,C,B,E,A,skip,D,B,0.85,equalize
1449,equalize,2,B,C,D,E,skip,A,C,D,B,E,skip,D,C,B,E,A,skip,D,B,C,0.85,equalize
1449,equalize,3,C,D,E,skip,A,C,D,B,E,skip,D,C,B,E,A,skip,D,B,C,E,0.85,equalize
1449,equalize,4,D,E,skip,A,C,D,B,E,skip,D,C,B,E,A,skip,D,B,C,E,A,0.85,equalize
1449,equalize,5,E,skip,B,B,B,B,E,skip,C,C,B,E,A,skip,D,B,C,E,A,skip,0.8,equalize
1449,radicaleq,6,skip,A,C,D,E,E,skip,A,A,A,A,A,skip,D,C,C,E,A,skip,D,0.8,equalize
1450,equalize,1,A,B,A,C,D,skip,A,C,D,B,E,skip,D,C,B,E,A,skip,D,B,0.85,equalize
1450,radicaleq,2,B,C,D,E,skip,A,C,D,B,E,skip,D,C,B,E,A,skip,D,B,C,0.85,equalize
1450,equalize,3,C,D,E,skip,A,C,D,B,E,skip,D,C,B,E,A,skip,D,B,C,E,0.85,equalize
1450,radicaleq,4,D,E,skip,A,C,D,B,E,skip,D,C,B,E,A,skip,D,B,C,E,A,0.85,equalize
1450,equalize,5,E,skip,B,B,B,B,E,skip,C,C,B,E,A,skip,D,B,C,E,A,skip,0.8,equalize
1450,equalize,6,skip,A,C,D,E,E,skip,A,A,A,A,A,skip,D,C,C,E,A,skip,D,0.8,equalize
1451,equalize,1,A,B,A,C,D,skip,A,C,D,B,E,skip,D,C,B,E,A,skip,D,B,0.85,equalize
1451,equalize,2,B,C,D,E,skip,A,C,D,B,E,skip,D,C,B,E,A,skip,D,B,C,0.85,equalize
1451,equalize,3,C,D,E,skip,A,C,D,B,E,skip,D,C,B,E,A,skip,D,B,C,E,0.85,equalize
1451,radicaleq,4,D,E,skip,A,C,D,B,E,skip,D,C,B,E,A,skip,D,B,C,E,A,0.85,equalize
1451,radicaleq,5,E,skip,B,B,B,B,E,skip,C,C,B,E,A,skip,D,B,C,E,A,skip,0.8,equalize
1451,equalize,6,skip,A,C,D,E,E,skip,A,A,A,A,A,skip,D,C,C,E,A,skip,D,0.8,equalize
1452,equalize,1,A,B,A,C,D,skip,A,C,D,B,E,skip,D,C,B,E,A,skip,D,B,0.85,equalize
1452,equalize,2,B,C,D,E,skip,A,C,D,B,E,skip,D,C,B,E,A,skip,D,B,C,0.85,equalize
1452,equalize,3,C,D,E,skip,A,C,D,B,E,skip,D,C,B,E,A,skip,D,B,C,E,0.85,equalize
1452,radicaleq,4,D,E,skip,A,C,D,B,E,skip,D,C,B,E,A,skip,D,B,C,E,A,0.85,equalize
1452,equalize,5,E,skip,B,B,B,B,E,skip,C,C,B,E,A,skip,D,B,C,E,A,skip,0.8,equalize
1452,radicaleq,6,skip,A,C,D,E,E,skip,A,A,A,A,A,skip,D,C,C,E,A,skip,D,0.8,equalize
1453,radicaleq,1,A,B,A,C,D,skip,A,C,D,B,E,skip,D,C,B,E,A,skip,D,B,0.85,equalize
1453,equalize,2,B,C,D,E,skip,A,C,D,B,E,skip,D,C,B,E,A,skip,D,B,C,0.85,equalize
1453,equalize,3,C,D,E,skip,A,C,D,B,E,skip,D,C,B,E,A,skip,D,B,C,E,0.85,equalize
1453,radicaleq,4,D,E,skip,A,C,D,B,E,skip,D,C,B,E,A,skip,D,B,C,E,A,0.85,equalize
1453,equalize,5,E,skip,B,B,B,B,E,skip,C,C,B,E,A,skip,D,B,C,E,A,skip,0.8,equalize
1453,equalize,6,skip,A,C,D,E,E,skip,A,A,A,A,A,skip,D,C,C,E,A,skip,D,0.8,equalize
1454,equalize,1,A,B,A,C,D,skip,A,C,D,B,E,skip,D,C,B,E,A,skip,D,B,0.85,equalize
1454,radicaleq,2,B,C,D,E,skip,A,C,D,B,E,skip,D,C,B,E,A,skip,D,B,C,0.85,equalize
1454,equalize,3,C,D,E,skip,A,C,D,B,E,skip,D,C,B,E,A,skip,D,B,C,E,0.85,equalize
1454,equalize,4,D,E,skip,A,C,D,B,E,skip,D,C,B,E,A,skip,D,B,C,E,A,0.85,equalize
1454,equalize,5,E,skip,B,B,B,B,E,skip,C,C,B,E,A,skip,D,B,C,E,A,skip,0.8,equalize
1454,radicaleq,6,skip,A,C,D,E,E,skip,A,A,A,A,A,skip,D,C,C,E,A,skip,D,0.8,equalize
1455,radicaleq,1,A,B,A,C,D,skip,A,C,D,B,E,skip,D,C,B,E,A,skip,D,B,0.85,equalize
1455,equalize,2,B,C,D,E,skip,A,C,D,B,E,skip,D,C,B,E,A,skip,D,B,C,0.85,equalize
1455,equalize,3,C,D,E,skip,A,C,D,B,E,skip,D,C,B,E,A,skip,D,B,C,E,0.85,equalize
1455,equalize,4,D,E,skip,A,C,D,B,E,skip,D,C,B,E,A,skip,D,B,C,E,A,0.85,equalize
1455,radicaleq,5,E,skip,B,B,B,B,E,skip,C,C,B,E,A,skip,D,B,C,E,A,skip,0.8,equalize
1455,equalize,6,skip,A,C,D,E,E,skip,A,A,A,A,A,skip,D,C,C,E,A,skip,D,0.8,equalize
1456,equalize,1,A,B,D,E,E,C,D,A,E,C,D,A,E,C,D,A,E,C,D,A,0.75,equalize
1456,rotate0,2,B,B,B,B,B,B,B,B,B,B,B,B,B,B,B,B,B,B,B,B,0.5,equalize
1456,rotate0,3,C,C,C,C,C,C,C,C,C,C,C,C,C,C,C,C,C,C,C,C,0.5,equalize
1456,equalize,4,D,E,E,C,B,D,A,E,B,D,A,E,B,D,A,E,B,D,A,E,0.75,equalize
1456,equalize,5,E,skip,C,D,D,A,E,C,D,A,E,C,D,A,E,C,D,A,E,C,0.7,equalize
1456,equalize,6,skip,A,A,B,A,E,B,D,A,E,B,D,A,E,B,D,A,E,B,D,0.7,equalize
1457,equalize,1,A,B,B,B,B,B,B,B,B,B,B,B,B,B,B,B,B,B,B,B,1.0,equalize
1457,equalize,2,B,C,A,A,A,A,A,A,A,A,A,A,A,A,A,A,A,A,A,A,0.95,equalize
1457,rotate0,3,C,C,C,C,C,C,C,C,C,C,C,C,C,C,C,C,C,C,C,C,0.95,equalize
1457,equalize,4,D,E,E,E,E,E,E,E,E,E,E,E,E,E,E,E,E,E,E,E,1.0,equalize
1457,equalize,5,E,skip,D,D,D,D,D,D,D,D,D,D,D,D,D,D,D,D,D,D,0.95,equalize
1457,rotate0,6,skip,skip,skip,skip,skip,skip,skip,skip,skip,skip,skip,skip,skip,skip,skip,skip,skip,skip,skip,skip,0.0,equalize
1458,equalize,1,A,B,D,E,B,D,E,A,B,D,E,A,B,D,E,A,B,D,E,A,0.75,equalize
1458,equalize,2,B,C,E,B,C,E,A,B,C,E,A,B,C,E,A,B,C,E,A,B,0.75,equalize
1458,rotate0,3,C,C,C,C,C,C,C,C,C,C,C,C,C,C,C,C,C,C,C,C,0.5,equalize
1458,rotate0,4,D,D,D,D,D,D,D,D,D,D,D,D,D,D,D,D,D,D,D,D,0.5,equalize
1458,equalize,5,E,skip,B,C,E,A,B,D,E,A,B,D,E,A,B,D,E,A,B,D,0.7,equalize
1458,equalize,6,skip,A,A,D,A,B,C,E,A,B,C,E,A,B,C,E,A,B,C,E,0.7,equalize
1459,equalize,1,A,B,C,C,A,D,B,C,D,A,B,C,A,D,B,C,A,D,B,C,0.75,equalize
1459,rotate0,2,B,B,B,B,B,B,B,B,B,B,B,B,B,B,B,B,B,B,B,B,0.5,equalize
1459,equalize,3,C,D,B,A,D,E,C,D,A,E,C,A,D,E,C,A,D,E,C,A,0.75,equalize
1459,equalize,4,D,E,A,D,B,C,D,A,B,C,A,D,B,C,A,D,B,C,A,D,0.75,equalize
1459,rotate0,5,E,E,E,E,E,E,E,E,E,E,E,E,E,E,E,E,E,E,E,E,0.5,equalize
1459,equalize,6,skip,A,D,E,C,A,A,E,C,D,D,E,C,A,D,E,C,A,D,E,0.7,equalize
1460,equalize,1,A,B,C,D,B,A,C,D,B,A,C,D,B,A,C,D,B,A,C,D,0.75,equalize
1460,equalize,2,B,C,D,B,A,E,D,B,A,E,D,B,A,E,D,B,A,E,D,B,0.75,equalize
1460,rotate0,3,C,C,C,C,C,C,C,C,C,C,C,C,C,C,C,C,C,C,C,C,0.5,equalize
1460,equalize,4,D,E,B,A,C,D,B,A,C,D,B,A,C,D,B,A,C,D,B,A,0.75,equalize
1460,rotate0,5,E,E,E,E,E,E,E,E,E,E,E,E,E,E,E,E,E,E,E,E,0.5,equalize
1460,equalize,6,skip,A,A,E,D,B,A,E,D,B,A,E,D,B,A,E,D,B,A,E,0.7,equalize
1461,equalize,1,A,B,B,B,B,B,B,B,B,B,B,B,B,B,B,B,B,B,B,B,1.0,equalize
1461,equalize,2,B,C,C,C,C,C,C,C,C,C,C,C,C,C,C,C,C,C,C,C,1.0,equalize
1461,equalize,3,C,D,D,D,D,D,D,D,D,D,D,D,D,D,D,D,D,D,D,D,1.0,equalize
1461,equalize,4,D,E,A,A,A,A,A,A,A,A,A,A,A,A,A,A,A,A,A,A,0.95,equalize
1461,rotate0,5,E,E,E,E,E,E,E,E,E,E,E,E,E,E,E,E,E,E,E,E,0.95,equalize
1461,rotate0,6,skip,skip,skip,skip,skip,skip,skip,skip,skip,skip,skip,skip,skip,skip,skip,skip,skip,skip,skip,skip,0.0,equalize
1462,rotate0,1,A,A,A,A,A,A,A,A,A,A,A,A,A,A,A,A,A,A,A,A,0.5,equalize
1462,rotate0,2,B,B,B,B,B,B,B,B,B,B,B,B,B,B,B,B,B,B,B,B,0.5,equalize
1462,equalize,3,C,D,D,A,D,B,E,C,D,B,E,C,D,B,E,C,D,B,E,C,0.75,equalize
1462,equalize,4,D,E,E,B,A,E,C,D,A,E,C,D,A,E,C,D,A,E,C,D,0.75,equalize
1462,equalize,5,E,skip,B,C,E,C,D,B,E,C,D,B,E,C,D,B,E,C,D,B,0.7,equalize
1462,equalize,6,skip,A,C,D,C,D,A,E,C,D,A,E,C,D,A,E,C,D,A,E,0.7,equalize
1463,rotate0,1,A,A,A,A,A,A,A,A,A,A,A,A,A,A,A,A,A,A,A,A,0.5,equalize
1463,equalize,2,B,C,D,B,E,C,B,D,E,C,B,D,E,C,B,D,E,C,B,D,0.75,equalize
1463,rotate0,3,C,C,C,C,C,C,C,C,C,C,C,C,C,C,C,C,C,C,C,C,0.5,equalize
1463,equalize,4,D,E,A,E,A,B,D,E,A,B,D,E,A,B,D,E,A,B,D,E,0.75,equalize
1463,equalize,5,E,skip,E,C,B,D,E,C,B,D,E,C,B,D,E,C,B,D,E,C,0.7,equalize
1463,equalize,6,skip,A,B,D,D,E,A,B,D,E,A,B,D,E,A,B,D,E,A,B,0.7,equalize
1464,rotate0,1,A,A,A,A,A,A,A,A,A,A,A,A,A,A,A,A,A,A,A,A,0.95,equalize
1464,equalize,2,B,C,A,B,B,B,B,B,B,B,B,B,B,B,B,B,B,B,B,B,0.95,equalize
1464,equalize,3,C,D,C,C,C,C,C,C,C,C,C,C,C,C,C,C,C,C,C,C,1.0,equalize
1464,equalize,4,D,E,D,D,D,D,D,D,D,D,D,D,D,D,D,D,D,D,D,D,1.0,equalize
1464,equalize,5,E,skip,B,E,E,E,E,E,E,E,E,E,E,E,E,E,E,E,E,E,0.95,equalize
1464,rotate0,6,skip,skip,skip,skip,skip,skip,skip,skip,skip,skip,skip,skip,skip,skip,skip,skip,skip,skip,skip,skip,0.0,equalize
1465,equalize,1,A,B,C,E,A,D,E,C,A,D,E,C,A,D,E,C,A,D,E,C,0.75,equalize
1465,rotate0,2,B,B,B,B,B,B,B,B,B,B,B,B,B,B,B,B,B,B,B,B,0.5,equalize
1465,equalize,3,C,D,E,A,B,E,C,A,B,E,C,A,B,E,C,A,B,E,C,A,0.75,equalize
1465,rotate0,4,D,D,D,D,D,D,D,D,D,D,D,D,D,D,D,D,D,D,D,D,0.5,equalize
1465,equalize,5,E,skip,A,D,E,C,A,D,E,C,A,D,E,C,A,D,E,C,A,D,0.7,equalize
1465,equalize,6,skip,A,B,C,C,A,B,E,C,A,B,E,C,A,B,E,C,A,B,E,0.7,equalize
1466,equalize,1,A,B,A,E,B,A,D,C,A,B,D,C,A,B,D,C,A,B,D,C,0.75,equalize
1466,equalize,2,B,C,E,B,A,D,C,A,B,E,C,A,B,E,C,A,B,E,C,A,0.75,equalize
1466,equalize,3,C,D,B,A,E,C,A,B,D,C,A,B,D,C,A,B,D,C,A,B,0.75,equalize
1466,rotate0,4,D,D,D,D,D,D,D,D,D,D,D,D,D,D,D,D,D,D,D,D,0.5,equalize
1466,rotate0,5,E,E,E,E,E,E,E,E,E,E,E,E,E,E,E,E,E,E,E,E,0.5,equalize
1466,equalize,6,skip,A,C,D,C,B,B,E,C,A,B,E,C,A,B,E,C,A,B,E,0.7,equalize
1467,equalize,1,A,B,B,B,B,B,B,B,B,B,B,B,B,B,B,B,B,B,B,B,1.0,equalize
1467,equalize,2,B,C,C,C,C,C,C,C,C,C,C,C,C,C,C,C,C,C,C,C,1.0,equalize
1467,equalize,3,C,D,A,A,A,A,A,A,A,A,A,A,A,A,A,A,A,A,A,A,0.95,equalize
1467,rotate0,4,D,D,D,D,D,D,D,D,D,D,D,D,D,D,D,D,D,D,D,D,0.95,equalize
1467,equalize,5,E,skip,E,E,E,E,E,E,E,E,E,E,E,E,E,E,E,E,E,E,0.95,equalize
1467,rotate0,6,skip,skip,skip,skip,skip,skip,skip,skip,skip,skip,skip,skip,skip,skip,skip,skip,skip,skip,skip,skip,0.0,equalize
1468,rotate0,1,A,A,A,A,A,A,A,A,A,A,A,A,A,A,A,A,A,A,A,A,0.5,equalize
1468,equalize,2,B,C,A,E,C,D,E,B,C,D,E,B,C,D,E,B,C,D,E,B,0.75,equalize
1468,equalize,3,C,D,E,C,A,E,B,C,A,E,B,C,A,E,B,C,A,E,B,C,0.75,equalize
1468,rotate0,4,D,D,D,D,D,D,D,D,D,D,D,D,D,D,D,D,D,D,D,D,0.5,equalize
1468,equalize,5,E,skip,C,D,E,B,C,D,E,B,C,D,E,B,C,D,E,B,C,D,0.7,equalize
1468,equalize,6,skip,A,B,B,B,C,A,E,B,C,A,E,B,C,A,E,B,C,A,E,0.7,equalize
1469,equalize,1,A,B,A,A,A,A,A,A,A,A,A,A,A,A,A,A,A,A,A,A,0.95,equalize
1469,rotate0,2,B,B,B,B,B,B,B,B,B,B,B,B,B,B,B,B,B,B,B,B,0.95,equalize
1469,equalize,3,C,D,D,D,D,D,D,D,D,D,D,D,D,D,D,D,D,D,D,D,1.0,equalize
1469,equalize,4,D,E,E,E,E,E,E,E,E,E,E,E,E,E,E,E,E,E,E,E,1.0,equalize
1469,equalize,5,E,skip,C,C,C,C,C,C,C,C,C,C,C,C,C,C,C,C,C,C,0.95,equalize
1469,rotate0,6,skip,skip,skip,skip,skip,skip,skip,skip,skip,skip,skip,skip,skip,skip,skip,skip,skip,skip,skip,skip,0.0,equalize
1470,rotate0,1,A,A,A,A,A,A,A,A,A,A,A,A,A,A,A,A,A,A,A,A,0.5,equalize
1470,equalize,2,B,C,D,E,C,D,A,B,D,C,A,B,D,C,A,B,D,C,A,B,0.75,equalize
1470,equalize,3,C,D,A,C,D,E,B,D,C,E,B,D,C,E,B,D,C,E,B,D,0.75,equalize
1470,equalize,4,D,E,C,D,A,B,D,C,A,B,D,C,A,B,D,C,A,B,D,C,0.75,equalize
1470,rotate0,5,E,E,E,E,E,E,E,E,E,E,E,E,E,E,E,E,E,E,E,E,0.5,equalize
1470,equalize,6,skip,A,B,B,B,C,C,E,B,D,C,E,B,D,C,E,B,D,C,E,0.7,equalize
1471,equalize,1,A,B,D,B,C,D,A,E,D,C,B,A,E,C,B,D,A,E,B,C,0.05,equalize
1471,caste,2,B,B,C,D,A,E,D,C,B,A,E,C,B,D,A,E,B,C,D,A,0.05,equalize
1471,caste,3,C,C,D,B,C,D,A,E,D,C,B,A,E,C,B,D,A,E,B,C,0.1,equalize
1471,equalize,4,D,E,E,A,B,C,C,A,E,D,C,B,A,E,C,B,D,A,E,B,1.0,equalize
1471,equalize,5,E,skip,C,D,A,E,D,C,B,A,E,C,B,D,A,E,B,C,D,A,0.05,equalize
1471,equalize,6,skip,A,A,E,E,B,B,B,A,E,D,D,D,A,E,C,C,D,A,E,0.95,equalize
1472,equalize,1,A,B,B,C,A,E,A,D,C,D,C,A,C,A,D,E,D,C,D,B,0.75,equalize
1472,equalize,2,B,C,A,B,D,A,B,B,D,A,A,C,B,B,A,C,C,D,E,A,0.3,equalize
1472,caste,3,C,C,A,C,D,A,A,B,D,D,A,C,C,B,A,E,C,D,E,A,0.05,equalize
1472,equalize,4,D,E,E,E,C,C,C,A,E,E,D,D,D,C,E,A,E,B,B,E,0.75,equalize
1472,equalize,5,E,skip,D,A,B,D,E,E,B,C,B,E,A,E,B,D,B,A,C,D,0.3,equalize
1472,caste,6,skip,skip,D,E,B,D,C,E,B,E,B,E,D,E,B,A,B,A,C,D,0.0,equalize
1473,equalize,1,A,B,D,A,C,B,D,A,E,B,D,A,E,C,D,A,B,E,C,A,1.0,equalize
1473,equalize,2,B,C,E,C,B,D,A,E,B,D,A,E,C,D,A,B,E,C,A,D,0.05,equalize
1473,caste,3,C,C,B,D,A,E,B,D,A,E,C,D,A,B,E,C,A,D,B,E,0.05,equalize
1473,caste,4,D,D,E,C,B,D,A,E,B,D,A,E,C,D,A,B,E,C,A,D,0.1,equalize
1473,equalize,5,E,skip,B,D,A,E,B,D,A,E,C,D,A,B,E,C,A,D,B,E,0.05,equalize
1473,equalize,6,skip,A,A,E,E,C,C,C,C,C,B,B,B,E,C,D,D,B,E,C,0.95,equalize
1474,equalize,1,A,B,C,C,A,D,E,B,C,A,D,E,B,C,D,A,E,B,D,A,0.05,equalize
1474,caste,2,B,B,C,C,A,D,E,B,C,A,D,E,D,A,E,B,D,A,E,C,0.05,equalize
1474,equalize,3,C,D,B,B,B,A,D,E,B,C,A,D,E,B,C,D,A,E,B,D,1.0,equalize
1474,equalize,4,D,E,A,D,E,B,C,A,D,E,B,C,D,A,E,B,D,A,E,C,0.05,equalize
1474,caste,5,E,E,A,D,E,B,C,A,D,E,B,C,B,C,D,A,E,B,D,A,0.05,equalize
1474,equalize,6,skip,A,D,E,C,C,A,D,E,B,C,A,A,E,B,C,C,C,C,B,0.95,equalize
1475,equalize,1,A,B,C,C,D,B,A,E,D,B,A,C,E,B,D,A,C,E,B,D,1.0,equalize
1475,equalize,2,B,C,D,D,B,A,E,D,B,A,C,E,B,D,A,C,E,B,D,A,0.05,equalize
1475,caste,3,C,C,D,D,B,A,E,D,B,A,C,D,A,C,E,B,D,A,C,E,0.05,equalize
1475,equalize,4,D,E,B,A,E,D,B,A,C,E,B,D,A,C,E,B,D,A,C,E,0.05,equalize
1475,caste,5,E,E,B,A,E,D,B,A,C,E,B,E,B,D,A,C,E,B,D,A,0.05,equalize
1475,equalize,6,skip,A,A,E,C,C,C,C,E,D,D,A,C,E,B,D,A,C,E,B,0.95,equalize
1476,equalize,1,A,B,B,A,D,E,E,E,C,B,A,B,A,E,D,E,B,C,E,D,0.25,equalize
1476,equalize,2,B,C,C,D,E,B,A,C,D,E,B,C,B,D,A,B,C,E,D,A,0.85,equalize
1476,equalize,3,C,D,D,E,C,C,B,D,A,D,C,E,C,A,B,C,E,D,A,B,0.85,equalize
1476,equalize,4,D,E,A,C,B,A,D,A,B,C,E,D,D,B,C,A,D,A,B,C,0.2,equalize
1476,caste,5,E,E,A,C,B,B,D,A,D,C,E,C,D,B,C,A,D,A,B,C,0.05,equalize
1476,caste,6,skip,skip,B,A,D,C,E,E,A,B,A,E,A,E,D,E,B,C,E,D,0.0,equalize
1477,caste,1,A,A,B,E,A,D,D,E,D,D,A,D,E,D,E,E,B,E,B,A,0.05,equalize
1477,caste,2,B,B,C,C,B,E,A,C,B,C,B,E,A,C,B,D,A,C,D,E,0.1,equalize
1477,equalize,3,C,D,D,C,D,B,A,B,E,C,E,B,A,B,C,D,C,B,A,C,0.75,equalize
1477,equalize,4,D,E,E,E,C,A,D,A,C,D,C,A,E,A,D,E,D,A,C,D,0.75,equalize
1477,equalize,5,E,skip,B,D,A,D,B,E,D,E,A,D,B,D,E,C,B,E,B,A,0.3,equalize
1477,equalize,6,skip,A,C,A,B,E,C,C,B,A,B,E,C,C,B,A,A,C,D,E,0.25,equalize
1478,caste,1,A,A,B,C,A,C,B,E,C,D,E,C,B,A,D,E,C,A,B,D,0.05,equalize
1478,equalize,2,B,C,D,D,B,E,C,B,A,D,E,C,B,A,D,E,C,A,B,D,0.05,equalize
1478,caste,3,C,C,D,D,B,E,C,B,A,B,A,D,E,C,B,A,D,E,C,A,0.05,equalize
1478,equalize,4,D,E,A,E,D,A,D,A,E,C,B,A,A,E,C,B,A,D,E,C,1.0,equalize
1478,equalize,5,E,skip,E,B,E,D,A,D,D,E,C,B,D,D,E,C,B,B,D,E,0.95,equalize
1478,equalize,6,skip,A,B,C,A,C,B,E,C,B,A,D,E,C,B,A,D,E,C,A,0.0,equalize
1479,caste,1,A,A,B,E,A,D,C,B,B,E,C,B,A,E,B,A,C,E,D,B,0.1,equalize
1479,equalize,2,B,C,A,B,C,E,E,C,A,A,E,D,D,A,C,E,D,B,A,E,0.25,equalize
1479,equalize,3,C,D,C,C,E,D,B,A,B,C,D,B,E,C,E,D,B,A,E,C,0.85,equalize
1479,equalize,4,D,E,D,D,D,A,D,D,D,B,B,C,B,D,D,B,A,C,C,D,0.85,equalize
1479,equalize,5,E,skip,B,E,A,B,C,B,E,E,C,A,A,E,B,A,C,E,D,B,0.2,equalize
1479,caste,6,skip,skip,A,B,C,A,E,C,D,A,E,C,D,A,C,E,D,B,A,E,0.0,equalize
1480,equalize,1,A,B,C,C,B,D,A,E,B,C,A,E,D,B,A,C,E,D,B,A,0.05,equalize
1480,caste,2,B,B,C,C,B,D,A,E,B,C,A,B,A,C,E,D,B,A,C,D,0.05,equalize
1480,equalize,3,C,D,E,D,A,E,B,C,A,E,D,B,A,C,E,D,B,A,C,D,0.05,equalize
1480,caste,4,D,D,E,D,A,E,B,C,A,E,D,E,D,B,A,C,E,D,B,A,0.05,equalize
1480,equalize,5,E,skip,A,A,E,B,C,A,E,D,B,A,C,E,D,B,A,C,D,E,0.95,equalize
1480,equalize,6,skip,A,B,E,C,C,D,D,D,B,C,C,E,D,B,A,C,E,E,B,0.95,equalize
1481,equalize,1,A,B,A,E,D,A,E,B,C,E,C,A,C,A,E,C,E,B,D,E,0.75,equalize
1481,equalize,2,B,C,E,B,E,E,D,E,E,B,E,D,D,C,C,A,C,D,E,C,0.75,equalize
1481,equalize,3,C,D,B,A,A,D,C,C,B,A,A,C,E,E,A,B,B,E,C,A,0.3,equalize
1481,caste,4,D,D,C,B,C,B,D,A,D,B,D,B,D,B,D,A,D,A,B,D,0.05,equalize
1481,caste,5,E,E,B,E,A,D,E,C,B,E,A,C,C,E,A,C,B,E,C,A,0.1,equalize
1481,equalize,6,skip,A,C,D,C,B,A,A,D,C,D,B,A,B,D,E,D,A,B,D,0.3,equalize
1482,equalize,1,A,B,B,A,C,E,A,D,C,D,B,A,D,A,C,E,A,D,C,B,0.8,equalize
1482,equalize,2,B,C,C,D,A,A,C,A,E,E,D,D,B,D,E,A,D,B,B,E,0.8,equalize
1482,equalize,3,C,D,A,B,E,C,B,B,D,A,A,B,C,C,A,D,B,C,E,A,0.25,equalize
1482,caste,4,D,D,A,A,E,C,A,B,D,D,A,B,D,C,A,D,B,C,E,A,0.05,equalize
1482,equalize,5,E,skip,E,C,B,D,E,E,B,C,C,E,A,E,B,C,E,A,D,C,0.25,equalize
1482,caste,6,skip,skip,E,D,B,D,C,E,B,E,C,E,B,E,B,C,E,A,D,C,0.0,equalize
1483,caste,1,A,A,B,B,A,C,E,D,B,C,D,B,C,D,E,A,B,C,D,E,0.05,equalize
1483,equalize,2,B,C,A,E,B,B,C,E,D,B,C,D,A,E,B,C,D,E,A,B,1.0,equalize
1483,equalize,3,C,D,E,C,E,D,B,C,E,A,D,B,C,D,E,A,B,C,D,E,0.05,equalize
1483,caste,4,D,D,E,C,E,D,B,C,E,A,E,A,E,B,C,D,E,A,B,C,0.05,equalize
1483,equalize,5,E,skip,C,D,D,A,A,A,A,D,B,C,D,A,A,B,C,D,E,A,0.95,equalize
1483,equalize,6,skip,A,B,B,A,C,E,D,B,C,E,A,E,B,C,D,E,A,B,C,0.0,equalize
1484,equalize,1,A,B,A,A,C,B,D,D,E,B,B,A,E,E,B,A,E,D,C,B,0.25,equalize
1484,caste,2,B,B,A,D,C,B,B,D,E,E,B,A,A,E,B,A,E,D,C,B,0.05,equalize
1484,equalize,3,C,D,D,D,B,E,B,E,A,E,A,B,A,B,D,C,B,A,E,D,0.8,equalize
1484,equalize,4,D,E,E,E,D,A,A,B,C,C,E,D,D,A,C,B,A,E,D,C,0.8,equalize
1484,equalize,5,E,skip,C,B,A,C,E,C,D,A,D,C,B,C,E,D,C,B,A,E,0.25,equalize
1484,caste,6,skip,skip,C,E,A,C,A,C,D,C,D,C,D,C,E,D,C,B,A,E,0.0,equalize
1485,caste,1,A,A,B,E,D,B,D,C,A,D,B,C,C,D,A,C,B,A,B,E,0.05,equalize
1485,equalize,2,B,C,D,E,B,E,D,A,C,D,C,B,C,A,D,C,D,B,E,D,0.75,equalize
1485,equalize,3,C,D,A,A,E,D,B,D,D,A,D,E,E,C,C,A,C,E,D,C,0.75,equalize
1485,equalize,4,D,E,C,D,C,A,E,E,B,C,E,A,B,B,E,D,E,A,B,E,0.3,equalize
1485,caste,5,E,E,C,A,C,A,B,E,B,A,E,A,E,B,E,A,E,D,C,A,0.05,equalize
1485,equalize,6,skip,A,B,B,D,B,C,C,A,E,B,C,D,D,A,B,B,D,C,A,0.25,equalize
1486,equalize,1,A,B,A,C,D,skip,A,C,D,B,E,skip,D,C,B,E,A,skip,D,B,0.85,draw
1486,equalize,2,B,C,D,E,skip,A,C,D,B,E,skip,D,C,B,E,A,skip,D,B,C,0.85,draw
1486,equalize,3,C,D,E,skip,A,C,D,B,E,skip,D,C,B,E,A,skip,D,B,C,E,0.85,draw
1486,equalize,4,D,E,skip,A,C,D,B,E,skip,D,C,B,E,A,skip,D,B,C,E,A,0.85,draw
1486,equalize,5,E,skip,B,B,B,B,E,skip,C,C,B,E,A,skip,D,B,C,E,A,skip,0.8,draw
1486,equalize,6,skip,A,C,D,E,E,skip,A,A,A,A,A,skip,D,C,C,E,A,skip,D,0.8,draw
1487,equalize,1,A,B,A,C,D,skip,A,C,D,B,E,skip,D,C,B,E,A,skip,D,B,0.85,draw
1487,equalize,2,B,C,D,E,skip,A,C,D,B,E,skip,D,C,B,E,A,skip,D,B,C,0.85,draw
1487,equalize,3,C,D,E,skip,A,C,D,B,E,skip,D,C,B,E,A,skip,D,B,C,E,0.85,draw
1487,equalize,4,D,E,skip,A,C,D,B,E,skip,D,C,B,E,A,skip,D,B,C,E,A,0.85,draw
1487,equalize,5,E,skip,B,B,B,B,E,skip,C,C,B,E,A,skip,D,B,C,E,A,skip,0.8,draw
1487,equalize,6,skip,A,C,D,E,E,skip,A,A,A,A,A,skip,D,C,C,E,A,skip,D,0.8,draw
1488,equalize,1,A,B,A,C,D,skip,A,C,D,B,E,skip,D,C,B,E,A,skip,D,B,0.85,draw
1488,equalize,2,B,C,D,E,skip,A,C,D,B,E,skip,D,C,B,E,A,skip,D,B,C,0.85,draw
1488,equalize,3,C,D,E,skip,A,C,D,B,E,skip,D,C,B,E,A,skip,D,B,C,E,0.85,draw
1488,equalize,4,D,E,skip,A,C,D,B,E,skip,D,C,B,E,A,skip,D,B,C,E,A,0.85,draw
1488,equalize,5,E,skip,B,B,B,B,E,skip,C,C,B,E,A,skip,D,B,C,E,A,skip,0.8,draw
1488,equalize,6,skip,A,C,D,E,E,skip,A,A,A,A,A,skip,D,C,C,E,A,skip,D,0.8,draw
1489,equalize,1,A,B,A,C,D,skip,A,C,D,B,E,skip,D,C,B,E,A,skip,D,B,0.85,draw
1489,equalize,2,B,C,D,E,skip,A,C,D,B,E,skip,D,C,B,E,A,skip,D,B,C,0.85,draw
1489,equalize,3,C,D,E,skip,A,C,D,B,E,skip,D,C,B,E,A,skip,D,B,C,E,0.85,draw
1489,equalize,4,D,E,skip,A,C,D,B,E,skip,D,C,B,E,A,skip,D,B,C,E,A,0.85,draw
1489,equalize,5,E,skip,B,B,B,B,E,skip,C,C,B,E,A,skip,D,B,C,E,A,skip,0.8,draw
1489,equalize,6,skip,A,C,D,E,E,skip,A,A,A,A,A,skip,D,C,C,E,A,skip,D,0.8,draw
1490,equalize,1,A,B,A,C,D,skip,A,C,D,B,E,skip,D,C,B,E,A,skip,D,B,0.85,draw
1490,equalize,2,B,C,D,E,skip,A,C,D,B,E,skip,D,C,B,E,A,skip,D,B,C,0.85,draw
1490,equalize,3,C,D,E,skip,A,C,D,B,E,skip,D,C,B,E,A,skip,D,B,C,E,0.85,draw
1490,equalize,4,D,E,skip,A,C,D,B,E,skip,D,C,B,E,A,skip,D,B,C,E,A,0.85,draw
1490,equalize,5,E,skip,B,B,B,B,E,skip,C,C,B,E,A,skip,D,B,C,E,A,skip,0.8,draw
1490,equalize,6,skip,A,C,D,E,E,skip,A,A,A,A,A,skip,D,C,C,E,A,skip,D,0.8,draw
1491,equalize,1,A,B,A,C,D,skip,A,C,D,B,E,skip,D,C,B,E,A,skip,D,B,0.85,draw
1491,equalize,2,B,C,D,E,skip,A,C,D,B,E,skip,D,C,B,E,A,skip,D,B,C,0.85,draw
1491,equalize,3,C,D,E,skip,A,C,D,B,E,skip,D,C,B,E,A,skip,D,B,C,E,0.85,draw
1491,equalize,4,D,E,skip,A,C,D,B,E,skip,D,C,B,E,A,skip,D,B,C,E,A,0.85,draw
1491,equalize,5,E,skip,B,B,B,B,E,skip,C,C,B,E,A,skip,D,B,C,E,A,skip,0.8,draw
1491,equalize,6,skip,A,C,D,E,E,skip,A,A,A,A,A,skip,D,C,C,E,A,skip,D,0.8,draw
1492,equalize,1,A,B,A,C,D,skip,A,C,D,B,E,skip,D,C,B,E,A,skip,D,B,0.85,draw
1492,equalize,2,B,C,D,E,skip,A,C,D,B,E,skip,D,C,B,E,A,skip,D,B,C,0.85,draw
1492,equalize,3,C,D,E,skip,A,C,D,B,E,skip,D,C,B,E,A,skip,D,B,C,E,0.85,draw
1492,equalize,4,D,E,skip,A,C,D,B,E,skip,D,C,B,E,A,skip,D,B,C,E,A,0.85,draw
1492,equalize,5,E,skip,B,B,B,B,E,skip,C,C,B,E,A,skip,D,B,C,E,A,skip,0.8,draw
1492,equalize,6,skip,A,C,D,E,E,skip,A,A,A,A,A,skip,D,C,C,E,A,skip,D,0.8,draw
1493,equalize,1,A,B,A,C,D,skip,A,C,D,B,E,skip,D,C,B,E,A,skip,D,B,0.85,draw
1493,equalize,2,B,C,D,E,skip,A,C,D,B,E,skip,D,C,B,E,A,skip,D,B,C,0.85,draw
1493,equalize,3,C,D,E,skip,A,C,D,B,E,skip,D,C,B,E,A,skip,D,B,C,E,0.85,draw
1493,equalize,4,D,E,skip,A,C,D,B,E,skip,D,C,B,E,A,skip,D,B,C,E,A,0.85,draw
1493,equalize,5,E,skip,B,B,B,B,E,skip,C,C,B,E,A,skip,D,B,C,E,A,skip,0.8,draw
1493,equalize,6,skip,A,C,D,E,E,skip,A,A,A,A,A,skip,D,C,C,E,A,skip,D,0.8,draw
1494,equalize,1,A,B,A,C,D,skip,A,C,D,B,E,skip,D,C,B,E,A,skip,D,B,0.85,draw
1494,equalize,2,B,C,D,E,skip,A,C,D,B,E,skip,D,C,B,E,A,skip,D,B,C,0.85,draw
1494,equalize,3,C,D,E,skip,A,C,D,B,E,skip,D,C,B,E,A,skip,D,B,C,E,0.85,draw
1494,equalize,4,D,E,skip,A,C,D,B,E,skip,D,C,B,E,A,skip,D,B,C,E,A,0.85,draw
1494,equalize,5,E,skip,B,B,B,B,E,skip,C,C,B,E,A,skip,D,B,C,E,A,skip,0.8,draw
1494,equalize,6,skip,A,C,D,E,E,skip,A,A,A,A,A,skip,D,C,C,E,A,skip,D,0.8,draw
1495,equalize,1,A,B,A,C,D,skip,A,C,D,B,E,skip,D,C,B,E,A,skip,D,B,0.85,draw
1495,equalize,2,B,C,D,E,skip,A,C,D,B,E,skip,D,C,B,E,A,skip,D,B,C,0.85,draw
1495,equalize,3,C,D,E,skip,A,C,D,B,E,skip,D,C,B,E,A,skip,D,B,C,E,0.85,draw
1495,equalize,4,D,E,skip,A,C,D,B,E,skip,D,C,B,E,A,skip,D,B,C,E,A,0.85,draw
1495,equalize,5,E,skip,B,B,B,B,E,skip,C,C,B,E,A,skip,D,B,C,E,A,skip,0.8,draw
1495,equalize,6,skip,A,C,D,E,E,skip,A,A,A,A,A,skip,D,C,C,E,A,skip,D,0.8,draw
1496,equalize,1,A,B,A,C,D,skip,A,C,D,B,E,skip,D,C,B,E,A,skip,D,B,0.85,draw
1496,equalize,2,B,C,D,E,skip,A,C,D,B,E,skip,D,C,B,E,A,skip,D,B,C,0.85,draw
1496,equalize,3,C,D,E,skip,A,C,D,B,E,skip,D,C,B,E,A,skip,D,B,C,E,0.85,draw
1496,equalize,4,D,E,skip,A,C,D,B,E,skip,D,C,B,E,A,skip,D,B,C,E,A,0.85,draw
1496,equalize,5,E,skip,B,B,B,B,E,skip,C,C,B,E,A,skip,D,B,C,E,A,skip,0.8,draw
1496,equalize,6,skip,A,C,D,E,E,skip,A,A,A,A,A,skip,D,C,C,E,A,skip,D,0.8,draw
1497,equalize,1,A,B,A,C,D,skip,A,C,D,B,E,skip,D,C,B,E,A,skip,D,B,0.85,draw
1497,equalize,2,B,C,D,E,skip,A,C,D,B,E,skip,D,C,B,E,A,skip,D,B,C,0.85,draw
1497,equalize,3,C,D,E,skip,A,C,D,B,E,skip,D,C,B,E,A,skip,D,B,C,E,0.85,draw
1497,equalize,4,D,E,skip,A,C,D,B,E,skip,D,C,B,E,A,skip,D,B,C,E,A,0.85,draw
1497,equalize,5,E,skip,B,B,B,B,E,skip,C,C,B,E,A,skip,D,B,C,E,A,skip,0.8,draw
1497,equalize,6,skip,A,C,D,E,E,skip,A,A,A,A,A,skip,D,C,C,E,A,skip,D,0.8,draw
1498,equalize,1,A,B,A,C,D,skip,A,C,D,B,E,skip,D,C,B,E,A,skip,D,B,0.85,draw
1498,equalize,2,B,C,D,E,skip,A,C,D,B,E,skip,D,C,B,E,A,skip,D,B,C,0.85,draw
1498,equalize,3,C,D,E,skip,A,C,D,B,E,skip,D,C,B,E,A,skip,D,B,C,E,0.85,draw
1498,equalize,4,D,E,skip,A,C,D,B,E,skip,D,C,B,E,A,skip,D,B,C,E,A,0.85,draw
1498,equalize,5,E,skip,B,B,B,B,E,skip,C,C,B,E,A,skip,D,B,C,E,A,skip,0.8,draw
1498,equalize,6,skip,A,C,D,E,E,skip,A,A,A,A,A,skip,D,C,C,E,A,skip,D,0.8,draw
1499,equalize,1,A,B,A,C,D,skip,A,C,D,B,E,skip,D,C,B,E,A,skip,D,B,0.85,draw
1499,equalize,2,B,C,D,E,skip,A,C,D,B,E,skip,D,C,B,E,A,skip,D,B,C,0.85,draw
1499,equalize,3,C,D,E,skip,A,C,D,B,E,skip,D,C,B,E,A,skip,D,B,C,E,0.85,draw
1499,equalize,4,D,E,skip,A,C,D,B,E,skip,D,C,B,E,A,skip,D,B,C,E,A,0.85,draw
1499,equalize,5,E,skip,B,B,B,B,E,skip,C,C,B,E,A,skip,D,B,C,E,A,skip,0.8,draw
1499,equalize,6,skip,A,C,D,E,E,skip,A,A,A,A,A,skip,D,C,C,E,A,skip,D,0.8,draw
1500,equalize,1,A,B,A,C,D,skip,A,C,D,B,E,skip,D,C,B,E,A,skip,D,B,0.85,draw
1500,equalize,2,B,C,D,E,skip,A,C,D,B,E,skip,D,C,B,E,A,skip,D,B,C,0.85,draw
1500,equalize,3,C,D,E,skip,A,C,D,B,E,skip,D,C,B,E,A,skip,D,B,C,E,0.85,draw
1500,equalize,4,D,E,skip,A,C,D,B,E,skip,D,C,B,E,A,skip,D,B,C,E,A,0.85,draw
1500,equalize,5,E,skip,B,B,B,B,E,skip,C,C,B,E,A,skip,D,B,C,E,A,skip,0.8,draw
1500,equalize,6,skip,A,C,D,E,E,skip,A,A,A,A,A,skip,D,C,C,E,A,skip,D,0.8,draw
1501,turntaking,1,skip,E,E,D,D,D,D,D,D,D,D,D,D,D,D,D,D,D,D,D,0.85,turntaking
1501,random,2,skip,D,C,B,A,C,B,E,B,E,B,skip,C,D,A,skip,E,A,B,A,0.25,turntaking
1501,random,3,D,A,E,skip,skip,E,B,A,C,A,A,C,E,C,E,A,E,skip,E,skip,0.25,turntaking
1501,turntaking,4,C,B,A,B,C,B,B,E,E,E,E,E,E,E,E,E,E,E,E,E,0.6,turntaking
1501,turntaking,5,D,D,D,E,E,E,E,B,B,B,B,B,B,C,C,C,C,C,C,C,0.7,turntaking
1501,turntaking,6,E,C,B,C,B,C,C,C,C,C,C,C,C,B,B,B,B,B,B,B,0.75,turntaking
1502,turntaking,1,skip,D,A,D,D,D,D,C,C,C,C,C,C,C,C,E,D,D,D,D,0.65,turntaking
1502,turntaking,2,A,E,E,B,E,A,A,E,A,E,E,E,E,E,E,C,C,C,C,C,0.8,turntaking
1502,random,3,C,D,C,C,D,skip,D,D,B,A,B,E,D,A,B,skip,D,D,B,C,0.15,turntaking
1502,turntaking,4,C,C,D,E,A,E,E,A,E,A,A,A,A,A,A,A,A,A,A,A,0.8,turntaking
1502,turntaking,5,D,A,C,C,C,C,C,D,D,D,D,D,D,D,D,D,E,E,E,E,0.75,turntaking
1502,random,6,skip,A,B,skip,E,B,B,B,skip,B,B,E,D,B,E,E,D,skip,A,skip,0.3,turntaking
1503,turntaking,1,skip,D,D,D,D,C,A,A,A,A,A,D,D,D,D,D,D,D,D,E,0.65,turntaking
1503,turntaking,2,A,C,C,A,A,E,C,C,C,C,C,C,C,C,A,A,A,A,A,A,0.65,turntaking
1503,random,3,E,A,E,B,C,B,A,D,B,E,D,skip,A,E,skip,A,C,D,A,D,0.15,turntaking
1503,random,4,skip,A,C,A,D,C,skip,E,skip,E,skip,C,skip,C,A,D,E,D,D,skip,0.0,turntaking
1503,turntaking,5,D,A,A,C,C,A,E,E,E,E,E,E,E,A,C,C,C,C,C,C,0.75,turntaking
1503,turntaking,6,E,E,E,E,E,D,D,D,D,D,D,A,A,E,E,E,E,E,E,D,0.6,turntaking
1504,turntaking,1,skip,E,E,B,A,E,A,E,C,B,A,B,B,B,E,E,E,E,E,E,0.6,turntaking
1504,random,2,A,D,skip,skip,D,D,B,B,D,D,B,B,E,E,A,C,E,E,E,B,0.2,turntaking
1504,turntaking,3,B,D,C,C,C,C,C,C,E,E,E,C,C,A,C,C,C,C,C,C,0.7,turntaking
1504,turntaking,4,C,B,A,D,B,B,B,A,A,A,C,E,E,C,B,B,B,B,B,B,0.75,turntaking
1504,random,5,A,E,E,A,C,D,C,E,E,A,C,D,D,skip,skip,A,D,skip,E,C,0.15,turntaking
1504,turntaking,6,E,C,B,A,E,A,E,B,B,C,B,A,A,D,A,A,A,A,A,A,0.75,turntaking
1505,turntaking,1,skip,A,E,A,D,C,C,C,C,E,E,E,D,D,D,D,D,C,C,C,0.65,turntaking
1505,turntaking,2,A,D,C,D,B,E,B,E,E,C,C,B,C,A,A,E,C,D,D,D,0.55,turntaking
1505,random,3,C,A,skip,B,A,D,E,A,D,B,B,E,D,skip,C,E,C,skip,D,D,0.1,turntaking
1505,turntaking,4,C,C,D,skip,A,A,A,A,A,A,A,C,E,C,C,C,E,E,E,E,0.7,turntaking
1505,random,5,E,D,B,C,D,B,E,skip,E,C,E,D,C,D,C,skip,A,D,A,E,0.2,turntaking
1505,turntaking,6,E,E,A,B,C,D,D,D,D,D,D,A,A,E,E,A,A,A,A,A,0.7,turntaking
1506,turntaking,1,skip,E,D,C,C,C,D,D,C,C,C,C,C,C,C,C,C,C,C,C,0.6,turntaking
1506,turntaking,2,A,D,A,A,A,A,A,A,A,A,A,A,B,A,A,A,A,A,A,A,0.7,turntaking
1506,turntaking,3,B,A,C,D,D,D,C,C,D,D,D,D,E,D,D,D,D,D,D,D,0.65,turntaking
1506,turntaking,4,C,C,E,E,E,E,E,E,E,E,E,E,A,E,E,E,E,E,E,E,0.65,turntaking
1506,random,5,C,D,E,D,B,A,D,skip,A,E,B,B,skip,B,A,E,E,E,C,A,0.2,turntaking
1506,random,6,E,A,D,C,C,D,C,B,D,B,E,C,skip,skip,C,D,skip,A,D,B,0.2,turntaking
1507,random,1,C,A,skip,C,C,skip,skip,D,B,D,D,C,A,C,B,B,A,C,B,C,0.2,turntaking
1507,random,2,D,E,A,skip,E,C,A,E,E,skip,skip,skip,skip,C,E,B,C,skip,skip,skip,0.1,turntaking
1507,turntaking,3,B,B,B,skip,E,E,E,E,E,C,C,D,E,D,E,E,B,E,B,B,0.7,turntaking
1507,turntaking,4,C,C,C,A,B,B,B,B,B,D,D,E,C,C,C,C,C,C,C,C,0.6,turntaking
1507,turntaking,5,D,D,D,B,D,D,D,D,D,B,B,A,B,B,B,B,E,B,E,E,0.8,turntaking
1507,turntaking,6,E,E,E,C,C,C,C,C,C,E,E,B,D,E,D,D,D,D,D,D,0.8,turntaking
1508,random,1,C,E,A,D,D,skip,E,E,D,A,skip,C,E,D,E,skip,B,A,skip,A,0.1,turntaking
1508,turntaking,2,A,A,D,E,E,E,C,E,E,E,E,C,D,D,D,D,D,D,D,E,0.7,turntaking
1508,random,3,A,B,D,skip,B,skip,C,D,B,skip,C,C,B,D,B,B,E,skip,skip,B,0.3,turntaking
1508,turntaking,4,C,C,C,C,C,C,A,C,C,C,C,E,E,E,E,E,E,C,C,A,0.7,turntaking
1508,turntaking,5,D,D,B,A,A,A,B,A,A,A,A,A,A,A,A,A,A,A,A,B,0.85,turntaking
1508,turntaking,6,E,E,E,D,D,D,E,D,D,D,D,D,C,C,C,C,C,E,E,C,0.7,turntaking
1509,random,1,B,A,skip,D,D,C,E,B,E,C,B,A,E,C,D,skip,skip,skip,C,B,0.05,turntaking
1509,turntaking,2,A,A,A,B,A,A,A,A,A,A,D,D,D,D,C,C,C,C,C,C,0.8,turntaking
1509,turntaking,3,B,B,B,C,B,B,B,B,B,B,A,A,B,B,B,B,B,B,B,B,0.7,turntaking
1509,turntaking,4,C,C,C,E,C,C,C,C,C,C,C,C,C,C,D,D,D,D,D,D,0.8,turntaking
1509,turntaking,5,D,D,D,D,D,D,D,D,D,D,B,B,A,A,A,A,A,A,A,A,0.6,turntaking
1509,random,6,skip,A,D,A,skip,A,E,A,E,B,B,E,A,A,D,B,skip,A,A,E,0.15,turntaking
1510,turntaking,1,skip,E,B,C,C,C,C,E,C,C,E,E,C,B,B,B,B,B,B,B,0.6,turntaking
1510,random,2,C,D,skip,C,C,skip,skip,A,D,E,B,C,D,E,B,B,skip,E,skip,C,0.05,turntaking
1510,turntaking,3,B,C,C,A,B,B,B,A,E,E,C,C,E,E,E,E,E,E,E,E,0.7,turntaking
1510,random,4,skip,skip,E,C,skip,A,skip,A,B,skip,E,C,B,B,skip,D,A,D,B,E,0.1,turntaking
1510,turntaking,5,D,B,E,E,E,E,E,D,D,D,D,D,D,D,D,D,C,C,C,C,0.75,turntaking
1510,turntaking,6,E,D,D,B,D,D,D,B,B,B,B,B,B,C,C,C,D,D,D,D,0.75,turntaking
1511,turntaking,1,skip,D,D,E,E,E,D,E,E,E,E,A,D,D,D,D,B,D,D,A,0.65,turntaking
1511,turntaking,2,A,A,A,A,A,A,B,A,A,A,A,E,E,E,A,A,D,A,A,D,0.55,turntaking
1511,turntaking,3,B,B,B,B,B,B,C,B,B,B,B,B,B,B,B,B,C,B,B,B,0.85,turntaking
1511,random,4,D,E,A,A,C,E,A,E,D,B,A,D,A,C,E,E,skip,B,D,D,0.15,turntaking
1511,random,5,E,D,D,D,E,E,B,skip,C,A,A,E,skip,E,skip,skip,D,E,D,B,0.05,turntaking
1511,turntaking,6,E,E,E,D,D,D,A,D,D,D,D,D,A,A,E,E,A,E,E,E,0.5,turntaking
1512,turntaking,1,skip,D,A,B,B,B,B,B,E,A,A,E,A,A,A,A,A,A,A,A,0.65,turntaking
1512,turntaking,2,A,E,skip,A,A,A,A,A,C,E,E,C,E,E,E,E,E,E,E,E,0.65,turntaking
1512,turntaking,3,B,A,E,E,E,E,E,E,B,B,B,B,B,B,B,B,B,B,B,B,0.8,turntaking
1512,random,4,skip,skip,C,C,skip,C,D,B,A,D,E,A,A,E,E,B,D,skip,skip,E,0.15,turntaking
1512,turntaking,5,D,B,C,C,C,C,C,C,A,C,C,A,C,C,C,C,C,C,C,C,0.6,turntaking
1512,random,6,skip,C,E,C,D,C,A,A,E,skip,B,E,C,C,D,D,C,B,A,A,0.2,turntaking
1513,random,1,skip,A,E,C,C,E,skip,B,B,A,E,E,skip,D,skip,E,A,skip,B,A,0.15,turntaking
1513,turntaking,2,A,C,C,E,C,C,C,B,B,E,B,B,C,C,C,A,D,C,D,A,0.7,turntaking
1513,turntaking,3,B,A,A,A,A,A,A,A,A,A,C,A,A,A,A,D,A,B,A,C,0.75,turntaking
1513,random,4,E,skip,C,skip,C,E,B,B,E,D,A,C,A,E,B,D,D,skip,C,skip,0.05,turntaking
1513,turntaking,5,D,B,D,C,E,E,E,E,E,B,E,E,E,E,E,B,B,E,B,B,0.65,turntaking
1513,turntaking,6,E,E,B,B,B,B,B,C,C,C,A,C,B,B,B,C,C,A,C,E,0.7,turntaking
1514,turntaking,1,skip,E,B,B,A,A,A,A,A,A,A,A,B,A,A,A,A,A,A,A,0.65,turntaking
1514,random,2,C,A,D,B,C,A,D,C,A,skip,E,B,C,C,B,C,A,D,B,E,0.15,turntaking
1514,turntaking,3,B,A,A,A,B,E,E,E,E,E,E,E,A,E,E,E,E,E,E,B,0.55,turntaking
1514,turntaking,4,C,C,C,E,E,B,B,B,B,B,B,B,C,B,C,B,B,B,B,E,0.6,turntaking
1514,turntaking,5,D,B,E,D,C,C,C,C,C,C,C,C,D,C,B,C,C,C,C,C,0.7,turntaking
1514,random,6,E,A,B,A,E,E,E,A,E,B,E,E,A,skip,skip,E,B,C,B,skip,0.05,turntaking
1515,random,1,E,C,E,skip,C,E,D,C,E,B,skip,C,A,A,A,E,skip,E,skip,A,0.05,turntaking
1515,turntaking,2,A,A,A,D,B,B,B,B,B,B,B,B,B,B,B,B,B,B,B,B,0.9,turntaking
1515,turntaking,3,B,B,B,A,A,A,A,A,A,A,A,A,A,A,A,A,A,C,C,C,0.65,turntaking
1515,turntaking,4,C,E,E,C,C,E,E,C,C,E,E,E,E,E,E,E,E,E,E,E,0.55,turntaking
1515,random,5,C,skip,D,E,B,D,C,skip,A,B,E,D,C,E,skip,A,A,D,C,A,0.2,turntaking
1515,turntaking,6,E,C,C,E,E,C,C,E,E,C,C,C,C,C,C,C,C,A,A,A,0.6,turntaking
1516,turntaking,1,skip,E,E,C,E,E,B,B,D,D,D,D,D,E,E,E,D,E,E,D,0.65,turntaking
1516,rotate,2,B,C,D,E,skip,A,B,C,D,E,skip,A,B,C,D,E,skip,A,B,C,0.2,turntaking
1516,rotate,3,C,D,E,skip,A,B,C,D,E,skip,A,B,C,D,E,skip,A,B,C,D,0.2,turntaking
1516,turntaking,4,C,C,C,E,D,D,C,C,C,C,C,C,C,C,C,C,C,C,B,B,0.6,turntaking
1516,turntaking,5,D,B,B,B,B,B,A,D,B,B,B,B,A,D,D,D,E,D,A,E,0.75,turntaking
1516,turntaking,6,E,D,D,D,C,C,E,E,E,E,E,E,B,B,B,B,B,B,D,C,0.65,turntaking
1517,turntaking,1,skip,D,A,A,D,D,D,D,A,A,D,D,D,D,A,A,D,D,A,D,0.6,turntaking
1517,turntaking,2,A,E,E,D,A,A,A,C,C,C,A,A,A,C,E,E,E,C,C,A,0.65,turntaking
1517,rotate,3,C,D,E,skip,A,B,C,D,E,skip,A,B,C,D,E,skip,A,B,C,D,0.15,turntaking
1517,turntaking,4,C,C,D,B,B,E,E,E,E,E,E,E,E,E,C,C,C,E,E,E,0.7,turntaking
1517,turntaking,5,D,A,C,E,E,C,C,A,D,D,C,C,C,A,D,D,A,A,D,C,0.7,turntaking
1517,rotate,6,skip,A,B,C,D,E,skip,A,B,C,D,E,skip,A,B,C,D,E,skip,A,0.2,turntaking
1518,turntaking,1,skip,E,E,D,D,E,E,C,C,C,C,C,C,A,A,A,A,A,A,C,0.65,turntaking
1518,turntaking,2,A,A,A,A,A,D,D,D,D,E,E,D,E,E,E,D,D,D,E,E,0.65,turntaking
1518,rotate,3,C,D,E,skip,A,B,C,D,E,skip,A,B,C,D,E,skip,A,B,C,D,0.2,turntaking
1518,rotate,4,D,E,skip,A,B,C,D,E,skip,A,B,C,D,E,skip,A,B,C,D,E,0.15,turntaking
1518,turntaking,5,D,D,D,E,E,A,A,E,E,D,D,E,D,D,D,E,E,E,D,D,0.6,turntaking
1518,turntaking,6,E,C,C,C,C,C,C,A,A,A,A,A,A,C,C,C,C,C,C,A,0.7,turntaking
1519,turntaking,1,skip,C,E,B,B,C,B,B,C,C,C,B,B,B,C,C,C,B,B,B,0.6,turntaking
1519,rotate,2,B,C,D,E,skip,A,B,C,D,E,skip,A,B,C,D,E,skip,A,B,C,0.2,turntaking
1519,turntaking,3,B,B,C,A,D,D,C,C,B,B,B,C,C,C,B,B,B,C,C,C,0.65,turntaking
1519,turntaking,4,C,D,D,C,E,E,D,D,D,D,D,D,D,D,D,D,D,D,D,D,0.75,turntaking
1519,rotate,5,E,skip,A,B,C,D,E,skip,A,B,C,D,E,skip,A,B,C,D,E,skip,0.15,turntaking
1519,turntaking,6,E,E,B,D,C,B,E,E,E,E,E,E,E,E,E,E,E,E,E,E,0.65,turntaking
1520,turntaking,1,skip,A,A,C,C,E,A,A,A,C,C,C,C,E,E,E,E,C,C,C,0.6,turntaking
1520,turntaking,2,A,D,E,E,E,C,D,D,E,E,E,A,D,D,D,D,D,D,D,D,0.65,turntaking
1520,rotate,3,C,D,E,skip,A,B,C,D,E,skip,A,B,C,D,E,skip,A,B,C,D,0.15,turntaking
1520,turntaking,4,C,C,D,D,D,D,E,E,C,A,A,E,A,A,A,C,A,A,A,A,0.7,turntaking
1520,rotate,5,E,skip,A,B,C,D,E,skip,A,B,C,D,E,skip,A,B,C,D,E,skip,0.15,turntaking
1520,turntaking,6,E,E,C,A,A,A,C,C,D,D,D,D,E,C,C,A,C,E,E,E,0.65,turntaking
1521,turntaking,1,skip,E,E,E,A,A,A,A,E,E,E,E,E,E,E,E,E,E,E,E,0.7,turntaking
1521,turntaking,2,A,A,C,C,C,B,B,C,B,B,B,B,B,B,B,B,B,B,B,B,0.65,turntaking
1521,turntaking,3,B,B,D,D,E,E,E,B,C,A,A,A,A,A,A,A,A,A,A,A,0.75,turntaking
1521,turntaking,4,C,C,B,B,B,C,C,E,A,C,C,C,C,C,C,C,C,C,C,C,0.65,turntaking
1521,rotate,5,E,skip,A,B,C,D,E,skip,A,B,C,D,E,skip,A,B,C,D,E,skip,0.25,turntaking
1521,rotate,6,skip,A,B,C,D,E,skip,A,B,C,D,E,skip,A,B,C,D,E,skip,A,0.15,turntaking
1522,rotate,1,A,B,C,D,E,skip,A,B,C,D,E,skip,A,B,C,D,E,skip,A,B,0.4,turntaking
1522,rotate,2,B,C,D,E,skip,A,B,C,D,E,skip,A,B,C,D,E,skip,A,B,C,0.1,turntaking
1522,turntaking,3,B,B,B,B,B,B,B,E,E,E,D,D,D,C,C,C,D,D,D,C,0.65,turntaking
1522,turntaking,4,C,C,C,C,C,C,C,A,A,A,A,A,B,B,B,B,B,E,E,E,0.75,turntaking
1522,turntaking,5,D,D,D,D,D,D,D,C,B,B,B,B,E,E,E,E,E,B,B,B,0.65,turntaking
1522,turntaking,6,E,E,E,E,E,E,E,D,D,C,C,C,C,D,D,D,C,C,C,D,0.75,turntaking
1523,rotate,1,A,B,C,D,E,skip,A,B,C,D,E,skip,A,B,C,D,E,skip,A,B,0.2,turntaking
1523,turntaking,2,A,A,A,A,A,C,C,C,C,C,C,C,C,C,C,C,C,C,C,C,0.65,turntaking
1523,rotate,3,C,D,E,skip,A,B,C,D,E,skip,A,B,C,D,E,skip,A,B,C,D,0.15,turntaking
1523,turntaking,4,C,C,C,C,C,A,A,A,A,A,A,A,A,A,A,A,A,A,A,A,0.65,turntaking
1523,turntaking,5,D,D,D,D,D,D,D,D,D,D,D,D,D,D,D,D,D,D,D,D,0.65,turntaking
1523,turntaking,6,E,E,E,E,E,E,E,E,E,E,E,E,E,E,E,E,E,E,E,E,0.7,turntaking
1524,rotate,1,A,B,C,D,E,skip,A,B,C,D,E,skip,A,B,C,D,E,skip,A,B,0.1,turntaking
1524,turntaking,2,A,A,A,A,A,A,A,D,D,D,D,D,D,A,A,A,A,B,B,B,0.65,turntaking
1524,turntaking,3,B,B,B,B,B,B,B,E,E,E,E,A,A,B,B,B,B,D,D,D,0.7,turntaking
1524,turntaking,4,C,C,C,C,C,C,C,B,A,A,A,C,C,E,C,C,C,C,C,C,0.75,turntaking
1524,turntaking,5,D,D,D,D,D,D,D,C,C,B,B,B,B,C,D,D,D,A,A,A,0.65,turntaking
1524,rotate,6,skip,A,B,C,D,E,skip,A,B,C,D,E,skip,A,B,C,D,E,skip,A,0.3,turntaking
1525,turntaking,1,skip,E,D,D,E,B,E,E,B,B,B,D,D,D,E,E,E,B,B,D,0.6,turntaking
1525,rotate,2,B,C,D,E,skip,A,B,C,D,E,skip,A,B,C,D,E,skip,A,B,C,0.15,turntaking
1525,turntaking,3,B,B,C,C,C,C,D,D,E,E,D,E,B,B,C,C,C,C,E,E,0.65,turntaking
1525,rotate,4,D,E,skip,A,B,C,D,E,skip,A,B,C,D,E,skip,A,B,C,D,E,0.15,turntaking
1525,turntaking,5,D,D,B,B,B,D,C,C,D,D,E,B,C,C,D,D,D,E,C,C,0.65,turntaking
1525,turntaking,6,E,C,E,E,D,E,B,B,C,C,C,C,E,E,B,B,B,D,D,B,0.65,turntaking
1526,turntaking,1,skip,D,B,B,E,E,E,A,A,E,E,E,E,A,A,A,A,A,A,E,0.6,turntaking
1526,turntaking,2,A,A,A,D,B,B,B,B,B,B,B,B,B,B,B,B,B,B,B,B,0.7,turntaking
1526,turntaking,3,B,B,D,C,D,D,D,D,D,D,D,D,D,D,D,D,D,D,D,D,0.7,turntaking
1526,rotate,4,D,E,skip,A,B,C,D,E,skip,A,B,C,D,E,skip,A,B,C,D,E,0.2,turntaking
1526,rotate,5,E,skip,A,B,C,D,E,skip,A,B,C,D,E,skip,A,B,C,D,E,skip,0.15,turntaking
1526,turntaking,6,E,E,E,A,A,A,A,E,E,A,A,A,A,E,E,E,E,E,E,A,0.65,turntaking
1527,turntaking,1,skip,B,B,A,A,A,A,A,A,A,A,A,A,A,A,A,A,A,A,A,0.6,turntaking
1527,turntaking,2,A,E,A,E,E,E,D,D,D,D,E,E,D,D,E,E,E,E,D,B,0.65,turntaking
1527,turntaking,3,B,A,D,B,D,D,E,E,B,B,B,B,B,B,D,D,D,D,E,E,0.65,turntaking
1527,rotate,4,D,E,skip,A,B,C,D,E,skip,A,B,C,D,E,skip,A,B,C,D,E,0.15,turntaking
1527,turntaking,5,D,D,E,C,B,B,B,B,E,E,D,D,E,E,B,B,B,B,B,D,0.65,turntaking
1527,rotate,6,skip,A,B,C,D,E,skip,A,B,C,D,E,skip,A,B,C,D,E,skip,A,0.1,turntaking
1528,rotate,1,A,B,C,D,E,skip,A,B,C,D,E,skip,A,B,C,D,E,skip,A,B,0.15,turntaking
1528,turntaking,2,A,A,A,A,A,A,A,A,A,A,A,A,A,A,A,A,A,A,A,A,0.65,turntaking
1528,turntaking,3,B,B,D,D,D,D,D,D,D,D,D,D,D,D,D,D,D,D,D,D,0.65,turntaking
1528,rotate,4,D,E,skip,A,B,C,D,E,skip,A,B,C,D,E,skip,A,B,C,D,E,0.15,turntaking
1528,turntaking,5,D,D,B,B,B,B,B,B,B,B,B,B,B,B,B,B,B,B,B,B,0.65,turntaking
1528,turntaking,6,E,E,E,E,E,E,E,E,E,E,E,E,E,E,E,E,E,E,E,E,0.65,turntaking
1529,turntaking,1,skip,D,A,E,B,B,E,E,E,E,E,E,B,C,C,B,B,B,B,C,0.6,turntaking
1529,rotate,2,B,C,D,E,skip,A,B,C,D,E,skip,A,B,C,D,E,skip,A,B,C,0.15,turntaking
1529,turntaking,3,B,B,D,C,C,C,C,C,C,C,C,C,C,B,B,C,C,C,C,B,0.65,turntaking
1529,turntaking,4,C,E,E,A,E,E,B,B,B,B,B,B,E,E,E,E,E,E,E,E,0.75,turntaking
1529,turntaking,5,D,C,C,B,D,D,D,D,D,D,D,D,D,D,D,D,D,D,D,D,0.7,turntaking
1529,rotate,6,skip,A,B,C,D,E,skip,A,B,C,D,E,skip,A,B,C,D,E,skip,A,0.25,turntaking
1530,rotate,1,A,B,C,D,E,skip,A,B,C,D,E,skip,A,B,C,D,E,skip,A,B,0.15,turntaking
1530,turntaking,2,A,A,A,A,A,A,A,A,A,A,A,A,A,A,A,A,A,A,A,A,0.65,turntaking
1530,turntaking,3,B,B,E,B,B,B,B,B,B,B,B,B,B,B,B,B,B,B,B,B,0.65,turntaking
1530,turntaking,4,C,C,C,E,E,C,E,E,E,E,E,E,E,E,E,E,E,E,E,E,0.65,turntaking
1530,rotate,5,E,skip,A,B,C,D,E,skip,A,B,C,D,E,skip,A,B,C,D,E,skip,0.15,turntaking
1530,turntaking,6,E,E,B,C,C,E,C,C,C,C,C,C,C,C,C,C,C,C,C,C,0.7,turntaking
1531,turntaking,1,skip,C,C,C,C,C,C,C,C,D,C,C,A,A,E,D,D,D,D,D,0.85,turntaking
1531,random3,2,E,E,A,A,A,A,A,A,A,A,A,E,E,E,E,E,E,E,E,E,0.65,turntaking
1531,random3,3,D,B,B,B,B,E,E,E,C,E,E,E,E,E,E,B,C,C,C,C,0.05,turntaking
1531,turntaking,4,C,B,D,B,E,E,E,E,E,E,B,E,B,B,D,B,B,B,B,C,0.55,turntaking
1531,turntaking,5,D,D,B,E,B,B,B,B,B,B,D,D,C,C,A,A,A,A,A,A,0.85,turntaking
1531,turntaking,6,E,E,E,D,D,D,D,D,D,C,A,B,D,D,C,C,C,C,C,B,0.7,turntaking
1532,turntaking,1,skip,A,A,D,E,E,E,D,E,E,D,E,B,D,B,B,B,B,D,B,0.6,turntaking
1532,turntaking,2,A,B,B,B,A,A,A,B,B,B,A,B,C,B,A,A,A,A,C,D,0.85,turntaking
1532,random3,3,C,E,E,E,E,B,B,B,E,E,E,E,E,E,B,B,C,C,C,E,0.1,turntaking
1532,turntaking,4,C,D,E,A,D,D,D,A,D,D,B,D,A,A,C,D,D,D,A,A,0.85,turntaking
1532,turntaking,5,D,E,C,E,C,C,C,E,C,C,E,C,D,E,D,E,E,E,B,E,0.45,turntaking
1532,random3,6,C,C,C,D,C,B,C,C,C,C,C,C,C,C,C,C,C,C,C,C,0.3,turntaking
1533,turntaking,1,skip,D,D,C,D,A,A,C,A,D,C,A,A,A,D,A,D,E,C,C,0.65,turntaking
1533,turntaking,2,A,C,C,A,C,E,C,A,D,A,D,D,D,D,C,D,C,C,E,E,0.7,turntaking
1533,random3,3,B,B,B,B,B,B,B,E,B,B,C,C,C,A,A,A,A,A,D,D,0.2,turntaking
1533,random3,4,E,E,E,E,E,E,A,A,A,A,A,B,C,C,C,C,C,C,D,C,0.15,turntaking
1533,turntaking,5,D,B,B,D,B,C,D,D,B,B,A,B,B,B,E,B,A,A,A,A,0.55,turntaking
1533,turntaking,6,E,E,E,B,E,D,B,E,E,E,E,E,E,E,A,E,B,B,B,B,0.6,turntaking
1534,turntaking,1,skip,E,C,E,E,E,E,E,D,E,A,D,A,D,A,D,A,D,A,A,0.4,turntaking
1534,random3,2,D,D,D,D,D,D,D,D,D,D,D,D,D,D,D,D,D,D,D,D,0.55,turntaking
1534,turntaking,3,B,A,D,A,A,A,A,A,E,A,E,A,E,A,E,A,E,B,E,E,0.8,turntaking
1534,turntaking,4,C,B,E,B,D,C,B,B,A,C,C,E,C,E,C,B,C,E,C,C,0.85,turntaking
1534,random3,5,D,A,D,D,E,E,E,A,A,A,A,B,B,B,B,B,B,A,A,A,0.05,turntaking
1534,turntaking,6,E,C,A,C,B,B,C,C,C,B,B,C,B,B,B,E,B,A,B,B,0.75,turntaking
1535,turntaking,1,skip,C,C,B,D,E,A,A,A,A,E,E,E,E,E,D,D,D,D,D,0.7,turntaking
1535,turntaking,2,A,A,A,D,E,A,D,E,E,E,A,D,D,D,D,E,E,E,E,E,0.7,turntaking
1535,random3,3,E,E,E,D,D,D,D,D,C,C,C,C,C,C,C,C,C,C,C,A,0.5,turntaking
1535,turntaking,4,C,D,D,E,B,B,B,B,B,B,B,B,B,B,B,B,B,B,B,B,0.75,turntaking
1535,random3,5,A,A,B,B,B,B,B,B,B,A,A,A,A,A,E,E,A,D,C,C,0.1,turntaking
1535,turntaking,6,E,E,E,A,A,D,E,D,D,D,D,A,A,A,A,A,A,A,A,A,0.5,turntaking
1536,turntaking,1,skip,E,E,A,B,E,E,E,B,E,E,C,E,C,E,C,B,B,E,B,0.6,turntaking
1536,turntaking,2,A,D,C,D,C,D,C,C,C,A,C,E,A,E,A,E,E,E,A,E,0.75,turntaking
1536,turntaking,3,B,B,B,E,E,A,A,A,E,C,B,B,C,B,C,B,C,C,B,C,0.4,turntaking
1536,turntaking,4,C,A,A,C,A,C,D,D,A,D,A,A,D,A,D,A,A,A,D,A,0.75,turntaking
1536,random3,5,B,B,B,B,B,D,D,C,C,C,C,C,C,C,C,C,C,C,A,A,0.05,turntaking
1536,random3,6,E,E,E,E,B,B,B,B,B,D,B,B,B,B,D,D,D,D,D,D,0.45,turntaking
1537,random3,1,E,E,E,A,A,A,A,A,A,A,A,A,A,A,A,B,A,C,C,C,0.3,turntaking
1537,random3,2,E,A,C,C,C,C,C,C,C,C,C,C,C,C,C,C,C,C,C,C,0.3,turntaking
1537,turntaking,3,B,A,E,C,C,C,C,E,C,E,A,C,A,C,A,C,A,C,A,A,0.25,turntaking
1537,turntaking,4,C,B,B,A,E,E,E,D,A,A,E,E,E,E,E,E,E,E,E,E,0.85,turntaking
1537,turntaking,5,D,C,C,D,D,D,D,B,D,B,B,B,B,B,B,B,D,D,D,D,0.9,turntaking
1537,turntaking,6,E,D,D,B,B,B,B,A,E,D,D,D,D,D,D,D,B,B,B,B,0.9,turntaking
1538,random3,1,B,B,B,B,B,B,B,B,B,D,A,D,D,D,D,D,D,D,D,D,0.5,turntaking
1538,turntaking,2,A,A,A,A,E,C,D,C,C,C,E,B,B,B,C,C,E,A,E,A,0.75,turntaking
1538,random3,3,D,D,E,A,C,C,A,A,B,B,B,B,E,E,E,E,E,E,E,E,0.2,turntaking
1538,turntaking,4,C,C,C,C,C,E,E,E,E,E,B,C,C,C,E,B,C,E,A,E,0.75,turntaking
1538,turntaking,5,D,D,D,D,D,D,C,A,A,A,C,D,D,D,A,D,A,D,D,D,0.5,turntaking
1538,turntaking,6,E,E,E,E,A,A,A,D,D,D,A,A,A,A,B,A,B,B,B,B,0.8,turntaking
1539,random3,1,B,B,B,B,B,B,B,B,E,B,B,B,D,D,D,D,D,C,C,B,0.4,turntaking
1539,turntaking,2,A,B,B,C,D,C,D,D,C,D,E,A,E,A,A,A,E,A,E,E,0.65,turntaking
1539,turntaking,3,B,A,A,D,B,D,B,A,A,A,A,B,A,B,B,B,A,B,A,B,0.45,turntaking
1539,turntaking,4,C,C,C,A,C,E,E,E,E,C,D,C,D,C,C,C,D,E,D,C,0.8,turntaking
1539,turntaking,5,D,D,D,E,E,A,C,C,D,E,C,E,C,E,E,E,C,D,C,A,0.8,turntaking
1539,random3,6,A,A,A,A,A,A,B,B,E,E,E,E,E,B,B,B,B,B,E,E,0.1,turntaking
1540,turntaking,1,skip,D,D,D,D,A,E,E,B,E,E,E,B,B,D,C,D,D,D,D,0.75,turntaking
1540,random3,2,E,E,B,B,A,A,A,A,A,A,A,A,A,A,A,A,B,B,B,B,0.3,turntaking
1540,turntaking,3,B,A,B,B,E,B,B,B,A,C,C,C,E,E,B,D,E,E,E,E,0.7,turntaking
1540,random3,4,C,C,C,C,C,A,A,A,A,A,D,D,D,D,D,D,D,D,E,E,0.2,turntaking
1540,turntaking,5,D,C,C,E,B,D,D,D,D,B,B,B,D,C,E,E,B,C,C,C,0.8,turntaking
1540,turntaking,6,E,E,E,C,C,E,C,C,E,A,A,A,C,A,C,A,C,A,A,A,0.55,turntaking
1541,turntaking,1,skip,E,E,E,A,A,A,B,A,A,A,E,C,A,A,B,B,B,B,E,0.75,turntaking
1541,turntaking,2,A,skip,C,C,C,E,C,E,B,C,C,A,A,E,E,E,E,E,E,C,0.75,turntaking
1541,turntaking,3,B,A,A,A,E,B,E,A,C,B,B,C,B,C,B,A,A,A,A,B,0.6,turntaking
1541,random3,4,C,C,C,B,B,B,B,B,B,B,B,D,D,A,A,A,A,A,A,C,0.3,turntaking
1541,random3,5,D,D,D,D,D,D,D,A,D,E,E,E,E,E,D,D,D,D,D,C,0.25,turntaking
1541,turntaking,6,E,D,D,D,D,C,D,C,D,D,D,B,D,B,D,D,D,D,D,A,0.4,turntaking
1542,turntaking,1,skip,C,C,C,C,C,C,C,C,A,A,A,A,A,C,C,A,C,C,C,0.85,turntaking
1542,turntaking,2,A,A,A,D,B,B,B,B,B,C,C,C,E,B,B,B,E,B,E,B,0.3,turntaking
1542,turntaking,3,B,B,B,E,D,D,D,D,D,E,E,E,C,C,E,E,C,E,A,E,0.7,turntaking
1542,random3,4,A,A,E,E,E,E,E,E,E,E,E,E,E,E,E,E,E,A,D,D,0.4,turntaking
1542,turntaking,5,D,D,D,B,A,A,A,A,A,D,D,D,D,D,A,A,D,A,D,A,0.85,turntaking
1542,random3,6,C,C,C,B,B,B,B,B,B,B,B,B,B,B,B,B,B,B,D,B,0.3,turntaking
1543,random3,1,A,A,D,D,E,D,A,A,A,E,E,E,D,D,D,D,D,B,C,D,0.05,turntaking
1543,turntaking,2,A,E,E,D,B,B,B,B,C,B,B,B,B,B,B,B,B,E,C,B,0.85,turntaking
1543,turntaking,3,B,C,A,B,E,E,D,D,B,E,E,E,E,E,D,D,D,A,D,D,0.5,turntaking
1543,random3,4,A,A,A,A,A,A,A,A,A,A,A,A,A,A,A,A,A,A,A,A,0.6,turntaking
1543,turntaking,5,D,B,C,C,A,D,E,E,D,D,D,D,D,D,E,E,E,D,E,E,0.8,turntaking
1543,turntaking,6,E,D,B,E,C,C,C,C,A,C,C,C,C,C,C,C,C,B,B,C,0.9,turntaking
1544,turntaking,1,skip,B,B,B,B,B,B,B,B,B,B,B,A,B,E,E,C,C,C,E,0.8,turntaking
1544,random3,2,C,E,A,A,A,A,A,A,A,A,A,A,A,A,A,A,A,A,A,A,0.8,turntaking
1544,turntaking,3,B,E,D,D,D,D,E,E,E,E,E,E,B,E,B,B,B,B,B,B,0.85,turntaking
1544,turntaking,4,C,C,C,C,E,E,D,C,C,D,D,D,C,D,D,D,D,D,D,D,0.55,turntaking
1544,turntaking,5,D,D,E,E,C,C,C,D,D,C,C,C,E,C,C,C,E,E,E,C,0.7,turntaking
1544,random3,6,D,E,E,C,C,D,D,C,D,D,D,D,B,B,D,E,D,A,E,C,0.0,turntaking
1545,random3,1,C,C,C,D,B,B,B,B,B,B,B,A,A,E,E,E,D,D,D,D,0.1,turntaking
1545,turntaking,2,A,A,A,C,A,A,B,A,E,A,C,C,C,C,C,E,E,E,E,E,0.8,turntaking
1545,turntaking,3,B,B,B,A,E,E,A,B,B,B,B,B,B,B,B,A,B,B,B,B,0.8,turntaking
1545,turntaking,4,C,C,C,E,C,D,D,C,D,C,D,D,D,D,D,B,D,D,D,D,0.5,turntaking
1545,random3,5,D,D,D,D,D,D,D,D,D,A,A,A,A,E,E,E,E,C,C,C,0.4,turntaking
1545,turntaking,6,E,E,E,D,D,C,E,E,C,E,E,E,A,A,A,C,A,A,A,A,0.85,turntaking
1546,turntaking,1,skip,E,C,D,D,D,B,C,C,D,C,D,D,C,D,E,B,B,B,B,0.65,turntaking
1546,radicaleq,2,B,E,E,B,A,D,A,E,A,A,B,A,D,A,B,E,A,C,A,B,0.4,turntaking
1546,radicaleq,3,C,B,D,A,C,A,D,A,C,E,A,C,A,E,A,A,D,A,E,A,0.4,turntaking
1546,turntaking,4,C,C,E,E,E,E,D,D,B,E,E,E,E,E,C,D,D,D,D,D,0.7,turntaking
1546,turntaking,5,D,B,B,C,C,B,C,B,A,C,D,C,C,D,B,B,C,E,E,C,0.7,turntaking
1546,turntaking,6,E,D,D,B,B,C,E,E,D,B,B,B,B,B,A,C,E,C,C,E,0.7,turntaking
1547,turntaking,1,skip,D,D,C,E,E,D,E,D,B,C,C,C,C,C,A,A,D,E,E,0.65,turntaking
1547,turntaking,2,A,E,C,D,D,C,C,C,C,A,E,D,E,D,D,E,C,C,C,C,0.7,turntaking
1547,radicaleq,3,C,E,E,B,C,B,A,B,E,B,B,A,B,E,B,A,D,B,D,B,0.4,turntaking
1547,turntaking,4,C,C,A,A,A,A,A,A,A,D,D,E,D,E,E,C,D,A,A,A,0.7,turntaking
1547,turntaking,5,D,A,E,E,C,D,E,D,E,C,A,A,A,A,A,B,E,E,D,D,0.7,turntaking
1547,radicaleq,6,skip,D,A,D,B,E,B,C,B,D,E,B,C,B,D,B,B,C,B,E,0.35,turntaking
1548,turntaking,1,skip,E,C,B,E,A,A,A,D,E,E,E,D,C,C,A,A,A,B,E,0.7,turntaking
1548,turntaking,2,A,A,A,C,C,D,D,D,C,C,C,D,C,E,A,C,C,C,D,D,0.7,turntaking
1548,radicaleq,3,C,D,D,C,B,B,B,A,B,A,B,E,B,B,C,B,E,B,A,C,0.4,turntaking
1548,radicaleq,4,D,A,B,E,C,E,A,B,E,B,C,B,A,E,B,D,B,C,B,B,0.4,turntaking
1548,turntaking,5,D,D,D,A,D,C,C,C,A,A,D,C,A,A,D,E,E,D,E,C,0.65,turntaking
1548,turntaking,6,E,C,E,D,B,E,E,E,E,D,A,A,B,D,E,D,D,E,A,A,0.7,turntaking
1549,turntaking,1,skip,C,C,C,B,C,C,C,E,B,B,D,D,B,A,C,C,C,C,C,0.7,turntaking
1549,radicaleq,2,B,D,A,C,A,D,A,C,A,A,B,A,C,A,B,D,A,C,A,D,0.4,turntaking
1549,turntaking,3,B,B,B,E,D,D,D,D,D,D,C,C,C,C,E,D,D,D,D,D,0.65,turntaking
1549,turntaking,4,C,D,E,D,C,B,B,B,A,E,E,E,E,E,B,B,B,B,B,B,0.7,turntaking
1549,radicaleq,5,E,B,D,A,C,A,E,A,D,C,A,E,A,D,A,A,E,A,B,A,0.4,turntaking
1549,turntaking,6,E,E,D,B,E,E,E,E,B,C,D,B,B,D,C,E,E,E,E,E,0.7,turntaking
1550,turntaking,1,skip,A,A,A,C,A,A,A,E,D,D,C,D,C,B,A,A,A,A,A,0.7,turntaking
1550,turntaking,2,A,D,E,D,A,C,C,C,B,E,E,E,E,E,C,C,C,C,C,C,0.7,turntaking
1550,radicaleq,3,C,D,B,A,B,D,B,A,B,B,D,B,A,B,C,D,B,A,B,D,0.4,turntaking
1550,turntaking,4,C,C,C,E,D,D,D,D,C,C,A,A,A,A,E,D,D,D,D,D,0.65,turntaking
1550,radicaleq,5,E,C,D,B,A,B,E,B,C,A,B,E,B,D,B,B,E,B,C,B,0.4,turntaking
1550,turntaking,6,E,E,D,C,E,E,E,E,D,A,C,D,C,D,A,E,E,E,E,E,0.7,turntaking
1551,turntaking,1,skip,E,E,A,A,C,A,D,B,C,C,B,B,B,B,B,B,B,A,B,0.7,turntaking
1551,turntaking,2,A,A,C,C,C,E,E,A,A,A,A,A,A,E,E,E,E,E,E,A,0.7,turntaking
1551,turntaking,3,B,B,D,B,B,B,B,E,E,E,E,C,C,A,C,C,C,C,C,D,0.7,turntaking
1551,turntaking,4,C,C,B,E,E,A,C,B,C,B,B,E,E,D,A,A,A,A,B,C,0.7,turntaking
1551,radicaleq,5,E,skip,C,A,D,B,D,A,E,D,C,D,C,D,D,C,D,B,D,C,0.4,turntaking
1551,radicaleq,6,skip,A,D,D,E,D,C,D,D,B,D,A,D,B,E,D,A,D,E,D,0.35,turntaking
1552,radicaleq,1,A,D,A,E,B,E,D,E,E,B,E,D,E,B,A,E,D,E,B,E,0.4,turntaking
1552,radicaleq,2,B,A,C,A,E,C,E,A,D,E,C,E,A,E,E,C,E,A,E,C,0.4,turntaking
1552,turntaking,3,B,B,B,A,A,A,A,E,C,C,C,B,B,B,B,A,A,A,A,D,0.7,turntaking
1552,turntaking,4,C,C,A,C,C,C,C,B,D,A,A,A,A,D,C,C,C,C,C,E,0.7,turntaking
1552,turntaking,5,D,D,D,B,B,B,B,A,A,D,D,D,D,C,A,B,B,B,B,A,0.7,turntaking
1552,turntaking,6,E,E,C,D,D,D,D,C,B,B,B,C,C,E,D,D,D,D,D,C,0.7,turntaking
1553,radicaleq,1,A,B,D,B,B,C,B,E,B,D,A,B,E,B,A,B,B,E,B,A,0.4,turntaking
1553,turntaking,2,A,A,A,B,C,D,D,C,D,D,D,D,D,D,D,E,A,C,E,E,0.7,turntaking
1553,radicaleq,3,C,E,B,A,E,B,D,B,A,B,B,C,B,D,B,C,A,B,D,B,0.4,turntaking
1553,turntaking,4,C,C,C,A,A,E,E,E,E,C,A,A,A,A,A,D,E,E,C,C,0.7,turntaking
1553,turntaking,5,D,D,D,D,D,C,C,D,C,B,E,E,E,E,E,C,C,A,A,A,0.7,turntaking
1553,turntaking,6,E,E,E,C,E,A,A,A,A,E,C,C,C,C,C,B,D,D,D,D,0.7,turntaking
1554,radicaleq,1,A,E,B,E,E,A,E,D,E,A,C,E,B,E,A,E,E,D,E,A,0.4,turntaking
1554,turntaking,2,A,A,A,D,D,D,D,D,B,D,C,A,A,A,A,C,D,D,B,B,0.7,turntaking
1554,turntaking,3,B,B,B,B,A,A,A,A,A,E,B,B,B,D,D,B,B,A,A,A,0.7,turntaking
1554,turntaking,4,C,C,C,A,C,C,C,C,C,B,D,D,D,B,B,E,C,C,C,C,0.7,turntaking
1554,turntaking,5,D,D,D,E,B,B,B,B,D,A,A,C,C,C,C,D,A,B,D,D,0.75,turntaking
1554,radicaleq,6,skip,C,E,D,C,E,B,E,C,E,E,D,E,C,E,B,A,E,C,E,0.4,turntaking
1555,turntaking,1,skip,E,E,E,B,E,E,E,C,B,B,D,B,D,A,E,E,E,E,E,0.7,turntaking
1555,radicaleq,2,B,C,A,E,A,D,A,E,A,A,B,A,E,A,D,B,A,E,A,B,0.4,turntaking
1555,turntaking,3,B,B,B,D,D,D,D,D,D,D,E,E,E,E,C,B,D,D,B,B,0.65,turntaking
1555,radicaleq,4,D,B,C,A,E,A,C,A,D,E,A,C,A,B,A,A,C,A,D,A,0.4,turntaking
1555,turntaking,5,D,D,C,B,C,C,C,C,B,E,D,B,D,B,E,C,C,C,C,C,0.7,turntaking
1555,turntaking,6,E,C,D,C,E,B,B,B,A,C,C,C,C,C,D,D,B,B,D,D,0.7,turntaking
1556,turntaking,1,skip,D,D,D,D,A,E,E,E,A,D,D,A,D,E,B,B,B,B,B,0.7,turntaking
1556,turntaking,2,A,A,A,A,B,D,D,D,B,B,B,B,B,C,A,A,A,A,A,D,0.65,turntaking
1556,turntaking,3,B,B,C,E,E,E,A,B,A,E,E,E,E,A,D,D,D,D,D,C,0.7,turntaking
1556,radicaleq,4,D,skip,A,B,C,E,C,E,A,C,A,C,E,C,C,D,C,E,C,D,0.4,turntaking
1556,radicaleq,5,E,A,C,C,D,C,D,C,C,B,C,D,C,B,E,C,A,C,B,C,0.35,turntaking
1556,turntaking,6,E,E,B,B,A,B,B,C,D,D,A,A,D,B,B,E,E,E,E,A,0.7,turntaking
1557,turntaking,1,skip,B,D,D,D,D,B,A,B,C,A,A,A,A,A,E,E,D,D,D,0.65,turntaking
1557,turntaking,2,A,E,B,A,A,A,D,D,D,E,D,B,D,B,B,B,A,A,A,A,0.7,turntaking
1557,turntaking,3,B,A,A,B,B,B,A,B,A,A,E,E,E,E,E,C,B,B,B,B,0.7,turntaking
1557,radicaleq,4,D,E,A,C,B,C,E,C,A,C,C,E,C,D,C,E,D,C,B,C,0.4,turntaking
1557,turntaking,5,D,D,E,E,E,E,E,E,E,B,B,D,B,D,D,A,D,E,E,E,0.7,turntaking
1557,radicaleq,6,skip,B,E,A,C,D,C,D,C,B,D,C,A,C,B,C,C,A,C,D,0.35,turntaking
1558,radicaleq,1,A,C,B,C,C,B,C,E,C,D,B,C,E,C,B,C,C,A,C,B,0.4,turntaking
1558,turntaking,2,A,A,A,C,D,D,D,D,B,D,D,D,D,D,D,A,B,E,E,E,0.7,turntaking
1558,turntaking,3,B,B,B,D,B,B,A,A,D,C,E,E,E,E,E,E,E,B,B,B,0.7,turntaking
1558,radicaleq,4,D,E,C,A,E,C,D,C,A,C,C,A,C,D,C,E,B,C,D,C,0.4,turntaking
1558,turntaking,5,D,D,D,A,A,E,E,E,E,B,B,B,B,B,B,D,A,A,A,A,0.7,turntaking
1558,turntaking,6,E,E,E,B,E,A,B,B,A,E,A,A,A,A,A,C,D,D,D,D,0.7,turntaking
1559,turntaking,1,skip,D,D,E,D,D,B,B,C,A,C,C,C,C,C,D,D,D,D,D,0.65,turntaking
1559,radicaleq,2,B,E,E,A,E,A,C,A,B,A,A,E,A,B,A,D,E,A,B,A,0.4,turntaking
1559,turntaking,3,B,B,C,C,C,C,C,C,D,C,B,B,B,B,B,C,E,E,E,E,0.7,turntaking
1559,turntaking,4,C,E,B,B,B,E,E,E,E,D,D,D,E,E,E,B,C,C,C,C,0.7,turntaking
1559,turntaking,5,D,C,E,D,E,B,D,D,B,B,E,E,D,D,D,A,B,B,B,B,0.7,turntaking
1559,radicaleq,6,skip,D,C,B,A,D,A,E,A,C,D,A,C,A,E,A,A,C,A,D,0.35,turntaking
1560,radicaleq,1,A,D,B,D,D,B,D,E,D,A,B,D,E,D,B,D,D,E,D,B,0.4,turntaking
1560,turntaking,2,A,A,A,D,C,C,C,C,C,A,A,A,A,A,A,E,B,C,C,C,0.7,turntaking
1560,turntaking,3,B,B,B,C,B,B,A,A,A,D,E,E,E,E,E,C,C,B,B,B,0.7,turntaking
1560,turntaking,4,C,C,E,B,E,A,B,B,B,E,C,C,C,C,C,D,A,A,A,A,0.7,turntaking
1560,radicaleq,5,E,C,D,A,E,D,C,D,B,D,D,C,D,A,D,C,B,D,A,D,0.4,turntaking
1560,turntaking,6,E,E,C,A,A,E,E,E,E,C,B,B,B,B,B,A,E,E,E,E,0.7,turntaking
1561,turntaking,1,skip,E,D,D,E,A,A,C,E,A,B,A,C,D,E,E,A,A,B,A,0.75,turntaking
1561,rotate0,2,B,B,B,B,B,B,B,B,B,B,B,B,B,B,B,B,B,B,B,B,0.45,turntaking
1561,rotate0,3,C,C,C,C,C,C,C,C,C,C,C,C,C,C,C,C,C,C,C,C,0.3,turntaking
1561,turntaking,4,C,C,C,B,C,E,B,E,B,D,D,D,D,B,D,B,D,B,E,D,0.5,turntaking
1561,turntaking,5,D,B,B,E,B,D,D,D,D,E,A,C,E,E,A,A,C,D,A,C,0.7,turntaking
1561,turntaking,6,E,D,E,A,D,C,E,A,A,C,C,E,A,A,C,D,E,E,C,E,0.75,turntaking
1562,turntaking,1,skip,D,A,A,D,A,D,A,D,A,A,D,A,D,A,D,A,D,A,A,0.95,turntaking
1562,turntaking,2,A,E,E,B,E,B,E,B,E,E,B,E,E,A,E,A,E,A,E,E,1.0,turntaking
1562,rotate0,3,C,C,C,C,C,C,C,C,C,C,C,C,C,C,C,C,C,C,C,C,0.5,turntaking
1562,turntaking,4,C,C,C,D,C,D,C,D,C,D,D,C,D,C,D,C,D,C,D,D,0.5,turntaking
1562,turntaking,5,D,A,D,E,A,E,A,E,A,B,E,A,B,E,B,E,B,E,B,B,1.0,turntaking
1562,rotate0,6,skip,skip,skip,skip,skip,skip,skip,skip,skip,skip,skip,skip,skip,skip,skip,skip,skip,skip,skip,skip,0.0,turntaking
1563,turntaking,1,skip,E,E,A,E,B,B,D,A,B,C,E,A,A,B,B,D,B,C,E,0.75,turntaking
1563,turntaking,2,A,A,A,B,A,D,A,B,B,C,B,B,C,E,A,A,C,E,B,C,0.75,turntaking
1563,rotate0,3,C,C,C,C,C,C,C,C,C,C,C,C,C,C,C,C,C,C,C,C,0.3,turntaking
1563,rotate0,4,D,D,D,D,D,D,D,D,D,D,D,D,D,D,D,D,D,D,D,D,0.5,turntaking
1563,turntaking,5,D,D,D,C,D,E,C,E,C,E,E,D,E,D,E,D,A,A,A,A,0.5,turntaking
1563,turntaking,6,E,C,C,E,C,A,E,A,E,A,A,A,B,B,C,E,B,C,E,B,0.75,turntaking
1564,turntaking,1,skip,C,C,A,A,E,D,A,A,B,A,E,D,D,A,A,E,C,A,E,0.7,turntaking
1564,rotate0,2,B,B,B,B,B,B,B,B,B,B,B,B,B,B,B,B,B,B,B,B,0.45,turntaking
1564,turntaking,3,B,B,B,D,C,D,C,D,C,A,E,D,A,A,E,C,D,D,E,D,0.7,turntaking
1564,turntaking,4,C,D,D,E,D,A,A,E,D,E,D,A,E,C,D,D,A,A,B,A,0.75,turntaking
1564,rotate0,5,E,E,E,E,E,E,E,E,E,E,E,E,E,E,E,E,E,E,E,E,0.3,turntaking
1564,turntaking,6,E,E,E,C,B,C,B,C,B,C,C,C,C,B,C,B,C,B,D,C,0.55,turntaking
1565,turntaking,1,skip,A,A,B,B,E,D,B,B,C,B,E,D,D,B,B,E,A,B,E,0.7,turntaking
1565,turntaking,2,A,D,D,E,D,B,B,E,D,E,D,B,E,A,D,D,B,B,C,B,0.75,turntaking
1565,rotate0,3,C,C,C,C,C,C,C,C,C,C,C,C,C,C,C,C,C,C,C,C,0.45,turntaking
1565,turntaking,4,C,C,C,D,A,D,A,D,A,B,E,D,B,B,E,A,D,D,E,D,0.7,turntaking
1565,rotate0,5,E,E,E,E,E,E,E,E,E,E,E,E,E,E,E,E,E,E,E,E,0.3,turntaking
1565,turntaking,6,E,E,E,A,C,A,C,A,C,A,A,A,A,C,A,C,A,C,D,A,0.55,turntaking
1566,turntaking,1,skip,E,E,E,E,C,E,C,E,B,C,E,C,E,C,E,C,E,C,A,0.45,turntaking
1566,turntaking,2,A,A,A,A,A,D,A,D,A,A,D,A,B,B,B,B,B,B,B,B,1.0,turntaking
1566,turntaking,3,B,B,B,B,B,A,B,A,C,C,B,B,A,C,A,C,A,C,A,C,1.0,turntaking
1566,turntaking,4,C,C,C,C,C,B,C,B,B,D,A,C,D,A,D,A,D,A,D,D,1.0,turntaking
1566,rotate0,5,E,E,E,E,E,E,E,E,E,E,E,E,E,E,E,E,E,E,E,E,0.5,turntaking
1566,rotate0,6,skip,skip,skip,skip,skip,skip,skip,skip,skip,skip,skip,skip,skip,skip,skip,skip,skip,skip,skip,skip,0.0,turntaking
1567,rotate0,1,A,A,A,A,A,A,A,A,A,A,A,A,A,A,A,A,A,A,A,A,0.45,turntaking
1567,rotate0,2,B,B,B,B,B,B,B,B,B,B,B,B,B,B,B,B,B,B,B,B,0.35,turntaking
1567,turntaking,3,B,B,B,E,B,A,B,A,B,A,D,D,D,A,D,A,D,A,D,D,0.4,turntaking
1567,turntaking,4,C,C,C,A,A,D,A,E,E,D,C,E,E,D,E,E,C,C,A,E,0.8,turntaking
1567,turntaking,5,D,D,D,C,E,C,D,C,C,E,B,B,C,C,B,D,E,E,B,C,0.8,turntaking
1567,turntaking,6,E,E,E,D,D,E,E,D,D,C,A,C,B,E,C,C,B,D,C,B,0.8,turntaking
1568,rotate0,1,A,A,A,A,A,A,A,A,A,A,A,A,A,A,A,A,A,A,A,A,0.45,turntaking
1568,turntaking,2,A,A,A,D,E,D,E,D,E,B,B,C,E,E,B,B,C,D,B,C,0.7,turntaking
1568,rotate0,3,C,C,C,C,C,C,C,C,C,C,C,C,C,C,C,C,C,C,C,C,0.3,turntaking
1568,turntaking,4,C,C,C,E,A,E,A,E,A,D,D,D,D,A,D,A,D,A,E,E,0.55,turntaking
1568,turntaking,5,D,D,D,C,D,B,B,C,D,C,E,B,C,D,E,E,B,B,A,B,0.75,turntaking
1568,turntaking,6,E,E,E,B,B,C,D,B,B,A,C,E,B,B,C,D,E,E,C,D,0.75,turntaking
1569,rotate0,1,A,A,A,A,A,A,A,A,A,A,A,A,A,A,A,A,A,A,A,A,0.5,turntaking
1569,turntaking,2,A,A,A,D,A,D,A,C,A,D,C,A,D,A,D,A,D,A,D,B,0.5,turntaking
1569,turntaking,3,B,B,B,E,B,E,B,E,B,B,B,B,C,C,C,C,C,C,C,C,1.0,turntaking
1569,turntaking,4,C,C,C,B,C,B,D,B,C,C,D,D,B,D,B,D,B,D,B,D,1.0,turntaking
1569,turntaking,5,D,D,D,C,D,C,C,D,D,E,E,C,E,B,E,B,E,B,E,E,1.0,turntaking
1569,rotate0,6,skip,skip,skip,skip,skip,skip,skip,skip,skip,skip,skip,skip,skip,skip,skip,skip,skip,skip,skip,skip,0.0,turntaking
1570,turntaking,1,skip,E,E,A,A,D,C,A,A,B,A,D,C,C,A,A,D,E,A,D,0.7,turntaking
1570,rotate0,2,B,B,B,B,B,B,B,B,B,B,B,B,B,B,B,B,B,B,B,B,0.45,turntaking
1570,turntaking,3,B,B,B,C,E,C,E,C,E,A,D,C,A,A,D,E,C,C,D,C,0.7,turntaking
1570,rotate0,4,D,D,D,D,D,D,D,D,D,D,D,D,D,D,D,D,D,D,D,D,0.3,turntaking
1570,turntaking,5,D,D,D,E,B,E,B,E,B,E,E,E,E,B,E,B,E,B,C,E,0.55,turntaking
1570,turntaking,6,E,C,C,D,C,A,A,D,C,D,C,A,D,E,C,C,A,A,B,A,0.75,turntaking
1571,turntaking,1,skip,D,D,B,D,A,B,A,B,A,C,A,A,A,C,C,E,B,C,E,0.7,turntaking
1571,turntaking,2,A,A,A,C,A,E,A,C,C,E,E,C,E,B,A,A,C,C,D,C,0.75,turntaking
1571,turntaking,3,B,B,B,A,B,C,C,E,A,C,D,E,C,C,E,B,A,A,E,A,0.75,turntaking
1571,rotate0,4,D,D,D,D,D,D,D,D,D,D,D,D,D,D,D,D,D,D,D,D,0.45,turntaking
1571,rotate0,5,E,E,E,E,E,E,E,E,E,E,E,E,E,E,E,E,E,E,E,E,0.3,turntaking
1571,turntaking,6,E,E,E,D,E,B,D,B,D,B,B,B,B,D,B,D,B,D,A,B,0.5,turntaking
1572,turntaking,1,skip,B,A,A,B,A,B,A,B,A,A,B,A,B,A,B,A,B,A,A,0.95,turntaking
1572,turntaking,2,A,E,E,C,E,C,E,C,E,C,C,E,E,A,E,A,E,A,E,E,1.0,turntaking
1572,turntaking,3,B,A,B,E,A,E,A,E,A,E,E,A,C,E,C,E,C,E,C,C,1.0,turntaking
1572,rotate0,4,D,D,D,D,D,D,D,D,D,D,D,D,D,D,D,D,D,D,D,D,0.5,turntaking
1572,turntaking,5,D,D,D,B,D,B,D,B,D,B,B,D,B,D,B,D,B,D,B,B,0.5,turntaking
1572,rotate0,6,skip,skip,skip,skip,skip,skip,skip,skip,skip,skip,skip,skip,skip,skip,skip,skip,skip,skip,skip,skip,0.0,turntaking
1573,rotate0,1,A,A,A,A,A,A,A,A,A,A,A,A,A,A,A,A,A,A,A,A,0.45,turntaking
1573,turntaking,2,A,A,A,B,E,B,E,B,E,C,C,D,B,B,C,C,D,E,C,D,0.7,turntaking
1573,turntaking,3,B,B,B,D,B,C,C,D,B,D,B,C,D,E,B,B,C,C,A,C,0.75,turntaking
1573,rotate0,4,D,D,D,D,D,D,D,D,D,D,D,D,D,D,D,D,D,D,D,D,0.3,turntaking
1573,turntaking,5,D,D,D,E,A,E,A,E,A,E,E,E,E,A,E,A,E,A,B,E,0.55,turntaking
1573,turntaking,6,E,E,E,C,C,D,B,C,C,A,D,B,C,C,D,E,B,B,D,B,0.75,turntaking
1574,turntaking,1,skip,D,C,C,D,D,C,C,D,D,D,C,D,C,D,C,C,D,D,D,0.95,turntaking
1574,rotate0,2,B,B,B,B,B,B,B,B,B,B,B,B,B,B,B,B,B,B,B,B,0.5,turntaking
1574,turntaking,3,B,B,B,D,B,C,B,D,B,C,C,B,C,B,C,B,D,B,C,C,0.5,turntaking
1574,turntaking,4,C,E,E,A,E,A,E,A,E,E,E,D,E,D,E,D,E,C,E,E,1.0,turntaking
1574,turntaking,5,D,C,D,E,C,E,D,E,C,A,A,E,A,E,A,E,A,E,A,A,1.0,turntaking
1574,rotate0,6,skip,skip,skip,skip,skip,skip,skip,skip,skip,skip,skip,skip,skip,skip,skip,skip,skip,skip,skip,skip,0.0,turntaking
1575,rotate0,1,A,A,A,A,A,A,A,A,A,A,A,A,A,A,A,A,A,A,A,A,0.45,turntaking
1575,turntaking,2,A,A,A,B,C,B,C,B,C,D,D,E,B,B,D,D,E,C,D,E,0.7,turntaking
1575,turntaking,3,B,B,B,E,B,D,D,E,B,E,B,D,E,C,B,B,D,D,A,D,0.75,turntaking
1575,turntaking,4,C,C,C,D,D,E,B,D,D,A,E,B,D,D,E,C,B,B,E,B,0.75,turntaking
1575,rotate0,5,E,E,E,E,E,E,E,E,E,E,E,E,E,E,E,E,E,E,E,E,0.3,turntaking
1575,turntaking,6,E,E,E,C,A,C,A,C,A,C,C,C,C,A,C,A,C,A,B,C,0.55,turntaking
1576,turntaking,1,skip,E,D,D,E,C,E,E,C,B,C,C,B,B,D,D,B,C,B,B,0.7,turntaking
1576,caste,2,B,A,A,A,A,A,A,A,A,A,A,A,A,A,A,A,A,A,A,A,1.0,turntaking
1576,caste,3,C,B,E,D,D,B,C,E,E,D,B,C,E,C,B,D,E,D,C,B,0.0,turntaking
1576,turntaking,4,C,C,B,B,D,D,D,D,E,E,E,E,E,E,E,E,E,E,E,E,0.75,turntaking
1576,turntaking,5,D,B,C,C,B,B,B,B,D,D,D,D,C,C,C,C,D,D,D,D,0.75,turntaking
1576,turntaking,6,E,D,E,E,C,E,C,C,B,C,B,B,D,D,B,B,C,B,C,C,0.75,turntaking
1577,turntaking,1,skip,D,A,A,D,D,C,C,D,D,C,C,D,D,C,C,D,D,C,C,0.7,turntaking
1577,turntaking,2,A,E,C,C,A,A,A,A,A,A,A,A,A,A,A,A,A,A,A,A,0.75,turntaking
1577,caste,3,C,B,B,B,B,B,B,B,B,B,B,B,B,B,B,B,B,B,B,B,0.95,turntaking
1577,turntaking,4,C,C,E,E,E,E,E,E,E,E,E,E,E,E,E,E,E,E,E,E,0.75,turntaking
1577,turntaking,5,D,A,D,D,C,C,D,D,C,C,D,D,C,C,D,D,C,C,D,D,0.75,turntaking
1577,caste,6,skip,E,D,A,E,A,D,C,E,A,D,C,E,A,D,C,E,A,D,C,0.0,turntaking
1578,turntaking,1,skip,E,C,C,E,E,D,D,E,E,D,D,E,E,D,D,E,E,D,D,0.7,turntaking
1578,turntaking,2,A,A,D,D,A,A,C,C,A,A,C,C,A,A,C,C,A,A,C,C,0.75,turntaking
1578,caste,3,C,B,B,B,B,B,B,B,B,B,B,B,B,B,B,B,B,B,B,B,1.0,turntaking
1578,caste,4,D,A,E,C,C,A,E,D,C,A,E,D,C,A,E,D,C,A,E,D,0.0,turntaking
1578,turntaking,5,D,D,A,A,C,C,A,A,C,C,A,A,C,C,A,A,C,C,A,A,0.75,turntaking
1578,turntaking,6,E,C,E,E,D,D,E,E,D,D,E,E,D,D,E,E,D,D,E,E,0.75,turntaking
1579,turntaking,1,skip,C,C,E,D,B,B,C,E,C,C,B,B,D,D,C,B,E,E,D,0.7,turntaking
1579,caste,2,B,A,A,A,A,A,A,A,A,A,A,A,A,A,A,A,A,A,A,A,0.95,turntaking
1579,turntaking,3,B,B,D,D,E,E,E,E,D,D,D,D,E,E,E,E,C,C,C,C,0.7,turntaking
1579,turntaking,4,C,D,E,B,B,D,C,D,C,E,B,E,D,B,C,B,E,B,D,B,0.75,turntaking
1579,caste,5,E,D,C,D,C,D,B,E,B,E,C,D,C,B,D,E,D,B,E,C,0.0,turntaking
1579,turntaking,6,E,E,B,C,C,C,D,B,B,B,E,C,C,C,B,D,D,D,B,E,0.75,turntaking
1580,turntaking,1,skip,A,A,E,D,D,D,C,A,C,C,D,D,D,D,C,C,C,C,D,0.7,turntaking
1580,turntaking,2,A,D,E,C,C,C,A,A,C,A,D,A,A,A,C,A,A,A,D,A,0.75,turntaking
1580,caste,3,C,B,B,B,B,B,B,B,B,B,B,B,B,B,B,B,B,B,B,B,0.95,turntaking
1580,turntaking,4,C,C,D,D,E,E,E,E,E,E,E,E,E,E,E,E,E,E,E,E,0.7,turntaking
1580,caste,5,E,D,A,D,A,C,D,E,D,A,C,E,C,A,D,E,D,A,C,E,0.0,turntaking
1580,turntaking,6,E,E,C,A,A,A,C,D,D,D,A,C,C,C,A,D,D,D,A,C,0.75,turntaking
1581,turntaking,1,skip,E,C,E,E,C,B,C,C,B,B,E,E,B,C,B,B,C,C,E,0.75,turntaking
1581,turntaking,2,A,A,A,A,A,A,A,A,A,A,A,A,A,A,A,A,A,A,A,A,0.75,turntaking
1581,turntaking,3,B,B,B,B,B,E,E,E,E,C,C,C,C,E,E,E,E,B,B,B,0.75,turntaking
1581,turntaking,4,C,C,E,C,C,B,C,B,B,E,E,B,B,C,B,C,C,E,E,C,0.75,turntaking
1581,caste,5,E,D,D,D,D,D,D,D,D,D,D,D,D,D,D,D,D,D,D,D,1.0,turntaking
1581,caste,6,skip,A,B,C,E,A,E,B,C,A,C,B,E,A,E,C,B,A,B,C,0.0,turntaking
1582,caste,1,A,A,A,A,A,A,A,A,A,A,A,A,A,A,A,A,A,A,A,A,1.0,turntaking
1582,caste,2,B,C,D,E,B,C,D,E,B,C,D,E,B,C,D,E,B,C,D,E,0.0,turntaking
1582,turntaking,3,B,B,B,B,B,B,B,B,B,B,B,B,B,B,B,B,B,B,B,B,0.75,turntaking
1582,turntaking,4,C,C,C,C,C,C,C,C,C,C,C,C,C,C,C,C,C,C,C,C,0.75,turntaking
1582,turntaking,5,D,D,D,D,D,D,D,D,D,D,D,D,D,D,D,D,D,D,D,D,0.75,turntaking
1582,turntaking,6,E,E,E,E,E,E,E,E,E,E,E,E,E,E,E,E,E,E,E,E,0.75,turntaking
1583,caste,1,A,B,B,B,B,B,B,B,B,B,B,B,B,B,B,B,B,B,B,B,0.95,turntaking
1583,turntaking,2,A,A,A,A,A,A,A,A,A,A,A,A,A,A,A,A,A,A,A,A,0.7,turntaking
1583,caste,3,C,D,E,A,C,D,E,A,C,D,E,A,C,D,E,A,C,D,E,A,0.0,turntaking
1583,turntaking,4,C,C,C,C,C,C,C,C,C,C,C,C,C,C,C,C,C,C,C,C,0.75,turntaking
1583,turntaking,5,D,D,D,D,D,D,D,D,D,D,D,D,D,D,D,D,D,D,D,D,0.75,turntaking
1583,turntaking,6,E,E,E,E,E,E,E,E,E,E,E,E,E,E,E,E,E,E,E,E,0.75,turntaking
1584,caste,1,A,E,E,E,E,E,E,E,E,E,E,E,E,E,E,E,E,E,E,E,0.95,turntaking
1584,turntaking,2,A,A,A,A,A,A,A,A,A,A,A,A,A,A,A,A,A,A,A,A,0.75,turntaking
1584,turntaking,3,B,B,B,B,B,B,B,B,B,B,B,B,B,B,B,B,B,B,B,B,0.75,turntaking
1584,turntaking,4,C,C,C,C,C,C,C,C,C,C,C,C,C,C,C,C,C,C,C,C,0.75,turntaking
1584,turntaking,5,D,D,D,D,D,D,D,D,D,D,D,D,D,D,D,D,D,D,D,D,0.75,turntaking
1584,caste,6,skip,B,C,D,A,B,C,D,A,B,C,D,A,B,C,D,A,B,C,D,0.0,turntaking
1585,turntaking,1,skip,E,E,D,C,D,D,E,E,B,B,D,C,D,D,B,E,B,B,E,0.7,turntaking
1585,caste,2,B,A,A,A,A,A,A,A,A,A,A,A,A,A,A,A,A,A,A,A,0.95,turntaking
1585,turntaking,3,B,B,C,C,D,B,B,B,C,C,C,C,E,E,E,E,C,C,C,C,0.7,turntaking
1585,caste,4,D,C,E,C,E,C,D,B,D,E,B,C,B,C,D,E,D,E,B,C,0.0,turntaking
1585,turntaking,5,D,D,B,E,E,E,C,D,D,D,E,B,B,B,C,D,D,D,D,B,0.75,turntaking
1585,turntaking,6,E,C,D,B,B,C,E,C,B,E,D,E,D,C,B,C,B,E,E,D,0.75,turntaking
1586,turntaking,1,skip,D,B,B,E,E,D,D,A,A,E,E,D,A,D,D,B,E,B,B,0.7,turntaking
1586,turntaking,2,A,A,E,A,A,A,B,B,B,B,D,B,B,B,E,A,A,A,D,A,0.75,turntaking
1586,turntaking,3,B,B,D,E,D,D,E,E,E,E,A,D,A,D,A,E,E,B,E,D,0.75,turntaking
1586,caste,4,D,C,C,C,C,C,C,C,C,C,C,C,C,C,C,C,C,C,C,C,1.0,turntaking
1586,caste,5,E,A,D,B,B,A,E,D,D,B,A,E,E,B,A,D,D,A,E,B,0.0,turntaking
1586,turntaking,6,E,E,A,D,B,B,A,A,D,D,B,A,E,E,B,B,D,D,A,E,0.75,turntaking
1587,turntaking,1,skip,B,A,A,D,D,B,B,D,D,D,D,B,B,D,D,B,B,D,D,0.7,turntaking
1587,turntaking,2,A,E,D,B,A,A,A,A,A,A,A,A,A,A,A,A,A,A,A,A,0.75,turntaking
1587,turntaking,3,B,A,B,D,B,B,D,D,B,B,B,B,D,D,B,B,D,D,B,B,0.75,turntaking
1587,caste,4,D,C,C,C,C,C,C,C,C,C,C,C,C,C,C,C,C,C,C,C,0.95,turntaking
1587,turntaking,5,D,D,E,E,E,E,E,E,E,E,E,E,E,E,E,E,E,E,E,E,0.75,turntaking
1587,caste,6,skip,E,B,A,E,A,D,B,E,A,B,D,E,A,B,D,E,A,B,D,0.0,turntaking
1588,caste,1,A,C,C,C,C,C,C,C,C,C,C,C,C,C,C,C,C,C,C,C,0.95,turntaking
1588,turntaking,2,A,A,A,A,A,A,A,A,A,A,A,A,A,A,A,A,A,A,A,A,0.7,turntaking
1588,turntaking,3,B,B,D,D,D,D,B,B,D,D,B,B,D,D,B,B,D,D,B,B,0.75,turntaking
1588,caste,4,D,B,E,A,B,D,E,A,B,D,E,A,B,D,E,A,B,D,E,A,0.0,turntaking
1588,turntaking,5,D,D,B,B,B,B,D,D,B,B,D,D,B,B,D,D,B,B,D,D,0.75,turntaking
1588,turntaking,6,E,E,E,E,E,E,E,E,E,E,E,E,E,E,E,E,E,E,E,E,0.75,turntaking
1589,turntaking,1,skip,D,C,C,D,D,C,C,D,B,E,E,B,B,C,C,B,D,E,E,0.7,turntaking
1589,caste,2,B,A,A,A,A,A,A,A,A,A,A,A,A,A,A,A,A,A,A,A,0.95,turntaking
1589,turntaking,3,B,B,E,E,E,E,E,E,E,E,D,D,D,C,D,D,D,E,B,B,0.75,turntaking
1589,turntaking,4,C,E,B,B,B,B,B,B,C,C,C,C,E,E,E,E,C,C,C,C,0.75,turntaking
1589,turntaking,5,D,C,D,D,C,C,D,D,B,D,B,B,C,D,B,B,E,B,D,D,0.75,turntaking
1589,caste,6,skip,E,D,C,E,B,D,C,E,C,B,E,D,E,B,C,D,C,D,E,0.0,turntaking
1590,caste,1,A,D,D,D,D,D,D,D,D,D,D,D,D,D,D,D,D,D,D,D,0.95,turntaking
1590,turntaking,2,A,A,A,A,A,A,A,A,A,A,A,A,A,A,A,A,A,A,A,A,0.7,turntaking
1590,turntaking,3,B,B,E,C,B,B,C,B,E,E,B,C,B,B,C,E,C,C,E,B,0.75,turntaking
1590,turntaking,4,C,C,C,E,E,E,E,E,C,C,C,B,E,E,E,C,B,B,B,E,0.75,turntaking
1590,caste,5,E,B,C,A,C,B,E,A,B,E,C,A,C,B,E,A,E,C,B,A,0.0,turntaking
1590,turntaking,6,E,E,B,B,C,C,B,C,B,B,E,E,C,C,B,B,E,E,C,C,0.75,turntaking
1591,turntaking,1,skip,E,E,C,A,B,B,A,B,B,B,B,B,D,E,E,E,A,A,A,0.65,turntaking
1591,equalize,2,B,B,A,D,E,D,B,D,D,B,D,E,D,B,C,D,E,D,B,D,0.4,turntaking
1591,equalize,3,C,A,E,A,D,A,D,C,E,D,A,D,C,D,D,A,D,C,D,A,0.4,turntaking
1591,turntaking,4,C,C,B,A,B,C,C,D,A,A,A,A,A,B,B,C,C,C,C,E,0.7,turntaking
1591,turntaking,5,D,B,C,E,E,E,A,C,C,E,E,E,E,A,C,B,B,B,B,C,0.7,turntaking
1591,turntaking,6,E,D,A,B,C,A,E,B,E,C,C,C,C,E,A,A,A,E,E,D,0.7,turntaking
1592,turntaking,1,skip,D,A,B,A,A,A,A,A,E,E,E,D,D,E,E,B,A,A,A,0.7,turntaking
1592,turntaking,2,A,E,C,E,D,D,C,D,D,D,A,A,A,A,A,C,D,D,D,D,0.7,turntaking
1592,equalize,3,C,B,D,B,B,E,B,C,B,E,B,C,E,C,B,C,C,E,C,B,0.4,turntaking
1592,turntaking,4,C,C,E,A,C,C,D,C,C,A,B,B,B,B,B,D,E,E,E,E,0.7,turntaking
1592,turntaking,5,D,A,D,C,E,E,E,E,E,B,D,D,E,E,D,A,A,B,B,B,0.7,turntaking
1592,equalize,6,skip,E,B,A,D,B,A,B,D,B,C,A,C,D,C,A,B,C,D,C,0.4,turntaking
1593,turntaking,1,skip,E,E,D,E,D,D,D,D,D,D,D,D,C,A,A,A,B,B,B,0.65,turntaking
1593,turntaking,2,A,A,D,A,A,A,A,B,B,B,B,B,B,B,E,D,D,D,D,E,0.7,turntaking
1593,equalize,3,C,A,B,C,A,C,D,C,C,D,C,B,C,D,E,C,A,C,D,C,0.4,turntaking
1593,equalize,4,D,B,E,B,C,E,C,B,E,C,A,C,E,C,C,B,C,E,C,B,0.4,turntaking
1593,turntaking,5,D,D,A,B,B,B,B,C,A,A,A,A,A,D,D,E,E,E,E,A,0.7,turntaking
1593,turntaking,6,E,C,B,E,D,E,E,A,E,E,E,E,E,A,B,B,B,A,A,C,0.7,turntaking
1594,turntaking,1,skip,C,C,A,D,C,C,C,D,D,D,E,E,E,E,E,D,C,C,C,0.7,turntaking
1594,equalize,2,B,A,D,A,A,D,A,B,A,D,E,A,B,A,D,A,A,E,A,D,0.4,turntaking
1594,turntaking,3,B,B,D,E,C,D,D,D,C,A,B,B,B,B,B,C,C,D,D,D,0.65,turntaking
1594,turntaking,4,C,D,E,D,B,E,E,E,E,B,C,C,C,C,C,A,B,B,B,B,0.7,turntaking
1594,equalize,5,E,D,A,C,B,A,C,A,E,A,A,C,A,E,A,C,D,A,B,A,0.4,turntaking
1594,turntaking,6,E,E,B,C,E,B,B,B,B,C,E,D,D,D,D,B,E,E,E,E,0.7,turntaking
1595,turntaking,1,skip,A,A,B,D,A,A,D,A,A,A,E,E,E,C,C,D,A,D,A,0.7,turntaking
1595,turntaking,2,A,D,E,D,C,E,E,C,C,C,D,D,D,D,A,B,E,E,E,C,0.7,turntaking
1595,equalize,3,C,B,D,B,B,D,B,E,B,A,E,B,C,B,D,B,B,C,B,D,0.4,turntaking
1595,turntaking,4,C,C,D,E,A,D,D,A,D,B,C,C,C,C,E,A,A,D,A,D,0.65,turntaking
1595,equalize,5,E,D,B,A,C,B,A,B,C,B,B,D,B,E,B,A,D,B,E,B,0.4,turntaking
1595,turntaking,6,E,E,C,A,E,C,C,E,E,D,E,A,A,A,D,E,C,C,C,E,0.7,turntaking
1596,turntaking,1,skip,E,E,E,B,B,E,C,E,E,E,E,E,B,B,B,B,B,B,B,0.7,turntaking
1596,turntaking,2,A,A,A,D,D,D,D,E,A,A,A,A,A,E,D,D,D,D,D,A,0.7,turntaking
1596,turntaking,3,B,B,D,A,A,A,A,D,D,D,D,D,D,A,E,E,E,E,E,C,0.7,turntaking
1596,turntaking,4,C,C,B,B,E,E,B,A,B,B,B,B,B,C,A,A,A,A,A,E,0.7,turntaking
1596,equalize,5,E,A,D,C,D,C,B,C,C,B,C,A,C,B,D,C,A,C,D,C,0.4,turntaking
1596,equalize,6,skip,D,B,E,C,A,C,E,D,C,E,C,D,C,C,E,C,B,C,E,0.4,turntaking
1597,equalize,1,A,C,A,E,B,E,D,E,E,B,E,D,E,B,A,E,D,E,B,E,0.4,turntaking
1597,equalize,2,B,A,D,A,E,C,E,A,D,E,C,E,A,E,E,C,E,A,E,C,0.4,turntaking
1597,turntaking,3,B,B,B,A,A,A,A,E,C,C,C,B,C,B,B,A,A,A,A,D,0.7,turntaking
1597,turntaking,4,C,C,C,B,B,B,B,A,A,D,D,D,D,C,A,B,B,B,B,A,0.7,turntaking
1597,turntaking,5,D,D,A,C,C,C,C,B,D,A,A,A,A,D,C,C,C,C,C,E,0.7,turntaking
1597,turntaking,6,E,E,D,D,D,D,D,C,B,B,B,C,B,E,D,D,D,D,D,C,0.7,turntaking
1598,equalize,1,A,B,E,B,B,C,B,E,B,E,A,B,C,B,E,B,B,C,B,E,0.4,turntaking
1598,turntaking,2,A,A,A,B,D,D,D,C,E,E,E,A,A,A,A,C,E,D,C,C,0.7,turntaking
1598,equalize,3,C,D,B,A,E,B,D,B,A,B,B,D,B,A,B,D,E,B,A,B,0.4,turntaking
1598,turntaking,4,C,C,C,A,A,E,E,E,C,D,A,E,E,E,E,A,C,C,D,D,0.7,turntaking
1598,turntaking,5,D,D,D,C,E,A,A,A,A,C,D,D,D,D,D,B,A,A,A,A,0.7,turntaking
1598,turntaking,6,E,E,E,D,C,C,C,D,D,B,C,C,C,C,C,D,D,E,E,E,0.7,turntaking
1599,equalize,1,A,E,C,E,E,A,E,C,E,A,B,E,B,E,A,E,E,B,E,A,0.4,turntaking
1599,turntaking,2,A,A,A,D,D,B,C,C,B,C,B,A,A,A,A,D,B,B,C,C,0.7,turntaking
1599,turntaking,3,B,B,B,A,B,D,D,D,D,D,C,C,C,C,C,E,D,D,D,D,0.7,turntaking
1599,turntaking,4,C,C,C,C,A,A,A,A,A,E,D,B,B,B,B,C,C,A,A,A,0.7,turntaking
1599,turntaking,5,D,D,D,E,C,C,B,B,C,A,A,D,D,D,D,B,A,C,B,B,0.75,turntaking
1599,equalize,6,skip,B,E,D,B,E,B,E,D,E,E,C,E,D,E,C,A,E,D,E,0.4,turntaking
1600,turntaking,1,skip,E,E,A,B,E,E,B,E,E,E,D,D,D,D,B,E,C,C,C,0.7,turntaking
1600,equalize,2,B,A,C,A,A,B,A,C,A,E,D,A,C,A,E,A,A,B,A,E,0.4,turntaking
1600,turntaking,3,B,B,C,D,E,B,B,E,B,A,C,C,C,C,C,C,C,E,E,E,0.65,turntaking
1600,equalize,4,D,C,A,E,C,A,E,A,D,A,A,B,A,D,A,C,E,A,D,A,0.4,turntaking
1600,turntaking,5,D,D,B,E,D,C,C,C,C,B,D,E,E,E,E,D,B,B,B,B,0.7,turntaking
1600,turntaking,6,E,C,D,B,C,D,D,D,D,C,B,B,B,B,B,A,D,D,D,D,0.7,turntaking
1601,turntaking,1,skip,D,D,E,E,E,E,E,D,D,D,D,D,B,E,E,E,A,E,E,0.65,turntaking
1601,turntaking,2,A,A,E,D,D,D,D,C,C,A,A,A,E,A,C,D,D,D,D,C,0.7,turntaking
1601,turntaking,3,B,B,C,A,A,A,A,D,A,C,C,C,C,E,A,A,A,E,A,B,0.7,turntaking
1601,equalize,4,D,A,C,B,D,B,E,B,B,D,B,A,B,D,C,B,E,B,D,B,0.4,turntaking
1601,equalize,5,E,C,D,C,B,A,B,C,A,B,E,B,C,B,B,A,B,C,B,E,0.4,turntaking
1601,turntaking,6,E,E,A,C,C,C,C,B,E,E,E,E,A,D,D,C,C,C,C,A,0.7,turntaking
1602,turntaking,1,skip,B,A,C,B,B,B,B,B,E,A,E,A,A,E,E,C,B,B,B,0.7,turntaking
1602,turntaking,2,A,E,D,E,E,E,D,A,A,A,B,B,B,B,B,D,A,A,A,E,0.7,turntaking
1602,turntaking,3,B,A,B,B,D,D,A,E,E,C,E,A,E,E,A,B,B,C,C,C,0.7,turntaking
1602,equalize,4,D,C,B,C,C,D,C,D,C,E,C,D,E,D,C,D,D,E,D,C,0.4,turntaking
1602,turntaking,5,D,D,E,A,A,A,E,D,D,B,C,C,C,C,C,A,E,E,E,A,0.7,turntaking
1602,equalize,6,skip,E,C,A,E,C,B,C,A,C,D,B,D,A,D,B,C,D,A,D,0.4,turntaking
1603,equalize,1,A,C,E,C,C,B,C,E,C,D,A,C,B,C,D,C,C,B,C,D,0.4,turntaking
1603,turntaking,2,A,A,A,C,D,D,D,B,D,D,D,A,A,A,A,B,D,E,E,E,0.7,turntaking
1603,turntaking,3,B,B,D,B,E,A,A,A,A,E,E,E,E,E,E,C,A,A,A,A,0.7,turntaking
1603,equalize,4,D,B,C,A,E,C,D,C,A,C,C,E,C,A,C,E,D,C,A,C,0.4,turntaking
1603,turntaking,5,D,D,B,A,A,E,E,E,E,B,A,D,D,D,D,A,B,B,B,B,0.7,turntaking
1603,turntaking,6,E,E,E,D,B,B,B,D,B,C,B,B,B,B,B,E,E,D,D,D,0.7,turntaking
1604,turntaking,1,skip,D,C,A,B,B,B,B,B,E,E,E,C,C,E,E,A,B,E,E,0.7,turntaking
1604,equalize,2,B,A,D,A,A,E,A,C,A,E,D,A,E,A,D,A,D,E,D,A,0.4,turntaking
1604,turntaking,3,B,B,E,C,C,C,C,C,C,B,D,D,D,D,D,C,E,E,B,B,0.7,turntaking
1604,turntaking,4,C,E,B,E,D,D,D,D,D,C,B,B,B,B,B,A,C,C,C,C,0.7,turntaking
1604,turntaking,5,D,C,D,B,E,E,E,E,E,A,C,C,E,E,C,B,B,A,A,A,0.7,turntaking
1604,equalize,6,skip,E,A,C,D,A,B,A,D,A,A,B,A,C,A,B,A,D,C,D,0.4,turntaking
1605,equalize,1,A,D,C,D,D,C,D,E,D,A,C,D,E,D,C,D,D,E,D,C,0.4,turntaking
1605,turntaking,2,A,A,A,D,B,B,B,B,A,A,A,A,A,A,A,E,C,B,B,B,0.7,turntaking
1605,turntaking,3,B,B,E,C,E,A,C,C,C,E,B,B,B,C,B,D,A,A,A,A,0.7,turntaking
1605,turntaking,4,C,C,C,B,C,C,A,A,B,D,E,E,E,E,E,B,B,C,C,C,0.7,turntaking
1605,equalize,5,E,B,D,A,E,D,B,D,C,D,D,B,D,A,D,B,C,D,A,D,0.4,turntaking
1605,turntaking,6,E,E,B,A,A,E,E,E,E,B,C,C,C,B,C,A,E,E,E,E,0.7,turntaking
1606,turntaking,1,skip,E,C,B,A,A,skip,E,E,E,E,E,skip,B,C,C,A,E,skip,B,0.8,draw
1606,turntaking,2,A,skip,D,D,D,D,A,skip,C,C,D,A,E,skip,B,D,C,A,E,skip,0.8,draw
1606,turntaking,3,B,A,skip,E,C,B,D,A,skip,B,C,D,A,E,skip,B,D,C,A,E,0.85,draw
1606,turntaking,4,C,B,A,skip,E,C,B,D,A,skip,B,C,D,A,E,skip,B,D,C,A,0.85,draw
1606,turntaking,5,D,C,B,A,skip,E,C,B,D,A,skip,B,C,D,A,E,skip,B,D,C,0.85,draw
1606,turntaking,6,E,D,E,C,B,skip,E,C,B,D,A,skip,B,C,D,A,E,skip,B,D,0.85,draw
1607,turntaking,1,skip,E,C,B,A,A,skip,E,E,E,E,E,skip,B,C,C,A,E,skip,B,0.8,draw
1607,turntaking,2,A,skip,D,D,D,D,A,skip,C,C,D,A,E,skip,B,D,C,A,E,skip,0.8,draw
1607,turntaking,3,B,A,skip,E,C,B,D,A,skip,B,C,D,A,E,skip,B,D,C,A,E,0.85,draw
1607,turntaking,4,C,B,A,skip,E,C,B,D,A,skip,B,C,D,A,E,skip,B,D,C,A,0.85,draw
1607,turntaking,5,D,C,B,A,skip,E,C,B,D,A,skip,B,C,D,A,E,skip,B,D,C,0.85,draw
1607,turntaking,6,E,D,E,C,B,skip,E,C,B,D,A,skip,B,C,D,A,E,skip,B,D,0.85,draw
1608,turntaking,1,skip,E,C,B,A,A,skip,E,E,E,E,E,skip,B,C,C,A,E,skip,B,0.8,draw
1608,turntaking,2,A,skip,D,D,D,D,A,skip,C,C,D,A,E,skip,B,D,C,A,E,skip,0.8,draw
1608,turntaking,3,B,A,skip,E,C,B,D,A,skip,B,C,D,A,E,skip,B,D,C,A,E,0.85,draw
1608,turntaking,4,C,B,A,skip,E,C,B,D,A,skip,B,C,D,A,E,skip,B,D,C,A,0.85,draw
1608,turntaking,5,D,C,B,A,skip,E,C,B,D,A,skip,B,C,D,A,E,skip,B,D,C,0.85,draw
1608,turntaking,6,E,D,E,C,B,skip,E,C,B,D,A,skip,B,C,D,A,E,skip,B,D,0.85,draw
1609,turntaking,1,skip,E,C,B,A,A,skip,E,E,E,E,E,skip,B,C,C,A,E,skip,B,0.8,draw
1609,turntaking,2,A,skip,D,D,D,D,A,skip,C,C,D,A,E,skip,B,D,C,A,E,skip,0.8,draw
1609,turntaking,3,B,A,skip,E,C,B,D,A,skip,B,C,D,A,E,skip,B,D,C,A,E,0.85,draw
1609,turntaking,4,C,B,A,skip,E,C,B,D,A,skip,B,C,D,A,E,skip,B,D,C,A,0.85,draw
1609,turntaking,5,D,C,B,A,skip,E,C,B,D,A,skip,B,C,D,A,E,skip,B,D,C,0.85,draw
1609,turntaking,6,E,D,E,C,B,skip,E,C,B,D,A,skip,B,C,D,A,E,skip,B,D,0.85,draw
1610,turntaking,1,skip,E,C,B,A,A,skip,E,E,E,E,E,skip,B,C,C,A,E,skip,B,0.8,draw
1610,turntaking,2,A,skip,D,D,D,D,A,skip,C,C,D,A,E,skip,B,D,C,A,E,skip,0.8,draw
1610,turntaking,3,B,A,skip,E,C,B,D,A,skip,B,C,D,A,E,skip,B,D,C,A,E,0.85,draw
1610,turntaking,4,C,B,A,skip,E,C,B,D,A,skip,B,C,D,A,E,skip,B,D,C,A,0.85,draw
1610,turntaking,5,D,C,B,A,skip,E,C,B,D,A,skip,B,C,D,A,E,skip,B,D,C,0.85,draw
1610,turntaking,6,E,D,E,C,B,skip,E,C,B,D,A,skip,B,C,D,A,E,skip,B,D,0.85,draw
1611,turntaking,1,skip,E,C,B,A,A,skip,E,E,E,E,E,skip,B,C,C,A,E,skip,B,0.8,draw
1611,turntaking,2,A,skip,D,D,D,D,A,skip,C,C,D,A,E,skip,B,D,C,A,E,skip,0.8,draw
1611,turntaking,3,B,A,skip,E,C,B,D,A,skip,B,C,D,A,E,skip,B,D,C,A,E,0.85,draw
1611,turntaking,4,C,B,A,skip,E,C,B,D,A,skip,B,C,D,A,E,skip,B,D,C,A,0.85,draw
1611,turntaking,5,D,C,B,A,skip,E,C,B,D,A,skip,B,C,D,A,E,skip,B,D,C,0.85,draw
1611,turntaking,6,E,D,E,C,B,skip,E,C,B,D,A,skip,B,C,D,A,E,skip,B,D,0.85,draw
1612,turntaking,1,skip,E,C,B,A,A,skip,E,E,E,E,E,skip,B,C,C,A,E,skip,B,0.8,draw
1612,turntaking,2,A,skip,D,D,D,D,A,skip,C,C,D,A,E,skip,B,D,C,A,E,skip,0.8,draw
1612,turntaking,3,B,A,skip,E,C,B,D,A,skip,B,C,D,A,E,skip,B,D,C,A,E,0.85,draw
1612,turntaking,4,C,B,A,skip,E,C,B,D,A,skip,B,C,D,A,E,skip,B,D,C,A,0.85,draw
1612,turntaking,5,D,C,B,A,skip,E,C,B,D,A,skip,B,C,D,A,E,skip,B,D,C,0.85,draw
1612,turntaking,6,E,D,E,C,B,skip,E,C,B,D,A,skip,B,C,D,A,E,skip,B,D,0.85,draw
1613,turntaking,1,skip,E,C,B,A,A,skip,E,E,E,E,E,skip,B,C,C,A,E,skip,B,0.8,draw
1613,turntaking,2,A,skip,D,D,D,D,A,skip,C,C,D,A,E,skip,B,D,C,A,E,skip,0.8,draw
1613,turntaking,3,B,A,skip,E,C,B,D,A,skip,B,C,D,A,E,skip,B,D,C,A,E,0.85,draw
1613,turntaking,4,C,B,A,skip,E,C,B,D,A,skip,B,C,D,A,E,skip,B,D,C,A,0.85,draw
1613,turntaking,5,D,C,B,A,skip,E,C,B,D,A,skip,B,C,D,A,E,skip,B,D,C,0.85,draw
1613,turntaking,6,E,D,E,C,B,skip,E,C,B,D,A,skip,B,C,D,A,E,skip,B,D,0.85,draw
1614,turntaking,1,skip,E,C,B,A,A,skip,E,E,E,E,E,skip,B,C,C,A,E,skip,B,0.8,draw
1614,turntaking,2,A,skip,D,D,D,D,A,skip,C,C,D,A,E,skip,B,D,C,A,E,skip,0.8,draw
1614,turntaking,3,B,A,skip,E,C,B,D,A,skip,B,C,D,A,E,skip,B,D,C,A,E,0.85,draw
1614,turntaking,4,C,B,A,skip,E,C,B,D,A,skip,B,C,D,A,E,skip,B,D,C,A,0.85,draw
1614,turntaking,5,D,C,B,A,skip,E,C,B,D,A,skip,B,C,D,A,E,skip,B,D,C,0.85,draw
1614,turntaking,6,E,D,E,C,B,skip,E,C,B,D,A,skip,B,C,D,A,E,skip,B,D,0.85,draw
1615,turntaking,1,skip,E,C,B,A,A,skip,E,E,E,E,E,skip,B,C,C,A,E,skip,B,0.8,draw
1615,turntaking,2,A,skip,D,D,D,D,A,skip,C,C,D,A,E,skip,B,D,C,A,E,skip,0.8,draw
1615,turntaking,3,B,A,skip,E,C,B,D,A,skip,B,C,D,A,E,skip,B,D,C,A,E,0.85,draw
1615,turntaking,4,C,B,A,skip,E,C,B,D,A,skip,B,C,D,A,E,skip,B,D,C,A,0.85,draw
1615,turntaking,5,D,C,B,A,skip,E,C,B,D,A,skip,B,C,D,A,E,skip,B,D,C,0.85,draw
1615,turntaking,6,E,D,E,C,B,skip,E,C,B,D,A,skip,B,C,D,A,E,skip,B,D,0.85,draw
1616,turntaking,1,skip,E,C,B,A,A,skip,E,E,E,E,E,skip,B,C,C,A,E,skip,B,0.8,draw
1616,turntaking,2,A,skip,D,D,D,D,A,skip,C,C,D,A,E,skip,B,D,C,A,E,skip,0.8,draw
1616,turntaking,3,B,A,skip,E,C,B,D,A,skip,B,C,D,A,E,skip,B,D,C,A,E,0.85,draw
1616,turntaking,4,C,B,A,skip,E,C,B,D,A,skip,B,C,D,A,E,skip,B,D,C,A,0.85,draw
1616,turntaking,5,D,C,B,A,skip,E,C,B,D,A,skip,B,C,D,A,E,skip,B,D,C,0.85,draw
1616,turntaking,6,E,D,E,C,B,skip,E,C,B,D,A,skip,B,C,D,A,E,skip,B,D,0.85,draw
1617,turntaking,1,skip,E,C,B,A,A,skip,E,E,E,E,E,skip,B,C,C,A,E,skip,B,0.8,draw
1617,turntaking,2,A,skip,D,D,D,D,A,skip,C,C,D,A,E,skip,B,D,C,A,E,skip,0.8,draw
1617,turntaking,3,B,A,skip,E,C,B,D,A,skip,B,C,D,A,E,skip,B,D,C,A,E,0.85,draw
1617,turntaking,4,C,B,A,skip,E,C,B,D,A,skip,B,C,D,A,E,skip,B,D,C,A,0.85,draw
1617,turntaking,5,D,C,B,A,skip,E,C,B,D,A,skip,B,C,D,A,E,skip,B,D,C,0.85,draw
1617,turntaking,6,E,D,E,C,B,skip,E,C,B,D,A,skip,B,C,D,A,E,skip,B,D,0.85,draw
1618,turntaking,1,skip,E,C,B,A,A,skip,E,E,E,E,E,skip,B,C,C,A,E,skip,B,0.8,draw
1618,turntaking,2,A,skip,D,D,D,D,A,skip,C,C,D,A,E,skip,B,D,C,A,E,skip,0.8,draw
1618,turntaking,3,B,A,skip,E,C,B,D,A,skip,B,C,D,A,E,skip,B,D,C,A,E,0.85,draw
1618,turntaking,4,C,B,A,skip,E,C,B,D,A,skip,B,C,D,A,E,skip,B,D,C,A,0.85,draw
1618,turntaking,5,D,C,B,A,skip,E,C,B,D,A,skip,B,C,D,A,E,skip,B,D,C,0.85,draw
1618,turntaking,6,E,D,E,C,B,skip,E,C,B,D,A,skip,B,C,D,A,E,skip,B,D,0.85,draw
1619,turntaking,1,skip,E,C,B,A,A,skip,E,E,E,E,E,skip,B,C,C,A,E,skip,B,0.8,draw
1619,turntaking,2,A,skip,D,D,D,D,A,skip,C,C,D,A,E,skip,B,D,C,A,E,skip,0.8,draw
1619,turntaking,3,B,A,skip,E,C,B,D,A,skip,B,C,D,A,E,skip,B,D,C,A,E,0.85,draw
1619,turntaking,4,C,B,A,skip,E,C,B,D,A,skip,B,C,D,A,E,skip,B,D,C,A,0.85,draw
1619,turntaking,5,D,C,B,A,skip,E,C,B,D,A,skip,B,C,D,A,E,skip,B,D,C,0.85,draw
1619,turntaking,6,E,D,E,C,B,skip,E,C,B,D,A,skip,B,C,D,A,E,skip,B,D,0.85,draw
1620,turntaking,1,skip,E,C,B,A,A,skip,E,E,E,E,E,skip,B,C,C,A,E,skip,B,0.8,draw
1620,turntaking,2,A,skip,D,D,D,D,A,skip,C,C,D,A,E,skip,B,D,C,A,E,skip,0.8,draw
1620,turntaking,3,B,A,skip,E,C,B,D,A,skip,B,C,D,A,E,skip,B,D,C,A,E,0.85,draw
1620,turntaking,4,C,B,A,skip,E,C,B,D,A,skip,B,C,D,A,E,skip,B,D,C,A,0.85,draw
1620,turntaking,5,D,C,B,A,skip,E,C,B,D,A,skip,B,C,D,A,E,skip,B,D,C,0.85,draw
1620,turntaking,6,E,D,E,C,B,skip,E,C,B,D,A,skip,B,C,D,A,E,skip,B,D,0.85,draw
